门店名称,门店编号,门店所在城市,订单号,订单来源,订单类型,订单状态,下单时间,付款时间,接单时间,支付方式,取餐点,预约/即时单,预计送达时间,出餐时间（分）,出餐类型,就餐人数,团购订单,商品信息,商品明细,UserID,顾客昵称,电话号码,新老顾客,取餐号,桌台号,台卡号,订单备注,退款原因,商品总价（元）,预计收入（元）,优惠总额（元）,退款金额（元）,优惠券记账金额（元）,团购券记账总金额（元）,平台服务费,其他费用,配送费,优惠名称,团购活动名称,团购活动平台,团购类型,餐盒费,归属门店所属一级组织,归属门店所属二级组织,归属门店所属三级组织,礼品卡信息,是否团餐,团餐审批人,配送方式
圣比萨（瓯北立体城店）,SBM00003,温州,"8052000255663495564	",饿了么,平台外卖,已完成,2025-10-24 10:23:11,2025-10-24 10:23:11,2025-10-24 10:23:11,饿了么支付-在线支付,,即时单,2025-10-24 10:23:11,35.25,被动出餐,1,否,"咖喱金丝鸡排焗饭（52.00*1）,台式香烤地道肠（7.50*1）,薯饼3个（12.00*1）,餐盒（2.00*1）",咖喱金丝鸡排焗饭+地道肠1根+薯饼,,,,非会员,1,,,依据餐量提供餐具,,71.50,23.12,40.70,0.00,0,0,3.13,0.00,4.40,【活动支出】单品特价:23.10元+【活动支出】单品特价:3.60元+【活动支出】单品特价:9.00元+【活动支出】饿了么红包:5.00元+【活动支出】替用户承担配送费:4.4元,-,-,-,2.00,温州区域,温州加盟,,,否,-,平台配送
圣比萨（瓯北立体城店）,SBM00003,温州,"8036806089648259571	",饿了么,平台外卖,已完成,2025-10-24 12:05:23,2025-10-24 12:05:23,2025-10-24 12:05:23,饿了么支付-在线支付,,即时单,2025-10-24 12:05:23,17.83,手动出餐,1,否,奥尔良烤鸡肉披萨(7寸)-单点（20.61*1）,新奥尔良烤鸡肉披萨【7英寸(手拍)】,,,,非会员,2,,,依据餐量提供餐具,,20.61,13.21,0.00,0.00,0,0,0.00,0.00,,【活动支出】拼团反圈活动:0.00元,-,-,-,0.00,温州区域,温州加盟,,,否,-,平台配送
圣比萨（瓯北立体城店）,SBM00003,温州,"8009946089650937275	",饿了么,平台外卖,已完成,2025-10-24 12:12:55,2025-10-24 12:12:55,2025-10-24 12:12:55,饿了么支付-在线支付,,即时单,2025-10-24 12:12:55,14.38,手动出餐,1,否,"7英寸-奥尔良烤鸡肉披萨（42.00*1）,餐盒（2.00*1）",新奥尔良烤鸡肉披萨【7英寸(手拍)】,,,,非会员,3,,,依据餐量提供餐具,,42.00,10.03,26.50,0.00,0,0,1.52,0.00,3.90,【活动支出】单品特价:19.50元+【活动支出】饿了么红包:7.00元+【活动支出】替用户承担配送费:3.9元,-,-,-,2.00,温州区域,温州加盟,,,否,-,平台配送
圣比萨（瓯北立体城店）,SBM00003,温州,"8054986089631247791	",饿了么,平台外卖,已完成,2025-10-24 12:32:59,2025-10-24 12:32:59,2025-10-24 12:32:59,饿了么支付-在线支付,,即时单,2025-10-24 12:32:59,15.98,手动出餐,1,否,奥尔良烤鸡肉披萨(7寸)-单点（20.61*1）,新奥尔良烤鸡肉披萨【7英寸(手拍)】,,,,非会员,4,,,依据餐量提供餐具,,20.61,13.21,0.00,0.00,0,0,0.00,0.00,,【活动支出】拼团反圈活动:0.00元,-,-,-,0.00,温州区域,温州加盟,,,否,-,平台配送
圣比萨（瓯北立体城店）,SBM00003,温州,"8096916089682634071	",饿了么,平台外卖,已完成,2025-10-24 12:58:55,2025-10-24 12:58:55,2025-10-24 12:58:55,饿了么支付-在线支付,,即时单,2025-10-24 12:58:55,13.53,手动出餐,1,否,"小食拼盘（41.00*1）,【香蕉菠萝】9英寸缤纷水果披萨（75.00*1）,咸蛋黄风味流心卷边（9英寸）（6.90*1）,餐盒（4.00*1）",小吃拼盘+缤纷水果披萨【9英寸(手拍)】+咸蛋黄流沙卷边9,,,,非会员,5,,,3份餐具,,122.90,45.17,61.20,0.00,0,0,6.58,0.00,7.20,【活动支出】店铺满减:6.00元+【活动支出】单品特价:1.10元+【活动支出】单品特价:45.10元+【活动支出】饿了么红包:9.00元+【活动支出】替用户承担配送费:6.0元,-,-,-,4.00,温州区域,温州加盟,,,否,-,平台配送
圣比萨（瓯北立体城店）,SBM00003,温州,"8018506089688255937	",饿了么,平台外卖,已完成,2025-10-24 13:41:32,2025-10-24 13:41:32,2025-10-24 13:41:32,饿了么支付-在线支付,,即时单,2025-10-24 13:41:32,13.02,手动出餐,1,否,奥尔良烤鸡肉披萨(7寸)-单点（20.61*1）,新奥尔良烤鸡肉披萨【7英寸(手拍)】,,,,非会员,6,,,依据餐量提供餐具,,20.61,13.21,0.00,0.00,0,0,0.00,0.00,,【活动支出】拼团反圈活动:0.00元,-,-,-,0.00,温州区域,温州加盟,,,否,-,平台配送
圣比萨（瓯北立体城店）,SBM00003,温州,"8071886089694813607	",饿了么,平台外卖,已完成,2025-10-24 14:03:46,2025-10-24 14:03:46,2025-10-24 14:03:46,饿了么支付-在线支付,,即时单,2025-10-24 14:03:46,23.73,手动出餐,1,否,奥尔良烤鸡肉披萨(7寸)-单点（20.61*1）,新奥尔良烤鸡肉披萨【7英寸(手拍)】,,,,非会员,7,,,依据餐量提供餐具,,20.61,13.21,0.00,0.00,0,0,0.00,0.00,,【活动支出】拼团反圈活动:0.00元,-,-,-,0.00,温州区域,温州加盟,,,否,-,平台配送
圣比萨（瓯北立体城店）,SBM00003,温州,"8093300255819299178	",饿了么,平台外卖,已完成,2025-10-24 14:23:48,2025-10-24 14:23:48,2025-10-24 14:23:48,饿了么支付-在线支付,,即时单,2025-10-24 14:23:48,6.17,手动出餐,1,否,"番茄牛肉意面（52.00*1）,餐盒（1.00*1）",番茄牛肉意面,,,,非会员,8,,,1份餐具,,52.00,11.88,34.10,0.00,0,0,1.67,0.00,3.90,【活动支出】单品特价:28.10元+【活动支出】饿了么红包:6.00元+【活动支出】替用户承担配送费:3.9元,-,-,-,1.00,温州区域,温州加盟,,,否,-,平台配送
圣比萨（瓯北立体城店）,SBM00003,温州,"8094516089740649787	",饿了么,平台外卖,已完成,2025-10-24 16:10:04,2025-10-24 16:10:04,2025-10-24 16:10:04,饿了么支付-在线支付,,预约单,2025-10-24 17:10:00,41.32,手动出餐,1,否,"招牌肉酱芝士焗饭（52.00*1）,7英寸-奥尔良烤鸡肉披萨（42.00*1）,【新客福利】台式香烤地道肠（7.50*2）,餐盒（5.00*1）",招牌肉酱芝士焗饭+新奥尔良烤鸡肉披萨【7英寸(手拍)】,,,,非会员,9,,,洋葱香菜葱姜蒜都不要 / 依据餐量提供餐具,,109.00,34.52,65.11,0.00,0,0,4.82,0.00,3.90,【活动支出】店铺满减:6.00元+【活动支出】单品特价:24.10元+【活动支出】单品特价:19.50元+【活动支出】单品特价:6.51元+【活动支出】饿了么红包:9.00元+【活动支出】替用户承担配送费:3.9元,-,-,-,5.00,温州区域,温州加盟,,,否,-,平台配送
圣比萨（瓯北立体城店）,SBM00003,温州,"8058596089754674452	",饿了么,平台外卖,已完成,2025-10-24 16:34:45,2025-10-24 16:34:45,2025-10-24 16:34:46,饿了么支付-在线支付,,即时单,2025-10-24 16:34:45,11.35,手动出餐,1,否,"7英寸-奥尔良烤鸡肉披萨（42.00*1）,点击右上角❤️收藏得小吃[上校鸡块2个]（2.00*1）,餐盒（2.50*1）",新奥尔良烤鸡肉披萨【7英寸(手拍)】+上校鸡块2个,,,,非会员,10,,,"放电梯就行 , 不要辣 / 1份餐具",,44.00,10.56,28.40,0.00,0,0,1.59,0.00,3.90,【活动支出】单品特价:19.50元+【活动支出】单品特价:1.90元+【活动支出】 商家自营销加码:2.00元+【活动支出】饿了么红包:5.00元+【活动支出】替用户承担配送费:3.9元,-,-,-,2.50,温州区域,温州加盟,,,否,-,平台配送
圣比萨（瓯北立体城店）,SBM00003,温州,"8098040255873896804	",饿了么,平台外卖,已完成,2025-10-24 17:10:16,2025-10-24 17:10:16,2025-10-24 17:10:16,饿了么支付-在线支付,,即时单,2025-10-24 17:10:16,7.12,手动出餐,1,否,"浪漫威尼斯披萨-7英寸(手拍)[{""name"":""规格"",""value"":""7英寸(手拍)""}]（42.00*1）,餐盒（1.00*1）",浪漫威尼斯披萨,,,,非会员,11,,,依据餐量提供餐具,,42.00,15.76,19.10,0.00,0,0,2.19,0.00,3.90,【活动支出】单品特价:12.10元+【活动支出】饿了么红包:7.00元+【活动支出】替用户承担配送费:3.9元,-,-,-,1.00,温州区域,温州加盟,,,否,-,平台配送
圣比萨（瓯北立体城店）,SBM00003,温州,"8040586089786578187	",饿了么,平台外卖,已完成,2025-10-24 17:57:49,2025-10-24 17:57:49,2025-10-24 17:57:49,饿了么支付-在线支付,,即时单,2025-10-24 17:57:49,7.05,手动出餐,1,否,番茄牛肉意面-单点（19.99*1）,番茄牛肉意面,,,,非会员,12,,,依据餐量提供餐具,,19.99,12.59,0.00,0.00,0,0,0.00,0.00,,【活动支出】拼团反圈活动:0.00元,-,-,-,0.00,温州区域,温州加盟,,,否,-,平台配送
圣比萨（瓯北立体城店）,SBM00003,温州,"8084160255814841815	",饿了么,平台外卖,已完成,2025-10-24 18:13:29,2025-10-24 18:13:29,2025-10-24 18:13:29,饿了么支付-在线支付,,即时单,2025-10-24 18:13:29,13.65,手动出餐,1,否,"任选焗饭3选1+小吃5选1+饮料[招牌肉酱芝士焗饭+上校鸡块4个+芒果汁]（57.00*1）,餐盒（2.00*1）",招牌肉酱芝士焗饭+上校鸡块+芒果汁,,,,非会员,13,,,不要辣 / 依据餐量提供餐具,,57.00,18.44,32.10,0.00,0,0,2.51,0.00,3.90,【活动支出】单品特价:25.10元+【活动支出】饿了么红包:7.00元+【活动支出】替用户承担配送费:3.9元,-,-,-,2.00,温州区域,温州加盟,,,否,-,平台配送
圣比萨（瓯北立体城店）,SBM00003,温州,"8037566089815482791	",饿了么,平台外卖,已完成,2025-10-24 18:15:43,2025-10-24 18:15:43,2025-10-24 18:15:43,饿了么支付-在线支付,,即时单,2025-10-24 18:15:43,21.43,手动出餐,1,否,"蛋挞一个（原味）（5.00*1）,7英寸-奥尔良烤鸡肉披萨（42.00*1）,【肥宅快乐水】小可乐（5.00*1）,保温袋1个（远距离建议加购）（10.00*1）,点击右上角❤️收藏得小吃[上校鸡块2个]（2.00*1）,餐盒（3.50*1）",蛋挞1个+新奥尔良烤鸡肉披萨【7英寸(手拍)】+小可乐+保温袋+上校鸡块2个,,,,非会员,14,,,依据餐量提供餐具,,64.00,14.10,44.11,0.00,0,0,2.14,0.00,3.90,【活动支出】单品特价:4.01元+【活动支出】单品特价:19.50元+【活动支出】单品特价:2.20元+【活动支出】单品特价:9.50元+【活动支出】单品特价:1.90元+【活动支出】饿了么红包:7.00元+【活动支出】替用户承担配送费:3.9元,-,-,-,3.50,温州区域,温州加盟,,,否,-,平台配送
圣比萨（瓯北立体城店）,SBM00003,温州,"8063310255925151009	",饿了么,平台外卖,已完成,2025-10-24 18:20:28,2025-10-24 18:20:28,2025-10-24 18:20:28,饿了么支付-在线支付,,即时单,2025-10-24 18:20:28,6.50,手动出餐,1,否,"番茄牛肉意面（52.00*1）,餐盒（1.00*1）",番茄牛肉意面,,,,非会员,15,,,1份餐具,,52.00,12.78,33.10,0.00,0,0,1.77,0.00,3.90,【活动支出】单品特价:28.10元+【活动支出】吃货豆兑换的商家券:5.00元+【活动支出】替用户承担配送费:3.9元,-,-,-,1.00,温州区域,温州加盟,,,否,-,平台配送
圣比萨（瓯北立体城店）,SBM00003,温州,"8011716089806062995	",饿了么,平台外卖,已完成,2025-10-24 18:51:59,2025-10-24 18:51:59,2025-10-24 18:51:59,饿了么支付-在线支付,,即时单,2025-10-24 18:51:59,18.50,手动出餐,1,否,"【随心拼】7英寸披萨(口味自选）[培根鸡肉+奥尔良]（54.00*1）,点击右上角❤️收藏得小吃[上校鸡块2个]（2.00*1）,餐盒（2.50*1）",双拼7寸【碳烤鸡肉培根口味7】+双拼7寸【奥尔良口味7】+上校鸡块2个,,,,非会员,16,,,依据餐量提供餐具,,56.00,14.14,36.40,0.00,0,0,2.01,0.00,3.90,【活动支出】单品特价:27.50元+【活动支出】单品特价:1.90元+【活动支出】饿了么红包:7.00元+【活动支出】替用户承担配送费:3.9元,-,-,-,2.50,温州区域,温州加盟,,,否,-,平台配送
圣比萨（瓯北立体城店）,SBM00003,温州,"8045966089872300433	",饿了么,平台外卖,已完成,2025-10-24 19:43:21,2025-10-24 19:43:21,2025-10-24 19:43:22,饿了么支付-在线支付,,即时单,2025-10-24 19:43:21,13.08,手动出餐,1,否,"【经典之王】9英寸圣比招牌披萨（79.00*1）,餐盒（2.00*1）",大圣招牌大满贯披萨【9英寸(手拍)】,,,,非会员,17,,,依据餐量提供餐具,,79.00,20.53,51.10,0.00,0,0,2.82,0.00,3.90,【活动支出】店铺满减:1.00元+【活动支出】单品特价:41.10元+【活动支出】饿了么红包:9.00元+【活动支出】替用户承担配送费:3.9元,-,-,-,2.00,温州区域,温州加盟,,,否,-,平台配送
圣比萨（瓯北立体城店）,SBM00003,温州,"8094876089856274719	",饿了么,平台外卖,已完成,2025-10-24 19:52:26,2025-10-24 19:52:26,2025-10-24 19:52:26,饿了么支付-在线支付,,即时单,2025-10-24 19:52:26,9.95,手动出餐,1,否,奥尔良烤鸡肉披萨(7寸)-单点（20.61*1）,新奥尔良烤鸡肉披萨【7英寸(手拍)】,,,,非会员,18,,,依据餐量提供餐具,,20.61,13.21,0.00,0.00,0,0,0.00,0.00,,【活动支出】拼团反圈活动:0.00元,-,-,-,0.00,温州区域,温州加盟,,,否,-,平台配送
圣比萨（瓯北立体城店）,SBM00003,温州,"8038420256067023259	",饿了么,平台外卖,已完成,2025-10-24 19:59:22,2025-10-24 19:59:22,2025-10-24 19:59:23,饿了么支付-在线支付,,即时单,2025-10-24 19:59:22,9.35,手动出餐,1,否,"点击右上角❤️收藏得小吃[上校鸡块2个]（2.00*1）,奥尔良烤鸡肉披萨-7英寸(手拍)[{""name"":""规格"",""value"":""7英寸(手拍)""}]（45.00*1）,餐盒（1.50*1）",上校鸡块2个+新奥尔良烤鸡肉披萨,,,,非会员,19,,,无需餐具,,47.00,11.52,30.00,0.00,0,0,1.63,0.00,3.90,【活动支出】单品特价:1.90元+【活动支出】单品特价:21.10元+【活动支出】 商家自营销加码:2.00元+【活动支出】饿了么红包:5.00元+【活动支出】替用户承担配送费:3.9元,-,-,-,1.50,温州区域,温州加盟,,,否,-,平台配送
圣比萨（瓯北立体城店）,SBM00003,温州,"8067886089864343011	",饿了么,平台外卖,已完成,2025-10-24 20:02:34,2025-10-24 20:02:34,2025-10-24 20:02:34,饿了么支付-在线支付,,即时单,2025-10-24 20:02:34,11.98,手动出餐,1,否,"牛魔王薄脆披萨-单层[{""name"":""规格"",""value"":""单层""}]（90.00*1）,餐盒（2.00*1）",牛魔王薄脆披萨,,,,非会员,20,,,2份餐具,,90.00,25.30,56.10,0.00,0,0,3.45,0.00,3.90,【活动支出】店铺满减:1.00元+【活动支出】单品特价:48.10元+【活动支出】 商家自营销加码:2.00元+【活动支出】饿了么红包:5.00元+【活动支出】替用户承担配送费:3.9元,-,-,-,2.00,温州区域,温州加盟,,,否,-,平台配送
圣比萨（白石店）,SBM00031,温州,"8095320255786405167	",饿了么,平台外卖,已完成,2025-10-24 11:03:45,2025-10-24 11:03:45,2025-10-24 11:03:46,饿了么支付-在线支付,,即时单,2025-10-24 11:03:45,9.87,手动出餐,1,否,"任选焗饭4选1+小吃6选1+饮料[咖喱鸡肉芝士焗饭+芝士菠萝挞1个+芒果汁+冷]（57.00*1）,餐盒（2.00*1）",咖喱鸡肉芝士焗饭+缤纷芝士挞【菠萝味】+芒果汁,,,,非会员,1,,,依据餐量提供餐具,,57.00,19.20,31.41,0.00,0,0,1.84,0.00,3.50,【活动支出】单品特价:23.41元+【活动支出】饿了么红包:8.00元+【活动支出】替用户承担配送费:3.5元,-,-,-,2.00,温州区域,温州加盟,,,否,-,平台配送
圣比萨（白石店）,SBM00031,温州,"8033300255794416043	",饿了么,平台外卖,已完成,2025-10-24 11:07:30,2025-10-24 11:07:30,2025-10-24 11:07:30,饿了么支付-在线支付,,即时单,2025-10-24 11:07:30,10.52,手动出餐,1,否,"藤椒金丝鸡排（10.88*1）,番茄牛肉意面（52.00*1）,餐盒（3.00*1）",金丝鸡排+番茄牛肉意面,,,,非会员,2,,,依据餐量提供餐具,,62.88,18.05,38.88,0.00,0,0,1.80,0.00,3.50,【活动支出】单品特价:2.38元+【活动支出】单品特价:29.50元+【活动支出】饿了么红包:7.00元+【活动支出】替用户承担配送费:3.5元,-,-,-,3.00,温州区域,温州加盟,,,否,-,平台配送
圣比萨（白石店）,SBM00031,温州,"8011490255828862220	",饿了么,平台外卖,已完成,2025-10-24 11:46:10,2025-10-24 11:46:10,2025-10-24 11:46:10,饿了么支付-在线支付,,即时单,2025-10-24 11:46:10,13.55,手动出餐,1,否,7寸日系照烧鸡披萨-单点（22.00*1）,日系照烧鸡披萨【7英寸(手拍)】,,,,非会员,3,,,依据餐量提供餐具,,22.00,12.00,0.00,0.00,0,0,0.00,0.00,,【活动支出】拼团反圈活动:0.00元,-,-,-,0.00,温州区域,温州加盟,,,否,-,平台配送
圣比萨（白石店）,SBM00031,温州,"8093490255777055180	",饿了么,平台外卖,已完成,2025-10-24 12:24:41,2025-10-24 12:24:41,2025-10-24 12:24:41,饿了么支付-在线支付,,即时单,2025-10-24 12:24:41,9.42,手动出餐,1,否,"招牌肉酱芝士焗饭（29.00*1）,餐盒（2.00*1）",招牌肉酱芝士焗饭,,,,非会员,4,,,依据餐量提供餐具,,29.00,12.22,11.40,0.00,0,0,1.43,0.00,3.50,【活动支出】单品特价:4.40元+【活动支出】超级会员专享红包:5.00元+【活动支出】 商家自营销加码:2.00元+【活动支出】替用户承担配送费:3.5元,-,-,-,2.00,温州区域,温州加盟,,,否,-,平台配送
圣比萨（白石店）,SBM00031,温州,"8035360255681290599	",饿了么,平台外卖,已完成,2025-10-24 12:41:19,2025-10-24 12:41:19,2025-10-24 12:41:19,饿了么支付-在线支付,,即时单,2025-10-24 12:41:19,9.43,手动出餐,1,否,"咖喱鸡肉焗饭（32.00*1）,奥尔良烤翅（14.00*1）,可乐[常温]（5.00*1）,餐盒（4.00*1）",咖喱鸡肉芝士焗饭+奥尔良烤翅+可乐,,,,非会员,5,,,依据餐量提供餐具,,51.00,33.30,8.92,0.00,0,0,3.23,0.00,3.50,【活动支出】店铺满减:1.00元+【活动支出】单品特价:5.40元+【活动支出】单品特价:2.52元+【活动支出】替用户承担配送费:3.5元,-,-,-,4.00,温州区域,温州加盟,,,否,-,平台配送
圣比萨（白石店）,SBM00031,温州,"8080230255680207304	",饿了么,平台外卖,已完成,2025-10-24 12:48:35,2025-10-24 12:48:35,2025-10-24 12:48:36,饿了么支付-在线支付,,即时单,2025-10-24 12:48:35,10.73,手动出餐,1,否,"任选焗饭4选1+小吃6选1+饮料[咖喱鸡肉芝士焗饭+藤桥金丝鸡排+柠檬茶+常温]（57.00*1）,餐盒（2.00*1）",咖喱鸡肉芝士焗饭+柠檬茶,,,,非会员,6,,,依据餐量提供餐具,,57.00,17.35,33.41,0.00,0,0,1.69,0.00,3.50,【活动支出】单品特价:23.41元+【活动支出】粉丝群:2.00元+【活动支出】饿了么红包:8.00元+【活动支出】替用户承担配送费:3.5元,-,-,-,2.00,温州区域,温州加盟,,,否,-,平台配送
圣比萨（白石店）,SBM00031,温州,"8015280255833792983	",饿了么,平台外卖,已完成,2025-10-24 15:08:05,2025-10-24 15:08:05,2025-10-24 15:08:05,饿了么支付-在线支付,,即时单,2025-10-24 15:08:05,10.85,手动出餐,1,否,奥尔良烤鸡肉披萨(7寸)-单点（23.21*1）,新奥尔良烤鸡肉披萨【7英寸(手拍)】,,,,非会员,7,,,依据餐量提供餐具,,23.21,13.21,0.00,0.00,0,0,0.00,0.00,,【活动支出】拼团反圈活动:0.00元,-,-,-,0.00,温州区域,温州加盟,,,否,-,平台配送
圣比萨（白石店）,SBM00031,温州,"8063350255853009348	",饿了么,平台外卖,已完成,2025-10-24 15:52:17,2025-10-24 15:52:17,2025-10-24 15:52:17,饿了么支付-在线支付,,预约单,2025-10-24 17:10:00,60.57,手动出餐,1,否,"圣比至尊披萨-9英寸（经典手拍）[{""name"":""规格"",""value"":""9英寸（经典手拍）""}]（69.00*1）,餐盒（2.00*1）",大圣招牌大满贯披萨,,,,非会员,8,,,依据餐量提供餐具,,69.00,29.24,30.60,0.00,0,0,2.81,0.00,3.50,【活动支出】店铺满减:1.00元+【活动支出】单品特价:20.60元+【活动支出】CPS商户叠加券:0.00元+【活动支出】饿了么红包:9.00元+【活动支出】替用户承担配送费:3.5元,-,-,-,2.00,温州区域,温州加盟,,,否,-,平台配送
圣比萨（白石店）,SBM00031,温州,"8054846089761637711	",饿了么,平台外卖,已完成,2025-10-24 16:52:16,2025-10-24 16:52:16,2025-10-24 16:52:16,饿了么支付-在线支付,,即时单,2025-10-24 16:52:16,13.20,手动出餐,1,否,"奶香紫薯披萨-7英寸[{""name"":""规格"",""value"":""7英寸""}]（42.00*1）,金沙咸蛋黄嫩鸡披萨-7英寸[{""name"":""规格"",""value"":""7英寸""}]（45.00*1）,餐盒（2.00*1）",金沙咸蛋黄嫩鸡披萨,,,,非会员,9,,,2份餐具,,87.00,33.31,42.91,0.00,0,0,3.23,0.00,3.50,【活动支出】店铺满减:6.00元+【活动支出】单品特价:13.50元+【活动支出】单品特价:15.41元+【活动支出】饿了么红包:8.00元+【活动支出】替用户承担配送费:3.5元,-,-,-,2.00,温州区域,温州加盟,,,否,-,平台配送
圣比萨（白石店）,SBM00031,温州,"8041230255768041829	",饿了么,平台外卖,已完成,2025-10-24 16:57:38,2025-10-24 16:57:38,2025-10-24 16:57:39,饿了么支付-在线支付,,即时单,2025-10-24 16:57:38,17.78,手动出餐,1,否,"圣比至尊披萨-9英寸（经典手拍）[{""name"":""规格"",""value"":""9英寸（经典手拍）""}]（69.00*1）,红薯边（9英寸）（15.00*1）,香烤鸡翅-2只[{""name"":""规格"",""value"":""2只""}]（16.00*1）,餐盒（3.00*1）",大圣招牌大满贯披萨+香烤鸡翅,,,,非会员,10,,,依据餐量提供餐具,,100.00,48.24,37.20,0.00,0,0,4.71,0.00,5.00,【活动支出】店铺满减:6.00元+【活动支出】单品特价:20.60元+【活动支出】单品特价:2.60元+【活动支出】超级会员专享红包:8.00元+【活动支出】 商家自营销加码:0.00元+【活动支出】替用户承担配送费:5.0元,-,-,-,3.00,温州区域,温州加盟,,,否,-,平台配送
圣比萨（白石店）,SBM00031,温州,"8071966089785769239	",饿了么,平台外卖,已完成,2025-10-24 17:06:30,2025-10-24 17:06:30,2025-10-24 17:06:30,饿了么支付-在线支付,,即时单,2025-10-24 17:06:30,13.78,手动出餐,1,否,"超值一人套餐[金牌芝士7寸+洋葱圈6个+柠檬茶+常温]（57.00*1）,餐盒（2.00*1）",超值一人套餐[金牌芝士7寸+洋葱圈6个+柠檬茶+常温]+餐盒,,,,非会员,11,,,1份餐具,,57.00,21.19,28.60,0.00,0,0,2.06,0.00,3.50,【活动支出】店铺满减:1.00元+【活动支出】单品特价:20.60元+【活动支出】饿了么红包:7.00元+【活动支出】替用户承担配送费:3.5元,-,-,-,2.00,温州区域,温州加盟,,,否,-,平台配送
圣比萨（白石店）,SBM00031,温州,"8029310255771808031	",饿了么,平台外卖,已完成,2025-10-24 17:09:42,2025-10-24 17:09:42,2025-10-24 17:09:42,饿了么支付-在线支付,,即时单,2025-10-24 17:09:42,14.90,手动出餐,1,否,"经典薯条（18.00*1）,黑椒牛肉披萨-9英寸经典手拍[{""name"":""规格"",""value"":""9英寸经典手拍""}]（69.00*1）,餐盒（3.00*1）",经典薯条,,,,非会员,12,,,1份餐具,,87.00,35.06,42.02,0.00,0,0,3.37,0.00,3.50,【活动支出】店铺满减:6.00元+【活动支出】单品特价:6.52元+【活动支出】单品特价:20.50元+【活动支出】饿了么红包:9.00元+【活动支出】替用户承担配送费:3.5元,-,-,-,3.00,温州区域,温州加盟,,,否,-,平台配送
圣比萨（白石店）,SBM00031,温州,"8063806089783572953	",饿了么,平台外卖,已完成,2025-10-24 17:16:10,2025-10-24 17:16:10,2025-10-24 17:16:10,饿了么支付-在线支付,,即时单,2025-10-24 17:16:10,14.47,手动出餐,1,否,"番茄牛肉意面（52.00*1）,香烤鸡翅-2只[{""name"":""规格"",""value"":""2只""}]（16.00*1）,餐盒（3.00*1）",番茄牛肉意面+香烤鸡翅,,,,非会员,13,,,依据餐量提供餐具,,68.00,19.21,42.10,0.00,0,0,1.94,0.00,3.50,【活动支出】店铺满减:1.00元+【活动支出】单品特价:29.50元+【活动支出】单品特价:2.60元+【活动支出】 商家自营销加码:2.00元+【活动支出】粉丝群:2.00元+【活动支出】饿了么红包:5.00元+【活动支出】替用户承担配送费:3.5元,-,-,-,3.00,温州区域,温州加盟,,,否,-,平台配送
圣比萨（白石店）,SBM00031,温州,"8050896089775985994	",饿了么,平台外卖,已完成,2025-10-24 17:18:43,2025-10-24 17:18:43,2025-10-24 17:18:43,饿了么支付-在线支付,,即时单,2025-10-24 17:18:43,15.02,手动出餐,1,否,"蛋挞（2个）（10.00*1）,7寸披萨一人食土豪餐[牛肉至尊披萨7寸+上校鸡块+骨肉相连3串+芒果汁+热]（63.00*1）,餐盒（4.00*1）",蛋挞+炙热牛魔王披萨【7英寸(手拍)】+上校鸡块+芒果汁,,,,非会员,14,,,依据餐量提供餐具,,73.00,29.13,35.10,0.00,0,0,2.92,0.00,4.00,【活动支出】店铺满减:1.00元+【活动支出】单品特价:2.60元+【活动支出】单品特价:20.50元+【活动支出】粉丝群:2.00元+【活动支出】饿了么红包:9.00元+【活动支出】替用户承担配送费:4.0元,-,-,-,4.00,温州区域,温州加盟,,,否,-,平台配送
圣比萨（白石店）,SBM00031,温州,"8038130255882240385	",饿了么,平台外卖,已完成,2025-10-24 17:31:23,2025-10-24 17:31:23,2025-10-24 17:31:23,饿了么支付-在线支付,,即时单,2025-10-24 17:31:23,13.03,手动出餐,1,否,"金沙咸蛋黄嫩鸡披萨-7英寸[{""name"":""规格"",""value"":""7英寸""}]（45.00*1）,餐盒（1.00*1）",金沙咸蛋黄嫩鸡披萨,,,,非会员,15,,,依据餐量提供餐具,,45.00,15.50,22.41,0.00,0,0,1.54,0.00,3.50,【活动支出】单品特价:15.41元+【活动支出】 商家自营销加码:2.00元+【活动支出】CPS商户叠加券:0.00元+【活动支出】饿了么红包:5.00元+【活动支出】替用户承担配送费:3.5元,-,-,-,1.00,温州区域,温州加盟,,,否,-,平台配送
圣比萨（白石店）,SBM00031,温州,"8074966089839070497	",饿了么,平台外卖,已完成,2025-10-24 19:07:53,2025-10-24 19:07:53,2025-10-24 19:07:53,饿了么支付-在线支付,,即时单,2025-10-24 19:07:53,10.87,手动出餐,1,否,"碳烤鸡肉芝士焗饭（微甜）（29.00*1）,榴莲王披萨-7英寸（经典手拍）[{""name"":""规格"",""value"":""7英寸（经典手拍）""}]（52.00*1）,餐盒（3.00*1）",碳烤鸡肉芝士焗饭+榴莲王披萨,,,,非会员,16,,,依据餐量提供餐具,,81.00,38.59,30.90,0.00,0,0,3.76,0.00,3.50,【活动支出】店铺满减:6.00元+【活动支出】单品特价:5.40元+【活动支出】单品特价:11.50元+【活动支出】饿了么红包:8.00元+【活动支出】替用户承担配送费:3.5元,-,-,-,3.00,温州区域,温州加盟,,,否,-,平台配送
圣比萨（白石店）,SBM00031,温州,"8078090256062965019	",饿了么,平台外卖,已完成,2025-10-24 19:51:49,2025-10-24 19:51:49,2025-10-24 19:51:49,饿了么支付-在线支付,,即时单,2025-10-24 19:51:49,9.07,手动出餐,1,否,7寸日系照烧鸡披萨-单点（22.00*1）,日系照烧鸡披萨【7英寸(手拍)】,,,,非会员,17,,,依据餐量提供餐具,,22.00,12.00,0.00,0.00,0,0,0.00,0.00,,【活动支出】拼团反圈活动:0.00元,-,-,-,0.00,温州区域,温州加盟,,,否,-,平台配送
圣比萨（白石店）,SBM00031,温州,"8028450255889281422	",饿了么,平台外卖,已完成,2025-10-24 20:50:49,2025-10-24 20:50:49,2025-10-24 20:50:49,饿了么支付-在线支付,,即时单,2025-10-24 20:50:49,10.23,手动出餐,1,否,"奶香芝士条（45.00*1）,酸梅汁（8.00*1）,明星小食桶A（35.00*1）,餐盒（5.00*1）",金牌芝士披萨【7英寸(手拍)】+酸梅汁+明星小食桶A,,,,非会员,18,,,依据餐量提供餐具,,88.00,34.15,46.00,0.00,0,0,3.30,0.00,3.50,【活动支出】店铺满减:6.00元+【活动支出】单品特价:16.50元+【活动支出】单品特价:14.50元+【活动支出】饿了么红包:9.00元+【活动支出】替用户承担配送费:3.5元,-,-,-,5.00,温州区域,温州加盟,,,否,-,平台配送
圣比萨（白石店）,SBM00031,温州,"8058696089914525952	",饿了么,平台外卖,已完成,2025-10-24 22:36:05,2025-10-24 22:36:05,2025-10-24 22:36:05,饿了么支付-在线支付,,即时单,2025-10-24 22:36:05,18.00,手动出餐,1,否,"圣比至尊披萨-9英寸（经典手拍）[{""name"":""规格"",""value"":""9英寸（经典手拍）""}]（69.00*1）,缤纷芝士挞-香蕉味[{""name"":""规格"",""value"":""香蕉味""}]（7.00*1）,蛋挞（2个）（10.00*1）,芝士边（9英寸）（15.00*1）,餐盒（6.00*1）",大圣招牌大满贯披萨+缤纷芝士挞+蛋挞,,,,非会员,19,,,依据餐量提供餐具,,101.00,46.74,42.60,0.00,0,0,4.61,0.00,5.60,【活动支出】店铺满减:6.00元+【活动支出】单品特价:20.60元+【活动支出】单品特价:1.40元+【活动支出】单品特价:2.60元+【活动支出】饿了么红包:12.00元+【活动支出】替用户承担配送费:5.6元,-,-,-,6.00,温州区域,温州加盟,,,否,-,平台配送
圣比萨（白石店）,SBM00031,温州,"8092470256040085796	",饿了么,平台外卖,已完成,2025-10-24 23:42:26,2025-10-24 23:42:26,2025-10-24 23:42:27,饿了么支付-在线支付,,即时单,2025-10-24 23:42:26,10.22,手动出餐,1,否,"缤纷水果披萨-7英寸（经典手拍）[{""name"":""规格"",""value"":""7英寸（经典手拍）""}]（38.00*1）,餐盒（2.00*1）",缤纷水果披萨,,,,非会员,20,,,依据餐量提供餐具,,38.00,19.86,10.50,0.00,0,0,1.99,0.00,5.60,【活动支出】单品特价:10.50元+【活动支出】替用户承担配送费:5.6元,-,-,-,2.00,温州区域,温州加盟,,,否,-,平台配送
圣比萨（钱库店）,SBM00044,温州,"8029220255579291926	",饿了么,平台外卖,已退款,2025-10-24 10:39:58,2025-10-24 10:39:58,2025-10-24 10:39:58,饿了么支付-在线支付,,即时单,2025-10-24 10:39:58,6.15,手动出餐,1,否,"奶油培根意面（31.99*1）,餐盒（1.00*1）",奶油培根意面+餐盒,,,,非会员,1,,,麻烦封签再贴一个啦谢谢 / 依据餐量提供餐具,,31.99,-6.18,11.60,19.89,0,0,1.93,0.00,3.50,【活动支出】单品特价:4.60元+【活动支出】超级会员专享红包:5.00元+【活动支出】 商家自营销加码:2.00元+【活动支出】替用户承担配送费:3.5元,-,-,-,1.00,温州区域,温州加盟,,,否,-,平台配送
圣比萨（钱库店）,SBM00044,温州,"8071280255700973045	",饿了么,平台外卖,已完成,2025-10-24 11:04:28,2025-10-24 11:04:28,2025-10-24 11:04:29,饿了么支付-在线支付,,即时单,2025-10-24 11:04:28,4.10,手动出餐,1,否,"招牌肉酱意面（32.00*1）,餐盒（2.00*1）",招牌肉酱意面,,,,非会员,2,,,依据餐量提供餐具,,32.00,13.69,12.41,0.00,0,0,1.95,0.00,3.50,【活动支出】单品特价:5.41元+【活动支出】饿了么红包:7.00元+【活动支出】替用户承担配送费:3.5元,-,-,-,2.00,温州区域,温州加盟,,,否,-,平台配送
圣比萨（钱库店）,SBM00044,温州,"8072240255617233285	",饿了么,平台外卖,已完成,2025-10-24 11:23:19,2025-10-24 11:23:19,2025-10-24 11:23:19,饿了么支付-在线支付,,即时单,2025-10-24 11:23:19,11.57,手动出餐,1,否,"圣比招牌披萨-9寸(方形薄脆)[{""name"":""规格"",""value"":""9寸(方形薄脆)""}]（78.00*1）","圣比招牌披萨-9寸(方形薄脆)[{""name"":""规格"",""value"":""9寸(方形薄脆)""}]",,,,非会员,3,,,依据餐量提供餐具,,78.00,24.66,41.80,0.00,0,0,3.49,0.00,4.50,【活动支出】单品特价:41.80元+【活动支出】替用户承担配送费:4.5元,-,-,-,0.00,温州区域,温州加盟,,,否,-,平台配送
圣比萨（钱库店）,SBM00044,温州,"8029220255755503011	",饿了么,平台外卖,已完成,2025-10-24 11:58:24,2025-10-24 11:58:24,2025-10-24 11:58:24,饿了么支付-在线支付,,即时单,2025-10-24 11:58:24,6.77,手动出餐,1,否,"奶油培根意面（31.99*1）,餐盒（1.00*1）",奶油培根意面+餐盒,,,,非会员,4,,,麻烦封签再贴一个啦谢谢 / 依据餐量提供餐具,,31.99,13.71,11.60,0.00,0,0,1.93,0.00,3.50,【活动支出】单品特价:4.60元+【活动支出】超级会员专享红包:5.00元+【活动支出】 商家自营销加码:2.00元+【活动支出】替用户承担配送费:3.5元,-,-,-,1.00,温州区域,温州加盟,,,否,-,平台配送
圣比萨（钱库店）,SBM00044,温州,"8056010255645809132	",饿了么,平台外卖,已完成,2025-10-24 11:58:44,2025-10-24 11:58:44,2025-10-24 11:58:44,饿了么支付-在线支付,,即时单,2025-10-24 11:58:44,12.75,手动出餐,1,否,"日系照烧鸡披萨-7寸(经典手拍)[{""name"":""规格"",""value"":""7寸(经典手拍)""}]（45.00*1）,餐盒（2.00*1）",日系照烧鸡披萨,,,,非会员,5,,,依据餐量提供餐具,,45.00,16.59,21.50,0.00,0,0,2.36,0.00,3.50,【活动支出】单品特价:14.50元+【活动支出】 商家自营销加码:2.00元+【活动支出】饿了么红包:5.00元+【活动支出】替用户承担配送费:3.5元,-,-,-,2.00,温州区域,温州加盟,,,否,-,平台配送
圣比萨（钱库店）,SBM00044,温州,"8048180255680982309	",饿了么,平台外卖,已完成,2025-10-24 12:44:26,2025-10-24 12:44:26,2025-10-24 12:44:27,饿了么支付-在线支付,,即时单,2025-10-24 12:44:26,8.05,手动出餐,1,否,"新奥尔良烤鸡肉披萨7寸-单点[{""name"":""规格"",""value"":""单点""}]（22.00*1）",新奥尔良烤鸡肉披萨【7英寸(手拍)】,,,,非会员,6,,,-,,22.00,12.00,0.00,0.00,0,0,0.00,0.00,,【活动支出】拼团反圈活动:0.00元,-,-,-,0.00,温州区域,温州加盟,,,否,-,平台配送
圣比萨（钱库店）,SBM00044,温州,"8077916089711851779	",饿了么,平台外卖,已完成,2025-10-24 14:19:09,2025-10-24 14:19:09,2025-10-24 14:19:09,饿了么支付-在线支付,,即时单,2025-10-24 14:19:09,13.33,手动出餐,1,否,"圣比招牌披萨-9寸(方形薄脆)[{""name"":""规格"",""value"":""9寸(方形薄脆)""}]（78.00*1）","圣比招牌披萨-9寸(方形薄脆)[{""name"":""规格"",""value"":""9寸(方形薄脆)""}]",,,,非会员,7,,,依据餐量提供餐具,,78.00,25.56,41.80,0.00,0,0,3.49,0.00,3.50,【活动支出】单品特价:41.80元+【活动支出】替用户承担配送费:3.5元,-,-,-,0.00,温州区域,温州加盟,,,否,-,平台配送
圣比萨（钱库店）,SBM00044,温州,"8011566089692397845	",饿了么,平台外卖,已完成,2025-10-24 14:40:55,2025-10-24 14:40:55,2025-10-24 14:40:55,饿了么支付-在线支付,,即时单,2025-10-24 14:40:55,20.28,手动出餐,1,否,"榴莲王披萨-9英寸(经典手拍)[{""name"":""规格"",""value"":""9英寸(经典手拍)""}]（92.00*1）,港式奶茶[热]（10.00*1）,餐盒（2.00*1）",榴莲王披萨+港式奶茶,,,,非会员,8,,,2份餐具,,102.00,34.39,51.01,0.00,0,0,5.25,0.00,6.20,【活动支出】店铺满减:6.00元+【活动支出】单品特价:31.41元+【活动支出】单品特价:2.60元+【活动支出】精准营销:2.00元+【活动支出】饿了么红包:9.00元+【活动支出】替用户承担配送费:6.0元,-,-,-,2.00,温州区域,温州加盟,,,否,-,平台配送
圣比萨（钱库店）,SBM00044,温州,"8023586089739315681	",饿了么,平台外卖,已完成,2025-10-24 14:57:32,2025-10-24 14:57:32,2025-10-24 14:57:33,饿了么支付-在线支付,,即时单,2025-10-24 14:57:32,9.48,手动出餐,1,否,"7英寸披萨一人食土豪餐[圣比招牌披萨7英寸+上校鸡块4个+深海墨鱼丸3个+港式奶茶+冷]（70.00*1）,餐盒（2.00*1）",大圣招牌大满贯披萨【7英寸(手拍)】+上校鸡块+深海墨鱼丸3个+港式奶茶,,,,非会员,9,,,依据餐量提供餐具,,70.00,21.38,40.70,0.00,0,0,2.97,0.00,3.50,【活动支出】店铺满减:1.00元+【活动支出】单品特价:29.70元+【活动支出】 商家自营销加码:0.00元+【活动支出】粉丝群:2.00元+【活动支出】饿了么红包:8.00元+【活动支出】替用户承担配送费:3.5元,-,-,-,2.00,温州区域,温州加盟,,,否,-,平台配送
圣比萨（钱库店）,SBM00044,温州,"8032440255735740818	",饿了么,平台外卖,已完成,2025-10-24 15:29:31,2025-10-24 15:29:31,2025-10-24 15:29:31,饿了么支付-在线支付,,即时单,2025-10-24 15:29:31,9.55,手动出餐,1,否,"新奥尔良烤鸡肉披萨7寸-单点[{""name"":""规格"",""value"":""单点""}]（22.00*1）",新奥尔良烤鸡肉披萨【7英寸(手拍)】,,,,非会员,10,,,4份餐具,,22.00,12.00,0.00,0.00,0,0,0.00,0.00,,【活动支出】拼团反圈活动:0.00元,-,-,-,0.00,温州区域,温州加盟,,,否,-,平台配送
圣比萨（钱库店）,SBM00044,温州,"8003430255944347948	",饿了么,平台外卖,已完成,2025-10-24 16:30:06,2025-10-24 16:30:06,2025-10-24 16:30:06,饿了么支付-在线支付,,即时单,2025-10-24 16:30:06,6.13,手动出餐,1,否,"[买一送一]意大利面[招牌肉酱意面+招牌肉酱意面]（65.00*1）,餐盒（2.00*1）",招牌肉酱意面+招牌肉酱意面,,,,非会员,11,,,依据餐量提供餐具,,65.00,25.33,30.61,0.00,0,0,3.51,0.00,3.50,【活动支出】店铺满减:1.00元+【活动支出】单品特价:18.61元+【活动支出】粉丝群:2.00元+【活动支出】饿了么红包:9.00元+【活动支出】替用户承担配送费:3.5元,-,-,-,2.00,温州区域,温州加盟,,,否,-,平台配送
圣比萨（钱库店）,SBM00044,温州,"8092330255876737524	",饿了么,平台外卖,已完成,2025-10-24 16:52:25,2025-10-24 16:52:25,2025-10-24 16:52:25,饿了么支付-在线支付,,即时单,2025-10-24 16:52:25,13.13,手动出餐,1,否,"个人意面or焗饭经典套餐[招牌肉酱芝士焗饭+地道肠1根+小可乐+常温]（50.40*1）,香烤鸡翅-2只[{""name"":""规格"",""value"":""2只""}]（16.00*1）,餐盒（3.00*1）",招牌肉酱芝士焗饭+地道肠【1根】+小可乐+香烤鸡翅,,,,非会员,12,,,依据餐量提供餐具,,66.40,35.82,18.61,0.00,0,0,5.02,0.00,3.50,【活动支出】店铺满减:1.00元+【活动支出】单品特价:15.01元+【活动支出】单品特价:2.60元+【活动支出】替用户承担配送费:3.5元,-,-,-,3.00,温州区域,温州加盟,,,否,-,平台配送
圣比萨（钱库店）,SBM00044,温州,"8007170255777395151	",饿了么,平台外卖,已完成,2025-10-24 17:07:59,2025-10-24 17:07:59,2025-10-24 17:07:59,饿了么支付-在线支付,,即时单,2025-10-24 17:07:59,10.37,手动出餐,1,否,"缤纷水果披萨-7英寸(经典手拍)[{""name"":""规格"",""value"":""7英寸(经典手拍)""}]（42.00*1）,芒果汁[常温]（10.00*1）,雀巢果珍（橙汁）（8.00*1）,餐盒（3.50*1）",缤纷水果披萨+芒果汁+雀巢果珍,,,,非会员,13,,,依据餐量提供餐具,,60.00,29.39,19.90,0.00,0,0,4.26,0.00,3.50,【活动支出】店铺满减:1.00元+【活动支出】单品特价:14.50元+【活动支出】单品特价:2.60元+【活动支出】单品特价:1.80元+【活动支出】替用户承担配送费:3.5元,-,-,-,3.50,温州区域,温州加盟,,,否,-,平台配送
圣比萨（钱库店）,SBM00044,温州,"8020230255881777454	",饿了么,平台外卖,已完成,2025-10-24 17:15:02,2025-10-24 17:15:02,2025-10-24 17:15:02,饿了么支付-在线支付,,即时单,2025-10-24 17:15:02,14.62,手动出餐,1,否,"圣比招牌披萨-7寸(经典手拍)[{""name"":""规格"",""value"":""7寸(经典手拍)""}]（45.00*1）,咸蛋黄边（7英寸）（8.80*1）,餐盒（2.00*1）",大圣招牌大满贯披萨,,,,非会员,14,,,无需餐具,,53.80,19.17,22.50,0.00,0,0,3.18,0.00,7.40,【活动支出】店铺满减:1.00元+【活动支出】单品特价:12.50元+【活动支出】饿了么红包:9.00元+【活动支出】替用户承担配送费:6.0元,-,-,-,2.00,温州区域,温州加盟,,,否,-,平台配送
圣比萨（钱库店）,SBM00044,温州,"8027250255985512954	",饿了么,平台外卖,已退款,2025-10-24 17:36:39,2025-10-24 17:36:39,2025-10-24 17:36:39,饿了么支付-在线支付,,预约单,2025-10-24 20:20:00,,未出餐,1,否,"缤纷芝士挞-菠萝味[{""name"":""规格"",""value"":""菠萝味""}]（7.00*1）,奶油培根意面（31.99*1）,香烤鸡翅-2只[{""name"":""规格"",""value"":""2只""}]（16.00*1）,餐盒（4.00*1）",缤纷芝士挞+香烤鸡翅,,,,非会员,15,,,不要葱 / 依据餐量提供餐具,订单强制无效（商家主动取消已接订单、用户1分钟内取消),54.99,-4.61,19.20,31.79,0,0,3.86,0.00,3.50,【活动支出】店铺满减:1.00元+【活动支出】单品特价:4.60元+【活动支出】单品特价:2.60元+【活动支出】精准营销:2.00元+【活动支出】饿了么红包:9.00元+【活动支出】替用户承担配送费:3.5元,-,-,-,4.00,温州区域,温州加盟,,,否,-,平台配送
圣比萨（钱库店）,SBM00044,温州,"8066766089791261078	",饿了么,平台外卖,已完成,2025-10-24 17:41:26,2025-10-24 17:41:26,2025-10-24 17:41:26,饿了么支付-在线支付,,即时单,2025-10-24 17:41:26,8.87,手动出餐,1,否,"玉米沙拉披萨-7英寸（经典手拍）[{""name"":""规格"",""value"":""7英寸（经典手拍）""}]（39.00*1）,餐盒（2.00*1）",玉米沙拉披萨,,,,非会员,16,,,依据餐量提供餐具,,39.00,14.50,18.50,0.00,0,0,2.05,0.00,3.50,【活动支出】单品特价:11.50元+【活动支出】饿了么红包:7.00元+【活动支出】替用户承担配送费:3.5元,-,-,-,2.00,温州区域,温州加盟,,,否,-,平台配送
圣比萨（钱库店）,SBM00044,温州,"8029220255797547338	",饿了么,平台外卖,已完成,2025-10-24 17:48:10,2025-10-24 17:48:10,2025-10-24 17:48:10,饿了么支付-在线支付,,即时单,2025-10-24 17:48:10,6.68,手动出餐,1,否,"奶油培根意面（31.99*1）,餐盒（1.00*1）",奶油培根意面+餐盒,,,,非会员,17,,,麻烦封签再贴一个啦谢谢 / 依据餐量提供餐具,,31.99,13.71,11.60,0.00,0,0,1.93,0.00,3.50,【活动支出】单品特价:4.60元+【活动支出】超级会员专享红包:5.00元+【活动支出】 商家自营销加码:2.00元+【活动支出】替用户承担配送费:3.5元,-,-,-,1.00,温州区域,温州加盟,,,否,-,平台配送
圣比萨（钱库店）,SBM00044,温州,"8019130255894388118	",饿了么,平台外卖,已完成,2025-10-24 17:50:57,2025-10-24 17:50:57,2025-10-24 17:50:57,饿了么支付-在线支付,,即时单,2025-10-24 17:50:57,8.17,手动出餐,1,否,"台式香烤地道肠（7.50*1）,雀巢牛奶[常温]（10.00*1）,招牌肉酱芝士焗饭（52.00*1）,餐盒（3.00*1）",地道肠1根+雀巢牛奶+招牌肉酱芝士焗饭,,,,非会员,18,,,依据餐量提供餐具,,69.50,21.34,39.01,0.00,0,0,3.20,0.00,3.50,【活动支出】店铺满减:1.00元+【活动支出】单品特价:4.91元+【活动支出】单品特价:1.60元+【活动支出】单品特价:23.50元+【活动支出】饿了么红包:8.00元+【活动支出】替用户承担配送费:3.5元,-,-,-,3.00,温州区域,温州加盟,,,否,-,平台配送
圣比萨（钱库店）,SBM00044,温州,"8065866089796272526	",饿了么,平台外卖,已完成,2025-10-24 17:57:10,2025-10-24 17:57:10,2025-10-24 17:57:10,饿了么支付-在线支付,,即时单,2025-10-24 17:57:10,29.40,被动出餐,1,否,"榴莲王披萨-9英寸(经典手拍)[{""name"":""规格"",""value"":""9英寸(经典手拍)""}]（92.00*1）",榴莲王披萨,,,,非会员,19,,,依据餐量提供餐具,,92.00,29.35,50.90,0.00,0,0,4.00,0.00,3.50,【活动支出】单品特价:50.90元+【活动支出】替用户承担配送费:3.5元,-,-,-,0.00,温州区域,温州加盟,,,否,-,平台配送
圣比萨（钱库店）,SBM00044,温州,"8067450255910513137	",饿了么,平台外卖,已完成,2025-10-24 17:57:15,2025-10-24 17:57:15,2025-10-24 17:57:15,饿了么支付-在线支付,,即时单,2025-10-24 17:57:15,14.08,手动出餐,1,否,"7英寸披萨一人食土豪餐[圣比招牌披萨7英寸+奥尔良烤翅1对+深海墨鱼丸3个+港式奶茶+热]（70.00*1）,台式香烤地道肠（7.50*1）,蛋挞一个（原味）（5.00*1）,上校鸡块一个（3.00*2）,餐盒（4.00*1）",大圣招牌大满贯披萨【7英寸(手拍)】+深海墨鱼丸3个+港式奶茶+地道肠1根+蛋挞1个+上校鸡块1个,,,,非会员,20,,,披萨不要菠萝、青红椒！！！ / 依据餐量提供餐具,,88.50,26.16,54.52,0.00,0,0,3.67,0.00,3.50,【活动支出】店铺满减:1.00元+【活动支出】单品特价:29.70元+【活动支出】单品特价:4.91元+【活动支出】单品特价:4.01元+【活动支出】单品特价:2.90元+【活动支出】CPS商户叠加券:0.00元+【活动支出】饿了么红包:12.00元+【活动支出】淘金币:0.00元+【活动支出】替用户承担配送费:3.5元,-,-,-,4.00,温州区域,温州加盟,,,否,-,平台配送
圣比萨（钱库店）,SBM00044,温州,"8009490255997441345	",饿了么,平台外卖,已完成,2025-10-24 17:58:11,2025-10-24 17:58:11,2025-10-24 17:58:12,饿了么支付-在线支付,,即时单,2025-10-24 17:58:11,13.18,手动出餐,1,否,"榴莲王披萨-7英寸（经典手拍)[{""name"":""规格"",""value"":""7英寸（经典手拍)""}]（52.00*1）,餐盒（1.00*1）",榴莲王披萨,,,,非会员,21,,,依据餐量提供餐具,,52.00,21.44,21.41,0.00,0,0,3.00,0.00,3.50,【活动支出】店铺满减:1.00元+【活动支出】单品特价:12.41元+【活动支出】超级会员专享红包:8.00元+【活动支出】 商家自营销加码:0.00元+【活动支出】替用户承担配送费:3.5元,-,-,-,1.00,温州区域,温州加盟,,,否,-,平台配送
圣比萨（钱库店）,SBM00044,温州,"8005310255916176762	",饿了么,平台外卖,已完成,2025-10-24 18:08:56,2025-10-24 18:08:56,2025-10-24 18:08:57,饿了么支付-在线支付,,即时单,2025-10-24 18:08:56,3.25,手动出餐,1,否,"番茄牛肉意面（32.00*1）,餐盒（2.00*1）",番茄牛肉意面,,,,非会员,22,,,依据餐量提供餐具,,32.00,11.90,14.41,0.00,0,0,1.74,0.00,3.50,【活动支出】单品特价:7.41元+【活动支出】CPS商户叠加券:0.00元+【活动支出】饿了么红包:7.00元+【活动支出】替用户承担配送费:3.5元,-,-,-,2.00,温州区域,温州加盟,,,否,-,平台配送
圣比萨（钱库店）,SBM00044,温州,"8015696089811244309	",饿了么,平台外卖,已完成,2025-10-24 18:26:16,2025-10-24 18:26:16,2025-10-24 18:26:16,饿了么支付-在线支付,,即时单,2025-10-24 18:26:16,10.67,手动出餐,1,否,"翅薯组合（21.00*1）,奥尔良烤鸡肉披萨-7寸(经典手拍)[{""name"":""规格"",""value"":""7寸(经典手拍)""}]（45.00*1）,餐盒（4.00*1）",翅薯组合+新奥尔良烤鸡肉披萨,,,,非会员,23,,,依据餐量提供餐具,,66.00,31.02,25.02,0.00,0,0,4.41,0.00,3.50,【活动支出】店铺满减:1.00元+【活动支出】单品特价:1.52元+【活动支出】单品特价:17.50元+【活动支出】饿了么红包:5.00元+【活动支出】替用户承担配送费:3.5元,-,-,-,4.00,温州区域,温州加盟,,,否,-,平台配送
圣比萨（钱库店）,SBM00044,温州,"8025190255829986756	",饿了么,平台外卖,已完成,2025-10-24 18:31:03,2025-10-24 18:31:03,2025-10-24 18:31:03,饿了么支付-在线支付,,即时单,2025-10-24 18:31:03,10.58,手动出餐,1,否,"圣比招牌披萨-7寸(经典手拍)[{""name"":""规格"",""value"":""7寸(经典手拍)""}]（45.00*1）,咸蛋黄边（7英寸）（8.80*1）,港式奶茶[常温]（10.00*1）,餐盒（3.00*1）",大圣招牌大满贯披萨+港式奶茶,,,,非会员,24,,,依据餐量提供餐具,,63.80,29.88,23.10,0.00,0,0,4.27,0.00,3.50,【活动支出】店铺满减:1.00元+【活动支出】单品特价:12.50元+【活动支出】单品特价:2.60元+【活动支出】 商家自营销加码:2.00元+【活动支出】饿了么红包:5.00元+【活动支出】替用户承担配送费:3.5元,-,-,-,3.00,温州区域,温州加盟,,,否,-,平台配送
圣比萨（钱库店）,SBM00044,温州,"8059706089809962440	",饿了么,平台外卖,已完成,2025-10-24 19:02:07,2025-10-24 19:02:07,2025-10-24 19:02:08,饿了么支付-在线支付,,即时单,2025-10-24 19:02:07,9.80,手动出餐,1,否,"一人畅享套餐[奥尔良烤鸡肉披萨7英寸+奥尔良烤翅1对+柠檬茶+冰]（59.00*1）,餐盒（1.00*1）",一人畅享套餐[奥尔良烤鸡肉披萨7英寸+奥尔良烤翅1对+柠檬茶+冰]+餐盒,,,,非会员,25,,,依据餐量提供餐具,,59.00,21.38,28.70,0.00,0,0,2.97,0.00,3.50,【活动支出】店铺满减:1.00元+【活动支出】单品特价:18.70元+【活动支出】饿了么红包:9.00元+【活动支出】替用户承担配送费:3.5元,-,-,-,1.00,温州区域,温州加盟,,,否,-,平台配送
圣比萨（钱库店）,SBM00044,温州,"8026230255954746691	",饿了么,平台外卖,已完成,2025-10-24 19:07:29,2025-10-24 19:07:29,2025-10-24 19:07:29,饿了么支付-在线支付,,即时单,2025-10-24 19:07:29,9.98,手动出餐,1,否,"奶香紫薯披萨-7英寸（经典手拍）[{""name"":""规格"",""value"":""7英寸（经典手拍）""}]（42.00*1）,餐盒（1.00*1）","奶香紫薯披萨-7英寸（经典手拍）[{""name"":""规格"",""value"":""7英寸（经典手拍）""}]+餐盒",,,,非会员,26,,,2份餐具,,42.00,13.61,21.50,0.00,0,0,1.94,0.00,3.50,【活动支出】单品特价:14.50元+【活动支出】饿了么红包:7.00元+【活动支出】替用户承担配送费:3.5元,-,-,-,1.00,温州区域,温州加盟,,,否,-,平台配送
圣比萨（钱库店）,SBM00044,温州,"8097716089895353611	",饿了么,平台外卖,已完成,2025-10-24 20:31:51,2025-10-24 20:31:51,2025-10-24 20:31:51,饿了么支付-在线支付,,即时单,2025-10-24 20:31:51,15.07,手动出餐,1,否,"缤纷水果披萨-7英寸(经典手拍)[{""name"":""规格"",""value"":""7英寸(经典手拍)""}]（42.00*1）,餐盒（2.00*1）",缤纷水果披萨,,,,非会员,27,,,依据餐量提供餐具,,42.00,14.50,21.50,0.00,0,0,2.05,0.00,3.50,【活动支出】单品特价:14.50元+【活动支出】CPS商户叠加券:0.00元+【活动支出】饿了么红包:7.00元+【活动支出】替用户承担配送费:3.5元,-,-,-,2.00,温州区域,温州加盟,,,否,-,平台配送
圣比萨（钱库店）,SBM00044,温州,"8090100255890949443	",饿了么,平台外卖,已完成,2025-10-24 20:35:47,2025-10-24 20:35:47,2025-10-24 20:35:47,饿了么支付-在线支付,,即时单,2025-10-24 20:35:47,15.93,手动出餐,1,否,"燕麦芋泥披萨-9英寸（经典手拍）[{""name"":""规格"",""value"":""9英寸（经典手拍）""}]（75.00*1）,餐盒（1.00*1）",花果山披萨,,,,非会员,28,,,依据餐量提供餐具,,75.00,20.53,46.10,0.00,0,0,2.82,0.00,3.50,【活动支出】店铺满减:1.00元+【活动支出】单品特价:36.10元+【活动支出】饿了么红包:9.00元+【活动支出】替用户承担配送费:3.5元,-,-,-,1.00,温州区域,温州加盟,,,否,-,平台配送
圣比萨（钱库店）,SBM00044,温州,"8021736089879091489	",饿了么,平台外卖,已完成,2025-10-24 20:40:35,2025-10-24 20:40:35,2025-10-24 20:40:35,饿了么支付-在线支付,,即时单,2025-10-24 20:40:35,12.43,手动出餐,1,否,新奥尔良烤鸡肉披萨7寸-单点（22.00*1）,新奥尔良烤鸡肉披萨【7英寸(手拍)】,,,,非会员,29,,,依据餐量提供餐具,,22.00,12.00,0.00,0.00,0,0,0.00,0.00,,【活动支出】拼团反圈活动:0.00元,-,-,-,0.00,温州区域,温州加盟,,,否,-,平台配送
圣比萨（钱库店）,SBM00044,温州,"8039100256017525029	",饿了么,平台外卖,已完成,2025-10-24 22:06:03,2025-10-24 22:06:03,2025-10-24 22:06:03,饿了么支付-在线支付,,即时单,2025-10-24 22:06:03,9.20,手动出餐,1,否,"缤纷水果披萨7英寸+饮品一杯[缤纷水果披萨7英寸+柠檬茶+热]（27.90*1）,餐盒（2.00*1）",缤纷水果披萨【7英寸(手拍)】+柠檬茶,,,,非会员,30,,,依据餐量提供餐具,,27.90,14.96,7.00,0.00,0,0,2.09,0.00,5.60,【活动支出】饿了么红包:7.00元+【活动支出】替用户承担配送费:5.6元,-,-,-,2.00,温州区域,温州加盟,,,否,-,平台配送
圣比萨（钱库店）,SBM00044,温州,"8057636089913808229	",饿了么,平台外卖,已完成,2025-10-24 22:31:13,2025-10-24 22:31:13,2025-10-24 22:31:14,饿了么支付-在线支付,,即时单,2025-10-24 22:31:13,12.27,手动出餐,1,否,"圣比招牌披萨-9寸(经典手拍)[{""name"":""规格"",""value"":""9寸(经典手拍)""}]（78.00*1）,餐盒（2.00*1）",大圣招牌大满贯披萨,,,,非会员,31,,,依据餐量提供餐具,,78.00,25.71,42.41,0.00,0,0,3.63,0.00,5.60,【活动支出】店铺满减:1.00元+【活动支出】单品特价:30.41元+【活动支出】粉丝群:2.00元+【活动支出】饿了么红包:9.00元+【活动支出】替用户承担配送费:5.6元,-,-,-,2.00,温州区域,温州加盟,,,否,-,平台配送
圣比萨（钱库店）,SBM00044,温州,"8073230256123476441	",饿了么,平台外卖,已完成,2025-10-24 22:58:15,2025-10-24 22:58:15,2025-10-24 22:58:15,饿了么支付-在线支付,,即时单,2025-10-24 22:58:15,11.27,手动出餐,1,否,"榴莲王披萨-9英寸(轻巧薄脆)[{""name"":""规格"",""value"":""9英寸(轻巧薄脆)""}]（92.00*1）,餐盒（1.00*1）","榴莲王披萨-9英寸(轻巧薄脆)[{""name"":""规格"",""value"":""9英寸(轻巧薄脆)""}]+餐盒",,,,非会员,32,,,依据餐量提供餐具,,92.00,28.69,51.41,0.00,0,0,4.05,0.00,5.60,【活动支出】店铺满减:6.00元+【活动支出】单品特价:31.41元+【活动支出】粉丝群:2.00元+【活动支出】饿了么红包:12.00元+【活动支出】替用户承担配送费:5.6元,-,-,-,1.00,温州区域,温州加盟,,,否,-,平台配送
圣比萨（玉环楚门店）,SBS00028,台州,"8016806089547622882	",饿了么,平台外卖,已完成,2025-10-24 09:31:01,2025-10-24 09:31:01,2025-10-24 09:31:02,饿了么支付-在线支付,,预约单,2025-10-24 10:50:00,34.15,自动出餐,1,否,"榴莲王披萨-7英寸(经典手拍)[{""name"":""规格"",""value"":""7英寸(经典手拍)""}]（52.00*1）",榴莲王披萨,,,,非会员,1,,,依据餐量提供餐具,,52.00,19.53,25.10,0.00,0,0,1.77,0.00,2.30,【活动支出】单品特价:18.10元+【活动支出】饿了么红包:7.00元+【活动支出】替用户承担配送费:2.3元,-,-,-,0.00,台州区域,台州加盟,,,否,-,平台配送
圣比萨（玉环楚门店）,SBS00028,台州,"8000556089566096690	",饿了么,平台外卖,已完成,2025-10-24 10:27:03,2025-10-24 10:27:03,2025-10-24 10:27:04,饿了么支付-在线支付,,即时单,2025-10-24 10:27:03,10.07,自动出餐,1,否,披萨随心配（60.40*1）,碳烤鸡肉培根披萨(7英寸(手拍))+盐酥鸡米花小份+地道肠1根+蛋挞1个,,,,非会员,2,,,依据餐量提供餐具,,60.40,12.52,36.90,0.00,0,0,1.48,0.00,5.60,【活动支出】单品特价:29.90元+【活动支出】饿了么红包:7.00元+【活动支出】替用户承担配送费:5.6元,-,-,-,0.00,台州区域,台州加盟,,,否,-,平台配送
圣比萨（玉环楚门店）,SBS00028,台州,"8080816089605083548	",饿了么,平台外卖,已完成,2025-10-24 11:28:39,2025-10-24 11:28:39,2025-10-24 11:28:40,饿了么支付-在线支付,,即时单,2025-10-24 11:28:39,11.15,自动出餐,1,否,"深海墨鱼丸-3个[{""name"":""规格"",""value"":""3个""}]（10.60*1）,【任选5件套】披萨意面我全都要（132.90*1）,餐盒（1.00*1）",深海墨鱼丸+日系照烧鸡披萨(7英寸(手拍))+港式奶茶+芒果汁+明星小食桶B+招牌肉酱意面,,,,非会员,3,,,依据餐量提供餐具,,143.50,41.01,89.60,0.00,0,0,3.79,0.00,2.30,【活动支出】店铺满减:6.00元+【活动支出】单品特价:4.10元+【活动支出】单品特价:67.50元+【活动支出】饿了么红包:12.00元+【活动支出】替用户承担配送费:2.3元,-,-,-,1.00,台州区域,台州加盟,,,否,-,平台配送
圣比萨（玉环楚门店）,SBS00028,台州,"8034080255745227182	",饿了么,平台外卖,已完成,2025-10-24 11:46:17,2025-10-24 11:46:17,2025-10-24 11:46:17,饿了么支付-在线支付,,即时单,2025-10-24 11:46:17,9.92,手动出餐,1,否,【任选】披萨8选1+小吃5选1+饮品·[奥尔良鸡肉披萨7英寸+上校鸡块4个+港式奶茶]（58.00*1）,新奥尔良烤鸡肉披萨【7英寸(手拍)】+上校鸡块+港式奶茶,,,,非会员,4,,,依据餐量提供餐具,,58.00,12.52,34.50,0.00,0,0,1.48,0.00,5.60,【活动支出】单品特价:27.50元+【活动支出】饿了么红包:7.00元+【活动支出】替用户承担配送费:5.6元,-,-,-,0.00,台州区域,台州加盟,,,否,-,平台配送
圣比萨（玉环楚门店）,SBS00028,台州,"8079666089646995712	",饿了么,平台外卖,已完成,2025-10-24 12:14:16,2025-10-24 12:14:16,2025-10-24 12:14:17,饿了么支付-在线支付,,即时单,2025-10-24 12:14:16,11.23,自动出餐,1,否,"圣比招牌披萨-7寸(经典手拍)[{""name"":""规格"",""value"":""7寸(经典手拍)""}]（45.00*1）",大圣招牌大满贯披萨,,,,非会员,5,,,依据餐量提供餐具,,45.00,19.06,18.10,0.00,0,0,1.74,0.00,2.80,【活动支出】单品特价:11.10元+【活动支出】 商家自营销加码:2.00元+【活动支出】超会爆红包省钱包:5.00元+【活动支出】替用户承担配送费:2.8元,-,-,-,0.00,台州区域,台州加盟,,,否,-,平台配送
圣比萨（玉环楚门店）,SBS00028,台州,"8037330255778424295	",饿了么,平台外卖,已完成,2025-10-24 12:41:36,2025-10-24 12:41:36,2025-10-24 12:41:37,饿了么支付-在线支付,,即时单,2025-10-24 12:41:36,11.17,自动出餐,1,否,"蛋挞1个（5.00*1）,玉米沙拉披萨-7英寸(手拍)[{""name"":""规格"",""value"":""7英寸(手拍)""}]（40.00*1）,餐盒（1.00*1）",蛋挞1个+玉米沙拉披萨,,,,非会员,6,,,依据餐量提供餐具,,45.00,12.56,23.11,0.00,0,0,1.43,0.00,6.20,【活动支出】单品特价:4.01元+【活动支出】单品特价:14.10元+【活动支出】饿了么红包:5.00元+【活动支出】替用户承担配送费:6.0元,-,-,-,1.00,台州区域,台州加盟,,,否,-,平台配送
圣比萨（玉环楚门店）,SBS00028,台州,"8053666089691538812	",饿了么,平台外卖,已完成,2025-10-24 12:44:33,2025-10-24 12:44:33,2025-10-24 12:44:33,饿了么支付-在线支付,,即时单,2025-10-24 12:44:33,11.22,自动出餐,1,否,【任选】披萨8选1+小吃5选1+饮品·[纯芝士披萨7英寸+盐酥鸡米花小份+小可乐]（58.00*1）,金牌芝士披萨【7英寸(手拍)】+盐酥鸡米花小份+小可乐,,,,非会员,7,,,依据餐量提供餐具,,58.00,13.62,34.50,0.00,0,0,1.48,0.00,4.40,【活动支出】单品特价:27.50元+【活动支出】超级会员专享红包:5.00元+【活动支出】 商家自营销加码:2.00元+【活动支出】替用户承担配送费:4.4元,-,-,-,0.00,台州区域,台州加盟,,,否,-,平台配送
圣比萨（玉环楚门店）,SBS00028,台州,"8096470255811850694	",饿了么,平台外卖,已完成,2025-10-24 13:34:01,2025-10-24 13:34:01,2025-10-24 13:34:01,饿了么支付-在线支付,,即时单,2025-10-24 13:34:01,10.12,自动出餐,1,否,"酸奶多多流心卷边（7英寸）（4.90*1）,【任选】披萨8选1+小吃5选1+饮品·[碳烤鸡肉培根7英寸+盐酥鸡米花小份+柠檬茶]（58.00*1）",酸奶多多流心卷边7+碳烤鸡肉培根披萨【7英寸(手拍)】+盐酥鸡米花小份+柠檬茶,,,,非会员,8,,,依据餐量提供餐具,,62.90,18.93,32.50,0.00,0,0,1.97,0.00,4.40,【活动支出】单品特价:27.50元+【活动支出】饿了么红包:5.00元+【活动支出】替用户承担配送费:4.4元,-,-,-,0.00,台州区域,台州加盟,,,否,-,平台配送
圣比萨（玉环楚门店）,SBS00028,台州,"8054806089707741469	",饿了么,平台外卖,已完成,2025-10-24 15:49:06,2025-10-24 15:49:06,2025-10-24 15:49:06,饿了么支付-在线支付,,即时单,2025-10-24 15:49:06,10.17,自动出餐,1,否,【任选】披萨8选1+小吃5选1+饮品·[奥尔良鸡肉披萨7英寸+薯饼3个+柠檬茶]（58.00*1）,新奥尔良烤鸡肉披萨【7英寸(手拍)】+薯饼+柠檬茶,,,,非会员,9,,,依据餐量提供餐具,,58.00,15.77,34.50,0.00,0,0,1.53,0.00,2.30,【活动支出】单品特价:27.50元+【活动支出】饿了么红包:7.00元+【活动支出】替用户承担配送费:2.3元,-,-,-,0.00,台州区域,台州加盟,,,否,-,平台配送
圣比萨（玉环楚门店）,SBS00028,台州,"8013826089705993727	",饿了么,平台外卖,已完成,2025-10-24 15:51:09,2025-10-24 15:51:09,2025-10-24 15:51:10,饿了么支付-在线支付,,即时单,2025-10-24 15:51:09,10.22,自动出餐,1,否,【任选2件套】买一送一7英寸披萨[奥尔良鸡肉披萨7英寸+日系照烧鸡披萨7英寸]（86.80*1）,新奥尔良烤鸡肉披萨【7英寸(手拍)】+日系照烧鸡披萨【7英寸(手拍)】,,,,非会员,10,,,依据餐量提供餐具,,86.80,25.75,51.90,0.00,0,0,2.35,0.00,2.30,【活动支出】店铺满减:1.00元+【活动支出】单品特价:41.90元+【活动支出】饿了么红包:9.00元+【活动支出】替用户承担配送费:2.3元,-,-,-,0.00,台州区域,台州加盟,,,否,-,平台配送
圣比萨（玉环楚门店）,SBS00028,台州,"8070160255762080050	",饿了么,平台外卖,已完成,2025-10-24 16:37:36,2025-10-24 16:37:36,2025-10-24 16:37:36,饿了么支付-在线支付,,预约单,2025-10-24 17:45:00,22.57,自动出餐,1,否,"榴莲王披萨-7英寸(经典手拍)[{""name"":""规格"",""value"":""7英寸(经典手拍)""}]（52.00*1）,奶酪芝士卷边（7英寸）（4.90*1）",榴莲王披萨+奶酪芝士卷边7,,,,非会员,11,,,依据餐量提供餐具,,56.90,20.47,27.10,0.00,0,0,1.93,0.00,3.30,【活动支出】店铺满减:1.00元+【活动支出】单品特价:18.10元+【活动支出】 商家自营销加码:0.00元+【活动支出】饿了么红包:8.00元+【活动支出】替用户承担配送费:3.3元,-,-,-,0.00,台州区域,台州加盟,,,否,-,平台配送
圣比萨（玉环楚门店）,SBS00028,台州,"8070440255761520042	",饿了么,平台外卖,已完成,2025-10-24 16:41:36,2025-10-24 16:41:36,2025-10-24 16:41:36,饿了么支付-在线支付,,即时单,2025-10-24 16:41:36,10.22,自动出餐,1,否,"蛋挞1个（5.00*1）,【任选5件套】披萨意面我全都要（128.00*1）,点击右上角❤️收藏得小吃[上校鸡块2个]（2.00*1）,餐盒（2.00*1）",蛋挞1个+大圣招牌大满贯披萨(7英寸(手拍))+柠檬茶+可乐+明星小食桶B+番茄牛肉意面+上校鸡块2个,,,,非会员,12,,,依据餐量提供餐具,,135.00,34.91,90.40,0.00,0,0,3.19,0.00,2.30,【活动支出】店铺满减:6.00元+【活动支出】单品特价:67.50元+【活动支出】单品特价:1.90元+【活动支出】精准营销:4.00元+【活动支出】粉丝群:2.00元+【活动支出】饿了么红包:9.00元+【活动支出】替用户承担配送费:2.3元,-,-,-,2.00,台州区域,台州加盟,,,否,-,平台配送
圣比萨（玉环楚门店）,SBS00028,台州,"8046240255771076906	",饿了么,平台外卖,已完成,2025-10-24 17:07:31,2025-10-24 17:07:31,2025-10-24 17:07:31,饿了么支付-在线支付,,即时单,2025-10-24 17:07:31,10.15,自动出餐,1,否,"咸蛋黄风味流沙卷边（7英寸）（4.90*1）,点击右上角❤️收藏得小吃[上校鸡块2个]（2.00*1）,【任选】披萨8选1+小吃5选1+饮品·[碳烤鸡肉培根7英寸+盐酥鸡米花小份+小可乐]（58.00*1）,芝士焗红薯泥（19.00*1）",咸蛋黄流沙卷边7+上校鸡块2个+碳烤鸡肉培根披萨【7英寸(手拍)】+盐酥鸡米花小份+小可乐+芝士焗红薯泥,,,,非会员,13,,,依据餐量提供餐具,,83.90,22.79,50.90,0.00,0,0,2.21,0.00,2.30,【活动支出】店铺满减:1.00元+【活动支出】单品特价:1.90元+【活动支出】单品特价:27.50元+【活动支出】单品特价:8.50元+【活动支出】饿了么红包:12.00元+【活动支出】替用户承担配送费:2.3元,-,-,-,0.00,台州区域,台州加盟,,,否,-,平台配送
圣比萨（玉环楚门店）,SBS00028,台州,"8084050255872266722	",饿了么,平台外卖,已完成,2025-10-24 17:10:17,2025-10-24 17:10:17,2025-10-24 17:10:17,饿了么支付-在线支付,,即时单,2025-10-24 17:10:17,10.10,自动出餐,1,否,【任选】披萨8选1+小吃5选1+饮品·[日系照烧鸡披萨7英寸+上校鸡块4个+小可乐]（58.00*1）,日系照烧鸡披萨【7英寸(手拍)】+上校鸡块+小可乐,,,,非会员,14,,,依据餐量提供餐具,,58.00,16.70,33.50,0.00,0,0,1.60,0.00,2.30,【活动支出】单品特价:27.50元+【活动支出】饿了么红包:6.00元+【活动支出】替用户承担配送费:2.3元,-,-,-,0.00,台州区域,台州加盟,,,否,-,平台配送
圣比萨（玉环楚门店）,SBS00028,台州,"8045350255969762607	",饿了么,平台外卖,已完成,2025-10-24 17:16:29,2025-10-24 17:16:29,2025-10-24 17:16:29,饿了么支付-在线支付,,即时单,2025-10-24 17:16:29,10.22,自动出餐,1,否,"点击右上角❤️收藏得小吃[上校鸡块2个]（2.00*1）,可乐[常温]（5.00*1）,披萨随心配（60.40*1）,深海墨鱼丸-6个[{""name"":""规格"",""value"":""6个""}]（18.20*1）",上校鸡块2个+可乐+碳烤鸡肉培根披萨(7英寸(手拍))+盐酥鸡米花小份+地道肠1根+蛋挞1个+深海墨鱼丸,,,,非会员,15,,,依据餐量提供餐具,,85.60,24.74,50.50,0.00,0,0,2.36,0.00,2.30,【活动支出】单品特价:1.90元+【活动支出】店铺满减:1.00元+【活动支出】单品特价:29.90元+【活动支出】单品特价:7.70元+【活动支出】饿了么红包:8.00元+【活动支出】粉丝群:2.00元+【活动支出】替用户承担配送费:2.3元,-,-,-,0.00,台州区域,台州加盟,,,否,-,平台配送
圣比萨（玉环楚门店）,SBS00028,台州,"8054526089767154988	",饿了么,平台外卖,已完成,2025-10-24 17:23:54,2025-10-24 17:23:54,2025-10-24 17:23:55,饿了么支付-在线支付,,即时单,2025-10-24 17:23:54,10.03,自动出餐,1,否,"缤纷水果披萨-7英寸(手拍)[{""name"":""规格"",""value"":""7英寸(手拍)""}]（42.00*1）",缤纷水果披萨,,,,非会员,16,,,依据餐量提供餐具,,42.00,12.24,23.10,0.00,0,0,1.16,0.00,2.80,【活动支出】单品特价:16.10元+【活动支出】饿了么红包:7.00元+【活动支出】替用户承担配送费:2.8元,-,-,-,0.00,台州区域,台州加盟,,,否,-,平台配送
圣比萨（玉环楚门店）,SBS00028,台州,"8098536089799538097	",饿了么,平台外卖,已完成,2025-10-24 17:34:21,2025-10-24 17:34:21,2025-10-24 17:34:21,饿了么支付-在线支付,,即时单,2025-10-24 17:34:21,11.13,自动出餐,1,否,"海苔肉松披萨-7英寸[{""name"":""规格"",""value"":""7英寸""}]（45.00*1）",海苔肉松披萨,,,,非会员,17,,,1份餐具,,45.00,15.82,22.10,0.00,0,0,1.48,0.00,2.30,【活动支出】单品特价:15.10元+【活动支出】饿了么红包:7.00元+【活动支出】替用户承担配送费:2.3元,-,-,-,0.00,台州区域,台州加盟,,,否,-,平台配送
圣比萨（玉环楚门店）,SBS00028,台州,"8073490255894609384	",饿了么,平台外卖,已完成,2025-10-24 17:35:12,2025-10-24 17:35:12,2025-10-24 17:35:12,饿了么支付-在线支付,,即时单,2025-10-24 17:35:12,11.18,自动出餐,1,否,【任选5件套】披萨意面我全都要（128.00*1）,大圣招牌大满贯披萨(7英寸(手拍))+港式奶茶+柠檬茶+明星小食桶B+招牌肉酱意面,,,,非会员,18,,,2份餐具,,128.00,35.32,81.60,0.00,0,0,3.18,0.00,2.30,【活动支出】单品特价:81.60元+【活动支出】替用户承担配送费:2.3元,-,-,-,0.00,台州区域,台州加盟,,,否,-,平台配送
圣比萨（玉环楚门店）,SBS00028,台州,"8035966089775984961	",饿了么,平台外卖,已完成,2025-10-24 17:38:43,2025-10-24 17:38:43,2025-10-24 17:38:44,饿了么支付-在线支付,,即时单,2025-10-24 17:38:43,11.12,自动出餐,1,否,"咸蛋黄风味流沙卷边（7英寸）（4.90*1）,【任选】披萨8选1+小吃5选1+饮品·[奥尔良鸡肉披萨7英寸+金丝鸡排+港式奶茶]（58.00*1）",咸蛋黄流沙卷边7+新奥尔良烤鸡肉披萨【7英寸(手拍)】+金丝鸡排+港式奶茶,,,,非会员,19,,,依据餐量提供餐具,,62.90,16.47,34.50,0.00,0,0,1.83,0.00,5.60,【活动支出】单品特价:27.50元+【活动支出】饿了么红包:7.00元+【活动支出】替用户承担配送费:5.6元,-,-,-,0.00,台州区域,台州加盟,,,否,-,平台配送
圣比萨（玉环楚门店）,SBS00028,台州,"8003030255984908573	",饿了么,平台外卖,已完成,2025-10-24 17:42:35,2025-10-24 17:42:35,2025-10-24 17:42:35,饿了么支付-在线支付,,即时单,2025-10-24 17:42:35,11.17,自动出餐,1,否,"【任选5件套】披萨意面我全都要（128.00*1）,餐盒（1.00*1）",大圣招牌大满贯披萨(7英寸(手拍))+芒果汁+柠檬茶+明星小食桶B+招牌肉酱意面,,,,非会员,20,,,依据餐量提供餐具,,128.00,35.25,81.50,0.00,0,0,3.25,0.00,2.30,【活动支出】店铺满减:6.00元+【活动支出】单品特价:67.50元+【活动支出】饿了么红包:8.00元+【活动支出】替用户承担配送费:2.3元,-,-,-,1.00,台州区域,台州加盟,,,否,-,平台配送
圣比萨（玉环楚门店）,SBS00028,台州,"8055656089807279568	",饿了么,平台外卖,已完成,2025-10-24 17:50:29,2025-10-24 17:50:29,2025-10-24 17:50:30,饿了么支付-在线支付,,即时单,2025-10-24 17:50:29,11.17,自动出餐,1,否,披萨随心配（60.40*1）,日系照烧鸡披萨(7英寸(手拍))+盐酥鸡米花小份+地道肠1根+蛋挞1个,,,,非会员,21,,,2份餐具,,60.40,15.77,36.90,0.00,0,0,1.53,0.00,2.30,【活动支出】单品特价:29.90元+【活动支出】 商家自营销加码:2.00元+【活动支出】饿了么红包:5.00元+【活动支出】替用户承担配送费:2.3元,-,-,-,0.00,台州区域,台州加盟,,,否,-,平台配送
圣比萨（玉环楚门店）,SBS00028,台州,"8055736089814487444	",饿了么,平台外卖,已完成,2025-10-24 17:53:58,2025-10-24 17:53:58,2025-10-24 17:53:59,饿了么支付-在线支付,,即时单,2025-10-24 17:53:58,11.10,自动出餐,1,否,"点击右上角❤️收藏得小吃[上校鸡块2个]（2.00*1）,【任选5件套】披萨意面我全都要（132.90*1）,蛋挞1个（5.00*1）,蛋挞1个（5.00*1）,餐盒（2.00*1）",上校鸡块2个+浪漫威尼斯披萨(7英寸(手拍))+港式奶茶+小芬达+明星小食桶B+招牌肉酱意面+蛋挞1个+蛋挞1个,,,,非会员,22,,,2份餐具,,144.90,41.52,91.51,0.00,0,0,3.77,0.00,3.30,【活动支出】单品特价:1.90元+【活动支出】单品特价:81.60元+【活动支出】单品特价:4.01元+【活动支出】精准营销:4.00元+【活动支出】替用户承担配送费:3.3元,-,-,-,2.00,台州区域,台州加盟,,,否,-,平台配送
圣比萨（玉环楚门店）,SBS00028,台州,"8040110255812561392	",饿了么,平台外卖,已完成,2025-10-24 18:04:21,2025-10-24 18:04:21,2025-10-24 18:04:22,饿了么支付-在线支付,,即时单,2025-10-24 18:04:21,11.12,自动出餐,1,否,"点击右上角❤️收藏得小吃[上校鸡块2个]（2.00*1）,蛋挞一个（原味）（5.00*1）,焗饭随心配（53.80*1）",上校鸡块2个+蛋挞1个+碳烤鸡肉芝士焗饭+地道肠1根+蛋挞1个+上校鸡块2个,,,,非会员,23,,,依据餐量提供餐具,,60.80,18.98,33.20,0.00,0,0,1.82,0.00,2.30,【活动支出】单品特价:1.90元+【活动支出】单品特价:23.30元+【活动支出】饿了么红包:8.00元+【活动支出】替用户承担配送费:2.3元,-,-,-,0.00,台州区域,台州加盟,,,否,-,平台配送
圣比萨（玉环楚门店）,SBS00028,台州,"8003866089780777439	",饿了么,平台外卖,已完成,2025-10-24 18:04:35,2025-10-24 18:04:35,2025-10-24 18:04:35,饿了么支付-在线支付,,即时单,2025-10-24 18:04:35,11.12,自动出餐,1,否,"奥尔良烤鸡肉披萨-12英寸(手拍)[{""name"":""规格"",""value"":""12英寸(手拍)""}]（109.00*1）",新奥尔良烤鸡肉披萨,,,,非会员,24,,,依据餐量提供餐具,,109.00,25.46,72.10,0.00,0,0,2.44,0.00,4.40,【活动支出】店铺满减:1.00元+【活动支出】单品特价:57.10元+【活动支出】粉丝群:2.00元+【活动支出】饿了么红包:12.00元+【活动支出】替用户承担配送费:4.4元,-,-,-,0.00,台州区域,台州加盟,,,否,-,平台配送
圣比萨（玉环楚门店）,SBS00028,台州,"8096586089804720511	",饿了么,平台外卖,已完成,2025-10-24 18:13:19,2025-10-24 18:13:19,2025-10-24 18:13:20,饿了么支付-在线支付,,即时单,2025-10-24 18:13:19,11.00,自动出餐,1,否,"西西里肉酱香肠焗饭（26.90*1）,奥尔良烤翅（14.00*1）,蛋挞（10.00*1）,【随心❤️拼】9英寸双拼披萨（口味自选）[培根鸡肉+花果山]（36.90*1）,台式香烤地道肠（7.50*1）",西西里肉酱火腿芝士焗饭+奥尔良烤翅+蛋挞+双拼9寸【鸡肉培根口味9】+双拼9寸【花果山口味9】+地道肠1根,,,,非会员,25,,,依据餐量提供餐具,,95.30,51.35,27.00,0.00,0,0,4.75,0.00,2.30,【活动支出】店铺满减:6.00元+【活动支出】单品特价:5.50元+【活动支出】单品特价:0.50元+【活动支出】单品特价:3.00元+【活动支出】饿了么红包:12.00元+【活动支出】替用户承担配送费:2.3元,-,-,-,0.00,台州区域,台州加盟,,,否,-,平台配送
圣比萨（玉环楚门店）,SBS00028,台州,"8089756089835071809	",饿了么,平台外卖,已完成,2025-10-24 18:34:27,2025-10-24 18:34:27,2025-10-24 18:34:27,饿了么支付-在线支付,,即时单,2025-10-24 18:34:27,11.00,自动出餐,1,否,"奶酪芝士卷边（12英寸）（8.90*1）,榴莲王披萨-12英寸(手拍)[{""name"":""规格"",""value"":""12英寸(手拍)""}]（129.00*1）,盐酥鸡粒（21.00*1）",奶酪芝士卷边+榴莲王披萨+盐酥鸡粒,,,,非会员,26,,,依据餐量提供餐具,,158.90,52.12,91.60,0.00,0,0,4.68,0.00,2.30,【活动支出】店铺满减:6.00元+【活动支出】单品特价:62.10元+【活动支出】单品特价:11.50元+【活动支出】饿了么红包:12.00元+【活动支出】替用户承担配送费:2.3元,-,-,-,0.00,台州区域,台州加盟,,,否,-,平台配送
圣比萨（玉环楚门店）,SBS00028,台州,"8022310255837818117	",饿了么,平台外卖,已完成,2025-10-24 18:39:54,2025-10-24 18:39:54,2025-10-24 18:39:55,饿了么支付-在线支付,,即时单,2025-10-24 18:39:54,11.18,自动出餐,1,否,"奥尔良烤鸡肉披萨-7英寸(手拍)[{""name"":""规格"",""value"":""7英寸(手拍)""}]（45.00*1）,蛋挞1个（5.00*2）,餐盒（2.00*1）",新奥尔良烤鸡肉披萨+蛋挞1个,,,,非会员,27,,,依据餐量提供餐具,,55.00,15.51,32.11,0.00,0,0,1.58,0.00,4.40,【活动支出】单品特价:21.10元+【活动支出】单品特价:4.01元+【活动支出】 商家自营销加码:2.00元+【活动支出】饿了么红包:5.00元+【活动支出】替用户承担配送费:4.4元,-,-,-,2.00,台州区域,台州加盟,,,否,-,平台配送
圣比萨（玉环楚门店）,SBS00028,台州,"8061846089829949930	",饿了么,平台外卖,已完成,2025-10-24 19:29:12,2025-10-24 19:29:12,2025-10-24 19:29:12,饿了么支付-在线支付,,即时单,2025-10-24 19:29:12,11.18,自动出餐,1,否,"咸蛋黄风味流沙卷边（7英寸）（4.90*1）,【任选】披萨8选1+小吃5选1+饮品·[海苔肉松披萨7英寸+盐酥鸡米花小份+芒果汁]（58.00*1）",咸蛋黄流沙卷边7+海苔肉松披萨【7英寸(手拍)】+盐酥鸡米花小份+芒果汁,,,,非会员,28,,,依据餐量提供餐具,,62.90,21.11,32.50,0.00,0,0,1.99,0.00,2.80,【活动支出】单品特价:27.50元+【活动支出】饿了么红包:5.00元+【活动支出】替用户承担配送费:2.8元,-,-,-,0.00,台州区域,台州加盟,,,否,-,平台配送
圣比萨（玉环楚门店）,SBS00028,台州,"8067706089848688003	",饿了么,平台外卖,已完成,2025-10-24 19:29:16,2025-10-24 19:29:16,2025-10-24 19:29:16,饿了么支付-在线支付,,即时单,2025-10-24 19:29:16,11.00,自动出餐,1,否,"榴莲王披萨-7英寸(经典手拍)[{""name"":""规格"",""value"":""7英寸(经典手拍)""}]（52.00*1）,【任选2件套】买一送一7英寸披萨[玉米沙拉披萨7英寸+缤纷水果披萨7英寸]（86.80*1）",榴莲王披萨+玉米沙拉披萨【7英寸(手拍)】+缤纷水果披萨【7英寸(手拍)】,,,,非会员,29,,,"麻烦您送到西坦街7号, 对骑手 / 依据餐量提供餐具",,138.80,44.54,78.00,0.00,0,0,4.16,0.00,5.00,【活动支出】店铺满减:6.00元+【活动支出】单品特价:18.10元+【活动支出】单品特价:41.90元+【活动支出】饿了么红包:12.00元+【活动支出】替用户承担配送费:5.0元,-,-,-,0.00,台州区域,台州加盟,,,否,-,平台配送
圣比萨（玉环楚门店）,SBS00028,台州,"8073946089883904488	",饿了么,平台外卖,已完成,2025-10-24 20:17:26,2025-10-24 20:17:26,2025-10-24 20:17:26,饿了么支付-在线支付,,即时单,2025-10-24 20:17:26,10.00,自动出餐,1,否,【任选】披萨8选1+小吃5选1+饮品·[缤纷水果披萨7英寸+上校鸡块4个+柠檬茶]（58.00*1）,缤纷水果披萨【7英寸(手拍)】+上校鸡块+柠檬茶,,,,非会员,30,,,"不要辣, 不要香菜 / 依据餐量提供餐具",,58.00,15.77,34.50,0.00,0,0,1.53,0.00,2.30,【活动支出】单品特价:27.50元+【活动支出】 商家自营销加码:2.00元+【活动支出】饿了么红包:5.00元+【活动支出】替用户承担配送费:2.3元,-,-,-,0.00,台州区域,台州加盟,,,否,-,平台配送
圣比萨（玉环楚门店）,SBS00028,台州,"8096050256077006328	",饿了么,平台外卖,已完成,2025-10-24 20:27:25,2025-10-24 20:27:25,2025-10-24 20:27:25,饿了么支付-在线支付,,即时单,2025-10-24 20:27:25,10.15,自动出餐,1,否,"蛋挞1个（5.00*1）,点击右上角❤️收藏得小吃[上校鸡块2个]（2.00*1）,招牌肉酱芝士焗饭（52.00*1）,芝士焗红薯泥（19.00*1）,餐盒（1.00*1）",蛋挞1个+上校鸡块2个+招牌肉酱芝士焗饭+芝士焗红薯泥,,,,非会员,31,,,依据餐量提供餐具,,78.00,17.12,52.90,0.00,0,0,1.68,0.00,2.80,【活动支出】单品特价:1.90元+【活动支出】店铺满减:1.00元+【活动支出】单品特价:25.50元+【活动支出】单品特价:8.50元+【活动支出】精准营销:4.00元+【活动支出】饿了么红包:12.00元+【活动支出】替用户承担配送费:2.8元,-,-,-,1.00,台州区域,台州加盟,,,否,-,平台配送
圣比萨（玉环楚门店）,SBS00028,台州,"8034806089883868653	",饿了么,平台外卖,已完成,2025-10-24 20:42:46,2025-10-24 20:42:46,2025-10-24 20:42:46,饿了么支付-在线支付,,即时单,2025-10-24 20:42:46,10.03,自动出餐,1,否,"奥尔良烤翅（14.00*1）,缤纷水果披萨-7英寸(手拍)[{""name"":""规格"",""value"":""7英寸(手拍)""}]（42.00*1）",奥尔良烤翅+缤纷水果披萨,,,,非会员,32,,,"东西放二楼门口，, 不用敲门。 / 依据餐量提供餐具",,56.00,18.79,28.60,0.00,0,0,1.81,0.00,2.30,【活动支出】单品特价:5.50元+【活动支出】单品特价:16.10元+【活动支出】 商家自营销加码:2.00元+【活动支出】饿了么红包:5.00元+【活动支出】替用户承担配送费:2.3元,-,-,-,0.00,台州区域,台州加盟,,,否,-,平台配送
圣比萨（玉环楚门店）,SBS00028,台州,"8044470256001653177	",饿了么,平台外卖,已完成,2025-10-24 20:47:27,2025-10-24 20:47:27,2025-10-24 20:47:27,饿了么支付-在线支付,,即时单,2025-10-24 20:47:27,10.23,自动出餐,1,否,【随心❤️拼】9英寸双拼披萨（口味自选）[日系照烧+水果]（36.90*1）,双拼9寸【日系照烧口味9】+双拼9寸【缤纷水果口味9】,,,,非会员,33,,,依据餐量提供餐具,,36.90,20.78,8.00,0.00,0,0,1.92,0.00,2.30,【活动支出】 商家自营销加码:0.00元+【活动支出】饿了么红包:8.00元+【活动支出】替用户承担配送费:2.3元,-,-,-,0.00,台州区域,台州加盟,,,否,-,平台配送
圣比萨（玉环楚门店）,SBS00028,台州,"8006470256101841388	",饿了么,平台外卖,已完成,2025-10-24 21:35:31,2025-10-24 21:35:31,2025-10-24 21:35:31,饿了么支付-在线支付,,即时单,2025-10-24 21:35:31,10.00,自动出餐,1,否,"点击右上角❤️收藏得小吃[上校鸡块2个]（2.00*1）,可乐[常温]（5.00*1）,碳烤鸡肉培根披萨-9英寸(手拍)[{""name"":""规格"",""value"":""9英寸(手拍)""}]（78.00*1）",上校鸡块2个+可乐+碳烤鸡肉培根披萨,,,,非会员,34,,,1份餐具,,85.00,18.23,56.00,0.00,0,0,1.87,0.00,5.40,【活动支出】单品特价:1.90元+【活动支出】店铺满减:1.00元+【活动支出】单品特价:44.10元+【活动支出】饿了么红包:9.00元+【活动支出】替用户承担配送费:5.4元,-,-,-,0.00,台州区域,台州加盟,,,否,-,平台配送
圣比萨（玉环楚门店）,SBS00028,台州,"8027490256107178424	",饿了么,平台外卖,已完成,2025-10-24 21:50:11,2025-10-24 21:50:11,2025-10-24 21:50:12,饿了么支付-在线支付,,即时单,2025-10-24 21:50:11,10.18,自动出餐,1,否,"奥尔良烤翅（14.00*1）,【随心❤️拼】9英寸双拼披萨（口味自选）[水果+培根鸡肉]（36.90*1）",奥尔良烤翅+双拼9寸【缤纷水果口味9】+双拼9寸【鸡肉培根口味9】,,,,非会员,35,,,依据餐量提供餐具,,50.90,21.27,15.50,0.00,0,0,2.33,0.00,7.20,【活动支出】店铺满减:1.00元+【活动支出】单品特价:5.50元+【活动支出】饿了么红包:9.00元+【活动支出】饿了么红包:0.00元+【活动支出】替用户承担配送费:6.0元,-,-,-,0.00,台州区域,台州加盟,,,否,-,平台配送
圣比萨（玉环珠城路店）,SBS00027,台州,"8096040255774040453	",饿了么,平台外卖,已完成,2025-10-24 10:52:48,2025-10-24 10:52:48,2025-10-24 10:52:48,饿了么支付-在线支付,,即时单,2025-10-24 10:52:48,12.17,自动出餐,1,否,奥尔良烤鸡肉披萨(7寸)-单点（20.41*1）,新奥尔良烤鸡肉披萨【7英寸(手拍)】,,,,非会员,1,,,无需餐具,,20.41,13.21,0.00,0.00,0,0,0.00,0.00,,【活动支出】拼团反圈活动:0.00元,-,-,-,0.00,台州区域,台州直营,,,否,-,平台配送
圣比萨（玉环珠城路店）,SBS00027,台州,"8085836089684613572	",饿了么,平台外卖,已完成,2025-10-24 13:00:43,2025-10-24 13:00:43,2025-10-24 13:00:43,饿了么支付-在线支付,,即时单,2025-10-24 13:00:43,10.13,手动出餐,1,否,"点击右上角❤️收藏得小吃[上校鸡块2个]（2.00*1）,台式香烤地道肠（7.50*1）,【圣比福利】蛋挞1个（5.00*1）,【随心❤️拼】9英寸双拼披萨（口味自选）[日系照烧+奥尔良]（80.00*1）,上校鸡块（12.00*1）,金丝鸡排（10.88*1）,薯饼3个（12.00*1）,餐盒（5.00*1）",上校鸡块2个+地道肠1根+蛋挞1个+双拼9寸【日系照烧口味9】+双拼9寸【奥尔良口味9】+上校鸡块+金丝鸡排+薯饼,,,,非会员,2,,,依据餐量提供餐具,,129.38,34.96,85.89,0.00,0,0,3.33,0.00,2.30,【活动支出】店铺满减:6.00元+【活动支出】单品特价:1.90元+【活动支出】单品特价:3.00元+【活动支出】单品特价:4.01元+【活动支出】单品特价:43.10元+【活动支出】单品特价:5.50元+【活动支出】单品特价:3.38元+【活动支出】单品特价:9.00元+【活动支出】饿了么红包:9.00元+【活动支出】粉丝群:1.00元+【活动支出】替用户承担配送费:2.3元,-,-,-,5.00,台州区域,台州直营,,,否,-,平台配送
圣比萨（玉环珠城路店）,SBS00027,台州,"8067646089692357936	",饿了么,平台外卖,已完成,2025-10-24 13:17:36,2025-10-24 13:17:36,2025-10-24 13:17:37,饿了么支付-在线支付,,即时单,2025-10-24 13:17:36,12.05,自动出餐,1,否,"新奥尔良烤鸡肉披萨-7英寸(手拍)[{""name"":""规格"",""value"":""7英寸(手拍)""}]（58.00*1）,餐盒（2.00*1）",新奥尔良烤鸡肉披萨,,,,非会员,3,,,2份餐具,,58.00,12.70,41.10,0.00,0,0,1.20,0.00,2.30,【活动支出】单品特价:34.10元+【活动支出】饿了么红包:7.00元+【活动支出】替用户承担配送费:2.3元,-,-,-,2.00,台州区域,台州直营,,,否,-,平台配送
圣比萨（玉环珠城路店）,SBS00027,台州,"8042706089687241094	",饿了么,平台外卖,已完成,2025-10-24 13:28:29,2025-10-24 13:28:29,2025-10-24 13:28:29,饿了么支付-在线支付,,即时单,2025-10-24 13:28:29,11.63,手动出餐,1,否,"奶酪芝士卷边（7英寸）（4.90*1）,台式香烤地道肠（7.50*2）,【圣比福利】蛋挞1个（5.00*1）,榴莲王披萨-9英寸(手拍)[{""name"":""规格"",""value"":""9英寸(手拍)""}]（92.00*1）,新奥尔良烤鸡肉披萨-7英寸(手拍)[{""name"":""规格"",""value"":""7英寸(手拍)""}]（58.00*1）,薯饼3个（12.00*1）,餐盒（5.00*1）",奶酪芝士卷边7+地道肠1根+蛋挞1个+榴莲王披萨+新奥尔良烤鸡肉披萨+薯饼,,,,非会员,4,,,4份餐具,,186.90,60.88,108.21,0.00,0,0,5.81,0.00,6.20,【活动支出】店铺满减:6.00元+【活动支出】单品特价:6.00元+【活动支出】单品特价:4.01元+【活动支出】单品特价:48.10元+【活动支出】单品特价:34.10元+【活动支出】单品特价:9.00元+【活动支出】粉丝群:1.00元+【活动支出】替用户承担配送费:6.0元,-,-,-,5.00,台州区域,台州直营,,,否,-,平台配送
圣比萨（玉环珠城路店）,SBS00027,台州,"8066936089730773352	",饿了么,平台外卖,已完成,2025-10-24 15:35:23,2025-10-24 15:35:23,2025-10-24 15:35:23,饿了么支付-在线支付,,即时单,2025-10-24 15:35:23,12.07,"初始值, 无意义",1,否,"蛋挞（10.00*1）,番茄牛肉意面（24.90*1）,餐盒（2.00*1）",蛋挞+番茄牛肉意面,,,,非会员,5,,,依据餐量提供餐具,,34.90,20.65,7.50,0.00,0,0,1.95,0.00,2.30,【活动支出】单品特价:0.50元+【活动支出】饿了么红包:7.00元+【活动支出】替用户承担配送费:2.3元,-,-,-,2.00,台州区域,台州直营,,,否,-,平台配送
圣比萨（玉环珠城路店）,SBS00027,台州,"8099390255941832153	",饿了么,平台外卖,已完成,2025-10-24 16:18:39,2025-10-24 16:18:39,2025-10-24 16:18:39,饿了么支付-在线支付,,即时单,2025-10-24 16:18:39,12.02,自动出餐,1,否,"【任选5件套】披萨意面我全都要[日系照烧鸡披萨7英寸+番茄牛肉意面+小食桶A+柠檬茶+柠檬茶]（128.00*1）,餐盒（1.00*1）",日系照烧鸡披萨【7英寸(手拍)】+番茄牛肉意面+明星小食桶A+柠檬茶+柠檬茶,,,,非会员,6,,,依据餐量提供餐具,,128.00,37.14,80.10,0.00,0,0,3.36,0.00,2.30,【活动支出】店铺满减:6.00元+【活动支出】单品特价:66.10元+【活动支出】饿了么红包:8.00元+【活动支出】替用户承担配送费:2.3元,-,-,-,1.00,台州区域,台州直营,,,否,-,平台配送
圣比萨（玉环珠城路店）,SBS00027,台州,"8091250255866010091	",饿了么,平台外卖,已完成,2025-10-24 16:25:33,2025-10-24 16:25:33,2025-10-24 16:25:34,饿了么支付-在线支付,,即时单,2025-10-24 16:25:33,12.17,自动出餐,1,否,"新奥尔良烤鸡肉披萨-7英寸(手拍)[{""name"":""规格"",""value"":""7英寸(手拍)""}]（58.00*1）,餐盒（2.00*1）",新奥尔良烤鸡肉披萨,,,,非会员,7,,,依据餐量提供餐具,,58.00,12.70,41.10,0.00,0,0,1.20,0.00,2.30,【活动支出】单品特价:34.10元+【活动支出】饿了么红包:7.00元+【活动支出】替用户承担配送费:2.3元,-,-,-,2.00,台州区域,台州直营,,,否,-,平台配送
圣比萨（玉环珠城路店）,SBS00027,台州,"8025636089751233996	",饿了么,平台外卖,已完成,2025-10-24 16:38:49,2025-10-24 16:38:49,2025-10-24 16:38:49,饿了么支付-在线支付,,即时单,2025-10-24 16:38:49,12.17,自动出餐,1,否,"新奥尔良烤鸡肉披萨-7英寸(手拍)[{""name"":""规格"",""value"":""7英寸(手拍)""}]（58.00*1）,餐盒（2.00*1）",新奥尔良烤鸡肉披萨,,,,非会员,8,,,依据餐量提供餐具,,58.00,12.70,41.10,0.00,0,0,1.20,0.00,2.30,【活动支出】单品特价:34.10元+【活动支出】饿了么红包:7.00元+【活动支出】替用户承担配送费:2.3元,-,-,-,2.00,台州区域,台州直营,,,否,-,平台配送
圣比萨（玉环珠城路店）,SBS00027,台州,"8070170255763146004	",饿了么,平台外卖,已完成,2025-10-24 16:48:46,2025-10-24 16:48:46,2025-10-24 16:48:46,饿了么支付-在线支付,,即时单,2025-10-24 16:48:46,12.02,自动出餐,1,否,"榴莲王披萨-12英寸(手拍)[{""name"":""规格"",""value"":""12英寸(手拍)""}]（129.00*1）",榴莲王披萨,,,,非会员,9,,,依据餐量提供餐具,,129.00,39.93,77.10,0.00,0,0,3.57,0.00,2.30,【活动支出】店铺满减:6.00元+【活动支出】单品特价:62.10元+【活动支出】饿了么红包:9.00元+【活动支出】替用户承担配送费:2.3元,-,-,-,0.00,台州区域,台州直营,,,否,-,平台配送
圣比萨（玉环珠城路店）,SBS00027,台州,"8042836089757412754	",饿了么,平台外卖,已完成,2025-10-24 16:51:17,2025-10-24 16:51:17,2025-10-24 16:51:17,饿了么支付-在线支付,,即时单,2025-10-24 16:51:17,12.17,自动出餐,1,否,"【任选】披萨8选1+小吃5选1+饮品·[纯芝士披萨7英寸+盐酥鸡米花小份+港式奶茶]（58.00*1）,餐盒（1.00*1）",金牌芝士披萨【7英寸(手拍)】+盐酥鸡米花小份+港式奶茶,,,,非会员,10,,,奶茶要温的不加糖 / 1份餐具,,58.00,15.95,33.10,0.00,0,0,1.65,0.00,5.00,【活动支出】单品特价:26.10元+【活动支出】饿了么红包:7.00元+【活动支出】替用户承担配送费:5.0元,-,-,-,1.00,台州区域,台州直营,,,否,-,平台配送
圣比萨（玉环珠城路店）,SBS00027,台州,"8071430255865083141	",饿了么,平台外卖,已完成,2025-10-24 16:57:53,2025-10-24 16:57:53,2025-10-24 16:57:54,饿了么支付-在线支付,,即时单,2025-10-24 16:57:53,12.17,自动出餐,1,否,"【任选5件套】披萨意面我全都要[圣比招牌披萨7英寸+番茄牛肉意面+小食桶A+柠檬茶+港式奶茶]（128.00*1）,餐盒（1.00*1）",大圣招牌大满贯披萨【7英寸(手拍)】+番茄牛肉意面+明星小食桶A+柠檬茶+港式奶茶,,,,非会员,11,,,依据餐量提供餐具,,128.00,36.22,81.10,0.00,0,0,3.28,0.00,2.30,【活动支出】店铺满减:6.00元+【活动支出】单品特价:66.10元+【活动支出】饿了么红包:9.00元+【活动支出】替用户承担配送费:2.3元,-,-,-,1.00,台州区域,台州直营,,,否,-,平台配送
圣比萨（玉环珠城路店）,SBS00027,台州,"8061180255881129391	",饿了么,平台外卖,已完成,2025-10-24 16:59:07,2025-10-24 16:59:07,2025-10-24 16:59:07,饿了么支付-在线支付,,即时单,2025-10-24 16:59:07,12.22,自动出餐,1,否,"点击右上角❤️收藏得小吃[上校鸡块2个]（2.00*1）,上校鸡块（12.00*2）,【任选】披萨8选1+小吃5选1+饮品·[奥尔良鸡肉披萨7英寸+上校鸡块4个+港式奶茶]（58.00*1）,餐盒（3.00*1）",上校鸡块2个+上校鸡块+新奥尔良烤鸡肉披萨【7英寸(手拍)】+上校鸡块+港式奶茶,,,,非会员,12,,,奶茶要冰的 / 依据餐量提供餐具,,84.00,27.76,48.00,0.00,0,0,2.64,0.00,2.30,【活动支出】单品特价:1.90元+【活动支出】店铺满减:1.00元+【活动支出】单品特价:11.00元+【活动支出】单品特价:26.10元+【活动支出】超级会员专享红包:8.00元+【活动支出】 商家自营销加码:0.00元+【活动支出】替用户承担配送费:2.3元,-,-,-,3.00,台州区域,台州直营,,,否,-,平台配送
圣比萨（玉环珠城路店）,SBS00027,台州,"8061180255872573947	",饿了么,平台外卖,已完成,2025-10-24 17:03:49,2025-10-24 17:03:49,2025-10-24 17:03:49,饿了么支付-在线支付,,即时单,2025-10-24 17:03:49,12.13,自动出餐,1,否,"点击右上角❤️收藏得小吃[上校鸡块2个]（2.00*1）,️【任选】爆款意面4选1+小吃5选1+饮品[黑椒牛肉意面+深海墨鱼丸3个+港式奶茶]（61.00*1）,金丝鸡排（10.88*1）,餐盒（2.00*1）",上校鸡块2个+黑椒牛肉意面+深海墨鱼丸3个+港式奶茶+金丝鸡排,,,,非会员,13,,,依据餐量提供餐具,,73.88,22.60,44.38,0.00,0,0,2.10,0.00,2.30,【活动支出】单品特价:1.90元+【活动支出】店铺满减:1.00元+【活动支出】单品特价:29.10元+【活动支出】单品特价:3.38元+【活动支出】饿了么红包:9.00元+【活动支出】替用户承担配送费:2.3元,-,-,-,2.00,台州区域,台州直营,,,否,-,平台配送
圣比萨（玉环珠城路店）,SBS00027,台州,"8035010255776550310	",饿了么,平台外卖,已完成,2025-10-24 17:04:24,2025-10-24 17:04:24,2025-10-24 17:04:24,饿了么支付-在线支付,,即时单,2025-10-24 17:04:24,12.12,自动出餐,1,否,"7件套随心拼套餐（49.90*1）,【任选】披萨8选1+小吃5选1+饮品·[缤纷水果披萨7英寸+盐酥鸡米花小份+芒果汁]（58.00*1）,餐盒（2.00*1）",芒果汁+芒果汁+番茄牛肉意面+日系照烧鸡披萨(7英寸(手拍))+盐酥鸡米花小份+薯饼2个+地道肠1根+缤纷水果披萨【7英寸(手拍)】+盐酥鸡米花小份+芒果汁,,,,非会员,14,,,依据餐量提供餐具,,107.90,51.33,44.10,0.00,0,0,4.57,0.00,2.30,【活动支出】店铺满减:6.00元+【活动支出】单品特价:26.10元+【活动支出】饿了么红包:12.00元+【活动支出】替用户承担配送费:2.3元,-,-,-,2.00,台州区域,台州直营,,,否,-,平台配送
圣比萨（玉环珠城路店）,SBS00027,台州,"8036450255961417040	",饿了么,平台外卖,已完成,2025-10-24 17:06:15,2025-10-24 17:06:15,2025-10-24 17:06:15,饿了么支付-在线支付,,即时单,2025-10-24 17:06:15,12.18,自动出餐,1,否,"招牌肉酱意面（52.00*1）,餐盒（1.00*1）",招牌肉酱意面,,,,非会员,15,,,依据餐量提供餐具,,52.00,11.73,34.50,0.00,0,0,1.17,0.00,2.30,【活动支出】单品特价:27.50元+【活动支出】饿了么红包:7.00元+【活动支出】替用户承担配送费:2.3元,-,-,-,1.00,台州区域,台州直营,,,否,-,平台配送
圣比萨（玉环珠城路店）,SBS00027,台州,"8092876089764858245	",饿了么,平台外卖,已完成,2025-10-24 17:12:01,2025-10-24 17:12:01,2025-10-24 17:12:01,饿了么支付-在线支付,,即时单,2025-10-24 17:12:01,12.20,自动出餐,1,否,"点击右上角❤️收藏得小吃[上校鸡块2个]（2.00*1）,【任选2件套】买一送一7英寸披萨[缤纷水果披萨7英寸+圣比招牌披萨7英寸]（86.80*1）,餐盒（1.00*1）",上校鸡块2个+缤纷水果披萨【7英寸(手拍)】+大圣招牌大满贯披萨【7英寸(手拍)】,,,,非会员,16,,,依据餐量提供餐具,,88.80,25.62,53.80,0.00,0,0,2.38,0.00,3.30,【活动支出】单品特价:1.90元+【活动支出】店铺满减:1.00元+【活动支出】单品特价:41.90元+【活动支出】饿了么红包:9.00元+【活动支出】替用户承担配送费:3.3元,-,-,-,1.00,台州区域,台州直营,,,否,-,平台配送
圣比萨（玉环珠城路店）,SBS00027,台州,"8057856089790403960	",饿了么,平台外卖,已完成,2025-10-24 17:17:25,2025-10-24 17:17:25,2025-10-24 17:17:25,饿了么支付-在线支付,,即时单,2025-10-24 17:17:25,12.02,自动出餐,1,否,"新奥尔良烤鸡肉披萨-7英寸(手拍)[{""name"":""规格"",""value"":""7英寸(手拍)""}]（58.00*1）,餐盒（2.00*1）",新奥尔良烤鸡肉披萨,,,,非会员,17,,,1份餐具,,58.00,12.70,41.10,0.00,0,0,1.20,0.00,2.30,【活动支出】单品特价:34.10元+【活动支出】饿了么红包:7.00元+【活动支出】替用户承担配送费:2.3元,-,-,-,2.00,台州区域,台州直营,,,否,-,平台配送
圣比萨（玉环珠城路店）,SBS00027,台州,"8065210255890352492	",饿了么,平台外卖,已完成,2025-10-24 17:23:37,2025-10-24 17:23:37,2025-10-24 17:23:38,饿了么支付-在线支付,,即时单,2025-10-24 17:23:37,12.00,自动出餐,1,否,"【任选2件套】买一送一7英寸披萨[奥尔良鸡肉披萨7英寸+碳烤鸡肉培根7英寸]（86.80*1）,餐盒（1.00*1）",新奥尔良烤鸡肉披萨【7英寸(手拍)】+碳烤鸡肉培根披萨【7英寸(手拍)】,,,,非会员,18,,,2份餐具,,86.80,26.68,51.90,0.00,0,0,2.42,0.00,2.30,【活动支出】店铺满减:1.00元+【活动支出】单品特价:41.90元+【活动支出】饿了么红包:9.00元+【活动支出】替用户承担配送费:2.3元,-,-,-,1.00,台州区域,台州直营,,,否,-,平台配送
圣比萨（玉环珠城路店）,SBS00027,台州,"8071576089776809450	",饿了么,平台外卖,已完成,2025-10-24 18:03:55,2025-10-24 18:03:55,2025-10-24 18:03:56,饿了么支付-在线支付,,即时单,2025-10-24 18:03:55,12.22,自动出餐,1,否,"榴莲王披萨-12英寸(手拍)[{""name"":""规格"",""value"":""12英寸(手拍)""}]（129.00*1）",榴莲王披萨,,,,非会员,19,,,3份餐具,,129.00,39.93,77.10,0.00,0,0,3.57,0.00,2.30,【活动支出】店铺满减:6.00元+【活动支出】单品特价:62.10元+【活动支出】饿了么红包:9.00元+【活动支出】替用户承担配送费:2.3元,-,-,-,0.00,台州区域,台州直营,,,否,-,平台配送
圣比萨（玉环珠城路店）,SBS00027,台州,"8049776089803590085	",饿了么,平台外卖,已完成,2025-10-24 18:17:29,2025-10-24 18:17:29,2025-10-24 18:17:29,饿了么支付-在线支付,,即时单,2025-10-24 18:17:29,12.23,自动出餐,1,否,奥尔良烤鸡肉披萨(7寸)-单点（20.41*1）,新奥尔良烤鸡肉披萨【7英寸(手拍)】,,,,非会员,20,,,依据餐量提供餐具,,20.41,13.21,0.00,0.00,0,0,0.00,0.00,,【活动支出】拼团反圈活动:0.00元,-,-,-,0.00,台州区域,台州直营,,,否,-,平台配送
圣比萨（玉环珠城路店）,SBS00027,台州,"8069450256035354922	",饿了么,平台外卖,已完成,2025-10-24 19:00:34,2025-10-24 19:00:34,2025-10-24 19:00:35,饿了么支付-在线支付,,即时单,2025-10-24 19:00:34,12.10,自动出餐,1,否,"新奥尔良烤鸡肉披萨-7英寸(手拍)[{""name"":""规格"",""value"":""7英寸(手拍)""}]（58.00*1）,餐盒（2.00*1）",新奥尔良烤鸡肉披萨,,,,非会员,21,,,依据餐量提供餐具,,58.00,13.63,40.10,0.00,0,0,1.27,0.00,2.30,【活动支出】单品特价:34.10元+【活动支出】粉丝群:1.00元+【活动支出】饿了么红包:5.00元+【活动支出】替用户承担配送费:2.3元,-,-,-,2.00,台州区域,台州直营,,,否,-,平台配送
圣比萨（玉环珠城路店）,SBS00027,台州,"8068816089845323025	",饿了么,平台外卖,已完成,2025-10-24 19:17:56,2025-10-24 19:17:56,2025-10-24 19:17:57,饿了么支付-在线支付,,即时单,2025-10-24 19:17:56,12.03,自动出餐,1,否,"新奥尔良烤鸡肉披萨-7英寸(手拍)[{""name"":""规格"",""value"":""7英寸(手拍)""}]（58.00*1）,餐盒（2.00*1）",新奥尔良烤鸡肉披萨,,,,非会员,22,,,依据餐量提供餐具,,58.00,14.56,39.10,0.00,0,0,1.34,0.00,2.30,【活动支出】单品特价:34.10元+【活动支出】饿了么红包:5.00元+【活动支出】替用户承担配送费:2.3元,-,-,-,2.00,台州区域,台州直营,,,否,-,平台配送
圣比萨（玉环珠城路店）,SBS00027,台州,"8072626089860505015	",饿了么,平台外卖,已完成,2025-10-24 19:44:01,2025-10-24 19:44:01,2025-10-24 19:44:01,饿了么支付-在线支付,,预约单,2025-10-24 20:20:00,3.08,自动出餐,1,否,"【随心❤️拼】7英寸双拼披萨（口味自选）[培根鸡肉+日系照烧]（68.00*1）,餐盒（1.00*1）",双拼7寸【碳烤鸡肉培根口味7】+双拼7寸【日系照烧口味7】,,,,非会员,23,,,依据餐量提供餐具,,68.00,14.56,48.10,0.00,0,0,1.34,0.00,2.30,【活动支出】单品特价:41.10元+【活动支出】饿了么红包:7.00元+【活动支出】替用户承担配送费:2.3元,-,-,-,1.00,台州区域,台州直营,,,否,-,平台配送
圣比萨（玉环珠城路店）,SBS00027,台州,"8044380255977178461	",饿了么,平台外卖,已完成,2025-10-24 19:50:15,2025-10-24 19:50:15,2025-10-24 19:50:15,饿了么支付-在线支付,,即时单,2025-10-24 19:50:15,9.65,手动出餐,1,否,"榴莲王披萨-9英寸(手拍)[{""name"":""规格"",""value"":""9英寸(手拍)""}]（92.00*1）",榴莲王披萨,,,,非会员,24,,,依据餐量提供餐具,,92.00,25.53,56.10,0.00,0,0,2.37,0.00,3.30,【活动支出】单品特价:56.10元+【活动支出】替用户承担配送费:3.3元,-,-,-,0.00,台州区域,台州直营,,,否,-,平台配送
圣比萨（玉环珠城路店）,SBS00027,台州,"8020460256086619421	",饿了么,平台外卖,已完成,2025-10-24 20:57:57,2025-10-24 20:57:57,2025-10-24 20:57:57,饿了么支付-在线支付,,即时单,2025-10-24 20:57:57,12.23,自动出餐,1,否,"缤纷水果披萨-7英寸(手拍)[{""name"":""规格"",""value"":""7英寸(手拍)""}]（42.00*1）",缤纷水果披萨,,,,非会员,25,,,依据餐量提供餐具,,42.00,12.70,23.10,0.00,0,0,1.20,0.00,2.30,【活动支出】单品特价:16.10元+【活动支出】超级会员专享红包:5.00元+【活动支出】 商家自营销加码:2.00元+【活动支出】替用户承担配送费:2.3元,-,-,-,0.00,台州区域,台州直营,,,否,-,平台配送
圣比萨（玉环珠城路店）,SBS00027,台州,"8047706089890768193	",饿了么,平台外卖,已完成,2025-10-24 21:25:23,2025-10-24 21:25:23,2025-10-24 21:25:23,饿了么支付-在线支付,,即时单,2025-10-24 21:25:23,12.03,自动出餐,1,否,"榴莲王披萨-7英寸(经典手拍)[{""name"":""规格"",""value"":""7英寸(经典手拍)""}]（52.00*1）",榴莲王披萨,,,,非会员,26,,,依据餐量提供餐具,,52.00,18.38,25.10,0.00,0,0,1.72,0.00,3.30,【活动支出】单品特价:18.10元+【活动支出】 商家自营销加码:2.00元+【活动支出】饿了么红包:5.00元+【活动支出】替用户承担配送费:3.3元,-,-,-,0.00,台州区域,台州直营,,,否,-,平台配送
圣比萨（玉环珠城路店）,SBS00027,台州,"8059050256021536100	",饿了么,平台外卖,已退款,2025-10-24 21:56:07,2025-10-24 21:56:07,2025-10-24 21:56:07,饿了么支付-在线支付,,即时单,2025-10-24 21:56:07,,未出餐,1,否,"【随心拼】12英寸披萨（口味自选）[培根鸡肉+奥尔良鸡肉]（105.00*1）,餐盒（1.00*1）",双拼12寸【培根鸡肉口味12】+双拼12寸【奥尔良口味12】,,,,非会员,27,,,依据餐量提供餐具,订单强制无效（商家主动取消已接订单、用户1分钟内取消),105.00,0.46,62.10,30.90,0,0,2.94,0.00,4.30,【活动支出】店铺满减:1.00元+【活动支出】单品特价:51.10元+【活动支出】粉丝群:1.00元+【活动支出】饿了么红包:9.00元+【活动支出】替用户承担配送费:4.3元,-,-,-,1.00,台州区域,台州直营,,,否,-,平台配送
圣比萨（科技城店）,SBM00006,温州,"8015240255503296948	",饿了么,平台外卖,已退款,2025-10-23 22:38:45,2025-10-23 22:38:45,2025-10-23 22:38:45,饿了么支付-在线支付,,预约单,2025-10-24 14:10:00,,未出餐,1,否,"新奥尔良烤鸡肉披萨-9寸(经典手拍)[{""name"":""规格"",""value"":""9寸(经典手拍)""}]（78.00*1）,圣比招牌披萨-9寸(经典手拍)[{""name"":""规格"",""value"":""9寸(经典手拍)""}]（78.00*1）,餐盒（4.00*1）",新奥尔良烤鸡肉披萨+大圣招牌大满贯披萨,,,,非会员,1,,,10份餐具,"餐厅同意取消单 ",156.00,1.84,82.20,53.80,0,0,5.61,0.00,8.00,【活动支出】店铺满减:6.00元+【活动支出】单品特价:34.10元+【活动支出】单品特价:34.10元+【活动支出】饿了么红包:8.00元+【活动支出】替用户承担配送费:6.0元,-,-,-,4.00,温州区域,温州加盟,,,否,-,平台配送
圣比萨（科技城店）,SBM00006,温州,"8076636089465338172	",饿了么,平台外卖,已完成,2025-10-23 22:59:46,2025-10-23 22:59:46,2025-10-23 22:59:46,饿了么支付-在线支付,,预约单,2025-10-24 11:25:00,713.87,手动出餐,1,否,"招牌肉酱意面（30.00*1）,港式奶茶[冷]（10.00*1）,餐盒（2.00*1）",招牌肉酱意面+港式奶茶,,,,非会员,2,,,依据餐量提供餐具,,40.00,20.91,9.10,0.00,0,0,2.24,0.00,7.40,【活动支出】单品特价:2.10元+【活动支出】单品特价:2.00元+【活动支出】饿了么红包:5.00元+【活动支出】替用户承担配送费:6.0元,-,-,-,2.00,温州区域,温州加盟,,,否,-,平台配送
圣比萨（科技城店）,SBM00006,温州,"8015100255658665346	",饿了么,平台外卖,已完成,2025-10-24 09:51:53,2025-10-24 09:51:53,2025-10-24 09:51:54,饿了么支付-在线支付,,预约单,2025-10-24 11:40:00,89.68,手动出餐,1,否,"招牌肉酱意面（30.00*1）,任选焗饭4选1+小吃6选1+饮料[招牌肉酱芝士焗饭+墨鱼丸3个+可乐+常温]（60.59*1）,餐盒（3.00*1）",招牌肉酱意面+招牌肉酱芝士焗饭+深海墨鱼丸【3个】+小可乐,,,,非会员,3,,,高二17班胡越桐 / 依据餐量提供餐具,,90.59,34.13,46.29,0.00,0,0,3.32,0.00,4.50,【活动支出】店铺满减:6.00元+【活动支出】单品特价:2.10元+【活动支出】单品特价:26.19元+【活动支出】饿了么红包:12.00元+【活动支出】替用户承担配送费:4.5元,-,-,-,3.00,温州区域,温州加盟,,,否,-,平台配送
圣比萨（科技城店）,SBM00006,温州,"8023626089541652806	",饿了么,平台外卖,已完成,2025-10-24 10:46:20,2025-10-24 10:46:20,2025-10-24 10:46:21,饿了么支付-在线支付,,即时单,2025-10-24 10:46:20,7.10,手动出餐,1,否,"任选披萨6选1+小吃6选1+饮料[水果披萨7寸+上校鸡块4个+奶茶+常温]（61.55*1）,餐盒（2.00*1）",缤纷水果披萨【7英寸(手拍)】+上校鸡块+港式奶茶,,,,非会员,4,,,对骑手送餐请走客梯，餐放鞋柜上，按一下门铃就行了，谢谢！ / 依据餐量提供餐具,,61.55,19.37,34.15,0.00,0,0,1.98,0.00,4.50,【活动支出】单品特价:26.15元+【活动支出】超级会员专享红包:8.00元+【活动支出】 商家自营销加码:0.00元+【活动支出】替用户承担配送费:4.5元,-,-,-,2.00,温州区域,温州加盟,,,否,-,平台配送
圣比萨（科技城店）,SBM00006,温州,"8077470255689862579	",饿了么,平台外卖,已完成,2025-10-24 11:00:36,2025-10-24 11:00:36,2025-10-24 11:00:36,饿了么支付-在线支付,,即时单,2025-10-24 11:00:36,10.45,手动出餐,1,否,奥尔良烤鸡肉披萨(7寸)-单点（23.21*1）,新奥尔良烤鸡肉披萨【7英寸(手拍)】,,,,非会员,5,,,1份餐具,,23.21,13.21,0.00,0.00,0,0,0.00,0.00,,【活动支出】拼团反圈活动:0.00元,-,-,-,0.00,温州区域,温州加盟,,,否,-,平台配送
圣比萨（科技城店）,SBM00006,温州,"8079470255596867878	",饿了么,平台外卖,已完成,2025-10-24 11:07:30,2025-10-24 11:07:30,2025-10-24 11:07:31,饿了么支付-在线支付,,即时单,2025-10-24 11:07:30,11.30,手动出餐,1,否,"小食拼盘（41.00*1）,浪漫威尼斯披萨-7寸(经典手拍)[{""name"":""规格"",""value"":""7寸(经典手拍)""}]（42.00*1）,餐盒（4.00*1）",小吃拼盘+浪漫威尼斯披萨,,,,非会员,6,,,依据餐量提供餐具,,83.00,33.34,41.20,0.00,0,0,3.21,0.00,4.50,【活动支出】店铺满减:6.00元+【活动支出】单品特价:11.10元+【活动支出】单品特价:15.10元+【活动支出】饿了么红包:9.00元+【活动支出】替用户承担配送费:4.5元,-,-,-,4.00,温州区域,温州加盟,,,否,-,平台配送
圣比萨（科技城店）,SBM00006,温州,"8078776089585817033	",饿了么,平台外卖,已完成,2025-10-24 11:09:25,2025-10-24 11:09:25,2025-10-24 11:09:26,饿了么支付-在线支付,,即时单,2025-10-24 11:09:25,9.42,手动出餐,1,否,"9寸披萨随❤️双拼[圣比至尊+牛肉至尊]（80.00*1）,餐盒（2.00*1）",双拼9寸【圣比招牌口味9】+双拼9寸【牛魔王口味9】,,,,非会员,7,,,依据餐量提供餐具,,80.00,27.21,45.10,0.00,0,0,2.54,0.00,3.50,【活动支出】店铺满减:1.00元+【活动支出】单品特价:36.10元+【活动支出】饿了么红包:8.00元+【活动支出】替用户承担配送费:3.5元,-,-,-,2.00,温州区域,温州加盟,,,否,-,平台配送
圣比萨（科技城店）,SBM00006,温州,"8055746089588640155	",饿了么,平台外卖,已完成,2025-10-24 11:11:22,2025-10-24 11:11:22,2025-10-24 11:11:22,饿了么支付-在线支付,,即时单,2025-10-24 11:11:22,12.03,手动出餐,1,否,"浪漫威尼斯披萨-9寸(经典手拍)[{""name"":""规格"",""value"":""9寸(经典手拍)""}]（75.00*1）,餐盒（2.00*1）",浪漫威尼斯披萨,,,,非会员,8,,,依据餐量提供餐具,,75.00,24.11,44.10,0.00,0,0,2.24,0.00,3.50,【活动支出】店铺满减:1.00元+【活动支出】单品特价:35.10元+【活动支出】饿了么红包:8.00元+【活动支出】替用户承担配送费:3.5元,-,-,-,2.00,温州区域,温州加盟,,,否,-,平台配送
圣比萨（科技城店）,SBM00006,温州,"8097656089579879824	",饿了么,平台外卖,已完成,2025-10-24 11:22:11,2025-10-24 11:22:11,2025-10-24 11:22:11,饿了么支付-在线支付,,即时单,2025-10-24 11:22:11,13.45,手动出餐,1,否,"圣比招牌披萨-9寸(经典手拍)[{""name"":""规格"",""value"":""9寸(经典手拍)""}]（78.00*1）,碳烤鸡肉培根披萨-9寸(经典手拍)[{""name"":""规格"",""value"":""9寸(经典手拍)""}]（78.00*1）,餐盒（4.00*1）",大圣招牌大满贯披萨+碳烤鸡肉培根披萨,,,,非会员,9,,,依据餐量提供餐具,,156.00,56.54,86.20,0.00,0,0,5.31,0.00,3.50,【活动支出】店铺满减:6.00元+【活动支出】单品特价:34.10元+【活动支出】单品特价:34.10元+【活动支出】饿了么红包:12.00元+【活动支出】替用户承担配送费:3.5元,-,-,-,4.00,温州区域,温州加盟,,,否,-,平台配送
圣比萨（科技城店）,SBM00006,温州,"8028200255825572230	",饿了么,平台外卖,已完成,2025-10-24 11:39:20,2025-10-24 11:39:20,2025-10-24 11:39:20,饿了么支付-在线支付,,即时单,2025-10-24 11:39:20,11.63,手动出餐,1,否,"任选披萨6选1+小吃6选1+饮料[奥尔良鸡肉披萨7寸+上校鸡块4个+奶茶+热]（61.55*1）,餐盒（2.00*1）",新奥尔良烤鸡肉披萨【7英寸(手拍)】+上校鸡块+港式奶茶,,,,非会员,10,,,依据餐量提供餐具,,61.55,21.19,33.15,0.00,0,0,2.06,0.00,3.50,【活动支出】单品特价:26.15元+【活动支出】 商家自营销加码:2.00元+【活动支出】饿了么红包:5.00元+【活动支出】替用户承担配送费:3.5元,-,-,-,2.00,温州区域,温州加盟,,,否,-,平台配送
圣比萨（科技城店）,SBM00006,温州,"8046676089599056330	",饿了么,平台外卖,已完成,2025-10-24 11:39:38,2025-10-24 11:39:38,2025-10-24 11:39:38,饿了么支付-在线支付,,即时单,2025-10-24 11:39:38,11.95,手动出餐,1,否,"碳烤鸡肉培根披萨-7寸(经典手拍)[{""name"":""规格"",""value"":""7寸(经典手拍)""}]（45.00*1）,餐盒（2.00*1）",碳烤鸡肉培根披萨,,,,非会员,11,,,放门口 / 依据餐量提供餐具,,45.00,18.23,21.10,0.00,0,0,1.72,0.00,3.50,【活动支出】单品特价:14.10元+【活动支出】饿了么红包:7.00元+【活动支出】替用户承担配送费:3.5元,-,-,-,2.00,温州区域,温州加盟,,,否,-,平台配送
圣比萨（科技城店）,SBM00006,温州,"8011060255824548345	",饿了么,平台外卖,已完成,2025-10-24 11:50:52,2025-10-24 11:50:52,2025-10-24 11:50:52,饿了么支付-在线支付,,即时单,2025-10-24 11:50:52,0.77,手动出餐,1,否,"任选披萨6选1+小吃6选1+饮料[碳烤培根鸡肉披萨7寸+金丝鸡排1个+奶茶+常温]（61.55*1）,餐盒（2.00*1）",碳烤鸡肉培根披萨【7英寸(手拍)】+金丝鸡排+港式奶茶,,,,非会员,12,,,依据餐量提供餐具,,61.55,21.19,33.15,0.00,0,0,2.06,0.00,3.50,【活动支出】单品特价:26.15元+【活动支出】 商家自营销加码:2.00元+【活动支出】饿了么红包:5.00元+【活动支出】替用户承担配送费:3.5元,-,-,-,2.00,温州区域,温州加盟,,,否,-,平台配送
圣比萨（科技城店）,SBM00006,温州,"8015240255670986156	",饿了么,平台外卖,已完成,2025-10-24 12:31:02,2025-10-24 12:31:02,2025-10-24 12:31:02,饿了么支付-在线支付,,预约单,2025-10-24 15:15:00,132.25,手动出餐,1,否,"新奥尔良烤鸡肉披萨-9寸(经典手拍)[{""name"":""规格"",""value"":""9寸(经典手拍)""}]（78.00*1）,圣比招牌披萨-9寸(经典手拍)[{""name"":""规格"",""value"":""9寸(经典手拍)""}]（78.00*1）,餐盒（4.00*1）",新奥尔良烤鸡肉披萨+大圣招牌大满贯披萨,,,,非会员,13,,,10份餐具,,156.00,51.94,86.20,0.00,0,0,5.31,0.00,8.00,【活动支出】店铺满减:6.00元+【活动支出】单品特价:34.10元+【活动支出】单品特价:34.10元+【活动支出】饿了么红包:12.00元+【活动支出】替用户承担配送费:6.0元,-,-,-,4.00,温州区域,温州加盟,,,否,-,平台配送
圣比萨（科技城店）,SBM00006,温州,"8060736089682319782	",饿了么,平台外卖,已完成,2025-10-24 12:35:06,2025-10-24 12:35:06,2025-10-24 12:35:06,饿了么支付-在线支付,,即时单,2025-10-24 12:35:06,10.68,手动出餐,1,否,"9寸披萨随❤️双拼[水果+水果]（80.00*1）,餐盒（2.00*1）",双拼9寸【缤纷水果口味9】+双拼9寸【缤纷水果口味9】,,,,非会员,14,,,无需餐具,,80.00,27.21,45.10,0.00,0,0,2.54,0.00,3.50,【活动支出】店铺满减:1.00元+【活动支出】单品特价:36.10元+【活动支出】饿了么红包:8.00元+【活动支出】替用户承担配送费:3.5元,-,-,-,2.00,温州区域,温州加盟,,,否,-,平台配送
圣比萨（科技城店）,SBM00006,温州,"8053986089719690612	",饿了么,平台外卖,已完成,2025-10-24 13:51:40,2025-10-24 13:51:40,2025-10-24 13:51:40,饿了么支付-在线支付,,即时单,2025-10-24 13:51:40,12.85,手动出餐,1,否,"任选披萨6选1+小吃6选1+饮料[水果披萨7寸+薯条1份+柠檬茶+常温]（61.55*1）,任选披萨6选1+小吃6选1+饮料[奥尔良鸡肉披萨7寸+上校鸡块4个+柠檬茶+常温]（61.55*1）,土豪加料随心选-加一份玉米[加披萨里][{""name"":""规格"",""value"":""加一份玉米""}]（7.00*1）,餐盒（4.00*1）",缤纷水果披萨【7英寸(手拍)】+经典薯条+柠檬茶+新奥尔良烤鸡肉披萨【7英寸(手拍)】+上校鸡块+柠檬茶+土豪加料随心选,,,,非会员,15,,,依据餐量提供餐具,,130.10,46.39,70.30,0.00,0,0,4.56,0.00,4.50,【活动支出】店铺满减:6.00元+【活动支出】单品特价:52.30元+【活动支出】饿了么红包:12.00元+【活动支出】替用户承担配送费:4.5元,-,-,-,4.00,温州区域,温州加盟,,,否,-,平台配送
圣比萨（科技城店）,SBM00006,温州,"8038816089723794839	",饿了么,平台外卖,已完成,2025-10-24 14:09:28,2025-10-24 14:09:28,2025-10-24 14:09:28,饿了么支付-在线支付,,即时单,2025-10-24 14:09:28,9.10,手动出餐,1,否,"任选披萨6选1+小吃6选1+饮料[纯芝士披萨7寸+薯条1份+奶茶+热]（61.55*1）,餐盒（2.00*1）",金牌芝士披萨【7英寸(手拍)】+经典薯条+港式奶茶,,,,非会员,16,,,1份餐具,,61.55,21.19,33.15,0.00,0,0,2.06,0.00,3.50,【活动支出】单品特价:26.15元+【活动支出】饿了么红包:7.00元+【活动支出】替用户承担配送费:3.5元,-,-,-,2.00,温州区域,温州加盟,,,否,-,平台配送
圣比萨（科技城店）,SBM00006,温州,"8075806089711362304	",饿了么,平台外卖,已完成,2025-10-24 14:16:00,2025-10-24 14:16:00,2025-10-24 14:16:00,饿了么支付-在线支付,,即时单,2025-10-24 14:16:00,10.80,手动出餐,1,否,"9寸披萨随❤️双拼[水果+圣比至尊]（80.00*1）,港式奶茶[冷]（10.00*1）,餐盒（3.00*1）",双拼9寸【缤纷水果口味9】+双拼9寸【圣比招牌口味9】+港式奶茶,,,,非会员,17,,,依据餐量提供餐具,,90.00,32.51,48.10,0.00,0,0,3.14,0.00,5.00,【活动支出】店铺满减:1.00元+【活动支出】单品特价:36.10元+【活动支出】单品特价:2.00元+【活动支出】饿了么红包:9.00元+【活动支出】替用户承担配送费:5.0元,-,-,-,3.00,温州区域,温州加盟,,,否,-,平台配送
圣比萨（科技城店）,SBM00006,温州,"8017010255909930277	",饿了么,平台外卖,已完成,2025-10-24 14:26:53,2025-10-24 14:26:53,2025-10-24 14:26:53,饿了么支付-在线支付,,即时单,2025-10-24 14:26:53,12.42,手动出餐,1,否,"圣比招牌披萨-12寸(经典手拍)[{""name"":""规格"",""value"":""12寸(经典手拍)""}]（109.00*1）,餐盒（2.00*1）",大圣招牌大满贯披萨,,,,非会员,18,,,依据餐量提供餐具,,109.00,36.18,63.10,0.00,0,0,3.37,0.00,4.00,【活动支出】店铺满减:6.00元+【活动支出】单品特价:45.10元+【活动支出】饿了么红包:12.00元+【活动支出】替用户承担配送费:4.0元,-,-,-,2.00,温州区域,温州加盟,,,否,-,平台配送
圣比萨（科技城店）,SBM00006,温州,"8066836089721970129	",饿了么,平台外卖,已完成,2025-10-24 14:39:17,2025-10-24 14:39:17,2025-10-24 14:39:17,饿了么支付-在线支付,,即时单,2025-10-24 14:39:17,5.77,手动出餐,1,否,"单人吃鸡套餐[新奥尔良鸡肉7寸+金丝藤椒鸡排1个+柠檬茶+冷]（62.00*1）,餐盒（3.00*1）",新奥尔良烤鸡肉披萨【7英寸(手拍)】+金丝鸡排+柠檬茶,,,,非会员,19,,,依据餐量提供餐具,,62.00,19.67,34.30,0.00,0,0,2.08,0.00,5.60,【活动支出】店铺满减:1.00元+【活动支出】单品特价:25.30元+【活动支出】 商家自营销加码:1.00元+【活动支出】饿了么红包:7.00元+【活动支出】替用户承担配送费:5.6元,-,-,-,3.00,温州区域,温州加盟,,,否,-,平台配送
圣比萨（科技城店）,SBM00006,温州,"8074766089712372004	",饿了么,平台外卖,已完成,2025-10-24 14:53:47,2025-10-24 14:53:47,2025-10-24 14:53:47,饿了么支付-在线支付,,即时单,2025-10-24 14:53:47,13.38,手动出餐,1,否,"榴莲王披萨-12英寸（经典手拍）[{""name"":""规格"",""value"":""12英寸（经典手拍）""}]（129.00*1）,柠檬茶[冷]（6.00*2）,蛋挞（10.00*1）,经典薯条（18.88*1）,港式奶茶[冷]（10.00*1）,明星小食桶C（38.00*1）,餐盒（8.00*1）",榴莲王披萨+柠檬茶+蛋挞+经典薯条+港式奶茶+明星小食桶C,,,,非会员,20,,,依据餐量提供餐具,,217.88,115.56,79.19,0.00,0,0,10.78,0.00,3.50,【活动支出】店铺满减:6.00元+【活动支出】单品特价:50.10元+【活动支出】单品特价:1.01元+【活动支出】单品特价:8.98元+【活动支出】单品特价:2.00元+【活动支出】单品特价:11.10元+【活动支出】替用户承担配送费:3.0元,-,-,-,8.00,温州区域,温州加盟,,,否,-,平台配送
圣比萨（科技城店）,SBM00006,温州,"8039956089731380698	",饿了么,平台外卖,已完成,2025-10-24 16:00:12,2025-10-24 16:00:12,2025-10-24 16:00:12,饿了么支付-在线支付,,预约单,2025-10-24 16:45:00,16.55,手动出餐,1,否,"香烤鸡翅-4只[{""name"":""规格"",""value"":""4只""}]（30.00*1）,新奥尔良烤鸡肉披萨-7寸(经典手拍)[{""name"":""规格"",""value"":""7寸(经典手拍)""}]（45.00*1）,招牌肉酱意面（30.00*1）,经典薯条（18.88*1）,餐盒（5.00*1）",香烤鸡翅+新奥尔良烤鸡肉披萨+招牌肉酱意面+经典薯条,,,,非会员,21,,,5份餐具,,123.88,60.15,51.18,0.00,0,0,5.60,0.00,4.00,【活动支出】店铺满减:6.00元+【活动支出】单品特价:8.00元+【活动支出】单品特价:14.10元+【活动支出】单品特价:2.10元+【活动支出】单品特价:8.98元+【活动支出】饿了么红包:12.00元+【活动支出】替用户承担配送费:4.0元,-,-,-,5.00,温州区域,温州加盟,,,否,-,平台配送
圣比萨（科技城店）,SBM00006,温州,"8038666089752555824	",饿了么,平台外卖,已完成,2025-10-24 16:01:44,2025-10-24 16:01:44,2025-10-24 16:01:44,饿了么支付-在线支付,,即时单,2025-10-24 16:01:44,9.43,手动出餐,1,否,"7寸披萨一人食土豪餐[水果7寸+上校鸡块一份+地道肠肠1根+芒果汁+冷]（70.00*1）,餐盒（2.00*1）",缤纷水果披萨【7英寸(手拍)】+上校鸡块+芒果汁,,,,非会员,22,,,依据餐量提供餐具,,70.00,20.59,42.90,0.00,0,0,1.96,0.00,3.50,【活动支出】店铺满减:1.00元+【活动支出】单品特价:33.90元+【活动支出】饿了么红包:8.00元+【活动支出】替用户承担配送费:3.5元,-,-,-,2.00,温州区域,温州加盟,,,否,-,平台配送
圣比萨（科技城店）,SBM00006,温州,"8070050255861553521	",饿了么,平台外卖,已完成,2025-10-24 16:26:21,2025-10-24 16:26:21,2025-10-24 16:26:21,饿了么支付-在线支付,,即时单,2025-10-24 16:26:21,9.67,手动出餐,1,否,"圣比招牌披萨-7寸(经典手拍)[{""name"":""规格"",""value"":""7寸(经典手拍)""}]（45.00*1）,餐盒（2.00*1）",大圣招牌大满贯披萨,,,,非会员,23,,,依据餐量提供餐具,,45.00,17.33,21.10,0.00,0,0,1.72,0.00,4.50,【活动支出】单品特价:14.10元+【活动支出】饿了么红包:7.00元+【活动支出】替用户承担配送费:4.5元,-,-,-,2.00,温州区域,温州加盟,,,否,-,平台配送
圣比萨（科技城店）,SBM00006,温州,"8007976089772059067	",饿了么,平台外卖,已完成,2025-10-24 16:38:10,2025-10-24 16:38:10,2025-10-24 16:38:10,饿了么支付-在线支付,,即时单,2025-10-24 16:38:10,13.00,手动出餐,1,否,"圣比招牌披萨-9寸(经典手拍)[{""name"":""规格"",""value"":""9寸(经典手拍)""}]（78.00*1）,餐盒（2.00*1）",大圣招牌大满贯披萨,,,,非会员,24,,,依据餐量提供餐具,,78.00,25.38,44.10,0.00,0,0,2.47,0.00,5.00,【活动支出】店铺满减:1.00元+【活动支出】单品特价:34.10元+【活动支出】饿了么红包:9.00元+【活动支出】替用户承担配送费:5.0元,-,-,-,2.00,温州区域,温州加盟,,,否,-,平台配送
圣比萨（科技城店）,SBM00006,温州,"8076360255877784035	",饿了么,平台外卖,已完成,2025-10-24 17:02:56,2025-10-24 17:02:56,2025-10-24 17:02:56,饿了么支付-在线支付,,即时单,2025-10-24 17:02:56,10.98,手动出餐,1,否,"香烤鸡翅-4只[{""name"":""规格"",""value"":""4只""}]（30.00*1）,圣比招牌披萨-7寸(经典手拍)[{""name"":""规格"",""value"":""7寸(经典手拍)""}]（45.00*1）,餐盒（3.00*1）",香烤鸡翅+大圣招牌大满贯披萨,,,,非会员,25,,,依据餐量提供餐具,,75.00,41.46,23.10,0.00,0,0,3.89,0.00,3.50,【活动支出】店铺满减:1.00元+【活动支出】单品特价:8.00元+【活动支出】单品特价:14.10元+【活动支出】替用户承担配送费:3.5元,-,-,-,3.00,温州区域,温州加盟,,,否,-,平台配送
圣比萨（科技城店）,SBM00006,温州,"8038050255883614612	",饿了么,平台外卖,已完成,2025-10-24 17:21:08,2025-10-24 17:21:08,2025-10-24 17:21:08,饿了么支付-在线支付,,即时单,2025-10-24 17:21:08,11.38,手动出餐,1,否,"7寸披萨一人食土豪餐[水果7寸+金丝鸡排1个+地道肠肠1根+小可乐+常温]（70.00*1）,餐盒（2.00*1）",缤纷水果披萨【7英寸(手拍)】+金丝鸡排+小可乐,,,,非会员,26,,,2份餐具,,70.00,22.47,39.90,0.00,0,0,2.18,0.00,4.50,【活动支出】店铺满减:1.00元+【活动支出】单品特价:33.90元+【活动支出】饿了么红包:5.00元+【活动支出】替用户承担配送费:4.5元,-,-,-,2.00,温州区域,温州加盟,,,否,-,平台配送
圣比萨（科技城店）,SBM00006,温州,"8034896089774530830	",饿了么,平台外卖,已完成,2025-10-24 17:25:59,2025-10-24 17:25:59,2025-10-24 17:26:00,饿了么支付-在线支付,,即时单,2025-10-24 17:25:59,11.72,手动出餐,1,否,"圣比招牌披萨-12寸(经典手拍)[{""name"":""规格"",""value"":""12寸(经典手拍)""}]（109.00*1）,餐盒（2.00*1）",大圣招牌大满贯披萨,,,,非会员,27,,,依据餐量提供餐具,,109.00,38.38,59.10,0.00,0,0,3.67,0.00,4.50,【活动支出】店铺满减:6.00元+【活动支出】单品特价:45.10元+【活动支出】饿了么红包:8.00元+【活动支出】替用户承担配送费:4.5元,-,-,-,2.00,温州区域,温州加盟,,,否,-,平台配送
圣比萨（科技城店）,SBM00006,温州,"8022200255895303466	",饿了么,平台外卖,已完成,2025-10-24 17:28:07,2025-10-24 17:28:07,2025-10-24 17:28:08,饿了么支付-在线支付,,即时单,2025-10-24 17:28:07,11.45,手动出餐,1,否,"任选披萨6选1+小吃6选1+饮料[奥尔良鸡肉披萨7寸+上校鸡块4个+芒果汁只能常温、冷+常温]（61.55*1）,餐盒（2.00*1）",新奥尔良烤鸡肉披萨【7英寸(手拍)】+上校鸡块,,,,非会员,28,,,少冰 / 依据餐量提供餐具,,61.55,20.29,33.15,0.00,0,0,2.06,0.00,4.50,【活动支出】单品特价:26.15元+【活动支出】饿了么红包:7.00元+【活动支出】替用户承担配送费:4.5元,-,-,-,2.00,温州区域,温州加盟,,,否,-,平台配送
圣比萨（科技城店）,SBM00006,温州,"8009460255986532688	",饿了么,平台外卖,已完成,2025-10-24 17:42:04,2025-10-24 17:42:04,2025-10-24 17:42:04,饿了么支付-在线支付,,预约单,2025-10-24 21:15:00,172.00,手动出餐,1,否,"任选披萨6选1+小吃6选1+饮料[日式照烧鸡肉披萨7寸+薯条1份+可乐+冰]（61.55*1）,任选披萨6选1+小吃6选1+饮料[奥尔良鸡肉披萨7寸+上校鸡块4个+可乐+冰]（61.55*1）,餐盒（4.00*1）",日系照烧鸡披萨【7英寸(手拍)】+经典薯条+小可乐+新奥尔良烤鸡肉披萨【7英寸(手拍)】+上校鸡块+小可乐,,,,非会员,29,,,2份餐具,,123.10,40.61,70.30,0.00,0,0,4.04,0.00,6.60,【活动支出】店铺满减:6.00元+【活动支出】单品特价:52.30元+【活动支出】饿了么红包:12.00元+【活动支出】替用户承担配送费:6.0元,-,-,-,4.00,温州区域,温州加盟,,,否,-,平台配送
圣比萨（科技城店）,SBM00006,温州,"8042936089791231336	",饿了么,平台外卖,已完成,2025-10-24 17:47:20,2025-10-24 17:47:20,2025-10-24 17:47:20,饿了么支付-在线支付,,即时单,2025-10-24 17:47:20,13.85,手动出餐,1,否,"缤纷水果披萨-7寸(经典手拍)[{""name"":""规格"",""value"":""7寸(经典手拍)""}]（42.00*1）,黑椒牛肉芝士焗饭（52.00*1）,经典薯条（18.88*2）,餐盒（6.00*1）",缤纷水果披萨+黑椒牛肉芝士焗饭+经典薯条,,,,非会员,30,,,依据餐量提供餐具,,131.76,47.08,75.16,0.00,0,0,4.47,0.00,4.50,【活动支出】店铺满减:6.00元+【活动支出】单品特价:15.10元+【活动支出】单品特价:24.10元+【活动支出】单品特价:17.96元+【活动支出】饿了么红包:12.00元+【活动支出】替用户承担配送费:4.5元,-,-,-,6.00,温州区域,温州加盟,,,否,-,平台配送
圣比萨（科技城店）,SBM00006,温州,"8048646089805224371	",饿了么,平台外卖,已完成,2025-10-24 18:04:50,2025-10-24 18:04:50,2025-10-24 18:04:51,饿了么支付-在线支付,,即时单,2025-10-24 18:04:50,14.08,手动出餐,1,否,"榴莲王披萨-9英寸(经典手拍)[{""name"":""规格"",""value"":""9英寸(经典手拍)""}]（92.00*1）",榴莲王披萨,,,,非会员,31,,,依据餐量提供餐具,,92.00,30.49,50.90,0.00,0,0,2.86,0.00,3.50,【活动支出】单品特价:50.90元+【活动支出】替用户承担配送费:3.5元,-,-,-,0.00,温州区域,温州加盟,,,否,-,平台配送
圣比萨（科技城店）,SBM00006,温州,"8046480255926283651	",饿了么,平台外卖,已完成,2025-10-24 18:14:09,2025-10-24 18:14:09,2025-10-24 18:14:09,饿了么支付-在线支付,,即时单,2025-10-24 18:14:09,15.05,手动出餐,1,否,"新奥尔良烤鸡肉披萨-9寸(经典手拍)[{""name"":""规格"",""value"":""9寸(经典手拍)""}]（78.00*1）,上校鸡块（11.88*1）,餐盒（3.00*1）",新奥尔良烤鸡肉披萨+上校鸡块,,,,非会员,32,,,依据餐量提供餐具,,89.88,32.39,49.08,0.00,0,0,3.06,0.00,3.50,【活动支出】店铺满减:1.00元+【活动支出】单品特价:34.10元+【活动支出】单品特价:4.98元+【活动支出】饿了么红包:9.00元+【活动支出】淘金币:0.00元+【活动支出】替用户承担配送费:3.5元,-,-,-,3.00,温州区域,温州加盟,,,否,-,平台配送
圣比萨（科技城店）,SBM00006,温州,"8050490255916941807	",饿了么,平台外卖,已完成,2025-10-24 18:17:07,2025-10-24 18:17:07,2025-10-24 18:17:08,饿了么支付-在线支付,,即时单,2025-10-24 18:17:07,16.58,手动出餐,1,否,"任选披萨6选1+小吃6选1+饮料[奥尔良鸡肉披萨7寸+上校鸡块4个+柠檬茶+常温]（61.55*1）,餐盒（2.00*1）",新奥尔良烤鸡肉披萨【7英寸(手拍)】+上校鸡块+柠檬茶,,,,非会员,33,,,依据餐量提供餐具,,61.55,20.27,34.15,0.00,0,0,1.98,0.00,4.00,【活动支出】单品特价:26.15元+【活动支出】 商家自营销加码:0.00元+【活动支出】饿了么红包:8.00元+【活动支出】替用户承担配送费:4.0元,-,-,-,2.00,温州区域,温州加盟,,,否,-,平台配送
圣比萨（科技城店）,SBM00006,温州,"8024280255926517215	",饿了么,平台外卖,已退款,2025-10-24 18:18:45,2025-10-24 18:18:45,2025-10-24 18:18:45,饿了么支付-在线支付,,即时单,2025-10-24 18:18:45,,未出餐,1,否,"日系照烧鸡披萨-7寸(经典手拍)[{""name"":""规格"",""value"":""7寸(经典手拍)""}]（45.00*1）,餐盒（2.00*1）",日系照烧鸡披萨,,,,非会员,34,,,依据餐量提供餐具,订单强制无效（商家主动取消已接订单、用户1分钟内取消),45.00,-0.67,21.10,18.90,0,0,1.72,0.00,3.50,【活动支出】单品特价:14.10元+【活动支出】饿了么红包:7.00元+【活动支出】替用户承担配送费:3.5元,-,-,-,2.00,温州区域,温州加盟,,,否,-,平台配送
圣比萨（科技城店）,SBM00006,温州,"8024280256018886122	",饿了么,平台外卖,已完成,2025-10-24 18:30:10,2025-10-24 18:30:10,2025-10-24 18:30:11,饿了么支付-在线支付,,即时单,2025-10-24 18:30:10,6.17,手动出餐,1,否,"日系照烧鸡披萨-7寸(经典手拍)[{""name"":""规格"",""value"":""7寸(经典手拍)""}]（45.00*1）,餐盒（2.00*1）",日系照烧鸡披萨,,,,非会员,35,,,依据餐量提供餐具,,45.00,18.23,21.10,0.00,0,0,1.72,0.00,3.50,【活动支出】单品特价:14.10元+【活动支出】饿了么红包:7.00元+【活动支出】替用户承担配送费:3.5元,-,-,-,2.00,温州区域,温州加盟,,,否,-,平台配送
圣比萨（科技城店）,SBM00006,温州,"8044410256021655925	",饿了么,平台外卖,已完成,2025-10-24 18:42:31,2025-10-24 18:42:31,2025-10-24 18:42:31,饿了么支付-在线支付,,即时单,2025-10-24 18:42:31,10.52,手动出餐,1,否,"榴莲王披萨-9英寸(经典手拍)[{""name"":""规格"",""value"":""9英寸(经典手拍)""}]（92.00*1）",榴莲王披萨,,,,非会员,36,,,依据餐量提供餐具,,92.00,30.49,50.90,0.00,0,0,2.86,0.00,3.50,【活动支出】单品特价:50.90元+【活动支出】替用户承担配送费:3.5元,-,-,-,0.00,温州区域,温州加盟,,,否,-,平台配送
圣比萨（科技城店）,SBM00006,温州,"8085210255839742373	",饿了么,平台外卖,已完成,2025-10-24 18:46:19,2025-10-24 18:46:19,2025-10-24 18:46:19,饿了么支付-在线支付,,即时单,2025-10-24 18:46:19,11.85,手动出餐,1,否,"7寸披萨买一送一[新奥尔良鸡肉披萨7寸+圣比至尊披萨7寸]（86.80*1）,餐盒（2.00*1）",新奥尔良烤鸡肉披萨【7英寸(手拍)】+大圣招牌大满贯披萨【7英寸(手拍)】,,,,非会员,37,,,无需餐具,,86.80,29.41,47.90,0.00,0,0,2.84,0.00,4.50,【活动支出】店铺满减:1.00元+【活动支出】单品特价:37.90元+【活动支出】饿了么红包:9.00元+【活动支出】替用户承担配送费:4.5元,-,-,-,2.00,温州区域,温州加盟,,,否,-,平台配送
圣比萨（科技城店）,SBM00006,温州,"8049506089847203245	",饿了么,平台外卖,已完成,2025-10-24 18:51:52,2025-10-24 18:51:52,2025-10-24 18:51:52,饿了么支付-在线支付,,即时单,2025-10-24 18:51:52,8.65,手动出餐,1,否,"任选披萨6选1+小吃6选1+饮料[奥尔良鸡肉披萨7寸+薯条1份+可乐+冰]（61.55*1）,餐盒（2.00*1）",新奥尔良烤鸡肉披萨【7英寸(手拍)】+经典薯条+小可乐,,,,非会员,38,,,依据餐量提供餐具,,61.55,20.29,33.15,0.00,0,0,2.06,0.00,4.50,【活动支出】单品特价:26.15元+【活动支出】饿了么红包:7.00元+【活动支出】替用户承担配送费:4.5元,-,-,-,2.00,温州区域,温州加盟,,,否,-,平台配送
圣比萨（科技城店）,SBM00006,温州,"8085210255948822918	",饿了么,平台外卖,已完成,2025-10-24 18:58:55,2025-10-24 18:58:55,2025-10-24 18:58:55,饿了么支付-在线支付,,即时单,2025-10-24 18:58:55,11.10,手动出餐,1,否,"7寸披萨买一送一[新奥尔良鸡肉披萨7寸+圣比至尊披萨7寸]（86.80*1）,餐盒（2.00*1）",新奥尔良烤鸡肉披萨【7英寸(手拍)】+大圣招牌大满贯披萨【7英寸(手拍)】,,,,非会员,39,,,无需餐具,,86.80,30.33,46.90,0.00,0,0,2.92,0.00,4.50,【活动支出】店铺满减:1.00元+【活动支出】单品特价:37.90元+【活动支出】饿了么红包:8.00元+【活动支出】替用户承担配送费:4.5元,-,-,-,2.00,温州区域,温州加盟,,,否,-,平台配送
圣比萨（科技城店）,SBM00006,温州,"8004846089875208456	",饿了么,平台外卖,已完成,2025-10-24 20:21:15,2025-10-24 20:21:15,2025-10-24 20:21:16,饿了么支付-在线支付,,即时单,2025-10-24 20:21:15,11.43,手动出餐,1,否,"任选披萨6选1+小吃6选1+饮料[奥尔良鸡肉披萨7寸+薯条1份+可乐+冰]（61.55*1）,餐盒（2.00*1）",新奥尔良烤鸡肉披萨【7英寸(手拍)】+经典薯条+小可乐,,,,非会员,40,,,蕃茄酱多一点 谢谢 / 2份餐具,,61.55,21.19,33.15,0.00,0,0,2.06,0.00,3.50,【活动支出】单品特价:26.15元+【活动支出】 商家自营销加码:2.00元+【活动支出】饿了么红包:5.00元+【活动支出】替用户承担配送费:3.5元,-,-,-,2.00,温州区域,温州加盟,,,否,-,平台配送
圣比萨（科技城店）,SBM00006,温州,"8083190255998260612	",饿了么,平台外卖,已完成,2025-10-24 21:01:38,2025-10-24 21:01:38,2025-10-24 21:01:38,饿了么支付-在线支付,,即时单,2025-10-24 21:01:38,12.52,手动出餐,1,否,"9寸披萨随❤️双拼[奥尔良+培根鸡肉]（80.00*1）,香烤鸡翅-4只[{""name"":""规格"",""value"":""4只""}]（30.00*1）,上校鸡块（11.88*1）,餐盒（4.00*1）",双拼9寸【奥尔良口味9】+双拼9寸【鸡肉培根口味9】+香烤鸡翅+上校鸡块,,,,非会员,41,,,依据餐量提供餐具,,121.88,47.99,62.08,0.00,0,0,4.56,0.00,6.10,【活动支出】店铺满减:6.00元+【活动支出】单品特价:36.10元+【活动支出】单品特价:8.00元+【活动支出】单品特价:4.98元+【活动支出】 商家自营销加码:2.00元+【活动支出】饿了么红包:5.00元+【活动支出】替用户承担配送费:6.0元,-,-,-,4.00,温州区域,温州加盟,,,否,-,平台配送
圣比萨（科技城店）,SBM00006,温州,"8002360256010094854	",饿了么,平台外卖,已完成,2025-10-24 21:24:23,2025-10-24 21:24:23,2025-10-24 21:24:24,饿了么支付-在线支付,,即时单,2025-10-24 21:24:23,8.65,手动出餐,1,否,"圣比招牌披萨-7寸(经典手拍)[{""name"":""规格"",""value"":""7寸(经典手拍)""}]（45.00*1）,招牌肉酱意面（30.00*1）,餐盒（3.00*1）",大圣招牌大满贯披萨+招牌肉酱意面,,,,非会员,42,,,1份餐具,,75.00,34.66,31.20,0.00,0,0,3.29,0.00,5.60,【活动支出】店铺满减:6.00元+【活动支出】单品特价:14.10元+【活动支出】单品特价:2.10元+【活动支出】饿了么红包:9.00元+【活动支出】替用户承担配送费:5.6元,-,-,-,3.00,温州区域,温州加盟,,,否,-,平台配送
圣比萨（科技城店）,SBM00006,温州,"8095390256102965512	",饿了么,平台外卖,已完成,2025-10-24 21:29:45,2025-10-24 21:29:45,2025-10-24 21:29:45,饿了么支付-在线支付,,即时单,2025-10-24 21:29:45,11.93,手动出餐,1,否,"7寸披萨买一送一[新奥尔良鸡肉披萨7寸+圣比至尊披萨7寸]（86.80*1）,餐盒（2.00*1）",新奥尔良烤鸡肉披萨【7英寸(手拍)】+大圣招牌大满贯披萨【7英寸(手拍)】,,,,非会员,43,,,对骑手，电话打不通，就放一号收发室/ 依据餐量提供餐具,,86.80,29.81,47.90,0.00,0,0,2.84,0.00,6.10,【活动支出】店铺满减:1.00元+【活动支出】单品特价:37.90元+【活动支出】饿了么红包:9.00元+【活动支出】替用户承担配送费:6.0元,-,-,-,2.00,温州区域,温州加盟,,,否,-,平台配送
圣比萨（郭溪店）,SBM00011,温州,"8087040255564034465	",饿了么,平台外卖,已完成,2025-10-24 10:16:24,2025-10-24 10:16:24,2025-10-24 10:16:24,饿了么支付-在线支付,,即时单,2025-10-24 10:16:24,5.57,手动出餐,1,否,"番茄牛肉意面（52.00*1）,餐盒（1.00*1）",番茄牛肉意面,,,,非会员,1,,,依据餐量提供餐具；手机尾号：4216；接力送,,52.00,10.22,35.10,0.00,0,0,1.43,0.00,5.00,【活动支出】单品特价:28.10元+【活动支出】 商家自营销加码:2.00元+【活动支出】饿了么红包:5.00元+【活动支出】替用户承担配送费:5.0元,-,-,-,1.00,温州区域,温州加盟,,,否,-,平台配送
圣比萨（郭溪店）,SBM00011,温州,"8055746089647497546	",饿了么,平台外卖,已完成,2025-10-24 11:59:07,2025-10-24 11:59:07,2025-10-24 11:59:07,饿了么支付-在线支付,,即时单,2025-10-24 11:59:07,11.40,手动出餐,1,否,"9寸披萨随❤️双拼[奥尔良+牛肉至尊]（80.00*1）,餐盒（2.00*1）",双拼9寸【奥尔良口味9】+双拼9寸【牛魔王口味9】,,,,非会员,2,,,2份餐具,,80.00,21.33,52.10,0.00,0,0,2.02,0.00,3.50,【活动支出】店铺满减:1.00元+【活动支出】单品特价:40.10元+【活动支出】粉丝群:2.00元+【活动支出】饿了么红包:9.00元+【活动支出】替用户承担配送费:3.5元,-,-,-,2.00,温州区域,温州加盟,,,否,-,平台配送
圣比萨（郭溪店）,SBM00011,温州,"8099536089627107724	",饿了么,平台外卖,已完成,2025-10-24 12:20:31,2025-10-24 12:20:31,2025-10-24 12:20:32,饿了么支付-在线支付,,即时单,2025-10-24 12:20:31,11.88,手动出餐,1,否,"7寸披萨一人食土豪餐[缤纷水果披萨+盐酥鸡米花小份+地道肠+柠檬茶]（70.00*1）,餐盒（2.00*1）",缤纷水果披萨【7英寸(手拍)】+盐酥鸡米花小份+地道肠【1根】+柠檬茶,,,,非会员,3,,,无需餐具,,70.00,21.33,42.10,0.00,0,0,2.02,0.00,3.50,【活动支出】单品特价:35.10元+【活动支出】饿了么红包:7.00元+【活动支出】替用户承担配送费:3.5元,-,-,-,2.00,温州区域,温州加盟,,,否,-,平台配送
圣比萨（郭溪店）,SBM00011,温州,"8038626089715529989	",饿了么,平台外卖,已完成,2025-10-24 14:36:59,2025-10-24 14:36:59,2025-10-24 14:36:59,饿了么支付-在线支付,,即时单,2025-10-24 14:36:59,9.57,手动出餐,1,否,"纯芝士披萨7寸（42.00*1）,餐盒（2.00*1）",芝士条,,,,非会员,4,,,依据餐量提供餐具,,42.00,10.12,27.10,0.00,0,0,1.43,0.00,3.50,【活动支出】单品特价:20.10元+【活动支出】 商家自营销加码:2.00元+【活动支出】饿了么红包:5.00元+【活动支出】替用户承担配送费:3.5元,-,-,-,2.00,温州区域,温州加盟,,,否,-,平台配送
圣比萨（郭溪店）,SBM00011,温州,"8038816089723662607	",饿了么,平台外卖,已完成,2025-10-24 14:52:27,2025-10-24 14:52:27,2025-10-24 14:52:27,饿了么支付-在线支付,,即时单,2025-10-24 14:52:27,11.40,手动出餐,1,否,新奥尔良烤鸡肉披萨7寸-单点（22.00*1）,新奥尔良烤鸡肉披萨【7英寸(手拍)】,,,,非会员,5,,,依据餐量提供餐具,,22.00,12.00,0.00,0.00,0,0,0.00,0.00,,【活动支出】拼团反圈活动:0.00元,-,-,-,0.00,温州区域,温州加盟,,,否,-,平台配送
圣比萨（郭溪店）,SBM00011,温州,"8055576089750078938	",饿了么,平台外卖,已完成,2025-10-24 15:28:58,2025-10-24 15:28:58,2025-10-24 15:28:58,饿了么支付-在线支付,,即时单,2025-10-24 15:28:58,20.40,手动出餐,1,否,"[买一送一]意大利面[黑椒牛肉意面+番茄培根意面]（60.00*1）,餐盒（2.00*1）",黑椒牛肉意面+番茄培根意面,,,,非会员,6,,,依据餐量提供餐具,,60.00,24.11,29.10,0.00,0,0,2.24,0.00,4.00,【活动支出】店铺满减:1.00元+【活动支出】单品特价:18.10元+【活动支出】粉丝群:2.00元+【活动支出】超会爆红包省钱包:8.00元+【活动支出】替用户承担配送费:4.0元,-,-,-,2.00,温州区域,温州加盟,,,否,-,平台配送
圣比萨（郭溪店）,SBM00011,温州,"8055576089724791162	",饿了么,平台外卖,已完成,2025-10-24 15:30:49,2025-10-24 15:30:49,2025-10-24 15:30:50,饿了么支付-在线支付,,即时单,2025-10-24 15:30:49,18.57,手动出餐,1,否,"[买一送一]意大利面[番茄牛肉意面+番茄牛肉意面]（60.00*1）,餐盒（2.00*1）",番茄牛肉意面+番茄牛肉意面,,,,非会员,7,,,依据餐量提供餐具,,60.00,25.36,27.10,0.00,0,0,2.39,0.00,4.00,【活动支出】店铺满减:1.00元+【活动支出】单品特价:18.10元+【活动支出】超会爆红包省钱包:8.00元+【活动支出】替用户承担配送费:4.0元,-,-,-,2.00,温州区域,温州加盟,,,否,-,平台配送
圣比萨（郭溪店）,SBM00011,温州,"8086566089740059992	",饿了么,平台外卖,已完成,2025-10-24 16:16:37,2025-10-24 16:16:37,2025-10-24 16:16:37,饿了么支付-在线支付,,即时单,2025-10-24 16:16:37,12.10,手动出餐,1,否,"圣比招牌套餐[圣比招牌披萨+上校鸡块4个+柠檬茶]（54.00*1）,小食拼盘（59.00*1）,餐盒（3.00*1）",大圣招牌大满贯披萨【7英寸(手拍)】+上校鸡块+柠檬茶+小吃拼盘,,,,非会员,8,,,1份餐具；手机尾号：8151；接力送,,113.00,39.21,63.20,0.00,0,0,3.74,0.00,4.50,【活动支出】店铺满减:6.00元+【活动支出】单品特价:19.10元+【活动支出】单品特价:29.10元+【活动支出】饿了么红包:9.00元+【活动支出】替用户承担配送费:4.5元,-,-,-,3.00,温州区域,温州加盟,,,否,-,平台配送
圣比萨（郭溪店）,SBM00011,温州,"8039470255882176906	",饿了么,平台外卖,已完成,2025-10-24 17:12:05,2025-10-24 17:12:05,2025-10-24 17:12:06,饿了么支付-在线支付,,即时单,2025-10-24 17:12:05,11.80,手动出餐,1,否,"[买一送一]买披萨送意面[奥尔良鸡肉披萨7英寸+番茄牛肉意面]（75.00*1）,餐盒（2.00*1）",新奥尔良烤鸡肉披萨【7英寸(手拍)】+番茄牛肉意面,,,,非会员,9,,,依据餐量提供餐具；手机尾号：2412；接力送,,75.00,26.31,40.10,0.00,0,0,2.54,0.00,4.50,【活动支出】店铺满减:1.00元+【活动支出】单品特价:30.10元+【活动支出】饿了么红包:9.00元+【活动支出】替用户承担配送费:4.5元,-,-,-,2.00,温州区域,温州加盟,,,否,-,平台配送
圣比萨（郭溪店）,SBM00011,温州,"8096696089780703627	",饿了么,平台外卖,已完成,2025-10-24 17:38:50,2025-10-24 17:38:50,2025-10-24 17:38:51,饿了么支付-在线支付,,即时单,2025-10-24 17:38:50,10.32,手动出餐,1,否,"芝士焗饭一人食套餐[招牌肉酱芝士焗饭+地道肠+港式奶茶]（61.00*1）,餐盒（2.00*1）",招牌肉酱芝士焗饭+地道肠【1根】+港式奶茶,,,,非会员,10,,,依据餐量提供餐具；手机尾号：5839；接力送,,61.00,16.41,38.10,0.00,0,0,1.64,0.00,5.00,【活动支出】单品特价:29.10元+【活动支出】粉丝群:2.00元+【活动支出】饿了么红包:7.00元+【活动支出】替用户承担配送费:5.0元,-,-,-,2.00,温州区域,温州加盟,,,否,-,平台配送
圣比萨（郭溪店）,SBM00011,温州,"8048080255907123502	",饿了么,平台外卖,已完成,2025-10-24 17:49:34,2025-10-24 17:49:34,2025-10-24 17:49:34,饿了么支付-在线支付,,即时单,2025-10-24 17:49:34,11.07,手动出餐,1,否,"芝士焗饭一人食套餐[招牌肉酱芝士焗饭+地道肠+柠檬茶]（61.00*1）,餐盒（2.00*1）",招牌肉酱芝士焗饭+地道肠【1根】+柠檬茶,,,,非会员,11,,,依据餐量提供餐具,,61.00,19.16,36.10,0.00,0,0,1.79,0.00,3.50,【活动支出】单品特价:29.10元+【活动支出】 商家自营销加码:2.00元+【活动支出】饿了么红包:5.00元+【活动支出】替用户承担配送费:3.5元,-,-,-,2.00,温州区域,温州加盟,,,否,-,平台配送
圣比萨（郭溪店）,SBM00011,温州,"8040010256005199252	",饿了么,平台外卖,已完成,2025-10-24 18:02:46,2025-10-24 18:02:46,2025-10-24 18:02:47,饿了么支付-在线支付,,即时单,2025-10-24 18:02:46,9.23,手动出餐,1,否,"地道肠（7.50*1）,番茄牛肉意面（52.00*1）,餐盒（2.00*1）",地道肠1根+番茄牛肉意面,,,,非会员,12,,,依据餐量提供餐具,,59.50,14.11,40.61,0.00,0,0,1.43,0.00,3.50,【活动支出】单品特价:5.51元+【活动支出】单品特价:28.10元+【活动支出】超级会员专享红包:5.00元+【活动支出】 商家自营销加码:2.00元+【活动支出】替用户承担配送费:3.5元,-,-,-,2.00,温州区域,温州加盟,,,否,-,平台配送
圣比萨（郭溪店）,SBM00011,温州,"8028826089804329391	",饿了么,平台外卖,已完成,2025-10-24 18:05:31,2025-10-24 18:05:31,2025-10-24 18:05:32,饿了么支付-在线支付,,即时单,2025-10-24 18:05:31,10.58,手动出餐,1,否,"玉米沙拉披萨-7英寸(手拍)[{""name"":""规格"",""value"":""7英寸(手拍)""}]（42.00*1）,地道肠（7.50*1）,餐盒（2.00*1）",玉米沙拉披萨+地道肠1根,,,,非会员,13,,,1份餐具,,49.50,12.21,31.61,0.00,0,0,1.43,0.00,5.00,【活动支出】单品特价:19.10元+【活动支出】单品特价:5.51元+【活动支出】 商家自营销加码:2.00元+【活动支出】饿了么红包:5.00元+【活动支出】替用户承担配送费:5.0元,-,-,-,2.00,温州区域,温州加盟,,,否,-,平台配送
圣比萨（郭溪店）,SBM00011,温州,"8049766089811123650	",饿了么,平台外卖,已完成,2025-10-24 18:20:28,2025-10-24 18:20:28,2025-10-24 18:20:28,饿了么支付-在线支付,,即时单,2025-10-24 18:20:28,12.48,手动出餐,1,否,"9寸披萨随❤️双拼[水果+圣比至尊]（80.00*1）,个人意面or焗饭经典套餐[番茄牛肉意面+盐酥鸡米花小份+小可乐]（64.00*1）,可乐[常温]（6.00*1）,餐盒（4.00*1）",双拼9寸【缤纷水果口味9】+双拼9寸【圣比招牌口味9】+番茄牛肉意面+盐酥鸡米花小份+小可乐+可乐,,,,非会员,14,,,依据餐量提供餐具,,150.00,45.48,94.10,0.00,0,0,4.27,0.00,3.50,【活动支出】店铺满减:6.00元+【活动支出】单品特价:40.10元+【活动支出】单品特价:32.10元+【活动支出】粉丝群:2.00元+【活动支出】超会爆红包省钱包:8.00元+【活动支出】精准营销:5.90元+【活动支出】替用户承担配送费:3.5元,-,-,-,4.00,温州区域,温州加盟,,,否,-,平台配送
圣比萨（郭溪店）,SBM00011,温州,"8056756089836663190	",饿了么,平台外卖,已完成,2025-10-24 18:29:00,2025-10-24 18:29:00,2025-10-24 18:29:00,饿了么支付-在线支付,,即时单,2025-10-24 18:29:00,9.45,手动出餐,1,否,"培根披萨7英寸单人餐[培根披萨7英寸+可乐]（42.00*1）,餐盒（2.00*1）",培根披萨【7英寸(手拍)】+小可乐,,,,非会员,15,,,依据餐量提供餐具,,42.00,17.31,19.10,0.00,0,0,1.64,0.00,3.50,【活动支出】单品特价:12.10元+【活动支出】超级会员专享红包:5.00元+【活动支出】 商家自营销加码:2.00元+【活动支出】替用户承担配送费:3.5元,-,-,-,2.00,温州区域,温州加盟,,,否,-,平台配送
圣比萨（郭溪店）,SBM00011,温州,"8008320255953701268	",饿了么,平台外卖,已完成,2025-10-24 19:03:20,2025-10-24 19:03:20,2025-10-24 19:03:20,饿了么支付-在线支付,,即时单,2025-10-24 19:03:20,11.78,手动出餐,1,否,新奥尔良烤鸡肉披萨7寸-单点（22.00*1）,新奥尔良烤鸡肉披萨【7英寸(手拍)】,,,,非会员,16,,,依据餐量提供餐具,,22.00,12.00,0.00,0.00,0,0,0.00,0.00,,【活动支出】拼团反圈活动:0.00元,-,-,-,0.00,温州区域,温州加盟,,,否,-,平台配送
圣比萨（郭溪店）,SBM00011,温州,"8087330255849515517	",饿了么,平台外卖,已完成,2025-10-24 19:09:48,2025-10-24 19:09:48,2025-10-24 19:09:48,饿了么支付-在线支付,,即时单,2025-10-24 19:09:48,10.10,手动出餐,1,否,"榴莲王披萨-9英寸(手拍)[{""name"":""规格"",""value"":""9英寸(手拍)""}]（92.00*1）",榴莲王披萨,,,,非会员,17,,,依据餐量提供餐具,,92.00,26.28,56.10,0.00,0,0,2.47,0.00,3.50,【活动支出】单品特价:56.10元+【活动支出】用户代金券:0.00元+【活动支出】替用户承担配送费:3.5元,-,-,-,0.00,温州区域,温州加盟,,,否,-,平台配送
圣比萨（郭溪店）,SBM00011,温州,"8050130255960924502	",饿了么,平台外卖,已完成,2025-10-24 19:35:23,2025-10-24 19:35:23,2025-10-24 19:35:24,饿了么支付-在线支付,,即时单,2025-10-24 19:35:23,10.60,手动出餐,1,否,"7寸披萨一人食土豪餐[圣比招牌披萨+上校鸡块4个+地道肠+小可乐]（70.00*1）,餐盒（2.00*1）",大圣招牌大满贯披萨【7英寸(手拍)】+上校鸡块+地道肠【1根】+小可乐,,,,非会员,18,,,依据餐量提供餐具,,70.00,19.16,45.10,0.00,0,0,1.79,0.00,3.50,【活动支出】单品特价:35.10元+【活动支出】粉丝群:2.00元+【活动支出】饿了么红包:8.00元+【活动支出】替用户承担配送费:3.5元,-,-,-,2.00,温州区域,温州加盟,,,否,-,平台配送
圣比萨（郭溪店）,SBM00011,温州,"8076556089835711918	",饿了么,平台外卖,已完成,2025-10-24 19:55:49,2025-10-24 19:55:49,2025-10-24 19:55:50,饿了么支付-在线支付,,即时单,2025-10-24 19:55:49,9.75,手动出餐,1,否,新奥尔良烤鸡肉披萨7寸-单点（22.00*1）,新奥尔良烤鸡肉披萨【7英寸(手拍)】,,,,非会员,19,,,依据餐量提供餐具,,22.00,12.00,0.00,0.00,0,0,0.00,0.00,,【活动支出】拼团反圈活动:0.00元,-,-,-,0.00,温州区域,温州加盟,,,否,-,平台配送
圣比萨（郭溪店）,SBM00011,温州,"8069696089872130385	",饿了么,平台外卖,已完成,2025-10-24 20:22:46,2025-10-24 20:22:46,2025-10-24 20:22:46,饿了么支付-在线支付,,即时单,2025-10-24 20:22:46,16.83,手动出餐,1,否,"上校鸡块一个（3.00*2）,7寸披萨买一送一[奥尔良烤鸡肉披萨+碳烤鸡肉培根披萨]（86.80*1）,福利【孩子爱吃】蛋挞1个（10.00*2）,餐盒（5.00*1）",上校鸡块1个+新奥尔良烤鸡肉披萨【7英寸(手拍)】+碳烤鸡肉培根披萨【7英寸(手拍)】+蛋挞1个,,,,非会员,20,,,寝室232 / 依据餐量提供餐具,,112.80,33.59,72.70,0.00,0,0,3.16,0.00,4.00,【活动支出】店铺满减:6.00元+【活动支出】单品特价:2.90元+【活动支出】单品特价:39.90元+【活动支出】单品特价:9.90元+【活动支出】粉丝群:2.00元+【活动支出】饿了么红包:12.00元+【活动支出】替用户承担配送费:4.0元,-,-,-,5.00,温州区域,温州加盟,,,否,-,平台配送
圣比萨（郭溪店）,SBM00011,温州,"8096956089879044518	",饿了么,平台外卖,已完成,2025-10-24 20:24:33,2025-10-24 20:24:33,2025-10-24 20:24:33,饿了么支付-在线支付,,即时单,2025-10-24 20:24:33,13.70,手动出餐,1,否,"纯芝士披萨7寸（42.00*1）,餐盒（2.00*1）",芝士条,,,,非会员,21,,,依据餐量提供餐具,,42.00,10.12,27.10,0.00,0,0,1.43,0.00,3.50,【活动支出】单品特价:20.10元+【活动支出】 商家自营销加码:2.00元+【活动支出】饿了么红包:5.00元+【活动支出】替用户承担配送费:3.5元,-,-,-,2.00,温州区域,温州加盟,,,否,-,平台配送
圣比萨（郭溪店）,SBM00011,温州,"8017996089895195118	",饿了么,平台外卖,已完成,2025-10-24 21:19:43,2025-10-24 21:19:43,2025-10-24 21:19:43,饿了么支付-在线支付,,即时单,2025-10-24 21:19:43,10.33,手动出餐,1,否,"7寸披萨一人食土豪餐[圣比招牌披萨+金丝鸡排+地道肠+港式奶茶]（70.00*1）,餐盒（2.00*1）",大圣招牌大满贯披萨【7英寸(手拍)】+金丝鸡排+地道肠【1根】+港式奶茶,,,,非会员,22,,,依据餐量提供餐具,,70.00,18.11,43.10,0.00,0,0,1.94,0.00,7.70,【活动支出】单品特价:35.10元+【活动支出】饿了么红包:8.00元+【活动支出】替用户承担配送费:6.0元,-,-,-,2.00,温州区域,温州加盟,,,否,-,平台配送
圣比萨（葡萄棚店）,SBM00004,温州,"8037030255584508163	",饿了么,平台外卖,已完成,2025-10-24 10:51:10,2025-10-24 10:51:10,2025-10-24 10:51:11,饿了么支付-在线支付,,即时单,2025-10-24 10:51:10,12.03,自动出餐,1,否,"蘑菇奶油培根意面（28.00*1）,餐盒（1.00*1）",蘑菇奶油培根意面+餐盒,,,,非会员,1,,,依据餐量提供餐具,,28.00,12.22,9.10,0.00,0,0,1.43,0.00,4.50,【活动支出】首次光顾立减:2.00元+【活动支出】单品特价:0.10元+【活动支出】饿了么红包:7.00元+【活动支出】替用户承担配送费:4.5元,-,-,-,1.00,温州区域,温州加盟,,,否,-,平台配送
圣比萨（葡萄棚店）,SBM00004,温州,"8042090255709143347	",饿了么,平台外卖,已完成,2025-10-24 11:08:34,2025-10-24 11:08:34,2025-10-24 11:08:35,饿了么支付-在线支付,,即时单,2025-10-24 11:08:34,14.05,自动出餐,1,否,"缤纷水果披萨-7英寸（经典手拍）[{""name"":""规格"",""value"":""7英寸（经典手拍）""}]（42.00*1）,餐盒（2.00*1）",缤纷水果披萨,,,,非会员,2,,,无需餐具,,42.00,14.12,23.10,0.00,0,0,1.43,0.00,3.50,【活动支出】单品特价:16.10元+【活动支出】饿了么红包:7.00元+【活动支出】替用户承担配送费:3.5元,-,-,-,2.00,温州区域,温州加盟,,,否,-,平台配送
圣比萨（葡萄棚店）,SBM00004,温州,"8079220255608410509	",饿了么,平台外卖,已完成,2025-10-24 11:12:12,2025-10-24 11:12:12,2025-10-24 11:12:12,饿了么支付-在线支付,,即时单,2025-10-24 11:12:12,14.07,自动出餐,1,否,"招牌肉酱芝士焗饭（32.00*1）,[孩子爱吃]圣比萨蛋挞1个（5.00*1）,餐盒（1.50*1）",招牌肉酱芝士焗饭+蛋挞1个,,,,非会员,3,,,依据餐量提供餐具,,37.00,15.50,16.20,0.00,0,0,1.45,0.00,3.50,【活动支出】首次光顾立减:2.00元+【活动支出】单品特价:4.10元+【活动支出】 商家自营销加码:2.00元+【活动支出】饿了么红包:5.00元+【活动支出】精准营销:3.10元+【活动支出】替用户承担配送费:3.5元,-,-,-,1.50,温州区域,温州加盟,,,否,-,平台配送
圣比萨（葡萄棚店）,SBM00004,温州,"8093100255709486577	",饿了么,平台外卖,已完成,2025-10-24 11:16:34,2025-10-24 11:16:34,2025-10-24 11:16:34,饿了么支付-在线支付,,即时单,2025-10-24 11:16:34,14.10,自动出餐,1,否,"新奥尔良烤鸡肉披萨-7英寸（经典手拍）[{""name"":""规格"",""value"":""7英寸（经典手拍）""}]（45.99*1）,[孩子爱吃]圣比萨蛋挞1个（5.00*1）,餐盒（2.50*1）",新奥尔良烤鸡肉披萨+蛋挞1个,,,,非会员,4,,,依据餐量提供餐具,,50.99,11.61,35.10,0.00,0,0,1.43,0.00,4.00,【活动支出】首次光顾立减:2.00元+【活动支出】单品特价:22.09元+【活动支出】单品特价:3.01元+【活动支出】精准营销红包:1.00元+【活动支出】饿了么红包:7.00元+【活动支出】替用户承担配送费:4.0元,-,-,-,2.50,温州区域,温州加盟,,,否,-,平台配送
圣比萨（葡萄棚店）,SBM00004,温州,"8069430255815743887	",饿了么,平台外卖,已完成,2025-10-24 14:07:31,2025-10-24 14:07:31,2025-10-24 14:07:31,饿了么支付-在线支付,,即时单,2025-10-24 14:07:31,12.17,自动出餐,1,否,"鲜虾菠萝披萨-7英寸（经典手拍）[{""name"":""规格"",""value"":""7英寸（经典手拍）""}]（45.99*1）,餐盒（2.00*1）","鲜虾菠萝披萨-7英寸（经典手拍）[{""name"":""规格"",""value"":""7英寸（经典手拍）""}]+餐盒",,,,非会员,5,,,不要蒜蓉不要蒜蓉不要蒜蓉不要蒜蓉 / 依据餐量提供餐具,,45.99,17.31,23.09,0.00,0,0,1.64,0.00,3.50,【活动支出】首次光顾立减:2.00元+【活动支出】单品特价:14.09元+【活动支出】饿了么红包:7.00元+【活动支出】替用户承担配送费:3.5元,-,-,-,2.00,温州区域,温州加盟,,,否,-,平台配送
圣比萨（葡萄棚店）,SBM00004,温州,"8020646089716562293	",饿了么,平台外卖,已完成,2025-10-24 14:33:24,2025-10-24 14:33:24,2025-10-24 14:33:24,饿了么支付-在线支付,,即时单,2025-10-24 14:33:24,12.03,自动出餐,1,否,"榴莲王披萨-12英寸（经典手拍）[{""name"":""规格"",""value"":""12英寸（经典手拍）""}]（129.00*1）,餐盒（1.00*1）",榴莲王披萨,,,,非会员,6,,,依据餐量提供餐具,,129.00,36.18,82.10,0.00,0,0,3.37,0.00,3.50,【活动支出】店铺满减:6.00元+【活动支出】首次光顾立减:2.00元+【活动支出】单品特价:65.10元+【活动支出】饿了么红包:9.00元+【活动支出】替用户承担配送费:3.5元,-,-,-,1.00,温州区域,温州加盟,,,否,-,平台配送
圣比萨（葡萄棚店）,SBM00004,温州,"8062290255936466375	",饿了么,平台外卖,已完成,2025-10-24 15:50:35,2025-10-24 15:50:35,2025-10-24 15:50:35,饿了么支付-在线支付,,即时单,2025-10-24 15:50:35,12.22,自动出餐,1,否,"榴莲王披萨-9英寸(经典手拍)[{""name"":""规格"",""value"":""9英寸(经典手拍)""}]（92.00*1）,餐盒（1.00*1）",榴莲王披萨,,,,非会员,7,,,2份餐具,,92.00,23.56,58.10,0.00,0,0,2.39,0.00,5.60,【活动支出】店铺满减:1.00元+【活动支出】首次光顾立减:2.00元+【活动支出】单品特价:48.10元+【活动支出】粉丝群:2.00元+【活动支出】饿了么红包:5.00元+【活动支出】替用户承担配送费:5.6元,-,-,-,1.00,温州区域,温州加盟,,,否,-,平台配送
圣比萨（葡萄棚店）,SBM00004,温州,"8060526089705855473	",饿了么,平台外卖,已完成,2025-10-24 15:52:09,2025-10-24 15:52:09,2025-10-24 15:52:09,饿了么支付-在线支付,,即时单,2025-10-24 15:52:09,12.05,自动出餐,1,否,"小食拼盘（46.00*1）,新奥尔良烤鸡肉披萨-7英寸（经典手拍）[{""name"":""规格"",""value"":""7英寸（经典手拍）""}]（45.99*1）,餐盒（4.00*1）",小吃拼盘+新奥尔良烤鸡肉披萨,,,,非会员,8,,,依据餐量提供餐具,,91.99,33.31,51.19,0.00,0,0,3.14,0.00,3.50,【活动支出】店铺满减:1.00元+【活动支出】单品特价:16.10元+【活动支出】单品特价:22.09元+【活动支出】饿了么红包:12.00元+【活动支出】替用户承担配送费:3.5元,-,-,-,4.00,温州区域,温州加盟,,,否,-,平台配送
圣比萨（葡萄棚店）,SBM00004,温州,"8098290255744946636	",饿了么,平台外卖,已完成,2025-10-24 16:07:21,2025-10-24 16:07:21,2025-10-24 16:07:21,饿了么支付-在线支付,,即时单,2025-10-24 16:07:21,12.20,自动出餐,1,否,"[买一送一]买披萨(7英寸)送披萨[新奥尔良鸡肉披萨+圣比至尊披萨]（86.80*1）,餐盒（3.00*1）",[买一送一]买披萨(7英寸)送披萨[新奥尔良鸡肉披萨+圣比至尊披萨]+餐盒,,,,非会员,9,,,依据餐量提供餐具,,86.80,24.78,49.90,0.00,0,0,2.77,0.00,10.50,【活动支出】店铺满减:1.00元+【活动支出】首次光顾立减:2.00元+【活动支出】单品特价:39.90元+【活动支出】 商家自营销加码:2.00元+【活动支出】饿了么红包:5.00元+【活动支出】替用户承担配送费:6.0元,-,-,-,3.00,温州区域,温州加盟,,,否,-,平台配送
圣比萨（葡萄棚店）,SBM00004,温州,"8090040255759847817	",饿了么,平台外卖,已完成,2025-10-24 16:32:19,2025-10-24 16:32:19,2025-10-24 16:32:19,饿了么支付-在线支付,,即时单,2025-10-24 16:32:19,12.05,自动出餐,1,否,【买一送一】买披萨送披萨[浪漫威尼斯披萨7英寸+碳烤鸡肉培根7英寸]（86.80*1）,浪漫威尼斯披萨【7英寸(手拍)】+碳烤鸡肉培根披萨【7英寸(手拍)】,,,,非会员,10,,,依据餐量提供餐具,,86.80,18.58,54.90,0.00,0,0,2.17,0.00,9.90,【活动支出】单品特价:54.90元+【活动支出】替用户承担配送费:6.0元,-,-,-,0.00,温州区域,温州加盟,,,否,-,平台配送
圣比萨（葡萄棚店）,SBM00004,温州,"8011516089721653556	",饿了么,平台外卖,已完成,2025-10-24 16:34:26,2025-10-24 16:34:26,2025-10-24 16:34:26,饿了么支付-在线支付,,即时单,2025-10-24 16:34:26,12.18,自动出餐,1,否,"任选焗饭4选1+小吃6选1+饮料[黑椒牛肉芝士焗饭+上校鸡块4个+柠檬茶+常温]（57.00*1）,餐盒（2.00*1）",黑椒牛肉芝士焗饭+上校鸡块+柠檬茶,,,,非会员,11,,,依据餐量提供餐具,,57.00,17.31,34.10,0.00,0,0,1.64,0.00,3.50,【活动支出】首次光顾立减:2.00元+【活动支出】单品特价:25.10元+【活动支出】饿了么红包:7.00元+【活动支出】替用户承担配送费:3.5元,-,-,-,2.00,温州区域,温州加盟,,,否,-,平台配送
圣比萨（葡萄棚店）,SBM00004,温州,"8035546089747393978	",饿了么,平台外卖,已完成,2025-10-24 16:37:13,2025-10-24 16:37:13,2025-10-24 16:37:14,饿了么支付-在线支付,,即时单,2025-10-24 16:37:13,12.08,自动出餐,1,否,"薯饼1粒（3.00*1）,任选披萨8选1+小吃6选1+饮料[奥尔良鸡肉披萨7寸+上校鸡块4个+小可乐+常温]（58.00*1）,[孩子爱吃]圣比萨蛋挞1个（5.00*1）,餐盒（3.00*1）",新奥尔良烤鸡肉披萨【7英寸(手拍)】+上校鸡块+小可乐+蛋挞1个,,,,非会员,12,,,2份餐具,,66.00,19.04,38.12,0.00,0,0,2.09,0.00,7.40,【活动支出】首次光顾立减:2.00元+【活动支出】单品特价:2.01元+【活动支出】单品特价:26.10元+【活动支出】单品特价:3.01元+【活动支出】饿了么红包:5.00元+【活动支出】替用户承担配送费:6.0元,-,-,-,3.00,温州区域,温州加盟,,,否,-,平台配送
圣比萨（葡萄棚店）,SBM00004,温州,"8060546089791391208	",饿了么,平台外卖,已完成,2025-10-24 17:17:30,2025-10-24 17:17:30,2025-10-24 17:17:31,饿了么支付-在线支付,,即时单,2025-10-24 17:17:30,12.03,自动出餐,1,否,"个人独享DIY套餐[7寸牛肉披萨+墨鱼丸4个+柠檬茶+冷]（68.00*1）,任选披萨8选1+小吃6选2+饮品自选（70.00*1）,餐盒（4.00*1）",炙热牛魔王披萨【7英寸(手拍)】+柠檬茶+金桔柠檬+大圣招牌大满贯披萨(7英寸(手拍))+上校鸡块+川香脆皮大翅根(1个),,,,非会员,13,,,依据餐量提供餐具,,138.00,46.31,81.20,0.00,0,0,4.34,0.00,3.50,【活动支出】店铺满减:6.00元+【活动支出】单品特价:29.10元+【活动支出】单品特价:34.10元+【活动支出】饿了么红包:12.00元+【活动支出】替用户承担配送费:3.5元,-,-,-,4.00,温州区域,温州加盟,,,否,-,平台配送
圣比萨（葡萄棚店）,SBM00004,温州,"8095120255995585944	",饿了么,平台外卖,已完成,2025-10-24 17:59:23,2025-10-24 17:59:23,2025-10-24 17:59:23,饿了么支付-在线支付,,即时单,2025-10-24 17:59:23,14.18,自动出餐,1,否,"柠檬茶[冷]（6.00*1）,招牌肉酱芝士焗饭（32.00*1）,经典薯条（16.88*1）,餐盒（3.00*1）",柠檬茶+招牌肉酱芝士焗饭+经典薯条,,,,非会员,14,,,依据餐量提供餐具,,54.88,27.11,21.08,0.00,0,0,2.54,0.00,4.00,【活动支出】店铺满减:1.00元+【活动支出】单品特价:1.00元+【活动支出】单品特价:4.10元+【活动支出】单品特价:6.98元+【活动支出】饿了么红包:8.00元+【活动支出】替用户承担配送费:4.0元,-,-,-,3.00,温州区域,温州加盟,,,否,-,平台配送
圣比萨（葡萄棚店）,SBM00004,温州,"8087836089809465750	",饿了么,平台外卖,已完成,2025-10-24 18:09:12,2025-10-24 18:09:12,2025-10-24 18:09:12,饿了么支付-在线支付,,即时单,2025-10-24 18:09:12,14.13,自动出餐,1,否,"7寸日系照烧鸡披萨-单点[{""name"":""规格"",""value"":""单点""}]（22.00*1）",日系照烧鸡披萨【7英寸(手拍)】,,,,非会员,15,,,-,,22.00,12.00,0.00,0.00,0,0,0.00,0.00,,【活动支出】拼团反圈活动:0.00元,-,-,-,0.00,温州区域,温州加盟,,,否,-,平台配送
圣比萨（葡萄棚店）,SBM00004,温州,"8003220255951179054	",饿了么,平台外卖,已完成,2025-10-24 19:04:33,2025-10-24 19:04:33,2025-10-24 19:04:33,饿了么支付-在线支付,,即时单,2025-10-24 19:04:33,14.15,自动出餐,1,否,"9寸披萨随❤️双拼[圣比至尊+奥尔良]（80.00*1）,餐盒（2.00*1）",双拼9寸【圣比招牌口味9】+双拼9寸【奥尔良口味9】,,,,非会员,16,,,依据餐量提供餐具,,80.00,24.43,48.10,0.00,0,0,2.32,0.00,3.50,【活动支出】店铺满减:1.00元+【活动支出】单品特价:40.10元+【活动支出】饿了么红包:7.00元+【活动支出】替用户承担配送费:3.5元,-,-,-,2.00,温州区域,温州加盟,,,否,-,平台配送
圣比萨（葡萄棚店）,SBM00004,温州,"8081040255969152351	",饿了么,平台外卖,已完成,2025-10-24 19:48:40,2025-10-24 19:48:40,2025-10-24 19:48:40,饿了么支付-在线支付,,即时单,2025-10-24 19:48:40,12.23,自动出餐,1,否,"新奥尔良烤鸡肉披萨7寸-单点[{""name"":""规格"",""value"":""单点""}]（22.00*1）",新奥尔良烤鸡肉披萨【7英寸(手拍)】,,,,非会员,17,,,-,,22.00,12.00,0.00,0.00,0,0,0.00,0.00,,【活动支出】拼团反圈活动:0.00元,-,-,-,0.00,温州区域,温州加盟,,,否,-,平台配送
圣比萨（葡萄棚店）,SBM00004,温州,"8083190256073803118	",饿了么,平台外卖,已完成,2025-10-24 20:24:17,2025-10-24 20:24:17,2025-10-24 20:24:17,饿了么支付-在线支付,,即时单,2025-10-24 20:24:17,12.13,自动出餐,1,否,"任选披萨8选1+小吃6选2+饮品自选（70.00*1）,深海墨鱼丸-3个[{""name"":""规格"",""value"":""3个""}]（10.60*1）,餐盒（3.00*1）",港式奶茶+大圣招牌大满贯披萨(7英寸(手拍))+深海墨鱼丸(3个)+深海墨鱼丸(3个)+深海墨鱼丸,,,,非会员,18,,,2份餐具,,80.60,25.26,48.80,0.00,0,0,2.39,0.00,3.50,【活动支出】店铺满减:1.00元+【活动支出】单品特价:34.10元+【活动支出】单品特价:4.70元+【活动支出】饿了么红包:9.00元+【活动支出】替用户承担配送费:3.5元,-,-,-,3.00,温州区域,温州加盟,,,否,-,平台配送
圣比萨（葡萄棚店）,SBM00004,温州,"8064546089881967972	",饿了么,平台外卖,已完成,2025-10-24 20:48:08,2025-10-24 20:48:08,2025-10-24 20:48:08,饿了么支付-在线支付,,即时单,2025-10-24 20:48:08,12.08,自动出餐,1,否,"任选披萨8选1+小吃6选2+饮品自选（70.00*1）,餐盒（2.00*1）",港式奶茶+大圣招牌大满贯披萨(7英寸(手拍))+地道肠1根+深海墨鱼丸(3个),,,,非会员,19,,,依据餐量提供餐具,,70.00,20.41,43.10,0.00,0,0,1.94,0.00,3.50,【活动支出】首次光顾立减:2.00元+【活动支出】单品特价:34.10元+【活动支出】饿了么红包:7.00元+【活动支出】替用户承担配送费:3.5元,-,-,-,2.00,温州区域,温州加盟,,,否,-,平台配送
圣比萨（葡萄棚店）,SBM00004,温州,"8021220256094585340	",饿了么,平台外卖,已完成,2025-10-24 21:21:30,2025-10-24 21:21:30,2025-10-24 21:21:30,饿了么支付-在线支付,,即时单,2025-10-24 21:21:30,12.17,自动出餐,1,否,"招牌肉酱意面（32.00*1）,任选披萨8选1+小吃6选1+饮料[水果披萨7寸+上校鸡块4个+小可乐+常温]（58.00*1）,餐盒（3.00*1）",招牌肉酱意面+缤纷水果披萨【7英寸(手拍)】+上校鸡块+小可乐,,,,非会员,20,,,依据餐量提供餐具,,90.00,36.84,43.20,0.00,0,0,3.51,0.00,5.60,【活动支出】店铺满减:6.00元+【活动支出】首次光顾立减:2.00元+【活动支出】单品特价:4.10元+【活动支出】单品特价:26.10元+【活动支出】饿了么红包:5.00元+【活动支出】替用户承担配送费:5.6元,-,-,-,3.00,温州区域,温州加盟,,,否,-,平台配送
圣比萨（葡萄棚店）,SBM00004,温州,"8022986089904796962	",饿了么,平台外卖,已完成,2025-10-24 22:02:25,2025-10-24 22:02:25,2025-10-24 22:02:26,饿了么支付-在线支付,,即时单,2025-10-24 22:02:25,12.05,自动出餐,1,否,"任选披萨8选1+小吃6选2+饮品自选（70.00*1）,餐盒（2.00*1）",港式奶茶+缤纷水果披萨(7英寸(手拍))+缤纷芝士挞(菠萝味)+深海鳕鱼排2片,,,,非会员,21,,,放门口，不用打电话，奶茶热热热 / 依据餐量提供餐具,,70.00,19.58,44.10,0.00,0,0,1.87,0.00,5.60,【活动支出】首次光顾立减:2.00元+【活动支出】单品特价:34.10元+【活动支出】饿了么红包:8.00元+【活动支出】替用户承担配送费:5.6元,-,-,-,2.00,温州区域,温州加盟,,,否,-,平台配送
圣比萨（温大B区店）,SBS00026,温州,"8080290255651853799	",饿了么,平台外卖,已完成,2025-10-24 09:43:09,2025-10-24 09:43:09,2025-10-24 09:43:09,饿了么支付-在线支付,,预约单,2025-10-24 11:00:00,31.90,自动出餐,1,否,"葡式蛋挞1个（4.00*1）,DIY单人套餐（主食小吃饮品自选）（48.00*1）,#点击右上角收藏❤0.01多加5g芝士(只能加披萨里)（5.00*2）,餐盒（1.50*1）",蛋挞1个+小可乐+蛋挞+烤奥尔良鸡肉手握披萨+芝士5克,,,,非会员,1,,,1份餐具；手机尾号：0297；送上楼,,62.00,15.90,42.00,0.00,0,0,1.60,0.00,1.50,【活动支出】单品特价:3.10元+【活动支出】单品特价:20.10元+【活动支出】单品特价:9.80元+【活动支出】大额吃货红包（爆红包）:0.00元+【活动支出】饿了么红包:9.00元+【活动支出】替用户承担配送费:1.5元,-,-,-,1.50,温州区域,温州直营,,,否,-,平台配送
圣比萨（温大B区店）,SBS00026,温州,"8084030255669305640	",饿了么,平台外卖,已完成,2025-10-24 10:24:41,2025-10-24 10:24:41,2025-10-24 10:24:41,饿了么支付-在线支付,,即时单,2025-10-24 10:24:41,10.20,自动出餐,1,否,"葡式蛋挞1个（4.00*1）,上校鸡块2个（5.00*1）,照烧鸡肉手握披萨（32.00*1）,餐盒（2.50*1）",蛋挞1个+上校鸡块2个+照烧鸡肉手握披萨,,,,非会员,2,,,"依据餐量提供餐具；手机尾号：9717,分区：【温州商学院】；聚合送",,41.00,13.87,24.21,0.00,0,0,1.42,0.00,1.50,【活动支出】单品特价:3.10元+【活动支出】单品特价:4.01元+【活动支出】单品特价:10.10元+【活动支出】CPS商户叠加券:0.00元+【活动支出】饿了么红包:7.00元+【活动支出】淘金币:0.00元+【活动支出】替用户承担配送费:1.5元,-,-,-,2.50,温州区域,温州直营,,,否,-,平台配送
圣比萨（温大B区店）,SBS00026,温州,"8071070255766509866	",饿了么,平台外卖,已完成,2025-10-24 10:31:13,2025-10-24 10:31:13,2025-10-24 10:31:13,饿了么支付-在线支付,,即时单,2025-10-24 10:31:13,10.23,自动出餐,1,否,"烤奥尔良鸡肉手握披萨（32.00*1）,餐盒（1.00*1）",烤奥尔良鸡肉手握披萨,,,,非会员,3,,,不要打电话，拍个照片就好 / 依据餐量提供餐具；手机尾号：1077；送上楼,,32.00,9.83,18.10,0.00,0,0,1.07,0.00,1.50,【活动支出】单品特价:10.10元+【活动支出】精准营销:2.00元+【活动支出】饿了么红包:6.00元+【活动支出】替用户承担配送费:1.5元,-,-,-,1.00,温州区域,温州直营,,,否,-,平台配送
圣比萨（温大B区店）,SBS00026,温州,"8096010255670958440	",饿了么,平台外卖,已完成,2025-10-24 10:40:19,2025-10-24 10:40:19,2025-10-24 10:40:19,饿了么支付-在线支付,,即时单,2025-10-24 10:40:19,10.02,自动出餐,1,否,"披萨买一送一（58.00*1）,餐盒（2.00*1）",烤奥尔良鸡肉手握披萨+夏威夷风情手握披萨,,,,非会员,4,,,依据餐量提供餐具；手机尾号：9159；聚合送,,58.00,27.77,25.60,0.00,0,0,2.63,0.00,1.50,【活动支出】单品特价:18.10元+【活动支出】大额吃货红包（爆红包）:0.50元+【活动支出】饿了么红包:7.00元+【活动支出】替用户承担配送费:1.5元,-,-,-,2.00,温州区域,温州直营,,,否,-,平台配送
圣比萨（温大B区店）,SBS00026,温州,"8066936089621565739	",饿了么,平台外卖,已完成,2025-10-24 11:16:06,2025-10-24 11:16:06,2025-10-24 11:16:07,饿了么支付-在线支付,,即时单,2025-10-24 11:16:06,12.00,自动出餐,1,否,"DIY单人套餐（主食小吃饮品自选）（48.00*1）,餐盒（1.00*1）",小雪碧+地道肠1根+咖喱鸡肉芝士焗饭,,,,非会员,5,,,依据餐量提供餐具；手机尾号：9987；送上楼,,48.00,16.27,27.10,0.00,0,0,1.63,0.00,1.50,【活动支出】单品特价:20.10元+【活动支出】大额吃货红包（爆红包）:0.00元+【活动支出】饿了么红包:7.00元+【活动支出】替用户承担配送费:1.5元,-,-,-,1.00,温州区域,温州直营,,,否,-,平台配送
圣比萨（温大B区店）,SBS00026,温州,"8015090255750159865	",饿了么,平台外卖,已完成,2025-10-24 16:13:10,2025-10-24 16:13:10,2025-10-24 16:13:10,饿了么支付-在线支付,,即时单,2025-10-24 16:13:10,8.82,手动出餐,1,否,"DIY单人套餐（主食小吃饮品自选）（48.00*1）,餐盒（1.00*1）",小芬达+蛋挞+咖喱鸡肉芝士焗饭,,,,非会员,6,,,不喝饮料，麻烦把饮料换成别的商品 / 依据餐量提供餐具；手机尾号：6225；送上楼,,48.00,14.43,29.10,0.00,0,0,1.47,0.00,1.50,【活动支出】单品特价:20.10元+【活动支出】精准营销:2.00元+【活动支出】饿了么红包:7.00元+【活动支出】替用户承担配送费:1.5元,-,-,-,1.00,温州区域,温州直营,,,否,-,平台配送
圣比萨（温大B区店）,SBS00026,温州,"8082190255759705492	",饿了么,平台外卖,已完成,2025-10-24 16:40:57,2025-10-24 16:40:57,2025-10-24 16:40:58,饿了么支付-在线支付,,即时单,2025-10-24 16:40:57,10.02,自动出餐,1,否,"招牌肉酱芝士焗饭（28.00*1）,餐盒（1.00*1）",招牌肉酱芝士焗饭,,,,非会员,7,,,1份餐具；手机尾号：3230；送上楼,,28.00,14.43,9.10,0.00,0,0,1.47,0.00,1.50,【活动支出】单品特价:2.10元+【活动支出】饿了么红包:7.00元+【活动支出】替用户承担配送费:1.5元,-,-,-,1.00,温州区域,温州直营,,,否,-,平台配送
圣比萨（温大B区店）,SBS00026,温州,"8058440255967899996	",饿了么,平台外卖,已完成,2025-10-24 17:11:33,2025-10-24 17:11:33,2025-10-24 17:11:33,饿了么支付-在线支付,,即时单,2025-10-24 17:11:33,10.02,自动出餐,1,否,"DIY单人套餐（主食小吃饮品自选）（48.00*1）,餐盒（1.00*1）",小可乐+上校鸡块+咖喱鸡肉芝士焗饭,,,,非会员,8,,,依据餐量提供餐具；手机尾号：6400；送上楼,,48.00,15.35,28.10,0.00,0,0,1.55,0.00,1.50,【活动支出】单品特价:20.10元+【活动支出】粉丝群:2.00元+【活动支出】饿了么红包:6.00元+【活动支出】替用户承担配送费:1.5元,-,-,-,1.00,温州区域,温州直营,,,否,-,平台配送
圣比萨（温大B区店）,SBS00026,温州,"8000290255895722298	",饿了么,平台外卖,已完成,2025-10-24 17:34:31,2025-10-24 17:34:31,2025-10-24 17:34:31,饿了么支付-在线支付,,即时单,2025-10-24 17:34:31,12.02,自动出餐,1,否,"葡式蛋挞1个（4.00*1）,照烧鸡肉手握披萨（32.00*1）,餐盒（1.50*1）",蛋挞1个+照烧鸡肉手握披萨,,,,非会员,9,,,能送瓶饮料吗🥹 / 依据餐量提供餐具；手机尾号：9926；送上楼,,36.00,11.12,21.20,0.00,0,0,1.18,0.00,1.50,【活动支出】单品特价:3.10元+【活动支出】单品特价:10.10元+【活动支出】大额吃货红包（爆红包）:0.00元+【活动支出】粉丝群:2.00元+【活动支出】饿了么红包:6.00元+【活动支出】替用户承担配送费:1.5元,-,-,-,1.50,温州区域,温州直营,,,否,-,平台配送
圣比萨（温大B区店）,SBS00026,温州,"8002160255942008129	",饿了么,平台外卖,已完成,2025-10-24 18:46:25,2025-10-24 18:46:25,2025-10-24 18:46:25,饿了么支付-在线支付,,即时单,2025-10-24 18:46:25,11.53,手动出餐,1,否,"葡式蛋挞1个（4.00*1）,上校鸡块（7.00*1）,台式香烤地道肠（12.00*1）,新奥尔良鸡肉披萨-9英寸[{""name"":""规格"",""value"":""9英寸""}]（78.00*1）,餐盒（4.50*1）",蛋挞1个+上校鸡块+地道肠1根+新奥尔良烤鸡肉披萨,,,,非会员,10,,,无需餐具；手机尾号：7649；送上楼,,101.00,33.93,64.40,0.00,0,0,3.17,0.00,1.50,【活动支出】单品特价:3.10元+【活动支出】单品特价:2.10元+【活动支出】单品特价:7.10元+【活动支出】单品特价:40.10元+【活动支出】下单返红包:2.00元+【活动支出】饿了么红包:10.00元+【活动支出】替用户承担配送费:1.5元,-,-,-,4.50,温州区域,温州直营,,,否,-,平台配送
圣比萨（翁垟店）,SBM00010,温州,"8090586089832426831	",饿了么,平台外卖,已完成,2025-10-24 18:58:38,2025-10-24 18:58:38,2025-10-24 18:58:38,饿了么支付-在线支付,,即时单,2025-10-24 18:58:38,17.17,手动出餐,1,否,"缤纷水果披萨-7寸[{""name"":""规格"",""value"":""7寸""}]（38.00*1）,餐盒（2.00*1）",缤纷水果披萨,,,,非会员,1,,,依据餐量提供餐具,,38.00,24.52,6.00,0.00,0,0,2.33,0.00,3.50,【活动支出】店铺满减:1.00元+【活动支出】饿了么红包:5.00元+【活动支出】替用户承担配送费:3.5元,-,-,-,2.00,温州区域,温州加盟,,,否,-,平台配送
圣比萨（翁垟店）,SBM00010,温州,"8059576089890964905	",饿了么,平台外卖,已完成,2025-10-24 20:34:26,2025-10-24 20:34:26,2025-10-24 20:34:26,饿了么支付-在线支付,,即时单,2025-10-24 20:34:26,13.50,手动出餐,1,否,"招牌肉酱芝士焗饭（32.00*1）,招牌肉酱意面（32.00*1）,餐盒（4.00*1）",招牌肉酱芝士焗饭+招牌肉酱意面,,,,非会员,2,,,依据餐量提供餐具,,64.00,41.55,13.00,0.00,0,0,3.90,0.00,3.50,【活动支出】店铺满减:6.00元+【活动支出】饿了么红包:7.00元+【活动支出】替用户承担配送费:3.5元,-,-,-,4.00,温州区域,温州加盟,,,否,-,平台配送
圣比萨（翁垟店）,SBM00010,温州,"8054606089891479848	",饿了么,平台外卖,已完成,2025-10-24 20:59:47,2025-10-24 20:59:47,2025-10-24 20:59:47,饿了么支付-在线支付,,即时单,2025-10-24 20:59:47,10.50,手动出餐,1,否,"牛肉至尊披萨-7寸[{""name"":""规格"",""value"":""7寸""}]（42.00*1）,餐盒（2.00*1）",炙热牛魔王披萨,,,,非会员,3,,,依据餐量提供餐具,,42.00,24.52,10.00,0.00,0,0,2.33,0.00,3.50,【活动支出】店铺满减:1.00元+【活动支出】粉丝群:2.00元+【活动支出】饿了么红包:7.00元+【活动支出】替用户承担配送费:3.5元,-,-,-,2.00,温州区域,温州加盟,,,否,-,平台配送
圣比萨（翁垟店）,SBM00010,温州,"8018656089885986211	",饿了么,平台外卖,已完成,2025-10-24 21:13:54,2025-10-24 21:13:54,2025-10-24 21:13:54,饿了么支付-在线支付,,即时单,2025-10-24 21:13:54,17.33,手动出餐,1,否,"经典双人披萨套餐[日系照烧鸡披萨9寸+明星小食桶A+雀巢牛奶+拿铁]（118.00*1）,餐盒（2.00*1）",日系照烧鸡披萨【9英寸(手拍)】+明星小食桶A+雀巢牛奶,,,,非会员,4,,,无需餐具,,118.00,44.98,60.10,0.00,0,0,4.27,0.00,5.60,【活动支出】店铺满减:1.00元+【活动支出】单品特价:56.10元+【活动支出】吃货红包:3.00元+【活动支出】替用户承担配送费:5.6元,-,-,-,2.00,温州区域,温州加盟,,,否,-,平台配送
圣比萨（瑞安陶山店）,SBS00023,温州,"8096626089565059423	",饿了么,平台外卖,已完成,2025-10-24 10:52:25,2025-10-24 10:52:25,2025-10-24 10:52:25,饿了么支付-在线支付,,即时单,2025-10-24 10:52:25,10.10,自动出餐,1,否,奥尔良烤鸡肉披萨(7寸)-单点（23.21*1）,新奥尔良烤鸡肉披萨【7英寸(手拍)】,,,,非会员,1,,,依据餐量提供餐具,,23.21,13.21,0.00,0.00,0,0,0.00,0.00,,【活动支出】拼团反圈活动:0.00元,-,-,-,0.00,温州区域,温州直营,,,否,-,平台配送
圣比萨（瑞安陶山店）,SBS00023,温州,"8007606089630492146	",饿了么,平台外卖,已完成,2025-10-24 11:51:30,2025-10-24 11:51:30,2025-10-24 11:51:31,饿了么支付-在线支付,,即时单,2025-10-24 11:51:30,12.03,自动出餐,1,否,"炙热牛魔王披萨-7英寸(经典手拍)[{""name"":""规格"",""value"":""7英寸(经典手拍)""}]（45.00*1）,餐盒（2.00*1）",炙热牛魔王披萨,,,,非会员,2,,,对商家，面饼烤软一点 / 依据餐量提供餐具,,45.00,17.31,22.10,0.00,0,0,1.64,0.00,3.50,【活动支出】单品特价:15.10元+【活动支出】饿了么红包:7.00元+【活动支出】替用户承担配送费:3.5元,-,-,-,2.00,温州区域,温州直营,,,否,-,平台配送
圣比萨（瑞安陶山店）,SBS00023,温州,"8080020255645052407	",饿了么,平台外卖,已完成,2025-10-24 11:57:43,2025-10-24 11:57:43,2025-10-24 11:57:43,饿了么支付-在线支付,,即时单,2025-10-24 11:57:43,12.20,自动出餐,1,否,"新奥尔良烤鸡肉披萨-7寸(手拍)[{""name"":""规格"",""value"":""7寸(手拍)""}]（45.00*1）,餐盒（2.00*1）",新奥尔良烤鸡肉披萨,,,,非会员,3,,,依据餐量提供餐具,,45.00,11.12,29.10,0.00,0,0,1.43,0.00,3.50,【活动支出】首次光顾立减:1.00元+【活动支出】单品特价:21.10元+【活动支出】 商家自营销加码:2.00元+【活动支出】饿了么红包:5.00元+【活动支出】替用户承担配送费:3.5元,-,-,-,2.00,温州区域,温州直营,,,否,-,平台配送
圣比萨（瑞安陶山店）,SBS00023,温州,"8011010255728027953	",饿了么,平台外卖,已完成,2025-10-24 14:43:01,2025-10-24 14:43:01,2025-10-24 14:43:01,饿了么支付-在线支付,,即时单,2025-10-24 14:43:01,10.15,自动出餐,1,否,"【随心❤️拼】7英寸双拼披萨(口味自选）[培根鸡肉+浪漫威尼斯]（54.00*1）,餐盒（2.00*1）",双拼7寸【碳烤鸡肉培根口味7】+双拼7寸【浪漫威尼斯口味7】,,,,非会员,4,,,依据餐量提供餐具,,54.00,14.22,34.10,0.00,0,0,1.43,0.00,4.50,【活动支出】单品特价:27.10元+【活动支出】 商家自营销加码:2.00元+【活动支出】饿了么红包:5.00元+【活动支出】替用户承担配送费:4.5元,-,-,-,2.00,温州区域,温州直营,,,否,-,平台配送
圣比萨（瑞安陶山店）,SBS00023,温州,"8019606089742812529	",饿了么,平台外卖,已完成,2025-10-24 15:05:08,2025-10-24 15:05:08,2025-10-24 15:05:08,饿了么支付-在线支付,,即时单,2025-10-24 15:05:08,10.12,自动出餐,1,否,"咕咕鸡薄脆披萨-单层[{""name"":""规格"",""value"":""单层""}]（88.00*1）,蛋挞1个（5.00*1）,餐盒（3.00*1）",咕咕鸡薄脆披萨+蛋挞1个,,,,非会员,5,,,依据餐量提供餐具,,93.00,24.40,60.51,0.00,0,0,2.44,0.00,5.00,【活动支出】店铺满减:1.00元+【活动支出】首次光顾立减:1.00元+【活动支出】单品特价:47.50元+【活动支出】单品特价:4.01元+【活动支出】饿了么红包:7.00元+【活动支出】替用户承担配送费:5.0元,-,-,-,3.00,温州区域,温州直营,,,否,-,平台配送
圣比萨（瑞安陶山店）,SBS00023,温州,"8024676089742718430	",饿了么,平台外卖,已完成,2025-10-24 16:03:04,2025-10-24 16:03:04,2025-10-24 16:03:05,饿了么支付-在线支付,,即时单,2025-10-24 16:03:04,10.13,自动出餐,1,否,"招牌肉酱芝士焗饭（52.00*1）,餐盒（1.00*1）",招牌肉酱芝士焗饭,,,,非会员,6,,,1份餐具,,52.00,9.42,35.00,0.00,0,0,1.43,0.00,6.20,【活动支出】首次光顾立减:1.00元+【活动支出】单品特价:27.00元+【活动支出】饿了么红包:7.00元+【活动支出】替用户承担配送费:6.0元,-,-,-,1.00,温州区域,温州直营,,,否,-,平台配送
圣比萨（瑞安陶山店）,SBS00023,温州,"8001340255861821934	",饿了么,平台外卖,已完成,2025-10-24 16:46:25,2025-10-24 16:46:25,2025-10-24 16:46:26,饿了么支付-在线支付,,即时单,2025-10-24 16:46:25,10.15,自动出餐,1,否,"榴莲王披萨-7英寸(经典手拍)[{""name"":""规格"",""value"":""7英寸(经典手拍)""}]（52.00*1）,餐盒（2.00*1）",榴莲王披萨,,,,非会员,7,,,依据餐量提供餐具,,52.00,20.08,26.10,0.00,0,0,1.87,0.00,3.50,【活动支出】单品特价:18.10元+【活动支出】饿了么红包:8.00元+【活动支出】替用户承担配送费:3.5元,-,-,-,2.00,温州区域,温州直营,,,否,-,平台配送
圣比萨（瑞安陶山店）,SBS00023,温州,"8018260255877051852	",饿了么,平台外卖,已完成,2025-10-24 16:52:54,2025-10-24 16:52:54,2025-10-24 16:52:54,饿了么支付-在线支付,,即时单,2025-10-24 16:52:54,10.17,自动出餐,1,否,"台式香烤地道肠（7.50*1）,招牌肉酱芝士焗饭（52.00*1）,餐盒（2.00*1）",地道肠1根+招牌肉酱芝士焗饭,,,,非会员,8,,,依据餐量提供餐具,,59.50,14.22,40.50,0.00,0,0,1.43,0.00,3.50,【活动支出】单品特价:2.50元+【活动支出】单品特价:27.00元+【活动支出】订单集点返红包:5.00元+【活动支出】饿了么红包:6.00元+【活动支出】替用户承担配送费:3.5元,-,-,-,2.00,温州区域,温州直营,,,否,-,平台配送
圣比萨（瑞安陶山店）,SBS00023,温州,"8024460255875156352	",饿了么,平台外卖,已完成,2025-10-24 17:11:36,2025-10-24 17:11:36,2025-10-24 17:11:36,饿了么支付-在线支付,,即时单,2025-10-24 17:11:36,10.13,自动出餐,1,否,"小食桶B（2.00*1）,【任选3件套】个人披萨意面焗饭套餐随心配[缤纷水果披萨7英寸+美年达]（72.00*1）,餐盒（2.00*1）",明星小食桶B+缤纷水果披萨【7英寸(手拍)】,,,,非会员,9,,,依据餐量提供餐具,,74.00,25.36,41.10,0.00,0,0,2.39,0.00,3.50,【活动支出】店铺满减:1.00元+【活动支出】单品特价:32.10元+【活动支出】饿了么红包:8.00元+【活动支出】替用户承担配送费:3.5元,-,-,-,2.00,温州区域,温州直营,,,否,-,平台配送
圣比萨（瑞安陶山店）,SBS00023,温州,"8092576089788851682	",饿了么,平台外卖,已完成,2025-10-24 17:17:11,2025-10-24 17:17:11,2025-10-24 17:17:12,饿了么支付-在线支付,,即时单,2025-10-24 17:17:11,10.23,自动出餐,1,否,"招牌肉酱芝士焗饭（52.00*1）,餐盒（1.00*1）",招牌肉酱芝士焗饭,,,,非会员,10,,,依据餐量提供餐具,,52.00,9.42,35.00,0.00,0,0,1.43,0.00,5.60,【活动支出】首次光顾立减:1.00元+【活动支出】单品特价:27.00元+【活动支出】 商家自营销加码:2.00元+【活动支出】饿了么红包:5.00元+【活动支出】替用户承担配送费:5.6元,-,-,-,1.00,温州区域,温州直营,,,否,-,平台配送
圣比萨（瑞安陶山店）,SBS00023,温州,"8014816089792614670	",饿了么,平台外卖,已完成,2025-10-24 17:52:10,2025-10-24 17:52:10,2025-10-24 17:52:10,饿了么支付-在线支付,,即时单,2025-10-24 17:52:10,12.18,自动出餐,1,否,奥尔良烤鸡肉披萨(7寸)-单点（23.21*1）,新奥尔良烤鸡肉披萨【7英寸(手拍)】,,,,非会员,11,,,1份餐具,,23.21,13.21,0.00,0.00,0,0,0.00,0.00,,【活动支出】拼团反圈活动:0.00元,-,-,-,0.00,温州区域,温州直营,,,否,-,平台配送
圣比萨（瑞安陶山店）,SBS00023,温州,"8065916089825993987	",饿了么,平台外卖,已完成,2025-10-24 18:17:17,2025-10-24 18:17:17,2025-10-24 18:17:17,饿了么支付-在线支付,,即时单,2025-10-24 18:17:17,12.22,自动出餐,1,否,"【任选5件套】披萨意面我全都要[圣比招牌披萨7英寸+招牌肉酱意面+小食桶B+小可乐+七喜]（128.00*1）,点击右上角❤️收藏得小吃[薯饼1个]（3.00*1）",大圣招牌大满贯披萨【7英寸(手拍)】+招牌肉酱意面+明星小食桶B+小可乐+薯饼1个,,,,非会员,12,,,依据餐量提供餐具,,131.00,34.89,84.50,0.00,0,0,3.26,0.00,3.50,【活动支出】单品特价:81.60元+【活动支出】单品特价:2.90元+【活动支出】替用户承担配送费:3.5元,-,-,-,0.00,温州区域,温州直营,,,否,-,平台配送
圣比萨（瑞安陶山店）,SBS00023,温州,"8072956089797159169	",饿了么,平台外卖,已完成,2025-10-24 18:32:50,2025-10-24 18:32:50,2025-10-24 18:32:50,饿了么支付-在线支付,,即时单,2025-10-24 18:32:50,12.15,自动出餐,1,否,"新奥尔良烤鸡肉披萨-7寸(手拍)[{""name"":""规格"",""value"":""7寸(手拍)""}]（45.00*1）,点击右上角❤️收藏得小吃[薯饼1个]（3.00*1）,餐盒（2.00*1）",新奥尔良烤鸡肉披萨+薯饼1个,,,,非会员,13,,,依据餐量提供餐具,,48.00,12.22,31.00,0.00,0,0,1.43,0.00,3.50,【活动支出】单品特价:21.10元+【活动支出】单品特价:2.90元+【活动支出】饿了么红包:7.00元+【活动支出】替用户承担配送费:3.5元,-,-,-,2.00,温州区域,温州直营,,,否,-,平台配送
圣比萨（瑞安陶山店）,SBS00023,温州,"8058566089861117203	",饿了么,平台外卖,已完成,2025-10-24 19:27:22,2025-10-24 19:27:22,2025-10-24 19:27:23,饿了么支付-在线支付,,即时单,2025-10-24 19:27:22,12.02,自动出餐,1,否,"新奥尔良烤鸡肉披萨-7寸(手拍)[{""name"":""规格"",""value"":""7寸(手拍)""}]（45.00*1）,餐盒（2.00*1）",新奥尔良烤鸡肉披萨,,,,非会员,14,,,河西桥头卖水果车边上停着 / 依据餐量提供餐具,,45.00,11.12,29.10,0.00,0,0,1.43,0.00,3.50,【活动支出】首次光顾立减:1.00元+【活动支出】单品特价:21.10元+【活动支出】 商家自营销加码:2.00元+【活动支出】饿了么红包:5.00元+【活动支出】替用户承担配送费:3.5元,-,-,-,2.00,温州区域,温州直营,,,否,-,平台配送
圣比萨（瑞安陶山店）,SBS00023,温州,"8081410255993344316	",饿了么,平台外卖,已完成,2025-10-24 20:36:01,2025-10-24 20:36:01,2025-10-24 20:36:02,饿了么支付-在线支付,,即时单,2025-10-24 20:36:01,10.15,"初始值, 无意义",1,否,"新奥尔良烤鸡肉披萨-7寸(手拍)[{""name"":""规格"",""value"":""7寸(手拍)""}]（45.00*1）,餐盒（2.00*1）",新奥尔良烤鸡肉披萨,,,,非会员,15,,,依据餐量提供餐具,,45.00,12.12,28.10,0.00,0,0,1.43,0.00,3.50,【活动支出】单品特价:21.10元+【活动支出】饿了么红包:7.00元+【活动支出】替用户承担配送费:3.5元,-,-,-,2.00,温州区域,温州直营,,,否,-,平台配送
圣比萨（瑞安陶山店）,SBS00023,温州,"8091896089880135939	",饿了么,平台外卖,已完成,2025-10-24 20:40:34,2025-10-24 20:40:34,2025-10-24 20:40:34,饿了么支付-在线支付,,即时单,2025-10-24 20:40:34,10.20,自动出餐,1,否,"【任选5件套】披萨意面我全都要[浪漫威尼斯披萨7英寸+番茄牛肉意面+小食桶C+港式奶茶+港式奶茶]（128.00*1）,经典薯条（18.00*1）,餐盒（3.00*1）",浪漫威尼斯披萨【7英寸(手拍)】+番茄牛肉意面+明星小食桶C+港式奶茶+港式奶茶+经典薯条,,,,非会员,16,,,多来点番茄酱谢谢 / 依据餐量提供餐具,,146.00,40.21,96.10,0.00,0,0,3.74,0.00,3.50,【活动支出】店铺满减:6.00元+【活动支出】首次光顾立减:1.00元+【活动支出】单品特价:68.10元+【活动支出】单品特价:9.00元+【活动支出】饿了么红包:0.00元+【活动支出】饿了么红包:12.00元+【活动支出】替用户承担配送费:3.5元,-,-,-,3.00,温州区域,温州直营,,,否,-,平台配送
圣比萨（瑞安陶山店）,SBS00023,温州,"8056200256006638060	",饿了么,平台外卖,已完成,2025-10-24 21:29:35,2025-10-24 21:29:35,2025-10-24 21:29:35,饿了么支付-在线支付,,即时单,2025-10-24 21:29:35,10.08,自动出餐,1,否,"【随心❤️拼】7英寸双拼披萨(口味自选）[花果山（新品水果）+培根鸡肉]（54.00*1）,餐盒（2.00*1）",双拼7寸【花果山口味7】+双拼7寸【碳烤鸡肉培根口味7】,,,,非会员,17,,,依据餐量提供餐具,,54.00,14.62,34.10,0.00,0,0,1.43,0.00,6.10,【活动支出】单品特价:27.10元+【活动支出】 商家自营销加码:2.00元+【活动支出】饿了么红包:5.00元+【活动支出】替用户承担配送费:6.0元,-,-,-,2.00,温州区域,温州直营,,,否,-,平台配送
圣比萨（瑞安陶山店）,SBS00023,温州,"8056200256107302342	",饿了么,平台外卖,已完成,2025-10-24 21:49:55,2025-10-24 21:49:55,2025-10-24 21:49:55,饿了么支付-在线支付,,即时单,2025-10-24 21:49:55,10.22,自动出餐,1,否,"【随心❤️拼】7英寸双拼披萨(口味自选）[花果山（新品水果）+培根鸡肉]（54.00*1）,餐盒（2.00*1）",双拼7寸【花果山口味7】+双拼7寸【碳烤鸡肉培根口味7】,,,,非会员,18,,,依据餐量提供餐具,,54.00,14.62,34.10,0.00,0,0,1.43,0.00,5.60,【活动支出】单品特价:27.10元+【活动支出】饿了么红包:7.00元+【活动支出】替用户承担配送费:5.6元,-,-,-,2.00,温州区域,温州直营,,,否,-,平台配送
圣比萨（瑞安陶山店）,SBS00023,温州,"8073746089908309333	",饿了么,平台外卖,已完成,2025-10-24 22:05:50,2025-10-24 22:05:50,2025-10-24 22:05:50,饿了么支付-在线支付,,即时单,2025-10-24 22:05:50,10.23,自动出餐,1,否,手握三选一-单点[日式照烧]（20.00*1）,日式烧鸟风味一人食盒子披萨,,,,非会员,19,,,依据餐量提供餐具,,20.00,10.00,0.00,0.00,0,0,0.00,0.00,,【活动支出】拼团反圈活动:0.00元,-,-,-,0.00,温州区域,温州直营,,,否,-,平台配送
圣比萨（雪景店）,SBS00006,温州,"8035210255609507175	",饿了么,平台外卖,已完成,2025-10-24 00:10:34,2025-10-24 00:10:34,2025-10-24 00:10:35,饿了么支付-在线支付,,预约单,2025-10-24 18:05:00,1029.50,自动出餐,1,否,"焗饭随心配（53.80*1）,点击右上角❤️收藏得小吃[墨鱼丸1个]（5.00*1）,餐盒（2.50*1）",招牌肉酱芝士焗饭+地道肠1根+蛋挞1个+盐酥鸡米花小份+深海墨鱼丸1个,,,,非会员,1,,,依据餐量提供餐具,,58.80,16.85,36.89,0.00,0,0,1.61,0.00,3.50,【活动支出】单品特价:25.90元+【活动支出】单品特价:4.99元+【活动支出】饿了么红包:6.00元+【活动支出】替用户承担配送费:3.5元,-,-,-,2.50,温州区域,温州直营,,,否,-,平台配送
圣比萨（雪景店）,SBS00006,温州,"8027756089551336826	",饿了么,平台外卖,已完成,2025-10-24 10:56:51,2025-10-24 10:56:51,2025-10-24 10:56:51,饿了么支付-在线支付,,即时单,2025-10-24 10:56:51,10.20,自动出餐,1,否,"红薯薯泥流心卷边（7英寸）（4.90*1）,奶酪芝士卷边（7英寸）（4.90*1）,7英寸披萨买一送一[圣比招牌披萨7英寸+缤纷水果披萨7英寸]（86.80*1）,餐盒（2.00*1）",红薯泥流心卷边7+奶酪芝士卷边7+大圣招牌大满贯披萨【7英寸(手拍)】+缤纷水果披萨【7英寸(手拍)】,,,,非会员,2,,,无需餐具,,96.60,36.35,48.90,0.00,0,0,3.50,0.00,4.50,【活动支出】店铺满减:1.00元+【活动支出】单品特价:39.90元+【活动支出】饿了么红包:8.00元+【活动支出】替用户承担配送费:4.5元,-,-,-,2.00,温州区域,温州直营,,,否,-,平台配送
圣比萨（雪景店）,SBS00006,温州,"8095050255729356226	",饿了么,平台外卖,已完成,2025-10-24 11:35:49,2025-10-24 11:35:49,2025-10-24 11:35:49,饿了么支付-在线支付,,即时单,2025-10-24 11:35:49,12.23,自动出餐,1,否,手握三选一-单点[奥尔良]（20.00*1）,奥尔良风情烤鸡肉一人食盒子披萨,,,,非会员,3,,,依据餐量提供餐具,,20.00,10.00,0.00,0.00,0,0,0.00,0.00,,【活动支出】爆品团通吃券:0.00元,-,-,-,0.00,温州区域,温州直营,,,否,-,平台配送
圣比萨（雪景店）,SBS00006,温州,"8089430255823993329	",饿了么,平台外卖,已完成,2025-10-24 11:38:30,2025-10-24 11:38:30,2025-10-24 11:38:30,饿了么支付-在线支付,,即时单,2025-10-24 11:38:30,12.08,自动出餐,1,否,"奶酪芝士卷边（7英寸）（4.90*1）,7英寸奥尔良烤鸡肉披萨[7英奥尔良烤鸡肉披萨]（56.00*1）,点击右上角❤️收藏得小吃[蛋挞1个]（5.00*1）,餐盒（2.50*1）",奶酪芝士卷边7+新奥尔良烤鸡肉披萨【7英寸(手拍)】+蛋挞1个,,,,非会员,4,,,依据餐量提供餐具,,65.90,15.55,45.40,0.00,0,0,1.50,0.00,3.50,【活动支出】单品特价:33.50元+【活动支出】 商家自营销加码:2.00元+【活动支出】饿了么红包:5.00元+【活动支出】精准营销:4.90元+【活动支出】替用户承担配送费:3.5元,-,-,-,2.50,温州区域,温州直营,,,否,-,平台配送
圣比萨（雪景店）,SBS00006,温州,"8047506089654885724	",饿了么,平台外卖,已完成,2025-10-24 11:48:39,2025-10-24 11:48:39,2025-10-24 11:48:40,饿了么支付-在线支付,,即时单,2025-10-24 11:48:39,12.17,自动出餐,1,否,"奶酪芝士卷边（7英寸）（4.90*1）,任选披萨7选1+小吃6选1+饮料[缤纷水果披萨7英寸+深海墨鱼丸3个+小可乐]（58.00*1）,餐盒（2.00*1）",奶酪芝士卷边7+缤纷水果披萨【7英寸(手拍)】+深海墨鱼丸3个+小可乐,,,,非会员,5,,,1份餐具,,62.90,22.16,34.10,0.00,0,0,2.09,0.00,3.50,【活动支出】店铺满减:1.00元+【活动支出】单品特价:26.10元+【活动支出】饿了么红包:7.00元+【活动支出】替用户承担配送费:3.5元,-,-,-,2.00,温州区域,温州直营,,,否,-,平台配送
圣比萨（雪景店）,SBS00006,温州,"8077280255841016303	",饿了么,平台外卖,已完成,2025-10-24 12:03:54,2025-10-24 12:03:54,2025-10-24 12:03:55,饿了么支付-在线支付,,即时单,2025-10-24 12:03:54,12.03,自动出餐,1,否,新奥尔良烤鸡肉披萨7寸-单点（22.00*1）,新奥尔良烤鸡肉披萨【7英寸(手拍)】,,,,非会员,6,,,依据餐量提供餐具,,22.00,12.00,0.00,0.00,0,0,0.00,0.00,,【活动支出】拼团反圈活动:0.00元,-,-,-,0.00,温州区域,温州直营,,,否,-,平台配送
圣比萨（雪景店）,SBS00006,温州,"8082150255806493994	",饿了么,平台外卖,已完成,2025-10-24 13:28:20,2025-10-24 13:28:20,2025-10-24 13:28:21,饿了么支付-在线支付,,即时单,2025-10-24 13:28:20,12.20,自动出餐,1,否,"【披萨任选】披萨8选1+小吃5选2+饮品[碳烤鸡肉培根7英寸+地道肠1根+金丝鸡排+小可乐]（61.00*1）,奶酪芝士卷边（7英寸）（4.90*1）,餐盒（2.00*1）",碳烤鸡肉培根披萨【7英寸(手拍)】+地道肠【1根】+金丝鸡排+小可乐+奶酪芝士卷边7,,,,非会员,7,,,楼下门铃坏了，没人开门就放楼下桌上，拍照 / 依据餐量提供餐具,,65.90,24.01,35.10,0.00,0,0,2.24,0.00,3.50,【活动支出】店铺满减:1.00元+【活动支出】单品特价:26.10元+【活动支出】饿了么红包:8.00元+【活动支出】替用户承担配送费:3.5元,-,-,-,2.00,温州区域,温州直营,,,否,-,平台配送
圣比萨（雪景店）,SBS00006,温州,"8070290255807077836	",饿了么,平台外卖,已完成,2025-10-24 13:38:58,2025-10-24 13:38:58,2025-10-24 13:38:58,饿了么支付-在线支付,,预约单,2025-10-24 17:20:00,176.17,自动出餐,1,否,"7英寸披萨买一送一[圣比招牌披萨7英寸+浪漫威尼斯披萨7英寸]（86.80*1）,餐盒（2.00*1）",大圣招牌大满贯披萨【7英寸(手拍)】+浪漫威尼斯披萨【7英寸(手拍)】,,,,非会员,8,,,无需餐具,,86.80,28.46,49.90,0.00,0,0,2.69,0.00,3.50,【活动支出】店铺满减:1.00元+【活动支出】单品特价:39.90元+【活动支出】饿了么红包:9.00元+【活动支出】替用户承担配送费:3.5元,-,-,-,2.00,温州区域,温州直营,,,否,-,平台配送
圣比萨（雪景店）,SBS00006,温州,"8050260255712304403	",饿了么,平台外卖,已完成,2025-10-24 14:13:08,2025-10-24 14:13:08,2025-10-24 14:13:08,饿了么支付-在线支付,,预约单,2025-10-24 17:10:00,132.05,自动出餐,1,否,"7英寸披萨买一送一[圣比招牌披萨7英寸+浪漫威尼斯披萨7英寸]（86.80*1）,餐盒（2.00*1）",大圣招牌大满贯披萨【7英寸(手拍)】+浪漫威尼斯披萨【7英寸(手拍)】,,,,非会员,9,,,无需餐具,,86.80,28.46,49.90,0.00,0,0,2.69,0.00,3.50,【活动支出】店铺满减:1.00元+【活动支出】单品特价:39.90元+【活动支出】饿了么红包:9.00元+【活动支出】替用户承担配送费:3.5元,-,-,-,2.00,温州区域,温州直营,,,否,-,平台配送
圣比萨（雪景店）,SBS00006,温州,"8030210255917861262	",饿了么,平台外卖,已完成,2025-10-24 14:51:43,2025-10-24 14:51:43,2025-10-24 14:51:43,饿了么支付-在线支付,,即时单,2025-10-24 14:51:43,10.03,自动出餐,1,否,"意面随心配（58.80*1）,餐盒（2.00*1）",地道肠1根+上校鸡块2个+蛋挞1个+番茄牛肉意面,,,,非会员,10,,,依据餐量提供餐具,,58.80,10.52,38.90,0.00,0,0,1.43,0.00,9.30,【活动支出】单品特价:31.90元+【活动支出】饿了么红包:7.00元+【活动支出】替用户承担配送费:6.0元,-,-,-,2.00,温州区域,温州直营,,,否,-,平台配送
圣比萨（雪景店）,SBS00006,温州,"8022616089704542659	",饿了么,平台外卖,已完成,2025-10-24 15:46:04,2025-10-24 15:46:04,2025-10-24 15:46:05,饿了么支付-在线支付,,即时单,2025-10-24 15:46:04,10.08,自动出餐,1,否,手握三选一-单点[日式照烧]（20.00*1）,日式烧鸟风味一人食盒子披萨,,,,非会员,11,,,依据餐量提供餐具,,20.00,10.00,0.00,0.00,0,0,0.00,0.00,,【活动支出】拼团反圈活动:0.00元,-,-,-,0.00,温州区域,温州直营,,,否,-,平台配送
圣比萨（雪景店）,SBS00006,温州,"8003100255839887764	",饿了么,平台外卖,已完成,2025-10-24 15:46:39,2025-10-24 15:46:39,2025-10-24 15:46:40,饿了么支付-在线支付,,即时单,2025-10-24 15:46:39,10.00,自动出餐,1,否,"披萨随心配（65.30*1）,餐盒（2.00*1）",上校鸡块2个+蛋挞1个+盐酥鸡米花小份+碳烤鸡肉培根披萨(7英寸(手拍)),,,,非会员,12,,,依据餐量提供餐具,,65.30,21.24,37.50,0.00,0,0,2.01,0.00,3.50,【活动支出】单品特价:30.50元+【活动支出】饿了么红包:7.00元+【活动支出】替用户承担配送费:3.5元,-,-,-,2.00,温州区域,温州直营,,,否,-,平台配送
圣比萨（雪景店）,SBS00006,温州,"8093210255945558322	",饿了么,平台外卖,已完成,2025-10-24 16:15:32,2025-10-24 16:15:32,2025-10-24 16:15:33,饿了么支付-在线支付,,预约单,2025-10-24 16:55:00,3.12,自动出餐,1,否,"披萨随心配（60.40*1）,点击右上角❤️收藏得小吃[上校鸡块2个]（5.00*1）,芝士加料（5g）（2.90*1）,餐盒（2.50*1）",地道肠1根+蛋挞1个+深海墨鱼丸2个+缤纷水果披萨(7英寸(手拍))+上校鸡块2个+芝士5克,,,,非会员,13,,,依据餐量提供餐具,,68.30,19.54,43.49,0.00,0,0,1.82,0.00,3.50,【活动支出】单品特价:30.50元+【活动支出】单品特价:4.99元+【活动支出】 商家自营销加码:0.00元+【活动支出】饿了么红包:8.00元+【活动支出】替用户承担配送费:3.5元,-,-,-,2.50,温州区域,温州直营,,,否,-,平台配送
圣比萨（雪景店）,SBS00006,温州,"8088020255851272454	",饿了么,平台外卖,已完成,2025-10-24 16:16:46,2025-10-24 16:16:46,2025-10-24 16:16:46,饿了么支付-在线支付,,即时单,2025-10-24 16:16:46,10.10,自动出餐,1,否,"番茄牛肉意面（52.00*1）,餐盒（1.00*1）",番茄牛肉意面,,,,非会员,14,,,依据餐量提供餐具,,52.00,10.22,35.10,0.00,0,0,1.43,0.00,4.50,【活动支出】单品特价:28.10元+【活动支出】饿了么红包:7.00元+【活动支出】替用户承担配送费:4.5元,-,-,-,1.00,温州区域,温州直营,,,否,-,平台配送
圣比萨（雪景店）,SBS00006,温州,"8059676089756972358	",饿了么,平台外卖,已完成,2025-10-24 16:35:42,2025-10-24 16:35:42,2025-10-24 16:35:43,饿了么支付-在线支付,,即时单,2025-10-24 16:35:42,10.15,自动出餐,1,否,"缤纷水果披萨-7英寸(手拍)[{""name"":""规格"",""value"":""7英寸(手拍)""}]（42.00*1）,点击右上角❤️收藏得小吃[蛋挞1个]（5.00*1）,酸奶多多流心卷边（7英寸）（4.90*1）,餐盒（1.50*1）",缤纷水果披萨+蛋挞1个+酸奶多多流心卷边7,,,,非会员,15,,,无需餐具,,51.90,17.69,28.09,0.00,0,0,1.67,0.00,3.50,【活动支出】单品特价:16.10元+【活动支出】单品特价:4.99元+【活动支出】饿了么红包:7.00元+【活动支出】替用户承担配送费:3.5元,-,-,-,1.50,温州区域,温州直营,,,否,-,平台配送
圣比萨（雪景店）,SBS00006,温州,"8012776089756407111	",饿了么,平台外卖,已完成,2025-10-24 16:36:20,2025-10-24 16:36:20,2025-10-24 16:36:21,饿了么支付-在线支付,,即时单,2025-10-24 16:36:20,10.17,自动出餐,1,否,"披萨随心配（60.40*1）,餐盒（2.00*1）",地道肠1根+上校鸡块2个+盐酥鸡米花小份+缤纷水果披萨(7英寸(手拍)),,,,非会员,16,,,依据餐量提供餐具,,60.40,17.31,37.50,0.00,0,0,1.64,0.00,4.00,【活动支出】单品特价:30.50元+【活动支出】饿了么红包:7.00元+【活动支出】替用户承担配送费:4.0元,-,-,-,2.00,温州区域,温州直营,,,否,-,平台配送
圣比萨（雪景店）,SBS00006,温州,"8075020255953356079	",饿了么,平台外卖,已完成,2025-10-24 16:45:25,2025-10-24 16:45:25,2025-10-24 16:45:25,饿了么支付-在线支付,,即时单,2025-10-24 16:45:25,10.10,自动出餐,1,否,手握三选一-单点[奥尔良]（20.00*1）,奥尔良风情烤鸡肉一人食盒子披萨,,,,非会员,17,,,依据餐量提供餐具,,20.00,10.00,0.00,0.00,0,0,0.00,0.00,,【活动支出】拼团反圈活动:0.00元,-,-,-,0.00,温州区域,温州直营,,,否,-,平台配送
圣比萨（雪景店）,SBS00006,温州,"8090896089775813006	",饿了么,平台外卖,已完成,2025-10-24 16:45:29,2025-10-24 16:45:29,2025-10-24 16:45:30,饿了么支付-在线支付,,即时单,2025-10-24 16:45:29,10.12,自动出餐,1,否,"招牌肉酱意面（52.00*1）,餐盒（1.00*1）",招牌肉酱意面,,,,非会员,18,,,依据餐量提供餐具,,52.00,16.38,29.10,0.00,0,0,1.57,0.00,3.50,【活动支出】单品特价:24.10元+【活动支出】饿了么红包:5.00元+【活动支出】替用户承担配送费:3.5元,-,-,-,1.00,温州区域,温州直营,,,否,-,平台配送
圣比萨（雪景店）,SBS00006,温州,"8043060255953717714	",饿了么,平台外卖,已完成,2025-10-24 16:50:34,2025-10-24 16:50:34,2025-10-24 16:50:34,饿了么支付-在线支付,,即时单,2025-10-24 16:50:34,10.20,自动出餐,1,否,"奶酪芝士卷边（7英寸）（4.90*1）,圣比招牌披萨-7英寸(经典手拍)[{""name"":""规格"",""value"":""7英寸(经典手拍)""}]（45.00*1）,餐盒（2.00*1）",奶酪芝士卷边7+大圣招牌大满贯披萨,,,,非会员,19,,,依据餐量提供餐具,,49.90,24.01,19.10,0.00,0,0,2.24,0.00,3.50,【活动支出】店铺满减:1.00元+【活动支出】单品特价:13.10元+【活动支出】吃货豆兑换的商家券:5.00元+【活动支出】替用户承担配送费:3.5元,-,-,-,2.00,温州区域,温州直营,,,否,-,平台配送
圣比萨（雪景店）,SBS00006,温州,"8015536089780377086	",饿了么,平台外卖,已完成,2025-10-24 17:06:22,2025-10-24 17:06:22,2025-10-24 17:06:23,饿了么支付-在线支付,,即时单,2025-10-24 17:06:22,10.03,自动出餐,1,否,"【披萨任选】披萨8选1+小吃5选2+饮品[缤纷水果披萨7英寸+上校鸡块4个+深海墨鱼丸3个+小可乐]（61.00*1）,奥尔良烤翅（14.00*1）,点击右上角❤️收藏得小吃[蛋挞1个]（5.00*1）,餐盒（4.50*1）",缤纷水果披萨【7英寸(手拍)】+上校鸡块+深海墨鱼丸3个+小可乐+奥尔良烤翅+蛋挞1个,,,,非会员,20,,,依据餐量提供餐具,,80.00,24.81,50.19,0.00,0,0,2.35,0.00,3.50,【活动支出】店铺满减:1.00元+【活动支出】单品特价:26.10元+【活动支出】单品特价:1.10元+【活动支出】单品特价:4.99元+【活动支出】订单集点返红包:5.00元+【活动支出】饿了么红包:12.00元+【活动支出】替用户承担配送费:3.5元,-,-,-,4.50,温州区域,温州直营,,,否,-,平台配送
圣比萨（雪景店）,SBS00006,温州,"8074000255880531312	",饿了么,平台外卖,已完成,2025-10-24 17:11:38,2025-10-24 17:11:38,2025-10-24 17:11:38,饿了么支付-在线支付,,即时单,2025-10-24 17:11:38,10.15,自动出餐,1,否,"新奥尔良烤鸡肉披萨7寸-单点[{""name"":""规格"",""value"":""单点""}]（22.00*1）",新奥尔良烤鸡肉披萨【7英寸(手拍)】,,,,非会员,21,,,-,,22.00,12.00,0.00,0.00,0,0,0.00,0.00,,【活动支出】拼团反圈活动:0.00元,-,-,-,0.00,温州区域,温州直营,,,否,-,平台配送
圣比萨（雪景店）,SBS00006,温州,"8031816089772780921	",饿了么,平台外卖,已完成,2025-10-24 17:32:08,2025-10-24 17:32:08,2025-10-24 17:32:08,饿了么支付-在线支付,,即时单,2025-10-24 17:32:08,12.18,自动出餐,1,否,"意面随心配（58.80*1）,7英寸奥尔良烤鸡肉披萨[7英奥尔良烤鸡肉披萨]（56.00*1）,餐盒（4.00*1）",上校鸡块2个+蛋挞1个+盐酥鸡米花小份+招牌肉酱意面+新奥尔良烤鸡肉披萨【7英寸(手拍)】,,,,非会员,22,,,依据餐量提供餐具,,114.80,31.42,75.40,0.00,0,0,3.03,0.00,3.50,【活动支出】店铺满减:1.00元+【活动支出】单品特价:31.90元+【活动支出】单品特价:33.50元+【活动支出】饿了么红包:9.00元+【活动支出】替用户承担配送费:3.5元,-,-,-,4.00,温州区域,温州直营,,,否,-,平台配送
圣比萨（雪景店）,SBS00006,温州,"8044200255902614851	",饿了么,平台外卖,已完成,2025-10-24 17:49:13,2025-10-24 17:49:13,2025-10-24 17:49:13,饿了么支付-在线支付,,即时单,2025-10-24 17:49:13,12.13,自动出餐,1,否,"意面随心配（58.80*1）,餐盒（2.00*1）",上校鸡块2个+蛋挞1个+盐酥鸡米花小份+招牌肉酱意面,,,,非会员,23,,,1份餐具,,58.80,10.12,43.90,0.00,0,0,1.43,0.00,3.50,【活动支出】单品特价:31.90元+【活动支出】订单集点返红包:5.00元+【活动支出】饿了么红包:7.00元+【活动支出】替用户承担配送费:3.5元,-,-,-,2.00,温州区域,温州直营,,,否,-,平台配送
圣比萨（雪景店）,SBS00006,温州,"8027440255926712689	",饿了么,平台外卖,已完成,2025-10-24 18:29:35,2025-10-24 18:29:35,2025-10-24 18:29:35,饿了么支付-在线支付,,即时单,2025-10-24 18:29:35,12.18,自动出餐,1,否,"奶酪芝士卷边（9英寸）（6.90*1）,鲜虾菠萝披萨9英寸（78.00*1）,餐盒（2.00*1）",奶酪芝士卷边9+鲜虾菠萝披萨9英寸,,,,非会员,24,,,无需餐具,,84.90,51.71,18.00,0.00,0,0,4.94,0.00,5.00,【活动支出】店铺满减:6.00元+【活动支出】饿了么红包:12.00元+【活动支出】替用户承担配送费:5.0元,-,-,-,2.00,温州区域,温州直营,,,否,-,平台配送
圣比萨（雪景店）,SBS00006,温州,"8097546089830200603	",饿了么,平台外卖,已完成,2025-10-24 18:56:35,2025-10-24 18:56:35,2025-10-24 18:56:35,饿了么支付-在线支付,,即时单,2025-10-24 18:56:35,12.08,自动出餐,1,否,"【披萨任选】披萨8选1+小吃5选2+饮品[碳烤鸡肉培根7英寸+金丝鸡排+盐酥鸡米花小份+小可乐]（61.00*1）,奶酪芝士卷边（7英寸）（4.90*1）,点击右上角❤️收藏得小吃[蛋挞1个]（5.00*1）,【新客福利】蛋挞1个（5.00*1）,餐盒（3.50*1）",碳烤鸡肉培根披萨【7英寸(手拍)】+金丝鸡排+盐酥鸡米花小份+小可乐+奶酪芝士卷边7+蛋挞1个+蛋挞1个,,,,非会员,25,,,无需餐具,,75.90,24.89,45.01,0.00,0,0,2.35,0.00,3.50,【活动支出】店铺满减:1.00元+【活动支出】单品特价:26.10元+【活动支出】单品特价:4.01元+【活动支出】饿了么红包:9.00元+【活动支出】精准营销:4.90元+【活动支出】替用户承担配送费:3.5元,-,-,-,3.50,温州区域,温州直营,,,否,-,平台配送
圣比萨（雪景店）,SBS00006,温州,"8013776089835753852	",饿了么,平台外卖,已完成,2025-10-24 18:59:08,2025-10-24 18:59:08,2025-10-24 18:59:09,饿了么支付-在线支付,,即时单,2025-10-24 18:59:08,12.03,自动出餐,1,否,"点击右上角❤️收藏得小吃[上校鸡块2个]（5.00*1）,7英寸披萨买一送一[奥尔良鸡肉披萨7英寸+缤纷水果披萨7英寸]（86.80*1）,餐盒（2.50*1）",上校鸡块2个+新奥尔良烤鸡肉披萨【7英寸(手拍)】+缤纷水果披萨【7英寸(手拍)】,,,,非会员,26,,,依据餐量提供餐具,,91.80,29.85,53.89,0.00,0,0,2.81,0.00,3.50,【活动支出】单品特价:4.99元+【活动支出】店铺满减:1.00元+【活动支出】单品特价:39.90元+【活动支出】饿了么红包:8.00元+【活动支出】替用户承担配送费:3.5元,-,-,-,2.50,温州区域,温州直营,,,否,-,平台配送
圣比萨（雪景店）,SBS00006,温州,"8060020255854836195	",饿了么,平台外卖,已完成,2025-10-24 19:11:11,2025-10-24 19:11:11,2025-10-24 19:11:11,饿了么支付-在线支付,,即时单,2025-10-24 19:11:11,12.08,自动出餐,1,否,"缤纷水果披萨-9英寸(手拍)[{""name"":""规格"",""value"":""9英寸(手拍)""}]（75.00*1）,餐盒（1.00*1）",缤纷水果披萨,,,,非会员,27,,,依据餐量提供餐具,,75.00,20.41,47.10,0.00,0,0,1.94,0.00,3.50,【活动支出】单品特价:40.10元+【活动支出】饿了么红包:0.00元+【活动支出】饿了么红包:7.00元+【活动支出】替用户承担配送费:3.5元,-,-,-,1.00,温州区域,温州直营,,,否,-,平台配送
圣比萨（雪景店）,SBS00006,温州,"8089440255959077164	",饿了么,平台外卖,已完成,2025-10-24 19:30:39,2025-10-24 19:30:39,2025-10-24 19:30:39,饿了么支付-在线支付,,即时单,2025-10-24 19:30:39,10.10,自动出餐,1,否,新奥尔良烤鸡肉披萨7寸-单点（22.00*1）,新奥尔良烤鸡肉披萨【7英寸(手拍)】,,,,非会员,28,,,1份餐具,,22.00,12.00,0.00,0.00,0,0,0.00,0.00,,【活动支出】拼团反圈活动:0.00元,-,-,-,0.00,温州区域,温州直营,,,否,-,平台配送
圣比萨（雪景店）,SBS00006,温州,"8022130255989804395	",饿了么,平台外卖,已完成,2025-10-24 20:18:17,2025-10-24 20:18:17,2025-10-24 20:18:17,饿了么支付-在线支付,,即时单,2025-10-24 20:18:17,10.05,自动出餐,1,否,"香烤鸡翅-4只[{""name"":""规格"",""value"":""4只""}]（30.00*1）,奶酪芝士卷边（9英寸）（6.90*1）,可乐[冷]（5.00*1）,经典薯条（18.00*1）,榴莲王披萨-9英寸(经典手拍)[{""name"":""规格"",""value"":""9英寸(经典手拍)""}]（92.00*1）,餐盒（5.00*1）",香烤鸡翅+奶酪芝士卷边9+可乐+经典薯条+榴莲王披萨,,,,非会员,29,,,依据餐量提供餐具,,151.90,64.08,74.30,0.00,0,0,5.97,0.00,3.50,【活动支出】店铺满减:6.00元+【活动支出】单品特价:1.10元+【活动支出】单品特价:9.10元+【活动支出】单品特价:46.10元+【活动支出】饿了么红包:12.00元+【活动支出】替用户承担配送费:3.5元,-,-,-,5.00,温州区域,温州直营,,,否,-,平台配送
圣比萨（雪景店）,SBS00006,温州,"8054776089889531161	",饿了么,平台外卖,已完成,2025-10-24 21:02:26,2025-10-24 21:02:26,2025-10-24 21:02:26,饿了么支付-在线支付,,即时单,2025-10-24 21:02:26,10.07,自动出餐,1,否,"缤纷水果披萨-9英寸(手拍)[{""name"":""规格"",""value"":""9英寸(手拍)""}]（75.00*1）,餐盒（1.00*1）",缤纷水果披萨,,,,非会员,30,,,依据餐量提供餐具,,75.00,25.78,40.10,0.00,0,0,2.47,0.00,5.60,【活动支出】单品特价:40.10元+【活动支出】替用户承担配送费:5.6元,-,-,-,1.00,温州区域,温州直营,,,否,-,平台配送
圣比萨（雪景店）,SBS00006,温州,"8084280255993145649	",饿了么,平台外卖,已完成,2025-10-24 21:03:07,2025-10-24 21:03:07,2025-10-24 21:03:07,饿了么支付-在线支付,,即时单,2025-10-24 21:03:07,10.03,自动出餐,1,否,手握三选一-单点[日式照烧]（20.00*1）,日式烧鸟风味一人食盒子披萨,,,,非会员,31,,,依据餐量提供餐具,,20.00,10.00,0.00,0.00,0,0,0.00,0.00,,【活动支出】爆品团通吃券:0.00元,-,-,-,0.00,温州区域,温州直营,,,否,-,平台配送
圣比萨（雪景店）,SBS00006,温州,"8013490255895123247	",饿了么,平台外卖,已完成,2025-10-24 21:04:56,2025-10-24 21:04:56,2025-10-24 21:04:56,饿了么支付-在线支付,,即时单,2025-10-24 21:04:56,10.17,自动出餐,1,否,"奥尔良烤翅（14.00*1）,奶酪芝士卷边（7英寸）（4.90*1）,7英寸奥尔良烤鸡肉披萨[7英奥尔良烤鸡肉披萨]（56.00*1）,餐盒（4.00*1）",奥尔良烤翅+奶酪芝士卷边7+新奥尔良烤鸡肉披萨【7英寸(手拍)】,,,,非会员,32,,,依据餐量提供餐具,,74.90,25.90,40.60,0.00,0,0,2.65,0.00,7.10,【活动支出】店铺满减:1.00元+【活动支出】单品特价:1.10元+【活动支出】单品特价:33.50元+【活动支出】饿了么红包:5.00元+【活动支出】替用户承担配送费:6.0元,-,-,-,4.00,温州区域,温州直营,,,否,-,平台配送
圣比萨（雪景店）,SBS00006,温州,"8087896089906943243	",饿了么,平台外卖,已完成,2025-10-24 21:41:54,2025-10-24 21:41:54,2025-10-24 21:41:54,饿了么支付-在线支付,,即时单,2025-10-24 21:41:54,10.12,自动出餐,1,否,"奥尔良烤翅（14.00*1）,意面随心配（58.80*1）,披萨随心配（65.30*1）,【新客福利】蛋挞1个（5.00*1）,餐盒（7.00*1）",奥尔良烤翅+地道肠1根+蛋挞1个+深海墨鱼丸2个+番茄牛肉意面+地道肠1根+蛋挞1个+深海墨鱼丸2个+碳烤鸡肉培根披萨(7英寸(手拍))+蛋挞1个,,,,非会员,33,,,依据餐量提供餐具,,143.10,48.72,85.51,0.00,0,0,4.62,0.00,6.10,【活动支出】店铺满减:6.00元+【活动支出】单品特价:1.10元+【活动支出】单品特价:31.90元+【活动支出】单品特价:30.50元+【活动支出】单品特价:4.01元+【活动支出】饿了么红包:12.00元+【活动支出】替用户承担配送费:6.0元,-,-,-,7.00,温州区域,温州直营,,,否,-,平台配送
圣比萨（雪景店）,SBS00006,温州,"8066556089915589041	",饿了么,平台外卖,已完成,2025-10-24 21:49:26,2025-10-24 21:49:26,2025-10-24 21:49:26,饿了么支付-在线支付,,即时单,2025-10-24 21:49:26,10.15,自动出餐,1,否,"红薯薯泥流心卷边（7英寸）（4.90*1）,【随心拼】7英寸披萨(口味自选）[奥尔良+浪漫威尼斯]（54.00*1）,餐盒（2.00*1）",红薯泥流心卷边7+双拼7寸【奥尔良口味7】+双拼7寸【浪漫威尼斯口味7】,,,,非会员,34,,,2份餐具,,58.90,17.59,34.50,0.00,0,0,1.76,0.00,5.60,【活动支出】单品特价:27.50元+【活动支出】饿了么红包:7.00元+【活动支出】替用户承担配送费:5.6元,-,-,-,2.00,温州区域,温州直营,,,否,-,平台配送
圣比萨（雪景店）,SBS00006,温州,"8070260256022592897	",饿了么,平台外卖,已完成,2025-10-24 22:14:16,2025-10-24 22:14:16,2025-10-24 22:14:16,饿了么支付-在线支付,,即时单,2025-10-24 22:14:16,10.03,自动出餐,1,否,"披萨随心配（60.40*1）,餐盒（2.00*1）",地道肠1根+蛋挞1个+深海墨鱼丸2个+花果山披萨(7英寸(手拍)),,,,非会员,35,,,依据餐量提供餐具,,60.40,16.81,37.50,0.00,0,0,1.64,0.00,5.60,【活动支出】单品特价:30.50元+【活动支出】饿了么红包:7.00元+【活动支出】替用户承担配送费:5.6元,-,-,-,2.00,温州区域,温州直营,,,否,-,平台配送
圣比萨（苍南马站店）,SBS00020,温州,"8056556089567567125	",饿了么,平台外卖,已完成,2025-10-24 10:51:46,2025-10-24 10:51:46,2025-10-24 10:51:46,饿了么支付-在线支付,,即时单,2025-10-24 10:51:46,11.48,手动出餐,1,否,新奥尔良烤鸡肉披萨7寸-单点（22.00*1）,新奥尔良烤鸡肉披萨【7英寸(手拍)】,,,,非会员,1,,,依据餐量提供餐具,,22.00,12.00,0.00,0.00,0,0,0.00,0.00,,【活动支出】拼团反圈活动:0.00元,-,-,-,0.00,温州区域,温州直营,,,否,-,平台配送
圣比萨（苍南马站店）,SBS00020,温州,"8009240255757406477	",饿了么,平台外卖,已完成,2025-10-24 12:03:11,2025-10-24 12:03:11,2025-10-24 12:03:11,饿了么支付-在线支付,,即时单,2025-10-24 12:03:11,15.18,自动出餐,1,否,"小食桶A（0.00*1）,【任选3件套】个人披萨意面焗饭套餐随心配[浪漫威尼斯披萨7英寸+芒果汁]（72.00*1）,餐盒（2.00*1）",明星小食桶A+浪漫威尼斯披萨【7英寸(手拍)】+芒果汁,,,,非会员,2,,,依据餐量提供餐具,,72.00,21.42,43.10,0.00,0,0,2.93,0.00,4.00,【活动支出】店铺满减:1.00元+【活动支出】单品特价:32.10元+【活动支出】饿了么红包:9.00元+【活动支出】粉丝群:1.00元+【活动支出】替用户承担配送费:4.0元,-,-,-,2.00,温州区域,温州直营,,,否,-,平台配送
圣比萨（苍南马站店）,SBS00020,温州,"8001180255688548678	",饿了么,平台外卖,已完成,2025-10-24 13:03:27,2025-10-24 13:03:27,2025-10-24 13:03:27,饿了么支付-在线支付,,即时单,2025-10-24 13:03:27,15.17,自动出餐,1,否,"奥尔良烤鸡肉披萨-7英寸(手拍)[{""name"":""规格"",""value"":""7英寸(手拍)""}]（45.00*1）,奶酪芝士卷边（7英寸）（4.90*1）,餐盒（2.00*1）",新奥尔良烤鸡肉披萨+奶酪芝士卷边7,,,,非会员,3,,,依据餐量提供餐具,,49.90,15.67,28.10,0.00,0,0,2.18,0.00,3.50,【活动支出】单品特价:20.10元+【活动支出】粉丝群:1.00元+【活动支出】饿了么红包:7.00元+【活动支出】替用户承担配送费:3.5元,-,-,-,2.00,温州区域,温州直营,,,否,-,平台配送
圣比萨（苍南马站店）,SBS00020,温州,"8013360255892142472	",饿了么,平台外卖,已退款,2025-10-24 13:46:07,2025-10-24 13:46:07,2025-10-24 13:46:08,饿了么支付-在线支付,,即时单,2025-10-24 13:46:07,15.10,自动出餐,1,否,"黑椒牛肉芝士焗饭（52.00*1）,明星小食桶B（36.00*1）,港式奶茶[冷]（10.00*1）,餐盒（5.00*1）",黑椒牛肉芝士焗饭+明星小食桶B+港式奶茶,,,,非会员,4,,,"需要番茄酱谢谢,麻烦快点谢谢 / 2份餐具",,98.00,-1.05,55.20,35.80,0,0,4.70,0.00,3.50,【活动支出】店铺满减:6.00元+【活动支出】单品特价:21.10元+【活动支出】单品特价:16.10元+【活动支出】单品特价:2.00元+【活动支出】粉丝群:1.00元+【活动支出】饿了么红包:9.00元+【活动支出】替用户承担配送费:3.5元,-,-,-,5.00,温州区域,温州直营,,,否,-,平台配送
圣比萨（苍南马站店）,SBS00020,温州,"8063506089723813147	",饿了么,平台外卖,已完成,2025-10-24 15:00:30,2025-10-24 15:00:30,2025-10-24 15:00:30,饿了么支付-在线支付,,即时单,2025-10-24 15:00:30,15.05,自动出餐,1,否,"蛋挞1个（5.00*1）,【随心❤️拼】7英寸双拼披萨（口味自选）[新奥尔良烤鸡肉+碳烤鸡肉培根]（26.90*1）,奶酪芝士卷边（7英寸）（4.90*1）,餐盒（1.00*1）",蛋挞1个+双拼7寸【奥尔良口味7】+双拼7寸【碳烤鸡肉培根口味7】+奶酪芝士卷边7,,,,非会员,5,,,依据餐量提供餐具,,36.80,18.34,11.01,0.00,0,0,2.50,0.00,4.00,【活动支出】单品特价:4.01元+【活动支出】饿了么红包:7.00元+【活动支出】替用户承担配送费:4.0元,-,-,-,1.00,温州区域,温州直营,,,否,-,平台配送
圣比萨（苍南马站店）,SBS00020,温州,"8006350255873180977	",饿了么,平台外卖,已完成,2025-10-24 16:52:17,2025-10-24 16:52:17,2025-10-24 16:52:17,饿了么支付-在线支付,,即时单,2025-10-24 16:52:17,13.00,手动出餐,1,否,"小食桶B（2.00*1）,蛋挞1个（5.00*1）,【任选3件套】个人披萨意面焗饭套餐随心配[碳烤鸡肉培根披萨7英寸+美年达]（72.00*1）,餐盒（3.00*1）",明星小食桶B+蛋挞1个+碳烤鸡肉培根披萨【7英寸(手拍)】,,,,非会员,6,,,无需餐具,,79.00,23.20,49.11,0.00,0,0,3.14,0.00,3.50,【活动支出】店铺满减:1.00元+【活动支出】单品特价:4.01元+【活动支出】单品特价:32.10元+【活动支出】饿了么红包:12.00元+【活动支出】替用户承担配送费:3.5元,-,-,-,3.00,温州区域,温州直营,,,否,-,平台配送
圣比萨（苍南马站店）,SBS00020,温州,"8021270255872343469	",饿了么,平台外卖,已完成,2025-10-24 17:05:44,2025-10-24 17:05:44,2025-10-24 17:05:44,饿了么支付-在线支付,,即时单,2025-10-24 17:05:44,11.87,手动出餐,1,否,"可乐[冷]（5.00*1）,番茄牛肉意面（52.00*1）,上校鸡块（12.00*1）,餐盒（4.00*1）",可乐+番茄牛肉意面+上校鸡块,,,,非会员,7,,,依据餐量提供餐具,,69.00,29.17,32.10,0.00,0,0,3.98,0.00,3.50,【活动支出】店铺满减:1.00元+【活动支出】单品特价:26.10元+【活动支出】单品特价:5.00元+【活动支出】饿了么红包:0.00元+【活动支出】替用户承担配送费:3.5元,-,-,-,4.00,温州区域,温州直营,,,否,-,平台配送
圣比萨（苍南马站店）,SBS00020,温州,"8065040255967778282	",饿了么,平台外卖,已完成,2025-10-24 17:17:16,2025-10-24 17:17:16,2025-10-24 17:17:16,饿了么支付-在线支付,,即时单,2025-10-24 17:17:16,15.23,自动出餐,1,否,"招牌肉酱芝士焗饭（52.00*1）,经典薯条（18.00*1）,【随心❤️拼】7英寸双拼披萨（口味自选）[日系照烧鸡+日系照烧鸡]（26.90*1）,餐盒（4.00*1）",招牌肉酱芝士焗饭+经典薯条+双拼7寸【日系照烧口味7】+双拼7寸【日系照烧口味7】,,,,非会员,8,,,无需餐具,,96.90,36.83,50.10,0.00,0,0,5.02,0.00,3.50,【活动支出】店铺满减:6.00元+【活动支出】单品特价:23.10元+【活动支出】单品特价:9.00元+【活动支出】饿了么红包:12.00元+【活动支出】替用户承担配送费:3.5元,-,-,-,4.00,温州区域,温州直营,,,否,-,平台配送
圣比萨（苍南马站店）,SBS00020,温州,"8017706089802669439	",饿了么,平台外卖,已完成,2025-10-24 18:10:24,2025-10-24 18:10:24,2025-10-24 18:10:25,饿了么支付-在线支付,,即时单,2025-10-24 18:10:24,10.72,手动出餐,1,否,"【任选5件套】披萨意面我全都要[碳烤鸡肉培根7英寸+招牌肉酱意面+小食桶C+芒果汁+柠檬茶]（128.00*1）,餐盒（2.00*1）",碳烤鸡肉培根披萨【7英寸(手拍)】+招牌肉酱意面+明星小食桶C+芒果汁+柠檬茶,,,,非会员,9,,,依据餐量提供餐具,,128.00,33.94,83.10,0.00,0,0,4.61,0.00,3.50,【活动支出】店铺满减:6.00元+【活动支出】单品特价:68.10元+【活动支出】饿了么红包:9.00元+【活动支出】替用户承担配送费:3.5元,-,-,-,2.00,温州区域,温州直营,,,否,-,平台配送
圣比萨（苍南马站店）,SBS00020,温州,"8065190255972530589	",饿了么,平台外卖,已完成,2025-10-24 19:52:42,2025-10-24 19:52:42,2025-10-24 19:52:43,饿了么支付-在线支付,,即时单,2025-10-24 19:52:42,7.97,手动出餐,1,否,"新奥尔良烤鸡肉披萨7寸-单点[{""name"":""规格"",""value"":""单点""}]（22.00*1）",新奥尔良烤鸡肉披萨【7英寸(手拍)】,,,,非会员,10,,,依据餐量提供,,22.00,12.00,0.00,0.00,0,0,0.00,0.00,,【活动支出】拼团反圈活动:0.00元,-,-,-,0.00,温州区域,温州直营,,,否,-,平台配送
圣比萨（苍南马站店）,SBS00020,温州,"8084526089888571870	",饿了么,平台外卖,已完成,2025-10-24 21:12:39,2025-10-24 21:12:39,2025-10-24 21:12:39,饿了么支付-在线支付,,即时单,2025-10-24 21:12:39,15.18,自动出餐,1,否,"榴莲王披萨-9英寸(手拍)[{""name"":""规格"",""value"":""9英寸(手拍)""}]（92.00*1）",榴莲王披萨,,,,非会员,11,,,依据餐量提供餐具,,92.00,24.80,56.10,0.00,0,0,3.45,0.00,5.60,【活动支出】单品特价:56.10元+【活动支出】用户代金券:0.00元+【活动支出】替用户承担配送费:5.6元,-,-,-,0.00,温州区域,温州直营,,,否,-,平台配送
圣比萨（苍南马站店）,SBS00020,温州,"8097040256096563589	",饿了么,平台外卖,已完成,2025-10-24 21:15:40,2025-10-24 21:15:40,2025-10-24 21:15:40,饿了么支付-在线支付,,即时单,2025-10-24 21:15:40,15.15,自动出餐,1,否,"【任选5件套】披萨意面我全都要[圣比招牌披萨7英寸+招牌肉酱意面+小食桶A+柠檬茶+港式奶茶]（128.00*1）,餐盒（2.00*1）",大圣招牌大满贯披萨【7英寸(手拍)】+招牌肉酱意面+明星小食桶A+柠檬茶+港式奶茶,,,,非会员,12,,,依据餐量提供餐具,,128.00,33.44,83.10,0.00,0,0,4.61,0.00,5.60,【活动支出】店铺满减:6.00元+【活动支出】单品特价:68.10元+【活动支出】饿了么红包:9.00元+【活动支出】替用户承担配送费:5.6元,-,-,-,2.00,温州区域,温州直营,,,否,-,平台配送
圣比萨（苍南马站店）,SBS00020,温州,"8098926089875736030	",饿了么,平台外卖,已完成,2025-10-24 21:18:49,2025-10-24 21:18:49,2025-10-24 21:18:49,饿了么支付-在线支付,,即时单,2025-10-24 21:18:49,13.40,手动出餐,1,否,"榴莲王披萨-9英寸(手拍)[{""name"":""规格"",""value"":""9英寸(手拍)""}]（92.00*1）",榴莲王披萨,,,,非会员,13,,,2份餐具,,92.00,23.90,56.10,0.00,0,0,3.45,0.00,7.10,【活动支出】单品特价:56.10元+【活动支出】用户代金券:0.00元+【活动支出】替用户承担配送费:6.0元,-,-,-,0.00,温州区域,温州直营,,,否,-,平台配送
圣比萨（苍南马站店）,SBS00020,温州,"8053966089902408158	",饿了么,平台外卖,已完成,2025-10-24 21:29:45,2025-10-24 21:29:45,2025-10-24 21:29:45,饿了么支付-在线支付,,即时单,2025-10-24 21:29:45,15.00,自动出餐,1,否,"【任选4件套】畅享开吃套餐[日系照烧鸡披萨9英寸+明星小食桶A+七喜+七喜]（108.00*1）,餐盒（2.00*1）",日系照烧鸡披萨【9英寸(手拍)】+明星小食桶A,,,,非会员,14,,,依据餐量提供餐具,,108.00,33.44,63.10,0.00,0,0,4.61,0.00,5.60,【活动支出】店铺满减:6.00元+【活动支出】单品特价:48.10元+【活动支出】粉丝群:1.00元+【活动支出】饿了么红包:8.00元+【活动支出】替用户承担配送费:5.6元,-,-,-,2.00,温州区域,温州直营,,,否,-,平台配送
圣比萨（义乌佛堂店）,SBM00007,金华,"8025956089057816855	",饿了么,平台外卖,已完成,2025-10-22 22:37:28,2025-10-22 22:37:28,2025-10-22 22:37:28,饿了么支付-在线支付,,预约单,2025-10-24 11:10:00,2147.77,自动出餐,1,否,"意式经典肉酱意面（27.50*1）,餐盒（1.00*1）",意式经典肉酱意面,,,,非会员,1,,,依据餐量提供餐具,,27.50,8.86,11.00,0.00,0,0,1.04,0.00,3.70,【活动支出】单品特价:4.00元+【活动支出】 商家自营销加码:2.00元+【活动支出】饿了么红包:5.00元+【活动支出】替用户承担配送费:3.7元,-,-,-,1.00,金华地区,金华加盟,,,否,-,平台配送
圣比萨（义乌佛堂店）,SBM00007,金华,"8046516089559740797	",饿了么,平台外卖,已完成,2025-10-24 09:06:18,2025-10-24 09:06:18,2025-10-24 09:06:18,饿了么支付-在线支付,,预约单,2025-10-24 11:05:00,73.83,自动出餐,1,否,"【随心双拼】双拼一人食盒子披萨[日式烧鸟风味+北美乡村土豆培根]（26.90*1）,餐盒（2.00*1）",双拼一人食盒子披萨【日式烧鸟风味】+双拼一人食盒子披萨【北美乡村土豆培根】,,,,非会员,2,,,依据餐量提供餐具,,26.90,9.86,11.00,0.00,0,0,1.04,0.00,3.20,【活动支出】单品特价:4.00元+【活动支出】饿了么红包:7.00元+【活动支出】替用户承担配送费:3.2元,-,-,-,2.00,金华地区,金华加盟,,,否,-,平台配送
圣比萨（义乌佛堂店）,SBM00007,金华,"8097000255656824247	",饿了么,平台外卖,已完成,2025-10-24 09:35:18,2025-10-24 09:35:18,2025-10-24 09:35:18,饿了么支付-在线支付,,预约单,2025-10-24 11:05:00,44.75,自动出餐,1,否,"【任选1+1+1】一人食光披萨套餐（28.90*1）,餐盒（2.00*1）",盐酥鸡米花小份+小雪碧+日式烧鸟风味一人食盒子披萨,,,,非会员,3,,,依据餐量提供餐具,,28.90,13.84,9.00,0.00,0,0,1.06,0.00,3.70,【活动支出】单品特价:2.00元+【活动支出】粉丝群:2.00元+【活动支出】饿了么红包:5.00元+【活动支出】替用户承担配送费:3.7元,-,-,-,2.00,金华地区,金华加盟,,,否,-,平台配送
圣比萨（义乌佛堂店）,SBM00007,金华,"8028966089564895497	",饿了么,平台外卖,已完成,2025-10-24 09:48:29,2025-10-24 09:48:29,2025-10-24 09:48:29,饿了么支付-在线支付,,预约单,2025-10-24 11:45:00,71.60,自动出餐,1,否,"【任选1+3】一人食意面随心配（31.90*1）,餐盒（2.00*1）",盐酥鸡米花小份+美式黑椒鸡块3只+深海墨鱼丸3个+番茄阳光牛肉意面,,,,非会员,4,,,依据餐量提供餐具,,31.90,15.37,9.00,0.00,0,0,1.23,0.00,3.20,【活动支出】单品特价:2.00元+【活动支出】饿了么红包:7.00元+【活动支出】替用户承担配送费:3.2元,-,-,-,2.00,金华地区,金华加盟,,,否,-,平台配送
圣比萨（义乌佛堂店）,SBM00007,金华,"8018140255748954472	",饿了么,平台外卖,已完成,2025-10-24 10:00:44,2025-10-24 10:00:44,2025-10-24 10:00:44,饿了么支付-在线支付,,预约单,2025-10-24 11:10:00,24.50,自动出餐,1,否,"【任选1+1+1】一人食光披萨套餐（28.90*1）,餐盒（2.00*1）",黄金脆粗薯条小份+小雪碧+奥尔良风情烤鸡肉一人食盒子披萨,,,,非会员,5,,,1份餐具,,28.90,13.84,9.00,0.00,0,0,1.06,0.00,3.20,【活动支出】单品特价:2.00元+【活动支出】粉丝群:2.00元+【活动支出】饿了么红包:5.00元+【活动支出】替用户承担配送费:3.2元,-,-,-,2.00,金华地区,金华加盟,,,否,-,平台配送
圣比萨（义乌佛堂店）,SBM00007,金华,"8052786089580862728	",饿了么,平台外卖,已完成,2025-10-24 10:26:32,2025-10-24 10:26:32,2025-10-24 10:26:32,饿了么支付-在线支付,,即时单,2025-10-24 10:26:32,9.22,自动出餐,1,否,"【任选1+1+1】一人食光披萨套餐（28.90*1）,餐盒（2.00*1）",盐酥鸡米花小份+可乐+奥尔良风情烤鸡肉一人食盒子披萨,,,,非会员,6,,,依据餐量提供餐具,,28.90,16.45,6.40,0.00,0,0,1.25,0.00,2.20,【活动支出】单品特价:1.40元+【活动支出】饿了么红包:5.00元+【活动支出】替用户承担配送费:2.2元,-,-,-,2.00,金华地区,金华加盟,,,否,-,平台配送
圣比萨（义乌佛堂店）,SBM00007,金华,"8030440255761811797	",饿了么,平台外卖,已完成,2025-10-24 10:29:54,2025-10-24 10:29:54,2025-10-24 10:29:54,饿了么支付-在线支付,,即时单,2025-10-24 10:29:54,9.10,自动出餐,1,否,"【随心双拼】双拼一人食盒子披萨[热带雨林水果+热带雨林水果]（26.90*1）,餐盒（2.00*1）",双拼一人食盒子披萨【热带雨林水果】+双拼一人食盒子披萨【热带雨林水果】,,,,非会员,7,,,2份餐具,,26.90,9.96,12.40,0.00,0,0,1.04,0.00,2.20,【活动支出】单品特价:3.40元+【活动支出】粉丝群:2.00元+【活动支出】饿了么红包:7.00元+【活动支出】替用户承担配送费:2.2元,-,-,-,2.00,金华地区,金华加盟,,,否,-,平台配送
圣比萨（义乌佛堂店）,SBM00007,金华,"8067040255572505005	",饿了么,平台外卖,已完成,2025-10-24 10:36:47,2025-10-24 10:36:47,2025-10-24 10:36:47,饿了么支付-在线支付,,即时单,2025-10-24 10:36:47,9.13,自动出餐,1,否,"【任选1+3】一人食意面随心配（31.90*1）,餐盒（2.00*1）",盐酥鸡米花小份+美式黑椒鸡块3只+深海墨鱼丸3个+番茄阳光牛肉意面,,,,非会员,8,,,依据餐量提供餐具,,31.90,13.45,10.40,0.00,0,0,1.15,0.00,3.20,【活动支出】单品特价:1.40元+【活动支出】粉丝群:2.00元+【活动支出】饿了么红包:7.00元+【活动支出】替用户承担配送费:3.2元,-,-,-,2.00,金华地区,金华加盟,,,否,-,平台配送
圣比萨（义乌佛堂店）,SBM00007,金华,"8084826089579231551	",饿了么,平台外卖,已完成,2025-10-24 10:38:13,2025-10-24 10:38:13,2025-10-24 10:38:14,饿了么支付-在线支付,,即时单,2025-10-24 10:38:13,9.18,自动出餐,1,否,"阳光番茄牛肉意面（27.50*1）,餐盒（1.00*1）",番茄阳光牛肉意面,,,,非会员,9,,,多来点面 / 依据餐量提供餐具,,27.50,8.86,11.00,0.00,0,0,1.04,0.00,3.20,【活动支出】单品特价:4.00元+【活动支出】饿了么红包:7.00元+【活动支出】替用户承担配送费:3.2元,-,-,-,1.00,金华地区,金华加盟,,,否,-,平台配送
圣比萨（义乌佛堂店）,SBM00007,金华,"8031120255678678497	",饿了么,平台外卖,已完成,2025-10-24 10:43:45,2025-10-24 10:43:45,2025-10-24 10:43:45,饿了么支付-在线支付,,即时单,2025-10-24 10:43:45,9.07,自动出餐,1,否,"【任选1+1+1】一人食光披萨套餐（30.90*1）,餐盒（2.00*1）",黄金脆粗薯+可乐+热带雨林水果一人食盒子披萨,,,,非会员,10,,,依据餐量提供餐具,,30.90,14.40,8.40,0.00,0,0,1.20,0.00,3.70,【活动支出】单品特价:1.40元+【活动支出】饿了么红包:7.00元+【活动支出】替用户承担配送费:3.7元,-,-,-,2.00,金华地区,金华加盟,,,否,-,平台配送
圣比萨（义乌佛堂店）,SBM00007,金华,"8043270255577797114	",饿了么,平台外卖,已完成,2025-10-24 10:43:49,2025-10-24 10:43:49,2025-10-24 10:43:49,饿了么支付-在线支付,,即时单,2025-10-24 10:43:49,9.22,自动出餐,1,否,"黑椒铁板牛柳意面（29.50*1）,酥皮蛋挞1个（7.00*1）,餐盒（1.50*1）",黑椒铁板牛柳意面+蛋挞1个,,,,非会员,11,,,依据餐量提供餐具,,36.50,11.46,17.90,0.00,0,0,1.04,0.00,3.20,【活动支出】单品特价:4.00元+【活动支出】单品特价:6.90元+【活动支出】饿了么红包:7.00元+【活动支出】替用户承担配送费:3.2元,-,-,-,1.50,金华地区,金华加盟,,,否,-,平台配送
圣比萨（义乌佛堂店）,SBM00007,金华,"8059886089565672768	",饿了么,平台外卖,已完成,2025-10-24 10:50:40,2025-10-24 10:50:40,2025-10-24 10:50:41,饿了么支付-在线支付,,即时单,2025-10-24 10:50:40,9.15,自动出餐,1,否,"点击右上角❤️收藏得小吃[上校鸡块2个]（7.00*1）,奥尔良风情烤鸡肉一人食盒子披萨（26.90*1）,酥皮蛋挞1个（7.00*1）,餐盒（2.00*1）",上校鸡块2个+奥尔良风情烤鸡肉一人食盒子披萨+蛋挞1个,,,,非会员,12,,,依据餐量提供餐具,,40.90,9.06,25.20,0.00,0,0,1.04,0.00,3.20,【活动支出】单品特价:6.90元+【活动支出】单品特价:4.40元+【活动支出】单品特价:6.90元+【活动支出】 商家自营销加码:2.00元+【活动支出】饿了么红包:5.00元+【活动支出】淘金币:0.00元+【活动支出】替用户承担配送费:3.2元,-,-,-,2.00,金华地区,金华加盟,,,否,-,平台配送
圣比萨（义乌佛堂店）,SBM00007,金华,"8003110255773666755	",饿了么,平台外卖,已完成,2025-10-24 10:50:42,2025-10-24 10:50:42,2025-10-24 10:50:42,饿了么支付-在线支付,,即时单,2025-10-24 10:50:42,9.20,自动出餐,1,否,"意式经典肉酱意面（27.50*1）,酥皮蛋挞1个（7.00*1）,餐盒（1.50*1）",意式经典肉酱意面+蛋挞1个,,,,非会员,13,,,1份餐具,,34.50,9.56,19.90,0.00,0,0,1.04,0.00,2.20,【活动支出】单品特价:4.00元+【活动支出】单品特价:6.90元+【活动支出】 商家自营销加码:2.00元+【活动支出】粉丝群:2.00元+【活动支出】饿了么红包:5.00元+【活动支出】淘金币:0.00元+【活动支出】替用户承担配送费:2.2元,-,-,-,1.50,金华地区,金华加盟,,,否,-,平台配送
圣比萨（义乌佛堂店）,SBM00007,金华,"8001506089599229237	",饿了么,平台外卖,已完成,2025-10-24 10:55:39,2025-10-24 10:55:39,2025-10-24 10:55:39,饿了么支付-在线支付,,即时单,2025-10-24 10:55:39,9.20,自动出餐,1,否,"【随心拼】9英寸披萨[招牌大满贯+米兰肉酱]（41.90*1）,餐盒（2.00*1）",双拼9寸【圣比招牌口味9】+双拼9英寸【西域肉酱】,,,,非会员,14,,,依据餐量提供餐具,,41.90,19.12,14.40,0.00,0,0,1.48,0.00,3.70,【活动支出】店铺满减:1.00元+【活动支出】单品特价:4.40元+【活动支出】 商家自营销加码:2.00元+【活动支出】粉丝群:2.00元+【活动支出】饿了么红包:5.00元+【活动支出】替用户承担配送费:3.7元,-,-,-,2.00,金华地区,金华加盟,,,否,-,平台配送
圣比萨（义乌佛堂店）,SBM00007,金华,"8099320255717823818	",饿了么,平台外卖,已完成,2025-10-24 11:17:23,2025-10-24 11:17:23,2025-10-24 11:17:23,饿了么支付-在线支付,,即时单,2025-10-24 11:17:23,10.07,自动出餐,1,否,"美式风味烤翅一对（8.00*3）,火山牛肉披萨（41.90*1）,盐酥鸡米花小份（7.00*2）,招牌大满贯披萨（41.90*1）,酥皮蛋挞1个（7.00*4）,餐盒（4.00*1）",美式风情烤翅+火山牛肉披萨+盐酥鸡米花小份+招牌大满贯披萨+蛋挞1个,,,,非会员,15,,,4份餐具,,149.80,93.14,33.70,0.00,0,0,6.56,0.00,3.20,【活动支出】店铺满减:6.00元+【活动支出】单品特价:4.40元+【活动支出】单品特价:4.40元+【活动支出】单品特价:6.90元+【活动支出】饿了么红包:12.00元+【活动支出】替用户承担配送费:3.2元,-,-,-,4.00,金华地区,金华加盟,,,否,-,平台配送
圣比萨（义乌佛堂店）,SBM00007,金华,"8046110255717684602	",饿了么,平台外卖,已完成,2025-10-24 11:24:14,2025-10-24 11:24:14,2025-10-24 11:24:14,饿了么支付-在线支付,,即时单,2025-10-24 11:24:14,10.00,自动出餐,1,否,"烟熏培根鸡肉披萨（34.90*1）,餐盒（1.00*1）",烟熏培根鸡肉披萨,,,,非会员,16,,,依据餐量提供餐具,,34.90,22.59,4.40,0.00,0,0,1.61,0.00,2.70,【活动支出】单品特价:4.40元+【活动支出】替用户承担配送费:2.7元,-,-,-,1.00,金华地区,金华加盟,,,否,-,平台配送
圣比萨（义乌佛堂店）,SBM00007,金华,"8082576089633562900	",饿了么,平台外卖,已完成,2025-10-24 11:25:26,2025-10-24 11:25:26,2025-10-24 11:25:27,饿了么支付-在线支付,,即时单,2025-10-24 11:25:26,10.17,自动出餐,1,否,"点击右上角❤️收藏得小吃[锅巴土豆4颗]（7.00*1）,【任选1+1+1】一人食光披萨套餐（28.90*1）,酥皮蛋挞1个（7.00*1）,餐盒（3.00*1）",锅巴土豆4颗+蛋挞1个+可乐+奥尔良风情烤鸡肉一人食盒子披萨+蛋挞1个,,,,非会员,17,,,"不要葱, 不要蒜 / 依据餐量提供餐具",,42.90,16.64,21.20,0.00,0,0,1.26,0.00,2.20,【活动支出】单品特价:6.90元+【活动支出】单品特价:1.40元+【活动支出】单品特价:6.90元+【活动支出】饿了么红包:6.00元+【活动支出】替用户承担配送费:2.2元,-,-,-,3.00,金华地区,金华加盟,,,否,-,平台配送
圣比萨（义乌佛堂店）,SBM00007,金华,"8043516089623995690	",饿了么,平台外卖,已完成,2025-10-24 11:31:43,2025-10-24 11:31:43,2025-10-24 11:31:43,饿了么支付-在线支付,,即时单,2025-10-24 11:31:43,10.02,自动出餐,1,否,"【任选1+3】手握披萨随心配（31.90*1）,酥皮蛋挞1个（7.00*1）,餐盒（2.50*1）",蛋挞1个+黄金脆粗薯条小份+美式黑椒鸡块3只+奥尔良风情烤鸡肉一人食盒子披萨+蛋挞1个,,,,非会员,18,,,依据餐量提供餐具,,38.90,15.91,15.30,0.00,0,0,1.29,0.00,3.20,【活动支出】单品特价:1.40元+【活动支出】单品特价:6.90元+【活动支出】饿了么红包:7.00元+【活动支出】替用户承担配送费:3.2元,-,-,-,2.50,金华地区,金华加盟,,,否,-,平台配送
圣比萨（义乌佛堂店）,SBM00007,金华,"8094916089599611238	",饿了么,平台外卖,已完成,2025-10-24 11:38:27,2025-10-24 11:38:27,2025-10-24 11:38:28,饿了么支付-在线支付,,即时单,2025-10-24 11:38:27,10.15,自动出餐,1,否,"【随心双拼】双拼一人食盒子披萨[奥尔良风情+浓情芝士]（26.90*1）,餐盒（2.00*1）",双拼一人食盒子披萨【奥尔良风情烤鸡肉】+双拼一人食盒子披萨【浓情芝士】,,,,非会员,19,,,依据餐量提供餐具,,26.90,9.86,10.40,0.00,0,0,1.04,0.00,3.20,【活动支出】单品特价:3.40元+【活动支出】 商家自营销加码:2.00元+【活动支出】饿了么红包:5.00元+【活动支出】替用户承担配送费:3.2元,-,-,-,2.00,金华地区,金华加盟,,,否,-,平台配送
圣比萨（义乌佛堂店）,SBM00007,金华,"8008420255786281393	",饿了么,平台外卖,已完成,2025-10-24 12:40:40,2025-10-24 12:40:40,2025-10-24 12:40:41,饿了么支付-在线支付,,即时单,2025-10-24 12:40:40,10.03,自动出餐,1,否,"【随心双拼】双拼一人食盒子披萨[浓情芝士+热带雨林水果]（26.90*1）,餐盒（2.00*1）",双拼一人食盒子披萨【浓情芝士】+双拼一人食盒子披萨【热带雨林水果】,,,,非会员,20,,,1份餐具,,26.90,11.96,10.40,0.00,0,0,1.04,0.00,2.20,【活动支出】单品特价:3.40元+【活动支出】 商家自营销加码:2.00元+【活动支出】饿了么红包:5.00元+【活动支出】替用户承担配送费:2.2元,-,-,-,2.00,金华地区,金华加盟,,,否,-,平台配送
圣比萨（义乌佛堂店）,SBM00007,金华,"8090370255813990812	",饿了么,平台外卖,已完成,2025-10-24 13:43:06,2025-10-24 13:43:06,2025-10-24 13:43:07,饿了么支付-在线支付,,即时单,2025-10-24 13:43:06,9.05,自动出餐,1,否,"【任选1+2+1】一人食光土豪披萨套餐（30.90*1）,餐盒（2.00*1）",锅巴土豆+上校鸡块+奥尔良风情烤鸡肉一人食盒子披萨+可乐,,,,非会员,21,,,"不要辣, 不要辣 / 依据餐量提供餐具",,30.90,15.51,9.40,0.00,0,0,1.19,0.00,2.20,【活动支出】单品特价:0.40元+【活动支出】 商家自营销加码:2.00元+【活动支出】粉丝群:2.00元+【活动支出】饿了么红包:5.00元+【活动支出】替用户承担配送费:2.2元,-,-,-,2.00,金华地区,金华加盟,,,否,-,平台配送
圣比萨（义乌佛堂店）,SBM00007,金华,"8056756089710877177	",饿了么,平台外卖,已完成,2025-10-24 14:02:46,2025-10-24 14:02:46,2025-10-24 14:02:46,饿了么支付-在线支付,,即时单,2025-10-24 14:02:46,9.10,自动出餐,1,否,"奥尔良风情烤鸡肉一人食盒子披萨（26.90*1）,酥皮蛋挞1个（7.00*1）,餐盒（1.50*1）",奥尔良风情烤鸡肉一人食盒子披萨+蛋挞1个,,,,非会员,22,,,1份餐具,,33.90,8.46,18.30,0.00,0,0,1.04,0.00,3.20,【活动支出】单品特价:4.40元+【活动支出】单品特价:6.90元+【活动支出】 商家自营销加码:2.00元+【活动支出】饿了么红包:5.00元+【活动支出】替用户承担配送费:3.2元,-,-,-,1.50,金华地区,金华加盟,,,否,-,平台配送
圣比萨（义乌佛堂店）,SBM00007,金华,"8085090255737121088	",饿了么,平台外卖,已完成,2025-10-24 15:12:50,2025-10-24 15:12:50,2025-10-24 15:12:50,饿了么支付-在线支付,,即时单,2025-10-24 15:12:50,9.08,自动出餐,1,否,"【任选1+1+1】一人食光披萨套餐（28.90*1）,餐盒（2.00*1）",蛋挞1个+可乐+奥尔良风情烤鸡肉一人食盒子披萨,,,,非会员,23,,,依据餐量提供餐具,,28.90,14.56,8.40,0.00,0,0,1.14,0.00,2.20,【活动支出】单品特价:1.40元+【活动支出】 商家自营销加码:2.00元+【活动支出】饿了么红包:5.00元+【活动支出】替用户承担配送费:2.2元,-,-,-,2.00,金华地区,金华加盟,,,否,-,平台配送
圣比萨（义乌佛堂店）,SBM00007,金华,"8090656089729505744	",饿了么,平台外卖,已完成,2025-10-24 15:17:16,2025-10-24 15:17:16,2025-10-24 15:17:16,饿了么支付-在线支付,,即时单,2025-10-24 15:17:16,9.00,自动出餐,1,否,"【任选7件套】披萨意面我全都要（54.90*1）,餐盒（2.00*1）",小雪碧+可乐+意式经典肉酱意面+奥尔良风情烤鸡肉一人食盒子披萨+黄金脆粗薯条小份+盐酥鸡米花小份+美式黑椒鸡块3只,,,,非会员,24,,,"不要香菜, 不要葱不要豆芽不要胡萝卜不要洋葱不要大蒜 / 依据餐量提供餐具",,54.90,27.39,14.40,0.00,0,0,2.21,0.00,5.50,【活动支出】店铺满减:1.00元+【活动支出】单品特价:4.40元+【活动支出】饿了么红包:9.00元+【活动支出】替用户承担配送费:5.5元,-,-,-,2.00,金华地区,金华加盟,,,否,-,平台配送
圣比萨（义乌佛堂店）,SBM00007,金华,"8027856089736128993	",饿了么,平台外卖,已完成,2025-10-24 15:34:35,2025-10-24 15:34:35,2025-10-24 15:34:35,饿了么支付-在线支付,,即时单,2025-10-24 15:34:35,9.18,自动出餐,1,否,"【随心三拼】三重奏一人食盒子披萨[浓情芝士+北美乡村土豆培根+热带雨林水果]（29.90*1）,餐盒（2.00*1）",三拼一人食拼【浓情芝士】+三拼一人食拼【北美乡村土豆培根】+三拼一人食拼【热带雨林水果】,,,,非会员,25,,,依据餐量提供餐具,,29.90,9.86,13.40,0.00,0,0,1.04,0.00,3.70,【活动支出】单品特价:4.40元+【活动支出】粉丝群:2.00元+【活动支出】饿了么红包:7.00元+【活动支出】替用户承担配送费:3.7元,-,-,-,2.00,金华地区,金华加盟,,,否,-,平台配送
圣比萨（义乌佛堂店）,SBM00007,金华,"8095160255747355012	",饿了么,平台外卖,已完成,2025-10-24 15:51:25,2025-10-24 15:51:25,2025-10-24 15:51:26,饿了么支付-在线支付,,即时单,2025-10-24 15:51:25,9.00,自动出餐,1,否,"【任选1+1+1】一人食光披萨套餐（28.90*1）,餐盒（2.00*1）",美式黑椒鸡块3只+小雪碧+奥尔良风情烤鸡肉一人食盒子披萨,,,,非会员,26,,,依据餐量提供餐具,,28.90,13.81,8.40,0.00,0,0,1.09,0.00,3.20,【活动支出】单品特价:1.40元+【活动支出】饿了么红包:7.00元+【活动支出】替用户承担配送费:3.2元,-,-,-,2.00,金华地区,金华加盟,,,否,-,平台配送
圣比萨（义乌佛堂店）,SBM00007,金华,"8052440255844632026	",饿了么,平台外卖,已完成,2025-10-24 15:51:35,2025-10-24 15:51:35,2025-10-24 15:51:35,饿了么支付-在线支付,,即时单,2025-10-24 15:51:35,9.22,自动出餐,1,否,"【任选1+1+1】一人食光披萨套餐（28.90*1）,酥皮蛋挞1个（7.00*1）,餐盒（2.50*1）",黄金脆粗薯+可乐+奥尔良风情烤鸡肉一人食盒子披萨+蛋挞1个,,,,非会员,27,,,可乐可以换雪碧吗？选错了/ 1份餐具,,35.90,13.07,15.30,0.00,0,0,1.13,0.00,3.20,【活动支出】单品特价:1.40元+【活动支出】单品特价:6.90元+【活动支出】 商家自营销加码:2.00元+【活动支出】饿了么红包:5.00元+【活动支出】替用户承担配送费:3.2元,-,-,-,2.50,金华地区,金华加盟,,,否,-,平台配送
圣比萨（义乌佛堂店）,SBM00007,金华,"8094070255844768113	",饿了么,平台外卖,已完成,2025-10-24 16:02:37,2025-10-24 16:02:37,2025-10-24 16:02:38,饿了么支付-在线支付,,预约单,2025-10-24 16:55:00,7.42,自动出餐,1,否,"【随心双拼】双拼一人食盒子披萨[韩式咔滋炸鸡+北美乡村土豆培根]（26.90*1）,酥皮蛋挞1个（7.00*1）,餐盒（2.50*1）",双拼一人食盒子披萨【韩式咔滋炸鸡】+双拼一人食盒子披萨【北美乡村土豆培根】+蛋挞1个,,,,非会员,28,,,1份餐具,,33.90,7.16,19.30,0.00,0,0,1.04,0.00,4.90,【活动支出】单品特价:3.40元+【活动支出】单品特价:6.90元+【活动支出】粉丝群:2.00元+【活动支出】饿了么红包:7.00元+【活动支出】替用户承担配送费:4.9元,-,-,-,2.50,金华地区,金华加盟,,,否,-,平台配送
圣比萨（义乌佛堂店）,SBM00007,金华,"8033370255850839329	",饿了么,平台外卖,已完成,2025-10-24 16:10:04,2025-10-24 16:10:04,2025-10-24 16:10:04,饿了么支付-在线支付,,即时单,2025-10-24 16:10:04,9.22,自动出餐,1,否,"意式经典肉酱意面（27.50*1）,阳光番茄牛肉意面（27.50*1）,餐盒（2.00*1）",意式经典肉酱意面+番茄阳光牛肉意面,,,,非会员,29,,,依据餐量提供餐具,,55.00,26.18,18.00,0.00,0,0,2.02,0.00,3.70,【活动支出】店铺满减:1.00元+【活动支出】单品特价:4.00元+【活动支出】单品特价:4.00元+【活动支出】饿了么红包:9.00元+【活动支出】替用户承担配送费:3.7元,-,-,-,2.00,金华地区,金华加盟,,,否,-,平台配送
圣比萨（义乌佛堂店）,SBM00007,金华,"8019526089744279006	",饿了么,平台外卖,已完成,2025-10-24 16:38:13,2025-10-24 16:38:13,2025-10-24 16:38:14,饿了么支付-在线支付,,即时单,2025-10-24 16:38:13,9.10,自动出餐,1,否,"【随心双拼】双拼一人食盒子披萨[日式烧鸟风味+日式烧鸟风味]（26.90*1）,餐盒（2.00*1）",双拼一人食盒子披萨【日式烧鸟风味】+双拼一人食盒子披萨【日式烧鸟风味】,,,,非会员,30,,,依据餐量提供餐具,,26.90,9.96,12.40,0.00,0,0,1.04,0.00,2.20,【活动支出】单品特价:3.40元+【活动支出】粉丝群:2.00元+【活动支出】饿了么红包:7.00元+【活动支出】淘金币:0.00元+【活动支出】替用户承担配送费:2.2元,-,-,-,2.00,金华地区,金华加盟,,,否,-,平台配送
圣比萨（义乌佛堂店）,SBM00007,金华,"8036180255761715500	",饿了么,平台外卖,已完成,2025-10-24 16:41:31,2025-10-24 16:41:31,2025-10-24 16:41:31,饿了么支付-在线支付,,即时单,2025-10-24 16:41:31,9.22,自动出餐,1,否,"【任选1+3】手握披萨随心配（36.90*1）,餐盒（2.00*1）",蛋挞1个+黄金脆粗薯条小份+锅巴土豆+榴莲多多一人食盒子披萨,,,,非会员,31,,,放门口 / 依据餐量提供餐具,,36.90,19.28,11.40,0.00,0,0,1.42,0.00,2.20,【活动支出】单品特价:1.40元+【活动支出】 商家自营销加码:0.00元+【活动支出】粉丝群:2.00元+【活动支出】饿了么红包:8.00元+【活动支出】替用户承担配送费:2.2元,-,-,-,2.00,金华地区,金华加盟,,,否,-,平台配送
圣比萨（义乌佛堂店）,SBM00007,金华,"8059070255863852433	",饿了么,平台外卖,已完成,2025-10-24 16:46:38,2025-10-24 16:46:38,2025-10-24 16:46:38,饿了么支付-在线支付,,即时单,2025-10-24 16:46:38,9.23,自动出餐,1,否,"【随心双拼】双拼一人食盒子披萨[浓情芝士+奥尔良风情]（26.90*1）,餐盒（2.00*1）",双拼一人食盒子披萨【浓情芝士】+双拼一人食盒子披萨【奥尔良风情烤鸡肉】,,,,非会员,32,,,依据餐量提供餐具,,26.90,7.86,12.40,0.00,0,0,1.04,0.00,3.70,【活动支出】单品特价:3.40元+【活动支出】粉丝群:2.00元+【活动支出】饿了么红包:7.00元+【活动支出】替用户承担配送费:3.7元,-,-,-,2.00,金华地区,金华加盟,,,否,-,平台配送
圣比萨（义乌佛堂店）,SBM00007,金华,"8036776089729624422	",饿了么,平台外卖,已完成,2025-10-24 16:47:38,2025-10-24 16:47:38,2025-10-24 16:47:38,饿了么支付-在线支付,,即时单,2025-10-24 16:47:38,9.08,自动出餐,1,否,"点击右上角❤️收藏得小吃[上校鸡块2个]（7.00*1）,【任选1+2+1】一人食光土豪披萨套餐（30.90*1）,餐盒（2.50*1）",上校鸡块2个+盐酥鸡米花小份+上校鸡块+日式烧鸟风味一人食盒子披萨+可乐,,,,非会员,33,,,依据餐量提供餐具,,37.90,15.91,14.30,0.00,0,0,1.29,0.00,3.70,【活动支出】单品特价:6.90元+【活动支出】单品特价:0.40元+【活动支出】 商家自营销加码:2.00元+【活动支出】饿了么红包:5.00元+【活动支出】替用户承担配送费:3.7元,-,-,-,2.50,金华地区,金华加盟,,,否,-,平台配送
圣比萨（义乌佛堂店）,SBM00007,金华,"8019886089733854560	",饿了么,平台外卖,已完成,2025-10-24 16:49:52,2025-10-24 16:49:52,2025-10-24 16:49:52,饿了么支付-在线支付,,即时单,2025-10-24 16:49:52,9.03,自动出餐,1,否,"【随心双拼】双拼一人食盒子披萨[热带雨林水果+热带雨林水果]（26.90*1）,餐盒（2.00*1）",双拼一人食盒子披萨【热带雨林水果】+双拼一人食盒子披萨【热带雨林水果】,,,,非会员,34,,,2份餐具,,26.90,8.56,10.40,0.00,0,0,1.04,0.00,4.90,【活动支出】单品特价:3.40元+【活动支出】饿了么红包:7.00元+【活动支出】替用户承担配送费:4.9元,-,-,-,2.00,金华地区,金华加盟,,,否,-,平台配送
圣比萨（义乌佛堂店）,SBM00007,金华,"8046556089773045053	",饿了么,平台外卖,已完成,2025-10-24 17:14:29,2025-10-24 17:14:29,2025-10-24 17:14:29,饿了么支付-在线支付,,即时单,2025-10-24 17:14:29,9.05,自动出餐,1,否,"【任选1+1+1】一人食光披萨套餐（28.90*1）,餐盒（2.00*1）",黄金脆粗薯+可乐+日式烧鸟风味一人食盒子披萨,,,,非会员,35,,,依据餐量提供餐具,,28.90,11.86,10.40,0.00,0,0,1.04,0.00,3.70,【活动支出】单品特价:1.40元+【活动支出】粉丝群:2.00元+【活动支出】饿了么红包:7.00元+【活动支出】替用户承担配送费:3.7元,-,-,-,2.00,金华地区,金华加盟,,,否,-,平台配送
圣比萨（义乌佛堂店）,SBM00007,金华,"8029506089763411380	",饿了么,平台外卖,已完成,2025-10-24 17:20:24,2025-10-24 17:20:24,2025-10-24 17:20:24,饿了么支付-在线支付,,即时单,2025-10-24 17:20:24,9.22,自动出餐,1,否,"【随心双拼】双拼一人食盒子披萨[浓情芝士+热带雨林水果]（26.90*1）,餐盒（2.00*1）",双拼一人食盒子披萨【浓情芝士】+双拼一人食盒子披萨【热带雨林水果】,,,,非会员,36,,,依据餐量提供餐具,,26.90,9.86,10.40,0.00,0,0,1.04,0.00,3.20,【活动支出】单品特价:3.40元+【活动支出】 商家自营销加码:2.00元+【活动支出】饿了么红包:5.00元+【活动支出】替用户承担配送费:3.2元,-,-,-,2.00,金华地区,金华加盟,,,否,-,平台配送
圣比萨（义乌佛堂店）,SBM00007,金华,"8043896089791532460	",饿了么,平台外卖,已完成,2025-10-24 17:24:38,2025-10-24 17:24:38,2025-10-24 17:24:39,饿了么支付-在线支付,,即时单,2025-10-24 17:24:38,9.00,自动出餐,1,否,"【任选1+1+1】一人食光披萨套餐（28.90*1）,酥皮蛋挞1个（7.00*1）,餐盒（2.50*1）",黄金脆粗薯条小份+可乐+奥尔良风情烤鸡肉一人食盒子披萨+蛋挞1个,,,,非会员,37,,,依据餐量提供餐具,,35.90,13.07,15.30,0.00,0,0,1.13,0.00,3.20,【活动支出】单品特价:1.40元+【活动支出】单品特价:6.90元+【活动支出】饿了么红包:0.00元+【活动支出】饿了么红包:7.00元+【活动支出】替用户承担配送费:3.2元,-,-,-,2.50,金华地区,金华加盟,,,否,-,平台配送
圣比萨（义乌佛堂店）,SBM00007,金华,"8043300255781779921	",饿了么,平台外卖,已完成,2025-10-24 17:26:01,2025-10-24 17:26:01,2025-10-24 17:26:01,饿了么支付-在线支付,,即时单,2025-10-24 17:26:01,9.13,自动出餐,1,否,"【任选7件套】披萨意面我全都要（54.90*1）,酥皮蛋挞1个（7.00*1）,餐盒（2.50*1）",可乐+可乐+番茄阳光牛肉意面+东大风味香肠一人食盒子披萨+蛋挞1个+锅巴土豆+盐酥鸡米花小份+蛋挞1个,,,,非会员,38,,,依据餐量提供餐具,,61.90,27.82,24.30,0.00,0,0,2.08,0.00,3.70,【活动支出】店铺满减:1.00元+【活动支出】单品特价:4.40元+【活动支出】单品特价:6.90元+【活动支出】饿了么红包:12.00元+【活动支出】替用户承担配送费:3.7元,-,-,-,2.50,金华地区,金华加盟,,,否,-,平台配送
圣比萨（义乌佛堂店）,SBM00007,金华,"8019916089795038634	",饿了么,平台外卖,已完成,2025-10-24 17:27:49,2025-10-24 17:27:49,2025-10-24 17:27:49,饿了么支付-在线支付,,即时单,2025-10-24 17:27:49,9.08,自动出餐,1,否,"浓情芝士一人食盒子披萨（24.90*1）,餐盒（2.00*1）",浓情芝士一人食盒子披萨,,,,非会员,39,,,2份餐具,,24.90,11.96,8.40,0.00,0,0,1.04,0.00,2.20,【活动支出】单品特价:2.40元+【活动支出】 商家自营销加码:2.00元+【活动支出】饿了么红包:4.00元+【活动支出】替用户承担配送费:2.2元,-,-,-,2.00,金华地区,金华加盟,,,否,-,平台配送
圣比萨（义乌佛堂店）,SBM00007,金华,"8006160255890214302	",饿了么,平台外卖,已完成,2025-10-24 17:35:57,2025-10-24 17:35:57,2025-10-24 17:35:57,饿了么支付-在线支付,,即时单,2025-10-24 17:35:57,10.08,自动出餐,1,否,"【任选1+1+1】一人食光披萨套餐（28.90*1）,酥皮蛋挞1个（7.00*1）,餐盒（2.50*1）",深海墨鱼丸3个+小雪碧+奥尔良风情烤鸡肉一人食盒子披萨+蛋挞1个,,,,非会员,40,,,放门口就好 谢谢 / 依据餐量提供餐具,,35.90,10.37,15.30,0.00,0,0,1.13,0.00,6.10,【活动支出】单品特价:1.40元+【活动支出】单品特价:6.90元+【活动支出】饿了么红包:7.00元+【活动支出】替用户承担配送费:6.0元,-,-,-,2.50,金华地区,金华加盟,,,否,-,平台配送
圣比萨（义乌佛堂店）,SBM00007,金华,"8043896089783296500	",饿了么,平台外卖,已完成,2025-10-24 17:36:46,2025-10-24 17:36:46,2025-10-24 17:36:46,饿了么支付-在线支付,,即时单,2025-10-24 17:36:46,10.13,自动出餐,1,否,"【随心双拼】双拼一人食盒子披萨[韩式咔滋炸鸡+热带雨林水果]（26.90*1）,餐盒（2.00*1）",双拼一人食盒子披萨【韩式咔滋炸鸡】+双拼一人食盒子披萨【热带雨林水果】,,,,非会员,41,,,依据餐量提供餐具,,26.90,7.86,12.40,0.00,0,0,1.04,0.00,3.20,【活动支出】单品特价:3.40元+【活动支出】粉丝群:2.00元+【活动支出】饿了么红包:7.00元+【活动支出】替用户承担配送费:3.2元,-,-,-,2.00,金华地区,金华加盟,,,否,-,平台配送
圣比萨（义乌佛堂店）,SBM00007,金华,"8081160255904170344	",饿了么,平台外卖,已完成,2025-10-24 17:41:58,2025-10-24 17:41:58,2025-10-24 17:41:58,饿了么支付-在线支付,,即时单,2025-10-24 17:41:58,10.10,自动出餐,1,否,"意式经典肉酱意面（27.50*1）,酥皮蛋挞1个（7.00*1）,餐盒（1.50*1）",意式经典肉酱意面+蛋挞1个,,,,非会员,42,,,不用打电话 / 依据餐量提供餐具,,34.50,9.56,19.90,0.00,0,0,1.04,0.00,2.20,【活动支出】单品特价:4.00元+【活动支出】单品特价:6.90元+【活动支出】粉丝群:2.00元+【活动支出】饿了么红包:7.00元+【活动支出】替用户承担配送费:2.2元,-,-,-,1.50,金华地区,金华加盟,,,否,-,平台配送
圣比萨（义乌佛堂店）,SBM00007,金华,"8012160256004986269	",饿了么,平台外卖,已完成,2025-10-24 18:09:46,2025-10-24 18:09:46,2025-10-24 18:09:47,饿了么支付-在线支付,,即时单,2025-10-24 18:09:46,10.20,自动出餐,1,否,"【任选1+1+1】一人食光披萨套餐（28.90*1）,酥皮蛋挞1个（7.00*1）,餐盒（2.50*1）",盐酥鸡米花小份+可乐+奥尔良风情烤鸡肉一人食盒子披萨+蛋挞1个,,,,非会员,43,,,依据餐量提供餐具,,35.90,14.54,17.30,0.00,0,0,1.06,0.00,2.20,【活动支出】单品特价:1.40元+【活动支出】单品特价:6.90元+【活动支出】粉丝群:2.00元+【活动支出】饿了么红包:7.00元+【活动支出】替用户承担配送费:2.2元,-,-,-,2.50,金华地区,金华加盟,,,否,-,平台配送
圣比萨（义乌佛堂店）,SBM00007,金华,"8016350255910983080	",饿了么,平台外卖,已完成,2025-10-24 18:11:37,2025-10-24 18:11:37,2025-10-24 18:11:37,饿了么支付-在线支付,,即时单,2025-10-24 18:11:37,10.08,自动出餐,1,否,"韩式咔滋炸鸡一人食盒子披萨（28.90*1）,餐盒（1.00*1）",韩式咔滋炸鸡一人食盒子披萨,,,,非会员,44,,,依据餐量提供餐具,,28.90,9.86,11.40,0.00,0,0,1.04,0.00,3.20,【活动支出】单品特价:4.40元+【活动支出】饿了么红包:7.00元+【活动支出】替用户承担配送费:3.2元,-,-,-,1.00,金华地区,金华加盟,,,否,-,平台配送
圣比萨（义乌佛堂店）,SBM00007,金华,"8052886089782683969	",饿了么,平台外卖,已完成,2025-10-24 18:18:37,2025-10-24 18:18:37,2025-10-24 18:18:37,饿了么支付-在线支付,,即时单,2025-10-24 18:18:37,10.13,自动出餐,1,否,"【随心双拼】双拼一人食盒子披萨[热带雨林水果+奥尔良风情]（26.90*1）,餐盒（2.00*1）",双拼一人食盒子披萨【热带雨林水果】+双拼一人食盒子披萨【奥尔良风情烤鸡肉】,,,,非会员,45,,,依据餐量提供餐具,,26.90,9.86,10.40,0.00,0,0,1.04,0.00,3.70,【活动支出】单品特价:3.40元+【活动支出】饿了么红包:7.00元+【活动支出】替用户承担配送费:3.7元,-,-,-,2.00,金华地区,金华加盟,,,否,-,平台配送
圣比萨（义乌佛堂店）,SBM00007,金华,"8090656089796511017	",饿了么,平台外卖,已完成,2025-10-24 18:30:39,2025-10-24 18:30:39,2025-10-24 18:30:40,饿了么支付-在线支付,,即时单,2025-10-24 18:30:39,10.22,自动出餐,1,否,"【随心三拼】三重奏一人食盒子披萨[浓情芝士+日式烧鸟风味+热带雨林水果]（29.90*1）,酥皮蛋挞1个（7.00*1）,餐盒（2.50*1）",三拼一人食拼【浓情芝士】+三拼一人食拼【日式烧鸟风味】+三拼一人食拼【热带雨林水果】+蛋挞1个,,,,非会员,46,,,依据餐量提供餐具,,36.90,12.46,18.30,0.00,0,0,1.04,0.00,3.20,【活动支出】单品特价:4.40元+【活动支出】单品特价:6.90元+【活动支出】饿了么红包:7.00元+【活动支出】替用户承担配送费:3.2元,-,-,-,2.50,金华地区,金华加盟,,,否,-,平台配送
圣比萨（义乌佛堂店）,SBM00007,金华,"8032190255848155601	",饿了么,平台外卖,已完成,2025-10-24 18:59:46,2025-10-24 18:59:46,2025-10-24 18:59:46,饿了么支付-在线支付,,即时单,2025-10-24 18:59:46,10.20,自动出餐,1,否,"【随心三拼】三重奏一人食盒子披萨[奥尔良风情+日式烧鸟风味+韩式咔滋炸鸡]（29.90*1）,餐盒（2.00*1）",三拼一人食拼【奥尔良风情】+三拼一人食拼【日式烧鸟风味】+三拼一人食拼【韩式咔滋炸鸡】,,,,非会员,47,,,"不要葱, 不要香菜，谢谢 / 无需餐具",,29.90,9.86,13.40,0.00,0,0,1.04,0.00,3.70,【活动支出】单品特价:4.40元+【活动支出】粉丝群:2.00元+【活动支出】饿了么红包:7.00元+【活动支出】替用户承担配送费:3.7元,-,-,-,2.00,金华地区,金华加盟,,,否,-,平台配送
圣比萨（义乌佛堂店）,SBM00007,金华,"8047280256038280564	",饿了么,平台外卖,已完成,2025-10-24 19:05:31,2025-10-24 19:05:31,2025-10-24 19:05:31,饿了么支付-在线支付,,即时单,2025-10-24 19:05:31,10.18,自动出餐,1,否,"米兰肉酱披萨（41.90*1）,餐盒（1.00*1）",米兰肉酱披萨,,,,非会员,48,,,依据餐量提供餐具,,41.90,18.76,12.40,0.00,0,0,1.54,0.00,4.90,【活动支出】店铺满减:1.00元+【活动支出】单品特价:4.40元+【活动支出】饿了么红包:7.00元+【活动支出】替用户承担配送费:4.9元,-,-,-,1.00,金华地区,金华加盟,,,否,-,平台配送
圣比萨（义乌佛堂店）,SBM00007,金华,"8074936089844888047	",饿了么,平台外卖,已完成,2025-10-24 19:25:06,2025-10-24 19:25:06,2025-10-24 19:25:06,饿了么支付-在线支付,,即时单,2025-10-24 19:25:06,10.20,自动出餐,1,否,"GO真果榴莲王披萨（44.90*1）,餐盒（1.00*1）",GO真果榴莲王披萨,,,,非会员,49,,,依据餐量提供餐具,,44.90,22.70,13.40,0.00,0,0,1.70,0.00,2.20,【活动支出】店铺满减:1.00元+【活动支出】单品特价:4.40元+【活动支出】 商家自营销加码:0.00元+【活动支出】饿了么红包:8.00元+【活动支出】替用户承担配送费:2.2元,-,-,-,1.00,金华地区,金华加盟,,,否,-,平台配送
圣比萨（义乌佛堂店）,SBM00007,金华,"8005676089855571426	",饿了么,平台外卖,已完成,2025-10-24 19:51:53,2025-10-24 19:51:53,2025-10-24 19:51:53,饿了么支付-在线支付,,即时单,2025-10-24 19:51:53,9.12,自动出餐,1,否,"点击右上角❤️收藏得小吃[墨鱼丸1个]（7.00*1）,酥皮蛋挞1个（7.00*1）,【任选1+3】一人食意面随心配（31.90*1）,酥皮蛋挞1个（7.00*1）,餐盒（3.50*1）",深海墨鱼丸1个+蛋挞1个+黄金脆粗薯条小份+盐酥鸡米花小份+美式黑椒鸡块3只+意式经典肉酱意面+蛋挞1个,,,,非会员,50,,,依据餐量提供餐具,,52.90,15.64,29.20,0.00,0,0,1.36,0.00,4.90,【活动支出】单品特价:6.90元+【活动支出】单品特价:1.40元+【活动支出】单品特价:6.90元+【活动支出】饿了么红包:8.00元+【活动支出】精准营销:6.00元+【活动支出】替用户承担配送费:4.9元,-,-,-,3.50,金华地区,金华加盟,,,否,-,平台配送
圣比萨（义乌佛堂店）,SBM00007,金华,"8073916089864403209	",饿了么,平台外卖,已完成,2025-10-24 19:55:50,2025-10-24 19:55:50,2025-10-24 19:55:50,饿了么支付-在线支付,,预约单,2025-10-24 20:35:00,3.23,自动出餐,1,否,"咸蛋黄风味流心卷边（9英寸）（6.90*1）,【随心拼】9英寸披萨[水果嘉年华+夏威夷风情]（41.90*1）,酥皮蛋挞1个（7.00*1）,餐盒（2.50*1）",咸蛋黄流沙卷边9+双拼9寸【花果山口味9】+双拼9寸【浪漫威尼斯口味9】+蛋挞1个,,,,非会员,51,,,依据餐量提供餐具,,55.80,26.95,21.30,0.00,0,0,1.95,0.00,2.20,【活动支出】店铺满减:1.00元+【活动支出】单品特价:4.40元+【活动支出】单品特价:6.90元+【活动支出】饿了么红包:9.00元+【活动支出】替用户承担配送费:2.2元,-,-,-,2.50,金华地区,金华加盟,,,否,-,平台配送
圣比萨（义乌佛堂店）,SBM00007,金华,"8049676089870321088	",饿了么,平台外卖,已完成,2025-10-24 19:58:37,2025-10-24 19:58:37,2025-10-24 19:58:37,饿了么支付-在线支付,,即时单,2025-10-24 19:58:37,9.18,自动出餐,1,否,"【随心拼】9英寸披萨[招牌大满贯+火山牛肉]（41.90*1）,黄金脆粗薯条小份（8.00*1）,酥皮蛋挞1个（7.00*1）,餐盒（2.50*1）",双拼9寸【圣比招牌口味9】+双拼9寸【牛魔王口味9】+黄金脆粗薯条小份+蛋挞1个,,,,非会员,52,,,依据餐量提供餐具,,56.90,24.63,21.30,0.00,0,0,1.97,0.00,4.30,【活动支出】店铺满减:1.00元+【活动支出】单品特价:4.40元+【活动支出】单品特价:6.90元+【活动支出】饿了么红包:9.00元+【活动支出】替用户承担配送费:4.3元,-,-,-,2.50,金华地区,金华加盟,,,否,-,平台配送
圣比萨（义乌佛堂店）,SBM00007,金华,"8067746089851947448	",饿了么,平台外卖,已完成,2025-10-24 20:28:55,2025-10-24 20:28:55,2025-10-24 20:28:55,饿了么支付-在线支付,,即时单,2025-10-24 20:28:55,9.20,自动出餐,1,否,"【随心双拼】双拼一人食盒子披萨[热带雨林水果+北美乡村土豆培根]（26.90*1）,酥皮蛋挞1个（7.00*2）,餐盒（3.00*1）",双拼一人食盒子披萨【热带雨林水果】+双拼一人食盒子披萨【北美乡村土豆培根】+蛋挞1个,,,,非会员,53,,,依据餐量提供餐具,,40.90,12.28,17.30,0.00,0,0,1.32,0.00,7.30,【活动支出】单品特价:3.40元+【活动支出】单品特价:6.90元+【活动支出】饿了么红包:7.00元+【活动支出】替用户承担配送费:6.0元,-,-,-,3.00,金华地区,金华加盟,,,否,-,平台配送
圣比萨（义乌佛堂店）,SBM00007,金华,"8064320255887888812	",饿了么,平台外卖,已完成,2025-10-24 20:29:28,2025-10-24 20:29:28,2025-10-24 20:29:28,饿了么支付-在线支付,,即时单,2025-10-24 20:29:28,9.18,自动出餐,1,否,"【随心三拼】三重奏一人食盒子披萨[奥尔良风情+韩式咔滋炸鸡+北美乡村土豆培根]（29.90*1）,餐盒（2.00*1）",三拼一人食拼【奥尔良风情】+三拼一人食拼【韩式咔滋炸鸡】+三拼一人食拼【北美乡村土豆培根】,,,,非会员,54,,,这个地址/ 无需餐具,,29.90,11.86,11.40,0.00,0,0,1.04,0.00,3.70,【活动支出】单品特价:4.40元+【活动支出】饿了么红包:7.00元+【活动支出】替用户承担配送费:3.7元,-,-,-,2.00,金华地区,金华加盟,,,否,-,平台配送
圣比萨（义乌佛堂店）,SBM00007,金华,"8026686089876963734	",饿了么,平台外卖,已完成,2025-10-24 20:34:43,2025-10-24 20:34:43,2025-10-24 20:34:44,饿了么支付-在线支付,,即时单,2025-10-24 20:34:43,9.20,自动出餐,1,否,"【随心三拼】三重奏一人食盒子披萨[奥尔良风情+北美乡村土豆培根+奥尔良风情]（29.90*1）,餐盒（2.00*1）",三拼一人食拼【奥尔良风情】+三拼一人食拼【北美乡村土豆培根】+三拼一人食拼【奥尔良风情】,,,,非会员,55,,,无需餐具,,29.90,11.86,11.40,0.00,0,0,1.04,0.00,3.70,【活动支出】单品特价:4.40元+【活动支出】 商家自营销加码:2.00元+【活动支出】饿了么红包:5.00元+【活动支出】替用户承担配送费:3.7元,-,-,-,2.00,金华地区,金华加盟,,,否,-,平台配送
圣比萨（义乌佛堂店）,SBM00007,金华,"8050110255992852897	",饿了么,平台外卖,已完成,2025-10-24 20:35:44,2025-10-24 20:35:44,2025-10-24 20:35:44,饿了么支付-在线支付,,即时单,2025-10-24 20:35:44,9.22,自动出餐,1,否,"【任选1+1+1】一人食光披萨套餐（28.90*1）,餐盒（2.00*1）",深海墨鱼丸3个+可乐+奥尔良风情烤鸡肉一人食盒子披萨,,,,非会员,56,,,依据餐量提供餐具,,28.90,13.81,8.40,0.00,0,0,1.09,0.00,3.20,【活动支出】单品特价:1.40元+【活动支出】 商家自营销加码:2.00元+【活动支出】饿了么红包:5.00元+【活动支出】替用户承担配送费:3.2元,-,-,-,2.00,金华地区,金华加盟,,,否,-,平台配送
圣比萨（义乌佛堂店）,SBM00007,金华,"8098430256092582310	",饿了么,平台外卖,已完成,2025-10-24 21:00:16,2025-10-24 21:00:16,2025-10-24 21:00:16,饿了么支付-在线支付,,即时单,2025-10-24 21:00:16,9.22,自动出餐,1,否,"点击右上角❤️收藏得小吃[锅巴土豆4颗]（7.00*1）,【任选1+3】一人食意面随心配（31.90*1）,酥皮蛋挞1个（7.00*1）,餐盒（3.00*1）",锅巴土豆4颗+蛋挞1个+盐酥鸡米花小份+深海墨鱼丸3个+意式经典肉酱意面+蛋挞1个,,,,非会员,57,,,1份餐具,,45.90,15.97,22.20,0.00,0,0,1.33,0.00,3.20,【活动支出】单品特价:6.90元+【活动支出】单品特价:1.40元+【活动支出】单品特价:6.90元+【活动支出】饿了么红包:7.00元+【活动支出】替用户承担配送费:3.2元,-,-,-,3.00,金华地区,金华加盟,,,否,-,平台配送
圣比萨（义乌佛堂店）,SBM00007,金华,"8068886089893227832	",饿了么,平台外卖,已完成,2025-10-24 21:38:28,2025-10-24 21:38:28,2025-10-24 21:38:29,饿了么支付-在线支付,,即时单,2025-10-24 21:38:28,9.13,自动出餐,1,否,"【任选1+1+1】一人食光披萨套餐（28.90*1）,酥皮蛋挞1个（7.00*1）,餐盒（2.50*1）",黄金脆粗薯+可乐+日式烧鸟风味一人食盒子披萨+蛋挞1个,,,,非会员,58,,,依据餐量提供餐具,,35.90,8.26,18.30,0.00,0,0,1.04,0.00,7.50,【活动支出】单品特价:1.40元+【活动支出】单品特价:6.90元+【活动支出】 商家自营销加码:2.00元+【活动支出】粉丝群:3.00元+【活动支出】饿了么红包:5.00元+【活动支出】替用户承担配送费:6.0元,-,-,-,2.50,金华地区,金华加盟,,,否,-,平台配送
圣比萨（义乌佛堂店）,SBM00007,金华,"8079040255919758781	",饿了么,平台外卖,已完成,2025-10-24 21:59:55,2025-10-24 21:59:55,2025-10-24 21:59:55,饿了么支付-在线支付,,即时单,2025-10-24 21:59:55,9.17,自动出餐,1,否,"【任选1+1】9英寸披萨买一送一（68.90*1）,酥皮蛋挞1个（7.00*1）,酥皮蛋挞1个（7.00*1）,餐盒（3.00*1）",火山牛肉披萨(9英寸(手拍))+烟熏培根鸡肉披萨(9英寸(手拍))+蛋挞1个+蛋挞1个,,,,非会员,59,,,依据餐量提供餐具,,82.90,38.97,32.30,0.00,0,0,2.83,0.00,4.20,【活动支出】店铺满减:6.00元+【活动支出】单品特价:4.40元+【活动支出】单品特价:6.90元+【活动支出】饿了么红包:9.00元+【活动支出】精准营销:6.00元+【活动支出】替用户承担配送费:4.2元,-,-,-,3.00,金华地区,金华加盟,,,否,-,平台配送
圣比萨（义乌佛堂店）,SBM00007,金华,"8040430256025075164	",饿了么,平台外卖,已完成,2025-10-24 22:36:28,2025-10-24 22:36:28,2025-10-24 22:36:28,饿了么支付-在线支付,,即时单,2025-10-24 22:36:28,9.22,自动出餐,1,否,"GO真果榴莲王披萨（44.90*1）,【任选1+1+1】一人食光披萨套餐（28.90*1）,餐盒（3.00*1）",GO真果榴莲王披萨+黄金脆粗薯条小份+可乐+日式烧鸟风味一人食盒子披萨,,,,非会员,60,,,依据餐量提供餐具,,73.80,39.00,23.80,0.00,0,0,2.80,0.00,4.20,【活动支出】店铺满减:6.00元+【活动支出】单品特价:4.40元+【活动支出】单品特价:1.40元+【活动支出】饿了么红包:12.00元+【活动支出】替用户承担配送费:4.2元,-,-,-,3.00,金华地区,金华加盟,,,否,-,平台配送
圣比萨（鞋都店）,SBM00008,温州,"8011746089540400594	",饿了么,平台外卖,已完成,2025-10-24 09:18:17,2025-10-24 09:18:17,2025-10-24 09:18:18,饿了么支付-在线支付,,预约单,2025-10-24 10:30:00,83.35,被动出餐,1,否,"【粉丝福利】蛋挞一个（原味）（10.00*1）,需要保温袋（0.30*1）,【福利优惠】上校鸡块一个（3.00*2）,榴莲王披萨-9英寸(经典手拍)[{""name"":""规格"",""value"":""9英寸(经典手拍)""}]（92.00*1）,餐盒（2.00*1）",蛋挞1个+上校鸡块1个+榴莲王披萨,,,,非会员,1,,,依据餐量提供餐具,,108.30,34.56,62.70,0.00,0,0,3.35,1.34,3.50,【活动支出】单品特价:8.90元+【活动支出】单品特价:2.90元+【活动支出】单品特价:50.90元+【活动支出】替用户承担配送费:3.5元,-,-,-,2.00,温州区域,温州加盟,,,否,-,平台配送
圣比萨（鞋都店）,SBM00008,温州,"8046360255580091677	",饿了么,平台外卖,已完成,2025-10-24 10:48:39,2025-10-24 10:48:39,2025-10-24 10:48:40,饿了么支付-在线支付,,即时单,2025-10-24 10:48:39,46.08,被动出餐,1,否,"不要保温袋（0.00*1）,焗饭随心配（53.80*1）,【收藏福利】墨鱼丸一个（点亮右上角❤关注本店不迷路）（3.00*2）,餐盒（2.00*1）",上校鸡块2个+蛋挞1个+薯饼2个+招牌肉酱芝士焗饭+深海墨鱼丸1个,,,,非会员,2,,,依据餐量提供餐具,,59.80,14.68,39.10,0.00,0,0,1.48,0.59,3.50,【活动支出】首次光顾立减:1.00元+【活动支出】单品特价:25.30元+【活动支出】单品特价:2.90元+【活动支出】饿了么红包:7.00元+【活动支出】精准营销:2.90元+【活动支出】替用户承担配送费:3.5元,-,-,-,2.00,温州区域,温州加盟,,,否,-,平台配送
圣比萨（鞋都店）,SBM00008,温州,"8005310255689663818	",饿了么,平台外卖,已完成,2025-10-24 10:54:15,2025-10-24 10:54:15,2025-10-24 10:54:15,饿了么支付-在线支付,,即时单,2025-10-24 10:54:15,29.38,被动出餐,1,否,"不要保温袋（0.00*1）,黑椒牛肉芝士焗饭（52.00*1）,餐盒（1.00*1）",黑椒牛肉芝士焗饭,,,,非会员,3,,,米饭多一点 中辣 / 依据餐量提供餐具,,52.00,14.55,31.10,0.00,0,0,1.43,0.57,3.50,【活动支出】单品特价:24.10元+【活动支出】饿了么红包:5.00元+【活动支出】 商家自营销加码:2.00元+【活动支出】替用户承担配送费:3.5元,-,-,-,1.00,温州区域,温州加盟,,,否,-,平台配送
圣比萨（鞋都店）,SBM00008,温州,"8048536089619514839	",饿了么,平台外卖,已完成,2025-10-24 11:23:52,2025-10-24 11:23:52,2025-10-24 11:23:53,饿了么支付-在线支付,,即时单,2025-10-24 11:23:52,43.13,被动出餐,1,否,"7寸日系照烧鸡披萨-单点[{""name"":""规格"",""value"":""单点""}]（22.00*1）",日系照烧鸡披萨【7英寸(手拍)】,,,,非会员,4,,,-,,22.00,12.00,0.00,0.00,0,0,0.00,0.00,,【活动支出】拼团反圈活动:0.00元,-,-,-,0.00,温州区域,温州加盟,,,否,-,平台配送
圣比萨（鞋都店）,SBM00008,温州,"8018616089630871834	",饿了么,平台外卖,已完成,2025-10-24 11:39:36,2025-10-24 11:39:36,2025-10-24 11:39:36,饿了么支付-在线支付,,即时单,2025-10-24 11:39:36,25.77,被动出餐,1,否,"不要保温袋（0.00*1）,玉米沙拉披萨-7英寸(手拍)[{""name"":""规格"",""value"":""7英寸(手拍)""}]（40.00*1）,餐盒（1.00*1）",玉米沙拉披萨,,,,非会员,5,,,依据餐量提供餐具,,40.00,5.89,27.10,0.00,0,0,1.43,0.33,5.00,【活动支出】首次光顾立减:1.00元+【活动支出】单品特价:17.10元+【活动支出】饿了么红包:7.00元+【活动支出】粉丝群:2.00元+【活动支出】替用户承担配送费:5.0元,-,-,-,1.00,温州区域,温州加盟,,,否,-,平台配送
圣比萨（鞋都店）,SBM00008,温州,"8072220255758256495	",饿了么,平台外卖,已完成,2025-10-24 11:55:30,2025-10-24 11:55:30,2025-10-24 11:55:30,饿了么支付-在线支付,,即时单,2025-10-24 11:55:30,25.67,被动出餐,1,否,"不要保温袋（0.00*1）,披萨随心配（60.40*1）,餐盒（1.00*1）",地道肠1根+深海墨鱼丸2个+上校鸡块2个+花果山披萨(7英寸(手拍)),,,,非会员,6,,,依据餐量提供餐具,,60.40,15.69,36.90,0.00,0,0,1.61,0.65,3.50,【活动支出】单品特价:29.90元+【活动支出】饿了么红包:7.00元+【活动支出】CPS商户叠加券:0.00元+【活动支出】淘金币:0.00元+【活动支出】替用户承担配送费:3.5元,-,-,-,1.00,温州区域,温州加盟,,,否,-,平台配送
圣比萨（鞋都店）,SBM00008,温州,"8025516089614873860	",饿了么,平台外卖,已完成,2025-10-24 12:04:21,2025-10-24 12:04:21,2025-10-24 12:04:22,饿了么支付-在线支付,,即时单,2025-10-24 12:04:21,38.10,被动出餐,1,否,"需要保温袋（0.30*1）,黑椒牛肉意面（52.00*1）,餐盒（1.00*1）",黑椒牛肉意面,,,,非会员,7,,,不要葱 不要打电话  / 依据餐量提供餐具,,52.30,10.13,34.10,0.00,0,0,1.43,0.49,6.20,【活动支出】首次光顾立减:1.00元+【活动支出】单品特价:24.10元+【活动支出】粉丝群:2.00元+【活动支出】饿了么红包:7.00元+【活动支出】替用户承担配送费:6.0元,-,-,-,1.00,温州区域,温州加盟,,,否,-,平台配送
圣比萨（鞋都店）,SBM00008,温州,"8096280255660905795	",饿了么,平台外卖,已完成,2025-10-24 12:13:22,2025-10-24 12:13:22,2025-10-24 12:13:22,饿了么支付-在线支付,,即时单,2025-10-24 12:13:22,18.52,被动出餐,1,否,"披萨随心配（60.40*1）,需要保温袋（0.30*1）,餐盒（1.00*1）",地道肠1根+盐酥鸡米花小份+蛋挞1个+缤纷水果披萨(7英寸(手拍)),,,,非会员,8,,,依据餐量提供餐具,,60.70,13.86,39.90,0.00,0,0,1.43,0.56,4.00,【活动支出】首次光顾立减:1.00元+【活动支出】单品特价:29.90元+【活动支出】粉丝群:2.00元+【活动支出】饿了么红包:7.00元+【活动支出】替用户承担配送费:4.0元,-,-,-,1.00,温州区域,温州加盟,,,否,-,平台配送
圣比萨（鞋都店）,SBM00008,温州,"8026606089660195186	",饿了么,平台外卖,已完成,2025-10-24 12:14:18,2025-10-24 12:14:18,2025-10-24 12:14:19,饿了么支付-在线支付,,即时单,2025-10-24 12:14:18,13.20,被动出餐,1,否,"不要保温袋（0.00*1）,缤纷水果披萨7寸+柠檬茶一杯（45.00*1）,餐盒（2.00*1）",柠檬茶+缤纷水果披萨(7英寸(手拍)),,,,非会员,9,,,依据餐量提供餐具,,45.00,15.75,23.10,0.00,0,0,1.57,0.63,3.50,【活动支出】首次光顾立减:1.00元+【活动支出】单品特价:15.10元+【活动支出】饿了么红包:7.00元+【活动支出】替用户承担配送费:3.5元,-,-,-,2.00,温州区域,温州加盟,,,否,-,平台配送
圣比萨（鞋都店）,SBM00008,温州,"8055370255774445977	",饿了么,平台外卖,已完成,2025-10-24 12:18:19,2025-10-24 12:18:19,2025-10-24 12:18:19,饿了么支付-在线支付,,即时单,2025-10-24 12:18:19,19.60,被动出餐,1,否,"不要保温袋（0.00*1）,披萨随心配（60.40*1）,餐盒（1.00*1）",地道肠1根+深海墨鱼丸2个+蛋挞1个+碳烤鸡肉培根披萨(7英寸(手拍)),,,,非会员,10,,,依据餐量提供餐具,,60.40,15.69,36.90,0.00,0,0,1.61,0.65,3.50,【活动支出】单品特价:29.90元+【活动支出】饿了么红包:7.00元+【活动支出】替用户承担配送费:3.5元,-,-,-,1.00,温州区域,温州加盟,,,否,-,平台配送
圣比萨（鞋都店）,SBM00008,温州,"8062706089678747912	",饿了么,平台外卖,已完成,2025-10-24 12:20:50,2025-10-24 12:20:50,2025-10-24 12:20:50,饿了么支付-在线支付,,即时单,2025-10-24 12:20:50,19.02,被动出餐,1,否,"不要保温袋（0.00*1）,招牌肉酱意面（52.00*1）,餐盒（1.00*1）",招牌肉酱意面,,,,非会员,11,,,依据餐量提供餐具,,52.00,14.55,31.10,0.00,0,0,1.43,0.57,3.50,【活动支出】单品特价:24.10元+【活动支出】饿了么红包:7.00元+【活动支出】替用户承担配送费:3.5元,-,-,-,1.00,温州区域,温州加盟,,,否,-,平台配送
圣比萨（鞋都店）,SBM00008,温州,"8014410255774350834	",饿了么,平台外卖,已退款,2025-10-24 12:23:29,2025-10-24 12:23:29,2025-10-24 12:23:29,饿了么支付-在线支付,,即时单,2025-10-24 12:23:29,,未出餐,1,否,"港式奶茶[热]（10.00*1）,需要保温袋（0.30*1）,【买一送一】买披萨送披萨[奥尔良鸡肉披萨7英寸+海苔肉松披萨7英寸]（86.80*1）,餐盒（1.00*1）",港式奶茶+新奥尔良烤鸡肉披萨【7英寸(手拍)】+海苔肉松披萨【7英寸(手拍)】,,,,非会员,12,,,依据餐量提供餐具,"餐厅同意取消单 ",97.10,-11.67,56.90,39.30,0,0,2.87,1.15,5.60,【活动支出】单品特价:2.00元+【活动支出】单品特价:54.90元+【活动支出】替用户承担配送费:5.6元,-,-,-,1.00,温州区域,温州加盟,,,否,-,平台配送
圣比萨（鞋都店）,SBM00008,温州,"8075420255862482208	",饿了么,平台外卖,已完成,2025-10-24 12:30:05,2025-10-24 12:30:05,2025-10-24 12:30:05,饿了么支付-在线支付,,即时单,2025-10-24 12:30:05,24.95,被动出餐,1,否,"披萨随心配（60.40*1）,需要保温袋（0.30*1）,餐盒（1.00*1）",盐酥鸡米花小份+上校鸡块2个+薯饼2个+日系照烧鸡披萨(7英寸(手拍)),,,,非会员,13,,,依据餐量提供餐具,,60.70,14.77,38.90,0.00,0,0,1.49,0.59,3.50,【活动支出】单品特价:29.90元+【活动支出】粉丝群:2.00元+【活动支出】饿了么红包:7.00元+【活动支出】替用户承担配送费:3.5元,-,-,-,1.00,温州区域,温州加盟,,,否,-,平台配送
圣比萨（鞋都店）,SBM00008,温州,"8014410255791065431	",饿了么,平台外卖,已完成,2025-10-24 12:53:38,2025-10-24 12:53:38,2025-10-24 12:53:38,饿了么支付-在线支付,,即时单,2025-10-24 12:53:38,31.68,被动出餐,1,否,"港式奶茶[热]（10.00*1）,需要保温袋（0.30*1）,【买一送一】买披萨送披萨[奥尔良鸡肉披萨7英寸+海苔肉松披萨7英寸]（86.80*1）,餐盒（1.00*1）",港式奶茶+新奥尔良烤鸡肉披萨【7英寸(手拍)】+海苔肉松披萨【7英寸(手拍)】,,,,非会员,14,,,依据餐量提供餐具,,97.10,27.63,56.90,0.00,0,0,2.87,1.15,5.60,【活动支出】单品特价:2.00元+【活动支出】单品特价:54.90元+【活动支出】替用户承担配送费:5.6元,-,-,-,1.00,温州区域,温州加盟,,,否,-,平台配送
圣比萨（鞋都店）,SBM00008,温州,"8027826089657913816	",饿了么,平台外卖,已完成,2025-10-24 13:23:03,2025-10-24 13:23:03,2025-10-24 13:23:04,饿了么支付-在线支付,,即时单,2025-10-24 13:23:03,21.73,被动出餐,1,否,"需要保温袋（0.30*1）,圣比招牌披萨-7寸(经典手拍)[{""name"":""规格"",""value"":""7寸(经典手拍)""}]（45.00*1）,餐盒（2.00*1）",大圣招牌大满贯披萨,,,,非会员,15,,,依据餐量提供餐具,,45.30,16.91,22.10,0.00,0,0,1.67,0.67,3.50,【活动支出】单品特价:13.10元+【活动支出】粉丝群:2.00元+【活动支出】饿了么红包:7.00元+【活动支出】替用户承担配送费:3.5元,-,-,-,2.00,温州区域,温州加盟,,,否,-,平台配送
圣比萨（鞋都店）,SBM00008,温州,"8046340255939266823	",饿了么,平台外卖,已完成,2025-10-24 16:12:01,2025-10-24 16:12:01,2025-10-24 16:12:01,饿了么支付-在线支付,,即时单,2025-10-24 16:12:01,14.17,被动出餐,1,否,"需要保温袋（0.30*1）,披萨随心配（60.40*1）,餐盒（1.00*1）",地道肠1根+盐酥鸡米花小份+薯饼2个+缤纷水果披萨(7英寸(手拍)),,,,非会员,16,,,依据餐量提供餐具,,60.70,13.86,39.90,0.00,0,0,1.43,0.56,3.50,【活动支出】首次光顾立减:1.00元+【活动支出】单品特价:29.90元+【活动支出】 商家自营销加码:2.00元+【活动支出】粉丝群:2.00元+【活动支出】饿了么红包:5.00元+【活动支出】替用户承担配送费:3.5元,-,-,-,1.00,温州区域,温州加盟,,,否,-,平台配送
圣比萨（鞋都店）,SBM00008,温州,"8072320255884266835	",饿了么,平台外卖,已完成,2025-10-24 17:07:15,2025-10-24 17:07:15,2025-10-24 17:07:15,饿了么支付-在线支付,,即时单,2025-10-24 17:07:15,30.90,被动出餐,1,否,"不要保温袋（0.00*1）,[买一送一]买披萨送意面[奥尔良烤鸡肉披萨+番茄牛肉意面]（75.00*1）,餐盒（2.00*1）",新奥尔良烤鸡肉披萨【7英寸(手拍)】+番茄牛肉意面,,,,非会员,17,,,2份餐具,,75.00,25.29,41.10,0.00,0,0,2.47,0.99,4.00,【活动支出】店铺满减:1.00元+【活动支出】单品特价:30.10元+【活动支出】饿了么红包:8.00元+【活动支出】粉丝群:2.00元+【活动支出】替用户承担配送费:4.0元,-,-,-,2.00,温州区域,温州加盟,,,否,-,平台配送
圣比萨（鞋都店）,SBM00008,温州,"8053576089767542065	",饿了么,平台外卖,已完成,2025-10-24 17:13:40,2025-10-24 17:13:40,2025-10-24 17:13:40,饿了么支付-在线支付,,即时单,2025-10-24 17:13:40,39.48,被动出餐,1,否,"不要保温袋（0.00*1）,任选披萨6选1+小吃5选1+饮料（58.00*1）,餐盒（2.00*1）",金丝鸡排+新奥尔良烤鸡肉披萨(7英寸(手拍))+柠檬茶,,,,非会员,18,,,2份餐具,,58.00,13.95,36.10,0.00,0,0,1.57,0.63,5.00,【活动支出】首次光顾立减:1.00元+【活动支出】单品特价:26.10元+【活动支出】饿了么红包:5.00元+【活动支出】 商家自营销加码:2.00元+【活动支出】粉丝群:2.00元+【活动支出】替用户承担配送费:5.0元,-,-,-,2.00,温州区域,温州加盟,,,否,-,平台配送
圣比萨（鞋都店）,SBM00008,温州,"8024816089746571644	",饿了么,平台外卖,已完成,2025-10-24 17:25:08,2025-10-24 17:25:08,2025-10-24 17:25:09,饿了么支付-在线支付,,即时单,2025-10-24 17:25:08,32.52,被动出餐,1,否,"不要保温袋（0.00*1）,【粉丝福利】蛋挞一个（原味）（10.00*1）,榴莲王披萨-9英寸(经典手拍)[{""name"":""规格"",""value"":""9英寸(经典手拍)""}]（92.00*1）,餐盒（2.00*1）",蛋挞1个+榴莲王披萨,,,,非会员,19,,,依据餐量提供餐具,,102.00,26.21,66.40,0.00,0,0,2.60,1.04,3.50,【活动支出】店铺满减:1.00元+【活动支出】单品特价:8.30元+【活动支出】单品特价:48.10元+【活动支出】饿了么红包:9.00元+【活动支出】替用户承担配送费:3.5元,-,-,-,2.00,温州区域,温州加盟,,,否,-,平台配送
圣比萨（鞋都店）,SBM00008,温州,"8085856089753288070	",饿了么,平台外卖,已完成,2025-10-24 17:35:06,2025-10-24 17:35:06,2025-10-24 17:35:07,饿了么支付-在线支付,,即时单,2025-10-24 17:35:06,41.45,被动出餐,1,否,"披萨随心配（60.40*1）,需要保温袋（0.30*1）,餐盒（1.00*1）",地道肠1根+盐酥鸡米花小份+蛋挞1个+玉米沙拉披萨(7英寸(手拍)),,,,非会员,20,,,1份餐具,,60.70,15.06,36.90,0.00,0,0,1.64,0.65,4.50,【活动支出】单品特价:29.90元+【活动支出】 商家自营销加码:2.00元+【活动支出】饿了么红包:5.00元+【活动支出】替用户承担配送费:4.5元,-,-,-,1.00,温州区域,温州加盟,,,否,-,平台配送
圣比萨（鞋都店）,SBM00008,温州,"8028916089803918693	",饿了么,平台外卖,已完成,2025-10-24 18:13:47,2025-10-24 18:13:47,2025-10-24 18:13:48,饿了么支付-在线支付,,即时单,2025-10-24 18:13:47,17.22,被动出餐,1,否,"披萨随心配（60.40*1）,需要保温袋（0.30*1）,餐盒（1.00*1）",地道肠1根+盐酥鸡米花小份+蛋挞1个+新奥尔良烤鸡肉披萨(7英寸(手拍)),,,,非会员,21,,,依据餐量提供餐具,,60.70,15.96,36.90,0.00,0,0,1.64,0.65,3.50,【活动支出】单品特价:29.90元+【活动支出】饿了么红包:7.00元+【活动支出】替用户承担配送费:3.5元,-,-,-,1.00,温州区域,温州加盟,,,否,-,平台配送
圣比萨（鞋都店）,SBM00008,温州,"8032996089826096565	",饿了么,平台外卖,已完成,2025-10-24 18:45:15,2025-10-24 18:45:15,2025-10-24 18:45:15,饿了么支付-在线支付,,即时单,2025-10-24 18:45:15,12.83,被动出餐,1,否,"不要保温袋（0.00*1）,花果山披萨-7英寸(手拍)[{""name"":""规格"",""value"":""7英寸(手拍)""}]（42.00*1）,餐盒（1.00*1）",花果山披萨,,,,非会员,22,,,依据餐量提供餐具,,42.00,12.61,23.10,0.00,0,0,1.43,0.51,3.50,【活动支出】单品特价:16.10元+【活动支出】饿了么红包:7.00元+【活动支出】替用户承担配送费:3.5元,-,-,-,1.00,温州区域,温州加盟,,,否,-,平台配送
圣比萨（鞋都店）,SBM00008,温州,"8080526089822948816	",饿了么,平台外卖,已完成,2025-10-24 18:45:16,2025-10-24 18:45:16,2025-10-24 18:45:16,饿了么支付-在线支付,,即时单,2025-10-24 18:45:16,26.32,被动出餐,1,否,"需要保温袋（0.30*1）,榴莲王披萨-9英寸(经典手拍)[{""name"":""规格"",""value"":""9英寸(经典手拍)""}]（92.00*1）,餐盒（1.00*1）",榴莲王披萨,,,,非会员,23,,,2份餐具,,92.30,23.77,59.10,0.00,0,0,2.34,0.94,3.50,【活动支出】店铺满减:1.00元+【活动支出】单品特价:48.10元+【活动支出】 商家自营销加码:0.00元+【活动支出】粉丝群:2.00元+【活动支出】饿了么红包:8.00元+【活动支出】替用户承担配送费:3.5元,-,-,-,1.00,温州区域,温州加盟,,,否,-,平台配送
圣比萨（鞋都店）,SBM00008,温州,"8005676089805245831	",饿了么,平台外卖,已完成,2025-10-24 18:50:36,2025-10-24 18:50:36,2025-10-24 18:50:36,饿了么支付-在线支付,,即时单,2025-10-24 18:50:36,17.30,被动出餐,1,否,"不要保温袋（0.00*1）,焗饭随心配（53.80*1）,餐盒（1.00*1）",地道肠1根+盐酥鸡米花小份+薯饼2个+咖喱鸡肉芝士焗饭,,,,非会员,24,,,依据餐量提供餐具,,53.80,14.50,32.30,0.00,0,0,1.46,0.59,3.50,【活动支出】单品特价:25.30元+【活动支出】饿了么红包:5.00元+【活动支出】 商家自营销加码:2.00元+【活动支出】替用户承担配送费:3.5元,-,-,-,1.00,温州区域,温州加盟,,,否,-,平台配送
圣比萨（鞋都店）,SBM00008,温州,"8027080255945431367	",饿了么,平台外卖,已完成,2025-10-24 18:57:40,2025-10-24 18:57:40,2025-10-24 18:57:40,饿了么支付-在线支付,,即时单,2025-10-24 18:57:40,34.62,被动出餐,1,否,"芝士焗红薯泥（19.00*1）,需要保温袋（0.30*1）,榴莲王披萨-9英寸(经典手拍)[{""name"":""规格"",""value"":""9英寸(经典手拍)""}]（92.00*1）,餐盒（3.00*1）",芝士焗红薯泥+榴莲王披萨,,,,非会员,25,,,依据餐量提供餐具,,111.30,29.64,70.20,0.00,0,0,3.08,1.23,5.60,【活动支出】店铺满减:6.00元+【活动支出】首次光顾立减:1.00元+【活动支出】单品特价:4.10元+【活动支出】单品特价:48.10元+【活动支出】粉丝群:2.00元+【活动支出】饿了么红包:9.00元+【活动支出】替用户承担配送费:5.6元,-,-,-,3.00,温州区域,温州加盟,,,否,-,平台配送
圣比萨（鞋都店）,SBM00008,温州,"8051846089808871714	",饿了么,平台外卖,已完成,2025-10-24 18:58:23,2025-10-24 18:58:23,2025-10-24 18:58:24,饿了么支付-在线支付,,即时单,2025-10-24 18:58:23,31.38,被动出餐,1,否,"需要保温袋（0.30*1）,意面随心配（58.80*1）,餐盒（1.00*1）",黑椒烤肠意面+盐酥鸡米花小份+深海墨鱼丸2个+蛋挞1个,,,,非会员,26,,,1份餐具,,59.10,10.95,41.30,0.00,0,0,1.43,0.47,4.00,【活动支出】首次光顾立减:1.00元+【活动支出】单品特价:31.30元+【活动支出】粉丝群:2.00元+【活动支出】饿了么红包:7.00元+【活动支出】替用户承担配送费:4.0元,-,-,-,1.00,温州区域,温州加盟,,,否,-,平台配送
圣比萨（鞋都店）,SBM00008,温州,"8056946089853434326	",饿了么,平台外卖,已完成,2025-10-24 19:31:45,2025-10-24 19:31:45,2025-10-24 19:31:45,饿了么支付-在线支付,,预约单,2025-10-24 20:20:00,49.48,被动出餐,1,否,"不要保温袋（0.00*1）,披萨随心配（60.40*1）,蛋挞一个（原味）（5.00*1）,餐盒（2.00*1）",地道肠1根+深海墨鱼丸2个+蛋挞1个+缤纷水果披萨(7英寸(手拍))+蛋挞1个,,,,非会员,27,,,依据餐量提供餐具,,65.40,14.88,43.80,0.00,0,0,1.55,0.62,3.50,【活动支出】单品特价:29.90元+【活动支出】单品特价:3.90元+【活动支出】饿了么红包:7.00元+【活动支出】粉丝群:3.00元+【活动支出】替用户承担配送费:3.5元,-,-,-,2.00,温州区域,温州加盟,,,否,-,平台配送
圣比萨（鞋都店）,SBM00008,温州,"8063606089866650947	",饿了么,平台外卖,已完成,2025-10-24 20:00:23,2025-10-24 20:00:23,2025-10-24 20:00:23,饿了么支付-在线支付,,即时单,2025-10-24 20:00:23,29.23,被动出餐,1,否,"【粉丝福利】蛋挞一个（原味）（10.00*1）,需要保温袋（0.30*1）,玉米沙拉披萨-7英寸(手拍)[{""name"":""规格"",""value"":""7英寸(手拍)""}]（40.00*1）,餐盒（2.00*1）",蛋挞1个+玉米沙拉披萨,,,,非会员,28,,,1份餐具,,50.30,12.08,31.40,0.00,0,0,1.43,0.54,4.00,【活动支出】首次光顾立减:1.00元+【活动支出】单品特价:8.30元+【活动支出】单品特价:17.10元+【活动支出】饿了么红包:5.00元+【活动支出】替用户承担配送费:4.0元,-,-,-,2.00,温州区域,温州加盟,,,否,-,平台配送
圣比萨（鞋都店）,SBM00008,温州,"8052576089898056006	",饿了么,平台外卖,已完成,2025-10-24 21:49:56,2025-10-24 21:49:56,2025-10-24 21:49:57,饿了么支付-在线支付,,即时单,2025-10-24 21:49:56,29.82,被动出餐,1,否,"不要保温袋（0.00*1）,披萨随心配（60.40*1）,餐盒（1.00*1）",盐酥鸡米花小份+上校鸡块2个+蛋挞1个+新奥尔良烤鸡肉披萨(7英寸(手拍)),,,,非会员,29,,,依据餐量提供餐具,,60.40,12.16,39.90,0.00,0,0,1.43,0.56,6.60,【活动支出】首次光顾立减:1.00元+【活动支出】单品特价:29.90元+【活动支出】饿了么红包:7.00元+【活动支出】粉丝群:2.00元+【活动支出】淘金币:0.00元+【活动支出】替用户承担配送费:6.0元,-,-,-,1.00,温州区域,温州加盟,,,否,-,平台配送
圣比萨（鞋都店）,SBM00008,温州,"8014020255916254561	",饿了么,平台外卖,已完成,2025-10-24 22:10:33,2025-10-24 22:10:33,2025-10-24 22:10:33,饿了么支付-在线支付,,即时单,2025-10-24 22:10:33,23.50,被动出餐,1,否,"不要保温袋（0.00*1）,披萨随心配（60.40*1）,餐盒（1.00*1）",地道肠1根+盐酥鸡米花小份+薯饼2个+新奥尔良烤鸡肉披萨(7英寸(手拍)),,,,非会员,30,,,依据餐量提供餐具,,60.40,13.06,39.90,0.00,0,0,1.43,0.56,5.60,【活动支出】首次光顾立减:1.00元+【活动支出】单品特价:29.90元+【活动支出】饿了么红包:5.00元+【活动支出】 商家自营销加码:2.00元+【活动支出】粉丝群:2.00元+【活动支出】替用户承担配送费:5.6元,-,-,-,1.00,温州区域,温州加盟,,,否,-,平台配送
圣比萨（鞋都店）,SBM00008,温州,"8047490256023289137	",饿了么,平台外卖,已完成,2025-10-24 22:21:22,2025-10-24 22:21:22,2025-10-24 22:21:23,饿了么支付-在线支付,,即时单,2025-10-24 22:21:22,45.28,被动出餐,1,否,"不要保温袋（0.00*1）,超值7寸披萨一人食套餐（66.00*1）,餐盒（2.00*1）",港式奶茶+深海墨鱼丸(3个)+红薯泥披萨-7寸(经典手拍),,,,非会员,31,,,1份餐具,,66.00,15.63,40.10,0.00,0,0,1.87,0.75,8.90,【活动支出】首次光顾立减:1.00元+【活动支出】单品特价:34.10元+【活动支出】饿了么红包:5.00元+【活动支出】替用户承担配送费:6.0元,-,-,-,2.00,温州区域,温州加盟,,,否,-,平台配送
圣比萨（鞋都店）,SBM00008,温州,"8069586089921160477	",饿了么,平台外卖,已完成,2025-10-24 23:03:36,2025-10-24 23:03:36,2025-10-24 23:03:36,饿了么支付-在线支付,,即时单,2025-10-24 23:03:36,22.05,被动出餐,1,否,"不要保温袋（0.00*1）,蛋挞一个（原味）（5.00*1）,任选披萨6选1+小吃5选1+饮料（58.00*1）,餐盒（3.00*1）",蛋挞1个+薯饼+新奥尔良烤鸡肉披萨(7英寸(手拍))+港式奶茶,,,,非会员,32,,,依据餐量提供餐具,,63.00,17.58,39.50,0.00,0,0,1.76,0.71,5.60,【活动支出】单品特价:3.90元+【活动支出】单品特价:26.10元+【活动支出】饿了么红包:8.00元+【活动支出】精准营销红包:1.50元+【活动支出】替用户承担配送费:5.6元,-,-,-,3.00,温州区域,温州加盟,,,否,-,平台配送
圣比萨（鞋都店）,SBM00008,温州,"8030250256122757484	",饿了么,平台外卖,已完成,2025-10-24 23:07:00,2025-10-24 23:07:00,2025-10-24 23:07:00,饿了么支付-在线支付,,即时单,2025-10-24 23:07:00,45.00,被动出餐,1,否,"不要保温袋（0.00*1）,港式奶茶[冷]（10.00*1）,【粉丝福利】蛋挞一个（原味）（10.00*1）,榴莲王披萨-9英寸(经典手拍)[{""name"":""规格"",""value"":""9英寸(经典手拍)""}]（92.00*1）,餐盒（3.00*1）",港式奶茶+蛋挞1个+榴莲王披萨,,,,非会员,33,,,依据餐量提供餐具,,112.00,31.67,69.40,0.00,0,0,3.20,1.28,6.10,【活动支出】店铺满减:1.00元+【活动支出】首次光顾立减:1.00元+【活动支出】单品特价:2.00元+【活动支出】单品特价:8.30元+【活动支出】单品特价:48.10元+【活动支出】饿了么红包:9.00元+【活动支出】替用户承担配送费:6.0元,-,-,-,3.00,温州区域,温州加盟,,,否,-,平台配送
圣比萨（鞋都店）,SBM00008,温州,"8074726089901806932	",饿了么,平台外卖,已完成,2025-10-24 23:23:11,2025-10-24 23:23:11,2025-10-24 23:23:12,饿了么支付-在线支付,,即时单,2025-10-24 23:23:11,21.97,被动出餐,1,否,"不要保温袋（0.00*1）,披萨随心配（60.40*1）,餐盒（1.00*1）",地道肠1根+盐酥鸡米花小份+深海墨鱼丸2个+日系照烧鸡披萨(7英寸(手拍)),,,,非会员,34,,,依据餐量提供餐具,,60.40,14.45,38.40,0.00,0,0,1.50,0.60,5.60,【活动支出】单品特价:29.90元+【活动支出】饿了么红包:7.00元+【活动支出】精准营销红包:1.50元+【活动支出】替用户承担配送费:5.6元,-,-,-,1.00,温州区域,温州加盟,,,否,-,平台配送
圣比萨·披萨·炸鸡（响水幸福店）,SBS00009,盐城,"8085756089551861129	",饿了么,平台外卖,已完成,2025-10-24 10:19:24,2025-10-24 10:19:24,2025-10-24 10:19:24,饿了么支付-在线支付,,预约单,2025-10-24 11:40:00,40.75,自动出餐,1,否,"【随心❤️拼】7英寸双拼披萨（口味自选）[花果山+日系照烧鸡]（29.90*1）,奶酪芝士卷边（7英寸）（4.90*1）",双拼7寸【花果山口味7】+双拼7寸【日系照烧口味7】+奶酪芝士卷边7,,,,非会员,1,,,依据餐量提供餐具,,34.80,17.99,4.00,0.00,0,0,2.58,0.70,5.00,【活动支出】单品特价:4.00元+【活动支出】替用户承担配送费:5.0元,-,-,-,0.00,江苏区域,江苏直营店,,,否,-,平台配送
圣比萨·披萨·炸鸡（响水幸福店）,SBS00009,盐城,"8048906089576664401	",饿了么,平台外卖,已完成,2025-10-24 10:32:11,2025-10-24 10:32:11,2025-10-24 10:32:12,饿了么支付-在线支付,,即时单,2025-10-24 10:32:11,12.23,自动出餐,1,否,黑椒牛肉意面（30.90*1）,黑椒牛肉意面,,,,非会员,2,,,挂门把手上就好了 / 1份餐具,,30.90,13.90,5.00,0.00,0,0,2.29,0.62,5.00,【活动支出】饿了么红包:5.00元+【活动支出】替用户承担配送费:5.0元,-,-,-,0.00,江苏区域,江苏直营店,,,否,-,平台配送
圣比萨·披萨·炸鸡（响水幸福店）,SBS00009,盐城,"8020350255682941304	",饿了么,平台外卖,已完成,2025-10-24 10:51:20,2025-10-24 10:51:20,2025-10-24 10:51:20,饿了么支付-在线支付,,即时单,2025-10-24 10:51:20,12.22,自动出餐,1,否,大圣香肠披萨-单点（15.50*1）,大圣香肠披萨-单点,,,,非会员,3,,,依据餐量提供餐具,,15.50,10.00,0.00,0.00,0,0,0.00,0.00,,【活动支出】单品优惠:0.00元,-,-,-,0.00,江苏区域,江苏直营店,,,否,-,平台配送
圣比萨·披萨·炸鸡（响水幸福店）,SBS00009,盐城,"8009586089644946876	",饿了么,平台外卖,已完成,2025-10-24 12:06:49,2025-10-24 12:06:49,2025-10-24 12:06:49,饿了么支付-在线支付,,即时单,2025-10-24 12:06:49,14.23,自动出餐,1,否,【随心❤️拼】7英寸双拼披萨（口味自选）[新奥尔良烤鸡肉+日系照烧鸡]（29.90*1）,双拼7寸【奥尔良口味7】+双拼7寸【日系照烧口味7】,,,,非会员,4,,,"不要敲门, 不要打电话, 放门口谢谢 / 依据餐量提供餐具",,29.90,14.41,4.00,0.00,0,0,2.21,0.60,5.00,【活动支出】单品特价:4.00元+【活动支出】替用户承担配送费:5.0元,-,-,-,0.00,江苏区域,江苏直营店,,,否,-,平台配送
圣比萨·披萨·炸鸡（响水幸福店）,SBS00009,盐城,"8079846089654534504	",饿了么,平台外卖,已完成,2025-10-24 13:15:45,2025-10-24 13:15:45,2025-10-24 13:15:45,饿了么支付-在线支付,,预约单,2025-10-24 18:10:00,254.43,自动出餐,1,否,"榴莲王披萨-12英寸(手拍)[{""name"":""规格"",""value"":""12英寸(手拍)""}]（72.90*1）",榴莲王披萨,,,,非会员,5,,,我是高中牲 学校食堂太难吃了 馋你这一口做的好吃点谢谢你店主 祝你发大财/ 依据餐量提供餐具,,72.90,34.34,14.60,0.00,0,0,5.39,1.46,6.00,【活动支出】店铺满减:3.00元+【活动支出】饿了么红包:11.60元+【活动支出】替用户承担配送费:5.0元,-,-,-,0.00,江苏区域,江苏直营店,,,否,-,平台配送
圣比萨·披萨·炸鸡（响水幸福店）,SBS00009,盐城,"8072516089775432991	",饿了么,平台外卖,已完成,2025-10-24 17:25:51,2025-10-24 17:25:51,2025-10-24 17:25:51,饿了么支付-在线支付,,即时单,2025-10-24 17:25:51,12.07,自动出餐,1,否,奶油奶酪榴莲流心披萨（48.90*1）,奶油奶酪榴莲流心披萨,,,,非会员,6,,,依据餐量提供餐具,,48.90,25.39,7.00,0.00,0,0,3.62,0.98,5.00,【活动支出】粉丝群:1.00元+【活动支出】饿了么红包:6.00元+【活动支出】替用户承担配送费:5.0元,-,-,-,0.00,江苏区域,江苏直营店,,,否,-,平台配送
圣比萨·披萨·炸鸡（响水幸福店）,SBS00009,盐城,"8020350255892759030	",饿了么,平台外卖,已完成,2025-10-24 17:29:42,2025-10-24 17:29:42,2025-10-24 17:29:42,饿了么支付-在线支付,,即时单,2025-10-24 17:29:42,12.15,自动出餐,1,否,7英寸奶酪芝士披萨-单点（17.50*1）,7英寸奶酪芝士披萨-单点,,,,非会员,7,,,依据餐量提供餐具,,17.50,12.00,0.00,0.00,0,0,0.00,0.00,,【活动支出】单品优惠:0.00元,-,-,-,0.00,江苏区域,江苏直营店,,,否,-,平台配送
圣比萨·披萨·炸鸡（响水幸福店）,SBS00009,盐城,"8028300255801098678	",饿了么,平台外卖,已完成,2025-10-24 17:47:35,2025-10-24 17:47:35,2025-10-24 17:47:36,饿了么支付-在线支付,,即时单,2025-10-24 17:47:35,14.03,自动出餐,1,否,"蛋挞（两个）（6.90*7）,深海墨鱼丸-6个[{""name"":""规格"",""value"":""6个""}]（9.90*1）,大圣香肠一串[甘梅]（8.50*1）,点击右上角❤️收藏得小吃（限一份，多点不送）[上校鸡块2个]（0.00*1）,餐盒（0.50*1）",蛋挞+深海墨鱼丸+上校鸡块2个,,,,非会员,8,,,蛋挞请一定烤熟，昨天有些没熟，谢谢，放在5楼凳子上即可，谢谢 / 依据餐量提供餐具,,66.70,31.75,14.00,0.00,0,0,4.97,1.34,5.00,【活动支出】店铺满减:3.00元+【活动支出】粉丝群:1.00元+【活动支出】饿了么红包:10.00元+【活动支出】替用户承担配送费:5.0元,-,-,-,0.50,江苏区域,江苏直营店,,,否,-,平台配送
圣比萨·披萨·炸鸡（响水幸福店）,SBS00009,盐城,"8001130255935879617	",饿了么,平台外卖,已完成,2025-10-24 18:50:20,2025-10-24 18:50:20,2025-10-24 18:50:20,饿了么支付-在线支付,,即时单,2025-10-24 18:50:20,14.17,自动出餐,1,否,"榴莲王披萨-7英寸(手拍)[{""name"":""规格"",""value"":""7英寸(手拍)""}]（36.90*1）,奶酪芝士卷边（7英寸）（4.90*1）",榴莲王披萨+奶酪芝士卷边7,,,,非会员,9,,,依据餐量提供餐具,用户申请取消单 其他原因，,41.80,19.35,7.00,0.00,0,0,3.09,0.84,7.00,【活动支出】粉丝群:1.00元+【活动支出】饿了么红包:6.00元+【活动支出】替用户承担配送费:5.0元,-,-,-,0.00,江苏区域,江苏直营店,,,否,-,平台配送
圣比萨·披萨·炸鸡（响水幸福店）,SBS00009,盐城,"8052040256095033751	",饿了么,平台外卖,已完成,2025-10-24 21:28:26,2025-10-24 21:28:26,2025-10-24 21:28:27,饿了么支付-在线支付,,即时单,2025-10-24 21:28:26,12.02,自动出餐,1,否,7英寸奶酪芝士披萨-单点（17.50*1）,7英寸奶酪芝士披萨-单点,,,,非会员,10,,,依据餐量提供餐具,,17.50,12.00,0.00,0.00,0,0,0.00,0.00,,【活动支出】单品优惠:0.00元,-,-,-,0.00,江苏区域,江苏直营店,,,否,-,平台配送
圣比萨·披萨·炸鸡（响水幸福店）,SBS00009,盐城,"8052040256002865472	",饿了么,平台外卖,已完成,2025-10-24 21:28:33,2025-10-24 21:28:33,2025-10-24 21:28:33,饿了么支付-在线支付,,即时单,2025-10-24 21:28:33,12.23,自动出餐,1,否,大圣水果披萨-单点（15.50*1）,大圣水果披萨-单点,,,,非会员,11,,,依据餐量提供餐具,,15.50,10.00,0.00,0.00,0,0,0.00,0.00,,【活动支出】单品优惠:0.00元,-,-,-,0.00,江苏区域,江苏直营店,,,否,-,平台配送
圣比萨·披萨·炸鸡（响水幸福店）,SBS00009,盐城,"8057200256018815406	",饿了么,平台外卖,已完成,2025-10-24 21:45:21,2025-10-24 21:45:21,2025-10-24 21:45:21,饿了么支付-在线支付,,即时单,2025-10-24 21:45:21,12.03,自动出餐,1,否,【随心❤️拼】12英寸双拼披萨（口味自选）[缤纷水果+新奥尔良烤鸡肉]（59.90*1）,双拼12寸【缤纷水果口味12】+双拼12寸【奥尔良口味12】,,,,非会员,12,,,依据餐量提供餐具,,59.90,30.99,9.00,0.00,0,0,4.43,1.20,5.00,【活动支出】店铺满减:3.00元+【活动支出】超级会员专享红包:6.00元+【活动支出】替用户承担配送费:5.0元,-,-,-,0.00,江苏区域,江苏直营店,,,否,-,平台配送
圣比萨·披萨·炸鸡（响水幸福店）,SBS00009,盐城,"8046100256018995475	",饿了么,平台外卖,已完成,2025-10-24 22:14:12,2025-10-24 22:14:12,2025-10-24 22:14:12,饿了么支付-在线支付,,即时单,2025-10-24 22:14:12,10.15,手动出餐,1,否,7英寸奶酪芝士披萨-单点（17.50*1）,7英寸奶酪芝士披萨-单点,,,,非会员,13,,,依据餐量提供餐具,,17.50,12.00,0.00,0.00,0,0,0.00,0.00,,【活动支出】单品优惠:0.00元,-,-,-,0.00,江苏区域,江苏直营店,,,否,-,平台配送
圣比萨·披萨·炸鸡（响水幸福店）,SBS00009,盐城,"8013010255928793449	",饿了么,平台外卖,已完成,2025-10-24 23:08:59,2025-10-24 23:08:59,2025-10-24 23:08:59,饿了么支付-在线支付,,即时单,2025-10-24 23:08:59,12.20,自动出餐,1,否,大圣香肠披萨-单点（15.50*1）,大圣香肠披萨-单点,,,,非会员,14,,,依据餐量提供餐具,,15.50,10.00,0.00,0.00,0,0,0.00,0.00,,【活动支出】单品优惠:0.00元,-,-,-,0.00,江苏区域,江苏直营店,,,否,-,平台配送
圣比萨（平阳百悦广场店）,SBM00027,温州,"8066300255591483774	",饿了么,平台外卖,已完成,2025-10-24 11:03:23,2025-10-24 11:03:23,2025-10-24 11:03:23,饿了么支付-在线支付,,即时单,2025-10-24 11:03:23,11.60,手动出餐,1,否,"【任选3件套】个人披萨意面焗饭套餐随心配（72.00*1）,餐盒（2.00*1）",明星小食桶A+可乐+碳烤鸡肉培根披萨(7英寸(手拍)),,,,非会员,1,,,1份餐具,,72.00,24.34,38.50,0.00,0,0,3.41,0.00,3.50,【活动支出】店铺满减:1.00元+【活动支出】单品特价:31.50元+【活动支出】 商家自营销加码:1.00元+【活动支出】CPS商户叠加券:0.00元+【活动支出】饿了么红包:5.00元+【活动支出】替用户承担配送费:3.5元,-,-,-,2.00,温州区域,温州加盟,,,否,-,平台配送
圣比萨（平阳百悦广场店）,SBM00027,温州,"8044536089612859847	",饿了么,平台外卖,已完成,2025-10-24 11:11:16,2025-10-24 11:11:16,2025-10-24 11:11:16,饿了么支付-在线支付,,即时单,2025-10-24 11:11:16,13.80,手动出餐,1,否,"榴莲王披萨9英寸（92.00*1）,蛋挞1个（5.00*1）,餐盒（3.00*1）",榴莲王披萨9英寸+蛋挞1个,,,,非会员,2,,,1份餐具,,97.00,31.27,55.41,0.00,0,0,4.37,0.00,3.50,【活动支出】店铺满减:1.00元+【活动支出】单品特价:42.40元+【活动支出】单品特价:4.01元+【活动支出】饿了么红包:8.00元+【活动支出】替用户承担配送费:3.5元,-,-,-,3.00,温州区域,温州加盟,,,否,-,平台配送
圣比萨（平阳百悦广场店）,SBM00027,温州,"8035350255739115995	",饿了么,平台外卖,已完成,2025-10-24 11:36:21,2025-10-24 11:36:21,2025-10-24 11:36:22,饿了么支付-在线支付,,即时单,2025-10-24 11:36:21,10.48,手动出餐,1,否,"【任选3件套】个人披萨意面焗饭套餐随心配（72.00*1）,餐盒（2.00*1）",明星小食桶A+可乐+浪漫威尼斯披萨(7英寸(手拍)),,,,非会员,3,,,依据餐量提供餐具,,72.00,24.33,37.50,0.00,0,0,3.52,0.00,4.50,【活动支出】店铺满减:1.00元+【活动支出】单品特价:31.50元+【活动支出】饿了么红包:5.00元+【活动支出】替用户承担配送费:4.5元,-,-,-,2.00,温州区域,温州加盟,,,否,-,平台配送
圣比萨（平阳百悦广场店）,SBM00027,温州,"8081536089643273500	",饿了么,平台外卖,已完成,2025-10-24 11:59:42,2025-10-24 11:59:42,2025-10-24 11:59:42,饿了么支付-在线支付,,预约单,2025-10-24 16:05:00,218.35,手动出餐,1,否,"榴莲王披萨12英寸（129.00*1）,餐盒（2.00*1）",榴莲王披萨12英寸,,,,非会员,4,,,2份餐具,,129.00,41.72,73.40,0.00,0,0,5.73,0.00,3.50,【活动支出】店铺满减:6.00元+【活动支出】单品特价:59.40元+【活动支出】饿了么红包:8.00元+【活动支出】替用户承担配送费:3.5元,-,-,-,2.00,温州区域,温州加盟,,,否,-,平台配送
圣比萨（平阳百悦广场店）,SBM00027,温州,"8029440255674257671	",饿了么,平台外卖,已完成,2025-10-24 12:37:06,2025-10-24 12:37:06,2025-10-24 12:37:07,饿了么支付-在线支付,,即时单,2025-10-24 12:37:06,4.30,手动出餐,1,否,"番茄牛肉意面（52.00*1）,餐盒（2.00*1）",番茄牛肉意面,,,,非会员,5,,,依据餐量提供餐具,,52.00,13.70,32.40,0.00,0,0,1.95,0.00,3.50,【活动支出】单品特价:26.40元+【活动支出】饿了么红包:6.00元+【活动支出】替用户承担配送费:3.5元,-,-,-,2.00,温州区域,温州加盟,,,否,-,平台配送
圣比萨（平阳百悦广场店）,SBM00027,温州,"8071040255679935953	",饿了么,平台外卖,已完成,2025-10-24 12:53:24,2025-10-24 12:53:24,2025-10-24 12:53:24,饿了么支付-在线支付,,预约单,2025-10-24 15:45:00,123.13,手动出餐,1,否,"圣比招牌披萨9英寸（78.00*1）,餐盒（2.00*1）",大圣招牌大满贯披萨【9英寸(手拍)】,,,,非会员,6,,,依据餐量提供餐具,,78.00,29.20,38.40,0.00,0,0,4.05,0.00,3.50,【活动支出】店铺满减:1.00元+【活动支出】单品特价:28.40元+【活动支出】饿了么红包:9.00元+【活动支出】替用户承担配送费:3.5元,-,-,-,2.00,温州区域,温州加盟,,,否,-,平台配送
圣比萨（平阳百悦广场店）,SBM00027,温州,"8090566089688042752	",饿了么,平台外卖,已完成,2025-10-24 13:03:44,2025-10-24 13:03:44,2025-10-24 13:03:44,饿了么支付-在线支付,,即时单,2025-10-24 13:03:44,6.62,手动出餐,1,否,"明星小食桶B（36.00*1）,番茄牛肉意面（52.00*1）,餐盒（4.00*1）",明星小食桶B+番茄牛肉意面,,,,非会员,7,,,依据餐量提供餐具,,88.00,27.25,51.90,0.00,0,0,3.90,0.00,3.50,【活动支出】店铺满减:1.00元+【活动支出】单品特价:15.50元+【活动支出】单品特价:26.40元+【活动支出】CPS商户叠加券:0.00元+【活动支出】饿了么红包:9.00元+【活动支出】替用户承担配送费:3.5元,-,-,-,4.00,温州区域,温州加盟,,,否,-,平台配送
圣比萨（平阳百悦广场店）,SBM00027,温州,"8029896089696990717	",饿了么,平台外卖,已完成,2025-10-24 14:17:40,2025-10-24 14:17:40,2025-10-24 14:17:41,饿了么支付-在线支付,,即时单,2025-10-24 14:17:40,9.10,手动出餐,1,否,新奥尔良烤鸡肉披萨7寸-单点（22.00*1）,新奥尔良烤鸡肉披萨【7英寸(手拍)】,,,,非会员,8,,,依据餐量提供餐具,,22.00,12.00,0.00,0.00,0,0,0.00,0.00,,【活动支出】拼团反圈活动:0.00元,-,-,-,0.00,温州区域,温州加盟,,,否,-,平台配送
圣比萨（平阳百悦广场店）,SBM00027,温州,"8097080255730942275	",饿了么,平台外卖,已完成,2025-10-24 15:16:07,2025-10-24 15:16:07,2025-10-24 15:16:07,饿了么支付-在线支付,,即时单,2025-10-24 15:16:07,8.50,手动出餐,1,否,新奥尔良烤鸡肉披萨7寸-单点（22.00*1）,新奥尔良烤鸡肉披萨【7英寸(手拍)】,,,,非会员,9,,,依据餐量提供餐具,,22.00,12.00,0.00,0.00,0,0,0.00,0.00,,【活动支出】拼团反圈活动:0.00元,-,-,-,0.00,温州区域,温州加盟,,,否,-,平台配送
圣比萨（平阳百悦广场店）,SBM00027,温州,"8005846089727980951	",饿了么,平台外卖,已完成,2025-10-24 15:25:25,2025-10-24 15:25:25,2025-10-24 15:25:25,饿了么支付-在线支付,,预约单,2025-10-24 17:00:00,48.00,手动出餐,1,否,"【任选5件套】披萨意面我全都要（128.00*1）,餐盒（2.00*1）",番茄牛肉意面+大圣招牌大满贯披萨(7英寸(手拍))+明星小食桶B+芒果汁+柠檬茶,,,,非会员,10,,,"汤多一点，葱和香菜都要
送到电话提醒 / 依据餐量提供餐具",,128.00,32.98,82.50,0.00,0,0,4.67,0.00,5.00,【活动支出】店铺满减:6.00元+【活动支出】单品特价:67.50元+【活动支出】饿了么红包:9.00元+【活动支出】替用户承担配送费:5.0元,-,-,-,2.00,温州区域,温州加盟,,,否,-,平台配送
圣比萨（平阳百悦广场店）,SBM00027,温州,"8031826089731795348	",饿了么,平台外卖,已完成,2025-10-24 15:31:47,2025-10-24 15:31:47,2025-10-24 15:31:47,饿了么支付-在线支付,,即时单,2025-10-24 15:31:47,17.63,被动出餐,1,否,"番茄牛肉意面（52.00*1）,餐盒（2.00*1）",番茄牛肉意面,,,,非会员,11,,,依据餐量提供餐具,,52.00,13.70,32.40,0.00,0,0,1.95,0.00,3.50,【活动支出】单品特价:26.40元+【活动支出】饿了么红包:6.00元+【活动支出】替用户承担配送费:3.5元,-,-,-,2.00,温州区域,温州加盟,,,否,-,平台配送
圣比萨（平阳百悦广场店）,SBM00027,温州,"8094150255843327311	",饿了么,平台外卖,已完成,2025-10-24 15:33:40,2025-10-24 15:33:40,2025-10-24 15:33:40,饿了么支付-在线支付,,即时单,2025-10-24 15:33:40,21.20,手动出餐,1,否,"【任选4件套】畅享开吃套餐（108.00*1）,餐盒（2.00*1）",可乐+柠檬茶+大圣招牌大满贯披萨(9英寸(手拍))+明星小食桶B,,,,非会员,12,,,2份餐具,,108.00,33.88,62.50,0.00,0,0,4.67,0.00,3.50,【活动支出】店铺满减:6.00元+【活动支出】单品特价:47.50元+【活动支出】饿了么红包:9.00元+【活动支出】替用户承担配送费:3.5元,-,-,-,2.00,温州区域,温州加盟,,,否,-,平台配送
圣比萨（平阳百悦广场店）,SBM00027,温州,"8036696089731004785	",饿了么,平台外卖,已完成,2025-10-24 15:39:06,2025-10-24 15:39:06,2025-10-24 15:39:06,饿了么支付-在线支付,,即时单,2025-10-24 15:39:06,14.58,手动出餐,1,否,"榴莲王披萨12英寸（129.00*1）,餐盒（2.00*1）",榴莲王披萨12英寸,,,,非会员,13,,,1份餐具,,129.00,38.14,77.40,0.00,0,0,5.31,0.00,3.50,【活动支出】店铺满减:6.00元+【活动支出】单品特价:59.40元+【活动支出】CPS商户叠加券:0.00元+【活动支出】饿了么红包:12.00元+【活动支出】替用户承担配送费:3.5元,-,-,-,2.00,温州区域,温州加盟,,,否,-,平台配送
圣比萨（平阳百悦广场店）,SBM00027,温州,"8058110255938980337	",饿了么,平台外卖,已完成,2025-10-24 15:53:06,2025-10-24 15:53:06,2025-10-24 15:53:06,饿了么支付-在线支付,,即时单,2025-10-24 15:53:06,10.67,手动出餐,1,否,新奥尔良烤鸡肉披萨7寸-单点（22.00*1）,新奥尔良烤鸡肉披萨【7英寸(手拍)】,,,,非会员,14,,,依据餐量提供餐具,,22.00,12.00,0.00,0.00,0,0,0.00,0.00,,【活动支出】拼团反圈活动:0.00元,-,-,-,0.00,温州区域,温州加盟,,,否,-,平台配送
圣比萨（平阳百悦广场店）,SBM00027,温州,"8052450255937764614	",饿了么,平台外卖,已完成,2025-10-24 16:04:46,2025-10-24 16:04:46,2025-10-24 16:04:46,饿了么支付-在线支付,,即时单,2025-10-24 16:04:46,13.35,手动出餐,1,否,"新奥尔良烤鸡肉披萨7寸-单点[{""name"":""规格"",""value"":""单点""}]（22.00*1）",新奥尔良烤鸡肉披萨【7英寸(手拍)】,,,,非会员,15,,,依据餐量提供 需要一起打包,,22.00,12.00,0.00,0.00,0,0,0.00,0.00,,【活动支出】拼团反圈活动:0.00元,-,-,-,0.00,温州区域,温州加盟,,,否,-,平台配送
圣比萨（平阳百悦广场店）,SBM00027,温州,"8052450255937764615	",饿了么,平台外卖,已完成,2025-10-24 16:04:46,2025-10-24 16:04:46,2025-10-24 16:04:46,饿了么支付-在线支付,,即时单,2025-10-24 16:04:46,13.35,手动出餐,1,否,"新奥尔良烤鸡肉披萨7寸-单点[{""name"":""规格"",""value"":""单点""}]（22.00*1）",新奥尔良烤鸡肉披萨【7英寸(手拍)】,,,,非会员,16,,,依据餐量提供 需要一起打包,,22.00,12.00,0.00,0.00,0,0,0.00,0.00,,【活动支出】拼团反圈活动:0.00元,-,-,-,0.00,温州区域,温州加盟,,,否,-,平台配送
圣比萨（平阳百悦广场店）,SBM00027,温州,"8012010255849103626	",饿了么,平台外卖,已完成,2025-10-24 16:17:54,2025-10-24 16:17:54,2025-10-24 16:17:54,饿了么支付-在线支付,,即时单,2025-10-24 16:17:54,10.35,手动出餐,1,否,"榴莲王披萨9英寸（92.00*1）,餐盒（2.00*1）",榴莲王披萨9英寸,,,,非会员,17,,,2份餐具,,92.00,36.05,43.40,0.00,0,0,5.00,0.00,3.50,【活动支出】店铺满减:1.00元+【活动支出】单品特价:42.40元+【活动支出】替用户承担配送费:3.5元,-,-,-,2.00,温州区域,温州加盟,,,否,-,平台配送
圣比萨（平阳百悦广场店）,SBM00027,温州,"8014490255856971201	",饿了么,平台外卖,已完成,2025-10-24 16:19:35,2025-10-24 16:19:35,2025-10-24 16:19:35,饿了么支付-在线支付,,即时单,2025-10-24 16:19:35,10.35,手动出餐,1,否,新奥尔良烤鸡肉披萨7寸-单点（22.00*1）,新奥尔良烤鸡肉披萨【7英寸(手拍)】,,,,非会员,18,,,依据餐量提供餐具,,22.00,12.00,0.00,0.00,0,0,0.00,0.00,,【活动支出】拼团反圈活动:0.00元,-,-,-,0.00,温州区域,温州加盟,,,否,-,平台配送
圣比萨（平阳百悦广场店）,SBM00027,温州,"8022280255751276845	",饿了么,平台外卖,已完成,2025-10-24 16:22:02,2025-10-24 16:22:02,2025-10-24 16:22:02,饿了么支付-在线支付,,即时单,2025-10-24 16:22:02,13.07,手动出餐,1,否,"碳烤鸡肉培根披萨9英寸（78.00*2）,餐盒（4.00*1）",碳烤鸡肉培根披萨【9英寸(手拍)】,,,,非会员,19,,,依据餐量提供餐具,,156.00,46.72,94.80,0.00,0,0,6.53,0.00,4.00,【活动支出】店铺满减:6.00元+【活动支出】单品特价:76.80元+【活动支出】饿了么红包:12.00元+【活动支出】替用户承担配送费:4.0元,-,-,-,4.00,温州区域,温州加盟,,,否,-,平台配送
圣比萨（平阳百悦广场店）,SBM00027,温州,"8005576089762917796	",饿了么,平台外卖,已完成,2025-10-24 16:29:09,2025-10-24 16:29:09,2025-10-24 16:29:10,饿了么支付-在线支付,,即时单,2025-10-24 16:29:09,18.25,手动出餐,1,否,"【任选3件套】个人披萨意面焗饭套餐随心配（74.00*1）,餐盒（2.00*1）",明星小食桶B+芒果汁+番茄牛肉意面,,,,非会员,20,,,依据餐量提供餐具,,74.00,19.57,46.50,0.00,0,0,2.78,0.00,3.50,【活动支出】店铺满减:1.00元+【活动支出】单品特价:31.50元+【活动支出】订单集点返红包:5.00元+【活动支出】饿了么红包:9.00元+【活动支出】替用户承担配送费:3.5元,-,-,-,2.00,温州区域,温州加盟,,,否,-,平台配送
圣比萨（平阳百悦广场店）,SBM00027,温州,"8024120255954413957	",饿了么,平台外卖,已完成,2025-10-24 16:38:03,2025-10-24 16:38:03,2025-10-24 16:38:04,饿了么支付-在线支付,,即时单,2025-10-24 16:38:03,10.43,手动出餐,1,否,【任选5件套】披萨意面我全都要（128.00*1）,招牌肉酱意面+缤纷水果披萨(7英寸(手拍))+明星小食桶A+芒果汁+港式奶茶,,,,非会员,21,,,2份餐具,,128.00,33.49,81.60,0.00,0,0,4.56,0.00,3.50,【活动支出】单品特价:81.60元+【活动支出】用户代金券:0.00元+【活动支出】替用户承担配送费:3.5元,-,-,-,0.00,温州区域,温州加盟,,,否,-,平台配送
圣比萨（平阳百悦广场店）,SBM00027,温州,"8035300255759986142	",饿了么,平台外卖,已完成,2025-10-24 16:39:10,2025-10-24 16:39:10,2025-10-24 16:39:10,饿了么支付-在线支付,,即时单,2025-10-24 16:39:10,9.38,手动出餐,1,否,新奥尔良烤鸡肉披萨7寸-单点（22.00*1）,新奥尔良烤鸡肉披萨【7英寸(手拍)】,,,,非会员,22,,,依据餐量提供餐具,,22.00,12.00,0.00,0.00,0,0,0.00,0.00,,【活动支出】拼团反圈活动:0.00元,-,-,-,0.00,温州区域,温州加盟,,,否,-,平台配送
圣比萨（平阳百悦广场店）,SBM00027,温州,"8027090255954632018	",饿了么,平台外卖,已完成,2025-10-24 16:46:45,2025-10-24 16:46:45,2025-10-24 16:46:45,饿了么支付-在线支付,,即时单,2025-10-24 16:46:45,9.98,手动出餐,1,否,"榴莲王披萨9英寸（92.00*1）,餐盒（2.00*1）",榴莲王披萨9英寸,,,,非会员,23,,,依据餐量提供餐具,,92.00,29.20,52.40,0.00,0,0,4.05,0.00,3.50,【活动支出】店铺满减:1.00元+【活动支出】单品特价:42.40元+【活动支出】饿了么红包:9.00元+【活动支出】替用户承担配送费:3.5元,-,-,-,2.00,温州区域,温州加盟,,,否,-,平台配送
圣比萨（平阳百悦广场店）,SBM00027,温州,"8016776089780004170	",饿了么,平台外卖,已完成,2025-10-24 16:56:37,2025-10-24 16:56:37,2025-10-24 16:56:38,饿了么支付-在线支付,,即时单,2025-10-24 16:56:37,10.80,手动出餐,1,否,"蛋挞1个（5.00*1）,【任选5件套】披萨意面我全都要（128.00*1）,餐盒（1.00*1）",蛋挞1个+招牌肉酱意面+大圣招牌大满贯披萨(7英寸(手拍))+明星小食桶B+芒果汁+柠檬茶,,,,非会员,24,,,套餐饮料不需要，别送/ 2份餐具,,133.00,34.67,85.61,0.00,0,0,4.77,0.00,3.50,【活动支出】单品特价:4.01元+【活动支出】单品特价:81.60元+【活动支出】替用户承担配送费:3.5元,-,-,-,1.00,温州区域,温州加盟,,,否,-,平台配送
圣比萨（平阳百悦广场店）,SBM00027,温州,"8003260255870682608	",饿了么,平台外卖,已完成,2025-10-24 16:57:11,2025-10-24 16:57:11,2025-10-24 16:57:11,饿了么支付-在线支付,,即时单,2025-10-24 16:57:11,10.13,手动出餐,1,否,新奥尔良烤鸡肉披萨7寸-单点（22.00*1）,新奥尔良烤鸡肉披萨【7英寸(手拍)】,,,,非会员,25,,,依据餐量提供餐具,,22.00,12.00,0.00,0.00,0,0,0.00,0.00,,【活动支出】拼团反圈活动:0.00元,-,-,-,0.00,温州区域,温州加盟,,,否,-,平台配送
圣比萨（平阳百悦广场店）,SBM00027,温州,"8090160255770319139	",饿了么,平台外卖,已完成,2025-10-24 16:59:19,2025-10-24 16:59:19,2025-10-24 16:59:19,饿了么支付-在线支付,,即时单,2025-10-24 16:59:19,9.12,手动出餐,1,否,"新奥尔良烤鸡肉披萨9英寸（78.00*1）,餐盒（2.00*1）",新奥尔良烤鸡肉披萨【9英寸(手拍)】,,,,非会员,26,,,依据餐量提供餐具,,78.00,19.14,47.40,0.00,0,0,3.11,0.00,6.80,【活动支出】店铺满减:1.00元+【活动支出】单品特价:38.40元+【活动支出】饿了么红包:8.00元+【活动支出】替用户承担配送费:6.0元,-,-,-,2.00,温州区域,温州加盟,,,否,-,平台配送
圣比萨（平阳百悦广场店）,SBM00027,温州,"8049636089783047591	",饿了么,平台外卖,已完成,2025-10-24 17:18:40,2025-10-24 17:18:40,2025-10-24 17:18:40,饿了么支付-在线支付,,即时单,2025-10-24 17:18:40,11.55,手动出餐,1,否,新奥尔良烤鸡肉披萨7寸-单点（22.00*1）,新奥尔良烤鸡肉披萨【7英寸(手拍)】,,,,非会员,27,,,依据餐量提供餐具,,22.00,12.00,0.00,0.00,0,0,0.00,0.00,,【活动支出】拼团反圈活动:0.00元,-,-,-,0.00,温州区域,温州加盟,,,否,-,平台配送
圣比萨（平阳百悦广场店）,SBM00027,温州,"8021896089784273265	",饿了么,平台外卖,已完成,2025-10-24 17:45:28,2025-10-24 17:45:28,2025-10-24 17:45:28,饿了么支付-在线支付,,即时单,2025-10-24 17:45:28,4.85,手动出餐,1,否,"番茄牛肉意面（52.00*1）,餐盒（2.00*1）",番茄牛肉意面,,,,非会员,28,,,依据餐量提供餐具,,52.00,13.70,32.40,0.00,0,0,1.95,0.00,3.50,【活动支出】单品特价:26.40元+【活动支出】饿了么红包:6.00元+【活动支出】替用户承担配送费:3.5元,-,-,-,2.00,温州区域,温州加盟,,,否,-,平台配送
圣比萨（平阳百悦广场店）,SBM00027,温州,"8072230255910046167	",饿了么,平台外卖,已完成,2025-10-24 17:58:04,2025-10-24 17:58:04,2025-10-24 17:58:04,饿了么支付-在线支付,,即时单,2025-10-24 17:58:04,18.87,手动出餐,1,否,"榴莲王披萨9英寸（92.00*1）,餐盒（2.00*1）",榴莲王披萨9英寸,,,,非会员,29,,,2份餐具,,92.00,29.20,52.40,0.00,0,0,4.05,0.00,3.50,【活动支出】店铺满减:1.00元+【活动支出】单品特价:42.40元+【活动支出】饿了么红包:9.00元+【活动支出】替用户承担配送费:3.5元,-,-,-,2.00,温州区域,温州加盟,,,否,-,平台配送
圣比萨（平阳百悦广场店）,SBM00027,温州,"8069936089784073609	",饿了么,平台外卖,已完成,2025-10-24 18:21:28,2025-10-24 18:21:28,2025-10-24 18:21:28,饿了么支付-在线支付,,即时单,2025-10-24 18:21:28,13.05,手动出餐,1,否,"奥尔良烤鸡肉披萨(7寸)-单点[{""name"":""规格"",""value"":""单点""}]（23.21*1）",新奥尔良烤鸡肉披萨【7英寸(手拍)】,,,,非会员,30,,,-,,23.21,13.21,0.00,0.00,0,0,0.00,0.00,,【活动支出】拼团反圈活动:0.00元,-,-,-,0.00,温州区域,温州加盟,,,否,-,平台配送
圣比萨（平阳百悦广场店）,SBM00027,温州,"8028766089824197983	",饿了么,平台外卖,已完成,2025-10-24 18:41:30,2025-10-24 18:41:30,2025-10-24 18:41:31,饿了么支付-在线支付,,即时单,2025-10-24 18:41:30,11.67,被动出餐,1,否,"圣比招牌披萨12英寸（109.00*1）,明星小食桶B（36.00*1）,餐盒（4.00*1）",大圣招牌大满贯披萨【12英寸(手拍)】+明星小食桶B,,,,非会员,31,,,3份餐具,,145.00,55.27,72.90,0.00,0,0,7.68,0.00,3.50,【活动支出】店铺满减:6.00元+【活动支出】单品特价:39.40元+【活动支出】单品特价:15.50元+【活动支出】饿了么红包:12.00元+【活动支出】替用户承担配送费:3.5元,-,-,-,4.00,温州区域,温州加盟,,,否,-,平台配送
圣比萨（平阳百悦广场店）,SBM00027,温州,"8088240256029967781	",饿了么,平台外卖,已完成,2025-10-24 18:44:02,2025-10-24 18:44:02,2025-10-24 18:44:03,饿了么支付-在线支付,,即时单,2025-10-24 18:44:02,12.55,手动出餐,1,否,"新奥尔良烤鸡肉披萨9英寸（78.00*1）,餐盒（2.00*1）",新奥尔良烤鸡肉披萨【9英寸(手拍)】,,,,非会员,32,,,不要沙拉酱 / 依据餐量提供餐具,,78.00,22.63,45.40,0.00,0,0,3.32,0.00,5.00,【活动支出】店铺满减:1.00元+【活动支出】单品特价:38.40元+【活动支出】 商家自营销加码:1.00元+【活动支出】超会爆红包省钱包:5.00元+【活动支出】替用户承担配送费:5.0元,-,-,-,2.00,温州区域,温州加盟,,,否,-,平台配送
圣比萨（平阳百悦广场店）,SBM00027,温州,"8076470255946279291	",饿了么,平台外卖,已完成,2025-10-24 18:48:41,2025-10-24 18:48:41,2025-10-24 18:48:42,饿了么支付-在线支付,,即时单,2025-10-24 18:48:41,9.93,手动出餐,1,否,新奥尔良烤鸡肉披萨7寸-单点（22.00*1）,新奥尔良烤鸡肉披萨【7英寸(手拍)】,,,,非会员,33,,,依据餐量提供餐具,,22.00,12.00,0.00,0.00,0,0,0.00,0.00,,【活动支出】拼团反圈活动:0.00元,-,-,-,0.00,温州区域,温州加盟,,,否,-,平台配送
圣比萨（平阳百悦广场店）,SBM00027,温州,"8015756089866676485	",饿了么,平台外卖,已完成,2025-10-24 19:24:56,2025-10-24 19:24:56,2025-10-24 19:24:56,饿了么支付-在线支付,,即时单,2025-10-24 19:24:56,9.45,手动出餐,1,否,7寸日系照烧鸡披萨-单点（22.00*1）,日系照烧鸡披萨【7英寸(手拍)】,,,,非会员,34,,,依据餐量提供餐具,,22.00,12.00,0.00,0.00,0,0,0.00,0.00,,【活动支出】拼团反圈活动:0.00元,-,-,-,0.00,温州区域,温州加盟,,,否,-,平台配送
圣比萨（平阳百悦广场店）,SBM00027,温州,"8041230256053388690	",饿了么,平台外卖,已完成,2025-10-24 19:28:23,2025-10-24 19:28:23,2025-10-24 19:28:23,饿了么支付-在线支付,,即时单,2025-10-24 19:28:23,11.45,手动出餐,1,否,"缤纷水果披萨9英寸（75.00*1）,柠檬茶[冷]（6.00*1）,金丝鸡排（10.88*1）,餐盒（4.00*1）",缤纷水果披萨【9英寸(手拍)】+柠檬茶+金丝鸡排,,,,非会员,35,,,无需餐具,,91.88,33.01,48.68,0.00,0,0,4.64,0.00,3.50,【活动支出】店铺满减:1.00元+【活动支出】单品特价:35.40元+【活动支出】单品特价:3.28元+【活动支出】饿了么红包:9.00元+【活动支出】替用户承担配送费:3.5元,-,-,-,4.00,温州区域,温州加盟,,,否,-,平台配送
圣比萨（平阳百悦广场店）,SBM00027,温州,"8095460255865842095	",饿了么,平台外卖,已完成,2025-10-24 19:31:54,2025-10-24 19:31:54,2025-10-24 19:31:54,饿了么支付-在线支付,,即时单,2025-10-24 19:31:54,13.67,手动出餐,1,否,"圣比招牌披萨9英寸（78.00*1）,餐盒（2.00*1）",大圣招牌大满贯披萨【9英寸(手拍)】,,,,非会员,36,,,依据餐量提供餐具,,78.00,32.85,29.40,0.00,0,0,5.00,0.00,6.80,【活动支出】店铺满减:1.00元+【活动支出】单品特价:28.40元+【活动支出】替用户承担配送费:6.0元,-,-,-,2.00,温州区域,温州加盟,,,否,-,平台配送
圣比萨（平阳百悦广场店）,SBM00027,温州,"8039586089833307553	",饿了么,平台外卖,已完成,2025-10-24 19:32:43,2025-10-24 19:32:43,2025-10-24 19:32:44,饿了么支付-在线支付,,即时单,2025-10-24 19:32:43,12.82,手动出餐,1,否,【任选5件套】披萨意面我全都要（128.00*1）,番茄牛肉意面+缤纷水果披萨(7英寸(手拍))+明星小食桶B+芒果汁+柠檬茶,,,,非会员,37,,,2份餐具,,128.00,33.49,81.60,0.00,0,0,4.56,0.00,3.50,【活动支出】单品特价:81.60元+【活动支出】替用户承担配送费:3.5元,-,-,-,0.00,温州区域,温州加盟,,,否,-,平台配送
圣比萨（平阳百悦广场店）,SBM00027,温州,"8028836089847255527	",饿了么,平台外卖,已完成,2025-10-24 19:41:40,2025-10-24 19:41:40,2025-10-24 19:41:40,饿了么支付-在线支付,,即时单,2025-10-24 19:41:40,9.15,手动出餐,1,否,新奥尔良烤鸡肉披萨7寸-拼团（20.60*1）,新奥尔良烤鸡肉披萨【7英寸(手拍)】,,,,非会员,38,,,依据餐量提供餐具,,20.60,12.00,0.00,0.00,0,0,0.00,0.00,,【活动支出】拼团反圈活动:0.00元,-,-,-,0.00,温州区域,温州加盟,,,否,-,平台配送
圣比萨（平阳百悦广场店）,SBM00027,温州,"8015666089858822623	",饿了么,平台外卖,已完成,2025-10-24 19:43:13,2025-10-24 19:43:13,2025-10-24 19:43:14,饿了么支付-在线支付,,即时单,2025-10-24 19:43:13,9.85,手动出餐,1,否,"全芝士披萨9英寸[9英寸]（68.00*1）,餐盒（2.00*1）",金牌芝士披萨【9英寸(手拍)】,,,,非会员,39,,,"不要敲门, 不要打电话, 放门口 / 依据餐量提供餐具",,68.00,19.66,40.40,0.00,0,0,2.79,0.00,3.50,【活动支出】店铺满减:1.00元+【活动支出】单品特价:30.40元+【活动支出】饿了么红包:9.00元+【活动支出】替用户承担配送费:3.5元,-,-,-,2.00,温州区域,温州加盟,,,否,-,平台配送
圣比萨（平阳百悦广场店）,SBM00027,温州,"8037606089860883848	",饿了么,平台外卖,已完成,2025-10-24 20:09:27,2025-10-24 20:09:27,2025-10-24 20:09:28,饿了么支付-在线支付,,即时单,2025-10-24 20:09:27,11.73,手动出餐,1,否,新奥尔良烤鸡肉披萨7寸-单点（22.00*1）,新奥尔良烤鸡肉披萨【7英寸(手拍)】,,,,非会员,40,,,无需餐具,,22.00,12.00,0.00,0.00,0,0,0.00,0.00,,【活动支出】拼团反圈活动:0.00元,-,-,-,0.00,温州区域,温州加盟,,,否,-,平台配送
圣比萨（平阳百悦广场店）,SBM00027,温州,"8079120255993850253	",饿了么,平台外卖,已完成,2025-10-24 20:19:48,2025-10-24 20:19:48,2025-10-24 20:19:48,饿了么支付-在线支付,,即时单,2025-10-24 20:19:48,13.37,手动出餐,1,否,"榴莲王披萨9英寸（92.00*1）,餐盒（2.00*1）",榴莲王披萨9英寸,,,,非会员,41,,,依据餐量提供餐具,,92.00,26.51,55.40,0.00,0,0,3.74,0.00,3.50,【活动支出】店铺满减:1.00元+【活动支出】单品特价:42.40元+【活动支出】饿了么红包:0.00元+【活动支出】饿了么红包:12.00元+【活动支出】替用户承担配送费:3.5元,-,-,-,2.00,温州区域,温州加盟,,,否,-,平台配送
圣比萨（平阳百悦广场店）,SBM00027,温州,"8004606089879289114	",饿了么,平台外卖,已完成,2025-10-24 20:52:32,2025-10-24 20:52:32,2025-10-24 20:52:32,饿了么支付-在线支付,,即时单,2025-10-24 20:52:32,11.27,手动出餐,1,否,新奥尔良烤鸡肉披萨7寸-单点（22.00*1）,新奥尔良烤鸡肉披萨【7英寸(手拍)】,,,,非会员,42,,,不要沙拉酱 / 依据餐量提供餐具,,22.00,12.00,0.00,0.00,0,0,0.00,0.00,,【活动支出】拼团反圈活动:0.00元,-,-,-,0.00,温州区域,温州加盟,,,否,-,平台配送
圣比萨（平阳百悦广场店）,SBM00027,温州,"8079310256002123143	",饿了么,平台外卖,已完成,2025-10-24 21:00:46,2025-10-24 21:00:46,2025-10-24 21:00:46,饿了么支付-在线支付,,即时单,2025-10-24 21:00:46,19.27,被动出餐,1,否,"【任选3件套】个人披萨意面焗饭套餐随心配（74.00*1）,餐盒（2.00*1）",明星小食桶B+可乐+新奥尔良烤鸡肉披萨(7英寸(手拍)),,,,非会员,43,,,依据餐量提供餐具,,74.00,22.94,41.50,0.00,0,0,3.31,0.00,5.60,【活动支出】店铺满减:1.00元+【活动支出】单品特价:31.50元+【活动支出】饿了么红包:9.00元+【活动支出】替用户承担配送费:5.6元,-,-,-,2.00,温州区域,温州加盟,,,否,-,平台配送
圣比萨（平阳百悦广场店）,SBM00027,温州,"8076120255907026348	",饿了么,平台外卖,已完成,2025-10-24 21:26:28,2025-10-24 21:26:28,2025-10-24 21:26:29,饿了么支付-在线支付,,即时单,2025-10-24 21:26:28,17.88,手动出餐,1,否,"【任选3件套】个人披萨意面焗饭套餐随心配（74.00*1）,餐盒（2.00*1）",明星小食桶B+芒果汁+番茄牛肉意面,,,,非会员,44,,,依据餐量提供餐具,,74.00,23.84,40.50,0.00,0,0,3.41,0.00,5.60,【活动支出】店铺满减:1.00元+【活动支出】单品特价:31.50元+【活动支出】饿了么红包:8.00元+【活动支出】替用户承担配送费:5.6元,-,-,-,2.00,温州区域,温州加盟,,,否,-,平台配送
圣比萨（平阳百悦广场店）,SBM00027,温州,"8039040256012267806	",饿了么,平台外卖,已完成,2025-10-24 21:37:01,2025-10-24 21:37:01,2025-10-24 21:37:02,饿了么支付-在线支付,,即时单,2025-10-24 21:37:01,14.53,手动出餐,1,否,"碳烤鸡肉培根披萨9英寸（78.00*1）,餐盒（2.00*1）",碳烤鸡肉培根披萨【9英寸(手拍)】,,,,非会员,45,,,对骑手楼是新建的再万达超市后面记得打电话 / 依据餐量提供餐具,,78.00,20.04,47.40,0.00,0,0,3.11,0.00,8.30,【活动支出】店铺满减:1.00元+【活动支出】单品特价:38.40元+【活动支出】CPS商户叠加券:0.00元+【活动支出】饿了么红包:8.00元+【活动支出】替用户承担配送费:6.0元,-,-,-,2.00,温州区域,温州加盟,,,否,-,平台配送
圣比萨（平阳百悦广场店）,SBM00027,温州,"8004536089906733458	",饿了么,平台外卖,已完成,2025-10-24 21:44:02,2025-10-24 21:44:02,2025-10-24 21:44:02,饿了么支付-在线支付,,即时单,2025-10-24 21:44:02,10.25,手动出餐,1,否,"招牌肉酱芝士焗饭（52.00*1）,餐盒（2.00*1）",招牌肉酱芝士焗饭,,,,非会员,46,,,依据餐量提供餐具,,52.00,13.20,32.40,0.00,0,0,1.95,0.00,5.60,【活动支出】单品特价:26.40元+【活动支出】饿了么红包:6.00元+【活动支出】替用户承担配送费:5.6元,-,-,-,2.00,温州区域,温州加盟,,,否,-,平台配送
圣比萨（黄龙店）,SBS00008,温州,"8072676089554372886	",饿了么,平台外卖,已完成,2025-10-24 10:11:18,2025-10-24 10:11:18,2025-10-24 10:11:18,饿了么支付-在线支付,,预约单,2025-10-24 11:25:00,28.70,自动出餐,1,否,"【任选】焗饭随心配（34.80*1）,餐盒（2.00*1）",不加一+碳烤鸡肉芝士焗饭+深海墨鱼丸(3个)+上校鸡块+小薯条+不加一+可乐,,,,非会员,1,,,放大门门卫窗前小台子上拍个照，打电话大概率接不了 / 无需餐具,,34.80,19.06,10.00,0.00,0,0,1.79,0.00,3.50,【活动支出】 商家自营销加码:0.00元+【活动支出】粉丝群:2.00元+【活动支出】饿了么红包:8.00元+【活动支出】替用户承担配送费:3.5元,-,-,-,2.00,温州区域,温州直营,,,否,-,平台配送
圣比萨（黄龙店）,SBS00008,温州,"8072120255690747162	",饿了么,平台外卖,已完成,2025-10-24 10:55:11,2025-10-24 10:55:11,2025-10-24 10:55:11,饿了么支付-在线支付,,即时单,2025-10-24 10:55:11,15.07,自动出餐,1,否,"新奥尔良烤鸡肉披萨-12英寸(手拍)[{""name"":""规格"",""value"":""12英寸(手拍)""}]（44.90*1）,圣比招牌披萨-12英寸(经典手拍)[{""name"":""规格"",""value"":""12英寸(经典手拍)""}]（109.00*1）,餐盒（4.00*1）",新奥尔良烤鸡肉披萨+大圣招牌大满贯披萨,,,,非会员,2,,,4份餐具,,153.90,68.29,70.10,0.00,0,0,6.36,0.00,3.50,【活动支出】店铺满减:6.00元+【活动支出】单品特价:52.10元+【活动支出】饿了么红包:12.00元+【活动支出】替用户承担配送费:3.5元,-,-,-,4.00,温州区域,温州直营,,,否,-,平台配送
圣比萨（黄龙店）,SBS00008,温州,"8066020255609043255	",饿了么,平台外卖,已完成,2025-10-24 11:13:12,2025-10-24 11:13:12,2025-10-24 11:13:12,饿了么支付-在线支付,,即时单,2025-10-24 11:13:12,19.87,手动出餐,1,否,"咕咕鸡薄脆披萨-双层[{""name"":""规格"",""value"":""双层""}]（123.00*1）,餐盒（2.00*1）",咕咕鸡薄脆披萨,,,,非会员,3,,,依据餐量提供餐具,,123.00,34.33,79.10,0.00,0,0,3.22,0.00,3.50,【活动支出】店铺满减:6.00元+【活动支出】单品特价:64.10元+【活动支出】饿了么红包:9.00元+【活动支出】替用户承担配送费:3.5元,-,-,-,2.00,温州区域,温州直营,,,否,-,平台配送
圣比萨（黄龙店）,SBS00008,温州,"8028526089643875614	",饿了么,平台外卖,已完成,2025-10-24 11:38:05,2025-10-24 11:38:05,2025-10-24 11:38:05,饿了么支付-在线支付,,即时单,2025-10-24 11:38:05,11.00,手动出餐,1,否,"缤纷水果披萨-7英寸(手拍)[{""name"":""规格"",""value"":""7英寸(手拍)""}]（42.00*1）,美式香骨鸡（8.90*1）,上校鸡块（4.90*1）,餐盒（3.00*1）",缤纷水果披萨+美式香骨鸡+上校鸡块,,,,非会员,4,,,依据餐量提供餐具,,55.80,23.92,26.10,0.00,0,0,2.23,0.00,3.50,【活动支出】店铺满减:1.00元+【活动支出】单品特价:16.10元+【活动支出】饿了么红包:9.00元+【活动支出】替用户承担配送费:3.5元,-,-,-,3.00,温州区域,温州直营,,,否,-,平台配送
圣比萨（黄龙店）,SBS00008,温州,"8014766089670830432	",饿了么,平台外卖,已完成,2025-10-24 12:17:53,2025-10-24 12:17:53,2025-10-24 12:17:53,饿了么支付-在线支付,,即时单,2025-10-24 12:17:53,9.62,手动出餐,1,否,"奥尔良烤翅（9.90*1）,奶酪芝士卷边（7英寸）（4.90*1）,经典薯条（8.90*1）,新奥尔良烤鸡肉披萨-7英寸(手拍)[{""name"":""规格"",""value"":""7英寸(手拍)""}]（23.90*1）,餐盒（4.00*1）",奥尔良烤翅+酸奶多多流心卷边9+经典薯条+新奥尔良烤鸡肉披萨,,,,非会员,5,,,依据餐量提供餐具,,47.60,30.95,10.00,0.00,0,0,2.90,0.00,3.50,【活动支出】店铺满减:1.00元+【活动支出】饿了么红包:9.00元+【活动支出】替用户承担配送费:3.5元,-,-,-,4.00,温州区域,温州直营,,,否,-,平台配送
圣比萨（黄龙店）,SBS00008,温州,"8007400255780583848	",饿了么,平台外卖,已完成,2025-10-24 12:44:41,2025-10-24 12:44:41,2025-10-24 12:44:41,饿了么支付-在线支付,,即时单,2025-10-24 12:44:41,7.67,手动出餐,1,否,"圣比招牌披萨-7英寸(经典手拍)[{""name"":""规格"",""value"":""7英寸(经典手拍)""}]（45.00*1）,餐盒（2.00*1）",大圣招牌大满贯披萨,,,,非会员,6,,,依据餐量提供餐具,,45.00,20.08,19.10,0.00,0,0,1.87,0.00,3.50,【活动支出】单品特价:11.10元+【活动支出】超会爆红包省钱包:8.00元+【活动支出】替用户承担配送费:3.5元,-,-,-,2.00,温州区域,温州直营,,,否,-,平台配送
圣比萨（黄龙店）,SBS00008,温州,"8009200255896572249	",饿了么,平台外卖,已完成,2025-10-24 13:40:13,2025-10-24 13:40:13,2025-10-24 13:40:13,饿了么支付-在线支付,,即时单,2025-10-24 13:40:13,15.18,自动出餐,1,否,"【任选】焗饭随心配（34.80*1）,点击右上角❤️收藏得小吃[墨鱼丸1个]（2.00*1）,餐盒（2.50*1）",不加一+招牌肉酱芝士焗饭+地道肠1根+上校鸡块+蛋挞1个+不加一+可乐+深海墨鱼丸1个,,,,非会员,7,,,依据餐量提供餐具,,36.80,19.62,11.90,0.00,0,0,1.83,0.00,3.50,【活动支出】单品特价:1.90元+【活动支出】粉丝群:2.00元+【活动支出】饿了么红包:8.00元+【活动支出】替用户承担配送费:3.5元,-,-,-,2.50,温州区域,温州直营,,,否,-,平台配送
圣比萨（黄龙店）,SBS00008,温州,"8078280255710498125	",饿了么,平台外卖,已完成,2025-10-24 14:02:20,2025-10-24 14:02:20,2025-10-24 14:02:21,饿了么支付-在线支付,,即时单,2025-10-24 14:02:20,14.13,手动出餐,1,否,"榴莲王披萨-9英寸(手拍)[{""name"":""规格"",""value"":""9英寸(手拍)""}]（92.00*1）,奶酪芝士卷边（9英寸）（6.90*1）,餐盒（1.00*1）",榴莲王披萨+奶酪芝士卷边9,,,,非会员,8,,,依据餐量提供餐具,,98.90,29.29,60.10,0.00,0,0,2.76,0.00,3.50,【活动支出】店铺满减:1.00元+【活动支出】单品特价:48.10元+【活动支出】粉丝群:2.00元+【活动支出】饿了么红包:9.00元+【活动支出】替用户承担配送费:3.5元,-,-,-,1.00,温州区域,温州直营,,,否,-,平台配送
圣比萨（黄龙店）,SBS00008,温州,"8024400255903593935	",饿了么,平台外卖,已完成,2025-10-24 14:06:34,2025-10-24 14:06:34,2025-10-24 14:06:34,饿了么支付-在线支付,,即时单,2025-10-24 14:06:34,15.02,自动出餐,1,否,"咸蛋黄风味流沙卷边（9英寸）（5.90*1）,金沙咸蛋黄嫩鸡披萨-9英寸(手拍)[{""name"":""规格"",""value"":""9英寸(手拍)""}]（41.90*1）,餐盒（1.00*1）",咸蛋黄流沙卷边9+金沙咸蛋黄嫩鸡披萨,,,,非会员,9,,,放门口不用敲门打电话告知即可 / 依据餐量提供餐具,,47.80,28.36,10.00,0.00,0,0,2.69,0.00,3.50,【活动支出】店铺满减:1.00元+【活动支出】饿了么红包:9.00元+【活动支出】替用户承担配送费:3.5元,-,-,-,1.00,温州区域,温州直营,,,否,-,平台配送
圣比萨（黄龙店）,SBS00008,温州,"8055876089709146383	",饿了么,平台外卖,已完成,2025-10-24 14:33:50,2025-10-24 14:33:50,2025-10-24 14:33:51,饿了么支付-在线支付,,即时单,2025-10-24 14:33:50,9.92,手动出餐,1,否,"奶酪芝士卷边（7英寸）（4.90*1）,榴莲王披萨-7英寸(经典手拍)[{""name"":""规格"",""value"":""7英寸(经典手拍)""}]（52.00*1）,餐盒（1.00*1）",酸奶多多流心卷边9+榴莲王披萨,,,,非会员,10,,,1份餐具,,56.90,23.09,26.10,0.00,0,0,2.16,0.00,3.50,【活动支出】店铺满减:1.00元+【活动支出】单品特价:18.10元+【活动支出】饿了么红包:7.00元+【活动支出】替用户承担配送费:3.5元,-,-,-,1.00,温州区域,温州直营,,,否,-,平台配送
圣比萨（黄龙店）,SBS00008,温州,"8044966089692477878	",饿了么,平台外卖,已完成,2025-10-24 15:02:58,2025-10-24 15:02:58,2025-10-24 15:02:58,饿了么支付-在线支付,,即时单,2025-10-24 15:02:58,13.93,手动出餐,1,否,"新奥尔良烤鸡肉披萨-12英寸(手拍)[{""name"":""规格"",""value"":""12英寸(手拍)""}]（44.90*1）,红薯薯泥流心卷边（12英寸）（8.90*1）,圣比招牌披萨-7英寸(经典手拍)[{""name"":""规格"",""value"":""7英寸(经典手拍)""}]（45.00*1）,餐盒（4.00*1）",新奥尔良烤鸡肉披萨+红薯泥流心卷边+大圣招牌大满贯披萨,,,,非会员,11,,,依据餐量提供餐具,,98.80,65.45,17.10,0.00,0,0,6.20,0.00,4.50,【活动支出】店铺满减:6.00元+【活动支出】单品特价:11.10元+【活动支出】替用户承担配送费:4.5元,-,-,-,4.00,温州区域,温州直营,,,否,-,平台配送
圣比萨（黄龙店）,SBS00008,温州,"8088440255753761155	",饿了么,平台外卖,已完成,2025-10-24 16:28:03,2025-10-24 16:28:03,2025-10-24 16:28:03,饿了么支付-在线支付,,即时单,2025-10-24 16:28:03,12.73,手动出餐,1,否,"圣比招牌披萨-7英寸(经典手拍)[{""name"":""规格"",""value"":""7英寸(经典手拍)""}]（45.00*1）,餐盒（2.00*1）",大圣招牌大满贯披萨,,,,非会员,12,,,依据餐量提供餐具,,45.00,22.26,16.10,0.00,0,0,2.09,0.00,3.50,【活动支出】单品特价:11.10元+【活动支出】饿了么红包:5.00元+【活动支出】替用户承担配送费:3.5元,-,-,-,2.00,温州区域,温州直营,,,否,-,平台配送
圣比萨（黄龙店）,SBS00008,温州,"8029536089782708623	",饿了么,平台外卖,已完成,2025-10-24 17:14:54,2025-10-24 17:14:54,2025-10-24 17:14:54,饿了么支付-在线支付,,即时单,2025-10-24 17:14:54,15.18,自动出餐,1,否,"可乐[常温]（6.00*1）,上校鸡块（4.90*1）,新奥尔良烤鸡肉披萨-7英寸(手拍)[{""name"":""规格"",""value"":""7英寸(手拍)""}]（23.90*1）,餐盒（3.00*1）",可乐+上校鸡块+新奥尔良烤鸡肉披萨,,,,非会员,13,,,1份餐具,,34.80,20.31,9.00,0.00,0,0,1.94,0.00,3.50,【活动支出】粉丝群:2.00元+【活动支出】饿了么红包:7.00元+【活动支出】替用户承担配送费:3.5元,-,-,-,3.00,温州区域,温州直营,,,否,-,平台配送
圣比萨（黄龙店）,SBS00008,温州,"8016490255780476225	",饿了么,平台外卖,已完成,2025-10-24 17:16:44,2025-10-24 17:16:44,2025-10-24 17:16:44,饿了么支付-在线支付,,即时单,2025-10-24 17:16:44,15.23,自动出餐,1,否,"明星小食桶B（19.90*1）,盒子披萨三选一[日式烧鸟风味]（29.00*1）,深海墨鱼丸-3个[{""name"":""规格"",""value"":""3个""}]（10.60*1）,【买一送一】买披萨送披萨[奥尔良鸡肉披萨7英寸+海苔肉松披萨7英寸]（86.80*1）,餐盒（3.00*1）",明星小食桶B+日式烧鸟风味一人食盒子披萨+深海墨鱼丸+新奥尔良烤鸡肉披萨【7英寸(手拍)】+海苔肉松披萨【7英寸(手拍)】,,,,非会员,14,,,依据餐量提供餐具,,146.30,68.52,60.60,0.00,0,0,6.43,0.00,3.50,【活动支出】店铺满减:1.00元+【活动支出】单品特价:4.70元+【活动支出】单品特价:54.90元+【活动支出】替用户承担配送费:3.5元,-,-,-,3.00,温州区域,温州直营,,,否,-,平台配送
圣比萨（黄龙店）,SBS00008,温州,"8001636089769869586	",饿了么,平台外卖,已完成,2025-10-24 17:28:19,2025-10-24 17:28:19,2025-10-24 17:28:19,饿了么支付-在线支付,,即时单,2025-10-24 17:28:19,13.97,手动出餐,1,否,"招牌肉酱意面（52.00*1）,点击右上角❤️收藏得小吃[上校鸡块2个]（2.00*1）,餐盒（1.50*1）",招牌肉酱意面+上校鸡块2个,,,,非会员,15,,,依据餐量提供餐具,,54.00,13.72,35.00,0.00,0,0,1.43,0.00,3.50,【活动支出】单品特价:26.10元+【活动支出】单品特价:1.90元+【活动支出】饿了么红包:7.00元+【活动支出】替用户承担配送费:3.5元,-,-,-,1.50,温州区域,温州直营,,,否,-,平台配送
圣比萨（黄龙店）,SBS00008,温州,"8012656089754428709	",饿了么,平台外卖,已完成,2025-10-24 17:32:18,2025-10-24 17:32:18,2025-10-24 17:32:19,饿了么支付-在线支付,,即时单,2025-10-24 17:32:18,22.20,"初始值, 无意义",1,否,"奶酪芝士卷边（12英寸）（8.90*1）,榴莲王披萨-12英寸(手拍)[{""name"":""规格"",""value"":""12英寸(手拍)""}]（129.00*1）,【新客福利】蛋挞一个（原味）（5.00*1）,餐盒（1.50*1）",奶酪芝士卷边+榴莲王披萨+蛋挞1个,,,,非会员,16,,,无需餐具,,142.90,37.79,94.11,0.00,0,0,3.55,0.00,3.50,【活动支出】店铺满减:6.00元+【活动支出】单品特价:72.10元+【活动支出】单品特价:4.01元+【活动支出】饿了么红包:12.00元+【活动支出】淘金币:0.00元+【活动支出】替用户承担配送费:3.5元,-,-,-,1.50,温州区域,温州直营,,,否,-,平台配送
圣比萨（黄龙店）,SBS00008,温州,"8016060255801504180	",饿了么,平台外卖,已完成,2025-10-24 17:45:10,2025-10-24 17:45:10,2025-10-24 17:45:11,饿了么支付-在线支付,,即时单,2025-10-24 17:45:10,22.03,自动出餐,1,否,"新奥尔良烤鸡肉披萨-7英寸(手拍)[{""name"":""规格"",""value"":""7英寸(手拍)""}]（23.90*1）,餐盒（2.00*1）",新奥尔良烤鸡肉披萨,,,,非会员,17,,,1份餐具,,23.90,12.12,7.00,0.00,0,0,1.43,0.00,3.50,【活动支出】饿了么红包:7.00元+【活动支出】替用户承担配送费:3.5元,-,-,-,2.00,温州区域,温州直营,,,否,-,平台配送
圣比萨（黄龙店）,SBS00008,温州,"8021546089787098483	",饿了么,平台外卖,已完成,2025-10-24 17:54:14,2025-10-24 17:54:14,2025-10-24 17:54:14,饿了么支付-在线支付,,即时单,2025-10-24 17:54:14,22.23,自动出餐,1,否,"新奥尔良烤鸡肉披萨-7英寸(手拍)[{""name"":""规格"",""value"":""7英寸(手拍)""}]（23.90*1）,餐盒（2.00*1）",新奥尔良烤鸡肉披萨,,,,非会员,18,,,依据餐量提供餐具,,23.90,8.32,9.00,0.00,0,0,1.43,0.00,5.60,【活动支出】 商家自营销加码:2.00元+【活动支出】粉丝群:2.00元+【活动支出】饿了么红包:5.00元+【活动支出】替用户承担配送费:5.6元,-,-,-,2.00,温州区域,温州直营,,,否,-,平台配送
圣比萨（黄龙店）,SBS00008,温州,"8092946089796025748	",饿了么,平台外卖,已完成,2025-10-24 17:56:50,2025-10-24 17:56:50,2025-10-24 17:56:50,饿了么支付-在线支付,,即时单,2025-10-24 17:56:50,22.08,自动出餐,1,否,"【任选】披萨随心配（54.50*1）,缤纷芝士挞-菠萝味[{""name"":""规格"",""value"":""菠萝味""}]（5.90*1）,餐盒（4.00*1）",缤纷芝士挞(香蕉味)+浪漫威尼斯披萨(7英寸(手拍))+奥尔良烤翅+上校鸡块+可乐+缤纷芝士挞,,,,非会员,19,,,1份餐具,,60.40,36.97,15.00,0.00,0,0,3.48,0.00,3.50,【活动支出】店铺满减:6.00元+【活动支出】饿了么红包:9.00元+【活动支出】替用户承担配送费:3.5元,-,-,-,4.00,温州区域,温州直营,,,否,-,平台配送
圣比萨（黄龙店）,SBS00008,温州,"8064516089795486033	",饿了么,平台外卖,已完成,2025-10-24 18:04:10,2025-10-24 18:04:10,2025-10-24 18:04:10,饿了么支付-在线支付,,即时单,2025-10-24 18:04:10,19.07,手动出餐,1,否,"【任选】披萨随心配（36.80*1）,餐盒（2.00*1）",不加一+新奥尔良烤鸡肉披萨(7英寸(手拍))+不加一+地道肠1根+可乐,,,,非会员,20,,,不要蔬菜，多点肉 / 1份餐具,,36.80,19.99,11.00,0.00,0,0,1.86,0.00,3.50,【活动支出】店铺满减:1.00元+【活动支出】超级会员专享红包:8.00元+【活动支出】 商家自营销加码:0.00元+【活动支出】粉丝群:2.00元+【活动支出】替用户承担配送费:3.5元,-,-,-,2.00,温州区域,温州直营,,,否,-,平台配送
圣比萨（黄龙店）,SBS00008,温州,"8013360255816653113	",饿了么,平台外卖,已完成,2025-10-24 18:17:11,2025-10-24 18:17:11,2025-10-24 18:17:11,饿了么支付-在线支付,,即时单,2025-10-24 18:17:11,13.03,手动出餐,1,否,"榴莲王披萨-9英寸(手拍)[{""name"":""规格"",""value"":""9英寸(手拍)""}]（92.00*1）,点击右上角❤️收藏得小吃[墨鱼丸1个]（2.00*1）,【新客福利】蛋挞一个（原味）（5.00*1）,餐盒（2.00*1）",榴莲王披萨+深海墨鱼丸1个+蛋挞1个,,,,非会员,21,,,"不要葱, 不要香菜 / 依据餐量提供餐具",,99.00,28.54,62.01,0.00,0,0,2.70,0.00,3.50,【活动支出】店铺满减:1.00元+【活动支出】单品特价:48.10元+【活动支出】单品特价:1.90元+【活动支出】单品特价:4.01元+【活动支出】 商家自营销加码:2.00元+【活动支出】饿了么红包:5.00元+【活动支出】替用户承担配送费:3.5元,-,-,-,2.00,温州区域,温州直营,,,否,-,平台配送
圣比萨（黄龙店）,SBS00008,温州,"8096430255925632477	",饿了么,平台外卖,已完成,2025-10-24 18:26:04,2025-10-24 18:26:04,2025-10-24 18:26:05,饿了么支付-在线支付,,即时单,2025-10-24 18:26:04,20.47,手动出餐,1,否,"7英寸披萨买一送一[奥尔良鸡肉披萨7英寸+圣比招牌披萨7英寸]（86.80*1）,美式香骨鸡（8.90*1）,地道肠（3.90*1）,川香脆皮翅根-2个[{""name"":""规格"",""value"":""2个""}]（12.90*1）,餐盒（5.00*1）",新奥尔良烤鸡肉披萨【7英寸(手拍)】+大圣招牌大满贯披萨【7英寸(手拍)】+美式香骨鸡+地道肠1根+川香脆皮大翅根,,,,非会员,22,,,依据餐量提供餐具,,112.50,41.18,62.90,0.00,0,0,3.87,0.00,3.50,【活动支出】店铺满减:6.00元+【活动支出】单品特价:44.90元+【活动支出】饿了么红包:12.00元+【活动支出】替用户承担配送费:3.5元,-,-,-,5.00,温州区域,温州直营,,,否,-,平台配送
圣比萨（黄龙店）,SBS00008,温州,"8090646089837628813	",饿了么,平台外卖,已完成,2025-10-24 18:42:24,2025-10-24 18:42:24,2025-10-24 18:42:24,饿了么支付-在线支付,,即时单,2025-10-24 18:42:24,11.20,手动出餐,1,否,"新奥尔良烤鸡肉披萨-7英寸(手拍)[{""name"":""规格"",""value"":""7英寸(手拍)""}]（23.90*1）,餐盒（2.00*1）",新奥尔良烤鸡肉披萨,,,,非会员,23,,,依据餐量提供餐具,,23.90,9.22,9.00,0.00,0,0,1.43,0.00,5.00,【活动支出】粉丝群:2.00元+【活动支出】饿了么红包:7.00元+【活动支出】替用户承担配送费:5.0元,-,-,-,2.00,温州区域,温州直营,,,否,-,平台配送
圣比萨（黄龙店）,SBS00008,温州,"8036606089806747112	",饿了么,平台外卖,已完成,2025-10-24 18:53:44,2025-10-24 18:53:44,2025-10-24 18:53:44,饿了么支付-在线支付,,即时单,2025-10-24 18:53:44,10.63,手动出餐,1,否,"新奥尔良烤鸡肉披萨-9英寸(手拍)[{""name"":""规格"",""value"":""9英寸(手拍)""}]（33.90*1）,圣比招牌披萨-9英寸(经典手拍)[{""name"":""规格"",""value"":""9英寸(经典手拍)""}]（78.00*1）,餐盒（4.00*1）",新奥尔良烤鸡肉披萨+大圣招牌大满贯披萨,,,,非会员,24,,,依据餐量提供餐具,,111.90,51.94,42.10,0.00,0,0,5.31,0.00,12.30,【活动支出】店铺满减:6.00元+【活动支出】单品特价:34.10元+【活动支出】粉丝群:2.00元+【活动支出】替用户承担配送费:6.0元,-,-,-,4.00,温州区域,温州直营,,,否,-,平台配送
圣比萨（黄龙店）,SBS00008,温州,"8009606089839405525	",饿了么,平台外卖,已完成,2025-10-24 19:11:01,2025-10-24 19:11:01,2025-10-24 19:11:02,饿了么支付-在线支付,,即时单,2025-10-24 19:11:01,8.23,手动出餐,1,否,"新奥尔良烤鸡肉披萨-7英寸(手拍)[{""name"":""规格"",""value"":""7英寸(手拍)""}]（23.90*1）,点击右上角❤️收藏得小吃[上校鸡块2个]（2.00*1）,餐盒（2.50*1）",新奥尔良烤鸡肉披萨+上校鸡块2个,,,,非会员,25,,,不要打电话，不要敲门，放门口拍照 / 依据餐量提供餐具,,25.90,12.72,8.90,0.00,0,0,1.43,0.00,3.50,【活动支出】单品特价:1.90元+【活动支出】 商家自营销加码:2.00元+【活动支出】饿了么红包:5.00元+【活动支出】替用户承担配送费:3.5元,-,-,-,2.50,温州区域,温州直营,,,否,-,平台配送
圣比萨（黄龙店）,SBS00008,温州,"8039736089829671335	",饿了么,平台外卖,已完成,2025-10-24 19:26:12,2025-10-24 19:26:12,2025-10-24 19:26:12,饿了么支付-在线支付,,即时单,2025-10-24 19:26:12,7.60,手动出餐,1,否,"新奥尔良烤鸡肉披萨-7英寸(手拍)[{""name"":""规格"",""value"":""7英寸(手拍)""}]（23.90*1）,餐盒（2.00*1）",新奥尔良烤鸡肉披萨,,,,非会员,26,,,"不要打电话，不要敲门，放门口就行,！ / 1份餐具",,23.90,12.12,7.00,0.00,0,0,1.43,0.00,3.50,【活动支出】饿了么红包:7.00元+【活动支出】替用户承担配送费:3.5元,-,-,-,2.00,温州区域,温州直营,,,否,-,平台配送
圣比萨（黄龙店）,SBS00008,温州,"8050586089849380154	",饿了么,平台外卖,已完成,2025-10-24 19:40:51,2025-10-24 19:40:51,2025-10-24 19:40:52,饿了么支付-在线支付,,即时单,2025-10-24 19:40:51,12.70,手动出餐,1,否,"【任选】意面随心配（31.90*1）,餐盒（2.00*1）",地道肠1根+上校鸡块+小薯条+不加一+招牌肉酱意面+可乐+不加一,,,,非会员,27,,,依据餐量提供餐具,,31.90,18.26,7.00,0.00,0,0,1.79,0.00,5.00,【活动支出】超级会员专享红包:5.00元+【活动支出】 商家自营销加码:2.00元+【活动支出】替用户承担配送费:5.0元,-,-,-,2.00,温州区域,温州直营,,,否,-,平台配送
圣比萨（黄龙店）,SBS00008,温州,"8078080255969837403	",饿了么,平台外卖,已完成,2025-10-24 19:55:41,2025-10-24 19:55:41,2025-10-24 19:55:41,饿了么支付-在线支付,,即时单,2025-10-24 19:55:41,10.15,手动出餐,1,否,"碳烤鸡肉培根披萨-7英寸(手拍)[{""name"":""规格"",""value"":""7英寸(手拍)""}]（25.90*1）,餐盒（1.00*1）",碳烤鸡肉培根披萨,,,,非会员,28,,,依据餐量提供餐具,,25.90,15.12,5.00,0.00,0,0,1.43,0.00,3.50,【活动支出】饿了么红包:5.00元+【活动支出】替用户承担配送费:3.5元,-,-,-,1.00,温州区域,温州直营,,,否,-,平台配送
圣比萨（黄龙店）,SBS00008,温州,"8007976089872615775	",饿了么,平台外卖,已完成,2025-10-24 20:13:46,2025-10-24 20:13:46,2025-10-24 20:13:47,饿了么支付-在线支付,,即时单,2025-10-24 20:13:46,15.07,自动出餐,1,否,"缤纷水果披萨-7英寸(手拍)[{""name"":""规格"",""value"":""7英寸(手拍)""}]（42.00*1）,【新客福利】蛋挞一个（原味）（5.00*1）,餐盒（1.50*1）",缤纷水果披萨+蛋挞1个,,,,非会员,29,,,1份餐具,,47.00,14.61,27.11,0.00,0,0,1.43,0.00,3.50,【活动支出】单品特价:16.10元+【活动支出】单品特价:4.01元+【活动支出】 商家自营销加码:2.00元+【活动支出】饿了么红包:5.00元+【活动支出】替用户承担配送费:3.5元,-,-,-,1.50,温州区域,温州直营,,,否,-,平台配送
圣比萨（黄龙店）,SBS00008,温州,"8009230256100364616	",饿了么,平台外卖,已完成,2025-10-24 21:32:10,2025-10-24 21:32:10,2025-10-24 21:32:11,饿了么支付-在线支付,,即时单,2025-10-24 21:32:10,12.65,手动出餐,1,否,"【肥宅快乐水】小可乐（5.00*2）,盐酥鸡粒（9.90*1）,圣比招牌披萨-7英寸(经典手拍)[{""name"":""规格"",""value"":""7英寸(经典手拍)""}]（45.00*1）,经典薯条（8.90*1）,餐盒（4.00*1）",小可乐+盐酥鸡粒+大圣招牌大满贯披萨+经典薯条,,,,非会员,30,,,依据餐量提供餐具,,73.80,39.85,24.10,0.00,0,0,3.80,0.00,5.60,【活动支出】店铺满减:6.00元+【活动支出】单品特价:11.10元+【活动支出】饿了么红包:7.00元+【活动支出】替用户承担配送费:5.6元,-,-,-,4.00,温州区域,温州直营,,,否,-,平台配送
圣比萨（黄龙店）,SBS00008,温州,"8089410256006577637	",饿了么,平台外卖,已完成,2025-10-24 21:38:45,2025-10-24 21:38:45,2025-10-24 21:38:45,饿了么支付-在线支付,,即时单,2025-10-24 21:38:45,7.83,手动出餐,1,否,"榴莲王披萨-7英寸(经典手拍)[{""name"":""规格"",""value"":""7英寸(经典手拍)""}]（52.00*1）,港式奶茶[热]（9.00*1）,餐盒（2.00*1）",榴莲王披萨+港式奶茶,,,,非会员,31,,,依据餐量提供餐具,,61.00,24.86,28.10,0.00,0,0,2.39,0.00,5.60,【活动支出】店铺满减:1.00元+【活动支出】单品特价:18.10元+【活动支出】饿了么红包:9.00元+【活动支出】替用户承担配送费:5.6元,-,-,-,2.00,温州区域,温州直营,,,否,-,平台配送
圣比萨（黄龙店）,SBS00008,温州,"8007906089883302358	",饿了么,平台外卖,已完成,2025-10-24 22:02:05,2025-10-24 22:02:05,2025-10-24 22:02:05,饿了么支付-在线支付,,即时单,2025-10-24 22:02:05,15.18,自动出餐,1,否,"榴莲王披萨-9英寸(手拍)[{""name"":""规格"",""value"":""9英寸(手拍)""}]（92.00*1）,奶酪芝士卷边（9英寸）（6.90*1）,餐盒（1.00*1）",榴莲王披萨+奶酪芝士卷边9,,,,非会员,32,,,依据餐量提供餐具,,98.90,30.64,58.10,0.00,0,0,2.91,0.00,5.60,【活动支出】店铺满减:1.00元+【活动支出】单品特价:48.10元+【活动支出】饿了么红包:9.00元+【活动支出】替用户承担配送费:5.6元,-,-,-,1.00,温州区域,温州直营,,,否,-,平台配送
圣比萨（黄龙店）,SBS00008,温州,"8012726089903197615	",饿了么,平台外卖,已完成,2025-10-24 22:02:20,2025-10-24 22:02:20,2025-10-24 22:02:20,饿了么支付-在线支付,,即时单,2025-10-24 22:02:20,15.18,自动出餐,1,否,"【随心拼】7英寸双拼披萨(口味自选）[水果+浪漫威尼斯]（26.90*1）,餐盒（2.00*1）",双拼7寸【缤纷水果口味7】+双拼7寸【浪漫威尼斯口味7】,,,,非会员,33,,,依据餐量提供餐具,,26.90,14.62,7.00,0.00,0,0,1.43,0.00,5.60,【活动支出】饿了么红包:7.00元+【活动支出】替用户承担配送费:5.6元,-,-,-,2.00,温州区域,温州直营,,,否,-,平台配送
圣比萨（黄龙店）,SBS00008,温州,"8081390255916016959	",饿了么,平台外卖,已完成,2025-10-24 22:07:26,2025-10-24 22:07:26,2025-10-24 22:07:26,饿了么支付-在线支付,,即时单,2025-10-24 22:07:26,15.08,自动出餐,1,否,"【随心拼】7英寸双拼披萨(口味自选）[浪漫威尼斯+浪漫威尼斯]（26.90*1）,餐盒（2.00*1）",双拼7寸【浪漫威尼斯口味7】+双拼7寸【浪漫威尼斯口味7】,,,,非会员,34,,,2份餐具,,26.90,14.62,7.00,0.00,0,0,1.43,0.00,5.60,【活动支出】超级会员专享红包:5.00元+【活动支出】 商家自营销加码:2.00元+【活动支出】替用户承担配送费:5.6元,-,-,-,2.00,温州区域,温州直营,,,否,-,平台配送
圣比萨（黄龙店）,SBS00008,温州,"8052646089921040759	",饿了么,平台外卖,已完成,2025-10-24 22:10:18,2025-10-24 22:10:18,2025-10-24 22:10:19,饿了么支付-在线支付,,即时单,2025-10-24 22:10:18,15.03,自动出餐,1,否,"翅薯组合（21.88*1）,奶酪芝士卷边（9英寸）（6.90*1）,芝士就是力量（7.00*1）,玉米沙拉披萨-9英寸(手拍)[{""name"":""规格"",""value"":""9英寸(手拍)""}]（33.90*1）,餐盒（4.00*1）",翅薯组合+奶酪芝士卷边9+芝士就是力量+玉米沙拉披萨,,,,非会员,35,,,依据餐量提供餐具,,69.68,41.68,18.00,0.00,0,0,3.95,0.00,5.60,【活动支出】店铺满减:6.00元+【活动支出】饿了么红包:12.00元+【活动支出】替用户承担配送费:5.6元,-,-,-,4.00,温州区域,温州直营,,,否,-,平台配送
圣比萨（黄龙店）,SBS00008,温州,"8050686089891730902	",饿了么,平台外卖,已完成,2025-10-24 22:32:39,2025-10-24 22:32:39,2025-10-24 22:32:40,饿了么支付-在线支付,,即时单,2025-10-24 22:32:39,9.47,手动出餐,1,否,"上校鸡块（4.90*1）,新奥尔良烤鸡肉披萨-7英寸(手拍)[{""name"":""规格"",""value"":""7英寸(手拍)""}]（23.90*1）,地道肠（3.90*1）,餐盒（4.00*1）",上校鸡块+新奥尔良烤鸡肉披萨+地道肠1根,,,,非会员,36,,,依据餐量提供餐具,,32.70,20.65,7.00,0.00,0,0,2.00,0.00,5.60,【活动支出】饿了么红包:7.00元+【活动支出】替用户承担配送费:5.6元,-,-,-,4.00,温州区域,温州直营,,,否,-,平台配送
圣比萨（宜山店）,SBS00019,温州,"8025686089587975677	",饿了么,平台外卖,已完成,2025-10-24 11:09:22,2025-10-24 11:09:22,2025-10-24 11:09:22,饿了么支付-在线支付,,即时单,2025-10-24 11:09:22,15.00,自动出餐,1,否,"碳烤鸡肉培根披萨-7英寸(手拍)[{""name"":""规格"",""value"":""7英寸(手拍)""}]（25.90*1）,餐盒（2.00*1）",碳烤鸡肉培根披萨,,,,非会员,1,,,自取自取 / 依据餐量提供餐具,,25.90,13.67,7.00,0.00,0,0,1.88,0.00,3.50,【活动支出】饿了么红包:7.00元+【活动支出】替用户承担配送费:3.5元,-,-,-,2.00,温州区域,温州直营,,,否,-,平台配送
圣比萨（宜山店）,SBS00019,温州,"8017430255778984423	",饿了么,平台外卖,已完成,2025-10-24 12:31:22,2025-10-24 12:31:22,2025-10-24 12:31:22,饿了么支付-在线支付,,即时单,2025-10-24 12:31:22,15.03,自动出餐,1,否,"【任选】买一送一7英寸披萨（54.70*1）,餐盒（2.00*1）",新奥尔良烤鸡肉披萨(7英寸(手拍))+新奥尔良烤鸡肉披萨(7英寸(手拍)),,,,非会员,2,,,对骑手后面一单元三楼放电梯口 / 依据餐量提供餐具,,54.70,33.76,10.00,0.00,0,0,4.59,0.00,3.50,【活动支出】店铺满减:1.00元+【活动支出】饿了么红包:9.00元+【活动支出】替用户承担配送费:3.5元,-,-,-,2.00,温州区域,温州直营,,,否,-,平台配送
圣比萨（宜山店）,SBS00019,温州,"8005576089679155672	",饿了么,平台外卖,已完成,2025-10-24 13:21:59,2025-10-24 13:21:59,2025-10-24 13:21:59,饿了么支付-在线支付,,即时单,2025-10-24 13:21:59,15.15,自动出餐,1,否,"点击右上角❤️收藏得小吃[墨鱼丸1个]（3.00*1）,新奥尔良烤鸡肉披萨-7英寸(手拍)[{""name"":""规格"",""value"":""7英寸(手拍)""}]（23.90*1）,蛋挞一个（原味）（3.90*1）,餐盒（2.50*1）",深海墨鱼丸1个+新奥尔良烤鸡肉披萨+蛋挞1个,,,,非会员,3,,,对骑手挂左边门把上我下去拿 / 依据餐量提供餐具,,30.80,13.30,12.81,0.00,0,0,1.84,0.00,3.50,【活动支出】单品特价:2.90元+【活动支出】单品特价:2.91元+【活动支出】 商家自营销加码:2.00元+【活动支出】饿了么红包:5.00元+【活动支出】替用户承担配送费:3.5元,-,-,-,2.50,温州区域,温州直营,,,否,-,平台配送
圣比萨（宜山店）,SBS00019,温州,"8006210255902940443	",饿了么,平台外卖,已完成,2025-10-24 14:05:17,2025-10-24 14:05:17,2025-10-24 14:05:17,饿了么支付-在线支付,,即时单,2025-10-24 14:05:17,15.08,自动出餐,1,否,"咖喱鸡肉芝士焗饭（25.90*1）,深海墨鱼丸-3个[{""name"":""规格"",""value"":""3个""}]（5.90*1）,餐盒（2.50*1）",咖喱鸡肉芝士焗饭+深海墨鱼丸,,,,非会员,4,,,依据餐量提供餐具,,31.80,18.19,6.00,0.00,0,0,2.66,0.00,5.00,【活动支出】饿了么红包:6.00元+【活动支出】替用户承担配送费:5.0元,-,-,-,2.50,温州区域,温州直营,,,否,-,平台配送
圣比萨（宜山店）,SBS00019,温州,"8094230255850426759	",饿了么,平台外卖,已完成,2025-10-24 15:38:06,2025-10-24 15:38:06,2025-10-24 15:38:06,饿了么支付-在线支付,,即时单,2025-10-24 15:38:06,15.12,"初始值, 无意义",1,否,"【任选】披萨随心配（31.90*1）,餐盒（2.00*1）",小可乐+小薯条+不加一+不加一+新奥尔良烤鸡肉披萨(7英寸(手拍)),,,,非会员,5,,,依据餐量提供餐具,,31.90,18.44,7.00,0.00,0,0,2.51,0.00,3.50,【活动支出】饿了么红包:7.00元+【活动支出】替用户承担配送费:3.5元,-,-,-,2.00,温州区域,温州直营,,,否,-,平台配送
圣比萨（宜山店）,SBS00019,温州,"8006896089727683889	",饿了么,平台外卖,已完成,2025-10-24 15:53:26,2025-10-24 15:53:26,2025-10-24 15:53:27,饿了么支付-在线支付,,即时单,2025-10-24 15:53:26,15.02,自动出餐,1,否,"【任选5件套】披萨意面我全都要（61.90*1）,餐盒（2.00*1）",芒果汁+小芬达+花果山披萨(7英寸(手拍))+番茄牛肉意面+明星小食桶A,,,,非会员,6,,,依据餐量提供餐具,,61.90,35.13,15.00,0.00,0,0,4.82,0.00,3.50,【活动支出】店铺满减:6.00元+【活动支出】饿了么红包:9.00元+【活动支出】替用户承担配送费:3.5元,-,-,-,2.00,温州区域,温州直营,,,否,-,平台配送
圣比萨（宜山店）,SBS00019,温州,"8059556089712988631	",饿了么,平台外卖,已完成,2025-10-24 16:11:41,2025-10-24 16:11:41,2025-10-24 16:11:41,饿了么支付-在线支付,,即时单,2025-10-24 16:11:41,15.10,自动出餐,1,否,"新奥尔良烤鸡肉披萨-7英寸(手拍)[{""name"":""规格"",""value"":""7英寸(手拍)""}]（23.90*1）,蛋挞一个（原味）（3.90*2）,餐盒（3.00*1）",新奥尔良烤鸡肉披萨+蛋挞1个,,,,非会员,7,,,依据餐量提供餐具,,31.70,16.55,9.91,0.00,0,0,2.29,0.00,3.50,【活动支出】单品特价:2.91元+【活动支出】饿了么红包:7.00元+【活动支出】替用户承担配送费:3.5元,-,-,-,3.00,温州区域,温州直营,,,否,-,平台配送
圣比萨（宜山店）,SBS00019,温州,"8052250255853184464	",饿了么,平台外卖,已完成,2025-10-24 16:14:02,2025-10-24 16:14:02,2025-10-24 16:14:02,饿了么支付-在线支付,,即时单,2025-10-24 16:14:02,15.17,自动出餐,1,否,"榴莲王披萨-9英寸(手拍)[{""name"":""规格"",""value"":""9英寸(手拍)""}]（43.90*1）,咸蛋黄风味流心卷边（9英寸）（6.90*1）,餐盒（2.00*1）",榴莲王披萨+咸蛋黄流沙卷边9,,,,非会员,8,,,依据餐量提供餐具,,50.80,31.17,9.00,0.00,0,0,4.28,0.00,3.50,【活动支出】店铺满减:1.00元+【活动支出】饿了么红包:8.00元+【活动支出】替用户承担配送费:3.5元,-,-,-,2.00,温州区域,温州直营,,,否,-,平台配送
圣比萨（宜山店）,SBS00019,温州,"8099666089747666209	",饿了么,平台外卖,已完成,2025-10-24 16:36:46,2025-10-24 16:36:46,2025-10-24 16:36:47,饿了么支付-在线支付,,即时单,2025-10-24 16:36:46,15.08,自动出餐,1,否,"榴莲王披萨-7英寸(手拍)[{""name"":""规格"",""value"":""7英寸(手拍)""}]（39.90*1）,餐盒（2.00*1）",榴莲王披萨,,,,非会员,9,,,1份餐具,,39.90,23.51,8.00,0.00,0,0,3.24,0.00,3.50,【活动支出】店铺满减:1.00元+【活动支出】 商家自营销加码:2.00元+【活动支出】饿了么红包:5.00元+【活动支出】替用户承担配送费:3.5元,-,-,-,2.00,温州区域,温州直营,,,否,-,平台配送
圣比萨（宜山店）,SBS00019,温州,"8011896089771742657	",饿了么,平台外卖,已完成,2025-10-24 16:46:46,2025-10-24 16:46:46,2025-10-24 16:46:46,饿了么支付-在线支付,,即时单,2025-10-24 16:46:46,15.20,自动出餐,1,否,"奶酪芝士卷边（7英寸）（4.90*1）,新奥尔良烤鸡肉披萨-7英寸(手拍)[{""name"":""规格"",""value"":""7英寸(手拍)""}]（23.90*1）,餐盒（2.00*1）",奶酪芝士卷边7+新奥尔良烤鸡肉披萨,,,,非会员,10,,,依据餐量提供餐具,,28.80,15.67,7.00,0.00,0,0,2.18,0.00,3.50,【活动支出】饿了么红包:7.00元+【活动支出】替用户承担配送费:3.5元,-,-,-,2.00,温州区域,温州直营,,,否,-,平台配送
圣比萨（宜山店）,SBS00019,温州,"8073936089773815118	",饿了么,平台外卖,已完成,2025-10-24 16:54:28,2025-10-24 16:54:28,2025-10-24 16:54:29,饿了么支付-在线支付,,即时单,2025-10-24 16:54:28,15.22,自动出餐,1,否,"【任选4件套】双人套餐（64.60*1）,餐盒（2.00*1）",明星小食桶B+港式奶茶+芒果汁+缤纷水果披萨(9英寸(手拍)),,,,非会员,11,,,依据餐量提供餐具,,64.60,38.44,14.00,0.00,0,0,5.21,0.00,4.00,【活动支出】店铺满减:6.00元+【活动支出】饿了么红包:8.00元+【活动支出】替用户承担配送费:4.0元,-,-,-,2.00,温州区域,温州直营,,,否,-,平台配送
圣比萨（宜山店）,SBS00019,温州,"8008000255959055722	",饿了么,平台外卖,已完成,2025-10-24 17:00:07,2025-10-24 17:00:07,2025-10-24 17:00:07,饿了么支付-在线支付,,即时单,2025-10-24 17:00:07,15.12,自动出餐,1,否,"【任选5件套】披萨意面我全都要（66.80*1）,餐盒（2.00*1）",小可乐+小可乐+日系照烧鸡披萨(7英寸(手拍))+招牌肉酱意面+明星小食桶A,,,,非会员,12,,,依据餐量提供餐具,,66.80,39.81,14.00,0.00,0,0,5.44,0.00,3.50,【活动支出】店铺满减:6.00元+【活动支出】饿了么红包:8.00元+【活动支出】替用户承担配送费:3.5元,-,-,-,2.00,温州区域,温州直营,,,否,-,平台配送
圣比萨（宜山店）,SBS00019,温州,"8085656089786245400	",饿了么,平台外卖,已完成,2025-10-24 17:14:47,2025-10-24 17:14:47,2025-10-24 17:14:47,饿了么支付-在线支付,,即时单,2025-10-24 17:14:47,15.15,自动出餐,1,否,"点击右上角❤️收藏得小吃[墨鱼丸1个]（3.00*1）,【随心❤️拼】7英寸双拼披萨（口味自选）[花果山+日系照烧鸡]（26.90*1）,餐盒（2.00*1）",深海墨鱼丸1个+双拼7寸【花果山口味7】+双拼7寸【日系照烧口味7】,,,,非会员,13,,,4份餐具,,29.90,14.65,9.90,0.00,0,0,2.00,0.00,3.50,【活动支出】单品特价:2.90元+【活动支出】 商家自营销加码:2.00元+【活动支出】饿了么红包:5.00元+【活动支出】替用户承担配送费:3.5元,-,-,-,2.00,温州区域,温州直营,,,否,-,平台配送
圣比萨（宜山店）,SBS00019,温州,"8058616089756428778	",饿了么,平台外卖,已完成,2025-10-24 17:35:35,2025-10-24 17:35:35,2025-10-24 17:35:35,饿了么支付-在线支付,,即时单,2025-10-24 17:35:35,15.02,自动出餐,1,否,"【任选】披萨随心配（37.70*1）,餐盒（2.00*1）",港式奶茶+蛋挞1个+不加一+不加一+缤纷水果披萨(7英寸(手拍)),,,,非会员,14,,,依据餐量提供餐具,,37.70,21.24,9.00,0.00,0,0,2.91,0.00,3.50,【活动支出】店铺满减:1.00元+【活动支出】饿了么红包:8.00元+【活动支出】替用户承担配送费:3.5元,-,-,-,2.00,温州区域,温州直营,,,否,-,平台配送
圣比萨（宜山店）,SBS00019,温州,"8082460255800204682	",饿了么,平台外卖,已完成,2025-10-24 17:47:37,2025-10-24 17:47:37,2025-10-24 17:47:37,饿了么支付-在线支付,,即时单,2025-10-24 17:47:37,15.00,自动出餐,1,否,"【任选】买一送一7英寸披萨（56.70*1）,餐盒（2.00*1）",榴莲王披萨(7英寸(手拍))+榴莲王披萨(7英寸(手拍)),,,,非会员,15,,,2份餐具,,56.70,34.95,10.00,0.00,0,0,4.80,0.00,3.50,【活动支出】店铺满减:1.00元+【活动支出】饿了么红包:9.00元+【活动支出】替用户承担配送费:3.5元,-,-,-,2.00,温州区域,温州直营,,,否,-,平台配送
圣比萨（宜山店）,SBS00019,温州,"8077776089791839588	",饿了么,平台外卖,已退款,2025-10-24 18:00:33,2025-10-24 18:00:33,2025-10-24 18:00:33,饿了么支付-在线支付,,即时单,2025-10-24 18:00:33,,未出餐,1,否,"新奥尔良烤鸡肉披萨-7英寸(手拍)[{""name"":""规格"",""value"":""7英寸(手拍)""}]（23.90*1）,酸奶多多流心卷边（7英寸）（4.90*1）,餐盒（2.00*1）",新奥尔良烤鸡肉披萨+酸奶多多流心卷边7,,,,非会员,16,,,1份餐具,订单强制无效（商家主动取消已接订单、用户1分钟内取消),28.80,-3.13,7.00,18.80,0,0,2.18,0.00,3.50,【活动支出】饿了么红包:7.00元+【活动支出】替用户承担配送费:3.5元,-,-,-,2.00,温州区域,温州直营,,,否,-,平台配送
圣比萨（宜山店）,SBS00019,温州,"8090190255840051616	",饿了么,平台外卖,已完成,2025-10-24 18:48:56,2025-10-24 18:48:56,2025-10-24 18:48:56,饿了么支付-在线支付,,即时单,2025-10-24 18:48:56,15.20,自动出餐,1,否,"【任选】披萨随心配（36.80*1）,餐盒（2.00*1）",小可乐+深海墨鱼丸(3个)+不加一+盐酥鸡米花小份+新奥尔良烤鸡肉披萨(7英寸(手拍)),,,,非会员,17,,,依据餐量提供餐具,,36.80,20.44,9.00,0.00,0,0,2.81,0.00,3.50,【活动支出】店铺满减:1.00元+【活动支出】饿了么红包:8.00元+【活动支出】替用户承担配送费:3.5元,-,-,-,2.00,温州区域,温州直营,,,否,-,平台配送
圣比萨（宜山店）,SBS00019,温州,"8059360255964775920	",饿了么,平台外卖,已完成,2025-10-24 19:38:38,2025-10-24 19:38:38,2025-10-24 19:38:38,饿了么支付-在线支付,,即时单,2025-10-24 19:38:38,15.12,自动出餐,1,否,"榴莲王披萨-7英寸(手拍)[{""name"":""规格"",""value"":""7英寸(手拍)""}]（39.90*1）,餐盒（2.00*1）",榴莲王披萨,,,,非会员,18,,,3份餐具,,39.90,22.32,10.00,0.00,0,0,3.03,0.00,3.50,【活动支出】店铺满减:1.00元+【活动支出】饿了么红包:9.00元+【活动支出】替用户承担配送费:3.5元,-,-,-,2.00,温州区域,温州直营,,,否,-,平台配送
圣比萨（宜山店）,SBS00019,温州,"8070776089874317683	",饿了么,平台外卖,已完成,2025-10-24 20:13:03,2025-10-24 20:13:03,2025-10-24 20:13:03,饿了么支付-在线支付,,即时单,2025-10-24 20:13:03,15.15,自动出餐,1,否,"新奥尔良烤鸡肉披萨-12英寸(手拍)[{""name"":""规格"",""value"":""12英寸(手拍)""}]（54.90*1）,餐盒（2.00*1）",新奥尔良烤鸡肉披萨,,,,非会员,19,,,依据餐量提供餐具,,54.90,33.04,10.00,0.00,0,0,4.61,0.00,4.50,【活动支出】店铺满减:1.00元+【活动支出】饿了么红包:9.00元+【活动支出】替用户承担配送费:4.5元,-,-,-,2.00,温州区域,温州直营,,,否,-,平台配送
圣比萨（宜山店）,SBS00019,温州,"8071776089878118870	",饿了么,平台外卖,已完成,2025-10-24 20:22:41,2025-10-24 20:22:41,2025-10-24 20:22:41,饿了么支付-在线支付,,即时单,2025-10-24 20:22:41,15.05,自动出餐,1,否,"【任选4件套】双人套餐（51.90*1）,餐盒（2.00*1）",明星小食桶A+小可乐+小可乐+新奥尔良烤鸡肉披萨(9英寸(手拍)),,,,非会员,20,,,依据餐量提供餐具,,51.90,27.37,13.00,0.00,0,0,3.98,0.00,5.60,【活动支出】店铺满减:1.00元+【活动支出】饿了么红包:12.00元+【活动支出】替用户承担配送费:5.6元,-,-,-,2.00,温州区域,温州直营,,,否,-,平台配送
圣比萨（宜山店）,SBS00019,温州,"8005786089881870599	",饿了么,平台外卖,已完成,2025-10-24 20:54:52,2025-10-24 20:54:52,2025-10-24 20:54:52,饿了么支付-在线支付,,即时单,2025-10-24 20:54:52,15.02,自动出餐,1,否,"【随心❤️拼】7英寸双拼披萨（口味自选）[新奥尔良烤鸡肉+新奥尔良烤鸡肉]（26.90*1）,餐盒（2.00*1）",双拼7寸【奥尔良口味7】+双拼7寸【奥尔良口味7】,,,,非会员,21,,,依据餐量提供餐具,,26.90,14.57,7.00,0.00,0,0,1.98,0.00,3.50,【活动支出】 商家自营销加码:2.00元+【活动支出】饿了么红包:5.00元+【活动支出】替用户承担配送费:3.5元,-,-,-,2.00,温州区域,温州直营,,,否,-,平台配送
圣比萨（宜山店）,SBS00019,温州,"8085330256009830736	",饿了么,平台外卖,已完成,2025-10-24 21:12:15,2025-10-24 21:12:15,2025-10-24 21:12:15,饿了么支付-在线支付,,即时单,2025-10-24 21:12:15,15.02,自动出餐,1,否,"新奥尔良烤鸡肉披萨-7英寸(手拍)[{""name"":""规格"",""value"":""7英寸(手拍)""}]（23.90*1）,餐盒（2.00*1）",新奥尔良烤鸡肉披萨,,,,非会员,22,,,依据餐量提供餐具,,23.90,11.38,7.00,0.00,0,0,1.67,0.00,5.60,【活动支出】 商家自营销加码:2.00元+【活动支出】饿了么红包:5.00元+【活动支出】替用户承担配送费:5.6元,-,-,-,2.00,温州区域,温州直营,,,否,-,平台配送
圣比萨（宜山店）,SBS00019,温州,"8061686089908147531	",饿了么,平台外卖,已完成,2025-10-24 21:28:30,2025-10-24 21:28:30,2025-10-24 21:28:30,饿了么支付-在线支付,,即时单,2025-10-24 21:28:30,15.03,自动出餐,1,否,"【任选】披萨随心配（31.90*1）,餐盒（2.00*1）",芒果汁+蛋挞1个+不加一+不加一+新奥尔良烤鸡肉披萨(7英寸(手拍)),,,,非会员,23,,,依据餐量提供餐具,,31.90,17.94,7.00,0.00,0,0,2.51,0.00,5.60,【活动支出】饿了么红包:7.00元+【活动支出】替用户承担配送费:5.6元,-,-,-,2.00,温州区域,温州直营,,,否,-,平台配送
圣比萨（宜山店）,SBS00019,温州,"8044636089898274082	",饿了么,平台外卖,已完成,2025-10-24 21:33:12,2025-10-24 21:33:12,2025-10-24 21:33:12,饿了么支付-在线支付,,即时单,2025-10-24 21:33:12,15.08,自动出餐,1,否,"【随心❤️拼】7英寸双拼披萨（口味自选）[新奥尔良烤鸡肉+缤纷水果]（26.90*1）,餐盒（2.00*1）",双拼7寸【奥尔良口味7】+双拼7寸【缤纷水果口味7】,,,,非会员,24,,,2份餐具,,26.90,14.07,7.00,0.00,0,0,1.98,0.00,5.60,【活动支出】 商家自营销加码:2.00元+【活动支出】饿了么红包:5.00元+【活动支出】替用户承担配送费:5.6元,-,-,-,2.00,温州区域,温州直营,,,否,-,平台配送
圣比萨（宜山店）,SBS00019,温州,"8036250256103388505	",饿了么,平台外卖,已完成,2025-10-24 21:35:50,2025-10-24 21:35:50,2025-10-24 21:35:50,饿了么支付-在线支付,,即时单,2025-10-24 21:35:50,15.03,自动出餐,1,否,"新奥尔良烤鸡肉披萨-7英寸(手拍)[{""name"":""规格"",""value"":""7英寸(手拍)""}]（23.90*1）,餐盒（2.00*1）",新奥尔良烤鸡肉披萨,,,,非会员,25,,,依据餐量提供餐具,,23.90,12.28,6.00,0.00,0,0,1.77,0.00,5.60,【活动支出】饿了么红包:6.00元+【活动支出】替用户承担配送费:5.6元,-,-,-,2.00,温州区域,温州直营,,,否,-,平台配送
圣比萨（宜山店）,SBS00019,温州,"8046080256100810049	",饿了么,平台外卖,已完成,2025-10-24 21:49:05,2025-10-24 21:49:05,2025-10-24 21:49:05,饿了么支付-在线支付,,即时单,2025-10-24 21:49:05,15.07,自动出餐,1,否,"新奥尔良烤鸡肉披萨-7英寸(手拍)[{""name"":""规格"",""value"":""7英寸(手拍)""}]（23.90*1）,餐盒（2.00*1）",新奥尔良烤鸡肉披萨,,,,非会员,26,,,依据餐量提供餐具,,23.90,11.38,7.00,0.00,0,0,1.67,0.00,5.60,【活动支出】饿了么红包:7.00元+【活动支出】替用户承担配送费:5.6元,-,-,-,2.00,温州区域,温州直营,,,否,-,平台配送
圣比萨（宜山店）,SBS00019,温州,"8089400256014177761	",饿了么,平台外卖,已完成,2025-10-24 21:56:59,2025-10-24 21:56:59,2025-10-24 21:57:00,饿了么支付-在线支付,,即时单,2025-10-24 21:56:59,15.02,自动出餐,1,否,"榴莲王披萨-7英寸(手拍)[{""name"":""规格"",""value"":""7英寸(手拍)""}]（39.90*1）,奥尔良烤翅（9.90*1）,餐盒（2.50*1）",榴莲王披萨+奥尔良烤翅,,,,非会员,27,,,依据餐量提供餐具,,49.80,29.92,10.00,0.00,0,0,4.13,0.00,5.60,【活动支出】店铺满减:1.00元+【活动支出】饿了么红包:9.00元+【活动支出】替用户承担配送费:5.6元,-,-,-,2.50,温州区域,温州直营,,,否,-,平台配送
圣比萨（宜山店）,SBS00019,温州,"8045070256113046898	",饿了么,平台外卖,已完成,2025-10-24 22:14:12,2025-10-24 22:14:12,2025-10-24 22:14:12,饿了么支付-在线支付,,即时单,2025-10-24 22:14:12,15.03,自动出餐,1,否,"【任选】买一送一7英寸披萨（58.60*1）,餐盒（2.00*1）",新奥尔良烤鸡肉披萨(7英寸(手拍))+碳烤鸡肉培根披萨(7英寸(手拍)),,,,非会员,28,,,1份餐具,,58.60,32.28,15.00,0.00,0,0,4.47,0.00,5.60,【活动支出】店铺满减:6.00元+【活动支出】饿了么红包:9.00元+【活动支出】替用户承担配送费:5.6元,-,-,-,2.00,温州区域,温州直营,,,否,-,平台配送
圣比萨（宜山店）,SBS00019,温州,"8047180256113398078	",饿了么,平台外卖,已完成,2025-10-24 22:27:54,2025-10-24 22:27:54,2025-10-24 22:27:55,饿了么支付-在线支付,,即时单,2025-10-24 22:27:54,15.12,自动出餐,1,否,"点击右上角❤️收藏得小吃[上校鸡块2个]（3.00*1）,大圣招牌大满贯披萨-12英寸(手拍)[{""name"":""规格"",""value"":""12英寸(手拍)""}]（66.90*1）,蛋挞一个（原味）（3.90*1）,薯饼3个（6.90*1）,餐盒（2.50*1）",上校鸡块2个+大圣招牌大满贯披萨+蛋挞1个+薯饼,,,,非会员,29,,,依据餐量提供餐具,,80.70,39.93,27.71,0.00,0,0,5.51,0.00,5.60,【活动支出】店铺满减:6.00元+【活动支出】单品特价:2.90元+【活动支出】单品特价:2.91元+【活动支出】单品特价:3.90元+【活动支出】饿了么红包:12.00元+【活动支出】替用户承担配送费:5.6元,-,-,-,2.50,温州区域,温州直营,,,否,-,平台配送
圣比萨（宜山店）,SBS00019,温州,"8025816089892795832	",饿了么,平台外卖,已完成,2025-10-24 22:33:58,2025-10-24 22:33:58,2025-10-24 22:33:58,饿了么支付-在线支付,,即时单,2025-10-24 22:33:58,15.20,自动出餐,1,否,"【任选】买一送一7英寸披萨（54.70*1）,餐盒（2.00*1）",缤纷水果披萨(7英寸(手拍))+日系照烧鸡披萨(7英寸(手拍)),,,,非会员,30,,,依据餐量提供餐具,,54.70,33.26,10.00,0.00,0,0,4.59,0.00,5.60,【活动支出】店铺满减:1.00元+【活动支出】饿了么红包:9.00元+【活动支出】替用户承担配送费:5.6元,-,-,-,2.00,温州区域,温州直营,,,否,-,平台配送
圣比萨（宜山店）,SBS00019,温州,"8088806089928070598	",饿了么,平台外卖,已完成,2025-10-24 22:35:37,2025-10-24 22:35:37,2025-10-24 22:35:38,饿了么支付-在线支付,,即时单,2025-10-24 22:35:37,15.10,自动出餐,1,否,"点击右上角❤️收藏得小吃[墨鱼丸1个]（3.00*1）,新奥尔良烤鸡肉披萨-7英寸(手拍)[{""name"":""规格"",""value"":""7英寸(手拍)""}]（23.90*1）,蛋挞一个（原味）（3.90*1）,餐盒（2.50*1）",深海墨鱼丸1个+新奥尔良烤鸡肉披萨+蛋挞1个,,,,非会员,31,,,依据餐量提供餐具,,30.80,12.80,12.81,0.00,0,0,1.84,0.00,5.60,【活动支出】单品特价:2.90元+【活动支出】单品特价:2.91元+【活动支出】饿了么红包:7.00元+【活动支出】替用户承担配送费:5.6元,-,-,-,2.50,温州区域,温州直营,,,否,-,平台配送
圣比萨（宜山店）,SBS00019,温州,"8023020256025738643	",饿了么,平台外卖,已完成,2025-10-24 22:45:09,2025-10-24 22:45:09,2025-10-24 22:45:09,饿了么支付-在线支付,,即时单,2025-10-24 22:45:09,15.10,自动出餐,1,否,"点击右上角❤️收藏得小吃[上校鸡块2个]（3.00*1）,【任选】披萨随心配（31.90*1）,蛋挞一个（原味）（3.90*1）,餐盒（2.50*1）",上校鸡块2个+柠檬茶+小薯条+不加一+不加一+碳烤鸡肉培根披萨(7英寸(手拍))+蛋挞1个,,,,非会员,32,,,放门口就行不要打电话 / 依据餐量提供餐具,,38.80,18.47,13.81,0.00,0,0,2.57,0.00,5.60,【活动支出】单品特价:2.90元+【活动支出】单品特价:2.91元+【活动支出】饿了么红包:8.00元+【活动支出】替用户承担配送费:5.6元,-,-,-,2.50,温州区域,温州直营,,,否,-,平台配送
圣比萨（塘下店）,SBM00005,温州,"8015566089489354022	",饿了么,平台外卖,已完成,2025-10-23 22:03:01,2025-10-23 22:03:01,2025-10-23 22:03:02,饿了么支付-在线支付,,预约单,2025-10-24 10:30:00,709.45,手动出餐,1,否,"7寸披萨8选1＋小吃6选1+饮料[碳烤鸡肉培根披萨7英寸+金丝鸡排1个+芒果汁(不可选热)+常温]（56.00*1）,餐盒（2.00*1）",金丝鸡排+芒果汁,,,,非会员,1,,,多放芝士，别加洋葱 / 依据餐量提供餐具,,56.00,19.12,28.70,0.00,0,0,1.97,0.00,4.00,【活动支出】单品特价:20.70元+【活动支出】饿了么红包:8.00元+【活动支出】替用户承担配送费:4.0元,-,-,-,2.00,温州区域,温州加盟,,,否,-,平台配送
圣比萨（塘下店）,SBM00005,温州,"8074976089546273237	",饿了么,平台外卖,已完成,2025-10-24 09:45:15,2025-10-24 09:45:15,2025-10-24 09:45:15,饿了么支付-在线支付,,预约单,2025-10-24 11:00:00,31.82,手动出餐,1,否,"经典薯条（18.00*1）,雀巢牛奶[热]（10.00*1）,缤纷水果披萨-7英寸[{""name"":""规格"",""value"":""7英寸""}]（42.00*1）,餐盒（4.00*1）",经典薯条+雀巢牛奶+缤纷水果披萨,,,,非会员,2,,,无需餐具,,70.00,24.94,35.10,0.00,0,0,2.69,0.00,6.20,【活动支出】店铺满减:1.00元+【活动支出】单品特价:6.00元+【活动支出】单品特价:17.10元+【活动支出】精准营销:2.00元+【活动支出】饿了么红包:9.00元+【活动支出】替用户承担配送费:6.0元,-,-,-,4.00,温州区域,温州加盟,,,否,-,平台配送
圣比萨（塘下店）,SBM00005,温州,"8022100255769091466	",饿了么,平台外卖,已完成,2025-10-24 10:35:04,2025-10-24 10:35:04,2025-10-24 10:35:04,饿了么支付-在线支付,,预约单,2025-10-24 15:55:00,281.83,手动出餐,1,否,"圣比至尊披萨-12英寸[{""name"":""规格"",""value"":""12英寸""}]（109.00*1）,牛肉至尊披萨-12英寸[{""name"":""规格"",""value"":""12英寸""}]（109.00*1）,餐盒（3.50*1）",大圣招牌大满贯披萨+炙热牛魔王披萨,,,,非会员,3,,,依据餐量提供餐具,,218.00,78.91,107.60,0.00,0,0,8.32,0.00,9.30,【活动支出】店铺满减:6.00元+【活动支出】单品特价:42.50元+【活动支出】单品特价:41.10元+【活动支出】精准营销:2.00元+【活动支出】饿了么红包:16.00元+【活动支出】替用户承担配送费:6.0元,-,-,-,3.50,温州区域,温州加盟,,,否,-,平台配送
圣比萨（塘下店）,SBM00005,温州,"8025586089587489135	",饿了么,平台外卖,已完成,2025-10-24 10:46:04,2025-10-24 10:46:04,2025-10-24 10:46:05,饿了么支付-在线支付,,即时单,2025-10-24 10:46:04,10.20,手动出餐,1,否,"7寸披萨8选1＋小吃6选1+饮料[奥尔良披萨7英寸+原味烤肠两根+可乐(不可选热)+冷]（56.00*1）,餐盒（2.00*1）",地道肠【1根】,,,,非会员,4,,,依据餐量提供餐具,,56.00,17.11,31.10,0.00,0,0,1.79,0.00,5.00,【活动支出】单品特价:21.10元+【活动支出】粉丝群:2.00元+【活动支出】饿了么红包:8.00元+【活动支出】替用户承担配送费:5.0元,-,-,-,2.00,温州区域,温州加盟,,,否,-,平台配送
圣比萨（塘下店）,SBM00005,温州,"8082826089546569113	",饿了么,平台外卖,已完成,2025-10-24 10:51:23,2025-10-24 10:51:23,2025-10-24 10:51:23,饿了么支付-在线支付,,即时单,2025-10-24 10:51:23,10.27,手动出餐,1,否,"黑椒牛肉芝士焗饭（46.80*1）,餐盒（2.00*1）",黑椒牛肉芝士焗饭,,,,非会员,5,,,1份餐具,,46.80,14.21,27.81,0.00,0,0,1.43,0.00,4.00,【活动支出】单品特价:20.81元+【活动支出】饿了么红包:7.00元+【活动支出】替用户承担配送费:4.0元,-,-,-,2.00,温州区域,温州加盟,,,否,-,平台配送
圣比萨（塘下店）,SBM00005,温州,"8041666089604485493	",饿了么,平台外卖,已完成,2025-10-24 11:26:19,2025-10-24 11:26:19,2025-10-24 11:26:20,饿了么支付-在线支付,,即时单,2025-10-24 11:26:19,10.18,手动出餐,1,否,"圣比至尊披萨-7英寸[{""name"":""规格"",""value"":""7英寸""}]（45.00*1）,餐盒（1.50*1）",大圣招牌大满贯披萨,,,,非会员,6,,,依据餐量提供餐具,,45.00,13.79,24.10,0.00,0,0,1.46,0.00,6.80,【活动支出】单品特价:17.10元+【活动支出】CPS商户叠加券:0.00元+【活动支出】饿了么红包:7.00元+【活动支出】淘金币:0.00元+【活动支出】替用户承担配送费:6.0元,-,-,-,1.50,温州区域,温州加盟,,,否,-,平台配送
圣比萨（塘下店）,SBM00005,温州,"8060536089597656544	",饿了么,平台外卖,已完成,2025-10-24 11:35:26,2025-10-24 11:35:26,2025-10-24 11:35:26,饿了么支付-在线支付,,即时单,2025-10-24 11:35:26,9.68,手动出餐,1,否,"咖喱鸡肉芝士焗饭（44.85*1）,餐盒（2.00*1）",咖喱鸡肉芝士焗饭,,,,非会员,7,,,依据餐量提供餐具,,44.85,14.12,25.95,0.00,0,0,1.43,0.00,3.50,【活动支出】单品特价:18.95元+【活动支出】饿了么红包:7.00元+【活动支出】替用户承担配送费:3.5元,-,-,-,2.00,温州区域,温州加盟,,,否,-,平台配送
圣比萨（塘下店）,SBM00005,温州,"8055996089635709434	",饿了么,平台外卖,已完成,2025-10-24 11:41:42,2025-10-24 11:41:42,2025-10-24 11:41:42,饿了么支付-在线支付,,即时单,2025-10-24 11:41:42,11.33,手动出餐,1,否,"新奥尔良烤鸡肉披萨-7英寸[{""name"":""规格"",""value"":""7英寸""}]（42.00*1）,餐盒（2.00*1）",新奥尔良烤鸡肉披萨,,,,非会员,8,,,"多放一点玉米粒谢谢
 / 1份餐具",,42.00,14.12,23.10,0.00,0,0,1.43,0.00,4.00,【活动支出】单品特价:16.10元+【活动支出】 商家自营销加码:2.00元+【活动支出】CPS商户叠加券:0.00元+【活动支出】饿了么红包:5.00元+【活动支出】替用户承担配送费:4.0元,-,-,-,2.00,温州区域,温州加盟,,,否,-,平台配送
圣比萨（塘下店）,SBM00005,温州,"8080876089644065240	",饿了么,平台外卖,已完成,2025-10-24 12:01:37,2025-10-24 12:01:37,2025-10-24 12:01:37,饿了么支付-在线支付,,即时单,2025-10-24 12:01:37,10.18,手动出餐,1,否,"新奥尔良烤鸡肉披萨-7英寸[{""name"":""规格"",""value"":""7英寸""}]（42.00*1）,餐盒（2.00*1）",新奥尔良烤鸡肉披萨,,,,非会员,9,,,不要葱 / 依据餐量提供餐具,,42.00,15.48,16.10,0.00,0,0,1.87,0.00,9.30,【活动支出】单品特价:16.10元+【活动支出】替用户承担配送费:6.0元,-,-,-,2.00,温州区域,温州加盟,,,否,-,平台配送
圣比萨（塘下店）,SBM00005,温州,"8025606089647921613	",饿了么,平台外卖,已完成,2025-10-24 12:16:05,2025-10-24 12:16:05,2025-10-24 12:16:06,饿了么支付-在线支付,,即时单,2025-10-24 12:16:05,10.22,手动出餐,1,否,"奥尔良烤翅（14.00*1）,7寸披萨8选1＋小吃6选1+饮料[缤纷水果披萨7英寸+芝士香蕉挞一个+芒果汁(不可选热)+常温]（56.00*1）,餐盒（4.00*1）",奥尔良烤翅+缤纷水果披萨【7英寸(手拍)】+缤纷芝士挞菠萝味+芒果汁,,,,非会员,10,,,依据餐量提供餐具,,70.00,26.42,35.45,0.00,0,0,2.67,0.00,3.50,【活动支出】店铺满减:1.00元+【活动支出】单品特价:2.35元+【活动支出】单品特价:21.10元+【活动支出】精准营销:2.00元+【活动支出】饿了么红包:9.00元+【活动支出】替用户承担配送费:3.5元,-,-,-,4.00,温州区域,温州加盟,,,否,-,平台配送
圣比萨（塘下店）,SBM00005,温州,"8068916089661049328	",饿了么,平台外卖,已完成,2025-10-24 12:17:50,2025-10-24 12:17:50,2025-10-24 12:17:50,饿了么支付-在线支付,,即时单,2025-10-24 12:17:50,10.85,手动出餐,1,否,"圣比至尊披萨-7英寸[{""name"":""规格"",""value"":""7英寸""}]（45.00*1）,餐盒（1.50*1）",大圣招牌大满贯披萨,,,,非会员,11,,,2份餐具,,45.00,15.59,24.10,0.00,0,0,1.46,0.00,3.50,【活动支出】单品特价:17.10元+【活动支出】饿了么红包:7.00元+【活动支出】替用户承担配送费:3.5元,-,-,-,1.50,温州区域,温州加盟,,,否,-,平台配送
圣比萨（塘下店）,SBM00005,温州,"8021390255874460971	",饿了么,平台外卖,已完成,2025-10-24 12:59:26,2025-10-24 12:59:26,2025-10-24 12:59:26,饿了么支付-在线支付,,即时单,2025-10-24 12:59:26,8.83,手动出餐,1,否,"任选焗饭4选1+小吃6选1+饮料[招牌肉酱芝士焗饭+金丝鸡排+芒果汁+冷]（62.00*1）,餐盒（1.00*1）",招牌肉酱芝士焗饭+金丝鸡排+芒果汁,,,,非会员,12,,,依据餐量提供餐具,,62.00,16.62,37.00,0.00,0,0,1.73,0.00,3.50,【活动支出】单品特价:27.00元+【活动支出】精准营销:2.00元+【活动支出】饿了么红包:8.00元+【活动支出】替用户承担配送费:3.5元,-,-,-,1.00,温州区域,温州加盟,,,否,-,平台配送
圣比萨（塘下店）,SBM00005,温州,"8077170255806313808	",饿了么,平台外卖,已完成,2025-10-24 13:27:46,2025-10-24 13:27:46,2025-10-24 13:27:47,饿了么支付-在线支付,,即时单,2025-10-24 13:27:46,9.03,手动出餐,1,否,"7寸披萨8选1＋小吃6选1+饮料[海苔肉松披萨7英寸+金丝鸡排1个+柠檬茶+常温]（56.00*1）,餐盒（2.00*1）",海苔肉松披萨【7英寸(手拍)】+金丝鸡排+柠檬茶,,,,非会员,13,,,依据餐量提供餐具,,56.00,27.18,20.70,0.00,0,0,2.57,0.00,3.50,【活动支出】单品特价:20.70元+【活动支出】替用户承担配送费:3.5元,-,-,-,2.00,温州区域,温州加盟,,,否,-,平台配送
圣比萨（塘下店）,SBM00005,温州,"8058250255825461580	",饿了么,平台外卖,已完成,2025-10-24 14:54:19,2025-10-24 14:54:19,2025-10-24 14:54:19,饿了么支付-在线支付,,即时单,2025-10-24 14:54:19,10.13,手动出餐,1,否,"奶香紫薯披萨-7英寸[{""name"":""规格"",""value"":""7英寸""}]（42.00*1）,芝士就是力量（10.00*1）,餐盒（1.00*1）",芝士就是力量,,,,非会员,14,,,依据餐量提供餐具,,52.00,17.93,25.50,0.00,0,0,1.84,0.00,3.50,【活动支出】单品特价:16.50元+【活动支出】精准营销:2.00元+【活动支出】饿了么红包:7.00元+【活动支出】替用户承担配送费:3.5元,-,-,-,1.00,温州区域,温州加盟,,,否,-,平台配送
圣比萨（塘下店）,SBM00005,温州,"8071140255923470832	",饿了么,平台外卖,已完成,2025-10-24 15:07:14,2025-10-24 15:07:14,2025-10-24 15:07:14,饿了么支付-在线支付,,即时单,2025-10-24 15:07:14,12.83,手动出餐,1,否,"缤纷水果披萨-7英寸[{""name"":""规格"",""value"":""7英寸""}]（42.00*1）,餐盒（2.00*1）",缤纷水果披萨,,,,非会员,15,,,2份餐具,,42.00,13.12,23.50,0.00,0,0,1.43,0.00,3.50,【活动支出】单品特价:16.50元+【活动支出】 商家自营销加码:2.00元+【活动支出】饿了么红包:5.00元+【活动支出】替用户承担配送费:3.5元,-,-,-,2.00,温州区域,温州加盟,,,否,-,平台配送
圣比萨（塘下店）,SBM00005,温州,"8028786089725460823	",饿了么,平台外卖,已完成,2025-10-24 15:18:55,2025-10-24 15:18:55,2025-10-24 15:18:56,饿了么支付-在线支付,,预约单,2025-10-24 16:35:00,29.82,手动出餐,1,否,"川香脆皮大翅根-2个[{""name"":""规格"",""value"":""2个""}]（22.00*1）,新奥尔良烤鸡肉披萨-7英寸[{""name"":""规格"",""value"":""7英寸""}]（42.00*1）,7英寸奶酪卷边（8.00*1）,可乐罐装[冷]（6.00*1）,披萨保温袋（1.00*1）,餐盒（3.00*1）",川香脆皮大翅根+新奥尔良烤鸡肉披萨,,,,非会员,16,,,依据餐量提供餐具,,79.00,39.38,26.10,0.00,0,0,3.97,0.00,6.20,【活动支出】店铺满减:6.00元+【活动支出】单品特价:4.60元+【活动支出】单品特价:15.50元+【活动支出】替用户承担配送费:6.0元,-,-,-,3.00,温州区域,温州加盟,,,否,-,平台配送
圣比萨（塘下店）,SBM00005,温州,"8064586089725988317	",饿了么,平台外卖,已完成,2025-10-24 15:29:42,2025-10-24 15:29:42,2025-10-24 15:29:42,饿了么支付-在线支付,,即时单,2025-10-24 15:29:42,9.62,手动出餐,1,否,"榴莲王披萨（金枕榴莲果肉真果肉看的见吃的到）-9英寸[{""name"":""规格"",""value"":""9英寸""}]（92.00*1）,餐盒（2.00*1）",榴莲王披萨,,,,非会员,17,,,2份餐具,,92.00,31.35,48.70,0.00,0,0,3.17,0.00,3.50,【活动支出】店铺满减:6.00元+【活动支出】单品特价:31.70元+【活动支出】精准营销:2.00元+【活动支出】饿了么红包:9.00元+【活动支出】替用户承担配送费:3.5元,-,-,-,2.00,温州区域,温州加盟,,,否,-,平台配送
圣比萨（塘下店）,SBM00005,温州,"8049320255932040530	",饿了么,平台外卖,已完成,2025-10-24 15:42:41,2025-10-24 15:42:41,2025-10-24 15:42:41,饿了么支付-在线支付,,即时单,2025-10-24 15:42:41,9.83,手动出餐,1,否,"7寸披萨买一送一[水果披萨7英寸+圣比至尊披萨7英寸]（74.00*1）,餐盒（2.00*1）",缤纷水果披萨【7英寸(手拍)】+大圣招牌大满贯披萨【7英寸(手拍)】,,,,非会员,18,,,5份餐具,,74.00,37.41,24.50,0.00,0,0,3.64,0.00,4.50,【活动支出】店铺满减:1.00元+【活动支出】单品特价:23.50元+【活动支出】替用户承担配送费:4.5元,-,-,-,2.00,温州区域,温州加盟,,,否,-,平台配送
圣比萨（塘下店）,SBM00005,温州,"8050390255858068831	",饿了么,平台外卖,已完成,2025-10-24 16:05:36,2025-10-24 16:05:36,2025-10-24 16:05:36,饿了么支付-在线支付,,即时单,2025-10-24 16:05:36,12.52,手动出餐,1,否,"圣比至尊披萨-9英寸[{""name"":""规格"",""value"":""9英寸""}]（75.00*1）,披萨保温袋（1.00*1）,榴莲王披萨（金枕榴莲果肉真果肉看的见吃的到）-7英寸[{""name"":""规格"",""value"":""7英寸""}]（52.00*1）,餐盒（3.50*1）",大圣招牌大满贯披萨+榴莲王披萨,,,,非会员,19,,,依据餐量提供餐具,,128.00,44.92,67.30,0.00,0,0,4.59,0.00,4.00,【活动支出】店铺满减:6.00元+【活动支出】单品特价:26.60元+【活动支出】单品特价:16.70元+【活动支出】粉丝群:2.00元+【活动支出】饿了么红包:16.00元+【活动支出】替用户承担配送费:4.0元,-,-,-,3.50,温州区域,温州加盟,,,否,-,平台配送
圣比萨（塘下店）,SBM00005,温州,"8099480255757001178	",饿了么,平台外卖,已完成,2025-10-24 16:36:41,2025-10-24 16:36:41,2025-10-24 16:36:42,饿了么支付-在线支付,,即时单,2025-10-24 16:36:41,14.13,手动出餐,1,否,"金边鲜虾菠萝披萨[红薯泥]（92.00*1）,招牌风味大香肠-原味香肠2根[{""name"":""规格"",""value"":""原味香肠2根""}]（11.00*1）,餐盒（4.00*1）","金边鲜虾菠萝披萨[红薯泥]+招牌风味大香肠-原味香肠2根[{""name"":""规格"",""value"":""原味香肠2根""}]+餐盒",,,,非会员,20,,,依据餐量提供餐具,,103.00,40.90,48.30,0.00,0,0,4.18,0.00,3.50,【活动支出】店铺满减:6.00元+【活动支出】单品特价:26.70元+【活动支出】单品特价:2.60元+【活动支出】精准营销红包:3.00元+【活动支出】饿了么红包:10.00元+【活动支出】替用户承担配送费:3.5元,-,-,-,4.00,温州区域,温州加盟,,,否,-,平台配送
圣比萨（塘下店）,SBM00005,温州,"8094030255866421548	",饿了么,平台外卖,已完成,2025-10-24 16:44:02,2025-10-24 16:44:02,2025-10-24 16:44:02,饿了么支付-在线支付,,即时单,2025-10-24 16:44:02,9.93,手动出餐,1,否,"奶香紫薯披萨-7英寸[{""name"":""规格"",""value"":""7英寸""}]（42.00*1）,餐盒（1.00*1）","奶香紫薯披萨-7英寸[{""name"":""规格"",""value"":""7英寸""}]+餐盒",,,,非会员,21,,,骑手不用打电话，拍个照就行 / 依据餐量提供餐具,,42.00,8.92,23.50,0.00,0,0,1.43,0.00,6.80,【活动支出】单品特价:16.50元+【活动支出】饿了么红包:7.00元+【活动支出】替用户承担配送费:6.0元,-,-,-,1.00,温州区域,温州加盟,,,否,-,平台配送
圣比萨（塘下店）,SBM00005,温州,"8040150255765657069	",饿了么,平台外卖,已完成,2025-10-24 17:01:17,2025-10-24 17:01:17,2025-10-24 17:01:18,饿了么支付-在线支付,,即时单,2025-10-24 17:01:17,11.13,手动出餐,1,否,"7英寸奶酪卷边（8.00*1）,榴莲王披萨（金枕榴莲果肉真果肉看的见吃的到）-7英寸[{""name"":""规格"",""value"":""7英寸""}]（52.00*1）,餐盒（2.00*1）",榴莲王披萨,,,,非会员,22,,,1份餐具,,60.00,23.78,26.70,0.00,0,0,2.42,0.00,3.50,【活动支出】店铺满减:1.00元+【活动支出】单品特价:16.70元+【活动支出】饿了么红包:9.00元+【活动支出】替用户承担配送费:3.5元,-,-,-,2.00,温州区域,温州加盟,,,否,-,平台配送
圣比萨（塘下店）,SBM00005,温州,"8034190255780101607	",饿了么,平台外卖,已完成,2025-10-24 17:16:38,2025-10-24 17:16:38,2025-10-24 17:16:38,饿了么支付-在线支付,,即时单,2025-10-24 17:16:38,10.35,手动出餐,1,否,"圣比至尊披萨-7英寸[{""name"":""规格"",""value"":""7英寸""}]（45.00*1）,餐盒（1.50*1）",大圣招牌大满贯披萨,,,,非会员,23,,,依据餐量提供餐具,,45.00,13.69,23.50,0.00,0,0,1.50,0.00,4.50,【活动支出】单品特价:16.50元+【活动支出】饿了么红包:7.00元+【活动支出】替用户承担配送费:4.5元,-,-,-,1.50,温州区域,温州加盟,,,否,-,平台配送
圣比萨（塘下店）,SBM00005,温州,"8011110255988412788	",饿了么,平台外卖,已完成,2025-10-24 17:39:22,2025-10-24 17:39:22,2025-10-24 17:39:22,饿了么支付-在线支付,,即时单,2025-10-24 17:39:22,8.77,手动出餐,1,否,"7寸披萨8选1＋小吃6选1+饮料[碳烤鸡肉培根披萨7英寸+金丝鸡排1个+柠檬茶+冷]（56.00*1）,餐盒（2.00*1）",金丝鸡排+柠檬茶,,,,非会员,24,,,依据餐量提供餐具,,56.00,19.12,28.70,0.00,0,0,1.97,0.00,3.50,【活动支出】单品特价:20.70元+【活动支出】饿了么红包:8.00元+【活动支出】替用户承担配送费:3.5元,-,-,-,2.00,温州区域,温州加盟,,,否,-,平台配送
圣比萨（塘下店）,SBM00005,温州,"8062856089800825296	",饿了么,平台外卖,已完成,2025-10-24 17:40:23,2025-10-24 17:40:23,2025-10-24 17:40:23,饿了么支付-在线支付,,即时单,2025-10-24 17:40:23,11.27,手动出餐,1,否,"榴莲王披萨（金枕榴莲果肉真果肉看的见吃的到）-9英寸[{""name"":""规格"",""value"":""9英寸""}]（92.00*1）,披萨保温袋（1.00*1）,餐盒（2.00*1）",榴莲王披萨,,,,非会员,25,,,2份餐具,,93.00,32.22,48.70,0.00,0,0,3.25,0.00,3.50,【活动支出】店铺满减:6.00元+【活动支出】单品特价:31.70元+【活动支出】精准营销:2.00元+【活动支出】饿了么红包:9.00元+【活动支出】替用户承担配送费:3.5元,-,-,-,2.00,温州区域,温州加盟,,,否,-,平台配送
圣比萨（塘下店）,SBM00005,温州,"8059180255798008216	",饿了么,平台外卖,已完成,2025-10-24 17:42:43,2025-10-24 17:42:43,2025-10-24 17:42:43,饿了么支付-在线支付,,即时单,2025-10-24 17:42:43,9.80,手动出餐,1,否,"新奥尔良烤鸡肉披萨-9英寸[{""name"":""规格"",""value"":""9英寸""}]（65.00*1）,披萨保温袋（1.00*1）,餐盒（2.00*1）",新奥尔良烤鸡肉披萨,,,,非会员,26,,,1份餐具,,66.00,23.99,29.50,0.00,0,0,2.66,0.00,5.60,【活动支出】店铺满减:1.00元+【活动支出】单品特价:18.50元+【活动支出】饿了么红包:10.00元+【活动支出】替用户承担配送费:5.6元,-,-,-,2.00,温州区域,温州加盟,,,否,-,平台配送
圣比萨（塘下店）,SBM00005,温州,"8076330255900441900	",饿了么,平台外卖,已完成,2025-10-24 17:46:59,2025-10-24 17:46:59,2025-10-24 17:46:59,饿了么支付-在线支付,,即时单,2025-10-24 17:46:59,8.57,手动出餐,1,否,"圣比至尊披萨-7英寸[{""name"":""规格"",""value"":""7英寸""}]（45.00*1）,餐盒（1.50*1）",大圣招牌大满贯披萨,,,,非会员,27,,,1份餐具,,45.00,14.59,23.50,0.00,0,0,1.50,0.00,4.00,【活动支出】单品特价:16.50元+【活动支出】饿了么红包:7.00元+【活动支出】替用户承担配送费:4.0元,-,-,-,1.50,温州区域,温州加盟,,,否,-,平台配送
圣比萨（塘下店）,SBM00005,温州,"8005000255998040363	",饿了么,平台外卖,已完成,2025-10-24 17:52:18,2025-10-24 17:52:18,2025-10-24 17:52:18,饿了么支付-在线支付,,即时单,2025-10-24 17:52:18,7.87,手动出餐,1,否,"招牌肉酱芝士焗饭（46.80*1）,餐盒（2.00*1）",招牌肉酱芝士焗饭,,,,非会员,28,,,依据餐量提供餐具,,46.80,13.21,28.21,0.00,0,0,1.43,0.00,3.50,【活动支出】单品特价:21.21元+【活动支出】饿了么红包:7.00元+【活动支出】替用户承担配送费:3.5元,-,-,-,2.00,温州区域,温州加盟,,,否,-,平台配送
圣比萨（塘下店）,SBM00005,温州,"8052140255910604156	",饿了么,平台外卖,已完成,2025-10-24 17:54:03,2025-10-24 17:54:03,2025-10-24 17:54:03,饿了么支付-在线支付,,即时单,2025-10-24 17:54:03,9.45,手动出餐,1,否,"圣比至尊披萨-7英寸[{""name"":""规格"",""value"":""7英寸""}]（45.00*1）,餐盒（1.50*1）",大圣招牌大满贯披萨,,,,非会员,29,,,依据餐量提供餐具,,45.00,15.55,23.50,0.00,0,0,1.50,0.00,3.50,【活动支出】单品特价:16.50元+【活动支出】CPS商户叠加券:0.00元+【活动支出】饿了么红包:7.00元+【活动支出】淘金币:0.00元+【活动支出】替用户承担配送费:3.5元,-,-,-,1.50,温州区域,温州加盟,,,否,-,平台配送
圣比萨（塘下店）,SBM00005,温州,"8068716089802885505	",饿了么,平台外卖,已完成,2025-10-24 18:06:44,2025-10-24 18:06:44,2025-10-24 18:06:45,饿了么支付-在线支付,,即时单,2025-10-24 18:06:44,9.03,手动出餐,1,否,"圣比萨至尊套餐[圣比招牌比萨7英寸+奥尔良烤翅1对+柠檬茶+冷]（60.00*1）,餐盒（2.00*1）",奥尔良烤翅+柠檬茶,,,,非会员,30,,,依据餐量提供餐具,,60.00,19.09,32.50,0.00,0,0,1.99,0.00,3.50,【活动支出】单品特价:24.50元+【活动支出】饿了么红包:8.00元+【活动支出】替用户承担配送费:3.5元,-,-,-,2.00,温州区域,温州加盟,,,否,-,平台配送
圣比萨（塘下店）,SBM00005,温州,"8089786089812698558	",饿了么,平台外卖,已完成,2025-10-24 18:23:37,2025-10-24 18:23:37,2025-10-24 18:23:37,饿了么支付-在线支付,,即时单,2025-10-24 18:23:37,12.47,手动出餐,1,否,"7英寸酸奶卷边（8.00*1）,披萨保温袋（1.00*1）,缤纷水果披萨-7英寸[{""name"":""规格"",""value"":""7英寸""}]（42.00*1）,餐盒（2.00*1）",缤纷水果披萨,,,,非会员,31,,,2份餐具,,51.00,19.09,23.50,0.00,0,0,1.99,0.00,4.50,【活动支出】单品特价:16.50元+【活动支出】饿了么红包:7.00元+【活动支出】替用户承担配送费:4.5元,-,-,-,2.00,温州区域,温州加盟,,,否,-,平台配送
圣比萨（塘下店）,SBM00005,温州,"8080410255947488734	",饿了么,平台外卖,已完成,2025-10-24 18:48:09,2025-10-24 18:48:09,2025-10-24 18:48:09,饿了么支付-在线支付,,即时单,2025-10-24 18:48:09,11.37,手动出餐,1,否,"7寸披萨8选1＋小吃6选1+饮料[浪漫威尼斯披萨7英寸+原味烤肠两根+可乐(不可选热)+冷]（56.00*1）,餐盒（2.00*1）",浪漫威尼斯披萨【7英寸(手拍)】+地道肠【1根】,,,,非会员,32,,,依据餐量提供餐具,,56.00,21.30,27.70,0.00,0,0,2.05,0.00,3.50,【活动支出】单品特价:20.70元+【活动支出】 商家自营销加码:2.00元+【活动支出】饿了么红包:5.00元+【活动支出】替用户承担配送费:3.5元,-,-,-,2.00,温州区域,温州加盟,,,否,-,平台配送
圣比萨（塘下店）,SBM00005,温州,"8085090255963572704	",饿了么,平台外卖,已完成,2025-10-24 19:29:28,2025-10-24 19:29:28,2025-10-24 19:29:29,饿了么支付-在线支付,,即时单,2025-10-24 19:29:28,13.22,手动出餐,1,否,"【5件套】9寸披萨+2种小食+2杯饮料[牛肉至尊披萨9英寸+深海墨鱼丸+原味烤肠两根+可乐+可乐罐装]（128.00*1）,披萨保温袋（1.00*1）,薯饼3个（12.00*1）,餐盒（2.00*1）",深海墨鱼丸【6个】+薯饼,,,,非会员,33,,,依据餐量提供餐具,,141.00,37.17,89.70,0.00,0,0,3.77,0.00,3.50,【活动支出】店铺满减:6.00元+【活动支出】单品特价:58.70元+【活动支出】单品特价:9.00元+【活动支出】精准营销红包:3.00元+【活动支出】饿了么红包:13.00元+【活动支出】替用户承担配送费:3.5元,-,-,-,2.00,温州区域,温州加盟,,,否,-,平台配送
圣比萨（塘下店）,SBM00005,温州,"8056050256060370223	",饿了么,平台外卖,已完成,2025-10-24 19:50:58,2025-10-24 19:50:58,2025-10-24 19:50:58,饿了么支付-在线支付,,即时单,2025-10-24 19:50:58,10.95,手动出餐,1,否,"圣比至尊披萨-7英寸[{""name"":""规格"",""value"":""7英寸""}]（45.00*1）,餐盒（1.50*1）",大圣招牌大满贯披萨,,,,非会员,34,,,1份餐具,,45.00,15.55,23.50,0.00,0,0,1.50,0.00,3.50,【活动支出】单品特价:16.50元+【活动支出】 商家自营销加码:2.00元+【活动支出】饿了么红包:5.00元+【活动支出】替用户承担配送费:3.5元,-,-,-,1.50,温州区域,温州加盟,,,否,-,平台配送
圣比萨（塘下店）,SBM00005,温州,"8014470256064791964	",饿了么,平台外卖,已完成,2025-10-24 20:02:51,2025-10-24 20:02:51,2025-10-24 20:02:51,饿了么支付-在线支付,,即时单,2025-10-24 20:02:51,10.15,手动出餐,1,否,新奥尔良烤鸡肉披萨7寸-单点（22.00*1）,新奥尔良烤鸡肉披萨【7英寸(手拍)】,,,,非会员,35,,,依据餐量提供餐具,,22.00,12.00,0.00,0.00,0,0,0.00,0.00,,【活动支出】拼团反圈活动:0.00元,-,-,-,0.00,温州区域,温州加盟,,,否,-,平台配送
圣比萨（塘下店）,SBM00005,温州,"8031470255986220513	",饿了么,平台外卖,已完成,2025-10-24 20:15:37,2025-10-24 20:15:37,2025-10-24 20:15:38,饿了么支付-在线支付,,即时单,2025-10-24 20:15:37,7.52,手动出餐,1,否,"7英寸咸蛋黄卷边（10.00*1）,缤纷水果披萨-7英寸[{""name"":""规格"",""value"":""7英寸""}]（42.00*1）,餐盒（2.00*1）",缤纷水果披萨,,,,非会员,36,,,对骑手 不要打电话不要敲门，放在鞋架上拍照就行 / 依据餐量提供餐具,,52.00,19.09,24.50,0.00,0,0,1.99,0.00,3.50,【活动支出】单品特价:16.50元+【活动支出】饿了么红包:8.00元+【活动支出】替用户承担配送费:3.5元,-,-,-,2.00,温州区域,温州加盟,,,否,-,平台配送
圣比萨（塘下店）,SBM00005,温州,"8070836089879774544	",饿了么,平台外卖,已完成,2025-10-24 20:35:20,2025-10-24 20:35:20,2025-10-24 20:35:21,饿了么支付-在线支付,,即时单,2025-10-24 20:35:20,12.18,手动出餐,1,否,"披萨保温袋（1.00*1）,缤纷水果披萨-7英寸[{""name"":""规格"",""value"":""7英寸""}]（42.00*1）,餐盒（2.00*1）",缤纷水果披萨,,,,非会员,37,,,依据餐量提供餐具,,43.00,14.12,23.50,0.00,0,0,1.43,0.00,3.50,【活动支出】单品特价:16.50元+【活动支出】 商家自营销加码:2.00元+【活动支出】超会爆红包省钱包:5.00元+【活动支出】替用户承担配送费:3.5元,-,-,-,2.00,温州区域,温州加盟,,,否,-,平台配送
圣比萨（塘下店）,SBM00005,温州,"8096876089863825667	",饿了么,平台外卖,已完成,2025-10-24 20:47:44,2025-10-24 20:47:44,2025-10-24 20:47:45,饿了么支付-在线支付,,即时单,2025-10-24 20:47:44,9.45,手动出餐,1,否,"7寸披萨8选1＋小吃6选1+饮料[奶香紫薯披萨7英寸+鸡肉串2串+牛奶+热]（56.00*1）,餐盒（2.00*1）",地道肠【1根】+雀巢牛奶,,,,非会员,38,,,1份餐具,,56.00,19.12,28.70,0.00,0,0,1.97,0.00,3.50,【活动支出】单品特价:20.70元+【活动支出】饿了么红包:8.00元+【活动支出】替用户承担配送费:3.5元,-,-,-,2.00,温州区域,温州加盟,,,否,-,平台配送
圣比萨（塘下店）,SBM00005,温州,"8011220255897341292	",饿了么,平台外卖,已完成,2025-10-24 20:52:44,2025-10-24 20:52:44,2025-10-24 20:52:45,饿了么支付-在线支付,,即时单,2025-10-24 20:52:44,7.47,手动出餐,1,否,"圣比至尊披萨-7英寸[{""name"":""规格"",""value"":""7英寸""}]（45.00*1）,餐盒（1.50*1）",大圣招牌大满贯披萨,,,,非会员,39,,,依据餐量提供餐具,,45.00,12.76,25.50,0.00,0,0,1.43,0.00,3.50,【活动支出】单品特价:16.50元+【活动支出】精准营销:2.00元+【活动支出】饿了么红包:7.00元+【活动支出】替用户承担配送费:3.5元,-,-,-,1.50,温州区域,温州加盟,,,否,-,平台配送
圣比萨（塘下店）,SBM00005,温州,"8027596089897925043	",饿了么,平台外卖,已完成,2025-10-24 21:22:16,2025-10-24 21:22:16,2025-10-24 21:22:17,饿了么支付-在线支付,,即时单,2025-10-24 21:22:16,11.90,手动出餐,1,否,"7寸披萨8选1＋小吃6选1+饮料[奥尔良披萨7英寸+上校鸡块一份+可乐(不可选热)+常温]（56.00*1）,餐盒（2.00*1）",上校鸡块,,,,非会员,40,,,依据餐量提供餐具,,56.00,16.29,27.70,0.00,0,0,2.05,0.00,8.90,【活动支出】单品特价:20.70元+【活动支出】饿了么红包:7.00元+【活动支出】饿了么红包:0.00元+【活动支出】替用户承担配送费:6.0元,-,-,-,2.00,温州区域,温州加盟,,,否,-,平台配送
圣比萨（塘下店）,SBM00005,温州,"8078986089872545148	",饿了么,平台外卖,已完成,2025-10-24 21:28:23,2025-10-24 21:28:23,2025-10-24 21:28:23,饿了么支付-在线支付,,即时单,2025-10-24 21:28:23,11.85,手动出餐,1,否,"金边缤纷水果披萨[紫薯泥]（92.00*1）,奥尔良烤翅（14.00*1）,蛋挞（10.00*1）,餐盒（5.00*1）",奥尔良烤翅+蛋挞,,,,非会员,41,,,1份餐具,,116.00,47.13,52.35,0.00,0,0,4.92,0.00,5.60,【活动支出】店铺满减:6.00元+【活动支出】单品特价:28.70元+【活动支出】单品特价:1.75元+【活动支出】单品特价:1.90元+【活动支出】饿了么红包:14.00元+【活动支出】替用户承担配送费:5.6元,-,-,-,5.00,温州区域,温州加盟,,,否,-,平台配送
圣比萨（塘下店）,SBM00005,温州,"8012090256024021281	",饿了么,平台外卖,已完成,2025-10-24 22:12:21,2025-10-24 22:12:21,2025-10-24 22:12:21,饿了么支付-在线支付,,即时单,2025-10-24 22:12:21,10.13,手动出餐,1,否,"盐酥鸡粒（21.00*1）,台式香烤地道肠（7.50*1）,新奥尔良烤鸡肉披萨-9英寸[{""name"":""规格"",""value"":""9英寸""}]（65.00*1）,香烤鸡翅-4只[{""name"":""规格"",""value"":""4只""}]（30.00*1）,可乐罐装[冷]（6.00*1）,餐盒（6.00*1）",盐酥鸡粒+地道肠1根+新奥尔良烤鸡肉披萨+香烤鸡翅,,,,非会员,42,,,依据餐量提供餐具,,129.50,58.10,48.40,0.00,0,0,6.31,0.00,8.90,【活动支出】店铺满减:6.00元+【活动支出】单品特价:7.40元+【活动支出】单品特价:18.50元+【活动支出】单品特价:4.50元+【活动支出】饿了么红包:12.00元+【活动支出】替用户承担配送费:6.0元,-,-,-,6.00,温州区域,温州加盟,,,否,-,平台配送
圣比萨（塘下店）,SBM00005,温州,"8052596089916551570	",饿了么,平台外卖,已完成,2025-10-24 22:25:37,2025-10-24 22:25:37,2025-10-24 22:25:37,饿了么支付-在线支付,,即时单,2025-10-24 22:25:37,9.20,手动出餐,1,否,"披萨保温袋（1.00*1）,肉酱烤肠披萨-7英寸[{""name"":""规格"",""value"":""7英寸""}]（45.00*1）,餐盒（2.00*1）","披萨保温袋+肉酱烤肠披萨-7英寸[{""name"":""规格"",""value"":""7英寸""}]+餐盒",,,,非会员,43,,,依据餐量提供餐具,,46.00,14.94,23.50,0.00,0,0,1.61,0.00,6.60,【活动支出】单品特价:16.50元+【活动支出】 商家自营销加码:2.00元+【活动支出】饿了么红包:5.00元+【活动支出】替用户承担配送费:6.0元,-,-,-,2.00,温州区域,温州加盟,,,否,-,平台配送
圣比萨（塘下店）,SBM00005,温州,"8071716089914771847	",饿了么,平台外卖,已完成,2025-10-24 22:29:50,2025-10-24 22:29:50,2025-10-24 22:29:51,饿了么支付-在线支付,,即时单,2025-10-24 22:29:50,9.45,手动出餐,1,否,"芝士焗饭一人食套餐[碳烤鸡肉芝士焗饭+爱心鸡排一个+奶茶+热]（62.00*1）,餐盒（2.00*1）",碳烤鸡肉芝士焗饭+港式奶茶,,,,非会员,44,,,依据餐量提供餐具,,62.00,19.09,36.20,0.00,0,0,1.86,0.00,5.60,【活动支出】单品特价:27.20元+【活动支出】 商家自营销加码:2.00元+【活动支出】粉丝群:2.00元+【活动支出】饿了么红包:5.00元+【活动支出】替用户承担配送费:5.6元,-,-,-,2.00,温州区域,温州加盟,,,否,-,平台配送
圣比萨（塘下店）,SBM00005,温州,"8014796089925196256	",饿了么,平台外卖,已完成,2025-10-24 22:51:55,2025-10-24 22:51:55,2025-10-24 22:51:56,饿了么支付-在线支付,,即时单,2025-10-24 22:51:55,9.68,手动出餐,1,否,"玉米沙拉披萨-7英寸[{""name"":""规格"",""value"":""7英寸""}]（39.00*1）,意面4选1+小吃5选1+饮料[黑椒牛肉意面+圆薯饼3个+可乐+冷]（62.00*1）,餐盒（3.00*1）",玉米沙拉披萨+黑椒牛肉意面+小可乐,,,,非会员,45,,,依据餐量提供餐具,,101.00,29.06,55.50,0.00,0,0,3.41,0.00,10.10,【活动支出】店铺满减:6.00元+【活动支出】单品特价:13.50元+【活动支出】单品特价:27.00元+【活动支出】饿了么红包:9.00元+【活动支出】替用户承担配送费:6.0元,-,-,-,3.00,温州区域,温州加盟,,,否,-,平台配送
圣比萨（塘下店）,SBM00005,温州,"8096666089895589262	",饿了么,平台外卖,已完成,2025-10-24 22:56:02,2025-10-24 22:56:02,2025-10-24 22:56:02,饿了么支付-在线支付,,即时单,2025-10-24 22:56:02,10.40,手动出餐,1,否,"7英寸奶酪卷边（8.00*1）,玉米沙拉披萨-7英寸[{""name"":""规格"",""value"":""7英寸""}]（39.00*1）,蛋挞（10.00*1）,餐盒（3.00*1）",玉米沙拉披萨+蛋挞,,,,非会员,46,,,依据餐量提供餐具,,57.00,20.98,26.40,0.00,0,0,2.30,0.00,5.60,【活动支出】店铺满减:1.00元+【活动支出】单品特价:13.50元+【活动支出】单品特价:1.90元+【活动支出】精准营销:2.00元+【活动支出】饿了么红包:8.00元+【活动支出】替用户承担配送费:5.6元,-,-,-,3.00,温州区域,温州加盟,,,否,-,平台配送
圣比萨·披萨·炸鸡（滨海一店）,SBM00002,盐城,"8019646089738066312	",饿了么,平台外卖,已完成,2025-10-24 14:52:58,2025-10-24 14:52:58,2025-10-24 14:52:58,饿了么支付-在线支付,,即时单,2025-10-24 14:52:58,10.13,自动出餐,1,否,"免费送小吃（每单限一份）[墨鱼丸1个]（0.00*1）,新奥尔良烤鸡肉披萨-9英寸[{""name"":""规格"",""value"":""9英寸""}]（36.90*1）,蛋挞一个（原味）（6.90*1）,餐盒（1.50*1）",深海墨鱼丸1个+新奥尔良烤鸡肉披萨+蛋挞1个,,,,非会员,1,,,"不要敲门, 不要打电话，直接放门口，谢谢 / 依据餐量提供餐具",,43.80,16.72,12.91,0.00,0,0,3.62,0.00,6.00,【活动支出】店铺满减:1.00元+【活动支出】单品特价:5.91元+【活动支出】饿了么红包:5.00元+【活动支出】精准营销:1.00元+【活动支出】替用户承担配送费:6.0元,-,-,-,1.50,江苏区域,江苏直营店,,,否,-,平台配送
圣比萨·披萨·炸鸡（滨海一店）,SBM00002,盐城,"8033516089704070507	",饿了么,平台外卖,已完成,2025-10-24 15:44:09,2025-10-24 15:44:09,2025-10-24 15:44:10,饿了么支付-在线支付,,即时单,2025-10-24 15:44:09,10.08,自动出餐,1,否,"【随心❤️拼】7英寸双拼披萨（口味自选）[水果+奥尔良鸡肉]（29.90*1）,餐盒（2.00*1）",双拼7寸【缤纷水果口味7】+双拼7寸【奥尔良口味7】,,,,非会员,2,,,1份餐具,,29.90,15.05,6.00,0.00,0,0,2.55,0.00,5.00,【活动支出】超级会员专享红包:5.00元+【活动支出】精准营销:1.00元+【活动支出】替用户承担配送费:5.0元,-,-,-,2.00,江苏区域,江苏直营店,,,否,-,平台配送
圣比萨·披萨·炸鸡（滨海一店）,SBM00002,盐城,"8075320255963003389	",饿了么,平台外卖,已完成,2025-10-24 17:00:22,2025-10-24 17:00:22,2025-10-24 17:00:23,饿了么支付-在线支付,,即时单,2025-10-24 17:00:22,10.18,自动出餐,1,否,"红薯薯泥流心卷边（9英寸）（6.90*1）,免费送小吃（每单限一份）[墨鱼丸1个]（0.00*1）,大圣小鸡肉串（20串）（9.90*1）,蛋挞一个（原味）（6.90*1）,榴莲王披萨-9英寸(手拍)[{""name"":""规格"",""value"":""9英寸(手拍)""}]（46.90*1）,餐盒（1.50*1）",红薯泥流心卷边9+深海墨鱼丸1个+大圣小鸡肉串（20串）+蛋挞1个+榴莲王披萨,,,,非会员,3,,,依据餐量提供餐具,,70.60,37.82,13.91,0.00,0,0,5.77,0.00,5.00,【活动支出】店铺满减:3.00元+【活动支出】单品特价:5.91元+【活动支出】饿了么红包:5.00元+【活动支出】替用户承担配送费:5.0元,-,-,-,1.50,江苏区域,江苏直营店,,,否,-,平台配送
圣比萨·披萨·炸鸡（滨海一店）,SBM00002,盐城,"8035926089755861458	",饿了么,平台外卖,已完成,2025-10-24 17:05:41,2025-10-24 17:05:41,2025-10-24 17:05:41,饿了么支付-在线支付,,即时单,2025-10-24 17:05:41,10.08,自动出餐,1,否,"芝士焗红薯泥（10.90*1）,蛋挞一个（原味）（6.90*2）,日系照烧鸡披萨-7英寸(手拍)[{""name"":""规格"",""value"":""7英寸(手拍)""}]（28.90*1）,餐盒（2.50*1）",芝士焗红薯泥+蛋挞1个+日系照烧鸡披萨,,,,非会员,4,,,请放在打卡机上，请注意是二号门，不是最大的门 / 1份餐具,,53.60,26.05,11.91,0.00,0,0,4.49,0.00,7.00,【活动支出】店铺满减:1.00元+【活动支出】单品特价:5.91元+【活动支出】超会爆红包省钱包:5.00元+【活动支出】替用户承担配送费:7.0元,-,-,-,2.50,江苏区域,江苏直营店,,,否,-,平台配送
圣比萨·披萨·炸鸡（滨海一店）,SBM00002,盐城,"8006050256006495561	",饿了么,平台外卖,已完成,2025-10-24 18:04:51,2025-10-24 18:04:51,2025-10-24 18:04:52,饿了么支付-在线支付,,即时单,2025-10-24 18:04:51,12.05,自动出餐,1,否,"咸蛋黄风味流沙卷边（9英寸）（5.90*1）,碳烤鸡肉培根披萨-9英寸(手拍)[{""name"":""规格"",""value"":""9英寸(手拍)""}]（36.90*1）,餐盒（1.00*1）",咸蛋黄流沙卷边9+碳烤鸡肉培根披萨,,,,非会员,5,,,无需餐具,,42.80,24.50,6.00,0.00,0,0,3.50,0.00,5.00,【活动支出】店铺满减:1.00元+【活动支出】饿了么红包:5.00元+【活动支出】替用户承担配送费:5.0元,-,-,-,1.00,江苏区域,江苏直营店,,,否,-,平台配送
圣比萨·披萨·炸鸡（滨海一店）,SBM00002,盐城,"8091450256017894911	",饿了么,平台外卖,已完成,2025-10-24 18:29:58,2025-10-24 18:29:58,2025-10-24 18:29:59,饿了么支付-在线支付,,即时单,2025-10-24 18:29:58,12.23,自动出餐,1,否,"缤纷水果披萨-12英寸(手拍)[{""name"":""规格"",""value"":""12英寸(手拍)""}]（51.90*1）,餐盒（1.00*1）",缤纷水果披萨,,,,非会员,6,,,3份餐具,,51.90,30.72,6.00,0.00,0,0,4.23,0.00,6.00,【活动支出】店铺满减:1.00元+【活动支出】饿了么红包:5.00元+【活动支出】替用户承担配送费:6.0元,-,-,-,1.00,江苏区域,江苏直营店,,,否,-,平台配送
圣比萨·披萨·炸鸡（滨海一店）,SBM00002,盐城,"8083190255856008466	",饿了么,平台外卖,已完成,2025-10-24 19:13:08,2025-10-24 19:13:08,2025-10-24 19:13:08,饿了么支付-在线支付,,即时单,2025-10-24 19:13:08,12.07,自动出餐,1,否,"榴莲王披萨-7英寸(经典手拍)[{""name"":""规格"",""value"":""7英寸(经典手拍)""}]（36.90*1）,多加玉米（2.00*1）,新奥尔良烤鸡肉披萨-7英寸[{""name"":""规格"",""value"":""7英寸""}]（28.90*1）,经典薯条（7.00*1）,餐盒（2.50*1）",榴莲王披萨+多加玉米+新奥尔良烤鸡肉披萨+经典薯条,,,,非会员,7,,,3份餐具,,74.80,47.72,8.00,0.00,0,0,6.18,0.00,5.00,【活动支出】店铺满减:3.00元+【活动支出】吃货豆兑换的商家券:5.00元+【活动支出】替用户承担配送费:5.0元,-,-,-,2.50,江苏区域,江苏直营店,,,否,-,平台配送
圣比萨·披萨·炸鸡（滨海一店）,SBM00002,盐城,"8038410255898643734	",饿了么,平台外卖,已完成,2025-10-24 21:02:35,2025-10-24 21:02:35,2025-10-24 21:02:36,饿了么支付-在线支付,,预约单,2025-10-24 21:40:00,3.10,自动出餐,1,否,"免费送小吃（每单限一份）[墨鱼丸1个]（0.00*1）,新奥尔良烤鸡肉披萨-7英寸[{""name"":""规格"",""value"":""7英寸""}]（28.90*1）,餐盒（1.00*1）",深海墨鱼丸1个+新奥尔良烤鸡肉披萨,,,,非会员,8,,,依据餐量提供餐具,,28.90,14.41,5.00,0.00,0,0,2.39,0.00,6.00,【活动支出】饿了么红包:5.00元+【活动支出】替用户承担配送费:6.0元,-,-,-,1.00,江苏区域,江苏直营店,,,否,-,平台配送
圣比萨·披萨·炸鸡（滨海一店）,SBM00002,盐城,"8070400256018281777	",饿了么,平台外卖,已完成,2025-10-24 21:53:15,2025-10-24 21:53:15,2025-10-24 21:53:15,饿了么支付-在线支付,,即时单,2025-10-24 21:53:15,10.23,自动出餐,1,否,"碳烤鸡肉培根披萨-7英寸(手拍)[{""name"":""规格"",""value"":""7英寸(手拍)""}]（28.90*1）,红薯薯泥流心卷边（7英寸）（4.90*1）,餐盒（1.00*1）",碳烤鸡肉培根披萨+红薯泥流心卷边7,,,,非会员,9,,,依据餐量提供餐具,,33.80,18.22,5.00,0.00,0,0,2.78,0.00,6.00,【活动支出】饿了么红包:5.00元+【活动支出】替用户承担配送费:6.0元,-,-,-,1.00,江苏区域,江苏直营店,,,否,-,平台配送
圣比萨·披萨·炸鸡（滨海一店）,SBM00002,盐城,"8029100256013605254	",饿了么,平台外卖,已完成,2025-10-24 21:55:04,2025-10-24 21:55:04,2025-10-24 21:55:04,饿了么支付-在线支付,,即时单,2025-10-24 21:55:04,10.18,自动出餐,1,否,"榴莲王披萨-7英寸(经典手拍)[{""name"":""规格"",""value"":""7英寸(经典手拍)""}]（36.90*1）,餐盒（1.00*1）",榴莲王披萨,,,,非会员,10,,,依据餐量提供餐具,,36.90,18.77,6.00,0.00,0,0,3.03,0.00,7.00,【活动支出】店铺满减:1.00元+【活动支出】饿了么红包:5.00元+【活动支出】替用户承担配送费:6.0元,-,-,-,1.00,江苏区域,江苏直营店,,,否,-,平台配送
圣比萨·披萨·炸鸡（滨海一店）,SBM00002,盐城,"8021100256034029048	",饿了么,平台外卖,已完成,2025-10-24 23:23:33,2025-10-24 23:23:33,2025-10-24 23:23:33,饿了么支付-在线支付,,即时单,2025-10-24 23:23:33,10.20,自动出餐,1,否,"榴莲王披萨-7英寸(经典手拍)[{""name"":""规格"",""value"":""7英寸(经典手拍)""}]（36.90*1）,餐盒（1.00*1）",榴莲王披萨,,,,非会员,11,,,依据餐量提供餐具,,36.90,18.32,7.00,0.00,0,0,3.03,0.00,6.00,【活动支出】店铺满减:1.00元+【活动支出】粉丝群:1.00元+【活动支出】饿了么红包:5.00元+【活动支出】替用户承担配送费:6.0元,-,-,-,1.00,江苏区域,江苏直营店,,,否,-,平台配送
圣比萨（龙港龙跃店）,SBS00010,温州,"8020330255563469189	",饿了么,平台外卖,已完成,2025-10-24 10:17:37,2025-10-24 10:17:37,2025-10-24 10:17:37,饿了么支付-在线支付,,即时单,2025-10-24 10:17:37,10.22,自动出餐,1,否,"番茄牛肉意面（25.90*1）,餐盒（2.00*1）",番茄牛肉意面,,,,非会员,1,,,1份餐具,,25.90,13.67,7.00,0.00,0,0,1.88,0.00,3.50,【活动支出】饿了么红包:7.00元+【活动支出】替用户承担配送费:3.5元,-,-,-,2.00,温州区域,温州直营,,,否,-,平台配送
圣比萨（龙港龙跃店）,SBS00010,温州,"8089786089577809251	",饿了么,平台外卖,已完成,2025-10-24 10:51:14,2025-10-24 10:51:14,2025-10-24 10:51:14,饿了么支付-在线支付,,即时单,2025-10-24 10:51:14,10.17,自动出餐,1,否,"奥尔良烤翅（9.90*1）,炙热牛魔王披萨-7英寸(经典手拍)[{""name"":""规格"",""value"":""7英寸(经典手拍)""}]（29.90*1）,奶酪芝士卷边（7英寸）（4.90*1）,餐盒（3.00*1）",奥尔良烤翅+炙热牛魔王披萨+奶酪芝士卷边7,,,,非会员,2,,,依据餐量提供餐具,,44.70,26.91,10.00,0.00,0,0,3.64,0.00,3.50,【活动支出】店铺满减:1.00元+【活动支出】饿了么红包:9.00元+【活动支出】替用户承担配送费:3.5元,-,-,-,3.00,温州区域,温州直营,,,否,-,平台配送
圣比萨（龙港龙跃店）,SBS00010,温州,"8043120255581463967	",饿了么,平台外卖,已完成,2025-10-24 10:52:26,2025-10-24 10:52:26,2025-10-24 10:52:27,饿了么支付-在线支付,,即时单,2025-10-24 10:52:26,10.20,自动出餐,1,否,"【任选】披萨随心配（36.80*1）,餐盒（2.00*1）",小薯条+柠檬茶+不加一+不加一+缤纷水果披萨(7英寸(手拍)),,,,非会员,3,,,依据餐量提供餐具,,36.80,20.43,8.00,0.00,0,0,2.92,0.00,5.00,【活动支出】店铺满减:1.00元+【活动支出】饿了么红包:7.00元+【活动支出】替用户承担配送费:5.0元,-,-,-,2.00,温州区域,温州直营,,,否,-,平台配送
圣比萨（龙港龙跃店）,SBS00010,温州,"8040180255734631902	",饿了么,平台外卖,已完成,2025-10-24 11:32:48,2025-10-24 11:32:48,2025-10-24 11:32:49,饿了么支付-在线支付,,即时单,2025-10-24 11:32:48,12.12,自动出餐,1,否,"榴莲王披萨-7英寸（经典手拍)[{""name"":""规格"",""value"":""7英寸（经典手拍)""}]（52.00*1）,餐盒（2.00*1）",榴莲王披萨,,,,非会员,4,,,依据餐量提供餐具,,52.00,21.42,23.10,0.00,0,0,2.93,0.00,3.50,【活动支出】单品特价:18.10元+【活动支出】饿了么红包:5.00元+【活动支出】替用户承担配送费:3.5元,-,-,-,2.00,温州区域,温州直营,,,否,-,平台配送
圣比萨（龙港龙跃店）,SBS00010,温州,"8080220255737985511	",饿了么,平台外卖,已完成,2025-10-24 11:36:36,2025-10-24 11:36:36,2025-10-24 11:36:36,饿了么支付-在线支付,,即时单,2025-10-24 11:36:36,12.23,自动出餐,1,否,"新奥尔良烤鸡肉披萨-7英寸(手拍)[{""name"":""规格"",""value"":""7英寸(手拍)""}]（23.90*1）,餐盒（2.00*1）",新奥尔良烤鸡肉披萨,,,,非会员,5,,,1份餐具,,23.90,11.88,7.00,0.00,0,0,1.67,0.00,4.00,【活动支出】饿了么红包:7.00元+【活动支出】替用户承担配送费:4.0元,-,-,-,2.00,温州区域,温州直营,,,否,-,平台配送
圣比萨（龙港龙跃店）,SBS00010,温州,"8077826089670395284	",饿了么,平台外卖,已完成,2025-10-24 12:06:00,2025-10-24 12:06:00,2025-10-24 12:06:01,饿了么支付-在线支付,,即时单,2025-10-24 12:06:00,12.05,自动出餐,1,否,"【随心❤️拼】7英寸双拼披萨(口味自选）[水果+水果]（26.90*1）,蛋挞一个（原味）（3.90*1）,餐盒（3.00*1）",双拼7寸【缤纷水果口味7】+双拼7寸【缤纷水果口味7】+蛋挞1个,,,,非会员,6,,,依据餐量提供餐具,,30.80,13.44,8.91,0.00,0,0,2.30,0.00,6.80,【活动支出】单品特价:2.91元+【活动支出】饿了么红包:6.00元+【活动支出】替用户承担配送费:6.0元,-,-,-,3.00,温州区域,温州直营,,,否,-,平台配送
圣比萨（龙港龙跃店）,SBS00010,温州,"8098806089655441827	",饿了么,平台外卖,已完成,2025-10-24 13:04:33,2025-10-24 13:04:33,2025-10-24 13:04:33,饿了么支付-在线支付,,即时单,2025-10-24 13:04:33,12.23,自动出餐,1,否,"可乐[冷]（6.00*1）,新奥尔良烤鸡肉披萨-7英寸(手拍)[{""name"":""规格"",""value"":""7英寸(手拍)""}]（23.90*1）,咸蛋黄风味流沙卷边（7英寸）（4.90*1）,港式奶茶[热]（9.00*1）,餐盒（3.00*1）",可乐+新奥尔良烤鸡肉披萨+咸蛋黄流沙卷边7+港式奶茶,,,,非会员,7,,,依据餐量提供餐具,,43.80,29.08,6.00,0.00,0,0,3.97,0.00,3.50,【活动支出】店铺满减:1.00元+【活动支出】饿了么红包:5.00元+【活动支出】替用户承担配送费:3.5元,-,-,-,3.00,温州区域,温州直营,,,否,-,平台配送
圣比萨（龙港龙跃店）,SBS00010,温州,"8002270255926535440	",饿了么,平台外卖,已完成,2025-10-24 15:12:58,2025-10-24 15:12:58,2025-10-24 15:12:59,饿了么支付-在线支付,,即时单,2025-10-24 15:12:58,10.23,自动出餐,1,否,"【任选】披萨随心配（36.80*1）,餐盒（2.00*1）",蛋挞1个+雀巢牛奶+不加一+缤纷芝士挞(菠萝味)+新奥尔良烤鸡肉披萨(7英寸(手拍)),,,,非会员,8,,,依据餐量提供餐具,,36.80,18.04,9.00,0.00,0,0,2.01,0.00,8.70,【活动支出】店铺满减:1.00元+【活动支出】饿了么红包:8.00元+【活动支出】替用户承担配送费:6.0元,-,-,-,2.00,温州区域,温州直营,,,否,-,平台配送
圣比萨（龙港龙跃店）,SBS00010,温州,"8037090255874974982	",饿了么,平台外卖,已完成,2025-10-24 16:54:59,2025-10-24 16:54:59,2025-10-24 16:54:59,饿了么支付-在线支付,,即时单,2025-10-24 16:54:59,10.02,自动出餐,1,否,"金牌芝士披萨-7英寸(经典手拍)[{""name"":""规格"",""value"":""7英寸(经典手拍)""}]（23.90*1）,奥尔良烤翅（9.90*1）,薯饼3个（6.90*1）,红薯薯泥流心卷边（7英寸）（4.90*1）,榴莲王披萨-7英寸（经典手拍)[{""name"":""规格"",""value"":""7英寸（经典手拍)""}]（52.00*1）,咸蛋黄风味流沙卷边（7英寸）（4.90*1）,餐盒（6.00*1）",芝士条+奥尔良烤翅+薯饼+红薯泥流心卷边7+榴莲王披萨+咸蛋黄流沙卷边7,,,,非会员,9,,,依据餐量提供餐具,,102.50,53.44,36.10,0.00,0,0,5.21,0.00,8.40,【活动支出】店铺满减:6.00元+【活动支出】单品特价:18.10元+【活动支出】饿了么红包:12.00元+【活动支出】替用户承担配送费:6.0元,-,-,-,6.00,温州区域,温州直营,,,否,-,平台配送
圣比萨（龙港龙跃店）,SBS00010,温州,"8034100255881244106	",饿了么,平台外卖,已完成,2025-10-24 17:16:37,2025-10-24 17:16:37,2025-10-24 17:16:37,饿了么支付-在线支付,,即时单,2025-10-24 17:16:37,10.12,自动出餐,1,否,"榴莲王披萨-7英寸（经典手拍)[{""name"":""规格"",""value"":""7英寸（经典手拍)""}]（52.00*1）,餐盒（2.00*1）",榴莲王披萨,,,,非会员,10,,,依据餐量提供餐具,,52.00,25.30,18.10,0.00,0,0,3.45,0.00,3.50,【活动支出】单品特价:18.10元+【活动支出】替用户承担配送费:3.5元,-,-,-,2.00,温州区域,温州直营,,,否,-,平台配送
圣比萨（龙港龙跃店）,SBS00010,温州,"8088070255914368340	",饿了么,平台外卖,已完成,2025-10-24 17:58:09,2025-10-24 17:58:09,2025-10-24 17:58:09,饿了么支付-在线支付,,即时单,2025-10-24 17:58:09,12.17,自动出餐,1,否,"奥尔良烤鸡肉披萨(7寸)-单点[{""name"":""规格"",""value"":""单点""}]（23.21*1）",新奥尔良烤鸡肉披萨【7英寸(手拍)】,,,,非会员,11,,,-,,23.21,13.21,0.00,0.00,0,0,0.00,0.00,,【活动支出】拼团反圈活动:0.00元,-,-,-,0.00,温州区域,温州直营,,,否,-,平台配送
圣比萨（龙港龙跃店）,SBS00010,温州,"8027470255820168495	",饿了么,平台外卖,已完成,2025-10-24 18:16:49,2025-10-24 18:16:49,2025-10-24 18:16:49,饿了么支付-在线支付,,即时单,2025-10-24 18:16:49,12.10,自动出餐,1,否,"超值全翅桶（39.90*1）,碳烤鸡肉培根披萨-7英寸(手拍)[{""name"":""规格"",""value"":""7英寸(手拍)""}]（25.90*1）,薯饼3个（6.90*1）,餐盒（3.00*1）",全翅桶+碳烤鸡肉培根披萨+薯饼,,,,非会员,12,,,麻烦包上保暖袋哦！带温州给孩子吃的，谢谢！ / 5份餐具,,72.70,38.92,21.90,0.00,0,0,5.33,0.00,3.50,【活动支出】店铺满减:6.00元+【活动支出】单品特价:3.90元+【活动支出】饿了么红包:12.00元+【活动支出】替用户承担配送费:3.5元,-,-,-,3.00,温州区域,温州直营,,,否,-,平台配送
圣比萨（龙港龙跃店）,SBS00010,温州,"8034556089811700115	",饿了么,平台外卖,已完成,2025-10-24 18:18:10,2025-10-24 18:18:10,2025-10-24 18:18:10,饿了么支付-在线支付,,即时单,2025-10-24 18:18:10,12.10,自动出餐,1,否,"招牌肉酱意面（52.00*1）,餐盒（2.00*1）",招牌肉酱意面,,,,非会员,13,,,依据餐量提供餐具,,52.00,13.67,33.10,0.00,0,0,1.88,0.00,3.50,【活动支出】单品特价:26.10元+【活动支出】饿了么红包:7.00元+【活动支出】替用户承担配送费:3.5元,-,-,-,2.00,温州区域,温州直营,,,否,-,平台配送
圣比萨（龙港龙跃店）,SBS00010,温州,"8067666089811607891	",饿了么,平台外卖,已完成,2025-10-24 18:19:10,2025-10-24 18:19:10,2025-10-24 18:19:10,饿了么支付-在线支付,,即时单,2025-10-24 18:19:10,12.00,自动出餐,1,否,"【任选】披萨随心配（54.50*1）,餐盒（2.00*1）",小薯条+港式奶茶+盐酥鸡米花小份+芝士焗红薯泥+榴莲王披萨(7英寸(手拍)),,,,非会员,14,,,依据餐量提供餐具,,54.50,30.00,13.00,0.00,0,0,4.25,0.00,4.50,【活动支出】店铺满减:1.00元+【活动支出】饿了么红包:12.00元+【活动支出】替用户承担配送费:4.5元,-,-,-,2.00,温州区域,温州直营,,,否,-,平台配送
圣比萨（龙港龙跃店）,SBS00010,温州,"8073806089863134706	",饿了么,平台外卖,已完成,2025-10-24 19:19:06,2025-10-24 19:19:06,2025-10-24 19:19:06,饿了么支付-在线支付,,即时单,2025-10-24 19:19:06,12.08,自动出餐,1,否,"【任选】披萨随心配（40.80*1）,餐盒（2.00*1）",上校鸡块+柳橙汁+奥尔良烤翅+不加一+新奥尔良烤鸡肉披萨(7英寸(手拍)),,,,非会员,15,,,无需餐具,,40.80,25.20,6.00,0.00,0,0,3.55,0.00,5.00,【活动支出】店铺满减:1.00元+【活动支出】吃货豆兑换的商家券:5.00元+【活动支出】替用户承担配送费:5.0元,-,-,-,2.00,温州区域,温州直营,,,否,-,平台配送
圣比萨（龙港龙跃店）,SBS00010,温州,"8049776089853896048	",饿了么,平台外卖,已完成,2025-10-24 19:35:22,2025-10-24 19:35:22,2025-10-24 19:35:23,饿了么支付-在线支付,,即时单,2025-10-24 19:35:22,10.02,自动出餐,1,否,"奶酪芝士卷边（9英寸）（6.90*1）,榴莲王披萨-9英寸(经典手拍)[{""name"":""规格"",""value"":""9英寸(经典手拍)""}]（92.00*1）,餐盒（2.00*1）",奶酪芝士卷边9+榴莲王披萨,,,,非会员,16,,,依据餐量提供餐具,,98.90,34.14,52.10,0.00,0,0,4.81,0.00,4.50,【活动支出】店铺满减:1.00元+【活动支出】单品特价:42.10元+【活动支出】饿了么红包:9.00元+【活动支出】替用户承担配送费:4.5元,-,-,-,2.00,温州区域,温州直营,,,否,-,平台配送
圣比萨（龙港龙跃店）,SBS00010,温州,"8000706089864518925	",饿了么,平台外卖,已完成,2025-10-24 20:05:45,2025-10-24 20:05:45,2025-10-24 20:05:45,饿了么支付-在线支付,,即时单,2025-10-24 20:05:45,10.05,自动出餐,1,否,"【任选】披萨随心配（36.80*1）,餐盒（2.00*1）",蛋挞1个+柠檬茶+不加一+不加一+玉米沙拉披萨(7英寸(手拍)),,,,非会员,17,,,1份餐具,,36.80,21.33,8.00,0.00,0,0,2.92,0.00,3.50,【活动支出】店铺满减:1.00元+【活动支出】饿了么红包:7.00元+【活动支出】替用户承担配送费:3.5元,-,-,-,2.00,温州区域,温州直营,,,否,-,平台配送
圣比萨（龙港龙跃店）,SBS00010,温州,"8063260256071775534	",饿了么,平台外卖,已完成,2025-10-24 20:10:57,2025-10-24 20:10:57,2025-10-24 20:10:58,饿了么支付-在线支付,,即时单,2025-10-24 20:10:57,10.03,自动出餐,1,否,"新奥尔良烤鸡肉披萨-7英寸(手拍)[{""name"":""规格"",""value"":""7英寸(手拍)""}]（23.90*1）,餐盒（2.00*1）",新奥尔良烤鸡肉披萨,,,,非会员,18,,,依据餐量提供餐具,,23.90,11.88,7.00,0.00,0,0,1.67,0.00,3.50,【活动支出】超级会员专享红包:5.00元+【活动支出】 商家自营销加码:2.00元+【活动支出】替用户承担配送费:3.5元,-,-,-,2.00,温州区域,温州直营,,,否,-,平台配送
圣比萨（龙港龙跃店）,SBS00010,温州,"8042736089857532194	",饿了么,平台外卖,已完成,2025-10-24 20:37:55,2025-10-24 20:37:55,2025-10-24 20:37:55,饿了么支付-在线支付,,即时单,2025-10-24 20:37:55,10.22,自动出餐,1,否,"奶酪芝士卷边（7英寸）（4.90*1）,缤纷水果披萨-7英寸(手拍)[{""name"":""规格"",""value"":""7英寸(手拍)""}]（42.00*1）,餐盒（2.00*1）",奶酪芝士卷边7+缤纷水果披萨,,,,非会员,19,,,依据餐量提供餐具,,46.90,18.64,20.10,0.00,0,0,2.71,0.00,4.50,【活动支出】单品特价:16.10元+【活动支出】饿了么红包:4.00元+【活动支出】替用户承担配送费:4.5元,-,-,-,2.00,温州区域,温州直营,,,否,-,平台配送
圣比萨（龙港龙跃店）,SBS00010,温州,"8052350255887217950	",饿了么,平台外卖,已完成,2025-10-24 20:39:38,2025-10-24 20:39:38,2025-10-24 20:39:38,饿了么支付-在线支付,,即时单,2025-10-24 20:39:38,10.00,自动出餐,1,否,"榴莲王披萨-9英寸(经典手拍)[{""name"":""规格"",""value"":""9英寸(经典手拍)""}]（92.00*1）,餐盒（2.00*1）",榴莲王披萨,,,,非会员,20,,,依据餐量提供餐具,,92.00,30.07,52.10,0.00,0,0,4.08,0.00,3.50,【活动支出】店铺满减:1.00元+【活动支出】单品特价:42.10元+【活动支出】饿了么红包:9.00元+【活动支出】替用户承担配送费:3.5元,-,-,-,2.00,温州区域,温州直营,,,否,-,平台配送
圣比萨（龙港龙跃店）,SBS00010,温州,"8098090256079729018	",饿了么,平台外卖,已完成,2025-10-24 20:41:44,2025-10-24 20:41:44,2025-10-24 20:41:44,饿了么支付-在线支付,,即时单,2025-10-24 20:41:44,10.05,自动出餐,1,否,"【任选5件套】披萨意面我全都要（71.70*1）,餐盒（2.00*1）",明星小食桶B+新奥尔良烤鸡肉披萨(7英寸(手拍))+柠檬茶+柳橙汁+招牌肉酱意面,,,,非会员,21,,,依据餐量提供餐具,,71.70,40.62,18.00,0.00,0,0,5.53,0.00,3.50,【活动支出】店铺满减:6.00元+【活动支出】饿了么红包:12.00元+【活动支出】替用户承担配送费:3.5元,-,-,-,2.00,温州区域,温州直营,,,否,-,平台配送
圣比萨（龙港龙跃店）,SBS00010,温州,"8017110256002562526	",饿了么,平台外卖,已完成,2025-10-24 20:43:36,2025-10-24 20:43:36,2025-10-24 20:43:36,饿了么支付-在线支付,,即时单,2025-10-24 20:43:36,10.07,自动出餐,1,否,"榴莲王披萨-7英寸（经典手拍)[{""name"":""规格"",""value"":""7英寸（经典手拍)""}]（52.00*1）,地道肠（3.90*1）,餐盒（3.00*1）",榴莲王披萨+地道肠1根,,,,非会员,22,,,依据餐量提供餐具,,55.90,19.03,27.10,0.00,0,0,3.02,0.00,6.80,【活动支出】店铺满减:1.00元+【活动支出】单品特价:18.10元+【活动支出】饿了么红包:8.00元+【活动支出】替用户承担配送费:6.0元,-,-,-,3.00,温州区域,温州直营,,,否,-,平台配送
圣比萨（龙港龙跃店）,SBS00010,温州,"8078996089865147792	",饿了么,平台外卖,已完成,2025-10-24 20:52:31,2025-10-24 20:52:31,2025-10-24 20:52:32,饿了么支付-在线支付,,即时单,2025-10-24 20:52:31,10.13,自动出餐,1,否,"新奥尔良烤鸡肉披萨-9英寸(手拍)[{""name"":""规格"",""value"":""9英寸(手拍)""}]（39.90*1）,奶酪芝士卷边（9英寸）（6.90*1）,餐盒（2.00*1）",新奥尔良烤鸡肉披萨+奶酪芝士卷边9,,,,非会员,23,,,6份餐具,,46.80,27.29,10.00,0.00,0,0,3.76,0.00,4.00,【活动支出】店铺满减:1.00元+【活动支出】饿了么红包:9.00元+【活动支出】替用户承担配送费:4.0元,-,-,-,2.00,温州区域,温州直营,,,否,-,平台配送
圣比萨（龙港龙跃店）,SBS00010,温州,"8072030255892517245	",饿了么,平台外卖,已完成,2025-10-24 21:04:00,2025-10-24 21:04:00,2025-10-24 21:04:00,饿了么支付-在线支付,,即时单,2025-10-24 21:04:00,10.00,自动出餐,1,否,"新奥尔良烤鸡肉披萨-12英寸(手拍)[{""name"":""规格"",""value"":""12英寸(手拍)""}]（54.90*1）,餐盒（2.00*1）",新奥尔良烤鸡肉披萨,,,,非会员,24,,,依据餐量提供餐具,,54.90,40.30,1.00,0.00,0,0,5.55,0.00,5.60,【活动支出】店铺满减:1.00元+【活动支出】替用户承担配送费:5.6元,-,-,-,2.00,温州区域,温州直营,,,否,-,平台配送
圣比萨（龙港龙跃店）,SBS00010,温州,"8057966089900860817	",饿了么,平台外卖,已完成,2025-10-24 21:09:05,2025-10-24 21:09:05,2025-10-24 21:09:05,饿了么支付-在线支付,,即时单,2025-10-24 21:09:05,10.10,自动出餐,1,否,【买一送一】买披萨送披萨[奥尔良鸡肉披萨7英寸+碳烤鸡肉培根7英寸]（86.80*1）,新奥尔良烤鸡肉披萨【7英寸(手拍)】+碳烤鸡肉培根披萨【7英寸(手拍)】,,,,非会员,25,,,2份餐具,,86.80,20.02,54.90,0.00,0,0,3.03,0.00,7.70,【活动支出】单品特价:54.90元+【活动支出】替用户承担配送费:6.0元,-,-,-,0.00,温州区域,温州直营,,,否,-,平台配送
圣比萨（龙港龙跃店）,SBS00010,温州,"8059050256096898465	",饿了么,平台外卖,已完成,2025-10-24 21:20:34,2025-10-24 21:20:34,2025-10-24 21:20:35,饿了么支付-在线支付,,即时单,2025-10-24 21:20:34,10.07,自动出餐,1,否,"新奥尔良烤鸡肉披萨-7英寸(手拍)[{""name"":""规格"",""value"":""7英寸(手拍)""}]（23.90*1）,餐盒（2.00*1）",新奥尔良烤鸡肉披萨,,,,非会员,26,,,依据餐量提供餐具,,23.90,11.38,7.00,0.00,0,0,1.67,0.00,5.60,【活动支出】饿了么红包:7.00元+【活动支出】替用户承担配送费:5.6元,-,-,-,2.00,温州区域,温州直营,,,否,-,平台配送
圣比萨（龙港龙跃店）,SBS00010,温州,"8098160256102462900	",饿了么,平台外卖,已完成,2025-10-24 21:32:57,2025-10-24 21:32:57,2025-10-24 21:32:57,饿了么支付-在线支付,,即时单,2025-10-24 21:32:57,10.10,自动出餐,1,否,"超值全翅桶（39.90*1）,柳橙汁[常温]（7.00*1）,榴莲王披萨-9英寸(经典手拍)[{""name"":""规格"",""value"":""9英寸(经典手拍)""}]（92.00*1）,地道肠（3.90*1）,餐盒（5.00*1）",全翅桶+柳橙汁+榴莲王披萨+地道肠1根,,,,非会员,27,,,依据餐量提供餐具,,142.80,65.16,60.10,0.00,0,0,8.89,0.00,5.60,【活动支出】店铺满减:6.00元+【活动支出】单品特价:42.10元+【活动支出】饿了么红包:12.00元+【活动支出】替用户承担配送费:5.6元,-,-,-,5.00,温州区域,温州直营,,,否,-,平台配送
圣比萨（龙港龙跃店）,SBS00010,温州,"8034766089880402300	",饿了么,平台外卖,已完成,2025-10-24 21:52:28,2025-10-24 21:52:28,2025-10-24 21:52:28,饿了么支付-在线支付,,即时单,2025-10-24 21:52:28,10.10,自动出餐,1,否,"奶酪芝士卷边（9英寸）（6.90*1）,榴莲王披萨-9英寸(经典手拍)[{""name"":""规格"",""value"":""9英寸(经典手拍)""}]（92.00*1）",奶酪芝士卷边9+榴莲王披萨,,,,非会员,28,,,无需餐具,,98.90,33.52,50.90,0.00,0,0,4.73,0.00,6.60,【活动支出】单品特价:50.90元+【活动支出】用户代金券:0.00元+【活动支出】替用户承担配送费:6.0元,-,-,-,0.00,温州区域,温州直营,,,否,-,平台配送
圣比萨（龙港龙跃店）,SBS00010,温州,"8027020256024138166	",饿了么,平台外卖,已完成,2025-10-24 22:24:44,2025-10-24 22:24:44,2025-10-24 22:24:45,饿了么支付-在线支付,,即时单,2025-10-24 22:24:44,10.23,自动出餐,1,否,"【随心❤️拼】9英寸双拼披萨(口味自选)[缤纷水果+奥尔良]（41.90*1）,招牌肉酱意面（52.00*1）,餐盒（4.00*1）",双拼9寸【缤纷水果口味9】+双拼9寸【奥尔良口味9】+招牌肉酱意面,,,,非会员,29,,,依据餐量提供餐具,,93.90,38.42,44.10,0.00,0,0,5.33,0.00,5.60,【活动支出】店铺满减:6.00元+【活动支出】单品特价:26.10元+【活动支出】饿了么红包:12.00元+【活动支出】替用户承担配送费:5.6元,-,-,-,4.00,温州区域,温州直营,,,否,-,平台配送
圣比萨（龙港龙跃店）,SBS00010,温州,"8033936089916691729	",饿了么,平台外卖,已完成,2025-10-24 22:43:40,2025-10-24 22:43:40,2025-10-24 22:43:40,饿了么支付-在线支付,,即时单,2025-10-24 22:43:40,10.08,自动出餐,1,否,"【任选】披萨随心配（31.90*1）,蛋挞一个（原味）（3.90*1）,上校鸡块1个（3.00*2）,餐盒（3.60*1）",薯饼2个+柠檬茶+不加一+不加一+新奥尔良烤鸡肉披萨(7英寸(手拍))+蛋挞1个+上校鸡块1个,,,,非会员,30,,,依据餐量提供餐具,,41.80,17.95,15.81,0.00,0,0,2.79,0.00,8.30,【活动支出】店铺满减:1.00元+【活动支出】单品特价:2.91元+【活动支出】饿了么红包:9.00元+【活动支出】精准营销:2.90元+【活动支出】饿了么红包:0.00元+【活动支出】替用户承担配送费:6.0元,-,-,-,3.60,温州区域,温州直营,,,否,-,平台配送
圣比萨（龙港龙跃店）,SBS00010,温州,"8079010256042955120	",饿了么,平台外卖,已完成,2025-10-24 23:10:37,2025-10-24 23:10:37,2025-10-24 23:10:37,饿了么支付-在线支付,,即时单,2025-10-24 23:10:37,10.12,自动出餐,1,否,"缤纷水果披萨-7英寸(手拍)[{""name"":""规格"",""value"":""7英寸(手拍)""}]（42.00*1）,餐盒（2.00*1）",缤纷水果披萨,,,,非会员,31,,,依据餐量提供餐具,,42.00,9.59,27.10,0.00,0,0,1.46,0.00,5.60,【活动支出】单品特价:16.10元+【活动支出】订单集点返红包:5.00元+【活动支出】饿了么红包:6.00元+【活动支出】替用户承担配送费:5.6元,-,-,-,2.00,温州区域,温州直营,,,否,-,平台配送
圣比萨（龙港龙跃店）,SBS00010,温州,"8099150256122105300	",饿了么,平台外卖,已完成,2025-10-24 23:11:48,2025-10-24 23:11:48,2025-10-24 23:11:48,饿了么支付-在线支付,,即时单,2025-10-24 23:11:48,10.20,自动出餐,1,否,"榴莲王披萨-7英寸（经典手拍)[{""name"":""规格"",""value"":""7英寸（经典手拍)""}]（52.00*1）,餐盒（2.00*1）",榴莲王披萨,,,,非会员,32,,,1份餐具,,52.00,19.13,25.10,0.00,0,0,2.72,0.00,5.60,【活动支出】单品特价:18.10元+【活动支出】 商家自营销加码:2.00元+【活动支出】超会爆红包省钱包:5.00元+【活动支出】替用户承担配送费:5.6元,-,-,-,2.00,温州区域,温州直营,,,否,-,平台配送
圣比萨（龙港龙跃店）,SBS00010,温州,"8038876089896891708	",饿了么,平台外卖,已完成,2025-10-24 23:14:42,2025-10-24 23:14:42,2025-10-24 23:14:42,饿了么支付-在线支付,,即时单,2025-10-24 23:14:42,10.10,自动出餐,1,否,"新奥尔良烤鸡肉披萨-12英寸(手拍)[{""name"":""规格"",""value"":""12英寸(手拍)""}]（54.90*1）,芒果双皮奶（6.00*1）,经典薯条（8.90*1）,蛋挞（6.90*1）,奶酪芝士卷边（12英寸）（8.90*1）,餐盒（5.00*1）",新奥尔良烤鸡肉披萨+芒果双皮奶+经典薯条+蛋挞+奶酪芝士卷边,,,,非会员,33,,,3份餐具,,85.60,53.73,15.00,0.00,0,0,7.62,0.00,8.30,【活动支出】店铺满减:6.00元+【活动支出】饿了么红包:9.00元+【活动支出】替用户承担配送费:6.0元,-,-,-,5.00,温州区域,温州直营,,,否,-,平台配送
圣比萨（玉环坎门店）,SBS00032,台州,"8030576089530038591	",饿了么,平台外卖,已完成,2025-10-24 10:23:10,2025-10-24 10:23:10,2025-10-24 10:23:10,饿了么支付-在线支付,,预约单,2025-10-24 17:10:00,361.85,自动出餐,1,否,"【任选5件套】披萨意面我全都要（71.70*1）,餐盒（2.00*1）",明星小食桶C+招牌肉酱意面+日系照烧鸡披萨(7英寸(手拍))+芒果汁+芒果汁,,,,非会员,1,,,依据餐量提供餐具,,71.70,42.49,18.00,0.00,0,0,3.81,0.00,2.80,【活动支出】店铺满减:6.00元+【活动支出】饿了么红包:12.00元+【活动支出】替用户承担配送费:2.8元,-,-,-,2.00,台州区域,台州直营,,,否,-,平台配送
圣比萨（玉环坎门店）,SBS00032,台州,"8029866089585095052	",饿了么,平台外卖,已完成,2025-10-24 10:34:39,2025-10-24 10:34:39,2025-10-24 10:34:39,饿了么支付-在线支付,,即时单,2025-10-24 10:34:39,10.00,自动出餐,1,否,"【随心❤️拼】7英寸双拼披萨（口味自选）[新奥尔良烤鸡肉+新奥尔良烤鸡肉]（26.90*1）,点击右上角❤️收藏得小吃[上校鸡块2个]（2.00*1）,餐盒（2.50*1）",双拼7寸【奥尔良口味7】+双拼7寸【奥尔良口味7】+上校鸡块2个,,,,非会员,2,,,依据餐量提供餐具,,28.90,15.58,8.90,0.00,0,0,1.42,0.00,2.80,【活动支出】单品特价:1.90元+【活动支出】 商家自营销加码:2.00元+【活动支出】饿了么红包:5.00元+【活动支出】替用户承担配送费:2.8元,-,-,-,2.50,台州区域,台州直营,,,否,-,平台配送
圣比萨（玉环坎门店）,SBS00032,台州,"8006190255775350224	",饿了么,平台外卖,已完成,2025-10-24 10:46:22,2025-10-24 10:46:22,2025-10-24 10:46:23,饿了么支付-在线支付,,即时单,2025-10-24 10:46:22,10.15,自动出餐,1,否,"榴莲王披萨-9英寸(手拍)[{""name"":""规格"",""value"":""9英寸(手拍)""}]（43.90*1）,餐盒（2.00*1）",榴莲王披萨,,,,非会员,3,,,依据餐量提供餐具,,43.90,26.68,10.00,0.00,0,0,2.42,0.00,2.30,【活动支出】店铺满减:1.00元+【活动支出】饿了么红包:9.00元+【活动支出】替用户承担配送费:2.3元,-,-,-,2.00,台州区域,台州直营,,,否,-,平台配送
圣比萨（玉环坎门店）,SBS00032,台州,"8099756089579197793	",饿了么,平台外卖,已完成,2025-10-24 11:24:54,2025-10-24 11:24:54,2025-10-24 11:24:55,饿了么支付-在线支付,,即时单,2025-10-24 11:24:54,12.03,自动出餐,1,否,"榴莲王披萨-12英寸(手拍)[{""name"":""规格"",""value"":""12英寸(手拍)""}]（56.90*1）,餐盒（2.00*1）",榴莲王披萨,,,,非会员,4,,,给两双筷子，谢谢 / 依据餐量提供餐具,,56.90,35.79,12.00,0.00,0,0,3.21,0.00,2.30,【活动支出】店铺满减:1.00元+【活动支出】粉丝群:2.00元+【活动支出】饿了么红包:9.00元+【活动支出】替用户承担配送费:2.3元,-,-,-,2.00,台州区域,台州直营,,,否,-,平台配送
圣比萨（玉环坎门店）,SBS00032,台州,"8093160255840528644	",饿了么,平台外卖,已完成,2025-10-24 12:00:00,2025-10-24 12:00:00,2025-10-24 12:00:00,饿了么支付-在线支付,,即时单,2025-10-24 12:00:00,12.17,自动出餐,1,否,"星星炸鸡披萨-7英寸(手拍)[{""name"":""规格"",""value"":""7英寸(手拍)""}]（29.90*1）,餐盒（2.00*1）",星星炸鸡披萨,,,,非会员,5,,,依据餐量提供餐具,,29.90,17.21,7.00,0.00,0,0,1.59,0.00,2.80,【活动支出】饿了么红包:7.00元+【活动支出】替用户承担配送费:2.8元,-,-,-,2.00,台州区域,台州直营,,,否,-,平台配送
圣比萨（玉环坎门店）,SBS00032,台州,"8021866089622090009	",饿了么,平台外卖,已完成,2025-10-24 12:07:50,2025-10-24 12:07:50,2025-10-24 12:07:51,饿了么支付-在线支付,,即时单,2025-10-24 12:07:50,12.00,自动出餐,1,否,手握三选一-单点[奥尔良]（17.20*1）,奥尔良风情烤鸡肉一人食盒子披萨,,,,非会员,6,,,依据餐量提供餐具,,17.20,10.00,0.00,0.00,0,0,0.00,0.00,,【活动支出】拼团反圈活动:0.00元,-,-,-,0.00,台州区域,台州直营,,,否,-,平台配送
圣比萨（玉环坎门店）,SBS00032,台州,"8080350255782941140	",饿了么,平台外卖,已完成,2025-10-24 12:53:58,2025-10-24 12:53:58,2025-10-24 12:53:58,饿了么支付-在线支付,,即时单,2025-10-24 12:53:58,12.13,自动出餐,1,否,"奥尔良烤翅（9.90*1）,川香脆皮翅根-1个[{""name"":""规格"",""value"":""1个""}]（6.90*1）,【任选】焗饭随心配（34.80*1）,点击右上角❤️收藏得小吃[上校鸡块2个]（2.00*1）,蛋挞一个（原味）（3.90*1）,餐盒（4.00*1）",奥尔良烤翅+川香脆皮大翅根+可乐+不加一+招牌肉酱芝士焗饭+不加一+地道肠1根+蛋挞1个+深海墨鱼丸(3个)+上校鸡块2个+蛋挞1个,,,,非会员,7,,,可乐加冰 / 依据餐量提供餐具,,57.50,33.74,16.81,0.00,0,0,3.05,0.00,2.30,【活动支出】店铺满减:1.00元+【活动支出】单品特价:1.90元+【活动支出】单品特价:2.91元+【活动支出】粉丝群:2.00元+【活动支出】饿了么红包:9.00元+【活动支出】替用户承担配送费:2.3元,-,-,-,4.00,台州区域,台州直营,,,否,-,平台配送
圣比萨（玉环坎门店）,SBS00032,台州,"8000866089677107626	",饿了么,平台外卖,已完成,2025-10-24 13:51:17,2025-10-24 13:51:17,2025-10-24 13:51:18,饿了么支付-在线支付,,即时单,2025-10-24 13:51:17,10.17,自动出餐,1,否,"榴莲王披萨-7英寸(手拍)[{""name"":""规格"",""value"":""7英寸(手拍)""}]（33.90*1）,奶酪芝士卷边（7英寸）（4.90*1）,蛋挞一个（原味）（3.90*1）,餐盒（2.50*1）",榴莲王披萨+奶酪芝士卷边7+蛋挞1个,,,,非会员,8,,,依据餐量提供餐具,,42.70,24.26,11.91,0.00,0,0,2.23,0.00,2.30,【活动支出】店铺满减:1.00元+【活动支出】单品特价:2.91元+【活动支出】 商家自营销加码:0.00元+【活动支出】饿了么红包:8.00元+【活动支出】替用户承担配送费:2.3元,-,-,-,2.50,台州区域,台州直营,,,否,-,平台配送
圣比萨（玉环坎门店）,SBS00032,台州,"8053866089700770143	",饿了么,平台外卖,已完成,2025-10-24 13:57:53,2025-10-24 13:57:53,2025-10-24 13:57:54,饿了么支付-在线支付,,即时单,2025-10-24 13:57:53,10.00,自动出餐,1,否,"【任选】披萨随心配（36.80*1）,餐盒（2.00*1）",地道肠1根+缤纷水果披萨(7英寸(手拍))+雀巢牛奶+盐酥鸡米花小份+不加一,,,,非会员,9,,,依据餐量提供餐具,,36.80,21.16,9.00,0.00,0,0,1.94,0.00,2.80,【活动支出】店铺满减:1.00元+【活动支出】 商家自营销加码:1.00元+【活动支出】饿了么红包:7.00元+【活动支出】替用户承担配送费:2.8元,-,-,-,2.00,台州区域,台州直营,,,否,-,平台配送
圣比萨（玉环坎门店）,SBS00032,台州,"8018060255817541069	",饿了么,平台外卖,已完成,2025-10-24 14:26:38,2025-10-24 14:26:38,2025-10-24 14:26:38,饿了么支付-在线支付,,即时单,2025-10-24 14:26:38,10.03,自动出餐,1,否,奥尔良烤鸡肉披萨(7寸)-单点（20.41*1）,新奥尔良烤鸡肉披萨【7英寸(手拍)】,,,,非会员,10,,,依据餐量提供餐具,,20.41,13.21,0.00,0.00,0,0,0.00,0.00,,【活动支出】拼团反圈活动:0.00元,-,-,-,0.00,台州区域,台州直营,,,否,-,平台配送
圣比萨（玉环坎门店）,SBS00032,台州,"8073430255730012590	",饿了么,平台外卖,已完成,2025-10-24 15:15:51,2025-10-24 15:15:51,2025-10-24 15:15:51,饿了么支付-在线支付,,即时单,2025-10-24 15:15:51,10.12,自动出餐,1,否,"【任选】焗饭随心配（34.80*1）,餐盒（2.00*1）",可乐+不加一+碳烤鸡肉芝士焗饭+不加一+地道肠1根+上校鸡块+小薯条,,,,非会员,11,,,依据餐量提供餐具,,34.80,22.33,5.00,0.00,0,0,2.07,0.00,3.30,【活动支出】饿了么红包:5.00元+【活动支出】替用户承担配送费:3.3元,-,-,-,2.00,台州区域,台州直营,,,否,-,平台配送
圣比萨（玉环坎门店）,SBS00032,台州,"8097686089699929535	",饿了么,平台外卖,已完成,2025-10-24 15:24:51,2025-10-24 15:24:51,2025-10-24 15:24:51,饿了么支付-在线支付,,即时单,2025-10-24 15:24:51,10.15,自动出餐,1,否,"【随心❤️拼】7英寸双拼披萨（口味自选）[新奥尔良烤鸡肉+日系照烧鸡]（26.90*1）,餐盒（2.00*1）",双拼7寸【奥尔良口味7】+双拼7寸【日系照烧口味7】,,,,非会员,12,,,依据餐量提供餐具,,26.90,15.49,7.00,0.00,0,0,1.41,0.00,2.30,【活动支出】饿了么红包:7.00元+【活动支出】替用户承担配送费:2.3元,-,-,-,2.00,台州区域,台州直营,,,否,-,平台配送
圣比萨（玉环坎门店）,SBS00032,台州,"8087470255752660292	",饿了么,平台外卖,已完成,2025-10-24 16:21:56,2025-10-24 16:21:56,2025-10-24 16:21:56,饿了么支付-在线支付,,即时单,2025-10-24 16:21:56,9.42,手动出餐,1,否,"【随心❤️拼】7英寸双拼披萨（口味自选）[新奥尔良烤鸡肉+日系照烧鸡]（26.90*1）,餐盒（2.00*1）",双拼7寸【奥尔良口味7】+双拼7寸【日系照烧口味7】,,,,非会员,13,,,依据餐量提供餐具,,26.90,15.49,7.00,0.00,0,0,1.41,0.00,2.30,【活动支出】 商家自营销加码:2.00元+【活动支出】饿了么红包:5.00元+【活动支出】替用户承担配送费:2.3元,-,-,-,2.00,台州区域,台州直营,,,否,-,平台配送
圣比萨（玉环坎门店）,SBS00032,台州,"8055190255758557504	",饿了么,平台外卖,已完成,2025-10-24 16:35:46,2025-10-24 16:35:46,2025-10-24 16:35:46,饿了么支付-在线支付,,即时单,2025-10-24 16:35:46,10.03,自动出餐,1,否,手握三选一-单点[奥尔良]（17.20*1）,奥尔良风情烤鸡肉一人食盒子披萨,,,,非会员,14,,,依据餐量提供餐具,,17.20,10.00,0.00,0.00,0,0,0.00,0.00,,【活动支出】拼团反圈活动:0.00元,-,-,-,0.00,台州区域,台州直营,,,否,-,平台配送
圣比萨（玉环坎门店）,SBS00032,台州,"8044090255758627276	",饿了么,平台外卖,已完成,2025-10-24 16:44:50,2025-10-24 16:44:50,2025-10-24 16:44:50,饿了么支付-在线支付,,即时单,2025-10-24 16:44:50,10.22,自动出餐,1,否,"【任选】披萨随心配（31.90*1）,餐盒（2.00*1）",小薯条+碳烤鸡肉培根披萨(7英寸(手拍))+可乐+不加一+不加一,,,,非会员,15,,,1份餐具,,31.90,19.53,7.00,0.00,0,0,1.77,0.00,2.30,【活动支出】 商家自营销加码:2.00元+【活动支出】饿了么红包:5.00元+【活动支出】替用户承担配送费:2.3元,-,-,-,2.00,台州区域,台州直营,,,否,-,平台配送
圣比萨（玉环坎门店）,SBS00032,台州,"8040556089750444372	",饿了么,平台外卖,已完成,2025-10-24 16:48:22,2025-10-24 16:48:22,2025-10-24 16:48:22,饿了么支付-在线支付,,即时单,2025-10-24 16:48:22,10.15,自动出餐,1,否,"【随心❤️拼】7英寸双拼披萨（口味自选）[日系照烧鸡+碳烤鸡肉培根]（26.90*1）,餐盒（2.00*1）",双拼7寸【日系照烧口味7】+双拼7寸【碳烤鸡肉培根口味7】,,,,非会员,16,,,依据餐量提供餐具,,26.90,13.84,7.00,0.00,0,0,1.36,0.00,3.80,【活动支出】粉丝群:2.00元+【活动支出】饿了么红包:5.00元+【活动支出】替用户承担配送费:3.8元,-,-,-,2.00,台州区域,台州直营,,,否,-,平台配送
圣比萨（玉环坎门店）,SBS00032,台州,"8084786089777119619	",饿了么,平台外卖,已完成,2025-10-24 16:51:10,2025-10-24 16:51:10,2025-10-24 16:51:10,饿了么支付-在线支付,,即时单,2025-10-24 16:51:10,10.17,自动出餐,1,否,"新奥尔良烤鸡肉披萨-9英寸(手拍)[{""name"":""规格"",""value"":""9英寸(手拍)""}]（33.90*1）,餐盒（2.00*1）",新奥尔良烤鸡肉披萨,,,,非会员,17,,,1份餐具,,33.90,26.68,0,0.00,0,0,2.42,0.00,2.30,-,-,-,-,2.00,台州区域,台州直营,,,否,-,平台配送
圣比萨（玉环坎门店）,SBS00032,台州,"8099480255782169956	",饿了么,平台外卖,已完成,2025-10-24 17:27:55,2025-10-24 17:27:55,2025-10-24 17:27:55,饿了么支付-在线支付,,即时单,2025-10-24 17:27:55,10.03,自动出餐,1,否,奥尔良烤鸡肉披萨(7寸)-单点（20.41*1）,新奥尔良烤鸡肉披萨【7英寸(手拍)】,,,,非会员,18,,,1份餐具,,20.41,13.21,0.00,0.00,0,0,0.00,0.00,,【活动支出】拼团反圈活动:0.00元,-,-,-,0.00,台州区域,台州直营,,,否,-,平台配送
圣比萨（玉环坎门店）,SBS00032,台州,"8024090255977009638	",饿了么,平台外卖,已完成,2025-10-24 17:31:58,2025-10-24 17:31:58,2025-10-24 17:31:58,饿了么支付-在线支付,,即时单,2025-10-24 17:31:58,12.02,自动出餐,1,否,"榴莲王披萨-9英寸(手拍)[{""name"":""规格"",""value"":""9英寸(手拍)""}]（43.90*1）,酸奶多多流心卷边（9英寸）（6.90*1）,餐盒（2.00*1）",榴莲王披萨+酸奶多多流心卷边9,,,,非会员,19,,,依据餐量提供餐具,,50.80,28.03,10.00,0.00,0,0,2.87,0.00,6.80,【活动支出】店铺满减:1.00元+【活动支出】饿了么红包:9.00元+【活动支出】饿了么红包:0.00元+【活动支出】替用户承担配送费:6.0元,-,-,-,2.00,台州区域,台州直营,,,否,-,平台配送
圣比萨（玉环坎门店）,SBS00032,台州,"8024090255792499065	",饿了么,平台外卖,已完成,2025-10-24 17:32:28,2025-10-24 17:32:28,2025-10-24 17:32:29,饿了么支付-在线支付,,即时单,2025-10-24 17:32:28,12.12,自动出餐,1,否,"碳烤鸡肉芝士焗饭（28.90*1）,餐盒（2.00*1）",碳烤鸡肉芝士焗饭,,,,非会员,20,,,依据餐量提供餐具,,28.90,12.30,7.00,0.00,0,0,1.50,0.00,6.80,【活动支出】饿了么红包:7.00元+【活动支出】替用户承担配送费:6.0元,-,-,-,2.00,台州区域,台州直营,,,否,-,平台配送
圣比萨（玉环坎门店）,SBS00032,台州,"8057546089780081078	",饿了么,平台外卖,已完成,2025-10-24 17:37:02,2025-10-24 17:37:02,2025-10-24 17:37:03,饿了么支付-在线支付,,即时单,2025-10-24 17:37:02,12.07,自动出餐,1,否,"【随心❤️拼】7英寸双拼披萨（口味自选）[缤纷水果+日系照烧鸡]（26.90*1）,奶酪芝士卷边（7英寸）（4.90*1）,餐盒（2.00*1）",双拼7寸【缤纷水果口味7】+双拼7寸【日系照烧口味7】+奶酪芝士卷边7,,,,非会员,21,,,依据餐量提供餐具,,31.80,19.44,7.00,0.00,0,0,1.76,0.00,2.30,【活动支出】 商家自营销加码:2.00元+【活动支出】超会爆红包省钱包:5.00元+【活动支出】替用户承担配送费:2.3元,-,-,-,2.00,台州区域,台州直营,,,否,-,平台配送
圣比萨（玉环坎门店）,SBS00032,台州,"8054566089770553748	",饿了么,平台外卖,已完成,2025-10-24 17:49:58,2025-10-24 17:49:58,2025-10-24 17:49:58,饿了么支付-在线支付,,即时单,2025-10-24 17:49:58,12.12,自动出餐,1,否,"日系照烧鸡披萨-7英寸(手拍)[{""name"":""规格"",""value"":""7英寸(手拍)""}]（25.90*1）,餐盒（2.00*1）",日系照烧鸡披萨,,,,非会员,22,,,1份餐具,,25.90,14.56,7.00,0.00,0,0,1.34,0.00,2.30,【活动支出】饿了么红包:7.00元+【活动支出】替用户承担配送费:2.3元,-,-,-,2.00,台州区域,台州直营,,,否,-,平台配送
圣比萨（玉环坎门店）,SBS00032,台州,"8013976089777893812	",饿了么,平台外卖,已完成,2025-10-24 18:03:21,2025-10-24 18:03:21,2025-10-24 18:03:22,饿了么支付-在线支付,,即时单,2025-10-24 18:03:21,12.18,自动出餐,1,否,"【任选】披萨随心配（53.50*1）,餐盒（2.00*1）",蛋挞1个+浪漫威尼斯披萨(7英寸(手拍))+可乐+盐酥鸡米花小份+烤甜玉米,,,,非会员,23,,,无需餐具,,53.50,34.49,10.00,0.00,0,0,3.11,0.00,2.30,【活动支出】店铺满减:1.00元+【活动支出】饿了么红包:9.00元+【活动支出】替用户承担配送费:2.3元,-,-,-,2.00,台州区域,台州直营,,,否,-,平台配送
圣比萨（玉环坎门店）,SBS00032,台州,"8081220255926320481	",饿了么,平台外卖,已完成,2025-10-24 18:14:25,2025-10-24 18:14:25,2025-10-24 18:14:25,饿了么支付-在线支付,,即时单,2025-10-24 18:14:25,8.10,手动出餐,1,否,"新奥尔良烤鸡肉披萨-9英寸(手拍)[{""name"":""规格"",""value"":""9英寸(手拍)""}]（33.90*1）,餐盒（2.00*1）",新奥尔良烤鸡肉披萨,,,,非会员,24,,,放门口鞋柜上面 / 2份餐具,,33.90,20.78,7.00,0.00,0,0,1.92,0.00,2.30,【活动支出】饿了么红包:7.00元+【活动支出】替用户承担配送费:2.3元,-,-,-,2.00,台州区域,台州直营,,,否,-,平台配送
圣比萨（玉环坎门店）,SBS00032,台州,"8086966089800444258	",饿了么,平台外卖,已完成,2025-10-24 18:33:37,2025-10-24 18:33:37,2025-10-24 18:33:38,饿了么支付-在线支付,,即时单,2025-10-24 18:33:37,12.15,自动出餐,1,否,"【任选】披萨随心配（35.80*1）,点击右上角❤️收藏得小吃[墨鱼丸1个]（2.00*1）,蛋挞一个（原味）（3.90*1）,餐盒（3.00*1）",小薯条+炙热牛魔王披萨(7英寸(手拍))+可乐+不加一+不加一+深海墨鱼丸1个+蛋挞1个,,,,非会员,25,,,依据餐量提供餐具,,41.70,21.70,14.81,0.00,0,0,1.99,0.00,2.30,【活动支出】店铺满减:1.00元+【活动支出】单品特价:1.90元+【活动支出】单品特价:2.91元+【活动支出】饿了么红包:9.00元+【活动支出】替用户承担配送费:2.3元,-,-,-,3.00,台州区域,台州直营,,,否,-,平台配送
圣比萨（玉环坎门店）,SBS00032,台州,"8083460255954931149	",饿了么,平台外卖,已完成,2025-10-24 19:14:41,2025-10-24 19:14:41,2025-10-24 19:14:41,饿了么支付-在线支付,,即时单,2025-10-24 19:14:41,12.00,自动出餐,1,否,"【任选5件套】披萨意面我全都要（71.70*1）,奶酪芝士卷边（9英寸）（6.90*1）,大圣招牌大满贯披萨-9英寸(手拍)[{""name"":""规格"",""value"":""9英寸(手拍)""}]（43.90*1）,点击右上角❤️收藏得小吃[上校鸡块2个]（2.00*1）,蛋挞一个（原味）（3.90*1）,餐盒（5.00*1）",明星小食桶C+番茄培根意面+碳烤鸡肉培根披萨(7英寸(手拍))+雀巢牛奶+可乐+奶酪芝士卷边9+大圣招牌大满贯披萨+上校鸡块2个+蛋挞1个,,,,非会员,26,,,依据餐量提供餐具,,128.40,86.54,24.81,0.00,0,0,7.65,0.00,2.30,【活动支出】店铺满减:6.00元+【活动支出】单品特价:1.90元+【活动支出】单品特价:2.91元+【活动支出】粉丝群:2.00元+【活动支出】饿了么红包:12.00元+【活动支出】替用户承担配送费:2.3元,-,-,-,5.00,台州区域,台州直营,,,否,-,平台配送
圣比萨（玉环坎门店）,SBS00032,台州,"8087100255971989970	",饿了么,平台外卖,已完成,2025-10-24 19:39:30,2025-10-24 19:39:30,2025-10-24 19:39:31,饿了么支付-在线支付,,即时单,2025-10-24 19:39:30,10.22,自动出餐,1,否,"炙热牛魔王披萨-7英寸(手拍)[{""name"":""规格"",""value"":""7英寸(手拍)""}]（29.90*1）,餐盒（2.00*1）",炙热牛魔王披萨,,,,非会员,27,,,1份餐具,,29.90,17.67,7.00,0.00,0,0,1.63,0.00,2.30,【活动支出】饿了么红包:7.00元+【活动支出】替用户承担配送费:2.3元,-,-,-,2.00,台州区域,台州直营,,,否,-,平台配送
圣比萨（玉环坎门店）,SBS00032,台州,"8027766089887554951	",饿了么,平台外卖,已退款,2025-10-24 20:46:31,2025-10-24 20:46:31,2025-10-24 20:46:31,饿了么支付-在线支付,,即时单,2025-10-24 20:46:31,,未出餐,1,否,"【随心❤️拼】7英寸双拼披萨（口味自选）[碳烤鸡肉培根+日系照烧鸡]（26.90*1）,餐盒（2.00*1）",双拼7寸【碳烤鸡肉培根口味7】+双拼7寸【日系照烧口味7】,,,,非会员,28,,,"不要辣, 不要辣, 不要辣,, 不要辣, 不要辣, 不要辣, 不要辣, 不要辣, 不要辣, 不要辣,/ 依据餐量提供餐具","餐厅同意取消单 ",26.90,1.73,9.00,11.90,0,0,1.27,0.00,2.30,【活动支出】粉丝群:2.00元+【活动支出】饿了么红包:7.00元+【活动支出】替用户承担配送费:2.3元,-,-,-,2.00,台州区域,台州直营,,,否,-,平台配送
圣比萨（玉环坎门店）,SBS00032,台州,"8040260256085739924	",饿了么,平台外卖,已完成,2025-10-24 20:58:30,2025-10-24 20:58:30,2025-10-24 20:58:30,饿了么支付-在线支付,,即时单,2025-10-24 20:58:30,10.22,自动出餐,1,否,奥尔良烤鸡肉披萨(7寸)-单点（20.41*1）,新奥尔良烤鸡肉披萨【7英寸(手拍)】,,,,非会员,29,,,依据餐量提供餐具,,20.41,13.21,0.00,0.00,0,0,0.00,0.00,,【活动支出】拼团反圈活动:0.00元,-,-,-,0.00,台州区域,台州直营,,,否,-,平台配送
圣比萨（玉环坎门店）,SBS00032,台州,"8031916089907422564	",饿了么,平台外卖,已完成,2025-10-24 21:27:31,2025-10-24 21:27:31,2025-10-24 21:27:31,饿了么支付-在线支付,,即时单,2025-10-24 21:27:31,10.00,自动出餐,1,否,"【随心❤️拼】12英寸双拼披萨（口味自选）[碳烤鸡肉培根+新奥尔良烤鸡肉]（49.90*1）,餐盒（2.00*1）",双拼12寸【培根鸡肉口味12】+双拼12寸【奥尔良口味12】,,,,非会员,30,,,1份餐具,,49.90,28.07,11.00,0.00,0,0,2.73,0.00,7.00,【活动支出】店铺满减:1.00元+【活动支出】超级会员专享红包:8.00元+【活动支出】 商家自营销加码:0.00元+【活动支出】粉丝群:2.00元+【活动支出】替用户承担配送费:6.0元,-,-,-,2.00,台州区域,台州直营,,,否,-,平台配送
圣比萨（玉环坎门店）,SBS00032,台州,"8062686089903362460	",饿了么,平台外卖,已完成,2025-10-24 21:48:01,2025-10-24 21:48:01,2025-10-24 21:48:01,饿了么支付-在线支付,,即时单,2025-10-24 21:48:01,10.18,自动出餐,1,否,"奶酪芝士卷边（7英寸）（4.90*1）,海苔肉松披萨-7英寸(手拍)[{""name"":""规格"",""value"":""7英寸(手拍)""}]（29.90*1）,餐盒（2.00*1）",奶酪芝士卷边7+海苔肉松披萨,,,,非会员,31,,,"打电话，不要敲门，放在门口的凳子，谢谢,打电话，不要敲门，放在门口的凳子，谢谢 / 依据餐量提供餐具",,34.80,19.54,8.00,0.00,0,0,1.86,0.00,3.30,【活动支出】饿了么红包:8.00元+【活动支出】替用户承担配送费:3.3元,-,-,-,2.00,台州区域,台州直营,,,否,-,平台配送
圣比萨（玉环坎门店）,SBS00032,台州,"8081746089879708130	",饿了么,平台外卖,已完成,2025-10-24 21:52:00,2025-10-24 21:52:00,2025-10-24 21:52:00,饿了么支付-在线支付,,即时单,2025-10-24 21:52:00,10.08,自动出餐,1,否,手握三选一-单点[奥尔良]（17.20*1）,奥尔良风情烤鸡肉一人食盒子披萨,,,,非会员,32,,,依据餐量提供餐具,,17.20,10.00,0.00,0.00,0,0,0.00,0.00,,【活动支出】拼团反圈活动:0.00元,-,-,-,0.00,台州区域,台州直营,,,否,-,平台配送
圣比萨（昆阳店）,SBM00020,温州,"8087686089628491063	",饿了么,平台外卖,已完成,2025-10-24 11:38:01,2025-10-24 11:38:01,2025-10-24 11:38:01,饿了么支付-在线支付,,即时单,2025-10-24 11:38:01,12.10,自动出餐,1,否,"个人专享套餐B[牛肉]（28.50*1）,沙拉（0.00*1）,餐盒（2.00*1）",个人专享套餐B[牛肉]+沙拉+餐盒,,,,非会员,1,,,依据餐量提供餐具,,28.50,16.29,6.00,0.00,0,0,2.26,0.00,4.00,【活动支出】饿了么红包:6.00元+【活动支出】替用户承担配送费:4.0元,-,-,-,2.00,温州区域,温州加盟,,,否,-,平台配送
圣比萨（昆阳店）,SBM00020,温州,"8091946089666524625	",饿了么,平台外卖,已完成,2025-10-24 12:08:01,2025-10-24 12:08:01,2025-10-24 12:08:01,饿了么支付-在线支付,,即时单,2025-10-24 12:08:01,12.20,自动出餐,1,否,"金牌墨鱼丸-3个[{""name"":""规格"",""value"":""3个""}]（8.00*1）,海鲜至尊片装披萨（15.80*1）,餐盒（2.00*1）",深海墨鱼丸,,,,非会员,2,,,"沙拉番茄
 / 依据餐量提供餐具",,23.80,10.00,9.00,0.00,0,0,1.45,0.00,4.00,【活动支出】粉丝群:2.00元+【活动支出】饿了么红包:7.00元+【活动支出】淘金币:0.00元+【活动支出】替用户承担配送费:4.0元,-,-,-,2.00,温州区域,温州加盟,,,否,-,平台配送
圣比萨（昆阳店）,SBM00020,温州,"8000696089695949110	",饿了么,平台外卖,已完成,2025-10-24 13:29:42,2025-10-24 13:29:42,2025-10-24 13:29:42,饿了么支付-在线支付,,即时单,2025-10-24 13:29:42,12.10,自动出餐,1,否,"榴莲王披萨-12英寸（经典手拍）[{""name"":""规格"",""value"":""12英寸（经典手拍）""}]（88.00*1）,牛肉至尊披萨-12寸[{""name"":""规格"",""value"":""12寸""}]（79.80*1）,餐盒（3.00*1）",榴莲王披萨+炙热牛魔王披萨,,,,非会员,3,,,10份餐具,,167.80,115.51,16.00,0.00,0,0,15.94,0.00,5.60,【活动支出】店铺满减:4.00元+【活动支出】饿了么红包:12.00元+【活动支出】替用户承担配送费:5.6元,-,-,-,3.00,温州区域,温州加盟,,,否,-,平台配送
圣比萨（昆阳店）,SBM00020,温州,"8066916089754247679	",饿了么,平台外卖,已完成,2025-10-24 16:04:58,2025-10-24 16:04:58,2025-10-24 16:04:59,饿了么支付-在线支付,,即时单,2025-10-24 16:04:58,10.08,自动出餐,1,否,"双人共享套餐B[牛肉披萨]（89.80*1）,沙拉（0.00*1）,餐盒（2.00*1）",双人共享套餐B[牛肉披萨]+沙拉+餐盒,,,,非会员,4,,,依据餐量提供餐具,,89.80,61.87,9.00,0.00,0,0,8.38,0.00,3.50,【活动支出】店铺满减:4.00元+【活动支出】饿了么红包:5.00元+【活动支出】替用户承担配送费:3.5元,-,-,-,2.00,温州区域,温州加盟,,,否,-,平台配送
圣比萨（昆阳店）,SBM00020,温州,"8094806089766048198	",饿了么,平台外卖,已完成,2025-10-24 16:29:25,2025-10-24 16:29:25,2025-10-24 16:29:25,饿了么支付-在线支付,,即时单,2025-10-24 16:29:25,10.13,自动出餐,1,否,"水果披萨-9寸[{""name"":""规格"",""value"":""9寸""}]（49.80*1）,餐盒（2.00*1）",缤纷水果披萨,,,,非会员,5,,,依据餐量提供餐具,,49.80,32.96,6.00,0.00,0,0,4.49,0.00,3.50,【活动支出】店铺满减:1.00元+【活动支出】饿了么红包:5.00元+【活动支出】替用户承担配送费:3.5元,-,-,-,2.00,温州区域,温州加盟,,,否,-,平台配送
圣比萨（昆阳店）,SBM00020,温州,"8071686089727615438	",饿了么,平台外卖,已完成,2025-10-24 16:32:14,2025-10-24 16:32:14,2025-10-24 16:32:14,饿了么支付-在线支付,,即时单,2025-10-24 16:32:14,10.03,自动出餐,1,否,"牛肉至尊披萨-9寸[{""name"":""规格"",""value"":""9寸""}]（59.80*1）,餐盒（2.00*1）",炙热牛魔王披萨,,,,非会员,6,,,依据餐量提供餐具,,59.80,38.62,9.00,0.00,0,0,5.23,0.00,3.50,【活动支出】店铺满减:2.00元+【活动支出】 商家自营销加码:2.00元+【活动支出】饿了么红包:5.00元+【活动支出】替用户承担配送费:3.5元,-,-,-,2.00,温州区域,温州加盟,,,否,-,平台配送
圣比萨（昆阳店）,SBM00020,温州,"8032230255759284613	",饿了么,平台外卖,已完成,2025-10-24 16:40:51,2025-10-24 16:40:51,2025-10-24 16:40:52,饿了么支付-在线支付,,即时单,2025-10-24 16:40:51,10.10,自动出餐,1,否,"牛肉至尊披萨-9寸[{""name"":""规格"",""value"":""9寸""}]（59.80*1）",炙热牛魔王披萨,,,,非会员,7,,,一半牛肉 一半海鲜 🦞  别搞错了  / 1份餐具,,59.80,30.24,17.70,0.00,0,0,4.11,0.00,3.50,【活动支出】单品特价:17.70元+【活动支出】替用户承担配送费:3.5元,-,-,-,0.00,温州区域,温州加盟,,,否,-,平台配送
圣比萨（昆阳店）,SBM00020,温州,"8035886089735288274	",饿了么,平台外卖,已完成,2025-10-24 17:03:49,2025-10-24 17:03:49,2025-10-24 17:03:49,饿了么支付-在线支付,,即时单,2025-10-24 17:03:49,10.10,自动出餐,1,否,"意式培根披萨-9寸[{""name"":""规格"",""value"":""9寸""}]（49.80*1）,餐盒（2.00*1）","意式培根披萨-9寸[{""name"":""规格"",""value"":""9寸""}]+餐盒",,,,非会员,8,,,依据餐量提供餐具,,49.80,31.17,8.00,0.00,0,0,4.28,0.00,3.50,【活动支出】店铺满减:1.00元+【活动支出】饿了么红包:7.00元+【活动支出】替用户承担配送费:3.5元,-,-,-,2.00,温州区域,温州加盟,,,否,-,平台配送
圣比萨（昆阳店）,SBM00020,温州,"8081836089770156366	",饿了么,平台外卖,已完成,2025-10-24 17:23:22,2025-10-24 17:23:22,2025-10-24 17:23:22,饿了么支付-在线支付,,即时单,2025-10-24 17:23:22,10.12,自动出餐,1,否,"牛肉至尊披萨-9寸[{""name"":""规格"",""value"":""9寸""}]（59.80*1）,餐盒（2.00*1）",炙热牛魔王披萨,,,,非会员,9,,,对商家：一半海鲜 一半牛肉 谢谢！ / 依据餐量提供餐具,,59.80,34.75,14.00,0.00,0,0,4.70,0.00,3.50,【活动支出】店铺满减:2.00元+【活动支出】饿了么红包:12.00元+【活动支出】替用户承担配送费:3.5元,-,-,-,2.00,温州区域,温州加盟,,,否,-,平台配送
圣比萨（昆阳店）,SBM00020,温州,"8016906089774616953	",饿了么,平台外卖,已完成,2025-10-24 17:26:37,2025-10-24 17:26:37,2025-10-24 17:26:37,饿了么支付-在线支付,,即时单,2025-10-24 17:26:37,10.07,自动出餐,1,否,"榴莲王披萨-9英寸(经典手拍)[{""name"":""规格"",""value"":""9英寸(经典手拍)""}]（68.00*1）",榴莲王披萨,,,,非会员,10,,,依据餐量提供餐具,,68.00,29.35,26.90,0.00,0,0,4.00,0.00,3.50,【活动支出】单品特价:26.90元+【活动支出】替用户承担配送费:3.5元,-,-,-,0.00,温州区域,温州加盟,,,否,-,平台配送
圣比萨（昆阳店）,SBM00020,温州,"8069986089788398045	",饿了么,平台外卖,已完成,2025-10-24 17:43:47,2025-10-24 17:43:47,2025-10-24 17:43:48,饿了么支付-在线支付,,即时单,2025-10-24 17:43:47,12.12,自动出餐,1,否,"牛肉至尊披萨-9寸[{""name"":""规格"",""value"":""9寸""}]（59.80*1）,餐盒（2.00*1）",炙热牛魔王披萨,,,,非会员,11,,,2份餐具,,59.80,34.75,14.00,0.00,0,0,4.70,0.00,3.50,【活动支出】店铺满减:2.00元+【活动支出】饿了么红包:12.00元+【活动支出】替用户承担配送费:3.5元,-,-,-,2.00,温州区域,温州加盟,,,否,-,平台配送
圣比萨（昆阳店）,SBM00020,温州,"8077716089769672986	",饿了么,平台外卖,已完成,2025-10-24 17:59:45,2025-10-24 17:59:45,2025-10-24 17:59:45,饿了么支付-在线支付,,即时单,2025-10-24 17:59:45,12.07,自动出餐,1,否,"牛肉至尊披萨-9寸[{""name"":""规格"",""value"":""9寸""}]（59.80*1）,餐盒（2.00*1）",炙热牛魔王披萨,,,,非会员,12,,,依据餐量提供餐具,,59.80,37.73,10.00,0.00,0,0,5.12,0.00,3.50,【活动支出】店铺满减:2.00元+【活动支出】饿了么红包:8.00元+【活动支出】替用户承担配送费:3.5元,-,-,-,2.00,温州区域,温州加盟,,,否,-,平台配送
圣比萨（昆阳店）,SBM00020,温州,"8044320255921542436	",饿了么,平台外卖,已完成,2025-10-24 18:06:40,2025-10-24 18:06:40,2025-10-24 18:06:40,饿了么支付-在线支付,,即时单,2025-10-24 18:06:40,12.18,自动出餐,1,否,"水果披萨-9寸[{""name"":""规格"",""value"":""9寸""}]（49.80*1）,餐盒（2.00*1）",缤纷水果披萨,,,,非会员,13,,,无需餐具,,49.80,30.87,9.00,0.00,0,0,4.18,0.00,3.50,【活动支出】店铺满减:1.00元+【活动支出】饿了么红包:8.00元+【活动支出】替用户承担配送费:3.5元,-,-,-,2.00,温州区域,温州加盟,,,否,-,平台配送
圣比萨（昆阳店）,SBM00020,温州,"8070420255826791908	",饿了么,平台外卖,已完成,2025-10-24 18:24:52,2025-10-24 18:24:52,2025-10-24 18:24:52,饿了么支付-在线支付,,即时单,2025-10-24 18:24:52,12.10,自动出餐,1,否,"榴莲王披萨-12英寸（经典手拍）[{""name"":""规格"",""value"":""12英寸（经典手拍）""}]（88.00*1）,餐盒（1.00*1）",榴莲王披萨,,,,非会员,14,,,依据餐量提供餐具,,88.00,63.24,4.00,0.00,0,0,8.61,0.00,3.50,【活动支出】店铺满减:4.00元+【活动支出】替用户承担配送费:3.5元,-,-,-,1.00,温州区域,温州加盟,,,否,-,平台配送
圣比萨（昆阳店）,SBM00020,温州,"8043556089828737498	",饿了么,平台外卖,已完成,2025-10-24 18:28:15,2025-10-24 18:28:15,2025-10-24 18:28:15,饿了么支付-在线支付,,即时单,2025-10-24 18:28:15,12.22,自动出餐,1,否,"牛肉至尊披萨-12寸[{""name"":""规格"",""value"":""12寸""}]（79.80*1）,餐盒（2.00*1）",炙热牛魔王披萨,,,,非会员,15,,,依据餐量提供餐具,,79.80,53.23,10.00,0.00,0,0,7.22,0.00,3.50,【活动支出】店铺满减:2.00元+【活动支出】超级会员专享红包:8.00元+【活动支出】 商家自营销加码:0.00元+【活动支出】替用户承担配送费:3.5元,-,-,-,2.00,温州区域,温州加盟,,,否,-,平台配送
圣比萨（昆阳店）,SBM00020,温州,"8015410255937637714	",饿了么,平台外卖,已完成,2025-10-24 18:39:58,2025-10-24 18:39:58,2025-10-24 18:39:59,饿了么支付-在线支付,,即时单,2025-10-24 18:39:58,12.22,自动出餐,1,否,"榴莲王披萨-9英寸(经典手拍)[{""name"":""规格"",""value"":""9英寸(经典手拍)""}]（68.00*1）,餐盒（1.00*1）",榴莲王披萨,,,,非会员,16,,,依据餐量提供餐具,,68.00,45.65,7.00,0.00,0,0,6.20,0.00,3.50,【活动支出】店铺满减:2.00元+【活动支出】饿了么红包:5.00元+【活动支出】替用户承担配送费:3.5元,-,-,-,1.00,温州区域,温州加盟,,,否,-,平台配送
圣比萨（昆阳店）,SBM00020,温州,"8007030255941105082	",饿了么,平台外卖,已完成,2025-10-24 18:58:42,2025-10-24 18:58:42,2025-10-24 18:58:43,饿了么支付-在线支付,,即时单,2025-10-24 18:58:42,12.00,自动出餐,1,否,"个人专享套餐B[水果]（28.50*1）,沙拉（0.00*1）,餐盒（2.00*1）",个人专享套餐B[水果]+沙拉+餐盒,,,,非会员,17,,,依据餐量提供餐具,,28.50,15.40,7.00,0.00,0,0,2.15,0.00,3.50,【活动支出】饿了么红包:7.00元+【活动支出】替用户承担配送费:3.5元,-,-,-,2.00,温州区域,温州加盟,,,否,-,平台配送
圣比萨（昆阳店）,SBM00020,温州,"8017440256073646445	",饿了么,平台外卖,已完成,2025-10-24 20:09:39,2025-10-24 20:09:39,2025-10-24 20:09:39,饿了么支付-在线支付,,即时单,2025-10-24 20:09:39,10.03,自动出餐,1,否,"个人专享套餐B[牛肉]（28.50*1）,沙拉（0.00*1）,餐盒（2.00*1）",个人专享套餐B[牛肉]+沙拉+餐盒,,,,非会员,18,,,依据餐量提供餐具,,28.50,17.19,5.00,0.00,0,0,2.36,0.00,3.50,【活动支出】饿了么红包:5.00元+【活动支出】替用户承担配送费:3.5元,-,-,-,2.00,温州区域,温州加盟,,,否,-,平台配送
圣比萨（昆阳店）,SBM00020,温州,"8075090255984713081	",饿了么,平台外卖,已完成,2025-10-24 20:18:27,2025-10-24 20:18:27,2025-10-24 20:18:27,饿了么支付-在线支付,,即时单,2025-10-24 20:18:27,10.07,自动出餐,1,否,"水果披萨-9寸[{""name"":""规格"",""value"":""9寸""}]（49.80*1）,餐盒（2.00*1）",缤纷水果披萨,,,,非会员,19,,,依据餐量提供餐具,,49.80,30.87,9.00,0.00,0,0,4.18,0.00,3.50,【活动支出】店铺满减:1.00元+【活动支出】饿了么红包:8.00元+【活动支出】替用户承担配送费:3.5元,-,-,-,2.00,温州区域,温州加盟,,,否,-,平台配送
圣比萨（昆阳店）,SBM00020,温州,"8019020255893152117	",饿了么,平台外卖,已完成,2025-10-24 20:53:04,2025-10-24 20:53:04,2025-10-24 20:53:04,饿了么支付-在线支付,,即时单,2025-10-24 20:53:04,10.02,自动出餐,1,否,"浪漫威尼斯披萨-9寸[{""name"":""规格"",""value"":""9寸""}]（49.80*1）,港式奶茶[常温]（10.00*1）,餐盒（3.00*1）",浪漫威尼斯披萨+港式奶茶,,,,非会员,20,,,依据餐量提供餐具,,59.80,35.04,14.00,0.00,0,0,4.81,0.00,3.50,【活动支出】店铺满减:2.00元+【活动支出】饿了么红包:12.00元+【活动支出】替用户承担配送费:3.5元,-,-,-,3.00,温州区域,温州加盟,,,否,-,平台配送
圣比萨（昆阳店）,SBM00020,温州,"8076966089888475467	",饿了么,平台外卖,已完成,2025-10-24 21:20:26,2025-10-24 21:20:26,2025-10-24 21:20:26,饿了么支付-在线支付,,即时单,2025-10-24 21:20:26,10.23,自动出餐,1,否,"意式培根披萨-9寸[{""name"":""规格"",""value"":""9寸""}]（49.80*1）,餐盒（2.00*1）","意式培根披萨-9寸[{""name"":""规格"",""value"":""9寸""}]+餐盒",,,,非会员,21,,,依据餐量提供餐具,,49.80,30.37,9.00,0.00,0,0,4.18,0.00,5.60,【活动支出】店铺满减:1.00元+【活动支出】饿了么红包:8.00元+【活动支出】替用户承担配送费:5.6元,-,-,-,2.00,温州区域,温州加盟,,,否,-,平台配送
圣比萨（昆阳店）,SBM00020,温州,"8019546089905334752	",饿了么,平台外卖,已完成,2025-10-24 21:44:23,2025-10-24 21:44:23,2025-10-24 21:44:23,饿了么支付-在线支付,,即时单,2025-10-24 21:44:23,10.10,自动出餐,1,否,"水果披萨-9寸[{""name"":""规格"",""value"":""9寸""}]（49.80*1）,餐盒（2.00*1）",缤纷水果披萨,,,,非会员,22,,,依据餐量提供餐具,,49.80,28.58,11.00,0.00,0,0,3.97,0.00,5.60,【活动支出】店铺满减:1.00元+【活动支出】粉丝群:2.00元+【活动支出】饿了么红包:8.00元+【活动支出】替用户承担配送费:5.6元,-,-,-,2.00,温州区域,温州加盟,,,否,-,平台配送
圣比萨（龙霞店）,SBS00007,温州,"8068210255700397476	",饿了么,平台外卖,已完成,2025-10-24 11:04:51,2025-10-24 11:04:51,2025-10-24 11:04:51,饿了么支付-在线支付,,即时单,2025-10-24 11:04:51,12.12,自动出餐,1,否,"深海墨鱼丸-3个[{""name"":""规格"",""value"":""3个""}]（10.60*1）,【随心拼】7英寸披萨(口味自选）[奥尔良+奥尔良]（54.00*1）,美式香骨鸡（8.90*1）,奶酪芝士卷边（7英寸）（4.90*1）,餐盒（4.00*1）",深海墨鱼丸+双拼7寸【奥尔良口味7】+双拼7寸【奥尔良口味7】+美式香骨鸡+奶酪芝士卷边7,,,,非会员,1,,,依据餐量提供餐具,,78.40,29.08,42.80,0.00,0,0,2.75,0.00,3.50,【活动支出】店铺满减:1.00元+【活动支出】单品特价:4.70元+【活动支出】单品特价:28.10元+【活动支出】粉丝群:1.00元+【活动支出】饿了么红包:8.00元+【活动支出】替用户承担配送费:3.5元,-,-,-,4.00,温州区域,温州直营,,,否,-,平台配送
圣比萨（龙霞店）,SBS00007,温州,"8049010255720321531	",饿了么,平台外卖,已完成,2025-10-24 11:25:07,2025-10-24 11:25:07,2025-10-24 11:25:08,饿了么支付-在线支付,,即时单,2025-10-24 11:25:07,12.05,自动出餐,1,否,"[买一送一]意大利面[招牌肉酱意面+黑椒牛肉意面]（60.00*1）,点击右上角❤️收藏得小吃[上校鸡块2个]（2.00*1）,【福利优惠】蛋挞一个（原味）（10.00*1）,餐盒（3.00*1）",招牌肉酱意面+黑椒牛肉意面+上校鸡块2个+蛋挞1个,,,,非会员,2,,,依据餐量提供餐具,,72.00,24.17,42.01,0.00,0,0,2.25,0.00,3.50,【活动支出】店铺满减:1.00元+【活动支出】单品特价:18.10元+【活动支出】单品特价:1.90元+【活动支出】单品特价:9.01元+【活动支出】饿了么红包:12.00元+【活动支出】替用户承担配送费:3.5元,-,-,-,3.00,温州区域,温州直营,,,否,-,平台配送
圣比萨（龙霞店）,SBS00007,温州,"8044626089637339631	",饿了么,平台外卖,已完成,2025-10-24 11:30:52,2025-10-24 11:30:52,2025-10-24 11:30:52,饿了么支付-在线支付,,即时单,2025-10-24 11:30:52,12.08,自动出餐,1,否,"榴莲披萨随心拼套餐（59.90*1）,点击右上角❤️收藏得小吃[上校鸡块2个]（2.00*1）,餐盒（2.50*1）",经典薯条+榴莲王披萨(7英寸(手拍))+新奥尔良烤鸡肉披萨(7英寸(手拍))+柠檬茶+柠檬茶+上校鸡块2个,,,,非会员,3,,,依据餐量提供餐具,,61.90,33.02,19.90,0.00,0,0,3.11,0.00,3.50,【活动支出】店铺满减:6.00元+【活动支出】单品特价:1.90元+【活动支出】饿了么红包:12.00元+【活动支出】替用户承担配送费:3.5元,-,-,-,2.50,温州区域,温州直营,,,否,-,平台配送
圣比萨（龙霞店）,SBS00007,温州,"8022020255736826120	",饿了么,平台外卖,已完成,2025-10-24 11:31:34,2025-10-24 11:31:34,2025-10-24 11:31:34,饿了么支付-在线支付,,即时单,2025-10-24 11:31:34,12.05,自动出餐,1,否,"7英寸奥尔良烤鸡肉披萨[7英奥尔良烤鸡肉披萨]（58.00*1）,酸奶多多流心卷边（7英寸）（4.90*1）,餐盒（2.00*1）",新奥尔良烤鸡肉披萨【7英寸(手拍)】+酸奶多多流心卷边7,,,,非会员,4,,,依据餐量提供餐具,,62.90,16.27,41.10,0.00,0,0,1.56,0.00,3.50,【活动支出】单品特价:37.10元+【活动支出】饿了么红包:4.00元+【活动支出】替用户承担配送费:3.5元,-,-,-,2.00,温州区域,温州直营,,,否,-,平台配送
圣比萨（龙霞店）,SBS00007,温州,"8090936089636606346	",饿了么,平台外卖,已完成,2025-10-24 11:45:22,2025-10-24 11:45:22,2025-10-24 11:45:23,饿了么支付-在线支付,,即时单,2025-10-24 11:45:22,12.03,自动出餐,1,否,"圣比招牌披萨-7英寸(经典手拍)[{""name"":""规格"",""value"":""7英寸(经典手拍)""}]（45.00*1）,招牌肉酱意面（52.00*2）,餐盒（4.00*1）",大圣招牌大满贯披萨+招牌肉酱意面,,,,非会员,5,,,依据餐量提供餐具,,149.00,51.83,79.30,0.00,0,0,5.30,0.00,9.30,【活动支出】店铺满减:6.00元+【活动支出】单品特价:13.10元+【活动支出】单品特价:48.20元+【活动支出】饿了么红包:12.00元+【活动支出】替用户承担配送费:6.0元,-,-,-,4.00,温州区域,温州直营,,,否,-,平台配送
圣比萨（龙霞店）,SBS00007,温州,"8034896089657112870	",饿了么,平台外卖,已完成,2025-10-24 12:19:17,2025-10-24 12:19:17,2025-10-24 12:19:17,饿了么支付-在线支付,,即时单,2025-10-24 12:19:17,12.13,自动出餐,1,否,"咸蛋黄风味流沙卷边（7英寸）（4.90*1）,【真榴莲果肉】7英寸榴莲王披萨（58.00*1）,【福利优惠】蛋挞一个（原味）（10.00*1）,黑椒牛肉芝士焗饭（52.00*1）,餐盒（3.50*1）",咸蛋黄流沙卷边7+榴莲王披萨7英寸+蛋挞1个+黑椒牛肉芝士焗饭,,,,非会员,6,,,依据餐量提供餐具,,124.90,45.74,68.20,0.00,0,0,4.29,0.00,3.50,【活动支出】店铺满减:6.00元+【活动支出】单品特价:24.10元+【活动支出】单品特价:24.10元+【活动支出】吃货豆兑换的商家券:5.00元+【活动支出】精准营销:9.00元+【活动支出】替用户承担配送费:3.5元,-,-,-,3.50,温州区域,温州直营,,,否,-,平台配送
圣比萨（龙霞店）,SBS00007,温州,"8040636089665206615	",饿了么,平台外卖,已完成,2025-10-24 12:31:13,2025-10-24 12:31:13,2025-10-24 12:31:13,饿了么支付-在线支付,,即时单,2025-10-24 12:31:13,12.03,自动出餐,1,否,"[买一送一]买披萨送意面[圣比招牌披萨7英寸+番茄牛肉意面]（75.00*1）,餐盒（2.00*1）",大圣招牌大满贯披萨【7英寸(手拍)】+番茄牛肉意面,,,,非会员,7,,,依据餐量提供餐具,,75.00,27.19,40.10,0.00,0,0,2.54,0.00,3.50,【活动支出】店铺满减:1.00元+【活动支出】单品特价:30.10元+【活动支出】饿了么红包:9.00元+【活动支出】替用户承担配送费:3.5元,-,-,-,2.00,温州区域,温州直营,,,否,-,平台配送
圣比萨（龙霞店）,SBS00007,温州,"8030460255788756231	",饿了么,平台外卖,已完成,2025-10-24 12:47:54,2025-10-24 12:47:54,2025-10-24 12:47:54,饿了么支付-在线支付,,即时单,2025-10-24 12:47:54,12.02,自动出餐,1,否,"鲜虾菠萝披萨-9英寸(经典手拍)[{""name"":""规格"",""value"":""9英寸(经典手拍)""}]（78.00*1）,奶酪芝士卷边（9英寸）（6.90*1）,【真榴莲果肉】7英寸榴莲王披萨（58.00*1）,奶酪芝士卷边（7英寸）（4.90*1）,餐盒（4.00*1）",鲜虾菠萝披萨+奶酪芝士卷边9+榴莲王披萨7英寸+奶酪芝士卷边7,,,,非会员,8,,,依据餐量提供餐具,,147.80,58.23,74.20,0.00,0,0,5.60,0.00,6.20,【活动支出】店铺满减:6.00元+【活动支出】单品特价:32.10元+【活动支出】单品特价:24.10元+【活动支出】饿了么红包:12.00元+【活动支出】替用户承担配送费:6.0元,-,-,-,4.00,温州区域,温州直营,,,否,-,平台配送
圣比萨（龙霞店）,SBS00007,温州,"8019280255907681629	",饿了么,平台外卖,已完成,2025-10-24 14:11:33,2025-10-24 14:11:33,2025-10-24 14:11:33,饿了么支付-在线支付,,即时单,2025-10-24 14:11:33,10.13,自动出餐,1,否,"可乐[冷]（5.00*1）,披萨随心配（60.00*1）,餐盒（2.00*1）",可乐+地道肠1根+深海墨鱼丸2个+上校鸡块2个+新奥尔良烤鸡肉披萨(7英寸(手拍)),,,,非会员,9,,,1份餐具,,65.00,20.39,38.10,0.00,0,0,1.94,0.00,3.50,【活动支出】单品特价:30.10元+【活动支出】饿了么红包:8.00元+【活动支出】替用户承担配送费:3.5元,-,-,-,2.00,温州区域,温州直营,,,否,-,平台配送
圣比萨（龙霞店）,SBS00007,温州,"8005666089720572168	",饿了么,平台外卖,已完成,2025-10-24 14:41:20,2025-10-24 14:41:20,2025-10-24 14:41:21,饿了么支付-在线支付,,即时单,2025-10-24 14:41:20,10.10,自动出餐,1,否,手握三选一-单点[缤纷水果]（20.00*1）,热带雨林水果一人食盒子披萨,,,,非会员,10,,,依据餐量提供餐具,,20.00,10.00,0.00,0.00,0,0,0.00,0.00,,【活动支出】爆品团通吃券:0.00元,-,-,-,0.00,温州区域,温州直营,,,否,-,平台配送
圣比萨（龙霞店）,SBS00007,温州,"8044470255833972139	",饿了么,平台外卖,已完成,2025-10-24 15:34:33,2025-10-24 15:34:33,2025-10-24 15:34:33,饿了么支付-在线支付,,即时单,2025-10-24 15:34:33,10.03,自动出餐,1,否,"经典薯条（18.00*1）,7件套随心拼套餐（49.90*1）,餐盒（3.00*1）",经典薯条+蛋挞1个+蛋挞1个+深海墨鱼丸2个+小可乐+小可乐+番茄牛肉意面+金沙咸蛋黄嫩鸡披萨(7英寸(手拍)),,,,非会员,11,,,2份餐具,,67.90,35.14,24.10,0.00,0,0,3.29,0.00,4.00,【活动支出】店铺满减:6.00元+【活动支出】单品特价:9.10元+【活动支出】饿了么红包:9.00元+【活动支出】替用户承担配送费:4.0元,-,-,-,3.00,温州区域,温州直营,,,否,-,平台配送
圣比萨（龙霞店）,SBS00007,温州,"8030400255934444842	",饿了么,平台外卖,已完成,2025-10-24 15:36:49,2025-10-24 15:36:49,2025-10-24 15:36:50,饿了么支付-在线支付,,即时单,2025-10-24 15:36:49,10.12,自动出餐,1,否,"爆款披萨双人超值套餐[奥尔良鸡肉披萨7英寸+番茄牛肉意面+港式奶茶+港式奶茶]（88.00*1）,【福利优惠】蛋挞一个（原味）（10.00*1）,点击右上角❤️收藏得小吃[上校鸡块2个]（2.00*1）,【福利优惠】蛋挞一个（原味）（10.00*1）,【新客福利】台式香烤地道肠（7.50*1）,餐盒（4.00*1）",新奥尔良烤鸡肉披萨【7英寸(手拍)】+番茄牛肉意面+港式奶茶+港式奶茶+蛋挞1个+上校鸡块2个+蛋挞1个+地道肠1根,,,,非会员,12,,,依据餐量提供餐具,,117.50,28.54,81.52,0.00,0,0,2.77,0.00,4.50,【活动支出】店铺满减:1.00元+【活动支出】单品特价:41.10元+【活动支出】单品特价:1.90元+【活动支出】单品特价:9.01元+【活动支出】单品特价:6.51元+【活动支出】粉丝群:1.00元+【活动支出】饿了么红包:12.00元+【活动支出】精准营销:9.00元+【活动支出】替用户承担配送费:4.5元,-,-,-,4.00,温州区域,温州直营,,,否,-,平台配送
圣比萨（龙霞店）,SBS00007,温州,"8053826089714021851	",饿了么,平台外卖,已完成,2025-10-24 16:16:58,2025-10-24 16:16:58,2025-10-24 16:16:58,饿了么支付-在线支付,,预约单,2025-10-24 17:30:00,28.10,自动出餐,1,否,"缤纷水果披萨-12英寸(手拍)[{""name"":""规格"",""value"":""12英寸(手拍)""}]（106.00*1）,番茄牛肉意面（52.00*1）,餐盒（2.00*1）",缤纷水果披萨+番茄牛肉意面,,,,非会员,13,,,依据餐量提供餐具,,158.00,47.22,98.20,0.00,0,0,4.41,0.00,3.50,【活动支出】店铺满减:6.00元+【活动支出】单品特价:54.10元+【活动支出】单品特价:28.10元+【活动支出】粉丝群:1.00元+【活动支出】饿了么红包:9.00元+【活动支出】替用户承担配送费:3.5元,-,-,-,2.00,温州区域,温州直营,,,否,-,平台配送
圣比萨（龙霞店）,SBS00007,温州,"8058616089748106497	",饿了么,平台外卖,已完成,2025-10-24 16:19:43,2025-10-24 16:19:43,2025-10-24 16:19:43,饿了么支付-在线支付,,即时单,2025-10-24 16:19:43,10.15,自动出餐,1,否,新奥尔良烤鸡肉披萨7寸-单点（22.00*1）,新奥尔良烤鸡肉披萨【7英寸(手拍)】,,,,非会员,14,,,依据餐量提供餐具,,22.00,12.00,0.00,0.00,0,0,0.00,0.00,,【活动支出】拼团反圈活动:0.00元,-,-,-,0.00,温州区域,温州直营,,,否,-,平台配送
圣比萨（龙霞店）,SBS00007,温州,"8006350255948685634	",饿了么,平台外卖,已完成,2025-10-24 16:25:50,2025-10-24 16:25:50,2025-10-24 16:25:51,饿了么支付-在线支付,,即时单,2025-10-24 16:25:50,10.02,自动出餐,1,否,"意面随心配（58.00*1）,餐盒（2.00*1）",盐酥鸡米花小份+地道肠1根+上校鸡块2个+番茄牛肉意面,,,,非会员,15,,,依据餐量提供餐具,,58.00,16.36,36.10,0.00,0,0,1.57,0.00,3.50,【活动支出】单品特价:31.10元+【活动支出】饿了么红包:5.00元+【活动支出】替用户承担配送费:3.5元,-,-,-,2.00,温州区域,温州直营,,,否,-,平台配送
圣比萨（龙霞店）,SBS00007,温州,"8056290255754466578	",饿了么,平台外卖,已完成,2025-10-24 16:33:01,2025-10-24 16:33:01,2025-10-24 16:33:01,饿了么支付-在线支付,,即时单,2025-10-24 16:33:01,10.12,自动出餐,1,否,"点击右上角❤️收藏得小吃[上校鸡块2个]（2.00*1）,7英寸奥尔良烤鸡肉披萨[7英奥尔良烤鸡肉披萨]（58.00*1）,【福利优惠】蛋挞一个（原味）（10.00*1）,餐盒（3.00*1）",上校鸡块2个+新奥尔良烤鸡肉披萨【7英寸(手拍)】+蛋挞1个,,,,非会员,16,,,依据餐量提供餐具,,70.00,7.99,55.01,0.00,0,0,1.43,0.00,7.40,【活动支出】单品特价:1.90元+【活动支出】单品特价:37.10元+【活动支出】单品特价:9.01元+【活动支出】 商家自营销加码:2.00元+【活动支出】饿了么红包:5.00元+【活动支出】替用户承担配送费:6.0元,-,-,-,3.00,温州区域,温州直营,,,否,-,平台配送
圣比萨（龙霞店）,SBS00007,温州,"8025060255776772456	",饿了么,平台外卖,已完成,2025-10-24 17:06:33,2025-10-24 17:06:33,2025-10-24 17:06:33,饿了么支付-在线支付,,即时单,2025-10-24 17:06:33,10.03,自动出餐,1,否,"披萨随心配（60.00*1）,餐盒（2.00*1）",盐酥鸡米花小份+深海墨鱼丸2个+上校鸡块2个+新奥尔良烤鸡肉披萨(7英寸(手拍)),,,,非会员,17,,,依据餐量提供餐具,,60.00,17.29,37.10,0.00,0,0,1.64,0.00,3.50,【活动支出】单品特价:30.10元+【活动支出】饿了么红包:7.00元+【活动支出】替用户承担配送费:3.5元,-,-,-,2.00,温州区域,温州直营,,,否,-,平台配送
圣比萨（龙霞店）,SBS00007,温州,"8039320255885840701	",饿了么,平台外卖,已完成,2025-10-24 17:09:34,2025-10-24 17:09:34,2025-10-24 17:09:34,饿了么支付-在线支付,,即时单,2025-10-24 17:09:34,10.22,自动出餐,1,否,"【香蕉菠萝】7英寸缤纷水果披萨（42.00*1）,奶酪芝士卷边（7英寸）（4.90*1）,餐盒（2.00*1）",缤纷水果披萨【7英寸(手拍)】+奶酪芝士卷边7,,,,非会员,18,,,依据餐量提供餐具,,46.90,23.99,16.10,0.00,0,0,2.24,0.00,3.50,【活动支出】单品特价:16.10元+【活动支出】替用户承担配送费:3.5元,-,-,-,2.00,温州区域,温州直营,,,否,-,平台配送
圣比萨（龙霞店）,SBS00007,温州,"8079776089774064114	",饿了么,平台外卖,已完成,2025-10-24 17:18:43,2025-10-24 17:18:43,2025-10-24 17:18:44,饿了么支付-在线支付,,即时单,2025-10-24 17:18:43,10.23,自动出餐,1,否,"7英寸奥尔良烤鸡肉披萨[7英奥尔良烤鸡肉披萨]（58.00*1）,餐盒（2.00*1）",新奥尔良烤鸡肉披萨【7英寸(手拍)】,,,,非会员,19,,,无需餐具,,58.00,16.04,37.10,0.00,0,0,1.49,0.00,3.50,【活动支出】单品特价:37.10元+【活动支出】替用户承担配送费:3.5元,-,-,-,2.00,温州区域,温州直营,,,否,-,平台配送
圣比萨（龙霞店）,SBS00007,温州,"8061080255889124617	",饿了么,平台外卖,已完成,2025-10-24 17:24:02,2025-10-24 17:24:02,2025-10-24 17:24:03,饿了么支付-在线支付,,即时单,2025-10-24 17:24:02,10.03,自动出餐,1,否,"【香蕉菠萝】7英寸缤纷水果披萨（42.00*1）,鲜虾菠萝披萨-7英寸(经典手拍)[{""name"":""规格"",""value"":""7英寸(经典手拍)""}]（45.00*1）,红薯薯泥流心卷边（7英寸）（4.90*1）,餐盒（4.00*1）",缤纷水果披萨【7英寸(手拍)】+鲜虾菠萝披萨+红薯泥流心卷边7,,,,非会员,20,,,依据餐量提供餐具,,91.90,46.20,35.20,0.00,0,0,4.33,0.00,3.50,【活动支出】店铺满减:6.00元+【活动支出】单品特价:16.10元+【活动支出】单品特价:13.10元+【活动支出】替用户承担配送费:3.5元,-,-,-,4.00,温州区域,温州直营,,,否,-,平台配送
圣比萨（龙霞店）,SBS00007,温州,"8001060255971531186	",饿了么,平台外卖,已完成,2025-10-24 17:24:24,2025-10-24 17:24:24,2025-10-24 17:24:24,饿了么支付-在线支付,,即时单,2025-10-24 17:24:24,10.17,自动出餐,1,否,新奥尔良烤鸡肉披萨7寸-单点（22.00*1）,新奥尔良烤鸡肉披萨【7英寸(手拍)】,,,,非会员,21,,,依据餐量提供餐具,,22.00,12.00,0.00,0.00,0,0,0.00,0.00,,【活动支出】拼团反圈活动:0.00元,-,-,-,0.00,温州区域,温州直营,,,否,-,平台配送
圣比萨（龙霞店）,SBS00007,温州,"8008716089778147833	",饿了么,平台外卖,已完成,2025-10-24 17:34:52,2025-10-24 17:34:52,2025-10-24 17:34:52,饿了么支付-在线支付,,即时单,2025-10-24 17:34:52,12.20,自动出餐,1,否,"任选披萨8选1+小吃6选1+饮料[缤纷水果披萨7英寸+上校鸡块4个+柠檬茶+常温]（58.00*1）,餐盒（2.00*1）",缤纷水果披萨【7英寸(手拍)】+上校鸡块+柠檬茶,,,,非会员,22,,,放门口电话告知 / 依据餐量提供餐具,,58.00,20.39,31.10,0.00,0,0,1.94,0.00,3.50,【活动支出】单品特价:26.10元+【活动支出】吃货豆兑换的商家券:5.00元+【活动支出】替用户承担配送费:3.5元,-,-,-,2.00,温州区域,温州直营,,,否,-,平台配送
圣比萨（龙霞店）,SBS00007,温州,"8037420255803099573	",饿了么,平台外卖,已完成,2025-10-24 17:55:03,2025-10-24 17:55:03,2025-10-24 17:55:04,饿了么支付-在线支付,,即时单,2025-10-24 17:55:03,12.02,自动出餐,1,否,手握三选一-单点[奥尔良]（20.00*1）,奥尔良风情烤鸡肉一人食盒子披萨,,,,非会员,23,,,依据餐量提供餐具,,20.00,10.00,0.00,0.00,0,0,0.00,0.00,,【活动支出】拼团反圈活动:0.00元,-,-,-,0.00,温州区域,温州直营,,,否,-,平台配送
圣比萨（龙霞店）,SBS00007,温州,"8078240255816192265	",饿了么,平台外卖,已完成,2025-10-24 18:09:02,2025-10-24 18:09:02,2025-10-24 18:09:02,饿了么支付-在线支付,,即时单,2025-10-24 18:09:02,12.00,自动出餐,1,否,"点击右上角❤️收藏得小吃[小薯饼一个]（2.00*1）,奥尔良烤翅（14.00*1）,任选披萨8选1+小吃6选1+饮料[缤纷水果披萨7英寸+地道肠1根+冰红茶+常温]（58.00*1）,【福利优惠】蛋挞一个（原味）（10.00*1）,红薯薯泥流心卷边（7英寸）（4.90*1）,餐盒（5.00*1）",薯饼1个+奥尔良烤翅+缤纷水果披萨【7英寸(手拍)】+地道肠【1根】+盒装饮料（如冰红茶）+蛋挞1个+红薯泥流心卷边7,,,,非会员,24,,,依据餐量提供餐具,,88.90,34.21,48.11,0.00,0,0,3.21,0.00,4.00,【活动支出】单品特价:1.90元+【活动支出】店铺满减:1.00元+【活动支出】单品特价:1.10元+【活动支出】单品特价:26.10元+【活动支出】单品特价:9.01元+【活动支出】饿了么红包:9.00元+【活动支出】替用户承担配送费:4.0元,-,-,-,5.00,温州区域,温州直营,,,否,-,平台配送
圣比萨（龙霞店）,SBS00007,温州,"8009846089818352034	",饿了么,平台外卖,已完成,2025-10-24 18:26:27,2025-10-24 18:26:27,2025-10-24 18:26:28,饿了么支付-在线支付,,即时单,2025-10-24 18:26:27,12.12,自动出餐,1,否,手握三选一-单点[奥尔良]（20.00*1）,奥尔良风情烤鸡肉一人食盒子披萨,,,,非会员,25,,,依据餐量提供餐具,,20.00,10.00,0.00,0.00,0,0,0.00,0.00,,【活动支出】拼团反圈活动:0.00元,-,-,-,0.00,温州区域,温州直营,,,否,-,平台配送
圣比萨（龙霞店）,SBS00007,温州,"8091190256011585938	",饿了么,平台外卖,已完成,2025-10-24 18:29:36,2025-10-24 18:29:36,2025-10-24 18:29:36,饿了么支付-在线支付,,即时单,2025-10-24 18:29:36,12.13,自动出餐,1,否,手握三选一+二选一+可乐-单点[奥尔良+上校鸡块 2 块+可乐]（24.00*1）,小可乐+奥尔良风情烤鸡肉一人食盒子披萨+上校鸡块2个,,,,非会员,26,,,依据餐量提供餐具,,24.00,14.00,0.00,0.00,0,0,0.00,0.00,,【活动支出】拼团反圈活动:0.00元,-,-,-,0.00,温州区域,温州直营,,,否,-,平台配送
圣比萨（龙霞店）,SBS00007,温州,"8081370255838725461	",饿了么,平台外卖,已完成,2025-10-24 18:49:15,2025-10-24 18:49:15,2025-10-24 18:49:15,饿了么支付-在线支付,,即时单,2025-10-24 18:49:15,12.12,自动出餐,1,否,"点击右上角❤️收藏得小吃[小薯饼一个]（2.00*1）,7英寸奥尔良烤鸡肉披萨[7英奥尔良烤鸡肉披萨]（58.00*1）,【福利优惠】蛋挞一个（原味）（10.00*1）,奶酪芝士卷边（7英寸）（4.90*1）,餐盒（3.00*1）",薯饼1个+新奥尔良烤鸡肉披萨【7英寸(手拍)】+蛋挞1个+奶酪芝士卷边7,,,,非会员,27,,,依据餐量提供餐具,,74.90,16.03,55.01,0.00,0,0,1.49,0.00,3.50,【活动支出】单品特价:1.90元+【活动支出】单品特价:37.10元+【活动支出】单品特价:9.01元+【活动支出】 商家自营销加码:2.00元+【活动支出】超会爆红包省钱包:5.00元+【活动支出】替用户承担配送费:3.5元,-,-,-,3.00,温州区域,温州直营,,,否,-,平台配送
圣比萨（龙霞店）,SBS00007,温州,"8069480255945749997	",饿了么,平台外卖,已完成,2025-10-24 18:56:03,2025-10-24 18:56:03,2025-10-24 18:56:03,饿了么支付-在线支付,,即时单,2025-10-24 18:56:03,12.10,自动出餐,1,否,"【经典之王】9英寸圣比招牌披萨（79.00*1）,明星小食桶A（35.00*1）,奶酪芝士卷边（9英寸）（6.90*1）,餐盒（4.00*1）",大圣招牌大满贯披萨【9英寸(手拍)】+明星小食桶A+奶酪芝士卷边9,,,,非会员,28,,,依据餐量提供餐具,,120.90,38.15,74.20,0.00,0,0,3.58,0.00,3.50,【活动支出】店铺满减:6.00元+【活动支出】单品特价:35.10元+【活动支出】单品特价:21.10元+【活动支出】饿了么红包:12.00元+【活动支出】替用户承担配送费:3.5元,-,-,-,4.00,温州区域,温州直营,,,否,-,平台配送
圣比萨（龙霞店）,SBS00007,温州,"8069506089838458217	",饿了么,平台外卖,已完成,2025-10-24 19:02:13,2025-10-24 19:02:13,2025-10-24 19:02:13,饿了么支付-在线支付,,即时单,2025-10-24 19:02:13,12.13,自动出餐,1,否,"榴莲王披萨-9英寸(手拍)[{""name"":""规格"",""value"":""9英寸(手拍)""}]（92.00*1）",榴莲王披萨,,,,非会员,29,,,无需餐具,,92.00,26.26,56.10,0.00,0,0,2.47,0.00,4.00,【活动支出】单品特价:56.10元+【活动支出】替用户承担配送费:4.0元,-,-,-,0.00,温州区域,温州直营,,,否,-,平台配送
圣比萨（龙霞店）,SBS00007,温州,"8056060256052849034	",饿了么,平台外卖,已完成,2025-10-24 19:26:33,2025-10-24 19:26:33,2025-10-24 19:26:33,饿了么支付-在线支付,,即时单,2025-10-24 19:26:33,12.02,自动出餐,1,否,"7英寸奥尔良烤鸡肉披萨[7英奥尔良烤鸡肉披萨]（58.00*1）,餐盒（2.00*1）",新奥尔良烤鸡肉披萨【7英寸(手拍)】,,,,非会员,30,,,依据餐量提供餐具,,58.00,11.10,42.10,0.00,0,0,1.43,0.00,3.50,【活动支出】单品特价:37.10元+【活动支出】饿了么红包:5.00元+【活动支出】替用户承担配送费:3.5元,-,-,-,2.00,温州区域,温州直营,,,否,-,平台配送
圣比萨（龙霞店）,SBS00007,温州,"8017120255978402249	",饿了么,平台外卖,已完成,2025-10-24 19:53:23,2025-10-24 19:53:23,2025-10-24 19:53:23,饿了么支付-在线支付,,即时单,2025-10-24 19:53:23,10.13,自动出餐,1,否,"任选披萨8选1+小吃6选1+饮料[缤纷水果披萨7英寸+烤甜玉米1份+柠檬茶+常温]（58.00*1）,【新客福利】台式香烤地道肠（7.50*1）,餐盒（2.50*1）",缤纷水果披萨【7英寸(手拍)】+烤甜玉米+柠檬茶+地道肠1根,,,,非会员,31,,,依据餐量提供餐具,,65.50,25.79,32.61,0.00,0,0,2.43,0.00,3.50,【活动支出】单品特价:26.10元+【活动支出】单品特价:6.51元+【活动支出】替用户承担配送费:3.5元,-,-,-,2.50,温州区域,温州直营,,,否,-,平台配送
圣比萨（龙霞店）,SBS00007,温州,"8082410256064276747	",饿了么,平台外卖,已完成,2025-10-24 19:55:24,2025-10-24 19:55:24,2025-10-24 19:55:24,饿了么支付-在线支付,,即时单,2025-10-24 19:55:24,10.08,自动出餐,1,否,"招牌肉酱意面（52.00*1）,餐盒（1.00*1）",招牌肉酱意面,,,,非会员,32,,,依据餐量提供餐具,,52.00,15.10,31.10,0.00,0,0,1.43,0.00,3.50,【活动支出】单品特价:24.10元+【活动支出】饿了么红包:7.00元+【活动支出】替用户承担配送费:3.5元,-,-,-,1.00,温州区域,温州直营,,,否,-,平台配送
圣比萨（龙霞店）,SBS00007,温州,"8015050255973103977	",饿了么,平台外卖,已完成,2025-10-24 20:07:47,2025-10-24 20:07:47,2025-10-24 20:07:47,饿了么支付-在线支付,,即时单,2025-10-24 20:07:47,10.22,自动出餐,1,否,"【随心拼】7英寸披萨(口味自选）[培根鸡肉+浪漫威尼斯]（54.00*1）,餐盒（2.00*1）",双拼7寸【碳烤鸡肉培根口味7】+双拼7寸【浪漫威尼斯口味7】,,,,非会员,33,,,1份餐具,,54.00,16.04,33.10,0.00,0,0,1.49,0.00,3.50,【活动支出】单品特价:28.10元+【活动支出】饿了么红包:5.00元+【活动支出】替用户承担配送费:3.5元,-,-,-,2.00,温州区域,温州直营,,,否,-,平台配送
圣比萨（龙霞店）,SBS00007,温州,"8050130256078343629	",饿了么,平台外卖,已完成,2025-10-24 20:27:58,2025-10-24 20:27:58,2025-10-24 20:27:59,饿了么支付-在线支付,,即时单,2025-10-24 20:27:58,10.00,自动出餐,1,否,"7英寸奥尔良烤鸡肉披萨[7英奥尔良烤鸡肉披萨]（58.00*1）,奶酪芝士卷边（7英寸）（4.90*1）,餐盒（2.00*1）",新奥尔良烤鸡肉披萨【7英寸(手拍)】+奶酪芝士卷边7,,,,非会员,34,,,依据餐量提供餐具,,62.90,14.00,44.10,0.00,0,0,1.43,0.00,3.50,【活动支出】单品特价:37.10元+【活动支出】 商家自营销加码:2.00元+【活动支出】饿了么红包:5.00元+【活动支出】替用户承担配送费:3.5元,-,-,-,2.00,温州区域,温州直营,,,否,-,平台配送
圣比萨（龙霞店）,SBS00007,温州,"8089300255996954906	",饿了么,平台外卖,已完成,2025-10-24 21:00:00,2025-10-24 21:00:00,2025-10-24 21:00:00,饿了么支付-在线支付,,即时单,2025-10-24 21:00:00,10.08,自动出餐,1,否,"【真榴莲果肉】9英寸榴莲王披萨（92.00*1）,餐盒（2.00*1）",榴莲王披萨9英寸,,,,非会员,35,,,1份餐具,,92.00,31.21,52.10,0.00,0,0,2.92,0.00,3.50,【活动支出】店铺满减:1.00元+【活动支出】单品特价:46.10元+【活动支出】饿了么红包:5.00元+【活动支出】替用户承担配送费:3.5元,-,-,-,2.00,温州区域,温州直营,,,否,-,平台配送
圣比萨（龙霞店）,SBS00007,温州,"8072796089891984888	",饿了么,平台外卖,已完成,2025-10-24 21:14:20,2025-10-24 21:14:20,2025-10-24 21:14:20,饿了么支付-在线支付,,即时单,2025-10-24 21:14:20,10.17,自动出餐,1,否,"牛肉蘑菇披萨-7英寸(经典手拍)[{""name"":""规格"",""value"":""7英寸(经典手拍)""}]（45.00*1）,奶酪芝士卷边（7英寸）（4.90*1）,餐盒（2.00*1）",炙热牛魔王披萨+奶酪芝士卷边7,,,,非会员,36,,,依据餐量提供餐具,,49.90,19.79,23.10,0.00,0,0,1.94,0.00,5.60,【活动支出】单品特价:15.10元+【活动支出】超会爆红包省钱包:8.00元+【活动支出】替用户承担配送费:5.6元,-,-,-,2.00,温州区域,温州直营,,,否,-,平台配送
圣比萨（龙霞店）,SBS00007,温州,"8081270256023032161	",饿了么,平台外卖,已完成,2025-10-24 21:56:59,2025-10-24 21:56:59,2025-10-24 21:56:59,饿了么支付-在线支付,,即时单,2025-10-24 21:56:59,10.12,自动出餐,1,否,"任选披萨8选1+小吃6选1+饮料[奥尔良鸡肉披萨7英寸+上校鸡块4个+小可乐+常温]（58.00*1）,餐盒（2.00*1）",新奥尔良烤鸡肉披萨【7英寸(手拍)】+上校鸡块+小可乐,,,,非会员,37,,,依据餐量提供餐具,,58.00,19.89,31.10,0.00,0,0,1.94,0.00,6.10,【活动支出】单品特价:26.10元+【活动支出】吃货豆兑换的商家券:5.00元+【活动支出】替用户承担配送费:6.0元,-,-,-,2.00,温州区域,温州直营,,,否,-,平台配送
圣比萨（龙霞店）,SBS00007,温州,"8034936089928859913	",饿了么,平台外卖,已完成,2025-10-24 22:18:00,2025-10-24 22:18:00,2025-10-24 22:18:01,饿了么支付-在线支付,,即时单,2025-10-24 22:18:00,10.20,自动出餐,1,否,"缤纷水果披萨-7英寸(手拍)[{""name"":""规格"",""value"":""7英寸(手拍)""}]（42.00*1）,奶酪芝士卷边（7英寸）（4.90*1）,餐盒（1.00*1）",缤纷水果披萨+奶酪芝士卷边7,,,,非会员,38,,,依据餐量提供餐具,,46.90,16.69,23.10,0.00,0,0,1.64,0.00,5.60,【活动支出】单品特价:16.10元+【活动支出】饿了么红包:7.00元+【活动支出】替用户承担配送费:5.6元,-,-,-,1.00,温州区域,温州直营,,,否,-,平台配送
圣比萨（龙霞店）,SBS00007,温州,"8039986089927000321	",饿了么,平台外卖,已完成,2025-10-24 22:23:14,2025-10-24 22:23:14,2025-10-24 22:23:14,饿了么支付-在线支付,,即时单,2025-10-24 22:23:14,10.05,自动出餐,1,否,"7英寸奥尔良烤鸡肉披萨[7英奥尔良烤鸡肉披萨]（58.00*1）,餐盒（2.00*1）",新奥尔良烤鸡肉披萨【7英寸(手拍)】,,,,非会员,39,,,无需餐具,,58.00,8.60,44.10,0.00,0,0,1.43,0.00,5.60,【活动支出】单品特价:37.10元+【活动支出】 商家自营销加码:2.00元+【活动支出】饿了么红包:5.00元+【活动支出】替用户承担配送费:5.6元,-,-,-,2.00,温州区域,温州直营,,,否,-,平台配送
圣比萨（上塘店）,SBM00032,温州,"8097516089559088593	",饿了么,平台外卖,已完成,2025-10-24 10:24:41,2025-10-24 10:24:41,2025-10-24 10:24:41,饿了么支付-在线支付,,即时单,2025-10-24 10:24:41,12.97,手动出餐,1,否,奥尔良烤鸡肉披萨(7寸)-单点（23.21*1）,新奥尔良烤鸡肉披萨【7英寸(手拍)】,,,,非会员,1,,,2份餐具,,23.21,13.21,0.00,0.00,0,0,0.00,0.00,,【活动支出】拼团反圈活动:0.00元,-,-,-,0.00,温州区域,温州加盟,,,否,-,平台配送
圣比萨（上塘店）,SBM00032,温州,"8071876089635320164	",饿了么,平台外卖,已完成,2025-10-24 11:24:38,2025-10-24 11:24:38,2025-10-24 11:24:38,饿了么支付-在线支付,,即时单,2025-10-24 11:24:38,12.30,手动出餐,1,否,"芝士肉酱披萨-9英寸[{""name"":""规格"",""value"":""9英寸""}]（46.80*1）,餐盒（1.00*1）",西域肉酱披萨,,,,非会员,2,,,依据餐量提供餐具,,46.80,27.00,10.00,0.00,0,0,3.65,0.00,3.90,【活动支出】店铺满减:1.00元+【活动支出】饿了么红包:9.00元+【活动支出】替用户承担配送费:3.9元,-,-,-,1.00,温州区域,温州加盟,,,否,-,平台配送
圣比萨（上塘店）,SBM00032,温州,"8037210255675665898	",饿了么,平台外卖,已完成,2025-10-24 12:37:58,2025-10-24 12:37:58,2025-10-24 12:37:58,饿了么支付-在线支付,,即时单,2025-10-24 12:37:58,16.18,手动出餐,1,否,"金沙咸蛋黄鸡肉披萨-7英寸[{""name"":""规格"",""value"":""7英寸""}]（31.80*1）,原味奶茶[冷]（7.00*1）,餐盒（2.00*1）",金沙咸蛋黄嫩鸡披萨+港式奶茶,,,,非会员,3,,,依据餐量提供餐具,,38.80,21.33,10.00,0.00,0,0,2.92,0.00,3.90,【活动支出】店铺满减:1.00元+【活动支出】饿了么红包:9.00元+【活动支出】替用户承担配送费:3.9元,-,-,-,2.00,温州区域,温州加盟,,,否,-,平台配送
圣比萨（上塘店）,SBM00032,温州,"8096240255875587446	",饿了么,平台外卖,已完成,2025-10-24 13:04:12,2025-10-24 13:04:12,2025-10-24 13:04:13,饿了么支付-在线支付,,即时单,2025-10-24 13:04:12,12.35,手动出餐,1,否,"咖喱鸡肉芝士焗饭（26.00*1）,餐盒（1.00*1）",咖喱鸡肉芝士焗饭,,,,非会员,4,,,1份餐具,,26.00,12.86,7.00,0.00,0,0,1.79,0.00,3.90,【活动支出】饿了么红包:7.00元+【活动支出】替用户承担配送费:3.9元,-,-,-,1.00,温州区域,温州加盟,,,否,-,平台配送
圣比萨（上塘店）,SBM00032,温州,"8075596089768490337	",饿了么,平台外卖,已完成,2025-10-24 16:32:24,2025-10-24 16:32:24,2025-10-24 16:32:24,饿了么支付-在线支付,,即时单,2025-10-24 16:32:24,14.12,手动出餐,1,否,"榴莲王披萨-9英寸(经典手拍)[{""name"":""规格"",""value"":""9英寸(经典手拍)""}]（82.00*1）,蛋挞1个【原味】（3.00*2）,餐盒（2.80*1）",榴莲王披萨+蛋挞1个,,,,非会员,5,,,4份餐具,,88.00,33.58,44.30,0.00,0,0,4.57,0.00,4.40,【活动支出】店铺满减:6.00元+【活动支出】单品特价:28.10元+【活动支出】单品特价:2.20元+【活动支出】饿了么红包:8.00元+【活动支出】替用户承担配送费:4.4元,-,-,-,2.80,温州区域,温州加盟,,,否,-,平台配送
圣比萨（上塘店）,SBM00032,温州,"8048826089745671650	",饿了么,平台外卖,已完成,2025-10-24 16:36:41,2025-10-24 16:36:41,2025-10-24 16:36:41,饿了么支付-在线支付,,即时单,2025-10-24 16:36:41,12.12,手动出餐,1,否,"【2份】意大利面（39.80*1）,餐盒（1.00*1）",番茄牛肉意面+黑椒牛肉意面,,,,非会员,6,,,黑椒牛肉意面麻烦不要放肉和青椒 / 依据餐量提供餐具,,39.80,20.44,11.00,0.00,0,0,2.81,0.00,3.90,【活动支出】店铺满减:1.00元+【活动支出】下单返红包:2.00元+【活动支出】饿了么红包:8.00元+【活动支出】替用户承担配送费:3.9元,-,-,-,1.00,温州区域,温州加盟,,,否,-,平台配送
圣比萨（上塘店）,SBM00032,温州,"8025786089730862528	",饿了么,平台外卖,已完成,2025-10-24 16:47:05,2025-10-24 16:47:05,2025-10-24 16:47:06,饿了么支付-在线支付,,即时单,2025-10-24 16:47:05,10.00,手动出餐,1,否,"奥尔良鸡肉披萨-7英寸[{""name"":""规格"",""value"":""7英寸""}]（29.80*1）,餐盒（2.00*1）",新奥尔良烤鸡肉披萨【7英寸(手拍)】,,,,非会员,7,,,依据餐量提供餐具,,29.80,14.77,8.00,0.00,0,0,2.18,0.00,5.40,【活动支出】 商家自营销加码:2.00元+【活动支出】精准营销:1.00元+【活动支出】饿了么红包:5.00元+【活动支出】替用户承担配送费:5.4元,-,-,-,2.00,温州区域,温州加盟,,,否,-,平台配送
圣比萨（上塘店）,SBM00032,温州,"8007926089767694679	",饿了么,平台外卖,已完成,2025-10-24 17:15:13,2025-10-24 17:15:13,2025-10-24 17:15:14,饿了么支付-在线支付,,即时单,2025-10-24 17:15:13,13.68,手动出餐,1,否,"缤纷水果披萨-9英寸[{""name"":""规格"",""value"":""9英寸""}]（55.00*1）,香芋地瓜丸1个（3.00*1）,餐盒（2.00*1）",缤纷水果披萨+深海墨鱼丸1个,,,,非会员,8,,,地址在县前路新鸿万锦城1区9幢2单元704室 / 依据餐量提供餐具,,58.00,28.19,20.20,0.00,0,0,3.86,0.00,3.90,【活动支出】店铺满减:1.00元+【活动支出】单品特价:8.10元+【活动支出】单品特价:2.10元+【活动支出】饿了么红包:9.00元+【活动支出】替用户承担配送费:3.9元,-,-,-,2.00,温州区域,温州加盟,,,否,-,平台配送
圣比萨（上塘店）,SBM00032,温州,"8035250255780873567	",饿了么,平台外卖,已完成,2025-10-24 17:21:38,2025-10-24 17:21:38,2025-10-24 17:21:38,饿了么支付-在线支付,,即时单,2025-10-24 17:21:38,6.18,手动出餐,1,否,"个人意面＋饮料套餐（26.80*1）,餐盒（1.00*1）",芒果汁+番茄牛肉意面,,,,非会员,9,,,1份餐具,,26.80,13.58,7.00,0.00,0,0,1.87,0.00,3.90,【活动支出】 商家自营销加码:2.00元+【活动支出】CPS商户叠加券:0.00元+【活动支出】饿了么红包:5.00元+【活动支出】替用户承担配送费:3.9元,-,-,-,1.00,温州区域,温州加盟,,,否,-,平台配送
圣比萨（上塘店）,SBM00032,温州,"8064806089787372931	",饿了么,平台外卖,已完成,2025-10-24 17:47:17,2025-10-24 17:47:17,2025-10-24 17:47:17,饿了么支付-在线支付,,即时单,2025-10-24 17:47:17,13.95,手动出餐,1,否,"榴莲王披萨-7英寸（经典手拍)[{""name"":""规格"",""value"":""7英寸（经典手拍)""}]（52.00*1）,金丝鸡排（7.00*1）,香芋地瓜丸1个（3.00*1）,墨鱼丸1个（3.00*1）,地道肠1根（6.00*1）,餐盒（2.60*1）",榴莲王披萨+金丝鸡排+深海墨鱼丸1个+深海墨鱼丸1个+地道肠1根,,,,非会员,10,,,依据餐量提供餐具,,71.00,34.41,25.50,0.00,0,0,4.74,0.00,3.90,【活动支出】店铺满减:1.00元+【活动支出】单品特价:13.10元+【活动支出】单品特价:2.10元+【活动支出】单品特价:2.10元+【活动支出】单品特价:2.20元+【活动支出】饿了么红包:5.00元+【活动支出】替用户承担配送费:3.9元,-,-,-,2.60,温州区域,温州加盟,,,否,-,平台配送
圣比萨（上塘店）,SBM00032,温州,"8056240255959725348	",饿了么,平台外卖,已完成,2025-10-24 19:27:30,2025-10-24 19:27:30,2025-10-24 19:27:31,饿了么支付-在线支付,,即时单,2025-10-24 19:27:30,13.48,手动出餐,1,否,"圣比至尊披萨-7英寸[{""name"":""规格"",""value"":""7英寸""}]（29.80*1）,餐盒（2.00*1）",大圣招牌大满贯披萨,,,,非会员,11,,,依据餐量提供餐具,,29.80,15.66,7.00,0.00,0,0,2.29,0.00,5.40,【活动支出】饿了么红包:7.00元+【活动支出】替用户承担配送费:5.4元,-,-,-,2.00,温州区域,温州加盟,,,否,-,平台配送
圣比萨（上塘店）,SBM00032,温州,"8002946089859665300	",饿了么,平台外卖,已完成,2025-10-24 19:36:54,2025-10-24 19:36:54,2025-10-24 19:36:54,饿了么支付-在线支付,,即时单,2025-10-24 19:36:54,11.33,手动出餐,1,否,"新年狂欢双人套餐（73.00*1）,餐盒（2.00*1）",港式奶茶+酸梅汁+碳烤鸡肉培根披萨(9英寸(手拍))+金丝鸡排+墨鱼丸4个,,,,非会员,12,,,依据餐量提供餐具,,73.00,40.88,19.00,0.00,0,0,5.57,0.00,3.90,【活动支出】店铺满减:6.00元+【活动支出】精准营销:1.00元+【活动支出】饿了么红包:12.00元+【活动支出】替用户承担配送费:3.9元,-,-,-,2.00,温州区域,温州加盟,,,否,-,平台配送
圣比萨（上塘店）,SBM00032,温州,"8046430256072797486	",饿了么,平台外卖,已完成,2025-10-24 20:10:02,2025-10-24 20:10:02,2025-10-24 20:10:02,饿了么支付-在线支付,,预约单,2025-10-24 20:50:00,27.92,手动出餐,1,否,"【4件套】个人独享随心选（38.80*1）,餐盒（2.00*1）",奥尔良鸡肉披萨-7英寸+芒果汁+金丝鸡排+上校鸡块1个,,,,非会员,13,,,1份餐具,,38.80,20.83,10.00,0.00,0,0,2.92,0.00,6.00,【活动支出】店铺满减:1.00元+【活动支出】精准营销:1.00元+【活动支出】饿了么红包:8.00元+【活动支出】替用户承担配送费:6.0元,-,-,-,2.00,温州区域,温州加盟,,,否,-,平台配送
圣比萨（上塘店）,SBM00032,温州,"8075410255878546804	",饿了么,平台外卖,已完成,2025-10-24 20:13:15,2025-10-24 20:13:15,2025-10-24 20:13:15,饿了么支付-在线支付,,即时单,2025-10-24 20:13:15,10.77,手动出餐,1,否,"【牛排＋披萨】超值随心选（56.80*1）,餐盒（1.00*1）",西冷牛排+奥尔良鸡肉披萨-7英寸(7英寸)+餐盒,,,,非会员,14,,,依据餐量提供餐具,,56.80,35.04,9.00,0.00,0,0,4.81,0.00,3.90,【活动支出】店铺满减:1.00元+【活动支出】饿了么红包:8.00元+【活动支出】替用户承担配送费:3.9元,-,-,-,1.00,温州区域,温州加盟,,,否,-,平台配送
圣比萨（上塘店）,SBM00032,温州,"8012556089879761397	",饿了么,平台外卖,已完成,2025-10-24 20:45:48,2025-10-24 20:45:48,2025-10-24 20:45:49,饿了么支付-在线支付,,即时单,2025-10-24 20:45:48,14.50,手动出餐,1,否,"明星小食桶A（16.00*1）,招牌肉酱意面（32.00*2）,明星小食桶B（19.00*1）,餐盒（6.00*1）",明星小食桶A+招牌肉酱意面+明星小食桶B,,,,非会员,15,,,依据餐量提供餐具,,99.00,54.12,32.20,0.00,0,0,7.33,0.00,3.90,【活动支出】店铺满减:6.00元+【活动支出】单品特价:14.20元+【活动支出】饿了么红包:12.00元+【活动支出】替用户承担配送费:3.9元,-,-,-,6.00,温州区域,温州加盟,,,否,-,平台配送
圣比萨（上塘店）,SBM00032,温州,"8044330255888711127	",饿了么,平台外卖,已完成,2025-10-24 20:54:38,2025-10-24 20:54:38,2025-10-24 20:54:38,饿了么支付-在线支付,,即时单,2025-10-24 20:54:38,9.58,手动出餐,1,否,奥尔良烤鸡肉披萨(7寸)-单点（23.21*1）,新奥尔良烤鸡肉披萨【7英寸(手拍)】,,,,非会员,16,,,依据餐量提供餐具,,23.21,13.21,0.00,0.00,0,0,0.00,0.00,,【活动支出】拼团反圈活动:0.00元,-,-,-,0.00,温州区域,温州加盟,,,否,-,平台配送
圣比萨（上塘店）,SBM00032,温州,"8086886089902367225	",饿了么,平台外卖,已完成,2025-10-24 21:28:04,2025-10-24 21:28:04,2025-10-24 21:28:05,饿了么支付-在线支付,,即时单,2025-10-24 21:28:04,12.93,手动出餐,1,否,"榴莲王披萨-9英寸(经典手拍)[{""name"":""规格"",""value"":""9英寸(经典手拍)""}]（82.00*1）",榴莲王披萨,,,,非会员,17,,,依据餐量提供餐具,,82.00,28.85,40.90,0.00,0,0,4.00,0.00,6.00,【活动支出】外卖券:40.90元+【活动支出】替用户承担配送费:6.0元,-,-,-,0.00,温州区域,温州加盟,,,否,-,平台配送
圣比萨（上塘店）,SBM00032,温州,"8062726089906852172	",饿了么,平台外卖,已完成,2025-10-24 21:48:39,2025-10-24 21:48:39,2025-10-24 21:48:40,饿了么支付-在线支付,,即时单,2025-10-24 21:48:39,9.47,手动出餐,1,否,"奥尔良鸡肉披萨-7英寸[{""name"":""规格"",""value"":""7英寸""}]（29.80*1）,餐盒（2.00*1）",新奥尔良烤鸡肉披萨【7英寸(手拍)】,,,,非会员,18,,,依据餐量提供餐具,,29.80,14.27,8.00,0.00,0,0,2.18,0.00,7.50,【活动支出】精准营销:1.00元+【活动支出】饿了么红包:7.00元+【活动支出】替用户承担配送费:6.0元,-,-,-,2.00,温州区域,温州加盟,,,否,-,平台配送
圣比萨（永中店）,SBS00013,温州,"8007080255668694467	",饿了么,平台外卖,已完成,2025-10-24 10:24:19,2025-10-24 10:24:19,2025-10-24 10:24:19,饿了么支付-在线支付,,即时单,2025-10-24 10:24:19,10.18,自动出餐,1,否,手握三选一+二选一+可乐-单点[日式照烧+薯饼 2 块+可乐]（24.00*1）,小可乐+日式烧鸟风味一人食盒子披萨+薯饼2个,,,,非会员,1,,,依据餐量提供餐具,,24.00,14.00,0.00,0.00,0,0,0.00,0.00,,【活动支出】拼团反圈活动:0.00元,-,-,-,0.00,温州区域,温州加盟,,,否,-,平台配送
圣比萨（永中店）,SBS00013,温州,"8023250255584564623	",饿了么,平台外卖,已完成,2025-10-24 10:51:50,2025-10-24 10:51:50,2025-10-24 10:51:50,饿了么支付-在线支付,,即时单,2025-10-24 10:51:50,10.18,自动出餐,1,否,"意面随心配（58.80*1）,餐盒（2.00*1）",薯饼2个+盐酥鸡米花小份+上校鸡块2个+招牌肉酱意面,,,,非会员,2,,,依据餐量提供餐具,,58.80,16.38,36.90,0.00,0,0,1.57,0.00,3.50,【活动支出】单品特价:31.90元+【活动支出】饿了么红包:5.00元+【活动支出】替用户承担配送费:3.5元,-,-,-,2.00,温州区域,温州加盟,,,否,-,平台配送
圣比萨（永中店）,SBS00013,温州,"8021836089644768581	",饿了么,平台外卖,已完成,2025-10-24 11:32:54,2025-10-24 11:32:54,2025-10-24 11:32:55,饿了么支付-在线支付,,即时单,2025-10-24 11:32:54,7.38,手动出餐,1,否,"玉米沙拉披萨-7英寸(手拍)[{""name"":""规格"",""value"":""7英寸(手拍)""}]（42.00*1）,餐盒（1.00*1）",玉米沙拉披萨,,,,非会员,3,,,无需餐具,,42.00,10.12,26.10,0.00,0,0,1.43,0.00,3.50,【活动支出】单品特价:19.10元+【活动支出】 商家自营销加码:2.00元+【活动支出】饿了么红包:5.00元+【活动支出】替用户承担配送费:3.5元,-,-,-,1.00,温州区域,温州加盟,,,否,-,平台配送
圣比萨（永中店）,SBS00013,温州,"8089070255641227694	",饿了么,平台外卖,已完成,2025-10-24 11:43:59,2025-10-24 11:43:59,2025-10-24 11:43:59,饿了么支付-在线支付,,即时单,2025-10-24 11:43:59,12.15,自动出餐,1,否,"7英寸奥尔良烤鸡肉披萨[7英奥尔良烤鸡肉披萨]（58.00*1）,餐盒（2.00*1）",新奥尔良烤鸡肉披萨【7英寸(手拍)】,,,,非会员,4,,,依据餐量提供餐具,,58.00,9.12,43.50,0.00,0,0,1.43,0.00,3.50,【活动支出】首次光顾立减:2.00元+【活动支出】单品特价:34.50元+【活动支出】饿了么红包:7.00元+【活动支出】替用户承担配送费:3.5元,-,-,-,2.00,温州区域,温州加盟,,,否,-,平台配送
圣比萨（永中店）,SBS00013,温州,"8098966089627509093	",饿了么,平台外卖,已完成,2025-10-24 11:48:43,2025-10-24 11:48:43,2025-10-24 11:48:43,饿了么支付-在线支付,,即时单,2025-10-24 11:48:43,11.55,手动出餐,1,否,"【任选】披萨11选1+小吃6选2+饮品自选[碳烤鸡肉培根7英寸+川香大翅根1个+上校鸡块4个+港式奶茶+冰]（70.00*1）,餐盒（2.00*1）",碳烤鸡肉培根披萨【7英寸(手拍)】+川香脆皮大翅根【1个】+上校鸡块+港式奶茶,,,,非会员,5,,,对骑手，一单元楼下的密码是＃5588. 挂门上就好，不用打电话，Thank you / 无需餐具,,70.00,20.08,44.10,0.00,0,0,1.87,0.00,3.50,【活动支出】首次光顾立减:2.00元+【活动支出】单品特价:35.10元+【活动支出】 商家自营销加码:2.00元+【活动支出】饿了么红包:5.00元+【活动支出】替用户承担配送费:3.5元,-,-,-,2.00,温州区域,温州加盟,,,否,-,平台配送
圣比萨（永中店）,SBS00013,温州,"8012270255746257386	",饿了么,平台外卖,已完成,2025-10-24 11:54:14,2025-10-24 11:54:14,2025-10-24 11:54:15,饿了么支付-在线支付,,即时单,2025-10-24 11:54:14,6.07,手动出餐,1,否,"披萨随心配（60.40*1）,餐盒（2.00*1）",地道肠1根+薯饼2个+上校鸡块2个+碳烤鸡肉培根披萨(7英寸(手拍)),,,,非会员,6,,,依据餐量提供餐具,,60.40,16.06,39.50,0.00,0,0,1.49,0.00,4.00,【活动支出】首次光顾立减:2.00元+【活动支出】单品特价:30.50元+【活动支出】饿了么红包:7.00元+【活动支出】替用户承担配送费:4.0元,-,-,-,2.00,温州区域,温州加盟,,,否,-,平台配送
圣比萨（永中店）,SBS00013,温州,"8085926089658977683	",饿了么,平台外卖,已完成,2025-10-24 12:15:14,2025-10-24 12:15:14,2025-10-24 12:15:14,饿了么支付-在线支付,,即时单,2025-10-24 12:15:14,12.07,自动出餐,1,否,"碳烤鸡肉芝士焗饭（52.00*1）,餐盒（1.00*1）",碳烤鸡肉芝士焗饭,,,,非会员,7,,,多点肉 能不能另外再给我一包酱 / 1份餐具,,52.00,9.92,33.10,0.00,0,0,1.43,0.00,6.80,【活动支出】首次光顾立减:2.00元+【活动支出】单品特价:24.10元+【活动支出】饿了么红包:7.00元+【活动支出】替用户承担配送费:6.0元,-,-,-,1.00,温州区域,温州加盟,,,否,-,平台配送
圣比萨（永中店）,SBS00013,温州,"8013470255767525644	",饿了么,平台外卖,已完成,2025-10-24 12:18:57,2025-10-24 12:18:57,2025-10-24 12:18:57,饿了么支付-在线支付,,即时单,2025-10-24 12:18:57,12.23,自动出餐,1,否,"港式奶茶[常温]（10.00*1）,奶酪芝士卷边（9英寸）（6.90*1）,榴莲王披萨-9英寸(经典手拍)[{""name"":""规格"",""value"":""9英寸(经典手拍)""}]（92.00*1）,餐盒（2.00*1）",港式奶茶+奶酪芝士卷边9+榴莲王披萨,,,,非会员,8,,,依据餐量提供餐具,,108.90,32.41,66.10,0.00,0,0,3.14,0.00,4.50,【活动支出】店铺满减:6.00元+【活动支出】单品特价:2.00元+【活动支出】单品特价:46.10元+【活动支出】饿了么红包:12.00元+【活动支出】替用户承担配送费:4.5元,-,-,-,2.00,温州区域,温州加盟,,,否,-,平台配送
圣比萨（永中店）,SBS00013,温州,"8071656089691429327	",饿了么,平台外卖,已完成,2025-10-24 12:38:42,2025-10-24 12:38:42,2025-10-24 12:38:42,饿了么支付-在线支付,,即时单,2025-10-24 12:38:42,9.25,手动出餐,1,否,"奶酪芝士卷边（7英寸）（4.90*1）,缤纷水果披萨-7英寸(手拍)[{""name"":""规格"",""value"":""7英寸(手拍)""}]（42.00*1）,餐盒（1.00*1）",奶酪芝士卷边7+缤纷水果披萨,,,,非会员,9,,,1份餐具,,46.90,12.76,25.10,0.00,0,0,1.49,0.00,7.40,【活动支出】首次光顾立减:2.00元+【活动支出】单品特价:16.10元+【活动支出】 商家自营销加码:2.00元+【活动支出】饿了么红包:5.00元+【活动支出】替用户承担配送费:6.0元,-,-,-,1.00,温州区域,温州加盟,,,否,-,平台配送
圣比萨（永中店）,SBS00013,温州,"8043926089668241849	",饿了么,平台外卖,已完成,2025-10-24 12:52:45,2025-10-24 12:52:45,2025-10-24 12:52:46,饿了么支付-在线支付,,即时单,2025-10-24 12:52:45,6.48,手动出餐,1,否,"超值7英寸披萨一人食套餐[浪漫威尼斯披萨7英寸+上校鸡块4个+小可乐+常温]（56.00*1）,餐盒（2.00*1）",浪漫威尼斯披萨【7英寸(手拍)】+上校鸡块+小可乐,,,,非会员,10,,,1份餐具,,56.00,19.16,31.10,0.00,0,0,1.79,0.00,3.50,【活动支出】单品特价:24.10元+【活动支出】饿了么红包:7.00元+【活动支出】替用户承担配送费:3.5元,-,-,-,2.00,温州区域,温州加盟,,,否,-,平台配送
圣比萨（永中店）,SBS00013,温州,"8074150255809978683	",饿了么,平台外卖,已完成,2025-10-24 13:34:03,2025-10-24 13:34:03,2025-10-24 13:34:04,饿了么支付-在线支付,,即时单,2025-10-24 13:34:03,10.18,自动出餐,1,否,手握三选一-单点[奥尔良]（20.00*1）,奥尔良风情烤鸡肉一人食盒子披萨,,,,非会员,11,,,依据餐量提供餐具,,20.00,10.00,0.00,0.00,0,0,0.00,0.00,,【活动支出】拼团反圈活动:0.00元,-,-,-,0.00,温州区域,温州加盟,,,否,-,平台配送
圣比萨（永中店）,SBS00013,温州,"8095996089677607311	",饿了么,平台外卖,已完成,2025-10-24 13:56:32,2025-10-24 13:56:32,2025-10-24 13:56:32,饿了么支付-在线支付,,即时单,2025-10-24 13:56:32,9.80,手动出餐,1,否,"7英寸奥尔良烤鸡肉披萨[7英奥尔良烤鸡肉披萨]（58.00*1）,奶酪芝士卷边（7英寸）（4.90*1）,芝士焗榴莲（36.00*1）,餐盒（4.00*1）",新奥尔良烤鸡肉披萨【7英寸(手拍)】+奶酪芝士卷边7+芝士焗榴莲,,,,非会员,12,,,依据餐量提供餐具,,98.90,39.05,50.60,0.00,0,0,3.70,0.00,3.50,【活动支出】店铺满减:6.00元+【活动支出】单品特价:34.50元+【活动支出】单品特价:1.10元+【活动支出】饿了么红包:9.00元+【活动支出】替用户承担配送费:3.5元,-,-,-,4.00,温州区域,温州加盟,,,否,-,平台配送
圣比萨（永中店）,SBS00013,温州,"8003506089724204513	",饿了么,平台外卖,已完成,2025-10-24 13:59:30,2025-10-24 13:59:30,2025-10-24 13:59:30,饿了么支付-在线支付,,预约单,2025-10-24 16:25:00,100.58,自动出餐,1,否,"黑椒牛肉芝士焗饭（52.00*1）,【任选】披萨11选1+小吃6选2+饮品自选[圣比招牌披萨7英寸+甜烤玉米+藤椒鸡排1个+冰红茶+常温]（70.00*1）,薯饼3个（12.00*1）,餐盒（3.00*1）",黑椒牛肉芝士焗饭+大圣招牌大满贯披萨【7英寸(手拍)】+烤甜玉米+金丝鸡排+盒装饮料（如冰红茶）+薯饼,,,,非会员,13,,,2份餐具,,134.00,38.26,86.20,0.00,0,0,3.59,0.00,4.00,【活动支出】店铺满减:6.00元+【活动支出】单品特价:24.10元+【活动支出】单品特价:35.10元+【活动支出】单品特价:9.00元+【活动支出】饿了么红包:12.00元+【活动支出】替用户承担配送费:4.0元,-,-,-,3.00,温州区域,温州加盟,,,否,-,平台配送
圣比萨（永中店）,SBS00013,温州,"8076370255710873028	",饿了么,平台外卖,已完成,2025-10-24 14:03:55,2025-10-24 14:03:55,2025-10-24 14:03:56,饿了么支付-在线支付,,即时单,2025-10-24 14:03:55,10.13,自动出餐,1,否,手握三选一-单点[缤纷水果]（20.00*1）,热带雨林水果一人食盒子披萨,,,,非会员,14,,,依据餐量提供餐具,,20.00,10.00,0.00,0.00,0,0,0.00,0.00,,【活动支出】爆品团通吃券:0.00元,-,-,-,0.00,温州区域,温州加盟,,,否,-,平台配送
圣比萨（永中店）,SBS00013,温州,"8059936089737922001	",饿了么,平台外卖,已完成,2025-10-24 15:59:37,2025-10-24 15:59:37,2025-10-24 15:59:37,饿了么支付-在线支付,,即时单,2025-10-24 15:59:37,9.37,手动出餐,1,否,"【随心拼】7英寸披萨(口味自选）[奥尔良鸡肉+浪漫威尼斯]（54.00*1）,番茄牛肉意面（52.00*1）,餐盒（3.00*1）",双拼7寸【奥尔良口味7】+双拼7寸【浪漫威尼斯口味7】+番茄牛肉意面,,,,非会员,15,,,2份餐具,,106.00,25.12,69.60,0.00,0,0,2.73,0.00,7.40,【活动支出】店铺满减:1.00元+【活动支出】首次光顾立减:2.00元+【活动支出】单品特价:27.50元+【活动支出】单品特价:28.10元+【活动支出】粉丝群:2.00元+【活动支出】饿了么红包:9.00元+【活动支出】替用户承担配送费:6.0元,-,-,-,3.00,温州区域,温州加盟,,,否,-,平台配送
圣比萨（永中店）,SBS00013,温州,"8035200255860270488	",饿了么,平台外卖,已完成,2025-10-24 16:50:14,2025-10-24 16:50:14,2025-10-24 16:50:14,饿了么支付-在线支付,,即时单,2025-10-24 16:50:14,10.03,自动出餐,1,否,"奶酪芝士卷边（9英寸）（6.90*1）,榴莲王披萨-9英寸(经典手拍)[{""name"":""规格"",""value"":""9英寸(经典手拍)""}]（92.00*1）,餐盒（1.00*1）",奶酪芝士卷边9+榴莲王披萨,,,,非会员,16,,,依据餐量提供餐具,,98.90,27.46,61.10,0.00,0,0,2.69,0.00,4.50,【活动支出】店铺满减:1.00元+【活动支出】首次光顾立减:2.00元+【活动支出】单品特价:46.10元+【活动支出】饿了么红包:12.00元+【活动支出】替用户承担配送费:4.5元,-,-,-,1.00,温州区域,温州加盟,,,否,-,平台配送
圣比萨（永中店）,SBS00013,温州,"8082180255960104288	",饿了么,平台外卖,已完成,2025-10-24 16:57:51,2025-10-24 16:57:51,2025-10-24 16:57:51,饿了么支付-在线支付,,即时单,2025-10-24 16:57:51,10.03,自动出餐,1,否,"披萨随心配（60.40*1）,餐盒（2.00*1）",地道肠1根+盐酥鸡米花小份+上校鸡块2个+碳烤鸡肉培根披萨(7英寸(手拍)),,,,非会员,17,,,依据餐量提供餐具,,60.40,17.31,37.50,0.00,0,0,1.64,0.00,3.50,【活动支出】单品特价:30.50元+【活动支出】饿了么红包:7.00元+【活动支出】替用户承担配送费:3.5元,-,-,-,2.00,温州区域,温州加盟,,,否,-,平台配送
圣比萨（永中店）,SBS00013,温州,"8023756089737442580	",饿了么,平台外卖,已完成,2025-10-24 17:06:48,2025-10-24 17:06:48,2025-10-24 17:06:49,饿了么支付-在线支付,,即时单,2025-10-24 17:06:48,8.32,手动出餐,1,否,"招牌肉酱意面（52.00*1）,蛋挞1个（5.00*1）,餐盒（2.00*1）",招牌肉酱意面+蛋挞1个,,,,非会员,18,,,1份餐具,,57.00,17.25,33.51,0.00,0,0,1.69,0.00,3.50,【活动支出】单品特价:24.10元+【活动支出】单品特价:2.41元+【活动支出】饿了么红包:7.00元+【活动支出】替用户承担配送费:3.5元,-,-,-,2.00,温州区域,温州加盟,,,否,-,平台配送
圣比萨（永中店）,SBS00013,温州,"8074390255965293863	",饿了么,平台外卖,已完成,2025-10-24 17:11:56,2025-10-24 17:11:56,2025-10-24 17:11:56,饿了么支付-在线支付,,即时单,2025-10-24 17:11:56,10.02,自动出餐,1,否,"【任选】披萨11选1+小吃6选2+饮品自选[圣比招牌披萨7英寸+上校鸡块4个+地道肠1根+小可乐+常温]（70.00*1）,餐盒（2.00*1）",大圣招牌大满贯披萨【7英寸(手拍)】+上校鸡块+地道肠【1根】+小可乐,,,,非会员,19,,,1份餐具,,70.00,25.36,37.10,0.00,0,0,2.39,0.00,3.50,【活动支出】首次光顾立减:2.00元+【活动支出】单品特价:35.10元+【活动支出】替用户承担配送费:3.5元,-,-,-,2.00,温州区域,温州加盟,,,否,-,平台配送
圣比萨（永中店）,SBS00013,温州,"8001826089778101506	",饿了么,平台外卖,已完成,2025-10-24 18:09:24,2025-10-24 18:09:24,2025-10-24 18:09:24,饿了么支付-在线支付,,即时单,2025-10-24 18:09:24,7.38,手动出餐,1,否,"【新客福利】香烤地道肠1根（7.50*1）,奶酪芝士卷边（7英寸）（4.90*1）,缤纷水果披萨-7英寸(手拍)[{""name"":""规格"",""value"":""7英寸(手拍)""}]（42.00*1）,餐盒（2.00*1）",地道肠1根+奶酪芝士卷边7+缤纷水果披萨,,,,非会员,20,,,依据餐量提供餐具,,54.40,16.28,32.61,0.00,0,0,1.56,0.00,3.50,【活动支出】首次光顾立减:2.00元+【活动支出】单品特价:5.51元+【活动支出】单品特价:16.10元+【活动支出】粉丝群:2.00元+【活动支出】饿了么红包:7.00元+【活动支出】替用户承担配送费:3.5元,-,-,-,2.00,温州区域,温州加盟,,,否,-,平台配送
圣比萨（永中店）,SBS00013,温州,"8023996089783685551	",饿了么,平台外卖,已完成,2025-10-24 18:15:02,2025-10-24 18:15:02,2025-10-24 18:15:02,饿了么支付-在线支付,,即时单,2025-10-24 18:15:02,12.23,自动出餐,1,否,"榴莲王披萨-9英寸(经典手拍)[{""name"":""规格"",""value"":""9英寸(经典手拍)""}]（92.00*1）,餐盒（1.00*1）",榴莲王披萨,,,,非会员,21,,,依据餐量提供餐具,,92.00,21.23,59.10,0.00,0,0,2.32,0.00,7.40,【活动支出】店铺满减:1.00元+【活动支出】首次光顾立减:2.00元+【活动支出】单品特价:46.10元+【活动支出】粉丝群:2.00元+【活动支出】饿了么红包:8.00元+【活动支出】替用户承担配送费:6.0元,-,-,-,1.00,温州区域,温州加盟,,,否,-,平台配送
圣比萨（永中店）,SBS00013,温州,"8051430255831765464	",饿了么,平台外卖,已完成,2025-10-24 18:33:47,2025-10-24 18:33:47,2025-10-24 18:33:47,饿了么支付-在线支付,,即时单,2025-10-24 18:33:47,12.12,自动出餐,1,否,"咸蛋黄风味流沙卷边（7英寸）（4.90*1）,7英寸奥尔良烤鸡肉披萨[7英奥尔良烤鸡肉披萨]（58.00*1）,餐盒（2.00*1）",咸蛋黄流沙卷边7+新奥尔良烤鸡肉披萨【7英寸(手拍)】,,,,非会员,22,,,依据餐量提供餐具,,62.90,15.32,41.50,0.00,0,0,1.53,0.00,3.50,【活动支出】单品特价:34.50元+【活动支出】超级会员专享红包:5.00元+【活动支出】 商家自营销加码:2.00元+【活动支出】替用户承担配送费:3.5元,-,-,-,2.00,温州区域,温州加盟,,,否,-,平台配送
圣比萨（永中店）,SBS00013,温州,"8007080256037863722	",饿了么,平台外卖,已完成,2025-10-24 19:08:13,2025-10-24 19:08:13,2025-10-24 19:08:13,饿了么支付-在线支付,,即时单,2025-10-24 19:08:13,7.02,手动出餐,1,否,手握三选一-单点[奥尔良]（20.00*1）,奥尔良风情烤鸡肉一人食盒子披萨,,,,非会员,23,,,依据餐量提供餐具,,20.00,10.00,0.00,0.00,0,0,0.00,0.00,,【活动支出】拼团反圈活动:0.00元,-,-,-,0.00,温州区域,温州加盟,,,否,-,平台配送
圣比萨（永中店）,SBS00013,温州,"8055586089851617625	",饿了么,平台外卖,已完成,2025-10-24 19:28:43,2025-10-24 19:28:43,2025-10-24 19:28:43,饿了么支付-在线支付,,即时单,2025-10-24 19:28:43,12.02,自动出餐,1,否,"奶酪芝士卷边（7英寸）（4.90*1）,缤纷水果披萨-7英寸(手拍)[{""name"":""规格"",""value"":""7英寸(手拍)""}]（42.00*1）,餐盒（1.00*1）",奶酪芝士卷边7+缤纷水果披萨,,,,非会员,24,,,3份餐具,,46.90,14.16,25.10,0.00,0,0,1.49,0.00,5.00,【活动支出】单品特价:16.10元+【活动支出】粉丝群:2.00元+【活动支出】饿了么红包:7.00元+【活动支出】替用户承担配送费:5.0元,-,-,-,1.00,温州区域,温州加盟,,,否,-,平台配送
圣比萨（永中店）,SBS00013,温州,"8083886089857650106	",饿了么,平台外卖,已完成,2025-10-24 19:38:09,2025-10-24 19:38:09,2025-10-24 19:38:09,饿了么支付-在线支付,,即时单,2025-10-24 19:38:09,10.17,自动出餐,1,否,"披萨随心配（60.40*1）,餐盒（2.00*1）",地道肠1根+盐酥鸡米花小份+深海墨鱼丸2个+缤纷水果披萨(7英寸(手拍)),,,,非会员,25,,,依据餐量提供餐具,,60.40,15.16,39.50,0.00,0,0,1.49,0.00,5.00,【活动支出】单品特价:30.50元+【活动支出】粉丝群:2.00元+【活动支出】饿了么红包:7.00元+【活动支出】替用户承担配送费:5.0元,-,-,-,2.00,温州区域,温州加盟,,,否,-,平台配送
圣比萨（永中店）,SBS00013,温州,"8062896089879997830	",饿了么,平台外卖,已完成,2025-10-24 20:41:35,2025-10-24 20:41:35,2025-10-24 20:41:35,饿了么支付-在线支付,,即时单,2025-10-24 20:41:35,8.15,手动出餐,1,否,"碳烤鸡肉培根披萨-7英寸(手拍)[{""name"":""规格"",""value"":""7英寸(手拍)""}]（45.00*1）,奶酪芝士卷边（7英寸）（4.90*1）,餐盒（1.00*1）",碳烤鸡肉培根披萨+奶酪芝士卷边7,,,,非会员,26,,,依据餐量提供餐具,,49.90,18.14,25.10,0.00,0,0,1.71,0.00,4.00,【活动支出】首次光顾立减:2.00元+【活动支出】单品特价:16.10元+【活动支出】 商家自营销加码:2.00元+【活动支出】饿了么红包:5.00元+【活动支出】替用户承担配送费:4.0元,-,-,-,1.00,温州区域,温州加盟,,,否,-,平台配送
圣比萨（永中店）,SBS00013,温州,"8012290255999659392	",饿了么,平台外卖,已完成,2025-10-24 20:50:30,2025-10-24 20:50:30,2025-10-24 20:50:30,饿了么支付-在线支付,,即时单,2025-10-24 20:50:30,10.22,自动出餐,1,否,"【任选】披萨11选1+小吃6选2+饮品自选[碳烤鸡肉培根7英寸+上校鸡块4个+深海墨鱼丸3个+芒果汁+常温]（70.00*1）,餐盒（2.00*1）",碳烤鸡肉培根披萨【7英寸(手拍)】+上校鸡块+深海墨鱼丸3个+芒果汁,,,,非会员,27,,,无需餐具,,70.00,19.18,44.10,0.00,0,0,1.87,0.00,4.50,【活动支出】首次光顾立减:2.00元+【活动支出】单品特价:35.10元+【活动支出】饿了么红包:7.00元+【活动支出】替用户承担配送费:4.5元,-,-,-,2.00,温州区域,温州加盟,,,否,-,平台配送
圣比萨（永中店）,SBS00013,温州,"8002350256000801089	",饿了么,平台外卖,已完成,2025-10-24 20:56:49,2025-10-24 20:56:49,2025-10-24 20:56:50,饿了么支付-在线支付,,即时单,2025-10-24 20:56:49,4.78,手动出餐,1,否,"【随心拼】7英寸披萨(口味自选）[培根碳烤鸡肉+浪漫威尼斯]（54.00*1）,餐盒（2.00*1）",双拼7寸【浪漫威尼斯口味7】,,,,非会员,28,,,依据餐量提供餐具,,54.00,14.12,34.50,0.00,0,0,1.43,0.00,3.50,【活动支出】单品特价:27.50元+【活动支出】饿了么红包:7.00元+【活动支出】替用户承担配送费:3.5元,-,-,-,2.00,温州区域,温州加盟,,,否,-,平台配送
圣比萨（永中店）,SBS00013,温州,"8000506089888878956	",饿了么,平台外卖,已完成,2025-10-24 20:58:24,2025-10-24 20:58:24,2025-10-24 20:58:24,饿了么支付-在线支付,,即时单,2025-10-24 20:58:24,10.10,自动出餐,1,否,"【任选】披萨11选1+小吃6选2+饮品自选[圣比招牌披萨7英寸+藤椒鸡排一个+地道肠1根+港式奶茶+冰]（70.00*1）,餐盒（2.00*1）",大圣招牌大满贯披萨【7英寸(手拍)】+金丝鸡排+地道肠【1根】+港式奶茶,,,,非会员,29,,,依据餐量提供餐具,,70.00,21.33,42.10,0.00,0,0,2.02,0.00,3.50,【活动支出】单品特价:35.10元+【活动支出】饿了么红包:7.00元+【活动支出】替用户承担配送费:3.5元,-,-,-,2.00,温州区域,温州加盟,,,否,-,平台配送
圣比萨（永中店）,SBS00013,温州,"8033050256091344338	",饿了么,平台外卖,已完成,2025-10-24 21:05:28,2025-10-24 21:05:28,2025-10-24 21:05:28,饿了么支付-在线支付,,即时单,2025-10-24 21:05:28,10.05,自动出餐,1,否,"奶酪芝士卷边（7英寸）（4.90*1）,榴莲王披萨-7英寸（经典手拍)[{""name"":""规格"",""value"":""7英寸（经典手拍)""}]（52.00*1）,餐盒（1.00*1）",奶酪芝士卷边7+榴莲王披萨,,,,非会员,30,,,3份餐具,,56.90,20.69,27.50,0.00,0,0,2.06,0.00,6.10,【活动支出】店铺满减:1.00元+【活动支出】首次光顾立减:2.00元+【活动支出】单品特价:17.50元+【活动支出】饿了么红包:7.00元+【活动支出】替用户承担配送费:6.0元,-,-,-,1.00,温州区域,温州加盟,,,否,-,平台配送
圣比萨（永中店）,SBS00013,温州,"8023766089897815379	",饿了么,平台外卖,已接单,2025-10-24 21:15:50,2025-10-24 21:15:50,2025-10-24 21:15:50,饿了么支付-在线支付,,即时单,2025-10-24 21:15:50,10.03,自动出餐,1,否,【买一送一】买披萨送披萨[浪漫威尼斯披萨7英寸+碳烤鸡肉培根7英寸]（86.80*1）,浪漫威尼斯披萨【7英寸(手拍)】+碳烤鸡肉培根披萨【7英寸(手拍)】,,,,非会员,31,,,依据餐量提供餐具,,86.80,22.68,54.90,0.00,0,0,2.17,0.00,5.60,【活动支出】单品特价:54.90元+【活动支出】替用户承担配送费:5.6元,-,-,-,0.00,温州区域,温州加盟,,,否,-,平台配送
圣比萨（永中店）,SBS00013,温州,"8082380256103424319	",饿了么,平台外卖,已完成,2025-10-24 21:41:17,2025-10-24 21:41:17,2025-10-24 21:41:17,饿了么支付-在线支付,,即时单,2025-10-24 21:41:17,8.70,手动出餐,1,否,"红薯薯泥流心卷边（7英寸）（4.90*1）,榴莲王披萨-7英寸（经典手拍)[{""name"":""规格"",""value"":""7英寸（经典手拍)""}]（52.00*1）,餐盒（1.00*1）",红薯泥流心卷边7+榴莲王披萨,,,,非会员,32,,,2份餐具,,56.90,13.92,30.50,0.00,0,0,1.83,0.00,9.90,【活动支出】店铺满减:1.00元+【活动支出】首次光顾立减:2.00元+【活动支出】单品特价:17.50元+【活动支出】粉丝群:2.00元+【活动支出】饿了么红包:8.00元+【活动支出】饿了么红包:0.00元+【活动支出】替用户承担配送费:6.0元,-,-,-,1.00,温州区域,温州加盟,,,否,-,平台配送
圣比萨（永中店）,SBS00013,温州,"8013220255921853865	",饿了么,平台外卖,已完成,2025-10-24 22:22:23,2025-10-24 22:22:23,2025-10-24 22:22:23,饿了么支付-在线支付,,即时单,2025-10-24 22:22:23,4.77,手动出餐,1,否,"番茄牛肉意面（52.00*1）,餐盒（1.00*1）",番茄牛肉意面,,,,非会员,33,,,无需餐具,,52.00,15.56,30.10,0.00,0,0,1.49,0.00,5.60,【活动支出】首次光顾立减:2.00元+【活动支出】单品特价:28.10元+【活动支出】替用户承担配送费:5.6元,-,-,-,1.00,温州区域,温州加盟,,,否,-,平台配送
圣比萨（永中店）,SBS00013,温州,"8034090256115285267	",饿了么,平台外卖,已完成,2025-10-24 22:36:36,2025-10-24 22:36:36,2025-10-24 22:36:37,饿了么支付-在线支付,,即时单,2025-10-24 22:36:36,10.17,手动出餐,1,否,"榴莲王披萨-9英寸(经典手拍)[{""name"":""规格"",""value"":""9英寸(经典手拍)""}]（92.00*1）,任选焗饭4选1+小吃6选1+饮料[咖喱鸡肉焗饭+深海墨鱼丸3个+可乐+冰]（57.00*1）,餐盒（3.00*1）",榴莲王披萨+咖喱鸡肉芝士焗饭+深海墨鱼丸【3个】+小可乐,,,,非会员,34,,,依据餐量提供餐具,,149.00,51.69,84.20,0.00,0,0,4.86,0.00,6.10,【活动支出】店铺满减:6.00元+【活动支出】单品特价:46.10元+【活动支出】单品特价:25.10元+【活动支出】 商家自营销加码:2.00元+【活动支出】饿了么红包:5.00元+【活动支出】替用户承担配送费:6.0元,-,-,-,3.00,温州区域,温州加盟,,,否,-,平台配送
圣比萨（鳌江店）,SBM00019,温州,"8003776089512967640	",饿了么,平台外卖,已完成,2025-10-24 09:47:04,2025-10-24 09:47:04,2025-10-24 09:47:05,饿了么支付-在线支付,,即时单,2025-10-24 09:47:04,10.12,自动出餐,1,否,"奥尔良烤翅（15.00*1）,榴莲多多薄脆披萨[方形薄脆披萨]（90.00*1）,餐盒（3.00*1）",奥尔良烤翅,,,,非会员,1,,,打电话 / 依据餐量提供餐具,,105.00,48.46,42.20,0.00,0,0,6.59,0.00,3.50,【活动支出】店铺满减:1.00元+【活动支出】单品特价:3.10元+【活动支出】单品特价:33.10元+【活动支出】饿了么红包:5.00元+【活动支出】替用户承担配送费:3.5元,-,-,-,3.00,温州区域,温州加盟,,,否,-,平台配送
圣比萨（鳌江店）,SBM00019,温州,"8017936089545980368	",饿了么,平台外卖,已完成,2025-10-24 10:19:59,2025-10-24 10:19:59,2025-10-24 10:19:59,饿了么支付-在线支付,,即时单,2025-10-24 10:19:59,10.18,自动出餐,1,否,新奥尔良烤鸡肉披萨7寸-单点（22.00*1）,新奥尔良烤鸡肉披萨【7英寸(手拍)】,,,,非会员,2,,,依据餐量提供餐具,,22.00,12.00,0.00,0.00,0,0,0.00,0.00,,【活动支出】拼团反圈活动:0.00元,-,-,-,0.00,温州区域,温州加盟,,,否,-,平台配送
圣比萨（鳌江店）,SBM00019,温州,"8065546089575264689	",饿了么,平台外卖,已完成,2025-10-24 10:24:05,2025-10-24 10:24:05,2025-10-24 10:24:05,饿了么支付-在线支付,,即时单,2025-10-24 10:24:05,10.07,自动出餐,1,否,"[买一送一]意面/焗饭[黑椒牛肉意面+招牌肉酱芝士焗饭]（68.00*1）,餐盒（2.00*1）",黑椒牛肉意面,,,,非会员,3,,,依据餐量提供餐具,,68.00,30.96,27.10,0.00,0,0,4.19,0.00,3.50,【活动支出】单品特价:18.10元+【活动支出】饿了么红包:9.00元+【活动支出】替用户承担配送费:3.5元,-,-,-,2.00,温州区域,温州加盟,,,否,-,平台配送
圣比萨（鳌江店）,SBM00019,温州,"8072220255565146387	",饿了么,平台外卖,已完成,2025-10-24 10:24:05,2025-10-24 10:24:05,2025-10-24 10:24:05,饿了么支付-在线支付,,即时单,2025-10-24 10:24:05,10.10,自动出餐,1,否,"【买一送一】买披萨送披萨[浪漫威尼斯披萨7英寸+碳烤鸡肉培根披萨7英寸]（86.80*1）,番茄牛肉意面（52.00*1）,金桔柠檬汁[常温]（10.00*2）,餐盒（4.00*1）",浪漫威尼斯披萨【7英寸(手拍)】+碳烤鸡肉培根披萨【7英寸(手拍)】+番茄牛肉意面,,,,非会员,4,,,依据餐量提供餐具,,158.80,54.12,90.00,0.00,0,0,7.33,0.00,4.00,【活动支出】单品特价:54.90元+【活动支出】单品特价:27.10元+【活动支出】单品特价:8.00元+【活动支出】替用户承担配送费:4.0元,-,-,-,4.00,温州区域,温州加盟,,,否,-,平台配送
圣比萨（鳌江店）,SBM00019,温州,"8009390255770608014	",饿了么,平台外卖,已完成,2025-10-24 10:36:05,2025-10-24 10:36:05,2025-10-24 10:36:05,饿了么支付-在线支付,,即时单,2025-10-24 10:36:05,10.23,自动出餐,1,否,"个人意面|焗饭经典套餐（45.00*1）,餐盒（2.00*1）",柠檬茶+招牌肉酱芝士焗饭+经典薯条,,,,非会员,5,,,依据餐量提供餐具,,45.00,19.63,18.10,0.00,0,0,2.72,0.00,3.50,【活动支出】单品特价:11.10元+【活动支出】饿了么红包:7.00元+【活动支出】替用户承担配送费:3.5元,-,-,-,2.00,温州区域,温州加盟,,,否,-,平台配送
圣比萨（鳌江店）,SBM00019,温州,"8068696089574756761	",饿了么,平台外卖,已完成,2025-10-24 10:41:47,2025-10-24 10:41:47,2025-10-24 10:41:47,饿了么支付-在线支付,,即时单,2025-10-24 10:41:47,10.20,自动出餐,1,否,"超值一人套餐（61.00*1）,餐盒（2.00*1）",可乐.+新奥尔良烤鸡肉披萨(7英寸(手拍))+上校鸡块,,,,非会员,6,,,无需餐具,,61.00,19.63,34.10,0.00,0,0,2.72,0.00,3.50,【活动支出】单品特价:29.10元+【活动支出】饿了么红包:5.00元+【活动支出】替用户承担配送费:3.5元,-,-,-,2.00,温州区域,温州加盟,,,否,-,平台配送
圣比萨（鳌江店）,SBM00019,温州,"8008350255687690592	",饿了么,平台外卖,已完成,2025-10-24 10:46:33,2025-10-24 10:46:33,2025-10-24 10:46:33,饿了么支付-在线支付,,即时单,2025-10-24 10:46:33,10.15,自动出餐,1,否,"蛋挞一个（原味）（5.00*1）,个人独享DIY套餐（60.00*1）,餐盒（3.00*1）",蛋挞1个+经典薯条+上校鸡块1个+柠檬茶+炙热牛魔王披萨(7英寸(手拍)),,,,非会员,7,,,依据餐量提供餐具,,65.00,21.41,36.11,0.00,0,0,3.03,0.00,4.50,【活动支出】单品特价:3.01元+【活动支出】单品特价:21.10元+【活动支出】CPS商户叠加券:0.00元+【活动支出】饿了么红包:12.00元+【活动支出】淘金币:0.00元+【活动支出】替用户承担配送费:4.5元,-,-,-,3.00,温州区域,温州加盟,,,否,-,平台配送
圣比萨（鳌江店）,SBM00019,温州,"8097706089626076488	",饿了么,平台外卖,已完成,2025-10-24 11:31:00,2025-10-24 11:31:00,2025-10-24 11:31:01,饿了么支付-在线支付,,即时单,2025-10-24 11:31:00,12.23,自动出餐,1,否,"新奥尔良烤鸡肉披萨-7寸(手拍)[{""name"":""规格"",""value"":""7寸(手拍)""}]（41.00*1）,上校鸡块（11.00*1）,餐盒（4.00*1）",新奥尔良烤鸡肉披萨+上校鸡块,,,,非会员,8,,,依据餐量提供餐具,,52.00,19.63,27.10,0.00,0,0,2.72,0.00,3.50,【活动支出】单品特价:17.10元+【活动支出】单品特价:3.00元+【活动支出】超级会员专享红包:5.00元+【活动支出】 商家自营销加码:2.00元+【活动支出】替用户承担配送费:3.5元,-,-,-,4.00,温州区域,温州加盟,,,否,-,平台配送
圣比萨（鳌江店）,SBM00019,温州,"8043330255633497579	",饿了么,平台外卖,已完成,2025-10-24 11:35:59,2025-10-24 11:35:59,2025-10-24 11:35:59,饿了么支付-在线支付,,即时单,2025-10-24 11:35:59,12.15,自动出餐,1,否,"香烤鸡翅-2只[{""name"":""规格"",""value"":""2只""}]（16.00*1）,缤纷水果披萨-7英寸(手拍)[{""name"":""规格"",""value"":""7英寸(手拍)""}]（42.00*1）,披萨专用保温袋x1.（0.99*1）,餐盒（3.00*1）",香烤鸡翅+缤纷水果披萨,,,,非会员,9,,,需要2支一次性手套！公司大门口进来左拐弯就能看到灰色高楼的一楼的前台，外卖放在前台就可以了，谢谢！ / 依据餐量提供餐具,,58.99,26.74,23.20,0.00,0,0,3.76,0.00,3.50,【活动支出】单品特价:3.10元+【活动支出】单品特价:12.10元+【活动支出】超级会员专享红包:8.00元+【活动支出】 商家自营销加码:0.00元+【活动支出】替用户承担配送费:3.5元,-,-,-,3.00,温州区域,温州加盟,,,否,-,平台配送
圣比萨（鳌江店）,SBM00019,温州,"8055270255773953327	",饿了么,平台外卖,已完成,2025-10-24 12:20:18,2025-10-24 12:20:18,2025-10-24 12:20:18,饿了么支付-在线支付,,即时单,2025-10-24 12:20:18,12.12,自动出餐,1,否,"奥尔良烤翅（15.00*1）,0.1元芝士多加一点点（5克）（6.00*1）,缤纷水果披萨-12英寸(手拍)[{""name"":""规格"",""value"":""12英寸(手拍)""}]（106.00*1）,披萨专用保温袋x1.（0.99*1）,芝士就是力量（10.00*1）,餐盒（5.10*1）",奥尔良烤翅+缤纷水果披萨+芝士就是力量,,,,非会员,10,,,香蕉麻烦帮我烤软一点谢谢/ 2份餐具,,137.99,58.08,65.20,0.00,0,0,7.86,0.00,3.50,【活动支出】店铺满减:3.00元+【活动支出】单品特价:3.10元+【活动支出】单品特价:5.90元+【活动支出】单品特价:36.10元+【活动支出】单品特价:5.10元+【活动支出】饿了么红包:12.00元+【活动支出】替用户承担配送费:3.5元,-,-,-,5.10,温州区域,温州加盟,,,否,-,平台配送
圣比萨（鳌江店）,SBM00019,温州,"8048786089632959748	",饿了么,平台外卖,已完成,2025-10-24 12:29:48,2025-10-24 12:29:48,2025-10-24 12:29:49,饿了么支付-在线支付,,即时单,2025-10-24 12:29:48,12.20,自动出餐,1,否,"个人意面|焗饭经典套餐（45.00*1）,餐盒（2.00*1）",港式奶茶+黑椒牛肉芝士焗饭+上校鸡块,,,,非会员,11,,,2幢1单元301 / 依据餐量提供餐具,,45.00,19.63,18.10,0.00,0,0,2.72,0.00,3.50,【活动支出】单品特价:11.10元+【活动支出】饿了么红包:7.00元+【活动支出】替用户承担配送费:3.5元,-,-,-,2.00,温州区域,温州加盟,,,否,-,平台配送
圣比萨（鳌江店）,SBM00019,温州,"8096616089673128208	",饿了么,平台外卖,已完成,2025-10-24 12:33:54,2025-10-24 12:33:54,2025-10-24 12:33:54,饿了么支付-在线支付,,即时单,2025-10-24 12:33:54,12.03,自动出餐,1,否,"鲜虾菠萝披萨-7寸[{""name"":""规格"",""value"":""7寸""}]（40.90*1）,餐盒（2.00*1）",鲜虾菠萝披萨,,,,非会员,12,,,依据餐量提供餐具,,40.90,18.44,16.00,0.00,0,0,2.51,0.00,3.50,【活动支出】单品特价:11.00元+【活动支出】CPS商户叠加券:0.00元+【活动支出】饿了么红包:5.00元+【活动支出】淘金币:0.00元+【活动支出】替用户承担配送费:3.5元,-,-,-,2.00,温州区域,温州加盟,,,否,-,平台配送
圣比萨（鳌江店）,SBM00019,温州,"8002270255674950085	",饿了么,平台外卖,已完成,2025-10-24 12:34:04,2025-10-24 12:34:04,2025-10-24 12:34:05,饿了么支付-在线支付,,即时单,2025-10-24 12:34:04,12.12,自动出餐,1,否,"意面/焗饭随心配（58.80*1）,餐盒（2.00*1）",盐酥鸡米花小份+上校鸡块2个+蛋挞1个+不要饮料+番茄培根意面,,,,非会员,13,,,依据餐量提供餐具,,58.80,18.97,32.90,0.00,0,0,2.61,0.00,3.50,【活动支出】单品特价:24.90元+【活动支出】CPS商户叠加券:0.00元+【活动支出】饿了么红包:8.00元+【活动支出】淘金币:0.00元+【活动支出】替用户承担配送费:3.5元,-,-,-,2.00,温州区域,温州加盟,,,否,-,平台配送
圣比萨（鳌江店）,SBM00019,温州,"8091090255692641583	",饿了么,平台外卖,已完成,2025-10-24 13:11:04,2025-10-24 13:11:04,2025-10-24 13:11:04,饿了么支付-在线支付,,即时单,2025-10-24 13:11:04,12.12,自动出餐,1,否,"圣比至尊披萨-7寸[{""name"":""规格"",""value"":""7寸""}]（41.90*1）,上校鸡块（11.00*1）,餐盒（4.00*1）",大圣招牌大满贯披萨+上校鸡块,,,,非会员,14,,,无需餐具,,52.90,24.81,21.00,0.00,0,0,3.45,0.00,3.50,【活动支出】单品特价:10.00元+【活动支出】单品特价:3.00元+【活动支出】饿了么红包:8.00元+【活动支出】淘金币:0.00元+【活动支出】替用户承担配送费:3.5元,-,-,-,4.00,温州区域,温州加盟,,,否,-,平台配送
圣比萨（鳌江店）,SBM00019,温州,"8033776089651054057	",饿了么,平台外卖,已完成,2025-10-24 13:11:14,2025-10-24 13:11:14,2025-10-24 13:11:14,饿了么支付-在线支付,,即时单,2025-10-24 13:11:14,12.18,自动出餐,1,否,"招牌肉酱芝士焗饭（52.00*1）,餐盒（2.00*1）",招牌肉酱芝士焗饭,,,,非会员,15,,,依据餐量提供餐具,,52.00,13.67,33.10,0.00,0,0,1.88,0.00,3.50,【活动支出】单品特价:26.10元+【活动支出】 商家自营销加码:2.00元+【活动支出】饿了么红包:5.00元+【活动支出】替用户承担配送费:3.5元,-,-,-,2.00,温州区域,温州加盟,,,否,-,平台配送
圣比萨（鳌江店）,SBM00019,温州,"8047836089717390793	",饿了么,平台外卖,已完成,2025-10-24 13:42:22,2025-10-24 13:42:22,2025-10-24 13:42:22,饿了么支付-在线支付,,即时单,2025-10-24 13:42:22,10.05,自动出餐,1,否,"王者至尊双人套餐[圣比至尊9英寸+香肠2根+墨鱼丸3个]（110.00*1）,点击右上角收藏加购→立减“1元”（0.00*1）,明星至尊桶（59.00*1）,【任选】7寸披萨买一送一（82.00*1）,餐盒（6.00*1）",明星至尊桶+鲜虾菠萝披萨(7英寸(手拍))+炙热牛魔王披萨(7英寸(手拍)),,,,非会员,16,,,依据餐量提供餐具,,251.00,100.72,121.20,0.00,0,0,13.94,0.00,3.50,【活动支出】店铺满减:4.00元+【活动支出】单品特价:57.10元+【活动支出】单品特价:20.00元+【活动支出】单品特价:32.10元+【活动支出】超会爆红包省钱包:8.00元+【活动支出】替用户承担配送费:3.5元,-,-,-,6.00,温州区域,温州加盟,,,否,-,平台配送
圣比萨（鳌江店）,SBM00019,温州,"8007716089707214291	",饿了么,平台外卖,已完成,2025-10-24 14:16:26,2025-10-24 14:16:26,2025-10-24 14:16:26,饿了么支付-在线支付,,即时单,2025-10-24 14:16:26,10.12,自动出餐,1,否,"香烤鸡翅-2只[{""name"":""规格"",""value"":""2只""}]（16.00*1）,新奥尔良烤鸡肉披萨-7寸(手拍)[{""name"":""规格"",""value"":""7寸(手拍)""}]（41.00*1）,芝士拉丝热狗棒（15.00*1）,餐盒（4.50*1）",香烤鸡翅+新奥尔良烤鸡肉披萨,,,,非会员,17,,,找不到打电话13616629386 / 依据餐量提供餐具,,72.00,37.28,25.20,0.00,0,0,5.07,0.00,3.50,【活动支出】单品特价:3.10元+【活动支出】单品特价:17.10元+【活动支出】单品特价:5.00元+【活动支出】替用户承担配送费:3.5元,-,-,-,4.50,温州区域,温州加盟,,,否,-,平台配送
圣比萨（鳌江店）,SBM00019,温州,"8074626089700144482	",饿了么,平台外卖,已完成,2025-10-24 14:26:08,2025-10-24 14:26:08,2025-10-24 14:26:08,饿了么支付-在线支付,,即时单,2025-10-24 14:26:08,10.17,自动出餐,1,否,"牛肉至尊披萨-9寸[{""name"":""规格"",""value"":""9寸""}]（70.00*1）,餐盒（2.00*1）",炙热牛魔王披萨,,,,非会员,18,,,无需餐具,,70.00,25.83,35.50,0.00,0,0,3.52,0.00,3.50,【活动支出】单品特价:23.50元+【活动支出】饿了么红包:12.00元+【活动支出】替用户承担配送费:3.5元,-,-,-,2.00,温州区域,温州加盟,,,否,-,平台配送
圣比萨（鳌江店）,SBM00019,温州,"8080470255852155268	",饿了么,平台外卖,已完成,2025-10-24 15:48:36,2025-10-24 15:48:36,2025-10-24 15:48:36,饿了么支付-在线支付,,即时单,2025-10-24 15:48:36,10.02,自动出餐,1,否,"榴莲王披萨-9英寸(经典手拍)[{""name"":""规格"",""value"":""9英寸(经典手拍)""}]（92.00*1）,餐盒（2.00*1）",榴莲王披萨,,,,非会员,19,,,依据餐量提供餐具,,92.00,42.88,35.10,0.00,0,0,5.87,0.00,3.50,【活动支出】店铺满减:1.00元+【活动支出】单品特价:34.10元+【活动支出】替用户承担配送费:3.5元,-,-,-,2.00,温州区域,温州加盟,,,否,-,平台配送
圣比萨（鳌江店）,SBM00019,温州,"8026576089758215437	",饿了么,平台外卖,已完成,2025-10-24 16:56:39,2025-10-24 16:56:39,2025-10-24 16:56:39,饿了么支付-在线支付,,即时单,2025-10-24 16:56:39,10.03,自动出餐,1,否,"新奥尔良烤鸡肉披萨-7寸(手拍)[{""name"":""规格"",""value"":""7寸(手拍)""}]（41.00*1）,餐盒（2.00*1）",新奥尔良烤鸡肉披萨,,,,非会员,20,,,依据餐量提供餐具,,41.00,12.77,22.10,0.00,0,0,1.88,0.00,5.00,【活动支出】单品特价:17.10元+【活动支出】饿了么红包:5.00元+【活动支出】替用户承担配送费:5.0元,-,-,-,2.00,温州区域,温州加盟,,,否,-,平台配送
圣比萨（鳌江店）,SBM00019,温州,"8041400255875304816	",饿了么,平台外卖,已完成,2025-10-24 17:10:04,2025-10-24 17:10:04,2025-10-24 17:10:04,饿了么支付-在线支付,,即时单,2025-10-24 17:10:04,10.18,自动出餐,1,否,"翅薯组合（21.00*1）,蛋挞一个（原味）（5.00*1）,披萨专用保温袋x1（1.00*1）,土豪双拼卷边披萨-9寸[芝心卷边+牛肉至尊披萨+海鲜至尊披萨][{""name"":""规格"",""value"":""9寸""}]（100.90*1）,餐盒（5.00*1）",翅薯组合+蛋挞1个,,,,非会员,21,,,依据餐量提供餐具,,127.90,60.75,50.01,0.00,0,0,8.39,0.00,3.50,【活动支出】店铺满减:3.00元+【活动支出】单品特价:2.00元+【活动支出】单品特价:3.01元+【活动支出】单品特价:34.00元+【活动支出】超会爆红包省钱包:8.00元+【活动支出】替用户承担配送费:3.5元,-,-,-,5.00,温州区域,温州加盟,,,否,-,平台配送
圣比萨（鳌江店）,SBM00019,温州,"8013430255965211977	",饿了么,平台外卖,已完成,2025-10-24 17:10:21,2025-10-24 17:10:21,2025-10-24 17:10:21,饿了么支付-在线支付,,即时单,2025-10-24 17:10:21,10.08,自动出餐,1,否,"金牌芝士披萨-7寸[{""name"":""规格"",""value"":""7寸""}]（40.90*1）,餐盒（2.00*1）","金牌芝士披萨-7寸[{""name"":""规格"",""value"":""7寸""}]+餐盒",,,,非会员,22,,,依据餐量提供餐具,,40.90,16.65,18.00,0.00,0,0,2.30,0.00,3.50,【活动支出】单品特价:11.00元+【活动支出】 商家自营销加码:2.00元+【活动支出】饿了么红包:5.00元+【活动支出】替用户承担配送费:3.5元,-,-,-,2.00,温州区域,温州加盟,,,否,-,平台配送
圣比萨（鳌江店）,SBM00019,温州,"8099546089787453938	",饿了么,平台外卖,已完成,2025-10-24 17:19:18,2025-10-24 17:19:18,2025-10-24 17:19:18,饿了么支付-在线支付,,预约单,2025-10-24 20:25:00,140.92,自动出餐,1,否,"招牌肉酱芝士焗饭（52.00*1）,餐盒（2.00*1）",招牌肉酱芝士焗饭,,,,非会员,23,,,不要打电话，放外卖柜即可 / 依据餐量提供餐具,,52.00,13.67,33.10,0.00,0,0,1.88,0.00,3.50,【活动支出】单品特价:26.10元+【活动支出】饿了么红包:7.00元+【活动支出】替用户承担配送费:3.5元,-,-,-,2.00,温州区域,温州加盟,,,否,-,平台配送
圣比萨（鳌江店）,SBM00019,温州,"8097686089775431992	",饿了么,平台外卖,已完成,2025-10-24 17:22:11,2025-10-24 17:22:11,2025-10-24 17:22:11,饿了么支付-在线支付,,预约单,2025-10-24 18:25:00,18.00,自动出餐,1,否,"个人独享DIY套餐（65.89*1）,餐盒（2.00*1）",金丝鸡排+上校鸡块1个+港式奶茶+榴莲王披萨(7英寸(手拍)),,,,非会员,24,,,依据餐量提供餐具,,65.89,26.09,30.10,0.00,0,0,3.65,0.00,4.50,【活动支出】单品特价:21.10元+【活动支出】饿了么红包:9.00元+【活动支出】替用户承担配送费:4.5元,-,-,-,2.00,温州区域,温州加盟,,,否,-,平台配送
圣比萨（鳌江店）,SBM00019,温州,"8080290255895114019	",饿了么,平台外卖,已完成,2025-10-24 17:37:36,2025-10-24 17:37:36,2025-10-24 17:37:36,饿了么支付-在线支付,,即时单,2025-10-24 17:37:36,12.12,自动出餐,1,否,"肉酱披萨-7英寸[{""name"":""规格"",""value"":""7英寸""}]（35.00*1）,披萨专用保温袋x1.（0.99*1）,餐盒（2.00*1）","肉酱披萨-7英寸[{""name"":""规格"",""value"":""7英寸""}]+披萨专用保温袋x1.+餐盒",,,,非会员,25,,,1份餐具,,35.99,12.77,18.10,0.00,0,0,1.77,0.00,4.00,【活动支出】单品特价:11.10元+【活动支出】饿了么红包:7.00元+【活动支出】替用户承担配送费:4.0元,-,-,-,2.00,温州区域,温州加盟,,,否,-,平台配送
圣比萨（鳌江店）,SBM00019,温州,"8021566089788707266	",饿了么,平台外卖,已完成,2025-10-24 17:45:29,2025-10-24 17:45:29,2025-10-24 17:45:29,饿了么支付-在线支付,,即时单,2025-10-24 17:45:29,12.12,自动出餐,1,否,"9寸披萨/意面随心配（117.80*1）,餐盒（2.00*1）",可乐.+柠檬茶+大圣招牌大满贯披萨(9英寸(手拍))+明星小食桶B+蛋挞1个+蛋挞1个+番茄培根意面,,,,非会员,26,,,放门口不要敲门 / 依据餐量提供餐具,,117.80,57.91,42.10,0.00,0,0,7.84,0.00,3.50,【活动支出】店铺满减:3.00元+【活动支出】单品特价:27.10元+【活动支出】饿了么红包:12.00元+【活动支出】替用户承担配送费:3.5元,-,-,-,2.00,温州区域,温州加盟,,,否,-,平台配送
圣比萨（鳌江店）,SBM00019,温州,"8040380255802670437	",饿了么,平台外卖,已完成,2025-10-24 17:59:09,2025-10-24 17:59:09,2025-10-24 17:59:09,饿了么支付-在线支付,,即时单,2025-10-24 17:59:09,12.22,自动出餐,1,否,"超值一人套餐（61.00*1）,餐盒（2.00*1）",柠檬茶+浪漫威尼斯披萨(7英寸(手拍))+上校鸡块,,,,非会员,27,,,依据餐量提供餐具,,61.00,18.44,36.10,0.00,0,0,2.51,0.00,3.50,【活动支出】单品特价:29.10元+【活动支出】饿了么红包:7.00元+【活动支出】替用户承担配送费:3.5元,-,-,-,2.00,温州区域,温州加盟,,,否,-,平台配送
圣比萨（鳌江店）,SBM00019,温州,"8090300255807910324	",饿了么,平台外卖,已完成,2025-10-24 18:05:38,2025-10-24 18:05:38,2025-10-24 18:05:38,饿了么支付-在线支付,,即时单,2025-10-24 18:05:38,12.13,自动出餐,1,否,"香烤鸡翅-2只[{""name"":""规格"",""value"":""2只""}]（16.00*1）,肉酱披萨-7英寸[{""name"":""规格"",""value"":""7英寸""}]（35.00*1）,港式奶茶（10.00*1）,餐盒（4.00*1）",香烤鸡翅+港式奶茶,,,,非会员,28,,,依据餐量提供餐具,,61.00,27.29,26.20,0.00,0,0,3.76,0.00,3.50,【活动支出】单品特价:3.10元+【活动支出】单品特价:11.10元+【活动支出】单品特价:3.00元+【活动支出】饿了么红包:9.00元+【活动支出】替用户承担配送费:3.5元,-,-,-,4.00,温州区域,温州加盟,,,否,-,平台配送
圣比萨（鳌江店）,SBM00019,温州,"8040380255995592122	",饿了么,平台外卖,已完成,2025-10-24 18:06:06,2025-10-24 18:06:06,2025-10-24 18:06:06,饿了么支付-在线支付,,即时单,2025-10-24 18:06:06,12.03,自动出餐,1,否,奥尔良烤鸡肉披萨(7寸)-单点（23.21*1）,新奥尔良烤鸡肉披萨【7英寸(手拍)】,,,,非会员,29,,,依据餐量提供餐具,,23.21,13.21,0.00,0.00,0,0,0.00,0.00,,【活动支出】拼团反圈活动:0.00元,-,-,-,0.00,温州区域,温州加盟,,,否,-,平台配送
圣比萨（鳌江店）,SBM00019,温州,"8085030255966782931	",饿了么,平台外卖,已完成,2025-10-24 19:49:54,2025-10-24 19:49:54,2025-10-24 19:49:54,饿了么支付-在线支付,,即时单,2025-10-24 19:49:54,10.00,自动出餐,1,否,"缤纷水果披萨-7英寸(手拍)[{""name"":""规格"",""value"":""7英寸(手拍)""}]（42.00*1）,餐盒（2.00*1）",缤纷水果披萨,,,,非会员,30,,,依据餐量提供餐具,,42.00,15.75,19.10,0.00,0,0,2.30,0.00,4.50,【活动支出】单品特价:12.10元+【活动支出】饿了么红包:7.00元+【活动支出】替用户承担配送费:4.5元,-,-,-,2.00,温州区域,温州加盟,,,否,-,平台配送
圣比萨（鳌江店）,SBM00019,温州,"8098596089838418349	",饿了么,平台外卖,已完成,2025-10-24 19:59:55,2025-10-24 19:59:55,2025-10-24 19:59:55,饿了么支付-在线支付,,即时单,2025-10-24 19:59:55,10.23,自动出餐,1,否,"上校鸡块4个+可乐（6.90*1）,肉酱披萨-7英寸[{""name"":""规格"",""value"":""7英寸""}]（35.00*1）,餐盒（2.00*1）","上校鸡块4个+可乐+肉酱披萨-7英寸[{""name"":""规格"",""value"":""7英寸""}]+餐盒",,,,非会员,31,,,依据餐量提供餐具,,41.90,17.46,18.10,0.00,0,0,2.39,0.00,3.50,【活动支出】单品特价:11.10元+【活动支出】饿了么红包:7.00元+【活动支出】替用户承担配送费:3.5元,-,-,-,2.00,温州区域,温州加盟,,,否,-,平台配送
圣比萨（鳌江店）,SBM00019,温州,"8074766089855164920	",饿了么,平台外卖,已完成,2025-10-24 20:27:14,2025-10-24 20:27:14,2025-10-24 20:27:15,饿了么支付-在线支付,,即时单,2025-10-24 20:27:14,10.03,自动出餐,1,否,"圣比至尊披萨-7寸[{""name"":""规格"",""value"":""7寸""}]（41.90*1）,深海墨鱼丸-3个[{""name"":""规格"",""value"":""3个""}]（10.60*1）,餐盒（3.00*1）",大圣招牌大满贯披萨+深海墨鱼丸,,,,非会员,32,,,依据餐量提供餐具,,52.50,23.05,21.60,0.00,0,0,3.24,0.00,3.50,【活动支出】单品特价:10.00元+【活动支出】单品特价:3.60元+【活动支出】饿了么红包:8.00元+【活动支出】替用户承担配送费:3.5元,-,-,-,3.00,温州区域,温州加盟,,,否,-,平台配送
圣比萨（鳌江店）,SBM00019,温州,"8052846089888280859	",饿了么,平台外卖,已完成,2025-10-24 20:32:10,2025-10-24 20:32:10,2025-10-24 20:32:10,饿了么支付-在线支付,,即时单,2025-10-24 20:32:10,10.00,自动出餐,1,否,"新奥尔良烤鸡肉披萨-7寸(手拍)[{""name"":""规格"",""value"":""7寸(手拍)""}]（41.00*1）,餐盒（2.00*1）",新奥尔良烤鸡肉披萨,,,,非会员,33,,,依据餐量提供餐具,,41.00,10.98,24.10,0.00,0,0,1.67,0.00,4.50,【活动支出】单品特价:17.10元+【活动支出】饿了么红包:7.00元+【活动支出】替用户承担配送费:4.5元,-,-,-,2.00,温州区域,温州加盟,,,否,-,平台配送
圣比萨（鳌江店）,SBM00019,温州,"8000250255992824181	",饿了么,平台外卖,已完成,2025-10-24 20:46:15,2025-10-24 20:46:15,2025-10-24 20:46:15,饿了么支付-在线支付,,即时单,2025-10-24 20:46:15,10.00,自动出餐,1,否,"缤纷水果披萨-7英寸(手拍)[{""name"":""规格"",""value"":""7英寸(手拍)""}]（42.00*1）,餐盒（2.00*1）",缤纷水果披萨,,,,非会员,34,,,依据餐量提供餐具,,42.00,16.65,19.10,0.00,0,0,2.30,0.00,3.50,【活动支出】单品特价:12.10元+【活动支出】超级会员专享红包:5.00元+【活动支出】 商家自营销加码:2.00元+【活动支出】替用户承担配送费:3.5元,-,-,-,2.00,温州区域,温州加盟,,,否,-,平台配送
圣比萨（鳌江店）,SBM00019,温州,"8000250255992788371	",饿了么,平台外卖,已完成,2025-10-24 20:47:07,2025-10-24 20:47:07,2025-10-24 20:47:08,饿了么支付-在线支付,,即时单,2025-10-24 20:47:07,10.05,自动出餐,1,否,"缤纷水果披萨-7英寸(手拍)[{""name"":""规格"",""value"":""7英寸(手拍)""}]（42.00*1）,餐盒（2.00*1）",缤纷水果披萨,,,,非会员,35,,,依据餐量提供餐具,,42.00,18.44,17.10,0.00,0,0,2.51,0.00,3.50,【活动支出】单品特价:12.10元+【活动支出】吃货豆兑换的商家券:5.00元+【活动支出】替用户承担配送费:3.5元,-,-,-,2.00,温州区域,温州加盟,,,否,-,平台配送
圣比萨（鳌江店）,SBM00019,温州,"8093656089908629935	",饿了么,平台外卖,已完成,2025-10-24 21:20:49,2025-10-24 21:20:49,2025-10-24 21:20:49,饿了么支付-在线支付,,即时单,2025-10-24 21:20:49,10.18,自动出餐,1,否,"榴莲王披萨-7英寸（经典手拍)[{""name"":""规格"",""value"":""7英寸（经典手拍)""}]（52.00*1）,餐盒（2.00*1）",榴莲王披萨,,,,非会员,36,,,依据餐量提供餐具,,52.00,22.26,21.60,0.00,0,0,3.09,0.00,5.60,【活动支出】单品特价:13.10元+【活动支出】超会爆红包省钱包:8.50元+【活动支出】替用户承担配送费:5.6元,-,-,-,2.00,温州区域,温州加盟,,,否,-,平台配送
圣比萨（鳌江店）,SBM00019,温州,"8046686089902022915	",饿了么,平台外卖,已完成,2025-10-24 21:28:22,2025-10-24 21:28:22,2025-10-24 21:28:22,饿了么支付-在线支付,,即时单,2025-10-24 21:28:22,10.00,自动出餐,1,否,"榴莲多多薄脆披萨[方形薄脆披萨]（90.00*1）,餐盒（2.00*1）",榴莲多多薄脆披萨[方形薄脆披萨]+餐盒,,,,非会员,37,,,依据餐量提供餐具,,90.00,35.53,42.10,0.00,0,0,4.92,0.00,5.60,【活动支出】单品特价:33.10元+【活动支出】饿了么红包:9.00元+【活动支出】替用户承担配送费:5.6元,-,-,-,2.00,温州区域,温州加盟,,,否,-,平台配送
圣比萨（鳌江店）,SBM00019,温州,"8089080256111845682	",饿了么,平台外卖,已完成,2025-10-24 22:24:34,2025-10-24 22:24:34,2025-10-24 22:24:34,饿了么支付-在线支付,,即时单,2025-10-24 22:24:34,10.15,自动出餐,1,否,"新奥尔良烤鸡肉披萨-7寸(手拍)[{""name"":""规格"",""value"":""7寸(手拍)""}]（41.00*1）,餐盒（2.00*1）",新奥尔良烤鸡肉披萨,,,,非会员,38,,,依据餐量提供餐具,,41.00,9.58,24.10,0.00,0,0,1.67,0.00,7.70,【活动支出】单品特价:17.10元+【活动支出】CPS商户叠加券:0.00元+【活动支出】饿了么红包:7.00元+【活动支出】替用户承担配送费:6.0元,-,-,-,2.00,温州区域,温州加盟,,,否,-,平台配送
圣比萨（鳌江店）,SBM00019,温州,"8004150256032588259	",饿了么,平台外卖,已完成,2025-10-24 22:42:22,2025-10-24 22:42:22,2025-10-24 22:42:23,饿了么支付-在线支付,,即时单,2025-10-24 22:42:22,10.23,自动出餐,1,否,"缤纷水果披萨-7英寸(手拍)[{""name"":""规格"",""value"":""7英寸(手拍)""}]（42.00*1）,餐盒（2.00*1）",缤纷水果披萨,,,,非会员,39,,,依据餐量提供餐具,,42.00,16.15,19.10,0.00,0,0,2.30,0.00,5.60,【活动支出】单品特价:12.10元+【活动支出】饿了么红包:7.00元+【活动支出】替用户承担配送费:5.6元,-,-,-,2.00,温州区域,温州加盟,,,否,-,平台配送
圣比萨（鳌江店）,SBM00019,温州,"8087716089891183904	",饿了么,平台外卖,已完成,2025-10-24 22:51:27,2025-10-24 22:51:27,2025-10-24 22:51:27,饿了么支付-在线支付,,即时单,2025-10-24 22:51:27,10.20,自动出餐,1,否,"个人独享DIY套餐（60.00*1）,餐盒（2.00*1）",金丝鸡排+上校鸡块1个+金桔柠檬汁+缤纷水果披萨(7英寸(手拍)),,,,非会员,40,,,依据餐量提供餐具,,60.00,22.26,29.10,0.00,0,0,3.14,0.00,5.60,【活动支出】单品特价:21.10元+【活动支出】饿了么红包:8.00元+【活动支出】替用户承担配送费:5.6元,-,-,-,2.00,温州区域,温州加盟,,,否,-,平台配送
圣比萨（鳌江店）,SBM00019,温州,"8087716089933330776	",饿了么,平台外卖,已完成,2025-10-24 22:52:10,2025-10-24 22:52:10,2025-10-24 22:52:10,饿了么支付-在线支付,,即时单,2025-10-24 22:52:10,10.08,自动出餐,1,否,"缤纷水果披萨-7英寸(手拍)[{""name"":""规格"",""value"":""7英寸(手拍)""}]（42.00*1）,餐盒（2.00*1）",缤纷水果披萨,,,,非会员,41,,,依据餐量提供餐具,,42.00,16.15,19.10,0.00,0,0,2.30,0.00,5.60,【活动支出】单品特价:12.10元+【活动支出】饿了么红包:7.00元+【活动支出】替用户承担配送费:5.6元,-,-,-,2.00,温州区域,温州加盟,,,否,-,平台配送
圣比萨（汤家桥店）,SBS00002,温州,"8043826089592441242	",饿了么,平台外卖,已完成,2025-10-24 10:49:15,2025-10-24 10:49:15,2025-10-24 10:49:15,饿了么支付-在线支付,,即时单,2025-10-24 10:49:15,10.05,自动出餐,1,否,"榴莲披萨-7英寸（经典手拍)[{""name"":""规格"",""value"":""7英寸（经典手拍)""}]（52.00*1）,餐盒（2.00*1）",榴莲王披萨,,,,非会员,1,,,依据餐量提供餐具,,52.00,21.36,23.10,0.00,0,0,2.09,0.00,5.00,【活动支出】单品特价:18.10元+【活动支出】饿了么红包:5.00元+【活动支出】替用户承担配送费:5.0元,-,-,-,2.00,温州区域,温州加盟,,,否,-,平台配送
圣比萨（汤家桥店）,SBS00002,温州,"8022786089618987378	",饿了么,平台外卖,已完成,2025-10-24 11:28:18,2025-10-24 11:28:18,2025-10-24 11:28:19,饿了么支付-在线支付,,即时单,2025-10-24 11:28:18,11.47,手动出餐,1,否,"榴莲披萨-7英寸（经典手拍)[{""name"":""规格"",""value"":""7英寸（经典手拍)""}]（52.00*1）,餐盒（2.00*1）",榴莲王披萨,,,,非会员,2,,,不要辣 / 依据餐量提供餐具,,52.00,20.41,25.10,0.00,0,0,1.94,0.00,3.50,【活动支出】单品特价:18.10元+【活动支出】 商家自营销加码:2.00元+【活动支出】饿了么红包:5.00元+【活动支出】替用户承担配送费:3.5元,-,-,-,2.00,温州区域,温州加盟,,,否,-,平台配送
圣比萨（汤家桥店）,SBS00002,温州,"8073716089595205100	",饿了么,平台外卖,已完成,2025-10-24 11:35:39,2025-10-24 11:35:39,2025-10-24 11:35:39,饿了么支付-在线支付,,即时单,2025-10-24 11:35:39,12.15,自动出餐,1,否,"任选意面4选1+小吃6选1+饮料[黑椒牛肉意面+墨鱼丸3个+港式奶茶+常温]（57.00*1）,餐盒（2.00*1）",黑椒牛肉意面+深海墨鱼丸3个+港式奶茶,,,,非会员,3,,,依据餐量提供餐具,,57.00,19.16,32.10,0.00,0,0,1.79,0.00,3.50,【活动支出】单品特价:25.10元+【活动支出】 商家自营销加码:2.00元+【活动支出】饿了么红包:5.00元+【活动支出】替用户承担配送费:3.5元,-,-,-,2.00,温州区域,温州加盟,,,否,-,平台配送
圣比萨（汤家桥店）,SBS00002,温州,"8009380255828347197	",饿了么,平台外卖,已完成,2025-10-24 11:39:23,2025-10-24 11:39:23,2025-10-24 11:39:23,饿了么支付-在线支付,,即时单,2025-10-24 11:39:23,11.28,手动出餐,1,否,"[买一送一]7英寸披萨[缤纷水果披萨7英寸+碳烤鸡肉培根7英寸]（86.80*1）,餐盒（2.00*1）",缤纷水果披萨【7英寸(手拍)】+碳烤鸡肉培根披萨【7英寸(手拍)】,,,,非会员,4,,,依据餐量提供餐具,,86.80,29.41,47.90,0.00,0,0,2.84,0.00,4.50,【活动支出】店铺满减:1.00元+【活动支出】单品特价:37.90元+【活动支出】饿了么红包:9.00元+【活动支出】替用户承担配送费:4.5元,-,-,-,2.00,温州区域,温州加盟,,,否,-,平台配送
圣比萨（汤家桥店）,SBS00002,温州,"8034836089660124498	",饿了么,平台外卖,已完成,2025-10-24 11:51:51,2025-10-24 11:51:51,2025-10-24 11:51:51,饿了么支付-在线支付,,即时单,2025-10-24 11:51:51,12.02,自动出餐,1,否,"双人披萨经典套餐[缤纷水果披萨9英寸+明星小食桶B+小可乐+小可乐+冷]（108.00*1）,餐盒（2.00*1）",双人披萨经典套餐[缤纷水果披萨9英寸+明星小食桶B+小可乐+小可乐+冷]+餐盒,,,,非会员,5,,,依据餐量提供餐具,,108.00,42.76,51.10,0.00,0,0,4.19,0.00,5.60,【活动支出】店铺满减:6.00元+【活动支出】单品特价:38.10元+【活动支出】 商家自营销加码:2.00元+【活动支出】饿了么红包:5.00元+【活动支出】替用户承担配送费:5.6元,-,-,-,2.00,温州区域,温州加盟,,,否,-,平台配送
圣比萨（汤家桥店）,SBS00002,温州,"8093180255783410948	",饿了么,平台外卖,已完成,2025-10-24 12:32:08,2025-10-24 12:32:08,2025-10-24 12:32:08,饿了么支付-在线支付,,即时单,2025-10-24 12:32:08,10.98,手动出餐,1,否,"超值一人餐[圣比至尊披萨7英寸+薯条一份+酸梅汁+常温]（53.00*1）,餐盒（2.00*1）",大圣招牌大满贯披萨【7英寸(手拍)】+经典薯条+酸梅汁,,,,非会员,6,,,依据餐量提供餐具,,53.00,24.09,22.12,0.00,0,0,2.24,0.00,4.00,【活动支出】店铺满减:1.00元+【活动支出】单品特价:13.12元+【活动支出】饿了么红包:8.00元+【活动支出】替用户承担配送费:4.0元,-,-,-,2.00,温州区域,温州加盟,,,否,-,平台配送
圣比萨（汤家桥店）,SBS00002,温州,"8002280255776363854	",饿了么,平台外卖,已完成,2025-10-24 12:41:24,2025-10-24 12:41:24,2025-10-24 12:41:24,饿了么支付-在线支付,,即时单,2025-10-24 12:41:24,10.37,手动出餐,1,否,"任选焗饭4选1+小吃6选1+饮料[黑椒牛肉芝士焗饭+上校鸡块4个+小可乐+冷]（57.00*1）,餐盒（2.00*1）",黑椒牛肉芝士焗饭+上校鸡块+小可乐,,,,非会员,7,,,1份餐具,,57.00,19.16,32.10,0.00,0,0,1.79,0.00,3.50,【活动支出】单品特价:25.10元+【活动支出】 商家自营销加码:2.00元+【活动支出】饿了么红包:5.00元+【活动支出】替用户承担配送费:3.5元,-,-,-,2.00,温州区域,温州加盟,,,否,-,平台配送
圣比萨（汤家桥店）,SBS00002,温州,"8009506089730006410	",饿了么,平台外卖,已完成,2025-10-24 15:53:15,2025-10-24 15:53:15,2025-10-24 15:53:15,饿了么支付-在线支付,,即时单,2025-10-24 15:53:15,8.87,手动出餐,1,否,"奥尔良烤鸡肉披萨-7英寸(经典手拍)[{""name"":""规格"",""value"":""7英寸(经典手拍)""}]（45.00*1）,餐盒（2.00*1）",新奥尔良烤鸡肉披萨,,,,非会员,8,,,依据餐量提供餐具,,45.00,10.92,26.10,0.00,0,0,1.43,0.00,6.80,【活动支出】单品特价:19.10元+【活动支出】饿了么红包:7.00元+【活动支出】替用户承担配送费:6.0元,-,-,-,2.00,温州区域,温州加盟,,,否,-,平台配送
圣比萨（汤家桥店）,SBS00002,温州,"8009746089708961235	",饿了么,平台外卖,已完成,2025-10-24 15:57:41,2025-10-24 15:57:41,2025-10-24 15:57:41,饿了么支付-在线支付,,即时单,2025-10-24 15:57:41,10.18,自动出餐,1,否,"水果披萨-7英寸(经典手拍)[{""name"":""规格"",""value"":""7英寸(经典手拍)""}]（42.00*1）,餐盒（2.00*1）",缤纷水果披萨,,,,非会员,9,,,依据餐量提供餐具,,42.00,14.12,23.10,0.00,0,0,1.43,0.00,3.50,【活动支出】单品特价:16.10元+【活动支出】 商家自营销加码:2.00元+【活动支出】饿了么红包:5.00元+【活动支出】替用户承担配送费:3.5元,-,-,-,2.00,温州区域,温州加盟,,,否,-,平台配送
圣比萨（汤家桥店）,SBS00002,温州,"8069450255876163934	",饿了么,平台外卖,已完成,2025-10-24 17:12:59,2025-10-24 17:12:59,2025-10-24 17:13:00,饿了么支付-在线支付,,即时单,2025-10-24 17:12:59,10.23,自动出餐,1,否,"榴莲披萨-12英寸（经典手拍）[{""name"":""规格"",""value"":""12英寸（经典手拍）""}]（129.00*1）,番茄培根意面（52.00*4）,蛋挞（10.00*2）,招牌圣比披萨-9英寸(经典手拍)[{""name"":""规格"",""value"":""9英寸(经典手拍)""}]（78.00*1）,墨鱼丸-6个[{""name"":""规格"",""value"":""6个""}]（18.20*1）,柠檬茶[常温]（6.00*4）,奥尔良烤翅（14.00*3）,点击右上角❤️收藏得小吃[墨鱼丸1个]（2.00*1）,餐盒（28.50*1）",榴莲王披萨+番茄培根意面+蛋挞+大圣招牌大满贯披萨+墨鱼丸+柠檬茶+奥尔良烤翅+深海墨鱼丸1个,,,,非会员,10,,,4份餐具,,521.20,254.39,231.30,0.00,0,0,23.66,0.00,4.00,【活动支出】店铺满减:6.00元+【活动支出】单品特价:65.10元+【活动支出】单品特价:112.40元+【活动支出】单品特价:2.20元+【活动支出】单品特价:34.10元+【活动支出】单品特价:6.30元+【活动支出】单品特价:3.30元+【活动支出】单品特价:1.90元+【活动支出】替用户承担配送费:4.0元,-,-,-,28.50,温州区域,温州加盟,,,否,-,平台配送
圣比萨（汤家桥店）,SBS00002,温州,"8038430255975617878	",饿了么,平台外卖,已完成,2025-10-24 17:20:53,2025-10-24 17:20:53,2025-10-24 17:20:53,饿了么支付-在线支付,,即时单,2025-10-24 17:20:53,10.12,自动出餐,1,否,"奥尔良烤鸡肉披萨-9英寸(经典手拍)[{""name"":""规格"",""value"":""9英寸(经典手拍)""}]（78.00*1）,餐盒（2.00*1）",新奥尔良烤鸡肉披萨,,,,非会员,11,,,依据餐量提供餐具,,78.00,24.43,46.10,0.00,0,0,2.32,0.00,3.50,【活动支出】店铺满减:1.00元+【活动支出】单品特价:38.10元+【活动支出】 商家自营销加码:2.00元+【活动支出】饿了么红包:5.00元+【活动支出】替用户承担配送费:3.5元,-,-,-,2.00,温州区域,温州加盟,,,否,-,平台配送
圣比萨（汤家桥店）,SBS00002,温州,"8085120255890618751	",饿了么,平台外卖,已完成,2025-10-24 17:31:40,2025-10-24 17:31:40,2025-10-24 17:31:40,饿了么支付-在线支付,,即时单,2025-10-24 17:31:40,12.02,自动出餐,1,否,"【买一送一】买披萨送意面[碳烤鸡肉培根7英寸+招牌肉酱意面]（75.00*1）,柠檬茶[冷]（6.00*1）,明星小食桶A（35.00*1）,墨鱼丸-3个[{""name"":""规格"",""value"":""3个""}]（10.60*1）,餐盒（7.00*1）",碳烤鸡肉培根披萨【7英寸(手拍)】+招牌肉酱意面+柠檬茶+明星小食桶A+墨鱼丸,,,,非会员,12,,,依据餐量提供餐具,,126.60,43.50,73.90,0.00,0,0,4.25,0.00,5.60,【活动支出】店铺满减:6.00元+【活动支出】单品特价:30.10元+【活动支出】单品特价:21.10元+【活动支出】单品特价:4.70元+【活动支出】饿了么红包:12.00元+【活动支出】替用户承担配送费:5.6元,-,-,-,7.00,温州区域,温州加盟,,,否,-,平台配送
圣比萨（汤家桥店）,SBS00002,温州,"8021916089760721337	",饿了么,平台外卖,已完成,2025-10-24 17:38:06,2025-10-24 17:38:06,2025-10-24 17:38:06,饿了么支付-在线支付,,即时单,2025-10-24 17:38:06,12.15,自动出餐,1,否,"任选披萨8选1+小吃6选1+饮料[缤纷水果披萨7英寸+薯条一份+柠檬茶+常温]（58.00*1）,餐盒（2.00*1）",缤纷水果披萨【7英寸(手拍)】+经典薯条+柠檬茶,,,,非会员,13,,,1份餐具,,58.00,18.26,33.10,0.00,0,0,1.79,0.00,5.00,【活动支出】单品特价:26.10元+【活动支出】饿了么红包:7.00元+【活动支出】替用户承担配送费:5.0元,-,-,-,2.00,温州区域,温州加盟,,,否,-,平台配送
圣比萨（汤家桥店）,SBS00002,温州,"8049450255825996084	",饿了么,平台外卖,已完成,2025-10-24 18:26:23,2025-10-24 18:26:23,2025-10-24 18:26:23,饿了么支付-在线支付,,即时单,2025-10-24 18:26:23,7.93,手动出餐,1,否,"番茄牛肉汁意面（52.00*1）,餐盒（2.00*1）",番茄牛肉意面,,,,非会员,14,,,依据餐量提供餐具,,52.00,14.12,33.10,0.00,0,0,1.43,0.00,3.50,【活动支出】单品特价:28.10元+【活动支出】饿了么红包:5.00元+【活动支出】替用户承担配送费:3.5元,-,-,-,2.00,温州区域,温州加盟,,,否,-,平台配送
圣比萨（汤家桥店）,SBS00002,温州,"8088596089817445770	",饿了么,平台外卖,已完成,2025-10-24 18:33:24,2025-10-24 18:33:24,2025-10-24 18:33:25,饿了么支付-在线支付,,即时单,2025-10-24 18:33:24,10.57,手动出餐,1,否,"任选焗饭4选1+小吃6选1+饮料[碳烤鸡肉芝士焗饭+墨鱼丸3个+酸梅汁+常温]（57.00*1）,餐盒（2.00*1）",碳烤鸡肉芝士焗饭+深海墨鱼丸【3个】,,,,非会员,15,,,依据餐量提供餐具,,57.00,17.36,32.10,0.00,0,0,1.79,0.00,5.60,【活动支出】单品特价:25.10元+【活动支出】超级会员专享红包:5.00元+【活动支出】 商家自营销加码:2.00元+【活动支出】替用户承担配送费:5.6元,-,-,-,2.00,温州区域,温州加盟,,,否,-,平台配送
圣比萨（汤家桥店）,SBS00002,温州,"8074280256030936321	",饿了么,平台外卖,已完成,2025-10-24 18:51:24,2025-10-24 18:51:24,2025-10-24 18:51:24,饿了么支付-在线支付,,即时单,2025-10-24 18:51:24,12.08,自动出餐,1,否,"任选披萨8选1+小吃6选1+饮料[缤纷水果披萨7英寸+蛋挞一对+港式奶茶+冷]（58.00*1）,墨鱼丸-3个[{""name"":""规格"",""value"":""3个""}]（10.60*1）,餐盒（4.00*1）",缤纷水果披萨【7英寸(手拍)】+蛋挞+港式奶茶+墨鱼丸,,,,非会员,16,,,请多一点米饭 / 依据餐量提供餐具,,68.60,24.34,38.80,0.00,0,0,2.31,0.00,3.50,【活动支出】店铺满减:1.00元+【活动支出】单品特价:26.10元+【活动支出】单品特价:4.70元+【活动支出】 商家自营销加码:2.00元+【活动支出】饿了么红包:5.00元+【活动支出】替用户承担配送费:3.5元,-,-,-,4.00,温州区域,温州加盟,,,否,-,平台配送
圣比萨（汤家桥店）,SBS00002,温州,"8083000256048668071	",饿了么,平台外卖,已完成,2025-10-24 19:22:08,2025-10-24 19:22:08,2025-10-24 19:22:08,饿了么支付-在线支付,,即时单,2025-10-24 19:22:08,11.80,手动出餐,1,否,"任选披萨8选1+小吃6选1+饮料[碳烤鸡肉培根披萨7英寸+上校鸡块4个+小可乐+冷]（58.00*1）,餐盒（2.00*1）",上校鸡块+小可乐,,,,非会员,17,,,依据餐量提供餐具,,58.00,19.16,33.10,0.00,0,0,1.79,0.00,3.50,【活动支出】单品特价:26.10元+【活动支出】CPS商户叠加券:0.00元+【活动支出】饿了么红包:7.00元+【活动支出】替用户承担配送费:3.5元,-,-,-,2.00,温州区域,温州加盟,,,否,-,平台配送
圣比萨（汤家桥店）,SBS00002,温州,"8094010256057435414	",饿了么,平台外卖,已完成,2025-10-24 19:32:25,2025-10-24 19:32:25,2025-10-24 19:32:26,饿了么支付-在线支付,,即时单,2025-10-24 19:32:25,10.02,自动出餐,1,否,"任选披萨8选1+小吃6选1+饮料[碳烤鸡肉培根披萨7英寸+上校鸡块4个+柠檬茶+常温]（58.00*1）,餐盒（2.00*1）",上校鸡块+柠檬茶,,,,非会员,18,,,依据餐量提供餐具,,58.00,19.16,33.10,0.00,0,0,1.79,0.00,3.50,【活动支出】单品特价:26.10元+【活动支出】饿了么红包:7.00元+【活动支出】替用户承担配送费:3.5元,-,-,-,2.00,温州区域,温州加盟,,,否,-,平台配送
圣比萨（汤家桥店）,SBS00002,温州,"8042856089851331917	",饿了么,平台外卖,已完成,2025-10-24 20:32:46,2025-10-24 20:32:46,2025-10-24 20:32:46,饿了么支付-在线支付,,即时单,2025-10-24 20:32:46,10.10,自动出餐,1,否,"任选披萨8选1+小吃6选1+饮料[纯芝士披萨7英寸+蛋挞一对+港式奶茶+常温]（58.00*1）,餐盒（2.00*1）",金牌芝士披萨【7英寸(手拍)】+蛋挞+港式奶茶,,,,非会员,19,,,依据餐量提供餐具,,58.00,18.61,31.10,0.00,0,0,1.94,0.00,6.20,【活动支出】单品特价:26.10元+【活动支出】饿了么红包:5.00元+【活动支出】替用户承担配送费:6.0元,-,-,-,2.00,温州区域,温州加盟,,,否,-,平台配送
圣比萨（汤家桥店）,SBS00002,温州,"8053956089901623619	",饿了么,平台外卖,已完成,2025-10-24 20:52:09,2025-10-24 20:52:09,2025-10-24 20:52:09,饿了么支付-在线支付,,即时单,2025-10-24 20:52:09,10.05,自动出餐,1,否,"双人披萨经典套餐[缤纷水果披萨9英寸+明星小食桶B+港式奶茶+港式奶茶+冷]（108.00*1）,餐盒（2.00*1）",双人披萨经典套餐[缤纷水果披萨9英寸+明星小食桶B+港式奶茶+港式奶茶+冷]+餐盒,,,,非会员,20,,,依据餐量提供餐具,,108.00,39.63,56.10,0.00,0,0,3.82,0.00,5.00,【活动支出】店铺满减:6.00元+【活动支出】单品特价:38.10元+【活动支出】饿了么红包:12.00元+【活动支出】替用户承担配送费:5.0元,-,-,-,2.00,温州区域,温州加盟,,,否,-,平台配送
圣比萨（汤家桥店）,SBS00002,温州,"8089936089909706142	",饿了么,平台外卖,已完成,2025-10-24 21:53:56,2025-10-24 21:53:56,2025-10-24 21:53:57,饿了么支付-在线支付,,即时单,2025-10-24 21:53:56,10.02,自动出餐,1,否,"碳烤鸡肉培根披萨-7英寸(经典手拍)[{""name"":""规格"",""value"":""7英寸(经典手拍)""}]（45.00*1）,餐盒（2.00*1）",碳烤鸡肉培根披萨,,,,非会员,21,,,2份餐具,,45.00,14.08,23.10,0.00,0,0,1.57,0.00,7.70,【活动支出】单品特价:16.10元+【活动支出】饿了么红包:7.00元+【活动支出】替用户承担配送费:6.0元,-,-,-,2.00,温州区域,温州加盟,,,否,-,平台配送
圣比萨（汤家桥店）,SBS00002,温州,"8027040256025783779	",饿了么,平台外卖,已完成,2025-10-24 22:38:30,2025-10-24 22:38:30,2025-10-24 22:38:30,饿了么支付-在线支付,,即时单,2025-10-24 22:38:30,10.12,自动出餐,1,否,"[买一送一]7英寸披萨[奥尔良鸡肉披萨7英寸+碳烤鸡肉培根7英寸]（86.80*1）,餐盒（2.00*1）",新奥尔良烤鸡肉披萨【7英寸(手拍)】+碳烤鸡肉培根披萨【7英寸(手拍)】,,,,非会员,22,,,"不要打电话, 放门卫 / 依据餐量提供餐具",,86.80,28.91,47.90,0.00,0,0,2.84,0.00,6.60,【活动支出】店铺满减:1.00元+【活动支出】单品特价:37.90元+【活动支出】饿了么红包:9.00元+【活动支出】替用户承担配送费:6.0元,-,-,-,2.00,温州区域,温州加盟,,,否,-,平台配送
圣比萨（瓯北店）,SBM00030,温州,"8059060255686871318	",饿了么,平台外卖,已完成,2025-10-24 10:51:36,2025-10-24 10:51:36,2025-10-24 10:51:36,饿了么支付-在线支付,,即时单,2025-10-24 10:51:36,28.07,被动出餐,1,否,"墨鱼丸2个（5.00*1）,超值单人组合餐F-黑饭+鸡肉串+柠檬[{""name"":""规格"",""value"":""黑饭+鸡肉串+柠檬""}]（42.00*1）,餐盒（3.00*1）","墨鱼丸2个+超值单人组合餐F-黑饭+鸡肉串+柠檬[{""name"":""规格"",""value"":""黑饭+鸡肉串+柠檬""}]+餐盒",,,,非会员,1,,,依据餐量提供餐具,,47.00,19.44,20.65,0.00,0,0,2.77,0.00,3.90,【活动支出】店铺满减:1.00元+【活动支出】单品折扣:3.00元+【活动支出】单品折扣:8.65元+【活动支出】饿了么红包:8.00元+【活动支出】替用户承担配送费:3.9元,-,-,-,3.00,温州区域,温州加盟,,,否,-,平台配送
圣比萨（瓯北店）,SBM00030,温州,"8087556089575256429	",饿了么,平台外卖,已完成,2025-10-24 10:56:53,2025-10-24 10:56:53,2025-10-24 10:56:53,饿了么支付-在线支付,,即时单,2025-10-24 10:56:53,31.38,被动出餐,1,否,"番茄牛肉意面（52.00*1）,经典薯条（18.00*1）,餐盒（4.00*1）",番茄牛肉意面+经典薯条,,,,非会员,2,,,依据餐量提供餐具,,70.00,22.75,39.59,0.00,0,0,3.30,0.00,3.90,【活动支出】店铺满减:1.00元+【活动支出】单品折扣:22.78元+【活动支出】单品折扣:4.81元+【活动支出】下单返红包:2.00元+【活动支出】饿了么红包:9.00元+【活动支出】替用户承担配送费:3.9元,-,-,-,4.00,温州区域,温州加盟,,,否,-,平台配送
圣比萨（瓯北店）,SBM00030,温州,"8017766089606720780	",饿了么,平台外卖,已完成,2025-10-24 11:49:57,2025-10-24 11:49:57,2025-10-24 11:49:58,饿了么支付-在线支付,,即时单,2025-10-24 11:49:57,24.63,被动出餐,1,否,"香烤鸡翅一对（18.00*1）,碳烤鸡肉芝士焗饭（52.00*1）,餐盒（4.00*1）",碳烤鸡肉芝士焗饭,,,,非会员,3,,,依据餐量提供餐具,,70.00,25.35,36.69,0.00,0,0,3.60,0.00,3.90,【活动支出】店铺满减:1.00元+【活动支出】单品折扣:3.91元+【活动支出】单品折扣:22.78元+【活动支出】 商家自营销加码:0.00元+【活动支出】精准营销红包:1.00元+【活动支出】饿了么红包:8.00元+【活动支出】替用户承担配送费:3.9元,-,-,-,4.00,温州区域,温州加盟,,,否,-,平台配送
圣比萨（瓯北店）,SBM00030,温州,"8099410255666848043	",饿了么,平台外卖,已完成,2025-10-24 12:30:35,2025-10-24 12:30:35,2025-10-24 12:30:35,饿了么支付-在线支付,,即时单,2025-10-24 12:30:35,38.38,被动出餐,1,否,"7寸日系照烧鸡披萨-单点[{""name"":""规格"",""value"":""单点""}]（22.00*1）",日系照烧鸡披萨【7英寸(手拍)】,,,,非会员,4,,,依据餐量提供,,22.00,12.00,0.00,0.00,0,0,0.00,0.00,,【活动支出】拼团反圈活动:0.00元,-,-,-,0.00,温州区域,温州加盟,,,否,-,平台配送
圣比萨（瓯北店）,SBM00030,温州,"8049726089673352525	",饿了么,平台外卖,已完成,2025-10-24 12:59:44,2025-10-24 12:59:44,2025-10-24 12:59:44,饿了么支付-在线支付,,即时单,2025-10-24 12:59:44,10.68,被动出餐,1,否,"番茄牛肉意面（52.00*1）,香烤鸡翅一对（18.00*1）,餐盒（4.00*1）",番茄牛肉意面,,,,非会员,5,,,依据餐量提供餐具,,70.00,23.56,38.69,0.00,0,0,3.39,0.00,3.90,【活动支出】店铺满减:1.00元+【活动支出】单品折扣:22.78元+【活动支出】单品折扣:3.91元+【活动支出】下单返红包:2.00元+【活动支出】饿了么红包:9.00元+【活动支出】替用户承担配送费:3.9元,-,-,-,4.00,温州区域,温州加盟,,,否,-,平台配送
圣比萨（瓯北店）,SBM00030,温州,"8086536089720801714	",饿了么,平台外卖,已完成,2025-10-24 15:00:10,2025-10-24 15:00:10,2025-10-24 15:00:10,饿了么支付-在线支付,,即时单,2025-10-24 15:00:10,27.03,被动出餐,1,否,"新奥尔良烤鸡肉披萨7英寸（42.00*1）,餐盒（2.00*1）",新奥尔良烤鸡肉披萨【7英寸(手拍)】,,,,非会员,6,,,依据餐量提供餐具,,42.00,14.95,21.01,0.00,0,0,2.10,0.00,3.90,【活动支出】单品折扣:12.01元+【活动支出】精准营销红包:2.00元+【活动支出】饿了么红包:7.00元+【活动支出】替用户承担配送费:3.9元,-,-,-,2.00,温州区域,温州加盟,,,否,-,平台配送
圣比萨（瓯北店）,SBM00030,温州,"8037140255753559484	",饿了么,平台外卖,已完成,2025-10-24 16:22:49,2025-10-24 16:22:49,2025-10-24 16:22:49,饿了么支付-在线支付,,即时单,2025-10-24 16:22:49,25.92,被动出餐,1,否,"圣比至尊披萨7英寸（42.00*1）,餐盒（2.00*1）",大圣招牌大满贯披萨【7英寸(手拍)】,,,,非会员,7,,,依据餐量提供餐具,,42.00,15.25,20.01,0.00,0,0,2.20,0.00,3.90,【活动支出】单品折扣:12.01元+【活动支出】精准营销红包:1.00元+【活动支出】饿了么红包:7.00元+【活动支出】替用户承担配送费:3.9元,-,-,-,2.00,温州区域,温州加盟,,,否,-,平台配送
圣比萨（瓯北店）,SBM00030,温州,"8061350255761582590	",饿了么,平台外卖,已完成,2025-10-24 16:43:56,2025-10-24 16:43:56,2025-10-24 16:43:56,饿了么支付-在线支付,,即时单,2025-10-24 16:43:56,17.15,被动出餐,1,否,"缤纷水果披萨7英寸[微甜]（40.00*1）,餐盒（1.00*1）",缤纷水果披萨【7英寸(手拍)】,,,,非会员,8,,,依据餐量提供餐具,,40.00,14.41,18.60,0.00,0,0,2.04,0.00,3.90,【活动支出】单品折扣:10.60元+【活动支出】精准营销红包:1.00元+【活动支出】饿了么红包:7.00元+【活动支出】替用户承担配送费:3.9元,-,-,-,1.00,温州区域,温州加盟,,,否,-,平台配送
圣比萨（瓯北店）,SBM00030,温州,"8000786089754148140	",饿了么,平台外卖,已完成,2025-10-24 16:59:53,2025-10-24 16:59:53,2025-10-24 16:59:53,饿了么支付-在线支付,,即时单,2025-10-24 16:59:53,42.57,被动出餐,1,否,"任选7英寸披萨一份+小吃一份＋饮品（59.00*1）,餐盒（1.00*1）",深海墨鱼丸(3个)+雀巢果珍+缤纷水果披萨7英寸,,,,非会员,9,,,依据餐量提供餐具,,59.00,15.28,33.96,0.00,0,0,2.42,0.00,5.40,【活动支出】单品折扣:25.96元+【活动支出】精准营销红包:1.00元+【活动支出】饿了么红包:7.00元+【活动支出】替用户承担配送费:5.4元,-,-,-,1.00,温州区域,温州加盟,,,否,-,平台配送
圣比萨（瓯北店）,SBM00030,温州,"8019330255769419102	",饿了么,平台外卖,已完成,2025-10-24 17:00:54,2025-10-24 17:00:54,2025-10-24 17:00:55,饿了么支付-在线支付,,即时单,2025-10-24 17:00:54,65.97,被动出餐,1,否,"蛋挞（10.00*1）,招牌肉酱意面（52.00*1）,餐盒（3.00*1）",蛋挞+招牌肉酱意面,,,,非会员,10,,,依据餐量提供餐具,,62.00,20.18,32.78,0.00,0,0,3.07,0.00,6.60,【活动支出】店铺满减:1.00元+【活动支出】单品折扣:22.78元+【活动支出】超级会员专享红包:8.00元+【活动支出】 商家自营销加码:0.00元+【活动支出】精准营销红包:1.00元+【活动支出】替用户承担配送费:6.0元,-,-,-,3.00,温州区域,温州加盟,,,否,-,平台配送
圣比萨（瓯北店）,SBM00030,温州,"8070516089776101687	",饿了么,平台外卖,已完成,2025-10-24 17:24:33,2025-10-24 17:24:33,2025-10-24 17:24:33,饿了么支付-在线支付,,即时单,2025-10-24 17:24:33,45.93,被动出餐,1,否,"墨鱼丸2个（5.00*1）,土豪单人餐[咸+圣比至尊披萨7英寸]（63.00*1）,餐盒（3.00*1）",墨鱼丸2个+土豪单人餐[咸+圣比至尊披萨7英寸]+餐盒,,,,非会员,11,,,依据餐量提供餐具,,68.00,23.48,36.42,0.00,0,0,3.32,0.00,4.40,【活动支出】店铺满减:1.00元+【活动支出】单品折扣:3.00元+【活动支出】单品折扣:21.42元+【活动支出】下单返红包:2.00元+【活动支出】饿了么红包:9.00元+【活动支出】替用户承担配送费:4.4元,-,-,-,3.00,温州区域,温州加盟,,,否,-,平台配送
圣比萨（瓯北店）,SBM00030,温州,"8043170255887833590	",饿了么,平台外卖,已完成,2025-10-24 17:33:07,2025-10-24 17:33:07,2025-10-24 17:33:07,饿了么支付-在线支付,,即时单,2025-10-24 17:33:07,15.97,被动出餐,1,否,"榴莲王披萨7英寸（58.00*1）,餐盒（3.00*1）",榴莲王披萨7英寸,,,,非会员,12,,,依据餐量提供餐具,,58.00,22.28,27.82,0.00,0,0,3.17,0.00,3.90,【活动支出】店铺满减:1.00元+【活动支出】单品折扣:16.82元+【活动支出】精准营销红包:1.00元+【活动支出】饿了么红包:9.00元+【活动支出】替用户承担配送费:3.9元,-,-,-,3.00,温州区域,温州加盟,,,否,-,平台配送
圣比萨（瓯北店）,SBM00030,温州,"8088526089811237127	",饿了么,平台外卖,已完成,2025-10-24 17:48:43,2025-10-24 17:48:43,2025-10-24 17:48:43,饿了么支付-在线支付,,即时单,2025-10-24 17:48:43,38.48,被动出餐,1,否,"开学吃肉套餐（50.00*1）,餐盒（2.00*1）",开学吃肉套餐+餐盒,,,,非会员,13,,,依据餐量提供餐具,,50.00,19.67,20.60,0.00,0,0,2.98,0.00,6.60,【活动支出】单品折扣:14.60元+【活动支出】精准营销红包:1.00元+【活动支出】饿了么红包:5.00元+【活动支出】替用户承担配送费:6.0元,-,-,-,2.00,温州区域,温州加盟,,,否,-,平台配送
圣比萨（瓯北店）,SBM00030,温州,"8045290256006390176	",饿了么,平台外卖,已完成,2025-10-24 18:10:45,2025-10-24 18:10:45,2025-10-24 18:10:45,饿了么支付-在线支付,,即时单,2025-10-24 18:10:45,34.85,被动出餐,1,否,"开学吃鸡套餐（54.00*1）,餐盒（2.00*1）",开学吃鸡套餐+餐盒,,,,非会员,14,,,依据餐量提供餐具,,54.00,19.70,26.60,0.00,0,0,2.77,0.00,3.90,【活动支出】单品折扣:19.60元+【活动支出】饿了么红包:7.00元+【活动支出】替用户承担配送费:3.9元,-,-,-,2.00,温州区域,温州加盟,,,否,-,平台配送
圣比萨（瓯北店）,SBM00030,温州,"8048070255931535852	",饿了么,平台外卖,已完成,2025-10-24 18:22:41,2025-10-24 18:22:41,2025-10-24 18:22:41,饿了么支付-在线支付,,预约单,2025-10-24 20:45:00,142.47,被动出餐,1,否,"蛋挞（10.00*1）,芒果汁[常温]（10.00*1）,小食拼盘（41.00*1）,雀巢果珍（8.00*2）,牛肉培根披萨9英寸（73.00*1）,经典薯条（18.00*1）,餐盒（9.00*1）",蛋挞+芒果汁+小吃拼盘+雀巢果珍+经典薯条,,,,非会员,15,,,依据餐量提供餐具,,168.00,95.60,42.13,0.00,0,0,13.85,0.00,13.50,【活动支出】店铺满减:4.00元+【活动支出】单品折扣:21.32元+【活动支出】单品折扣:4.81元+【活动支出】饿了么红包:12.00元+【活动支出】替用户承担配送费:6.0元,-,-,-,9.00,温州区域,温州加盟,,,否,-,平台配送
圣比萨（瓯北店）,SBM00030,温州,"8083866089855663450	",饿了么,平台外卖,已完成,2025-10-24 19:50:52,2025-10-24 19:50:52,2025-10-24 19:50:52,饿了么支付-在线支付,,即时单,2025-10-24 19:50:52,20.83,被动出餐,1,否,"黑椒牛肉芝士焗饭（52.00*1）,餐盒（2.00*1）",黑椒牛肉芝士焗饭,,,,非会员,16,,,依据餐量提供餐具,,52.00,14.53,30.78,0.00,0,0,2.12,0.00,3.90,【活动支出】单品折扣:22.78元+【活动支出】 商家自营销加码:2.00元+【活动支出】精准营销红包:1.00元+【活动支出】饿了么红包:5.00元+【活动支出】替用户承担配送费:3.9元,-,-,-,2.00,温州区域,温州加盟,,,否,-,平台配送
圣比萨（瓯北店）,SBM00030,温州,"8095470255992510903	",饿了么,平台外卖,已完成,2025-10-24 20:48:35,2025-10-24 20:48:35,2025-10-24 20:48:36,饿了么支付-在线支付,,即时单,2025-10-24 20:48:35,29.12,被动出餐,1,否,"土豪单人餐[咸+圣比至尊披萨7英寸]（63.00*1）,餐盒（2.00*1）",土豪单人餐[咸+圣比至尊披萨7英寸]+餐盒,,,,非会员,17,,,依据餐量提供餐具,,63.00,22.29,32.42,0.00,0,0,3.11,0.00,3.90,【活动支出】店铺满减:1.00元+【活动支出】单品折扣:21.42元+【活动支出】精准营销红包:1.00元+【活动支出】饿了么红包:9.00元+【活动支出】替用户承担配送费:3.9元,-,-,-,2.00,温州区域,温州加盟,,,否,-,平台配送
圣比萨（瓯北店）,SBM00030,温州,"8005606089891456453	",饿了么,平台外卖,已完成,2025-10-24 21:09:38,2025-10-24 21:09:38,2025-10-24 21:09:39,饿了么支付-在线支付,,即时单,2025-10-24 21:09:38,20.62,被动出餐,1,否,"单人餐（52.00*1）,餐盒（2.00*1）",柠檬茶+上校鸡块+新奥尔良烤鸡肉披萨7英寸,,,,非会员,18,,,依据餐量提供餐具,,52.00,18.08,25.58,0.00,0,0,2.67,0.00,6.00,【活动支出】单品折扣:17.58元+【活动支出】饿了么红包:8.00元+【活动支出】替用户承担配送费:6.0元,-,-,-,2.00,温州区域,温州加盟,,,否,-,平台配送
圣比萨（瓯北店）,SBM00030,温州,"8030706089893681611	",饿了么,平台外卖,已完成,2025-10-24 21:10:58,2025-10-24 21:10:58,2025-10-24 21:10:58,饿了么支付-在线支付,,即时单,2025-10-24 21:10:58,17.70,被动出餐,1,否,"香烤鸡翅一对（18.00*1）,新奥尔良烤鸡肉披萨7英寸（42.00*1）,餐盒（4.00*1）",新奥尔良烤鸡肉披萨【7英寸(手拍)】,,,,非会员,19,,,依据餐量提供餐具,,60.00,32.42,16.92,0.00,0,0,4.63,0.00,6.00,【活动支出】店铺满减:1.00元+【活动支出】单品折扣:3.91元+【活动支出】单品折扣:12.01元+【活动支出】替用户承担配送费:6.0元,-,-,-,4.00,温州区域,温州加盟,,,否,-,平台配送
圣比萨（瓯北店）,SBM00030,温州,"8033120256013501896	",饿了么,平台外卖,已完成,2025-10-24 21:21:56,2025-10-24 21:21:56,2025-10-24 21:21:57,饿了么支付-在线支付,,即时单,2025-10-24 21:21:56,32.32,被动出餐,1,否,"新奥尔良烤鸡肉披萨7英寸（42.00*1）,餐盒（2.00*1）",新奥尔良烤鸡肉披萨【7英寸(手拍)】,,,,非会员,20,,,依据餐量提供餐具,,42.00,14.75,20.01,0.00,0,0,2.20,0.00,6.00,【活动支出】单品折扣:12.01元+【活动支出】 商家自营销加码:2.00元+【活动支出】精准营销红包:1.00元+【活动支出】饿了么红包:5.00元+【活动支出】替用户承担配送费:6.0元,-,-,-,2.00,温州区域,温州加盟,,,否,-,平台配送
圣比萨（瓯北店）,SBM00030,温州,"8037876089909931440	",饿了么,平台外卖,已完成,2025-10-24 22:41:28,2025-10-24 22:41:28,2025-10-24 22:41:28,饿了么支付-在线支付,,即时单,2025-10-24 22:41:28,19.47,被动出餐,1,否,"榴莲王披萨7英寸（58.00*1）,芝士就是力量 芝士不够请点加在披萨焗饭里（11.28*1）,餐盒（4.00*1）",榴莲王披萨7英寸,,,,非会员,21,,,依据餐量提供餐具,,69.28,33.36,25.82,0.00,0,0,4.67,0.00,6.00,【活动支出】店铺满减:1.00元+【活动支出】单品折扣:16.82元+【活动支出】超级会员专享红包:8.00元+【活动支出】 商家自营销加码:0.00元+【活动支出】替用户承担配送费:6.0元,-,-,-,4.00,温州区域,温州加盟,,,否,-,平台配送
圣比萨（泰亨温学府店）,SBM00001,温州,"8030210255548829161	",饿了么,平台外卖,已完成,2025-10-24 09:37:54,2025-10-24 09:37:54,2025-10-24 09:37:55,饿了么支付-在线支付,,预约单,2025-10-24 11:15:00,52.32,自动出餐,1,否,"新奥尔良烤鸡肉披萨12英寸（118.00*1）,牛肉至尊披萨12英寸（118.00*1）,餐盒（4.00*1）",新奥尔良烤鸡肉披萨【12英寸(手拍)】+炙热牛魔王披萨【12英寸(手拍)】,,,,非会员,1,,,依据餐量提供餐具,,236.00,86.94,126.20,0.00,0,0,8.31,0.00,6.20,【活动支出】店铺满减:6.00元+【活动支出】首次光顾立减:1.00元+【活动支出】单品特价:58.10元+【活动支出】单品特价:56.10元+【活动支出】饿了么红包:5.00元+【活动支出】替用户承担配送费:6.0元,-,-,-,4.00,温州区域,温州加盟,,,否,-,平台配送
圣比萨（泰亨温学府店）,SBM00001,温州,"8005330255674824036	",饿了么,平台外卖,已完成,2025-10-24 10:46:38,2025-10-24 10:46:38,2025-10-24 10:46:38,饿了么支付-在线支付,,即时单,2025-10-24 10:46:38,10.12,自动出餐,1,否,"新奥尔良烤鸡肉披萨7英寸（45.00*1）,餐盒（2.00*1）",新奥尔良烤鸡肉披萨【7英寸(手拍)】,,,,非会员,2,,,依据餐量提供餐具,,45.00,7.92,29.10,0.00,0,0,1.43,0.00,6.80,【活动支出】首次光顾立减:1.00元+【活动支出】单品特价:21.10元+【活动支出】 商家自营销加码:2.00元+【活动支出】饿了么红包:5.00元+【活动支出】替用户承担配送费:6.0元,-,-,-,2.00,温州区域,温州加盟,,,否,-,平台配送
圣比萨（泰亨温学府店）,SBM00001,温州,"8098490255695171037	",饿了么,平台外卖,已完成,2025-10-24 10:59:08,2025-10-24 10:59:08,2025-10-24 10:59:09,饿了么支付-在线支付,,即时单,2025-10-24 10:59:08,10.08,自动出餐,1,否,"新奥尔良烤鸡肉披萨7英寸（45.00*1）,奶酪芝士卷边（7英寸）（4.90*1）,餐盒（2.00*1）",新奥尔良烤鸡肉披萨【7英寸(手拍)】+奶酪芝士卷边7,,,,非会员,3,,,依据餐量提供餐具,,49.90,16.29,28.10,0.00,0,0,1.56,0.00,4.00,【活动支出】单品特价:21.10元+【活动支出】饿了么红包:7.00元+【活动支出】替用户承担配送费:4.0元,-,-,-,2.00,温州区域,温州加盟,,,否,-,平台配送
圣比萨（泰亨温学府店）,SBM00001,温州,"8068996089559070152	",饿了么,平台外卖,已完成,2025-10-24 11:01:56,2025-10-24 11:01:56,2025-10-24 11:01:56,饿了么支付-在线支付,,即时单,2025-10-24 11:01:56,12.02,自动出餐,1,否,"任选披萨8选1+小吃5选1+饮料单人餐[海苔肉松披萨7英寸+地道肠1根+芒果汁]（65.00*1）,餐盒（1.00*1）",海苔肉松披萨【7英寸(手拍)】+地道肠【1根】+芒果汁,,,,非会员,4,,,依据餐量提供餐具,,65.00,16.06,43.10,0.00,0,0,1.49,0.00,3.50,【活动支出】首次光顾立减:1.00元+【活动支出】单品特价:35.10元+【活动支出】饿了么红包:7.00元+【活动支出】替用户承担配送费:3.5元,-,-,-,1.00,温州区域,温州加盟,,,否,-,平台配送
圣比萨（泰亨温学府店）,SBM00001,温州,"8084200255793227241	",饿了么,平台外卖,已退款,2025-10-24 11:05:51,2025-10-24 11:05:51,2025-10-24 11:05:51,饿了么支付-在线支付,,即时单,2025-10-24 11:05:51,,未出餐,1,否,"新奥尔良烤鸡肉披萨7英寸（45.00*1）,奶酪芝士卷边（7英寸）（4.90*1）,餐盒（2.00*1）",新奥尔良烤鸡肉披萨【7英寸(手拍)】+奶酪芝士卷边7,,,,非会员,5,,,依据餐量提供餐具,订单强制无效（商家主动取消已接订单、用户1分钟内取消),49.90,6.16,29.10,9.80,0,0,1.49,0.00,4.50,【活动支出】首次光顾立减:1.00元+【活动支出】单品特价:21.10元+【活动支出】 商家自营销加码:2.00元+【活动支出】CPS商户叠加券:0.00元+【活动支出】饿了么红包:5.00元+【活动支出】淘金币:0.00元+【活动支出】替用户承担配送费:4.5元,-,-,-,2.00,温州区域,温州加盟,,,否,-,平台配送
圣比萨（泰亨温学府店）,SBM00001,温州,"8084200255700932055	",饿了么,平台外卖,已完成,2025-10-24 11:08:03,2025-10-24 11:08:03,2025-10-24 11:08:04,饿了么支付-在线支付,,即时单,2025-10-24 11:08:03,12.15,自动出餐,1,否,"新奥尔良烤鸡肉披萨7英寸（45.00*1）,奶酪芝士卷边（7英寸）（4.90*1）,餐盒（2.00*1）",新奥尔良烤鸡肉披萨【7英寸(手拍)】+奶酪芝士卷边7,,,,非会员,6,,,依据餐量提供餐具,,49.90,15.96,29.10,0.00,0,0,1.49,0.00,4.50,【活动支出】首次光顾立减:1.00元+【活动支出】单品特价:21.10元+【活动支出】 商家自营销加码:2.00元+【活动支出】CPS商户叠加券:0.00元+【活动支出】饿了么红包:5.00元+【活动支出】淘金币:0.00元+【活动支出】替用户承担配送费:4.5元,-,-,-,2.00,温州区域,温州加盟,,,否,-,平台配送
圣比萨（泰亨温学府店）,SBM00001,温州,"8084020255794355569	",饿了么,平台外卖,已完成,2025-10-24 11:11:09,2025-10-24 11:11:09,2025-10-24 11:11:09,饿了么支付-在线支付,,即时单,2025-10-24 11:11:09,12.02,自动出餐,1,否,"7英寸披萨买一送一[玉米披萨7英寸+圣比至尊披萨7英寸]（86.80*1）,奶酪芝士卷边（7英寸）（4.90*1）",大圣招牌大满贯披萨【7英寸(手拍)】+奶酪芝士卷边7,,,,非会员,7,,,依据餐量提供餐具,,91.70,29.80,49.40,0.00,0,0,2.95,0.00,6.20,【活动支出】单品特价:49.40元+【活动支出】替用户承担配送费:6.0元,-,-,-,0.00,温州区域,温州加盟,,,否,-,平台配送
圣比萨（泰亨温学府店）,SBM00001,温州,"8014260255803173167	",饿了么,平台外卖,已完成,2025-10-24 11:14:58,2025-10-24 11:14:58,2025-10-24 11:14:58,饿了么支付-在线支付,,即时单,2025-10-24 11:14:58,12.08,自动出餐,1,否,"黑椒牛肉意面（52.00*1）,餐盒（2.00*1）",黑椒牛肉意面,,,,非会员,8,,,依据餐量提供餐具,,52.00,14.22,32.10,0.00,0,0,1.43,0.00,4.50,【活动支出】首次光顾立减:1.00元+【活动支出】单品特价:24.10元+【活动支出】饿了么红包:7.00元+【活动支出】替用户承担配送费:4.5元,-,-,-,2.00,温州区域,温州加盟,,,否,-,平台配送
圣比萨（泰亨温学府店）,SBM00001,温州,"8031776089584938434	",饿了么,平台外卖,已完成,2025-10-24 11:23:21,2025-10-24 11:23:21,2025-10-24 11:23:22,饿了么支付-在线支付,,即时单,2025-10-24 11:23:21,12.17,自动出餐,1,否,"香烤鸡翅-4只[{""name"":""规格"",""value"":""4只""}]（30.00*1）,榴莲王披萨7英寸（52.99*1）,小食拼盘（41.00*1）,缤纷水果披萨7英寸（42.00*1）,蛋挞（10.00*2）,奶酪芝士卷边（7英寸）（4.90*1）,奶酪芝士卷边（7英寸）（4.90*1）,餐盒（9.00*1）",香烤鸡翅+榴莲王披萨7英寸+小吃拼盘+缤纷水果披萨【7英寸(手拍)】+蛋挞+奶酪芝士卷边7+奶酪芝士卷边7,,,,非会员,9,,,2份餐具,,195.79,107.06,68.59,0.00,0,0,9.99,0.00,3.50,【活动支出】店铺满减:6.00元+【活动支出】首次光顾立减:1.00元+【活动支出】单品特价:1.10元+【活动支出】单品特价:19.09元+【活动支出】单品特价:11.10元+【活动支出】单品特价:16.10元+【活动支出】单品特价:2.20元+【活动支出】饿了么红包:12.00元+【活动支出】替用户承担配送费:3.5元,-,-,-,9.00,温州区域,温州加盟,,,否,-,平台配送
圣比萨（泰亨温学府店）,SBM00001,温州,"8080846089624626467	",饿了么,平台外卖,已完成,2025-10-24 11:25:10,2025-10-24 11:25:10,2025-10-24 11:25:11,饿了么支付-在线支付,,即时单,2025-10-24 11:25:10,12.03,自动出餐,1,否,新奥尔良烤鸡肉披萨7寸-单点（22.00*1）,新奥尔良烤鸡肉披萨【7英寸(手拍)】,,,,非会员,10,,,放门口柜子上谢谢 / 依据餐量提供餐具,,22.00,12.00,0.00,0.00,0,0,0.00,0.00,,【活动支出】拼团反圈活动:0.00元,-,-,-,0.00,温州区域,温州加盟,,,否,-,平台配送
圣比萨（泰亨温学府店）,SBM00001,温州,"8070120255750183282	",饿了么,平台外卖,已完成,2025-10-24 11:49:51,2025-10-24 11:49:51,2025-10-24 11:49:51,饿了么支付-在线支付,,即时单,2025-10-24 11:49:51,12.17,自动出餐,1,否,"个人意面|焗饭经典套餐[黑椒牛肉意面+翅根1根+小可乐]（42.00*1）,蛋挞1个（5.00*1）,深海墨鱼丸-6个[{""name"":""规格"",""value"":""6个""}]（18.20*1）,餐盒（4.00*1）",黑椒牛肉意面+小可乐+蛋挞1个+深海墨鱼丸,,,,非会员,11,,,依据餐量提供餐具,,65.20,30.24,27.40,0.00,0,0,2.91,0.00,4.50,【活动支出】店铺满减:1.00元+【活动支出】首次光顾立减:1.00元+【活动支出】单品特价:10.10元+【活动支出】单品特价:6.30元+【活动支出】饿了么红包:0.00元+【活动支出】饿了么红包:9.00元+【活动支出】替用户承担配送费:4.5元,-,-,-,4.00,温州区域,温州加盟,,,否,-,平台配送
圣比萨（泰亨温学府店）,SBM00001,温州,"8074390255763921263	",饿了么,平台外卖,已完成,2025-10-24 12:14:23,2025-10-24 12:14:23,2025-10-24 12:14:24,饿了么支付-在线支付,,即时单,2025-10-24 12:14:23,12.17,自动出餐,1,否,"奶酪芝士卷边（7英寸）（4.90*1）,任选披萨8选1+小吃8选1+饮料[圣比至尊披萨7英寸+上校鸡块4个+奶茶]（58.00*1）,餐盒（2.00*1）",奶酪芝士卷边7+大圣招牌大满贯披萨【7英寸(手拍)】+上校鸡块+港式奶茶,,,,非会员,12,,,1份餐具,,62.90,26.10,29.20,0.00,0,0,2.45,0.00,3.50,【活动支出】店铺满减:1.00元+【活动支出】单品特价:23.20元+【活动支出】饿了么红包:5.00元+【活动支出】替用户承担配送费:3.5元,-,-,-,2.00,温州区域,温州加盟,,,否,-,平台配送
圣比萨（泰亨温学府店）,SBM00001,温州,"8026796089693682046	",饿了么,平台外卖,已完成,2025-10-24 12:42:43,2025-10-24 12:42:43,2025-10-24 12:42:44,饿了么支付-在线支付,,即时单,2025-10-24 12:42:43,12.22,自动出餐,1,否,"7英寸披萨一人食土豪餐[水果7英寸+薯条1份+五目烤肠2根+小可乐]（70.00*1）,红薯泥卷边（7英寸）（4.90*1）,餐盒（2.00*1）",经典薯条+小可乐+红薯泥流心卷边7,,,,非会员,13,,,2份餐具,,74.90,22.40,43.90,0.00,0,0,2.25,0.00,5.60,【活动支出】店铺满减:1.00元+【活动支出】首次光顾立减:1.00元+【活动支出】单品特价:33.90元+【活动支出】CPS商户叠加券:0.00元+【活动支出】饿了么红包:8.00元+【活动支出】替用户承担配送费:5.6元,-,-,-,2.00,温州区域,温州加盟,,,否,-,平台配送
圣比萨（泰亨温学府店）,SBM00001,温州,"8077696089675594208	",饿了么,平台外卖,已完成,2025-10-24 12:44:33,2025-10-24 12:44:33,2025-10-24 12:44:34,饿了么支付-在线支付,,即时单,2025-10-24 12:44:33,12.08,自动出餐,1,否,【买一送一】买披萨送披萨[海苔肉松披萨7英寸+日系照烧鸡披萨7英寸]（86.80*1）,海苔肉松披萨【7英寸(手拍)】+日系照烧鸡披萨【7英寸(手拍)】,,,,非会员,14,,,1份餐具,,86.80,23.18,54.90,0.00,0,0,2.17,0.00,3.50,【活动支出】单品特价:54.90元+【活动支出】替用户承担配送费:3.5元,-,-,-,0.00,温州区域,温州加盟,,,否,-,平台配送
圣比萨（泰亨温学府店）,SBM00001,温州,"8054020255798613410	",饿了么,平台外卖,已完成,2025-10-24 13:11:57,2025-10-24 13:11:57,2025-10-24 13:11:57,饿了么支付-在线支付,,即时单,2025-10-24 13:11:57,12.17,自动出餐,1,否,新奥尔良烤鸡肉披萨7寸-单点（22.00*1）,新奥尔良烤鸡肉披萨【7英寸(手拍)】,,,,非会员,15,,,依据餐量提供餐具,,22.00,12.00,0.00,0.00,0,0,0.00,0.00,,【活动支出】拼团反圈活动:0.00元,-,-,-,0.00,温州区域,温州加盟,,,否,-,平台配送
圣比萨（泰亨温学府店）,SBM00001,温州,"8067816089707271608	",饿了么,平台外卖,已完成,2025-10-24 14:45:44,2025-10-24 14:45:44,2025-10-24 14:45:44,饿了么支付-在线支付,,即时单,2025-10-24 14:45:44,10.17,自动出餐,1,否,"纯芝士披萨-7英寸[{""name"":""规格"",""value"":""7英寸""}]（35.00*1）,餐盒（3.00*1）",金牌芝士披萨,,,,非会员,16,,,依据餐量提供餐具,,35.00,13.12,18.10,0.00,0,0,1.43,0.00,3.50,【活动支出】单品特价:13.10元+【活动支出】吃货豆兑换的商家券:5.00元+【活动支出】替用户承担配送费:3.5元,-,-,-,3.00,温州区域,温州加盟,,,否,-,平台配送
圣比萨（泰亨温学府店）,SBM00001,温州,"8029886089712799101	",饿了么,平台外卖,已完成,2025-10-24 14:56:37,2025-10-24 14:56:37,2025-10-24 14:56:37,饿了么支付-在线支付,,即时单,2025-10-24 14:56:37,10.22,自动出餐,1,否,"招牌肉酱意面（52.00*1）,餐盒（2.00*1）",招牌肉酱意面,,,,非会员,17,,,不用打电话放门口谢谢 / 无需餐具,,52.00,15.12,32.10,0.00,0,0,1.43,0.00,3.50,【活动支出】首次光顾立减:1.00元+【活动支出】单品特价:24.10元+【活动支出】饿了么红包:7.00元+【活动支出】替用户承担配送费:3.5元,-,-,-,2.00,温州区域,温州加盟,,,否,-,平台配送
圣比萨（泰亨温学府店）,SBM00001,温州,"8039440255837564373	",饿了么,平台外卖,已完成,2025-10-24 15:47:56,2025-10-24 15:47:56,2025-10-24 15:47:56,饿了么支付-在线支付,,即时单,2025-10-24 15:47:56,10.12,自动出餐,1,否,"新奥尔良烤鸡肉披萨7英寸（45.00*1）,餐盒（2.00*1）",新奥尔良烤鸡肉披萨【7英寸(手拍)】,,,,非会员,18,,,1份餐具,,45.00,12.12,28.10,0.00,0,0,1.43,0.00,3.50,【活动支出】单品特价:21.10元+【活动支出】 商家自营销加码:2.00元+【活动支出】饿了么红包:5.00元+【活动支出】替用户承担配送费:3.5元,-,-,-,2.00,温州区域,温州加盟,,,否,-,平台配送
圣比萨（泰亨温学府店）,SBM00001,温州,"8057766089757481272	",饿了么,平台外卖,已完成,2025-10-24 16:11:13,2025-10-24 16:11:13,2025-10-24 16:11:13,饿了么支付-在线支付,,即时单,2025-10-24 16:11:13,10.17,自动出餐,1,否,"碳烤鸡肉培根披萨12英寸（118.00*1）,餐盒（2.00*1）",碳烤鸡肉培根披萨【12英寸(手拍)】,,,,非会员,19,,,依据餐量提供餐具,,118.00,32.16,77.10,0.00,0,0,2.99,0.00,4.00,【活动支出】店铺满减:6.00元+【活动支出】首次光顾立减:1.00元+【活动支出】单品特价:58.10元+【活动支出】饿了么红包:12.00元+【活动支出】替用户承担配送费:4.0元,-,-,-,2.00,温州区域,温州加盟,,,否,-,平台配送
圣比萨（泰亨温学府店）,SBM00001,温州,"8030180255856431448	",饿了么,平台外卖,已完成,2025-10-24 16:17:07,2025-10-24 16:17:07,2025-10-24 16:17:07,饿了么支付-在线支付,,预约单,2025-10-24 17:15:00,13.02,自动出餐,1,否,"圣比至尊披萨7英寸（45.00*1）,个人意面|焗饭经典套餐[招牌肉酱意面+经典薯条+芒果汁]（42.00*1）,餐盒（4.00*1）",大圣招牌大满贯披萨【7英寸(手拍)】+招牌肉酱意面+经典薯条+芒果汁,,,,非会员,20,,,依据餐量提供餐具,,87.00,40.44,37.20,0.00,0,0,3.81,0.00,3.50,【活动支出】店铺满减:6.00元+【活动支出】单品特价:13.10元+【活动支出】单品特价:10.10元+【活动支出】饿了么红包:8.00元+【活动支出】替用户承担配送费:3.5元,-,-,-,4.00,温州区域,温州加盟,,,否,-,平台配送
圣比萨（泰亨温学府店）,SBM00001,温州,"8028200255750109552	",饿了么,平台外卖,已完成,2025-10-24 16:21:04,2025-10-24 16:21:04,2025-10-24 16:21:05,饿了么支付-在线支付,,即时单,2025-10-24 16:21:04,10.23,自动出餐,1,否,"番茄牛肉意面（52.00*1）,餐盒（2.00*1）",番茄牛肉意面,,,,非会员,21,,,依据餐量提供餐具,,52.00,12.12,35.10,0.00,0,0,1.43,0.00,3.50,【活动支出】单品特价:28.10元+【活动支出】饿了么红包:7.00元+【活动支出】替用户承担配送费:3.5元,-,-,-,2.00,温州区域,温州加盟,,,否,-,平台配送
圣比萨（泰亨温学府店）,SBM00001,温州,"8063430255776207166	",饿了么,平台外卖,已完成,2025-10-24 17:12:27,2025-10-24 17:12:27,2025-10-24 17:12:27,饿了么支付-在线支付,,即时单,2025-10-24 17:12:27,10.05,自动出餐,1,否,新奥尔良烤鸡肉披萨7寸-单点（22.00*1）,新奥尔良烤鸡肉披萨【7英寸(手拍)】,,,,非会员,22,,,依据餐量提供餐具,,22.00,12.00,0.00,0.00,0,0,0.00,0.00,,【活动支出】拼团反圈活动:0.00元,-,-,-,0.00,温州区域,温州加盟,,,否,-,平台配送
圣比萨（泰亨温学府店）,SBM00001,温州,"8071460255968286010	",饿了么,平台外卖,已完成,2025-10-24 17:15:06,2025-10-24 17:15:06,2025-10-24 17:15:06,饿了么支付-在线支付,,即时单,2025-10-24 17:15:06,10.05,自动出餐,1,否,"招牌肉酱意面（52.00*1）,上校鸡块（11.00*1）,餐盒（4.00*1）",招牌肉酱意面+上校鸡块,,,,非会员,23,,,无需餐具,,63.00,27.11,30.20,0.00,0,0,2.54,0.00,3.50,【活动支出】首次光顾立减:1.00元+【活动支出】单品特价:24.10元+【活动支出】单品特价:5.10元+【活动支出】替用户承担配送费:3.5元,-,-,-,4.00,温州区域,温州加盟,,,否,-,平台配送
圣比萨（泰亨温学府店）,SBM00001,温州,"8089936089767030078	",饿了么,平台外卖,已完成,2025-10-24 17:21:14,2025-10-24 17:21:14,2025-10-24 17:21:15,饿了么支付-在线支付,,即时单,2025-10-24 17:21:14,10.23,自动出餐,1,否,"酸奶卷边（12英寸）（8.90*1）,牛肉至尊披萨12英寸（118.00*1）,餐盒（2.00*1）",酸奶多多流心卷边+炙热牛魔王披萨【12英寸(手拍)】,,,,非会员,24,,,1份餐具,,126.90,39.56,74.10,0.00,0,0,3.89,0.00,6.20,【活动支出】店铺满减:6.00元+【活动支出】单品特价:56.10元+【活动支出】饿了么红包:12.00元+【活动支出】替用户承担配送费:6.0元,-,-,-,2.00,温州区域,温州加盟,,,否,-,平台配送
圣比萨（泰亨温学府店）,SBM00001,温州,"8045020255781532083	",饿了么,平台外卖,已完成,2025-10-24 17:24:43,2025-10-24 17:24:43,2025-10-24 17:24:43,饿了么支付-在线支付,,即时单,2025-10-24 17:24:43,10.07,自动出餐,1,否,"圣比至尊披萨7英寸（45.00*1）,奶酪芝士卷边（7英寸）（4.90*1）,餐盒（2.00*1）",大圣招牌大满贯披萨【7英寸(手拍)】+奶酪芝士卷边7,,,,非会员,25,,,依据餐量提供餐具,,49.90,21.24,22.10,0.00,0,0,2.01,0.00,3.50,【活动支出】店铺满减:1.00元+【活动支出】首次光顾立减:1.00元+【活动支出】单品特价:13.10元+【活动支出】饿了么红包:7.00元+【活动支出】替用户承担配送费:3.5元,-,-,-,2.00,温州区域,温州加盟,,,否,-,平台配送
圣比萨（泰亨温学府店）,SBM00001,温州,"8025090255888553233	",饿了么,平台外卖,已完成,2025-10-24 17:31:42,2025-10-24 17:31:42,2025-10-24 17:31:42,饿了么支付-在线支付,,即时单,2025-10-24 17:31:42,12.23,自动出餐,1,否,"比意双飞套餐（66.00*1）,餐盒（3.00*1）",比意双飞套餐+餐盒,,,,非会员,26,,,依据餐量提供餐具,,66.00,28.46,30.10,0.00,0,0,2.69,0.00,3.50,【活动支出】店铺满减:1.00元+【活动支出】首次光顾立减:1.00元+【活动支出】单品特价:19.10元+【活动支出】饿了么红包:9.00元+【活动支出】替用户承担配送费:3.5元,-,-,-,3.00,温州区域,温州加盟,,,否,-,平台配送
圣比萨（泰亨温学府店）,SBM00001,温州,"8066080255899502890	",饿了么,平台外卖,已完成,2025-10-24 17:41:01,2025-10-24 17:41:01,2025-10-24 17:41:01,饿了么支付-在线支付,,即时单,2025-10-24 17:41:01,12.23,自动出餐,1,否,【买一送一】买披萨送披萨[奥尔良鸡肉披萨7英寸+日系照烧鸡披萨7英寸]（86.80*1）,新奥尔良烤鸡肉披萨【7英寸(手拍)】+日系照烧鸡披萨【7英寸(手拍)】,,,,非会员,27,,,依据餐量提供餐具,,86.80,21.38,54.90,0.00,0,0,2.17,0.00,5.60,【活动支出】单品特价:54.90元+【活动支出】替用户承担配送费:5.6元,-,-,-,0.00,温州区域,温州加盟,,,否,-,平台配送
圣比萨（泰亨温学府店）,SBM00001,温州,"8050400255917596104	",饿了么,平台外卖,已完成,2025-10-24 17:57:28,2025-10-24 17:57:28,2025-10-24 17:57:29,饿了么支付-在线支付,,即时单,2025-10-24 17:57:28,12.13,自动出餐,1,否,"榴莲王披萨12英寸（128.00*1）,奶酪芝士卷边（12英寸）（8.90*1）,餐盒（2.00*1）",榴莲王披萨12英寸+奶酪芝士卷边,,,,非会员,28,,,"对商家，麻烦把披萨用牙签固定好，我想吃个好好的披萨,  
对骑手，对我的披萨温柔一点，拜托拜托 / 依据餐量提供餐具",,136.90,40.01,82.10,0.00,0,0,4.04,0.00,6.20,【活动支出】店铺满减:6.00元+【活动支出】单品特价:64.10元+【活动支出】CPS商户叠加券:0.00元+【活动支出】饿了么红包:12.00元+【活动支出】替用户承担配送费:6.0元,-,-,-,2.00,温州区域,温州加盟,,,否,-,平台配送
圣比萨（泰亨温学府店）,SBM00001,温州,"8032380255931819349	",饿了么,平台外卖,已完成,2025-10-24 18:27:06,2025-10-24 18:27:06,2025-10-24 18:27:06,饿了么支付-在线支付,,即时单,2025-10-24 18:27:06,12.07,自动出餐,1,否,"新奥尔良烤鸡肉披萨7寸-单点[{""name"":""规格"",""value"":""单点""}]（22.00*1）",新奥尔良烤鸡肉披萨【7英寸(手拍)】,,,,非会员,29,,,1份餐具,,22.00,12.00,0.00,0.00,0,0,0.00,0.00,,【活动支出】拼团反圈活动:0.00元,-,-,-,0.00,温州区域,温州加盟,,,否,-,平台配送
圣比萨（泰亨温学府店）,SBM00001,温州,"8096806089815640469	",饿了么,平台外卖,已完成,2025-10-24 18:27:49,2025-10-24 18:27:49,2025-10-24 18:27:49,饿了么支付-在线支付,,即时单,2025-10-24 18:27:49,12.08,自动出餐,1,否,"爆款披萨双人超值套餐[日系照烧7英寸+奶汁培根意面+雀巢牛奶+芒果汁]（88.00*1）,餐盒（2.00*1）",奶汁培根鲜虾意面+雀巢牛奶+芒果汁,,,,非会员,30,,,麻烦放在门口拍张照，不用敲门不用打电话了谢谢！ / 依据餐量提供餐具,,88.00,26.28,54.10,0.00,0,0,2.47,0.00,3.50,【活动支出】店铺满减:1.00元+【活动支出】单品特价:41.10元+【活动支出】饿了么红包:12.00元+【活动支出】替用户承担配送费:3.5元,-,-,-,2.00,温州区域,温州加盟,,,否,-,平台配送
圣比萨（泰亨温学府店）,SBM00001,温州,"8079996089826923840	",饿了么,平台外卖,已完成,2025-10-24 18:48:22,2025-10-24 18:48:22,2025-10-24 18:48:23,饿了么支付-在线支付,,即时单,2025-10-24 18:48:22,12.13,自动出餐,1,否,"7英寸披萨买一送一[水果披萨7英寸+水果披萨7英寸]（86.80*1）,餐盒（2.00*1）",缤纷水果披萨【7英寸(手拍)】+缤纷水果披萨【7英寸(手拍)】,,,,非会员,31,,,依据餐量提供餐具,,86.80,32.16,45.90,0.00,0,0,2.99,0.00,3.50,【活动支出】店铺满减:1.00元+【活动支出】单品特价:39.90元+【活动支出】吃货豆兑换的商家券:5.00元+【活动支出】替用户承担配送费:3.5元,-,-,-,2.00,温州区域,温州加盟,,,否,-,平台配送
圣比萨（泰亨温学府店）,SBM00001,温州,"8052666089822098796	",饿了么,平台外卖,已完成,2025-10-24 19:20:48,2025-10-24 19:20:48,2025-10-24 19:20:49,饿了么支付-在线支付,,即时单,2025-10-24 19:20:48,12.15,自动出餐,1,否,"7英寸披萨一人食土豪餐[碳烤鸡肉英7寸+薯条1份+五目烤肠2根+金桔柠檬汁]（70.00*1）,餐盒（2.00*1）",经典薯条+柠檬茶,,,,非会员,32,,,1份餐具,,70.00,19.67,43.90,0.00,0,0,1.88,0.00,3.50,【活动支出】店铺满减:1.00元+【活动支出】首次光顾立减:1.00元+【活动支出】单品特价:33.90元+【活动支出】饿了么红包:8.00元+【活动支出】替用户承担配送费:3.5元,-,-,-,2.00,温州区域,温州加盟,,,否,-,平台配送
圣比萨（泰亨温学府店）,SBM00001,温州,"8026946089849264581	",饿了么,平台外卖,已完成,2025-10-24 19:28:25,2025-10-24 19:28:25,2025-10-24 19:28:25,饿了么支付-在线支付,,即时单,2025-10-24 19:28:25,12.05,自动出餐,1,否,"榴莲王披萨12英寸（128.00*1）,奶酪芝士卷边（12英寸）（8.90*1）,餐盒（2.00*1）",榴莲王披萨12英寸+奶酪芝士卷边,,,,非会员,33,,,依据餐量提供餐具,,136.90,42.29,83.10,0.00,0,0,3.96,0.00,3.50,【活动支出】店铺满减:6.00元+【活动支出】首次光顾立减:1.00元+【活动支出】单品特价:64.10元+【活动支出】饿了么红包:12.00元+【活动支出】替用户承担配送费:3.5元,-,-,-,2.00,温州区域,温州加盟,,,否,-,平台配送
圣比萨（泰亨温学府店）,SBM00001,温州,"8085010255864287704	",饿了么,平台外卖,已完成,2025-10-24 19:45:19,2025-10-24 19:45:19,2025-10-24 19:45:20,饿了么支付-在线支付,,即时单,2025-10-24 19:45:19,10.02,自动出餐,1,否,"黑椒牛肉芝士焗饭（52.00*1）,餐盒（2.00*1）",黑椒牛肉芝士焗饭,,,,非会员,34,,,依据餐量提供餐具,,52.00,15.12,32.10,0.00,0,0,1.43,0.00,4.00,【活动支出】首次光顾立减:1.00元+【活动支出】单品特价:24.10元+【活动支出】饿了么红包:7.00元+【活动支出】替用户承担配送费:4.0元,-,-,-,2.00,温州区域,温州加盟,,,否,-,平台配送
圣比萨（泰亨温学府店）,SBM00001,温州,"8095280255866776008	",饿了么,平台外卖,已完成,2025-10-24 19:48:35,2025-10-24 19:48:35,2025-10-24 19:48:35,饿了么支付-在线支付,,即时单,2025-10-24 19:48:35,10.20,自动出餐,1,否,"圣比至尊披萨7英寸（45.00*1）,餐盒（2.00*1）",大圣招牌大满贯披萨【7英寸(手拍)】,,,,非会员,35,,,依据餐量提供餐具,,45.00,21.33,17.10,0.00,0,0,2.02,0.00,3.50,【活动支出】单品特价:13.10元+【活动支出】饿了么红包:4.00元+【活动支出】替用户承担配送费:3.5元,-,-,-,2.00,温州区域,温州加盟,,,否,-,平台配送
圣比萨（泰亨温学府店）,SBM00001,温州,"8014100255990461864	",饿了么,平台外卖,已完成,2025-10-24 20:33:32,2025-10-24 20:33:32,2025-10-24 20:33:32,饿了么支付-在线支付,,即时单,2025-10-24 20:33:32,10.18,自动出餐,1,否,"个人披萨超值套餐[缤纷水果披萨7英寸+港式奶茶+上校鸡块]（49.00*1）,餐盒（2.00*1）",缤纷水果披萨【7英寸(手拍)】+港式奶茶+上校鸡块,,,,非会员,36,,,依据餐量提供餐具,,49.00,19.34,23.90,0.00,0,0,1.81,0.00,3.50,【活动支出】首次光顾立减:1.00元+【活动支出】单品特价:15.90元+【活动支出】饿了么红包:7.00元+【活动支出】替用户承担配送费:3.5元,-,-,-,2.00,温州区域,温州加盟,,,否,-,平台配送
圣比萨（泰亨温学府店）,SBM00001,温州,"8067440255892873555	",饿了么,平台外卖,已完成,2025-10-24 20:46:14,2025-10-24 20:46:14,2025-10-24 20:46:14,饿了么支付-在线支付,,即时单,2025-10-24 20:46:14,10.05,自动出餐,1,否,"7英寸披萨一人食土豪餐[水果7英寸+薯条1份+深海墨鱼丸3个+芒果汁]（70.00*1）,餐盒（2.00*1）",经典薯条+深海墨鱼丸3个+芒果汁,,,,非会员,37,,,放前台就行了 / 依据餐量提供餐具,,70.00,18.32,41.90,0.00,0,0,2.03,0.00,8.10,【活动支出】店铺满减:1.00元+【活动支出】单品特价:33.90元+【活动支出】饿了么红包:7.00元+【活动支出】替用户承担配送费:6.0元,-,-,-,2.00,温州区域,温州加盟,,,否,-,平台配送
圣比萨（泰亨温学府店）,SBM00001,温州,"8093886089903565060	",饿了么,平台外卖,已完成,2025-10-24 21:30:21,2025-10-24 21:30:21,2025-10-24 21:30:21,饿了么支付-在线支付,,即时单,2025-10-24 21:30:21,10.13,自动出餐,1,否,"7英寸披萨一人食土豪单人餐[碳烤鸡肉培根7英寸+上校鸡块3个+深海墨鱼丸3个+柠檬茶]（70.00*1）,蛋挞1个（5.00*1）,餐盒（2.00*1）",碳烤鸡肉培根披萨【7英寸(手拍)】+上校鸡块3个+深海墨鱼丸3个+柠檬茶+蛋挞1个,,,,非会员,38,,,依据餐量提供餐具,,75.00,18.66,50.10,0.00,0,0,1.79,0.00,5.60,【活动支出】店铺满减:1.00元+【活动支出】单品特价:37.10元+【活动支出】CPS商户叠加券:0.00元+【活动支出】饿了么红包:12.00元+【活动支出】淘金币:0.00元+【活动支出】替用户承担配送费:5.6元,-,-,-,2.00,温州区域,温州加盟,,,否,-,平台配送
圣比萨（泰亨温学府店）,SBM00001,温州,"8021666089906559381	",饿了么,平台外卖,已完成,2025-10-24 21:58:22,2025-10-24 21:58:22,2025-10-24 21:58:22,饿了么支付-在线支付,,即时单,2025-10-24 21:58:22,10.12,自动出餐,1,否,"圣比至尊披萨7英寸（45.00*1）,奶酪芝士卷边（7英寸）（4.90*1）,餐盒（2.00*1）",大圣招牌大满贯披萨【7英寸(手拍)】+奶酪芝士卷边7,,,,非会员,39,,,1份餐具,,49.90,21.66,21.10,0.00,0,0,2.09,0.00,5.60,【活动支出】店铺满减:1.00元+【活动支出】单品特价:13.10元+【活动支出】饿了么红包:7.00元+【活动支出】替用户承担配送费:5.6元,-,-,-,2.00,温州区域,温州加盟,,,否,-,平台配送
圣比萨（温溪店）,SBM00009,丽水,"8007826089565855071	",饿了么,平台外卖,已完成,2025-10-24 10:28:26,2025-10-24 10:28:26,2025-10-24 10:28:26,饿了么支付-在线支付,,即时单,2025-10-24 10:28:26,14.10,自动出餐,1,否,"黑椒牛肉芝士焗饭（33.00*1）,餐盒（2.00*1）",黑椒牛肉芝士焗饭,,,,非会员,1,,,依据餐量提供餐具,,33.00,17.45,6.00,0.00,0,0,8.05,0.00,5.00,【活动支出】单品特价:1.00元+【活动支出】饿了么红包:5.00元+【活动支出】替用户承担配送费:5.0元,-,-,-,2.00,丽水区域,丽水加盟,,,否,-,平台配送
圣比萨（温溪店）,SBM00009,丽水,"8061250255945862594	",饿了么,平台外卖,已完成,2025-10-24 16:19:39,2025-10-24 16:19:39,2025-10-24 16:19:39,饿了么支付-在线支付,,预约单,2025-10-24 17:05:00,0.37,自动出餐,1,否,"7寸披萨买一送一[新奥尔良鸡肉披萨7寸+日系照烧鸡披萨7寸]（55.00*1）,餐盒（2.00*1）",新奥尔良烤鸡肉披萨【7英寸(手拍)】+日系照烧鸡披萨【7英寸(手拍)】,,,,非会员,2,,,依据餐量提供餐具,,55.00,34.39,6.00,0.00,0,0,13.11,0.00,5.00,【活动支出】店铺满减:1.00元+【活动支出】饿了么红包:5.00元+【活动支出】替用户承担配送费:5.0元,-,-,-,2.00,丽水区域,丽水加盟,,,否,-,平台配送
圣比萨（温溪店）,SBM00009,丽水,"8038370255769135592	",饿了么,平台外卖,已完成,2025-10-24 16:53:28,2025-10-24 16:53:28,2025-10-24 16:53:28,饿了么支付-在线支付,,即时单,2025-10-24 16:53:28,14.22,自动出餐,1,否,"碳烤鸡肉培根披萨-9寸(经典手拍)[{""name"":""规格"",""value"":""9寸(经典手拍)""}]（55.00*1）,餐盒（2.00*1）",碳烤鸡肉培根披萨,,,,非会员,3,,,依据餐量提供餐具,,55.00,34.39,6.00,0.00,0,0,13.11,0.00,5.00,【活动支出】店铺满减:1.00元+【活动支出】饿了么红包:5.00元+【活动支出】替用户承担配送费:5.0元,-,-,-,2.00,丽水区域,丽水加盟,,,否,-,平台配送
圣比萨（温溪店）,SBM00009,丽水,"8047786089830450549	",饿了么,平台外卖,已完成,2025-10-24 18:47:00,2025-10-24 18:47:00,2025-10-24 18:47:00,饿了么支付-在线支付,,即时单,2025-10-24 18:47:00,15.50,手动出餐,1,否,"新奥尔良烤鸡肉披萨-7寸(经典手拍)[{""name"":""规格"",""value"":""7寸(经典手拍)""}]（36.00*1）",新奥尔良烤鸡肉披萨,,,,非会员,4,,,依据餐量提供餐具,,36.00,9.22,15.00,0.00,0,0,8.28,0.00,5.00,【活动支出】单品特价:15.00元+【活动支出】替用户承担配送费:5.0元,-,-,-,0.00,丽水区域,丽水加盟,,,否,-,平台配送
圣比萨·披萨·炸鸡（天河店）,SBM00028,温州,"8069180255567135107	",饿了么,平台外卖,已完成,2025-10-24 10:24:14,2025-10-24 10:24:14,2025-10-24 10:24:14,饿了么支付-在线支付,,即时单,2025-10-24 10:24:14,13.17,自动出餐,1,否,"新奥尔良烤鸡肉披萨-9英寸(手拍)[{""name"":""规格"",""value"":""9英寸(手拍)""}]（33.90*1）,咸蛋黄风味流心卷边（9英寸）（6.90*1）,蛋挞（5.90*1）,餐盒（3.00*1）",新奥尔良烤鸡肉披萨+咸蛋黄流沙卷边9+蛋挞,,,,非会员,1,,,依据餐量提供餐具,,46.70,26.00,10.00,0.00,0,0,2.75,0.00,6.80,【活动支出】店铺满减:1.00元+【活动支出】首次光顾立减:1.00元+【活动支出】饿了么红包:8.00元+【活动支出】替用户承担配送费:6.0元,-,-,-,3.00,温州区域,温州直营,,,否,-,平台配送
圣比萨·披萨·炸鸡（天河店）,SBM00028,温州,"8093220255661138187	",饿了么,平台外卖,已完成,2025-10-24 10:25:15,2025-10-24 10:25:15,2025-10-24 10:25:15,饿了么支付-在线支付,,即时单,2025-10-24 10:25:15,13.22,自动出餐,1,否,"榴莲王披萨-7英寸(手拍)[{""name"":""规格"",""value"":""7英寸(手拍)""}]（33.90*1）,餐盒（2.00*1）",榴莲王披萨,,,,非会员,2,,,依据餐量提供餐具,,33.90,19.18,8.00,0.00,0,0,1.87,0.00,4.50,【活动支出】首次光顾立减:1.00元+【活动支出】饿了么红包:7.00元+【活动支出】替用户承担配送费:4.5元,-,-,-,2.00,温州区域,温州直营,,,否,-,平台配送
圣比萨·披萨·炸鸡（天河店）,SBM00028,温州,"8057676089581674805	",饿了么,平台外卖,已完成,2025-10-24 10:27:26,2025-10-24 10:27:26,2025-10-24 10:27:27,饿了么支付-在线支付,,预约单,2025-10-24 11:20:00,5.63,自动出餐,1,否,"红薯薯泥流心卷边（7英寸）（4.90*1）,新店开业福利小吃（限一份，多点不送）[上校鸡块2个]（0.20*1）,蛋挞一个（3.90*1）,【随心❤️拼】7英寸双拼披萨（口味自选）[新奥尔良烤鸡肉+新奥尔良烤鸡肉]（27.90*1）,餐盒（2.00*1）",红薯泥流心卷边7+上校鸡块2个+蛋挞1个+双拼7寸【奥尔良口味7】+双拼7寸【奥尔良口味7】,,,,非会员,3,,,依据餐量提供餐具,,36.90,18.80,11.41,0.00,0,0,1.84,0.00,5.00,【活动支出】单品特价:1.91元+【活动支出】下单返红包:1.50元+【活动支出】饿了么红包:8.00元+【活动支出】替用户承担配送费:5.0元,-,-,-,2.00,温州区域,温州直营,,,否,-,平台配送
圣比萨·披萨·炸鸡（天河店）,SBM00028,温州,"8074000255570308401	",饿了么,平台外卖,已完成,2025-10-24 10:31:31,2025-10-24 10:31:31,2025-10-24 10:31:32,饿了么支付-在线支付,,即时单,2025-10-24 10:31:31,13.17,自动出餐,1,否,"【任选】买一送一7英寸披萨（58.60*1）,经典薯条（8.90*1）,餐盒（3.00*1）",新奥尔良烤鸡肉披萨(7英寸(手拍))+炙热牛魔王披萨(7英寸(手拍))+经典薯条,,,,非会员,4,,,依据餐量提供餐具,,67.50,38.91,19.00,0.00,0,0,3.64,0.00,3.50,【活动支出】店铺满减:2.00元+【活动支出】订单集点返红包:5.00元+【活动支出】饿了么红包:12.00元+【活动支出】替用户承担配送费:3.5元,-,-,-,3.00,温州区域,温州直营,,,否,-,平台配送
圣比萨·披萨·炸鸡（天河店）,SBM00028,温州,"8074000255671027019	",饿了么,平台外卖,已完成,2025-10-24 10:32:34,2025-10-24 10:32:34,2025-10-24 10:32:35,饿了么支付-在线支付,,即时单,2025-10-24 10:32:34,13.10,自动出餐,1,否,"咸蛋黄风味流沙卷边（7英寸）（4.90*1）,蛋挞一个（3.90*1）,大圣招牌大满贯披萨-7英寸(手拍)[{""name"":""规格"",""value"":""7英寸(手拍)""}]（33.90*1）,餐盒（2.00*1）",咸蛋黄流沙卷边7+蛋挞1个+大圣招牌大满贯披萨,,,,非会员,5,,,依据餐量提供餐具,,42.70,22.62,13.41,0.00,0,0,2.12,0.00,3.50,【活动支出】店铺满减:1.00元+【活动支出】单品特价:1.91元+【活动支出】下单返红包:1.50元+【活动支出】饿了么红包:9.00元+【活动支出】替用户承担配送费:3.5元,-,-,-,2.00,温州区域,温州直营,,,否,-,平台配送
圣比萨·披萨·炸鸡（天河店）,SBM00028,温州,"8006536089578608022	",饿了么,平台外卖,已完成,2025-10-24 10:46:20,2025-10-24 10:46:20,2025-10-24 10:46:21,饿了么支付-在线支付,,即时单,2025-10-24 10:46:20,13.22,自动出餐,1,否,"新店开业福利小吃（限一份，多点不送）[上校鸡块2个]（0.20*1）,【任选】一人食盒子披萨随心配（29.90*1）,餐盒（2.00*1）",上校鸡块2个+奥尔良风情烤鸡肉一人食盒子披萨+地道肠1根+小可乐,,,,非会员,6,,,不要打电话，放在显眼的地方拍张照就好 / 依据餐量提供餐具,,30.10,15.67,8.00,0.00,0,0,1.58,0.00,5.00,【活动支出】首次光顾立减:1.00元+【活动支出】饿了么红包:7.00元+【活动支出】替用户承担配送费:5.0元,-,-,-,2.00,温州区域,温州直营,,,否,-,平台配送
圣比萨·披萨·炸鸡（天河店）,SBM00028,温州,"8072270255686997320	",饿了么,平台外卖,已完成,2025-10-24 10:50:48,2025-10-24 10:50:48,2025-10-24 10:50:48,饿了么支付-在线支付,,即时单,2025-10-24 10:50:48,13.15,自动出餐,1,否,"【任选】披萨随心配（31.90*1）,餐盒（2.00*1）",深海墨鱼丸(3个)+新奥尔良烤鸡肉披萨(7英寸(手拍))+小可乐,,,,非会员,7,,,依据餐量提供餐具,,31.90,15.96,7.00,0.00,0,0,1.79,0.00,6.80,【活动支出】首次光顾立减:1.00元+【活动支出】饿了么红包:6.00元+【活动支出】替用户承担配送费:6.0元,-,-,-,2.00,温州区域,温州直营,,,否,-,平台配送
圣比萨·披萨·炸鸡（天河店）,SBM00028,温州,"8031726089605556528	",饿了么,平台外卖,已完成,2025-10-24 11:05:10,2025-10-24 11:05:10,2025-10-24 11:05:10,饿了么支付-在线支付,,即时单,2025-10-24 11:05:10,14.03,自动出餐,1,否,"【任选】披萨随心配（31.90*1）,餐盒（2.00*1）",地道肠1根+碳烤鸡肉培根披萨(7英寸(手拍))+小可乐,,,,非会员,8,,,依据餐量提供餐具,,31.90,19.16,7.00,0.00,0,0,1.79,0.00,3.50,【活动支出】首次光顾立减:1.00元+【活动支出】饿了么红包:6.00元+【活动支出】替用户承担配送费:3.5元,-,-,-,2.00,温州区域,温州直营,,,否,-,平台配送
圣比萨·披萨·炸鸡（天河店）,SBM00028,温州,"8080846089616105961	",饿了么,平台外卖,已完成,2025-10-24 11:33:05,2025-10-24 11:33:05,2025-10-24 11:33:06,饿了么支付-在线支付,,即时单,2025-10-24 11:33:05,14.00,自动出餐,1,否,"【任选】披萨随心配（31.90*1）,餐盒（2.00*1）",上校鸡块+新奥尔良烤鸡肉披萨(7英寸(手拍))+小可乐,,,,非会员,9,,,依据餐量提供餐具,,31.90,16.43,8.00,0.00,0,0,1.72,0.00,6.20,【活动支出】首次光顾立减:1.00元+【活动支出】饿了么红包:7.00元+【活动支出】替用户承担配送费:6.0元,-,-,-,2.00,温州区域,温州直营,,,否,-,平台配送
圣比萨·披萨·炸鸡（天河店）,SBM00028,温州,"8089896089671331107	",饿了么,平台外卖,已完成,2025-10-24 12:08:46,2025-10-24 12:08:46,2025-10-24 12:08:46,饿了么支付-在线支付,,即时单,2025-10-24 12:08:46,14.22,自动出餐,1,否,"咸蛋黄风味流沙卷边（7英寸）（4.90*1）,【随心❤️拼】7英寸双拼披萨（口味自选）[日系照烧鸡+浪漫威尼斯]（27.90*1）,餐盒（2.00*1）",咸蛋黄流沙卷边7+双拼7寸【日系照烧口味7】+双拼7寸【浪漫威尼斯口味7】,,,,非会员,10,,,不用电话 电话停机了 / 依据餐量提供餐具,,32.80,18.19,7.00,0.00,0,0,1.86,0.00,5.60,【活动支出】首次光顾立减:1.00元+【活动支出】饿了么红包:6.00元+【活动支出】替用户承担配送费:5.6元,-,-,-,2.00,温州区域,温州直营,,,否,-,平台配送
圣比萨·披萨·炸鸡（天河店）,SBM00028,温州,"8064896089661075925	",饿了么,平台外卖,已完成,2025-10-24 12:33:31,2025-10-24 12:33:31,2025-10-24 12:33:32,饿了么支付-在线支付,,即时单,2025-10-24 12:33:31,14.18,自动出餐,1,否,"热带雨林水果一人食盒子披萨（23.90*1）,餐盒（2.00*1）",热带雨林水果一人食盒子披萨,,,,非会员,11,,,依据餐量提供餐具,,23.90,8.92,7.00,0.00,0,0,1.43,0.00,7.40,【活动支出】首次光顾立减:1.00元+【活动支出】饿了么红包:6.00元+【活动支出】替用户承担配送费:6.0元,-,-,-,2.00,温州区域,温州直营,,,否,-,平台配送
圣比萨·披萨·炸鸡（天河店）,SBM00028,温州,"8071636089664578956	",饿了么,平台外卖,已完成,2025-10-24 12:44:17,2025-10-24 12:44:17,2025-10-24 12:44:17,饿了么支付-在线支付,,即时单,2025-10-24 12:44:17,14.13,自动出餐,1,否,"金沙咸蛋黄嫩鸡披萨-7英寸(手拍)[{""name"":""规格"",""value"":""7英寸(手拍)""}]（29.90*1）,餐盒（2.00*1）",金沙咸蛋黄嫩鸡披萨,,,,非会员,12,,,。 / 依据餐量提供餐具,,29.90,14.58,8.00,0.00,0,0,1.57,0.00,6.20,【活动支出】首次光顾立减:1.00元+【活动支出】饿了么红包:7.00元+【活动支出】替用户承担配送费:6.0元,-,-,-,2.00,温州区域,温州直营,,,否,-,平台配送
圣比萨·披萨·炸鸡（天河店）,SBM00028,温州,"8077000255791400394	",饿了么,平台外卖,已完成,2025-10-24 13:10:49,2025-10-24 13:10:49,2025-10-24 13:10:49,饿了么支付-在线支付,,即时单,2025-10-24 13:10:49,14.03,自动出餐,1,否,"芝士翻倍（仅圆形披萨）-7英寸[{""name"":""规格"",""value"":""7英寸""}]（4.90*1）,【任选】披萨随心配（44.70*1）,新店开业福利小吃（限一份，多点不送）[墨鱼丸1个]（0.20*1）,餐盒（2.00*1）",芝士加倍+地道肠1根+大圣招牌大满贯披萨(7英寸(手拍))+小可乐+深海墨鱼丸1个,,,,非会员,13,,,烤焦一些 / 依据餐量提供餐具,,49.80,30.24,10.00,0.00,0,0,2.91,0.00,4.50,【活动支出】店铺满减:1.00元+【活动支出】首次光顾立减:1.00元+【活动支出】饿了么红包:8.00元+【活动支出】替用户承担配送费:4.5元,-,-,-,2.00,温州区域,温州直营,,,否,-,平台配送
圣比萨·披萨·炸鸡（天河店）,SBM00028,温州,"8079330255810937334	",饿了么,平台外卖,已完成,2025-10-24 13:40:00,2025-10-24 13:40:00,2025-10-24 13:40:01,饿了么支付-在线支付,,即时单,2025-10-24 13:40:00,13.07,自动出餐,1,否,"【任选】披萨随心配（31.90*1）,餐盒（2.00*1）",蛋挞+新奥尔良烤鸡肉披萨(7英寸(手拍))+小可乐,,,,非会员,14,,,可乐要冰的 / 依据餐量提供餐具,,31.90,15.96,7.00,0.00,0,0,1.79,0.00,6.20,【活动支出】首次光顾立减:1.00元+【活动支出】饿了么红包:6.00元+【活动支出】替用户承担配送费:6.0元,-,-,-,2.00,温州区域,温州直营,,,否,-,平台配送
圣比萨·披萨·炸鸡（天河店）,SBM00028,温州,"8073440255714199818	",饿了么,平台外卖,已完成,2025-10-24 14:09:17,2025-10-24 14:09:17,2025-10-24 14:09:17,饿了么支付-在线支付,,即时单,2025-10-24 14:09:17,13.10,自动出餐,1,否,"奶酪芝士披萨-7英寸(手拍)[{""name"":""规格"",""value"":""7英寸(手拍)""}]（25.90*1）,奶酪芝士卷边（7英寸）（4.90*1）,餐盒（2.00*1）",奶酪芝士披萨+奶酪芝士卷边7,,,,非会员,15,,,2份餐具,,30.80,17.21,8.00,0.00,0,0,1.64,0.00,3.50,【活动支出】首次光顾立减:1.00元+【活动支出】饿了么红包:7.00元+【活动支出】替用户承担配送费:3.5元,-,-,-,2.00,温州区域,温州直营,,,否,-,平台配送
圣比萨·披萨·炸鸡（天河店）,SBM00028,温州,"8057786089683563889	",饿了么,平台外卖,已完成,2025-10-24 14:21:20,2025-10-24 14:21:20,2025-10-24 14:21:20,饿了么支付-在线支付,,即时单,2025-10-24 14:21:20,13.13,自动出餐,1,否,"新奥尔良烤鸡肉披萨-7英寸(手拍)[{""name"":""规格"",""value"":""7英寸(手拍)""}]（25.90*1）,奶酪芝士卷边（7英寸）（4.90*1）,餐盒（2.00*1）",新奥尔良烤鸡肉披萨+奶酪芝士卷边7,,,,非会员,16,,,依据餐量提供餐具,,30.80,16.31,8.00,0.00,0,0,1.64,0.00,4.50,【活动支出】首次光顾立减:1.00元+【活动支出】饿了么红包:7.00元+【活动支出】替用户承担配送费:4.5元,-,-,-,2.00,温州区域,温州直营,,,否,-,平台配送
圣比萨·披萨·炸鸡（天河店）,SBM00028,温州,"8079886089708240273	",饿了么,平台外卖,已完成,2025-10-24 14:28:03,2025-10-24 14:28:03,2025-10-24 14:28:04,饿了么支付-在线支付,,即时单,2025-10-24 14:28:03,13.12,自动出餐,1,否,"奶酪芝士卷边（9英寸）（6.90*1）,【随心❤️拼】9英寸双拼披萨（口味自选）[新奥尔良烤鸡肉+日系照烧鸡]（37.90*1）,餐盒（2.00*1）",奶酪芝士卷边9+双拼9寸【奥尔良口味9】+双拼9寸【日系照烧口味9】,,,,非会员,17,,,依据餐量提供餐具,,44.80,21.59,11.00,0.00,0,0,2.46,0.00,8.00,【活动支出】店铺满减:1.00元+【活动支出】首次光顾立减:1.00元+【活动支出】饿了么红包:9.00元+【活动支出】替用户承担配送费:6.0元,-,-,-,2.00,温州区域,温州直营,,,否,-,平台配送
圣比萨·披萨·炸鸡（天河店）,SBM00028,温州,"8063756089695223177	",饿了么,平台外卖,已完成,2025-10-24 15:02:47,2025-10-24 15:02:47,2025-10-24 15:02:47,饿了么支付-在线支付,,预约单,2025-10-24 16:20:00,30.27,自动出餐,1,否,"红薯薯泥流心卷边（7英寸）（4.90*1）,【随心❤️拼】7英寸双拼披萨（口味自选）[新奥尔良烤鸡肉+玉米沙拉]（27.90*1）,餐盒（2.00*1）",红薯泥流心卷边7+双拼7寸【奥尔良口味7】+双拼7寸【玉米沙拉口味7】,,,,非会员,18,,,"依据餐量提供餐具；手机尾号：2112,分区：【公寓6和7幢】；接力送",,32.80,20.66,0,0.00,0,0,2.39,0.00,9.90,-,-,-,-,2.00,温州区域,温州直营,,,否,-,平台配送
圣比萨·披萨·炸鸡（天河店）,SBM00028,温州,"8009526089756959047	",饿了么,平台外卖,已完成,2025-10-24 15:49:06,2025-10-24 15:49:06,2025-10-24 15:49:06,饿了么支付-在线支付,,即时单,2025-10-24 15:49:06,13.10,自动出餐,1,否,"新店开业福利小吃（限一份，多点不送）[上校鸡块2个]（0.20*1）,【任选】披萨意面我全都要（73.60*1）,美式香骨鸡（8.90*1）,餐盒（3.00*1）",上校鸡块2个+小芬达+小可乐+招牌肉酱意面+深海墨鱼丸(3个)+缤纷芝士挞(菠萝味)+奥尔良烤翅+西域肉酱披萨(7英寸(手拍))+美式香骨鸡,,,,非会员,19,,,1份餐具,,82.70,55.20,14.00,0.00,0,0,5.15,0.00,3.50,【活动支出】店铺满减:2.00元+【活动支出】饿了么红包:12.00元+【活动支出】替用户承担配送费:3.5元,-,-,-,3.00,温州区域,温州直营,,,否,-,平台配送
圣比萨·披萨·炸鸡（天河店）,SBM00028,温州,"8076410255848509728	",饿了么,平台外卖,已完成,2025-10-24 16:04:08,2025-10-24 16:04:08,2025-10-24 16:04:08,饿了么支付-在线支付,,即时单,2025-10-24 16:04:08,13.08,自动出餐,1,否,"咸蛋黄风味流沙卷边（7英寸）（4.90*1）,奶酪芝士披萨-7英寸(手拍)[{""name"":""规格"",""value"":""7英寸(手拍)""}]（25.90*1）,餐盒（2.00*1）",咸蛋黄流沙卷边7+奶酪芝士披萨,,,,非会员,20,,,依据餐量提供餐具,,30.80,14.01,8.00,0.00,0,0,1.64,0.00,6.80,【活动支出】首次光顾立减:1.00元+【活动支出】饿了么红包:7.00元+【活动支出】替用户承担配送费:6.0元,-,-,-,2.00,温州区域,温州直营,,,否,-,平台配送
圣比萨·披萨·炸鸡（天河店）,SBM00028,温州,"8047280255862281676	",饿了么,平台外卖,已完成,2025-10-24 16:33:16,2025-10-24 16:33:16,2025-10-24 16:33:16,饿了么支付-在线支付,,即时单,2025-10-24 16:33:16,14.12,自动出餐,1,否,"新店开业福利小吃（限一份，多点不送）[上校鸡块2个]（0.20*1）,蛋挞一个（3.90*1）,【随心❤️拼】7英寸双拼披萨（口味自选）[新奥尔良烤鸡肉+碳烤鸡肉培根]（27.90*1）,奶酪芝士卷边（7英寸）（4.90*1）,餐盒（2.00*1）",上校鸡块2个+蛋挞1个+双拼7寸【奥尔良口味7】+双拼7寸【碳烤鸡肉培根口味7】+奶酪芝士卷边7,,,,非会员,21,,,依据餐量提供餐具,,36.90,19.27,10.91,0.00,0,0,1.87,0.00,4.50,【活动支出】首次光顾立减:1.00元+【活动支出】单品特价:1.91元+【活动支出】饿了么红包:8.00元+【活动支出】替用户承担配送费:4.5元,-,-,-,2.00,温州区域,温州直营,,,否,-,平台配送
圣比萨·披萨·炸鸡（天河店）,SBM00028,温州,"8004480255860277671	",饿了么,平台外卖,已完成,2025-10-24 16:37:53,2025-10-24 16:37:53,2025-10-24 16:37:53,饿了么支付-在线支付,,即时单,2025-10-24 16:37:53,14.00,自动出餐,1,否,"热带雨林水果一人食盒子披萨（23.90*1）,新店开业福利小吃（限一份，多点不送）[墨鱼丸1个]（0.20*1）,蛋挞一个（3.90*1）,美式香骨鸡（8.90*1）,餐盒（3.00*1）",热带雨林水果一人食盒子披萨+深海墨鱼丸1个+蛋挞1个+美式香骨鸡,,,,非会员,22,,,依据餐量提供餐具,,36.90,20.05,10.41,0.00,0,0,1.99,0.00,5.00,【活动支出】单品特价:1.91元+【活动支出】下单返红包:1.50元+【活动支出】饿了么红包:7.00元+【活动支出】替用户承担配送费:5.0元,-,-,-,3.00,温州区域,温州直营,,,否,-,平台配送
圣比萨·披萨·炸鸡（天河店）,SBM00028,温州,"8094916089775818172	",饿了么,平台外卖,已完成,2025-10-24 16:47:28,2025-10-24 16:47:28,2025-10-24 16:47:29,饿了么支付-在线支付,,即时单,2025-10-24 16:47:28,14.07,自动出餐,1,否,"【随心❤️拼】7英寸双拼披萨（口味自选）[新奥尔良烤鸡肉+缤纷水果]（27.90*1）,餐盒（2.00*1）",双拼7寸【奥尔良口味7】+双拼7寸【缤纷水果口味7】,,,,非会员,23,,,依据餐量提供餐具,,27.90,16.06,7.00,0.00,0,0,1.49,0.00,3.50,【活动支出】饿了么红包:7.00元+【活动支出】替用户承担配送费:3.5元,-,-,-,2.00,温州区域,温州直营,,,否,-,平台配送
圣比萨·披萨·炸鸡（天河店）,SBM00028,温州,"8062350255874504963	",饿了么,平台外卖,已完成,2025-10-24 16:48:46,2025-10-24 16:48:46,2025-10-24 16:48:46,饿了么支付-在线支付,,即时单,2025-10-24 16:48:46,14.03,自动出餐,1,否,"【随心❤️拼】7英寸双拼披萨（口味自选）[碳烤鸡肉培根+日系照烧鸡]（27.90*1）,餐盒（2.00*1）",双拼7寸【碳烤鸡肉培根口味7】+双拼7寸【日系照烧口味7】,,,,非会员,24,,,1份餐具,,27.90,14.26,7.00,0.00,0,0,1.49,0.00,6.20,【活动支出】首次光顾立减:1.00元+【活动支出】饿了么红包:6.00元+【活动支出】替用户承担配送费:6.0元,-,-,-,2.00,温州区域,温州直营,,,否,-,平台配送
圣比萨·披萨·炸鸡（天河店）,SBM00028,温州,"8099706089759484253	",饿了么,平台外卖,已完成,2025-10-24 16:52:19,2025-10-24 16:52:19,2025-10-24 16:52:19,饿了么支付-在线支付,,即时单,2025-10-24 16:52:19,14.08,自动出餐,1,否,"新奥尔良烤鸡肉披萨-7英寸(手拍)[{""name"":""规格"",""value"":""7英寸(手拍)""}]（25.90*1）,餐盒（2.00*1）",新奥尔良烤鸡肉披萨,,,,非会员,25,,,依据餐量提供餐具,,25.90,19.16,1.00,0.00,0,0,1.79,0.00,4.00,【活动支出】首次光顾立减:1.00元+【活动支出】替用户承担配送费:4.0元,-,-,-,2.00,温州区域,温州直营,,,否,-,平台配送
圣比萨·披萨·炸鸡（天河店）,SBM00028,温州,"8023240255877360086	",饿了么,平台外卖,已完成,2025-10-24 16:53:28,2025-10-24 16:53:28,2025-10-24 16:53:28,饿了么支付-在线支付,,即时单,2025-10-24 16:53:28,14.10,自动出餐,1,否,"【随心❤️拼】7英寸双拼披萨（口味自选）[新奥尔良烤鸡肉+碳烤鸡肉培根]（27.90*1）,餐盒（2.00*1）",双拼7寸【奥尔良口味7】+双拼7寸【碳烤鸡肉培根口味7】,,,,非会员,26,,,依据餐量提供餐具,,27.90,15.12,8.00,0.00,0,0,1.43,0.00,3.50,【活动支出】首次光顾立减:1.00元+【活动支出】饿了么红包:7.00元+【活动支出】替用户承担配送费:3.5元,-,-,-,2.00,温州区域,温州直营,,,否,-,平台配送
圣比萨·披萨·炸鸡（天河店）,SBM00028,温州,"8074556089778037074	",饿了么,平台外卖,已完成,2025-10-24 17:01:15,2025-10-24 17:01:15,2025-10-24 17:01:15,饿了么支付-在线支付,,即时单,2025-10-24 17:01:15,14.20,自动出餐,1,否,"新奥尔良烤鸡肉披萨-7英寸(手拍)[{""name"":""规格"",""value"":""7英寸(手拍)""}]（25.90*1）,餐盒（2.00*1）",新奥尔良烤鸡肉披萨,,,,非会员,27,,,2份餐具,,25.90,13.22,7.00,0.00,0,0,1.43,0.00,5.00,【活动支出】首次光顾立减:1.00元+【活动支出】饿了么红包:6.00元+【活动支出】替用户承担配送费:5.0元,-,-,-,2.00,温州区域,温州直营,,,否,-,平台配送
圣比萨·披萨·炸鸡（天河店）,SBM00028,温州,"8092856089754627454	",饿了么,平台外卖,已完成,2025-10-24 17:05:08,2025-10-24 17:05:08,2025-10-24 17:05:08,饿了么支付-在线支付,,即时单,2025-10-24 17:05:08,14.15,自动出餐,1,否,"新奥尔良烤鸡肉披萨-7英寸(手拍)[{""name"":""规格"",""value"":""7英寸(手拍)""}]（25.90*1）,餐盒（2.00*1）",新奥尔良烤鸡肉披萨,,,,非会员,28,,,放门卫 / 1份餐具,,25.90,14.12,7.00,0.00,0,0,1.43,0.00,4.00,【活动支出】首次光顾立减:1.00元+【活动支出】饿了么红包:6.00元+【活动支出】替用户承担配送费:4.0元,-,-,-,2.00,温州区域,温州直营,,,否,-,平台配送
圣比萨·披萨·炸鸡（天河店）,SBM00028,温州,"8013130255880274192	",饿了么,平台外卖,已完成,2025-10-24 17:12:08,2025-10-24 17:12:08,2025-10-24 17:12:09,饿了么支付-在线支付,,即时单,2025-10-24 17:12:08,14.18,自动出餐,1,否,"酸奶多多流心卷边（7英寸）（4.90*1）,榴莲王披萨-7英寸(手拍)[{""name"":""规格"",""value"":""7英寸(手拍)""}]（33.90*1）,餐盒（2.00*1）",酸奶多多流心卷边7+榴莲王披萨,,,,非会员,29,,,依据餐量提供餐具,,38.80,22.16,10.00,0.00,0,0,2.09,0.00,4.00,【活动支出】店铺满减:1.00元+【活动支出】首次光顾立减:1.00元+【活动支出】饿了么红包:8.00元+【活动支出】替用户承担配送费:4.0元,-,-,-,2.00,温州区域,温州直营,,,否,-,平台配送
圣比萨·披萨·炸鸡（天河店）,SBM00028,温州,"8032010255790429693	",饿了么,平台外卖,已完成,2025-10-24 17:36:41,2025-10-24 17:36:41,2025-10-24 17:36:41,饿了么支付-在线支付,,即时单,2025-10-24 17:36:41,14.20,自动出餐,1,否,"金沙咸蛋黄嫩鸡披萨-9英寸(手拍)[{""name"":""规格"",""value"":""9英寸(手拍)""}]（39.90*1）,新店开业福利小吃（限一份，多点不送）[上校鸡块2个]（0.20*1）,酸奶多多流心卷边（9英寸）（6.90*1）,蛋挞一个（3.90*2）,餐盒（2.00*1）",金沙咸蛋黄嫩鸡披萨+上校鸡块2个+酸奶多多流心卷边9+蛋挞1个,,,,非会员,30,,,依据餐量提供餐具,,54.80,32.01,13.41,0.00,0,0,3.03,0.00,3.50,【活动支出】店铺满减:1.00元+【活动支出】单品特价:1.91元+【活动支出】下单返红包:1.50元+【活动支出】饿了么红包:9.00元+【活动支出】替用户承担配送费:3.5元,-,-,-,2.00,温州区域,温州直营,,,否,-,平台配送
圣比萨·披萨·炸鸡（天河店）,SBM00028,温州,"8079020255892976063	",饿了么,平台外卖,已完成,2025-10-24 17:39:49,2025-10-24 17:39:49,2025-10-24 17:39:49,饿了么支付-在线支付,,即时单,2025-10-24 17:39:49,14.13,自动出餐,1,否,"新奥尔良烤鸡肉披萨-7英寸(手拍)[{""name"":""规格"",""value"":""7英寸(手拍)""}]（25.90*1）,餐盒（2.00*1）",新奥尔良烤鸡肉披萨,,,,非会员,31,,,依据餐量提供餐具,,25.90,12.32,7.00,0.00,0,0,1.43,0.00,5.60,【活动支出】首次光顾立减:1.00元+【活动支出】饿了么红包:6.00元+【活动支出】替用户承担配送费:5.6元,-,-,-,2.00,温州区域,温州直营,,,否,-,平台配送
圣比萨·披萨·炸鸡（天河店）,SBM00028,温州,"8062090255902155235	",饿了么,平台外卖,已完成,2025-10-24 17:42:38,2025-10-24 17:42:38,2025-10-24 17:42:38,饿了么支付-在线支付,,即时单,2025-10-24 17:42:38,14.20,自动出餐,1,否,"酸奶多多流心卷边（9英寸）（6.90*1）,【随心❤️拼】9英寸双拼披萨（口味自选）[碳烤鸡肉培根+缤纷水果]（37.90*1）,餐盒（2.00*1）",酸奶多多流心卷边9+双拼9寸【鸡肉培根口味9】+双拼9寸【缤纷水果口味9】,,,,非会员,32,,,依据餐量提供餐具,,44.80,26.24,9.00,0.00,0,0,2.61,0.00,6.20,【活动支出】店铺满减:1.00元+【活动支出】饿了么红包:8.00元+【活动支出】替用户承担配送费:6.0元,-,-,-,2.00,温州区域,温州直营,,,否,-,平台配送
圣比萨·披萨·炸鸡（天河店）,SBM00028,温州,"8027726089791980938	",饿了么,平台外卖,已完成,2025-10-24 17:44:55,2025-10-24 17:44:55,2025-10-24 17:44:55,饿了么支付-在线支付,,即时单,2025-10-24 17:44:55,14.13,自动出餐,1,否,"新奥尔良烤鸡肉披萨-9英寸(手拍)[{""name"":""规格"",""value"":""9英寸(手拍)""}]（33.90*1）,餐盒（2.00*1）",新奥尔良烤鸡肉披萨,,,,非会员,33,,,依据餐量提供餐具,,33.90,16.42,8.50,0.00,0,0,1.83,0.00,7.40,【活动支出】下单返红包:1.50元+【活动支出】饿了么红包:7.00元+【活动支出】饿了么红包:0.00元+【活动支出】替用户承担配送费:6.0元,-,-,-,2.00,温州区域,温州直营,,,否,-,平台配送
圣比萨·披萨·炸鸡（天河店）,SBM00028,温州,"8032220255909371324	",饿了么,平台外卖,已完成,2025-10-24 18:03:31,2025-10-24 18:03:31,2025-10-24 18:03:31,饿了么支付-在线支付,,即时单,2025-10-24 18:03:31,14.22,自动出餐,1,否,"酸奶多多流心卷边（9英寸）（6.90*1）,缤纷水果披萨-9英寸(手拍)[{""name"":""规格"",""value"":""9英寸(手拍)""}]（33.90*1）,餐盒（2.00*1）",酸奶多多流心卷边9+缤纷水果披萨,,,,非会员,34,,,依据餐量提供餐具,,40.80,19.89,11.00,0.00,0,0,2.16,0.00,7.40,【活动支出】店铺满减:1.00元+【活动支出】首次光顾立减:1.00元+【活动支出】饿了么红包:9.00元+【活动支出】替用户承担配送费:6.0元,-,-,-,2.00,温州区域,温州直营,,,否,-,平台配送
圣比萨·披萨·炸鸡（天河店）,SBM00028,温州,"8026786089776682434	",饿了么,平台外卖,已完成,2025-10-24 18:08:54,2025-10-24 18:08:54,2025-10-24 18:08:55,饿了么支付-在线支付,,即时单,2025-10-24 18:08:54,14.12,自动出餐,1,否,"新奥尔良烤鸡肉披萨-7英寸(手拍)[{""name"":""规格"",""value"":""7英寸(手拍)""}]（25.90*1）,餐盒（2.00*1）",新奥尔良烤鸡肉披萨,,,,非会员,35,,,依据餐量提供餐具,,25.90,13.62,7.50,0.00,0,0,1.43,0.00,4.00,【活动支出】下单返红包:1.50元+【活动支出】饿了么红包:6.00元+【活动支出】替用户承担配送费:4.0元,-,-,-,2.00,温州区域,温州直营,,,否,-,平台配送
圣比萨·披萨·炸鸡（天河店）,SBM00028,温州,"8025090255922121130	",饿了么,平台外卖,已完成,2025-10-24 18:14:09,2025-10-24 18:14:09,2025-10-24 18:14:10,饿了么支付-在线支付,,即时单,2025-10-24 18:14:09,14.17,自动出餐,1,否,"【任选】披萨随心配（40.70*1）,餐盒（2.00*1）",地道肠1根+金沙咸蛋黄嫩鸡披萨(7英寸(手拍))+小可乐,,,,非会员,36,,,1份餐具,,40.70,21.20,11.00,0.00,0,0,2.15,0.00,5.60,【活动支出】店铺满减:1.00元+【活动支出】首次光顾立减:1.00元+【活动支出】饿了么红包:9.00元+【活动支出】替用户承担配送费:5.6元,-,-,-,2.00,温州区域,温州直营,,,否,-,平台配送
圣比萨·披萨·炸鸡（天河店）,SBM00028,温州,"8084916089813646717	",饿了么,平台外卖,已完成,2025-10-24 18:14:34,2025-10-24 18:14:34,2025-10-24 18:14:35,饿了么支付-在线支付,,即时单,2025-10-24 18:14:34,14.03,自动出餐,1,否,"新奥尔良烤鸡肉披萨-7英寸(手拍)[{""name"":""规格"",""value"":""7英寸(手拍)""}]（25.90*1）,餐盒（2.00*1）",新奥尔良烤鸡肉披萨,,,,非会员,37,,,依据餐量提供餐具,,25.90,9.52,7.00,0.00,0,0,1.43,0.00,8.00,【活动支出】首次光顾立减:1.00元+【活动支出】饿了么红包:6.00元+【活动支出】替用户承担配送费:6.0元,-,-,-,2.00,温州区域,温州直营,,,否,-,平台配送
圣比萨·披萨·炸鸡（天河店）,SBM00028,温州,"8054656089820436792	",饿了么,平台外卖,已完成,2025-10-24 18:14:57,2025-10-24 18:14:57,2025-10-24 18:14:57,饿了么支付-在线支付,,即时单,2025-10-24 18:14:57,14.22,自动出餐,1,否,"缤纷水果披萨-7英寸(手拍)[{""name"":""规格"",""value"":""7英寸(手拍)""}]（25.90*1）,餐盒（2.00*1）",缤纷水果披萨,,,,非会员,38,,,依据餐量提供餐具,,25.90,14.12,7.00,0.00,0,0,1.43,0.00,3.50,【活动支出】首次光顾立减:1.00元+【活动支出】饿了么红包:6.00元+【活动支出】替用户承担配送费:3.5元,-,-,-,2.00,温州区域,温州直营,,,否,-,平台配送
圣比萨·披萨·炸鸡（天河店）,SBM00028,温州,"8088756089831423355	",饿了么,平台外卖,已完成,2025-10-24 18:21:51,2025-10-24 18:21:51,2025-10-24 18:21:52,饿了么支付-在线支付,,即时单,2025-10-24 18:21:51,14.03,自动出餐,1,否,"【任选】披萨随心配（31.90*1）,餐盒（2.00*1）",上校鸡块+奶酪芝士披萨(7英寸(手拍))+小雪碧,,,,非会员,39,,,依据餐量提供餐具,,31.90,16.43,8.00,0.00,0,0,1.72,0.00,6.20,【活动支出】首次光顾立减:1.00元+【活动支出】饿了么红包:7.00元+【活动支出】替用户承担配送费:6.0元,-,-,-,2.00,温州区域,温州直营,,,否,-,平台配送
圣比萨·披萨·炸鸡（天河店）,SBM00028,温州,"8037140255929649472	",饿了么,平台外卖,已完成,2025-10-24 18:23:32,2025-10-24 18:23:32,2025-10-24 18:23:32,饿了么支付-在线支付,,即时单,2025-10-24 18:23:32,14.20,自动出餐,1,否,"新奥尔良烤鸡肉披萨-9英寸(手拍)[{""name"":""规格"",""value"":""9英寸(手拍)""}]（33.90*1）,奶酪芝士卷边（9英寸）（6.90*1）,餐盒（2.00*1）",新奥尔良烤鸡肉披萨+奶酪芝士卷边9,,,,非会员,40,,,依据餐量提供餐具,,40.80,23.55,10.50,0.00,0,0,2.20,0.00,3.50,【活动支出】店铺满减:1.00元+【活动支出】下单返红包:1.50元+【活动支出】饿了么红包:8.00元+【活动支出】替用户承担配送费:3.5元,-,-,-,2.00,温州区域,温州直营,,,否,-,平台配送
圣比萨·披萨·炸鸡（天河店）,SBM00028,温州,"8058816089790871853	",饿了么,平台外卖,已完成,2025-10-24 18:29:37,2025-10-24 18:29:37,2025-10-24 18:29:37,饿了么支付-在线支付,,即时单,2025-10-24 18:29:37,14.22,自动出餐,1,否,"红薯薯泥流心卷边（7英寸）（4.90*1）,【随心❤️拼】7英寸双拼披萨（口味自选）[新奥尔良烤鸡肉+日系照烧鸡]（27.90*1）,餐盒（2.00*1）",红薯泥流心卷边7+双拼7寸【奥尔良口味7】+双拼7寸【日系照烧口味7】,,,,非会员,41,,,3份餐具,,32.80,19.06,8.00,0.00,0,0,1.79,0.00,3.50,【活动支出】首次光顾立减:1.00元+【活动支出】饿了么红包:7.00元+【活动支出】替用户承担配送费:3.5元,-,-,-,2.00,温州区域,温州直营,,,否,-,平台配送
圣比萨·披萨·炸鸡（天河店）,SBM00028,温州,"8013050255856447935	",饿了么,平台外卖,已完成,2025-10-24 19:21:21,2025-10-24 19:21:21,2025-10-24 19:21:22,饿了么支付-在线支付,,即时单,2025-10-24 19:21:21,14.18,"初始值, 无意义",1,否,"【随心❤️拼】7英寸双拼披萨（口味自选）[新奥尔良烤鸡肉+新奥尔良烤鸡肉]（27.90*1）,餐盒（2.00*1）",双拼7寸【奥尔良口味7】+双拼7寸【奥尔良口味7】,,,,非会员,42,,,依据餐量提供餐具,,27.90,16.06,7.00,0.00,0,0,1.49,0.00,3.50,【活动支出】首次光顾立减:1.00元+【活动支出】饿了么红包:6.00元+【活动支出】替用户承担配送费:3.5元,-,-,-,2.00,温州区域,温州直营,,,否,-,平台配送
圣比萨·披萨·炸鸡（天河店）,SBM00028,温州,"8016766089854574024	",饿了么,平台外卖,已完成,2025-10-24 19:27:32,2025-10-24 19:27:32,2025-10-24 19:27:33,饿了么支付-在线支付,,即时单,2025-10-24 19:27:32,14.03,自动出餐,1,否,"明星小食桶任选3（14.90*1）,新店开业福利小吃（限一份，多点不送）[上校鸡块2个]（0.20*1）,奶酪芝士卷边（9英寸）（6.90*1）,日系照烧鸡披萨-9英寸(手拍)[{""name"":""规格"",""value"":""9英寸(手拍)""}]（33.90*1）,【任选】一人食盒子披萨随心配（29.90*1）,美式香骨鸡（8.90*1）,餐盒（6.00*1）",深海墨鱼丸(3个)+地道肠1根+上校鸡块+上校鸡块2个+奶酪芝士卷边9+日系照烧鸡披萨+日式烧鸟风味一人食盒子披萨+深海墨鱼丸(3个)+小可乐+美式香骨鸡,,,,非会员,43,,,对骑手 如果我没接到电话就帮我直接放到门卫室外面的桌子上 / 依据餐量提供餐具,,94.70,73.03,5.50,0.00,0,0,6.92,0.00,5.00,【活动支出】店铺满减:4.00元+【活动支出】下单返红包:1.50元+【活动支出】替用户承担配送费:5.0元,-,-,-,6.00,温州区域,温州直营,,,否,-,平台配送
圣比萨·披萨·炸鸡（天河店）,SBM00028,温州,"8028866089866714465	",饿了么,平台外卖,已完成,2025-10-24 19:28:11,2025-10-24 19:28:11,2025-10-24 19:28:12,饿了么支付-在线支付,,即时单,2025-10-24 19:28:11,14.03,自动出餐,1,否,"新店开业福利小吃（限一份，多点不送）[墨鱼丸1个]（0.20*1）,地道肠（5.90*1）,蛋挞一个（3.90*1）,【随心❤️拼】7英寸双拼披萨（口味自选）[新奥尔良烤鸡肉+碳烤鸡肉培根]（27.90*1）,餐盒（3.00*1）",深海墨鱼丸1个+地道肠1根+蛋挞1个+双拼7寸【奥尔良口味7】+双拼7寸【碳烤鸡肉培根口味7】,,,,非会员,44,,,依据餐量提供餐具,,37.90,20.52,10.91,0.00,0,0,2.02,0.00,5.00,【活动支出】店铺满减:1.00元+【活动支出】首次光顾立减:1.00元+【活动支出】单品特价:1.91元+【活动支出】饿了么红包:7.00元+【活动支出】替用户承担配送费:5.0元,-,-,-,3.00,温州区域,温州直营,,,否,-,平台配送
圣比萨·披萨·炸鸡（天河店）,SBM00028,温州,"8046546089856006535	",饿了么,平台外卖,已完成,2025-10-24 19:45:44,2025-10-24 19:45:44,2025-10-24 19:45:44,饿了么支付-在线支付,,即时单,2025-10-24 19:45:44,14.18,自动出餐,1,否,"【随心❤️拼】7英寸双拼披萨（口味自选）[浪漫威尼斯+新奥尔良烤鸡肉]（27.90*1）,奶酪芝士卷边（7英寸）（4.90*1）,餐盒（2.00*1）",双拼7寸【浪漫威尼斯口味7】+双拼7寸【奥尔良口味7】+奶酪芝士卷边7,,,,非会员,45,,,依据餐量提供餐具,,32.80,19.06,8.00,0.00,0,0,1.79,0.00,3.50,【活动支出】首次光顾立减:1.00元+【活动支出】饿了么红包:7.00元+【活动支出】替用户承担配送费:3.5元,-,-,-,2.00,温州区域,温州直营,,,否,-,平台配送
圣比萨·披萨·炸鸡（天河店）,SBM00028,温州,"8037896089886462454	",饿了么,平台外卖,已完成,2025-10-24 20:09:07,2025-10-24 20:09:07,2025-10-24 20:09:07,饿了么支付-在线支付,,即时单,2025-10-24 20:09:07,14.15,自动出餐,1,否,"奥尔良烤翅（8.90*1）,雪碧[冷]（5.00*1）,新店开业福利小吃（限一份，多点不送）[墨鱼丸1个]（0.20*1）,咸蛋黄风味流心卷边（9英寸）（6.90*1）,蛋挞一个（3.90*1）,【随心❤️拼】9英寸双拼披萨（口味自选）[新奥尔良烤鸡肉+日系照烧鸡]（37.90*1）,餐盒（3.00*1）",奥尔良烤翅+小雪碧+深海墨鱼丸1个+咸蛋黄流沙卷边9+蛋挞1个+双拼9寸【奥尔良口味9】+双拼9寸【日系照烧口味9】,,,,非会员,46,,,依据餐量提供餐具,,62.80,38.40,12.91,0.00,0,0,3.74,0.00,6.20,【活动支出】店铺满减:2.00元+【活动支出】首次光顾立减:1.00元+【活动支出】单品特价:1.91元+【活动支出】饿了么红包:8.00元+【活动支出】替用户承担配送费:6.0元,-,-,-,3.00,温州区域,温州直营,,,否,-,平台配送
圣比萨·披萨·炸鸡（天河店）,SBM00028,温州,"8063736089886504267	",饿了么,平台外卖,已完成,2025-10-24 20:14:49,2025-10-24 20:14:49,2025-10-24 20:14:49,饿了么支付-在线支付,,即时单,2025-10-24 20:14:49,14.03,自动出餐,1,否,"新奥尔良烤鸡肉披萨-7英寸(手拍)[{""name"":""规格"",""value"":""7英寸(手拍)""}]（25.90*1）,奶酪芝士卷边（7英寸）（4.90*1）,餐盒（2.00*1）",新奥尔良烤鸡肉披萨+奶酪芝士卷边7,,,,非会员,47,,,依据餐量提供餐具,,30.80,18.14,7.00,0.00,0,0,1.71,0.00,3.50,【活动支出】首次光顾立减:1.00元+【活动支出】饿了么红包:6.00元+【活动支出】替用户承担配送费:3.5元,-,-,-,2.00,温州区域,温州直营,,,否,-,平台配送
圣比萨·披萨·炸鸡（天河店）,SBM00028,温州,"8077746089889820995	",饿了么,平台外卖,已完成,2025-10-24 20:20:40,2025-10-24 20:20:40,2025-10-24 20:20:40,饿了么支付-在线支付,,即时单,2025-10-24 20:20:40,14.18,自动出餐,1,否,"【任选】买一送一7英寸披萨（48.80*1）,新店开业福利小吃（限一份，多点不送）[上校鸡块2个]（0.20*1）,蛋挞一个（3.90*1）,餐盒（2.00*1）",星星炸鸡披萨(7英寸(手拍))+新奥尔良烤鸡肉披萨(7英寸(手拍))+上校鸡块2个+蛋挞1个,,,,非会员,48,,,依据餐量提供餐具,,52.90,29.52,12.91,0.00,0,0,2.92,0.00,6.20,【活动支出】店铺满减:1.00元+【活动支出】首次光顾立减:1.00元+【活动支出】单品特价:1.91元+【活动支出】饿了么红包:9.00元+【活动支出】替用户承担配送费:6.0元,-,-,-,2.00,温州区域,温州直营,,,否,-,平台配送
圣比萨·披萨·炸鸡（天河店）,SBM00028,温州,"8045240255993662727	",饿了么,平台外卖,已完成,2025-10-24 20:37:54,2025-10-24 20:37:54,2025-10-24 20:37:54,饿了么支付-在线支付,,即时单,2025-10-24 20:37:54,13.22,自动出餐,1,否,"【任选】披萨随心配（36.80*1）,餐盒（2.00*1）",地道肠1根+缤纷水果披萨(7英寸(手拍))+小可乐,,,,非会员,49,,,2份餐具,,36.80,21.24,9.00,0.00,0,0,2.01,0.00,3.50,【活动支出】店铺满减:1.00元+【活动支出】首次光顾立减:1.00元+【活动支出】饿了么红包:7.00元+【活动支出】替用户承担配送费:3.5元,-,-,-,2.00,温州区域,温州直营,,,否,-,平台配送
圣比萨·披萨·炸鸡（天河店）,SBM00028,温州,"8093746089866210713	",饿了么,平台外卖,已完成,2025-10-24 20:51:04,2025-10-24 20:51:04,2025-10-24 20:51:04,饿了么支付-在线支付,,即时单,2025-10-24 20:51:04,13.22,自动出餐,1,否,"奥尔良烤翅（8.90*1）,【任选】一人食盒子披萨随心配（29.90*1）,餐盒（3.00*1）",奥尔良烤翅+日式烧鸟风味一人食盒子披萨+深海墨鱼丸(3个)+小可乐,,,,非会员,50,,,依据餐量提供餐具,,38.80,24.34,8.00,0.00,0,0,2.31,0.00,3.50,【活动支出】店铺满减:1.00元+【活动支出】首次光顾立减:1.00元+【活动支出】饿了么红包:6.00元+【活动支出】替用户承担配送费:3.5元,-,-,-,3.00,温州区域,温州直营,,,否,-,平台配送
圣比萨·披萨·炸鸡（天河店）,SBM00028,温州,"8027576089904659918	",饿了么,平台外卖,已完成,2025-10-24 21:11:26,2025-10-24 21:11:26,2025-10-24 21:11:26,饿了么支付-在线支付,,即时单,2025-10-24 21:11:26,13.08,自动出餐,1,否,"榴莲王披萨-9英寸(手拍)[{""name"":""规格"",""value"":""9英寸(手拍)""}]（43.90*1）,餐盒（2.00*1）",榴莲王披萨,,,,非会员,51,,,到了放六楼门口就好了，楼下门可以直接开，到了不用打电话 / 无需餐具,,43.90,23.98,10.00,0.00,0,0,2.47,0.00,8.30,【活动支出】店铺满减:1.00元+【活动支出】首次光顾立减:1.00元+【活动支出】饿了么红包:8.00元+【活动支出】替用户承担配送费:6.0元,-,-,-,2.00,温州区域,温州直营,,,否,-,平台配送
圣比萨（垟田店）,SBM00026,温州,"8073450255698174407	",饿了么,平台外卖,已完成,2025-10-24 11:02:11,2025-10-24 11:02:11,2025-10-24 11:02:11,饿了么支付-在线支付,,即时单,2025-10-24 11:02:11,8.30,手动出餐,1,否,"【随心拼】7英寸披萨(口味自选）[培根鸡肉+圣比至尊]（54.00*1）,台式香烤地道肠（7.50*1）,餐盒（2.00*1）",双拼7寸【碳烤鸡肉培根口味7】+双拼7寸【圣比招牌口味7】+地道肠1根,,,,非会员,1,,,无需餐具,,61.50,16.37,39.61,0.00,0,0,1.57,0.00,3.50,【活动支出】单品特价:27.10元+【活动支出】单品特价:5.51元+【活动支出】CPS商户叠加券:0.00元+【活动支出】饿了么红包:7.00元+【活动支出】替用户承担配送费:3.5元,-,-,-,2.00,温州区域,温州加盟,,,否,-,平台配送
圣比萨（垟田店）,SBM00026,温州,"8016886089605046751	",饿了么,平台外卖,已完成,2025-10-24 11:44:05,2025-10-24 11:44:05,2025-10-24 11:44:05,饿了么支付-在线支付,,即时单,2025-10-24 11:44:05,10.63,手动出餐,1,否,"新奥尔良烤鸡肉披萨7寸-单点[{""name"":""规格"",""value"":""单点""}]（22.00*1）",新奥尔良烤鸡肉披萨【7英寸(手拍)】,,,,非会员,2,,,3份餐具,,22.00,12.00,0.00,0.00,0,0,0.00,0.00,,【活动支出】拼团反圈活动:0.00元,-,-,-,0.00,温州区域,温州加盟,,,否,-,平台配送
圣比萨（垟田店）,SBM00026,温州,"8094390255763616167	",饿了么,平台外卖,已完成,2025-10-24 12:05:30,2025-10-24 12:05:30,2025-10-24 12:05:30,饿了么支付-在线支付,,预约单,2025-10-24 12:55:00,4.52,自动出餐,1,否,"纯芝士披萨7英寸[7英寸]（42.00*1）,餐盒（2.00*1）",金牌芝士披萨【7英寸(手拍)】,,,,非会员,3,,,依据餐量提供餐具,,42.00,10.12,27.10,0.00,0,0,1.43,0.00,3.50,【活动支出】单品特价:20.10元+【活动支出】 商家自营销加码:2.00元+【活动支出】CPS商户叠加券:0.00元+【活动支出】饿了么红包:5.00元+【活动支出】替用户承担配送费:3.5元,-,-,-,2.00,温州区域,温州加盟,,,否,-,平台配送
圣比萨（垟田店）,SBM00026,温州,"8066606089643193833	",饿了么,平台外卖,已完成,2025-10-24 12:06:56,2025-10-24 12:06:56,2025-10-24 12:06:56,饿了么支付-在线支付,,即时单,2025-10-24 12:06:56,8.27,手动出餐,1,否,"纯芝士披萨7英寸[7英寸]（42.00*1）,台式香烤地道肠（7.50*1）,餐盒（3.00*1）",金牌芝士披萨【7英寸(手拍)】+地道肠1根,,,,非会员,4,,,依据餐量提供餐具,,49.50,8.51,32.61,0.00,0,0,1.43,0.00,9.30,【活动支出】单品特价:20.10元+【活动支出】单品特价:5.51元+【活动支出】超级会员专享红包:5.00元+【活动支出】 商家自营销加码:2.00元+【活动支出】替用户承担配送费:6.0元,-,-,-,3.00,温州区域,温州加盟,,,否,-,平台配送
圣比萨（垟田店）,SBM00026,温州,"8087330255790811497	",饿了么,平台外卖,已完成,2025-10-24 12:46:57,2025-10-24 12:46:57,2025-10-24 12:46:57,饿了么支付-在线支付,,即时单,2025-10-24 12:46:57,9.90,手动出餐,1,否,"【随心拼】7英寸披萨(口味自选）[培根鸡肉+水果]（54.00*1）,餐盒（1.00*1）",双拼7寸【碳烤鸡肉培根口味7】+双拼7寸【缤纷水果口味7】,,,,非会员,5,,,依据餐量提供餐具,,54.00,14.12,34.10,0.00,0,0,1.43,0.00,3.50,【活动支出】单品特价:27.10元+【活动支出】 商家自营销加码:2.00元+【活动支出】饿了么红包:5.00元+【活动支出】替用户承担配送费:3.5元,-,-,-,1.00,温州区域,温州加盟,,,否,-,平台配送
圣比萨（垟田店）,SBM00026,温州,"8072836089677488618	",饿了么,平台外卖,已完成,2025-10-24 12:57:43,2025-10-24 12:57:43,2025-10-24 12:57:44,饿了么支付-在线支付,,即时单,2025-10-24 12:57:43,11.13,手动出餐,1,否,"鲜虾菠萝披萨-9寸(经典手拍)[{""name"":""规格"",""value"":""9寸(经典手拍)""}]（78.00*1）,餐盒（2.00*1）",鲜虾菠萝披萨,,,,非会员,6,,,依据餐量提供餐具,,78.00,28.46,41.10,0.00,0,0,2.69,0.00,3.50,【活动支出】店铺满减:1.00元+【活动支出】单品特价:32.10元+【活动支出】饿了么红包:8.00元+【活动支出】淘金币:0.00元+【活动支出】替用户承担配送费:3.5元,-,-,-,2.00,温州区域,温州加盟,,,否,-,平台配送
圣比萨（垟田店）,SBM00026,温州,"8001966089723318698	",饿了么,平台外卖,已完成,2025-10-24 14:20:49,2025-10-24 14:20:49,2025-10-24 14:20:49,饿了么支付-在线支付,,即时单,2025-10-24 14:20:49,10.02,自动出餐,1,否,"【随心拼】7英寸披萨(口味自选）[圣比至尊+水果]（54.00*1）,酸奶多多流心卷边（7英寸）（4.90*1）,餐盒（1.00*1）",双拼7寸【圣比招牌口味7】+双拼7寸【缤纷水果口味7】,,,,非会员,7,,,依据餐量提供餐具,,58.90,18.14,34.10,0.00,0,0,1.71,0.00,3.50,【活动支出】单品特价:27.10元+【活动支出】CPS商户叠加券:0.00元+【活动支出】饿了么红包:7.00元+【活动支出】替用户承担配送费:3.5元,-,-,-,1.00,温州区域,温州加盟,,,否,-,平台配送
圣比萨（垟田店）,SBM00026,温州,"8026976089709276640	",饿了么,平台外卖,已完成,2025-10-24 15:45:36,2025-10-24 15:45:36,2025-10-24 15:45:36,饿了么支付-在线支付,,即时单,2025-10-24 15:45:36,10.13,自动出餐,1,否,7寸日系照烧鸡披萨-单点（22.00*1）,日系照烧鸡披萨【7英寸(手拍)】,,,,非会员,8,,,依据餐量提供餐具,,22.00,12.00,0.00,0.00,0,0,0.00,0.00,,【活动支出】拼团反圈活动:0.00元,-,-,-,0.00,温州区域,温州加盟,,,否,-,平台配送
圣比萨（垟田店）,SBM00026,温州,"8011906089747431830	",饿了么,平台外卖,已完成,2025-10-24 16:30:38,2025-10-24 16:30:38,2025-10-24 16:30:38,饿了么支付-在线支付,,即时单,2025-10-24 16:30:38,7.83,手动出餐,1,否,"【随心拼】7英寸披萨(口味自选）[圣比至尊+奥尔良]（54.00*1）,餐盒（1.00*1）",双拼7寸【圣比招牌口味7】+双拼7寸【奥尔良口味7】,,,,非会员,9,,,放门口窗台 / 依据餐量提供餐具,,54.00,14.12,34.10,0.00,0,0,1.43,0.00,3.50,【活动支出】单品特价:27.10元+【活动支出】饿了么红包:7.00元+【活动支出】淘金币:0.00元+【活动支出】替用户承担配送费:3.5元,-,-,-,1.00,温州区域,温州加盟,,,否,-,平台配送
圣比萨（垟田店）,SBM00026,温州,"8057666089773894965	",饿了么,平台外卖,已完成,2025-10-24 16:42:34,2025-10-24 16:42:34,2025-10-24 16:42:34,饿了么支付-在线支付,,即时单,2025-10-24 16:42:34,10.08,自动出餐,1,否,"奶酪芝士卷边（7英寸）（4.90*1）,7英寸披萨买一送一[缤纷水果披萨7英寸+碳烤鸡肉培根7英寸]（86.80*1）,红薯薯泥流心卷边（7英寸）（4.90*1）",缤纷水果披萨【7英寸(手拍)】+碳烤鸡肉培根披萨【7英寸(手拍)】,,,,非会员,10,,,依据餐量提供餐具,,96.60,33.73,49.40,0.00,0,0,3.32,0.00,6.20,【活动支出】单品特价:49.40元+【活动支出】替用户承担配送费:6.0元,-,-,-,0.00,温州区域,温州加盟,,,否,-,平台配送
圣比萨（垟田店）,SBM00026,温州,"8005566089745162557	",饿了么,平台外卖,已完成,2025-10-24 17:20:49,2025-10-24 17:20:49,2025-10-24 17:20:49,饿了么支付-在线支付,,即时单,2025-10-24 17:20:49,9.75,手动出餐,1,否,"奥尔良烤鸡肉披萨-7寸(经典手拍)[{""name"":""规格"",""value"":""7寸(经典手拍)""}]（45.00*1）,餐盒（2.00*1）",新奥尔良烤鸡肉披萨,,,,非会员,11,,,有问题请打13857770244 / 依据餐量提供餐具,,45.00,8.12,32.10,0.00,0,0,1.43,0.00,4.00,【活动支出】单品特价:21.10元+【活动支出】 商家自营销加码:2.00元+【活动支出】订单集点返红包:4.00元+【活动支出】饿了么红包:5.00元+【活动支出】替用户承担配送费:4.0元,-,-,-,2.00,温州区域,温州加盟,,,否,-,平台配送
圣比萨（垟田店）,SBM00026,温州,"8081280255898112439	",饿了么,平台外卖,已完成,2025-10-24 17:35:20,2025-10-24 17:35:20,2025-10-24 17:35:20,饿了么支付-在线支付,,即时单,2025-10-24 17:35:20,11.00,手动出餐,1,否,"海苔肉松披萨-9英寸[{""name"":""规格"",""value"":""9英寸""}]（78.00*1）,餐盒（2.00*1）",海苔肉松披萨,,,,非会员,12,,,依据餐量提供餐具,,78.00,24.43,46.10,0.00,0,0,2.32,0.00,3.50,【活动支出】店铺满减:1.00元+【活动支出】单品特价:38.10元+【活动支出】 商家自营销加码:2.00元+【活动支出】饿了么红包:5.00元+【活动支出】替用户承担配送费:3.5元,-,-,-,2.00,温州区域,温州加盟,,,否,-,平台配送
圣比萨（垟田店）,SBM00026,温州,"8008230255794664808	",饿了么,平台外卖,已完成,2025-10-24 17:36:27,2025-10-24 17:36:27,2025-10-24 17:36:27,饿了么支付-在线支付,,即时单,2025-10-24 17:36:27,11.02,手动出餐,1,否,"芝士焗饭一人食套餐[碳烤鸡肉芝士焗饭+上校鸡块4个+小可乐]（61.00*1）,餐盒（2.00*1）",碳烤鸡肉芝士焗饭+上校鸡块+小可乐,,,,非会员,13,,,依据餐量提供餐具,,61.00,19.16,36.10,0.00,0,0,1.79,0.00,3.50,【活动支出】单品特价:29.10元+【活动支出】 商家自营销加码:2.00元+【活动支出】CPS商户叠加券:0.00元+【活动支出】饿了么红包:5.00元+【活动支出】替用户承担配送费:3.5元,-,-,-,2.00,温州区域,温州加盟,,,否,-,平台配送
圣比萨（垟田店）,SBM00026,温州,"8027766089761921483	",饿了么,平台外卖,已完成,2025-10-24 17:50:51,2025-10-24 17:50:51,2025-10-24 17:50:52,饿了么支付-在线支付,,即时单,2025-10-24 17:50:51,8.15,手动出餐,1,否,新奥尔良烤鸡肉披萨7寸-单点（22.00*1）,新奥尔良烤鸡肉披萨【7英寸(手拍)】,,,,非会员,14,,,"不要辣
不要辣
不要辣
一点不要辣 / 依据餐量提供餐具",,22.00,12.00,0.00,0.00,0,0,0.00,0.00,,【活动支出】拼团反圈活动:0.00元,-,-,-,0.00,温州区域,温州加盟,,,否,-,平台配送
圣比萨（垟田店）,SBM00026,温州,"8057896089844369820	",饿了么,平台外卖,已完成,2025-10-24 18:53:16,2025-10-24 18:53:16,2025-10-24 18:53:16,饿了么支付-在线支付,,即时单,2025-10-24 18:53:16,9.62,手动出餐,1,否,新奥尔良烤鸡肉披萨7寸-单点（22.00*1）,新奥尔良烤鸡肉披萨【7英寸(手拍)】,,,,非会员,15,,,1份餐具,,22.00,12.00,0.00,0.00,0,0,0.00,0.00,,【活动支出】拼团反圈活动:0.00元,-,-,-,0.00,温州区域,温州加盟,,,否,-,平台配送
圣比萨（垟田店）,SBM00026,温州,"8019816089886954876	",饿了么,平台外卖,已完成,2025-10-24 20:55:01,2025-10-24 20:55:01,2025-10-24 20:55:01,饿了么支付-在线支付,,即时单,2025-10-24 20:55:01,9.00,手动出餐,1,否,"奥尔良烤鸡肉披萨-7寸(经典手拍)[{""name"":""规格"",""value"":""7寸(经典手拍)""}]（45.00*1）,餐盒（2.00*1）",新奥尔良烤鸡肉披萨,,,,非会员,16,,,依据餐量提供餐具,,45.00,12.12,28.10,0.00,0,0,1.43,0.00,3.50,【活动支出】单品特价:21.10元+【活动支出】饿了么红包:7.00元+【活动支出】替用户承担配送费:3.5元,-,-,-,2.00,温州区域,温州加盟,,,否,-,平台配送
圣比萨（垟田店）,SBM00026,温州,"8067330256025793837	",饿了么,平台外卖,已完成,2025-10-24 22:08:06,2025-10-24 22:08:06,2025-10-24 22:08:06,饿了么支付-在线支付,,即时单,2025-10-24 22:08:06,8.48,手动出餐,1,否,"碳烤鸡肉培根披萨-7寸(经典手拍)[{""name"":""规格"",""value"":""7寸(经典手拍)""}]（45.00*1）,餐盒（2.00*1）",碳烤鸡肉培根披萨,,,,非会员,17,,,40分钟内送到 / 依据餐量提供餐具,,45.00,14.62,25.10,0.00,0,0,1.43,0.00,5.60,【活动支出】单品特价:16.10元+【活动支出】粉丝群:2.00元+【活动支出】饿了么红包:7.00元+【活动支出】替用户承担配送费:5.6元,-,-,-,2.00,温州区域,温州加盟,,,否,-,平台配送
圣比萨（垟田店）,SBM00026,温州,"8048440256014210323	",饿了么,平台外卖,已完成,2025-10-24 22:09:29,2025-10-24 22:09:29,2025-10-24 22:09:29,饿了么支付-在线支付,,即时单,2025-10-24 22:09:29,10.03,自动出餐,1,否,"新奥尔良烤鸡肉披萨7寸-单点[{""name"":""规格"",""value"":""单点""}]（22.00*1）",新奥尔良烤鸡肉披萨【7英寸(手拍)】,,,,非会员,18,,,依据餐量提供,,22.00,12.00,0.00,0.00,0,0,0.00,0.00,,【活动支出】拼团反圈活动:0.00元,-,-,-,0.00,温州区域,温州加盟,,,否,-,平台配送
圣比萨（平阳水头店）,SBM00029,温州,"8040966089551566193	",饿了么,平台外卖,已完成,2025-10-24 10:30:36,2025-10-24 10:30:36,2025-10-24 10:30:37,饿了么支付-在线支付,,即时单,2025-10-24 10:30:36,22.20,手动出餐,1,否,"蛋挞一个（原味）（5.90*1）,个人独享DIY套餐[7寸牛肉披萨+蛋挞一对+可乐小杯]（68.00*1）,餐盒（2.50*1）",蛋挞1个+炙热牛魔王披萨【7英寸(手拍)】+小可乐,,,,非会员,1,,,依据餐量提供餐具,,73.90,19.21,47.30,0.00,0,0,2.74,0.00,3.50,【活动支出】单品特价:5.80元+【活动支出】店铺满减:1.00元+【活动支出】单品特价:31.50元+【活动支出】CPS商户叠加券:0.00元+【活动支出】饿了么红包:9.00元+【活动支出】替用户承担配送费:3.5元,-,-,-,2.50,温州区域,温州加盟,,,否,-,平台配送
圣比萨（平阳水头店）,SBM00029,温州,"8098826089598350687	",饿了么,平台外卖,已完成,2025-10-24 10:58:04,2025-10-24 10:58:04,2025-10-24 10:58:04,饿了么支付-在线支付,,即时单,2025-10-24 10:58:04,9.18,被动出餐,1,否,"奥尔良烤鸡肉披萨-7寸[{""name"":""规格"",""value"":""7寸""}]（45.00*1）,餐盒（1.00*1）",新奥尔良烤鸡肉披萨,,,,非会员,2,,,依据餐量提供餐具,,45.00,12.78,26.10,0.00,0,0,1.77,0.00,3.50,【活动支出】单品特价:19.10元+【活动支出】饿了么红包:7.00元+【活动支出】替用户承担配送费:3.5元,-,-,-,1.00,温州区域,温州加盟,,,否,-,平台配送
圣比萨（平阳水头店）,SBM00029,温州,"8076410255781427507	",饿了么,平台外卖,已完成,2025-10-24 10:59:34,2025-10-24 10:59:34,2025-10-24 10:59:35,饿了么支付-在线支付,,即时单,2025-10-24 10:59:34,11.58,手动出餐,1,否,"奥尔良烤鸡肉披萨-7寸[{""name"":""规格"",""value"":""7寸""}]（45.00*1）,餐盒（1.00*1）",新奥尔良烤鸡肉披萨,,,,非会员,3,,,无需餐具,,45.00,7.79,28.10,0.00,0,0,1.56,0.00,6.80,【活动支出】单品特价:19.10元+【活动支出】粉丝群:2.00元+【活动支出】饿了么红包:7.00元+【活动支出】替用户承担配送费:6.0元,-,-,-,1.00,温州区域,温州加盟,,,否,-,平台配送
圣比萨（平阳水头店）,SBM00029,温州,"8047160255792829707	",饿了么,平台外卖,已完成,2025-10-24 11:11:50,2025-10-24 11:11:50,2025-10-24 11:11:51,饿了么支付-在线支付,,即时单,2025-10-24 11:11:50,42.28,被动出餐,1,否,"奥尔良烤鸡肉披萨-7寸[{""name"":""规格"",""value"":""7寸""}]（45.00*1）,餐盒（1.00*1）",新奥尔良烤鸡肉披萨,,,,非会员,4,,,依据餐量提供餐具,,45.00,11.88,26.10,0.00,0,0,1.77,0.00,4.50,【活动支出】单品特价:19.10元+【活动支出】饿了么红包:7.00元+【活动支出】替用户承担配送费:4.5元,-,-,-,1.00,温州区域,温州加盟,,,否,-,平台配送
圣比萨（平阳水头店）,SBM00029,温州,"8091926089622665707	",饿了么,平台外卖,已完成,2025-10-24 11:45:45,2025-10-24 11:45:45,2025-10-24 11:45:45,饿了么支付-在线支付,,即时单,2025-10-24 11:45:45,21.55,被动出餐,1,否,"缤纷水果披萨-7寸[{""name"":""规格"",""value"":""7寸""}]（42.00*1）,餐盒（2.00*1）",缤纷水果披萨,,,,非会员,5,,,2份餐具,,42.00,13.67,23.10,0.00,0,0,1.88,0.00,3.50,【活动支出】单品特价:18.10元+【活动支出】饿了么红包:5.00元+【活动支出】替用户承担配送费:3.5元,-,-,-,2.00,温州区域,温州加盟,,,否,-,平台配送
圣比萨（平阳水头店）,SBM00029,温州,"8042030255754310035	",饿了么,平台外卖,已完成,2025-10-24 11:57:37,2025-10-24 11:57:37,2025-10-24 11:57:37,饿了么支付-在线支付,,即时单,2025-10-24 11:57:37,11.65,手动出餐,1,否,"番茄牛肉意面（23.90*1）,餐盒（1.00*1）",番茄牛肉意面,,,,非会员,6,,,依据餐量提供餐具,,23.90,10.99,7.00,0.00,0,0,1.56,0.00,3.50,【活动支出】 商家自营销加码:2.00元+【活动支出】CPS商户叠加券:0.00元+【活动支出】饿了么红包:5.00元+【活动支出】替用户承担配送费:3.5元,-,-,-,1.00,温州区域,温州加盟,,,否,-,平台配送
圣比萨（平阳水头店）,SBM00029,温州,"8099260255804722665	",饿了么,平台外卖,已完成,2025-10-24 13:17:36,2025-10-24 13:17:36,2025-10-24 13:17:36,饿了么支付-在线支付,,即时单,2025-10-24 13:17:36,14.20,手动出餐,1,否,"蛋挞一个（原味）（5.90*1）,牛肉至尊披萨-7寸[{""name"":""规格"",""value"":""7寸""}]（45.00*1）,餐盒（1.50*1）",蛋挞1个+炙热牛魔王披萨,,,,非会员,7,,,放门内不要打电话 / 依据餐量提供餐具,,50.90,13.31,31.90,0.00,0,0,1.84,0.00,4.00,【活动支出】单品特价:5.80元+【活动支出】单品特价:19.10元+【活动支出】 商家自营销加码:2.00元+【活动支出】CPS商户叠加券:0.00元+【活动支出】饿了么红包:5.00元+【活动支出】替用户承担配送费:4.0元,-,-,-,1.50,温州区域,温州加盟,,,否,-,平台配送
圣比萨（平阳水头店）,SBM00029,温州,"8090280255814459676	",饿了么,平台外卖,已完成,2025-10-24 14:10:08,2025-10-24 14:10:08,2025-10-24 14:10:08,饿了么支付-在线支付,,即时单,2025-10-24 14:10:08,20.90,手动出餐,1,否,"缤纷水果披萨-7寸[{""name"":""规格"",""value"":""7寸""}]（42.00*1）,餐盒（2.00*1）",缤纷水果披萨,,,,非会员,8,,,依据餐量提供餐具,,42.00,11.88,25.10,0.00,0,0,1.67,0.00,3.50,【活动支出】单品特价:18.10元+【活动支出】粉丝群:2.00元+【活动支出】饿了么红包:5.00元+【活动支出】替用户承担配送费:3.5元,-,-,-,2.00,温州区域,温州加盟,,,否,-,平台配送
圣比萨（平阳水头店）,SBM00029,温州,"8045816089750233429	",饿了么,平台外卖,已完成,2025-10-24 16:34:27,2025-10-24 16:34:27,2025-10-24 16:34:28,饿了么支付-在线支付,,预约单,2025-10-24 17:30:00,69.58,被动出餐,1,否,"碳烤鸡肉培根披萨-7寸[{""name"":""规格"",""value"":""7寸""}]（45.00*1）,餐盒（1.00*1）",碳烤鸡肉培根披萨,,,,非会员,9,,,麻烦放五楼电梯门口货架上感谢 / 依据餐量提供餐具,,45.00,12.78,26.10,0.00,0,0,1.77,0.00,3.50,【活动支出】单品特价:19.10元+【活动支出】饿了么红包:7.00元+【活动支出】替用户承担配送费:3.5元,-,-,-,1.00,温州区域,温州加盟,,,否,-,平台配送
圣比萨（平阳水头店）,SBM00029,温州,"8051696089720374585	",饿了么,平台外卖,已完成,2025-10-24 16:35:17,2025-10-24 16:35:17,2025-10-24 16:35:17,饿了么支付-在线支付,,即时单,2025-10-24 16:35:17,46.10,被动出餐,1,否,"芝士边（12.00*1）,奥尔良烤鸡肉披萨-7寸[{""name"":""规格"",""value"":""7寸""}]（45.00*1）,可乐[冷]（5.00*1）,餐盒（1.00*1）",新奥尔良烤鸡肉披萨+可乐,,,,非会员,10,,,1份餐具,,62.00,22.58,28.12,0.00,0,0,3.35,0.00,6.20,【活动支出】店铺满减:1.00元+【活动支出】单品特价:19.10元+【活动支出】单品特价:0.02元+【活动支出】 商家自营销加码:0.00元+【活动支出】饿了么红包:8.00元+【活动支出】替用户承担配送费:6.0元,-,-,-,1.00,温州区域,温州加盟,,,否,-,平台配送
圣比萨（平阳水头店）,SBM00029,温州,"8023876089756288406	",饿了么,平台外卖,已完成,2025-10-24 16:38:10,2025-10-24 16:38:10,2025-10-24 16:38:10,饿了么支付-在线支付,,即时单,2025-10-24 16:38:10,34.72,被动出餐,1,否,新奥尔良烤鸡肉披萨7寸-单点（22.00*1）,新奥尔良烤鸡肉披萨【7英寸(手拍)】,,,,非会员,11,,,依据餐量提供餐具,,22.00,12.00,0.00,0.00,0,0,0.00,0.00,,【活动支出】拼团反圈活动:0.00元,-,-,-,0.00,温州区域,温州加盟,,,否,-,平台配送
圣比萨（平阳水头店）,SBM00029,温州,"8071626089772753337	",饿了么,平台外卖,已完成,2025-10-24 16:38:32,2025-10-24 16:38:32,2025-10-24 16:38:32,饿了么支付-在线支付,,即时单,2025-10-24 16:38:32,36.62,被动出餐,1,否,"【任选】披萨随心配（39.70*1）,餐盒（1.00*1）",盐酥鸡粒+港式奶茶+星星炸鸡披萨(7英寸(手拍)),,,,非会员,12,,,1份餐具,,39.70,22.14,9.00,0.00,0,0,3.01,0.00,3.50,【活动支出】店铺满减:1.00元+【活动支出】饿了么红包:8.00元+【活动支出】替用户承担配送费:3.5元,-,-,-,1.00,温州区域,温州加盟,,,否,-,平台配送
圣比萨（平阳水头店）,SBM00029,温州,"8051100255953767918	",饿了么,平台外卖,已完成,2025-10-24 16:45:05,2025-10-24 16:45:05,2025-10-24 16:45:06,饿了么支付-在线支付,,即时单,2025-10-24 16:45:05,24.82,被动出餐,1,否,"奥尔良烤鸡肉披萨-9寸[{""name"":""规格"",""value"":""9寸""}]（73.00*1）,餐盒（1.00*1）",新奥尔良烤鸡肉披萨,,,,非会员,13,,,依据餐量提供餐具,,73.00,22.32,42.10,0.00,0,0,3.03,0.00,3.50,【活动支出】店铺满减:1.00元+【活动支出】单品特价:33.10元+【活动支出】饿了么红包:8.00元+【活动支出】替用户承担配送费:3.5元,-,-,-,1.00,温州区域,温州加盟,,,否,-,平台配送
圣比萨（平阳水头店）,SBM00029,温州,"8089636089757441329	",饿了么,平台外卖,已完成,2025-10-24 16:53:07,2025-10-24 16:53:07,2025-10-24 16:53:08,饿了么支付-在线支付,,即时单,2025-10-24 16:53:07,22.30,手动出餐,1,否,"上校鸡块（4.90*1）,奥尔良烤鸡肉披萨-9寸[{""name"":""规格"",""value"":""9寸""}]（73.00*1）,餐盒（2.00*1）",上校鸡块+新奥尔良烤鸡肉披萨,,,,非会员,14,,,2份餐具,,77.90,26.10,43.10,0.00,0,0,3.55,0.00,3.50,【活动支出】店铺满减:1.00元+【活动支出】单品特价:33.10元+【活动支出】饿了么红包:9.00元+【活动支出】替用户承担配送费:3.5元,-,-,-,2.00,温州区域,温州加盟,,,否,-,平台配送
圣比萨（平阳水头店）,SBM00029,温州,"8040220255956258193	",饿了么,平台外卖,已完成,2025-10-24 16:53:28,2025-10-24 16:53:28,2025-10-24 16:53:28,饿了么支付-在线支付,,即时单,2025-10-24 16:53:28,24.47,手动出餐,1,否,"奥尔良烤鸡肉披萨-7寸[{""name"":""规格"",""value"":""7寸""}]（45.00*1）,餐盒（1.00*1）",新奥尔良烤鸡肉披萨,,,,非会员,15,,,依据餐量提供餐具,,45.00,10.99,28.10,0.00,0,0,1.56,0.00,3.50,【活动支出】单品特价:19.10元+【活动支出】粉丝群:2.00元+【活动支出】饿了么红包:7.00元+【活动支出】淘金币:0.00元+【活动支出】替用户承担配送费:3.5元,-,-,-,1.00,温州区域,温州加盟,,,否,-,平台配送
圣比萨（平阳水头店）,SBM00029,温州,"8041776089731681607	",饿了么,平台外卖,已完成,2025-10-24 16:53:34,2025-10-24 16:53:34,2025-10-24 16:53:34,饿了么支付-在线支付,,即时单,2025-10-24 16:53:34,29.97,手动出餐,1,否,"蛋挞一个（原味）（5.90*1）,碳烤鸡肉培根披萨［铁盘］-单人份[{""name"":""规格"",""value"":""单人份""}]（19.90*1）,餐盒（1.50*1）",蛋挞1个,,,,非会员,16,,,1份餐具,,25.80,7.72,12.80,0.00,0,0,1.43,0.00,3.50,【活动支出】单品特价:5.80元+【活动支出】 商家自营销加码:2.00元+【活动支出】CPS商户叠加券:0.00元+【活动支出】饿了么红包:5.00元+【活动支出】淘金币:0.00元+【活动支出】替用户承担配送费:3.5元,-,-,-,1.50,温州区域,温州加盟,,,否,-,平台配送
圣比萨（平阳水头店）,SBM00029,温州,"8054716089733306793	",饿了么,平台外卖,已完成,2025-10-24 17:01:11,2025-10-24 17:01:11,2025-10-24 17:01:11,饿了么支付-在线支付,,即时单,2025-10-24 17:01:11,22.42,手动出餐,1,否,新奥尔良烤鸡肉披萨7寸-单点（22.00*1）,新奥尔良烤鸡肉披萨【7英寸(手拍)】,,,,非会员,17,,,无需餐具,,22.00,12.00,0.00,0.00,0,0,0.00,0.00,,【活动支出】拼团反圈活动:0.00元,-,-,-,0.00,温州区域,温州加盟,,,否,-,平台配送
圣比萨（平阳水头店）,SBM00029,温州,"8019786089792252353	",饿了么,平台外卖,已完成,2025-10-24 17:33:13,2025-10-24 17:33:13,2025-10-24 17:33:13,饿了么支付-在线支付,,即时单,2025-10-24 17:33:13,18.43,被动出餐,1,否,新奥尔良烤鸡肉披萨7寸-单点（22.00*1）,新奥尔良烤鸡肉披萨【7英寸(手拍)】,,,,非会员,18,,,依据餐量提供餐具,,22.00,12.00,0.00,0.00,0,0,0.00,0.00,,【活动支出】拼团反圈活动:0.00元,-,-,-,0.00,温州区域,温州加盟,,,否,-,平台配送
圣比萨（平阳水头店）,SBM00029,温州,"8063160255886709127	",饿了么,平台外卖,已完成,2025-10-24 17:35:44,2025-10-24 17:35:44,2025-10-24 17:35:45,饿了么支付-在线支付,,即时单,2025-10-24 17:35:44,16.28,手动出餐,1,否,"个人独享DIY套餐[意式肉酱面+蛋挞一对+柠檬茶热]（68.00*1）,餐盒（2.00*1）",招牌肉酱意面+柠檬茶,,,,非会员,19,,,依据餐量提供餐具,,68.00,19.57,40.50,0.00,0,0,2.78,0.00,3.50,【活动支出】店铺满减:1.00元+【活动支出】单品特价:31.50元+【活动支出】饿了么红包:8.00元+【活动支出】替用户承担配送费:3.5元,-,-,-,2.00,温州区域,温州加盟,,,否,-,平台配送
圣比萨（平阳水头店）,SBM00029,温州,"8027826089792210319	",饿了么,平台外卖,已完成,2025-10-24 17:59:19,2025-10-24 17:59:19,2025-10-24 17:59:19,饿了么支付-在线支付,,即时单,2025-10-24 17:59:19,21.62,手动出餐,1,否,新奥尔良烤鸡肉披萨7寸-单点（22.00*1）,新奥尔良烤鸡肉披萨【7英寸(手拍)】,,,,非会员,20,,,依据餐量提供餐具,,22.00,12.00,0.00,0.00,0,0,0.00,0.00,,【活动支出】拼团反圈活动:0.00元,-,-,-,0.00,温州区域,温州加盟,,,否,-,平台配送
圣比萨（平阳水头店）,SBM00029,温州,"8095140255955367241	",饿了么,平台外卖,已完成,2025-10-24 19:12:56,2025-10-24 19:12:56,2025-10-24 19:12:56,饿了么支付-在线支付,,即时单,2025-10-24 19:12:56,14.47,手动出餐,1,否,"缤纷水果披萨-12寸[{""name"":""规格"",""value"":""12寸""}]（98.00*1）,餐盒（1.00*1）",缤纷水果披萨,,,,非会员,21,,,1份餐具,,98.00,29.17,58.10,0.00,0,0,3.98,0.00,3.50,【活动支出】店铺满减:1.00元+【活动支出】单品特价:48.10元+【活动支出】饿了么红包:9.00元+【活动支出】替用户承担配送费:3.5元,-,-,-,1.00,温州区域,温州加盟,,,否,-,平台配送
圣比萨（平阳水头店）,SBM00029,温州,"8086290256051950939	",饿了么,平台外卖,已完成,2025-10-24 19:35:04,2025-10-24 19:35:04,2025-10-24 19:35:04,饿了么支付-在线支付,,即时单,2025-10-24 19:35:04,11.80,手动出餐,1,否,"蛋挞一个（原味）（5.90*1）,榴莲披萨-7寸[{""name"":""规格"",""value"":""7寸""}]（62.00*1）,餐盒（1.50*1）",蛋挞1个+榴莲王披萨,,,,非会员,22,,,依据餐量提供餐具,,67.90,22.85,36.90,0.00,0,0,3.10,0.00,4.00,【活动支出】单品特价:5.80元+【活动支出】店铺满减:1.00元+【活动支出】单品特价:22.10元+【活动支出】 商家自营销加码:0.00元+【活动支出】CPS商户叠加券:0.00元+【活动支出】饿了么红包:8.00元+【活动支出】替用户承担配送费:4.0元,-,-,-,1.50,温州区域,温州加盟,,,否,-,平台配送
圣比萨（平阳水头店）,SBM00029,温州,"8030350255972078923	",饿了么,平台外卖,已完成,2025-10-24 19:46:59,2025-10-24 19:46:59,2025-10-24 19:46:59,饿了么支付-在线支付,,即时单,2025-10-24 19:46:59,20.53,手动出餐,1,否,"上校鸡块一个（3.00*2）,缤纷水果披萨-7寸[{""name"":""规格"",""value"":""7寸""}]（42.00*1）,蛋挞一个（原味）（5.90*1）,餐盒（3.50*1）",上校鸡块1个+缤纷水果披萨+蛋挞1个,,,,非会员,23,,,1份餐具,,53.90,11.69,36.70,0.00,0,0,1.86,0.00,6.20,【活动支出】单品特价:5.80元+【活动支出】单品特价:18.10元+【活动支出】单品特价:5.80元+【活动支出】饿了么红包:7.00元+【活动支出】替用户承担配送费:6.0元,-,-,-,3.50,温州区域,温州加盟,,,否,-,平台配送
圣比萨（平阳水头店）,SBM00029,温州,"8058776089871024500	",饿了么,平台外卖,已退款,2025-10-24 20:20:51,2025-10-24 20:20:51,2025-10-24 20:20:51,饿了么支付-在线支付,,即时单,2025-10-24 20:20:51,,未出餐,1,否,"奥尔良烤鸡肉披萨-7寸[{""name"":""规格"",""value"":""7寸""}]（45.00*1）,餐盒（1.00*1）",新奥尔良烤鸡肉披萨,,,,非会员,24,,,依据餐量提供餐具,"餐厅同意取消单 ",45.00,-2.12,26.10,14.90,0,0,1.77,0.00,4.00,【活动支出】单品特价:19.10元+【活动支出】饿了么红包:7.00元+【活动支出】替用户承担配送费:4.0元,-,-,-,1.00,温州区域,温州加盟,,,否,-,平台配送
圣比萨（平阳水头店）,SBM00029,温州,"8058776089871224110	",饿了么,平台外卖,已完成,2025-10-24 20:23:35,2025-10-24 20:23:35,2025-10-24 20:23:35,饿了么支付-在线支付,,即时单,2025-10-24 20:23:35,19.07,手动出餐,1,否,"上校鸡块一个（3.00*2）,蛋挞一个（原味）（5.90*1）,奥尔良烤鸡肉披萨-7寸[{""name"":""规格"",""value"":""7寸""}]（45.00*1）,餐盒（2.50*1）",上校鸡块1个+蛋挞1个+新奥尔良烤鸡肉披萨,,,,非会员,25,,,依据餐量提供餐具,,56.90,14.39,37.70,0.00,0,0,1.96,0.00,4.00,【活动支出】单品特价:5.80元+【活动支出】单品特价:5.80元+【活动支出】单品特价:19.10元+【活动支出】饿了么红包:7.00元+【活动支出】替用户承担配送费:4.0元,-,-,-,2.50,温州区域,温州加盟,,,否,-,平台配送
圣比萨（平阳水头店）,SBM00029,温州,"8009290255988401546	",饿了么,平台外卖,已完成,2025-10-24 20:33:49,2025-10-24 20:33:49,2025-10-24 20:33:49,饿了么支付-在线支付,,即时单,2025-10-24 20:33:49,18.15,手动出餐,1,否,"金牌芝士披萨-7寸[{""name"":""规格"",""value"":""7寸""}]（42.00*1）,餐盒（1.00*1）","金牌芝士披萨-7寸[{""name"":""规格"",""value"":""7寸""}]+餐盒",,,,非会员,26,,,3份餐具,,42.00,11.88,24.10,0.00,0,0,1.67,0.00,3.50,【活动支出】单品特价:18.10元+【活动支出】饿了么红包:6.00元+【活动支出】替用户承担配送费:3.5元,-,-,-,1.00,温州区域,温州加盟,,,否,-,平台配送
圣比萨（平阳水头店）,SBM00029,温州,"8037160256082494930	",饿了么,平台外卖,已完成,2025-10-24 20:45:56,2025-10-24 20:45:56,2025-10-24 20:45:57,饿了么支付-在线支付,,即时单,2025-10-24 20:45:56,5.93,手动出餐,1,否,"【圣比宠粉】深海墨鱼丸1个（3.00*2）,蛋挞一个（原味）（5.90*2）,奥尔良烤鸡肉披萨-9寸[{""name"":""规格"",""value"":""9寸""}]（73.00*1）,餐盒（3.00*1）",深海墨鱼丸1个+蛋挞1个+新奥尔良烤鸡肉披萨,,,,非会员,27,,,依据餐量提供餐具,,90.80,28.45,53.70,0.00,0,0,3.90,0.00,3.50,【活动支出】单品特价:5.80元+【活动支出】店铺满减:1.00元+【活动支出】单品特价:5.80元+【活动支出】单品特价:33.10元+【活动支出】饿了么红包:8.00元+【活动支出】替用户承担配送费:3.5元,-,-,-,3.00,温州区域,温州加盟,,,否,-,平台配送
圣比萨（平阳水头店）,SBM00029,温州,"8001450256005778792	",饿了么,平台外卖,已完成,2025-10-24 21:06:56,2025-10-24 21:06:56,2025-10-24 21:06:57,饿了么支付-在线支付,,即时单,2025-10-24 21:06:56,17.95,手动出餐,1,否,"奥尔良烤鸡肉披萨-7寸[{""name"":""规格"",""value"":""7寸""}]（45.00*1）,餐盒（1.00*1）",新奥尔良烤鸡肉披萨,,,,非会员,28,,,依据餐量提供餐具,,45.00,12.28,26.10,0.00,0,0,1.77,0.00,5.60,【活动支出】单品特价:19.10元+【活动支出】饿了么红包:7.00元+【活动支出】替用户承担配送费:5.6元,-,-,-,1.00,温州区域,温州加盟,,,否,-,平台配送
圣比萨（平阳水头店）,SBM00029,温州,"8098826089875358137	",饿了么,平台外卖,已完成,2025-10-24 21:39:20,2025-10-24 21:39:20,2025-10-24 21:39:21,饿了么支付-在线支付,,即时单,2025-10-24 21:39:20,8.38,被动出餐,1,否,"碳烤鸡肉培根披萨［铁盘］-单人份[{""name"":""规格"",""value"":""单人份""}]（19.90*1）,餐盒（1.00*1）","碳烤鸡肉培根披萨［铁盘］-单人份[{""name"":""规格"",""value"":""单人份""}]+餐盒",,,,非会员,29,,,依据餐量提供餐具,,19.90,0.00,20.90,0.00,0,0,1.43,0.00,5.60,【活动支出】精准营销:20.00元+【活动支出】饿了么红包:0.90元+【活动支出】替用户承担配送费:5.6元,-,-,-,1.00,温州区域,温州加盟,,,否,-,平台配送
圣比萨（平阳水头店）,SBM00029,温州,"8080120255922057522	",饿了么,平台外卖,已完成,2025-10-24 22:43:25,2025-10-24 22:43:25,2025-10-24 22:43:25,饿了么支付-在线支付,,即时单,2025-10-24 22:43:25,16.00,手动出餐,1,否,"番茄牛肉意面（23.90*1）,餐盒（1.00*1）",番茄牛肉意面,,,,非会员,30,,,依据餐量提供餐具,,23.90,12.28,5.00,0.00,0,0,1.77,0.00,5.60,【活动支出】饿了么红包:5.00元+【活动支出】替用户承担配送费:5.6元,-,-,-,1.00,温州区域,温州加盟,,,否,-,平台配送
圣比萨（平阳水头店）,SBM00029,温州,"8087656089894334726	",饿了么,平台外卖,已完成,2025-10-24 22:49:33,2025-10-24 22:49:33,2025-10-24 22:49:33,饿了么支付-在线支付,,即时单,2025-10-24 22:49:33,12.28,手动出餐,1,否,"奥尔良烤鸡肉披萨-7寸[{""name"":""规格"",""value"":""7寸""}]（45.00*1）,餐盒（1.00*1）",新奥尔良烤鸡肉披萨,,,,非会员,31,,,2份餐具,,45.00,12.28,26.10,0.00,0,0,1.77,0.00,5.60,【活动支出】单品特价:19.10元+【活动支出】饿了么红包:7.00元+【活动支出】替用户承担配送费:5.6元,-,-,-,1.00,温州区域,温州加盟,,,否,-,平台配送
圣比萨（平阳水头店）,SBM00029,温州,"8074706089925272891	",饿了么,平台外卖,已完成,2025-10-24 22:50:20,2025-10-24 22:50:20,2025-10-24 22:50:20,饿了么支付-在线支付,,即时单,2025-10-24 22:50:20,9.12,手动出餐,1,否,"番茄牛肉意面（23.90*1）,餐盒（1.00*1）",番茄牛肉意面,,,,非会员,32,,,依据餐量提供餐具,,23.90,10.49,7.00,0.00,0,0,1.56,0.00,5.60,【活动支出】 商家自营销加码:2.00元+【活动支出】饿了么红包:5.00元+【活动支出】替用户承担配送费:5.6元,-,-,-,1.00,温州区域,温州加盟,,,否,-,平台配送
圣比萨（平阳水头店）,SBM00029,温州,"8019450256031503640	",饿了么,平台外卖,已完成,2025-10-24 23:09:38,2025-10-24 23:09:38,2025-10-24 23:09:38,饿了么支付-在线支付,,即时单,2025-10-24 23:09:38,11.57,手动出餐,1,否,"榴莲披萨-7寸[{""name"":""规格"",""value"":""7寸""}]（62.00*1）,餐盒（1.00*1）",榴莲王披萨,,,,非会员,33,,,1份餐具,,62.00,21.82,31.10,0.00,0,0,3.03,0.00,5.60,【活动支出】店铺满减:1.00元+【活动支出】单品特价:22.10元+【活动支出】饿了么红包:8.00元+【活动支出】替用户承担配送费:5.6元,-,-,-,1.00,温州区域,温州加盟,,,否,-,平台配送
圣比萨（平阳水头店）,SBM00029,温州,"8071450256043074019	",饿了么,平台外卖,已完成,2025-10-24 23:21:16,2025-10-24 23:21:16,2025-10-24 23:21:16,饿了么支付-在线支付,,即时单,2025-10-24 23:21:16,21.63,被动出餐,1,否,"奥尔良烤鸡肉披萨-7寸[{""name"":""规格"",""value"":""7寸""}]（45.00*1）,餐盒（1.00*1）",新奥尔良烤鸡肉披萨,,,,非会员,34,,,依据餐量提供餐具,,45.00,14.07,24.10,0.00,0,0,1.98,0.00,5.60,【活动支出】单品特价:19.10元+【活动支出】饿了么红包:5.00元+【活动支出】替用户承担配送费:5.6元,-,-,-,1.00,温州区域,温州加盟,,,否,-,平台配送
圣比萨（平阳水头店）,SBM00029,温州,"8023160255937365265	",饿了么,平台外卖,已完成,2025-10-24 23:38:05,2025-10-24 23:38:05,2025-10-24 23:38:05,饿了么支付-在线支付,,即时单,2025-10-24 23:38:05,12.25,手动出餐,1,否,"缤纷水果披萨-7寸[{""name"":""规格"",""value"":""7寸""}]（42.00*1）,蛋挞（6.90*1）,餐盒（3.00*1）",缤纷水果披萨+蛋挞,,,,非会员,35,,,依据餐量提供餐具,,48.90,17.85,25.10,0.00,0,0,2.50,0.00,5.60,【活动支出】单品特价:18.10元+【活动支出】超级会员专享红包:5.00元+【活动支出】 商家自营销加码:2.00元+【活动支出】替用户承担配送费:5.6元,-,-,-,3.00,温州区域,温州加盟,,,否,-,平台配送
圣比萨（灵溪华侨路店）,SBS00005,温州,"8017140255191609751	",饿了么,平台外卖,已完成,2025-10-22 22:37:30,2025-10-22 22:37:30,2025-10-22 22:37:30,饿了么支付-在线支付,,预约单,2025-10-24 22:10:00,2798.53,扫码出餐,1,否,"新奥尔良烤鸡肉披萨-7英寸(经典手拍)[{""name"":""规格"",""value"":""7英寸(经典手拍)""}]（23.90*1）,餐盒（2.00*1）",新奥尔良烤鸡肉披萨,,,,非会员,1,,,依据餐量提供餐具,,23.90,11.38,7.00,0.00,0,0,1.67,0.00,5.60,【活动支出】饿了么红包:7.00元+【活动支出】替用户承担配送费:5.6元,-,-,-,2.00,温州区域,温州直营,,,否,-,平台配送
圣比萨（灵溪华侨路店）,SBS00005,温州,"8017250255662557642	",饿了么,平台外卖,已完成,2025-10-24 10:25:05,2025-10-24 10:25:05,2025-10-24 10:25:05,饿了么支付-在线支付,,即时单,2025-10-24 10:25:05,10.22,自动出餐,1,否,"红薯薯泥流心卷边（7英寸）（4.90*1）,7英寸披萨买一送一[海苔肉松披萨7英寸+缤纷水果披萨7英寸]（86.80*1）",红薯泥流心卷边7+海苔肉松披萨【7英寸(手拍)】+缤纷水果披萨【7英寸(手拍)】,,,,非会员,2,,,依据餐量提供餐具,,91.70,30.42,49.40,0.00,0,0,4.13,0.00,3.50,【活动支出】单品特价:49.40元+【活动支出】替用户承担配送费:3.5元,-,-,-,0.00,温州区域,温州直营,,,否,-,平台配送
圣比萨（灵溪华侨路店）,SBS00005,温州,"8041170255779588394	",饿了么,平台外卖,已完成,2025-10-24 10:51:49,2025-10-24 10:51:49,2025-10-24 10:51:50,饿了么支付-在线支付,,即时单,2025-10-24 10:51:49,8.27,手动出餐,1,否,"深海墨鱼丸-3个[{""name"":""规格"",""value"":""3个""}]（10.60*1）,榴莲王披萨-7英寸（经典手拍)[{""name"":""规格"",""value"":""7英寸（经典手拍)""}]（52.00*1）,餐盒（3.00*1）",深海墨鱼丸+榴莲王披萨,,,,非会员,3,,,依据餐量提供餐具,,62.60,22.52,31.80,0.00,0,0,3.23,0.00,4.50,【活动支出】店铺满减:1.00元+【活动支出】单品特价:4.70元+【活动支出】单品特价:18.10元+【活动支出】超级会员专享红包:8.00元+【活动支出】 商家自营销加码:0.00元+【活动支出】替用户承担配送费:4.5元,-,-,-,3.00,温州区域,温州直营,,,否,-,平台配送
圣比萨（灵溪华侨路店）,SBS00005,温州,"8030886089557249418	",饿了么,平台外卖,已完成,2025-10-24 10:59:36,2025-10-24 10:59:36,2025-10-24 10:59:36,饿了么支付-在线支付,,即时单,2025-10-24 10:59:36,6.72,手动出餐,1,否,"蛋挞一个（原味）（3.90*1）,新奥尔良烤鸡肉披萨-7英寸(经典手拍)[{""name"":""规格"",""value"":""7英寸(经典手拍)""}]（23.90*1）,餐盒（2.50*1）",蛋挞1个+新奥尔良烤鸡肉披萨,,,,非会员,4,,,依据餐量提供餐具,,27.80,10.52,10.91,0.00,0,0,1.72,0.00,6.20,【活动支出】单品特价:2.91元+【活动支出】粉丝群:1.00元+【活动支出】饿了么红包:7.00元+【活动支出】替用户承担配送费:6.0元,-,-,-,2.50,温州区域,温州直营,,,否,-,平台配送
圣比萨（灵溪华侨路店）,SBS00005,温州,"8035846089564113334	",饿了么,平台外卖,已完成,2025-10-24 11:12:06,2025-10-24 11:12:06,2025-10-24 11:12:06,饿了么支付-在线支付,,即时单,2025-10-24 11:12:06,11.53,手动出餐,1,否,"缤纷水果披萨-9英寸(经典手拍)[{""name"":""规格"",""value"":""9英寸(经典手拍)""}]（70.00*1）,餐盒（2.00*1）",缤纷水果披萨,,,,非会员,5,,,依据餐量提供餐具,,70.00,22.32,40.10,0.00,0,0,3.03,0.00,3.50,【活动支出】店铺满减:1.00元+【活动支出】单品特价:30.10元+【活动支出】饿了么红包:9.00元+【活动支出】替用户承担配送费:3.5元,-,-,-,2.00,温州区域,温州直营,,,否,-,平台配送
圣比萨（灵溪华侨路店）,SBS00005,温州,"8056796089571803447	",饿了么,平台外卖,已完成,2025-10-24 11:12:15,2025-10-24 11:12:15,2025-10-24 11:12:15,饿了么支付-在线支付,,即时单,2025-10-24 11:12:15,11.43,手动出餐,1,否,"【任选】披萨随心配（43.70*1）,餐盒（2.00*1）",不加一+大圣招牌大满贯披萨(7英寸(手拍))+不加一+上校鸡块+可乐,,,,非会员,6,,,依据餐量提供餐具,,43.70,26.01,9.00,0.00,0,0,3.54,0.00,4.00,【活动支出】店铺满减:1.00元+【活动支出】超级会员专享红包:8.00元+【活动支出】 商家自营销加码:0.00元+【活动支出】替用户承担配送费:4.0元,-,-,-,2.00,温州区域,温州直营,,,否,-,平台配送
圣比萨（灵溪华侨路店）,SBS00005,温州,"8005430255608113584	",饿了么,平台外卖,已退款,2025-10-24 11:16:31,2025-10-24 11:16:31,2025-10-24 11:16:31,饿了么支付-在线支付,,即时单,2025-10-24 11:16:31,,未出餐,1,否,"金丝鸡排（6.90*1）,【任选】意面随心配（50.70*1）,餐盒（3.00*1）",金丝鸡排+番茄牛肉意面+奥尔良烤翅+芒果汁+深海墨鱼丸(3个)+芝士焗红薯泥,,,,非会员,7,,,依据餐量提供餐具,"餐厅同意取消单 ",57.60,2.20,19.00,27.60,0,0,4.05,0.00,3.50,【活动支出】店铺满减:6.00元+【活动支出】粉丝群:1.00元+【活动支出】饿了么红包:12.00元+【活动支出】替用户承担配送费:3.5元,-,-,-,3.00,温州区域,温州直营,,,否,-,平台配送
圣比萨（灵溪华侨路店）,SBS00005,温州,"8011936089598863763	",饿了么,平台外卖,已完成,2025-10-24 11:18:53,2025-10-24 11:18:53,2025-10-24 11:18:54,饿了么支付-在线支付,,即时单,2025-10-24 11:18:53,11.52,扫码出餐,1,否,"手握三选一-单点[奥尔良][{""name"":""规格"",""value"":""单点""}]（20.00*1）",奥尔良风情烤鸡肉一人食盒子披萨,,,,非会员,8,,,-,,20.00,10.00,0.00,0.00,0,0,0.00,0.00,,【活动支出】爆品团通吃券:0.00元,-,-,-,0.00,温州区域,温州直营,,,否,-,平台配送
圣比萨（灵溪华侨路店）,SBS00005,温州,"8032080255737886002	",饿了么,平台外卖,已完成,2025-10-24 11:32:35,2025-10-24 11:32:35,2025-10-24 11:32:35,饿了么支付-在线支付,,即时单,2025-10-24 11:32:35,7.92,扫码出餐,1,否,"蛋挞一个（原味）（3.90*1）,新奥尔良烤鸡肉披萨-7英寸(经典手拍)[{""name"":""规格"",""value"":""7英寸(经典手拍)""}]（23.90*1）,餐盒（2.50*1）",蛋挞1个+新奥尔良烤鸡肉披萨,,,,非会员,9,,,依据餐量提供餐具,,27.80,11.41,9.91,0.00,0,0,1.83,0.00,6.20,【活动支出】单品特价:2.91元+【活动支出】饿了么红包:7.00元+【活动支出】替用户承担配送费:6.0元,-,-,-,2.50,温州区域,温州直营,,,否,-,平台配送
圣比萨（灵溪华侨路店）,SBS00005,温州,"8001490255640250761	",饿了么,平台外卖,已完成,2025-10-24 11:47:54,2025-10-24 11:47:54,2025-10-24 11:47:54,饿了么支付-在线支付,,即时单,2025-10-24 11:47:54,6.57,手动出餐,1,否,手握三选一-单点[奥尔良]（20.00*1）,奥尔良风情烤鸡肉一人食盒子披萨,,,,非会员,10,,,依据餐量提供餐具,,20.00,10.00,0.00,0.00,0,0,0.00,0.00,,【活动支出】拼团反圈活动:0.00元,-,-,-,0.00,温州区域,温州直营,,,否,-,平台配送
圣比萨（灵溪华侨路店）,SBS00005,温州,"8037330255753379073	",饿了么,平台外卖,已完成,2025-10-24 11:56:25,2025-10-24 11:56:25,2025-10-24 11:56:26,饿了么支付-在线支付,,即时单,2025-10-24 11:56:25,10.23,扫码出餐,1,否,"新奥尔良烤鸡肉披萨-7英寸(经典手拍)[{""name"":""规格"",""value"":""7英寸(经典手拍)""}]（23.90*1）,餐盒（2.00*1）",新奥尔良烤鸡肉披萨,,,,非会员,11,,,1份餐具,,23.90,7.79,8.00,0.00,0,0,1.56,0.00,6.80,【活动支出】粉丝群:1.00元+【活动支出】饿了么红包:7.00元+【活动支出】替用户承担配送费:6.0元,-,-,-,2.00,温州区域,温州直营,,,否,-,平台配送
圣比萨（灵溪华侨路店）,SBS00005,温州,"8079490255749451248	",饿了么,平台外卖,已完成,2025-10-24 12:01:06,2025-10-24 12:01:06,2025-10-24 12:01:06,饿了么支付-在线支付,,即时单,2025-10-24 12:01:06,7.27,手动出餐,1,否,"番茄牛肉意面（25.90*1）,金丝鸡排（6.90*1）,新奥尔良烤鸡肉披萨-7英寸(经典手拍)[{""name"":""规格"",""value"":""7英寸(经典手拍)""}]（23.90*1）,餐盒（5.00*1）",番茄牛肉意面+金丝鸡排+新奥尔良烤鸡肉披萨,,,,非会员,12,,,依据餐量提供餐具,,56.70,34.66,14.00,0.00,0,0,4.69,0.00,3.50,【活动支出】店铺满减:6.00元+【活动支出】 商家自营销加码:0.00元+【活动支出】饿了么红包:8.00元+【活动支出】替用户承担配送费:3.5元,-,-,-,5.00,温州区域,温州直营,,,否,-,平台配送
圣比萨（灵溪华侨路店）,SBS00005,温州,"8089100255761443180	",饿了么,平台外卖,已完成,2025-10-24 12:15:03,2025-10-24 12:15:03,2025-10-24 12:15:03,饿了么支付-在线支付,,即时单,2025-10-24 12:15:03,7.43,手动出餐,1,否,新奥尔良烤鸡肉披萨7寸-单点（20.00*1）,新奥尔良烤鸡肉披萨【7英寸(手拍)】,,,,非会员,13,,,依据餐量提供餐具,,20.00,10.00,0.00,0.00,0,0,0.00,0.00,,【活动支出】爆品团通吃券:0.00元,-,-,-,0.00,温州区域,温州直营,,,否,-,平台配送
圣比萨（灵溪华侨路店）,SBS00005,温州,"8040786089669889369	",饿了么,平台外卖,已完成,2025-10-24 12:15:21,2025-10-24 12:15:21,2025-10-24 12:15:21,饿了么支付-在线支付,,即时单,2025-10-24 12:15:21,7.18,手动出餐,1,否,"新奥尔良烤鸡肉披萨-7英寸(经典手拍)[{""name"":""规格"",""value"":""7英寸(经典手拍)""}]（23.90*1）,餐盒（2.00*1）",新奥尔良烤鸡肉披萨,,,,非会员,14,,,依据餐量提供餐具,,23.90,11.88,7.00,0.00,0,0,1.67,0.00,3.50,【活动支出】饿了么红包:7.00元+【活动支出】替用户承担配送费:3.5元,-,-,-,2.00,温州区域,温州直营,,,否,-,平台配送
圣比萨（灵溪华侨路店）,SBS00005,温州,"8098060255858964954	",饿了么,平台外卖,已完成,2025-10-24 12:25:34,2025-10-24 12:25:34,2025-10-24 12:25:34,饿了么支付-在线支付,,即时单,2025-10-24 12:25:34,6.53,扫码出餐,1,否,"招牌肉酱芝士焗饭（52.00*1）,餐盒（2.00*1）",招牌肉酱芝士焗饭,,,,非会员,15,,,依据餐量提供餐具,,52.00,15.76,30.10,0.00,0,0,2.19,0.00,3.50,【活动支出】单品特价:23.10元+【活动支出】 商家自营销加码:2.00元+【活动支出】饿了么红包:5.00元+【活动支出】替用户承担配送费:3.5元,-,-,-,2.00,温州区域,温州直营,,,否,-,平台配送
圣比萨（灵溪华侨路店）,SBS00005,温州,"8011646089674148346	",饿了么,平台外卖,已完成,2025-10-24 12:41:10,2025-10-24 12:41:10,2025-10-24 12:41:10,饿了么支付-在线支付,,即时单,2025-10-24 12:41:10,6.07,扫码出餐,1,否,"【任选】披萨随心配（31.90*1）,餐盒（2.00*1）",不加一+新奥尔良烤鸡肉披萨(7英寸(手拍))+不加一+上校鸡块+柠檬茶,,,,非会员,16,,,无需餐具,,31.90,18.44,7.00,0.00,0,0,2.51,0.00,3.50,【活动支出】饿了么红包:7.00元+【活动支出】替用户承担配送费:3.5元,-,-,-,2.00,温州区域,温州直营,,,否,-,平台配送
圣比萨（灵溪华侨路店）,SBS00005,温州,"8074200255789101451	",饿了么,平台外卖,已完成,2025-10-24 12:57:24,2025-10-24 12:57:24,2025-10-24 12:57:24,饿了么支付-在线支付,,即时单,2025-10-24 12:57:24,8.22,扫码出餐,1,否,手握三选一+二选一+可乐-单点[奥尔良+上校鸡块 2 块+可乐]（24.00*1）,小可乐+奥尔良风情烤鸡肉一人食盒子披萨+上校鸡块2个,,,,非会员,17,,,依据餐量提供餐具,,24.00,14.00,0.00,0.00,0,0,0.00,0.00,,【活动支出】拼团反圈活动:0.00元,-,-,-,0.00,温州区域,温州直营,,,否,-,平台配送
圣比萨（灵溪华侨路店）,SBS00005,温州,"8023170255795647818	",饿了么,平台外卖,已完成,2025-10-24 13:18:35,2025-10-24 13:18:35,2025-10-24 13:18:35,饿了么支付-在线支付,,即时单,2025-10-24 13:18:35,6.60,扫码出餐,1,否,"新奥尔良烤鸡肉披萨-7英寸(经典手拍)[{""name"":""规格"",""value"":""7英寸(经典手拍)""}]（23.90*1）,餐盒（2.00*1）",新奥尔良烤鸡肉披萨,,,,非会员,18,,,放中间电梯 / 依据餐量提供餐具,,23.90,11.88,7.00,0.00,0,0,1.67,0.00,4.00,【活动支出】 商家自营销加码:2.00元+【活动支出】饿了么红包:5.00元+【活动支出】替用户承担配送费:4.0元,-,-,-,2.00,温州区域,温州直营,,,否,-,平台配送
圣比萨（灵溪华侨路店）,SBS00005,温州,"8091140255797584299	",饿了么,平台外卖,已完成,2025-10-24 13:37:59,2025-10-24 13:37:59,2025-10-24 13:37:59,饿了么支付-在线支付,,预约单,2025-10-24 15:25:00,53.73,扫码出餐,1,否,"7英寸披萨买一送一[奥尔良鸡肉披萨7英寸+日系照烧鸡披萨7英寸]（86.80*1）,餐盒（2.00*1）",新奥尔良烤鸡肉披萨【7英寸(手拍)】+日系照烧鸡披萨【7英寸(手拍)】,,,,非会员,19,,,学校东门东门，谢谢 / 依据餐量提供餐具,,86.80,20.31,54.90,0.00,0,0,3.24,0.00,6.80,【活动支出】店铺满减:1.00元+【活动支出】单品特价:44.90元+【活动支出】饿了么红包:9.00元+【活动支出】替用户承担配送费:6.0元,-,-,-,2.00,温州区域,温州直营,,,否,-,平台配送
圣比萨（灵溪华侨路店）,SBS00005,温州,"8001290255890964818	",饿了么,平台外卖,已完成,2025-10-24 13:41:32,2025-10-24 13:41:32,2025-10-24 13:41:32,饿了么支付-在线支付,,即时单,2025-10-24 13:41:32,7.00,扫码出餐,1,否,【买一送一】买披萨送披萨[奥尔良鸡肉披萨7英寸+碳烤鸡肉培根7英寸]（86.80*1）,新奥尔良烤鸡肉披萨【7英寸(手拍)】+碳烤鸡肉培根披萨【7英寸(手拍)】,,,,非会员,20,,,依据餐量提供餐具,,86.80,22.32,54.90,0.00,0,0,3.03,0.00,3.50,【活动支出】单品特价:54.90元+【活动支出】替用户承担配送费:3.5元,-,-,-,0.00,温州区域,温州直营,,,否,-,平台配送
圣比萨（灵溪华侨路店）,SBS00005,温州,"8074170255811784161	",饿了么,平台外卖,已完成,2025-10-24 13:54:13,2025-10-24 13:54:13,2025-10-24 13:54:13,饿了么支付-在线支付,,即时单,2025-10-24 13:54:13,10.20,自动出餐,1,否,"奶酪芝士卷边（9英寸）（6.90*1）,星星炸鸡披萨-9英寸(经典手拍)[{""name"":""规格"",""value"":""9英寸(经典手拍)""}]（45.90*1）,餐盒（2.00*1）",奶酪芝士卷边9+星星炸鸡披萨,,,,非会员,21,,,依据餐量提供餐具,,52.80,32.06,10.00,0.00,0,0,4.39,0.00,4.00,【活动支出】店铺满减:1.00元+【活动支出】饿了么红包:0.00元+【活动支出】饿了么红包:9.00元+【活动支出】替用户承担配送费:4.0元,-,-,-,2.00,温州区域,温州直营,,,否,-,平台配送
圣比萨（灵溪华侨路店）,SBS00005,温州,"8068846089705234888	",饿了么,平台外卖,已完成,2025-10-24 14:10:06,2025-10-24 14:10:06,2025-10-24 14:10:06,饿了么支付-在线支付,,即时单,2025-10-24 14:10:06,9.22,手动出餐,1,否,"招牌肉酱意面（52.00*1）,奥尔良烤翅（9.90*1）,经典薯条（8.90*1）,餐盒（6.00*1）",招牌肉酱意面+奥尔良烤翅+经典薯条,,,,非会员,22,,,依据餐量提供餐具,,70.80,26.01,39.10,0.00,0,0,3.64,0.00,4.00,【活动支出】店铺满减:1.00元+【活动支出】单品特价:26.10元+【活动支出】饿了么红包:12.00元+【活动支出】替用户承担配送费:4.0元,-,-,-,6.00,温州区域,温州直营,,,否,-,平台配送
圣比萨（灵溪华侨路店）,SBS00005,温州,"8017170255814892811	",饿了么,平台外卖,已完成,2025-10-24 14:19:51,2025-10-24 14:19:51,2025-10-24 14:19:51,饿了么支付-在线支付,,即时单,2025-10-24 14:19:51,7.97,扫码出餐,1,否,"奶酪芝士卷边（7英寸）（4.90*1）,榴莲王披萨-7英寸（经典手拍)[{""name"":""规格"",""value"":""7英寸（经典手拍)""}]（52.00*1）,餐盒（2.00*1）",奶酪芝士卷边7+榴莲王披萨,,,,非会员,23,,,无需餐具,,56.90,21.33,28.10,0.00,0,0,2.92,0.00,3.50,【活动支出】店铺满减:1.00元+【活动支出】单品特价:18.10元+【活动支出】饿了么红包:9.00元+【活动支出】替用户承担配送费:3.5元,-,-,-,2.00,温州区域,温州直营,,,否,-,平台配送
圣比萨（灵溪华侨路店）,SBS00005,温州,"8021896089717039575	",饿了么,平台外卖,已完成,2025-10-24 14:36:42,2025-10-24 14:36:42,2025-10-24 14:36:43,饿了么支付-在线支付,,即时单,2025-10-24 14:36:42,5.97,扫码出餐,1,否,新奥尔良烤鸡肉披萨7寸-单点（20.00*1）,新奥尔良烤鸡肉披萨【7英寸(手拍)】,,,,非会员,24,,,依据餐量提供餐具,,20.00,10.00,0.00,0.00,0,0,0.00,0.00,,【活动支出】拼团反圈活动:0.00元,-,-,-,0.00,温州区域,温州直营,,,否,-,平台配送
圣比萨（灵溪华侨路店）,SBS00005,温州,"8014420255724922207	",饿了么,平台外卖,已完成,2025-10-24 14:39:44,2025-10-24 14:39:44,2025-10-24 14:39:44,饿了么支付-在线支付,,预约单,2025-10-24 16:00:00,35.37,自动出餐,1,否,"【随心❤️拼】9英寸双拼披萨(口味自选)[奥尔良+玉米沙拉]（41.90*1）,咸蛋黄风味流心卷边（9英寸）（6.90*1）,餐盒（2.00*1）",双拼9寸【奥尔良口味9】+双拼9寸【玉米沙拉口味9】+咸蛋黄流沙卷边9,,,,非会员,25,,,3份餐具,,48.80,27.29,11.00,0.00,0,0,3.86,0.00,4.50,【活动支出】店铺满减:1.00元+【活动支出】粉丝群:1.00元+【活动支出】饿了么红包:9.00元+【活动支出】替用户承担配送费:4.5元,-,-,-,2.00,温州区域,温州直营,,,否,-,平台配送
圣比萨（灵溪华侨路店）,SBS00005,温州,"8053576089733977430	",饿了么,平台外卖,已完成,2025-10-24 14:39:58,2025-10-24 14:39:58,2025-10-24 14:39:58,饿了么支付-在线支付,,即时单,2025-10-24 14:39:58,6.30,手动出餐,1,否,【买一送一】买披萨送披萨[奥尔良鸡肉披萨7英寸+缤纷水果披萨7英寸]（86.80*1）,新奥尔良烤鸡肉披萨【7英寸(手拍)】+缤纷水果披萨【7英寸(手拍)】,,,,非会员,26,,,依据餐量提供餐具,,86.80,22.32,54.90,0.00,0,0,3.03,0.00,3.50,【活动支出】单品特价:54.90元+【活动支出】替用户承担配送费:3.5元,-,-,-,0.00,温州区域,温州直营,,,否,-,平台配送
圣比萨（灵溪华侨路店）,SBS00005,温州,"8054430255733946818	",饿了么,平台外卖,已完成,2025-10-24 15:27:41,2025-10-24 15:27:41,2025-10-24 15:27:42,饿了么支付-在线支付,,即时单,2025-10-24 15:27:41,9.75,手动出餐,1,否,"【随心❤️拼】7英寸双拼披萨(口味自选）[奥尔良+水果]（26.90*1）,奶酪芝士卷边（7英寸）（4.90*1）,奥尔良烤翅（9.90*1）,蛋挞一个（原味）（3.90*1）,餐盒（4.50*1）",双拼7寸【奥尔良口味7】+双拼7寸【缤纷水果口味7】+奶酪芝士卷边7+奥尔良烤翅+蛋挞1个,,,,非会员,27,,,依据餐量提供餐具,,45.60,25.56,13.91,0.00,0,0,3.48,0.00,4.00,【活动支出】店铺满减:1.00元+【活动支出】单品特价:2.91元+【活动支出】粉丝群:1.00元+【活动支出】饿了么红包:9.00元+【活动支出】替用户承担配送费:4.0元,-,-,-,4.50,温州区域,温州直营,,,否,-,平台配送
圣比萨（灵溪华侨路店）,SBS00005,温州,"8045846089752642986	",饿了么,平台外卖,已完成,2025-10-24 16:02:09,2025-10-24 16:02:09,2025-10-24 16:02:09,饿了么支付-在线支付,,即时单,2025-10-24 16:02:09,6.42,手动出餐,1,否,"奶酪芝士卷边（7英寸）（4.90*1）,新奥尔良烤鸡肉披萨-7英寸(经典手拍)[{""name"":""规格"",""value"":""7英寸(经典手拍)""}]（23.90*1）,餐盒（2.00*1）",奶酪芝士卷边7+新奥尔良烤鸡肉披萨,,,,非会员,28,,,依据餐量提供餐具,,28.80,14.26,5.00,0.00,0,0,2.39,0.00,6.80,【活动支出】吃货豆兑换的商家券:5.00元+【活动支出】替用户承担配送费:6.0元,-,-,-,2.00,温州区域,温州直营,,,否,-,平台配送
圣比萨（灵溪华侨路店）,SBS00005,温州,"8055926089747171608	",饿了么,平台外卖,已完成,2025-10-24 16:18:44,2025-10-24 16:18:44,2025-10-24 16:18:44,饿了么支付-在线支付,,即时单,2025-10-24 16:18:44,7.47,手动出餐,1,否,"玉米沙拉披萨-7英寸(经典手拍)[{""name"":""规格"",""value"":""7英寸(经典手拍)""}]（25.90*1）,金丝鸡排（6.90*1）,香烤鸡翅-2只[{""name"":""规格"",""value"":""2只""}]（10.90*1）,餐盒（4.00*1）",玉米沙拉披萨+金丝鸡排+香烤鸡翅,,,,非会员,29,,,依据餐量提供餐具,,43.70,26.91,10.00,0.00,0,0,3.64,0.00,3.50,【活动支出】店铺满减:1.00元+【活动支出】饿了么红包:9.00元+【活动支出】替用户承担配送费:3.5元,-,-,-,4.00,温州区域,温州直营,,,否,-,平台配送
圣比萨（灵溪华侨路店）,SBS00005,温州,"8053926089747862907	",饿了么,平台外卖,已完成,2025-10-24 16:28:26,2025-10-24 16:28:26,2025-10-24 16:28:26,饿了么支付-在线支付,,即时单,2025-10-24 16:28:26,8.72,扫码出餐,1,否,"缤纷水果披萨-7英寸(经典手拍)[{""name"":""规格"",""value"":""7英寸(经典手拍)""}]（42.88*1）,餐盒（2.00*1）",缤纷水果披萨,,,,非会员,30,,,无需餐具,,42.88,12.77,23.98,0.00,0,0,1.88,0.00,4.00,【活动支出】单品特价:16.98元+【活动支出】 商家自营销加码:2.00元+【活动支出】饿了么红包:5.00元+【活动支出】替用户承担配送费:4.0元,-,-,-,2.00,温州区域,温州直营,,,否,-,平台配送
圣比萨（灵溪华侨路店）,SBS00005,温州,"8029886089729489238	",饿了么,平台外卖,已完成,2025-10-24 16:41:29,2025-10-24 16:41:29,2025-10-24 16:41:30,饿了么支付-在线支付,,即时单,2025-10-24 16:41:29,5.22,扫码出餐,1,否,"花果山披萨-7英寸(经典手拍）[{""name"":""规格"",""value"":""7英寸(经典手拍）""}]（25.90*1）,餐盒（1.00*1）",花果山披萨,,,,非会员,31,,,对骑手  电梯坏了 从药店旁电梯上来 / 依据餐量提供餐具,,25.90,12.78,7.00,0.00,0,0,1.77,0.00,3.50,【活动支出】饿了么红包:7.00元+【活动支出】替用户承担配送费:3.5元,-,-,-,1.00,温州区域,温州直营,,,否,-,平台配送
圣比萨（灵溪华侨路店）,SBS00005,温州,"8032986089732816218	",饿了么,平台外卖,已完成,2025-10-24 16:53:32,2025-10-24 16:53:32,2025-10-24 16:53:33,饿了么支付-在线支付,,即时单,2025-10-24 16:53:32,5.40,扫码出餐,1,否,新奥尔良烤鸡肉披萨7寸-单点（20.00*1）,新奥尔良烤鸡肉披萨【7英寸(手拍)】,,,,非会员,32,,,依据餐量提供餐具,,20.00,10.00,0.00,0.00,0,0,0.00,0.00,,【活动支出】拼团反圈活动:0.00元,-,-,-,0.00,温州区域,温州直营,,,否,-,平台配送
圣比萨（灵溪华侨路店）,SBS00005,温州,"8077110255767259605	",饿了么,平台外卖,已完成,2025-10-24 16:54:51,2025-10-24 16:54:51,2025-10-24 16:54:51,饿了么支付-在线支付,,即时单,2025-10-24 16:54:51,6.37,扫码出餐,1,否,"【随心❤️拼】7英寸双拼披萨(口味自选）[水果+奥尔良]（26.90*1）,餐盒（2.00*1）",双拼7寸【缤纷水果口味7】+双拼7寸【奥尔良口味7】,,,,非会员,33,,,依据餐量提供餐具,,26.90,14.57,7.00,0.00,0,0,1.98,0.00,4.00,【活动支出】 商家自营销加码:2.00元+【活动支出】饿了么红包:5.00元+【活动支出】替用户承担配送费:4.0元,-,-,-,2.00,温州区域,温州直营,,,否,-,平台配送
圣比萨（灵溪华侨路店）,SBS00005,温州,"8086966089733194147	",饿了么,平台外卖,已完成,2025-10-24 16:56:13,2025-10-24 16:56:13,2025-10-24 16:56:14,饿了么支付-在线支付,,即时单,2025-10-24 16:56:13,7.60,扫码出餐,1,否,"【随心❤️拼】7英寸双拼披萨(口味自选）[奥尔良+培根鸡肉]（26.90*1）,奶酪芝士卷边（7英寸）（4.90*1）,缤纷芝士挞-香蕉味[{""name"":""规格"",""value"":""香蕉味""}]（5.90*1）,上校鸡块（4.90*1）,餐盒（6.00*1）",双拼7寸【奥尔良口味7】+双拼7寸【碳烤鸡肉培根口味7】+奶酪芝士卷边7+缤纷芝士挞+上校鸡块,,,,非会员,34,,,依据餐量提供餐具,,42.60,26.21,10.00,0.00,0,0,3.74,0.00,4.50,【活动支出】店铺满减:1.00元+【活动支出】饿了么红包:9.00元+【活动支出】替用户承担配送费:4.5元,-,-,-,6.00,温州区域,温州直营,,,否,-,平台配送
圣比萨（灵溪华侨路店）,SBS00005,温州,"8073380255767501067	",饿了么,平台外卖,已完成,2025-10-24 16:58:40,2025-10-24 16:58:40,2025-10-24 16:58:40,饿了么支付-在线支付,,即时单,2025-10-24 16:58:40,6.58,扫码出餐,1,否,手握三选一-单点[奥尔良]（20.00*1）,奥尔良风情烤鸡肉一人食盒子披萨,,,,非会员,35,,,依据餐量提供餐具,,20.00,10.00,0.00,0.00,0,0,0.00,0.00,,【活动支出】拼团反圈活动:0.00元,-,-,-,0.00,温州区域,温州直营,,,否,-,平台配送
圣比萨（灵溪华侨路店）,SBS00005,温州,"8053270255766433078	",饿了么,平台外卖,已完成,2025-10-24 17:02:15,2025-10-24 17:02:15,2025-10-24 17:02:16,饿了么支付-在线支付,,即时单,2025-10-24 17:02:15,6.12,手动出餐,1,否,新奥尔良烤鸡肉披萨7寸-单点（20.00*1）,新奥尔良烤鸡肉披萨【7英寸(手拍)】,,,,非会员,36,,,依据餐量提供餐具,,20.00,10.00,0.00,0.00,0,0,0.00,0.00,,【活动支出】拼团反圈活动:0.00元,-,-,-,0.00,温州区域,温州直营,,,否,-,平台配送
圣比萨（灵溪华侨路店）,SBS00005,温州,"8038506089780387228	",饿了么,平台外卖,已完成,2025-10-24 17:05:22,2025-10-24 17:05:22,2025-10-24 17:05:22,饿了么支付-在线支付,,即时单,2025-10-24 17:05:22,7.90,扫码出餐,1,否,"大圣招牌大满贯披萨-9英寸(经典手拍)[{""name"":""规格"",""value"":""9英寸(经典手拍)""}]（49.90*1）,餐盒（2.00*1）",大圣招牌大满贯披萨,,,,非会员,37,,,依据餐量提供餐具,,49.90,32.15,6.00,0.00,0,0,4.50,0.00,4.50,【活动支出】店铺满减:1.00元+【活动支出】饿了么红包:5.00元+【活动支出】替用户承担配送费:4.5元,-,-,-,2.00,温州区域,温州直营,,,否,-,平台配送
圣比萨（灵溪华侨路店）,SBS00005,温州,"8026766089749607730	",饿了么,平台外卖,已完成,2025-10-24 17:20:09,2025-10-24 17:20:09,2025-10-24 17:20:09,饿了么支付-在线支付,,即时单,2025-10-24 17:20:09,9.65,手动出餐,1,否,"【随心❤️拼】7英寸双拼披萨(口味自选）[奥尔良+日系照烧]（26.90*1）,可乐[常温]（5.00*1）,餐盒（2.00*1）",双拼7寸【奥尔良口味7】+双拼7寸【日系照烧口味7】+可乐,,,,非会员,38,,,依据餐量提供餐具,,31.90,19.63,5.00,0.00,0,0,2.72,0.00,3.50,【活动支出】吃货豆兑换的商家券:5.00元+【活动支出】替用户承担配送费:3.5元,-,-,-,2.00,温州区域,温州直营,,,否,-,平台配送
圣比萨（灵溪华侨路店）,SBS00005,温州,"8094190255888898449	",饿了么,平台外卖,已完成,2025-10-24 17:25:08,2025-10-24 17:25:08,2025-10-24 17:25:08,饿了么支付-在线支付,,即时单,2025-10-24 17:25:08,7.23,扫码出餐,1,否,"奶酪芝士卷边（7英寸）（4.90*1）,地道肠（3.90*1）,炙热牛魔王披萨-7英寸(经典手拍)[{""name"":""规格"",""value"":""7英寸(经典手拍)""}]（45.88*1）,经典薯条（8.90*1）,餐盒（5.00*1）",奶酪芝士卷边7+地道肠1根+炙热牛魔王披萨+经典薯条,,,,非会员,39,,,"对骑手, 放门卫, 不要打电话 / 依据餐量提供餐具",,63.58,30.69,25.98,0.00,0,0,4.16,0.00,3.50,【活动支出】店铺满减:1.00元+【活动支出】单品特价:15.98元+【活动支出】饿了么红包:9.00元+【活动支出】替用户承担配送费:3.5元,-,-,-,5.00,温州区域,温州直营,,,否,-,平台配送
圣比萨（灵溪华侨路店）,SBS00005,温州,"8072170255980391698	",饿了么,平台外卖,已完成,2025-10-24 17:30:30,2025-10-24 17:30:30,2025-10-24 17:30:30,饿了么支付-在线支付,,即时单,2025-10-24 17:30:30,5.55,手动出餐,1,否,"日系照烧鸡披萨-7英寸(经典手拍)[{""name"":""规格"",""value"":""7英寸(经典手拍)""}]（25.90*1）,餐盒（2.00*1）",日系照烧鸡披萨,,,,非会员,40,,,依据餐量提供餐具,,25.90,12.77,7.00,0.00,0,0,1.88,0.00,4.50,【活动支出】饿了么红包:7.00元+【活动支出】替用户承担配送费:4.5元,-,-,-,2.00,温州区域,温州直营,,,否,-,平台配送
圣比萨（灵溪华侨路店）,SBS00005,温州,"8054516089774528914	",饿了么,平台外卖,已完成,2025-10-24 17:40:24,2025-10-24 17:40:24,2025-10-24 17:40:24,饿了么支付-在线支付,,即时单,2025-10-24 17:40:24,5.85,扫码出餐,1,否,新奥尔良烤鸡肉披萨7寸-单点（20.00*1）,新奥尔良烤鸡肉披萨【7英寸(手拍)】,,,,非会员,41,,,依据餐量提供餐具,,20.00,10.00,0.00,0.00,0,0,0.00,0.00,,【活动支出】拼团反圈活动:0.00元,-,-,-,0.00,温州区域,温州直营,,,否,-,平台配送
圣比萨（灵溪华侨路店）,SBS00005,温州,"8023776089806461221	",饿了么,平台外卖,已完成,2025-10-24 17:45:57,2025-10-24 17:45:57,2025-10-24 17:45:57,饿了么支付-在线支付,,即时单,2025-10-24 17:45:57,7.30,扫码出餐,1,否,"【随心❤️拼】7英寸双拼披萨(口味自选）[水果+培根鸡肉]（26.90*1）,奶酪芝士卷边（7英寸）（4.90*1）,餐盒（2.00*1）",双拼7寸【缤纷水果口味7】+双拼7寸【碳烤鸡肉培根口味7】+奶酪芝士卷边7,,,,非会员,42,,,2份餐具,,31.80,19.54,5.00,0.00,0,0,2.71,0.00,3.50,【活动支出】吃货豆兑换的商家券:5.00元+【活动支出】替用户承担配送费:3.5元,-,-,-,2.00,温州区域,温州直营,,,否,-,平台配送
圣比萨（灵溪华侨路店）,SBS00005,温州,"8005926089785121263	",饿了么,平台外卖,已完成,2025-10-24 17:46:15,2025-10-24 17:46:15,2025-10-24 17:46:15,饿了么支付-在线支付,,即时单,2025-10-24 17:46:15,8.17,扫码出餐,1,否,"炙热牛魔王披萨-7英寸(经典手拍)[{""name"":""规格"",""value"":""7英寸(经典手拍)""}]（45.88*1）,餐盒（2.00*1）",炙热牛魔王披萨,,,,非会员,43,,,无需餐具,,45.88,16.65,22.98,0.00,0,0,2.30,0.00,3.50,【活动支出】单品特价:15.98元+【活动支出】 商家自营销加码:2.00元+【活动支出】饿了么红包:5.00元+【活动支出】替用户承担配送费:3.5元,-,-,-,2.00,温州区域,温州直营,,,否,-,平台配送
圣比萨（灵溪华侨路店）,SBS00005,温州,"8078340255992584456	",饿了么,平台外卖,已完成,2025-10-24 17:46:31,2025-10-24 17:46:31,2025-10-24 17:46:32,饿了么支付-在线支付,,即时单,2025-10-24 17:46:31,8.42,扫码出餐,1,否,"【任选】披萨随心配（31.90*1）,餐盒（2.00*1）",不加一+新奥尔良烤鸡肉披萨(7英寸(手拍))+不加一+现烤蛋挞(1个)+芒果汁,,,,非会员,44,,,"不要香菜, 不要香菜, 不要香菜 / 2份餐具",,31.90,18.44,7.00,0.00,0,0,2.51,0.00,4.00,【活动支出】超级会员专享红包:5.00元+【活动支出】 商家自营销加码:2.00元+【活动支出】替用户承担配送费:4.0元,-,-,-,2.00,温州区域,温州直营,,,否,-,平台配送
圣比萨（灵溪华侨路店）,SBS00005,温州,"8056190255896555935	",饿了么,平台外卖,已完成,2025-10-24 17:46:37,2025-10-24 17:46:37,2025-10-24 17:46:37,饿了么支付-在线支付,,即时单,2025-10-24 17:46:37,9.47,手动出餐,1,否,"【任选】披萨随心配（31.90*1）,蛋挞一个（原味）（3.90*1）,餐盒（2.50*1）",不加一+新奥尔良烤鸡肉披萨(7英寸(手拍))+不加一+地道肠1根+可乐+蛋挞1个,,,,非会员,45,,,对骑手：麻烦送到后门谢谢！到了能不能打个电话 / 依据餐量提供餐具,,35.80,20.96,7.91,0.00,0,0,2.88,0.00,3.50,【活动支出】单品特价:2.91元+【活动支出】饿了么红包:5.00元+【活动支出】替用户承担配送费:3.5元,-,-,-,2.50,温州区域,温州直营,,,否,-,平台配送
圣比萨（灵溪华侨路店）,SBS00005,温州,"8007606089764800950	",饿了么,平台外卖,已完成,2025-10-24 17:48:20,2025-10-24 17:48:20,2025-10-24 17:48:21,饿了么支付-在线支付,,即时单,2025-10-24 17:48:20,9.38,手动出餐,1,否,"烤甜玉米（8.90*1）,新奥尔良烤鸡肉披萨-7英寸(经典手拍)[{""name"":""规格"",""value"":""7英寸(经典手拍)""}]（23.90*1）,餐盒（3.00*1）",烤甜玉米+新奥尔良烤鸡肉披萨,,,,非会员,46,,,依据餐量提供餐具,,32.80,19.25,8.00,0.00,0,0,2.60,0.00,3.50,【活动支出】 商家自营销加码:0.00元+【活动支出】饿了么红包:8.00元+【活动支出】替用户承担配送费:3.5元,-,-,-,3.00,温州区域,温州直营,,,否,-,平台配送
圣比萨（灵溪华侨路店）,SBS00005,温州,"8010976089766463775	",饿了么,平台外卖,已完成,2025-10-24 17:55:39,2025-10-24 17:55:39,2025-10-24 17:55:39,饿了么支付-在线支付,,即时单,2025-10-24 17:55:39,6.80,手动出餐,1,否,"【任选】披萨随心配（42.70*1）,餐盒（2.00*1）",不加一+新奥尔良烤鸡肉披萨(7英寸(手拍))+芝士焗红薯泥+小薯条+港式奶茶,,,,非会员,47,,,依据餐量提供餐具,,42.70,23.32,10.00,0.00,0,0,3.33,0.00,4.50,【活动支出】店铺满减:1.00元+【活动支出】饿了么红包:9.00元+【活动支出】替用户承担配送费:4.5元,-,-,-,2.00,温州区域,温州直营,,,否,-,平台配送
圣比萨（灵溪华侨路店）,SBS00005,温州,"8001696089800436020	",饿了么,平台外卖,已完成,2025-10-24 17:58:29,2025-10-24 17:58:29,2025-10-24 17:58:29,饿了么支付-在线支付,,即时单,2025-10-24 17:58:29,8.45,扫码出餐,1,否,"番茄牛肉意面（25.90*1）,榴莲王披萨-9英寸(经典手拍)[{""name"":""规格"",""value"":""9英寸(经典手拍)""}]（92.00*1）,餐盒（4.00*1）",番茄牛肉意面+榴莲王披萨,,,,非会员,48,,,3份餐具,,117.90,45.48,60.10,0.00,0,0,6.17,0.00,3.50,【活动支出】店铺满减:6.00元+【活动支出】单品特价:42.10元+【活动支出】饿了么红包:12.00元+【活动支出】替用户承担配送费:3.5元,-,-,-,4.00,温州区域,温州直营,,,否,-,平台配送
圣比萨（灵溪华侨路店）,SBS00005,温州,"8082490255903355390	",饿了么,平台外卖,已完成,2025-10-24 17:58:39,2025-10-24 17:58:39,2025-10-24 17:58:39,饿了么支付-在线支付,,即时单,2025-10-24 17:58:39,7.10,扫码出餐,1,否,"明星小食桶B（19.90*1）,【任选】披萨随心配（36.80*1）,餐盒（4.00*1）",明星小食桶B+不加一+新奥尔良烤鸡肉披萨(7英寸(手拍))+不加一+上校鸡块+柠檬茶,,,,非会员,49,,,依据餐量提供餐具,,56.70,31.07,15.00,0.00,0,0,4.48,0.00,5.60,【活动支出】店铺满减:6.00元+【活动支出】饿了么红包:9.00元+【活动支出】替用户承担配送费:5.6元,-,-,-,4.00,温州区域,温州直营,,,否,-,平台配送
圣比萨（灵溪华侨路店）,SBS00005,温州,"8005906089817080072	",饿了么,平台外卖,已完成,2025-10-24 17:59:34,2025-10-24 17:59:34,2025-10-24 17:59:34,饿了么支付-在线支付,,即时单,2025-10-24 17:59:34,8.77,手动出餐,1,否,"榴莲王披萨-7英寸（经典手拍)[{""name"":""规格"",""value"":""7英寸（经典手拍)""}]（52.00*2）,餐盒（4.00*1）",榴莲王披萨,,,,非会员,50,,,依据餐量提供餐具,,104.00,41.60,50.20,0.00,0,0,5.75,0.00,4.00,【活动支出】店铺满减:6.00元+【活动支出】单品特价:36.20元+【活动支出】超会爆红包省钱包:8.00元+【活动支出】替用户承担配送费:4.0元,-,-,-,4.00,温州区域,温州直营,,,否,-,平台配送
圣比萨（灵溪华侨路店）,SBS00005,温州,"8089100255904057655	",饿了么,平台外卖,已完成,2025-10-24 17:59:36,2025-10-24 17:59:36,2025-10-24 17:59:36,饿了么支付-在线支付,,即时单,2025-10-24 17:59:36,8.80,手动出餐,1,否,新奥尔良烤鸡肉披萨7寸-单点（20.00*1）,新奥尔良烤鸡肉披萨【7英寸(手拍)】,,,,非会员,51,,,依据餐量提供餐具,,20.00,10.00,0.00,0.00,0,0,0.00,0.00,,【活动支出】拼团反圈活动:0.00元,-,-,-,0.00,温州区域,温州直营,,,否,-,平台配送
圣比萨（灵溪华侨路店）,SBS00005,温州,"8003170255913300349	",饿了么,平台外卖,已完成,2025-10-24 18:13:51,2025-10-24 18:13:51,2025-10-24 18:13:51,饿了么支付-在线支付,,即时单,2025-10-24 18:13:51,0.15,手动出餐,1,否,新奥尔良烤鸡肉披萨7寸-单点（20.00*1）,新奥尔良烤鸡肉披萨【7英寸(手拍)】,,,,非会员,52,,,依据餐量提供餐具,,20.00,10.00,0.00,0.00,0,0,0.00,0.00,,【活动支出】拼团反圈活动:0.00元,-,-,-,0.00,温州区域,温州直营,,,否,-,平台配送
圣比萨（灵溪华侨路店）,SBS00005,温州,"8068210255910077785	",饿了么,平台外卖,已完成,2025-10-24 18:15:02,2025-10-24 18:15:02,2025-10-24 18:15:02,饿了么支付-在线支付,,即时单,2025-10-24 18:15:02,0.13,手动出餐,1,否,新奥尔良烤鸡肉披萨7寸-单点（20.00*1）,新奥尔良烤鸡肉披萨【7英寸(手拍)】,,,,非会员,53,,,依据餐量提供餐具,,20.00,10.00,0.00,0.00,0,0,0.00,0.00,,【活动支出】爆品团通吃券:0.00元,-,-,-,0.00,温州区域,温州直营,,,否,-,平台配送
圣比萨（灵溪华侨路店）,SBS00005,温州,"8078360255927375322	",饿了么,平台外卖,已完成,2025-10-24 18:16:35,2025-10-24 18:16:35,2025-10-24 18:16:35,饿了么支付-在线支付,,预约单,2025-10-24 20:15:00,63.43,扫码出餐,1,否,"深海墨鱼丸-6个[{""name"":""规格"",""value"":""6个""}]（18.20*1）,蛋挞一个（原味）（3.90*1）,新奥尔良烤鸡肉披萨-9英寸(经典手拍)[{""name"":""规格"",""value"":""9英寸(经典手拍)""}]（39.90*1）,上校鸡块（4.90*1）,餐盒（5.50*1）",深海墨鱼丸+蛋挞1个+新奥尔良烤鸡肉披萨+上校鸡块,,,,非会员,54,,,不要葱不要香菜 / 依据餐量提供餐具,,66.90,30.11,26.21,0.00,0,0,4.53,0.00,6.80,【活动支出】店铺满减:6.00元+【活动支出】单品特价:8.30元+【活动支出】单品特价:2.91元+【活动支出】饿了么红包:9.00元+【活动支出】替用户承担配送费:6.0元,-,-,-,5.50,温州区域,温州直营,,,否,-,平台配送
圣比萨（灵溪华侨路店）,SBS00005,温州,"8082836089807380834	",饿了么,平台外卖,已完成,2025-10-24 18:18:11,2025-10-24 18:18:11,2025-10-24 18:18:12,饿了么支付-在线支付,,即时单,2025-10-24 18:18:11,5.52,扫码出餐,1,否,新奥尔良烤鸡肉披萨7寸-单点（20.00*1）,新奥尔良烤鸡肉披萨【7英寸(手拍)】,,,,非会员,55,,,依据餐量提供餐具,,20.00,10.00,0.00,0.00,0,0,0.00,0.00,,【活动支出】爆品团通吃券:0.00元,-,-,-,0.00,温州区域,温州直营,,,否,-,平台配送
圣比萨（灵溪华侨路店）,SBS00005,温州,"8089190256012632382	",饿了么,平台外卖,已完成,2025-10-24 18:20:38,2025-10-24 18:20:38,2025-10-24 18:20:38,饿了么支付-在线支付,,即时单,2025-10-24 18:20:38,6.03,扫码出餐,1,否,"金丝鸡排（6.90*1）,7英寸披萨买一送一[浪漫威尼斯披萨7英寸+缤纷水果披萨7英寸]（86.80*1）,蛋挞一个（原味）（3.90*1）,餐盒（3.50*1）",金丝鸡排+浪漫威尼斯披萨【7英寸(手拍)】+缤纷水果披萨【7英寸(手拍)】+蛋挞1个,,,,非会员,56,,,依据餐量提供餐具,,97.60,30.71,57.81,0.00,0,0,4.23,0.00,3.50,【活动支出】店铺满减:1.00元+【活动支出】单品特价:44.90元+【活动支出】单品特价:2.91元+【活动支出】饿了么红包:9.00元+【活动支出】替用户承担配送费:3.5元,-,-,-,3.50,温州区域,温州直营,,,否,-,平台配送
圣比萨（灵溪华侨路店）,SBS00005,温州,"8044240255822293413	",饿了么,平台外卖,已完成,2025-10-24 18:21:42,2025-10-24 18:21:42,2025-10-24 18:21:42,饿了么支付-在线支付,,即时单,2025-10-24 18:21:42,6.27,扫码出餐,1,否,"奶酪芝士卷边（7英寸）（4.90*1）,榴莲王披萨-7英寸（经典手拍)[{""name"":""规格"",""value"":""7英寸（经典手拍)""}]（52.00*1）,餐盒（2.00*1）",奶酪芝士卷边7+榴莲王披萨,,,,非会员,57,,,1份餐具,,56.90,27.29,19.10,0.00,0,0,3.86,0.00,5.00,【活动支出】店铺满减:1.00元+【活动支出】单品特价:18.10元+【活动支出】替用户承担配送费:5.0元,-,-,-,2.00,温州区域,温州直营,,,否,-,平台配送
圣比萨（灵溪华侨路店）,SBS00005,温州,"8012150255827902958	",饿了么,平台外卖,已完成,2025-10-24 18:26:58,2025-10-24 18:26:58,2025-10-24 18:26:58,饿了么支付-在线支付,,即时单,2025-10-24 18:26:58,5.68,手动出餐,1,否,"【随心❤️拼】7英寸双拼披萨(口味自选）[奥尔良+日系照烧]（26.90*1）,番茄牛肉意面（25.90*1）,餐盒（4.00*1）",双拼7寸【奥尔良口味7】+双拼7寸【日系照烧口味7】+番茄牛肉意面,,,,非会员,58,,,依据餐量提供餐具,,52.80,32.95,10.00,0.00,0,0,4.60,0.00,4.50,【活动支出】店铺满减:1.00元+【活动支出】饿了么红包:9.00元+【活动支出】替用户承担配送费:4.5元,-,-,-,4.00,温州区域,温州直营,,,否,-,平台配送
圣比萨（灵溪华侨路店）,SBS00005,温州,"8035706089820299590	",饿了么,平台外卖,已完成,2025-10-24 18:33:45,2025-10-24 18:33:45,2025-10-24 18:33:45,饿了么支付-在线支付,,即时单,2025-10-24 18:33:45,4.95,扫码出餐,1,否,"深海墨鱼丸-6个[{""name"":""规格"",""value"":""6个""}]（18.20*1）,番茄牛肉意面（25.90*1）,餐盒（3.00*1）",深海墨鱼丸+番茄牛肉意面,,,,非会员,59,,,不要辣 / 无需餐具,,44.10,21.33,16.30,0.00,0,0,2.92,0.00,3.50,【活动支出】店铺满减:1.00元+【活动支出】单品特价:8.30元+【活动支出】 商家自营销加码:2.00元+【活动支出】饿了么红包:5.00元+【活动支出】替用户承担配送费:3.5元,-,-,-,3.00,温州区域,温州直营,,,否,-,平台配送
圣比萨（灵溪华侨路店）,SBS00005,温州,"8039480255941761452	",饿了么,平台外卖,已完成,2025-10-24 18:43:50,2025-10-24 18:43:50,2025-10-24 18:43:50,饿了么支付-在线支付,,即时单,2025-10-24 18:43:50,6.58,手动出餐,1,否,"大圣招牌大满贯披萨-7英寸(经典手拍)[{""name"":""规格"",""value"":""7英寸(经典手拍)""}]（33.90*1）,餐盒（2.00*1）",大圣招牌大满贯披萨,,,,非会员,60,,,3份餐具,,33.90,19.63,7.00,0.00,0,0,2.72,0.00,4.00,【活动支出】饿了么红包:7.00元+【活动支出】替用户承担配送费:4.0元,-,-,-,2.00,温州区域,温州直营,,,否,-,平台配送
圣比萨（灵溪华侨路店）,SBS00005,温州,"8056916089800453533	",饿了么,平台外卖,已完成,2025-10-24 18:45:24,2025-10-24 18:45:24,2025-10-24 18:45:25,饿了么支付-在线支付,,即时单,2025-10-24 18:45:24,5.08,手动出餐,1,否,"榴莲王披萨-7英寸（经典手拍)[{""name"":""规格"",""value"":""7英寸（经典手拍)""}]（52.00*1）,餐盒（2.00*1）",榴莲王披萨,,,,非会员,61,,,依据餐量提供餐具,,52.00,19.63,25.10,0.00,0,0,2.72,0.00,3.50,【活动支出】单品特价:18.10元+【活动支出】饿了么红包:7.00元+【活动支出】替用户承担配送费:3.5元,-,-,-,2.00,温州区域,温州直营,,,否,-,平台配送
圣比萨（灵溪华侨路店）,SBS00005,温州,"8077886089834798480	",饿了么,平台外卖,已完成,2025-10-24 19:03:05,2025-10-24 19:03:05,2025-10-24 19:03:05,饿了么支付-在线支付,,即时单,2025-10-24 19:03:05,6.57,手动出餐,1,否,"榴莲王披萨-9英寸(经典手拍)[{""name"":""规格"",""value"":""9英寸(经典手拍)""}]（92.00*1）,餐盒（2.00*1）",榴莲王披萨,,,,非会员,62,,,2份餐具,,92.00,30.07,52.10,0.00,0,0,4.08,0.00,3.50,【活动支出】店铺满减:1.00元+【活动支出】单品特价:42.10元+【活动支出】饿了么红包:9.00元+【活动支出】替用户承担配送费:3.5元,-,-,-,2.00,温州区域,温州直营,,,否,-,平台配送
圣比萨（灵溪华侨路店）,SBS00005,温州,"8007240255951185363	",饿了么,平台外卖,已完成,2025-10-24 19:06:46,2025-10-24 19:06:46,2025-10-24 19:06:47,饿了么支付-在线支付,,即时单,2025-10-24 19:06:46,4.82,手动出餐,1,否,新奥尔良烤鸡肉披萨7寸-单点（20.00*1）,新奥尔良烤鸡肉披萨【7英寸(手拍)】,,,,非会员,63,,,依据餐量提供餐具,,20.00,10.00,0.00,0.00,0,0,0.00,0.00,,【活动支出】爆品团通吃券:0.00元,-,-,-,0.00,温州区域,温州直营,,,否,-,平台配送
圣比萨（灵溪华侨路店）,SBS00005,温州,"8060716089848224041	",饿了么,平台外卖,已完成,2025-10-24 19:22:10,2025-10-24 19:22:10,2025-10-24 19:22:11,饿了么支付-在线支付,,即时单,2025-10-24 19:22:10,6.10,手动出餐,1,否,"新奥尔良烤鸡肉披萨-9英寸(经典手拍)[{""name"":""规格"",""value"":""9英寸(经典手拍)""}]（39.90*1）,餐盒（2.00*1）",新奥尔良烤鸡肉披萨,,,,非会员,64,,,依据餐量提供餐具,,39.90,24.40,6.00,0.00,0,0,3.45,0.00,4.50,【活动支出】店铺满减:1.00元+【活动支出】饿了么红包:0.00元+【活动支出】饿了么红包:5.00元+【活动支出】替用户承担配送费:4.5元,-,-,-,2.00,温州区域,温州直营,,,否,-,平台配送
圣比萨（灵溪华侨路店）,SBS00005,温州,"8087876089863360849	",饿了么,平台外卖,已完成,2025-10-24 19:56:48,2025-10-24 19:56:48,2025-10-24 19:56:48,饿了么支付-在线支付,,即时单,2025-10-24 19:56:48,5.70,手动出餐,1,否,"【任选】披萨随心配（37.80*1）,餐盒（2.00*1）",金丝鸡排+新奥尔良烤鸡肉披萨(7英寸(手拍))+不加一+上校鸡块+可乐,,,,非会员,65,,,依据餐量提供餐具,,37.80,20.44,10.00,0.00,0,0,2.81,0.00,3.50,【活动支出】店铺满减:1.00元+【活动支出】饿了么红包:9.00元+【活动支出】替用户承担配送费:3.5元,-,-,-,2.00,温州区域,温州直营,,,否,-,平台配送
圣比萨（灵溪华侨路店）,SBS00005,温州,"8031516089880893704	",饿了么,平台外卖,已完成,2025-10-24 20:02:57,2025-10-24 20:02:57,2025-10-24 20:02:57,饿了么支付-在线支付,,即时单,2025-10-24 20:02:57,8.00,手动出餐,1,否,"咸蛋黄风味流心卷边（12英寸）（8.90*1）,炙热牛魔王披萨-12英寸(经典手拍)[{""name"":""规格"",""value"":""12英寸(经典手拍)""}]（108.00*1）,餐盒（2.00*1）",咸蛋黄流沙卷边+炙热牛魔王披萨,,,,非会员,66,,,3份餐具,,116.90,41.60,61.10,0.00,0,0,5.75,0.00,4.50,【活动支出】店铺满减:6.00元+【活动支出】单品特价:46.10元+【活动支出】饿了么红包:9.00元+【活动支出】替用户承担配送费:4.5元,-,-,-,2.00,温州区域,温州直营,,,否,-,平台配送
圣比萨（灵溪华侨路店）,SBS00005,温州,"8096140255975750081	",饿了么,平台外卖,已完成,2025-10-24 20:04:42,2025-10-24 20:04:42,2025-10-24 20:04:42,饿了么支付-在线支付,,即时单,2025-10-24 20:04:42,7.35,扫码出餐,1,否,"碳烤鸡肉培根披萨-7英寸(经典手拍)[{""name"":""规格"",""value"":""7英寸(经典手拍)""}]（25.90*1）,餐盒（2.00*1）",碳烤鸡肉培根披萨,,,,非会员,67,,,依据餐量提供餐具,,25.90,13.67,7.00,0.00,0,0,1.88,0.00,3.50,【活动支出】饿了么红包:7.00元+【活动支出】替用户承担配送费:3.5元,-,-,-,2.00,温州区域,温州直营,,,否,-,平台配送
圣比萨（灵溪华侨路店）,SBS00005,温州,"8019090255975010637	",饿了么,平台外卖,已完成,2025-10-24 20:08:58,2025-10-24 20:08:58,2025-10-24 20:08:59,饿了么支付-在线支付,,即时单,2025-10-24 20:08:58,5.03,扫码出餐,1,否,"蛋挞一个（原味）（3.90*1）,新奥尔良烤鸡肉披萨-7英寸(经典手拍)[{""name"":""规格"",""value"":""7英寸(经典手拍)""}]（23.90*1）,餐盒（2.50*1）",蛋挞1个+新奥尔良烤鸡肉披萨,,,,非会员,68,,,依据餐量提供餐具,,27.80,14.10,7.91,0.00,0,0,2.04,0.00,5.00,【活动支出】单品特价:2.91元+【活动支出】饿了么红包:5.00元+【活动支出】替用户承担配送费:5.0元,-,-,-,2.50,温州区域,温州直营,,,否,-,平台配送
圣比萨（灵溪华侨路店）,SBS00005,温州,"8084370255992760578	",饿了么,平台外卖,已完成,2025-10-24 20:20:49,2025-10-24 20:20:49,2025-10-24 20:20:50,饿了么支付-在线支付,,即时单,2025-10-24 20:20:49,6.57,扫码出餐,1,否,"可乐[冷]（5.00*1）,甜蜜时光薄脆披萨-单层[{""name"":""规格"",""value"":""单层""}]（88.00*1）,餐盒（2.00*1）",可乐+甜蜜时光薄脆披萨,,,,非会员,69,,,依据餐量提供餐具,,93.00,20.18,59.00,0.00,0,0,3.47,0.00,11.70,【活动支出】店铺满减:1.00元+【活动支出】单品特价:47.50元+【活动支出】饿了么红包:10.50元+【活动支出】替用户承担配送费:6.0元,-,-,-,2.00,温州区域,温州直营,,,否,-,平台配送
圣比萨（灵溪华侨路店）,SBS00005,温州,"8037836089889447317	",饿了么,平台外卖,已完成,2025-10-24 20:34:56,2025-10-24 20:34:56,2025-10-24 20:34:56,饿了么支付-在线支付,,即时单,2025-10-24 20:34:56,6.52,扫码出餐,1,否,新奥尔良烤鸡肉披萨7寸-单点（20.00*1）,新奥尔良烤鸡肉披萨【7英寸(手拍)】,,,,非会员,70,,,依据餐量提供餐具,,20.00,10.00,0.00,0.00,0,0,0.00,0.00,,【活动支出】爆品团通吃券:0.00元,-,-,-,0.00,温州区域,温州直营,,,否,-,平台配送
圣比萨（灵溪华侨路店）,SBS00005,温州,"8007706089882413314	",饿了么,平台外卖,已完成,2025-10-24 20:39:47,2025-10-24 20:39:47,2025-10-24 20:39:48,饿了么支付-在线支付,,即时单,2025-10-24 20:39:47,10.12,自动出餐,1,否,"7英寸披萨买一送一[奥尔良鸡肉披萨7英寸+碳烤鸡肉培根7英寸]（86.80*1）,餐盒（2.00*1）",新奥尔良烤鸡肉披萨【7英寸(手拍)】+碳烤鸡肉培根披萨【7英寸(手拍)】,,,,非会员,71,,,依据餐量提供餐具,,86.80,22.31,55.90,0.00,0,0,3.14,0.00,5.00,【活动支出】店铺满减:1.00元+【活动支出】单品特价:44.90元+【活动支出】粉丝群:1.00元+【活动支出】饿了么红包:9.00元+【活动支出】替用户承担配送费:5.0元,-,-,-,2.00,温州区域,温州直营,,,否,-,平台配送
圣比萨（灵溪华侨路店）,SBS00005,温州,"8078936089885056353	",饿了么,平台外卖,已完成,2025-10-24 20:44:08,2025-10-24 20:44:08,2025-10-24 20:44:08,饿了么支付-在线支付,,即时单,2025-10-24 20:44:08,5.98,扫码出餐,1,否,【买一送一】买披萨送披萨[浪漫威尼斯披萨7英寸+碳烤鸡肉培根7英寸]（86.80*1）,浪漫威尼斯披萨【7英寸(手拍)】+碳烤鸡肉培根披萨【7英寸(手拍)】,,,,非会员,72,,,"放门口
 / 依据餐量提供餐具",,86.80,22.32,54.90,0.00,0,0,3.03,0.00,4.00,【活动支出】单品特价:54.90元+【活动支出】替用户承担配送费:4.0元,-,-,-,0.00,温州区域,温州直营,,,否,-,平台配送
圣比萨（灵溪华侨路店）,SBS00005,温州,"8051410255897077092	",饿了么,平台外卖,已完成,2025-10-24 21:12:02,2025-10-24 21:12:02,2025-10-24 21:12:02,饿了么支付-在线支付,,即时单,2025-10-24 21:12:02,4.97,扫码出餐,1,否,新奥尔良烤鸡肉披萨7寸-单点（20.00*1）,新奥尔良烤鸡肉披萨【7英寸(手拍)】,,,,非会员,73,,,依据餐量提供餐具,,20.00,10.00,0.00,0.00,0,0,0.00,0.00,,【活动支出】拼团反圈活动:0.00元,-,-,-,0.00,温州区域,温州直营,,,否,-,平台配送
圣比萨（灵溪华侨路店）,SBS00005,温州,"8019010256093768130	",饿了么,平台外卖,已完成,2025-10-24 21:27:25,2025-10-24 21:27:25,2025-10-24 21:27:26,饿了么支付-在线支付,,即时单,2025-10-24 21:27:25,5.32,手动出餐,1,否,7寸日系照烧鸡披萨-单点（20.00*1）,日系照烧鸡披萨【7英寸(手拍)】,,,,非会员,74,,,依据餐量提供餐具,,20.00,10.00,0.00,0.00,0,0,0.00,0.00,,【活动支出】拼团反圈活动:0.00元,-,-,-,0.00,温州区域,温州直营,,,否,-,平台配送
圣比萨（灵溪华侨路店）,SBS00005,温州,"8065676089897142547	",饿了么,平台外卖,已完成,2025-10-24 21:27:58,2025-10-24 21:27:58,2025-10-24 21:27:59,饿了么支付-在线支付,,即时单,2025-10-24 21:27:58,6.87,手动出餐,1,否,"7英寸披萨买一送一[奥尔良鸡肉披萨7英寸+碳烤鸡肉培根7英寸]（86.80*1）,餐盒（2.00*1）",新奥尔良烤鸡肉披萨【7英寸(手拍)】+碳烤鸡肉培根披萨【7英寸(手拍)】,,,,非会员,75,,,依据餐量提供餐具,,86.80,23.01,54.90,0.00,0,0,3.24,0.00,5.60,【活动支出】店铺满减:1.00元+【活动支出】单品特价:44.90元+【活动支出】饿了么红包:9.00元+【活动支出】替用户承担配送费:5.6元,-,-,-,2.00,温州区域,温州直营,,,否,-,平台配送
圣比萨（灵溪华侨路店）,SBS00005,温州,"8010200256017754622	",饿了么,平台外卖,已完成,2025-10-24 21:32:46,2025-10-24 21:32:46,2025-10-24 21:32:46,饿了么支付-在线支付,,即时单,2025-10-24 21:32:46,5.03,手动出餐,1,否,"新奥尔良烤鸡肉披萨-9英寸(经典手拍)[{""name"":""规格"",""value"":""9英寸(经典手拍)""}]（39.90*1）,餐盒（2.00*1）",新奥尔良烤鸡肉披萨,,,,非会员,76,,,依据餐量提供餐具,,39.90,21.82,10.00,0.00,0,0,3.03,0.00,5.60,【活动支出】店铺满减:1.00元+【活动支出】饿了么红包:9.00元+【活动支出】替用户承担配送费:5.6元,-,-,-,2.00,温州区域,温州直营,,,否,-,平台配送
圣比萨（灵溪华侨路店）,SBS00005,温州,"8011506089913504131	",饿了么,平台外卖,已完成,2025-10-24 21:34:43,2025-10-24 21:34:43,2025-10-24 21:34:43,饿了么支付-在线支付,,即时单,2025-10-24 21:34:43,5.12,扫码出餐,1,否,新奥尔良烤鸡肉披萨7寸-单点（20.00*1）,新奥尔良烤鸡肉披萨【7英寸(手拍)】,,,,非会员,77,,,依据餐量提供餐具,,20.00,10.00,0.00,0.00,0,0,0.00,0.00,,【活动支出】爆品团通吃券:0.00元,-,-,-,0.00,温州区域,温州直营,,,否,-,平台配送
圣比萨（灵溪华侨路店）,SBS00005,温州,"8085060256103481639	",饿了么,平台外卖,已完成,2025-10-24 21:41:42,2025-10-24 21:41:42,2025-10-24 21:41:43,饿了么支付-在线支付,,即时单,2025-10-24 21:41:42,8.67,扫码出餐,1,否,"榴莲王披萨-9英寸(经典手拍)[{""name"":""规格"",""value"":""9英寸(经典手拍)""}]（92.00*1）,餐盒（2.00*1）",榴莲王披萨,,,,非会员,78,,,依据餐量提供餐具,,92.00,29.57,52.10,0.00,0,0,4.08,0.00,6.10,【活动支出】店铺满减:1.00元+【活动支出】单品特价:42.10元+【活动支出】饿了么红包:9.00元+【活动支出】替用户承担配送费:6.0元,-,-,-,2.00,温州区域,温州直营,,,否,-,平台配送
圣比萨（灵溪华侨路店）,SBS00005,温州,"8000450255909737964	",饿了么,平台外卖,已完成,2025-10-24 21:44:29,2025-10-24 21:44:29,2025-10-24 21:44:29,饿了么支付-在线支付,,即时单,2025-10-24 21:44:29,6.75,扫码出餐,1,否,"奶酪芝士卷边（9英寸）（6.90*1）,番茄牛肉意面（25.90*1）,玉米沙拉披萨-9英寸(经典手拍)[{""name"":""规格"",""value"":""9英寸(经典手拍)""}]（39.90*1）,餐盒（4.00*1）",奶酪芝士卷边9+番茄牛肉意面+玉米沙拉披萨,,,,非会员,79,,,依据餐量提供餐具,,72.70,51.74,6.00,0.00,0,0,7.11,0.00,5.60,【活动支出】店铺满减:6.00元+【活动支出】替用户承担配送费:5.6元,-,-,-,4.00,温州区域,温州直营,,,否,-,平台配送
圣比萨（灵溪华侨路店）,SBS00005,温州,"8058906089899279666	",饿了么,平台外卖,已完成,2025-10-24 21:48:08,2025-10-24 21:48:08,2025-10-24 21:48:08,饿了么支付-在线支付,,即时单,2025-10-24 21:48:08,8.10,扫码出餐,1,否,"咖喱鸡肉芝士焗饭（25.90*1）,碳烤鸡肉培根披萨-7英寸(经典手拍)[{""name"":""规格"",""value"":""7英寸(经典手拍)""}]（25.90*1）,餐盒（4.00*1）",咖喱鸡肉芝士焗饭+碳烤鸡肉培根披萨,,,,非会员,80,,,1份餐具,,51.80,32.46,10.00,0.00,0,0,4.49,0.00,5.60,【活动支出】店铺满减:1.00元+【活动支出】饿了么红包:9.00元+【活动支出】替用户承担配送费:5.6元,-,-,-,4.00,温州区域,温州直营,,,否,-,平台配送
圣比萨（灵溪华侨路店）,SBS00005,温州,"8028110256010482088	",饿了么,平台外卖,已完成,2025-10-24 21:58:33,2025-10-24 21:58:33,2025-10-24 21:58:34,饿了么支付-在线支付,,即时单,2025-10-24 21:58:33,5.42,手动出餐,1,否,新奥尔良烤鸡肉披萨7寸-单点（20.00*1）,新奥尔良烤鸡肉披萨【7英寸(手拍)】,,,,非会员,81,,,依据餐量提供餐具,,20.00,10.00,0.00,0.00,0,0,0.00,0.00,,【活动支出】爆品团通吃券:0.00元,-,-,-,0.00,温州区域,温州直营,,,否,-,平台配送
圣比萨（灵溪华侨路店）,SBS00005,温州,"8054746089903688180	",饿了么,平台外卖,已完成,2025-10-24 22:13:32,2025-10-24 22:13:32,2025-10-24 22:13:32,饿了么支付-在线支付,,即时单,2025-10-24 22:13:32,8.28,扫码出餐,1,否,"【任选】披萨随心配（31.90*1）,餐盒（2.00*1）",不加一+新奥尔良烤鸡肉披萨(7英寸(手拍))+不加一+上校鸡块+可乐,,,,非会员,82,,,依据餐量提供餐具,,31.90,16.15,8.00,0.00,0,0,2.40,0.00,7.10,【活动支出】超级会员专享红包:5.00元+【活动支出】 商家自营销加码:2.00元+【活动支出】粉丝群:1.00元+【活动支出】替用户承担配送费:6.0元,-,-,-,2.00,温州区域,温州直营,,,否,-,平台配送
圣比萨（灵溪华侨路店）,SBS00005,温州,"8005080256114075116	",饿了么,平台外卖,已完成,2025-10-24 22:13:41,2025-10-24 22:13:41,2025-10-24 22:13:42,饿了么支付-在线支付,,即时单,2025-10-24 22:13:41,8.78,扫码出餐,1,否,"玉米沙拉披萨-7英寸(经典手拍)[{""name"":""规格"",""value"":""7英寸(经典手拍)""}]（25.90*1）,咸蛋黄风味流沙卷边（7英寸）（4.90*1）,餐盒（2.00*1）",玉米沙拉披萨+咸蛋黄流沙卷边7,,,,非会员,83,,,1份餐具,,30.80,16.06,7.00,0.00,0,0,2.39,0.00,7.10,【活动支出】饿了么红包:7.00元+【活动支出】替用户承担配送费:6.0元,-,-,-,2.00,温州区域,温州直营,,,否,-,平台配送
圣比萨（灵溪华侨路店）,SBS00005,温州,"8076120256116887998	",饿了么,平台外卖,已完成,2025-10-24 22:25:33,2025-10-24 22:25:33,2025-10-24 22:25:33,饿了么支付-在线支付,,即时单,2025-10-24 22:25:33,5.83,扫码出餐,1,否,"炙热牛魔王披萨-7英寸(经典手拍)[{""name"":""规格"",""value"":""7英寸(经典手拍)""}]（45.88*1）,餐盒（2.00*1）",炙热牛魔王披萨,,,,非会员,84,,,依据餐量提供餐具,,45.88,16.15,22.98,0.00,0,0,2.30,0.00,5.60,【活动支出】单品特价:15.98元+【活动支出】超级会员专享红包:5.00元+【活动支出】 商家自营销加码:2.00元+【活动支出】替用户承担配送费:5.6元,-,-,-,2.00,温州区域,温州直营,,,否,-,平台配送
圣比萨（灵溪华侨路店）,SBS00005,温州,"8064886089928480113	",饿了么,平台外卖,已完成,2025-10-24 22:27:54,2025-10-24 22:27:54,2025-10-24 22:27:54,饿了么支付-在线支付,,即时单,2025-10-24 22:27:54,5.25,扫码出餐,1,否,7寸日系照烧鸡披萨-单点（20.00*1）,日系照烧鸡披萨【7英寸(手拍)】,,,,非会员,85,,,依据餐量提供餐具,,20.00,10.00,0.00,0.00,0,0,0.00,0.00,,【活动支出】爆品团通吃券:0.00元,-,-,-,0.00,温州区域,温州直营,,,否,-,平台配送
圣比萨（灵溪华侨路店）,SBS00005,温州,"8088110256026992090	",饿了么,平台外卖,已完成,2025-10-24 22:39:07,2025-10-24 22:39:07,2025-10-24 22:39:08,饿了么支付-在线支付,,即时单,2025-10-24 22:39:07,3.47,手动出餐,1,否,"新奥尔良烤鸡肉披萨-9英寸(经典手拍)[{""name"":""规格"",""value"":""9英寸(经典手拍)""}]（39.90*1）,餐盒（2.00*1）",新奥尔良烤鸡肉披萨,,,,非会员,86,,,依据餐量提供餐具,,39.90,20.92,10.00,0.00,0,0,3.03,0.00,6.60,【活动支出】店铺满减:1.00元+【活动支出】饿了么红包:9.00元+【活动支出】替用户承担配送费:6.0元,-,-,-,2.00,温州区域,温州直营,,,否,-,平台配送
圣比萨·披萨·炸鸡（陈家港店）,SBM00014,盐城,"8080746089582475742	",饿了么,平台外卖,已完成,2025-10-24 10:51:09,2025-10-24 10:51:09,2025-10-24 10:51:09,饿了么支付-在线支付,,即时单,2025-10-24 10:51:09,11.62,手动出餐,1,否,"爆款鸡柳桶[香辣]（28.90*1）,餐盒（1.00*1）",大圣鸡柳三合一,,,,非会员,1,,,依据餐量提供餐具,,28.90,14.02,5.00,0.00,0,0,6.88,0.00,5.00,【活动支出】饿了么红包:5.00元+【活动支出】替用户承担配送费:5.0元,-,-,-,1.00,江苏区域,江苏直营店,,,否,-,平台配送
圣比萨·披萨·炸鸡（陈家港店）,SBM00014,盐城,"8060506089645582669	",饿了么,平台外卖,已完成,2025-10-24 12:14:07,2025-10-24 12:14:07,2025-10-24 12:14:07,饿了么支付-在线支付,,即时单,2025-10-24 12:14:07,4.13,手动出餐,1,否,"可口可乐[冷]（6.00*1）,番茄牛肉意面（29.90*1）,餐盒（1.00*1）",小可乐+番茄牛肉意面,,,,非会员,2,,,依据餐量提供餐具,,35.90,18.41,6.00,0.00,0,0,8.49,0.00,5.00,【活动支出】店铺满减:1.00元+【活动支出】超级会员专享红包:5.00元+【活动支出】替用户承担配送费:5.0元,-,-,-,1.00,江苏区域,江苏直营店,,,否,-,平台配送
圣比萨·披萨·炸鸡（陈家港店）,SBM00014,盐城,"8085936089668280764	",饿了么,平台外卖,已完成,2025-10-24 12:46:19,2025-10-24 12:46:19,2025-10-24 12:46:19,饿了么支付-在线支付,,即时单,2025-10-24 12:46:19,6.07,手动出餐,1,否,"黑椒牛肉意面（29.90*1）,餐盒（1.00*1）",黑椒牛肉意面,,,,非会员,3,,,依据餐量提供餐具,,29.90,12.79,7.00,0.00,0,0,7.11,0.00,5.00,【活动支出】粉丝群:2.00元+【活动支出】饿了么红包:5.00元+【活动支出】替用户承担配送费:5.0元,-,-,-,1.00,江苏区域,江苏直营店,,,否,-,平台配送
圣比萨·披萨·炸鸡（陈家港店）,SBM00014,盐城,"8085996089723997558	",饿了么,平台外卖,已完成,2025-10-24 14:51:30,2025-10-24 14:51:30,2025-10-24 14:51:31,饿了么支付-在线支付,,即时单,2025-10-24 14:51:30,10.17,手动出餐,1,否,"新奥尔良烤鸡肉披萨-7寸(手拍)[{""name"":""规格"",""value"":""7寸(手拍)""}]（28.90*1）,餐盒（1.00*1）",新奥尔良烤鸡肉披萨,,,,非会员,4,,,如果饭里有白菜之类的，请不要加，谢谢 / 依据餐量提供餐具,,28.90,14.02,5.00,0.00,0,0,6.88,0.00,5.00,【活动支出】CPS商户叠加券:0.00元+【活动支出】饿了么红包:5.00元+【活动支出】替用户承担配送费:5.0元,-,-,-,1.00,江苏区域,江苏直营店,,,否,-,平台配送
圣比萨·披萨·炸鸡（陈家港店）,SBM00014,盐城,"8068606089701165323	",饿了么,平台外卖,已完成,2025-10-24 15:07:58,2025-10-24 15:07:58,2025-10-24 15:07:58,饿了么支付-在线支付,,即时单,2025-10-24 15:07:58,11.07,手动出餐,1,否,"新奥尔良烤鸡肉披萨-7寸(手拍)[{""name"":""规格"",""value"":""7寸(手拍)""}]（28.90*1）,餐盒（1.00*1）",新奥尔良烤鸡肉披萨,,,,非会员,5,,,2份餐具,,28.90,14.02,5.00,0.00,0,0,6.88,0.00,5.00,【活动支出】饿了么红包:5.00元+【活动支出】替用户承担配送费:5.0元,-,-,-,1.00,江苏区域,江苏直营店,,,否,-,平台配送
圣比萨·披萨·炸鸡（陈家港店）,SBM00014,盐城,"8095250255738689865	",饿了么,平台外卖,已完成,2025-10-24 15:20:50,2025-10-24 15:20:50,2025-10-24 15:20:50,饿了么支付-在线支付,,即时单,2025-10-24 15:20:50,10.18,手动出餐,1,否,"碳烤鸡肉培根披萨-9英寸(手拍)[{""name"":""规格"",""value"":""9英寸(手拍)""}]（36.90*1）,餐盒（1.00*1）",碳烤鸡肉培根披萨,,,,非会员,6,,,无需餐具,,36.90,19.18,6.00,0.00,0,0,8.72,0.00,5.00,【活动支出】店铺满减:1.00元+【活动支出】饿了么红包:5.00元+【活动支出】替用户承担配送费:5.0元,-,-,-,1.00,江苏区域,江苏直营店,,,否,-,平台配送
圣比萨·披萨·炸鸡（陈家港店）,SBM00014,盐城,"8038866089736798582	",饿了么,平台外卖,已完成,2025-10-24 16:01:35,2025-10-24 16:01:35,2025-10-24 16:01:35,饿了么支付-在线支付,,即时单,2025-10-24 16:01:35,13.18,自动出餐,1,否,"蛋挞2个（8.90*1）,芬达（6.00*1）,奶酪芝士卷边（7英寸）（4.90*1）,碳烤鸡肉培根披萨-7英寸(手拍)[{""name"":""规格"",""value"":""7英寸(手拍)""}]（28.90*1）,餐盒（1.50*1）",蛋挞+小芬达+奶酪芝士卷边7+碳烤鸡肉培根披萨,,,,非会员,7,,,无需餐具,,48.70,28.65,6.00,0.00,0,0,11.55,0.00,5.00,【活动支出】店铺满减:1.00元+【活动支出】饿了么红包:5.00元+【活动支出】替用户承担配送费:5.0元,-,-,-,1.50,江苏区域,江苏直营店,,,否,-,平台配送
圣比萨·披萨·炸鸡（陈家港店）,SBM00014,盐城,"8092070255787022767	",饿了么,平台外卖,已完成,2025-10-24 17:26:52,2025-10-24 17:26:52,2025-10-24 17:26:52,饿了么支付-在线支付,,即时单,2025-10-24 17:26:52,8.17,手动出餐,1,否,"新奥尔良烤鸡肉披萨-7寸(手拍)[{""name"":""规格"",""value"":""7寸(手拍)""}]（28.90*1）,餐盒（1.00*1）",新奥尔良烤鸡肉披萨,,,,非会员,8,,,依据餐量提供餐具,,28.90,12.02,7.00,0.00,0,0,6.88,0.00,5.00,【活动支出】粉丝群:2.00元+【活动支出】饿了么红包:5.00元+【活动支出】替用户承担配送费:5.0元,-,-,-,1.00,江苏区域,江苏直营店,,,否,-,平台配送
圣比萨·披萨·炸鸡（陈家港店）,SBM00014,盐城,"8071776089836566830	",饿了么,平台外卖,已完成,2025-10-24 18:33:29,2025-10-24 18:33:29,2025-10-24 18:33:29,饿了么支付-在线支付,,即时单,2025-10-24 18:33:29,8.82,手动出餐,1,否,"爆款鸡柳桶[三种口味混合]（28.90*1）,餐盒（1.00*1）",大圣鸡柳三合一,,,,非会员,9,,,依据餐量提供餐具,,28.90,14.02,5.00,0.00,0,0,6.88,0.00,5.00,【活动支出】饿了么红包:5.00元+【活动支出】替用户承担配送费:5.0元,-,-,-,1.00,江苏区域,江苏直营店,,,否,-,平台配送
圣比萨·披萨·炸鸡（陈家港店）,SBM00014,盐城,"8020816089798713602	",饿了么,平台外卖,已完成,2025-10-24 18:39:13,2025-10-24 18:39:13,2025-10-24 18:39:13,饿了么支付-在线支付,,即时单,2025-10-24 18:39:13,7.35,手动出餐,1,否,"招牌大圣鸡排（2个）[甘梅]（16.90*1）,大圣香肠1串[香辣]（5.90*1）,餐盒（1.00*1）",大圣香肠1串,,,,非会员,10,,,依据餐量提供餐具,用户申请取消单 其他原因，,22.80,9.33,5.00,0.00,0,0,5.47,0.00,5.00,【活动支出】饿了么红包:5.00元+【活动支出】替用户承担配送费:5.0元,-,-,-,1.00,江苏区域,江苏直营店,,,否,-,平台配送
圣比萨·披萨·炸鸡（陈家港店）,SBM00014,盐城,"8088736089863519729	",饿了么,平台外卖,已完成,2025-10-24 19:16:22,2025-10-24 19:16:22,2025-10-24 19:16:22,饿了么支付-在线支付,,即时单,2025-10-24 19:16:22,14.00,自动出餐,1,否,"大圣招牌肉串（3串）[孜然]（16.90*1）,红薯薯泥流心卷边（9英寸）（6.90*1）,圣比招牌披萨-9英寸(经典手拍)[{""name"":""规格"",""value"":""9英寸(经典手拍)""}]（46.90*1）,餐盒（1.50*1）",大圣招牌肉串3串+红薯泥流心卷边9+大圣招牌大满贯披萨,,,,非会员,11,,,依据餐量提供餐具,,70.70,43.59,8.00,0.00,0,0,16.61,0.00,5.00,【活动支出】店铺满减:3.00元+【活动支出】超会爆红包省钱包:5.00元+【活动支出】替用户承担配送费:5.0元,-,-,-,1.50,江苏区域,江苏直营店,,,否,-,平台配送
圣比萨·披萨·炸鸡（陈家港店）,SBM00014,盐城,"8007576089854582085	",饿了么,平台外卖,已完成,2025-10-24 20:39:38,2025-10-24 20:39:38,2025-10-24 20:39:38,饿了么支付-在线支付,,即时单,2025-10-24 20:39:38,11.40,手动出餐,1,否,"芝士焗红薯泥（10.90*1）,玉米沙拉披萨-7英寸(手拍)[{""name"":""规格"",""value"":""7英寸(手拍)""}]（28.90*1）,咸蛋黄风味流沙卷边（7英寸）（4.90*1）,餐盒（1.50*1）",芝士焗红薯泥+玉米沙拉披萨+咸蛋黄流沙卷边7,,,,非会员,12,,,依据餐量提供餐具,,44.70,25.57,6.00,0.00,0,0,10.63,0.00,5.00,【活动支出】店铺满减:1.00元+【活动支出】饿了么红包:5.00元+【活动支出】替用户承担配送费:5.0元,-,-,-,1.50,江苏区域,江苏直营店,,,否,-,平台配送
圣比萨·披萨·炸鸡（陈家港店）,SBM00014,盐城,"8027130255992120820	",饿了么,平台外卖,已完成,2025-10-24 20:49:10,2025-10-24 20:49:10,2025-10-24 20:49:11,饿了么支付-在线支付,,即时单,2025-10-24 20:49:10,10.77,手动出餐,1,否,"金沙咸蛋黄嫩鸡披萨-7英寸(手拍)[{""name"":""规格"",""value"":""7英寸(手拍)""}]（34.90*1）,餐盒（1.00*1）",金沙咸蛋黄嫩鸡披萨,,,,非会员,13,,,依据餐量提供餐具,,34.90,17.64,6.00,0.00,0,0,8.26,0.00,5.00,【活动支出】店铺满减:1.00元+【活动支出】饿了么红包:5.00元+【活动支出】替用户承担配送费:5.0元,-,-,-,1.00,江苏区域,江苏直营店,,,否,-,平台配送
圣比萨·披萨·炸鸡（陈家港店）,SBM00014,盐城,"8036390255906188641	",饿了么,平台外卖,已完成,2025-10-24 21:24:38,2025-10-24 21:24:38,2025-10-24 21:24:39,饿了么支付-在线支付,,即时单,2025-10-24 21:24:38,9.60,手动出餐,1,否,"大圣生炸大鸡腿[孜然]（14.90*1）,碳烤鸡肉培根披萨-7英寸(手拍)[{""name"":""规格"",""value"":""7英寸(手拍)""}]（28.90*1）,餐盒（1.50*1）",大圣生炸大鸡腿+碳烤鸡肉培根披萨,,,,非会员,14,,,依据餐量提供餐具,,43.80,22.88,8.00,0.00,0,0,10.42,0.00,5.00,【活动支出】店铺满减:1.00元+【活动支出】粉丝群:2.00元+【活动支出】饿了么红包:5.00元+【活动支出】替用户承担配送费:5.0元,-,-,-,1.50,江苏区域,江苏直营店,,,否,-,平台配送
圣比萨（虹桥店）,SBM00015,温州,"8085856089669453060	",饿了么,平台外卖,已完成,2025-10-24 12:33:57,2025-10-24 12:33:57,2025-10-24 12:33:58,饿了么支付-在线支付,,即时单,2025-10-24 12:33:57,12.52,手动出餐,1,否,"榴莲王披萨7英寸（52.00*1）,明星小食桶C（38.00*1）,餐盒（4.00*1）",榴莲王披萨7英寸+明星小食桶C,,,,非会员,1,,,到了联系18867710350 / 依据餐量提供餐具,,90.00,38.36,45.10,0.00,0,0,3.59,0.00,3.50,【活动支出】店铺满减:2.00元+【活动支出】单品特价:18.10元+【活动支出】单品特价:12.00元+【活动支出】粉丝群:1.00元+【活动支出】饿了么红包:12.00元+【活动支出】替用户承担配送费:1.0元,-,-,-,4.00,温州区域,温州加盟,,,否,-,平台配送
圣比萨（虹桥店）,SBM00015,温州,"8017776089699733764	",饿了么,平台外卖,已退款,2025-10-24 14:03:42,2025-10-24 14:03:42,2025-10-24 14:03:42,饿了么支付-在线支付,,即时单,2025-10-24 14:03:42,,未出餐,1,否,"牛肉至尊披萨7英寸（45.00*2）,餐盒（4.00*1）",炙热牛魔王披萨【7英寸(手拍)】,,,,非会员,2,,,依据餐量提供餐具,订单强制无效（商家主动取消已接订单、用户1分钟内取消),90.00,-11.67,43.40,49.80,0,0,3.72,0.00,6.20,【活动支出】店铺满减:2.00元+【活动支出】单品特价:32.40元+【活动支出】饿了么红包:9.00元+【活动支出】替用户承担配送费:1.0元,-,-,-,4.00,温州区域,温州加盟,,,否,-,平台配送
圣比萨（虹桥店）,SBM00015,温州,"8002470255725953436	",饿了么,平台外卖,已完成,2025-10-24 14:54:25,2025-10-24 14:54:25,2025-10-24 14:54:25,饿了么支付-在线支付,,即时单,2025-10-24 14:54:25,9.98,手动出餐,1,否,"️任意爆款意面一人食套餐[番茄牛肉意面+蛋挞一对+奶茶  温热]（58.00*1）,奥尔良烤翅（14.00*1）,餐盒（3.00*1）",番茄牛肉意面+奥尔良烤翅,,,,非会员,3,,,依据餐量提供餐具,,72.00,28.46,38.10,0.00,0,0,2.69,0.00,3.50,【活动支出】店铺满减:1.00元+【活动支出】单品特价:28.10元+【活动支出】单品特价:3.00元+【活动支出】 商家自营销加码:1.00元+【活动支出】CPS商户叠加券:0.00元+【活动支出】饿了么红包:5.00元+【活动支出】淘金币:0.00元+【活动支出】替用户承担配送费:1.0元,-,-,-,3.00,温州区域,温州加盟,,,否,-,平台配送
圣比萨（虹桥店）,SBM00015,温州,"8076280255736621357	",饿了么,平台外卖,已完成,2025-10-24 15:40:48,2025-10-24 15:40:48,2025-10-24 15:40:48,饿了么支付-在线支付,,即时单,2025-10-24 15:40:48,9.45,手动出餐,1,否,"爆款披萨双人超值套餐[圣比至尊7英寸+番茄汁培根面+可 乐+可乐 常温]（88.00*1）,餐盒（2.00*1）",番茄培根意面,,,,非会员,4,,,2份餐具,,88.00,32.06,49.20,0.00,0,0,2.99,0.00,3.50,【活动支出】店铺满减:1.00元+【活动支出】单品特价:39.20元+【活动支出】饿了么红包:9.00元+【活动支出】替用户承担配送费:1.0元,-,-,-,2.00,温州区域,温州加盟,,,否,-,平台配送
圣比萨（虹桥店）,SBM00015,温州,"8035150255738544440	",饿了么,平台外卖,已完成,2025-10-24 15:43:16,2025-10-24 15:43:16,2025-10-24 15:43:16,饿了么支付-在线支付,,即时单,2025-10-24 15:43:16,5.73,手动出餐,1,否,"番茄培根意面（52.00*1）,餐盒（2.00*1）",番茄培根意面,,,,非会员,5,,,1份餐具,,52.00,14.02,36.20,0.00,0,0,1.43,0.00,3.50,【活动支出】单品特价:30.20元+【活动支出】饿了么红包:6.00元,-,-,-,2.00,温州区域,温州加盟,,,否,-,平台配送
圣比萨（虹桥店）,SBM00015,温州,"8058380255962741044	",饿了么,平台外卖,已完成,2025-10-24 16:59:19,2025-10-24 16:59:19,2025-10-24 16:59:19,饿了么支付-在线支付,,即时单,2025-10-24 16:59:19,9.22,手动出餐,1,否,"爆款披萨双人超值套餐[牛肉7英寸+番茄汁牛肉面+芒果汁+柠檬茶  常温]（88.00*1）,餐盒（2.00*1）",炙热牛魔王披萨【7英寸(手拍)】+番茄牛肉意面+芒果汁,,,,非会员,6,,,不要辣 / 2份餐具,,88.00,34.24,46.20,0.00,0,0,3.21,0.00,3.50,【活动支出】店铺满减:1.00元+【活动支出】单品特价:39.20元+【活动支出】超级会员专享红包:5.00元+【活动支出】 商家自营销加码:1.00元+【活动支出】替用户承担配送费:1.0元,-,-,-,2.00,温州区域,温州加盟,,,否,-,平台配送
圣比萨（虹桥店）,SBM00015,温州,"8089460256044569016	",饿了么,平台外卖,已完成,2025-10-24 19:14:09,2025-10-24 19:14:09,2025-10-24 19:14:09,饿了么支付-在线支付,,即时单,2025-10-24 19:14:09,9.85,手动出餐,1,否,"日系照烧鸡披萨7英寸（45.00*1）,餐盒（2.00*1）",日系照烧鸡披萨【7英寸(手拍)】,,,,非会员,7,,,1份餐具,,45.00,12.95,27.00,0.00,0,0,1.50,0.00,6.80,【活动支出】单品特价:21.00元+【活动支出】饿了么红包:6.00元,-,-,-,2.00,温州区域,温州加盟,,,否,-,平台配送
圣比萨（虹桥店）,SBM00015,温州,"8043260256004755906	",饿了么,平台外卖,已完成,2025-10-24 21:03:12,2025-10-24 21:03:12,2025-10-24 21:03:12,饿了么支付-在线支付,,即时单,2025-10-24 21:03:12,10.45,手动出餐,1,否,"新奥尔良烤鸡肉披萨-9英寸[{""name"":""规格"",""value"":""9英寸""}]（78.00*1）,经典薯条（18.00*1）,餐盒（3.00*1）",新奥尔良烤鸡肉披萨+经典薯条,,,,非会员,8,,,依据餐量提供餐具,,96.00,44.06,42.10,0.00,0,0,4.19,0.00,5.60,【活动支出】店铺满减:2.00元+【活动支出】单品特价:32.00元+【活动支出】单品特价:3.10元+【活动支出】饿了么红包:5.00元+【活动支出】替用户承担配送费:1.0元,-,-,-,3.00,温州区域,温州加盟,,,否,-,平台配送
圣比萨（临安店）,SBM00043,杭州,"8081816089491527970	",饿了么,平台外卖,已完成,2025-10-23 23:24:02,2025-10-23 23:24:02,2025-10-23 23:24:02,饿了么支付-在线支付,,预约单,2025-10-24 16:45:00,996.02,自动出餐,1,否,奥尔良风情烤鸡肉一人食盒子披萨（23.90*1）,奥尔良风情烤鸡肉一人食盒子披萨,,,,非会员,1,,,依据餐量提供餐具,,23.90,10.34,6.00,0.00,0,0,0.96,0.00,5.10,【活动支出】首次光顾立减:1.00元+【活动支出】饿了么红包:5.00元+【活动支出】替用户承担配送费:5.1元,-,-,-,0.00,杭州区域,杭州加盟,,,否,-,平台配送
圣比萨（临安店）,SBM00043,杭州,"8043736089475460554	",饿了么,平台外卖,已完成,2025-10-24 00:42:02,2025-10-24 00:42:02,2025-10-24 00:42:02,饿了么支付-在线支付,,预约单,2025-10-24 11:20:00,593.03,自动出餐,1,否,"点击右上角❤️免费得小吃（限一份，多点不送）[上校鸡块2个]（0.20*1）,日系照烧鸡披萨-7英寸(手拍)[{""name"":""规格"",""value"":""7英寸(手拍)""}]（25.90*1）",上校鸡块2个+日系照烧鸡披萨,,,,非会员,2,,,不要葱，不要香菜 / 依据餐量提供餐具；手机尾号：4006；接力送,,26.10,10.74,8.00,0.00,0,0,0.96,0.00,5.90,【活动支出】订单集点返红包:3.00元+【活动支出】饿了么红包:5.00元+【活动支出】替用户承担配送费:5.9元,-,-,-,0.00,杭州区域,杭州加盟,,,否,-,平台配送
圣比萨（临安店）,SBM00043,杭州,"8027210255730265401	",饿了么,平台外卖,已完成,2025-10-24 08:31:03,2025-10-24 08:31:03,2025-10-24 08:31:04,饿了么支付-在线支付,,预约单,2025-10-24 10:25:00,69.07,自动出餐,1,否,"【随心❤️拼】7英寸双拼披萨（口味自选）[玉米沙拉+新奥尔良烤鸡肉]（27.90*1）,蛋挞一个（3.90*1）",双拼7寸【玉米沙拉口味7】+双拼7寸【奥尔良口味7】+蛋挞1个,,,,非会员,3,,,无需餐具,,31.80,16.09,7.91,0.00,0,0,1.00,0.00,3.30,【活动支出】首次光顾立减:1.00元+【活动支出】单品特价:1.91元+【活动支出】饿了么红包:5.00元+【活动支出】替用户承担配送费:3.3元,-,-,-,0.00,杭州区域,杭州加盟,,,否,-,平台配送
圣比萨（临安店）,SBM00043,杭州,"8076746089550400960	",饿了么,平台外卖,已完成,2025-10-24 09:45:58,2025-10-24 09:45:58,2025-10-24 09:45:59,饿了么支付-在线支付,,即时单,2025-10-24 09:45:58,9.00,手动出餐,1,否,【任选】买一送一7英寸披萨（44.90*1）,新奥尔良烤鸡肉披萨(7英寸(手拍))+奶酪芝士披萨(7英寸(手拍)),,,,非会员,4,,,依据餐量提供餐具,,44.90,28.02,7.00,0.00,0,0,1.68,0.00,5.10,【活动支出】店铺满减:1.00元+【活动支出】首次光顾立减:1.00元+【活动支出】饿了么红包:5.00元+【活动支出】替用户承担配送费:5.1元,-,-,-,0.00,杭州区域,杭州加盟,,,否,-,平台配送
圣比萨（临安店）,SBM00043,杭州,"8055976089550218573	",饿了么,平台外卖,已完成,2025-10-24 10:28:13,2025-10-24 10:28:13,2025-10-24 10:28:13,饿了么支付-在线支付,,预约单,2025-10-24 11:40:00,26.82,自动出餐,1,否,"新奥尔良烤鸡肉披萨-7英寸(手拍)[{""name"":""规格"",""value"":""7英寸(手拍)""}]（25.90*1）,奶酪芝士卷边（7英寸）（4.90*1）",新奥尔良烤鸡肉披萨+奶酪芝士卷边7,,,,非会员,5,,,依据餐量提供餐具,,30.80,16.75,6.00,0.00,0,0,1.05,0.00,4.50,【活动支出】首次光顾立减:1.00元+【活动支出】CPS商户叠加券:0.00元+【活动支出】饿了么红包:5.00元+【活动支出】淘金币:0.00元+【活动支出】替用户承担配送费:4.5元,-,-,-,0.00,杭州区域,杭州加盟,,,否,-,平台配送
圣比萨（临安店）,SBM00043,杭州,"8030210255674428925	",饿了么,平台外卖,已完成,2025-10-24 10:31:45,2025-10-24 10:31:45,2025-10-24 10:31:46,饿了么支付-在线支付,,预约单,2025-10-24 11:45:00,28.27,自动出餐,1,否,【随心❤️拼】7英寸双拼披萨（口味自选）[新奥尔良烤鸡肉+日系照烧鸡]（27.90*1）,双拼7寸【奥尔良口味7】+双拼7寸【日系照烧口味7】,,,,非会员,6,,,依据餐量提供餐具,,27.90,14.34,6.00,0.00,0,0,0.96,0.00,5.90,【活动支出】首次光顾立减:1.00元+【活动支出】CPS商户叠加券:0.00元+【活动支出】饿了么红包:5.00元+【活动支出】替用户承担配送费:5.9元,-,-,-,0.00,杭州区域,杭州加盟,,,否,-,平台配送
圣比萨（临安店）,SBM00043,杭州,"8009290255568777698	",饿了么,平台外卖,已完成,2025-10-24 10:32:55,2025-10-24 10:32:55,2025-10-24 10:32:56,饿了么支付-在线支付,,即时单,2025-10-24 10:32:55,7.30,手动出餐,1,否,【随心❤️拼】7英寸双拼披萨（口味自选）[新奥尔良烤鸡肉+日系照烧鸡]（27.90*1）,双拼7寸【奥尔良口味7】+双拼7寸【日系照烧口味7】,,,,非会员,7,,,1份餐具,,27.90,12.74,8.00,0.00,0,0,0.96,0.00,3.30,【活动支出】首次光顾立减:1.00元+【活动支出】下单返红包:2.00元+【活动支出】饿了么红包:5.00元+【活动支出】替用户承担配送费:3.3元,-,-,-,0.00,杭州区域,杭州加盟,,,否,-,平台配送
圣比萨（临安店）,SBM00043,杭州,"8072090255579086173	",饿了么,平台外卖,已完成,2025-10-24 10:40:23,2025-10-24 10:40:23,2025-10-24 10:40:24,饿了么支付-在线支付,,预约单,2025-10-24 11:50:00,23.32,手动出餐,1,否,【随心❤️拼】7英寸双拼披萨（口味自选）[新奥尔良烤鸡肉+碳烤鸡肉培根]（27.90*1）,双拼7寸【奥尔良口味7】+双拼7寸【碳烤鸡肉培根口味7】,,,,非会员,8,,,依据餐量提供餐具,,27.90,14.34,6.00,0.00,0,0,0.96,0.00,5.90,【活动支出】首次光顾立减:1.00元+【活动支出】饿了么红包:5.00元+【活动支出】替用户承担配送费:5.9元,-,-,-,0.00,杭州区域,杭州加盟,,,否,-,平台配送
圣比萨（临安店）,SBM00043,杭州,"8077566089572094343	",饿了么,平台外卖,已完成,2025-10-24 10:43:17,2025-10-24 10:43:17,2025-10-24 10:43:18,饿了么支付-在线支付,,即时单,2025-10-24 10:43:17,8.23,手动出餐,1,否,"新奥尔良烤鸡肉披萨-7英寸(手拍)[{""name"":""规格"",""value"":""7英寸(手拍)""}]（25.90*1）",新奥尔良烤鸡肉披萨,,,,非会员,9,,,无需餐具,,25.90,12.34,6.00,0.00,0,0,0.96,0.00,5.10,【活动支出】首次光顾立减:1.00元+【活动支出】饿了么红包:5.00元+【活动支出】替用户承担配送费:5.1元,-,-,-,0.00,杭州区域,杭州加盟,,,否,-,平台配送
圣比萨（临安店）,SBM00043,杭州,"8014526089565848920	",饿了么,平台外卖,已完成,2025-10-24 10:43:39,2025-10-24 10:43:39,2025-10-24 10:43:39,饿了么支付-在线支付,,预约单,2025-10-24 11:50:00,21.47,自动出餐,1,否,【任选】披萨随心配（31.90*1）,新奥尔良烤鸡肉披萨(7英寸(手拍))+蛋挞+小芬达,,,,非会员,10,,,依据餐量提供餐具,,31.90,17.60,6.00,0.00,0,0,1.10,0.00,5.10,【活动支出】首次光顾立减:1.00元+【活动支出】饿了么红包:5.00元+【活动支出】替用户承担配送费:5.1元,-,-,-,0.00,杭州区域,杭州加盟,,,否,-,平台配送
圣比萨（临安店）,SBM00043,杭州,"8033646089572646377	",饿了么,平台外卖,已完成,2025-10-24 10:46:58,2025-10-24 10:46:58,2025-10-24 10:46:58,饿了么支付-在线支付,,即时单,2025-10-24 10:46:58,8.60,手动出餐,1,否,奥尔良风情烤鸡肉一人食盒子披萨（23.90*1）,奥尔良风情烤鸡肉一人食盒子披萨,,,,非会员,11,,,依据餐量提供餐具；手机尾号：0620；接力送,,23.90,10.74,6.00,0.00,0,0,0.96,0.00,3.30,【活动支出】首次光顾立减:1.00元+【活动支出】饿了么红包:5.00元+【活动支出】替用户承担配送费:3.3元,-,-,-,0.00,杭州区域,杭州加盟,,,否,-,平台配送
圣比萨（临安店）,SBM00043,杭州,"8098976089578117570	",饿了么,平台外卖,已完成,2025-10-24 10:51:54,2025-10-24 10:51:54,2025-10-24 10:51:54,饿了么支付-在线支付,,预约单,2025-10-24 12:05:00,28.17,自动出餐,1,否,"【随心❤️拼】7英寸双拼披萨（口味自选）[新奥尔良烤鸡肉+缤纷水果]（27.90*1）,川香脆皮翅根-1个[{""name"":""规格"",""value"":""1个""}]（6.90*1）",双拼7寸【奥尔良口味7】+双拼7寸【缤纷水果口味7】,,,,非会员,12,,,依据餐量提供餐具,,34.80,16.64,9.91,0.00,0,0,1.05,0.00,5.10,【活动支出】首次光顾立减:1.00元+【活动支出】单品特价:3.91元+【活动支出】饿了么红包:5.00元+【活动支出】替用户承担配送费:5.1元,-,-,-,0.00,杭州区域,杭州加盟,,,否,-,平台配送
圣比萨（临安店）,SBM00043,杭州,"8073190255692217643	",饿了么,平台外卖,已完成,2025-10-24 10:52:52,2025-10-24 10:52:52,2025-10-24 10:52:52,饿了么支付-在线支付,,即时单,2025-10-24 10:52:52,12.02,自动出餐,1,否,【任选】披萨随心配（31.90*1）,碳烤鸡肉培根披萨(7英寸(手拍))+蛋挞+小芬达,,,,非会员,13,,,依据餐量提供餐具；手机尾号：7604；接力送,,31.90,17.60,6.00,0.00,0,0,1.10,0.00,5.90,【活动支出】首次光顾立减:1.00元+【活动支出】饿了么红包:5.00元+【活动支出】替用户承担配送费:5.9元,-,-,-,0.00,杭州区域,杭州加盟,,,否,-,平台配送
圣比萨（临安店）,SBM00043,杭州,"8052430255776763196	",饿了么,平台外卖,已完成,2025-10-24 10:55:00,2025-10-24 10:55:00,2025-10-24 10:55:01,饿了么支付-在线支付,,即时单,2025-10-24 10:55:00,12.23,自动出餐,1,否,【随心❤️拼】7英寸双拼披萨（口味自选）[新奥尔良烤鸡肉+日系照烧鸡]（27.90*1）,双拼7寸【奥尔良口味7】+双拼7寸【日系照烧口味7】,,,,非会员,14,,,送到A3楼下外卖柜，谢谢🙏 / 1份餐具；手机尾号：3701；接力送,,27.90,14.54,6.00,0.00,0,0,0.96,0.00,5.10,【活动支出】首次光顾立减:1.00元+【活动支出】饿了么红包:5.00元+【活动支出】替用户承担配送费:5.1元,-,-,-,0.00,杭州区域,杭州加盟,,,否,-,平台配送
圣比萨（临安店）,SBM00043,杭州,"8001866089588842794	",饿了么,平台外卖,已完成,2025-10-24 10:57:50,2025-10-24 10:57:50,2025-10-24 10:57:50,饿了么支付-在线支付,,即时单,2025-10-24 10:57:50,11.47,手动出餐,1,否,"【随心❤️拼】7英寸双拼披萨（口味自选）[新奥尔良烤鸡肉+碳烤鸡肉培根]（27.90*1）,奶酪芝士卷边（7英寸）（4.90*1）",双拼7寸【奥尔良口味7】+双拼7寸【碳烤鸡肉培根口味7】+奶酪芝士卷边7,,,,非会员,15,,,依据餐量提供餐具,,32.80,18.46,6.00,0.00,0,0,1.14,0.00,5.10,【活动支出】首次光顾立减:1.00元+【活动支出】饿了么红包:5.00元+【活动支出】替用户承担配送费:5.1元,-,-,-,0.00,杭州区域,杭州加盟,,,否,-,平台配送
圣比萨（临安店）,SBM00043,杭州,"8090110255782769081	",饿了么,平台外卖,已完成,2025-10-24 10:59:24,2025-10-24 10:59:24,2025-10-24 10:59:25,饿了么支付-在线支付,,即时单,2025-10-24 10:59:24,5.65,手动出餐,1,否,番茄牛肉意面（25.90*1）,番茄牛肉意面,,,,非会员,16,,,1份餐具；手机尾号：0607；接力送,,25.90,11.54,7.00,0.00,0,0,0.96,0.00,5.10,【活动支出】下单返红包:2.00元+【活动支出】饿了么红包:5.00元+【活动支出】替用户承担配送费:5.1元,-,-,-,0.00,杭州区域,杭州加盟,,,否,-,平台配送
圣比萨（临安店）,SBM00043,杭州,"8037686089591064866	",饿了么,平台外卖,已完成,2025-10-24 10:59:49,2025-10-24 10:59:49,2025-10-24 10:59:50,饿了么支付-在线支付,,即时单,2025-10-24 10:59:49,11.52,手动出餐,1,否,【随心❤️拼】7英寸双拼披萨（口味自选）[新奥尔良烤鸡肉+新奥尔良烤鸡肉]（27.90*1）,双拼7寸【奥尔良口味7】+双拼7寸【奥尔良口味7】,,,,非会员,17,,,依据餐量提供餐具,,27.90,14.74,6.00,0.00,0,0,0.96,0.00,3.30,【活动支出】首次光顾立减:1.00元+【活动支出】饿了么红包:5.00元+【活动支出】替用户承担配送费:3.3元,-,-,-,0.00,杭州区域,杭州加盟,,,否,-,平台配送
圣比萨（临安店）,SBM00043,杭州,"8032946089603422651	",饿了么,平台外卖,已完成,2025-10-24 11:08:34,2025-10-24 11:08:34,2025-10-24 11:08:35,饿了么支付-在线支付,,即时单,2025-10-24 11:08:34,8.22,手动出餐,1,否,"新奥尔良烤鸡肉披萨-7英寸(手拍)[{""name"":""规格"",""value"":""7英寸(手拍)""}]（25.90*1）,川香脆皮翅根-1个[{""name"":""规格"",""value"":""1个""}]（6.90*1）",新奥尔良烤鸡肉披萨,,,,非会员,18,,,依据餐量提供餐具；手机尾号：6805；接力送,,32.80,15.53,9.91,0.00,0,0,0.96,0.00,5.10,【活动支出】首次光顾立减:1.00元+【活动支出】单品特价:3.91元+【活动支出】饿了么红包:5.00元+【活动支出】替用户承担配送费:5.1元,-,-,-,0.00,杭州区域,杭州加盟,,,否,-,平台配送
圣比萨（临安店）,SBM00043,杭州,"8090490255623085489	",饿了么,平台外卖,已完成,2025-10-24 11:27:25,2025-10-24 11:27:25,2025-10-24 11:27:25,饿了么支付-在线支付,,即时单,2025-10-24 11:27:25,11.13,手动出餐,1,否,"咸蛋黄风味流沙卷边（7英寸）（4.90*1）,【随心❤️拼】7英寸双拼披萨（口味自选）[浪漫威尼斯+日系照烧鸡]（27.90*1）",咸蛋黄流沙卷边7+双拼7寸【浪漫威尼斯口味7】+双拼7寸【日系照烧口味7】,,,,非会员,19,,,依据餐量提供餐具；手机尾号：7516；接力送,,32.80,18.66,6.00,0.00,0,0,1.14,0.00,5.10,【活动支出】首次光顾立减:1.00元+【活动支出】饿了么红包:5.00元+【活动支出】替用户承担配送费:5.1元,-,-,-,0.00,杭州区域,杭州加盟,,,否,-,平台配送
圣比萨（临安店）,SBM00043,杭州,"8041190255823285657	",饿了么,平台外卖,已完成,2025-10-24 11:41:16,2025-10-24 11:41:16,2025-10-24 11:41:16,饿了么支付-在线支付,,即时单,2025-10-24 11:41:16,7.98,手动出餐,1,否,"【随心❤️拼】7英寸双拼披萨（口味自选）[新奥尔良烤鸡肉+日系照烧鸡]（27.90*1）,川香脆皮翅根-1个[{""name"":""规格"",""value"":""1个""}]（6.90*1）",双拼7寸【奥尔良口味7】+双拼7寸【日系照烧口味7】,,,,非会员,20,,,对骑手，请送到外卖柜，谢谢🙏 / 依据餐量提供餐具,,34.80,16.64,9.91,0.00,0,0,1.05,0.00,5.10,【活动支出】首次光顾立减:1.00元+【活动支出】单品特价:3.91元+【活动支出】饿了么红包:5.00元+【活动支出】替用户承担配送费:5.1元,-,-,-,0.00,杭州区域,杭州加盟,,,否,-,平台配送
圣比萨（临安店）,SBM00043,杭州,"8021926089602302307	",饿了么,平台外卖,已完成,2025-10-24 11:44:54,2025-10-24 11:44:54,2025-10-24 11:44:54,饿了么支付-在线支付,,即时单,2025-10-24 11:44:54,9.58,手动出餐,1,否,"【随心❤️拼】7英寸双拼披萨（口味自选）[缤纷水果+新奥尔良烤鸡肉]（27.90*1）,经典薯条（8.90*1）,奶酪芝士卷边（7英寸）（4.90*1）",双拼7寸【缤纷水果口味7】+双拼7寸【奥尔良口味7】+经典薯条+奶酪芝士卷边7,,,,非会员,21,,,1份餐具,,41.70,25.18,7.00,0.00,0,0,1.52,0.00,3.90,【活动支出】店铺满减:1.00元+【活动支出】首次光顾立减:1.00元+【活动支出】饿了么红包:5.00元+【活动支出】替用户承担配送费:3.9元,-,-,-,0.00,杭州区域,杭州加盟,,,否,-,平台配送
圣比萨（临安店）,SBM00043,杭州,"8038050255749330262	",饿了么,平台外卖,已完成,2025-10-24 11:52:51,2025-10-24 11:52:51,2025-10-24 11:52:51,饿了么支付-在线支付,,即时单,2025-10-24 11:52:51,7.83,手动出餐,1,否,"点击右上角❤️免费得小吃（限一份，多点不送）[上校鸡块2个]（0.20*1）,【随心❤️拼】7英寸双拼披萨（口味自选）[新奥尔良烤鸡肉+浪漫威尼斯]（27.90*1）",上校鸡块2个+双拼7寸【奥尔良口味7】+双拼7寸【浪漫威尼斯口味7】,,,,非会员,22,,,依据餐量提供餐具,,28.10,14.94,6.00,0.00,0,0,0.96,0.00,3.30,【活动支出】首次光顾立减:1.00元+【活动支出】CPS商户叠加券:0.00元+【活动支出】饿了么红包:5.00元+【活动支出】淘金币:0.00元+【活动支出】替用户承担配送费:3.3元,-,-,-,0.00,杭州区域,杭州加盟,,,否,-,平台配送
圣比萨（临安店）,SBM00043,杭州,"8094996089615085961	",饿了么,平台外卖,已完成,2025-10-24 11:55:52,2025-10-24 11:55:52,2025-10-24 11:55:52,饿了么支付-在线支付,,即时单,2025-10-24 11:55:52,7.18,手动出餐,1,否,"点击右上角❤️免费得小吃（限一份，多点不送）[上校鸡块2个]（0.20*1）,【随心❤️拼】7英寸双拼披萨（口味自选）[缤纷水果+浪漫威尼斯]（27.90*1）",上校鸡块2个+双拼7寸【缤纷水果口味7】+双拼7寸【浪漫威尼斯口味7】,,,,非会员,23,,,依据餐量提供餐具,,28.10,14.54,6.00,0.00,0,0,0.96,0.00,5.10,【活动支出】首次光顾立减:1.00元+【活动支出】饿了么红包:5.00元+【活动支出】替用户承担配送费:5.1元,-,-,-,0.00,杭州区域,杭州加盟,,,否,-,平台配送
圣比萨（临安店）,SBM00043,杭州,"8027290255770936642	",饿了么,平台外卖,已完成,2025-10-24 12:21:43,2025-10-24 12:21:43,2025-10-24 12:21:44,饿了么支付-在线支付,,即时单,2025-10-24 12:21:43,9.10,手动出餐,1,否,【随心❤️拼】7英寸双拼披萨（口味自选）[碳烤鸡肉培根+浪漫威尼斯]（27.90*1）,双拼7寸【碳烤鸡肉培根口味7】+双拼7寸【浪漫威尼斯口味7】,,,,非会员,24,,,依据餐量提供餐具,,27.90,14.74,6.00,0.00,0,0,0.96,0.00,3.30,【活动支出】首次光顾立减:1.00元+【活动支出】饿了么红包:5.00元+【活动支出】替用户承担配送费:3.3元,-,-,-,0.00,杭州区域,杭州加盟,,,否,-,平台配送
圣比萨（临安店）,SBM00043,杭州,"8005986089656294665	",饿了么,平台外卖,已完成,2025-10-24 12:31:03,2025-10-24 12:31:03,2025-10-24 12:31:03,饿了么支付-在线支付,,即时单,2025-10-24 12:31:03,6.85,手动出餐,1,否,️【任选】意面随心配（31.90*1）,小可乐+地道肠1根+招牌肉酱意面,,,,非会员,25,,,依据餐量提供餐具,,31.90,18.00,6.00,0.00,0,0,1.10,0.00,3.30,【活动支出】首次光顾立减:1.00元+【活动支出】CPS商户叠加券:0.00元+【活动支出】饿了么红包:5.00元+【活动支出】替用户承担配送费:3.3元,-,-,-,0.00,杭州区域,杭州加盟,,,否,-,平台配送
圣比萨（临安店）,SBM00043,杭州,"8029300255779285365	",饿了么,平台外卖,已完成,2025-10-24 12:32:30,2025-10-24 12:32:30,2025-10-24 12:32:30,饿了么支付-在线支付,,即时单,2025-10-24 12:32:30,7.12,手动出餐,1,否,【随心❤️拼】7英寸双拼披萨（口味自选）[缤纷水果+新奥尔良烤鸡肉]（27.90*1）,双拼7寸【缤纷水果口味7】+双拼7寸【奥尔良口味7】,,,,非会员,26,,,1份餐具,,27.90,15.74,5.00,0.00,0,0,0.96,0.00,3.90,【活动支出】CPS商户叠加券:0.00元+【活动支出】饿了么红包:5.00元+【活动支出】替用户承担配送费:3.9元,-,-,-,0.00,杭州区域,杭州加盟,,,否,-,平台配送
圣比萨（临安店）,SBM00043,杭州,"8085606089664312723	",饿了么,平台外卖,已完成,2025-10-24 12:33:06,2025-10-24 12:33:06,2025-10-24 12:33:06,饿了么支付-在线支付,,即时单,2025-10-24 12:33:06,12.12,自动出餐,1,否,【任选】买一送一7英寸披萨（48.80*1）,碳烤鸡肉培根披萨(7英寸(手拍))+西域肉酱披萨(7英寸(手拍)),,,,非会员,27,,,依据餐量提供餐具,,48.80,32.29,6.00,0.00,0,0,1.91,0.00,3.90,【活动支出】店铺满减:1.00元+【活动支出】CPS商户叠加券:0.00元+【活动支出】饿了么红包:5.00元+【活动支出】替用户承担配送费:3.9元,-,-,-,0.00,杭州区域,杭州加盟,,,否,-,平台配送
圣比萨（临安店）,SBM00043,杭州,"8049566089701427511	",饿了么,平台外卖,已退款,2025-10-24 13:00:09,2025-10-24 13:00:09,2025-10-24 13:00:09,饿了么支付-在线支付,,即时单,2025-10-24 13:00:09,,未出餐,1,否,番茄牛肉意面（25.90*1）,番茄牛肉意面,,,,非会员,28,,,依据餐量提供餐具,订单强制无效（商家主动取消已接订单、用户1分钟内取消),25.90,-0.56,5.00,13.90,0,0,0.96,0.00,4.50,【活动支出】饿了么红包:5.00元+【活动支出】替用户承担配送费:4.5元,-,-,-,0.00,杭州区域,杭州加盟,,,否,-,平台配送
圣比萨（临安店）,SBM00043,杭州,"8049936089700285923	",饿了么,平台外卖,已完成,2025-10-24 13:01:40,2025-10-24 13:01:40,2025-10-24 13:01:40,饿了么支付-在线支付,,即时单,2025-10-24 13:01:40,7.33,手动出餐,1,否,"花果山披萨-7英寸(手拍)[{""name"":""规格"",""value"":""7英寸(手拍)""}]（25.90*1）",花果山披萨,,,,非会员,29,,,依据餐量提供餐具,,25.90,10.94,7.00,0.00,0,0,0.96,0.00,6.70,【活动支出】下单返红包:2.00元+【活动支出】饿了么红包:5.00元+【活动支出】替用户承担配送费:6.0元,-,-,-,0.00,杭州区域,杭州加盟,,,否,-,平台配送
圣比萨（临安店）,SBM00043,杭州,"8089996089680034217	",饿了么,平台外卖,已完成,2025-10-24 13:02:37,2025-10-24 13:02:37,2025-10-24 13:02:38,饿了么支付-在线支付,,即时单,2025-10-24 13:02:37,7.37,手动出餐,1,否,"点击右上角❤️免费得小吃（限一份，多点不送）[上校鸡块2个]（0.20*1）,【随心❤️拼】7英寸双拼披萨（口味自选）[新奥尔良烤鸡肉+碳烤鸡肉培根]（27.90*1）",上校鸡块2个+双拼7寸【奥尔良口味7】+双拼7寸【碳烤鸡肉培根口味7】,,,,非会员,30,,,依据餐量提供餐具,,28.10,14.94,6.00,0.00,0,0,0.96,0.00,3.30,【活动支出】首次光顾立减:1.00元+【活动支出】CPS商户叠加券:0.00元+【活动支出】饿了么红包:5.00元+【活动支出】替用户承担配送费:3.3元,-,-,-,0.00,杭州区域,杭州加盟,,,否,-,平台配送
圣比萨（临安店）,SBM00043,杭州,"8043866089679993197	",饿了么,平台外卖,已完成,2025-10-24 13:24:08,2025-10-24 13:24:08,2025-10-24 13:24:09,饿了么支付-在线支付,,即时单,2025-10-24 13:24:08,12.13,自动出餐,1,否,"蛋挞两个（5.90*1）,新奥尔良烤鸡肉披萨-12英寸(手拍)[{""name"":""规格"",""value"":""12英寸(手拍)""}]（54.90*1）,大圣鸡排[孜然]（6.90*1）,川香脆皮翅根-1个[{""name"":""规格"",""value"":""1个""}]（6.90*3）",蛋挞+新奥尔良烤鸡肉披萨+大圣鸡排,,,,非会员,31,,,3份餐具,,88.40,48.20,15.91,7.35,0,0,3.34,0.00,9.90,【活动支出】店铺满减:6.00元+【活动支出】首次光顾立减:1.00元+【活动支出】单品特价:3.91元+【活动支出】饿了么红包:5.00元+【活动支出】替用户承担配送费:6.0元,-,-,-,0.00,杭州区域,杭州加盟,,,否,-,平台配送
圣比萨（临安店）,SBM00043,杭州,"8095300255801529782	",饿了么,平台外卖,已完成,2025-10-24 13:31:06,2025-10-24 13:31:06,2025-10-24 13:31:06,饿了么支付-在线支付,,即时单,2025-10-24 13:31:06,12.10,自动出餐,1,否,"新奥尔良烤鸡肉披萨-12英寸(手拍)[{""name"":""规格"",""value"":""12英寸(手拍)""}]（54.90*1）,酸奶多多流心卷边（12英寸）（8.90*1）,金丝鸡排（6.90*1）,深海墨鱼丸-6个[{""name"":""规格"",""value"":""6个""}]（11.90*1）,盐酥鸡粒（8.90*1）,经典薯条（8.90*2）",新奥尔良烤鸡肉披萨+酸奶多多流心卷边+深海墨鱼丸+盐酥鸡粒+经典薯条,,,,非会员,32,,,到门口电话联系 / 依据餐量提供餐具,,109.30,81.83,7.00,0.00,0,0,4.77,0.00,7.50,【活动支出】店铺满减:6.00元+【活动支出】首次光顾立减:1.00元+【活动支出】替用户承担配送费:6.0元,-,-,-,0.00,杭州区域,杭州加盟,,,否,-,平台配送
圣比萨（临安店）,SBM00043,杭州,"8001976089715689786	",饿了么,平台外卖,已退款,2025-10-24 13:41:32,2025-10-24 13:41:32,2025-10-24 13:41:32,饿了么支付-在线支付,,即时单,2025-10-24 13:41:32,,未出餐,1,否,"点击右上角❤️免费得小吃（限一份，多点不送）[上校鸡块2个]（0.20*1）,【任选】披萨随心配（31.90*1）",上校鸡块2个+新奥尔良烤鸡肉披萨(7英寸(手拍))+上校鸡块+小可乐,,,,非会员,33,,,依据餐量提供餐具,"餐厅同意取消单 ",32.10,-1.91,6.00,20.10,0,0,1.11,0.00,3.30,【活动支出】首次光顾立减:1.00元+【活动支出】饿了么红包:5.00元+【活动支出】替用户承担配送费:3.3元,-,-,-,0.00,杭州区域,杭州加盟,,,否,-,平台配送
圣比萨（临安店）,SBM00043,杭州,"8085686089671488776	",饿了么,平台外卖,已完成,2025-10-24 13:49:12,2025-10-24 13:49:12,2025-10-24 13:49:12,饿了么支付-在线支付,,即时单,2025-10-24 13:49:12,8.13,手动出餐,1,否,【随心❤️拼】7英寸双拼披萨（口味自选）[新奥尔良烤鸡肉+玉米沙拉]（27.90*1）,双拼7寸【奥尔良口味7】+双拼7寸【玉米沙拉口味7】,,,,非会员,34,,,"对商家：本人为清真用户者 谢谢☺️
对骑士：放置校内A5 404 谢谢, / 依据餐量提供餐具；手机尾号：0713；接力送",,27.90,15.54,5.00,0.00,0,0,0.96,0.00,5.10,【活动支出】饿了么红包:5.00元+【活动支出】替用户承担配送费:5.1元,-,-,-,0.00,杭州区域,杭州加盟,,,否,-,平台配送
圣比萨（临安店）,SBM00043,杭州,"8029606089671331298	",饿了么,平台外卖,已完成,2025-10-24 13:55:36,2025-10-24 13:55:36,2025-10-24 13:55:37,饿了么支付-在线支付,,即时单,2025-10-24 13:55:36,9.22,手动出餐,1,否,"点击右上角❤️免费得小吃（限一份，多点不送）[上校鸡块2个]（0.20*1）,炙热牛魔王披萨-7英寸(手拍)[{""name"":""规格"",""value"":""7英寸(手拍)""}]（29.90*1）",上校鸡块2个+炙热牛魔王披萨,,,,非会员,35,,,是5幢，不是电梯房的5A，别送错喽，辛苦了 / 依据餐量提供餐具,,30.10,14.94,8.00,0.00,0,0,0.96,0.00,3.30,【活动支出】订单集点返红包:3.00元+【活动支出】饿了么红包:5.00元+【活动支出】替用户承担配送费:3.3元,-,-,-,0.00,杭州区域,杭州加盟,,,否,-,平台配送
圣比萨（临安店）,SBM00043,杭州,"8003020255816089932	",饿了么,平台外卖,已完成,2025-10-24 14:12:49,2025-10-24 14:12:49,2025-10-24 14:12:49,饿了么支付-在线支付,,即时单,2025-10-24 14:12:49,8.13,手动出餐,1,否,【随心❤️拼】7英寸双拼披萨（口味自选）[日系照烧鸡+新奥尔良烤鸡肉]（27.90*1）,双拼7寸【日系照烧口味7】+双拼7寸【奥尔良口味7】,,,,非会员,36,,,依据餐量提供餐具,,27.90,14.74,6.00,0.00,0,0,0.96,0.00,3.30,【活动支出】首次光顾立减:1.00元+【活动支出】饿了么红包:5.00元+【活动支出】替用户承担配送费:3.3元,-,-,-,0.00,杭州区域,杭州加盟,,,否,-,平台配送
圣比萨（临安店）,SBM00043,杭州,"8048636089695468911	",饿了么,平台外卖,已完成,2025-10-24 14:57:25,2025-10-24 14:57:25,2025-10-24 14:57:25,饿了么支付-在线支付,,预约单,2025-10-24 16:05:00,22.72,自动出餐,1,否,【随心❤️拼】7英寸双拼披萨（口味自选）[新奥尔良烤鸡肉+碳烤鸡肉培根]（27.90*1）,双拼7寸【奥尔良口味7】+双拼7寸【碳烤鸡肉培根口味7】,,,,非会员,37,,,无需餐具,,27.90,14.34,6.00,0.00,0,0,0.96,0.00,5.10,【活动支出】首次光顾立减:1.00元+【活动支出】饿了么红包:5.00元+【活动支出】替用户承担配送费:5.1元,-,-,-,0.00,杭州区域,杭州加盟,,,否,-,平台配送
圣比萨（临安店）,SBM00043,杭州,"8020516089696730375	",饿了么,平台外卖,已完成,2025-10-24 15:11:15,2025-10-24 15:11:15,2025-10-24 15:11:15,饿了么支付-在线支付,,即时单,2025-10-24 15:11:15,9.02,手动出餐,1,否,【随心❤️拼】7英寸双拼披萨（口味自选）[新奥尔良烤鸡肉+玉米沙拉]（27.90*1）,双拼7寸【奥尔良口味7】+双拼7寸【玉米沙拉口味7】,,,,非会员,38,,,依据餐量提供餐具,,27.90,14.74,6.00,0.00,0,0,0.96,0.00,3.30,【活动支出】首次光顾立减:1.00元+【活动支出】饿了么红包:5.00元+【活动支出】替用户承担配送费:3.3元,-,-,-,0.00,杭州区域,杭州加盟,,,否,-,平台配送
圣比萨（临安店）,SBM00043,杭州,"8064526089720745378	",饿了么,平台外卖,已完成,2025-10-24 15:25:57,2025-10-24 15:25:57,2025-10-24 15:25:58,饿了么支付-在线支付,,即时单,2025-10-24 15:25:57,10.27,手动出餐,1,否,"蛋挞两个（5.90*1）,咸蛋黄风味流沙卷边（7英寸）（4.90*1）,【随心❤️拼】7英寸双拼披萨（口味自选）[新奥尔良烤鸡肉+日系照烧鸡]（27.90*1）,芝士翻倍（仅圆形披萨）-7英寸[{""name"":""规格"",""value"":""7英寸""}]（4.90*1）",蛋挞+咸蛋黄流沙卷边7+双拼7寸【奥尔良口味7】+双拼7寸【日系照烧口味7】+芝士加倍,,,,非会员,39,,,依据餐量提供餐具,,43.60,26.39,7.00,0.00,0,0,1.61,0.00,5.90,【活动支出】店铺满减:1.00元+【活动支出】首次光顾立减:1.00元+【活动支出】饿了么红包:5.00元+【活动支出】替用户承担配送费:5.9元,-,-,-,0.00,杭州区域,杭州加盟,,,否,-,平台配送
圣比萨（临安店）,SBM00043,杭州,"8001140255928095012	",饿了么,平台外卖,已完成,2025-10-24 15:28:57,2025-10-24 15:28:57,2025-10-24 15:28:57,饿了么支付-在线支付,,即时单,2025-10-24 15:28:57,9.90,手动出餐,1,否,【随心❤️拼】7英寸双拼披萨（口味自选）[新奥尔良烤鸡肉+碳烤鸡肉培根]（27.90*1）,双拼7寸【奥尔良口味7】+双拼7寸【碳烤鸡肉培根口味7】,,,,非会员,40,,,依据餐量提供餐具；手机尾号：5208；接力送,,27.90,14.54,6.00,0.00,0,0,0.96,0.00,5.10,【活动支出】首次光顾立减:1.00元+【活动支出】饿了么红包:5.00元+【活动支出】替用户承担配送费:5.1元,-,-,-,0.00,杭州区域,杭州加盟,,,否,-,平台配送
圣比萨（临安店）,SBM00043,杭州,"8032320255741979022	",饿了么,平台外卖,已完成,2025-10-24 15:57:56,2025-10-24 15:57:56,2025-10-24 15:57:56,饿了么支付-在线支付,,预约单,2025-10-24 17:45:00,62.15,自动出餐,1,否,"点击右上角❤️免费得小吃（限一份，多点不送）[上校鸡块2个]（0.20*1）,【随心❤️拼】12英寸双拼披萨（口味自选）[新奥尔良烤鸡肉+碳烤鸡肉培根]（57.90*1）,蛋挞一个（3.90*1）",上校鸡块2个+双拼12寸【奥尔良口味12】+双拼12寸【培根鸡肉口味12】+蛋挞1个,,,,非会员,41,,,依据餐量提供餐具,餐厅同意退单 送错了,62.00,6.36,12.91,30.92,0,0,2.21,0.00,3.30,【活动支出】店铺满减:6.00元+【活动支出】单品特价:1.91元+【活动支出】饿了么红包:5.00元+【活动支出】替用户承担配送费:3.3元,-,-,-,0.00,杭州区域,杭州加盟,,,否,-,平台配送
圣比萨（临安店）,SBM00043,杭州,"8054746089744358905	",饿了么,平台外卖,已完成,2025-10-24 16:10:11,2025-10-24 16:10:11,2025-10-24 16:10:11,饿了么支付-在线支付,,即时单,2025-10-24 16:10:11,9.85,手动出餐,1,否,"【随心❤️拼】7英寸双拼披萨（口味自选）[新奥尔良烤鸡肉+玉米沙拉]（27.90*1）,红薯薯泥流心卷边（7英寸）（4.90*1）",双拼7寸【奥尔良口味7】+双拼7寸【玉米沙拉口味7】+红薯泥流心卷边7,,,,非会员,42,,,依据餐量提供餐具,,32.80,18.46,6.00,0.00,0,0,1.14,0.00,5.10,【活动支出】首次光顾立减:1.00元+【活动支出】饿了么红包:5.00元+【活动支出】替用户承担配送费:5.1元,-,-,-,0.00,杭州区域,杭州加盟,,,否,-,平台配送
圣比萨（临安店）,SBM00043,杭州,"8031806089721805193	",饿了么,平台外卖,已完成,2025-10-24 16:21:03,2025-10-24 16:21:03,2025-10-24 16:21:03,饿了么支付-在线支付,,即时单,2025-10-24 16:21:03,11.78,手动出餐,1,否,"咸蛋黄风味流心卷边（9英寸）（6.90*1）,蛋挞一个（3.90*1）,【随心❤️拼】9英寸双拼披萨（口味自选）[新奥尔良烤鸡肉+碳烤鸡肉培根]（37.90*1）",咸蛋黄流沙卷边9+蛋挞1个+双拼9寸【奥尔良口味9】+双拼9寸【鸡肉培根口味9】,,,,非会员,43,,,依据餐量提供餐具,,48.70,29.58,7.91,0.00,0,0,1.81,0.00,6.70,【活动支出】店铺满减:1.00元+【活动支出】单品特价:1.91元+【活动支出】饿了么红包:5.00元+【活动支出】替用户承担配送费:6.0元,-,-,-,0.00,杭州区域,杭州加盟,,,否,-,平台配送
圣比萨（临安店）,SBM00043,杭州,"8027060255943756070	",饿了么,平台外卖,已完成,2025-10-24 16:23:27,2025-10-24 16:23:27,2025-10-24 16:23:27,饿了么支付-在线支付,,即时单,2025-10-24 16:23:27,12.12,自动出餐,1,否,【随心❤️拼】7英寸双拼披萨（口味自选）[新奥尔良烤鸡肉+浪漫威尼斯]（27.90*1）,双拼7寸【奥尔良口味7】+双拼7寸【浪漫威尼斯口味7】,,,,非会员,44,,,依据餐量提供餐具；手机尾号：9756；接力送,,27.90,14.54,6.00,0.00,0,0,0.96,0.00,5.10,【活动支出】首次光顾立减:1.00元+【活动支出】饿了么红包:5.00元+【活动支出】替用户承担配送费:5.1元,-,-,-,0.00,杭州区域,杭州加盟,,,否,-,平台配送
圣比萨（临安店）,SBM00043,杭州,"8079180255755961738	",饿了么,平台外卖,已完成,2025-10-24 16:31:16,2025-10-24 16:31:16,2025-10-24 16:31:16,饿了么支付-在线支付,,即时单,2025-10-24 16:31:16,10.17,手动出餐,1,否,【任选】披萨随心配（31.90*1）,花果山披萨(7英寸(手拍))+蛋挞+小可乐,,,,非会员,45,,,依据餐量提供餐具；手机尾号：0729；接力送,,31.90,17.80,6.00,0.00,0,0,1.10,0.00,5.10,【活动支出】首次光顾立减:1.00元+【活动支出】饿了么红包:5.00元+【活动支出】替用户承担配送费:5.1元,-,-,-,0.00,杭州区域,杭州加盟,,,否,-,平台配送
圣比萨（临安店）,SBM00043,杭州,"8082646089723570439	",饿了么,平台外卖,已完成,2025-10-24 16:31:54,2025-10-24 16:31:54,2025-10-24 16:31:54,饿了么支付-在线支付,,即时单,2025-10-24 16:31:54,10.27,手动出餐,1,否,【随心❤️拼】7英寸双拼披萨（口味自选）[新奥尔良烤鸡肉+新奥尔良烤鸡肉]（27.90*1）,双拼7寸【奥尔良口味7】+双拼7寸【奥尔良口味7】,,,,非会员,46,,,依据餐量提供餐具,,27.90,14.34,6.00,0.00,0,0,0.96,0.00,5.10,【活动支出】首次光顾立减:1.00元+【活动支出】饿了么红包:5.00元+【活动支出】替用户承担配送费:5.1元,-,-,-,0.00,杭州区域,杭州加盟,,,否,-,平台配送
圣比萨（临安店）,SBM00043,杭州,"8075936089756351861	",饿了么,平台外卖,已完成,2025-10-24 16:43:09,2025-10-24 16:43:09,2025-10-24 16:43:09,饿了么支付-在线支付,,即时单,2025-10-24 16:43:09,8.57,手动出餐,1,否,"【任选】披萨随心配（31.90*1）,点击右上角❤️免费得小吃（限一份，多点不送）[上校鸡块2个]（0.20*1）,川香脆皮翅根-1个[{""name"":""规格"",""value"":""1个""}]（6.90*1）,大圣香肠[孜然]（5.90*1）",碳烤鸡肉培根披萨(7英寸(手拍))+蛋挞+小雪碧+上校鸡块2个+大圣香肠1串,,,,非会员,47,,,依据餐量提供餐具,,44.90,24.50,10.91,0.00,0,0,1.49,0.00,3.30,【活动支出】店铺满减:1.00元+【活动支出】首次光顾立减:1.00元+【活动支出】单品特价:3.91元+【活动支出】饿了么红包:5.00元+【活动支出】替用户承担配送费:3.3元,-,-,-,0.00,杭州区域,杭州加盟,,,否,-,平台配送
圣比萨（临安店）,SBM00043,杭州,"8029786089745889595	",饿了么,平台外卖,已完成,2025-10-24 16:45:07,2025-10-24 16:45:07,2025-10-24 16:45:07,饿了么支付-在线支付,,即时单,2025-10-24 16:45:07,12.00,自动出餐,1,否,"地道肠（5.90*1）,【随心❤️拼】7英寸双拼披萨（口味自选）[日系照烧鸡+缤纷水果]（27.90*1）,蛋挞一个（3.90*1）",地道肠1根+双拼7寸【日系照烧口味7】+双拼7寸【缤纷水果口味7】+蛋挞1个,,,,非会员,48,,,依据餐量提供餐具；手机尾号：7146；接力送,,37.70,20.70,7.91,0.00,0,0,1.29,0.00,5.10,【活动支出】首次光顾立减:1.00元+【活动支出】单品特价:1.91元+【活动支出】饿了么红包:5.00元+【活动支出】替用户承担配送费:5.1元,-,-,-,0.00,杭州区域,杭州加盟,,,否,-,平台配送
圣比萨（临安店）,SBM00043,杭州,"8021020255951018493	",饿了么,平台外卖,已完成,2025-10-24 16:45:22,2025-10-24 16:45:22,2025-10-24 16:45:22,饿了么支付-在线支付,,即时单,2025-10-24 16:45:22,12.23,自动出餐,1,否,【随心❤️拼】7英寸双拼披萨（口味自选）[新奥尔良烤鸡肉+日系照烧鸡]（27.90*1）,双拼7寸【奥尔良口味7】+双拼7寸【日系照烧口味7】,,,,非会员,49,,,1份餐具,,27.90,14.74,6.00,0.00,0,0,0.96,0.00,3.30,【活动支出】首次光顾立减:1.00元+【活动支出】饿了么红包:5.00元+【活动支出】替用户承担配送费:3.3元,-,-,-,0.00,杭州区域,杭州加盟,,,否,-,平台配送
圣比萨（临安店）,SBM00043,杭州,"8022706089729269102	",饿了么,平台外卖,已完成,2025-10-24 16:45:30,2025-10-24 16:45:30,2025-10-24 16:45:30,饿了么支付-在线支付,,即时单,2025-10-24 16:45:30,12.10,自动出餐,1,否,"咸蛋黄风味流沙卷边（7英寸）（4.90*1）,【随心❤️拼】7英寸双拼披萨（口味自选）[新奥尔良烤鸡肉+缤纷水果]（27.90*1）",咸蛋黄流沙卷边7+双拼7寸【奥尔良口味7】+双拼7寸【缤纷水果口味7】,,,,非会员,50,,,"对骑手, 不要打电话，我在上课，直接拍照！ 我在E2旁边，记得拍个照/ 依据餐量提供餐具",,32.80,18.86,6.00,0.00,0,0,1.14,0.00,3.30,【活动支出】首次光顾立减:1.00元+【活动支出】饿了么红包:5.00元+【活动支出】替用户承担配送费:3.3元,-,-,-,0.00,杭州区域,杭州加盟,,,否,-,平台配送
圣比萨（临安店）,SBM00043,杭州,"8079906089751837163	",饿了么,平台外卖,已完成,2025-10-24 16:46:14,2025-10-24 16:46:14,2025-10-24 16:46:14,饿了么支付-在线支付,,即时单,2025-10-24 16:46:14,12.12,自动出餐,1,否,"点击右上角❤️免费得小吃（限一份，多点不送）[墨鱼丸1个]（0.20*1）,榴莲王披萨-7英寸(手拍)[{""name"":""规格"",""value"":""7英寸(手拍)""}]（33.90*1）,蛋挞一个（3.90*1）,奶酪芝士卷边（7英寸）（4.90*1）",深海墨鱼丸1个+榴莲王披萨+蛋挞1个+奶酪芝士卷边7,,,,非会员,51,,,放外卖柜 / 1份餐具；手机尾号：0657；接力送,,42.90,24.30,8.91,0.00,0,0,1.49,0.00,5.10,【活动支出】店铺满减:1.00元+【活动支出】首次光顾立减:1.00元+【活动支出】单品特价:1.91元+【活动支出】饿了么红包:5.00元+【活动支出】替用户承担配送费:5.1元,-,-,-,0.00,杭州区域,杭州加盟,,,否,-,平台配送
圣比萨（临安店）,SBM00043,杭州,"8039160255863528785	",饿了么,平台外卖,已完成,2025-10-24 16:48:34,2025-10-24 16:48:34,2025-10-24 16:48:34,饿了么支付-在线支付,,即时单,2025-10-24 16:48:34,12.07,自动出餐,1,否,"咸蛋黄风味流沙卷边（7英寸）（4.90*1）,【随心❤️拼】7英寸双拼披萨（口味自选）[新奥尔良烤鸡肉+碳烤鸡肉培根]（27.90*1）",咸蛋黄流沙卷边7+双拼7寸【奥尔良口味7】+双拼7寸【碳烤鸡肉培根口味7】,,,,非会员,52,,,依据餐量提供餐具；手机尾号：8337；接力送,,32.80,18.46,6.00,0.00,0,0,1.14,0.00,5.90,【活动支出】首次光顾立减:1.00元+【活动支出】饿了么红包:5.00元+【活动支出】替用户承担配送费:5.9元,-,-,-,0.00,杭州区域,杭州加盟,,,否,-,平台配送
圣比萨（临安店）,SBM00043,杭州,"8088696089733921216	",饿了么,平台外卖,已完成,2025-10-24 16:49:10,2025-10-24 16:49:10,2025-10-24 16:49:11,饿了么支付-在线支付,,即时单,2025-10-24 16:49:10,12.08,自动出餐,1,否,"点击右上角❤️免费得小吃（限一份，多点不送）[上校鸡块2个]（0.20*1）,【任选】披萨随心配（31.90*1）",上校鸡块2个+新奥尔良烤鸡肉披萨(7英寸(手拍))+地道肠1根+小可乐,,,,非会员,53,,,依据餐量提供餐具,,32.10,18.19,6.00,0.00,0,0,1.11,0.00,3.30,【活动支出】首次光顾立减:1.00元+【活动支出】超级会员专享红包:5.00元+【活动支出】替用户承担配送费:3.3元,-,-,-,0.00,杭州区域,杭州加盟,,,否,-,平台配送
圣比萨（临安店）,SBM00043,杭州,"8021310255766806935	",饿了么,平台外卖,已完成,2025-10-24 16:52:22,2025-10-24 16:52:22,2025-10-24 16:52:22,饿了么支付-在线支付,,即时单,2025-10-24 16:52:22,12.12,自动出餐,1,否,"点击右上角❤️免费得小吃（限一份，多点不送）[上校鸡块2个]（0.20*1）,【任选】披萨随心配（31.90*1）",上校鸡块2个+新奥尔良烤鸡肉披萨(7英寸(手拍))+地道肠1根+小雪碧,,,,非会员,54,,,依据餐量提供餐具,,32.10,18.19,6.00,0.00,0,0,1.11,0.00,3.30,【活动支出】首次光顾立减:1.00元+【活动支出】CPS商户叠加券:0.00元+【活动支出】饿了么红包:5.00元+【活动支出】替用户承担配送费:3.3元,-,-,-,0.00,杭州区域,杭州加盟,,,否,-,平台配送
圣比萨（临安店）,SBM00043,杭州,"8010706089751180563	",饿了么,平台外卖,已完成,2025-10-24 16:52:34,2025-10-24 16:52:34,2025-10-24 16:52:34,饿了么支付-在线支付,,即时单,2025-10-24 16:52:34,12.13,自动出餐,1,否,"咸蛋黄风味流心卷边（9英寸）（6.90*1）,新奥尔良烤鸡肉披萨-9英寸(手拍)[{""name"":""规格"",""value"":""9英寸(手拍)""}]（33.90*1）",咸蛋黄流沙卷边9+新奥尔良烤鸡肉披萨,,,,非会员,55,,,2份餐具,,40.80,23.92,7.00,0.00,0,0,1.48,0.00,5.10,【活动支出】店铺满减:1.00元+【活动支出】首次光顾立减:1.00元+【活动支出】饿了么红包:5.00元+【活动支出】替用户承担配送费:5.1元,-,-,-,0.00,杭州区域,杭州加盟,,,否,-,平台配送
圣比萨（临安店）,SBM00043,杭州,"8006040255862784359	",饿了么,平台外卖,已完成,2025-10-24 16:53:16,2025-10-24 16:53:16,2025-10-24 16:53:16,饿了么支付-在线支付,,即时单,2025-10-24 16:53:16,12.23,自动出餐,1,否,【任选】披萨随心配（31.90*1）,新奥尔良烤鸡肉披萨(7英寸(手拍))+地道肠1根+小可乐,,,,非会员,56,,,依据餐量提供餐具；手机尾号：1087；接力送,,31.90,17.80,6.00,0.00,0,0,1.10,0.00,5.10,【活动支出】首次光顾立减:1.00元+【活动支出】饿了么红包:5.00元+【活动支出】替用户承担配送费:5.1元,-,-,-,0.00,杭州区域,杭州加盟,,,否,-,平台配送
圣比萨（临安店）,SBM00043,杭州,"8058380255878733121	",饿了么,平台外卖,已完成,2025-10-24 16:54:23,2025-10-24 16:54:23,2025-10-24 16:54:23,饿了么支付-在线支付,,即时单,2025-10-24 16:54:23,12.05,自动出餐,1,否,"点击右上角❤️免费得小吃（限一份，多点不送）[上校鸡块2个]（0.20*1）,新奥尔良烤鸡肉披萨-7英寸(手拍)[{""name"":""规格"",""value"":""7英寸(手拍)""}]（25.90*1）",上校鸡块2个+新奥尔良烤鸡肉披萨,,,,非会员,57,,,不要香菜 / 依据餐量提供餐具,,26.10,11.94,7.00,0.00,0,0,0.96,0.00,3.30,【活动支出】下单返红包:2.00元+【活动支出】饿了么红包:5.00元+【活动支出】替用户承担配送费:3.3元,-,-,-,0.00,杭州区域,杭州加盟,,,否,-,平台配送
圣比萨（临安店）,SBM00043,杭州,"8076746089735090496	",饿了么,平台外卖,已完成,2025-10-24 16:57:28,2025-10-24 16:57:28,2025-10-24 16:57:29,饿了么支付-在线支付,,即时单,2025-10-24 16:57:28,12.10,自动出餐,1,否,"点击右上角❤️免费得小吃（限一份，多点不送）[上校鸡块2个]（0.20*1）,【随心❤️拼】9英寸双拼披萨（口味自选）[日系照烧鸡+碳烤鸡肉培根]（37.90*1）",上校鸡块2个+双拼9寸【日系照烧口味9】+双拼9寸【鸡肉培根口味9】,,,,非会员,58,,,依据餐量提供餐具；手机尾号：9291；接力送,,38.10,21.00,8.00,0.00,0,0,1.30,0.00,5.90,【活动支出】店铺满减:1.00元+【活动支出】下单返红包:2.00元+【活动支出】饿了么红包:5.00元+【活动支出】替用户承担配送费:5.9元,-,-,-,0.00,杭州区域,杭州加盟,,,否,-,平台配送
圣比萨（临安店）,SBM00043,杭州,"8028796089734654208	",饿了么,平台外卖,已完成,2025-10-24 16:58:02,2025-10-24 16:58:02,2025-10-24 16:58:02,饿了么支付-在线支付,,即时单,2025-10-24 16:58:02,12.02,自动出餐,1,否,"点击右上角❤️免费得小吃（限一份，多点不送）[上校鸡块2个]（0.20*1）,【随心❤️拼】7英寸双拼披萨（口味自选）[新奥尔良烤鸡肉+碳烤鸡肉培根]（27.90*1）",上校鸡块2个+双拼7寸【奥尔良口味7】+双拼7寸【碳烤鸡肉培根口味7】,,,,非会员,59,,,依据餐量提供餐具；手机尾号：3772；接力送,,28.10,14.74,6.00,0.00,0,0,0.96,0.00,6.70,【活动支出】首次光顾立减:1.00元+【活动支出】CPS商户叠加券:0.00元+【活动支出】饿了么红包:5.00元+【活动支出】淘金币:0.00元+【活动支出】替用户承担配送费:6.0元,-,-,-,0.00,杭州区域,杭州加盟,,,否,-,平台配送
圣比萨（临安店）,SBM00043,杭州,"8042846089766513957	",饿了么,平台外卖,已完成,2025-10-24 17:02:32,2025-10-24 17:02:32,2025-10-24 17:02:32,饿了么支付-在线支付,,即时单,2025-10-24 17:02:32,12.23,自动出餐,1,否,"【随心❤️拼】7英寸双拼披萨（口味自选）[新奥尔良烤鸡肉+碳烤鸡肉培根]（27.90*1）,明星小食桶任选3（14.90*1）",双拼7寸【奥尔良口味7】+双拼7寸【碳烤鸡肉培根口味7】+蛋挞+深海墨鱼丸(3个)+上校鸡块,,,,非会员,60,,,依据餐量提供餐具,,42.80,26.23,7.00,0.00,0,0,1.57,0.00,3.90,【活动支出】店铺满减:1.00元+【活动支出】首次光顾立减:1.00元+【活动支出】饿了么红包:5.00元+【活动支出】替用户承担配送费:3.9元,-,-,-,0.00,杭州区域,杭州加盟,,,否,-,平台配送
圣比萨（临安店）,SBM00043,杭州,"8069666089751916835	",饿了么,平台外卖,已完成,2025-10-24 17:22:12,2025-10-24 17:22:12,2025-10-24 17:22:12,饿了么支付-在线支付,,即时单,2025-10-24 17:22:12,8.40,手动出餐,1,否,【任选】披萨意面我全都要（61.90*1）,新奥尔良烤鸡肉披萨(7英寸(手拍))+招牌肉酱意面+小芬达+小雪碧+蛋挞+缤纷芝士挞(菠萝味)+上校鸡块,,,,非会员,61,,,依据餐量提供餐具；手机尾号：2289；接力送,,61.90,37.65,12.00,0.00,0,0,2.25,0.00,5.90,【活动支出】店铺满减:6.00元+【活动支出】首次光顾立减:1.00元+【活动支出】饿了么红包:5.00元+【活动支出】替用户承担配送费:5.9元,-,-,-,0.00,杭州区域,杭州加盟,,,否,-,平台配送
圣比萨（临安店）,SBM00043,杭州,"8032310255883867421	",饿了么,平台外卖,已完成,2025-10-24 17:23:50,2025-10-24 17:23:50,2025-10-24 17:23:50,饿了么支付-在线支付,,即时单,2025-10-24 17:23:50,9.37,手动出餐,1,否,"缤纷水果披萨-7英寸(手拍)[{""name"":""规格"",""value"":""7英寸(手拍)""}]（25.90*1）",缤纷水果披萨,,,,非会员,62,,,依据餐量提供餐具；手机尾号：3236；接力送,,25.90,12.54,6.00,0.00,0,0,0.96,0.00,5.10,【活动支出】首次光顾立减:1.00元+【活动支出】饿了么红包:5.00元+【活动支出】替用户承担配送费:5.1元,-,-,-,0.00,杭州区域,杭州加盟,,,否,-,平台配送
圣比萨（临安店）,SBM00043,杭州,"8023686089773312300	",饿了么,平台外卖,已完成,2025-10-24 17:24:56,2025-10-24 17:24:56,2025-10-24 17:24:56,饿了么支付-在线支付,,即时单,2025-10-24 17:24:56,12.12,自动出餐,1,否,"【随心❤️拼】7英寸双拼披萨（口味自选）[日系照烧鸡+浪漫威尼斯]（27.90*1）,酸奶多多流心卷边（7英寸）（4.90*1）,酷儿（6.00*1）",双拼7寸【日系照烧口味7】+双拼7寸【浪漫威尼斯口味7】+酸奶多多流心卷边7,,,,非会员,63,,,依据餐量提供餐具,,38.80,23.17,6.00,0.00,0,0,1.43,0.00,6.70,【活动支出】店铺满减:1.00元+【活动支出】饿了么红包:5.00元+【活动支出】饿了么红包:0.00元+【活动支出】替用户承担配送费:6.0元,-,-,-,0.00,杭州区域,杭州加盟,,,否,-,平台配送
圣比萨（临安店）,SBM00043,杭州,"8066210255785017614	",饿了么,平台外卖,已完成,2025-10-24 17:26:23,2025-10-24 17:26:23,2025-10-24 17:26:23,饿了么支付-在线支付,,即时单,2025-10-24 17:26:23,12.07,自动出餐,1,否,"点击右上角❤️免费得小吃（限一份，多点不送）[上校鸡块2个]（0.20*1）,大圣招牌大满贯披萨-7英寸(手拍)[{""name"":""规格"",""value"":""7英寸(手拍)""}]（33.90*1）",上校鸡块2个+大圣招牌大满贯披萨,,,,非会员,64,,,3份餐具,,34.10,19.50,6.00,0.00,0,0,1.20,0.00,3.30,【活动支出】首次光顾立减:1.00元+【活动支出】饿了么红包:5.00元+【活动支出】替用户承担配送费:3.3元,-,-,-,0.00,杭州区域,杭州加盟,,,否,-,平台配送
圣比萨（临安店）,SBM00043,杭州,"8042040255788864953	",饿了么,平台外卖,已完成,2025-10-24 17:31:37,2025-10-24 17:31:37,2025-10-24 17:31:37,饿了么支付-在线支付,,即时单,2025-10-24 17:31:37,11.58,手动出餐,1,否,"点击右上角❤️免费得小吃（限一份，多点不送）[墨鱼丸1个]（0.20*1）,️【任选】意面随心配（34.80*1）",深海墨鱼丸1个+小可乐+盐酥鸡粒+招牌肉酱意面,,,,非会员,65,,,1份餐具,,35.00,20.35,6.00,0.00,0,0,1.25,0.00,3.30,【活动支出】首次光顾立减:1.00元+【活动支出】饿了么红包:5.00元+【活动支出】替用户承担配送费:3.3元,-,-,-,0.00,杭州区域,杭州加盟,,,否,-,平台配送
圣比萨（临安店）,SBM00043,杭州,"8091546089799054689	",饿了么,平台外卖,已完成,2025-10-24 17:33:13,2025-10-24 17:33:13,2025-10-24 17:33:13,饿了么支付-在线支付,,即时单,2025-10-24 17:33:13,11.37,手动出餐,1,否,"点击右上角❤️免费得小吃（限一份，多点不送）[上校鸡块2个]（0.20*1）,新奥尔良烤鸡肉披萨-7英寸(手拍)[{""name"":""规格"",""value"":""7英寸(手拍)""}]（25.90*1）,红薯薯泥流心卷边（7英寸）（4.90*1）",上校鸡块2个+新奥尔良烤鸡肉披萨+红薯泥流心卷边7,,,,非会员,66,,,1份餐具；手机尾号：6853；接力送,,31.00,17.70,5.00,0.00,0,0,1.10,0.00,5.90,【活动支出】CPS商户叠加券:0.00元+【活动支出】饿了么红包:5.00元+【活动支出】淘金币:0.00元+【活动支出】替用户承担配送费:5.9元,-,-,-,0.00,杭州区域,杭州加盟,,,否,-,平台配送
圣比萨（临安店）,SBM00043,杭州,"8002826089756731882	",饿了么,平台外卖,已完成,2025-10-24 17:34:57,2025-10-24 17:34:57,2025-10-24 17:34:57,饿了么支付-在线支付,,即时单,2025-10-24 17:34:57,8.52,手动出餐,1,否,"点击右上角❤️免费得小吃（限一份，多点不送）[墨鱼丸1个]（0.20*1）,【任选】披萨随心配（31.90*1）",深海墨鱼丸1个+新奥尔良烤鸡肉披萨(7英寸(手拍))+蛋挞+小雪碧,,,,非会员,67,,,依据餐量提供餐具,,32.10,17.79,6.00,0.00,0,0,1.11,0.00,5.10,【活动支出】首次光顾立减:1.00元+【活动支出】饿了么红包:5.00元+【活动支出】替用户承担配送费:5.1元,-,-,-,0.00,杭州区域,杭州加盟,,,否,-,平台配送
圣比萨（临安店）,SBM00043,杭州,"8053976089794365796	",饿了么,平台外卖,已完成,2025-10-24 17:44:25,2025-10-24 17:44:25,2025-10-24 17:44:26,饿了么支付-在线支付,,即时单,2025-10-24 17:44:25,8.93,手动出餐,1,否,【随心❤️拼】7英寸双拼披萨（口味自选）[碳烤鸡肉培根+新奥尔良烤鸡肉]（27.90*1）,双拼7寸【碳烤鸡肉培根口味7】+双拼7寸【奥尔良口味7】,,,,非会员,68,,,依据餐量提供餐具；手机尾号：4523；接力送,,27.90,14.74,6.00,0.00,0,0,0.96,0.00,3.30,【活动支出】首次光顾立减:1.00元+【活动支出】饿了么红包:5.00元+【活动支出】替用户承担配送费:3.3元,-,-,-,0.00,杭州区域,杭州加盟,,,否,-,平台配送
圣比萨（临安店）,SBM00043,杭州,"8083030255908819293	",饿了么,平台外卖,已完成,2025-10-24 17:48:31,2025-10-24 17:48:31,2025-10-24 17:48:31,饿了么支付-在线支付,,即时单,2025-10-24 17:48:31,8.28,手动出餐,1,否,【随心❤️拼】7英寸双拼披萨（口味自选）[新奥尔良烤鸡肉+碳烤鸡肉培根]（27.90*1）,双拼7寸【奥尔良口味7】+双拼7寸【碳烤鸡肉培根口味7】,,,,非会员,69,,,1份餐具,,27.90,14.74,6.00,0.00,0,0,0.96,0.00,3.30,【活动支出】首次光顾立减:1.00元+【活动支出】饿了么红包:5.00元+【活动支出】替用户承担配送费:3.3元,-,-,-,0.00,杭州区域,杭州加盟,,,否,-,平台配送
圣比萨（临安店）,SBM00043,杭州,"8089916089807284555	",饿了么,平台外卖,已完成,2025-10-24 17:49:55,2025-10-24 17:49:55,2025-10-24 17:49:56,饿了么支付-在线支付,,即时单,2025-10-24 17:49:55,8.42,手动出餐,1,否,"【随心❤️拼】7英寸双拼披萨（口味自选）[新奥尔良烤鸡肉+浪漫威尼斯]（27.90*1）,蛋挞一个（3.90*1）",双拼7寸【奥尔良口味7】+双拼7寸【浪漫威尼斯口味7】+蛋挞1个,,,,非会员,70,,,依据餐量提供餐具；手机尾号：0608；接力送,,31.80,15.89,7.91,0.00,0,0,1.00,0.00,5.10,【活动支出】首次光顾立减:1.00元+【活动支出】单品特价:1.91元+【活动支出】饿了么红包:5.00元+【活动支出】替用户承担配送费:5.1元,-,-,-,0.00,杭州区域,杭州加盟,,,否,-,平台配送
圣比萨（临安店）,SBM00043,杭州,"8026806089769886098	",饿了么,平台外卖,已完成,2025-10-24 17:51:14,2025-10-24 17:51:14,2025-10-24 17:51:14,饿了么支付-在线支付,,即时单,2025-10-24 17:51:14,9.23,手动出餐,1,否,"点击右上角❤️免费得小吃（限一份，多点不送）[上校鸡块2个]（0.20*1）,川香脆皮翅根-1个[{""name"":""规格"",""value"":""1个""}]（6.90*1）,盐酥鸡粒（8.90*1）,【任选】披萨随心配（31.90*1）,蛋挞一个（3.90*1）",上校鸡块2个+盐酥鸡粒+花果山披萨(7英寸(手拍))+深海墨鱼丸(3个)+小可乐+蛋挞1个,,,,非会员,71,,,依据餐量提供餐具,,51.80,31.02,9.91,0.00,0,0,1.87,0.00,5.90,【活动支出】店铺满减:1.00元+【活动支出】单品特价:1.91元+【活动支出】下单返红包:2.00元+【活动支出】饿了么红包:5.00元+【活动支出】替用户承担配送费:5.9元,-,-,-,0.00,杭州区域,杭州加盟,,,否,-,平台配送
圣比萨（临安店）,SBM00043,杭州,"8093030255904458118	",饿了么,平台外卖,已完成,2025-10-24 17:51:46,2025-10-24 17:51:46,2025-10-24 17:51:46,饿了么支付-在线支付,,即时单,2025-10-24 17:51:46,9.40,手动出餐,1,否,"新奥尔良烤鸡肉披萨-7英寸(手拍)[{""name"":""规格"",""value"":""7英寸(手拍)""}]（25.90*1）",新奥尔良烤鸡肉披萨,,,,非会员,72,,,依据餐量提供餐具,,25.90,12.34,6.00,0.00,0,0,0.96,0.00,5.10,【活动支出】首次光顾立减:1.00元+【活动支出】饿了么红包:5.00元+【活动支出】替用户承担配送费:5.1元,-,-,-,0.00,杭州区域,杭州加盟,,,否,-,平台配送
圣比萨（临安店）,SBM00043,杭州,"8014430255910372756	",饿了么,平台外卖,已完成,2025-10-24 17:54:07,2025-10-24 17:54:07,2025-10-24 17:54:07,饿了么支付-在线支付,,即时单,2025-10-24 17:54:07,9.38,手动出餐,1,否,【随心❤️拼】7英寸双拼披萨（口味自选）[碳烤鸡肉培根+缤纷水果]（27.90*1）,双拼7寸【碳烤鸡肉培根口味7】+双拼7寸【缤纷水果口味7】,,,,非会员,73,,,依据餐量提供餐具；手机尾号：7376；接力送,,27.90,14.54,6.00,0.00,0,0,0.96,0.00,5.10,【活动支出】首次光顾立减:1.00元+【活动支出】饿了么红包:5.00元+【活动支出】替用户承担配送费:5.1元,-,-,-,0.00,杭州区域,杭州加盟,,,否,-,平台配送
圣比萨（临安店）,SBM00043,杭州,"8074310255991780740	",饿了么,平台外卖,已完成,2025-10-24 17:54:18,2025-10-24 17:54:18,2025-10-24 17:54:18,饿了么支付-在线支付,,即时单,2025-10-24 17:54:18,10.82,手动出餐,1,否,"点击右上角❤️免费得小吃（限一份，多点不送）[上校鸡块2个]（0.20*1）,【随心❤️拼】7英寸双拼披萨（口味自选）[新奥尔良烤鸡肉+缤纷水果]（27.90*1）",上校鸡块2个+双拼7寸【奥尔良口味7】+双拼7寸【缤纷水果口味7】,,,,非会员,74,,,1份餐具；手机尾号：5801；接力送,,28.10,14.74,6.00,0.00,0,0,0.96,0.00,5.10,【活动支出】首次光顾立减:1.00元+【活动支出】饿了么红包:5.00元+【活动支出】替用户承担配送费:5.1元,-,-,-,0.00,杭州区域,杭州加盟,,,否,-,平台配送
圣比萨（临安店）,SBM00043,杭州,"8016816089808587157	",饿了么,平台外卖,已完成,2025-10-24 17:55:06,2025-10-24 17:55:06,2025-10-24 17:55:06,饿了么支付-在线支付,,即时单,2025-10-24 17:55:06,11.07,手动出餐,1,否,【随心❤️拼】7英寸双拼披萨（口味自选）[新奥尔良烤鸡肉+碳烤鸡肉培根]（27.90*1）,双拼7寸【奥尔良口味7】+双拼7寸【碳烤鸡肉培根口味7】,,,,非会员,75,,,依据餐量提供餐具；手机尾号：0809；接力送,,27.90,14.54,6.00,0.00,0,0,0.96,0.00,5.90,【活动支出】首次光顾立减:1.00元+【活动支出】饿了么红包:5.00元+【活动支出】替用户承担配送费:5.9元,-,-,-,0.00,杭州区域,杭州加盟,,,否,-,平台配送
圣比萨（临安店）,SBM00043,杭州,"8066846089789892007	",饿了么,平台外卖,已完成,2025-10-24 18:00:25,2025-10-24 18:00:25,2025-10-24 18:00:26,饿了么支付-在线支付,,即时单,2025-10-24 18:00:25,6.20,手动出餐,1,否,"新奥尔良烤鸡肉披萨-7英寸(手拍)[{""name"":""规格"",""value"":""7英寸(手拍)""}]（25.90*1）",新奥尔良烤鸡肉披萨,,,,非会员,76,,,依据餐量提供餐具；手机尾号：0600；接力送,,25.90,11.54,7.00,0.00,0,0,0.96,0.00,5.10,【活动支出】下单返红包:2.00元+【活动支出】饿了么红包:5.00元+【活动支出】替用户承担配送费:5.1元,-,-,-,0.00,杭州区域,杭州加盟,,,否,-,平台配送
圣比萨（临安店）,SBM00043,杭州,"8064906089796084142	",饿了么,平台外卖,已完成,2025-10-24 18:09:13,2025-10-24 18:09:13,2025-10-24 18:09:13,饿了么支付-在线支付,,即时单,2025-10-24 18:09:13,6.02,手动出餐,1,否,"点击右上角❤️免费得小吃（限一份，多点不送）[上校鸡块2个]（0.20*1）,新奥尔良烤鸡肉披萨-7英寸(手拍)[{""name"":""规格"",""value"":""7英寸(手拍)""}]（25.90*1）",上校鸡块2个+新奥尔良烤鸡肉披萨,,,,非会员,77,,,依据餐量提供餐具；手机尾号：9566；接力送,,26.10,12.74,6.00,0.00,0,0,0.96,0.00,5.10,【活动支出】首次光顾立减:1.00元+【活动支出】饿了么红包:5.00元+【活动支出】替用户承担配送费:5.1元,-,-,-,0.00,杭州区域,杭州加盟,,,否,-,平台配送
圣比萨（临安店）,SBM00043,杭州,"8019370255915599207	",饿了么,平台外卖,已完成,2025-10-24 18:13:26,2025-10-24 18:13:26,2025-10-24 18:13:26,饿了么支付-在线支付,,即时单,2025-10-24 18:13:26,12.12,自动出餐,1,否,"点击右上角❤️免费得小吃（限一份，多点不送）[墨鱼丸1个]（0.20*1）,【随心❤️拼】12英寸双拼披萨（口味自选）[日系照烧鸡+碳烤鸡肉培根]（57.90*1）,奶酪芝士卷边（12英寸）（8.90*1）,蛋挞一个（3.90*1）",深海墨鱼丸1个+双拼12寸【日系照烧口味12】+双拼12寸【培根鸡肉口味12】+奶酪芝士卷边+蛋挞1个,,,,非会员,78,,,无需餐具,,70.90,39.05,12.91,0.00,0,0,2.64,0.00,21.40,【活动支出】店铺满减:6.00元+【活动支出】单品特价:1.91元+【活动支出】饿了么红包:5.00元+【活动支出】替用户承担配送费:6.0元,-,-,-,0.00,杭州区域,杭州加盟,,,否,-,平台配送
圣比萨（临安店）,SBM00043,杭州,"8001490255816328485	",饿了么,平台外卖,已完成,2025-10-24 18:16:32,2025-10-24 18:16:32,2025-10-24 18:16:32,饿了么支付-在线支付,,即时单,2025-10-24 18:16:32,12.22,自动出餐,1,否,奥尔良风情烤鸡肉一人食盒子披萨（23.90*1）,奥尔良风情烤鸡肉一人食盒子披萨,,,,非会员,79,,,依据餐量提供餐具；手机尾号：8155；接力送,,23.90,9.54,7.00,0.00,0,0,0.96,0.00,5.90,【活动支出】下单返红包:2.00元+【活动支出】饿了么红包:5.00元+【活动支出】替用户承担配送费:5.9元,-,-,-,0.00,杭州区域,杭州加盟,,,否,-,平台配送
圣比萨（临安店）,SBM00043,杭州,"8059150256013563295	",饿了么,平台外卖,已完成,2025-10-24 18:21:30,2025-10-24 18:21:30,2025-10-24 18:21:31,饿了么支付-在线支付,,即时单,2025-10-24 18:21:30,8.23,手动出餐,1,否,"榴莲王披萨-7英寸(手拍)[{""name"":""规格"",""value"":""7英寸(手拍)""}]（33.90*1）",榴莲王披萨,,,,非会员,80,,,依据餐量提供餐具；手机尾号：6994；接力送,,33.90,19.70,6.00,0.00,0,0,1.20,0.00,5.90,【活动支出】首次光顾立减:1.00元+【活动支出】饿了么红包:5.00元+【活动支出】替用户承担配送费:5.9元,-,-,-,0.00,杭州区域,杭州加盟,,,否,-,平台配送
圣比萨（临安店）,SBM00043,杭州,"8051986089812806112	",饿了么,平台外卖,已完成,2025-10-24 18:22:18,2025-10-24 18:22:18,2025-10-24 18:22:19,饿了么支付-在线支付,,即时单,2025-10-24 18:22:18,10.93,手动出餐,1,否,"奥尔良烤翅（8.90*1）,新奥尔良烤鸡肉披萨-9英寸(手拍)[{""name"":""规格"",""value"":""9英寸(手拍)""}]（33.90*1）,明星小食桶任选3（14.90*1）,深海墨鱼丸-3个[{""name"":""规格"",""value"":""3个""}]（5.90*1）",奥尔良烤翅+新奥尔良烤鸡肉披萨+地道肠1根+深海墨鱼丸(3个)+上校鸡块+深海墨鱼丸,,,,非会员,81,,,对骑手放68号门口拍照就行 / 无需餐具,,63.60,40.22,11.00,0.00,0,0,2.38,0.00,5.10,【活动支出】店铺满减:6.00元+【活动支出】饿了么红包:5.00元+【活动支出】淘金币:0.00元+【活动支出】替用户承担配送费:5.1元,-,-,-,0.00,杭州区域,杭州加盟,,,否,-,平台配送
圣比萨（临安店）,SBM00043,杭州,"8056310255923931405	",饿了么,平台外卖,已完成,2025-10-24 18:27:33,2025-10-24 18:27:33,2025-10-24 18:27:34,饿了么支付-在线支付,,即时单,2025-10-24 18:27:33,11.35,手动出餐,1,否,"【随心❤️拼】7英寸双拼披萨（口味自选）[浪漫威尼斯+日系照烧鸡]（27.90*1）,奶酪芝士卷边（7英寸）（4.90*1）",双拼7寸【浪漫威尼斯口味7】+双拼7寸【日系照烧口味7】+奶酪芝士卷边7,,,,非会员,82,,,1份餐具；手机尾号：4451；接力送,,32.80,18.66,6.00,0.00,0,0,1.14,0.00,5.10,【活动支出】首次光顾立减:1.00元+【活动支出】饿了么红包:5.00元+【活动支出】替用户承担配送费:5.1元,-,-,-,0.00,杭州区域,杭州加盟,,,否,-,平台配送
圣比萨（临安店）,SBM00043,杭州,"8091130255930934623	",饿了么,平台外卖,已完成,2025-10-24 18:33:06,2025-10-24 18:33:06,2025-10-24 18:33:06,饿了么支付-在线支付,,即时单,2025-10-24 18:33:06,7.18,手动出餐,1,否,【任选】披萨随心配（31.90*1）,新奥尔良烤鸡肉披萨(7英寸(手拍))+地道肠1根+小可乐,,,,非会员,83,,,依据餐量提供餐具,,31.90,17.05,7.00,0.00,0,0,1.05,0.00,3.30,【活动支出】下单返红包:2.00元+【活动支出】饿了么红包:5.00元+【活动支出】替用户承担配送费:3.3元,-,-,-,0.00,杭州区域,杭州加盟,,,否,-,平台配送
圣比萨（临安店）,SBM00043,杭州,"8014340255827006867	",饿了么,平台外卖,已完成,2025-10-24 18:36:35,2025-10-24 18:36:35,2025-10-24 18:36:35,饿了么支付-在线支付,,即时单,2025-10-24 18:36:35,6.25,手动出餐,1,否,"点击右上角❤️免费得小吃（限一份，多点不送）[上校鸡块2个]（0.20*1）,新奥尔良烤鸡肉披萨-7英寸(手拍)[{""name"":""规格"",""value"":""7英寸(手拍)""}]（25.90*1）",上校鸡块2个+新奥尔良烤鸡肉披萨,,,,非会员,84,,,依据餐量提供餐具；手机尾号：4149；接力送,,26.10,13.74,5.00,0.00,0,0,0.96,0.00,5.90,【活动支出】饿了么红包:5.00元+【活动支出】替用户承担配送费:5.9元,-,-,-,0.00,杭州区域,杭州加盟,,,否,-,平台配送
圣比萨（临安店）,SBM00043,杭州,"8032320255935031758	",饿了么,平台外卖,已完成,2025-10-24 18:51:15,2025-10-24 18:51:15,2025-10-24 18:51:15,饿了么支付-在线支付,,即时单,2025-10-24 18:51:15,11.28,手动出餐,1,否,"点击右上角❤️免费得小吃（限一份，多点不送）[墨鱼丸1个]（0.20*1）,【随心❤️拼】12英寸双拼披萨（口味自选）[新奥尔良烤鸡肉+新奥尔良烤鸡肉]（57.90*1）,蛋挞一个（3.90*1）",深海墨鱼丸1个+双拼12寸【奥尔良口味12】+双拼12寸【奥尔良口味12】+蛋挞1个,,,,非会员,85,,,依据餐量提供餐具,,62.00,35.87,14.91,0.00,0,0,2.12,0.00,3.30,【活动支出】店铺满减:6.00元+【活动支出】单品特价:1.91元+【活动支出】下单返红包:2.00元+【活动支出】饿了么红包:5.00元+【活动支出】替用户承担配送费:3.3元,-,-,-,0.00,杭州区域,杭州加盟,,,否,-,平台配送
圣比萨（临安店）,SBM00043,杭州,"8065250255843399113	",饿了么,平台外卖,已完成,2025-10-24 18:54:41,2025-10-24 18:54:41,2025-10-24 18:54:42,饿了么支付-在线支付,,即时单,2025-10-24 18:54:41,8.97,手动出餐,1,否,"【随心❤️拼】7英寸双拼披萨（口味自选）[碳烤鸡肉培根+新奥尔良烤鸡肉]（27.90*1）,蛋挞一个（3.90*2）",双拼7寸【碳烤鸡肉培根口味7】+双拼7寸【奥尔良口味7】+蛋挞1个,,,,非会员,86,,,依据餐量提供餐具,,35.70,19.80,7.91,0.00,0,0,1.19,0.00,3.30,【活动支出】首次光顾立减:1.00元+【活动支出】单品特价:1.91元+【活动支出】饿了么红包:5.00元+【活动支出】替用户承担配送费:3.3元,-,-,-,0.00,杭州区域,杭州加盟,,,否,-,平台配送
圣比萨（临安店）,SBM00043,杭州,"8008536089846240761	",饿了么,平台外卖,已完成,2025-10-24 19:26:58,2025-10-24 19:26:58,2025-10-24 19:26:58,饿了么支付-在线支付,,即时单,2025-10-24 19:26:58,7.48,手动出餐,1,否,"点击右上角❤️免费得小吃（限一份，多点不送）[上校鸡块2个]（0.20*1）,新奥尔良烤鸡肉披萨-7英寸(手拍)[{""name"":""规格"",""value"":""7英寸(手拍)""}]（25.90*1）",上校鸡块2个+新奥尔良烤鸡肉披萨,,,,非会员,87,,,依据餐量提供餐具,,26.10,12.54,6.00,0.00,0,0,0.96,0.00,5.90,【活动支出】首次光顾立减:1.00元+【活动支出】饿了么红包:5.00元+【活动支出】替用户承担配送费:5.9元,-,-,-,0.00,杭州区域,杭州加盟,,,否,-,平台配送
圣比萨（临安店）,SBM00043,杭州,"8031150255874400739	",饿了么,平台外卖,已完成,2025-10-24 20:00:44,2025-10-24 20:00:44,2025-10-24 20:00:44,饿了么支付-在线支付,,即时单,2025-10-24 20:00:44,5.88,手动出餐,1,否,️【任选】意面随心配（31.90*1）,小雪碧+地道肠1根+招牌肉酱意面,,,,非会员,88,,,1份餐具,,31.90,17.60,6.00,0.00,0,0,1.10,0.00,5.10,【活动支出】首次光顾立减:1.00元+【活动支出】饿了么红包:5.00元+【活动支出】替用户承担配送费:5.1元,-,-,-,0.00,杭州区域,杭州加盟,,,否,-,平台配送
圣比萨（临安店）,SBM00043,杭州,"8042320255989424427	",饿了么,平台外卖,已完成,2025-10-24 20:22:08,2025-10-24 20:22:08,2025-10-24 20:22:09,饿了么支付-在线支付,,即时单,2025-10-24 20:22:08,11.98,手动出餐,1,否,"【随心❤️拼】7英寸双拼披萨（口味自选）[碳烤鸡肉培根+浪漫威尼斯]（27.90*1）,奶酪芝士卷边（7英寸）（4.90*1）",双拼7寸【碳烤鸡肉培根口味7】+双拼7寸【浪漫威尼斯口味7】+奶酪芝士卷边7,,,,非会员,89,,,面不要放葱，面不要放葱，面不要放葱 / 依据餐量提供餐具,,32.80,18.86,6.00,0.00,0,0,1.14,0.00,3.30,【活动支出】首次光顾立减:1.00元+【活动支出】饿了么红包:5.00元+【活动支出】替用户承担配送费:3.3元,-,-,-,0.00,杭州区域,杭州加盟,,,否,-,平台配送
圣比萨（临安店）,SBM00043,杭州,"8047726089892387311	",饿了么,平台外卖,已完成,2025-10-24 20:25:43,2025-10-24 20:25:43,2025-10-24 20:25:43,饿了么支付-在线支付,,即时单,2025-10-24 20:25:43,12.20,自动出餐,1,否,"点击右上角❤️免费得小吃（限一份，多点不送）[上校鸡块2个]（0.20*1）,【任选】买一送一7英寸披萨（62.50*1）,芝士翻倍（仅圆形披萨）-7英寸[{""name"":""规格"",""value"":""7英寸""}]（4.90*1）,蛋挞一个（3.90*1）",上校鸡块2个+金沙咸蛋黄嫩鸡披萨(7英寸(手拍))+海苔肉松披萨(7英寸(手拍))+芝士加倍+蛋挞1个,,,,非会员,90,,,依据餐量提供餐具,,71.50,44.87,13.91,0.00,0,0,2.62,0.00,3.90,【活动支出】店铺满减:6.00元+【活动支出】首次光顾立减:1.00元+【活动支出】单品特价:1.91元+【活动支出】饿了么红包:5.00元+【活动支出】替用户承担配送费:3.9元,-,-,-,0.00,杭州区域,杭州加盟,,,否,-,平台配送
圣比萨（临安店）,SBM00043,杭州,"8070100256008482112	",饿了么,平台外卖,已完成,2025-10-24 21:01:58,2025-10-24 21:01:58,2025-10-24 21:01:58,饿了么支付-在线支付,,即时单,2025-10-24 21:01:58,8.20,手动出餐,1,否,【随心❤️拼】7英寸双拼披萨（口味自选）[新奥尔良烤鸡肉+缤纷水果]（27.90*1）,双拼7寸【奥尔良口味7】+双拼7寸【缤纷水果口味7】,,,,非会员,91,,,依据餐量提供餐具,,27.90,13.14,6.00,0.00,0,0,0.96,0.00,9.50,【活动支出】首次光顾立减:1.00元+【活动支出】饿了么红包:5.00元+【活动支出】替用户承担配送费:6.0元,-,-,-,0.00,杭州区域,杭州加盟,,,否,-,平台配送
圣比萨（临安店）,SBM00043,杭州,"8034300255999370652	",饿了么,平台外卖,已完成,2025-10-24 21:04:35,2025-10-24 21:04:35,2025-10-24 21:04:35,饿了么支付-在线支付,,即时单,2025-10-24 21:04:35,9.00,手动出餐,1,否,"新奥尔良烤鸡肉披萨-7英寸(手拍)[{""name"":""规格"",""value"":""7英寸(手拍)""}]（25.90*1）",新奥尔良烤鸡肉披萨,,,,非会员,92,,,依据餐量提供餐具,,25.90,12.24,6.00,0.00,0,0,0.96,0.00,5.30,【活动支出】首次光顾立减:1.00元+【活动支出】饿了么红包:5.00元+【活动支出】替用户承担配送费:5.3元,-,-,-,0.00,杭州区域,杭州加盟,,,否,-,平台配送
圣比萨（临安店）,SBM00043,杭州,"8014340256095389005	",饿了么,平台外卖,已完成,2025-10-24 21:26:42,2025-10-24 21:26:42,2025-10-24 21:26:42,饿了么支付-在线支付,,即时单,2025-10-24 21:26:42,9.57,手动出餐,1,否,"招牌肉酱意面（25.90*1）,【随心❤️拼】7英寸双拼披萨（口味自选）[新奥尔良烤鸡肉+日系照烧鸡]（27.90*1）",招牌肉酱意面+双拼7寸【奥尔良口味7】+双拼7寸【日系照烧口味7】,,,,非会员,93,,,1份餐具,,53.80,33.70,7.00,0.00,0,0,2.10,0.00,10.30,【活动支出】店铺满减:1.00元+【活动支出】首次光顾立减:1.00元+【活动支出】饿了么红包:5.00元+【活动支出】饿了么红包:0.00元+【活动支出】替用户承担配送费:6.0元,-,-,-,0.00,杭州区域,杭州加盟,,,否,-,平台配送
圣比萨（临安店）,SBM00043,杭州,"8085130256008987923	",饿了么,平台外卖,已完成,2025-10-24 21:32:23,2025-10-24 21:32:23,2025-10-24 21:32:23,饿了么支付-在线支付,,即时单,2025-10-24 21:32:23,7.93,手动出餐,1,否,【随心❤️拼】7英寸双拼披萨（口味自选）[新奥尔良烤鸡肉+日系照烧鸡]（27.90*1）,双拼7寸【奥尔良口味7】+双拼7寸【日系照烧口味7】,,,,非会员,94,,,"不要敲门,请提前发信息联系, 不要打电话 / 依据餐量提供餐具",,27.90,18.45,1.00,0.00,0,0,1.15,0.00,5.30,【活动支出】首次光顾立减:1.00元+【活动支出】替用户承担配送费:5.3元,-,-,-,0.00,杭州区域,杭州加盟,,,否,-,平台配送
圣比萨（临安店）,SBM00043,杭州,"8009886089914223924	",饿了么,平台外卖,已完成,2025-10-24 21:32:49,2025-10-24 21:32:49,2025-10-24 21:32:49,饿了么支付-在线支付,,即时单,2025-10-24 21:32:49,9.85,手动出餐,1,否,【任选】披萨随心配（31.90*1）,新奥尔良烤鸡肉披萨(7英寸(手拍))+蛋挞+小可乐,,,,非会员,95,,,依据餐量提供餐具,,31.90,17.50,6.00,0.00,0,0,1.10,0.00,5.30,【活动支出】首次光顾立减:1.00元+【活动支出】饿了么红包:5.00元+【活动支出】替用户承担配送费:5.3元,-,-,-,0.00,杭州区域,杭州加盟,,,否,-,平台配送
圣比萨（临安店）,SBM00043,杭州,"8019936089897457112	",饿了么,平台外卖,已完成,2025-10-24 21:33:31,2025-10-24 21:33:31,2025-10-24 21:33:31,饿了么支付-在线支付,,即时单,2025-10-24 21:33:31,10.05,手动出餐,1,否,【随心❤️拼】7英寸双拼披萨（口味自选）[新奥尔良烤鸡肉+碳烤鸡肉培根]（27.90*1）,双拼7寸【奥尔良口味7】+双拼7寸【碳烤鸡肉培根口味7】,,,,非会员,96,,,依据餐量提供餐具,,27.90,14.04,6.00,0.00,0,0,0.96,0.00,6.50,【活动支出】首次光顾立减:1.00元+【活动支出】饿了么红包:5.00元+【活动支出】替用户承担配送费:6.0元,-,-,-,0.00,杭州区域,杭州加盟,,,否,-,平台配送
圣比萨（临安店）,SBM00043,杭州,"8078536089908751797	",饿了么,平台外卖,已完成,2025-10-24 22:23:00,2025-10-24 22:23:00,2025-10-24 22:23:00,饿了么支付-在线支付,,即时单,2025-10-24 22:23:00,10.12,手动出餐,1,否,【随心❤️拼】9英寸双拼披萨（口味自选）[缤纷水果+新奥尔良烤鸡肉]（37.90*1）,双拼9寸【缤纷水果口味9】+双拼9寸【奥尔良口味9】,,,,非会员,97,,,1份餐具,,37.90,21.66,7.00,0.00,0,0,1.34,0.00,5.30,【活动支出】下单返红包:2.00元+【活动支出】饿了么红包:5.00元+【活动支出】替用户承担配送费:5.3元,-,-,-,0.00,杭州区域,杭州加盟,,,否,-,平台配送
圣比萨（临安店）,SBM00043,杭州,"8098110255921941874	",饿了么,平台外卖,已完成,2025-10-24 22:26:46,2025-10-24 22:26:46,2025-10-24 22:26:47,饿了么支付-在线支付,,即时单,2025-10-24 22:26:46,10.75,手动出餐,1,否,"榴莲王披萨-9英寸(手拍)[{""name"":""规格"",""value"":""9英寸(手拍)""}]（43.90*1）",榴莲王披萨,,,,非会员,98,,,依据餐量提供餐具,,43.90,26.77,7.00,0.00,0,0,1.63,0.00,5.30,【活动支出】店铺满减:1.00元+【活动支出】首次光顾立减:1.00元+【活动支出】饿了么红包:5.00元+【活动支出】替用户承担配送费:5.3元,-,-,-,0.00,杭州区域,杭州加盟,,,否,-,平台配送
圣比萨（临安店）,SBM00043,杭州,"8062506089912866245	",饿了么,平台外卖,已完成,2025-10-24 22:37:06,2025-10-24 22:37:06,2025-10-24 22:37:07,饿了么支付-在线支付,,即时单,2025-10-24 22:37:06,8.42,手动出餐,1,否,【随心❤️拼】7英寸双拼披萨（口味自选）[新奥尔良烤鸡肉+碳烤鸡肉培根]（27.90*1）,双拼7寸【奥尔良口味7】+双拼7寸【碳烤鸡肉培根口味7】,,,,非会员,99,,,依据餐量提供餐具,,27.90,14.24,6.00,0.00,0,0,0.96,0.00,5.30,【活动支出】首次光顾立减:1.00元+【活动支出】饿了么红包:5.00元+【活动支出】替用户承担配送费:5.3元,-,-,-,0.00,杭州区域,杭州加盟,,,否,-,平台配送
圣比萨（临安店）,SBM00043,杭州,"8076706089924496804	",饿了么,平台外卖,已完成,2025-10-24 22:53:25,2025-10-24 22:53:25,2025-10-24 22:53:25,饿了么支付-在线支付,,即时单,2025-10-24 22:53:25,9.65,手动出餐,1,否,"可口可乐[冷]（5.00*1）,【随心❤️拼】7英寸双拼披萨（口味自选）[碳烤鸡肉培根+日系照烧鸡]（27.90*1）",小可乐+双拼7寸【碳烤鸡肉培根口味7】+双拼7寸【日系照烧口味7】,,,,非会员,100,,,依据餐量提供餐具,,32.90,17.65,6.00,0.00,0,0,1.15,0.00,8.70,【活动支出】首次光顾立减:1.00元+【活动支出】饿了么红包:5.00元+【活动支出】替用户承担配送费:6.0元,-,-,-,0.00,杭州区域,杭州加盟,,,否,-,平台配送
圣比萨（临安店）,SBM00043,杭州,"8060886089930369529	",饿了么,平台外卖,已完成,2025-10-24 23:12:54,2025-10-24 23:12:54,2025-10-24 23:12:54,饿了么支付-在线支付,,即时单,2025-10-24 23:12:54,12.03,自动出餐,1,否,"点击右上角❤️免费得小吃（限一份，多点不送）[墨鱼丸1个]（0.20*1）,日系照烧鸡披萨-12英寸(手拍)[{""name"":""规格"",""value"":""12英寸(手拍)""}]（54.90*1）,大圣香肠[香辣]（5.90*1）,蛋挞一个（3.90*1）,咸蛋黄风味流心卷边（12英寸）（8.90*1）",深海墨鱼丸1个+日系照烧鸡披萨+大圣香肠1串+蛋挞1个+咸蛋黄流沙卷边,,,,非会员,101,,,依据餐量提供餐具,,73.80,46.06,13.91,0.00,0,0,2.73,0.00,5.90,【活动支出】店铺满减:6.00元+【活动支出】首次光顾立减:1.00元+【活动支出】单品特价:1.91元+【活动支出】饿了么红包:5.00元+【活动支出】替用户承担配送费:5.9元,-,-,-,0.00,杭州区域,杭州加盟,,,否,-,平台配送
圣比萨（临安店）,SBM00043,杭州,"8071606089938726245	",饿了么,平台外卖,已完成,2025-10-24 23:21:18,2025-10-24 23:21:18,2025-10-24 23:21:19,饿了么支付-在线支付,,即时单,2025-10-24 23:21:18,10.88,手动出餐,1,否,"招牌肉酱意面（25.90*1）,点击右上角❤️免费得小吃（限一份，多点不送）[上校鸡块2个]（0.20*1）,大圣拉丝芝士棒（8.90*1）,经典薯条（8.90*1）,蛋挞一个（3.90*1）",招牌肉酱意面+上校鸡块2个+大圣拉丝芝士棒+经典薯条+蛋挞1个,,,,非会员,102,,,"不要打电话,不要敲门,不要打电话,不要敲门放门口 / 依据餐量提供餐具",,47.80,27.67,8.91,0.00,0,0,1.72,0.00,7.10,【活动支出】店铺满减:1.00元+【活动支出】首次光顾立减:1.00元+【活动支出】单品特价:1.91元+【活动支出】饿了么红包:5.00元+【活动支出】饿了么红包:0.00元+【活动支出】替用户承担配送费:6.0元,-,-,-,0.00,杭州区域,杭州加盟,,,否,-,平台配送
圣比萨（临安店）,SBM00043,杭州,"8056370255937631535	",饿了么,平台外卖,已完成,2025-10-24 23:27:52,2025-10-24 23:27:52,2025-10-24 23:27:52,饿了么支付-在线支付,,即时单,2025-10-24 23:27:52,9.82,手动出餐,1,否,【任选】买一送一7英寸披萨（48.80*1）,西域肉酱披萨(7英寸(手拍))+奶酪芝士披萨(7英寸(手拍)),,,,非会员,103,,,依据餐量提供餐具,,48.80,29.44,7.00,0.00,0,0,1.86,0.00,11.10,【活动支出】店铺满减:1.00元+【活动支出】首次光顾立减:1.00元+【活动支出】饿了么红包:5.00元+【活动支出】饿了么红包:0.00元+【活动支出】替用户承担配送费:6.0元,-,-,-,0.00,杭州区域,杭州加盟,,,否,-,平台配送
圣比萨（临安店）,SBM00043,杭州,"8013896089946973548	",饿了么,平台外卖,已完成,2025-10-24 23:49:04,2025-10-24 23:49:04,2025-10-24 23:49:04,饿了么支付-在线支付,,即时单,2025-10-24 23:49:04,9.82,手动出餐,1,否,"点击右上角❤️免费得小吃（限一份，多点不送）[上校鸡块2个]（0.20*1）,新奥尔良烤鸡肉披萨-7英寸(手拍)[{""name"":""规格"",""value"":""7英寸(手拍)""}]（25.90*1）",上校鸡块2个+新奥尔良烤鸡肉披萨,,,,非会员,104,,,依据餐量提供餐具,,26.10,12.44,6.00,0.00,0,0,0.96,0.00,5.30,【活动支出】首次光顾立减:1.00元+【活动支出】饿了么红包:5.00元+【活动支出】替用户承担配送费:5.3元,-,-,-,0.00,杭州区域,杭州加盟,,,否,-,平台配送
圣比萨（临安店）,SBM00043,杭州,"8080606089905622488	",饿了么,平台外卖,已完成,2025-10-24 23:57:38,2025-10-24 23:57:38,2025-10-24 23:57:38,饿了么支付-在线支付,,即时单,2025-10-24 23:57:38,8.85,手动出餐,1,否,"上校鸡块4个（5.90*1）,川香脆皮翅根-1个[{""name"":""规格"",""value"":""1个""}]（6.90*1）,浪漫威尼斯披萨-7英寸(手拍)[{""name"":""规格"",""value"":""7英寸(手拍)""}]（29.90*1）,蛋挞一个（3.90*1）",上校鸡块+浪漫威尼斯披萨+蛋挞1个,,,,非会员,105,,,依据餐量提供餐具,,46.60,23.80,12.82,0.00,0,0,1.48,0.00,5.30,【活动支出】店铺满减:1.00元+【活动支出】首次光顾立减:1.00元+【活动支出】单品特价:3.91元+【活动支出】单品特价:1.91元+【活动支出】超级会员专享红包:5.00元+【活动支出】替用户承担配送费:5.3元,-,-,-,0.00,杭州区域,杭州加盟,,,否,-,平台配送
圣比萨（新城店）,SBS00003,温州,"8091806089519855950	",饿了么,平台外卖,已完成,2025-10-24 00:08:41,2025-10-24 00:08:41,2025-10-24 00:08:42,饿了么支付-在线支付,,即时单,2025-10-24 00:08:41,10.17,自动出餐,1,否,手握三选一-单点[奥尔良]（20.00*1）,奥尔良风情烤鸡肉一人食盒子披萨,,,,非会员,1,,,依据餐量提供餐具,,20.00,10.00,0.00,0.00,0,0,0.00,0.00,,【活动支出】拼团反圈活动:0.00元,-,-,-,0.00,温州区域,温州加盟,,,否,-,平台配送
圣比萨（新城店）,SBS00003,温州,"8004130255519102370	",饿了么,平台外卖,已完成,2025-10-24 01:45:05,2025-10-24 01:45:05,2025-10-24 01:45:05,饿了么支付-在线支付,,即时单,2025-10-24 01:45:05,10.05,自动出餐,1,否,"圣比招牌披萨-7英寸(经典手拍)[{""name"":""规格"",""value"":""7英寸(经典手拍)""}]（45.00*1）,焗饭随心配（53.80*1）,点击右上角❤️收藏得小吃[上校鸡块2个]（2.00*1）,意面随心配（58.80*1）,餐盒（6.50*1）",大圣招牌大满贯披萨+招牌肉酱芝士焗饭+地道肠1根+盐酥鸡米花小份+深海墨鱼丸2个+上校鸡块2个+深海墨鱼丸2个+蛋挞1个+上校鸡块2个+番茄培根意面,,,,非会员,2,,,多加饭多加面 饿死了。 / 依据餐量提供餐具,,159.60,56.93,90.80,0.00,0,0,5.42,0.00,5.60,【活动支出】店铺满减:6.00元+【活动支出】单品特价:13.10元+【活动支出】单品特价:25.90元+【活动支出】单品特价:1.90元+【活动支出】单品特价:31.90元+【活动支出】饿了么红包:12.00元+【活动支出】替用户承担配送费:5.6元,-,-,-,6.50,温州区域,温州加盟,,,否,-,平台配送
圣比萨（新城店）,SBS00003,温州,"8064816089570114910	",饿了么,平台外卖,已完成,2025-10-24 09:58:47,2025-10-24 09:58:47,2025-10-24 09:58:47,饿了么支付-在线支付,,即时单,2025-10-24 09:58:47,10.10,自动出餐,1,否,"手握三选一-拼团[缤纷水果][{""name"":""规格"",""value"":""拼团""}]（18.60*1）",热带雨林水果一人食盒子披萨,,,,非会员,3,,,不要辣,,18.60,10.00,0.00,0.00,0,0,0.00,0.00,,【活动支出】拼团反圈活动:0.00元,-,-,-,0.00,温州区域,温州加盟,,,否,-,平台配送
圣比萨（新城店）,SBS00003,温州,"8057170255571499437	",饿了么,平台外卖,已完成,2025-10-24 10:40:10,2025-10-24 10:40:10,2025-10-24 10:40:10,饿了么支付-在线支付,,即时单,2025-10-24 10:40:10,10.03,自动出餐,1,否,"披萨随心配（65.30*1）,餐盒（2.00*1）",缤纷水果披萨(7英寸(手拍))+地道肠1根+盐酥鸡米花小份+深海墨鱼丸2个,,,,非会员,4,,,依据餐量提供餐具,,65.30,20.31,38.50,0.00,0,0,1.94,0.00,4.00,【活动支出】单品特价:30.50元+【活动支出】超级会员专享红包:8.00元+【活动支出】 商家自营销加码:0.00元+【活动支出】替用户承担配送费:4.0元,-,-,-,2.00,温州区域,温州加盟,,,否,-,平台配送
圣比萨（新城店）,SBS00003,温州,"8052270255586478527	",饿了么,平台外卖,已完成,2025-10-24 11:00:20,2025-10-24 11:00:20,2025-10-24 11:00:20,饿了么支付-在线支付,,即时单,2025-10-24 11:00:20,12.20,自动出餐,1,否,手握三选一-单点[奥尔良]（20.00*1）,奥尔良风情烤鸡肉一人食盒子披萨,,,,非会员,5,,,1份餐具,,20.00,10.00,0.00,0.00,0,0,0.00,0.00,,【活动支出】拼团反圈活动:0.00元,-,-,-,0.00,温州区域,温州加盟,,,否,-,平台配送
圣比萨（新城店）,SBS00003,温州,"8027986089588221349	",饿了么,平台外卖,已完成,2025-10-24 11:02:49,2025-10-24 11:02:49,2025-10-24 11:02:50,饿了么支付-在线支付,,即时单,2025-10-24 11:02:49,12.08,自动出餐,1,否,手握三选一-单点[奥尔良]（20.00*1）,奥尔良风情烤鸡肉一人食盒子披萨,,,,非会员,6,,,依据餐量提供餐具,,20.00,10.00,0.00,0.00,0,0,0.00,0.00,,【活动支出】拼团反圈活动:0.00元,-,-,-,0.00,温州区域,温州加盟,,,否,-,平台配送
圣比萨（新城店）,SBS00003,温州,"8001806089608629669	",饿了么,平台外卖,已完成,2025-10-24 11:04:21,2025-10-24 11:04:21,2025-10-24 11:04:22,饿了么支付-在线支付,,即时单,2025-10-24 11:04:21,12.20,自动出餐,1,否,"奥尔良烤鸡肉披萨-7英寸(经典手拍)[{""name"":""规格"",""value"":""7英寸(经典手拍)""}]（45.00*1）,奶酪芝士卷边（7英寸）（4.90*1）,餐盒（2.00*1）",新奥尔良烤鸡肉披萨+奶酪芝士卷边7,,,,非会员,7,,,1份餐具,,49.90,16.29,28.10,0.00,0,0,1.56,0.00,3.50,【活动支出】单品特价:21.10元+【活动支出】 商家自营销加码:2.00元+【活动支出】CPS商户叠加券:0.00元+【活动支出】饿了么红包:5.00元+【活动支出】替用户承担配送费:3.5元,-,-,-,2.00,温州区域,温州加盟,,,否,-,平台配送
圣比萨（新城店）,SBS00003,温州,"8082490255718950241	",饿了么,平台外卖,已完成,2025-10-24 11:16:34,2025-10-24 11:16:34,2025-10-24 11:16:34,饿了么支付-在线支付,,即时单,2025-10-24 11:16:34,8.52,手动出餐,1,否,"招牌肉酱芝士焗饭（52.00*1）,餐盒（1.00*1）",招牌肉酱芝士焗饭,,,,非会员,8,,,依据餐量提供餐具,,52.00,15.81,24.10,0.00,0,0,1.94,0.00,9.30,【活动支出】单品特价:24.10元+【活动支出】替用户承担配送费:6.0元,-,-,-,1.00,温州区域,温州加盟,,,否,-,平台配送
圣比萨（新城店）,SBS00003,温州,"8040666089634247964	",饿了么,平台外卖,已完成,2025-10-24 12:00:22,2025-10-24 12:00:22,2025-10-24 12:00:23,饿了么支付-在线支付,,即时单,2025-10-24 12:00:22,10.00,手动出餐,1,否,"【随心拼】7英寸披萨(口味自选）[奥尔良+日系照烧]（54.00*1）,芒果汁[冷]（10.00*1）,餐盒（3.00*1）",双拼7寸【奥尔良口味7】+双拼7寸【日系照烧口味7】+芒果汁,,,,非会员,9,,,依据餐量提供餐具,,64.00,19.44,38.50,0.00,0,0,1.91,0.00,3.50,【活动支出】单品特价:27.50元+【活动支出】单品特价:4.00元+【活动支出】 商家自营销加码:2.00元+【活动支出】饿了么红包:5.00元+【活动支出】替用户承担配送费:3.5元,-,-,-,3.00,温州区域,温州加盟,,,否,-,平台配送
圣比萨（新城店）,SBS00003,温州,"8092876089664044528	",饿了么,平台外卖,已完成,2025-10-24 12:01:05,2025-10-24 12:01:05,2025-10-24 12:01:05,饿了么支付-在线支付,,即时单,2025-10-24 12:01:05,12.08,自动出餐,1,否,"手握三选一-单点[日式照烧][{""name"":""规格"",""value"":""单点""}]（20.00*1）",日式烧鸟风味一人食盒子披萨,,,,非会员,10,,,依据餐量提供,,20.00,10.00,0.00,0.00,0,0,0.00,0.00,,【活动支出】拼团反圈活动:0.00元,-,-,-,0.00,温州区域,温州加盟,,,否,-,平台配送
圣比萨（新城店）,SBS00003,温州,"8023010255655710041	",饿了么,平台外卖,已完成,2025-10-24 12:02:24,2025-10-24 12:02:24,2025-10-24 12:02:24,饿了么支付-在线支付,,即时单,2025-10-24 12:02:24,12.07,自动出餐,1,否,"奥尔良烤鸡肉披萨-7英寸(经典手拍)[{""name"":""规格"",""value"":""7英寸(经典手拍)""}]（45.00*1）,【新客福利】香烤地道肠1根（7.50*1）,餐盒（3.00*1）",新奥尔良烤鸡肉披萨+地道肠1根,,,,非会员,11,,,"不要敲门，, 请提前电话联系 / 依据餐量提供餐具",,52.50,14.11,34.61,0.00,0,0,1.43,0.00,3.50,【活动支出】单品特价:21.10元+【活动支出】单品特价:6.51元+【活动支出】饿了么红包:7.00元+【活动支出】替用户承担配送费:3.5元,-,-,-,3.00,温州区域,温州加盟,,,否,-,平台配送
圣比萨（新城店）,SBS00003,温州,"8069420255806231892	",饿了么,平台外卖,已完成,2025-10-24 13:47:06,2025-10-24 13:47:06,2025-10-24 13:47:07,饿了么支付-在线支付,,即时单,2025-10-24 13:47:06,10.03,自动出餐,1,否,"新奥尔良烤鸡肉披萨7寸-单点[{""name"":""规格"",""value"":""单点""}]（22.00*1）",新奥尔良烤鸡肉披萨【7英寸(手拍)】,,,,非会员,12,,,-,,22.00,12.00,0.00,0.00,0,0,0.00,0.00,,【活动支出】拼团反圈活动:0.00元,-,-,-,0.00,温州区域,温州加盟,,,否,-,平台配送
圣比萨（新城店）,SBS00003,温州,"8027546089692226848	",饿了么,平台外卖,已完成,2025-10-24 13:55:16,2025-10-24 13:55:16,2025-10-24 13:55:16,饿了么支付-在线支付,,即时单,2025-10-24 13:55:16,10.20,自动出餐,1,否,手握三选一+二选一+可乐-单点[缤纷水果+上校鸡块 2 块+可乐]（24.00*1）,小可乐+热带雨林水果一人食盒子披萨+上校鸡块2个,,,,非会员,13,,,依据餐量提供餐具,,24.00,14.00,0.00,0.00,0,0,0.00,0.00,,【活动支出】拼团反圈活动:0.00元,-,-,-,0.00,温州区域,温州加盟,,,否,-,平台配送
圣比萨（新城店）,SBS00003,温州,"8068290255816326631	",饿了么,平台外卖,已完成,2025-10-24 13:57:52,2025-10-24 13:57:52,2025-10-24 13:57:52,饿了么支付-在线支付,,即时单,2025-10-24 13:57:52,10.20,自动出餐,1,否,手握三选一-单点[奥尔良]（20.00*1）,奥尔良风情烤鸡肉一人食盒子披萨,,,,非会员,14,,,依据餐量提供餐具,,20.00,10.00,0.00,0.00,0,0,0.00,0.00,,【活动支出】拼团反圈活动:0.00元,-,-,-,0.00,温州区域,温州加盟,,,否,-,平台配送
圣比萨（新城店）,SBS00003,温州,"8030450255712413047	",饿了么,平台外卖,已完成,2025-10-24 14:19:09,2025-10-24 14:19:09,2025-10-24 14:19:09,饿了么支付-在线支付,,即时单,2025-10-24 14:19:09,9.55,手动出餐,1,否,"个人意面or焗饭经典套餐[咖喱鸡肉焗饭+经典薯条+芒果汁]（42.00*1）,餐盒（2.00*1）",咖喱鸡肉芝士焗饭+经典薯条+芒果汁,,,,非会员,15,,,依据餐量提供餐具,,42.00,19.16,17.10,0.00,0,0,1.79,0.00,3.50,【活动支出】单品特价:10.10元+【活动支出】 商家自营销加码:2.00元+【活动支出】饿了么红包:5.00元+【活动支出】替用户承担配送费:3.5元,-,-,-,2.00,温州区域,温州加盟,,,否,-,平台配送
圣比萨（新城店）,SBS00003,温州,"8096956089686063416	",饿了么,平台外卖,已完成,2025-10-24 14:31:35,2025-10-24 14:31:35,2025-10-24 14:31:35,饿了么支付-在线支付,,即时单,2025-10-24 14:31:35,10.05,自动出餐,1,否,"咸蛋黄风味流沙卷边（7英寸）（4.90*1）,缤纷水果披萨-7英寸(手拍)[{""name"":""规格"",""value"":""7英寸(手拍)""}]（42.00*1）,餐盒（1.00*1）",咸蛋黄流沙卷边7+缤纷水果披萨,,,,非会员,16,,,1份餐具,,46.90,17.21,23.10,0.00,0,0,1.64,0.00,3.50,【活动支出】单品特价:16.10元+【活动支出】饿了么红包:7.00元+【活动支出】替用户承担配送费:3.5元,-,-,-,1.00,温州区域,温州加盟,,,否,-,平台配送
圣比萨（新城店）,SBS00003,温州,"8082440255756422411	",饿了么,平台外卖,已完成,2025-10-24 16:24:31,2025-10-24 16:24:31,2025-10-24 16:24:32,饿了么支付-在线支付,,即时单,2025-10-24 16:24:31,9.63,手动出餐,1,否,"披萨随心配（60.40*1）,餐盒（2.00*1）",新奥尔良烤鸡肉披萨(7英寸(手拍))+地道肠1根+盐酥鸡米花小份+蛋挞1个,,,,非会员,17,,,依据餐量提供餐具,,60.40,17.31,37.50,0.00,0,0,1.64,0.00,3.50,【活动支出】单品特价:30.50元+【活动支出】饿了么红包:7.00元+【活动支出】替用户承担配送费:3.5元,-,-,-,2.00,温州区域,温州加盟,,,否,-,平台配送
圣比萨（新城店）,SBS00003,温州,"8091150255865469437	",饿了么,平台外卖,已完成,2025-10-24 16:42:05,2025-10-24 16:42:05,2025-10-24 16:42:05,饿了么支付-在线支付,,即时单,2025-10-24 16:42:05,7.78,手动出餐,1,否,"番茄培根意面（52.00*1）,柠檬茶[热]（6.00*1）,餐盒（2.00*1）",番茄培根意面+柠檬茶,,,,非会员,18,,,依据餐量提供餐具,,58.00,18.23,34.10,0.00,0,0,1.72,0.00,3.50,【活动支出】单品特价:28.10元+【活动支出】饿了么红包:6.00元+【活动支出】替用户承担配送费:3.5元,-,-,-,2.00,温州区域,温州加盟,,,否,-,平台配送
圣比萨（新城店）,SBS00003,温州,"8052596089757309301	",饿了么,平台外卖,已完成,2025-10-24 16:50:37,2025-10-24 16:50:37,2025-10-24 16:50:38,饿了么支付-在线支付,,即时单,2025-10-24 16:50:37,6.02,手动出餐,1,否,"个人意面or焗饭经典套餐[番茄牛肉意面+上校鸡块4个+柠檬茶]（42.00*1）,餐盒（2.00*1）",番茄牛肉意面+上校鸡块+柠檬茶,,,,非会员,19,,,依据餐量提供餐具,,42.00,24.43,10.10,0.00,0,0,2.32,0.00,3.50,【活动支出】单品特价:10.10元+【活动支出】替用户承担配送费:3.5元,-,-,-,2.00,温州区域,温州加盟,,,否,-,平台配送
圣比萨（新城店）,SBS00003,温州,"8065170255979106686	",饿了么,平台外卖,已完成,2025-10-24 17:31:31,2025-10-24 17:31:31,2025-10-24 17:31:32,饿了么支付-在线支付,,即时单,2025-10-24 17:31:31,10.18,手动出餐,1,否,"榴莲王披萨-7英寸（经典手拍)[{""name"":""规格"",""value"":""7英寸（经典手拍)""}]（52.00*1）,可乐[冷]（5.00*2）,餐盒（1.00*1）",榴莲王披萨+可乐,,,,非会员,20,,,无需餐具,,62.00,27.16,25.50,0.00,0,0,2.59,0.00,3.50,【活动支出】店铺满减:1.00元+【活动支出】单品特价:17.50元+【活动支出】 商家自营销加码:2.00元+【活动支出】饿了么红包:5.00元+【活动支出】替用户承担配送费:3.5元,-,-,-,1.00,温州区域,温州加盟,,,否,-,平台配送
圣比萨（新城店）,SBS00003,温州,"8049696089779754269	",饿了么,平台外卖,已完成,2025-10-24 17:34:11,2025-10-24 17:34:11,2025-10-24 17:34:11,饿了么支付-在线支付,,即时单,2025-10-24 17:34:11,8.03,手动出餐,1,否,"个人意面or焗饭经典套餐[番茄培根意面+上校鸡块4个+柠檬茶]（42.00*1）,餐盒（2.00*1）",番茄培根意面+上校鸡块+柠檬茶,,,,非会员,21,,,依据餐量提供餐具,,42.00,19.16,17.10,0.00,0,0,1.79,0.00,3.50,【活动支出】单品特价:10.10元+【活动支出】饿了么红包:7.00元+【活动支出】淘金币:0.00元+【活动支出】替用户承担配送费:3.5元,-,-,-,2.00,温州区域,温州加盟,,,否,-,平台配送
圣比萨（新城店）,SBS00003,温州,"8074666089812736498	",饿了么,平台外卖,已完成,2025-10-24 17:58:00,2025-10-24 17:58:00,2025-10-24 17:58:00,饿了么支付-在线支付,,即时单,2025-10-24 17:58:00,11.43,手动出餐,1,否,"[买一送一]买披萨送意面[奥尔良鸡肉披萨7英寸+番茄牛肉意面]（75.00*1）,餐盒（2.00*1）",新奥尔良烤鸡肉披萨【7英寸(手拍)】+番茄牛肉意面,,,,非会员,22,,,需要番茄酱 / 无需餐具,,75.00,28.46,38.10,0.00,0,0,2.69,0.00,3.50,【活动支出】店铺满减:1.00元+【活动支出】单品特价:30.10元+【活动支出】 商家自营销加码:2.00元+【活动支出】饿了么红包:5.00元+【活动支出】替用户承担配送费:3.5元,-,-,-,2.00,温州区域,温州加盟,,,否,-,平台配送
圣比萨（新城店）,SBS00003,温州,"8064200256003174705	",饿了么,平台外卖,已完成,2025-10-24 18:02:25,2025-10-24 18:02:25,2025-10-24 18:02:25,饿了么支付-在线支付,,即时单,2025-10-24 18:02:25,8.60,手动出餐,1,否,"点击右上角❤️收藏得小吃[墨鱼丸1个]（2.00*1）,7英寸奥尔良烤鸡肉披萨[7英奥尔良烤鸡肉披萨]（56.00*1）,餐盒（2.50*1）",深海墨鱼丸1个+新奥尔良烤鸡肉披萨【7英寸(手拍)】,,,,非会员,23,,,依据餐量提供餐具；手机尾号：4596；接力送,,58.00,16.89,35.40,0.00,0,0,1.66,0.00,3.50,【活动支出】单品特价:1.90元+【活动支出】单品特价:33.50元+【活动支出】替用户承担配送费:3.5元,-,-,-,2.50,温州区域,温州加盟,,,否,-,平台配送
圣比萨（新城店）,SBS00003,温州,"8047996089790237165	",饿了么,平台外卖,已完成,2025-10-24 18:23:45,2025-10-24 18:23:45,2025-10-24 18:23:46,饿了么支付-在线支付,,即时单,2025-10-24 18:23:45,10.48,手动出餐,1,否,"手握三选一-单点[日式照烧][{""name"":""规格"",""value"":""单点""}]（20.00*1）",日式烧鸟风味一人食盒子披萨,,,,非会员,24,,,-,,20.00,10.00,0.00,0.00,0,0,0.00,0.00,,【活动支出】爆品团通吃券:0.00元,-,-,-,0.00,温州区域,温州加盟,,,否,-,平台配送
圣比萨（新城店）,SBS00003,温州,"8023876089831848222	",饿了么,平台外卖,已完成,2025-10-24 18:31:49,2025-10-24 18:31:49,2025-10-24 18:31:49,饿了么支付-在线支付,,即时单,2025-10-24 18:31:49,9.37,手动出餐,1,否,"【香蕉菠萝】7英寸缤纷水果披萨（42.00*1）,餐盒（2.00*1）",缤纷水果披萨【7英寸(手拍)】,,,,非会员,25,,,依据餐量提供餐具,,42.00,14.12,23.10,0.00,0,0,1.43,0.00,3.50,【活动支出】单品特价:16.10元+【活动支出】饿了么红包:7.00元+【活动支出】替用户承担配送费:3.5元,-,-,-,2.00,温州区域,温州加盟,,,否,-,平台配送
圣比萨（新城店）,SBS00003,温州,"8068746089847557541	",饿了么,平台外卖,已完成,2025-10-24 19:30:40,2025-10-24 19:30:40,2025-10-24 19:30:40,饿了么支付-在线支付,,即时单,2025-10-24 19:30:40,10.03,自动出餐,1,否,"奥尔良烤鸡肉披萨-7英寸(经典手拍)[{""name"":""规格"",""value"":""7英寸(经典手拍)""}]（45.00*1）,奶酪芝士卷边（7英寸）（4.90*1）,餐盒（2.00*1）",新奥尔良烤鸡肉披萨+奶酪芝士卷边7,,,,非会员,26,,,依据餐量提供餐具,,49.90,13.09,28.10,0.00,0,0,1.56,0.00,8.00,【活动支出】单品特价:21.10元+【活动支出】饿了么红包:7.00元+【活动支出】替用户承担配送费:6.0元,-,-,-,2.00,温州区域,温州加盟,,,否,-,平台配送
圣比萨（新城店）,SBS00003,温州,"8077806089869939121	",饿了么,平台外卖,已完成,2025-10-24 20:15:53,2025-10-24 20:15:53,2025-10-24 20:15:53,饿了么支付-在线支付,,即时单,2025-10-24 20:15:53,8.37,手动出餐,1,否,"7英寸奥尔良烤鸡肉披萨[7英奥尔良烤鸡肉披萨]（56.00*1）,餐盒（2.00*1）",新奥尔良烤鸡肉披萨【7英寸(手拍)】,,,,非会员,27,,,1份餐具,,56.00,9.22,40.50,0.00,0,0,1.43,0.00,5.00,【活动支出】单品特价:33.50元+【活动支出】 商家自营销加码:2.00元+【活动支出】CPS商户叠加券:0.00元+【活动支出】饿了么红包:5.00元+【活动支出】淘金币:0.00元+【活动支出】替用户承担配送费:5.0元,-,-,-,2.00,温州区域,温州加盟,,,否,-,平台配送
圣比萨（新城店）,SBS00003,温州,"8053080255925960102	",饿了么,平台外卖,已完成,2025-10-24 22:57:04,2025-10-24 22:57:04,2025-10-24 22:57:04,饿了么支付-在线支付,,即时单,2025-10-24 22:57:04,10.03,自动出餐,1,否,"圣比招牌套餐[圣比招牌披萨7英寸+上校鸡块4个+柠檬茶]（54.00*1）,奶酪芝士卷边（7英寸）（4.90*1）",大圣招牌大满贯披萨【7英寸(手拍)】+上校鸡块+柠檬茶+奶酪芝士卷边7,,,,非会员,28,,,3份餐具,,58.90,17.06,28.10,0.00,0,0,2.09,0.00,10.70,【活动支出】店铺满减:1.00元+【活动支出】单品特价:19.10元+【活动支出】 商家自营销加码:0.00元+【活动支出】饿了么红包:8.00元+【活动支出】替用户承担配送费:6.0元,-,-,-,0.00,温州区域,温州加盟,,,否,-,平台配送
圣比萨（新城店）,SBS00003,温州,"8092390256033052060	",饿了么,平台外卖,已完成,2025-10-24 23:21:08,2025-10-24 23:21:08,2025-10-24 23:21:08,饿了么支付-在线支付,,即时单,2025-10-24 23:21:08,10.10,自动出餐,1,否,"保温袋1个（远距离建议加购）（10.00*1）,点击右上角❤️收藏得小吃[上校鸡块2个]（2.00*1）,奶酪芝士卷边（9英寸）（6.90*1）,碳烤鸡肉培根披萨-9英寸(手拍)[{""name"":""规格"",""value"":""9英寸(手拍)""}]（78.00*1）,芝士就是力量（10.00*1）,餐盒（3.50*1）",保温袋+上校鸡块2个+奶酪芝士卷边9+碳烤鸡肉培根披萨+芝士就是力量,,,,非会员,29,,,依据餐量提供餐具,,106.90,31.66,67.50,0.00,0,0,2.99,0.00,5.60,【活动支出】店铺满减:1.00元+【活动支出】单品特价:9.50元+【活动支出】单品特价:1.90元+【活动支出】单品特价:38.10元+【活动支出】单品特价:3.00元+【活动支出】订单集点返红包:5.00元+【活动支出】饿了么红包:9.00元+【活动支出】替用户承担配送费:5.6元,-,-,-,3.50,温州区域,温州加盟,,,否,-,平台配送
圣比萨（新城店）,SBS00003,温州,"8013856089901534498	",饿了么,平台外卖,已完成,2025-10-24 23:32:54,2025-10-24 23:32:54,2025-10-24 23:32:55,饿了么支付-在线支付,,即时单,2025-10-24 23:32:54,7.32,手动出餐,1,否,"奥尔良烤鸡肉披萨-7英寸(经典手拍)[{""name"":""规格"",""value"":""7英寸(经典手拍)""}]（45.00*1）,餐盒（2.00*1）",新奥尔良烤鸡肉披萨,,,,非会员,30,,,依据餐量提供餐具,,45.00,11.62,28.10,0.00,0,0,1.43,0.00,6.10,【活动支出】单品特价:21.10元+【活动支出】饿了么红包:7.00元+【活动支出】替用户承担配送费:6.0元,-,-,-,2.00,温州区域,温州加盟,,,否,-,平台配送
圣比萨（新桥店）,SBM00041,温州,"8034966089570785755	",饿了么,平台外卖,已完成,2025-10-24 10:57:30,2025-10-24 10:57:30,2025-10-24 10:57:30,饿了么支付-在线支付,,即时单,2025-10-24 10:57:30,13.82,手动出餐,1,否,"纯芝士披萨7英寸[7英寸]（42.00*1）,餐盒（2.00*1）",金牌芝士披萨【7英寸(手拍)】,,,,非会员,1,,,依据餐量提供餐具,,42.00,12.12,25.10,0.00,0,0,1.43,0.00,4.00,【活动支出】单品特价:20.10元+【活动支出】饿了么红包:5.00元+【活动支出】替用户承担配送费:4.0元,-,-,-,2.00,温州区域,温州加盟,,,否,-,平台配送
圣比萨（新桥店）,SBM00041,温州,"8087566089550937551	",饿了么,平台外卖,已完成,2025-10-24 11:00:42,2025-10-24 11:00:42,2025-10-24 11:00:42,饿了么支付-在线支付,,即时单,2025-10-24 11:00:42,10.63,手动出餐,1,否,"缤纷水果披萨-7英寸(经典手拍)[{""name"":""规格"",""value"":""7英寸(经典手拍)""}]（42.00*1）,餐盒（2.00*1）",缤纷水果披萨,,,,非会员,2,,,依据餐量提供餐具,,42.00,14.12,23.10,0.00,0,0,1.43,0.00,3.50,【活动支出】单品特价:16.10元+【活动支出】饿了么红包:7.00元+【活动支出】替用户承担配送费:3.5元,-,-,-,2.00,温州区域,温州加盟,,,否,-,平台配送
圣比萨（新桥店）,SBM00041,温州,"8081876089605877179	",饿了么,平台外卖,已完成,2025-10-24 11:13:36,2025-10-24 11:13:36,2025-10-24 11:13:36,饿了么支付-在线支付,,预约单,2025-10-24 12:05:00,35.25,手动出餐,1,否,"招牌肉酱芝士焗饭（52.00*1）,餐盒（1.00*1）",招牌肉酱芝士焗饭,,,,非会员,3,,,依据餐量提供餐具,,52.00,13.12,33.10,0.00,0,0,1.43,0.00,3.50,【活动支出】单品特价:24.10元+【活动支出】粉丝群:2.00元+【活动支出】饿了么红包:7.00元+【活动支出】替用户承担配送费:3.5元,-,-,-,1.00,温州区域,温州加盟,,,否,-,平台配送
圣比萨（新桥店）,SBM00041,温州,"8038040255832512930	",饿了么,平台外卖,已完成,2025-10-24 14:59:19,2025-10-24 14:59:19,2025-10-24 14:59:20,饿了么支付-在线支付,,即时单,2025-10-24 14:59:19,32.85,被动出餐,1,否,"任选披萨6选1+小吃6选1+饮料[海苔肉松披萨7英寸+深海墨鱼丸3个+柠檬茶]（58.00*1）,餐盒（2.00*1）",海苔肉松披萨【7英寸(手拍)】+深海墨鱼丸3个+柠檬茶,,,,非会员,4,,,2份餐具,,58.00,19.16,33.10,0.00,0,0,1.79,0.00,3.50,【活动支出】单品特价:26.10元+【活动支出】饿了么红包:7.00元+【活动支出】替用户承担配送费:3.5元,-,-,-,2.00,温州区域,温州加盟,,,否,-,平台配送
圣比萨（新桥店）,SBM00041,温州,"8061676089730973134	",饿了么,平台外卖,已完成,2025-10-24 15:31:46,2025-10-24 15:31:46,2025-10-24 15:31:46,饿了么支付-在线支付,,预约单,2025-10-24 16:35:00,48.32,手动出餐,1,否,"7英寸披萨买一送一[奥尔良鸡肉披萨7英寸+圣比招牌披萨7英寸]（86.80*1）,餐盒（2.00*1）",新奥尔良烤鸡肉披萨【7英寸(手拍)】+大圣招牌大满贯披萨【7英寸(手拍)】,,,,非会员,5,,,2份餐具,,86.80,28.46,49.90,0.00,0,0,2.69,0.00,3.50,【活动支出】店铺满减:1.00元+【活动支出】单品特价:39.90元+【活动支出】饿了么红包:9.00元+【活动支出】替用户承担配送费:3.5元,-,-,-,2.00,温州区域,温州加盟,,,否,-,平台配送
圣比萨（新桥店）,SBM00041,温州,"8093450255933056506	",饿了么,平台外卖,已完成,2025-10-24 15:33:22,2025-10-24 15:33:22,2025-10-24 15:33:22,饿了么支付-在线支付,,即时单,2025-10-24 15:33:22,7.87,手动出餐,1,否,"招牌肉酱意面（52.00*1）,川香脆皮大翅根-1个[{""name"":""规格"",""value"":""1个""}]（12.00*1）,上校鸡块一个（3.00*2）,餐盒（3.00*1）",招牌肉酱意面+川香脆皮大翅根+上校鸡块1个,,,,非会员,6,,,依据餐量提供餐具,,70.00,21.33,43.10,0.00,0,0,2.02,0.00,3.50,【活动支出】店铺满减:1.00元+【活动支出】单品特价:24.10元+【活动支出】单品特价:6.10元+【活动支出】单品特价:2.90元+【活动支出】饿了么红包:9.00元+【活动支出】替用户承担配送费:3.5元,-,-,-,3.00,温州区域,温州加盟,,,否,-,平台配送
圣比萨（新桥店）,SBM00041,温州,"8064656089740718489	",饿了么,平台外卖,已完成,2025-10-24 16:06:03,2025-10-24 16:06:03,2025-10-24 16:06:04,饿了么支付-在线支付,,即时单,2025-10-24 16:06:03,15.10,手动出餐,1,否,"金丝鸡排（首页入饿了么会员可享受会员特价与其他优惠）（10.88*1）,黑椒牛肉芝士焗饭（52.00*1）,餐盒（2.00*1）",金丝鸡排+黑椒牛肉芝士焗饭,,,,非会员,7,,,依据餐量提供餐具,,62.88,22.16,34.08,0.00,0,0,2.09,0.00,3.50,【活动支出】单品特价:2.98元+【活动支出】单品特价:24.10元+【活动支出】饿了么红包:7.00元+【活动支出】替用户承担配送费:3.5元,-,-,-,2.00,温州区域,温州加盟,,,否,-,平台配送
圣比萨（新桥店）,SBM00041,温州,"8008686089758663159	",饿了么,平台外卖,已完成,2025-10-24 16:07:09,2025-10-24 16:07:09,2025-10-24 16:07:09,饿了么支付-在线支付,,即时单,2025-10-24 16:07:09,14.08,手动出餐,1,否,"新奥尔良烤鸡肉披萨7寸-单点[{""name"":""规格"",""value"":""单点""}]（22.00*1）",新奥尔良烤鸡肉披萨【7英寸(手拍)】,,,,非会员,8,,,null 需要一起打包,,22.00,12.00,0.00,0.00,0,0,0.00,0.00,,【活动支出】拼团反圈活动:0.00元,-,-,-,0.00,温州区域,温州加盟,,,否,-,平台配送
圣比萨（新桥店）,SBM00041,温州,"8008686089758663158	",饿了么,平台外卖,已完成,2025-10-24 16:07:09,2025-10-24 16:07:09,2025-10-24 16:07:09,饿了么支付-在线支付,,即时单,2025-10-24 16:07:09,14.08,手动出餐,1,否,"7寸日系照烧鸡披萨-单点[{""name"":""规格"",""value"":""单点""}]（22.00*1）",日系照烧鸡披萨【7英寸(手拍)】,,,,非会员,9,,,null 需要一起打包,,22.00,12.00,0.00,0.00,0,0,0.00,0.00,,【活动支出】拼团反圈活动:0.00元,-,-,-,0.00,温州区域,温州加盟,,,否,-,平台配送
圣比萨（新桥店）,SBM00041,温州,"8077546089754789229	",饿了么,平台外卖,已完成,2025-10-24 16:41:12,2025-10-24 16:41:12,2025-10-24 16:41:12,饿了么支付-在线支付,,即时单,2025-10-24 16:41:12,7.08,手动出餐,1,否,"️爆款意面套餐[柠檬茶+上校鸡块4个+番茄牛肉意面]（61.00*1）,餐盒（2.00*1）",柠檬茶+上校鸡块+番茄牛肉意面,,,,非会员,10,,,依据餐量提供餐具,,61.00,17.31,38.10,0.00,0,0,1.64,0.00,3.50,【活动支出】单品特价:29.10元+【活动支出】粉丝群:2.00元+【活动支出】饿了么红包:7.00元+【活动支出】替用户承担配送费:3.5元,-,-,-,2.00,温州区域,温州加盟,,,否,-,平台配送
圣比萨（新桥店）,SBM00041,温州,"8081390255882377567	",饿了么,平台外卖,已完成,2025-10-24 17:13:04,2025-10-24 17:13:04,2025-10-24 17:13:05,饿了么支付-在线支付,,即时单,2025-10-24 17:13:04,11.07,手动出餐,1,否,"纯芝士披萨7英寸[7英寸]（42.00*1）,餐盒（2.00*1）",金牌芝士披萨【7英寸(手拍)】,,,,非会员,11,,,依据餐量提供餐具,,42.00,8.12,29.10,0.00,0,0,1.43,0.00,3.50,【活动支出】单品特价:20.10元+【活动支出】 商家自营销加码:2.00元+【活动支出】粉丝群:2.00元+【活动支出】饿了么红包:5.00元+【活动支出】替用户承担配送费:3.5元,-,-,-,2.00,温州区域,温州加盟,,,否,-,平台配送
圣比萨（新桥店）,SBM00041,温州,"8081390255891016110	",饿了么,平台外卖,已完成,2025-10-24 17:25:41,2025-10-24 17:25:41,2025-10-24 17:25:41,饿了么支付-在线支付,,即时单,2025-10-24 17:25:41,10.52,手动出餐,1,否,"缤纷水果披萨-9英寸(经典手拍)[{""name"":""规格"",""value"":""9英寸(经典手拍)""}]（75.00*1）,餐盒（2.00*1）",缤纷水果披萨,,,,非会员,12,,,依据餐量提供餐具,,75.00,21.33,47.10,0.00,0,0,2.02,0.00,3.50,【活动支出】单品特价:40.10元+【活动支出】饿了么红包:7.00元+【活动支出】替用户承担配送费:3.5元,-,-,-,2.00,温州区域,温州加盟,,,否,-,平台配送
圣比萨（新桥店）,SBM00041,温州,"8017716089820349784	",饿了么,平台外卖,已完成,2025-10-24 18:01:43,2025-10-24 18:01:43,2025-10-24 18:01:43,饿了么支付-在线支付,,即时单,2025-10-24 18:01:43,13.33,手动出餐,1,否,"纯芝士披萨7英寸[7英寸]（42.00*1）,任选披萨6选1+小吃6选1+饮料[海苔肉松披萨7英寸+地道肠1根+小可乐]（58.00*1）,餐盒（4.00*1）",金牌芝士披萨【7英寸(手拍)】+海苔肉松披萨【7英寸(手拍)】+地道肠【1根】+小可乐,,,,非会员,13,,,外卖放三单元5号电梯，谢谢！ / 依据餐量提供餐具,,100.00,31.16,61.20,0.00,0,0,2.99,0.00,4.50,【活动支出】店铺满减:1.00元+【活动支出】单品特价:20.10元+【活动支出】单品特价:26.10元+【活动支出】粉丝群:2.00元+【活动支出】饿了么红包:12.00元+【活动支出】替用户承担配送费:4.5元,-,-,-,4.00,温州区域,温州加盟,,,否,-,平台配送
圣比萨（新桥店）,SBM00041,温州,"8007010255805138268	",饿了么,平台外卖,已完成,2025-10-24 18:02:35,2025-10-24 18:02:35,2025-10-24 18:02:35,饿了么支付-在线支付,,即时单,2025-10-24 18:02:35,14.43,手动出餐,1,否,"7英寸披萨买一送一[浪漫威尼斯披萨7英寸+圣比招牌披萨7英寸]（86.80*1）,餐盒（2.00*1）",浪漫威尼斯披萨【7英寸(手拍)】+大圣招牌大满贯披萨【7英寸(手拍)】,,,,非会员,14,,,依据餐量提供餐具,,86.80,30.31,47.90,0.00,0,0,2.84,0.00,3.50,【活动支出】店铺满减:1.00元+【活动支出】单品特价:39.90元+【活动支出】吃货豆兑换的商家券:5.00元+【活动支出】 商家自营销加码:2.00元+【活动支出】替用户承担配送费:3.5元,-,-,-,2.00,温州区域,温州加盟,,,否,-,平台配送
圣比萨（新桥店）,SBM00041,温州,"8053290256103651737	",饿了么,平台外卖,已完成,2025-10-24 21:43:37,2025-10-24 21:43:37,2025-10-24 21:43:37,饿了么支付-在线支付,,即时单,2025-10-24 21:43:37,11.22,手动出餐,1,否,"缤纷水果披萨7英寸+柠檬茶一杯[柠檬茶+缤纷水果披萨7英寸]（48.00*1）,餐盒（2.00*1）",缤纷水果披萨【7英寸(手拍)】+柠檬茶,,,,非会员,15,,,2份餐具,,48.00,16.81,25.10,0.00,0,0,1.64,0.00,5.60,【活动支出】单品特价:18.10元+【活动支出】饿了么红包:7.00元+【活动支出】替用户承担配送费:5.6元,-,-,-,2.00,温州区域,温州加盟,,,否,-,平台配送
圣比萨（白象店）,SBM00022,温州,"8046846089513275762	",饿了么,平台外卖,已完成,2025-10-24 09:49:10,2025-10-24 09:49:10,2025-10-24 09:49:11,饿了么支付-在线支付,,预约单,2025-10-24 10:55:00,42.07,手动出餐,1,否,"海苔肉松披萨-7英寸(经典手拍)[{""name"":""规格"",""value"":""7英寸(经典手拍)""}]（42.00*1）,纯芝士披萨-7英寸(经典手拍)[{""name"":""规格"",""value"":""7英寸(经典手拍)""}]（38.00*1）,餐盒（4.00*1）",海苔肉松披萨+金牌芝士披萨,,,,非会员,1,,,依据餐量提供餐具,,80.00,40.60,27.11,0.00,0,0,4.04,0.00,8.40,【活动支出】店铺满减:1.00元+【活动支出】单品特价:10.10元+【活动支出】单品特价:8.01元+【活动支出】超会爆红包省钱包:8.00元+【活动支出】替用户承担配送费:6.0元,-,-,-,4.00,温州区域,温州加盟,,,否,-,平台配送
圣比萨（白象店）,SBM00022,温州,"8009200255661577635	",饿了么,平台外卖,已完成,2025-10-24 10:05:02,2025-10-24 10:05:02,2025-10-24 10:05:02,饿了么支付-在线支付,,即时单,2025-10-24 10:05:02,10.98,手动出餐,1,否,"招牌肉酱芝士焗饭（29.00*1）,餐盒（1.00*1）",招牌肉酱芝士焗饭,,,,非会员,2,,,1份餐具,,29.00,15.57,6.00,0.00,0,0,1.58,0.00,4.50,【活动支出】饿了么红包:6.00元+【活动支出】替用户承担配送费:4.5元,-,-,-,1.00,温州区域,温州加盟,,,否,-,平台配送
圣比萨（白象店）,SBM00022,温州,"8050410255574591831	",饿了么,平台外卖,已完成,2025-10-24 10:36:15,2025-10-24 10:36:15,2025-10-24 10:36:15,饿了么支付-在线支付,,即时单,2025-10-24 10:36:15,11.98,手动出餐,1,否,"纯芝士披萨-7英寸(经典手拍)[{""name"":""规格"",""value"":""7英寸(经典手拍)""}]（38.00*1）,圣比至尊披萨-7英寸(经典手拍)[{""name"":""规格"",""value"":""7英寸(经典手拍)""}]（42.00*1）,餐盒（4.00*1）",金牌芝士披萨+大圣招牌大满贯披萨,,,,非会员,3,,,依据餐量提供餐具,,80.00,40.57,28.11,0.00,0,0,3.97,0.00,5.60,【活动支出】店铺满减:1.00元+【活动支出】单品特价:8.01元+【活动支出】单品特价:7.10元+【活动支出】饿了么红包:12.00元+【活动支出】替用户承担配送费:5.6元,-,-,-,4.00,温州区域,温州加盟,,,否,-,平台配送
圣比萨（白象店）,SBM00022,温州,"8064050255805373834	",饿了么,平台外卖,已完成,2025-10-24 11:16:10,2025-10-24 11:16:10,2025-10-24 11:16:10,饿了么支付-在线支付,,即时单,2025-10-24 11:16:10,9.08,手动出餐,1,否,"番茄牛肉意面（29.00*1）,餐盒（2.00*1）",番茄牛肉意面,,,,非会员,4,,,1份餐具,,29.00,11.12,13.10,0.00,0,0,1.43,0.00,3.50,【活动支出】单品特价:5.10元+【活动支出】 商家自营销加码:2.00元+【活动支出】粉丝群:1.00元+【活动支出】饿了么红包:5.00元+【活动支出】淘金币:0.00元+【活动支出】替用户承担配送费:3.5元,-,-,-,2.00,温州区域,温州加盟,,,否,-,平台配送
圣比萨（白象店）,SBM00022,温州,"8092230255851312617	",饿了么,平台外卖,已完成,2025-10-24 12:13:03,2025-10-24 12:13:03,2025-10-24 12:13:03,饿了么支付-在线支付,,即时单,2025-10-24 12:13:03,7.78,手动出餐,1,否,"任选【意面】或【焗饭】8选1+小吃6选1+饮料[招牌肉酱意面+墨鱼丸3个+金桔柠檬]（57.00*1）,餐盒（2.00*1）",任选【意面】或【焗饭】8选1+小吃6选1+饮料[招牌肉酱意面+墨鱼丸3个+金桔柠檬]+餐盒,,,,非会员,5,,,依据餐量提供餐具,,57.00,19.26,31.02,0.00,0,0,1.87,0.00,5.00,【活动支出】单品特价:23.02元+【活动支出】饿了么红包:8.00元+【活动支出】替用户承担配送费:5.0元,-,-,-,2.00,温州区域,温州加盟,,,否,-,平台配送
圣比萨（白象店）,SBM00022,温州,"8042676089642609013	",饿了么,平台外卖,已完成,2025-10-24 12:50:54,2025-10-24 12:50:54,2025-10-24 12:50:54,饿了么支付-在线支付,,即时单,2025-10-24 12:50:54,11.77,手动出餐,1,否,"黑椒牛肉芝士焗饭（微辣）（29.00*1）,餐盒（1.00*1）",黑椒牛肉芝士焗饭（微辣）+餐盒,,,,非会员,6,,,依据餐量提供餐具,,29.00,14.35,7.00,0.00,0,0,1.50,0.00,5.60,【活动支出】饿了么红包:7.00元+【活动支出】替用户承担配送费:5.6元,-,-,-,1.00,温州区域,温州加盟,,,否,-,平台配送
圣比萨（白象店）,SBM00022,温州,"8038310255881223592	",饿了么,平台外卖,已完成,2025-10-24 13:13:22,2025-10-24 13:13:22,2025-10-24 13:13:22,饿了么支付-在线支付,,即时单,2025-10-24 13:13:22,11.20,手动出餐,1,否,"黑椒牛肉芝士焗饭（微辣）（29.00*1）,原味蛋挞（10.00*1）,餐盒（2.00*1）",蛋挞,,,,非会员,7,,,依据餐量提供餐具,,39.00,25.26,6.20,0.00,0,0,2.39,0.00,3.50,【活动支出】单品特价:1.20元+【活动支出】饿了么红包:5.00元+【活动支出】替用户承担配送费:3.5元,-,-,-,2.00,温州区域,温州加盟,,,否,-,平台配送
圣比萨（白象店）,SBM00022,温州,"8000120255905975665	",饿了么,平台外卖,已完成,2025-10-24 14:14:14,2025-10-24 14:14:14,2025-10-24 14:14:14,饿了么支付-在线支付,,即时单,2025-10-24 14:14:14,12.58,手动出餐,1,否,"任选【意面】或【焗饭】8选1+小吃6选1+饮料[碳烧鸡肉芝士焗饭微甜+墨鱼丸3个+港式奶茶]（57.00*1）,餐盒（2.00*1）",任选【意面】或【焗饭】8选1+小吃6选1+饮料[碳烧鸡肉芝士焗饭微甜+墨鱼丸3个+港式奶茶]+餐盒,,,,非会员,8,,,依据餐量提供餐具,,57.00,20.16,31.02,0.00,0,0,1.87,0.00,4.00,【活动支出】单品特价:23.02元+【活动支出】CPS商户叠加券:0.00元+【活动支出】饿了么红包:8.00元+【活动支出】替用户承担配送费:4.0元,-,-,-,2.00,温州区域,温州加盟,,,否,-,平台配送
圣比萨（白象店）,SBM00022,温州,"8059400255909404947	",饿了么,平台外卖,已完成,2025-10-24 14:18:43,2025-10-24 14:18:43,2025-10-24 14:18:43,饿了么支付-在线支付,,即时单,2025-10-24 14:18:43,14.17,手动出餐,1,否,"港式奶茶[冷]（10.00*1）,香蕉水果披萨-9英寸（经典手拍）[{""name"":""规格"",""value"":""9英寸（经典手拍）""}]（65.00*1）,餐盒（2.00*1）",港式奶茶,,,,非会员,9,,,依据餐量提供餐具,,75.00,32.61,28.21,0.00,0,0,3.43,0.00,9.30,【活动支出】单品特价:1.20元+【活动支出】单品特价:18.01元+【活动支出】饿了么红包:9.00元+【活动支出】替用户承担配送费:6.0元,-,-,-,2.00,温州区域,温州加盟,,,否,-,平台配送
圣比萨（白象店）,SBM00022,温州,"8093966089692576164	",饿了么,平台外卖,已完成,2025-10-24 15:07:28,2025-10-24 15:07:28,2025-10-24 15:07:28,饿了么支付-在线支付,,即时单,2025-10-24 15:07:28,19.80,被动出餐,1,否,"超值一人套餐[碳烤鸡肉培根7英寸+上校鸡块4个+金桔柠檬+冷]（65.00*1）,餐盒（2.00*1）",超值一人套餐[碳烤鸡肉培根7英寸+上校鸡块4个+金桔柠檬+冷]+餐盒,,,,非会员,10,,,1份餐具,,65.00,24.41,33.12,0.00,0,0,2.32,0.00,3.50,【活动支出】单品特价:25.12元+【活动支出】饿了么红包:8.00元+【活动支出】替用户承担配送费:3.5元,-,-,-,2.00,温州区域,温州加盟,,,否,-,平台配送
圣比萨（白象店）,SBM00022,温州,"8000380255752667549	",饿了么,平台外卖,已完成,2025-10-24 16:09:52,2025-10-24 16:09:52,2025-10-24 16:09:52,饿了么支付-在线支付,,即时单,2025-10-24 16:09:52,12.18,手动出餐,1,否,"香蕉水果披萨-9英寸（经典手拍）[{""name"":""规格"",""value"":""9英寸（经典手拍）""}]（65.00*1）,餐盒（1.00*1）","香蕉水果披萨-9英寸（经典手拍）[{""name"":""规格"",""value"":""9英寸（经典手拍）""}]+餐盒",,,,非会员,11,,,2份餐具,,65.00,28.54,27.01,0.00,0,0,2.70,0.00,3.50,【活动支出】单品特价:18.01元+【活动支出】粉丝群:1.00元+【活动支出】饿了么红包:8.00元+【活动支出】替用户承担配送费:3.5元,-,-,-,1.00,温州区域,温州加盟,,,否,-,平台配送
圣比萨（白象店）,SBM00022,温州,"8009210255855371664	",饿了么,平台外卖,已完成,2025-10-24 16:28:59,2025-10-24 16:28:59,2025-10-24 16:29:00,饿了么支付-在线支付,,即时单,2025-10-24 16:28:59,11.67,手动出餐,1,否,"任选【意面】或【焗饭】8选1+小吃6选1+饮料[番茄牛肉意面+上校鸡块4个+港式奶茶]（57.00*1）,餐盒（2.00*1）",任选【意面】或【焗饭】8选1+小吃6选1+饮料[番茄牛肉意面+上校鸡块4个+港式奶茶]+餐盒,,,,非会员,12,,,依据餐量提供餐具,,57.00,19.58,30.02,0.00,0,0,1.95,0.00,4.50,【活动支出】单品特价:23.02元+【活动支出】饿了么红包:7.00元+【活动支出】替用户承担配送费:4.5元,-,-,-,2.00,温州区域,温州加盟,,,否,-,平台配送
圣比萨（白象店）,SBM00022,温州,"8027656089777289553	",饿了么,平台外卖,已完成,2025-10-24 16:49:27,2025-10-24 16:49:27,2025-10-24 16:49:28,饿了么支付-在线支付,,即时单,2025-10-24 16:49:27,10.28,手动出餐,1,否,"(买一送一)买披萨送意面[奥尔良鸡肉披萨7英寸+番茄牛肉意面]（75.00*1）,餐盒（2.00*1）",(买一送一)买披萨送意面[奥尔良鸡肉披萨7英寸+番茄牛肉意面]+餐盒,,,,非会员,13,,,无需餐具,,75.00,25.21,35.12,0.00,0,0,2.92,0.00,10.20,【活动支出】单品特价:25.12元+【活动支出】粉丝群:1.00元+【活动支出】饿了么红包:9.00元+【活动支出】替用户承担配送费:6.0元,-,-,-,2.00,温州区域,温州加盟,,,否,-,平台配送
圣比萨（白象店）,SBM00022,温州,"8014706089766240604	",饿了么,平台外卖,已完成,2025-10-24 17:01:24,2025-10-24 17:01:24,2025-10-24 17:01:24,饿了么支付-在线支付,,即时单,2025-10-24 17:01:24,9.07,手动出餐,1,否,"(买一送一)买披萨送意面[缤纷水果披萨7英寸+番茄牛肉意面]（75.00*1）,餐盒（2.00*1）",(买一送一)买披萨送意面[缤纷水果披萨7英寸+番茄牛肉意面]+餐盒,,,,非会员,14,,,依据餐量提供餐具,,75.00,32.14,34.12,0.00,0,0,2.99,0.00,3.50,【活动支出】单品特价:25.12元+【活动支出】饿了么红包:9.00元+【活动支出】替用户承担配送费:3.5元,-,-,-,2.00,温州区域,温州加盟,,,否,-,平台配送
圣比萨（白象店）,SBM00022,温州,"8085946089761193367	",饿了么,平台外卖,已完成,2025-10-24 17:12:05,2025-10-24 17:12:05,2025-10-24 17:12:05,饿了么支付-在线支付,,即时单,2025-10-24 17:12:05,9.82,手动出餐,1,否,"香蕉水果披萨-7英寸（经典手拍）[{""name"":""规格"",""value"":""7英寸（经典手拍）""}]（38.00*1）,餐盒（1.00*1）","香蕉水果披萨-7英寸（经典手拍）[{""name"":""规格"",""value"":""7英寸（经典手拍）""}]+餐盒",,,,非会员,15,,,依据餐量提供餐具,,38.00,16.14,16.01,0.00,0,0,1.50,0.00,3.50,【活动支出】单品特价:8.01元+【活动支出】粉丝群:1.00元+【活动支出】饿了么红包:7.00元+【活动支出】替用户承担配送费:3.5元,-,-,-,1.00,温州区域,温州加盟,,,否,-,平台配送
圣比萨（白象店）,SBM00022,温州,"8079300255892199890	",饿了么,平台外卖,已完成,2025-10-24 17:30:25,2025-10-24 17:30:25,2025-10-24 17:30:25,饿了么支付-在线支付,,即时单,2025-10-24 17:30:25,2.47,手动出餐,1,否,"招牌肉酱意面（29.00*1）,餐盒（1.00*1）",招牌肉酱意面,,,,非会员,16,,,1份餐具,,29.00,19.25,3.00,0.00,0,0,1.80,0.00,3.50,【活动支出】吃货红包:3.00元+【活动支出】替用户承担配送费:3.5元,-,-,-,1.00,温州区域,温州加盟,,,否,-,平台配送
圣比萨（白象店）,SBM00022,温州,"8046220255995804984	",饿了么,平台外卖,已完成,2025-10-24 17:52:09,2025-10-24 17:52:09,2025-10-24 17:52:10,饿了么支付-在线支付,,即时单,2025-10-24 17:52:09,6.15,手动出餐,1,否,"番茄牛肉意面（29.00*2）,盐酥鸡粒（21.00*1）,餐盒（6.00*1）",番茄牛肉意面+盐酥鸡粒,,,,非会员,17,,,依据餐量提供餐具,,79.00,41.27,30.30,0.00,0,0,3.88,0.00,3.50,【活动支出】店铺满减:1.00元+【活动支出】单品特价:10.20元+【活动支出】单品特价:11.10元+【活动支出】超会爆红包省钱包:8.00元+【活动支出】替用户承担配送费:3.5元,-,-,-,6.00,温州区域,温州加盟,,,否,-,平台配送
圣比萨（白象店）,SBM00022,温州,"8086696089818571120	",饿了么,平台外卖,已完成,2025-10-24 18:00:21,2025-10-24 18:00:21,2025-10-24 18:00:22,饿了么支付-在线支付,,即时单,2025-10-24 18:00:21,9.68,手动出餐,1,否,"个人独享DIY套餐（折扣价）[7英寸新奥尔良+上校鸡块4个+经典奶茶热]（59.00*1）,招牌肉酱芝士焗饭（29.00*1）,餐盒（3.00*1）",新奥尔良烤鸡肉披萨【7英寸(手拍)】+上校鸡块+港式奶茶+招牌肉酱芝士焗饭,,,,非会员,18,,,3份餐具,,88.00,44.54,32.12,0.00,0,0,4.19,0.00,3.50,【活动支出】店铺满减:1.00元+【活动支出】单品特价:19.12元+【活动支出】饿了么红包:12.00元+【活动支出】替用户承担配送费:3.5元,-,-,-,3.00,温州区域,温州加盟,,,否,-,平台配送
圣比萨（白象店）,SBM00022,温州,"8020460256002779644	",饿了么,平台外卖,已完成,2025-10-24 18:05:36,2025-10-24 18:05:36,2025-10-24 18:05:36,饿了么支付-在线支付,,即时单,2025-10-24 18:05:36,9.48,手动出餐,1,否,"个人独享DIY套餐（折扣价）[7英寸海鲜披萨+薯条1份+经典奶茶热]（59.00*1）,餐盒（2.00*1）",经典薯条+港式奶茶,,,,非会员,19,,,依据餐量提供餐具,,59.00,24.09,28.12,0.00,0,0,2.24,0.00,3.50,【活动支出】单品特价:19.12元+【活动支出】饿了么红包:9.00元+【活动支出】替用户承担配送费:3.5元,-,-,-,2.00,温州区域,温州加盟,,,否,-,平台配送
圣比萨（白象店）,SBM00022,温州,"8064546089856685416	",饿了么,平台外卖,已完成,2025-10-24 19:43:13,2025-10-24 19:43:13,2025-10-24 19:43:13,饿了么支付-在线支付,,即时单,2025-10-24 19:43:13,10.72,手动出餐,1,否,"香蕉水果披萨-7英寸（经典手拍）[{""name"":""规格"",""value"":""7英寸（经典手拍）""}]（38.00*1）,餐盒（1.00*1）","香蕉水果披萨-7英寸（经典手拍）[{""name"":""规格"",""value"":""7英寸（经典手拍）""}]+餐盒",,,,非会员,20,,,1份餐具,,38.00,16.47,15.01,0.00,0,0,1.57,0.00,3.50,【活动支出】单品特价:8.01元+【活动支出】饿了么红包:7.00元+【活动支出】替用户承担配送费:3.5元,-,-,-,1.00,温州区域,温州加盟,,,否,-,平台配送
圣比萨（白象店）,SBM00022,温州,"8082876089869744527	",饿了么,平台外卖,已完成,2025-10-24 20:24:22,2025-10-24 20:24:22,2025-10-24 20:24:23,饿了么支付-在线支付,,即时单,2025-10-24 20:24:22,9.77,手动出餐,1,否,"香烤鸡翅-2只[{""name"":""规格"",""value"":""2只""}]（16.00*1）,卷边披萨-7英寸[香肠边+圣比至尊披萨][{""name"":""规格"",""value"":""7英寸""}]（69.00*1）,餐盒（3.00*1）",香烤鸡翅,,,,非会员,21,,,依据餐量提供餐具,,85.00,41.87,28.11,0.00,0,0,4.27,0.00,9.00,【活动支出】店铺满减:1.00元+【活动支出】单品特价:1.01元+【活动支出】单品特价:26.10元+【活动支出】替用户承担配送费:6.0元,-,-,-,3.00,温州区域,温州加盟,,,否,-,平台配送
圣比萨（白象店）,SBM00022,温州,"8020816089873913209	",饿了么,平台外卖,已完成,2025-10-24 20:30:29,2025-10-24 20:30:29,2025-10-24 20:30:29,饿了么支付-在线支付,,即时单,2025-10-24 20:30:29,13.37,手动出餐,1,否,"两个7英寸披萨[牛肉披萨+培根鸡肉披萨]（86.80*1）,港式奶茶[冷]（10.00*2）,餐盒（3.00*1）",港式奶茶,,,,非会员,22,,,依据餐量提供餐具,,106.80,84.81,0,0.00,0,0,8.24,0.00,9.90,-,-,-,-,3.00,温州区域,温州加盟,,,否,-,平台配送
圣比萨（白象店）,SBM00022,温州,"8080686089862307250	",饿了么,平台外卖,已完成,2025-10-24 20:41:01,2025-10-24 20:41:01,2025-10-24 20:41:02,饿了么支付-在线支付,,即时单,2025-10-24 20:41:01,12.07,手动出餐,1,否,"香蕉水果披萨-7英寸（经典手拍）[{""name"":""规格"",""value"":""7英寸（经典手拍）""}]（38.00*1）,餐盒（1.00*1）","香蕉水果披萨-7英寸（经典手拍）[{""name"":""规格"",""value"":""7英寸（经典手拍）""}]+餐盒",,,,非会员,23,,,"不要香菜，不要海带, 不要辣，不要蒜苔， / 无需餐具",,38.00,16.47,15.01,0.00,0,0,1.57,0.00,3.50,【活动支出】单品特价:8.01元+【活动支出】 商家自营销加码:2.00元+【活动支出】CPS商户叠加券:0.00元+【活动支出】饿了么红包:5.00元+【活动支出】替用户承担配送费:3.5元,-,-,-,1.00,温州区域,温州加盟,,,否,-,平台配送
圣比萨（白象店）,SBM00022,温州,"8024536089881215273	",饿了么,平台外卖,已完成,2025-10-24 20:41:02,2025-10-24 20:41:02,2025-10-24 20:41:02,饿了么支付-在线支付,,即时单,2025-10-24 20:41:02,11.30,手动出餐,1,否,"圣比至尊披萨-7英寸(经典手拍)[{""name"":""规格"",""value"":""7英寸(经典手拍)""}]（42.00*1）,餐盒（2.00*1）",大圣招牌大满贯披萨,,,,非会员,24,,,依据餐量提供餐具,,42.00,21.33,14.10,0.00,0,0,2.02,0.00,3.50,【活动支出】单品特价:7.10元+【活动支出】饿了么红包:7.00元+【活动支出】替用户承担配送费:3.5元,-,-,-,2.00,温州区域,温州加盟,,,否,-,平台配送
圣比萨（白象店）,SBM00022,温州,"8061400256110102817	",饿了么,平台外卖,已完成,2025-10-24 22:22:15,2025-10-24 22:22:15,2025-10-24 22:22:15,饿了么支付-在线支付,,即时单,2025-10-24 22:22:15,8.55,手动出餐,1,否,"超值一人套餐[金牌芝士7英寸+墨鱼丸3个+可乐罐装+常温]（65.00*1）,餐盒（2.00*1）",超值一人套餐[金牌芝士7英寸+墨鱼丸3个+可乐罐装+常温]+餐盒,,,,非会员,25,,,依据餐量提供餐具,,65.00,23.59,34.12,0.00,0,0,2.24,0.00,6.10,【活动支出】单品特价:25.12元+【活动支出】饿了么红包:9.00元+【活动支出】替用户承担配送费:6.0元,-,-,-,2.00,温州区域,温州加盟,,,否,-,平台配送
圣比萨（白象店）,SBM00022,温州,"8056836089936045342	",饿了么,平台外卖,已完成,2025-10-24 22:56:09,2025-10-24 22:56:09,2025-10-24 22:56:10,饿了么支付-在线支付,,即时单,2025-10-24 22:56:09,10.77,手动出餐,1,否,"经典双人披萨套餐[圣比至尊披萨9英寸+明星小食桶B+柠檬茶+酸梅汁]（118.00*1）,餐盒（2.00*1）",明星小食桶B+柠檬茶,,,,非会员,26,,,依据餐量提供餐具,,118.00,47.41,54.12,0.00,0,0,4.72,0.00,10.40,【活动支出】店铺满减:1.00元+【活动支出】单品特价:40.12元+【活动支出】粉丝群:1.00元+【活动支出】饿了么红包:12.00元+【活动支出】饿了么红包:0.00元+【活动支出】替用户承担配送费:6.0元,-,-,-,2.00,温州区域,温州加盟,,,否,-,平台配送
圣比萨（仙降店）,SBM00047,温州,"8001100255681356175	",饿了么,平台外卖,已完成,2025-10-24 10:49:42,2025-10-24 10:49:42,2025-10-24 10:49:42,饿了么支付-在线支付,,即时单,2025-10-24 10:49:42,10.15,自动出餐,1,否,新奥尔良烤鸡肉披萨7寸-单点（22.00*1）,新奥尔良烤鸡肉披萨【7英寸(手拍)】,,,,非会员,1,,,依据餐量提供餐具,,22.00,12.00,0.00,0.00,0,0,0.00,0.00,,【活动支出】拼团反圈活动:0.00元,-,-,-,0.00,温州区域,温州加盟,,,否,-,平台配送
圣比萨（仙降店）,SBM00047,温州,"8040626089639048464	",饿了么,平台外卖,已完成,2025-10-24 11:47:27,2025-10-24 11:47:27,2025-10-24 11:47:27,饿了么支付-在线支付,,即时单,2025-10-24 11:47:27,12.20,自动出餐,1,否,"黑椒牛肉芝士焗饭（40.02*1）,餐盒（2.00*1）",黑椒牛肉芝士焗饭,,,,非会员,2,,,依据餐量提供餐具,,40.02,11.12,24.12,0.00,0,0,1.43,0.00,3.50,【活动支出】单品特价:12.12元+【活动支出】订单集点返红包:5.00元+【活动支出】饿了么红包:7.00元+【活动支出】替用户承担配送费:3.5元,-,-,-,2.00,温州区域,温州加盟,,,否,-,平台配送
圣比萨（仙降店）,SBM00047,温州,"8091986089636405626	",饿了么,平台外卖,已完成,2025-10-24 11:51:48,2025-10-24 11:51:48,2025-10-24 11:51:48,饿了么支付-在线支付,,即时单,2025-10-24 11:51:48,12.05,自动出餐,1,否,手握三选一-单点[缤纷水果]（20.00*1）,热带雨林水果一人食盒子披萨,,,,非会员,3,,,依据餐量提供餐具,,20.00,10.00,0.00,0.00,0,0,0.00,0.00,,【活动支出】拼团反圈活动:0.00元,-,-,-,0.00,温州区域,温州加盟,,,否,-,平台配送
圣比萨（仙降店）,SBM00047,温州,"8018380255661031700	",饿了么,平台外卖,已完成,2025-10-24 12:21:55,2025-10-24 12:21:55,2025-10-24 12:21:55,饿了么支付-在线支付,,即时单,2025-10-24 12:21:55,12.15,自动出餐,1,否,"手握三选一-单点[缤纷水果][{""name"":""规格"",""value"":""单点""}]（20.00*1）",热带雨林水果一人食盒子披萨,,,,非会员,4,,,2份餐具,,20.00,10.00,0.00,0.00,0,0,0.00,0.00,,【活动支出】爆品团通吃券:0.00元,-,-,-,0.00,温州区域,温州加盟,,,否,-,平台配送
圣比萨（仙降店）,SBM00047,温州,"8045400255823124760	",饿了么,平台外卖,已完成,2025-10-24 14:28:43,2025-10-24 14:28:43,2025-10-24 14:28:43,饿了么支付-在线支付,,即时单,2025-10-24 14:28:43,10.22,自动出餐,1,否,手握三选一-单点[日式照烧]（20.00*1）,日式烧鸟风味一人食盒子披萨,,,,非会员,5,,,依据餐量提供餐具,,20.00,10.00,0.00,0.00,0,0,0.00,0.00,,【活动支出】拼团反圈活动:0.00元,-,-,-,0.00,温州区域,温州加盟,,,否,-,平台配送
圣比萨（仙降店）,SBM00047,温州,"8045400255915497844	",饿了么,平台外卖,已完成,2025-10-24 14:28:46,2025-10-24 14:28:46,2025-10-24 14:28:46,饿了么支付-在线支付,,即时单,2025-10-24 14:28:46,10.10,自动出餐,1,否,新奥尔良烤鸡肉披萨7寸-单点（22.00*1）,新奥尔良烤鸡肉披萨【7英寸(手拍)】,,,,非会员,6,,,依据餐量提供餐具,,22.00,12.00,0.00,0.00,0,0,0.00,0.00,,【活动支出】拼团反圈活动:0.00元,-,-,-,0.00,温州区域,温州加盟,,,否,-,平台配送
圣比萨（仙降店）,SBM00047,温州,"8098110255854818805	",饿了么,平台外卖,已完成,2025-10-24 15:54:39,2025-10-24 15:54:39,2025-10-24 15:54:39,饿了么支付-在线支付,,即时单,2025-10-24 15:54:39,10.13,自动出餐,1,否,"日系照烧鸡披萨7英寸（45.00*1）,餐盒（2.00*1）",日系照烧鸡披萨【7英寸(手拍)】,,,,非会员,7,,,2份餐具,,45.00,12.86,24.10,0.00,0,0,1.49,0.00,7.40,【活动支出】单品特价:15.10元+【活动支出】精准营销:2.00元+【活动支出】饿了么红包:7.00元+【活动支出】替用户承担配送费:6.0元,-,-,-,2.00,温州区域,温州加盟,,,否,-,平台配送
圣比萨（仙降店）,SBM00047,温州,"8028070255847606739	",饿了么,平台外卖,已完成,2025-10-24 16:13:41,2025-10-24 16:13:41,2025-10-24 16:13:41,饿了么支付-在线支付,,即时单,2025-10-24 16:13:41,10.05,自动出餐,1,否,手握三选一-拼团[奥尔良]（18.60*1）,奥尔良风情烤鸡肉一人食盒子披萨,,,,非会员,8,,,依据餐量提供餐具,,18.60,10.00,0.00,0.00,0,0,0.00,0.00,,【活动支出】拼团反圈活动:0.00元,-,-,-,0.00,温州区域,温州加盟,,,否,-,平台配送
圣比萨（仙降店）,SBM00047,温州,"8046566089740503444	",饿了么,平台外卖,已完成,2025-10-24 16:23:23,2025-10-24 16:23:23,2025-10-24 16:23:23,饿了么支付-在线支付,,即时单,2025-10-24 16:23:23,10.22,自动出餐,1,否,"碳烤鸡肉培根披萨7英寸（45.00*1）,餐盒（2.00*1）",碳烤鸡肉培根披萨【7英寸(手拍)】,,,,非会员,9,,,不要辣 / 无需餐具,,45.00,17.31,22.10,0.00,0,0,1.64,0.00,4.00,【活动支出】单品特价:15.10元+【活动支出】饿了么红包:7.00元+【活动支出】淘金币:0.00元+【活动支出】替用户承担配送费:4.0元,-,-,-,2.00,温州区域,温州加盟,,,否,-,平台配送
圣比萨（仙降店）,SBM00047,温州,"8054866089721395677	",饿了么,平台外卖,已完成,2025-10-24 16:34:25,2025-10-24 16:34:25,2025-10-24 16:34:26,饿了么支付-在线支付,,即时单,2025-10-24 16:34:25,10.18,自动出餐,1,否,新奥尔良烤鸡肉披萨7寸-单点（22.00*1）,新奥尔良烤鸡肉披萨【7英寸(手拍)】,,,,非会员,10,,,依据餐量提供餐具,,22.00,12.00,0.00,0.00,0,0,0.00,0.00,,【活动支出】拼团反圈活动:0.00元,-,-,-,0.00,温州区域,温州加盟,,,否,-,平台配送
圣比萨（仙降店）,SBM00047,温州,"8085586089729758584	",饿了么,平台外卖,已完成,2025-10-24 16:49:15,2025-10-24 16:49:15,2025-10-24 16:49:15,饿了么支付-在线支付,,即时单,2025-10-24 16:49:15,10.15,自动出餐,1,否,"【随心拼】7英寸披萨(口味自选）[奥尔良+日系照烧]（54.00*1）,餐盒（2.00*1）",双拼7寸【奥尔良口味7】+双拼7寸【日系照烧口味7】,,,,非会员,11,,,依据餐量提供餐具,,54.00,15.16,33.10,0.00,0,0,1.49,0.00,5.00,【活动支出】单品特价:26.10元+【活动支出】饿了么红包:7.00元+【活动支出】替用户承担配送费:5.0元,-,-,-,2.00,温州区域,温州加盟,,,否,-,平台配送
圣比萨（仙降店）,SBM00047,温州,"8007480255871637767	",饿了么,平台外卖,已完成,2025-10-24 17:00:41,2025-10-24 17:00:41,2025-10-24 17:00:42,饿了么支付-在线支付,,即时单,2025-10-24 17:00:41,10.12,自动出餐,1,否,"【随心拼】7英寸披萨(口味自选）[水果+奥尔良]（54.00*1）,餐盒（2.00*1）",双拼7寸【缤纷水果口味7】+双拼7寸【奥尔良口味7】,,,,非会员,12,,,依据餐量提供餐具,,54.00,14.12,35.10,0.00,0,0,1.43,0.00,3.50,【活动支出】单品特价:26.10元+【活动支出】 商家自营销加码:2.00元+【活动支出】粉丝群:2.00元+【活动支出】饿了么红包:5.00元+【活动支出】替用户承担配送费:3.5元,-,-,-,2.00,温州区域,温州加盟,,,否,-,平台配送
圣比萨（仙降店）,SBM00047,温州,"8076686089897570642	",饿了么,平台外卖,已完成,2025-10-24 21:32:54,2025-10-24 21:32:54,2025-10-24 21:32:55,饿了么支付-在线支付,,即时单,2025-10-24 21:32:54,10.08,自动出餐,1,否,"招牌肉酱芝士焗饭（41.40*1）,餐盒（2.00*1）",招牌肉酱芝士焗饭,,,,非会员,13,,,依据餐量提供餐具,,41.40,15.56,20.50,0.00,0,0,1.49,0.00,5.60,【活动支出】单品特价:13.50元+【活动支出】CPS商户叠加券:0.00元+【活动支出】饿了么红包:7.00元+【活动支出】淘金币:0.00元+【活动支出】替用户承担配送费:5.6元,-,-,-,2.00,温州区域,温州加盟,,,否,-,平台配送
圣比萨（仙降店）,SBM00047,温州,"8022506089921593620	",饿了么,平台外卖,已完成,2025-10-24 22:02:42,2025-10-24 22:02:42,2025-10-24 22:02:42,饿了么支付-在线支付,,即时单,2025-10-24 22:02:42,10.18,自动出餐,1,否,新奥尔良烤鸡肉披萨7寸-单点（22.00*1）,新奥尔良烤鸡肉披萨【7英寸(手拍)】,,,,非会员,14,,,1份餐具,,22.00,12.00,0.00,0.00,0,0,0.00,0.00,,【活动支出】拼团反圈活动:0.00元,-,-,-,0.00,温州区域,温州加盟,,,否,-,平台配送
圣比萨（仙降店）,SBM00047,温州,"8025766089913547127	",饿了么,平台外卖,已完成,2025-10-24 22:19:15,2025-10-24 22:19:15,2025-10-24 22:19:16,饿了么支付-在线支付,,即时单,2025-10-24 22:19:15,10.00,自动出餐,1,否,"【随心拼】7英寸披萨(口味自选）[日系照烧+培根鸡肉]（54.00*1）,餐盒（2.00*1）",双拼7寸【日系照烧口味7】+双拼7寸【碳烤鸡肉培根口味7】,,,,非会员,15,,,对商家上次说给送一份鸡块备注一下 / 1份餐具,,54.00,13.76,33.10,0.00,0,0,1.49,0.00,8.30,【活动支出】单品特价:26.10元+【活动支出】CPS商户叠加券:0.00元+【活动支出】饿了么红包:7.00元+【活动支出】替用户承担配送费:6.0元,-,-,-,2.00,温州区域,温州加盟,,,否,-,平台配送
圣比萨（仙降店）,SBM00047,温州,"8093050256023830824	",饿了么,平台外卖,已完成,2025-10-24 22:32:11,2025-10-24 22:32:11,2025-10-24 22:32:11,饿了么支付-在线支付,,即时单,2025-10-24 22:32:11,10.20,自动出餐,1,否,"7英寸披萨买一送一[碳烤鸡肉培根7英寸+奥尔良鸡肉披萨7英寸]（86.80*1）,餐盒（2.00*1）",碳烤鸡肉培根披萨【7英寸(手拍)】+新奥尔良烤鸡肉披萨【7英寸(手拍)】,,,,非会员,16,,,依据餐量提供餐具,,86.80,27.96,49.90,0.00,0,0,2.69,0.00,5.60,【活动支出】店铺满减:1.00元+【活动支出】单品特价:39.90元+【活动支出】饿了么红包:9.00元+【活动支出】替用户承担配送费:5.6元,-,-,-,2.00,温州区域,温州加盟,,,否,-,平台配送
圣比萨（仙降店）,SBM00047,温州,"8013566089934728580	",饿了么,平台外卖,已完成,2025-10-24 22:46:48,2025-10-24 22:46:48,2025-10-24 22:46:49,饿了么支付-在线支付,,即时单,2025-10-24 22:46:48,10.08,自动出餐,1,否,"【随心拼】7英寸披萨(口味自选）[奥尔良+培根鸡肉]（54.00*1）,餐盒（2.00*1）",双拼7寸【奥尔良口味7】+双拼7寸【碳烤鸡肉培根口味7】,,,,非会员,17,,,依据餐量提供餐具,,54.00,13.62,35.10,0.00,0,0,1.43,0.00,6.10,【活动支出】单品特价:26.10元+【活动支出】精准营销:2.00元+【活动支出】饿了么红包:7.00元+【活动支出】替用户承担配送费:6.0元,-,-,-,2.00,温州区域,温州加盟,,,否,-,平台配送
圣比萨（柳市店）,SBM00021,温州,"8058596089553484258	",饿了么,平台外卖,已完成,2025-10-24 10:32:40,2025-10-24 10:32:40,2025-10-24 10:32:41,饿了么支付-在线支付,,即时单,2025-10-24 10:32:40,6.72,手动出餐,1,否,"任选【意面】或【焗饭】8选1+小吃6选1+饮料[招牌肉酱意面+薯条1份+柠檬茶+常温]（57.00*1）,餐盒（2.00*1）",任选【意面】或【焗饭】8选1+小吃6选1+饮料[招牌肉酱意面+薯条1份+柠檬茶+常温]+餐盒,,,,非会员,1,,,依据餐量提供餐具,,57.00,17.29,30.01,0.00,0,0,1.95,0.00,6.80,【活动支出】单品特价:23.01元+【活动支出】饿了么红包:7.00元+【活动支出】替用户承担配送费:6.0元,-,-,-,2.00,温州区域,温州加盟,,,否,-,平台配送
圣比萨（柳市店）,SBM00021,温州,"8067796089638382066	",饿了么,平台外卖,已完成,2025-10-24 11:28:41,2025-10-24 11:28:41,2025-10-24 11:28:42,饿了么支付-在线支付,,即时单,2025-10-24 11:28:41,8.58,手动出餐,1,否,"超值一人餐[碳烤鸡肉培根7英寸+鸡肉洋葱圈6个+港式奶茶+常温]（65.00*1）,餐盒（2.00*1）",碳烤鸡肉培根披萨【7英寸(手拍)】+港式奶茶,,,,非会员,2,,,依据餐量提供餐具,,65.00,24.41,33.12,0.00,0,0,2.32,0.00,3.50,【活动支出】单品特价:25.12元+【活动支出】CPS商户叠加券:0.00元+【活动支出】饿了么红包:8.00元+【活动支出】替用户承担配送费:3.5元,-,-,-,2.00,温州区域,温州加盟,,,否,-,平台配送
圣比萨（柳市店）,SBM00021,温州,"8085160255734904128	",饿了么,平台外卖,已完成,2025-10-24 11:34:00,2025-10-24 11:34:00,2025-10-24 11:34:00,饿了么支付-在线支付,,即时单,2025-10-24 11:34:00,7.65,手动出餐,1,否,"碳烤鸡肉培根披萨-7英寸（经典手拍）[{""name"":""规格"",""value"":""7英寸（经典手拍）""}]（39.00*1）,餐盒（2.00*1）",碳烤鸡肉培根披萨,,,,非会员,3,,,依据餐量提供餐具,,39.00,19.16,14.10,0.00,0,0,1.79,0.00,3.50,【活动支出】单品特价:7.10元+【活动支出】 商家自营销加码:2.00元+【活动支出】饿了么红包:5.00元+【活动支出】替用户承担配送费:3.5元,-,-,-,2.00,温州区域,温州加盟,,,否,-,平台配送
圣比萨（柳市店）,SBM00021,温州,"8064080255732598144	",饿了么,平台外卖,已完成,2025-10-24 11:38:37,2025-10-24 11:38:37,2025-10-24 11:38:37,饿了么支付-在线支付,,即时单,2025-10-24 11:38:37,9.33,手动出餐,1,否,"经典双人披萨套餐[圣比至尊披萨9英寸+明星小食桶A+可口可乐300ml+可口可乐300ml+饮品（常温和冰）请备注]（108.00*1）,餐盒（2.00*1）",明星小食桶A,,,,非会员,4,,,无需餐具,,108.00,50.44,43.12,0.00,0,0,4.79,0.00,5.00,【活动支出】店铺满减:1.00元+【活动支出】单品特价:30.12元+【活动支出】饿了么红包:12.00元+【活动支出】替用户承担配送费:5.0元,-,-,-,2.00,温州区域,温州加盟,,,否,-,平台配送
圣比萨（柳市店）,SBM00021,温州,"8053826089655364075	",饿了么,平台外卖,已完成,2025-10-24 12:29:56,2025-10-24 12:29:56,2025-10-24 12:29:56,饿了么支付-在线支付,,即时单,2025-10-24 12:29:56,11.55,手动出餐,1,否,"牛肉蘑菇披萨-9英寸（经典手拍）[{""name"":""规格"",""value"":""9英寸（经典手拍）""}]（69.00*1）,新奥尔良烤鸡肉披萨-9英寸（经典手拍）[{""name"":""规格"",""value"":""9英寸（经典手拍）""}]（69.00*1）,餐盒（3.00*1）",炙热牛魔王披萨+新奥尔良烤鸡肉披萨,,,,非会员,5,,,依据餐量提供餐具,,138.00,72.64,47.20,0.00,0,0,6.81,0.00,3.50,【活动支出】店铺满减:1.00元+【活动支出】单品特价:19.10元+【活动支出】单品特价:20.10元+【活动支出】吃货豆兑换的商家券:5.00元+【活动支出】 商家自营销加码:2.00元+【活动支出】替用户承担配送费:3.5元,-,-,-,3.00,温州区域,温州加盟,,,否,-,平台配送
圣比萨（柳市店）,SBM00021,温州,"8051516089746579783	",饿了么,平台外卖,已完成,2025-10-24 15:34:47,2025-10-24 15:34:47,2025-10-24 15:34:47,饿了么支付-在线支付,,即时单,2025-10-24 15:34:47,8.22,手动出餐,1,否,"超值一人餐[西域肉酱培根披萨7英寸+香芋地瓜丸4个+芒果汁+温热]（65.00*1）,餐盒（2.00*1）",芒果汁,,,,非会员,6,,,依据餐量提供餐具,,65.00,22.29,34.12,0.00,0,0,2.24,0.00,5.60,【活动支出】单品特价:25.12元+【活动支出】饿了么红包:9.00元+【活动支出】替用户承担配送费:5.6元,-,-,-,2.00,温州区域,温州加盟,,,否,-,平台配送
圣比萨（柳市店）,SBM00021,温州,"8064726089738296728	",饿了么,平台外卖,已完成,2025-10-24 15:54:41,2025-10-24 15:54:41,2025-10-24 15:54:42,饿了么支付-在线支付,,即时单,2025-10-24 15:54:41,9.58,手动出餐,1,否,"碳烤鸡肉培根披萨-7英寸（经典手拍）[{""name"":""规格"",""value"":""7英寸（经典手拍）""}]（39.00*1）,餐盒（2.00*1）",碳烤鸡肉培根披萨,,,,非会员,7,,,依据餐量提供餐具,,39.00,17.36,14.10,0.00,0,0,1.79,0.00,6.20,【活动支出】单品特价:7.10元+【活动支出】 商家自营销加码:2.00元+【活动支出】饿了么红包:5.00元+【活动支出】替用户承担配送费:6.0元,-,-,-,2.00,温州区域,温州加盟,,,否,-,平台配送
圣比萨（柳市店）,SBM00021,温州,"8077996089760614705	",饿了么,平台外卖,已完成,2025-10-24 16:48:38,2025-10-24 16:48:38,2025-10-24 16:48:39,饿了么支付-在线支付,,即时单,2025-10-24 16:48:38,6.23,手动出餐,1,否,"任选【意面】或【焗饭】8选1+小吃6选1+饮料[番茄牛肉意面+薯条1份+柠檬茶+常温]（57.00*1）,餐盒（2.00*1）",任选【意面】或【焗饭】8选1+小吃6选1+饮料[番茄牛肉意面+薯条1份+柠檬茶+常温]+餐盒,,,,非会员,8,,,2份餐具,,57.00,20.17,31.01,0.00,0,0,1.87,0.00,3.50,【活动支出】单品特价:23.01元+【活动支出】饿了么红包:8.00元+【活动支出】替用户承担配送费:3.5元,-,-,-,2.00,温州区域,温州加盟,,,否,-,平台配送
圣比萨（柳市店）,SBM00021,温州,"8083836089760926172	",饿了么,平台外卖,已完成,2025-10-24 17:02:33,2025-10-24 17:02:33,2025-10-24 17:02:33,饿了么支付-在线支付,,即时单,2025-10-24 17:02:33,10.50,手动出餐,1,否,"柠檬茶[常温]（6.00*1）,新奥尔良烤鸡肉披萨-12英寸（经典手拍）[{""name"":""规格"",""value"":""12英寸（经典手拍）""}]（99.00*1）,明星小食桶C（38.00*1）,餐盒（5.00*1）",柠檬茶+新奥尔良烤鸡肉披萨+明星小食桶C,,,,非会员,9,,,无需餐具,,143.00,81.68,43.13,0.00,0,0,7.64,0.00,3.50,【活动支出】店铺满减:1.00元+【活动支出】单品特价:22.12元+【活动支出】单品特价:8.01元+【活动支出】饿了么红包:12.00元+【活动支出】替用户承担配送费:3.5元,-,-,-,5.00,温州区域,温州加盟,,,否,-,平台配送
圣比萨（柳市店）,SBM00021,温州,"8037636089771212176	",饿了么,平台外卖,已完成,2025-10-24 17:20:11,2025-10-24 17:20:11,2025-10-24 17:20:11,饿了么支付-在线支付,,即时单,2025-10-24 17:20:11,8.62,扫码出餐,1,否,"超值一人餐[日系照烧鸡披萨7英寸+蛋挞1对+酸梅汁+常温]（65.00*1）,餐盒（2.00*1）",日系照烧鸡披萨【7英寸(手拍)】+蛋挞+酸梅汁,,,,非会员,10,,,1份餐具,,65.00,24.09,34.12,0.00,0,0,2.24,0.00,3.50,【活动支出】单品特价:25.12元+【活动支出】饿了么红包:9.00元+【活动支出】替用户承担配送费:3.5元,-,-,-,2.00,温州区域,温州加盟,,,否,-,平台配送
圣比萨（柳市店）,SBM00021,温州,"8072576089780553058	",饿了么,平台外卖,已完成,2025-10-24 17:25:28,2025-10-24 17:25:28,2025-10-24 17:25:29,饿了么支付-在线支付,,即时单,2025-10-24 17:25:28,7.37,手动出餐,1,否,"榴莲披萨-9英寸（经典手拍）[{""name"":""规格"",""value"":""9英寸（经典手拍）""}]（92.00*1）,餐盒（1.00*1）",榴莲王披萨,,,,非会员,11,,,2份餐具,,92.00,32.56,42.10,0.00,0,0,3.59,0.00,10.20,【活动支出】店铺满减:1.00元+【活动支出】单品特价:29.10元+【活动支出】饿了么红包:12.00元+【活动支出】饿了么红包:0.00元+【活动支出】替用户承担配送费:6.0元,-,-,-,1.00,温州区域,温州加盟,,,否,-,平台配送
圣比萨（柳市店）,SBM00021,温州,"8024966089784747290	",饿了么,平台外卖,已完成,2025-10-24 17:39:29,2025-10-24 17:39:29,2025-10-24 17:39:30,饿了么支付-在线支付,,即时单,2025-10-24 17:39:29,10.17,扫码出餐,1,否,"圣比至尊披萨-7英寸（经典手拍）[{""name"":""规格"",""value"":""7英寸（经典手拍）""}]（42.00*1）,餐盒（2.00*1）",大圣招牌大满贯披萨,,,,非会员,12,,,依据餐量提供餐具,,42.00,21.33,14.10,0.00,0,0,2.02,0.00,3.50,【活动支出】单品特价:7.10元+【活动支出】饿了么红包:7.00元+【活动支出】替用户承担配送费:3.5元,-,-,-,2.00,温州区域,温州加盟,,,否,-,平台配送
圣比萨（柳市店）,SBM00021,温州,"8099220255901776303	",饿了么,平台外卖,已完成,2025-10-24 17:46:31,2025-10-24 17:46:31,2025-10-24 17:46:31,饿了么支付-在线支付,,即时单,2025-10-24 17:46:31,7.27,手动出餐,1,否,"【买一送一】买披萨送意面[奥尔良鸡肉披萨7英寸+番茄牛肉意面]（75.00*1）,餐盒（2.00*1）",新奥尔良烤鸡肉披萨【7英寸(手拍)】+番茄牛肉意面,,,,非会员,13,,,依据餐量提供餐具,,75.00,31.58,33.10,0.00,0,0,3.07,0.00,5.00,【活动支出】单品特价:25.10元+【活动支出】 商家自营销加码:0.00元+【活动支出】饿了么红包:8.00元+【活动支出】替用户承担配送费:5.0元,-,-,-,2.00,温州区域,温州加盟,,,否,-,平台配送
圣比萨（柳市店）,SBM00021,温州,"8014766089796650492	",饿了么,平台外卖,已完成,2025-10-24 17:51:47,2025-10-24 17:51:47,2025-10-24 17:51:47,饿了么支付-在线支付,,即时单,2025-10-24 17:51:47,9.85,手动出餐,1,否,"榴莲披萨-7英寸（经典手拍）[{""name"":""规格"",""value"":""7英寸（经典手拍）""}]（52.00*1）,酸梅汁[冷]（8.00*1）,餐盒（2.00*1）",榴莲王披萨+酸梅汁,,,,非会员,14,,,依据餐量提供餐具,,60.00,31.79,19.50,0.00,0,0,2.96,0.00,3.50,【活动支出】单品特价:9.10元+【活动支出】单品特价:1.40元+【活动支出】饿了么红包:9.00元+【活动支出】替用户承担配送费:3.5元,-,-,-,2.00,温州区域,温州加盟,,,否,-,平台配送
圣比萨（柳市店）,SBM00021,温州,"8094526089800281555	",饿了么,平台外卖,已完成,2025-10-24 18:40:11,2025-10-24 18:40:11,2025-10-24 18:40:11,饿了么支付-在线支付,,即时单,2025-10-24 18:40:11,6.82,手动出餐,1,否,"番茄牛肉意面（52.00*1）,榴莲披萨-7英寸（经典手拍）[{""name"":""规格"",""value"":""7英寸（经典手拍）""}]（52.00*1）,餐盒（3.00*1）",番茄牛肉意面+榴莲王披萨,,,,非会员,15,,,依据餐量提供餐具,,104.00,44.22,49.11,0.00,0,0,4.12,0.00,3.50,【活动支出】店铺满减:1.00元+【活动支出】单品特价:27.01元+【活动支出】单品特价:9.10元+【活动支出】饿了么红包:12.00元+【活动支出】替用户承担配送费:3.5元,-,-,-,3.00,温州区域,温州加盟,,,否,-,平台配送
圣比萨（柳市店）,SBM00021,温州,"8016876089839119805	",饿了么,平台外卖,已完成,2025-10-24 19:48:18,2025-10-24 19:48:18,2025-10-24 19:48:18,饿了么支付-在线支付,,即时单,2025-10-24 19:48:18,13.13,手动出餐,1,否,"经典薯条（18.00*1）,香烤鸡翅-2只[{""name"":""规格"",""value"":""2只""}]（16.00*1）,双拼披萨随❤️拼-12英寸[缤纷水果+日系照烧鸡肉][{""name"":""规格"",""value"":""12英寸""}]（108.00*1）,餐盒（4.00*1）",经典薯条+香烤鸡翅,,,,非会员,16,,,依据餐量提供餐具,,142.00,82.53,40.21,0.00,0,0,7.71,0.00,4.00,【活动支出】店铺满减:1.00元+【活动支出】单品特价:8.10元+【活动支出】单品特价:1.10元+【活动支出】单品特价:18.01元+【活动支出】饿了么红包:12.00元+【活动支出】替用户承担配送费:4.0元,-,-,-,4.00,温州区域,温州加盟,,,否,-,平台配送
圣比萨（柳市店）,SBM00021,温州,"8041150256079848863	",饿了么,平台外卖,已完成,2025-10-24 20:25:49,2025-10-24 20:25:49,2025-10-24 20:25:49,饿了么支付-在线支付,,即时单,2025-10-24 20:25:49,8.22,扫码出餐,1,否,"纯芝士披萨-7英寸（经典手拍）[{""name"":""规格"",""value"":""7英寸（经典手拍）""}]（38.00*1）,餐盒（2.00*1）",金牌芝士披萨,,,,非会员,17,,,依据餐量提供餐具,,38.00,18.34,13.01,0.00,0,0,1.80,0.00,5.00,【活动支出】单品特价:8.01元+【活动支出】饿了么红包:5.00元+【活动支出】替用户承担配送费:5.0元,-,-,-,2.00,温州区域,温州加盟,,,否,-,平台配送
圣比萨（柳市店）,SBM00021,温州,"8022866089894389031	",饿了么,平台外卖,已完成,2025-10-24 20:38:03,2025-10-24 20:38:03,2025-10-24 20:38:03,饿了么支付-在线支付,,即时单,2025-10-24 20:38:03,6.47,手动出餐,1,否,"海苔肉松披萨-7英寸（经典手拍）[{""name"":""规格"",""value"":""7英寸（经典手拍）""}]（42.00*1）,餐盒（2.00*1）",海苔肉松披萨,,,,非会员,18,,,依据餐量提供餐具,,42.00,19.16,17.10,0.00,0,0,1.79,0.00,3.50,【活动支出】单品特价:10.10元+【活动支出】饿了么红包:7.00元+【活动支出】替用户承担配送费:3.5元,-,-,-,2.00,温州区域,温州加盟,,,否,-,平台配送
圣比萨（柳市店）,SBM00021,温州,"8055050255998100831	",饿了么,平台外卖,已完成,2025-10-24 21:01:02,2025-10-24 21:01:02,2025-10-24 21:01:02,饿了么支付-在线支付,,即时单,2025-10-24 21:01:02,9.60,手动出餐,1,否,"碳烤鸡肉培根披萨-7英寸（经典手拍）[{""name"":""规格"",""value"":""7英寸（经典手拍）""}]（39.00*1）,餐盒（2.00*1）",碳烤鸡肉培根披萨,,,,非会员,19,,,依据餐量提供餐具,,39.00,14.36,14.10,0.00,0,0,1.79,0.00,9.30,【活动支出】单品特价:7.10元+【活动支出】 商家自营销加码:2.00元+【活动支出】饿了么红包:5.00元+【活动支出】替用户承担配送费:6.0元,-,-,-,2.00,温州区域,温州加盟,,,否,-,平台配送
圣比萨（柳市店）,SBM00021,温州,"8099896089893553527	",饿了么,平台外卖,已完成,2025-10-24 21:21:20,2025-10-24 21:21:20,2025-10-24 21:21:21,饿了么支付-在线支付,,即时单,2025-10-24 21:21:20,11.50,手动出餐,1,否,"鸡肉洋葱圈（12.00*1）,超值一人餐[碳烤鸡肉培根7英寸+上校鸡块4个+酸梅汁+冷]（65.00*1）,餐盒（3.00*1）",鸡肉洋葱圈+碳烤鸡肉培根披萨【7英寸(手拍)】+上校鸡块+酸梅汁,,,,非会员,20,,,1份餐具,,77.00,31.85,36.24,0.00,0,0,3.06,0.00,5.60,【活动支出】单品特价:3.12元+【活动支出】单品特价:25.12元+【活动支出】超级会员专享红包:8.00元+【活动支出】 商家自营销加码:0.00元+【活动支出】替用户承担配送费:5.6元,-,-,-,3.00,温州区域,温州加盟,,,否,-,平台配送
圣比萨（柳市店）,SBM00021,温州,"8022430256007525884	",饿了么,平台外卖,已完成,2025-10-24 21:23:52,2025-10-24 21:23:52,2025-10-24 21:23:52,饿了么支付-在线支付,,即时单,2025-10-24 21:23:52,13.45,扫码出餐,1,否,"榴莲披萨-12英寸（经典手拍）[{""name"":""规格"",""value"":""12英寸（经典手拍）""}]（129.00*1）,餐盒（1.00*1）",榴莲王披萨,,,,非会员,21,,,依据餐量提供餐具,,129.00,59.83,52.10,0.00,0,0,5.62,0.00,6.10,【活动支出】店铺满减:1.00元+【活动支出】单品特价:39.10元+【活动支出】饿了么红包:12.00元+【活动支出】饿了么红包:0.00元+【活动支出】替用户承担配送费:6.0元,-,-,-,1.00,温州区域,温州加盟,,,否,-,平台配送
圣比萨（柳市店）,SBM00021,温州,"8055946089916584326	",饿了么,平台外卖,已完成,2025-10-24 22:48:14,2025-10-24 22:48:14,2025-10-24 22:48:14,饿了么支付-在线支付,,即时单,2025-10-24 22:48:14,9.13,扫码出餐,1,否,"7英寸披萨【买一送一】[奥尔良鸡肉披萨7英寸+纯芝士披萨7英寸]（86.80*1）,餐盒（2.00*1）",新奥尔良烤鸡肉披萨【7英寸(手拍)】+金牌芝士披萨【7英寸(手拍)】,,,,非会员,22,,,依据餐量提供餐具,,86.80,35.77,40.81,0.00,0,0,3.37,0.00,5.60,【活动支出】单品特价:33.81元+【活动支出】 商家自营销加码:2.00元+【活动支出】饿了么红包:5.00元+【活动支出】替用户承担配送费:5.6元,-,-,-,2.00,温州区域,温州加盟,,,否,-,平台配送
圣比萨（春晖店）,SBS00004,温州,"8082070255656763775	",饿了么,平台外卖,已完成,2025-10-24 09:54:31,2025-10-24 09:54:31,2025-10-24 09:54:31,饿了么支付-在线支付,,即时单,2025-10-24 09:54:31,11.20,自动出餐,1,否,盒子披萨三选一[热带雨林水果]（29.00*1）,热带雨林水果一人食盒子披萨,,,,非会员,1,,,依据餐量提供餐具,,29.00,7.12,15.10,0.00,0,0,1.43,0.00,3.50,【活动支出】单品特价:8.10元+【活动支出】 商家自营销加码:2.00元+【活动支出】饿了么红包:5.00元+【活动支出】替用户承担配送费:3.5元,-,-,-,0.00,温州区域,温州直营,,,否,-,平台配送
圣比萨（春晖店）,SBS00004,温州,"8028786089566067097	",饿了么,平台外卖,已完成,2025-10-24 10:33:10,2025-10-24 10:33:10,2025-10-24 10:33:10,饿了么支付-在线支付,,即时单,2025-10-24 10:33:10,11.12,自动出餐,1,否,"7英寸披萨买一送一[奥尔良鸡肉披萨7英寸+缤纷水果披萨7英寸]（86.80*1）,餐盒（2.00*1）",新奥尔良烤鸡肉披萨【7英寸(手拍)】+缤纷水果披萨【7英寸(手拍)】,,,,非会员,2,,,依据餐量提供餐具,,86.80,28.46,49.90,0.00,0,0,2.69,0.00,3.50,【活动支出】店铺满减:1.00元+【活动支出】单品特价:39.90元+【活动支出】饿了么红包:9.00元+【活动支出】替用户承担配送费:3.5元,-,-,-,2.00,温州区域,温州直营,,,否,-,平台配送
圣比萨（春晖店）,SBS00004,温州,"8096370255584853426	",饿了么,平台外卖,已完成,2025-10-24 10:54:39,2025-10-24 10:54:39,2025-10-24 10:54:40,饿了么支付-在线支付,,即时单,2025-10-24 10:54:39,11.03,自动出餐,1,否,"缤纷水果披萨-9英寸(手拍)[{""name"":""规格"",""value"":""9英寸(手拍)""}]（75.00*1）,餐盒（1.00*1）",缤纷水果披萨,,,,非会员,3,,,底部烤老点谢谢 / 依据餐量提供餐具,,75.00,20.08,48.10,0.00,0,0,1.87,0.00,3.50,【活动支出】单品特价:40.10元+【活动支出】饿了么红包:8.00元+【活动支出】替用户承担配送费:3.5元,-,-,-,1.00,温州区域,温州直营,,,否,-,平台配送
圣比萨（春晖店）,SBS00004,温州,"8036360255701964066	",饿了么,平台外卖,已完成,2025-10-24 11:05:24,2025-10-24 11:05:24,2025-10-24 11:05:24,饿了么支付-在线支付,,即时单,2025-10-24 11:05:24,11.22,自动出餐,1,否,"焗饭随心配（53.80*1）,餐盒（2.00*1）",地道肠1根+盐酥鸡米花小份+蛋挞1个+碳烤鸡肉芝士焗饭,,,,非会员,4,,,1份餐具,,53.80,16.06,32.90,0.00,0,0,1.49,0.00,3.50,【活动支出】单品特价:25.90元+【活动支出】 商家自营销加码:2.00元+【活动支出】饿了么红包:5.00元+【活动支出】替用户承担配送费:3.5元,-,-,-,2.00,温州区域,温州直营,,,否,-,平台配送
圣比萨（春晖店）,SBS00004,温州,"8048140255635452264	",饿了么,平台外卖,已完成,2025-10-24 11:42:18,2025-10-24 11:42:18,2025-10-24 11:42:19,饿了么支付-在线支付,,即时单,2025-10-24 11:42:18,11.12,自动出餐,1,否,手握三选一-单点[奥尔良]（20.00*1）,奥尔良风情烤鸡肉一人食盒子披萨,,,,非会员,5,,,依据餐量提供餐具,,20.00,10.00,0.00,0.00,0,0,0.00,0.00,,【活动支出】拼团反圈活动:0.00元,-,-,-,0.00,温州区域,温州直营,,,否,-,平台配送
圣比萨（春晖店）,SBS00004,温州,"8054906089624147220	",饿了么,平台外卖,已完成,2025-10-24 11:54:10,2025-10-24 11:54:10,2025-10-24 11:54:11,饿了么支付-在线支付,,即时单,2025-10-24 11:54:10,11.22,自动出餐,1,否,手握三选一+二选一+可乐-单点[奥尔良+上校鸡块 2 块+可乐]（24.00*1）,小可乐+奥尔良风情烤鸡肉一人食盒子披萨+上校鸡块2个,,,,非会员,6,,,依据餐量提供餐具,,24.00,14.00,0.00,0.00,0,0,0.00,0.00,,【活动支出】拼团反圈活动:0.00元,-,-,-,0.00,温州区域,温州直营,,,否,-,平台配送
圣比萨（春晖店）,SBS00004,温州,"8069736089632174550	",饿了么,平台外卖,已完成,2025-10-24 12:02:08,2025-10-24 12:02:08,2025-10-24 12:02:08,饿了么支付-在线支付,,即时单,2025-10-24 12:02:08,11.05,自动出餐,1,否,手握三选一+二选一+可乐-单点[缤纷水果+上校鸡块 2 块+可乐]（24.00*1）,小可乐+热带雨林水果一人食盒子披萨+上校鸡块2个,,,,非会员,7,,,依据餐量提供餐具,,24.00,14.00,0.00,0.00,0,0,0.00,0.00,,【活动支出】拼团反圈活动:0.00元,-,-,-,0.00,温州区域,温州直营,,,否,-,平台配送
圣比萨（春晖店）,SBS00004,温州,"8089220255763632404	",饿了么,平台外卖,已完成,2025-10-24 12:14:39,2025-10-24 12:14:39,2025-10-24 12:14:39,饿了么支付-在线支付,,即时单,2025-10-24 12:14:39,11.10,自动出餐,1,否,"披萨随心配（60.40*1）,餐盒（2.00*1）",新奥尔良烤鸡肉披萨(7英寸(手拍))+地道肠1根+盐酥鸡米花小份+蛋挞1个,,,,非会员,8,,,1份餐具,,60.40,17.31,37.50,0.00,0,0,1.64,0.00,3.50,【活动支出】单品特价:30.50元+【活动支出】 商家自营销加码:2.00元+【活动支出】饿了么红包:5.00元+【活动支出】替用户承担配送费:3.5元,-,-,-,2.00,温州区域,温州直营,,,否,-,平台配送
圣比萨（春晖店）,SBS00004,温州,"8033586089659516199	",饿了么,平台外卖,已完成,2025-10-24 12:14:50,2025-10-24 12:14:50,2025-10-24 12:14:51,饿了么支付-在线支付,,即时单,2025-10-24 12:14:50,11.17,自动出餐,1,否,"任选披萨8选1+小吃5选1+饮料[缤纷水果披萨7英寸+深海墨鱼丸3个+柠檬茶]（65.00*1）,餐盒（2.00*1）",缤纷水果披萨【7英寸(手拍)】+深海墨鱼丸【3个】+柠檬茶,,,,非会员,9,,,依据餐量提供餐具,,65.00,19.16,40.10,0.00,0,0,1.79,0.00,3.50,【活动支出】单品特价:33.10元+【活动支出】 商家自营销加码:2.00元+【活动支出】饿了么红包:5.00元+【活动支出】替用户承担配送费:3.5元,-,-,-,2.00,温州区域,温州直营,,,否,-,平台配送
圣比萨（春晖店）,SBS00004,温州,"8098516089680224669	",饿了么,平台外卖,已完成,2025-10-24 13:03:09,2025-10-24 13:03:09,2025-10-24 13:03:09,饿了么支付-在线支付,,即时单,2025-10-24 13:03:09,11.05,自动出餐,1,否,"奥尔良烤鸡肉披萨(7寸)-单点[{""name"":""规格"",""value"":""单点""}]（23.21*1）",新奥尔良烤鸡肉披萨【7英寸(手拍)】,,,,非会员,10,,,-,,23.21,13.21,0.00,0.00,0,0,0.00,0.00,,【活动支出】拼团反圈活动:0.00元,-,-,-,0.00,温州区域,温州直营,,,否,-,平台配送
圣比萨（春晖店）,SBS00004,温州,"8060936089666264562	",饿了么,平台外卖,已完成,2025-10-24 13:41:21,2025-10-24 13:41:21,2025-10-24 13:41:21,饿了么支付-在线支付,,即时单,2025-10-24 13:41:21,11.10,自动出餐,1,否,盒子披萨三选一[热带雨林水果]（29.00*1）,热带雨林水果一人食盒子披萨,,,,非会员,11,,,依据餐量提供餐具,,29.00,7.12,15.10,0.00,0,0,1.43,0.00,3.50,【活动支出】单品特价:8.10元+【活动支出】 商家自营销加码:2.00元+【活动支出】饿了么红包:5.00元+【活动支出】替用户承担配送费:3.5元,-,-,-,0.00,温州区域,温州直营,,,否,-,平台配送
圣比萨（春晖店）,SBS00004,温州,"8020160255892517270	",饿了么,平台外卖,已完成,2025-10-24 13:41:47,2025-10-24 13:41:47,2025-10-24 13:41:47,饿了么支付-在线支付,,即时单,2025-10-24 13:41:47,11.10,自动出餐,1,否,"榴莲披萨随心拼套餐（64.80*1）,餐盒（2.00*1）",芒果汁+芒果汁+榴莲王披萨(7英寸(手拍))+新奥尔良烤鸡肉披萨(7英寸(手拍))+金丝鸡排,,,,非会员,12,,,依据餐量提供餐具,,64.80,39.19,15.00,0.00,0,0,3.66,0.00,3.50,【活动支出】店铺满减:6.00元+【活动支出】饿了么红包:9.00元+【活动支出】替用户承担配送费:3.5元,-,-,-,2.00,温州区域,温州直营,,,否,-,平台配送
圣比萨（春晖店）,SBS00004,温州,"8032330255810007487	",饿了么,平台外卖,已完成,2025-10-24 14:03:40,2025-10-24 14:03:40,2025-10-24 14:03:41,饿了么支付-在线支付,,即时单,2025-10-24 14:03:40,11.18,自动出餐,1,否,"缤纷水果披萨-9英寸(手拍)[{""name"":""规格"",""value"":""9英寸(手拍)""}]（75.00*1）,餐盒（1.00*1）",缤纷水果披萨,,,,非会员,13,,,2份餐具,,75.00,18.61,47.10,0.00,0,0,1.94,0.00,5.60,【活动支出】单品特价:40.10元+【活动支出】饿了么红包:7.00元+【活动支出】替用户承担配送费:5.6元,-,-,-,1.00,温州区域,温州直营,,,否,-,平台配送
圣比萨（春晖店）,SBS00004,温州,"8086626089703536919	",饿了么,平台外卖,已完成,2025-10-24 14:04:33,2025-10-24 14:04:33,2025-10-24 14:04:33,饿了么支付-在线支付,,即时单,2025-10-24 14:04:33,11.00,自动出餐,1,否,"【随心拼】7英寸披萨(口味自选）[培根鸡肉+奥尔良]（54.00*1）,餐盒（2.00*1）",双拼7寸【碳烤鸡肉培根口味7】+双拼7寸【奥尔良口味7】,,,,非会员,14,,,依据餐量提供餐具,,54.00,14.12,35.10,0.00,0,0,1.43,0.00,3.50,【活动支出】单品特价:28.10元+【活动支出】饿了么红包:7.00元+【活动支出】替用户承担配送费:3.5元,-,-,-,2.00,温州区域,温州直营,,,否,-,平台配送
圣比萨（春晖店）,SBS00004,温州,"8084350255814695200	",饿了么,平台外卖,已完成,2025-10-24 14:06:49,2025-10-24 14:06:49,2025-10-24 14:06:50,饿了么支付-在线支付,,即时单,2025-10-24 14:06:49,11.23,自动出餐,1,否,"披萨随心配（60.40*1）,餐盒（2.00*1）",日系照烧鸡披萨(7英寸(手拍))+地道肠1根+蛋挞1个+上校鸡块2个,,,,非会员,15,,,2份餐具,,60.40,17.31,37.50,0.00,0,0,1.64,0.00,3.50,【活动支出】单品特价:30.50元+【活动支出】饿了么红包:7.00元+【活动支出】替用户承担配送费:3.5元,-,-,-,2.00,温州区域,温州直营,,,否,-,平台配送
圣比萨（春晖店）,SBS00004,温州,"8000996089680130387	",饿了么,平台外卖,已完成,2025-10-24 14:26:43,2025-10-24 14:26:43,2025-10-24 14:26:44,饿了么支付-在线支付,,即时单,2025-10-24 14:26:43,11.18,自动出餐,1,否,手握三选一-单点[奥尔良]（20.00*1）,奥尔良风情烤鸡肉一人食盒子披萨,,,,非会员,16,,,到店自取 / 1份餐具,,20.00,10.00,0.00,0.00,0,0,0.00,0.00,,【活动支出】爆品团通吃券:0.00元,-,-,-,0.00,温州区域,温州直营,,,否,-,平台配送
圣比萨（春晖店）,SBS00004,温州,"8028716089727700453	",饿了么,平台外卖,已完成,2025-10-24 14:34:55,2025-10-24 14:34:55,2025-10-24 14:34:55,饿了么支付-在线支付,,即时单,2025-10-24 14:34:55,11.22,"初始值, 无意义",1,否,"意面随心配（58.00*1）,餐盒（2.00*1）",番茄培根意面+蛋挞1个+深海墨鱼丸2个+上校鸡块2个,,,,非会员,17,,,依据餐量提供餐具,,58.00,15.12,38.10,0.00,0,0,1.43,0.00,3.50,【活动支出】单品特价:31.10元+【活动支出】饿了么红包:7.00元+【活动支出】淘金币:0.00元+【活动支出】替用户承担配送费:3.5元,-,-,-,2.00,温州区域,温州直营,,,否,-,平台配送
圣比萨（春晖店）,SBS00004,温州,"8058410255831017884	",饿了么,平台外卖,已完成,2025-10-24 14:55:59,2025-10-24 14:55:59,2025-10-24 14:55:59,饿了么支付-在线支付,,即时单,2025-10-24 14:55:59,11.05,自动出餐,1,否,"榴莲披萨随心拼套餐（59.90*1）,餐盒（2.00*1）",柠檬茶+芒果汁+榴莲王披萨(7英寸(手拍))+新奥尔良烤鸡肉披萨(7英寸(手拍))+金丝鸡排,,,,非会员,18,,,依据餐量提供餐具,,59.90,35.26,15.00,0.00,0,0,3.29,0.00,3.50,【活动支出】店铺满减:6.00元+【活动支出】饿了么红包:9.00元+【活动支出】替用户承担配送费:3.5元,-,-,-,2.00,温州区域,温州直营,,,否,-,平台配送
圣比萨（春晖店）,SBS00004,温州,"8091400255736489433	",饿了么,平台外卖,已完成,2025-10-24 15:20:25,2025-10-24 15:20:25,2025-10-24 15:20:26,饿了么支付-在线支付,,即时单,2025-10-24 15:20:25,11.12,自动出餐,1,否,"奥尔良烤鸡肉披萨-9英寸(手拍)[{""name"":""规格"",""value"":""9英寸(手拍)""}]（78.00*1）,[买一送一]买披萨送意面[奥尔良鸡肉披萨7英寸+番茄牛肉意面]（75.00*1）,餐盒（3.00*1）",新奥尔良烤鸡肉披萨+新奥尔良烤鸡肉披萨【7英寸(手拍)】+番茄牛肉意面,,,,非会员,19,,,4份餐具,,153.00,41.69,88.20,0.00,0,0,4.86,0.00,15.90,【活动支出】店铺满减:6.00元+【活动支出】单品特价:40.10元+【活动支出】单品特价:30.10元+【活动支出】饿了么红包:12.00元+【活动支出】替用户承担配送费:6.0元,-,-,-,3.00,温州区域,温州直营,,,否,-,平台配送
圣比萨（春晖店）,SBS00004,温州,"8055686089700803937	",饿了么,平台外卖,已完成,2025-10-24 15:24:25,2025-10-24 15:24:25,2025-10-24 15:24:25,饿了么支付-在线支付,,即时单,2025-10-24 15:24:25,11.08,自动出餐,1,否,"7英寸披萨买一送一[缤纷水果披萨7英寸+日系照烧鸡披萨7英寸]（86.80*1）,点击右上角❤️收藏得小吃[上校鸡块2个]（2.00*1）,餐盒（2.50*1）",缤纷水果披萨【7英寸(手拍)】+日系照烧鸡披萨【7英寸(手拍)】+上校鸡块2个,,,,非会员,20,,,4份餐具,,88.80,29.01,51.80,0.00,0,0,2.74,0.00,3.50,【活动支出】店铺满减:1.00元+【活动支出】单品特价:39.90元+【活动支出】单品特价:1.90元+【活动支出】饿了么红包:9.00元+【活动支出】替用户承担配送费:3.5元,-,-,-,2.50,温州区域,温州直营,,,否,-,平台配送
圣比萨（春晖店）,SBS00004,温州,"8033626089705002424	",饿了么,平台外卖,已完成,2025-10-24 15:52:38,2025-10-24 15:52:38,2025-10-24 15:52:39,饿了么支付-在线支付,,即时单,2025-10-24 15:52:38,11.13,自动出餐,1,否,盒子披萨三选一[热带雨林水果]（29.00*1）,热带雨林水果一人食盒子披萨,,,,非会员,21,,,依据餐量提供餐具,,29.00,7.12,15.10,0.00,0,0,1.43,0.00,3.50,【活动支出】单品特价:8.10元+【活动支出】饿了么红包:7.00元+【活动支出】替用户承担配送费:3.5元,-,-,-,0.00,温州区域,温州直营,,,否,-,平台配送
圣比萨（春晖店）,SBS00004,温州,"8066000255858894284	",饿了么,平台外卖,已完成,2025-10-24 16:16:28,2025-10-24 16:16:28,2025-10-24 16:16:28,饿了么支付-在线支付,,即时单,2025-10-24 16:16:28,11.18,自动出餐,1,否,"盐酥鸡粒（21.00*1）,奥尔良烤翅（14.00*1）,奶酪芝士卷边（7英寸）（4.90*1）,【粉丝福利】蛋挞一个（原味）（10.00*1）,奥尔良烤鸡肉披萨-7英寸(手拍)[{""name"":""规格"",""value"":""7英寸(手拍)""}]（45.00*1）,餐盒（6.00*1）",盐酥鸡粒+奥尔良烤翅+奶酪芝士卷边7+蛋挞1个+新奥尔良烤鸡肉披萨,,,,非会员,22,,,无需餐具,,94.90,33.12,56.31,0.00,0,0,3.12,0.00,3.50,【活动支出】店铺满减:1.00元+【活动支出】单品特价:12.10元+【活动支出】单品特价:1.10元+【活动支出】单品特价:9.01元+【活动支出】单品特价:21.10元+【活动支出】饿了么红包:12.00元+【活动支出】替用户承担配送费:3.5元,-,-,-,6.00,温州区域,温州直营,,,否,-,平台配送
圣比萨（春晖店）,SBS00004,温州,"8035776089725639044	",饿了么,平台外卖,已完成,2025-10-24 16:42:18,2025-10-24 16:42:18,2025-10-24 16:42:18,饿了么支付-在线支付,,即时单,2025-10-24 16:42:18,11.05,自动出餐,1,否,"意面随心配（58.00*1）,餐盒（2.00*1）",招牌肉酱意面+地道肠1根+盐酥鸡米花小份+深海墨鱼丸2个,,,,非会员,23,,,不要放咸菜 / 依据餐量提供餐具,,58.00,15.12,38.10,0.00,0,0,1.43,0.00,3.50,【活动支出】单品特价:31.10元+【活动支出】 商家自营销加码:2.00元+【活动支出】饿了么红包:5.00元+【活动支出】替用户承担配送费:3.5元,-,-,-,2.00,温州区域,温州直营,,,否,-,平台配送
圣比萨（春晖店）,SBS00004,温州,"8016746089735263621	",饿了么,平台外卖,已完成,2025-10-24 16:49:09,2025-10-24 16:49:09,2025-10-24 16:49:10,饿了么支付-在线支付,,即时单,2025-10-24 16:49:09,11.05,自动出餐,1,否,"披萨随心配（60.40*1）,餐盒（2.00*1）",缤纷水果披萨(7英寸(手拍))+地道肠1根+蛋挞1个+上校鸡块2个,,,,非会员,24,,,依据餐量提供餐具,,60.40,19.16,35.50,0.00,0,0,1.79,0.00,3.50,【活动支出】单品特价:30.50元+【活动支出】饿了么红包:5.00元+【活动支出】替用户承担配送费:3.5元,-,-,-,2.00,温州区域,温州直营,,,否,-,平台配送
圣比萨（春晖店）,SBS00004,温州,"8099626089760716165	",饿了么,平台外卖,已完成,2025-10-24 17:14:17,2025-10-24 17:14:17,2025-10-24 17:14:17,饿了么支付-在线支付,,即时单,2025-10-24 17:14:17,11.20,自动出餐,1,否,"经典双人披萨套餐[缤纷水果披萨9英寸+明星小食桶A+芒果汁+芒果汁]（108.00*1）,餐盒（2.00*1）",缤纷水果披萨【9英寸(手拍)】+明星小食桶A+芒果汁+芒果汁,,,,非会员,25,,,依据餐量提供餐具,,108.00,42.38,54.10,0.00,0,0,3.97,0.00,3.50,【活动支出】店铺满减:1.00元+【活动支出】单品特价:46.10元+【活动支出】 商家自营销加码:2.00元+【活动支出】饿了么红包:5.00元+【活动支出】替用户承担配送费:3.5元,-,-,-,2.00,温州区域,温州直营,,,否,-,平台配送
圣比萨（春晖店）,SBS00004,温州,"8057656089789700419	",饿了么,平台外卖,已完成,2025-10-24 17:19:36,2025-10-24 17:19:36,2025-10-24 17:19:36,饿了么支付-在线支付,,即时单,2025-10-24 17:19:36,11.22,自动出餐,1,否,"明星至尊桶（59.00*1）,任选披萨10选1+意面+小食2份+饮品2杯[圣比招牌披萨7英寸+番茄牛肉意面+金丝鸡排+盐酥鸡米花小份+港式奶茶+芒果汁]（156.00*1）,餐盒（4.00*1）",明星至尊桶+大圣招牌大满贯披萨【7英寸(手拍)】+番茄牛肉意面+金丝鸡排+盐酥鸡米花小份+港式奶茶+芒果汁,,,,非会员,26,,,依据餐量提供餐具,,215.00,72.64,125.20,0.00,0,0,6.81,0.00,3.50,【活动支出】店铺满减:6.00元+【活动支出】单品特价:19.10元+【活动支出】单品特价:86.10元+【活动支出】粉丝群:2.00元+【活动支出】饿了么红包:12.00元+【活动支出】替用户承担配送费:3.5元,-,-,-,4.00,温州区域,温州直营,,,否,-,平台配送
圣比萨（春晖店）,SBS00004,温州,"8037906089769851311	",饿了么,平台外卖,已完成,2025-10-24 17:23:28,2025-10-24 17:23:28,2025-10-24 17:23:28,饿了么支付-在线支付,,即时单,2025-10-24 17:23:28,11.17,自动出餐,1,否,奥尔良烤鸡肉披萨(7寸)-单点（23.21*1）,新奥尔良烤鸡肉披萨【7英寸(手拍)】,,,,非会员,27,,,依据餐量提供餐具,,23.21,13.21,0.00,0.00,0,0,0.00,0.00,,【活动支出】拼团反圈活动:0.00元,-,-,-,0.00,温州区域,温州直营,,,否,-,平台配送
圣比萨（春晖店）,SBS00004,温州,"8097320255785651554	",饿了么,平台外卖,已完成,2025-10-24 17:30:41,2025-10-24 17:30:41,2025-10-24 17:30:41,饿了么支付-在线支付,,即时单,2025-10-24 17:30:41,11.22,自动出餐,1,否,"任选披萨8选1+小吃5选1+饮料单人餐[碳烤鸡肉培根7英寸+上校鸡块3个+小可乐]（65.00*1）,餐盒（1.00*1）",碳烤鸡肉培根披萨【7英寸(手拍)】+上校鸡块3个+小可乐,,,,非会员,28,,,依据餐量提供餐具,,65.00,16.38,42.10,0.00,0,0,1.57,0.00,3.50,【活动支出】单品特价:35.10元+【活动支出】饿了么红包:7.00元+【活动支出】替用户承担配送费:3.5元,-,-,-,1.00,温州区域,温州直营,,,否,-,平台配送
圣比萨（春晖店）,SBS00004,温州,"8007896089773283683	",饿了么,平台外卖,已完成,2025-10-24 17:30:46,2025-10-24 17:30:46,2025-10-24 17:30:46,饿了么支付-在线支付,,即时单,2025-10-24 17:30:46,11.00,自动出餐,1,否,"榴莲王披萨-7英寸(经典手拍)[{""name"":""规格"",""value"":""7英寸(经典手拍)""}]（52.00*1）,餐盒（1.00*1）",榴莲王披萨,,,,非会员,29,,,1份餐具,,52.00,20.08,25.10,0.00,0,0,1.87,0.00,3.50,【活动支出】单品特价:18.10元+【活动支出】饿了么红包:7.00元+【活动支出】替用户承担配送费:3.5元,-,-,-,1.00,温州区域,温州直营,,,否,-,平台配送
圣比萨（春晖店）,SBS00004,温州,"8075936089764645201	",饿了么,平台外卖,已完成,2025-10-24 17:43:23,2025-10-24 17:43:23,2025-10-24 17:43:23,饿了么支付-在线支付,,即时单,2025-10-24 17:43:23,11.08,自动出餐,1,否,"缤纷水果披萨-9英寸(手拍)[{""name"":""规格"",""value"":""9英寸(手拍)""}]（75.00*1）,酸奶多多流心卷边（9英寸）（6.90*1）,餐盒（1.00*1）",缤纷水果披萨+酸奶多多流心卷边9,,,,非会员,30,,,依据餐量提供餐具,,81.90,24.34,49.10,0.00,0,0,2.31,0.00,3.50,【活动支出】店铺满减:1.00元+【活动支出】单品特价:40.10元+【活动支出】超级会员专享红包:8.00元+【活动支出】 商家自营销加码:0.00元+【活动支出】替用户承担配送费:3.5元,-,-,-,1.00,温州区域,温州直营,,,否,-,平台配送
圣比萨（春晖店）,SBS00004,温州,"8083180255796153640	",饿了么,平台外卖,已完成,2025-10-24 17:45:13,2025-10-24 17:45:13,2025-10-24 17:45:13,饿了么支付-在线支付,,即时单,2025-10-24 17:45:13,11.00,自动出餐,1,否,"任选意面4选1+小吃5选1+饮料[番茄培根意面+上校鸡块4个+柠檬茶]（57.00*1）,焗饭随心配（53.80*1）,餐盒（4.00*1）",番茄培根意面+上校鸡块+柠檬茶+盐酥鸡米花小份+深海墨鱼丸2个+上校鸡块2个+咖喱鸡肉芝士焗饭,,,,非会员,31,,,依据餐量提供餐具,,110.80,39.21,62.00,0.00,0,0,3.74,0.00,5.00,【活动支出】店铺满减:6.00元+【活动支出】单品特价:25.10元+【活动支出】单品特价:25.90元+【活动支出】饿了么红包:5.00元+【活动支出】替用户承担配送费:5.0元,-,-,-,4.00,温州区域,温州直营,,,否,-,平台配送
圣比萨（春晖店）,SBS00004,温州,"8091230255897811270	",饿了么,平台外卖,已退款,2025-10-24 17:49:05,2025-10-24 17:49:05,2025-10-24 17:49:05,饿了么支付-在线支付,,即时单,2025-10-24 17:49:05,,未出餐,1,否,"黑椒牛肉意面（52.00*1）,番茄牛肉意面（52.00*1）,餐盒（2.00*1）",黑椒牛肉意面+番茄牛肉意面,,,,非会员,32,,,不要辣 / 依据餐量提供餐具,"餐厅同意取消单 ",104.00,-5.56,60.20,39.80,0,0,3.21,0.00,3.50,【活动支出】店铺满减:1.00元+【活动支出】单品特价:24.10元+【活动支出】单品特价:28.10元+【活动支出】 商家自营销加码:2.00元+【活动支出】饿了么红包:5.00元+【活动支出】替用户承担配送费:3.5元,-,-,-,2.00,温州区域,温州直营,,,否,-,平台配送
圣比萨（春晖店）,SBS00004,温州,"8034010255814656355	",饿了么,平台外卖,已完成,2025-10-24 18:10:39,2025-10-24 18:10:39,2025-10-24 18:10:39,饿了么支付-在线支付,,即时单,2025-10-24 18:10:39,11.07,自动出餐,1,否,"榴莲王披萨-12英寸(手拍)[{""name"":""规格"",""value"":""12英寸(手拍)""}]（129.00*1）,餐盒（1.00*1）",榴莲王披萨,,,,非会员,33,,,依据餐量提供餐具,,129.00,37.43,80.10,0.00,0,0,3.52,0.00,3.50,【活动支出】店铺满减:6.00元+【活动支出】单品特价:65.10元+【活动支出】饿了么红包:9.00元+【活动支出】替用户承担配送费:3.5元,-,-,-,1.00,温州区域,温州直营,,,否,-,平台配送
圣比萨（春晖店）,SBS00004,温州,"8061926089820040459	",饿了么,平台外卖,已完成,2025-10-24 18:28:46,2025-10-24 18:28:46,2025-10-24 18:28:47,饿了么支付-在线支付,,即时单,2025-10-24 18:28:46,11.12,自动出餐,1,否,"奥尔良烤鸡肉披萨-7英寸(手拍)[{""name"":""规格"",""value"":""7英寸(手拍)""}]（45.00*1）,餐盒（1.00*1）",新奥尔良烤鸡肉披萨,,,,非会员,34,,,无需餐具,,45.00,11.12,28.10,0.00,0,0,1.43,0.00,3.50,【活动支出】单品特价:21.10元+【活动支出】饿了么红包:7.00元+【活动支出】替用户承担配送费:3.5元,-,-,-,1.00,温州区域,温州直营,,,否,-,平台配送
圣比萨（春晖店）,SBS00004,温州,"8044430255931163080	",饿了么,平台外卖,已完成,2025-10-24 18:30:26,2025-10-24 18:30:26,2025-10-24 18:30:27,饿了么支付-在线支付,,即时单,2025-10-24 18:30:26,11.00,自动出餐,1,否,"7英寸披萨一人食土豪餐[奥尔良鸡肉披萨7英寸+金丝鸡排+深海墨鱼丸3个+柠檬茶]（70.00*1）,餐盒（2.00*1）",新奥尔良烤鸡肉披萨【7英寸(手拍)】+金丝鸡排+深海墨鱼丸3个+柠檬茶,,,,非会员,35,,,1份餐具,,70.00,19.53,42.10,0.00,0,0,2.02,0.00,6.20,【活动支出】单品特价:35.10元+【活动支出】 商家自营销加码:2.00元+【活动支出】饿了么红包:5.00元+【活动支出】替用户承担配送费:6.0元,-,-,-,2.00,温州区域,温州直营,,,否,-,平台配送
圣比萨（春晖店）,SBS00004,温州,"8096616089832495585	",饿了么,平台外卖,已完成,2025-10-24 18:32:25,2025-10-24 18:32:25,2025-10-24 18:32:25,饿了么支付-在线支付,,即时单,2025-10-24 18:32:25,11.20,自动出餐,1,否,"7件套随心拼套餐（49.90*1）,餐盒（2.00*1）",缤纷水果披萨(7英寸(手拍))+缤纷水果披萨(7英寸(手拍))+地道肠1根+盐酥鸡米花小份+上校鸡块2个+港式奶茶+港式奶茶,,,,非会员,36,,,依据餐量提供餐具,,49.90,31.23,10.00,0.00,0,0,2.92,0.00,3.50,【活动支出】店铺满减:1.00元+【活动支出】饿了么红包:9.00元+【活动支出】替用户承担配送费:3.5元,-,-,-,2.00,温州区域,温州直营,,,否,-,平台配送
圣比萨（春晖店）,SBS00004,温州,"8085566089820177893	",饿了么,平台外卖,已完成,2025-10-24 18:41:42,2025-10-24 18:41:42,2025-10-24 18:41:42,饿了么支付-在线支付,,即时单,2025-10-24 18:41:42,11.15,自动出餐,1,否,"任选披萨8选1+小吃5选1+饮料[奥尔良鸡肉披萨7英寸+盐酥鸡米花小份+柠檬茶]（65.00*1）,美式香骨鸡（8.90*1）,餐盒（3.00*1）",新奥尔良烤鸡肉披萨【7英寸(手拍)】+盐酥鸡米花小份+柠檬茶+美式香骨鸡,,,,非会员,37,,,依据餐量提供餐具,,73.90,24.34,43.10,0.00,0,0,2.31,0.00,3.50,【活动支出】店铺满减:1.00元+【活动支出】单品特价:33.10元+【活动支出】饿了么红包:9.00元+【活动支出】替用户承担配送费:3.5元,-,-,-,3.00,温州区域,温州直营,,,否,-,平台配送
圣比萨（春晖店）,SBS00004,温州,"8011240255991572741	",饿了么,平台外卖,已完成,2025-10-24 20:18:58,2025-10-24 20:18:58,2025-10-24 20:18:59,饿了么支付-在线支付,,即时单,2025-10-24 20:18:58,11.17,自动出餐,1,否,"奶酪芝士卷边（7英寸）（4.90*1）,任选披萨8选1+小吃5选1+饮料[奥尔良鸡肉披萨7英寸+上校鸡块4个+芒果汁]（65.00*1）,餐盒（2.00*1）",奶酪芝士卷边7+新奥尔良烤鸡肉披萨【7英寸(手拍)】+上校鸡块+芒果汁,,,,非会员,38,,,依据餐量提供餐具,,69.90,22.16,41.10,0.00,0,0,2.09,0.00,3.50,【活动支出】店铺满减:1.00元+【活动支出】单品特价:33.10元+【活动支出】饿了么红包:7.00元+【活动支出】替用户承担配送费:3.5元,-,-,-,2.00,温州区域,温州直营,,,否,-,平台配送
圣比萨（春晖店）,SBS00004,温州,"8071070255984476629	",饿了么,平台外卖,已完成,2025-10-24 20:19:22,2025-10-24 20:19:22,2025-10-24 20:19:22,饿了么支付-在线支付,,即时单,2025-10-24 20:19:22,11.00,自动出餐,1,否,"7英寸披萨买一送一[浪漫威尼斯披萨7英寸+缤纷水果披萨7英寸]（86.80*1）,【粉丝福利】蛋挞一个（原味）（10.00*1）,餐盒（3.00*1）",浪漫威尼斯披萨【7英寸(手拍)】+缤纷水果披萨【7英寸(手拍)】+蛋挞1个,,,,非会员,39,,,依据餐量提供餐具,,96.80,30.40,58.80,0.00,0,0,2.85,0.00,3.50,【活动支出】店铺满减:1.00元+【活动支出】单品特价:39.90元+【活动支出】饿了么红包:9.00元+【活动支出】精准营销:8.90元+【活动支出】替用户承担配送费:3.5元,-,-,-,3.00,温州区域,温州直营,,,否,-,平台配送
圣比萨（春晖店）,SBS00004,温州,"8080676089894926804	",饿了么,平台外卖,已完成,2025-10-24 20:28:10,2025-10-24 20:28:10,2025-10-24 20:28:10,饿了么支付-在线支付,,即时单,2025-10-24 20:28:10,11.03,自动出餐,1,否,"7英寸-奥尔良烤鸡肉披萨（42.00*1）,餐盒（2.00*1）",新奥尔良烤鸡肉披萨【7英寸(手拍)】,,,,非会员,40,,,依据餐量提供餐具,,42.00,9.22,27.10,0.00,0,0,1.43,0.00,4.50,【活动支出】单品特价:20.10元+【活动支出】 商家自营销加码:2.00元+【活动支出】饿了么红包:5.00元+【活动支出】替用户承担配送费:4.5元,-,-,-,2.00,温州区域,温州直营,,,否,-,平台配送
圣比萨（春晖店）,SBS00004,温州,"8064936089890867475	",饿了么,平台外卖,已完成,2025-10-24 20:35:15,2025-10-24 20:35:15,2025-10-24 20:35:15,饿了么支付-在线支付,,即时单,2025-10-24 20:35:15,11.17,自动出餐,1,否,"缤纷水果披萨-9英寸(手拍)[{""name"":""规格"",""value"":""9英寸(手拍)""}]（75.00*1）,奶酪芝士卷边（9英寸）（6.90*1）,餐盒（1.00*1）",缤纷水果披萨+奶酪芝士卷边9,,,,非会员,41,,,依据餐量提供餐具,,81.90,24.34,49.10,0.00,0,0,2.31,0.00,3.50,【活动支出】店铺满减:1.00元+【活动支出】单品特价:40.10元+【活动支出】饿了么红包:8.00元+【活动支出】替用户承担配送费:3.5元,-,-,-,1.00,温州区域,温州直营,,,否,-,平台配送
圣比萨（春晖店）,SBS00004,温州,"8000566089852251614	",饿了么,平台外卖,已完成,2025-10-24 20:35:17,2025-10-24 20:35:17,2025-10-24 20:35:17,饿了么支付-在线支付,,即时单,2025-10-24 20:35:17,11.18,自动出餐,1,否,"榴莲多多薄脆披萨-双层[{""name"":""规格"",""value"":""双层""}]（135.00*1）,金丝鸡排（10.88*1）,餐盒（3.00*1）",榴莲多多薄脆披萨+金丝鸡排,,,,非会员,42,,,无需餐具,,145.88,45.37,89.10,0.00,0,0,4.26,0.00,3.50,【活动支出】店铺满减:6.00元+【活动支出】单品特价:71.10元+【活动支出】饿了么红包:12.00元+【活动支出】替用户承担配送费:3.5元,-,-,-,3.00,温州区域,温州直营,,,否,-,平台配送
圣比萨（春晖店）,SBS00004,温州,"8001280256091558342	",饿了么,平台外卖,已退款,2025-10-24 20:54:58,2025-10-24 20:54:58,2025-10-24 20:54:58,饿了么支付-在线支付,,即时单,2025-10-24 20:54:58,,未出餐,1,否,"招牌肉酱芝士焗饭（52.00*1）,上校鸡块（12.00*1）,餐盒（2.00*1）",招牌肉酱芝士焗饭+上校鸡块,,,,非会员,43,,,1份餐具,订单强制无效（商家主动取消已接订单、用户1分钟内取消),64.00,-5.39,37.20,24.80,0,0,1.94,0.00,4.50,【活动支出】单品特价:24.10元+【活动支出】单品特价:6.10元+【活动支出】饿了么红包:7.00元+【活动支出】替用户承担配送费:4.5元,-,-,-,2.00,温州区域,温州直营,,,否,-,平台配送
圣比萨（春晖店）,SBS00004,温州,"8042030255997618617	",饿了么,平台外卖,已完成,2025-10-24 21:04:03,2025-10-24 21:04:03,2025-10-24 21:04:03,饿了么支付-在线支付,,即时单,2025-10-24 21:04:03,11.05,自动出餐,1,否,"【随心拼】7英寸披萨(口味自选）[奥尔良+花果山（新品水果）]（54.00*1）,【粉丝福利】蛋挞一个（原味）（10.00*1）,酸奶多多流心卷边（7英寸）（4.90*1）,点击右上角❤️收藏得小吃[上校鸡块2个]（2.00*1）,餐盒（3.50*1）",双拼7寸【奥尔良口味7】+双拼7寸【花果山口味7】+蛋挞1个+酸奶多多流心卷边7+上校鸡块2个,,,,非会员,44,,,依据餐量提供餐具,,70.90,19.11,47.01,0.00,0,0,1.83,0.00,5.60,【活动支出】单品特价:28.10元+【活动支出】单品特价:9.01元+【活动支出】单品特价:1.90元+【活动支出】饿了么红包:8.00元+【活动支出】替用户承担配送费:5.6元,-,-,-,3.50,温州区域,温州直营,,,否,-,平台配送
圣比萨（春晖店）,SBS00004,温州,"8041110256101519658	",饿了么,平台外卖,已完成,2025-10-24 21:17:54,2025-10-24 21:17:54,2025-10-24 21:17:54,饿了么支付-在线支付,,即时单,2025-10-24 21:17:54,11.15,自动出餐,1,否,"酸奶多多流心卷边（7英寸）（4.90*1）,7英寸披萨一人食土豪餐[奥尔良鸡肉披萨7英寸+金丝鸡排+盐酥鸡小份+柠檬茶]（70.00*1）,餐盒（2.00*1）",酸奶多多流心卷边7+新奥尔良烤鸡肉披萨【7英寸(手拍)】+金丝鸡排+盐酥鸡米花小份+柠檬茶,,,,非会员,45,,,依据餐量提供餐具,,74.90,20.31,44.10,0.00,0,0,2.24,0.00,8.40,【活动支出】店铺满减:1.00元+【活动支出】单品特价:35.10元+【活动支出】饿了么红包:8.00元+【活动支出】替用户承担配送费:6.0元,-,-,-,2.00,温州区域,温州直营,,,否,-,平台配送
圣比萨（春晖店）,SBS00004,温州,"8083130256001547712	",饿了么,平台外卖,已完成,2025-10-24 21:18:46,2025-10-24 21:18:46,2025-10-24 21:18:46,饿了么支付-在线支付,,即时单,2025-10-24 21:18:46,11.03,自动出餐,1,否,"榴莲王披萨-7英寸(经典手拍)[{""name"":""规格"",""value"":""7英寸(经典手拍)""}]（52.00*1）,餐盒（1.00*1）",榴莲王披萨,,,,非会员,46,,,依据餐量提供餐具,,52.00,16.28,25.10,0.00,0,0,1.87,0.00,9.00,【活动支出】单品特价:18.10元+【活动支出】饿了么红包:7.00元+【活动支出】替用户承担配送费:6.0元,-,-,-,1.00,温州区域,温州直营,,,否,-,平台配送
圣比萨（春晖店）,SBS00004,温州,"8001280255906971097	",饿了么,平台外卖,已完成,2025-10-24 21:33:39,2025-10-24 21:33:39,2025-10-24 21:33:39,饿了么支付-在线支付,,即时单,2025-10-24 21:33:39,11.00,自动出餐,1,否,"招牌肉酱芝士焗饭（52.00*1）,上校鸡块（12.00*1）,餐盒（2.00*1）",招牌肉酱芝士焗饭+上校鸡块,,,,非会员,47,,,1份餐具,,64.00,18.59,38.20,0.00,0,0,1.86,0.00,6.60,【活动支出】单品特价:24.10元+【活动支出】单品特价:6.10元+【活动支出】饿了么红包:8.00元+【活动支出】饿了么红包:0.00元+【活动支出】替用户承担配送费:6.0元,-,-,-,2.00,温州区域,温州直营,,,否,-,平台配送
圣比萨（春晖店）,SBS00004,温州,"8028200256018462031	",饿了么,平台外卖,已完成,2025-10-24 21:52:54,2025-10-24 21:52:54,2025-10-24 21:52:55,饿了么支付-在线支付,,即时单,2025-10-24 21:52:54,11.18,自动出餐,1,否,"榴莲王披萨-9英寸(手拍)[{""name"":""规格"",""value"":""9英寸(手拍)""}]（92.00*1）,奶酪芝士卷边（9英寸）（6.90*1）",榴莲王披萨+奶酪芝士卷边9,,,,非会员,48,,,依据餐量提供餐具,,98.90,31.56,56.10,0.00,0,0,2.99,0.00,5.60,【活动支出】单品特价:56.10元+【活动支出】替用户承担配送费:5.6元,-,-,-,0.00,温州区域,温州直营,,,否,-,平台配送
圣比萨（春晖店）,SBS00004,温州,"8030460256023597493	",饿了么,平台外卖,已完成,2025-10-24 21:58:04,2025-10-24 21:58:04,2025-10-24 21:58:04,饿了么支付-在线支付,,即时单,2025-10-24 21:58:04,11.13,自动出餐,1,否,"7英寸披萨买一送一[奥尔良鸡肉披萨7英寸+缤纷水果披萨7英寸]（86.80*1）,奶酪芝士卷边（7英寸）（4.90*1）",新奥尔良烤鸡肉披萨【7英寸(手拍)】+缤纷水果披萨【7英寸(手拍)】+奶酪芝士卷边7,,,,非会员,49,,,依据餐量提供餐具,,91.70,31.10,49.40,0.00,0,0,2.95,0.00,5.60,【活动支出】单品特价:49.40元+【活动支出】替用户承担配送费:5.6元,-,-,-,0.00,温州区域,温州直营,,,否,-,平台配送
圣比萨（春晖店）,SBS00004,温州,"8036080256012821822	",饿了么,平台外卖,已完成,2025-10-24 22:06:36,2025-10-24 22:06:36,2025-10-24 22:06:36,饿了么支付-在线支付,,即时单,2025-10-24 22:06:36,11.02,自动出餐,1,否,"单人吃鸡套餐[奥尔良鸡肉披萨7英寸+上校鸡块4个+柠檬茶]（54.00*1）,餐盒（0.00*1）",新奥尔良烤鸡肉披萨【7英寸(手拍)】+上校鸡块+柠檬茶,,,,非会员,50,,,依据餐量提供餐具【到店自取，取餐码50】,,54.00,12.79,40.10,0.00,0,0,1.11,0.00,,【活动支出】单品特价:40.10元,-,-,-,0.00,温州区域,温州直营,,,否,-,平台配送
圣比萨（春晖店）,SBS00004,温州,"8033410256114315604	",饿了么,平台外卖,已完成,2025-10-24 22:11:06,2025-10-24 22:11:06,2025-10-24 22:11:06,饿了么支付-在线支付,,即时单,2025-10-24 22:11:06,11.18,自动出餐,1,否,"7英寸-奥尔良烤鸡肉披萨（42.00*1）,美式香骨鸡（8.90*1）,【粉丝福利】蛋挞一个（原味）（10.00*1）,点击右上角❤️收藏得小吃[上校鸡块2个]（2.00*1）,餐盒（4.50*1）",新奥尔良烤鸡肉披萨【7英寸(手拍)】+美式香骨鸡+蛋挞1个+上校鸡块2个,,,,非会员,51,,,3份餐具,,62.90,19.44,39.01,0.00,0,0,1.90,0.00,5.60,【活动支出】单品特价:20.10元+【活动支出】单品特价:9.01元+【活动支出】单品特价:1.90元+【活动支出】饿了么红包:8.00元+【活动支出】替用户承担配送费:5.6元,-,-,-,4.50,温州区域,温州直营,,,否,-,平台配送
圣比萨（龙港西城店）,SBS00018,温州,"8070170255746313540	",饿了么,平台外卖,已完成,2025-10-24 09:22:58,2025-10-24 09:22:58,2025-10-24 09:22:58,饿了么支付-在线支付,,预约单,2025-10-24 10:45:00,37.15,自动出餐,1,否,"任选披萨3选1+小吃4选1+饮料自选[培根披萨7英寸+柠檬茶+墨鱼丸3个]（31.90*1）,点击右上角❤️收藏得小吃[上校鸡块2个]（5.00*1）,餐盒（2.00*1）",培根披萨【7英寸(手拍)】+柠檬茶+深海墨鱼丸【3个】+上校鸡块2个,,,,非会员,1,,,1份餐具,,36.90,19.72,9.90,0.00,0,0,2.73,0.00,4.00,【活动支出】单品特价:4.90元+【活动支出】饿了么红包:5.00元+【活动支出】替用户承担配送费:4.0元,-,-,-,2.00,温州区域,温州直营,,,否,-,平台配送
圣比萨（龙港西城店）,SBS00018,温州,"8068526089576461781	",饿了么,平台外卖,已完成,2025-10-24 11:05:51,2025-10-24 11:05:51,2025-10-24 11:05:51,饿了么支付-在线支付,,即时单,2025-10-24 11:05:51,12.05,自动出餐,1,否,手握三选一-单点[奥尔良]（20.00*1）,奥尔良风情烤鸡肉一人食盒子披萨,,,,非会员,2,,,依据餐量提供餐具,,20.00,10.00,0.00,0.00,0,0,0.00,0.00,,【活动支出】拼团反圈活动:0.00元,-,-,-,0.00,温州区域,温州直营,,,否,-,平台配送
圣比萨（龙港西城店）,SBS00018,温州,"8020686089636247825	",饿了么,平台外卖,已完成,2025-10-24 11:28:11,2025-10-24 11:28:11,2025-10-24 11:28:11,饿了么支付-在线支付,,即时单,2025-10-24 11:28:11,12.23,自动出餐,1,否,"7英寸披萨买一送一[碳烤鸡肉培根7英寸+日系照烧鸡披萨7英寸]（86.80*1）,餐盒（2.00*1）",碳烤鸡肉培根披萨【7英寸(手拍)】+日系照烧鸡披萨【7英寸(手拍)】,,,,非会员,3,,,2份餐具,,86.80,27.09,50.90,0.00,0,0,3.66,0.00,3.50,【活动支出】店铺满减:1.00元+【活动支出】单品特价:41.90元+【活动支出】饿了么红包:8.00元+【活动支出】替用户承担配送费:3.5元,-,-,-,2.00,温州区域,温州直营,,,否,-,平台配送
圣比萨（龙港西城店）,SBS00018,温州,"8077350255738053893	",饿了么,平台外卖,已完成,2025-10-24 11:39:18,2025-10-24 11:39:18,2025-10-24 11:39:18,饿了么支付-在线支付,,即时单,2025-10-24 11:39:18,12.17,自动出餐,1,否,"【随心❤️拼】7英寸双拼披萨(口味自选）[水果+培根鸡肉]（45.90*1）,餐盒（2.00*1）",双拼7寸【缤纷水果口味7】+双拼7寸【碳烤鸡肉培根口味7】,,,,非会员,4,,,2份餐具,,45.90,15.76,24.00,0.00,0,0,2.19,0.00,3.50,【活动支出】单品特价:19.00元+【活动支出】饿了么红包:5.00元+【活动支出】替用户承担配送费:3.5元,-,-,-,2.00,温州区域,温州直营,,,否,-,平台配送
圣比萨（龙港西城店）,SBS00018,温州,"8067826089666140569	",饿了么,平台外卖,已完成,2025-10-24 12:11:23,2025-10-24 12:11:23,2025-10-24 12:11:23,饿了么支付-在线支付,,即时单,2025-10-24 12:11:23,12.07,自动出餐,1,否,"圣比招牌披萨-7英寸(经典手拍)[{""name"":""规格"",""value"":""7英寸(经典手拍)""}]（45.00*1）,餐盒（2.00*1）",大圣招牌大满贯披萨,,,,非会员,5,,,4份餐具,,45.00,19.34,19.10,0.00,0,0,2.61,0.00,3.50,【活动支出】单品特价:11.10元+【活动支出】饿了么红包:8.00元+【活动支出】替用户承担配送费:3.5元,-,-,-,2.00,温州区域,温州直营,,,否,-,平台配送
圣比萨（龙港西城店）,SBS00018,温州,"8077150255938656708	",饿了么,平台外卖,已完成,2025-10-24 15:54:23,2025-10-24 15:54:23,2025-10-24 15:54:23,饿了么支付-在线支付,,即时单,2025-10-24 15:54:23,10.03,自动出餐,1,否,"【任选5件套】披萨意面我全都要[圣比招牌披萨7英寸+招牌肉酱意面+明星小食桶C+港式奶茶+港式奶茶]（59.90*1）,餐盒（2.00*1）",大圣招牌大满贯披萨【7英寸(手拍)】+招牌肉酱意面+明星小食桶C+港式奶茶+港式奶茶,,,,非会员,6,,,依据餐量提供餐具,,59.90,32.15,17.00,0.00,0,0,4.40,0.00,3.50,【活动支出】店铺满减:6.00元+【活动支出】粉丝群:2.00元+【活动支出】饿了么红包:9.00元+【活动支出】替用户承担配送费:3.5元,-,-,-,2.00,温州区域,温州直营,,,否,-,平台配送
圣比萨（龙港西城店）,SBS00018,温州,"8066816089736950257	",饿了么,平台外卖,已完成,2025-10-24 16:01:06,2025-10-24 16:01:06,2025-10-24 16:01:07,饿了么支付-在线支付,,即时单,2025-10-24 16:01:06,7.32,手动出餐,1,否,"任选披萨3选1+小吃4选1+饮料自选[全芝士披萨7英寸+小可乐+墨鱼丸3个]（31.90*1）,餐盒（2.00*1）",金牌芝士披萨【7英寸(手拍)】+小可乐+深海墨鱼丸【3个】,,,,非会员,7,,,可乐要冰噢，有冰块的话 带杯冰块感谢🙏🏻 / 2份餐具,,31.90,16.65,9.00,0.00,0,0,2.30,0.00,3.50,【活动支出】 商家自营销加码:2.00元+【活动支出】下单返红包:2.00元+【活动支出】饿了么红包:5.00元+【活动支出】替用户承担配送费:3.5元,-,-,-,2.00,温州区域,温州直营,,,否,-,平台配送
圣比萨（龙港西城店）,SBS00018,温州,"8020150255857977668	",饿了么,平台外卖,已完成,2025-10-24 16:11:49,2025-10-24 16:11:49,2025-10-24 16:11:49,饿了么支付-在线支付,,即时单,2025-10-24 16:11:49,7.02,手动出餐,1,否,"7英寸披萨买一送一[圣比招牌披萨7英寸+缤纷水果披萨7英寸]（86.80*1）,点击右上角❤️收藏得小吃[上校鸡块2个]（5.00*1）,餐盒（2.00*1）",大圣招牌大满贯披萨【7英寸(手拍)】+缤纷水果披萨【7英寸(手拍)】+上校鸡块2个,,,,非会员,8,,,依据餐量提供餐具,,91.80,24.49,58.80,0.00,0,0,3.36,0.00,3.50,【活动支出】店铺满减:1.00元+【活动支出】单品特价:41.90元+【活动支出】 商家自营销加码:4.00元+【活动支出】粉丝群:2.00元+【活动支出】饿了么红包:5.00元+【活动支出】精准营销:4.90元+【活动支出】替用户承担配送费:3.5元,-,-,-,2.00,温州区域,温州直营,,,否,-,平台配送
圣比萨（龙港西城店）,SBS00018,温州,"8077546089763066318	",饿了么,平台外卖,已完成,2025-10-24 16:27:48,2025-10-24 16:27:48,2025-10-24 16:27:48,饿了么支付-在线支付,,即时单,2025-10-24 16:27:48,7.57,手动出餐,1,否,"榴莲王披萨-7英寸(经典手拍)[{""name"":""规格"",""value"":""7英寸(经典手拍)""}]（52.00*1）,餐盒（2.00*1）",榴莲王披萨,,,,非会员,9,,,2份餐具,,52.00,18.44,26.10,0.00,0,0,2.61,0.00,5.00,【活动支出】单品特价:18.10元+【活动支出】 商家自营销加码:0.00元+【活动支出】饿了么红包:8.00元+【活动支出】替用户承担配送费:5.0元,-,-,-,2.00,温州区域,温州直营,,,否,-,平台配送
圣比萨（龙港西城店）,SBS00018,温州,"8040000255760953709	",饿了么,平台外卖,已完成,2025-10-24 16:36:38,2025-10-24 16:36:38,2025-10-24 16:36:39,饿了么支付-在线支付,,即时单,2025-10-24 16:36:38,10.08,自动出餐,1,否,"星星炸鸡披萨-7英寸(手拍)[{""name"":""规格"",""value"":""7英寸(手拍)""}]（29.90*1）,点击右上角❤️收藏得小吃[上校鸡块2个]（5.00*1）,餐盒（2.00*1）",星星炸鸡披萨+上校鸡块2个,,,,非会员,10,,,依据餐量提供餐具,,34.90,16.74,11.90,0.00,0,0,2.31,0.00,4.00,【活动支出】 商家自营销加码:2.00元+【活动支出】饿了么红包:5.00元+【活动支出】精准营销:4.90元+【活动支出】替用户承担配送费:4.0元,-,-,-,2.00,温州区域,温州直营,,,否,-,平台配送
圣比萨（龙港西城店）,SBS00018,温州,"8029400255964172784	",饿了么,平台外卖,已完成,2025-10-24 17:09:19,2025-10-24 17:09:19,2025-10-24 17:09:19,饿了么支付-在线支付,,即时单,2025-10-24 17:09:19,9.27,手动出餐,1,否,"【任选5件套】披萨意面我全都要[缤纷水果披萨7英寸+招牌肉酱意面+明星小食桶B+柠檬茶+柠檬茶]（59.90*1）,餐盒（2.00*1）",缤纷水果披萨【7英寸(手拍)】+招牌肉酱意面+明星小食桶B+柠檬茶+柠檬茶,,,,非会员,11,,,依据餐量提供餐具,,59.90,33.94,15.00,0.00,0,0,4.61,0.00,3.50,【活动支出】店铺满减:6.00元+【活动支出】饿了么红包:9.00元+【活动支出】替用户承担配送费:3.5元,-,-,-,2.00,温州区域,温州直营,,,否,-,平台配送
圣比萨（龙港西城店）,SBS00018,温州,"8003200255773176101	",饿了么,平台外卖,已完成,2025-10-24 17:17:44,2025-10-24 17:17:44,2025-10-24 17:17:44,饿了么支付-在线支付,,即时单,2025-10-24 17:17:44,7.22,手动出餐,1,否,新奥尔良烤鸡肉披萨7寸-单点（22.00*1）,新奥尔良烤鸡肉披萨【7英寸(手拍)】,,,,非会员,12,,,依据餐量提供餐具,,22.00,12.00,0.00,0.00,0,0,0.00,0.00,,【活动支出】拼团反圈活动:0.00元,-,-,-,0.00,温州区域,温州直营,,,否,-,平台配送
圣比萨（龙港西城店）,SBS00018,温州,"8027886089772360127	",饿了么,平台外卖,已完成,2025-10-24 17:35:04,2025-10-24 17:35:04,2025-10-24 17:35:05,饿了么支付-在线支付,,即时单,2025-10-24 17:35:04,12.05,自动出餐,1,否,"披萨随心配（60.40*1）,可乐[常温]（5.00*1）,点击右上角❤️收藏得小吃[上校鸡块2个]（5.00*1）,餐盒（2.00*1）",新奥尔良烤鸡肉披萨(7英寸(手拍))+上校鸡块2个+深海墨鱼丸2个+盐酥鸡米花小份+可乐+上校鸡块2个,,,,非会员,13,,,披萨不要洋葱 青豆还有青椒 / 依据餐量提供餐具,,70.40,20.61,42.40,0.00,0,0,2.84,0.00,3.50,【活动支出】店铺满减:1.00元+【活动支出】单品特价:28.50元+【活动支出】单品特价:4.90元+【活动支出】饿了么红包:8.00元+【活动支出】替用户承担配送费:3.5元,-,-,-,2.00,温州区域,温州直营,,,否,-,平台配送
圣比萨（龙港西城店）,SBS00018,温州,"8041616089776293229	",饿了么,平台外卖,已完成,2025-10-24 17:44:55,2025-10-24 17:44:55,2025-10-24 17:44:56,饿了么支付-在线支付,,即时单,2025-10-24 17:44:55,12.03,自动出餐,1,否,新奥尔良烤鸡肉披萨7寸-单点（22.00*1）,新奥尔良烤鸡肉披萨【7英寸(手拍)】,,,,非会员,14,,,依据餐量提供餐具,,22.00,12.00,0.00,0.00,0,0,0.00,0.00,,【活动支出】拼团反圈活动:0.00元,-,-,-,0.00,温州区域,温州直营,,,否,-,平台配送
圣比萨（龙港西城店）,SBS00018,温州,"8048090255824114000	",饿了么,平台外卖,已完成,2025-10-24 18:24:55,2025-10-24 18:24:55,2025-10-24 18:24:55,饿了么支付-在线支付,,即时单,2025-10-24 18:24:55,3.52,手动出餐,1,否,"番茄牛肉意面（52.00*1）,餐盒（2.00*1）",番茄牛肉意面,,,,非会员,15,,,依据餐量提供餐具,,52.00,11.87,33.10,0.00,0,0,1.88,0.00,6.20,【活动支出】单品特价:26.10元+【活动支出】超级会员专享红包:5.00元+【活动支出】 商家自营销加码:2.00元+【活动支出】替用户承担配送费:6.0元,-,-,-,2.00,温州区域,温州直营,,,否,-,平台配送
圣比萨（龙港西城店）,SBS00018,温州,"8026636089839030625	",饿了么,平台外卖,已完成,2025-10-24 19:09:27,2025-10-24 19:09:27,2025-10-24 19:09:27,饿了么支付-在线支付,,即时单,2025-10-24 19:09:27,7.62,手动出餐,1,否,"新奥尔良烤鸡肉披萨-9英寸(手拍)[{""name"":""规格"",""value"":""9英寸(手拍)""}]（39.90*1）,餐盒（2.00*1）",新奥尔良烤鸡肉披萨,,,,非会员,16,,,2份餐具,,39.90,23.51,8.00,0.00,0,0,3.24,0.00,3.50,【活动支出】店铺满减:1.00元+【活动支出】粉丝群:2.00元+【活动支出】饿了么红包:5.00元+【活动支出】替用户承担配送费:3.5元,-,-,-,2.00,温州区域,温州直营,,,否,-,平台配送
圣比萨（龙港西城店）,SBS00018,温州,"8000666089852569983	",饿了么,平台外卖,已完成,2025-10-24 19:33:45,2025-10-24 19:33:45,2025-10-24 19:33:45,饿了么支付-在线支付,,即时单,2025-10-24 19:33:45,5.97,手动出餐,1,否,新奥尔良烤鸡肉披萨7寸-单点（22.00*1）,新奥尔良烤鸡肉披萨【7英寸(手拍)】,,,,非会员,17,,,依据餐量提供餐具,,22.00,12.00,0.00,0.00,0,0,0.00,0.00,,【活动支出】拼团反圈活动:0.00元,-,-,-,0.00,温州区域,温州直营,,,否,-,平台配送
圣比萨（龙港西城店）,SBS00018,温州,"8037040255971149230	",饿了么,平台外卖,已完成,2025-10-24 20:02:57,2025-10-24 20:02:57,2025-10-24 20:02:57,饿了么支付-在线支付,,即时单,2025-10-24 20:02:57,7.18,手动出餐,1,否,"【随心❤️拼】7英寸双拼披萨(口味自选）[水果+水果]（45.90*1）,餐盒（2.00*1）",双拼7寸【缤纷水果口味7】+双拼7寸【缤纷水果口味7】,,,,非会员,18,,,依据餐量提供餐具,,45.90,14.57,26.00,0.00,0,0,1.98,0.00,3.50,【活动支出】单品特价:19.00元+【活动支出】饿了么红包:7.00元+【活动支出】替用户承担配送费:3.5元,-,-,-,2.00,温州区域,温州直营,,,否,-,平台配送
圣比萨（龙港西城店）,SBS00018,温州,"8020050255975035220	",饿了么,平台外卖,已完成,2025-10-24 20:03:26,2025-10-24 20:03:26,2025-10-24 20:03:26,饿了么支付-在线支付,,即时单,2025-10-24 20:03:26,10.20,自动出餐,1,否,"明星小食桶B（36.00*1）,点击右上角❤️收藏得小吃[上校鸡块2个]（5.00*1）,【随心❤️拼】7英寸双拼披萨(口味自选）[奥尔良+培根鸡肉]（45.90*1）,餐盒（4.00*1）",明星小食桶B+上校鸡块2个+双拼7寸【奥尔良口味7】+双拼7寸【碳烤鸡肉培根口味7】,,,,非会员,19,,,依据餐量提供餐具,,86.90,25.30,55.00,0.00,0,0,3.45,0.00,3.50,【活动支出】店铺满减:1.00元+【活动支出】单品特价:16.10元+【活动支出】单品特价:4.90元+【活动支出】单品特价:19.00元+【活动支出】下单返红包:2.00元+【活动支出】饿了么红包:12.00元+【活动支出】替用户承担配送费:3.5元,-,-,-,4.00,温州区域,温州直营,,,否,-,平台配送
圣比萨（龙港西城店）,SBS00018,温州,"8003606089850347889	",饿了么,平台外卖,已完成,2025-10-24 20:23:57,2025-10-24 20:23:57,2025-10-24 20:23:58,饿了么支付-在线支付,,即时单,2025-10-24 20:23:57,8.20,手动出餐,1,否,"【随心❤️拼】9英寸双拼披萨(口味自选）[奥尔良+水果]（80.00*1）,餐盒（2.00*1）",双拼9寸【奥尔良口味9】+双拼9寸【缤纷水果口味9】,,,,非会员,20,,,无需餐具,,80.00,27.09,44.10,0.00,0,0,3.66,0.00,3.50,【活动支出】店铺满减:1.00元+【活动支出】单品特价:38.10元+【活动支出】饿了么红包:5.00元+【活动支出】替用户承担配送费:3.5元,-,-,-,2.00,温州区域,温州直营,,,否,-,平台配送
圣比萨（龙港西城店）,SBS00018,温州,"8061200256000254256	",饿了么,平台外卖,已完成,2025-10-24 20:52:17,2025-10-24 20:52:17,2025-10-24 20:52:17,饿了么支付-在线支付,,即时单,2025-10-24 20:52:17,10.23,自动出餐,1,否,新奥尔良烤鸡肉披萨7寸-拼团（20.60*1）,新奥尔良烤鸡肉披萨【7英寸(手拍)】,,,,非会员,21,,,依据餐量提供餐具,,20.60,12.00,0.00,0.00,0,0,0.00,0.00,,【活动支出】拼团反圈活动:0.00元,-,-,-,0.00,温州区域,温州直营,,,否,-,平台配送
圣比萨（龙港西城店）,SBS00018,温州,"8097110255901546995	",饿了么,平台外卖,已完成,2025-10-24 21:24:23,2025-10-24 21:24:23,2025-10-24 21:24:23,饿了么支付-在线支付,,即时单,2025-10-24 21:24:23,10.02,自动出餐,1,否,"【任选5件套】披萨意面我全都要[碳烤鸡肉培根7英寸+招牌肉酱意面+明星小食桶B+小可乐+小可乐]（59.90*1）,餐盒（2.00*1）",碳烤鸡肉培根披萨【7英寸(手拍)】+招牌肉酱意面+明星小食桶B+小可乐+小可乐,,,,非会员,22,,,依据餐量提供餐具,,59.90,29.57,20.00,0.00,0,0,4.08,0.00,6.10,【活动支出】店铺满减:6.00元+【活动支出】粉丝群:2.00元+【活动支出】饿了么红包:12.00元+【活动支出】替用户承担配送费:6.0元,-,-,-,2.00,温州区域,温州直营,,,否,-,平台配送
圣比萨（龙港西城店）,SBS00018,温州,"8095420255912852939	",饿了么,平台外卖,已完成,2025-10-24 21:50:09,2025-10-24 21:50:09,2025-10-24 21:50:09,饿了么支付-在线支付,,即时单,2025-10-24 21:50:09,10.10,自动出餐,1,否,手握三选一-单点[奥尔良]（20.00*1）,奥尔良风情烤鸡肉一人食盒子披萨,,,,非会员,23,,,依据餐量提供餐具,,20.00,10.00,0.00,0.00,0,0,0.00,0.00,,【活动支出】拼团反圈活动:0.00元,-,-,-,0.00,温州区域,温州直营,,,否,-,平台配送
圣比萨（龙港西城店）,SBS00018,温州,"8029796089922967983	",饿了么,平台外卖,已完成,2025-10-24 22:09:59,2025-10-24 22:09:59,2025-10-24 22:10:00,饿了么支付-在线支付,,即时单,2025-10-24 22:09:59,10.18,自动出餐,1,否,"【任选5件套】披萨意面我全都要[圣比招牌披萨7英寸+招牌肉酱意面+明星小食桶C+港式奶茶+小可乐]（59.90*1）,餐盒（2.00*1）",大圣招牌大满贯披萨【7英寸(手拍)】+招牌肉酱意面+明星小食桶C+港式奶茶+小可乐,,,,非会员,24,,,依据餐量提供餐具,,59.90,34.34,14.00,0.00,0,0,4.71,0.00,5.60,【活动支出】店铺满减:6.00元+【活动支出】饿了么红包:8.00元+【活动支出】替用户承担配送费:5.6元,-,-,-,2.00,温州区域,温州直营,,,否,-,平台配送
圣比萨（桥下恒达广场店）,SBM00046,温州,"8050470255722305851	",饿了么,平台外卖,已完成,2025-10-24 11:26:02,2025-10-24 11:26:02,2025-10-24 11:26:03,饿了么支付-在线支付,,即时单,2025-10-24 11:26:02,12.40,手动出餐,1,否,"招牌肉酱意面（33.00*1）,餐盒（2.00*1）",招牌肉酱意面,,,,非会员,1,,,依据餐量提供餐具,,33.00,19.34,7.10,0.00,0,0,2.61,0.00,3.90,【活动支出】单品特价:0.10元+【活动支出】饿了么红包:7.00元+【活动支出】替用户承担配送费:3.9元,-,-,-,2.00,温州区域,温州加盟,,,否,-,平台配送
圣比萨（桥下恒达广场店）,SBM00046,温州,"8016816089649280302	",饿了么,平台外卖,已完成,2025-10-24 11:41:09,2025-10-24 11:41:09,2025-10-24 11:41:09,饿了么支付-在线支付,,即时单,2025-10-24 11:41:09,11.62,手动出餐,1,否,"圣比招牌披萨-7英寸(经典手拍)[{""name"":""规格"",""value"":""7英寸(经典手拍)""}]（78.00*1）,餐盒（2.00*1）",大圣招牌大满贯披萨,,,,非会员,2,,,自取 / 依据餐量提供餐具,,78.00,19.34,52.10,0.00,0,0,2.61,0.00,3.90,【活动支出】单品特价:42.10元+【活动支出】订单集点返红包:3.00元+【活动支出】饿了么红包:7.00元+【活动支出】替用户承担配送费:3.9元,-,-,-,2.00,温州区域,温州加盟,,,否,-,平台配送
圣比萨（桥下恒达广场店）,SBM00046,温州,"8089100255736187146	",饿了么,平台外卖,已完成,2025-10-24 11:41:59,2025-10-24 11:41:59,2025-10-24 11:41:59,饿了么支付-在线支付,,即时单,2025-10-24 11:41:59,14.92,手动出餐,1,否,"缤纷水果披萨-7英寸(手拍)[{""name"":""规格"",""value"":""7英寸(手拍)""}]（68.00*1）,餐盒（2.00*1）",缤纷水果披萨,,,,非会员,3,,,1份餐具,,68.00,18.44,43.10,0.00,0,0,2.51,0.00,3.90,【活动支出】单品特价:35.10元+【活动支出】粉丝群:1.00元+【活动支出】饿了么红包:7.00元+【活动支出】替用户承担配送费:3.9元,-,-,-,2.00,温州区域,温州加盟,,,否,-,平台配送
圣比萨（桥下恒达广场店）,SBM00046,温州,"8003260255770142016	",饿了么,平台外卖,已完成,2025-10-24 12:16:45,2025-10-24 12:16:45,2025-10-24 12:16:45,饿了么支付-在线支付,,即时单,2025-10-24 12:16:45,11.63,手动出餐,1,否,7寸日系照烧鸡披萨-单点（22.00*1）,日系照烧鸡披萨【7英寸(手拍)】,,,,非会员,4,,,依据餐量提供餐具,,22.00,12.00,0.00,0.00,0,0,0.00,0.00,,【活动支出】拼团反圈活动:0.00元,-,-,-,0.00,温州区域,温州加盟,,,否,-,平台配送
圣比萨（桥下恒达广场店）,SBM00046,温州,"8022996089687722484	",饿了么,平台外卖,已完成,2025-10-24 13:23:16,2025-10-24 13:23:16,2025-10-24 13:23:16,饿了么支付-在线支付,,即时单,2025-10-24 13:23:16,14.47,手动出餐,1,否,7寸日系照烧鸡披萨-单点（22.00*1）,日系照烧鸡披萨【7英寸(手拍)】,,,,非会员,5,,,依据餐量提供餐具,,22.00,12.00,0.00,0.00,0,0,0.00,0.00,,【活动支出】拼团反圈活动:0.00元,-,-,-,0.00,温州区域,温州加盟,,,否,-,平台配送
圣比萨（桥下恒达广场店）,SBM00046,温州,"8061846089712376145	",饿了么,平台外卖,已完成,2025-10-24 16:09:04,2025-10-24 16:09:04,2025-10-24 16:09:04,饿了么支付-在线支付,,即时单,2025-10-24 16:09:04,19.23,手动出餐,1,否,"芝士就是力量（没有点披萨或焗饭，勿加）（10.00*1）,圣比招牌披萨-9英寸(经典手拍)[{""name"":""规格"",""value"":""9英寸(经典手拍)""}]（98.00*1）,超值全翅桶（78.00*1）,餐盒（5.00*1）",芝士就是力量+大圣招牌大满贯披萨+全翅桶,,,,非会员,6,,,依据餐量提供餐具,,186.00,72.60,94.20,0.00,0,0,9.85,0.00,3.90,【活动支出】店铺满减:6.00元+【活动支出】单品特价:3.00元+【活动支出】单品特价:45.10元+【活动支出】单品特价:28.10元+【活动支出】饿了么红包:12.00元+【活动支出】替用户承担配送费:3.9元,-,-,-,5.00,温州区域,温州加盟,,,否,-,平台配送
圣比萨（桥下恒达广场店）,SBM00046,温州,"8099180255848075665	",饿了么,平台外卖,已完成,2025-10-24 16:16:18,2025-10-24 16:16:18,2025-10-24 16:16:18,饿了么支付-在线支付,,即时单,2025-10-24 16:16:18,15.77,手动出餐,1,否,"缤纷水果披萨-7英寸(手拍)[{""name"":""规格"",""value"":""7英寸(手拍)""}]（68.00*1）,餐盒（2.00*1）",缤纷水果披萨,,,,非会员,7,,,要番茄酱 / 2份餐具,,68.00,18.44,43.10,0.00,0,0,2.51,0.00,3.90,【活动支出】单品特价:35.10元+【活动支出】 商家自营销加码:2.00元+【活动支出】粉丝群:1.00元+【活动支出】饿了么红包:5.00元+【活动支出】替用户承担配送费:3.9元,-,-,-,2.00,温州区域,温州加盟,,,否,-,平台配送
圣比萨（桥下恒达广场店）,SBM00046,温州,"8053090255876506996	",饿了么,平台外卖,已完成,2025-10-24 16:53:52,2025-10-24 16:53:52,2025-10-24 16:53:53,饿了么支付-在线支付,,即时单,2025-10-24 16:53:52,12.55,手动出餐,1,否,"7英寸披萨一人食土豪餐[碳烤鸡肉培根7英寸+金丝鸡排+深海墨鱼丸3个+小可乐]（78.00*1）,餐盒（2.00*1）",碳烤鸡肉培根披萨【7英寸(手拍)】+金丝鸡排+深海墨鱼丸3个+小可乐,,,,非会员,8,,,依据餐量提供餐具,,78.00,33.94,33.10,0.00,0,0,4.61,0.00,3.90,【活动支出】店铺满减:1.00元+【活动支出】单品特价:32.10元+【活动支出】替用户承担配送费:3.9元,-,-,-,2.00,温州区域,温州加盟,,,否,-,平台配送
圣比萨（桥下恒达广场店）,SBM00046,温州,"8097826089770898861	",饿了么,平台外卖,已完成,2025-10-24 17:30:58,2025-10-24 17:30:58,2025-10-24 17:30:59,饿了么支付-在线支付,,即时单,2025-10-24 17:30:58,10.47,扫码出餐,1,否,"榴莲王披萨-9英寸(经典手拍)[{""name"":""规格"",""value"":""9英寸(经典手拍)""}]（92.00*1）,餐盒（1.00*1）",榴莲王披萨,,,,非会员,9,,,2份餐具,,92.00,34.84,45.10,0.00,0,0,4.71,0.00,3.90,【活动支出】店铺满减:1.00元+【活动支出】单品特价:35.10元+【活动支出】饿了么红包:9.00元+【活动支出】替用户承担配送费:3.9元,-,-,-,1.00,温州区域,温州加盟,,,否,-,平台配送
圣比萨（桥下恒达广场店）,SBM00046,温州,"8073996089796058393	",饿了么,平台外卖,已完成,2025-10-24 17:47:12,2025-10-24 17:47:12,2025-10-24 17:47:12,饿了么支付-在线支付,,即时单,2025-10-24 17:47:12,10.50,手动出餐,1,否,"披萨随心配（79.90*1）,餐盒（2.00*1）",蛋挞1个+上校鸡块2个+盐酥鸡米花小份+缤纷水果披萨(7英寸(手拍)),,,,非会员,10,,,"不要打电话,不要打电话,放门口就可以 / 依据餐量提供餐具",,79.90,17.48,55.40,0.00,0,0,2.47,0.00,3.90,【活动支出】店铺满减:1.00元+【活动支出】单品特价:42.40元+【活动支出】订单集点返红包:3.00元+【活动支出】饿了么红包:9.00元+【活动支出】替用户承担配送费:3.9元,-,-,-,2.00,温州区域,温州加盟,,,否,-,平台配送
圣比萨（桥下恒达广场店）,SBM00046,温州,"8022340255798420764	",饿了么,平台外卖,已完成,2025-10-24 17:48:20,2025-10-24 17:48:20,2025-10-24 17:48:21,饿了么支付-在线支付,,即时单,2025-10-24 17:48:20,13.97,手动出餐,1,否,"圣比招牌披萨-7英寸(经典手拍)[{""name"":""规格"",""value"":""7英寸(经典手拍)""}]（78.00*1）,深海墨鱼丸-3个[{""name"":""规格"",""value"":""3个""}]（10.60*1）,招牌肉酱意面（33.00*1）,餐盒（5.00*1）",大圣招牌大满贯披萨+深海墨鱼丸+招牌肉酱意面,,,,非会员,11,,,2份餐具,,121.60,44.49,65.90,0.00,0,0,6.06,0.00,3.90,【活动支出】店铺满减:6.00元+【活动支出】单品特价:42.10元+【活动支出】单品特价:4.70元+【活动支出】单品特价:0.10元+【活动支出】精准营销:1.00元+【活动支出】饿了么红包:12.00元+【活动支出】替用户承担配送费:3.9元,-,-,-,5.00,温州区域,温州加盟,,,否,-,平台配送
圣比萨（桥下恒达广场店）,SBM00046,温州,"8057320255920266615	",饿了么,平台外卖,已完成,2025-10-24 18:27:17,2025-10-24 18:27:17,2025-10-24 18:27:17,饿了么支付-在线支付,,即时单,2025-10-24 18:27:17,19.38,手动出餐,1,否,"披萨随心配（79.90*1）,餐盒（2.00*1）",地道肠1根+深海墨鱼丸2个+盐酥鸡米花小份+新奥尔良烤鸡肉披萨(7英寸(手拍)),,,,非会员,12,,,1份餐具,,79.90,18.67,52.40,0.00,0,0,2.78,0.00,4.90,【活动支出】店铺满减:1.00元+【活动支出】单品特价:42.40元+【活动支出】饿了么红包:9.00元+【活动支出】替用户承担配送费:4.9元,-,-,-,2.00,温州区域,温州加盟,,,否,-,平台配送
圣比萨（桥下恒达广场店）,SBM00046,温州,"8078666089810918800	",饿了么,平台外卖,已完成,2025-10-24 18:28:25,2025-10-24 18:28:25,2025-10-24 18:28:25,饿了么支付-在线支付,,即时单,2025-10-24 18:28:25,20.25,手动出餐,1,否,7寸日系照烧鸡披萨-单点（22.00*1）,日系照烧鸡披萨【7英寸(手拍)】,,,,非会员,13,,,依据餐量提供餐具,,22.00,12.00,0.00,0.00,0,0,0.00,0.00,,【活动支出】拼团反圈活动:0.00元,-,-,-,0.00,温州区域,温州加盟,,,否,-,平台配送
圣比萨（桥下恒达广场店）,SBM00046,温州,"8042140255940103433	",饿了么,平台外卖,已完成,2025-10-24 18:46:06,2025-10-24 18:46:06,2025-10-24 18:46:07,饿了么支付-在线支付,,即时单,2025-10-24 18:46:06,16.22,手动出餐,1,否,"披萨随心配（79.90*1）,餐盒（2.00*1）",蛋挞1个+地道肠1根+盐酥鸡米花小份+新奥尔良烤鸡肉披萨(7英寸(手拍)),,,,非会员,14,,,到了直接放门口谢谢 / 依据餐量提供餐具,,79.90,19.57,52.40,0.00,0,0,2.78,0.00,3.90,【活动支出】店铺满减:1.00元+【活动支出】单品特价:42.40元+【活动支出】饿了么红包:9.00元+【活动支出】替用户承担配送费:3.9元,-,-,-,2.00,温州区域,温州加盟,,,否,-,平台配送
圣比萨（桥下恒达广场店）,SBM00046,温州,"8086110255943893454	",饿了么,平台外卖,已完成,2025-10-24 18:50:16,2025-10-24 18:50:16,2025-10-24 18:50:17,饿了么支付-在线支付,,即时单,2025-10-24 18:50:16,13.08,手动出餐,1,否,"番茄牛肉意面（29.00*1）,深海墨鱼丸-3个[{""name"":""规格"",""value"":""3个""}]（10.60*1）,金丝鸡排（10.88*1）,餐盒（4.00*1）",番茄牛肉意面+深海墨鱼丸+金丝鸡排,,,,非会员,15,,,2份餐具,,50.48,26.10,17.68,0.00,0,0,3.55,0.00,3.90,【活动支出】店铺满减:1.00元+【活动支出】单品特价:4.70元+【活动支出】单品特价:2.98元+【活动支出】饿了么红包:9.00元+【活动支出】替用户承担配送费:3.9元,-,-,-,4.00,温州区域,温州加盟,,,否,-,平台配送
圣比萨（桥下恒达广场店）,SBM00046,温州,"8039976089817001300	",饿了么,平台外卖,已完成,2025-10-24 19:10:26,2025-10-24 19:10:26,2025-10-24 19:10:26,饿了么支付-在线支付,,即时单,2025-10-24 19:10:26,10.52,手动出餐,1,否,"披萨随心配（79.90*1）,餐盒（2.00*1）",地道肠1根+深海墨鱼丸2个+盐酥鸡米花小份+新奥尔良烤鸡肉披萨(7英寸(手拍)),,,,非会员,16,,,依据餐量提供餐具,,79.90,18.67,52.40,0.00,0,0,2.78,0.00,4.90,【活动支出】店铺满减:1.00元+【活动支出】单品特价:42.40元+【活动支出】饿了么红包:9.00元+【活动支出】替用户承担配送费:4.9元,-,-,-,2.00,温州区域,温州加盟,,,否,-,平台配送
圣比萨（蟠凤店）,SBM00023,温州,"8065210255655464410	",饿了么,平台外卖,已完成,2025-10-24 09:59:06,2025-10-24 09:59:06,2025-10-24 09:59:06,饿了么支付-在线支付,,预约单,2025-10-24 11:20:00,35.97,自动出餐,1,否,"任选披萨8选1+小吃6选1+饮料[圣比至尊披萨7英寸+墨鱼丸3个+可乐（听装）+冰]（65.00*1）,餐盒（2.00*1）",大圣招牌大满贯披萨【7英寸(手拍)】+深海墨鱼丸3个,,,,非会员,1,,,依据餐量提供餐具,,65.00,17.33,41.10,0.00,0,0,1.72,0.00,5.60,【活动支出】单品特价:33.10元+【活动支出】精准营销:1.00元+【活动支出】饿了么红包:7.00元+【活动支出】替用户承担配送费:5.6元,-,-,-,2.00,温州区域,温州加盟,,,否,-,平台配送
圣比萨（蟠凤店）,SBM00023,温州,"8001796089565834677	",饿了么,平台外卖,已完成,2025-10-24 10:30:56,2025-10-24 10:30:56,2025-10-24 10:30:56,饿了么支付-在线支付,,即时单,2025-10-24 10:30:56,10.23,自动出餐,1,否,"9英寸披萨随❤双拼[奥尔良+奥尔良]（80.00*1）,经典薯条（18.00*1）,餐盒（2.00*1）",双拼9寸【奥尔良口味9】+双拼9寸【奥尔良口味9】+经典薯条,,,,非会员,2,,,1份餐具,,98.00,33.27,54.60,0.00,0,0,3.18,0.00,3.50,【活动支出】店铺满减:1.00元+【活动支出】单品特价:39.50元+【活动支出】单品特价:9.10元+【活动支出】饿了么红包:5.00元+【活动支出】替用户承担配送费:3.5元,-,-,-,2.00,温州区域,温州加盟,,,否,-,平台配送
圣比萨（蟠凤店）,SBM00023,温州,"8084826089554074106	",饿了么,平台外卖,已完成,2025-10-24 10:31:22,2025-10-24 10:31:22,2025-10-24 10:31:22,饿了么支付-在线支付,,即时单,2025-10-24 10:31:22,10.13,自动出餐,1,否,"招牌肉酱芝士焗饭（52.00*1）,奥尔良烤鸡肉披萨-7英寸（经典手拍）[{""name"":""规格"",""value"":""7英寸（经典手拍）""}]（45.00*1）,餐盒（2.00*1）",招牌肉酱芝士焗饭+新奥尔良烤鸡肉披萨,,,,非会员,3,,,1份餐具,,97.00,30.54,54.60,0.00,0,0,3.11,0.00,6.20,【活动支出】店铺满减:1.00元+【活动支出】单品特价:23.50元+【活动支出】单品特价:21.10元+【活动支出】饿了么红包:9.00元+【活动支出】替用户承担配送费:6.0元,-,-,-,2.00,温州区域,温州加盟,,,否,-,平台配送
圣比萨（蟠凤店）,SBM00023,温州,"8072100255588164095	",饿了么,平台外卖,已完成,2025-10-24 10:55:01,2025-10-24 10:55:01,2025-10-24 10:55:01,饿了么支付-在线支付,,预约单,2025-10-24 13:00:00,80.03,自动出餐,1,否,"9英寸披萨随❤双拼[培根鸡肉+奥尔良]（80.00*1）,餐盒（1.00*1）",双拼9寸【鸡肉培根口味9】+双拼9寸【奥尔良口味9】,,,,非会员,4,,,依据餐量提供餐具,,80.00,21.31,49.50,0.00,0,0,2.14,0.00,5.60,【活动支出】店铺满减:1.00元+【活动支出】首次光顾立减:1.00元+【活动支出】单品特价:39.50元+【活动支出】饿了么红包:8.00元+【活动支出】替用户承担配送费:5.6元,-,-,-,1.00,温州区域,温州加盟,,,否,-,平台配送
圣比萨（蟠凤店）,SBM00023,温州,"8048280255714934155	",饿了么,平台外卖,已完成,2025-10-24 11:13:10,2025-10-24 11:13:10,2025-10-24 11:13:10,饿了么支付-在线支付,,即时单,2025-10-24 11:13:10,12.23,自动出餐,1,否,"奥尔良烤鸡肉披萨-7英寸（经典手拍）[{""name"":""规格"",""value"":""7英寸（经典手拍）""}]（45.00*1）,餐盒（1.00*1）",新奥尔良烤鸡肉披萨,,,,非会员,5,,,2份餐具,,45.00,10.12,29.10,0.00,0,0,1.43,0.00,3.50,【活动支出】首次光顾立减:1.00元+【活动支出】单品特价:21.10元+【活动支出】 商家自营销加码:2.00元+【活动支出】饿了么红包:5.00元+【活动支出】替用户承担配送费:3.5元,-,-,-,1.00,温州区域,温州加盟,,,否,-,平台配送
圣比萨（蟠凤店）,SBM00023,温州,"8020576089626612062	",饿了么,平台外卖,已完成,2025-10-24 11:22:21,2025-10-24 11:22:21,2025-10-24 11:22:21,饿了么支付-在线支付,,即时单,2025-10-24 11:22:21,12.15,自动出餐,1,否,"超值双人披萨套餐[牛肉至尊9寸+小食桶B+港式奶茶加冰+柠檬茶]（118.00*1）,餐盒（3.00*1）",炙热牛魔王披萨【9英寸(手拍)】+明星小食桶B+港式奶茶+柠檬茶,,,,非会员,6,,,4份餐具,,118.00,38.38,69.10,0.00,0,0,3.67,0.00,5.60,【活动支出】店铺满减:6.00元+【活动支出】首次光顾立减:1.00元+【活动支出】单品特价:52.10元+【活动支出】粉丝群:1.00元+【活动支出】饿了么红包:9.00元+【活动支出】替用户承担配送费:5.6元,-,-,-,3.00,温州区域,温州加盟,,,否,-,平台配送
圣比萨（蟠凤店）,SBM00023,温州,"8083120255623217522	",饿了么,平台外卖,已完成,2025-10-24 11:24:36,2025-10-24 11:24:36,2025-10-24 11:24:36,饿了么支付-在线支付,,即时单,2025-10-24 11:24:36,12.22,自动出餐,1,否,"奥尔良烤鸡肉披萨-7英寸（经典手拍）[{""name"":""规格"",""value"":""7英寸（经典手拍）""}]（45.00*1）,餐盒（1.00*1）",新奥尔良烤鸡肉披萨,,,,非会员,7,,,依据餐量提供餐具,,45.00,7.32,30.10,0.00,0,0,1.43,0.00,5.60,【活动支出】首次光顾立减:1.00元+【活动支出】单品特价:21.10元+【活动支出】粉丝群:1.00元+【活动支出】饿了么红包:7.00元+【活动支出】替用户承担配送费:5.6元,-,-,-,1.00,温州区域,温州加盟,,,否,-,平台配送
圣比萨（蟠凤店）,SBM00023,温州,"8042000255617496399	",饿了么,平台外卖,已完成,2025-10-24 11:24:39,2025-10-24 11:24:39,2025-10-24 11:24:40,饿了么支付-在线支付,,即时单,2025-10-24 11:24:39,12.03,自动出餐,1,否,"奥尔良烤鸡肉披萨-7英寸（经典手拍）[{""name"":""规格"",""value"":""7英寸（经典手拍）""}]（45.00*1）,餐盒（1.00*1）",新奥尔良烤鸡肉披萨,,,,非会员,8,,,依据餐量提供餐具,,45.00,7.32,30.10,0.00,0,0,1.43,0.00,5.60,【活动支出】首次光顾立减:1.00元+【活动支出】单品特价:21.10元+【活动支出】粉丝群:1.00元+【活动支出】饿了么红包:7.00元+【活动支出】替用户承担配送费:5.6元,-,-,-,1.00,温州区域,温州加盟,,,否,-,平台配送
圣比萨（蟠凤店）,SBM00023,温州,"8034030255724275194	",饿了么,平台外卖,已完成,2025-10-24 11:27:35,2025-10-24 11:27:35,2025-10-24 11:27:36,饿了么支付-在线支付,,即时单,2025-10-24 11:27:35,12.17,自动出餐,1,否,"【新客专享】川香脆皮翅根（1个）（12.00*1）,【买一送一】买披萨送披萨[奥尔良鸡肉披萨7英寸+日系照烧鸡披萨7英寸]（86.80*1）,餐盒（1.00*1）",川香脆皮大翅根【1个】+新奥尔良烤鸡肉披萨【7英寸(手拍)】+日系照烧鸡披萨【7英寸(手拍)】,,,,非会员,9,,,依据餐量提供餐具,,98.80,24.45,64.91,0.00,0,0,2.39,0.00,5.00,【活动支出】单品特价:10.01元+【活动支出】单品特价:54.90元+【活动支出】替用户承担配送费:5.0元,-,-,-,1.00,温州区域,温州加盟,,,否,-,平台配送
圣比萨（蟠凤店）,SBM00023,温州,"8045270255728023970	",饿了么,平台外卖,已完成,2025-10-24 11:28:44,2025-10-24 11:28:44,2025-10-24 11:28:44,饿了么支付-在线支付,,即时单,2025-10-24 11:28:44,12.07,自动出餐,1,否,"【真榴莲果肉】9英寸榴莲王披萨（92.00*1）,餐盒（1.00*1）",榴莲王披萨9英寸,,,,非会员,10,,,依据餐量提供餐具,,92.00,25.34,56.50,0.00,0,0,2.51,0.00,5.60,【活动支出】店铺满减:1.00元+【活动支出】首次光顾立减:1.00元+【活动支出】单品特价:49.50元+【活动支出】饿了么红包:5.00元+【活动支出】替用户承担配送费:5.6元,-,-,-,1.00,温州区域,温州加盟,,,否,-,平台配送
圣比萨（蟠凤店）,SBM00023,温州,"8096370255761203665	",饿了么,平台外卖,已完成,2025-10-24 12:00:01,2025-10-24 12:00:01,2025-10-24 12:00:02,饿了么支付-在线支付,,即时单,2025-10-24 12:00:01,12.03,自动出餐,1,否,"【随心拼】7英寸披萨（口味自选）[碳烤培根+水果]（54.00*1）,餐盒（1.00*1）",双拼7寸【缤纷水果口味7】,,,,非会员,11,,,依据餐量提供餐具,,54.00,14.12,33.50,0.00,0,0,1.43,0.00,3.50,【活动支出】首次光顾立减:1.00元+【活动支出】单品特价:26.50元+【活动支出】粉丝群:1.00元+【活动支出】饿了么红包:5.00元+【活动支出】替用户承担配送费:3.5元,-,-,-,1.00,温州区域,温州加盟,,,否,-,平台配送
圣比萨（蟠凤店）,SBM00023,温州,"8053606089669672218	",饿了么,平台外卖,已完成,2025-10-24 12:28:04,2025-10-24 12:28:04,2025-10-24 12:28:04,饿了么支付-在线支付,,即时单,2025-10-24 12:28:04,12.15,自动出餐,1,否,"【香蕉菠萝】7英寸缤纷水果披萨（42.00*1）,餐盒（1.00*1）",缤纷水果披萨【7英寸(手拍)】,,,,非会员,12,,,依据餐量提供餐具,,42.00,10.12,26.10,0.00,0,0,1.43,0.00,3.50,【活动支出】首次光顾立减:1.00元+【活动支出】单品特价:18.10元+【活动支出】饿了么红包:7.00元+【活动支出】替用户承担配送费:3.5元,-,-,-,1.00,温州区域,温州加盟,,,否,-,平台配送
圣比萨（蟠凤店）,SBM00023,温州,"8021946089679519082	",饿了么,平台外卖,已完成,2025-10-24 12:57:17,2025-10-24 12:57:17,2025-10-24 12:57:17,饿了么支付-在线支付,,即时单,2025-10-24 12:57:17,12.12,自动出餐,1,否,"奥尔良烤鸡肉披萨-7英寸（经典手拍）[{""name"":""规格"",""value"":""7英寸（经典手拍）""}]（45.00*1）,餐盒（1.00*1）",新奥尔良烤鸡肉披萨,,,,非会员,13,,,1份餐具,,45.00,11.12,28.10,0.00,0,0,1.43,0.00,3.50,【活动支出】单品特价:21.10元+【活动支出】 商家自营销加码:2.00元+【活动支出】饿了么红包:5.00元+【活动支出】替用户承担配送费:3.5元,-,-,-,1.00,温州区域,温州加盟,,,否,-,平台配送
圣比萨（蟠凤店）,SBM00023,温州,"8073200255726621144	",饿了么,平台外卖,已完成,2025-10-24 14:50:02,2025-10-24 14:50:02,2025-10-24 14:50:02,饿了么支付-在线支付,,即时单,2025-10-24 14:50:02,10.02,自动出餐,1,否,"披萨意面双人套餐[鲜虾菠萝披萨7寸+番茄培根意面+小食桶A+可乐（听装）冰+港式奶茶冰]（118.00*1）,餐盒（3.00*1）",鲜虾菠萝披萨【7英寸(手拍)】+番茄培根意面+明星小食桶A,,,,非会员,14,,,2份餐具,,118.00,36.81,65.50,0.00,0,0,3.94,0.00,8.60,【活动支出】店铺满减:6.00元+【活动支出】首次光顾立减:1.00元+【活动支出】单品特价:50.50元+【活动支出】超会爆红包省钱包:8.00元+【活动支出】替用户承担配送费:6.0元,-,-,-,3.00,温州区域,温州加盟,,,否,-,平台配送
圣比萨（蟠凤店）,SBM00023,温州,"8090846089712721163	",饿了么,平台外卖,已完成,2025-10-24 14:53:09,2025-10-24 14:53:09,2025-10-24 14:53:09,饿了么支付-在线支付,,即时单,2025-10-24 14:53:09,10.02,自动出餐,1,否,"缤纷水果披萨-7英寸（经典手拍）[{""name"":""规格"",""value"":""7英寸（经典手拍）""}]（42.00*1）,餐盒（2.00*1）",缤纷水果披萨,,,,非会员,15,,,依据餐量提供餐具,,42.00,11.32,23.50,0.00,0,0,1.43,0.00,6.20,【活动支出】首次光顾立减:1.00元+【活动支出】单品特价:15.50元+【活动支出】饿了么红包:7.00元+【活动支出】替用户承担配送费:6.0元,-,-,-,2.00,温州区域,温州加盟,,,否,-,平台配送
圣比萨（蟠凤店）,SBM00023,温州,"8088350255863516422	",饿了么,平台外卖,已完成,2025-10-24 16:25:27,2025-10-24 16:25:27,2025-10-24 16:25:27,饿了么支付-在线支付,,即时单,2025-10-24 16:25:27,10.02,自动出餐,1,否,"【香蕉菠萝】7英寸缤纷水果披萨（42.00*1）,餐盒（1.00*1）",缤纷水果披萨【7英寸(手拍)】,,,,非会员,16,,,2份餐具,,42.00,10.12,26.10,0.00,0,0,1.43,0.00,3.50,【活动支出】首次光顾立减:1.00元+【活动支出】单品特价:18.10元+【活动支出】饿了么红包:7.00元+【活动支出】替用户承担配送费:3.5元,-,-,-,1.00,温州区域,温州加盟,,,否,-,平台配送
圣比萨（蟠凤店）,SBM00023,温州,"8038946089743542745	",饿了么,平台外卖,已完成,2025-10-24 16:31:33,2025-10-24 16:31:33,2025-10-24 16:31:34,饿了么支付-在线支付,,即时单,2025-10-24 16:31:33,10.23,自动出餐,1,否,"蛋挞一个（原味）（5.88*2）,台式香烤地道肠（7.50*1）,【随心拼】7英寸披萨（口味自选）[奥尔良+碳烤培根]（54.00*1）,餐盒（4.00*1）",蛋挞1个+地道肠1根+双拼7寸【奥尔良口味7】,,,,非会员,17,,,1份餐具,,73.26,19.43,47.79,0.00,0,0,1.99,0.00,6.20,【活动支出】店铺满减:1.00元+【活动支出】首次光顾立减:1.00元+【活动支出】单品特价:5.78元+【活动支出】单品特价:5.51元+【活动支出】单品特价:26.50元+【活动支出】吃货豆兑换的商家券:5.00元+【活动支出】 商家自营销加码:2.00元+【活动支出】粉丝群:1.00元+【活动支出】替用户承担配送费:6.0元,-,-,-,4.00,温州区域,温州加盟,,,否,-,平台配送
圣比萨（蟠凤店）,SBM00023,温州,"8077460255873580476	",饿了么,平台外卖,已完成,2025-10-24 16:48:10,2025-10-24 16:48:10,2025-10-24 16:48:11,饿了么支付-在线支付,,即时单,2025-10-24 16:48:10,10.20,自动出餐,1,否,"个人独享DIY套餐(折扣价)[新奥尔7寸披萨+奥尔良烤翅+金桔柠檬+冰]（59.00*1）,餐盒（2.00*1）",新奥尔良烤鸡肉披萨【7英寸(手拍)】+奥尔良烤翅,,,,非会员,18,,,依据餐量提供餐具,,59.00,19.44,32.50,0.00,0,0,1.91,0.00,3.50,【活动支出】单品特价:23.50元+【活动支出】精准营销:1.00元+【活动支出】饿了么红包:8.00元+【活动支出】替用户承担配送费:3.5元,-,-,-,2.00,温州区域,温州加盟,,,否,-,平台配送
圣比萨（蟠凤店）,SBM00023,温州,"8015490255768490282	",饿了么,平台外卖,已完成,2025-10-24 17:02:32,2025-10-24 17:02:32,2025-10-24 17:02:33,饿了么支付-在线支付,,即时单,2025-10-24 17:02:32,10.20,自动出餐,1,否,"单人吃鸡套餐[鸡肉串2串+可乐（听装）+常温]（56.00*1）,餐盒（2.00*1）",单人吃鸡套餐[鸡肉串2串+可乐（听装）+常温]+餐盒,,,,非会员,19,,,依据餐量提供餐具,,56.00,22.56,24.50,0.00,0,0,2.29,0.00,6.20,【活动支出】首次光顾立减:1.00元+【活动支出】单品特价:23.50元+【活动支出】替用户承担配送费:6.0元,-,-,-,2.00,温州区域,温州加盟,,,否,-,平台配送
圣比萨（蟠凤店）,SBM00023,温州,"8083160255886619966	",饿了么,平台外卖,已完成,2025-10-24 17:20:43,2025-10-24 17:20:43,2025-10-24 17:20:44,饿了么支付-在线支付,,即时单,2025-10-24 17:20:43,10.18,自动出餐,1,否,"缤纷水果披萨-7英寸（经典手拍）[{""name"":""规格"",""value"":""7英寸（经典手拍）""}]（42.00*1）,番茄牛肉意面（27.60*1）,餐盒（3.00*1）",缤纷水果披萨+番茄牛肉意面,,,,非会员,20,,,无需餐具,,69.60,31.09,30.20,0.00,0,0,2.96,0.00,3.50,【活动支出】店铺满减:1.00元+【活动支出】单品特价:15.50元+【活动支出】单品特价:4.70元+【活动支出】饿了么红包:9.00元+【活动支出】替用户承担配送费:3.5元,-,-,-,3.00,温州区域,温州加盟,,,否,-,平台配送
圣比萨（蟠凤店）,SBM00023,温州,"8081696089774696869	",饿了么,平台外卖,已完成,2025-10-24 17:21:52,2025-10-24 17:21:52,2025-10-24 17:21:52,饿了么支付-在线支付,,即时单,2025-10-24 17:21:52,10.08,自动出餐,1,否,"个人独享DIY套餐(折扣价)[新奥尔7寸披萨+蛋挞1对+芒果汁+冰]（59.00*1）,餐盒（2.00*1）",新奥尔良烤鸡肉披萨【7英寸(手拍)】+芒果汁,,,,非会员,21,,,依据餐量提供餐具,,59.00,20.39,30.50,0.00,0,0,2.06,0.00,5.00,【活动支出】单品特价:23.50元+【活动支出】饿了么红包:7.00元+【活动支出】替用户承担配送费:5.0元,-,-,-,2.00,温州区域,温州加盟,,,否,-,平台配送
圣比萨（蟠凤店）,SBM00023,温州,"8088676089790826846	",饿了么,平台外卖,已完成,2025-10-24 17:23:01,2025-10-24 17:23:01,2025-10-24 17:23:02,饿了么支付-在线支付,,预约单,2025-10-24 18:45:00,37.05,自动出餐,1,否,"榴莲王披萨-7英寸（经典手拍）[{""name"":""规格"",""value"":""7英寸（经典手拍）""}]（52.00*1）,餐盒（1.00*1）",榴莲王披萨,,,,非会员,22,,,放外卖柜不用打电话谢谢 / 依据餐量提供餐具,,52.00,14.56,26.10,0.00,0,0,1.79,0.00,8.60,【活动支出】首次光顾立减:1.00元+【活动支出】单品特价:18.10元+【活动支出】饿了么红包:0.00元+【活动支出】饿了么红包:7.00元+【活动支出】替用户承担配送费:6.0元,-,-,-,1.00,温州区域,温州加盟,,,否,-,平台配送
圣比萨（蟠凤店）,SBM00023,温州,"8099606089817802197	",饿了么,平台外卖,已完成,2025-10-24 18:08:21,2025-10-24 18:08:21,2025-10-24 18:08:21,饿了么支付-在线支付,,即时单,2025-10-24 18:08:21,12.05,自动出餐,1,否,新奥尔良烤鸡肉披萨7寸-单点（22.00*1）,新奥尔良烤鸡肉披萨【7英寸(手拍)】,,,,非会员,23,,,依据餐量提供餐具,,22.00,12.00,0.00,0.00,0,0,0.00,0.00,,【活动支出】拼团反圈活动:0.00元,-,-,-,0.00,温州区域,温州加盟,,,否,-,平台配送
圣比萨（蟠凤店）,SBM00023,温州,"8099606089809496501	",饿了么,平台外卖,已完成,2025-10-24 18:08:21,2025-10-24 18:08:21,2025-10-24 18:08:22,饿了么支付-在线支付,,即时单,2025-10-24 18:08:21,12.22,自动出餐,1,否,7寸日系照烧鸡披萨-单点（22.00*1）,日系照烧鸡披萨【7英寸(手拍)】,,,,非会员,24,,,依据餐量提供餐具,,22.00,12.00,0.00,0.00,0,0,0.00,0.00,,【活动支出】拼团反圈活动:0.00元,-,-,-,0.00,温州区域,温州加盟,,,否,-,平台配送
圣比萨（蟠凤店）,SBM00023,温州,"8002946089851252187	",饿了么,平台外卖,已完成,2025-10-24 19:24:21,2025-10-24 19:24:21,2025-10-24 19:24:22,饿了么支付-在线支付,,即时单,2025-10-24 19:24:21,12.23,自动出餐,1,否,"芝士就是力量(没有点披萨或焗饭的勿点)-焗饭加芝士1份[{""name"":""规格"",""value"":""焗饭加芝士1份""}]（10.00*1）,【真榴莲果肉】7英寸榴莲王披萨（58.00*1）,餐盒（1.00*1）",榴莲王披萨7英寸,,,,非会员,25,,,依据餐量提供餐具,,68.00,23.46,35.50,0.00,0,0,2.29,0.00,3.50,【活动支出】店铺满减:1.00元+【活动支出】单品特价:25.50元+【活动支出】饿了么红包:9.00元+【活动支出】替用户承担配送费:3.5元,-,-,-,1.00,温州区域,温州加盟,,,否,-,平台配送
圣比萨（蟠凤店）,SBM00023,温州,"8035766089875873066	",饿了么,平台外卖,已完成,2025-10-24 19:45:20,2025-10-24 19:45:20,2025-10-24 19:45:21,饿了么支付-在线支付,,即时单,2025-10-24 19:45:20,10.07,自动出餐,1,否,"任选披萨8选1+小吃6选1+饮料[牛肉至尊披萨7英寸+风味烤肠1根+橙汁+常温]（65.00*1）,餐盒（2.00*1）",柳橙汁,,,,非会员,26,,,依据餐量提供餐具,,65.00,17.31,42.10,0.00,0,0,1.64,0.00,3.50,【活动支出】首次光顾立减:1.00元+【活动支出】单品特价:33.10元+【活动支出】粉丝群:1.00元+【活动支出】饿了么红包:7.00元+【活动支出】替用户承担配送费:3.5元,-,-,-,2.00,温州区域,温州加盟,,,否,-,平台配送
圣比萨（蟠凤店）,SBM00023,温州,"8089220255981706688	",饿了么,平台外卖,已完成,2025-10-24 20:20:15,2025-10-24 20:20:15,2025-10-24 20:20:15,饿了么支付-在线支付,,即时单,2025-10-24 20:20:15,10.18,自动出餐,1,否,"【真榴莲果肉】7英寸榴莲王披萨（58.00*1）,蛋挞一个（原味）（5.88*2）,香烤鸡翅-2只[{""name"":""规格"",""value"":""2只""}]（16.00*1）,餐盒（4.00*1）",榴莲王披萨7英寸+蛋挞1个+香烤鸡翅,,,,非会员,27,,,依据餐量提供餐具,,85.76,33.25,44.38,0.00,0,0,3.18,0.00,3.50,【活动支出】店铺满减:1.00元+【活动支出】首次光顾立减:1.00元+【活动支出】单品特价:25.50元+【活动支出】单品特价:5.78元+【活动支出】单品特价:1.10元+【活动支出】粉丝群:1.00元+【活动支出】饿了么红包:9.00元+【活动支出】替用户承担配送费:3.5元,-,-,-,4.00,温州区域,温州加盟,,,否,-,平台配送
圣比萨（蟠凤店）,SBM00023,温州,"8081816089868958995	",饿了么,平台外卖,已完成,2025-10-24 21:06:29,2025-10-24 21:06:29,2025-10-24 21:06:30,饿了么支付-在线支付,,即时单,2025-10-24 21:06:29,10.12,自动出餐,1,否,"奥尔良烤鸡肉披萨-9英寸（经典手拍）[{""name"":""规格"",""value"":""9英寸（经典手拍）""}]（78.00*1）,奥尔良烤翅（14.00*2）,餐盒（5.00*1）",新奥尔良烤鸡肉披萨+奥尔良烤翅,,,,非会员,28,,,依据餐量提供餐具,,106.00,39.80,56.70,0.00,0,0,3.85,0.00,5.60,【活动支出】店铺满减:6.00元+【活动支出】单品特价:39.50元+【活动支出】单品特价:2.20元+【活动支出】饿了么红包:9.00元+【活动支出】替用户承担配送费:5.6元,-,-,-,5.00,温州区域,温州加盟,,,否,-,平台配送
圣比萨（蟠凤店）,SBM00023,温州,"8019766089891090810	",饿了么,平台外卖,已完成,2025-10-24 21:08:41,2025-10-24 21:08:41,2025-10-24 21:08:42,饿了么支付-在线支付,,即时单,2025-10-24 21:08:41,10.12,自动出餐,1,否,"纯芝士披萨-7英寸（经典手拍）[{""name"":""规格"",""value"":""7英寸（经典手拍）""}]（42.00*1）,餐盒（1.00*1）",金牌芝士披萨,,,,非会员,29,,,依据餐量提供餐具,,42.00,13.62,22.10,0.00,0,0,1.43,0.00,6.10,【活动支出】首次光顾立减:1.00元+【活动支出】单品特价:16.10元+【活动支出】吃货豆兑换的商家券:5.00元+【活动支出】替用户承担配送费:6.0元,-,-,-,1.00,温州区域,温州加盟,,,否,-,平台配送
圣比萨（蟠凤店）,SBM00023,温州,"8097060256006211888	",饿了么,平台外卖,已完成,2025-10-24 21:09:57,2025-10-24 21:09:57,2025-10-24 21:09:57,饿了么支付-在线支付,,即时单,2025-10-24 21:09:57,10.18,自动出餐,1,否,"上校鸡块一个（3.00*3）,蛋挞（10.00*1）,缤纷水果披萨-9英寸（经典手拍）[{""name"":""规格"",""value"":""9英寸（经典手拍）""}]（75.00*1）,奥尔良烤翅（14.00*1）,柠檬茶[常温]（6.00*1）,餐盒（6.50*1）",上校鸡块1个+蛋挞+缤纷水果披萨+奥尔良烤翅+柠檬茶,,,,非会员,30,,,依据餐量提供餐具,,114.00,46.32,58.50,0.00,0,0,4.43,0.00,5.60,【活动支出】店铺满减:6.00元+【活动支出】首次光顾立减:1.00元+【活动支出】单品特价:2.90元+【活动支出】单品特价:1.10元+【活动支出】单品特价:39.50元+【活动支出】饿了么红包:8.00元+【活动支出】替用户承担配送费:5.6元,-,-,-,6.50,温州区域,温州加盟,,,否,-,平台配送
圣比萨（蟠凤店）,SBM00023,温州,"8047576089904474621	",饿了么,平台外卖,已完成,2025-10-24 21:11:53,2025-10-24 21:11:53,2025-10-24 21:11:53,饿了么支付-在线支付,,即时单,2025-10-24 21:11:53,10.20,自动出餐,1,否,"肉酱培根披萨-12英寸（经典手拍）[{""name"":""规格"",""value"":""12英寸（经典手拍）""}]（95.00*1）,招牌肉酱芝士焗饭（52.00*1）,芒果汁[常温]（10.00*2）,黑椒牛肉芝士焗饭（29.00*1）,餐盒（5.00*1）",肉酱培根披萨+招牌肉酱芝士焗饭+芒果汁+黑椒牛肉芝士焗饭,,,,非会员,31,,,2份餐具,,196.00,92.20,80.00,0.00,0,0,8.85,0.00,7.70,【活动支出】店铺满减:6.00元+【活动支出】单品特价:38.50元+【活动支出】单品特价:23.50元+【活动支出】单品特价:4.00元+【活动支出】饿了么红包:8.00元+【活动支出】替用户承担配送费:6.0元,-,-,-,5.00,温州区域,温州加盟,,,否,-,平台配送
圣比萨（蟠凤店）,SBM00023,温州,"8062706089880138059	",饿了么,平台外卖,已完成,2025-10-24 21:33:29,2025-10-24 21:33:29,2025-10-24 21:33:30,饿了么支付-在线支付,,即时单,2025-10-24 21:33:29,10.17,自动出餐,1,否,"【新客专享】川香脆皮翅根（1个）（12.00*1）,可乐（罐装）[冰]（5.00*1）,黑椒牛肉意面（29.90*1）,【香蕉菠萝】7英寸缤纷水果披萨（42.00*1）,餐盒（3.00*1）",川香脆皮大翅根【1个】+黑椒牛肉意面+缤纷水果披萨【7英寸(手拍)】,,,,非会员,32,,,依据餐量提供餐具,,88.90,34.19,45.61,0.00,0,0,3.25,0.00,5.60,【活动支出】店铺满减:6.00元+【活动支出】单品特价:10.01元+【活动支出】单品特价:2.50元+【活动支出】单品特价:18.10元+【活动支出】饿了么红包:9.00元+【活动支出】替用户承担配送费:5.6元,-,-,-,3.00,温州区域,温州加盟,,,否,-,平台配送
圣比萨（蟠凤店）,SBM00023,温州,"8029480256113818108	",饿了么,平台外卖,已完成,2025-10-24 22:15:02,2025-10-24 22:15:02,2025-10-24 22:15:03,饿了么支付-在线支付,,即时单,2025-10-24 22:15:02,10.12,自动出餐,1,否,"奥尔良烤鸡肉披萨-12英寸（经典手拍）[{""name"":""规格"",""value"":""12英寸（经典手拍）""}]（98.00*1）,餐盒（1.00*1）",新奥尔良烤鸡肉披萨,,,,非会员,33,,,配送麻烦快点哈，凉了不好吃 / 1份餐具,用户申请取消单 其他原因，,98.00,31.04,54.50,0.00,0,0,3.11,0.00,7.10,【活动支出】店铺满减:6.00元+【活动支出】首次光顾立减:1.00元+【活动支出】单品特价:37.50元+【活动支出】精准营销:1.00元+【活动支出】饿了么红包:9.00元+【活动支出】替用户承担配送费:6.0元,-,-,-,1.00,温州区域,温州加盟,,,否,-,平台配送
圣比萨（蟠凤店）,SBM00023,温州,"8029480256021597487	",饿了么,平台外卖,已退款,2025-10-24 22:18:51,2025-10-24 22:18:51,2025-10-24 22:18:51,饿了么支付-在线支付,,即时单,2025-10-24 22:18:51,,未出餐,1,否,"奥尔良烤鸡肉披萨-7英寸（经典手拍）[{""name"":""规格"",""value"":""7英寸（经典手拍）""}]（45.00*2）,餐盒（2.00*1）",新奥尔良烤鸡肉披萨,,,,非会员,34,,,配送麻烦快点哈，凉了不好吃 / 2份餐具,"餐厅同意取消单 ",90.00,-1.45,49.00,31.10,0,0,3.00,0.00,7.10,【活动支出】店铺满减:1.00元+【活动支出】单品特价:39.00元+【活动支出】饿了么红包:9.00元+【活动支出】替用户承担配送费:6.0元,-,-,-,2.00,温州区域,温州加盟,,,否,-,平台配送
圣比萨（蟠凤店）,SBM00023,温州,"8041586089916134774	",饿了么,平台外卖,已完成,2025-10-24 22:35:54,2025-10-24 22:35:54,2025-10-24 22:35:55,饿了么支付-在线支付,,即时单,2025-10-24 22:35:54,10.05,自动出餐,1,否,"培根披萨7英寸+小可乐1瓶[培根披萨7英寸+小可乐]（42.00*1）,餐盒（1.00*1）",培根披萨【7英寸(手拍)】+小可乐,,,,非会员,35,,,依据餐量提供餐具,,42.00,14.62,21.10,0.00,0,0,1.43,0.00,5.60,【活动支出】单品特价:14.10元+【活动支出】饿了么红包:7.00元+【活动支出】替用户承担配送费:5.6元,-,-,-,1.00,温州区域,温州加盟,,,否,-,平台配送
圣比萨（蟠凤店）,SBM00023,温州,"8004826089898386784	",饿了么,平台外卖,已完成,2025-10-24 23:02:47,2025-10-24 23:02:47,2025-10-24 23:02:48,饿了么支付-在线支付,,即时单,2025-10-24 23:02:47,10.10,自动出餐,1,否,"芝士焗红薯泥（19.00*1）,圣比至尊披萨7寸（45.00*1）,台式香烤地道肠（7.50*1）,缤纷芝士挞-香蕉味[{""name"":""规格"",""value"":""香蕉味""}]（7.00*1）,餐盒（8.00*1）",芝士焗红薯泥+大圣招牌大满贯披萨【7英寸(手拍)】+地道肠1根+缤纷芝士挞,,,,非会员,36,,,依据餐量提供餐具,,78.50,42.61,25.71,0.00,0,0,4.33,0.00,8.90,【活动支出】店铺满减:6.00元+【活动支出】首次光顾立减:1.00元+【活动支出】单品特价:4.10元+【活动支出】单品特价:5.51元+【活动支出】单品特价:1.10元+【活动支出】饿了么红包:8.00元+【活动支出】替用户承担配送费:6.0元,-,-,-,8.00,温州区域,温州加盟,,,否,-,平台配送
圣比萨（温大C区店）,SBS00031,温州,"8050846088806912318	",饿了么,平台外卖,已完成,2025-10-22 11:48:04,2025-10-22 11:48:04,2025-10-22 11:48:05,饿了么支付-在线支付,,预约单,2025-10-24 11:20:00,2807.10,自动出餐,1,否,"番茄牛肉意面（25.00*1）,送餐上楼【下午1-4点晚上7点之后放外卖柜】（0.00*1）,餐盒（2.00*1）",番茄牛肉意面+送餐上楼,,,,非会员,1,,,1份餐具；手机尾号：9979；送上楼,,25.00,10.08,13.10,0.00,0,0,0.62,0.00,1.60,【活动支出】单品特价:6.10元+【活动支出】 商家自营销加码:2.00元+【活动支出】CPS商户叠加券:0.00元+【活动支出】饿了么红包:5.00元+【活动支出】淘金币:0.00元+【活动支出】替用户承担配送费:1.6元,-,-,-,2.00,温州区域,温州直营,,,否,-,平台配送
圣比萨（温大C区店）,SBS00031,温州,"8076340255347593528	",饿了么,平台外卖,已完成,2025-10-23 16:22:45,2025-10-23 16:22:45,2025-10-23 16:22:45,饿了么支付-在线支付,,预约单,2025-10-24 11:20:00,1092.40,自动出餐,1,否,"番茄牛肉意面（25.00*1）,外卖柜取餐【有短信或者电话通知】（0.00*1）,葡式蛋挞1个（4.00*1）,餐盒（2.50*1）",番茄牛肉意面+楼下自取+蛋挞1个,,,,非会员,2,,,2份餐具；手机尾号：1939；送上楼,,29.00,9.51,18.20,0.00,0,0,0.59,0.00,1.60,【活动支出】单品特价:6.10元+【活动支出】单品特价:3.10元+【活动支出】 商家自营销加码:2.00元+【活动支出】粉丝群:2.00元+【活动支出】饿了么红包:5.00元+【活动支出】替用户承担配送费:1.6元,-,-,-,2.50,温州区域,温州直营,,,否,-,平台配送
圣比萨（温大C区店）,SBS00031,温州,"8066040255744891348	",饿了么,平台外卖,已完成,2025-10-24 09:42:13,2025-10-24 09:42:13,2025-10-24 09:42:13,饿了么支付-在线支付,,预约单,2025-10-24 11:00:00,32.90,自动出餐,1,否,"外卖柜取餐【有短信或者电话通知】（0.00*1）,照烧鸡肉单人餐（冰豆花自选)（58.00*1）,餐盒（1.00*1）",楼下自取+冰豆花（额外加糖）+照烧鸡肉手握披萨,,,,非会员,3,,,依据餐量提供餐具；手机尾号：0616；送上楼,,58.00,13.88,41.10,0.00,0,0,0.82,0.00,1.60,【活动支出】单品特价:32.10元+【活动支出】饿了么红包:7.00元+【活动支出】粉丝群:2.00元+【活动支出】替用户承担配送费:1.6元,-,-,-,1.00,温州区域,温州直营,,,否,-,平台配送
圣比萨（温大C区店）,SBS00031,温州,"8054956089519512895	",饿了么,平台外卖,已完成,2025-10-24 10:08:01,2025-10-24 10:08:01,2025-10-24 10:08:01,饿了么支付-在线支付,,即时单,2025-10-24 10:08:01,10.10,自动出餐,1,否,蛋挞2个-单点（8.51*1）,蛋挞,,,,非会员,4,,,依据餐量提供餐具；手机尾号：1577；送上楼,,8.51,4.90,0.00,0.00,0,0,0.00,0.00,,【活动支出】拼团反圈活动:0.00元,-,-,-,0.00,温州区域,温州直营,,,否,-,平台配送
圣比萨（温大C区店）,SBS00031,温州,"8058080255752003865	",饿了么,平台外卖,已完成,2025-10-24 10:08:04,2025-10-24 10:08:04,2025-10-24 10:08:04,饿了么支付-在线支付,,即时单,2025-10-24 10:08:04,10.02,自动出餐,1,否,圣BBQ烤鸡肉手握披萨+冰凉粉+上楼-单点-高校配（14.61*1）,烤奥尔良鸡肉手握披萨+冰凉粉,,,,非会员,5,,,依据餐量提供餐具；手机尾号：3912；送上楼,,14.61,9.60,1.40,0.00,0,0,0.00,0.00,,【活动支出】拼团正招玩法:1.40元,-,-,-,0.00,温州区域,温州直营,,,否,-,平台配送
圣比萨（温大C区店）,SBS00031,温州,"8022250255757035846	",饿了么,平台外卖,已完成,2025-10-24 10:13:16,2025-10-24 10:13:16,2025-10-24 10:13:16,饿了么支付-在线支付,,即时单,2025-10-24 10:13:16,10.13,自动出餐,1,否,圣BBQ烤鸡肉手握披萨+冰凉粉+上楼-单点-高校配（14.61*1）,烤奥尔良鸡肉手握披萨+冰凉粉,,,,非会员,6,,,依据餐量提供餐具；手机尾号：4273；送上楼,,14.61,9.60,1.40,0.00,0,0,0.00,0.00,,【活动支出】拼团正招玩法:1.40元,-,-,-,0.00,温州区域,温州直营,,,否,-,平台配送
圣比萨（温大C区店）,SBS00031,温州,"8087380255560348119	",饿了么,平台外卖,已完成,2025-10-24 10:14:32,2025-10-24 10:14:32,2025-10-24 10:14:33,饿了么支付-在线支付,,即时单,2025-10-24 10:14:32,10.20,自动出餐,1,否,圣BBQ烤鸡肉手握披萨+冰凉粉+上楼-单点-高校配（14.61*1）,烤奥尔良鸡肉手握披萨+冰凉粉,,,,非会员,7,,,送上楼 不能上楼就放没有外卖柜那侧门门口的树底下   放外卖柜就差评！！！不看备注也差评！！！ / 依据餐量提供餐具；手机尾号：6217；送上楼,,14.61,9.60,1.40,0.00,0,0,0.00,0.00,,【活动支出】拼团正招玩法:1.40元,-,-,-,0.00,温州区域,温州直营,,,否,-,平台配送
圣比萨（温大C区店）,SBS00031,温州,"8076866089544288747	",饿了么,平台外卖,已完成,2025-10-24 10:14:39,2025-10-24 10:14:39,2025-10-24 10:14:39,饿了么支付-在线支付,,即时单,2025-10-24 10:14:39,10.22,自动出餐,1,否,圣BBQ烤鸡肉手握披萨+冰凉粉+上楼-单点-高校配（14.61*1）,烤奥尔良鸡肉手握披萨+冰凉粉,,,,非会员,8,,,依据餐量提供餐具；手机尾号：3451；送上楼,,14.61,9.60,1.40,0.00,0,0,0.00,0.00,,【活动支出】拼团正招玩法:1.40元,-,-,-,0.00,温州区域,温州直营,,,否,-,平台配送
圣比萨（温大C区店）,SBS00031,温州,"8014956089570117046	",饿了么,平台外卖,已完成,2025-10-24 10:15:12,2025-10-24 10:15:12,2025-10-24 10:15:12,饿了么支付-在线支付,,即时单,2025-10-24 10:15:12,10.15,自动出餐,1,否,"番茄牛肉意面（25.00*1）,送餐上楼【下午1-4点晚上7点之后放外卖柜】（0.00*1）,餐盒（2.00*1）",番茄牛肉意面+送餐上楼,,,,非会员,9,,,依据餐量提供餐具；手机尾号：0945；送上楼,,25.00,10.08,13.10,0.00,0,0,0.62,0.00,1.60,【活动支出】单品特价:6.10元+【活动支出】 商家自营销加码:2.00元+【活动支出】饿了么红包:5.00元+【活动支出】替用户承担配送费:1.6元,-,-,-,2.00,温州区域,温州直营,,,否,-,平台配送
圣比萨（温大C区店）,SBS00031,温州,"8056170255567669546	",饿了么,平台外卖,已完成,2025-10-24 10:26:49,2025-10-24 10:26:49,2025-10-24 10:26:49,饿了么支付-在线支付,,即时单,2025-10-24 10:26:49,10.03,自动出餐,1,否,蛋挞2个-单点（8.51*1）,蛋挞,,,,非会员,10,,,依据餐量提供餐具；手机尾号：6345；送上楼,,8.51,4.90,0.00,0.00,0,0,0.00,0.00,,【活动支出】拼团反圈活动:0.00元,-,-,-,0.00,温州区域,温州直营,,,否,-,平台配送
圣比萨（温大C区店）,SBS00031,温州,"8088370255764560286	",饿了么,平台外卖,已退款,2025-10-24 10:26:55,2025-10-24 10:26:55,2025-10-24 10:26:56,饿了么支付-在线支付,,即时单,2025-10-24 10:26:55,10.10,自动出餐,1,否,圣BBQ烤鸡肉手握披萨+冰凉粉+上楼-单点-高校配（14.61*1）,烤奥尔良鸡肉手握披萨+冰凉粉,,,,非会员,11,,,无需餐具；手机尾号：5209；送上楼,餐厅同意退单 这个凉粉的糖水撒出来了，披萨里面都是水,14.61,1.80,1.40,7.80,0,0,0.00,0.00,,【活动支出】拼团正招玩法:1.40元,-,-,-,0.00,温州区域,温州直营,,,否,-,平台配送
圣比萨（温大C区店）,SBS00031,温州,"8042566089532354013	",饿了么,平台外卖,已完成,2025-10-24 10:29:18,2025-10-24 10:29:18,2025-10-24 10:29:19,饿了么支付-在线支付,,即时单,2025-10-24 10:29:18,10.13,自动出餐,1,否,"照烧鸡肉手握披萨（32.00*1）,送餐上楼【下午1-4点晚上7点之后放外卖柜】（0.00*1）,餐盒（1.00*1）",照烧鸡肉手握披萨+送餐上楼,,,,非会员,12,,,依据餐量提供餐具；手机尾号：2296；送上楼,,32.00,11.98,17.10,0.00,0,0,0.72,0.00,1.60,【活动支出】单品特价:10.10元+【活动支出】精准营销:2.00元+【活动支出】饿了么红包:5.00元+【活动支出】替用户承担配送费:1.6元,-,-,-,1.00,温州区域,温州直营,,,否,-,平台配送
圣比萨（温大C区店）,SBS00031,温州,"8085460255568247257	",饿了么,平台外卖,已完成,2025-10-24 10:30:32,2025-10-24 10:30:32,2025-10-24 10:30:32,饿了么支付-在线支付,,即时单,2025-10-24 10:30:32,10.07,自动出餐,1,否,蛋挞2个-单点（8.51*1）,蛋挞,,,,非会员,13,,,依据餐量提供餐具；手机尾号：5399；送上楼,,8.51,4.90,0.00,0.00,0,0,0.00,0.00,,【活动支出】拼团反圈活动:0.00元,-,-,-,0.00,温州区域,温州直营,,,否,-,平台配送
圣比萨（温大C区店）,SBS00031,温州,"8038340255565197792	",饿了么,平台外卖,已完成,2025-10-24 10:30:34,2025-10-24 10:30:34,2025-10-24 10:30:34,饿了么支付-在线支付,,即时单,2025-10-24 10:30:34,10.03,自动出餐,1,否,蛋挞2个-单点（8.51*1）,蛋挞,,,,非会员,14,,,依据餐量提供餐具；手机尾号：8655；送上楼,,8.51,4.90,0.00,0.00,0,0,0.00,0.00,,【活动支出】拼团反圈活动:0.00元,-,-,-,0.00,温州区域,温州直营,,,否,-,平台配送
圣比萨（温大C区店）,SBS00031,温州,"8006100255675251138	",饿了么,平台外卖,已完成,2025-10-24 10:31:38,2025-10-24 10:31:38,2025-10-24 10:31:38,饿了么支付-在线支付,,即时单,2025-10-24 10:31:38,10.03,自动出餐,1,否,"#点击右上角收藏❤0.01多加5g芝士(只能加披萨里)（5.00*1）,芝士焗红薯泥（15.00*1）,送餐上楼【下午1-4点晚上7点之后放外卖柜】（0.00*1）,BBQ烤奥尔良鸡肉单人套餐（46.00*1）,葡式蛋挞1个（4.00*1）,餐盒（3.50*1）",芝士5克+芝士焗红薯泥+送餐上楼+盐酥鸡粒+小可乐+烤奥尔良鸡肉手握披萨+蛋挞1个,,,,非会员,15,,,依据餐量提供餐具；手机尾号：3127；送上楼,用户申请取消单 点错了，我想重新点，,70.00,28.51,40.20,0.00,0,0,1.59,0.00,1.60,【活动支出】店铺满减:1.00元+【活动支出】单品特价:4.90元+【活动支出】单品特价:5.10元+【活动支出】单品特价:18.10元+【活动支出】单品特价:3.10元+【活动支出】饿了么红包:8.00元+【活动支出】替用户承担配送费:1.6元,-,-,-,3.50,温州区域,温州直营,,,否,-,平台配送
圣比萨（温大C区店）,SBS00031,温州,"8075536089553457412	",饿了么,平台外卖,已完成,2025-10-24 10:34:20,2025-10-24 10:34:20,2025-10-24 10:34:20,饿了么支付-在线支付,,即时单,2025-10-24 10:34:20,10.20,自动出餐,1,否,蛋挞2个-单点（8.51*1）,蛋挞,,,,非会员,16,,,依据餐量提供餐具；手机尾号：2933；送上楼,,8.51,4.90,0.00,0.00,0,0,0.00,0.00,,【活动支出】拼团反圈活动:0.00元,-,-,-,0.00,温州区域,温州直营,,,否,-,平台配送
圣比萨（温大C区店）,SBS00031,温州,"8048746089579092455	",饿了么,平台外卖,已完成,2025-10-24 10:38:41,2025-10-24 10:38:41,2025-10-24 10:38:41,饿了么支付-在线支付,,即时单,2025-10-24 10:38:41,10.20,自动出餐,1,否,"送餐上楼【下午1-4点晚上7点之后放外卖柜】（0.00*1）,照烧鸡肉单人餐（冰豆花自选)（58.00*1）,葡式蛋挞1个（4.00*1）,餐盒（1.50*1）",送餐上楼+冰豆花（额外加糖）+照烧鸡肉手握披萨+蛋挞1个,,,,非会员,17,,,依据餐量提供餐具；手机尾号：5349；送上楼,,62.00,17.11,42.20,0.00,0,0,0.99,0.00,1.60,【活动支出】单品特价:32.10元+【活动支出】单品特价:3.10元+【活动支出】饿了么红包:7.00元+【活动支出】CPS商户叠加券:0.00元+【活动支出】替用户承担配送费:1.6元,-,-,-,1.50,温州区域,温州直营,,,否,-,平台配送
圣比萨（温大C区店）,SBS00031,温州,"8093796089560176976	",饿了么,平台外卖,已完成,2025-10-24 10:41:30,2025-10-24 10:41:30,2025-10-24 10:41:31,饿了么支付-在线支付,,即时单,2025-10-24 10:41:30,10.20,自动出餐,1,否,圣BBQ烤鸡肉手握披萨+冰凉粉+上楼-单点-高校配（14.61*1）,烤奥尔良鸡肉手握披萨+冰凉粉,,,,非会员,18,,,依据餐量提供餐具；手机尾号：8783；送上楼,,14.61,9.60,1.40,0.00,0,0,0.00,0.00,,【活动支出】拼团正招玩法:1.40元,-,-,-,0.00,温州区域,温州直营,,,否,-,平台配送
圣比萨（温大C区店）,SBS00031,温州,"8075210255768723803	",饿了么,平台外卖,已完成,2025-10-24 10:41:46,2025-10-24 10:41:46,2025-10-24 10:41:47,饿了么支付-在线支付,,即时单,2025-10-24 10:41:46,10.10,自动出餐,1,否,"送餐上楼【下午1-4点晚上7点之后放外卖柜】（0.00*1）,DIY单人套餐（主食小吃饮品自选）（48.00*1）,葡式蛋挞1个（4.00*1）,餐盒（1.50*1）",送餐上楼+小雪碧+上校鸡块+烤奥尔良鸡肉手握披萨+蛋挞1个,,,,非会员,19,,,依据餐量提供餐具；手机尾号：5501；送上楼,,52.00,19.01,30.20,0.00,0,0,1.09,0.00,1.60,【活动支出】单品特价:20.10元+【活动支出】单品特价:3.10元+【活动支出】饿了么红包:7.00元+【活动支出】替用户承担配送费:1.6元,-,-,-,1.50,温州区域,温州直营,,,否,-,平台配送
圣比萨（温大C区店）,SBS00031,温州,"8050360255679100333	",饿了么,平台外卖,已完成,2025-10-24 10:43:29,2025-10-24 10:43:29,2025-10-24 10:43:29,饿了么支付-在线支付,,即时单,2025-10-24 10:43:29,10.12,自动出餐,1,否,"照烧鸡肉手握披萨（32.00*1）,送餐上楼【下午1-4点晚上7点之后放外卖柜】（0.00*1）,餐盒（1.00*1）",照烧鸡肉手握披萨+送餐上楼,,,,非会员,20,,,依据餐量提供餐具；手机尾号：3030；送上楼,,32.00,11.98,17.10,0.00,0,0,0.72,0.00,1.60,【活动支出】单品特价:10.10元+【活动支出】粉丝群:2.00元+【活动支出】饿了么红包:5.00元+【活动支出】替用户承担配送费:1.6元,-,-,-,1.00,温州区域,温州直营,,,否,-,平台配送
圣比萨（温大C区店）,SBS00031,温州,"8055150255671115090	",饿了么,平台外卖,已完成,2025-10-24 10:45:55,2025-10-24 10:45:55,2025-10-24 10:45:55,饿了么支付-在线支付,,即时单,2025-10-24 10:45:55,10.10,自动出餐,1,否,番茄牛肉意面-单点（12.64*1）,番茄牛肉意面,,,,非会员,21,,,依据餐量提供餐具；手机尾号：0395；送上楼,,12.64,9.03,0.00,0.00,0,0,0.00,0.00,,【活动支出】拼团反圈活动:0.00元,-,-,-,0.00,温州区域,温州直营,,,否,-,平台配送
圣比萨（温大C区店）,SBS00031,温州,"8011100255777964526	",饿了么,平台外卖,已完成,2025-10-24 10:53:05,2025-10-24 10:53:05,2025-10-24 10:53:06,饿了么支付-在线支付,,即时单,2025-10-24 10:53:05,10.03,自动出餐,1,否,"BBQ烤鸡肉单人餐（58.00*1）,送餐上楼【下午1-4点晚上7点之后放外卖柜】（0.00*1）,餐盒（1.00*1）",烤奥尔良鸡肉手握披萨+焦糖冰豆花+送餐上楼,,,,非会员,22,,,依据餐量提供餐具；手机尾号：6989；送上楼,,58.00,16.73,38.10,0.00,0,0,0.97,0.00,1.60,【活动支出】单品特价:31.10元+【活动支出】超级会员专享红包:5.00元+【活动支出】 商家自营销加码:2.00元+【活动支出】替用户承担配送费:1.6元,-,-,-,1.00,温州区域,温州直营,,,否,-,平台配送
圣比萨（温大C区店）,SBS00031,温州,"8039200255682314611	",饿了么,平台外卖,已完成,2025-10-24 10:53:09,2025-10-24 10:53:09,2025-10-24 10:53:10,饿了么支付-在线支付,,即时单,2025-10-24 10:53:09,10.07,自动出餐,1,否,蛋挞2个-单点（8.51*1）,蛋挞,,,,非会员,23,,,依据餐量提供餐具；手机尾号：2216；送上楼,,8.51,4.90,0.00,0.00,0,0,0.00,0.00,,【活动支出】拼团反圈活动:0.00元,-,-,-,0.00,温州区域,温州直营,,,否,-,平台配送
圣比萨（温大C区店）,SBS00031,温州,"8036480255678885238	",饿了么,平台外卖,已完成,2025-10-24 10:53:12,2025-10-24 10:53:12,2025-10-24 10:53:12,饿了么支付-在线支付,,即时单,2025-10-24 10:53:12,10.05,自动出餐,1,否,番茄牛肉意面-单点（12.64*1）,番茄牛肉意面,,,,非会员,24,,,依据餐量提供餐具；手机尾号：7335；送上楼,,12.64,9.03,0.00,0.00,0,0,0.00,0.00,,【活动支出】拼团反圈活动:0.00元,-,-,-,0.00,温州区域,温州直营,,,否,-,平台配送
圣比萨（温大C区店）,SBS00031,温州,"8048816089568398616	",饿了么,平台外卖,已完成,2025-10-24 10:59:04,2025-10-24 10:59:04,2025-10-24 10:59:05,饿了么支付-在线支付,,即时单,2025-10-24 10:59:04,10.00,自动出餐,1,否,圣BBQ烤鸡肉手握披萨+冰凉粉+上楼-单点-高校配（14.61*1）,烤奥尔良鸡肉手握披萨+冰凉粉,,,,非会员,25,,,依据餐量提供餐具；手机尾号：2595；送上楼,,14.61,9.60,1.40,0.00,0,0,0.00,0.00,,【活动支出】拼团正招玩法:1.40元,-,-,-,0.00,温州区域,温州直营,,,否,-,平台配送
圣比萨（温大C区店）,SBS00031,温州,"8067946089609503062	",饿了么,平台外卖,已完成,2025-10-24 11:02:50,2025-10-24 11:02:50,2025-10-24 11:02:50,饿了么支付-在线支付,,即时单,2025-10-24 11:02:50,12.03,自动出餐,1,否,"送餐上楼【下午1-4点晚上7点之后放外卖柜】（0.00*1）,DIY单人套餐（主食小吃饮品自选）（48.00*1）,餐盒（1.00*1）",送餐上楼+小芬达+蛋挞+咖喱鸡肉芝士焗饭,,,,非会员,26,,,依据餐量提供餐具；手机尾号：6369；送上楼,,48.00,15.78,29.10,0.00,0,0,0.92,0.00,1.60,【活动支出】单品特价:20.10元+【活动支出】饿了么红包:5.00元+【活动支出】 商家自营销加码:2.00元+【活动支出】粉丝群:2.00元+【活动支出】替用户承担配送费:1.6元,-,-,-,1.00,温州区域,温州直营,,,否,-,平台配送
圣比萨（温大C区店）,SBS00031,温州,"8070490255782814115	",饿了么,平台外卖,已完成,2025-10-24 11:03:17,2025-10-24 11:03:17,2025-10-24 11:03:17,饿了么支付-在线支付,,即时单,2025-10-24 11:03:17,12.22,自动出餐,1,否,圣BBQ烤鸡肉手握披萨+冰凉粉+上楼-单点-高校配（14.61*1）,烤奥尔良鸡肉手握披萨+冰凉粉,,,,非会员,27,,,依据餐量提供餐具；手机尾号：7952；送上楼,,14.61,9.60,1.40,0.00,0,0,0.00,0.00,,【活动支出】拼团正招玩法:1.40元,-,-,-,0.00,温州区域,温州直营,,,否,-,平台配送
圣比萨（温大C区店）,SBS00031,温州,"8088160255704061327	",饿了么,平台外卖,已完成,2025-10-24 11:11:33,2025-10-24 11:11:33,2025-10-24 11:11:33,饿了么支付-在线支付,,即时单,2025-10-24 11:11:33,12.00,自动出餐,1,否,圣BBQ烤鸡肉手握披萨+冰凉粉+上楼-单点-高校配（14.61*1）,烤奥尔良鸡肉手握披萨+冰凉粉,,,,非会员,28,,,不要凉粉，能换最好，不能就算了 / 依据餐量提供餐具；手机尾号：7033；送上楼,,14.61,9.60,1.40,0.00,0,0,0.00,0.00,,【活动支出】拼团正招玩法:1.40元,-,-,-,0.00,温州区域,温州直营,,,否,-,平台配送
圣比萨（温大C区店）,SBS00031,温州,"8043280255805075796	",饿了么,平台外卖,已完成,2025-10-24 11:15:37,2025-10-24 11:15:37,2025-10-24 11:15:38,饿了么支付-在线支付,,即时单,2025-10-24 11:15:37,12.23,自动出餐,1,否,番茄牛肉意面-单点（12.64*1）,番茄牛肉意面,,,,非会员,29,,,依据餐量提供餐具；手机尾号：5378；送上楼,,12.64,9.03,0.00,0.00,0,0,0.00,0.00,,【活动支出】拼团反圈活动:0.00元,-,-,-,0.00,温州区域,温州直营,,,否,-,平台配送
圣比萨（温大C区店）,SBS00031,温州,"8090936089619975430	",饿了么,平台外卖,已完成,2025-10-24 11:15:44,2025-10-24 11:15:44,2025-10-24 11:15:44,饿了么支付-在线支付,,即时单,2025-10-24 11:15:44,12.13,自动出餐,1,否,圣BBQ烤鸡肉手握披萨+冰凉粉+上楼-单点-高校配（14.61*1）,烤奥尔良鸡肉手握披萨+冰凉粉,,,,非会员,30,,,依据餐量提供餐具；手机尾号：7422；送上楼,,14.61,9.60,1.40,0.00,0,0,0.00,0.00,,【活动支出】拼团正招玩法:1.40元,-,-,-,0.00,温州区域,温州直营,,,否,-,平台配送
圣比萨（温大C区店）,SBS00031,温州,"8015440255713578491	",饿了么,平台外卖,已完成,2025-10-24 11:18:29,2025-10-24 11:18:29,2025-10-24 11:18:29,饿了么支付-在线支付,,即时单,2025-10-24 11:18:29,12.00,自动出餐,1,否,"照烧鸡肉单人餐（冰豆花自选)（58.00*1）,外卖柜取餐【有短信或者电话通知】（0.00*1）,餐盒（1.00*1）",冰豆花（额外加糖）+照烧鸡肉手握披萨+楼下自取,,,,非会员,31,,,依据餐量提供餐具；手机尾号：7907；送上楼,,58.00,13.88,41.10,0.00,0,0,0.82,0.00,1.60,【活动支出】单品特价:32.10元+【活动支出】精准营销:2.00元+【活动支出】饿了么红包:7.00元+【活动支出】替用户承担配送费:1.6元,-,-,-,1.00,温州区域,温州直营,,,否,-,平台配送
圣比萨（温大C区店）,SBS00031,温州,"8099390255614712287	",饿了么,平台外卖,已完成,2025-10-24 11:19:52,2025-10-24 11:19:52,2025-10-24 11:19:52,饿了么支付-在线支付,,即时单,2025-10-24 11:19:52,12.05,自动出餐,1,否,"披萨买一送一（58.00*1）,送餐上楼【下午1-4点晚上7点之后放外卖柜】（0.00*1）,餐盒（2.00*1）",照烧鸡肉手握披萨+海陆手握披萨+送餐上楼,,,,非会员,32,,,依据餐量提供餐具；手机尾号：9474；送上楼,,58.00,27.18,28.10,0.00,0,0,1.52,0.00,1.60,【活动支出】店铺满减:1.00元+【活动支出】单品特价:18.10元+【活动支出】 商家自营销加码:2.00元+【活动支出】粉丝群:2.00元+【活动支出】饿了么红包:5.00元+【活动支出】替用户承担配送费:1.6元,-,-,-,2.00,温州区域,温州直营,,,否,-,平台配送
圣比萨（温大C区店）,SBS00031,温州,"8054480255721461025	",饿了么,平台外卖,已完成,2025-10-24 11:22:24,2025-10-24 11:22:24,2025-10-24 11:22:24,饿了么支付-在线支付,,即时单,2025-10-24 11:22:24,12.02,自动出餐,1,否,番茄牛肉意面-单点（12.64*1）,番茄牛肉意面,,,,非会员,33,,,1份餐具；手机尾号：6339；聚合送,,12.64,9.03,0.00,0.00,0,0,0.00,0.00,,【活动支出】拼团反圈活动:0.00元,-,-,-,0.00,温州区域,温州直营,,,否,-,平台配送
圣比萨（温大C区店）,SBS00031,温州,"8018536089598658022	",饿了么,平台外卖,已完成,2025-10-24 11:22:26,2025-10-24 11:22:26,2025-10-24 11:22:26,饿了么支付-在线支付,,即时单,2025-10-24 11:22:26,12.13,自动出餐,1,否,番茄牛肉意面-单点（12.64*1）,番茄牛肉意面,,,,非会员,34,,,依据餐量提供餐具；手机尾号：1863；聚合送,,12.64,9.03,0.00,0.00,0,0,0.00,0.00,,【活动支出】拼团反圈活动:0.00元,-,-,-,0.00,温州区域,温州直营,,,否,-,平台配送
圣比萨（温大C区店）,SBS00031,温州,"8046090255715956149	",饿了么,平台外卖,已完成,2025-10-24 11:23:39,2025-10-24 11:23:39,2025-10-24 11:23:39,饿了么支付-在线支付,,即时单,2025-10-24 11:23:39,12.08,自动出餐,1,否,"照烧鸡肉单人餐（冰豆花自选)（58.00*1）,送餐上楼【下午1-4点晚上7点之后放外卖柜】（0.00*1）,餐盒（1.00*1）",冰豆花（额外加糖）+照烧鸡肉手握披萨+送餐上楼,,,,非会员,35,,,无需餐具；手机尾号：8952；聚合送,,58.00,13.88,41.10,0.00,0,0,0.82,0.00,1.60,【活动支出】单品特价:32.10元+【活动支出】精准营销:2.00元+【活动支出】饿了么红包:7.00元+【活动支出】替用户承担配送费:1.6元,-,-,-,1.00,温州区域,温州直营,,,否,-,平台配送
圣比萨（温大C区店）,SBS00031,温州,"8045270255618802134	",饿了么,平台外卖,已完成,2025-10-24 11:29:40,2025-10-24 11:29:40,2025-10-24 11:29:40,饿了么支付-在线支付,,即时单,2025-10-24 11:29:40,12.03,自动出餐,1,否,圣BBQ烤鸡肉手握披萨+冰凉粉+上楼-单点-高校配（14.61*1）,烤奥尔良鸡肉手握披萨+冰凉粉,,,,非会员,36,,,依据餐量提供餐具；手机尾号：5626；聚合送,,14.61,9.60,1.40,0.00,0,0,0.00,0.00,,【活动支出】拼团正招玩法:1.40元,-,-,-,0.00,温州区域,温州直营,,,否,-,平台配送
圣比萨（温大C区店）,SBS00031,温州,"8049220255621294402	",饿了么,平台外卖,已完成,2025-10-24 11:29:41,2025-10-24 11:29:41,2025-10-24 11:29:41,饿了么支付-在线支付,,即时单,2025-10-24 11:29:41,12.00,自动出餐,1,否,蛋挞2个-单点（8.51*1）,蛋挞,,,,非会员,37,,,依据餐量提供餐具；手机尾号：9689；送上楼,,8.51,4.90,0.00,0.00,0,0,0.00,0.00,,【活动支出】拼团反圈活动:0.00元,-,-,-,0.00,温州区域,温州直营,,,否,-,平台配送
圣比萨（温大C区店）,SBS00031,温州,"8073716089611896162	",饿了么,平台外卖,已完成,2025-10-24 11:32:20,2025-10-24 11:32:20,2025-10-24 11:32:20,饿了么支付-在线支付,,即时单,2025-10-24 11:32:20,12.05,自动出餐,1,否,番茄牛肉意面-单点（12.64*1）,番茄牛肉意面,,,,非会员,38,,,依据餐量提供餐具；手机尾号：2821；送上楼,,12.64,9.03,0.00,0.00,0,0,0.00,0.00,,【活动支出】拼团反圈活动:0.00元,-,-,-,0.00,温州区域,温州直营,,,否,-,平台配送
圣比萨（温大C区店）,SBS00031,温州,"8032956089621230978	",饿了么,平台外卖,已完成,2025-10-24 11:32:21,2025-10-24 11:32:21,2025-10-24 11:32:21,饿了么支付-在线支付,,即时单,2025-10-24 11:32:21,12.18,自动出餐,1,否,圣BBQ烤鸡肉手握披萨+冰凉粉+上楼-单点-高校配（14.61*1）,烤奥尔良鸡肉手握披萨+冰凉粉,,,,非会员,39,,,依据餐量提供餐具；手机尾号：6096；聚合送,,14.61,9.60,1.40,0.00,0,0,0.00,0.00,,【活动支出】拼团正招玩法:1.40元,-,-,-,0.00,温州区域,温州直营,,,否,-,平台配送
圣比萨（温大C区店）,SBS00031,温州,"8073716089645672861	",饿了么,平台外卖,已完成,2025-10-24 11:37:51,2025-10-24 11:37:51,2025-10-24 11:37:51,饿了么支付-在线支付,,即时单,2025-10-24 11:37:51,12.03,自动出餐,1,否,奥尔良烤翅-单点（10.51*1）,奥尔良烤翅,,,,非会员,40,,,依据餐量提供餐具；手机尾号：2821；送上楼,,10.51,6.90,0.00,0.00,0,0,0.00,0.00,,【活动支出】拼团反圈活动:0.00元,-,-,-,0.00,温州区域,温州直营,,,否,-,平台配送
圣比萨（温大C区店）,SBS00031,温州,"8005546089625970998	",饿了么,平台外卖,已完成,2025-10-24 11:38:58,2025-10-24 11:38:58,2025-10-24 11:38:58,饿了么支付-在线支付,,即时单,2025-10-24 11:38:58,12.17,自动出餐,1,否,蛋挞2个-单点（8.51*1）,蛋挞,,,,非会员,41,,,依据餐量提供餐具；手机尾号：8062；送上楼,,8.51,4.90,0.00,0.00,0,0,0.00,0.00,,【活动支出】拼团反圈活动:0.00元,-,-,-,0.00,温州区域,温州直营,,,否,-,平台配送
圣比萨（温大C区店）,SBS00031,温州,"8096190255644781025	",饿了么,平台外卖,已完成,2025-10-24 11:48:46,2025-10-24 11:48:46,2025-10-24 11:48:47,饿了么支付-在线支付,,即时单,2025-10-24 11:48:46,12.20,自动出餐,1,否,圣BBQ烤鸡肉手握披萨+冰凉粉+上楼-单点-高校配（14.61*1）,烤奥尔良鸡肉手握披萨+冰凉粉,,,,非会员,42,,,依据餐量提供餐具；手机尾号：2291；送上楼,,14.61,9.60,1.40,0.00,0,0,0.00,0.00,,【活动支出】拼团正招玩法:1.40元,-,-,-,0.00,温州区域,温州直营,,,否,-,平台配送
圣比萨（温大C区店）,SBS00031,温州,"8029726089656761830	",饿了么,平台外卖,已完成,2025-10-24 11:48:55,2025-10-24 11:48:55,2025-10-24 11:48:56,饿了么支付-在线支付,,即时单,2025-10-24 11:48:55,12.22,自动出餐,1,否,蛋挞2个-单点（8.51*1）,蛋挞,,,,非会员,43,,,依据餐量提供餐具；手机尾号：6252；送上楼,,8.51,4.90,0.00,0.00,0,0,0.00,0.00,,【活动支出】拼团反圈活动:0.00元,-,-,-,0.00,温州区域,温州直营,,,否,-,平台配送
圣比萨（温大C区店）,SBS00031,温州,"8052766089646378431	",饿了么,平台外卖,已完成,2025-10-24 12:05:36,2025-10-24 12:05:36,2025-10-24 12:05:36,饿了么支付-在线支付,,即时单,2025-10-24 12:05:36,12.22,自动出餐,1,否,圣BBQ烤鸡肉手握披萨+冰凉粉+上楼-单点-高校配（14.61*1）,烤奥尔良鸡肉手握披萨+冰凉粉,,,,非会员,44,,,依据餐量提供餐具；手机尾号：6589；送上楼,,14.61,9.60,1.40,0.00,0,0,0.00,0.00,,【活动支出】拼团正招玩法:1.40元,-,-,-,0.00,温州区域,温州直营,,,否,-,平台配送
圣比萨（温大C区店）,SBS00031,温州,"8067996089672673688	",饿了么,平台外卖,已完成,2025-10-24 12:16:34,2025-10-24 12:16:34,2025-10-24 12:16:34,饿了么支付-在线支付,,即时单,2025-10-24 12:16:34,12.17,自动出餐,1,否,番茄牛肉意面-单点（12.64*1）,番茄牛肉意面,,,,非会员,45,,,依据餐量提供餐具；手机尾号：3505；送上楼,,12.64,9.03,0.00,0.00,0,0,0.00,0.00,,【活动支出】拼团反圈活动:0.00元,-,-,-,0.00,温州区域,温州直营,,,否,-,平台配送
圣比萨（温大C区店）,SBS00031,温州,"8082140255855988200	",饿了么,平台外卖,已完成,2025-10-24 12:31:13,2025-10-24 12:31:13,2025-10-24 12:31:13,饿了么支付-在线支付,,即时单,2025-10-24 12:31:13,12.15,自动出餐,1,否,照烧鸡肉手握披萨-单点（16.81*1）,照烧鸡肉手握披萨,,,,非会员,46,,,依据餐量提供餐具；手机尾号：0597；送上楼,,16.81,13.20,0.00,0.00,0,0,0.00,0.00,,【活动支出】拼团反圈活动:0.00元,-,-,-,0.00,温州区域,温州直营,,,否,-,平台配送
圣比萨（温大C区店）,SBS00031,温州,"8064816089720975773	",饿了么,平台外卖,已退款,2025-10-24 14:57:29,2025-10-24 14:57:29,2025-10-24 14:57:29,饿了么支付-在线支付,,即时单,2025-10-24 14:57:29,,未出餐,1,否,"外卖柜取餐【有短信或者电话通知】（0.00*1）,披萨买一送一（58.00*1）,餐盒（2.00*1）",楼下自取+川香辣牛肉手握披萨+海陆手握披萨,,,,非会员,47,,,依据餐量提供餐具；手机尾号：8720；送上楼,订单强制无效（商家主动取消已接订单、用户1分钟内取消),58.00,-3.17,19.10,38.90,0,0,1.97,0.00,1.60,【活动支出】店铺满减:1.00元+【活动支出】单品特价:18.10元+【活动支出】替用户承担配送费:1.6元,-,-,-,2.00,温州区域,温州直营,,,否,-,平台配送
圣比萨（温大C区店）,SBS00031,温州,"8064816089737774382	",饿了么,平台外卖,已完成,2025-10-24 14:58:22,2025-10-24 14:58:22,2025-10-24 14:58:23,饿了么支付-在线支付,,即时单,2025-10-24 14:58:22,10.07,自动出餐,1,否,"外卖柜取餐【有短信或者电话通知】（0.00*1）,披萨买一送一（58.00*1）,餐盒（2.00*1）",楼下自取+川香辣牛肉手握披萨+海陆手握披萨,,,,非会员,48,,,依据餐量提供餐具；手机尾号：8720；送上楼,,58.00,29.08,26.10,0.00,0,0,1.62,0.00,1.60,【活动支出】店铺满减:1.00元+【活动支出】单品特价:18.10元+【活动支出】饿了么红包:5.00元+【活动支出】 商家自营销加码:2.00元+【活动支出】替用户承担配送费:1.6元,-,-,-,2.00,温州区域,温州直营,,,否,-,平台配送
圣比萨（温大C区店）,SBS00031,温州,"8082626089705137513	",饿了么,平台外卖,已完成,2025-10-24 15:33:47,2025-10-24 15:33:47,2025-10-24 15:33:48,饿了么支付-在线支付,,即时单,2025-10-24 15:33:47,10.17,自动出餐,1,否,圣BBQ烤鸡肉手握披萨+冰凉粉+上楼-单点-高校配（14.61*1）,烤奥尔良鸡肉手握披萨+冰凉粉,,,,非会员,49,,,依据餐量提供餐具；手机尾号：0335；送上楼,,14.61,9.60,1.40,0.00,0,0,0.00,0.00,,【活动支出】拼团正招玩法:1.40元,-,-,-,0.00,温州区域,温州直营,,,否,-,平台配送
圣比萨（温大C区店）,SBS00031,温州,"8077886089709040013	",饿了么,平台外卖,已完成,2025-10-24 15:41:49,2025-10-24 15:41:49,2025-10-24 15:41:49,饿了么支付-在线支付,,即时单,2025-10-24 15:41:49,10.17,自动出餐,1,否,蛋挞2个-单点（8.51*1）,蛋挞,,,,非会员,50,,,依据餐量提供餐具；手机尾号：2986；送上楼,,8.51,4.90,0.00,0.00,0,0,0.00,0.00,,【活动支出】拼团反圈活动:0.00元,-,-,-,0.00,温州区域,温州直营,,,否,-,平台配送
圣比萨（温大C区店）,SBS00031,温州,"8028876089724947734	",饿了么,平台外卖,已完成,2025-10-24 15:44:32,2025-10-24 15:44:32,2025-10-24 15:44:32,饿了么支付-在线支付,,即时单,2025-10-24 15:44:32,10.07,自动出餐,1,否,圣BBQ烤鸡肉手握披萨+冰凉粉+上楼-单点-高校配（14.61*1）,烤奥尔良鸡肉手握披萨+冰凉粉,,,,非会员,51,,,依据餐量提供餐具；手机尾号：3496；聚合送,,14.61,9.60,1.40,0.00,0,0,0.00,0.00,,【活动支出】拼团正招玩法:1.40元,-,-,-,0.00,温州区域,温州直营,,,否,-,平台配送
圣比萨（温大C区店）,SBS00031,温州,"8026536089754588605	",饿了么,平台外卖,已完成,2025-10-24 15:44:36,2025-10-24 15:44:36,2025-10-24 15:44:37,饿了么支付-在线支付,,即时单,2025-10-24 15:44:36,10.18,自动出餐,1,否,圣BBQ烤鸡肉手握披萨+冰凉粉+上楼-单点-高校配（14.61*1）,烤奥尔良鸡肉手握披萨+冰凉粉,,,,非会员,52,,,依据餐量提供餐具；手机尾号：6600；送上楼,,14.61,9.60,1.40,0.00,0,0,0.00,0.00,,【活动支出】拼团正招玩法:1.40元,-,-,-,0.00,温州区域,温州直营,,,否,-,平台配送
圣比萨（温大C区店）,SBS00031,温州,"8068030255843855870	",饿了么,平台外卖,已完成,2025-10-24 15:52:16,2025-10-24 15:52:16,2025-10-24 15:52:16,饿了么支付-在线支付,,即时单,2025-10-24 15:52:16,10.22,自动出餐,1,否,圣BBQ烤鸡肉手握披萨+冰凉粉+上楼-单点-高校配（14.61*1）,烤奥尔良鸡肉手握披萨+冰凉粉,,,,非会员,53,,,依据餐量提供餐具；手机尾号：0295；送上楼,,14.61,9.60,1.40,0.00,0,0,0.00,0.00,,【活动支出】拼团正招玩法:1.40元,-,-,-,0.00,温州区域,温州直营,,,否,-,平台配送
圣比萨（温大C区店）,SBS00031,温州,"8034460255937954191	",饿了么,平台外卖,已完成,2025-10-24 16:04:07,2025-10-24 16:04:07,2025-10-24 16:04:08,饿了么支付-在线支付,,即时单,2025-10-24 16:04:07,10.13,自动出餐,1,否,"老酸奶水果披萨-7英寸[{""name"":""规格"",""value"":""7英寸""}]（42.00*1）,送餐上楼【下午1-4点晚上7点之后放外卖柜】（0.00*1）,餐盒（1.00*1）",老酸奶水果披萨+送餐上楼,,,,非会员,54,,,依据餐量提供餐具；手机尾号：8761；送上楼,,42.00,15.78,23.10,0.00,0,0,0.92,0.00,1.60,【活动支出】单品特价:16.10元+【活动支出】饿了么红包:7.00元+【活动支出】替用户承担配送费:1.6元,-,-,-,1.00,温州区域,温州直营,,,否,-,平台配送
圣比萨（温大C区店）,SBS00031,温州,"8030576089739608373	",饿了么,平台外卖,已完成,2025-10-24 16:04:52,2025-10-24 16:04:52,2025-10-24 16:04:52,饿了么支付-在线支付,,即时单,2025-10-24 16:04:52,10.02,自动出餐,1,否,"送餐上楼【下午1-4点晚上7点之后放外卖柜】（0.00*1）,烤奥尔良鸡肉手握披萨（32.00*1）,餐盒（1.00*1）",送餐上楼+烤奥尔良鸡肉手握披萨,,,,非会员,55,,,依据餐量提供餐具；手机尾号：2858；送上楼,,32.00,11.98,17.10,0.00,0,0,0.72,0.00,1.60,【活动支出】单品特价:10.10元+【活动支出】饿了么红包:5.00元+【活动支出】 商家自营销加码:2.00元+【活动支出】CPS商户叠加券:0.00元+【活动支出】替用户承担配送费:1.6元,-,-,-,1.00,温州区域,温州直营,,,否,-,平台配送
圣比萨（温大C区店）,SBS00031,温州,"8063866089713366427	",饿了么,平台外卖,已完成,2025-10-24 16:05:06,2025-10-24 16:05:06,2025-10-24 16:05:06,饿了么支付-在线支付,,即时单,2025-10-24 16:05:06,10.02,自动出餐,1,否,圣BBQ烤鸡肉手握披萨+冰凉粉+上楼-单点-高校配（14.61*1）,烤奥尔良鸡肉手握披萨+冰凉粉,,,,非会员,56,,,无需餐具；手机尾号：1780；送上楼,,14.61,9.60,1.40,0.00,0,0,0.00,0.00,,【活动支出】拼团正招玩法:1.40元,-,-,-,0.00,温州区域,温州直营,,,否,-,平台配送
圣比萨（温大C区店）,SBS00031,温州,"8052470255939630389	",饿了么,平台外卖,已完成,2025-10-24 16:05:12,2025-10-24 16:05:12,2025-10-24 16:05:13,饿了么支付-在线支付,,即时单,2025-10-24 16:05:12,10.17,自动出餐,1,否,圣BBQ烤鸡肉手握披萨+冰凉粉+上楼-单点-高校配（14.61*1）,烤奥尔良鸡肉手握披萨+冰凉粉,,,,非会员,57,,,依据餐量提供餐具；手机尾号：1757；送上楼,,14.61,9.60,1.40,0.00,0,0,0.00,0.00,,【活动支出】拼团正招玩法:1.40元,-,-,-,0.00,温州区域,温州直营,,,否,-,平台配送
圣比萨（温大C区店）,SBS00031,温州,"8031170255859390829	",饿了么,平台外卖,已完成,2025-10-24 16:09:17,2025-10-24 16:09:17,2025-10-24 16:09:17,饿了么支付-在线支付,,即时单,2025-10-24 16:09:17,10.08,自动出餐,1,否,"番茄牛肉意面（25.00*1）,送餐上楼【下午1-4点晚上7点之后放外卖柜】（0.00*1）,餐盒（2.00*1）",番茄牛肉意面+送餐上楼,,,,非会员,58,,,依据餐量提供餐具；手机尾号：6165；送上楼,,25.00,10.08,13.10,0.00,0,0,0.62,0.00,1.60,【活动支出】单品特价:6.10元+【活动支出】 商家自营销加码:2.00元+【活动支出】CPS商户叠加券:0.00元+【活动支出】饿了么红包:5.00元+【活动支出】淘金币:0.00元+【活动支出】替用户承担配送费:1.6元,-,-,-,2.00,温州区域,温州直营,,,否,-,平台配送
圣比萨（温大C区店）,SBS00031,温州,"8001576089756187030	",饿了么,平台外卖,已完成,2025-10-24 16:14:09,2025-10-24 16:14:09,2025-10-24 16:14:09,饿了么支付-在线支付,,即时单,2025-10-24 16:14:09,10.15,自动出餐,1,否,"番茄牛肉意面（25.00*1）,外卖柜取餐【有短信或者电话通知】（0.00*1）,餐盒（2.00*1）",番茄牛肉意面+楼下自取,,,,非会员,59,,,依据餐量提供餐具；手机尾号：5554；送上楼,,25.00,10.08,13.10,0.00,0,0,0.62,0.00,1.60,【活动支出】单品特价:6.10元+【活动支出】饿了么红包:7.00元+【活动支出】替用户承担配送费:1.6元,-,-,-,2.00,温州区域,温州直营,,,否,-,平台配送
圣比萨（温大C区店）,SBS00031,温州,"8003686089764910519	",饿了么,平台外卖,已完成,2025-10-24 16:25:03,2025-10-24 16:25:03,2025-10-24 16:25:04,饿了么支付-在线支付,,即时单,2025-10-24 16:25:03,10.07,自动出餐,1,否,番茄牛肉意面-单点（12.64*1）,番茄牛肉意面,,,,非会员,60,,,依据餐量提供餐具；手机尾号：4332；送上楼,,12.64,9.03,0.00,0.00,0,0,0.00,0.00,,【活动支出】拼团反圈活动:0.00元,-,-,-,0.00,温州区域,温州直营,,,否,-,平台配送
圣比萨（温大C区店）,SBS00031,温州,"8018410255948711315	",饿了么,平台外卖,已完成,2025-10-24 16:28:40,2025-10-24 16:28:40,2025-10-24 16:28:40,饿了么支付-在线支付,,即时单,2025-10-24 16:28:40,10.08,自动出餐,1,否,圣BBQ烤鸡肉手握披萨+冰凉粉+上楼-单点-高校配（14.61*1）,烤奥尔良鸡肉手握披萨+冰凉粉,,,,非会员,61,,,依据餐量提供餐具；手机尾号：5305；送上楼,,14.61,9.60,1.40,0.00,0,0,0.00,0.00,,【活动支出】拼团正招玩法:1.40元,-,-,-,0.00,温州区域,温州直营,,,否,-,平台配送
圣比萨（温大C区店）,SBS00031,温州,"8037926089763145145	",饿了么,平台外卖,已完成,2025-10-24 16:33:09,2025-10-24 16:33:09,2025-10-24 16:33:09,饿了么支付-在线支付,,即时单,2025-10-24 16:33:09,10.03,自动出餐,1,否,"番茄牛肉意面（25.00*1）,外卖柜取餐【有短信或者电话通知】（0.00*1）,餐盒（2.00*1）",番茄牛肉意面+楼下自取,,,,非会员,62,,,依据餐量提供餐具；手机尾号：1224；送上楼,,25.00,8.18,15.10,0.00,0,0,0.52,0.00,1.60,【活动支出】单品特价:6.10元+【活动支出】 商家自营销加码:2.00元+【活动支出】粉丝群:2.00元+【活动支出】饿了么红包:5.00元+【活动支出】替用户承担配送费:1.6元,-,-,-,2.00,温州区域,温州直营,,,否,-,平台配送
圣比萨（温大C区店）,SBS00031,温州,"8082160255866078562	",饿了么,平台外卖,已完成,2025-10-24 16:37:07,2025-10-24 16:37:07,2025-10-24 16:37:07,饿了么支付-在线支付,,即时单,2025-10-24 16:37:07,10.10,自动出餐,1,否,"外卖柜取餐【有短信或者电话通知】（0.00*1）,#点击右上角收藏❤0.01多加5g芝士(只能加披萨里)（5.00*1）,葡式蛋挞1个（4.00*1）,烤奥尔良鸡肉手握披萨（32.00*1）,餐盒（1.50*1）",楼下自取+芝士5克+蛋挞1个+烤奥尔良鸡肉手握披萨,,,,非会员,63,,,1份餐具；手机尾号：8807；送上楼,,41.00,13.41,25.10,0.00,0,0,0.79,0.00,1.60,【活动支出】单品特价:4.90元+【活动支出】单品特价:3.10元+【活动支出】单品特价:10.10元+【活动支出】饿了么红包:5.00元+【活动支出】 商家自营销加码:2.00元+【活动支出】CPS商户叠加券:0.00元+【活动支出】淘金币:0.00元+【活动支出】替用户承担配送费:1.6元,-,-,-,1.50,温州区域,温州直营,,,否,-,平台配送
圣比萨（温大C区店）,SBS00031,温州,"8063060255953551849	",饿了么,平台外卖,已完成,2025-10-24 16:46:38,2025-10-24 16:46:38,2025-10-24 16:46:38,饿了么支付-在线支付,,即时单,2025-10-24 16:46:38,10.03,自动出餐,1,否,圣BBQ烤鸡肉手握披萨+冰凉粉+上楼-单点-高校配（14.61*1）,烤奥尔良鸡肉手握披萨+冰凉粉,,,,非会员,64,,,1份餐具；手机尾号：4285；送上楼,,14.61,9.60,1.40,0.00,0,0,0.00,0.00,,【活动支出】拼团正招玩法:1.40元,-,-,-,0.00,温州区域,温州直营,,,否,-,平台配送
圣比萨（温大C区店）,SBS00031,温州,"8067060255758862634	",饿了么,平台外卖,已完成,2025-10-24 16:46:42,2025-10-24 16:46:42,2025-10-24 16:46:42,饿了么支付-在线支付,,即时单,2025-10-24 16:46:42,10.10,自动出餐,1,否,奥尔良烤翅-单点（10.51*1）,奥尔良烤翅,,,,非会员,65,,,依据餐量提供餐具；手机尾号：0227；送上楼,,10.51,6.90,0.00,0.00,0,0,0.00,0.00,,【活动支出】拼团反圈活动:0.00元,-,-,-,0.00,温州区域,温州直营,,,否,-,平台配送
圣比萨（温大C区店）,SBS00031,温州,"8066956089757735307	",饿了么,平台外卖,已完成,2025-10-24 16:50:09,2025-10-24 16:50:09,2025-10-24 16:50:09,饿了么支付-在线支付,,即时单,2025-10-24 16:50:09,10.13,自动出餐,1,否,薯系小份+上校鸡块*3+蛋挞1-单点（13.51*1）,薯系小份+上校鸡块*3+蛋挞1-单点,,,,非会员,66,,,依据餐量提供餐具；手机尾号：3718；聚合送,,13.51,9.90,0.00,0.00,0,0,0.00,0.00,,【活动支出】拼团反圈活动:0.00元,-,-,-,0.00,温州区域,温州直营,,,否,-,平台配送
圣比萨（温大C区店）,SBS00031,温州,"8085460255870073189	",饿了么,平台外卖,已完成,2025-10-24 16:57:52,2025-10-24 16:57:52,2025-10-24 16:57:53,饿了么支付-在线支付,,即时单,2025-10-24 16:57:52,10.03,自动出餐,1,否,圣BBQ烤鸡肉手握披萨+冰凉粉+上楼-单点-高校配（14.61*1）,烤奥尔良鸡肉手握披萨+冰凉粉,,,,非会员,67,,,依据餐量提供餐具；手机尾号：5399；送上楼,,14.61,9.60,1.40,0.00,0,0,0.00,0.00,,【活动支出】拼团正招玩法:1.40元,-,-,-,0.00,温州区域,温州直营,,,否,-,平台配送
圣比萨（温大C区店）,SBS00031,温州,"8020676089735995800	",饿了么,平台外卖,已完成,2025-10-24 17:00:25,2025-10-24 17:00:25,2025-10-24 17:00:25,饿了么支付-在线支付,,即时单,2025-10-24 17:00:25,10.10,自动出餐,1,否,圣BBQ烤鸡肉手握披萨+冰凉粉+上楼-单点-高校配（14.61*1）,烤奥尔良鸡肉手握披萨+冰凉粉,,,,非会员,68,,,依据餐量提供餐具；手机尾号：2860；送上楼,,14.61,9.60,1.40,0.00,0,0,0.00,0.00,,【活动支出】拼团正招玩法:1.40元,-,-,-,0.00,温州区域,温州直营,,,否,-,平台配送
圣比萨（温大C区店）,SBS00031,温州,"8079360255872429527	",饿了么,平台外卖,已完成,2025-10-24 17:00:25,2025-10-24 17:00:25,2025-10-24 17:00:26,饿了么支付-在线支付,,即时单,2025-10-24 17:00:25,10.00,自动出餐,1,否,圣BBQ烤鸡肉手握披萨+冰凉粉+上楼-单点-高校配（14.61*1）,烤奥尔良鸡肉手握披萨+冰凉粉,,,,非会员,69,,,依据餐量提供餐具；手机尾号：5654；送上楼,,14.61,9.60,1.40,0.00,0,0,0.00,0.00,,【活动支出】拼团正招玩法:1.40元,-,-,-,0.00,温州区域,温州直营,,,否,-,平台配送
圣比萨（温大C区店）,SBS00031,温州,"8005360255878756805	",饿了么,平台外卖,已完成,2025-10-24 17:07:29,2025-10-24 17:07:29,2025-10-24 17:07:30,饿了么支付-在线支付,,即时单,2025-10-24 17:07:29,10.20,自动出餐,1,否,圣BBQ烤鸡肉手握披萨+冰凉粉+上楼-单点-高校配（14.61*1）,烤奥尔良鸡肉手握披萨+冰凉粉,,,,非会员,71,,,不吃洋葱，谢谢老板 / 依据餐量提供餐具；手机尾号：6315；送上楼,,14.61,9.60,1.40,0.00,0,0,0.00,0.00,,【活动支出】拼团正招玩法:1.40元,-,-,-,0.00,温州区域,温州直营,,,否,-,平台配送
圣比萨（温大C区店）,SBS00031,温州,"8007986089739327863	",饿了么,平台外卖,已完成,2025-10-24 17:07:29,2025-10-24 17:07:29,2025-10-24 17:07:30,饿了么支付-在线支付,,即时单,2025-10-24 17:07:29,10.13,自动出餐,1,否,圣BBQ烤鸡肉手握披萨+冰凉粉+上楼-单点-高校配（14.61*1）,烤奥尔良鸡肉手握披萨+冰凉粉,,,,非会员,70,,,依据餐量提供餐具；手机尾号：3537；送上楼,,14.61,9.60,1.40,0.00,0,0,0.00,0.00,,【活动支出】拼团正招玩法:1.40元,-,-,-,0.00,温州区域,温州直营,,,否,-,平台配送
圣比萨（温大C区店）,SBS00031,温州,"8012350255770065294	",饿了么,平台外卖,已完成,2025-10-24 17:07:52,2025-10-24 17:07:52,2025-10-24 17:07:52,饿了么支付-在线支付,,即时单,2025-10-24 17:07:52,10.23,自动出餐,1,否,"照烧鸡肉手握披萨（32.00*1）,送餐上楼【下午1-4点晚上7点之后放外卖柜】（0.00*1）,上校鸡块3个（7.00*1）,餐盒（2.00*1）",照烧鸡肉手握披萨+送餐上楼+上校鸡块3个,,,,非会员,72,,,1份餐具；手机尾号：7506；送上楼,,39.00,16.92,19.90,0.00,0,0,0.98,0.00,1.60,【活动支出】单品特价:10.10元+【活动支出】单品特价:2.80元+【活动支出】饿了么红包:7.00元+【活动支出】替用户承担配送费:1.6元,-,-,-,2.00,温州区域,温州直营,,,否,-,平台配送
圣比萨（温大C区店）,SBS00031,温州,"8094150255969067380	",饿了么,平台外卖,已完成,2025-10-24 17:13:05,2025-10-24 17:13:05,2025-10-24 17:13:05,饿了么支付-在线支付,,即时单,2025-10-24 17:13:05,10.17,自动出餐,1,否,奥尔良烤翅-单点（10.51*1）,奥尔良烤翅,,,,非会员,73,,,依据餐量提供餐具；手机尾号：6205；送上楼,,10.51,6.90,0.00,0.00,0,0,0.00,0.00,,【活动支出】拼团反圈活动:0.00元,-,-,-,0.00,温州区域,温州直营,,,否,-,平台配送
圣比萨（温大C区店）,SBS00031,温州,"8086040255778362808	",饿了么,平台外卖,已完成,2025-10-24 17:13:11,2025-10-24 17:13:11,2025-10-24 17:13:12,饿了么支付-在线支付,,即时单,2025-10-24 17:13:11,10.18,自动出餐,1,否,圣BBQ烤鸡肉手握披萨+冰凉粉+上楼-单点-高校配（14.61*1）,烤奥尔良鸡肉手握披萨+冰凉粉,,,,非会员,74,,,依据餐量提供餐具；手机尾号：1567；送上楼,,14.61,9.60,1.40,0.00,0,0,0.00,0.00,,【活动支出】拼团正招玩法:1.40元,-,-,-,0.00,温州区域,温州直营,,,否,-,平台配送
圣比萨（温大C区店）,SBS00031,温州,"8066906089744964988	",饿了么,平台外卖,已完成,2025-10-24 17:16:07,2025-10-24 17:16:07,2025-10-24 17:16:07,饿了么支付-在线支付,,即时单,2025-10-24 17:16:07,10.17,自动出餐,1,否,"番茄牛肉意面-单点[{""name"":""规格"",""value"":""单点""}]（12.64*1）",番茄牛肉意面,,,,非会员,75,,,依据餐量提供；手机尾号：2148；送上楼 需要一起打包,,12.64,9.03,0.00,0.00,0,0,0.00,0.00,,【活动支出】拼团反圈活动:0.00元,-,-,-,0.00,温州区域,温州直营,,,否,-,平台配送
圣比萨（温大C区店）,SBS00031,温州,"8066906089744964987	",饿了么,平台外卖,已完成,2025-10-24 17:16:07,2025-10-24 17:16:07,2025-10-24 17:16:07,饿了么支付-在线支付,,即时单,2025-10-24 17:16:07,10.00,自动出餐,1,否,"薯系小份+上校鸡块*3+蛋挞1-单点[{""name"":""规格"",""value"":""单点""}]（13.51*1）","薯系小份+上校鸡块*3+蛋挞1-单点[{""name"":""规格"",""value"":""单点""}]",,,,非会员,76,,,依据餐量提供；手机尾号：2148；送上楼 需要一起打包,,13.51,9.90,0.00,0.00,0,0,0.00,0.00,,【活动支出】拼团反圈活动:0.00元,-,-,-,0.00,温州区域,温州直营,,,否,-,平台配送
圣比萨（温大C区店）,SBS00031,温州,"8054526089741989154	",饿了么,平台外卖,已完成,2025-10-24 17:16:46,2025-10-24 17:16:46,2025-10-24 17:16:46,饿了么支付-在线支付,,即时单,2025-10-24 17:16:46,10.08,自动出餐,1,否,番茄牛肉意面-单点（12.64*1）,番茄牛肉意面,,,,非会员,77,,,依据餐量提供餐具；手机尾号：5273；送上楼,,12.64,9.03,0.00,0.00,0,0,0.00,0.00,,【活动支出】拼团反圈活动:0.00元,-,-,-,0.00,温州区域,温州直营,,,否,-,平台配送
圣比萨（温大C区店）,SBS00031,温州,"8066906089761750350	",饿了么,平台外卖,已完成,2025-10-24 17:16:46,2025-10-24 17:16:46,2025-10-24 17:16:47,饿了么支付-在线支付,,即时单,2025-10-24 17:16:46,10.18,自动出餐,1,否,奥尔良烤翅-单点（10.51*1）,奥尔良烤翅,,,,非会员,78,,,依据餐量提供餐具；手机尾号：2148；送上楼,,10.51,6.90,0.00,0.00,0,0,0.00,0.00,,【活动支出】拼团反圈活动:0.00元,-,-,-,0.00,温州区域,温州直营,,,否,-,平台配送
圣比萨（温大C区店）,SBS00031,温州,"8054526089767095800	",饿了么,平台外卖,已完成,2025-10-24 17:17:35,2025-10-24 17:17:35,2025-10-24 17:17:36,饿了么支付-在线支付,,即时单,2025-10-24 17:17:35,10.00,自动出餐,1,否,圣BBQ烤鸡肉手握披萨+冰凉粉+上楼-单点-高校配（14.61*1）,烤奥尔良鸡肉手握披萨+冰凉粉,,,,非会员,79,,,依据餐量提供餐具；手机尾号：5273；送上楼,,14.61,9.60,1.40,0.00,0,0,0.00,0.00,,【活动支出】拼团正招玩法:1.40元,-,-,-,0.00,温州区域,温州直营,,,否,-,平台配送
圣比萨（温大C区店）,SBS00031,温州,"8069110255888156049	",饿了么,平台外卖,已完成,2025-10-24 17:17:45,2025-10-24 17:17:45,2025-10-24 17:17:45,饿了么支付-在线支付,,即时单,2025-10-24 17:17:45,10.17,自动出餐,1,否,圣BBQ烤鸡肉手握披萨+冰凉粉+上楼-单点-高校配（14.61*1）,烤奥尔良鸡肉手握披萨+冰凉粉,,,,非会员,80,,,依据餐量提供餐具；手机尾号：2836；送上楼,,14.61,9.60,1.40,0.00,0,0,0.00,0.00,,【活动支出】拼团正招玩法:1.40元,-,-,-,0.00,温州区域,温州直营,,,否,-,平台配送
圣比萨（温大C区店）,SBS00031,温州,"8035516089795193211	",饿了么,平台外卖,已完成,2025-10-24 17:28:46,2025-10-24 17:28:46,2025-10-24 17:28:46,饿了么支付-在线支付,,即时单,2025-10-24 17:28:46,10.03,自动出餐,1,否,"牛肉蘑菇手握披萨（35.00*1）,送餐上楼【下午1-4点晚上7点之后放外卖柜】（0.00*1）,葡式蛋挞1个（4.00*1）,餐盒（1.50*1）",川香辣牛肉手握披萨+送餐上楼+蛋挞1个,,,,非会员,81,,,1份餐具；手机尾号：7525；送上楼,,39.00,13.31,23.20,0.00,0,0,0.79,0.00,1.60,【活动支出】单品特价:11.10元+【活动支出】单品特价:3.10元+【活动支出】粉丝群:2.00元+【活动支出】饿了么红包:7.00元+【活动支出】替用户承担配送费:1.6元,-,-,-,1.50,温州区域,温州直营,,,否,-,平台配送
圣比萨（温大C区店）,SBS00031,温州,"8093856089775165735	",饿了么,平台外卖,已完成,2025-10-24 17:29:01,2025-10-24 17:29:01,2025-10-24 17:29:01,饿了么支付-在线支付,,即时单,2025-10-24 17:29:01,10.22,自动出餐,1,否,蛋挞2个-单点（8.51*1）,蛋挞,,,,非会员,82,,,依据餐量提供餐具；手机尾号：2297；送上楼,,8.51,4.90,0.00,0.00,0,0,0.00,0.00,,【活动支出】拼团反圈活动:0.00元,-,-,-,0.00,温州区域,温州直营,,,否,-,平台配送
圣比萨（温大C区店）,SBS00031,温州,"8074526089775263142	",饿了么,平台外卖,已完成,2025-10-24 17:30:37,2025-10-24 17:30:37,2025-10-24 17:30:38,饿了么支付-在线支付,,即时单,2025-10-24 17:30:37,12.12,自动出餐,1,否,圣BBQ烤鸡肉手握披萨+冰凉粉+上楼-单点-高校配（14.61*1）,烤奥尔良鸡肉手握披萨+冰凉粉,,,,非会员,83,,,依据餐量提供餐具；手机尾号：5044；送上楼,,14.61,9.60,1.40,0.00,0,0,0.00,0.00,,【活动支出】拼团正招玩法:1.40元,-,-,-,0.00,温州区域,温州直营,,,否,-,平台配送
圣比萨（温大C区店）,SBS00031,温州,"8074526089775329601	",饿了么,平台外卖,已完成,2025-10-24 17:30:39,2025-10-24 17:30:39,2025-10-24 17:30:39,饿了么支付-在线支付,,即时单,2025-10-24 17:30:39,12.17,自动出餐,1,否,奥尔良烤翅-单点（10.51*1）,奥尔良烤翅,,,,非会员,84,,,依据餐量提供餐具；手机尾号：5044；送上楼,,10.51,6.90,0.00,0.00,0,0,0.00,0.00,,【活动支出】拼团反圈活动:0.00元,-,-,-,0.00,温州区域,温州直营,,,否,-,平台配送
圣比萨（温大C区店）,SBS00031,温州,"8074526089783556370	",饿了么,平台外卖,已完成,2025-10-24 17:36:00,2025-10-24 17:36:00,2025-10-24 17:36:00,饿了么支付-在线支付,,即时单,2025-10-24 17:36:00,12.02,自动出餐,1,否,蛋挞2个-单点（8.51*1）,蛋挞,,,,非会员,85,,,依据餐量提供餐具；手机尾号：5044；送上楼,,8.51,4.90,0.00,0.00,0,0,0.00,0.00,,【活动支出】拼团反圈活动:0.00元,-,-,-,0.00,温州区域,温州直营,,,否,-,平台配送
圣比萨（温大C区店）,SBS00031,温州,"8006616089778678190	",饿了么,平台外卖,已完成,2025-10-24 17:38:13,2025-10-24 17:38:13,2025-10-24 17:38:13,饿了么支付-在线支付,,即时单,2025-10-24 17:38:13,12.12,自动出餐,1,否,"外卖柜取餐【有短信或者电话通知】（0.00*1）,烤奥尔良鸡肉手握披萨（32.00*1）,餐盒（1.00*1）",楼下自取+烤奥尔良鸡肉手握披萨,,,,非会员,86,,,送到了拍外卖位置照片 / 依据餐量提供餐具；手机尾号：1366；送上楼,,32.00,12.93,16.10,0.00,0,0,0.77,0.00,1.60,【活动支出】单品特价:10.10元+【活动支出】饿了么红包:6.00元+【活动支出】替用户承担配送费:1.6元,-,-,-,1.00,温州区域,温州直营,,,否,-,平台配送
圣比萨（温大C区店）,SBS00031,温州,"8055566089791181275	",饿了么,平台外卖,已完成,2025-10-24 18:01:17,2025-10-24 18:01:17,2025-10-24 18:01:17,饿了么支付-在线支付,,即时单,2025-10-24 18:01:17,12.20,自动出餐,1,否,圣BBQ烤鸡肉手握披萨+冰凉粉+上楼-单点-高校配（14.61*1）,烤奥尔良鸡肉手握披萨+冰凉粉,,,,非会员,87,,,1份餐具；手机尾号：2581；聚合送,,14.61,9.60,1.40,0.00,0,0,0.00,0.00,,【活动支出】拼团正招玩法:1.40元,-,-,-,0.00,温州区域,温州直营,,,否,-,平台配送
圣比萨（温大C区店）,SBS00031,温州,"8021240255903361317	",饿了么,平台外卖,已完成,2025-10-24 18:01:20,2025-10-24 18:01:20,2025-10-24 18:01:20,饿了么支付-在线支付,,即时单,2025-10-24 18:01:20,12.07,自动出餐,1,否,番茄牛肉意面-单点（12.64*1）,番茄牛肉意面,,,,非会员,88,,,无需餐具；手机尾号：8673；送上楼,,12.64,9.03,0.00,0.00,0,0,0.00,0.00,,【活动支出】拼团反圈活动:0.00元,-,-,-,0.00,温州区域,温州直营,,,否,-,平台配送
圣比萨（温大C区店）,SBS00031,温州,"8058360255910711770	",饿了么,平台外卖,已完成,2025-10-24 18:03:19,2025-10-24 18:03:19,2025-10-24 18:03:19,饿了么支付-在线支付,,即时单,2025-10-24 18:03:19,12.22,自动出餐,1,否,"外卖柜取餐【有短信或者电话通知】（0.00*1）,烤奥尔良鸡肉手握披萨（32.00*1）,餐盒（1.00*1）",楼下自取+烤奥尔良鸡肉手握披萨,,,,非会员,89,,,依据餐量提供餐具；手机尾号：8263；送上楼,,32.00,10.08,19.10,0.00,0,0,0.62,0.00,1.60,【活动支出】单品特价:10.10元+【活动支出】饿了么红包:5.00元+【活动支出】 商家自营销加码:2.00元+【活动支出】精准营销:2.00元+【活动支出】替用户承担配送费:1.6元,-,-,-,1.00,温州区域,温州直营,,,否,-,平台配送
圣比萨（温大C区店）,SBS00031,温州,"8099726089786259893	",饿了么,平台外卖,已完成,2025-10-24 18:14:01,2025-10-24 18:14:01,2025-10-24 18:14:01,饿了么支付-在线支付,,即时单,2025-10-24 18:14:01,12.10,自动出餐,1,否,"【随心拼】双拼手握披萨[烤奥尔良鸡肉+牛肉蘑菇]（38.00*1）,#点击右上角收藏❤0.01多加5g芝士(只能加披萨里)（5.00*1）,外卖柜取餐【有短信或者电话通知】（0.00*1）,餐盒（1.00*1）",双拼手握披萨【烤奥尔良鸡肉】+芝士5克+楼下自取,,,,非会员,90,,,依据餐量提供餐具；手机尾号：1022；送上楼,,43.00,21.58,18.00,0.00,0,0,1.22,0.00,1.60,【活动支出】单品特价:13.10元+【活动支出】单品特价:4.90元+【活动支出】替用户承担配送费:1.6元,-,-,-,1.00,温州区域,温州直营,,,否,-,平台配送
圣比萨（温大C区店）,SBS00031,温州,"8056676089796222264	",饿了么,平台外卖,已完成,2025-10-24 18:14:31,2025-10-24 18:14:31,2025-10-24 18:14:31,饿了么支付-在线支付,,即时单,2025-10-24 18:14:31,12.12,自动出餐,1,否,圣BBQ烤鸡肉手握披萨+冰凉粉+上楼-单点-高校配（14.61*1）,烤奥尔良鸡肉手握披萨+冰凉粉,,,,非会员,91,,,依据餐量提供餐具；手机尾号：3213；送上楼,,14.61,9.60,1.40,0.00,0,0,0.00,0.00,,【活动支出】拼团正招玩法:1.40元,-,-,-,0.00,温州区域,温州直营,,,否,-,平台配送
圣比萨（温大C区店）,SBS00031,温州,"8092556089829016838	",饿了么,平台外卖,已完成,2025-10-24 18:22:15,2025-10-24 18:22:15,2025-10-24 18:22:15,饿了么支付-在线支付,,即时单,2025-10-24 18:22:15,12.07,自动出餐,1,否,圣BBQ烤鸡肉手握披萨+冰凉粉+上楼-单点-高校配（14.61*1）,烤奥尔良鸡肉手握披萨+冰凉粉,,,,非会员,92,,,依据餐量提供餐具；手机尾号：0745；送上楼,,14.61,9.60,1.40,0.00,0,0,0.00,0.00,,【活动支出】拼团正招玩法:1.40元,-,-,-,0.00,温州区域,温州直营,,,否,-,平台配送
圣比萨（温大C区店）,SBS00031,温州,"8006646089823073791	",饿了么,平台外卖,已完成,2025-10-24 18:35:29,2025-10-24 18:35:29,2025-10-24 18:35:29,饿了么支付-在线支付,,即时单,2025-10-24 18:35:29,12.23,自动出餐,1,否,圣BBQ烤鸡肉手握披萨+冰凉粉+上楼-单点-高校配（14.61*1）,烤奥尔良鸡肉手握披萨+冰凉粉,,,,非会员,93,,,依据餐量提供餐具；手机尾号：9201；送上楼,,14.61,9.60,1.40,0.00,0,0,0.00,0.00,,【活动支出】拼团正招玩法:1.40元,-,-,-,0.00,温州区域,温州直营,,,否,-,平台配送
圣比萨（嵊州吾悦店）,SBM00045,绍兴,"8082506089543734746	",饿了么,平台外卖,已完成,2025-10-24 09:53:27,2025-10-24 09:53:27,2025-10-24 09:53:27,饿了么支付-在线支付,,预约单,2025-10-24 10:45:00,27.23,手动出餐,1,否,"披萨意面双人套餐[碳烤鸡肉培根披萨7寸+碳烧鸡肉芝士焗饭+明星小食桶B+柠檬茶冷+柠檬茶温]（72.00*1）,蛋挞1个（原味）（3.00*2）,【新品宠粉】香烤地道肠1根（4.00*2）,【福利3选1】经典小吃自选（点亮关注本店不迷路）[墨鱼丸1个]（2.00*2）,餐盒（7.00*1）",碳烤鸡肉培根披萨【7英寸(手拍)】+碳烤鸡肉芝士焗饭+明星小食桶B+柠檬茶+柠檬茶+蛋挞1个+地道肠1根+深海墨鱼丸1个,,,,非会员,1,,,依据餐量提供餐具,,90.00,45.50,21.13,0.00,0,0,7.76,0.00,6.00,【活动支出】店铺满减:4.00元+【活动支出】单品特价:2.10元+【活动支出】单品特价:2.02元+【活动支出】单品特价:2.01元+【活动支出】饿了么红包:11.00元+【活动支出】替用户承担配送费:6.0元,-,-,-,7.00,绍兴地区,绍兴加盟店,,,否,-,平台配送
圣比萨（嵊州吾悦店）,SBM00045,绍兴,"8037836089570860518	",饿了么,平台外卖,已完成,2025-10-24 10:40:24,2025-10-24 10:40:24,2025-10-24 10:40:24,饿了么支付-在线支付,,即时单,2025-10-24 10:40:24,9.60,扫码出餐,1,否,"任选披萨6选1+小吃6选1+饮料[奥尔良鸡肉披萨7寸+盐酥鸡小份+柠檬茶+常温]（38.00*1）,餐盒（2.00*1）",新奥尔良烤鸡肉披萨【7英寸(手拍)】+盐酥鸡米花小份+柠檬茶,,,,非会员,2,,,"对骑手,不要打电话,不要敲门，放门口 / 依据餐量提供餐具",,38.00,18.36,8.10,0.00,0,0,3.20,0.00,5.00,【活动支出】店铺满减:1.00元+【活动支出】单品特价:0.10元+【活动支出】饿了么红包:7.00元+【活动支出】替用户承担配送费:5.0元,-,-,-,2.00,绍兴地区,绍兴加盟店,,,否,-,平台配送
圣比萨（嵊州吾悦店）,SBM00045,绍兴,"8051330255781048817	",饿了么,平台外卖,已完成,2025-10-24 10:53:57,2025-10-24 10:53:57,2025-10-24 10:53:57,饿了么支付-在线支付,,即时单,2025-10-24 10:53:57,10.05,扫码出餐,1,否,"任选焗饭4选1+小吃6选1+饮料[黑椒牛肉芝士焗饭+芝士菠萝挞1个+柠檬茶+常温]（37.00*1）,餐盒（2.00*1）",黑椒牛肉芝士焗饭+缤纷芝士挞【菠萝味】+柠檬茶,,,,非会员,3,,,不要敲门放门口就行 / 依据餐量提供餐具,,37.00,19.12,6.10,0.00,0,0,3.12,0.00,5.00,【活动支出】单品特价:1.10元+【活动支出】饿了么红包:5.00元+【活动支出】替用户承担配送费:5.0元,-,-,-,2.00,绍兴地区,绍兴加盟店,,,否,-,平台配送
圣比萨（嵊州吾悦店）,SBM00045,绍兴,"8076440255591346557	",饿了么,平台外卖,已完成,2025-10-24 11:00:20,2025-10-24 11:00:20,2025-10-24 11:00:20,饿了么支付-在线支付,,即时单,2025-10-24 11:00:20,10.92,扫码出餐,1,否,招牌咖喱鸡肉焗饭-单点（17.49*1）,咖喱鸡肉芝士焗饭,,,,非会员,4,,,1份餐具,,17.49,11.99,0.00,0.00,0,0,0.00,0.00,,【活动支出】单品优惠:0.00元,-,-,-,0.00,绍兴地区,绍兴加盟店,,,否,-,平台配送
圣比萨（嵊州吾悦店）,SBM00045,绍兴,"8002506089602769236	",饿了么,平台外卖,已完成,2025-10-24 11:02:41,2025-10-24 11:02:41,2025-10-24 11:02:41,饿了么支付-在线支付,,即时单,2025-10-24 11:02:41,10.83,手动出餐,1,否,"任选披萨6选1+小吃6选1+饮料[夏威夷披萨7寸+上校鸡块4个+小可乐+冷]（38.00*1）,【新品宠粉】香烤地道肠1根（4.00*1）,餐盒（3.00*1）",浪漫威尼斯披萨【7英寸(手拍)】+上校鸡块+小可乐+地道肠1根,,,,非会员,5,,,1份餐具,,42.00,20.71,8.11,0.00,0,0,3.60,0.00,5.00,【活动支出】店铺满减:1.00元+【活动支出】单品特价:0.10元+【活动支出】单品特价:2.01元+【活动支出】饿了么红包:5.00元+【活动支出】替用户承担配送费:5.0元,-,-,-,3.00,绍兴地区,绍兴加盟店,,,否,-,平台配送
圣比萨（嵊州吾悦店）,SBM00045,绍兴,"8051846089616008660	",饿了么,平台外卖,已完成,2025-10-24 11:14:10,2025-10-24 11:14:10,2025-10-24 11:14:10,饿了么支付-在线支付,,即时单,2025-10-24 11:14:10,8.67,扫码出餐,1,否,招牌咖喱鸡肉焗饭-单点（17.49*1）,咖喱鸡肉芝士焗饭,,,,非会员,6,,,不要葱 / 依据餐量提供餐具,,17.49,11.99,0.00,0.00,0,0,0.00,0.00,,【活动支出】单品优惠:0.00元,-,-,-,0.00,绍兴地区,绍兴加盟店,,,否,-,平台配送
圣比萨（嵊州吾悦店）,SBM00045,绍兴,"8044350255622143445	",饿了么,平台外卖,已完成,2025-10-24 11:24:52,2025-10-24 11:24:52,2025-10-24 11:24:52,饿了么支付-在线支付,,即时单,2025-10-24 11:24:52,9.58,手动出餐,1,否,"7英寸披萨买一送一[奥尔良鸡肉披萨7英寸+缤纷水果披萨7英寸]（49.90*1）,餐盒（2.00*1）",新奥尔良烤鸡肉披萨【7英寸(手拍)】+缤纷水果披萨【7英寸(手拍)】,,,,非会员,7,,,依据餐量提供餐具,,49.90,22.73,9.00,0.00,0,0,4.15,0.00,8.00,【活动支出】店铺满减:1.00元+【活动支出】饿了么红包:8.00元+【活动支出】替用户承担配送费:8.0元,-,-,-,2.00,绍兴地区,绍兴加盟店,,,否,-,平台配送
圣比萨（嵊州吾悦店）,SBM00045,绍兴,"8026656089630908712	",饿了么,平台外卖,已完成,2025-10-24 11:42:13,2025-10-24 11:42:13,2025-10-24 11:42:13,饿了么支付-在线支付,,即时单,2025-10-24 11:42:13,8.90,手动出餐,1,否,"意面随心配（36.90*1）,餐盒（1.00*1）",蛋挞1个+地道肠1根+深海墨鱼丸2个+招牌肉酱意面,,,,非会员,8,,,无需餐具,,36.90,18.79,5.00,0.00,0,0,3.03,0.00,5.00,【活动支出】饿了么红包:5.00元+【活动支出】替用户承担配送费:5.0元,-,-,-,1.00,绍兴地区,绍兴加盟店,,,否,-,平台配送
圣比萨（嵊州吾悦店）,SBM00045,绍兴,"8051866089617671650	",饿了么,平台外卖,已完成,2025-10-24 12:01:35,2025-10-24 12:01:35,2025-10-24 12:01:35,饿了么支付-在线支付,,即时单,2025-10-24 12:01:35,8.02,扫码出餐,1,否,7寸奶香芝士条-单点（15.40*1）,7寸奶香芝士条-单点,,,,非会员,9,,,依据餐量提供餐具,,15.40,9.90,0.00,0.00,0,0,0.00,0.00,,【活动支出】单品优惠:0.00元,-,-,-,0.00,绍兴地区,绍兴加盟店,,,否,-,平台配送
圣比萨（嵊州吾悦店）,SBM00045,绍兴,"8012536089668475302	",饿了么,平台外卖,已完成,2025-10-24 13:48:11,2025-10-24 13:48:11,2025-10-24 13:48:11,饿了么支付-在线支付,,即时单,2025-10-24 13:48:11,6.80,扫码出餐,1,否,7寸奶香芝士条-单点（15.40*1）,7寸奶香芝士条-单点,,,,非会员,10,,,依据餐量提供餐具,,15.40,9.90,0.00,0.00,0,0,0.00,0.00,,【活动支出】单品优惠:0.00元,-,-,-,0.00,绍兴地区,绍兴加盟店,,,否,-,平台配送
圣比萨（嵊州吾悦店）,SBM00045,绍兴,"8015826089704970524	",饿了么,平台外卖,已完成,2025-10-24 13:58:39,2025-10-24 13:58:39,2025-10-24 13:58:40,饿了么支付-在线支付,,即时单,2025-10-24 13:58:39,7.62,扫码出餐,1,否,"新奥尔良烤鸡肉披萨-7寸(手拍)[{""name"":""规格"",""value"":""7寸(手拍)""}]（32.00*1）,餐盒（1.00*1）",新奥尔良烤鸡肉披萨,,,,非会员,11,,,依据餐量提供餐具,,32.00,14.66,6.00,0.00,0,0,2.64,0.00,5.00,【活动支出】粉丝群:1.00元+【活动支出】饿了么红包:5.00元+【活动支出】替用户承担配送费:5.0元,-,-,-,1.00,绍兴地区,绍兴加盟店,,,否,-,平台配送
圣比萨（嵊州吾悦店）,SBM00045,绍兴,"8088826089694940663	",饿了么,平台外卖,已完成,2025-10-24 15:03:00,2025-10-24 15:03:00,2025-10-24 15:03:00,饿了么支付-在线支付,,即时单,2025-10-24 15:03:00,8.73,手动出餐,1,否,"小食拼盘（30.00*1）,任选意面6选1+小吃6选1+饮料[番茄牛肉意面+盐酥鸡小份+可乐+常温]（36.00*1）,餐盒（3.00*1）",小吃拼盘+番茄牛肉意面+盐酥鸡米花小份+小可乐,,,,非会员,12,,,依据餐量提供餐具,,66.00,37.96,8.10,0.00,0,0,5.52,0.00,6.00,【活动支出】店铺满减:2.00元+【活动支出】单品特价:0.10元+【活动支出】饿了么红包:6.00元+【活动支出】替用户承担配送费:6.0元,-,-,-,3.00,绍兴地区,绍兴加盟店,,,否,-,平台配送
圣比萨（嵊州吾悦店）,SBM00045,绍兴,"8079390255740662253	",饿了么,平台外卖,已完成,2025-10-24 15:48:33,2025-10-24 15:48:33,2025-10-24 15:48:33,饿了么支付-在线支付,,即时单,2025-10-24 15:48:33,2.93,手动出餐,1,否,"番茄牛肉意面（26.00*1）,餐盒（1.00*1）",番茄牛肉意面,,,,非会员,13,,,依据餐量提供餐具,,26.00,9.57,5.00,0.00,0,0,2.16,0.00,6.00,【活动支出】饿了么红包:5.00元+【活动支出】替用户承担配送费:6.0元,-,-,-,1.00,绍兴地区,绍兴加盟店,,,否,-,平台配送
圣比萨（嵊州吾悦店）,SBM00045,绍兴,"8077846089755869557	",饿了么,平台外卖,已完成,2025-10-24 16:46:55,2025-10-24 16:46:55,2025-10-24 16:46:55,饿了么支付-在线支付,,即时单,2025-10-24 16:46:55,6.57,扫码出餐,1,否,"意面随心配（36.90*1）,番茄培根意面（26.00*1）,餐盒（2.00*1）",盐酥鸡米花小份+地道肠1根+深海墨鱼丸2个+黑椒牛肉意面+番茄培根意面,,,,非会员,14,,,麻烦多炒点面谢谢，到了会给好评 / 依据餐量提供餐具,,62.90,30.41,12.00,0.00,0,0,5.19,0.00,6.00,【活动支出】店铺满减:2.00元+【活动支出】粉丝群:1.00元+【活动支出】饿了么红包:9.00元+【活动支出】替用户承担配送费:6.0元,-,-,-,2.00,绍兴地区,绍兴加盟店,,,否,-,平台配送
圣比萨（嵊州吾悦店）,SBM00045,绍兴,"8033776089793732916	",饿了么,平台外卖,已完成,2025-10-24 17:27:29,2025-10-24 17:27:29,2025-10-24 17:27:29,饿了么支付-在线支付,,即时单,2025-10-24 17:27:29,7.93,扫码出餐,1,否,"披萨随心配（36.90*1）,餐盒（1.00*1）",盐酥鸡米花小份+盐酥鸡米花小份+盐酥鸡米花小份+新奥尔良烤鸡肉披萨(7英寸(手拍)),,,,非会员,15,,,依据餐量提供餐具,,36.90,18.67,5.00,0.00,0,0,3.03,0.00,5.00,【活动支出】饿了么红包:5.00元+【活动支出】淘金币:0.00元+【活动支出】替用户承担配送费:5.0元,-,-,-,1.00,绍兴地区,绍兴加盟店,,,否,-,平台配送
圣比萨（嵊州吾悦店）,SBM00045,绍兴,"8078100255795460576	",饿了么,平台外卖,已完成,2025-10-24 17:51:09,2025-10-24 17:51:09,2025-10-24 17:51:10,饿了么支付-在线支付,,即时单,2025-10-24 17:51:09,9.27,扫码出餐,1,否,"芝士焗红薯泥（16.00*1）,咖喱鸡肉芝士焗饭（28.00*1）,餐盒（2.00*1）",芝士焗红薯泥+咖喱鸡肉芝士焗饭,,,,非会员,16,,,依据餐量提供餐具,,44.00,20.90,10.00,0.00,0,0,3.68,0.00,5.00,【活动支出】店铺满减:1.00元+【活动支出】粉丝群:1.00元+【活动支出】饿了么红包:8.00元+【活动支出】替用户承担配送费:5.0元,-,-,-,2.00,绍兴地区,绍兴加盟店,,,否,-,平台配送
圣比萨（嵊州吾悦店）,SBM00045,绍兴,"8026756089774026046	",饿了么,平台外卖,已完成,2025-10-24 17:58:56,2025-10-24 17:58:56,2025-10-24 17:58:56,饿了么支付-在线支付,,即时单,2025-10-24 17:58:56,7.98,扫码出餐,1,否,"任选披萨6选1+小吃6选1+饮料[奥尔良鸡肉披萨7寸+上校鸡块4个+柠檬茶+常温]（38.00*1）,番茄牛肉意面（26.00*1）,餐盒（3.00*1）",新奥尔良烤鸡肉披萨【7英寸(手拍)】+上校鸡块+柠檬茶+番茄牛肉意面,,,,非会员,17,,,2份餐具,,64.00,31.20,11.10,0.00,0,0,5.36,0.00,8.00,【活动支出】店铺满减:2.00元+【活动支出】单品特价:0.10元+【活动支出】饿了么红包:9.00元+【活动支出】替用户承担配送费:8.0元,-,-,-,3.00,绍兴地区,绍兴加盟店,,,否,-,平台配送
圣比萨（嵊州吾悦店）,SBM00045,绍兴,"8013350255916236211	",饿了么,平台外卖,已完成,2025-10-24 18:04:04,2025-10-24 18:04:04,2025-10-24 18:04:05,饿了么支付-在线支付,,即时单,2025-10-24 18:04:04,9.83,扫码出餐,1,否,"蛋挞1个（原味）（3.00*1）,9寸披萨随❤️双拼[奥尔良+牛肉至尊]（52.00*1）,餐盒（2.00*1）",蛋挞1个+双拼9寸【奥尔良口味9】+双拼9寸【牛魔王口味9】,,,,非会员,18,,,依据餐量提供餐具,,55.00,26.93,12.11,0.00,0,0,4.56,0.00,5.00,【活动支出】店铺满减:1.00元+【活动支出】单品特价:1.01元+【活动支出】单品特价:2.10元+【活动支出】饿了么红包:8.00元+【活动支出】替用户承担配送费:5.0元,-,-,-,2.00,绍兴地区,绍兴加盟店,,,否,-,平台配送
圣比萨（嵊州吾悦店）,SBM00045,绍兴,"8075290255817529807	",饿了么,平台外卖,已完成,2025-10-24 18:12:08,2025-10-24 18:12:08,2025-10-24 18:12:09,饿了么支付-在线支付,,即时单,2025-10-24 18:12:08,8.40,手动出餐,1,否,"【随心拼】7英寸披萨(口味自选）[奥尔良+日系照烧]（29.00*1）,餐盒（2.00*1）",双拼7寸【奥尔良口味7】+双拼7寸【日系照烧口味7】,,,,非会员,19,,,依据餐量提供餐具,,29.00,10.12,9.00,0.00,0,0,2.48,0.00,5.00,【活动支出】订单集点返红包:4.00元+【活动支出】饿了么红包:5.00元+【活动支出】替用户承担配送费:5.0元,-,-,-,2.00,绍兴地区,绍兴加盟店,,,否,-,平台配送
圣比萨（嵊州吾悦店）,SBM00045,绍兴,"8069010255963366810	",饿了么,平台外卖,已完成,2025-10-24 19:30:41,2025-10-24 19:30:41,2025-10-24 19:30:41,饿了么支付-在线支付,,即时单,2025-10-24 19:30:41,7.73,扫码出餐,1,否,7寸奶香芝士条-单点（15.40*1）,7寸奶香芝士条-单点,,,,非会员,20,,,依据餐量提供餐具,,15.40,9.90,0.00,0.00,0,0,0.00,0.00,,【活动支出】单品优惠:0.00元,-,-,-,0.00,绍兴地区,绍兴加盟店,,,否,-,平台配送
圣比萨（嵊州吾悦店）,SBM00045,绍兴,"8073666089850897726	",饿了么,平台外卖,已完成,2025-10-24 20:22:19,2025-10-24 20:22:19,2025-10-24 20:22:19,饿了么支付-在线支付,,即时单,2025-10-24 20:22:19,8.43,手动出餐,1,否,"【随心拼】7英寸披萨(口味自选）[培根鸡肉+水果]（29.00*1）,餐盒（2.00*1）",双拼7寸【碳烤鸡肉培根口味7】+双拼7寸【缤纷水果口味7】,,,,非会员,21,,,依据餐量提供餐具,,29.00,13.12,6.00,0.00,0,0,2.48,0.00,5.00,【活动支出】粉丝群:1.00元+【活动支出】饿了么红包:5.00元+【活动支出】替用户承担配送费:5.0元,-,-,-,2.00,绍兴地区,绍兴加盟店,,,否,-,平台配送
圣比萨（嵊州吾悦店）,SBM00045,绍兴,"8008806089886640501	",饿了么,平台外卖,已完成,2025-10-24 20:54:35,2025-10-24 20:54:35,2025-10-24 20:54:36,饿了么支付-在线支付,,即时单,2025-10-24 20:54:35,7.58,手动出餐,1,否,"【随心拼】7英寸披萨(口味自选）[培根鸡肉+培根鸡肉]（29.00*1）,餐盒（2.00*1）",双拼7寸【碳烤鸡肉培根口味7】+双拼7寸【碳烤鸡肉培根口味7】,,,,非会员,22,,,依据餐量提供餐具,,29.00,14.12,5.00,0.00,0,0,2.48,0.00,5.00,【活动支出】饿了么红包:5.00元+【活动支出】替用户承担配送费:5.0元,-,-,-,2.00,绍兴地区,绍兴加盟店,,,否,-,平台配送
圣比萨（嵊州吾悦店）,SBM00045,绍兴,"8048926089905282461	",饿了么,平台外卖,已完成,2025-10-24 21:14:50,2025-10-24 21:14:50,2025-10-24 21:14:50,饿了么支付-在线支付,,即时单,2025-10-24 21:14:50,8.10,手动出餐,1,否,"【随心拼】7英寸披萨(口味自选）[奥尔良+日系照烧]（29.00*1）,餐盒（2.00*1）",双拼7寸【奥尔良口味7】+双拼7寸【日系照烧口味7】,,,,非会员,23,,,1份餐具,,29.00,12.32,6.00,0.00,0,0,2.48,0.00,5.00,【活动支出】粉丝群:1.00元+【活动支出】饿了么红包:5.00元+【活动支出】替用户承担配送费:5.0元,-,-,-,2.00,绍兴地区,绍兴加盟店,,,否,-,平台配送
圣比萨（嵊州吾悦店）,SBM00045,绍兴,"8088240256030023037	",饿了么,平台外卖,已完成,2025-10-24 22:41:32,2025-10-24 22:41:32,2025-10-24 22:41:32,饿了么支付-在线支付,,即时单,2025-10-24 22:41:32,6.80,扫码出餐,1,否,7寸奶香芝士条-单点（15.40*1）,7寸奶香芝士条-单点,,,,非会员,24,,,依据餐量提供餐具,,15.40,9.90,0.00,0.00,0,0,0.00,0.00,,【活动支出】单品优惠:0.00元,-,-,-,0.00,绍兴地区,绍兴加盟店,,,否,-,平台配送
圣比萨（嵊州吾悦店）,SBM00045,绍兴,"8058926089892715907	",饿了么,平台外卖,已完成,2025-10-24 22:53:42,2025-10-24 22:53:42,2025-10-24 22:53:42,饿了么支付-在线支付,,即时单,2025-10-24 22:53:42,6.97,手动出餐,1,否,"【随心拼】7英寸披萨(口味自选）[培根鸡肉+奥尔良]（29.00*1）,餐盒（2.00*1）",双拼7寸【碳烤鸡肉培根口味7】+双拼7寸【奥尔良口味7】,,,,非会员,25,,,依据餐量提供餐具,,29.00,11.60,5.00,0.00,0,0,2.48,0.00,8.00,【活动支出】饿了么红包:5.00元+【活动支出】替用户承担配送费:5.0元,-,-,-,2.00,绍兴地区,绍兴加盟店,,,否,-,平台配送
圣比萨（苍南金乡店）,SBS00029,温州,"8030976089573373291	",饿了么,平台外卖,已完成,2025-10-24 10:39:15,2025-10-24 10:39:15,2025-10-24 10:39:15,饿了么支付-在线支付,,即时单,2025-10-24 10:39:15,9.03,手动出餐,1,否,"新奥尔良烤鸡肉披萨-7寸(手拍)[{""name"":""规格"",""value"":""7寸(手拍)""}]（45.00*1）,餐盒（1.00*1）",新奥尔良烤鸡肉披萨,,,,非会员,1,,,对骑手放在扫脸机上 / 依据餐量提供餐具,,45.00,12.78,26.10,0.00,0,0,1.77,0.00,3.50,【活动支出】单品特价:20.10元+【活动支出】饿了么红包:6.00元+【活动支出】替用户承担配送费:3.5元,-,-,-,1.00,温州区域,温州直营,,,否,-,平台配送
圣比萨（苍南金乡店）,SBS00029,温州,"8039080255587943700	",饿了么,平台外卖,已完成,2025-10-24 10:56:53,2025-10-24 10:56:53,2025-10-24 10:56:53,饿了么支付-在线支付,,即时单,2025-10-24 10:56:53,12.10,手动出餐,1,否,"黑椒牛肉芝士焗饭（52.00*1）,餐盒（1.00*1）",黑椒牛肉芝士焗饭,,,,非会员,2,,,快点快点快点 / 依据餐量提供餐具,,52.00,15.55,30.00,0.00,0,0,2.10,0.00,3.50,【活动支出】单品特价:23.00元+【活动支出】饿了么红包:7.00元+【活动支出】替用户承担配送费:3.5元,-,-,-,1.00,温州区域,温州直营,,,否,-,平台配送
圣比萨（苍南金乡店）,SBS00029,温州,"8044796089585124651	",饿了么,平台外卖,已完成,2025-10-24 11:05:31,2025-10-24 11:05:31,2025-10-24 11:05:31,饿了么支付-在线支付,,即时单,2025-10-24 11:05:31,12.55,手动出餐,1,否,"招牌肉酱芝士焗饭（52.00*1）,餐盒（1.00*1）",招牌肉酱芝士焗饭,,,,非会员,3,,,无需餐具,,52.00,11.07,35.00,0.00,0,0,1.58,0.00,3.50,【活动支出】单品特价:27.00元+【活动支出】 商家自营销加码:2.00元+【活动支出】粉丝群:1.00元+【活动支出】饿了么红包:5.00元+【活动支出】替用户承担配送费:3.5元,-,-,-,1.00,温州区域,温州直营,,,否,-,平台配送
圣比萨（苍南金乡店）,SBS00029,温州,"8060000255802713472	",饿了么,平台外卖,已完成,2025-10-24 11:25:08,2025-10-24 11:25:08,2025-10-24 11:25:08,饿了么支付-在线支付,,即时单,2025-10-24 11:25:08,10.33,手动出餐,1,否,7寸日系照烧鸡披萨-单点（22.00*1）,日系照烧鸡披萨【7英寸(手拍)】,,,,非会员,4,,,依据餐量提供餐具,,22.00,12.00,0.00,0.00,0,0,0.00,0.00,,【活动支出】拼团反圈活动:0.00元,-,-,-,0.00,温州区域,温州直营,,,否,-,平台配送
圣比萨（苍南金乡店）,SBS00029,温州,"8019756089630168463	",饿了么,平台外卖,已完成,2025-10-24 11:52:52,2025-10-24 11:52:52,2025-10-24 11:52:52,饿了么支付-在线支付,,即时单,2025-10-24 11:52:52,13.92,手动出餐,1,否,"【任选5件套】披萨意面我全都要（128.00*1）,餐盒（1.00*1）",明星小食桶B+港式奶茶+可乐+大圣招牌大满贯披萨(7英寸(手拍))+招牌肉酱意面,,,,非会员,5,,,依据餐量提供餐具,,128.00,32.15,84.10,0.00,0,0,4.40,0.00,3.50,【活动支出】店铺满减:6.00元+【活动支出】单品特价:68.10元+【活动支出】粉丝群:1.00元+【活动支出】饿了么红包:9.00元+【活动支出】替用户承担配送费:3.5元,-,-,-,1.00,温州区域,温州直营,,,否,-,平台配送
圣比萨（苍南金乡店）,SBS00029,温州,"8051150255849181588	",饿了么,平台外卖,已完成,2025-10-24 12:05:29,2025-10-24 12:05:29,2025-10-24 12:05:30,饿了么支付-在线支付,,即时单,2025-10-24 12:05:29,9.50,手动出餐,1,否,"日系照烧鸡披萨-7英寸(手拍)[{""name"":""规格"",""value"":""7英寸(手拍)""}]（45.00*1）,港式奶茶[常温]（10.00*1）,餐盒（2.00*1）",日系照烧鸡披萨+港式奶茶,,,,非会员,6,,,依据餐量提供餐具,,55.00,18.44,30.10,0.00,0,0,2.51,0.00,3.50,【活动支出】单品特价:21.10元+【活动支出】单品特价:2.00元+【活动支出】 商家自营销加码:2.00元+【活动支出】饿了么红包:5.00元+【活动支出】替用户承担配送费:3.5元,-,-,-,2.00,温州区域,温州直营,,,否,-,平台配送
圣比萨（苍南金乡店）,SBS00029,温州,"8011000255802547563	",饿了么,平台外卖,已完成,2025-10-24 13:36:34,2025-10-24 13:36:34,2025-10-24 13:36:34,饿了么支付-在线支付,,即时单,2025-10-24 13:36:34,9.27,手动出餐,1,否,手握三选一-单点[日式照烧]（20.00*1）,日式烧鸟风味一人食盒子披萨,,,,非会员,7,,,依据餐量提供餐具,,20.00,10.00,0.00,0.00,0,0,0.00,0.00,,【活动支出】拼团反圈活动:0.00元,-,-,-,0.00,温州区域,温州直营,,,否,-,平台配送
圣比萨（苍南金乡店）,SBS00029,温州,"8079460255704901960	",饿了么,平台外卖,已完成,2025-10-24 13:42:12,2025-10-24 13:42:12,2025-10-24 13:42:12,饿了么支付-在线支付,,即时单,2025-10-24 13:42:12,11.20,手动出餐,1,否,"新奥尔良烤鸡肉披萨-7寸(手拍)[{""name"":""规格"",""value"":""7寸(手拍)""}]（45.00*1）,奶香芝士条（45.00*1）,餐盒（2.00*1）",新奥尔良烤鸡肉披萨+金牌芝士披萨【7英寸(手拍)】,,,,非会员,8,,,依据餐量提供餐具,,90.00,24.40,56.10,0.00,0,0,3.45,0.00,4.50,【活动支出】店铺满减:1.00元+【活动支出】单品特价:20.10元+【活动支出】单品特价:27.00元+【活动支出】 商家自营销加码:0.00元+【活动支出】饿了么红包:8.00元+【活动支出】替用户承担配送费:4.5元,-,-,-,2.00,温州区域,温州直营,,,否,-,平台配送
圣比萨（苍南金乡店）,SBS00029,温州,"8063786089739738457	",饿了么,平台外卖,已完成,2025-10-24 15:06:57,2025-10-24 15:06:57,2025-10-24 15:06:57,饿了么支付-在线支付,,即时单,2025-10-24 15:06:57,22.68,被动出餐,1,否,手握三选一-单点[缤纷水果]（20.00*1）,热带雨林水果一人食盒子披萨,,,,非会员,9,,,依据餐量提供餐具,,20.00,10.00,0.00,0.00,0,0,0.00,0.00,,【活动支出】拼团反圈活动:0.00元,-,-,-,0.00,温州区域,温州直营,,,否,-,平台配送
圣比萨（苍南金乡店）,SBS00029,温州,"8038160255859637661	",饿了么,平台外卖,已完成,2025-10-24 16:06:56,2025-10-24 16:06:56,2025-10-24 16:06:57,饿了么支付-在线支付,,即时单,2025-10-24 16:06:56,11.28,手动出餐,1,否,"新奥尔良烤鸡肉披萨-7寸(手拍)[{""name"":""规格"",""value"":""7寸(手拍)""}]（45.00*1）,餐盒（1.00*1）",新奥尔良烤鸡肉披萨,,,,非会员,10,,,依据餐量提供餐具,,45.00,10.99,28.10,0.00,0,0,1.56,0.00,3.50,【活动支出】单品特价:20.10元+【活动支出】 商家自营销加码:2.00元+【活动支出】粉丝群:1.00元+【活动支出】饿了么红包:5.00元+【活动支出】淘金币:0.00元+【活动支出】替用户承担配送费:3.5元,-,-,-,1.00,温州区域,温州直营,,,否,-,平台配送
圣比萨（苍南金乡店）,SBS00029,温州,"8001576089714328834	",饿了么,平台外卖,已完成,2025-10-24 16:07:20,2025-10-24 16:07:20,2025-10-24 16:07:20,饿了么支付-在线支付,,即时单,2025-10-24 16:07:20,7.22,被动出餐,1,否,"【任选5件套】披萨意面我全都要（128.00*1）,餐盒（1.00*1）",明星小食桶C+小芬达+可乐+大圣招牌大满贯披萨(7英寸(手拍))+招牌肉酱意面,,,,非会员,11,,,依据餐量提供餐具,,128.00,33.94,82.10,0.00,0,0,4.61,0.00,3.50,【活动支出】店铺满减:6.00元+【活动支出】单品特价:68.10元+【活动支出】饿了么红包:8.00元+【活动支出】替用户承担配送费:3.5元,-,-,-,1.00,温州区域,温州直营,,,否,-,平台配送
圣比萨（苍南金乡店）,SBS00029,温州,"8051280255860588936	",饿了么,平台外卖,已完成,2025-10-24 16:17:47,2025-10-24 16:17:47,2025-10-24 16:17:47,饿了么支付-在线支付,,即时单,2025-10-24 16:17:47,19.03,被动出餐,1,否,手握三选一+二选一+可乐-单点[奥尔良+薯饼 2 块+可乐]（24.00*1）,小可乐+奥尔良风情烤鸡肉一人食盒子披萨+薯饼2个,,,,非会员,12,,,依据餐量提供餐具,,24.00,14.00,0.00,0.00,0,0,0.00,0.00,,【活动支出】拼团反圈活动:0.00元,-,-,-,0.00,温州区域,温州直营,,,否,-,平台配送
圣比萨（苍南金乡店）,SBS00029,温州,"8035876089717617030	",饿了么,平台外卖,已完成,2025-10-24 16:24:41,2025-10-24 16:24:41,2025-10-24 16:24:42,饿了么支付-在线支付,,即时单,2025-10-24 16:24:41,12.28,手动出餐,1,否,"招牌肉酱芝士焗饭（52.00*1）,餐盒（1.00*1）",招牌肉酱芝士焗饭,,,,非会员,13,,,无需餐具,,52.00,11.97,34.00,0.00,0,0,1.68,0.00,3.50,【活动支出】单品特价:27.00元+【活动支出】饿了么红包:7.00元+【活动支出】替用户承担配送费:3.5元,-,-,-,1.00,温州区域,温州直营,,,否,-,平台配送
圣比萨（苍南金乡店）,SBS00029,温州,"8002440255866130815	",饿了么,平台外卖,已完成,2025-10-24 16:38:38,2025-10-24 16:38:38,2025-10-24 16:38:39,饿了么支付-在线支付,,即时单,2025-10-24 16:38:38,10.65,手动出餐,1,否,"榴莲王披萨-7英寸(经典手拍)[{""name"":""规格"",""value"":""7英寸(经典手拍)""}]（52.00*1）,奶酪芝士卷边（7英寸）（4.90*1）,榴莲芝士挞（12.00*1）,缤纷芝士挞-菠萝味[{""name"":""规格"",""value"":""菠萝味""}]（7.00*1）,港式奶茶[热]（10.00*1）,餐盒（4.00*1）",榴莲王披萨+奶酪芝士卷边7+榴莲芝士挞+缤纷芝士挞+港式奶茶,,,,非会员,14,,,依据餐量提供餐具,,85.90,33.85,43.10,0.00,0,0,4.60,0.00,3.50,【活动支出】店铺满减:6.00元+【活动支出】单品特价:22.10元+【活动支出】单品特价:3.00元+【活动支出】单品特价:1.00元+【活动支出】单品特价:2.00元+【活动支出】饿了么红包:9.00元+【活动支出】替用户承担配送费:3.5元,-,-,-,4.00,温州区域,温州直营,,,否,-,平台配送
圣比萨（苍南金乡店）,SBS00029,温州,"8095796089735454109	",饿了么,平台外卖,已完成,2025-10-24 16:55:23,2025-10-24 16:55:23,2025-10-24 16:55:23,饿了么支付-在线支付,,即时单,2025-10-24 16:55:23,9.72,手动出餐,1,否,新奥尔良烤鸡肉披萨7寸-单点（22.00*1）,新奥尔良烤鸡肉披萨【7英寸(手拍)】,,,,非会员,15,,,2份餐具,,22.00,12.00,0.00,0.00,0,0,0.00,0.00,,【活动支出】拼团反圈活动:0.00元,-,-,-,0.00,温州区域,温州直营,,,否,-,平台配送
圣比萨（苍南金乡店）,SBS00029,温州,"8038646089792796938	",饿了么,平台外卖,已完成,2025-10-24 17:26:30,2025-10-24 17:26:30,2025-10-24 17:26:30,饿了么支付-在线支付,,即时单,2025-10-24 17:26:30,14.00,手动出餐,1,否,"奶酪芝士卷边（7英寸）（4.90*1）,新奥尔良烤鸡肉披萨-7寸(手拍)[{""name"":""规格"",""value"":""7寸(手拍)""}]（45.00*1）,缤纷水果披萨-7英寸(手拍)[{""name"":""规格"",""value"":""7英寸(手拍)""}]（42.00*1）,酸奶多多流心卷边（7英寸）（4.90*1）,餐盒（2.00*1）",奶酪芝士卷边7+新奥尔良烤鸡肉披萨+缤纷水果披萨+酸奶多多流心卷边7,,,,非会员,16,,,依据餐量提供餐具,,96.80,33.67,51.20,0.00,0,0,4.68,0.00,5.00,【活动支出】店铺满减:6.00元+【活动支出】单品特价:20.10元+【活动支出】单品特价:16.10元+【活动支出】饿了么红包:9.00元+【活动支出】替用户承担配送费:5.0元,-,-,-,2.00,温州区域,温州直营,,,否,-,平台配送
圣比萨（苍南金乡店）,SBS00029,温州,"8058040255899319796	",饿了么,平台外卖,已完成,2025-10-24 17:39:13,2025-10-24 17:39:13,2025-10-24 17:39:13,饿了么支付-在线支付,,即时单,2025-10-24 17:39:13,16.48,手动出餐,1,否,新奥尔良烤鸡肉披萨7寸-拼团（20.60*1）,新奥尔良烤鸡肉披萨【7英寸(手拍)】,,,,非会员,17,,,依据餐量提供餐具,,20.60,12.00,0.00,0.00,0,0,0.00,0.00,,【活动支出】拼团反圈活动:0.00元,-,-,-,0.00,温州区域,温州直营,,,否,-,平台配送
圣比萨（苍南金乡店）,SBS00029,温州,"8072536089810556224	",饿了么,平台外卖,已退款,2025-10-24 17:57:27,2025-10-24 17:57:27,2025-10-24 17:57:27,饿了么支付-在线支付,,即时单,2025-10-24 17:57:27,,未出餐,1,否,"新奥尔良烤鸡肉披萨-7寸(手拍)[{""name"":""规格"",""value"":""7寸(手拍)""}]（45.00*1）,餐盒（1.00*1）",新奥尔良烤鸡肉披萨,,,,非会员,18,,,2份餐具,"餐厅同意取消单 ",45.00,-8.35,20.10,25.90,0,0,2.40,0.00,3.50,【活动支出】单品特价:20.10元+【活动支出】替用户承担配送费:3.5元,-,-,-,1.00,温州区域,温州直营,,,否,-,平台配送
圣比萨（苍南金乡店）,SBS00029,温州,"8030736089770522052	",饿了么,平台外卖,已完成,2025-10-24 18:01:51,2025-10-24 18:01:51,2025-10-24 18:01:51,饿了么支付-在线支付,,即时单,2025-10-24 18:01:51,13.27,手动出餐,1,否,"新奥尔良烤鸡肉披萨-7寸(手拍)[{""name"":""规格"",""value"":""7寸(手拍)""}]（45.00*1）,餐盒（1.00*1）",新奥尔良烤鸡肉披萨,,,,非会员,19,,,依据餐量提供餐具,,45.00,11.88,27.10,0.00,0,0,1.67,0.00,3.50,【活动支出】单品特价:20.10元+【活动支出】饿了么红包:7.00元+【活动支出】替用户承担配送费:3.5元,-,-,-,1.00,温州区域,温州直营,,,否,-,平台配送
圣比萨（苍南金乡店）,SBS00029,温州,"8024280255943382401	",饿了么,平台外卖,已完成,2025-10-24 18:52:41,2025-10-24 18:52:41,2025-10-24 18:52:41,饿了么支付-在线支付,,即时单,2025-10-24 18:52:41,11.03,手动出餐,1,否,"新奥尔良烤鸡肉披萨-7寸(手拍)[{""name"":""规格"",""value"":""7寸(手拍)""}]（45.00*1）,餐盒（1.00*1）",新奥尔良烤鸡肉披萨,,,,非会员,20,,,依据餐量提供餐具,,45.00,10.99,28.10,0.00,0,0,1.56,0.00,4.50,【活动支出】单品特价:20.10元+【活动支出】粉丝群:1.00元+【活动支出】饿了么红包:7.00元+【活动支出】替用户承担配送费:4.5元,-,-,-,1.00,温州区域,温州直营,,,否,-,平台配送
圣比萨（苍南金乡店）,SBS00029,温州,"8081736089845334329	",饿了么,平台外卖,已完成,2025-10-24 19:15:21,2025-10-24 19:15:21,2025-10-24 19:15:22,饿了么支付-在线支付,,即时单,2025-10-24 19:15:21,11.87,手动出餐,1,否,"新奥尔良烤鸡肉披萨-7寸(手拍)[{""name"":""规格"",""value"":""7寸(手拍)""}]（45.00*1）,餐盒（1.00*1）",新奥尔良烤鸡肉披萨,,,,非会员,21,,,依据餐量提供餐具,,45.00,11.88,27.10,0.00,0,0,1.67,0.00,3.50,【活动支出】单品特价:20.10元+【活动支出】 商家自营销加码:2.00元+【活动支出】饿了么红包:5.00元+【活动支出】替用户承担配送费:3.5元,-,-,-,1.00,温州区域,温州直营,,,否,-,平台配送
圣比萨（苍南金乡店）,SBS00029,温州,"8074490256082909507	",饿了么,平台外卖,已完成,2025-10-24 20:37:04,2025-10-24 20:37:04,2025-10-24 20:37:05,饿了么支付-在线支付,,即时单,2025-10-24 20:37:04,22.58,手动出餐,1,否,"奶酪芝士卷边（7英寸）（4.90*1）,新奥尔良烤鸡肉披萨-7寸(手拍)[{""name"":""规格"",""value"":""7寸(手拍)""}]（45.00*1）,餐盒（1.00*1）",奶酪芝士卷边7+新奥尔良烤鸡肉披萨,,,,非会员,22,,,依据餐量提供餐具,,49.90,15.67,27.10,0.00,0,0,2.18,0.00,3.50,【活动支出】单品特价:20.10元+【活动支出】饿了么红包:7.00元+【活动支出】替用户承担配送费:3.5元,-,-,-,1.00,温州区域,温州直营,,,否,-,平台配送
圣比萨（苍南金乡店）,SBS00029,温州,"8066080256109227267	",饿了么,平台外卖,已完成,2025-10-24 22:11:30,2025-10-24 22:11:30,2025-10-24 22:11:30,饿了么支付-在线支付,,即时单,2025-10-24 22:11:30,9.85,手动出餐,1,否,"碳烤鸡肉培根披萨-7英寸(手拍)[{""name"":""规格"",""value"":""7英寸(手拍)""}]（45.00*1）,餐盒（1.00*1）",碳烤鸡肉培根披萨,,,,非会员,23,,,依据餐量提供餐具,,45.00,8.62,30.10,0.00,0,0,1.43,0.00,5.60,【活动支出】单品特价:20.10元+【活动支出】粉丝群:3.00元+【活动支出】饿了么红包:7.00元+【活动支出】替用户承担配送费:5.6元,-,-,-,1.00,温州区域,温州直营,,,否,-,平台配送
圣比萨（苍南金乡店）,SBS00029,温州,"8030866089916084676	",饿了么,平台外卖,已完成,2025-10-24 22:30:29,2025-10-24 22:30:29,2025-10-24 22:30:29,饿了么支付-在线支付,,即时单,2025-10-24 22:30:29,20.73,手动出餐,1,否,"【任选3件套】7英寸披萨+明星至尊桶+饮品（80.00*1）,蛋挞1个（5.00*1）,餐盒（2.00*1）",可乐+明星至尊桶+新奥尔良烤鸡肉披萨(7英寸(手拍))+蛋挞1个,,,,非会员,24,,,依据餐量提供餐具,,85.00,33.43,40.11,0.00,0,0,4.61,0.00,5.60,【活动支出】店铺满减:6.00元+【活动支出】单品特价:20.10元+【活动支出】单品特价:4.01元+【活动支出】粉丝群:1.00元+【活动支出】饿了么红包:9.00元+【活动支出】替用户承担配送费:5.6元,-,-,-,2.00,温州区域,温州直营,,,否,-,平台配送
圣比萨（苍南金乡店）,SBS00029,温州,"8095310256020526509	",饿了么,平台外卖,已完成,2025-10-24 22:39:57,2025-10-24 22:39:57,2025-10-24 22:39:57,饿了么支付-在线支付,,即时单,2025-10-24 22:39:57,11.22,手动出餐,1,否,"明星至尊桶（59.00*1）,榴莲芝士挞（12.00*1）,黑椒牛肉意面（52.00*1）,餐盒（3.00*1）",明星至尊桶+榴莲芝士挞+黑椒牛肉意面,,,,非会员,25,,,3份餐具,,123.00,45.96,63.10,0.00,0,0,6.29,0.00,6.10,【活动支出】店铺满减:6.00元+【活动支出】单品特价:19.10元+【活动支出】单品特价:3.00元+【活动支出】单品特价:23.00元+【活动支出】饿了么红包:12.00元+【活动支出】替用户承担配送费:6.0元,-,-,-,3.00,温州区域,温州直营,,,否,-,平台配送
圣比萨·披萨·炸鸡（盐城青墩店）,SBS00038,盐城,"8017000255540329873	",饿了么,平台外卖,已完成,2025-10-24 08:14:34,2025-10-24 08:14:34,2025-10-24 08:14:34,饿了么支付-在线支付,,预约单,2025-10-24 09:50:00,50.58,自动出餐,1,否,"大圣拉丝芝士棒（8.90*1）,经典奥尔良三件套（鸡排一片＋可乐）[甘梅]（39.90*1）,餐盒（2.00*1）",大圣拉丝芝士棒,,,,非会员,1,,,依据餐量提供餐具,,48.80,33.30,6.00,0.00,0,0,3.65,0.00,2.40,【活动支出】店铺满减:1.00元+【活动支出】饿了么红包:5.00元+【活动支出】替用户承担配送费:2.4元,-,-,-,2.00,江苏区域,江苏直营店,,,否,-,平台配送
圣比萨·披萨·炸鸡（盐城青墩店）,SBS00038,盐城,"8045776089553884470	",饿了么,平台外卖,已完成,2025-10-24 08:42:00,2025-10-24 08:42:00,2025-10-24 08:42:00,饿了么支付-在线支付,,预约单,2025-10-24 09:50:00,23.23,自动出餐,1,否,"咸蛋黄风味流沙卷边（7英寸）（4.90*1）,大圣生炸大鸡腿[香辣]（14.90*1）,经典薯条（180）（8.90*1）,大圣招牌大满贯披萨-7英寸(手拍)[{""name"":""规格"",""value"":""7英寸(手拍)""}]（36.90*1）,餐盒（4.00*1）",咸蛋黄流沙卷边7+大圣生炸大鸡腿+经典薯条+大圣招牌大满贯披萨,,,,非会员,2,,,依据餐量提供餐具,,65.60,44.27,11.00,0.00,0,0,4.83,0.00,2.40,【活动支出】店铺满减:6.00元+【活动支出】饿了么红包:5.00元+【活动支出】替用户承担配送费:2.4元,-,-,-,4.00,江苏区域,江苏直营店,,,否,-,平台配送
圣比萨·披萨·炸鸡（盐城青墩店）,SBS00038,盐城,"8073926089655751089	",饿了么,平台外卖,已完成,2025-10-24 12:19:07,2025-10-24 12:19:07,2025-10-24 12:19:07,饿了么支付-在线支付,,即时单,2025-10-24 12:19:07,14.20,自动出餐,1,否,"榴莲王披萨-7英寸(手拍)[{""name"":""规格"",""value"":""7英寸(手拍)""}]（36.90*1）,餐盒（2.00*1）",榴莲王披萨,,,,非会员,3,,,依据餐量提供餐具,,36.90,23.58,6.00,0.00,0,0,2.62,0.00,2.40,【活动支出】店铺满减:1.00元+【活动支出】饿了么红包:5.00元+【活动支出】替用户承担配送费:2.4元,-,-,-,2.00,江苏区域,江苏直营店,,,否,-,平台配送
圣比萨·披萨·炸鸡（盐城青墩店）,SBS00038,盐城,"8072716089684011430	",饿了么,平台外卖,已完成,2025-10-24 12:35:59,2025-10-24 12:35:59,2025-10-24 12:35:59,饿了么支付-在线支付,,即时单,2025-10-24 12:35:59,14.20,自动出餐,1,否,"日系照烧鸡披萨-7英寸(手拍)[{""name"":""规格"",""value"":""7英寸(手拍)""}]（28.90*1）,餐盒（2.00*1）",日系照烧鸡披萨,,,,非会员,4,,,1份餐具,,28.90,14.23,5.00,0.00,0,0,1.97,0.00,4.90,【活动支出】饿了么红包:5.00元+【活动支出】替用户承担配送费:4.9元,-,-,-,2.00,江苏区域,江苏直营店,,,否,-,平台配送
圣比萨·披萨·炸鸡（盐城青墩店）,SBS00038,盐城,"8025180255787508992	",饿了么,平台外卖,已完成,2025-10-24 12:49:00,2025-10-24 12:49:00,2025-10-24 12:49:00,饿了么支付-在线支付,,即时单,2025-10-24 12:49:00,14.23,自动出餐,1,否,"奶酪芝士卷边（7英寸）（4.90*1）,新奥尔良烤鸡肉披萨-7英寸(手拍)[{""name"":""规格"",""value"":""7英寸(手拍)""}]（28.90*1）,餐盒（2.00*1）",奶酪芝士卷边7+新奥尔良烤鸡肉披萨,,,,非会员,5,,,依据餐量提供餐具,,33.80,21.34,6.00,0.00,0,0,2.36,0.00,2.40,【活动支出】精准营销:1.00元+【活动支出】饿了么红包:5.00元+【活动支出】替用户承担配送费:2.4元,-,-,-,2.00,江苏区域,江苏直营店,,,否,-,平台配送
圣比萨·披萨·炸鸡（盐城青墩店）,SBS00038,盐城,"8040936089708540242	",饿了么,平台外卖,已完成,2025-10-24 14:36:15,2025-10-24 14:36:15,2025-10-24 14:36:15,饿了么支付-在线支付,,即时单,2025-10-24 14:36:15,13.22,自动出餐,1,否,"奶酪芝士卷边（7英寸）（4.90*1）,新奥尔良烤鸡肉披萨-7英寸(手拍)[{""name"":""规格"",""value"":""7英寸(手拍)""}]（28.90*1）,餐盒（2.00*1）",奶酪芝士卷边7+新奥尔良烤鸡肉披萨,,,,非会员,6,,,2份餐具,,33.80,22.26,5.00,0.00,0,0,2.44,0.00,2.40,【活动支出】饿了么红包:5.00元+【活动支出】替用户承担配送费:2.4元,-,-,-,2.00,江苏区域,江苏直营店,,,否,-,平台配送
圣比萨·披萨·炸鸡（盐城青墩店）,SBS00038,盐城,"8051130255839313359	",饿了么,平台外卖,已完成,2025-10-24 15:01:03,2025-10-24 15:01:03,2025-10-24 15:01:03,饿了么支付-在线支付,,即时单,2025-10-24 15:01:03,13.17,自动出餐,1,否,"大圣鸡排[香辣]（6.90*1）,芝士棒（8.50*2）,餐盒（2.00*1）",大圣鸡排+大圣拉丝芝士棒,,,,非会员,7,,,不要敲门，放门口 / 依据餐量提供餐具,,23.90,13.49,6.00,0.00,0,0,1.51,0.00,2.40,【活动支出】精准营销:1.00元+【活动支出】饿了么红包:5.00元+【活动支出】替用户承担配送费:2.4元,-,-,-,2.00,江苏区域,江苏直营店,,,否,-,平台配送
圣比萨·披萨·炸鸡（盐城青墩店）,SBS00038,盐城,"8032736089744717060	",饿了么,平台外卖,已完成,2025-10-24 15:23:18,2025-10-24 15:23:18,2025-10-24 15:23:18,饿了么支付-在线支付,,即时单,2025-10-24 15:23:18,13.08,自动出餐,1,否,"新奥尔良烤鸡肉披萨-7英寸(手拍)[{""name"":""规格"",""value"":""7英寸(手拍)""}]（28.90*1）,餐盒（2.00*1）",新奥尔良烤鸡肉披萨,,,,非会员,8,,,依据餐量提供餐具,,28.90,16.32,6.00,0.00,0,0,1.88,0.00,6.40,【活动支出】精准营销:1.00元+【活动支出】饿了么红包:5.00元+【活动支出】替用户承担配送费:6.0元,-,-,-,2.00,江苏区域,江苏直营店,,,否,-,平台配送
圣比萨·披萨·炸鸡（盐城青墩店）,SBS00038,盐城,"8013566089733639575	",饿了么,平台外卖,已完成,2025-10-24 16:50:15,2025-10-24 16:50:15,2025-10-24 16:50:15,饿了么支付-在线支付,,即时单,2025-10-24 16:50:15,13.17,自动出餐,1,否,"咸蛋黄风味流沙卷边（7英寸）（4.90*1）,新奥尔良烤鸡肉披萨-7英寸(手拍)[{""name"":""规格"",""value"":""7英寸(手拍)""}]（28.90*1）,餐盒（2.00*1）",咸蛋黄流沙卷边7+新奥尔良烤鸡肉披萨,,,,非会员,9,,,2份餐具,,33.80,22.26,5.00,0.00,0,0,2.44,0.00,2.40,【活动支出】饿了么红包:5.00元+【活动支出】替用户承担配送费:2.4元,-,-,-,2.00,江苏区域,江苏直营店,,,否,-,平台配送
圣比萨·披萨·炸鸡（盐城青墩店）,SBS00038,盐城,"8011440255883316558	",饿了么,平台外卖,已完成,2025-10-24 17:08:59,2025-10-24 17:08:59,2025-10-24 17:08:59,饿了么支付-在线支付,,即时单,2025-10-24 17:08:59,13.03,自动出餐,1,否,"大圣鸡排[孜然]（6.90*1）,可口可乐[冷]（6.00*1）,雪碧（6.00*1）,新奥尔良烤鸡肉披萨-7英寸(手拍)[{""name"":""规格"",""value"":""7英寸(手拍)""}]（28.90*1）,红薯薯泥流心卷边（7英寸）（4.90*1）,餐盒（3.00*1）",大圣鸡排+小可乐+小雪碧+新奥尔良烤鸡肉披萨+红薯泥流心卷边7,,,,非会员,10,,,依据餐量提供餐具,,52.70,36.78,6.00,0.00,0,0,4.02,0.00,2.90,【活动支出】店铺满减:1.00元+【活动支出】饿了么红包:5.00元+【活动支出】替用户承担配送费:2.9元,-,-,-,3.00,江苏区域,江苏直营店,,,否,-,平台配送
圣比萨·披萨·炸鸡（盐城青墩店）,SBS00038,盐城,"8024300255894983016	",饿了么,平台外卖,已完成,2025-10-24 17:36:39,2025-10-24 17:36:39,2025-10-24 17:36:40,饿了么支付-在线支付,,即时单,2025-10-24 17:36:39,14.03,手动出餐,1,否,"新奥尔良烤鸡肉披萨-7英寸(手拍)[{""name"":""规格"",""value"":""7英寸(手拍)""}]（28.90*1）,餐盒（2.00*1）",新奥尔良烤鸡肉披萨,,,,非会员,11,,,依据餐量提供餐具,,28.90,18.38,5.00,0.00,0,0,2.02,0.00,2.40,【活动支出】饿了么红包:5.00元+【活动支出】替用户承担配送费:2.4元,-,-,-,2.00,江苏区域,江苏直营店,,,否,-,平台配送
圣比萨·披萨·炸鸡（盐城青墩店）,SBS00038,盐城,"8064626089839008250	",饿了么,平台外卖,已完成,2025-10-24 19:01:34,2025-10-24 19:01:34,2025-10-24 19:01:34,饿了么支付-在线支付,,即时单,2025-10-24 19:01:34,14.17,自动出餐,1,否,"日系照烧鸡披萨-9英寸(手拍)[{""name"":""规格"",""value"":""9英寸(手拍)""}]（36.90*1）,咸蛋黄风味流心卷边（9英寸）（6.90*1）,餐盒（2.00*1）",日系照烧鸡披萨+咸蛋黄流沙卷边9,,,,非会员,12,,,依据餐量提供餐具,,43.80,28.37,7.00,0.00,0,0,3.13,0.00,2.40,【活动支出】店铺满减:1.00元+【活动支出】精准营销:1.00元+【活动支出】饿了么红包:5.00元+【活动支出】替用户承担配送费:2.4元,-,-,-,2.00,江苏区域,江苏直营店,,,否,-,平台配送
圣比萨·披萨·炸鸡（盐城青墩店）,SBS00038,盐城,"8016666089879576936	",饿了么,平台外卖,已完成,2025-10-24 20:44:13,2025-10-24 20:44:13,2025-10-24 20:44:13,饿了么支付-在线支付,,即时单,2025-10-24 20:44:13,13.22,自动出餐,1,否,"招牌鸡排套餐（鸡排2个＋香肠1个）[香辣]（26.90*1）,餐盒（1.00*1）",招牌鸡排套餐（鸡排2个＋香肠1个）[香辣]+餐盒,,,,非会员,13,,,依据餐量提供餐具,,26.90,15.64,5.00,0.00,0,0,1.76,0.00,2.40,【活动支出】饿了么红包:5.00元+【活动支出】替用户承担配送费:2.4元,-,-,-,1.00,江苏区域,江苏直营店,,,否,-,平台配送
圣比萨·披萨·炸鸡（盐城青墩店）,SBS00038,盐城,"8000220256007140667	",饿了么,平台外卖,已完成,2025-10-24 21:04:08,2025-10-24 21:04:08,2025-10-24 21:04:08,饿了么支付-在线支付,,即时单,2025-10-24 21:04:08,13.23,自动出餐,1,否,"点击右上角❤️免费得小吃（限一份，多点不送）[上校鸡块2个]（0.00*1）,新奥尔良烤鸡肉披萨-7英寸(手拍)[{""name"":""规格"",""value"":""7英寸(手拍)""}]（28.90*1）,餐盒（2.00*1）",上校鸡块2个+新奥尔良烤鸡肉披萨,,,,非会员,14,,,多加点芝士 / 依据餐量提供餐具,,28.90,17.33,5.00,0.00,0,0,1.97,0.00,3.40,【活动支出】饿了么红包:5.00元+【活动支出】淘金币:0.00元+【活动支出】替用户承担配送费:3.4元,-,-,-,2.00,江苏区域,江苏直营店,,,否,-,平台配送
圣比萨·披萨·炸鸡（盐城青墩店）,SBS00038,盐城,"8020030255998862751	",饿了么,平台外卖,已完成,2025-10-24 21:05:08,2025-10-24 21:05:08,2025-10-24 21:05:08,饿了么支付-在线支付,,即时单,2025-10-24 21:05:08,13.07,自动出餐,1,否,"碳烤鸡肉培根披萨-9英寸(手拍)[{""name"":""规格"",""value"":""9英寸(手拍)""}]（36.90*1）,餐盒（2.00*1）",碳烤鸡肉培根披萨,,,,非会员,15,,,依据餐量提供餐具,,36.90,23.13,6.00,0.00,0,0,2.57,0.00,3.40,【活动支出】店铺满减:1.00元+【活动支出】饿了么红包:5.00元+【活动支出】替用户承担配送费:3.4元,-,-,-,2.00,江苏区域,江苏直营店,,,否,-,平台配送
圣比萨·披萨·炸鸡（盐城青墩店）,SBS00038,盐城,"8083250256012275060	",饿了么,平台外卖,已完成,2025-10-24 21:53:22,2025-10-24 21:53:22,2025-10-24 21:53:22,饿了么支付-在线支付,,即时单,2025-10-24 21:53:22,13.13,自动出餐,1,否,"招牌鸡排套餐（鸡排2个＋香肠1个）[香辣]（26.90*1）,餐盒（1.00*1）",招牌鸡排套餐（鸡排2个＋香肠1个）[香辣]+餐盒,,,,非会员,16,,,依据餐量提供餐具,,26.90,15.19,5.00,0.00,0,0,1.71,0.00,3.90,【活动支出】饿了么红包:5.00元+【活动支出】替用户承担配送费:3.9元,-,-,-,1.00,江苏区域,江苏直营店,,,否,-,平台配送
圣比萨·披萨·炸鸡（盐城青墩店）,SBS00038,盐城,"8034596089924530566	",饿了么,平台外卖,已完成,2025-10-24 22:10:03,2025-10-24 22:10:03,2025-10-24 22:10:04,饿了么支付-在线支付,,即时单,2025-10-24 22:10:03,13.15,自动出餐,1,否,"新奥尔良烤鸡肉披萨-7英寸(手拍)[{""name"":""规格"",""value"":""7英寸(手拍)""}]（28.90*1）,餐盒（2.00*1）",新奥尔良烤鸡肉披萨,,,,非会员,17,,,依据餐量提供餐具,,28.90,17.33,5.00,0.00,0,0,1.97,0.00,3.90,【活动支出】饿了么红包:5.00元+【活动支出】替用户承担配送费:3.9元,-,-,-,2.00,江苏区域,江苏直营店,,,否,-,平台配送
圣比萨·披萨·炸鸡（盐城青墩店）,SBS00038,盐城,"8060000255920486687	",饿了么,平台外卖,已完成,2025-10-24 22:24:38,2025-10-24 22:24:38,2025-10-24 22:24:39,饿了么支付-在线支付,,即时单,2025-10-24 22:24:38,13.12,自动出餐,1,否,"酸奶多多流心卷边（7英寸）（4.90*1）,新奥尔良烤鸡肉披萨-7英寸(手拍)[{""name"":""规格"",""value"":""7英寸(手拍)""}]（28.90*1）,餐盒（2.00*1）",酸奶多多流心卷边7+新奥尔良烤鸡肉披萨,,,,非会员,18,,,"不要辣, 不要香菜 / 依据餐量提供餐具",,33.80,21.21,5.00,0.00,0,0,2.39,0.00,3.40,【活动支出】饿了么红包:5.00元+【活动支出】替用户承担配送费:3.4元,-,-,-,2.00,江苏区域,江苏直营店,,,否,-,平台配送
圣比萨·披萨·炸鸡（盐城青墩店）,SBS00038,盐城,"8007350255927434553	",饿了么,平台外卖,已完成,2025-10-24 22:50:01,2025-10-24 22:50:01,2025-10-24 22:50:01,饿了么支付-在线支付,,即时单,2025-10-24 22:50:01,13.02,自动出餐,1,否,"日系照烧鸡披萨-7英寸(手拍)[{""name"":""规格"",""value"":""7英寸(手拍)""}]（28.90*1）,咸蛋黄风味流沙卷边（7英寸）（4.90*1）,点击右上角❤️免费得小吃（限一份，多点不送）[薯饼2个]（0.00*1）,餐盒（2.00*1）",日系照烧鸡披萨+咸蛋黄流沙卷边7,,,,非会员,19,,,依据餐量提供餐具,,33.80,21.21,5.00,0.00,0,0,2.39,0.00,3.40,【活动支出】饿了么红包:5.00元+【活动支出】替用户承担配送费:3.4元,-,-,-,2.00,江苏区域,江苏直营店,,,否,-,平台配送
圣比萨·披萨·炸鸡（盐城青墩店）,SBS00038,盐城,"8007350256036676948	",饿了么,平台外卖,已完成,2025-10-24 22:51:50,2025-10-24 22:51:50,2025-10-24 22:51:51,饿了么支付-在线支付,,即时单,2025-10-24 22:51:50,13.20,自动出餐,1,否,"海苔肉松披萨-7英寸[{""name"":""规格"",""value"":""7英寸""}]（32.90*1）,咸蛋黄风味流沙卷边（7英寸）（4.90*1）,蛋挞（2个）（8.90*1）,点击右上角❤️免费得小吃（限一份，多点不送）[薯饼2个]（0.00*1）,餐盒（1.50*1）",咸蛋黄流沙卷边7+蛋挞,,,,非会员,20,,,让店家吧薯饼换成鸡块吧，谢谢/ 依据餐量提供餐具,,46.70,30.43,6.00,0.00,0,0,3.37,0.00,3.40,【活动支出】店铺满减:1.00元+【活动支出】饿了么红包:5.00元+【活动支出】替用户承担配送费:3.4元,-,-,-,1.50,江苏区域,江苏直营店,,,否,-,平台配送
圣比萨（欧洲城店）,SBS00001,温州,"8073876089416331772	",饿了么,平台外卖,已完成,2025-10-23 18:54:10,2025-10-23 18:54:10,2025-10-23 18:54:10,饿了么支付-在线支付,,预约单,2025-10-24 10:25:00,885.92,自动出餐,1,否,"新奥尔良烤鸡肉披萨-7英寸[{""name"":""规格"",""value"":""7英寸""}]（58.00*1）,餐盒（2.00*1）",新奥尔良烤鸡肉披萨,,,,非会员,1,,,1份餐具,,58.00,10.12,43.10,0.00,0,0,1.43,0.00,3.50,【活动支出】单品特价:36.10元+【活动支出】 商家自营销加码:2.00元+【活动支出】饿了么红包:5.00元+【活动支出】替用户承担配送费:3.5元,-,-,-,2.00,温州区域,温州直营,,,否,-,平台配送
圣比萨（欧洲城店）,SBS00001,温州,"8043360255560545653	",饿了么,平台外卖,已完成,2025-10-23 20:04:59,2025-10-23 20:04:59,2025-10-23 20:05:00,饿了么支付-在线支付,,预约单,2025-10-24 16:45:00,1195.02,自动出餐,1,否,【买一送一】买披萨送披萨[浪漫威尼斯披萨7英寸+日系照烧鸡披萨7英寸]（86.80*1）,浪漫威尼斯披萨【7英寸(手拍)】+日系照烧鸡披萨【7英寸(手拍)】,,,,非会员,2,,,依据餐量提供餐具,,86.80,23.18,54.90,0.00,0,0,2.17,0.00,3.50,【活动支出】单品特价:54.90元+【活动支出】替用户承担配送费:3.5元,-,-,-,0.00,温州区域,温州直营,,,否,-,平台配送
圣比萨（欧洲城店）,SBS00001,温州,"8024886089458955759	",饿了么,平台外卖,已完成,2025-10-23 22:20:30,2025-10-23 22:20:30,2025-10-23 22:20:30,饿了么支付-在线支付,,预约单,2025-10-24 11:25:00,739.55,自动出餐,1,否,"新奥尔良烤鸡肉披萨-7英寸[{""name"":""规格"",""value"":""7英寸""}]（58.00*1）,咸蛋黄风味流沙卷边（7英寸）（4.90*1）,明星小食桶B（36.00*1）,餐盒（4.00*1）",新奥尔良烤鸡肉披萨+咸蛋黄流沙卷边7+明星小食桶B,,,,非会员,3,,,依据餐量提供餐具,,98.90,26.10,67.20,0.00,0,0,2.45,0.00,3.50,【活动支出】店铺满减:1.00元+【活动支出】首次光顾立减:1.00元+【活动支出】单品特价:36.10元+【活动支出】单品特价:21.10元+【活动支出】饿了么红包:8.00元+【活动支出】替用户承担配送费:3.5元,-,-,-,4.00,温州区域,温州直营,,,否,-,平台配送
圣比萨（欧洲城店）,SBS00001,温州,"8098766089509209356	",饿了么,平台外卖,已完成,2025-10-24 01:12:16,2025-10-24 01:12:16,2025-10-24 01:12:16,饿了么支付-在线支付,,预约单,2025-10-24 12:10:00,612.88,自动出餐,1,否,"【随心❤️拼】7英寸披萨(口味自选）[培根鸡肉+奥尔良]（54.00*1）,餐盒（2.00*1）",双拼7寸【碳烤鸡肉培根口味7】+双拼7寸【奥尔良口味7】,,,,非会员,4,,,依据餐量提供餐具,,54.00,11.22,37.10,0.00,0,0,1.43,0.00,4.50,【活动支出】首次光顾立减:1.00元+【活动支出】单品特价:29.10元+【活动支出】饿了么红包:7.00元+【活动支出】替用户承担配送费:4.5元,-,-,-,2.00,温州区域,温州直营,,,否,-,平台配送
圣比萨（欧洲城店）,SBS00001,温州,"8035210255684973871	",饿了么,平台外卖,已完成,2025-10-24 10:54:53,2025-10-24 10:54:53,2025-10-24 10:54:53,饿了么支付-在线支付,,即时单,2025-10-24 10:54:53,10.00,自动出餐,1,否,"上校鸡块4个（12.00*1）,港式奶茶[热]（10.00*1）,蛋挞2个（10.00*1）,招牌肉酱意面（52.00*1）,餐盒（4.00*1）",上校鸡块+港式奶茶+蛋挞+招牌肉酱意面,,,,非会员,5,,,1份餐具,,84.00,29.28,48.21,0.00,0,0,2.76,0.00,3.50,【活动支出】店铺满减:1.00元+【活动支出】首次光顾立减:1.00元+【活动支出】单品特价:6.10元+【活动支出】单品特价:2.00元+【活动支出】单品特价:1.01元+【活动支出】单品特价:28.10元+【活动支出】饿了么红包:9.00元+【活动支出】替用户承担配送费:3.5元,-,-,-,4.00,温州区域,温州直营,,,否,-,平台配送
圣比萨（欧洲城店）,SBS00001,温州,"8057526089551780330	",饿了么,平台外卖,已完成,2025-10-24 11:00:00,2025-10-24 11:00:00,2025-10-24 11:00:00,饿了么支付-在线支付,,即时单,2025-10-24 11:00:00,10.22,自动出餐,1,否,"蛋挞一个（原味）（5.00*1）,点击右上角❤️收藏得小吃[上校鸡块2个]（2.00*1）,招牌肉酱意面（52.00*1）,台式香烤地道肠（7.50*1）,餐盒（4.00*1）",蛋挞1个+上校鸡块2个+招牌肉酱意面+地道肠1根,,,,非会员,6,,,依据餐量提供餐具,,66.50,16.05,47.61,0.00,0,0,1.49,0.00,3.50,【活动支出】首次光顾立减:1.00元+【活动支出】单品特价:4.01元+【活动支出】单品特价:1.90元+【活动支出】单品特价:28.10元+【活动支出】单品特价:3.60元+【活动支出】精准营销:2.00元+【活动支出】饿了么红包:7.00元+【活动支出】替用户承担配送费:3.5元,-,-,-,4.00,温州区域,温州直营,,,否,-,平台配送
圣比萨（欧洲城店）,SBS00001,温州,"8021736089585574170	",饿了么,平台外卖,已完成,2025-10-24 11:07:15,2025-10-24 11:07:15,2025-10-24 11:07:15,饿了么支付-在线支付,,即时单,2025-10-24 11:07:15,10.10,自动出餐,1,否,"【随心❤️拼】9英寸披萨(口味自选）[水果+日系照烧]（80.00*1）,餐盒（2.00*1）",双拼9寸【缤纷水果口味9】+双拼9寸【日系照烧口味9】,,,,非会员,7,,,"不要香菜, 不要葱 不要芹菜 / 依据餐量提供餐具",,80.00,20.41,53.10,0.00,0,0,1.94,0.00,3.50,【活动支出】单品特价:45.10元+【活动支出】 商家自营销加码:0.00元+【活动支出】饿了么红包:8.00元+【活动支出】替用户承担配送费:3.5元,-,-,-,2.00,温州区域,温州直营,,,否,-,平台配送
圣比萨（欧洲城店）,SBS00001,温州,"8028070255696567629	",饿了么,平台外卖,已完成,2025-10-24 11:07:17,2025-10-24 11:07:17,2025-10-24 11:07:17,饿了么支付-在线支付,,即时单,2025-10-24 11:07:17,10.05,自动出餐,1,否,"蛋挞一个（原味）（5.00*1）,【任选】披萨随心配（34.80*1）,餐盒（3.00*1）",蛋挞1个+不加一+碳烤鸡肉培根披萨(7英寸(手拍))+上校鸡块2个+港式奶茶+不加一,,,,非会员,8,,,依据餐量提供餐具,,39.80,17.23,17.01,0.00,0,0,1.71,0.00,5.00,【活动支出】店铺满减:1.00元+【活动支出】首次光顾立减:1.00元+【活动支出】单品特价:4.01元+【活动支出】精准营销红包:3.00元+【活动支出】饿了么红包:8.00元+【活动支出】替用户承担配送费:5.0元,-,-,-,3.00,温州区域,温州直营,,,否,-,平台配送
圣比萨（欧洲城店）,SBS00001,温州,"8084766089599001926	",饿了么,平台外卖,已完成,2025-10-24 11:08:32,2025-10-24 11:08:32,2025-10-24 11:08:32,饿了么支付-在线支付,,即时单,2025-10-24 11:08:32,10.07,自动出餐,1,否,"圣比招牌披萨-9寸(经典手拍)[{""name"":""规格"",""value"":""9寸(经典手拍)""}]（78.00*1）,深海墨鱼丸-3个[{""name"":""规格"",""value"":""3个""}]（10.60*1）,经典薯条（18.00*1）,盒子披萨三选一[奥尔良风情烤鸡肉]（29.00*1）,餐盒（4.00*1）",大圣招牌大满贯披萨+深海墨鱼丸+经典薯条+奥尔良风情烤鸡肉一人食盒子披萨,,,,非会员,9,,,依据餐量提供餐具,,135.60,52.42,70.90,0.00,0,0,4.93,0.00,3.50,【活动支出】店铺满减:6.00元+【活动支出】首次光顾立减:1.00元+【活动支出】单品特价:38.10元+【活动支出】单品特价:4.70元+【活动支出】单品特价:9.10元+【活动支出】饿了么红包:12.00元+【活动支出】替用户承担配送费:3.5元,-,-,-,4.00,温州区域,温州直营,,,否,-,平台配送
圣比萨（欧洲城店）,SBS00001,温州,"8093656089598230991	",饿了么,平台外卖,已完成,2025-10-24 11:18:40,2025-10-24 11:18:40,2025-10-24 11:18:40,饿了么支付-在线支付,,即时单,2025-10-24 11:18:40,10.15,自动出餐,1,否,"蛋挞一个（原味）（5.00*1）,【任选2件套】买一送一7英寸披萨[奥尔良鸡肉披萨7英寸+日系照烧鸡披萨7英寸]（86.80*1）,咸蛋黄风味流沙卷边（7英寸）（4.90*1）,红薯薯泥流心卷边（7英寸）（4.90*1）,柠檬茶[冷]（6.00*1）,餐盒（4.00*1）",蛋挞1个+新奥尔良烤鸡肉披萨【7英寸(手拍)】+日系照烧鸡披萨【7英寸(手拍)】+咸蛋黄流沙卷边7+红薯泥流心卷边7+柠檬茶,,,,非会员,10,,,1份餐具,,107.60,33.17,66.31,0.00,0,0,3.17,0.00,3.50,【活动支出】店铺满减:6.00元+【活动支出】首次光顾立减:1.00元+【活动支出】单品特价:4.01元+【活动支出】单品特价:46.30元+【活动支出】饿了么红包:9.00元+【活动支出】替用户承担配送费:3.5元,-,-,-,4.00,温州区域,温州直营,,,否,-,平台配送
圣比萨（欧洲城店）,SBS00001,温州,"8023936089627366664	",饿了么,平台外卖,已完成,2025-10-24 11:20:34,2025-10-24 11:20:34,2025-10-24 11:20:34,饿了么支付-在线支付,,即时单,2025-10-24 11:20:34,10.15,自动出餐,1,否,"红薯薯泥流心卷边（7英寸）（4.90*1）,碳烤鸡肉培根披萨-7英寸(手拍)[{""name"":""规格"",""value"":""7英寸(手拍)""}]（45.00*1）,餐盒（2.00*1）",红薯泥流心卷边7+碳烤鸡肉培根披萨,,,,非会员,11,,,依据餐量提供餐具,,49.90,16.29,28.10,0.00,0,0,1.56,0.00,3.50,【活动支出】单品特价:21.10元+【活动支出】饿了么红包:7.00元+【活动支出】替用户承担配送费:3.5元,-,-,-,2.00,温州区域,温州直营,,,否,-,平台配送
圣比萨（欧洲城店）,SBS00001,温州,"8021380255806613898	",饿了么,平台外卖,已完成,2025-10-24 11:23:06,2025-10-24 11:23:06,2025-10-24 11:23:06,饿了么支付-在线支付,,即时单,2025-10-24 11:23:06,10.05,自动出餐,1,否,手握三选一-单点[日式照烧]（20.00*1）,日式烧鸟风味一人食盒子披萨,,,,非会员,12,,,依据餐量提供餐具,,20.00,10.00,0.00,0.00,0,0,0.00,0.00,,【活动支出】拼团反圈活动:0.00元,-,-,-,0.00,温州区域,温州直营,,,否,-,平台配送
圣比萨（欧洲城店）,SBS00001,温州,"8066706089601429805	",饿了么,平台外卖,已完成,2025-10-24 11:27:04,2025-10-24 11:27:04,2025-10-24 11:27:04,饿了么支付-在线支付,,即时单,2025-10-24 11:27:04,10.10,自动出餐,1,否,番茄牛肉意面-单点（22.59*1）,番茄牛肉意面,,,,非会员,13,,,依据餐量提供餐具,,22.59,12.59,0.00,0.00,0,0,0.00,0.00,,【活动支出】拼团反圈活动:0.00元,-,-,-,0.00,温州区域,温州直营,,,否,-,平台配送
圣比萨（欧洲城店）,SBS00001,温州,"8058906089622362509	",饿了么,平台外卖,已完成,2025-10-24 11:33:24,2025-10-24 11:33:24,2025-10-24 11:33:24,饿了么支付-在线支付,,即时单,2025-10-24 11:33:24,10.17,自动出餐,1,否,"【任选】意面随心配（29.90*1）,餐盒（2.00*1）",可乐+不加一+地道肠1根+上校鸡块2个+盐酥鸡米花小份+招牌肉酱意面+不加一,,,,非会员,14,,,依据餐量提供餐具,,29.90,16.38,8.00,0.00,0,0,1.57,0.00,3.50,【活动支出】首次光顾立减:1.00元+【活动支出】饿了么红包:7.00元+【活动支出】替用户承担配送费:3.5元,-,-,-,2.00,温州区域,温州直营,,,否,-,平台配送
圣比萨（欧洲城店）,SBS00001,温州,"8009576089643769224	",饿了么,平台外卖,已完成,2025-10-24 11:39:29,2025-10-24 11:39:29,2025-10-24 11:39:29,饿了么支付-在线支付,,即时单,2025-10-24 11:39:29,10.18,自动出餐,1,否,"蛋挞一个（原味）（5.00*1）,点击右上角❤️收藏得小吃[墨鱼丸1个]（2.00*1）,海苔肉松披萨-7英寸[{""name"":""规格"",""value"":""7英寸""}]（45.00*1）,餐盒（4.00*1）",蛋挞1个+深海墨鱼丸1个+海苔肉松披萨,,,,非会员,15,,,依据餐量提供餐具,,52.00,16.14,33.01,0.00,0,0,1.50,0.00,3.50,【活动支出】首次光顾立减:1.00元+【活动支出】单品特价:4.01元+【活动支出】单品特价:1.90元+【活动支出】单品特价:19.10元+【活动支出】 商家自营销加码:2.00元+【活动支出】饿了么红包:5.00元+【活动支出】替用户承担配送费:3.5元,-,-,-,4.00,温州区域,温州直营,,,否,-,平台配送
圣比萨（欧洲城店）,SBS00001,温州,"8056966089653698868	",饿了么,平台外卖,已完成,2025-10-24 11:50:01,2025-10-24 11:50:01,2025-10-24 11:50:01,饿了么支付-在线支付,,即时单,2025-10-24 11:50:01,10.08,自动出餐,1,否,"招牌肉酱意面（52.00*1）,烤甜玉米（12.00*1）,餐盒（2.00*1）",招牌肉酱意面+烤甜玉米,,,,非会员,16,,,依据餐量提供餐具,,64.00,25.26,31.20,0.00,0,0,2.39,0.00,3.50,【活动支出】单品特价:28.10元+【活动支出】单品特价:3.10元+【活动支出】替用户承担配送费:3.5元,-,-,-,2.00,温州区域,温州直营,,,否,-,平台配送
圣比萨（欧洲城店）,SBS00001,温州,"8062756089624503720	",饿了么,平台外卖,已完成,2025-10-24 12:12:00,2025-10-24 12:12:00,2025-10-24 12:12:00,饿了么支付-在线支付,,即时单,2025-10-24 12:12:00,10.17,自动出餐,1,否,"奶酪芝士卷边（7英寸）（4.90*1）,点击右上角❤️收藏得小吃[墨鱼丸1个]（2.00*1）,新奥尔良烤鸡肉披萨-7英寸[{""name"":""规格"",""value"":""7英寸""}]（58.00*1）,餐盒（3.00*1）",奶酪芝士卷边7+深海墨鱼丸1个+新奥尔良烤鸡肉披萨,,,,非会员,17,,,1份餐具,,64.90,16.06,45.00,0.00,0,0,1.49,0.00,4.00,【活动支出】单品特价:1.90元+【活动支出】单品特价:36.10元+【活动支出】饿了么红包:7.00元+【活动支出】替用户承担配送费:4.0元,-,-,-,3.00,温州区域,温州直营,,,否,-,平台配送
圣比萨（欧洲城店）,SBS00001,温州,"8042230255696466202	",饿了么,平台外卖,已完成,2025-10-24 13:11:53,2025-10-24 13:11:53,2025-10-24 13:11:53,饿了么支付-在线支付,,即时单,2025-10-24 13:11:53,7.12,手动出餐,1,否,"蛋挞一个（原味）（5.00*1）,【随心❤️拼】7英寸披萨(口味自选）[奥尔良+培根鸡肉]（54.00*1）,餐盒（3.00*1）",蛋挞1个+双拼7寸【奥尔良口味7】+双拼7寸【碳烤鸡肉培根口味7】,,,,非会员,18,,,依据餐量提供餐具,,59.00,14.11,41.11,0.00,0,0,1.43,0.00,3.50,【活动支出】首次光顾立减:1.00元+【活动支出】单品特价:4.01元+【活动支出】单品特价:29.10元+【活动支出】CPS商户叠加券:0.00元+【活动支出】饿了么红包:7.00元+【活动支出】淘金币:0.00元+【活动支出】替用户承担配送费:3.5元,-,-,-,3.00,温州区域,温州直营,,,否,-,平台配送
圣比萨（欧洲城店）,SBS00001,温州,"8080060255799442770	",饿了么,平台外卖,已完成,2025-10-24 13:11:58,2025-10-24 13:11:58,2025-10-24 13:11:58,饿了么支付-在线支付,,即时单,2025-10-24 13:11:58,7.00,手动出餐,1,否,"纯芝士披萨7英寸-7英寸(手拍)[{""name"":""规格"",""value"":""7英寸(手拍)""}]（42.00*1）,餐盒（2.00*1）",金牌芝士披萨【7英寸(手拍)】,,,,非会员,19,,,依据餐量提供餐具,,42.00,5.92,28.10,0.00,0,0,1.43,0.00,6.80,【活动支出】首次光顾立减:1.00元+【活动支出】单品特价:20.10元+【活动支出】超级会员专享红包:5.00元+【活动支出】 商家自营销加码:2.00元+【活动支出】替用户承担配送费:6.0元,-,-,-,2.00,温州区域,温州直营,,,否,-,平台配送
圣比萨（欧洲城店）,SBS00001,温州,"8013150255689116965	",饿了么,平台外卖,已完成,2025-10-24 13:15:13,2025-10-24 13:15:13,2025-10-24 13:15:14,饿了么支付-在线支付,,即时单,2025-10-24 13:15:13,8.18,手动出餐,1,否,"鲜虾菠萝披萨-7寸(经典手拍)[{""name"":""规格"",""value"":""7寸(经典手拍)""}]（45.00*1）,奶酪芝士卷边（7英寸）（4.90*1）,餐盒（2.00*1）",鲜虾菠萝披萨+奶酪芝士卷边7,,,,非会员,20,,,依据餐量提供餐具,,49.90,18.14,26.10,0.00,0,0,1.71,0.00,3.50,【活动支出】单品特价:19.10元+【活动支出】饿了么红包:7.00元+【活动支出】替用户承担配送费:3.5元,-,-,-,2.00,温州区域,温州直营,,,否,-,平台配送
圣比萨（欧洲城店）,SBS00001,温州,"8053596089702406625	",饿了么,平台外卖,已完成,2025-10-24 13:39:32,2025-10-24 13:39:32,2025-10-24 13:39:32,饿了么支付-在线支付,,即时单,2025-10-24 13:39:32,7.07,手动出餐,1,否,"新奥尔良烤鸡肉披萨-7英寸[{""name"":""规格"",""value"":""7英寸""}]（58.00*1）,餐盒（2.00*1）",新奥尔良烤鸡肉披萨,,,,非会员,21,,,1份餐具,,58.00,9.12,44.10,0.00,0,0,1.43,0.00,3.50,【活动支出】首次光顾立减:1.00元+【活动支出】单品特价:36.10元+【活动支出】 商家自营销加码:2.00元+【活动支出】饿了么红包:5.00元+【活动支出】替用户承担配送费:3.5元,-,-,-,2.00,温州区域,温州直营,,,否,-,平台配送
圣比萨（欧洲城店）,SBS00001,温州,"8028846089697149198	",饿了么,平台外卖,已完成,2025-10-24 13:41:26,2025-10-24 13:41:26,2025-10-24 13:41:27,饿了么支付-在线支付,,即时单,2025-10-24 13:41:26,10.10,自动出餐,1,否,"奶酪芝士卷边（7英寸）（4.90*1）,新奥尔良烤鸡肉披萨-7英寸[{""name"":""规格"",""value"":""7英寸""}]（58.00*1）,【中秋特惠】买一送一奥尔良烤翅（12.90*1）,餐盒（3.00*1）",奶酪芝士卷边7+新奥尔良烤鸡肉披萨+奥尔良烤翅+奥尔良烤翅,,,,非会员,22,,,依据餐量提供餐具,,75.80,23.00,47.10,0.00,0,0,2.15,0.00,3.50,【活动支出】店铺满减:1.00元+【活动支出】首次光顾立减:1.00元+【活动支出】单品特价:36.10元+【活动支出】饿了么红包:0.00元+【活动支出】饿了么红包:9.00元+【活动支出】替用户承担配送费:3.5元,-,-,-,3.00,温州区域,温州直营,,,否,-,平台配送
圣比萨（欧洲城店）,SBS00001,温州,"8063360255811966314	",饿了么,平台外卖,已完成,2025-10-24 13:45:40,2025-10-24 13:45:40,2025-10-24 13:45:40,饿了么支付-在线支付,,即时单,2025-10-24 13:45:40,9.85,手动出餐,1,否,"深海墨鱼丸-3个[{""name"":""规格"",""value"":""3个""}]（10.60*1）,新奥尔良烤鸡肉披萨-7英寸[{""name"":""规格"",""value"":""7英寸""}]（58.00*1）,餐盒（3.00*1）",深海墨鱼丸+新奥尔良烤鸡肉披萨,,,,非会员,23,,,依据餐量提供餐具,,68.60,15.96,48.80,0.00,0,0,1.49,0.00,3.50,【活动支出】首次光顾立减:1.00元+【活动支出】单品特价:4.70元+【活动支出】单品特价:36.10元+【活动支出】饿了么红包:7.00元+【活动支出】替用户承担配送费:3.5元,-,-,-,3.00,温州区域,温州直营,,,否,-,平台配送
圣比萨（欧洲城店）,SBS00001,温州,"8064450255815195032	",饿了么,平台外卖,已完成,2025-10-24 13:48:50,2025-10-24 13:48:50,2025-10-24 13:48:51,饿了么支付-在线支付,,即时单,2025-10-24 13:48:50,9.22,手动出餐,1,否,"新奥尔良烤鸡肉披萨-7英寸[{""name"":""规格"",""value"":""7英寸""}]（58.00*1）,香烤鸡翅-2只[{""name"":""规格"",""value"":""2只""}]（16.00*1）,蛋挞2个（10.00*1）,【中秋特惠】买一送一奥尔良烤翅（12.90*1）,餐盒（5.00*1）",新奥尔良烤鸡肉披萨+香烤鸡翅+蛋挞+奥尔良烤翅+奥尔良烤翅,,,,非会员,24,,,依据餐量提供餐具,,96.90,34.14,56.21,0.00,0,0,3.20,0.00,3.50,【活动支出】店铺满减:1.00元+【活动支出】首次光顾立减:1.00元+【活动支出】单品特价:36.10元+【活动支出】单品特价:6.10元+【活动支出】单品特价:1.01元+【活动支出】饿了么红包:11.00元+【活动支出】替用户承担配送费:3.5元,-,-,-,5.00,温州区域,温州直营,,,否,-,平台配送
圣比萨（欧洲城店）,SBS00001,温州,"8040866089702260192	",饿了么,平台外卖,已完成,2025-10-24 13:53:51,2025-10-24 13:53:51,2025-10-24 13:53:51,饿了么支付-在线支付,,即时单,2025-10-24 13:53:51,10.03,自动出餐,1,否,"纯芝士披萨7英寸-7英寸(手拍)[{""name"":""规格"",""value"":""7英寸(手拍)""}]（42.00*1）,餐盒（2.00*1）",金牌芝士披萨【7英寸(手拍)】,,,,非会员,25,,,依据餐量提供餐具,,42.00,9.12,28.10,0.00,0,0,1.43,0.00,3.50,【活动支出】首次光顾立减:1.00元+【活动支出】单品特价:20.10元+【活动支出】饿了么红包:7.00元+【活动支出】替用户承担配送费:3.5元,-,-,-,2.00,温州区域,温州直营,,,否,-,平台配送
圣比萨（欧洲城店）,SBS00001,温州,"8063816089708821841	",饿了么,平台外卖,已完成,2025-10-24 14:09:50,2025-10-24 14:09:50,2025-10-24 14:09:50,饿了么支付-在线支付,,即时单,2025-10-24 14:09:50,7.68,手动出餐,1,否,"新奥尔良烤鸡肉披萨-7英寸[{""name"":""规格"",""value"":""7英寸""}]（58.00*1）,餐盒（2.00*1）",新奥尔良烤鸡肉披萨,,,,非会员,26,,,依据餐量提供餐具,,58.00,9.12,44.10,0.00,0,0,1.43,0.00,3.50,【活动支出】首次光顾立减:1.00元+【活动支出】单品特价:36.10元+【活动支出】饿了么红包:7.00元+【活动支出】替用户承担配送费:3.5元,-,-,-,2.00,温州区域,温州直营,,,否,-,平台配送
圣比萨（欧洲城店）,SBS00001,温州,"8011390255845112241	",饿了么,平台外卖,已完成,2025-10-24 15:40:58,2025-10-24 15:40:58,2025-10-24 15:40:59,饿了么支付-在线支付,,即时单,2025-10-24 15:40:58,3.13,手动出餐,1,否,"番茄牛肉意面（52.00*1）,餐盒（1.00*1）",番茄牛肉意面,,,,非会员,27,,,依据餐量提供餐具,,52.00,10.12,36.10,0.00,0,0,1.43,0.00,3.50,【活动支出】首次光顾立减:1.00元+【活动支出】单品特价:28.10元+【活动支出】 商家自营销加码:2.00元+【活动支出】饿了么红包:5.00元+【活动支出】替用户承担配送费:3.5元,-,-,-,1.00,温州区域,温州直营,,,否,-,平台配送
圣比萨（欧洲城店）,SBS00001,温州,"8078756089709827476	",饿了么,平台外卖,已完成,2025-10-24 15:46:36,2025-10-24 15:46:36,2025-10-24 15:46:36,饿了么支付-在线支付,,即时单,2025-10-24 15:46:36,7.27,手动出餐,1,否,"缤纷水果披萨-7英寸(手拍)[{""name"":""规格"",""value"":""7英寸(手拍)""}]（42.00*1）,餐盒（2.00*1）",缤纷水果披萨,,,,非会员,28,,,依据餐量提供餐具,,42.00,17.31,19.10,0.00,0,0,1.64,0.00,3.50,【活动支出】首次光顾立减:1.00元+【活动支出】单品特价:18.10元+【活动支出】替用户承担配送费:3.5元,-,-,-,2.00,温州区域,温州直营,,,否,-,平台配送
圣比萨（欧洲城店）,SBS00001,温州,"8022756089708527903	",饿了么,平台外卖,已完成,2025-10-24 15:49:08,2025-10-24 15:49:08,2025-10-24 15:49:08,饿了么支付-在线支付,,即时单,2025-10-24 15:49:08,8.98,手动出餐,1,否,"【任选】披萨随心配（43.70*1）,餐盒（2.00*1）",奥尔良烤翅+缤纷水果披萨(7英寸(手拍))+地道肠1根+可乐+不加一,,,,非会员,29,,,依据餐量提供餐具,,43.70,25.17,11.00,0.00,0,0,2.38,0.00,3.50,【活动支出】店铺满减:1.00元+【活动支出】首次光顾立减:1.00元+【活动支出】饿了么红包:9.00元+【活动支出】替用户承担配送费:3.5元,-,-,-,2.00,温州区域,温州直营,,,否,-,平台配送
圣比萨（欧洲城店）,SBS00001,温州,"8087470255937211729	",饿了么,平台外卖,已完成,2025-10-24 15:49:31,2025-10-24 15:49:31,2025-10-24 15:49:31,饿了么支付-在线支付,,预约单,2025-10-24 18:05:00,90.57,自动出餐,1,否,"【随心❤️拼】7英寸披萨(口味自选）[培根鸡肉+日系照烧]（54.00*1）,餐盒（2.00*1）",双拼7寸【碳烤鸡肉培根口味7】+双拼7寸【日系照烧口味7】,,,,非会员,30,,,依据餐量提供餐具,,54.00,12.12,37.10,0.00,0,0,1.43,0.00,3.50,【活动支出】首次光顾立减:1.00元+【活动支出】单品特价:29.10元+【活动支出】 商家自营销加码:2.00元+【活动支出】CPS商户叠加券:0.00元+【活动支出】饿了么红包:5.00元+【活动支出】淘金币:0.00元+【活动支出】替用户承担配送费:3.5元,-,-,-,2.00,温州区域,温州直营,,,否,-,平台配送
圣比萨（欧洲城店）,SBS00001,温州,"8028816089711316270	",饿了么,平台外卖,已完成,2025-10-24 16:02:58,2025-10-24 16:02:58,2025-10-24 16:02:58,饿了么支付-在线支付,,即时单,2025-10-24 16:02:58,10.08,自动出餐,1,否,"新奥尔良烤鸡肉披萨-12英寸[{""name"":""规格"",""value"":""12英寸""}]（108.00*1）,【中秋特惠】买一送一奥尔良烤翅（12.90*1）,餐盒（3.00*1）",新奥尔良烤鸡肉披萨+奥尔良烤翅+奥尔良烤翅,,,,非会员,31,,,2份餐具,,120.90,33.31,79.10,0.00,0,0,3.14,0.00,3.50,【活动支出】店铺满减:6.00元+【活动支出】单品特价:61.10元+【活动支出】粉丝群:3.00元+【活动支出】饿了么红包:9.00元+【活动支出】替用户承担配送费:3.5元,-,-,-,3.00,温州区域,温州直营,,,否,-,平台配送
圣比萨（欧洲城店）,SBS00001,温州,"8088370255848392033	",饿了么,平台外卖,已完成,2025-10-24 16:07:24,2025-10-24 16:07:24,2025-10-24 16:07:24,饿了么支付-在线支付,,即时单,2025-10-24 16:07:24,10.17,自动出餐,1,否,"深海墨鱼丸-3个[{""name"":""规格"",""value"":""3个""}]（10.60*1）,奶酪芝士卷边（7英寸）（4.90*1）,经典薯条（18.00*1）,缤纷水果披萨-7英寸(手拍)[{""name"":""规格"",""value"":""7英寸(手拍)""}]（42.00*1）,餐盒（4.00*1）",深海墨鱼丸+奶酪芝士卷边7+经典薯条+缤纷水果披萨,,,,非会员,32,,,依据餐量提供餐具,,75.50,29.10,39.90,0.00,0,0,2.75,0.00,3.50,【活动支出】店铺满减:1.00元+【活动支出】单品特价:4.70元+【活动支出】单品特价:9.10元+【活动支出】单品特价:18.10元+【活动支出】精准营销:2.00元+【活动支出】饿了么红包:5.00元+【活动支出】替用户承担配送费:3.5元,-,-,-,4.00,温州区域,温州直营,,,否,-,平台配送
圣比萨（欧洲城店）,SBS00001,温州,"8084440255856223740	",饿了么,平台外卖,已完成,2025-10-24 16:23:38,2025-10-24 16:23:38,2025-10-24 16:23:38,饿了么支付-在线支付,,即时单,2025-10-24 16:23:38,5.87,手动出餐,1,否,"新奥尔良烤鸡肉披萨-7英寸[{""name"":""规格"",""value"":""7英寸""}]（58.00*1）,餐盒（2.00*1）",新奥尔良烤鸡肉披萨,,,,非会员,33,,,依据餐量提供餐具,,58.00,12.12,41.10,0.00,0,0,1.43,0.00,3.50,【活动支出】单品特价:36.10元+【活动支出】吃货豆兑换的商家券:5.00元+【活动支出】替用户承担配送费:3.5元,-,-,-,2.00,温州区域,温州直营,,,否,-,平台配送
圣比萨（欧洲城店）,SBS00001,温州,"8075776089750515092	",饿了么,平台外卖,已完成,2025-10-24 16:30:54,2025-10-24 16:30:54,2025-10-24 16:30:54,饿了么支付-在线支付,,即时单,2025-10-24 16:30:54,10.17,自动出餐,1,否,"浪漫威尼斯披萨-7英寸(手拍)[{""name"":""规格"",""value"":""7英寸(手拍)""}]（42.00*1）,经典薯条（18.00*1）,餐盒（3.00*1）",浪漫威尼斯披萨+经典薯条,,,,非会员,34,,,无需餐具,,60.00,22.16,32.20,0.00,0,0,2.09,0.00,3.50,【活动支出】单品特价:16.10元+【活动支出】单品特价:9.10元+【活动支出】吃货豆兑换的商家券:5.00元+【活动支出】 商家自营销加码:2.00元+【活动支出】替用户承担配送费:3.5元,-,-,-,3.00,温州区域,温州直营,,,否,-,平台配送
圣比萨（欧洲城店）,SBS00001,温州,"8083596089764872563	",饿了么,平台外卖,已完成,2025-10-24 16:33:44,2025-10-24 16:33:44,2025-10-24 16:33:44,饿了么支付-在线支付,,即时单,2025-10-24 16:33:44,8.27,手动出餐,1,否,"纯芝士披萨7英寸-7英寸(手拍)[{""name"":""规格"",""value"":""7英寸(手拍)""}]（42.00*1）,餐盒（2.00*1）",金牌芝士披萨【7英寸(手拍)】,,,,非会员,35,,,依据餐量提供餐具,,42.00,9.12,28.10,0.00,0,0,1.43,0.00,3.50,【活动支出】首次光顾立减:1.00元+【活动支出】单品特价:20.10元+【活动支出】 商家自营销加码:2.00元+【活动支出】CPS商户叠加券:0.00元+【活动支出】饿了么红包:5.00元+【活动支出】替用户承担配送费:3.5元,-,-,-,2.00,温州区域,温州直营,,,否,-,平台配送
圣比萨（欧洲城店）,SBS00001,温州,"8083160255853105607	",饿了么,平台外卖,已完成,2025-10-24 16:33:50,2025-10-24 16:33:50,2025-10-24 16:33:51,饿了么支付-在线支付,,即时单,2025-10-24 16:33:50,10.15,自动出餐,1,否,"芒果汁[冷]（10.00*2）,纯芝士披萨7英寸-9英寸(手拍)[{""name"":""规格"",""value"":""9英寸(手拍)""}]（82.00*1）,餐盒（4.00*1）",芒果汁+金牌芝士披萨【7英寸(手拍)】,,,,非会员,36,,,依据餐量提供餐具,,102.00,25.71,65.10,0.00,0,0,2.84,0.00,10.50,【活动支出】店铺满减:1.00元+【活动支出】首次光顾立减:1.00元+【活动支出】单品特价:8.00元+【活动支出】单品特价:50.10元+【活动支出】饿了么红包:5.00元+【活动支出】替用户承担配送费:6.0元,-,-,-,4.00,温州区域,温州直营,,,否,-,平台配送
圣比萨（欧洲城店）,SBS00001,温州,"8091050255764580762	",饿了么,平台外卖,已完成,2025-10-24 16:51:00,2025-10-24 16:51:00,2025-10-24 16:51:01,饿了么支付-在线支付,,即时单,2025-10-24 16:51:00,9.25,手动出餐,1,否,"奶酪芝士卷边（7英寸）（4.90*1）,【随心❤️拼】7英寸披萨(口味自选）[奥尔良+浪漫威尼斯]（54.00*1）,餐盒（2.00*1）",奶酪芝士卷边7+双拼7寸【奥尔良口味7】+双拼7寸【浪漫威尼斯口味7】,,,,非会员,37,,,卷边换成咸蛋黄味 / 依据餐量提供餐具,,58.90,15.96,38.10,0.00,0,0,1.49,0.00,3.50,【活动支出】单品特价:29.10元+【活动支出】精准营销:2.00元+【活动支出】饿了么红包:7.00元+【活动支出】替用户承担配送费:3.5元,-,-,-,2.00,温州区域,温州直营,,,否,-,平台配送
圣比萨（欧洲城店）,SBS00001,温州,"8075360255873966447	",饿了么,平台外卖,已完成,2025-10-24 17:02:29,2025-10-24 17:02:29,2025-10-24 17:02:29,饿了么支付-在线支付,,即时单,2025-10-24 17:02:29,10.17,自动出餐,1,否,"新奥尔良烤鸡肉披萨-7英寸[{""name"":""规格"",""value"":""7英寸""}]（58.00*1）,餐盒（2.00*1）",新奥尔良烤鸡肉披萨,,,,非会员,38,,,依据餐量提供餐具,,58.00,12.12,41.10,0.00,0,0,1.43,0.00,3.50,【活动支出】单品特价:36.10元+【活动支出】吃货豆兑换的商家券:5.00元+【活动支出】替用户承担配送费:3.5元,-,-,-,2.00,温州区域,温州直营,,,否,-,平台配送
圣比萨（欧洲城店）,SBS00001,温州,"8049756089776634348	",饿了么,平台外卖,已完成,2025-10-24 17:03:09,2025-10-24 17:03:09,2025-10-24 17:03:09,饿了么支付-在线支付,,即时单,2025-10-24 17:03:09,10.12,自动出餐,1,否,"【任选】披萨随心配（29.90*1）,餐盒（2.00*1）",不加一+新奥尔良烤鸡肉披萨(7英寸(手拍))+深海墨鱼丸2个+可乐+不加一,,,,非会员,39,,,依据餐量提供餐具；手机尾号：0703；接力送,,29.90,15.51,7.00,0.00,0,0,1.64,0.00,6.20,【活动支出】首次光顾立减:1.00元+【活动支出】超会爆红包省钱包:6.00元+【活动支出】替用户承担配送费:6.0元,-,-,-,2.00,温州区域,温州直营,,,否,-,平台配送
圣比萨（欧洲城店）,SBS00001,温州,"8092480255965273452	",饿了么,平台外卖,已完成,2025-10-24 17:11:19,2025-10-24 17:11:19,2025-10-24 17:11:19,饿了么支付-在线支付,,即时单,2025-10-24 17:11:19,10.10,自动出餐,1,否,"新奥尔良烤鸡肉披萨-9英寸[{""name"":""规格"",""value"":""9英寸""}]（69.00*1）,明星小食桶B（36.00*1）,餐盒（4.00*1）",新奥尔良烤鸡肉披萨+明星小食桶B,,,,非会员,40,,,依据餐量提供餐具,,105.00,27.11,72.20,0.00,0,0,2.54,0.00,3.50,【活动支出】店铺满减:1.00元+【活动支出】首次光顾立减:1.00元+【活动支出】单品特价:37.10元+【活动支出】单品特价:21.10元+【活动支出】粉丝群:3.00元+【活动支出】饿了么红包:9.00元+【活动支出】替用户承担配送费:3.5元,-,-,-,4.00,温州区域,温州直营,,,否,-,平台配送
圣比萨（欧洲城店）,SBS00001,温州,"8056400255789274588	",饿了么,平台外卖,已完成,2025-10-24 17:25:25,2025-10-24 17:25:25,2025-10-24 17:25:25,饿了么支付-在线支付,,即时单,2025-10-24 17:25:25,10.15,自动出餐,1,否,"【任选】披萨随心配（29.90*1）,餐盒（2.00*1）",不加一+新奥尔良烤鸡肉披萨(7英寸(手拍))+盐酥鸡米花小份+可乐+不加一,,,,非会员,41,,,依据餐量提供餐具,,29.90,16.38,8.00,0.00,0,0,1.57,0.00,3.50,【活动支出】首次光顾立减:1.00元+【活动支出】 商家自营销加码:2.00元+【活动支出】CPS商户叠加券:0.00元+【活动支出】饿了么红包:5.00元+【活动支出】替用户承担配送费:3.5元,-,-,-,2.00,温州区域,温州直营,,,否,-,平台配送
圣比萨（欧洲城店）,SBS00001,温州,"8090010255899823605	",饿了么,平台外卖,已完成,2025-10-24 17:33:51,2025-10-24 17:33:51,2025-10-24 17:33:52,饿了么支付-在线支付,,即时单,2025-10-24 17:33:51,10.08,自动出餐,1,否,"新奥尔良烤鸡肉披萨-7英寸[{""name"":""规格"",""value"":""7英寸""}]（58.00*1）,咸蛋黄风味流沙卷边（7英寸）（4.90*1）,餐盒（2.00*1）",新奥尔良烤鸡肉披萨+咸蛋黄流沙卷边7,,,,非会员,42,,,依据餐量提供餐具,,62.90,14.02,44.10,0.00,0,0,1.43,0.00,3.50,【活动支出】首次光顾立减:1.00元+【活动支出】单品特价:36.10元+【活动支出】饿了么红包:7.00元+【活动支出】替用户承担配送费:3.5元,-,-,-,2.00,温州区域,温州直营,,,否,-,平台配送
圣比萨（欧洲城店）,SBS00001,温州,"8094996089791300911	",饿了么,平台外卖,已完成,2025-10-24 17:38:50,2025-10-24 17:38:50,2025-10-24 17:38:51,饿了么支付-在线支付,,即时单,2025-10-24 17:38:50,10.15,自动出餐,1,否,"【任选】披萨随心配（46.70*1）,餐盒（2.00*1）",奥尔良烤翅+新奥尔良烤鸡肉披萨(7英寸(手拍))+上校鸡块2个+可乐+烤甜玉米,,,,非会员,43,,,依据餐量提供餐具,,46.70,25.17,14.00,0.00,0,0,2.38,0.00,3.50,【活动支出】店铺满减:1.00元+【活动支出】首次光顾立减:1.00元+【活动支出】粉丝群:3.00元+【活动支出】饿了么红包:9.00元+【活动支出】替用户承担配送费:3.5元,-,-,-,2.00,温州区域,温州直营,,,否,-,平台配送
圣比萨（欧洲城店）,SBS00001,温州,"8033836089790485811	",饿了么,平台外卖,已完成,2025-10-24 17:45:02,2025-10-24 17:45:02,2025-10-24 17:45:02,饿了么支付-在线支付,,即时单,2025-10-24 17:45:02,10.12,自动出餐,1,否,"【随心❤️拼】7英寸披萨(口味自选）[水果+奥尔良]（54.00*1）,餐盒（2.00*1）",双拼7寸【缤纷水果口味7】+双拼7寸【奥尔良口味7】,,,,非会员,44,,,依据餐量提供餐具,,54.00,13.12,36.10,0.00,0,0,1.43,0.00,3.50,【活动支出】首次光顾立减:1.00元+【活动支出】单品特价:29.10元+【活动支出】饿了么红包:6.00元+【活动支出】替用户承担配送费:3.5元,-,-,-,2.00,温州区域,温州直营,,,否,-,平台配送
圣比萨（欧洲城店）,SBS00001,温州,"8081966089781508506	",饿了么,平台外卖,已完成,2025-10-24 17:47:17,2025-10-24 17:47:17,2025-10-24 17:47:17,饿了么支付-在线支付,,即时单,2025-10-24 17:47:17,10.03,自动出餐,1,否,盒子披萨一人食套餐[日式烧鸟风味+上校鸡块2块+可乐]（39.00*1）,小可乐+日式烧鸟风味一人食盒子披萨+上校鸡块2个,,,,非会员,45,,,1份餐具,,39.00,18.32,13.00,0.00,0,0,1.73,0.00,3.50,【活动支出】店铺满减:1.00元+【活动支出】粉丝群:3.00元+【活动支出】饿了么红包:9.00元+【活动支出】替用户承担配送费:3.5元,-,-,-,0.00,温州区域,温州直营,,,否,-,平台配送
圣比萨（欧洲城店）,SBS00001,温州,"8072090255797116191	",饿了么,平台外卖,已完成,2025-10-24 17:49:43,2025-10-24 17:49:43,2025-10-24 17:49:43,饿了么支付-在线支付,,即时单,2025-10-24 17:49:43,10.00,自动出餐,1,否,"榴莲王披萨-9英寸(手拍)[{""name"":""规格"",""value"":""9英寸(手拍)""}]（92.00*1）",榴莲王披萨,,,,非会员,46,,,依据餐量提供餐具,,92.00,26.28,56.10,0.00,0,0,2.47,0.00,3.50,【活动支出】单品特价:56.10元+【活动支出】替用户承担配送费:3.5元,-,-,-,0.00,温州区域,温州直营,,,否,-,平台配送
圣比萨（欧洲城店）,SBS00001,温州,"8019350255813060075	",饿了么,平台外卖,已完成,2025-10-24 18:04:09,2025-10-24 18:04:09,2025-10-24 18:04:10,饿了么支付-在线支付,,即时单,2025-10-24 18:04:09,10.10,自动出餐,1,否,"奶酪芝士卷边（7英寸）（4.90*1）,榴莲王披萨-7英寸(经典手拍)[{""name"":""规格"",""value"":""7英寸(经典手拍)""}]（52.00*1）,餐盒（2.00*1）",奶酪芝士卷边7+榴莲王披萨,,,,非会员,47,,,2份餐具,,56.90,19.99,31.10,0.00,0,0,1.86,0.00,3.50,【活动支出】首次光顾立减:1.00元+【活动支出】单品特价:22.10元+【活动支出】 商家自营销加码:0.00元+【活动支出】饿了么红包:8.00元+【活动支出】替用户承担配送费:3.5元,-,-,-,2.00,温州区域,温州直营,,,否,-,平台配送
圣比萨（欧洲城店）,SBS00001,温州,"8000320255998959875	",饿了么,平台外卖,已完成,2025-10-24 18:04:24,2025-10-24 18:04:24,2025-10-24 18:04:24,饿了么支付-在线支付,,即时单,2025-10-24 18:04:24,10.10,自动出餐,1,否,"【任选】披萨随心配（29.90*1）,餐盒（2.00*1）",不加一+缤纷水果披萨(7英寸(手拍))+蛋挞1个+港式奶茶+不加一,,,,非会员,48,,,无需餐具,,29.90,17.31,7.00,0.00,0,0,1.64,0.00,3.50,【活动支出】CPS商户叠加券:0.00元+【活动支出】饿了么红包:7.00元+【活动支出】淘金币:0.00元+【活动支出】替用户承担配送费:3.5元,-,-,-,2.00,温州区域,温州直营,,,否,-,平台配送
圣比萨（欧洲城店）,SBS00001,温州,"8064480256002503149	",饿了么,平台外卖,已完成,2025-10-24 18:08:26,2025-10-24 18:08:26,2025-10-24 18:08:26,饿了么支付-在线支付,,即时单,2025-10-24 18:08:26,10.07,自动出餐,1,否,"奶酪芝士卷边（9英寸）（6.90*1）,榴莲王披萨-9英寸(手拍)[{""name"":""规格"",""value"":""9英寸(手拍)""}]（92.00*1）,奥尔良烤翅（14.00*1）,餐盒（1.00*1）",奶酪芝士卷边9+榴莲王披萨+奥尔良烤翅,,,,非会员,49,,,依据餐量提供餐具,,112.90,40.02,61.20,0.00,0,0,3.73,0.00,3.50,【活动支出】单品特价:56.10元+【活动支出】单品特价:5.10元+【活动支出】替用户承担配送费:3.5元,-,-,-,1.00,温州区域,温州直营,,,否,-,平台配送
圣比萨（欧洲城店）,SBS00001,温州,"8060646089808495050	",饿了么,平台外卖,已完成,2025-10-24 18:11:40,2025-10-24 18:11:40,2025-10-24 18:11:40,饿了么支付-在线支付,,即时单,2025-10-24 18:11:40,10.02,自动出餐,1,否,"【任选5件套】披萨意面我全都要[碳烤鸡肉培根7英寸+番茄牛肉意面+小食桶A+港式奶茶+柠檬茶]（128.00*1）,蛋挞一个（原味）（5.00*1）,餐盒（3.00*1）",碳烤鸡肉培根披萨【7英寸(手拍)】+番茄牛肉意面+明星小食桶A+港式奶茶+柠檬茶+蛋挞1个,,,,非会员,50,,,2份餐具,,133.00,35.27,88.11,0.00,0,0,3.37,0.00,4.50,【活动支出】店铺满减:6.00元+【活动支出】首次光顾立减:1.00元+【活动支出】单品特价:68.10元+【活动支出】单品特价:4.01元+【活动支出】饿了么红包:9.00元+【活动支出】替用户承担配送费:4.5元,-,-,-,3.00,温州区域,温州直营,,,否,-,平台配送
圣比萨（欧洲城店）,SBS00001,温州,"8026020256011860226	",饿了么,平台外卖,已完成,2025-10-24 18:14:49,2025-10-24 18:14:49,2025-10-24 18:14:49,饿了么支付-在线支付,,即时单,2025-10-24 18:14:49,10.10,自动出餐,1,否,"【中秋特惠】买一送一奥尔良烤翅（12.90*1）,【任选】意面随心配（29.90*1）,餐盒（3.00*1）",奥尔良烤翅+奥尔良烤翅+柠檬茶+不加一+地道肠1根+上校鸡块2个+盐酥鸡米花小份+招牌肉酱意面+不加一,,,,非会员,51,,,1份餐具,,42.80,29.29,6.00,0.00,0,0,2.76,0.00,3.50,【活动支出】店铺满减:1.00元+【活动支出】饿了么红包:5.00元+【活动支出】替用户承担配送费:3.5元,-,-,-,3.00,温州区域,温州直营,,,否,-,平台配送
圣比萨（欧洲城店）,SBS00001,温州,"8081200255815438616	",饿了么,平台外卖,已完成,2025-10-24 18:15:53,2025-10-24 18:15:53,2025-10-24 18:15:53,饿了么支付-在线支付,,即时单,2025-10-24 18:15:53,10.15,自动出餐,1,否,"香烤鸡翅-2只[{""name"":""规格"",""value"":""2只""}]（16.00*1）,新奥尔良烤鸡肉披萨-9英寸[{""name"":""规格"",""value"":""9英寸""}]（69.00*1）,奥尔良烤翅（14.00*1）,餐盒（4.00*1）",香烤鸡翅+新奥尔良烤鸡肉披萨+奥尔良烤翅,,,,非会员,52,,,依据餐量提供餐具,,99.00,33.22,58.30,0.00,0,0,3.13,0.00,4.00,【活动支出】店铺满减:1.00元+【活动支出】单品特价:6.10元+【活动支出】单品特价:37.10元+【活动支出】单品特价:5.10元+【活动支出】饿了么红包:9.00元+【活动支出】替用户承担配送费:4.0元,-,-,-,4.00,温州区域,温州直营,,,否,-,平台配送
圣比萨（欧洲城店）,SBS00001,温州,"8082370255917985122	",饿了么,平台外卖,已完成,2025-10-24 18:16:52,2025-10-24 18:16:52,2025-10-24 18:16:52,饿了么支付-在线支付,,即时单,2025-10-24 18:16:52,10.10,自动出餐,1,否,"【中秋特惠】买一送一奥尔良烤翅（12.90*1）,缤纷水果披萨-7英寸(手拍)[{""name"":""规格"",""value"":""7英寸(手拍)""}]（42.00*1）,餐盒（3.00*1）",奥尔良烤翅+奥尔良烤翅+缤纷水果披萨,,,,非会员,53,,,依据餐量提供餐具,,54.90,22.16,27.10,0.00,0,0,2.09,0.00,3.50,【活动支出】店铺满减:1.00元+【活动支出】首次光顾立减:1.00元+【活动支出】单品特价:18.10元+【活动支出】饿了么红包:7.00元+【活动支出】替用户承担配送费:3.5元,-,-,-,3.00,温州区域,温州直营,,,否,-,平台配送
圣比萨（欧洲城店）,SBS00001,温州,"8027180255819900348	",饿了么,平台外卖,已完成,2025-10-24 18:19:44,2025-10-24 18:19:44,2025-10-24 18:19:45,饿了么支付-在线支付,,即时单,2025-10-24 18:19:44,10.17,自动出餐,1,否,新奥尔良烤鸡肉披萨7寸-单点（22.00*1）,新奥尔良烤鸡肉披萨【7英寸(手拍)】,,,,非会员,54,,,无需餐具,,22.00,12.00,0.00,0.00,0,0,0.00,0.00,,【活动支出】拼团反圈活动:0.00元,-,-,-,0.00,温州区域,温州直营,,,否,-,平台配送
圣比萨（欧洲城店）,SBS00001,温州,"8015050255822174488	",饿了么,平台外卖,已完成,2025-10-24 18:19:47,2025-10-24 18:19:47,2025-10-24 18:19:47,饿了么支付-在线支付,,即时单,2025-10-24 18:19:47,10.10,自动出餐,1,否,"【任选】意面随心配（29.90*1）,餐盒（2.00*1）",可乐+不加一+地道肠1根+蛋挞1个+深海墨鱼丸2个+番茄牛肉意面+不加一,,,,非会员,55,,,依据餐量提供餐具,,29.90,17.31,7.00,0.00,0,0,1.64,0.00,3.50,【活动支出】 商家自营销加码:2.00元+【活动支出】饿了么红包:5.00元+【活动支出】替用户承担配送费:3.5元,-,-,-,2.00,温州区域,温州直营,,,否,-,平台配送
圣比萨（欧洲城店）,SBS00001,温州,"8093380255817780646	",饿了么,平台外卖,已完成,2025-10-24 18:21:25,2025-10-24 18:21:25,2025-10-24 18:21:25,饿了么支付-在线支付,,即时单,2025-10-24 18:21:25,10.18,自动出餐,1,否,"新奥尔良烤鸡肉披萨-9英寸[{""name"":""规格"",""value"":""9英寸""}]（69.00*1）,餐盒（2.00*1）",新奥尔良烤鸡肉披萨,,,,非会员,56,,,依据餐量提供餐具；手机尾号：5814；接力送,,69.00,14.26,48.10,0.00,0,0,1.49,0.00,5.60,【活动支出】首次光顾立减:1.00元+【活动支出】单品特价:37.10元+【活动支出】精准营销红包:3.00元+【活动支出】饿了么红包:7.00元+【活动支出】替用户承担配送费:5.6元,-,-,-,2.00,温州区域,温州直营,,,否,-,平台配送
圣比萨（欧洲城店）,SBS00001,温州,"8046380255825312057	",饿了么,平台外卖,已完成,2025-10-24 18:25:31,2025-10-24 18:25:31,2025-10-24 18:25:31,饿了么支付-在线支付,,即时单,2025-10-24 18:25:31,10.12,自动出餐,1,否,"新奥尔良烤鸡肉披萨-7英寸[{""name"":""规格"",""value"":""7英寸""}]（58.00*1）,餐盒（2.00*1）",新奥尔良烤鸡肉披萨,,,,非会员,57,,,依据餐量提供餐具,,58.00,10.12,43.10,0.00,0,0,1.43,0.00,3.50,【活动支出】首次光顾立减:1.00元+【活动支出】单品特价:36.10元+【活动支出】饿了么红包:6.00元+【活动支出】替用户承担配送费:3.5元,-,-,-,2.00,温州区域,温州直营,,,否,-,平台配送
圣比萨（欧洲城店）,SBS00001,温州,"8009410255923278146	",饿了么,平台外卖,已完成,2025-10-24 18:27:06,2025-10-24 18:27:06,2025-10-24 18:27:06,饿了么支付-在线支付,,即时单,2025-10-24 18:27:06,10.07,自动出餐,1,否,"【随心❤️拼】7英寸披萨(口味自选）[奥尔良+日系照烧]（54.00*1）,餐盒（2.00*1）",双拼7寸【奥尔良口味7】+双拼7寸【日系照烧口味7】,,,,非会员,58,,,依据餐量提供餐具,,54.00,13.12,36.10,0.00,0,0,1.43,0.00,3.50,【活动支出】单品特价:29.10元+【活动支出】饿了么红包:7.00元+【活动支出】替用户承担配送费:3.5元,-,-,-,2.00,温州区域,温州直营,,,否,-,平台配送
圣比萨（欧洲城店）,SBS00001,温州,"8015506089811351876	",饿了么,平台外卖,已完成,2025-10-24 18:27:30,2025-10-24 18:27:30,2025-10-24 18:27:31,饿了么支付-在线支付,,即时单,2025-10-24 18:27:30,10.17,自动出餐,1,否,"缤纷水果披萨-7英寸(手拍)[{""name"":""规格"",""value"":""7英寸(手拍)""}]（42.00*1）,餐盒（2.00*1）",缤纷水果披萨,,,,非会员,59,,,依据餐量提供餐具,,42.00,12.12,25.10,0.00,0,0,1.43,0.00,3.50,【活动支出】单品特价:18.10元+【活动支出】饿了么红包:7.00元+【活动支出】替用户承担配送费:3.5元,-,-,-,2.00,温州区域,温州直营,,,否,-,平台配送
圣比萨（欧洲城店）,SBS00001,温州,"8066506089793746243	",饿了么,平台外卖,已完成,2025-10-24 18:31:52,2025-10-24 18:31:52,2025-10-24 18:31:52,饿了么支付-在线支付,,即时单,2025-10-24 18:31:52,10.17,自动出餐,1,否,【任选5件套】披萨意面我全都要[圣比招牌披萨7英寸+番茄牛肉意面+小食桶A+小可乐+芒果汁]（128.00*1）,大圣招牌大满贯披萨【7英寸(手拍)】+番茄牛肉意面+明星小食桶A+小可乐+芒果汁,,,,非会员,60,,,2份餐具,,128.00,34.79,81.60,0.00,0,0,3.26,0.00,3.50,【活动支出】单品特价:81.60元+【活动支出】替用户承担配送费:3.5元,-,-,-,0.00,温州区域,温州直营,,,否,-,平台配送
圣比萨（欧洲城店）,SBS00001,温州,"8082956089792681443	",饿了么,平台外卖,已完成,2025-10-24 18:36:40,2025-10-24 18:36:40,2025-10-24 18:36:41,饿了么支付-在线支付,,即时单,2025-10-24 18:36:40,10.05,自动出餐,1,否,手握三选一-单点[日式照烧]（20.00*1）,日式烧鸟风味一人食盒子披萨,,,,非会员,61,,,依据餐量提供餐具,,20.00,10.00,0.00,0.00,0,0,0.00,0.00,,【活动支出】爆品团通吃券:0.00元,-,-,-,0.00,温州区域,温州直营,,,否,-,平台配送
圣比萨（欧洲城店）,SBS00001,温州,"8078866089820120432	",饿了么,平台外卖,已完成,2025-10-24 18:40:22,2025-10-24 18:40:22,2025-10-24 18:40:22,饿了么支付-在线支付,,即时单,2025-10-24 18:40:22,10.23,自动出餐,1,否,"【任选】披萨随心配（29.90*1）,餐盒（2.00*1）",不加一+新奥尔良烤鸡肉披萨(7英寸(手拍))+盐酥鸡米花小份+可乐+不加一,,,,非会员,62,,,依据餐量提供餐具,,29.90,16.06,9.00,0.00,0,0,1.49,0.00,3.50,【活动支出】精准营销:2.00元+【活动支出】饿了么红包:7.00元+【活动支出】替用户承担配送费:3.5元,-,-,-,2.00,温州区域,温州直营,,,否,-,平台配送
圣比萨（欧洲城店）,SBS00001,温州,"8087826089800220159	",饿了么,平台外卖,已完成,2025-10-24 18:41:19,2025-10-24 18:41:19,2025-10-24 18:41:19,饿了么支付-在线支付,,即时单,2025-10-24 18:41:19,10.10,自动出餐,1,否,"【任选】披萨随心配（29.90*2）,餐盒（4.00*1）",不加一+缤纷水果披萨(7英寸(手拍))+盐酥鸡米花小份+可乐+不加一,,,,非会员,63,,,依据餐量提供餐具,,59.80,33.31,19.00,0.00,0,0,3.14,0.00,3.50,【活动支出】店铺满减:6.00元+【活动支出】首次光顾立减:1.00元+【活动支出】精准营销红包:3.00元+【活动支出】饿了么红包:9.00元+【活动支出】替用户承担配送费:3.5元,-,-,-,4.00,温州区域,温州直营,,,否,-,平台配送
圣比萨（欧洲城店）,SBS00001,温州,"8040556089834360211	",饿了么,平台外卖,已完成,2025-10-24 18:56:28,2025-10-24 18:56:28,2025-10-24 18:56:28,饿了么支付-在线支付,,即时单,2025-10-24 18:56:28,10.08,自动出餐,1,否,"新奥尔良烤鸡肉披萨-7英寸[{""name"":""规格"",""value"":""7英寸""}]（58.00*1）,餐盒（2.00*1）",新奥尔良烤鸡肉披萨,,,,非会员,64,,,依据餐量提供餐具,,58.00,10.12,43.10,0.00,0,0,1.43,0.00,3.50,【活动支出】单品特价:36.10元+【活动支出】 商家自营销加码:2.00元+【活动支出】饿了么红包:5.00元+【活动支出】替用户承担配送费:3.5元,-,-,-,2.00,温州区域,温州直营,,,否,-,平台配送
圣比萨（欧洲城店）,SBS00001,温州,"8066220256037472562	",饿了么,平台外卖,已完成,2025-10-24 19:01:32,2025-10-24 19:01:32,2025-10-24 19:01:32,饿了么支付-在线支付,,即时单,2025-10-24 19:01:32,10.03,自动出餐,1,否,"日系照烧鸡披萨-7英寸(手拍)[{""name"":""规格"",""value"":""7英寸(手拍)""}]（45.00*1）,餐盒（2.00*1）",日系照烧鸡披萨,,,,非会员,65,,,放在电梯里就行 / 依据餐量提供餐具,,45.00,12.12,28.10,0.00,0,0,1.43,0.00,3.50,【活动支出】单品特价:21.10元+【活动支出】饿了么红包:7.00元+【活动支出】替用户承担配送费:3.5元,-,-,-,2.00,温州区域,温州直营,,,否,-,平台配送
圣比萨（欧洲城店）,SBS00001,温州,"8004260255849360790	",饿了么,平台外卖,已完成,2025-10-24 19:08:27,2025-10-24 19:08:27,2025-10-24 19:08:27,饿了么支付-在线支付,,即时单,2025-10-24 19:08:27,10.03,自动出餐,1,否,"【随心❤️拼】7英寸披萨(口味自选）[奥尔良+培根鸡肉]（54.00*1）,餐盒（2.00*1）",双拼7寸【奥尔良口味7】+双拼7寸【碳烤鸡肉培根口味7】,,,,非会员,66,,,所有有关海鲜、海带、紫菜、虾米的都不要！！！你！ / 2份餐具,,54.00,12.12,37.10,0.00,0,0,1.43,0.00,3.50,【活动支出】首次光顾立减:1.00元+【活动支出】单品特价:29.10元+【活动支出】 商家自营销加码:2.00元+【活动支出】饿了么红包:5.00元+【活动支出】替用户承担配送费:3.5元,-,-,-,2.00,温州区域,温州直营,,,否,-,平台配送
圣比萨（欧洲城店）,SBS00001,温州,"8087170255961230623	",饿了么,平台外卖,已完成,2025-10-24 19:24:04,2025-10-24 19:24:04,2025-10-24 19:24:04,饿了么支付-在线支付,,即时单,2025-10-24 19:24:04,10.17,自动出餐,1,否,"新奥尔良烤鸡肉披萨-7英寸[{""name"":""规格"",""value"":""7英寸""}]（58.00*1）,餐盒（2.00*1）",新奥尔良烤鸡肉披萨,,,,非会员,67,,,依据餐量提供餐具,,58.00,9.12,44.10,0.00,0,0,1.43,0.00,3.50,【活动支出】首次光顾立减:1.00元+【活动支出】单品特价:36.10元+【活动支出】饿了么红包:7.00元+【活动支出】替用户承担配送费:3.5元,-,-,-,2.00,温州区域,温州直营,,,否,-,平台配送
圣比萨（欧洲城店）,SBS00001,温州,"8057996089853100473	",饿了么,平台外卖,已完成,2025-10-24 19:38:44,2025-10-24 19:38:44,2025-10-24 19:38:44,饿了么支付-在线支付,,即时单,2025-10-24 19:38:44,10.10,自动出餐,1,否,"点击右上角❤️收藏得小吃[上校鸡块2个]（2.00*1）,【随心❤️拼】7英寸披萨(口味自选）[水果+奥尔良]（54.00*1）,餐盒（3.00*1）",上校鸡块2个+双拼7寸【缤纷水果口味7】+双拼7寸【奥尔良口味7】,,,,非会员,68,,,1份餐具,,56.00,13.22,39.00,0.00,0,0,1.43,0.00,3.50,【活动支出】单品特价:1.90元+【活动支出】首次光顾立减:1.00元+【活动支出】单品特价:29.10元+【活动支出】饿了么红包:7.00元+【活动支出】替用户承担配送费:3.5元,-,-,-,3.00,温州区域,温州直营,,,否,-,平台配送
圣比萨（欧洲城店）,SBS00001,温州,"8039380255991788966	",饿了么,平台外卖,已完成,2025-10-24 20:21:12,2025-10-24 20:21:12,2025-10-24 20:21:12,饿了么支付-在线支付,,即时单,2025-10-24 20:21:12,10.12,自动出餐,1,否,"新奥尔良烤鸡肉披萨-9英寸[{""name"":""规格"",""value"":""9英寸""}]（69.00*1）,餐盒（2.00*1）",新奥尔良烤鸡肉披萨,,,,非会员,69,,,依据餐量提供餐具,,69.00,16.06,48.10,0.00,0,0,1.49,0.00,3.50,【活动支出】首次光顾立减:1.00元+【活动支出】单品特价:37.10元+【活动支出】精准营销红包:3.00元+【活动支出】饿了么红包:7.00元+【活动支出】替用户承担配送费:3.5元,-,-,-,2.00,温州区域,温州直营,,,否,-,平台配送
圣比萨（欧洲城店）,SBS00001,温州,"8052310255883649401	",饿了么,平台外卖,已完成,2025-10-24 20:30:07,2025-10-24 20:30:07,2025-10-24 20:30:07,饿了么支付-在线支付,,即时单,2025-10-24 20:30:07,10.23,自动出餐,1,否,"碳烤鸡肉培根披萨-7英寸(手拍)[{""name"":""规格"",""value"":""7英寸(手拍)""}]（45.00*1）,餐盒（2.00*1）",碳烤鸡肉培根披萨,,,,非会员,70,,,依据餐量提供餐具,,45.00,12.12,28.10,0.00,0,0,1.43,0.00,3.50,【活动支出】单品特价:21.10元+【活动支出】超级会员专享红包:5.00元+【活动支出】 商家自营销加码:2.00元+【活动支出】替用户承担配送费:3.5元,-,-,-,2.00,温州区域,温州直营,,,否,-,平台配送
圣比萨（欧洲城店）,SBS00001,温州,"8059926089854375170	",饿了么,平台外卖,已完成,2025-10-24 20:35:20,2025-10-24 20:35:20,2025-10-24 20:35:21,饿了么支付-在线支付,,即时单,2025-10-24 20:35:20,10.23,自动出餐,1,否,"新奥尔良烤鸡肉披萨-7英寸[{""name"":""规格"",""value"":""7英寸""}]（58.00*1）,餐盒（2.00*1）",新奥尔良烤鸡肉披萨,,,,非会员,71,,,依据餐量提供餐具,,58.00,9.12,44.10,0.00,0,0,1.43,0.00,3.50,【活动支出】首次光顾立减:1.00元+【活动支出】单品特价:36.10元+【活动支出】CPS商户叠加券:0.00元+【活动支出】饿了么红包:7.00元+【活动支出】替用户承担配送费:3.5元,-,-,-,2.00,温州区域,温州直营,,,否,-,平台配送
圣比萨（欧洲城店）,SBS00001,温州,"8094460255895711162	",饿了么,平台外卖,已完成,2025-10-24 20:48:27,2025-10-24 20:48:27,2025-10-24 20:48:28,饿了么支付-在线支付,,即时单,2025-10-24 20:48:27,10.12,自动出餐,1,否,"【随心❤️拼】9英寸披萨(口味自选）[培根鸡肉+水果]（80.00*1）,餐盒（2.00*1）",双拼9寸【鸡肉培根口味9】+双拼9寸【缤纷水果口味9】,,,,非会员,72,,,依据餐量提供餐具,,80.00,21.33,52.10,0.00,0,0,2.02,0.00,3.50,【活动支出】单品特价:45.10元+【活动支出】 商家自营销加码:2.00元+【活动支出】饿了么红包:5.00元+【活动支出】替用户承担配送费:3.5元,-,-,-,2.00,温州区域,温州直营,,,否,-,平台配送
圣比萨（欧洲城店）,SBS00001,温州,"8090130256086547952	",饿了么,平台外卖,已完成,2025-10-24 20:57:41,2025-10-24 20:57:41,2025-10-24 20:57:41,饿了么支付-在线支付,,即时单,2025-10-24 20:57:41,10.00,自动出餐,1,否,"新奥尔良烤鸡肉披萨-7英寸[{""name"":""规格"",""value"":""7英寸""}]（58.00*1）,【随心❤️拼】7英寸披萨(口味自选）[水果+水果]（54.00*1）,餐盒（4.00*1）",新奥尔良烤鸡肉披萨+双拼7寸【缤纷水果口味7】+双拼7寸【缤纷水果口味7】,,,,非会员,73,,,依据餐量提供餐具,,112.00,29.29,76.20,0.00,0,0,2.76,0.00,3.50,【活动支出】店铺满减:1.00元+【活动支出】首次光顾立减:1.00元+【活动支出】单品特价:36.10元+【活动支出】单品特价:29.10元+【活动支出】饿了么红包:9.00元+【活动支出】替用户承担配送费:3.5元,-,-,-,4.00,温州区域,温州直营,,,否,-,平台配送
圣比萨（欧洲城店）,SBS00001,温州,"8028420255995911603	",饿了么,平台外卖,已完成,2025-10-24 21:01:15,2025-10-24 21:01:15,2025-10-24 21:01:15,饿了么支付-在线支付,,即时单,2025-10-24 21:01:15,10.15,自动出餐,1,否,"【任选】披萨随心配（35.80*1）,餐盒（2.00*1）",金丝鸡排+碳烤鸡肉培根披萨(7英寸(手拍))+上校鸡块2个+柠檬茶+不加一,,,,非会员,74,,,依据餐量提供餐具,,35.80,21.66,7.00,0.00,0,0,2.09,0.00,5.60,【活动支出】饿了么红包:7.00元+【活动支出】替用户承担配送费:5.6元,-,-,-,2.00,温州区域,温州直营,,,否,-,平台配送
圣比萨（欧洲城店）,SBS00001,温州,"8062200256096162245	",饿了么,平台外卖,已完成,2025-10-24 21:12:49,2025-10-24 21:12:49,2025-10-24 21:12:50,饿了么支付-在线支付,,即时单,2025-10-24 21:12:49,10.23,自动出餐,1,否,"【随心❤️拼】7英寸披萨(口味自选）[培根鸡肉+浪漫威尼斯]（54.00*1）,餐盒（2.00*1）",双拼7寸【碳烤鸡肉培根口味7】+双拼7寸【浪漫威尼斯口味7】,,,,非会员,75,,,依据餐量提供餐具,,54.00,12.62,36.10,0.00,0,0,1.43,0.00,5.60,【活动支出】单品特价:29.10元+【活动支出】饿了么红包:7.00元+【活动支出】替用户承担配送费:5.6元,-,-,-,2.00,温州区域,温州直营,,,否,-,平台配送
圣比萨（欧洲城店）,SBS00001,温州,"8001380256016444730	",饿了么,平台外卖,已完成,2025-10-24 21:53:24,2025-10-24 21:53:24,2025-10-24 21:53:24,饿了么支付-在线支付,,即时单,2025-10-24 21:53:24,10.22,自动出餐,1,否,"新奥尔良烤鸡肉披萨-12英寸[{""name"":""规格"",""value"":""12英寸""}]（108.00*1）,餐盒（2.00*1）",新奥尔良烤鸡肉披萨,,,,非会员,76,,,依据餐量提供餐具,,108.00,27.96,71.10,0.00,0,0,2.69,0.00,5.60,【活动支出】店铺满减:1.00元+【活动支出】首次光顾立减:1.00元+【活动支出】单品特价:61.10元+【活动支出】饿了么红包:8.00元+【活动支出】替用户承担配送费:5.6元,-,-,-,2.00,温州区域,温州直营,,,否,-,平台配送
圣比萨（欧洲城店）,SBS00001,温州,"8030180256024360201	",饿了么,平台外卖,已完成,2025-10-24 22:10:41,2025-10-24 22:10:41,2025-10-24 22:10:42,饿了么支付-在线支付,,即时单,2025-10-24 22:10:41,10.18,自动出餐,1,否,"新奥尔良烤鸡肉披萨-7英寸[{""name"":""规格"",""value"":""7英寸""}]（58.00*1）,点击右上角❤️收藏得小吃[上校鸡块2个]（2.00*1）,明星小食桶B（36.00*1）,餐盒（5.00*1）",新奥尔良烤鸡肉披萨+上校鸡块2个+明星小食桶B,,,,非会员,77,,,1份餐具,,96.00,19.58,73.10,0.00,0,0,1.87,0.00,5.60,【活动支出】店铺满减:1.00元+【活动支出】首次光顾立减:1.00元+【活动支出】单品特价:36.10元+【活动支出】单品特价:1.90元+【活动支出】单品特价:21.10元+【活动支出】饿了么红包:12.00元+【活动支出】替用户承担配送费:5.6元,-,-,-,5.00,温州区域,温州直营,,,否,-,平台配送
圣比萨（欧洲城店）,SBS00001,温州,"8079566089915123175	",饿了么,平台外卖,已完成,2025-10-24 22:25:16,2025-10-24 22:25:16,2025-10-24 22:25:16,饿了么支付-在线支付,,即时单,2025-10-24 22:25:16,1.70,手动出餐,1,否,"新奥尔良烤鸡肉披萨-7英寸[{""name"":""规格"",""value"":""7英寸""}]（58.00*1）,餐盒（2.00*1）",新奥尔良烤鸡肉披萨,,,,非会员,78,,,1份餐具,,58.00,8.62,44.10,0.00,0,0,1.43,0.00,5.60,【活动支出】首次光顾立减:1.00元+【活动支出】单品特价:36.10元+【活动支出】饿了么红包:0.00元+【活动支出】饿了么红包:7.00元+【活动支出】替用户承担配送费:5.6元,-,-,-,2.00,温州区域,温州直营,,,否,-,平台配送
圣比萨（欧洲城店）,SBS00001,温州,"8098866089929030993	",饿了么,平台外卖,已完成,2025-10-24 22:27:54,2025-10-24 22:27:54,2025-10-24 22:27:55,饿了么支付-在线支付,,即时单,2025-10-24 22:27:54,1.63,手动出餐,1,否,"点击右上角❤️收藏得小吃[墨鱼丸1个]（2.00*1）,碳烤鸡肉培根披萨-7英寸(手拍)[{""name"":""规格"",""value"":""7英寸(手拍)""}]（45.00*1）,餐盒（3.00*1）",深海墨鱼丸1个+碳烤鸡肉培根披萨,,,,非会员,79,,,1份餐具,,47.00,12.72,30.00,0.00,0,0,1.43,0.00,5.60,【活动支出】单品特价:1.90元+【活动支出】单品特价:21.10元+【活动支出】饿了么红包:7.00元+【活动支出】替用户承担配送费:5.6元,-,-,-,3.00,温州区域,温州直营,,,否,-,平台配送
圣比萨·披萨·炸鸡（盐城八滩店）,SBS00030,盐城,"8017300255558177058	",饿了么,平台外卖,已完成,2025-10-24 10:09:01,2025-10-24 10:09:01,2025-10-24 10:09:01,饿了么支付-在线支付,,即时单,2025-10-24 10:09:01,10.13,自动出餐,1,否,手握三选一-单点[缤纷水果]（14.50*1）,热带雨林水果一人食盒子披萨,,,,非会员,1,,,依据餐量提供餐具,,14.50,9.00,0.00,0.00,0,0,1.00,0.00,,【活动支出】单品优惠:0.00元,-,-,-,0.00,江苏区域,江苏直营店,,,否,-,平台配送
圣比萨·披萨·炸鸡（盐城八滩店）,SBS00030,盐城,"8087766089627580744	",饿了么,平台外卖,已完成,2025-10-24 11:17:06,2025-10-24 11:17:06,2025-10-24 11:17:06,饿了么支付-在线支付,,即时单,2025-10-24 11:17:06,12.05,自动出餐,1,否,【随心❤️拼】7英寸双拼披萨（口味自选）[新奥尔良烤鸡肉+缤纷水果]（26.90*1）,双拼7寸【奥尔良口味7】+双拼7寸【缤纷水果口味7】,,,,非会员,2,,,1份餐具,,26.90,11.76,4.50,0.00,0,0,2.15,0.54,5.00,【活动支出】 商家自营销加码:0.50元+【活动支出】粉丝群:1.00元+【活动支出】饿了么红包:3.00元+【活动支出】替用户承担配送费:5.0元,-,-,-,0.00,江苏区域,江苏直营店,,,否,-,平台配送
圣比萨·披萨·炸鸡（盐城八滩店）,SBS00030,盐城,"8044340255890016763	",饿了么,平台外卖,已完成,2025-10-24 13:30:35,2025-10-24 13:30:35,2025-10-24 13:30:36,饿了么支付-在线支付,,即时单,2025-10-24 13:30:35,10.17,自动出餐,1,否,【随心❤️拼】7英寸双拼披萨（口味自选）[新奥尔良烤鸡肉+缤纷水果]（26.90*1）,双拼7寸【奥尔良口味7】+双拼7寸【缤纷水果口味7】,,,,非会员,3,,,1份餐具,,26.90,12.76,3.50,0.00,0,0,2.15,0.54,5.00,【活动支出】 商家自营销加码:0.50元+【活动支出】饿了么红包:3.00元+【活动支出】替用户承担配送费:5.0元,-,-,-,0.00,江苏区域,江苏直营店,,,否,-,平台配送
圣比萨·披萨·炸鸡（盐城八滩店）,SBS00030,盐城,"8082080255750322483	",饿了么,平台外卖,已完成,2025-10-24 16:03:47,2025-10-24 16:03:47,2025-10-24 16:03:48,饿了么支付-在线支付,,即时单,2025-10-24 16:03:47,10.23,自动出餐,1,否,【随心❤️拼】7英寸双拼披萨（口味自选）[新奥尔良烤鸡肉+玉米沙拉]（26.90*1）,双拼7寸【奥尔良口味7】+双拼7寸【玉米沙拉口味7】,,,,非会员,4,,,依据餐量提供餐具,,26.90,12.76,3.50,0.00,0,0,2.15,0.54,5.00,【活动支出】 商家自营销加码:0.50元+【活动支出】饿了么红包:3.00元+【活动支出】替用户承担配送费:5.0元,-,-,-,0.00,江苏区域,江苏直营店,,,否,-,平台配送
圣比萨·披萨·炸鸡（盐城八滩店）,SBS00030,盐城,"8090050255970866629	",饿了么,平台外卖,已完成,2025-10-24 17:12:43,2025-10-24 17:12:43,2025-10-24 17:12:43,饿了么支付-在线支付,,即时单,2025-10-24 17:12:43,10.02,自动出餐,1,否,"碳烤鸡肉培根披萨-7英寸(手拍)[{""name"":""规格"",""value"":""7英寸(手拍)""}]（28.90*1）,餐盒（1.00*1）",碳烤鸡肉培根披萨,,,,非会员,5,,,依据餐量提供餐具,,28.90,15.46,3.50,0.00,0,0,2.39,0.60,5.00,【活动支出】 商家自营销加码:0.50元+【活动支出】饿了么红包:3.00元+【活动支出】替用户承担配送费:5.0元,-,-,-,1.00,江苏区域,江苏直营店,,,否,-,平台配送
圣比萨·披萨·炸鸡（盐城八滩店）,SBS00030,盐城,"8079230255911642544	",饿了么,平台外卖,已完成,2025-10-24 17:57:11,2025-10-24 17:57:11,2025-10-24 17:57:11,饿了么支付-在线支付,,即时单,2025-10-24 17:57:11,12.17,自动出餐,1,否,手握三选一-单点[奥尔良]（14.50*1）,奥尔良风情烤鸡肉一人食盒子披萨,,,,非会员,6,,,依据餐量提供餐具,,14.50,9.00,0.00,0.00,0,0,1.00,0.00,,【活动支出】单品优惠:0.00元,-,-,-,0.00,江苏区域,江苏直营店,,,否,-,平台配送
圣比萨·披萨·炸鸡（盐城八滩店）,SBS00030,盐城,"8033856089809379768	",饿了么,平台外卖,已完成,2025-10-24 18:17:48,2025-10-24 18:17:48,2025-10-24 18:17:48,饿了么支付-在线支付,,即时单,2025-10-24 18:17:48,12.05,"初始值, 无意义",1,否,"【随心❤️拼】7英寸双拼披萨（口味自选）[新奥尔良烤鸡肉+玉米沙拉]（26.90*1）,奶酪芝士卷边（7英寸）（4.90*1）",双拼7寸【奥尔良口味7】+双拼7寸【玉米沙拉口味7】+奶酪芝士卷边7,,,,非会员,7,,,自取/ 2份餐具,,31.80,16.02,4.00,0.00,0,0,2.54,0.64,5.00,【活动支出】精准营销:1.00元+【活动支出】饿了么红包:3.00元+【活动支出】替用户承担配送费:5.0元,-,-,-,0.00,江苏区域,江苏直营店,,,否,-,平台配送
圣比萨·披萨·炸鸡（盐城八滩店）,SBS00030,盐城,"8009776089862953318	",饿了么,平台外卖,已完成,2025-10-24 19:13:32,2025-10-24 19:13:32,2025-10-24 19:13:32,饿了么支付-在线支付,,即时单,2025-10-24 19:13:32,12.20,自动出餐,1,否,【随心❤️拼】7英寸双拼披萨（口味自选）[新奥尔良烤鸡肉+新奥尔良烤鸡肉]（26.90*1）,双拼7寸【奥尔良口味7】+双拼7寸【奥尔良口味7】,,,,非会员,8,,,1份餐具,,26.90,12.76,3.50,0.00,0,0,2.15,0.54,5.00,【活动支出】 商家自营销加码:0.50元+【活动支出】饿了么红包:3.00元+【活动支出】替用户承担配送费:5.0元,-,-,-,0.00,江苏区域,江苏直营店,,,否,-,平台配送
圣比萨·披萨·炸鸡（盐城八滩店）,SBS00030,盐城,"8038190255971720613	",饿了么,平台外卖,已完成,2025-10-24 19:32:21,2025-10-24 19:32:21,2025-10-24 19:32:22,饿了么支付-在线支付,,即时单,2025-10-24 19:32:21,10.13,自动出餐,1,否,"奶酪芝士卷边（7英寸）（4.90*1）,榴莲王披萨-7英寸(手拍)[{""name"":""规格"",""value"":""7英寸(手拍)""}]（35.90*1）,餐盒（1.00*1）,川香脆皮翅根1份（0.00*1）",奶酪芝士卷边7+榴莲王披萨,,,,非会员,9,,,1份餐具,,40.80,22.62,5.00,0.00,0,0,3.34,0.84,5.00,【活动支出】店铺满减:1.00元+【活动支出】川香脆皮翅根1份:0.00元+【活动支出】饿了么红包:4.00元+【活动支出】替用户承担配送费:5.0元,-,-,-,1.00,江苏区域,江苏直营店,,,否,-,平台配送
圣比萨·披萨·炸鸡（盐城八滩店）,SBS00030,盐城,"8090866089857260914	",饿了么,平台外卖,已完成,2025-10-24 19:46:39,2025-10-24 19:46:39,2025-10-24 19:46:39,饿了么支付-在线支付,,即时单,2025-10-24 19:46:39,10.10,自动出餐,1,否,番茄培根意面-单点（15.50*1）,番茄培根意面,,,,非会员,10,,,依据餐量提供餐具,,15.50,10.00,0.00,0.00,0,0,1.00,0.00,,【活动支出】单品优惠:0.00元,-,-,-,0.00,江苏区域,江苏直营店,,,否,-,平台配送
圣比萨·披萨·炸鸡（盐城八滩店）,SBS00030,盐城,"8026586089843258813	",饿了么,平台外卖,已完成,2025-10-24 20:01:51,2025-10-24 20:01:51,2025-10-24 20:01:51,饿了么支付-在线支付,,即时单,2025-10-24 20:01:51,10.23,自动出餐,1,否,手握三选一-单点[奥尔良]（14.50*1）,奥尔良风情烤鸡肉一人食盒子披萨,,,,非会员,11,,,依据餐量提供餐具,,14.50,9.00,0.00,0.00,0,0,1.00,0.00,,【活动支出】单品优惠:0.00元,-,-,-,0.00,江苏区域,江苏直营店,,,否,-,平台配送
圣比萨·披萨·炸鸡（盐城八滩店）,SBS00030,盐城,"8092470256115720475	",饿了么,平台外卖,已完成,2025-10-24 22:24:31,2025-10-24 22:24:31,2025-10-24 22:24:31,饿了么支付-在线支付,,即时单,2025-10-24 22:24:31,10.00,自动出餐,1,否,"蛋挞一个（原味）（3.90*1）,榴莲王披萨-9英寸(手拍)[{""name"":""规格"",""value"":""9英寸(手拍)""}]（43.90*1）,餐盒（2.00*1）,川香脆皮翅根1份（0.00*1）",蛋挞1个+榴莲王披萨,,,,非会员,12,,,依据餐量提供餐具,,47.80,24.11,9.41,0.00,0,0,3.98,1.00,6.00,【活动支出】店铺满减:1.00元+【活动支出】川香脆皮翅根1份:0.00元+【活动支出】单品特价:2.91元+【活动支出】 商家自营销加码:1.50元+【活动支出】饿了么红包:4.00元+【活动支出】替用户承担配送费:5.0元,-,-,-,2.00,江苏区域,江苏直营店,,,否,-,平台配送
圣比萨·披萨·炸鸡（盐城八滩店）,SBS00030,盐城,"8063876089890512279	",饿了么,平台外卖,已完成,2025-10-24 22:25:26,2025-10-24 22:25:26,2025-10-24 22:25:26,饿了么支付-在线支付,,即时单,2025-10-24 22:25:26,10.00,自动出餐,1,否,"【任选5件套】披萨意面我全都要（59.90*1）,芝士棒（8.50*1）,餐盒（0.50*1）",招牌肉酱意面+缤纷水果披萨(7英寸(手拍))+明星小食桶C+小雪碧+小芬达+大圣拉丝芝士棒,,,,非会员,13,,,依据餐量提供餐具,,68.40,36.06,11.60,0.00,0,0,5.51,1.38,6.00,【活动支出】单品特价:11.60元+【活动支出】替用户承担配送费:5.0元,-,-,-,0.50,江苏区域,江苏直营店,,,否,-,平台配送
圣比萨·披萨·炸鸡（盐城八滩店）,SBS00030,盐城,"8004400256029797708	",饿了么,平台外卖,已完成,2025-10-24 23:12:13,2025-10-24 23:12:13,2025-10-24 23:12:13,饿了么支付-在线支付,,即时单,2025-10-24 23:12:13,10.05,"初始值, 无意义",1,否,"【任选】买一送一7英寸披萨（54.80*1）,餐盒（1.00*1）,川香脆皮翅根1份（0.00*1）",大圣招牌大满贯披萨(7英寸(手拍))+碳烤鸡肉培根披萨(7英寸(手拍)),,,,非会员,14,,,1份餐具,,54.80,24.47,13.00,0.00,0,0,4.46,1.12,6.00,【活动支出】店铺满减:3.00元+【活动支出】川香脆皮翅根1份:0.00元+【活动支出】饿了么红包:10.00元+【活动支出】替用户承担配送费:5.0元,-,-,-,1.00,江苏区域,江苏直营店,,,否,-,平台配送
圣比萨·披萨·炸鸡（盐城八滩店）,SBS00030,盐城,"8034120256034320802	",饿了么,平台外卖,已完成,2025-10-24 23:15:15,2025-10-24 23:15:15,2025-10-24 23:15:15,饿了么支付-在线支付,,即时单,2025-10-24 23:15:15,10.20,自动出餐,1,否,"【随心❤️拼】7英寸双拼披萨（口味自选）[碳烤鸡肉培根+日系照烧鸡]（26.90*1）,奶酪芝士卷边（7英寸）（4.90*1）",双拼7寸【碳烤鸡肉培根口味7】+双拼7寸【日系照烧口味7】+奶酪芝士卷边7,,,,非会员,15,,,依据餐量提供餐具,,31.80,16.02,3.50,0.00,0,0,2.54,0.64,6.00,【活动支出】 商家自营销加码:0.50元+【活动支出】饿了么红包:3.00元+【活动支出】替用户承担配送费:5.0元,-,-,-,0.00,江苏区域,江苏直营店,,,否,-,平台配送
圣比萨·披萨·炸鸡（盐城八滩店）,SBS00030,盐城,"8008576089942210037	",饿了么,平台外卖,已完成,2025-10-24 23:15:44,2025-10-24 23:15:44,2025-10-24 23:15:45,饿了么支付-在线支付,,即时单,2025-10-24 23:15:44,10.20,自动出餐,1,否,"【随心❤️拼】7英寸双拼披萨（口味自选）[新奥尔良烤鸡肉+碳烤鸡肉培根]（26.90*1）,收藏得小吃（每单限一份）[薯饼1个]（0.00*1）,红薯薯泥流心卷边（7英寸）（4.90*1）",双拼7寸【奥尔良口味7】+双拼7寸【碳烤鸡肉培根口味7】+薯饼1个+红薯泥流心卷边7,,,,非会员,16,,,在吉祥豹拐进来直走右边第一个三楼的位置 / 2份餐具,,31.80,16.02,3.50,0.00,0,0,2.54,0.64,6.00,【活动支出】 商家自营销加码:0.50元+【活动支出】精准营销:1.00元+【活动支出】饿了么红包:2.00元+【活动支出】替用户承担配送费:5.0元,-,-,-,0.00,江苏区域,江苏直营店,,,否,-,平台配送
圣比萨·披萨·炸鸡（盐城八滩店）,SBS00030,盐城,"8027430255934429484	",饿了么,平台外卖,已完成,2025-10-24 23:32:45,2025-10-24 23:32:45,2025-10-24 23:32:45,饿了么支付-在线支付,,即时单,2025-10-24 23:32:45,10.07,"初始值, 无意义",1,否,"【任选】买一送一7英寸披萨（49.90*1）,餐盒（1.00*1）,川香脆皮翅根1份（0.00*1）",碳烤鸡肉培根披萨(7英寸(手拍))+浪漫威尼斯披萨(7英寸(手拍)),,,,非会员,17,,,依据餐量提供餐具,,49.90,27.21,6.50,0.00,0,0,4.07,1.02,6.00,【活动支出】店铺满减:1.00元+【活动支出】川香脆皮翅根1份:0.00元+【活动支出】 商家自营销加码:1.50元+【活动支出】饿了么红包:4.00元+【活动支出】替用户承担配送费:5.0元,-,-,-,1.00,江苏区域,江苏直营店,,,否,-,平台配送
圣比萨·披萨·炸鸡（阜宁益林店）,SBS00039,盐城,"8088686089540348267	",饿了么,平台外卖,已完成,2025-10-24 06:55:56,2025-10-24 06:55:56,2025-10-24 06:55:56,饿了么支付-在线支付,,预约单,2025-10-24 10:35:00,174.17,自动出餐,1,否,"新奥尔良烤鸡肉披萨-9英寸(手拍)[{""name"":""规格"",""value"":""9英寸(手拍)""}]（36.90*1）,点击右上角❤️免费得小吃（限一份，多点不送）[上校鸡块2个]（0.00*1）",新奥尔良烤鸡肉披萨+上校鸡块2个,,,,非会员,1,,,依据餐量提供餐具,,36.90,18.25,5.00,0.00,0,0,2.58,0.00,8.00,【活动支出】饿了么红包:5.00元+【活动支出】替用户承担配送费:5.0元,-,-,-,0.00,江苏区域,江苏直营店,,,否,-,平台配送
圣比萨·披萨·炸鸡（阜宁益林店）,SBS00039,盐城,"8089300255653467541	",饿了么,平台外卖,已完成,2025-10-24 09:34:04,2025-10-24 09:34:04,2025-10-24 09:34:05,饿了么支付-在线支付,,即时单,2025-10-24 09:34:04,15.17,自动出餐,1,否,"新奥尔良烤鸡肉披萨-7英寸(手拍)[{""name"":""规格"",""value"":""7英寸(手拍)""}]（28.90*1）,咸蛋黄风味流沙卷边（7英寸）（4.90*1）",新奥尔良烤鸡肉披萨+咸蛋黄流沙卷边7,,,,非会员,2,,,依据餐量提供餐具,,33.80,15.99,5.00,0.00,0,0,2.37,0.00,8.00,【活动支出】饿了么红包:5.00元+【活动支出】替用户承担配送费:5.0元,-,-,-,0.00,江苏区域,江苏直营店,,,否,-,平台配送
圣比萨·披萨·炸鸡（阜宁益林店）,SBS00039,盐城,"8052390255765129645	",饿了么,平台外卖,已完成,2025-10-24 10:40:07,2025-10-24 10:40:07,2025-10-24 10:40:07,饿了么支付-在线支付,,预约单,2025-10-24 11:40:00,14.90,自动出餐,1,否,"奶酪芝士卷边（12英寸）（8.90*1）,新奥尔良烤鸡肉披萨-12英寸(手拍)[{""name"":""规格"",""value"":""12英寸(手拍)""}]（58.90*1）",奶酪芝士卷边+新奥尔良烤鸡肉披萨,,,,非会员,3,,,不要打电话 麻烦在门口等一下 / 依据餐量提供餐具,,67.80,36.59,10.00,0.00,0,0,4.75,0.00,8.00,【活动支出】店铺满减:2.00元+【活动支出】饿了么红包:8.00元+【活动支出】替用户承担配送费:5.0元,-,-,-,0.00,江苏区域,江苏直营店,,,否,-,平台配送
圣比萨·披萨·炸鸡（阜宁益林店）,SBS00039,盐城,"8089796089662906765	",饿了么,平台外卖,已完成,2025-10-24 11:59:26,2025-10-24 11:59:26,2025-10-24 11:59:26,饿了么支付-在线支付,,即时单,2025-10-24 11:59:26,10.87,手动出餐,1,否,大圣香肠披萨-单点（14.40*1）,大圣香肠披萨-单点,,,,非会员,4,,,依据餐量提供餐具,,14.40,9.90,0.00,0.00,0,0,0.00,0.00,,【活动支出】单品优惠:0.00元,-,-,-,0.00,江苏区域,江苏直营店,,,否,-,平台配送
圣比萨·披萨·炸鸡（阜宁益林店）,SBS00039,盐城,"8029400255763101041	",饿了么,平台外卖,已完成,2025-10-24 12:01:50,2025-10-24 12:01:50,2025-10-24 12:01:51,饿了么支付-在线支付,,即时单,2025-10-24 12:01:50,11.97,手动出餐,1,否,"新奥尔良烤鸡肉披萨-7英寸(手拍)[{""name"":""规格"",""value"":""7英寸(手拍)""}]（28.90*1）,红薯薯泥流心卷边（7英寸）（4.90*1）,点击右上角❤️免费得小吃（限一份，多点不送）[上校鸡块2个]（0.00*1）,经典薯条（8.90*1）,餐盒（0.50*1）",新奥尔良烤鸡肉披萨+红薯泥流心卷边7+上校鸡块2个+经典薯条,,,,非会员,5,,,依据餐量提供餐具,,42.70,21.05,7.00,0.00,0,0,3.02,0.00,7.00,【活动支出】店铺满减:1.00元+【活动支出】饿了么红包:6.00元+【活动支出】替用户承担配送费:5.0元,-,-,-,0.50,江苏区域,江苏直营店,,,否,-,平台配送
圣比萨·披萨·炸鸡（阜宁益林店）,SBS00039,盐城,"8089200255896276276	",饿了么,平台外卖,已完成,2025-10-24 13:50:34,2025-10-24 13:50:34,2025-10-24 13:50:34,饿了么支付-在线支付,,即时单,2025-10-24 13:50:34,9.10,手动出餐,1,否,大圣香肠披萨-单点（14.40*1）,大圣香肠披萨-单点,,,,非会员,6,,,依据餐量提供餐具,,14.40,9.90,0.00,0.00,0,0,0.00,0.00,,【活动支出】单品优惠:0.00元,-,-,-,0.00,江苏区域,江苏直营店,,,否,-,平台配送
圣比萨·披萨·炸鸡（阜宁益林店）,SBS00039,盐城,"8089200255804000723	",饿了么,平台外卖,已完成,2025-10-24 13:50:35,2025-10-24 13:50:35,2025-10-24 13:50:35,饿了么支付-在线支付,,即时单,2025-10-24 13:50:35,7.15,手动出餐,1,否,小鸡肉串（20串）+芝士棒-单点（13.50*1）,小鸡肉串（20串）+芝士棒-单点,,,,非会员,7,,,依据餐量提供餐具,,13.50,9.00,0.00,0.00,0,0,0.00,0.00,,【活动支出】单品优惠:0.00元,-,-,-,0.00,江苏区域,江苏直营店,,,否,-,平台配送
圣比萨·披萨·炸鸡（阜宁益林店）,SBS00039,盐城,"8087626089707541847	",饿了么,平台外卖,已完成,2025-10-24 14:10:54,2025-10-24 14:10:54,2025-10-24 14:10:54,饿了么支付-在线支付,,即时单,2025-10-24 14:10:54,5.20,手动出餐,1,否,大圣鸡排*2+香肠*1-单点[香辣]（14.40*1）,大圣鸡排*2+香肠*1-单点[香辣],,,,非会员,8,,,依据餐量提供餐具,,14.40,9.90,0.00,0.00,0,0,0.00,0.00,,【活动支出】单品优惠:0.00元,-,-,-,0.00,江苏区域,江苏直营店,,,否,-,平台配送
圣比萨·披萨·炸鸡（阜宁益林店）,SBS00039,盐城,"8086030255903528229	",饿了么,平台外卖,已完成,2025-10-24 14:13:21,2025-10-24 14:13:21,2025-10-24 14:13:22,饿了么支付-在线支付,,即时单,2025-10-24 14:13:21,11.78,手动出餐,1,否,"大圣小鸡肉串（20串）（9.90*1）,新奥尔良烤鸡肉披萨-7英寸(手拍)[{""name"":""规格"",""value"":""7英寸(手拍)""}]（28.90*1）,咸蛋黄风味流沙卷边（7英寸）（4.90*1）,餐盒（0.50*1）",大圣小鸡肉串（20串）+新奥尔良烤鸡肉披萨+咸蛋黄流沙卷边7,,,,非会员,9,,,依据餐量提供餐具,,43.70,24.11,6.00,0.00,0,0,3.09,0.00,4.00,【活动支出】店铺满减:1.00元+【活动支出】饿了么红包:5.00元+【活动支出】替用户承担配送费:4.0元,-,-,-,0.50,江苏区域,江苏直营店,,,否,-,平台配送
圣比萨·披萨·炸鸡（阜宁益林店）,SBS00039,盐城,"8028490255725237571	",饿了么,平台外卖,已完成,2025-10-24 14:47:13,2025-10-24 14:47:13,2025-10-24 14:47:14,饿了么支付-在线支付,,即时单,2025-10-24 14:47:13,15.00,自动出餐,1,否,"大圣招牌大满贯披萨-7英寸(手拍)[{""name"":""规格"",""value"":""7英寸(手拍)""}]（36.90*1）,碳烤鸡肉培根披萨-7英寸(手拍)[{""name"":""规格"",""value"":""7英寸(手拍)""}]（28.90*1）",大圣招牌大满贯披萨+碳烤鸡肉培根披萨,,,,非会员,10,,,依据餐量提供餐具,,65.80,35.07,10.00,0.00,0,0,4.61,0.00,8.00,【活动支出】店铺满减:2.00元+【活动支出】饿了么红包:8.00元+【活动支出】替用户承担配送费:5.0元,-,-,-,0.00,江苏区域,江苏直营店,,,否,-,平台配送
圣比萨·披萨·炸鸡（阜宁益林店）,SBS00039,盐城,"8095886089735259504	",饿了么,平台外卖,已完成,2025-10-24 15:28:58,2025-10-24 15:28:58,2025-10-24 15:28:59,饿了么支付-在线支付,,即时单,2025-10-24 15:28:58,11.17,手动出餐,1,否,"新奥尔良烤鸡肉披萨-7英寸(手拍)[{""name"":""规格"",""value"":""7英寸(手拍)""}]（28.90*1）,奶酪芝士卷边（7英寸）（4.90*1）",新奥尔良烤鸡肉披萨+奶酪芝士卷边7,,,,非会员,11,,,依据餐量提供餐具,,33.80,17.54,5.00,0.00,0,0,2.37,0.00,4.00,【活动支出】饿了么红包:5.00元+【活动支出】替用户承担配送费:4.0元,-,-,-,0.00,江苏区域,江苏直营店,,,否,-,平台配送
圣比萨·披萨·炸鸡（阜宁益林店）,SBS00039,盐城,"8065516089732392446	",饿了么,平台外卖,已完成,2025-10-24 15:36:49,2025-10-24 15:36:49,2025-10-24 15:36:50,饿了么支付-在线支付,,即时单,2025-10-24 15:36:49,5.25,手动出餐,1,否,"大圣香肠[孜然]（5.90*1）,大圣鸡排[孜然]（6.90*1）,大圣招牌肉串（3串）[孜然]（16.90*1）,餐盒（1.50*1）",大圣香肠1串+大圣鸡排+大圣招牌肉串3串,,,,非会员,12,,,依据餐量提供餐具,,29.70,15.55,5.00,0.00,0,0,2.18,0.00,4.00,【活动支出】饿了么红包:5.00元+【活动支出】替用户承担配送费:4.0元,-,-,-,1.50,江苏区域,江苏直营店,,,否,-,平台配送
圣比萨·披萨·炸鸡（阜宁益林店）,SBS00039,盐城,"8019986089751155155	",饿了么,平台外卖,已完成,2025-10-24 15:47:53,2025-10-24 15:47:53,2025-10-24 15:47:53,饿了么支付-在线支付,,预约单,2025-10-24 17:20:00,47.30,自动出餐,1,否,"奶酪芝士卷边（12英寸）（8.90*1）,新奥尔良烤鸡肉披萨-12英寸(手拍)[{""name"":""规格"",""value"":""12英寸(手拍)""}]（58.90*1）,小鸡肉串（20串）[甘梅]（14.90*1）,经典薯条（8.90*2）,餐盒（1.50*1）",奶酪芝士卷边+新奥尔良烤鸡肉披萨+大圣小鸡肉串（20串）+经典薯条,,,,非会员,13,,,依据餐量提供餐具,,100.50,60.62,12.00,0.00,0,0,7.14,0.00,8.00,【活动支出】店铺满减:4.00元+【活动支出】饿了么红包:8.00元+【活动支出】替用户承担配送费:5.0元,-,-,-,1.50,江苏区域,江苏直营店,,,否,-,平台配送
圣比萨·披萨·炸鸡（阜宁益林店）,SBS00039,盐城,"8076280255862666632	",饿了么,平台外卖,已完成,2025-10-24 16:17:23,2025-10-24 16:17:23,2025-10-24 16:17:23,饿了么支付-在线支付,,即时单,2025-10-24 16:17:23,11.37,手动出餐,1,否,"红薯薯泥流心卷边（7英寸）（4.90*1）,花果山披萨-7英寸(手拍)[{""name"":""规格"",""value"":""7英寸(手拍)""}]（28.90*1）",红薯泥流心卷边7+花果山披萨,,,,非会员,14,,,依据餐量提供餐具,,33.80,17.54,5.00,0.00,0,0,2.37,0.00,4.00,【活动支出】饿了么红包:5.00元+【活动支出】替用户承担配送费:4.0元,-,-,-,0.00,江苏区域,江苏直营店,,,否,-,平台配送
圣比萨·披萨·炸鸡（阜宁益林店）,SBS00039,盐城,"8083936089778376131	",饿了么,平台外卖,已完成,2025-10-24 17:00:53,2025-10-24 17:00:53,2025-10-24 17:00:53,饿了么支付-在线支付,,即时单,2025-10-24 17:00:53,11.80,手动出餐,1,否,"新奥尔良烤鸡肉披萨-7英寸(手拍)[{""name"":""规格"",""value"":""7英寸(手拍)""}]（28.90*1）,大圣鸡肉串套餐[孜然]（28.90*1）,餐盒（1.00*1）",新奥尔良烤鸡肉披萨,,,,非会员,15,,,依据餐量提供餐具,,57.80,32.10,8.00,0.00,0,0,4.12,0.00,7.00,【活动支出】店铺满减:2.00元+【活动支出】饿了么红包:6.00元+【活动支出】替用户承担配送费:5.0元,-,-,-,1.00,江苏区域,江苏直营店,,,否,-,平台配送
圣比萨·披萨·炸鸡（阜宁益林店）,SBS00039,盐城,"8018506089772461555	",饿了么,平台外卖,已完成,2025-10-24 17:30:44,2025-10-24 17:30:44,2025-10-24 17:30:45,饿了么支付-在线支付,,即时单,2025-10-24 17:30:44,11.42,手动出餐,1,否,"芝士棒（8.50*1）,大圣嫩鸡肉串（3串）（16.90*1）,碳烤鸡肉培根披萨-7英寸(手拍)[{""name"":""规格"",""value"":""7英寸(手拍)""}]（28.90*1）,奶酪芝士卷边（7英寸）（4.90*1）,餐盒（1.00*1）",大圣拉丝芝士棒+碳烤鸡肉培根披萨+奶酪芝士卷边7,,,,非会员,16,,,"外卖到了放门口就好
芝士加多一点 / 依据餐量提供餐具",,59.20,34.27,8.00,0.00,0,0,4.21,0.00,4.00,【活动支出】店铺满减:2.00元+【活动支出】饿了么红包:6.00元+【活动支出】替用户承担配送费:4.0元,-,-,-,1.00,江苏区域,江苏直营店,,,否,-,平台配送
圣比萨·披萨·炸鸡（阜宁益林店）,SBS00039,盐城,"8017806089795116527	",饿了么,平台外卖,已完成,2025-10-24 17:31:04,2025-10-24 17:31:04,2025-10-24 17:31:04,饿了么支付-在线支付,,即时单,2025-10-24 17:31:04,12.03,手动出餐,1,否,"新奥尔良烤鸡肉披萨-12英寸(手拍)[{""name"":""规格"",""value"":""12英寸(手拍)""}]（58.90*1）,招牌大圣鸡排（2个）[甘梅]（16.90*2）,餐盒（1.00*1）",新奥尔良烤鸡肉披萨,,,,非会员,17,,,4份餐具,,92.70,55.81,12.00,0.00,0,0,6.56,0.00,4.00,【活动支出】店铺满减:4.00元+【活动支出】饿了么红包:8.00元+【活动支出】替用户承担配送费:4.0元,-,-,-,1.00,江苏区域,江苏直营店,,,否,-,平台配送
圣比萨·披萨·炸鸡（阜宁益林店）,SBS00039,盐城,"8014576089772000684	",饿了么,平台外卖,已完成,2025-10-24 17:57:00,2025-10-24 17:57:00,2025-10-24 17:57:01,饿了么支付-在线支付,,即时单,2025-10-24 17:57:00,10.85,手动出餐,1,否,"新奥尔良烤鸡肉披萨-7英寸(手拍)[{""name"":""规格"",""value"":""7英寸(手拍)""}]（28.90*1）",新奥尔良烤鸡肉披萨,,,,非会员,18,,,依据餐量提供餐具,,28.90,14.09,5.00,0.00,0,0,2.02,0.00,4.00,【活动支出】饿了么红包:5.00元+【活动支出】替用户承担配送费:4.0元,-,-,-,0.00,江苏区域,江苏直营店,,,否,-,平台配送
圣比萨·披萨·炸鸡（阜宁益林店）,SBS00039,盐城,"8041310255808932270	",饿了么,平台外卖,已完成,2025-10-24 18:02:12,2025-10-24 18:02:12,2025-10-24 18:02:12,饿了么支付-在线支付,,即时单,2025-10-24 18:02:12,9.97,手动出餐,1,否,大圣香肠披萨-单点（14.40*1）,大圣香肠披萨-单点,,,,非会员,19,,,依据餐量提供餐具,,14.40,9.90,0.00,0.00,0,0,0.00,0.00,,【活动支出】单品优惠:0.00元,-,-,-,0.00,江苏区域,江苏直营店,,,否,-,平台配送
圣比萨·披萨·炸鸡（阜宁益林店）,SBS00039,盐城,"8089796089771826638	",饿了么,平台外卖,已完成,2025-10-24 18:02:15,2025-10-24 18:02:15,2025-10-24 18:02:15,饿了么支付-在线支付,,即时单,2025-10-24 18:02:15,11.25,手动出餐,1,否,大圣香肠披萨-单点（14.40*1）,大圣香肠披萨-单点,,,,非会员,20,,,依据餐量提供餐具,,14.40,9.90,0.00,0.00,0,0,0.00,0.00,,【活动支出】单品优惠:0.00元,-,-,-,0.00,江苏区域,江苏直营店,,,否,-,平台配送
圣比萨·披萨·炸鸡（阜宁益林店）,SBS00039,盐城,"8075656089815934344	",饿了么,平台外卖,已完成,2025-10-24 18:05:58,2025-10-24 18:05:58,2025-10-24 18:05:58,饿了么支付-在线支付,,即时单,2025-10-24 18:05:58,11.93,手动出餐,1,否,大圣香肠披萨-单点（14.40*1）,大圣香肠披萨-单点,,,,非会员,21,,,依据餐量提供餐具,,14.40,9.90,0.00,0.00,0,0,0.00,0.00,,【活动支出】单品优惠:0.00元,-,-,-,0.00,江苏区域,江苏直营店,,,否,-,平台配送
圣比萨·披萨·炸鸡（阜宁益林店）,SBS00039,盐城,"8067716089824620016	",饿了么,平台外卖,已完成,2025-10-24 18:11:09,2025-10-24 18:11:09,2025-10-24 18:11:09,饿了么支付-在线支付,,即时单,2025-10-24 18:11:09,9.72,手动出餐,1,否,"新奥尔良烤鸡肉披萨-9英寸(手拍)[{""name"":""规格"",""value"":""9英寸(手拍)""}]（36.90*1）",新奥尔良烤鸡肉披萨,,,,非会员,22,,,依据餐量提供餐具,,36.90,19.80,5.00,0.00,0,0,2.58,0.00,4.00,【活动支出】饿了么红包:5.00元+【活动支出】替用户承担配送费:4.0元,-,-,-,0.00,江苏区域,江苏直营店,,,否,-,平台配送
圣比萨·披萨·炸鸡（阜宁益林店）,SBS00039,盐城,"8066756089807390991	",饿了么,平台外卖,已完成,2025-10-24 18:19:53,2025-10-24 18:19:53,2025-10-24 18:19:53,饿了么支付-在线支付,,即时单,2025-10-24 18:19:53,10.78,手动出餐,1,否,"新奥尔良烤鸡肉披萨-7英寸(手拍)[{""name"":""规格"",""value"":""7英寸(手拍)""}]（28.90*1）,咸蛋黄风味流沙卷边（7英寸）（4.90*1）",新奥尔良烤鸡肉披萨+咸蛋黄流沙卷边7,,,,非会员,23,,,依据餐量提供餐具,,33.80,17.54,5.00,0.00,0,0,2.37,0.00,4.00,【活动支出】饿了么红包:5.00元+【活动支出】替用户承担配送费:4.0元,-,-,-,0.00,江苏区域,江苏直营店,,,否,-,平台配送
圣比萨·披萨·炸鸡（阜宁益林店）,SBS00039,盐城,"8075656089815959853	",饿了么,平台外卖,已完成,2025-10-24 18:32:02,2025-10-24 18:32:02,2025-10-24 18:32:03,饿了么支付-在线支付,,即时单,2025-10-24 18:32:02,10.08,手动出餐,1,否,"碳烤鸡肉培根披萨-7英寸(手拍)[{""name"":""规格"",""value"":""7英寸(手拍)""}]（28.90*1）",碳烤鸡肉培根披萨,,,,非会员,24,,,依据餐量提供餐具,,28.90,14.09,5.00,0.00,0,0,2.02,0.00,4.00,【活动支出】饿了么红包:5.00元+【活动支出】替用户承担配送费:4.0元,-,-,-,0.00,江苏区域,江苏直营店,,,否,-,平台配送
圣比萨·披萨·炸鸡（阜宁益林店）,SBS00039,盐城,"8032866089814778247	",饿了么,平台外卖,已完成,2025-10-24 19:02:22,2025-10-24 19:02:22,2025-10-24 19:02:23,饿了么支付-在线支付,,即时单,2025-10-24 19:02:22,20.08,自动出餐,1,否,"芝士棒（8.50*1）,大圣鸡排[甘梅]（6.90*1）,大圣鸡排[香辣]（6.90*1）,点击右上角❤️免费得小吃（限一份，多点不送）[上校鸡块2个]（0.00*1）,餐盒（1.50*1）",大圣拉丝芝士棒+大圣鸡排+大圣鸡排+上校鸡块2个,,,,非会员,25,,,请帮我放门口，谢谢 / 依据餐量提供餐具,,22.30,9.03,5.00,0.00,0,0,1.67,0.00,7.00,【活动支出】饿了么红包:5.00元+【活动支出】替用户承担配送费:5.0元,-,-,-,1.50,江苏区域,江苏直营店,,,否,-,平台配送
圣比萨·披萨·炸鸡（阜宁益林店）,SBS00039,盐城,"8031390256088570268	",饿了么,平台外卖,已完成,2025-10-24 20:42:32,2025-10-24 20:42:32,2025-10-24 20:42:33,饿了么支付-在线支付,,即时单,2025-10-24 20:42:32,4.95,手动出餐,1,否,"新奥尔良烤鸡肉披萨-9英寸(手拍)[{""name"":""规格"",""value"":""9英寸(手拍)""}]（36.90*1）,咸蛋黄风味流心卷边（9英寸）（6.90*1）",新奥尔良烤鸡肉披萨+咸蛋黄流沙卷边9,,,,非会员,26,,,2份餐具,,43.80,22.90,7.00,0.00,0,0,3.07,0.00,4.00,【活动支出】店铺满减:1.00元+【活动支出】饿了么红包:6.00元+【活动支出】替用户承担配送费:4.0元,-,-,-,0.00,江苏区域,江苏直营店,,,否,-,平台配送
圣比萨·披萨·炸鸡（阜宁益林店）,SBS00039,盐城,"8031390255996234041	",饿了么,平台外卖,已完成,2025-10-24 20:44:14,2025-10-24 20:44:14,2025-10-24 20:44:14,饿了么支付-在线支付,,即时单,2025-10-24 20:44:14,3.28,手动出餐,1,否,"大圣香肠一串[孜然]（8.50*1）,点击右上角❤️免费得小吃（限一份，多点不送）[上校鸡块2个]（0.00*1）,招牌大圣鸡排（2个）[孜然]（16.90*1）,餐盒（1.00*1）",上校鸡块2个,,,,非会员,27,,,麻烦多拿几袋番茄酱，谢谢！ / 1份餐具,,25.40,12.28,5.00,0.00,0,0,1.85,0.00,4.00,【活动支出】饿了么红包:5.00元+【活动支出】替用户承担配送费:4.0元,-,-,-,1.00,江苏区域,江苏直营店,,,否,-,平台配送
圣比萨·披萨·炸鸡（阜宁益林店）,SBS00039,盐城,"8055030255996465526	",饿了么,平台外卖,已完成,2025-10-24 20:59:25,2025-10-24 20:59:25,2025-10-24 20:59:25,饿了么支付-在线支付,,即时单,2025-10-24 20:59:25,8.68,手动出餐,1,否,大圣香肠披萨-单点（14.40*1）,大圣香肠披萨-单点,,,,非会员,28,,,依据餐量提供餐具,,14.40,9.90,0.00,0.00,0,0,0.00,0.00,,【活动支出】单品优惠:0.00元,-,-,-,0.00,江苏区域,江苏直营店,,,否,-,平台配送
圣比萨·披萨·炸鸡（阜宁益林店）,SBS00039,盐城,"8019556089897967088	",饿了么,平台外卖,已完成,2025-10-24 21:40:00,2025-10-24 21:40:00,2025-10-24 21:40:00,饿了么支付-在线支付,,即时单,2025-10-24 21:40:00,12.80,手动出餐,1,否,"大圣招牌大满贯披萨-7英寸(手拍)[{""name"":""规格"",""value"":""7英寸(手拍)""}]（36.90*1）,奶酪芝士卷边（7英寸）（4.90*1）",大圣招牌大满贯披萨+奶酪芝士卷边7,,,,非会员,29,,,依据餐量提供餐具,,41.80,20.03,7.00,0.00,0,0,2.93,0.00,7.00,【活动支出】店铺满减:1.00元+【活动支出】饿了么红包:6.00元+【活动支出】替用户承担配送费:5.0元,-,-,-,0.00,江苏区域,江苏直营店,,,否,-,平台配送
圣比萨（双塔店）,SBS00037,温州,"8094410255706632608	",饿了么,平台外卖,已完成,2025-10-24 00:06:37,2025-10-24 00:06:37,2025-10-24 00:06:38,饿了么支付-在线支付,,即时单,2025-10-24 00:06:37,8.58,手动出餐,1,否,"任选披萨7选1+小吃6选1+饮品[缤纷水果披萨7英寸+地道肠1根+小可乐]（70.00*1）,餐盒（2.00*1）",缤纷水果披萨【7英寸(手拍)】+地道肠【1根】+小可乐,,,,非会员,1,,,依据餐量提供餐具,,70.00,17.44,45.10,0.00,0,0,2.51,0.00,6.00,【活动支出】单品特价:38.10元+【活动支出】饿了么红包:7.00元+【活动支出】替用户承担配送费:6.0元,-,-,-,2.00,温州区域,温州直营,,,否,-,平台配送
圣比萨（双塔店）,SBS00037,温州,"8029656089508148637	",饿了么,平台外卖,已完成,2025-10-24 00:22:55,2025-10-24 00:22:55,2025-10-24 00:22:56,饿了么支付-在线支付,,即时单,2025-10-24 00:22:55,8.30,手动出餐,1,否,"芝士焗红薯泥（19.00*1）,番茄牛肉意面（52.00*1）,餐盒（3.00*1）",芝士焗红薯泥+番茄牛肉意面,,,,非会员,2,,,依据餐量提供餐具,,71.00,21.23,42.20,0.00,0,0,3.02,0.00,6.00,【活动支出】店铺满减:1.00元+【活动支出】单品特价:4.10元+【活动支出】单品特价:28.10元+【活动支出】饿了么红包:9.00元+【活动支出】替用户承担配送费:6.0元,-,-,-,3.00,温州区域,温州直营,,,否,-,平台配送
圣比萨（双塔店）,SBS00037,温州,"8092556089527011587	",饿了么,平台外卖,已完成,2025-10-24 00:23:12,2025-10-24 00:23:12,2025-10-24 00:23:12,饿了么支付-在线支付,,即时单,2025-10-24 00:23:12,10.13,自动出餐,1,否,"新奥尔良烤鸡肉披萨-7英寸[{""name"":""规格"",""value"":""7英寸""}]（39.00*1）,餐盒（2.00*1）",新奥尔良烤鸡肉披萨,,,,非会员,3,,,依据餐量提供餐具,,39.00,9.99,23.10,0.00,0,0,1.56,0.00,6.00,【活动支出】单品特价:16.10元+【活动支出】粉丝群:2.00元+【活动支出】饿了么红包:5.00元+【活动支出】替用户承担配送费:6.0元,-,-,-,2.00,温州区域,温州直营,,,否,-,平台配送
圣比萨（双塔店）,SBS00037,温州,"8057926089477928377	",饿了么,平台外卖,已完成,2025-10-24 00:44:50,2025-10-24 00:44:50,2025-10-24 00:44:50,饿了么支付-在线支付,,即时单,2025-10-24 00:44:50,8.55,手动出餐,1,否,"7英寸披萨买一送一[浪漫威尼斯披萨7英寸+圣比招牌披萨7英寸]（86.80*1）,餐盒（3.00*1）",浪漫威尼斯披萨【7英寸(手拍)】+大圣招牌大满贯披萨【7英寸(手拍)】,,,,非会员,4,,,依据餐量提供餐具,,86.80,32.33,40.90,0.00,0,0,4.82,0.00,8.70,【活动支出】店铺满减:1.00元+【活动支出】单品特价:39.90元+【活动支出】替用户承担配送费:6.0元,-,-,-,3.00,温州区域,温州直营,,,否,-,平台配送
圣比萨（双塔店）,SBS00037,温州,"8084130255619284306	",饿了么,平台外卖,已完成,2025-10-24 00:53:05,2025-10-24 00:53:05,2025-10-24 00:53:05,饿了么支付-在线支付,,即时单,2025-10-24 00:53:05,7.95,手动出餐,1,否,"任选披萨7选1+小吃6选1+饮品[圣比招牌披萨7英寸+地道肠1根+港式奶茶]（70.00*1）,餐盒（2.00*1）",大圣招牌大满贯披萨【7英寸(手拍)】+地道肠【1根】+港式奶茶,,,,非会员,5,,,依据餐量提供餐具,,70.00,17.44,45.10,0.00,0,0,2.51,0.00,6.00,【活动支出】单品特价:38.10元+【活动支出】 商家自营销加码:2.00元+【活动支出】饿了么红包:5.00元+【活动支出】替用户承担配送费:6.0元,-,-,-,2.00,温州区域,温州直营,,,否,-,平台配送
圣比萨（双塔店）,SBS00037,温州,"8080866089525656964	",饿了么,平台外卖,已完成,2025-10-24 01:00:39,2025-10-24 01:00:39,2025-10-24 01:00:39,饿了么支付-在线支付,,即时单,2025-10-24 01:00:39,8.27,手动出餐,1,否,新奥尔良烤鸡肉披萨7寸-单点（22.00*1）,新奥尔良烤鸡肉披萨【7英寸(手拍)】,,,,非会员,6,,,依据餐量提供餐具,,22.00,12.00,0.00,0.00,0,0,0.00,0.00,,【活动支出】拼团反圈活动:0.00元,-,-,-,0.00,温州区域,温州直营,,,否,-,平台配送
圣比萨（双塔店）,SBS00037,温州,"8025896089522426176	",饿了么,平台外卖,已完成,2025-10-24 10:28:24,2025-10-24 10:28:24,2025-10-24 10:28:24,饿了么支付-在线支付,,即时单,2025-10-24 10:28:24,10.03,自动出餐,1,否,"芝士就是力量（10.00*1）,点击右上角❤️收藏得小吃[上校鸡块1个]（2.00*2）,【新品宠粉】香烤地道肠1根（7.50*1）,金沙咸蛋黄嫩鸡披萨-7英寸（经典手拍)[{""name"":""规格"",""value"":""7英寸（经典手拍)""}]（52.00*1）,餐盒（5.00*1）",芝士就是力量+上校鸡块1个+地道肠1根+金沙咸蛋黄嫩鸡披萨,,,,非会员,7,,,多加芝士了。一定要多多的芝士哦呜呜呜！想要一点玉米，可以给我加点玉米吗？好评哦 / 依据餐量提供餐具,,73.50,19.74,48.81,0.00,0,0,2.80,0.00,3.90,【活动支出】店铺满减:1.00元+【活动支出】单品特价:5.00元+【活动支出】单品特价:1.90元+【活动支出】单品特价:4.91元+【活动支出】单品特价:20.10元+【活动支出】粉丝群:2.00元+【活动支出】饿了么红包:12.00元+【活动支出】精准营销:1.90元+【活动支出】替用户承担配送费:3.9元,-,-,-,5.00,温州区域,温州直营,,,否,-,平台配送
圣比萨（双塔店）,SBS00037,温州,"8035966089583039853	",饿了么,平台外卖,已完成,2025-10-24 10:43:17,2025-10-24 10:43:17,2025-10-24 10:43:17,饿了么支付-在线支付,,即时单,2025-10-24 10:43:17,10.12,自动出餐,1,否,手握三选一-单点[日式照烧]（20.00*1）,日式烧鸟风味一人食盒子披萨,,,,非会员,8,,,依据餐量提供餐具,,20.00,10.00,0.00,0.00,0,0,0.00,0.00,,【活动支出】拼团反圈活动:0.00元,-,-,-,0.00,温州区域,温州直营,,,否,-,平台配送
圣比萨（双塔店）,SBS00037,温州,"8031666089583532516	",饿了么,平台外卖,已完成,2025-10-24 10:56:40,2025-10-24 10:56:40,2025-10-24 10:56:40,饿了么支付-在线支付,,即时单,2025-10-24 10:56:40,9.83,手动出餐,1,否,"碳烤鸡肉培根披萨-9英寸[{""name"":""规格"",""value"":""9英寸""}]（69.00*1）,点击右上角❤️收藏得小吃[上校鸡块1个]（2.00*2）,餐盒（2.00*1）",碳烤鸡肉培根披萨+上校鸡块1个,,,,非会员,9,,,不要葱不要香菇，到了放收发室架子上 / 依据餐量提供餐具,,73.00,17.92,46.00,0.00,0,0,2.73,0.00,6.60,【活动支出】店铺满减:1.00元+【活动支出】单品特价:35.10元+【活动支出】单品特价:1.90元+【活动支出】饿了么红包:8.00元+【活动支出】替用户承担配送费:6.0元,-,-,-,2.00,温州区域,温州直营,,,否,-,平台配送
圣比萨（双塔店）,SBS00037,温州,"8040300255703445911	",饿了么,平台外卖,已完成,2025-10-24 11:06:22,2025-10-24 11:06:22,2025-10-24 11:06:22,饿了么支付-在线支付,,即时单,2025-10-24 11:06:22,12.13,自动出餐,1,否,"新奥尔良烤鸡肉披萨-7英寸[{""name"":""规格"",""value"":""7英寸""}]（39.00*1）,餐盒（2.00*1）",新奥尔良烤鸡肉披萨,,,,非会员,10,,,1份餐具,,39.00,9.12,25.10,0.00,0,0,1.43,0.00,4.40,【活动支出】单品特价:16.10元+【活动支出】粉丝群:2.00元+【活动支出】饿了么红包:7.00元+【活动支出】替用户承担配送费:4.4元,-,-,-,2.00,温州区域,温州直营,,,否,-,平台配送
圣比萨（双塔店）,SBS00037,温州,"8011470255650910597	",饿了么,平台外卖,已完成,2025-10-24 11:54:21,2025-10-24 11:54:21,2025-10-24 11:54:22,饿了么支付-在线支付,,即时单,2025-10-24 11:54:21,7.22,手动出餐,1,否,"任选焗饭4选1+小吃5选1+饮品[黑椒牛肉芝士焗饭+墨鱼丸3个+小可乐]（61.00*1）,可乐[常温]（6.00*2）,【新品宠粉】香烤地道肠1根（7.50*1）,点击右上角❤️收藏得小吃[墨鱼丸1个]（2.00*2）,餐盒（5.00*1）",黑椒牛肉芝士焗饭+深海墨鱼丸【3个】+小可乐+可乐+地道肠1根+深海墨鱼丸1个,,,,非会员,11,,,依据餐量提供餐具,,84.50,26.50,50.91,0.00,0,0,3.74,0.00,3.90,【活动支出】店铺满减:1.00元+【活动支出】单品特价:29.10元+【活动支出】单品特价:2.00元+【活动支出】单品特价:4.91元+【活动支出】单品特价:1.90元+【活动支出】饿了么红包:12.00元+【活动支出】替用户承担配送费:3.9元,-,-,-,5.00,温州区域,温州直营,,,否,-,平台配送
圣比萨（双塔店）,SBS00037,温州,"8084480255842870670	",饿了么,平台外卖,已完成,2025-10-24 11:56:16,2025-10-24 11:56:16,2025-10-24 11:56:16,饿了么支付-在线支付,,预约单,2025-10-24 17:35:00,143.38,手动出餐,1,否,"明星小食桶A（35.00*1）,7英寸披萨一人食土豪餐[日系照烧鸡披萨7英寸+地道肠1根+盐酥鸡米花小份+港式奶茶]（66.00*1）,餐盒（4.00*1）",明星小食桶A+日系照烧鸡披萨【7英寸(手拍)】+地道肠【1根】+盐酥鸡米花小份+港式奶茶,,,,非会员,12,,,2份餐具,,101.00,30.87,62.20,0.00,0,0,4.18,0.00,3.90,【活动支出】店铺满减:1.00元+【活动支出】单品特价:21.10元+【活动支出】单品特价:31.10元+【活动支出】饿了么红包:9.00元+【活动支出】替用户承担配送费:3.9元,-,-,-,4.00,温州区域,温州直营,,,否,-,平台配送
圣比萨（双塔店）,SBS00037,温州,"8064956089641062780	",饿了么,平台外卖,已完成,2025-10-24 12:36:36,2025-10-24 12:36:36,2025-10-24 12:36:36,饿了么支付-在线支付,,即时单,2025-10-24 12:36:36,6.68,手动出餐,1,否,"任选披萨7选1+小吃6选1+饮品[圣比招牌披萨7英寸+上校鸡块4个+柠檬茶]（70.00*1）,餐盒（2.00*1）",大圣招牌大满贯披萨【7英寸(手拍)】+上校鸡块+柠檬茶,,,,非会员,13,,,无需餐具,,70.00,18.44,45.10,0.00,0,0,2.51,0.00,3.90,【活动支出】单品特价:38.10元+【活动支出】饿了么红包:7.00元+【活动支出】替用户承担配送费:3.9元,-,-,-,2.00,温州区域,温州直营,,,否,-,平台配送
圣比萨（双塔店）,SBS00037,温州,"8007606089705903360	",饿了么,平台外卖,已完成,2025-10-24 14:11:57,2025-10-24 14:11:57,2025-10-24 14:11:58,饿了么支付-在线支付,,即时单,2025-10-24 14:11:57,7.28,手动出餐,1,否,"新奥尔良烤鸡肉披萨-7英寸[{""name"":""规格"",""value"":""7英寸""}]（39.00*1）,餐盒（2.00*1）",新奥尔良烤鸡肉披萨,,,,非会员,14,,,1份餐具,,39.00,10.09,23.10,0.00,0,0,1.56,0.00,4.90,【活动支出】单品特价:16.10元+【活动支出】 商家自营销加码:2.00元+【活动支出】饿了么红包:5.00元+【活动支出】替用户承担配送费:4.9元,-,-,-,2.00,温州区域,温州直营,,,否,-,平台配送
圣比萨（双塔店）,SBS00037,温州,"8040966089710801268	",饿了么,平台外卖,已完成,2025-10-24 14:12:19,2025-10-24 14:12:19,2025-10-24 14:12:19,饿了么支付-在线支付,,即时单,2025-10-24 14:12:19,6.88,手动出餐,1,否,"新奥尔良烤鸡肉披萨-7英寸[{""name"":""规格"",""value"":""7英寸""}]（39.00*1）,餐盒（2.00*1）",新奥尔良烤鸡肉披萨,,,,非会员,15,,,依据餐量提供餐具,,39.00,10.99,23.10,0.00,0,0,1.56,0.00,3.90,【活动支出】单品特价:16.10元+【活动支出】饿了么红包:7.00元+【活动支出】替用户承担配送费:3.9元,-,-,-,2.00,温州区域,温州直营,,,否,-,平台配送
圣比萨（双塔店）,SBS00037,温州,"8051120255913661717	",饿了么,平台外卖,已完成,2025-10-24 14:21:29,2025-10-24 14:21:29,2025-10-24 14:21:30,饿了么支付-在线支付,,即时单,2025-10-24 14:21:29,10.13,自动出餐,1,否,"奥尔良烤翅（14.88*1）,榴莲王披萨.-12英寸[{""name"":""规格"",""value"":""12英寸""}]（99.00*1）,餐盒（2.00*1）",奥尔良烤翅+榴莲王披萨,,,,非会员,16,,,依据餐量提供餐具,,113.88,46.67,52.08,0.00,0,0,6.38,0.00,3.90,【活动支出】店铺满减:6.00元+【活动支出】单品特价:1.98元+【活动支出】单品特价:32.10元+【活动支出】饿了么红包:12.00元+【活动支出】替用户承担配送费:3.9元,-,-,-,2.00,温州区域,温州直营,,,否,-,平台配送
圣比萨（双塔店）,SBS00037,温州,"8017240255821003169	",饿了么,平台外卖,已完成,2025-10-24 14:39:43,2025-10-24 14:39:43,2025-10-24 14:39:44,饿了么支付-在线支付,,即时单,2025-10-24 14:39:43,7.05,手动出餐,1,否,"7英寸披萨一人食土豪餐[奥尔良鸡肉披萨7英寸+地道肠1根+盐酥鸡米花小份+小可乐]（66.00*1）,餐盒（2.00*1）",新奥尔良烤鸡肉披萨【7英寸(手拍)】+地道肠【1根】+盐酥鸡米花小份+小可乐,,,,非会员,17,,,依据餐量提供餐具,,66.00,20.53,38.10,0.00,0,0,2.82,0.00,3.90,【活动支出】单品特价:31.10元+【活动支出】饿了么红包:7.00元+【活动支出】替用户承担配送费:3.9元,-,-,-,2.00,温州区域,温州直营,,,否,-,平台配送
圣比萨（双塔店）,SBS00037,温州,"8071686089719376357	",饿了么,平台外卖,已完成,2025-10-24 15:15:46,2025-10-24 15:15:46,2025-10-24 15:15:47,饿了么支付-在线支付,,即时单,2025-10-24 15:15:46,10.13,自动出餐,1,否,"任意爆款意面一人食套餐[黑椒牛肉意面+盐酥鸡米花小份+港式奶茶]（57.00*1）,【新品宠粉】香烤地道肠1根（7.50*1）,点击右上角❤️收藏得小吃[墨鱼丸1个]（2.00*2）,餐盒（4.00*1）",黑椒牛肉意面+盐酥鸡米花小份+港式奶茶+地道肠1根+深海墨鱼丸1个,,,,非会员,18,,,依据餐量提供餐具,,68.50,21.44,40.91,0.00,0,0,3.00,0.00,3.90,【活动支出】店铺满减:1.00元+【活动支出】单品特价:25.10元+【活动支出】单品特价:4.91元+【活动支出】单品特价:1.90元+【活动支出】饿了么红包:8.00元+【活动支出】替用户承担配送费:3.9元,-,-,-,4.00,温州区域,温州直营,,,否,-,平台配送
圣比萨（双塔店）,SBS00037,温州,"8006986089743851949	",饿了么,平台外卖,已完成,2025-10-24 15:16:04,2025-10-24 15:16:04,2025-10-24 15:16:04,饿了么支付-在线支付,,即时单,2025-10-24 15:16:04,10.00,自动出餐,1,否,"碳烤鸡肉培根披萨-7英寸[{""name"":""规格"",""value"":""7英寸""}]（45.99*1）,点击右上角❤️收藏得小吃[上校鸡块1个]（2.00*2）,餐盒（3.00*1）",碳烤鸡肉培根披萨+上校鸡块1个,,,,非会员,19,,,依据餐量提供餐具,,49.99,14.94,28.99,0.00,0,0,2.21,0.00,4.90,【活动支出】单品特价:20.09元+【活动支出】单品特价:1.90元+【活动支出】饿了么红包:7.00元+【活动支出】替用户承担配送费:4.9元,-,-,-,3.00,温州区域,温州直营,,,否,-,平台配送
圣比萨（双塔店）,SBS00037,温州,"8069110255862968700	",饿了么,平台外卖,已完成,2025-10-24 16:35:55,2025-10-24 16:35:55,2025-10-24 16:35:55,饿了么支付-在线支付,,即时单,2025-10-24 16:35:55,10.05,自动出餐,1,否,"芝士焗红薯泥（19.00*1）,榴莲王披萨.-7英寸[{""name"":""规格"",""value"":""7英寸""}]（52.99*1）,深海墨鱼丸-3个[{""name"":""规格"",""value"":""3个""}]（10.60*1）,餐盒（4.00*1）",芝士焗红薯泥+榴莲王披萨+深海墨鱼丸,,,,非会员,20,,,4份餐具,,82.59,34.95,37.89,0.00,0,0,4.80,0.00,3.90,【活动支出】店铺满减:1.00元+【活动支出】单品特价:4.10元+【活动支出】单品特价:19.09元+【活动支出】单品特价:4.70元+【活动支出】饿了么红包:9.00元+【活动支出】替用户承担配送费:3.9元,-,-,-,4.00,温州区域,温州直营,,,否,-,平台配送
圣比萨（双塔店）,SBS00037,温州,"8047000255871173056	",饿了么,平台外卖,已完成,2025-10-24 16:38:15,2025-10-24 16:38:15,2025-10-24 16:38:16,饿了么支付-在线支付,,即时单,2025-10-24 16:38:15,8.50,手动出餐,1,否,"金沙咸蛋黄嫩鸡披萨-7英寸（经典手拍)[{""name"":""规格"",""value"":""7英寸（经典手拍)""}]（52.00*1）,餐盒（1.00*1）",金沙咸蛋黄嫩鸡披萨,,,,非会员,21,,,依据餐量提供餐具,,52.00,17.55,27.10,0.00,0,0,2.40,0.00,3.90,【活动支出】单品特价:20.10元+【活动支出】饿了么红包:7.00元+【活动支出】替用户承担配送费:3.9元,-,-,-,1.00,温州区域,温州直营,,,否,-,平台配送
圣比萨（双塔店）,SBS00037,温州,"8004566089775160813	",饿了么,平台外卖,已完成,2025-10-24 16:49:28,2025-10-24 16:49:28,2025-10-24 16:49:28,饿了么支付-在线支付,,即时单,2025-10-24 16:49:28,10.23,自动出餐,1,否,"榴莲王披萨.-7英寸[{""name"":""规格"",""value"":""7英寸""}]（52.99*1）,缤纷水果披萨-9英寸[{""name"":""规格"",""value"":""9英寸""}]（69.00*1）,翅薯组合（21.88*1）,餐盒（4.00*1）",榴莲王披萨+缤纷水果披萨+翅薯组合,,,,非会员,22,,,依据餐量提供餐具,,143.87,59.99,67.17,0.00,0,0,8.16,0.00,3.90,【活动支出】店铺满减:6.00元+【活动支出】单品特价:19.09元+【活动支出】单品特价:35.10元+【活动支出】单品特价:1.98元+【活动支出】饿了么红包:5.00元+【活动支出】替用户承担配送费:3.9元,-,-,-,4.00,温州区域,温州直营,,,否,-,平台配送
圣比萨（双塔店）,SBS00037,温州,"8075190255766934894	",饿了么,平台外卖,已完成,2025-10-24 16:51:37,2025-10-24 16:51:37,2025-10-24 16:51:37,饿了么支付-在线支付,,即时单,2025-10-24 16:51:37,10.05,自动出餐,1,否,"披萨意面双人套餐[海苔肉松披萨7英寸+黑椒牛肉意面+明星小食桶B+港式奶茶+柠檬茶]（128.00*1）,餐盒（2.00*1）",海苔肉松披萨【7英寸(手拍)】+黑椒牛肉意面+明星小食桶B+港式奶茶+柠檬茶,,,,非会员,23,,,依据餐量提供餐具,,128.00,38.71,77.10,0.00,0,0,5.24,0.00,3.90,【活动支出】店铺满减:6.00元+【活动支出】单品特价:59.10元+【活动支出】饿了么红包:12.00元+【活动支出】替用户承担配送费:3.9元,-,-,-,2.00,温州区域,温州直营,,,否,-,平台配送
圣比萨（双塔店）,SBS00037,温州,"8034676089738478078	",饿了么,平台外卖,已完成,2025-10-24 16:56:32,2025-10-24 16:56:32,2025-10-24 16:56:32,饿了么支付-在线支付,,即时单,2025-10-24 16:56:32,8.50,手动出餐,1,否,"任选披萨7选1+小吃6选1+饮品[圣比招牌披萨7英寸+深海墨鱼丸3个+港式奶茶]（70.00*1）,餐盒（2.00*1）",大圣招牌大满贯披萨【7英寸(手拍)】+深海墨鱼丸3个+港式奶茶,,,,非会员,24,,,2份餐具,,70.00,18.44,45.10,0.00,0,0,2.51,0.00,3.90,【活动支出】单品特价:38.10元+【活动支出】饿了么红包:7.00元+【活动支出】替用户承担配送费:3.9元,-,-,-,2.00,温州区域,温州直营,,,否,-,平台配送
圣比萨（双塔店）,SBS00037,温州,"8066190255867195871	",饿了么,平台外卖,已完成,2025-10-24 16:56:56,2025-10-24 16:56:56,2025-10-24 16:56:57,饿了么支付-在线支付,,即时单,2025-10-24 16:56:56,8.85,手动出餐,1,否,"【随心拼】7英寸披萨(口味自选）[日系照烧+培根鸡肉]（54.00*1）,明星小食桶B（36.00*1）,台式香烤地道肠（7.50*1）,餐盒（5.00*1）",双拼7寸【日系照烧口味7】+双拼7寸【碳烤鸡肉培根口味7】+明星小食桶B+地道肠1根,,,,非会员,25,,,依据餐量提供餐具,,97.50,36.83,51.70,0.00,0,0,5.02,0.00,3.90,【活动支出】店铺满减:6.00元+【活动支出】单品特价:27.10元+【活动支出】单品特价:9.10元+【活动支出】单品特价:2.50元+【活动支出】 商家自营销加码:2.00元+【活动支出】饿了么红包:5.00元+【活动支出】替用户承担配送费:3.9元,-,-,-,5.00,温州区域,温州直营,,,否,-,平台配送
圣比萨（双塔店）,SBS00037,温州,"8000946089742923102	",饿了么,平台外卖,已完成,2025-10-24 17:11:06,2025-10-24 17:11:06,2025-10-24 17:11:06,饿了么支付-在线支付,,即时单,2025-10-24 17:11:06,10.07,自动出餐,1,否,"新奥尔良烤鸡肉披萨-9英寸[{""name"":""规格"",""value"":""9英寸""}]（65.00*2）,餐盒（4.00*1）",新奥尔良烤鸡肉披萨,,,,非会员,26,,,依据餐量提供餐具,,130.00,37.73,82.20,0.00,0,0,5.12,0.00,3.90,【活动支出】店铺满减:6.00元+【活动支出】单品特价:62.20元+【活动支出】粉丝群:2.00元+【活动支出】饿了么红包:12.00元+【活动支出】替用户承担配送费:3.9元,-,-,-,4.00,温州区域,温州直营,,,否,-,平台配送
圣比萨（双塔店）,SBS00037,温州,"8034676089788630310	",饿了么,平台外卖,已完成,2025-10-24 17:16:03,2025-10-24 17:16:03,2025-10-24 17:16:03,饿了么支付-在线支付,,即时单,2025-10-24 17:16:03,6.18,手动出餐,1,否,"任选披萨7选1+小吃6选1+饮品[圣比招牌披萨7英寸+深海墨鱼丸3个+港式奶茶]（70.00*1）,餐盒（2.00*1）",大圣招牌大满贯披萨【7英寸(手拍)】+深海墨鱼丸3个+港式奶茶,,,,非会员,27,,,2份餐具,,70.00,18.44,45.10,0.00,0,0,2.51,0.00,3.90,【活动支出】单品特价:38.10元+【活动支出】饿了么红包:7.00元+【活动支出】替用户承担配送费:3.9元,-,-,-,2.00,温州区域,温州直营,,,否,-,平台配送
圣比萨（双塔店）,SBS00037,温州,"8048736089804638632	",饿了么,平台外卖,已完成,2025-10-24 17:37:48,2025-10-24 17:37:48,2025-10-24 17:37:48,饿了么支付-在线支付,,即时单,2025-10-24 17:37:48,11.18,手动出餐,1,否,"新奥尔良烤鸡肉披萨-7英寸[{""name"":""规格"",""value"":""7英寸""}]（39.00*1）,餐盒（2.00*1）",新奥尔良烤鸡肉披萨,,,,非会员,28,,,依据餐量提供餐具,,39.00,12.78,21.10,0.00,0,0,1.77,0.00,3.90,【活动支出】单品特价:16.10元+【活动支出】饿了么红包:5.00元+【活动支出】替用户承担配送费:3.9元,-,-,-,2.00,温州区域,温州直营,,,否,-,平台配送
圣比萨（双塔店）,SBS00037,温州,"8062090255792912667	",饿了么,平台外卖,已完成,2025-10-24 17:38:45,2025-10-24 17:38:45,2025-10-24 17:38:45,饿了么支付-在线支付,,即时单,2025-10-24 17:38:45,12.07,自动出餐,1,否,"新奥尔良烤鸡肉披萨-7英寸[{""name"":""规格"",""value"":""7英寸""}]（39.00*1）,【新品宠粉】香烤地道肠1根（7.50*1）,点击右上角❤️收藏得小吃[墨鱼丸1个]（2.00*2）,餐盒（4.00*1）",新奥尔良烤鸡肉披萨+地道肠1根+深海墨鱼丸1个,,,,非会员,29,,,依据餐量提供餐具,,50.50,15.77,29.91,0.00,0,0,2.27,0.00,3.90,【活动支出】单品特价:16.10元+【活动支出】单品特价:4.91元+【活动支出】单品特价:1.90元+【活动支出】超级会员专享红包:5.00元+【活动支出】 商家自营销加码:2.00元+【活动支出】替用户承担配送费:3.9元,-,-,-,4.00,温州区域,温州直营,,,否,-,平台配送
圣比萨（双塔店）,SBS00037,温州,"8056946089794724213	",饿了么,平台外卖,已完成,2025-10-24 17:54:26,2025-10-24 17:54:26,2025-10-24 17:54:27,饿了么支付-在线支付,,即时单,2025-10-24 17:54:26,9.22,手动出餐,1,否,"金牌芝士披萨7英寸[7英寸]（42.99*1）,餐盒（2.00*1）",金牌芝士披萨【7英寸(手拍)】,,,,非会员,30,,,依据餐量提供餐具,,42.99,11.88,26.09,0.00,0,0,1.67,0.00,3.90,【活动支出】单品特价:19.09元+【活动支出】 商家自营销加码:2.00元+【活动支出】饿了么红包:5.00元+【活动支出】淘金币:0.00元+【活动支出】替用户承担配送费:3.9元,-,-,-,2.00,温州区域,温州直营,,,否,-,平台配送
圣比萨（双塔店）,SBS00037,温州,"8008200255800587647	",饿了么,平台外卖,已完成,2025-10-24 17:54:37,2025-10-24 17:54:37,2025-10-24 17:54:37,饿了么支付-在线支付,,即时单,2025-10-24 17:54:37,10.15,手动出餐,1,否,"新奥尔良烤鸡肉披萨-9英寸[{""name"":""规格"",""value"":""9英寸""}]（65.00*1）,【随心拼】7英寸披萨(口味自选）[培根鸡肉+奥尔良]（54.00*1）,餐盒（4.00*1）",新奥尔良烤鸡肉披萨+双拼7寸【碳烤鸡肉培根口味7】+双拼7寸【奥尔良口味7】,,,,非会员,31,,,依据餐量提供餐具,,119.00,34.14,73.20,0.00,0,0,4.91,0.00,6.00,【活动支出】店铺满减:6.00元+【活动支出】单品特价:31.10元+【活动支出】单品特价:27.10元+【活动支出】饿了么红包:9.00元+【活动支出】替用户承担配送费:6.0元,-,-,-,4.00,温州区域,温州直营,,,否,-,平台配送
圣比萨（双塔店）,SBS00037,温州,"8056030255807154633	",饿了么,平台外卖,已完成,2025-10-24 18:04:22,2025-10-24 18:04:22,2025-10-24 18:04:22,饿了么支付-在线支付,,即时单,2025-10-24 18:04:22,12.07,自动出餐,1,否,"任选披萨7选1+小吃6选1+饮品[玉米沙拉披萨7英寸+深海墨鱼丸3个+柠檬茶]（70.00*1）,餐盒（2.00*1）",玉米沙拉披萨【7英寸(手拍)】+深海墨鱼丸3个+柠檬茶,,,,非会员,32,,,依据餐量提供餐具,,70.00,17.54,45.10,0.00,0,0,2.51,0.00,4.90,【活动支出】单品特价:38.10元+【活动支出】饿了么红包:7.00元+【活动支出】替用户承担配送费:4.9元,-,-,-,2.00,温州区域,温州直营,,,否,-,平台配送
圣比萨（双塔店）,SBS00037,温州,"8061200255916261879	",饿了么,平台外卖,已完成,2025-10-24 18:08:47,2025-10-24 18:08:47,2025-10-24 18:08:48,饿了么支付-在线支付,,即时单,2025-10-24 18:08:47,12.05,自动出餐,1,否,番茄牛肉意面-单点（22.59*1）,番茄牛肉意面,,,,非会员,33,,,依据餐量提供餐具,,22.59,12.59,0.00,0.00,0,0,0.00,0.00,,【活动支出】拼团反圈活动:0.00元,-,-,-,0.00,温州区域,温州直营,,,否,-,平台配送
圣比萨（双塔店）,SBS00037,温州,"8067010255913834903	",饿了么,平台外卖,已完成,2025-10-24 18:09:27,2025-10-24 18:09:27,2025-10-24 18:09:27,饿了么支付-在线支付,,即时单,2025-10-24 18:09:27,12.18,自动出餐,1,否,"缤纷水果披萨-7英寸[{""name"":""规格"",""value"":""7英寸""}]（45.99*1）,新奥尔良烤鸡肉披萨-9英寸[{""name"":""规格"",""value"":""9英寸""}]（65.00*1）,餐盒（4.00*1）",缤纷水果披萨+新奥尔良烤鸡肉披萨,,,,非会员,34,,,依据餐量提供餐具,,110.99,33.85,68.19,0.00,0,0,4.60,0.00,3.90,【活动支出】店铺满减:6.00元+【活动支出】单品特价:20.09元+【活动支出】单品特价:31.10元+【活动支出】粉丝群:2.00元+【活动支出】饿了么红包:9.00元+【活动支出】替用户承担配送费:3.9元,-,-,-,4.00,温州区域,温州直营,,,否,-,平台配送
圣比萨（双塔店）,SBS00037,温州,"8057310255810240942	",饿了么,平台外卖,已完成,2025-10-24 18:09:59,2025-10-24 18:09:59,2025-10-24 18:09:59,饿了么支付-在线支付,,即时单,2025-10-24 18:09:59,12.15,自动出餐,1,否,"招牌肉酱意面（52.00*1）,榴莲王披萨.-7英寸[{""name"":""规格"",""value"":""7英寸""}]（52.99*1）,餐盒（4.00*1）",招牌肉酱意面+榴莲王披萨,,,,非会员,35,,,1份餐具,,104.99,36.83,58.19,0.00,0,0,5.02,0.00,3.90,【活动支出】店铺满减:6.00元+【活动支出】单品特价:24.10元+【活动支出】单品特价:19.09元+【活动支出】饿了么红包:9.00元+【活动支出】替用户承担配送费:3.9元,-,-,-,4.00,温州区域,温州直营,,,否,-,平台配送
圣比萨（双塔店）,SBS00037,温州,"8079676089781979510	",饿了么,平台外卖,已完成,2025-10-24 18:17:06,2025-10-24 18:17:06,2025-10-24 18:17:06,饿了么支付-在线支付,,即时单,2025-10-24 18:17:06,9.30,手动出餐,1,否,"明星小食桶A（35.00*1）,烤甜玉米（12.00*1）,浪漫威尼斯披萨-9英寸[{""name"":""规格"",""value"":""9英寸""}]（69.00*1）,餐盒（4.00*1）",明星小食桶A+烤甜玉米+浪漫威尼斯披萨,,,,非会员,36,,,依据餐量提供餐具,,116.00,34.95,71.30,0.00,0,0,4.80,0.00,3.90,【活动支出】店铺满减:6.00元+【活动支出】单品特价:21.10元+【活动支出】单品特价:3.10元+【活动支出】单品特价:29.10元+【活动支出】饿了么红包:12.00元+【活动支出】替用户承担配送费:3.9元,-,-,-,4.00,温州区域,温州直营,,,否,-,平台配送
圣比萨（双塔店）,SBS00037,温州,"8023460255837891043	",饿了么,平台外卖,已完成,2025-10-24 18:44:46,2025-10-24 18:44:46,2025-10-24 18:44:47,饿了么支付-在线支付,,即时单,2025-10-24 18:44:46,2.62,手动出餐,1,否,"番茄牛肉意面（52.00*1）,餐盒（2.00*1）",番茄牛肉意面,,,,非会员,37,,,依据餐量提供餐具,用户申请取消单 点错了，我想重新点，,52.00,11.88,35.10,0.00,0,0,1.67,0.00,3.90,【活动支出】单品特价:28.10元+【活动支出】饿了么红包:7.00元+【活动支出】替用户承担配送费:3.9元,-,-,-,2.00,温州区域,温州直营,,,否,-,平台配送
圣比萨（双塔店）,SBS00037,温州,"8023460255837922744	",饿了么,平台外卖,已完成,2025-10-24 18:45:56,2025-10-24 18:45:56,2025-10-24 18:45:56,饿了么支付-在线支付,,即时单,2025-10-24 18:45:56,5.83,手动出餐,1,否,"任意爆款意面一人食套餐[番茄牛肉意面+上校鸡块4个+柠檬茶]（57.00*1）,餐盒（2.00*1）",番茄牛肉意面+上校鸡块+柠檬茶,,,,非会员,38,,,依据餐量提供餐具,,57.00,18.44,32.10,0.00,0,0,2.51,0.00,3.90,【活动支出】单品特价:25.10元+【活动支出】饿了么红包:7.00元+【活动支出】替用户承担配送费:3.9元,-,-,-,2.00,温州区域,温州直营,,,否,-,平台配送
圣比萨（双塔店）,SBS00037,温州,"8027150255951652103	",饿了么,平台外卖,已完成,2025-10-24 19:04:54,2025-10-24 19:04:54,2025-10-24 19:04:55,饿了么支付-在线支付,,即时单,2025-10-24 19:04:54,6.28,手动出餐,1,否,"新奥尔良烤鸡肉披萨-7英寸[{""name"":""规格"",""value"":""7英寸""}]（39.00*1）,餐盒（2.00*1）",新奥尔良烤鸡肉披萨,,,,非会员,39,,,放门口放门口 / 依据餐量提供餐具,,39.00,10.98,22.10,0.00,0,0,1.67,0.00,4.90,【活动支出】单品特价:16.10元+【活动支出】饿了么红包:6.00元+【活动支出】替用户承担配送费:4.9元,-,-,-,2.00,温州区域,温州直营,,,否,-,平台配送
圣比萨（双塔店）,SBS00037,温州,"8064946089816456611	",饿了么,平台外卖,已完成,2025-10-24 19:08:29,2025-10-24 19:08:29,2025-10-24 19:08:29,饿了么支付-在线支付,,即时单,2025-10-24 19:08:29,7.20,手动出餐,1,否,"芒果汁[常温]（10.00*1）,圣比至尊披萨-7英寸[{""name"":""规格"",""value"":""7英寸""}]（45.99*1）,餐盒（3.00*1）",芒果汁+大圣招牌大满贯披萨,,,,非会员,40,,,2份餐具,,55.99,21.71,25.09,0.00,0,0,3.24,0.00,6.00,【活动支出】店铺满减:1.00元+【活动支出】单品特价:4.00元+【活动支出】单品特价:12.09元+【活动支出】 商家自营销加码:0.00元+【活动支出】饿了么红包:8.00元+【活动支出】替用户承担配送费:6.0元,-,-,-,3.00,温州区域,温州直营,,,否,-,平台配送
圣比萨（双塔店）,SBS00037,温州,"8071966089836098984	",饿了么,平台外卖,已完成,2025-10-24 19:35:43,2025-10-24 19:35:43,2025-10-24 19:35:43,饿了么支付-在线支付,,即时单,2025-10-24 19:35:43,6.60,手动出餐,1,否,"新奥尔良烤鸡肉披萨-7英寸[{""name"":""规格"",""value"":""7英寸""}]（39.00*1）,餐盒（2.00*1）",新奥尔良烤鸡肉披萨,,,,非会员,41,,,依据餐量提供餐具,,39.00,7.79,23.10,0.00,0,0,1.56,0.00,7.20,【活动支出】单品特价:16.10元+【活动支出】饿了么红包:7.00元+【活动支出】替用户承担配送费:6.0元,-,-,-,2.00,温州区域,温州直营,,,否,-,平台配送
圣比萨（双塔店）,SBS00037,温州,"8073646089832276373	",饿了么,平台外卖,已完成,2025-10-24 19:42:07,2025-10-24 19:42:07,2025-10-24 19:42:07,饿了么支付-在线支付,,即时单,2025-10-24 19:42:07,6.40,手动出餐,1,否,"金牌芝士披萨7英寸[7英寸]（42.99*1）,餐盒（2.00*1）",金牌芝士披萨【7英寸(手拍)】,,,,非会员,42,,,1份餐具,,42.99,10.98,26.09,0.00,0,0,1.67,0.00,5.40,【活动支出】单品特价:19.09元+【活动支出】饿了么红包:7.00元+【活动支出】替用户承担配送费:5.4元,-,-,-,2.00,温州区域,温州直营,,,否,-,平台配送
圣比萨（双塔店）,SBS00037,温州,"8099180255990693131	",饿了么,平台外卖,已完成,2025-10-24 20:30:53,2025-10-24 20:30:53,2025-10-24 20:30:53,饿了么支付-在线支付,,即时单,2025-10-24 20:30:53,10.10,自动出餐,1,否,"星星炸鸡披萨-7英寸[{""name"":""规格"",""value"":""7英寸""}]（45.99*1）,餐盒（2.00*1）",星星炸鸡披萨,,,,非会员,43,,,依据餐量提供餐具,,45.99,16.65,23.09,0.00,0,0,2.30,0.00,3.90,【活动支出】单品特价:16.09元+【活动支出】饿了么红包:7.00元+【活动支出】替用户承担配送费:3.9元,-,-,-,2.00,温州区域,温州直营,,,否,-,平台配送
圣比萨（双塔店）,SBS00037,温州,"8060120255897013579	",饿了么,平台外卖,已完成,2025-10-24 20:59:38,2025-10-24 20:59:38,2025-10-24 20:59:38,饿了么支付-在线支付,,即时单,2025-10-24 20:59:38,8.20,手动出餐,1,否,"榴莲王披萨.-7英寸[{""name"":""规格"",""value"":""7英寸""}]（52.99*1）,餐盒（2.00*1）",榴莲王披萨,,,,非会员,44,,,无需餐具,用户申请取消单 其他原因，,52.99,21.42,24.09,0.00,0,0,2.93,0.00,4.40,【活动支出】单品特价:19.09元+【活动支出】饿了么红包:5.00元+【活动支出】替用户承担配送费:4.4元,-,-,-,2.00,温州区域,温州直营,,,否,-,平台配送
圣比萨（双塔店）,SBS00037,温州,"8078646089901455854	",饿了么,平台外卖,已完成,2025-10-24 22:05:21,2025-10-24 22:05:21,2025-10-24 22:05:22,饿了么支付-在线支付,,即时单,2025-10-24 22:05:21,8.80,手动出餐,1,否,"金牌芝士披萨7英寸[7英寸]（42.99*1）,餐盒（2.00*1）",金牌芝士披萨【7英寸(手拍)】,,,,非会员,45,,,依据餐量提供餐具,,42.99,11.38,26.09,0.00,0,0,1.67,0.00,6.00,【活动支出】单品特价:19.09元+【活动支出】 商家自营销加码:2.00元+【活动支出】饿了么红包:5.00元+【活动支出】替用户承担配送费:6.0元,-,-,-,2.00,温州区域,温州直营,,,否,-,平台配送
圣比萨（双塔店）,SBS00037,温州,"8003270256123198769	",饿了么,平台外卖,已完成,2025-10-24 22:53:04,2025-10-24 22:53:04,2025-10-24 22:53:04,饿了么支付-在线支付,,即时单,2025-10-24 22:53:04,10.08,自动出餐,1,否,"新奥尔良烤鸡肉披萨-12英寸[{""name"":""规格"",""value"":""12英寸""}]（99.00*1）,点击右上角❤️收藏得小吃[上校鸡块1个]（2.00*2）,【新品宠粉】香烤地道肠1根（7.50*1）,点击右上角❤️收藏得小吃[上校鸡块1个]（2.00*2）,餐盒（4.00*1）",新奥尔良烤鸡肉披萨+上校鸡块1个+地道肠1根+上校鸡块1个,,,,非会员,46,,,不要敲门，当门口发信息 / 2份餐具,,114.50,31.76,72.81,0.00,0,0,4.48,0.00,6.00,【活动支出】店铺满减:6.00元+【活动支出】单品特价:47.10元+【活动支出】单品特价:4.91元+【活动支出】单品特价:1.90元+【活动支出】粉丝群:2.00元+【活动支出】饿了么红包:9.00元+【活动支出】精准营销:1.90元+【活动支出】替用户承担配送费:6.0元,-,-,-,4.00,温州区域,温州直营,,,否,-,平台配送
圣比萨（双塔店）,SBS00037,温州,"8003470256031796679	",饿了么,平台外卖,已完成,2025-10-24 23:15:39,2025-10-24 23:15:39,2025-10-24 23:15:40,饿了么支付-在线支付,,即时单,2025-10-24 23:15:39,10.22,自动出餐,1,否,【买一送一】买披萨送披萨[奥尔良鸡肉披萨7英寸+海苔肉松披萨7英寸]（86.80*1）,新奥尔良烤鸡肉披萨【7英寸(手拍)】+海苔肉松披萨【7英寸(手拍)】,,,,非会员,47,,,依据餐量提供餐具,,86.80,21.82,54.90,0.00,0,0,3.03,0.00,6.00,【活动支出】单品特价:54.90元+【活动支出】替用户承担配送费:6.0元,-,-,-,0.00,温州区域,温州直营,,,否,-,平台配送
圣比萨（双塔店）,SBS00037,温州,"8086200255934926314	",饿了么,平台外卖,已完成,2025-10-24 23:18:04,2025-10-24 23:18:04,2025-10-24 23:18:04,饿了么支付-在线支付,,即时单,2025-10-24 23:18:04,10.02,自动出餐,1,否,"任意爆款意面一人食套餐[番茄牛肉意面+盐酥鸡米花小份+港式奶茶]（57.00*1）,餐盒（2.00*1）",番茄牛肉意面+盐酥鸡米花小份+港式奶茶,,,,非会员,48,,,无需餐具,,57.00,17.94,32.10,0.00,0,0,2.51,0.00,6.00,【活动支出】单品特价:25.10元+【活动支出】 商家自营销加码:2.00元+【活动支出】饿了么红包:5.00元+【活动支出】替用户承担配送费:6.0元,-,-,-,2.00,温州区域,温州直营,,,否,-,平台配送
圣比萨（双塔店）,SBS00037,温州,"8062796089946761662	",饿了么,平台外卖,已完成,2025-10-24 23:43:52,2025-10-24 23:43:52,2025-10-24 23:43:52,饿了么支付-在线支付,,即时单,2025-10-24 23:43:52,10.08,自动出餐,1,否,"7英寸披萨买一送一[奥尔良鸡肉披萨7英寸+碳烤鸡肉培根7英寸]（86.80*1）,餐盒（3.00*1）",新奥尔良烤鸡肉披萨【7英寸(手拍)】+碳烤鸡肉培根披萨【7英寸(手拍)】,,,,非会员,49,,,1份餐具,,86.80,28.67,48.90,0.00,0,0,3.98,0.00,6.00,【活动支出】店铺满减:1.00元+【活动支出】单品特价:39.90元+【活动支出】饿了么红包:8.00元+【活动支出】替用户承担配送费:6.0元,-,-,-,3.00,温州区域,温州直营,,,否,-,平台配送
圣比萨（娄桥店）,SBM00040,温州,"8019010255581999567	",饿了么,平台外卖,已完成,2025-10-23 21:48:28,2025-10-23 21:48:28,2025-10-23 21:48:28,饿了么支付-在线支付,,预约单,2025-10-24 16:25:00,1068.52,手动出餐,1,否,"【任选】买一送一7英寸披萨（39.90*1）,餐盒（2.00*1）",缤纷水果披萨(7英寸(手拍))+缤纷水果披萨(7英寸(手拍)),,,,非会员,1,,,依据餐量提供餐具,,39.90,20.41,13.00,0.00,0,0,1.94,0.00,3.50,【活动支出】店铺满减:1.00元+【活动支出】精准营销:3.00元+【活动支出】饿了么红包:9.00元+【活动支出】替用户承担配送费:3.5元,-,-,-,2.00,温州区域,温州直营,,,否,-,平台配送
圣比萨（娄桥店）,SBM00040,温州,"8026430255494325637	",饿了么,平台外卖,已完成,2025-10-23 22:22:09,2025-10-23 22:22:09,2025-10-23 22:22:09,饿了么支付-在线支付,,预约单,2025-10-24 11:45:00,757.87,自动出餐,1,否,"新奥尔良烤鸡肉披萨-7英寸(手拍)[{""name"":""规格"",""value"":""7英寸(手拍)""}]（21.90*1）,餐盒（2.00*1）",新奥尔良烤鸡肉披萨,,,,非会员,2,,,依据餐量提供餐具,,21.90,10.12,7.00,0.00,0,0,1.43,0.00,4.00,【活动支出】 商家自营销加码:2.00元+【活动支出】CPS商户叠加券:0.00元+【活动支出】饿了么红包:5.00元+【活动支出】替用户承担配送费:4.0元,-,-,-,2.00,温州区域,温州直营,,,否,-,平台配送
圣比萨（娄桥店）,SBM00040,温州,"8022846089515098547	",饿了么,平台外卖,已完成,2025-10-24 00:50:04,2025-10-24 00:50:04,2025-10-24 00:50:05,饿了么支付-在线支付,,即时单,2025-10-24 00:50:04,11.07,自动出餐,1,否,"碳烤鸡肉培根披萨-7英寸(手拍)[{""name"":""规格"",""value"":""7英寸(手拍)""}]（23.90*1）,餐盒（2.00*1）",碳烤鸡肉培根披萨,,,,非会员,3,,,依据餐量提供餐具,,23.90,8.12,10.00,0.00,0,0,1.43,0.00,5.60,【活动支出】首次光顾立减:1.00元+【活动支出】粉丝群:2.00元+【活动支出】饿了么红包:7.00元+【活动支出】替用户承担配送费:5.6元,-,-,-,2.00,温州区域,温州直营,,,否,-,平台配送
圣比萨（娄桥店）,SBM00040,温州,"8009666089509048751	",饿了么,平台外卖,已完成,2025-10-24 00:52:10,2025-10-24 00:52:10,2025-10-24 00:52:10,饿了么支付-在线支付,,即时单,2025-10-24 00:52:10,11.15,自动出餐,1,否,"地道肠（3.90*1）,【随心❤️拼】双拼披萨（口味自选）-7英寸双拼[新奥尔良烤鸡肉7英寸+玉米沙拉7英寸][{""name"":""规格"",""value"":""7英寸双拼""}]（24.90*1）,餐盒（2.50*1）",地道肠1根+【随心❤️拼】双拼披萨,,,,非会员,4,,,依据餐量提供餐具,,28.80,12.62,10.00,0.00,0,0,1.43,0.00,7.10,【活动支出】 商家自营销加码:2.00元+【活动支出】精准营销:3.00元+【活动支出】饿了么红包:5.00元+【活动支出】替用户承担配送费:6.0元,-,-,-,2.50,温州区域,温州直营,,,否,-,平台配送
圣比萨（娄桥店）,SBM00040,温州,"8031130255620963798	",饿了么,平台外卖,已完成,2025-10-24 00:58:29,2025-10-24 00:58:29,2025-10-24 00:58:29,饿了么支付-在线支付,,即时单,2025-10-24 00:58:29,11.03,自动出餐,1,否,"榴莲王披萨-9英寸(手拍)[{""name"":""规格"",""value"":""9英寸(手拍)""}]（39.90*1）,餐盒（2.00*1）",榴莲王披萨,,,,非会员,5,,,1份餐具,,39.90,22.18,10.00,0.00,0,0,2.17,0.00,6.10,【活动支出】店铺满减:1.00元+【活动支出】首次光顾立减:1.00元+【活动支出】饿了么红包:8.00元+【活动支出】替用户承担配送费:6.0元,-,-,-,2.00,温州区域,温州直营,,,否,-,平台配送
圣比萨（娄桥店）,SBM00040,温州,"8000686089560847660	",饿了么,平台外卖,已完成,2025-10-24 09:17:06,2025-10-24 09:17:06,2025-10-24 09:17:07,饿了么支付-在线支付,,预约单,2025-10-24 10:50:00,47.95,自动出餐,1,否,"【随心❤️拼】双拼披萨（口味自选）-9英寸双拼[新奥尔良烤鸡肉9英寸+碳烤鸡肉培根9英寸][{""name"":""规格"",""value"":""9英寸双拼""}]（34.90*1）,餐盒（2.00*1）",【随心❤️拼】双拼披萨,,,,非会员,6,,,依据餐量提供餐具,,34.90,14.41,8.00,0.00,0,0,1.94,0.00,9.90,【活动支出】首次光顾立减:1.00元+【活动支出】饿了么红包:7.00元+【活动支出】替用户承担配送费:6.0元,-,-,-,2.00,温州区域,温州直营,,,否,-,平台配送
圣比萨（娄桥店）,SBM00040,温州,"8064190255566129598	",饿了么,平台外卖,已完成,2025-10-24 10:29:48,2025-10-24 10:29:48,2025-10-24 10:29:49,饿了么支付-在线支付,,即时单,2025-10-24 10:29:48,11.08,自动出餐,1,否,"【随心❤️拼】双拼披萨（口味自选）-7英寸双拼[新奥尔良烤鸡肉7英寸+新奥尔良烤鸡肉7英寸][{""name"":""规格"",""value"":""7英寸双拼""}]（24.90*1）,餐盒（2.00*1）",【随心❤️拼】双拼披萨,,,,非会员,7,,,1份餐具,,24.90,8.92,8.00,0.00,0,0,1.43,0.00,6.80,【活动支出】首次光顾立减:1.00元+【活动支出】饿了么红包:7.00元+【活动支出】替用户承担配送费:6.0元,-,-,-,2.00,温州区域,温州直营,,,否,-,平台配送
圣比萨（娄桥店）,SBM00040,温州,"8030626089576189405	",饿了么,平台外卖,已完成,2025-10-24 10:49:20,2025-10-24 10:49:20,2025-10-24 10:49:21,饿了么支付-在线支付,,预约单,2025-10-24 11:50:00,15.88,自动出餐,1,否,"蛋挞一个（3.90*1）,【随心❤️拼】双拼披萨（口味自选）-9英寸双拼[新奥尔良烤鸡肉9英寸+碳烤鸡肉培根9英寸][{""name"":""规格"",""value"":""9英寸双拼""}]（34.90*1）,明星小食桶B（19.90*1）,蛋挞一个（原味）（3.90*1）,奶酪芝士卷边（9英寸）（6.90*1）,餐盒（4.00*1）",蛋挞1个+【随心❤️拼】双拼披萨+明星小食桶B+蛋挞1个+奶酪芝士卷边9,,,,非会员,8,,,依据餐量提供餐具,,69.50,39.00,21.91,0.00,0,0,3.64,0.00,3.50,【活动支出】店铺满减:6.00元+【活动支出】首次光顾立减:1.00元+【活动支出】单品特价:2.91元+【活动支出】饿了么红包:12.00元+【活动支出】替用户承担配送费:3.5元,-,-,-,4.00,温州区域,温州直营,,,否,-,平台配送
圣比萨（娄桥店）,SBM00040,温州,"8043340255684705549	",饿了么,平台外卖,已完成,2025-10-24 10:50:18,2025-10-24 10:50:18,2025-10-24 10:50:18,饿了么支付-在线支付,,即时单,2025-10-24 10:50:18,11.17,自动出餐,1,否,"奥尔良烤翅（9.90*1）,新奥尔良烤鸡肉披萨-9英寸(手拍)[{""name"":""规格"",""value"":""9英寸(手拍)""}]（31.90*1）,美式香骨鸡（8.90*1）,蛋挞一个（原味）（3.90*1）,上校鸡块（4.90*1）,奶酪芝士卷边（9英寸）（6.90*1）,餐盒（3.50*1）",奥尔良烤翅+新奥尔良烤鸡肉披萨+美式香骨鸡+蛋挞1个+上校鸡块+奶酪芝士卷边9,,,,非会员,9,,,依据餐量提供餐具,,66.40,36.27,21.91,0.00,0,0,3.37,0.00,3.50,【活动支出】店铺满减:6.00元+【活动支出】首次光顾立减:1.00元+【活动支出】单品特价:2.91元+【活动支出】精准营销:3.00元+【活动支出】饿了么红包:9.00元+【活动支出】替用户承担配送费:3.5元,-,-,-,3.50,温州区域,温州直营,,,否,-,平台配送
圣比萨（娄桥店）,SBM00040,温州,"8081080255586830814	",饿了么,平台外卖,已完成,2025-10-24 10:50:40,2025-10-24 10:50:40,2025-10-24 10:50:40,饿了么支付-在线支付,,即时单,2025-10-24 10:50:40,11.17,自动出餐,1,否,"奶酪芝士卷边（7英寸）（4.90*1）,【随心❤️拼】双拼披萨（口味自选）-7英寸双拼[新奥尔良烤鸡肉7英寸+日式照烧鸡7英寸][{""name"":""规格"",""value"":""7英寸双拼""}]（24.90*1）,餐盒（2.00*1）",奶酪芝士卷边7+【随心❤️拼】双拼披萨,,,,非会员,10,,,依据餐量提供餐具,,29.80,12.22,11.00,0.00,0,0,1.43,0.00,5.60,【活动支出】首次光顾立减:1.00元+【活动支出】精准营销:3.00元+【活动支出】饿了么红包:7.00元+【活动支出】替用户承担配送费:5.6元,-,-,-,2.00,温州区域,温州直营,,,否,-,平台配送
圣比萨（娄桥店）,SBM00040,温州,"8077586089565446534	",饿了么,平台外卖,已完成,2025-10-24 10:50:47,2025-10-24 10:50:47,2025-10-24 10:50:48,饿了么支付-在线支付,,即时单,2025-10-24 10:50:47,11.13,自动出餐,1,否,"蛋挞一个（原味）（3.90*1）,咸蛋黄风味流沙卷边（7英寸）（4.90*1）,【随心❤️拼】双拼披萨（口味自选）-7英寸双拼[新奥尔良烤鸡肉7英寸+缤纷水果7英寸][{""name"":""规格"",""value"":""7英寸双拼""}]（24.90*1）,餐盒（2.50*1）",蛋挞1个+咸蛋黄流沙卷边7+【随心❤️拼】双拼披萨,,,,非会员,11,,,依据餐量提供餐具,,33.70,14.59,13.91,0.00,0,0,1.45,0.00,4.50,【活动支出】首次光顾立减:1.00元+【活动支出】单品特价:2.91元+【活动支出】精准营销:3.00元+【活动支出】饿了么红包:7.00元+【活动支出】替用户承担配送费:4.5元,-,-,-,2.50,温州区域,温州直营,,,否,-,平台配送
圣比萨（娄桥店）,SBM00040,温州,"8008876089557333384	",饿了么,平台外卖,已完成,2025-10-24 11:03:06,2025-10-24 11:03:06,2025-10-24 11:03:07,饿了么支付-在线支付,,即时单,2025-10-24 11:03:06,15.00,自动出餐,1,否,"新奥尔良烤鸡肉披萨-7英寸(手拍)[{""name"":""规格"",""value"":""7英寸(手拍)""}]（21.90*1）,餐盒（2.00*1）",新奥尔良烤鸡肉披萨,,,,非会员,12,,,放门卫拍照片不用打电话 / 依据餐量提供餐具,,21.90,9.12,8.00,0.00,0,0,1.43,0.00,4.00,【活动支出】首次光顾立减:1.00元+【活动支出】 商家自营销加码:2.00元+【活动支出】饿了么红包:5.00元+【活动支出】替用户承担配送费:4.0元,-,-,-,2.00,温州区域,温州直营,,,否,-,平台配送
圣比萨（娄桥店）,SBM00040,温州,"8012070255787428203	",饿了么,平台外卖,已完成,2025-10-24 11:03:26,2025-10-24 11:03:26,2025-10-24 11:03:26,饿了么支付-在线支付,,即时单,2025-10-24 11:03:26,15.20,自动出餐,1,否,"日系照烧鸡披萨-7英寸(手拍)[{""name"":""规格"",""value"":""7英寸(手拍)""}]（23.90*1）,餐盒（2.00*1）",日系照烧鸡披萨,,,,非会员,13,,,依据餐量提供餐具,,23.90,6.22,12.00,0.00,0,0,1.43,0.00,4.50,【活动支出】订单集点返红包:5.00元+【活动支出】饿了么红包:7.00元+【活动支出】替用户承担配送费:4.5元,-,-,-,2.00,温州区域,温州直营,,,否,-,平台配送
圣比萨（娄桥店）,SBM00040,温州,"8066230255711235417	",饿了么,平台外卖,已完成,2025-10-24 11:09:20,2025-10-24 11:09:20,2025-10-24 11:09:20,饿了么支付-在线支付,,即时单,2025-10-24 11:09:20,15.15,自动出餐,1,否,"新奥尔良烤鸡肉披萨-7英寸(手拍)[{""name"":""规格"",""value"":""7英寸(手拍)""}]（21.90*1）,餐盒（2.00*1）",新奥尔良烤鸡肉披萨,,,,非会员,14,,,依据餐量提供餐具,,21.90,10.12,7.00,0.00,0,0,1.43,0.00,3.50,【活动支出】饿了么红包:7.00元+【活动支出】替用户承担配送费:3.5元,-,-,-,2.00,温州区域,温州直营,,,否,-,平台配送
圣比萨（娄桥店）,SBM00040,温州,"8044250255797906942	",饿了么,平台外卖,已完成,2025-10-24 11:09:38,2025-10-24 11:09:38,2025-10-24 11:09:38,饿了么支付-在线支付,,即时单,2025-10-24 11:09:38,15.13,自动出餐,1,否,"炙热牛魔王披萨-7英寸(手拍)[{""name"":""规格"",""value"":""7英寸(手拍)""}]（25.90*1）,奶酪芝士卷边（7英寸）（4.90*1）,餐盒（2.00*1）",炙热牛魔王披萨+奶酪芝士卷边7,,,,非会员,15,,,依据餐量提供餐具,,30.80,15.02,11.00,0.00,0,0,1.43,0.00,4.00,【活动支出】首次光顾立减:1.00元+【活动支出】 商家自营销加码:2.00元+【活动支出】精准营销:3.00元+【活动支出】饿了么红包:5.00元+【活动支出】替用户承担配送费:4.0元,-,-,-,2.00,温州区域,温州直营,,,否,-,平台配送
圣比萨（娄桥店）,SBM00040,温州,"8079806089617437029	",饿了么,平台外卖,已完成,2025-10-24 11:14:21,2025-10-24 11:14:21,2025-10-24 11:14:22,饿了么支付-在线支付,,即时单,2025-10-24 11:14:21,15.17,自动出餐,1,否,"新奥尔良烤鸡肉披萨-7英寸(手拍)[{""name"":""规格"",""value"":""7英寸(手拍)""}]（21.90*1）,蛋挞一个（原味）（3.90*1）,餐盒（2.50*1）",新奥尔良烤鸡肉披萨+蛋挞1个,,,,非会员,16,,,依据餐量提供餐具,,25.80,10.61,10.91,0.00,0,0,1.43,0.00,3.50,【活动支出】首次光顾立减:1.00元+【活动支出】单品特价:2.91元+【活动支出】 商家自营销加码:2.00元+【活动支出】CPS商户叠加券:0.00元+【活动支出】饿了么红包:5.00元+【活动支出】替用户承担配送费:3.5元,-,-,-,2.50,温州区域,温州直营,,,否,-,平台配送
圣比萨（娄桥店）,SBM00040,温州,"8067706089596838303	",饿了么,平台外卖,已完成,2025-10-24 11:18:17,2025-10-24 11:18:17,2025-10-24 11:18:17,饿了么支付-在线支付,,即时单,2025-10-24 11:18:17,15.20,自动出餐,1,否,"新奥尔良烤鸡肉披萨-7英寸(手拍)[{""name"":""规格"",""value"":""7英寸(手拍)""}]（21.90*1）,酸奶多多流心卷边（7英寸）（4.90*1）,餐盒（2.00*1）",新奥尔良烤鸡肉披萨+酸奶多多流心卷边7,,,,非会员,17,,,依据餐量提供餐具,,26.80,10.82,8.00,0.00,0,0,1.43,0.00,7.40,【活动支出】首次光顾立减:1.00元+【活动支出】 商家自营销加码:2.00元+【活动支出】饿了么红包:5.00元+【活动支出】替用户承担配送费:6.0元,-,-,-,2.00,温州区域,温州直营,,,否,-,平台配送
圣比萨（娄桥店）,SBM00040,温州,"8048726089577293245	",饿了么,平台外卖,已完成,2025-10-24 11:20:33,2025-10-24 11:20:33,2025-10-24 11:20:33,饿了么支付-在线支付,,即时单,2025-10-24 11:20:33,15.23,自动出餐,1,否,"【随心❤️拼】双拼披萨（口味自选）-7英寸双拼[日式照烧鸡7英寸+缤纷水果7英寸][{""name"":""规格"",""value"":""7英寸双拼""}]（24.90*1）,餐盒（2.00*1）",【随心❤️拼】双拼披萨,,,,非会员,18,,,依据餐量提供餐具,,24.90,10.22,9.00,0.00,0,0,1.43,0.00,4.50,【活动支出】粉丝群:2.00元+【活动支出】饿了么红包:7.00元+【活动支出】替用户承担配送费:4.5元,-,-,-,2.00,温州区域,温州直营,,,否,-,平台配送
圣比萨（娄桥店）,SBM00040,温州,"8068150255720192308	",饿了么,平台外卖,已完成,2025-10-24 11:21:18,2025-10-24 11:21:18,2025-10-24 11:21:18,饿了么支付-在线支付,,即时单,2025-10-24 11:21:18,15.08,自动出餐,1,否,"深海墨鱼丸-6个[{""name"":""规格"",""value"":""6个""}]（9.90*2）,蛋挞一个（原味）（3.90*1）,【随心❤️拼】双拼披萨（口味自选）-7英寸双拼[缤纷水果7英寸+花果山7英寸][{""name"":""规格"",""value"":""7英寸双拼""}]（24.90*1）,餐盒（3.50*1）",深海墨鱼丸+蛋挞1个+【随心❤️拼】双拼披萨,,,,非会员,19,,,依据餐量提供餐具,,48.60,25.63,16.91,0.00,0,0,2.41,0.00,3.50,【活动支出】店铺满减:1.00元+【活动支出】首次光顾立减:1.00元+【活动支出】单品特价:2.91元+【活动支出】精准营销红包:3.00元+【活动支出】饿了么红包:9.00元+【活动支出】替用户承担配送费:3.5元,-,-,-,3.50,温州区域,温州直营,,,否,-,平台配送
圣比萨（娄桥店）,SBM00040,温州,"8037370255647807921	",饿了么,平台外卖,已完成,2025-10-24 11:58:31,2025-10-24 11:58:31,2025-10-24 11:58:31,饿了么支付-在线支付,,即时单,2025-10-24 11:58:31,15.12,自动出餐,1,否,"金沙咸蛋黄嫩鸡披萨-7英寸(手拍)[{""name"":""规格"",""value"":""7英寸(手拍)""}]（25.90*1）,蛋挞一个（原味）（3.90*1）,餐盒（2.50*1）",金沙咸蛋黄嫩鸡披萨+蛋挞1个,,,,非会员,20,,,1份餐具,,29.80,12.81,10.91,0.00,0,0,1.43,0.00,5.60,【活动支出】首次光顾立减:1.00元+【活动支出】单品特价:2.91元+【活动支出】饿了么红包:7.00元+【活动支出】替用户承担配送费:5.6元,-,-,-,2.50,温州区域,温州直营,,,否,-,平台配送
圣比萨（娄桥店）,SBM00040,温州,"8000120255864079789	",饿了么,平台外卖,已完成,2025-10-24 12:26:45,2025-10-24 12:26:45,2025-10-24 12:26:46,饿了么支付-在线支付,,即时单,2025-10-24 12:26:45,15.10,自动出餐,1,否,"奶酪芝士卷边（7英寸）（4.90*1）,【随心❤️拼】双拼披萨（口味自选）-7英寸双拼[新奥尔良烤鸡肉7英寸+碳烤鸡肉培根7英寸][{""name"":""规格"",""value"":""7英寸双拼""}]（24.90*1）,餐盒（2.00*1）",奶酪芝士卷边7+【随心❤️拼】双拼披萨,,,,非会员,21,,,依据餐量提供餐具,,29.80,13.12,11.00,0.00,0,0,1.43,0.00,5.00,【活动支出】首次光顾立减:1.00元+【活动支出】精准营销:3.00元+【活动支出】饿了么红包:7.00元+【活动支出】替用户承担配送费:5.0元,-,-,-,2.00,温州区域,温州直营,,,否,-,平台配送
圣比萨（娄桥店）,SBM00040,温州,"8096616089664676317	",饿了么,平台外卖,已完成,2025-10-24 12:27:35,2025-10-24 12:27:35,2025-10-24 12:27:36,饿了么支付-在线支付,,即时单,2025-10-24 12:27:35,15.22,自动出餐,1,否,"【任选】买一送一7英寸披萨（39.90*1）,餐盒（2.00*1）",缤纷水果披萨(7英寸(手拍))+花果山披萨(7英寸(手拍)),,,,非会员,22,,,依据餐量提供餐具,,39.90,20.08,14.00,0.00,0,0,1.87,0.00,4.00,【活动支出】店铺满减:1.00元+【活动支出】订单集点返红包:5.00元+【活动支出】饿了么红包:8.00元+【活动支出】替用户承担配送费:4.0元,-,-,-,2.00,温州区域,温州直营,,,否,-,平台配送
圣比萨（娄桥店）,SBM00040,温州,"8024290255667243420	",饿了么,平台外卖,已完成,2025-10-24 12:29:40,2025-10-24 12:29:40,2025-10-24 12:29:41,饿了么支付-在线支付,,即时单,2025-10-24 12:29:40,15.13,自动出餐,1,否,"【任选5件套】披萨意面我全都要（59.90*1）,餐盒（2.00*1）",明星小食桶A+小可乐+小可乐+玉米沙拉披萨(7英寸(手拍))+番茄培根意面,,,,非会员,23,,,依据餐量提供餐具,,59.90,35.26,15.00,0.00,0,0,3.29,0.00,3.50,【活动支出】店铺满减:6.00元+【活动支出】饿了么红包:9.00元+【活动支出】替用户承担配送费:3.5元,-,-,-,2.00,温州区域,温州直营,,,否,-,平台配送
圣比萨（娄桥店）,SBM00040,温州,"8085360255786007031	",饿了么,平台外卖,已完成,2025-10-24 12:35:06,2025-10-24 12:35:06,2025-10-24 12:35:06,饿了么支付-在线支付,,即时单,2025-10-24 12:35:06,15.02,自动出餐,1,否,"奶酪芝士卷边（7英寸）（4.90*1）,【随心❤️拼】双拼披萨（口味自选）-7英寸双拼[玉米沙拉7英寸+碳烤鸡肉培根7英寸][{""name"":""规格"",""value"":""7英寸双拼""}]（24.90*1）,餐盒（2.00*1）",奶酪芝士卷边7+【随心❤️拼】双拼披萨,,,,非会员,24,,,依据餐量提供餐具,,29.80,12.22,11.00,0.00,0,0,1.43,0.00,6.20,【活动支出】首次光顾立减:1.00元+【活动支出】精准营销:3.00元+【活动支出】饿了么红包:7.00元+【活动支出】替用户承担配送费:6.0元,-,-,-,2.00,温州区域,温州直营,,,否,-,平台配送
圣比萨（娄桥店）,SBM00040,温州,"8067240255875249469	",饿了么,平台外卖,已完成,2025-10-24 12:46:14,2025-10-24 12:46:14,2025-10-24 12:46:15,饿了么支付-在线支付,,即时单,2025-10-24 12:46:14,15.08,自动出餐,1,否,"蛋挞一个（原味）（3.90*1）,【任选】披萨随心配（29.90*1）,餐盒（2.50*1）",蛋挞1个+不加一+上校鸡块+小可乐+不加一+缤纷水果披萨(7英寸(手拍)),,,,非会员,25,,,依据餐量提供餐具,,33.80,15.59,13.91,0.00,0,0,1.45,0.00,3.50,【活动支出】首次光顾立减:1.00元+【活动支出】单品特价:2.91元+【活动支出】精准营销:3.00元+【活动支出】饿了么红包:7.00元+【活动支出】替用户承担配送费:3.5元,-,-,-,2.50,温州区域,温州直营,,,否,-,平台配送
圣比萨（娄桥店）,SBM00040,温州,"8064766089666282945	",饿了么,平台外卖,已完成,2025-10-24 12:52:21,2025-10-24 12:52:21,2025-10-24 12:52:21,饿了么支付-在线支付,,即时单,2025-10-24 12:52:21,15.03,自动出餐,1,否,"芝士焗红薯泥（10.90*1）,【任选】披萨随心配（40.70*1）,加一份芝士-7英寸[{""name"":""规格"",""value"":""7英寸""}]（6.90*1）,餐盒（2.50*1）",芝士焗红薯泥+不加一+地道肠1根+小可乐+不加一+榴莲王披萨(7英寸(手拍))+芝士加倍,,,,非会员,26,,,2份餐具,,58.50,26.10,16.00,0.00,0,0,3.15,0.00,11.10,【活动支出】店铺满减:6.00元+【活动支出】首次光顾立减:1.00元+【活动支出】饿了么红包:9.00元+【活动支出】替用户承担配送费:6.0元,-,-,-,2.50,温州区域,温州直营,,,否,-,平台配送
圣比萨（娄桥店）,SBM00040,温州,"8043696089673419061	",饿了么,平台外卖,已完成,2025-10-24 13:00:59,2025-10-24 13:00:59,2025-10-24 13:00:59,饿了么支付-在线支付,,即时单,2025-10-24 13:00:59,15.02,自动出餐,1,否,"缤纷水果披萨-12英寸(手拍)[{""name"":""规格"",""value"":""12英寸(手拍)""}]（49.90*1）,餐盒（2.00*1）",缤纷水果披萨,,,,非会员,27,,,依据餐量提供餐具,,49.90,31.23,10.00,0.00,0,0,2.92,0.00,4.00,【活动支出】店铺满减:1.00元+【活动支出】饿了么红包:9.00元+【活动支出】替用户承担配送费:4.0元,-,-,-,2.00,温州区域,温州直营,,,否,-,平台配送
圣比萨（娄桥店）,SBM00040,温州,"8050686089648527809	",饿了么,平台外卖,已完成,2025-10-24 13:09:07,2025-10-24 13:09:07,2025-10-24 13:09:07,饿了么支付-在线支付,,即时单,2025-10-24 13:09:07,15.15,自动出餐,1,否,手握三选一-单点[奥尔良]（17.40*1）,奥尔良风情烤鸡肉一人食盒子披萨,,,,非会员,28,,,依据餐量提供餐具,,17.40,10.00,0.00,0.00,0,0,0.00,0.00,,【活动支出】拼团反圈活动:0.00元,-,-,-,0.00,温州区域,温州直营,,,否,-,平台配送
圣比萨（娄桥店）,SBM00040,温州,"8072796089682402589	",饿了么,平台外卖,已完成,2025-10-24 13:14:39,2025-10-24 13:14:39,2025-10-24 13:14:39,饿了么支付-在线支付,,即时单,2025-10-24 13:14:39,15.20,自动出餐,1,否,"招牌肉酱意面（23.90*1）,【任选】披萨随心配（29.90*1）,餐盒（4.00*1）",招牌肉酱意面+不加一+蛋挞1个+小可乐+不加一+花果山披萨(7英寸(手拍)),,,,非会员,29,,,依据餐量提供餐具,,53.80,31.16,15.00,0.00,0,0,2.99,0.00,5.00,【活动支出】店铺满减:1.00元+【活动支出】订单集点返红包:5.00元+【活动支出】饿了么红包:9.00元+【活动支出】替用户承担配送费:5.0元,-,-,-,4.00,温州区域,温州直营,,,否,-,平台配送
圣比萨（娄桥店）,SBM00040,温州,"8060646089665892787	",饿了么,平台外卖,已完成,2025-10-24 13:30:12,2025-10-24 13:30:12,2025-10-24 13:30:12,饿了么支付-在线支付,,即时单,2025-10-24 13:30:12,11.15,自动出餐,1,否,"新奥尔良烤鸡肉披萨-7英寸(手拍)[{""name"":""规格"",""value"":""7英寸(手拍)""}]（21.90*1）,餐盒（2.00*1）",新奥尔良烤鸡肉披萨,,,,非会员,30,,,依据餐量提供餐具,,21.90,10.12,7.00,0.00,0,0,1.43,0.00,3.50,【活动支出】饿了么红包:7.00元+【活动支出】替用户承担配送费:3.5元,-,-,-,2.00,温州区域,温州直营,,,否,-,平台配送
圣比萨（娄桥店）,SBM00040,温州,"8047676089711837595	",饿了么,平台外卖,已完成,2025-10-24 14:58:11,2025-10-24 14:58:11,2025-10-24 14:58:12,饿了么支付-在线支付,,即时单,2025-10-24 14:58:11,11.10,自动出餐,1,否,"奶酪芝士卷边（7英寸）（4.90*1）,榴莲王披萨-7英寸(手拍)[{""name"":""规格"",""value"":""7英寸(手拍)""}]（29.90*1）,餐盒（2.00*1）",奶酪芝士卷边7+榴莲王披萨,,,,非会员,31,,,依据餐量提供餐具,,34.80,20.31,8.00,0.00,0,0,1.94,0.00,3.50,【活动支出】 商家自营销加码:1.00元+【活动支出】饿了么红包:7.00元+【活动支出】替用户承担配送费:3.5元,-,-,-,2.00,温州区域,温州直营,,,否,-,平台配送
圣比萨（娄桥店）,SBM00040,温州,"8065140255733117366	",饿了么,平台外卖,已完成,2025-10-24 15:15:39,2025-10-24 15:15:39,2025-10-24 15:15:40,饿了么支付-在线支付,,预约单,2025-10-24 16:15:00,14.48,自动出餐,1,否,"蛋挞一个（3.90*1）,上校鸡块（4.90*2）,【任选】买一送一7英寸披萨（49.70*1）,餐盒（3.50*1）",蛋挞1个+上校鸡块+新奥尔良烤鸡肉披萨(7英寸(手拍))+缤纷水果披萨(7英寸(手拍)),,,,非会员,32,,,依据餐量提供餐具,,63.40,35.28,19.00,0.00,0,0,3.37,0.00,5.00,【活动支出】店铺满减:6.00元+【活动支出】首次光顾立减:1.00元+【活动支出】精准营销:3.00元+【活动支出】饿了么红包:9.00元+【活动支出】替用户承担配送费:5.0元,-,-,-,3.50,温州区域,温州直营,,,否,-,平台配送
圣比萨（娄桥店）,SBM00040,温州,"8074896089723867546	",饿了么,平台外卖,已完成,2025-10-24 15:45:00,2025-10-24 15:45:00,2025-10-24 15:45:00,饿了么支付-在线支付,,即时单,2025-10-24 15:45:00,11.15,自动出餐,1,否,"【任选】披萨随心配（29.90*1）,餐盒（2.00*1）",不加一+深海墨鱼丸(3个)+小可乐+不加一+新奥尔良烤鸡肉披萨(7英寸(手拍)),,,,非会员,33,,,2份餐具,,29.90,14.58,8.00,0.00,0,0,1.57,0.00,5.00,【活动支出】首次光顾立减:1.00元+【活动支出】饿了么红包:7.00元+【活动支出】替用户承担配送费:5.0元,-,-,-,2.00,温州区域,温州直营,,,否,-,平台配送
圣比萨（娄桥店）,SBM00040,温州,"8035786089709910405	",饿了么,平台外卖,已完成,2025-10-24 15:48:08,2025-10-24 15:48:08,2025-10-24 15:48:08,饿了么支付-在线支付,,预约单,2025-10-24 16:40:00,6.98,自动出餐,1,否,"【任选4件套】双人套餐（61.70*1）,餐盒（2.00*1）",明星小食桶B+缤纷水果披萨(9英寸(手拍))+小可乐+小可乐,,,,非会员,34,,,依据餐量提供餐具,,61.70,35.10,16.00,0.00,0,0,3.35,0.00,4.50,【活动支出】店铺满减:6.00元+【活动支出】首次光顾立减:1.00元+【活动支出】饿了么红包:9.00元+【活动支出】替用户承担配送费:4.5元,-,-,-,2.00,温州区域,温州直营,,,否,-,平台配送
圣比萨（娄桥店）,SBM00040,温州,"8087180255844833583	",饿了么,平台外卖,已完成,2025-10-24 15:58:50,2025-10-24 15:58:50,2025-10-24 15:58:50,饿了么支付-在线支付,,即时单,2025-10-24 15:58:50,6.80,手动出餐,1,否,"新奥尔良烤鸡肉披萨-7英寸(手拍)[{""name"":""规格"",""value"":""7英寸(手拍)""}]（21.90*1）,餐盒（2.00*1）",新奥尔良烤鸡肉披萨,,,,非会员,35,,,依据餐量提供餐具,,21.90,7.12,10.00,0.00,0,0,1.43,0.00,3.50,【活动支出】首次光顾立减:1.00元+【活动支出】 商家自营销加码:2.00元+【活动支出】粉丝群:2.00元+【活动支出】饿了么红包:5.00元+【活动支出】替用户承担配送费:3.5元,-,-,-,2.00,温州区域,温州直营,,,否,-,平台配送
圣比萨（娄桥店）,SBM00040,温州,"8033526089763419598	",饿了么,平台外卖,已完成,2025-10-24 16:22:18,2025-10-24 16:22:18,2025-10-24 16:22:18,饿了么支付-在线支付,,即时单,2025-10-24 16:22:18,9.43,手动出餐,1,否,手握三选一+二选一+可乐-单点[奥尔良+上校鸡块 2 块+可乐]（21.40*1）,小可乐+奥尔良风情烤鸡肉一人食盒子披萨+上校鸡块2个,,,,非会员,36,,,依据餐量提供餐具,,21.40,14.00,0.00,0.00,0,0,0.00,0.00,,【活动支出】拼团反圈活动:0.00元,-,-,-,0.00,温州区域,温州直营,,,否,-,平台配送
圣比萨（娄桥店）,SBM00040,温州,"8015370255850147072	",饿了么,平台外卖,已完成,2025-10-24 16:22:25,2025-10-24 16:22:25,2025-10-24 16:22:25,饿了么支付-在线支付,,即时单,2025-10-24 16:22:25,9.33,手动出餐,1,否,手握三选一-单点[奥尔良]（17.40*1）,奥尔良风情烤鸡肉一人食盒子披萨,,,,非会员,37,,,依据餐量提供餐具,,17.40,10.00,0.00,0.00,0,0,0.00,0.00,,【活动支出】拼团反圈活动:0.00元,-,-,-,0.00,温州区域,温州直营,,,否,-,平台配送
圣比萨（娄桥店）,SBM00040,温州,"8081170255762614747	",饿了么,平台外卖,已完成,2025-10-24 16:41:50,2025-10-24 16:41:50,2025-10-24 16:41:50,饿了么支付-在线支付,,即时单,2025-10-24 16:41:50,11.22,自动出餐,1,否,"经典薯条（8.90*1）,奥尔良烤翅（9.90*1）,上校鸡块（4.90*1）,新奥尔良烤鸡肉披萨-12英寸(手拍)[{""name"":""规格"",""value"":""12英寸(手拍)""}]（46.90*1）,餐盒（3.50*1）",经典薯条+奥尔良烤翅+上校鸡块+新奥尔良烤鸡肉披萨,,,,非会员,38,,,依据餐量提供餐具,,70.60,40.77,18.00,0.00,0,0,3.98,0.00,6.20,【活动支出】店铺满减:6.00元+【活动支出】饿了么红包:12.00元+【活动支出】替用户承担配送费:6.0元,-,-,-,3.50,温州区域,温州直营,,,否,-,平台配送
圣比萨（娄桥店）,SBM00040,温州,"8096736089767607637	",饿了么,平台外卖,已完成,2025-10-24 16:42:14,2025-10-24 16:42:14,2025-10-24 16:42:14,饿了么支付-在线支付,,即时单,2025-10-24 16:42:14,11.23,自动出餐,1,否,手握三选一-单点[缤纷水果]（17.40*1）,热带雨林水果一人食盒子披萨,,,,非会员,39,,,依据餐量提供餐具,,17.40,10.00,0.00,0.00,0,0,0.00,0.00,,【活动支出】拼团反圈活动:0.00元,-,-,-,0.00,温州区域,温州直营,,,否,-,平台配送
圣比萨（娄桥店）,SBM00040,温州,"8044996089745457463	",饿了么,平台外卖,已完成,2025-10-24 16:45:53,2025-10-24 16:45:53,2025-10-24 16:45:53,饿了么支付-在线支付,,即时单,2025-10-24 16:45:53,11.07,自动出餐,1,否,"经典薯条（8.90*1）,奶酪芝士卷边（7英寸）（4.90*1）,榴莲王披萨-7英寸(手拍)[{""name"":""规格"",""value"":""7英寸(手拍)""}]（29.90*1）,餐盒（2.50*1）",经典薯条+奶酪芝士卷边7+榴莲王披萨,,,,非会员,40,,,依据餐量提供餐具,,43.70,23.46,14.00,0.00,0,0,2.19,0.00,3.50,【活动支出】店铺满减:1.00元+【活动支出】首次光顾立减:1.00元+【活动支出】精准营销红包:4.00元+【活动支出】饿了么红包:8.00元+【活动支出】替用户承担配送费:3.5元,-,-,-,2.50,温州区域,温州直营,,,否,-,平台配送
圣比萨（娄桥店）,SBM00040,温州,"8078936089775885783	",饿了么,平台外卖,已完成,2025-10-24 16:47:08,2025-10-24 16:47:08,2025-10-24 16:47:08,饿了么支付-在线支付,,即时单,2025-10-24 16:47:08,11.12,自动出餐,1,否,"【任选】披萨随心配（29.90*1）,餐盒（2.00*1）",不加一+地道肠1根+小可乐+不加一+碳烤鸡肉培根披萨(7英寸(手拍)),,,,非会员,41,,,依据餐量提供餐具,,29.90,15.12,10.00,0.00,0,0,1.43,0.00,4.00,【活动支出】精准营销:3.00元+【活动支出】饿了么红包:7.00元+【活动支出】替用户承担配送费:4.0元,-,-,-,2.00,温州区域,温州直营,,,否,-,平台配送
圣比萨（娄桥店）,SBM00040,温州,"8062896089753978262	",饿了么,平台外卖,已完成,2025-10-24 16:47:12,2025-10-24 16:47:12,2025-10-24 16:47:13,饿了么支付-在线支付,,即时单,2025-10-24 16:47:12,11.12,自动出餐,1,否,"新奥尔良烤鸡肉披萨-7英寸(手拍)[{""name"":""规格"",""value"":""7英寸(手拍)""}]（21.90*1）,餐盒（2.00*1）",新奥尔良烤鸡肉披萨,,,,非会员,42,,,1份餐具,,21.90,8.22,8.00,0.00,0,0,1.43,0.00,5.00,【活动支出】首次光顾立减:1.00元+【活动支出】 商家自营销加码:2.00元+【活动支出】饿了么红包:5.00元+【活动支出】替用户承担配送费:5.0元,-,-,-,2.00,温州区域,温州直营,,,否,-,平台配送
圣比萨（娄桥店）,SBM00040,温州,"8075806089769939444	",饿了么,平台外卖,已完成,2025-10-24 16:50:19,2025-10-24 16:50:19,2025-10-24 16:50:19,饿了么支付-在线支付,,即时单,2025-10-24 16:50:19,11.00,自动出餐,1,否,"【任选】披萨随心配（34.80*1）,餐盒（2.00*1）",盐酥鸡米花小份+上校鸡块+小可乐+不加一+碳烤鸡肉培根披萨(7英寸(手拍)),,,,非会员,43,,,依据餐量提供餐具；手机尾号：2677；接力送,,34.80,16.79,9.00,0.00,0,0,1.86,0.00,7.40,【活动支出】下单返红包:2.00元+【活动支出】饿了么红包:7.00元+【活动支出】替用户承担配送费:6.0元,-,-,-,2.00,温州区域,温州直营,,,否,-,平台配送
圣比萨（娄桥店）,SBM00040,温州,"8028696089751185770	",饿了么,平台外卖,已完成,2025-10-24 16:53:49,2025-10-24 16:53:49,2025-10-24 16:53:50,饿了么支付-在线支付,,即时单,2025-10-24 16:53:49,11.05,自动出餐,1,否,"可口可乐[常温]（6.00*1）,明星小食桶B（19.90*1）,酸奶多多流心卷边（7英寸）（4.90*1）,蛋挞一个（原味）（3.90*2）,【随心❤️拼】双拼披萨（口味自选）-7英寸双拼[新奥尔良烤鸡肉7英寸+缤纷水果7英寸][{""name"":""规格"",""value"":""7英寸双拼""}]（24.90*1）,餐盒（4.00*1）",小可乐+明星小食桶B+酸奶多多流心卷边7+蛋挞1个+【随心❤️拼】双拼披萨,,,,非会员,44,,,依据餐量提供餐具,,63.50,43.95,9.91,0.00,0,0,4.09,0.00,3.50,【活动支出】店铺满减:6.00元+【活动支出】首次光顾立减:1.00元+【活动支出】单品特价:2.91元+【活动支出】替用户承担配送费:3.5元,-,-,-,4.00,温州区域,温州直营,,,否,-,平台配送
圣比萨（娄桥店）,SBM00040,温州,"8023470255864002964	",饿了么,平台外卖,已完成,2025-10-24 16:55:16,2025-10-24 16:55:16,2025-10-24 16:55:16,饿了么支付-在线支付,,即时单,2025-10-24 16:55:16,11.20,自动出餐,1,否,"咸蛋黄风味流沙卷边（7英寸）（4.90*1）,【随心❤️拼】双拼披萨（口味自选）-7英寸双拼[新奥尔良烤鸡肉7英寸+碳烤鸡肉培根7英寸][{""name"":""规格"",""value"":""7英寸双拼""}]（24.90*1）,餐盒（2.00*1）",咸蛋黄流沙卷边7+【随心❤️拼】双拼披萨,,,,非会员,45,,,2份餐具,,29.80,8.84,8.00,0.00,0,0,1.56,0.00,12.30,【活动支出】首次光顾立减:1.00元+【活动支出】 商家自营销加码:2.00元+【活动支出】饿了么红包:0.00元+【活动支出】饿了么红包:5.00元+【活动支出】替用户承担配送费:6.0元,-,-,-,2.00,温州区域,温州直营,,,否,-,平台配送
圣比萨（娄桥店）,SBM00040,温州,"8066420255962729844	",饿了么,平台外卖,已完成,2025-10-24 16:55:55,2025-10-24 16:55:55,2025-10-24 16:55:55,饿了么支付-在线支付,,即时单,2025-10-24 16:55:55,11.08,自动出餐,1,否,"【任选】披萨随心配（29.90*1）,餐盒（2.00*1）",不加一+地道肠1根+小可乐+不加一+缤纷水果披萨(7英寸(手拍)),,,,非会员,46,,,依据餐量提供餐具,,29.90,16.38,8.00,0.00,0,0,1.57,0.00,3.50,【活动支出】首次光顾立减:1.00元+【活动支出】饿了么红包:7.00元+【活动支出】替用户承担配送费:3.5元,-,-,-,2.00,温州区域,温州直营,,,否,-,平台配送
圣比萨（娄桥店）,SBM00040,温州,"8075666089741080964	",饿了么,平台外卖,已完成,2025-10-24 17:05:13,2025-10-24 17:05:13,2025-10-24 17:05:14,饿了么支付-在线支付,,即时单,2025-10-24 17:05:13,11.18,自动出餐,1,否,"【任选】披萨随心配（40.70*1）,餐盒（2.00*1）",不加一+小薯条+小可乐+不加一+榴莲王披萨(7英寸(手拍)),,,,非会员,47,,,依据餐量提供餐具,,40.70,21.15,13.00,0.00,0,0,2.00,0.00,3.50,【活动支出】店铺满减:1.00元+【活动支出】精准营销:3.00元+【活动支出】饿了么红包:9.00元+【活动支出】替用户承担配送费:3.5元,-,-,-,2.00,温州区域,温州直营,,,否,-,平台配送
圣比萨（娄桥店）,SBM00040,温州,"8006806089778470292	",饿了么,平台外卖,已完成,2025-10-24 17:05:55,2025-10-24 17:05:55,2025-10-24 17:05:56,饿了么支付-在线支付,,即时单,2025-10-24 17:05:55,11.00,自动出餐,1,否,"【任选】买一送一7英寸披萨（49.70*1）,餐盒（2.00*1）",新奥尔良烤鸡肉披萨(7英寸(手拍))+玉米沙拉披萨(7英寸(手拍)),,,,非会员,48,,,依据餐量提供餐具,,49.70,27.02,15.00,0.00,0,0,2.53,0.00,4.00,【活动支出】店铺满减:1.00元+【活动支出】首次光顾立减:1.00元+【活动支出】精准营销红包:4.00元+【活动支出】饿了么红包:9.00元+【活动支出】替用户承担配送费:4.0元,-,-,-,2.00,温州区域,温州直营,,,否,-,平台配送
圣比萨（娄桥店）,SBM00040,温州,"8013936089757434165	",饿了么,平台外卖,已完成,2025-10-24 17:06:52,2025-10-24 17:06:52,2025-10-24 17:06:52,饿了么支付-在线支付,,即时单,2025-10-24 17:06:52,11.08,自动出餐,1,否,"【随心❤️拼】双拼披萨（口味自选）-7英寸双拼[新奥尔良烤鸡肉7英寸+缤纷水果7英寸][{""name"":""规格"",""value"":""7英寸双拼""}]（24.90*1）,餐盒（2.00*1）",【随心❤️拼】双拼披萨,,,,非会员,49,,,2份餐具,,24.90,12.12,8.00,0.00,0,0,1.43,0.00,3.50,【活动支出】首次光顾立减:1.00元+【活动支出】 商家自营销加码:2.00元+【活动支出】饿了么红包:5.00元+【活动支出】替用户承担配送费:3.5元,-,-,-,2.00,温州区域,温州直营,,,否,-,平台配送
圣比萨（娄桥店）,SBM00040,温州,"8035546089764263409	",饿了么,平台外卖,已完成,2025-10-24 17:07:58,2025-10-24 17:07:58,2025-10-24 17:07:58,饿了么支付-在线支付,,即时单,2025-10-24 17:07:58,11.00,自动出餐,1,否,"新奥尔良烤鸡肉披萨-7英寸(手拍)[{""name"":""规格"",""value"":""7英寸(手拍)""}]（21.90*1）,餐盒（2.00*1）",新奥尔良烤鸡肉披萨,,,,非会员,50,,,依据餐量提供餐具,,21.90,7.32,8.00,0.00,0,0,1.43,0.00,5.60,【活动支出】首次光顾立减:1.00元+【活动支出】 商家自营销加码:2.00元+【活动支出】饿了么红包:5.00元+【活动支出】替用户承担配送费:5.6元,-,-,-,2.00,温州区域,温州直营,,,否,-,平台配送
圣比萨（娄桥店）,SBM00040,温州,"8012460255779546380	",饿了么,平台外卖,已完成,2025-10-24 17:17:50,2025-10-24 17:17:50,2025-10-24 17:17:51,饿了么支付-在线支付,,即时单,2025-10-24 17:17:50,11.07,自动出餐,1,否,"新奥尔良烤鸡肉披萨-7英寸(手拍)[{""name"":""规格"",""value"":""7英寸(手拍)""}]（21.90*1）,餐盒（2.00*1）",新奥尔良烤鸡肉披萨,,,,非会员,51,,,1份餐具,,21.90,9.22,7.00,0.00,0,0,1.43,0.00,4.50,【活动支出】饿了么红包:7.00元+【活动支出】替用户承担配送费:4.5元,-,-,-,2.00,温州区域,温州直营,,,否,-,平台配送
圣比萨（娄桥店）,SBM00040,温州,"8081340255777496339	",饿了么,平台外卖,已完成,2025-10-24 17:19:31,2025-10-24 17:19:31,2025-10-24 17:19:31,饿了么支付-在线支付,,即时单,2025-10-24 17:19:31,11.02,自动出餐,1,否,"【任选】披萨随心配（38.80*1）,餐盒（2.00*1）",奥尔良烤翅+地道肠1根+小可乐+不加一+新奥尔良烤鸡肉披萨(7英寸(手拍)),,,,非会员,52,,,1份餐具,,38.80,20.36,10.00,0.00,0,0,2.09,0.00,5.00,【活动支出】店铺满减:1.00元+【活动支出】饿了么红包:9.00元+【活动支出】替用户承担配送费:5.0元,-,-,-,2.00,温州区域,温州直营,,,否,-,平台配送
圣比萨（娄桥店）,SBM00040,温州,"8041400255975811328	",饿了么,平台外卖,已完成,2025-10-24 17:27:25,2025-10-24 17:27:25,2025-10-24 17:27:25,饿了么支付-在线支付,,即时单,2025-10-24 17:27:25,11.13,自动出餐,1,否,"榴莲王披萨-7英寸(手拍)[{""name"":""规格"",""value"":""7英寸(手拍)""}]（29.90*1）,餐盒（2.00*1）",榴莲王披萨,,,,非会员,53,,,依据餐量提供餐具,,29.90,16.38,8.00,0.00,0,0,1.57,0.00,4.00,【活动支出】首次光顾立减:1.00元+【活动支出】饿了么红包:7.00元+【活动支出】替用户承担配送费:4.0元,-,-,-,2.00,温州区域,温州直营,,,否,-,平台配送
圣比萨（娄桥店）,SBM00040,温州,"8023816089776328013	",饿了么,平台外卖,已完成,2025-10-24 17:35:59,2025-10-24 17:35:59,2025-10-24 17:35:59,饿了么支付-在线支付,,即时单,2025-10-24 17:35:59,14.07,手动出餐,1,否,"【任选】买一送一7英寸披萨（45.80*1）,餐盒（2.00*1）",碳烤鸡肉培根披萨(7英寸(手拍))+大圣招牌大满贯披萨(7英寸(手拍)),,,,非会员,54,,,依据餐量提供餐具,,45.80,26.19,12.00,0.00,0,0,2.46,0.00,3.50,【活动支出】店铺满减:1.00元+【活动支出】下单返红包:2.00元+【活动支出】饿了么红包:9.00元+【活动支出】替用户承担配送费:3.5元,-,-,-,2.00,温州区域,温州直营,,,否,-,平台配送
圣比萨（娄桥店）,SBM00040,温州,"8084160255982742922	",饿了么,平台外卖,已完成,2025-10-24 17:38:14,2025-10-24 17:38:14,2025-10-24 17:38:14,饿了么支付-在线支付,,即时单,2025-10-24 17:38:14,11.83,手动出餐,1,否,"【任选5件套】披萨意面我全都要（59.90*1）,餐盒（2.00*1）",明星小食桶A+小可乐+小可乐+新奥尔良烤鸡肉披萨(7英寸(手拍))+番茄牛肉意面,,,,非会员,55,,,2份餐具；手机尾号：1107；接力送,,59.90,28.96,19.00,0.00,0,0,2.99,0.00,7.40,【活动支出】店铺满减:6.00元+【活动支出】首次光顾立减:1.00元+【活动支出】精准营销:3.00元+【活动支出】饿了么红包:9.00元+【活动支出】饿了么红包:0.00元+【活动支出】替用户承担配送费:6.0元,-,-,-,2.00,温州区域,温州直营,,,否,-,平台配送
圣比萨（娄桥店）,SBM00040,温州,"8012756089788253544	",饿了么,平台外卖,已完成,2025-10-24 17:40:05,2025-10-24 17:40:05,2025-10-24 17:40:06,饿了么支付-在线支付,,即时单,2025-10-24 17:40:05,13.00,手动出餐,1,否,"金沙咸蛋黄嫩鸡披萨-9英寸(手拍)[{""name"":""规格"",""value"":""9英寸(手拍)""}]（35.90*1）,蛋挞一个（原味）（3.90*1）,餐盒（2.50*1）",金沙咸蛋黄嫩鸡披萨+蛋挞1个,,,,非会员,56,,,依据餐量提供餐具,,39.80,16.84,17.91,0.00,0,0,1.60,0.00,3.50,【活动支出】店铺满减:1.00元+【活动支出】单品特价:2.91元+【活动支出】粉丝群:2.00元+【活动支出】饿了么红包:12.00元+【活动支出】替用户承担配送费:3.5元,-,-,-,2.50,温州区域,温州直营,,,否,-,平台配送
圣比萨（娄桥店）,SBM00040,温州,"8055180255984246094	",饿了么,平台外卖,已完成,2025-10-24 17:43:24,2025-10-24 17:43:24,2025-10-24 17:43:24,饿了么支付-在线支付,,即时单,2025-10-24 17:43:24,15.20,自动出餐,1,否,"【任选】买一送一7英寸披萨（43.80*1）,餐盒（2.00*1）",碳烤鸡肉培根披萨(7英寸(手拍))+星星炸鸡披萨(7英寸(手拍)),,,,非会员,57,,,依据餐量提供餐具,,43.80,27.11,9.00,0.00,0,0,2.54,0.00,3.50,【活动支出】店铺满减:1.00元+【活动支出】超级会员专享红包:8.00元+【活动支出】 商家自营销加码:0.00元+【活动支出】替用户承担配送费:3.5元,-,-,-,2.00,温州区域,温州直营,,,否,-,平台配送
圣比萨（娄桥店）,SBM00040,温州,"8046686089759315350	",饿了么,平台外卖,已完成,2025-10-24 17:44:31,2025-10-24 17:44:31,2025-10-24 17:44:31,饿了么支付-在线支付,,即时单,2025-10-24 17:44:31,15.07,自动出餐,1,否,"【任选5件套】披萨意面我全都要（59.90*1）,餐盒（2.00*1）",明星小食桶A+小可乐+小可乐+新奥尔良烤鸡肉披萨(7英寸(手拍))+招牌肉酱意面,,,,非会员,58,,,依据餐量提供餐具,,59.90,32.53,16.00,0.00,0,0,3.22,0.00,5.60,【活动支出】店铺满减:6.00元+【活动支出】首次光顾立减:1.00元+【活动支出】饿了么红包:9.00元+【活动支出】替用户承担配送费:5.6元,-,-,-,2.00,温州区域,温州直营,,,否,-,平台配送
圣比萨（娄桥店）,SBM00040,温州,"8036816089791805884	",饿了么,平台外卖,已完成,2025-10-24 17:53:23,2025-10-24 17:53:23,2025-10-24 17:53:23,饿了么支付-在线支付,,即时单,2025-10-24 17:53:23,15.10,自动出餐,1,否,"可口可乐[常温]（6.00*1）,奥尔良烤翅（9.90*1）,榴莲王披萨-7英寸(手拍)[{""name"":""规格"",""value"":""7英寸(手拍)""}]（29.90*1）,餐盒（2.50*1）",小可乐+奥尔良烤翅+榴莲王披萨,,,,非会员,59,,,依据餐量提供餐具,,45.80,34.70,2.00,0.00,0,0,3.25,0.00,3.50,【活动支出】店铺满减:1.00元+【活动支出】首次光顾立减:1.00元+【活动支出】替用户承担配送费:3.5元,-,-,-,2.50,温州区域,温州直营,,,否,-,平台配送
圣比萨（娄桥店）,SBM00040,温州,"8094776089813829063	",饿了么,平台外卖,已完成,2025-10-24 17:53:53,2025-10-24 17:53:53,2025-10-24 17:53:53,饿了么支付-在线支付,,即时单,2025-10-24 17:53:53,15.02,自动出餐,1,否,"芝士焗红薯泥（10.90*3）,【任选】买一送一7英寸披萨（39.90*1）,餐盒（3.50*1）",芝士焗红薯泥+碳烤鸡肉培根披萨(7英寸(手拍))+新奥尔良烤鸡肉披萨(7英寸(手拍)),,,,非会员,60,,,依据餐量提供餐具,,72.60,43.49,19.00,0.00,0,0,4.06,0.00,3.50,【活动支出】店铺满减:6.00元+【活动支出】首次光顾立减:1.00元+【活动支出】饿了么红包:12.00元+【活动支出】替用户承担配送费:3.5元,-,-,-,3.50,温州区域,温州直营,,,否,-,平台配送
圣比萨（娄桥店）,SBM00040,温州,"8024370255917524375	",饿了么,平台外卖,已完成,2025-10-24 17:57:16,2025-10-24 17:57:16,2025-10-24 17:57:17,饿了么支付-在线支付,,即时单,2025-10-24 17:57:16,15.17,自动出餐,1,否,"榴莲王披萨-7英寸(手拍)[{""name"":""规格"",""value"":""7英寸(手拍)""}]（29.90*1）,餐盒（2.00*1）",榴莲王披萨,,,,非会员,61,,,依据餐量提供餐具,,29.90,16.38,8.00,0.00,0,0,1.57,0.00,3.50,【活动支出】首次光顾立减:1.00元+【活动支出】饿了么红包:7.00元+【活动支出】替用户承担配送费:3.5元,-,-,-,2.00,温州区域,温州直营,,,否,-,平台配送
圣比萨（娄桥店）,SBM00040,温州,"8020596089812829455	",饿了么,平台外卖,已完成,2025-10-24 17:58:35,2025-10-24 17:58:35,2025-10-24 17:58:35,饿了么支付-在线支付,,即时单,2025-10-24 17:58:35,15.10,自动出餐,1,否,"【任选】买一送一7英寸披萨（39.90*1）,餐盒（2.00*1）",碳烤鸡肉培根披萨(7英寸(手拍))+新奥尔良烤鸡肉披萨(7英寸(手拍)),,,,非会员,62,,,无需餐具,,39.90,20.08,14.00,0.00,0,0,1.87,0.00,4.00,【活动支出】店铺满减:1.00元+【活动支出】首次光顾立减:1.00元+【活动支出】精准营销红包:3.00元+【活动支出】饿了么红包:9.00元+【活动支出】替用户承担配送费:4.0元,-,-,-,2.00,温州区域,温州直营,,,否,-,平台配送
圣比萨（娄桥店）,SBM00040,温州,"8079250255996964131	",饿了么,平台外卖,已完成,2025-10-24 18:01:03,2025-10-24 18:01:03,2025-10-24 18:01:03,饿了么支付-在线支付,,即时单,2025-10-24 18:01:03,15.08,自动出餐,1,否,"【任选5件套】披萨意面我全都要（59.90*1）,餐盒（2.00*1）",明星小食桶A+小可乐+小可乐+新奥尔良烤鸡肉披萨(7英寸(手拍))+招牌肉酱意面,,,,非会员,63,,,2份餐具,,59.90,34.33,16.00,0.00,0,0,3.22,0.00,3.50,【活动支出】店铺满减:6.00元+【活动支出】首次光顾立减:1.00元+【活动支出】饿了么红包:9.00元+【活动支出】替用户承担配送费:3.5元,-,-,-,2.00,温州区域,温州直营,,,否,-,平台配送
圣比萨（娄桥店）,SBM00040,温州,"8053786089819558221	",饿了么,平台外卖,已完成,2025-10-24 18:01:35,2025-10-24 18:01:35,2025-10-24 18:01:35,饿了么支付-在线支付,,即时单,2025-10-24 18:01:35,15.07,自动出餐,1,否,"日系照烧鸡披萨-7英寸(手拍)[{""name"":""规格"",""value"":""7英寸(手拍)""}]（23.90*1）,餐盒（2.00*1）",日系照烧鸡披萨,,,,非会员,64,,,依据餐量提供餐具,,23.90,10.12,9.00,0.00,0,0,1.43,0.00,4.00,【活动支出】 商家自营销加码:2.00元+【活动支出】粉丝群:2.00元+【活动支出】饿了么红包:5.00元+【活动支出】替用户承担配送费:4.0元,-,-,-,2.00,温州区域,温州直营,,,否,-,平台配送
圣比萨（娄桥店）,SBM00040,温州,"8093796089811760421	",饿了么,平台外卖,已完成,2025-10-24 18:04:13,2025-10-24 18:04:13,2025-10-24 18:04:14,饿了么支付-在线支付,,即时单,2025-10-24 18:04:13,15.03,自动出餐,1,否,手握三选一-单点[奥尔良]（17.40*1）,奥尔良风情烤鸡肉一人食盒子披萨,,,,非会员,65,,,1份餐具,,17.40,10.00,0.00,0.00,0,0,0.00,0.00,,【活动支出】拼团反圈活动:0.00元,-,-,-,0.00,温州区域,温州直营,,,否,-,平台配送
圣比萨（娄桥店）,SBM00040,温州,"8092440255810809325	",饿了么,平台外卖,已完成,2025-10-24 18:06:47,2025-10-24 18:06:47,2025-10-24 18:06:47,饿了么支付-在线支付,,即时单,2025-10-24 18:06:47,15.23,自动出餐,1,否,"缤纷水果披萨-7英寸(手拍)[{""name"":""规格"",""value"":""7英寸(手拍)""}]（23.90*1）,蛋挞一个（原味）（3.90*1）,餐盒（2.50*1）",缤纷水果披萨+蛋挞1个,,,,非会员,66,,,依据餐量提供餐具,,27.80,11.71,10.91,0.00,0,0,1.43,0.00,4.50,【活动支出】首次光顾立减:1.00元+【活动支出】单品特价:2.91元+【活动支出】饿了么红包:7.00元+【活动支出】替用户承担配送费:4.5元,-,-,-,2.50,温州区域,温州直营,,,否,-,平台配送
圣比萨（娄桥店）,SBM00040,温州,"8093616089804321027	",饿了么,平台外卖,已完成,2025-10-24 18:10:27,2025-10-24 18:10:27,2025-10-24 18:10:28,饿了么支付-在线支付,,即时单,2025-10-24 18:10:27,14.62,手动出餐,1,否,"缤纷水果披萨-9英寸(手拍)[{""name"":""规格"",""value"":""9英寸(手拍)""}]（33.90*1）,蛋挞一个（原味）（3.90*1）,奶酪芝士卷边（9英寸）（6.90*1）,餐盒（2.50*1）",缤纷水果披萨+蛋挞1个+奶酪芝士卷边9,,,,非会员,67,,,依据餐量提供餐具,,44.70,22.62,15.91,0.00,0,0,2.12,0.00,3.50,【活动支出】店铺满减:1.00元+【活动支出】首次光顾立减:1.00元+【活动支出】单品特价:2.91元+【活动支出】精准营销:3.00元+【活动支出】饿了么红包:8.00元+【活动支出】替用户承担配送费:3.5元,-,-,-,2.50,温州区域,温州直营,,,否,-,平台配送
圣比萨（娄桥店）,SBM00040,温州,"8066756089807215057	",饿了么,平台外卖,已完成,2025-10-24 18:10:50,2025-10-24 18:10:50,2025-10-24 18:10:50,饿了么支付-在线支付,,即时单,2025-10-24 18:10:50,14.25,手动出餐,1,否,"️【任选】意面随心配（38.80*1）,餐盒（2.00*1）",番茄牛肉意面+不加一+小可乐+奥尔良烤翅+小薯条,,,,非会员,68,,,依据餐量提供餐具,,38.80,17.26,14.00,0.00,0,0,1.79,0.00,5.60,【活动支出】店铺满减:1.00元+【活动支出】首次光顾立减:1.00元+【活动支出】精准营销:3.00元+【活动支出】饿了么红包:9.00元+【活动支出】替用户承担配送费:5.6元,-,-,-,2.00,温州区域,温州直营,,,否,-,平台配送
圣比萨（娄桥店）,SBM00040,温州,"8081716089826686384	",饿了么,平台外卖,已完成,2025-10-24 18:12:38,2025-10-24 18:12:38,2025-10-24 18:12:38,饿了么支付-在线支付,,即时单,2025-10-24 18:12:38,12.48,手动出餐,1,否,"【随心❤️拼】双拼披萨（口味自选）-7英寸双拼[玉米沙拉7英寸+碳烤鸡肉培根7英寸][{""name"":""规格"",""value"":""7英寸双拼""}]（24.90*1）,餐盒（2.00*1）",【随心❤️拼】双拼披萨,,,,非会员,69,,,依据餐量提供餐具,,24.90,10.32,8.00,0.00,0,0,1.43,0.00,6.20,【活动支出】首次光顾立减:1.00元+【活动支出】饿了么红包:7.00元+【活动支出】替用户承担配送费:6.0元,-,-,-,2.00,温州区域,温州直营,,,否,-,平台配送
圣比萨（娄桥店）,SBM00040,温州,"8071370255817864487	",饿了么,平台外卖,已完成,2025-10-24 18:14:00,2025-10-24 18:14:00,2025-10-24 18:14:00,饿了么支付-在线支付,,即时单,2025-10-24 18:14:00,15.05,自动出餐,1,否,"榴莲王披萨-7英寸(手拍)[{""name"":""规格"",""value"":""7英寸(手拍)""}]（29.90*1）,餐盒（2.00*1）",榴莲王披萨,,,,非会员,70,,,依据餐量提供餐具,,29.90,16.38,8.00,0.00,0,0,1.57,0.00,4.00,【活动支出】首次光顾立减:1.00元+【活动支出】饿了么红包:7.00元+【活动支出】替用户承担配送费:4.0元,-,-,-,2.00,温州区域,温州直营,,,否,-,平台配送
圣比萨（娄桥店）,SBM00040,温州,"8012566089830273400	",饿了么,平台外卖,已完成,2025-10-24 18:25:50,2025-10-24 18:25:50,2025-10-24 18:25:51,饿了么支付-在线支付,,即时单,2025-10-24 18:25:50,15.15,自动出餐,1,否,"芝士焗红薯泥（10.90*1）,美式香骨鸡（8.90*1）,【任选4件套】双人套餐（64.70*1）,上校鸡块（4.90*2）,餐盒（3.50*1）",芝士焗红薯泥+美式香骨鸡+明星小食桶B+大圣招牌大满贯披萨(9英寸(手拍))+小可乐+小可乐+上校鸡块,,,,非会员,71,,,依据餐量提供餐具,,94.30,55.19,22.00,0.00,0,0,5.46,0.00,7.40,【活动支出】店铺满减:6.00元+【活动支出】首次光顾立减:1.00元+【活动支出】精准营销:3.00元+【活动支出】饿了么红包:12.00元+【活动支出】替用户承担配送费:6.0元,-,-,-,3.50,温州区域,温州直营,,,否,-,平台配送
圣比萨（娄桥店）,SBM00040,温州,"8068696089834571205	",饿了么,平台外卖,已完成,2025-10-24 18:29:33,2025-10-24 18:29:33,2025-10-24 18:29:33,饿了么支付-在线支付,,即时单,2025-10-24 18:29:33,12.82,手动出餐,1,否,"【任选】披萨随心配（29.90*1）,餐盒（2.00*1）",不加一+地道肠1根+小可乐+不加一+新奥尔良烤鸡肉披萨(7英寸(手拍)),,,,非会员,72,,,2份餐具,,29.90,12.32,11.00,0.00,0,0,1.43,0.00,5.60,【活动支出】首次光顾立减:1.00元+【活动支出】精准营销:3.00元+【活动支出】饿了么红包:7.00元+【活动支出】替用户承担配送费:5.6元,-,-,-,2.00,温州区域,温州直营,,,否,-,平台配送
圣比萨（娄桥店）,SBM00040,温州,"8039300256026630443	",饿了么,平台外卖,已完成,2025-10-24 18:38:10,2025-10-24 18:38:10,2025-10-24 18:38:11,饿了么支付-在线支付,,即时单,2025-10-24 18:38:10,15.08,自动出餐,1,否,"【任选】买一送一7英寸披萨（39.90*1）,餐盒（2.00*1）",缤纷水果披萨(7英寸(手拍))+缤纷水果披萨(7英寸(手拍)),,,,非会员,73,,,依据餐量提供餐具,,39.90,20.08,14.00,0.00,0,0,1.87,0.00,3.50,【活动支出】店铺满减:1.00元+【活动支出】首次光顾立减:1.00元+【活动支出】精准营销红包:3.00元+【活动支出】饿了么红包:9.00元+【活动支出】替用户承担配送费:3.5元,-,-,-,2.00,温州区域,温州直营,,,否,-,平台配送
圣比萨（娄桥店）,SBM00040,温州,"8005360255929127190	",饿了么,平台外卖,已完成,2025-10-24 18:40:47,2025-10-24 18:40:47,2025-10-24 18:40:47,饿了么支付-在线支付,,即时单,2025-10-24 18:40:47,15.08,自动出餐,1,否,"榴莲王披萨-7英寸(手拍)[{""name"":""规格"",""value"":""7英寸(手拍)""}]（29.90*1）,餐盒（2.00*1）",榴莲王披萨,,,,非会员,74,,,2份餐具,,29.90,16.88,4.00,0.00,0,0,1.87,0.00,7.40,【活动支出】饿了么红包:4.00元+【活动支出】替用户承担配送费:6.0元,-,-,-,2.00,温州区域,温州直营,,,否,-,平台配送
圣比萨（娄桥店）,SBM00040,温州,"8096936089843858733	",饿了么,平台外卖,已完成,2025-10-24 18:43:56,2025-10-24 18:43:56,2025-10-24 18:43:56,饿了么支付-在线支付,,即时单,2025-10-24 18:43:56,14.85,手动出餐,1,否,"【任选】披萨随心配（29.90*1）,餐盒（2.00*1）",不加一+上校鸡块+小可乐+不加一+日系照烧鸡披萨(7英寸(手拍)),,,,非会员,75,,,1份餐具,,29.90,13.12,12.00,0.00,0,0,1.43,0.00,3.50,【活动支出】首次光顾立减:1.00元+【活动支出】精准营销红包:4.00元+【活动支出】饿了么红包:7.00元+【活动支出】替用户承担配送费:3.5元,-,-,-,2.00,温州区域,温州直营,,,否,-,平台配送
圣比萨（娄桥店）,SBM00040,温州,"8066756089824064812	",饿了么,平台外卖,已完成,2025-10-24 18:46:53,2025-10-24 18:46:53,2025-10-24 18:46:54,饿了么支付-在线支付,,即时单,2025-10-24 18:46:53,11.95,手动出餐,1,否,"️【任选】意面随心配（38.80*1）,餐盒（2.00*1）",番茄牛肉意面+不加一+小可乐+奥尔良烤翅+小薯条,,,,非会员,76,,,依据餐量提供餐具,,38.80,22.16,10.00,0.00,0,0,2.09,0.00,4.00,【活动支出】店铺满减:1.00元+【活动支出】粉丝群:2.00元+【活动支出】饿了么红包:7.00元+【活动支出】替用户承担配送费:4.0元,-,-,-,2.00,温州区域,温州直营,,,否,-,平台配送
圣比萨（娄桥店）,SBM00040,温州,"8096936089827123502	",饿了么,平台外卖,已完成,2025-10-24 18:47:47,2025-10-24 18:47:47,2025-10-24 18:47:47,饿了么支付-在线支付,,即时单,2025-10-24 18:47:47,15.12,自动出餐,1,否,"【随心❤️拼】双拼披萨（口味自选）-7英寸双拼[新奥尔良烤鸡肉7英寸+碳烤鸡肉培根7英寸][{""name"":""规格"",""value"":""7英寸双拼""}]（24.90*1）,餐盒（2.00*1）",【随心❤️拼】双拼披萨,,,,非会员,77,,,1份餐具,,24.90,13.12,7.00,0.00,0,0,1.43,0.00,3.50,【活动支出】饿了么红包:7.00元+【活动支出】替用户承担配送费:3.5元,-,-,-,2.00,温州区域,温州直营,,,否,-,平台配送
圣比萨（娄桥店）,SBM00040,温州,"8043856089829972308	",饿了么,平台外卖,已完成,2025-10-24 18:51:42,2025-10-24 18:51:42,2025-10-24 18:51:42,饿了么支付-在线支付,,即时单,2025-10-24 18:51:42,14.35,手动出餐,1,否,"缤纷水果披萨-7英寸(手拍)[{""name"":""规格"",""value"":""7英寸(手拍)""}]（23.90*1）,蛋挞一个（原味）（3.90*1）,餐盒（2.50*1）",缤纷水果披萨+蛋挞1个,,,,非会员,78,,,1份餐具,,27.80,12.61,10.91,0.00,0,0,1.43,0.00,3.50,【活动支出】首次光顾立减:1.00元+【活动支出】单品特价:2.91元+【活动支出】饿了么红包:7.00元+【活动支出】替用户承担配送费:3.5元,-,-,-,2.50,温州区域,温州直营,,,否,-,平台配送
圣比萨（娄桥店）,SBM00040,温州,"8022856089834744304	",饿了么,平台外卖,已完成,2025-10-24 18:53:19,2025-10-24 18:53:19,2025-10-24 18:53:19,饿了么支付-在线支付,,即时单,2025-10-24 18:53:19,12.77,手动出餐,1,否,"奶酪芝士卷边（7英寸）（4.90*1）,【随心❤️拼】双拼披萨（口味自选）-7英寸双拼[新奥尔良烤鸡肉7英寸+新奥尔良烤鸡肉7英寸][{""name"":""规格"",""value"":""7英寸双拼""}]（24.90*1）,餐盒（2.00*1）",奶酪芝士卷边7+【随心❤️拼】双拼披萨,,,,非会员,79,,,依据餐量提供餐具,,29.80,14.49,8.00,0.00,0,0,1.56,0.00,5.60,【活动支出】首次光顾立减:1.00元+【活动支出】CPS商户叠加券:0.00元+【活动支出】饿了么红包:7.00元+【活动支出】替用户承担配送费:5.6元,-,-,-,2.00,温州区域,温州直营,,,否,-,平台配送
圣比萨（娄桥店）,SBM00040,温州,"8033576089809640941	",饿了么,平台外卖,已完成,2025-10-24 18:53:40,2025-10-24 18:53:40,2025-10-24 18:53:40,饿了么支付-在线支付,,即时单,2025-10-24 18:53:40,12.52,手动出餐,1,否,"榴莲王披萨-7英寸(手拍)[{""name"":""规格"",""value"":""7英寸(手拍)""}]（29.90*1）,蛋挞一个（原味）（3.90*1）,餐盒（2.50*1）",榴莲王披萨+蛋挞1个,,,,非会员,80,,,依据餐量提供餐具,,33.80,18.71,8.91,0.00,0,0,1.83,0.00,5.00,【活动支出】首次光顾立减:1.00元+【活动支出】单品特价:2.91元+【活动支出】饿了么红包:5.00元+【活动支出】替用户承担配送费:5.0元,-,-,-,2.50,温州区域,温州直营,,,否,-,平台配送
圣比萨（娄桥店）,SBM00040,温州,"8067050255842008531	",饿了么,平台外卖,已完成,2025-10-24 19:02:45,2025-10-24 19:02:45,2025-10-24 19:02:46,饿了么支付-在线支付,,即时单,2025-10-24 19:02:45,15.20,自动出餐,1,否,"奶酪芝士卷边（12英寸）（8.90*1）,奥尔良烤翅（9.90*1）,美式香骨鸡（8.90*1）,新奥尔良烤鸡肉披萨-12英寸(手拍)[{""name"":""规格"",""value"":""12英寸(手拍)""}]（46.90*1）,餐盒（2.50*1）",奶酪芝士卷边+奥尔良烤翅+美式香骨鸡+新奥尔良烤鸡肉披萨,,,,非会员,81,,,骑手到了楼下直接按保安头像会自动开门 上来放门口拍照 不要按门铃！！！有狗！！ / 3份餐具,,74.60,40.62,19.00,0.00,0,0,4.13,0.00,6.80,【活动支出】店铺满减:6.00元+【活动支出】首次光顾立减:1.00元+【活动支出】饿了么红包:12.00元+【活动支出】替用户承担配送费:6.0元,-,-,-,2.50,温州区域,温州直营,,,否,-,平台配送
圣比萨（娄桥店）,SBM00040,温州,"8035390255944016274	",饿了么,平台外卖,已完成,2025-10-24 19:05:29,2025-10-24 19:05:29,2025-10-24 19:05:29,饿了么支付-在线支付,,即时单,2025-10-24 19:05:29,15.13,自动出餐,1,否,"榴莲王披萨-9英寸(手拍)[{""name"":""规格"",""value"":""9英寸(手拍)""}]（39.90*1）,餐盒（2.00*1）",榴莲王披萨,,,,非会员,82,,,人多，麻烦切小块一点，谢谢！ / 依据餐量提供餐具,,39.90,23.18,10.00,0.00,0,0,2.17,0.00,4.00,【活动支出】店铺满减:1.00元+【活动支出】首次光顾立减:1.00元+【活动支出】饿了么红包:8.00元+【活动支出】替用户承担配送费:4.0元,-,-,-,2.00,温州区域,温州直营,,,否,-,平台配送
圣比萨（娄桥店）,SBM00040,温州,"8008696089835051456	",饿了么,平台外卖,已完成,2025-10-24 19:10:15,2025-10-24 19:10:15,2025-10-24 19:10:16,饿了么支付-在线支付,,即时单,2025-10-24 19:10:15,15.22,自动出餐,1,否,"红薯薯泥流心卷边（9英寸）（6.90*1）,新奥尔良烤鸡肉披萨-9英寸(手拍)[{""name"":""规格"",""value"":""9英寸(手拍)""}]（31.90*1）,榴莲王披萨-7英寸(手拍)[{""name"":""规格"",""value"":""7英寸(手拍)""}]（29.90*1）,餐盒（4.00*1）",红薯泥流心卷边9+新奥尔良烤鸡肉披萨+榴莲王披萨,,,,非会员,83,,,依据餐量提供餐具,,68.70,38.54,21.60,0.00,0,0,3.61,0.00,3.50,【活动支出】店铺满减:6.00元+【活动支出】首次光顾立减:1.00元+【活动支出】精准营销红包:3.00元+【活动支出】饿了么红包:11.60元+【活动支出】替用户承担配送费:3.5元,-,-,-,4.00,温州区域,温州直营,,,否,-,平台配送
圣比萨（娄桥店）,SBM00040,温州,"8098160255968369007	",饿了么,平台外卖,已完成,2025-10-24 19:31:08,2025-10-24 19:31:08,2025-10-24 19:31:09,饿了么支付-在线支付,,即时单,2025-10-24 19:31:08,11.10,自动出餐,1,否,"新奥尔良烤鸡肉披萨-9英寸(手拍)[{""name"":""规格"",""value"":""9英寸(手拍)""}]（31.90*1）,餐盒（2.00*1）",新奥尔良烤鸡肉披萨,,,,非会员,84,,,依据餐量提供餐具,,31.90,16.06,11.00,0.00,0,0,1.49,0.00,3.50,【活动支出】首次光顾立减:1.00元+【活动支出】精准营销红包:3.00元+【活动支出】饿了么红包:7.00元+【活动支出】替用户承担配送费:3.5元,-,-,-,2.00,温州区域,温州直营,,,否,-,平台配送
圣比萨（娄桥店）,SBM00040,温州,"8030806089835360683	",饿了么,平台外卖,已完成,2025-10-24 19:41:26,2025-10-24 19:41:26,2025-10-24 19:41:27,饿了么支付-在线支付,,即时单,2025-10-24 19:41:26,11.07,自动出餐,1,否,"【任选】买一送一7英寸披萨（45.80*1）,餐盒（2.00*1）",玉米沙拉披萨(7英寸(手拍))+榴莲王披萨(7英寸(手拍)),,,,非会员,85,,,依据餐量提供餐具,,45.80,24.36,13.00,0.00,0,0,2.39,0.00,4.50,【活动支出】店铺满减:1.00元+【活动支出】首次光顾立减:1.00元+【活动支出】 商家自营销加码:0.00元+【活动支出】精准营销:3.00元+【活动支出】饿了么红包:8.00元+【活动支出】替用户承担配送费:4.5元,-,-,-,2.00,温州区域,温州直营,,,否,-,平台配送
圣比萨（娄桥店）,SBM00040,温州,"8093270256059755804	",饿了么,平台外卖,已完成,2025-10-24 19:42:48,2025-10-24 19:42:48,2025-10-24 19:42:48,饿了么支付-在线支付,,即时单,2025-10-24 19:42:48,11.18,自动出餐,1,否,"缤纷水果披萨-7英寸(手拍)[{""name"":""规格"",""value"":""7英寸(手拍)""}]（23.90*1）,红薯薯泥流心卷边（7英寸）（4.90*1）,餐盒（2.00*1）",缤纷水果披萨+红薯泥流心卷边7,,,,非会员,86,,,无需餐具,,28.80,14.02,10.00,0.00,0,0,1.43,0.00,3.50,【活动支出】精准营销:3.00元+【活动支出】饿了么红包:7.00元+【活动支出】替用户承担配送费:3.5元,-,-,-,2.00,温州区域,温州直营,,,否,-,平台配送
圣比萨（娄桥店）,SBM00040,温州,"8030150256063438219	",饿了么,平台外卖,已完成,2025-10-24 19:50:00,2025-10-24 19:50:00,2025-10-24 19:50:00,饿了么支付-在线支付,,即时单,2025-10-24 19:50:00,11.13,自动出餐,1,否,"奶酪芝士卷边（7英寸）（4.90*1）,蛋挞一个（原味）（3.90*1）,【随心❤️拼】双拼披萨（口味自选）-7英寸双拼[缤纷水果7英寸+碳烤鸡肉培根7英寸][{""name"":""规格"",""value"":""7英寸双拼""}]（24.90*1）,餐盒（2.50*1）",奶酪芝士卷边7+蛋挞1个+【随心❤️拼】双拼披萨,,,,非会员,87,,,依据餐量提供餐具,,33.70,17.67,10.91,0.00,0,0,1.67,0.00,3.50,【活动支出】首次光顾立减:1.00元+【活动支出】单品特价:2.91元+【活动支出】饿了么红包:7.00元+【活动支出】替用户承担配送费:3.5元,-,-,-,2.50,温州区域,温州直营,,,否,-,平台配送
圣比萨（娄桥店）,SBM00040,温州,"8002090256061794605	",饿了么,平台外卖,已完成,2025-10-24 19:51:44,2025-10-24 19:51:44,2025-10-24 19:51:44,饿了么支付-在线支付,,即时单,2025-10-24 19:51:44,11.07,自动出餐,1,否,"碳烤鸡肉培根披萨-7英寸(手拍)[{""name"":""规格"",""value"":""7英寸(手拍)""}]（23.90*1）,蛋挞一个（原味）（3.90*1）,餐盒（2.50*1）",碳烤鸡肉培根披萨+蛋挞1个,,,,非会员,88,,,依据餐量提供餐具,,27.80,13.61,9.91,0.00,0,0,1.43,0.00,3.50,【活动支出】单品特价:2.91元+【活动支出】CPS商户叠加券:0.00元+【活动支出】饿了么红包:7.00元+【活动支出】替用户承担配送费:3.5元,-,-,-,2.50,温州区域,温州直营,,,否,-,平台配送
圣比萨（娄桥店）,SBM00040,温州,"8083536089852117286	",饿了么,平台外卖,已完成,2025-10-24 20:27:12,2025-10-24 20:27:12,2025-10-24 20:27:12,饿了么支付-在线支付,,即时单,2025-10-24 20:27:12,11.17,自动出餐,1,否,"【任选】买一送一7英寸披萨（39.90*1）,蛋挞一个（原味）（3.90*1）,餐盒（2.50*1）",新奥尔良烤鸡肉披萨(7英寸(手拍))+缤纷水果披萨(7英寸(手拍))+蛋挞1个,,,,非会员,89,,,依据餐量提供餐具,,43.80,22.74,13.91,0.00,0,0,2.20,0.00,5.00,【活动支出】店铺满减:1.00元+【活动支出】首次光顾立减:1.00元+【活动支出】单品特价:2.91元+【活动支出】饿了么红包:9.00元+【活动支出】替用户承担配送费:5.0元,-,-,-,2.50,温州区域,温州直营,,,否,-,平台配送
圣比萨（娄桥店）,SBM00040,温州,"8051876089870346561	",饿了么,平台外卖,已完成,2025-10-24 20:29:00,2025-10-24 20:29:00,2025-10-24 20:29:00,饿了么支付-在线支付,,即时单,2025-10-24 20:29:00,11.07,自动出餐,1,否,"新奥尔良烤鸡肉披萨-7英寸(手拍)[{""name"":""规格"",""value"":""7英寸(手拍)""}]（21.90*1）,餐盒（2.00*1）",新奥尔良烤鸡肉披萨,,,,非会员,90,,,依据餐量提供餐具,,21.90,8.12,9.00,0.00,0,0,1.43,0.00,4.00,【活动支出】粉丝群:2.00元+【活动支出】饿了么红包:7.00元+【活动支出】替用户承担配送费:4.0元,-,-,-,2.00,温州区域,温州直营,,,否,-,平台配送
圣比萨（娄桥店）,SBM00040,温州,"8074470256081352094	",饿了么,平台外卖,已完成,2025-10-24 20:39:19,2025-10-24 20:39:19,2025-10-24 20:39:19,饿了么支付-在线支付,,即时单,2025-10-24 20:39:19,11.10,自动出餐,1,否,"【任选8件套】三人套餐（82.70*1）,蛋挞一个（原味）（3.90*1）,餐盒（2.50*1）",地道肠1根+上校鸡块+盐酥鸡米花小份+深海墨鱼丸(3个)+小可乐+小可乐+小可乐+缤纷水果披萨(12英寸(手拍))+蛋挞1个,,,,非会员,91,,,无需餐具,,86.60,51.63,21.91,0.00,0,0,4.81,0.00,3.50,【活动支出】店铺满减:6.00元+【活动支出】首次光顾立减:1.00元+【活动支出】单品特价:2.91元+【活动支出】饿了么红包:12.00元+【活动支出】替用户承担配送费:3.5元,-,-,-,2.50,温州区域,温州直营,,,否,-,平台配送
圣比萨（娄桥店）,SBM00040,温州,"8007080256079676896	",饿了么,平台外卖,已完成,2025-10-24 20:40:01,2025-10-24 20:40:01,2025-10-24 20:40:01,饿了么支付-在线支付,,即时单,2025-10-24 20:40:01,11.12,自动出餐,1,否,"碳烤鸡肉培根披萨-7英寸(手拍)[{""name"":""规格"",""value"":""7英寸(手拍)""}]（23.90*1）,餐盒（2.00*1）",碳烤鸡肉培根披萨,,,,非会员,92,,,1份餐具,,23.90,12.12,7.00,0.00,0,0,1.43,0.00,3.50,【活动支出】饿了么红包:7.00元+【活动支出】替用户承担配送费:3.5元,-,-,-,2.00,温州区域,温州直营,,,否,-,平台配送
圣比萨（娄桥店）,SBM00040,温州,"8088410255893918084	",饿了么,平台外卖,已完成,2025-10-24 20:54:05,2025-10-24 20:54:05,2025-10-24 20:54:05,饿了么支付-在线支付,,即时单,2025-10-24 20:54:05,11.17,自动出餐,1,否,"新奥尔良烤鸡肉披萨-9英寸(手拍)[{""name"":""规格"",""value"":""9英寸(手拍)""}]（31.90*1）,缤纷芝士挞-菠萝味[{""name"":""规格"",""value"":""菠萝味""}]（5.90*1）,奶酪芝士卷边（9英寸）（6.90*1）,蛋挞一个（原味）（3.90*2）,餐盒（3.50*1）",新奥尔良烤鸡肉披萨+缤纷芝士挞+奶酪芝士卷边9+蛋挞1个,,,,非会员,93,,,-,,52.50,28.53,12.91,0.00,0,0,3.01,0.00,7.40,【活动支出】店铺满减:1.00元+【活动支出】单品特价:2.91元+【活动支出】饿了么红包:9.00元+【活动支出】替用户承担配送费:6.0元,-,-,-,3.50,温州区域,温州直营,,,否,-,平台配送
圣比萨（娄桥店）,SBM00040,温州,"8044666089867391295	",饿了么,平台外卖,已完成,2025-10-24 21:10:42,2025-10-24 21:10:42,2025-10-24 21:10:42,饿了么支付-在线支付,,即时单,2025-10-24 21:10:42,11.15,自动出餐,1,否,"新奥尔良烤鸡肉披萨-7英寸(手拍)[{""name"":""规格"",""value"":""7英寸(手拍)""}]（21.90*1）,餐盒（2.00*1）",新奥尔良烤鸡肉披萨,,,,非会员,94,,,1份餐具,,21.90,3.72,12.00,0.00,0,0,1.43,0.00,6.60,【活动支出】订单集点返红包:5.00元+【活动支出】饿了么红包:7.00元+【活动支出】替用户承担配送费:6.0元,-,-,-,2.00,温州区域,温州直营,,,否,-,平台配送
圣比萨（娄桥店）,SBM00040,温州,"8051846089901231572	",饿了么,平台外卖,已完成,2025-10-24 21:31:25,2025-10-24 21:31:25,2025-10-24 21:31:25,饿了么支付-在线支付,,即时单,2025-10-24 21:31:25,11.00,自动出餐,1,否,"【任选】披萨随心配（29.90*1）,蛋挞一个（原味）（3.90*1）,餐盒（2.50*1）",不加一+地道肠1根+小可乐+不加一+新奥尔良烤鸡肉披萨(7英寸(手拍))+蛋挞1个,,,,非会员,95,,,依据餐量提供餐具,,33.80,15.09,13.91,0.00,0,0,1.45,0.00,6.10,【活动支出】首次光顾立减:1.00元+【活动支出】单品特价:2.91元+【活动支出】精准营销红包:3.00元+【活动支出】饿了么红包:7.00元+【活动支出】替用户承担配送费:6.0元,-,-,-,2.50,温州区域,温州直营,,,否,-,平台配送
圣比萨（娄桥店）,SBM00040,温州,"8073230255905377610	",饿了么,平台外卖,已完成,2025-10-24 21:35:21,2025-10-24 21:35:21,2025-10-24 21:35:21,饿了么支付-在线支付,,即时单,2025-10-24 21:35:21,11.23,自动出餐,1,否,"新奥尔良烤鸡肉披萨-7英寸(手拍)[{""name"":""规格"",""value"":""7英寸(手拍)""}]（21.90*1）,餐盒（2.00*1）",新奥尔良烤鸡肉披萨,,,,非会员,96,,,1份餐具,,21.90,8.62,8.00,0.00,0,0,1.43,0.00,5.60,【活动支出】首次光顾立减:1.00元+【活动支出】饿了么红包:7.00元+【活动支出】替用户承担配送费:5.6元,-,-,-,2.00,温州区域,温州直营,,,否,-,平台配送
圣比萨（娄桥店）,SBM00040,温州,"8081816089877425602	",饿了么,平台外卖,已完成,2025-10-24 21:48:09,2025-10-24 21:48:09,2025-10-24 21:48:09,饿了么支付-在线支付,,即时单,2025-10-24 21:48:09,11.22,自动出餐,1,否,"【任选】买一送一7英寸披萨（59.50*1）,明星至尊桶（39.90*1）,番茄培根意面（23.90*1）,蛋挞一个（原味）（3.90*1）,餐盒（5.50*1）",海苔肉松披萨(7英寸(手拍))+榴莲王披萨(7英寸(手拍))+明星至尊桶+番茄培根意面+蛋挞1个,,,,非会员,97,,,依据餐量提供餐具,,127.20,86.06,21.91,0.00,0,0,8.08,0.00,6.10,【活动支出】店铺满减:6.00元+【活动支出】首次光顾立减:1.00元+【活动支出】单品特价:2.91元+【活动支出】饿了么红包:12.00元+【活动支出】饿了么红包:0.00元+【活动支出】替用户承担配送费:6.0元,-,-,-,5.50,温州区域,温州直营,,,否,-,平台配送
圣比萨（娄桥店）,SBM00040,温州,"8078080256011791758	",饿了么,平台外卖,已完成,2025-10-24 21:51:10,2025-10-24 21:51:10,2025-10-24 21:51:10,饿了么支付-在线支付,,即时单,2025-10-24 21:51:10,11.07,自动出餐,1,否,"榴莲王披萨-7英寸(手拍)[{""name"":""规格"",""value"":""7英寸(手拍)""}]（29.90*1）,蛋挞一个（原味）（3.90*1）,餐盒（2.50*1）",榴莲王披萨+蛋挞1个,,,,非会员,98,,,依据餐量提供餐具,,33.80,18.19,9.91,0.00,0,0,1.75,0.00,5.60,【活动支出】单品特价:2.91元+【活动支出】CPS商户叠加券:0.00元+【活动支出】饿了么红包:7.00元+【活动支出】淘金币:0.00元+【活动支出】替用户承担配送费:5.6元,-,-,-,2.50,温州区域,温州直营,,,否,-,平台配送
圣比萨（娄桥店）,SBM00040,温州,"8031440256017330459	",饿了么,平台外卖,已完成,2025-10-24 22:08:00,2025-10-24 22:08:00,2025-10-24 22:08:01,饿了么支付-在线支付,,即时单,2025-10-24 22:08:00,10.13,手动出餐,1,否,"新奥尔良烤鸡肉披萨-7英寸(手拍)[{""name"":""规格"",""value"":""7英寸(手拍)""}]（21.90*1）,奶酪芝士卷边（7英寸）（4.90*1）,餐盒（2.00*1）",新奥尔良烤鸡肉披萨+奶酪芝士卷边7,,,,非会员,99,,,不要辣 / 依据餐量提供餐具,,26.80,15.46,6.00,0.00,0,0,1.49,0.00,5.60,【活动支出】首次光顾立减:1.00元+【活动支出】饿了么红包:5.00元+【活动支出】替用户承担配送费:5.6元,-,-,-,2.00,温州区域,温州直营,,,否,-,平台配送
圣比萨（娄桥店）,SBM00040,温州,"8015250256015876519	",饿了么,平台外卖,已完成,2025-10-24 22:11:51,2025-10-24 22:11:51,2025-10-24 22:11:52,饿了么支付-在线支付,,即时单,2025-10-24 22:11:51,11.10,自动出餐,1,否,"奶酪芝士卷边（12英寸）（8.90*1）,新奥尔良烤鸡肉披萨-12英寸(手拍)[{""name"":""规格"",""value"":""12英寸(手拍)""}]（46.90*1）,蛋挞一个（原味）（3.90*1）,餐盒（2.50*1）",奶酪芝士卷边+新奥尔良烤鸡肉披萨+蛋挞1个,,,,非会员,100,,,依据餐量提供餐具,,59.70,30.54,17.91,0.00,0,0,3.10,0.00,7.70,【活动支出】店铺满减:1.00元+【活动支出】单品特价:2.91元+【活动支出】下单返红包:2.00元+【活动支出】饿了么红包:12.00元+【活动支出】替用户承担配送费:6.0元,-,-,-,2.50,温州区域,温州直营,,,否,-,平台配送
圣比萨（娄桥店）,SBM00040,温州,"8055340256023368045	",饿了么,平台外卖,已完成,2025-10-24 22:30:05,2025-10-24 22:30:05,2025-10-24 22:30:05,饿了么支付-在线支付,,即时单,2025-10-24 22:30:05,11.15,自动出餐,1,否,"【任选】披萨随心配（29.90*1）,蛋挞一个（原味）（3.90*1）,餐盒（2.50*1）",不加一+小薯条+小可乐+不加一+新奥尔良烤鸡肉披萨(7英寸(手拍))+蛋挞1个,,,,非会员,101,,,依据餐量提供餐具,,33.80,17.26,10.91,0.00,0,0,1.68,0.00,5.60,【活动支出】首次光顾立减:1.00元+【活动支出】单品特价:2.91元+【活动支出】 商家自营销加码:2.00元+【活动支出】CPS商户叠加券:0.00元+【活动支出】饿了么红包:5.00元+【活动支出】淘金币:0.00元+【活动支出】替用户承担配送费:5.6元,-,-,-,2.50,温州区域,温州直营,,,否,-,平台配送
圣比萨（娄桥店）,SBM00040,温州,"8081440256029488632	",饿了么,平台外卖,已完成,2025-10-24 22:34:37,2025-10-24 22:34:37,2025-10-24 22:34:37,饿了么支付-在线支付,,即时单,2025-10-24 22:34:37,11.13,自动出餐,1,否,"新奥尔良烤鸡肉披萨-7英寸(手拍)[{""name"":""规格"",""value"":""7英寸(手拍)""}]（21.90*1）,可口可乐[常温]（6.00*1）,明星小食桶B（19.90*1）,餐盒（3.00*1）",新奥尔良烤鸡肉披萨+小可乐+明星小食桶B,,,,非会员,102,,,1份餐具,,47.80,28.79,11.00,0.00,0,0,2.76,0.00,5.60,【活动支出】店铺满减:1.00元+【活动支出】首次光顾立减:1.00元+【活动支出】饿了么红包:9.00元+【活动支出】替用户承担配送费:5.6元,-,-,-,3.00,温州区域,温州直营,,,否,-,平台配送
圣比萨（娄桥店）,SBM00040,温州,"8096040255933511955	",饿了么,平台外卖,已完成,2025-10-24 23:03:16,2025-10-24 23:03:16,2025-10-24 23:03:16,饿了么支付-在线支付,,即时单,2025-10-24 23:03:16,11.03,自动出餐,1,否,"大圣招牌大满贯披萨-12英寸(手拍)[{""name"":""规格"",""value"":""12英寸(手拍)""}]（61.90*1）,蛋挞一个（原味）（3.90*1）,咸蛋黄风味流心卷边（12英寸）（8.90*1）,餐盒（2.50*1）",大圣招牌大满贯披萨+蛋挞1个+咸蛋黄流沙卷边,,,,非会员,103,,,2份餐具,,74.70,36.72,21.91,0.00,0,0,3.92,0.00,10.70,【活动支出】店铺满减:6.00元+【活动支出】首次光顾立减:1.00元+【活动支出】单品特价:2.91元+【活动支出】精准营销红包:3.00元+【活动支出】饿了么红包:9.00元+【活动支出】饿了么红包:0.00元+【活动支出】替用户承担配送费:6.0元,-,-,-,2.50,温州区域,温州直营,,,否,-,平台配送
圣比萨（娄桥店）,SBM00040,温州,"8039030256044965253	",饿了么,平台外卖,已完成,2025-10-24 23:27:13,2025-10-24 23:27:13,2025-10-24 23:27:13,饿了么支付-在线支付,,即时单,2025-10-24 23:27:13,11.15,自动出餐,1,否,手握三选一+二选一+可乐-单点[奥尔良+上校鸡块 2 块+可乐]（21.40*1）,小可乐+奥尔良风情烤鸡肉一人食盒子披萨+上校鸡块2个,,,,非会员,104,,,依据餐量提供餐具,,21.40,14.00,0.00,0.00,0,0,0.00,0.00,,【活动支出】拼团反圈活动:0.00元,-,-,-,0.00,温州区域,温州直营,,,否,-,平台配送
圣比萨（玉环沙门店）,SBM00034,台州,"8098876089493758359	",饿了么,平台外卖,已完成,2025-10-23 22:43:57,2025-10-23 22:43:57,2025-10-23 22:43:57,饿了么支付-在线支付,,预约单,2025-10-24 10:45:00,676.05,自动出餐,1,否,"新奥尔良烤鸡肉披萨-7英寸(手拍)[{""name"":""规格"",""value"":""7英寸(手拍)""}]（23.90*1）,点击右上角❤️收藏得小吃[墨鱼丸1个]（3.00*1）,蛋挞一个（原味）（3.90*1）,餐盒（3.00*1）",新奥尔良烤鸡肉披萨+深海墨鱼丸1个+蛋挞1个,,,,非会员,1,,,依据餐量提供餐具,,30.80,13.68,12.81,0.00,0,0,1.31,0.00,2.80,【活动支出】单品特价:2.90元+【活动支出】单品特价:2.91元+【活动支出】饿了么红包:7.00元+【活动支出】淘金币:0.00元+【活动支出】替用户承担配送费:2.8元,-,-,-,3.00,台州区域,台州加盟,,,否,-,平台配送
圣比萨（玉环沙门店）,SBM00034,台州,"8092000255654820121	",饿了么,平台外卖,已完成,2025-10-24 09:52:40,2025-10-24 09:52:40,2025-10-24 09:52:40,饿了么支付-在线支付,,预约单,2025-10-24 11:05:00,27.50,自动出餐,1,否,"日系照烧鸡披萨-7英寸(手拍)[{""name"":""规格"",""value"":""7英寸(手拍)""}]（25.90*1）,餐盒（2.00*1）",日系照烧鸡披萨,,,,非会员,2,,,1份餐具,,25.90,12.91,7.00,0.00,0,0,1.29,0.00,3.80,【活动支出】饿了么红包:7.00元+【活动支出】替用户承担配送费:3.8元,-,-,-,2.00,台州区域,台州加盟,,,否,-,平台配送
圣比萨（玉环沙门店）,SBM00034,台州,"8065596089520963968	",饿了么,平台外卖,已完成,2025-10-24 10:11:38,2025-10-24 10:11:38,2025-10-24 10:11:38,饿了么支付-在线支付,,即时单,2025-10-24 10:11:38,10.10,自动出餐,1,否,"新奥尔良烤鸡肉披萨-7英寸(手拍)[{""name"":""规格"",""value"":""7英寸(手拍)""}]（23.90*1）,奶酪芝士卷边（7英寸）（4.90*1）,餐盒（2.00*1）",新奥尔良烤鸡肉披萨+奶酪芝士卷边7,,,,非会员,3,,,依据餐量提供餐具,,28.80,16.65,7.00,0.00,0,0,1.55,0.00,2.30,【活动支出】饿了么红包:7.00元+【活动支出】替用户承担配送费:2.3元,-,-,-,2.00,台州区域,台州加盟,,,否,-,平台配送
圣比萨（玉环沙门店）,SBM00034,台州,"8083430255666922954	",饿了么,平台外卖,已完成,2025-10-24 10:30:53,2025-10-24 10:30:53,2025-10-24 10:30:53,饿了么支付-在线支付,,即时单,2025-10-24 10:30:53,10.17,自动出餐,1,否,"榴莲王披萨-7英寸(手拍)[{""name"":""规格"",""value"":""7英寸(手拍)""}]（33.90*1）,蛋挞一个（原味）（3.90*1）,餐盒（2.50*1）",榴莲王披萨+蛋挞1个,,,,非会员,4,,,依据餐量提供餐具,,37.80,21.95,8.91,0.00,0,0,2.04,0.00,3.30,【活动支出】单品特价:2.91元+【活动支出】饿了么红包:6.00元+【活动支出】替用户承担配送费:3.3元,-,-,-,2.50,台州区域,台州加盟,,,否,-,平台配送
圣比萨（玉环沙门店）,SBM00034,台州,"8034976089605318057	",饿了么,平台外卖,已完成,2025-10-24 11:02:15,2025-10-24 11:02:15,2025-10-24 11:02:15,饿了么支付-在线支付,,即时单,2025-10-24 11:02:15,12.23,自动出餐,1,否,"【随心❤️拼】7英寸双拼披萨（口味自选）[碳烤鸡肉培根+缤纷水果]（26.90*1）,餐盒（2.00*1）",双拼7寸【碳烤鸡肉培根口味7】+双拼7寸【缤纷水果口味7】,,,,非会员,5,,,依据餐量提供餐具,,26.90,15.02,7.00,0.00,0,0,1.38,0.00,2.80,【活动支出】饿了么红包:7.00元+【活动支出】替用户承担配送费:2.8元,-,-,-,2.00,台州区域,台州加盟,,,否,-,平台配送
圣比萨（玉环沙门店）,SBM00034,台州,"8030916089601750394	",饿了么,平台外卖,已退款,2025-10-24 11:24:34,2025-10-24 11:24:34,2025-10-24 11:24:34,饿了么支付-在线支付,,即时单,2025-10-24 11:24:34,,未出餐,1,否,"红薯薯泥流心卷边（7英寸）（4.90*1）,新奥尔良烤鸡肉披萨-7英寸(手拍)[{""name"":""规格"",""value"":""7英寸(手拍)""}]（23.90*1）,地道肠（3.90*1）,餐盒（2.50*1）",红薯泥流心卷边7+新奥尔良烤鸡肉披萨+地道肠1根,,,,非会员,6,,,依据餐量提供餐具,"餐厅同意取消单 ",32.70,-3.21,7.00,22.20,0,0,1.81,0.00,3.30,【活动支出】饿了么红包:7.00元+【活动支出】替用户承担配送费:3.3元,-,-,-,2.50,台州区域,台州加盟,,,否,-,平台配送
圣比萨（玉环沙门店）,SBM00034,台州,"8087460255718283592	",饿了么,平台外卖,已完成,2025-10-24 11:24:57,2025-10-24 11:24:57,2025-10-24 11:24:57,饿了么支付-在线支付,,即时单,2025-10-24 11:24:57,12.07,自动出餐,1,否,番茄牛肉意面-单点（19.79*1）,番茄牛肉意面,,,,非会员,7,,,依据餐量提供餐具,,19.79,12.59,0.00,0.00,0,0,0.00,0.00,,【活动支出】拼团反圈活动:0.00元,-,-,-,0.00,台州区域,台州加盟,,,否,-,平台配送
圣比萨（玉环沙门店）,SBM00034,台州,"8030916089635400000	",饿了么,平台外卖,已完成,2025-10-24 11:28:52,2025-10-24 11:28:52,2025-10-24 11:28:53,饿了么支付-在线支付,,即时单,2025-10-24 11:28:52,12.07,自动出餐,1,否,"新奥尔良烤鸡肉披萨-7英寸(手拍)[{""name"":""规格"",""value"":""7英寸(手拍)""}]（23.90*1）,地道肠（3.90*1）,餐盒（2.50*1）",新奥尔良烤鸡肉披萨+地道肠1根,,,,非会员,8,,,依据餐量提供餐具,,27.80,15.04,7.00,0.00,0,0,1.46,0.00,3.30,【活动支出】饿了么红包:7.00元+【活动支出】替用户承担配送费:3.3元,-,-,-,2.50,台州区域,台州加盟,,,否,-,平台配送
圣比萨（玉环沙门店）,SBM00034,台州,"8064490255802041616	",饿了么,平台外卖,已完成,2025-10-24 13:43:49,2025-10-24 13:43:49,2025-10-24 13:43:49,饿了么支付-在线支付,,即时单,2025-10-24 13:43:49,10.13,自动出餐,1,否,"番茄牛肉意面（25.90*1）,餐盒（2.00*1）",番茄牛肉意面,,,,非会员,9,,,依据餐量提供餐具,,25.90,13.41,7.00,0.00,0,0,1.29,0.00,3.30,【活动支出】饿了么红包:7.00元+【活动支出】淘金币:0.00元+【活动支出】替用户承担配送费:3.3元,-,-,-,2.00,台州区域,台州加盟,,,否,-,平台配送
圣比萨（玉环沙门店）,SBM00034,台州,"8043460255829250335	",饿了么,平台外卖,已完成,2025-10-24 14:34:44,2025-10-24 14:34:44,2025-10-24 14:34:45,饿了么支付-在线支付,,即时单,2025-10-24 14:34:44,10.23,自动出餐,1,否,"【随心❤️拼】7英寸双拼披萨（口味自选）[新奥尔良烤鸡肉+碳烤鸡肉培根]（26.90*1）,餐盒（2.00*1）",双拼7寸【奥尔良口味7】+双拼7寸【碳烤鸡肉培根口味7】,,,,非会员,10,,,依据餐量提供餐具,,26.90,15.35,6.00,0.00,0,0,1.45,0.00,2.80,【活动支出】饿了么红包:6.00元+【活动支出】替用户承担配送费:2.8元,-,-,-,2.00,台州区域,台州加盟,,,否,-,平台配送
圣比萨（玉环沙门店）,SBM00034,台州,"8092130255741843781	",饿了么,平台外卖,已完成,2025-10-24 15:45:15,2025-10-24 15:45:15,2025-10-24 15:45:16,饿了么支付-在线支付,,即时单,2025-10-24 15:45:15,10.07,自动出餐,1,否,"咖喱鸡肉芝士焗饭（25.90*1）,餐盒（2.00*1）",咖喱鸡肉芝士焗饭,,,,非会员,11,,,依据餐量提供餐具,,25.90,12.91,7.00,0.00,0,0,1.29,0.00,3.80,【活动支出】饿了么红包:7.00元+【活动支出】替用户承担配送费:3.8元,-,-,-,2.00,台州区域,台州加盟,,,否,-,平台配送
圣比萨（玉环沙门店）,SBM00034,台州,"8083140255843049805	",饿了么,平台外卖,已完成,2025-10-24 15:55:57,2025-10-24 15:55:57,2025-10-24 15:55:57,饿了么支付-在线支付,,即时单,2025-10-24 15:55:57,10.18,自动出餐,1,否,"金丝鸡排（6.90*1）,咸蛋黄风味流沙卷边（7英寸）（4.90*1）,新奥尔良烤鸡肉披萨-7英寸(手拍)[{""name"":""规格"",""value"":""7英寸(手拍)""}]（23.90*1）,餐盒（2.50*1）",金丝鸡排+咸蛋黄流沙卷边7+新奥尔良烤鸡肉披萨,,,,非会员,12,,,依据餐量提供餐具,,35.70,22.92,7.00,0.00,0,0,2.08,0.00,2.30,【活动支出】店铺满减:1.00元+【活动支出】饿了么红包:6.00元+【活动支出】替用户承担配送费:2.3元,-,-,-,2.50,台州区域,台州加盟,,,否,-,平台配送
圣比萨（玉环沙门店）,SBM00034,台州,"8031460255851258225	",饿了么,平台外卖,已完成,2025-10-24 16:23:47,2025-10-24 16:23:47,2025-10-24 16:23:47,饿了么支付-在线支付,,即时单,2025-10-24 16:23:47,10.17,自动出餐,1,否,"【任选】披萨随心配（31.90*1）,餐盒（2.00*1）",上校鸡块+不加一+新奥尔良烤鸡肉披萨(7英寸(手拍))+小可乐+不加一,,,,非会员,13,,,依据餐量提供餐具,,31.90,19.86,6.00,0.00,0,0,1.84,0.00,2.30,【活动支出】饿了么红包:6.00元+【活动支出】替用户承担配送费:2.3元,-,-,-,2.00,台州区域,台州加盟,,,否,-,平台配送
圣比萨（玉环沙门店）,SBM00034,台州,"8081330255759844694	",饿了么,平台外卖,已完成,2025-10-24 16:42:39,2025-10-24 16:42:39,2025-10-24 16:42:39,饿了么支付-在线支付,,即时单,2025-10-24 16:42:39,10.02,自动出餐,1,否,"全翅桶（39.90*1）,餐盒（1.00*1）",全翅桶,,,,非会员,14,,,依据餐量提供餐具,,39.90,22.64,10.00,0.00,0,0,2.06,0.00,2.30,【活动支出】店铺满减:1.00元+【活动支出】饿了么红包:9.00元+【活动支出】替用户承担配送费:2.3元,-,-,-,1.00,台州区域,台州加盟,,,否,-,平台配送
圣比萨（玉环沙门店）,SBM00034,台州,"8025986089790310832	",饿了么,平台外卖,已完成,2025-10-24 17:13:21,2025-10-24 17:13:21,2025-10-24 17:13:22,饿了么支付-在线支付,,即时单,2025-10-24 17:13:21,10.18,自动出餐,1,否,"日系照烧鸡披萨-7英寸(手拍)[{""name"":""规格"",""value"":""7英寸(手拍)""}]（25.90*1）,酸奶多多流心卷边（7英寸）（4.90*1）,缤纷芝士挞-菠萝味[{""name"":""规格"",""value"":""菠萝味""}]（5.90*1）,川香脆皮翅根-1个[{""name"":""规格"",""value"":""1个""}]（6.90*1）,餐盒（3.00*1）",日系照烧鸡披萨+酸奶多多流心卷边7+缤纷芝士挞+川香脆皮大翅根,,,,非会员,15,,,1份餐具,,43.60,26.37,10.00,0.00,0,0,2.43,0.00,2.80,【活动支出】店铺满减:1.00元+【活动支出】饿了么红包:9.00元+【活动支出】替用户承担配送费:2.8元,-,-,-,3.00,台州区域,台州加盟,,,否,-,平台配送
圣比萨（玉环沙门店）,SBM00034,台州,"8023816089843505418	",饿了么,平台外卖,已完成,2025-10-24 18:45:37,2025-10-24 18:45:37,2025-10-24 18:45:38,饿了么支付-在线支付,,即时单,2025-10-24 18:45:37,12.18,自动出餐,1,否,"新奥尔良烤鸡肉披萨-7英寸(手拍)[{""name"":""规格"",""value"":""7英寸(手拍)""}]（23.90*1）,点击右上角❤️收藏得小吃[上校鸡块2个]（3.00*1）,蛋挞一个（原味）（3.90*1）,餐盒（3.00*1）",新奥尔良烤鸡肉披萨+上校鸡块2个+蛋挞1个,,,,非会员,16,,,无需餐具,,30.80,13.99,12.81,0.00,0,0,1.30,0.00,3.30,【活动支出】单品特价:2.90元+【活动支出】单品特价:2.91元+【活动支出】饿了么红包:7.00元+【活动支出】替用户承担配送费:3.3元,-,-,-,3.00,台州区域,台州加盟,,,否,-,平台配送
圣比萨（玉环沙门店）,SBM00034,台州,"8024926089831662973	",饿了么,平台外卖,已完成,2025-10-24 18:50:29,2025-10-24 18:50:29,2025-10-24 18:50:29,饿了么支付-在线支付,,即时单,2025-10-24 18:50:29,12.20,自动出餐,1,否,"咸蛋黄风味流沙卷边（7英寸）（4.90*1）,【随心❤️拼】7英寸双拼披萨（口味自选）[新奥尔良烤鸡肉+碳烤鸡肉培根]（26.90*1）,点击右上角❤️收藏得小吃[上校鸡块2个]（3.00*1）,蛋挞一个（原味）（3.90*1）,餐盒（3.00*1）",咸蛋黄流沙卷边7+双拼7寸【奥尔良口味7】+双拼7寸【碳烤鸡肉培根口味7】+上校鸡块2个+蛋挞1个,,,,非会员,17,,,依据餐量提供餐具,,38.70,19.13,12.81,0.00,0,0,1.86,0.00,3.80,【活动支出】单品特价:2.90元+【活动支出】单品特价:2.91元+【活动支出】饿了么红包:7.00元+【活动支出】替用户承担配送费:3.8元,-,-,-,3.00,台州区域,台州加盟,,,否,-,平台配送
圣比萨（玉环沙门店）,SBM00034,台州,"8059696089859545507	",饿了么,平台外卖,已完成,2025-10-24 19:53:57,2025-10-24 19:53:57,2025-10-24 19:53:57,饿了么支付-在线支付,,即时单,2025-10-24 19:53:57,10.03,自动出餐,1,否,"【任选】买一送一7英寸披萨（51.70*1）,餐盒（2.00*1）",新奥尔良烤鸡肉披萨(7英寸(手拍))+玉米沙拉披萨(7英寸(手拍)),,,,非会员,18,,,依据餐量提供餐具,,51.70,30.17,10.00,0.00,0,0,2.93,0.00,5.00,【活动支出】店铺满减:1.00元+【活动支出】饿了么红包:9.00元+【活动支出】替用户承担配送费:5.0元,-,-,-,2.00,台州区域,台州加盟,,,否,-,平台配送
圣比萨（玉环沙门店）,SBM00034,台州,"8084030255988101459	",饿了么,平台外卖,已完成,2025-10-24 20:11:53,2025-10-24 20:11:53,2025-10-24 20:11:53,饿了么支付-在线支付,,即时单,2025-10-24 20:11:53,10.05,自动出餐,1,否,"【任选】披萨随心配（31.90*1）,餐盒（2.00*1）",地道肠1根+不加一+缤纷水果披萨(7英寸(手拍))+芒果汁+不加一,,,,非会员,19,,,依据餐量提供餐具,,31.90,19.86,6.00,0.00,0,0,1.84,0.00,2.30,【活动支出】饿了么红包:6.00元+【活动支出】替用户承担配送费:2.3元,-,-,-,2.00,台州区域,台州加盟,,,否,-,平台配送
圣比萨（玉环沙门店）,SBM00034,台州,"8010886089867758021	",饿了么,平台外卖,已完成,2025-10-24 20:12:52,2025-10-24 20:12:52,2025-10-24 20:12:52,饿了么支付-在线支付,,即时单,2025-10-24 20:12:52,10.08,自动出餐,1,否,"【随心❤️拼】7英寸双拼披萨（口味自选）[玉米沙拉+新奥尔良烤鸡肉]（26.90*1）,奶酪芝士卷边（7英寸）（4.90*1）,餐盒（2.00*1）",双拼7寸【玉米沙拉口味7】+双拼7寸【奥尔良口味7】+奶酪芝士卷边7,,,,非会员,20,,,依据餐量提供餐具,,31.80,19.44,7.00,0.00,0,0,1.76,0.00,2.30,【活动支出】饿了么红包:7.00元+【活动支出】替用户承担配送费:2.3元,-,-,-,2.00,台州区域,台州加盟,,,否,-,平台配送
圣比萨（玉环沙门店）,SBM00034,台州,"8014140256069504280	",饿了么,平台外卖,已完成,2025-10-24 20:17:45,2025-10-24 20:17:45,2025-10-24 20:17:46,饿了么支付-在线支付,,即时单,2025-10-24 20:17:45,10.08,自动出餐,1,否,"【任选】买一送一7英寸披萨（46.80*1）,点击右上角❤️收藏得小吃[墨鱼丸1个]（3.00*1）,蛋挞一个（原味）（3.90*1）,餐盒（3.00*1）",日系照烧鸡披萨(7英寸(手拍))+花果山披萨(7英寸(手拍))+深海墨鱼丸1个+蛋挞1个,,,,非会员,21,,,依据餐量提供餐具,,53.70,33.00,12.81,0.00,0,0,2.99,0.00,2.30,【活动支出】店铺满减:1.00元+【活动支出】单品特价:2.90元+【活动支出】单品特价:2.91元+【活动支出】饿了么红包:6.00元+【活动支出】替用户承担配送费:2.3元,-,-,-,3.00,台州区域,台州加盟,,,否,-,平台配送
圣比萨（玉环沙门店）,SBM00034,台州,"8080736089891774879	",饿了么,平台外卖,已完成,2025-10-24 21:09:26,2025-10-24 21:09:26,2025-10-24 21:09:27,饿了么支付-在线支付,,即时单,2025-10-24 21:09:26,10.22,自动出餐,1,否,"明星小食桶A（14.90*1）,新奥尔良烤鸡肉披萨-7英寸(手拍)[{""name"":""规格"",""value"":""7英寸(手拍)""}]（23.90*1）,奶酪芝士卷边（7英寸）（4.90*1）,餐盒（3.00*1）",明星小食桶A+新奥尔良烤鸡肉披萨+奶酪芝士卷边7,,,,非会员,22,,,"多几包番茄酱,多几包番茄酱,多几包番茄酱,多几包番茄酱,多几包番茄酱,多几包番茄酱 / 依据餐量提供餐具",,43.70,26.27,10.00,0.00,0,0,2.43,0.00,3.80,【活动支出】店铺满减:1.00元+【活动支出】饿了么红包:9.00元+【活动支出】替用户承担配送费:3.8元,-,-,-,3.00,台州区域,台州加盟,,,否,-,平台配送
圣比萨（玉环沙门店）,SBM00034,台州,"8078170256019614135	",饿了么,平台外卖,已完成,2025-10-24 21:56:39,2025-10-24 21:56:39,2025-10-24 21:56:39,饿了么支付-在线支付,,即时单,2025-10-24 21:56:39,10.08,自动出餐,1,否,"榴莲王披萨-7英寸(手拍)[{""name"":""规格"",""value"":""7英寸(手拍)""}]（33.90*1）,餐盒（2.00*1）",榴莲王披萨,,,,非会员,23,,,1份餐具,,33.90,19.64,7.00,0.00,0,0,1.86,0.00,3.30,【活动支出】饿了么红包:7.00元+【活动支出】替用户承担配送费:3.3元,-,-,-,2.00,台州区域,台州加盟,,,否,-,平台配送
圣比萨（玉环沙门店）,SBM00034,台州,"8015250256024185130	",饿了么,平台外卖,已完成,2025-10-24 22:03:57,2025-10-24 22:03:57,2025-10-24 22:03:57,饿了么支付-在线支付,,即时单,2025-10-24 22:03:57,10.18,自动出餐,1,否,"【任选】买一送一7英寸披萨（41.90*1）,餐盒（2.00*1）",日系照烧鸡披萨(7英寸(手拍))+碳烤鸡肉培根披萨(7英寸(手拍)),,,,非会员,24,,,2份餐具,,41.90,23.68,10.00,0.00,0,0,2.22,0.00,3.30,【活动支出】店铺满减:1.00元+【活动支出】饿了么红包:9.00元+【活动支出】替用户承担配送费:3.3元,-,-,-,2.00,台州区域,台州加盟,,,否,-,平台配送
圣比萨（玉环沙门店）,SBM00034,台州,"8022546089916675464	",饿了么,平台外卖,已完成,2025-10-24 22:37:12,2025-10-24 22:37:12,2025-10-24 22:37:13,饿了么支付-在线支付,,即时单,2025-10-24 22:37:12,10.17,自动出餐,1,否,"新奥尔良烤鸡肉披萨-7英寸(手拍)[{""name"":""规格"",""value"":""7英寸(手拍)""}]（23.90*1）,上校鸡块（4.90*1）,餐盒（2.50*1）",新奥尔良烤鸡肉披萨+上校鸡块,,,,非会员,25,,,1份餐具,,28.80,15.97,7.00,0.00,0,0,1.53,0.00,3.30,【活动支出】饿了么红包:7.00元+【活动支出】替用户承担配送费:3.3元,-,-,-,2.50,台州区域,台州加盟,,,否,-,平台配送
圣比萨（玉环沙门店）,SBM00034,台州,"8056916089926218118	",饿了么,平台外卖,已完成,2025-10-24 22:50:04,2025-10-24 22:50:04,2025-10-24 22:50:04,饿了么支付-在线支付,,即时单,2025-10-24 22:50:04,10.20,自动出餐,1,否,"蛋挞一个（3.90*1）,【随心❤️拼】7英寸双拼披萨（口味自选）[日系照烧鸡+缤纷水果]（26.90*1）,地道肠（3.90*1）,餐盒（3.00*1）",蛋挞1个+双拼7寸【日系照烧口味7】+双拼7寸【缤纷水果口味7】+地道肠1根,,,,非会员,26,,,依据餐量提供餐具,,34.70,22.23,6.00,0.00,0,0,2.07,0.00,3.30,【活动支出】饿了么红包:6.00元+【活动支出】替用户承担配送费:3.3元,-,-,-,3.00,台州区域,台州加盟,,,否,-,平台配送
圣比萨（玉环陈屿店）,SBM00037,台州,"8034100255570866528	",饿了么,平台外卖,已完成,2025-10-24 10:40:21,2025-10-24 10:40:21,2025-10-24 10:40:21,饿了么支付-在线支付,,即时单,2025-10-24 10:40:21,13.18,自动出餐,1,否,"【任选】披萨随心配（34.80*1）,点击右上角❤️免费得小吃（限一份，多点不送）[上校鸡块2个]（0.20*1）,餐盒（2.00*1）",小可乐+新奥尔良烤鸡肉披萨(7英寸(手拍))+经典薯条+上校鸡块2个,,,,非会员,1,,,依据餐量提供餐具,,35.00,22.53,6.00,0.00,0,0,2.07,0.00,2.30,【活动支出】首次光顾立减:1.00元+【活动支出】超会爆红包省钱包:5.00元+【活动支出】替用户承担配送费:2.3元,-,-,-,2.00,台州区域,台州加盟,,,否,-,平台配送
圣比萨（玉环陈屿店）,SBM00037,台州,"8061926089585277286	",饿了么,平台外卖,已完成,2025-10-24 10:42:12,2025-10-24 10:42:12,2025-10-24 10:42:12,饿了么支付-在线支付,,预约单,2025-10-24 11:20:00,3.25,自动出餐,1,否,"【任选】披萨随心配（33.80*1）,点击右上角❤️免费得小吃（限一份，多点不送）[上校鸡块2个]（0.20*1）,餐盒（2.00*1）",芒果汁+日系照烧鸡披萨(7英寸(手拍))+蛋挞+上校鸡块2个,,,,非会员,2,,,依据餐量提供餐具,,34.00,21.61,6.00,0.00,0,0,1.99,0.00,2.30,【活动支出】首次光顾立减:1.00元+【活动支出】饿了么红包:5.00元+【活动支出】替用户承担配送费:2.3元,-,-,-,2.00,台州区域,台州加盟,,,否,-,平台配送
圣比萨（玉环陈屿店）,SBM00037,台州,"8079606089591377215	",饿了么,平台外卖,已完成,2025-10-24 10:51:02,2025-10-24 10:51:02,2025-10-24 10:51:02,饿了么支付-在线支付,,即时单,2025-10-24 10:51:02,13.07,自动出餐,1,否,"【任选】披萨随心配（34.80*1）,餐盒（2.00*1）",小可乐+新奥尔良烤鸡肉披萨(7英寸(手拍))+经典薯条,,,,非会员,3,,,依据餐量提供餐具,,34.80,22.35,6.00,0.00,0,0,2.05,0.00,2.30,【活动支出】首次光顾立减:1.00元+【活动支出】饿了么红包:5.00元+【活动支出】替用户承担配送费:2.3元,-,-,-,2.00,台州区域,台州加盟,,,否,-,平台配送
圣比萨（玉环陈屿店）,SBM00037,台州,"8036320255799162152	",饿了么,平台外卖,已完成,2025-10-24 11:10:42,2025-10-24 11:10:42,2025-10-24 11:10:42,饿了么支付-在线支付,,即时单,2025-10-24 11:10:42,14.02,自动出餐,1,否,"热带雨林水果一人食盒子披萨（23.90*1）,明星小食桶任选3（17.80*1）,餐盒（3.00*1）",热带雨林水果一人食盒子披萨+地道肠1根+蛋挞+美式香骨鸡,,,,非会员,4,,,依据餐量提供餐具,,41.70,27.59,7.00,0.00,0,0,2.51,0.00,2.80,【活动支出】店铺满减:1.00元+【活动支出】首次光顾立减:1.00元+【活动支出】饿了么红包:5.00元+【活动支出】替用户承担配送费:2.8元,-,-,-,3.00,台州区域,台州加盟,,,否,-,平台配送
圣比萨（玉环陈屿店）,SBM00037,台州,"8079320255717749032	",饿了么,平台外卖,已完成,2025-10-24 11:18:11,2025-10-24 11:18:11,2025-10-24 11:18:11,饿了么支付-在线支付,,即时单,2025-10-24 11:18:11,14.18,自动出餐,1,否,"【随心❤️拼】7英寸双拼披萨（口味自选）[日系照烧鸡+碳烤鸡肉培根]（27.90*1）,餐盒（2.00*1）",双拼7寸【日系照烧口味7】+双拼7寸【碳烤鸡肉培根口味7】,,,,非会员,5,,,依据餐量提供餐具,,27.90,15.72,7.00,0.00,0,0,1.48,0.00,2.30,【活动支出】下单返红包:2.00元+【活动支出】饿了么红包:5.00元+【活动支出】替用户承担配送费:2.3元,-,-,-,2.00,台州区域,台州加盟,,,否,-,平台配送
圣比萨（玉环陈屿店）,SBM00037,台州,"8011330255714025907	",饿了么,平台外卖,已完成,2025-10-24 11:18:36,2025-10-24 11:18:36,2025-10-24 11:18:36,饿了么支付-在线支付,,即时单,2025-10-24 11:18:36,14.00,自动出餐,1,否,"【随心❤️拼】7英寸双拼披萨（口味自选）[日系照烧鸡+碳烤鸡肉培根]（27.90*1）,咸蛋黄风味流沙卷边（7英寸）（4.90*1）,餐盒（2.00*1）",双拼7寸【日系照烧口味7】+双拼7寸【碳烤鸡肉培根口味7】+咸蛋黄流沙卷边7,,,,非会员,6,,,依据餐量提供餐具,,32.80,20.49,6.00,0.00,0,0,1.91,0.00,2.30,【活动支出】首次光顾立减:1.00元+【活动支出】饿了么红包:5.00元+【活动支出】替用户承担配送费:2.3元,-,-,-,2.00,台州区域,台州加盟,,,否,-,平台配送
圣比萨（玉环陈屿店）,SBM00037,台州,"8019270255806146968	",饿了么,平台外卖,已完成,2025-10-24 13:35:47,2025-10-24 13:35:47,2025-10-24 13:35:48,饿了么支付-在线支付,,即时单,2025-10-24 13:35:47,13.02,自动出餐,1,否,"奶酪芝士卷边（7英寸）（4.90*1）,新奥尔良烤鸡肉披萨-7英寸(手拍)[{""name"":""规格"",""value"":""7英寸(手拍)""}]（25.90*1）,餐盒（2.00*1）",奶酪芝士卷边7+新奥尔良烤鸡肉披萨,,,,非会员,7,,,依据餐量提供餐具,,30.80,19.34,6.00,0.00,0,0,1.76,0.00,2.30,【活动支出】首次光顾立减:1.00元+【活动支出】饿了么红包:5.00元+【活动支出】替用户承担配送费:2.3元,-,-,-,2.00,台州区域,台州加盟,,,否,-,平台配送
圣比萨（玉环陈屿店）,SBM00037,台州,"8017010255910091054	",饿了么,平台外卖,已完成,2025-10-24 14:32:17,2025-10-24 14:32:17,2025-10-24 14:32:17,饿了么支付-在线支付,,即时单,2025-10-24 14:32:17,13.20,自动出餐,1,否,"榴莲王披萨-7英寸(手拍)[{""name"":""规格"",""value"":""7英寸(手拍)""}]（33.90*1）,红薯薯泥流心卷边（7英寸）（4.90*1）,餐盒（2.00*1）",榴莲王披萨+红薯泥流心卷边7,,,,非会员,8,,,依据餐量提供餐具,,38.80,24.43,7.00,0.00,0,0,2.27,0.00,2.30,【活动支出】店铺满减:1.00元+【活动支出】首次光顾立减:1.00元+【活动支出】饿了么红包:5.00元+【活动支出】替用户承担配送费:2.3元,-,-,-,2.00,台州区域,台州加盟,,,否,-,平台配送
圣比萨（玉环陈屿店）,SBM00037,台州,"8069626089706557719	",饿了么,平台外卖,已完成,2025-10-24 15:41:24,2025-10-24 15:41:24,2025-10-24 15:41:25,饿了么支付-在线支付,,即时单,2025-10-24 15:41:24,13.15,自动出餐,1,否,"新奥尔良烤鸡肉披萨-7英寸(手拍)[{""name"":""规格"",""value"":""7英寸(手拍)""}]（25.90*1）,蛋挞一个（3.90*2）,餐盒（2.00*1）",新奥尔良烤鸡肉披萨+蛋挞1个,,,,非会员,9,,,依据餐量提供餐具,,33.70,19.55,7.91,0.00,0,0,1.84,0.00,2.30,【活动支出】首次光顾立减:1.00元+【活动支出】单品特价:1.91元+【活动支出】饿了么红包:5.00元+【活动支出】替用户承担配送费:2.3元,-,-,-,2.00,台州区域,台州加盟,,,否,-,平台配送
圣比萨（玉环陈屿店）,SBM00037,台州,"8030320255843448156	",饿了么,平台外卖,已完成,2025-10-24 16:08:18,2025-10-24 16:08:18,2025-10-24 16:08:19,饿了么支付-在线支付,,即时单,2025-10-24 16:08:18,13.20,自动出餐,1,否,"【任选】披萨随心配（31.90*1）,餐盒（2.00*1）",小可乐+新奥尔良烤鸡肉披萨(7英寸(手拍))+深海墨鱼丸(3个),,,,非会员,10,,,依据餐量提供餐具,,31.90,19.66,6.00,0.00,0,0,1.84,0.00,2.30,【活动支出】首次光顾立减:1.00元+【活动支出】饿了么红包:5.00元+【活动支出】替用户承担配送费:2.3元,-,-,-,2.00,台州区域,台州加盟,,,否,-,平台配送
圣比萨（玉环陈屿店）,SBM00037,台州,"8061300255857895841	",饿了么,平台外卖,已完成,2025-10-24 16:10:32,2025-10-24 16:10:32,2025-10-24 16:10:32,饿了么支付-在线支付,,即时单,2025-10-24 16:10:32,13.15,自动出餐,1,否,"碳烤鸡肉培根披萨-7英寸(手拍)[{""name"":""规格"",""value"":""7英寸(手拍)""}]（25.90*1）,餐盒（2.00*1）",碳烤鸡肉培根披萨,,,,非会员,11,,,依据餐量提供餐具,,25.90,15.49,6.00,0.00,0,0,1.41,0.00,2.30,【活动支出】首次光顾立减:1.00元+【活动支出】饿了么红包:5.00元+【活动支出】替用户承担配送费:2.3元,-,-,-,2.00,台州区域,台州加盟,,,否,-,平台配送
圣比萨（玉环陈屿店）,SBM00037,台州,"8031380255944767889	",饿了么,平台外卖,已完成,2025-10-24 16:19:43,2025-10-24 16:19:43,2025-10-24 16:19:44,饿了么支付-在线支付,,即时单,2025-10-24 16:19:43,13.07,"初始值, 无意义",1,否,"日系照烧鸡披萨-7英寸(手拍)[{""name"":""规格"",""value"":""7英寸(手拍)""}]（25.90*1）,餐盒（2.00*1）",日系照烧鸡披萨,,,,非会员,12,,,依据餐量提供餐具,,25.90,15.49,6.00,0.00,0,0,1.41,0.00,2.30,【活动支出】首次光顾立减:1.00元+【活动支出】饿了么红包:5.00元+【活动支出】替用户承担配送费:2.3元,-,-,-,2.00,台州区域,台州加盟,,,否,-,平台配送
圣比萨（玉环陈屿店）,SBM00037,台州,"8064240255872428403	",饿了么,平台外卖,已完成,2025-10-24 16:43:42,2025-10-24 16:43:42,2025-10-24 16:43:42,饿了么支付-在线支付,,即时单,2025-10-24 16:43:42,13.15,自动出餐,1,否,"【随心❤️拼】7英寸双拼披萨（口味自选）[玉米沙拉+新奥尔良烤鸡肉]（27.90*1）,咸蛋黄风味流沙卷边（7英寸）（4.90*1）,蛋挞一个（3.90*1）,大圣鸡排[孜然]（6.90*1）,点击右上角❤️免费得小吃（限一份，多点不送）[上校鸡块2个]（0.20*1）,餐盒（3.00*1）",双拼7寸【玉米沙拉口味7】+双拼7寸【奥尔良口味7】+咸蛋黄流沙卷边7+蛋挞1个+大圣鸡排+上校鸡块2个,,,,非会员,13,,,3份餐具,,43.80,27.53,8.91,0.00,0,0,2.56,0.00,2.30,【活动支出】店铺满减:1.00元+【活动支出】首次光顾立减:1.00元+【活动支出】单品特价:1.91元+【活动支出】饿了么红包:5.00元+【活动支出】替用户承担配送费:2.3元,-,-,-,3.00,台州区域,台州加盟,,,否,-,平台配送
圣比萨（玉环陈屿店）,SBM00037,台州,"8073450255765212435	",饿了么,平台外卖,已完成,2025-10-24 16:47:00,2025-10-24 16:47:00,2025-10-24 16:47:00,饿了么支付-在线支付,,即时单,2025-10-24 16:47:00,13.07,自动出餐,1,否,"大圣拉丝芝士棒（8.90*1）,咸蛋黄风味流心卷边（9英寸）（6.90*1）,奥尔良烤翅（8.90*1）,【随心❤️拼】9英寸双拼披萨（口味自选）[碳烤鸡肉培根+浪漫威尼斯]（37.90*1）,餐盒（4.00*1）",大圣拉丝芝士棒+咸蛋黄流沙卷边9+奥尔良烤翅+双拼9寸【鸡肉培根口味9】+双拼9寸【浪漫威尼斯口味9】,,,,非会员,14,,,依据餐量提供餐具,,62.60,42.16,11.00,0.00,0,0,3.84,0.00,2.30,【活动支出】店铺满减:6.00元+【活动支出】饿了么红包:5.00元+【活动支出】替用户承担配送费:2.3元,-,-,-,4.00,台州区域,台州加盟,,,否,-,平台配送
圣比萨（玉环陈屿店）,SBM00037,台州,"8034020255882745212	",饿了么,平台外卖,已完成,2025-10-24 17:17:56,2025-10-24 17:17:56,2025-10-24 17:17:57,饿了么支付-在线支付,,即时单,2025-10-24 17:17:56,13.03,自动出餐,1,否,"奶酪芝士卷边（7英寸）（4.90*1）,奶酪芝士披萨-7英寸(手拍)[{""name"":""规格"",""value"":""7英寸(手拍)""}]（25.90*1）,餐盒（2.00*1）",奶酪芝士卷边7+奶酪芝士披萨,,,,非会员,15,,,1份餐具,,30.80,19.34,6.00,0.00,0,0,1.76,0.00,2.30,【活动支出】首次光顾立减:1.00元+【活动支出】饿了么红包:5.00元+【活动支出】替用户承担配送费:2.3元,-,-,-,2.00,台州区域,台州加盟,,,否,-,平台配送
圣比萨（玉环陈屿店）,SBM00037,台州,"8055636089772136765	",饿了么,平台外卖,已完成,2025-10-24 17:20:48,2025-10-24 17:20:48,2025-10-24 17:20:48,饿了么支付-在线支付,,即时单,2025-10-24 17:20:48,13.13,自动出餐,1,否,"【任选】一人食盒子披萨随心配（32.80*1）,餐盒（2.00*1）",小可乐+热带雨林水果一人食盒子披萨+经典薯条,,,,非会员,16,,,不用打电话直接放门口 谢谢 / 1份餐具,,32.80,19.56,7.00,0.00,0,0,1.84,0.00,2.30,【活动支出】下单返红包:2.00元+【活动支出】饿了么红包:5.00元+【活动支出】替用户承担配送费:2.3元,-,-,-,2.00,台州区域,台州加盟,,,否,-,平台配送
圣比萨（玉环陈屿店）,SBM00037,台州,"8093070255891173771	",饿了么,平台外卖,已完成,2025-10-24 17:29:49,2025-10-24 17:29:49,2025-10-24 17:29:49,饿了么支付-在线支付,,即时单,2025-10-24 17:29:49,13.12,自动出餐,1,否,"【随心❤️拼】9英寸双拼披萨（口味自选）[日系照烧鸡+新奥尔良烤鸡肉]（37.90*1）,餐盒（2.00*1）",双拼9寸【日系照烧口味9】+双拼9寸【奥尔良口味9】,,,,非会员,17,,,依据餐量提供餐具,,37.90,23.60,7.00,0.00,0,0,2.20,0.00,2.30,【活动支出】店铺满减:1.00元+【活动支出】首次光顾立减:1.00元+【活动支出】饿了么红包:5.00元+【活动支出】替用户承担配送费:2.3元,-,-,-,2.00,台州区域,台州加盟,,,否,-,平台配送
圣比萨（玉环陈屿店）,SBM00037,台州,"8078836089792326116	",饿了么,平台外卖,已完成,2025-10-24 17:45:34,2025-10-24 17:45:34,2025-10-24 17:45:35,饿了么支付-在线支付,,即时单,2025-10-24 17:45:34,13.95,手动出餐,1,否,"咸蛋黄风味流沙卷边（7英寸）（4.90*1）,奶酪芝士披萨-7英寸(手拍)[{""name"":""规格"",""value"":""7英寸(手拍)""}]（25.90*1）,点击右上角❤️免费得小吃（限一份，多点不送）[上校鸡块2个]（0.20*1）,餐盒（2.00*1）",咸蛋黄流沙卷边7+奶酪芝士披萨+上校鸡块2个,,,,非会员,18,,,依据餐量提供餐具,,31.00,18.37,6.00,0.00,0,0,1.73,0.00,3.30,【活动支出】首次光顾立减:1.00元+【活动支出】饿了么红包:5.00元+【活动支出】替用户承担配送费:3.3元,-,-,-,2.00,台州区域,台州加盟,,,否,-,平台配送
圣比萨（玉环陈屿店）,SBM00037,台州,"8041726089794300380	",饿了么,平台外卖,已完成,2025-10-24 17:47:36,2025-10-24 17:47:36,2025-10-24 17:47:37,饿了么支付-在线支付,,即时单,2025-10-24 17:47:36,11.88,手动出餐,1,否,"奥尔良烤翅（8.90*1）,【任选】披萨随心配（38.70*1）,大圣鸡排[香辣]（6.90*1）,餐盒（4.00*1）",奥尔良烤翅+芒果汁+碳烤鸡肉培根披萨(7英寸(手拍))+地道肠1根+大圣鸡排,,,,非会员,19,,,少放点盐 / 依据餐量提供餐具,,54.50,38.03,8.00,0.00,0,0,3.47,0.00,2.30,【活动支出】店铺满减:1.00元+【活动支出】下单返红包:2.00元+【活动支出】饿了么红包:5.00元+【活动支出】替用户承担配送费:2.3元,-,-,-,4.00,台州区域,台州加盟,,,否,-,平台配送
圣比萨（玉环陈屿店）,SBM00037,台州,"8007846089852949988	",饿了么,平台外卖,已完成,2025-10-24 19:29:13,2025-10-24 19:29:13,2025-10-24 19:29:13,饿了么支付-在线支付,,即时单,2025-10-24 19:29:13,14.07,自动出餐,1,否,"榴莲王披萨-9英寸(手拍)[{""name"":""规格"",""value"":""9英寸(手拍)""}]（43.90*1）,餐盒（2.00*1）",榴莲王披萨,,,,非会员,20,,,依据餐量提供餐具,,43.90,28.46,7.00,0.00,0,0,2.64,0.00,2.30,【活动支出】店铺满减:1.00元+【活动支出】首次光顾立减:1.00元+【活动支出】饿了么红包:5.00元+【活动支出】替用户承担配送费:2.3元,-,-,-,2.00,台州区域,台州加盟,,,否,-,平台配送
圣比萨（玉环陈屿店）,SBM00037,台州,"8052480255864985036	",饿了么,平台外卖,已完成,2025-10-24 19:39:07,2025-10-24 19:39:07,2025-10-24 19:39:08,饿了么支付-在线支付,,即时单,2025-10-24 19:39:07,13.03,自动出餐,1,否,"美式香骨鸡（8.90*1）,【任选】披萨随心配（31.90*1）,经典薯条（8.90*1）,餐盒（4.00*1）",美式香骨鸡+小可乐+新奥尔良烤鸡肉披萨(7英寸(手拍))+上校鸡块+经典薯条,,,,非会员,21,,,依据餐量提供餐具,,49.70,35.43,6.00,0.00,0,0,3.27,0.00,2.30,【活动支出】店铺满减:1.00元+【活动支出】饿了么红包:5.00元+【活动支出】替用户承担配送费:2.3元,-,-,-,4.00,台州区域,台州加盟,,,否,-,平台配送
圣比萨（玉环陈屿店）,SBM00037,台州,"8050010255983909139	",饿了么,平台外卖,已完成,2025-10-24 19:59:44,2025-10-24 19:59:44,2025-10-24 19:59:44,饿了么支付-在线支付,,即时单,2025-10-24 19:59:44,13.00,自动出餐,1,否,"【任选】买一送一7英寸披萨（53.70*1）,餐盒（2.00*1）",炙热牛魔王披萨(7英寸(手拍))+碳烤鸡肉培根披萨(7英寸(手拍)),,,,非会员,22,,,依据餐量提供餐具,,53.70,36.36,7.00,0.00,0,0,3.34,0.00,2.30,【活动支出】店铺满减:1.00元+【活动支出】首次光顾立减:1.00元+【活动支出】饿了么红包:5.00元+【活动支出】替用户承担配送费:2.3元,-,-,-,2.00,台州区域,台州加盟,,,否,-,平台配送
圣比萨（玉环陈屿店）,SBM00037,台州,"8089310255981054463	",饿了么,平台外卖,已完成,2025-10-24 20:23:13,2025-10-24 20:23:13,2025-10-24 20:23:13,饿了么支付-在线支付,,即时单,2025-10-24 20:23:13,13.12,自动出餐,1,否,"新奥尔良烤鸡肉披萨-7英寸(手拍)[{""name"":""规格"",""value"":""7英寸(手拍)""}]（25.90*1）,餐盒（2.00*1）",新奥尔良烤鸡肉披萨,,,,非会员,23,,,依据餐量提供餐具,,25.90,15.49,6.00,0.00,0,0,1.41,0.00,2.30,【活动支出】首次光顾立减:1.00元+【活动支出】饿了么红包:5.00元+【活动支出】替用户承担配送费:2.3元,-,-,-,2.00,台州区域,台州加盟,,,否,-,平台配送
圣比萨（玉环陈屿店）,SBM00037,台州,"8023410255992810910	",饿了么,平台外卖,已完成,2025-10-24 20:40:22,2025-10-24 20:40:22,2025-10-24 20:40:22,饿了么支付-在线支付,,即时单,2025-10-24 20:40:22,13.05,自动出餐,1,否,"明星小食桶任选3（20.70*1）,【随心❤️拼】7英寸双拼披萨（口味自选）[玉米沙拉+新奥尔良烤鸡肉]（27.90*1）,可口可乐[常温]（5.00*1）,餐盒（3.00*1）",上校鸡块+盐酥鸡粒+美式香骨鸡+双拼7寸【玉米沙拉口味7】+双拼7寸【奥尔良口味7】+小可乐,,,,非会员,24,,,依据餐量提供餐具,,53.60,36.27,8.00,0.00,0,0,3.33,0.00,2.30,【活动支出】店铺满减:1.00元+【活动支出】超级会员专享红包:5.00元+【活动支出】下单返红包:2.00元+【活动支出】替用户承担配送费:2.3元,-,-,-,3.00,台州区域,台州加盟,,,否,-,平台配送
圣比萨（玉环陈屿店）,SBM00037,台州,"8036906089866848670	",饿了么,平台外卖,已完成,2025-10-24 20:54:42,2025-10-24 20:54:42,2025-10-24 20:54:42,饿了么支付-在线支付,,即时单,2025-10-24 20:54:42,13.02,自动出餐,1,否,"【任选】披萨意面我全都要（61.90*1）,餐盒（2.00*1）",招牌肉酱意面+小可乐+小可乐+日系照烧鸡披萨(7英寸(手拍))+地道肠1根+深海墨鱼丸(3个)+蛋挞,,,,非会员,25,,,依据餐量提供餐具,,61.90,37.68,12.00,0.00,0,0,3.52,0.00,3.80,【活动支出】店铺满减:6.00元+【活动支出】首次光顾立减:1.00元+【活动支出】饿了么红包:5.00元+【活动支出】替用户承担配送费:3.8元,-,-,-,2.00,台州区域,台州加盟,,,否,-,平台配送
圣比萨（玉环陈屿店）,SBM00037,台州,"8013876089886584223	",饿了么,平台外卖,已完成,2025-10-24 20:55:39,2025-10-24 20:55:39,2025-10-24 20:55:39,饿了么支付-在线支付,,即时单,2025-10-24 20:55:39,13.02,自动出餐,1,否,"【随心❤️拼】7英寸双拼披萨（口味自选）[新奥尔良烤鸡肉+碳烤鸡肉培根]（27.90*1）,酸奶多多流心卷边（7英寸）（4.90*1）,餐盒（2.00*1）",双拼7寸【奥尔良口味7】+双拼7寸【碳烤鸡肉培根口味7】+酸奶多多流心卷边7,,,,非会员,26,,,依据餐量提供餐具,,32.80,20.49,6.00,0.00,0,0,1.91,0.00,2.30,【活动支出】首次光顾立减:1.00元+【活动支出】饿了么红包:5.00元+【活动支出】替用户承担配送费:2.3元,-,-,-,2.00,台州区域,台州加盟,,,否,-,平台配送
圣比萨（玉环陈屿店）,SBM00037,台州,"8028806089886436774	",饿了么,平台外卖,已完成,2025-10-24 21:02:03,2025-10-24 21:02:03,2025-10-24 21:02:03,饿了么支付-在线支付,,即时单,2025-10-24 21:02:03,13.15,自动出餐,1,否,"蛋挞（5.90*1）,【任选】披萨随心配（31.90*1）,点击右上角❤️免费得小吃（限一份，多点不送）[上校鸡块2个]（0.20*1）,餐盒（3.00*1）",蛋挞+小可乐+新奥尔良烤鸡肉披萨(7英寸(手拍))+深海墨鱼丸(3个)+上校鸡块2个,,,,非会员,27,,,2份餐具,,38.00,23.47,7.00,0.00,0,0,2.23,0.00,3.30,【活动支出】店铺满减:1.00元+【活动支出】首次光顾立减:1.00元+【活动支出】饿了么红包:5.00元+【活动支出】替用户承担配送费:3.3元,-,-,-,3.00,台州区域,台州加盟,,,否,-,平台配送
圣比萨（玉环陈屿店）,SBM00037,台州,"8064390256011434318	",饿了么,平台外卖,已完成,2025-10-24 21:14:59,2025-10-24 21:14:59,2025-10-24 21:14:59,饿了么支付-在线支付,,即时单,2025-10-24 21:14:59,13.07,自动出餐,1,否,"【任选】一人食盒子披萨随心配（29.90*1）,餐盒（2.00*1）",小可乐+奥尔良风情烤鸡肉一人食盒子披萨+蛋挞,,,,非会员,28,,,依据餐量提供餐具,,29.90,17.35,6.00,0.00,0,0,1.65,0.00,3.30,【活动支出】首次光顾立减:1.00元+【活动支出】饿了么红包:5.00元+【活动支出】淘金币:0.00元+【活动支出】替用户承担配送费:3.3元,-,-,-,2.00,台州区域,台州加盟,,,否,-,平台配送
圣比萨（玉环陈屿店）,SBM00037,台州,"8013906089897425373	",饿了么,平台外卖,已完成,2025-10-24 21:19:25,2025-10-24 21:19:25,2025-10-24 21:19:26,饿了么支付-在线支付,,即时单,2025-10-24 21:19:25,13.20,自动出餐,1,否,"【任选】披萨意面我全都要（61.90*1）,餐盒（2.00*1）",招牌肉酱意面+小可乐+小可乐+碳烤鸡肉培根披萨(7英寸(手拍))+地道肠1根+地道肠1根+深海墨鱼丸(3个),,,,非会员,29,,,依据餐量提供餐具,,61.90,38.18,12.00,0.00,0,0,3.52,0.00,3.30,【活动支出】店铺满减:6.00元+【活动支出】首次光顾立减:1.00元+【活动支出】饿了么红包:5.00元+【活动支出】替用户承担配送费:3.3元,-,-,-,2.00,台州区域,台州加盟,,,否,-,平台配送
圣比萨（玉环陈屿店）,SBM00037,台州,"8043556089870745020	",饿了么,平台外卖,已完成,2025-10-24 21:20:57,2025-10-24 21:20:57,2025-10-24 21:20:57,饿了么支付-在线支付,,即时单,2025-10-24 21:20:57,13.07,自动出餐,1,否,"碳烤鸡肉培根披萨-7英寸(手拍)[{""name"":""规格"",""value"":""7英寸(手拍)""}]（25.90*1）,日系照烧鸡披萨-7英寸(手拍)[{""name"":""规格"",""value"":""7英寸(手拍)""}]（25.90*1）,餐盒（4.00*1）",碳烤鸡肉培根披萨+日系照烧鸡披萨,,,,非会员,30,,,2份餐具,,51.80,33.97,8.00,0.00,0,0,3.23,0.00,4.80,【活动支出】店铺满减:1.00元+【活动支出】下单返红包:2.00元+【活动支出】饿了么红包:5.00元+【活动支出】替用户承担配送费:4.8元,-,-,-,4.00,台州区域,台州加盟,,,否,-,平台配送
圣比萨（玉环陈屿店）,SBM00037,台州,"8040270256019434777	",饿了么,平台外卖,已完成,2025-10-24 21:58:46,2025-10-24 21:58:46,2025-10-24 21:58:46,饿了么支付-在线支付,,即时单,2025-10-24 21:58:46,13.03,自动出餐,1,否,"奶酪芝士卷边（7英寸）（4.90*1）,奶酪芝士披萨-7英寸(手拍)[{""name"":""规格"",""value"":""7英寸(手拍)""}]（25.90*1）,点击右上角❤️免费得小吃（限一份，多点不送）[上校鸡块2个]（0.20*1）,餐盒（2.00*1）",奶酪芝士卷边7+奶酪芝士披萨+上校鸡块2个,,,,非会员,31,,,依据餐量提供餐具,,31.00,18.37,6.00,0.00,0,0,1.73,0.00,3.30,【活动支出】首次光顾立减:1.00元+【活动支出】饿了么红包:5.00元+【活动支出】替用户承担配送费:3.3元,-,-,-,2.00,台州区域,台州加盟,,,否,-,平台配送
