门店名称,门店编号,门店所在城市,订单号,订单来源,订单类型,订单状态,下单时间,付款时间,接单时间,支付方式,取餐点,预约/即时单,预计送达时间,出餐时间（分）,出餐类型,就餐人数,团购订单,商品信息,商品明细,UserID,顾客昵称,电话号码,新老顾客,取餐号,桌台号,台卡号,订单备注,退款原因,商品总价（元）,预计收入（元）,优惠总额（元）,退款金额（元）,优惠券记账金额（元）,团购券记账总金额（元）,平台服务费,其他费用,配送费,优惠名称,团购活动名称,团购活动平台,团购类型,餐盒费,归属门店所属一级组织,归属门店所属二级组织,归属门店所属三级组织,礼品卡信息,是否团餐,团餐审批人,配送方式
圣比萨（玉环楚门店）,SBS00028,台州,"8089310254764713456	",饿了么,平台外卖,已退款,2025-10-22 10:38:22,2025-10-22 10:38:22,2025-10-22 10:38:22,饿了么支付-在线支付,,即时单,2025-10-22 10:38:22,10.20,自动出餐,1,否,黑椒牛肉芝士焗饭（52.00*1）,黑椒牛肉芝士焗饭,,,,非会员,1,,,依据餐量提供餐具,,52.00,-1.45,30.50,15.50,0,0,1.35,0.00,2.80,【活动支出】单品特价:23.50元+【活动支出】饿了么红包:7.00元+【活动支出】替用户承担配送费:2.8元,-,-,-,0.00,台州区域,台州加盟,,,否,-,平台配送
圣比萨（玉环楚门店）,SBS00028,台州,"8064646088758356472	",饿了么,平台外卖,已退款,2025-10-22 10:43:12,2025-10-22 10:43:12,2025-10-22 10:43:12,饿了么支付-在线支付,,即时单,2025-10-22 10:43:12,,未出餐,1,否,"榴莲王披萨-7英寸(经典手拍)[{""name"":""规格"",""value"":""7英寸(经典手拍)""}]（52.00*1）,蛋挞1个（5.00*1）,红薯薯泥流心卷边（7英寸）（4.90*1）,餐盒（1.00*1）",榴莲王披萨+蛋挞1个+红薯泥流心卷边7,,,,非会员,2,,,依据餐量提供餐具,"餐厅同意取消单 ",61.90,-2.47,31.11,24.79,0,0,2.07,0.00,3.30,【活动支出】店铺满减:1.00元+【活动支出】单品特价:18.10元+【活动支出】单品特价:4.01元+【活动支出】饿了么红包:8.00元+【活动支出】替用户承担配送费:3.3元,-,-,-,1.00,台州区域,台州加盟,,,否,-,平台配送
圣比萨（玉环楚门店）,SBS00028,台州,"8043360254880932138	",饿了么,平台外卖,已退款,2025-10-22 10:51:23,2025-10-22 10:51:23,2025-10-22 10:51:23,饿了么支付-在线支付,,即时单,2025-10-22 10:51:23,,未出餐,1,否,"蛋挞1个（5.00*1）,【任选5件套】披萨意面我全都要（128.00*1）,餐盒（2.00*1）",蛋挞1个+大圣招牌大满贯披萨(7英寸(手拍))+芒果汁+柠檬茶+明星小食桶A+招牌肉酱意面,,,,非会员,3,,,依据餐量提供餐具,"餐厅同意取消单 ",133.00,0.25,87.51,34.99,0,0,3.25,0.00,2.30,【活动支出】店铺满减:6.00元+【活动支出】单品特价:4.01元+【活动支出】单品特价:67.50元+【活动支出】超级会员专享红包:8.00元+【活动支出】 商家自营销加码:0.00元+【活动支出】粉丝群:2.00元+【活动支出】替用户承担配送费:2.3元,-,-,-,2.00,台州区域,台州加盟,,,否,-,平台配送
圣比萨（玉环楚门店）,SBS00028,台州,"8077290255162384844	",饿了么,平台外卖,已完成,2025-10-22 20:25:08,2025-10-22 20:25:08,2025-10-22 20:25:09,饿了么支付-在线支付,,即时单,2025-10-22 20:25:08,10.10,自动出餐,1,否,【任选】披萨8选1+小吃5选1+饮品·[碳烤鸡肉培根7英寸+上校鸡块4个+芒果汁]（58.00*1）,碳烤鸡肉培根披萨【7英寸(手拍)】+上校鸡块+芒果汁,,,,非会员,4,,,依据餐量提供餐具,,58.00,17.17,32.50,0.00,0,0,1.63,0.00,2.80,【活动支出】单品特价:27.50元+【活动支出】饿了么红包:5.00元+【活动支出】替用户承担配送费:2.8元,-,-,-,0.00,台州区域,台州加盟,,,否,-,平台配送
圣比萨（玉环楚门店）,SBS00028,台州,"8000470255164948845	",饿了么,平台外卖,已完成,2025-10-22 20:44:25,2025-10-22 20:44:25,2025-10-22 20:44:25,饿了么支付-在线支付,,即时单,2025-10-22 20:44:25,10.12,自动出餐,1,否,"榴莲王披萨-7英寸(经典手拍)[{""name"":""规格"",""value"":""7英寸(经典手拍)""}]（52.00*1）,蛋挞1个（5.00*1）,餐盒（1.00*1）",榴莲王披萨+蛋挞1个,,,,非会员,5,,,2份餐具,,57.00,19.85,30.11,0.00,0,0,1.84,0.00,2.30,【活动支出】单品特价:18.10元+【活动支出】单品特价:4.01元+【活动支出】 商家自营销加码:0.00元+【活动支出】饿了么红包:8.00元+【活动支出】替用户承担配送费:2.3元,-,-,-,1.00,台州区域,台州加盟,,,否,-,平台配送
圣比萨（玉环楚门店）,SBS00028,台州,"8099826089031849300	",饿了么,平台外卖,已完成,2025-10-22 20:45:34,2025-10-22 20:45:34,2025-10-22 20:45:34,饿了么支付-在线支付,,即时单,2025-10-22 20:45:34,10.10,自动出餐,1,否,"榴莲王披萨-7英寸(经典手拍)[{""name"":""规格"",""value"":""7英寸(经典手拍)""}]（52.00*1）,浪漫威尼斯披萨-7英寸(手拍)[{""name"":""规格"",""value"":""7英寸(手拍)""}]（42.00*1）,奥尔良烤翅（14.00*1）",榴莲王披萨+浪漫威尼斯披萨+奥尔良烤翅,,,,非会员,6,,,3份餐具,,108.00,41.06,53.70,0.00,0,0,3.74,0.00,2.30,【活动支出】店铺满减:6.00元+【活动支出】单品特价:18.10元+【活动支出】单品特价:12.10元+【活动支出】单品特价:5.50元+【活动支出】饿了么红包:12.00元+【活动支出】替用户承担配送费:2.3元,-,-,-,0.00,台州区域,台州加盟,,,否,-,平台配送
圣比萨（玉环楚门店）,SBS00028,台州,"8026646089034582405	",饿了么,平台外卖,已完成,2025-10-22 21:08:45,2025-10-22 21:08:45,2025-10-22 21:08:45,饿了么支付-在线支付,,即时单,2025-10-22 21:08:45,9.63,手动出餐,1,否,"花果山披萨-7英寸(手拍)[{""name"":""规格"",""value"":""7英寸(手拍)""}]（42.00*1）,红薯薯泥流心卷边（7英寸）（4.90*1）",花果山披萨+红薯泥流心卷边7,,,,非会员,7,,,2份餐具,,46.90,14.00,23.10,0.00,0,0,1.50,0.00,5.40,【活动支出】单品特价:16.10元+【活动支出】 商家自营销加码:2.00元+【活动支出】饿了么红包:5.00元+【活动支出】替用户承担配送费:5.4元,-,-,-,0.00,台州区域,台州加盟,,,否,-,平台配送
圣比萨（玉环楚门店）,SBS00028,台州,"8045410255178147216	",饿了么,平台外卖,已完成,2025-10-22 21:46:09,2025-10-22 21:46:09,2025-10-22 21:46:09,饿了么支付-在线支付,,即时单,2025-10-22 21:46:09,10.15,自动出餐,1,否,"奥尔良烤鸡肉披萨-7英寸(手拍)[{""name"":""规格"",""value"":""7英寸(手拍)""}]（45.00*1）",新奥尔良烤鸡肉披萨,,,,非会员,8,,,依据餐量提供餐具,,45.00,9.60,28.10,0.00,0,0,1.10,0.00,3.30,【活动支出】单品特价:21.10元+【活动支出】饿了么红包:7.00元+【活动支出】替用户承担配送费:3.3元,-,-,-,0.00,台州区域,台州加盟,,,否,-,平台配送
圣比萨（白石店）,SBM00031,温州,"8061290254968001799	",饿了么,平台外卖,已完成,2025-10-22 12:35:09,2025-10-22 12:35:09,2025-10-22 12:35:09,饿了么支付-在线支付,,即时单,2025-10-22 12:35:09,11.10,手动出餐,1,否,"超值一人套餐[缤纷水果7寸+盐酥鸡粒+原味奶茶+常温]（57.00*1）,餐盒（2.00*1）",超值一人套餐[缤纷水果7寸+盐酥鸡粒+原味奶茶+常温]+餐盒,,,,非会员,1,,,依据餐量提供餐具,,57.00,21.19,28.60,0.00,0,0,2.06,0.00,4.00,【活动支出】店铺满减:1.00元+【活动支出】单品特价:20.60元+【活动支出】饿了么红包:7.00元+【活动支出】替用户承担配送费:4.0元,-,-,-,2.00,温州区域,温州加盟,,,否,-,平台配送
圣比萨（白石店）,SBM00031,温州,"8033886088930890198	",饿了么,平台外卖,已完成,2025-10-22 14:54:38,2025-10-22 14:54:38,2025-10-22 14:54:38,饿了么支付-在线支付,,即时单,2025-10-22 14:54:38,13.48,手动出餐,1,否,"芒果汁[冷]（10.00*1）,红薯边（10.00*1）,缤纷水果披萨-7英寸（经典手拍）[{""name"":""规格"",""value"":""7英寸（经典手拍）""}]（38.00*1）,餐盒（3.00*1）",芒果汁+缤纷水果披萨,,,,非会员,2,,,依据餐量提供餐具,,58.00,36.46,11.50,0.00,0,0,3.49,0.00,3.50,【活动支出】店铺满减:1.00元+【活动支出】单品特价:10.50元+【活动支出】替用户承担配送费:3.5元,-,-,-,3.00,温州区域,温州加盟,,,否,-,平台配送
圣比萨（白石店）,SBM00031,温州,"8014756088956883295	",饿了么,平台外卖,已完成,2025-10-22 17:14:04,2025-10-22 17:14:04,2025-10-22 17:14:04,饿了么支付-在线支付,,即时单,2025-10-22 17:14:04,12.65,手动出餐,1,否,"新奥尔良烤鸡肉披萨-7英寸（经典手拍）[{""name"":""规格"",""value"":""7英寸（经典手拍）""}]（39.00*1）,翅薯组合（21.00*1）,餐盒（4.00*1）",新奥尔良烤鸡肉披萨+翅薯组合,,,,非会员,3,,,依据餐量提供餐具,,60.00,30.03,22.10,0.00,0,0,2.92,0.00,4.00,【活动支出】店铺满减:1.00元+【活动支出】单品特价:10.50元+【活动支出】单品特价:1.60元+【活动支出】饿了么红包:9.00元+【活动支出】替用户承担配送费:4.0元,-,-,-,4.00,温州区域,温州加盟,,,否,-,平台配送
圣比萨（白石店）,SBM00031,温州,"8080856088937715125	",饿了么,平台外卖,已完成,2025-10-22 17:14:08,2025-10-22 17:14:08,2025-10-22 17:14:08,饿了么支付-在线支付,,即时单,2025-10-22 17:14:08,14.37,手动出餐,1,否,"7寸披萨买一送一[新奥尔良鸡肉披萨7寸+圣比至尊披萨7寸]（86.80*1）,餐盒（3.00*1）",新奥尔良烤鸡肉披萨【7英寸(手拍)】+大圣招牌大满贯披萨【7英寸(手拍)】,,,,非会员,4,,,1份餐具,,86.80,31.63,45.20,0.00,0,0,3.12,0.00,5.00,【活动支出】店铺满减:1.00元+【活动支出】单品特价:32.20元+【活动支出】饿了么红包:12.00元+【活动支出】替用户承担配送费:5.0元,-,-,-,3.00,温州区域,温州加盟,,,否,-,平台配送
圣比萨（白石店）,SBM00031,温州,"8066160255076122984	",饿了么,平台外卖,已完成,2025-10-22 17:27:36,2025-10-22 17:27:36,2025-10-22 17:27:37,饿了么支付-在线支付,,即时单,2025-10-22 17:27:36,9.13,手动出餐,1,否,"浪漫威尼斯披萨-7英寸（经典手拍）[{""name"":""规格"",""value"":""7英寸（经典手拍）""}]（38.00*1）,餐盒（2.00*1）",浪漫威尼斯披萨,,,,非会员,5,,,依据餐量提供餐具,,38.00,13.61,16.50,0.00,0,0,1.54,0.00,6.20,【活动支出】单品特价:9.50元+【活动支出】超级会员专享红包:5.00元+【活动支出】 商家自营销加码:2.00元+【活动支出】替用户承担配送费:6.0元,-,-,-,2.00,温州区域,温州加盟,,,否,-,平台配送
圣比萨（白石店）,SBM00031,温州,"8005290255084081442	",饿了么,平台外卖,已完成,2025-10-22 18:08:47,2025-10-22 18:08:47,2025-10-22 18:08:47,饿了么支付-在线支付,,即时单,2025-10-22 18:08:47,11.52,手动出餐,1,否,"任选披萨8选1+小吃6选1+饮料[碳烤培根鸡肉披萨7寸+藤椒鸡排1个+小可乐+冷]（58.00*1）,藤椒金丝鸡排（10.88*1）,餐盒（3.00*1）",碳烤鸡肉培根披萨【7英寸(手拍)】+金丝鸡排+小可乐+金丝鸡排,,,,非会员,6,,,2份餐具,,68.88,27.26,32.98,0.00,0,0,2.69,0.00,3.50,【活动支出】店铺满减:1.00元+【活动支出】单品特价:20.60元+【活动支出】单品特价:2.38元+【活动支出】饿了么红包:9.00元+【活动支出】替用户承担配送费:3.5元,-,-,-,3.00,温州区域,温州加盟,,,否,-,平台配送
圣比萨（白石店）,SBM00031,温州,"8003656088957137217	",饿了么,平台外卖,已完成,2025-10-22 18:09:04,2025-10-22 18:09:04,2025-10-22 18:09:04,饿了么支付-在线支付,,即时单,2025-10-22 18:09:04,13.42,手动出餐,1,否,"咖喱鸡肉焗饭（32.00*1）,圣比至尊披萨-7英寸（经典手拍）[{""name"":""规格"",""value"":""7英寸（经典手拍）""}]（42.00*1）,翅薯组合（21.00*1）,餐盒（6.00*1）",咖喱鸡肉芝士焗饭+大圣招牌大满贯披萨+翅薯组合,,,,非会员,7,,,依据餐量提供餐具,,95.00,48.26,35.50,0.00,0,0,4.69,0.00,3.50,【活动支出】店铺满减:6.00元+【活动支出】单品特价:5.40元+【活动支出】单品特价:12.50元+【活动支出】单品特价:1.60元+【活动支出】粉丝群:2.00元+【活动支出】饿了么红包:8.00元+【活动支出】替用户承担配送费:3.5元,-,-,-,6.00,温州区域,温州加盟,,,否,-,平台配送
圣比萨（白石店）,SBM00031,温州,"8046736088992009641	",饿了么,平台外卖,已完成,2025-10-22 18:13:44,2025-10-22 18:13:44,2025-10-22 18:13:45,饿了么支付-在线支付,,即时单,2025-10-22 18:13:44,16.70,手动出餐,1,否,"缤纷水果披萨-12英寸（经典手拍）[{""name"":""规格"",""value"":""12英寸（经典手拍）""}]（92.00*1）",缤纷水果披萨,,,,非会员,8,,,无需餐具,,92.00,36.09,44.20,0.00,0,0,3.36,0.00,3.50,【活动支出】单品特价:44.20元+【活动支出】替用户承担配送费:3.5元,-,-,-,0.00,温州区域,温州加盟,,,否,-,平台配送
圣比萨（白石店）,SBM00031,温州,"8032190255126657370	",饿了么,平台外卖,已完成,2025-10-22 19:20:19,2025-10-22 19:20:19,2025-10-22 19:20:19,饿了么支付-在线支付,,即时单,2025-10-22 19:20:19,8.93,手动出餐,1,否,"碳烤鸡肉芝士焗饭（微甜）（29.00*1）,餐盒（2.00*1）",碳烤鸡肉芝士焗饭,,,,非会员,9,,,依据餐量提供餐具,,29.00,11.22,12.40,0.00,0,0,1.43,0.00,3.50,【活动支出】单品特价:5.40元+【活动支出】饿了么红包:7.00元+【活动支出】替用户承担配送费:3.5元,-,-,-,2.00,温州区域,温州加盟,,,否,-,平台配送
圣比萨（白石店）,SBM00031,温州,"8035370255053117737	",饿了么,平台外卖,已完成,2025-10-22 19:56:48,2025-10-22 19:56:48,2025-10-22 19:56:48,饿了么支付-在线支付,,即时单,2025-10-22 19:56:48,12.47,手动出餐,1,否,"牛肉至尊披萨-9英寸（经典手拍）[{""name"":""规格"",""value"":""9英寸（经典手拍）""}]（69.00*1）,餐盒（2.00*1）",炙热牛魔王披萨,,,,非会员,10,,,依据餐量提供餐具,,69.00,29.24,30.60,0.00,0,0,2.81,0.00,3.50,【活动支出】店铺满减:1.00元+【活动支出】单品特价:20.60元+【活动支出】饿了么红包:9.00元+【活动支出】替用户承担配送费:3.5元,-,-,-,2.00,温州区域,温州加盟,,,否,-,平台配送
圣比萨（白石店）,SBM00031,温州,"8080616089076076948	",饿了么,平台外卖,已完成,2025-10-22 20:22:46,2025-10-22 20:22:46,2025-10-22 20:22:46,饿了么支付-在线支付,,即时单,2025-10-22 20:22:46,13.67,手动出餐,1,否,"碳烤鸡肉培根披萨-9英寸（经典手拍）[{""name"":""规格"",""value"":""9英寸（经典手拍）""}]（68.00*1）,餐盒（2.00*1）",碳烤鸡肉培根披萨,,,,非会员,11,,,依据餐量提供餐具,,68.00,28.32,30.60,0.00,0,0,2.73,0.00,3.50,【活动支出】店铺满减:1.00元+【活动支出】单品特价:21.60元+【活动支出】CPS商户叠加券:0.00元+【活动支出】饿了么红包:8.00元+【活动支出】淘金币:0.00元+【活动支出】替用户承担配送费:3.5元,-,-,-,2.00,温州区域,温州加盟,,,否,-,平台配送
圣比萨（白石店）,SBM00031,温州,"8003150255164826998	",饿了么,平台外卖,已完成,2025-10-22 20:27:52,2025-10-22 20:27:52,2025-10-22 20:27:52,饿了么支付-在线支付,,即时单,2025-10-22 20:27:52,13.17,手动出餐,1,否,"榴莲王披萨-9英寸（经典手拍）[{""name"":""规格"",""value"":""9英寸（经典手拍）""}]（92.00*1）,餐盒（1.00*1）",榴莲王披萨,,,,非会员,12,,,2份餐具,,92.00,37.29,42.60,0.00,0,0,3.56,0.00,3.50,【活动支出】店铺满减:6.00元+【活动支出】单品特价:22.60元+【活动支出】粉丝群:2.00元+【活动支出】饿了么红包:12.00元+【活动支出】替用户承担配送费:3.5元,-,-,-,1.00,温州区域,温州加盟,,,否,-,平台配送
圣比萨（白石店）,SBM00031,温州,"8007716089103201562	",饿了么,平台外卖,已完成,2025-10-22 22:16:34,2025-10-22 22:16:34,2025-10-22 22:16:34,饿了么支付-在线支付,,即时单,2025-10-22 22:16:34,9.18,手动出餐,1,否,"比意双飞套餐（66.00*1）,餐盒（3.00*1）",比意双飞套餐+餐盒,,,,非会员,13,,,喝的换可乐喝的换可乐喝的换可乐 / 依据餐量提供餐具,,66.00,27.91,29.50,0.00,0,0,2.74,0.00,5.60,【活动支出】店铺满减:1.00元+【活动支出】单品特价:19.50元+【活动支出】饿了么红包:9.00元+【活动支出】替用户承担配送费:5.6元,-,-,-,3.00,温州区域,温州加盟,,,否,-,平台配送
圣比萨（玉环珠城路店）,SBS00027,台州,"8014646088922257726	",饿了么,平台外卖,已完成,2025-10-22 16:29:44,2025-10-22 16:29:44,2025-10-22 16:29:44,饿了么支付-在线支付,,即时单,2025-10-22 16:29:44,12.08,自动出餐,1,否,"榴莲王披萨-7英寸(经典手拍)[{""name"":""规格"",""value"":""7英寸(经典手拍)""}]（52.00*1）,蛋挞（10.00*1）,台式香烤地道肠（7.50*1）,奥尔良烤翅（14.00*2）,红薯薯泥流心卷边（7英寸）（4.90*1）,深海墨鱼丸-6个[{""name"":""规格"",""value"":""6个""}]（18.20*1）,餐盒（5.00*1）",榴莲王披萨+蛋挞+地道肠1根+奥尔良烤翅+红薯泥流心卷边7+深海墨鱼丸,,,,非会员,1,,,依据餐量提供餐具,,120.60,48.57,58.30,0.00,0,0,4.63,0.00,3.30,【活动支出】店铺满减:6.00元+【活动支出】单品特价:18.10元+【活动支出】单品特价:0.50元+【活动支出】单品特价:3.00元+【活动支出】单品特价:11.00元+【活动支出】单品特价:7.70元+【活动支出】饿了么红包:12.00元+【活动支出】替用户承担配送费:3.3元,-,-,-,5.00,台州区域,台州直营,,,否,-,平台配送
圣比萨（玉环珠城路店）,SBS00027,台州,"8018596088915991884	",饿了么,平台外卖,已完成,2025-10-22 16:53:08,2025-10-22 16:53:08,2025-10-22 16:53:09,饿了么支付-在线支付,,即时单,2025-10-22 16:53:08,12.00,自动出餐,1,否,"台式香烤地道肠（7.50*1）,【圣比福利】蛋挞1个（5.00*1）,【任选】披萨8选1+小吃5选1+饮品·[纯芝士披萨7英寸+薯饼3个+港式奶茶]（58.00*1）,餐盒（3.00*1）",地道肠1根+蛋挞1个+金牌芝士披萨【7英寸(手拍)】+薯饼+港式奶茶,,,,非会员,2,,,依据餐量提供餐具,,70.50,20.85,42.11,0.00,0,0,2.04,0.00,3.80,【活动支出】店铺满减:1.00元+【活动支出】单品特价:3.00元+【活动支出】单品特价:4.01元+【活动支出】单品特价:26.10元+【活动支出】饿了么红包:8.00元+【活动支出】替用户承担配送费:3.8元,-,-,-,3.00,台州区域,台州直营,,,否,-,平台配送
圣比萨（玉环珠城路店）,SBS00027,台州,"8014470255091696969	",饿了么,平台外卖,已完成,2025-10-22 17:59:11,2025-10-22 17:59:11,2025-10-22 17:59:11,饿了么支付-在线支付,,即时单,2025-10-22 17:59:11,12.03,自动出餐,1,否,"【任选】披萨8选1+小吃5选1+饮品·[缤纷水果披萨7英寸+地道肠1根+小可乐]（58.00*1）,餐盒（1.00*1）",缤纷水果披萨【7英寸(手拍)】+地道肠【1根】+小可乐,,,,非会员,3,,,依据餐量提供餐具,,58.00,16.71,34.10,0.00,0,0,1.59,0.00,2.80,【活动支出】单品特价:26.10元+【活动支出】粉丝群:1.00元+【活动支出】饿了么红包:7.00元+【活动支出】淘金币:0.00元+【活动支出】替用户承担配送费:2.8元,-,-,-,1.00,台州区域,台州直营,,,否,-,平台配送
圣比萨（玉环珠城路店）,SBS00027,台州,"8082300255131794877	",饿了么,平台外卖,已完成,2025-10-22 19:02:17,2025-10-22 19:02:17,2025-10-22 19:02:17,饿了么支付-在线支付,,即时单,2025-10-22 19:02:17,12.02,自动出餐,1,否,"酸奶多多流心卷边（7英寸）（4.90*1）,新奥尔良烤鸡肉披萨-7英寸(手拍)[{""name"":""规格"",""value"":""7英寸(手拍)""}]（58.00*1）,餐盒（2.00*1）",酸奶多多流心卷边7+新奥尔良烤鸡肉披萨,,,,非会员,4,,,依据餐量提供餐具,,62.90,16.65,41.10,0.00,0,0,1.55,0.00,2.30,【活动支出】单品特价:34.10元+【活动支出】饿了么红包:7.00元+【活动支出】替用户承担配送费:2.3元,-,-,-,2.00,台州区域,台州直营,,,否,-,平台配送
圣比萨（玉环珠城路店）,SBS00027,台州,"8038420255236521380	",饿了么,平台外卖,已完成,2025-10-22 19:51:24,2025-10-22 19:51:24,2025-10-22 19:51:25,饿了么支付-在线支付,,即时单,2025-10-22 19:51:24,12.05,自动出餐,1,否,"【任选5件套】披萨意面我全都要[圣比招牌披萨7英寸+招牌肉酱意面+小食桶A+港式奶茶+柠檬茶]（128.00*1）,餐盒（1.00*1）",大圣招牌大满贯披萨【7英寸(手拍)】+招牌肉酱意面+明星小食桶A+港式奶茶+柠檬茶,,,,非会员,5,,,依据餐量提供餐具,,128.00,32.28,84.10,0.00,0,0,3.02,0.00,3.30,【活动支出】店铺满减:6.00元+【活动支出】单品特价:66.10元+【活动支出】饿了么红包:12.00元+【活动支出】替用户承担配送费:3.3元,-,-,-,1.00,台州区域,台州直营,,,否,-,平台配送
圣比萨（玉环珠城路店）,SBS00027,台州,"8058816089010628879	",饿了么,平台外卖,已完成,2025-10-22 20:01:45,2025-10-22 20:01:45,2025-10-22 20:01:45,饿了么支付-在线支付,,即时单,2025-10-22 20:01:45,12.18,自动出餐,1,否,"红薯薯泥流心卷边（7英寸）（4.90*1）,新奥尔良烤鸡肉披萨-7英寸(手拍)[{""name"":""规格"",""value"":""7英寸(手拍)""}]（58.00*1）,餐盒（2.00*1）",红薯泥流心卷边7+新奥尔良烤鸡肉披萨,,,,非会员,6,,,依据餐量提供餐具,,62.90,14.50,41.10,0.00,0,0,1.50,0.00,4.40,【活动支出】单品特价:34.10元+【活动支出】饿了么红包:7.00元+【活动支出】替用户承担配送费:4.4元,-,-,-,2.00,台州区域,台州直营,,,否,-,平台配送
圣比萨（玉环珠城路店）,SBS00027,台州,"8098280255056224719	",饿了么,平台外卖,已完成,2025-10-22 20:06:56,2025-10-22 20:06:56,2025-10-22 20:06:57,饿了么支付-在线支付,,即时单,2025-10-22 20:06:56,12.15,自动出餐,1,否,"日系照烧鸡披萨-7英寸(手拍)[{""name"":""规格"",""value"":""7英寸(手拍)""}]（45.00*1）",日系照烧鸡披萨,,,,非会员,7,,,依据餐量提供餐具,,45.00,14.56,24.10,0.00,0,0,1.34,0.00,2.30,【活动支出】单品特价:19.10元+【活动支出】饿了么红包:5.00元+【活动支出】替用户承担配送费:2.3元,-,-,-,0.00,台州区域,台州直营,,,否,-,平台配送
圣比萨（玉环珠城路店）,SBS00027,台州,"8012756089041800476	",饿了么,平台外卖,已完成,2025-10-22 20:12:35,2025-10-22 20:12:35,2025-10-22 20:12:36,饿了么支付-在线支付,,即时单,2025-10-22 20:12:35,12.08,自动出餐,1,否,"奶酪芝士卷边（7英寸）（4.90*1）,【随心❤️拼】7英寸双拼披萨（口味自选）[奥尔良鸡肉+水果]（68.00*1）,餐盒（1.00*1）",奶酪芝士卷边7+双拼7寸【奥尔良口味7】+双拼7寸【缤纷水果口味7】,,,,非会员,8,,,依据餐量提供餐具,,72.90,18.51,48.10,0.00,0,0,1.69,0.00,2.30,【活动支出】单品特价:41.10元+【活动支出】饿了么红包:7.00元+【活动支出】替用户承担配送费:2.3元,-,-,-,1.00,台州区域,台州直营,,,否,-,平台配送
圣比萨（玉环珠城路店）,SBS00027,台州,"8033030255150032199	",饿了么,平台外卖,已完成,2025-10-22 20:16:59,2025-10-22 20:16:59,2025-10-22 20:17:00,饿了么支付-在线支付,,即时单,2025-10-22 20:16:59,12.07,自动出餐,1,否,"奶酪芝士卷边（7英寸）（4.90*1）,缤纷水果披萨-7英寸(手拍)[{""name"":""规格"",""value"":""7英寸(手拍)""}]（42.00*1）",奶酪芝士卷边7+缤纷水果披萨,,,,非会员,9,,,2份餐具,,46.90,13.40,23.10,0.00,0,0,1.50,0.00,5.60,【活动支出】单品特价:16.10元+【活动支出】饿了么红包:7.00元+【活动支出】替用户承担配送费:5.6元,-,-,-,0.00,台州区域,台州直营,,,否,-,平台配送
圣比萨（玉环珠城路店）,SBS00027,台州,"8096190255250344435	",饿了么,平台外卖,已完成,2025-10-22 20:24:52,2025-10-22 20:24:52,2025-10-22 20:24:53,饿了么支付-在线支付,,即时单,2025-10-22 20:24:52,12.03,自动出餐,1,否,"新奥尔良烤鸡肉披萨-9英寸(手拍)[{""name"":""规格"",""value"":""9英寸(手拍)""}]（33.90*1）,餐盒（2.00*1）",新奥尔良烤鸡肉披萨,,,,非会员,10,,,依据餐量提供餐具,,33.90,19.86,8.00,0.00,0,0,1.84,0.00,2.30,【活动支出】饿了么红包:8.00元+【活动支出】替用户承担配送费:2.3元,-,-,-,2.00,台州区域,台州直营,,,否,-,平台配送
圣比萨（玉环珠城路店）,SBS00027,台州,"8035260255060108711	",饿了么,平台外卖,已完成,2025-10-22 20:25:31,2025-10-22 20:25:31,2025-10-22 20:25:31,饿了么支付-在线支付,,即时单,2025-10-22 20:25:31,12.23,自动出餐,1,否,"【随心拼】12英寸披萨（口味自选）[奥尔良鸡肉+日系鸡肉]（105.00*1）,餐盒（1.00*1）",双拼12寸【奥尔良口味12】+双拼12寸【日系照烧口味12】,,,,非会员,11,,,依据餐量提供餐具,,105.00,33.00,62.10,0.00,0,0,3.00,0.00,2.30,【活动支出】店铺满减:1.00元+【活动支出】单品特价:51.10元+【活动支出】粉丝群:1.00元+【活动支出】饿了么红包:9.00元+【活动支出】替用户承担配送费:2.3元,-,-,-,1.00,台州区域,台州直营,,,否,-,平台配送
圣比萨（玉环珠城路店）,SBS00027,台州,"8061050255265544585	",饿了么,平台外卖,已完成,2025-10-22 20:56:43,2025-10-22 20:56:43,2025-10-22 20:56:44,饿了么支付-在线支付,,即时单,2025-10-22 20:56:43,12.17,自动出餐,1,否,"【随心❤️拼】7英寸双拼披萨（口味自选）[日系照烧鸡+培根鸡肉]（68.00*1）,餐盒（1.00*1）",双拼7寸【日系照烧口味7】+双拼7寸【碳烤鸡肉培根口味7】,,,,非会员,12,,,2份餐具,,68.00,14.56,48.10,0.00,0,0,1.34,0.00,2.30,【活动支出】单品特价:41.10元+【活动支出】饿了么红包:7.00元+【活动支出】替用户承担配送费:2.3元,-,-,-,1.00,台州区域,台州直营,,,否,-,平台配送
圣比萨（瓯北立体城店）,SBM00003,温州,"8007030254859058657	",饿了么,平台外卖,已完成,2025-10-22 10:02:21,2025-10-22 10:02:21,2025-10-22 10:02:21,饿了么支付-在线支付,,即时单,2025-10-22 10:02:21,27.10,被动出餐,1,否,"工作日钜惠（58.00*1）,餐盒（1.00*1）",上校鸡块+咖喱金丝鸡排焗饭,,,,非会员,1,,,依据餐量提供餐具,,58.00,13.61,37.50,0.00,0,0,1.94,0.00,3.90,【活动支出】单品特价:30.50元+【活动支出】 商家自营销加码:2.00元+【活动支出】饿了么红包:5.00元+【活动支出】淘金币:0.00元+【活动支出】替用户承担配送费:3.9元,-,-,-,1.00,温州区域,温州加盟,,,否,-,平台配送
圣比萨（瓯北立体城店）,SBM00003,温州,"8041756088781821296	",饿了么,平台外卖,已完成,2025-10-22 11:03:44,2025-10-22 11:03:44,2025-10-22 11:03:45,饿了么支付-在线支付,,即时单,2025-10-22 11:03:44,7.45,手动出餐,1,否,招牌肉酱意面（52.00*1）,招牌肉酱意面,,,,非会员,2,,,依据餐量提供餐具,,52.00,13.22,31.60,0.00,0,0,1.83,0.00,3.90,【活动支出】单品特价:31.60元+【活动支出】替用户承担配送费:3.9元,-,-,-,0.00,温州区域,温州加盟,,,否,-,平台配送
圣比萨（瓯北立体城店）,SBM00003,温州,"8071706088789986578	",饿了么,平台外卖,已完成,2025-10-22 11:27:09,2025-10-22 11:27:09,2025-10-22 11:27:10,饿了么支付-在线支付,,即时单,2025-10-22 11:27:09,15.10,手动出餐,1,否,"蛋挞一个（原味）（5.00*1）,7英寸披萨一人食土豪餐[奥尔良鸡肉披萨7英寸+金丝鸡排+盐酥鸡小份+小可乐]（70.00*1）,点击右上角❤️收藏得小吃[上校鸡块2个]（2.00*1）,餐盒（3.50*1）",蛋挞1个+新奥尔良烤鸡肉披萨【7英寸(手拍)】+金丝鸡排+盐酥鸡米花小份+小可乐+上校鸡块2个,,,,非会员,3,,,可乐要冰的 / 依据餐量提供餐具,,77.00,20.16,51.01,0.00,0,0,2.78,0.00,3.90,【活动支出】店铺满减:1.00元+【活动支出】单品特价:4.01元+【活动支出】单品特价:35.10元+【活动支出】单品特价:1.90元+【活动支出】饿了么红包:9.00元+【活动支出】替用户承担配送费:3.9元,-,-,-,3.50,温州区域,温州加盟,,,否,-,平台配送
圣比萨（瓯北立体城店）,SBM00003,温州,"8023200254816723274	",饿了么,平台外卖,已完成,2025-10-22 11:28:43,2025-10-22 11:28:43,2025-10-22 11:28:43,饿了么支付-在线支付,,即时单,2025-10-22 11:28:43,14.55,手动出餐,1,否,"【随心拼】7英寸披萨(口味自选）[培根鸡肉+花果山（新品水果）]（54.00*1）,餐盒（2.00*1）",双拼7寸【碳烤鸡肉培根口味7】+双拼7寸【花果山口味7】,,,,非会员,4,,,依据餐量提供餐具,,54.00,13.61,34.50,0.00,0,0,1.94,0.00,3.90,【活动支出】单品特价:27.50元+【活动支出】饿了么红包:7.00元+【活动支出】替用户承担配送费:3.9元,-,-,-,2.00,温州区域,温州加盟,,,否,-,平台配送
圣比萨（瓯北立体城店）,SBM00003,温州,"8092070254830652716	",饿了么,平台外卖,已完成,2025-10-22 11:36:51,2025-10-22 11:36:51,2025-10-22 11:36:52,饿了么支付-在线支付,,即时单,2025-10-22 11:36:51,15.00,手动出餐,1,否,"任选焗饭3选1+小吃5选1+饮料[碳烤鸡肉芝士焗饭+地道肠1根+小可乐]（57.00*1）,餐盒（2.00*1）",碳烤鸡肉芝士焗饭+地道肠【1根】+小可乐,,,,非会员,5,,,依据餐量提供餐具,,57.00,18.44,32.10,0.00,0,0,2.51,0.00,3.90,【活动支出】单品特价:25.10元+【活动支出】 商家自营销加码:2.00元+【活动支出】饿了么红包:5.00元+【活动支出】替用户承担配送费:3.9元,-,-,-,2.00,温州区域,温州加盟,,,否,-,平台配送
圣比萨（瓯北立体城店）,SBM00003,温州,"8080616088815846754	",饿了么,平台外卖,已完成,2025-10-22 12:18:11,2025-10-22 12:18:11,2025-10-22 12:18:11,饿了么支付-在线支付,,即时单,2025-10-22 12:18:11,16.70,手动出餐,1,否,"任选焗饭3选1+小吃5选1+饮料[黑椒牛肉芝士焗饭+上校鸡块4个+芒果汁]（57.00*1）,餐盒（2.00*1）",黑椒牛肉芝士焗饭+上校鸡块+芒果汁,,,,非会员,6,,,无需餐具,,57.00,18.44,32.10,0.00,0,0,2.51,0.00,3.90,【活动支出】单品特价:25.10元+【活动支出】饿了么红包:7.00元+【活动支出】替用户承担配送费:3.9元,-,-,-,2.00,温州区域,温州加盟,,,否,-,平台配送
圣比萨（瓯北立体城店）,SBM00003,温州,"8051576088862641497	",饿了么,平台外卖,已完成,2025-10-22 12:44:18,2025-10-22 12:44:18,2025-10-22 12:44:18,饿了么支付-在线支付,,即时单,2025-10-22 12:44:18,22.65,手动出餐,1,否,"金沙咸蛋黄嫩鸡披萨-9英寸(手拍)[{""name"":""规格"",""value"":""9英寸(手拍)""}]（92.00*1）,酸奶多多流心卷边（9英寸）（6.90*1）,9英寸奥尔良烤鸡肉披萨（78.00*1）,餐盒（3.00*1）",金沙咸蛋黄嫩鸡披萨+酸奶多多流心卷边9+新奥尔良烤鸡肉披萨【9英寸(手拍)】,,,,非会员,7,,,依据餐量提供餐具,,176.90,56.12,104.20,0.00,0,0,7.63,0.00,3.90,【活动支出】店铺满减:6.00元+【活动支出】单品特价:46.10元+【活动支出】单品特价:40.10元+【活动支出】饿了么红包:12.00元+【活动支出】替用户承担配送费:3.9元,-,-,-,3.00,温州区域,温州加盟,,,否,-,平台配送
圣比萨（瓯北立体城店）,SBM00003,温州,"8068546088907123046	",饿了么,平台外卖,已完成,2025-10-22 13:36:32,2025-10-22 13:36:32,2025-10-22 13:36:32,饿了么支付-在线支付,,即时单,2025-10-22 13:36:32,15.88,手动出餐,1,否,奥尔良烤鸡肉披萨(7寸)-单点（20.61*1）,新奥尔良烤鸡肉披萨【7英寸(手拍)】,,,,非会员,8,,,依据餐量提供餐具,,20.61,13.21,0.00,0.00,0,0,0.00,0.00,,【活动支出】拼团反圈活动:0.00元,-,-,-,0.00,温州区域,温州加盟,,,否,-,平台配送
圣比萨（瓯北立体城店）,SBM00003,温州,"8038866088889319920	",饿了么,平台外卖,已完成,2025-10-22 14:06:46,2025-10-22 14:06:46,2025-10-22 14:06:46,饿了么支付-在线支付,,即时单,2025-10-22 14:06:46,15.50,手动出餐,1,否,"任选披萨8选1+小吃5选1+饮料[日系照烧鸡披萨7英寸+上校鸡块4个+小可乐]（65.00*1）,餐盒（2.00*1）",日系照烧鸡披萨【7英寸(手拍)】+上校鸡块+小可乐,,,,非会员,9,,,1份餐具,,65.00,18.44,40.10,0.00,0,0,2.51,0.00,3.90,【活动支出】单品特价:33.10元+【活动支出】饿了么红包:7.00元+【活动支出】替用户承担配送费:3.9元,-,-,-,2.00,温州区域,温州加盟,,,否,-,平台配送
圣比萨（瓯北立体城店）,SBM00003,温州,"8023450254998148451	",饿了么,平台外卖,已完成,2025-10-22 14:36:07,2025-10-22 14:36:07,2025-10-22 14:36:07,饿了么支付-在线支付,,即时单,2025-10-22 14:36:07,13.85,手动出餐,1,否,"任选披萨8选1+小吃5选1+饮料[奥尔良鸡肉披萨7英寸+上校鸡块4个+柠檬茶]（65.00*1）,餐盒（2.00*1）",新奥尔良烤鸡肉披萨【7英寸(手拍)】+上校鸡块+柠檬茶,,,,非会员,10,,,依据餐量提供餐具,,65.00,18.44,40.10,0.00,0,0,2.51,0.00,3.90,【活动支出】单品特价:33.10元+【活动支出】 商家自营销加码:2.00元+【活动支出】饿了么红包:5.00元+【活动支出】替用户承担配送费:3.9元,-,-,-,2.00,温州区域,温州加盟,,,否,-,平台配送
圣比萨（瓯北立体城店）,SBM00003,温州,"8007310255101631940	",饿了么,平台外卖,已完成,2025-10-22 14:51:44,2025-10-22 14:51:44,2025-10-22 14:51:44,饿了么支付-在线支付,,即时单,2025-10-22 14:51:44,10.12,手动出餐,1,否,"咸蛋黄风味流沙卷边（7英寸）（4.90*1）,【随心拼】7英寸披萨(口味自选）[培根鸡肉+花果山（新品水果）]（54.00*1）,餐盒（2.00*1）",咸蛋黄流沙卷边7+双拼7寸【碳烤鸡肉培根口味7】+双拼7寸【花果山口味7】,,,,非会员,11,,,依据餐量提供餐具,,58.90,17.39,34.50,0.00,0,0,2.46,0.00,3.90,【活动支出】单品特价:27.50元+【活动支出】饿了么红包:7.00元+【活动支出】替用户承担配送费:3.9元,-,-,-,2.00,温州区域,温州加盟,,,否,-,平台配送
圣比萨（瓯北立体城店）,SBM00003,温州,"8036886088933784861	",饿了么,平台外卖,已完成,2025-10-22 15:01:35,2025-10-22 15:01:35,2025-10-22 15:01:35,饿了么支付-在线支付,,即时单,2025-10-22 15:01:35,10.23,手动出餐,1,否,"任选披萨8选1+小吃5选1+饮料[缤纷水果披萨7英寸+地道肠1根+小可乐]（65.00*1）,餐盒（2.00*1）",缤纷水果披萨【7英寸(手拍)】+地道肠【1根】+小可乐,,,,非会员,12,,,依据餐量提供餐具,,65.00,18.44,40.10,0.00,0,0,2.51,0.00,3.90,【活动支出】单品特价:33.10元+【活动支出】 商家自营销加码:2.00元+【活动支出】饿了么红包:5.00元+【活动支出】替用户承担配送费:3.9元,-,-,-,2.00,温州区域,温州加盟,,,否,-,平台配送
圣比萨（瓯北立体城店）,SBM00003,温州,"8031576088912914706	",饿了么,平台外卖,已完成,2025-10-22 16:12:59,2025-10-22 16:12:59,2025-10-22 16:12:59,饿了么支付-在线支付,,即时单,2025-10-22 16:12:59,8.73,手动出餐,1,否,"招牌肉酱意面（52.00*1）,餐盒（1.00*1）",招牌肉酱意面,,,,非会员,13,,,依据餐量提供餐具,,52.00,14.57,31.10,0.00,0,0,1.98,0.00,3.90,【活动支出】单品特价:24.10元+【活动支出】饿了么红包:7.00元+【活动支出】替用户承担配送费:3.9元,-,-,-,1.00,温州区域,温州加盟,,,否,-,平台配送
圣比萨（瓯北立体城店）,SBM00003,温州,"8031576088896121341	",饿了么,平台外卖,已完成,2025-10-22 16:14:37,2025-10-22 16:14:37,2025-10-22 16:14:37,饿了么支付-在线支付,,即时单,2025-10-22 16:14:37,13.53,手动出餐,1,否,"缤纷水果披萨-7英寸(手拍)[{""name"":""规格"",""value"":""7英寸(手拍)""}]（42.00*1）,餐盒（1.00*1）",缤纷水果披萨,,,,非会员,14,,,依据餐量提供餐具,,42.00,12.78,23.10,0.00,0,0,1.77,0.00,3.90,【活动支出】单品特价:16.10元+【活动支出】饿了么红包:7.00元+【活动支出】替用户承担配送费:3.9元,-,-,-,1.00,温州区域,温州加盟,,,否,-,平台配送
圣比萨（瓯北立体城店）,SBM00003,温州,"8012536088913370383	",饿了么,平台外卖,已完成,2025-10-22 16:59:23,2025-10-22 16:59:23,2025-10-22 16:59:23,饿了么支付-在线支付,,即时单,2025-10-22 16:59:23,16.32,手动出餐,1,否,奥尔良烤鸡肉披萨(7寸)-单点（20.61*1）,新奥尔良烤鸡肉披萨【7英寸(手拍)】,,,,非会员,15,,,依据餐量提供餐具,,20.61,13.21,0.00,0.00,0,0,0.00,0.00,,【活动支出】拼团反圈活动:0.00元,-,-,-,0.00,温州区域,温州加盟,,,否,-,平台配送
圣比萨（瓯北立体城店）,SBM00003,温州,"8016846088964060430	",饿了么,平台外卖,已完成,2025-10-22 17:53:53,2025-10-22 17:53:53,2025-10-22 17:53:53,饿了么支付-在线支付,,即时单,2025-10-22 17:53:53,10.73,手动出餐,1,否,"榴莲王披萨-7英寸(经典手拍)[{""name"":""规格"",""value"":""7英寸(经典手拍)""}]（52.00*1）,餐盒（1.00*1）",榴莲王披萨,,,,非会员,16,,,依据餐量提供餐具,,52.00,19.34,25.10,0.00,0,0,2.61,0.00,3.90,【活动支出】单品特价:18.10元+【活动支出】饿了么红包:7.00元+【活动支出】替用户承担配送费:3.9元,-,-,-,1.00,温州区域,温州加盟,,,否,-,平台配送
圣比萨（瓯北立体城店）,SBM00003,温州,"8040586088972835308	",饿了么,平台外卖,已完成,2025-10-22 18:33:00,2025-10-22 18:33:00,2025-10-22 18:33:01,饿了么支付-在线支付,,即时单,2025-10-22 18:33:00,13.98,手动出餐,1,否,奥尔良烤鸡肉披萨(7寸)-单点（20.61*1）,新奥尔良烤鸡肉披萨【7英寸(手拍)】,,,,非会员,17,,,依据餐量提供餐具,,20.61,13.21,0.00,0.00,0,0,0.00,0.00,,【活动支出】拼团反圈活动:0.00元,-,-,-,0.00,温州区域,温州加盟,,,否,-,平台配送
圣比萨（瓯北立体城店）,SBM00003,温州,"8059686089028103586	",饿了么,平台外卖,已完成,2025-10-22 19:29:24,2025-10-22 19:29:24,2025-10-22 19:29:25,饿了么支付-在线支付,,即时单,2025-10-22 19:29:24,11.38,手动出餐,1,否,"任选披萨8选1+小吃5选1+饮料[奥尔良鸡肉披萨7英寸+烤甜玉米一份+不要饮料换小薯角6片]（65.00*2）,餐盒（4.00*1）",新奥尔良烤鸡肉披萨【7英寸(手拍)】+烤甜玉米+小薯角5块,,,,非会员,18,,,依据餐量提供餐具【到店自取，取餐码18】,,130.00,56.86,72.20,0.00,0,0,4.94,0.00,,【活动支出】店铺满减:6.00元+【活动支出】单品特价:66.20元,-,-,-,4.00,温州区域,温州加盟,,,否,-,平台配送
圣比萨（瓯北立体城店）,SBM00003,温州,"8043310255145080097	",饿了么,平台外卖,已完成,2025-10-22 19:41:07,2025-10-22 19:41:07,2025-10-22 19:41:07,饿了么支付-在线支付,,即时单,2025-10-22 19:41:07,10.30,手动出餐,1,否,"榴莲王披萨-7英寸(经典手拍)[{""name"":""规格"",""value"":""7英寸(经典手拍)""}]（52.00*1）,餐盒（1.00*1）",榴莲王披萨,,,,非会员,19,,,1份餐具,,52.00,19.34,25.10,0.00,0,0,2.61,0.00,3.90,【活动支出】单品特价:18.10元+【活动支出】饿了么红包:7.00元+【活动支出】替用户承担配送费:3.9元,-,-,-,1.00,温州区域,温州加盟,,,否,-,平台配送
圣比萨（瓯北立体城店）,SBM00003,温州,"8058140255136445717	",饿了么,平台外卖,已完成,2025-10-22 19:48:13,2025-10-22 19:48:13,2025-10-22 19:48:13,饿了么支付-在线支付,,即时单,2025-10-22 19:48:13,11.40,手动出餐,1,否,奥尔良烤鸡肉披萨(7寸)-单点（20.61*1）,新奥尔良烤鸡肉披萨【7英寸(手拍)】,,,,非会员,20,,,依据餐量提供餐具,,20.61,13.21,0.00,0.00,0,0,0.00,0.00,,【活动支出】拼团反圈活动:0.00元,-,-,-,0.00,温州区域,温州加盟,,,否,-,平台配送
圣比萨（瓯北立体城店）,SBM00003,温州,"8094876089033992568	",饿了么,平台外卖,已完成,2025-10-22 19:48:15,2025-10-22 19:48:15,2025-10-22 19:48:15,饿了么支付-在线支付,,即时单,2025-10-22 19:48:15,12.62,手动出餐,1,否,奥尔良烤鸡肉披萨(7寸)-单点（20.61*1）,新奥尔良烤鸡肉披萨【7英寸(手拍)】,,,,非会员,21,,,依据餐量提供餐具,,20.61,13.21,0.00,0.00,0,0,0.00,0.00,,【活动支出】拼团反圈活动:0.00元,-,-,-,0.00,温州区域,温州加盟,,,否,-,平台配送
圣比萨（温大B区店）,SBS00026,温州,"8069976088814542175	",饿了么,平台外卖,已完成,2025-10-22 11:13:59,2025-10-22 11:13:59,2025-10-22 11:14:00,饿了么支付-在线支付,,即时单,2025-10-22 11:13:59,12.02,自动出餐,1,否,"BBQ烤鸡肉单人餐（58.00*1）,餐盒（1.00*1）",烤奥尔良鸡肉手握披萨+原味冰豆花,,,,非会员,1,,,依据餐量提供餐具；手机尾号：2655；聚合送,,58.00,13.51,40.10,0.00,0,0,1.39,0.00,1.50,【活动支出】单品特价:31.10元+【活动支出】超级会员专享红包:7.00元+【活动支出】粉丝群:2.00元+【活动支出】替用户承担配送费:1.5元,-,-,-,1.00,温州区域,温州直营,,,否,-,平台配送
圣比萨（温大B区店）,SBS00026,温州,"8009886088865744302	",饿了么,平台外卖,已完成,2025-10-22 12:06:36,2025-10-22 12:06:36,2025-10-22 12:06:36,饿了么支付-在线支付,,即时单,2025-10-22 12:06:36,12.12,自动出餐,1,否,"碳烤鸡肉芝士焗饭（28.00*1）,餐盒（1.00*1）",碳烤鸡肉芝士焗饭,,,,非会员,2,,,依据餐量提供餐具；手机尾号：2009；送上楼,,28.00,13.51,10.10,0.00,0,0,1.39,0.00,1.50,【活动支出】单品特价:3.10元+【活动支出】饿了么红包:7.00元+【活动支出】替用户承担配送费:1.5元,-,-,-,1.00,温州区域,温州直营,,,否,-,平台配送
圣比萨（温大B区店）,SBS00026,温州,"8029360255021313398	",饿了么,平台外卖,已完成,2025-10-22 15:16:15,2025-10-22 15:16:15,2025-10-22 15:16:15,饿了么支付-在线支付,,预约单,2025-10-22 17:10:00,68.90,自动出餐,1,否,"照烧鸡肉单人餐（冰豆花自选)（60.00*1）,餐盒（1.00*1）",照烧鸡肉手握披萨+原味龙井冰豆花,,,,非会员,3,,,1份餐具；手机尾号：9667；送上楼,,60.00,14.43,41.10,0.00,0,0,1.47,0.00,1.50,【活动支出】单品特价:32.10元+【活动支出】精准营销:2.00元+【活动支出】饿了么红包:7.00元+【活动支出】替用户承担配送费:1.5元,-,-,-,1.00,温州区域,温州直营,,,否,-,平台配送
圣比萨（温大B区店）,SBS00026,温州,"8036926088903676392	",饿了么,平台外卖,已完成,2025-10-22 16:32:44,2025-10-22 16:32:44,2025-10-22 16:32:44,饿了么支付-在线支付,,即时单,2025-10-22 16:32:44,10.23,自动出餐,1,否,"DIY单人套餐（主食小吃饮品自选）（48.00*1）,餐盒（1.00*1）",小雪碧+蛋挞+烤奥尔良鸡肉手握披萨,,,,非会员,4,,,依据餐量提供餐具；手机尾号：9070；送上楼,,48.00,16.27,27.10,0.00,0,0,1.63,0.00,1.50,【活动支出】单品特价:20.10元+【活动支出】饿了么红包:7.00元+【活动支出】替用户承担配送费:1.5元,-,-,-,1.00,温州区域,温州直营,,,否,-,平台配送
圣比萨（温大B区店）,SBS00026,温州,"8082886088947760476	",饿了么,平台外卖,已完成,2025-10-22 16:58:59,2025-10-22 16:58:59,2025-10-22 16:59:00,饿了么支付-在线支付,,即时单,2025-10-22 16:58:59,10.05,自动出餐,1,否,"DIY单人套餐（主食小吃饮品自选）（48.00*1）,餐盒（1.00*1）",小雪碧+上校鸡块3个+咖喱鸡肉芝士焗饭,,,,非会员,5,,,依据餐量提供餐具；手机尾号：2504；送上楼,,48.00,16.27,27.10,0.00,0,0,1.63,0.00,1.50,【活动支出】单品特价:20.10元+【活动支出】大额吃货红包（爆红包）:0.00元+【活动支出】饿了么红包:7.00元+【活动支出】替用户承担配送费:1.5元,-,-,-,1.00,温州区域,温州直营,,,否,-,平台配送
圣比萨（温大B区店）,SBS00026,温州,"8056676089024348617	",饿了么,平台外卖,已完成,2025-10-22 18:23:41,2025-10-22 18:23:41,2025-10-22 18:23:41,饿了么支付-在线支付,,即时单,2025-10-22 18:23:41,12.00,自动出餐,1,否,"【随心拼】双拼手握披萨[日系照烧鸡+日系照烧鸡]（38.00*1）,葡式蛋挞1个（4.00*1）,#点击右上角收藏❤0.01多加5g芝士(只能加披萨里)（5.00*1）,餐盒（1.50*1）",双拼手握披萨【日系照烧鸡】+双拼手握披萨【日系照烧鸡】+蛋挞1个+芝士5克,,,,非会员,6,,,依据餐量提供餐具；手机尾号：3213；送上楼,,47.00,12.13,31.10,0.00,0,0,1.27,0.00,1.50,【活动支出】单品特价:14.10元+【活动支出】单品特价:3.10元+【活动支出】单品特价:4.90元+【活动支出】下单返红包:2.00元+【活动支出】饿了么红包:7.00元+【活动支出】替用户承担配送费:1.5元,-,-,-,1.50,温州区域,温州直营,,,否,-,平台配送
圣比萨（钱库店）,SBM00044,温州,"8096240255061935476	",饿了么,平台外卖,已完成,2025-10-22 17:09:51,2025-10-22 17:09:51,2025-10-22 17:09:51,饿了么支付-在线支付,,预约单,2025-10-22 18:10:00,33.83,手动出餐,1,否,"咸蛋黄边（9英寸）（12.80*1）,燕麦芋泥披萨-9英寸（经典手拍）[{""name"":""规格"",""value"":""9英寸（经典手拍）""}]（75.00*1）,餐盒（1.00*1）",花果山披萨,,,,非会员,1,,,依据餐量提供餐具,,87.80,30.78,46.10,0.00,0,0,4.17,0.00,3.50,【活动支出】店铺满减:1.00元+【活动支出】单品特价:36.10元+【活动支出】饿了么红包:9.00元+【活动支出】替用户承担配送费:3.5元,-,-,-,1.00,温州区域,温州加盟,,,否,-,平台配送
圣比萨（钱库店）,SBM00044,温州,"8082200255055871390	",饿了么,平台外卖,已退款,2025-10-22 17:18:06,2025-10-22 17:18:06,2025-10-22 17:18:06,饿了么支付-在线支付,,预约单,2025-10-22 18:15:00,,未出餐,1,否,"酸梅汁（8.00*1）,西西里肉酱香肠焗饭（38.00*1）,经典薯条（180克）（18.00*1）,餐盒（3.50*1）",酸梅汁+西西里肉酱火腿芝士焗饭+经典薯条,,,,非会员,2,,,依据餐量提供餐具,"餐厅同意取消单 ",64.00,-5.99,27.91,32.59,0,0,3.84,0.00,3.50,【活动支出】店铺满减:1.00元+【活动支出】单品特价:1.80元+【活动支出】单品特价:8.41元+【活动支出】单品特价:7.70元+【活动支出】饿了么红包:9.00元+【活动支出】替用户承担配送费:3.5元,-,-,-,3.50,温州区域,温州加盟,,,否,-,平台配送
圣比萨（钱库店）,SBM00044,温州,"8029220255059257841	",饿了么,平台外卖,已完成,2025-10-22 17:31:28,2025-10-22 17:31:28,2025-10-22 17:31:28,饿了么支付-在线支付,,即时单,2025-10-22 17:31:28,8.40,手动出餐,1,否,"奶油培根意面（31.99*1）,餐盒（1.00*1）",奶油培根意面+餐盒,,,,非会员,3,,,依据餐量提供餐具,,31.99,13.71,11.60,0.00,0,0,1.93,0.00,3.50,【活动支出】单品特价:4.60元+【活动支出】超级会员专享红包:5.00元+【活动支出】 商家自营销加码:2.00元+【活动支出】替用户承担配送费:3.5元,-,-,-,1.00,温州区域,温州加盟,,,否,-,平台配送
圣比萨（钱库店）,SBM00044,温州,"8076160254979549673	",饿了么,平台外卖,已完成,2025-10-22 17:34:37,2025-10-22 17:34:37,2025-10-22 17:34:37,饿了么支付-在线支付,,预约单,2025-10-22 20:40:00,157.92,手动出餐,1,否,"黑椒牛肉芝士焗饭（30.00*1）,餐盒（2.00*1）",黑椒牛肉芝士焗饭,,,,非会员,4,,,依据餐量提供餐具,,30.00,13.08,11.20,0.00,0,0,1.87,0.00,5.60,【活动支出】单品特价:4.20元+【活动支出】 商家自营销加码:2.00元+【活动支出】饿了么红包:5.00元+【活动支出】替用户承担配送费:5.6元,-,-,-,2.00,温州区域,温州加盟,,,否,-,平台配送
圣比萨（钱库店）,SBM00044,温州,"8054160255165009368	",饿了么,平台外卖,已完成,2025-10-22 17:39:26,2025-10-22 17:39:26,2025-10-22 17:39:26,饿了么支付-在线支付,,即时单,2025-10-22 17:39:26,12.53,手动出餐,1,否,"一人畅享套餐[招牌肉酱芝士焗饭+墨鱼丸6个+港式奶茶+热]（59.00*1）,深海墨鱼丸一个（3.00*2）,蛋挞一个（原味）（5.00*2）,餐盒（3.00*1）",深海墨鱼丸1个+蛋挞1个,,,,非会员,5,,,到了打电话 / 依据餐量提供餐具,,75.00,27.41,37.61,0.00,0,0,3.93,0.00,5.00,【活动支出】店铺满减:1.00元+【活动支出】单品特价:18.70元+【活动支出】单品特价:2.90元+【活动支出】单品特价:4.01元+【活动支出】精准营销:2.00元+【活动支出】饿了么红包:9.00元+【活动支出】替用户承担配送费:5.0元,-,-,-,3.00,温州区域,温州加盟,,,否,-,平台配送
圣比萨（钱库店）,SBM00044,温州,"8068180254984611236	",饿了么,平台外卖,已完成,2025-10-22 17:47:05,2025-10-22 17:47:05,2025-10-22 17:47:06,饿了么支付-在线支付,,即时单,2025-10-22 17:47:05,10.33,手动出餐,1,否,"燕麦芋泥披萨-7英寸（经典手拍）[{""name"":""规格"",""value"":""7英寸（经典手拍）""}]（42.00*1）,餐盒（1.00*1）",花果山披萨,,,,非会员,6,,,依据餐量提供餐具,,42.00,13.67,22.10,0.00,0,0,1.88,0.00,3.50,【活动支出】单品特价:15.10元+【活动支出】饿了么红包:7.00元+【活动支出】替用户承担配送费:3.5元,-,-,-,1.00,温州区域,温州加盟,,,否,-,平台配送
圣比萨（钱库店）,SBM00044,温州,"8002430255177355572	",饿了么,平台外卖,已完成,2025-10-22 17:51:43,2025-10-22 17:51:43,2025-10-22 17:51:43,饿了么支付-在线支付,,即时单,2025-10-22 17:51:43,16.83,被动出餐,1,否,"圣比至尊披萨7英寸+小可乐1瓶[培根披萨7英寸+小可乐]（48.00*1）,餐盒（2.00*1）",大圣招牌大满贯披萨【7英寸(手拍)】+小可乐,,,,非会员,7,,,依据餐量提供餐具,,48.00,17.58,23.61,0.00,0,0,2.46,0.00,3.50,【活动支出】单品特价:13.61元+【活动支出】粉丝群:2.00元+【活动支出】饿了么红包:8.00元+【活动支出】替用户承担配送费:3.5元,-,-,-,2.00,温州区域,温州加盟,,,否,-,平台配送
圣比萨（钱库店）,SBM00044,温州,"8070916089014334735	",饿了么,平台外卖,已完成,2025-10-22 18:22:16,2025-10-22 18:22:16,2025-10-22 18:22:16,饿了么支付-在线支付,,即时单,2025-10-22 18:22:16,18.83,手动出餐,1,否,"一人畅享套餐[咖喱鸡肉芝士焗饭+奥尔良烤翅1对+港式奶茶+热]（59.00*1）,餐盒（1.00*1）",一人畅享套餐[咖喱鸡肉芝士焗饭+奥尔良烤翅1对+港式奶茶+热]+餐盒,,,,非会员,8,,,不用敲门和打电话，十分感谢（抱拳），商家昨天我点的薯条没送今天记得补一下，感谢 / 依据餐量提供餐具,,59.00,18.18,28.70,0.00,0,0,2.97,0.00,6.80,【活动支出】店铺满减:1.00元+【活动支出】单品特价:18.70元+【活动支出】饿了么红包:9.00元+【活动支出】替用户承担配送费:6.0元,-,-,-,1.00,温州区域,温州加盟,,,否,-,平台配送
圣比萨（钱库店）,SBM00044,温州,"8008836089033534795	",饿了么,平台外卖,已完成,2025-10-22 18:40:31,2025-10-22 18:40:31,2025-10-22 18:40:31,饿了么支付-在线支付,,即时单,2025-10-22 18:40:31,18.42,手动出餐,1,否,"奥尔良烤鸡肉披萨-9寸(经典手拍)[{""name"":""规格"",""value"":""9寸(经典手拍)""}]（78.00*1）,餐盒（2.00*1）",新奥尔良烤鸡肉披萨,,,,非会员,9,,,依据餐量提供餐具,,78.00,25.23,43.50,0.00,0,0,3.52,0.00,3.50,【活动支出】店铺满减:1.00元+【活动支出】单品特价:34.50元+【活动支出】超级会员专享红包:8.00元+【活动支出】 商家自营销加码:0.00元+【活动支出】替用户承担配送费:3.5元,-,-,-,2.00,温州区域,温州加盟,,,否,-,平台配送
圣比萨（钱库店）,SBM00044,温州,"8042776088980350348	",饿了么,平台外卖,已完成,2025-10-22 18:47:24,2025-10-22 18:47:24,2025-10-22 18:47:25,饿了么支付-在线支付,,即时单,2025-10-22 18:47:24,11.50,手动出餐,1,否,"星星炸鸡披萨-9英寸(方形薄脆)[{""name"":""规格"",""value"":""9英寸(方形薄脆)""}]（78.00*1）,餐盒（2.00*1）","星星炸鸡披萨-9英寸(方形薄脆)[{""name"":""规格"",""value"":""9英寸(方形薄脆)""}]+餐盒",,,,非会员,10,,,依据餐量提供餐具,,78.00,20.54,49.41,0.00,0,0,2.90,0.00,3.50,【活动支出】店铺满减:1.00元+【活动支出】单品特价:34.41元+【活动支出】粉丝群:2.00元+【活动支出】饿了么红包:12.00元+【活动支出】替用户承担配送费:3.5元,-,-,-,2.00,温州区域,温州加盟,,,否,-,平台配送
圣比萨（钱库店）,SBM00044,温州,"8026766088978038176	",饿了么,平台外卖,已完成,2025-10-22 18:53:46,2025-10-22 18:53:46,2025-10-22 18:53:46,饿了么支付-在线支付,,即时单,2025-10-22 18:53:46,10.58,手动出餐,1,否,新奥尔良烤鸡肉披萨7寸-单点（22.00*1）,新奥尔良烤鸡肉披萨【7英寸(手拍)】,,,,非会员,11,,,依据餐量提供餐具,,22.00,12.00,0.00,0.00,0,0,0.00,0.00,,【活动支出】拼团反圈活动:0.00元,-,-,-,0.00,温州区域,温州加盟,,,否,-,平台配送
圣比萨（钱库店）,SBM00044,温州,"8005706089044639018	",饿了么,平台外卖,已完成,2025-10-22 19:05:15,2025-10-22 19:05:15,2025-10-22 19:05:15,饿了么支付-在线支付,,即时单,2025-10-22 19:05:15,11.38,手动出餐,1,否,"红薯边（7英寸）（8.80*1）,缤纷水果披萨-7英寸(经典手拍)[{""name"":""规格"",""value"":""7英寸(经典手拍)""}]（42.00*1）,餐盒（2.00*1）",缤纷水果披萨,,,,非会员,12,,,1份餐具,,50.80,19.39,23.50,0.00,0,0,2.76,0.00,3.50,【活动支出】店铺满减:1.00元+【活动支出】单品特价:14.50元+【活动支出】饿了么红包:8.00元+【活动支出】替用户承担配送费:3.5元,-,-,-,2.00,温州区域,温州加盟,,,否,-,平台配送
圣比萨（钱库店）,SBM00044,温州,"8095766089011418410	",饿了么,平台外卖,已完成,2025-10-22 19:23:22,2025-10-22 19:23:22,2025-10-22 19:23:22,饿了么支付-在线支付,,即时单,2025-10-22 19:23:22,10.65,手动出餐,1,否,"榴莲王披萨-7英寸（经典手拍)[{""name"":""规格"",""value"":""7英寸（经典手拍)""}]（52.00*1）,餐盒（1.00*1）",榴莲王披萨,,,,非会员,13,,,无需餐具【到店自取，取餐码13】,,52.00,35.82,13.41,0.00,0,0,3.17,0.00,,【活动支出】店铺满减:1.00元+【活动支出】单品特价:12.41元,-,-,-,1.00,温州区域,温州加盟,,,否,-,平台配送
圣比萨（钱库店）,SBM00044,温州,"8056070255130983745	",饿了么,平台外卖,已完成,2025-10-22 19:33:12,2025-10-22 19:33:12,2025-10-22 19:33:13,饿了么支付-在线支付,,即时单,2025-10-22 19:33:12,7.43,手动出餐,1,否,"招牌肉酱芝士焗饭（52.00*1）,港式奶茶[热]（10.00*1）,餐盒（3.00*1）",招牌肉酱芝士焗饭+港式奶茶,,,,非会员,14,,,依据餐量提供餐具,,62.00,20.22,34.10,0.00,0,0,2.93,0.00,3.50,【活动支出】店铺满减:1.00元+【活动支出】单品特价:23.50元+【活动支出】单品特价:2.60元+【活动支出】饿了么红包:7.00元+【活动支出】替用户承担配送费:3.5元,-,-,-,3.00,温州区域,温州加盟,,,否,-,平台配送
圣比萨（钱库店）,SBM00044,温州,"8000856089063853527	",饿了么,平台外卖,已完成,2025-10-22 19:52:28,2025-10-22 19:52:28,2025-10-22 19:52:28,饿了么支付-在线支付,,即时单,2025-10-22 19:52:28,11.82,手动出餐,1,否,"燕麦芋泥披萨-7英寸（经典手拍）[{""name"":""规格"",""value"":""7英寸（经典手拍）""}]（42.00*1）,餐盒（1.00*1）",花果山披萨,,,,非会员,15,,,依据餐量提供餐具,,42.00,13.67,22.10,0.00,0,0,1.88,0.00,3.50,【活动支出】单品特价:15.10元+【活动支出】 商家自营销加码:2.00元+【活动支出】饿了么红包:5.00元+【活动支出】替用户承担配送费:3.5元,-,-,-,1.00,温州区域,温州加盟,,,否,-,平台配送
圣比萨（钱库店）,SBM00044,温州,"8043916089038321998	",饿了么,平台外卖,已完成,2025-10-22 19:55:34,2025-10-22 19:55:34,2025-10-22 19:55:34,饿了么支付-在线支付,,即时单,2025-10-22 19:55:34,11.87,手动出餐,1,否,"西西里肉酱香肠焗饭（38.00*1）,餐盒（1.50*1）",西西里肉酱火腿芝士焗饭,,,,非会员,16,,,依据餐量提供餐具,,38.00,15.33,15.41,0.00,0,0,2.21,0.00,3.50,【活动支出】单品特价:8.41元+【活动支出】CPS商户叠加券:0.00元+【活动支出】饿了么红包:7.00元+【活动支出】淘金币:0.00元+【活动支出】替用户承担配送费:3.5元,-,-,-,1.50,温州区域,温州加盟,,,否,-,平台配送
圣比萨（钱库店）,SBM00044,温州,"8006746089043269056	",饿了么,平台外卖,已完成,2025-10-22 20:02:38,2025-10-22 20:02:38,2025-10-22 20:02:39,饿了么支付-在线支付,,即时单,2025-10-22 20:02:38,14.98,手动出餐,1,否,"金丝鸡排（10.88*1）,芝士焗紫薯（19.90*1）,双拼披萨-7英寸（经典手拍）[浪漫威尼斯披萨+培根薯角披萨][{""name"":""规格"",""value"":""7英寸（经典手拍）""}]（45.00*1）,餐盒（3.00*1）",金丝鸡排,,,,非会员,17,,,依据餐量提供餐具,,75.78,30.95,33.88,0.00,0,0,4.40,0.00,3.50,【活动支出】店铺满减:6.00元+【活动支出】单品特价:2.38元+【活动支出】单品特价:4.40元+【活动支出】单品特价:11.10元+【活动支出】精准营销:2.00元+【活动支出】饿了么红包:8.00元+【活动支出】替用户承担配送费:3.5元,-,-,-,3.00,温州区域,温州加盟,,,否,-,平台配送
圣比萨（钱库店）,SBM00044,温州,"8009490255057891721	",饿了么,平台外卖,已完成,2025-10-22 20:15:21,2025-10-22 20:15:21,2025-10-22 20:15:21,饿了么支付-在线支付,,即时单,2025-10-22 20:15:21,10.97,手动出餐,1,否,"榴莲王披萨-9英寸(经典手拍)[{""name"":""规格"",""value"":""9英寸(经典手拍)""}]（92.00*1）,餐盒（1.00*1）",榴莲王披萨,,,,非会员,18,,,依据餐量提供餐具,,92.00,33.06,46.41,0.00,0,0,4.58,0.00,3.50,【活动支出】店铺满减:6.00元+【活动支出】单品特价:31.41元+【活动支出】饿了么红包:9.00元+【活动支出】替用户承担配送费:3.5元,-,-,-,1.00,温州区域,温州加盟,,,否,-,平台配送
圣比萨（钱库店）,SBM00044,温州,"8076916089070520720	",饿了么,平台外卖,已完成,2025-10-22 20:23:18,2025-10-22 20:23:18,2025-10-22 20:23:18,饿了么支付-在线支付,,即时单,2025-10-22 20:23:18,9.87,手动出餐,1,否,"圣比至尊披萨7英寸+小可乐1瓶[培根披萨7英寸+小可乐]（48.00*1）,蛋挞一个（原味）（5.00*1）,餐盒（3.00*1）",大圣招牌大满贯披萨【7英寸(手拍)】+小可乐+蛋挞1个,,,,非会员,19,,,1份餐具,,53.00,20.56,25.62,0.00,0,0,2.87,0.00,3.50,【活动支出】店铺满减:1.00元+【活动支出】单品特价:13.61元+【活动支出】单品特价:4.01元+【活动支出】饿了么红包:0.00元+【活动支出】饿了么红包:7.00元+【活动支出】替用户承担配送费:3.5元,-,-,-,3.00,温州区域,温州加盟,,,否,-,平台配送
圣比萨（钱库店）,SBM00044,温州,"8004726089076072874	",饿了么,平台外卖,已完成,2025-10-22 20:32:07,2025-10-22 20:32:07,2025-10-22 20:32:08,饿了么支付-在线支付,,即时单,2025-10-22 20:32:07,12.73,手动出餐,1,否,"缤纷水果披萨-7英寸(经典手拍)[{""name"":""规格"",""value"":""7英寸(经典手拍)""}]（42.00*1）,餐盒（2.00*1）",缤纷水果披萨,,,,非会员,20,,,小孩吃，注意安全 / 无需餐具,,42.00,14.50,21.50,0.00,0,0,2.05,0.00,3.50,【活动支出】单品特价:14.50元+【活动支出】 商家自营销加码:2.00元+【活动支出】饿了么红包:5.00元+【活动支出】替用户承担配送费:3.5元,-,-,-,2.00,温州区域,温州加盟,,,否,-,平台配送
圣比萨（钱库店）,SBM00044,温州,"8053260255253775689	",饿了么,平台外卖,已完成,2025-10-22 20:38:04,2025-10-22 20:38:04,2025-10-22 20:38:04,饿了么支付-在线支付,,即时单,2025-10-22 20:38:04,17.53,手动出餐,1,否,"一人畅享套餐[招牌肉酱芝士焗饭+奥尔良烤翅1对+港式奶茶+热]（59.00*1）,餐盒（1.00*1）",一人畅享套餐[招牌肉酱芝士焗饭+奥尔良烤翅1对+港式奶茶+热]+餐盒,,,,非会员,21,,,放前门口 / 依据餐量提供餐具,,59.00,21.38,28.70,0.00,0,0,2.97,0.00,3.50,【活动支出】店铺满减:1.00元+【活动支出】单品特价:18.70元+【活动支出】饿了么红包:9.00元+【活动支出】替用户承担配送费:3.5元,-,-,-,1.00,温州区域,温州加盟,,,否,-,平台配送
圣比萨（钱库店）,SBM00044,温州,"8099070255259517430	",饿了么,平台外卖,已完成,2025-10-22 20:38:20,2025-10-22 20:38:20,2025-10-22 20:38:20,饿了么支付-在线支付,,即时单,2025-10-22 20:38:20,8.98,手动出餐,1,否,"奥尔良烤鸡肉披萨(7寸)-单点[{""name"":""规格"",""value"":""单点""}]（23.21*1）",新奥尔良烤鸡肉披萨【7英寸(手拍)】,,,,非会员,22,,,-,,23.21,13.21,0.00,0.00,0,0,0.00,0.00,,【活动支出】拼团反圈活动:0.00元,-,-,-,0.00,温州区域,温州加盟,,,否,-,平台配送
圣比萨（钱库店）,SBM00044,温州,"8088836089058322809	",饿了么,平台外卖,已完成,2025-10-22 20:58:32,2025-10-22 20:58:32,2025-10-22 20:58:32,饿了么支付-在线支付,,即时单,2025-10-22 20:58:32,11.87,手动出餐,1,否,"[买一送一]芝士焗饭[黑椒牛肉芝士焗饭+西西里肉酱香肠焗饭]（67.00*1）,餐盒（2.00*1）",黑椒牛肉芝士焗饭+西西里肉酱火腿芝士焗饭,,,,非会员,23,,,无需餐具,,67.00,23.15,30.80,0.00,0,0,3.70,0.00,7.40,【活动支出】店铺满减:1.00元+【活动支出】单品特价:17.80元+【活动支出】CPS商户叠加券:0.00元+【活动支出】饿了么红包:12.00元+【活动支出】替用户承担配送费:6.0元,-,-,-,2.00,温州区域,温州加盟,,,否,-,平台配送
圣比萨（钱库店）,SBM00044,温州,"8086110255163780567	",饿了么,平台外卖,已完成,2025-10-22 21:11:44,2025-10-22 21:11:44,2025-10-22 21:11:45,饿了么支付-在线支付,,即时单,2025-10-22 21:11:44,5.73,手动出餐,1,否,"番茄培根意面（32.00*1）,餐盒（2.00*1）",番茄培根意面,,,,非会员,24,,,放门口鞋柜上 / 依据餐量提供餐具,,32.00,11.40,14.41,0.00,0,0,1.74,0.00,5.60,【活动支出】单品特价:7.41元+【活动支出】饿了么红包:7.00元+【活动支出】替用户承担配送费:5.6元,-,-,-,2.00,温州区域,温州加盟,,,否,-,平台配送
圣比萨（钱库店）,SBM00044,温州,"8086060255176144240	",饿了么,平台外卖,已完成,2025-10-22 21:23:04,2025-10-22 21:23:04,2025-10-22 21:23:04,饿了么支付-在线支付,,即时单,2025-10-22 21:23:04,13.17,手动出餐,1,否,"圣比招牌披萨-7寸(经典手拍)[{""name"":""规格"",""value"":""7寸(经典手拍)""}]（45.00*1）,芝士边（7英寸）（9.80*1）,餐盒（2.00*1）",大圣招牌大满贯披萨,,,,非会员,25,,,依据餐量提供餐具,,54.80,22.76,22.50,0.00,0,0,3.29,0.00,5.60,【活动支出】店铺满减:1.00元+【活动支出】单品特价:12.50元+【活动支出】饿了么红包:9.00元+【活动支出】替用户承担配送费:5.6元,-,-,-,2.00,温州区域,温州加盟,,,否,-,平台配送
圣比萨（钱库店）,SBM00044,温州,"8055000255272299828	",饿了么,平台外卖,已完成,2025-10-22 21:44:01,2025-10-22 21:44:01,2025-10-22 21:44:02,饿了么支付-在线支付,,即时单,2025-10-22 21:44:01,11.17,手动出餐,1,否,"缤纷水果披萨-7英寸(经典手拍)[{""name"":""规格"",""value"":""7英寸(经典手拍)""}]（42.00*1）,餐盒（2.00*1）",缤纷水果披萨,,,,非会员,26,,,2份餐具,,42.00,14.00,21.50,0.00,0,0,2.05,0.00,5.60,【活动支出】单品特价:14.50元+【活动支出】精准营销:2.00元+【活动支出】饿了么红包:5.00元+【活动支出】替用户承担配送费:5.6元,-,-,-,2.00,温州区域,温州加盟,,,否,-,平台配送
圣比萨（钱库店）,SBM00044,温州,"8020430255178102185	",饿了么,平台外卖,已完成,2025-10-22 21:55:26,2025-10-22 21:55:26,2025-10-22 21:55:26,饿了么支付-在线支付,,即时单,2025-10-22 21:55:26,15.55,手动出餐,1,否,"奶酪边（9英寸）（12.80*1）,双拼披萨-9英寸（经典手拍）[玉米沙拉披萨+日系照烧鸡披萨][{""name"":""规格"",""value"":""9英寸（经典手拍）""}]（80.00*1）,餐盒（1.00*1）","奶酪边（9英寸）+双拼披萨-9英寸（经典手拍）[玉米沙拉披萨+日系照烧鸡披萨][{""name"":""规格"",""value"":""9英寸（经典手拍）""}]+餐盒",,,,非会员,27,,,依据餐量提供餐具,,92.80,36.20,42.70,0.00,0,0,5.05,0.00,5.60,【活动支出】店铺满减:6.00元+【活动支出】单品特价:22.70元+【活动支出】粉丝群:2.00元+【活动支出】饿了么红包:12.00元+【活动支出】替用户承担配送费:5.6元,-,-,-,1.00,温州区域,温州加盟,,,否,-,平台配送
圣比萨（钱库店）,SBM00044,温州,"8013786089081700855	",饿了么,平台外卖,已完成,2025-10-22 22:18:36,2025-10-22 22:18:36,2025-10-22 22:18:36,饿了么支付-在线支付,,即时单,2025-10-22 22:18:36,10.78,手动出餐,1,否,"圣比招牌披萨-7寸(经典手拍)[{""name"":""规格"",""value"":""7寸(经典手拍)""}]（45.00*1）,黄金地瓜条（18.00*1）,蛋挞一个（原味）（5.00*1）,餐盒（4.00*1）",大圣招牌大满贯披萨+蛋挞1个,,,,非会员,28,,,依据餐量提供餐具,,68.00,22.84,33.01,0.00,0,0,2.70,0.00,10.70,【活动支出】店铺满减:1.00元+【活动支出】单品特价:12.50元+【活动支出】单品特价:7.50元+【活动支出】单品特价:4.01元+【活动支出】饿了么红包:8.00元+【活动支出】替用户承担配送费:6.0元,-,-,-,4.00,温州区域,温州加盟,,,否,-,平台配送
圣比萨（钱库店）,SBM00044,温州,"8056536089079166264	",饿了么,平台外卖,已完成,2025-10-22 22:36:48,2025-10-22 22:36:48,2025-10-22 22:36:48,饿了么支付-在线支付,,即时单,2025-10-22 22:36:48,11.37,手动出餐,1,否,"圣比招牌披萨-7寸(经典手拍)[{""name"":""规格"",""value"":""7寸(经典手拍)""}]（45.00*1）,芝士焗红薯泥（19.00*1）,烤甜玉米（12.00*1）,餐盒（5.00*1）",大圣招牌大满贯披萨+芝士焗红薯泥+烤甜玉米,,,,非会员,29,,,依据餐量提供餐具,,76.00,32.00,33.70,0.00,0,0,4.65,0.00,5.60,【活动支出】店铺满减:6.00元+【活动支出】单品特价:12.50元+【活动支出】单品特价:3.60元+【活动支出】单品特价:2.60元+【活动支出】饿了么红包:9.00元+【活动支出】替用户承担配送费:5.6元,-,-,-,5.00,温州区域,温州加盟,,,否,-,平台配送
圣比萨（钱库店）,SBM00044,温州,"8072020255186903406	",饿了么,平台外卖,已完成,2025-10-22 22:48:46,2025-10-22 22:48:46,2025-10-22 22:48:46,饿了么支付-在线支付,,即时单,2025-10-22 22:48:46,10.13,手动出餐,1,否,"圣比招牌披萨-9寸(方形薄脆)[{""name"":""规格"",""value"":""9寸(方形薄脆)""}]（78.00*1）","圣比招牌披萨-9寸(方形薄脆)[{""name"":""规格"",""value"":""9寸(方形薄脆)""}]",,,,非会员,30,,,13626518025打这个电话 / 2份餐具,,78.00,25.06,41.80,0.00,0,0,3.49,0.00,5.60,【活动支出】单品特价:41.80元+【活动支出】替用户承担配送费:5.6元,-,-,-,0.00,温州区域,温州加盟,,,否,-,平台配送
圣比萨（钱库店）,SBM00044,温州,"8011836089120521709	",饿了么,平台外卖,已完成,2025-10-22 23:54:09,2025-10-22 23:54:09,2025-10-22 23:54:09,饿了么支付-在线支付,,即时单,2025-10-22 23:54:09,15.03,手动出餐,1,否,"燕麦芋泥披萨-12英寸（经典手拍）[{""name"":""规格"",""value"":""12英寸（经典手拍）""}]（106.00*1）,咸蛋黄边（12英寸）（15.80*1）,餐盒（1.00*1）",花果山披萨,,,,非会员,31,,,依据餐量提供餐具,,121.80,36.92,67.10,0.00,0,0,5.53,0.00,8.90,【活动支出】店铺满减:6.00元+【活动支出】单品特价:49.10元+【活动支出】饿了么红包:12.00元+【活动支出】替用户承担配送费:6.0元,-,-,-,1.00,温州区域,温州加盟,,,否,-,平台配送
圣比萨（郭溪店）,SBM00011,温州,"8065676088747770238	",饿了么,平台外卖,已完成,2025-10-22 10:20:00,2025-10-22 10:20:00,2025-10-22 10:20:00,饿了么支付-在线支付,,即时单,2025-10-22 10:20:00,10.90,手动出餐,1,否,"圣比招牌披萨-7寸(手拍)[{""name"":""规格"",""value"":""7寸(手拍)""}]（45.00*1）",大圣招牌大满贯披萨,,,,非会员,1,,,依据餐量提供餐具；手机尾号：3727；接力送,,45.00,14.74,21.90,0.00,0,0,1.51,0.00,5.00,【活动支出】单品特价:21.90元+【活动支出】替用户承担配送费:5.0元,-,-,-,0.00,温州区域,温州加盟,,,否,-,平台配送
圣比萨（郭溪店）,SBM00011,温州,"8008906088746152443	",饿了么,平台外卖,已完成,2025-10-22 11:06:00,2025-10-22 11:06:00,2025-10-22 11:06:00,饿了么支付-在线支付,,即时单,2025-10-22 11:06:00,5.25,手动出餐,1,否,"番茄牛肉意面（52.00*1）,餐盒（1.00*1）",番茄牛肉意面,,,,非会员,2,,,不要葱不要香菜谢谢 / 无需餐具,,52.00,10.22,35.10,0.00,0,0,1.43,0.00,5.00,【活动支出】单品特价:28.10元+【活动支出】 商家自营销加码:2.00元+【活动支出】CPS商户叠加券:0.00元+【活动支出】饿了么红包:5.00元+【活动支出】淘金币:0.00元+【活动支出】替用户承担配送费:5.0元,-,-,-,1.00,温州区域,温州加盟,,,否,-,平台配送
圣比萨（郭溪店）,SBM00011,温州,"8064666088768378276	",饿了么,平台外卖,已完成,2025-10-22 11:20:31,2025-10-22 11:20:31,2025-10-22 11:20:32,饿了么支付-在线支付,,即时单,2025-10-22 11:20:31,4.35,手动出餐,1,否,"番茄牛肉意面（52.00*1）,餐盒（1.00*1）",番茄牛肉意面,,,,非会员,3,,,依据餐量提供餐具,,52.00,11.12,35.10,0.00,0,0,1.43,0.00,3.50,【活动支出】单品特价:28.10元+【活动支出】 商家自营销加码:2.00元+【活动支出】CPS商户叠加券:0.00元+【活动支出】饿了么红包:5.00元+【活动支出】替用户承担配送费:3.5元,-,-,-,1.00,温州区域,温州加盟,,,否,-,平台配送
圣比萨（郭溪店）,SBM00011,温州,"8002716088807718292	",饿了么,平台外卖,已完成,2025-10-22 11:30:43,2025-10-22 11:30:43,2025-10-22 11:30:43,饿了么支付-在线支付,,即时单,2025-10-22 11:30:43,10.35,手动出餐,1,否,招牌肉酱芝士焗饭（52.00*1）,招牌肉酱芝士焗饭,,,,非会员,4,,,对商家，不要辣，对辣过敏 / 依据餐量提供餐具；手机尾号：9926；接力送,,52.00,11.72,32.60,0.00,0,0,1.43,0.00,4.50,【活动支出】单品特价:32.60元+【活动支出】替用户承担配送费:4.5元,-,-,-,0.00,温州区域,温州加盟,,,否,-,平台配送
圣比萨（郭溪店）,SBM00011,温州,"8035906088848060813	",饿了么,平台外卖,已完成,2025-10-22 12:16:24,2025-10-22 12:16:24,2025-10-22 12:16:25,饿了么支付-在线支付,,即时单,2025-10-22 12:16:24,13.70,手动出餐,1,否,"圣比招牌套餐[圣比招牌披萨+上校鸡块4个+柠檬茶]（54.00*1）,餐盒（1.00*1）",大圣招牌大满贯披萨【7英寸(手拍)】+上校鸡块+柠檬茶,,,,非会员,5,,,依据餐量提供餐具,,54.00,22.26,24.10,0.00,0,0,2.09,0.00,3.50,【活动支出】单品特价:19.10元+【活动支出】饿了么红包:5.00元+【活动支出】替用户承担配送费:3.5元,-,-,-,1.00,温州区域,温州加盟,,,否,-,平台配送
圣比萨（郭溪店）,SBM00011,温州,"8059836088848404983	",饿了么,平台外卖,已完成,2025-10-22 12:22:33,2025-10-22 12:22:33,2025-10-22 12:22:33,饿了么支付-在线支付,,即时单,2025-10-22 12:22:33,7.58,手动出餐,1,否,7寸日系照烧鸡披萨-单点（22.00*1）,日系照烧鸡披萨【7英寸(手拍)】,,,,非会员,6,,,依据餐量提供餐具,,22.00,12.00,0.00,0.00,0,0,0.00,0.00,,【活动支出】拼团反圈活动:0.00元,-,-,-,0.00,温州区域,温州加盟,,,否,-,平台配送
圣比萨（郭溪店）,SBM00011,温州,"8010606088836503009	",饿了么,平台外卖,已完成,2025-10-22 12:51:13,2025-10-22 12:51:13,2025-10-22 12:51:13,饿了么支付-在线支付,,即时单,2025-10-22 12:51:13,10.27,手动出餐,1,否,"7寸披萨一人食土豪餐[圣比招牌披萨+上校鸡块4个+盐酥鸡米花小份+小可乐]（70.00*1）,餐盒（2.00*1）",大圣招牌大满贯披萨【7英寸(手拍)】+上校鸡块+盐酥鸡米花小份+小可乐,,,,非会员,7,,,依据餐量提供餐具,,70.00,23.18,40.10,0.00,0,0,2.17,0.00,3.50,【活动支出】单品特价:35.10元+【活动支出】饿了么红包:5.00元+【活动支出】替用户承担配送费:3.5元,-,-,-,2.00,温州区域,温州加盟,,,否,-,平台配送
圣比萨（郭溪店）,SBM00011,温州,"8065886088875452829	",饿了么,平台外卖,已完成,2025-10-22 13:54:35,2025-10-22 13:54:35,2025-10-22 13:54:35,饿了么支付-在线支付,,即时单,2025-10-22 13:54:35,11.90,手动出餐,1,否,"地道肠（7.50*1）,7寸披萨一人食土豪餐[缤纷水果披萨+金丝鸡排+盐酥鸡米花小份+小可乐]（70.00*1）,餐盒（3.00*1）",地道肠1根+缤纷水果披萨【7英寸(手拍)】+金丝鸡排+盐酥鸡米花小份+小可乐,,,,非会员,8,,,依据餐量提供餐具,,77.50,20.40,51.61,0.00,0,0,1.94,0.00,3.50,【活动支出】店铺满减:1.00元+【活动支出】单品特价:5.51元+【活动支出】单品特价:35.10元+【活动支出】粉丝群:2.00元+【活动支出】饿了么红包:8.00元+【活动支出】替用户承担配送费:3.5元,-,-,-,3.00,温州区域,温州加盟,,,否,-,平台配送
圣比萨（郭溪店）,SBM00011,温州,"8037856088918291713	",饿了么,平台外卖,已完成,2025-10-22 14:23:11,2025-10-22 14:23:11,2025-10-22 14:23:11,饿了么支付-在线支付,,即时单,2025-10-22 14:23:11,10.07,手动出餐,1,否,"7寸披萨一人食土豪餐[碳烤鸡肉培根披萨+盐酥鸡米花小份+深海墨鱼丸三个+小可乐]（70.00*1）,餐盒（2.00*1）",碳烤鸡肉培根披萨【7英寸(手拍)】+盐酥鸡米花小份+深海墨鱼丸3个+小可乐,,,,非会员,9,,,依据餐量提供餐具,,70.00,20.41,43.10,0.00,0,0,1.94,0.00,3.50,【活动支出】单品特价:35.10元+【活动支出】超级会员专享红包:8.00元+【活动支出】 商家自营销加码:0.00元+【活动支出】饿了么红包:0.00元+【活动支出】替用户承担配送费:3.5元,-,-,-,2.00,温州区域,温州加盟,,,否,-,平台配送
圣比萨（郭溪店）,SBM00011,温州,"8026886088904641853	",饿了么,平台外卖,已完成,2025-10-22 14:37:14,2025-10-22 14:37:14,2025-10-22 14:37:14,饿了么支付-在线支付,,即时单,2025-10-22 14:37:14,11.33,手动出餐,1,否,"缤纷水果披萨-7英寸(手拍)[{""name"":""规格"",""value"":""7英寸(手拍)""}]（42.00*1）,餐盒（1.00*1）",缤纷水果披萨,,,,非会员,10,,,无需餐具,,42.00,13.12,23.10,0.00,0,0,1.43,0.00,3.50,【活动支出】单品特价:16.10元+【活动支出】饿了么红包:7.00元+【活动支出】替用户承担配送费:3.5元,-,-,-,1.00,温州区域,温州加盟,,,否,-,平台配送
圣比萨（郭溪店）,SBM00011,温州,"8041200255035562334	",饿了么,平台外卖,已完成,2025-10-22 16:38:06,2025-10-22 16:38:06,2025-10-22 16:38:07,饿了么支付-在线支付,,即时单,2025-10-22 16:38:06,11.22,手动出餐,1,否,"缤纷水果披萨-7英寸(手拍)[{""name"":""规格"",""value"":""7英寸(手拍)""}]（42.00*1）,餐盒（1.00*1）",缤纷水果披萨,,,,非会员,11,,,依据餐量提供餐具；手机尾号：0439；接力送,,42.00,12.22,23.10,0.00,0,0,1.43,0.00,4.50,【活动支出】单品特价:16.10元+【活动支出】饿了么红包:7.00元+【活动支出】替用户承担配送费:4.5元,-,-,-,1.00,温州区域,温州加盟,,,否,-,平台配送
圣比萨（郭溪店）,SBM00011,温州,"8039470254959374664	",饿了么,平台外卖,已完成,2025-10-22 16:58:17,2025-10-22 16:58:17,2025-10-22 16:58:18,饿了么支付-在线支付,,即时单,2025-10-22 16:58:17,12.40,手动出餐,1,否,"个人意面or焗饭经典套餐[番茄培根意面+上校鸡块4个+港式奶茶]（64.00*1）,餐盒（2.00*1）",番茄培根意面+上校鸡块+港式奶茶,,,,非会员,12,,,1份餐具；手机尾号：2412；接力送,,64.00,18.26,39.10,0.00,0,0,1.79,0.00,4.50,【活动支出】单品特价:32.10元+【活动支出】饿了么红包:7.00元+【活动支出】替用户承担配送费:4.5元,-,-,-,2.00,温州区域,温州加盟,,,否,-,平台配送
圣比萨（郭溪店）,SBM00011,温州,"8046896088913757663	",饿了么,平台外卖,已完成,2025-10-22 17:01:30,2025-10-22 17:01:30,2025-10-22 17:01:30,饿了么支付-在线支付,,即时单,2025-10-22 17:01:30,13.52,手动出餐,1,否,"新奥尔良烤鸡肉披萨-7英寸(手拍)[{""name"":""规格"",""value"":""7英寸(手拍)""}]（45.00*1）,餐盒（1.00*1）",新奥尔良烤鸡肉披萨,,,,非会员,13,,,依据餐量提供餐具；手机尾号：2550；接力送,,45.00,10.22,28.10,0.00,0,0,1.43,0.00,5.00,【活动支出】单品特价:21.10元+【活动支出】 商家自营销加码:2.00元+【活动支出】饿了么红包:5.00元+【活动支出】替用户承担配送费:5.0元,-,-,-,1.00,温州区域,温州加盟,,,否,-,平台配送
圣比萨（郭溪店）,SBM00011,温州,"8003966088917084417	",饿了么,平台外卖,已完成,2025-10-22 17:06:46,2025-10-22 17:06:46,2025-10-22 17:06:46,饿了么支付-在线支付,,即时单,2025-10-22 17:06:46,12.57,手动出餐,1,否,"圣比招牌套餐[圣比招牌披萨+上校鸡块4个+柠檬茶]（54.00*1）,餐盒（1.00*1）",大圣招牌大满贯披萨【7英寸(手拍)】+上校鸡块+柠檬茶,,,,非会员,14,,,1份餐具,,54.00,22.26,24.10,0.00,0,0,2.09,0.00,4.00,【活动支出】单品特价:19.10元+【活动支出】饿了么红包:5.00元+【活动支出】替用户承担配送费:4.0元,-,-,-,1.00,温州区域,温州加盟,,,否,-,平台配送
圣比萨（郭溪店）,SBM00011,温州,"8087536088961068464	",饿了么,平台外卖,已完成,2025-10-22 17:17:42,2025-10-22 17:17:42,2025-10-22 17:17:43,饿了么支付-在线支付,,即时单,2025-10-22 17:17:42,11.47,手动出餐,1,否,"[买一送一]9英寸披萨[牛肉蘑菇披萨9英寸+奥尔良鸡肉披萨9英寸]（156.00*1）,餐盒（2.00*1）",炙热牛魔王披萨【9英寸(手拍)】+新奥尔良烤鸡肉披萨【9英寸(手拍)】,,,,非会员,15,,,依据餐量提供餐具,,156.00,57.56,83.10,0.00,0,0,5.39,0.00,3.50,【活动支出】店铺满减:6.00元+【活动支出】单品特价:69.10元+【活动支出】饿了么红包:8.00元+【活动支出】替用户承担配送费:3.5元,-,-,-,2.00,温州区域,温州加盟,,,否,-,平台配送
圣比萨（郭溪店）,SBM00011,温州,"8098576088939058443	",饿了么,平台外卖,已完成,2025-10-22 17:37:52,2025-10-22 17:37:52,2025-10-22 17:37:53,饿了么支付-在线支付,,即时单,2025-10-22 17:37:52,13.23,手动出餐,1,否,"鲜虾菠萝披萨-7寸[{""name"":""规格"",""value"":""7寸""}]（45.00*1）,酸奶多多流心卷边（7英寸）（4.90*1）,餐盒（2.00*1）",鲜虾菠萝披萨,,,,非会员,16,,,依据餐量提供餐具,,49.90,21.26,21.10,0.00,0,0,2.09,0.00,4.50,【活动支出】店铺满减:1.00元+【活动支出】单品特价:13.10元+【活动支出】 商家自营销加码:2.00元+【活动支出】饿了么红包:5.00元+【活动支出】替用户承担配送费:4.5元,-,-,-,2.00,温州区域,温州加盟,,,否,-,平台配送
圣比萨（郭溪店）,SBM00011,温州,"8060440254985749823	",饿了么,平台外卖,已完成,2025-10-22 17:42:18,2025-10-22 17:42:18,2025-10-22 17:42:18,饿了么支付-在线支付,,即时单,2025-10-22 17:42:18,13.83,手动出餐,1,否,7寸日系照烧鸡披萨-单点（22.00*1）,日系照烧鸡披萨【7英寸(手拍)】,,,,非会员,17,,,依据餐量提供餐具,,22.00,12.00,0.00,0.00,0,0,0.00,0.00,,【活动支出】拼团反圈活动:0.00元,-,-,-,0.00,温州区域,温州加盟,,,否,-,平台配送
圣比萨（郭溪店）,SBM00011,温州,"8071736088943413589	",饿了么,平台外卖,已完成,2025-10-22 17:42:42,2025-10-22 17:42:42,2025-10-22 17:42:42,饿了么支付-在线支付,,即时单,2025-10-22 17:42:42,13.53,手动出餐,1,否,"碳烤鸡肉培根披萨-9英寸(手拍)[{""name"":""规格"",""value"":""9英寸(手拍)""}]（78.00*1）,餐盒（1.00*1）",碳烤鸡肉培根披萨,,,,非会员,18,,,依据餐量提供餐具,,78.00,24.11,46.10,0.00,0,0,2.24,0.00,4.00,【活动支出】店铺满减:1.00元+【活动支出】单品特价:38.10元+【活动支出】 商家自营销加码:2.00元+【活动支出】饿了么红包:5.00元+【活动支出】替用户承担配送费:4.0元,-,-,-,1.00,温州区域,温州加盟,,,否,-,平台配送
圣比萨（郭溪店）,SBM00011,温州,"8060636088977069429	",饿了么,平台外卖,已完成,2025-10-22 17:50:54,2025-10-22 17:50:54,2025-10-22 17:50:54,饿了么支付-在线支付,,即时单,2025-10-22 17:50:54,8.85,手动出餐,1,否,"任选披萨6选1+小吃6选1+饮料[奥尔良烤鸡肉披萨+盐酥鸡米花小份+小可乐]（58.00*1）,餐盒（2.00*1）",新奥尔良烤鸡肉披萨【7英寸(手拍)】+盐酥鸡米花小份+小可乐,,,,非会员,19,,,依据餐量提供餐具,,58.00,19.16,33.10,0.00,0,0,1.79,0.00,3.50,【活动支出】单品特价:26.10元+【活动支出】 商家自营销加码:2.00元+【活动支出】CPS商户叠加券:0.00元+【活动支出】饿了么红包:5.00元+【活动支出】替用户承担配送费:3.5元,-,-,-,2.00,温州区域,温州加盟,,,否,-,平台配送
圣比萨（郭溪店）,SBM00011,温州,"8084886088955420092	",饿了么,平台外卖,已完成,2025-10-22 18:09:46,2025-10-22 18:09:46,2025-10-22 18:09:46,饿了么支付-在线支付,,即时单,2025-10-22 18:09:46,9.08,手动出餐,1,否,"任选披萨6选1+小吃6选1+饮料[奥尔良烤鸡肉披萨+金丝鸡排+港式奶茶]（58.00*1）,餐盒（2.00*1）",新奥尔良烤鸡肉披萨【7英寸(手拍)】+金丝鸡排+港式奶茶,,,,非会员,20,,,依据餐量提供餐具,,58.00,19.16,33.10,0.00,0,0,1.79,0.00,3.50,【活动支出】单品特价:26.10元+【活动支出】饿了么红包:0.00元+【活动支出】饿了么红包:7.00元+【活动支出】替用户承担配送费:3.5元,-,-,-,2.00,温州区域,温州加盟,,,否,-,平台配送
圣比萨（郭溪店）,SBM00011,温州,"8007460255131656657	",饿了么,平台外卖,已完成,2025-10-22 19:03:13,2025-10-22 19:03:13,2025-10-22 19:03:13,饿了么支付-在线支付,,即时单,2025-10-22 19:03:13,12.00,手动出餐,1,否,"上校鸡块一个（3.00*2）,纯芝士披萨7寸（42.00*1）,咸蛋黄风味流心卷边（7英寸）（4.90*1）,招牌肉酱意面（52.00*1）,餐盒（4.00*1）",上校鸡块1个+芝士条+招牌肉酱意面,,,,非会员,21,,,依据餐量提供餐具,,104.90,33.36,62.10,0.00,0,0,3.29,0.00,5.00,【活动支出】店铺满减:6.00元+【活动支出】单品特价:2.90元+【活动支出】单品特价:20.10元+【活动支出】单品特价:24.10元+【活动支出】饿了么红包:9.00元+【活动支出】替用户承担配送费:5.0元,-,-,-,4.00,温州区域,温州加盟,,,否,-,平台配送
圣比萨（郭溪店）,SBM00011,温州,"8052460255032804788	",饿了么,平台外卖,已完成,2025-10-22 19:09:55,2025-10-22 19:09:55,2025-10-22 19:09:55,饿了么支付-在线支付,,即时单,2025-10-22 19:09:55,8.82,手动出餐,1,否,"新奥尔良烤鸡肉披萨7寸-单点[{""name"":""规格"",""value"":""单点""}]（22.00*1）",新奥尔良烤鸡肉披萨【7英寸(手拍)】,,,,非会员,22,,,依据餐量提供,,22.00,12.00,0.00,0.00,0,0,0.00,0.00,,【活动支出】拼团反圈活动:0.00元,-,-,-,0.00,温州区域,温州加盟,,,否,-,平台配送
圣比萨（郭溪店）,SBM00011,温州,"8046836089017354672	",饿了么,平台外卖,已完成,2025-10-22 19:23:19,2025-10-22 19:23:19,2025-10-22 19:23:19,饿了么支付-在线支付,,即时单,2025-10-22 19:23:19,11.70,手动出餐,1,否,"缤纷水果披萨-7英寸(手拍)[{""name"":""规格"",""value"":""7英寸(手拍)""}]（42.00*1）,酸奶多多流心卷边（7英寸）（4.90*1）,餐盒（1.00*1）",缤纷水果披萨,,,,非会员,23,,,2份餐具,,46.90,17.21,23.10,0.00,0,0,1.64,0.00,3.50,【活动支出】单品特价:16.10元+【活动支出】饿了么红包:7.00元+【活动支出】替用户承担配送费:3.5元,-,-,-,1.00,温州区域,温州加盟,,,否,-,平台配送
圣比萨（科技城店）,SBM00006,温州,"8040070254877944225	",饿了么,平台外卖,已完成,2025-10-22 10:45:45,2025-10-22 10:45:45,2025-10-22 10:45:45,饿了么支付-在线支付,,即时单,2025-10-22 10:45:45,11.35,手动出餐,1,否,"缤纷水果披萨-7寸(经典手拍)[{""name"":""规格"",""value"":""7寸(经典手拍)""}]（42.00*1）",缤纷水果披萨,,,,非会员,1,,,依据餐量提供餐具,,42.00,13.12,20.30,0.00,0,0,1.43,0.00,5.60,【活动支出】单品特价:20.30元+【活动支出】用户代金券:0.00元+【活动支出】替用户承担配送费:5.6元,-,-,-,0.00,温州区域,温州加盟,,,否,-,平台配送
圣比萨（科技城店）,SBM00006,温州,"8025916088785854944	",饿了么,平台外卖,已完成,2025-10-22 10:46:09,2025-10-22 10:46:09,2025-10-22 10:46:09,饿了么支付-在线支付,,即时单,2025-10-22 10:46:09,11.72,手动出餐,1,否,"圣比招牌披萨-7寸(经典手拍)[{""name"":""规格"",""value"":""7寸(经典手拍)""}]（45.00*1）",大圣招牌大满贯披萨,,,,非会员,2,,,无需餐具,,45.00,16.66,20.80,0.00,0,0,1.59,0.00,3.50,【活动支出】外卖券:20.80元+【活动支出】替用户承担配送费:3.5元,-,-,-,0.00,温州区域,温州加盟,,,否,-,平台配送
圣比萨（科技城店）,SBM00006,温州,"8050380254884020619	",饿了么,平台外卖,已完成,2025-10-22 10:57:34,2025-10-22 10:57:34,2025-10-22 10:57:34,饿了么支付-在线支付,,预约单,2025-10-22 11:50:00,22.63,手动出餐,1,否,"任选披萨6选1+小吃6选1+饮料[纯芝士披萨7寸+金丝鸡排1个+奶茶+常温]（61.55*1）,餐盒（2.00*1）",金牌芝士披萨【7英寸(手拍)】+金丝鸡排+港式奶茶,,,,非会员,3,,,依据餐量提供餐具,,61.55,20.27,34.15,0.00,0,0,1.98,0.00,3.50,【活动支出】单品特价:26.15元+【活动支出】饿了么红包:8.00元+【活动支出】替用户承担配送费:3.5元,-,-,-,2.00,温州区域,温州加盟,,,否,-,平台配送
圣比萨（科技城店）,SBM00006,温州,"8083100254874842458	",饿了么,平台外卖,已完成,2025-10-22 11:07:42,2025-10-22 11:07:42,2025-10-22 11:07:43,饿了么支付-在线支付,,即时单,2025-10-22 11:07:42,12.45,手动出餐,1,否,"【免费入会享特价】芝士焗饭+饮品[咖喱鸡肉焗饭+小可乐]（67.00*1）,餐盒（1.00*1）",咖喱鸡肉芝士焗饭+小可乐,,,,非会员,4,,,依据餐量提供餐具,,67.00,15.64,44.90,0.00,0,0,1.51,0.00,4.00,【活动支出】单品特价:37.90元+【活动支出】饿了么红包:7.00元+【活动支出】替用户承担配送费:4.0元,-,-,-,1.00,温州区域,温州加盟,,,否,-,平台配送
圣比萨（科技城店）,SBM00006,温州,"8054230254902628669	",饿了么,平台外卖,已完成,2025-10-22 11:08:02,2025-10-22 11:08:02,2025-10-22 11:08:02,饿了么支付-在线支付,,即时单,2025-10-22 11:08:02,12.57,手动出餐,1,否,"缤纷水果披萨-7寸(经典手拍)[{""name"":""规格"",""value"":""7寸(经典手拍)""}]（42.00*1）,盐酥鸡粒（21.88*1）,餐盒（3.00*1）",缤纷水果披萨+盐酥鸡粒,,,,非会员,5,,,依据餐量提供餐具,,63.88,21.26,36.08,0.00,0,0,2.09,0.00,4.50,【活动支出】店铺满减:1.00元+【活动支出】单品特价:15.10元+【活动支出】单品特价:11.98元+【活动支出】饿了么红包:8.00元+【活动支出】替用户承担配送费:4.5元,-,-,-,3.00,温州区域,温州加盟,,,否,-,平台配送
圣比萨（科技城店）,SBM00006,温州,"8078776088847477042	",饿了么,平台外卖,已完成,2025-10-22 11:46:12,2025-10-22 11:46:12,2025-10-22 11:46:13,饿了么支付-在线支付,,即时单,2025-10-22 11:46:12,11.85,手动出餐,1,否,"披萨意面双人套餐[圣比至尊披萨7寸+碳烧鸡肉芝士焗饭+明星小食桶C+芒果汁+港式奶茶+热]（128.00*1）,餐盒（2.00*1）",大圣招牌大满贯披萨【7英寸(手拍)】+碳烤鸡肉芝士焗饭+明星小食桶C+芒果汁+港式奶茶,,,,非会员,6,,,依据餐量提供餐具,,128.00,43.17,72.60,0.00,0,0,4.08,0.00,3.50,【活动支出】店铺满减:6.00元+【活动支出】单品特价:54.60元+【活动支出】饿了么红包:12.00元+【活动支出】替用户承担配送费:3.5元,-,-,-,2.00,温州区域,温州加盟,,,否,-,平台配送
圣比萨（科技城店）,SBM00006,温州,"8074250254854124884	",饿了么,平台外卖,已完成,2025-10-22 12:06:04,2025-10-22 12:06:04,2025-10-22 12:06:05,饿了么支付-在线支付,,即时单,2025-10-22 12:06:04,11.32,手动出餐,1,否,"9寸披萨随❤️双拼[牛肉至尊+日系照烧]（80.00*1）,招牌肉酱意面（30.00*1）,餐盒（3.00*1）",双拼9寸【牛魔王口味9】+双拼9寸【日系照烧口味9】+招牌肉酱意面,,,,非会员,7,,,依据餐量提供餐具,,110.00,41.41,56.20,0.00,0,0,4.04,0.00,6.20,【活动支出】店铺满减:6.00元+【活动支出】单品特价:36.10元+【活动支出】单品特价:2.10元+【活动支出】饿了么红包:12.00元+【活动支出】替用户承担配送费:6.0元,-,-,-,3.00,温州区域,温州加盟,,,否,-,平台配送
圣比萨（科技城店）,SBM00006,温州,"8060220255033613821	",饿了么,平台外卖,已完成,2025-10-22 15:57:38,2025-10-22 15:57:38,2025-10-22 15:57:38,饿了么支付-在线支付,,即时单,2025-10-22 15:57:38,10.02,手动出餐,1,否,"单人吃鸡套餐[碳烤鸡肉7寸+奥翅一对+柠檬茶+热]（62.00*1）,餐盒（3.00*1）",碳烤鸡肉培根披萨【7英寸(手拍)】+奥尔良烤翅+柠檬茶,,,,非会员,8,,,依据餐量提供餐具,,62.00,20.55,35.30,0.00,0,0,2.00,0.00,3.50,【活动支出】店铺满减:1.00元+【活动支出】单品特价:25.30元+【活动支出】饿了么红包:9.00元+【活动支出】替用户承担配送费:3.5元,-,-,-,3.00,温州区域,温州加盟,,,否,-,平台配送
圣比萨（科技城店）,SBM00006,温州,"8080836088952532226	",饿了么,平台外卖,已完成,2025-10-22 16:21:20,2025-10-22 16:21:20,2025-10-22 16:21:20,饿了么支付-在线支付,,即时单,2025-10-22 16:21:20,10.62,手动出餐,1,否,"榴莲王披萨-9英寸(经典手拍)[{""name"":""规格"",""value"":""9英寸(经典手拍)""}]（92.00*1）,经典薯条（18.88*1）,餐盒（2.00*1）",榴莲王披萨+经典薯条,,,,非会员,9,,,依据餐量提供餐具,,110.88,43.21,56.08,0.00,0,0,4.04,0.00,3.50,【活动支出】店铺满减:6.00元+【活动支出】单品特价:34.10元+【活动支出】单品特价:8.98元+【活动支出】超级会员专享红包:5.00元+【活动支出】 商家自营销加码:2.00元+【活动支出】替用户承担配送费:3.5元,-,-,-,2.00,温州区域,温州加盟,,,否,-,平台配送
圣比萨（科技城店）,SBM00006,温州,"8059400254970127830	",饿了么,平台外卖,已完成,2025-10-22 17:22:11,2025-10-22 17:22:11,2025-10-22 17:22:11,饿了么支付-在线支付,,即时单,2025-10-22 17:22:11,11.63,手动出餐,1,否,奥尔良烤鸡肉披萨(7寸)-单点（23.21*1）,新奥尔良烤鸡肉披萨【7英寸(手拍)】,,,,非会员,10,,,依据餐量提供餐具,,23.21,13.21,0.00,0.00,0,0,0.00,0.00,,【活动支出】拼团反圈活动:0.00元,-,-,-,0.00,温州区域,温州加盟,,,否,-,平台配送
圣比萨（科技城店）,SBM00006,温州,"8034480254975156537	",饿了么,平台外卖,已完成,2025-10-22 17:22:55,2025-10-22 17:22:55,2025-10-22 17:22:55,饿了么支付-在线支付,,即时单,2025-10-22 17:22:55,13.00,手动出餐,1,否,"【免费入会享特价】芝士焗饭+饮品[咖喱鸡肉焗饭+小可乐]（67.00*1）,餐盒（1.00*1）",咖喱鸡肉芝士焗饭+小可乐,,,,非会员,11,,,依据餐量提供餐具,,67.00,15.64,44.90,0.00,0,0,1.51,0.00,3.50,【活动支出】单品特价:37.90元+【活动支出】饿了么红包:7.00元+【活动支出】替用户承担配送费:3.5元,-,-,-,1.00,温州区域,温州加盟,,,否,-,平台配送
圣比萨（科技城店）,SBM00006,温州,"8032350254981259553	",饿了么,平台外卖,已完成,2025-10-22 17:29:26,2025-10-22 17:29:26,2025-10-22 17:29:26,饿了么支付-在线支付,,即时单,2025-10-22 17:29:26,11.77,手动出餐,1,否,"任选披萨6选1+小吃6选1+饮料[碳烤培根鸡肉披萨7寸+盐酥鸡粒1份+可乐+冰]（61.55*1）,餐盒（2.00*1）",碳烤鸡肉培根披萨【7英寸(手拍)】+小可乐,,,,非会员,12,,,依据餐量提供餐具,,61.55,19.37,34.15,0.00,0,0,1.98,0.00,4.50,【活动支出】单品特价:26.15元+【活动支出】饿了么红包:8.00元+【活动支出】替用户承担配送费:4.5元,-,-,-,2.00,温州区域,温州加盟,,,否,-,平台配送
圣比萨（科技城店）,SBM00006,温州,"8023340255164576076	",饿了么,平台外卖,已完成,2025-10-22 17:34:37,2025-10-22 17:34:37,2025-10-22 17:34:37,饿了么支付-在线支付,,即时单,2025-10-22 17:34:37,8.92,手动出餐,1,否,"圣比招牌披萨-7寸(经典手拍)[{""name"":""规格"",""value"":""7寸(经典手拍)""}]（45.00*1）,餐盒（2.00*1）",大圣招牌大满贯披萨,,,,非会员,13,,,依据餐量提供餐具,,45.00,18.23,21.10,0.00,0,0,1.72,0.00,3.50,【活动支出】单品特价:14.10元+【活动支出】饿了么红包:7.00元+【活动支出】替用户承担配送费:3.5元,-,-,-,2.00,温州区域,温州加盟,,,否,-,平台配送
圣比萨（科技城店）,SBM00006,温州,"8078656088954620247	",饿了么,平台外卖,已完成,2025-10-22 18:01:25,2025-10-22 18:01:25,2025-10-22 18:01:25,饿了么支付-在线支付,,即时单,2025-10-22 18:01:25,22.90,手动出餐,1,否,"经典双人披萨套餐[日系照烧鸡披萨9寸+明星小食桶A+柠檬茶+柠檬茶+常温]（126.00*1）,餐盒（3.00*1）",日系照烧鸡披萨【9英寸(手拍)】+明星小食桶A+柠檬茶+柠檬茶,,,,非会员,14,,,依据餐量提供餐具,,126.00,37.43,79.10,0.00,0,0,3.52,0.00,3.50,【活动支出】店铺满减:6.00元+【活动支出】单品特价:64.10元+【活动支出】饿了么红包:9.00元+【活动支出】替用户承担配送费:3.5元,-,-,-,3.00,温州区域,温州加盟,,,否,-,平台配送
圣比萨（科技城店）,SBM00006,温州,"8043310255186945482	",饿了么,平台外卖,已完成,2025-10-22 18:03:41,2025-10-22 18:03:41,2025-10-22 18:03:41,饿了么支付-在线支付,,即时单,2025-10-22 18:03:41,20.67,手动出餐,1,否,"任选披萨6选1+小吃6选1+饮料[水果披萨7寸+上校鸡块4个+可乐+常温]（61.55*1）,餐盒（2.00*1）",缤纷水果披萨【7英寸(手拍)】+上校鸡块+小可乐,,,,非会员,15,,,依据餐量提供餐具,,61.55,21.19,33.15,0.00,0,0,2.06,0.00,3.50,【活动支出】单品特价:26.15元+【活动支出】饿了么红包:7.00元+【活动支出】替用户承担配送费:3.5元,-,-,-,2.00,温州区域,温州加盟,,,否,-,平台配送
圣比萨（科技城店）,SBM00006,温州,"8093020255106750849	",饿了么,平台外卖,已完成,2025-10-22 18:23:49,2025-10-22 18:23:49,2025-10-22 18:23:49,饿了么支付-在线支付,,预约单,2025-10-22 19:55:00,64.87,手动出餐,1,否,"任选披萨6选1+小吃6选1+饮料[水果披萨7寸+上校鸡块4个+芒果汁只能常温、冷+常温]（61.55*1）,餐盒（2.00*1）",缤纷水果披萨【7英寸(手拍)】+上校鸡块,,,,非会员,16,,,1份餐具,,61.55,19.37,34.15,0.00,0,0,1.98,0.00,4.50,【活动支出】单品特价:26.15元+【活动支出】饿了么红包:8.00元+【活动支出】替用户承担配送费:4.5元,-,-,-,2.00,温州区域,温州加盟,,,否,-,平台配送
圣比萨（科技城店）,SBM00006,温州,"8011786088990215546	",饿了么,平台外卖,已完成,2025-10-22 18:28:10,2025-10-22 18:28:10,2025-10-22 18:28:10,饿了么支付-在线支付,,即时单,2025-10-22 18:28:10,10.77,手动出餐,1,否,"浪漫威尼斯披萨-7寸(经典手拍)[{""name"":""规格"",""value"":""7寸(经典手拍)""}]（42.00*1）,餐盒（2.00*1）",浪漫威尼斯披萨,,,,非会员,17,,,不要葱姜蒜 不要蒜苗 不要洋葱 不要辣 / 依据餐量提供餐具,,42.00,15.12,22.10,0.00,0,0,1.43,0.00,3.50,【活动支出】单品特价:15.10元+【活动支出】饿了么红包:7.00元+【活动支出】替用户承担配送费:3.5元,-,-,-,2.00,温州区域,温州加盟,,,否,-,平台配送
圣比萨（科技城店）,SBM00006,温州,"8064956089011883460	",饿了么,平台外卖,已完成,2025-10-22 18:56:46,2025-10-22 18:56:46,2025-10-22 18:56:47,饿了么支付-在线支付,,即时单,2025-10-22 18:56:46,8.35,手动出餐,1,否,"任选披萨6选1+小吃6选1+饮料[奥尔良鸡肉披萨7寸+上校鸡块4个+奶茶+冰]（61.55*1）,餐盒（2.00*1）",新奥尔良烤鸡肉披萨【7英寸(手拍)】+上校鸡块+港式奶茶,,,,非会员,18,,,依据餐量提供餐具,,61.55,20.27,34.15,0.00,0,0,1.98,0.00,4.00,【活动支出】单品特价:26.15元+【活动支出】饿了么红包:0.00元+【活动支出】饿了么红包:8.00元+【活动支出】替用户承担配送费:4.0元,-,-,-,2.00,温州区域,温州加盟,,,否,-,平台配送
圣比萨（科技城店）,SBM00006,温州,"8024726089017130489	",饿了么,平台外卖,已完成,2025-10-22 20:02:24,2025-10-22 20:02:24,2025-10-22 20:02:24,饿了么支付-在线支付,,即时单,2025-10-22 20:02:24,8.93,手动出餐,1,否,"7寸披萨一人食土豪餐[玉米披萨7寸+金丝鸡排1个+地道肠肠1根+雀巢牛奶+常温]（70.00*1）,餐盒（2.00*1）",玉米沙拉披萨【7英寸(手拍)】+金丝鸡排+雀巢牛奶,,,,非会员,19,,,依据餐量提供餐具,,70.00,20.59,42.90,0.00,0,0,1.96,0.00,3.50,【活动支出】店铺满减:1.00元+【活动支出】单品特价:33.90元+【活动支出】饿了么红包:8.00元+【活动支出】替用户承担配送费:3.5元,-,-,-,2.00,温州区域,温州加盟,,,否,-,平台配送
圣比萨（科技城店）,SBM00006,温州,"8058210255159376339	",饿了么,平台外卖,已完成,2025-10-22 20:46:33,2025-10-22 20:46:33,2025-10-22 20:46:33,饿了么支付-在线支付,,即时单,2025-10-22 20:46:33,9.85,手动出餐,1,否,"可口可乐 1听[常温]（8.00*1）,榴莲王披萨-9英寸(经典手拍)[{""name"":""规格"",""value"":""9英寸(经典手拍)""}]（92.00*1）",榴莲王披萨,,,,非会员,20,,,1份餐具,,100.00,33.62,53.90,0.00,0,0,3.23,0.00,4.50,【活动支出】单品特价:3.00元+【活动支出】单品特价:50.90元+【活动支出】替用户承担配送费:4.5元,-,-,-,0.00,温州区域,温州加盟,,,否,-,平台配送
圣比萨（瑞安陶山店）,SBS00023,温州,"8015030254796898794	",饿了么,平台外卖,已完成,2025-10-22 11:09:39,2025-10-22 11:09:39,2025-10-22 11:09:40,饿了么支付-在线支付,,即时单,2025-10-22 11:09:39,12.17,自动出餐,1,否,手握三选一+二选一+可乐-单点[缤纷水果+薯饼 2 块+可乐]（24.00*1）,小可乐+热带雨林水果一人食盒子披萨+薯饼2个,,,,非会员,1,,,依据餐量提供餐具,,24.00,14.00,0.00,0.00,0,0,0.00,0.00,,【活动支出】拼团反圈活动:0.00元,-,-,-,0.00,温州区域,温州直营,,,否,-,平台配送
圣比萨（瑞安陶山店）,SBS00023,温州,"8042210254830694762	",饿了么,平台外卖,已完成,2025-10-22 11:38:08,2025-10-22 11:38:08,2025-10-22 11:38:08,饿了么支付-在线支付,,即时单,2025-10-22 11:38:08,12.18,自动出餐,1,否,"手握三选一-单点[缤纷水果][{""name"":""规格"",""value"":""单点""}]（20.00*1）",热带雨林水果一人食盒子披萨,,,,非会员,2,,,依据餐量提供,,20.00,10.00,0.00,0.00,0,0,0.00,0.00,,【活动支出】爆品团通吃券:0.00元,-,-,-,0.00,温州区域,温州直营,,,否,-,平台配送
圣比萨（瑞安陶山店）,SBS00023,温州,"8001130254845345261	",饿了么,平台外卖,已完成,2025-10-22 11:51:29,2025-10-22 11:51:29,2025-10-22 11:51:30,饿了么支付-在线支付,,即时单,2025-10-22 11:51:29,12.18,自动出餐,1,否,"【任选】焗饭随心配（53.80*1）,餐盒（2.00*1）",柠檬茶+薯饼2个+西西里肉酱火腿芝士焗饭,,,,非会员,3,,,依据餐量提供餐具,,53.80,18.23,29.90,0.00,0,0,1.72,0.00,3.50,【活动支出】首次光顾立减:1.00元+【活动支出】单品特价:21.90元+【活动支出】 商家自营销加码:2.00元+【活动支出】饿了么红包:5.00元+【活动支出】替用户承担配送费:3.5元,-,-,-,2.00,温州区域,温州直营,,,否,-,平台配送
圣比萨（瑞安陶山店）,SBS00023,温州,"8071696088822628764	",饿了么,平台外卖,已完成,2025-10-22 12:26:53,2025-10-22 12:26:53,2025-10-22 12:26:53,饿了么支付-在线支付,,即时单,2025-10-22 12:26:53,12.22,自动出餐,1,否,"【买一送一】7英寸披萨任选2个[缤纷水果披萨7英寸+浪漫威尼斯披萨7英寸]（88.00*1）,餐盒（2.00*1）",缤纷水果披萨【7英寸(手拍)】+浪漫威尼斯披萨【7英寸(手拍)】,,,,非会员,4,,,依据餐量提供餐具,,88.00,31.23,48.10,0.00,0,0,2.92,0.00,4.00,【活动支出】店铺满减:1.00元+【活动支出】单品特价:38.10元+【活动支出】饿了么红包:9.00元+【活动支出】替用户承担配送费:4.0元,-,-,-,2.00,温州区域,温州直营,,,否,-,平台配送
圣比萨（瑞安陶山店）,SBS00023,温州,"8014020255018803673	",饿了么,平台外卖,已完成,2025-10-22 16:01:26,2025-10-22 16:01:26,2025-10-22 16:01:26,饿了么支付-在线支付,,即时单,2025-10-22 16:01:26,10.18,自动出餐,1,否,"【随心❤️拼】7英寸双拼披萨(口味自选）[奥尔良+培根鸡肉]（54.00*1）,餐盒（2.00*1）",双拼7寸【奥尔良口味7】+双拼7寸【碳烤鸡肉培根口味7】,,,,非会员,5,,,依据餐量提供餐具,,54.00,14.12,35.10,0.00,0,0,1.43,0.00,3.50,【活动支出】首次光顾立减:1.00元+【活动支出】单品特价:27.10元+【活动支出】饿了么红包:7.00元+【活动支出】替用户承担配送费:3.5元,-,-,-,2.00,温州区域,温州直营,,,否,-,平台配送
圣比萨（瑞安陶山店）,SBS00023,温州,"8084480255037754773	",饿了么,平台外卖,已完成,2025-10-22 16:48:28,2025-10-22 16:48:28,2025-10-22 16:48:28,饿了么支付-在线支付,,预约单,2025-10-22 17:25:00,3.18,自动出餐,1,否,"【任选5件套】披萨意面我全都要[碳烤鸡肉培根7英寸+招牌肉酱意面+小食桶B+小可乐+美年达]（128.00*1）,餐盒（2.00*1）",碳烤鸡肉培根披萨【7英寸(手拍)】+招牌肉酱意面+明星小食桶B+小可乐,,,,非会员,6,,,依据餐量提供餐具,,128.00,28.46,91.10,0.00,0,0,2.69,0.00,3.50,【活动支出】店铺满减:6.00元+【活动支出】单品特价:68.10元+【活动支出】下单返红包:5.00元+【活动支出】饿了么红包:12.00元+【活动支出】替用户承担配送费:3.5元,-,-,-,2.00,温州区域,温州直营,,,否,-,平台配送
圣比萨（瑞安陶山店）,SBS00023,温州,"8039170254958318956	",饿了么,平台外卖,已完成,2025-10-22 16:50:56,2025-10-22 16:50:56,2025-10-22 16:50:56,饿了么支付-在线支付,,即时单,2025-10-22 16:50:56,10.00,自动出餐,1,否,"【任选】披萨随心配（60.40*1）,餐盒（2.00*1）",新奥尔良烤鸡肉披萨(7英寸(手拍))+上校鸡块2个+可乐,,,,非会员,7,,,依据餐量提供餐具,,60.40,15.12,40.50,0.00,0,0,1.43,0.00,3.50,【活动支出】单品特价:28.50元+【活动支出】订单集点返红包:5.00元+【活动支出】饿了么红包:7.00元+【活动支出】替用户承担配送费:3.5元,-,-,-,2.00,温州区域,温州直营,,,否,-,平台配送
圣比萨（瑞安陶山店）,SBS00023,温州,"8019090255010192799	",饿了么,平台外卖,已完成,2025-10-22 18:31:55,2025-10-22 18:31:55,2025-10-22 18:31:55,饿了么支付-在线支付,,即时单,2025-10-22 18:31:55,12.18,自动出餐,1,否,"番茄牛肉意面（52.00*1）,餐盒（1.00*1）",番茄牛肉意面,,,,非会员,8,,,依据餐量提供餐具,,52.00,11.22,35.00,0.00,0,0,1.43,0.00,3.50,【活动支出】首次光顾立减:1.00元+【活动支出】单品特价:27.00元+【活动支出】饿了么红包:7.00元+【活动支出】替用户承担配送费:3.5元,-,-,-,1.00,温州区域,温州直营,,,否,-,平台配送
圣比萨（瑞安陶山店）,SBS00023,温州,"8081080255108704563	",饿了么,平台外卖,已完成,2025-10-22 18:51:53,2025-10-22 18:51:53,2025-10-22 18:51:53,饿了么支付-在线支付,,即时单,2025-10-22 18:51:53,12.02,自动出餐,1,否,"榴莲王披萨-9英寸(手拍)[{""name"":""规格"",""value"":""9英寸(手拍)""}]（92.00*1）,餐盒（2.00*1）",榴莲王披萨,,,,非会员,9,,,3份餐具,,92.00,31.56,48.50,0.00,0,0,3.19,0.00,6.20,【活动支出】店铺满减:1.00元+【活动支出】首次光顾立减:1.00元+【活动支出】单品特价:38.50元+【活动支出】饿了么红包:8.00元+【活动支出】替用户承担配送费:6.0元,-,-,-,2.00,温州区域,温州直营,,,否,-,平台配送
圣比萨（瑞安陶山店）,SBS00023,温州,"8060450255246555480	",饿了么,平台外卖,已完成,2025-10-22 19:54:02,2025-10-22 19:54:02,2025-10-22 19:54:02,饿了么支付-在线支付,,即时单,2025-10-22 19:54:02,8.87,手动出餐,1,否,"明星小食桶A（35.00*1）,榴莲王披萨-7英寸(经典手拍)[{""name"":""规格"",""value"":""7英寸(经典手拍)""}]（52.00*1）,盐酥鸡粒（21.00*1）,蛋挞1个（5.00*1）,餐盒（7.00*1）",明星小食桶A+榴莲王披萨+盐酥鸡粒+蛋挞1个,,,,非会员,10,,,依据餐量提供餐具,,113.00,40.11,67.21,0.00,0,0,3.73,0.00,3.50,【活动支出】店铺满减:6.00元+【活动支出】单品特价:15.10元+【活动支出】单品特价:18.10元+【活动支出】单品特价:12.00元+【活动支出】单品特价:4.01元+【活动支出】饿了么红包:12.00元+【活动支出】替用户承担配送费:3.5元,-,-,-,7.00,温州区域,温州直营,,,否,-,平台配送
圣比萨（瑞安陶山店）,SBS00023,温州,"8033360255170600216	",饿了么,平台外卖,已完成,2025-10-22 21:01:09,2025-10-22 21:01:09,2025-10-22 21:01:09,饿了么支付-在线支付,,即时单,2025-10-22 21:01:09,10.15,自动出餐,1,否,"【随心❤️拼】7英寸双拼披萨(口味自选）[奥尔良+奥尔良]（54.00*1）,柠檬茶[热]（6.00*1）,餐盒（3.00*1）",双拼7寸【奥尔良口味7】+双拼7寸【奥尔良口味7】+柠檬茶,,,,非会员,11,,,依据餐量提供餐具,,60.00,24.86,28.10,0.00,0,0,2.39,0.00,5.60,【活动支出】首次光顾立减:1.00元+【活动支出】单品特价:27.10元+【活动支出】替用户承担配送费:5.6元,-,-,-,3.00,温州区域,温州直营,,,否,-,平台配送
圣比萨（瑞安陶山店）,SBS00023,温州,"8001896089079721369	",饿了么,平台外卖,已完成,2025-10-22 22:17:47,2025-10-22 22:17:47,2025-10-22 22:17:47,饿了么支付-在线支付,,即时单,2025-10-22 22:17:47,10.20,自动出餐,1,否,"点击右上角❤️收藏得小吃[薯饼1个]（3.00*1）,【随心❤️拼】9英寸双拼披萨(口味自选）[奥尔良+奥尔良]（80.00*1）,餐盒（2.00*1）",薯饼1个+双拼9寸【奥尔良口味9】+双拼9寸【奥尔良口味9】,,,,非会员,12,,,依据餐量提供餐具,,83.00,23.70,52.00,0.00,0,0,2.25,0.00,5.60,【活动支出】单品特价:2.90元+【活动支出】店铺满减:1.00元+【活动支出】单品特价:40.10元+【活动支出】饿了么红包:8.00元+【活动支出】 商家自营销加码:0.00元+【活动支出】替用户承担配送费:5.6元,-,-,-,2.00,温州区域,温州直营,,,否,-,平台配送
圣比萨（翁垟店）,SBM00010,温州,"8043936088813655374	",饿了么,平台外卖,已完成,2025-10-22 11:32:54,2025-10-22 11:32:54,2025-10-22 11:32:54,饿了么支付-在线支付,,即时单,2025-10-22 11:32:54,8.67,手动出餐,1,否,"番茄牛肉意面（29.00*1）,芝士就是力量（10.00*1）,餐盒（2.00*1）",番茄牛肉意面+芝士就是力量,,,,非会员,1,,,依据餐量提供餐具,,39.00,24.20,8.00,0.00,0,0,2.25,0.00,3.50,【活动支出】店铺满减:1.00元+【活动支出】饿了么红包:7.00元+【活动支出】替用户承担配送费:3.5元,-,-,-,2.00,温州区域,温州加盟,,,否,-,平台配送
圣比萨（翁垟店）,SBM00010,温州,"8067220254934143366	",饿了么,平台外卖,已完成,2025-10-22 11:47:14,2025-10-22 11:47:14,2025-10-22 11:47:15,饿了么支付-在线支付,,即时单,2025-10-22 11:47:14,21.17,手动出餐,1,否,"经典双人披萨套餐[鲜虾菠萝披萨9寸+明星小食桶A+柠檬茶+柠檬茶]（118.00*1）,餐盒（2.00*1）",鲜虾菠萝披萨【9英寸(手拍)】+明星小食桶A+柠檬茶+柠檬茶,,,,非会员,2,,,依据餐量提供餐具,,118.00,44.23,62.10,0.00,0,0,4.12,0.00,4.00,【活动支出】店铺满减:1.00元+【活动支出】单品特价:56.10元+【活动支出】饿了么红包:5.00元+【活动支出】替用户承担配送费:4.0元,-,-,-,2.00,温州区域,温州加盟,,,否,-,平台配送
圣比萨（翁垟店）,SBM00010,温州,"8079546088839540167	",饿了么,平台外卖,已完成,2025-10-22 12:25:20,2025-10-22 12:25:20,2025-10-22 12:25:20,饿了么支付-在线支付,,即时单,2025-10-22 12:25:20,13.67,手动出餐,1,否,"圣比至尊披萨-7寸[{""name"":""规格"",""value"":""7寸""}]（42.00*1）,餐盒（2.00*1）",大圣招牌大满贯披萨,,,,非会员,3,,,依据餐量提供餐具,,42.00,28.22,6.00,0.00,0,0,2.63,0.00,4.00,【活动支出】店铺满减:1.00元+【活动支出】饿了么红包:5.00元+【活动支出】替用户承担配送费:4.0元,-,-,-,2.00,温州区域,温州加盟,,,否,-,平台配送
圣比萨（翁垟店）,SBM00010,温州,"8000480255165804898	",饿了么,平台外卖,已完成,2025-10-22 17:33:57,2025-10-22 17:33:57,2025-10-22 17:33:57,饿了么支付-在线支付,,即时单,2025-10-22 17:33:57,11.28,手动出餐,1,否,"缤纷水果披萨-7寸[{""name"":""规格"",""value"":""7寸""}]（38.00*1）,餐盒（2.00*1）",缤纷水果披萨,,,,非会员,4,,,依据餐量提供餐具,,38.00,23.27,8.00,0.00,0,0,2.18,0.00,3.50,【活动支出】店铺满减:1.00元+【活动支出】饿了么红包:7.00元+【活动支出】替用户承担配送费:3.5元,-,-,-,2.00,温州区域,温州加盟,,,否,-,平台配送
圣比萨（翁垟店）,SBM00010,温州,"8049556089021036949	",饿了么,平台外卖,已完成,2025-10-22 20:30:04,2025-10-22 20:30:04,2025-10-22 20:30:04,饿了么支付-在线支付,,即时单,2025-10-22 20:30:04,14.68,手动出餐,1,否,"浪漫威尼斯披萨-7寸[{""name"":""规格"",""value"":""7寸""}]（39.00*1）,餐盒（2.00*1）",浪漫威尼斯披萨,,,,非会员,5,,,依据餐量提供餐具,,39.00,24.20,8.00,0.00,0,0,2.25,0.00,3.50,【活动支出】店铺满减:1.00元+【活动支出】饿了么红包:7.00元+【活动支出】替用户承担配送费:3.5元,-,-,-,2.00,温州区域,温州加盟,,,否,-,平台配送
圣比萨（葡萄棚店）,SBM00004,温州,"8054666088789320033	",饿了么,平台外卖,已完成,2025-10-22 11:09:57,2025-10-22 11:09:57,2025-10-22 11:09:58,饿了么支付-在线支付,,即时单,2025-10-22 11:09:57,14.12,自动出餐,1,否,"缤纷水果披萨-7英寸（经典手拍）[{""name"":""规格"",""value"":""7英寸（经典手拍）""}]（42.00*1）,餐盒（2.00*1）",缤纷水果披萨,,,,非会员,1,,,依据餐量提供餐具,,42.00,14.12,23.10,0.00,0,0,1.43,0.00,4.50,【活动支出】单品特价:16.10元+【活动支出】超级会员专享红包:5.00元+【活动支出】 商家自营销加码:2.00元+【活动支出】替用户承担配送费:4.5元,-,-,-,2.00,温州区域,温州加盟,,,否,-,平台配送
圣比萨（葡萄棚店）,SBM00004,温州,"8094450254913384901	",饿了么,平台外卖,已完成,2025-10-22 11:35:58,2025-10-22 11:35:58,2025-10-22 11:35:58,饿了么支付-在线支付,,即时单,2025-10-22 11:35:58,14.15,自动出餐,1,否,"香芋地瓜丸1颗（2.50*1）,脆皮香蕉1根（4.80*1）,【圣比宠粉】深海墨鱼丸1个（3.00*2）,薯饼1粒（3.00*1）,个人披萨超值套餐[浪漫威尼斯披萨7寸+港式奶茶+奥尔良烤翅+热]（56.00*1）,[孩子爱吃]圣比萨蛋挞1个（5.00*1）,薯饼3个（12.00*1）,餐盒（5.50*1）",深海墨鱼丸1个+浪漫威尼斯披萨【7英寸(手拍)】+港式奶茶+奥尔良烤翅+蛋挞1个+薯饼,,,,非会员,2,,,无需餐具,,89.30,24.95,60.34,0.00,0,0,2.36,0.00,3.50,【活动支出】单品特价:2.40元+【活动支出】店铺满减:1.00元+【活动支出】单品特价:3.81元+【活动支出】单品特价:2.01元+【活动支出】单品特价:2.01元+【活动支出】单品特价:23.10元+【活动支出】单品特价:3.01元+【活动支出】单品特价:9.00元+【活动支出】饿了么红包:12.00元+【活动支出】精准营销红包:2.00元+【活动支出】替用户承担配送费:3.5元,-,-,-,5.50,温州区域,温州加盟,,,否,-,平台配送
圣比萨（葡萄棚店）,SBM00004,温州,"8076566088813220106	",饿了么,平台外卖,已完成,2025-10-22 11:49:00,2025-10-22 11:49:00,2025-10-22 11:49:01,饿了么支付-在线支付,,即时单,2025-10-22 11:49:00,14.00,自动出餐,1,否,"脆皮香蕉1根（4.80*1）,个人披萨超值套餐[缤纷水果披萨7寸+港式奶茶+奥尔良烤翅+热]（56.00*1）,餐盒（3.00*1）",缤纷水果披萨【7英寸(手拍)】+港式奶茶+奥尔良烤翅,,,,非会员,3,,,依据餐量提供餐具,,60.80,20.07,35.91,0.00,0,0,1.87,0.00,3.50,【活动支出】单品特价:3.81元+【活动支出】单品特价:23.10元+【活动支出】粉丝群:2.00元+【活动支出】饿了么红包:7.00元+【活动支出】替用户承担配送费:3.5元,-,-,-,3.00,温州区域,温州加盟,,,否,-,平台配送
圣比萨（葡萄棚店）,SBM00004,温州,"8050776088842656112	",饿了么,平台外卖,已完成,2025-10-22 12:10:59,2025-10-22 12:10:59,2025-10-22 12:11:00,饿了么支付-在线支付,,即时单,2025-10-22 12:10:59,14.10,自动出餐,1,否,"新奥尔良烤鸡肉披萨-12英寸（经典手拍）[{""name"":""规格"",""value"":""12英寸（经典手拍）""}]（109.00*1）,餐盒（2.00*1）",新奥尔良烤鸡肉披萨,,,,非会员,4,,,依据餐量提供餐具,,109.00,33.41,66.10,0.00,0,0,3.14,0.00,3.50,【活动支出】店铺满减:6.00元+【活动支出】单品特价:49.10元+【活动支出】精准营销红包:2.00元+【活动支出】饿了么红包:9.00元+【活动支出】替用户承担配送费:3.5元,-,-,-,2.00,温州区域,温州加盟,,,否,-,平台配送
圣比萨（葡萄棚店）,SBM00004,温州,"8074726088903721278	",饿了么,平台外卖,已完成,2025-10-22 13:32:32,2025-10-22 13:32:32,2025-10-22 13:32:32,饿了么支付-在线支付,,即时单,2025-10-22 13:32:32,12.07,自动出餐,1,否,"圣比海苔肉松披萨-9英寸（经典手拍）[{""name"":""规格"",""value"":""9英寸（经典手拍）""}]（78.00*1）,肉酱培根披萨-9英寸（经典手拍）[{""name"":""规格"",""value"":""9英寸（经典手拍）""}]（78.00*1）,餐盒（4.00*1）",肉酱培根披萨,,,,非会员,5,,,依据餐量提供餐具,,156.00,48.49,96.20,0.00,0,0,4.56,0.00,3.50,【活动支出】店铺满减:6.00元+【活动支出】单品特价:38.10元+【活动支出】单品特价:38.10元+【活动支出】粉丝群:2.00元+【活动支出】饿了么红包:12.00元+【活动支出】替用户承担配送费:3.5元,-,-,-,4.00,温州区域,温州加盟,,,否,-,平台配送
圣比萨（葡萄棚店）,SBM00004,温州,"8034190254983308625	",饿了么,平台外卖,已完成,2025-10-22 14:03:51,2025-10-22 14:03:51,2025-10-22 14:03:51,饿了么支付-在线支付,,即时单,2025-10-22 14:03:51,12.00,自动出餐,1,否,"榴莲王披萨-9英寸(经典手拍)[{""name"":""规格"",""value"":""9英寸(经典手拍)""}]（92.00*1）,餐盒（1.00*1）",榴莲王披萨,,,,非会员,6,,,披萨的芝士多放一点 / 依据餐量提供餐具,,92.00,28.46,54.10,0.00,0,0,2.69,0.00,3.50,【活动支出】店铺满减:1.00元+【活动支出】单品特价:48.10元+【活动支出】饿了么红包:5.00元+【活动支出】替用户承担配送费:3.5元,-,-,-,1.00,温州区域,温州加盟,,,否,-,平台配送
圣比萨（葡萄棚店）,SBM00004,温州,"8090100254951412151	",饿了么,平台外卖,已完成,2025-10-22 16:30:19,2025-10-22 16:30:19,2025-10-22 16:30:19,饿了么支付-在线支付,,即时单,2025-10-22 16:30:19,12.20,自动出餐,1,否,"任选披萨8选1+小吃6选1+饮料[水果披萨7寸+上校鸡块4个+果粒奶昔+常温]（58.00*1）,餐盒（2.00*1）",缤纷水果披萨【7英寸(手拍)】+上校鸡块,,,,非会员,7,,,依据餐量提供餐具,,58.00,19.16,33.10,0.00,0,0,1.79,0.00,3.50,【活动支出】单品特价:26.10元+【活动支出】饿了么红包:7.00元+【活动支出】替用户承担配送费:3.5元,-,-,-,2.00,温州区域,温州加盟,,,否,-,平台配送
圣比萨（葡萄棚店）,SBM00004,温州,"8080110254956664088	",饿了么,平台外卖,已完成,2025-10-22 16:51:49,2025-10-22 16:51:49,2025-10-22 16:51:49,饿了么支付-在线支付,,即时单,2025-10-22 16:51:49,12.15,自动出餐,1,否,"纯芝士披萨7英寸（42.99*1）,经典薯条（16.88*1）,餐盒（3.00*1）",金牌芝士披萨【7英寸(手拍)】+经典薯条,,,,非会员,8,,,依据餐量提供餐具,,59.87,19.99,35.07,0.00,0,0,1.86,0.00,3.50,【活动支出】单品特价:20.09元+【活动支出】单品特价:6.98元+【活动支出】 商家自营销加码:0.00元+【活动支出】饿了么红包:8.00元+【活动支出】替用户承担配送费:3.5元,-,-,-,3.00,温州区域,温州加盟,,,否,-,平台配送
圣比萨（葡萄棚店）,SBM00004,温州,"8060586088972825908	",饿了么,平台外卖,已完成,2025-10-22 17:08:12,2025-10-22 17:08:12,2025-10-22 17:08:13,饿了么支付-在线支付,,即时单,2025-10-22 17:08:12,12.12,自动出餐,1,否,"招牌肉酱意面（32.00*1）,香芋地瓜丸3颗（7.50*1）,餐盒（2.00*1）",招牌肉酱意面,,,,非会员,9,,,依据餐量提供餐具,,39.50,17.30,16.61,0.00,0,0,1.64,0.00,3.50,【活动支出】首次光顾立减:2.00元+【活动支出】单品特价:4.10元+【活动支出】单品特价:3.51元+【活动支出】饿了么红包:7.00元+【活动支出】替用户承担配送费:3.5元,-,-,-,2.00,温州区域,温州加盟,,,否,-,平台配送
圣比萨（葡萄棚店）,SBM00004,温州,"8059220255063273897	",饿了么,平台外卖,已完成,2025-10-22 17:37:26,2025-10-22 17:37:26,2025-10-22 17:37:26,饿了么支付-在线支付,,即时单,2025-10-22 17:37:26,14.18,自动出餐,1,否,"上校鸡块（11.88*1）,脆皮香蕉1根（4.80*1）,任选披萨8选1+小吃6选2+饮品自选（70.00*1）,薯饼1粒（3.00*1）,[孩子爱吃]圣比萨蛋挞1个（5.00*1）,餐盒（5.00*1）",上校鸡块+芒果果粒奶昔310ml+缤纷水果披萨(7英寸(手拍))+缤纷芝士挞(菠萝味)+上校鸡块+蛋挞1个,,,,非会员,10,,,依据餐量提供餐具,,94.68,29.26,59.91,0.00,0,0,2.76,0.00,3.50,【活动支出】店铺满减:1.00元+【活动支出】单品特价:5.98元+【活动支出】单品特价:3.81元+【活动支出】单品特价:34.10元+【活动支出】单品特价:2.01元+【活动支出】单品特价:3.01元+【活动支出】精准营销红包:2.00元+【活动支出】饿了么红包:8.00元+【活动支出】替用户承担配送费:3.5元,-,-,-,5.00,温州区域,温州加盟,,,否,-,平台配送
圣比萨（葡萄棚店）,SBM00004,温州,"8035300255013502441	",饿了么,平台外卖,已完成,2025-10-22 18:31:54,2025-10-22 18:31:54,2025-10-22 18:31:54,饿了么支付-在线支付,,即时单,2025-10-22 18:31:54,14.02,自动出餐,1,否,"招牌肉酱意面（32.00*1）,餐盒（1.00*1）",招牌肉酱意面,,,,非会员,11,,,面多点，肉酱多点 / 1份餐具,,32.00,13.12,13.10,0.00,0,0,1.43,0.00,3.50,【活动支出】首次光顾立减:2.00元+【活动支出】单品特价:4.10元+【活动支出】 商家自营销加码:2.00元+【活动支出】饿了么红包:5.00元+【活动支出】替用户承担配送费:3.5元,-,-,-,1.00,温州区域,温州加盟,,,否,-,平台配送
圣比萨（葡萄棚店）,SBM00004,温州,"8006656089018772882	",饿了么,平台外卖,已完成,2025-10-22 18:32:28,2025-10-22 18:32:28,2025-10-22 18:32:28,饿了么支付-在线支付,,即时单,2025-10-22 18:32:28,14.10,自动出餐,1,否,"招牌肉酱意面（32.00*1）,餐盒（1.00*1）",招牌肉酱意面,,,,非会员,12,,,面多点，肉酱多点 / 1份餐具,,32.00,13.12,13.10,0.00,0,0,1.43,0.00,3.50,【活动支出】首次光顾立减:2.00元+【活动支出】单品特价:4.10元+【活动支出】 商家自营销加码:2.00元+【活动支出】饿了么红包:5.00元+【活动支出】替用户承担配送费:3.5元,-,-,-,1.00,温州区域,温州加盟,,,否,-,平台配送
圣比萨（葡萄棚店）,SBM00004,温州,"8004010255030601025	",饿了么,平台外卖,已完成,2025-10-22 18:54:56,2025-10-22 18:54:56,2025-10-22 18:54:57,饿了么支付-在线支付,,即时单,2025-10-22 18:54:56,14.23,自动出餐,1,否,"台式香烤地道肠（7.50*1）,任选披萨8选1+小吃6选1+饮料[碳烤培根鸡肉披萨7寸+上校鸡块4个+柠檬茶+冷]（58.00*1）,[孩子爱吃]圣比萨蛋挞1个（5.00*1）,餐盒（3.50*1）",地道肠1根+碳烤鸡肉培根披萨【7英寸(手拍)】+上校鸡块+柠檬茶+蛋挞1个,,,,非会员,13,,,披萨里不要放蔬菜 / 依据餐量提供餐具,,70.50,21.79,43.61,0.00,0,0,2.05,0.00,3.50,【活动支出】店铺满减:1.00元+【活动支出】单品特价:2.50元+【活动支出】单品特价:26.10元+【活动支出】单品特价:3.01元+【活动支出】精准营销红包:2.00元+【活动支出】饿了么红包:9.00元+【活动支出】替用户承担配送费:3.5元,-,-,-,3.50,温州区域,温州加盟,,,否,-,平台配送
圣比萨（葡萄棚店）,SBM00004,温州,"8039956089052001587	",饿了么,平台外卖,已完成,2025-10-22 20:49:25,2025-10-22 20:49:25,2025-10-22 20:49:25,饿了么支付-在线支付,,即时单,2025-10-22 20:49:25,12.10,自动出餐,1,否,"[买一送一]买披萨(7英寸)送披萨[水果披萨+圣比至尊披萨]（86.80*1）,餐盒（3.00*1）",[买一送一]买披萨(7英寸)送披萨[水果披萨+圣比至尊披萨]+餐盒,,,,非会员,14,,,依据餐量提供餐具,,86.80,28.13,51.90,0.00,0,0,2.62,0.00,3.50,【活动支出】店铺满减:1.00元+【活动支出】单品特价:39.90元+【活动支出】精准营销红包:2.00元+【活动支出】饿了么红包:9.00元+【活动支出】替用户承担配送费:3.5元,-,-,-,3.00,温州区域,温州加盟,,,否,-,平台配送
圣比萨（葡萄棚店）,SBM00004,温州,"8083190255176234268	",饿了么,平台外卖,已完成,2025-10-22 20:58:59,2025-10-22 20:58:59,2025-10-22 20:58:59,饿了么支付-在线支付,,即时单,2025-10-22 20:58:59,12.13,自动出餐,1,否,"任选披萨8选1+小吃6选2+饮品自选（70.00*1）,餐盒（2.00*1）",港式奶茶+大圣招牌大满贯披萨(7英寸(手拍))+深海墨鱼丸(3个)+深海墨鱼丸(3个),,,,非会员,15,,,2份餐具,,70.00,19.16,45.10,0.00,0,0,1.79,0.00,3.50,【活动支出】首次光顾立减:2.00元+【活动支出】单品特价:34.10元+【活动支出】粉丝群:2.00元+【活动支出】饿了么红包:7.00元+【活动支出】替用户承担配送费:3.5元,-,-,-,2.00,温州区域,温州加盟,,,否,-,平台配送
圣比萨（葡萄棚店）,SBM00004,温州,"8004516089074511135	",饿了么,平台外卖,已完成,2025-10-22 21:48:08,2025-10-22 21:48:08,2025-10-22 21:48:08,饿了么支付-在线支付,,即时单,2025-10-22 21:48:08,12.20,自动出餐,1,否,"甜蜜时光薄脆披萨-常规[{""name"":""规格"",""value"":""常规""}]（60.00*1）,芝士就是力量（加在披萨上）[咸香]（10.00*1）,餐盒（2.00*1）",甜蜜时光薄脆披萨+芝士就是力量,,,,非会员,16,,,依据餐量提供餐具,,70.00,27.06,33.10,0.00,0,0,2.69,0.00,7.10,【活动支出】店铺满减:1.00元+【活动支出】单品特价:20.10元+【活动支出】单品特价:3.00元+【活动支出】饿了么红包:9.00元+【活动支出】替用户承担配送费:6.0元,-,-,-,2.00,温州区域,温州加盟,,,否,-,平台配送
圣比萨（葡萄棚店）,SBM00004,温州,"8073240255193176331	",饿了么,平台外卖,已完成,2025-10-22 22:24:41,2025-10-22 22:24:41,2025-10-22 22:24:41,饿了么支付-在线支付,,即时单,2025-10-22 22:24:41,12.07,自动出餐,1,否,"可口可乐300ml（4.00*1）,新奥尔良烤鸡肉披萨-7英寸（经典手拍）[{""name"":""规格"",""value"":""7英寸（经典手拍）""}]（45.99*1）,餐盒（2.00*1）",可乐+新奥尔良烤鸡肉披萨,,,,非会员,17,,,依据餐量提供餐具,,49.99,12.12,32.59,0.00,0,0,1.43,0.00,5.60,【活动支出】首次光顾立减:2.00元+【活动支出】单品特价:1.50元+【活动支出】单品特价:22.09元+【活动支出】饿了么红包:7.00元+【活动支出】替用户承担配送费:5.6元,-,-,-,2.00,温州区域,温州加盟,,,否,-,平台配送
圣比萨（苍南马站店）,SBS00020,温州,"8058300254999492916	",饿了么,平台外卖,已完成,2025-10-22 11:21:24,2025-10-22 11:21:24,2025-10-22 11:21:25,饿了么支付-在线支付,,即时单,2025-10-22 11:21:24,15.23,自动出餐,1,否,"奥尔良烤鸡肉披萨-7英寸(手拍)[{""name"":""规格"",""value"":""7英寸(手拍)""}]（45.00*1）,咸蛋黄风味流沙卷边（7英寸）（4.90*1）,餐盒（2.00*1）",新奥尔良烤鸡肉披萨+咸蛋黄流沙卷边7,,,,非会员,1,,,依据餐量提供餐具,,49.90,15.67,28.10,0.00,0,0,2.18,0.00,3.50,【活动支出】单品特价:20.10元+【活动支出】粉丝群:1.00元+【活动支出】饿了么红包:7.00元+【活动支出】替用户承担配送费:3.5元,-,-,-,2.00,温州区域,温州直营,,,否,-,平台配送
圣比萨（苍南马站店）,SBS00020,温州,"8081986088868928952	",饿了么,平台外卖,已完成,2025-10-22 12:16:15,2025-10-22 12:16:15,2025-10-22 12:16:15,饿了么支付-在线支付,,即时单,2025-10-22 12:16:15,15.23,自动出餐,1,否,"芝士焗红薯泥（19.00*1）,经典薯条（18.00*1）,盐酥鸡粒（21.00*1）,奶香芝士条（45.00*1）,咕咕鸡薄脆披萨-单层[{""name"":""规格"",""value"":""单层""}]（88.00*1）,地道肠（7.50*2）,餐盒（11.00*1）",芝士焗红薯泥+经典薯条+盐酥鸡粒+金牌芝士披萨【7英寸(手拍)】+咕咕鸡薄脆披萨+地道肠1根,,,,非会员,2,,,依据餐量提供餐具,,206.00,69.94,122.50,0.00,0,0,9.61,0.00,3.50,【活动支出】店铺满减:6.00元+【活动支出】单品特价:4.00元+【活动支出】单品特价:9.00元+【活动支出】单品特价:12.00元+【活动支出】单品特价:27.00元+【活动支出】单品特价:47.50元+【活动支出】单品特价:5.00元+【活动支出】饿了么红包:12.00元+【活动支出】替用户承担配送费:3.5元,-,-,-,11.00,温州区域,温州直营,,,否,-,平台配送
圣比萨（苍南马站店）,SBS00020,温州,"8016340254978895286	",饿了么,平台外卖,已完成,2025-10-22 13:01:06,2025-10-22 13:01:06,2025-10-22 13:01:06,饿了么支付-在线支付,,即时单,2025-10-22 13:01:06,9.22,手动出餐,1,否,"小食桶A（0.00*1）,【任选3件套】个人披萨意面焗饭套餐随心配[碳烤鸡肉培根披萨7英寸+港式奶茶]（72.00*1）",明星小食桶A+碳烤鸡肉培根披萨【7英寸(手拍)】+港式奶茶,,,,非会员,3,,,无需餐具,,72.00,20.97,41.60,0.00,0,0,2.88,0.00,3.50,【活动支出】单品特价:41.60元+【活动支出】替用户承担配送费:3.5元,-,-,-,0.00,温州区域,温州直营,,,否,-,平台配送
圣比萨（苍南马站店）,SBS00020,温州,"8048140254964465990	",饿了么,平台外卖,已完成,2025-10-22 13:14:02,2025-10-22 13:14:02,2025-10-22 13:14:02,饿了么支付-在线支付,,即时单,2025-10-22 13:14:02,12.17,手动出餐,1,否,"咸蛋黄风味流沙卷边（7英寸）（4.90*1）,玉米沙拉披萨-7英寸(手拍)[{""name"":""规格"",""value"":""7英寸(手拍)""}]（42.00*1）,餐盒（2.00*1）",咸蛋黄流沙卷边7+玉米沙拉披萨,,,,非会员,4,,,1份餐具,,46.90,17.46,23.10,0.00,0,0,2.39,0.00,3.50,【活动支出】单品特价:16.10元+【活动支出】饿了么红包:7.00元+【活动支出】替用户承担配送费:3.5元,-,-,-,2.00,温州区域,温州直营,,,否,-,平台配送
圣比萨（苍南马站店）,SBS00020,温州,"8069696088856902028	",饿了么,平台外卖,已完成,2025-10-22 13:56:42,2025-10-22 13:56:42,2025-10-22 13:56:42,饿了么支付-在线支付,,即时单,2025-10-22 13:56:42,12.95,手动出餐,1,否,"小食桶A（0.00*1）,【任选3件套】个人披萨意面焗饭套餐随心配[奥尔良鸡肉披萨7英寸+芒果汁]（72.00*1）",明星小食桶A+新奥尔良烤鸡肉披萨【7英寸(手拍)】+芒果汁,,,,非会员,5,,,鱿鱼丸换鸡块，谢谢 / 依据餐量提供餐具,,72.00,20.97,41.60,0.00,0,0,2.88,0.00,3.50,【活动支出】单品特价:41.60元+【活动支出】替用户承担配送费:3.5元,-,-,-,0.00,温州区域,温州直营,,,否,-,平台配送
圣比萨（苍南马站店）,SBS00020,温州,"8046460255010279723	",饿了么,平台外卖,已完成,2025-10-22 14:28:03,2025-10-22 14:28:03,2025-10-22 14:28:03,饿了么支付-在线支付,,即时单,2025-10-22 14:28:03,11.83,手动出餐,1,否,"奥尔良烤鸡肉披萨-7英寸(手拍)[{""name"":""规格"",""value"":""7英寸(手拍)""}]（45.00*1）,红薯薯泥流心卷边（7英寸）（4.90*1）,餐盒（2.00*1）",新奥尔良烤鸡肉披萨+红薯泥流心卷边7,,,,非会员,6,,,依据餐量提供餐具,,49.90,16.56,27.10,0.00,0,0,2.29,0.00,3.50,【活动支出】单品特价:20.10元+【活动支出】饿了么红包:7.00元+【活动支出】替用户承担配送费:3.5元,-,-,-,2.00,温州区域,温州直营,,,否,-,平台配送
圣比萨（苍南马站店）,SBS00020,温州,"8056576088898221496	",饿了么,平台外卖,已完成,2025-10-22 14:39:42,2025-10-22 14:39:42,2025-10-22 14:39:42,饿了么支付-在线支付,,即时单,2025-10-22 14:39:42,8.13,手动出餐,1,否,新奥尔良烤鸡肉披萨7寸-单点（22.00*1）,新奥尔良烤鸡肉披萨【7英寸(手拍)】,,,,非会员,7,,,别敲门打电话，放门口 / 依据餐量提供餐具,,22.00,12.00,0.00,0.00,0,0,0.00,0.00,,【活动支出】拼团反圈活动:0.00元,-,-,-,0.00,温州区域,温州直营,,,否,-,平台配送
圣比萨（苍南马站店）,SBS00020,温州,"8010566089034196427	",饿了么,平台外卖,已完成,2025-10-22 18:54:33,2025-10-22 18:54:33,2025-10-22 18:54:33,饿了么支付-在线支付,,即时单,2025-10-22 18:54:33,15.20,自动出餐,1,否,"明星至尊桶（59.00*1）,黑椒牛肉意面（52.00*1）,番茄培根意面（52.00*1）,餐盒（6.00*1）",明星至尊桶+黑椒牛肉意面+番茄培根意面,,,,非会员,8,,,依据餐量提供餐具,,163.00,62.97,84.30,0.00,0,0,8.58,0.00,3.50,【活动支出】店铺满减:6.00元+【活动支出】单品特价:19.10元+【活动支出】单品特价:21.10元+【活动支出】单品特价:26.10元+【活动支出】饿了么红包:12.00元+【活动支出】替用户承担配送费:3.5元,-,-,-,6.00,温州区域,温州直营,,,否,-,平台配送
圣比萨（苍南马站店）,SBS00020,温州,"8017080255244937488	",饿了么,平台外卖,已完成,2025-10-22 20:00:00,2025-10-22 20:00:00,2025-10-22 20:00:01,饿了么支付-在线支付,,即时单,2025-10-22 20:00:00,15.15,自动出餐,1,否,"奥尔良烤鸡肉披萨-7英寸(手拍)[{""name"":""规格"",""value"":""7英寸(手拍)""}]（45.00*1）,餐盒（2.00*1）",新奥尔良烤鸡肉披萨,,,,非会员,9,,,依据餐量提供餐具,,45.00,12.78,27.10,0.00,0,0,1.77,0.00,3.50,【活动支出】单品特价:20.10元+【活动支出】饿了么红包:7.00元+【活动支出】替用户承担配送费:3.5元,-,-,-,2.00,温州区域,温州直营,,,否,-,平台配送
圣比萨（苍南马站店）,SBS00020,温州,"8013100255147976117	",饿了么,平台外卖,已完成,2025-10-22 20:16:33,2025-10-22 20:16:33,2025-10-22 20:16:33,饿了么支付-在线支付,,即时单,2025-10-22 20:16:33,8.13,手动出餐,1,否,"奥尔良烤鸡肉披萨-7英寸(手拍)[{""name"":""规格"",""value"":""7英寸(手拍)""}]（45.00*1）,餐盒（2.00*1）",新奥尔良烤鸡肉披萨,,,,非会员,10,,,无需餐具,,45.00,12.78,27.10,0.00,0,0,1.77,0.00,3.50,【活动支出】单品特价:20.10元+【活动支出】饿了么红包:7.00元+【活动支出】替用户承担配送费:3.5元,-,-,-,2.00,温州区域,温州直营,,,否,-,平台配送
圣比萨（苍南马站店）,SBS00020,温州,"8013986089057349014	",饿了么,平台外卖,已完成,2025-10-22 20:39:04,2025-10-22 20:39:04,2025-10-22 20:39:04,饿了么支付-在线支付,,即时单,2025-10-22 20:39:04,11.62,手动出餐,1,否,"【随心❤️拼】7英寸双拼披萨（口味自选）[新奥尔良烤鸡肉+碳烤鸡肉培根]（26.90*1）,咸蛋黄风味流沙卷边（7英寸）（4.90*1）",双拼7寸【奥尔良口味7】+双拼7寸【碳烤鸡肉培根口味7】+咸蛋黄流沙卷边7,,,,非会员,11,,,1份餐具,,31.80,16.56,7.00,0.00,0,0,2.29,0.00,3.50,【活动支出】饿了么红包:7.00元+【活动支出】替用户承担配送费:3.5元,-,-,-,0.00,温州区域,温州直营,,,否,-,平台配送
圣比萨（苍南马站店）,SBS00020,温州,"8000350255154451915	",饿了么,平台外卖,已完成,2025-10-22 20:42:14,2025-10-22 20:42:14,2025-10-22 20:42:14,饿了么支付-在线支付,,即时单,2025-10-22 20:42:14,11.45,手动出餐,1,否,"小食桶A（0.00*1）,【任选3件套】个人披萨意面焗饭套餐随心配[奥尔良鸡肉披萨7英寸+柠檬茶]（72.00*1）,餐盒（2.00*1）",明星小食桶A+新奥尔良烤鸡肉披萨【7英寸(手拍)】+柠檬茶,,,,非会员,12,,,依据餐量提供餐具,,72.00,22.31,41.10,0.00,0,0,3.14,0.00,5.00,【活动支出】店铺满减:1.00元+【活动支出】单品特价:32.10元+【活动支出】超级会员专享红包:5.00元+【活动支出】 商家自营销加码:2.00元+【活动支出】粉丝群:1.00元+【活动支出】替用户承担配送费:5.0元,-,-,-,2.00,温州区域,温州直营,,,否,-,平台配送
圣比萨（苍南马站店）,SBS00020,温州,"8017836089059306787	",饿了么,平台外卖,已完成,2025-10-22 21:12:05,2025-10-22 21:12:05,2025-10-22 21:12:06,饿了么支付-在线支付,,即时单,2025-10-22 21:12:05,15.18,自动出餐,1,否,"蛋挞1个（5.00*2）,奥尔良烤鸡肉披萨-7英寸(手拍)[{""name"":""规格"",""value"":""7英寸(手拍)""}]（45.00*1）,酸奶多多流心卷边（7英寸）（4.90*1）,餐盒（4.00*1）",蛋挞1个+新奥尔良烤鸡肉披萨+酸奶多多流心卷边7,,,,非会员,13,,,2份餐具,,59.90,22.61,31.11,0.00,0,0,3.13,0.00,5.60,【活动支出】店铺满减:1.00元+【活动支出】单品特价:4.01元+【活动支出】单品特价:20.10元+【活动支出】粉丝群:1.00元+【活动支出】饿了么红包:5.00元+【活动支出】替用户承担配送费:5.6元,-,-,-,4.00,温州区域,温州直营,,,否,-,平台配送
圣比萨（苍南马站店）,SBS00020,温州,"8003606089086910736	",饿了么,平台外卖,已完成,2025-10-22 21:18:16,2025-10-22 21:18:16,2025-10-22 21:18:16,饿了么支付-在线支付,,即时单,2025-10-22 21:18:16,10.07,手动出餐,1,否,【随心❤️拼】7英寸双拼披萨（口味自选）[新奥尔良烤鸡肉+新奥尔良烤鸡肉]（26.90*1）,双拼7寸【奥尔良口味7】+双拼7寸【奥尔良口味7】,,,,非会员,14,,,1份餐具,,26.90,12.28,7.00,0.00,0,0,1.77,0.00,5.60,【活动支出】饿了么红包:7.00元+【活动支出】替用户承担配送费:5.6元,-,-,-,0.00,温州区域,温州直营,,,否,-,平台配送
圣比萨（苍南马站店）,SBS00020,温州,"8064936089043786187	",饿了么,平台外卖,已完成,2025-10-22 21:28:51,2025-10-22 21:28:51,2025-10-22 21:28:51,饿了么支付-在线支付,,即时单,2025-10-22 21:28:51,11.73,手动出餐,1,否,"小食桶A（0.00*1）,【任选3件套】个人披萨意面焗饭套餐随心配[碳烤鸡肉培根披萨7英寸+小可乐]（72.00*1）,餐盒（2.00*1）",明星小食桶A+碳烤鸡肉培根披萨【7英寸(手拍)】+小可乐,,,,非会员,15,,,依据餐量提供餐具,,72.00,21.82,42.10,0.00,0,0,3.03,0.00,5.60,【活动支出】店铺满减:1.00元+【活动支出】单品特价:32.10元+【活动支出】饿了么红包:8.00元+【活动支出】粉丝群:1.00元+【活动支出】替用户承担配送费:5.6元,-,-,-,2.00,温州区域,温州直营,,,否,-,平台配送
圣比萨（苍南马站店）,SBS00020,温州,"8082480255181208949	",饿了么,平台外卖,已完成,2025-10-22 21:33:00,2025-10-22 21:33:00,2025-10-22 21:33:00,饿了么支付-在线支付,,即时单,2025-10-22 21:33:00,12.27,手动出餐,1,否,手握三选一-单点[缤纷水果]（20.00*1）,热带雨林水果一人食盒子披萨,,,,非会员,16,,,依据餐量提供餐具,,20.00,10.00,0.00,0.00,0,0,0.00,0.00,,【活动支出】拼团反圈活动:0.00元,-,-,-,0.00,温州区域,温州直营,,,否,-,平台配送
圣比萨（苍南马站店）,SBS00020,温州,"8018866089073957181	",饿了么,平台外卖,已完成,2025-10-22 21:54:07,2025-10-22 21:54:07,2025-10-22 21:54:07,饿了么支付-在线支付,,即时单,2025-10-22 21:54:07,10.23,手动出餐,1,否,"咸蛋黄风味流沙卷边（9英寸）（5.90*1）,奥尔良烤鸡肉披萨-9英寸(手拍)[{""name"":""规格"",""value"":""9英寸(手拍)""}]（78.00*1）,餐盒（2.00*1）",咸蛋黄流沙卷边9+新奥尔良烤鸡肉披萨,,,,非会员,17,,,1份餐具,,83.90,26.50,48.10,0.00,0,0,3.65,0.00,6.10,【活动支出】店铺满减:1.00元+【活动支出】单品特价:38.10元+【活动支出】饿了么红包:9.00元+【活动支出】替用户承担配送费:6.0元,-,-,-,2.00,温州区域,温州直营,,,否,-,平台配送
圣比萨（苍南马站店）,SBS00020,温州,"8033706089108051275	",饿了么,平台外卖,已完成,2025-10-22 22:36:10,2025-10-22 22:36:10,2025-10-22 22:36:11,饿了么支付-在线支付,,即时单,2025-10-22 22:36:10,15.23,自动出餐,1,否,"奥尔良烤鸡肉披萨-7英寸(手拍)[{""name"":""规格"",""value"":""7英寸(手拍)""}]（45.00*1）,奶酪芝士卷边（7英寸）（4.90*1）,蛋挞1个（5.00*1）,餐盒（3.00*1）",新奥尔良烤鸡肉披萨+奶酪芝士卷边7+蛋挞1个,,,,非会员,18,,,2份餐具,,54.90,17.76,31.20,0.00,0,0,2.49,0.00,5.60,【活动支出】单品特价:20.10元+【活动支出】饿了么红包:7.00元+【活动支出】精准营销:4.10元+【活动支出】替用户承担配送费:5.6元,-,-,-,3.00,温州区域,温州直营,,,否,-,平台配送
圣比萨（义乌佛堂店）,SBM00007,金华,"8037666088616421840	",饿了么,平台外卖,已完成,2025-10-21 19:00:00,2025-10-21 19:00:00,2025-10-21 19:00:00,饿了么支付-在线支付,,预约单,2025-10-22 12:30:00,1005.05,自动出餐,1,否,"【随心双拼】双拼一人食盒子披萨[奥尔良风情+韩式咔滋炸鸡]（26.90*1）,餐盒（2.00*1）",双拼一人食盒子披萨【奥尔良风情烤鸡肉】+双拼一人食盒子披萨【韩式咔滋炸鸡】,,,,非会员,1,,,1份餐具,,26.90,9.86,10.40,0.00,0,0,1.04,0.00,3.70,【活动支出】单品特价:3.40元+【活动支出】 商家自营销加码:2.00元+【活动支出】饿了么红包:5.00元+【活动支出】替用户承担配送费:3.7元,-,-,-,2.00,金华地区,金华加盟,,,否,-,平台配送
圣比萨（义乌佛堂店）,SBM00007,金华,"8010270254815895924	",饿了么,平台外卖,已完成,2025-10-22 00:58:43,2025-10-22 00:58:43,2025-10-22 00:58:43,饿了么支付-在线支付,,预约单,2025-10-22 12:05:00,621.32,自动出餐,1,否,"【随心双拼】双拼一人食盒子披萨[浓情芝士+韩式咔滋炸鸡]（26.90*1）,餐盒（2.00*1）",双拼一人食盒子披萨【浓情芝士】+双拼一人食盒子披萨【韩式咔滋炸鸡】,,,,非会员,2,,,依据餐量提供餐具,,26.90,7.86,12.40,0.00,0,0,1.04,0.00,3.70,【活动支出】单品特价:3.40元+【活动支出】粉丝群:2.00元+【活动支出】饿了么红包:7.00元+【活动支出】替用户承担配送费:3.7元,-,-,-,2.00,金华地区,金华加盟,,,否,-,平台配送
圣比萨（义乌佛堂店）,SBM00007,金华,"8053230254848482794	",饿了么,平台外卖,已完成,2025-10-22 09:49:20,2025-10-22 09:49:20,2025-10-22 09:49:20,饿了么支付-在线支付,,预约单,2025-10-22 11:05:00,30.68,自动出餐,1,否,"【任选1+1+1】一人食光披萨套餐（28.90*1）,餐盒（2.00*1）",黄金脆粗薯+可乐+奥尔良风情烤鸡肉一人食盒子披萨,,,,非会员,3,,,依据餐量提供餐具,,28.90,13.81,8.40,0.00,0,0,1.09,0.00,3.20,【活动支出】单品特价:1.40元+【活动支出】饿了么红包:7.00元+【活动支出】替用户承担配送费:3.2元,-,-,-,2.00,金华地区,金华加盟,,,否,-,平台配送
圣比萨（义乌佛堂店）,SBM00007,金华,"8032896088743506284	",饿了么,平台外卖,已完成,2025-10-22 10:03:51,2025-10-22 10:03:51,2025-10-22 10:03:51,饿了么支付-在线支付,,即时单,2025-10-22 10:03:51,9.00,自动出餐,1,否,"水果嘉年华披萨（34.90*1）,招牌大满贯披萨（41.90*1）,餐盒（2.00*1）",水果嘉年华披萨+招牌大满贯披萨,,,,非会员,4,,,2份餐具,,76.80,37.26,26.80,0.00,0,0,2.74,0.00,3.70,【活动支出】店铺满减:6.00元+【活动支出】单品特价:4.40元+【活动支出】单品特价:4.40元+【活动支出】饿了么红包:12.00元+【活动支出】替用户承担配送费:3.7元,-,-,-,2.00,金华地区,金华加盟,,,否,-,平台配送
圣比萨（义乌佛堂店）,SBM00007,金华,"8020746088768995837	",饿了么,平台外卖,已完成,2025-10-22 10:15:24,2025-10-22 10:15:24,2025-10-22 10:15:24,饿了么支付-在线支付,,预约单,2025-10-22 11:45:00,44.83,自动出餐,1,否,"【任选1+3】一人食意面随心配（31.90*1）,餐盒（2.00*1）",蛋挞1个+黄金脆粗薯条小份+深海墨鱼丸3个+番茄阳光牛肉意面,,,,非会员,5,,,1份餐具,,31.90,15.34,8.40,0.00,0,0,1.26,0.00,3.20,【活动支出】单品特价:1.40元+【活动支出】饿了么红包:7.00元+【活动支出】替用户承担配送费:3.2元,-,-,-,2.00,金华地区,金华加盟,,,否,-,平台配送
圣比萨（义乌佛堂店）,SBM00007,金华,"8043270254755826060	",饿了么,平台外卖,已完成,2025-10-22 10:17:02,2025-10-22 10:17:02,2025-10-22 10:17:03,饿了么支付-在线支付,,预约单,2025-10-22 11:25:00,23.03,自动出餐,1,否,"酥皮蛋挞1个（7.00*1）,【任选1+1+1】一人食光披萨套餐（28.90*1）,酥皮蛋挞1个（7.00*1）,餐盒（3.00*1）",蛋挞1个+美式黑椒鸡块3只+可乐+奥尔良风情烤鸡肉一人食盒子披萨+蛋挞1个,,,,非会员,6,,,依据餐量提供餐具,,42.90,14.49,21.30,0.00,0,0,1.21,0.00,3.20,【活动支出】单品特价:1.40元+【活动支出】单品特价:6.90元+【活动支出】精准营销:6.00元+【活动支出】饿了么红包:7.00元+【活动支出】替用户承担配送费:3.2元,-,-,-,3.00,金华地区,金华加盟,,,否,-,平台配送
圣比萨（义乌佛堂店）,SBM00007,金华,"8081230254861859211	",饿了么,平台外卖,已完成,2025-10-22 10:26:55,2025-10-22 10:26:55,2025-10-22 10:26:55,饿了么支付-在线支付,,即时单,2025-10-22 10:26:55,9.15,自动出餐,1,否,"酥皮蛋挞1个（7.00*1）,【随心双拼】双拼一人食盒子披萨[奥尔良风情+韩式咔滋炸鸡]（26.90*1）,餐盒（2.50*1）",蛋挞1个+双拼一人食盒子披萨【奥尔良风情烤鸡肉】+双拼一人食盒子披萨【韩式咔滋炸鸡】,,,,非会员,7,,,依据餐量提供餐具,,33.90,11.46,18.40,0.00,0,0,1.04,0.00,2.20,【活动支出】单品特价:3.40元+【活动支出】精准营销:6.00元+【活动支出】 商家自营销加码:2.00元+【活动支出】粉丝群:2.00元+【活动支出】饿了么红包:5.00元+【活动支出】替用户承担配送费:2.2元,-,-,-,2.50,金华地区,金华加盟,,,否,-,平台配送
圣比萨（义乌佛堂店）,SBM00007,金华,"8086400254769630635	",饿了么,平台外卖,已完成,2025-10-22 10:33:55,2025-10-22 10:33:55,2025-10-22 10:33:55,饿了么支付-在线支付,,即时单,2025-10-22 10:33:55,9.20,自动出餐,1,否,"【任选1+1+1】一人食光披萨套餐（28.90*1）,餐盒（2.00*1）",黄金脆粗薯+可乐+奥尔良风情烤鸡肉一人食盒子披萨,,,,非会员,8,,,依据餐量提供餐具,,28.90,11.86,10.40,0.00,0,0,1.04,0.00,3.20,【活动支出】单品特价:1.40元+【活动支出】 商家自营销加码:2.00元+【活动支出】粉丝群:2.00元+【活动支出】饿了么红包:5.00元+【活动支出】替用户承担配送费:3.2元,-,-,-,2.00,金华地区,金华加盟,,,否,-,平台配送
圣比萨（义乌佛堂店）,SBM00007,金华,"8016150254953715075	",饿了么,平台外卖,已完成,2025-10-22 10:44:02,2025-10-22 10:44:02,2025-10-22 10:44:02,饿了么支付-在线支付,,预约单,2025-10-22 11:35:00,6.02,自动出餐,1,否,"【任选1+1】手握披萨买一送一（39.90*1）,餐盒（2.00*1）",奥尔良风情烤鸡肉一人食盒子披萨+热带雨林水果一人食盒子披萨,,,,非会员,9,,,依据餐量提供餐具,用户申请取消单 其他原因，,39.90,17.23,14.40,0.00,0,0,1.37,0.00,3.20,【活动支出】单品特价:4.40元+【活动支出】 商家自营销加码:0.00元+【活动支出】粉丝群:2.00元+【活动支出】饿了么红包:8.00元+【活动支出】替用户承担配送费:3.2元,-,-,-,2.00,金华地区,金华加盟,,,否,-,平台配送
圣比萨（义乌佛堂店）,SBM00007,金华,"8082200254854705523	",饿了么,平台外卖,已完成,2025-10-22 10:44:07,2025-10-22 10:44:07,2025-10-22 10:44:07,饿了么支付-在线支付,,即时单,2025-10-22 10:44:07,9.17,自动出餐,1,否,"【任选1+1】手握披萨AND意面（39.90*1）,餐盒（2.00*1）",番茄阳光牛肉意面+奥尔良风情烤鸡肉一人食盒子披萨,,,,非会员,10,,,依据餐量提供餐具,,39.90,15.93,14.40,0.00,0,0,1.37,0.00,4.90,【活动支出】单品特价:4.40元+【活动支出】 商家自营销加码:0.00元+【活动支出】粉丝群:2.00元+【活动支出】饿了么红包:8.00元+【活动支出】替用户承担配送费:4.9元,-,-,-,2.00,金华地区,金华加盟,,,否,-,平台配送
圣比萨（义乌佛堂店）,SBM00007,金华,"8043450254964347238	",饿了么,平台外卖,已完成,2025-10-22 10:49:23,2025-10-22 10:49:23,2025-10-22 10:49:23,饿了么支付-在线支付,,预约单,2025-10-22 11:40:00,5.65,自动出餐,1,否,"黄金脆粗薯条（8.00*1）,点击右上角❤️收藏得小吃[墨鱼丸1个]（7.00*1）,酥皮蛋挞1个（7.00*1）,榴莲多多一人食盒子披萨（30.90*1）,餐盒（2.00*1）",黄金脆粗薯+深海墨鱼丸1个+蛋挞1个+榴莲多多一人食盒子披萨,,,,非会员,11,,,依据餐量提供餐具,,52.90,18.53,28.20,0.00,0,0,1.37,0.00,2.20,【活动支出】单品特价:6.90元+【活动支出】单品特价:6.90元+【活动支出】单品特价:4.40元+【活动支出】 商家自营销加码:0.00元+【活动支出】粉丝群:2.00元+【活动支出】饿了么红包:8.00元+【活动支出】替用户承担配送费:2.2元,-,-,-,2.00,金华地区,金华加盟,,,否,-,平台配送
圣比萨（义乌佛堂店）,SBM00007,金华,"8088460254883173799	",饿了么,平台外卖,已完成,2025-10-22 10:51:07,2025-10-22 10:51:07,2025-10-22 10:51:07,饿了么支付-在线支付,,预约单,2025-10-22 11:55:00,19.03,自动出餐,1,否,"招牌大满贯披萨（41.90*1）,餐盒（1.00*1）",招牌大满贯披萨,,,,非会员,12,,,依据餐量提供餐具,,41.90,18.76,12.40,0.00,0,0,1.54,0.00,4.30,【活动支出】店铺满减:1.00元+【活动支出】单品特价:4.40元+【活动支出】饿了么红包:7.00元+【活动支出】替用户承担配送费:4.3元,-,-,-,1.00,金华地区,金华加盟,,,否,-,平台配送
圣比萨（义乌佛堂店）,SBM00007,金华,"8051626088757801314	",饿了么,平台外卖,已完成,2025-10-22 10:55:51,2025-10-22 10:55:51,2025-10-22 10:55:51,饿了么支付-在线支付,,即时单,2025-10-22 10:55:51,9.22,自动出餐,1,否,"【任选1+1】手握披萨AND意面（39.90*1）,餐盒（2.00*1）",意式经典肉酱意面+奥尔良风情烤鸡肉一人食盒子披萨,,,,非会员,13,,,依据餐量提供餐具,,39.90,19.12,12.40,0.00,0,0,1.48,0.00,3.20,【活动支出】单品特价:4.40元+【活动支出】超级会员专享红包:8.00元+【活动支出】 商家自营销加码:0.00元+【活动支出】替用户承担配送费:3.2元,-,-,-,2.00,金华地区,金华加盟,,,否,-,平台配送
圣比萨（义乌佛堂店）,SBM00007,金华,"8087876088739178909	",饿了么,平台外卖,已完成,2025-10-22 10:59:56,2025-10-22 10:59:56,2025-10-22 10:59:56,饿了么支付-在线支付,,即时单,2025-10-22 10:59:56,9.07,自动出餐,1,否,"【任选1+1】手握披萨AND意面（39.90*1）,餐盒（2.00*1）",番茄阳光牛肉意面+奥尔良风情烤鸡肉一人食盒子披萨,,,,非会员,14,,,依据餐量提供餐具,,39.90,20.06,11.40,0.00,0,0,1.54,0.00,3.20,【活动支出】单品特价:4.40元+【活动支出】饿了么红包:7.00元+【活动支出】替用户承担配送费:3.2元,-,-,-,2.00,金华地区,金华加盟,,,否,-,平台配送
圣比萨（义乌佛堂店）,SBM00007,金华,"8029696088756480411	",饿了么,平台外卖,已完成,2025-10-22 11:08:28,2025-10-22 11:08:28,2025-10-22 11:08:28,饿了么支付-在线支付,,即时单,2025-10-22 11:08:28,10.07,自动出餐,1,否,"水果嘉年华披萨（34.90*1）,餐盒（1.00*1）",水果嘉年华披萨,,,,非会员,15,,,2份餐具,,34.90,16.45,11.40,0.00,0,0,1.25,0.00,2.20,【活动支出】单品特价:4.40元+【活动支出】 商家自营销加码:2.00元+【活动支出】饿了么红包:5.00元+【活动支出】替用户承担配送费:2.2元,-,-,-,1.00,金华地区,金华加盟,,,否,-,平台配送
圣比萨（义乌佛堂店）,SBM00007,金华,"8004260254918250949	",饿了么,平台外卖,已完成,2025-10-22 11:44:25,2025-10-22 11:44:25,2025-10-22 11:44:25,饿了么支付-在线支付,,即时单,2025-10-22 11:44:25,10.22,自动出餐,1,否,"【任选1+1+1】一人食光披萨套餐（33.90*1）,餐盒（2.00*1）",深海墨鱼丸3个+可乐+榴莲多多一人食盒子披萨,,,,非会员,16,,,无需餐具,,33.90,17.23,8.40,0.00,0,0,1.37,0.00,3.70,【活动支出】单品特价:1.40元+【活动支出】 商家自营销加码:2.00元+【活动支出】饿了么红包:5.00元+【活动支出】替用户承担配送费:3.7元,-,-,-,2.00,金华地区,金华加盟,,,否,-,平台配送
圣比萨（义乌佛堂店）,SBM00007,金华,"8096976088798676350	",饿了么,平台外卖,已完成,2025-10-22 11:56:26,2025-10-22 11:56:26,2025-10-22 11:56:26,饿了么支付-在线支付,,即时单,2025-10-22 11:56:26,10.05,自动出餐,1,否,"招牌大满贯披萨（41.90*1）,酥皮蛋挞1个（7.00*1）,餐盒（1.50*1）",招牌大满贯披萨+蛋挞1个,,,,非会员,17,,,依据餐量提供餐具,,48.90,19.38,22.30,0.00,0,0,1.42,0.00,2.70,【活动支出】店铺满减:1.00元+【活动支出】单品特价:4.40元+【活动支出】单品特价:6.90元+【活动支出】 商家自营销加码:0.00元+【活动支出】粉丝群:2.00元+【活动支出】饿了么红包:8.00元+【活动支出】替用户承担配送费:2.7元,-,-,-,1.50,金华地区,金华加盟,,,否,-,平台配送
圣比萨（义乌佛堂店）,SBM00007,金华,"8081516088844515704	",饿了么,平台外卖,已完成,2025-10-22 12:42:10,2025-10-22 12:42:10,2025-10-22 12:42:11,饿了么支付-在线支付,,即时单,2025-10-22 12:42:10,10.23,自动出餐,1,否,"点击右上角❤️收藏得小吃[锅巴土豆4颗]（7.00*1）,【任选1+2+1】一人食光土豪披萨套餐（32.90*1）,餐盒（2.50*1）",锅巴土豆4颗+盐酥鸡米花小份+深海墨鱼丸3个+韩式咔滋炸鸡一人食盒子披萨+可乐,,,,非会员,18,,,依据餐量提供餐具,,39.90,18.91,15.30,0.00,0,0,1.39,0.00,2.20,【活动支出】单品特价:6.90元+【活动支出】单品特价:0.40元+【活动支出】饿了么红包:8.00元+【活动支出】替用户承担配送费:2.2元,-,-,-,2.50,金华地区,金华加盟,,,否,-,平台配送
圣比萨（义乌佛堂店）,SBM00007,金华,"8075130255098921315	",饿了么,平台外卖,已完成,2025-10-22 14:34:06,2025-10-22 14:34:06,2025-10-22 14:34:06,饿了么支付-在线支付,,预约单,2025-10-22 16:20:00,60.95,自动出餐,1,否,"榴莲多多一人食盒子披萨（30.90*1）,餐盒（1.00*1）",榴莲多多一人食盒子披萨,,,,非会员,19,,,依据餐量提供餐具,,30.90,9.86,13.40,0.00,0,0,1.04,0.00,3.70,【活动支出】单品特价:4.40元+【活动支出】 商家自营销加码:2.00元+【活动支出】粉丝群:2.00元+【活动支出】饿了么红包:5.00元+【活动支出】替用户承担配送费:3.7元,-,-,-,1.00,金华地区,金华加盟,,,否,-,平台配送
圣比萨（义乌佛堂店）,SBM00007,金华,"8015526088873547066	",饿了么,平台外卖,已完成,2025-10-22 14:36:51,2025-10-22 14:36:51,2025-10-22 14:36:52,饿了么支付-在线支付,,即时单,2025-10-22 14:36:51,9.03,自动出餐,1,否,"【随心双拼】双拼一人食盒子披萨[韩式咔滋炸鸡+奥尔良风情]（26.90*1）,餐盒（2.00*1）",双拼一人食盒子披萨【韩式咔滋炸鸡】+双拼一人食盒子披萨【奥尔良风情烤鸡肉】,,,,非会员,20,,,依据餐量提供餐具,,26.90,9.46,12.40,0.00,0,0,1.04,0.00,2.70,【活动支出】单品特价:3.40元+【活动支出】粉丝群:2.00元+【活动支出】饿了么红包:7.00元+【活动支出】替用户承担配送费:2.7元,-,-,-,2.00,金华地区,金华加盟,,,否,-,平台配送
圣比萨（义乌佛堂店）,SBM00007,金华,"8008586088869214662	",饿了么,平台外卖,已完成,2025-10-22 14:39:31,2025-10-22 14:39:31,2025-10-22 14:39:31,饿了么支付-在线支付,,预约单,2025-10-22 16:00:00,35.70,自动出餐,1,否,"【任选1+1+1】一人食光披萨套餐（28.90*1）,酥皮蛋挞1个（7.00*1）,餐盒（2.50*1）",盐酥鸡米花小份+小雪碧+奥尔良风情烤鸡肉一人食盒子披萨+蛋挞1个,,,,非会员,21,,,依据餐量提供餐具,,35.90,13.07,15.30,0.00,0,0,1.13,0.00,3.70,【活动支出】单品特价:1.40元+【活动支出】单品特价:6.90元+【活动支出】饿了么红包:7.00元+【活动支出】替用户承担配送费:3.7元,-,-,-,2.50,金华地区,金华加盟,,,否,-,平台配送
圣比萨（义乌佛堂店）,SBM00007,金华,"8084886088930041178	",饿了么,平台外卖,已完成,2025-10-22 14:48:48,2025-10-22 14:48:48,2025-10-22 14:48:49,饿了么支付-在线支付,,即时单,2025-10-22 14:48:48,9.07,自动出餐,1,否,"酥皮蛋挞1个（7.00*1）,酥皮蛋挞1个（7.00*1）,【任选1+3】一人食意面随心配（31.90*1）,餐盒（3.00*1）",蛋挞1个+蛋挞1个+黄金脆粗薯条小份+盐酥鸡米花小份+美式黑椒鸡块3只+意式经典肉酱意面,,,,非会员,22,,,放一单元一楼楼梯上就行，门没开就是右边这个，这有俩一单元，拍照发信息给我就行 / 依据餐量提供餐具,,45.90,17.02,23.30,0.00,0,0,1.28,0.00,2.70,【活动支出】单品特价:6.90元+【活动支出】单品特价:1.40元+【活动支出】精准营销:6.00元+【活动支出】粉丝群:2.00元+【活动支出】饿了么红包:7.00元+【活动支出】替用户承担配送费:2.7元,-,-,-,3.00,金华地区,金华加盟,,,否,-,平台配送
圣比萨（义乌佛堂店）,SBM00007,金华,"8013996088940747254	",饿了么,平台外卖,已完成,2025-10-22 15:20:42,2025-10-22 15:20:42,2025-10-22 15:20:42,饿了么支付-在线支付,,即时单,2025-10-22 15:20:42,9.13,自动出餐,1,否,"【任选1+1+1】一人食光披萨套餐（30.90*1）,餐盒（2.00*1）",盐酥鸡米花小份+可乐+热带雨林水果一人食盒子披萨,,,,非会员,23,,,依据餐量提供餐具,,30.90,14.40,8.40,0.00,0,0,1.20,0.00,3.20,【活动支出】单品特价:1.40元+【活动支出】 商家自营销加码:2.00元+【活动支出】饿了么红包:5.00元+【活动支出】替用户承担配送费:3.2元,-,-,-,2.00,金华地区,金华加盟,,,否,-,平台配送
圣比萨（义乌佛堂店）,SBM00007,金华,"8006260255110210036	",饿了么,平台外卖,已完成,2025-10-22 15:23:11,2025-10-22 15:23:11,2025-10-22 15:23:11,饿了么支付-在线支付,,即时单,2025-10-22 15:23:11,9.17,自动出餐,1,否,"【任选1+2+1】一人食光土豪披萨套餐（30.90*1）,餐盒（2.00*1）",黄金脆粗薯条小份+盐酥鸡米花小份+奥尔良风情烤鸡肉一人食盒子披萨+小雪碧,,,,非会员,24,,,依据餐量提供餐具,,30.90,15.34,7.40,0.00,0,0,1.26,0.00,3.70,【活动支出】单品特价:0.40元+【活动支出】饿了么红包:0.00元+【活动支出】饿了么红包:7.00元+【活动支出】替用户承担配送费:3.7元,-,-,-,2.00,金华地区,金华加盟,,,否,-,平台配送
圣比萨（义乌佛堂店）,SBM00007,金华,"8051856088903810485	",饿了么,平台外卖,已完成,2025-10-22 15:31:22,2025-10-22 15:31:22,2025-10-22 15:31:23,饿了么支付-在线支付,,即时单,2025-10-22 15:31:22,9.12,自动出餐,1,否,"【随心双拼】双拼一人食盒子披萨[奥尔良风情+浓情芝士]（26.90*1）,餐盒（2.00*1）",双拼一人食盒子披萨【奥尔良风情烤鸡肉】+双拼一人食盒子披萨【浓情芝士】,,,,非会员,25,,,2份餐具,,26.90,9.86,10.40,0.00,0,0,1.04,0.00,3.20,【活动支出】单品特价:3.40元+【活动支出】饿了么红包:7.00元+【活动支出】替用户承担配送费:3.2元,-,-,-,2.00,金华地区,金华加盟,,,否,-,平台配送
圣比萨（义乌佛堂店）,SBM00007,金华,"8060050255018652958	",饿了么,平台外卖,已完成,2025-10-22 15:47:00,2025-10-22 15:47:00,2025-10-22 15:47:01,饿了么支付-在线支付,,即时单,2025-10-22 15:47:00,9.02,自动出餐,1,否,"奥尔良风情烤鸡肉一人食盒子披萨（26.90*1）,餐盒（1.00*1）",奥尔良风情烤鸡肉一人食盒子披萨,,,,非会员,26,,,"对商家
能不能给一双一次性筷子 / 依据餐量提供餐具",,26.90,7.86,11.40,0.00,0,0,1.04,0.00,3.70,【活动支出】单品特价:4.40元+【活动支出】 商家自营销加码:2.00元+【活动支出】饿了么红包:5.00元+【活动支出】替用户承担配送费:3.7元,-,-,-,1.00,金华地区,金华加盟,,,否,-,平台配送
圣比萨（义乌佛堂店）,SBM00007,金华,"8082546088926412128	",饿了么,平台外卖,已完成,2025-10-22 16:04:36,2025-10-22 16:04:36,2025-10-22 16:04:37,饿了么支付-在线支付,,即时单,2025-10-22 16:04:36,9.05,自动出餐,1,否,"【随心双拼】双拼一人食盒子披萨[热带雨林水果+北美乡村土豆培根]（26.90*1）,餐盒（2.00*1）",双拼一人食盒子披萨【热带雨林水果】+双拼一人食盒子披萨【北美乡村土豆培根】,,,,非会员,27,,,依据餐量提供餐具,,26.90,9.86,10.40,0.00,0,0,1.04,0.00,3.70,【活动支出】单品特价:3.40元+【活动支出】饿了么红包:7.00元+【活动支出】替用户承担配送费:3.7元,-,-,-,2.00,金华地区,金华加盟,,,否,-,平台配送
圣比萨（义乌佛堂店）,SBM00007,金华,"8050556088957756831	",饿了么,平台外卖,已完成,2025-10-22 16:33:02,2025-10-22 16:33:02,2025-10-22 16:33:02,饿了么支付-在线支付,,即时单,2025-10-22 16:33:02,9.13,自动出餐,1,否,"美式风味烤翅一对（8.00*1）,黄金脆粗薯条（8.00*1）,酥皮蛋挞1个（7.00*1）,浓情芝士一人食盒子披萨（24.90*1）,餐盒（2.50*1）",美式风情烤翅+黄金脆粗薯+蛋挞1个+浓情芝士一人食盒子披萨,,,,非会员,28,,,依据餐量提供餐具,,47.90,21.57,18.30,0.00,0,0,1.63,0.00,3.20,【活动支出】店铺满减:1.00元+【活动支出】单品特价:6.90元+【活动支出】单品特价:2.40元+【活动支出】 商家自营销加码:0.00元+【活动支出】饿了么红包:8.00元+【活动支出】替用户承担配送费:3.2元,-,-,-,2.50,金华地区,金华加盟,,,否,-,平台配送
圣比萨（义乌佛堂店）,SBM00007,金华,"8096996088934745474	",饿了么,平台外卖,已完成,2025-10-22 16:34:36,2025-10-22 16:34:36,2025-10-22 16:34:36,饿了么支付-在线支付,,预约单,2025-10-22 17:25:00,5.40,自动出餐,1,否,"点击右上角❤️收藏得小吃[上校鸡块2个]（7.00*1）,【随心双拼】双拼一人食盒子披萨[热带雨林水果+北美乡村土豆培根]（26.90*1）,酥皮蛋挞1个（7.00*1）,餐盒（3.00*1）",上校鸡块2个+双拼一人食盒子披萨【热带雨林水果】+双拼一人食盒子披萨【北美乡村土豆培根】+蛋挞1个,,,,非会员,29,,,依据餐量提供餐具,,40.90,11.36,24.20,0.00,0,0,1.04,0.00,2.70,【活动支出】单品特价:6.90元+【活动支出】单品特价:3.40元+【活动支出】单品特价:6.90元+【活动支出】 商家自营销加码:2.00元+【活动支出】饿了么红包:5.00元+【活动支出】替用户承担配送费:2.7元,-,-,-,3.00,金华地区,金华加盟,,,否,-,平台配送
圣比萨（义乌佛堂店）,SBM00007,金华,"8066440255033334081	",饿了么,平台外卖,已完成,2025-10-22 16:45:31,2025-10-22 16:45:31,2025-10-22 16:45:31,饿了么支付-在线支付,,即时单,2025-10-22 16:45:31,9.17,自动出餐,1,否,"【随心双拼】双拼一人食盒子披萨[浓情芝士+韩式咔滋炸鸡]（26.90*1）,餐盒（2.00*1）",双拼一人食盒子披萨【浓情芝士】+双拼一人食盒子披萨【韩式咔滋炸鸡】,,,,非会员,30,,,依据餐量提供餐具,,26.90,9.86,10.40,0.00,0,0,1.04,0.00,3.70,【活动支出】单品特价:3.40元+【活动支出】饿了么红包:7.00元+【活动支出】替用户承担配送费:3.7元,-,-,-,2.00,金华地区,金华加盟,,,否,-,平台配送
圣比萨（义乌佛堂店）,SBM00007,金华,"8038836088962057683	",饿了么,平台外卖,已完成,2025-10-22 16:49:34,2025-10-22 16:49:34,2025-10-22 16:49:34,饿了么支付-在线支付,,预约单,2025-10-22 17:40:00,5.43,自动出餐,1,否,"【随心双拼】双拼一人食盒子披萨[奥尔良风情+韩式咔滋炸鸡]（26.90*1）,餐盒（2.00*1）",双拼一人食盒子披萨【奥尔良风情烤鸡肉】+双拼一人食盒子披萨【韩式咔滋炸鸡】,,,,非会员,31,,,依据餐量提供餐具,,26.90,7.86,12.40,0.00,0,0,1.04,0.00,3.70,【活动支出】单品特价:3.40元+【活动支出】粉丝群:2.00元+【活动支出】饿了么红包:7.00元+【活动支出】替用户承担配送费:3.7元,-,-,-,2.00,金华地区,金华加盟,,,否,-,平台配送
圣比萨（义乌佛堂店）,SBM00007,金华,"8048100255044764935	",饿了么,平台外卖,已完成,2025-10-22 17:02:54,2025-10-22 17:02:54,2025-10-22 17:02:55,饿了么支付-在线支付,,即时单,2025-10-22 17:02:54,9.13,自动出餐,1,否,"【随心双拼】双拼一人食盒子披萨[韩式咔滋炸鸡+日式烧鸟风味]（26.90*1）,餐盒（2.00*1）",双拼一人食盒子披萨【韩式咔滋炸鸡】+双拼一人食盒子披萨【日式烧鸟风味】,,,,非会员,32,,,2份餐具,,26.90,11.96,10.40,0.00,0,0,1.04,0.00,2.20,【活动支出】单品特价:3.40元+【活动支出】饿了么红包:7.00元+【活动支出】替用户承担配送费:2.2元,-,-,-,2.00,金华地区,金华加盟,,,否,-,平台配送
圣比萨（义乌佛堂店）,SBM00007,金华,"8001470254967344473	",饿了么,平台外卖,已完成,2025-10-22 17:07:40,2025-10-22 17:07:40,2025-10-22 17:07:41,饿了么支付-在线支付,,即时单,2025-10-22 17:07:40,9.13,自动出餐,1,否,"【任选1+3】一人食意面随心配（31.90*1）,餐盒（2.00*1）",蛋挞1个+黄金脆粗薯条小份+盐酥鸡米花小份+意式经典肉酱意面,,,,非会员,33,,,依据餐量提供餐具,,31.90,16.92,8.40,0.00,0,0,1.28,0.00,2.70,【活动支出】单品特价:1.40元+【活动支出】饿了么红包:7.00元+【活动支出】替用户承担配送费:2.7元,-,-,-,2.00,金华地区,金华加盟,,,否,-,平台配送
圣比萨（义乌佛堂店）,SBM00007,金华,"8031886088998920576	",饿了么,平台外卖,已完成,2025-10-22 17:52:03,2025-10-22 17:52:03,2025-10-22 17:52:04,饿了么支付-在线支付,,即时单,2025-10-22 17:52:03,10.07,自动出餐,1,否,"点击右上角❤️收藏得小吃[墨鱼丸1个]（7.00*1）,日式烧鸟风味一人食盒子披萨（24.90*1）,酥皮蛋挞1个（7.00*1）,餐盒（3.00*1）",深海墨鱼丸1个+日式烧鸟风味一人食盒子披萨+蛋挞1个,,,,非会员,34,,,依据餐量提供餐具,,38.90,10.06,23.20,0.00,0,0,1.04,0.00,3.20,【活动支出】单品特价:6.90元+【活动支出】单品特价:2.40元+【活动支出】单品特价:6.90元+【活动支出】饿了么红包:7.00元+【活动支出】替用户承担配送费:3.2元,-,-,-,3.00,金华地区,金华加盟,,,否,-,平台配送
圣比萨（义乌佛堂店）,SBM00007,金华,"8096140255170502049	",饿了么,平台外卖,已完成,2025-10-22 17:59:22,2025-10-22 17:59:22,2025-10-22 17:59:22,饿了么支付-在线支付,,即时单,2025-10-22 17:59:22,10.12,自动出餐,1,否,"【随心双拼】双拼一人食盒子披萨[韩式咔滋炸鸡+奥尔良风情]（26.90*1）,餐盒（2.00*1）",双拼一人食盒子披萨【韩式咔滋炸鸡】+双拼一人食盒子披萨【奥尔良风情烤鸡肉】,,,,非会员,35,,,1份餐具,,26.90,9.46,12.40,0.00,0,0,1.04,0.00,2.70,【活动支出】单品特价:3.40元+【活动支出】粉丝群:2.00元+【活动支出】饿了么红包:7.00元+【活动支出】替用户承担配送费:2.7元,-,-,-,2.00,金华地区,金华加盟,,,否,-,平台配送
圣比萨（义乌佛堂店）,SBM00007,金华,"8016616089036162547	",饿了么,平台外卖,已完成,2025-10-22 18:47:39,2025-10-22 18:47:39,2025-10-22 18:47:39,饿了么支付-在线支付,,即时单,2025-10-22 18:47:39,10.15,自动出餐,1,否,"【任选1+3】手握披萨随心配（31.90*1）,餐盒（2.00*1）",黄金脆粗薯条小份+锅巴土豆+深海墨鱼丸3个+日式烧鸟风味一人食盒子披萨,,,,非会员,36,,,依据餐量提供餐具,,31.90,15.34,8.40,0.00,0,0,1.26,0.00,3.20,【活动支出】单品特价:1.40元+【活动支出】饿了么红包:7.00元+【活动支出】替用户承担配送费:3.2元,-,-,-,2.00,金华地区,金华加盟,,,否,-,平台配送
圣比萨（义乌佛堂店）,SBM00007,金华,"8018130255026820448	",饿了么,平台外卖,已完成,2025-10-22 18:47:41,2025-10-22 18:47:41,2025-10-22 18:47:41,饿了么支付-在线支付,,预约单,2025-10-22 19:55:00,22.47,自动出餐,1,否,"意式经典肉酱意面（27.50*1）,餐盒（1.00*1）",意式经典肉酱意面,,,,非会员,37,,,2份餐具,,27.50,8.86,11.00,0.00,0,0,1.04,0.00,3.20,【活动支出】单品特价:4.00元+【活动支出】 商家自营销加码:2.00元+【活动支出】饿了么红包:5.00元+【活动支出】替用户承担配送费:3.2元,-,-,-,1.00,金华地区,金华加盟,,,否,-,平台配送
圣比萨（义乌佛堂店）,SBM00007,金华,"8066270255110716681	",饿了么,平台外卖,已完成,2025-10-22 18:56:02,2025-10-22 18:56:02,2025-10-22 18:56:02,饿了么支付-在线支付,,即时单,2025-10-22 18:56:02,10.08,自动出餐,1,否,"浓情芝士一人食盒子披萨（24.90*1）,餐盒（2.00*1）",浓情芝士一人食盒子披萨,,,,非会员,38,,,依据餐量提供餐具,,24.90,10.96,9.40,0.00,0,0,1.04,0.00,2.20,【活动支出】单品特价:2.40元+【活动支出】 商家自营销加码:2.00元+【活动支出】饿了么红包:5.00元+【活动支出】替用户承担配送费:2.2元,-,-,-,2.00,金华地区,金华加盟,,,否,-,平台配送
圣比萨（义乌佛堂店）,SBM00007,金华,"8031340255110774145	",饿了么,平台外卖,已完成,2025-10-22 18:59:31,2025-10-22 18:59:31,2025-10-22 18:59:32,饿了么支付-在线支付,,即时单,2025-10-22 18:59:31,10.18,自动出餐,1,否,"【任选1+3】手握披萨随心配（31.90*1）,餐盒（2.00*1）",蛋挞1个+黄金脆粗薯条小份+美式黑椒鸡块3只+韩式咔滋炸鸡一人食盒子披萨,,,,非会员,39,,,对骑手 / 依据餐量提供餐具,,31.90,15.34,8.40,0.00,0,0,1.26,0.00,3.70,【活动支出】单品特价:1.40元+【活动支出】饿了么红包:7.00元+【活动支出】替用户承担配送费:3.7元,-,-,-,2.00,金华地区,金华加盟,,,否,-,平台配送
圣比萨（义乌佛堂店）,SBM00007,金华,"8041576089076557255	",饿了么,平台外卖,已完成,2025-10-22 20:34:24,2025-10-22 20:34:24,2025-10-22 20:34:25,饿了么支付-在线支付,,即时单,2025-10-22 20:34:24,9.12,自动出餐,1,否,"奥尔良风情烤鸡肉一人食盒子披萨（26.90*1）,酥皮蛋挞1个（7.00*1）,餐盒（1.50*1）",奥尔良风情烤鸡肉一人食盒子披萨+蛋挞1个,,,,非会员,40,,,依据餐量提供餐具,,33.90,10.56,18.30,0.00,0,0,1.04,0.00,2.20,【活动支出】单品特价:4.40元+【活动支出】单品特价:6.90元+【活动支出】 商家自营销加码:2.00元+【活动支出】饿了么红包:5.00元+【活动支出】替用户承担配送费:2.2元,-,-,-,1.50,金华地区,金华加盟,,,否,-,平台配送
圣比萨（义乌佛堂店）,SBM00007,金华,"8056766089057328404	",饿了么,平台外卖,已完成,2025-10-22 20:41:01,2025-10-22 20:41:01,2025-10-22 20:41:02,饿了么支付-在线支付,,即时单,2025-10-22 20:41:01,9.22,自动出餐,1,否,"美式风味烤翅一对（8.00*1）,酥皮蛋挞1个（7.00*1）,榴莲多多一人食盒子披萨（30.90*1）,餐盒（1.50*1）",美式风情烤翅+蛋挞1个+榴莲多多一人食盒子披萨,,,,非会员,41,,,依据餐量提供餐具,,45.90,18.74,18.30,0.00,0,0,1.46,0.00,3.20,【活动支出】单品特价:6.90元+【活动支出】单品特价:4.40元+【活动支出】 商家自营销加码:2.00元+【活动支出】饿了么红包:5.00元+【活动支出】替用户承担配送费:3.2元,-,-,-,1.50,金华地区,金华加盟,,,否,-,平台配送
圣比萨（义乌佛堂店）,SBM00007,金华,"8035566089036172783	",饿了么,平台外卖,已完成,2025-10-22 21:20:58,2025-10-22 21:20:58,2025-10-22 21:20:58,饿了么支付-在线支付,,即时单,2025-10-22 21:20:58,9.17,自动出餐,1,否,"【任选1+1+1】一人食光披萨套餐（28.90*1）,餐盒（2.00*1）",深海墨鱼丸3个+可乐+奥尔良风情烤鸡肉一人食盒子披萨,,,,非会员,42,,,依据餐量提供餐具,,28.90,11.36,10.40,0.00,0,0,1.04,0.00,5.70,【活动支出】单品特价:1.40元+【活动支出】粉丝群:2.00元+【活动支出】饿了么红包:7.00元+【活动支出】替用户承担配送费:5.7元,-,-,-,2.00,金华地区,金华加盟,,,否,-,平台配送
圣比萨（义乌佛堂店）,SBM00007,金华,"8066400255273218430	",饿了么,平台外卖,已完成,2025-10-22 21:29:10,2025-10-22 21:29:10,2025-10-22 21:29:10,饿了么支付-在线支付,,即时单,2025-10-22 21:29:10,9.08,自动出餐,1,否,"美式风味烤翅一对（8.00*1）,【随心双拼】双拼一人食盒子披萨[奥尔良风情+浓情芝士]（26.90*1）,餐盒（2.00*1）",美式风情烤翅+双拼一人食盒子披萨【奥尔良风情烤鸡肉】+双拼一人食盒子披萨【浓情芝士】,,,,非会员,43,,,依据餐量提供餐具,,34.90,13.90,12.40,0.00,0,0,1.20,0.00,5.20,【活动支出】单品特价:3.40元+【活动支出】粉丝群:2.00元+【活动支出】饿了么红包:7.00元+【活动支出】替用户承担配送费:5.2元,-,-,-,2.00,金华地区,金华加盟,,,否,-,平台配送
圣比萨（义乌佛堂店）,SBM00007,金华,"8099060255191704863	",饿了么,平台外卖,已完成,2025-10-22 22:10:53,2025-10-22 22:10:53,2025-10-22 22:10:53,饿了么支付-在线支付,,即时单,2025-10-22 22:10:53,9.03,自动出餐,1,否,"奥尔良风情烤鸡肉一人食盒子披萨（26.90*1）,餐盒（1.00*1）",奥尔良风情烤鸡肉一人食盒子披萨,,,,非会员,44,,,依据餐量提供餐具,,26.90,8.66,11.40,0.00,0,0,1.04,0.00,4.20,【活动支出】单品特价:4.40元+【活动支出】 商家自营销加码:2.00元+【活动支出】饿了么红包:5.00元+【活动支出】替用户承担配送费:4.2元,-,-,-,1.00,金华地区,金华加盟,,,否,-,平台配送
圣比萨（义乌佛堂店）,SBM00007,金华,"8099060255283981604	",饿了么,平台外卖,已完成,2025-10-22 22:11:43,2025-10-22 22:11:43,2025-10-22 22:11:44,饿了么支付-在线支付,,即时单,2025-10-22 22:11:43,9.17,自动出餐,1,否,"奥尔良风情烤鸡肉一人食盒子披萨（26.90*1）,餐盒（1.00*1）",奥尔良风情烤鸡肉一人食盒子披萨,,,,非会员,45,,,依据餐量提供餐具,,26.90,8.66,11.40,0.00,0,0,1.04,0.00,4.20,【活动支出】单品特价:4.40元+【活动支出】 商家自营销加码:2.00元+【活动支出】饿了么红包:5.00元+【活动支出】替用户承担配送费:4.2元,-,-,-,1.00,金华地区,金华加盟,,,否,-,平台配送
圣比萨（义乌佛堂店）,SBM00007,金华,"8070826089107041700	",饿了么,平台外卖,已退款,2025-10-22 22:20:34,2025-10-22 22:20:34,2025-10-22 22:20:34,饿了么支付-在线支付,,即时单,2025-10-22 22:20:34,,未出餐,1,否,"【随心拼】9英寸披萨[烟熏培根鸡肉+招牌大满贯]（41.90*1）,奶酪芝士卷边（9英寸）（6.90*1）,餐盒（2.00*1）",双拼9寸【鸡肉培根口味9】+双拼9寸【圣比招牌口味9】+奶酪芝士卷边9,,,,非会员,46,,,放门口就行，不用敲门 / 1份餐具,订单强制无效（商家主动取消已接订单、用户1分钟内取消),48.80,-2.27,14.40,27.40,0,0,1.87,0.00,4.20,【活动支出】店铺满减:1.00元+【活动支出】单品特价:4.40元+【活动支出】饿了么红包:9.00元+【活动支出】替用户承担配送费:4.2元,-,-,-,2.00,金华地区,金华加盟,,,否,-,平台配送
圣比萨（义乌佛堂店）,SBM00007,金华,"8096480255292513608	",饿了么,平台外卖,已退款,2025-10-22 22:49:24,2025-10-22 22:49:24,2025-10-22 22:49:25,饿了么支付-在线支付,,即时单,2025-10-22 22:49:24,9.03,自动出餐,1,否,"【随心双拼】双拼一人食盒子披萨[日式烧鸟风味+东大风味香肠]（26.90*1）,餐盒（2.00*1）",双拼一人食盒子披萨【日式烧鸟风味】+双拼一人食盒子披萨【东大风味香肠】,,,,非会员,47,,,依据餐量提供餐具,"餐厅同意取消单 ",26.90,-3.14,12.40,10.50,0,0,1.04,0.00,5.70,【活动支出】单品特价:3.40元+【活动支出】粉丝群:2.00元+【活动支出】饿了么红包:7.00元+【活动支出】替用户承担配送费:5.7元,-,-,-,2.00,金华地区,金华加盟,,,否,-,平台配送
圣比萨（雪景店）,SBS00006,温州,"8060886088822974911	",饿了么,平台外卖,已完成,2025-10-22 11:17:51,2025-10-22 11:17:51,2025-10-22 11:17:51,饿了么支付-在线支付,,即时单,2025-10-22 11:17:51,12.18,自动出餐,1,否,"缤纷水果披萨-7英寸(手拍)[{""name"":""规格"",""value"":""7英寸(手拍)""}]（42.00*1）",缤纷水果披萨,,,,非会员,1,,,依据餐量提供餐具,,42.00,11.52,23.70,0.00,0,0,1.43,0.00,3.50,【活动支出】单品特价:23.70元+【活动支出】替用户承担配送费:3.5元,-,-,-,0.00,温州区域,温州直营,,,否,-,平台配送
圣比萨（雪景店）,SBS00006,温州,"8075050254823371094	",饿了么,平台外卖,已完成,2025-10-22 11:30:53,2025-10-22 11:30:53,2025-10-22 11:30:54,饿了么支付-在线支付,,即时单,2025-10-22 11:30:53,12.10,自动出餐,1,否,"【披萨任选】披萨8选1+小吃5选2+饮品[浪漫威尼斯披萨7英寸+上校鸡块4个+深海墨鱼丸3个+小可乐]（61.00*1）,餐盒（2.00*1）",浪漫威尼斯披萨【7英寸(手拍)】+上校鸡块+深海墨鱼丸3个+小可乐,,,,非会员,2,,,依据餐量提供餐具,,61.00,21.33,33.10,0.00,0,0,2.02,0.00,3.50,【活动支出】单品特价:26.10元+【活动支出】饿了么红包:7.00元+【活动支出】替用户承担配送费:3.5元,-,-,-,2.00,温州区域,温州直营,,,否,-,平台配送
圣比萨（雪景店）,SBS00006,温州,"8053806088806213891	",饿了么,平台外卖,已完成,2025-10-22 12:04:42,2025-10-22 12:04:42,2025-10-22 12:04:42,饿了么支付-在线支付,,即时单,2025-10-22 12:04:42,12.07,自动出餐,1,否,"榴莲王披萨-7英寸（经典手拍)[{""name"":""规格"",""value"":""7英寸（经典手拍)""}]（52.00*1）",榴莲王披萨,,,,非会员,3,,,依据餐量提供餐具,,52.00,21.98,21.40,0.00,0,0,2.07,0.00,3.50,【活动支出】单品特价:21.40元+【活动支出】替用户承担配送费:3.5元,-,-,-,0.00,温州区域,温州直营,,,否,-,平台配送
圣比萨（雪景店）,SBS00006,温州,"8084160254934028656	",饿了么,平台外卖,已完成,2025-10-22 12:09:21,2025-10-22 12:09:21,2025-10-22 12:09:22,饿了么支付-在线支付,,即时单,2025-10-22 12:09:21,12.07,自动出餐,1,否,手握三选一-单点[奥尔良]（20.00*1）,奥尔良风情烤鸡肉一人食盒子披萨,,,,非会员,4,,,1份餐具,,20.00,10.00,0.00,0.00,0,0,0.00,0.00,,【活动支出】爆品团通吃券:0.00元,-,-,-,0.00,温州区域,温州直营,,,否,-,平台配送
圣比萨（雪景店）,SBS00006,温州,"8042340255034893645	",饿了么,平台外卖,已完成,2025-10-22 12:13:17,2025-10-22 12:13:17,2025-10-22 12:13:17,饿了么支付-在线支付,,即时单,2025-10-22 12:13:17,12.00,自动出餐,1,否,7寸日系照烧鸡披萨-单点（22.00*1）,日系照烧鸡披萨【7英寸(手拍)】,,,,非会员,5,,,依据餐量提供餐具,,22.00,12.00,0.00,0.00,0,0,0.00,0.00,,【活动支出】拼团反圈活动:0.00元,-,-,-,0.00,温州区域,温州直营,,,否,-,平台配送
圣比萨（雪景店）,SBS00006,温州,"8057726088847995293	",饿了么,平台外卖,已完成,2025-10-22 13:31:35,2025-10-22 13:31:35,2025-10-22 13:31:36,饿了么支付-在线支付,,即时单,2025-10-22 13:31:35,10.02,自动出餐,1,否,"披萨随心配（60.40*1）,餐盒（2.00*1）",地道肠1根+上校鸡块2个+深海墨鱼丸2个+新奥尔良烤鸡肉披萨(7英寸(手拍)),,,,非会员,6,,,依据餐量提供餐具,,60.40,17.31,37.50,0.00,0,0,1.64,0.00,3.50,【活动支出】单品特价:30.50元+【活动支出】饿了么红包:7.00元+【活动支出】替用户承担配送费:3.5元,-,-,-,2.00,温州区域,温州直营,,,否,-,平台配送
圣比萨（雪景店）,SBS00006,温州,"8046060254991917394	",饿了么,平台外卖,已完成,2025-10-22 13:40:42,2025-10-22 13:40:42,2025-10-22 13:40:42,饿了么支付-在线支付,,即时单,2025-10-22 13:40:42,10.12,自动出餐,1,否,"7英寸披萨买一送一[圣比招牌披萨7英寸+缤纷水果披萨7英寸]（86.80*1）,餐盒（2.00*1）",大圣招牌大满贯披萨【7英寸(手拍)】+缤纷水果披萨【7英寸(手拍)】,,,,非会员,7,,,依据餐量提供餐具,,86.80,26.28,52.90,0.00,0,0,2.47,0.00,3.50,【活动支出】店铺满减:1.00元+【活动支出】单品特价:39.90元+【活动支出】饿了么红包:12.00元+【活动支出】替用户承担配送费:3.5元,-,-,-,2.00,温州区域,温州直营,,,否,-,平台配送
圣比萨（雪景店）,SBS00006,温州,"8082150254976166225	",饿了么,平台外卖,已完成,2025-10-22 13:41:52,2025-10-22 13:41:52,2025-10-22 13:41:53,饿了么支付-在线支付,,即时单,2025-10-22 13:41:52,10.07,自动出餐,1,否,"【披萨任选】披萨8选1+小吃5选2+饮品[碳烤鸡肉培根7英寸+地道肠1根+金丝鸡排+小可乐]（61.00*1）,奶酪芝士卷边（7英寸）（4.90*1）,餐盒（2.00*1）",碳烤鸡肉培根披萨【7英寸(手拍)】+地道肠【1根】+金丝鸡排+小可乐+奶酪芝士卷边7,,,,非会员,8,,,楼下门铃坏了，没人开门就放楼下桌上，拍照 / 依据餐量提供餐具,,65.90,24.01,35.10,0.00,0,0,2.24,0.00,3.50,【活动支出】店铺满减:1.00元+【活动支出】单品特价:26.10元+【活动支出】饿了么红包:8.00元+【活动支出】替用户承担配送费:3.5元,-,-,-,2.00,温州区域,温州直营,,,否,-,平台配送
圣比萨（雪景店）,SBS00006,温州,"8041240254921639221	",饿了么,平台外卖,已完成,2025-10-22 14:40:48,2025-10-22 14:40:48,2025-10-22 14:40:48,饿了么支付-在线支付,,即时单,2025-10-22 14:40:48,10.03,自动出餐,1,否,"黑椒牛肉芝士焗饭（52.00*1）,餐盒（1.00*1）",黑椒牛肉芝士焗饭,,,,非会员,9,,,米饭多点米饭多点 / 依据餐量提供餐具,,52.00,15.12,31.10,0.00,0,0,1.43,0.00,3.50,【活动支出】单品特价:24.10元+【活动支出】 商家自营销加码:2.00元+【活动支出】饿了么红包:5.00元+【活动支出】替用户承担配送费:3.5元,-,-,-,1.00,温州区域,温州直营,,,否,-,平台配送
圣比萨（雪景店）,SBS00006,温州,"8041240254921654659	",饿了么,平台外卖,已完成,2025-10-22 14:41:42,2025-10-22 14:41:42,2025-10-22 14:41:43,饿了么支付-在线支付,,即时单,2025-10-22 14:41:42,10.03,自动出餐,1,否,"碳烤鸡肉芝士焗饭（52.00*1）,餐盒（1.00*1）",碳烤鸡肉芝士焗饭,,,,非会员,10,,,米饭多点米饭多点 / 依据餐量提供餐具,,52.00,15.12,31.10,0.00,0,0,1.43,0.00,3.50,【活动支出】单品特价:24.10元+【活动支出】饿了么红包:7.00元+【活动支出】替用户承担配送费:3.5元,-,-,-,1.00,温州区域,温州直营,,,否,-,平台配送
圣比萨（雪景店）,SBS00006,温州,"8042200255014301029	",饿了么,平台外卖,已完成,2025-10-22 15:30:11,2025-10-22 15:30:11,2025-10-22 15:30:11,饿了么支付-在线支付,,即时单,2025-10-22 15:30:11,10.18,自动出餐,1,否,"【爆款精品】人气披萨3选1-7英寸[海苔肉松披萨7英寸][{""name"":""规格"",""value"":""7英寸""}]（42.00*1）,餐盒（2.00*1）",爆款人气披萨二选一,,,,非会员,11,,,依据餐量提供餐具,,42.00,14.12,23.10,0.00,0,0,1.43,0.00,3.50,【活动支出】单品特价:16.10元+【活动支出】饿了么红包:7.00元+【活动支出】替用户承担配送费:3.5元,-,-,-,2.00,温州区域,温州直营,,,否,-,平台配送
圣比萨（雪景店）,SBS00006,温州,"8097010255137761673	",饿了么,平台外卖,已完成,2025-10-22 16:55:47,2025-10-22 16:55:47,2025-10-22 16:55:47,饿了么支付-在线支付,,即时单,2025-10-22 16:55:47,10.18,自动出餐,1,否,手握三选一-单点[奥尔良]（20.00*1）,奥尔良风情烤鸡肉一人食盒子披萨,,,,非会员,12,,,依据餐量提供餐具,,20.00,10.00,0.00,0.00,0,0,0.00,0.00,,【活动支出】爆品团通吃券:0.00元,-,-,-,0.00,温州区域,温州直营,,,否,-,平台配送
圣比萨（雪景店）,SBS00006,温州,"8043430255155711272	",饿了么,平台外卖,已完成,2025-10-22 17:26:07,2025-10-22 17:26:07,2025-10-22 17:26:08,饿了么支付-在线支付,,即时单,2025-10-22 17:26:07,10.05,自动出餐,1,否,"【披萨任选】披萨8选1+小吃5选2+饮品[奥尔良鸡肉披萨7英寸+墨鱼丸3个+深海墨鱼丸3个+小可乐]（61.00*1）,点击右上角❤️收藏得小吃[墨鱼丸1个]（5.00*1）,【新客福利】蛋挞1个（5.00*1）,餐盒（3.50*1）",新奥尔良烤鸡肉披萨【7英寸(手拍)】+深海墨鱼丸3个+深海墨鱼丸3个+小可乐+深海墨鱼丸1个+蛋挞1个,,,,非会员,13,,,依据餐量提供餐具,,71.00,21.88,44.01,0.00,0,0,2.06,0.00,3.50,【活动支出】店铺满减:1.00元+【活动支出】单品特价:26.10元+【活动支出】单品特价:4.01元+【活动支出】饿了么红包:8.00元+【活动支出】精准营销:4.90元+【活动支出】替用户承担配送费:3.5元,-,-,-,3.50,温州区域,温州直营,,,否,-,平台配送
圣比萨（雪景店）,SBS00006,温州,"8021816088938297851	",饿了么,平台外卖,已完成,2025-10-22 17:39:13,2025-10-22 17:39:13,2025-10-22 17:39:14,饿了么支付-在线支付,,即时单,2025-10-22 17:39:13,12.17,自动出餐,1,否,"披萨随心配（65.30*1）,餐盒（2.00*1）",地道肠1根+深海墨鱼丸2个+盐酥鸡米花小份+新奥尔良烤鸡肉披萨(7英寸(手拍)),,,,非会员,14,,,2份餐具,,65.30,18.51,38.50,0.00,0,0,1.94,0.00,5.60,【活动支出】单品特价:30.50元+【活动支出】 商家自营销加码:0.00元+【活动支出】饿了么红包:8.00元+【活动支出】替用户承担配送费:5.6元,-,-,-,2.00,温州区域,温州直营,,,否,-,平台配送
圣比萨（雪景店）,SBS00006,温州,"8074616088969578985	",饿了么,平台外卖,已完成,2025-10-22 17:47:13,2025-10-22 17:47:13,2025-10-22 17:47:14,饿了么支付-在线支付,,即时单,2025-10-22 17:47:13,12.07,自动出餐,1,否,"缤纷水果披萨-7英寸(手拍)[{""name"":""规格"",""value"":""7英寸(手拍)""}]（42.00*1）,餐盒（1.00*1）",缤纷水果披萨,,,,非会员,15,,,1份餐具,,42.00,12.22,23.10,0.00,0,0,1.43,0.00,4.50,【活动支出】单品特价:16.10元+【活动支出】 商家自营销加码:2.00元+【活动支出】饿了么红包:5.00元+【活动支出】替用户承担配送费:4.5元,-,-,-,1.00,温州区域,温州直营,,,否,-,平台配送
圣比萨（雪景店）,SBS00006,温州,"8074616088944269584	",饿了么,平台外卖,已完成,2025-10-22 17:48:20,2025-10-22 17:48:20,2025-10-22 17:48:20,饿了么支付-在线支付,,即时单,2025-10-22 17:48:20,12.07,自动出餐,1,否,"纯芝士披萨7英寸[7英寸]（42.99*1）,餐盒（2.00*1）",金牌芝士披萨【7英寸(手拍)】,,,,非会员,16,,,1份餐具,,42.99,12.22,25.09,0.00,0,0,1.43,0.00,4.50,【活动支出】单品特价:21.09元+【活动支出】饿了么红包:4.00元+【活动支出】替用户承担配送费:4.5元,-,-,-,2.00,温州区域,温州直营,,,否,-,平台配送
圣比萨（雪景店）,SBS00006,温州,"8005866088966171911	",饿了么,平台外卖,已完成,2025-10-22 17:50:19,2025-10-22 17:50:19,2025-10-22 17:50:19,饿了么支付-在线支付,,即时单,2025-10-22 17:50:19,12.22,自动出餐,1,否,"点击右上角❤️收藏得小吃[上校鸡块2个]（5.00*1）,蛋挞一个（原味）（5.00*1）,招牌肉酱芝士焗饭（52.00*1）,餐盒（2.50*1）",上校鸡块2个+蛋挞1个+招牌肉酱芝士焗饭,,,,非会员,17,,,依据餐量提供餐具,,62.00,19.63,37.09,0.00,0,0,1.83,0.00,3.50,【活动支出】单品特价:4.99元+【活动支出】单品特价:24.10元+【活动支出】超会爆红包省钱包:8.00元+【活动支出】替用户承担配送费:3.5元,-,-,-,2.50,温州区域,温州直营,,,否,-,平台配送
圣比萨（雪景店）,SBS00006,温州,"8057756088976285131	",饿了么,平台外卖,已完成,2025-10-22 17:56:41,2025-10-22 17:56:41,2025-10-22 17:56:41,饿了么支付-在线支付,,即时单,2025-10-22 17:56:41,12.22,自动出餐,1,否,"牛肉蘑菇披萨-12英寸(经典手拍)[{""name"":""规格"",""value"":""12英寸(经典手拍)""}]（109.00*1）,餐盒（2.00*1）",炙热牛魔王披萨,,,,非会员,18,,,依据餐量提供餐具,,109.00,32.48,67.10,0.00,0,0,3.07,0.00,3.50,【活动支出】店铺满减:6.00元+【活动支出】单品特价:47.10元+【活动支出】订单集点返红包:5.00元+【活动支出】饿了么红包:9.00元+【活动支出】替用户承担配送费:3.5元,-,-,-,2.00,温州区域,温州直营,,,否,-,平台配送
圣比萨（雪景店）,SBS00006,温州,"8063646088955695376	",饿了么,平台外卖,已完成,2025-10-22 18:02:24,2025-10-22 18:02:24,2025-10-22 18:02:25,饿了么支付-在线支付,,即时单,2025-10-22 18:02:24,12.08,自动出餐,1,否,"意面随心配（58.80*1）,餐盒（2.00*1）",地道肠1根+蛋挞1个+盐酥鸡米花小份+番茄牛肉意面,,,,非会员,19,,,依据餐量提供餐具,,58.80,15.12,38.90,0.00,0,0,1.43,0.00,3.50,【活动支出】单品特价:31.90元+【活动支出】饿了么红包:7.00元+【活动支出】替用户承担配送费:3.5元,-,-,-,2.00,温州区域,温州直营,,,否,-,平台配送
圣比萨（雪景店）,SBS00006,温州,"8094460255082076660	",饿了么,平台外卖,已完成,2025-10-22 18:08:26,2025-10-22 18:08:26,2025-10-22 18:08:26,饿了么支付-在线支付,,即时单,2025-10-22 18:08:26,12.17,自动出餐,1,否,"9寸披萨随❤️双拼[奥尔良+水果]（80.00*1）,餐盒（2.00*1）",双拼9寸【奥尔良口味9】+双拼9寸【缤纷水果口味9】,,,,非会员,20,,,依据餐量提供餐具,,80.00,24.43,48.10,0.00,0,0,2.32,0.00,3.50,【活动支出】店铺满减:1.00元+【活动支出】单品特价:40.10元+【活动支出】 商家自营销加码:2.00元+【活动支出】饿了么红包:5.00元+【活动支出】替用户承担配送费:3.5元,-,-,-,2.00,温州区域,温州直营,,,否,-,平台配送
圣比萨（雪景店）,SBS00006,温州,"8070956089009323448	",饿了么,平台外卖,已完成,2025-10-22 18:53:37,2025-10-22 18:53:37,2025-10-22 18:53:37,饿了么支付-在线支付,,即时单,2025-10-22 18:53:37,12.22,自动出餐,1,否,"缤纷水果披萨-7英寸(手拍)[{""name"":""规格"",""value"":""7英寸(手拍)""}]（42.00*1）,餐盒（1.00*1）",缤纷水果披萨,,,,非会员,21,,,1份餐具,,42.00,13.12,23.10,0.00,0,0,1.43,0.00,3.50,【活动支出】单品特价:16.10元+【活动支出】饿了么红包:7.00元+【活动支出】替用户承担配送费:3.5元,-,-,-,1.00,温州区域,温州直营,,,否,-,平台配送
圣比萨（雪景店）,SBS00006,温州,"8051250255035832585	",饿了么,平台外卖,已完成,2025-10-22 19:11:17,2025-10-22 19:11:17,2025-10-22 19:11:17,饿了么支付-在线支付,,即时单,2025-10-22 19:11:17,12.17,自动出餐,1,否,"纯芝士披萨7英寸[7英寸]（42.99*1）,经典薯条（18.00*1）,餐盒（4.00*1）",金牌芝士披萨【7英寸(手拍)】+经典薯条,,,,非会员,22,,,1份餐具,,60.99,19.99,37.19,0.00,0,0,1.86,0.00,3.50,【活动支出】单品特价:21.09元+【活动支出】单品特价:9.10元+【活动支出】饿了么红包:7.00元+【活动支出】替用户承担配送费:3.5元,-,-,-,4.00,温州区域,温州直营,,,否,-,平台配送
圣比萨（雪景店）,SBS00006,温州,"8095020255131042193	",饿了么,平台外卖,已完成,2025-10-22 19:18:23,2025-10-22 19:18:23,2025-10-22 19:18:23,饿了么支付-在线支付,,即时单,2025-10-22 19:18:23,12.23,自动出餐,1,否,手握三选一-单点[日式照烧]（20.00*1）,日式烧鸟风味一人食盒子披萨,,,,非会员,23,,,依据餐量提供餐具,,20.00,10.00,0.00,0.00,0,0,0.00,0.00,,【活动支出】拼团反圈活动:0.00元,-,-,-,0.00,温州区域,温州直营,,,否,-,平台配送
圣比萨（雪景店）,SBS00006,温州,"8074150255046664697	",饿了么,平台外卖,已完成,2025-10-22 19:48:30,2025-10-22 19:48:30,2025-10-22 19:48:30,饿了么支付-在线支付,,即时单,2025-10-22 19:48:30,10.17,自动出餐,1,否,"缤纷水果披萨-7英寸(手拍)[{""name"":""规格"",""value"":""7英寸(手拍)""}]（42.00*2）,奶酪芝士卷边（7英寸）（4.90*2）,餐盒（2.00*1）",缤纷水果披萨+奶酪芝士卷边7,,,,非会员,24,,,依据餐量提供餐具,,93.80,36.23,47.20,0.00,0,0,3.42,0.00,4.00,【活动支出】店铺满减:6.00元+【活动支出】单品特价:32.20元+【活动支出】饿了么红包:9.00元+【活动支出】替用户承担配送费:4.0元,-,-,-,2.00,温州区域,温州直营,,,否,-,平台配送
圣比萨（雪景店）,SBS00006,温州,"8056836089046805867	",饿了么,平台外卖,已完成,2025-10-22 20:07:43,2025-10-22 20:07:43,2025-10-22 20:07:44,饿了么支付-在线支付,,即时单,2025-10-22 20:07:43,10.23,自动出餐,1,否,"【披萨任选】披萨8选1+小吃5选2+饮品[缤纷水果披萨7英寸+墨鱼丸3个+上校鸡块4个+小可乐]（61.00*1）,餐盒（2.00*1）",缤纷水果披萨【7英寸(手拍)】+深海墨鱼丸3个+上校鸡块+小可乐,,,,非会员,25,,,依据餐量提供餐具,,61.00,20.41,34.10,0.00,0,0,1.94,0.00,3.50,【活动支出】单品特价:26.10元+【活动支出】饿了么红包:8.00元+【活动支出】替用户承担配送费:3.5元,-,-,-,2.00,温州区域,温州直营,,,否,-,平台配送
圣比萨（雪景店）,SBS00006,温州,"8007766089065695594	",饿了么,平台外卖,已完成,2025-10-22 21:07:48,2025-10-22 21:07:48,2025-10-22 21:07:48,饿了么支付-在线支付,,即时单,2025-10-22 21:07:48,10.03,自动出餐,1,否,"上校鸡块（12.00*1）,深海墨鱼丸-3个[{""name"":""规格"",""value"":""3个""}]（10.60*1）,7英寸披萨买一送一[碳烤鸡肉培根7英寸+浪漫威尼斯披萨7英寸]（86.80*1）,餐盒（4.00*1）",上校鸡块+深海墨鱼丸+碳烤鸡肉培根披萨【7英寸(手拍)】+浪漫威尼斯披萨【7英寸(手拍)】,,,,非会员,26,,,依据餐量提供餐具,,109.40,35.82,64.70,0.00,0,0,3.43,0.00,5.60,【活动支出】店铺满减:6.00元+【活动支出】单品特价:6.10元+【活动支出】单品特价:4.70元+【活动支出】单品特价:39.90元+【活动支出】饿了么红包:8.00元+【活动支出】替用户承担配送费:5.6元,-,-,-,4.00,温州区域,温州直营,,,否,-,平台配送
圣比萨（雪景店）,SBS00006,温州,"8007766089040407831	",饿了么,平台外卖,已完成,2025-10-22 21:16:12,2025-10-22 21:16:12,2025-10-22 21:16:12,饿了么支付-在线支付,,即时单,2025-10-22 21:16:12,10.17,自动出餐,1,否,"【披萨任选】披萨8选1+小吃5选2+饮品[日系照烧鸡披萨7英寸+盐酥鸡米花小份+金丝鸡排+小可乐]（61.00*1）,点击右上角❤️收藏得小吃[蛋挞1个]（5.00*1）,点击右上角❤️收藏得小吃[墨鱼丸1个]（5.00*1）,餐盒（3.00*1）",日系照烧鸡披萨【7英寸(手拍)】+盐酥鸡米花小份+金丝鸡排+小可乐+蛋挞1个+深海墨鱼丸1个,,,,非会员,27,,,依据餐量提供餐具,,71.00,17.83,47.99,0.00,0,0,1.73,0.00,5.60,【活动支出】单品特价:26.10元+【活动支出】单品特价:4.99元+【活动支出】饿了么红包:12.00元+【活动支出】精准营销:4.90元+【活动支出】替用户承担配送费:5.6元,-,-,-,3.00,温州区域,温州直营,,,否,-,平台配送
圣比萨（雪景店）,SBS00006,温州,"8098866089056575893	",饿了么,平台外卖,已完成,2025-10-22 22:15:03,2025-10-22 22:15:03,2025-10-22 22:15:03,饿了么支付-在线支付,,即时单,2025-10-22 22:15:03,10.23,自动出餐,1,否,"任选披萨7选1+小吃6选1+饮料[奥尔良鸡肉披萨7英寸+地道肠1根+小可乐]（58.00*1）,餐盒（2.00*1）",新奥尔良烤鸡肉披萨【7英寸(手拍)】+地道肠【1根】+小可乐,,,,非会员,28,,,1份餐具,,58.00,17.76,33.10,0.00,0,0,1.79,0.00,6.60,【活动支出】单品特价:26.10元+【活动支出】饿了么红包:7.00元+【活动支出】替用户承担配送费:6.0元,-,-,-,2.00,温州区域,温州直营,,,否,-,平台配送
圣比萨（雪景店）,SBS00006,温州,"8053350255094071576	",饿了么,平台外卖,已完成,2025-10-22 22:33:27,2025-10-22 22:33:27,2025-10-22 22:33:27,饿了么支付-在线支付,,即时单,2025-10-22 22:33:27,10.20,自动出餐,1,否,"红薯薯泥流心卷边（7英寸）（4.90*1）,7英寸奥尔良烤鸡肉披萨[7英奥尔良烤鸡肉披萨]（56.00*1）,餐盒（2.00*1）",红薯泥流心卷边7+新奥尔良烤鸡肉披萨【7英寸(手拍)】,,,,非会员,29,,,依据餐量提供餐具,,60.90,14.49,40.50,0.00,0,0,1.46,0.00,5.60,【活动支出】单品特价:33.50元+【活动支出】饿了么红包:7.00元+【活动支出】替用户承担配送费:5.6元,-,-,-,2.00,温州区域,温州直营,,,否,-,平台配送
圣比萨·披萨·炸鸡（响水幸福店）,SBS00009,盐城,"8000906088850435420	",饿了么,平台外卖,已完成,2025-10-22 11:56:33,2025-10-22 11:56:33,2025-10-22 11:56:33,饿了么支付-在线支付,,即时单,2025-10-22 11:56:33,10.50,手动出餐,1,否,大圣鸡排*2+香肠*1-单点[孜然]（15.50*1）,大圣鸡排*2+香肠*1-单点[孜然],,,,非会员,1,,,依据餐量提供餐具,,15.50,10.00,0.00,0.00,0,0,0.00,0.00,,【活动支出】单品优惠:0.00元,-,-,-,0.00,江苏区域,江苏直营店,,,否,-,平台配送
圣比萨·披萨·炸鸡（响水幸福店）,SBS00009,盐城,"8088916088847458744	",饿了么,平台外卖,已完成,2025-10-22 12:14:49,2025-10-22 12:14:49,2025-10-22 12:14:49,饿了么支付-在线支付,,预约单,2025-10-22 17:45:00,290.27,自动出餐,1,否,"【随心❤️拼】7英寸双拼披萨（口味自选）[新奥尔良烤鸡肉+碳烤鸡肉培根]（29.90*1）,蛋挞一个（3.90*1）",双拼7寸【奥尔良口味7】+双拼7寸【碳烤鸡肉培根口味7】+蛋挞1个,,,,非会员,2,,,依据餐量提供餐具,,33.80,13.63,6.91,0.00,0,0,2.50,0.68,6.00,【活动支出】单品特价:4.00元+【活动支出】单品特价:2.91元+【活动支出】替用户承担配送费:5.0元,-,-,-,0.00,江苏区域,江苏直营店,,,否,-,平台配送
圣比萨·披萨·炸鸡（响水幸福店）,SBS00009,盐城,"8057836088916508107	",饿了么,平台外卖,已完成,2025-10-22 13:54:33,2025-10-22 13:54:33,2025-10-22 13:54:34,饿了么支付-在线支付,,预约单,2025-10-22 17:50:00,195.58,自动出餐,1,否,"榴莲王披萨-9英寸(手拍)[{""name"":""规格"",""value"":""9英寸(手拍)""}]（46.90*1）",榴莲王披萨,,,,非会员,3,,,依据餐量提供餐具,,46.90,21.05,9.00,0.00,0,0,3.47,0.94,6.00,【活动支出】饿了么红包:9.00元+【活动支出】替用户承担配送费:5.0元,-,-,-,0.00,江苏区域,江苏直营店,,,否,-,平台配送
圣比萨·披萨·炸鸡（响水幸福店）,SBS00009,盐城,"8048886088870317409	",饿了么,平台外卖,已完成,2025-10-22 14:26:18,2025-10-22 14:26:18,2025-10-22 14:26:19,饿了么支付-在线支付,,即时单,2025-10-22 14:26:18,12.17,自动出餐,1,否,【任选】买一送一7英寸披萨（58.70*1）,新奥尔良烤鸡肉披萨(7英寸(手拍))+新奥尔良烤鸡肉披萨(7英寸(手拍)),,,,非会员,4,,,依据餐量提供餐具,,58.70,25.58,14.00,0.00,0,0,4.34,1.17,5.00,【活动支出】店铺满减:3.00元+【活动支出】粉丝群:1.00元+【活动支出】饿了么红包:10.00元+【活动支出】替用户承担配送费:5.0元,-,-,-,0.00,江苏区域,江苏直营店,,,否,-,平台配送
圣比萨·披萨·炸鸡（响水幸福店）,SBS00009,盐城,"8092676088900196725	",饿了么,平台外卖,已退款,2025-10-22 14:45:52,2025-10-22 14:45:52,2025-10-22 14:45:53,饿了么支付-在线支付,,即时单,2025-10-22 14:45:52,,未出餐,1,否,"芝士棒（8.50*3）,餐盒（1.50*1）",大圣拉丝芝士棒,,,,非会员,5,,,无需餐具,订单强制无效（商家主动取消已接订单、用户1分钟内取消),25.50,-10.71,0,27.00,0,0,2.00,0.54,5.00,-,-,-,-,1.50,江苏区域,江苏直营店,,,否,-,平台配送
圣比萨·披萨·炸鸡（响水幸福店）,SBS00009,盐城,"8057666088910172463	",饿了么,平台外卖,已完成,2025-10-22 15:14:03,2025-10-22 15:14:03,2025-10-22 15:14:03,饿了么支付-在线支付,,即时单,2025-10-22 15:14:03,12.03,自动出餐,1,否,"大圣鸡肉串套餐[甘梅]（28.90*1）,芝士棒（8.50*2）,【任选】买一送一7英寸披萨（64.60*1）,餐盒（2.00*1）",大圣拉丝芝士棒+碳烤鸡肉培根披萨(7英寸(手拍))+大圣招牌大满贯披萨(7英寸(手拍)),,,,非会员,6,,,2份餐具,,110.50,66.65,12.00,0.00,0,0,8.33,2.25,5.00,【活动支出】店铺满减:3.00元+【活动支出】粉丝群:1.00元+【活动支出】饿了么红包:8.00元+【活动支出】替用户承担配送费:5.0元,-,-,-,2.00,江苏区域,江苏直营店,,,否,-,平台配送
圣比萨·披萨·炸鸡（响水幸福店）,SBS00009,盐城,"8028300255155168767	",饿了么,平台外卖,已完成,2025-10-22 17:18:52,2025-10-22 17:18:52,2025-10-22 17:18:52,饿了么支付-在线支付,,即时单,2025-10-22 17:18:52,12.10,自动出餐,1,否,"蛋挞（两个）（6.90*2）,大圣香肠一串[甘梅]（8.50*1）,蛋挞一个（3.90*3）,餐盒（0.50*1）",蛋挞+蛋挞1个,,,,非会员,7,,,放在5楼凳子上即可，谢谢 / 依据餐量提供餐具,,34.00,13.82,7.91,0.00,0,0,2.55,0.69,5.00,【活动支出】单品特价:2.91元+【活动支出】饿了么红包:5.00元+【活动支出】替用户承担配送费:5.0元,-,-,-,0.50,江苏区域,江苏直营店,,,否,-,平台配送
圣比萨·披萨·炸鸡（响水幸福店）,SBS00009,盐城,"8029330255085891980	",饿了么,平台外卖,已完成,2025-10-22 18:12:37,2025-10-22 18:12:37,2025-10-22 18:12:38,饿了么支付-在线支付,,即时单,2025-10-22 18:12:37,14.12,自动出餐,1,否,【随心❤️拼】7英寸双拼披萨（口味自选）[玉米沙拉+碳烤鸡肉培根]（29.90*1）,双拼7寸【玉米沙拉口味7】+双拼7寸【碳烤鸡肉培根口味7】,,,,非会员,8,,,1份餐具,,29.90,13.77,4.00,0.00,0,0,2.21,0.60,6.00,【活动支出】单品特价:4.00元+【活动支出】替用户承担配送费:5.0元,-,-,-,0.00,江苏区域,江苏直营店,,,否,-,平台配送
圣比萨·披萨·炸鸡（响水幸福店）,SBS00009,盐城,"8074200255009289555	",饿了么,平台外卖,已完成,2025-10-22 18:23:57,2025-10-22 18:23:57,2025-10-22 18:23:58,饿了么支付-在线支付,,即时单,2025-10-22 18:23:57,14.20,自动出餐,1,否,大圣香肠披萨-单点（15.50*1）,大圣香肠披萨-单点,,,,非会员,9,,,依据餐量提供餐具,,15.50,10.00,0.00,0.00,0,0,0.00,0.00,,【活动支出】单品优惠:0.00元,-,-,-,0.00,江苏区域,江苏直营店,,,否,-,平台配送
圣比萨·披萨·炸鸡（响水幸福店）,SBS00009,盐城,"8009956089014751568	",饿了么,平台外卖,已完成,2025-10-22 20:07:36,2025-10-22 20:07:36,2025-10-22 20:07:37,饿了么支付-在线支付,,即时单,2025-10-22 20:07:36,12.17,自动出餐,1,否,"新奥尔良烤鸡肉披萨-7英寸(手拍)[{""name"":""规格"",""value"":""7英寸(手拍)""}]（28.90*1）,奶酪芝士卷边（7英寸）（4.90*1）",新奥尔良烤鸡肉披萨+奶酪芝士卷边7,,,,非会员,10,,,"对骑手, 不要敲门，放门口 / 依据餐量提供餐具",,33.80,16.76,4.50,0.00,0,0,2.50,0.68,5.00,【活动支出】单品特价:4.50元+【活动支出】替用户承担配送费:5.0元,-,-,-,0.00,江苏区域,江苏直营店,,,否,-,平台配送
圣比萨·披萨·炸鸡（响水幸福店）,SBS00009,盐城,"8008816089048834326	",饿了么,平台外卖,已完成,2025-10-22 20:43:43,2025-10-22 20:43:43,2025-10-22 20:43:44,饿了么支付-在线支付,,即时单,2025-10-22 20:43:43,12.18,自动出餐,1,否,"红薯薯泥流心卷边（7英寸）（4.90*1）,新奥尔良烤鸡肉披萨-7英寸(手拍)[{""name"":""规格"",""value"":""7英寸(手拍)""}]（28.90*1）",红薯泥流心卷边7+新奥尔良烤鸡肉披萨,,,,非会员,11,,,2份餐具,用户申请取消单 其他原因，,33.80,15.26,6.00,0.00,0,0,2.50,0.68,5.00,【活动支出】粉丝群:1.00元+【活动支出】饿了么红包:5.00元+【活动支出】替用户承担配送费:5.0元,-,-,-,0.00,江苏区域,江苏直营店,,,否,-,平台配送
圣比萨·披萨·炸鸡（响水幸福店）,SBS00009,盐城,"8060200255258413362	",饿了么,平台外卖,已完成,2025-10-22 20:48:46,2025-10-22 20:48:46,2025-10-22 20:48:47,饿了么支付-在线支付,,即时单,2025-10-22 20:48:46,12.13,自动出餐,1,否,"大圣鸡排*2+香肠*1-单点[孜然][{""name"":""规格"",""value"":""单点""}]（15.50*1）","大圣鸡排*2+香肠*1-单点[孜然][{""name"":""规格"",""value"":""单点""}]",,,,非会员,12,,,依据餐量提供,,15.50,10.00,0.00,0.00,0,0,0.00,0.00,,【活动支出】单品优惠:0.00元,-,-,-,0.00,江苏区域,江苏直营店,,,否,-,平台配送
圣比萨·披萨·炸鸡（响水幸福店）,SBS00009,盐城,"8022290255274106169	",饿了么,平台外卖,已完成,2025-10-22 21:21:16,2025-10-22 21:21:16,2025-10-22 21:21:16,饿了么支付-在线支付,,即时单,2025-10-22 21:21:16,12.00,自动出餐,1,否,7英寸奶酪芝士披萨-单点（17.50*1）,7英寸奶酪芝士披萨-单点,,,,非会员,13,,,依据餐量提供餐具,,17.50,12.00,0.00,0.00,0,0,0.00,0.00,,【活动支出】单品优惠:0.00元,-,-,-,0.00,江苏区域,江苏直营店,,,否,-,平台配送
圣比萨（平阳百悦广场店）,SBM00027,温州,"8044130254805908987	",饿了么,平台外卖,已完成,2025-10-22 06:49:30,2025-10-22 06:49:30,2025-10-22 06:49:30,饿了么支付-在线支付,,预约单,2025-10-22 11:40:00,253.13,手动出餐,1,否,"碳烤鸡肉培根披萨12英寸（109.00*1）,餐盒（2.00*1）",碳烤鸡肉培根披萨【12英寸(手拍)】,,,,非会员,1,,,放寄存室不要打电话，不要打电话请短信通知我 / 2份餐具,,109.00,35.15,60.40,0.00,0,0,5.00,0.00,5.00,【活动支出】店铺满减:6.00元+【活动支出】单品特价:49.40元+【活动支出】饿了么红包:5.00元+【活动支出】替用户承担配送费:5.0元,-,-,-,2.00,温州区域,温州加盟,,,否,-,平台配送
圣比萨（平阳百悦广场店）,SBM00027,温州,"8082776088745113908	",饿了么,平台外卖,已完成,2025-10-22 10:47:31,2025-10-22 10:47:31,2025-10-22 10:47:31,饿了么支付-在线支付,,即时单,2025-10-22 10:47:31,14.95,手动出餐,1,否,新奥尔良烤鸡肉披萨7寸-单点（22.00*1）,新奥尔良烤鸡肉披萨【7英寸(手拍)】,,,,非会员,2,,,依据餐量提供餐具,,22.00,12.00,0.00,0.00,0,0,0.00,0.00,,【活动支出】拼团反圈活动:0.00元,-,-,-,0.00,温州区域,温州加盟,,,否,-,平台配送
圣比萨（平阳百悦广场店）,SBM00027,温州,"8095260254959141131	",饿了么,平台外卖,已完成,2025-10-22 10:52:58,2025-10-22 10:52:58,2025-10-22 10:52:59,饿了么支付-在线支付,,即时单,2025-10-22 10:52:58,13.68,手动出餐,1,否,"碳烤鸡肉培根披萨9英寸（78.00*1）,餐盒（2.00*1）",碳烤鸡肉培根披萨【9英寸(手拍)】,,,,非会员,3,,,依据餐量提供餐具,,78.00,20.55,48.40,0.00,0,0,3.00,0.00,5.50,【活动支出】店铺满减:1.00元+【活动支出】单品特价:38.40元+【活动支出】饿了么红包:9.00元+【活动支出】替用户承担配送费:3.0元,-,-,-,2.00,温州区域,温州加盟,,,否,-,平台配送
圣比萨（平阳百悦广场店）,SBM00027,温州,"8088776088792946143	",饿了么,平台外卖,已完成,2025-10-22 10:53:58,2025-10-22 10:53:58,2025-10-22 10:53:58,饿了么支付-在线支付,,即时单,2025-10-22 10:53:58,14.90,手动出餐,1,否,"【任选3件套】个人披萨意面焗饭套餐随心配（74.00*1）,餐盒（2.00*1）",明星小食桶B+芒果汁+咖喱鸡肉芝士焗饭,,,,非会员,4,,,依据餐量提供餐具,,74.00,24.34,40.50,0.00,0,0,3.41,0.00,4.50,【活动支出】店铺满减:1.00元+【活动支出】单品特价:31.50元+【活动支出】饿了么红包:8.00元+【活动支出】替用户承担配送费:3.0元,-,-,-,2.00,温州区域,温州加盟,,,否,-,平台配送
圣比萨（平阳百悦广场店）,SBM00027,温州,"8033856088777278879	",饿了么,平台外卖,已完成,2025-10-22 10:56:52,2025-10-22 10:56:52,2025-10-22 10:56:52,饿了么支付-在线支付,,即时单,2025-10-22 10:56:52,14.88,手动出餐,1,否,"榴莲王披萨9英寸（92.00*1）,餐盒（2.00*1）",榴莲王披萨9英寸,,,,非会员,5,,,依据餐量提供餐具,,92.00,30.09,51.40,0.00,0,0,4.16,0.00,3.50,【活动支出】店铺满减:1.00元+【活动支出】单品特价:42.40元+【活动支出】饿了么红包:8.00元+【活动支出】替用户承担配送费:3.5元,-,-,-,2.00,温州区域,温州加盟,,,否,-,平台配送
圣比萨（平阳百悦广场店）,SBM00027,温州,"8087010254990941562	",饿了么,平台外卖,已完成,2025-10-22 11:16:58,2025-10-22 11:16:58,2025-10-22 11:16:59,饿了么支付-在线支付,,即时单,2025-10-22 11:16:58,12.72,手动出餐,1,否,"【任选5件套】披萨意面我全都要（128.00*1）,餐盒（2.00*1）",招牌肉酱意面+日系照烧鸡披萨(7英寸(手拍))+明星小食桶B+柠檬茶+港式奶茶,,,,非会员,6,,,依据餐量提供餐具,,128.00,33.88,82.50,0.00,0,0,4.67,0.00,3.50,【活动支出】店铺满减:6.00元+【活动支出】单品特价:67.50元+【活动支出】饿了么红包:9.00元+【活动支出】替用户承担配送费:3.5元,-,-,-,2.00,温州区域,温州加盟,,,否,-,平台配送
圣比萨（平阳百悦广场店）,SBM00027,温州,"8094010254824464821	",饿了么,平台外卖,已完成,2025-10-22 11:29:27,2025-10-22 11:29:27,2025-10-22 11:29:28,饿了么支付-在线支付,,即时单,2025-10-22 11:29:27,9.80,手动出餐,1,否,"可乐[冷]（5.00*1）,明星小食桶B（36.00*1）,番茄牛肉意面（52.00*1）,餐盒（4.00*1）",可乐+明星小食桶B+番茄牛肉意面,,,,非会员,7,,,无需餐具,,93.00,31.13,51.90,0.00,0,0,4.42,0.00,3.50,【活动支出】店铺满减:1.00元+【活动支出】单品特价:15.50元+【活动支出】单品特价:26.40元+【活动支出】饿了么红包:9.00元+【活动支出】替用户承担配送费:3.5元,-,-,-,4.00,温州区域,温州加盟,,,否,-,平台配送
圣比萨（平阳百悦广场店）,SBM00027,温州,"8097330254930850158	",饿了么,平台外卖,已完成,2025-10-22 11:41:00,2025-10-22 11:41:00,2025-10-22 11:41:00,饿了么支付-在线支付,,即时单,2025-10-22 11:41:00,9.62,手动出餐,1,否,"7寸日系照烧鸡披萨-单点[{""name"":""规格"",""value"":""单点""}]（22.00*1）",日系照烧鸡披萨【7英寸(手拍)】,,,,非会员,8,,,-,,22.00,12.00,0.00,0.00,0,0,0.00,0.00,,【活动支出】拼团反圈活动:0.00元,-,-,-,0.00,温州区域,温州加盟,,,否,-,平台配送
圣比萨（平阳百悦广场店）,SBM00027,温州,"8066470254943761801	",饿了么,平台外卖,已完成,2025-10-22 11:51:10,2025-10-22 11:51:10,2025-10-22 11:51:10,饿了么支付-在线支付,,即时单,2025-10-22 11:51:10,12.65,手动出餐,1,否,"新奥尔良烤鸡肉披萨7寸-单点[{""name"":""规格"",""value"":""单点""}]（22.00*1）",新奥尔良烤鸡肉披萨【7英寸(手拍)】,,,,非会员,9,,,依据餐量提供,,22.00,12.00,0.00,0.00,0,0,0.00,0.00,,【活动支出】拼团反圈活动:0.00元,-,-,-,0.00,温州区域,温州加盟,,,否,-,平台配送
圣比萨（平阳百悦广场店）,SBM00027,温州,"8047060254844646759	",饿了么,平台外卖,已完成,2025-10-22 11:54:33,2025-10-22 11:54:33,2025-10-22 11:54:33,饿了么支付-在线支付,,即时单,2025-10-22 11:54:33,15.95,手动出餐,1,否,"新奥尔良烤鸡肉披萨12英寸（109.00*1）,餐盒（2.00*1）",新奥尔良烤鸡肉披萨【12英寸(手拍)】,,,,非会员,10,,,依据餐量提供餐具,,109.00,33.97,63.40,0.00,0,0,4.68,0.00,3.50,【活动支出】店铺满减:6.00元+【活动支出】单品特价:49.40元+【活动支出】饿了么红包:8.00元+【活动支出】替用户承担配送费:3.5元,-,-,-,2.00,温州区域,温州加盟,,,否,-,平台配送
圣比萨（平阳百悦广场店）,SBM00027,温州,"8091410255041175843	",饿了么,平台外卖,已完成,2025-10-22 12:12:45,2025-10-22 12:12:45,2025-10-22 12:12:45,饿了么支付-在线支付,,即时单,2025-10-22 12:12:45,11.73,手动出餐,1,否,"【任选3件套】个人披萨意面焗饭套餐随心配（74.00*1）,餐盒（2.00*1）",明星小食桶B+可乐+新奥尔良烤鸡肉披萨(7英寸(手拍)),,,,非会员,11,,,1份餐具,,74.00,22.54,41.50,0.00,0,0,3.31,0.00,4.50,【活动支出】店铺满减:1.00元+【活动支出】单品特价:31.50元+【活动支出】饿了么红包:9.00元+【活动支出】替用户承担配送费:4.5元,-,-,-,2.00,温州区域,温州加盟,,,否,-,平台配送
圣比萨（平阳百悦广场店）,SBM00027,温州,"8009470255039254834	",饿了么,平台外卖,已完成,2025-10-22 12:14:09,2025-10-22 12:14:09,2025-10-22 12:14:10,饿了么支付-在线支付,,即时单,2025-10-22 12:14:09,11.53,手动出餐,1,否,"【任选3件套】个人披萨意面焗饭套餐随心配（74.00*1）,餐盒（2.00*1）",明星小食桶B+可乐+浪漫威尼斯披萨(7英寸(手拍)),,,,非会员,12,,,依据餐量提供餐具,,74.00,21.64,41.50,0.00,0,0,3.31,0.00,6.20,【活动支出】店铺满减:1.00元+【活动支出】单品特价:31.50元+【活动支出】饿了么红包:9.00元+【活动支出】替用户承担配送费:6.0元,-,-,-,2.00,温州区域,温州加盟,,,否,-,平台配送
圣比萨（平阳百悦广场店）,SBM00027,温州,"8027576088830727495	",饿了么,平台外卖,已完成,2025-10-22 12:17:06,2025-10-22 12:17:06,2025-10-22 12:17:07,饿了么支付-在线支付,,即时单,2025-10-22 12:17:06,12.23,手动出餐,1,否,"玉米沙拉披萨9英寸（75.00*1）,餐盒（2.00*1）",玉米沙拉披萨【9英寸(手拍)】,,,,非会员,13,,,不要葱，打包醋和辣椒 / 依据餐量提供餐具,,75.00,22.34,44.40,0.00,0,0,3.11,0.00,3.50,【活动支出】店铺满减:1.00元+【活动支出】单品特价:35.40元+【活动支出】饿了么红包:8.00元+【活动支出】替用户承担配送费:3.5元,-,-,-,2.00,温州区域,温州加盟,,,否,-,平台配送
圣比萨（平阳百悦广场店）,SBM00027,温州,"8038380254863865243	",饿了么,平台外卖,已完成,2025-10-22 12:22:32,2025-10-22 12:22:32,2025-10-22 12:22:33,饿了么支付-在线支付,,即时单,2025-10-22 12:22:32,9.38,手动出餐,1,否,新奥尔良烤鸡肉披萨7寸-单点（22.00*1）,新奥尔良烤鸡肉披萨【7英寸(手拍)】,,,,非会员,14,,,依据餐量提供餐具,,22.00,12.00,0.00,0.00,0,0,0.00,0.00,,【活动支出】拼团反圈活动:0.00元,-,-,-,0.00,温州区域,温州加盟,,,否,-,平台配送
圣比萨（平阳百悦广场店）,SBM00027,温州,"8056576088898235696	",饿了么,平台外卖,已完成,2025-10-22 13:06:32,2025-10-22 13:06:32,2025-10-22 13:06:33,饿了么支付-在线支付,,即时单,2025-10-22 13:06:32,29.95,被动出餐,1,否,"碳烤鸡肉芝士焗饭（52.00*1）,餐盒（2.00*1）",碳烤鸡肉芝士焗饭,,,,非会员,15,,,不要辣 / 依据餐量提供餐具,,52.00,10.50,32.40,0.00,0,0,1.95,0.00,6.80,【活动支出】单品特价:26.40元+【活动支出】 商家自营销加码:1.00元+【活动支出】饿了么红包:5.00元+【活动支出】替用户承担配送费:6.0元,-,-,-,2.00,温州区域,温州加盟,,,否,-,平台配送
圣比萨（平阳百悦广场店）,SBM00027,温州,"8080030255092252073	",饿了么,平台外卖,已完成,2025-10-22 14:21:27,2025-10-22 14:21:27,2025-10-22 14:21:27,饿了么支付-在线支付,,即时单,2025-10-22 14:21:27,10.25,手动出餐,1,否,"【任选3件套】个人披萨意面焗饭套餐随心配（74.00*1）,餐盒（2.00*1）",明星小食桶B+可乐+缤纷水果披萨(7英寸(手拍)),,,,非会员,16,,,依据餐量提供餐具,,74.00,30.30,32.50,0.00,0,0,4.25,0.00,3.50,【活动支出】店铺满减:1.00元+【活动支出】单品特价:31.50元+【活动支出】替用户承担配送费:3.5元,-,-,-,2.00,温州区域,温州加盟,,,否,-,平台配送
圣比萨（平阳百悦广场店）,SBM00027,温州,"8027160254920546615	",饿了么,平台外卖,已退款,2025-10-22 15:00:48,2025-10-22 15:00:48,2025-10-22 15:00:48,饿了么支付-在线支付,,预约单,2025-10-22 17:30:00,111.87,手动出餐,1,否,"招牌肉酱意面（52.00*1）,餐盒（2.00*1）",招牌肉酱意面,,,,非会员,17,,,1份餐具,"餐厅同意取消单 ",52.00,-6.64,33.00,19.50,0,0,1.89,0.00,5.60,【活动支出】单品特价:27.00元+【活动支出】超级会员专享红包:5.00元+【活动支出】 商家自营销加码:1.00元+【活动支出】替用户承担配送费:5.6元,-,-,-,2.00,温州区域,温州加盟,,,否,-,平台配送
圣比萨（平阳百悦广场店）,SBM00027,温州,"8091390254947122563	",饿了么,平台外卖,已完成,2025-10-22 16:19:06,2025-10-22 16:19:06,2025-10-22 16:19:06,饿了么支付-在线支付,,即时单,2025-10-22 16:19:06,11.90,手动出餐,1,否,"缤纷水果披萨9英寸（75.00*1）,餐盒（2.00*1）",缤纷水果披萨【9英寸(手拍)】,,,,非会员,18,,,依据餐量提供餐具,,75.00,22.34,44.40,0.00,0,0,3.11,0.00,4.00,【活动支出】店铺满减:1.00元+【活动支出】单品特价:35.40元+【活动支出】饿了么红包:8.00元+【活动支出】替用户承担配送费:4.0元,-,-,-,2.00,温州区域,温州加盟,,,否,-,平台配送
圣比萨（平阳百悦广场店）,SBM00027,温州,"8047360255022044546	",饿了么,平台外卖,已完成,2025-10-22 16:20:00,2025-10-22 16:20:00,2025-10-22 16:20:00,饿了么支付-在线支付,,即时单,2025-10-22 16:20:00,11.02,手动出餐,1,否,新奥尔良烤鸡肉披萨7寸-单点（22.00*1）,新奥尔良烤鸡肉披萨【7英寸(手拍)】,,,,非会员,19,,,依据餐量提供餐具,,22.00,12.00,0.00,0.00,0,0,0.00,0.00,,【活动支出】拼团反圈活动:0.00元,-,-,-,0.00,温州区域,温州加盟,,,否,-,平台配送
圣比萨（平阳百悦广场店）,SBM00027,温州,"8088776088927327701	",饿了么,平台外卖,已完成,2025-10-22 16:39:58,2025-10-22 16:39:58,2025-10-22 16:39:59,饿了么支付-在线支付,,即时单,2025-10-22 16:39:58,11.55,手动出餐,1,否,"【任选3件套】个人披萨意面焗饭套餐随心配（74.00*1）,榴莲芝士挞（12.00*2）,餐盒（4.00*1）",明星小食桶B+港式奶茶+咖喱鸡肉芝士焗饭+榴莲芝士挞,,,,非会员,20,,,依据餐量提供餐具,,98.00,34.94,51.30,0.00,0,0,5.01,0.00,4.00,【活动支出】店铺满减:6.00元+【活动支出】单品特价:31.50元+【活动支出】单品特价:4.80元+【活动支出】饿了么红包:0.00元+【活动支出】饿了么红包:9.00元+【活动支出】替用户承担配送费:4.0元,-,-,-,4.00,温州区域,温州加盟,,,否,-,平台配送
圣比萨（平阳百悦广场店）,SBM00027,温州,"8084806088914654677	",饿了么,平台外卖,已完成,2025-10-22 16:53:00,2025-10-22 16:53:00,2025-10-22 16:53:00,饿了么支付-在线支付,,即时单,2025-10-22 16:53:00,19.40,被动出餐,1,否,"【任选4件套】畅享开吃套餐（108.00*1）,餐盒（2.00*1）",柠檬茶+港式奶茶+海苔肉松披萨(9英寸(手拍))+明星小食桶A,,,,非会员,21,,,依据餐量提供餐具,,108.00,34.17,61.50,0.00,0,0,4.78,0.00,3.50,【活动支出】店铺满减:6.00元+【活动支出】单品特价:47.50元+【活动支出】超级会员专享红包:8.00元+【活动支出】 商家自营销加码:0.00元+【活动支出】替用户承担配送费:3.5元,-,-,-,2.00,温州区域,温州加盟,,,否,-,平台配送
圣比萨（平阳百悦广场店）,SBM00027,温州,"8024646088934693355	",饿了么,平台外卖,已完成,2025-10-22 16:59:22,2025-10-22 16:59:22,2025-10-22 16:59:22,饿了么支付-在线支付,,即时单,2025-10-22 16:59:22,16.23,手动出餐,1,否,"【任选3件套】个人披萨意面焗饭套餐随心配（74.00*1）,餐盒（2.00*1）",明星小食桶B+可乐+咖喱鸡肉芝士焗饭,,,,非会员,22,,,依据餐量提供餐具,,74.00,23.44,41.50,0.00,0,0,3.31,0.00,3.50,【活动支出】店铺满减:1.00元+【活动支出】单品特价:31.50元+【活动支出】饿了么红包:9.00元+【活动支出】替用户承担配送费:3.5元,-,-,-,2.00,温州区域,温州加盟,,,否,-,平台配送
圣比萨（平阳百悦广场店）,SBM00027,温州,"8099030254979233209	",饿了么,平台外卖,已完成,2025-10-22 17:25:42,2025-10-22 17:25:42,2025-10-22 17:25:42,饿了么支付-在线支付,,即时单,2025-10-22 17:25:42,10.62,手动出餐,1,否,"番茄牛肉意面（52.00*1）,奶香芝士条（45.00*1）,经典薯条（18.00*1）,餐盒（5.00*1）",番茄牛肉意面+金牌芝士披萨【7英寸(手拍)】+经典薯条,,,,非会员,23,,,2份餐具,,115.00,33.24,71.20,0.00,0,0,4.81,0.00,3.50,【活动支出】店铺满减:1.00元+【活动支出】单品特价:26.40元+【活动支出】单品特价:26.40元+【活动支出】单品特价:8.40元+【活动支出】饿了么红包:9.00元+【活动支出】替用户承担配送费:3.5元,-,-,-,5.00,温州区域,温州加盟,,,否,-,平台配送
圣比萨（平阳百悦广场店）,SBM00027,温州,"8015886088989019484	",饿了么,平台外卖,已完成,2025-10-22 17:38:51,2025-10-22 17:38:51,2025-10-22 17:38:51,饿了么支付-在线支付,,即时单,2025-10-22 17:38:51,10.23,手动出餐,1,否,新奥尔良烤鸡肉披萨7寸-单点（22.00*1）,新奥尔良烤鸡肉披萨【7英寸(手拍)】,,,,非会员,24,,,依据餐量提供餐具,,22.00,12.00,0.00,0.00,0,0,0.00,0.00,,【活动支出】拼团反圈活动:0.00元,-,-,-,0.00,温州区域,温州加盟,,,否,-,平台配送
圣比萨（平阳百悦广场店）,SBM00027,温州,"8012020255170553089	",饿了么,平台外卖,已完成,2025-10-22 17:46:37,2025-10-22 17:46:37,2025-10-22 17:46:38,饿了么支付-在线支付,,即时单,2025-10-22 17:46:37,11.80,手动出餐,1,否,"【任选5件套】披萨意面我全都要（128.00*1）,餐盒（2.00*1）",番茄牛肉意面+大圣招牌大满贯披萨(7英寸(手拍))+明星小食桶A+可乐+柠檬茶,,,,非会员,25,,,依据餐量提供餐具,,128.00,33.88,82.50,0.00,0,0,4.67,0.00,3.50,【活动支出】店铺满减:6.00元+【活动支出】单品特价:67.50元+【活动支出】饿了么红包:9.00元+【活动支出】替用户承担配送费:3.5元,-,-,-,2.00,温州区域,温州加盟,,,否,-,平台配送
圣比萨（平阳百悦广场店）,SBM00027,温州,"8037696088946032974	",饿了么,平台外卖,已完成,2025-10-22 17:50:47,2025-10-22 17:50:47,2025-10-22 17:50:47,饿了么支付-在线支付,,即时单,2025-10-22 17:50:47,7.65,手动出餐,1,否,"招牌肉酱意面（52.00*1）,餐盒（2.00*1）",招牌肉酱意面,,,,非会员,26,,,依据餐量提供餐具,,52.00,13.76,33.00,0.00,0,0,1.89,0.00,3.50,【活动支出】单品特价:27.00元+【活动支出】饿了么红包:6.00元+【活动支出】替用户承担配送费:3.5元,-,-,-,2.00,温州区域,温州加盟,,,否,-,平台配送
圣比萨（平阳百悦广场店）,SBM00027,温州,"8073340255025882567	",饿了么,平台外卖,已完成,2025-10-22 18:55:12,2025-10-22 18:55:12,2025-10-22 18:55:12,饿了么支付-在线支付,,即时单,2025-10-22 18:55:12,15.28,手动出餐,1,否,"【任选3件套】个人披萨意面焗饭套餐随心配（74.00*1）,餐盒（2.00*1）",明星小食桶B+港式奶茶+碳烤鸡肉培根披萨(7英寸(手拍)),,,,非会员,27,,,依据餐量提供餐具,,74.00,24.34,40.50,0.00,0,0,3.41,0.00,4.00,【活动支出】店铺满减:1.00元+【活动支出】单品特价:31.50元+【活动支出】饿了么红包:8.00元+【活动支出】替用户承担配送费:4.0元,-,-,-,2.00,温州区域,温州加盟,,,否,-,平台配送
圣比萨（平阳百悦广场店）,SBM00027,温州,"8047586089007701343	",饿了么,平台外卖,已完成,2025-10-22 19:00:45,2025-10-22 19:00:45,2025-10-22 19:00:45,饿了么支付-在线支付,,即时单,2025-10-22 19:00:45,11.65,手动出餐,1,否,"榴莲王披萨9英寸（92.00*1）,餐盒（2.00*1）",榴莲王披萨9英寸,,,,非会员,28,,,依据餐量提供餐具,,92.00,27.85,53.90,0.00,0,0,3.90,0.00,3.50,【活动支出】店铺满减:1.00元+【活动支出】单品特价:42.40元+【活动支出】饿了么红包:10.50元+【活动支出】替用户承担配送费:3.5元,-,-,-,2.00,温州区域,温州加盟,,,否,-,平台配送
圣比萨（平阳百悦广场店）,SBM00027,温州,"8040906089009463736	",饿了么,平台外卖,已完成,2025-10-22 19:44:57,2025-10-22 19:44:57,2025-10-22 19:44:57,饿了么支付-在线支付,,即时单,2025-10-22 19:44:57,10.22,手动出餐,1,否,"牛肉蘑菇披萨9英寸（78.00*1）,餐盒（2.00*1）",炙热牛魔王披萨【9英寸(手拍)】,,,,非会员,29,,,依据餐量提供餐具,,78.00,21.45,48.40,0.00,0,0,3.00,0.00,4.00,【活动支出】店铺满减:1.00元+【活动支出】单品特价:38.40元+【活动支出】饿了么红包:9.00元+【活动支出】替用户承担配送费:4.0元,-,-,-,2.00,温州区域,温州加盟,,,否,-,平台配送
圣比萨（平阳百悦广场店）,SBM00027,温州,"8092490255051843986	",饿了么,平台外卖,已完成,2025-10-22 20:03:28,2025-10-22 20:03:28,2025-10-22 20:03:29,饿了么支付-在线支付,,即时单,2025-10-22 20:03:28,18.47,手动出餐,1,否,"【任选3件套】个人披萨意面焗饭套餐随心配（74.00*1）,餐盒（2.00*1）",明星小食桶B+港式奶茶+碳烤鸡肉培根披萨(7英寸(手拍)),,,,非会员,30,,,依据餐量提供餐具,,74.00,18.16,44.50,0.00,0,0,2.99,0.00,7.40,【活动支出】店铺满减:1.00元+【活动支出】单品特价:31.50元+【活动支出】饿了么红包:12.00元+【活动支出】替用户承担配送费:6.0元,-,-,-,2.00,温州区域,温州加盟,,,否,-,平台配送
圣比萨（平阳百悦广场店）,SBM00027,温州,"8095646089034347874	",饿了么,平台外卖,已完成,2025-10-22 20:10:36,2025-10-22 20:10:36,2025-10-22 20:10:37,饿了么支付-在线支付,,即时单,2025-10-22 20:10:36,20.33,手动出餐,1,否,"圣比招牌披萨9英寸（78.00*1）,深海墨鱼丸-6个[{""name"":""规格"",""value"":""6个""}]（18.20*1）,餐盒（3.00*1）",大圣招牌大满贯披萨【9英寸(手拍)】+深海墨鱼丸,,,,非会员,31,,,依据餐量提供餐具,,96.20,39.86,43.00,0.00,0,0,5.59,0.00,3.50,【活动支出】店铺满减:6.00元+【活动支出】单品特价:28.40元+【活动支出】单品特价:8.60元+【活动支出】替用户承担配送费:3.5元,-,-,-,3.00,温州区域,温州加盟,,,否,-,平台配送
圣比萨（平阳百悦广场店）,SBM00027,温州,"8031826089044077828	",饿了么,平台外卖,已完成,2025-10-22 20:34:26,2025-10-22 20:34:26,2025-10-22 20:34:27,饿了么支付-在线支付,,即时单,2025-10-22 20:34:26,14.83,手动出餐,1,否,【任选5件套】披萨意面我全都要（128.00*1）,番茄牛肉意面+大圣招牌大满贯披萨(7英寸(手拍))+明星小食桶B+可乐+柠檬茶,,,,非会员,32,,,依据餐量提供餐具,,128.00,33.49,81.60,0.00,0,0,4.56,0.00,3.50,【活动支出】单品特价:81.60元+【活动支出】替用户承担配送费:3.5元,-,-,-,0.00,温州区域,温州加盟,,,否,-,平台配送
圣比萨（平阳百悦广场店）,SBM00027,温州,"8078250255179558190	",饿了么,平台外卖,已完成,2025-10-22 21:25:23,2025-10-22 21:25:23,2025-10-22 21:25:23,饿了么支付-在线支付,,即时单,2025-10-22 21:25:23,19.78,被动出餐,1,否,【任选5件套】披萨意面我全都要（128.00*1）,番茄牛肉意面+大圣招牌大满贯披萨(7英寸(手拍))+明星小食桶B+芒果汁+港式奶茶,,,,非会员,33,,,无需餐具,,128.00,32.99,81.60,0.00,0,0,4.56,0.00,5.60,【活动支出】单品特价:81.60元+【活动支出】替用户承担配送费:5.6元,-,-,-,0.00,温州区域,温州加盟,,,否,-,平台配送
圣比萨（平阳百悦广场店）,SBM00027,温州,"8076120255085096268	",饿了么,平台外卖,已完成,2025-10-22 21:44:08,2025-10-22 21:44:08,2025-10-22 21:44:08,饿了么支付-在线支付,,即时单,2025-10-22 21:44:08,20.12,手动出餐,1,否,"【任选3件套】个人披萨意面焗饭套餐随心配（72.00*1）,餐盒（2.00*1）",明星小食桶A+芒果汁+番茄牛肉意面,,,,非会员,34,,,依据餐量提供餐具,,72.00,22.05,40.50,0.00,0,0,3.20,0.00,5.60,【活动支出】店铺满减:1.00元+【活动支出】单品特价:31.50元+【活动支出】饿了么红包:8.00元+【活动支出】替用户承担配送费:5.6元,-,-,-,2.00,温州区域,温州加盟,,,否,-,平台配送
圣比萨（平阳百悦广场店）,SBM00027,温州,"8067686089041624508	",饿了么,平台外卖,已完成,2025-10-22 21:48:08,2025-10-22 21:48:08,2025-10-22 21:48:09,饿了么支付-在线支付,,即时单,2025-10-22 21:48:08,15.02,被动出餐,1,否,"蛋挞1个（5.00*1）,【任选3件套】个人披萨意面焗饭套餐随心配（72.00*1）,餐盒（3.00*1）",蛋挞1个+明星小食桶A+柠檬茶+浪漫威尼斯披萨(7英寸(手拍)),,,,非会员,35,,,依据餐量提供餐具,,77.00,22.93,45.51,0.00,0,0,3.31,0.00,5.60,【活动支出】店铺满减:1.00元+【活动支出】单品特价:4.01元+【活动支出】单品特价:31.50元+【活动支出】饿了么红包:9.00元+【活动支出】替用户承担配送费:5.6元,-,-,-,3.00,温州区域,温州加盟,,,否,-,平台配送
圣比萨（平阳百悦广场店）,SBM00027,温州,"8011020255175356719	",饿了么,平台外卖,已完成,2025-10-22 21:50:50,2025-10-22 21:50:50,2025-10-22 21:50:50,饿了么支付-在线支付,,即时单,2025-10-22 21:50:50,13.43,手动出餐,1,否,"圣比招牌披萨12英寸（109.00*1）,餐盒（2.00*1）",大圣招牌大满贯披萨【12英寸(手拍)】,,,,非会员,36,,,放门口 / 依据餐量提供餐具,,109.00,37.64,57.40,0.00,0,0,5.31,0.00,6.10,【活动支出】店铺满减:6.00元+【活动支出】单品特价:39.40元+【活动支出】饿了么红包:12.00元+【活动支出】替用户承担配送费:6.0元,-,-,-,2.00,温州区域,温州加盟,,,否,-,平台配送
圣比萨（临安店）,SBM00043,杭州,"8008626088394499464	",饿了么,平台外卖,已完成,2025-10-21 11:31:25,2025-10-21 11:31:25,2025-10-21 11:31:25,饿了么支付-在线支付,,预约单,2025-10-22 11:15:00,1378.52,手动出餐,1,否,"点击右上角❤️免费得小吃（限一份，多点不送）[上校鸡块2个]（0.20*1）,日系照烧鸡披萨-7英寸(手拍)[{""name"":""规格"",""value"":""7英寸(手拍)""}]（25.90*1）",上校鸡块2个+日系照烧鸡披萨,,,,非会员,1,,,"放门口，不要打电话，打电话不接, 不要敲门，谢谢 / 依据餐量提供餐具",,26.10,13.64,5.00,0.00,0,0,0.96,0.00,3.30,【活动支出】CPS商户叠加券:0.00元+【活动支出】饿了么红包:5.00元+【活动支出】淘金币:0.00元+【活动支出】替用户承担配送费:3.3元,-,-,-,0.00,杭州区域,杭州加盟,,,否,-,平台配送
圣比萨（临安店）,SBM00043,杭州,"8029380254830051748	",饿了么,平台外卖,已完成,2025-10-22 09:57:49,2025-10-22 09:57:49,2025-10-22 09:57:49,饿了么支付-在线支付,,即时单,2025-10-22 09:57:49,8.47,手动出餐,1,否,"点击右上角❤️免费得小吃（限一份，多点不送）[墨鱼丸1个]（0.20*1）,【随心❤️拼】7英寸双拼披萨（口味自选）[新奥尔良烤鸡肉+碳烤鸡肉培根]（27.90*1）",深海墨鱼丸1个+双拼7寸【奥尔良口味7】+双拼7寸【碳烤鸡肉培根口味7】,,,,非会员,2,,,依据餐量提供餐具；手机尾号：5708；接力送,,28.10,14.74,6.00,0.00,0,0,0.96,0.00,5.10,【活动支出】首次光顾立减:1.00元+【活动支出】饿了么红包:5.00元+【活动支出】替用户承担配送费:5.1元,-,-,-,0.00,杭州区域,杭州加盟,,,否,-,平台配送
圣比萨（临安店）,SBM00043,杭州,"8069050254759033248	",饿了么,平台外卖,已完成,2025-10-22 10:17:44,2025-10-22 10:17:44,2025-10-22 10:17:45,饿了么支付-在线支付,,预约单,2025-10-22 11:15:00,12.13,手动出餐,1,否,"【随心❤️拼】7英寸双拼披萨（口味自选）[新奥尔良烤鸡肉+新奥尔良烤鸡肉]（27.90*1）,川香脆皮翅根-1个[{""name"":""规格"",""value"":""1个""}]（6.90*1）",双拼7寸【奥尔良口味7】+双拼7寸【奥尔良口味7】,,,,非会员,3,,,依据餐量提供餐具,,34.80,16.24,9.91,0.00,0,0,1.05,0.00,6.70,【活动支出】首次光顾立减:1.00元+【活动支出】单品特价:3.91元+【活动支出】饿了么红包:5.00元+【活动支出】替用户承担配送费:6.0元,-,-,-,0.00,杭州区域,杭州加盟,,,否,-,平台配送
圣比萨（临安店）,SBM00043,杭州,"8050240254762652120	",饿了么,平台外卖,已完成,2025-10-22 10:22:00,2025-10-22 10:22:00,2025-10-22 10:22:01,饿了么支付-在线支付,,即时单,2025-10-22 10:22:00,12.23,自动出餐,1,否,【任选】披萨随心配（34.80*1）,日系照烧鸡披萨(7英寸(手拍))+经典薯条+小可乐,,,,非会员,4,,,无需餐具,,34.80,20.16,6.00,0.00,0,0,1.24,0.00,3.30,【活动支出】首次光顾立减:1.00元+【活动支出】饿了么红包:5.00元+【活动支出】替用户承担配送费:3.3元,-,-,-,0.00,杭州区域,杭州加盟,,,否,-,平台配送
圣比萨（临安店）,SBM00043,杭州,"8039776088734155026	",饿了么,平台外卖,已完成,2025-10-22 10:23:08,2025-10-22 10:23:08,2025-10-22 10:23:08,饿了么支付-在线支付,,即时单,2025-10-22 10:23:08,12.07,自动出餐,1,否,"招牌肉酱意面（25.90*1）,黑椒牛肉意面（30.90*1）,金丝鸡排（6.90*1）,深海墨鱼丸-3个[{""name"":""规格"",""value"":""3个""}]（5.90*1）",招牌肉酱意面+黑椒牛肉意面+深海墨鱼丸,,,,非会员,5,,,无需餐具,,69.60,44.88,12.00,0.00,0,0,2.62,0.00,3.30,【活动支出】店铺满减:6.00元+【活动支出】首次光顾立减:1.00元+【活动支出】饿了么红包:5.00元+【活动支出】替用户承担配送费:3.3元,-,-,-,0.00,杭州区域,杭州加盟,,,否,-,平台配送
圣比萨（临安店）,SBM00043,杭州,"8030916088737665492	",饿了么,平台外卖,已完成,2025-10-22 10:24:03,2025-10-22 10:24:03,2025-10-22 10:24:04,饿了么支付-在线支付,,即时单,2025-10-22 10:24:03,12.23,自动出餐,1,否,【任选】披萨随心配（31.90*1）,新奥尔良烤鸡肉披萨(7英寸(手拍))+蛋挞+小雪碧,,,,非会员,6,,,1份餐具,,31.90,18.95,5.00,0.00,0,0,1.15,0.00,3.30,【活动支出】CPS商户叠加券:0.00元+【活动支出】饿了么红包:5.00元+【活动支出】替用户承担配送费:3.3元,-,-,-,0.00,杭州区域,杭州加盟,,,否,-,平台配送
圣比萨（临安店）,SBM00043,杭州,"8017300254844827104	",饿了么,平台外卖,已完成,2025-10-22 10:30:54,2025-10-22 10:30:54,2025-10-22 10:30:54,饿了么支付-在线支付,,预约单,2025-10-22 12:05:00,49.30,自动出餐,1,否,番茄培根意面（25.90*1）,番茄培根意面,,,,非会员,7,,,依据餐量提供餐具,,25.90,11.34,7.00,0.00,0,0,0.96,0.00,5.10,【活动支出】下单返红包:2.00元+【活动支出】饿了么红包:5.00元+【活动支出】替用户承担配送费:5.1元,-,-,-,0.00,杭州区域,杭州加盟,,,否,-,平台配送
圣比萨（临安店）,SBM00043,杭州,"8031340254850779413	",饿了么,平台外卖,已完成,2025-10-22 10:32:42,2025-10-22 10:32:42,2025-10-22 10:32:42,饿了么支付-在线支付,,即时单,2025-10-22 10:32:42,12.12,自动出餐,1,否,"【任选】一人食盒子披萨随心配（29.90*1）,点击右上角❤️免费得小吃（限一份，多点不送）[上校鸡块2个]（0.20*1）",小可乐+奥尔良风情烤鸡肉一人食盒子披萨+地道肠1根+上校鸡块2个,,,,非会员,8,,,依据餐量提供餐具；手机尾号：8285；接力送,,30.10,16.09,6.00,0.00,0,0,1.01,0.00,5.10,【活动支出】首次光顾立减:1.00元+【活动支出】饿了么红包:5.00元+【活动支出】替用户承担配送费:5.1元,-,-,-,0.00,杭州区域,杭州加盟,,,否,-,平台配送
圣比萨（临安店）,SBM00043,杭州,"8076080254846529915	",饿了么,平台外卖,已完成,2025-10-22 10:33:28,2025-10-22 10:33:28,2025-10-22 10:33:29,饿了么支付-在线支付,,即时单,2025-10-22 10:33:28,12.23,自动出餐,1,否,"新奥尔良烤鸡肉披萨-7英寸(手拍)[{""name"":""规格"",""value"":""7英寸(手拍)""}]（25.90*1）",新奥尔良烤鸡肉披萨,,,,非会员,9,,,依据餐量提供餐具；手机尾号：0706；接力送,,25.90,12.54,6.00,0.00,0,0,0.96,0.00,5.10,【活动支出】首次光顾立减:1.00元+【活动支出】饿了么红包:5.00元+【活动支出】替用户承担配送费:5.1元,-,-,-,0.00,杭州区域,杭州加盟,,,否,-,平台配送
圣比萨（临安店）,SBM00043,杭州,"8043766088723100041	",饿了么,平台外卖,已完成,2025-10-22 10:34:48,2025-10-22 10:34:48,2025-10-22 10:34:49,饿了么支付-在线支付,,即时单,2025-10-22 10:34:48,12.23,自动出餐,1,否,【随心❤️拼】7英寸双拼披萨（口味自选）[碳烤鸡肉培根+浪漫威尼斯]（27.90*1）,双拼7寸【碳烤鸡肉培根口味7】+双拼7寸【浪漫威尼斯口味7】,,,,非会员,10,,,依据餐量提供餐具；手机尾号：3710；接力送,,27.90,14.54,6.00,0.00,0,0,0.96,0.00,5.90,【活动支出】首次光顾立减:1.00元+【活动支出】饿了么红包:5.00元+【活动支出】替用户承担配送费:5.9元,-,-,-,0.00,杭州区域,杭州加盟,,,否,-,平台配送
圣比萨（临安店）,SBM00043,杭州,"8005706088759360906	",饿了么,平台外卖,已完成,2025-10-22 10:36:55,2025-10-22 10:36:55,2025-10-22 10:36:55,饿了么支付-在线支付,,预约单,2025-10-22 11:50:00,28.15,自动出餐,1,否,"新奥尔良烤鸡肉披萨-7英寸(手拍)[{""name"":""规格"",""value"":""7英寸(手拍)""}]（25.90*1）",新奥尔良烤鸡肉披萨,,,,非会员,11,,,不要打电话，放外卖柜 / 依据餐量提供餐具,,25.90,11.34,7.00,0.00,0,0,0.96,0.00,5.10,【活动支出】下单返红包:2.00元+【活动支出】饿了么红包:5.00元+【活动支出】替用户承担配送费:5.1元,-,-,-,0.00,杭州区域,杭州加盟,,,否,-,平台配送
圣比萨（临安店）,SBM00043,杭州,"8033836088742069559	",饿了么,平台外卖,已完成,2025-10-22 10:37:26,2025-10-22 10:37:26,2025-10-22 10:37:26,饿了么支付-在线支付,,即时单,2025-10-22 10:37:26,12.13,自动出餐,1,否,【随心❤️拼】7英寸双拼披萨（口味自选）[日系照烧鸡+碳烤鸡肉培根]（27.90*1）,双拼7寸【日系照烧口味7】+双拼7寸【碳烤鸡肉培根口味7】,,,,非会员,12,,,依据餐量提供餐具；手机尾号：6908；接力送,,27.90,14.54,6.00,0.00,0,0,0.96,0.00,5.10,【活动支出】首次光顾立减:1.00元+【活动支出】饿了么红包:5.00元+【活动支出】替用户承担配送费:5.1元,-,-,-,0.00,杭州区域,杭州加盟,,,否,-,平台配送
圣比萨（临安店）,SBM00043,杭州,"8020360254769092867	",饿了么,平台外卖,已完成,2025-10-22 10:38:53,2025-10-22 10:38:53,2025-10-22 10:38:53,饿了么支付-在线支付,,即时单,2025-10-22 10:38:53,12.22,自动出餐,1,否,【随心❤️拼】7英寸双拼披萨（口味自选）[日系照烧鸡+新奥尔良烤鸡肉]（27.90*1）,双拼7寸【日系照烧口味7】+双拼7寸【奥尔良口味7】,,,,非会员,13,,,依据餐量提供餐具；手机尾号：0715；接力送,,27.90,14.54,6.00,0.00,0,0,0.96,0.00,5.10,【活动支出】首次光顾立减:1.00元+【活动支出】饿了么红包:5.00元+【活动支出】替用户承担配送费:5.1元,-,-,-,0.00,杭州区域,杭州加盟,,,否,-,平台配送
圣比萨（临安店）,SBM00043,杭州,"8021906088778414586	",饿了么,平台外卖,已完成,2025-10-22 10:41:14,2025-10-22 10:41:14,2025-10-22 10:41:15,饿了么支付-在线支付,,即时单,2025-10-22 10:41:14,12.00,自动出餐,1,否,"点击右上角❤️免费得小吃（限一份，多点不送）[上校鸡块2个]（0.20*1）,【任选】披萨随心配（36.80*1）,蛋挞一个（3.90*1）",上校鸡块2个+花果山披萨(7英寸(手拍))+上校鸡块+小可乐+蛋挞1个,,,,非会员,14,,,依据餐量提供餐具；手机尾号：9974；接力送,,40.90,23.00,8.91,0.00,0,0,1.39,0.00,5.10,【活动支出】店铺满减:1.00元+【活动支出】首次光顾立减:1.00元+【活动支出】单品特价:1.91元+【活动支出】饿了么红包:5.00元+【活动支出】替用户承担配送费:5.1元,-,-,-,0.00,杭州区域,杭州加盟,,,否,-,平台配送
圣比萨（临安店）,SBM00043,杭州,"8096836088761167264	",饿了么,平台外卖,已完成,2025-10-22 10:41:32,2025-10-22 10:41:32,2025-10-22 10:41:32,饿了么支付-在线支付,,即时单,2025-10-22 10:41:32,12.15,自动出餐,1,否,"【随心❤️拼】12英寸双拼披萨（口味自选）[新奥尔良烤鸡肉+日式照烧鸡]（57.90*1）,奶酪芝士卷边（12英寸）（8.90*1）",双拼12寸【奥尔良口味12】+双拼12寸【日系照烧口味12】+奶酪芝士卷边,,,,非会员,15,,,依据餐量提供餐具,,66.80,42.01,12.00,0.00,0,0,2.49,0.00,4.50,【活动支出】店铺满减:6.00元+【活动支出】首次光顾立减:1.00元+【活动支出】饿了么红包:5.00元+【活动支出】替用户承担配送费:4.5元,-,-,-,0.00,杭州区域,杭州加盟,,,否,-,平台配送
圣比萨（临安店）,SBM00043,杭州,"8031886088780872120	",饿了么,平台外卖,已完成,2025-10-22 10:42:26,2025-10-22 10:42:26,2025-10-22 10:42:27,饿了么支付-在线支付,,即时单,2025-10-22 10:42:26,12.05,自动出餐,1,否,"点击右上角❤️免费得小吃（限一份，多点不送）[上校鸡块2个]（0.20*1）,大圣鸡排[孜然]（6.90*1）,【随心❤️拼】7英寸双拼披萨（口味自选）[碳烤鸡肉培根+新奥尔良烤鸡肉]（27.90*1）,奶酪芝士卷边（7英寸）（4.90*1）",上校鸡块2个+大圣鸡排+双拼7寸【碳烤鸡肉培根口味7】+双拼7寸【奥尔良口味7】+奶酪芝士卷边7,,,,非会员,16,,,依据餐量提供餐具；手机尾号：4558；接力送,,39.90,22.91,8.00,0.00,0,0,1.39,0.00,5.10,【活动支出】店铺满减:1.00元+【活动支出】下单返红包:2.00元+【活动支出】饿了么红包:5.00元+【活动支出】替用户承担配送费:5.1元,-,-,-,0.00,杭州区域,杭州加盟,,,否,-,平台配送
圣比萨（临安店）,SBM00043,杭州,"8008506088778318100	",饿了么,平台外卖,已完成,2025-10-22 10:43:20,2025-10-22 10:43:20,2025-10-22 10:43:20,饿了么支付-在线支付,,即时单,2025-10-22 10:43:20,12.22,自动出餐,1,否,【随心❤️拼】7英寸双拼披萨（口味自选）[新奥尔良烤鸡肉+新奥尔良烤鸡肉]（27.90*1）,双拼7寸【奥尔良口味7】+双拼7寸【奥尔良口味7】,,,,非会员,17,,,依据餐量提供餐具,,27.90,14.34,6.00,0.00,0,0,0.96,0.00,5.90,【活动支出】首次光顾立减:1.00元+【活动支出】饿了么红包:5.00元+【活动支出】替用户承担配送费:5.9元,-,-,-,0.00,杭州区域,杭州加盟,,,否,-,平台配送
圣比萨（临安店）,SBM00043,杭州,"8009250254877604123	",饿了么,平台外卖,已完成,2025-10-22 10:43:20,2025-10-22 10:43:20,2025-10-22 10:43:20,饿了么支付-在线支付,,预约单,2025-10-22 11:35:00,6.70,自动出餐,1,否,【任选】披萨随心配（31.90*1）,新奥尔良烤鸡肉披萨(7英寸(手拍))+上校鸡块+小可乐,,,,非会员,18,,,十二点之前送到 可口可乐要冰的 / 1份餐具,,31.90,17.40,6.00,0.00,0,0,1.10,0.00,5.90,【活动支出】首次光顾立减:1.00元+【活动支出】CPS商户叠加券:0.00元+【活动支出】饿了么红包:5.00元+【活动支出】淘金币:0.00元+【活动支出】替用户承担配送费:5.9元,-,-,-,0.00,杭州区域,杭州加盟,,,否,-,平台配送
圣比萨（临安店）,SBM00043,杭州,"8085856088780431698	",饿了么,平台外卖,已完成,2025-10-22 10:45:41,2025-10-22 10:45:41,2025-10-22 10:45:41,饿了么支付-在线支付,,即时单,2025-10-22 10:45:41,12.17,自动出餐,1,否,【随心❤️拼】7英寸双拼披萨（口味自选）[碳烤鸡肉培根+浪漫威尼斯]（27.90*1）,双拼7寸【碳烤鸡肉培根口味7】+双拼7寸【浪漫威尼斯口味7】,,,,非会员,19,,,依据餐量提供餐具；手机尾号：7630；接力送,,27.90,14.14,6.00,0.00,0,0,0.96,0.00,6.70,【活动支出】首次光顾立减:1.00元+【活动支出】饿了么红包:5.00元+【活动支出】替用户承担配送费:6.0元,-,-,-,0.00,杭州区域,杭州加盟,,,否,-,平台配送
圣比萨（临安店）,SBM00043,杭州,"8035140254873595241	",饿了么,平台外卖,已完成,2025-10-22 10:46:52,2025-10-22 10:46:52,2025-10-22 10:46:52,饿了么支付-在线支付,,即时单,2025-10-22 10:46:52,12.22,自动出餐,1,否,"新奥尔良烤鸡肉披萨-7英寸(手拍)[{""name"":""规格"",""value"":""7英寸(手拍)""}]（25.90*1）",新奥尔良烤鸡肉披萨,,,,非会员,20,,,依据餐量提供餐具；手机尾号：4503；接力送,,25.90,11.54,7.00,0.00,0,0,0.96,0.00,5.10,【活动支出】下单返红包:2.00元+【活动支出】饿了么红包:5.00元+【活动支出】替用户承担配送费:5.1元,-,-,-,0.00,杭州区域,杭州加盟,,,否,-,平台配送
圣比萨（临安店）,SBM00043,杭州,"8096586088756137306	",饿了么,平台外卖,已完成,2025-10-22 10:49:14,2025-10-22 10:49:14,2025-10-22 10:49:14,饿了么支付-在线支付,,即时单,2025-10-22 10:49:14,12.23,自动出餐,1,否,"点击右上角❤️免费得小吃（限一份，多点不送）[上校鸡块2个]（0.20*1）,【随心❤️拼】7英寸双拼披萨（口味自选）[新奥尔良烤鸡肉+玉米沙拉]（27.90*1）,蛋挞一个（3.90*1）",上校鸡块2个+双拼7寸【奥尔良口味7】+双拼7寸【玉米沙拉口味7】+蛋挞1个,,,,非会员,21,,,依据餐量提供餐具,,32.00,16.28,7.91,0.00,0,0,1.01,0.00,3.90,【活动支出】首次光顾立减:1.00元+【活动支出】单品特价:1.91元+【活动支出】超级会员专享红包:5.00元+【活动支出】替用户承担配送费:3.9元,-,-,-,0.00,杭州区域,杭州加盟,,,否,-,平台配送
圣比萨（临安店）,SBM00043,杭州,"8090110254860126515	",饿了么,平台外卖,已完成,2025-10-22 10:49:54,2025-10-22 10:49:54,2025-10-22 10:49:55,饿了么支付-在线支付,,即时单,2025-10-22 10:49:54,12.20,自动出餐,1,否,番茄牛肉意面（25.90*1）,番茄牛肉意面,,,,非会员,22,,,1份餐具；手机尾号：0607；接力送,,25.90,12.54,6.00,0.00,0,0,0.96,0.00,5.10,【活动支出】首次光顾立减:1.00元+【活动支出】饿了么红包:5.00元+【活动支出】替用户承担配送费:5.1元,-,-,-,0.00,杭州区域,杭州加盟,,,否,-,平台配送
圣比萨（临安店）,SBM00043,杭州,"8005450254863097221	",饿了么,平台外卖,已完成,2025-10-22 10:50:11,2025-10-22 10:50:11,2025-10-22 10:50:11,饿了么支付-在线支付,,即时单,2025-10-22 10:50:11,12.03,自动出餐,1,否,"点击右上角❤️免费得小吃（限一份，多点不送）[墨鱼丸1个]（0.20*1）,【随心❤️拼】7英寸双拼披萨（口味自选）[新奥尔良烤鸡肉+日系照烧鸡]（27.90*1）",深海墨鱼丸1个+双拼7寸【奥尔良口味7】+双拼7寸【日系照烧口味7】,,,,非会员,23,,,依据餐量提供餐具；手机尾号：8327；接力送,,28.10,14.74,6.00,0.00,0,0,0.96,0.00,5.10,【活动支出】首次光顾立减:1.00元+【活动支出】饿了么红包:5.00元+【活动支出】替用户承担配送费:5.1元,-,-,-,0.00,杭州区域,杭州加盟,,,否,-,平台配送
圣比萨（临安店）,SBM00043,杭州,"8011916088733278495	",饿了么,平台外卖,已完成,2025-10-22 10:50:37,2025-10-22 10:50:37,2025-10-22 10:50:37,饿了么支付-在线支付,,即时单,2025-10-22 10:50:37,12.00,自动出餐,1,否,【随心❤️拼】7英寸双拼披萨（口味自选）[新奥尔良烤鸡肉+碳烤鸡肉培根]（27.90*1）,双拼7寸【奥尔良口味7】+双拼7寸【碳烤鸡肉培根口味7】,,,,非会员,24,,,依据餐量提供餐具；手机尾号：5253；接力送,,27.90,14.54,6.00,0.00,0,0,0.96,0.00,5.10,【活动支出】首次光顾立减:1.00元+【活动支出】饿了么红包:5.00元+【活动支出】替用户承担配送费:5.1元,-,-,-,0.00,杭州区域,杭州加盟,,,否,-,平台配送
圣比萨（临安店）,SBM00043,杭州,"8046320254880408024	",饿了么,平台外卖,已完成,2025-10-22 10:50:55,2025-10-22 10:50:55,2025-10-22 10:50:55,饿了么支付-在线支付,,即时单,2025-10-22 10:50:55,12.17,自动出餐,1,否,【随心❤️拼】7英寸双拼披萨（口味自选）[新奥尔良烤鸡肉+缤纷水果]（27.90*1）,双拼7寸【奥尔良口味7】+双拼7寸【缤纷水果口味7】,,,,非会员,25,,,依据餐量提供餐具；手机尾号：0968；接力送,,27.90,14.54,6.00,0.00,0,0,0.96,0.00,5.10,【活动支出】首次光顾立减:1.00元+【活动支出】饿了么红包:5.00元+【活动支出】替用户承担配送费:5.1元,-,-,-,0.00,杭州区域,杭州加盟,,,否,-,平台配送
圣比萨（临安店）,SBM00043,杭州,"8020546088734698918	",饿了么,平台外卖,已完成,2025-10-22 10:54:17,2025-10-22 10:54:17,2025-10-22 10:54:17,饿了么支付-在线支付,,即时单,2025-10-22 10:54:17,12.10,自动出餐,1,否,【随心❤️拼】7英寸双拼披萨（口味自选）[新奥尔良烤鸡肉+碳烤鸡肉培根]（27.90*1）,双拼7寸【奥尔良口味7】+双拼7寸【碳烤鸡肉培根口味7】,,,,非会员,26,,,依据餐量提供餐具；手机尾号：6105；接力送,,27.90,14.54,6.00,0.00,0,0,0.96,0.00,5.10,【活动支出】首次光顾立减:1.00元+【活动支出】饿了么红包:5.00元+【活动支出】替用户承担配送费:5.1元,-,-,-,0.00,杭州区域,杭州加盟,,,否,-,平台配送
圣比萨（临安店）,SBM00043,杭州,"8035986088762733893	",饿了么,平台外卖,已完成,2025-10-22 11:02:52,2025-10-22 11:02:52,2025-10-22 11:02:52,饿了么支付-在线支付,,即时单,2025-10-22 11:02:52,12.15,自动出餐,1,否,【随心❤️拼】7英寸双拼披萨（口味自选）[缤纷水果+碳烤鸡肉培根]（27.90*1）,双拼7寸【缤纷水果口味7】+双拼7寸【碳烤鸡肉培根口味7】,,,,非会员,27,,,依据餐量提供餐具；手机尾号：1864；接力送,,27.90,14.34,6.00,0.00,0,0,0.96,0.00,5.90,【活动支出】首次光顾立减:1.00元+【活动支出】饿了么红包:5.00元+【活动支出】替用户承担配送费:5.9元,-,-,-,0.00,杭州区域,杭州加盟,,,否,-,平台配送
圣比萨（临安店）,SBM00043,杭州,"8015766088751925633	",饿了么,平台外卖,已完成,2025-10-22 11:07:04,2025-10-22 11:07:04,2025-10-22 11:07:05,饿了么支付-在线支付,,即时单,2025-10-22 11:07:04,12.02,自动出餐,1,否,"点击右上角❤️免费得小吃（限一份，多点不送）[上校鸡块2个]（0.20*1）,【随心❤️拼】7英寸双拼披萨（口味自选）[新奥尔良烤鸡肉+缤纷水果]（27.90*1）",上校鸡块2个+双拼7寸【奥尔良口味7】+双拼7寸【缤纷水果口味7】,,,,非会员,28,,,依据餐量提供餐具,,28.10,14.94,6.00,0.00,0,0,0.96,0.00,3.90,【活动支出】首次光顾立减:1.00元+【活动支出】超级会员专享红包:5.00元+【活动支出】CPS商户叠加券:0.00元+【活动支出】淘金币:0.00元+【活动支出】替用户承担配送费:3.9元,-,-,-,0.00,杭州区域,杭州加盟,,,否,-,平台配送
圣比萨（临安店）,SBM00043,杭州,"8041706088794247667	",饿了么,平台外卖,已完成,2025-10-22 11:15:11,2025-10-22 11:15:11,2025-10-22 11:15:12,饿了么支付-在线支付,,即时单,2025-10-22 11:15:11,12.02,自动出餐,1,否,"点击右上角❤️免费得小吃（限一份，多点不送）[上校鸡块2个]（0.20*1）,川香脆皮翅根-1个[{""name"":""规格"",""value"":""1个""}]（6.90*1）,新奥尔良烤鸡肉披萨-9英寸(手拍)[{""name"":""规格"",""value"":""9英寸(手拍)""}]（33.90*1）,蛋挞一个（3.90*1）",上校鸡块2个+新奥尔良烤鸡肉披萨+蛋挞1个,,,,非会员,29,,,无需餐具；手机尾号：0418；接力送,,44.90,23.08,12.82,0.00,0,0,1.40,0.00,4.50,【活动支出】店铺满减:1.00元+【活动支出】首次光顾立减:1.00元+【活动支出】单品特价:3.91元+【活动支出】单品特价:1.91元+【活动支出】饿了么红包:5.00元+【活动支出】替用户承担配送费:4.5元,-,-,-,0.00,杭州区域,杭州加盟,,,否,-,平台配送
圣比萨（临安店）,SBM00043,杭州,"8064210254913405247	",饿了么,平台外卖,已完成,2025-10-22 11:20:07,2025-10-22 11:20:07,2025-10-22 11:20:07,饿了么支付-在线支付,,即时单,2025-10-22 11:20:07,12.18,自动出餐,1,否,"点击右上角❤️免费得小吃（限一份，多点不送）[上校鸡块2个]（0.20*1）,奶酪芝士披萨-7英寸(手拍)[{""name"":""规格"",""value"":""7英寸(手拍)""}]（25.90*1）",上校鸡块2个+奶酪芝士披萨,,,,非会员,30,,,依据餐量提供餐具,,26.10,8.54,10.00,0.00,0,0,0.96,0.00,5.10,【活动支出】精准营销:5.00元+【活动支出】饿了么红包:5.00元+【活动支出】淘金币:0.00元+【活动支出】替用户承担配送费:5.1元,-,-,-,0.00,杭州区域,杭州加盟,,,否,-,平台配送
圣比萨（临安店）,SBM00043,杭州,"8078876088789151153	",饿了么,平台外卖,已完成,2025-10-22 11:22:10,2025-10-22 11:22:10,2025-10-22 11:22:11,饿了么支付-在线支付,,预约单,2025-10-22 16:30:00,263.05,自动出餐,1,否,【随心❤️拼】7英寸双拼披萨（口味自选）[日系照烧鸡+缤纷水果]（27.90*1）,双拼7寸【日系照烧口味7】+双拼7寸【缤纷水果口味7】,,,,非会员,31,,,对骑手：不要打电话，送到外卖柜拍张照 / 1份餐具,,27.90,14.34,6.00,0.00,0,0,0.96,0.00,5.10,【活动支出】首次光顾立减:1.00元+【活动支出】饿了么红包:5.00元+【活动支出】替用户承担配送费:5.1元,-,-,-,0.00,杭州区域,杭州加盟,,,否,-,平台配送
圣比萨（临安店）,SBM00043,杭州,"8093170254918539558	",饿了么,平台外卖,已完成,2025-10-22 11:27:48,2025-10-22 11:27:48,2025-10-22 11:27:49,饿了么支付-在线支付,,即时单,2025-10-22 11:27:48,10.37,手动出餐,1,否,"酸奶多多流心卷边（9英寸）（6.90*1）,榴莲王披萨-9英寸(手拍)[{""name"":""规格"",""value"":""9英寸(手拍)""}]（43.90*1）",酸奶多多流心卷边9+榴莲王披萨,,,,非会员,32,,,依据餐量提供餐具,,50.80,32.34,7.00,0.00,0,0,1.96,0.00,5.90,【活动支出】店铺满减:1.00元+【活动支出】首次光顾立减:1.00元+【活动支出】超级会员专享红包:5.00元+【活动支出】替用户承担配送费:5.9元,-,-,-,0.00,杭州区域,杭州加盟,,,否,-,平台配送
圣比萨（临安店）,SBM00043,杭州,"8076736088794707288	",饿了么,平台外卖,已完成,2025-10-22 11:31:56,2025-10-22 11:31:56,2025-10-22 11:31:56,饿了么支付-在线支付,,即时单,2025-10-22 11:31:56,9.32,手动出餐,1,否,【随心❤️拼】7英寸双拼披萨（口味自选）[新奥尔良烤鸡肉+碳烤鸡肉培根]（27.90*1）,双拼7寸【奥尔良口味7】+双拼7寸【碳烤鸡肉培根口味7】,,,,非会员,33,,,依据餐量提供餐具,,27.90,14.34,6.00,0.00,0,0,0.96,0.00,5.90,【活动支出】首次光顾立减:1.00元+【活动支出】饿了么红包:5.00元+【活动支出】替用户承担配送费:5.9元,-,-,-,0.00,杭州区域,杭州加盟,,,否,-,平台配送
圣比萨（临安店）,SBM00043,杭州,"8023020254926741908	",饿了么,平台外卖,已完成,2025-10-22 11:38:02,2025-10-22 11:38:02,2025-10-22 11:38:03,饿了么支付-在线支付,,即时单,2025-10-22 11:38:02,11.37,手动出餐,1,否,【随心❤️拼】7英寸双拼披萨（口味自选）[新奥尔良烤鸡肉+碳烤鸡肉培根]（27.90*1）,双拼7寸【奥尔良口味7】+双拼7寸【碳烤鸡肉培根口味7】,,,,非会员,34,,,依据餐量提供餐具,,27.90,14.34,6.00,0.00,0,0,0.96,0.00,5.10,【活动支出】首次光顾立减:1.00元+【活动支出】饿了么红包:5.00元+【活动支出】替用户承担配送费:5.1元,-,-,-,0.00,杭州区域,杭州加盟,,,否,-,平台配送
圣比萨（临安店）,SBM00043,杭州,"8025626088852746555	",饿了么,平台外卖,已完成,2025-10-22 12:25:32,2025-10-22 12:25:32,2025-10-22 12:25:32,饿了么支付-在线支付,,即时单,2025-10-22 12:25:32,8.68,手动出餐,1,否,【随心❤️拼】7英寸双拼披萨（口味自选）[缤纷水果+碳烤鸡肉培根]（27.90*1）,双拼7寸【缤纷水果口味7】+双拼7寸【碳烤鸡肉培根口味7】,,,,非会员,35,,,依据餐量提供餐具,,27.90,15.74,5.00,0.00,0,0,0.96,0.00,3.90,【活动支出】饿了么红包:5.00元+【活动支出】替用户承担配送费:3.9元,-,-,-,0.00,杭州区域,杭州加盟,,,否,-,平台配送
圣比萨（临安店）,SBM00043,杭州,"8050080254874546605	",饿了么,平台外卖,已完成,2025-10-22 12:36:15,2025-10-22 12:36:15,2025-10-22 12:36:16,饿了么支付-在线支付,,即时单,2025-10-22 12:36:15,11.52,手动出餐,1,否,"【任选】披萨随心配（36.80*1）,蛋挞一个（3.90*1）",缤纷水果披萨(7英寸(手拍))+蛋挞+小芬达+蛋挞1个,,,,非会员,36,,,依据餐量提供餐具,,40.70,22.61,8.91,0.00,0,0,1.38,0.00,5.90,【活动支出】店铺满减:1.00元+【活动支出】首次光顾立减:1.00元+【活动支出】单品特价:1.91元+【活动支出】饿了么红包:5.00元+【活动支出】替用户承担配送费:5.9元,-,-,-,0.00,杭州区域,杭州加盟,,,否,-,平台配送
圣比萨（临安店）,SBM00043,杭州,"8039050255065164179	",饿了么,平台外卖,已完成,2025-10-22 13:03:33,2025-10-22 13:03:33,2025-10-22 13:03:33,饿了么支付-在线支付,,即时单,2025-10-22 13:03:33,7.95,手动出餐,1,否,【随心❤️拼】7英寸双拼披萨（口味自选）[缤纷水果+玉米沙拉]（27.90*1）,双拼7寸【缤纷水果口味7】+双拼7寸【玉米沙拉口味7】,,,,非会员,37,,,依据餐量提供餐具,,27.90,13.74,7.00,0.00,0,0,0.96,0.00,3.30,【活动支出】下单返红包:2.00元+【活动支出】饿了么红包:5.00元+【活动支出】替用户承担配送费:3.3元,-,-,-,0.00,杭州区域,杭州加盟,,,否,-,平台配送
圣比萨（临安店）,SBM00043,杭州,"8076776088898858470	",饿了么,平台外卖,已完成,2025-10-22 13:06:35,2025-10-22 13:06:35,2025-10-22 13:06:35,饿了么支付-在线支付,,即时单,2025-10-22 13:06:35,8.17,手动出餐,1,否,"【随心❤️拼】7英寸双拼披萨（口味自选）[新奥尔良烤鸡肉+玉米沙拉]（27.90*1）,红薯薯泥流心卷边（7英寸）（4.90*1）",双拼7寸【奥尔良口味7】+双拼7寸【玉米沙拉口味7】+红薯泥流心卷边7,,,,非会员,38,,,依据餐量提供餐具,,32.80,18.86,6.00,0.00,0,0,1.14,0.00,3.90,【活动支出】首次光顾立减:1.00元+【活动支出】饿了么红包:5.00元+【活动支出】替用户承担配送费:3.9元,-,-,-,0.00,杭州区域,杭州加盟,,,否,-,平台配送
圣比萨（临安店）,SBM00043,杭州,"8078626088901449128	",饿了么,平台外卖,已完成,2025-10-22 13:33:58,2025-10-22 13:33:58,2025-10-22 13:33:58,饿了么支付-在线支付,,即时单,2025-10-22 13:33:58,10.08,手动出餐,1,否,【随心❤️拼】7英寸双拼披萨（口味自选）[碳烤鸡肉培根+日系照烧鸡]（27.90*1）,双拼7寸【碳烤鸡肉培根口味7】+双拼7寸【日系照烧口味7】,,,,非会员,39,,,依据餐量提供餐具,,27.90,14.54,6.00,0.00,0,0,0.96,0.00,4.50,【活动支出】首次光顾立减:1.00元+【活动支出】饿了么红包:5.00元+【活动支出】替用户承担配送费:4.5元,-,-,-,0.00,杭州区域,杭州加盟,,,否,-,平台配送
圣比萨（临安店）,SBM00043,杭州,"8037360255101709754	",饿了么,平台外卖,已完成,2025-10-22 14:55:06,2025-10-22 14:55:06,2025-10-22 14:55:06,饿了么支付-在线支付,,预约单,2025-10-22 16:05:00,25.00,自动出餐,1,否,"点击右上角❤️免费得小吃（限一份，多点不送）[上校鸡块2个]（0.20*1）,【随心❤️拼】7英寸双拼披萨（口味自选）[新奥尔良烤鸡肉+碳烤鸡肉培根]（27.90*1）,蛋挞一个（3.90*1）",上校鸡块2个+双拼7寸【奥尔良口味7】+双拼7寸【碳烤鸡肉培根口味7】+蛋挞1个,,,,非会员,40,,,依据餐量提供餐具,,32.00,15.88,7.91,0.00,0,0,1.01,0.00,5.90,【活动支出】首次光顾立减:1.00元+【活动支出】单品特价:1.91元+【活动支出】饿了么红包:5.00元+【活动支出】替用户承担配送费:5.9元,-,-,-,0.00,杭州区域,杭州加盟,,,否,-,平台配送
圣比萨（临安店）,SBM00043,杭州,"8022130255008365879	",饿了么,平台外卖,已完成,2025-10-22 15:38:56,2025-10-22 15:38:56,2025-10-22 15:38:56,饿了么支付-在线支付,,即时单,2025-10-22 15:38:56,10.55,手动出餐,1,否,【随心❤️拼】7英寸双拼披萨（口味自选）[新奥尔良烤鸡肉+碳烤鸡肉培根]（27.90*1）,双拼7寸【奥尔良口味7】+双拼7寸【碳烤鸡肉培根口味7】,,,,非会员,41,,,"不要葱, 不要香菜 / 1份餐具；手机尾号：6149；接力送",,27.90,14.54,6.00,0.00,0,0,0.96,0.00,5.10,【活动支出】首次光顾立减:1.00元+【活动支出】饿了么红包:5.00元+【活动支出】替用户承担配送费:5.1元,-,-,-,0.00,杭州区域,杭州加盟,,,否,-,平台配送
圣比萨（临安店）,SBM00043,杭州,"8055916088899051804	",饿了么,平台外卖,已完成,2025-10-22 15:39:05,2025-10-22 15:39:05,2025-10-22 15:39:05,饿了么支付-在线支付,,预约单,2025-10-22 16:55:00,31.12,自动出餐,1,否,"点击右上角❤️免费得小吃（限一份，多点不送）[上校鸡块2个]（0.20*1）,【随心❤️拼】7英寸双拼披萨（口味自选）[新奥尔良烤鸡肉+日系照烧鸡]（27.90*1）",上校鸡块2个+双拼7寸【奥尔良口味7】+双拼7寸【日系照烧口味7】,,,,非会员,42,,,依据餐量提供餐具,,28.10,14.94,6.00,0.00,0,0,0.96,0.00,3.30,【活动支出】首次光顾立减:1.00元+【活动支出】饿了么红包:5.00元+【活动支出】替用户承担配送费:3.3元,-,-,-,0.00,杭州区域,杭州加盟,,,否,-,平台配送
圣比萨（临安店）,SBM00043,杭州,"8073430255117554163	",饿了么,平台外卖,已完成,2025-10-22 15:50:52,2025-10-22 15:50:52,2025-10-22 15:50:52,饿了么支付-在线支付,,即时单,2025-10-22 15:50:52,7.28,手动出餐,1,否,"点击右上角❤️免费得小吃（限一份，多点不送）[上校鸡块2个]（0.20*1）,日系照烧鸡披萨-7英寸(手拍)[{""name"":""规格"",""value"":""7英寸(手拍)""}]（25.90*1）",上校鸡块2个+日系照烧鸡披萨,,,,非会员,43,,,依据餐量提供餐具,,26.10,13.54,5.00,0.00,0,0,0.96,0.00,5.10,【活动支出】CPS商户叠加券:0.00元+【活动支出】饿了么红包:5.00元+【活动支出】淘金币:0.00元+【活动支出】替用户承担配送费:5.1元,-,-,-,0.00,杭州区域,杭州加盟,,,否,-,平台配送
圣比萨（临安店）,SBM00043,杭州,"8072856088924380547	",饿了么,平台外卖,已完成,2025-10-22 15:52:19,2025-10-22 15:52:19,2025-10-22 15:52:19,饿了么支付-在线支付,,预约单,2025-10-22 16:55:00,17.70,自动出餐,1,否,"新奥尔良烤鸡肉披萨-7英寸(手拍)[{""name"":""规格"",""value"":""7英寸(手拍)""}]（25.90*1）",新奥尔良烤鸡肉披萨,,,,非会员,44,,,1份餐具,,25.90,12.74,6.00,0.00,0,0,0.96,0.00,3.30,【活动支出】首次光顾立减:1.00元+【活动支出】饿了么红包:5.00元+【活动支出】替用户承担配送费:3.3元,-,-,-,0.00,杭州区域,杭州加盟,,,否,-,平台配送
圣比萨（临安店）,SBM00043,杭州,"8027440255020713225	",饿了么,平台外卖,已完成,2025-10-22 16:12:36,2025-10-22 16:12:36,2025-10-22 16:12:36,饿了么支付-在线支付,,即时单,2025-10-22 16:12:36,9.92,手动出餐,1,否,"点击右上角❤️免费得小吃（限一份，多点不送）[上校鸡块2个]（0.20*1）,【随心❤️拼】7英寸双拼披萨（口味自选）[新奥尔良烤鸡肉+缤纷水果]（27.90*1）",上校鸡块2个+双拼7寸【奥尔良口味7】+双拼7寸【缤纷水果口味7】,,,,非会员,45,,,1份餐具,,28.10,13.94,7.00,0.00,0,0,0.96,0.00,3.30,【活动支出】下单返红包:2.00元+【活动支出】饿了么红包:5.00元+【活动支出】替用户承担配送费:3.3元,-,-,-,0.00,杭州区域,杭州加盟,,,否,-,平台配送
圣比萨（临安店）,SBM00043,杭州,"8029270255030051253	",饿了么,平台外卖,已完成,2025-10-22 16:31:54,2025-10-22 16:31:54,2025-10-22 16:31:54,饿了么支付-在线支付,,即时单,2025-10-22 16:31:54,6.98,手动出餐,1,否,"新奥尔良烤鸡肉披萨-7英寸(手拍)[{""name"":""规格"",""value"":""7英寸(手拍)""}]（25.90*1）",新奥尔良烤鸡肉披萨,,,,非会员,46,,,依据餐量提供餐具,,25.90,12.74,6.00,0.00,0,0,0.96,0.00,3.30,【活动支出】首次光顾立减:1.00元+【活动支出】饿了么红包:5.00元+【活动支出】替用户承担配送费:3.3元,-,-,-,0.00,杭州区域,杭州加盟,,,否,-,平台配送
圣比萨（临安店）,SBM00043,杭州,"8010556088924490033	",饿了么,平台外卖,已完成,2025-10-22 16:35:57,2025-10-22 16:35:57,2025-10-22 16:35:57,饿了么支付-在线支付,,即时单,2025-10-22 16:35:57,12.00,手动出餐,1,否,【任选】披萨随心配（34.80*1）,新奥尔良烤鸡肉披萨(7英寸(手拍))+经典薯条+小雪碧,,,,非会员,47,,,依据餐量提供餐具；手机尾号：7553；接力送,,34.80,19.76,6.00,0.00,0,0,1.24,0.00,5.90,【活动支出】首次光顾立减:1.00元+【活动支出】饿了么红包:5.00元+【活动支出】替用户承担配送费:5.9元,-,-,-,0.00,杭州区域,杭州加盟,,,否,-,平台配送
圣比萨（临安店）,SBM00043,杭州,"8043110255035342125	",饿了么,平台外卖,已完成,2025-10-22 16:39:37,2025-10-22 16:39:37,2025-10-22 16:39:37,饿了么支付-在线支付,,即时单,2025-10-22 16:39:37,11.22,手动出餐,1,否,【任选】披萨意面我全都要（65.80*1）,金沙咸蛋黄嫩鸡披萨(7英寸(手拍))+招牌肉酱意面+小芬达+小芬达+蛋挞+蛋挞+上校鸡块,,,,非会员,48,,,依据餐量提供餐具,,65.80,40.86,12.00,0.00,0,0,2.44,0.00,5.10,【活动支出】店铺满减:6.00元+【活动支出】首次光顾立减:1.00元+【活动支出】饿了么红包:5.00元+【活动支出】替用户承担配送费:5.1元,-,-,-,0.00,杭州区域,杭州加盟,,,否,-,平台配送
圣比萨（临安店）,SBM00043,杭州,"8008866088960888291	",饿了么,平台外卖,已完成,2025-10-22 16:40:05,2025-10-22 16:40:05,2025-10-22 16:40:06,饿了么支付-在线支付,,即时单,2025-10-22 16:40:05,11.13,手动出餐,1,否,【随心❤️拼】7英寸双拼披萨（口味自选）[新奥尔良烤鸡肉+碳烤鸡肉培根]（27.90*1）,双拼7寸【奥尔良口味7】+双拼7寸【碳烤鸡肉培根口味7】,,,,非会员,49,,,依据餐量提供餐具；手机尾号：6221；接力送,,27.90,14.54,6.00,0.00,0,0,0.96,0.00,5.10,【活动支出】首次光顾立减:1.00元+【活动支出】饿了么红包:5.00元+【活动支出】替用户承担配送费:5.1元,-,-,-,0.00,杭州区域,杭州加盟,,,否,-,平台配送
圣比萨（临安店）,SBM00043,杭州,"8013240254958698836	",饿了么,平台外卖,已完成,2025-10-22 16:44:26,2025-10-22 16:44:26,2025-10-22 16:44:27,饿了么支付-在线支付,,即时单,2025-10-22 16:44:26,8.20,手动出餐,1,否,"点击右上角❤️免费得小吃（限一份，多点不送）[上校鸡块2个]（0.20*1）,【随心❤️拼】7英寸双拼披萨（口味自选）[日系照烧鸡+浪漫威尼斯]（27.90*1）,蛋挞一个（3.90*1）",上校鸡块2个+双拼7寸【日系照烧口味7】+双拼7寸【浪漫威尼斯口味7】+蛋挞1个,,,,非会员,50,,,依据餐量提供餐具；手机尾号：2122；接力送,,32.00,15.88,7.91,0.00,0,0,1.01,0.00,5.90,【活动支出】首次光顾立减:1.00元+【活动支出】单品特价:1.91元+【活动支出】饿了么红包:5.00元+【活动支出】替用户承担配送费:5.9元,-,-,-,0.00,杭州区域,杭州加盟,,,否,-,平台配送
圣比萨（临安店）,SBM00043,杭州,"8093400254963805512	",饿了么,平台外卖,已完成,2025-10-22 17:00:27,2025-10-22 17:00:27,2025-10-22 17:00:27,饿了么支付-在线支付,,即时单,2025-10-22 17:00:27,8.23,手动出餐,1,否,"榴莲王披萨-7英寸(手拍)[{""name"":""规格"",""value"":""7英寸(手拍)""}]（33.90*1）",榴莲王披萨,,,,非会员,51,,,依据餐量提供餐具,,33.90,19.70,6.00,0.00,0,0,1.20,0.00,4.50,【活动支出】首次光顾立减:1.00元+【活动支出】饿了么红包:5.00元+【活动支出】替用户承担配送费:4.5元,-,-,-,0.00,杭州区域,杭州加盟,,,否,-,平台配送
圣比萨（临安店）,SBM00043,杭州,"8064090255146160526	",饿了么,平台外卖,已完成,2025-10-22 17:07:55,2025-10-22 17:07:55,2025-10-22 17:07:55,饿了么支付-在线支付,,即时单,2025-10-22 17:07:55,6.00,手动出餐,1,否,番茄牛肉意面（25.90*1）,番茄牛肉意面,,,,非会员,52,,,依据餐量提供餐具,,25.90,12.54,6.00,0.00,0,0,0.96,0.00,4.50,【活动支出】首次光顾立减:1.00元+【活动支出】饿了么红包:5.00元+【活动支出】替用户承担配送费:4.5元,-,-,-,0.00,杭州区域,杭州加盟,,,否,-,平台配送
圣比萨（临安店）,SBM00043,杭州,"8076110255058916777	",饿了么,平台外卖,已完成,2025-10-22 17:26:04,2025-10-22 17:26:04,2025-10-22 17:26:04,饿了么支付-在线支付,,即时单,2025-10-22 17:26:04,8.20,手动出餐,1,否,【任选】披萨随心配（31.90*1）,新奥尔良烤鸡肉披萨(7英寸(手拍))+蛋挞+小可乐,,,,非会员,53,,,1份餐具,,31.90,18.00,6.00,0.00,0,0,1.10,0.00,3.30,【活动支出】首次光顾立减:1.00元+【活动支出】饿了么红包:5.00元+【活动支出】替用户承担配送费:3.3元,-,-,-,0.00,杭州区域,杭州加盟,,,否,-,平台配送
圣比萨（临安店）,SBM00043,杭州,"8049936088987219204	",饿了么,平台外卖,已完成,2025-10-22 17:30:43,2025-10-22 17:30:43,2025-10-22 17:30:43,饿了么支付-在线支付,,即时单,2025-10-22 17:30:43,7.95,手动出餐,1,否,【随心❤️拼】7英寸双拼披萨（口味自选）[缤纷水果+碳烤鸡肉培根]（27.90*1）,双拼7寸【缤纷水果口味7】+双拼7寸【碳烤鸡肉培根口味7】,,,,非会员,54,,,依据餐量提供餐具,,27.90,12.94,7.00,0.00,0,0,0.96,0.00,6.70,【活动支出】下单返红包:2.00元+【活动支出】饿了么红包:5.00元+【活动支出】替用户承担配送费:6.0元,-,-,-,0.00,杭州区域,杭州加盟,,,否,-,平台配送
圣比萨（临安店）,SBM00043,杭州,"8031576088988602842	",饿了么,平台外卖,已完成,2025-10-22 17:31:25,2025-10-22 17:31:25,2025-10-22 17:31:26,饿了么支付-在线支付,,即时单,2025-10-22 17:31:25,8.17,手动出餐,1,否,"榴莲王披萨-7英寸(手拍)[{""name"":""规格"",""value"":""7英寸(手拍)""}]（33.90*1）",榴莲王披萨,,,,非会员,55,,,依据餐量提供餐具；手机尾号：5920；接力送,,33.90,19.50,6.00,0.00,0,0,1.20,0.00,5.90,【活动支出】首次光顾立减:1.00元+【活动支出】饿了么红包:5.00元+【活动支出】替用户承担配送费:5.9元,-,-,-,0.00,杭州区域,杭州加盟,,,否,-,平台配送
圣比萨（临安店）,SBM00043,杭州,"8070030254987348235	",饿了么,平台外卖,已完成,2025-10-22 17:37:18,2025-10-22 17:37:18,2025-10-22 17:37:18,饿了么支付-在线支付,,即时单,2025-10-22 17:37:18,7.77,手动出餐,1,否,"点击右上角❤️免费得小吃（限一份，多点不送）[墨鱼丸1个]（0.20*1）,榴莲王披萨-7英寸(手拍)[{""name"":""规格"",""value"":""7英寸(手拍)""}]（33.90*1）",深海墨鱼丸1个+榴莲王披萨,,,,非会员,56,,,依据餐量提供餐具,,34.10,19.50,6.00,0.00,0,0,1.20,0.00,3.30,【活动支出】首次光顾立减:1.00元+【活动支出】饿了么红包:5.00元+【活动支出】替用户承担配送费:3.3元,-,-,-,0.00,杭州区域,杭州加盟,,,否,-,平台配送
圣比萨（临安店）,SBM00043,杭州,"8009686088940319004	",饿了么,平台外卖,已完成,2025-10-22 17:41:49,2025-10-22 17:41:49,2025-10-22 17:41:50,饿了么支付-在线支付,,即时单,2025-10-22 17:41:49,8.68,手动出餐,1,否,【任选】披萨随心配（31.90*1）,新奥尔良烤鸡肉披萨(7英寸(手拍))+深海墨鱼丸(3个)+小雪碧,,,,非会员,57,,,依据餐量提供餐具,,31.90,17.85,5.00,0.00,0,0,1.15,0.00,7.50,【活动支出】CPS商户叠加券:0.00元+【活动支出】饿了么红包:5.00元+【活动支出】替用户承担配送费:6.0元,-,-,-,0.00,杭州区域,杭州加盟,,,否,-,平台配送
圣比萨（临安店）,SBM00043,杭州,"8061566088941256051	",饿了么,平台外卖,已完成,2025-10-22 17:44:51,2025-10-22 17:44:51,2025-10-22 17:44:51,饿了么支付-在线支付,,即时单,2025-10-22 17:44:51,9.47,手动出餐,1,否,【随心❤️拼】7英寸双拼披萨（口味自选）[新奥尔良烤鸡肉+碳烤鸡肉培根]（27.90*1）,双拼7寸【奥尔良口味7】+双拼7寸【碳烤鸡肉培根口味7】,,,,非会员,58,,,请骑手放外面柜里，谢谢。 / 依据餐量提供餐具,,27.90,14.34,6.00,0.00,0,0,0.96,0.00,5.10,【活动支出】首次光顾立减:1.00元+【活动支出】饿了么红包:5.00元+【活动支出】替用户承担配送费:5.1元,-,-,-,0.00,杭州区域,杭州加盟,,,否,-,平台配送
圣比萨（临安店）,SBM00043,杭州,"8058676088989871571	",饿了么,平台外卖,已完成,2025-10-22 18:30:21,2025-10-22 18:30:21,2025-10-22 18:30:21,饿了么支付-在线支付,,即时单,2025-10-22 18:30:21,8.87,手动出餐,1,否,【任选】披萨随心配（31.90*1）,新奥尔良烤鸡肉披萨(7英寸(手拍))+蛋挞+小可乐,,,,非会员,59,,,2份餐具,,31.90,18.00,6.00,0.00,0,0,1.10,0.00,3.30,【活动支出】首次光顾立减:1.00元+【活动支出】饿了么红包:5.00元+【活动支出】替用户承担配送费:3.3元,-,-,-,0.00,杭州区域,杭州加盟,,,否,-,平台配送
圣比萨（临安店）,SBM00043,杭州,"8061976089027432807	",饿了么,平台外卖,已完成,2025-10-22 18:38:44,2025-10-22 18:38:44,2025-10-22 18:38:45,饿了么支付-在线支付,,即时单,2025-10-22 18:38:44,12.12,自动出餐,1,否,【任选】披萨随心配（31.90*1）,新奥尔良烤鸡肉披萨(7英寸(手拍))+深海墨鱼丸(3个)+小雪碧,,,,非会员,60,,,依据餐量提供餐具,,31.90,18.00,6.00,0.00,0,0,1.10,0.00,3.30,【活动支出】首次光顾立减:1.00元+【活动支出】吃货豆兑换的商家券:5.00元+【活动支出】替用户承担配送费:3.3元,-,-,-,0.00,杭州区域,杭州加盟,,,否,-,平台配送
圣比萨（临安店）,SBM00043,杭州,"8037856089035672034	",饿了么,平台外卖,已完成,2025-10-22 18:55:05,2025-10-22 18:55:05,2025-10-22 18:55:05,饿了么支付-在线支付,,即时单,2025-10-22 18:55:05,11.32,手动出餐,1,否,"【随心❤️拼】7英寸双拼披萨（口味自选）[碳烤鸡肉培根+新奥尔良烤鸡肉]（27.90*1）,奶酪芝士卷边（7英寸）（4.90*1）",双拼7寸【碳烤鸡肉培根口味7】+双拼7寸【奥尔良口味7】+奶酪芝士卷边7,,,,非会员,61,,,依据餐量提供餐具,,32.80,19.41,5.00,0.00,0,0,1.19,0.00,5.10,【活动支出】饿了么红包:5.00元+【活动支出】替用户承担配送费:5.1元,-,-,-,0.00,杭州区域,杭州加盟,,,否,-,平台配送
圣比萨（临安店）,SBM00043,杭州,"8057706089022377275	",饿了么,平台外卖,已完成,2025-10-22 19:07:18,2025-10-22 19:07:18,2025-10-22 19:07:18,饿了么支付-在线支付,,即时单,2025-10-22 19:07:18,11.37,手动出餐,1,否,【随心❤️拼】7英寸双拼披萨（口味自选）[新奥尔良烤鸡肉+玉米沙拉]（27.90*1）,双拼7寸【奥尔良口味7】+双拼7寸【玉米沙拉口味7】,,,,非会员,62,,,1份餐具；手机尾号：3212；接力送,,27.90,14.34,6.00,0.00,0,0,0.96,0.00,5.90,【活动支出】首次光顾立减:1.00元+【活动支出】饿了么红包:5.00元+【活动支出】替用户承担配送费:5.9元,-,-,-,0.00,杭州区域,杭州加盟,,,否,-,平台配送
圣比萨（临安店）,SBM00043,杭州,"8078506089008511256	",饿了么,平台外卖,已完成,2025-10-22 19:40:46,2025-10-22 19:40:46,2025-10-22 19:40:46,饿了么支付-在线支付,,即时单,2025-10-22 19:40:46,8.72,手动出餐,1,否,【随心❤️拼】7英寸双拼披萨（口味自选）[新奥尔良烤鸡肉+碳烤鸡肉培根]（27.90*1）,双拼7寸【奥尔良口味7】+双拼7寸【碳烤鸡肉培根口味7】,,,,非会员,63,,,依据餐量提供餐具,,27.90,14.74,6.00,0.00,0,0,0.96,0.00,3.30,【活动支出】首次光顾立减:1.00元+【活动支出】饿了么红包:5.00元+【活动支出】替用户承担配送费:3.3元,-,-,-,0.00,杭州区域,杭州加盟,,,否,-,平台配送
圣比萨（临安店）,SBM00043,杭州,"8040080255130406202	",饿了么,平台外卖,已完成,2025-10-22 19:44:41,2025-10-22 19:44:41,2025-10-22 19:44:41,饿了么支付-在线支付,,即时单,2025-10-22 19:44:41,10.62,手动出餐,1,否,【随心❤️拼】7英寸双拼披萨（口味自选）[新奥尔良烤鸡肉+缤纷水果]（27.90*1）,双拼7寸【奥尔良口味7】+双拼7寸【缤纷水果口味7】,,,,非会员,64,,,1份餐具；手机尾号：8899；接力送,,27.90,14.34,6.00,0.00,0,0,0.96,0.00,5.10,【活动支出】首次光顾立减:1.00元+【活动支出】饿了么红包:5.00元+【活动支出】替用户承担配送费:5.1元,-,-,-,0.00,杭州区域,杭州加盟,,,否,-,平台配送
圣比萨（临安店）,SBM00043,杭州,"8082966089038763373	",饿了么,平台外卖,已完成,2025-10-22 19:47:36,2025-10-22 19:47:36,2025-10-22 19:47:37,饿了么支付-在线支付,,即时单,2025-10-22 19:47:36,12.00,自动出餐,1,否,"【随心❤️拼】7英寸双拼披萨（口味自选）[新奥尔良烤鸡肉+浪漫威尼斯]（27.90*1）,红薯薯泥流心卷边（7英寸）（4.90*1）",双拼7寸【奥尔良口味7】+双拼7寸【浪漫威尼斯口味7】+红薯泥流心卷边7,,,,非会员,65,,,无需餐具,,32.80,18.66,6.00,0.00,0,0,1.14,0.00,4.50,【活动支出】首次光顾立减:1.00元+【活动支出】吃货豆兑换的商家券:5.00元+【活动支出】替用户承担配送费:4.5元,-,-,-,0.00,杭州区域,杭州加盟,,,否,-,平台配送
圣比萨（临安店）,SBM00043,杭州,"8067340255154207044	",饿了么,平台外卖,已完成,2025-10-22 19:54:36,2025-10-22 19:54:36,2025-10-22 19:54:37,饿了么支付-在线支付,,即时单,2025-10-22 19:54:36,11.50,手动出餐,1,否,【随心❤️拼】7英寸双拼披萨（口味自选）[新奥尔良烤鸡肉+新奥尔良烤鸡肉]（27.90*1）,双拼7寸【奥尔良口味7】+双拼7寸【奥尔良口味7】,,,,非会员,66,,,依据餐量提供餐具,,27.90,14.74,6.00,0.00,0,0,0.96,0.00,3.30,【活动支出】首次光顾立减:1.00元+【活动支出】饿了么红包:5.00元+【活动支出】替用户承担配送费:3.3元,-,-,-,0.00,杭州区域,杭州加盟,,,否,-,平台配送
圣比萨（临安店）,SBM00043,杭州,"8046200255247427067	",饿了么,平台外卖,已完成,2025-10-22 20:09:12,2025-10-22 20:09:12,2025-10-22 20:09:13,饿了么支付-在线支付,,即时单,2025-10-22 20:09:12,12.13,自动出餐,1,否,【随心❤️拼】9英寸双拼披萨（口味自选）[新奥尔良烤鸡肉+缤纷水果]（37.90*1）,双拼9寸【奥尔良口味9】+双拼9寸【缤纷水果口味9】,,,,非会员,67,,,依据餐量提供餐具,,37.90,23.11,6.00,0.00,0,0,1.39,0.00,3.30,【活动支出】首次光顾立减:1.00元+【活动支出】饿了么红包:5.00元+【活动支出】替用户承担配送费:3.3元,-,-,-,0.00,杭州区域,杭州加盟,,,否,-,平台配送
圣比萨（临安店）,SBM00043,杭州,"8005440255072056802	",饿了么,平台外卖,已完成,2025-10-22 20:47:03,2025-10-22 20:47:03,2025-10-22 20:47:03,饿了么支付-在线支付,,即时单,2025-10-22 20:47:03,9.05,手动出餐,1,否,【随心❤️拼】7英寸双拼披萨（口味自选）[缤纷水果+日系照烧鸡]（27.90*1）,双拼7寸【缤纷水果口味7】+双拼7寸【日系照烧口味7】,,,,非会员,68,,,依据餐量提供餐具,,27.90,14.74,6.00,0.00,0,0,0.96,0.00,3.90,【活动支出】首次光顾立减:1.00元+【活动支出】饿了么红包:0.00元+【活动支出】饿了么红包:5.00元+【活动支出】替用户承担配送费:3.9元,-,-,-,0.00,杭州区域,杭州加盟,,,否,-,平台配送
圣比萨（临安店）,SBM00043,杭州,"8011936089045331276	",饿了么,平台外卖,已完成,2025-10-22 21:45:00,2025-10-22 21:45:00,2025-10-22 21:45:00,饿了么支付-在线支付,,即时单,2025-10-22 21:45:00,10.40,手动出餐,1,否,"酸奶多多流心卷边（9英寸）（6.90*1）,新奥尔良烤鸡肉披萨-9英寸(手拍)[{""name"":""规格"",""value"":""9英寸(手拍)""}]（33.90*1）",酸奶多多流心卷边9+新奥尔良烤鸡肉披萨,,,,非会员,69,,,依据餐量提供餐具,,40.80,23.82,7.00,0.00,0,0,1.48,0.00,5.30,【活动支出】店铺满减:1.00元+【活动支出】首次光顾立减:1.00元+【活动支出】饿了么红包:5.00元+【活动支出】替用户承担配送费:5.3元,-,-,-,0.00,杭州区域,杭州加盟,,,否,-,平台配送
圣比萨（临安店）,SBM00043,杭州,"8098160255280538009	",饿了么,平台外卖,已完成,2025-10-22 22:08:58,2025-10-22 22:08:58,2025-10-22 22:08:58,饿了么支付-在线支付,,即时单,2025-10-22 22:08:58,12.23,自动出餐,1,否,【随心❤️拼】7英寸双拼披萨（口味自选）[新奥尔良烤鸡肉+碳烤鸡肉培根]（27.90*1）,双拼7寸【奥尔良口味7】+双拼7寸【碳烤鸡肉培根口味7】,,,,非会员,70,,,依据餐量提供餐具,,27.90,14.24,6.00,0.00,0,0,0.96,0.00,5.30,【活动支出】首次光顾立减:1.00元+【活动支出】饿了么红包:5.00元+【活动支出】替用户承担配送费:5.3元,-,-,-,0.00,杭州区域,杭州加盟,,,否,-,平台配送
圣比萨（临安店）,SBM00043,杭州,"8029556089104959959	",饿了么,平台外卖,已完成,2025-10-22 22:20:00,2025-10-22 22:20:00,2025-10-22 22:20:00,饿了么支付-在线支付,,即时单,2025-10-22 22:20:00,11.48,手动出餐,1,否,"【随心❤️拼】7英寸双拼披萨（口味自选）[新奥尔良烤鸡肉+碳烤鸡肉培根]（27.90*1）,芬达[冷]（5.00*1）,明星小食桶任选3（14.90*1）,经典薯条（8.90*1）,奶酪芝士卷边（7英寸）（4.90*1）",双拼7寸【奥尔良口味7】+双拼7寸【碳烤鸡肉培根口味7】+小芬达+缤纷芝士挞(香蕉味)+深海墨鱼丸(3个)+上校鸡块+经典薯条+奶酪芝士卷边7,,,,非会员,71,,,依据餐量提供餐具,,61.60,37.26,12.00,0.00,0,0,2.24,0.00,5.90,【活动支出】店铺满减:6.00元+【活动支出】首次光顾立减:1.00元+【活动支出】饿了么红包:5.00元+【活动支出】替用户承担配送费:5.9元,-,-,-,0.00,杭州区域,杭州加盟,,,否,-,平台配送
圣比萨（临安店）,SBM00043,杭州,"8008230255199133083	",饿了么,平台外卖,已完成,2025-10-22 23:20:54,2025-10-22 23:20:54,2025-10-22 23:20:54,饿了么支付-在线支付,,即时单,2025-10-22 23:20:54,10.78,手动出餐,1,否,"韩式咔滋炸鸡（双拼口味）[招牌甜辣【酱】+招牌甜辣【酱】]（15.90*1）,【随心❤️拼】9英寸双拼披萨（口味自选）[日系照烧鸡+新奥尔良烤鸡肉]（37.90*1）",韩式无骨炸鸡+双拼9寸【日系照烧口味9】+双拼9寸【奥尔良口味9】,,,,非会员,72,,,1份餐具,,53.80,34.70,7.00,0.00,0,0,2.10,0.00,6.50,【活动支出】店铺满减:1.00元+【活动支出】首次光顾立减:1.00元+【活动支出】饿了么红包:5.00元+【活动支出】饿了么红包:0.00元+【活动支出】替用户承担配送费:6.0元,-,-,-,0.00,杭州区域,杭州加盟,,,否,-,平台配送
圣比萨（临安店）,SBM00043,杭州,"8081606089095565623	",饿了么,平台外卖,已完成,2025-10-22 23:37:39,2025-10-22 23:37:39,2025-10-22 23:37:40,饿了么支付-在线支付,,即时单,2025-10-22 23:37:39,12.13,自动出餐,1,否,奥尔良风情烤鸡肉一人食盒子披萨（23.90*1）,奥尔良风情烤鸡肉一人食盒子披萨,,,,非会员,73,,,依据餐量提供餐具,,23.90,10.24,6.00,0.00,0,0,0.96,0.00,5.90,【活动支出】首次光顾立减:1.00元+【活动支出】饿了么红包:5.00元+【活动支出】替用户承担配送费:5.9元,-,-,-,0.00,杭州区域,杭州加盟,,,否,-,平台配送
圣比萨（临安店）,SBM00043,杭州,"8052360255300870637	",饿了么,平台外卖,已完成,2025-10-22 23:44:44,2025-10-22 23:44:44,2025-10-22 23:44:44,饿了么支付-在线支付,,即时单,2025-10-22 23:44:44,12.17,自动出餐,1,否,️【任选】意面随心配（31.90*1）,小可乐+蛋挞+招牌肉酱意面,,,,非会员,74,,,依据餐量提供餐具,,31.90,17.50,6.00,0.00,0,0,1.10,0.00,5.30,【活动支出】首次光顾立减:1.00元+【活动支出】超级会员专享红包:5.00元+【活动支出】替用户承担配送费:5.3元,-,-,-,0.00,杭州区域,杭州加盟,,,否,-,平台配送
圣比萨（新桥店）,SBM00041,温州,"8037676088793280979	",饿了么,平台外卖,已完成,2025-10-22 11:14:29,2025-10-22 11:14:29,2025-10-22 11:14:30,饿了么支付-在线支付,,即时单,2025-10-22 11:14:29,8.25,手动出餐,1,否,"黑椒牛肉意面（52.00*1）,餐盒（1.00*1）",黑椒牛肉意面,,,,非会员,1,,,依据餐量提供餐具,,52.00,15.12,31.10,0.00,0,0,1.43,0.00,3.50,【活动支出】单品特价:24.10元+【活动支出】 商家自营销加码:2.00元+【活动支出】CPS商户叠加券:0.00元+【活动支出】饿了么红包:5.00元+【活动支出】替用户承担配送费:3.5元,-,-,-,1.00,温州区域,温州加盟,,,否,-,平台配送
圣比萨（新桥店）,SBM00041,温州,"8089170255096452530	",饿了么,平台外卖,已完成,2025-10-22 14:25:12,2025-10-22 14:25:12,2025-10-22 14:25:12,饿了么支付-在线支付,,即时单,2025-10-22 14:25:12,17.93,手动出餐,1,否,"7英寸披萨一人食土豪餐[奥尔良鸡肉披萨7英寸+香卤翅根1个+深海墨鱼丸3个+小可乐]（70.00*1）,餐盒（2.00*1）",新奥尔良烤鸡肉披萨【7英寸(手拍)】+深海墨鱼丸3个+小可乐,,,,非会员,2,,,到了放家门口 / 1份餐具,,70.00,19.51,43.10,0.00,0,0,1.94,0.00,5.00,【活动支出】单品特价:35.10元+【活动支出】饿了么红包:8.00元+【活动支出】替用户承担配送费:5.0元,-,-,-,2.00,温州区域,温州加盟,,,否,-,平台配送
圣比萨（新桥店）,SBM00041,温州,"8096490255016615260	",饿了么,平台外卖,已完成,2025-10-22 14:41:55,2025-10-22 14:41:55,2025-10-22 14:41:55,饿了么支付-在线支付,,即时单,2025-10-22 14:41:55,10.87,手动出餐,1,否,"缤纷水果披萨-7英寸(经典手拍)[{""name"":""规格"",""value"":""7英寸(经典手拍)""}]（42.00*1）,餐盒（2.00*1）",缤纷水果披萨,,,,非会员,3,,,1份餐具,,42.00,12.12,25.10,0.00,0,0,1.43,0.00,3.50,【活动支出】单品特价:16.10元+【活动支出】粉丝群:2.00元+【活动支出】饿了么红包:7.00元+【活动支出】替用户承担配送费:3.5元,-,-,-,2.00,温州区域,温州加盟,,,否,-,平台配送
圣比萨（新桥店）,SBM00041,温州,"8084070254943078900	",饿了么,平台外卖,已完成,2025-10-22 15:54:59,2025-10-22 15:54:59,2025-10-22 15:55:00,饿了么支付-在线支付,,即时单,2025-10-22 15:54:59,11.82,手动出餐,1,否,"缤纷水果披萨-7英寸(经典手拍)[{""name"":""规格"",""value"":""7英寸(经典手拍)""}]（42.00*1）,餐盒（2.00*1）",缤纷水果披萨,,,,非会员,4,,,依据餐量提供餐具,,42.00,14.12,23.10,0.00,0,0,1.43,0.00,3.50,【活动支出】单品特价:16.10元+【活动支出】饿了么红包:7.00元+【活动支出】替用户承担配送费:3.5元,-,-,-,2.00,温州区域,温州加盟,,,否,-,平台配送
圣比萨（新桥店）,SBM00041,温州,"8016926089021356353	",饿了么,平台外卖,已完成,2025-10-22 18:23:02,2025-10-22 18:23:02,2025-10-22 18:23:02,饿了么支付-在线支付,,即时单,2025-10-22 18:23:02,9.93,手动出餐,1,否,"日系照烧鸡披萨-7寸(经典手拍)[{""name"":""规格"",""value"":""7寸(经典手拍)""}]（45.00*1）,餐盒（2.00*1）",日系照烧鸡披萨,,,,非会员,5,,,依据餐量提供餐具,,45.00,16.38,23.10,0.00,0,0,1.57,0.00,3.50,【活动支出】单品特价:16.10元+【活动支出】超级会员专享红包:5.00元+【活动支出】 商家自营销加码:2.00元+【活动支出】替用户承担配送费:3.5元,-,-,-,2.00,温州区域,温州加盟,,,否,-,平台配送
圣比萨（新桥店）,SBM00041,温州,"8045966088999971262	",饿了么,平台外卖,已完成,2025-10-22 19:29:55,2025-10-22 19:29:55,2025-10-22 19:29:55,饿了么支付-在线支付,,预约单,2025-10-22 20:30:00,38.88,手动出餐,1,否,"奥尔良烤鸡肉披萨-7寸(经典手拍)[{""name"":""规格"",""value"":""7寸(经典手拍)""}]（45.00*1）,餐盒（2.00*1）",新奥尔良烤鸡肉披萨,,,,非会员,6,,,依据餐量提供餐具,,45.00,12.12,28.10,0.00,0,0,1.43,0.00,3.50,【活动支出】单品特价:21.10元+【活动支出】 商家自营销加码:2.00元+【活动支出】CPS商户叠加券:0.00元+【活动支出】饿了么红包:5.00元+【活动支出】淘金币:0.00元+【活动支出】替用户承担配送费:3.5元,-,-,-,2.00,温州区域,温州加盟,,,否,-,平台配送
圣比萨（宜山店）,SBS00019,温州,"8063290254782488995	",饿了么,平台外卖,已完成,2025-10-21 23:03:18,2025-10-21 23:03:18,2025-10-21 23:03:19,饿了么支付-在线支付,,预约单,2025-10-22 11:05:00,676.70,自动出餐,1,否,"大圣拉丝芝士棒（8.90*1）,地道肠（3.90*1）,可口可乐[冷]（6.00*1）,【随心❤️拼】7英寸双拼披萨（口味自选）[新奥尔良烤鸡肉+碳烤鸡肉培根]（26.90*1）,餐盒（2.50*1）",大圣拉丝芝士棒+地道肠1根+小可乐+双拼7寸【奥尔良口味7】+双拼7寸【碳烤鸡肉培根口味7】,,,,非会员,1,,,无需餐具,,45.70,27.65,9.00,0.00,0,0,3.80,0.00,3.50,【活动支出】店铺满减:1.00元+【活动支出】饿了么红包:8.00元+【活动支出】替用户承担配送费:3.5元,-,-,-,2.50,温州区域,温州直营,,,否,-,平台配送
圣比萨（宜山店）,SBS00019,温州,"8095576088760013218	",饿了么,平台外卖,已完成,2025-10-22 10:47:35,2025-10-22 10:47:35,2025-10-22 10:47:35,饿了么支付-在线支付,,即时单,2025-10-22 10:47:35,15.07,自动出餐,1,否,"【任选】买一送一7英寸披萨（58.60*1）,点击右上角❤️收藏得小吃[薯饼1个]（3.00*1）,蛋挞一个（原味）（3.90*1）,餐盒（2.50*1）",日系照烧鸡披萨(7英寸(手拍))+碳烤鸡肉培根披萨(7英寸(手拍))+薯饼1个+蛋挞1个,,,,非会员,2,,,无需餐具,,65.50,34.20,20.81,0.00,0,0,4.64,0.00,3.50,【活动支出】店铺满减:6.00元+【活动支出】单品特价:2.90元+【活动支出】单品特价:2.91元+【活动支出】饿了么红包:9.00元+【活动支出】替用户承担配送费:3.5元,-,-,-,2.50,温州区域,温州直营,,,否,-,平台配送
圣比萨（宜山店）,SBS00019,温州,"8077130254796154263	",饿了么,平台外卖,已完成,2025-10-22 11:06:15,2025-10-22 11:06:15,2025-10-22 11:06:15,饿了么支付-在线支付,,即时单,2025-10-22 11:06:15,15.00,自动出餐,1,否,"咖喱鸡肉芝士焗饭（25.90*1）,餐盒（2.00*1）",咖喱鸡肉芝士焗饭,,,,非会员,3,,,依据餐量提供餐具,,25.90,13.67,7.00,0.00,0,0,1.88,0.00,3.50,【活动支出】超级会员专享红包:5.00元+【活动支出】 商家自营销加码:2.00元+【活动支出】替用户承担配送费:3.5元,-,-,-,2.00,温州区域,温州直营,,,否,-,平台配送
圣比萨（宜山店）,SBS00019,温州,"8054916088836487571	",饿了么,平台外卖,已完成,2025-10-22 11:34:04,2025-10-22 11:34:04,2025-10-22 11:34:05,饿了么支付-在线支付,,即时单,2025-10-22 11:34:04,15.05,自动出餐,1,否,"碳烤鸡肉芝士焗饭（28.90*1）,餐盒（2.00*1）",碳烤鸡肉芝士焗饭,,,,非会员,4,,,不用打电话敲门，放在门口就行 / 依据餐量提供餐具,,28.90,15.76,7.00,0.00,0,0,2.19,0.00,3.50,【活动支出】饿了么红包:7.00元+【活动支出】替用户承担配送费:3.5元,-,-,-,2.00,温州区域,温州直营,,,否,-,平台配送
圣比萨（宜山店）,SBS00019,温州,"8062290255063902608	",饿了么,平台外卖,已完成,2025-10-22 12:52:42,2025-10-22 12:52:42,2025-10-22 12:52:42,饿了么支付-在线支付,,即时单,2025-10-22 12:52:42,15.15,自动出餐,1,否,"碳烤鸡肉培根披萨-7英寸(手拍)[{""name"":""规格"",""value"":""7英寸(手拍)""}]（25.90*1）,餐盒（2.00*1）",碳烤鸡肉培根披萨,,,,非会员,5,,,依据餐量提供餐具,,25.90,13.67,7.00,0.00,0,0,1.88,0.00,3.50,【活动支出】饿了么红包:7.00元+【活动支出】替用户承担配送费:3.5元,-,-,-,2.00,温州区域,温州直营,,,否,-,平台配送
圣比萨（宜山店）,SBS00019,温州,"8068360254983557424	",饿了么,平台外卖,已完成,2025-10-22 13:01:27,2025-10-22 13:01:27,2025-10-22 13:01:27,饿了么支付-在线支付,,即时单,2025-10-22 13:01:27,15.15,自动出餐,1,否,"新奥尔良烤鸡肉披萨-7英寸(手拍)[{""name"":""规格"",""value"":""7英寸(手拍)""}]（23.90*1）,餐盒（2.00*1）",新奥尔良烤鸡肉披萨,,,,非会员,6,,,依据餐量提供餐具,,23.90,11.88,7.00,0.00,0,0,1.67,0.00,3.50,【活动支出】饿了么红包:7.00元+【活动支出】替用户承担配送费:3.5元,-,-,-,2.00,温州区域,温州直营,,,否,-,平台配送
圣比萨（宜山店）,SBS00019,温州,"8031300255065422316	",饿了么,平台外卖,已完成,2025-10-22 13:08:19,2025-10-22 13:08:19,2025-10-22 13:08:20,饿了么支付-在线支付,,即时单,2025-10-22 13:08:19,15.02,自动出餐,1,否,"缤纷水果披萨-7英寸(手拍)[{""name"":""规格"",""value"":""7英寸(手拍)""}]（25.90*1）,番茄牛肉意面（25.90*1）,餐盒（4.00*1）",缤纷水果披萨+番茄牛肉意面,,,,非会员,7,,,依据餐量提供餐具,,51.80,30.87,13.00,0.00,0,0,4.18,0.00,3.50,【活动支出】店铺满减:1.00元+【活动支出】饿了么红包:12.00元+【活动支出】替用户承担配送费:3.5元,-,-,-,4.00,温州区域,温州直营,,,否,-,平台配送
圣比萨（宜山店）,SBS00019,温州,"8034230255078930805	",饿了么,平台外卖,已完成,2025-10-22 13:36:33,2025-10-22 13:36:33,2025-10-22 13:36:33,饿了么支付-在线支付,,即时单,2025-10-22 13:36:33,15.08,自动出餐,1,否,"【随心❤️拼】9英寸双拼披萨（口味自选）[新奥尔良烤鸡肉+日系照烧鸡]（41.90*1）,餐盒（2.00*1）",双拼9寸【奥尔良口味9】+双拼9寸【日系照烧口味9】,,,,非会员,8,,,放门口篮子里就可以 / 依据餐量提供餐具,,41.90,24.40,9.00,0.00,0,0,3.35,0.00,3.50,【活动支出】店铺满减:1.00元+【活动支出】饿了么红包:8.00元+【活动支出】替用户承担配送费:3.5元,-,-,-,2.00,温州区域,温州直营,,,否,-,平台配送
圣比萨（宜山店）,SBS00019,温州,"8069430255077514691	",饿了么,平台外卖,已完成,2025-10-22 13:47:11,2025-10-22 13:47:11,2025-10-22 13:47:11,饿了么支付-在线支付,,即时单,2025-10-22 13:47:11,15.13,自动出餐,1,否,"️【任选】意面随心配（44.70*1）,餐盒（2.00*1）",烤甜玉米+上校鸡块+小可乐+招牌肉酱意面+盐酥鸡米花小份,,,,非会员,9,,,依据餐量提供餐具,,44.70,26.01,10.00,0.00,0,0,3.54,0.00,3.50,【活动支出】店铺满减:1.00元+【活动支出】饿了么红包:9.00元+【活动支出】替用户承担配送费:3.5元,-,-,-,2.00,温州区域,温州直营,,,否,-,平台配送
圣比萨（宜山店）,SBS00019,温州,"8094906088877196675	",饿了么,平台外卖,已完成,2025-10-22 15:13:55,2025-10-22 15:13:55,2025-10-22 15:13:55,饿了么支付-在线支付,,即时单,2025-10-22 15:13:55,15.05,自动出餐,1,否,"新奥尔良烤鸡肉披萨-7英寸(手拍)[{""name"":""规格"",""value"":""7英寸(手拍)""}]（23.90*1）,酸奶多多流心卷边（7英寸）（4.90*1）,黑椒牛肉意面（30.90*1）,餐盒（4.00*1）",新奥尔良烤鸡肉披萨+酸奶多多流心卷边7+黑椒牛肉意面,,,,非会员,10,,,依据餐量提供餐具,,59.70,42.41,6.00,0.00,0,0,5.74,0.00,3.50,【活动支出】店铺满减:6.00元+【活动支出】替用户承担配送费:3.5元,-,-,-,4.00,温州区域,温州直营,,,否,-,平台配送
圣比萨（宜山店）,SBS00019,温州,"8096410254992891297	",饿了么,平台外卖,已完成,2025-10-22 17:58:37,2025-10-22 17:58:37,2025-10-22 17:58:37,饿了么支付-在线支付,,即时单,2025-10-22 17:58:37,15.17,自动出餐,1,否,"大圣招牌大满贯披萨-9英寸(手拍)[{""name"":""规格"",""value"":""9英寸(手拍)""}]（49.90*1）,咸蛋黄风味流心卷边（9英寸）（6.90*1）,餐盒（2.00*1）",大圣招牌大满贯披萨+咸蛋黄流沙卷边9,,,,非会员,11,,,依据餐量提供餐具,,56.80,35.94,9.00,0.00,0,0,4.91,0.00,4.00,【活动支出】店铺满减:1.00元+【活动支出】饿了么红包:8.00元+【活动支出】替用户承担配送费:4.0元,-,-,-,2.00,温州区域,温州直营,,,否,-,平台配送
圣比萨（宜山店）,SBS00019,温州,"8074230255095462189	",饿了么,平台外卖,已完成,2025-10-22 18:26:38,2025-10-22 18:26:38,2025-10-22 18:26:38,饿了么支付-在线支付,,即时单,2025-10-22 18:26:38,15.08,自动出餐,1,否,"番茄牛肉意面（25.90*1）,餐盒（2.00*1）",番茄牛肉意面,,,,非会员,12,,,依据餐量提供餐具,,25.90,19.34,0,0.00,0,0,2.61,0.00,3.50,-,-,-,-,2.00,温州区域,温州直营,,,否,-,平台配送
圣比萨（宜山店）,SBS00019,温州,"8095240255074923827	",饿了么,平台外卖,已完成,2025-10-22 21:08:01,2025-10-22 21:08:01,2025-10-22 21:08:01,饿了么支付-在线支付,,即时单,2025-10-22 21:08:01,15.05,自动出餐,1,否,"点击右上角❤️收藏得小吃[墨鱼丸1个]（3.00*1）,【任选】买一送一7英寸披萨（66.50*1）,蛋挞一个（原味）（3.90*1）,餐盒（2.50*1）",深海墨鱼丸1个+榴莲王披萨(7英寸(手拍))+榴莲王披萨(7英寸(手拍))+蛋挞1个,,,,非会员,13,,,放电梯里，告诉一下就行，谢谢！ / 依据餐量提供餐具,,73.40,39.57,19.81,0.00,0,0,5.57,0.00,6.60,【活动支出】店铺满减:6.00元+【活动支出】单品特价:2.90元+【活动支出】单品特价:2.91元+【活动支出】饿了么红包:8.00元+【活动支出】替用户承担配送费:6.0元,-,-,-,2.50,温州区域,温州直营,,,否,-,平台配送
圣比萨（宜山店）,SBS00019,温州,"8013746089061357942	",饿了么,平台外卖,已完成,2025-10-22 21:10:10,2025-10-22 21:10:10,2025-10-22 21:10:10,饿了么支付-在线支付,,即时单,2025-10-22 21:10:10,15.03,自动出餐,1,否,"【任选8件套】三人套餐（77.60*1）,餐盒（2.00*1）",新奥尔良烤鸡肉披萨(12英寸(手拍))+地道肠1根+地道肠1根+深海墨鱼丸(3个)+小薯条+港式奶茶+港式奶茶+港式奶茶,,,,非会员,14,,,依据餐量提供餐具,,77.60,47.78,14.00,0.00,0,0,6.57,0.00,6.10,【活动支出】店铺满减:6.00元+【活动支出】饿了么红包:8.00元+【活动支出】替用户承担配送费:6.0元,-,-,-,2.00,温州区域,温州直营,,,否,-,平台配送
圣比萨（宜山店）,SBS00019,温州,"8013430255084435959	",饿了么,平台外卖,已完成,2025-10-22 21:33:37,2025-10-22 21:33:37,2025-10-22 21:33:37,饿了么支付-在线支付,,即时单,2025-10-22 21:33:37,15.12,自动出餐,1,否,"新奥尔良烤鸡肉披萨-12英寸(手拍)[{""name"":""规格"",""value"":""12英寸(手拍)""}]（54.90*1）,餐盒（2.00*1）",新奥尔良烤鸡肉披萨,,,,非会员,15,,,依据餐量提供餐具,,54.90,34.34,9.00,0.00,0,0,4.71,0.00,5.60,【活动支出】店铺满减:1.00元+【活动支出】饿了么红包:8.00元+【活动支出】替用户承担配送费:5.6元,-,-,-,2.00,温州区域,温州直营,,,否,-,平台配送
圣比萨（宜山店）,SBS00019,温州,"8067536089070333436	",饿了么,平台外卖,已完成,2025-10-22 22:24:04,2025-10-22 22:24:04,2025-10-22 22:24:04,饿了么支付-在线支付,,即时单,2025-10-22 22:24:04,15.02,自动出餐,1,否,"大圣拉丝芝士棒（8.90*1）,点击右上角❤️收藏得小吃[薯饼1个]（3.00*1）,新奥尔良烤鸡肉披萨-9英寸(手拍)[{""name"":""规格"",""value"":""9英寸(手拍)""}]（39.90*1）,蛋挞一个（3.90*2）,蛋挞一个（原味）（3.90*1）,餐盒（3.50*1）",大圣拉丝芝士棒+薯饼1个+新奥尔良烤鸡肉披萨+蛋挞1个+蛋挞1个,,,,非会员,16,,,依据餐量提供餐具,,63.50,32.80,19.81,0.00,0,0,4.64,0.00,6.60,【活动支出】店铺满减:6.00元+【活动支出】单品特价:2.90元+【活动支出】单品特价:2.91元+【活动支出】饿了么红包:8.00元+【活动支出】替用户承担配送费:6.0元,-,-,-,3.50,温州区域,温州直营,,,否,-,平台配送
圣比萨（宜山店）,SBS00019,温州,"8047180255098420594	",饿了么,平台外卖,已完成,2025-10-22 22:39:11,2025-10-22 22:39:11,2025-10-22 22:39:11,饿了么支付-在线支付,,即时单,2025-10-22 22:39:11,15.08,自动出餐,1,否,"点击右上角❤️收藏得小吃[上校鸡块2个]（3.00*1）,炙热牛魔王披萨-12英寸(手拍)[{""name"":""规格"",""value"":""12英寸(手拍)""}]（61.90*1）,蛋挞一个（原味）（3.90*1）,餐盒（2.50*1）",上校鸡块2个+炙热牛魔王披萨+蛋挞1个,,,,非会员,17,,,依据餐量提供餐具,,68.80,36.95,19.81,0.00,0,0,5.09,0.00,5.60,【活动支出】店铺满减:6.00元+【活动支出】单品特价:2.90元+【活动支出】单品特价:2.91元+【活动支出】饿了么红包:8.00元+【活动支出】替用户承担配送费:5.6元,-,-,-,2.50,温州区域,温州直营,,,否,-,平台配送
圣比萨（宜山店）,SBS00019,温州,"8005120255194967499	",饿了么,平台外卖,已完成,2025-10-22 22:49:51,2025-10-22 22:49:51,2025-10-22 22:49:51,饿了么支付-在线支付,,即时单,2025-10-22 22:49:51,15.15,自动出餐,1,否,"奶酪芝士卷边（7英寸）（4.90*1）,新奥尔良烤鸡肉披萨-7英寸(手拍)[{""name"":""规格"",""value"":""7英寸(手拍)""}]（23.90*1）,餐盒（2.00*1）",奶酪芝士卷边7+新奥尔良烤鸡肉披萨,,,,非会员,18,,,无需餐具,,28.80,12.86,6.00,0.00,0,0,2.29,0.00,8.90,【活动支出】饿了么红包:6.00元+【活动支出】替用户承担配送费:6.0元,-,-,-,2.00,温州区域,温州直营,,,否,-,平台配送
圣比萨（宜山店）,SBS00019,温州,"8047300255100581219	",饿了么,平台外卖,已完成,2025-10-22 22:59:38,2025-10-22 22:59:38,2025-10-22 22:59:38,饿了么支付-在线支付,,即时单,2025-10-22 22:59:38,15.23,自动出餐,1,否,"【任选】买一送一7英寸披萨（49.80*1）,餐盒（2.00*1）",金沙咸蛋黄嫩鸡披萨(7英寸(手拍))+花果山披萨(7英寸(手拍)),,,,非会员,19,,,依据餐量提供餐具,,49.80,30.37,9.00,0.00,0,0,4.18,0.00,5.60,【活动支出】店铺满减:1.00元+【活动支出】饿了么红包:8.00元+【活动支出】替用户承担配送费:5.6元,-,-,-,2.00,温州区域,温州直营,,,否,-,平台配送
圣比萨（鞋都店）,SBM00008,温州,"8023290254572923322	",饿了么,平台外卖,已退款,2025-10-21 13:38:12,2025-10-21 13:38:12,2025-10-21 13:38:12,饿了么支付-在线支付,,预约单,2025-10-22 12:05:00,,未出餐,1,否,"需要保温袋（0.30*1）,缤纷水果披萨-7英寸(手拍)[{""name"":""规格"",""value"":""7英寸(手拍)""}]（42.00*1）",缤纷水果披萨,,,,非会员,1,,,依据餐量提供餐具,订单强制无效（商家主动取消已接订单、用户1分钟内取消),42.30,-7.13,23.70,16.20,0,0,1.43,0.45,5.60,【活动支出】单品特价:23.70元+【活动支出】替用户承担配送费:5.0元,-,-,-,0.00,温州区域,温州加盟,,,否,-,平台配送
圣比萨（鞋都店）,SBM00008,温州,"8044260254943097108	",饿了么,平台外卖,已完成,2025-10-22 10:14:42,2025-10-22 10:14:42,2025-10-22 10:14:42,饿了么支付-在线支付,,预约单,2025-10-22 11:00:00,64.13,被动出餐,1,否,"不要保温袋（0.00*1）,焗饭随心配（53.80*1）,餐盒（1.00*1）",地道肠1根+盐酥鸡米花小份+蛋挞1个+招牌肉酱芝士焗饭,,,,非会员,2,,,依据餐量提供餐具,,53.80,14.50,32.30,0.00,0,0,1.46,0.59,3.50,【活动支出】单品特价:25.30元+【活动支出】饿了么红包:7.00元+【活动支出】替用户承担配送费:3.5元,-,-,-,1.00,温州区域,温州加盟,,,否,-,平台配送
圣比萨（鞋都店）,SBM00008,温州,"8061606088760360306	",饿了么,平台外卖,已完成,2025-10-22 10:46:56,2025-10-22 10:46:56,2025-10-22 10:46:56,饿了么支付-在线支付,,即时单,2025-10-22 10:46:56,29.75,被动出餐,1,否,7寸日系照烧鸡披萨-单点（22.00*1）,日系照烧鸡披萨【7英寸(手拍)】,,,,非会员,3,,,依据餐量提供餐具,,22.00,12.00,0.00,0.00,0,0,0.00,0.00,,【活动支出】拼团反圈活动:0.00元,-,-,-,0.00,温州区域,温州加盟,,,否,-,平台配送
圣比萨（鞋都店）,SBM00008,温州,"8097060254873710066	",饿了么,平台外卖,已完成,2025-10-22 11:05:36,2025-10-22 11:05:36,2025-10-22 11:05:37,饿了么支付-在线支付,,即时单,2025-10-22 11:05:36,14.62,被动出餐,1,否,"不要保温袋（0.00*1）,番茄牛肉意面（52.00*1）,餐盒（1.00*1）",番茄牛肉意面,,,,非会员,4,,,依据餐量提供餐具,,52.00,10.67,35.10,0.00,0,0,1.43,0.45,3.50,【活动支出】单品特价:28.10元+【活动支出】饿了么红包:5.00元+【活动支出】 商家自营销加码:2.00元+【活动支出】CPS商户叠加券:0.00元+【活动支出】淘金币:0.00元+【活动支出】替用户承担配送费:3.5元,-,-,-,1.00,温州区域,温州加盟,,,否,-,平台配送
圣比萨（鞋都店）,SBM00008,温州,"8049210254806654237	",饿了么,平台外卖,已完成,2025-10-22 11:13:51,2025-10-22 11:13:51,2025-10-22 11:13:51,饿了么支付-在线支付,,即时单,2025-10-22 11:13:51,15.80,被动出餐,1,否,"需要保温袋（0.30*1）,披萨随心配（60.40*1）,【收藏福利】墨鱼丸一个（点亮右上角❤关注本店不迷路）（3.00*2）,藤椒金丝鸡排（10.88*1）,餐盒（3.00*1）",地道肠1根+盐酥鸡米花小份+薯饼2个+新奥尔良烤鸡肉披萨(7英寸(手拍))+深海墨鱼丸1个+金丝鸡排,,,,非会员,5,,,依据餐量提供餐具,,77.58,21.71,48.68,0.00,0,0,2.17,0.87,3.50,【活动支出】店铺满减:1.00元+【活动支出】首次光顾立减:1.00元+【活动支出】单品特价:29.90元+【活动支出】单品特价:2.90元+【活动支出】单品特价:2.98元+【活动支出】饿了么红包:8.00元+【活动支出】精准营销:2.90元+【活动支出】替用户承担配送费:3.5元,-,-,-,3.00,温州区域,温州加盟,,,否,-,平台配送
圣比萨（鞋都店）,SBM00008,温州,"8044330255008081361	",饿了么,平台外卖,已完成,2025-10-22 11:29:21,2025-10-22 11:29:21,2025-10-22 11:29:21,饿了么支付-在线支付,,即时单,2025-10-22 11:29:21,20.18,被动出餐,1,否,"不要保温袋（0.00*1）,焗饭随心配（53.80*1）,餐盒（1.00*1）",盐酥鸡米花小份+蛋挞1个+薯饼2个+碳烤鸡肉芝士焗饭,,,,非会员,6,,,依据餐量提供餐具,,53.80,14.50,32.30,0.00,0,0,1.46,0.59,3.50,【活动支出】单品特价:25.30元+【活动支出】饿了么红包:7.00元+【活动支出】替用户承担配送费:3.5元,-,-,-,1.00,温州区域,温州加盟,,,否,-,平台配送
圣比萨（鞋都店）,SBM00008,温州,"8072220255019926958	",饿了么,平台外卖,已完成,2025-10-22 11:45:09,2025-10-22 11:45:09,2025-10-22 11:45:09,饿了么支付-在线支付,,即时单,2025-10-22 11:45:09,18.58,被动出餐,1,否,"不要保温袋（0.00*1）,披萨随心配（60.40*1）,餐盒（1.00*1）",地道肠1根+深海墨鱼丸2个+上校鸡块2个+花果山披萨(7英寸(手拍)),,,,非会员,7,,,依据餐量提供餐具,,60.40,15.69,36.90,0.00,0,0,1.61,0.65,3.50,【活动支出】单品特价:29.90元+【活动支出】饿了么红包:7.00元+【活动支出】CPS商户叠加券:0.00元+【活动支出】淘金币:0.00元+【活动支出】替用户承担配送费:3.5元,-,-,-,1.00,温州区域,温州加盟,,,否,-,平台配送
圣比萨（鞋都店）,SBM00008,温州,"8030896088794714543	",饿了么,平台外卖,已完成,2025-10-22 11:46:17,2025-10-22 11:46:17,2025-10-22 11:46:17,饿了么支付-在线支付,,即时单,2025-10-22 11:46:17,31.78,被动出餐,1,否,"不要保温袋（0.00*1）,7寸披萨一人食土豪餐（70.00*1）,餐盒（2.00*1）",缤纷水果披萨(7英寸(手拍))+小可乐+深海墨鱼丸(3个)+上校鸡块,,,,非会员,8,,,依据餐量提供餐具,,70.00,22.31,40.10,0.00,0,0,2.17,0.87,3.50,【活动支出】单品特价:35.10元+【活动支出】饿了么红包:5.00元+【活动支出】替用户承担配送费:3.5元,-,-,-,2.00,温州区域,温州加盟,,,否,-,平台配送
圣比萨（鞋都店）,SBM00008,温州,"8003140254920626618	",饿了么,平台外卖,已完成,2025-10-22 11:46:57,2025-10-22 11:46:57,2025-10-22 11:46:57,饿了么支付-在线支付,,即时单,2025-10-22 11:46:57,26.70,被动出餐,1,否,"需要保温袋（0.30*1）,焗饭随心配（53.80*1）,餐盒（1.00*1）",地道肠1根+盐酥鸡米花小份+蛋挞1个+咖喱鸡肉芝士焗饭,,,,非会员,9,,,依据餐量提供餐具,,54.10,12.89,34.30,0.00,0,0,1.43,0.53,3.50,【活动支出】首次光顾立减:1.00元+【活动支出】单品特价:25.30元+【活动支出】精准营销红包:1.00元+【活动支出】饿了么红包:7.00元+【活动支出】替用户承担配送费:3.5元,-,-,-,1.00,温州区域,温州加盟,,,否,-,平台配送
圣比萨（鞋都店）,SBM00008,温州,"8073350254942990711	",饿了么,平台外卖,已完成,2025-10-22 11:50:32,2025-10-22 11:50:32,2025-10-22 11:50:33,饿了么支付-在线支付,,即时单,2025-10-22 11:50:32,19.02,被动出餐,1,否,"不要保温袋（0.00*1）,圣比招牌披萨-7寸(经典手拍)[{""name"":""规格"",""value"":""7寸(经典手拍)""}]（45.00*1）",大圣招牌大满贯披萨,,,,非会员,10,,,到了放桌上 / 依据餐量提供餐具,,45.00,16.02,20.80,0.00,0,0,1.59,0.64,3.50,【活动支出】单品特价:20.80元+【活动支出】替用户承担配送费:3.5元,-,-,-,0.00,温州区域,温州加盟,,,否,-,平台配送
圣比萨（鞋都店）,SBM00008,温州,"8055240254940940712	",饿了么,平台外卖,已完成,2025-10-22 11:52:56,2025-10-22 11:52:56,2025-10-22 11:52:56,饿了么支付-在线支付,,即时单,2025-10-22 11:52:56,20.62,被动出餐,1,否,"不要保温袋（0.00*1）,意面随心配（58.80*1）,餐盒（1.00*1）",黑椒烤肠意面+地道肠1根+蛋挞1个+薯饼2个,,,,非会员,11,,,1份餐具,,58.80,10.65,41.30,0.00,0,0,1.43,0.47,3.50,【活动支出】首次光顾立减:1.00元+【活动支出】单品特价:31.30元+【活动支出】超级会员专享红包:5.00元+【活动支出】 商家自营销加码:2.00元+【活动支出】粉丝群:2.00元+【活动支出】替用户承担配送费:3.5元,-,-,-,1.00,温州区域,温州加盟,,,否,-,平台配送
圣比萨（鞋都店）,SBM00008,温州,"8060516088874426851	",饿了么,平台外卖,已完成,2025-10-22 12:26:31,2025-10-22 12:26:31,2025-10-22 12:26:32,饿了么支付-在线支付,,即时单,2025-10-22 12:26:31,23.70,被动出餐,1,否,"不要保温袋（0.00*1）,番茄牛肉意面（52.00*1）,【粉丝福利】蛋挞一个（原味）（10.00*1）,【收藏福利】墨鱼丸一个（点亮右上角❤关注本店不迷路）（3.00*2）,餐盒（3.00*1）",番茄牛肉意面+蛋挞1个+深海墨鱼丸1个,,,,非会员,12,,,依据餐量提供餐具,,68.00,10.95,52.20,0.00,0,0,1.43,0.47,3.50,【活动支出】首次光顾立减:1.00元+【活动支出】单品特价:28.10元+【活动支出】单品特价:8.30元+【活动支出】单品特价:2.90元+【活动支出】饿了么红包:7.00元+【活动支出】粉丝群:2.00元+【活动支出】精准营销:2.90元+【活动支出】替用户承担配送费:3.5元,-,-,-,3.00,温州区域,温州加盟,,,否,-,平台配送
圣比萨（鞋都店）,SBM00008,温州,"8008876088852644349	",饿了么,平台外卖,已完成,2025-10-22 12:27:27,2025-10-22 12:27:27,2025-10-22 12:27:27,饿了么支付-在线支付,,即时单,2025-10-22 12:27:27,32.48,被动出餐,1,否,"招牌肉酱芝士焗饭（52.00*1）,不要保温袋（0.00*1）,餐盒（1.00*1）",招牌肉酱芝士焗饭,,,,非会员,13,,,依据餐量提供餐具,,52.00,9.84,34.10,0.00,0,0,1.43,0.48,5.60,【活动支出】首次光顾立减:1.00元+【活动支出】单品特价:24.10元+【活动支出】超级会员专享红包:5.00元+【活动支出】 商家自营销加码:2.00元+【活动支出】粉丝群:2.00元+【活动支出】替用户承担配送费:5.6元,-,-,-,1.00,温州区域,温州加盟,,,否,-,平台配送
圣比萨（鞋都店）,SBM00008,温州,"8059140254963957028	",饿了么,平台外卖,已完成,2025-10-22 13:08:47,2025-10-22 13:08:47,2025-10-22 13:08:47,饿了么支付-在线支付,,即时单,2025-10-22 13:08:47,16.68,被动出餐,1,否,"不要保温袋（0.00*1）,花果山披萨-7英寸(手拍)[{""name"":""规格"",""value"":""7英寸(手拍)""}]（42.00*1）,餐盒（1.00*1）",花果山披萨,,,,非会员,14,,,依据餐量提供餐具,,42.00,11.16,24.60,0.00,0,0,1.43,0.46,3.50,【活动支出】单品特价:16.10元+【活动支出】饿了么红包:5.00元+【活动支出】 商家自营销加码:2.00元+【活动支出】精准营销红包:1.50元+【活动支出】替用户承担配送费:3.5元,-,-,-,1.00,温州区域,温州加盟,,,否,-,平台配送
圣比萨（鞋都店）,SBM00008,温州,"8096606088850272618	",饿了么,平台外卖,已完成,2025-10-22 13:36:00,2025-10-22 13:36:00,2025-10-22 13:36:00,饿了么支付-在线支付,,即时单,2025-10-22 13:36:00,30.40,被动出餐,1,否,"榴莲王披萨-7英寸（经典手拍)[{""name"":""规格"",""value"":""7英寸（经典手拍)""}]（52.00*1）,需要保温袋（0.30*1）",榴莲王披萨,,,,非会员,15,,,依据餐量提供餐具,,52.30,20.52,21.40,0.00,0,0,2.09,0.84,5.00,【活动支出】单品特价:21.40元+【活动支出】替用户承担配送费:5.0元,-,-,-,0.00,温州区域,温州加盟,,,否,-,平台配送
圣比萨（鞋都店）,SBM00008,温州,"8067070254996471265	",饿了么,平台外卖,已完成,2025-10-22 13:38:10,2025-10-22 13:38:10,2025-10-22 13:38:11,饿了么支付-在线支付,,即时单,2025-10-22 13:38:10,26.00,被动出餐,1,否,"需要保温袋（0.30*1）,意面随心配（58.80*1）,餐盒（1.00*1）",番茄牛肉意面+盐酥鸡米花小份+深海墨鱼丸2个+上校鸡块2个,,,,非会员,16,,,1份餐具,,59.10,11.92,40.30,0.00,0,0,1.43,0.50,3.50,【活动支出】单品特价:31.30元+【活动支出】下单返红包:2.00元+【活动支出】饿了么红包:7.00元+【活动支出】替用户承担配送费:3.5元,-,-,-,1.00,温州区域,温州加盟,,,否,-,平台配送
圣比萨（鞋都店）,SBM00008,温州,"8002450254994601222	",饿了么,平台外卖,已完成,2025-10-22 13:44:03,2025-10-22 13:44:03,2025-10-22 13:44:04,饿了么支付-在线支付,,即时单,2025-10-22 13:44:03,41.73,被动出餐,1,否,"需要保温袋（0.30*1）,披萨随心配（60.40*1）,餐盒（1.00*1）",地道肠1根+蛋挞1个+薯饼2个+缤纷水果披萨(7英寸(手拍)),,,,非会员,17,,,依据餐量提供餐具,,60.70,12.06,39.90,0.00,0,0,1.43,0.56,5.60,【活动支出】首次光顾立减:1.00元+【活动支出】单品特价:29.90元+【活动支出】粉丝群:2.00元+【活动支出】饿了么红包:7.00元+【活动支出】替用户承担配送费:5.6元,-,-,-,1.00,温州区域,温州加盟,,,否,-,平台配送
圣比萨（鞋都店）,SBM00008,温州,"8003976088876172755	",饿了么,平台外卖,已完成,2025-10-22 13:55:59,2025-10-22 13:55:59,2025-10-22 13:55:59,饿了么支付-在线支付,,即时单,2025-10-22 13:55:59,21.67,被动出餐,1,否,"不要保温袋（0.00*1）,️任意爆款意面一人食套餐（61.00*1）,餐盒（2.00*1）",地道肠1根+番茄培根意面+小可乐,,,,非会员,18,,,依据餐量提供餐具,,61.00,18.89,35.60,0.00,0,0,1.83,0.73,3.50,【活动支出】单品特价:29.10元+【活动支出】饿了么红包:5.00元+【活动支出】精准营销红包:1.50元+【活动支出】替用户承担配送费:3.5元,-,-,-,2.00,温州区域,温州加盟,,,否,-,平台配送
圣比萨（鞋都店）,SBM00008,温州,"8092636088887936387	",饿了么,平台外卖,已完成,2025-10-22 14:01:47,2025-10-22 14:01:47,2025-10-22 14:01:47,饿了么支付-在线支付,,即时单,2025-10-22 14:01:47,33.80,被动出餐,1,否,"需要保温袋（0.30*1）,披萨随心配（60.40*1）,餐盒（1.00*1）",深海墨鱼丸2个+蛋挞1个+薯饼2个+海苔肉松披萨(7英寸(手拍)),,,,非会员,19,,,依据餐量提供餐具,,60.70,15.06,36.90,0.00,0,0,1.64,0.65,5.00,【活动支出】单品特价:29.90元+【活动支出】饿了么红包:7.00元+【活动支出】替用户承担配送费:5.0元,-,-,-,1.00,温州区域,温州加盟,,,否,-,平台配送
圣比萨（鞋都店）,SBM00008,温州,"8063986088859776501	",饿了么,平台外卖,已完成,2025-10-22 14:02:09,2025-10-22 14:02:09,2025-10-22 14:02:09,饿了么支付-在线支付,,即时单,2025-10-22 14:02:09,26.48,被动出餐,1,否,"不要保温袋（0.00*1）,榴莲王披萨-9英寸(轻巧薄脆)[{""name"":""规格"",""value"":""9英寸(轻巧薄脆)""}]（92.00*1）,明星小食桶A（35.00*1）,餐盒（3.00*1）",明星小食桶A,,,,非会员,20,,,依据餐量提供餐具,,127.00,32.96,84.20,0.00,0,0,3.21,1.28,3.50,【活动支出】店铺满减:6.00元+【活动支出】单品特价:48.10元+【活动支出】单品特价:21.10元+【活动支出】饿了么红包:9.00元+【活动支出】替用户承担配送费:3.5元,-,-,-,3.00,温州区域,温州加盟,,,否,-,平台配送
圣比萨（鞋都店）,SBM00008,温州,"8054200255092933962	",饿了么,平台外卖,已完成,2025-10-22 14:13:49,2025-10-22 14:13:49,2025-10-22 14:13:49,饿了么支付-在线支付,,即时单,2025-10-22 14:13:49,31.08,被动出餐,1,否,"不要保温袋（0.00*1）,披萨随心配（60.40*1）,餐盒（1.00*1）",盐酥鸡米花小份+深海墨鱼丸2个+蛋挞1个+日系照烧鸡披萨(7英寸(手拍)),,,,非会员,21,,,依据餐量提供餐具,,60.40,11.76,39.90,0.00,0,0,1.43,0.56,5.60,【活动支出】首次光顾立减:1.00元+【活动支出】单品特价:29.90元+【活动支出】饿了么红包:5.00元+【活动支出】 商家自营销加码:2.00元+【活动支出】粉丝群:2.00元+【活动支出】替用户承担配送费:5.6元,-,-,-,1.00,温州区域,温州加盟,,,否,-,平台配送
圣比萨（鞋都店）,SBM00008,温州,"8049566088895990164	",饿了么,平台外卖,已完成,2025-10-22 15:12:49,2025-10-22 15:12:49,2025-10-22 15:12:50,饿了么支付-在线支付,,即时单,2025-10-22 15:12:49,47.85,被动出餐,1,否,"需要保温袋（0.30*1）,【买一送一】买披萨送披萨[奥尔良鸡肉披萨7英寸+花果山披萨7英寸]（86.80*1）",新奥尔良烤鸡肉披萨【7英寸(手拍)】+花果山披萨【7英寸(手拍)】,,,,非会员,22,,,放在门口的洗衣机上/ 依据餐量提供餐具,,87.10,19.38,54.90,0.00,0,0,2.19,0.88,6.80,【活动支出】单品特价:54.90元+【活动支出】替用户承担配送费:6.0元,-,-,-,0.00,温州区域,温州加盟,,,否,-,平台配送
圣比萨（鞋都店）,SBM00008,温州,"8078706088933803493	",饿了么,平台外卖,已完成,2025-10-22 16:30:31,2025-10-22 16:30:31,2025-10-22 16:30:31,饿了么支付-在线支付,,即时单,2025-10-22 16:30:31,23.80,被动出餐,1,否,"不要保温袋（0.00*1）,超值7寸披萨一人食套餐（66.00*1）,餐盒（2.00*1）",芒果汁+上校鸡块+缤纷水果披萨(7英寸(手拍)),,,,非会员,23,,,依据餐量提供餐具,,66.00,18.44,41.10,0.00,0,0,1.79,0.72,3.50,【活动支出】单品特价:34.10元+【活动支出】饿了么红包:7.00元+【活动支出】替用户承担配送费:3.5元,-,-,-,2.00,温州区域,温州加盟,,,否,-,平台配送
圣比萨（鞋都店）,SBM00008,温州,"8027566088922293608	",饿了么,平台外卖,已完成,2025-10-22 17:12:29,2025-10-22 17:12:29,2025-10-22 17:12:29,饿了么支付-在线支付,,即时单,2025-10-22 17:12:29,18.42,被动出餐,1,否,"不要保温袋（0.00*1）,意面随心配（58.80*1）,蛋挞一个（原味）（5.00*1）,缤纷芝士挞-香蕉味[{""name"":""规格"",""value"":""香蕉味""}]（7.00*1）,餐盒（4.00*1）",黑椒烤肠意面+地道肠1根+上校鸡块2个+薯饼2个+蛋挞1个+缤纷芝士挞,,,,非会员,24,,,依据餐量提供餐具,,70.80,18.82,46.80,0.00,0,0,1.88,0.75,3.50,【活动支出】店铺满减:1.00元+【活动支出】单品特价:31.30元+【活动支出】单品特价:3.90元+【活动支出】单品特价:1.10元+【活动支出】饿了么红包:8.00元+【活动支出】精准营销红包:1.50元+【活动支出】替用户承担配送费:3.5元,-,-,-,4.00,温州区域,温州加盟,,,否,-,平台配送
圣比萨（鞋都店）,SBM00008,温州,"8036290255049760025	",饿了么,平台外卖,已完成,2025-10-22 17:18:50,2025-10-22 17:18:50,2025-10-22 17:18:50,饿了么支付-在线支付,,即时单,2025-10-22 17:18:50,37.08,被动出餐,1,否,"黑椒牛肉芝士焗饭（52.00*1）,需要保温袋（0.30*1）,餐盒（1.00*1）",黑椒牛肉芝士焗饭,,,,非会员,25,,,1份餐具,,52.30,13.93,31.10,0.00,0,0,1.44,0.58,4.50,【活动支出】单品特价:24.10元+【活动支出】饿了么红包:7.00元+【活动支出】替用户承担配送费:4.5元,-,-,-,1.00,温州区域,温州加盟,,,否,-,平台配送
圣比萨（鞋都店）,SBM00008,温州,"8076756088964166975	",饿了么,平台外卖,已完成,2025-10-22 17:30:17,2025-10-22 17:30:17,2025-10-22 17:30:17,饿了么支付-在线支付,,即时单,2025-10-22 17:30:17,34.87,被动出餐,1,否,"番茄牛肉意面（52.00*1）,需要保温袋（0.30*1）,玉米沙拉披萨-7英寸(手拍)[{""name"":""规格"",""value"":""7英寸(手拍)""}]（40.00*1）,餐盒（2.00*1）",番茄牛肉意面+玉米沙拉披萨,,,,非会员,26,,,。 / 依据餐量提供餐具,,92.30,24.58,58.20,0.00,0,0,2.48,0.99,5.00,【活动支出】店铺满减:1.00元+【活动支出】单品特价:28.10元+【活动支出】单品特价:17.10元+【活动支出】饿了么红包:12.00元+【活动支出】替用户承担配送费:5.0元,-,-,-,2.00,温州区域,温州加盟,,,否,-,平台配送
圣比萨（鞋都店）,SBM00008,温州,"8047596088949743921	",饿了么,平台外卖,已完成,2025-10-22 17:34:44,2025-10-22 17:34:44,2025-10-22 17:34:45,饿了么支付-在线支付,,即时单,2025-10-22 17:34:44,19.97,被动出餐,1,否,"任选披萨6选1+小吃5选1+饮料（58.00*1）,需要保温袋（0.30*1）,餐盒（2.00*1）",金丝鸡排+日系照烧鸡披萨(7英寸(手拍))+港式奶茶,,,,非会员,27,,,2份餐具,,58.30,16.02,36.10,0.00,0,0,1.59,0.64,3.50,【活动支出】首次光顾立减:1.00元+【活动支出】单品特价:26.10元+【活动支出】粉丝群:2.00元+【活动支出】饿了么红包:7.00元+【活动支出】替用户承担配送费:3.5元,-,-,-,2.00,温州区域,温州加盟,,,否,-,平台配送
圣比萨（鞋都店）,SBM00008,温州,"8090290254984865069	",饿了么,平台外卖,已完成,2025-10-22 17:35:55,2025-10-22 17:35:55,2025-10-22 17:35:55,饿了么支付-在线支付,,即时单,2025-10-22 17:35:55,14.55,被动出餐,1,否,"不要保温袋（0.00*1）,任选披萨8选1+小吃5选1+饮料单人餐（65.00*1）,餐盒（1.00*1）",缤纷水果披萨(7英寸(手拍))+深海墨鱼丸(3个)+小可乐,,,,非会员,28,,,1份餐具,,65.00,15.01,43.60,0.00,0,0,1.46,0.58,3.50,【活动支出】单品特价:35.10元+【活动支出】饿了么红包:7.00元+【活动支出】精准营销红包:1.50元+【活动支出】替用户承担配送费:3.5元,-,-,-,1.00,温州区域,温州加盟,,,否,-,平台配送
圣比萨（鞋都店）,SBM00008,温州,"8032996088970324447	",饿了么,平台外卖,已完成,2025-10-22 17:45:03,2025-10-22 17:45:03,2025-10-22 17:45:04,饿了么支付-在线支付,,即时单,2025-10-22 17:45:03,20.68,被动出餐,1,否,"不要保温袋（0.00*1）,缤纷水果披萨-7英寸(手拍)[{""name"":""规格"",""value"":""7英寸(手拍)""}]（42.00*1）,餐盒（1.00*1）",缤纷水果披萨,,,,非会员,29,,,依据餐量提供餐具,,42.00,11.64,24.10,0.00,0,0,1.43,0.48,3.50,【活动支出】首次光顾立减:1.00元+【活动支出】单品特价:16.10元+【活动支出】饿了么红包:7.00元+【活动支出】替用户承担配送费:3.5元,-,-,-,1.00,温州区域,温州加盟,,,否,-,平台配送
圣比萨（鞋都店）,SBM00008,温州,"8006896088972576162	",饿了么,平台外卖,已完成,2025-10-22 17:49:00,2025-10-22 17:49:00,2025-10-22 17:49:00,饿了么支付-在线支付,,即时单,2025-10-22 17:49:00,18.22,被动出餐,1,否,"意面随心配（58.80*1）,需要保温袋（0.30*1）,餐盒（1.00*1）",招牌肉酱意面+地道肠1根+深海墨鱼丸2个+上校鸡块2个,,,,非会员,30,,,依据餐量提供餐具,,59.10,13.86,38.30,0.00,0,0,1.43,0.56,3.50,【活动支出】单品特价:31.30元+【活动支出】饿了么红包:7.00元+【活动支出】替用户承担配送费:3.5元,-,-,-,1.00,温州区域,温州加盟,,,否,-,平台配送
圣比萨（鞋都店）,SBM00008,温州,"8046866089020034448	",饿了么,平台外卖,已完成,2025-10-22 18:19:35,2025-10-22 18:19:35,2025-10-22 18:19:35,饿了么支付-在线支付,,即时单,2025-10-22 18:19:35,19.93,被动出餐,1,否,"不要保温袋（0.00*1）,任选披萨8选1+小吃5选1+饮料单人餐（65.00*1）,薯饼3个（12.00*1）,餐盒（1.00*1）",新奥尔良烤鸡肉披萨(7英寸(手拍))+深海墨鱼丸(3个)+港式奶茶+薯饼,,,,非会员,31,,,依据餐量提供餐具,,77.00,17.10,52.60,0.00,0,0,1.68,0.67,3.50,【活动支出】单品特价:35.10元+【活动支出】单品特价:9.00元+【活动支出】饿了么红包:7.00元+【活动支出】精准营销红包:1.50元+【活动支出】替用户承担配送费:3.5元,-,-,-,1.00,温州区域,温州加盟,,,否,-,平台配送
圣比萨（鞋都店）,SBM00008,温州,"8085516089002269028	",饿了么,平台外卖,已完成,2025-10-22 18:28:28,2025-10-22 18:28:28,2025-10-22 18:28:28,饿了么支付-在线支付,,即时单,2025-10-22 18:28:28,21.25,被动出餐,1,否,"披萨随心配（60.40*1）,需要保温袋（0.30*1）,餐盒（1.00*1）",地道肠1根+盐酥鸡米花小份+薯饼2个+新奥尔良烤鸡肉披萨(7英寸(手拍)),,,,非会员,32,,,依据餐量提供餐具,,60.70,13.86,39.90,0.00,0,0,1.43,0.56,3.50,【活动支出】首次光顾立减:1.00元+【活动支出】单品特价:29.90元+【活动支出】粉丝群:2.00元+【活动支出】饿了么红包:7.00元+【活动支出】替用户承担配送费:3.5元,-,-,-,1.00,温州区域,温州加盟,,,否,-,平台配送
圣比萨（鞋都店）,SBM00008,温州,"8026746088992865669	",饿了么,平台外卖,已完成,2025-10-22 18:38:10,2025-10-22 18:38:10,2025-10-22 18:38:11,饿了么支付-在线支付,,即时单,2025-10-22 18:38:10,17.40,被动出餐,1,否,"不要保温袋（0.00*1）,意面随心配（58.80*1）,餐盒（1.00*1）",番茄牛肉意面+盐酥鸡米花小份+上校鸡块2个+蛋挞1个,,,,非会员,33,,,依据餐量提供餐具,,58.80,13.56,38.30,0.00,0,0,1.43,0.56,3.50,【活动支出】单品特价:31.30元+【活动支出】饿了么红包:7.00元+【活动支出】替用户承担配送费:3.5元,-,-,-,1.00,温州区域,温州加盟,,,否,-,平台配送
圣比萨（鞋都店）,SBM00008,温州,"8037656089001373007	",饿了么,平台外卖,已完成,2025-10-22 18:59:11,2025-10-22 18:59:11,2025-10-22 18:59:12,饿了么支付-在线支付,,即时单,2025-10-22 18:59:11,54.10,被动出餐,1,否,"不要保温袋（0.00*1）,【粉丝福利】蛋挞一个（原味）（10.00*1）,任选披萨6选1+小吃5选1+饮料（58.00*1）,餐盒（3.00*1）",蛋挞1个+金丝鸡排+碳烤鸡肉培根披萨(7英寸(手拍))+港式奶茶,,,,非会员,34,,,依据餐量提供餐具,,68.00,12.02,43.90,0.00,0,0,1.81,0.72,9.90,【活动支出】单品特价:8.30元+【活动支出】单品特价:26.10元+【活动支出】饿了么红包:8.00元+【活动支出】精准营销红包:1.50元+【活动支出】替用户承担配送费:6.0元,-,-,-,3.00,温州区域,温州加盟,,,否,-,平台配送
圣比萨（鞋都店）,SBM00008,温州,"8077220255231823291	",饿了么,平台外卖,已完成,2025-10-22 19:29:22,2025-10-22 19:29:22,2025-10-22 19:29:23,饿了么支付-在线支付,,即时单,2025-10-22 19:29:22,28.27,被动出餐,1,否,"不要保温袋（0.00*1）,缤纷水果披萨-7英寸(手拍)[{""name"":""规格"",""value"":""7英寸(手拍)""}]（42.00*1）,餐盒（1.00*1）",缤纷水果披萨,,,,非会员,35,,,依据餐量提供餐具,,42.00,8.80,26.10,0.00,0,0,1.43,0.42,5.00,【活动支出】首次光顾立减:1.00元+【活动支出】单品特价:16.10元+【活动支出】饿了么红包:7.00元+【活动支出】粉丝群:2.00元+【活动支出】替用户承担配送费:5.0元,-,-,-,1.00,温州区域,温州加盟,,,否,-,平台配送
圣比萨（鞋都店）,SBM00008,温州,"8002776089081355684	",饿了么,平台外卖,已完成,2025-10-22 20:54:53,2025-10-22 20:54:53,2025-10-22 20:54:54,饿了么支付-在线支付,,即时单,2025-10-22 20:54:53,26.27,被动出餐,1,否,"7寸披萨一人食土豪餐（70.00*1）,不要保温袋（0.00*1）,【粉丝福利】蛋挞一个（原味）（10.00*1）,【福利优惠】上校鸡块一个（3.00*2）,【收藏福利】墨鱼丸一个（点亮右上角❤关注本店不迷路）（3.00*2）,餐盒（5.00*1）",浪漫威尼斯披萨(7英寸(手拍))+港式奶茶+深海墨鱼丸(3个)+金丝鸡排+蛋挞1个+上校鸡块1个+深海墨鱼丸1个,,,,非会员,36,,,依据餐量提供餐具,,92.00,21.47,63.70,0.00,0,0,2.27,0.91,5.00,【活动支出】店铺满减:1.00元+【活动支出】单品特价:35.10元+【活动支出】单品特价:8.30元+【活动支出】单品特价:2.90元+【活动支出】单品特价:2.90元+【活动支出】精准营销红包:1.50元+【活动支出】饿了么红包:12.00元+【活动支出】替用户承担配送费:5.0元,-,-,-,5.00,温州区域,温州加盟,,,否,-,平台配送
圣比萨（鞋都店）,SBM00008,温州,"8001646089040869737	",饿了么,平台外卖,已完成,2025-10-22 21:13:41,2025-10-22 21:13:41,2025-10-22 21:13:42,饿了么支付-在线支付,,即时单,2025-10-22 21:13:41,40.55,被动出餐,1,否,"需要保温袋（0.30*1）,7寸披萨一人食土豪餐（70.00*1）,餐盒（2.00*1）",新奥尔良烤鸡肉披萨(7英寸(手拍))+港式奶茶+深海墨鱼丸(3个)+金丝鸡排,,,,非会员,37,,,2份餐具,,70.30,16.70,44.10,0.00,0,0,1.89,0.76,7.70,【活动支出】首次光顾立减:1.00元+【活动支出】单品特价:35.10元+【活动支出】饿了么红包:8.00元+【活动支出】替用户承担配送费:6.0元,-,-,-,2.00,温州区域,温州加盟,,,否,-,平台配送
圣比萨（鞋都店）,SBM00008,温州,"8033040255175988539	",饿了么,平台外卖,已完成,2025-10-22 21:14:17,2025-10-22 21:14:17,2025-10-22 21:14:17,饿了么支付-在线支付,,即时单,2025-10-22 21:14:17,30.48,被动出餐,1,否,"不要保温袋（0.00*1）,海苔肉松披萨-7英寸（手拍）[{""name"":""规格"",""value"":""7英寸（手拍）""}]（45.00*1）,雀巢牛奶[热]（10.00*1）,薯饼3个（12.00*1）,餐盒（1.00*1）",海苔肉松披萨+雀巢牛奶+薯饼,,,,非会员,38,,,依据餐量提供餐具,,67.00,19.51,35.10,0.00,0,0,2.24,0.90,9.50,【活动支出】单品特价:16.10元+【活动支出】单品特价:2.00元+【活动支出】单品特价:9.00元+【活动支出】饿了么红包:8.00元+【活动支出】替用户承担配送费:6.0元,-,-,-,1.00,温州区域,温州加盟,,,否,-,平台配送
圣比萨（鞋都店）,SBM00008,温州,"8081310255179336161	",饿了么,平台外卖,已完成,2025-10-22 22:02:38,2025-10-22 22:02:38,2025-10-22 22:02:38,饿了么支付-在线支付,,即时单,2025-10-22 22:02:38,29.23,被动出餐,1,否,"意面随心配（58.80*1）,需要保温袋（0.30*1）,餐盒（1.00*1）",黑椒烤肠意面+盐酥鸡米花小份+蛋挞1个+薯饼2个,,,,非会员,39,,,依据餐量提供餐具,,59.10,10.45,41.30,0.00,0,0,1.43,0.47,6.10,【活动支出】首次光顾立减:1.00元+【活动支出】单品特价:31.30元+【活动支出】粉丝群:2.00元+【活动支出】饿了么红包:7.00元+【活动支出】替用户承担配送费:6.0元,-,-,-,1.00,温州区域,温州加盟,,,否,-,平台配送
圣比萨（鞋都店）,SBM00008,温州,"8074726089054685603	",饿了么,平台外卖,已完成,2025-10-22 22:28:15,2025-10-22 22:28:15,2025-10-22 22:28:15,饿了么支付-在线支付,,即时单,2025-10-22 22:28:15,13.15,被动出餐,1,否,"不要保温袋（0.00*1）,披萨随心配（60.40*1）,餐盒（1.00*1）",地道肠1根+盐酥鸡米花小份+深海墨鱼丸2个+新奥尔良烤鸡肉披萨(7英寸(手拍)),,,,非会员,40,,,依据餐量提供餐具,,60.40,15.19,36.90,0.00,0,0,1.61,0.65,5.60,【活动支出】单品特价:29.90元+【活动支出】饿了么红包:7.00元+【活动支出】替用户承担配送费:5.6元,-,-,-,1.00,温州区域,温州加盟,,,否,-,平台配送
圣比萨（鞋都店）,SBM00008,温州,"8069816089077253397	",饿了么,平台外卖,已完成,2025-10-22 22:32:02,2025-10-22 22:32:02,2025-10-22 22:32:02,饿了么支付-在线支付,,即时单,2025-10-22 22:32:02,24.62,被动出餐,1,否,"【收藏福利】墨鱼丸一个（点亮右上角❤关注本店不迷路）（3.00*2）,需要保温袋（0.30*1）,碳烤鸡肉培根披萨-7英寸(手拍)[{""name"":""规格"",""value"":""7英寸(手拍)""}]（45.00*1）,餐盒（2.00*1）",深海墨鱼丸1个+碳烤鸡肉培根披萨,,,,非会员,41,,,依据餐量提供餐具,,51.30,13.61,30.90,0.00,0,0,1.46,0.58,6.60,【活动支出】单品特价:2.90元+【活动支出】单品特价:16.10元+【活动支出】精准营销:2.90元+【活动支出】粉丝群:2.00元+【活动支出】饿了么红包:7.00元+【活动支出】替用户承担配送费:6.0元,-,-,-,2.00,温州区域,温州加盟,,,否,-,平台配送
圣比萨（仙降店）,SBM00047,温州,"8027976088731575805	",饿了么,平台外卖,已完成,2025-10-22 10:53:33,2025-10-22 10:53:33,2025-10-22 10:53:33,饿了么支付-在线支付,,即时单,2025-10-22 10:53:33,10.23,自动出餐,1,否,手握三选一-单点[缤纷水果]（20.00*1）,热带雨林水果一人食盒子披萨,,,,非会员,1,,,依据餐量提供餐具,,20.00,10.00,0.00,0.00,0,0,0.00,0.00,,【活动支出】拼团反圈活动:0.00元,-,-,-,0.00,温州区域,温州加盟,,,否,-,平台配送
圣比萨（仙降店）,SBM00047,温州,"8040626088833876293	",饿了么,平台外卖,已完成,2025-10-22 12:31:20,2025-10-22 12:31:20,2025-10-22 12:31:20,饿了么支付-在线支付,,即时单,2025-10-22 12:31:20,12.00,自动出餐,1,否,7寸日系照烧鸡披萨-单点（22.00*1）,日系照烧鸡披萨【7英寸(手拍)】,,,,非会员,2,,,依据餐量提供餐具,,22.00,12.00,0.00,0.00,0,0,0.00,0.00,,【活动支出】拼团反圈活动:0.00元,-,-,-,0.00,温州区域,温州加盟,,,否,-,平台配送
圣比萨（仙降店）,SBM00047,温州,"8060320255084164451	",饿了么,平台外卖,已完成,2025-10-22 14:13:05,2025-10-22 14:13:05,2025-10-22 14:13:05,饿了么支付-在线支付,,即时单,2025-10-22 14:13:05,10.15,自动出餐,1,否,手握三选一+二选一+可乐-单点[缤纷水果+上校鸡块 2 块+可乐]（24.00*1）,小可乐+热带雨林水果一人食盒子披萨+上校鸡块2个,,,,非会员,3,,,依据餐量提供餐具,,24.00,14.00,0.00,0.00,0,0,0.00,0.00,,【活动支出】拼团反圈活动:0.00元,-,-,-,0.00,温州区域,温州加盟,,,否,-,平台配送
圣比萨（仙降店）,SBM00047,温州,"8033210254930854306	",饿了么,平台外卖,已完成,2025-10-22 15:11:47,2025-10-22 15:11:47,2025-10-22 15:11:48,饿了么支付-在线支付,,即时单,2025-10-22 15:11:47,10.03,自动出餐,1,否,"【孩子爱吃】蛋挞1个（5.00*1）,7英寸披萨买一送一[奥尔良鸡肉披萨7英寸+缤纷水果披萨7英寸]（86.80*1）,蛋挞（10.00*1）,金丝鸡排（10.88*1）,餐盒（5.00*1）",蛋挞1个+新奥尔良烤鸡肉披萨【7英寸(手拍)】+缤纷水果披萨【7英寸(手拍)】+蛋挞+金丝鸡排,,,,非会员,4,,,依据餐量提供餐具,,112.68,38.21,64.99,0.00,0,0,3.73,0.00,6.20,【活动支出】店铺满减:6.00元+【活动支出】单品特价:3.01元+【活动支出】单品特价:39.90元+【活动支出】单品特价:1.10元+【活动支出】单品特价:2.98元+【活动支出】饿了么红包:12.00元+【活动支出】替用户承担配送费:6.0元,-,-,-,5.00,温州区域,温州加盟,,,否,-,平台配送
圣比萨（仙降店）,SBM00047,温州,"8038756088963418609	",饿了么,平台外卖,已完成,2025-10-22 17:36:47,2025-10-22 17:36:47,2025-10-22 17:36:47,饿了么支付-在线支付,,即时单,2025-10-22 17:36:47,12.12,自动出餐,1,否,"【随心拼】7英寸披萨(口味自选）[奥尔良+培根鸡肉]（54.00*1）,餐盒（2.00*1）",双拼7寸【奥尔良口味7】+双拼7寸【碳烤鸡肉培根口味7】,,,,非会员,5,,,依据餐量提供餐具,,54.00,17.31,31.10,0.00,0,0,1.64,0.00,3.50,【活动支出】单品特价:26.10元+【活动支出】饿了么红包:5.00元+【活动支出】替用户承担配送费:3.5元,-,-,-,2.00,温州区域,温州加盟,,,否,-,平台配送
圣比萨（仙降店）,SBM00047,温州,"8025766088990895512	",饿了么,平台外卖,已完成,2025-10-22 18:18:21,2025-10-22 18:18:21,2025-10-22 18:18:21,饿了么支付-在线支付,,预约单,2025-10-22 19:55:00,51.77,自动出餐,1,否,"榴莲多多薄脆披萨-单层[{""name"":""规格"",""value"":""单层""}]（102.00*1）,点击右上角❤️收藏得小吃[上校鸡块2个]（5.00*1）,餐盒（2.50*1）",榴莲多多薄脆披萨+上校鸡块2个,,,,非会员,6,,,2份餐具,,107.00,26.88,70.00,0.33,0,0,2.74,0.00,6.20,【活动支出】店铺满减:1.00元+【活动支出】单品特价:56.10元+【活动支出】单品特价:4.90元+【活动支出】CPS商户叠加券:0.00元+【活动支出】饿了么红包:8.00元+【活动支出】替用户承担配送费:6.0元,-,-,-,2.50,温州区域,温州加盟,,,否,-,平台配送
圣比萨（仙降店）,SBM00047,温州,"8051450255103599897	",饿了么,平台外卖,已完成,2025-10-22 18:22:17,2025-10-22 18:22:17,2025-10-22 18:22:18,饿了么支付-在线支付,,即时单,2025-10-22 18:22:17,12.13,自动出餐,1,否,"芝士焗红薯泥（19.00*1）,【随心拼】7英寸披萨(口味自选）[水果+水果]（54.00*1）,深海墨鱼丸-3个[{""name"":""规格"",""value"":""3个""}]（10.60*1）,盐酥鸡粒（21.00*1）,餐盒（7.00*1）",芝士焗红薯泥+双拼7寸【缤纷水果口味7】+双拼7寸【缤纷水果口味7】+深海墨鱼丸+盐酥鸡粒,,,,非会员,7,,,要现做，快点，配料多放点 / 3份餐具,,104.60,35.90,64.00,0.00,0,0,3.35,0.00,3.50,【活动支出】店铺满减:6.00元+【活动支出】单品特价:4.10元+【活动支出】单品特价:26.10元+【活动支出】单品特价:4.70元+【活动支出】单品特价:11.10元+【活动支出】CPS商户叠加券:0.00元+【活动支出】饿了么红包:12.00元+【活动支出】淘金币:0.00元+【活动支出】替用户承担配送费:3.5元,-,-,-,7.00,温州区域,温州加盟,,,否,-,平台配送
圣比萨（仙降店）,SBM00047,温州,"8083340255189408121	",饿了么,平台外卖,已完成,2025-10-22 18:22:54,2025-10-22 18:22:54,2025-10-22 18:22:54,饿了么支付-在线支付,,即时单,2025-10-22 18:22:54,12.00,自动出餐,1,否,新奥尔良烤鸡肉披萨7寸-单点（22.00*1）,新奥尔良烤鸡肉披萨【7英寸(手拍)】,,,,非会员,8,,,依据餐量提供餐具,,22.00,12.00,0.00,0.00,0,0,0.00,0.00,,【活动支出】拼团反圈活动:0.00元,-,-,-,0.00,温州区域,温州加盟,,,否,-,平台配送
圣比萨（仙降店）,SBM00047,温州,"8012586088976599310	",饿了么,平台外卖,已完成,2025-10-22 18:38:54,2025-10-22 18:38:54,2025-10-22 18:38:54,饿了么支付-在线支付,,即时单,2025-10-22 18:38:54,12.13,自动出餐,1,否,手握三选一-单点[奥尔良]（20.00*1）,奥尔良风情烤鸡肉一人食盒子披萨,,,,非会员,9,,,依据餐量提供餐具,,20.00,10.00,0.00,0.00,0,0,0.00,0.00,,【活动支出】拼团反圈活动:0.00元,-,-,-,0.00,温州区域,温州加盟,,,否,-,平台配送
圣比萨（仙降店）,SBM00047,温州,"8063646089048072558	",饿了么,平台外卖,已完成,2025-10-22 19:07:50,2025-10-22 19:07:50,2025-10-22 19:07:50,饿了么支付-在线支付,,即时单,2025-10-22 19:07:50,12.22,自动出餐,1,否,"碳烤鸡肉培根披萨9英寸（78.00*1）,奶酪芝士卷边（9英寸）（6.90*1）,餐盒（2.00*1）",碳烤鸡肉培根披萨【9英寸(手拍)】+奶酪芝士卷边9,,,,非会员,10,,,依据餐量提供餐具,,84.90,28.36,48.10,0.00,0,0,2.69,0.00,3.50,【活动支出】店铺满减:1.00元+【活动支出】单品特价:38.10元+【活动支出】饿了么红包:9.00元+【活动支出】替用户承担配送费:3.5元,-,-,-,2.00,温州区域,温州加盟,,,否,-,平台配送
圣比萨（仙降店）,SBM00047,温州,"8042010255165383069	",饿了么,平台外卖,已完成,2025-10-22 20:34:14,2025-10-22 20:34:14,2025-10-22 20:34:14,饿了么支付-在线支付,,即时单,2025-10-22 20:34:14,10.10,自动出餐,1,否,"7英寸披萨买一送一[日系照烧鸡披萨7英寸+碳烤鸡肉培根披萨7英寸]（86.80*1）,新店开业”点击右上角❤️收藏得0.1元多加5g芝士（5.00*1）,点击右上角❤️收藏得小吃[上校鸡块2个]（5.00*1）,餐盒（2.50*1）",日系照烧鸡披萨【7英寸(手拍)】+碳烤鸡肉培根披萨【7英寸(手拍)】+芝士5克+上校鸡块2个,,,,非会员,11,,,依据餐量提供餐具,,96.80,27.28,60.70,0.00,0,0,2.67,0.00,4.50,【活动支出】店铺满减:1.00元+【活动支出】单品特价:39.90元+【活动支出】单品特价:4.90元+【活动支出】单品特价:4.90元+【活动支出】下单返红包:2.00元+【活动支出】饿了么红包:8.00元+【活动支出】替用户承担配送费:4.5元,-,-,-,2.50,温州区域,温州加盟,,,否,-,平台配送
圣比萨（仙降店）,SBM00047,温州,"8045490255176863118	",饿了么,平台外卖,已完成,2025-10-22 21:17:48,2025-10-22 21:17:48,2025-10-22 21:17:49,饿了么支付-在线支付,,即时单,2025-10-22 21:17:48,10.23,自动出餐,1,否,"经典薯条（18.00*1）,招牌肉酱意面（52.00*1）,可乐[冷]（5.00*1）,餐盒（4.00*1）",经典薯条+招牌肉酱意面+可乐,,,,非会员,12,,,依据餐量提供餐具,,75.00,27.54,41.20,0.00,0,0,2.61,0.00,5.60,【活动支出】店铺满减:1.00元+【活动支出】单品特价:9.10元+【活动支出】单品特价:24.10元+【活动支出】 商家自营销加码:2.00元+【活动支出】饿了么红包:5.00元+【活动支出】替用户承担配送费:5.6元,-,-,-,4.00,温州区域,温州加盟,,,否,-,平台配送
圣比萨（仙降店）,SBM00047,温州,"8006380255187925360	",饿了么,平台外卖,已完成,2025-10-22 21:58:17,2025-10-22 21:58:17,2025-10-22 21:58:17,饿了么支付-在线支付,,即时单,2025-10-22 21:58:17,10.22,自动出餐,1,否,"榴莲王披萨7英寸（52.00*1）,餐盒（2.00*1）",榴莲王披萨7英寸,,,,非会员,13,,,依据餐量提供餐具,,52.00,23.98,18.10,0.00,0,0,2.47,0.00,8.30,【活动支出】店铺满减:1.00元+【活动支出】单品特价:12.10元+【活动支出】饿了么红包:5.00元+【活动支出】替用户承担配送费:6.0元,-,-,-,2.00,温州区域,温州加盟,,,否,-,平台配送
圣比萨（仙降店）,SBM00047,温州,"8085450255189858584	",饿了么,平台外卖,已完成,2025-10-22 22:02:11,2025-10-22 22:02:11,2025-10-22 22:02:11,饿了么支付-在线支付,,即时单,2025-10-22 22:02:11,10.17,自动出餐,1,否,"【随心拼】7英寸披萨(口味自选）[水果+奥尔良]（54.00*1）,点击右上角❤️收藏得小吃[上校鸡块2个]（5.00*1）,餐盒（2.50*1）",双拼7寸【缤纷水果口味7】+双拼7寸【奥尔良口味7】+上校鸡块2个,,,,非会员,14,,,2份餐具,,59.00,14.22,40.00,0.00,0,0,1.43,0.00,5.60,【活动支出】单品特价:26.10元+【活动支出】单品特价:4.90元+【活动支出】下单返红包:2.00元+【活动支出】饿了么红包:7.00元+【活动支出】替用户承担配送费:5.6元,-,-,-,2.50,温州区域,温州加盟,,,否,-,平台配送
圣比萨（塘下店）,SBM00005,温州,"8066776088726926787	",饿了么,平台外卖,已完成,2025-10-22 09:49:27,2025-10-22 09:49:27,2025-10-22 09:49:27,饿了么支付-在线支付,,预约单,2025-10-22 10:45:00,22.27,手动出餐,1,否,"圣比至尊披萨-7英寸[{""name"":""规格"",""value"":""7英寸""}]（45.00*1）,餐盒（1.50*1）",大圣招牌大满贯披萨,,,,非会员,1,,,1份餐具,,45.00,13.79,24.10,0.00,0,0,1.46,0.00,5.60,【活动支出】单品特价:17.10元+【活动支出】 商家自营销加码:2.00元+【活动支出】饿了么红包:5.00元+【活动支出】替用户承担配送费:5.6元,-,-,-,1.50,温州区域,温州加盟,,,否,-,平台配送
圣比萨（塘下店）,SBM00005,温州,"8058816088742150613	",饿了么,平台外卖,已完成,2025-10-22 10:13:25,2025-10-22 10:13:25,2025-10-22 10:13:25,饿了么支付-在线支付,,预约单,2025-10-22 11:15:00,16.70,手动出餐,1,否,"深海墨鱼丸一个（4.00*2）,黑椒牛肉芝士焗饭（46.80*1）,餐盒（3.00*1）",深海墨鱼丸1个+黑椒牛肉芝士焗饭,,,,非会员,2,,,依据餐量提供餐具,,54.80,17.51,31.71,0.00,0,0,1.73,0.00,5.00,【活动支出】单品特价:3.90元+【活动支出】单品特价:20.81元+【活动支出】超级会员专享红包:5.00元+【活动支出】 商家自营销加码:2.00元+【活动支出】替用户承担配送费:5.0元,-,-,-,3.00,温州区域,温州加盟,,,否,-,平台配送
圣比萨（塘下店）,SBM00005,温州,"8058320254950813057	",饿了么,平台外卖,已完成,2025-10-22 10:36:27,2025-10-22 10:36:27,2025-10-22 10:36:27,饿了么支付-在线支付,,即时单,2025-10-22 10:36:27,13.32,手动出餐,1,否,"乐享·薄脆榴莲多多披萨（73.00*1）,金丝鸡排（10.88*1）,蛋挞（10.00*1）,餐盒（3.00*1）",金丝鸡排+蛋挞,,,,非会员,3,,,2份餐具,,93.88,45.19,34.19,0.00,0,0,4.48,0.00,4.00,【活动支出】店铺满减:6.00元+【活动支出】单品特价:9.01元+【活动支出】单品特价:2.98元+【活动支出】单品特价:2.50元+【活动支出】精准营销:2.00元+【活动支出】饿了么红包:11.70元+【活动支出】替用户承担配送费:4.0元,-,-,-,3.00,温州区域,温州加盟,,,否,-,平台配送
圣比萨（塘下店）,SBM00005,温州,"8045010254765721000	",饿了么,平台外卖,已完成,2025-10-22 10:39:01,2025-10-22 10:39:01,2025-10-22 10:39:01,饿了么支付-在线支付,,即时单,2025-10-22 10:39:01,11.92,手动出餐,1,否,"7寸披萨8选1＋小吃6选1+饮料[缤纷水果披萨7英寸+金丝鸡排1个+牛奶+常温]（56.00*1）,餐盒（2.00*1）",缤纷水果披萨【7英寸(手拍)】+金丝鸡排+雀巢牛奶,,,,非会员,4,,,依据餐量提供餐具,,56.00,18.27,29.10,0.00,0,0,1.94,0.00,5.00,【活动支出】单品特价:21.10元+【活动支出】饿了么红包:8.00元+【活动支出】替用户承担配送费:5.0元,-,-,-,2.00,温州区域,温州加盟,,,否,-,平台配送
圣比萨（塘下店）,SBM00005,温州,"8079230254770539857	",饿了么,平台外卖,已完成,2025-10-22 10:46:05,2025-10-22 10:46:05,2025-10-22 10:46:05,饿了么支付-在线支付,,即时单,2025-10-22 10:46:05,11.57,手动出餐,1,否,"碳烤鸡肉芝士焗饭（45.60*1）,餐盒（2.00*1）",碳烤鸡肉芝士焗饭,,,,非会员,5,,,2份餐具,,45.60,8.61,27.61,0.00,0,0,1.43,0.00,8.00,【活动支出】单品特价:20.61元+【活动支出】饿了么红包:7.00元+【活动支出】替用户承担配送费:6.0元,-,-,-,2.00,温州区域,温州加盟,,,否,-,平台配送
圣比萨（塘下店）,SBM00005,温州,"8022170254785286502	",饿了么,平台外卖,已完成,2025-10-22 10:58:36,2025-10-22 10:58:36,2025-10-22 10:58:37,饿了么支付-在线支付,,即时单,2025-10-22 10:58:36,10.17,手动出餐,1,否,"奶香紫薯披萨-7英寸[{""name"":""规格"",""value"":""7英寸""}]（42.00*1）,雀巢牛奶[热]（10.00*1）,餐盒（1.00*1）",雀巢牛奶,,,,非会员,6,,,依据餐量提供餐具,,52.00,14.81,26.10,0.00,0,0,1.79,0.00,7.40,【活动支出】单品特价:17.10元+【活动支出】精准营销:2.00元+【活动支出】饿了么红包:7.00元+【活动支出】替用户承担配送费:6.0元,-,-,-,1.00,温州区域,温州加盟,,,否,-,平台配送
圣比萨（塘下店）,SBM00005,温州,"8068030254912853347	",饿了么,平台外卖,已完成,2025-10-22 11:16:35,2025-10-22 11:16:35,2025-10-22 11:16:36,饿了么支付-在线支付,,预约单,2025-10-22 13:10:00,63.12,手动出餐,1,否,"缤纷水果披萨-7英寸[{""name"":""规格"",""value"":""7英寸""}]（42.00*1）,餐盒（2.00*1）",缤纷水果披萨,,,,非会员,7,,,依据餐量提供餐具,,42.00,13.32,22.10,0.00,0,0,1.43,0.00,6.20,【活动支出】单品特价:17.10元+【活动支出】饿了么红包:5.00元+【活动支出】替用户承担配送费:6.0元,-,-,-,2.00,温州区域,温州加盟,,,否,-,平台配送
圣比萨（塘下店）,SBM00005,温州,"8088796088769632530	",饿了么,平台外卖,已完成,2025-10-22 11:21:38,2025-10-22 11:21:38,2025-10-22 11:21:38,饿了么支付-在线支付,,即时单,2025-10-22 11:21:38,11.28,手动出餐,1,否,"咖喱鸡肉芝士焗饭（44.85*1）,餐盒（2.00*1）",咖喱鸡肉芝士焗饭,,,,非会员,8,,,依据餐量提供餐具,,44.85,14.12,25.95,0.00,0,0,1.43,0.00,3.50,【活动支出】单品特价:18.95元+【活动支出】饿了么红包:7.00元+【活动支出】替用户承担配送费:3.5元,-,-,-,2.00,温州区域,温州加盟,,,否,-,平台配送
圣比萨（塘下店）,SBM00005,温州,"8085646088845679966	",饿了么,平台外卖,已完成,2025-10-22 11:39:28,2025-10-22 11:39:28,2025-10-22 11:39:28,饿了么支付-在线支付,,即时单,2025-10-22 11:39:28,11.78,手动出餐,1,否,"圣比至尊披萨-9英寸[{""name"":""规格"",""value"":""9英寸""}]（75.00*1）,餐盒（1.50*1）",大圣招牌大满贯披萨,,,,非会员,9,,,依据餐量提供餐具,,75.00,23.30,42.20,0.00,0,0,2.35,0.00,3.50,【活动支出】店铺满减:1.00元+【活动支出】单品特价:27.20元+【活动支出】订单集点返红包:5.00元+【活动支出】饿了么红包:9.00元+【活动支出】替用户承担配送费:3.5元,-,-,-,1.50,温州区域,温州加盟,,,否,-,平台配送
圣比萨（塘下店）,SBM00005,温州,"8042460255020266962	",饿了么,平台外卖,已完成,2025-10-22 11:48:05,2025-10-22 11:48:05,2025-10-22 11:48:05,饿了么支付-在线支付,,即时单,2025-10-22 11:48:05,10.60,手动出餐,1,否,"7英寸芝心卷边（10.00*1）,7寸披萨8选1＋小吃6选1+饮料[金牌芝士7英寸+金丝鸡排1个+柠檬茶+冷]（56.00*1）,餐盒（2.00*1）",金牌芝士披萨【7英寸(手拍)】+金丝鸡排+柠檬茶,,,,非会员,10,,,依据餐量提供餐具,,66.00,23.83,33.10,0.00,0,0,2.39,0.00,3.50,【活动支出】店铺满减:1.00元+【活动支出】单品特价:21.10元+【活动支出】精准营销:2.00元+【活动支出】饿了么红包:9.00元+【活动支出】替用户承担配送费:3.5元,-,-,-,2.00,温州区域,温州加盟,,,否,-,平台配送
圣比萨（塘下店）,SBM00005,温州,"8080876088813443367	",饿了么,平台外卖,已完成,2025-10-22 11:53:21,2025-10-22 11:53:21,2025-10-22 11:53:22,饿了么支付-在线支付,,即时单,2025-10-22 11:53:21,21.80,手动出餐,1,否,"缤纷水果披萨-7英寸[{""name"":""规格"",""value"":""7英寸""}]（42.00*1）,餐盒（2.00*1）",缤纷水果披萨,,,,非会员,11,,,不要葱 / 依据餐量提供餐具,,42.00,14.56,17.10,0.00,0,0,1.79,0.00,9.30,【活动支出】单品特价:17.10元+【活动支出】替用户承担配送费:6.0元,-,-,-,2.00,温州区域,温州加盟,,,否,-,平台配送
圣比萨（塘下店）,SBM00005,温州,"8054976088875403585	",饿了么,平台外卖,已完成,2025-10-22 12:26:03,2025-10-22 12:26:03,2025-10-22 12:26:03,饿了么支付-在线支付,,即时单,2025-10-22 12:26:03,12.83,手动出餐,1,否,招牌肉酱芝士焗饭（46.80*1）,招牌肉酱芝士焗饭,,,,非会员,12,,,依据餐量提供餐具,,46.80,10.82,27.40,0.00,0,0,1.43,0.00,5.60,【活动支出】单品特价:27.40元+【活动支出】替用户承担配送费:5.6元,-,-,-,0.00,温州区域,温州加盟,,,否,-,平台配送
圣比萨（塘下店）,SBM00005,温州,"8015460254952105298	",饿了么,平台外卖,已完成,2025-10-22 12:33:38,2025-10-22 12:33:38,2025-10-22 12:33:38,饿了么支付-在线支付,,即时单,2025-10-22 12:33:38,12.63,手动出餐,1,否,"圣比萨至尊套餐[圣比招牌比萨7英寸+奥尔良烤翅1对+柠檬茶+常温]（60.00*1）,餐盒（2.00*1）",奥尔良烤翅+柠檬茶,,,,非会员,13,,,要黑胡椒粉 / 依据餐量提供餐具,,60.00,18.01,35.10,0.00,0,0,1.79,0.00,3.50,【活动支出】单品特价:25.10元+【活动支出】粉丝群:2.00元+【活动支出】饿了么红包:8.00元+【活动支出】替用户承担配送费:3.5元,-,-,-,2.00,温州区域,温州加盟,,,否,-,平台配送
圣比萨（塘下店）,SBM00005,温州,"8037886088845203796	",饿了么,平台外卖,已完成,2025-10-22 12:39:52,2025-10-22 12:39:52,2025-10-22 12:39:52,饿了么支付-在线支付,,即时单,2025-10-22 12:39:52,12.60,手动出餐,1,否,"黑椒牛肉芝士焗饭（46.80*1）,餐盒（2.00*1）",黑椒牛肉芝士焗饭,,,,非会员,14,,,依据餐量提供餐具,,46.80,14.21,27.81,0.00,0,0,1.43,0.00,3.50,【活动支出】单品特价:20.81元+【活动支出】 商家自营销加码:2.00元+【活动支出】饿了么红包:5.00元+【活动支出】替用户承担配送费:3.5元,-,-,-,2.00,温州区域,温州加盟,,,否,-,平台配送
圣比萨（塘下店）,SBM00005,温州,"8015460254876469525	",饿了么,平台外卖,已完成,2025-10-22 12:40:24,2025-10-22 12:40:24,2025-10-22 12:40:24,饿了么支付-在线支付,,即时单,2025-10-22 12:40:24,12.40,手动出餐,1,否,"黑椒牛肉芝士焗饭（46.80*1）,餐盒（2.00*1）",黑椒牛肉芝士焗饭,,,,非会员,15,,,依据餐量提供餐具,,46.80,14.21,27.81,0.00,0,0,1.43,0.00,3.50,【活动支出】单品特价:20.81元+【活动支出】 商家自营销加码:2.00元+【活动支出】CPS商户叠加券:0.00元+【活动支出】饿了么红包:5.00元+【活动支出】替用户承担配送费:3.5元,-,-,-,2.00,温州区域,温州加盟,,,否,-,平台配送
圣比萨（塘下店）,SBM00005,温州,"8088606088887045594	",饿了么,平台外卖,已完成,2025-10-22 12:41:26,2025-10-22 12:41:26,2025-10-22 12:41:26,饿了么支付-在线支付,,即时单,2025-10-22 12:41:26,14.40,手动出餐,1,否,"盐酥鸡粒（21.00*1）,7寸披萨买一送一[水果披萨7英寸+碳烤鸡肉披萨7英寸]（74.00*1）,7英寸红薯泥卷边（8.00*1）,芝心卷边（10.00*1）,餐盒（4.00*1）",盐酥鸡粒+缤纷水果披萨【7英寸(手拍)】+碳烤鸡肉培根披萨【7英寸(手拍)】+奶酪芝士卷边7,,,,非会员,16,,,依据餐量提供餐具,,113.00,45.09,50.10,0.00,0,0,4.79,0.00,7.40,【活动支出】店铺满减:6.00元+【活动支出】单品特价:8.00元+【活动支出】单品特价:24.10元+【活动支出】饿了么红包:12.00元+【活动支出】替用户承担配送费:6.0元,-,-,-,4.00,温州区域,温州加盟,,,否,-,平台配送
圣比萨（塘下店）,SBM00005,温州,"8049320254983929107	",饿了么,平台外卖,已完成,2025-10-22 13:57:35,2025-10-22 13:57:35,2025-10-22 13:57:35,饿了么支付-在线支付,,即时单,2025-10-22 13:57:35,10.05,手动出餐,1,否,新奥尔良烤鸡肉披萨7寸-单点（22.00*1）,新奥尔良烤鸡肉披萨【7英寸(手拍)】,,,,非会员,17,,,依据餐量提供餐具,,22.00,12.00,0.00,0.00,0,0,0.00,0.00,,【活动支出】拼团反圈活动:0.00元,-,-,-,0.00,温州区域,温州加盟,,,否,-,平台配送
圣比萨（塘下店）,SBM00005,温州,"8031200255098729728	",饿了么,平台外卖,已退款,2025-10-22 14:31:21,2025-10-22 14:31:21,2025-10-22 14:31:21,饿了么支付-在线支付,,即时单,2025-10-22 14:31:21,,未出餐,1,否,"7英寸咸蛋黄卷边（10.00*1）,7寸披萨8选1＋小吃6选1+饮料[碳烤鸡肉培根披萨7英寸+原味烤肠两根+可乐(不可选热)+冷]（56.00*1）,餐盒（2.00*1）",地道肠【1根】,,,,非会员,18,,,依据餐量提供餐具,"餐厅同意取消单 ",66.00,-5.77,30.70,29.50,0,0,2.57,0.00,6.20,【活动支出】店铺满减:1.00元+【活动支出】单品特价:20.70元+【活动支出】饿了么红包:9.00元+【活动支出】替用户承担配送费:6.0元,-,-,-,2.00,温州区域,温州加盟,,,否,-,平台配送
圣比萨（塘下店）,SBM00005,温州,"8072320255012034923	",饿了么,平台外卖,已完成,2025-10-22 14:38:15,2025-10-22 14:38:15,2025-10-22 14:38:15,饿了么支付-在线支付,,即时单,2025-10-22 14:38:15,12.70,手动出餐,1,否,"新奥尔良烤鸡肉披萨7寸-单点[{""name"":""规格"",""value"":""单点""}]（22.00*1）",新奥尔良烤鸡肉披萨【7英寸(手拍)】,,,,非会员,19,,,-,,22.00,12.00,0.00,0.00,0,0,0.00,0.00,,【活动支出】拼团反圈活动:0.00元,-,-,-,0.00,温州区域,温州加盟,,,否,-,平台配送
圣比萨（塘下店）,SBM00005,温州,"8085946088888753523	",饿了么,平台外卖,已完成,2025-10-22 14:44:09,2025-10-22 14:44:09,2025-10-22 14:44:09,饿了么支付-在线支付,,即时单,2025-10-22 14:44:09,10.38,手动出餐,1,否,"7英寸奶酪卷边（8.00*1）,披萨保温袋（1.00*1）,7寸披萨8选1＋小吃6选1+饮料[金牌芝士7英寸+原味烤肠两根+柠檬茶+冷]（56.00*1）,餐盒（2.00*1）",金牌芝士披萨【7英寸(手拍)】+地道肠【1根】+柠檬茶,,,,非会员,20,,,依据餐量提供餐具,,65.00,24.65,30.70,0.00,0,0,2.50,0.00,3.50,【活动支出】店铺满减:1.00元+【活动支出】单品特价:20.70元+【活动支出】饿了么红包:9.00元+【活动支出】替用户承担配送费:3.5元,-,-,-,2.00,温州区域,温州加盟,,,否,-,平台配送
圣比萨（塘下店）,SBM00005,温州,"8027440255029074286	",饿了么,平台外卖,已完成,2025-10-22 15:51:34,2025-10-22 15:51:34,2025-10-22 15:51:35,饿了么支付-在线支付,,即时单,2025-10-22 15:51:34,16.02,手动出餐,1,否,"12英寸奶酪卷边（20.00*1）,缤纷水果披萨-12英寸[{""name"":""规格"",""value"":""12英寸""}]（106.00*1）",缤纷水果披萨,,,,非会员,21,,,依据餐量提供餐具,,126.00,54.09,55.50,0.00,0,0,5.06,0.00,3.50,【活动支出】外卖券:55.50元+【活动支出】替用户承担配送费:3.5元,-,-,-,0.00,温州区域,温州加盟,,,否,-,平台配送
圣比萨（塘下店）,SBM00005,温州,"8045786088908527929	",饿了么,平台外卖,已完成,2025-10-22 15:59:40,2025-10-22 15:59:40,2025-10-22 15:59:40,饿了么支付-在线支付,,即时单,2025-10-22 15:59:40,9.17,手动出餐,1,否,"7寸披萨8选1＋小吃6选1+饮料[缤纷水果披萨7英寸+盐酥鸡粒小份+牛奶+热]（56.00*1）,餐盒（2.00*1）",缤纷水果披萨【7英寸(手拍)】+雀巢牛奶,,,,非会员,22,,,注意：不要加糖 / 依据餐量提供餐具,,56.00,19.12,28.70,0.00,0,0,1.97,0.00,4.00,【活动支出】单品特价:20.70元+【活动支出】超级会员专享红包:8.00元+【活动支出】 商家自营销加码:0.00元+【活动支出】替用户承担配送费:4.0元,-,-,-,2.00,温州区域,温州加盟,,,否,-,平台配送
圣比萨（塘下店）,SBM00005,温州,"8058656088929497435	",饿了么,平台外卖,已完成,2025-10-22 16:08:48,2025-10-22 16:08:48,2025-10-22 16:08:48,饿了么支付-在线支付,,即时单,2025-10-22 16:08:48,10.97,手动出餐,1,否,"7寸披萨8选1＋小吃6选1+饮料[缤纷水果披萨7英寸+鸡肉串2串+奶茶+常温]（56.00*1）,餐盒（2.00*1）",缤纷水果披萨【7英寸(手拍)】+地道肠【1根】+港式奶茶,,,,非会员,23,,,依据餐量提供餐具,,56.00,19.09,27.70,0.00,0,0,2.05,0.00,5.00,【活动支出】单品特价:20.70元+【活动支出】饿了么红包:7.00元+【活动支出】替用户承担配送费:5.0元,-,-,-,2.00,温州区域,温州加盟,,,否,-,平台配送
圣比萨（塘下店）,SBM00005,温州,"8031696088923406688	",饿了么,平台外卖,已完成,2025-10-22 16:42:47,2025-10-22 16:42:47,2025-10-22 16:42:48,饿了么支付-在线支付,,即时单,2025-10-22 16:42:47,11.08,手动出餐,1,否,"招牌海苔肉松披萨单人餐[奥尔良烤翅+柠檬茶+海苔肉松披萨7英寸]（58.00*1）,披萨保温袋（1.00*1）,餐盒（2.00*1）",奥尔良烤翅+柠檬茶+海苔肉松披萨【7英寸(手拍)】,,,,非会员,24,,,依据餐量提供餐具,,59.00,19.45,32.70,0.00,0,0,1.90,0.00,3.50,【活动支出】店铺满减:1.00元+【活动支出】单品特价:22.70元+【活动支出】精准营销:2.00元+【活动支出】饿了么红包:7.00元+【活动支出】替用户承担配送费:3.5元,-,-,-,2.00,温州区域,温州加盟,,,否,-,平台配送
圣比萨（塘下店）,SBM00005,温州,"8067120255034262980	",饿了么,平台外卖,已完成,2025-10-22 16:43:49,2025-10-22 16:43:49,2025-10-22 16:43:49,饿了么支付-在线支付,,即时单,2025-10-22 16:43:49,10.20,手动出餐,1,否,"缤纷水果披萨-7英寸[{""name"":""规格"",""value"":""7英寸""}]（42.00*1）,餐盒（2.00*1）",缤纷水果披萨,,,,非会员,25,,,依据餐量提供餐具,,42.00,13.12,23.50,0.00,0,0,1.43,0.00,3.50,【活动支出】单品特价:16.50元+【活动支出】 商家自营销加码:2.00元+【活动支出】饿了么红包:5.00元+【活动支出】替用户承担配送费:3.5元,-,-,-,2.00,温州区域,温州加盟,,,否,-,平台配送
圣比萨（塘下店）,SBM00005,温州,"8088300255053710706	",饿了么,平台外卖,已完成,2025-10-22 16:49:15,2025-10-22 16:49:15,2025-10-22 16:49:15,饿了么支付-在线支付,,即时单,2025-10-22 16:49:15,10.40,手动出餐,1,否,"单人吃鸡套餐（超值大众味必点）[新奥尔良鸡肉披萨7英寸+奥尔良烤翅1对+柠檬茶+冷]（62.00*1）,餐盒（2.00*1）",单人吃鸡套餐（超值大众味必点）[新奥尔良鸡肉披萨7英寸+奥尔良烤翅1对+柠檬茶+冷]+餐盒,,,,非会员,26,,,依据餐量提供餐具,,62.00,17.96,36.70,0.00,0,0,1.82,0.00,3.50,【活动支出】单品特价:26.70元+【活动支出】粉丝群:2.00元+【活动支出】超会爆红包省钱包:8.00元+【活动支出】替用户承担配送费:3.5元,-,-,-,2.00,温州区域,温州加盟,,,否,-,平台配送
圣比萨（塘下店）,SBM00005,温州,"8017586088936579563	",饿了么,平台外卖,已完成,2025-10-22 16:57:24,2025-10-22 16:57:24,2025-10-22 16:57:25,饿了么支付-在线支付,,即时单,2025-10-22 16:57:24,9.72,手动出餐,1,否,"7英寸奶酪卷边（8.00*1）,可乐罐装[常温]（6.00*1）,榴莲王披萨（金枕榴莲果肉真果肉看的见吃的到）-7英寸[{""name"":""规格"",""value"":""7英寸""}]（52.00*1）,餐盒（2.00*1）",榴莲王披萨,,,,非会员,27,,,1份餐具,,66.00,26.69,28.70,0.00,0,0,2.72,0.00,3.50,【活动支出】店铺满减:1.00元+【活动支出】单品特价:16.70元+【活动支出】粉丝群:2.00元+【活动支出】饿了么红包:9.00元+【活动支出】替用户承担配送费:3.5元,-,-,-,2.00,温州区域,温州加盟,,,否,-,平台配送
圣比萨（塘下店）,SBM00005,温州,"8048230255165275417	",饿了么,平台外卖,已完成,2025-10-22 17:33:31,2025-10-22 17:33:31,2025-10-22 17:33:31,饿了么支付-在线支付,,即时单,2025-10-22 17:33:31,8.37,手动出餐,1,否,"芝士焗饭一人食套餐[碳烤鸡肉芝士焗饭+上校鸡块一份+奶茶+热]（62.00*1）,餐盒（2.00*1）",碳烤鸡肉芝士焗饭+上校鸡块+港式奶茶,,,,非会员,28,,,依据餐量提供餐具,,62.00,18.67,35.20,0.00,0,0,1.94,0.00,3.50,【活动支出】单品特价:27.20元+【活动支出】饿了么红包:8.00元+【活动支出】替用户承担配送费:3.5元,-,-,-,2.00,温州区域,温州加盟,,,否,-,平台配送
圣比萨（塘下店）,SBM00005,温州,"8036626088986507558	",饿了么,平台外卖,已完成,2025-10-22 18:30:10,2025-10-22 18:30:10,2025-10-22 18:30:11,饿了么支付-在线支付,,即时单,2025-10-22 18:30:10,10.17,手动出餐,1,否,新奥尔良烤鸡肉披萨7寸-单点（22.00*1）,新奥尔良烤鸡肉披萨【7英寸(手拍)】,,,,非会员,29,,,依据餐量提供餐具,,22.00,12.00,0.00,0.00,0,0,0.00,0.00,,【活动支出】拼团反圈活动:0.00元,-,-,-,0.00,温州区域,温州加盟,,,否,-,平台配送
圣比萨（塘下店）,SBM00005,温州,"8059420255097455938	",饿了么,平台外卖,已完成,2025-10-22 18:45:58,2025-10-22 18:45:58,2025-10-22 18:45:58,饿了么支付-在线支付,,即时单,2025-10-22 18:45:58,10.52,手动出餐,1,否,新奥尔良烤鸡肉披萨7寸-单点（22.00*1）,新奥尔良烤鸡肉披萨【7英寸(手拍)】,,,,非会员,30,,,4份餐具,,22.00,12.00,0.00,0.00,0,0,0.00,0.00,,【活动支出】拼团反圈活动:0.00元,-,-,-,0.00,温州区域,温州加盟,,,否,-,平台配送
圣比萨（塘下店）,SBM00005,温州,"8092420255121202456	",饿了么,平台外卖,已完成,2025-10-22 18:51:08,2025-10-22 18:51:08,2025-10-22 18:51:08,饿了么支付-在线支付,,预约单,2025-10-22 19:25:00,10.15,手动出餐,1,否,"缤纷水果披萨-7英寸[{""name"":""规格"",""value"":""7英寸""}]（42.00*1）,餐盒（2.00*1）",缤纷水果披萨,,,,非会员,31,,,依据餐量提供餐具,,42.00,13.12,23.50,0.00,0,0,1.43,0.00,3.50,【活动支出】单品特价:16.50元+【活动支出】饿了么红包:7.00元+【活动支出】替用户承担配送费:3.5元,-,-,-,2.00,温州区域,温州加盟,,,否,-,平台配送
圣比萨（塘下店）,SBM00005,温州,"8076516089026842931	",饿了么,平台外卖,已完成,2025-10-22 19:23:23,2025-10-22 19:23:23,2025-10-22 19:23:23,饿了么支付-在线支付,,即时单,2025-10-22 19:23:23,7.15,手动出餐,1,否,"番茄培根意面（45.60*1）,餐盒（2.00*1）",番茄培根意面,,,,非会员,32,,,放门口鞋架上，谢谢。 / 依据餐量提供餐具,,45.60,14.12,26.10,0.00,0,0,1.43,0.00,3.50,【活动支出】单品特价:21.10元+【活动支出】饿了么红包:5.00元+【活动支出】替用户承担配送费:3.5元,-,-,-,2.00,温州区域,温州加盟,,,否,-,平台配送
圣比萨（塘下店）,SBM00005,温州,"8036310255143778599	",饿了么,平台外卖,已完成,2025-10-22 19:38:03,2025-10-22 19:38:03,2025-10-22 19:38:03,饿了么支付-在线支付,,即时单,2025-10-22 19:38:03,7.72,手动出餐,1,否,新奥尔良烤鸡肉披萨7寸-单点（22.00*1）,新奥尔良烤鸡肉披萨【7英寸(手拍)】,,,,非会员,33,,,依据餐量提供餐具,,22.00,12.00,0.00,0.00,0,0,0.00,0.00,,【活动支出】拼团反圈活动:0.00元,-,-,-,0.00,温州区域,温州加盟,,,否,-,平台配送
圣比萨（塘下店）,SBM00005,温州,"8068966089061552588	",饿了么,平台外卖,已完成,2025-10-22 19:41:01,2025-10-22 19:41:01,2025-10-22 19:41:02,饿了么支付-在线支付,,即时单,2025-10-22 19:41:01,8.55,手动出餐,1,否,"圣比至尊披萨-7英寸[{""name"":""规格"",""value"":""7英寸""}]（45.00*1）,披萨保温袋（1.00*1）,餐盒（1.50*1）",大圣招牌大满贯披萨,,,,非会员,34,,,依据餐量提供餐具,,46.00,15.87,23.50,0.00,0,0,1.58,0.00,3.50,【活动支出】单品特价:16.50元+【活动支出】 商家自营销加码:2.00元+【活动支出】饿了么红包:5.00元+【活动支出】替用户承担配送费:3.5元,-,-,-,1.50,温州区域,温州加盟,,,否,-,平台配送
圣比萨（塘下店）,SBM00005,温州,"8087120255143171410	",饿了么,平台外卖,已完成,2025-10-22 19:55:42,2025-10-22 19:55:42,2025-10-22 19:55:43,饿了么支付-在线支付,,即时单,2025-10-22 19:55:42,8.17,手动出餐,1,否,"圣比至尊披萨-7英寸[{""name"":""规格"",""value"":""7英寸""}]（45.00*1）,披萨保温袋（1.00*1）,餐盒（1.50*1）",大圣招牌大满贯披萨,,,,非会员,35,,,3份餐具,,46.00,15.87,23.50,0.00,0,0,1.58,0.00,4.00,【活动支出】单品特价:16.50元+【活动支出】精准营销:2.00元+【活动支出】饿了么红包:5.00元+【活动支出】替用户承担配送费:4.0元,-,-,-,1.50,温州区域,温州加盟,,,否,-,平台配送
圣比萨（塘下店）,SBM00005,温州,"8074450255249127750	",饿了么,平台外卖,已完成,2025-10-22 20:07:29,2025-10-22 20:07:29,2025-10-22 20:07:29,饿了么支付-在线支付,,即时单,2025-10-22 20:07:29,9.07,手动出餐,1,否,"圣比至尊披萨-7英寸[{""name"":""规格"",""value"":""7英寸""}]（45.00*1）,榴莲芝士挞（12.00*1）,7英寸紫薯泥卷边（8.00*1）,餐盒（2.50*1）",大圣招牌大满贯披萨+榴莲芝士挞,,,,非会员,36,,,2份餐具,,65.00,20.49,29.10,0.00,0,0,2.66,0.00,8.00,【活动支出】店铺满减:1.00元+【活动支出】单品特价:16.50元+【活动支出】单品特价:2.60元+【活动支出】饿了么红包:9.00元+【活动支出】替用户承担配送费:6.0元,-,-,-,2.50,温州区域,温州加盟,,,否,-,平台配送
圣比萨（塘下店）,SBM00005,温州,"8027736089046196685	",饿了么,平台外卖,已完成,2025-10-22 20:20:24,2025-10-22 20:20:24,2025-10-22 20:20:25,饿了么支付-在线支付,,即时单,2025-10-22 20:20:24,11.50,手动出餐,1,否,"金边鲜虾菠萝披萨[红薯泥]（92.00*1）,薯饼3个（12.00*1）,餐盒（2.00*1）",薯饼,,,,非会员,37,,,依据餐量提供餐具,,104.00,34.26,56.70,0.00,0,0,3.47,0.00,3.50,【活动支出】店铺满减:6.00元+【活动支出】单品特价:26.70元+【活动支出】单品特价:9.00元+【活动支出】精准营销红包:3.00元+【活动支出】饿了么红包:12.00元+【活动支出】替用户承担配送费:3.5元,-,-,-,2.00,温州区域,温州加盟,,,否,-,平台配送
圣比萨（塘下店）,SBM00005,温州,"8041480255068606805	",饿了么,平台外卖,已完成,2025-10-22 20:33:00,2025-10-22 20:33:00,2025-10-22 20:33:00,饿了么支付-在线支付,,即时单,2025-10-22 20:33:00,10.07,手动出餐,1,否,"7寸披萨8选1＋小吃6选1+饮料[缤纷水果披萨7英寸+金丝鸡排1个+奶茶+常温]（56.00*1）,餐盒（2.00*1）",缤纷水果披萨【7英寸(手拍)】+金丝鸡排+港式奶茶,,,,非会员,38,,,依据餐量提供餐具,,56.00,16.21,32.70,0.00,0,0,1.67,0.00,3.50,【活动支出】单品特价:20.70元+【活动支出】订单集点返红包:5.00元+【活动支出】饿了么红包:7.00元+【活动支出】替用户承担配送费:3.5元,-,-,-,2.00,温州区域,温州加盟,,,否,-,平台配送
圣比萨（塘下店）,SBM00005,温州,"8075250255151453616	",饿了么,平台外卖,已完成,2025-10-22 20:43:21,2025-10-22 20:43:21,2025-10-22 20:43:22,饿了么支付-在线支付,,即时单,2025-10-22 20:43:21,8.93,手动出餐,1,否,"7寸披萨买一送一[碳烤鸡肉培根7英寸+碳烤鸡肉披萨7英寸]（74.00*1）,披萨保温袋（1.00*1）,餐盒（2.00*1）",碳烤鸡肉培根披萨【7英寸(手拍)】+碳烤鸡肉培根披萨【7英寸(手拍)】,,,,非会员,39,,,依据餐量提供餐具,,75.00,29.29,34.50,0.00,0,0,2.96,0.00,3.50,【活动支出】店铺满减:1.00元+【活动支出】单品特价:23.50元+【活动支出】饿了么红包:10.00元+【活动支出】替用户承担配送费:3.5元,-,-,-,2.00,温州区域,温州加盟,,,否,-,平台配送
圣比萨（塘下店）,SBM00005,温州,"8017480255154323716	",饿了么,平台外卖,已完成,2025-10-22 20:46:21,2025-10-22 20:46:21,2025-10-22 20:46:21,饿了么支付-在线支付,,即时单,2025-10-22 20:46:21,10.10,手动出餐,1,否,"玉米沙拉披萨-7英寸[{""name"":""规格"",""value"":""7英寸""}]（39.00*1）,餐盒（2.00*1）",玉米沙拉披萨,,,,非会员,40,,,小孩子吃 / 依据餐量提供餐具,,39.00,13.12,20.50,0.00,0,0,1.43,0.00,3.50,【活动支出】单品特价:13.50元+【活动支出】超级会员专享红包:5.00元+【活动支出】 商家自营销加码:2.00元+【活动支出】替用户承担配送费:3.5元,-,-,-,2.00,温州区域,温州加盟,,,否,-,平台配送
圣比萨（塘下店）,SBM00005,温州,"8024270255078269389	",饿了么,平台外卖,已完成,2025-10-22 21:07:15,2025-10-22 21:07:15,2025-10-22 21:07:15,饿了么支付-在线支付,,即时单,2025-10-22 21:07:15,10.20,手动出餐,1,否,"7寸披萨买一送一[新奥尔良鸡肉披萨7英寸+碳烤鸡肉披萨7英寸]（74.00*1）,餐盒（2.00*1）",碳烤鸡肉培根披萨【7英寸(手拍)】,,,,非会员,41,,,依据餐量提供餐具,,74.00,28.79,33.50,0.00,0,0,2.96,0.00,5.60,【活动支出】店铺满减:1.00元+【活动支出】单品特价:23.50元+【活动支出】饿了么红包:9.00元+【活动支出】替用户承担配送费:5.6元,-,-,-,2.00,温州区域,温州加盟,,,否,-,平台配送
圣比萨（塘下店）,SBM00005,温州,"8013150255093574134	",饿了么,平台外卖,已完成,2025-10-22 22:06:14,2025-10-22 22:06:14,2025-10-22 22:06:14,饿了么支付-在线支付,,即时单,2025-10-22 22:06:14,10.38,手动出餐,1,否,新奥尔良烤鸡肉披萨7寸-单点（22.00*1）,新奥尔良烤鸡肉披萨【7英寸(手拍)】,,,,非会员,42,,,依据餐量提供餐具,,22.00,12.00,0.00,0.00,0,0,0.00,0.00,,【活动支出】拼团反圈活动:0.00元,-,-,-,0.00,温州区域,温州加盟,,,否,-,平台配送
圣比萨（塘下店）,SBM00005,温州,"8082796089074158948	",饿了么,平台外卖,已完成,2025-10-22 22:08:44,2025-10-22 22:08:44,2025-10-22 22:08:44,饿了么支付-在线支付,,即时单,2025-10-22 22:08:44,10.75,手动出餐,1,否,"新奥尔良烤鸡肉披萨-7英寸[{""name"":""规格"",""value"":""7英寸""}]（42.00*1）,7英寸酸奶卷边（8.00*1）,榴莲王披萨（金枕榴莲果肉真果肉看的见吃的到）-7英寸[{""name"":""规格"",""value"":""7英寸""}]（52.00*1）,7英寸红薯泥卷边（8.00*1）,餐盒（4.00*1）",新奥尔良烤鸡肉披萨+榴莲王披萨,,,,非会员,43,,,依据餐量提供餐具,,110.00,42.27,50.20,0.00,0,0,4.56,0.00,8.30,【活动支出】店铺满减:6.00元+【活动支出】单品特价:15.50元+【活动支出】单品特价:16.70元+【活动支出】饿了么红包:12.00元+【活动支出】替用户承担配送费:6.0元,-,-,-,4.00,温州区域,温州加盟,,,否,-,平台配送
圣比萨（塘下店）,SBM00005,温州,"8008050255183383926	",饿了么,平台外卖,已完成,2025-10-22 22:16:28,2025-10-22 22:16:28,2025-10-22 22:16:29,饿了么支付-在线支付,,即时单,2025-10-22 22:16:28,10.15,手动出餐,1,否,"明星至尊桶（59.00*1）,缤纷芝士挞-香蕉味[{""name"":""规格"",""value"":""香蕉味""}]（7.00*2）,7寸披萨8选1＋小吃6选1+饮料[缤纷水果披萨7英寸+上校鸡块一份+柠檬茶+冷]（56.00*1）,餐盒（8.00*1）",明星至尊桶+缤纷芝士挞+缤纷水果披萨【7英寸(手拍)】+上校鸡块+柠檬茶,,,,非会员,44,,,依据餐量提供餐具,,129.00,52.27,61.11,0.00,0,0,5.47,0.00,5.60,【活动支出】店铺满减:6.00元+【活动支出】单品特价:18.41元+【活动支出】单品特价:1.00元+【活动支出】单品特价:20.70元+【活动支出】精准营销红包:3.00元+【活动支出】饿了么红包:12.00元+【活动支出】替用户承担配送费:5.6元,-,-,-,8.00,温州区域,温州加盟,,,否,-,平台配送
圣比萨（塘下店）,SBM00005,温州,"8082916089109887294	",饿了么,平台外卖,已完成,2025-10-22 22:48:17,2025-10-22 22:48:17,2025-10-22 22:48:17,饿了么支付-在线支付,,即时单,2025-10-22 22:48:17,9.82,手动出餐,1,否,"7寸披萨8选1＋小吃6选1+饮料[缤纷水果披萨7英寸+金丝鸡排1个+柠檬茶+常温]（56.00*1）,餐盒（2.00*1）",缤纷水果披萨【7英寸(手拍)】+金丝鸡排+柠檬茶,,,,非会员,45,,,依据餐量提供餐具,,56.00,17.46,30.70,0.00,0,0,1.82,0.00,6.10,【活动支出】单品特价:20.70元+【活动支出】精准营销:2.00元+【活动支出】饿了么红包:8.00元+【活动支出】替用户承担配送费:6.0元,-,-,-,2.00,温州区域,温州加盟,,,否,-,平台配送
圣比萨（玉环坎门店）,SBS00032,台州,"8093160254867255666	",饿了么,平台外卖,已完成,2025-10-22 12:30:45,2025-10-22 12:30:45,2025-10-22 12:30:45,饿了么支付-在线支付,,即时单,2025-10-22 12:30:45,12.10,自动出餐,1,否,"海苔肉松披萨-7英寸(手拍)[{""name"":""规格"",""value"":""7英寸(手拍)""}]（29.90*1）,餐盒（2.00*1）",海苔肉松披萨,,,,非会员,1,,,依据餐量提供餐具,,29.90,17.21,7.00,0.00,0,0,1.59,0.00,2.80,【活动支出】饿了么红包:7.00元+【活动支出】替用户承担配送费:2.8元,-,-,-,2.00,台州区域,台州直营,,,否,-,平台配送
圣比萨（玉环坎门店）,SBS00032,台州,"8025040255011730760	",饿了么,平台外卖,已完成,2025-10-22 14:31:45,2025-10-22 14:31:45,2025-10-22 14:31:46,饿了么支付-在线支付,,即时单,2025-10-22 14:31:45,10.05,自动出餐,1,否,"酸奶多多流心卷边（7英寸）（4.90*1）,【随心❤️拼】7英寸双拼披萨（口味自选）[日系照烧鸡+碳烤鸡肉培根]（26.90*1）,餐盒（2.00*1）",酸奶多多流心卷边7+双拼7寸【日系照烧口味7】+双拼7寸【碳烤鸡肉培根口味7】,,,,非会员,2,,,不要洋葱 / 依据餐量提供餐具,,31.80,17.58,9.00,0.00,0,0,1.62,0.00,2.30,【活动支出】粉丝群:2.00元+【活动支出】饿了么红包:7.00元+【活动支出】替用户承担配送费:2.3元,-,-,-,2.00,台州区域,台州直营,,,否,-,平台配送
圣比萨（玉环坎门店）,SBS00032,台州,"8063846088906306016	",饿了么,平台外卖,已完成,2025-10-22 15:47:27,2025-10-22 15:47:27,2025-10-22 15:47:28,饿了么支付-在线支付,,即时单,2025-10-22 15:47:27,10.22,自动出餐,1,否,"碳烤鸡肉培根披萨-7英寸(手拍)[{""name"":""规格"",""value"":""7英寸(手拍)""}]（25.90*1）,餐盒（2.00*1）",碳烤鸡肉培根披萨,,,,非会员,3,,,依据餐量提供餐具,,25.90,14.56,7.00,0.00,0,0,1.34,0.00,2.30,【活动支出】 商家自营销加码:2.00元+【活动支出】饿了么红包:5.00元+【活动支出】替用户承担配送费:2.3元,-,-,-,2.00,台州区域,台州直营,,,否,-,平台配送
圣比萨（玉环坎门店）,SBS00032,台州,"8028420255022682385	",饿了么,平台外卖,已完成,2025-10-22 16:17:33,2025-10-22 16:17:33,2025-10-22 16:17:33,饿了么支付-在线支付,,即时单,2025-10-22 16:17:33,10.17,自动出餐,1,否,"【任选5件套】披萨意面我全都要（72.70*1）,点击右上角❤️收藏得小吃[上校鸡块2个]（2.00*1）,蛋挞一个（原味）（3.90*1）,餐盒（3.00*1）",明星小食桶C+招牌肉酱意面+大圣招牌大满贯披萨(7英寸(手拍))+柠檬茶+芒果汁+上校鸡块2个+蛋挞1个,,,,非会员,4,,,依据餐量提供餐具,,78.60,48.53,18.81,0.00,0,0,4.36,0.00,2.30,【活动支出】店铺满减:6.00元+【活动支出】单品特价:1.90元+【活动支出】单品特价:2.91元+【活动支出】 商家自营销加码:0.00元+【活动支出】饿了么红包:8.00元+【活动支出】替用户承担配送费:2.3元,-,-,-,3.00,台州区域,台州直营,,,否,-,平台配送
圣比萨（玉环坎门店）,SBS00032,台州,"8065430255062408452	",饿了么,平台外卖,已完成,2025-10-22 17:14:20,2025-10-22 17:14:20,2025-10-22 17:14:20,饿了么支付-在线支付,,即时单,2025-10-22 17:14:20,10.15,自动出餐,1,否,"地道肠（3.90*1）,招牌肉酱意面（52.00*1）,餐盒（2.50*1）",地道肠1根+招牌肉酱意面,,,,非会员,5,,,1份餐具,,55.90,18.04,33.10,0.00,0,0,1.66,0.00,2.30,【活动支出】单品特价:26.10元+【活动支出】超级会员专享红包:5.00元+【活动支出】 商家自营销加码:2.00元+【活动支出】替用户承担配送费:2.3元,-,-,-,2.50,台州区域,台州直营,,,否,-,平台配送
圣比萨（玉环坎门店）,SBS00032,台州,"8099480255069023606	",饿了么,平台外卖,已完成,2025-10-22 17:30:29,2025-10-22 17:30:29,2025-10-22 17:30:30,饿了么支付-在线支付,,即时单,2025-10-22 17:30:29,12.05,自动出餐,1,否,手握三选一-单点[奥尔良]（17.20*1）,奥尔良风情烤鸡肉一人食盒子披萨,,,,非会员,6,,,1份餐具,,17.20,10.00,0.00,0.00,0,0,0.00,0.00,,【活动支出】拼团反圈活动:0.00元,-,-,-,0.00,台州区域,台州直营,,,否,-,平台配送
圣比萨（玉环坎门店）,SBS00032,台州,"8024160255077200197	",饿了么,平台外卖,已完成,2025-10-22 17:39:33,2025-10-22 17:39:33,2025-10-22 17:39:34,饿了么支付-在线支付,,即时单,2025-10-22 17:39:33,11.77,手动出餐,1,否,"地道肠（3.90*1）,【随心❤️拼】7英寸双拼披萨（口味自选）[新奥尔良烤鸡肉+碳烤鸡肉培根]（26.90*1）,奶酪芝士卷边（7英寸）（4.90*1）,点击右上角❤️收藏得小吃[上校鸡块2个]（2.00*1）,蛋挞一个（原味）（3.90*1）,餐盒（3.50*1）",地道肠1根+双拼7寸【奥尔良口味7】+双拼7寸【碳烤鸡肉培根口味7】+奶酪芝士卷边7+上校鸡块2个+蛋挞1个,,,,非会员,7,,,依据餐量提供餐具,,41.60,21.61,14.81,0.00,0,0,1.98,0.00,2.80,【活动支出】店铺满减:1.00元+【活动支出】单品特价:1.90元+【活动支出】单品特价:2.91元+【活动支出】粉丝群:2.00元+【活动支出】饿了么红包:7.00元+【活动支出】替用户承担配送费:2.8元,-,-,-,3.50,台州区域,台州直营,,,否,-,平台配送
圣比萨（玉环坎门店）,SBS00032,台州,"8024270255078359308	",饿了么,平台外卖,已完成,2025-10-22 17:45:54,2025-10-22 17:45:54,2025-10-22 17:45:54,饿了么支付-在线支付,,即时单,2025-10-22 17:45:54,12.02,自动出餐,1,否,"明星小食桶B（19.90*1）,榴莲王披萨-7英寸(手拍)[{""name"":""规格"",""value"":""7英寸(手拍)""}]（33.90*1）,蛋挞一个（原味）（3.90*1）,餐盒（3.50*1）",明星小食桶B+榴莲王披萨+蛋挞1个,,,,非会员,8,,,1份餐具,,57.70,38.43,10.91,0.00,0,0,3.46,0.00,2.30,【活动支出】店铺满减:1.00元+【活动支出】单品特价:2.91元+【活动支出】 商家自营销加码:2.00元+【活动支出】饿了么红包:5.00元+【活动支出】替用户承担配送费:2.3元,-,-,-,3.50,台州区域,台州直营,,,否,-,平台配送
圣比萨（玉环坎门店）,SBS00032,台州,"8030070255100115424	",饿了么,平台外卖,已完成,2025-10-22 18:32:09,2025-10-22 18:32:09,2025-10-22 18:32:09,饿了么支付-在线支付,,即时单,2025-10-22 18:32:09,12.13,自动出餐,1,否,"红薯薯泥流心卷边（7英寸）（4.90*1）,【随心❤️拼】7英寸双拼披萨（口味自选）[花果山+新奥尔良烤鸡肉]（26.90*1）,蛋挞一个（原味）（3.90*1）,餐盒（2.50*1）",红薯泥流心卷边7+双拼7寸【花果山口味7】+双拼7寸【奥尔良口味7】+蛋挞1个,,,,非会员,9,,,依据餐量提供餐具,,35.70,18.03,12.91,0.00,0,0,1.66,0.00,2.30,【活动支出】单品特价:2.91元+【活动支出】 商家自营销加码:0.00元+【活动支出】粉丝群:2.00元+【活动支出】饿了么红包:8.00元+【活动支出】替用户承担配送费:2.3元,-,-,-,2.50,台州区域,台州直营,,,否,-,平台配送
圣比萨（玉环坎门店）,SBS00032,台州,"8046450255235648996	",饿了么,平台外卖,已完成,2025-10-22 19:33:49,2025-10-22 19:33:49,2025-10-22 19:33:49,饿了么支付-在线支付,,即时单,2025-10-22 19:33:49,10.22,自动出餐,1,否,"【随心❤️拼】7英寸双拼披萨（口味自选）[新奥尔良烤鸡肉+日系照烧鸡]（26.90*1）,奶酪芝士卷边（7英寸）（4.90*1）,餐盒（2.00*1）",双拼7寸【奥尔良口味7】+双拼7寸【日系照烧口味7】+奶酪芝士卷边7,,,,非会员,10,,,依据餐量提供餐具,,31.80,17.58,9.00,0.00,0,0,1.62,0.00,2.30,【活动支出】粉丝群:2.00元+【活动支出】饿了么红包:7.00元+【活动支出】替用户承担配送费:2.3元,-,-,-,2.00,台州区域,台州直营,,,否,-,平台配送
圣比萨（玉环坎门店）,SBS00032,台州,"8054420255229799743	",饿了么,平台外卖,已完成,2025-10-22 19:38:09,2025-10-22 19:38:09,2025-10-22 19:38:09,饿了么支付-在线支付,,即时单,2025-10-22 19:38:09,10.23,自动出餐,1,否,"新奥尔良烤鸡肉披萨-9英寸(手拍)[{""name"":""规格"",""value"":""9英寸(手拍)""}]（33.90*1）,奶酪芝士卷边（9英寸）（6.90*1）,餐盒（2.00*1）",新奥尔良烤鸡肉披萨+奶酪芝士卷边9,,,,非会员,11,,,到了敲门 / 依据餐量提供餐具,,40.80,23.80,10.00,0.00,0,0,2.20,0.00,2.30,【活动支出】店铺满减:1.00元+【活动支出】饿了么红包:9.00元+【活动支出】替用户承担配送费:2.3元,-,-,-,2.00,台州区域,台州直营,,,否,-,平台配送
圣比萨（玉环坎门店）,SBS00032,台州,"8077826089007479183	",饿了么,平台外卖,已完成,2025-10-22 19:43:51,2025-10-22 19:43:51,2025-10-22 19:43:51,饿了么支付-在线支付,,即时单,2025-10-22 19:43:51,10.07,自动出餐,1,否,"【随心❤️拼】7英寸双拼披萨（口味自选）[缤纷水果+新奥尔良烤鸡肉]（26.90*1）,奶酪芝士卷边（7英寸）（4.90*1）,餐盒（2.00*1）",双拼7寸【缤纷水果口味7】+双拼7寸【奥尔良口味7】+奶酪芝士卷边7,,,,非会员,12,,,依据餐量提供餐具,,31.80,17.58,9.00,0.00,0,0,1.62,0.00,2.30,【活动支出】超级会员专享红包:5.00元+【活动支出】 商家自营销加码:2.00元+【活动支出】粉丝群:2.00元+【活动支出】替用户承担配送费:2.3元,-,-,-,2.00,台州区域,台州直营,,,否,-,平台配送
圣比萨（玉环坎门店）,SBS00032,台州,"8068160255158990223	",饿了么,平台外卖,已完成,2025-10-22 20:14:26,2025-10-22 20:14:26,2025-10-22 20:14:26,饿了么支付-在线支付,,即时单,2025-10-22 20:14:26,10.23,自动出餐,1,否,"榴莲王披萨-9英寸(手拍)[{""name"":""规格"",""value"":""9英寸(手拍)""}]（43.90*1）,餐盒（2.00*1）",榴莲王披萨,,,,非会员,13,,,依据餐量提供餐具,,43.90,23.90,13.00,0.00,0,0,2.20,0.00,2.30,【活动支出】店铺满减:1.00元+【活动支出】饿了么红包:12.00元+【活动支出】替用户承担配送费:2.3元,-,-,-,2.00,台州区域,台州直营,,,否,-,平台配送
圣比萨（玉环坎门店）,SBS00032,台州,"8017340255150374392	",饿了么,平台外卖,已完成,2025-10-22 20:31:37,2025-10-22 20:31:37,2025-10-22 20:31:38,饿了么支付-在线支付,,即时单,2025-10-22 20:31:37,10.13,自动出餐,1,否,"明星至尊桶（39.90*1）,餐盒（1.00*1）",明星至尊桶,,,,非会员,14,,,依据餐量提供餐具,,39.90,22.18,10.00,0.00,0,0,2.02,0.00,2.80,【活动支出】店铺满减:1.00元+【活动支出】超级会员专享红包:5.00元+【活动支出】 商家自营销加码:2.00元+【活动支出】粉丝群:2.00元+【活动支出】替用户承担配送费:2.8元,-,-,-,1.00,台州区域,台州直营,,,否,-,平台配送
圣比萨（玉环坎门店）,SBS00032,台州,"8076776089041271112	",饿了么,平台外卖,已完成,2025-10-22 20:36:24,2025-10-22 20:36:24,2025-10-22 20:36:24,饿了么支付-在线支付,,即时单,2025-10-22 20:36:24,10.03,自动出餐,1,否,"金丝鸡排（6.90*1）,【任选】披萨随心配（37.80*1）,点击右上角❤️收藏得小吃[上校鸡块2个]（2.00*2）,蛋挞一个（原味）（3.90*1）,餐盒（4.00*1）",金丝鸡排+地道肠1根+缤纷水果披萨(7英寸(手拍))+雀巢牛奶+金丝鸡排+不加一+上校鸡块2个+蛋挞1个,,,,非会员,15,,,依据餐量提供餐具,,52.60,31.55,14.81,0.00,0,0,2.84,0.00,2.30,【活动支出】店铺满减:1.00元+【活动支出】单品特价:1.90元+【活动支出】单品特价:2.91元+【活动支出】饿了么红包:9.00元+【活动支出】替用户承担配送费:2.3元,-,-,-,4.00,台州区域,台州直营,,,否,-,平台配送
圣比萨（玉环坎门店）,SBS00032,台州,"8044806089049271579	",饿了么,平台外卖,已完成,2025-10-22 20:46:07,2025-10-22 20:46:07,2025-10-22 20:46:07,饿了么支付-在线支付,,即时单,2025-10-22 20:46:07,10.08,自动出餐,1,否,"明星小食桶B（19.90*1）,【任选】买一送一7英寸披萨（41.90*1）,蛋挞（6.90*1）,餐盒（3.50*1）",明星小食桶B+碳烤鸡肉培根披萨(7英寸(手拍))+缤纷水果披萨(7英寸(手拍))+蛋挞,,,,非会员,16,,,依据餐量提供餐具,,68.70,40.21,20.00,0.00,0,0,3.59,0.00,2.30,【活动支出】店铺满减:6.00元+【活动支出】粉丝群:2.00元+【活动支出】饿了么红包:12.00元+【活动支出】替用户承担配送费:2.3元,-,-,-,3.50,台州区域,台州直营,,,否,-,平台配送
圣比萨（玉环坎门店）,SBS00032,台州,"8035796089047986641	",饿了么,平台外卖,已完成,2025-10-22 20:46:45,2025-10-22 20:46:45,2025-10-22 20:46:45,饿了么支付-在线支付,,即时单,2025-10-22 20:46:45,10.13,自动出餐,1,否,"新奥尔良烤鸡肉披萨-12英寸(手拍)[{""name"":""规格"",""value"":""12英寸(手拍)""}]（44.90*1）,餐盒（2.00*1）",新奥尔良烤鸡肉披萨,,,,非会员,17,,,2份餐具,,44.90,27.14,10.00,0.00,0,0,2.46,0.00,2.80,【活动支出】店铺满减:1.00元+【活动支出】饿了么红包:9.00元+【活动支出】替用户承担配送费:2.8元,-,-,-,2.00,台州区域,台州直营,,,否,-,平台配送
圣比萨（玉环坎门店）,SBS00032,台州,"8010696089045622168	",饿了么,平台外卖,已完成,2025-10-22 20:50:35,2025-10-22 20:50:35,2025-10-22 20:50:35,饿了么支付-在线支付,,即时单,2025-10-22 20:50:35,10.02,自动出餐,1,否,"【任选】披萨随心配（46.60*1）,餐盒（2.00*1）",蛋挞1个+鲜虾菠萝披萨(7英寸(手拍))+可乐+盐酥鸡米花小份+不加一,,,,非会员,18,,,无需餐具,,46.60,28.59,10.00,0.00,0,0,2.61,0.00,2.30,【活动支出】店铺满减:1.00元+【活动支出】饿了么红包:9.00元+【活动支出】替用户承担配送费:2.3元,-,-,-,2.00,台州区域,台州直营,,,否,-,平台配送
圣比萨（玉环坎门店）,SBS00032,台州,"8017090255262790064	",饿了么,平台外卖,已完成,2025-10-22 20:59:46,2025-10-22 20:59:46,2025-10-22 20:59:46,饿了么支付-在线支付,,即时单,2025-10-22 20:59:46,10.12,自动出餐,1,否,"港式奶茶[热]（9.00*2）,新奥尔良烤鸡肉披萨-9英寸(手拍)[{""name"":""规格"",""value"":""9英寸(手拍)""}]（33.90*1）,蛋挞（6.90*2）,餐盒（3.00*1）",港式奶茶+新奥尔良烤鸡肉披萨+蛋挞,,,,非会员,19,,,依据餐量提供餐具,,65.70,38.82,18.00,0.00,0,0,3.48,0.00,2.30,【活动支出】店铺满减:6.00元+【活动支出】饿了么红包:12.00元+【活动支出】替用户承担配送费:2.3元,-,-,-,3.00,台州区域,台州直营,,,否,-,平台配送
圣比萨（玉环坎门店）,SBS00032,台州,"8000420255085089212	",饿了么,平台外卖,已完成,2025-10-22 21:34:24,2025-10-22 21:34:24,2025-10-22 21:34:24,饿了么支付-在线支付,,即时单,2025-10-22 21:34:24,10.22,自动出餐,1,否,"【随心❤️拼】7英寸双拼披萨（口味自选）[碳烤鸡肉培根+新奥尔良烤鸡肉]（26.90*1）,餐盒（2.00*1）",双拼7寸【碳烤鸡肉培根口味7】+双拼7寸【奥尔良口味7】,,,,非会员,20,,,"拍张照放门口, 不要敲门 / 依据餐量提供餐具",,26.90,14.34,7.00,0.00,0,0,1.36,0.00,3.30,【活动支出】饿了么红包:7.00元+【活动支出】替用户承担配送费:3.3元,-,-,-,2.00,台州区域,台州直营,,,否,-,平台配送
圣比萨·披萨·炸鸡（滨海一店）,SBM00002,盐城,"8017956088683994516	",饿了么,平台外卖,已完成,2025-10-21 23:54:30,2025-10-21 23:54:30,2025-10-21 23:54:31,饿了么支付-在线支付,,预约单,2025-10-22 15:40:00,900.65,自动出餐,1,否,"缤纷水果披萨-7英寸(手拍)[{""name"":""规格"",""value"":""7英寸(手拍)""}]（26.90*1）",缤纷水果披萨,,,,非会员,1,,,依据餐量提供餐具,,26.90,8.00,8.60,0.00,0,0,2.15,0.00,6.00,【活动支出】单品特价:8.60元+【活动支出】替用户承担配送费:6.0元,-,-,-,0.00,江苏区域,江苏直营店,,,否,-,平台配送
圣比萨·披萨·炸鸡（滨海一店）,SBM00002,盐城,"8044766088945367359	",饿了么,平台外卖,已完成,2025-10-22 17:44:21,2025-10-22 17:44:21,2025-10-22 17:44:22,饿了么支付-在线支付,,即时单,2025-10-22 17:44:21,12.13,自动出餐,1,否,"新奥尔良烤鸡肉披萨-7英寸[{""name"":""规格"",""value"":""7英寸""}]（28.90*1）,餐盒（1.00*1）",新奥尔良烤鸡肉披萨,,,,非会员,2,,,依据餐量提供餐具,,28.90,10.81,8.00,0.00,0,0,2.39,0.00,6.00,【活动支出】订单集点返红包:3.00元+【活动支出】饿了么红包:5.00元+【活动支出】替用户承担配送费:6.0元,-,-,-,1.00,江苏区域,江苏直营店,,,否,-,平台配送
圣比萨·披萨·炸鸡（滨海一店）,SBM00002,盐城,"8083140255088297350	",饿了么,平台外卖,已完成,2025-10-22 17:52:02,2025-10-22 17:52:02,2025-10-22 17:52:02,饿了么支付-在线支付,,即时单,2025-10-22 17:52:02,12.05,自动出餐,1,否,"酸奶多多流心卷边（12英寸）（8.90*1）,【随心❤️拼】12英寸双拼披萨（口味自选）[奥尔良鸡肉+缤纷水果]（59.90*1）,免费送小吃（每单限一份）[墨鱼丸1个]（0.00*1）,餐盒（2.00*1）",酸奶多多流心卷边+双拼12寸【奥尔良口味12】+双拼12寸【缤纷水果口味12】+深海墨鱼丸1个,,,,非会员,3,,,依据餐量提供餐具,,68.80,40.99,9.00,0.00,0,0,5.66,0.00,6.00,【活动支出】店铺满减:3.00元+【活动支出】粉丝群:1.00元+【活动支出】饿了么红包:5.00元+【活动支出】替用户承担配送费:6.0元,-,-,-,2.00,江苏区域,江苏直营店,,,否,-,平台配送
圣比萨·披萨·炸鸡（滨海一店）,SBM00002,盐城,"8073976088963891668	",饿了么,平台外卖,已完成,2025-10-22 18:10:32,2025-10-22 18:10:32,2025-10-22 18:10:32,饿了么支付-在线支付,,即时单,2025-10-22 18:10:32,12.08,自动出餐,1,否,"爆浆榴莲披萨（48.00*1）,餐盒（1.00*1）",奶油奶酪榴莲流心披萨,,,,非会员,4,,,依据餐量提供餐具,,48.00,27.38,6.00,0.00,0,0,3.92,0.00,6.00,【活动支出】店铺满减:1.00元+【活动支出】饿了么红包:5.00元+【活动支出】替用户承担配送费:6.0元,-,-,-,1.00,江苏区域,江苏直营店,,,否,-,平台配送
圣比萨·披萨·炸鸡（滨海一店）,SBM00002,盐城,"8095786089055313216	",饿了么,平台外卖,已完成,2025-10-22 20:59:28,2025-10-22 20:59:28,2025-10-22 20:59:28,饿了么支付-在线支付,,即时单,2025-10-22 20:59:28,10.18,自动出餐,1,否,"榴莲王披萨-7英寸(经典手拍)[{""name"":""规格"",""value"":""7英寸(经典手拍)""}]（36.90*1）,餐盒（1.00*1）",榴莲王披萨,,,,非会员,5,,,2份餐具,,36.90,15.37,9.00,0.00,0,0,3.03,0.00,7.00,【活动支出】店铺满减:1.00元+【活动支出】订单集点返红包:3.00元+【活动支出】饿了么红包:5.00元+【活动支出】替用户承担配送费:7.0元,-,-,-,1.00,江苏区域,江苏直营店,,,否,-,平台配送
圣比萨·披萨·炸鸡（滨海一店）,SBM00002,盐城,"8067140255296276782	",饿了么,平台外卖,已完成,2025-10-22 23:06:03,2025-10-22 23:06:03,2025-10-22 23:06:03,饿了么支付-在线支付,,即时单,2025-10-22 23:06:03,10.02,自动出餐,1,否,"榴莲王披萨-7英寸(经典手拍)[{""name"":""规格"",""value"":""7英寸(经典手拍)""}]（36.90*1）,餐盒（1.00*1）",榴莲王披萨,,,,非会员,6,,,依据餐量提供餐具,,36.90,20.32,5.00,0.00,0,0,3.03,0.00,6.00,【活动支出】店铺满减:1.00元+【活动支出】饿了么红包:0.00元+【活动支出】饿了么红包:4.00元+【活动支出】替用户承担配送费:6.0元,-,-,-,1.00,江苏区域,江苏直营店,,,否,-,平台配送
圣比萨（龙港西城店）,SBS00018,温州,"8028936088773952782	",饿了么,平台外卖,已完成,2025-10-22 11:25:26,2025-10-22 11:25:26,2025-10-22 11:25:26,饿了么支付-在线支付,,即时单,2025-10-22 11:25:26,9.90,手动出餐,1,否,"榴莲王披萨-7英寸(经典手拍)[{""name"":""规格"",""value"":""7英寸(经典手拍)""}]（52.00*1）,缤纷水果披萨-7英寸(手拍)[{""name"":""规格"",""value"":""7英寸(手拍)""}]（42.00*1）,餐盒（4.00*1）",榴莲王披萨+缤纷水果披萨,,,,非会员,1,,,依据餐量提供餐具,,94.00,35.04,49.20,0.00,0,0,4.81,0.00,3.50,【活动支出】店铺满减:6.00元+【活动支出】单品特价:18.10元+【活动支出】单品特价:16.10元+【活动支出】饿了么红包:9.00元+【活动支出】替用户承担配送费:3.5元,-,-,-,4.00,温州区域,温州直营,,,否,-,平台配送
圣比萨（龙港西城店）,SBS00018,温州,"8012320255029087635	",饿了么,平台外卖,已完成,2025-10-22 12:01:23,2025-10-22 12:01:23,2025-10-22 12:01:23,饿了么支付-在线支付,,即时单,2025-10-22 12:01:23,4.05,手动出餐,1,否,"番茄牛肉意面-单点[{""name"":""规格"",""value"":""单点""}]（22.59*1）",番茄牛肉意面,,,,非会员,2,,,2份餐具,,22.59,12.59,0.00,0.00,0,0,0.00,0.00,,【活动支出】拼团反圈活动:0.00元,-,-,-,0.00,温州区域,温州直营,,,否,-,平台配送
圣比萨（龙港西城店）,SBS00018,温州,"8090210255036647735	",饿了么,平台外卖,已完成,2025-10-22 16:40:10,2025-10-22 16:40:10,2025-10-22 16:40:10,饿了么支付-在线支付,,即时单,2025-10-22 16:40:10,10.13,自动出餐,1,否,"披萨随心配（60.40*1）,蛋挞（10.00*1）,餐盒（3.00*1）",日系照烧鸡披萨(7英寸(手拍))+上校鸡块2个+深海墨鱼丸2个+盐酥鸡米花小份+蛋挞,,,,非会员,3,,,1份餐具,,70.40,24.31,38.60,0.00,0,0,3.34,0.00,3.50,【活动支出】店铺满减:1.00元+【活动支出】单品特价:28.50元+【活动支出】单品特价:1.10元+【活动支出】饿了么红包:8.00元+【活动支出】替用户承担配送费:3.5元,-,-,-,3.00,温州区域,温州直营,,,否,-,平台配送
圣比萨（龙港西城店）,SBS00018,温州,"8098390255057254904	",饿了么,平台外卖,已完成,2025-10-22 17:04:46,2025-10-22 17:04:46,2025-10-22 17:04:46,饿了么支付-在线支付,,即时单,2025-10-22 17:04:46,8.17,手动出餐,1,否,7寸日系照烧鸡披萨-单点（22.00*1）,日系照烧鸡披萨【7英寸(手拍)】,,,,非会员,4,,,依据餐量提供餐具,,22.00,12.00,0.00,0.00,0,0,0.00,0.00,,【活动支出】拼团反圈活动:0.00元,-,-,-,0.00,温州区域,温州直营,,,否,-,平台配送
圣比萨（龙港西城店）,SBS00018,温州,"8064350255160557888	",饿了么,平台外卖,已完成,2025-10-22 17:28:08,2025-10-22 17:28:08,2025-10-22 17:28:09,饿了么支付-在线支付,,即时单,2025-10-22 17:28:08,10.00,手动出餐,1,否,新奥尔良烤鸡肉披萨7寸-单点（22.00*1）,新奥尔良烤鸡肉披萨【7英寸(手拍)】,,,,非会员,5,,,1份餐具,,22.00,12.00,0.00,0.00,0,0,0.00,0.00,,【活动支出】拼团反圈活动:0.00元,-,-,-,0.00,温州区域,温州直营,,,否,-,平台配送
圣比萨（龙港西城店）,SBS00018,温州,"8063716088953520536	",饿了么,平台外卖,已完成,2025-10-22 18:02:10,2025-10-22 18:02:10,2025-10-22 18:02:10,饿了么支付-在线支付,,即时单,2025-10-22 18:02:10,8.38,手动出餐,1,否,"任选披萨3选1+小吃4选1+饮料自选[缤纷水果披萨7英寸+芒果汁+上校鸡块4个]（31.90*1）,点击右上角❤️收藏得小吃[上校鸡块2个]（5.00*1）,缤纷芝士挞-香蕉味[{""name"":""规格"",""value"":""香蕉味""}]（7.00*1）,餐盒（3.00*1）",缤纷水果披萨【7英寸(手拍)】+芒果汁+上校鸡块+上校鸡块2个+缤纷芝士挞,,,,非会员,6,,,依据餐量提供餐具,,43.90,20.53,17.00,0.00,0,0,2.82,0.00,3.50,【活动支出】店铺满减:1.00元+【活动支出】单品特价:4.90元+【活动支出】单品特价:1.10元+【活动支出】粉丝群:2.00元+【活动支出】饿了么红包:8.00元+【活动支出】替用户承担配送费:3.5元,-,-,-,3.00,温州区域,温州直营,,,否,-,平台配送
圣比萨（龙港西城店）,SBS00018,温州,"8067776088998991223	",饿了么,平台外卖,已完成,2025-10-22 18:32:03,2025-10-22 18:32:03,2025-10-22 18:32:03,饿了么支付-在线支付,,即时单,2025-10-22 18:32:03,10.88,手动出餐,1,否,"新奥尔良烤鸡肉披萨-9英寸(手拍)[{""name"":""规格"",""value"":""9英寸(手拍)""}]（39.90*1）,餐盒（2.00*1）",新奥尔良烤鸡肉披萨,,,,非会员,7,,,依据餐量提供餐具,,39.90,21.42,10.00,0.00,0,0,3.03,0.00,5.00,【活动支出】店铺满减:1.00元+【活动支出】 商家自营销加码:2.00元+【活动支出】下单返红包:2.00元+【活动支出】饿了么红包:5.00元+【活动支出】替用户承担配送费:5.0元,-,-,-,2.00,温州区域,温州直营,,,否,-,平台配送
圣比萨（龙港西城店）,SBS00018,温州,"8039250255133115811	",饿了么,平台外卖,已完成,2025-10-22 19:52:22,2025-10-22 19:52:22,2025-10-22 19:52:22,饿了么支付-在线支付,,即时单,2025-10-22 19:52:22,9.43,手动出餐,1,否,"7英寸披萨买一送一[圣比招牌披萨7英寸+碳烤鸡肉培根披萨7英寸]（86.80*1）,蛋挞1个（5.00*1）,点击右上角❤️收藏得小吃[上校鸡块2个]（5.00*1）,餐盒（3.00*1）",大圣招牌大满贯披萨【7英寸(手拍)】+碳烤鸡肉培根披萨【7英寸(手拍)】+蛋挞1个+上校鸡块2个,,,,非会员,8,,,依据餐量提供餐具,,96.80,29.26,58.80,0.00,0,0,3.99,0.00,3.50,【活动支出】店铺满减:1.00元+【活动支出】单品特价:41.90元+【活动支出】单品特价:4.90元+【活动支出】粉丝群:2.00元+【活动支出】饿了么红包:9.00元+【活动支出】替用户承担配送费:3.5元,-,-,-,3.00,温州区域,温州直营,,,否,-,平台配送
圣比萨（龙港西城店）,SBS00018,温州,"8020480255148872085	",饿了么,平台外卖,已完成,2025-10-22 19:58:17,2025-10-22 19:58:17,2025-10-22 19:58:17,饿了么支付-在线支付,,即时单,2025-10-22 19:58:17,3.50,手动出餐,1,否,"番茄牛肉意面（52.00*1）,餐盒（2.00*1）",番茄牛肉意面,,,,非会员,9,,,1份餐具,,52.00,12.77,33.10,0.00,0,0,1.88,0.00,5.00,【活动支出】单品特价:26.10元+【活动支出】饿了么红包:7.00元+【活动支出】替用户承担配送费:5.0元,-,-,-,2.00,温州区域,温州直营,,,否,-,平台配送
圣比萨（龙港西城店）,SBS00018,温州,"8034676089042169307	",饿了么,平台外卖,已完成,2025-10-22 20:28:16,2025-10-22 20:28:16,2025-10-22 20:28:16,饿了么支付-在线支付,,即时单,2025-10-22 20:28:16,10.10,自动出餐,1,否,"蛋挞1个（5.00*1）,榴莲王披萨-7英寸(经典手拍)[{""name"":""规格"",""value"":""7英寸(经典手拍)""}]（52.00*1）,餐盒（3.00*1）",蛋挞1个+榴莲王披萨,,,,非会员,10,,,依据餐量提供餐具,,57.00,27.08,22.11,0.00,0,0,3.66,0.00,4.00,【活动支出】单品特价:4.01元+【活动支出】单品特价:18.10元+【活动支出】替用户承担配送费:4.0元,-,-,-,3.00,温州区域,温州直营,,,否,-,平台配送
圣比萨（龙港西城店）,SBS00018,温州,"8093616089057834371	",饿了么,平台外卖,已完成,2025-10-22 20:52:02,2025-10-22 20:52:02,2025-10-22 20:52:02,饿了么支付-在线支付,,即时单,2025-10-22 20:52:02,10.07,自动出餐,1,否,"圣比招牌披萨-12英寸(经典手拍)[{""name"":""规格"",""value"":""12英寸(经典手拍)""}]（109.00*1）,餐盒（2.00*1）",大圣招牌大满贯披萨,,,,非会员,11,,,依据餐量提供餐具,,109.00,35.13,62.10,0.00,0,0,4.82,0.00,3.50,【活动支出】店铺满减:6.00元+【活动支出】单品特价:42.10元+【活动支出】粉丝群:2.00元+【活动支出】饿了么红包:12.00元+【活动支出】替用户承担配送费:3.5元,-,-,-,2.00,温州区域,温州直营,,,否,-,平台配送
圣比萨（龙港西城店）,SBS00018,温州,"8071756089062642073	",饿了么,平台外卖,已完成,2025-10-22 21:07:56,2025-10-22 21:07:56,2025-10-22 21:07:57,饿了么支付-在线支付,,即时单,2025-10-22 21:07:56,10.15,自动出餐,1,否,"榴莲王披萨-7英寸(经典手拍)[{""name"":""规格"",""value"":""7英寸(经典手拍)""}]（52.00*1）,餐盒（2.00*1）",榴莲王披萨,,,,非会员,12,,,依据餐量提供餐具,,52.00,24.80,18.10,0.00,0,0,3.45,0.00,5.60,【活动支出】单品特价:18.10元+【活动支出】替用户承担配送费:5.6元,-,-,-,2.00,温州区域,温州直营,,,否,-,平台配送
圣比萨（龙港西城店）,SBS00018,温州,"8094986089060430283	",饿了么,平台外卖,已完成,2025-10-22 21:14:02,2025-10-22 21:14:02,2025-10-22 21:14:03,饿了么支付-在线支付,,即时单,2025-10-22 21:14:02,8.37,手动出餐,1,否,"碳烤鸡肉培根披萨-7英寸(手拍)[{""name"":""规格"",""value"":""7英寸(手拍)""}]（23.90*1）,餐盒（2.00*1）",碳烤鸡肉培根披萨,,,,非会员,13,,,依据餐量提供餐具,,23.90,11.38,7.00,0.00,0,0,1.67,0.00,5.60,【活动支出】饿了么红包:7.00元+【活动支出】替用户承担配送费:5.6元,-,-,-,2.00,温州区域,温州直营,,,否,-,平台配送
圣比萨（龙港西城店）,SBS00018,温州,"8093916089092662716	",饿了么,平台外卖,已完成,2025-10-22 21:24:46,2025-10-22 21:24:46,2025-10-22 21:24:46,饿了么支付-在线支付,,即时单,2025-10-22 21:24:46,9.88,手动出餐,1,否,手握三选一-单点[日式照烧]（20.00*1）,日式烧鸟风味一人食盒子披萨,,,,非会员,14,,,别敲门别敲门别敲门别敲门谢谢 / 依据餐量提供餐具,,20.00,10.00,0.00,0.00,0,0,0.00,0.00,,【活动支出】爆品团通吃券:0.00元,-,-,-,0.00,温州区域,温州直营,,,否,-,平台配送
圣比萨（龙港西城店）,SBS00018,温州,"8081816089063801233	",饿了么,平台外卖,已完成,2025-10-22 21:45:56,2025-10-22 21:45:56,2025-10-22 21:45:56,饿了么支付-在线支付,,即时单,2025-10-22 21:45:56,8.97,手动出餐,1,否,"任选披萨3选1+小吃4选1+饮料自选[培根披萨7英寸+芒果汁+墨鱼丸3个]（31.90*1）,餐盒（2.00*1）",培根披萨【7英寸(手拍)】+芒果汁+深海墨鱼丸【3个】,,,,非会员,15,,,2份餐具,,31.90,15.25,9.00,0.00,0,0,2.30,0.00,7.10,【活动支出】下单返红包:2.00元+【活动支出】饿了么红包:7.00元+【活动支出】替用户承担配送费:6.0元,-,-,-,2.00,温州区域,温州直营,,,否,-,平台配送
圣比萨（龙港西城店）,SBS00018,温州,"8091866089072275945	",饿了么,平台外卖,已完成,2025-10-22 21:58:02,2025-10-22 21:58:02,2025-10-22 21:58:02,饿了么支付-在线支付,,即时单,2025-10-22 21:58:02,9.23,手动出餐,1,否,手握三选一-单点[缤纷水果]（20.00*1）,热带雨林水果一人食盒子披萨,,,,非会员,16,,,依据餐量提供餐具,,20.00,10.00,0.00,0.00,0,0,0.00,0.00,,【活动支出】拼团反圈活动:0.00元,-,-,-,0.00,温州区域,温州直营,,,否,-,平台配送
圣比萨（龙港西城店）,SBS00018,温州,"8060270255172098328	",饿了么,平台外卖,已完成,2025-10-22 21:58:06,2025-10-22 21:58:06,2025-10-22 21:58:07,饿了么支付-在线支付,,即时单,2025-10-22 21:58:06,9.18,手动出餐,1,否,"新奥尔良烤鸡肉披萨-9英寸(手拍)[{""name"":""规格"",""value"":""9英寸(手拍)""}]（39.90*1）,餐盒（2.00*1）",新奥尔良烤鸡肉披萨,,,,非会员,17,,,依据餐量提供餐具,,39.90,19.13,13.00,0.00,0,0,2.72,0.00,5.60,【活动支出】店铺满减:1.00元+【活动支出】饿了么红包:12.00元+【活动支出】替用户承担配送费:5.6元,-,-,-,2.00,温州区域,温州直营,,,否,-,平台配送
圣比萨（昆阳店）,SBM00020,温州,"8061826088762709374	",饿了么,平台外卖,已完成,2025-10-22 11:16:13,2025-10-22 11:16:13,2025-10-22 11:16:14,饿了么支付-在线支付,,即时单,2025-10-22 11:16:13,12.00,自动出餐,1,否,"金牌墨鱼丸-3个[{""name"":""规格"",""value"":""3个""}]（8.00*1）,牛肉至尊片装披萨（15.80*1）,餐盒（2.00*1）",深海墨鱼丸,,,,非会员,1,,,无需餐具,,23.80,11.79,7.00,0.00,0,0,1.66,0.00,3.50,【活动支出】 商家自营销加码:2.00元+【活动支出】CPS商户叠加券:0.00元+【活动支出】饿了么红包:5.00元+【活动支出】替用户承担配送费:3.5元,-,-,-,2.00,温州区域,温州加盟,,,否,-,平台配送
圣比萨（昆阳店）,SBM00020,温州,"8093706088906236337	",饿了么,平台外卖,已完成,2025-10-22 16:34:01,2025-10-22 16:34:01,2025-10-22 16:34:01,饿了么支付-在线支付,,预约单,2025-10-22 17:15:00,3.27,自动出餐,1,否,"意式培根披萨-9寸[{""name"":""规格"",""value"":""9寸""}]（49.80*1）,餐盒（2.00*1）","意式培根披萨-9寸[{""name"":""规格"",""value"":""9寸""}]+餐盒",,,,非会员,2,,,依据餐量提供餐具,,49.80,29.98,10.00,0.00,0,0,4.07,0.00,3.50,【活动支出】店铺满减:1.00元+【活动支出】饿了么红包:9.00元+【活动支出】替用户承担配送费:3.5元,-,-,-,2.00,温州区域,温州加盟,,,否,-,平台配送
圣比萨（昆阳店）,SBM00020,温州,"8097030255164571953	",饿了么,平台外卖,已完成,2025-10-22 17:37:48,2025-10-22 17:37:48,2025-10-22 17:37:48,饿了么支付-在线支付,,即时单,2025-10-22 17:37:48,12.20,自动出餐,1,否,"水果片装披萨（13.80*2）,餐盒（2.00*1）",水果片装披萨+水果片装披萨+餐盒,,,,非会员,3,,,无需餐具,,27.60,15.19,7.00,0.00,0,0,2.06,0.00,3.50,【活动支出】饿了么红包:7.00元+【活动支出】替用户承担配送费:3.5元,-,-,-,2.00,温州区域,温州加盟,,,否,-,平台配送
圣比萨（昆阳店）,SBM00020,温州,"8031836088944278913	",饿了么,平台外卖,已完成,2025-10-22 17:46:17,2025-10-22 17:46:17,2025-10-22 17:46:18,饿了么支付-在线支付,,即时单,2025-10-22 17:46:17,12.02,自动出餐,1,否,"牛肉至尊披萨-9寸[{""name"":""规格"",""value"":""9寸""}]（59.80*1）,餐盒（2.00*1）",炙热牛魔王披萨,,,,非会员,4,,,依据餐量提供餐具,,59.80,36.83,10.00,0.00,0,0,5.12,0.00,4.50,【活动支出】店铺满减:2.00元+【活动支出】饿了么红包:8.00元+【活动支出】替用户承担配送费:4.5元,-,-,-,2.00,温州区域,温州加盟,,,否,-,平台配送
圣比萨（昆阳店）,SBM00020,温州,"8053020255090158935	",饿了么,平台外卖,已完成,2025-10-22 17:55:01,2025-10-22 17:55:01,2025-10-22 17:55:01,饿了么支付-在线支付,,即时单,2025-10-22 17:55:01,12.05,自动出餐,1,否,"浪漫威尼斯披萨-9寸[{""name"":""规格"",""value"":""9寸""}]（49.80*1）,餐盒（2.00*1）",浪漫威尼斯披萨,,,,非会员,5,,,依据餐量提供餐具,,49.80,30.87,9.00,0.00,0,0,4.18,0.00,3.50,【活动支出】店铺满减:1.00元+【活动支出】CPS商户叠加券:0.00元+【活动支出】饿了么红包:8.00元+【活动支出】替用户承担配送费:3.5元,-,-,-,2.00,温州区域,温州加盟,,,否,-,平台配送
圣比萨（昆阳店）,SBM00020,温州,"8097946088992885202	",饿了么,平台外卖,已完成,2025-10-22 18:20:12,2025-10-22 18:20:12,2025-10-22 18:20:12,饿了么支付-在线支付,,即时单,2025-10-22 18:20:12,12.07,自动出餐,1,否,"金牌墨鱼丸-6个[{""name"":""规格"",""value"":""6个""}]（15.00*1）,牛肉至尊披萨-9寸[{""name"":""规格"",""value"":""9寸""}]（59.80*1）",深海墨鱼丸+炙热牛魔王披萨,,,,非会员,6,,,依据餐量提供餐具,,74.80,41.87,17.70,0.00,0,0,5.68,0.00,3.50,【活动支出】单品特价:17.70元+【活动支出】替用户承担配送费:3.5元,-,-,-,0.00,温州区域,温州加盟,,,否,-,平台配送
圣比萨（昆阳店）,SBM00020,温州,"8094626089003759892	",饿了么,平台外卖,已完成,2025-10-22 19:31:39,2025-10-22 19:31:39,2025-10-22 19:31:40,饿了么支付-在线支付,,即时单,2025-10-22 19:31:39,10.13,自动出餐,1,否,"牛肉至尊披萨-9寸[{""name"":""规格"",""value"":""9寸""}]（59.80*1）",炙热牛魔王披萨,,,,非会员,7,,,2份餐具,,59.80,30.24,17.70,0.00,0,0,4.11,0.00,3.50,【活动支出】单品特价:17.70元+【活动支出】替用户承担配送费:3.5元,-,-,-,0.00,温州区域,温州加盟,,,否,-,平台配送
圣比萨（昆阳店）,SBM00020,温州,"8063536089055275343	",饿了么,平台外卖,已完成,2025-10-22 19:31:55,2025-10-22 19:31:55,2025-10-22 19:31:56,饿了么支付-在线支付,,即时单,2025-10-22 19:31:55,10.22,自动出餐,1,否,"番茄（0.00*1）,个人专享套餐B[海鲜]（28.50*1）,沙拉（0.00*1）,餐盒（2.00*1）",番茄+个人专享套餐B[海鲜]+沙拉+餐盒,,,,非会员,8,,,依据餐量提供餐具,,28.50,15.40,7.00,0.00,0,0,2.15,0.00,4.00,【活动支出】饿了么红包:7.00元+【活动支出】替用户承担配送费:4.0元,-,-,-,2.00,温州区域,温州加盟,,,否,-,平台配送
圣比萨（昆阳店）,SBM00020,温州,"8056200255142417796	",饿了么,平台外卖,已完成,2025-10-22 20:08:21,2025-10-22 20:08:21,2025-10-22 20:08:21,饿了么支付-在线支付,,即时单,2025-10-22 20:08:21,10.00,自动出餐,1,否,"浪漫威尼斯披萨-9寸[{""name"":""规格"",""value"":""9寸""}]（49.80*1）,餐盒（2.00*1）",浪漫威尼斯披萨,,,,非会员,9,,,依据餐量提供餐具,,49.80,29.08,10.00,0.00,0,0,4.07,0.00,4.50,【活动支出】店铺满减:1.00元+【活动支出】饿了么红包:9.00元+【活动支出】替用户承担配送费:4.5元,-,-,-,2.00,温州区域,温州加盟,,,否,-,平台配送
圣比萨（昆阳店）,SBM00020,温州,"8007080255148541390	",饿了么,平台外卖,已完成,2025-10-22 20:17:43,2025-10-22 20:17:43,2025-10-22 20:17:44,饿了么支付-在线支付,,即时单,2025-10-22 20:17:43,10.12,自动出餐,1,否,"水果披萨-9寸[{""name"":""规格"",""value"":""9寸""}]（49.80*1）,餐盒（2.00*1）",缤纷水果披萨,,,,非会员,10,,,依据餐量提供餐具,,49.80,29.97,9.00,0.00,0,0,4.18,0.00,4.50,【活动支出】店铺满减:1.00元+【活动支出】饿了么红包:8.00元+【活动支出】淘金币:0.00元+【活动支出】替用户承担配送费:4.5元,-,-,-,2.00,温州区域,温州加盟,,,否,-,平台配送
圣比萨（昆阳店）,SBM00020,温州,"8001340255266405776	",饿了么,平台外卖,已完成,2025-10-22 21:18:33,2025-10-22 21:18:33,2025-10-22 21:18:33,饿了么支付-在线支付,,即时单,2025-10-22 21:18:33,10.00,自动出餐,1,否,"榴莲王披萨-9英寸(经典手拍)[{""name"":""规格"",""value"":""9英寸(经典手拍)""}]（68.00*1）,餐盒（1.00*1）",榴莲王披萨,,,,非会员,11,,,急急急 / 依据餐量提供餐具,,68.00,39.49,14.00,0.00,0,0,5.46,0.00,5.60,【活动支出】店铺满减:2.00元+【活动支出】饿了么红包:12.00元+【活动支出】替用户承担配送费:5.6元,-,-,-,1.00,温州区域,温州加盟,,,否,-,平台配送
圣比萨（桥下恒达广场店）,SBM00046,温州,"8065190254848360776	",饿了么,平台外卖,已完成,2025-10-22 10:38:04,2025-10-22 10:38:04,2025-10-22 10:38:04,饿了么支付-在线支付,,预约单,2025-10-22 11:50:00,52.72,手动出餐,1,否,"榴莲王披萨-9英寸(经典手拍)[{""name"":""规格"",""value"":""9英寸(经典手拍)""}]（92.00*1）",榴莲王披萨,,,,非会员,1,,,麻烦骑手放到保安亭孩子会来拿的 / 1份餐具,,92.00,29.35,50.90,0.00,0,0,4.00,0.00,3.90,【活动支出】单品特价:50.90元+【活动支出】替用户承担配送费:3.9元,-,-,-,0.00,温州区域,温州加盟,,,否,-,平台配送
圣比萨（桥下恒达广场店）,SBM00046,温州,"8032370254882446718	",饿了么,平台外卖,已完成,2025-10-22 10:56:33,2025-10-22 10:56:33,2025-10-22 10:56:34,饿了么支付-在线支付,,即时单,2025-10-22 10:56:33,14.75,手动出餐,1,否,"缤纷水果披萨-7英寸(手拍)[{""name"":""规格"",""value"":""7英寸(手拍)""}]（68.00*1）",缤纷水果披萨,,,,非会员,2,,,依据餐量提供餐具,,68.00,11.34,49.70,0.00,0,0,1.61,0.00,3.90,【活动支出】单品特价:49.70元+【活动支出】替用户承担配送费:3.9元,-,-,-,0.00,温州区域,温州加盟,,,否,-,平台配送
圣比萨（桥下恒达广场店）,SBM00046,温州,"8022696088780458248	",饿了么,平台外卖,已完成,2025-10-22 11:13:16,2025-10-22 11:13:16,2025-10-22 11:13:17,饿了么支付-在线支付,,即时单,2025-10-22 11:13:16,19.30,手动出餐,1,否,"披萨随心配（79.90*1）,餐盒（2.00*1）",蛋挞1个+深海墨鱼丸2个+盐酥鸡米花小份+玉米沙拉披萨(7英寸(手拍)),,,,非会员,3,,,依据餐量提供餐具,,79.90,19.57,52.40,0.00,0,0,2.78,0.00,3.90,【活动支出】店铺满减:1.00元+【活动支出】单品特价:42.40元+【活动支出】饿了么红包:9.00元+【活动支出】替用户承担配送费:3.9元,-,-,-,2.00,温州区域,温州加盟,,,否,-,平台配送
圣比萨（桥下恒达广场店）,SBM00046,温州,"8093786088770813192	",饿了么,平台外卖,已完成,2025-10-22 11:18:56,2025-10-22 11:18:56,2025-10-22 11:18:56,饿了么支付-在线支付,,即时单,2025-10-22 11:18:56,15.18,手动出餐,1,否,"披萨随心配（79.90*1）,餐盒（2.00*1）",蛋挞1个+地道肠1根+盐酥鸡米花小份+缤纷水果披萨(7英寸(手拍)),,,,非会员,4,,,依据餐量提供餐具,,79.90,20.46,51.40,0.00,0,0,2.89,0.00,3.90,【活动支出】店铺满减:1.00元+【活动支出】单品特价:42.40元+【活动支出】饿了么红包:8.00元+【活动支出】替用户承担配送费:3.9元,-,-,-,2.00,温州区域,温州加盟,,,否,-,平台配送
圣比萨（桥下恒达广场店）,SBM00046,温州,"8016420255053077960	",饿了么,平台外卖,已完成,2025-10-22 12:33:47,2025-10-22 12:33:47,2025-10-22 12:33:47,饿了么支付-在线支付,,即时单,2025-10-22 12:33:47,22.78,手动出餐,1,否,"黑椒牛肉芝士焗饭（52.00*1）,餐盒（2.00*1）",黑椒牛肉芝士焗饭,,,,非会员,5,,,依据餐量提供餐具,,52.00,20.53,24.10,0.00,0,0,2.82,0.00,3.90,【活动支出】单品特价:19.10元+【活动支出】饿了么红包:5.00元+【活动支出】替用户承担配送费:3.9元,-,-,-,2.00,温州区域,温州加盟,,,否,-,平台配送
圣比萨（桥下恒达广场店）,SBM00046,温州,"8073926088866962694	",饿了么,平台外卖,已完成,2025-10-22 13:37:08,2025-10-22 13:37:08,2025-10-22 13:37:08,饿了么支付-在线支付,,即时单,2025-10-22 13:37:08,12.77,手动出餐,1,否,7寸日系照烧鸡披萨-单点（22.00*1）,日系照烧鸡披萨【7英寸(手拍)】,,,,非会员,6,,,依据餐量提供餐具,,22.00,12.00,0.00,0.00,0,0,0.00,0.00,,【活动支出】拼团反圈活动:0.00元,-,-,-,0.00,温州区域,温州加盟,,,否,-,平台配送
圣比萨（桥下恒达广场店）,SBM00046,温州,"8013370255012090176	",饿了么,平台外卖,已完成,2025-10-22 14:32:32,2025-10-22 14:32:32,2025-10-22 14:32:33,饿了么支付-在线支付,,即时单,2025-10-22 14:32:32,12.97,手动出餐,1,否,"榴莲披萨+奥尔良烤翅1对+饮品自选[榴莲披萨7英寸+奥尔良烤翅1对+芒果汁]（88.00*1）,餐盒（2.00*1）",榴莲王披萨【7英寸(手拍)】+奥尔良烤翅+芒果汁,,,,非会员,7,,,无需餐具,,88.00,27.09,52.10,0.00,0,0,3.66,0.00,3.90,【活动支出】店铺满减:1.00元+【活动支出】单品特价:42.10元+【活动支出】饿了么红包:0.00元+【活动支出】饿了么红包:9.00元+【活动支出】替用户承担配送费:3.9元,-,-,-,2.00,温州区域,温州加盟,,,否,-,平台配送
圣比萨（桥下恒达广场店）,SBM00046,温州,"8062896088898432369	",饿了么,平台外卖,已完成,2025-10-22 14:34:14,2025-10-22 14:34:14,2025-10-22 14:34:14,饿了么支付-在线支付,,即时单,2025-10-22 14:34:14,13.02,手动出餐,1,否,"7英寸披萨一人食土豪餐[浪漫威尼斯披萨7英寸+墨鱼丸3个+地道肠1根+港式奶茶]（78.00*1）,餐盒（2.00*1）",浪漫威尼斯披萨【7英寸(手拍)】+深海墨鱼丸3个+地道肠【1根】+港式奶茶,,,,非会员,8,,,依据餐量提供餐具,,78.00,27.09,42.10,0.00,0,0,3.66,0.00,3.90,【活动支出】店铺满减:1.00元+【活动支出】单品特价:32.10元+【活动支出】饿了么红包:9.00元+【活动支出】替用户承担配送费:3.9元,-,-,-,2.00,温州区域,温州加盟,,,否,-,平台配送
圣比萨（桥下恒达广场店）,SBM00046,温州,"8022556088869060034	",饿了么,平台外卖,已完成,2025-10-22 14:40:11,2025-10-22 14:40:11,2025-10-22 14:40:11,饿了么支付-在线支付,,即时单,2025-10-22 14:40:11,15.97,手动出餐,1,否,"碳烤鸡肉培根披萨-7英寸(手拍)[{""name"":""规格"",""value"":""7英寸(手拍)""}]（68.00*1）,餐盒（2.00*1）",碳烤鸡肉培根披萨,,,,非会员,9,,,蕃茄酱少一些 / 依据餐量提供餐具,,68.00,19.63,41.10,0.00,0,0,2.72,0.00,3.90,【活动支出】单品特价:34.10元+【活动支出】饿了么红包:7.00元+【活动支出】替用户承担配送费:3.9元,-,-,-,2.00,温州区域,温州加盟,,,否,-,平台配送
圣比萨（桥下恒达广场店）,SBM00046,温州,"8031470255122161038	",饿了么,平台外卖,已完成,2025-10-22 15:56:09,2025-10-22 15:56:09,2025-10-22 15:56:09,饿了么支付-在线支付,,即时单,2025-10-22 15:56:09,11.30,手动出餐,1,否,"榴莲王披萨-9英寸(经典手拍)[{""name"":""规格"",""value"":""9英寸(经典手拍)""}]（92.00*1）",榴莲王披萨,,,,非会员,10,,,依据餐量提供餐具,,92.00,29.35,50.90,0.00,0,0,4.00,0.00,3.90,【活动支出】单品特价:50.90元+【活动支出】替用户承担配送费:3.9元,-,-,-,0.00,温州区域,温州加盟,,,否,-,平台配送
圣比萨（桥下恒达广场店）,SBM00046,温州,"8040646088944613772	",饿了么,平台外卖,已完成,2025-10-22 17:15:29,2025-10-22 17:15:29,2025-10-22 17:15:29,饿了么支付-在线支付,,即时单,2025-10-22 17:15:29,22.05,手动出餐,1,否,7英寸披萨买一送一[奥尔良鸡肉披萨7英寸+日系照烧鸡披萨7英寸]（86.80*1）,新奥尔良烤鸡肉披萨【7英寸(手拍)】+日系照烧鸡披萨【7英寸(手拍)】,,,,非会员,11,,,依据餐量提供餐具,,86.80,26.64,49.40,0.00,0,0,3.61,0.00,3.90,【活动支出】单品特价:49.40元+【活动支出】替用户承担配送费:3.9元,-,-,-,0.00,温州区域,温州加盟,,,否,-,平台配送
圣比萨（桥下恒达广场店）,SBM00046,温州,"8071360255095590324	",饿了么,平台外卖,已完成,2025-10-22 18:08:23,2025-10-22 18:08:23,2025-10-22 18:08:24,饿了么支付-在线支付,,即时单,2025-10-22 18:08:23,9.12,手动出餐,1,否,7寸日系照烧鸡披萨-单点（22.00*1）,日系照烧鸡披萨【7英寸(手拍)】,,,,非会员,12,,,依据餐量提供餐具,,22.00,12.00,0.00,0.00,0,0,0.00,0.00,,【活动支出】拼团反圈活动:0.00元,-,-,-,0.00,温州区域,温州加盟,,,否,-,平台配送
圣比萨（桥下恒达广场店）,SBM00046,温州,"8056726089020320150	",饿了么,平台外卖,已完成,2025-10-22 18:27:06,2025-10-22 18:27:06,2025-10-22 18:27:07,饿了么支付-在线支付,,即时单,2025-10-22 18:27:06,12.17,手动出餐,1,否,"圣比招牌披萨-9英寸(经典手拍)[{""name"":""规格"",""value"":""9英寸(经典手拍)""}]（98.00*1）",大圣招牌大满贯披萨,,,,非会员,13,,,2份餐具,,98.00,24.49,63.00,0.00,0,0,3.36,0.00,3.90,【活动支出】单品特价:63.00元+【活动支出】替用户承担配送费:3.9元,-,-,-,0.00,温州区域,温州加盟,,,否,-,平台配送
圣比萨（桥下恒达广场店）,SBM00046,温州,"8061846089058046312	",饿了么,平台外卖,已完成,2025-10-22 19:35:19,2025-10-22 19:35:19,2025-10-22 19:35:19,饿了么支付-在线支付,,即时单,2025-10-22 19:35:19,20.63,手动出餐,1,否,"芝士就是力量（没有点披萨或焗饭，勿加）（10.00*1）,超值全翅桶（78.00*1）,经典双人披萨套餐[圣比招牌披萨9英寸+明星小食桶B+柠檬茶+港式奶茶]（108.00*1）,餐盒（5.00*1）",芝士就是力量+全翅桶+大圣招牌大满贯披萨【9英寸(手拍)】+明星小食桶B+柠檬茶+港式奶茶,,,,非会员,14,,,依据餐量提供餐具,,196.00,79.46,95.20,0.00,0,0,10.79,0.00,3.90,【活动支出】店铺满减:6.00元+【活动支出】单品特价:3.00元+【活动支出】单品特价:28.10元+【活动支出】单品特价:46.10元+【活动支出】饿了么红包:12.00元+【活动支出】替用户承担配送费:3.9元,-,-,-,5.00,温州区域,温州加盟,,,否,-,平台配送
圣比萨（黄龙店）,SBS00008,温州,"8067616088741835059	",饿了么,平台外卖,已完成,2025-10-22 10:01:43,2025-10-22 10:01:43,2025-10-22 10:01:43,饿了么支付-在线支付,,即时单,2025-10-22 10:01:43,15.18,自动出餐,1,否,"缤纷水果披萨-7英寸(手拍)[{""name"":""规格"",""value"":""7英寸(手拍)""}]（42.00*1）",缤纷水果披萨,,,,非会员,1,,,无需餐具,,42.00,11.52,23.70,0.00,0,0,1.43,0.00,3.50,【活动支出】单品特价:23.70元+【活动支出】替用户承担配送费:3.5元,-,-,-,0.00,温州区域,温州直营,,,否,-,平台配送
圣比萨（黄龙店）,SBS00008,温州,"8076150254911444335	",饿了么,平台外卖,已完成,2025-10-22 11:16:19,2025-10-22 11:16:19,2025-10-22 11:16:19,饿了么支付-在线支付,,即时单,2025-10-22 11:16:19,16.73,手动出餐,1,否,"【随心拼】9英寸双拼披萨(口味自选）[水果+新奥尔良]（36.90*1）,餐盒（2.00*1）",双拼9寸【缤纷水果口味9】+双拼9寸【奥尔良口味9】,,,,非会员,2,,,依据餐量提供餐具,,36.90,20.41,10.00,0.00,0,0,1.94,0.00,3.50,【活动支出】店铺满减:1.00元+【活动支出】粉丝群:2.00元+【活动支出】饿了么红包:7.00元+【活动支出】替用户承担配送费:3.5元,-,-,-,2.00,温州区域,温州直营,,,否,-,平台配送
圣比萨（黄龙店）,SBS00008,温州,"8049050255002422654	",饿了么,平台外卖,已完成,2025-10-22 11:29:54,2025-10-22 11:29:54,2025-10-22 11:29:54,饿了么支付-在线支付,,即时单,2025-10-22 11:29:54,10.92,手动出餐,1,否,"新奥尔良烤鸡肉披萨-7英寸(手拍)[{""name"":""规格"",""value"":""7英寸(手拍)""}]（23.90*1）,餐盒（2.00*1）",新奥尔良烤鸡肉披萨,,,,非会员,3,,,依据餐量提供餐具,,23.90,10.12,9.00,0.00,0,0,1.43,0.00,3.50,【活动支出】粉丝群:2.00元+【活动支出】饿了么红包:7.00元+【活动支出】替用户承担配送费:3.5元,-,-,-,2.00,温州区域,温州直营,,,否,-,平台配送
圣比萨（黄龙店）,SBS00008,温州,"8072380255084267918	",饿了么,平台外卖,已完成,2025-10-22 13:45:18,2025-10-22 13:45:18,2025-10-22 13:45:18,饿了么支付-在线支付,,即时单,2025-10-22 13:45:18,9.25,手动出餐,1,否,"榴莲王披萨-7英寸(经典手拍)[{""name"":""规格"",""value"":""7英寸(经典手拍)""}]（52.00*1）,餐盒（1.00*1）",榴莲王披萨,,,,非会员,4,,,依据餐量提供餐具,,52.00,18.23,27.10,0.00,0,0,1.72,0.00,3.50,【活动支出】单品特价:18.10元+【活动支出】粉丝群:2.00元+【活动支出】饿了么红包:7.00元+【活动支出】替用户承担配送费:3.5元,-,-,-,1.00,温州区域,温州直营,,,否,-,平台配送
圣比萨（黄龙店）,SBS00008,温州,"8093796088897567193	",饿了么,平台外卖,已完成,2025-10-22 14:25:51,2025-10-22 14:25:51,2025-10-22 14:25:52,饿了么支付-在线支付,,即时单,2025-10-22 14:25:51,11.42,手动出餐,1,否,"榴莲王披萨-9英寸(手拍)[{""name"":""规格"",""value"":""9英寸(手拍)""}]（92.00*1）",榴莲王披萨,,,,非会员,5,,,依据餐量提供餐具,,92.00,26.28,56.10,0.00,0,0,2.47,0.00,3.50,【活动支出】单品特价:56.10元+【活动支出】替用户承担配送费:3.5元,-,-,-,0.00,温州区域,温州直营,,,否,-,平台配送
圣比萨（黄龙店）,SBS00008,温州,"8097706088938109324	",饿了么,平台外卖,已完成,2025-10-22 15:16:58,2025-10-22 15:16:58,2025-10-22 15:16:58,饿了么支付-在线支付,,即时单,2025-10-22 15:16:58,15.00,自动出餐,1,否,"经典薯条（8.90*1）,新奥尔良烤鸡肉披萨-7英寸(手拍)[{""name"":""规格"",""value"":""7英寸(手拍)""}]（23.90*1）,餐盒（3.00*1）",经典薯条+新奥尔良烤鸡肉披萨,,,,非会员,6,,,依据餐量提供餐具,,32.80,20.31,7.00,0.00,0,0,1.94,0.00,3.50,【活动支出】饿了么红包:7.00元+【活动支出】替用户承担配送费:3.5元,-,-,-,3.00,温州区域,温州直营,,,否,-,平台配送
圣比萨（黄龙店）,SBS00008,温州,"8084566088918824368	",饿了么,平台外卖,已完成,2025-10-22 15:58:03,2025-10-22 15:58:03,2025-10-22 15:58:04,饿了么支付-在线支付,,即时单,2025-10-22 15:58:03,15.03,自动出餐,1,否,"【随心拼】9英寸双拼披萨(口味自选）[培根鸡肉+日系照烧鸡]（36.90*1）,美式香骨鸡（8.90*1）,上校鸡块（4.90*1）,金丝鸡排（6.90*1）,经典薯条（8.90*1）,餐盒（6.00*1）",双拼9寸【鸡肉培根口味9】+双拼9寸【日系照烧口味9】+美式香骨鸡+上校鸡块+金丝鸡排+经典薯条,,,,非会员,7,,,对骑手 不在诊所内，不要送到诊所 到了之后打电话去拿/ 依据餐量提供餐具,,66.50,40.19,18.00,0.00,0,0,3.86,0.00,5.00,【活动支出】店铺满减:6.00元+【活动支出】饿了么红包:12.00元+【活动支出】替用户承担配送费:5.0元,-,-,-,6.00,温州区域,温州直营,,,否,-,平台配送
圣比萨（黄龙店）,SBS00008,温州,"8030906088912911769	",饿了么,平台外卖,已完成,2025-10-22 16:23:22,2025-10-22 16:23:22,2025-10-22 16:23:23,饿了么支付-在线支付,,即时单,2025-10-22 16:23:22,15.00,自动出餐,1,否,"【任选】披萨随心配（45.70*1）,餐盒（2.00*1）",缤纷芝士挞(香蕉味)+新奥尔良烤鸡肉披萨(7英寸(手拍))+奥尔良烤翅+蛋挞1个+可乐,,,,非会员,8,,,依据餐量提供餐具,,45.70,26.10,12.00,0.00,0,0,2.45,0.00,3.50,【活动支出】店铺满减:1.00元+【活动支出】粉丝群:2.00元+【活动支出】饿了么红包:9.00元+【活动支出】替用户承担配送费:3.5元,-,-,-,2.00,温州区域,温州直营,,,否,-,平台配送
圣比萨（黄龙店）,SBS00008,温州,"8048996088955103720	",饿了么,平台外卖,已完成,2025-10-22 16:27:44,2025-10-22 16:27:44,2025-10-22 16:27:44,饿了么支付-在线支付,,预约单,2025-10-22 17:15:00,2.33,自动出餐,1,否,"圣比招牌披萨-7英寸(经典手拍)[{""name"":""规格"",""value"":""7英寸(经典手拍)""}]（45.00*1）,餐盒（2.00*1）",大圣招牌大满贯披萨,,,,非会员,9,,,依据餐量提供餐具,,45.00,18.23,21.10,0.00,0,0,1.72,0.00,3.50,【活动支出】单品特价:11.10元+【活动支出】 商家自营销加码:0.00元+【活动支出】粉丝群:2.00元+【活动支出】饿了么红包:8.00元+【活动支出】替用户承担配送费:3.5元,-,-,-,2.00,温州区域,温州直营,,,否,-,平台配送
圣比萨（黄龙店）,SBS00008,温州,"8090220255062602075	",饿了么,平台外卖,已完成,2025-10-22 17:03:22,2025-10-22 17:03:22,2025-10-22 17:03:22,饿了么支付-在线支付,,即时单,2025-10-22 17:03:22,15.02,自动出餐,1,否,"【任选】披萨随心配（31.90*1）,餐盒（2.00*1）",不加一+新奥尔良烤鸡肉披萨(7英寸(手拍))+不加一+小薯条+可乐,,,,非会员,10,,,1份餐具,,31.90,20.08,6.00,0.00,0,0,1.87,0.00,3.50,【活动支出】饿了么红包:6.00元+【活动支出】替用户承担配送费:3.5元,-,-,-,2.00,温州区域,温州直营,,,否,-,平台配送
圣比萨（黄龙店）,SBS00008,温州,"8096140255069738243	",饿了么,平台外卖,已完成,2025-10-22 17:24:42,2025-10-22 17:24:42,2025-10-22 17:24:42,饿了么支付-在线支付,,即时单,2025-10-22 17:24:42,15.15,自动出餐,1,否,"榴莲王披萨-7英寸(经典手拍)[{""name"":""规格"",""value"":""7英寸(经典手拍)""}]（52.00*1）,餐盒（1.00*1）",榴莲王披萨,,,,非会员,11,,,依据餐量提供餐具,,52.00,18.28,25.10,0.00,0,0,1.87,0.00,5.60,【活动支出】单品特价:18.10元+【活动支出】饿了么红包:0.00元+【活动支出】饿了么红包:7.00元+【活动支出】替用户承担配送费:5.6元,-,-,-,1.00,温州区域,温州直营,,,否,-,平台配送
圣比萨（黄龙店）,SBS00008,温州,"8036450255156117835	",饿了么,平台外卖,已完成,2025-10-22 17:25:14,2025-10-22 17:25:14,2025-10-22 17:25:14,饿了么支付-在线支付,,即时单,2025-10-22 17:25:14,15.15,自动出餐,1,否,"新奥尔良烤鸡肉披萨-7英寸(手拍)[{""name"":""规格"",""value"":""7英寸(手拍)""}]（23.90*1）,餐盒（2.00*1）",新奥尔良烤鸡肉披萨,,,,非会员,12,,,依据餐量提供餐具,,23.90,10.12,9.00,0.00,0,0,1.43,0.00,4.00,【活动支出】 商家自营销加码:2.00元+【活动支出】粉丝群:2.00元+【活动支出】饿了么红包:5.00元+【活动支出】替用户承担配送费:4.0元,-,-,-,2.00,温州区域,温州直营,,,否,-,平台配送
圣比萨（黄龙店）,SBS00008,温州,"8036280254973554119	",饿了么,平台外卖,已完成,2025-10-22 17:27:40,2025-10-22 17:27:40,2025-10-22 17:27:40,饿了么支付-在线支付,,即时单,2025-10-22 17:27:40,15.17,自动出餐,1,否,"榴莲王披萨-12英寸(手拍)[{""name"":""规格"",""value"":""12英寸(手拍)""}]（129.00*1）,餐盒（1.00*1）",榴莲王披萨,,,,非会员,13,,,依据餐量提供餐具,,129.00,36.18,82.10,0.00,0,0,3.37,0.00,3.50,【活动支出】店铺满减:1.00元+【活动支出】单品特价:72.10元+【活动支出】饿了么红包:9.00元+【活动支出】替用户承担配送费:3.5元,-,-,-,1.00,温州区域,温州直营,,,否,-,平台配送
圣比萨（黄龙店）,SBS00008,温州,"8077546088999874822	",饿了么,平台外卖,已完成,2025-10-22 17:45:51,2025-10-22 17:45:51,2025-10-22 17:45:51,饿了么支付-在线支付,,即时单,2025-10-22 17:45:51,22.08,自动出餐,1,否,"9英寸双拼披萨+小吃4选2套餐[缤纷水果+培根鸡肉+盐酥鸡米花小份+上校鸡块4个+港式奶茶+港式奶茶]（96.00*1）,餐盒（2.00*1）",双拼9寸【缤纷水果口味9】+双拼9寸【鸡肉培根口味9】+盐酥鸡米花小份+上校鸡块+港式奶茶+港式奶茶,,,,非会员,14,,,放电梯里，告知几号电梯 / 依据餐量提供餐具,,96.00,67.55,11.00,0.00,0,0,6.30,0.00,4.00,【活动支出】店铺满减:6.00元+【活动支出】饿了么红包:5.00元+【活动支出】替用户承担配送费:4.0元,-,-,-,2.00,温州区域,温州直营,,,否,-,平台配送
圣比萨（黄龙店）,SBS00008,温州,"8087030255177174287	",饿了么,平台外卖,已完成,2025-10-22 17:47:21,2025-10-22 17:47:21,2025-10-22 17:47:21,饿了么支付-在线支付,,即时单,2025-10-22 17:47:21,22.13,自动出餐,1,否,"新奥尔良烤鸡肉披萨-7英寸(手拍)[{""name"":""规格"",""value"":""7英寸(手拍)""}]（23.90*1）,点击右上角❤️收藏得小吃[上校鸡块2个]（2.00*1）,【新客福利】蛋挞一个（原味）（5.00*1）,餐盒（3.00*1）",新奥尔良烤鸡肉披萨+上校鸡块2个+蛋挞1个,,,,非会员,15,,,1份餐具,,30.90,14.21,12.91,0.00,0,0,1.43,0.00,3.50,【活动支出】单品特价:1.90元+【活动支出】单品特价:4.01元+【活动支出】饿了么红包:7.00元+【活动支出】替用户承担配送费:3.5元,-,-,-,3.00,温州区域,温州直营,,,否,-,平台配送
圣比萨（黄龙店）,SBS00008,温州,"8015090255070617898	",饿了么,平台外卖,已完成,2025-10-22 17:49:04,2025-10-22 17:49:04,2025-10-22 17:49:04,饿了么支付-在线支付,,即时单,2025-10-22 17:49:04,22.13,自动出餐,1,否,"新奥尔良烤鸡肉披萨-7英寸(手拍)[{""name"":""规格"",""value"":""7英寸(手拍)""}]（23.90*1）,点击右上角❤️收藏得小吃[上校鸡块2个]（2.00*1）,餐盒（2.50*1）",新奥尔良烤鸡肉披萨+上校鸡块2个,,,,非会员,16,,,2份餐具,,25.90,12.72,8.90,0.00,0,0,1.43,0.00,3.50,【活动支出】饿了么红包:7.00元+【活动支出】精准营销:1.90元+【活动支出】替用户承担配送费:3.5元,-,-,-,2.50,温州区域,温州直营,,,否,-,平台配送
圣比萨（黄龙店）,SBS00008,温州,"8060816089001415972	",饿了么,平台外卖,已完成,2025-10-22 18:29:14,2025-10-22 18:29:14,2025-10-22 18:29:14,饿了么支付-在线支付,,即时单,2025-10-22 18:29:14,13.23,手动出餐,1,否,"点击右上角❤️收藏得小吃[墨鱼丸1个]（2.00*1）,招牌肉酱意面（52.00*1）,餐盒（1.50*1）",深海墨鱼丸1个+招牌肉酱意面,,,,非会员,17,,,依据餐量提供餐具,,54.00,15.69,33.00,0.00,0,0,1.46,0.00,3.50,【活动支出】单品特价:26.10元+【活动支出】精准营销:1.90元+【活动支出】饿了么红包:5.00元+【活动支出】替用户承担配送费:3.5元,-,-,-,1.50,温州区域,温州直营,,,否,-,平台配送
圣比萨（黄龙店）,SBS00008,温州,"8044726089000365315	",饿了么,平台外卖,已完成,2025-10-22 18:57:48,2025-10-22 18:57:48,2025-10-22 18:57:48,饿了么支付-在线支付,,即时单,2025-10-22 18:57:48,9.48,手动出餐,1,否,"【任选】披萨随心配（37.80*1）,餐盒（2.00*1）",不加一+日系照烧鸡披萨(7英寸(手拍))+金丝鸡排+上校鸡块+可乐,,,,非会员,18,,,依据餐量提供餐具,,37.80,22.16,9.00,0.00,0,0,2.09,0.00,3.50,【活动支出】店铺满减:1.00元+【活动支出】饿了么红包:8.00元+【活动支出】替用户承担配送费:3.5元,-,-,-,2.00,温州区域,温州直营,,,否,-,平台配送
圣比萨（黄龙店）,SBS00008,温州,"8086886088988142941	",饿了么,平台外卖,已完成,2025-10-22 19:03:37,2025-10-22 19:03:37,2025-10-22 19:03:38,饿了么支付-在线支付,,即时单,2025-10-22 19:03:37,21.48,手动出餐,1,否,"【任选】意面随心配（31.90*1）,餐盒（2.00*1）",地道肠1根+深海墨鱼丸(3个)+上校鸡块+不加一+番茄培根意面+柠檬茶+不加一,,,,非会员,19,,,无需餐具,,31.90,17.31,9.00,0.00,0,0,1.64,0.00,3.50,【活动支出】超级会员专享红包:5.00元+【活动支出】 商家自营销加码:2.00元+【活动支出】粉丝群:2.00元+【活动支出】替用户承担配送费:3.5元,-,-,-,2.00,温州区域,温州直营,,,否,-,平台配送
圣比萨（黄龙店）,SBS00008,温州,"8078636088994638123	",饿了么,平台外卖,已完成,2025-10-22 19:16:50,2025-10-22 19:16:50,2025-10-22 19:16:51,饿了么支付-在线支付,,即时单,2025-10-22 19:16:50,9.95,手动出餐,1,否,"新奥尔良烤鸡肉披萨-9英寸(手拍)[{""name"":""规格"",""value"":""9英寸(手拍)""}]（33.90*1）,餐盒（2.00*1）",新奥尔良烤鸡肉披萨,,,,非会员,20,,,依据餐量提供餐具,,33.90,18.61,7.00,0.00,0,0,1.94,0.00,5.60,【活动支出】饿了么红包:7.00元+【活动支出】替用户承担配送费:5.6元,-,-,-,2.00,温州区域,温州直营,,,否,-,平台配送
圣比萨（黄龙店）,SBS00008,温州,"8079886089003605475	",饿了么,平台外卖,已完成,2025-10-22 19:29:40,2025-10-22 19:29:40,2025-10-22 19:29:40,饿了么支付-在线支付,,即时单,2025-10-22 19:29:40,12.78,手动出餐,1,否,"【随心拼】7英寸双拼披萨(口味自选）[奥尔良+培根鸡肉]（26.90*1）,【新客福利】蛋挞一个（原味）（5.00*1）,餐盒（2.50*1）",双拼7寸【奥尔良口味7】+双拼7寸【碳烤鸡肉培根口味7】+蛋挞1个,,,,非会员,21,,,依据餐量提供餐具,,31.90,15.91,11.01,0.00,0,0,1.53,0.00,3.50,【活动支出】单品特价:4.01元+【活动支出】 商家自营销加码:2.00元+【活动支出】饿了么红包:5.00元+【活动支出】替用户承担配送费:3.5元,-,-,-,2.50,温州区域,温州直营,,,否,-,平台配送
圣比萨（黄龙店）,SBS00008,温州,"8012656089074954522	",饿了么,平台外卖,已完成,2025-10-22 20:13:12,2025-10-22 20:13:12,2025-10-22 20:13:12,饿了么支付-在线支付,,即时单,2025-10-22 20:13:12,15.18,自动出餐,1,否,"奶酪芝士卷边（12英寸）（8.90*1）,榴莲王披萨-12英寸(手拍)[{""name"":""规格"",""value"":""12英寸(手拍)""}]（129.00*1）,【新客福利】蛋挞一个（原味）（5.00*1）,餐盒（1.50*1）",奶酪芝士卷边+榴莲王披萨+蛋挞1个,,,,非会员,22,,,无需餐具,,142.90,37.79,94.11,0.00,0,0,3.55,0.00,3.50,【活动支出】店铺满减:6.00元+【活动支出】单品特价:72.10元+【活动支出】单品特价:4.01元+【活动支出】饿了么红包:12.00元+【活动支出】淘金币:0.00元+【活动支出】替用户承担配送费:3.5元,-,-,-,1.50,温州区域,温州直营,,,否,-,平台配送
圣比萨（黄龙店）,SBS00008,温州,"8069666089038890455	",饿了么,平台外卖,已完成,2025-10-22 20:28:23,2025-10-22 20:28:23,2025-10-22 20:28:23,饿了么支付-在线支付,,即时单,2025-10-22 20:28:23,14.92,手动出餐,1,否,"盐酥鸡粒（9.90*1）,【随心拼】9英寸双拼披萨(口味自选）[水果+培根鸡肉]（36.90*1）,餐盒（3.00*1）",盐酥鸡粒+双拼9寸【缤纷水果口味9】+双拼9寸【鸡肉培根口味9】,,,,非会员,23,,,依据餐量提供餐具,,46.80,29.29,10.00,0.00,0,0,2.76,0.00,3.50,【活动支出】店铺满减:1.00元+【活动支出】饿了么红包:9.00元+【活动支出】替用户承担配送费:3.5元,-,-,-,3.00,温州区域,温州直营,,,否,-,平台配送
圣比萨（黄龙店）,SBS00008,温州,"8004556089044465016	",饿了么,平台外卖,已完成,2025-10-22 20:43:04,2025-10-22 20:43:04,2025-10-22 20:43:05,饿了么支付-在线支付,,即时单,2025-10-22 20:43:04,7.35,手动出餐,1,否,"圣比招牌披萨-7英寸(经典手拍)[{""name"":""规格"",""value"":""7英寸(经典手拍)""}]（45.00*1）,餐盒（2.00*1）",大圣招牌大满贯披萨,,,,非会员,24,,,无需餐具,,45.00,20.41,18.10,0.00,0,0,1.94,0.00,3.50,【活动支出】单品特价:11.10元+【活动支出】饿了么红包:7.00元+【活动支出】替用户承担配送费:3.5元,-,-,-,2.00,温州区域,温州直营,,,否,-,平台配送
圣比萨（黄龙店）,SBS00008,温州,"8037230255157496280	",饿了么,平台外卖,已完成,2025-10-22 20:54:11,2025-10-22 20:54:11,2025-10-22 20:54:11,饿了么支付-在线支付,,即时单,2025-10-22 20:54:11,12.80,手动出餐,1,否,"【随心拼】7英寸双拼披萨(口味自选）[培根鸡肉+日系照烧]（26.90*1）,【任选】意面随心配（41.70*1）,餐盒（4.00*1）",双拼7寸【碳烤鸡肉培根口味7】+双拼7寸【日系照烧口味7】+地道肠1根+上校鸡块+小薯条+缤纷芝士挞(菠萝味)+番茄牛肉意面+可乐+盐酥鸡米花小份,,,,非会员,25,,,依据餐量提供餐具,,68.60,46.15,11.00,0.00,0,0,4.40,0.00,5.00,【活动支出】店铺满减:6.00元+【活动支出】饿了么红包:5.00元+【活动支出】替用户承担配送费:5.0元,-,-,-,4.00,温州区域,温州直营,,,否,-,平台配送
圣比萨（黄龙店）,SBS00008,温州,"8094676089033267706	",饿了么,平台外卖,已退款,2025-10-22 21:16:01,2025-10-22 21:16:01,2025-10-22 21:16:01,饿了么支付-在线支付,,即时单,2025-10-22 21:16:01,,未出餐,1,否,"【随心拼】7英寸双拼披萨(口味自选）[水果+培根鸡肉]（26.90*1）,餐盒（2.00*1）",双拼7寸【缤纷水果口味7】+双拼7寸【碳烤鸡肉培根口味7】,,,,非会员,26,,,依据餐量提供餐具,订单强制无效（商家主动取消已接订单、用户1分钟内取消),26.90,-3.28,9.00,15.90,0,0,1.43,0.00,5.60,【活动支出】粉丝群:2.00元+【活动支出】饿了么红包:7.00元+【活动支出】替用户承担配送费:5.6元,-,-,-,2.00,温州区域,温州直营,,,否,-,平台配送
圣比萨（黄龙店）,SBS00008,温州,"8075516089065266638	",饿了么,平台外卖,已完成,2025-10-22 21:23:01,2025-10-22 21:23:01,2025-10-22 21:23:01,饿了么支付-在线支付,,即时单,2025-10-22 21:23:01,15.15,自动出餐,1,否,"芝士就是力量（7.00*1）,榴莲王披萨-7英寸(经典手拍)[{""name"":""规格"",""value"":""7英寸(经典手拍)""}]（52.00*1）,餐盒（2.00*1）",芝士就是力量+榴莲王披萨,,,,非会员,27,,,1份餐具,,59.00,23.93,27.10,0.00,0,0,2.32,0.00,5.60,【活动支出】店铺满减:1.00元+【活动支出】单品特价:18.10元+【活动支出】超级会员专享红包:8.00元+【活动支出】 商家自营销加码:0.00元+【活动支出】替用户承担配送费:5.6元,-,-,-,2.00,温州区域,温州直营,,,否,-,平台配送
圣比萨（黄龙店）,SBS00008,温州,"8005050255163668934	",饿了么,平台外卖,已完成,2025-10-22 21:23:23,2025-10-22 21:23:23,2025-10-22 21:23:24,饿了么支付-在线支付,,即时单,2025-10-22 21:23:23,15.13,自动出餐,1,否,"【随心拼】9英寸双拼披萨(口味自选）[日系照烧鸡+浪漫威尼斯]（36.90*1）,餐盒（2.00*1）",双拼9寸【日系照烧口味9】+双拼9寸【浪漫威尼斯口味9】,,,,非会员,28,,,依据餐量提供餐具,,36.90,20.83,9.00,0.00,0,0,2.02,0.00,5.60,【活动支出】店铺满减:1.00元+【活动支出】 商家自营销加码:0.00元+【活动支出】饿了么红包:8.00元+【活动支出】替用户承担配送费:5.6元,-,-,-,2.00,温州区域,温州直营,,,否,-,平台配送
圣比萨（黄龙店）,SBS00008,温州,"8043566089041318210	",饿了么,平台外卖,已完成,2025-10-22 21:24:08,2025-10-22 21:24:08,2025-10-22 21:24:08,饿了么支付-在线支付,,即时单,2025-10-22 21:24:08,15.23,自动出餐,1,否,"榴莲王披萨-7英寸(经典手拍)[{""name"":""规格"",""value"":""7英寸(经典手拍)""}]（52.00*1）,点击右上角❤️收藏得小吃[上校鸡块2个]（2.00*1）,【新客福利】蛋挞一个（原味）（5.00*1）,餐盒（2.00*1）",榴莲王披萨+上校鸡块2个+蛋挞1个,,,,非会员,29,,,依据餐量提供餐具,,59.00,19.67,33.01,0.00,0,0,1.87,0.00,5.60,【活动支出】单品特价:18.10元+【活动支出】单品特价:1.90元+【活动支出】单品特价:4.01元+【活动支出】粉丝群:2.00元+【活动支出】饿了么红包:7.00元+【活动支出】替用户承担配送费:5.6元,-,-,-,2.00,温州区域,温州直营,,,否,-,平台配送
圣比萨（黄龙店）,SBS00008,温州,"8061050255273887118	",饿了么,平台外卖,已完成,2025-10-22 21:33:57,2025-10-22 21:33:57,2025-10-22 21:33:57,饿了么支付-在线支付,,即时单,2025-10-22 21:33:57,12.87,手动出餐,1,否,"招牌肉酱意面（52.00*1）,经典薯条（8.90*1）,餐盒（2.00*1）",招牌肉酱意面+经典薯条,,,,非会员,30,,,依据餐量提供餐具,,60.90,18.01,34.10,0.00,0,0,1.94,0.00,8.30,【活动支出】单品特价:26.10元+【活动支出】饿了么红包:8.00元+【活动支出】替用户承担配送费:6.0元,-,-,-,2.00,温州区域,温州直营,,,否,-,平台配送
圣比萨（黄龙店）,SBS00008,温州,"8086240255082890535	",饿了么,平台外卖,已退款,2025-10-22 21:40:11,2025-10-22 21:40:11,2025-10-22 21:40:12,饿了么支付-在线支付,,即时单,2025-10-22 21:40:11,,未出餐,1,否,"花果山披萨-7英寸(手拍)[{""name"":""规格"",""value"":""7英寸(手拍)""}]（25.90*1）,餐盒（1.00*1）",花果山披萨,,,,非会员,31,,,依据餐量提供餐具,订单强制无效（商家主动取消已接订单、用户1分钟内取消),25.90,-3.28,7.00,15.90,0,0,1.43,0.00,5.60,【活动支出】饿了么红包:7.00元+【活动支出】替用户承担配送费:5.6元,-,-,-,1.00,温州区域,温州直营,,,否,-,平台配送
圣比萨（黄龙店）,SBS00008,温州,"8070666089067959627	",饿了么,平台外卖,已完成,2025-10-22 21:48:46,2025-10-22 21:48:46,2025-10-22 21:48:47,饿了么支付-在线支付,,即时单,2025-10-22 21:48:46,11.38,手动出餐,1,否,"缤纷水果披萨-7英寸(手拍)[{""name"":""规格"",""value"":""7英寸(手拍)""}]（42.00*1）,红薯薯泥流心卷边（7英寸）（4.90*1）,餐盒（1.00*1）",缤纷水果披萨+红薯泥流心卷边7,,,,非会员,32,,,依据餐量提供餐具,,46.90,15.81,23.10,0.00,0,0,1.64,0.00,7.10,【活动支出】单品特价:16.10元+【活动支出】饿了么红包:7.00元+【活动支出】替用户承担配送费:6.0元,-,-,-,1.00,温州区域,温州直营,,,否,-,平台配送
圣比萨（黄龙店）,SBS00008,温州,"8053270255179266473	",饿了么,平台外卖,已完成,2025-10-22 22:14:02,2025-10-22 22:14:02,2025-10-22 22:14:02,饿了么支付-在线支付,,即时单,2025-10-22 22:14:02,8.60,手动出餐,1,否,"碳烤鸡肉培根披萨-7英寸(手拍)[{""name"":""规格"",""value"":""7英寸(手拍)""}]（25.90*1）,奶酪芝士卷边（7英寸）（4.90*1）,餐盒（1.00*1）",碳烤鸡肉培根披萨+酸奶多多流心卷边9,,,,非会员,33,,,无需餐具,,30.80,16.71,7.00,0.00,0,0,1.64,0.00,5.60,【活动支出】饿了么红包:7.00元+【活动支出】替用户承担配送费:5.6元,-,-,-,1.00,温州区域,温州直营,,,否,-,平台配送
圣比萨（黄龙店）,SBS00008,温州,"8052130255289093460	",饿了么,平台外卖,已完成,2025-10-22 22:34:10,2025-10-22 22:34:10,2025-10-22 22:34:11,饿了么支付-在线支付,,即时单,2025-10-22 22:34:10,11.93,手动出餐,1,否,"【随心拼】7英寸双拼披萨(口味自选）[水果+奥尔良]（26.90*1）,餐盒（2.00*1）",双拼7寸【缤纷水果口味7】+双拼7寸【奥尔良口味7】,,,,非会员,34,,,2份餐具,,26.90,14.62,7.00,0.00,0,0,1.43,0.00,5.60,【活动支出】饿了么红包:7.00元+【活动支出】替用户承担配送费:5.6元,-,-,-,2.00,温州区域,温州直营,,,否,-,平台配送
圣比萨（黄龙店）,SBS00008,温州,"8009666089056168269	",饿了么,平台外卖,已完成,2025-10-22 22:43:40,2025-10-22 22:43:40,2025-10-22 22:43:40,饿了么支付-在线支付,,即时单,2025-10-22 22:43:40,9.50,手动出餐,1,否,"新奥尔良烤鸡肉披萨-7英寸(手拍)[{""name"":""规格"",""value"":""7英寸(手拍)""}]（23.90*1）,餐盒（2.00*1）",新奥尔良烤鸡肉披萨,,,,非会员,35,,,1份餐具,,23.90,9.62,9.00,0.00,0,0,1.43,0.00,5.60,【活动支出】粉丝群:2.00元+【活动支出】饿了么红包:7.00元+【活动支出】替用户承担配送费:5.6元,-,-,-,2.00,温州区域,温州直营,,,否,-,平台配送
圣比萨（上塘店）,SBM00032,温州,"8082270254869008808	",饿了么,平台外卖,已完成,2025-10-22 10:42:06,2025-10-22 10:42:06,2025-10-22 10:42:07,饿了么支付-在线支付,,即时单,2025-10-22 10:42:06,13.75,手动出餐,1,否,"【5件套】披萨随心配（42.80*1）,餐盒（1.00*1）",海苔肉松披萨(7英寸(手拍))+酸梅汁+经典薯条+地道肠1根+上校鸡块2个,,,,非会员,1,,,依据餐量提供餐具,,42.80,30.87,1.00,0.00,0,0,4.18,0.00,3.90,【活动支出】店铺满减:1.00元+【活动支出】替用户承担配送费:3.9元,-,-,-,1.00,温州区域,温州加盟,,,否,-,平台配送
圣比萨（上塘店）,SBM00032,温州,"8002636088750222593	",饿了么,平台外卖,已完成,2025-10-22 10:50:44,2025-10-22 10:50:44,2025-10-22 10:50:44,饿了么支付-在线支付,,即时单,2025-10-22 10:50:44,12.00,手动出餐,1,否,"招牌肉酱芝士焗饭（不辣）（24.00*1）,餐盒（2.00*1）",招牌肉酱芝士焗饭,,,,非会员,2,,,依据餐量提供餐具,,24.00,11.97,7.00,0.00,0,0,1.68,0.00,3.90,【活动支出】 商家自营销加码:2.00元+【活动支出】饿了么红包:5.00元+【活动支出】替用户承担配送费:3.9元,-,-,-,2.00,温州区域,温州加盟,,,否,-,平台配送
圣比萨（上塘店）,SBM00032,温州,"8043616088768794072	",饿了么,平台外卖,已完成,2025-10-22 11:02:46,2025-10-22 11:02:46,2025-10-22 11:02:46,饿了么支付-在线支付,,即时单,2025-10-22 11:02:46,12.55,手动出餐,1,否,"榴莲王披萨-7英寸（经典手拍)[{""name"":""规格"",""value"":""7英寸（经典手拍)""}]（52.00*1）,餐盒（1.00*1）",榴莲王披萨,,,,非会员,3,,,依据餐量提供餐具,,52.00,21.42,22.10,0.00,0,0,2.93,0.00,3.90,【活动支出】店铺满减:1.00元+【活动支出】单品特价:13.10元+【活动支出】饿了么红包:8.00元+【活动支出】替用户承担配送费:3.9元,-,-,-,1.00,温州区域,温州加盟,,,否,-,平台配送
圣比萨（上塘店）,SBM00032,温州,"8090766088849934613	",饿了么,平台外卖,已完成,2025-10-22 11:47:12,2025-10-22 11:47:12,2025-10-22 11:47:12,饿了么支付-在线支付,,即时单,2025-10-22 11:47:12,9.40,手动出餐,1,否,"招牌肉酱芝士焗饭（不辣）（24.00*1）,餐盒（2.00*1）",招牌肉酱芝士焗饭,,,,非会员,4,,,依据餐量提供餐具,,24.00,11.97,7.00,0.00,0,0,1.68,0.00,3.90,【活动支出】 商家自营销加码:2.00元+【活动支出】CPS商户叠加券:0.00元+【活动支出】饿了么红包:5.00元+【活动支出】替用户承担配送费:3.9元,-,-,-,2.00,温州区域,温州加盟,,,否,-,平台配送
圣比萨（上塘店）,SBM00032,温州,"8036360254980400639	",饿了么,平台外卖,已完成,2025-10-22 12:58:07,2025-10-22 12:58:07,2025-10-22 12:58:07,饿了么支付-在线支付,,即时单,2025-10-22 12:58:07,13.47,手动出餐,1,否,"缤纷水果披萨-7英寸[{""name"":""规格"",""value"":""7英寸""}]（33.48*1）,餐盒（2.00*1）",缤纷水果披萨,,,,非会员,5,,,无需餐具,,33.48,13.96,11.58,0.00,0,0,2.19,0.00,6.00,【活动支出】单品特价:3.58元+【活动支出】精准营销:1.00元+【活动支出】饿了么红包:7.00元+【活动支出】替用户承担配送费:6.0元,-,-,-,2.00,温州区域,温州加盟,,,否,-,平台配送
圣比萨（上塘店）,SBM00032,温州,"8010230255022168543	",饿了么,平台外卖,已完成,2025-10-22 16:21:18,2025-10-22 16:21:18,2025-10-22 16:21:18,饿了么支付-在线支付,,即时单,2025-10-22 16:21:18,9.45,手动出餐,1,否,奥尔良烤鸡肉披萨(7寸)-单点（23.21*1）,新奥尔良烤鸡肉披萨【7英寸(手拍)】,,,,非会员,6,,,依据餐量提供餐具,,23.21,13.21,0.00,0.00,0,0,0.00,0.00,,【活动支出】拼团反圈活动:0.00元,-,-,-,0.00,温州区域,温州加盟,,,否,-,平台配送
圣比萨（上塘店）,SBM00032,温州,"8067666088922314029	",饿了么,平台外卖,已完成,2025-10-22 16:30:20,2025-10-22 16:30:20,2025-10-22 16:30:21,饿了么支付-在线支付,,即时单,2025-10-22 16:30:20,13.33,手动出餐,1,否,"【5件套】披萨随心配（43.70*1）,餐盒（1.00*1）",炙热牛魔王披萨(7英寸(手拍))+可乐+经典薯条+蛋挞+香芋地瓜丸3个,,,,非会员,7,,,2份餐具,,43.70,22.14,13.00,0.00,0,0,3.01,0.00,3.90,【活动支出】店铺满减:1.00元+【活动支出】订单集点返红包:3.00元+【活动支出】饿了么红包:9.00元+【活动支出】替用户承担配送费:3.9元,-,-,-,1.00,温州区域,温州加盟,,,否,-,平台配送
圣比萨（上塘店）,SBM00032,温州,"8009936088920357143	",饿了么,平台外卖,已完成,2025-10-22 16:33:17,2025-10-22 16:33:17,2025-10-22 16:33:17,饿了么支付-在线支付,,即时单,2025-10-22 16:33:17,14.53,手动出餐,1,否,"新年狂欢双人套餐（68.00*1）,餐盒（2.00*1）",芒果汁+港式奶茶+大圣招牌大满贯披萨(9英寸(手拍))+奥尔良烤翅+上校鸡块,,,,非会员,8,,,依据餐量提供餐具,,68.00,37.90,18.00,0.00,0,0,5.15,0.00,3.90,【活动支出】店铺满减:6.00元+【活动支出】饿了么红包:12.00元+【活动支出】替用户承担配送费:3.9元,-,-,-,2.00,温州区域,温州加盟,,,否,-,平台配送
圣比萨（上塘店）,SBM00032,温州,"8084350255076539860	",饿了么,平台外卖,已完成,2025-10-22 17:30:17,2025-10-22 17:30:17,2025-10-22 17:30:17,饿了么支付-在线支付,,即时单,2025-10-22 17:30:17,14.85,手动出餐,1,否,"榴莲王披萨-9英寸(经典手拍)[{""name"":""规格"",""value"":""9英寸(经典手拍)""}]（82.00*1）,蛋挞1个【原味】（3.00*1）,餐盒（1.90*1）",榴莲王披萨+蛋挞1个,,,,非会员,9,,,依据餐量提供餐具,,85.00,31.97,42.20,0.00,0,0,4.38,0.00,3.90,【活动支出】店铺满减:1.00元+【活动支出】单品特价:28.10元+【活动支出】单品特价:1.10元+【活动支出】饿了么红包:12.00元+【活动支出】替用户承担配送费:3.9元,-,-,-,1.90,温州区域,温州加盟,,,否,-,平台配送
圣比萨（上塘店）,SBM00032,温州,"8074190255058544046	",饿了么,平台外卖,已完成,2025-10-22 17:33:05,2025-10-22 17:33:05,2025-10-22 17:33:06,饿了么支付-在线支付,,即时单,2025-10-22 17:33:05,12.08,手动出餐,1,否,"【4件套】个人独享随心选（38.80*1）,餐盒（2.00*1）",奥尔良鸡肉披萨-7英寸+小可乐+经典薯条+上校鸡块1个,,,,非会员,10,,,依据餐量提供餐具,,38.80,21.33,10.00,0.00,0,0,2.92,0.00,3.90,【活动支出】店铺满减:1.00元+【活动支出】 商家自营销加码:2.00元+【活动支出】下单返红包:2.00元+【活动支出】超会爆红包省钱包:5.00元+【活动支出】替用户承担配送费:3.9元,-,-,-,2.00,温州区域,温州加盟,,,否,-,平台配送
圣比萨（上塘店）,SBM00032,温州,"8087946088955007372	",饿了么,平台外卖,已完成,2025-10-22 17:38:27,2025-10-22 17:38:27,2025-10-22 17:38:28,饿了么支付-在线支付,,即时单,2025-10-22 17:38:27,6.75,手动出餐,1,否,番茄牛肉意面-单点（22.59*1）,番茄牛肉意面,,,,非会员,11,,,依据餐量提供餐具,,22.59,12.59,0.00,0.00,0,0,0.00,0.00,,【活动支出】拼团反圈活动:0.00元,-,-,-,0.00,温州区域,温州加盟,,,否,-,平台配送
圣比萨（上塘店）,SBM00032,温州,"8072546088938941871	",饿了么,平台外卖,已完成,2025-10-22 17:42:43,2025-10-22 17:42:43,2025-10-22 17:42:43,饿了么支付-在线支付,,预约单,2025-10-22 20:30:00,154.72,手动出餐,1,否,"新年狂欢双人套餐（68.00*1）,餐盒（2.00*1）",港式奶茶+酸梅汁+奥尔良鸡肉披萨-9英寸+奥尔良烤翅+经典薯条,,,,非会员,12,,,1份餐具,,68.00,36.11,19.00,0.00,0,0,5.04,0.00,4.90,【活动支出】店铺满减:6.00元+【活动支出】精准营销:1.00元+【活动支出】饿了么红包:12.00元+【活动支出】替用户承担配送费:4.9元,-,-,-,2.00,温州区域,温州加盟,,,否,-,平台配送
圣比萨（上塘店）,SBM00032,温州,"8078546088969996582	",饿了么,平台外卖,已完成,2025-10-22 18:04:08,2025-10-22 18:04:08,2025-10-22 18:04:09,饿了么支付-在线支付,,即时单,2025-10-22 18:04:08,11.98,手动出餐,1,否,"圣比至尊披萨-7英寸[{""name"":""规格"",""value"":""7英寸""}]（29.80*1）,餐盒（2.00*1）",大圣招牌大满贯披萨,,,,非会员,13,,,依据餐量提供餐具,,29.80,14.77,8.00,0.00,0,0,2.18,0.00,4.90,【活动支出】精准营销:1.00元+【活动支出】饿了么红包:7.00元+【活动支出】替用户承担配送费:4.9元,-,-,-,2.00,温州区域,温州加盟,,,否,-,平台配送
圣比萨（上塘店）,SBM00032,温州,"8073300255097936223	",饿了么,平台外卖,已完成,2025-10-22 18:29:41,2025-10-22 18:29:41,2025-10-22 18:29:41,饿了么支付-在线支付,,即时单,2025-10-22 18:29:41,11.62,手动出餐,1,否,"【2个】7英寸披萨（49.80*1）,餐盒（2.00*1）",奥尔良鸡肉披萨-7英寸+大圣招牌大满贯披萨(7英寸(手拍)),,,,非会员,14,,,依据餐量提供餐具,,49.80,28.18,11.00,0.00,0,0,3.97,0.00,4.90,【活动支出】店铺满减:1.00元+【活动支出】精准营销:1.00元+【活动支出】饿了么红包:9.00元+【活动支出】替用户承担配送费:4.9元,-,-,-,2.00,温州区域,温州加盟,,,否,-,平台配送
圣比萨（上塘店）,SBM00032,温州,"8099420255114150316	",饿了么,平台外卖,已完成,2025-10-22 18:57:07,2025-10-22 18:57:07,2025-10-22 18:57:07,饿了么支付-在线支付,,即时单,2025-10-22 18:57:07,13.67,手动出餐,1,否,"西冷牛排[配黑椒汁]（39.80*1）,奥尔良鸡肉披萨-9英寸[{""name"":""规格"",""value"":""9英寸""}]（46.80*1）,餐盒（3.00*1）",新奥尔良烤鸡肉披萨【7英寸(手拍)】,,,,非会员,15,,,对骑手1楼密码987123 / 1份餐具,,86.60,56.92,13.00,0.00,0,0,7.73,0.00,3.90,【活动支出】店铺满减:6.00元+【活动支出】 商家自营销加码:2.00元+【活动支出】饿了么红包:5.00元+【活动支出】替用户承担配送费:3.9元,-,-,-,3.00,温州区域,温州加盟,,,否,-,平台配送
圣比萨（上塘店）,SBM00032,温州,"8069290255065075159	",饿了么,平台外卖,已完成,2025-10-22 20:32:56,2025-10-22 20:32:56,2025-10-22 20:32:57,饿了么支付-在线支付,,即时单,2025-10-22 20:32:56,12.82,手动出餐,1,否,"圣比至尊披萨-7英寸[{""name"":""规格"",""value"":""7英寸""}]（29.80*1）,餐盒（2.00*1）",大圣招牌大满贯披萨,,,,非会员,16,,,依据餐量提供餐具,,29.80,15.67,8.00,0.00,0,0,2.18,0.00,3.90,【活动支出】 商家自营销加码:2.00元+【活动支出】精准营销:1.00元+【活动支出】饿了么红包:5.00元+【活动支出】替用户承担配送费:3.9元,-,-,-,2.00,温州区域,温州加盟,,,否,-,平台配送
圣比萨（上塘店）,SBM00032,温州,"8074480255167712566	",饿了么,平台外卖,已完成,2025-10-22 20:37:13,2025-10-22 20:37:13,2025-10-22 20:37:13,饿了么支付-在线支付,,即时单,2025-10-22 20:37:13,12.12,手动出餐,1,否,"超值一人餐（35.20*1）,餐盒（2.00*1）",上校鸡块+碳烤鸡肉培根披萨(7英寸(手拍))+港式奶茶,,,,非会员,17,,,1份餐具,,35.20,19.90,8.00,0.00,0,0,2.75,0.00,3.90,【活动支出】CPS商户叠加券:0.00元+【活动支出】饿了么红包:8.00元+【活动支出】替用户承担配送费:3.9元,-,-,-,2.00,温州区域,温州加盟,,,否,-,平台配送
圣比萨（上塘店）,SBM00032,温州,"8003480255068088586	",饿了么,平台外卖,已完成,2025-10-22 20:38:07,2025-10-22 20:38:07,2025-10-22 20:38:07,饿了么支付-在线支付,,即时单,2025-10-22 20:38:07,12.67,手动出餐,1,否,"超值一人餐（35.20*1）,餐盒（2.00*1）",上校鸡块+碳烤鸡肉培根披萨(7英寸(手拍))+芒果汁,,,,非会员,18,,,"加点醋,要香菜 / 依据餐量提供餐具",,35.20,20.79,7.00,0.00,0,0,2.86,0.00,3.90,【活动支出】 商家自营销加码:2.00元+【活动支出】饿了么红包:5.00元+【活动支出】替用户承担配送费:3.9元,-,-,-,2.00,温州区域,温州加盟,,,否,-,平台配送
圣比萨（上塘店）,SBM00032,温州,"8070896089029174536	",饿了么,平台外卖,已完成,2025-10-22 21:00:17,2025-10-22 21:00:17,2025-10-22 21:00:17,饿了么支付-在线支付,,即时单,2025-10-22 21:00:17,10.32,手动出餐,1,否,"超值一人餐（35.20*1）,餐盒（2.00*1）",经典薯条+碳烤鸡肉培根披萨(7英寸(手拍))+港式奶茶,,,,非会员,19,,,依据餐量提供餐具,,35.20,20.29,7.00,0.00,0,0,2.86,0.00,6.00,【活动支出】饿了么红包:7.00元+【活动支出】替用户承担配送费:6.0元,-,-,-,2.00,温州区域,温州加盟,,,否,-,平台配送
圣比萨（上塘店）,SBM00032,温州,"8043766089041858853	",饿了么,平台外卖,已完成,2025-10-22 21:30:14,2025-10-22 21:30:14,2025-10-22 21:30:15,饿了么支付-在线支付,,即时单,2025-10-22 21:30:14,14.07,手动出餐,1,否,"榴莲王披萨-9英寸方形薄脆披萨[{""name"":""规格"",""value"":""9英寸方形薄脆披萨""}]（45.80*1）,餐盒（1.00*1）","榴莲王披萨-9英寸方形薄脆披萨[{""name"":""规格"",""value"":""9英寸方形薄脆披萨""}]+餐盒",,,,非会员,20,,,依据餐量提供餐具,,45.80,32.46,1.00,0.00,0,0,4.49,0.00,6.00,【活动支出】店铺满减:1.00元+【活动支出】替用户承担配送费:6.0元,-,-,-,1.00,温州区域,温州加盟,,,否,-,平台配送
圣比萨（上塘店）,SBM00032,温州,"8083100255168334126	",饿了么,平台外卖,已完成,2025-10-22 21:43:16,2025-10-22 21:43:16,2025-10-22 21:43:16,饿了么支付-在线支付,,即时单,2025-10-22 21:43:16,13.07,手动出餐,1,否,"缤纷水果披萨-7英寸[{""name"":""规格"",""value"":""7英寸""}]（33.48*1）,餐盒（2.00*1）",缤纷水果披萨,,,,非会员,21,,,1份餐具,,33.48,15.25,10.58,0.00,0,0,2.30,0.00,7.00,【活动支出】单品特价:3.58元+【活动支出】饿了么红包:7.00元+【活动支出】替用户承担配送费:6.0元,-,-,-,2.00,温州区域,温州加盟,,,否,-,平台配送
圣比萨（嵊州吾悦店）,SBM00045,绍兴,"8068300254793776425	",饿了么,平台外卖,已完成,2025-10-21 22:15:32,2025-10-21 22:15:32,2025-10-21 22:15:33,饿了么支付-在线支付,,预约单,2025-10-22 16:20:00,1054.08,手动出餐,1,否,"9寸披萨随❤️双拼[培根鸡肉+牛肉至尊]（52.00*1）,[买一送一]芝士焗饭[碳烤鸡肉芝士焗饭+黑椒牛肉芝士焗饭]（40.90*1）,餐盒（3.00*1）",双拼9寸【鸡肉培根口味9】+双拼9寸【牛魔王口味9】+碳烤鸡肉芝士焗饭+黑椒牛肉芝士焗饭,,,,非会员,1,,,3份餐具,,92.90,44.45,18.10,0.00,0,0,7.67,0.00,8.00,【活动支出】店铺满减:4.00元+【活动支出】单品特价:2.10元+【活动支出】粉丝群:1.00元+【活动支出】饿了么红包:11.00元+【活动支出】替用户承担配送费:8.0元,-,-,-,3.00,绍兴地区,绍兴加盟店,,,否,-,平台配送
圣比萨（嵊州吾悦店）,SBM00045,绍兴,"8069430254775450044	",饿了么,平台外卖,已完成,2025-10-22 10:47:50,2025-10-22 10:47:50,2025-10-22 10:47:50,饿了么支付-在线支付,,即时单,2025-10-22 10:47:50,7.82,扫码出餐,1,否,"缤纷水果披萨-7英寸(手拍)[{""name"":""规格"",""value"":""7英寸(手拍)""}]（32.00*1）,餐盒（1.00*1）",缤纷水果披萨,,,,非会员,2,,,依据餐量提供餐具,,32.00,15.66,5.00,0.00,0,0,2.64,0.00,5.00,【活动支出】饿了么红包:5.00元+【活动支出】替用户承担配送费:5.0元,-,-,-,1.00,绍兴地区,绍兴加盟店,,,否,-,平台配送
圣比萨（嵊州吾悦店）,SBM00045,绍兴,"8077686088852608340	",饿了么,平台外卖,已完成,2025-10-22 12:28:09,2025-10-22 12:28:09,2025-10-22 12:28:09,饿了么支付-在线支付,,即时单,2025-10-22 12:28:09,8.73,手动出餐,1,否,"任选披萨6选1+小吃6选1+饮料[碳烤培根鸡肉披萨7寸+上校鸡块4个+柠檬茶+常温]（38.00*1）,餐盒（2.00*1）",碳烤鸡肉培根披萨【7英寸(手拍)】+上校鸡块+柠檬茶,,,,非会员,3,,,依据餐量提供餐具,,38.00,18.36,8.10,0.00,0,0,3.20,0.00,5.00,【活动支出】店铺满减:1.00元+【活动支出】单品特价:0.10元+【活动支出】饿了么红包:7.00元+【活动支出】替用户承担配送费:5.0元,-,-,-,2.00,绍兴地区,绍兴加盟店,,,否,-,平台配送
圣比萨（嵊州吾悦店）,SBM00045,绍兴,"8002706088890547517	",饿了么,平台外卖,已完成,2025-10-22 14:04:06,2025-10-22 14:04:06,2025-10-22 14:04:07,饿了么支付-在线支付,,即时单,2025-10-22 14:04:06,7.87,扫码出餐,1,否,"榴莲王披萨-7英寸（经典手拍)[{""name"":""规格"",""value"":""7英寸（经典手拍)""}]（37.00*1）,餐盒（1.00*1）",榴莲王披萨,,,,非会员,4,,,依据餐量提供餐具,,37.00,16.62,8.00,0.00,0,0,3.04,0.00,5.00,【活动支出】店铺满减:1.00元+【活动支出】超会爆红包省钱包:7.00元+【活动支出】替用户承担配送费:5.0元,-,-,-,1.00,绍兴地区,绍兴加盟店,,,否,-,平台配送
圣比萨（嵊州吾悦店）,SBM00045,绍兴,"8017886088862218629	",饿了么,平台外卖,已完成,2025-10-22 14:08:43,2025-10-22 14:08:43,2025-10-22 14:08:43,饿了么支付-在线支付,,即时单,2025-10-22 14:08:43,6.80,手动出餐,1,否,7寸奶香芝士条-单点（15.40*1）,7寸奶香芝士条-单点,,,,非会员,5,,,依据餐量提供餐具,,15.40,9.90,0.00,0.00,0,0,0.00,0.00,,【活动支出】单品优惠:0.00元,-,-,-,0.00,绍兴地区,绍兴加盟店,,,否,-,平台配送
圣比萨（嵊州吾悦店）,SBM00045,绍兴,"8041546088889323779	",饿了么,平台外卖,已完成,2025-10-22 15:57:18,2025-10-22 15:57:18,2025-10-22 15:57:18,饿了么支付-在线支付,,即时单,2025-10-22 15:57:18,7.98,手动出餐,1,否,"任选披萨10选1+意面+小食2份+饮品2杯[奥尔良鸡肉披萨7寸+番茄牛肉意面+地道肠2根+盐酥鸡粒1份+饮品2杯]（70.00*1）,餐盒（2.00*1）",新奥尔良烤鸡肉披萨【7英寸(手拍)】+番茄牛肉意面+地道肠【2根】+盐酥鸡粒+饮品2杯,,,,非会员,6,,,依据餐量提供餐具,,70.00,24.70,21.10,0.00,0,0,5.76,0.00,8.00,【活动支出】店铺满减:2.00元+【活动支出】单品特价:10.10元+【活动支出】饿了么红包:9.00元+【活动支出】替用户承担配送费:5.0元,-,-,-,2.00,绍兴地区,绍兴加盟店,,,否,-,平台配送
圣比萨（嵊州吾悦店）,SBM00045,绍兴,"8021526088954766749	",饿了么,平台外卖,已完成,2025-10-22 16:20:29,2025-10-22 16:20:29,2025-10-22 16:20:29,饿了么支付-在线支付,,即时单,2025-10-22 16:20:29,7.28,扫码出餐,1,否,7寸奶香芝士条-单点（15.40*1）,7寸奶香芝士条-单点,,,,非会员,7,,,依据餐量提供餐具,,15.40,9.90,0.00,0.00,0,0,0.00,0.00,,【活动支出】单品优惠:0.00元,-,-,-,0.00,绍兴地区,绍兴加盟店,,,否,-,平台配送
圣比萨（嵊州吾悦店）,SBM00045,绍兴,"8011716088917055942	",饿了么,平台外卖,已完成,2025-10-22 16:30:03,2025-10-22 16:30:03,2025-10-22 16:30:04,饿了么支付-在线支付,,即时单,2025-10-22 16:30:03,7.65,手动出餐,1,否,"任选披萨6选1+小吃6选1+饮料[碳烤培根鸡肉披萨7寸+芝士菠萝挞一个+柠檬茶+常温]（38.00*1）,翅薯组合（20.00*1）,餐盒（3.00*1）",碳烤鸡肉培根披萨【7英寸(手拍)】+缤纷芝士挞菠萝味+柠檬茶+翅薯组合,,,,非会员,8,,,依据餐量提供餐具,,58.00,27.00,11.10,0.00,0,0,4.88,0.00,7.00,【活动支出】店铺满减:2.00元+【活动支出】单品特价:0.10元+【活动支出】饿了么红包:9.00元+【活动支出】替用户承担配送费:5.0元,-,-,-,3.00,绍兴地区,绍兴加盟店,,,否,-,平台配送
圣比萨（嵊州吾悦店）,SBM00045,绍兴,"8068260255142566363	",饿了么,平台外卖,已完成,2025-10-22 17:04:08,2025-10-22 17:04:08,2025-10-22 17:04:09,饿了么支付-在线支付,,即时单,2025-10-22 17:04:08,7.67,手动出餐,1,否,"【随心拼】7英寸披萨(口味自选）[水果+浪漫威尼斯]（29.00*1）,餐盒（2.00*1）",双拼7寸【缤纷水果口味7】+双拼7寸【浪漫威尼斯口味7】,,,,非会员,9,,,无需餐具,,29.00,14.12,5.00,0.00,0,0,2.48,0.00,5.00,【活动支出】饿了么红包:5.00元+【活动支出】替用户承担配送费:5.0元,-,-,-,2.00,绍兴地区,绍兴加盟店,,,否,-,平台配送
圣比萨（嵊州吾悦店）,SBM00045,绍兴,"8063626088920474007	",饿了么,平台外卖,已完成,2025-10-22 17:12:19,2025-10-22 17:12:19,2025-10-22 17:12:19,饿了么支付-在线支付,,即时单,2025-10-22 17:12:19,9.78,扫码出餐,1,否,"任选焗饭4选1+小吃6选1+饮料[黑椒牛肉芝士焗饭+上校鸡块4个+可乐+冷]（37.00*1）,餐盒（2.00*1）",黑椒牛肉芝士焗饭+上校鸡块+小可乐,,,,非会员,10,,,依据餐量提供餐具,,37.00,16.10,6.10,0.00,0,0,3.12,0.00,8.00,【活动支出】单品特价:1.10元+【活动支出】饿了么红包:5.00元+【活动支出】替用户承担配送费:5.0元,-,-,-,2.00,绍兴地区,绍兴加盟店,,,否,-,平台配送
圣比萨（嵊州吾悦店）,SBM00045,绍兴,"8033776088946447866	",饿了么,平台外卖,已完成,2025-10-22 17:30:30,2025-10-22 17:30:30,2025-10-22 17:30:31,饿了么支付-在线支付,,即时单,2025-10-22 17:30:30,8.73,手动出餐,1,否,"披萨随心配（36.90*1）,餐盒（1.00*1）",盐酥鸡米花小份+盐酥鸡米花小份+盐酥鸡米花小份+碳烤鸡肉培根披萨(7英寸(手拍)),,,,非会员,11,,,依据餐量提供餐具,,36.90,18.67,5.00,0.00,0,0,3.03,0.00,5.00,【活动支出】饿了么红包:0.00元+【活动支出】饿了么红包:5.00元+【活动支出】淘金币:0.00元+【活动支出】替用户承担配送费:5.0元,-,-,-,1.00,绍兴地区,绍兴加盟店,,,否,-,平台配送
圣比萨（嵊州吾悦店）,SBM00045,绍兴,"8097676089002636560	",饿了么,平台外卖,已完成,2025-10-22 17:57:00,2025-10-22 17:57:00,2025-10-22 17:57:00,饿了么支付-在线支付,,即时单,2025-10-22 17:57:00,6.92,扫码出餐,1,否,7寸奶香芝士条-单点（15.40*1）,7寸奶香芝士条-单点,,,,非会员,12,,,依据餐量提供餐具,,15.40,9.90,0.00,0.00,0,0,0.00,0.00,,【活动支出】单品优惠:0.00元,-,-,-,0.00,绍兴地区,绍兴加盟店,,,否,-,平台配送
圣比萨（嵊州吾悦店）,SBM00045,绍兴,"8025070254997398899	",饿了么,平台外卖,已完成,2025-10-22 17:58:12,2025-10-22 17:58:12,2025-10-22 17:58:12,饿了么支付-在线支付,,即时单,2025-10-22 17:58:12,11.58,扫码出餐,1,否,"爆款披萨双人超值套餐[培根鸡肉7寸+番茄汁牛肉面+牛奶温+牛奶温]（56.00*1）,餐盒（1.00*1）",碳烤鸡肉培根披萨【7英寸(手拍)】+番茄牛肉意面+雀巢牛奶+雀巢牛奶,,,,非会员,13,,,依据餐量提供餐具,,56.00,35.94,3.10,0.00,0,0,4.56,0.00,5.00,【活动支出】店铺满减:1.00元+【活动支出】单品特价:2.10元+【活动支出】替用户承担配送费:5.0元,-,-,-,1.00,绍兴地区,绍兴加盟店,,,否,-,平台配送
圣比萨（嵊州吾悦店）,SBM00045,绍兴,"8073360255128311206	",饿了么,平台外卖,已完成,2025-10-22 19:35:28,2025-10-22 19:35:28,2025-10-22 19:35:29,饿了么支付-在线支付,,即时单,2025-10-22 19:35:28,8.27,扫码出餐,1,否,"蛋挞1个（原味）（3.00*1）,【随心拼】7英寸披萨(口味自选）[奥尔良+水果]（29.00*1）,餐盒（3.00*1）",蛋挞1个+双拼7寸【奥尔良口味7】+双拼7寸【缤纷水果口味7】,,,,非会员,14,,,2份餐具,用户申请取消单 商家未营业/已打烊，,32.00,12.39,7.01,0.00,0,0,2.80,0.00,7.00,【活动支出】单品特价:1.01元+【活动支出】粉丝群:1.00元+【活动支出】饿了么红包:5.00元+【活动支出】替用户承担配送费:5.0元,-,-,-,3.00,绍兴地区,绍兴加盟店,,,否,-,平台配送
圣比萨（嵊州吾悦店）,SBM00045,绍兴,"8020566089063513351	",饿了么,平台外卖,已完成,2025-10-22 19:47:46,2025-10-22 19:47:46,2025-10-22 19:47:46,饿了么支付-在线支付,,即时单,2025-10-22 19:47:46,10.35,扫码出餐,1,否,"经典薯条（13.00*1）,圣比招牌披萨-7寸(经典手拍)[{""name"":""规格"",""value"":""7寸(经典手拍)""}]（34.00*1）,餐盒（2.00*1）",经典薯条+大圣招牌大满贯披萨,,,,非会员,15,,,依据餐量提供餐具,,47.00,32.12,1.00,0.00,0,0,3.92,0.00,5.00,【活动支出】店铺满减:1.00元+【活动支出】替用户承担配送费:5.0元,-,-,-,2.00,绍兴地区,绍兴加盟店,,,否,-,平台配送
圣比萨（嵊州吾悦店）,SBM00045,绍兴,"8087360255172651374	",饿了么,平台外卖,已完成,2025-10-22 21:00:13,2025-10-22 21:00:13,2025-10-22 21:00:13,饿了么支付-在线支付,,即时单,2025-10-22 21:00:13,9.00,手动出餐,1,否,"【随心拼】7英寸披萨(口味自选）[日系照烧+水果]（29.00*1）,餐盒（2.00*1）",双拼7寸【日系照烧口味7】+双拼7寸【缤纷水果口味7】,,,,非会员,16,,,依据餐量提供餐具,,29.00,13.32,5.00,0.00,0,0,2.48,0.00,5.00,【活动支出】饿了么红包:5.00元+【活动支出】替用户承担配送费:5.0元,-,-,-,2.00,绍兴地区,绍兴加盟店,,,否,-,平台配送
圣比萨（嵊州吾悦店）,SBM00045,绍兴,"8087786089050240411	",饿了么,平台外卖,已完成,2025-10-22 21:50:37,2025-10-22 21:50:37,2025-10-22 21:50:37,饿了么支付-在线支付,,即时单,2025-10-22 21:50:37,8.53,扫码出餐,1,否,"7寸披萨一人食土豪餐[圣比7寸+上校鸡块一份+地道肠2根+小可乐]（42.00*1）,餐盒（2.00*1）",大圣招牌大满贯披萨【7英寸(手拍)】+上校鸡块+地道肠【1根】+小可乐,,,,非会员,17,,,依据餐量提供餐具,,42.00,17.60,8.10,0.00,0,0,3.52,0.00,7.00,【活动支出】店铺满减:1.00元+【活动支出】单品特价:2.10元+【活动支出】超会爆红包省钱包:5.00元+【活动支出】替用户承担配送费:5.0元,-,-,-,2.00,绍兴地区,绍兴加盟店,,,否,-,平台配送
圣比萨（嵊州吾悦店）,SBM00045,绍兴,"8058926089095669175	",饿了么,平台外卖,已完成,2025-10-22 21:53:32,2025-10-22 21:53:32,2025-10-22 21:53:33,饿了么支付-在线支付,,即时单,2025-10-22 21:53:32,9.73,扫码出餐,1,否,"【随心拼】7英寸披萨(口味自选）[水果+奥尔良]（29.00*1）,餐盒（2.00*1）",双拼7寸【缤纷水果口味7】+双拼7寸【奥尔良口味7】,,,,非会员,18,,,依据餐量提供餐具,,29.00,11.60,5.00,0.00,0,0,2.48,0.00,7.00,【活动支出】饿了么红包:5.00元+【活动支出】替用户承担配送费:5.0元,-,-,-,2.00,绍兴地区,绍兴加盟店,,,否,-,平台配送
圣比萨（嵊州吾悦店）,SBM00045,绍兴,"8061370255184725364	",饿了么,平台外卖,已完成,2025-10-22 22:22:14,2025-10-22 22:22:14,2025-10-22 22:22:15,饿了么支付-在线支付,,即时单,2025-10-22 22:22:14,10.55,手动出餐,1,否,"7英寸披萨买一送一[奥尔良鸡肉披萨7英寸+日系照烧鸡披萨7英寸]（49.90*1）,餐盒（2.00*1）",新奥尔良烤鸡肉披萨【7英寸(手拍)】+日系照烧鸡披萨【7英寸(手拍)】,,,,非会员,19,,,依据餐量提供餐具,,49.90,21.73,10.00,0.00,0,0,4.15,0.00,8.00,【活动支出】店铺满减:1.00元+【活动支出】粉丝群:1.00元+【活动支出】饿了么红包:8.00元+【活动支出】替用户承担配送费:5.0元,-,-,-,2.00,绍兴地区,绍兴加盟店,,,否,-,平台配送
圣比萨（嵊州吾悦店）,SBM00045,绍兴,"8004350255186115932	",饿了么,平台外卖,已完成,2025-10-22 22:37:46,2025-10-22 22:37:46,2025-10-22 22:37:46,饿了么支付-在线支付,,即时单,2025-10-22 22:37:46,10.07,手动出餐,1,否,"蛋挞1个（原味）（3.00*1）,黑椒牛肉芝士焗饭（33.00*1）,餐盒（2.00*1）",蛋挞1个+黑椒牛肉芝士焗饭,,,,非会员,20,,,依据餐量提供餐具,,36.00,15.49,6.01,0.00,0,0,3.04,0.00,8.00,【活动支出】单品特价:1.01元+【活动支出】饿了么红包:5.00元+【活动支出】替用户承担配送费:5.0元,-,-,-,2.00,绍兴地区,绍兴加盟店,,,否,-,平台配送
圣比萨（嵊州吾悦店）,SBM00045,绍兴,"8025926089055200747	",饿了么,平台外卖,已退款,2025-10-22 22:38:13,2025-10-22 22:38:13,2025-10-22 22:38:13,饿了么支付-在线支付,,即时单,2025-10-22 22:38:13,9.25,扫码出餐,1,否,"披萨随心配（36.90*1）,餐盒（1.00*1）",盐酥鸡米花小份+蛋挞1个+深海墨鱼丸2个+碳烤鸡肉培根披萨(7英寸(手拍)),,,,非会员,21,,,依据餐量提供餐具,"客服仲裁同意取消单 ,客服同意退款",36.90,-15.47,5.00,31.90,0,0,3.03,0.00,8.00,【活动支出】饿了么红包:5.00元+【活动支出】替用户承担配送费:5.0元,-,-,-,1.00,绍兴地区,绍兴加盟店,,,否,-,平台配送
圣比萨·披萨·炸鸡（陈家港店）,SBM00014,盐城,"8064836088917888373	",饿了么,平台外卖,已完成,2025-10-22 15:56:44,2025-10-22 15:56:44,2025-10-22 15:56:44,饿了么支付-在线支付,,即时单,2025-10-22 15:56:44,8.93,手动出餐,1,否,"免费送小吃（每单限一份）[薯饼1个]（0.00*1）,爆款鸡柳桶[三种口味混合]（28.90*1）,餐盒（1.00*1）",上校鸡块2个+大圣鸡柳三合一,,,,非会员,1,,,甘梅粉麻烦多放一点 / 依据餐量提供餐具,,28.90,14.02,5.00,0.00,0,0,6.88,0.00,5.00,【活动支出】饿了么红包:5.00元+【活动支出】替用户承担配送费:5.0元,-,-,-,1.00,江苏区域,江苏直营店,,,否,-,平台配送
圣比萨·披萨·炸鸡（陈家港店）,SBM00014,盐城,"8035576089012137414	",饿了么,平台外卖,已完成,2025-10-22 19:21:47,2025-10-22 19:21:47,2025-10-22 19:21:48,饿了么支付-在线支付,,即时单,2025-10-22 19:21:47,10.62,手动出餐,1,否,"新奥尔良烤鸡肉披萨-7寸(手拍)[{""name"":""规格"",""value"":""7寸(手拍)""}]（28.90*1）,餐盒（1.00*1）",新奥尔良烤鸡肉披萨,,,,非会员,2,,,依据餐量提供餐具,,28.90,14.02,5.00,0.00,0,0,6.88,0.00,5.00,【活动支出】饿了么红包:5.00元+【活动支出】替用户承担配送费:5.0元,-,-,-,1.00,江苏区域,江苏直营店,,,否,-,平台配送
圣比萨·披萨·炸鸡（陈家港店）,SBM00014,盐城,"8044360255153590627	",饿了么,平台外卖,已完成,2025-10-22 20:26:35,2025-10-22 20:26:35,2025-10-22 20:26:35,饿了么支付-在线支付,,即时单,2025-10-22 20:26:35,9.83,手动出餐,1,否,"鸡排芝士套餐[甘梅]（28.90*1）,餐盒（1.00*1）",鸡排芝士套餐[甘梅]+餐盒,,,,非会员,3,,,依据餐量提供餐具,,28.90,12.02,7.00,0.00,0,0,6.88,0.00,5.00,【活动支出】粉丝群:2.00元+【活动支出】饿了么红包:5.00元+【活动支出】替用户承担配送费:5.0元,-,-,-,1.00,江苏区域,江苏直营店,,,否,-,平台配送
圣比萨（龙港龙跃店）,SBS00010,温州,"8041390254750332266	",饿了么,平台外卖,已完成,2025-10-22 09:50:16,2025-10-22 09:50:16,2025-10-22 09:50:17,饿了么支付-在线支付,,即时单,2025-10-22 09:50:16,10.02,自动出餐,1,否,"玉米沙拉披萨-7英寸(手拍)[{""name"":""规格"",""value"":""7英寸(手拍)""}]（25.90*1）,蛋挞一个（原味）（3.90*1）,餐盒（3.00*1）",玉米沙拉披萨+蛋挞1个,,,,非会员,1,,,依据餐量提供餐具,,29.80,8.65,9.91,0.00,0,0,1.49,0.00,11.70,【活动支出】单品特价:2.91元+【活动支出】饿了么红包:7.00元+【活动支出】替用户承担配送费:6.0元,-,-,-,3.00,温州区域,温州直营,,,否,-,平台配送
圣比萨（龙港龙跃店）,SBS00010,温州,"8019350254873555393	",饿了么,平台外卖,已完成,2025-10-22 10:47:54,2025-10-22 10:47:54,2025-10-22 10:47:55,饿了么支付-在线支付,,即时单,2025-10-22 10:47:54,10.00,自动出餐,1,否,"经典薯条（8.90*1）,蛋挞一个（原味）（3.90*1）,缤纷水果披萨-7英寸(手拍)[{""name"":""规格"",""value"":""7英寸(手拍)""}]（42.00*1）,餐盒（4.00*1）",经典薯条+蛋挞1个+缤纷水果披萨,,,,非会员,2,,,依据餐量提供餐具,,54.80,22.22,27.01,0.00,0,0,3.02,0.00,3.50,【活动支出】店铺满减:1.00元+【活动支出】单品特价:2.91元+【活动支出】单品特价:16.10元+【活动支出】 商家自营销加码:2.00元+【活动支出】饿了么红包:5.00元+【活动支出】替用户承担配送费:3.5元,-,-,-,4.00,温州区域,温州直营,,,否,-,平台配送
圣比萨（龙港龙跃店）,SBS00010,温州,"8089786088772517247	",饿了么,平台外卖,已完成,2025-10-22 10:53:11,2025-10-22 10:53:11,2025-10-22 10:53:11,饿了么支付-在线支付,,即时单,2025-10-22 10:53:11,10.07,自动出餐,1,否,"金沙咸蛋黄嫩鸡披萨-7英寸（经典手拍)[{""name"":""规格"",""value"":""7英寸（经典手拍)""}]（31.90*1）,奶酪芝士卷边（7英寸）（4.90*1）,餐盒（2.00*1）",金沙咸蛋黄嫩鸡披萨+奶酪芝士卷边7,,,,非会员,3,,,依据餐量提供餐具,,36.80,21.33,8.00,0.00,0,0,2.92,0.00,3.50,【活动支出】店铺满减:1.00元+【活动支出】饿了么红包:7.00元+【活动支出】替用户承担配送费:3.5元,-,-,-,2.00,温州区域,温州直营,,,否,-,平台配送
圣比萨（龙港龙跃店）,SBS00010,温州,"8028936088807400791	",饿了么,平台外卖,已退款,2025-10-22 11:22:41,2025-10-22 11:22:41,2025-10-22 11:22:41,饿了么支付-在线支付,,即时单,2025-10-22 11:22:41,,未出餐,1,否,"【任选】买一送一7英寸披萨（51.80*1）,餐盒（2.00*1）",榴莲王披萨(7英寸(手拍))+缤纷水果披萨(7英寸(手拍)),,,,非会员,4,,,依据餐量提供餐具,订单强制无效（商家主动取消已接订单、用户1分钟内取消),51.80,-3.24,9.00,35.30,0,0,4.39,0.00,7.50,【活动支出】店铺满减:1.00元+【活动支出】超级会员专享红包:8.00元+【活动支出】 商家自营销加码:0.00元+【活动支出】替用户承担配送费:3.5元,-,-,-,2.00,温州区域,温州直营,,,否,-,平台配送
圣比萨（龙港龙跃店）,SBS00010,温州,"8048250254923880808	",饿了么,平台外卖,已完成,2025-10-22 11:46:36,2025-10-22 11:46:36,2025-10-22 11:46:36,饿了么支付-在线支付,,即时单,2025-10-22 11:46:36,12.05,自动出餐,1,否,"新奥尔良烤鸡肉披萨-9英寸(手拍)[{""name"":""规格"",""value"":""9英寸(手拍)""}]（39.90*1）,盐酥鸡粒（9.90*1）,蛋挞一个（原味）（3.90*1）,餐盒（4.00*1）",新奥尔良烤鸡肉披萨+盐酥鸡粒+蛋挞1个,,,,非会员,5,,,1份餐具,,53.70,32.05,12.91,0.00,0,0,4.39,0.00,3.50,【活动支出】店铺满减:1.00元+【活动支出】单品特价:2.91元+【活动支出】饿了么红包:9.00元+【活动支出】替用户承担配送费:3.5元,-,-,-,4.00,温州区域,温州直营,,,否,-,平台配送
圣比萨（龙港龙跃店）,SBS00010,温州,"8064756088818143501	",饿了么,平台外卖,已退款,2025-10-22 12:00:31,2025-10-22 12:00:31,2025-10-22 12:00:32,饿了么支付-在线支付,,即时单,2025-10-22 12:00:31,,未出餐,1,否,"新奥尔良烤鸡肉披萨-7英寸(手拍)[{""name"":""规格"",""value"":""7英寸(手拍)""}]（23.90*1）,餐盒（2.00*1）",新奥尔良烤鸡肉披萨,,,,非会员,6,,,依据餐量提供餐具,订单强制无效（商家主动取消已接订单、用户1分钟内取消),23.90,-8.35,0,25.90,0,0,2.40,0.00,3.50,-,-,-,-,2.00,温州区域,温州直营,,,否,-,平台配送
圣比萨（龙港龙跃店）,SBS00010,温州,"8064756088835039684	",饿了么,平台外卖,已完成,2025-10-22 12:01:22,2025-10-22 12:01:22,2025-10-22 12:01:22,饿了么支付-在线支付,,即时单,2025-10-22 12:01:22,12.07,"初始值, 无意义",1,否,"新奥尔良烤鸡肉披萨-7英寸(手拍)[{""name"":""规格"",""value"":""7英寸(手拍)""}]（23.90*1）,餐盒（2.00*1）",新奥尔良烤鸡肉披萨,,,,非会员,7,,,依据餐量提供餐具,,23.90,12.78,6.00,0.00,0,0,1.77,0.00,3.50,【活动支出】饿了么红包:6.00元+【活动支出】替用户承担配送费:3.5元,-,-,-,2.00,温州区域,温州直营,,,否,-,平台配送
圣比萨（龙港龙跃店）,SBS00010,温州,"8041516088836273425	",饿了么,平台外卖,已完成,2025-10-22 12:59:09,2025-10-22 12:59:09,2025-10-22 12:59:10,饿了么支付-在线支付,,即时单,2025-10-22 12:59:09,12.15,自动出餐,1,否,"【任选】披萨随心配（32.80*1）,餐盒（2.00*1）",深海墨鱼丸(3个)+港式奶茶+不加一+不加一+新奥尔良烤鸡肉披萨(7英寸(手拍)),,,,非会员,8,,,无需餐具,,32.80,19.25,7.00,0.00,0,0,2.60,0.00,3.50,【活动支出】饿了么红包:7.00元+【活动支出】替用户承担配送费:3.5元,-,-,-,2.00,温州区域,温州直营,,,否,-,平台配送
圣比萨（龙港龙跃店）,SBS00010,温州,"8020320255067613515	",饿了么,平台外卖,已完成,2025-10-22 13:13:34,2025-10-22 13:13:34,2025-10-22 13:13:34,饿了么支付-在线支付,,即时单,2025-10-22 13:13:34,12.05,自动出餐,1,否,"黑椒牛肉芝士焗饭（30.90*1）,餐盒（2.00*1）",黑椒牛肉芝士焗饭,,,,非会员,9,,,依据餐量提供餐具,,30.90,15.75,7.00,0.00,0,0,2.40,0.00,5.60,【活动支出】饿了么红包:7.00元+【活动支出】替用户承担配送费:5.6元,-,-,-,2.00,温州区域,温州直营,,,否,-,平台配送
圣比萨（龙港龙跃店）,SBS00010,温州,"8008060254898909662	",饿了么,平台外卖,已完成,2025-10-22 13:43:22,2025-10-22 13:43:22,2025-10-22 13:43:23,饿了么支付-在线支付,,即时单,2025-10-22 13:43:22,10.02,自动出餐,1,否,奥尔良烤鸡肉披萨(7寸)-单点（23.21*1）,新奥尔良烤鸡肉披萨【7英寸(手拍)】,,,,非会员,10,,,依据餐量提供餐具,,23.21,13.21,0.00,0.00,0,0,0.00,0.00,,【活动支出】拼团反圈活动:0.00元,-,-,-,0.00,温州区域,温州直营,,,否,-,平台配送
圣比萨（龙港龙跃店）,SBS00010,温州,"8005716088894268847	",饿了么,平台外卖,已完成,2025-10-22 14:03:06,2025-10-22 14:03:06,2025-10-22 14:03:06,饿了么支付-在线支付,,即时单,2025-10-22 14:03:06,10.07,自动出餐,1,否,"【任选】披萨随心配（36.80*1）,餐盒（2.00*1）",地道肠1根+雀巢牛奶+不加一+不加一+缤纷水果披萨(7英寸(手拍)),,,,非会员,11,,,给多点 / 1份餐具,,36.80,20.44,9.00,0.00,0,0,2.81,0.00,4.00,【活动支出】店铺满减:1.00元+【活动支出】饿了么红包:8.00元+【活动支出】替用户承担配送费:4.0元,-,-,-,2.00,温州区域,温州直营,,,否,-,平台配送
圣比萨（龙港龙跃店）,SBS00010,温州,"8097160255108976005	",饿了么,平台外卖,已完成,2025-10-22 15:21:29,2025-10-22 15:21:29,2025-10-22 15:21:29,饿了么支付-在线支付,,即时单,2025-10-22 15:21:29,10.22,自动出餐,1,否,"【任选】买一送一7英寸披萨（44.90*1）,餐盒（2.00*1）",碳烤鸡肉培根披萨(7英寸(手拍))+新奥尔良烤鸡肉披萨(7英寸(手拍)),,,,非会员,12,,,依据餐量提供餐具,,44.90,24.39,10.00,0.00,0,0,3.56,0.00,6.20,【活动支出】店铺满减:1.00元+【活动支出】饿了么红包:9.00元+【活动支出】替用户承担配送费:6.0元,-,-,-,2.00,温州区域,温州直营,,,否,-,平台配送
圣比萨（龙港龙跃店）,SBS00010,温州,"8076716088885192968	",饿了么,平台外卖,已完成,2025-10-22 15:32:03,2025-10-22 15:32:03,2025-10-22 15:32:03,饿了么支付-在线支付,,即时单,2025-10-22 15:32:03,10.07,自动出餐,1,否,"芝士焗红薯泥（10.90*1）,【任选】披萨随心配（31.90*1）,烤甜玉米（8.90*1）,餐盒（4.00*1）",芝士焗红薯泥+小薯条+柠檬茶+不加一+不加一+新奥尔良烤鸡肉披萨(7英寸(手拍))+烤甜玉米,,,,非会员,13,,,依据餐量提供餐具,,51.70,32.87,10.00,0.00,0,0,4.48,0.00,3.50,【活动支出】店铺满减:1.00元+【活动支出】饿了么红包:9.00元+【活动支出】替用户承担配送费:3.5元,-,-,-,4.00,温州区域,温州直营,,,否,-,平台配送
圣比萨（龙港龙跃店）,SBS00010,温州,"8002786088931138922	",饿了么,平台外卖,已完成,2025-10-22 16:19:39,2025-10-22 16:19:39,2025-10-22 16:19:39,饿了么支付-在线支付,,即时单,2025-10-22 16:19:39,10.20,自动出餐,1,否,"新奥尔良烤鸡肉披萨-7英寸(手拍)[{""name"":""规格"",""value"":""7英寸(手拍)""}]（23.90*1）,餐盒（2.00*1）",新奥尔良烤鸡肉披萨,,,,非会员,14,,,依据餐量提供餐具,,23.90,11.88,7.00,0.00,0,0,1.67,0.00,3.50,【活动支出】饿了么红包:7.00元+【活动支出】替用户承担配送费:3.5元,-,-,-,2.00,温州区域,温州直营,,,否,-,平台配送
圣比萨（龙港龙跃店）,SBS00010,温州,"8003976088960053722	",饿了么,平台外卖,已完成,2025-10-22 16:39:42,2025-10-22 16:39:42,2025-10-22 16:39:42,饿了么支付-在线支付,,预约单,2025-10-22 17:40:00,15.32,自动出餐,1,否,"【随心❤️拼】7英寸双拼披萨(口味自选）[培根鸡肉+日系照烧]（26.90*1）,咸蛋黄风味流沙卷边（7英寸）（4.90*1）,餐盒（2.00*1）",双拼7寸【碳烤鸡肉培根口味7】+双拼7寸【日系照烧口味7】+咸蛋黄流沙卷边7,,,,非会员,15,,,依据餐量提供餐具,,31.80,16.55,7.00,0.00,0,0,2.50,0.00,5.60,【活动支出】饿了么红包:7.00元+【活动支出】替用户承担配送费:5.6元,-,-,-,2.00,温州区域,温州直营,,,否,-,平台配送
圣比萨（龙港龙跃店）,SBS00010,温州,"8003976088943233499	",饿了么,平台外卖,已完成,2025-10-22 17:25:57,2025-10-22 17:25:57,2025-10-22 17:25:57,饿了么支付-在线支付,,即时单,2025-10-22 17:25:57,10.23,自动出餐,1,否,"【随心❤️拼】7英寸双拼披萨(口味自选）[培根鸡肉+日系照烧]（26.90*1）,咸蛋黄风味流沙卷边（7英寸）（4.90*1）,餐盒（2.00*1）",双拼7寸【碳烤鸡肉培根口味7】+双拼7寸【日系照烧口味7】+咸蛋黄流沙卷边7,,,,非会员,16,,,依据餐量提供餐具,,31.80,16.55,7.00,0.00,0,0,2.50,0.00,5.60,【活动支出】饿了么红包:7.00元+【活动支出】替用户承担配送费:5.6元,-,-,-,2.00,温州区域,温州直营,,,否,-,平台配送
圣比萨（龙港龙跃店）,SBS00010,温州,"8055000255171468767	",饿了么,平台外卖,已完成,2025-10-22 17:48:46,2025-10-22 17:48:46,2025-10-22 17:48:46,饿了么支付-在线支付,,预约单,2025-10-22 19:25:00,51.45,自动出餐,1,否,"【任选】买一送一7英寸披萨（61.60*1）,蛋挞一个（原味）（3.90*1）,金丝鸡排（6.90*1）,餐盒（4.00*1）",新奥尔良烤鸡肉披萨(7英寸(手拍))+榴莲王披萨(7英寸(手拍))+蛋挞1个+金丝鸡排,,,,非会员,17,,,依据餐量提供餐具,,72.40,35.30,20.91,0.00,0,0,3.94,0.00,11.70,【活动支出】店铺满减:6.00元+【活动支出】单品特价:2.91元+【活动支出】饿了么红包:12.00元+【活动支出】替用户承担配送费:6.0元,-,-,-,4.00,温州区域,温州直营,,,否,-,平台配送
圣比萨（龙港龙跃店）,SBS00010,温州,"8082050254992478538	",饿了么,平台外卖,已完成,2025-10-22 17:56:03,2025-10-22 17:56:03,2025-10-22 17:56:03,饿了么支付-在线支付,,即时单,2025-10-22 17:56:03,12.20,自动出餐,1,否,"玉米沙拉披萨-7英寸(手拍)[{""name"":""规格"",""value"":""7英寸(手拍)""}]（25.90*1）,咸蛋黄风味流沙卷边（7英寸）（4.90*1）,餐盒（2.00*1）",玉米沙拉披萨+咸蛋黄流沙卷边7,,,,非会员,18,,,依据餐量提供餐具,,30.80,18.35,6.00,0.00,0,0,2.50,0.00,3.50,【活动支出】饿了么红包:6.00元+【活动支出】替用户承担配送费:3.5元,-,-,-,2.00,温州区域,温州直营,,,否,-,平台配送
圣比萨（龙港龙跃店）,SBS00010,温州,"8053996089007496637	",饿了么,平台外卖,已完成,2025-10-22 19:04:58,2025-10-22 19:04:58,2025-10-22 19:04:59,饿了么支付-在线支付,,即时单,2025-10-22 19:04:58,12.13,自动出餐,1,否,"碳烤鸡肉培根披萨-7英寸(手拍)[{""name"":""规格"",""value"":""7英寸(手拍)""}]（25.90*1）,蛋挞一个（原味）（3.90*1）,餐盒（3.00*1）",碳烤鸡肉培根披萨+蛋挞1个,,,,非会员,19,,,依据餐量提供餐具,,29.80,16.64,7.91,0.00,0,0,2.30,0.00,3.50,【活动支出】单品特价:2.91元+【活动支出】吃货豆兑换的商家券:5.00元+【活动支出】替用户承担配送费:3.5元,-,-,-,3.00,温州区域,温州直营,,,否,-,平台配送
圣比萨（龙港龙跃店）,SBS00010,温州,"8034010255126865241	",饿了么,平台外卖,已完成,2025-10-22 19:31:45,2025-10-22 19:31:45,2025-10-22 19:31:45,饿了么支付-在线支付,,即时单,2025-10-22 19:31:45,10.07,自动出餐,1,否,番茄牛肉意面-单点（22.59*1）,番茄牛肉意面,,,,非会员,20,,,依据餐量提供餐具,,22.59,12.59,0.00,0.00,0,0,0.00,0.00,,【活动支出】拼团反圈活动:0.00元,-,-,-,0.00,温州区域,温州直营,,,否,-,平台配送
圣比萨（龙港龙跃店）,SBS00010,温州,"8075566089044371752	",饿了么,平台外卖,已完成,2025-10-22 20:17:37,2025-10-22 20:17:37,2025-10-22 20:17:37,饿了么支付-在线支付,,即时单,2025-10-22 20:17:37,10.00,自动出餐,1,否,"【任选5件套】披萨意面我全都要（62.80*1）,柠檬茶[热]（6.00*1）,餐盒（3.00*1）",明星小食桶A+缤纷水果披萨(7英寸(手拍))+港式奶茶+柳橙汁+招牌肉酱意面+柠檬茶,,,,非会员,21,,,3份餐具,,68.80,38.92,18.00,0.00,0,0,5.33,0.00,3.50,【活动支出】店铺满减:6.00元+【活动支出】饿了么红包:12.00元+【活动支出】替用户承担配送费:3.5元,-,-,-,3.00,温州区域,温州直营,,,否,-,平台配送
圣比萨（龙港龙跃店）,SBS00010,温州,"8063410255145381177	",饿了么,平台外卖,已完成,2025-10-22 20:23:32,2025-10-22 20:23:32,2025-10-22 20:23:32,饿了么支付-在线支付,,即时单,2025-10-22 20:23:32,10.18,自动出餐,1,否,"新奥尔良烤鸡肉披萨-7英寸(手拍)[{""name"":""规格"",""value"":""7英寸(手拍)""}]（23.90*1）,餐盒（2.00*1）",新奥尔良烤鸡肉披萨,,,,非会员,22,,,1份餐具,,23.90,10.98,7.00,0.00,0,0,1.67,0.00,4.50,【活动支出】饿了么红包:7.00元+【活动支出】替用户承担配送费:4.5元,-,-,-,2.00,温州区域,温州直营,,,否,-,平台配送
圣比萨（龙港龙跃店）,SBS00010,温州,"8017686089029174659	",饿了么,平台外卖,已完成,2025-10-22 20:36:16,2025-10-22 20:36:16,2025-10-22 20:36:17,饿了么支付-在线支付,,即时单,2025-10-22 20:36:16,10.17,自动出餐,1,否,"榴莲王披萨-9英寸(经典手拍)[{""name"":""规格"",""value"":""9英寸(经典手拍)""}]（92.00*1）,餐盒（2.00*1）",榴莲王披萨,,,,非会员,23,,,依据餐量提供餐具,,92.00,30.96,51.10,0.00,0,0,4.19,0.00,3.50,【活动支出】店铺满减:1.00元+【活动支出】单品特价:42.10元+【活动支出】饿了么红包:8.00元+【活动支出】替用户承担配送费:3.5元,-,-,-,2.00,温州区域,温州直营,,,否,-,平台配送
圣比萨（龙港龙跃店）,SBS00010,温州,"8034200255260825959	",饿了么,平台外卖,已完成,2025-10-22 20:58:45,2025-10-22 20:58:45,2025-10-22 20:58:45,饿了么支付-在线支付,,即时单,2025-10-22 20:58:45,10.13,自动出餐,1,否,"大圣招牌大满贯披萨-7英寸(经典手拍)[{""name"":""规格"",""value"":""7英寸(经典手拍)""}]（45.00*1）,餐盒（2.00*1）",大圣招牌大满贯披萨,,,,非会员,24,,,依据餐量提供餐具,,45.00,18.44,19.10,0.00,0,0,2.61,0.00,4.50,【活动支出】单品特价:11.10元+【活动支出】饿了么红包:8.00元+【活动支出】替用户承担配送费:4.5元,-,-,-,2.00,温州区域,温州直营,,,否,-,平台配送
圣比萨（龙港龙跃店）,SBS00010,温州,"8017030255173530915	",饿了么,平台外卖,已完成,2025-10-22 21:04:39,2025-10-22 21:04:39,2025-10-22 21:04:39,饿了么支付-在线支付,,即时单,2025-10-22 21:04:39,10.05,自动出餐,1,否,"金牌芝士披萨-7英寸(经典手拍)[{""name"":""规格"",""value"":""7英寸(经典手拍)""}]（23.90*1）,餐盒（2.00*1）",芝士条,,,,非会员,25,,,2份餐具,,23.90,11.38,7.00,0.00,0,0,1.67,0.00,5.60,【活动支出】饿了么红包:7.00元+【活动支出】替用户承担配送费:5.6元,-,-,-,2.00,温州区域,温州直营,,,否,-,平台配送
圣比萨（龙港龙跃店）,SBS00010,温州,"8085696089068237219	",饿了么,平台外卖,已完成,2025-10-22 21:47:29,2025-10-22 21:47:29,2025-10-22 21:47:29,饿了么支付-在线支付,,即时单,2025-10-22 21:47:29,10.13,自动出餐,1,否,"【任选】披萨随心配（31.90*1）,餐盒（2.00*1）",地道肠1根+可乐+不加一+不加一+新奥尔良烤鸡肉披萨(7英寸(手拍)),,,,非会员,26,,,披萨不要放洋葱，青红椒，蘑菇，不要放进去，不要放进去！放进去的话给你差评 / 依据餐量提供餐具,,31.90,17.94,7.00,0.00,0,0,2.51,0.00,5.60,【活动支出】饿了么红包:7.00元+【活动支出】替用户承担配送费:5.6元,-,-,-,2.00,温州区域,温州直营,,,否,-,平台配送
圣比萨（龙港龙跃店）,SBS00010,温州,"8069736089095370190	",饿了么,平台外卖,已完成,2025-10-22 21:48:40,2025-10-22 21:48:40,2025-10-22 21:48:41,饿了么支付-在线支付,,即时单,2025-10-22 21:48:40,10.08,自动出餐,1,否,"新奥尔良烤鸡肉披萨-7英寸(手拍)[{""name"":""规格"",""value"":""7英寸(手拍)""}]（23.90*1）,餐盒（2.00*1）",新奥尔良烤鸡肉披萨,,,,非会员,27,,,2份餐具,,23.90,11.38,7.00,0.00,0,0,1.67,0.00,5.60,【活动支出】饿了么红包:7.00元+【活动支出】替用户承担配送费:5.6元,-,-,-,2.00,温州区域,温州直营,,,否,-,平台配送
圣比萨（龙港龙跃店）,SBS00010,温州,"8070110255086758215	",饿了么,平台外卖,已完成,2025-10-22 21:57:54,2025-10-22 21:57:54,2025-10-22 21:57:54,饿了么支付-在线支付,,即时单,2025-10-22 21:57:54,10.02,自动出餐,1,否,"榴莲王披萨-9英寸(经典手拍)[{""name"":""规格"",""value"":""9英寸(经典手拍)""}]（92.00*1）,餐盒（2.00*1）",榴莲王披萨,,,,非会员,28,,,依据餐量提供餐具,,92.00,26.88,55.10,0.00,0,0,3.77,0.00,5.60,【活动支出】店铺满减:1.00元+【活动支出】单品特价:42.10元+【活动支出】饿了么红包:12.00元+【活动支出】替用户承担配送费:5.6元,-,-,-,2.00,温州区域,温州直营,,,否,-,平台配送
圣比萨（龙港龙跃店）,SBS00010,温州,"8024390255181223192	",饿了么,平台外卖,已完成,2025-10-22 22:04:13,2025-10-22 22:04:13,2025-10-22 22:04:13,饿了么支付-在线支付,,即时单,2025-10-22 22:04:13,10.13,自动出餐,1,否,"玉米沙拉披萨-7英寸(手拍)[{""name"":""规格"",""value"":""7英寸(手拍)""}]（25.90*1）,餐盒（2.00*1）",玉米沙拉披萨,,,,非会员,29,,,依据餐量提供餐具,,25.90,10.49,10.00,0.00,0,0,1.56,0.00,5.60,【活动支出】订单集点返红包:5.00元+【活动支出】饿了么红包:5.00元+【活动支出】替用户承担配送费:5.6元,-,-,-,2.00,温州区域,温州直营,,,否,-,平台配送
圣比萨（龙港龙跃店）,SBS00010,温州,"8043290255202134383	",饿了么,平台外卖,已完成,2025-10-22 23:07:28,2025-10-22 23:07:28,2025-10-22 23:07:28,饿了么支付-在线支付,,即时单,2025-10-22 23:07:28,10.18,自动出餐,1,否,"新奥尔良烤鸡肉披萨-7英寸(手拍)[{""name"":""规格"",""value"":""7英寸(手拍)""}]（23.90*1）,柠檬茶[冷]（6.00*1）,地道肠（3.90*1）,餐盒（4.00*1）",新奥尔良烤鸡肉披萨+柠檬茶+地道肠1根,,,,非会员,30,,,依据餐量提供餐具,,33.80,19.94,8.00,0.00,0,0,2.81,0.00,5.60,【活动支出】饿了么红包:8.00元+【活动支出】替用户承担配送费:5.6元,-,-,-,4.00,温州区域,温州直营,,,否,-,平台配送
圣比萨（鳌江店）,SBM00019,温州,"8037090254750983510	",饿了么,平台外卖,已完成,2025-10-22 09:41:25,2025-10-22 09:41:25,2025-10-22 09:41:25,饿了么支付-在线支付,,预约单,2025-10-22 11:25:00,58.70,自动出餐,1,否,"个人意面|焗饭经典套餐（45.00*1）,餐盒（2.00*1）",酸梅汁+番茄牛肉意面+上校鸡块,,,,非会员,1,,,依据餐量提供餐具,,45.00,17.83,18.10,0.00,0,0,2.72,0.00,5.60,【活动支出】单品特价:11.10元+【活动支出】饿了么红包:7.00元+【活动支出】替用户承担配送费:5.6元,-,-,-,2.00,温州区域,温州加盟,,,否,-,平台配送
圣比萨（鳌江店）,SBM00019,温州,"8020706088731939204	",饿了么,平台外卖,已完成,2025-10-22 10:42:59,2025-10-22 10:42:59,2025-10-22 10:42:59,饿了么支付-在线支付,,即时单,2025-10-22 10:42:59,10.20,自动出餐,1,否,"个人意面|焗饭经典套餐（45.00*1）,餐盒（2.00*1）",金桔柠檬汁+番茄培根意面+上校鸡块,,,,非会员,2,,,依据餐量提供餐具,,45.00,18.97,19.10,0.00,0,0,2.61,0.00,3.50,【活动支出】单品特价:11.10元+【活动支出】CPS商户叠加券:0.00元+【活动支出】饿了么红包:8.00元+【活动支出】替用户承担配送费:3.5元,-,-,-,2.00,温州区域,温州加盟,,,否,-,平台配送
圣比萨（鳌江店）,SBM00019,温州,"8049470254779176443	",饿了么,平台外卖,已完成,2025-10-22 10:47:00,2025-10-22 10:47:00,2025-10-22 10:47:00,饿了么支付-在线支付,,即时单,2025-10-22 10:47:00,10.12,自动出餐,1,否,【买一送一】买披萨送披萨[日系照烧鸡披萨7英寸+碳烤鸡肉培根披萨7英寸]（86.80*1）,日系照烧鸡披萨【7英寸(手拍)】+碳烤鸡肉培根披萨【7英寸(手拍)】,,,,非会员,3,,,依据餐量提供餐具,,86.80,20.52,54.90,0.00,0,0,3.03,0.00,5.60,【活动支出】单品特价:54.90元+【活动支出】替用户承担配送费:5.6元,-,-,-,0.00,温州区域,温州加盟,,,否,-,平台配送
圣比萨（鳌江店）,SBM00019,温州,"8081666088773821745	",饿了么,平台外卖,已完成,2025-10-22 11:10:46,2025-10-22 11:10:46,2025-10-22 11:10:47,饿了么支付-在线支付,,即时单,2025-10-22 11:10:46,12.22,自动出餐,1,否,"个人意面|焗饭经典套餐（45.00*1）,餐盒（2.00*1）",柠檬茶+碳烤鸡肉芝士焗饭+经典薯条,,,,非会员,4,,,依据餐量提供餐具,,45.00,19.63,18.10,0.00,0,0,2.72,0.00,3.50,【活动支出】单品特价:11.10元+【活动支出】饿了么红包:7.00元+【活动支出】替用户承担配送费:3.5元,-,-,-,2.00,温州区域,温州加盟,,,否,-,平台配送
圣比萨（鳌江店）,SBM00019,温州,"8020966088779915748	",饿了么,平台外卖,已完成,2025-10-22 11:26:57,2025-10-22 11:26:57,2025-10-22 11:26:57,饿了么支付-在线支付,,即时单,2025-10-22 11:26:57,12.20,自动出餐,1,否,"双拼披萨-7寸[牛肉至尊+碳烤鸡肉培根][{""name"":""规格"",""value"":""7寸""}]（79.90*1）,餐盒（2.00*1）","双拼披萨-7寸[牛肉至尊+碳烤鸡肉培根][{""name"":""规格"",""value"":""7寸""}]+餐盒",,,,非会员,5,,,依据餐量提供餐具,,79.90,15.75,57.00,0.00,0,0,2.30,0.00,5.00,【活动支出】单品特价:50.00元+【活动支出】饿了么红包:7.00元+【活动支出】替用户承担配送费:5.0元,-,-,-,2.00,温州区域,温州加盟,,,否,-,平台配送
圣比萨（鳌江店）,SBM00019,温州,"8064060254975880487	",饿了么,平台外卖,已完成,2025-10-22 12:51:44,2025-10-22 12:51:44,2025-10-22 12:51:44,饿了么支付-在线支付,,即时单,2025-10-22 12:51:44,12.22,自动出餐,1,否,"缤纷水果披萨-7英寸(手拍)[{""name"":""规格"",""value"":""7英寸(手拍)""}]（42.00*1）,披萨专用保温袋x1.（0.99*1）",缤纷水果披萨,,,,非会员,6,,,依据餐量提供餐具,,42.99,12.23,23.70,0.00,0,0,1.71,0.00,3.50,【活动支出】单品特价:23.70元+【活动支出】替用户承担配送费:3.5元,-,-,-,0.00,温州区域,温州加盟,,,否,-,平台配送
圣比萨（鳌江店）,SBM00019,温州,"8064060254891821515	",饿了么,平台外卖,已完成,2025-10-22 13:13:08,2025-10-22 13:13:08,2025-10-22 13:13:08,饿了么支付-在线支付,,即时单,2025-10-22 13:13:08,12.20,自动出餐,1,否,"牛肉至尊披萨-7寸[{""name"":""规格"",""value"":""7寸""}]（40.90*1）,披萨专用保温袋x1.（0.99*1）,餐盒（2.00*1）",炙热牛魔王披萨,,,,非会员,7,,,依据餐量提供餐具,,41.89,17.54,18.00,0.00,0,0,2.40,0.00,3.50,【活动支出】单品特价:11.00元+【活动支出】 商家自营销加码:2.00元+【活动支出】饿了么红包:5.00元+【活动支出】替用户承担配送费:3.5元,-,-,-,2.00,温州区域,温州加盟,,,否,-,平台配送
圣比萨（鳌江店）,SBM00019,温州,"8054716088902814134	",饿了么,平台外卖,已完成,2025-10-22 13:23:47,2025-10-22 13:23:47,2025-10-22 13:23:48,饿了么支付-在线支付,,即时单,2025-10-22 13:23:47,12.23,自动出餐,1,否,"香烤鸡翅-2只[{""name"":""规格"",""value"":""2只""}]（16.00*1）,榴莲王披萨-7英寸（经典手拍)[{""name"":""规格"",""value"":""7英寸（经典手拍)""}]（52.00*1）,0.1元芝士多加一点点（5克）（6.00*1）,披萨专用保温袋x1.（0.99*1）,餐盒（3.10*1）",香烤鸡翅+榴莲王披萨,,,,非会员,8,,,依据餐量提供餐具,,74.99,35.21,29.10,0.00,0,0,4.83,0.00,3.50,【活动支出】单品特价:3.10元+【活动支出】单品特价:13.10元+【活动支出】单品特价:5.90元+【活动支出】 商家自营销加码:2.00元+【活动支出】饿了么红包:5.00元+【活动支出】替用户承担配送费:3.5元,-,-,-,3.10,温州区域,温州加盟,,,否,-,平台配送
圣比萨（鳌江店）,SBM00019,温州,"8007536088869461480	",饿了么,平台外卖,已完成,2025-10-22 13:38:28,2025-10-22 13:38:28,2025-10-22 13:38:28,饿了么支付-在线支付,,即时单,2025-10-22 13:38:28,10.13,自动出餐,1,否,"蛋挞一个（原味）（5.00*1）,番茄牛肉意面（52.00*1）,餐盒（3.00*1）",蛋挞1个+番茄牛肉意面,,,,非会员,9,,,依据餐量提供餐具,,57.00,15.45,37.11,0.00,0,0,2.09,0.00,3.50,【活动支出】单品特价:3.01元+【活动支出】单品特价:27.10元+【活动支出】超级会员专享红包:5.00元+【活动支出】 商家自营销加码:2.00元+【活动支出】替用户承担配送费:3.5元,-,-,-,3.00,温州区域,温州加盟,,,否,-,平台配送
圣比萨（鳌江店）,SBM00019,温州,"8068050254906134940	",饿了么,平台外卖,已完成,2025-10-22 14:00:14,2025-10-22 14:00:14,2025-10-22 14:00:14,饿了么支付-在线支付,,即时单,2025-10-22 14:00:14,10.02,自动出餐,1,否,"榴莲王披萨-7英寸（经典手拍)[{""name"":""规格"",""value"":""7英寸（经典手拍)""}]（52.00*1）,餐盒（2.00*1）",榴莲王披萨,,,,非会员,10,,,依据餐量提供餐具,,52.00,26.19,17.10,0.00,0,0,3.56,0.00,3.50,【活动支出】单品特价:13.10元+【活动支出】吃货红包:4.00元+【活动支出】替用户承担配送费:3.5元,-,-,-,2.00,温州区域,温州加盟,,,否,-,平台配送
圣比萨（鳌江店）,SBM00019,温州,"8009070255113488694	",饿了么,平台外卖,已完成,2025-10-22 15:49:42,2025-10-22 15:49:42,2025-10-22 15:49:42,饿了么支付-在线支付,,即时单,2025-10-22 15:49:42,10.18,自动出餐,1,否,"缤纷水果披萨-7英寸(手拍)[{""name"":""规格"",""value"":""7英寸(手拍)""}]（42.00*1）,披萨专用保温袋x1.（0.99*1）,餐盒（2.00*1）",缤纷水果披萨,,,,非会员,11,,,依据餐量提供餐具,,42.99,17.54,19.10,0.00,0,0,2.40,0.00,3.50,【活动支出】单品特价:12.10元+【活动支出】饿了么红包:7.00元+【活动支出】替用户承担配送费:3.5元,-,-,-,2.00,温州区域,温州加盟,,,否,-,平台配送
圣比萨（鳌江店）,SBM00019,温州,"8009796088924935458	",饿了么,平台外卖,已完成,2025-10-22 16:55:50,2025-10-22 16:55:50,2025-10-22 16:55:51,饿了么支付-在线支付,,即时单,2025-10-22 16:55:50,10.13,自动出餐,1,否,新奥尔良烤鸡肉披萨7寸-单点（22.00*1）,新奥尔良烤鸡肉披萨【7英寸(手拍)】,,,,非会员,12,,,依据餐量提供餐具,,22.00,12.00,0.00,0.00,0,0,0.00,0.00,,【活动支出】拼团反圈活动:0.00元,-,-,-,0.00,温州区域,温州加盟,,,否,-,平台配送
圣比萨（鳌江店）,SBM00019,温州,"8044756088918965685	",饿了么,平台外卖,已完成,2025-10-22 17:06:36,2025-10-22 17:06:36,2025-10-22 17:06:37,饿了么支付-在线支付,,即时单,2025-10-22 17:06:36,10.23,自动出餐,1,否,"番茄牛肉意面（52.00*1）,餐盒（2.00*1）",番茄牛肉意面,,,,非会员,13,,,依据餐量提供餐具,,52.00,10.98,34.10,0.00,0,0,1.77,0.00,5.60,【活动支出】单品特价:27.10元+【活动支出】饿了么红包:7.00元+【活动支出】替用户承担配送费:5.6元,-,-,-,2.00,温州区域,温州加盟,,,否,-,平台配送
圣比萨（鳌江店）,SBM00019,温州,"8060576088955124170	",饿了么,平台外卖,已完成,2025-10-22 17:59:28,2025-10-22 17:59:28,2025-10-22 17:59:29,饿了么支付-在线支付,,即时单,2025-10-22 17:59:28,12.23,自动出餐,1,否,"0.1元芝士多加一点点（5克）（6.00*2）,芝士焗红薯泥（19.00*1）,番茄牛肉意面（52.00*1）,餐盒（4.20*1）",芝士焗红薯泥+番茄牛肉意面,,,,非会员,14,,,芝士放意面里 / 依据餐量提供餐具,,83.00,24.45,48.00,0.00,0,0,3.80,0.00,6.80,【活动支出】单品特价:5.90元+【活动支出】单品特价:6.00元+【活动支出】单品特价:27.10元+【活动支出】饿了么红包:9.00元+【活动支出】替用户承担配送费:6.0元,-,-,-,4.20,温州区域,温州加盟,,,否,-,平台配送
圣比萨（鳌江店）,SBM00019,温州,"8032220255129332072	",饿了么,平台外卖,已完成,2025-10-22 19:25:39,2025-10-22 19:25:39,2025-10-22 19:25:39,饿了么支付-在线支付,,即时单,2025-10-22 19:25:39,12.18,自动出餐,1,否,"圣比至尊披萨-9寸[{""name"":""规格"",""value"":""9寸""}]（70.00*1）,披萨专用保温袋x1.（0.99*1）,餐盒（2.00*1）",大圣招牌大满贯披萨,,,,非会员,15,,,2份餐具,,70.99,30.95,30.10,0.00,0,0,4.19,0.00,3.50,【活动支出】单品特价:23.10元+【活动支出】饿了么红包:7.00元+【活动支出】替用户承担配送费:3.5元,-,-,-,2.00,温州区域,温州加盟,,,否,-,平台配送
圣比萨（鳌江店）,SBM00019,温州,"8061576089042858427	",饿了么,平台外卖,已完成,2025-10-22 20:28:47,2025-10-22 20:28:47,2025-10-22 20:28:48,饿了么支付-在线支付,,即时单,2025-10-22 20:28:47,10.17,自动出餐,1,否,"个人意面|焗饭经典套餐（45.00*1）,餐盒（2.00*1）",酸梅汁+番茄牛肉意面+上校鸡块,,,,非会员,16,,,依据餐量提供餐具,,45.00,18.97,19.10,0.00,0,0,2.61,0.00,3.50,【活动支出】单品特价:11.10元+【活动支出】饿了么红包:8.00元+【活动支出】替用户承担配送费:3.5元,-,-,-,2.00,温州区域,温州加盟,,,否,-,平台配送
圣比萨（鳌江店）,SBM00019,温州,"8003566089074913651	",饿了么,平台外卖,已完成,2025-10-22 22:25:19,2025-10-22 22:25:19,2025-10-22 22:25:19,饿了么支付-在线支付,,即时单,2025-10-22 22:25:19,10.00,自动出餐,1,否,"新奥尔良烤鸡肉披萨-7寸(手拍)[{""name"":""规格"",""value"":""7寸(手拍)""}]（41.00*1）,餐盒（2.00*1）",新奥尔良烤鸡肉披萨,,,,非会员,17,,,依据餐量提供餐具,,41.00,13.17,22.10,0.00,0,0,1.88,0.00,5.60,【活动支出】单品特价:17.10元+【活动支出】饿了么红包:5.00元+【活动支出】替用户承担配送费:5.6元,-,-,-,2.00,温州区域,温州加盟,,,否,-,平台配送
圣比萨（鳌江店）,SBM00019,温州,"8055606089073258908	",饿了么,平台外卖,已退款,2025-10-22 22:28:10,2025-10-22 22:28:10,2025-10-22 22:28:10,饿了么支付-在线支付,,即时单,2025-10-22 22:28:10,10.13,自动出餐,1,否,"缤纷水果披萨-7英寸(手拍)[{""name"":""规格"",""value"":""7英寸(手拍)""}]（42.00*1）,披萨专用保温袋x1.（0.99*1）,餐盒（2.00*1）",缤纷水果披萨,,,,非会员,18,,,依据餐量提供餐具,订单强制无效（商家主动取消已接订单、用户1分钟内取消),42.99,-4.85,19.10,21.89,0,0,2.40,0.00,5.60,【活动支出】单品特价:12.10元+【活动支出】饿了么红包:7.00元+【活动支出】替用户承担配送费:5.6元,-,-,-,2.00,温州区域,温州加盟,,,否,-,平台配送
圣比萨（鳌江店）,SBM00019,温州,"8057846089084986739	",饿了么,平台外卖,已完成,2025-10-22 22:28:38,2025-10-22 22:28:38,2025-10-22 22:28:38,饿了么支付-在线支付,,即时单,2025-10-22 22:28:38,10.15,自动出餐,1,否,"个人独享DIY套餐（60.00*1）,明星小食桶A（35.00*1）,餐盒（4.00*1）",金丝鸡排+上校鸡块1个+柠檬茶+新奥尔良烤鸡肉披萨(7英寸(手拍))+明星小食桶A,,,,非会员,19,,,3份餐具,,95.00,33.44,52.10,0.00,0,0,4.61,0.00,5.60,【活动支出】店铺满减:1.00元+【活动支出】单品特价:21.10元+【活动支出】单品特价:18.00元+【活动支出】饿了么红包:12.00元+【活动支出】替用户承担配送费:5.6元,-,-,-,4.00,温州区域,温州加盟,,,否,-,平台配送
圣比萨（虹桥店）,SBM00015,温州,"8051836088801527226	",饿了么,平台外卖,已完成,2025-10-22 11:05:37,2025-10-22 11:05:37,2025-10-22 11:05:38,饿了么支付-在线支付,,即时单,2025-10-22 11:05:37,4.47,手动出餐,1,否,"招牌肉酱意面（52.00*1）,可乐[常温]（5.00*1）,招牌风味大香肠[原味]（6.00*1）,餐盒（2.50*1）",招牌肉酱意面+可乐,,,,非会员,1,,,依据餐量提供餐具,,63.00,21.54,36.40,0.00,0,0,2.11,0.00,5.00,【活动支出】店铺满减:1.00元+【活动支出】单品特价:25.20元+【活动支出】单品特价:1.20元+【活动支出】饿了么红包:0.00元+【活动支出】饿了么红包:9.00元+【活动支出】替用户承担配送费:1.0元,-,-,-,2.50,温州区域,温州加盟,,,否,-,平台配送
圣比萨（虹桥店）,SBM00015,温州,"8098896088950119931	",饿了么,平台外卖,已完成,2025-10-22 16:11:11,2025-10-22 16:11:11,2025-10-22 16:11:11,饿了么支付-在线支付,,即时单,2025-10-22 16:11:11,9.62,手动出餐,1,否,"️任意爆款意面一人食套餐[番茄牛肉意面+烤肠1 根+柠檬茶 常温]（58.00*1）,餐盒（2.00*1）",番茄牛肉意面,,,,非会员,2,,,依据餐量提供餐具,,58.00,20.41,34.10,0.00,0,0,1.94,0.00,3.50,【活动支出】单品特价:28.10元+【活动支出】超级会员专享红包:5.00元+【活动支出】 商家自营销加码:1.00元,-,-,-,2.00,温州区域,温州加盟,,,否,-,平台配送
圣比萨（虹桥店）,SBM00015,温州,"8020370254946217410	",饿了么,平台外卖,已完成,2025-10-22 16:12:39,2025-10-22 16:12:39,2025-10-22 16:12:39,饿了么支付-在线支付,,即时单,2025-10-22 16:12:39,12.43,手动出餐,1,否,"金桔柠檬（10.00*1）,榴莲王披萨7英寸（52.00*1）,牛肉至尊披萨7英寸（45.00*1）,餐盒（4.00*1）",榴莲王披萨7英寸+炙热牛魔王披萨【7英寸(手拍)】,,,,非会员,3,,,2份餐具,,107.00,54.27,42.30,0.00,0,0,5.08,0.00,3.50,【活动支出】店铺满减:2.00元+【活动支出】单品特价:18.10元+【活动支出】单品特价:16.20元+【活动支出】 商家自营销加码:1.00元+【活动支出】饿了么红包:5.00元+【活动支出】替用户承担配送费:1.0元,-,-,-,4.00,温州区域,温州加盟,,,否,-,平台配送
圣比萨（虹桥店）,SBM00015,温州,"8087766088939402713	",饿了么,平台外卖,已完成,2025-10-22 16:36:26,2025-10-22 16:36:26,2025-10-22 16:36:27,饿了么支付-在线支付,,即时单,2025-10-22 16:36:26,10.17,手动出餐,1,否,"招牌肉酱意面（52.00*1）,餐盒（2.00*1）",招牌肉酱意面,,,,非会员,4,,,依据餐量提供餐具,,52.00,19.06,30.20,0.00,0,0,1.79,0.00,3.50,【活动支出】单品特价:25.20元+【活动支出】饿了么红包:5.00元,-,-,-,2.00,温州区域,温州加盟,,,否,-,平台配送
圣比萨（虹桥店）,SBM00015,温州,"8060230255042688448	",饿了么,平台外卖,已退款,2025-10-22 17:06:14,2025-10-22 17:06:14,2025-10-22 17:06:14,饿了么支付-在线支付,,即时单,2025-10-22 17:06:14,,未出餐,1,否,"奥尔良鸡肉披萨7英寸（45.00*1）,牛肉至尊披萨7英寸（45.00*1）,餐盒（4.00*1）",炙热牛魔王披萨【7英寸(手拍)】,,,,非会员,5,,,3份餐具,"餐厅同意取消单 ",90.00,-8.02,45.40,46.10,0,0,3.57,0.00,3.50,【活动支出】店铺满减:2.00元+【活动支出】单品特价:18.20元+【活动支出】单品特价:16.20元+【活动支出】饿了么红包:9.00元+【活动支出】替用户承担配送费:1.0元,-,-,-,4.00,温州区域,温州加盟,,,否,-,平台配送
圣比萨（虹桥店）,SBM00015,温州,"8032140255071872320	",饿了么,平台外卖,已完成,2025-10-22 20:46:10,2025-10-22 20:46:10,2025-10-22 20:46:10,饿了么支付-在线支付,,即时单,2025-10-22 20:46:10,10.63,手动出餐,1,否,"奥尔良鸡肉披萨7英寸（45.00*1）,餐盒（2.00*1）",奥尔良鸡肉披萨7英寸+餐盒,,,,非会员,6,,,不要葱和香菜，不要葱和香菜， / 依据餐量提供餐具,,45.00,17.21,25.20,0.00,0,0,1.64,0.00,3.50,【活动支出】单品特价:18.20元+【活动支出】饿了么红包:7.00元,-,-,-,2.00,温州区域,温州加盟,,,否,-,平台配送
圣比萨（瓯北店）,SBM00030,温州,"8059060254990602618	",饿了么,平台外卖,已完成,2025-10-22 11:16:47,2025-10-22 11:16:47,2025-10-22 11:16:47,饿了么支付-在线支付,,即时单,2025-10-22 11:16:47,29.85,被动出餐,1,否,"墨鱼丸2个（5.00*1）,开学吃肉套餐（50.00*1）,餐盒（3.00*1）",墨鱼丸2个+开学吃肉套餐+餐盒,,,,非会员,1,,,依据餐量提供餐具,,55.00,14.91,34.60,0.00,0,0,2.14,0.00,3.90,【活动支出】店铺满减:1.00元+【活动支出】单品折扣:3.00元+【活动支出】单品折扣:14.60元+【活动支出】订单集点返红包:8.00元+【活动支出】饿了么红包:8.00元+【活动支出】替用户承担配送费:3.9元,-,-,-,3.00,温州区域,温州加盟,,,否,-,平台配送
圣比萨（瓯北店）,SBM00030,温州,"8046030255005941103	",饿了么,平台外卖,已完成,2025-10-22 11:40:25,2025-10-22 11:40:25,2025-10-22 11:40:26,饿了么支付-在线支付,,即时单,2025-10-22 11:40:25,38.37,被动出餐,1,否,新奥尔良烤鸡肉披萨7寸-单点（22.00*1）,新奥尔良烤鸡肉披萨【7英寸(手拍)】,,,,非会员,2,,,依据餐量提供餐具,,22.00,12.00,0.00,0.00,0,0,0.00,0.00,,【活动支出】拼团反圈活动:0.00元,-,-,-,0.00,温州区域,温州加盟,,,否,-,平台配送
圣比萨（瓯北店）,SBM00030,温州,"8072676088816121115	",饿了么,平台外卖,已完成,2025-10-22 11:45:59,2025-10-22 11:45:59,2025-10-22 11:45:59,饿了么支付-在线支付,,即时单,2025-10-22 11:45:59,24.80,被动出餐,1,否,7寸日系照烧鸡披萨-单点（22.00*1）,日系照烧鸡披萨【7英寸(手拍)】,,,,非会员,3,,,依据餐量提供餐具,,22.00,12.00,0.00,0.00,0,0,0.00,0.00,,【活动支出】拼团反圈活动:0.00元,-,-,-,0.00,温州区域,温州加盟,,,否,-,平台配送
圣比萨（瓯北店）,SBM00030,温州,"8043440254837617043	",饿了么,平台外卖,已完成,2025-10-22 11:47:08,2025-10-22 11:47:08,2025-10-22 11:47:08,饿了么支付-在线支付,,即时单,2025-10-22 11:47:08,18.37,被动出餐,1,否,"翅薯组合（25.00*1）,缤纷水果披萨7英寸[少糖]（40.00*1）,餐盒（3.00*1）",翅薯组合+缤纷水果披萨【7英寸(手拍)】,,,,非会员,4,,,无需餐具,,65.00,24.18,32.00,0.00,0,0,3.47,0.00,3.90,【活动支出】店铺满减:1.00元+【活动支出】单品折扣:9.40元+【活动支出】单品折扣:10.60元+【活动支出】精准营销红包:2.00元+【活动支出】饿了么红包:9.00元+【活动支出】替用户承担配送费:3.9元,-,-,-,3.00,温州区域,温州加盟,,,否,-,平台配送
圣比萨（瓯北店）,SBM00030,温州,"8054250255114067417	",饿了么,平台外卖,已完成,2025-10-22 15:37:47,2025-10-22 15:37:47,2025-10-22 15:37:48,饿了么支付-在线支付,,即时单,2025-10-22 15:37:47,18.40,被动出餐,1,否,"牛肉至尊披萨7英寸（42.00*1）,黑椒牛肉意面（52.00*1）,餐盒（4.00*1）",炙热牛魔王披萨【7英寸(手拍)】+黑椒牛肉意面,,,,非会员,5,,,1份餐具,,94.00,36.88,45.79,0.00,0,0,5.17,0.00,3.90,【活动支出】店铺满减:2.00元+【活动支出】单品折扣:12.01元+【活动支出】单品折扣:22.78元+【活动支出】饿了么红包:9.00元+【活动支出】替用户承担配送费:3.9元,-,-,-,4.00,温州区域,温州加盟,,,否,-,平台配送
圣比萨（瓯北店）,SBM00030,温州,"8058410255084432842	",饿了么,平台外卖,已完成,2025-10-22 17:55:24,2025-10-22 17:55:24,2025-10-22 17:55:24,饿了么支付-在线支付,,即时单,2025-10-22 17:55:24,25.00,被动出餐,1,否,"缤纷水果披萨7英寸[少糖]（40.00*1）,餐盒（1.00*1）",缤纷水果披萨【7英寸(手拍)】,,,,非会员,6,,,依据餐量提供餐具,,40.00,14.71,17.60,0.00,0,0,2.14,0.00,3.90,【活动支出】单品折扣:10.60元+【活动支出】超级会员专享红包:5.00元+【活动支出】 商家自营销加码:2.00元+【活动支出】替用户承担配送费:3.9元,-,-,-,1.00,温州区域,温州加盟,,,否,-,平台配送
圣比萨（瓯北店）,SBM00030,温州,"8047150255003526549	",饿了么,平台外卖,已完成,2025-10-22 18:17:40,2025-10-22 18:17:40,2025-10-22 18:17:40,饿了么支付-在线支付,,即时单,2025-10-22 18:17:40,33.65,被动出餐,1,否,"可乐听装[常温]（5.00*1）,招牌肉酱意面（52.00*1）,餐盒（2.00*1）",可乐+招牌肉酱意面,,,,非会员,7,,,依据餐量提供餐具,,57.00,18.11,31.78,0.00,0,0,2.54,0.00,3.90,【活动支出】单品折扣:22.78元+【活动支出】精准营销红包:1.00元+【活动支出】饿了么红包:8.00元+【活动支出】替用户承担配送费:3.9元,-,-,-,2.00,温州区域,温州加盟,,,否,-,平台配送
圣比萨（瓯北店）,SBM00030,温州,"8012846089024348473	",饿了么,平台外卖,已完成,2025-10-22 18:24:50,2025-10-22 18:24:50,2025-10-22 18:24:51,饿了么支付-在线支付,,即时单,2025-10-22 18:24:50,21.23,被动出餐,1,否,"开学吃鸡套餐（54.00*1）,餐盒（2.00*1）",开学吃鸡套餐+餐盒,,,,非会员,8,,,依据餐量提供餐具,,54.00,21.49,24.60,0.00,0,0,2.98,0.00,3.90,【活动支出】单品折扣:19.60元+【活动支出】吃货豆兑换的商家券:5.00元+【活动支出】替用户承担配送费:3.9元,-,-,-,2.00,温州区域,温州加盟,,,否,-,平台配送
圣比萨（瓯北店）,SBM00030,温州,"8033110255106777584	",饿了么,平台外卖,已完成,2025-10-22 18:28:36,2025-10-22 18:28:36,2025-10-22 18:28:36,饿了么支付-在线支付,,即时单,2025-10-22 18:28:36,42.00,被动出餐,1,否,"新奥尔良烤鸡肉披萨7寸-单点[{""name"":""规格"",""value"":""单点""}]（22.00*1）",新奥尔良烤鸡肉披萨【7英寸(手拍)】,,,,非会员,9,,,依据餐量提供 需要一起打包,,22.00,12.00,0.00,0.00,0,0,0.00,0.00,,【活动支出】拼团反圈活动:0.00元,-,-,-,0.00,温州区域,温州加盟,,,否,-,平台配送
圣比萨（瓯北店）,SBM00030,温州,"8033110255106777583	",饿了么,平台外卖,已完成,2025-10-22 18:28:36,2025-10-22 18:28:36,2025-10-22 18:28:36,饿了么支付-在线支付,,即时单,2025-10-22 18:28:36,42.00,被动出餐,1,否,"7寸日系照烧鸡披萨-单点[{""name"":""规格"",""value"":""单点""}]（22.00*1）",日系照烧鸡披萨【7英寸(手拍)】,,,,非会员,10,,,依据餐量提供 需要一起打包,,22.00,12.00,0.00,0.00,0,0,0.00,0.00,,【活动支出】拼团反圈活动:0.00元,-,-,-,0.00,温州区域,温州加盟,,,否,-,平台配送
圣比萨（瓯北店）,SBM00030,温州,"8000766089047714100	",饿了么,平台外卖,已完成,2025-10-22 19:17:56,2025-10-22 19:17:56,2025-10-22 19:17:56,饿了么支付-在线支付,,即时单,2025-10-22 19:17:56,31.58,被动出餐,1,否,新奥尔良烤鸡肉披萨7寸-单点（22.00*1）,新奥尔良烤鸡肉披萨【7英寸(手拍)】,,,,非会员,11,,,依据餐量提供餐具,,22.00,12.00,0.00,0.00,0,0,0.00,0.00,,【活动支出】拼团反圈活动:0.00元,-,-,-,0.00,温州区域,温州加盟,,,否,-,平台配送
圣比萨（瓯北店）,SBM00030,温州,"8018766089031708974	",饿了么,平台外卖,已完成,2025-10-22 19:40:38,2025-10-22 19:40:38,2025-10-22 19:40:38,饿了么支付-在线支付,,即时单,2025-10-22 19:40:38,26.95,被动出餐,1,否,"金牌墨鱼丸-3个[{""name"":""规格"",""value"":""3个""}]（10.00*1）,鲜虾菠萝披萨7英寸（42.00*1）,餐盒（4.00*1）",深海墨鱼丸+鲜虾菠萝披萨7英寸,,,,非会员,12,,,依据餐量提供餐具,,52.00,19.95,25.41,0.00,0,0,2.90,0.00,3.90,【活动支出】店铺满减:1.00元+【活动支出】单品折扣:4.40元+【活动支出】单品折扣:12.01元+【活动支出】饿了么红包:8.00元+【活动支出】替用户承担配送费:3.9元,-,-,-,4.00,温州区域,温州加盟,,,否,-,平台配送
圣比萨（白象店）,SBM00022,温州,"8002916088866935060	",饿了么,平台外卖,已完成,2025-10-22 14:26:55,2025-10-22 14:26:55,2025-10-22 14:26:55,饿了么支付-在线支付,,即时单,2025-10-22 14:26:55,12.07,手动出餐,1,否,"原味蛋挞（10.00*1）,黑椒牛肉意面(微辣)（29.00*1）,餐盒（2.00*1）",蛋挞,,,,非会员,1,,,依据餐量提供餐具,,39.00,22.16,10.20,0.00,0,0,2.09,0.00,3.50,【活动支出】单品特价:1.20元+【活动支出】超级会员专享红包:8.00元+【活动支出】 商家自营销加码:0.00元+【活动支出】粉丝群:1.00元+【活动支出】替用户承担配送费:3.5元,-,-,-,2.00,温州区域,温州加盟,,,否,-,平台配送
圣比萨（白象店）,SBM00022,温州,"8062020254998223242	",饿了么,平台外卖,已完成,2025-10-22 14:49:35,2025-10-22 14:49:35,2025-10-22 14:49:36,饿了么支付-在线支付,,即时单,2025-10-22 14:49:35,14.02,手动出餐,1,否,"个人独享DIY套餐（折扣价）[碳烤鸡肉焗饭微甜+薯条1份+酸梅汁]（59.00*1）,藤椒金丝鸡排（10.88*1）,餐盒（3.00*1）",碳烤鸡肉芝士焗饭+经典薯条+金丝鸡排,,,,非会员,2,,,依据餐量提供餐具,,69.88,32.28,29.20,0.00,0,0,3.05,0.00,3.50,【活动支出】单品特价:19.12元+【活动支出】单品特价:2.08元+【活动支出】超级会员专享红包:8.00元+【活动支出】 商家自营销加码:0.00元+【活动支出】替用户承担配送费:3.5元,-,-,-,3.00,温州区域,温州加盟,,,否,-,平台配送
圣比萨（白象店）,SBM00022,温州,"8014370255015790079	",饿了么,平台外卖,已完成,2025-10-22 15:02:18,2025-10-22 15:02:18,2025-10-22 15:02:18,饿了么支付-在线支付,,即时单,2025-10-22 15:02:18,10.10,手动出餐,1,否,"纯芝士披萨-7英寸(经典手拍)[{""name"":""规格"",""value"":""7英寸(经典手拍)""}]（38.00*1）,餐盒（2.00*1）",金牌芝士披萨,,,,非会员,3,,,1份餐具,,38.00,16.49,15.01,0.00,0,0,1.65,0.00,5.00,【活动支出】单品特价:8.01元+【活动支出】饿了么红包:7.00元+【活动支出】替用户承担配送费:5.0元,-,-,-,2.00,温州区域,温州加盟,,,否,-,平台配送
圣比萨（白象店）,SBM00022,温州,"8095030255039571342	",饿了么,平台外卖,已完成,2025-10-22 16:54:45,2025-10-22 16:54:45,2025-10-22 16:54:45,饿了么支付-在线支付,,即时单,2025-10-22 16:54:45,13.12,手动出餐,1,否,"卷边披萨-7英寸[红薯泥边+日系照烧披萨][{""name"":""规格"",""value"":""7英寸""}]（69.00*1）,餐盒（2.00*1）","卷边披萨-7英寸[红薯泥边+日系照烧披萨][{""name"":""规格"",""value"":""7英寸""}]+餐盒",,,,非会员,4,,,"不要打电话, 放保安室外面的外卖架上 / 依据餐量提供餐具",,69.00,25.03,33.10,0.00,0,0,2.62,0.00,8.70,【活动支出】单品特价:26.10元+【活动支出】 商家自营销加码:2.00元+【活动支出】饿了么红包:5.00元+【活动支出】替用户承担配送费:6.0元,-,-,-,2.00,温州区域,温州加盟,,,否,-,平台配送
圣比萨（白象店）,SBM00022,温州,"8022040255151228200	",饿了么,平台外卖,已完成,2025-10-22 17:08:28,2025-10-22 17:08:28,2025-10-22 17:08:28,饿了么支付-在线支付,,即时单,2025-10-22 17:08:28,9.00,手动出餐,1,否,"纯芝士披萨-7英寸(经典手拍)[{""name"":""规格"",""value"":""7英寸(经典手拍)""}]（38.00*1）,餐盒（2.00*1）",金牌芝士披萨,,,,非会员,5,,,依据餐量提供餐具,,38.00,15.57,16.01,0.00,0,0,1.57,0.00,4.50,【活动支出】单品特价:8.01元+【活动支出】 商家自营销加码:2.00元+【活动支出】粉丝群:1.00元+【活动支出】饿了么红包:5.00元+【活动支出】替用户承担配送费:4.5元,-,-,-,2.00,温州区域,温州加盟,,,否,-,平台配送
圣比萨（白象店）,SBM00022,温州,"8093290255046529406	",饿了么,平台外卖,已完成,2025-10-22 17:09:26,2025-10-22 17:09:26,2025-10-22 17:09:26,饿了么支付-在线支付,,即时单,2025-10-22 17:09:26,10.17,手动出餐,1,否,"西域肉酱培根披萨-7英寸（经典手拍）[{""name"":""规格"",""value"":""7英寸（经典手拍）""}]（39.00*1）,港式奶茶[常温]（10.00*1）,餐盒（2.00*1）",港式奶茶,,,,非会员,6,,,无需餐具,,49.00,23.90,16.70,0.00,0,0,2.35,0.00,4.50,【活动支出】单品特价:6.50元+【活动支出】单品特价:1.20元+【活动支出】饿了么红包:9.00元+【活动支出】替用户承担配送费:4.5元,-,-,-,2.00,温州区域,温州加盟,,,否,-,平台配送
圣比萨（白象店）,SBM00022,温州,"8050676088951368064	",饿了么,平台外卖,已完成,2025-10-22 17:13:37,2025-10-22 17:13:37,2025-10-22 17:13:37,饿了么支付-在线支付,,即时单,2025-10-22 17:13:37,10.72,手动出餐,1,否,"(买一送一)买披萨送意面[奥尔良鸡肉披萨7英寸+番茄牛肉意面]（75.00*1）,餐盒（2.00*1）",(买一送一)买披萨送意面[奥尔良鸡肉披萨7英寸+番茄牛肉意面]+餐盒,,,,非会员,7,,,依据餐量提供餐具,,75.00,31.24,34.12,0.00,0,0,2.99,0.00,5.00,【活动支出】单品特价:25.12元+【活动支出】饿了么红包:9.00元+【活动支出】替用户承担配送费:5.0元,-,-,-,2.00,温州区域,温州加盟,,,否,-,平台配送
圣比萨（白象店）,SBM00022,温州,"8076666088956299743	",饿了么,平台外卖,已完成,2025-10-22 17:22:25,2025-10-22 17:22:25,2025-10-22 17:22:25,饿了么支付-在线支付,,即时单,2025-10-22 17:22:25,11.45,手动出餐,1,否,"香蕉水果披萨-7英寸（经典手拍）[{""name"":""规格"",""value"":""7英寸（经典手拍）""}]（38.00*1）,餐盒（1.00*1）","香蕉水果披萨-7英寸（经典手拍）[{""name"":""规格"",""value"":""7英寸（经典手拍）""}]+餐盒",,,,非会员,8,,,依据餐量提供餐具,,38.00,16.47,15.01,0.00,0,0,1.57,0.00,3.50,【活动支出】单品特价:8.01元+【活动支出】饿了么红包:7.00元+【活动支出】替用户承担配送费:3.5元,-,-,-,1.00,温州区域,温州加盟,,,否,-,平台配送
圣比萨（白象店）,SBM00022,温州,"8099786088986340672	",饿了么,平台外卖,已完成,2025-10-22 18:31:35,2025-10-22 18:31:35,2025-10-22 18:31:36,饿了么支付-在线支付,,即时单,2025-10-22 18:31:35,10.93,手动出餐,1,否,"任选【意面】或【焗饭】8选1+小吃6选1+饮料[招牌肉酱芝士焗饭不辣+蛋挞2个+港式奶茶]（57.00*1）,餐盒（2.00*1）",任选【意面】或【焗饭】8选1+小吃6选1+饮料[招牌肉酱芝士焗饭不辣+蛋挞2个+港式奶茶]+餐盒,,,,非会员,9,,,依据餐量提供餐具,,57.00,19.26,31.02,0.00,0,0,1.87,0.00,5.00,【活动支出】单品特价:23.02元+【活动支出】饿了么红包:8.00元+【活动支出】替用户承担配送费:5.0元,-,-,-,2.00,温州区域,温州加盟,,,否,-,平台配送
圣比萨（白象店）,SBM00022,温州,"8002696088998770128	",饿了么,平台外卖,已完成,2025-10-22 18:34:09,2025-10-22 18:34:09,2025-10-22 18:34:09,饿了么支付-在线支付,,即时单,2025-10-22 18:34:09,10.28,手动出餐,1,否,"黑椒牛肉芝士焗饭（微辣）（29.00*1）,餐盒（1.00*1）",黑椒牛肉芝士焗饭（微辣）+餐盒,,,,非会员,10,,,依据餐量提供餐具,,29.00,16.50,5.00,0.00,0,0,1.65,0.00,5.00,【活动支出】饿了么红包:5.00元+【活动支出】替用户承担配送费:5.0元,-,-,-,1.00,温州区域,温州加盟,,,否,-,平台配送
圣比萨（白象店）,SBM00022,温州,"8067786088991621440	",饿了么,平台外卖,已完成,2025-10-22 19:00:24,2025-10-22 19:00:24,2025-10-22 19:00:25,饿了么支付-在线支付,,即时单,2025-10-22 19:00:24,10.45,手动出餐,1,否,"任选【意面】或【焗饭】8选1+小吃6选1+饮料[黑椒牛肉意面+蛋挞2个+酸梅汁]（57.00*1）,餐盒（2.00*1）",任选【意面】或【焗饭】8选1+小吃6选1+饮料[黑椒牛肉意面+蛋挞2个+酸梅汁]+餐盒,,,,非会员,11,,,依据餐量提供餐具,,57.00,18.68,30.02,0.00,0,0,1.95,0.00,5.60,【活动支出】单品特价:23.02元+【活动支出】超级会员专享红包:5.00元+【活动支出】 商家自营销加码:2.00元+【活动支出】替用户承担配送费:5.6元,-,-,-,2.00,温州区域,温州加盟,,,否,-,平台配送
圣比萨（白象店）,SBM00022,温州,"8022906089084266900	",饿了么,平台外卖,已完成,2025-10-22 21:06:41,2025-10-22 21:06:41,2025-10-22 21:06:42,饿了么支付-在线支付,,即时单,2025-10-22 21:06:41,11.27,手动出餐,1,否,"个人独享DIY套餐（折扣价）[7英寸牛肉披萨+蛋挞1对+柠檬茶热]（59.00*1）,餐盒（2.00*1）",炙热牛魔王披萨【7英寸(手拍)】+柠檬茶,,,,非会员,12,,,要热饮料 / 依据餐量提供餐具,,59.00,20.39,28.12,0.00,0,0,2.24,0.00,8.90,【活动支出】单品特价:19.12元+【活动支出】饿了么红包:9.00元+【活动支出】替用户承担配送费:6.0元,-,-,-,2.00,温州区域,温州加盟,,,否,-,平台配送
圣比萨（白象店）,SBM00022,温州,"8011490255174455602	",饿了么,平台外卖,已完成,2025-10-22 21:39:11,2025-10-22 21:39:11,2025-10-22 21:39:11,饿了么支付-在线支付,,即时单,2025-10-22 21:39:11,10.50,手动出餐,1,否,"招牌肉酱芝士焗饭（29.00*1）,餐盒（1.00*1）",招牌肉酱芝士焗饭,,,,非会员,13,,,依据餐量提供餐具,,29.00,15.65,7.00,0.00,0,0,1.50,0.00,5.60,【活动支出】CPS商户叠加券:0.00元+【活动支出】饿了么红包:7.00元+【活动支出】淘金币:0.00元+【活动支出】替用户承担配送费:5.6元,-,-,-,1.00,温州区域,温州加盟,,,否,-,平台配送
圣比萨（白象店）,SBM00022,温州,"8022666089113577954	",饿了么,平台外卖,已完成,2025-10-22 22:56:28,2025-10-22 22:56:28,2025-10-22 22:56:28,饿了么支付-在线支付,,即时单,2025-10-22 22:56:28,11.35,手动出餐,1,否,"圣比至尊披萨-7英寸(经典手拍)[{""name"":""规格"",""value"":""7英寸(经典手拍)""}]（42.00*1）,餐盒（2.00*1）",大圣招牌大满贯披萨,,,,非会员,14,,,2份餐具,,42.00,19.91,15.10,0.00,0,0,1.94,0.00,5.60,【活动支出】单品特价:7.10元+【活动支出】饿了么红包:8.00元+【活动支出】替用户承担配送费:5.6元,-,-,-,2.00,温州区域,温州加盟,,,否,-,平台配送
圣比萨（温大C区店）,SBS00031,温州,"8008616088158814488	",饿了么,平台外卖,已完成,2025-10-20 17:15:44,2025-10-20 17:15:44,2025-10-20 17:15:44,饿了么支付-在线支付,,预约单,2025-10-22 11:20:00,2479.33,自动出餐,1,否,"夏威夷风情手握披萨（35.00*1）,送餐上楼【下午1-4点晚上7点之后放外卖柜】（0.00*1）,餐盒（1.00*1）",夏威夷风情手握披萨+送餐上楼,,,,非会员,1,,,多菠萝，谢谢 / 1份餐具；手机尾号：4551；送上楼,,35.00,11.98,20.10,0.00,0,0,0.72,0.00,1.60,【活动支出】单品特价:13.10元+【活动支出】 商家自营销加码:2.00元+【活动支出】CPS商户叠加券:0.00元+【活动支出】饿了么红包:5.00元+【活动支出】替用户承担配送费:1.6元,-,-,-,1.00,温州区域,温州直营,,,否,-,平台配送
圣比萨（温大C区店）,SBS00031,温州,"8064786088552525179	",饿了么,平台外卖,已完成,2025-10-21 16:31:35,2025-10-21 16:31:35,2025-10-21 16:31:36,饿了么支付-在线支付,,预约单,2025-10-22 11:00:00,1063.53,自动出餐,1,否,"外卖柜取餐【有短信或者电话通知】（0.00*1）,照烧鸡肉单人餐（冰豆花自选)（58.00*1）,餐盒（1.00*1）",楼下自取+焦糖冰豆花+照烧鸡肉手握披萨,,,,非会员,2,,,依据餐量提供餐具；手机尾号：0370；送上楼,,58.00,13.88,41.10,0.00,0,0,0.82,0.00,1.60,【活动支出】单品特价:32.10元+【活动支出】饿了么红包:7.00元+【活动支出】精准营销:2.00元+【活动支出】替用户承担配送费:1.6元,-,-,-,1.00,温州区域,温州直营,,,否,-,平台配送
圣比萨（温大C区店）,SBS00031,温州,"8096856088729592078	",饿了么,平台外卖,已完成,2025-10-22 10:07:21,2025-10-22 10:07:21,2025-10-22 10:07:22,饿了么支付-在线支付,,即时单,2025-10-22 10:07:21,10.13,自动出餐,1,否,"外卖柜取餐【有短信或者电话通知】（0.00*1）,BBQ烤奥尔良鸡肉单人套餐（46.00*1）",楼下自取+盐酥鸡粒+小雪碧+烤奥尔良鸡肉手握披萨,,,,非会员,3,,,依据餐量提供餐具；手机尾号：3103；送上楼,,46.00,12.55,29.50,0.00,0,0,0.75,0.00,1.60,【活动支出】单品特价:29.50元+【活动支出】替用户承担配送费:1.6元,-,-,-,0.00,温州区域,温州直营,,,否,-,平台配送
圣比萨（温大C区店）,SBS00031,温州,"8019230254754128375	",饿了么,平台外卖,已完成,2025-10-22 10:09:40,2025-10-22 10:09:40,2025-10-22 10:09:41,饿了么支付-在线支付,,即时单,2025-10-22 10:09:40,10.12,自动出餐,1,否,番茄牛肉意面-单点（12.64*1）,番茄牛肉意面,,,,非会员,4,,,依据餐量提供餐具；手机尾号：3153；送上楼,,12.64,9.03,0.00,0.00,0,0,0.00,0.00,,【活动支出】拼团反圈活动:0.00元,-,-,-,0.00,温州区域,温州直营,,,否,-,平台配送
圣比萨（温大C区店）,SBS00031,温州,"8021696088726451524	",饿了么,平台外卖,已完成,2025-10-22 10:09:43,2025-10-22 10:09:43,2025-10-22 10:09:43,饿了么支付-在线支付,,即时单,2025-10-22 10:09:43,10.23,自动出餐,1,否,蛋挞2个-单点（8.51*1）,蛋挞,,,,非会员,5,,,依据餐量提供餐具；手机尾号：2370；送上楼,,8.51,4.90,0.00,0.00,0,0,0.00,0.00,,【活动支出】拼团反圈活动:0.00元,-,-,-,0.00,温州区域,温州直营,,,否,-,平台配送
圣比萨（温大C区店）,SBS00031,温州,"8009666088762405304	",饿了么,平台外卖,已完成,2025-10-22 10:17:18,2025-10-22 10:17:18,2025-10-22 10:17:19,饿了么支付-在线支付,,即时单,2025-10-22 10:17:18,10.07,自动出餐,1,否,圣BBQ烤鸡肉手握披萨+冰凉粉+上楼-单点-高校配（14.61*1）,烤奥尔良鸡肉手握披萨+冰凉粉,,,,非会员,6,,,依据餐量提供餐具；手机尾号：0518；送上楼,,14.61,9.60,1.40,0.00,0,0,0.00,0.00,,【活动支出】拼团正招玩法:1.40元,-,-,-,0.00,温州区域,温州直营,,,否,-,平台配送
圣比萨（温大C区店）,SBS00031,温州,"8073060254867122520	",饿了么,平台外卖,已完成,2025-10-22 10:24:30,2025-10-22 10:24:30,2025-10-22 10:24:31,饿了么支付-在线支付,,即时单,2025-10-22 10:24:30,10.12,自动出餐,1,否,番茄牛肉意面-单点（12.64*1）,番茄牛肉意面,,,,非会员,7,,,依据餐量提供餐具；手机尾号：4281；送上楼,,12.64,9.03,0.00,0.00,0,0,0.00,0.00,,【活动支出】拼团反圈活动:0.00元,-,-,-,0.00,温州区域,温州直营,,,否,-,平台配送
圣比萨（温大C区店）,SBS00031,温州,"8043716088718738819	",饿了么,平台外卖,已完成,2025-10-22 10:24:32,2025-10-22 10:24:32,2025-10-22 10:24:32,饿了么支付-在线支付,,即时单,2025-10-22 10:24:32,10.15,自动出餐,1,否,番茄牛肉意面-单点（12.64*1）,番茄牛肉意面,,,,非会员,8,,,依据餐量提供餐具；手机尾号：9322；送上楼,,12.64,9.03,0.00,0.00,0,0,0.00,0.00,,【活动支出】拼团反圈活动:0.00元,-,-,-,0.00,温州区域,温州直营,,,否,-,平台配送
圣比萨（温大C区店）,SBS00031,温州,"8032140254862310844	",饿了么,平台外卖,已完成,2025-10-22 10:24:50,2025-10-22 10:24:50,2025-10-22 10:24:51,饿了么支付-在线支付,,预约单,2025-10-22 11:40:00,30.37,自动出餐,1,否,"外卖柜取餐【有短信或者电话通知】（0.00*1）,DIY单人套餐（主食小吃饮品自选）（48.00*1）,餐盒（1.00*1）",楼下自取+小雪碧+盐酥鸡粒+烤奥尔良鸡肉手握披萨,,,,非会员,9,,,依据餐量提供餐具；手机尾号：0788；聚合送,,48.00,17.68,27.10,0.00,0,0,1.02,0.00,1.60,【活动支出】单品特价:20.10元+【活动支出】饿了么红包:5.00元+【活动支出】 商家自营销加码:2.00元+【活动支出】替用户承担配送费:1.6元,-,-,-,1.00,温州区域,温州直营,,,否,-,平台配送
圣比萨（温大C区店）,SBS00031,温州,"8005796088716877193	",饿了么,平台外卖,已完成,2025-10-22 10:25:49,2025-10-22 10:25:49,2025-10-22 10:25:49,饿了么支付-在线支付,,即时单,2025-10-22 10:25:49,10.03,自动出餐,1,否,圣BBQ烤鸡肉手握披萨+冰凉粉+上楼-单点-高校配（14.61*1）,烤奥尔良鸡肉手握披萨+冰凉粉,,,,非会员,10,,,依据餐量提供餐具；手机尾号：0699；送上楼,,14.61,9.60,1.40,0.00,0,0,0.00,0.00,,【活动支出】拼团正招玩法:1.40元,-,-,-,0.00,温州区域,温州直营,,,否,-,平台配送
圣比萨（温大C区店）,SBS00031,温州,"8039916088746492186	",饿了么,平台外卖,已完成,2025-10-22 10:26:33,2025-10-22 10:26:33,2025-10-22 10:26:33,饿了么支付-在线支付,,即时单,2025-10-22 10:26:33,10.12,自动出餐,1,否,番茄牛肉意面-单点（12.64*1）,番茄牛肉意面,,,,非会员,11,,,依据餐量提供餐具；手机尾号：8626；送上楼,,12.64,9.03,0.00,0.00,0,0,0.00,0.00,,【活动支出】拼团反圈活动:0.00元,-,-,-,0.00,温州区域,温州直营,,,否,-,平台配送
圣比萨（温大C区店）,SBS00031,温州,"8047490254840307046	",饿了么,平台外卖,已完成,2025-10-22 10:26:40,2025-10-22 10:26:40,2025-10-22 10:26:41,饿了么支付-在线支付,,即时单,2025-10-22 10:26:40,10.03,自动出餐,1,否,奥尔良烤翅-单点（10.51*1）,奥尔良烤翅,,,,非会员,12,,,依据餐量提供餐具；手机尾号：3510；送上楼,,10.51,6.90,0.00,0.00,0,0,0.00,0.00,,【活动支出】拼团反圈活动:0.00元,-,-,-,0.00,温州区域,温州直营,,,否,-,平台配送
圣比萨（温大C区店）,SBS00031,温州,"8055280254952759564	",饿了么,平台外卖,已完成,2025-10-22 10:31:11,2025-10-22 10:31:11,2025-10-22 10:31:12,饿了么支付-在线支付,,即时单,2025-10-22 10:31:11,10.05,自动出餐,1,否,圣BBQ烤鸡肉手握披萨+冰凉粉+上楼-单点-高校配（14.61*1）,烤奥尔良鸡肉手握披萨+冰凉粉,,,,非会员,13,,,1份餐具；手机尾号：5702；送上楼,,14.61,9.60,1.40,0.00,0,0,0.00,0.00,,【活动支出】拼团正招玩法:1.40元,-,-,-,0.00,温州区域,温州直营,,,否,-,平台配送
圣比萨（温大C区店）,SBS00031,温州,"8063976088724816192	",饿了么,平台外卖,已完成,2025-10-22 10:31:18,2025-10-22 10:31:18,2025-10-22 10:31:18,饿了么支付-在线支付,,即时单,2025-10-22 10:31:18,10.05,自动出餐,1,否,番茄牛肉意面-单点（12.64*1）,番茄牛肉意面,,,,非会员,14,,,依据餐量提供餐具；手机尾号：3131；送上楼,,12.64,9.03,0.00,0.00,0,0,0.00,0.00,,【活动支出】拼团反圈活动:0.00元,-,-,-,0.00,温州区域,温州直营,,,否,-,平台配送
圣比萨（温大C区店）,SBS00031,温州,"8040906088774412577	",饿了么,平台外卖,已完成,2025-10-22 10:31:47,2025-10-22 10:31:47,2025-10-22 10:31:48,饿了么支付-在线支付,,即时单,2025-10-22 10:31:47,10.07,自动出餐,1,否,圣BBQ烤鸡肉手握披萨+冰凉粉+上楼-单点-高校配（14.61*1）,烤奥尔良鸡肉手握披萨+冰凉粉,,,,非会员,15,,,依据餐量提供餐具；手机尾号：9225；送上楼,,14.61,9.60,1.40,0.00,0,0,0.00,0.00,,【活动支出】拼团正招玩法:1.40元,-,-,-,0.00,温州区域,温州直营,,,否,-,平台配送
圣比萨（温大C区店）,SBS00031,温州,"8087390254848209188	",饿了么,平台外卖,已完成,2025-10-22 10:31:50,2025-10-22 10:31:50,2025-10-22 10:31:50,饿了么支付-在线支付,,即时单,2025-10-22 10:31:50,10.05,自动出餐,1,否,番茄牛肉意面-单点（12.64*1）,番茄牛肉意面,,,,非会员,16,,,依据餐量提供餐具；手机尾号：5085；送上楼,,12.64,9.03,0.00,0.00,0,0,0.00,0.00,,【活动支出】拼团反圈活动:0.00元,-,-,-,0.00,温州区域,温州直营,,,否,-,平台配送
圣比萨（温大C区店）,SBS00031,温州,"8017516088779477405	",饿了么,平台外卖,已完成,2025-10-22 10:36:39,2025-10-22 10:36:39,2025-10-22 10:36:39,饿了么支付-在线支付,,即时单,2025-10-22 10:36:39,10.13,自动出餐,1,否,"照烧鸡肉单人餐（冰豆花自选)（60.00*1）,送餐上楼【下午1-4点晚上7点之后放外卖柜】（0.00*1）,餐盒（1.00*1）",加糖龙井冰豆花+照烧鸡肉手握披萨+送餐上楼,,,,非会员,17,,,依据餐量提供餐具；手机尾号：8263；送上楼,,60.00,15.78,41.10,0.00,0,0,0.92,0.00,1.60,【活动支出】单品特价:32.10元+【活动支出】超级会员专享红包:5.00元+【活动支出】 商家自营销加码:2.00元+【活动支出】精准营销:2.00元+【活动支出】替用户承担配送费:1.6元,-,-,-,1.00,温州区域,温州直营,,,否,-,平台配送
圣比萨（温大C区店）,SBS00031,温州,"8075400254954772744	",饿了么,平台外卖,已完成,2025-10-22 10:41:22,2025-10-22 10:41:22,2025-10-22 10:41:22,饿了么支付-在线支付,,即时单,2025-10-22 10:41:22,10.03,自动出餐,1,否,"送餐上楼【下午1-4点晚上7点之后放外卖柜】（0.00*1）,照烧鸡肉单人餐（冰豆花自选)（60.00*1）,餐盒（1.00*1）",送餐上楼+加糖龙井冰豆花+照烧鸡肉手握披萨,,,,非会员,18,,,依据餐量提供餐具；手机尾号：9180；送上楼,,60.00,15.78,41.10,0.00,0,0,0.92,0.00,1.60,【活动支出】单品特价:32.10元+【活动支出】饿了么红包:7.00元+【活动支出】精准营销:2.00元+【活动支出】替用户承担配送费:1.6元,-,-,-,1.00,温州区域,温州直营,,,否,-,平台配送
圣比萨（温大C区店）,SBS00031,温州,"8075450254858513680	",饿了么,平台外卖,已完成,2025-10-22 10:42:53,2025-10-22 10:42:53,2025-10-22 10:42:53,饿了么支付-在线支付,,即时单,2025-10-22 10:42:53,10.02,自动出餐,1,否,"【超划算】买披萨送意面（58.00*1）,送餐上楼【下午1-4点晚上7点之后放外卖柜】（0.00*1）,餐盒（2.00*1）",番茄培根意面+夏威夷风情手握披萨+送餐上楼,,,,非会员,19,,,"不要葱, 不要香菜，不要芹菜！谢谢 / 依据餐量提供餐具；手机尾号：9820；聚合送",,58.00,28.13,27.10,0.00,0,0,1.57,0.00,1.60,【活动支出】店铺满减:1.00元+【活动支出】单品特价:18.10元+【活动支出】饿了么红包:8.00元+【活动支出】替用户承担配送费:1.6元,-,-,-,2.00,温州区域,温州直营,,,否,-,平台配送
圣比萨（温大C区店）,SBS00031,温州,"8017120254963450143	",饿了么,平台外卖,已完成,2025-10-22 10:55:49,2025-10-22 10:55:49,2025-10-22 10:55:49,饿了么支付-在线支付,,即时单,2025-10-22 10:55:49,10.23,自动出餐,1,否,"番茄牛肉意面（25.00*1）,外卖柜取餐【有短信或者电话通知】（0.00*1）,送餐上楼【下午1-4点晚上7点之后放外卖柜】（0.00*1）,葡式蛋挞1个（4.00*1）,餐盒（2.50*1）",番茄牛肉意面+楼下自取+送餐上楼+蛋挞1个,,,,非会员,20,,,1份餐具；手机尾号：1982；送上楼,,29.00,6.66,21.20,0.00,0,0,0.44,0.00,1.60,【活动支出】单品特价:6.10元+【活动支出】单品特价:3.10元+【活动支出】订单集点返红包:5.00元+【活动支出】饿了么红包:7.00元+【活动支出】替用户承担配送费:1.6元,-,-,-,2.50,温州区域,温州直营,,,否,-,平台配送
圣比萨（温大C区店）,SBS00031,温州,"8024330254966082884	",饿了么,平台外卖,已完成,2025-10-22 10:56:33,2025-10-22 10:56:33,2025-10-22 10:56:33,饿了么支付-在线支付,,即时单,2025-10-22 10:56:33,10.03,自动出餐,1,否,"外卖柜取餐【有短信或者电话通知】（0.00*1）,DIY单人套餐（主食小吃饮品自选）（48.00*1）,餐盒（1.00*1）",楼下自取+小芬达+蛋挞+烤奥尔良鸡肉手握披萨,,,,非会员,21,,,依据餐量提供餐具；手机尾号：5832；送上楼,,48.00,17.68,27.10,0.00,0,0,1.02,0.00,1.60,【活动支出】单品特价:20.10元+【活动支出】饿了么红包:7.00元+【活动支出】替用户承担配送费:1.6元,-,-,-,1.00,温州区域,温州直营,,,否,-,平台配送
圣比萨（温大C区店）,SBS00031,温州,"8086160254782197245	",饿了么,平台外卖,已完成,2025-10-22 11:00:19,2025-10-22 11:00:19,2025-10-22 11:00:19,饿了么支付-在线支付,,即时单,2025-10-22 11:00:19,12.23,自动出餐,1,否,圣BBQ烤鸡肉手握披萨+冰凉粉+上楼-单点-高校配（14.61*1）,烤奥尔良鸡肉手握披萨+冰凉粉,,,,非会员,22,,,依据餐量提供餐具；手机尾号：8124；送上楼,,14.61,9.60,1.40,0.00,0,0,0.00,0.00,,【活动支出】拼团正招玩法:1.40元,-,-,-,0.00,温州区域,温州直营,,,否,-,平台配送
圣比萨（温大C区店）,SBS00031,温州,"8006090254969549134	",饿了么,平台外卖,已完成,2025-10-22 11:01:57,2025-10-22 11:01:57,2025-10-22 11:01:57,饿了么支付-在线支付,,即时单,2025-10-22 11:01:57,12.17,自动出餐,1,否,圣BBQ烤鸡肉手握披萨+冰凉粉+上楼-单点-高校配（14.61*1）,烤奥尔良鸡肉手握披萨+冰凉粉,,,,非会员,23,,,依据餐量提供餐具；手机尾号：5512；送上楼,,14.61,9.60,1.40,0.00,0,0,0.00,0.00,,【活动支出】拼团正招玩法:1.40元,-,-,-,0.00,温州区域,温州直营,,,否,-,平台配送
圣比萨（温大C区店）,SBS00031,温州,"8069110254789386702	",饿了么,平台外卖,已完成,2025-10-22 11:02:01,2025-10-22 11:02:01,2025-10-22 11:02:01,饿了么支付-在线支付,,即时单,2025-10-22 11:02:01,12.23,自动出餐,1,否,圣BBQ烤鸡肉手握披萨+冰凉粉+上楼-单点-高校配（14.61*1）,烤奥尔良鸡肉手握披萨+冰凉粉,,,,非会员,24,,,依据餐量提供餐具；手机尾号：2836；送上楼,,14.61,9.60,1.40,0.00,0,0,0.00,0.00,,【活动支出】拼团正招玩法:1.40元,-,-,-,0.00,温州区域,温州直营,,,否,-,平台配送
圣比萨（温大C区店）,SBS00031,温州,"8006556088775123250	",饿了么,平台外卖,已完成,2025-10-22 11:02:12,2025-10-22 11:02:12,2025-10-22 11:02:12,饿了么支付-在线支付,,即时单,2025-10-22 11:02:12,12.13,自动出餐,1,否,"【随心拼】双拼手握披萨[烤奥尔良鸡肉+夏威夷风情]（38.00*1）,送餐上楼【下午1-4点晚上7点之后放外卖柜】（0.00*1）,餐盒（1.00*1）",双拼手握披萨【烤奥尔良鸡肉】+双拼手握披萨【夏威夷风情】+送餐上楼,,,,非会员,25,,,1份餐具；手机尾号：6558；聚合送,,38.00,12.93,22.10,0.00,0,0,0.77,0.00,1.60,【活动支出】单品特价:13.10元+【活动支出】 商家自营销加码:2.00元+【活动支出】精准营销:2.00元+【活动支出】饿了么红包:5.00元+【活动支出】替用户承担配送费:1.6元,-,-,-,1.00,温州区域,温州直营,,,否,-,平台配送
圣比萨（温大C区店）,SBS00031,温州,"8002080254978832728	",饿了么,平台外卖,已完成,2025-10-22 11:10:24,2025-10-22 11:10:24,2025-10-22 11:10:24,饿了么支付-在线支付,,即时单,2025-10-22 11:10:24,12.15,自动出餐,1,否,圣BBQ烤鸡肉手握披萨+冰凉粉+上楼-单点-高校配（14.61*1）,烤奥尔良鸡肉手握披萨+冰凉粉,,,,非会员,26,,,依据餐量提供餐具；手机尾号：3655；送上楼,,14.61,9.60,1.40,0.00,0,0,0.00,0.00,,【活动支出】拼团正招玩法:1.40元,-,-,-,0.00,温州区域,温州直营,,,否,-,平台配送
圣比萨（温大C区店）,SBS00031,温州,"8066546088782099945	",饿了么,平台外卖,已完成,2025-10-22 11:10:31,2025-10-22 11:10:31,2025-10-22 11:10:32,饿了么支付-在线支付,,即时单,2025-10-22 11:10:31,12.03,自动出餐,1,否,蛋挞2个-单点（8.51*1）,蛋挞,,,,非会员,27,,,依据餐量提供餐具；手机尾号：8511；聚合送,,8.51,4.90,0.00,0.00,0,0,0.00,0.00,,【活动支出】拼团反圈活动:0.00元,-,-,-,0.00,温州区域,温州直营,,,否,-,平台配送
圣比萨（温大C区店）,SBS00031,温州,"8019536088788699508	",饿了么,平台外卖,已完成,2025-10-22 11:11:44,2025-10-22 11:11:44,2025-10-22 11:11:44,饿了么支付-在线支付,,即时单,2025-10-22 11:11:44,12.22,自动出餐,1,否,"【随心拼】双拼手握披萨[老酸奶水果+日系照烧鸡]（38.00*1）,外卖柜取餐【有短信或者电话通知】（0.00*1）,葡式蛋挞1个（4.00*1）,餐盒（1.50*1）",双拼手握披萨【老酸奶水果】+双拼手握披萨【日系照烧鸡】+楼下自取+蛋挞1个,,,,非会员,28,,,1份餐具；手机尾号：1296；送上楼,,42.00,16.16,23.20,0.00,0,0,0.94,0.00,1.60,【活动支出】单品特价:13.10元+【活动支出】单品特价:3.10元+【活动支出】 商家自营销加码:2.00元+【活动支出】饿了么红包:5.00元+【活动支出】替用户承担配送费:1.6元,-,-,-,1.50,温州区域,温州直营,,,否,-,平台配送
圣比萨（温大C区店）,SBS00031,温州,"8009400254806650120	",饿了么,平台外卖,已完成,2025-10-22 11:12:47,2025-10-22 11:12:47,2025-10-22 11:12:47,饿了么支付-在线支付,,即时单,2025-10-22 11:12:47,12.12,自动出餐,1,否,"外卖柜取餐【有短信或者电话通知】（0.00*1）,#点击右上角收藏❤0.01多加5g芝士(只能加披萨里)（5.00*1）,海陆披萨-7英寸[{""name"":""规格"",""value"":""7英寸""}]（45.00*1）,餐盒（1.00*1）",楼下自取+芝士5克+海陆双臻披萨,,,,非会员,29,,,依据餐量提供餐具；手机尾号：2771；送上楼,,50.00,19.68,27.00,0.00,0,0,1.12,0.00,1.60,【活动支出】单品特价:4.90元+【活动支出】单品特价:15.10元+【活动支出】饿了么红包:7.00元+【活动支出】替用户承担配送费:1.6元,-,-,-,1.00,温州区域,温州直营,,,否,-,平台配送
圣比萨（温大C区店）,SBS00031,温州,"8086020254904287644	",饿了么,平台外卖,已完成,2025-10-22 11:28:53,2025-10-22 11:28:53,2025-10-22 11:28:53,饿了么支付-在线支付,,即时单,2025-10-22 11:28:53,12.02,自动出餐,1,否,"圣BBQ烤鸡肉手握披萨+冰凉粉+上楼-单点-高校配[{""name"":""规格"",""value"":""单点-高校配""}]（14.61*1）",烤奥尔良鸡肉手握披萨+冰凉粉,,,,非会员,31,,,依据餐量提供；手机尾号：7874；送上楼 需要一起打包,,14.61,9.60,1.40,0.00,0,0,0.00,0.00,,【活动支出】拼团正招玩法:1.40元,-,-,-,0.00,温州区域,温州直营,,,否,-,平台配送
圣比萨（温大C区店）,SBS00031,温州,"8086020254904287643	",饿了么,平台外卖,已完成,2025-10-22 11:28:53,2025-10-22 11:28:53,2025-10-22 11:28:54,饿了么支付-在线支付,,即时单,2025-10-22 11:28:53,12.15,自动出餐,1,否,"奥尔良烤翅-单点[{""name"":""规格"",""value"":""单点""}]（10.51*1）",奥尔良烤翅,,,,非会员,30,,,依据餐量提供；手机尾号：7874；送上楼 需要一起打包,,10.51,6.90,0.00,0.00,0,0,0.00,0.00,,【活动支出】拼团反圈活动:0.00元,-,-,-,0.00,温州区域,温州直营,,,否,-,平台配送
圣比萨（温大C区店）,SBS00031,温州,"8086020254904287645	",饿了么,平台外卖,已完成,2025-10-22 11:28:53,2025-10-22 11:28:53,2025-10-22 11:28:54,饿了么支付-在线支付,,即时单,2025-10-22 11:28:53,12.23,自动出餐,1,否,"蛋挞2个-单点[{""name"":""规格"",""value"":""单点""}]（8.51*1）",蛋挞,,,,非会员,32,,,依据餐量提供；手机尾号：7874；送上楼 需要一起打包,,8.51,4.90,0.00,0.00,0,0,0.00,0.00,,【活动支出】拼团反圈活动:0.00元,-,-,-,0.00,温州区域,温州直营,,,否,-,平台配送
圣比萨（温大C区店）,SBS00031,温州,"8005636088795210227	",饿了么,平台外卖,已完成,2025-10-22 11:35:05,2025-10-22 11:35:05,2025-10-22 11:35:05,饿了么支付-在线支付,,即时单,2025-10-22 11:35:05,12.10,自动出餐,1,否,圣BBQ烤鸡肉手握披萨+冰凉粉+上楼-单点-高校配（14.61*1）,烤奥尔良鸡肉手握披萨+冰凉粉,,,,非会员,33,,,依据餐量提供餐具；手机尾号：7750；送上楼,,14.61,9.60,1.40,0.00,0,0,0.00,0.00,,【活动支出】拼团正招玩法:1.40元,-,-,-,0.00,温州区域,温州直营,,,否,-,平台配送
圣比萨（温大C区店）,SBS00031,温州,"8056440254928627145	",饿了么,平台外卖,已完成,2025-10-22 11:35:52,2025-10-22 11:35:52,2025-10-22 11:35:53,饿了么支付-在线支付,,即时单,2025-10-22 11:35:52,12.05,自动出餐,1,否,蛋挞2个-单点（8.51*1）,蛋挞,,,,非会员,35,,,依据餐量提供；手机尾号：6770；聚合送,,8.51,4.90,0.00,0.00,0,0,0.00,0.00,,【活动支出】拼团反圈活动:0.00元,-,-,-,0.00,温州区域,温州直营,,,否,-,平台配送
圣比萨（温大C区店）,SBS00031,温州,"8056440254928627146	",饿了么,平台外卖,已完成,2025-10-22 11:35:52,2025-10-22 11:35:52,2025-10-22 11:35:53,饿了么支付-在线支付,,即时单,2025-10-22 11:35:52,12.05,自动出餐,1,否,蛋挞2个-单点（8.51*1）,蛋挞,,,,非会员,34,,,依据餐量提供；手机尾号：6770；聚合送,,8.51,4.90,0.00,0.00,0,0,0.00,0.00,,【活动支出】拼团反圈活动:0.00元,-,-,-,0.00,温州区域,温州直营,,,否,-,平台配送
圣比萨（温大C区店）,SBS00031,温州,"8018526088842741029	",饿了么,平台外卖,已完成,2025-10-22 11:46:33,2025-10-22 11:46:33,2025-10-22 11:46:34,饿了么支付-在线支付,,即时单,2025-10-22 11:46:33,12.18,自动出餐,1,否,圣BBQ烤鸡肉手握披萨+冰凉粉+上楼-单点-高校配（14.61*1）,烤奥尔良鸡肉手握披萨+冰凉粉,,,,非会员,36,,,依据餐量提供餐具；手机尾号：7216；送上楼,,14.61,9.60,1.40,0.00,0,0,0.00,0.00,,【活动支出】拼团正招玩法:1.40元,-,-,-,0.00,温州区域,温州直营,,,否,-,平台配送
圣比萨（温大C区店）,SBS00031,温州,"8013846088801799442	",饿了么,平台外卖,已完成,2025-10-22 11:55:52,2025-10-22 11:55:52,2025-10-22 11:55:52,饿了么支付-在线支付,,即时单,2025-10-22 11:55:52,12.10,自动出餐,1,否,蛋挞2个-单点（8.51*1）,蛋挞,,,,非会员,37,,,依据餐量提供餐具；手机尾号：7709；送上楼,,8.51,4.90,0.00,0.00,0,0,0.00,0.00,,【活动支出】拼团反圈活动:0.00元,-,-,-,0.00,温州区域,温州直营,,,否,-,平台配送
圣比萨（温大C区店）,SBS00031,温州,"8020626088833913120	",饿了么,平台外卖,已退款,2025-10-22 11:58:51,2025-10-22 11:58:51,2025-10-22 11:58:51,饿了么支付-在线支付,,即时单,2025-10-22 11:58:51,,未出餐,1,否,"送餐上楼【下午1-4点晚上7点之后放外卖柜】（0.00*1）,烤奥尔良鸡肉手握披萨（32.00*1）,餐盒（1.00*1）",送餐上楼+烤奥尔良鸡肉手握披萨,,,,非会员,38,,,依据餐量提供餐具；手机尾号：7513；送上楼,"餐厅同意取消单 ",32.00,-3.92,17.10,15.90,0,0,0.72,0.00,1.60,【活动支出】单品特价:10.10元+【活动支出】饿了么红包:7.00元+【活动支出】替用户承担配送费:1.6元,-,-,-,1.00,温州区域,温州直营,,,否,-,平台配送
圣比萨（温大C区店）,SBS00031,温州,"8074926088812157268	",饿了么,平台外卖,已完成,2025-10-22 12:13:54,2025-10-22 12:13:54,2025-10-22 12:13:54,饿了么支付-在线支付,,即时单,2025-10-22 12:13:54,12.23,自动出餐,1,否,蛋挞2个-单点（8.51*1）,蛋挞,,,,非会员,39,,,依据餐量提供餐具；手机尾号：0768；聚合送,,8.51,4.90,0.00,0.00,0,0,0.00,0.00,,【活动支出】拼团反圈活动:0.00元,-,-,-,0.00,温州区域,温州直营,,,否,-,平台配送
圣比萨（温大C区店）,SBS00031,温州,"8079360254857347354	",饿了么,平台外卖,已完成,2025-10-22 12:22:48,2025-10-22 12:22:48,2025-10-22 12:22:49,饿了么支付-在线支付,,即时单,2025-10-22 12:22:48,12.22,自动出餐,1,否,圣BBQ烤鸡肉手握披萨+冰凉粉+上楼-单点-高校配（14.61*1）,烤奥尔良鸡肉手握披萨+冰凉粉,,,,非会员,40,,,依据餐量提供餐具；手机尾号：5654；送上楼,,14.61,9.60,1.40,0.00,0,0,0.00,0.00,,【活动支出】拼团正招玩法:1.40元,-,-,-,0.00,温州区域,温州直营,,,否,-,平台配送
圣比萨（温大C区店）,SBS00031,温州,"8008726088822780212	",饿了么,平台外卖,已完成,2025-10-22 12:34:10,2025-10-22 12:34:10,2025-10-22 12:34:10,饿了么支付-在线支付,,预约单,2025-10-22 16:50:00,210.93,自动出餐,1,否,"番茄牛肉意面（25.00*1）,送餐上楼【下午1-4点晚上7点之后放外卖柜】（0.00*1）,餐盒（2.00*1）",番茄牛肉意面+送餐上楼,,,,非会员,41,,,依据餐量提供餐具；手机尾号：5491；送上楼,,25.00,10.08,13.10,0.00,0,0,0.62,0.00,1.60,【活动支出】单品特价:6.10元+【活动支出】 商家自营销加码:2.00元+【活动支出】CPS商户叠加券:0.00元+【活动支出】饿了么红包:5.00元+【活动支出】替用户承担配送费:1.6元,-,-,-,2.00,温州区域,温州直营,,,否,-,平台配送
圣比萨（温大C区店）,SBS00031,温州,"8026010255004321204	",饿了么,平台外卖,已完成,2025-10-22 15:09:05,2025-10-22 15:09:05,2025-10-22 15:09:05,饿了么支付-在线支付,,即时单,2025-10-22 15:09:05,10.15,自动出餐,1,否,圣BBQ烤鸡肉手握披萨+冰凉粉+上楼-单点-高校配（14.61*1）,烤奥尔良鸡肉手握披萨+冰凉粉,,,,非会员,42,,,依据餐量提供餐具；手机尾号：1050；送上楼,,14.61,9.60,1.40,0.00,0,0,0.00,0.00,,【活动支出】拼团正招玩法:1.40元,-,-,-,0.00,温州区域,温州直营,,,否,-,平台配送
圣比萨（温大C区店）,SBS00031,温州,"8086330255023769035	",饿了么,平台外卖,已完成,2025-10-22 15:10:50,2025-10-22 15:10:50,2025-10-22 15:10:51,饿了么支付-在线支付,,即时单,2025-10-22 15:10:50,10.18,自动出餐,1,否,"蛋挞2个-单点[{""name"":""规格"",""value"":""单点""}]（8.51*1）",蛋挞,,,,非会员,44,,,无需餐具；手机尾号：0912；送上楼,,8.51,4.90,0.00,0.00,0,0,0.00,0.00,,【活动支出】拼团反圈活动:0.00元,-,-,-,0.00,温州区域,温州直营,,,否,-,平台配送
圣比萨（温大C区店）,SBS00031,温州,"8086330255023769034	",饿了么,平台外卖,已完成,2025-10-22 15:10:50,2025-10-22 15:10:50,2025-10-22 15:10:51,饿了么支付-在线支付,,即时单,2025-10-22 15:10:50,10.22,自动出餐,1,否,"圣BBQ烤鸡肉手握披萨+冰凉粉+上楼-单点-高校配[{""name"":""规格"",""value"":""单点-高校配""}]（14.61*1）",烤奥尔良鸡肉手握披萨+冰凉粉,,,,非会员,43,,,无需餐具；手机尾号：0912；送上楼,,14.61,9.60,1.40,0.00,0,0,0.00,0.00,,【活动支出】拼团正招玩法:1.40元,-,-,-,0.00,温州区域,温州直营,,,否,-,平台配送
圣比萨（温大C区店）,SBS00031,温州,"8017490255012651414	",饿了么,平台外卖,已完成,2025-10-22 15:26:37,2025-10-22 15:26:37,2025-10-22 15:26:37,饿了么支付-在线支付,,即时单,2025-10-22 15:26:37,10.07,自动出餐,1,否,圣BBQ烤鸡肉手握披萨+冰凉粉+上楼-单点-高校配（14.61*1）,烤奥尔良鸡肉手握披萨+冰凉粉,,,,非会员,45,,,2份餐具；手机尾号：5295；送上楼,,14.61,9.60,1.40,0.00,0,0,0.00,0.00,,【活动支出】拼团正招玩法:1.40元,-,-,-,0.00,温州区域,温州直营,,,否,-,平台配送
圣比萨（温大C区店）,SBS00031,温州,"8065886088900545886	",饿了么,平台外卖,已完成,2025-10-22 15:26:40,2025-10-22 15:26:40,2025-10-22 15:26:40,饿了么支付-在线支付,,即时单,2025-10-22 15:26:40,10.13,自动出餐,1,否,圣BBQ烤鸡肉手握披萨+冰凉粉+上楼-单点-高校配（14.61*1）,烤奥尔良鸡肉手握披萨+冰凉粉,,,,非会员,46,,,依据餐量提供餐具；手机尾号：1550；送上楼,,14.61,9.60,1.40,0.00,0,0,0.00,0.00,,【活动支出】拼团正招玩法:1.40元,-,-,-,0.00,温州区域,温州直营,,,否,-,平台配送
圣比萨（温大C区店）,SBS00031,温州,"8090686088943761861	",饿了么,平台外卖,已完成,2025-10-22 15:44:24,2025-10-22 15:44:24,2025-10-22 15:44:24,饿了么支付-在线支付,,即时单,2025-10-22 15:44:24,10.02,自动出餐,1,否,圣BBQ烤鸡肉手握披萨+冰凉粉+上楼-单点-高校配（14.61*1）,烤奥尔良鸡肉手握披萨+冰凉粉,,,,非会员,47,,,依据餐量提供餐具；手机尾号：9261；送上楼,,14.61,9.60,1.40,0.00,0,0,0.00,0.00,,【活动支出】拼团正招玩法:1.40元,-,-,-,0.00,温州区域,温州直营,,,否,-,平台配送
圣比萨（温大C区店）,SBS00031,温州,"8015090255020308826	",饿了么,平台外卖,已完成,2025-10-22 15:53:11,2025-10-22 15:53:11,2025-10-22 15:53:12,饿了么支付-在线支付,,即时单,2025-10-22 15:53:11,10.07,自动出餐,1,否,"外卖柜取餐【有短信或者电话通知】（0.00*1）,#点击右上角收藏❤0.01多加5g芝士(只能加披萨里)（5.00*1）,芝士焗红薯泥（15.00*1）,DIY单人套餐（主食小吃饮品自选）（48.00*1）,餐盒（3.00*1）",楼下自取+芝士5克+芝士焗红薯泥+小雪碧+盐酥鸡粒+烤奥尔良鸡肉手握披萨,,,,非会员,48,,,依据餐量提供餐具；手机尾号：9682；送上楼,,68.00,26.23,40.10,0.00,0,0,1.47,0.00,1.60,【活动支出】店铺满减:1.00元+【活动支出】单品特价:4.90元+【活动支出】单品特价:5.10元+【活动支出】单品特价:20.10元+【活动支出】饿了么红包:7.00元+【活动支出】粉丝群:2.00元+【活动支出】替用户承担配送费:1.6元,-,-,-,3.00,温州区域,温州直营,,,否,-,平台配送
圣比萨（温大C区店）,SBS00031,温州,"8085360255114923435	",饿了么,平台外卖,已完成,2025-10-22 15:53:57,2025-10-22 15:53:57,2025-10-22 15:53:58,饿了么支付-在线支付,,即时单,2025-10-22 15:53:57,10.10,自动出餐,1,否,圣BBQ烤鸡肉手握披萨+冰凉粉+上楼-单点-高校配（14.61*1）,烤奥尔良鸡肉手握披萨+冰凉粉,,,,非会员,49,,,依据餐量提供餐具；手机尾号：7316；送上楼,,14.61,9.60,1.40,0.00,0,0,0.00,0.00,,【活动支出】拼团正招玩法:1.40元,-,-,-,0.00,温州区域,温州直营,,,否,-,平台配送
圣比萨（温大C区店）,SBS00031,温州,"8071370255113242088	",饿了么,平台外卖,已完成,2025-10-22 15:53:58,2025-10-22 15:53:58,2025-10-22 15:53:58,饿了么支付-在线支付,,即时单,2025-10-22 15:53:58,10.13,自动出餐,1,否,圣BBQ烤鸡肉手握披萨+冰凉粉+上楼-单点-高校配（14.61*1）,烤奥尔良鸡肉手握披萨+冰凉粉,,,,非会员,50,,,依据餐量提供餐具；手机尾号：0322；送上楼,,14.61,9.60,1.40,0.00,0,0,0.00,0.00,,【活动支出】拼团正招玩法:1.40元,-,-,-,0.00,温州区域,温州直营,,,否,-,平台配送
圣比萨（温大C区店）,SBS00031,温州,"8026080254934988062	",饿了么,平台外卖,已完成,2025-10-22 15:59:16,2025-10-22 15:59:16,2025-10-22 15:59:16,饿了么支付-在线支付,,即时单,2025-10-22 15:59:16,10.18,自动出餐,1,否,圣BBQ烤鸡肉手握披萨+冰凉粉+上楼-单点-高校配（14.61*1）,烤奥尔良鸡肉手握披萨+冰凉粉,,,,非会员,51,,,1份餐具；手机尾号：6101；送上楼,,14.61,9.60,1.40,0.00,0,0,0.00,0.00,,【活动支出】拼团正招玩法:1.40元,-,-,-,0.00,温州区域,温州直营,,,否,-,平台配送
圣比萨（温大C区店）,SBS00031,温州,"8075080255119706542	",饿了么,平台外卖,已完成,2025-10-22 16:10:18,2025-10-22 16:10:18,2025-10-22 16:10:18,饿了么支付-在线支付,,即时单,2025-10-22 16:10:18,10.17,自动出餐,1,否,圣BBQ烤鸡肉手握披萨+冰凉粉+上楼-单点-高校配（14.61*1）,烤奥尔良鸡肉手握披萨+冰凉粉,,,,非会员,52,,,依据餐量提供餐具；手机尾号：9119；送上楼,,14.61,9.60,1.40,0.00,0,0,0.00,0.00,,【活动支出】拼团正招玩法:1.40元,-,-,-,0.00,温州区域,温州直营,,,否,-,平台配送
圣比萨（温大C区店）,SBS00031,温州,"8066586088911495522	",饿了么,平台外卖,已完成,2025-10-22 16:10:19,2025-10-22 16:10:19,2025-10-22 16:10:20,饿了么支付-在线支付,,即时单,2025-10-22 16:10:19,10.12,自动出餐,1,否,圣BBQ烤鸡肉手握披萨+冰凉粉+上楼-单点-高校配（14.61*1）,烤奥尔良鸡肉手握披萨+冰凉粉,,,,非会员,53,,,依据餐量提供餐具；手机尾号：0756；送上楼,,14.61,9.60,1.40,0.00,0,0,0.00,0.00,,【活动支出】拼团正招玩法:1.40元,-,-,-,0.00,温州区域,温州直营,,,否,-,平台配送
圣比萨（温大C区店）,SBS00031,温州,"8003280255033764324	",饿了么,平台外卖,已完成,2025-10-22 16:13:36,2025-10-22 16:13:36,2025-10-22 16:13:37,饿了么支付-在线支付,,即时单,2025-10-22 16:13:36,10.13,自动出餐,1,否,圣BBQ烤鸡肉手握披萨+冰凉粉+上楼-单点-高校配（14.61*1）,烤奥尔良鸡肉手握披萨+冰凉粉,,,,非会员,54,,,依据餐量提供餐具；手机尾号：2142；聚合送,,14.61,9.60,1.40,0.00,0,0,0.00,0.00,,【活动支出】拼团正招玩法:1.40元,-,-,-,0.00,温州区域,温州直营,,,否,-,平台配送
圣比萨（温大C区店）,SBS00031,温州,"8014180255041105308	",饿了么,平台外卖,已完成,2025-10-22 16:14:10,2025-10-22 16:14:10,2025-10-22 16:14:11,饿了么支付-在线支付,,即时单,2025-10-22 16:14:10,10.20,自动出餐,1,否,"送餐上楼【下午1-4点晚上7点之后放外卖柜】（0.00*1）,烤奥尔良鸡肉手握披萨（32.00*1）,餐盒（1.00*1）",送餐上楼+烤奥尔良鸡肉手握披萨,,,,非会员,55,,,依据餐量提供餐具；手机尾号：6796；送上楼,,32.00,11.98,17.10,0.00,0,0,0.72,0.00,1.60,【活动支出】单品特价:10.10元+【活动支出】饿了么红包:5.00元+【活动支出】 商家自营销加码:2.00元+【活动支出】替用户承担配送费:1.6元,-,-,-,1.00,温州区域,温州直营,,,否,-,平台配送
圣比萨（温大C区店）,SBS00031,温州,"8074526088953317875	",饿了么,平台外卖,已完成,2025-10-22 16:17:30,2025-10-22 16:17:30,2025-10-22 16:17:30,饿了么支付-在线支付,,即时单,2025-10-22 16:17:30,10.12,自动出餐,1,否,蛋挞2个-单点（8.51*1）,蛋挞,,,,非会员,56,,,依据餐量提供餐具；手机尾号：5044；送上楼,,8.51,4.90,0.00,0.00,0,0,0.00,0.00,,【活动支出】拼团反圈活动:0.00元,-,-,-,0.00,温州区域,温州直营,,,否,-,平台配送
圣比萨（温大C区店）,SBS00031,温州,"8074526088902989088	",饿了么,平台外卖,已完成,2025-10-22 16:17:32,2025-10-22 16:17:32,2025-10-22 16:17:32,饿了么支付-在线支付,,即时单,2025-10-22 16:17:32,10.23,自动出餐,1,否,圣BBQ烤鸡肉手握披萨+冰凉粉+上楼-单点-高校配（14.61*1）,烤奥尔良鸡肉手握披萨+冰凉粉,,,,非会员,57,,,依据餐量提供餐具；手机尾号：5044；送上楼,,14.61,9.60,1.40,0.00,0,0,0.00,0.00,,【活动支出】拼团正招玩法:1.40元,-,-,-,0.00,温州区域,温州直营,,,否,-,平台配送
圣比萨（温大C区店）,SBS00031,温州,"8020676088930747817	",饿了么,平台外卖,已完成,2025-10-22 16:22:20,2025-10-22 16:22:20,2025-10-22 16:22:20,饿了么支付-在线支付,,即时单,2025-10-22 16:22:20,10.03,自动出餐,1,否,圣BBQ烤鸡肉手握披萨+冰凉粉+上楼-单点-高校配（14.61*1）,烤奥尔良鸡肉手握披萨+冰凉粉,,,,非会员,58,,,依据餐量提供餐具；手机尾号：2860；送上楼,,14.61,9.60,1.40,0.00,0,0,0.00,0.00,,【活动支出】拼团正招玩法:1.40元,-,-,-,0.00,温州区域,温州直营,,,否,-,平台配送
圣比萨（温大C区店）,SBS00031,温州,"8022250255027124671	",饿了么,平台外卖,已完成,2025-10-22 16:22:21,2025-10-22 16:22:21,2025-10-22 16:22:21,饿了么支付-在线支付,,即时单,2025-10-22 16:22:21,10.18,自动出餐,1,否,圣BBQ烤鸡肉手握披萨+冰凉粉+上楼-单点-高校配（14.61*1）,烤奥尔良鸡肉手握披萨+冰凉粉,,,,非会员,59,,,依据餐量提供餐具；手机尾号：4273；送上楼,,14.61,9.60,1.40,0.00,0,0,0.00,0.00,,【活动支出】拼团正招玩法:1.40元,-,-,-,0.00,温州区域,温州直营,,,否,-,平台配送
圣比萨（温大C区店）,SBS00031,温州,"8054450255022713186	",饿了么,平台外卖,已完成,2025-10-22 16:22:26,2025-10-22 16:22:26,2025-10-22 16:22:26,饿了么支付-在线支付,,即时单,2025-10-22 16:22:26,10.20,自动出餐,1,否,圣BBQ烤鸡肉手握披萨+冰凉粉+上楼-单点-高校配（14.61*1）,烤奥尔良鸡肉手握披萨+冰凉粉,,,,非会员,60,,,依据餐量提供餐具；手机尾号：9937；送上楼,,14.61,9.60,1.40,0.00,0,0,0.00,0.00,,【活动支出】拼团正招玩法:1.40元,-,-,-,0.00,温州区域,温州直营,,,否,-,平台配送
圣比萨（温大C区店）,SBS00031,温州,"8074526088919542069	",饿了么,平台外卖,已完成,2025-10-22 16:22:43,2025-10-22 16:22:43,2025-10-22 16:22:43,饿了么支付-在线支付,,即时单,2025-10-22 16:22:43,10.13,自动出餐,1,否,奥尔良烤翅-单点（10.51*1）,奥尔良烤翅,,,,非会员,61,,,依据餐量提供餐具；手机尾号：5044；送上楼,,10.51,6.90,0.00,0.00,0,0,0.00,0.00,,【活动支出】拼团反圈活动:0.00元,-,-,-,0.00,温州区域,温州直营,,,否,-,平台配送
圣比萨（温大C区店）,SBS00031,温州,"8038686088957431157	",饿了么,平台外卖,已完成,2025-10-22 16:24:10,2025-10-22 16:24:10,2025-10-22 16:24:10,饿了么支付-在线支付,,即时单,2025-10-22 16:24:10,10.15,自动出餐,1,否,圣BBQ烤鸡肉手握披萨+冰凉粉+上楼-单点-高校配（14.61*1）,烤奥尔良鸡肉手握披萨+冰凉粉,,,,非会员,62,,,依据餐量提供餐具；手机尾号：1366；送上楼,,14.61,9.60,1.40,0.00,0,0,0.00,0.00,,【活动支出】拼团正招玩法:1.40元,-,-,-,0.00,温州区域,温州直营,,,否,-,平台配送
圣比萨（温大C区店）,SBS00031,温州,"8035340255125989634	",饿了么,平台外卖,已完成,2025-10-22 16:24:13,2025-10-22 16:24:13,2025-10-22 16:24:13,饿了么支付-在线支付,,即时单,2025-10-22 16:24:13,10.02,自动出餐,1,否,圣BBQ烤鸡肉手握披萨+冰凉粉+上楼-单点-高校配（14.61*1）,烤奥尔良鸡肉手握披萨+冰凉粉,,,,非会员,63,,,依据餐量提供餐具；手机尾号：5681；送上楼,,14.61,9.60,1.40,0.00,0,0,0.00,0.00,,【活动支出】拼团正招玩法:1.40元,-,-,-,0.00,温州区域,温州直营,,,否,-,平台配送
圣比萨（温大C区店）,SBS00031,温州,"8078160254944975246	",饿了么,平台外卖,已完成,2025-10-22 16:25:45,2025-10-22 16:25:45,2025-10-22 16:25:45,饿了么支付-在线支付,,即时单,2025-10-22 16:25:45,10.03,自动出餐,1,否,圣BBQ烤鸡肉手握披萨+冰凉粉+上楼-单点-高校配（14.61*1）,烤奥尔良鸡肉手握披萨+冰凉粉,,,,非会员,64,,,1份餐具；手机尾号：6082；送上楼,,14.61,9.60,1.40,0.00,0,0,0.00,0.00,,【活动支出】拼团正招玩法:1.40元,-,-,-,0.00,温州区域,温州直营,,,否,-,平台配送
圣比萨（温大C区店）,SBS00031,温州,"8038686088957513139	",饿了么,平台外卖,已完成,2025-10-22 16:25:45,2025-10-22 16:25:45,2025-10-22 16:25:45,饿了么支付-在线支付,,即时单,2025-10-22 16:25:45,10.03,自动出餐,1,否,蛋挞2个-单点（8.51*1）,蛋挞,,,,非会员,65,,,依据餐量提供餐具；手机尾号：1366；送上楼,,8.51,4.90,0.00,0.00,0,0,0.00,0.00,,【活动支出】拼团反圈活动:0.00元,-,-,-,0.00,温州区域,温州直营,,,否,-,平台配送
圣比萨（温大C区店）,SBS00031,温州,"8051310254948769158	",饿了么,平台外卖,已完成,2025-10-22 16:26:57,2025-10-22 16:26:57,2025-10-22 16:26:57,饿了么支付-在线支付,,即时单,2025-10-22 16:26:57,10.18,自动出餐,1,否,"#点击右上角收藏❤0.01多加5g芝士(只能加披萨里)（5.00*1）,送餐上楼【下午1-4点晚上7点之后放外卖柜】（0.00*1）,照烧鸡肉单人餐（冰豆花自选)（60.00*1）,餐盒（1.00*1）",芝士5克+送餐上楼+加糖龙井冰豆花+照烧鸡肉手握披萨,,,,非会员,66,,,比萨可以换成老酸奶水果手握披萨吗，我看两个披萨价格一样 / 依据餐量提供餐具；手机尾号：7544；聚合送,,65.00,17.78,44.00,0.00,0,0,1.02,0.00,1.60,【活动支出】单品特价:4.90元+【活动支出】单品特价:32.10元+【活动支出】 商家自营销加码:2.00元+【活动支出】CPS商户叠加券:0.00元+【活动支出】饿了么红包:5.00元+【活动支出】淘金币:0.00元+【活动支出】替用户承担配送费:1.6元,-,-,-,1.00,温州区域,温州直营,,,否,-,平台配送
圣比萨（温大C区店）,SBS00031,温州,"8080260255028364567	",饿了么,平台外卖,已完成,2025-10-22 16:28:59,2025-10-22 16:28:59,2025-10-22 16:28:59,饿了么支付-在线支付,,即时单,2025-10-22 16:28:59,10.12,自动出餐,1,否,圣BBQ烤鸡肉手握披萨+冰凉粉+上楼-单点-高校配（14.61*1）,烤奥尔良鸡肉手握披萨+冰凉粉,,,,非会员,67,,,依据餐量提供餐具；手机尾号：0911；送上楼,,14.61,9.60,1.40,0.00,0,0,0.00,0.00,,【活动支出】拼团正招玩法:1.40元,-,-,-,0.00,温州区域,温州直营,,,否,-,平台配送
圣比萨（温大C区店）,SBS00031,温州,"8070260254948775236	",饿了么,平台外卖,已完成,2025-10-22 16:29:07,2025-10-22 16:29:07,2025-10-22 16:29:08,饿了么支付-在线支付,,即时单,2025-10-22 16:29:07,10.07,自动出餐,1,否,圣BBQ烤鸡肉手握披萨+冰凉粉+上楼-单点-高校配（14.61*1）,烤奥尔良鸡肉手握披萨+冰凉粉,,,,非会员,68,,,依据餐量提供餐具；手机尾号：3760；送上楼,,14.61,9.60,1.40,0.00,0,0,0.00,0.00,,【活动支出】拼团正招玩法:1.40元,-,-,-,0.00,温州区域,温州直营,,,否,-,平台配送
圣比萨（温大C区店）,SBS00031,温州,"8081746088956789163	",饿了么,平台外卖,已完成,2025-10-22 16:29:10,2025-10-22 16:29:10,2025-10-22 16:29:11,饿了么支付-在线支付,,即时单,2025-10-22 16:29:10,10.02,自动出餐,1,否,"送餐上楼【下午1-4点晚上7点之后放外卖柜】（0.00*1）,照烧鸡肉单人餐（冰豆花自选)（61.00*1）,餐盒（1.00*1）",送餐上楼+红豆龙井冰豆花+照烧鸡肉手握披萨,,,,非会员,69,,,依据餐量提供餐具；手机尾号：5669；送上楼,,61.00,18.63,39.10,0.00,0,0,1.07,0.00,1.60,【活动支出】单品特价:32.10元+【活动支出】饿了么红包:7.00元+【活动支出】替用户承担配送费:1.6元,-,-,-,1.00,温州区域,温州直营,,,否,-,平台配送
圣比萨（温大C区店）,SBS00031,温州,"8060470255046963553	",饿了么,平台外卖,已完成,2025-10-22 16:29:52,2025-10-22 16:29:52,2025-10-22 16:29:52,饿了么支付-在线支付,,即时单,2025-10-22 16:29:52,10.20,自动出餐,1,否,"#点击右上角收藏❤0.01多加5g芝士(只能加披萨里)（5.00*1）,夏威夷风情手握披萨（35.00*1）,送餐上楼【下午1-4点晚上7点之后放外卖柜】（0.00*1）,葡式蛋挞1个（4.00*1）,餐盒（1.50*1）",芝士5克+夏威夷风情手握披萨+送餐上楼+蛋挞1个,,,,非会员,70,,,依据餐量提供餐具；手机尾号：9703；送上楼,,44.00,13.41,28.10,0.00,0,0,0.79,0.00,1.60,【活动支出】单品特价:4.90元+【活动支出】单品特价:13.10元+【活动支出】单品特价:3.10元+【活动支出】饿了么红包:7.00元+【活动支出】替用户承担配送费:1.6元,-,-,-,1.50,温州区域,温州直营,,,否,-,平台配送
圣比萨（温大C区店）,SBS00031,温州,"8093270255128679725	",饿了么,平台外卖,已完成,2025-10-22 16:37:13,2025-10-22 16:37:13,2025-10-22 16:37:13,饿了么支付-在线支付,,即时单,2025-10-22 16:37:13,10.12,自动出餐,1,否,圣BBQ烤鸡肉手握披萨+冰凉粉+上楼-单点-高校配（14.61*1）,烤奥尔良鸡肉手握披萨+冰凉粉,,,,非会员,71,,,依据餐量提供餐具；手机尾号：0282；送上楼,,14.61,9.60,1.40,0.00,0,0,0.00,0.00,,【活动支出】拼团正招玩法:1.40元,-,-,-,0.00,温州区域,温州直营,,,否,-,平台配送
圣比萨（温大C区店）,SBS00031,温州,"8047380255032160686	",饿了么,平台外卖,已完成,2025-10-22 16:44:44,2025-10-22 16:44:44,2025-10-22 16:44:44,饿了么支付-在线支付,,即时单,2025-10-22 16:44:44,10.13,自动出餐,1,否,蛋挞2个-单点（8.51*1）,蛋挞,,,,非会员,72,,,依据餐量提供餐具；手机尾号：7467；送上楼,,8.51,4.90,0.00,0.00,0,0,0.00,0.00,,【活动支出】拼团反圈活动:0.00元,-,-,-,0.00,温州区域,温州直营,,,否,-,平台配送
圣比萨（温大C区店）,SBS00031,温州,"8027000255141503302	",饿了么,平台外卖,已完成,2025-10-22 16:46:49,2025-10-22 16:46:49,2025-10-22 16:46:50,饿了么支付-在线支付,,即时单,2025-10-22 16:46:49,10.08,自动出餐,1,否,"番茄牛肉意面-单点[{""name"":""规格"",""value"":""单点""}]（12.64*1）",番茄牛肉意面,,,,非会员,73,,,手机尾号：6731；送上楼,,12.64,9.03,0.00,0.00,0,0,0.00,0.00,,【活动支出】拼团反圈活动:0.00元,-,-,-,0.00,温州区域,温州直营,,,否,-,平台配送
圣比萨（温大C区店）,SBS00031,温州,"8027000255141503301	",饿了么,平台外卖,已完成,2025-10-22 16:46:49,2025-10-22 16:46:49,2025-10-22 16:46:50,饿了么支付-在线支付,,即时单,2025-10-22 16:46:49,10.13,自动出餐,1,否,"圣BBQ烤鸡肉手握披萨+冰凉粉+上楼-单点-高校配[{""name"":""规格"",""value"":""单点-高校配""}]（14.61*1）",烤奥尔良鸡肉手握披萨+冰凉粉,,,,非会员,74,,,手机尾号：6731；送上楼,,14.61,9.60,1.40,0.00,0,0,0.00,0.00,,【活动支出】拼团正招玩法:1.40元,-,-,-,0.00,温州区域,温州直营,,,否,-,平台配送
圣比萨（温大C区店）,SBS00031,温州,"8028070255034089794	",饿了么,平台外卖,已完成,2025-10-22 16:49:35,2025-10-22 16:49:35,2025-10-22 16:49:35,饿了么支付-在线支付,,即时单,2025-10-22 16:49:35,10.12,自动出餐,1,否,"送餐上楼【下午1-4点晚上7点之后放外卖柜】（0.00*1）,DIY单人套餐（主食小吃饮品自选）（48.00*1）,葡式蛋挞1个（4.00*1）,餐盒（1.50*1）",送餐上楼+小雪碧+上校鸡块+番茄牛肉意面+蛋挞1个,,,,非会员,75,,,依据餐量提供餐具；手机尾号：6181；送上楼,,52.00,20.91,28.20,0.00,0,0,1.19,0.00,1.60,【活动支出】单品特价:20.10元+【活动支出】单品特价:3.10元+【活动支出】超会爆红包省钱包:5.00元+【活动支出】替用户承担配送费:1.6元,-,-,-,1.50,温州区域,温州直营,,,否,-,平台配送
圣比萨（温大C区店）,SBS00031,温州,"8037916088965393872	",饿了么,平台外卖,已完成,2025-10-22 16:49:39,2025-10-22 16:49:39,2025-10-22 16:49:39,饿了么支付-在线支付,,即时单,2025-10-22 16:49:39,10.03,自动出餐,1,否,"送餐上楼【下午1-4点晚上7点之后放外卖柜】（0.00*1）,日系照烧鸡肉披萨-7英寸[{""name"":""规格"",""value"":""7英寸""}]（45.00*1）",送餐上楼+日系照烧鸡披萨,,,,非会员,76,,,依据餐量提供餐具；手机尾号：1256；送上楼,,45.00,12.93,28.10,0.00,0,0,0.77,0.00,1.60,【活动支出】单品特价:21.10元+【活动支出】饿了么红包:5.00元+【活动支出】 商家自营销加码:2.00元+【活动支出】CPS商户叠加券:0.00元+【活动支出】淘金币:0.00元+【活动支出】替用户承担配送费:1.6元,-,-,-,0.00,温州区域,温州直营,,,否,-,平台配送
圣比萨（温大C区店）,SBS00031,温州,"8049440255137238351	",饿了么,平台外卖,已完成,2025-10-22 16:53:47,2025-10-22 16:53:47,2025-10-22 16:53:47,饿了么支付-在线支付,,即时单,2025-10-22 16:53:47,10.00,自动出餐,1,否,"照烧鸡肉手握披萨（32.00*1）,送餐上楼【下午1-4点晚上7点之后放外卖柜】（0.00*1）,餐盒（1.00*1）",照烧鸡肉手握披萨+送餐上楼,,,,非会员,77,,,依据餐量提供餐具；手机尾号：5156；送上楼,,32.00,10.08,19.10,0.00,0,0,0.62,0.00,1.60,【活动支出】单品特价:10.10元+【活动支出】 商家自营销加码:2.00元+【活动支出】粉丝群:2.00元+【活动支出】饿了么红包:5.00元+【活动支出】替用户承担配送费:1.6元,-,-,-,1.00,温州区域,温州直营,,,否,-,平台配送
圣比萨（温大C区店）,SBS00031,温州,"8093370254961194345	",饿了么,平台外卖,已完成,2025-10-22 16:58:03,2025-10-22 16:58:03,2025-10-22 16:58:03,饿了么支付-在线支付,,即时单,2025-10-22 16:58:03,10.05,自动出餐,1,否,"番茄牛肉意面（25.00*1）,外卖柜取餐【有短信或者电话通知】（0.00*1）,餐盒（2.00*1）",番茄牛肉意面+楼下自取,,,,非会员,78,,,依据餐量提供餐具；手机尾号：6592；送上楼,,25.00,10.08,13.10,0.00,0,0,0.62,0.00,1.60,【活动支出】单品特价:6.10元+【活动支出】 商家自营销加码:2.00元+【活动支出】CPS商户叠加券:0.00元+【活动支出】饿了么红包:5.00元+【活动支出】替用户承担配送费:1.6元,-,-,-,2.00,温州区域,温州直营,,,否,-,平台配送
圣比萨（温大C区店）,SBS00031,温州,"8092876088934173117	",饿了么,平台外卖,已完成,2025-10-22 16:59:51,2025-10-22 16:59:51,2025-10-22 16:59:52,饿了么支付-在线支付,,即时单,2025-10-22 16:59:51,10.17,自动出餐,1,否,番茄牛肉意面-单点（12.64*1）,番茄牛肉意面,,,,非会员,79,,,依据餐量提供餐具；手机尾号：3910；送上楼,,12.64,9.03,0.00,0.00,0,0,0.00,0.00,,【活动支出】拼团反圈活动:0.00元,-,-,-,0.00,温州区域,温州直营,,,否,-,平台配送
圣比萨（温大C区店）,SBS00031,温州,"8050360255041516002	",饿了么,平台外卖,已完成,2025-10-22 17:00:23,2025-10-22 17:00:23,2025-10-22 17:00:23,饿了么支付-在线支付,,即时单,2025-10-22 17:00:23,10.05,自动出餐,1,否,"照烧鸡肉手握披萨（32.00*1）,送餐上楼【下午1-4点晚上7点之后放外卖柜】（0.00*1）,餐盒（1.00*1）",照烧鸡肉手握披萨+送餐上楼,,,,非会员,80,,,依据餐量提供餐具；手机尾号：3030；送上楼,,32.00,11.98,17.10,0.00,0,0,0.72,0.00,1.60,【活动支出】单品特价:10.10元+【活动支出】饿了么红包:7.00元+【活动支出】替用户承担配送费:1.6元,-,-,-,1.00,温州区域,温州直营,,,否,-,平台配送
圣比萨（温大C区店）,SBS00031,温州,"8071636088968254946	",饿了么,平台外卖,已完成,2025-10-22 17:02:54,2025-10-22 17:02:54,2025-10-22 17:02:54,饿了么支付-在线支付,,即时单,2025-10-22 17:02:54,10.10,自动出餐,1,否,"番茄牛肉意面（25.00*1）,送餐上楼【下午1-4点晚上7点之后放外卖柜】（0.00*1）,台式香烤地道肠（12.00*1）,餐盒（3.00*1）",番茄牛肉意面+送餐上楼+地道肠1根,,,,非会员,81,,,依据餐量提供餐具；手机尾号：5957；送上楼,,37.00,13.79,22.20,0.00,0,0,0.81,0.00,1.60,【活动支出】单品特价:6.10元+【活动支出】单品特价:7.10元+【活动支出】 商家自营销加码:2.00元+【活动支出】精准营销:2.00元+【活动支出】饿了么红包:5.00元+【活动支出】淘金币:0.00元+【活动支出】替用户承担配送费:1.6元,-,-,-,3.00,温州区域,温州直营,,,否,-,平台配送
圣比萨（温大C区店）,SBS00031,温州,"8000716088967894437	",饿了么,平台外卖,已完成,2025-10-22 17:06:41,2025-10-22 17:06:41,2025-10-22 17:06:41,饿了么支付-在线支付,,即时单,2025-10-22 17:06:41,10.08,自动出餐,1,否,圣BBQ烤鸡肉手握披萨+冰凉粉+上楼-单点-高校配（14.61*1）,烤奥尔良鸡肉手握披萨+冰凉粉,,,,非会员,82,,,依据餐量提供餐具；手机尾号：3310；送上楼,,14.61,9.60,1.40,0.00,0,0,0.00,0.00,,【活动支出】拼团正招玩法:1.40元,-,-,-,0.00,温州区域,温州直营,,,否,-,平台配送
圣比萨（温大C区店）,SBS00031,温州,"8052170254965365206	",饿了么,平台外卖,已完成,2025-10-22 17:12:47,2025-10-22 17:12:47,2025-10-22 17:12:48,饿了么支付-在线支付,,即时单,2025-10-22 17:12:47,10.02,自动出餐,1,否,圣BBQ烤鸡肉手握披萨+冰凉粉+上楼-单点-高校配（14.61*1）,烤奥尔良鸡肉手握披萨+冰凉粉,,,,非会员,83,,,依据餐量提供餐具；手机尾号：9531；送上楼,,14.61,9.60,1.40,0.00,0,0,0.00,0.00,,【活动支出】拼团正招玩法:1.40元,-,-,-,0.00,温州区域,温州直营,,,否,-,平台配送
圣比萨（温大C区店）,SBS00031,温州,"8004110255156707778	",饿了么,平台外卖,已完成,2025-10-22 17:26:30,2025-10-22 17:26:30,2025-10-22 17:26:30,饿了么支付-在线支付,,即时单,2025-10-22 17:26:30,10.15,自动出餐,1,否,圣BBQ烤鸡肉手握披萨+冰凉粉+上楼-单点-高校配（14.61*1）,烤奥尔良鸡肉手握披萨+冰凉粉,,,,非会员,84,,,依据餐量提供餐具；手机尾号：6529；聚合送,,14.61,9.60,1.40,0.00,0,0,0.00,0.00,,【活动支出】拼团正招玩法:1.40元,-,-,-,0.00,温州区域,温州直营,,,否,-,平台配送
圣比萨（温大C区店）,SBS00031,温州,"8077596088995834190	",饿了么,平台外卖,已完成,2025-10-22 17:44:28,2025-10-22 17:44:28,2025-10-22 17:44:28,饿了么支付-在线支付,,即时单,2025-10-22 17:44:28,12.15,自动出餐,1,否,"照烧鸡肉单人餐（冰豆花自选)（60.00*1）,送餐上楼【下午1-4点晚上7点之后放外卖柜】（0.00*1）,餐盒（1.00*1）",原味龙井冰豆花+照烧鸡肉手握披萨+送餐上楼,,,,非会员,85,,,依据餐量提供餐具；手机尾号：6533；送上楼,,60.00,17.68,39.10,0.00,0,0,1.02,0.00,1.60,【活动支出】单品特价:32.10元+【活动支出】饿了么红包:7.00元+【活动支出】替用户承担配送费:1.6元,-,-,-,1.00,温州区域,温州直营,,,否,-,平台配送
圣比萨（温大C区店）,SBS00031,温州,"8015616088965222895	",饿了么,平台外卖,已完成,2025-10-22 17:54:23,2025-10-22 17:54:23,2025-10-22 17:54:24,饿了么支付-在线支付,,即时单,2025-10-22 17:54:23,12.02,自动出餐,1,否,"送餐上楼【下午1-4点晚上7点之后放外卖柜】（0.00*1）,BBQ烤鸡肉单人餐（60.00*1）,餐盒（1.00*1）",送餐上楼+烤奥尔良鸡肉手握披萨+原味龙井冰豆花,,,,非会员,86,,,放门口就行，不用打电话，谢谢 / 依据餐量提供餐具；手机尾号：7459；送上楼,,60.00,18.63,38.10,0.00,0,0,1.07,0.00,1.60,【活动支出】单品特价:31.10元+【活动支出】饿了么红包:5.00元+【活动支出】 商家自营销加码:2.00元+【活动支出】替用户承担配送费:1.6元,-,-,-,1.00,温州区域,温州直营,,,否,-,平台配送
圣比萨（温大C区店）,SBS00031,温州,"8069536088977161705	",饿了么,平台外卖,已完成,2025-10-22 17:55:38,2025-10-22 17:55:38,2025-10-22 17:55:38,饿了么支付-在线支付,,即时单,2025-10-22 17:55:38,12.23,自动出餐,1,否,圣BBQ烤鸡肉手握披萨+冰凉粉+上楼-单点-高校配（14.61*1）,烤奥尔良鸡肉手握披萨+冰凉粉,,,,非会员,87,,,依据餐量提供餐具；手机尾号：2890；送上楼,,14.61,9.60,1.40,0.00,0,0,0.00,0.00,,【活动支出】拼团正招玩法:1.40元,-,-,-,0.00,温州区域,温州直营,,,否,-,平台配送
圣比萨（温大C区店）,SBS00031,温州,"8012350255182868940	",饿了么,平台外卖,已完成,2025-10-22 18:01:03,2025-10-22 18:01:03,2025-10-22 18:01:03,饿了么支付-在线支付,,即时单,2025-10-22 18:01:03,12.15,自动出餐,1,否,"照烧鸡肉手握披萨（32.00*1）,送餐上楼【下午1-4点晚上7点之后放外卖柜】（0.00*1）,上校鸡块3个（7.00*1）,餐盒（2.00*1）",照烧鸡肉手握披萨+送餐上楼+上校鸡块3个,,,,非会员,88,,,1份餐具；手机尾号：7506；送上楼,,39.00,16.92,19.90,0.00,0,0,0.98,0.00,1.60,【活动支出】单品特价:10.10元+【活动支出】单品特价:2.80元+【活动支出】饿了么红包:7.00元+【活动支出】替用户承担配送费:1.6元,-,-,-,2.00,温州区域,温州直营,,,否,-,平台配送
圣比萨（温大C区店）,SBS00031,温州,"8029440255195876665	",饿了么,平台外卖,已完成,2025-10-22 18:25:29,2025-10-22 18:25:29,2025-10-22 18:25:29,饿了么支付-在线支付,,即时单,2025-10-22 18:25:29,12.07,自动出餐,1,否,"外卖柜取餐【有短信或者电话通知】（0.00*1）,烤奥尔良鸡肉手握披萨（32.00*1）,餐盒（1.00*1）",楼下自取+烤奥尔良鸡肉手握披萨,,,,非会员,89,,,嘉禾公寓509 / 依据餐量提供餐具；手机尾号：6970；送上楼,,32.00,10.08,19.10,0.00,0,0,0.62,0.00,1.60,【活动支出】单品特价:10.10元+【活动支出】饿了么红包:5.00元+【活动支出】 商家自营销加码:2.00元+【活动支出】粉丝群:2.00元+【活动支出】替用户承担配送费:1.6元,-,-,-,1.00,温州区域,温州直营,,,否,-,平台配送
圣比萨（龙霞店）,SBS00007,温州,"8002636088674782576	",饿了么,平台外卖,已完成,2025-10-21 21:51:37,2025-10-21 21:51:37,2025-10-21 21:51:37,饿了么支付-在线支付,,预约单,2025-10-22 18:45:00,1208.57,自动出餐,1,否,"7英寸奥尔良烤鸡肉披萨[7英奥尔良烤鸡肉披萨]（58.00*1）,餐盒（2.00*1）",新奥尔良烤鸡肉披萨【7英寸(手拍)】,,,,非会员,1,,,1份餐具,,58.00,9.10,44.10,0.00,0,0,1.43,0.00,3.50,【活动支出】单品特价:37.10元+【活动支出】 商家自营销加码:2.00元+【活动支出】饿了么红包:5.00元+【活动支出】替用户承担配送费:3.5元,-,-,-,2.00,温州区域,温州直营,,,否,-,平台配送
圣比萨（龙霞店）,SBS00007,温州,"8033936088750808407	",饿了么,平台外卖,已完成,2025-10-22 10:20:34,2025-10-22 10:20:34,2025-10-22 10:20:34,饿了么支付-在线支付,,即时单,2025-10-22 10:20:34,10.00,自动出餐,1,否,"点击右上角❤️收藏得小吃[小薯饼一个]（2.00*1）,7英寸奥尔良烤鸡肉披萨[7英奥尔良烤鸡肉披萨]（58.00*1）,【福利优惠】蛋挞一个（原味）（10.00*1）,餐盒（3.00*1）",薯饼1个+新奥尔良烤鸡肉披萨【7英寸(手拍)】+蛋挞1个,,,,非会员,2,,,依据餐量提供餐具,,70.00,9.39,55.01,0.00,0,0,1.43,0.00,6.20,【活动支出】单品特价:1.90元+【活动支出】单品特价:37.10元+【活动支出】单品特价:9.01元+【活动支出】 商家自营销加码:2.00元+【活动支出】饿了么红包:5.00元+【活动支出】替用户承担配送费:6.0元,-,-,-,3.00,温州区域,温州直营,,,否,-,平台配送
圣比萨（龙霞店）,SBS00007,温州,"8005410254901503282	",饿了么,平台外卖,已完成,2025-10-22 11:08:00,2025-10-22 11:08:00,2025-10-22 11:08:00,饿了么支付-在线支付,,即时单,2025-10-22 11:08:00,12.02,自动出餐,1,否,"任选披萨8选1+小吃6选1+饮料[缤纷水果披萨7英寸+深海墨鱼丸3个+小芬达+常温]（58.00*1）,酸奶多多流心卷边（7英寸）（4.90*1）,餐盒（2.00*1）",缤纷水果披萨【7英寸(手拍)】+深海墨鱼丸3个+酸奶多多流心卷边7,,,,非会员,3,,,依据餐量提供餐具,,62.90,21.22,35.10,0.00,0,0,2.01,0.00,3.50,【活动支出】店铺满减:1.00元+【活动支出】单品特价:26.10元+【活动支出】饿了么红包:8.00元+【活动支出】替用户承担配送费:3.5元,-,-,-,2.00,温州区域,温州直营,,,否,-,平台配送
圣比萨（龙霞店）,SBS00007,温州,"8050370254815900121	",饿了么,平台外卖,已完成,2025-10-22 11:26:06,2025-10-22 11:26:06,2025-10-22 11:26:06,饿了么支付-在线支付,,即时单,2025-10-22 11:26:06,12.05,自动出餐,1,否,"经典薯条（18.00*1）,【真榴莲果肉】9英寸榴莲王披萨（92.00*1）,咸蛋黄风味流沙卷边（9英寸）（5.90*1）,餐盒（3.00*1）",经典薯条+榴莲王披萨9英寸+咸蛋黄流沙卷边9,,,,非会员,4,,,2份餐具,,115.90,36.30,70.20,0.00,0,0,3.43,0.00,3.50,【活动支出】店铺满减:6.00元+【活动支出】单品特价:9.10元+【活动支出】单品特价:46.10元+【活动支出】饿了么红包:9.00元+【活动支出】替用户承担配送费:3.5元,-,-,-,3.00,温州区域,温州直营,,,否,-,平台配送
圣比萨（龙霞店）,SBS00007,温州,"8030776088809353704	",饿了么,平台外卖,已完成,2025-10-22 11:47:43,2025-10-22 11:47:43,2025-10-22 11:47:43,饿了么支付-在线支付,,即时单,2025-10-22 11:47:43,12.08,自动出餐,1,否,"可乐[冷]（5.00*1）,【真榴莲果肉】7英寸榴莲王披萨（58.00*1）,餐盒（2.00*1）",可乐+榴莲王披萨7英寸,,,,非会员,5,,,依据餐量提供餐具,,63.00,22.24,34.10,0.00,0,0,2.09,0.00,3.50,【活动支出】店铺满减:1.00元+【活动支出】单品特价:24.10元+【活动支出】饿了么红包:9.00元+【活动支出】替用户承担配送费:3.5元,-,-,-,2.00,温州区域,温州直营,,,否,-,平台配送
圣比萨（龙霞店）,SBS00007,温州,"8007756088855222692	",饿了么,平台外卖,已完成,2025-10-22 12:38:31,2025-10-22 12:38:31,2025-10-22 12:38:31,饿了么支付-在线支付,,即时单,2025-10-22 12:38:31,12.12,自动出餐,1,否,"咸蛋黄风味流沙卷边（7英寸）（4.90*1）,7英寸奥尔良烤鸡肉披萨[7英奥尔良烤鸡肉披萨]（58.00*1）,餐盒（2.00*1）",咸蛋黄流沙卷边7+新奥尔良烤鸡肉披萨【7英寸(手拍)】,,,,非会员,6,,,1份餐具,,62.90,15.94,42.10,0.00,0,0,1.49,0.00,3.50,【活动支出】单品特价:37.10元+【活动支出】吃货豆兑换的商家券:5.00元+【活动支出】替用户承担配送费:3.5元,-,-,-,2.00,温州区域,温州直营,,,否,-,平台配送
圣比萨（龙霞店）,SBS00007,温州,"8075010254962647449	",饿了么,平台外卖,已完成,2025-10-22 12:53:44,2025-10-22 12:53:44,2025-10-22 12:53:44,饿了么支付-在线支付,,即时单,2025-10-22 12:53:44,12.10,自动出餐,1,否,"明星小食桶C（38.00*1）,任选披萨8选1+小吃6选1+饮料[奥尔良鸡肉披萨7英寸+盐酥鸡米花小份+小可乐+冷]（58.00*1）,餐盒（4.00*1）",明星小食桶C+新奥尔良烤鸡肉披萨【7英寸(手拍)】+盐酥鸡米花小份+小可乐,,,,非会员,7,,,依据餐量提供餐具,,96.00,36.39,51.20,0.00,0,0,3.44,0.00,3.50,【活动支出】店铺满减:6.00元+【活动支出】单品特价:10.10元+【活动支出】单品特价:26.10元+【活动支出】饿了么红包:9.00元+【活动支出】替用户承担配送费:3.5元,-,-,-,4.00,温州区域,温州直营,,,否,-,平台配送
圣比萨（龙霞店）,SBS00007,温州,"8009320254967607749	",饿了么,平台外卖,已完成,2025-10-22 13:15:10,2025-10-22 13:15:10,2025-10-22 13:15:10,饿了么支付-在线支付,,即时单,2025-10-22 13:15:10,12.10,自动出餐,1,否,"7英寸奥尔良烤鸡肉披萨[7英奥尔良烤鸡肉披萨]（58.00*1）,奶酪芝士卷边（7英寸）（4.90*1）,餐盒（2.00*1）",新奥尔良烤鸡肉披萨【7英寸(手拍)】+奶酪芝士卷边7,,,,非会员,8,,,依据餐量提供餐具,,62.90,14.00,44.10,0.00,0,0,1.43,0.00,3.50,【活动支出】单品特价:37.10元+【活动支出】饿了么红包:7.00元+【活动支出】替用户承担配送费:3.5元,-,-,-,2.00,温州区域,温州直营,,,否,-,平台配送
圣比萨（龙霞店）,SBS00007,温州,"8029410255084387686	",饿了么,平台外卖,已完成,2025-10-22 13:52:30,2025-10-22 13:52:30,2025-10-22 13:52:30,饿了么支付-在线支付,,即时单,2025-10-22 13:52:30,10.18,自动出餐,1,否,"7英寸奥尔良烤鸡肉披萨[7英奥尔良烤鸡肉披萨]（58.00*1）,酸奶多多流心卷边（7英寸）（4.90*1）,餐盒（2.00*1）",新奥尔良烤鸡肉披萨【7英寸(手拍)】+酸奶多多流心卷边7,,,,非会员,9,,,依据餐量提供餐具,,62.90,15.94,42.10,0.00,0,0,1.49,0.00,3.50,【活动支出】单品特价:37.10元+【活动支出】饿了么红包:5.00元+【活动支出】替用户承担配送费:3.5元,-,-,-,2.00,温州区域,温州直营,,,否,-,平台配送
圣比萨（龙霞店）,SBS00007,温州,"8024350255085483315	",饿了么,平台外卖,已完成,2025-10-22 13:59:17,2025-10-22 13:59:17,2025-10-22 13:59:17,饿了么支付-在线支付,,即时单,2025-10-22 13:59:17,10.20,自动出餐,1,否,"点击右上角❤️收藏得小吃[墨鱼丸1个]（2.00*1）,披萨随心配（60.00*1）,餐盒（2.50*1）",深海墨鱼丸1个+盐酥鸡米花小份+地道肠1根+上校鸡块2个+新奥尔良烤鸡肉披萨(7英寸(手拍)),,,,非会员,10,,,不要沙拉酱 / 依据餐量提供餐具,,62.00,17.84,39.00,0.00,0,0,1.69,0.00,3.50,【活动支出】单品特价:1.90元+【活动支出】单品特价:30.10元+【活动支出】超级会员专享红包:5.00元+【活动支出】 商家自营销加码:2.00元+【活动支出】替用户承担配送费:3.5元,-,-,-,2.50,温州区域,温州直营,,,否,-,平台配送
圣比萨（龙霞店）,SBS00007,温州,"8015040254923744581	",饿了么,平台外卖,已完成,2025-10-22 15:05:16,2025-10-22 15:05:16,2025-10-22 15:05:16,饿了么支付-在线支付,,即时单,2025-10-22 15:05:16,10.12,自动出餐,1,否,"披萨随心配（60.00*1）,餐盒（2.00*1）",盐酥鸡米花小份+地道肠1根+蛋挞1个+新奥尔良烤鸡肉披萨(7英寸(手拍)),,,,非会员,11,,,依据餐量提供餐具,,60.00,17.29,37.10,0.00,0,0,1.64,0.00,3.50,【活动支出】单品特价:30.10元+【活动支出】饿了么红包:7.00元+【活动支出】替用户承担配送费:3.5元,-,-,-,2.00,温州区域,温州直营,,,否,-,平台配送
圣比萨（龙霞店）,SBS00007,温州,"8091030254923879728	",饿了么,平台外卖,已完成,2025-10-22 15:12:42,2025-10-22 15:12:42,2025-10-22 15:12:42,饿了么支付-在线支付,,即时单,2025-10-22 15:12:42,10.07,自动出餐,1,否,"点击右上角❤️收藏得小吃[墨鱼丸1个]（2.00*1）,任选披萨8选1+小吃6选1+饮料[碳烤培根鸡肉7英寸+盐酥鸡米花小份+柠檬茶+常温]（58.00*1）,餐盒（2.50*1）",深海墨鱼丸1个+碳烤鸡肉培根披萨【7英寸(手拍)】+盐酥鸡米花小份+柠檬茶,,,,非会员,12,,,不要葱香菜， / 依据餐量提供餐具,,60.00,19.69,35.00,0.00,0,0,1.84,0.00,3.50,【活动支出】单品特价:1.90元+【活动支出】单品特价:26.10元+【活动支出】 商家自营销加码:2.00元+【活动支出】饿了么红包:5.00元+【活动支出】替用户承担配送费:3.5元,-,-,-,2.50,温州区域,温州直营,,,否,-,平台配送
圣比萨（龙霞店）,SBS00007,温州,"8038996088942611828	",饿了么,平台外卖,已完成,2025-10-22 15:48:48,2025-10-22 15:48:48,2025-10-22 15:48:48,饿了么支付-在线支付,,即时单,2025-10-22 15:48:48,10.08,自动出餐,1,否,"任选披萨8选1+小吃6选1+饮料[奥尔良鸡肉披萨7英寸+盐酥鸡米花小份+小可乐+常温]（58.00*1）,奶酪芝士卷边（7英寸）（4.90*1）,餐盒（2.00*1）",新奥尔良烤鸡肉披萨【7英寸(手拍)】+盐酥鸡米花小份+小可乐+奶酪芝士卷边7,,,,非会员,13,,,依据餐量提供餐具,,62.90,21.22,35.10,0.00,0,0,2.01,0.00,3.50,【活动支出】店铺满减:1.00元+【活动支出】单品特价:26.10元+【活动支出】超会爆红包省钱包:8.00元+【活动支出】替用户承担配送费:3.5元,-,-,-,2.00,温州区域,温州直营,,,否,-,平台配送
圣比萨（龙霞店）,SBS00007,温州,"8063876088950714658	",饿了么,平台外卖,已完成,2025-10-22 17:31:47,2025-10-22 17:31:47,2025-10-22 17:31:48,饿了么支付-在线支付,,即时单,2025-10-22 17:31:47,12.23,自动出餐,1,否,"【福利优惠】蛋挞一个（原味）（10.00*1）,点击右上角❤️收藏得小吃[上校鸡块2个]（2.00*1）,7英寸奥尔良烤鸡肉披萨[7英奥尔良烤鸡肉披萨]（58.00*1）,【新客福利】台式香烤地道肠（7.50*1）,餐盒（3.50*1）",蛋挞1个+上校鸡块2个+新奥尔良烤鸡肉披萨【7英寸(手拍)】+地道肠1根,,,,非会员,14,,,依据餐量提供餐具,,77.50,12.69,61.51,0.00,0,0,1.43,0.00,3.50,【活动支出】单品特价:1.90元+【活动支出】单品特价:37.10元+【活动支出】单品特价:6.51元+【活动支出】精准营销:9.00元+【活动支出】饿了么红包:7.00元+【活动支出】替用户承担配送费:3.5元,-,-,-,3.50,温州区域,温州直营,,,否,-,平台配送
圣比萨（龙霞店）,SBS00007,温州,"8078240255086278010	",饿了么,平台外卖,已完成,2025-10-22 17:53:39,2025-10-22 17:53:39,2025-10-22 17:53:39,饿了么支付-在线支付,,即时单,2025-10-22 17:53:39,12.05,自动出餐,1,否,"任选披萨8选1+小吃6选1+饮料[缤纷水果披萨7英寸+地道肠1根+冰红茶+常温]（58.00*1）,奶酪芝士卷边（7英寸）（4.90*1）,餐盒（2.00*1）",缤纷水果披萨【7英寸(手拍)】+地道肠【1根】+盒装饮料（如冰红茶）+奶酪芝士卷边7,,,,非会员,15,,,依据餐量提供餐具,,62.90,20.29,36.10,0.00,0,0,1.94,0.00,4.00,【活动支出】店铺满减:1.00元+【活动支出】单品特价:26.10元+【活动支出】粉丝群:1.00元+【活动支出】饿了么红包:8.00元+【活动支出】替用户承担配送费:4.0元,-,-,-,2.00,温州区域,温州直营,,,否,-,平台配送
圣比萨（龙霞店）,SBS00007,温州,"8003616088987092475	",饿了么,平台外卖,已完成,2025-10-22 18:05:18,2025-10-22 18:05:18,2025-10-22 18:05:18,饿了么支付-在线支付,,即时单,2025-10-22 18:05:18,12.03,自动出餐,1,否,"披萨意面双人套餐[圣比招牌披萨7英寸+碳烧鸡肉芝士焗饭+明星小食桶B+柠檬茶+小可乐]（128.00*1）,餐盒（2.00*1）",大圣招牌大满贯披萨【7英寸(手拍)】+碳烤鸡肉芝士焗饭+明星小食桶B+柠檬茶+小可乐,,,,非会员,16,,,依据餐量提供餐具,,128.00,47.31,68.10,0.00,0,0,4.42,0.00,3.50,【活动支出】店铺满减:6.00元+【活动支出】单品特价:49.10元+【活动支出】粉丝群:1.00元+【活动支出】饿了么红包:12.00元+【活动支出】替用户承担配送费:3.5元,-,-,-,2.00,温州区域,温州直营,,,否,-,平台配送
圣比萨（龙霞店）,SBS00007,温州,"8041516088962246120	",饿了么,平台外卖,已完成,2025-10-22 18:09:14,2025-10-22 18:09:14,2025-10-22 18:09:15,饿了么支付-在线支付,,即时单,2025-10-22 18:09:14,12.22,自动出餐,1,否,"7英寸奥尔良烤鸡肉披萨[7英奥尔良烤鸡肉披萨]（58.00*1）,餐盒（2.00*1）",新奥尔良烤鸡肉披萨【7英寸(手拍)】,,,,非会员,17,,,依据餐量提供餐具,,58.00,9.10,44.10,0.00,0,0,1.43,0.00,3.50,【活动支出】单品特价:37.10元+【活动支出】 商家自营销加码:2.00元+【活动支出】饿了么红包:5.00元+【活动支出】替用户承担配送费:3.5元,-,-,-,2.00,温州区域,温州直营,,,否,-,平台配送
圣比萨（龙霞店）,SBS00007,温州,"8056440255012648362	",饿了么,平台外卖,已完成,2025-10-22 18:26:49,2025-10-22 18:26:49,2025-10-22 18:26:50,饿了么支付-在线支付,,即时单,2025-10-22 18:26:49,12.08,自动出餐,1,否,"披萨随心配（60.00*1）,餐盒（2.00*1）",地道肠1根+蛋挞1个+上校鸡块2个+碳烤鸡肉培根披萨(7英寸(手拍)),,,,非会员,18,,,依据餐量提供餐具,,60.00,17.29,37.10,0.00,0,0,1.64,0.00,4.00,【活动支出】单品特价:30.10元+【活动支出】饿了么红包:7.00元+【活动支出】替用户承担配送费:4.0元,-,-,-,2.00,温州区域,温州直营,,,否,-,平台配送
圣比萨（龙霞店）,SBS00007,温州,"8022180255213992192	",饿了么,平台外卖,已完成,2025-10-22 18:48:03,2025-10-22 18:48:03,2025-10-22 18:48:03,饿了么支付-在线支付,,即时单,2025-10-22 18:48:03,12.02,自动出餐,1,否,"【经典招牌】7英寸圣比招牌披萨（54.00*1）,餐盒（2.00*1）",大圣招牌大满贯披萨【7英寸(手拍)】,,,,非会员,19,,,敲门后放门口即可，谢谢 / 无需餐具,,54.00,12.10,37.10,0.00,0,0,1.43,0.00,3.50,【活动支出】单品特价:30.10元+【活动支出】 商家自营销加码:2.00元+【活动支出】饿了么红包:5.00元+【活动支出】替用户承担配送费:3.5元,-,-,-,2.00,温州区域,温州直营,,,否,-,平台配送
圣比萨（龙霞店）,SBS00007,温州,"8021556089041255788	",饿了么,平台外卖,已完成,2025-10-22 19:02:45,2025-10-22 19:02:45,2025-10-22 19:02:45,饿了么支付-在线支付,,即时单,2025-10-22 19:02:45,12.07,自动出餐,1,否,"上校鸡块（12.00*1）,【经典之王】9英寸圣比招牌披萨（79.00*1）,【新客福利】台式香烤地道肠（7.50*2）,餐盒（4.00*1）",上校鸡块+大圣招牌大满贯披萨【9英寸(手拍)】+地道肠1根,,,,非会员,20,,,依据餐量提供餐具,,106.00,38.24,59.20,0.00,0,0,3.59,0.00,3.50,【活动支出】店铺满减:6.00元+【活动支出】单品特价:6.10元+【活动支出】单品特价:35.10元+【活动支出】饿了么红包:12.00元+【活动支出】替用户承担配送费:3.5元,-,-,-,4.00,温州区域,温州直营,,,否,-,平台配送
圣比萨（龙霞店）,SBS00007,温州,"8008806089056215314	",饿了么,平台外卖,已完成,2025-10-22 19:32:30,2025-10-22 19:32:30,2025-10-22 19:32:31,饿了么支付-在线支付,,即时单,2025-10-22 19:32:30,10.15,自动出餐,1,否,"任选披萨8选1+小吃6选1+饮料[碳烤培根鸡肉7英寸+烤甜玉米1份+柠檬茶+常温]（58.00*1）,奶酪芝士卷边（7英寸）（4.90*1）,餐盒（2.00*1）",碳烤鸡肉培根披萨【7英寸(手拍)】+烤甜玉米+柠檬茶+奶酪芝士卷边7,,,,非会员,21,,,1份餐具,,62.90,22.14,34.10,0.00,0,0,2.09,0.00,3.50,【活动支出】店铺满减:1.00元+【活动支出】单品特价:26.10元+【活动支出】饿了么红包:7.00元+【活动支出】替用户承担配送费:3.5元,-,-,-,2.00,温州区域,温州直营,,,否,-,平台配送
圣比萨（龙霞店）,SBS00007,温州,"8056120255143750032	",饿了么,平台外卖,已完成,2025-10-22 19:44:07,2025-10-22 19:44:07,2025-10-22 19:44:07,饿了么支付-在线支付,,即时单,2025-10-22 19:44:07,10.08,自动出餐,1,否,"【随心拼】7英寸披萨(口味自选）[日系照烧+培根鸡肉]（54.00*1）,7英寸披萨买一送一[奥尔良鸡肉披萨7英寸+圣比招牌披萨7英寸]（86.80*1）,餐盒（4.00*1）",双拼7寸【日系照烧口味7】+双拼7寸【碳烤鸡肉培根口味7】+新奥尔良烤鸡肉披萨【7英寸(手拍)】+大圣招牌大满贯披萨【7英寸(手拍)】,,,,非会员,22,,,4份餐具,,140.80,44.12,87.00,0.00,0,0,4.11,0.00,3.50,【活动支出】店铺满减:6.00元+【活动支出】单品特价:28.10元+【活动支出】单品特价:39.90元+【活动支出】粉丝群:1.00元+【活动支出】饿了么红包:12.00元+【活动支出】替用户承担配送费:3.5元,-,-,-,4.00,温州区域,温州直营,,,否,-,平台配送
圣比萨（龙霞店）,SBS00007,温州,"8003536089013737779	",饿了么,平台外卖,已完成,2025-10-22 20:00:19,2025-10-22 20:00:19,2025-10-22 20:00:20,饿了么支付-在线支付,,即时单,2025-10-22 20:00:19,10.08,自动出餐,1,否,"焗饭随心配（53.80*1）,餐盒（2.00*1）",盐酥鸡米花小份+地道肠1根+上校鸡块2个+招牌肉酱芝士焗饭,,,,非会员,23,,,2份餐具,,53.80,16.04,32.90,0.00,0,0,1.49,0.00,3.50,【活动支出】单品特价:25.90元+【活动支出】 商家自营销加码:2.00元+【活动支出】饿了么红包:5.00元+【活动支出】替用户承担配送费:3.5元,-,-,-,2.00,温州区域,温州直营,,,否,-,平台配送
圣比萨（龙霞店）,SBS00007,温州,"8072686089060433376	",饿了么,平台外卖,已完成,2025-10-22 21:36:09,2025-10-22 21:36:09,2025-10-22 21:36:09,饿了么支付-在线支付,,即时单,2025-10-22 21:36:09,10.15,自动出餐,1,否,"7英寸披萨买一送一[奥尔良鸡肉披萨7英寸+圣比招牌披萨7英寸]（86.80*1）,餐盒（2.00*1）",新奥尔良烤鸡肉披萨【7英寸(手拍)】+大圣招牌大满贯披萨【7英寸(手拍)】,,,,非会员,24,,,依据餐量提供餐具,,86.80,31.06,40.90,0.00,0,0,3.37,0.00,8.70,【活动支出】店铺满减:1.00元+【活动支出】单品特价:39.90元+【活动支出】替用户承担配送费:6.0元,-,-,-,2.00,温州区域,温州直营,,,否,-,平台配送
圣比萨（龙霞店）,SBS00007,温州,"8037996089039634821	",饿了么,平台外卖,已完成,2025-10-22 21:37:42,2025-10-22 21:37:42,2025-10-22 21:37:42,饿了么支付-在线支付,,即时单,2025-10-22 21:37:42,10.07,自动出餐,1,否,"7英寸披萨买一送一[奥尔良鸡肉披萨7英寸+碳烤鸡肉培根7英寸]（86.80*1）,餐盒（2.00*1）",新奥尔良烤鸡肉披萨【7英寸(手拍)】+碳烤鸡肉培根披萨【7英寸(手拍)】,,,,非会员,25,,,依据餐量提供餐具,,86.80,27.94,49.90,0.00,0,0,2.69,0.00,5.60,【活动支出】店铺满减:1.00元+【活动支出】单品特价:39.90元+【活动支出】饿了么红包:9.00元+【活动支出】替用户承担配送费:5.6元,-,-,-,2.00,温州区域,温州直营,,,否,-,平台配送
圣比萨（龙霞店）,SBS00007,温州,"8032240255181462951	",饿了么,平台外卖,已完成,2025-10-22 22:25:28,2025-10-22 22:25:28,2025-10-22 22:25:28,饿了么支付-在线支付,,即时单,2025-10-22 22:25:28,10.12,自动出餐,1,否,"圣比招牌披萨-7英寸(经典手拍)[{""name"":""规格"",""value"":""7英寸(经典手拍)""}]（45.00*1）,翅薯组合（21.00*1）,7英寸披萨一人食土豪餐[碳烤鸡肉培根7英寸+金丝鸡排+地道肠1根+柠檬茶]（61.00*1）,餐盒（6.00*1）",大圣招牌大满贯披萨+翅薯组合+碳烤鸡肉培根披萨【7英寸(手拍)】+金丝鸡排+地道肠【1根】+柠檬茶,,,,非会员,26,,,依据餐量提供餐具,,127.00,58.73,55.30,0.00,0,0,5.60,0.00,7.10,【活动支出】店铺满减:6.00元+【活动支出】单品特价:13.10元+【活动支出】单品特价:1.10元+【活动支出】单品特价:26.10元+【活动支出】超级会员专享红包:8.00元+【活动支出】 商家自营销加码:0.00元+【活动支出】粉丝群:1.00元+【活动支出】替用户承担配送费:6.0元,-,-,-,6.00,温州区域,温州直营,,,否,-,平台配送
圣比萨（柳市店）,SBM00021,温州,"8001876088784181562	",饿了么,平台外卖,已完成,2025-10-22 11:04:58,2025-10-22 11:04:58,2025-10-22 11:04:59,饿了么支付-在线支付,,即时单,2025-10-22 11:04:58,7.80,扫码出餐,1,否,"任选【意面】或【焗饭】8选1+小吃6选1+饮料[番茄牛肉意面+鸡肉洋葱圈6个+港式奶茶+温热]（57.00*1）,餐盒（2.00*1）",任选【意面】或【焗饭】8选1+小吃6选1+饮料[番茄牛肉意面+鸡肉洋葱圈6个+港式奶茶+温热]+餐盒,,,,非会员,1,,,1份餐具,,57.00,20.17,31.01,0.00,0,0,1.87,0.00,3.50,【活动支出】单品特价:23.01元+【活动支出】饿了么红包:8.00元+【活动支出】替用户承担配送费:3.5元,-,-,-,2.00,温州区域,温州加盟,,,否,-,平台配送
圣比萨（柳市店）,SBM00021,温州,"8091150254959676740	",饿了么,平台外卖,已完成,2025-10-22 12:55:45,2025-10-22 12:55:45,2025-10-22 12:55:45,饿了么支付-在线支付,,即时单,2025-10-22 12:55:45,10.63,手动出餐,1,否,"经典薯条（18.00*1）,甜蜜时光薄脆披萨-单层[{""name"":""规格"",""value"":""单层""}]（88.00*1）,香烤鸡翅-2只[{""name"":""规格"",""value"":""2只""}]（16.00*1）,餐盒（4.00*1）",经典薯条+甜蜜时光薄脆披萨+香烤鸡翅,,,,非会员,2,,,依据餐量提供餐具,,122.00,51.26,59.21,0.00,0,0,4.78,0.00,3.50,【活动支出】店铺满减:1.00元+【活动支出】单品特价:8.10元+【活动支出】单品特价:41.01元+【活动支出】单品特价:1.10元+【活动支出】饿了么红包:8.00元+【活动支出】替用户承担配送费:3.5元,-,-,-,4.00,温州区域,温州加盟,,,否,-,平台配送
圣比萨（柳市店）,SBM00021,温州,"8046340255125461494	",饿了么,平台外卖,已完成,2025-10-22 16:26:24,2025-10-22 16:26:24,2025-10-22 16:26:24,饿了么支付-在线支付,,即时单,2025-10-22 16:26:24,7.02,扫码出餐,1,否,"招牌肉酱意面（29.00*1）,餐盒（1.00*1）",招牌肉酱意面,,,,非会员,3,,,依据餐量提供餐具,,29.00,19.62,0,0.00,0,0,2.03,0.00,5.00,-,-,-,-,1.00,温州区域,温州加盟,,,否,-,平台配送
圣比萨（柳市店）,SBM00021,温州,"8010766088900956557	",饿了么,平台外卖,已完成,2025-10-22 16:31:53,2025-10-22 16:31:53,2025-10-22 16:31:54,饿了么支付-在线支付,,即时单,2025-10-22 16:31:53,6.17,手动出餐,1,否,"任选【意面】或【焗饭】8选1+小吃6选1+饮料[黑椒牛肉意面+墨鱼丸3个+酸梅汁+常温]（57.00*1）,餐盒（2.00*1）",任选【意面】或【焗饭】8选1+小吃6选1+饮料[黑椒牛肉意面+墨鱼丸3个+酸梅汁+常温]+餐盒,,,,非会员,4,,,依据餐量提供餐具,,57.00,20.17,31.01,0.00,0,0,1.87,0.00,3.50,【活动支出】单品特价:23.01元+【活动支出】CPS商户叠加券:0.00元+【活动支出】饿了么红包:8.00元+【活动支出】淘金币:0.00元+【活动支出】替用户承担配送费:3.5元,-,-,-,2.00,温州区域,温州加盟,,,否,-,平台配送
圣比萨（柳市店）,SBM00021,温州,"8088100255145164160	",饿了么,平台外卖,已完成,2025-10-22 17:11:05,2025-10-22 17:11:05,2025-10-22 17:11:05,饿了么支付-在线支付,,即时单,2025-10-22 17:11:05,6.70,手动出餐,1,否,"西域肉酱培根披萨-7英寸（经典手拍）[{""name"":""规格"",""value"":""7英寸（经典手拍）""}]（39.00*1）,餐盒（1.00*1）",西域肉酱披萨,,,,非会员,5,,,依据餐量提供餐具,,39.00,18.19,13.50,0.00,0,0,1.76,0.00,3.50,【活动支出】单品特价:6.50元+【活动支出】饿了么红包:7.00元+【活动支出】替用户承担配送费:3.5元,-,-,-,1.00,温州区域,温州加盟,,,否,-,平台配送
圣比萨（柳市店）,SBM00021,温州,"8004120255073737992	",饿了么,平台外卖,已完成,2025-10-22 17:50:11,2025-10-22 17:50:11,2025-10-22 17:50:11,饿了么支付-在线支付,,即时单,2025-10-22 17:50:11,11.02,扫码出餐,1,否,"披萨意面双人套餐[碳烤鸡肉培根7英寸+招牌肉酱芝士焗饭不辣+明星小食桶B+柠檬茶+港式奶茶+饮品（常温和冰）请备注]（128.00*1）,餐盒（2.00*1）",碳烤鸡肉培根披萨【7英寸(手拍)】+明星小食桶B+柠檬茶+港式奶茶,,,,非会员,6,,,饮料常温不要冰 / 依据餐量提供餐具,,128.00,52.26,62.12,0.00,0,0,4.87,0.00,3.50,【活动支出】店铺满减:1.00元+【活动支出】单品特价:49.12元+【活动支出】饿了么红包:12.00元+【活动支出】替用户承担配送费:3.5元,-,-,-,2.00,温州区域,温州加盟,,,否,-,平台配送
圣比萨（柳市店）,SBM00021,温州,"8051596088964969752	",饿了么,平台外卖,已完成,2025-10-22 17:51:20,2025-10-22 17:51:20,2025-10-22 17:51:21,饿了么支付-在线支付,,即时单,2025-10-22 17:51:20,10.57,扫码出餐,1,否,"【买一送一】买披萨送意面[碳烤鸡肉培根7英寸+番茄牛肉意面]（75.00*1）,餐盒（2.00*1）",碳烤鸡肉培根披萨【7英寸(手拍)】+番茄牛肉意面,,,,非会员,7,,,依据餐量提供餐具,,75.00,32.48,33.10,0.00,0,0,3.07,0.00,3.50,【活动支出】单品特价:25.10元+【活动支出】超级会员专享红包:8.00元+【活动支出】 商家自营销加码:0.00元+【活动支出】替用户承担配送费:3.5元,-,-,-,2.00,温州区域,温州加盟,,,否,-,平台配送
圣比萨（柳市店）,SBM00021,温州,"8038506088950106574	",饿了么,平台外卖,已完成,2025-10-22 17:57:33,2025-10-22 17:57:33,2025-10-22 17:57:33,饿了么支付-在线支付,,即时单,2025-10-22 17:57:33,9.45,扫码出餐,1,否,"7英寸披萨【买一送一】[日系照烧鸡披萨7英寸+水果披萨7英寸]（86.80*1）,餐盒（2.00*1）",日系照烧鸡披萨【7英寸(手拍)】+缤纷水果披萨【7英寸(手拍)】,,,,非会员,8,,,依据餐量提供餐具,,86.80,33.52,42.81,0.00,0,0,3.22,0.00,4.50,【活动支出】单品特价:33.81元+【活动支出】饿了么红包:9.00元+【活动支出】替用户承担配送费:4.5元,-,-,-,2.00,温州区域,温州加盟,,,否,-,平台配送
圣比萨（柳市店）,SBM00021,温州,"8041556088990937598	",饿了么,平台外卖,已完成,2025-10-22 18:19:39,2025-10-22 18:19:39,2025-10-22 18:19:39,饿了么支付-在线支付,,即时单,2025-10-22 18:19:39,6.12,手动出餐,1,否,"【买一送一】买披萨送意面[奥尔良鸡肉披萨7英寸+番茄牛肉意面]（75.00*1）,餐盒（2.00*1）",新奥尔良烤鸡肉披萨【7英寸(手拍)】+番茄牛肉意面,,,,非会员,9,,,依据餐量提供餐具,,75.00,32.16,34.10,0.00,0,0,2.99,0.00,3.50,【活动支出】单品特价:25.10元+【活动支出】饿了么红包:9.00元+【活动支出】替用户承担配送费:3.5元,-,-,-,2.00,温州区域,温州加盟,,,否,-,平台配送
圣比萨（柳市店）,SBM00021,温州,"8063200255101852122	",饿了么,平台外卖,已完成,2025-10-22 18:48:07,2025-10-22 18:48:07,2025-10-22 18:48:07,饿了么支付-在线支付,,即时单,2025-10-22 18:48:07,10.17,手动出餐,1,否,"榴莲披萨-12英寸（经典手拍）[{""name"":""规格"",""value"":""12英寸（经典手拍）""}]（129.00*1）,餐盒（1.00*1）",榴莲王披萨,,,,非会员,10,,,依据餐量提供餐具,,129.00,58.53,52.10,0.00,0,0,5.62,0.00,6.20,【活动支出】店铺满减:1.00元+【活动支出】单品特价:39.10元+【活动支出】饿了么红包:12.00元+【活动支出】替用户承担配送费:6.0元,-,-,-,1.00,温州区域,温州加盟,,,否,-,平台配送
圣比萨（柳市店）,SBM00021,温州,"8000410255109144982	",饿了么,平台外卖,已完成,2025-10-22 19:01:29,2025-10-22 19:01:29,2025-10-22 19:01:29,饿了么支付-在线支付,,即时单,2025-10-22 19:01:29,8.83,扫码出餐,1,否,"超值一人餐[纯芝士披萨7英寸+蛋挞1对+酸梅汁+常温]（65.00*1）,餐盒（2.00*1）",金牌芝士披萨【7英寸(手拍)】+蛋挞+酸梅汁,,,,非会员,11,,,1份餐具,,65.00,22.61,33.12,0.00,0,0,2.32,0.00,6.20,【活动支出】单品特价:25.12元+【活动支出】饿了么红包:8.00元+【活动支出】替用户承担配送费:6.0元,-,-,-,2.00,温州区域,温州加盟,,,否,-,平台配送
圣比萨（柳市店）,SBM00021,温州,"8004300255232177558	",饿了么,平台外卖,已完成,2025-10-22 19:28:40,2025-10-22 19:28:40,2025-10-22 19:28:41,饿了么支付-在线支付,,即时单,2025-10-22 19:28:40,7.72,扫码出餐,1,否,"圣比至尊披萨-7英寸（经典手拍）[{""name"":""规格"",""value"":""7英寸（经典手拍）""}]（42.00*1）,餐盒（2.00*1）",大圣招牌大满贯披萨,,,,非会员,12,,,依据餐量提供餐具,,42.00,20.41,15.10,0.00,0,0,1.94,0.00,3.50,【活动支出】单品特价:7.10元+【活动支出】饿了么红包:8.00元+【活动支出】替用户承担配送费:3.5元,-,-,-,2.00,温州区域,温州加盟,,,否,-,平台配送
圣比萨（柳市店）,SBM00021,温州,"8014280255259717951	",饿了么,平台外卖,已完成,2025-10-22 20:44:35,2025-10-22 20:44:35,2025-10-22 20:44:35,饿了么支付-在线支付,,即时单,2025-10-22 20:44:35,10.25,扫码出餐,1,否,"7英寸披萨【买一送一】[海鲜至尊披萨7英寸+纯芝士披萨7英寸]（86.80*1）,餐盒（2.00*1）",金牌芝士披萨【7英寸(手拍)】,,,,非会员,13,,,依据餐量提供餐具,,86.80,30.52,42.81,0.00,0,0,3.22,0.00,9.30,【活动支出】单品特价:33.81元+【活动支出】饿了么红包:9.00元+【活动支出】替用户承担配送费:6.0元,-,-,-,2.00,温州区域,温州加盟,,,否,-,平台配送
圣比萨（柳市店）,SBM00021,温州,"8070360255192572262	",饿了么,平台外卖,已完成,2025-10-22 22:00:09,2025-10-22 22:00:09,2025-10-22 22:00:10,饿了么支付-在线支付,,即时单,2025-10-22 22:00:09,8.35,手动出餐,1,否,"圣比至尊披萨-7英寸（经典手拍）[{""name"":""规格"",""value"":""7英寸（经典手拍）""}]（42.00*1）,餐盒（2.00*1）",大圣招牌大满贯披萨,,,,非会员,14,,,依据餐量提供餐具,,42.00,16.71,15.10,0.00,0,0,1.94,0.00,8.90,【活动支出】单品特价:7.10元+【活动支出】饿了么红包:8.00元+【活动支出】替用户承担配送费:6.0元,-,-,-,2.00,温州区域,温州加盟,,,否,-,平台配送
圣比萨（柳市店）,SBM00021,温州,"8073170255094963516	",饿了么,平台外卖,已完成,2025-10-22 22:13:49,2025-10-22 22:13:49,2025-10-22 22:13:50,饿了么支付-在线支付,,即时单,2025-10-22 22:13:49,8.20,手动出餐,1,否,"超值一人餐[碳烤鸡肉培根7英寸+上校鸡块4个+港式奶茶+常温]（65.00*1）,餐盒（2.00*1）",碳烤鸡肉培根披萨【7英寸(手拍)】+上校鸡块+港式奶茶,,,,非会员,15,,,依据餐量提供餐具,,65.00,23.59,34.12,0.00,0,0,2.24,0.00,5.60,【活动支出】单品特价:25.12元+【活动支出】饿了么红包:9.00元+【活动支出】替用户承担配送费:5.6元,-,-,-,2.00,温州区域,温州加盟,,,否,-,平台配送
圣比萨（柳市店）,SBM00021,温州,"8058676089082195205	",饿了么,平台外卖,已完成,2025-10-22 22:28:42,2025-10-22 22:28:42,2025-10-22 22:28:43,饿了么支付-在线支付,,即时单,2025-10-22 22:28:42,7.95,手动出餐,1,否,"黑椒牛肉意面（29.00*1）,黑椒牛肉芝士焗饭（29.00*1）,餐盒（2.00*1）",黑椒牛肉意面+黑椒牛肉芝士焗饭,,,,非会员,16,,,2份餐具,,58.00,34.85,13.00,0.00,0,0,3.30,0.00,5.60,【活动支出】店铺满减:1.00元+【活动支出】饿了么红包:12.00元+【活动支出】替用户承担配送费:5.6元,-,-,-,2.00,温州区域,温州加盟,,,否,-,平台配送
圣比萨（柳市店）,SBM00021,温州,"8040460255197228467	",饿了么,平台外卖,已完成,2025-10-22 23:47:29,2025-10-22 23:47:29,2025-10-22 23:47:29,饿了么支付-在线支付,,即时单,2025-10-22 23:47:29,7.72,手动出餐,1,否,"西域肉酱培根披萨-7英寸（经典手拍）[{""name"":""规格"",""value"":""7英寸（经典手拍）""}]（39.00*1）,餐盒（1.00*1）",西域肉酱披萨,,,,非会员,17,,,依据餐量提供餐具,,39.00,17.69,13.50,0.00,0,0,1.76,0.00,5.60,【活动支出】单品特价:6.50元+【活动支出】饿了么红包:7.00元+【活动支出】替用户承担配送费:5.6元,-,-,-,1.00,温州区域,温州加盟,,,否,-,平台配送
圣比萨（苍南金乡店）,SBS00029,温州,"8098210254857010453	",饿了么,平台外卖,已完成,2025-10-22 10:17:38,2025-10-22 10:17:38,2025-10-22 10:17:38,饿了么支付-在线支付,,即时单,2025-10-22 10:17:38,12.10,手动出餐,1,否,"日系照烧鸡披萨-7英寸(手拍)[{""name"":""规格"",""value"":""7英寸(手拍)""}]（45.00*1）,餐盒（1.00*1）",日系照烧鸡披萨,,,,非会员,1,,,1份餐具,,45.00,10.99,28.10,0.00,0,0,1.56,0.00,3.50,【活动支出】单品特价:21.10元+【活动支出】 商家自营销加码:2.00元+【活动支出】饿了么红包:5.00元+【活动支出】替用户承担配送费:3.5元,-,-,-,1.00,温州区域,温州直营,,,否,-,平台配送
圣比萨（苍南金乡店）,SBS00029,温州,"8029370254770534889	",饿了么,平台外卖,已完成,2025-10-22 10:44:30,2025-10-22 10:44:30,2025-10-22 10:44:31,饿了么支付-在线支付,,即时单,2025-10-22 10:44:30,11.12,手动出餐,1,否,"招牌肉酱芝士焗饭（52.00*1）,餐盒（1.00*1）",招牌肉酱芝士焗饭,,,,非会员,2,,,2份餐具,,52.00,11.97,34.00,0.00,0,0,1.68,0.00,3.50,【活动支出】单品特价:27.00元+【活动支出】饿了么红包:7.00元+【活动支出】替用户承担配送费:3.5元,-,-,-,1.00,温州区域,温州直营,,,否,-,平台配送
圣比萨（苍南金乡店）,SBS00029,温州,"8061736088855586105	",饿了么,平台外卖,已完成,2025-10-22 13:57:24,2025-10-22 13:57:24,2025-10-22 13:57:25,饿了么支付-在线支付,,即时单,2025-10-22 13:57:24,10.03,手动出餐,1,否,"奶香芝士条（45.00*1）,招牌肉酱意面（52.00*1）,餐盒（2.00*1）",金牌芝士披萨【7英寸(手拍)】+招牌肉酱意面,,,,非会员,3,,,依据餐量提供餐具,,97.00,25.38,62.00,0.00,0,0,3.57,0.00,4.50,【活动支出】店铺满减:1.00元+【活动支出】单品特价:27.00元+【活动支出】单品特价:27.00元+【活动支出】饿了么红包:7.00元+【活动支出】替用户承担配送费:4.5元,-,-,-,2.00,温州区域,温州直营,,,否,-,平台配送
圣比萨（苍南金乡店）,SBS00029,温州,"8082270255028460984	",饿了么,平台外卖,已完成,2025-10-22 16:24:05,2025-10-22 16:24:05,2025-10-22 16:24:06,饿了么支付-在线支付,,即时单,2025-10-22 16:24:05,13.87,手动出餐,1,否,"碳烤鸡肉芝士焗饭（52.00*1）,餐盒（1.00*1）",碳烤鸡肉芝士焗饭,,,,非会员,4,,,依据餐量提供餐具,,52.00,11.97,34.00,0.00,0,0,1.68,0.00,3.50,【活动支出】单品特价:27.00元+【活动支出】饿了么红包:7.00元+【活动支出】替用户承担配送费:3.5元,-,-,-,1.00,温州区域,温州直营,,,否,-,平台配送
圣比萨（苍南金乡店）,SBS00029,温州,"8082746088969163245	",饿了么,平台外卖,已完成,2025-10-22 16:59:35,2025-10-22 16:59:35,2025-10-22 16:59:35,饿了么支付-在线支付,,即时单,2025-10-22 16:59:35,12.42,手动出餐,1,否,"金沙咸蛋黄嫩鸡披萨-7英寸(手拍)[{""name"":""规格"",""value"":""7英寸(手拍)""}]（52.00*1）,餐盒（1.00*1）",金沙咸蛋黄嫩鸡披萨,,,,非会员,5,,,依据餐量提供餐具,,52.00,12.78,33.10,0.00,0,0,1.77,0.00,3.50,【活动支出】单品特价:26.10元+【活动支出】饿了么红包:7.00元+【活动支出】替用户承担配送费:3.5元,-,-,-,1.00,温州区域,温州直营,,,否,-,平台配送
圣比萨（苍南金乡店）,SBS00029,温州,"8091786088947687768	",饿了么,平台外卖,已完成,2025-10-22 17:33:37,2025-10-22 17:33:37,2025-10-22 17:33:37,饿了么支付-在线支付,,即时单,2025-10-22 17:33:37,10.45,手动出餐,1,否,"红薯薯泥流心卷边（7英寸）（4.90*1）,新奥尔良烤鸡肉披萨-7寸(手拍)[{""name"":""规格"",""value"":""7寸(手拍)""}]（45.00*1）,餐盒（1.00*1）",红薯泥流心卷边7+新奥尔良烤鸡肉披萨,,,,非会员,6,,,对骑手放楼梯 / 依据餐量提供餐具,,49.90,15.67,27.10,0.00,0,0,2.18,0.00,3.50,【活动支出】单品特价:20.10元+【活动支出】粉丝群:1.00元+【活动支出】饿了么红包:6.00元+【活动支出】替用户承担配送费:3.5元,-,-,-,1.00,温州区域,温州直营,,,否,-,平台配送
圣比萨（苍南金乡店）,SBS00029,温州,"8005400255169113450	",饿了么,平台外卖,已完成,2025-10-22 17:43:42,2025-10-22 17:43:42,2025-10-22 17:43:43,饿了么支付-在线支付,,即时单,2025-10-22 17:43:42,10.00,手动出餐,1,否,"碳烤鸡肉培根披萨-9英寸(手拍)[{""name"":""规格"",""value"":""9英寸(手拍)""}]（78.00*1）,芬达（5.00*1）,餐盒（1.00*1）",碳烤鸡肉培根披萨+小芬达,,,,非会员,7,,,依据餐量提供餐具,,83.00,26.19,47.10,0.00,0,0,3.56,0.00,3.50,【活动支出】店铺满减:1.00元+【活动支出】单品特价:38.10元+【活动支出】饿了么红包:8.00元+【活动支出】淘金币:0.00元+【活动支出】替用户承担配送费:3.5元,-,-,-,1.00,温州区域,温州直营,,,否,-,平台配送
圣比萨（苍南金乡店）,SBS00029,温州,"8011756088987602293	",饿了么,平台外卖,已完成,2025-10-22 18:06:42,2025-10-22 18:06:42,2025-10-22 18:06:42,饿了么支付-在线支付,,即时单,2025-10-22 18:06:42,10.68,手动出餐,1,否,"奶酪芝士卷边（7英寸）（4.90*1）,玉米沙拉披萨-7英寸(手拍)[{""name"":""规格"",""value"":""7英寸(手拍)""}]（40.00*1）,餐盒（1.00*1）",奶酪芝士卷边7+玉米沙拉披萨,,,,非会员,8,,,依据餐量提供餐具,,44.90,16.56,21.10,0.00,0,0,2.29,0.00,3.50,【活动支出】单品特价:16.10元+【活动支出】平台营销红包（老朋友召回渠道）:5.00元+【活动支出】替用户承担配送费:3.5元,-,-,-,1.00,温州区域,温州直营,,,否,-,平台配送
圣比萨（苍南金乡店）,SBS00029,温州,"8002686088989410644	",饿了么,平台外卖,已完成,2025-10-22 18:19:26,2025-10-22 18:19:26,2025-10-22 18:19:26,饿了么支付-在线支付,,即时单,2025-10-22 18:19:26,11.12,手动出餐,1,否,"新奥尔良烤鸡肉披萨-9寸(手拍)[{""name"":""规格"",""value"":""9寸(手拍)""}]（78.00*1）,招牌肉酱意面（52.00*1）,餐盒（2.00*1）",新奥尔良烤鸡肉披萨+招牌肉酱意面,,,,非会员,9,,,1份餐具,,130.00,35.13,83.10,0.00,0,0,4.82,0.00,4.00,【活动支出】店铺满减:6.00元+【活动支出】单品特价:38.10元+【活动支出】单品特价:27.00元+【活动支出】饿了么红包:12.00元+【活动支出】替用户承担配送费:4.0元,-,-,-,2.00,温州区域,温州直营,,,否,-,平台配送
圣比萨（苍南金乡店）,SBS00029,温州,"8002030255150486954	",饿了么,平台外卖,已完成,2025-10-22 20:30:53,2025-10-22 20:30:53,2025-10-22 20:30:53,饿了么支付-在线支付,,即时单,2025-10-22 20:30:53,14.50,手动出餐,1,否,"奶酪芝士卷边（7英寸）（4.90*1）,经典薯条（18.00*2）,新奥尔良烤鸡肉披萨-7寸(手拍)[{""name"":""规格"",""value"":""7寸(手拍)""}]（45.00*1）,港式奶茶[常温]（10.00*2）,蛋挞（10.00*2）,餐盒（7.00*1）",奶酪芝士卷边7+经典薯条+新奥尔良烤鸡肉披萨+港式奶茶+蛋挞,,,,非会员,10,,,依据餐量提供餐具,,125.90,47.56,68.10,0.00,0,0,6.49,0.00,3.50,【活动支出】店铺满减:6.00元+【活动支出】单品特价:18.00元+【活动支出】单品特价:20.10元+【活动支出】单品特价:4.00元+【活动支出】单品特价:8.00元+【活动支出】饿了么红包:12.00元+【活动支出】替用户承担配送费:3.5元,-,-,-,7.00,温州区域,温州直营,,,否,-,平台配送
圣比萨（苍南金乡店）,SBS00029,温州,"8033896089024050516	",饿了么,平台外卖,已完成,2025-10-22 20:33:51,2025-10-22 20:33:51,2025-10-22 20:33:52,饿了么支付-在线支付,,即时单,2025-10-22 20:33:51,11.55,手动出餐,1,否,"牛肉蘑菇披萨-7英寸(经典手拍)[{""name"":""规格"",""value"":""7英寸(经典手拍)""}]（45.00*1）,薯饼3个（12.00*1）,餐盒（2.00*1）",炙热牛魔王披萨+薯饼,,,,非会员,11,,,2份餐具,,57.00,15.76,35.10,0.00,0,0,2.19,0.00,3.50,【活动支出】单品特价:19.10元+【活动支出】单品特价:9.00元+【活动支出】饿了么红包:7.00元+【活动支出】替用户承担配送费:3.5元,-,-,-,2.00,温州区域,温州直营,,,否,-,平台配送
圣比萨（苍南金乡店）,SBS00029,温州,"8009320255168899409	",饿了么,平台外卖,已完成,2025-10-22 21:02:00,2025-10-22 21:02:00,2025-10-22 21:02:00,饿了么支付-在线支付,,即时单,2025-10-22 21:02:00,7.72,手动出餐,1,否,"榴莲王披萨-7英寸(经典手拍)[{""name"":""规格"",""value"":""7英寸(经典手拍)""}]（52.00*1）,奶酪芝士卷边（7英寸）（4.90*1）,餐盒（1.00*1）",榴莲王披萨+奶酪芝士卷边7,,,,非会员,12,,,1份餐具,,56.90,18.75,30.10,0.00,0,0,2.60,0.00,5.60,【活动支出】单品特价:22.10元+【活动支出】 商家自营销加码:0.00元+【活动支出】饿了么红包:8.00元+【活动支出】替用户承担配送费:5.6元,-,-,-,1.00,温州区域,温州直营,,,否,-,平台配送
圣比萨（苍南金乡店）,SBS00029,温州,"8012996089045950848	",饿了么,平台外卖,已完成,2025-10-22 21:33:38,2025-10-22 21:33:38,2025-10-22 21:33:38,饿了么支付-在线支付,,即时单,2025-10-22 21:33:38,5.60,手动出餐,1,否,"黑椒牛肉意面（52.00*1）,餐盒（1.00*1）",黑椒牛肉意面,,,,非会员,13,,,依据餐量提供餐具,,52.00,14.15,30.00,0.00,0,0,2.10,0.00,6.10,【活动支出】单品特价:23.00元+【活动支出】饿了么红包:7.00元+【活动支出】替用户承担配送费:6.0元,-,-,-,1.00,温州区域,温州直营,,,否,-,平台配送
圣比萨（苍南金乡店）,SBS00029,温州,"8016896089077518813	",饿了么,平台外卖,已完成,2025-10-22 21:55:44,2025-10-22 21:55:44,2025-10-22 21:55:44,饿了么支付-在线支付,,即时单,2025-10-22 21:55:44,9.83,手动出餐,1,否,手握三选一-单点[日式照烧]（20.00*1）,日式烧鸟风味一人食盒子披萨,,,,非会员,14,,,依据餐量提供餐具,,20.00,10.00,0.00,0.00,0,0,0.00,0.00,,【活动支出】爆品团通吃券:0.00元,-,-,-,0.00,温州区域,温州直营,,,否,-,平台配送
圣比萨（苍南金乡店）,SBS00029,温州,"8047696089059266918	",饿了么,平台外卖,已退款,2025-10-22 22:42:06,2025-10-22 22:42:06,2025-10-22 22:42:06,饿了么支付-在线支付,,即时单,2025-10-22 22:42:06,,未出餐,1,否,"榴莲王披萨-7英寸(经典手拍)[{""name"":""规格"",""value"":""7英寸(经典手拍)""}]（52.00*1）,牛肉蘑菇披萨-7英寸(经典手拍)[{""name"":""规格"",""value"":""7英寸(经典手拍)""}]（45.00*1）,餐盒（3.00*1）",榴莲王披萨+炙热牛魔王披萨,,,,非会员,15,,,依据餐量提供餐具,订单强制无效（商家主动取消已接订单、用户1分钟内取消),97.00,-3.86,50.20,38.40,0,0,4.91,0.00,6.60,【活动支出】店铺满减:1.00元+【活动支出】单品特价:22.10元+【活动支出】单品特价:19.10元+【活动支出】饿了么红包:8.00元+【活动支出】替用户承担配送费:6.0元,-,-,-,3.00,温州区域,温州直营,,,否,-,平台配送
圣比萨（苍南金乡店）,SBS00029,温州,"8047696089076134279	",饿了么,平台外卖,已完成,2025-10-22 22:43:47,2025-10-22 22:43:47,2025-10-22 22:43:48,饿了么支付-在线支付,,即时单,2025-10-22 22:43:47,11.80,手动出餐,1,否,"牛魔王薄脆披萨-单层[{""name"":""规格"",""value"":""单层""}]（90.00*1）,榴莲王披萨-7英寸(经典手拍)[{""name"":""规格"",""value"":""7英寸(经典手拍)""}]（52.00*1）,餐盒（2.00*1）",牛魔王薄脆披萨+榴莲王披萨,,,,非会员,16,,,依据餐量提供餐具,,142.00,39.24,87.60,0.00,0,0,5.61,0.00,6.60,【活动支出】店铺满减:6.00元+【活动支出】单品特价:47.50元+【活动支出】单品特价:22.10元+【活动支出】饿了么红包:12.00元+【活动支出】替用户承担配送费:6.0元,-,-,-,2.00,温州区域,温州直营,,,否,-,平台配送
圣比萨（苍南金乡店）,SBS00029,温州,"8066506089080694187	",饿了么,平台外卖,已完成,2025-10-22 22:55:35,2025-10-22 22:55:35,2025-10-22 22:55:35,饿了么支付-在线支付,,即时单,2025-10-22 22:55:35,10.83,手动出餐,1,否,"【任选5件套】披萨意面我全都要（128.00*1）,餐盒（1.00*1）",明星小食桶C+可乐+柠檬茶+日系照烧鸡披萨(7英寸(手拍))+番茄牛肉意面,,,,非会员,17,,,无需敲门电话，放门口即可 / 依据餐量提供餐具,,128.00,32.55,83.10,0.00,0,0,4.50,0.00,6.10,【活动支出】店铺满减:6.00元+【活动支出】单品特价:68.10元+【活动支出】饿了么红包:9.00元+【活动支出】替用户承担配送费:6.0元,-,-,-,1.00,温州区域,温州直营,,,否,-,平台配送
圣比萨（永中店）,SBS00013,温州,"8077320254821221836	",饿了么,平台外卖,已完成,2025-10-22 09:10:35,2025-10-22 09:10:35,2025-10-22 09:10:35,饿了么支付-在线支付,,预约单,2025-10-22 11:20:00,84.47,自动出餐,1,否,"雀巢牛奶[热]（10.00*1）,碳烤鸡肉芝士焗饭（52.00*1）,深海墨鱼丸-6个[{""name"":""规格"",""value"":""6个""}]（18.20*1）,盐酥鸡粒（21.00*1）,餐盒（4.00*1）",雀巢牛奶+碳烤鸡肉芝士焗饭+深海墨鱼丸+盐酥鸡粒,,,,非会员,1,,,依据餐量提供餐具,,101.20,28.62,60.50,0.00,0,0,3.13,0.00,14.70,【活动支出】店铺满减:6.00元+【活动支出】首次光顾立减:2.00元+【活动支出】单品特价:2.00元+【活动支出】单品特价:24.10元+【活动支出】单品特价:6.30元+【活动支出】单品特价:12.10元+【活动支出】饿了么红包:8.00元+【活动支出】替用户承担配送费:6.0元,-,-,-,4.00,温州区域,温州加盟,,,否,-,平台配送
圣比萨（永中店）,SBS00013,温州,"8051430254975927771	",饿了么,平台外卖,已完成,2025-10-22 11:08:30,2025-10-22 11:08:30,2025-10-22 11:08:30,饿了么支付-在线支付,,即时单,2025-10-22 11:08:30,10.80,手动出餐,1,否,"经典薯条（18.00*1）,咕咕鸡薄脆披萨-单层[{""name"":""规格"",""value"":""单层""}]（88.00*1）,奥尔良烤鸡肉披萨+小吃+饮品组合[奥尔良鸡肉披萨7英寸+上校鸡块一份+柠檬茶+冰]（58.00*1）,餐盒（6.00*1）",经典薯条+咕咕鸡薄脆披萨+新奥尔良烤鸡肉披萨【7英寸(手拍)】+上校鸡块+柠檬茶,,,,非会员,2,,,依据餐量提供餐具,,164.00,54.23,98.70,0.00,0,0,5.12,0.00,3.50,【活动支出】店铺满减:6.00元+【活动支出】单品特价:9.10元+【活动支出】单品特价:48.10元+【活动支出】单品特价:26.50元+【活动支出】饿了么红包:9.00元+【活动支出】替用户承担配送费:3.5元,-,-,-,6.00,温州区域,温州加盟,,,否,-,平台配送
圣比萨（永中店）,SBS00013,温州,"8056686088849015291	",饿了么,平台外卖,已退款,2025-10-22 12:28:24,2025-10-22 12:28:24,2025-10-22 12:28:25,饿了么支付-在线支付,,即时单,2025-10-22 12:28:24,10.15,手动出餐,1,否,"榴莲王披萨-7英寸（经典手拍)[{""name"":""规格"",""value"":""7英寸（经典手拍)""}]（52.00*1）,餐盒（1.00*1）",榴莲王披萨,,,,非会员,3,,,依据餐量提供餐具,"客服仲裁同意取消单 ,客服同意退款",52.00,-7.31,26.50,22.30,0,0,1.76,0.00,6.80,【活动支出】首次光顾立减:2.00元+【活动支出】单品特价:17.50元+【活动支出】饿了么红包:7.00元+【活动支出】替用户承担配送费:6.0元,-,-,-,1.00,温州区域,温州加盟,,,否,-,平台配送
圣比萨（永中店）,SBS00013,温州,"8014656088864401709	",饿了么,平台外卖,已完成,2025-10-22 13:23:35,2025-10-22 13:23:35,2025-10-22 13:23:35,饿了么支付-在线支付,,预约单,2025-10-22 14:10:00,1.47,自动出餐,1,否,"榴莲王披萨-7英寸（经典手拍)[{""name"":""规格"",""value"":""7英寸（经典手拍)""}]（52.00*1）,餐盒（1.00*1）",榴莲王披萨,,,,非会员,4,,,依据餐量提供餐具,,52.00,17.29,26.50,0.00,0,0,1.76,0.00,4.50,【活动支出】首次光顾立减:2.00元+【活动支出】单品特价:17.50元+【活动支出】超级会员专享红包:5.00元+【活动支出】 商家自营销加码:2.00元+【活动支出】替用户承担配送费:4.5元,-,-,-,1.00,温州区域,温州加盟,,,否,-,平台配送
圣比萨（永中店）,SBS00013,温州,"8056536088894579063	",饿了么,平台外卖,已完成,2025-10-22 15:01:00,2025-10-22 15:01:00,2025-10-22 15:01:00,饿了么支付-在线支付,,即时单,2025-10-22 15:01:00,7.92,手动出餐,1,否,"7英寸奥尔良烤鸡肉披萨[7英奥尔良烤鸡肉披萨]（58.00*1）,餐盒（2.00*1）",新奥尔良烤鸡肉披萨【7英寸(手拍)】,,,,非会员,5,,,依据餐量提供餐具,,58.00,7.12,45.50,0.00,0,0,1.43,0.00,3.50,【活动支出】首次光顾立减:2.00元+【活动支出】单品特价:34.50元+【活动支出】 商家自营销加码:2.00元+【活动支出】粉丝群:2.00元+【活动支出】饿了么红包:5.00元+【活动支出】替用户承担配送费:3.5元,-,-,-,2.00,温州区域,温州加盟,,,否,-,平台配送
圣比萨（永中店）,SBS00013,温州,"8018450254928851348	",饿了么,平台外卖,已完成,2025-10-22 15:28:14,2025-10-22 15:28:14,2025-10-22 15:28:14,饿了么支付-在线支付,,即时单,2025-10-22 15:28:14,8.65,手动出餐,1,否,手握三选一-单点[缤纷水果]（20.00*1）,热带雨林水果一人食盒子披萨,,,,非会员,6,,,依据餐量提供餐具,,20.00,10.00,0.00,0.00,0,0,0.00,0.00,,【活动支出】爆品团通吃券:0.00元,-,-,-,0.00,温州区域,温州加盟,,,否,-,平台配送
圣比萨（永中店）,SBS00013,温州,"8093060255034848647	",饿了么,平台外卖,已完成,2025-10-22 16:41:34,2025-10-22 16:41:34,2025-10-22 16:41:34,饿了么支付-在线支付,,即时单,2025-10-22 16:41:34,10.17,自动出餐,1,否,"圣比招牌披萨-12英寸(经典手拍)[{""name"":""规格"",""value"":""12英寸(经典手拍)""}]（109.00*1）,餐盒（2.00*1）",大圣招牌大满贯披萨,,,,非会员,7,,,不要打电话放桶上 / 依据餐量提供餐具,,109.00,35.26,64.10,0.00,0,0,3.29,0.00,3.50,【活动支出】店铺满减:6.00元+【活动支出】首次光顾立减:2.00元+【活动支出】单品特价:45.10元+【活动支出】粉丝群:2.00元+【活动支出】饿了么红包:9.00元+【活动支出】替用户承担配送费:3.5元,-,-,-,2.00,温州区域,温州加盟,,,否,-,平台配送
圣比萨（永中店）,SBS00013,温州,"8093060255051464180	",饿了么,平台外卖,已完成,2025-10-22 16:44:28,2025-10-22 16:44:28,2025-10-22 16:44:29,饿了么支付-在线支付,,即时单,2025-10-22 16:44:28,10.07,自动出餐,1,否,"金沙咸蛋黄嫩鸡披萨-12英寸（经典手拍）[{""name"":""规格"",""value"":""12英寸（经典手拍）""}]（129.00*1）,餐盒（1.00*1）",金沙咸蛋黄嫩鸡披萨,,,,非会员,8,,,不要打电话放桶上 / 依据餐量提供餐具,,129.00,37.43,80.10,0.00,0,0,3.52,0.00,3.50,【活动支出】店铺满减:6.00元+【活动支出】单品特价:65.10元+【活动支出】饿了么红包:9.00元+【活动支出】替用户承担配送费:3.5元,-,-,-,1.00,温州区域,温州加盟,,,否,-,平台配送
圣比萨（永中店）,SBS00013,温州,"8043556088914486567	",饿了么,平台外卖,已完成,2025-10-22 16:55:43,2025-10-22 16:55:43,2025-10-22 16:55:44,饿了么支付-在线支付,,即时单,2025-10-22 16:55:43,10.10,自动出餐,1,否,"7英寸披萨买一送一[新奥尔良鸡肉披7英寸+日系照烧鸡披萨7英寸]（86.80*1）,餐盒（2.00*1）",新奥尔良烤鸡肉披萨【7英寸(手拍)】+日系照烧鸡披萨【7英寸(手拍)】,,,,非会员,9,,,依据餐量提供餐具,,86.80,27.23,50.90,0.00,0,0,2.62,0.00,5.00,【活动支出】店铺满减:1.00元+【活动支出】首次光顾立减:2.00元+【活动支出】单品特价:39.90元+【活动支出】 商家自营销加码:0.00元+【活动支出】饿了么红包:8.00元+【活动支出】替用户承担配送费:5.0元,-,-,-,2.00,温州区域,温州加盟,,,否,-,平台配送
圣比萨（永中店）,SBS00013,温州,"8076656088972080451	",饿了么,平台外卖,已完成,2025-10-22 17:06:49,2025-10-22 17:06:49,2025-10-22 17:06:49,饿了么支付-在线支付,,即时单,2025-10-22 17:06:49,10.23,自动出餐,1,否,"红薯薯泥流心卷边（7英寸）（4.90*1）,缤纷芝士挞-菠萝味[{""name"":""规格"",""value"":""菠萝味""}]（7.00*1）,缤纷水果披萨-7英寸(手拍)[{""name"":""规格"",""value"":""7英寸(手拍)""}]（42.00*1）,薯饼3个（12.00*1）,餐盒（3.00*1）",红薯泥流心卷边7+缤纷芝士挞+缤纷水果披萨+薯饼,,,,非会员,10,,,依据餐量提供餐具,,65.90,21.15,39.20,0.00,0,0,2.00,0.00,3.50,【活动支出】店铺满减:1.00元+【活动支出】首次光顾立减:2.00元+【活动支出】单品特价:1.10元+【活动支出】单品特价:16.10元+【活动支出】单品特价:9.00元+【活动支出】粉丝群:2.00元+【活动支出】饿了么红包:8.00元+【活动支出】替用户承担配送费:3.5元,-,-,-,3.00,温州区域,温州加盟,,,否,-,平台配送
圣比萨（永中店）,SBS00013,温州,"8004230255066557744	",饿了么,平台外卖,已完成,2025-10-22 17:38:13,2025-10-22 17:38:13,2025-10-22 17:38:13,饿了么支付-在线支付,,即时单,2025-10-22 17:38:13,11.55,手动出餐,1,否,"【任选】披萨11选1+小吃6选2+饮品自选[奥尔良鸡肉披萨7英寸+上校鸡块4个+地道肠1根+柠檬茶+冰]（70.00*1）,餐盒（2.00*1）",新奥尔良烤鸡肉披萨【7英寸(手拍)】+上校鸡块+地道肠【1根】+柠檬茶,,,,非会员,11,,,依据餐量提供餐具,,70.00,19.51,43.10,0.00,0,0,1.94,0.00,4.50,【活动支出】单品特价:35.10元+【活动支出】 商家自营销加码:0.00元+【活动支出】饿了么红包:8.00元+【活动支出】替用户承担配送费:4.5元,-,-,-,2.00,温州区域,温州加盟,,,否,-,平台配送
圣比萨（永中店）,SBS00013,温州,"8024686088954988003	",饿了么,平台外卖,已完成,2025-10-22 17:38:59,2025-10-22 17:38:59,2025-10-22 17:39:00,饿了么支付-在线支付,,即时单,2025-10-22 17:38:59,10.82,手动出餐,1,否,"蛋挞1个（5.00*1）,【任选】披萨11选1+小吃6选2+饮品自选[圣比招牌披萨7英寸+川香大翅根1个+深海墨鱼丸3个+柠檬茶+冰]（70.00*1）,餐盒（1.00*1）",蛋挞1个+大圣招牌大满贯披萨【7英寸(手拍)】+川香脆皮大翅根【1个】+深海墨鱼丸3个+柠檬茶,,,,非会员,12,,,依据餐量提供餐具,,75.00,21.33,45.45,0.00,0,0,2.07,0.00,3.50,【活动支出】单品特价:2.41元+【活动支出】单品特价:43.04元+【活动支出】替用户承担配送费:3.5元,-,-,-,1.00,温州区域,温州加盟,,,否,-,平台配送
圣比萨（永中店）,SBS00013,温州,"8091380255080477136	",饿了么,平台外卖,已完成,2025-10-22 17:51:21,2025-10-22 17:51:21,2025-10-22 17:51:22,饿了么支付-在线支付,,即时单,2025-10-22 17:51:21,7.47,手动出餐,1,否,新奥尔良烤鸡肉披萨7寸-单点（22.00*1）,新奥尔良烤鸡肉披萨【7英寸(手拍)】,,,,非会员,13,,,2份餐具,,22.00,12.00,0.00,0.00,0,0,0.00,0.00,,【活动支出】拼团反圈活动:0.00元,-,-,-,0.00,温州区域,温州加盟,,,否,-,平台配送
圣比萨（永中店）,SBS00013,温州,"8018926088995223907	",饿了么,平台外卖,已完成,2025-10-22 18:17:55,2025-10-22 18:17:55,2025-10-22 18:17:55,饿了么支付-在线支付,,即时单,2025-10-22 18:17:55,12.13,自动出餐,1,否,"7英寸披萨买一送一[新奥尔良鸡肉披7英寸+碳烤鸡肉培根7英寸]（86.80*1）,番茄牛肉意面（52.00*1）,餐盒（3.00*1）",新奥尔良烤鸡肉披萨【7英寸(手拍)】+碳烤鸡肉培根披萨【7英寸(手拍)】+番茄牛肉意面,,,,非会员,14,,,依据餐量提供餐具,,138.80,46.31,81.00,0.00,0,0,4.34,0.00,4.00,【活动支出】店铺满减:6.00元+【活动支出】首次光顾立减:2.00元+【活动支出】单品特价:39.90元+【活动支出】单品特价:28.10元+【活动支出】饿了么红包:5.00元+【活动支出】替用户承担配送费:4.0元,-,-,-,3.00,温州区域,温州加盟,,,否,-,平台配送
圣比萨（永中店）,SBS00013,温州,"8008826089066258877	",饿了么,平台外卖,已完成,2025-10-22 19:52:55,2025-10-22 19:52:55,2025-10-22 19:52:55,饿了么支付-在线支付,,即时单,2025-10-22 19:52:55,10.00,自动出餐,1,否,"【任选】披萨11选1+小吃6选2+饮品自选[圣比招牌披萨7英寸+川香大翅根1个+地道肠1根+柠檬茶+常温]（70.00*1）,餐盒（2.00*1）",大圣招牌大满贯披萨【7英寸(手拍)】+川香脆皮大翅根【1个】+地道肠【1根】+柠檬茶,,,,非会员,15,,,依据餐量提供餐具,,70.00,18.23,46.10,0.00,0,0,1.72,0.00,3.50,【活动支出】首次光顾立减:2.00元+【活动支出】单品特价:35.10元+【活动支出】超级会员专享红包:5.00元+【活动支出】 商家自营销加码:2.00元+【活动支出】粉丝群:2.00元+【活动支出】替用户承担配送费:3.5元,-,-,-,2.00,温州区域,温州加盟,,,否,-,平台配送
圣比萨（永中店）,SBS00013,温州,"8083946089040755020	",饿了么,平台外卖,已完成,2025-10-22 20:25:01,2025-10-22 20:25:01,2025-10-22 20:25:01,饿了么支付-在线支付,,即时单,2025-10-22 20:25:01,9.87,手动出餐,1,否,"缤纷水果披萨-7英寸(手拍)[{""name"":""规格"",""value"":""7英寸(手拍)""}]（42.00*1）,餐盒（1.00*1）",缤纷水果披萨,,,,非会员,16,,,依据餐量提供餐具,,42.00,17.31,18.10,0.00,0,0,1.64,0.00,4.00,【活动支出】首次光顾立减:2.00元+【活动支出】单品特价:16.10元+【活动支出】饿了么红包:0.00元+【活动支出】心意红包:0.00元+【活动支出】替用户承担配送费:4.0元,-,-,-,1.00,温州区域,温州加盟,,,否,-,平台配送
圣比萨（永中店）,SBS00013,温州,"8099120255163272685	",饿了么,平台外卖,已完成,2025-10-22 21:18:46,2025-10-22 21:18:46,2025-10-22 21:18:46,饿了么支付-在线支付,,即时单,2025-10-22 21:18:46,9.05,手动出餐,1,否,"新奥尔良烤鸡肉披萨-9寸(手拍)[{""name"":""规格"",""value"":""9寸(手拍)""}]（78.00*1）,餐盒（1.00*1）",新奥尔良烤鸡肉披萨,,,,非会员,17,,,依据餐量提供餐具,,78.00,20.83,49.10,0.00,0,0,2.02,0.00,5.60,【活动支出】店铺满减:1.00元+【活动支出】单品特价:40.10元+【活动支出】饿了么红包:8.00元+【活动支出】替用户承担配送费:5.6元,-,-,-,1.00,温州区域,温州加盟,,,否,-,平台配送
圣比萨（永中店）,SBS00013,温州,"8039430255174178218	",饿了么,平台外卖,已完成,2025-10-22 21:41:50,2025-10-22 21:41:50,2025-10-22 21:41:50,饿了么支付-在线支付,,即时单,2025-10-22 21:41:50,10.03,自动出餐,1,否,"缤纷水果披萨-9英寸(手拍)[{""name"":""规格"",""value"":""9英寸(手拍)""}]（75.00*1）,奶酪芝士卷边（9英寸）（6.90*1）,餐盒（1.00*1）",缤纷水果披萨+奶酪芝士卷边9,,,,非会员,18,,,依据餐量提供餐具,,81.90,26.04,41.10,0.00,0,0,2.91,0.00,12.30,【活动支出】店铺满减:1.00元+【活动支出】单品特价:40.10元+【活动支出】替用户承担配送费:6.0元,-,-,-,1.00,温州区域,温州加盟,,,否,-,平台配送
圣比萨（永中店）,SBS00013,温州,"8050516089071591773	",饿了么,平台外卖,已完成,2025-10-22 21:47:34,2025-10-22 21:47:34,2025-10-22 21:47:34,饿了么支付-在线支付,,即时单,2025-10-22 21:47:34,10.07,自动出餐,1,否,"奶酪芝士卷边（12英寸）（8.90*1）,新奥尔良烤鸡肉披萨-12寸(手拍)[{""name"":""规格"",""value"":""12寸(手拍)""}]（109.00*1）,餐盒（1.00*1）",奶酪芝士卷边+新奥尔良烤鸡肉披萨,,,,非会员,19,,,2份餐具,,117.90,39.61,66.10,0.00,0,0,3.74,0.00,5.60,【活动支出】店铺满减:6.00元+【活动支出】首次光顾立减:2.00元+【活动支出】单品特价:49.10元+【活动支出】饿了么红包:9.00元+【活动支出】替用户承担配送费:5.6元,-,-,-,1.00,温州区域,温州加盟,,,否,-,平台配送
圣比萨（永中店）,SBS00013,温州,"8007616089069195746	",饿了么,平台外卖,已完成,2025-10-22 22:07:11,2025-10-22 22:07:11,2025-10-22 22:07:11,饿了么支付-在线支付,,即时单,2025-10-22 22:07:11,10.13,自动出餐,1,否,"【任选】披萨11选1+小吃6选2+饮品自选[牛肉蘑菇披萨7英寸+上校鸡块4个+地道肠1根+柠檬茶+冰]（70.00*1）,餐盒（2.00*1）",炙热牛魔王披萨【7英寸(手拍)】+上校鸡块+地道肠【1根】+柠檬茶,,,,非会员,20,,,依据餐量提供餐具,,70.00,17.73,46.10,0.00,0,0,1.72,0.00,5.60,【活动支出】首次光顾立减:2.00元+【活动支出】单品特价:35.10元+【活动支出】粉丝群:2.00元+【活动支出】饿了么红包:7.00元+【活动支出】替用户承担配送费:5.6元,-,-,-,2.00,温州区域,温州加盟,,,否,-,平台配送
圣比萨（永中店）,SBS00013,温州,"8008716089073546655	",饿了么,平台外卖,已完成,2025-10-22 22:11:22,2025-10-22 22:11:22,2025-10-22 22:11:22,饿了么支付-在线支付,,即时单,2025-10-22 22:11:22,9.28,手动出餐,1,否,新奥尔良烤鸡肉披萨7寸-单点（22.00*1）,新奥尔良烤鸡肉披萨【7英寸(手拍)】,,,,非会员,21,,,依据餐量提供餐具,,22.00,12.00,0.00,0.00,0,0,0.00,0.00,,【活动支出】拼团反圈活动:0.00元,-,-,-,0.00,温州区域,温州加盟,,,否,-,平台配送
圣比萨（永中店）,SBS00013,温州,"8076916089070543128	",饿了么,平台外卖,已完成,2025-10-22 22:12:39,2025-10-22 22:12:39,2025-10-22 22:12:39,饿了么支付-在线支付,,即时单,2025-10-22 22:12:39,10.02,自动出餐,1,否,"【新客福利】香烤地道肠1根（7.50*1）,蛋挞1个（5.00*1）,披萨随心配（60.40*1）,餐盒（4.00*1）",地道肠1根+蛋挞1个+地道肠1根+薯饼2个+盐酥鸡米花小份+新奥尔良烤鸡肉披萨(7英寸(手拍)),,,,非会员,22,,,依据餐量提供餐具,,72.90,16.74,51.42,0.00,0,0,1.69,0.00,5.60,【活动支出】店铺满减:1.00元+【活动支出】首次光顾立减:2.00元+【活动支出】单品特价:5.51元+【活动支出】单品特价:2.41元+【活动支出】单品特价:30.50元+【活动支出】 商家自营销加码:0.00元+【活动支出】粉丝群:2.00元+【活动支出】饿了么红包:8.00元+【活动支出】替用户承担配送费:5.6元,-,-,-,4.00,温州区域,温州加盟,,,否,-,平台配送
圣比萨（永中店）,SBS00013,温州,"8027996089102508449	",饿了么,平台外卖,已完成,2025-10-22 22:19:13,2025-10-22 22:19:13,2025-10-22 22:19:13,饿了么支付-在线支付,,即时单,2025-10-22 22:19:13,9.12,手动出餐,1,否,"缤纷水果披萨-9英寸(手拍)[{""name"":""规格"",""value"":""9英寸(手拍)""}]（75.00*1）,缤纷芝士挞-菠萝味[{""name"":""规格"",""value"":""菠萝味""}]（7.00*1）,薯饼3个（12.00*1）,餐盒（3.00*1）",缤纷水果披萨+缤纷芝士挞+薯饼,,,,非会员,23,,,依据餐量提供餐具,,94.00,22.01,60.20,0.00,0,0,2.54,0.00,11.30,【活动支出】店铺满减:1.00元+【活动支出】单品特价:40.10元+【活动支出】单品特价:1.10元+【活动支出】单品特价:9.00元+【活动支出】饿了么红包:9.00元+【活动支出】替用户承担配送费:6.0元,-,-,-,3.00,温州区域,温州加盟,,,否,-,平台配送
圣比萨·披萨·炸鸡（盐城八滩店）,SBS00030,盐城,"8075120254947190136	",饿了么,平台外卖,已完成,2025-10-22 12:28:39,2025-10-22 12:28:39,2025-10-22 12:28:40,饿了么支付-在线支付,,即时单,2025-10-22 12:28:39,12.08,自动出餐,1,否,"榴莲王披萨-7英寸(手拍)[{""name"":""规格"",""value"":""7英寸(手拍)""}]（35.90*1）,餐盒（1.00*1）,川香脆皮翅根1份（0.00*1）",榴莲王披萨,,,,非会员,1,,,依据餐量提供餐具,,35.90,19.41,4.50,0.00,0,0,2.95,0.74,5.00,【活动支出】店铺满减:1.00元+【活动支出】川香脆皮翅根1份:0.00元+【活动支出】 商家自营销加码:0.50元+【活动支出】饿了么红包:3.00元+【活动支出】替用户承担配送费:5.0元,-,-,-,1.00,江苏区域,江苏直营店,,,否,-,平台配送
圣比萨·披萨·炸鸡（盐城八滩店）,SBS00030,盐城,"8060330254993068505	",饿了么,平台外卖,已完成,2025-10-22 13:36:52,2025-10-22 13:36:52,2025-10-22 13:36:52,饿了么支付-在线支付,,即时单,2025-10-22 13:36:52,10.20,自动出餐,1,否,"【随心❤️拼】7英寸双拼披萨（口味自选）[缤纷水果+玉米沙拉]（26.90*1）,收藏得小吃（每单限一份）[薯饼1个]（0.00*1）,蛋挞一个（原味）（3.90*1）,餐盒（1.00*1）",双拼7寸【缤纷水果口味7】+双拼7寸【玉米沙拉口味7】+薯饼1个+蛋挞1个,,,,非会员,2,,,"不要葱, 不要香菜 / 依据餐量提供餐具",,30.80,14.11,5.91,0.00,0,0,2.54,0.64,5.00,【活动支出】单品特价:2.91元+【活动支出】饿了么红包:3.00元+【活动支出】替用户承担配送费:5.0元,-,-,-,1.00,江苏区域,江苏直营店,,,否,-,平台配送
圣比萨·披萨·炸鸡（盐城八滩店）,SBS00030,盐城,"8044716088949287251	",饿了么,平台外卖,已完成,2025-10-22 16:14:06,2025-10-22 16:14:06,2025-10-22 16:14:06,饿了么支付-在线支付,,即时单,2025-10-22 16:14:06,10.17,自动出餐,1,否,"圣比招牌披萨-12寸(手拍)[{""name"":""规格"",""value"":""12寸(手拍)""}]（63.90*1）,餐盒（1.00*1）,川香脆皮翅根1份（0.00*1）",大圣招牌大满贯披萨,,,,非会员,3,,,依据餐量提供餐具,,63.90,35.66,9.00,0.00,0,0,5.19,1.30,6.00,【活动支出】店铺满减:3.00元+【活动支出】川香脆皮翅根1份:0.00元+【活动支出】饿了么红包:6.00元+【活动支出】替用户承担配送费:5.0元,-,-,-,1.00,江苏区域,江苏直营店,,,否,-,平台配送
圣比萨·披萨·炸鸡（盐城八滩店）,SBS00030,盐城,"8006526088907044289	",饿了么,平台外卖,已完成,2025-10-22 16:41:08,2025-10-22 16:41:08,2025-10-22 16:41:09,饿了么支付-在线支付,,即时单,2025-10-22 16:41:08,10.23,自动出餐,1,否,"玉米沙拉披萨-7英寸(手拍)[{""name"":""规格"",""value"":""7英寸(手拍)""}]（25.90*1）,奶酪芝士卷边（7英寸）（4.90*1）,奶酪芝士卷边（7英寸）（4.90*1）,榴莲王披萨-7英寸(手拍)[{""name"":""规格"",""value"":""7英寸(手拍)""}]（35.90*1）,餐盒（2.00*1）,川香脆皮翅根1份（0.00*1）",玉米沙拉披萨+奶酪芝士卷边7+奶酪芝士卷边7+榴莲王披萨,,,,非会员,4,,,依据餐量提供餐具,,71.60,42.44,9.00,0.00,0,0,5.89,1.47,5.00,【活动支出】店铺满减:3.00元+【活动支出】川香脆皮翅根1份:0.00元+【活动支出】饿了么红包:6.00元+【活动支出】替用户承担配送费:5.0元,-,-,-,2.00,江苏区域,江苏直营店,,,否,-,平台配送
圣比萨·披萨·炸鸡（盐城八滩店）,SBS00030,盐城,"8001636089023597923	",饿了么,平台外卖,已完成,2025-10-22 19:35:14,2025-10-22 19:35:14,2025-10-22 19:35:14,饿了么支付-在线支付,,即时单,2025-10-22 19:35:14,10.23,自动出餐,1,否,"榴莲王披萨-7英寸(手拍)[{""name"":""规格"",""value"":""7英寸(手拍)""}]（35.90*1）,餐盒（1.00*1）,川香脆皮翅根1份（0.00*1）",榴莲王披萨,,,,非会员,5,,,无接触配送 / 依据餐量提供餐具,,35.90,19.91,4.00,0.00,0,0,2.95,0.74,5.00,【活动支出】店铺满减:1.00元+【活动支出】川香脆皮翅根1份:0.00元+【活动支出】饿了么红包:3.00元+【活动支出】替用户承担配送费:5.0元,-,-,-,1.00,江苏区域,江苏直营店,,,否,-,平台配送
圣比萨·披萨·炸鸡（盐城八滩店）,SBS00030,盐城,"8022190255164751276	",饿了么,平台外卖,已完成,2025-10-22 20:44:31,2025-10-22 20:44:31,2025-10-22 20:44:31,饿了么支付-在线支付,,即时单,2025-10-22 20:44:31,10.10,自动出餐,1,否,"鸡排芝士套餐[香辣]（28.90*1）,餐盒（1.00*1）",鸡排芝士套餐[香辣]+餐盒,,,,非会员,6,,,"放门口就行, 不要敲门, 不要打电话 / 依据餐量提供餐具",,28.90,15.46,3.50,0.00,0,0,2.39,0.60,5.00,【活动支出】 商家自营销加码:0.50元+【活动支出】饿了么红包:3.00元+【活动支出】替用户承担配送费:5.0元,-,-,-,1.00,江苏区域,江苏直营店,,,否,-,平台配送
圣比萨·披萨·炸鸡（盐城八滩店）,SBS00030,盐城,"8091576089063809404	",饿了么,平台外卖,已完成,2025-10-22 21:06:37,2025-10-22 21:06:37,2025-10-22 21:06:37,饿了么支付-在线支付,,即时单,2025-10-22 21:06:37,10.18,自动出餐,1,否,【随心❤️拼】7英寸双拼披萨（口味自选）[碳烤鸡肉培根+玉米沙拉]（26.90*1）,双拼7寸【碳烤鸡肉培根口味7】+双拼7寸【玉米沙拉口味7】,,,,非会员,7,,,依据餐量提供餐具,,26.90,12.26,3.50,0.00,0,0,2.15,0.54,5.00,【活动支出】 商家自营销加码:0.50元+【活动支出】饿了么红包:3.00元+【活动支出】替用户承担配送费:5.0元,-,-,-,0.00,江苏区域,江苏直营店,,,否,-,平台配送
圣比萨（蟠凤店）,SBM00023,温州,"8055000254953446747	",饿了么,平台外卖,已完成,2025-10-22 10:40:57,2025-10-22 10:40:57,2025-10-22 10:40:57,饿了么支付-在线支付,,即时单,2025-10-22 10:40:57,10.23,自动出餐,1,否,"披萨保温袋（一个披萨配一个，勿多拍）-7英寸保温袋[{""name"":""规格"",""value"":""7英寸保温袋""}]（0.50*1）,牛肉至尊披萨-7英寸（经典手拍）[{""name"":""规格"",""value"":""7英寸（经典手拍）""}]（45.00*1）",炙热牛魔王披萨,,,,非会员,1,,,依据餐量提供餐具,,45.50,17.12,20.80,0.00,0,0,1.63,0.00,4.00,【活动支出】单品特价:20.80元+【活动支出】替用户承担配送费:4.0元,-,-,-,0.00,温州区域,温州加盟,,,否,-,平台配送
圣比萨（蟠凤店）,SBM00023,温州,"8025766088789486991	",饿了么,平台外卖,已完成,2025-10-22 10:53:02,2025-10-22 10:53:02,2025-10-22 10:53:02,饿了么支付-在线支付,,即时单,2025-10-22 10:53:02,10.22,自动出餐,1,否,"番茄牛肉意面（27.60*1）,可乐（听装）[常温]（6.00*1）,餐盒（1.00*1）",番茄牛肉意面+可乐,,,,非会员,2,,,依据餐量提供餐具,,33.60,13.12,14.70,0.00,0,0,1.43,0.00,3.50,【活动支出】首次光顾立减:1.00元+【活动支出】单品特价:4.70元+【活动支出】单品特价:1.00元+【活动支出】粉丝群:1.00元+【活动支出】饿了么红包:7.00元+【活动支出】替用户承担配送费:3.5元,-,-,-,1.00,温州区域,温州加盟,,,否,-,平台配送
圣比萨（蟠凤店）,SBM00023,温州,"8036120254883977709	",饿了么,平台外卖,已完成,2025-10-22 10:55:35,2025-10-22 10:55:35,2025-10-22 10:55:35,饿了么支付-在线支付,,即时单,2025-10-22 10:55:35,10.15,自动出餐,1,否,"奥尔良烤鸡肉披萨-7英寸（经典手拍）[{""name"":""规格"",""value"":""7英寸（经典手拍）""}]（45.00*1）,餐盒（1.00*1）",新奥尔良烤鸡肉披萨,,,,非会员,3,,,依据餐量提供餐具,,45.00,9.12,30.10,0.00,0,0,1.43,0.00,3.50,【活动支出】首次光顾立减:1.00元+【活动支出】单品特价:21.10元+【活动支出】 商家自营销加码:2.00元+【活动支出】粉丝群:1.00元+【活动支出】饿了么红包:5.00元+【活动支出】替用户承担配送费:3.5元,-,-,-,1.00,温州区域,温州加盟,,,否,-,平台配送
圣比萨（蟠凤店）,SBM00023,温州,"8057836088790449582	",饿了么,平台外卖,已完成,2025-10-22 10:56:49,2025-10-22 10:56:49,2025-10-22 10:56:49,饿了么支付-在线支付,,预约单,2025-10-22 11:50:00,8.40,自动出餐,1,否,"9英寸奥尔良烤鸡肉披萨（78.00*1）,餐盒（1.00*1）",新奥尔良烤鸡肉披萨【9英寸(手拍)】,,,,非会员,4,,,依据餐量提供餐具,,78.00,17.29,52.50,0.00,0,0,1.76,0.00,5.60,【活动支出】首次光顾立减:1.00元+【活动支出】单品特价:44.50元+【活动支出】 商家自营销加码:2.00元+【活动支出】饿了么红包:5.00元+【活动支出】替用户承担配送费:5.6元,-,-,-,1.00,温州区域,温州加盟,,,否,-,平台配送
圣比萨（蟠凤店）,SBM00023,温州,"8077896088795530736	",饿了么,平台外卖,已完成,2025-10-22 11:11:41,2025-10-22 11:11:41,2025-10-22 11:11:42,饿了么支付-在线支付,,即时单,2025-10-22 11:11:41,12.18,自动出餐,1,否,"【真榴莲果肉】7英寸榴莲王披萨（58.00*1）,餐盒（1.00*1）",榴莲王披萨7英寸,,,,非会员,5,,,依据餐量提供餐具,,58.00,15.46,33.50,0.00,0,0,1.69,0.00,6.20,【活动支出】首次光顾立减:1.00元+【活动支出】单品特价:25.50元+【活动支出】饿了么红包:7.00元+【活动支出】替用户承担配送费:6.0元,-,-,-,1.00,温州区域,温州加盟,,,否,-,平台配送
圣比萨（蟠凤店）,SBM00023,温州,"8081490254926571954	",饿了么,平台外卖,已完成,2025-10-22 11:56:04,2025-10-22 11:56:04,2025-10-22 11:56:05,饿了么支付-在线支付,,即时单,2025-10-22 11:56:04,12.10,自动出餐,1,否,"【真榴莲果肉】7英寸榴莲王披萨（58.00*1）,餐盒（1.00*1）",榴莲王披萨7英寸,,,,非会员,6,,,依据餐量提供餐具,,58.00,19.11,31.50,0.00,0,0,1.84,0.00,3.50,【活动支出】单品特价:25.50元+【活动支出】饿了么红包:6.00元+【活动支出】替用户承担配送费:3.5元,-,-,-,1.00,温州区域,温州加盟,,,否,-,平台配送
圣比萨（蟠凤店）,SBM00023,温州,"8056866088873215287	",饿了么,平台外卖,已完成,2025-10-22 13:10:23,2025-10-22 13:10:23,2025-10-22 13:10:23,饿了么支付-在线支付,,即时单,2025-10-22 13:10:23,12.17,自动出餐,1,否,"9英寸奥尔良烤鸡肉披萨（78.00*1）,餐盒（1.00*1）",新奥尔良烤鸡肉披萨【9英寸(手拍)】,,,,非会员,7,,,依据餐量提供餐具,,78.00,16.36,53.50,0.00,0,0,1.69,0.00,5.00,【活动支出】首次光顾立减:1.00元+【活动支出】单品特价:44.50元+【活动支出】 商家自营销加码:2.00元+【活动支出】粉丝群:1.00元+【活动支出】饿了么红包:5.00元+【活动支出】替用户承担配送费:5.0元,-,-,-,1.00,温州区域,温州加盟,,,否,-,平台配送
圣比萨（蟠凤店）,SBM00023,温州,"8006836088917070170	",饿了么,平台外卖,已完成,2025-10-22 14:04:50,2025-10-22 14:04:50,2025-10-22 14:04:51,饿了么支付-在线支付,,即时单,2025-10-22 14:04:50,10.17,自动出餐,1,否,"任选披萨8选1+小吃6选1+饮料[奥尔良鸡肉披萨7英寸+上校鸡块4个+芒果汁+冰]（65.00*1）,【新客专享】川香脆皮翅根（1个）（12.00*1）,台式香烤地道肠（7.50*1）,餐盒（4.00*1）",新奥尔良烤鸡肉披萨【7英寸(手拍)】+上校鸡块+芒果汁+川香脆皮大翅根【1个】+地道肠1根,,,,非会员,8,,,依据餐量提供餐具,,84.50,17.34,61.62,0.00,0,0,1.79,0.00,5.60,【活动支出】店铺满减:1.00元+【活动支出】单品特价:33.10元+【活动支出】单品特价:10.01元+【活动支出】单品特价:5.51元+【活动支出】饿了么红包:12.00元+【活动支出】替用户承担配送费:5.6元,-,-,-,4.00,温州区域,温州加盟,,,否,-,平台配送
圣比萨（蟠凤店）,SBM00023,温州,"8001796088928177564	",饿了么,平台外卖,已完成,2025-10-22 14:32:47,2025-10-22 14:32:47,2025-10-22 14:32:48,饿了么支付-在线支付,,即时单,2025-10-22 14:32:47,10.12,自动出餐,1,否,"9英寸披萨随❤双拼[奥尔良+奥尔良]（80.00*1）,经典薯条（18.00*1）,餐盒（2.00*1）",双拼9寸【奥尔良口味9】+双拼9寸【奥尔良口味9】+经典薯条,,,,非会员,9,,,2份餐具,,98.00,33.27,54.60,0.00,0,0,3.18,0.00,3.50,【活动支出】店铺满减:1.00元+【活动支出】单品特价:39.50元+【活动支出】单品特价:9.10元+【活动支出】饿了么红包:5.00元+【活动支出】替用户承担配送费:3.5元,-,-,-,2.00,温州区域,温州加盟,,,否,-,平台配送
圣比萨（蟠凤店）,SBM00023,温州,"8062776088912999866	",饿了么,平台外卖,已完成,2025-10-22 15:18:35,2025-10-22 15:18:35,2025-10-22 15:18:35,饿了么支付-在线支付,,即时单,2025-10-22 15:18:35,10.23,自动出餐,1,否,"上校鸡块一个（3.00*2）,经典薯条（18.00*1）,翅薯组合（21.00*1）,奥尔良烤鸡肉披萨-7英寸（经典手拍）[{""name"":""规格"",""value"":""7英寸（经典手拍）""}]（45.00*1）,餐盒（5.00*1）",上校鸡块1个+经典薯条+翅薯组合+新奥尔良烤鸡肉披萨,,,,非会员,10,,,依据餐量提供餐具,"用户申请退单 ",90.00,34.33,49.10,0.00,0,0,3.22,0.00,3.50,【活动支出】店铺满减:6.00元+【活动支出】首次光顾立减:1.00元+【活动支出】单品特价:2.90元+【活动支出】单品特价:9.10元+【活动支出】单品特价:21.10元+【活动支出】饿了么红包:9.00元+【活动支出】替用户承担配送费:3.5元,-,-,-,5.00,温州区域,温州加盟,,,否,-,平台配送
圣比萨（蟠凤店）,SBM00023,温州,"8066586088911527417	",饿了么,平台外卖,已完成,2025-10-22 16:12:26,2025-10-22 16:12:26,2025-10-22 16:12:26,饿了么支付-在线支付,,即时单,2025-10-22 16:12:26,10.23,自动出餐,1,否,"9英寸奥尔良烤鸡肉披萨（78.00*1）,餐盒（1.00*1）",新奥尔良烤鸡肉披萨【9英寸(手拍)】,,,,非会员,11,,,依据餐量提供餐具,,78.00,18.21,51.50,0.00,0,0,1.84,0.00,5.00,【活动支出】单品特价:44.50元+【活动支出】饿了么红包:7.00元+【活动支出】替用户承担配送费:5.0元,-,-,-,1.00,温州区域,温州加盟,,,否,-,平台配送
圣比萨（蟠凤店）,SBM00023,温州,"8090340254947461528	",饿了么,平台外卖,已完成,2025-10-22 16:12:55,2025-10-22 16:12:55,2025-10-22 16:12:56,饿了么支付-在线支付,,即时单,2025-10-22 16:12:55,10.08,自动出餐,1,否,"奥尔良烤鸡肉披萨-7英寸（经典手拍）[{""name"":""规格"",""value"":""7英寸（经典手拍）""}]（45.00*1）,餐盒（1.00*1）",新奥尔良烤鸡肉披萨,,,,非会员,12,,,手套给多几个 / 2份餐具,,45.00,8.22,30.10,0.00,0,0,1.43,0.00,5.00,【活动支出】首次光顾立减:1.00元+【活动支出】单品特价:21.10元+【活动支出】 商家自营销加码:2.00元+【活动支出】粉丝群:1.00元+【活动支出】饿了么红包:5.00元+【活动支出】替用户承担配送费:5.0元,-,-,-,1.00,温州区域,温州加盟,,,否,-,平台配送
圣比萨（蟠凤店）,SBM00023,温州,"8071460254944965067	",饿了么,平台外卖,已完成,2025-10-22 16:20:47,2025-10-22 16:20:47,2025-10-22 16:20:47,饿了么支付-在线支付,,即时单,2025-10-22 16:20:47,10.05,自动出餐,1,否,"德州鸡肉串-3串[{""name"":""规格"",""value"":""3串""}]（18.00*1）,【香蕉菠萝】9英寸缤纷水果披萨（75.00*1）,【新客专享】川香脆皮翅根（1个）（12.00*1）,台式香烤地道肠（7.50*1）,餐盒（5.00*1）",缤纷水果披萨【9英寸(手拍)】+川香脆皮大翅根【1个】+地道肠1根,,,,非会员,13,,,办公楼大门走到底左转坐电梯到4层；左门话机开不了，可以蹭人开门坐电梯到4层；右门门禁呼叫B412 / 2份餐具,,112.50,31.49,74.02,0.00,0,0,3.04,0.00,3.50,【活动支出】店铺满减:6.00元+【活动支出】单品特价:41.50元+【活动支出】单品特价:10.01元+【活动支出】单品特价:5.51元+【活动支出】粉丝群:2.00元+【活动支出】饿了么红包:9.00元+【活动支出】替用户承担配送费:3.5元,-,-,-,5.00,温州区域,温州加盟,,,否,-,平台配送
圣比萨（蟠凤店）,SBM00023,温州,"8060170255146679565	",饿了么,平台外卖,已完成,2025-10-22 17:09:01,2025-10-22 17:09:01,2025-10-22 17:09:02,饿了么支付-在线支付,,即时单,2025-10-22 17:09:01,10.12,自动出餐,1,否,"任选披萨8选1+小吃6选1+饮料[圣比至尊披萨7英寸+滕椒金丝鸡排+橙汁+冰]（65.00*1）,餐盒（2.00*1）",大圣招牌大满贯披萨【7英寸(手拍)】+柳橙汁,,,,非会员,14,,,依据餐量提供餐具,用户申请退单 少了个橙汁..，不用给我真退款，发你们看一下确实少了😅，下次这样再来麻烦你们，嘴巴干死了,65.00,16.43,41.10,0.00,0,0,1.72,0.00,6.20,【活动支出】首次光顾立减:1.00元+【活动支出】单品特价:33.10元+【活动支出】饿了么红包:7.00元+【活动支出】替用户承担配送费:6.0元,-,-,-,2.00,温州区域,温州加盟,,,否,-,平台配送
圣比萨（蟠凤店）,SBM00023,温州,"8037726088973946126	",饿了么,平台外卖,已完成,2025-10-22 17:09:15,2025-10-22 17:09:15,2025-10-22 17:09:16,饿了么支付-在线支付,,即时单,2025-10-22 17:09:15,10.02,自动出餐,1,否,"【真榴莲果肉】7英寸榴莲王披萨（58.00*1）,翅薯组合（21.00*1）,餐盒（3.00*1）",榴莲王披萨7英寸+翅薯组合,,,,非会员,15,,,依据餐量提供餐具,,79.00,34.19,35.60,0.00,0,0,3.26,0.00,3.50,【活动支出】店铺满减:1.00元+【活动支出】首次光顾立减:1.00元+【活动支出】单品特价:25.50元+【活动支出】单品特价:1.10元+【活动支出】超级会员专享红包:5.00元+【活动支出】 商家自营销加码:2.00元+【活动支出】替用户承担配送费:3.5元,-,-,-,3.00,温州区域,温州加盟,,,否,-,平台配送
圣比萨（蟠凤店）,SBM00023,温州,"8079060255166577933	",饿了么,平台外卖,已完成,2025-10-22 17:39:59,2025-10-22 17:39:59,2025-10-22 17:39:59,饿了么支付-在线支付,,预约单,2025-10-22 21:05:00,160.03,自动出餐,1,否,"招牌肉酱意面（52.00*1）,港式奶茶[冰]（10.00*1）,深海墨鱼丸一个（3.00*2）,香烤鸡翅-4只[{""name"":""规格"",""value"":""4只""}]（30.00*1）,餐盒（4.00*1）",招牌肉酱意面+港式奶茶+深海墨鱼丸1个+香烤鸡翅,,,,非会员,16,,,依据餐量提供餐具,,98.00,45.95,40.40,0.00,0,0,4.40,0.00,5.60,【活动支出】店铺满减:6.00元+【活动支出】首次光顾立减:1.00元+【活动支出】单品特价:23.50元+【活动支出】单品特价:2.00元+【活动支出】单品特价:2.90元+【活动支出】饿了么红包:5.00元+【活动支出】替用户承担配送费:5.6元,-,-,-,4.00,温州区域,温州加盟,,,否,-,平台配送
圣比萨（蟠凤店）,SBM00023,温州,"8002836088977573263	",饿了么,平台外卖,已完成,2025-10-22 18:06:47,2025-10-22 18:06:47,2025-10-22 18:06:48,饿了么支付-在线支付,,即时单,2025-10-22 18:06:47,12.05,自动出餐,1,否,"任选披萨8选1+小吃6选1+饮料[奥尔良鸡肉披萨7英寸+上校鸡块4个+可乐（听装）+冰]（65.00*1）,餐盒（2.00*1）",新奥尔良烤鸡肉披萨【7英寸(手拍)】+上校鸡块,,,,非会员,17,,,依据餐量提供餐具,,65.00,17.31,42.10,0.00,0,0,1.64,0.00,3.50,【活动支出】首次光顾立减:1.00元+【活动支出】单品特价:33.10元+【活动支出】 商家自营销加码:2.00元+【活动支出】精准营销:1.00元+【活动支出】饿了么红包:5.00元+【活动支出】替用户承担配送费:3.5元,-,-,-,2.00,温州区域,温州加盟,,,否,-,平台配送
圣比萨（蟠凤店）,SBM00023,温州,"8054040255188036955	",饿了么,平台外卖,已完成,2025-10-22 18:07:33,2025-10-22 18:07:33,2025-10-22 18:07:33,饿了么支付-在线支付,,即时单,2025-10-22 18:07:33,12.13,自动出餐,1,否,"奥尔良烤鸡肉披萨-7英寸（经典手拍）[{""name"":""规格"",""value"":""7英寸（经典手拍）""}]（45.00*1）,餐盒（1.00*1）",新奥尔良烤鸡肉披萨,,,,非会员,18,,,无需餐具,,45.00,11.12,28.10,0.00,0,0,1.43,0.00,4.00,【活动支出】单品特价:21.10元+【活动支出】饿了么红包:7.00元+【活动支出】替用户承担配送费:4.0元,-,-,-,1.00,温州区域,温州加盟,,,否,-,平台配送
圣比萨（蟠凤店）,SBM00023,温州,"8040400255099601216	",饿了么,平台外卖,已完成,2025-10-22 18:30:09,2025-10-22 18:30:09,2025-10-22 18:30:09,饿了么支付-在线支付,,即时单,2025-10-22 18:30:09,12.10,自动出餐,1,否,"个人独享DIY套餐(折扣价)[缤纷水果7寸+奥尔良烤翅+奶茶+常温]（59.00*1）,餐盒（2.00*1）",缤纷水果披萨【7英寸(手拍)】+奥尔良烤翅,,,,非会员,19,,,依据餐量提供餐具,,59.00,19.49,30.50,0.00,0,0,2.06,0.00,6.20,【活动支出】单品特价:23.50元+【活动支出】饿了么红包:0.00元+【活动支出】饿了么红包:7.00元+【活动支出】替用户承担配送费:6.0元,-,-,-,2.00,温州区域,温州加盟,,,否,-,平台配送
圣比萨（蟠凤店）,SBM00023,温州,"8044526088991114507	",饿了么,平台外卖,已完成,2025-10-22 19:06:52,2025-10-22 19:06:52,2025-10-22 19:06:52,饿了么支付-在线支付,,即时单,2025-10-22 19:06:52,12.22,自动出餐,1,否,"任选披萨8选1+小吃6选1+饮料[牛肉至尊披萨7英寸+滕椒金丝鸡排+橙汁+常温]（65.00*1）,餐盒（2.00*1）",柳橙汁,,,,非会员,20,,,依据餐量提供餐具,,65.00,19.16,40.10,0.00,0,0,1.79,0.00,4.00,【活动支出】单品特价:33.10元+【活动支出】饿了么红包:7.00元+【活动支出】替用户承担配送费:4.0元,-,-,-,2.00,温州区域,温州加盟,,,否,-,平台配送
圣比萨（蟠凤店）,SBM00023,温州,"8075090255120649543	",饿了么,平台外卖,已完成,2025-10-22 19:20:56,2025-10-22 19:20:56,2025-10-22 19:20:56,饿了么支付-在线支付,,即时单,2025-10-22 19:20:56,12.20,自动出餐,1,否,"7寸披萨一人食土豪餐[圣比至尊7寸+墨鱼丸3个+墨鱼丸3个+可乐（听装）+常温]（70.00*1）,餐盒（2.00*1）",深海墨鱼丸3个+深海墨鱼丸3个,,,,非会员,21,,,依据餐量提供餐具,,70.00,20.36,42.50,0.00,0,0,1.99,0.00,3.50,【活动支出】单品特价:34.50元+【活动支出】粉丝群:1.00元+【活动支出】饿了么红包:7.00元+【活动支出】替用户承担配送费:3.5元,-,-,-,2.00,温州区域,温州加盟,,,否,-,平台配送
圣比萨（蟠凤店）,SBM00023,温州,"8079070255133877710	",饿了么,平台外卖,已完成,2025-10-22 19:35:07,2025-10-22 19:35:07,2025-10-22 19:35:07,饿了么支付-在线支付,,即时单,2025-10-22 19:35:07,10.13,自动出餐,1,否,"奥尔良烤鸡肉披萨-7英寸（经典手拍）[{""name"":""规格"",""value"":""7英寸（经典手拍）""}]（45.00*1）,餐盒（1.00*1）",新奥尔良烤鸡肉披萨,,,,非会员,22,,,依据餐量提供餐具,,45.00,9.12,30.10,0.00,0,0,1.43,0.00,3.50,【活动支出】首次光顾立减:1.00元+【活动支出】单品特价:21.10元+【活动支出】 商家自营销加码:2.00元+【活动支出】粉丝群:1.00元+【活动支出】饿了么红包:5.00元+【活动支出】替用户承担配送费:3.5元,-,-,-,1.00,温州区域,温州加盟,,,否,-,平台配送
圣比萨（蟠凤店）,SBM00023,温州,"8020636089061378357	",饿了么,平台外卖,已完成,2025-10-22 19:40:46,2025-10-22 19:40:46,2025-10-22 19:40:46,饿了么支付-在线支付,,即时单,2025-10-22 19:40:46,10.22,自动出餐,1,否,"奥尔良烤鸡肉披萨-7英寸（经典手拍）[{""name"":""规格"",""value"":""7英寸（经典手拍）""}]（45.00*1）,餐盒（1.00*1）",新奥尔良烤鸡肉披萨,,,,非会员,23,,,依据餐量提供餐具,,45.00,10.12,29.10,0.00,0,0,1.43,0.00,3.50,【活动支出】首次光顾立减:1.00元+【活动支出】单品特价:21.10元+【活动支出】饿了么红包:7.00元+【活动支出】替用户承担配送费:3.5元,-,-,-,1.00,温州区域,温州加盟,,,否,-,平台配送
圣比萨（蟠凤店）,SBM00023,温州,"8057130255047770536	",饿了么,平台外卖,已完成,2025-10-22 19:47:27,2025-10-22 19:47:27,2025-10-22 19:47:27,饿了么支付-在线支付,,即时单,2025-10-22 19:47:27,10.02,自动出餐,1,否,"披萨保温袋（一个披萨配一个，勿多拍）-7英寸保温袋[{""name"":""规格"",""value"":""7英寸保温袋""}]（0.50*1）,奥尔良烤鸡肉披萨-7英寸（经典手拍）[{""name"":""规格"",""value"":""7英寸（经典手拍）""}]（45.00*1）,餐盒（1.00*1）",新奥尔良烤鸡肉披萨,,,,非会员,24,,,依据餐量提供餐具,,45.50,11.62,28.10,0.00,0,0,1.43,0.00,3.50,【活动支出】单品特价:21.10元+【活动支出】饿了么红包:7.00元+【活动支出】替用户承担配送费:3.5元,-,-,-,1.00,温州区域,温州加盟,,,否,-,平台配送
圣比萨（蟠凤店）,SBM00023,温州,"8070190255160877519	",饿了么,平台外卖,已完成,2025-10-22 20:18:43,2025-10-22 20:18:43,2025-10-22 20:18:43,饿了么支付-在线支付,,即时单,2025-10-22 20:18:43,10.12,自动出餐,1,否,"7寸披萨一人食土豪餐[圣比至尊7寸+上校鸡块1份+小份薯条+可乐（听装）+常温]（70.00*1）,餐盒（2.00*1）",7寸披萨一人食土豪餐[圣比至尊7寸+上校鸡块1份+小份薯条+可乐（听装）+常温]+餐盒,,,,非会员,25,,,我要自取，不要配送 / 依据餐量提供餐具,,70.00,20.36,42.50,0.00,0,0,1.99,0.00,3.50,【活动支出】单品特价:34.50元+【活动支出】饿了么红包:8.00元+【活动支出】替用户承担配送费:3.5元,-,-,-,2.00,温州区域,温州加盟,,,否,-,平台配送
圣比萨（蟠凤店）,SBM00023,温州,"8021490255170110889	",饿了么,平台外卖,已完成,2025-10-22 21:29:39,2025-10-22 21:29:39,2025-10-22 21:29:40,饿了么支付-在线支付,,即时单,2025-10-22 21:29:39,10.02,自动出餐,1,否,"榴莲王披萨-7英寸（经典手拍）[{""name"":""规格"",""value"":""7英寸（经典手拍）""}]（52.00*1）,餐盒（1.00*1）",榴莲王披萨,,,,非会员,26,,,1份餐具,,52.00,17.73,27.10,0.00,0,0,1.72,0.00,5.60,【活动支出】首次光顾立减:1.00元+【活动支出】单品特价:18.10元+【活动支出】精准营销:1.00元+【活动支出】饿了么红包:7.00元+【活动支出】替用户承担配送费:5.6元,-,-,-,1.00,温州区域,温州加盟,,,否,-,平台配送
圣比萨（蟠凤店）,SBM00023,温州,"8056936089047218447	",饿了么,平台外卖,已完成,2025-10-22 21:56:39,2025-10-22 21:56:39,2025-10-22 21:56:39,饿了么支付-在线支付,,即时单,2025-10-22 21:56:39,10.20,自动出餐,1,否,"碳烤鸡肉培根披萨-9英寸（经典手拍）[{""name"":""规格"",""value"":""9英寸（经典手拍）""}]（75.00*1）,可乐（罐装）[冰]（5.00*1）,上校鸡块（11.00*1）,餐盒（3.00*1）",碳烤鸡肉培根披萨+上校鸡块,,,,非会员,27,,,依据餐量提供餐具,,91.00,27.12,56.01,0.00,0,0,2.62,0.00,6.10,【活动支出】店铺满减:1.00元+【活动支出】单品特价:35.50元+【活动支出】单品特价:2.50元+【活动支出】单品特价:5.01元+【活动支出】饿了么红包:12.00元+【活动支出】替用户承担配送费:6.0元,-,-,-,3.00,温州区域,温州加盟,,,否,-,平台配送
圣比萨（蟠凤店）,SBM00023,温州,"8034606089077876046	",饿了么,平台外卖,已完成,2025-10-22 22:43:01,2025-10-22 22:43:01,2025-10-22 22:43:01,饿了么支付-在线支付,,即时单,2025-10-22 22:43:01,10.22,自动出餐,1,否,"榴莲王披萨-7英寸（经典手拍）[{""name"":""规格"",""value"":""7英寸（经典手拍）""}]（52.00*1）,餐盒（1.00*1）",榴莲王披萨,,,,非会员,28,,,2份餐具,,52.00,17.73,27.10,0.00,0,0,1.72,0.00,5.60,【活动支出】首次光顾立减:1.00元+【活动支出】单品特价:18.10元+【活动支出】 商家自营销加码:2.00元+【活动支出】粉丝群:1.00元+【活动支出】饿了么红包:5.00元+【活动支出】替用户承担配送费:5.6元,-,-,-,1.00,温州区域,温州加盟,,,否,-,平台配送
圣比萨（蟠凤店）,SBM00023,温州,"8060270255297835477	",饿了么,平台外卖,已完成,2025-10-22 23:18:27,2025-10-22 23:18:27,2025-10-22 23:18:27,饿了么支付-在线支付,,即时单,2025-10-22 23:18:27,10.15,自动出餐,1,否,"【随心拼】7英寸披萨（口味自选）[水果+花果山]（54.00*1）,餐盒（1.00*1）",双拼7寸【缤纷水果口味7】+双拼7寸【花果山口味7】,,,,非会员,29,,,依据餐量提供餐具,,54.00,11.62,35.50,0.00,0,0,1.43,0.00,5.60,【活动支出】首次光顾立减:1.00元+【活动支出】单品特价:26.50元+【活动支出】精准营销:1.00元+【活动支出】饿了么红包:7.00元+【活动支出】替用户承担配送费:5.6元,-,-,-,1.00,温州区域,温州加盟,,,否,-,平台配送
圣比萨·披萨·炸鸡（天河店）,SBM00028,温州,"8028696088736016703	",饿了么,平台外卖,已完成,2025-10-22 10:27:47,2025-10-22 10:27:47,2025-10-22 10:27:48,饿了么支付-在线支付,,即时单,2025-10-22 10:27:47,13.15,自动出餐,1,否,"【任选】买一送一7英寸披萨（44.90*1）,餐盒（2.00*1）",新奥尔良烤鸡肉披萨(7英寸(手拍))+玉米沙拉披萨(7英寸(手拍)),,,,非会员,1,,,依据餐量提供餐具,,44.90,25.84,10.50,0.00,0,0,2.51,0.00,4.50,【活动支出】店铺满减:1.00元+【活动支出】下单返红包:1.50元+【活动支出】饿了么红包:8.00元+【活动支出】替用户承担配送费:4.5元,-,-,-,2.00,温州区域,温州直营,,,否,-,平台配送
圣比萨·披萨·炸鸡（天河店）,SBM00028,温州,"8077586088718160259	",饿了么,平台外卖,已完成,2025-10-22 10:33:15,2025-10-22 10:33:15,2025-10-22 10:33:15,饿了么支付-在线支付,,即时单,2025-10-22 10:33:15,13.07,自动出餐,1,否,"新店开业福利小吃（限一份，多点不送）[墨鱼丸1个]（0.20*1）,蛋挞一个（3.90*1）,新奥尔良烤鸡肉披萨-7英寸(手拍)[{""name"":""规格"",""value"":""7英寸(手拍)""}]（25.90*1）,餐盒（2.00*1）",深海墨鱼丸1个+蛋挞1个+新奥尔良烤鸡肉披萨,,,,非会员,2,,,依据餐量提供餐具,,30.00,15.63,8.91,0.00,0,0,1.51,0.00,3.50,【活动支出】首次光顾立减:1.00元+【活动支出】单品特价:1.91元+【活动支出】饿了么红包:6.00元+【活动支出】替用户承担配送费:3.5元,-,-,-,2.00,温州区域,温州直营,,,否,-,平台配送
圣比萨·披萨·炸鸡（天河店）,SBM00028,温州,"8029310254849106318	",饿了么,平台外卖,已完成,2025-10-22 10:38:01,2025-10-22 10:38:01,2025-10-22 10:38:01,饿了么支付-在线支付,,即时单,2025-10-22 10:38:01,13.07,自动出餐,1,否,"新店开业福利小吃（限一份，多点不送）[墨鱼丸1个]（0.20*1）,蛋挞一个（3.90*1）,【随心❤️拼】7英寸双拼披萨（口味自选）[新奥尔良烤鸡肉+碳烤鸡肉培根]（27.90*1）,奶酪芝士卷边（7英寸）（4.90*1）,餐盒（2.00*1）",深海墨鱼丸1个+蛋挞1个+双拼7寸【奥尔良口味7】+双拼7寸【碳烤鸡肉培根口味7】+奶酪芝士卷边7,,,,非会员,3,,,不要打电话 放1002门口就好 谢谢 / 依据餐量提供餐具,,36.90,18.37,10.91,0.00,0,0,1.87,0.00,6.20,【活动支出】首次光顾立减:1.00元+【活动支出】单品特价:1.91元+【活动支出】饿了么红包:8.00元+【活动支出】替用户承担配送费:6.0元,-,-,-,2.00,温州区域,温州直营,,,否,-,平台配送
圣比萨·披萨·炸鸡（天河店）,SBM00028,温州,"8073130254856443251	",饿了么,平台外卖,已完成,2025-10-22 10:44:30,2025-10-22 10:44:30,2025-10-22 10:44:31,饿了么支付-在线支付,,即时单,2025-10-22 10:44:30,13.22,自动出餐,1,否,"奥尔良烤翅（8.90*1）,【随心❤️拼】7英寸双拼披萨（口味自选）[玉米沙拉+浪漫威尼斯]（27.90*1）,经典薯条（8.90*1）,餐盒（4.00*1）",奥尔良烤翅+双拼7寸【玉米沙拉口味7】+双拼7寸【浪漫威尼斯口味7】+经典薯条,,,,非会员,4,,,番茄酱多一点 / 2份餐具,,45.70,29.20,10.00,0.00,0,0,2.75,0.00,3.50,【活动支出】店铺满减:1.00元+【活动支出】首次光顾立减:1.00元+【活动支出】超级会员专享红包:8.00元+【活动支出】替用户承担配送费:3.5元,-,-,-,4.00,温州区域,温州直营,,,否,-,平台配送
圣比萨·披萨·炸鸡（天河店）,SBM00028,温州,"8003060254880052677	",饿了么,平台外卖,已完成,2025-10-22 10:50:21,2025-10-22 10:50:21,2025-10-22 10:50:22,饿了么支付-在线支付,,即时单,2025-10-22 10:50:21,13.08,自动出餐,1,否,"新店开业福利小吃（限一份，多点不送）[上校鸡块2个]（0.20*1）,【随心❤️拼】7英寸双拼披萨（口味自选）[新奥尔良烤鸡肉+日系照烧鸡]（27.90*1）,餐盒（2.00*1）",上校鸡块2个+双拼7寸【奥尔良口味7】+双拼7寸【日系照烧口味7】,,,,非会员,5,,,依据餐量提供餐具,,28.10,15.64,7.00,0.00,0,0,1.51,0.00,3.50,【活动支出】首次光顾立减:1.00元+【活动支出】饿了么红包:6.00元+【活动支出】替用户承担配送费:3.5元,-,-,-,2.00,温州区域,温州直营,,,否,-,平台配送
圣比萨·披萨·炸鸡（天河店）,SBM00028,温州,"8063380254882654713	",饿了么,平台外卖,已完成,2025-10-22 11:07:42,2025-10-22 11:07:42,2025-10-22 11:07:42,饿了么支付-在线支付,,即时单,2025-10-22 11:07:42,14.20,自动出餐,1,否,"奥尔良风情烤鸡肉一人食盒子披萨（23.90*1）,餐盒（2.00*1）",奥尔良风情烤鸡肉一人食盒子披萨,,,,非会员,6,,,依据餐量提供餐具,,23.90,10.32,7.00,0.00,0,0,1.43,0.00,6.20,【活动支出】首次光顾立减:1.00元+【活动支出】饿了么红包:6.00元+【活动支出】替用户承担配送费:6.0元,-,-,-,2.00,温州区域,温州直营,,,否,-,平台配送
圣比萨·披萨·炸鸡（天河店）,SBM00028,温州,"8021756088782140812	",饿了么,平台外卖,已完成,2025-10-22 11:15:18,2025-10-22 11:15:18,2025-10-22 11:15:19,饿了么支付-在线支付,,即时单,2025-10-22 11:15:18,14.23,自动出餐,1,否,"金沙咸蛋黄嫩鸡披萨-9英寸(手拍)[{""name"":""规格"",""value"":""9英寸(手拍)""}]（39.90*1）,咸蛋黄风味流心卷边（9英寸）（6.90*1）,餐盒（2.00*1）",金沙咸蛋黄嫩鸡披萨+咸蛋黄流沙卷边9,,,,非会员,7,,,依据餐量提供餐具,,46.80,27.46,10.00,0.00,0,0,2.69,0.00,4.50,【活动支出】店铺满减:1.00元+【活动支出】饿了么红包:9.00元+【活动支出】替用户承担配送费:4.5元,-,-,-,2.00,温州区域,温州直营,,,否,-,平台配送
圣比萨·披萨·炸鸡（天河店）,SBM00028,温州,"8004576088802730419	",饿了么,平台外卖,已完成,2025-10-22 11:18:10,2025-10-22 11:18:10,2025-10-22 11:18:10,饿了么支付-在线支付,,即时单,2025-10-22 11:18:10,14.02,自动出餐,1,否,"新店开业福利小吃（限一份，多点不送）[上校鸡块2个]（0.20*1）,蛋挞一个（3.90*1）,新奥尔良烤鸡肉披萨-7英寸(手拍)[{""name"":""规格"",""value"":""7英寸(手拍)""}]（25.90*1）,餐盒（2.00*1）",上校鸡块2个+蛋挞1个+新奥尔良烤鸡肉披萨,,,,非会员,8,,,尽快配送，上班不接电话可放门口 / 依据餐量提供餐具,,30.00,15.31,9.91,0.00,0,0,1.43,0.00,3.50,【活动支出】首次光顾立减:1.00元+【活动支出】单品特价:1.91元+【活动支出】饿了么红包:7.00元+【活动支出】替用户承担配送费:3.5元,-,-,-,2.00,温州区域,温州直营,,,否,-,平台配送
圣比萨·披萨·炸鸡（天河店）,SBM00028,温州,"8069686088780674373	",饿了么,平台外卖,已完成,2025-10-22 11:31:06,2025-10-22 11:31:06,2025-10-22 11:31:07,饿了么支付-在线支付,,即时单,2025-10-22 11:31:06,14.13,自动出餐,1,否,"明星小食桶任选3（17.80*1）,大圣招牌大满贯披萨-9英寸(手拍)[{""name"":""规格"",""value"":""9英寸(手拍)""}]（43.90*1）,餐盒（3.00*1）",上校鸡块+蛋挞+奥尔良烤翅+大圣招牌大满贯披萨,,,,非会员,9,,,多给几包番茄酱谢谢 / 依据餐量提供餐具,,61.70,35.86,16.50,0.00,0,0,3.39,0.00,3.50,【活动支出】店铺满减:6.00元+【活动支出】下单返红包:1.50元+【活动支出】饿了么红包:9.00元+【活动支出】淘金币:0.00元+【活动支出】替用户承担配送费:3.5元,-,-,-,3.00,温州区域,温州直营,,,否,-,平台配送
圣比萨·披萨·炸鸡（天河店）,SBM00028,温州,"8019536088813811011	",饿了么,平台外卖,已完成,2025-10-22 11:34:17,2025-10-22 11:34:17,2025-10-22 11:34:17,饿了么支付-在线支付,,即时单,2025-10-22 11:34:17,14.13,自动出餐,1,否,"咸蛋黄风味流沙卷边（7英寸）（4.90*1）,奶酪芝士披萨-7英寸(手拍)[{""name"":""规格"",""value"":""7英寸(手拍)""}]（25.90*1）,餐盒（2.00*1）",咸蛋黄流沙卷边7+奶酪芝士披萨,,,,非会员,10,,,依据餐量提供餐具；手机尾号：0204；接力送,,30.80,12.15,8.50,0.00,0,0,1.60,0.00,11.10,【活动支出】下单返红包:1.50元+【活动支出】饿了么红包:7.00元+【活动支出】替用户承担配送费:6.0元,-,-,-,2.00,温州区域,温州直营,,,否,-,平台配送
圣比萨·披萨·炸鸡（天河店）,SBM00028,温州,"8037140255023666684	",饿了么,平台外卖,已完成,2025-10-22 11:52:12,2025-10-22 11:52:12,2025-10-22 11:52:12,饿了么支付-在线支付,,即时单,2025-10-22 11:52:12,14.23,自动出餐,1,否,"新奥尔良烤鸡肉披萨-9英寸(手拍)[{""name"":""规格"",""value"":""9英寸(手拍)""}]（33.90*1）,奶酪芝士卷边（9英寸）（6.90*1）,餐盒（2.00*1）",新奥尔良烤鸡肉披萨+奶酪芝士卷边9,,,,非会员,11,,,依据餐量提供餐具,,40.80,23.55,10.50,0.00,0,0,2.20,0.00,3.50,【活动支出】店铺满减:1.00元+【活动支出】下单返红包:1.50元+【活动支出】饿了么红包:8.00元+【活动支出】替用户承担配送费:3.5元,-,-,-,2.00,温州区域,温州直营,,,否,-,平台配送
圣比萨·披萨·炸鸡（天河店）,SBM00028,温州,"8016380254931960069	",饿了么,平台外卖,已完成,2025-10-22 11:59:54,2025-10-22 11:59:54,2025-10-22 11:59:54,饿了么支付-在线支付,,即时单,2025-10-22 11:59:54,14.17,自动出餐,1,否,"金沙咸蛋黄嫩鸡披萨-7英寸(手拍)[{""name"":""规格"",""value"":""7英寸(手拍)""}]（29.90*1）,新店开业福利小吃（限一份，多点不送）[上校鸡块2个]（0.20*1）,蛋挞一个（3.90*1）,缤纷芝士挞-菠萝味[{""name"":""规格"",""value"":""菠萝味""}]（5.90*1）,餐盒（3.00*1）",金沙咸蛋黄嫩鸡披萨+上校鸡块2个+蛋挞1个+缤纷芝士挞,,,,非会员,12,,,依据餐量提供餐具,,39.90,28.54,3.91,0.00,0,0,2.70,0.00,3.50,【活动支出】店铺满减:1.00元+【活动支出】首次光顾立减:1.00元+【活动支出】单品特价:1.91元+【活动支出】替用户承担配送费:3.5元,-,-,-,3.00,温州区域,温州直营,,,否,-,平台配送
圣比萨·披萨·炸鸡（天河店）,SBM00028,温州,"8021130254954264884	",饿了么,平台外卖,已完成,2025-10-22 12:10:47,2025-10-22 12:10:47,2025-10-22 12:10:47,饿了么支付-在线支付,,即时单,2025-10-22 12:10:47,10.50,手动出餐,1,否,"【任选】披萨意面我全都要（61.90*1）,餐盒（2.00*1）",小芬达+小可乐+番茄牛肉意面+地道肠1根+上校鸡块+蛋挞+碳烤鸡肉培根披萨(7英寸(手拍)),,,,非会员,13,,,2份餐具,,61.90,33.31,15.00,0.00,0,0,3.44,0.00,6.80,【活动支出】店铺满减:6.00元+【活动支出】首次光顾立减:1.00元+【活动支出】饿了么红包:8.00元+【活动支出】替用户承担配送费:6.0元,-,-,-,2.00,温州区域,温州直营,,,否,-,平台配送
圣比萨·披萨·炸鸡（天河店）,SBM00028,温州,"8074000255041786123	",饿了么,平台外卖,已完成,2025-10-22 12:23:11,2025-10-22 12:23:11,2025-10-22 12:23:11,饿了么支付-在线支付,,即时单,2025-10-22 12:23:11,14.03,自动出餐,1,否,"招牌肉酱意面（25.90*1）,咸蛋黄风味流心卷边（9英寸）（6.90*1）,【随心❤️拼】9英寸双拼披萨（口味自选）[新奥尔良烤鸡肉+碳烤鸡肉培根]（37.90*1）,餐盒（4.00*1）",招牌肉酱意面+咸蛋黄流沙卷边9+双拼9寸【奥尔良口味9】+双拼9寸【鸡肉培根口味9】,,,,非会员,14,,,依据餐量提供餐具,,70.70,41.73,19.50,0.00,0,0,3.92,0.00,3.50,【活动支出】店铺满减:6.00元+【活动支出】下单返红包:1.50元+【活动支出】饿了么红包:12.00元+【活动支出】替用户承担配送费:3.5元,-,-,-,4.00,温州区域,温州直营,,,否,-,平台配送
圣比萨·披萨·炸鸡（天河店）,SBM00028,温州,"8096906088851356127	",饿了么,平台外卖,已完成,2025-10-22 12:57:30,2025-10-22 12:57:30,2025-10-22 12:57:31,饿了么支付-在线支付,,即时单,2025-10-22 12:57:30,14.13,自动出餐,1,否,"雪碧[常温]（5.00*1）,红薯薯泥流心卷边（7英寸）（4.90*1）,榴莲王披萨-7英寸(手拍)[{""name"":""规格"",""value"":""7英寸(手拍)""}]（33.90*1）,餐盒（2.00*1）",小雪碧+红薯泥流心卷边7+榴莲王披萨,,,,非会员,15,,,1份餐具,,43.80,25.26,11.00,0.00,0,0,2.39,0.00,3.50,【活动支出】店铺满减:1.00元+【活动支出】首次光顾立减:1.00元+【活动支出】饿了么红包:9.00元+【活动支出】替用户承担配送费:3.5元,-,-,-,2.00,温州区域,温州直营,,,否,-,平台配送
圣比萨·披萨·炸鸡（天河店）,SBM00028,温州,"8089450254986863960	",饿了么,平台外卖,已完成,2025-10-22 13:10:25,2025-10-22 13:10:25,2025-10-22 13:10:25,饿了么支付-在线支付,,即时单,2025-10-22 13:10:25,14.07,自动出餐,1,否,"【随心❤️拼】7英寸双拼披萨（口味自选）[新奥尔良烤鸡肉+碳烤鸡肉培根]（27.90*1）,餐盒（2.00*1）",双拼7寸【奥尔良口味7】+双拼7寸【碳烤鸡肉培根口味7】,,,,非会员,16,,,1份餐具,,27.90,16.06,7.00,0.00,0,0,1.49,0.00,4.00,【活动支出】首次光顾立减:1.00元+【活动支出】饿了么红包:6.00元+【活动支出】替用户承担配送费:4.0元,-,-,-,2.00,温州区域,温州直营,,,否,-,平台配送
圣比萨·披萨·炸鸡（天河店）,SBM00028,温州,"8088430254897334746	",饿了么,平台外卖,已完成,2025-10-22 13:28:25,2025-10-22 13:28:25,2025-10-22 13:28:25,饿了么支付-在线支付,,即时单,2025-10-22 13:28:25,14.20,自动出餐,1,否,"奶酪芝士卷边（9英寸）（6.90*1）,【随心❤️拼】9英寸双拼披萨（口味自选）[缤纷水果+浪漫威尼斯]（37.90*1）,蛋挞（5.90*1）,餐盒（3.00*1）",奶酪芝士卷边9+双拼9寸【缤纷水果口味9】+双拼9寸【浪漫威尼斯口味9】+蛋挞,,,,非会员,17,,,1份餐具,,50.70,30.50,10.00,0.00,0,0,3.05,0.00,5.60,【活动支出】店铺满减:1.00元+【活动支出】首次光顾立减:1.00元+【活动支出】饿了么红包:8.00元+【活动支出】替用户承担配送费:5.6元,-,-,-,3.00,温州区域,温州直营,,,否,-,平台配送
圣比萨·披萨·炸鸡（天河店）,SBM00028,温州,"8076526088860069122	",饿了么,平台外卖,已完成,2025-10-22 14:01:21,2025-10-22 14:01:21,2025-10-22 14:01:21,饿了么支付-在线支付,,即时单,2025-10-22 14:01:21,13.18,自动出餐,1,否,"【任选】买一送一7英寸披萨（52.70*1）,餐盒（2.00*1）",金沙咸蛋黄嫩鸡披萨(7英寸(手拍))+西域肉酱披萨(7英寸(手拍)),,,,非会员,18,,,依据餐量提供餐具,,52.70,30.50,11.00,0.00,0,0,3.05,0.00,6.20,【活动支出】店铺满减:1.00元+【活动支出】首次光顾立减:1.00元+【活动支出】饿了么红包:9.00元+【活动支出】替用户承担配送费:6.0元,-,-,-,2.00,温州区域,温州直营,,,否,-,平台配送
圣比萨·披萨·炸鸡（天河店）,SBM00028,温州,"8068996088887848217	",饿了么,平台外卖,已完成,2025-10-22 14:01:28,2025-10-22 14:01:28,2025-10-22 14:01:28,饿了么支付-在线支付,,即时单,2025-10-22 14:01:28,13.23,自动出餐,1,否,"可口可乐[冷]（5.00*1）,咸蛋黄风味流沙卷边（7英寸）（4.90*1）,奶酪芝士披萨-7英寸(手拍)[{""name"":""规格"",""value"":""7英寸(手拍)""}]（25.90*1）,蛋挞一个（3.90*1）,餐盒（2.00*1）",小可乐+咸蛋黄流沙卷边7+奶酪芝士披萨+蛋挞1个,,,,非会员,19,,,依据餐量提供餐具,,39.70,19.88,9.91,0.00,0,0,2.16,0.00,6.80,【活动支出】店铺满减:1.00元+【活动支出】首次光顾立减:1.00元+【活动支出】单品特价:1.91元+【活动支出】饿了么红包:6.00元+【活动支出】替用户承担配送费:6.0元,-,-,-,2.00,温州区域,温州直营,,,否,-,平台配送
圣比萨·披萨·炸鸡（天河店）,SBM00028,温州,"8056996088893000179	",饿了么,平台外卖,已完成,2025-10-22 14:09:36,2025-10-22 14:09:36,2025-10-22 14:09:36,饿了么支付-在线支付,,即时单,2025-10-22 14:09:36,13.02,自动出餐,1,否,"新店开业福利小吃（限一份，多点不送）[上校鸡块2个]（0.20*1）,【随心❤️拼】7英寸双拼披萨（口味自选）[新奥尔良烤鸡肉+日系照烧鸡]（27.90*1）,奶酪芝士卷边（7英寸）（4.90*1）,餐盒（2.00*1）",上校鸡块2个+双拼7寸【奥尔良口味7】+双拼7寸【日系照烧口味7】+奶酪芝士卷边7,,,,非会员,20,,,2份餐具,,33.00,18.37,7.00,0.00,0,0,1.88,0.00,6.20,【活动支出】首次光顾立减:1.00元+【活动支出】饿了么红包:6.00元+【活动支出】替用户承担配送费:6.0元,-,-,-,2.00,温州区域,温州直营,,,否,-,平台配送
圣比萨·披萨·炸鸡（天河店）,SBM00028,温州,"8059746088865555862	",饿了么,平台外卖,已完成,2025-10-22 14:14:40,2025-10-22 14:14:40,2025-10-22 14:14:41,饿了么支付-在线支付,,即时单,2025-10-22 14:14:40,13.03,自动出餐,1,否,"浪漫威尼斯披萨-7英寸(手拍)[{""name"":""规格"",""value"":""7英寸(手拍)""}]（29.90*1）,奶酪芝士卷边（7英寸）（4.90*1）,餐盒（2.00*1）",浪漫威尼斯披萨+奶酪芝士卷边7,,,,非会员,21,,,依据餐量提供餐具,,34.80,19.44,7.00,0.00,0,0,2.01,0.00,6.20,【活动支出】首次光顾立减:1.00元+【活动支出】饿了么红包:6.00元+【活动支出】替用户承担配送费:6.0元,-,-,-,2.00,温州区域,温州直营,,,否,-,平台配送
圣比萨·披萨·炸鸡（天河店）,SBM00028,温州,"8015010254912676285	",饿了么,平台外卖,已完成,2025-10-22 14:18:38,2025-10-22 14:18:38,2025-10-22 14:18:38,饿了么支付-在线支付,,即时单,2025-10-22 14:18:38,13.20,自动出餐,1,否,"榴莲王披萨-7英寸(手拍)[{""name"":""规格"",""value"":""7英寸(手拍)""}]（33.90*1）,餐盒（2.00*1）",榴莲王披萨,,,,非会员,22,,,依据餐量提供餐具,,33.90,20.41,7.00,0.00,0,0,1.94,0.00,3.50,【活动支出】首次光顾立减:1.00元+【活动支出】饿了么红包:6.00元+【活动支出】替用户承担配送费:3.5元,-,-,-,2.00,温州区域,温州直营,,,否,-,平台配送
圣比萨·披萨·炸鸡（天河店）,SBM00028,温州,"8025736088879338990	",饿了么,平台外卖,已完成,2025-10-22 15:04:52,2025-10-22 15:04:52,2025-10-22 15:04:53,饿了么支付-在线支付,,预约单,2025-10-22 16:50:00,58.13,自动出餐,1,否,"可口可乐[冷]（5.00*1）,【随心❤️拼】7英寸双拼披萨（口味自选）[新奥尔良烤鸡肉+新奥尔良烤鸡肉]（27.90*1）,餐盒（2.00*1）",小可乐+双拼7寸【奥尔良口味7】+双拼7寸【奥尔良口味7】,,,,非会员,23,,,依据餐量提供餐具,,32.90,20.08,7.00,0.00,0,0,1.87,0.00,4.00,【活动支出】首次光顾立减:1.00元+【活动支出】饿了么红包:6.00元+【活动支出】替用户承担配送费:4.0元,-,-,-,2.00,温州区域,温州直营,,,否,-,平台配送
圣比萨·披萨·炸鸡（天河店）,SBM00028,温州,"8089816088934376762	",饿了么,平台外卖,已完成,2025-10-22 15:06:58,2025-10-22 15:06:58,2025-10-22 15:06:58,饿了么支付-在线支付,,预约单,2025-10-22 16:20:00,26.23,自动出餐,1,否,"【随心❤️拼】7英寸双拼披萨（口味自选）[新奥尔良烤鸡肉+碳烤鸡肉培根]（27.90*1）,奶酪芝士卷边（7英寸）（4.90*1）,餐盒（2.00*1）",双拼7寸【奥尔良口味7】+双拼7寸【碳烤鸡肉培根口味7】+奶酪芝士卷边7,,,,非会员,24,,,2份餐具,,32.80,18.16,8.00,0.00,0,0,1.79,0.00,5.00,【活动支出】首次光顾立减:1.00元+【活动支出】饿了么红包:7.00元+【活动支出】替用户承担配送费:5.0元,-,-,-,2.00,温州区域,温州直营,,,否,-,平台配送
圣比萨·披萨·炸鸡（天河店）,SBM00028,温州,"8038370255005696301	",饿了么,平台外卖,已完成,2025-10-22 15:22:12,2025-10-22 15:22:12,2025-10-22 15:22:12,饿了么支付-在线支付,,即时单,2025-10-22 15:22:12,13.18,自动出餐,1,否,"【任选】买一送一7英寸披萨（44.90*1）,餐盒（2.00*1）",新奥尔良烤鸡肉披萨(7英寸(手拍))+缤纷水果披萨(7英寸(手拍)),,,,非会员,25,,,依据餐量提供餐具,,44.90,23.08,11.00,0.00,0,0,2.47,0.00,7.40,【活动支出】店铺满减:1.00元+【活动支出】首次光顾立减:1.00元+【活动支出】饿了么红包:9.00元+【活动支出】替用户承担配送费:6.0元,-,-,-,2.00,温州区域,温州直营,,,否,-,平台配送
圣比萨·披萨·炸鸡（天河店）,SBM00028,温州,"8038370254930188673	",饿了么,平台外卖,已完成,2025-10-22 15:23:18,2025-10-22 15:23:18,2025-10-22 15:23:18,饿了么支付-在线支付,,即时单,2025-10-22 15:23:18,13.08,自动出餐,1,否,"【任选】买一送一7英寸披萨（44.90*1）,餐盒（2.00*1）",缤纷水果披萨(7英寸(手拍))+碳烤鸡肉培根披萨(7英寸(手拍)),,,,非会员,26,,,依据餐量提供餐具,,44.90,25.26,8.00,0.00,0,0,2.69,0.00,7.40,【活动支出】店铺满减:1.00元+【活动支出】饿了么红包:7.00元+【活动支出】替用户承担配送费:6.0元,-,-,-,2.00,温州区域,温州直营,,,否,-,平台配送
圣比萨·披萨·炸鸡（天河店）,SBM00028,温州,"8061656088890369411	",饿了么,平台外卖,已完成,2025-10-22 15:37:07,2025-10-22 15:37:07,2025-10-22 15:37:08,饿了么支付-在线支付,,预约单,2025-10-22 17:45:00,81.05,自动出餐,1,否,"新店开业福利小吃（限一份，多点不送）[上校鸡块2个]（0.20*1）,【随心❤️拼】9英寸双拼披萨（口味自选）[新奥尔良烤鸡肉+碳烤鸡肉培根]（37.90*1）,蛋挞（5.90*1）,餐盒（3.00*1）",上校鸡块2个+双拼9寸【奥尔良口味9】+双拼9寸【鸡肉培根口味9】+蛋挞,,,,非会员,27,,,依据餐量提供餐具,,44.00,22.70,10.00,0.00,0,0,2.55,0.00,12.30,【活动支出】店铺满减:1.00元+【活动支出】饿了么红包:9.00元+【活动支出】替用户承担配送费:6.0元,-,-,-,3.00,温州区域,温州直营,,,否,-,平台配送
圣比萨·披萨·炸鸡（天河店）,SBM00028,温州,"8030996088904136186	",饿了么,平台外卖,已完成,2025-10-22 15:44:23,2025-10-22 15:44:23,2025-10-22 15:44:23,饿了么支付-在线支付,,即时单,2025-10-22 15:44:23,13.00,自动出餐,1,否,"奶酪芝士披萨-7英寸(手拍)[{""name"":""规格"",""value"":""7英寸(手拍)""}]（25.90*1）,奶酪芝士卷边（7英寸）（4.90*1）,餐盒（2.00*1）",奶酪芝士披萨+奶酪芝士卷边7,,,,非会员,28,,,依据餐量提供餐具,,30.80,18.14,7.00,0.00,0,0,1.71,0.00,3.50,【活动支出】饿了么红包:7.00元+【活动支出】替用户承担配送费:3.5元,-,-,-,2.00,温州区域,温州直营,,,否,-,平台配送
圣比萨·披萨·炸鸡（天河店）,SBM00028,温州,"8054916088954016099	",饿了么,平台外卖,已完成,2025-10-22 16:11:06,2025-10-22 16:11:06,2025-10-22 16:11:06,饿了么支付-在线支付,,即时单,2025-10-22 16:11:06,13.00,自动出餐,1,否,"新店开业福利小吃（限一份，多点不送）[墨鱼丸1个]（0.20*1）,【任选】披萨随心配（36.80*1）,餐盒（2.00*1）",深海墨鱼丸1个+地道肠1根+日系照烧鸡披萨(7英寸(手拍))+小可乐,,,,非会员,29,,,依据餐量提供餐具,,37.00,20.50,10.00,0.00,0,0,1.95,0.00,3.50,【活动支出】店铺满减:1.00元+【活动支出】饿了么红包:0.00元+【活动支出】饿了么红包:9.00元+【活动支出】替用户承担配送费:3.5元,-,-,-,2.00,温州区域,温州直营,,,否,-,平台配送
圣比萨·披萨·炸鸡（天河店）,SBM00028,温州,"8078676088956319184	",饿了么,平台外卖,已完成,2025-10-22 16:14:50,2025-10-22 16:14:50,2025-10-22 16:14:51,饿了么支付-在线支付,,即时单,2025-10-22 16:14:50,13.22,自动出餐,1,否,"新奥尔良烤鸡肉披萨-7英寸(手拍)[{""name"":""规格"",""value"":""7英寸(手拍)""}]（25.90*1）,餐盒（2.00*1）",新奥尔良烤鸡肉披萨,,,,非会员,30,,,依据餐量提供餐具,,25.90,14.12,7.00,0.00,0,0,1.43,0.00,3.50,【活动支出】首次光顾立减:1.00元+【活动支出】饿了么红包:6.00元+【活动支出】替用户承担配送费:3.5元,-,-,-,2.00,温州区域,温州直营,,,否,-,平台配送
圣比萨·披萨·炸鸡（天河店）,SBM00028,温州,"8037480255129049460	",饿了么,平台外卖,已完成,2025-10-22 16:32:58,2025-10-22 16:32:58,2025-10-22 16:32:58,饿了么支付-在线支付,,即时单,2025-10-22 16:32:58,14.05,自动出餐,1,否,"【任选】披萨随心配（31.90*1）,餐盒（2.00*1）",蛋挞+新奥尔良烤鸡肉披萨(7英寸(手拍))+小可乐,,,,非会员,31,,,2份餐具,,31.90,18.23,8.00,0.00,0,0,1.72,0.00,3.50,【活动支出】首次光顾立减:1.00元+【活动支出】饿了么红包:7.00元+【活动支出】替用户承担配送费:3.5元,-,-,-,2.00,温州区域,温州直营,,,否,-,平台配送
圣比萨·披萨·炸鸡（天河店）,SBM00028,温州,"8081260255132876202	",饿了么,平台外卖,已完成,2025-10-22 16:39:17,2025-10-22 16:39:17,2025-10-22 16:39:17,饿了么支付-在线支付,,即时单,2025-10-22 16:39:17,14.15,自动出餐,1,否,"奶酪芝士卷边（7英寸）（4.90*1）,新奥尔良烤鸡肉披萨-7英寸(手拍)[{""name"":""规格"",""value"":""7英寸(手拍)""}]（25.90*1）,餐盒（2.00*1）",奶酪芝士卷边7+新奥尔良烤鸡肉披萨,,,,非会员,32,,,依据餐量提供餐具,,30.80,17.24,7.00,0.00,0,0,1.71,0.00,4.50,【活动支出】首次光顾立减:1.00元+【活动支出】超级会员专享红包:6.00元+【活动支出】替用户承担配送费:4.5元,-,-,-,2.00,温州区域,温州直营,,,否,-,平台配送
圣比萨·披萨·炸鸡（天河店）,SBM00028,温州,"8060350255145669071	",饿了么,平台外卖,已完成,2025-10-22 16:58:22,2025-10-22 16:58:22,2025-10-22 16:58:22,饿了么支付-在线支付,,即时单,2025-10-22 16:58:22,14.17,自动出餐,1,否,"奥尔良烤翅（8.90*1）,新店开业福利小吃（限一份，多点不送）[上校鸡块2个]（0.20*1）,【随心❤️拼】7英寸双拼披萨（口味自选）[碳烤鸡肉培根+缤纷水果]（27.90*1）,餐盒（3.00*1）",奥尔良烤翅+上校鸡块2个+双拼7寸【碳烤鸡肉培根口味7】+双拼7寸【缤纷水果口味7】,,,,非会员,33,,,2份餐具,,37.00,19.14,11.50,0.00,0,0,1.91,0.00,5.60,【活动支出】店铺满减:1.00元+【活动支出】下单返红包:1.50元+【活动支出】饿了么红包:9.00元+【活动支出】替用户承担配送费:5.6元,-,-,-,3.00,温州区域,温州直营,,,否,-,平台配送
圣比萨·披萨·炸鸡（天河店）,SBM00028,温州,"8002370255054695695	",饿了么,平台外卖,已完成,2025-10-22 16:58:28,2025-10-22 16:58:28,2025-10-22 16:58:28,饿了么支付-在线支付,,即时单,2025-10-22 16:58:28,14.15,自动出餐,1,否,"新店开业福利小吃（限一份，多点不送）[上校鸡块2个]（0.20*1）,新奥尔良烤鸡肉披萨-7英寸(手拍)[{""name"":""规格"",""value"":""7英寸(手拍)""}]（25.90*1）,餐盒（2.00*1）",上校鸡块2个+新奥尔良烤鸡肉披萨,,,,非会员,34,,,依据餐量提供餐具,,26.10,13.42,7.00,0.00,0,0,1.43,0.00,4.50,【活动支出】首次光顾立减:1.00元+【活动支出】饿了么红包:6.00元+【活动支出】替用户承担配送费:4.5元,-,-,-,2.00,温州区域,温州直营,,,否,-,平台配送
圣比萨·披萨·炸鸡（天河店）,SBM00028,温州,"8013330255042188704	",饿了么,平台外卖,已完成,2025-10-22 16:59:00,2025-10-22 16:59:00,2025-10-22 16:59:00,饿了么支付-在线支付,,即时单,2025-10-22 16:59:00,14.12,自动出餐,1,否,"蛋挞一个（3.90*6）,【随心❤️拼】7英寸双拼披萨（口味自选）[新奥尔良烤鸡肉+浪漫威尼斯]（27.90*1）,餐盒（2.00*1）",蛋挞1个+双拼7寸【奥尔良口味7】+双拼7寸【浪漫威尼斯口味7】,,,,非会员,35,,,依据餐量提供餐具,,51.30,29.84,12.91,0.00,0,0,2.80,0.00,3.50,【活动支出】店铺满减:1.00元+【活动支出】首次光顾立减:1.00元+【活动支出】单品特价:1.91元+【活动支出】饿了么红包:9.00元+【活动支出】替用户承担配送费:3.5元,-,-,-,2.00,温州区域,温州直营,,,否,-,平台配送
圣比萨·披萨·炸鸡（天河店）,SBM00028,温州,"8006140254965597683	",饿了么,平台外卖,已完成,2025-10-22 17:09:03,2025-10-22 17:09:03,2025-10-22 17:09:03,饿了么支付-在线支付,,预约单,2025-10-22 18:20:00,23.98,自动出餐,1,否,"【随心❤️拼】7英寸双拼披萨（口味自选）[碳烤鸡肉培根+玉米沙拉]（27.90*1）,奶酪芝士卷边（7英寸）（4.90*1）,餐盒（2.00*1）",双拼7寸【碳烤鸡肉培根口味7】+双拼7寸【玉米沙拉口味7】+奶酪芝士卷边7,,,,非会员,36,,,依据餐量提供餐具,,32.80,19.09,7.00,0.00,0,0,1.86,0.00,4.50,【活动支出】首次光顾立减:1.00元+【活动支出】饿了么红包:6.00元+【活动支出】替用户承担配送费:4.5元,-,-,-,2.00,温州区域,温州直营,,,否,-,平台配送
圣比萨·披萨·炸鸡（天河店）,SBM00028,温州,"8080556088953212173	",饿了么,平台外卖,已完成,2025-10-22 17:10:01,2025-10-22 17:10:01,2025-10-22 17:10:01,饿了么支付-在线支付,,即时单,2025-10-22 17:10:01,14.10,自动出餐,1,否,"奥尔良烤翅（8.90*1）,【随心❤️拼】7英寸双拼披萨（口味自选）[新奥尔良烤鸡肉+碳烤鸡肉培根]（27.90*1）,餐盒（3.00*1）",奥尔良烤翅+双拼7寸【奥尔良口味7】+双拼7寸【碳烤鸡肉培根口味7】,,,,非会员,37,,,依据餐量提供餐具,,36.80,19.44,10.00,0.00,0,0,2.01,0.00,5.60,【活动支出】店铺满减:1.00元+【活动支出】首次光顾立减:1.00元+【活动支出】饿了么红包:8.00元+【活动支出】替用户承担配送费:5.6元,-,-,-,3.00,温州区域,温州直营,,,否,-,平台配送
圣比萨·披萨·炸鸡（天河店）,SBM00028,温州,"8025300254975714794	",饿了么,平台外卖,已完成,2025-10-22 17:31:18,2025-10-22 17:31:18,2025-10-22 17:31:18,饿了么支付-在线支付,,即时单,2025-10-22 17:31:18,14.02,自动出餐,1,否,"奶酪芝士卷边（9英寸）（6.90*1）,【随心❤️拼】9英寸双拼披萨（口味自选）[新奥尔良烤鸡肉+日系照烧鸡]（37.90*1）,餐盒（2.00*1）",奶酪芝士卷边9+双拼9寸【奥尔良口味9】+双拼9寸【日系照烧口味9】,,,,非会员,38,,,"不要打电话, 不要打电话，放门口，放门口 / 2份餐具",,44.80,25.29,11.00,0.00,0,0,2.46,0.00,5.00,【活动支出】店铺满减:1.00元+【活动支出】首次光顾立减:1.00元+【活动支出】饿了么红包:9.00元+【活动支出】替用户承担配送费:5.0元,-,-,-,2.00,温州区域,温州直营,,,否,-,平台配送
圣比萨·披萨·炸鸡（天河店）,SBM00028,温州,"8051776088963927543	",饿了么,平台外卖,已完成,2025-10-22 17:36:46,2025-10-22 17:36:46,2025-10-22 17:36:47,饿了么支付-在线支付,,即时单,2025-10-22 17:36:46,14.12,自动出餐,1,否,"新奥尔良烤鸡肉披萨-7英寸(手拍)[{""name"":""规格"",""value"":""7英寸(手拍)""}]（25.90*1）,餐盒（2.00*1）",新奥尔良烤鸡肉披萨,,,,非会员,39,,,依据餐量提供餐具,,25.90,10.92,7.00,0.00,0,0,1.43,0.00,6.80,【活动支出】首次光顾立减:1.00元+【活动支出】饿了么红包:6.00元+【活动支出】替用户承担配送费:6.0元,-,-,-,2.00,温州区域,温州直营,,,否,-,平台配送
圣比萨·披萨·炸鸡（天河店）,SBM00028,温州,"8063380255083858317	",饿了么,平台外卖,已完成,2025-10-22 17:44:32,2025-10-22 17:44:32,2025-10-22 17:44:33,饿了么支付-在线支付,,即时单,2025-10-22 17:44:32,14.12,自动出餐,1,否,"【任选】披萨意面我全都要（64.80*1）,餐盒（2.00*1）",小可乐+小可乐+番茄培根意面+地道肠1根+上校鸡块+奥尔良烤翅+新奥尔良烤鸡肉披萨(7英寸(手拍)),,,,非会员,40,,,依据餐量提供餐具,,64.80,36.00,16.50,0.00,0,0,3.55,0.00,6.20,【活动支出】店铺满减:6.00元+【活动支出】下单返红包:1.50元+【活动支出】饿了么红包:9.00元+【活动支出】替用户承担配送费:6.0元,-,-,-,2.00,温州区域,温州直营,,,否,-,平台配送
圣比萨·披萨·炸鸡（天河店）,SBM00028,温州,"8032010255069028675	",饿了么,平台外卖,已完成,2025-10-22 17:45:21,2025-10-22 17:45:21,2025-10-22 17:45:21,饿了么支付-在线支付,,即时单,2025-10-22 17:45:21,14.17,自动出餐,1,否,"新店开业福利小吃（限一份，多点不送）[上校鸡块2个]（0.20*1）,【随心❤️拼】7英寸双拼披萨（口味自选）[新奥尔良烤鸡肉+日系照烧鸡]（27.90*1）,餐盒（2.00*1）",上校鸡块2个+双拼7寸【奥尔良口味7】+双拼7寸【日系照烧口味7】,,,,非会员,41,,,依据餐量提供餐具,,28.10,15.64,7.00,0.00,0,0,1.51,0.00,3.50,【活动支出】饿了么红包:7.00元+【活动支出】替用户承担配送费:3.5元,-,-,-,2.00,温州区域,温州直营,,,否,-,平台配送
圣比萨·披萨·炸鸡（天河店）,SBM00028,温州,"8046430255175276961	",饿了么,平台外卖,已完成,2025-10-22 17:45:47,2025-10-22 17:45:47,2025-10-22 17:45:47,饿了么支付-在线支付,,即时单,2025-10-22 17:45:47,14.22,自动出餐,1,否,"【任选】披萨意面我全都要（64.80*1）,餐盒（2.00*1）",小芬达+小雪碧+招牌肉酱意面+缤纷芝士挞(菠萝味)+盐酥鸡粒+缤纷芝士挞(香蕉味)+新奥尔良烤鸡肉披萨(7英寸(手拍)),,,,非会员,42,,,3份餐具,,64.80,35.06,16.00,0.00,0,0,3.59,0.00,6.80,【活动支出】店铺满减:6.00元+【活动支出】首次光顾立减:1.00元+【活动支出】饿了么红包:9.00元+【活动支出】替用户承担配送费:6.0元,-,-,-,2.00,温州区域,温州直营,,,否,-,平台配送
圣比萨·披萨·炸鸡（天河店）,SBM00028,温州,"8070280255177192718	",饿了么,平台外卖,已完成,2025-10-22 17:57:05,2025-10-22 17:57:05,2025-10-22 17:57:05,饿了么支付-在线支付,,即时单,2025-10-22 17:57:05,14.10,自动出餐,1,否,"【任选】披萨随心配（36.80*1）,餐盒（2.00*1）",地道肠1根+缤纷水果披萨(7英寸(手拍))+小可乐,,,,非会员,43,,,依据餐量提供餐具,,36.80,18.96,8.00,0.00,0,0,2.09,0.00,6.80,【活动支出】店铺满减:1.00元+【活动支出】首次光顾立减:1.00元+【活动支出】饿了么红包:6.00元+【活动支出】替用户承担配送费:6.0元,-,-,-,2.00,温州区域,温州直营,,,否,-,平台配送
圣比萨·披萨·炸鸡（天河店）,SBM00028,温州,"8054430255004126597	",饿了么,平台外卖,已完成,2025-10-22 18:12:03,2025-10-22 18:12:03,2025-10-22 18:12:03,饿了么支付-在线支付,,即时单,2025-10-22 18:12:03,14.07,自动出餐,1,否,"【随心❤️拼】7英寸双拼披萨（口味自选）[新奥尔良烤鸡肉+碳烤鸡肉培根]（27.90*1）,餐盒（2.00*1）",双拼7寸【奥尔良口味7】+双拼7寸【碳烤鸡肉培根口味7】,,,,非会员,44,,,依据餐量提供餐具,,27.90,13.32,8.00,0.00,0,0,1.43,0.00,5.60,【活动支出】首次光顾立减:1.00元+【活动支出】饿了么红包:7.00元+【活动支出】替用户承担配送费:5.6元,-,-,-,2.00,温州区域,温州直营,,,否,-,平台配送
圣比萨·披萨·炸鸡（天河店）,SBM00028,温州,"8070746088991048112	",饿了么,平台外卖,已完成,2025-10-22 18:12:36,2025-10-22 18:12:36,2025-10-22 18:12:36,饿了么支付-在线支付,,即时单,2025-10-22 18:12:36,14.17,自动出餐,1,否,"【随心❤️拼】7英寸双拼披萨（口味自选）[新奥尔良烤鸡肉+碳烤鸡肉培根]（27.90*1）,餐盒（2.00*1）",双拼7寸【奥尔良口味7】+双拼7寸【碳烤鸡肉培根口味7】,,,,非会员,45,,,依据餐量提供餐具,,27.90,15.12,8.00,0.00,0,0,1.43,0.00,4.00,【活动支出】首次光顾立减:1.00元+【活动支出】饿了么红包:7.00元+【活动支出】替用户承担配送费:4.0元,-,-,-,2.00,温州区域,温州直营,,,否,-,平台配送
圣比萨·披萨·炸鸡（天河店）,SBM00028,温州,"8019506088970658156	",饿了么,平台外卖,已完成,2025-10-22 18:35:31,2025-10-22 18:35:31,2025-10-22 18:35:31,饿了么支付-在线支付,,即时单,2025-10-22 18:35:31,14.00,自动出餐,1,否,"【任选】披萨随心配（36.80*1）,餐盒（2.00*1）",深海墨鱼丸(3个)+缤纷水果披萨(7英寸(手拍))+小雪碧,,,,非会员,46,,,2份餐具,,36.80,21.24,9.00,0.00,0,0,2.01,0.00,3.50,【活动支出】店铺满减:1.00元+【活动支出】首次光顾立减:1.00元+【活动支出】饿了么红包:7.00元+【活动支出】替用户承担配送费:3.5元,-,-,-,2.00,温州区域,温州直营,,,否,-,平台配送
圣比萨·披萨·炸鸡（天河店）,SBM00028,温州,"8082480255122474493	",饿了么,平台外卖,已完成,2025-10-22 18:58:10,2025-10-22 18:58:10,2025-10-22 18:58:10,饿了么支付-在线支付,,即时单,2025-10-22 18:58:10,14.03,自动出餐,1,否,"新店开业福利小吃（限一份，多点不送）[墨鱼丸1个]（0.20*1）,【随心❤️拼】9英寸双拼披萨（口味自选）[新奥尔良烤鸡肉+日系照烧鸡]（37.90*1）,蛋挞一个（3.90*1）,餐盒（2.00*1）",深海墨鱼丸1个+双拼9寸【奥尔良口味9】+双拼9寸【日系照烧口味9】+蛋挞1个,,,,非会员,47,,,依据餐量提供餐具,,42.00,17.83,12.91,0.00,0,0,2.11,0.00,9.30,【活动支出】店铺满减:1.00元+【活动支出】首次光顾立减:1.00元+【活动支出】单品特价:1.91元+【活动支出】饿了么红包:9.00元+【活动支出】替用户承担配送费:6.0元,-,-,-,2.00,温州区域,温州直营,,,否,-,平台配送
圣比萨·披萨·炸鸡（天河店）,SBM00028,温州,"8015986089039662496	",饿了么,平台外卖,已完成,2025-10-22 19:03:06,2025-10-22 19:03:06,2025-10-22 19:03:07,饿了么支付-在线支付,,即时单,2025-10-22 19:03:06,14.10,自动出餐,1,否,"【任选】披萨随心配（36.80*1）,餐盒（2.00*1）",地道肠1根+缤纷水果披萨(7英寸(手拍))+小可乐,,,,非会员,48,,,依据餐量提供餐具,,36.80,19.41,10.00,0.00,0,0,1.94,0.00,4.50,【活动支出】店铺满减:1.00元+【活动支出】首次光顾立减:1.00元+【活动支出】饿了么红包:8.00元+【活动支出】替用户承担配送费:4.5元,-,-,-,2.00,温州区域,温州直营,,,否,-,平台配送
圣比萨·披萨·炸鸡（天河店）,SBM00028,温州,"8075350255126452712	",饿了么,平台外卖,已完成,2025-10-22 19:24:07,2025-10-22 19:24:07,2025-10-22 19:24:07,饿了么支付-在线支付,,即时单,2025-10-22 19:24:07,14.13,自动出餐,1,否,"日式烧鸟风味一人食盒子披萨（23.90*1）,餐盒（2.00*1）",日式烧鸟风味一人食盒子披萨,,,,非会员,49,,,依据餐量提供餐具,,23.90,7.52,7.00,0.00,0,0,1.43,0.00,8.60,【活动支出】首次光顾立减:1.00元+【活动支出】饿了么红包:6.00元+【活动支出】替用户承担配送费:6.0元,-,-,-,2.00,温州区域,温州直营,,,否,-,平台配送
圣比萨·披萨·炸鸡（天河店）,SBM00028,温州,"8084926089000695082	",饿了么,平台外卖,已完成,2025-10-22 19:26:21,2025-10-22 19:26:21,2025-10-22 19:26:21,饿了么支付-在线支付,,即时单,2025-10-22 19:26:21,14.07,自动出餐,1,否,"新奥尔良烤鸡肉披萨-7英寸(手拍)[{""name"":""规格"",""value"":""7英寸(手拍)""}]（25.90*1）,餐盒（2.00*1）",新奥尔良烤鸡肉披萨,,,,非会员,50,,,"少辣, 少辣, 少辣, 少辣, 少辣 / 依据餐量提供餐具",,25.90,12.32,7.00,0.00,0,0,1.43,0.00,6.20,【活动支出】首次光顾立减:1.00元+【活动支出】饿了么红包:6.00元+【活动支出】替用户承担配送费:6.0元,-,-,-,2.00,温州区域,温州直营,,,否,-,平台配送
圣比萨·披萨·炸鸡（天河店）,SBM00028,温州,"8010400255129332129	",饿了么,平台外卖,已完成,2025-10-22 19:27:13,2025-10-22 19:27:13,2025-10-22 19:27:13,饿了么支付-在线支付,,即时单,2025-10-22 19:27:13,14.08,自动出餐,1,否,"番茄牛肉意面（25.90*1）,餐盒（2.00*1）",番茄牛肉意面,,,,非会员,51,,,依据餐量提供餐具,,25.90,11.82,7.50,0.00,0,0,1.43,0.00,5.60,【活动支出】下单返红包:1.50元+【活动支出】饿了么红包:6.00元+【活动支出】替用户承担配送费:5.6元,-,-,-,2.00,温州区域,温州直营,,,否,-,平台配送
圣比萨·披萨·炸鸡（天河店）,SBM00028,温州,"8040736089019515278	",饿了么,平台外卖,已完成,2025-10-22 19:29:30,2025-10-22 19:29:30,2025-10-22 19:29:30,饿了么支付-在线支付,,即时单,2025-10-22 19:29:30,14.20,自动出餐,1,否,"新店开业福利小吃（限一份，多点不送）[上校鸡块2个]（0.20*1）,【任选】披萨随心配（31.90*1）,餐盒（2.00*1）",上校鸡块2个+蛋挞+新奥尔良烤鸡肉披萨(7英寸(手拍))+小芬达,,,,非会员,52,,,依据餐量提供餐具,,32.10,15.22,8.00,0.00,0,0,1.73,0.00,6.80,【活动支出】首次光顾立减:1.00元+【活动支出】饿了么红包:7.00元+【活动支出】替用户承担配送费:6.0元,-,-,-,2.00,温州区域,温州直营,,,否,-,平台配送
圣比萨·披萨·炸鸡（天河店）,SBM00028,温州,"8076786089025374712	",饿了么,平台外卖,已完成,2025-10-22 19:29:38,2025-10-22 19:29:38,2025-10-22 19:29:38,饿了么支付-在线支付,,即时单,2025-10-22 19:29:38,14.00,自动出餐,1,否,"新店开业福利小吃（限一份，多点不送）[上校鸡块2个]（0.20*1）,蛋挞一个（3.90*1）,【随心❤️拼】7英寸双拼披萨（口味自选）[日系照烧鸡+缤纷水果]（27.90*1）,奶酪芝士卷边（7英寸）（4.90*1）,餐盒（2.00*1）",上校鸡块2个+蛋挞1个+双拼7寸【日系照烧口味7】+双拼7寸【缤纷水果口味7】+奶酪芝士卷边7,,,,非会员,53,,,依据餐量提供餐具,,36.90,18.37,10.91,0.00,0,0,1.87,0.00,6.20,【活动支出】首次光顾立减:1.00元+【活动支出】单品特价:1.91元+【活动支出】饿了么红包:8.00元+【活动支出】替用户承担配送费:6.0元,-,-,-,2.00,温州区域,温州直营,,,否,-,平台配送
圣比萨·披萨·炸鸡（天河店）,SBM00028,温州,"8026786089004863964	",饿了么,平台外卖,已完成,2025-10-22 19:47:40,2025-10-22 19:47:40,2025-10-22 19:47:40,饿了么支付-在线支付,,即时单,2025-10-22 19:47:40,14.18,自动出餐,1,否,"新奥尔良烤鸡肉披萨-7英寸(手拍)[{""name"":""规格"",""value"":""7英寸(手拍)""}]（25.90*1）,餐盒（2.00*1）",新奥尔良烤鸡肉披萨,,,,非会员,54,,,依据餐量提供餐具,,25.90,14.12,7.00,0.00,0,0,1.43,0.00,3.50,【活动支出】首次光顾立减:1.00元+【活动支出】饿了么红包:6.00元+【活动支出】替用户承担配送费:3.5元,-,-,-,2.00,温州区域,温州直营,,,否,-,平台配送
圣比萨·披萨·炸鸡（天河店）,SBM00028,温州,"8089886089074964862	",饿了么,平台外卖,已完成,2025-10-22 20:15:05,2025-10-22 20:15:05,2025-10-22 20:15:05,饿了么支付-在线支付,,即时单,2025-10-22 20:15:05,14.02,自动出餐,1,否,"红薯薯泥流心卷边（7英寸）（4.90*1）,缤纷水果披萨-7英寸(手拍)[{""name"":""规格"",""value"":""7英寸(手拍)""}]（25.90*1）,餐盒（2.00*1）",红薯泥流心卷边7+缤纷水果披萨,,,,非会员,55,,,无需餐具,,30.80,20.31,4.00,0.00,0,0,1.94,0.00,3.50,【活动支出】首次光顾立减:1.00元+【活动支出】饿了么红包:3.00元+【活动支出】替用户承担配送费:3.5元,-,-,-,2.00,温州区域,温州直营,,,否,-,平台配送
圣比萨·披萨·炸鸡（天河店）,SBM00028,温州,"8085490255151395262	",饿了么,平台外卖,已完成,2025-10-22 20:23:39,2025-10-22 20:23:39,2025-10-22 20:23:39,饿了么支付-在线支付,,即时单,2025-10-22 20:23:39,14.10,自动出餐,1,否,"明星小食桶任选3（20.70*1）,新店开业福利小吃（限一份，多点不送）[上校鸡块2个]（0.20*1）,大圣招牌大满贯披萨-9英寸(手拍)[{""name"":""规格"",""value"":""9英寸(手拍)""}]（43.90*1）,餐盒（3.00*1）",上校鸡块+经典薯条+盐酥鸡粒+上校鸡块2个+大圣招牌大满贯披萨,,,,非会员,56,,,依据餐量提供餐具,,64.80,37.83,16.50,0.00,0,0,3.62,0.00,4.50,【活动支出】店铺满减:6.00元+【活动支出】下单返红包:1.50元+【活动支出】饿了么红包:9.00元+【活动支出】替用户承担配送费:4.5元,-,-,-,3.00,温州区域,温州直营,,,否,-,平台配送
圣比萨·披萨·炸鸡（天河店）,SBM00028,温州,"8076696089025980688	",饿了么,平台外卖,已完成,2025-10-22 20:25:05,2025-10-22 20:25:05,2025-10-22 20:25:05,饿了么支付-在线支付,,即时单,2025-10-22 20:25:05,14.03,自动出餐,1,否,"新奥尔良烤鸡肉披萨-9英寸(手拍)[{""name"":""规格"",""value"":""9英寸(手拍)""}]（33.90*1）,餐盒（2.00*1）",新奥尔良烤鸡肉披萨,,,,非会员,57,,,依据餐量提供餐具,,33.90,18.61,7.00,0.00,0,0,1.94,0.00,6.20,【活动支出】首次光顾立减:1.00元+【活动支出】饿了么红包:6.00元+【活动支出】替用户承担配送费:6.0元,-,-,-,2.00,温州区域,温州直营,,,否,-,平台配送
圣比萨·披萨·炸鸡（天河店）,SBM00028,温州,"8082916089059600717	",饿了么,平台外卖,已完成,2025-10-22 20:42:42,2025-10-22 20:42:42,2025-10-22 20:42:43,饿了么支付-在线支付,,即时单,2025-10-22 20:42:42,13.03,自动出餐,1,否,"新奥尔良烤鸡肉披萨-7英寸(手拍)[{""name"":""规格"",""value"":""7英寸(手拍)""}]（25.90*1）,餐盒（2.00*1）",新奥尔良烤鸡肉披萨,,,,非会员,58,,,依据餐量提供餐具,,25.90,14.12,7.00,0.00,0,0,1.43,0.00,3.50,【活动支出】首次光顾立减:1.00元+【活动支出】饿了么红包:6.00元+【活动支出】替用户承担配送费:3.5元,-,-,-,2.00,温州区域,温州直营,,,否,-,平台配送
圣比萨（汤家桥店）,SBS00002,温州,"8066676088768535841	",饿了么,平台外卖,已完成,2025-10-22 10:27:08,2025-10-22 10:27:08,2025-10-22 10:27:08,饿了么支付-在线支付,,预约单,2025-10-22 15:05:00,233.08,自动出餐,1,否,"招牌圣比披萨-9英寸(经典手拍)[{""name"":""规格"",""value"":""9英寸(经典手拍)""}]（78.00*1）,奥尔良烤鸡肉披萨-9英寸(经典手拍)[{""name"":""规格"",""value"":""9英寸(经典手拍)""}]（78.00*1）,日系照烧鸡披萨-9英寸(经典手拍)[{""name"":""规格"",""value"":""9英寸(经典手拍)""}]（78.00*1）,牛肉蘑菇披萨-9英寸(经典手拍)[{""name"":""规格"",""value"":""9英寸(经典手拍)""}]（78.00*1）,鲜虾菠萝披萨-9英寸(经典手拍)[{""name"":""规格"",""value"":""9英寸(经典手拍)""}]（78.00*1）,碳烤鸡肉培根披萨-9英寸(经典手拍)[{""name"":""规格"",""value"":""9英寸(经典手拍)""}]（78.00*1）,餐盒（12.00*1）",大圣招牌大满贯披萨+新奥尔良烤鸡肉披萨+日系照烧鸡披萨+炙热牛魔王披萨+鲜虾菠萝披萨+碳烤鸡肉培根披萨,,,,非会员,1,,,10份餐具,,468.00,193.97,234.60,0.00,0,0,18.18,0.00,5.00,【活动支出】店铺满减:6.00元+【活动支出】单品特价:34.10元+【活动支出】单品特价:38.10元+【活动支出】单品特价:38.10元+【活动支出】单品特价:36.10元+【活动支出】单品特价:32.10元+【活动支出】单品特价:38.10元+【活动支出】饿了么红包:12.00元+【活动支出】替用户承担配送费:5.0元,-,-,-,12.00,温州区域,温州加盟,,,否,-,平台配送
圣比萨（汤家桥店）,SBS00002,温州,"8051150254775237068	",饿了么,平台外卖,已完成,2025-10-22 10:44:04,2025-10-22 10:44:04,2025-10-22 10:44:04,饿了么支付-在线支付,,预约单,2025-10-22 11:35:00,5.93,自动出餐,1,否,"任选焗饭4选1+小吃6选1+饮料[黑椒牛肉芝士焗饭+墨鱼丸3个+酸梅汁+常温]（57.00*1）,餐盒（2.00*1）",黑椒牛肉芝士焗饭+深海墨鱼丸【3个】,,,,非会员,2,,,依据餐量提供餐具,,57.00,17.36,32.10,0.00,0,0,1.79,0.00,5.60,【活动支出】单品特价:25.10元+【活动支出】饿了么红包:7.00元+【活动支出】替用户承担配送费:5.6元,-,-,-,2.00,温州区域,温州加盟,,,否,-,平台配送
圣比萨（汤家桥店）,SBS00002,温州,"8093330254999755198	",饿了么,平台外卖,已完成,2025-10-22 11:21:52,2025-10-22 11:21:52,2025-10-22 11:21:52,饿了么支付-在线支付,,即时单,2025-10-22 11:21:52,12.13,自动出餐,1,否,"水果披萨-7英寸(经典手拍)[{""name"":""规格"",""value"":""7英寸(经典手拍)""}]（42.00*1）,餐盒（2.00*1）",缤纷水果披萨,,,,非会员,3,,,1份餐具,,42.00,13.22,23.10,0.00,0,0,1.43,0.00,4.50,【活动支出】单品特价:16.10元+【活动支出】饿了么红包:7.00元+【活动支出】替用户承担配送费:4.5元,-,-,-,2.00,温州区域,温州加盟,,,否,-,平台配送
圣比萨（汤家桥店）,SBS00002,温州,"8076450254954476814	",饿了么,平台外卖,已完成,2025-10-22 12:39:54,2025-10-22 12:39:54,2025-10-22 12:39:54,饿了么支付-在线支付,,即时单,2025-10-22 12:39:54,12.07,自动出餐,1,否,"任选意面4选1+小吃6选1+饮料[番茄牛肉意面+上校鸡块4个+柠檬茶+常温]（57.00*2）,餐盒（4.00*1）",番茄牛肉意面+上校鸡块+柠檬茶,,,,非会员,4,,,依据餐量提供餐具,,114.00,40.11,65.20,0.00,0,0,3.74,0.00,3.50,【活动支出】店铺满减:6.00元+【活动支出】单品特价:50.20元+【活动支出】饿了么红包:9.00元+【活动支出】替用户承担配送费:3.5元,-,-,-,4.00,温州区域,温州加盟,,,否,-,平台配送
圣比萨（汤家桥店）,SBS00002,温州,"8017706088854745585	",饿了么,平台外卖,已完成,2025-10-22 13:08:33,2025-10-22 13:08:33,2025-10-22 13:08:33,饿了么支付-在线支付,,即时单,2025-10-22 13:08:33,12.07,自动出餐,1,否,"水果披萨-7英寸(经典手拍)[{""name"":""规格"",""value"":""7英寸(经典手拍)""}]（42.00*1）,餐盒（2.00*1）",缤纷水果披萨,,,,非会员,5,,,依据餐量提供餐具,,42.00,13.22,23.10,0.00,0,0,1.43,0.00,5.60,【活动支出】单品特价:16.10元+【活动支出】饿了么红包:7.00元+【活动支出】替用户承担配送费:5.6元,-,-,-,2.00,温州区域,温州加盟,,,否,-,平台配送
圣比萨（汤家桥店）,SBS00002,温州,"8096180254972718382	",饿了么,平台外卖,已完成,2025-10-22 13:20:03,2025-10-22 13:20:03,2025-10-22 13:20:04,饿了么支付-在线支付,,即时单,2025-10-22 13:20:03,8.55,手动出餐,1,否,"碳烤鸡肉芝士焗饭（52.00*1）,餐盒（2.00*1）",碳烤鸡肉芝士焗饭,,,,非会员,6,,,依据餐量提供餐具,,52.00,16.06,31.10,0.00,0,0,1.49,0.00,4.00,【活动支出】单品特价:24.10元+【活动支出】饿了么红包:7.00元+【活动支出】替用户承担配送费:4.0元,-,-,-,2.00,温州区域,温州加盟,,,否,-,平台配送
圣比萨（汤家桥店）,SBS00002,温州,"8090586088909594900	",饿了么,平台外卖,已完成,2025-10-22 13:52:48,2025-10-22 13:52:48,2025-10-22 13:52:48,饿了么支付-在线支付,,即时单,2025-10-22 13:52:48,10.23,自动出餐,1,否,"任选意面4选1+小吃6选1+饮料[黑椒牛肉意面+上校鸡块4个+小可乐+冷]（57.00*1）,餐盒（2.00*1）",黑椒牛肉意面+上校鸡块+小可乐,,,,非会员,7,,,依据餐量提供餐具,,57.00,19.16,32.10,0.00,0,0,1.79,0.00,3.50,【活动支出】单品特价:25.10元+【活动支出】饿了么红包:7.00元+【活动支出】替用户承担配送费:3.5元,-,-,-,2.00,温州区域,温州加盟,,,否,-,平台配送
圣比萨（汤家桥店）,SBS00002,温州,"8092786088876038582	",饿了么,平台外卖,已完成,2025-10-22 13:54:39,2025-10-22 13:54:39,2025-10-22 13:54:40,饿了么支付-在线支付,,预约单,2025-10-22 15:35:00,55.35,自动出餐,1,否,"任选披萨8选1+小吃6选1+饮料[奥尔良鸡肉披萨7英寸+上校鸡块4个+小可乐+常温]（58.00*1）,餐盒（2.00*1）",新奥尔良烤鸡肉披萨【7英寸(手拍)】+上校鸡块+小可乐,,,,非会员,8,,,依据餐量提供餐具,,58.00,19.16,33.10,0.00,0,0,1.79,0.00,3.50,【活动支出】单品特价:26.10元+【活动支出】饿了么红包:7.00元+【活动支出】替用户承担配送费:3.5元,-,-,-,2.00,温州区域,温州加盟,,,否,-,平台配送
圣比萨（汤家桥店）,SBS00002,温州,"8078460254996436315	",饿了么,平台外卖,已完成,2025-10-22 14:29:25,2025-10-22 14:29:25,2025-10-22 14:29:26,饿了么支付-在线支付,,即时单,2025-10-22 14:29:25,10.18,自动出餐,1,否,"奥尔良烤鸡肉披萨-7英寸(经典手拍)[{""name"":""规格"",""value"":""7英寸(经典手拍)""}]（45.00*1）,点击右上角❤️收藏得小吃[墨鱼丸1个]（2.00*1）,餐盒（2.50*1）",新奥尔良烤鸡肉披萨+深海墨鱼丸1个,,,,非会员,9,,,依据餐量提供餐具,,47.00,12.92,28.00,0.00,0,0,1.43,0.00,5.60,【活动支出】单品特价:19.10元+【活动支出】单品特价:1.90元+【活动支出】饿了么红包:7.00元+【活动支出】替用户承担配送费:5.6元,-,-,-,2.50,温州区域,温州加盟,,,否,-,平台配送
圣比萨（汤家桥店）,SBS00002,温州,"8051280255105477958	",饿了么,平台外卖,已完成,2025-10-22 14:57:07,2025-10-22 14:57:07,2025-10-22 14:57:07,饿了么支付-在线支付,,即时单,2025-10-22 14:57:07,5.33,手动出餐,1,否,"番茄牛肉汁意面（52.00*1）,榴莲披萨-7英寸（经典手拍)[{""name"":""规格"",""value"":""7英寸（经典手拍)""}]（52.00*1）,餐盒（4.00*1）",番茄牛肉意面+榴莲王披萨,,,,非会员,10,,,依据餐量提供餐具,,104.00,35.51,59.20,0.00,0,0,3.44,0.00,5.00,【活动支出】店铺满减:6.00元+【活动支出】单品特价:28.10元+【活动支出】单品特价:18.10元+【活动支出】超级会员专享红包:5.00元+【活动支出】 商家自营销加码:2.00元+【活动支出】替用户承担配送费:5.0元,-,-,-,4.00,温州区域,温州加盟,,,否,-,平台配送
圣比萨（汤家桥店）,SBS00002,温州,"8002060255111256327	",饿了么,平台外卖,已完成,2025-10-22 15:39:53,2025-10-22 15:39:53,2025-10-22 15:39:53,饿了么支付-在线支付,,即时单,2025-10-22 15:39:53,10.07,自动出餐,1,否,"玉米沙拉披萨-9英寸(经典手拍)[{""name"":""规格"",""value"":""9英寸(经典手拍)""}]（75.00*1）,餐盒（2.00*1）",玉米沙拉披萨,,,,非会员,11,,,1份餐具,,75.00,20.78,47.70,0.00,0,0,1.97,0.00,3.50,【活动支出】单品特价:40.10元+【活动支出】饿了么红包:7.60元+【活动支出】替用户承担配送费:3.5元,-,-,-,2.00,温州区域,温州加盟,,,否,-,平台配送
圣比萨（汤家桥店）,SBS00002,温州,"8090806088920679901	",饿了么,平台外卖,已完成,2025-10-22 15:52:41,2025-10-22 15:52:41,2025-10-22 15:52:42,饿了么支付-在线支付,,即时单,2025-10-22 15:52:41,9.78,手动出餐,1,否,"【买一送一】买披萨送意面[缤纷水果披萨7英寸+番茄牛肉意面]（75.00*1）,餐盒（2.00*1）",缤纷水果披萨【7英寸(手拍)】+番茄牛肉意面,,,,非会员,12,,,2份餐具,,75.00,28.13,39.10,0.00,0,0,2.62,0.00,3.50,【活动支出】店铺满减:1.00元+【活动支出】单品特价:30.10元+【活动支出】超级会员专享红包:8.00元+【活动支出】 商家自营销加码:0.00元+【活动支出】替用户承担配送费:3.5元,-,-,-,2.00,温州区域,温州加盟,,,否,-,平台配送
圣比萨（汤家桥店）,SBS00002,温州,"8065280255040915768	",饿了么,平台外卖,已完成,2025-10-22 16:18:40,2025-10-22 16:18:40,2025-10-22 16:18:40,饿了么支付-在线支付,,即时单,2025-10-22 16:18:40,10.05,自动出餐,1,否,"芒果汁[常温]（10.00*1）,水果披萨-7英寸(经典手拍)[{""name"":""规格"",""value"":""7英寸(经典手拍)""}]（42.00*1）,餐盒（3.00*1）",芒果汁+缤纷水果披萨,,,,非会员,13,,,依据餐量提供餐具,,52.00,20.08,27.10,0.00,0,0,1.87,0.00,3.50,【活动支出】单品特价:4.00元+【活动支出】单品特价:16.10元+【活动支出】超级会员专享红包:5.00元+【活动支出】 商家自营销加码:2.00元+【活动支出】替用户承担配送费:3.5元,-,-,-,3.00,温州区域,温州加盟,,,否,-,平台配送
圣比萨（汤家桥店）,SBS00002,温州,"8091200255030989176	",饿了么,平台外卖,已完成,2025-10-22 16:42:07,2025-10-22 16:42:07,2025-10-22 16:42:07,饿了么支付-在线支付,,预约单,2025-10-22 18:40:00,72.88,自动出餐,1,否,"披萨尺寸图解（0.00*1）,[买一送一]7英寸披萨[玉米沙拉披萨7英寸+奥尔良鸡肉披萨7英寸]（86.80*1）,餐盒（2.00*1）",披萨尺寸图解+玉米沙拉披萨【7英寸(手拍)】+新奥尔良烤鸡肉披萨【7英寸(手拍)】,,,,非会员,14,,,依据餐量提供餐具,,86.80,27.11,47.90,0.00,0,0,2.84,0.00,7.40,【活动支出】店铺满减:1.00元+【活动支出】单品特价:37.90元+【活动支出】饿了么红包:9.00元+【活动支出】 商家自营销加码:0.00元+【活动支出】替用户承担配送费:6.0元,-,-,-,2.00,温州区域,温州加盟,,,否,-,平台配送
圣比萨（汤家桥店）,SBS00002,温州,"8002370255138517330	",饿了么,平台外卖,已完成,2025-10-22 16:49:45,2025-10-22 16:49:45,2025-10-22 16:49:45,饿了么支付-在线支付,,即时单,2025-10-22 16:49:45,10.03,自动出餐,1,否,"任选披萨10选1+意面+小食2份+饮品2杯[缤纷水果披萨7英寸+番茄牛肉意面+薯条一份+地道肠1根+小可乐+酸梅汁+常温]（156.00*1）,餐盒（2.00*1）",缤纷水果披萨【7英寸(手拍)】+番茄牛肉意面+地道肠【1根】+小可乐,,,,非会员,15,,,尽快 / 依据餐量提供餐具,,156.00,45.48,98.10,0.00,0,0,4.27,0.00,3.50,【活动支出】店铺满减:6.00元+【活动支出】单品特价:80.10元+【活动支出】饿了么红包:12.00元+【活动支出】替用户承担配送费:3.5元,-,-,-,2.00,温州区域,温州加盟,,,否,-,平台配送
圣比萨（汤家桥店）,SBS00002,温州,"8099846088916064547	",饿了么,平台外卖,已完成,2025-10-22 16:59:24,2025-10-22 16:59:24,2025-10-22 16:59:24,饿了么支付-在线支付,,即时单,2025-10-22 16:59:24,10.10,自动出餐,1,否,"【买一送一】买披萨送意面[奥尔良鸡肉披萨7英寸+番茄牛肉意面]（75.00*1）,保温袋1个（远距离建议加购）（0.50*1）,招牌烤翅-2只[{""name"":""规格"",""value"":""2只""}]（18.00*1）,点击右上角❤️收藏得小吃[上校鸡块2个]（2.00*1）,餐盒（4.50*1）",新奥尔良烤鸡肉披萨【7英寸(手拍)】+番茄牛肉意面+保温袋+香烤鸡翅+上校鸡块2个,,,,非会员,16,,,依据餐量提供餐具,,95.50,37.43,50.10,0.00,0,0,3.52,0.00,3.50,【活动支出】店铺满减:6.00元+【活动支出】单品特价:30.10元+【活动支出】单品特价:3.10元+【活动支出】饿了么红包:9.00元+【活动支出】精准营销:1.90元+【活动支出】替用户承担配送费:3.5元,-,-,-,4.50,温州区域,温州加盟,,,否,-,平台配送
圣比萨（汤家桥店）,SBS00002,温州,"8013340254959086897	",饿了么,平台外卖,已完成,2025-10-22 17:00:15,2025-10-22 17:00:15,2025-10-22 17:00:16,饿了么支付-在线支付,,预约单,2025-10-22 17:45:00,3.07,自动出餐,1,否,"任选披萨8选1+小吃6选1+饮料[浪漫威尼斯披萨7英寸+薯条一份+芒果汁+常温]（58.00*1）,点击右上角❤️收藏得小吃[墨鱼丸1个]（2.00*1）,餐盒（2.50*1）",浪漫威尼斯披萨【7英寸(手拍)】+经典薯条+芒果汁+深海墨鱼丸1个,,,,非会员,17,,,依据餐量提供餐具,,60.00,19.71,35.00,0.00,0,0,1.84,0.00,3.50,【活动支出】单品特价:26.10元+【活动支出】单品特价:1.90元+【活动支出】 商家自营销加码:2.00元+【活动支出】饿了么红包:5.00元+【活动支出】替用户承担配送费:3.5元,-,-,-,2.50,温州区域,温州加盟,,,否,-,平台配送
圣比萨（汤家桥店）,SBS00002,温州,"8093020255048115675	",饿了么,平台外卖,已完成,2025-10-22 17:01:14,2025-10-22 17:01:14,2025-10-22 17:01:15,饿了么支付-在线支付,,即时单,2025-10-22 17:01:14,10.17,自动出餐,1,否,"榴莲披萨-7英寸（经典手拍)[{""name"":""规格"",""value"":""7英寸（经典手拍)""}]（52.00*1）,餐盒（2.00*1）",榴莲王披萨,,,,非会员,18,,,1份餐具,,52.00,20.41,25.10,0.00,0,0,1.94,0.00,3.50,【活动支出】单品特价:18.10元+【活动支出】 商家自营销加码:2.00元+【活动支出】CPS商户叠加券:0.00元+【活动支出】饿了么红包:5.00元+【活动支出】替用户承担配送费:3.5元,-,-,-,2.00,温州区域,温州加盟,,,否,-,平台配送
圣比萨（汤家桥店）,SBS00002,温州,"8015586088954311144	",饿了么,平台外卖,已完成,2025-10-22 17:41:07,2025-10-22 17:41:07,2025-10-22 17:41:07,饿了么支付-在线支付,,即时单,2025-10-22 17:41:07,12.13,自动出餐,1,否,"任选披萨8选1+小吃6选1+饮料[奥尔良鸡肉披萨7英寸+蛋挞一对+酸梅汁+冷]（58.00*1）,餐盒（2.00*1）",新奥尔良烤鸡肉披萨【7英寸(手拍)】+蛋挞+酸梅汁,,,,非会员,19,,,放门口 / 依据餐量提供餐具,,58.00,18.61,31.10,0.00,0,0,1.94,0.00,6.20,【活动支出】单品特价:26.10元+【活动支出】饿了么红包:5.00元+【活动支出】替用户承担配送费:6.0元,-,-,-,2.00,温州区域,温州加盟,,,否,-,平台配送
圣比萨（汤家桥店）,SBS00002,温州,"8034836088955473392	",饿了么,平台外卖,已完成,2025-10-22 17:43:43,2025-10-22 17:43:43,2025-10-22 17:43:43,饿了么支付-在线支付,,即时单,2025-10-22 17:43:43,12.23,自动出餐,1,否,"【15件套】9英寸披萨3个+小吃6份+6个饮品（5-8人）[缤纷水果披萨9英寸+奥尔良鸡肉披萨9英寸+碳烤鸡肉培根9英寸+金丝鸡排一个+奥尔良烤翅一对+奥尔良烤翅一对+奥尔良烤翅一对+深海墨鱼丸6个+香芋地瓜丸6个+6杯饮品 冷]（398.00*1）,肉酱芝士焗饭（52.00*1）,餐盒（4.00*1）",柠檬茶+柠檬茶+柠檬茶+小可乐+小可乐+小可乐+缤纷水果披萨【9英寸(手拍)】+新奥尔良烤鸡肉披萨【9英寸(手拍)】+碳烤鸡肉培根披萨【9英寸(手拍)】+深海墨鱼丸【6个】+招牌肉酱芝士焗饭,,,,非会员,20,,,依据餐量提供餐具,,450.00,171.14,236.20,0.00,0,0,16.11,0.00,5.60,【活动支出】店铺满减:6.00元+【活动支出】单品特价:199.10元+【活动支出】单品特价:24.10元+【活动支出】 商家自营销加码:2.00元+【活动支出】饿了么红包:5.00元+【活动支出】替用户承担配送费:5.6元,-,-,-,4.00,温州区域,温州加盟,,,否,-,平台配送
圣比萨（汤家桥店）,SBS00002,温州,"8098616088984550871	",饿了么,平台外卖,已完成,2025-10-22 18:12:00,2025-10-22 18:12:00,2025-10-22 18:12:00,饿了么支付-在线支付,,即时单,2025-10-22 18:12:00,12.08,自动出餐,1,否,"任选披萨8选1+小吃6选1+饮料[缤纷水果披萨7英寸+墨鱼丸3个+小可乐+常温]（58.00*1）,餐盒（2.00*1）",缤纷水果披萨【7英寸(手拍)】+深海墨鱼丸3个+小可乐,,,,非会员,21,,,依据餐量提供餐具,,58.00,19.16,33.10,0.00,0,0,1.79,0.00,3.50,【活动支出】单品特价:26.10元+【活动支出】饿了么红包:7.00元+【活动支出】替用户承担配送费:3.5元,-,-,-,2.00,温州区域,温州加盟,,,否,-,平台配送
圣比萨（汤家桥店）,SBS00002,温州,"8047490255008252212	",饿了么,平台外卖,已完成,2025-10-22 18:22:56,2025-10-22 18:22:56,2025-10-22 18:22:56,饿了么支付-在线支付,,即时单,2025-10-22 18:22:56,12.10,自动出餐,1,否,"任选披萨8选1+小吃6选1+饮料[奥尔良鸡肉披萨7英寸+上校鸡块4个+港式奶茶+常温]（58.00*1）,点击右上角❤️收藏得小吃[墨鱼丸1个]（2.00*1）,餐盒（2.50*1）",新奥尔良烤鸡肉披萨【7英寸(手拍)】+上校鸡块+港式奶茶+深海墨鱼丸1个,,,,非会员,22,,,1份餐具,,60.00,18.81,35.00,0.00,0,0,1.84,0.00,4.50,【活动支出】单品特价:26.10元+【活动支出】单品特价:1.90元+【活动支出】饿了么红包:7.00元+【活动支出】替用户承担配送费:4.5元,-,-,-,2.50,温州区域,温州加盟,,,否,-,平台配送
圣比萨（汤家桥店）,SBS00002,温州,"8037260255210311162	",饿了么,平台外卖,已完成,2025-10-22 18:46:47,2025-10-22 18:46:47,2025-10-22 18:46:47,饿了么支付-在线支付,,即时单,2025-10-22 18:46:47,12.10,自动出餐,1,否,"【买一送一】买披萨送意面[奥尔良鸡肉披萨7英寸+招牌肉酱意面]（75.00*1）,餐盒（2.00*1）",新奥尔良烤鸡肉披萨【7英寸(手拍)】+招牌肉酱意面,,,,非会员,23,,,依据餐量提供餐具,,75.00,28.13,39.10,0.00,0,0,2.62,0.00,3.50,【活动支出】店铺满减:1.00元+【活动支出】单品特价:30.10元+【活动支出】饿了么红包:8.00元+【活动支出】替用户承担配送费:3.5元,-,-,-,2.00,温州区域,温州加盟,,,否,-,平台配送
圣比萨（汤家桥店）,SBS00002,温州,"8098626089035701557	",饿了么,平台外卖,已完成,2025-10-22 18:51:08,2025-10-22 18:51:08,2025-10-22 18:51:08,饿了么支付-在线支付,,即时单,2025-10-22 18:51:08,12.18,自动出餐,1,否,"任选披萨8选1+小吃6选1+饮料[缤纷水果披萨7英寸+上校鸡块4个+小可乐+冷]（58.00*1）,招牌圣比披萨-7英寸(经典手拍)[{""name"":""规格"",""value"":""7英寸(经典手拍)""}]（45.00*1）,餐盒（4.00*1）",缤纷水果披萨【7英寸(手拍)】+上校鸡块+小可乐+大圣招牌大满贯披萨,,,,非会员,24,,,依据餐量提供餐具,,103.00,40.11,54.20,0.00,0,0,3.74,0.00,3.50,【活动支出】店铺满减:6.00元+【活动支出】单品特价:26.10元+【活动支出】单品特价:13.10元+【活动支出】饿了么红包:9.00元+【活动支出】替用户承担配送费:3.5元,-,-,-,4.00,温州区域,温州加盟,,,否,-,平台配送
圣比萨（汤家桥店）,SBS00002,温州,"8054956089041235202	",饿了么,平台外卖,已完成,2025-10-22 19:00:54,2025-10-22 19:00:54,2025-10-22 19:00:55,饿了么支付-在线支付,,即时单,2025-10-22 19:00:54,12.05,自动出餐,1,否,"任选披萨8选1+小吃6选1+饮料[奥尔良鸡肉披萨7英寸+蛋挞一对+小可乐+常温]（58.00*1）,餐盒（2.00*1）",新奥尔良烤鸡肉披萨【7英寸(手拍)】+蛋挞+小可乐,,,,非会员,25,,,依据餐量提供餐具,,58.00,20.41,31.10,0.00,0,0,1.94,0.00,3.50,【活动支出】单品特价:26.10元+【活动支出】饿了么红包:5.00元+【活动支出】替用户承担配送费:3.5元,-,-,-,2.00,温州区域,温州加盟,,,否,-,平台配送
圣比萨（汤家桥店）,SBS00002,温州,"8073470255112804627	",饿了么,平台外卖,已完成,2025-10-22 19:01:52,2025-10-22 19:01:52,2025-10-22 19:01:53,饿了么支付-在线支付,,即时单,2025-10-22 19:01:52,11.53,手动出餐,1,否,"榴莲披萨-7英寸（经典手拍)[{""name"":""规格"",""value"":""7英寸（经典手拍)""}]（52.00*1）,点击右上角❤️收藏得小吃[上校鸡块2个]（2.00*1）,餐盒（2.50*1）",榴莲王披萨+上校鸡块2个,,,,非会员,26,,,依据餐量提供餐具,,54.00,20.06,27.00,0.00,0,0,1.99,0.00,4.50,【活动支出】单品特价:18.10元+【活动支出】饿了么红包:7.00元+【活动支出】精准营销:1.90元+【活动支出】替用户承担配送费:4.5元,-,-,-,2.50,温州区域,温州加盟,,,否,-,平台配送
圣比萨（汤家桥店）,SBS00002,温州,"8045976089009229163	",饿了么,平台外卖,已完成,2025-10-22 19:04:05,2025-10-22 19:04:05,2025-10-22 19:04:06,饿了么支付-在线支付,,预约单,2025-10-22 20:30:00,29.90,手动出餐,1,否,"任选披萨8选1+小吃6选1+饮料[奥尔良鸡肉披萨7英寸+薯条一份+小可乐+常温]（58.00*1）,点击右上角❤️收藏得小吃[上校鸡块2个]（2.00*1）,餐盒（2.50*1）",新奥尔良烤鸡肉披萨【7英寸(手拍)】+经典薯条+小可乐+上校鸡块2个,,,,非会员,27,,,依据餐量提供餐具,,60.00,19.71,35.00,0.00,0,0,1.84,0.00,3.50,【活动支出】单品特价:26.10元+【活动支出】单品特价:1.90元+【活动支出】饿了么红包:7.00元+【活动支出】淘金币:0.00元+【活动支出】替用户承担配送费:3.5元,-,-,-,2.50,温州区域,温州加盟,,,否,-,平台配送
圣比萨（汤家桥店）,SBS00002,温州,"8096150255037088137	",饿了么,平台外卖,已完成,2025-10-22 19:16:54,2025-10-22 19:16:54,2025-10-22 19:16:54,饿了么支付-在线支付,,即时单,2025-10-22 19:16:54,12.22,自动出餐,1,否,"肉酱意面招牌（52.00*1）,餐盒（2.00*1）",招牌肉酱意面,,,,非会员,28,,,依据餐量提供餐具,,52.00,16.06,31.10,0.00,0,0,1.49,0.00,3.50,【活动支出】单品特价:24.10元+【活动支出】饿了么红包:7.00元+【活动支出】替用户承担配送费:3.5元,-,-,-,2.00,温州区域,温州加盟,,,否,-,平台配送
圣比萨（汤家桥店）,SBS00002,温州,"8097220255139494265	",饿了么,平台外卖,已完成,2025-10-22 19:21:26,2025-10-22 19:21:26,2025-10-22 19:21:26,饿了么支付-在线支付,,即时单,2025-10-22 19:21:26,12.23,自动出餐,1,否,"奥尔良烤鸡肉披萨-7英寸(经典手拍)[{""name"":""规格"",""value"":""7英寸(经典手拍)""}]（45.00*1）,餐盒（2.00*1）",新奥尔良烤鸡肉披萨,,,,非会员,29,,,1份餐具,,45.00,12.32,26.10,0.00,0,0,1.43,0.00,6.20,【活动支出】单品特价:19.10元+【活动支出】饿了么红包:7.00元+【活动支出】替用户承担配送费:6.0元,-,-,-,2.00,温州区域,温州加盟,,,否,-,平台配送
圣比萨（汤家桥店）,SBS00002,温州,"8007280255057150268	",饿了么,平台外卖,已完成,2025-10-22 20:09:43,2025-10-22 20:09:43,2025-10-22 20:09:43,饿了么支付-在线支付,,即时单,2025-10-22 20:09:43,7.87,手动出餐,1,否,"海苔肉松披萨-7英寸（经典手拍）[{""name"":""规格"",""value"":""7英寸（经典手拍）""}]（45.00*1）,餐盒（2.00*1）",海苔肉松披萨,,,,非会员,30,,,依据餐量提供餐具,,45.00,14.58,23.10,0.00,0,0,1.57,0.00,6.20,【活动支出】单品特价:16.10元+【活动支出】饿了么红包:7.00元+【活动支出】替用户承担配送费:6.0元,-,-,-,2.00,温州区域,温州加盟,,,否,-,平台配送
圣比萨（汤家桥店）,SBS00002,温州,"8093716089016315384	",饿了么,平台外卖,已完成,2025-10-22 20:11:31,2025-10-22 20:11:31,2025-10-22 20:11:32,饿了么支付-在线支付,,即时单,2025-10-22 20:11:31,7.58,手动出餐,1,否,"水果披萨-7英寸(经典手拍)[{""name"":""规格"",""value"":""7英寸(经典手拍)""}]（42.00*1）,餐盒（2.00*1）",缤纷水果披萨,,,,非会员,31,,,依据餐量提供餐具,,42.00,14.12,23.10,0.00,0,0,1.43,0.00,3.50,【活动支出】单品特价:16.10元+【活动支出】饿了么红包:7.00元+【活动支出】替用户承担配送费:3.5元,-,-,-,2.00,温州区域,温州加盟,,,否,-,平台配送
圣比萨（汤家桥店）,SBS00002,温州,"8030656089075704138	",饿了么,平台外卖,已完成,2025-10-22 20:38:49,2025-10-22 20:38:49,2025-10-22 20:38:49,饿了么支付-在线支付,,即时单,2025-10-22 20:38:49,10.20,自动出餐,1,否,"招牌圣比披萨-12英寸(经典手拍)[{""name"":""规格"",""value"":""12英寸(经典手拍)""}]（109.00*1）,上校鸡块（12.00*2）,点击右上角❤️收藏得小吃[上校鸡块2个]（2.00*1）,餐盒（4.50*1）",大圣招牌大满贯披萨+上校鸡块+上校鸡块2个,,,,非会员,32,,,4份餐具,,135.00,47.70,77.20,0.00,0,0,4.45,0.00,3.50,【活动支出】店铺满减:6.00元+【活动支出】单品特价:45.10元+【活动支出】单品特价:12.20元+【活动支出】单品特价:1.90元+【活动支出】饿了么红包:12.00元+【活动支出】替用户承担配送费:3.5元,-,-,-,4.50,温州区域,温州加盟,,,否,-,平台配送
圣比萨（汤家桥店）,SBS00002,温州,"8072310255162141101	",饿了么,平台外卖,已完成,2025-10-22 21:09:44,2025-10-22 21:09:44,2025-10-22 21:09:44,饿了么支付-在线支付,,即时单,2025-10-22 21:09:44,10.12,自动出餐,1,否,"任选披萨8选1+小吃6选1+饮料[纯芝士披萨7英寸+蛋挞一对+芒果汁+冷]（58.00*1）,餐盒（2.00*1）",金牌芝士披萨【7英寸(手拍)】+蛋挞+芒果汁,,,,非会员,33,,,依据餐量提供餐具,,58.00,17.76,33.10,0.00,0,0,1.79,0.00,7.10,【活动支出】单品特价:26.10元+【活动支出】饿了么红包:7.00元+【活动支出】替用户承担配送费:6.0元,-,-,-,2.00,温州区域,温州加盟,,,否,-,平台配送
圣比萨（汤家桥店）,SBS00002,温州,"8074646089081258352	",饿了么,平台外卖,已完成,2025-10-22 22:18:26,2025-10-22 22:18:26,2025-10-22 22:18:26,饿了么支付-在线支付,,即时单,2025-10-22 22:18:26,10.23,自动出餐,1,否,"任选披萨8选1+小吃6选1+饮料[碳烤鸡肉培根披萨7英寸+蛋挞一对+柠檬茶+冷]（58.00*1）,榴莲披萨-9英寸(经典手拍)[{""name"":""规格"",""value"":""9英寸(经典手拍)""}]（92.00*1）,明星小食桶A（35.00*1）,餐盒（6.00*1）",蛋挞+柠檬茶+榴莲王披萨+明星小食桶A,,,,非会员,34,,,依据餐量提供餐具,,185.00,64.00,107.30,0.00,0,0,6.05,0.00,5.60,【活动支出】店铺满减:6.00元+【活动支出】单品特价:26.10元+【活动支出】单品特价:46.10元+【活动支出】单品特价:21.10元+【活动支出】饿了么红包:8.00元+【活动支出】替用户承担配送费:5.6元,-,-,-,6.00,温州区域,温州加盟,,,否,-,平台配送
圣比萨（汤家桥店）,SBS00002,温州,"8059786089061982575	",饿了么,平台外卖,已完成,2025-10-22 23:00:08,2025-10-22 23:00:08,2025-10-22 23:00:08,饿了么支付-在线支付,,即时单,2025-10-22 23:00:08,10.10,自动出餐,1,否,"奥尔良烤鸡肉披萨-7英寸(经典手拍)[{""name"":""规格"",""value"":""7英寸(经典手拍)""}]（45.00*1）,餐盒（2.00*1）",新奥尔良烤鸡肉披萨,,,,非会员,35,,,依据餐量提供餐具,,45.00,13.62,26.10,0.00,0,0,1.43,0.00,5.60,【活动支出】单品特价:19.10元+【活动支出】 商家自营销加码:2.00元+【活动支出】饿了么红包:5.00元+【活动支出】替用户承担配送费:5.6元,-,-,-,2.00,温州区域,温州加盟,,,否,-,平台配送
圣比萨·披萨·炸鸡（盐城青墩店）,SBS00038,盐城,"8014050254887463257	",饿了么,平台外卖,已完成,2025-10-21 23:53:49,2025-10-21 23:53:49,2025-10-21 23:53:49,饿了么支付-在线支付,,预约单,2025-10-22 10:00:00,561.18,自动出餐,1,否,"大圣香肠一串[孜然]（8.50*1）,奥尔良烤翅（9.90*2）,餐盒（2.50*1）",奥尔良烤翅,,,,非会员,1,,,1份餐具,,28.30,14.43,6.00,0.00,0,0,1.87,0.00,4.40,【活动支出】精准营销:1.00元+【活动支出】饿了么红包:5.00元+【活动支出】替用户承担配送费:4.4元,-,-,-,2.50,江苏区域,江苏直营店,,,否,-,平台配送
圣比萨·披萨·炸鸡（盐城青墩店）,SBS00038,盐城,"8051020254848085317	",饿了么,平台外卖,已完成,2025-10-22 09:30:20,2025-10-22 09:30:20,2025-10-22 09:30:20,饿了么支付-在线支付,,即时单,2025-10-22 09:30:20,13.07,自动出餐,1,否,"奶酪芝士卷边（7英寸）（4.90*1）,新奥尔良烤鸡肉披萨-7英寸(手拍)[{""name"":""规格"",""value"":""7英寸(手拍)""}]（28.90*1）,餐盒（2.00*1）",奶酪芝士卷边7+新奥尔良烤鸡肉披萨,,,,非会员,2,,,依据餐量提供餐具,,33.80,22.26,5.00,0.00,0,0,2.44,0.00,2.40,【活动支出】饿了么红包:5.00元+【活动支出】替用户承担配送费:2.4元,-,-,-,2.00,江苏区域,江苏直营店,,,否,-,平台配送
圣比萨·披萨·炸鸡（盐城青墩店）,SBS00038,盐城,"8027320254834394424	",饿了么,平台外卖,已完成,2025-10-22 09:44:23,2025-10-22 09:44:23,2025-10-22 09:44:23,饿了么支付-在线支付,,即时单,2025-10-22 09:44:23,13.15,自动出餐,1,否,"碳烤鸡肉培根披萨-7英寸(手拍)[{""name"":""规格"",""value"":""7英寸(手拍)""}]（28.90*1）,奶酪芝士卷边（7英寸）（4.90*1）,大圣拉丝芝士棒（8.90*1）,大圣招牌肉串3串[香辣]（14.90*1）,奥尔良烤翅（9.90*1）,蛋挞（2个）（8.90*1）,餐盒（5.50*1）",碳烤鸡肉培根披萨+奶酪芝士卷边7+大圣拉丝芝士棒+大圣招牌肉串3串+奥尔良烤翅+蛋挞,,,,非会员,3,,,依据餐量提供餐具,,76.40,54.41,11.00,0.00,0,0,5.89,0.00,2.40,【活动支出】店铺满减:6.00元+【活动支出】超级会员专享红包:5.00元+【活动支出】替用户承担配送费:2.4元,-,-,-,5.50,江苏区域,江苏直营店,,,否,-,平台配送
圣比萨·披萨·炸鸡（盐城青墩店）,SBS00038,盐城,"8040936088710262103	",饿了么,平台外卖,已完成,2025-10-22 09:52:56,2025-10-22 09:52:56,2025-10-22 09:52:56,饿了么支付-在线支付,,即时单,2025-10-22 09:52:56,13.22,自动出餐,1,否,"奶酪芝士卷边（7英寸）（4.90*1）,榴莲王披萨-7英寸(手拍)[{""name"":""规格"",""value"":""7英寸(手拍)""}]（36.90*1）,餐盒（2.00*1）",奶酪芝士卷边7+榴莲王披萨,,,,非会员,4,,,1份餐具,,41.80,27.46,6.00,0.00,0,0,3.04,0.00,2.40,【活动支出】店铺满减:1.00元+【活动支出】饿了么红包:5.00元+【活动支出】替用户承担配送费:2.4元,-,-,-,2.00,江苏区域,江苏直营店,,,否,-,平台配送
圣比萨·披萨·炸鸡（盐城青墩店）,SBS00038,盐城,"8087816088742570302	",饿了么,平台外卖,已完成,2025-10-22 10:41:43,2025-10-22 10:41:43,2025-10-22 10:41:43,饿了么支付-在线支付,,即时单,2025-10-22 10:41:43,13.02,自动出餐,1,否,"经典薯条（180）（8.90*1）,新奥尔良烤鸡肉披萨-7英寸(手拍)[{""name"":""规格"",""value"":""7英寸(手拍)""}]（28.90*1）,红薯薯泥流心卷边（7英寸）（4.90*1）,餐盒（3.00*1）",经典薯条+新奥尔良烤鸡肉披萨+红薯泥流心卷边7,,,,非会员,5,,,电话联系 13269827573/ 2份餐具,,42.70,29.19,6.00,0.00,0,0,3.21,0.00,2.40,【活动支出】店铺满减:1.00元+【活动支出】饿了么红包:5.00元+【活动支出】替用户承担配送费:2.4元,-,-,-,3.00,江苏区域,江苏直营店,,,否,-,平台配送
圣比萨·披萨·炸鸡（盐城青墩店）,SBS00038,盐城,"8074526088785763624	",饿了么,平台外卖,已退款,2025-10-22 10:49:48,2025-10-22 10:49:48,2025-10-22 10:49:48,饿了么支付-在线支付,,即时单,2025-10-22 10:49:48,,未出餐,1,否,"海苔肉松披萨-7英寸[{""name"":""规格"",""value"":""7英寸""}]（32.90*1）,餐盒（1.00*1）","海苔肉松披萨-7英寸[{""name"":""规格"",""value"":""7英寸""}]+餐盒",,,,非会员,6,,,依据餐量提供餐具,订单强制无效（商家主动取消已接订单、用户1分钟内取消),32.90,-1.38,5.00,21.90,0,0,2.28,0.00,2.40,【活动支出】饿了么红包:5.00元+【活动支出】替用户承担配送费:2.4元,-,-,-,1.00,江苏区域,江苏直营店,,,否,-,平台配送
圣比萨·披萨·炸鸡（盐城青墩店）,SBS00038,盐城,"8074526088768862702	",饿了么,平台外卖,已完成,2025-10-22 10:54:05,2025-10-22 10:54:05,2025-10-22 10:54:05,饿了么支付-在线支付,,即时单,2025-10-22 10:54:05,13.22,自动出餐,1,否,"新奥尔良烤鸡肉披萨-7英寸(手拍)[{""name"":""规格"",""value"":""7英寸(手拍)""}]（28.90*1）,餐盒（2.00*1）",新奥尔良烤鸡肉披萨,,,,非会员,7,,,依据餐量提供餐具,,28.90,18.38,5.00,0.00,0,0,2.02,0.00,2.40,【活动支出】饿了么红包:5.00元+【活动支出】替用户承担配送费:2.4元,-,-,-,2.00,江苏区域,江苏直营店,,,否,-,平台配送
圣比萨·披萨·炸鸡（盐城青墩店）,SBS00038,盐城,"8090370254933517699	",饿了么,平台外卖,已完成,2025-10-22 11:58:10,2025-10-22 11:58:10,2025-10-22 11:58:10,饿了么支付-在线支付,,即时单,2025-10-22 11:58:10,14.07,自动出餐,1,否,"盒子披萨三选一[奥尔良风情烤鸡肉]（28.90*1）,点击右上角❤️免费得小吃（限一份，多点不送）[薯饼2个]（0.00*1）,餐盒（2.00*1）",奥尔良风情烤鸡肉一人食盒子披萨,,,,非会员,8,,,依据餐量提供餐具,,28.90,18.38,5.00,0.00,0,0,2.02,0.00,2.40,【活动支出】饿了么红包:5.00元+【活动支出】替用户承担配送费:2.4元,-,-,-,2.00,江苏区域,江苏直营店,,,否,-,平台配送
圣比萨·披萨·炸鸡（盐城青墩店）,SBS00038,盐城,"8091470254937703871	",饿了么,平台外卖,已完成,2025-10-22 12:05:39,2025-10-22 12:05:39,2025-10-22 12:05:40,饿了么支付-在线支付,,即时单,2025-10-22 12:05:39,14.12,自动出餐,1,否,"碳烤鸡肉培根披萨-7英寸(手拍)[{""name"":""规格"",""value"":""7英寸(手拍)""}]（28.90*1）,奶酪芝士卷边（7英寸）（4.90*1）,榴莲王披萨-7英寸(手拍)[{""name"":""规格"",""value"":""7英寸(手拍)""}]（36.90*1）,鸡排小串套餐（鸡排两个＋小鸡肉串1把＋可乐）[香辣]（29.90*1）,红薯薯泥流心卷边（7英寸）（4.90*1）,餐盒（5.00*1）",碳烤鸡肉培根披萨+奶酪芝士卷边7+榴莲王披萨+大圣鸡排【1个】+大圣鸡排【1个】+大圣小鸡肉串（20串）+小可乐+红薯泥流心卷边7,,,,非会员,9,,,依据餐量提供餐具,,105.50,81.27,6.00,0.00,0,0,8.78,0.00,2.40,【活动支出】店铺满减:6.00元+【活动支出】替用户承担配送费:2.4元,-,-,-,5.00,江苏区域,江苏直营店,,,否,-,平台配送
圣比萨·披萨·炸鸡（盐城青墩店）,SBS00038,盐城,"8076966088898813205	",饿了么,平台外卖,已完成,2025-10-22 14:35:55,2025-10-22 14:35:55,2025-10-22 14:35:55,饿了么支付-在线支付,,即时单,2025-10-22 14:35:55,10.55,手动出餐,1,否,"玉米沙拉披萨-7英寸(手拍)[{""name"":""规格"",""value"":""7英寸(手拍)""}]（28.90*1）,点击右上角❤️免费得小吃（限一份，多点不送）[薯饼2个]（0.00*1）,餐盒（2.00*1）",玉米沙拉披萨,,,,非会员,10,,,1份餐具,,28.90,17.01,6.00,0.00,0,0,1.89,0.00,2.90,【活动支出】精准营销:1.00元+【活动支出】饿了么红包:5.00元+【活动支出】替用户承担配送费:2.9元,-,-,-,2.00,江苏区域,江苏直营店,,,否,-,平台配送
圣比萨·披萨·炸鸡（盐城青墩店）,SBS00038,盐城,"8074946088872890710	",饿了么,平台外卖,已完成,2025-10-22 14:46:52,2025-10-22 14:46:52,2025-10-22 14:46:53,饿了么支付-在线支付,,即时单,2025-10-22 14:46:52,13.12,自动出餐,1,否,"碳烤鸡肉培根披萨-7英寸(手拍)[{""name"":""规格"",""value"":""7英寸(手拍)""}]（28.90*1）,奶酪芝士卷边（7英寸）（4.90*1）,餐盒（2.00*1）",碳烤鸡肉培根披萨+奶酪芝士卷边7,,,,非会员,11,,,1份餐具,,33.80,26.23,0,0.00,0,0,2.87,0.00,2.40,-,-,-,-,2.00,江苏区域,江苏直营店,,,否,-,平台配送
圣比萨·披萨·炸鸡（盐城青墩店）,SBS00038,盐城,"8092040255029537059	",饿了么,平台外卖,已完成,2025-10-22 15:55:28,2025-10-22 15:55:28,2025-10-22 15:55:28,饿了么支付-在线支付,,即时单,2025-10-22 15:55:28,13.05,自动出餐,1,否,"大圣鸡排[孜然]（6.90*1）,招牌大圣鸡排（2个）[香辣]（16.90*1）,餐盒（1.50*1）",大圣鸡排,,,,非会员,12,,,不要打电话/ 依据餐量提供餐具,,23.80,13.86,5.00,0.00,0,0,1.54,0.00,2.40,【活动支出】饿了么红包:5.00元+【活动支出】替用户承担配送费:2.4元,-,-,-,1.50,江苏区域,江苏直营店,,,否,-,平台配送
圣比萨·披萨·炸鸡（盐城青墩店）,SBS00038,盐城,"8008060255150853603	",饿了么,平台外卖,已完成,2025-10-22 17:08:51,2025-10-22 17:08:51,2025-10-22 17:08:51,饿了么支付-在线支付,,即时单,2025-10-22 17:08:51,13.12,自动出餐,1,否,"大圣招牌大满贯披萨-9英寸(手拍)[{""name"":""规格"",""value"":""9英寸(手拍)""}]（46.90*1）,红薯薯泥流心卷边（9英寸）（6.90*1）,餐盒（2.00*1）",大圣招牌大满贯披萨+红薯泥流心卷边9,,,,非会员,13,,,依据餐量提供餐具,,53.80,36.41,7.00,0.00,0,0,3.99,0.00,2.40,【活动支出】店铺满减:1.00元+【活动支出】精准营销:1.00元+【活动支出】饿了么红包:5.00元+【活动支出】替用户承担配送费:2.4元,-,-,-,2.00,江苏区域,江苏直营店,,,否,-,平台配送
圣比萨·披萨·炸鸡（盐城青墩店）,SBS00038,盐城,"8019556088950118795	",饿了么,平台外卖,已完成,2025-10-22 17:11:32,2025-10-22 17:11:32,2025-10-22 17:11:32,饿了么支付-在线支付,,即时单,2025-10-22 17:11:32,13.10,自动出餐,1,否,"大圣香肠一串[孜然]（8.50*1）,招牌大圣鸡排（2个）[孜然]（16.90*1）,餐盒（1.00*1）",大圣香肠一串[孜然]+招牌大圣鸡排（2个）[孜然]+餐盒,,,,非会员,14,,,依据餐量提供餐具,,25.40,14.87,5.00,0.00,0,0,1.63,0.00,2.40,【活动支出】饿了么红包:5.00元+【活动支出】替用户承担配送费:2.4元,-,-,-,1.00,江苏区域,江苏直营店,,,否,-,平台配送
圣比萨·披萨·炸鸡（盐城青墩店）,SBS00038,盐城,"8042686088981113108	",饿了么,平台外卖,已完成,2025-10-22 17:15:02,2025-10-22 17:15:02,2025-10-22 17:15:02,饿了么支付-在线支付,,即时单,2025-10-22 17:15:02,13.15,自动出餐,1,否,"新奥尔良烤鸡肉披萨-7英寸(手拍)[{""name"":""规格"",""value"":""7英寸(手拍)""}]（28.90*1）,餐盒（2.00*1）",新奥尔良烤鸡肉披萨,,,,非会员,15,,,2份餐具,,28.90,18.38,5.00,0.00,0,0,2.02,0.00,2.40,【活动支出】饿了么红包:5.00元+【活动支出】替用户承担配送费:2.4元,-,-,-,2.00,江苏区域,江苏直营店,,,否,-,平台配送
圣比萨·披萨·炸鸡（盐城青墩店）,SBS00038,盐城,"8028200254986881534	",饿了么,平台外卖,已完成,2025-10-22 17:42:02,2025-10-22 17:42:02,2025-10-22 17:42:03,饿了么支付-在线支付,,即时单,2025-10-22 17:42:02,14.13,自动出餐,1,否,"红薯薯泥流心卷边（9英寸）（6.90*1）,新奥尔良烤鸡肉披萨-9英寸(手拍)[{""name"":""规格"",""value"":""9英寸(手拍)""}]（36.90*1）,餐盒（2.00*1）",红薯泥流心卷边9+新奥尔良烤鸡肉披萨,,,,非会员,16,,,依据餐量提供餐具,,43.80,29.28,6.00,0.00,0,0,3.22,0.00,2.40,【活动支出】店铺满减:1.00元+【活动支出】饿了么红包:5.00元+【活动支出】替用户承担配送费:2.4元,-,-,-,2.00,江苏区域,江苏直营店,,,否,-,平台配送
圣比萨·披萨·炸鸡（盐城青墩店）,SBS00038,盐城,"8027340255087572370	",饿了么,平台外卖,已完成,2025-10-22 17:51:36,2025-10-22 17:51:36,2025-10-22 17:51:36,饿了么支付-在线支付,,即时单,2025-10-22 17:51:36,12.20,手动出餐,1,否,"玉米沙拉披萨-7英寸(手拍)[{""name"":""规格"",""value"":""7英寸(手拍)""}]（28.90*1）,餐盒（2.00*1）",玉米沙拉披萨,,,,非会员,17,,,1份餐具,,28.90,18.38,5.00,0.00,0,0,2.02,0.00,2.40,【活动支出】饿了么红包:5.00元+【活动支出】替用户承担配送费:2.4元,-,-,-,2.00,江苏区域,江苏直营店,,,否,-,平台配送
圣比萨·披萨·炸鸡（盐城青墩店）,SBS00038,盐城,"8087190255191482710	",饿了么,平台外卖,已完成,2025-10-22 18:10:55,2025-10-22 18:10:55,2025-10-22 18:10:55,饿了么支付-在线支付,,即时单,2025-10-22 18:10:55,14.15,自动出餐,1,否,"奶酪芝士卷边（9英寸）（6.90*1）,上校鸡块（5）（6.90*1）,芝士棒（8.50*1）,新奥尔良烤鸡肉披萨-9英寸(手拍)[{""name"":""规格"",""value"":""9英寸(手拍)""}]（36.90*1）,餐盒（3.50*1）",奶酪芝士卷边9+上校鸡块+大圣拉丝芝士棒+新奥尔良烤鸡肉披萨,,,,非会员,18,,,依据餐量提供餐具,,59.20,39.06,11.00,0.00,0,0,4.24,0.00,2.40,【活动支出】店铺满减:6.00元+【活动支出】饿了么红包:5.00元+【活动支出】替用户承担配送费:2.4元,-,-,-,3.50,江苏区域,江苏直营店,,,否,-,平台配送
圣比萨·披萨·炸鸡（盐城青墩店）,SBS00038,盐城,"8002040255101449526	",饿了么,平台外卖,已完成,2025-10-22 18:17:59,2025-10-22 18:17:59,2025-10-22 18:17:59,饿了么支付-在线支付,,即时单,2025-10-22 18:17:59,14.20,自动出餐,1,否,"咸蛋黄风味流心卷边（9英寸）（6.90*1）,点击右上角❤️免费得小吃（限一份，多点不送）[上校鸡块2个]（0.00*1）,新奥尔良烤鸡肉披萨-9英寸(手拍)[{""name"":""规格"",""value"":""9英寸(手拍)""}]（36.90*1）,餐盒（2.00*1）",咸蛋黄流沙卷边9+上校鸡块2个+新奥尔良烤鸡肉披萨,,,,非会员,19,,,依据餐量提供餐具,,43.80,28.37,7.00,0.00,0,0,3.13,0.00,2.40,【活动支出】店铺满减:1.00元+【活动支出】精准营销:1.00元+【活动支出】饿了么红包:5.00元+【活动支出】替用户承担配送费:2.4元,-,-,-,2.00,江苏区域,江苏直营店,,,否,-,平台配送
圣比萨·披萨·炸鸡（盐城青墩店）,SBS00038,盐城,"8047546088995978525	",饿了么,平台外卖,已完成,2025-10-22 18:49:10,2025-10-22 18:49:10,2025-10-22 18:49:10,饿了么支付-在线支付,,预约单,2025-10-22 21:05:00,90.85,自动出餐,1,否,"炙热牛魔王披萨-12英寸(手拍)[{""name"":""规格"",""value"":""12英寸(手拍)""}]（66.90*1）,咸蛋黄风味流心卷边（12英寸）（8.90*1）,餐盒（2.00*1）",炙热牛魔王披萨+咸蛋黄流沙卷边,,,,非会员,20,,,"对骑手, 请提前电话联系 / 依据餐量提供餐具",,75.80,46.56,11.00,0.00,0,0,5.49,0.00,5.90,【活动支出】店铺满减:6.00元+【活动支出】饿了么红包:5.00元+【活动支出】替用户承担配送费:5.9元,-,-,-,2.00,江苏区域,江苏直营店,,,否,-,平台配送
圣比萨·披萨·炸鸡（盐城青墩店）,SBS00038,盐城,"8046030255048261910	",饿了么,平台外卖,已完成,2025-10-22 19:38:50,2025-10-22 19:38:50,2025-10-22 19:38:50,饿了么支付-在线支付,,即时单,2025-10-22 19:38:50,13.22,自动出餐,1,否,"奶酪芝士卷边（7英寸）（4.90*1）,榴莲王披萨-7英寸(手拍)[{""name"":""规格"",""value"":""7英寸(手拍)""}]（36.90*1）,餐盒（2.00*1）",奶酪芝士卷边7+榴莲王披萨,,,,非会员,21,,,依据餐量提供餐具,,41.80,27.60,6.00,0.00,0,0,3.00,0.00,2.90,【活动支出】店铺满减:1.00元+【活动支出】饿了么红包:5.00元+【活动支出】替用户承担配送费:2.9元,-,-,-,2.00,江苏区域,江苏直营店,,,否,-,平台配送
圣比萨·披萨·炸鸡（盐城青墩店）,SBS00038,盐城,"8036936089039250704	",饿了么,平台外卖,已完成,2025-10-22 19:43:02,2025-10-22 19:43:02,2025-10-22 19:43:03,饿了么支付-在线支付,,即时单,2025-10-22 19:43:02,13.12,自动出餐,1,否,"酸奶多多流心卷边（9英寸）（6.90*1）,新奥尔良烤鸡肉披萨-9英寸(手拍)[{""name"":""规格"",""value"":""9英寸(手拍)""}]（36.90*1）,餐盒（2.00*1）",酸奶多多流心卷边9+新奥尔良烤鸡肉披萨,,,,非会员,22,,,依据餐量提供餐具,,43.80,29.28,6.00,0.00,0,0,3.22,0.00,2.40,【活动支出】店铺满减:1.00元+【活动支出】饿了么红包:5.00元+【活动支出】替用户承担配送费:2.4元,-,-,-,2.00,江苏区域,江苏直营店,,,否,-,平台配送
圣比萨·披萨·炸鸡（盐城青墩店）,SBS00038,盐城,"8028070255143158096	",饿了么,平台外卖,已完成,2025-10-22 19:43:06,2025-10-22 19:43:06,2025-10-22 19:43:06,饿了么支付-在线支付,,即时单,2025-10-22 19:43:06,13.10,自动出餐,1,否,"大圣招牌大满贯披萨-9英寸(手拍)[{""name"":""规格"",""value"":""9英寸(手拍)""}]（46.90*1）,咸蛋黄风味流心卷边（9英寸）（6.90*1）,点击右上角❤️免费得小吃（限一份，多点不送）[上校鸡块2个]（0.00*1）,大圣香肠[孜然]（5.90*1）,餐盒（3.00*1）",大圣招牌大满贯披萨+咸蛋黄流沙卷边9+上校鸡块2个+大圣香肠1串,,,,非会员,23,,,依据餐量提供餐具,,59.70,35.20,12.00,0.00,0,0,4.10,0.00,4.90,【活动支出】店铺满减:6.00元+【活动支出】精准营销:1.00元+【活动支出】饿了么红包:5.00元+【活动支出】淘金币:0.00元+【活动支出】替用户承担配送费:4.9元,-,-,-,3.00,江苏区域,江苏直营店,,,否,-,平台配送
圣比萨·披萨·炸鸡（盐城青墩店）,SBS00038,盐城,"8001876089069750774	",饿了么,平台外卖,已完成,2025-10-22 20:03:03,2025-10-22 20:03:03,2025-10-22 20:03:03,饿了么支付-在线支付,,即时单,2025-10-22 20:03:03,12.20,手动出餐,1,否,"爆款鸡柳桶开（＋可乐）[三种口味混合]（28.90*1）,点击右上角❤️免费得小吃（限一份，多点不送）[上校鸡块2个]（0.00*1）,餐盒（1.00*1）",大圣鸡柳三合一+上校鸡块2个,,,,非会员,24,,,依据餐量提供餐具,,28.90,16.55,6.00,0.00,0,0,1.85,0.00,2.40,【活动支出】精准营销:1.00元+【活动支出】饿了么红包:5.00元+【活动支出】替用户承担配送费:2.4元,-,-,-,1.00,江苏区域,江苏直营店,,,否,-,平台配送
圣比萨·披萨·炸鸡（盐城青墩店）,SBS00038,盐城,"8019220255164356068	",饿了么,平台外卖,已完成,2025-10-22 20:36:00,2025-10-22 20:36:00,2025-10-22 20:36:01,饿了么支付-在线支付,,即时单,2025-10-22 20:36:00,13.22,自动出餐,1,否,"点击右上角❤️免费得小吃（限一份，多点不送）[墨鱼丸1个]（0.00*1）,新奥尔良烤鸡肉披萨-9英寸(手拍)[{""name"":""规格"",""value"":""9英寸(手拍)""}]（36.90*1）,餐盒（2.00*1）",新奥尔良烤鸡肉披萨,,,,非会员,25,,,3份餐具,,36.90,23.26,7.00,0.00,0,0,2.54,0.00,2.40,【活动支出】店铺满减:1.00元+【活动支出】饿了么红包:5.00元+【活动支出】精准营销:1.00元+【活动支出】替用户承担配送费:2.4元,-,-,-,2.00,江苏区域,江苏直营店,,,否,-,平台配送
圣比萨·披萨·炸鸡（盐城青墩店）,SBS00038,盐城,"8098050255262585241	",饿了么,平台外卖,已完成,2025-10-22 20:37:44,2025-10-22 20:37:44,2025-10-22 20:37:44,饿了么支付-在线支付,,即时单,2025-10-22 20:37:44,13.18,自动出餐,1,否,"大圣鸡排[香辣]（6.90*1）,榴莲王披萨-9英寸(手拍)[{""name"":""规格"",""value"":""9英寸(手拍)""}]（46.90*1）,上校鸡块（5）（6.90*1）,餐盒（4.00*1）",大圣鸡排+榴莲王披萨+上校鸡块,,,,非会员,26,,,依据餐量提供餐具,,60.70,40.34,11.00,0.00,0,0,4.41,0.00,2.40,【活动支出】店铺满减:6.00元+【活动支出】饿了么红包:5.00元+【活动支出】替用户承担配送费:2.4元,-,-,-,4.00,江苏区域,江苏直营店,,,否,-,平台配送
圣比萨·披萨·炸鸡（盐城青墩店）,SBS00038,盐城,"8011200255166178586	",饿了么,平台外卖,已完成,2025-10-22 21:25:35,2025-10-22 21:25:35,2025-10-22 21:25:35,饿了么支付-在线支付,,即时单,2025-10-22 21:25:35,13.10,自动出餐,1,否,"超值花果山三套（芝士棒1＋可乐））（36.90*1）,餐盒（1.00*1）",超值花果山三套（芝士棒1＋可乐））+餐盒,,,,非会员,27,,,依据餐量提供餐具,,36.90,22.21,6.00,0.00,0,0,2.49,0.00,3.40,【活动支出】精准营销:1.00元+【活动支出】饿了么红包:5.00元+【活动支出】替用户承担配送费:3.4元,-,-,-,1.00,江苏区域,江苏直营店,,,否,-,平台配送
圣比萨·披萨·炸鸡（盐城青墩店）,SBS00038,盐城,"8085566089040369952	",饿了么,平台外卖,已完成,2025-10-22 21:40:27,2025-10-22 21:40:27,2025-10-22 21:40:28,饿了么支付-在线支付,,即时单,2025-10-22 21:40:27,13.10,自动出餐,1,否,"爆款鸡柳桶开（＋可乐）[香辣]（28.90*1）,日系照烧鸡披萨-9英寸(手拍)[{""name"":""规格"",""value"":""9英寸(手拍)""}]（36.90*1）,奶酪芝士卷边（9英寸）（6.90*1）,点击右上角❤️免费得小吃（限一份，多点不送）[薯饼2个]（0.00*1）,餐盒（3.00*1）",大圣鸡柳三合一+日系照烧鸡披萨+奶酪芝士卷边9,,,,非会员,28,,,依据餐量提供餐具,,72.70,47.04,11.00,0.00,0,0,5.31,0.00,4.90,【活动支出】店铺满减:6.00元+【活动支出】饿了么红包:5.00元+【活动支出】替用户承担配送费:4.9元,-,-,-,3.00,江苏区域,江苏直营店,,,否,-,平台配送
圣比萨·披萨·炸鸡（盐城青墩店）,SBS00038,盐城,"8046896089081658755	",饿了么,平台外卖,已完成,2025-10-22 22:12:40,2025-10-22 22:12:40,2025-10-22 22:12:40,饿了么支付-在线支付,,即时单,2025-10-22 22:12:40,12.53,手动出餐,1,否,"招牌大圣鸡排（2个）[香辣]（16.90*1）,芝士棒（8.50*1）,餐盒（1.00*1）",大圣拉丝芝士棒,,,,非会员,29,,,依据餐量提供餐具,,25.40,12.90,6.00,0.00,0,0,1.50,0.00,3.40,【活动支出】精准营销:1.00元+【活动支出】饿了么红包:5.00元+【活动支出】替用户承担配送费:3.4元,-,-,-,1.00,江苏区域,江苏直营店,,,否,-,平台配送
圣比萨·披萨·炸鸡（盐城青墩店）,SBS00038,盐城,"8036536089079517495	",饿了么,平台外卖,已完成,2025-10-22 22:31:59,2025-10-22 22:31:59,2025-10-22 22:32:00,饿了么支付-在线支付,,即时单,2025-10-22 22:31:59,13.10,自动出餐,1,否,"招牌大圣鸡排（2个）[孜然]（16.90*1）,点击右上角❤️免费得小吃（限一份，多点不送）[上校鸡块2个]（0.00*1）,大圣香肠[孜然]（5.90*1）,餐盒（1.50*1）",上校鸡块2个+大圣香肠1串,,,,非会员,30,,,"不要打电话,帮我放客厅,门牌号10号,谢谢 / 依据餐量提供餐具",,22.80,10.98,6.00,0.00,0,0,1.32,0.00,3.40,【活动支出】精准营销:1.00元+【活动支出】饿了么红包:5.00元+【活动支出】替用户承担配送费:3.4元,-,-,-,1.50,江苏区域,江苏直营店,,,否,-,平台配送
圣比萨（垟田店）,SBM00026,温州,"8001480254699659640	",饿了么,平台外卖,已退款,2025-10-21 15:01:13,2025-10-21 15:01:13,2025-10-21 15:01:13,饿了么支付-在线支付,,预约单,2025-10-22 10:25:00,,未出餐,1,否,"纯芝士披萨7英寸[7英寸]（42.00*1）,餐盒（2.00*1）",金牌芝士披萨【7英寸(手拍)】,,,,非会员,1,,,2份餐具,订单强制无效（商家主动取消已接订单、用户1分钟内取消),42.00,5.22,27.10,4.90,0,0,1.43,0.00,3.50,【活动支出】单品特价:20.10元+【活动支出】 商家自营销加码:2.00元+【活动支出】CPS商户叠加券:0.00元+【活动支出】饿了么红包:5.00元+【活动支出】淘金币:0.00元+【活动支出】替用户承担配送费:3.5元,-,-,-,2.00,温州区域,温州加盟,,,否,-,平台配送
圣比萨（垟田店）,SBM00026,温州,"8001480254582250789	",饿了么,平台外卖,已完成,2025-10-21 17:45:30,2025-10-21 17:45:30,2025-10-21 17:45:30,饿了么支付-在线支付,,预约单,2025-10-22 10:40:00,969.60,自动出餐,1,否,"纯芝士披萨7英寸[7英寸]（42.00*1）,餐盒（2.00*1）",金牌芝士披萨【7英寸(手拍)】,,,,非会员,2,,,2份餐具,,42.00,10.12,27.10,0.00,0,0,1.43,0.00,3.50,【活动支出】单品特价:20.10元+【活动支出】 商家自营销加码:2.00元+【活动支出】CPS商户叠加券:0.00元+【活动支出】饿了么红包:5.00元+【活动支出】淘金币:0.00元+【活动支出】替用户承担配送费:3.5元,-,-,-,2.00,温州区域,温州加盟,,,否,-,平台配送
圣比萨（垟田店）,SBM00026,温州,"8067546088836221358	",饿了么,平台外卖,已完成,2025-10-22 11:37:55,2025-10-22 11:37:55,2025-10-22 11:37:56,饿了么支付-在线支付,,即时单,2025-10-22 11:37:55,11.47,手动出餐,1,否,"奶酪芝士卷边（7英寸）（4.90*1）,圣比招牌套餐[圣比招牌披萨7英寸+上校鸡块4个+小可乐]（58.00*1）,餐盒（2.00*1）",大圣招牌大满贯披萨【7英寸(手拍)】+上校鸡块+小可乐,,,,非会员,3,,,1份餐具,,62.90,21.24,35.10,0.00,0,0,2.01,0.00,3.50,【活动支出】店铺满减:1.00元+【活动支出】单品特价:23.10元+【活动支出】粉丝群:2.00元+【活动支出】饿了么红包:9.00元+【活动支出】替用户承担配送费:3.5元,-,-,-,2.00,温州区域,温州加盟,,,否,-,平台配送
圣比萨（垟田店）,SBM00026,温州,"8066606088812595705	",饿了么,平台外卖,已完成,2025-10-22 11:42:46,2025-10-22 11:42:46,2025-10-22 11:42:46,饿了么支付-在线支付,,即时单,2025-10-22 11:42:46,9.43,手动出餐,1,否,"纯芝士披萨7英寸[7英寸]（42.00*1）,台式香烤地道肠（7.50*1）,餐盒（3.00*1）",金牌芝士披萨【7英寸(手拍)】+地道肠1根,,,,非会员,4,,,依据餐量提供餐具,,49.50,5.01,36.61,0.00,0,0,1.43,0.00,9.30,【活动支出】单品特价:20.10元+【活动支出】单品特价:5.51元+【活动支出】超级会员专享红包:5.00元+【活动支出】 商家自营销加码:2.00元+【活动支出】订单集点返红包:4.00元+【活动支出】替用户承担配送费:6.0元,-,-,-,3.00,温州区域,温州加盟,,,否,-,平台配送
圣比萨（垟田店）,SBM00026,温州,"8084566088818229657	",饿了么,平台外卖,已完成,2025-10-22 11:43:15,2025-10-22 11:43:15,2025-10-22 11:43:15,饿了么支付-在线支付,,即时单,2025-10-22 11:43:15,8.98,手动出餐,1,否,"纯芝士披萨7英寸[7英寸]（42.00*1）,餐盒（2.00*1）",金牌芝士披萨【7英寸(手拍)】,,,,非会员,5,,,非常急，需要快点 / 1份餐具,,42.00,10.12,27.10,0.00,0,0,1.43,0.00,3.50,【活动支出】单品特价:20.10元+【活动支出】 商家自营销加码:2.00元+【活动支出】CPS商户叠加券:0.00元+【活动支出】饿了么红包:5.00元+【活动支出】替用户承担配送费:3.5元,-,-,-,2.00,温州区域,温州加盟,,,否,-,平台配送
圣比萨（垟田店）,SBM00026,温州,"8000040255034838456	",饿了么,平台外卖,已完成,2025-10-22 12:12:13,2025-10-22 12:12:13,2025-10-22 12:12:13,饿了么支付-在线支付,,预约单,2025-10-22 15:10:00,132.82,自动出餐,1,否,"纯芝士披萨7英寸[7英寸]（42.00*1）,餐盒（2.00*1）",金牌芝士披萨【7英寸(手拍)】,,,,非会员,6,,,依据餐量提供餐具,,42.00,10.12,27.10,0.00,0,0,1.43,0.00,3.50,【活动支出】单品特价:20.10元+【活动支出】 商家自营销加码:2.00元+【活动支出】CPS商户叠加券:0.00元+【活动支出】饿了么红包:5.00元+【活动支出】替用户承担配送费:3.5元,-,-,-,2.00,温州区域,温州加盟,,,否,-,平台配送
圣比萨（垟田店）,SBM00026,温州,"8004490254997098774	",饿了么,平台外卖,已完成,2025-10-22 13:49:06,2025-10-22 13:49:06,2025-10-22 13:49:06,饿了么支付-在线支付,,即时单,2025-10-22 13:49:06,10.20,自动出餐,1,否,新奥尔良烤鸡肉披萨7寸-单点（22.00*1）,新奥尔良烤鸡肉披萨【7英寸(手拍)】,,,,非会员,7,,,骑手到了放门口就行 / 依据餐量提供餐具,,22.00,12.00,0.00,0.00,0,0,0.00,0.00,,【活动支出】拼团反圈活动:0.00元,-,-,-,0.00,温州区域,温州加盟,,,否,-,平台配送
圣比萨（垟田店）,SBM00026,温州,"8061280255034194208	",饿了么,平台外卖,已完成,2025-10-22 16:31:14,2025-10-22 16:31:14,2025-10-22 16:31:14,饿了么支付-在线支付,,即时单,2025-10-22 16:31:14,10.17,自动出餐,1,否,"圣比招牌套餐[圣比招牌披萨7英寸+地道肠1根+小可乐]（58.00*1）,餐盒（2.00*1）",大圣招牌大满贯披萨【7英寸(手拍)】+地道肠【1根】+小可乐,,,,非会员,8,,,依据餐量提供餐具,,58.00,23.18,28.10,0.00,0,0,2.17,0.00,3.50,【活动支出】单品特价:23.10元+【活动支出】饿了么红包:5.00元+【活动支出】替用户承担配送费:3.5元,-,-,-,2.00,温州区域,温州加盟,,,否,-,平台配送
圣比萨（垟田店）,SBM00026,温州,"8082410255141343686	",饿了么,平台外卖,已完成,2025-10-22 16:46:59,2025-10-22 16:46:59,2025-10-22 16:46:59,饿了么支付-在线支付,,即时单,2025-10-22 16:46:59,10.22,自动出餐,1,否,"任选披萨7选1+小吃6选1+饮料[碳烤鸡肉培根7英寸+盐酥鸡米花小份+小可乐]（58.00*1）,蛋挞一个（原味）（5.00*2）,餐盒（4.00*1）",碳烤鸡肉培根披萨【7英寸(手拍)】+盐酥鸡米花小份+小可乐+蛋挞1个,,,,非会员,9,,,依据餐量提供餐具,,68.00,24.10,39.11,0.00,0,0,2.24,0.00,3.50,【活动支出】店铺满减:1.00元+【活动支出】单品特价:26.10元+【活动支出】单品特价:4.01元+【活动支出】 商家自营销加码:0.00元+【活动支出】饿了么红包:8.00元+【活动支出】替用户承担配送费:3.5元,-,-,-,4.00,温州区域,温州加盟,,,否,-,平台配送
圣比萨（垟田店）,SBM00026,温州,"8005566088948468196	",饿了么,平台外卖,已完成,2025-10-22 17:32:24,2025-10-22 17:32:24,2025-10-22 17:32:25,饿了么支付-在线支付,,即时单,2025-10-22 17:32:24,10.17,手动出餐,1,否,"奥尔良烤鸡肉披萨-7寸(经典手拍)[{""name"":""规格"",""value"":""7寸(经典手拍)""}]（45.00*1）,餐盒（2.00*1）",新奥尔良烤鸡肉披萨,,,,非会员,10,,,有问题请打13857770244 / 依据餐量提供餐具,,45.00,12.12,28.10,0.00,0,0,1.43,0.00,4.00,【活动支出】单品特价:21.10元+【活动支出】CPS商户叠加券:0.00元+【活动支出】饿了么红包:7.00元+【活动支出】替用户承担配送费:4.0元,-,-,-,2.00,温州区域,温州加盟,,,否,-,平台配送
圣比萨（垟田店）,SBM00026,温州,"8027766089015164365	",饿了么,平台外卖,已完成,2025-10-22 18:18:46,2025-10-22 18:18:46,2025-10-22 18:18:46,饿了么支付-在线支付,,即时单,2025-10-22 18:18:46,6.63,手动出餐,1,否,番茄牛肉意面-单点（22.59*1）,番茄牛肉意面,,,,非会员,11,,,依据餐量提供餐具,,22.59,12.59,0.00,0.00,0,0,0.00,0.00,,【活动支出】拼团反圈活动:0.00元,-,-,-,0.00,温州区域,温州加盟,,,否,-,平台配送
圣比萨（垟田店）,SBM00026,温州,"8026390255104935419	",饿了么,平台外卖,已完成,2025-10-22 18:44:15,2025-10-22 18:44:15,2025-10-22 18:44:15,饿了么支付-在线支付,,即时单,2025-10-22 18:44:15,10.52,手动出餐,1,否,"7英寸披萨一人食土豪餐[缤纷水果披萨7英寸+金丝鸡排+盐酥鸡米花小份+芒果汁]（70.00*1）,餐盒（2.00*1）",缤纷水果披萨【7英寸(手拍)】+金丝鸡排+盐酥鸡米花小份+芒果汁,,,,非会员,12,,,依据餐量提供餐具,,70.00,21.33,42.10,0.00,0,0,2.02,0.00,3.50,【活动支出】单品特价:35.10元+【活动支出】饿了么红包:7.00元+【活动支出】替用户承担配送费:3.5元,-,-,-,2.00,温州区域,温州加盟,,,否,-,平台配送
圣比萨（垟田店）,SBM00026,温州,"8073926089026467309	",饿了么,平台外卖,已完成,2025-10-22 20:42:41,2025-10-22 20:42:41,2025-10-22 20:42:41,饿了么支付-在线支付,,即时单,2025-10-22 20:42:41,10.20,自动出餐,1,否,"【随心拼】7英寸披萨(口味自选）[奥尔良+培根鸡肉]（54.00*1）,红薯薯泥流心卷边（7英寸）（4.90*1）,餐盒（1.00*1）",双拼7寸【奥尔良口味7】+双拼7寸【碳烤鸡肉培根口味7】,,,,非会员,13,,,依据餐量提供餐具,,58.90,18.14,34.10,0.00,0,0,1.71,0.00,3.50,【活动支出】单品特价:27.10元+【活动支出】饿了么红包:7.00元+【活动支出】替用户承担配送费:3.5元,-,-,-,1.00,温州区域,温州加盟,,,否,-,平台配送
圣比萨（垟田店）,SBM00026,温州,"8083320255263097343	",饿了么,平台外卖,已完成,2025-10-22 21:00:07,2025-10-22 21:00:07,2025-10-22 21:00:07,饿了么支付-在线支付,,即时单,2025-10-22 21:00:07,10.05,自动出餐,1,否,新奥尔良烤鸡肉披萨7寸-单点（22.00*1）,新奥尔良烤鸡肉披萨【7英寸(手拍)】,,,,非会员,14,,,1份餐具,,22.00,12.00,0.00,0.00,0,0,0.00,0.00,,【活动支出】拼团反圈活动:0.00元,-,-,-,0.00,温州区域,温州加盟,,,否,-,平台配送
圣比萨（垟田店）,SBM00026,温州,"8002896089058220523	",饿了么,平台外卖,已完成,2025-10-22 21:19:42,2025-10-22 21:19:42,2025-10-22 21:19:43,饿了么支付-在线支付,,即时单,2025-10-22 21:19:42,10.13,自动出餐,1,否,"榴莲王披萨-9英寸(经典手拍)[{""name"":""规格"",""value"":""9英寸(经典手拍)""}]（92.00*1）,餐盒（1.00*1）",榴莲王披萨,,,,非会员,15,,,无需餐具,,92.00,24.86,58.10,0.00,0,0,2.39,0.00,5.60,【活动支出】店铺满减:1.00元+【活动支出】单品特价:48.10元+【活动支出】饿了么红包:9.00元+【活动支出】替用户承担配送费:5.6元,-,-,-,1.00,温州区域,温州加盟,,,否,-,平台配送
圣比萨（垟田店）,SBM00026,温州,"8067100255082922293	",饿了么,平台外卖,已完成,2025-10-22 21:51:28,2025-10-22 21:51:28,2025-10-22 21:51:28,饿了么支付-在线支付,,即时单,2025-10-22 21:51:28,10.02,自动出餐,1,否,"花果山披萨-7英寸(经典手拍）[{""name"":""规格"",""value"":""7英寸(经典手拍）""}]（42.00*1）,餐盒（1.00*1）",花果山披萨,,,,非会员,16,,,依据餐量提供餐具,,42.00,12.62,23.10,0.00,0,0,1.43,0.00,5.60,【活动支出】单品特价:16.10元+【活动支出】 商家自营销加码:2.00元+【活动支出】饿了么红包:5.00元+【活动支出】替用户承担配送费:5.6元,-,-,-,1.00,温州区域,温州加盟,,,否,-,平台配送
圣比萨（垟田店）,SBM00026,温州,"8083370255292581263	",饿了么,平台外卖,已完成,2025-10-22 23:01:58,2025-10-22 23:01:58,2025-10-22 23:01:59,饿了么支付-在线支付,,即时单,2025-10-22 23:01:58,10.20,自动出餐,1,否,"任选披萨7选1+小吃6选1+饮料[碳烤鸡肉培根7英寸+深海墨鱼丸3个+港式奶茶]（58.00*1）,金丝鸡排（10.88*1）,蛋挞一个（原味）（5.00*1）,上校鸡块一个（3.00*2）,深海墨鱼丸一个（3.00*2）,餐盒（6.00*1）",碳烤鸡肉培根披萨【7英寸(手拍)】+深海墨鱼丸3个+港式奶茶+金丝鸡排+蛋挞1个+上校鸡块1个+深海墨鱼丸1个,,,,非会员,17,,,依据餐量提供餐具,,85.88,31.74,48.89,0.00,0,0,3.00,0.00,5.60,【活动支出】店铺满减:1.00元+【活动支出】单品特价:26.10元+【活动支出】单品特价:2.98元+【活动支出】单品特价:4.01元+【活动支出】单品特价:2.90元+【活动支出】单品特价:2.90元+【活动支出】饿了么红包:9.00元+【活动支出】替用户承担配送费:5.6元,-,-,-,6.00,温州区域,温州加盟,,,否,-,平台配送
圣比萨·披萨·炸鸡（阜宁益林店）,SBS00039,盐城,"8098786088764658104	",饿了么,平台外卖,已完成,2025-10-22 10:16:44,2025-10-22 10:16:44,2025-10-22 10:16:45,饿了么支付-在线支付,,即时单,2025-10-22 10:16:44,15.10,自动出餐,1,否,"新奥尔良烤鸡肉披萨-9英寸(手拍)[{""name"":""规格"",""value"":""9英寸(手拍)""}]（36.90*1）,奶酪芝士卷边（9英寸）（6.90*1）",新奥尔良烤鸡肉披萨+奶酪芝士卷边9,,,,非会员,1,,,依据餐量提供餐具,,43.80,22.90,7.00,0.00,0,0,3.07,0.00,4.00,【活动支出】店铺满减:1.00元+【活动支出】饿了么红包:6.00元+【活动支出】替用户承担配送费:4.0元,-,-,-,0.00,江苏区域,江苏直营店,,,否,-,平台配送
圣比萨·披萨·炸鸡（阜宁益林店）,SBS00039,盐城,"8031400254814528819	",饿了么,平台外卖,已完成,2025-10-22 11:25:33,2025-10-22 11:25:33,2025-10-22 11:25:33,饿了么支付-在线支付,,即时单,2025-10-22 11:25:33,8.50,手动出餐,1,否,大圣香肠披萨-单点（14.40*1）,大圣香肠披萨-单点,,,,非会员,2,,,依据餐量提供餐具,,14.40,9.90,0.00,0.00,0,0,0.00,0.00,,【活动支出】单品优惠:0.00元,-,-,-,0.00,江苏区域,江苏直营店,,,否,-,平台配送
圣比萨·披萨·炸鸡（阜宁益林店）,SBS00039,盐城,"8077100255003336018	",饿了么,平台外卖,已完成,2025-10-22 11:27:52,2025-10-22 11:27:52,2025-10-22 11:27:52,饿了么支付-在线支付,,即时单,2025-10-22 11:27:52,8.40,手动出餐,1,否,"新奥尔良烤鸡肉披萨-7英寸(手拍)[{""name"":""规格"",""value"":""7英寸(手拍)""}]（28.90*1）",新奥尔良烤鸡肉披萨,,,,非会员,3,,,2份餐具,,28.90,14.09,5.00,0.00,0,0,2.02,0.00,4.00,【活动支出】饿了么红包:5.00元+【活动支出】替用户承担配送费:4.0元,-,-,-,0.00,江苏区域,江苏直营店,,,否,-,平台配送
圣比萨·披萨·炸鸡（阜宁益林店）,SBS00039,盐城,"8021490254851831290	",饿了么,平台外卖,已完成,2025-10-22 12:03:32,2025-10-22 12:03:32,2025-10-22 12:03:32,饿了么支付-在线支付,,即时单,2025-10-22 12:03:32,9.05,手动出餐,1,否,"新奥尔良烤鸡肉披萨-7英寸(手拍)[{""name"":""规格"",""value"":""7英寸(手拍)""}]（28.90*1）,奶酪芝士披萨-7英寸(手拍)[{""name"":""规格"",""value"":""7英寸(手拍)""}]（28.90*1）",新奥尔良烤鸡肉披萨+奶酪芝士披萨,,,,非会员,4,,,依据餐量提供餐具,,57.80,32.14,7.00,0.00,0,0,4.05,0.00,7.00,【活动支出】店铺满减:1.00元+【活动支出】饿了么红包:6.00元+【活动支出】替用户承担配送费:5.0元,-,-,-,0.00,江苏区域,江苏直营店,,,否,-,平台配送
圣比萨·披萨·炸鸡（阜宁益林店）,SBS00039,盐城,"8083616088869464448	",饿了么,平台外卖,已完成,2025-10-22 12:54:29,2025-10-22 12:54:29,2025-10-22 12:54:30,饿了么支付-在线支付,,即时单,2025-10-22 12:54:29,12.82,手动出餐,1,否,"酸奶多多流心卷边（9英寸）（6.90*1）,经典薯条（8.90*1）,大圣招牌大满贯披萨-9英寸(手拍)[{""name"":""规格"",""value"":""9英寸(手拍)""}]（46.90*1）,餐盒（0.50*1）",酸奶多多流心卷边9+经典薯条+大圣招牌大满贯披萨,,,,非会员,5,,,2份餐具,,62.70,34.55,10.00,0.00,0,0,4.42,0.00,4.00,【活动支出】店铺满减:2.00元+【活动支出】饿了么红包:8.00元+【活动支出】替用户承担配送费:4.0元,-,-,-,0.50,江苏区域,江苏直营店,,,否,-,平台配送
圣比萨·披萨·炸鸡（阜宁益林店）,SBS00039,盐城,"8009896088908648717	",饿了么,平台外卖,已完成,2025-10-22 13:50:54,2025-10-22 13:50:54,2025-10-22 13:50:54,饿了么支付-在线支付,,即时单,2025-10-22 13:50:54,10.05,手动出餐,1,否,"新奥尔良烤鸡肉披萨-7英寸(手拍)[{""name"":""规格"",""value"":""7英寸(手拍)""}]（28.90*1）",新奥尔良烤鸡肉披萨,,,,非会员,6,,,依据餐量提供餐具,,28.90,14.09,5.00,0.00,0,0,2.02,0.00,4.00,【活动支出】饿了么红包:5.00元+【活动支出】替用户承担配送费:4.0元,-,-,-,0.00,江苏区域,江苏直营店,,,否,-,平台配送
圣比萨·披萨·炸鸡（阜宁益林店）,SBS00039,盐城,"8061040255122395486	",饿了么,平台外卖,已完成,2025-10-22 16:15:06,2025-10-22 16:15:06,2025-10-22 16:15:06,饿了么支付-在线支付,,即时单,2025-10-22 16:15:06,8.58,手动出餐,1,否,"经典薯条（8.90*1）,碳烤鸡肉培根披萨-7英寸(手拍)[{""name"":""规格"",""value"":""7英寸(手拍)""}]（28.90*1）,餐盒（0.50*1）",经典薯条+碳烤鸡肉培根披萨,,,,非会员,7,,,依据餐量提供餐具,,37.80,19.68,6.00,0.00,0,0,2.68,0.00,4.00,【活动支出】店铺满减:1.00元+【活动支出】饿了么红包:5.00元+【活动支出】替用户承担配送费:4.0元,-,-,-,0.50,江苏区域,江苏直营店,,,否,-,平台配送
圣比萨·披萨·炸鸡（阜宁益林店）,SBS00039,盐城,"8082200255098111304	",饿了么,平台外卖,已完成,2025-10-22 18:39:24,2025-10-22 18:39:24,2025-10-22 18:39:25,饿了么支付-在线支付,,即时单,2025-10-22 18:39:24,7.85,手动出餐,1,否,大圣鸡排*2+香肠*1-单点[孜然]（14.40*1）,大圣鸡排*2+香肠*1-单点[孜然],,,,非会员,8,,,直接放在门口不用敲门不用打电话谢谢！！！ / 依据餐量提供餐具,,14.40,9.90,0.00,0.00,0,0,0.00,0.00,,【活动支出】单品优惠:0.00元,-,-,-,0.00,江苏区域,江苏直营店,,,否,-,平台配送
圣比萨·披萨·炸鸡（阜宁益林店）,SBS00039,盐城,"8082546089052369403	",饿了么,平台外卖,已完成,2025-10-22 19:27:17,2025-10-22 19:27:17,2025-10-22 19:27:17,饿了么支付-在线支付,,即时单,2025-10-22 19:27:17,9.82,手动出餐,1,否,"花果山披萨-9英寸(手拍)[{""name"":""规格"",""value"":""9英寸(手拍)""}]（36.90*1）",花果山披萨,,,,非会员,9,,,依据餐量提供餐具,,36.90,19.80,5.00,0.00,0,0,2.58,0.00,4.00,【活动支出】饿了么红包:5.00元+【活动支出】替用户承担配送费:4.0元,-,-,-,0.00,江苏区域,江苏直营店,,,否,-,平台配送
圣比萨·披萨·炸鸡（阜宁益林店）,SBS00039,盐城,"8086946089002051981	",饿了么,平台外卖,已完成,2025-10-22 19:32:08,2025-10-22 19:32:08,2025-10-22 19:32:09,饿了么支付-在线支付,,即时单,2025-10-22 19:32:08,7.37,手动出餐,1,否,大圣鸡排*2+香肠*1-单点[香辣]（14.40*1）,大圣鸡排*2+香肠*1-单点[香辣],,,,非会员,10,,,依据餐量提供餐具,,14.40,9.90,0.00,0.00,0,0,0.00,0.00,,【活动支出】单品优惠:0.00元,-,-,-,0.00,江苏区域,江苏直营店,,,否,-,平台配送
圣比萨·披萨·炸鸡（阜宁益林店）,SBS00039,盐城,"8038450255163829525	",饿了么,平台外卖,已完成,2025-10-22 20:25:10,2025-10-22 20:25:10,2025-10-22 20:25:10,饿了么支付-在线支付,,即时单,2025-10-22 20:25:10,10.82,手动出餐,1,否,"新奥尔良烤鸡肉披萨-9英寸(手拍)[{""name"":""规格"",""value"":""9英寸(手拍)""}]（36.90*1）,咸蛋黄风味流心卷边（9英寸）（6.90*1）",新奥尔良烤鸡肉披萨+咸蛋黄流沙卷边9,,,,非会员,11,,,依据餐量提供餐具,,43.80,22.90,7.00,0.00,0,0,3.07,0.00,4.00,【活动支出】店铺满减:1.00元+【活动支出】饿了么红包:6.00元+【活动支出】替用户承担配送费:4.0元,-,-,-,0.00,江苏区域,江苏直营店,,,否,-,平台配送
圣比萨·披萨·炸鸡（阜宁益林店）,SBS00039,盐城,"8035230255158602086	",饿了么,平台外卖,已完成,2025-10-22 20:27:38,2025-10-22 20:27:38,2025-10-22 20:27:38,饿了么支付-在线支付,,即时单,2025-10-22 20:27:38,10.65,手动出餐,1,否,"芝士棒（8.50*1）,炙热牛魔王披萨-9英寸(手拍)[{""name"":""规格"",""value"":""9英寸(手拍)""}]（42.90*1）,咸蛋黄风味流心卷边（9英寸）（6.90*1）,经典薯条（8.90*1）,餐盒（1.00*1）",大圣拉丝芝士棒+炙热牛魔王披萨+咸蛋黄流沙卷边9+经典薯条,,,,非会员,12,,,依据餐量提供餐具,,67.20,38.35,10.00,0.00,0,0,4.77,0.00,4.00,【活动支出】店铺满减:2.00元+【活动支出】饿了么红包:8.00元+【活动支出】替用户承担配送费:4.0元,-,-,-,1.00,江苏区域,江苏直营店,,,否,-,平台配送
圣比萨·披萨·炸鸡（阜宁益林店）,SBS00039,盐城,"8046556089043630396	",饿了么,平台外卖,已完成,2025-10-22 20:36:15,2025-10-22 20:36:15,2025-10-22 20:36:15,饿了么支付-在线支付,,即时单,2025-10-22 20:36:15,14.42,手动出餐,1,否,"奶酪芝士卷边（9英寸）（6.90*1）,大圣香肠[香辣]（5.90*1）,点击右上角❤️免费得小吃（限一份，多点不送）[上校鸡块2个]（0.00*1）,大圣鸡肉串套餐[香辣]（28.90*1）,大圣招牌大满贯披萨-9英寸(手拍)[{""name"":""规格"",""value"":""9英寸(手拍)""}]（46.90*1）,餐盒（1.50*1）",奶酪芝士卷边9+大圣香肠1串+上校鸡块2个+大圣招牌大满贯披萨,,,,非会员,13,,,放门口就好请不要敲门 / 依据餐量提供餐具,,88.60,51.32,12.00,0.00,0,0,6.31,0.00,8.00,【活动支出】店铺满减:4.00元+【活动支出】饿了么红包:8.00元+【活动支出】替用户承担配送费:5.0元,-,-,-,1.50,江苏区域,江苏直营店,,,否,-,平台配送
圣比萨·披萨·炸鸡（阜宁益林店）,SBS00039,盐城,"8050370255252479421	",饿了么,平台外卖,已完成,2025-10-22 20:36:15,2025-10-22 20:36:15,2025-10-22 20:36:15,饿了么支付-在线支付,,即时单,2025-10-22 20:36:15,15.07,自动出餐,1,否,"新奥尔良烤鸡肉披萨-7英寸(手拍)[{""name"":""规格"",""value"":""7英寸(手拍)""}]（28.90*1）,红薯薯泥流心卷边（7英寸）（4.90*1）",新奥尔良烤鸡肉披萨+红薯泥流心卷边7,,,,非会员,14,,,依据餐量提供餐具,,33.80,17.54,5.00,0.00,0,0,2.37,0.00,4.00,【活动支出】饿了么红包:5.00元+【活动支出】替用户承担配送费:4.0元,-,-,-,0.00,江苏区域,江苏直营店,,,否,-,平台配送
圣比萨·披萨·炸鸡（阜宁益林店）,SBS00039,盐城,"8082200255257389415	",饿了么,平台外卖,已完成,2025-10-22 20:46:58,2025-10-22 20:46:58,2025-10-22 20:46:59,饿了么支付-在线支付,,即时单,2025-10-22 20:46:58,8.53,手动出餐,1,否,大圣香肠披萨-单点（14.40*1）,大圣香肠披萨-单点,,,,非会员,15,,,直接放在门口不用敲门不用打电话谢谢！！！ / 依据餐量提供餐具,,14.40,9.90,0.00,0.00,0,0,0.00,0.00,,【活动支出】单品优惠:0.00元,-,-,-,0.00,江苏区域,江苏直营店,,,否,-,平台配送
圣比萨·披萨·炸鸡（阜宁益林店）,SBS00039,盐城,"8050170255176251736	",饿了么,平台外卖,已完成,2025-10-22 21:15:51,2025-10-22 21:15:51,2025-10-22 21:15:51,饿了么支付-在线支付,,即时单,2025-10-22 21:15:51,12.05,手动出餐,1,否,"咸蛋黄风味流沙卷边（7英寸）（4.90*1）,碳烤鸡肉培根披萨-7英寸(手拍)[{""name"":""规格"",""value"":""7英寸(手拍)""}]（28.90*1）",咸蛋黄流沙卷边7+碳烤鸡肉培根披萨,,,,非会员,16,,,依据餐量提供餐具,,33.80,17.54,5.00,0.00,0,0,2.37,0.00,4.00,【活动支出】饿了么红包:5.00元+【活动支出】替用户承担配送费:4.0元,-,-,-,0.00,江苏区域,江苏直营店,,,否,-,平台配送
圣比萨·披萨·炸鸡（阜宁益林店）,SBS00039,盐城,"8012390255169689059	",饿了么,平台外卖,已完成,2025-10-22 21:29:19,2025-10-22 21:29:19,2025-10-22 21:29:19,饿了么支付-在线支付,,即时单,2025-10-22 21:29:19,11.60,手动出餐,1,否,"新奥尔良烤鸡肉披萨-7英寸(手拍)[{""name"":""规格"",""value"":""7英寸(手拍)""}]（28.90*1）,咸蛋黄风味流沙卷边（7英寸）（4.90*1）",新奥尔良烤鸡肉披萨+咸蛋黄流沙卷边7,,,,非会员,17,,,依据餐量提供餐具,,33.80,17.54,5.00,0.00,0,0,2.37,0.00,4.00,【活动支出】饿了么红包:5.00元+【活动支出】替用户承担配送费:4.0元,-,-,-,0.00,江苏区域,江苏直营店,,,否,-,平台配送
圣比萨·披萨·炸鸡（阜宁益林店）,SBS00039,盐城,"8013320255276357917	",饿了么,平台外卖,已完成,2025-10-22 21:57:20,2025-10-22 21:57:20,2025-10-22 21:57:20,饿了么支付-在线支付,,即时单,2025-10-22 21:57:20,11.23,手动出餐,1,否,"奶酪芝士卷边（9英寸）（6.90*1）,大圣招牌大满贯披萨-9英寸(手拍)[{""name"":""规格"",""value"":""9英寸(手拍)""}]（46.90*1）",奶酪芝士卷边9+大圣招牌大满贯披萨,,,,非会员,18,,,2份餐具,,53.80,30.50,7.00,0.00,0,0,3.77,0.00,4.00,【活动支出】店铺满减:1.00元+【活动支出】饿了么红包:6.00元+【活动支出】替用户承担配送费:4.0元,-,-,-,0.00,江苏区域,江苏直营店,,,否,-,平台配送
圣比萨·披萨·炸鸡（阜宁益林店）,SBS00039,盐城,"8034566089074716066	",饿了么,平台外卖,已完成,2025-10-22 22:48:14,2025-10-22 22:48:14,2025-10-22 22:48:14,饿了么支付-在线支付,,即时单,2025-10-22 22:48:14,11.17,手动出餐,1,否,"可口可乐[冷]（6.00*1）,爆款鸡柳桶[香辣]（28.90*1）,大圣鸡排[孜然]（6.90*2）,大圣香肠一串[香辣]（8.50*1）,餐盒（2.50*1）",小可乐+大圣鸡柳三合一+大圣鸡排,,,,非会员,19,,,巷子进来 放白色SUV车上 JL196B / 2份餐具,,57.20,33.97,8.00,0.00,0,0,4.18,0.00,5.00,【活动支出】店铺满减:2.00元+【活动支出】饿了么红包:6.00元+【活动支出】替用户承担配送费:5.0元,-,-,-,2.50,江苏区域,江苏直营店,,,否,-,平台配送
圣比萨（泰亨温学府店）,SBM00001,温州,"8067210254857726404	",饿了么,平台外卖,已完成,2025-10-22 10:02:38,2025-10-22 10:02:38,2025-10-22 10:02:39,饿了么支付-在线支付,,即时单,2025-10-22 10:02:38,10.08,自动出餐,1,否,【买一送一】买披萨送披萨[奥尔良鸡肉披萨7英寸+日系照烧鸡披萨7英寸]（86.80*1）,新奥尔良烤鸡肉披萨【7英寸(手拍)】+日系照烧鸡披萨【7英寸(手拍)】,,,,非会员,1,,,依据餐量提供餐具,,86.80,23.18,54.90,0.00,0,0,2.17,0.00,3.50,【活动支出】外卖券:54.90元+【活动支出】替用户承担配送费:3.5元,-,-,-,0.00,温州区域,温州加盟,,,否,-,平台配送
圣比萨（泰亨温学府店）,SBM00001,温州,"8090876088708512047	",饿了么,平台外卖,已完成,2025-10-22 10:14:43,2025-10-22 10:14:43,2025-10-22 10:14:43,饿了么支付-在线支付,,即时单,2025-10-22 10:14:43,10.00,自动出餐,1,否,新奥尔良烤鸡肉披萨7寸-单点（22.00*1）,新奥尔良烤鸡肉披萨【7英寸(手拍)】,,,,非会员,2,,,依据餐量提供餐具,,22.00,12.00,0.00,0.00,0,0,0.00,0.00,,【活动支出】拼团反圈活动:0.00元,-,-,-,0.00,温州区域,温州加盟,,,否,-,平台配送
圣比萨（泰亨温学府店）,SBM00001,温州,"8014110254850386396	",饿了么,平台外卖,已完成,2025-10-22 10:37:49,2025-10-22 10:37:49,2025-10-22 10:37:49,饿了么支付-在线支付,,即时单,2025-10-22 10:37:49,10.20,自动出餐,1,否,"单人吃肉套餐（45.00*1）,餐盒（2.00*1）",单人吃肉套餐+餐盒,,,,非会员,3,,,依据餐量提供餐具,,45.00,20.41,18.10,0.00,0,0,1.94,0.00,3.50,【活动支出】店铺满减:1.00元+【活动支出】首次光顾立减:1.00元+【活动支出】单品特价:8.10元+【活动支出】 商家自营销加码:0.00元+【活动支出】饿了么红包:8.00元+【活动支出】替用户承担配送费:3.5元,-,-,-,2.00,温州区域,温州加盟,,,否,-,平台配送
圣比萨（泰亨温学府店）,SBM00001,温州,"8011220254848760183	",饿了么,平台外卖,已完成,2025-10-22 10:39:42,2025-10-22 10:39:42,2025-10-22 10:39:42,饿了么支付-在线支付,,即时单,2025-10-22 10:39:42,10.10,自动出餐,1,否,新奥尔良烤鸡肉披萨7寸-单点（22.00*1）,新奥尔良烤鸡肉披萨【7英寸(手拍)】,,,,非会员,4,,,依据餐量提供餐具,,22.00,12.00,0.00,0.00,0,0,0.00,0.00,,【活动支出】拼团反圈活动:0.00元,-,-,-,0.00,温州区域,温州加盟,,,否,-,平台配送
圣比萨（泰亨温学府店）,SBM00001,温州,"8003150254879585577	",饿了么,平台外卖,已完成,2025-10-22 11:05:57,2025-10-22 11:05:57,2025-10-22 11:05:58,饿了么支付-在线支付,,即时单,2025-10-22 11:05:57,12.12,自动出餐,1,否,"榴莲王披萨-9英寸(经典手拍)[{""name"":""规格"",""value"":""9英寸(经典手拍)""}]（92.00*1）",榴莲王披萨,,,,非会员,5,,,无需餐具,,92.00,30.49,50.90,0.00,0,0,2.86,0.00,3.50,【活动支出】单品特价:50.90元+【活动支出】用户代金券:0.00元+【活动支出】替用户承担配送费:3.5元,-,-,-,0.00,温州区域,温州加盟,,,否,-,平台配送
圣比萨（泰亨温学府店）,SBM00001,温州,"8070420254820286814	",饿了么,平台外卖,已完成,2025-10-22 11:30:10,2025-10-22 11:30:10,2025-10-22 11:30:10,饿了么支付-在线支付,,即时单,2025-10-22 11:30:10,12.03,自动出餐,1,否,"招牌肉酱芝士焗饭（52.00*1）,港式奶茶[冷]（10.00*1）,餐盒（1.00*1）",招牌肉酱芝士焗饭+港式奶茶,,,,非会员,6,,,依据餐量提供餐具,,62.00,19.94,34.60,0.00,0,0,1.91,0.00,3.50,【活动支出】单品特价:32.60元+【活动支出】单品特价:2.00元+【活动支出】替用户承担配送费:3.5元,-,-,-,1.00,温州区域,温州加盟,,,否,-,平台配送
圣比萨（泰亨温学府店）,SBM00001,温州,"8053646088817530288	",饿了么,平台外卖,已完成,2025-10-22 11:43:08,2025-10-22 11:43:08,2025-10-22 11:43:08,饿了么支付-在线支付,,即时单,2025-10-22 11:43:08,12.22,自动出餐,1,否,"️任意爆款意面一人食套餐[奶汁培根意面+五目烤肠2根+拿铁咖啡]（61.00*1）,餐盒（2.00*1）",️任意爆款意面一人食套餐[奶汁培根意面+五目烤肠2根+拿铁咖啡]+餐盒,,,,非会员,7,,,依据餐量提供餐具,,61.00,16.38,39.10,0.00,0,0,1.57,0.00,3.50,【活动支出】首次光顾立减:1.00元+【活动支出】单品特价:31.10元+【活动支出】饿了么红包:7.00元+【活动支出】替用户承担配送费:3.5元,-,-,-,2.00,温州区域,温州加盟,,,否,-,平台配送
圣比萨（泰亨温学府店）,SBM00001,温州,"8063230254928329134	",饿了么,平台外卖,已完成,2025-10-22 11:53:11,2025-10-22 11:53:11,2025-10-22 11:53:12,饿了么支付-在线支付,,即时单,2025-10-22 11:53:11,12.13,自动出餐,1,否,"新奥尔良烤鸡肉披萨7寸-单点[{""name"":""规格"",""value"":""单点""}]（22.00*1）",新奥尔良烤鸡肉披萨【7英寸(手拍)】,,,,非会员,8,,,-,,22.00,12.00,0.00,0.00,0,0,0.00,0.00,,【活动支出】拼团反圈活动:0.00元,-,-,-,0.00,温州区域,温州加盟,,,否,-,平台配送
圣比萨（泰亨温学府店）,SBM00001,温州,"8016826088861500687	",饿了么,平台外卖,已完成,2025-10-22 12:00:46,2025-10-22 12:00:46,2025-10-22 12:00:46,饿了么支付-在线支付,,即时单,2025-10-22 12:00:46,12.07,自动出餐,1,否,"比意双飞套餐（66.00*1）,餐盒（3.00*1）",比意双飞套餐+餐盒,,,,非会员,9,,,1份餐具,,66.00,29.38,29.10,0.00,0,0,2.77,0.00,3.50,【活动支出】店铺满减:1.00元+【活动支出】首次光顾立减:1.00元+【活动支出】单品特价:19.10元+【活动支出】 商家自营销加码:0.00元+【活动支出】饿了么红包:8.00元+【活动支出】替用户承担配送费:3.5元,-,-,-,3.00,温州区域,温州加盟,,,否,-,平台配送
圣比萨（泰亨温学府店）,SBM00001,温州,"8065606088901221885	",饿了么,平台外卖,已完成,2025-10-22 15:43:22,2025-10-22 15:43:22,2025-10-22 15:43:22,饿了么支付-在线支付,,即时单,2025-10-22 15:43:22,10.07,自动出餐,1,否,"个人意面|焗饭经典套餐[招牌肉酱意面+翅根1根+芒果汁]（42.00*1）,餐盒（2.00*1）",招牌肉酱意面+芒果汁,,,,非会员,10,,,1份餐具,,42.00,16.38,20.10,0.00,0,0,1.57,0.00,4.00,【活动支出】首次光顾立减:1.00元+【活动支出】单品特价:10.10元+【活动支出】精准营销红包:2.00元+【活动支出】饿了么红包:7.00元+【活动支出】替用户承担配送费:4.0元,-,-,-,2.00,温州区域,温州加盟,,,否,-,平台配送
圣比萨（泰亨温学府店）,SBM00001,温州,"8030180254942129659	",饿了么,平台外卖,已完成,2025-10-22 16:01:50,2025-10-22 16:01:50,2025-10-22 16:01:50,饿了么支付-在线支付,,预约单,2025-10-22 17:15:00,28.35,自动出餐,1,否,"圣比至尊披萨7英寸（45.00*1）,个人意面|焗饭经典套餐[招牌肉酱意面+经典薯条+芒果汁]（42.00*1）,餐盒（4.00*1）",大圣招牌大满贯披萨【7英寸(手拍)】+招牌肉酱意面+经典薯条+芒果汁,,,,非会员,11,,,依据餐量提供餐具,,87.00,40.44,37.20,0.00,0,0,3.81,0.00,3.50,【活动支出】店铺满减:6.00元+【活动支出】单品特价:13.10元+【活动支出】单品特价:10.10元+【活动支出】超级会员专享红包:8.00元+【活动支出】 商家自营销加码:0.00元+【活动支出】替用户承担配送费:3.5元,-,-,-,4.00,温州区域,温州加盟,,,否,-,平台配送
圣比萨（泰亨温学府店）,SBM00001,温州,"8007786088958442957	",饿了么,平台外卖,已完成,2025-10-22 16:22:30,2025-10-22 16:22:30,2025-10-22 16:22:31,饿了么支付-在线支付,,即时单,2025-10-22 16:22:30,10.13,自动出餐,1,否,"️任意爆款意面一人食套餐[番茄汁牛肉意面+上校鸡块+芒果汁]（61.00*1）,餐盒（2.00*1）",上校鸡块+芒果汁,,,,非会员,12,,,依据餐量提供餐具,,61.00,15.48,39.10,0.00,0,0,1.57,0.00,4.50,【活动支出】首次光顾立减:1.00元+【活动支出】单品特价:31.10元+【活动支出】饿了么红包:7.00元+【活动支出】替用户承担配送费:4.5元,-,-,-,2.00,温州区域,温州加盟,,,否,-,平台配送
圣比萨（泰亨温学府店）,SBM00001,温州,"8040616088916920815	",饿了么,平台外卖,已完成,2025-10-22 16:23:42,2025-10-22 16:23:42,2025-10-22 16:23:42,饿了么支付-在线支付,,即时单,2025-10-22 16:23:42,10.15,自动出餐,1,否,"圣比至尊披萨9英寸-9寸(经典手拍)[{""name"":""规格"",""value"":""9寸(经典手拍)""}]（78.00*1）,餐盒（2.00*1）","圣比至尊披萨9英寸-9寸(经典手拍)[{""name"":""规格"",""value"":""9寸(经典手拍)""}]+餐盒",,,,非会员,13,,,依据餐量提供餐具,,78.00,32.48,36.10,0.00,0,0,3.07,0.00,3.50,【活动支出】店铺满减:1.00元+【活动支出】首次光顾立减:1.00元+【活动支出】单品特价:34.10元+【活动支出】替用户承担配送费:3.5元,-,-,-,2.00,温州区域,温州加盟,,,否,-,平台配送
圣比萨（泰亨温学府店）,SBM00001,温州,"8000876088923206991	",饿了么,平台外卖,已完成,2025-10-22 16:43:50,2025-10-22 16:43:50,2025-10-22 16:43:51,饿了么支付-在线支付,,即时单,2025-10-22 16:43:50,10.15,自动出餐,1,否,"新奥尔良烤鸡肉披萨7英寸（45.00*1）,餐盒（2.00*1）",新奥尔良烤鸡肉披萨【7英寸(手拍)】,,,,非会员,14,,,依据餐量提供餐具,,45.00,11.22,28.10,0.00,0,0,1.43,0.00,4.50,【活动支出】单品特价:21.10元+【活动支出】饿了么红包:7.00元+【活动支出】替用户承担配送费:4.5元,-,-,-,2.00,温州区域,温州加盟,,,否,-,平台配送
圣比萨（泰亨温学府店）,SBM00001,温州,"8031526088950625546	",饿了么,平台外卖,已完成,2025-10-22 17:06:52,2025-10-22 17:06:52,2025-10-22 17:06:53,饿了么支付-在线支付,,即时单,2025-10-22 17:06:52,10.07,自动出餐,1,否,"爆款披萨双人超值套餐[新奥尔良7英寸+番茄牛肉意面+可乐+金桔柠檬汁]（88.00*1）,奶酪芝士卷边（7英寸）（4.90*1）,餐盒（2.00*1）",新奥尔良烤鸡肉披萨【7英寸(手拍)】+番茄牛肉意面+小可乐+奶酪芝士卷边7,,,,非会员,15,,,依据餐量提供餐具,,92.90,31.49,51.10,0.00,0,0,3.06,0.00,4.50,【活动支出】店铺满减:1.00元+【活动支出】单品特价:41.10元+【活动支出】饿了么红包:9.00元+【活动支出】替用户承担配送费:4.5元,-,-,-,2.00,温州区域,温州加盟,,,否,-,平台配送
圣比萨（泰亨温学府店）,SBM00001,温州,"8055220254972833171	",饿了么,平台外卖,已完成,2025-10-22 17:23:26,2025-10-22 17:23:26,2025-10-22 17:23:26,饿了么支付-在线支付,,即时单,2025-10-22 17:23:26,10.03,自动出餐,1,否,"奶酪芝士卷边（9英寸）（6.90*1）,纯芝士披萨-9英寸[{""name"":""规格"",""value"":""9英寸""}]（55.00*1）,翅薯组合（21.88*1）,餐盒（4.00*1）",奶酪芝士卷边9+金牌芝士披萨+翅薯组合,,,,非会员,16,,,2份餐具,,83.78,37.25,38.08,0.00,0,0,3.50,0.00,3.50,【活动支出】店铺满减:6.00元+【活动支出】首次光顾立减:1.00元+【活动支出】单品特价:20.10元+【活动支出】单品特价:1.98元+【活动支出】饿了么红包:9.00元+【活动支出】替用户承担配送费:3.5元,-,-,-,4.00,温州区域,温州加盟,,,否,-,平台配送
圣比萨（泰亨温学府店）,SBM00001,温州,"8039150255090933003	",饿了么,平台外卖,已完成,2025-10-22 18:04:18,2025-10-22 18:04:18,2025-10-22 18:04:18,饿了么支付-在线支付,,即时单,2025-10-22 18:04:18,12.03,自动出餐,1,否,盒子披萨三选一[日式烧鸟风味]（29.00*1）,日式烧鸟风味一人食盒子披萨,,,,非会员,17,,,依据餐量提供餐具,,29.00,15.22,7.00,0.00,0,0,1.43,0.00,3.50,【活动支出】饿了么红包:7.00元+【活动支出】替用户承担配送费:3.5元,-,-,-,0.00,温州区域,温州加盟,,,否,-,平台配送
圣比萨（泰亨温学府店）,SBM00001,温州,"8053130255200527650	",饿了么,平台外卖,已完成,2025-10-22 18:21:32,2025-10-22 18:21:32,2025-10-22 18:21:33,饿了么支付-在线支付,,即时单,2025-10-22 18:21:32,12.12,自动出餐,1,否,"新奥尔良烤鸡肉披萨7英寸（45.00*1）,奶酪芝士卷边（7英寸）（4.90*1）,餐盒（2.00*1）",新奥尔良烤鸡肉披萨【7英寸(手拍)】+奶酪芝士卷边7,,,,非会员,18,,,1份餐具,,49.90,18.14,26.10,0.00,0,0,1.71,0.00,3.50,【活动支出】单品特价:21.10元+【活动支出】饿了么红包:5.00元+【活动支出】替用户承担配送费:3.5元,-,-,-,2.00,温州区域,温州加盟,,,否,-,平台配送
圣比萨（泰亨温学府店）,SBM00001,温州,"8017310255198023989	",饿了么,平台外卖,已完成,2025-10-22 18:21:49,2025-10-22 18:21:49,2025-10-22 18:21:49,饿了么支付-在线支付,,即时单,2025-10-22 18:21:49,12.20,自动出餐,1,否,"任选披萨8选1+小吃8选1+饮料[圣比至尊披萨7英寸+鸡排1个+金桔柠檬汁]（58.00*1）,餐盒（2.00*1）",大圣招牌大满贯披萨【7英寸(手拍)】,,,,非会员,19,,,"可以送进来,楼下门禁#0000#,不要敲门 不要按门铃 放门口鞋柜 谢谢 / 依据餐量提供餐具",,58.00,20.31,31.20,0.00,0,0,1.94,0.00,3.50,【活动支出】首次光顾立减:1.00元+【活动支出】单品特价:23.20元+【活动支出】饿了么红包:7.00元+【活动支出】替用户承担配送费:3.5元,-,-,-,2.00,温州区域,温州加盟,,,否,-,平台配送
圣比萨（泰亨温学府店）,SBM00001,温州,"8061400255027840453	",饿了么,平台外卖,已完成,2025-10-22 18:55:06,2025-10-22 18:55:06,2025-10-22 18:55:06,饿了么支付-在线支付,,即时单,2025-10-22 18:55:06,12.00,自动出餐,1,否,"任选披萨8选1+小吃8选1+饮料[奥尔良鸡肉披萨7英寸+地道肠1根+可乐]（58.00*1）,餐盒（2.00*1）",新奥尔良烤鸡肉披萨【7英寸(手拍)】+地道肠【1根】+小可乐,,,,非会员,20,,,1份餐具,,58.00,20.31,31.20,0.00,0,0,1.94,0.00,3.50,【活动支出】单品特价:23.20元+【活动支出】 商家自营销加码:0.00元+【活动支出】CPS商户叠加券:0.00元+【活动支出】饿了么红包:8.00元+【活动支出】淘金币:0.00元+【活动支出】替用户承担配送费:3.5元,-,-,-,2.00,温州区域,温州加盟,,,否,-,平台配送
圣比萨（泰亨温学府店）,SBM00001,温州,"8039030255038279156	",饿了么,平台外卖,已完成,2025-10-22 19:11:56,2025-10-22 19:11:56,2025-10-22 19:11:56,饿了么支付-在线支付,,即时单,2025-10-22 19:11:56,12.20,自动出餐,1,否,"爆款披萨双人超值套餐[水果7英寸+招牌肉酱意面+雀巢牛奶+雀巢牛奶]（88.00*1）,餐盒（2.00*1）",缤纷水果披萨【7英寸(手拍)】+招牌肉酱意面+雀巢牛奶+雀巢牛奶,,,,非会员,21,,,依据餐量提供餐具,,88.00,23.21,57.10,0.00,0,0,2.24,0.00,4.50,【活动支出】店铺满减:1.00元+【活动支出】单品特价:41.10元+【活动支出】订单集点返红包:3.00元+【活动支出】饿了么红包:12.00元+【活动支出】替用户承担配送费:4.5元,-,-,-,2.00,温州区域,温州加盟,,,否,-,平台配送
圣比萨（泰亨温学府店）,SBM00001,温州,"8067440255146269086	",饿了么,平台外卖,已完成,2025-10-22 19:48:15,2025-10-22 19:48:15,2025-10-22 19:48:15,饿了么支付-在线支付,,即时单,2025-10-22 19:48:15,10.02,自动出餐,1,否,"7英寸披萨一人食土豪餐[圣比7英寸+上校鸡块一份+五目烤肠2根+芒果汁]（70.00*1）,餐盒（2.00*1）",上校鸡块+芒果汁,,,,非会员,22,,,放前台 / 依据餐量提供餐具,,70.00,18.32,41.90,0.00,0,0,2.03,0.00,8.10,【活动支出】店铺满减:1.00元+【活动支出】单品特价:33.90元+【活动支出】饿了么红包:7.00元+【活动支出】替用户承担配送费:6.0元,-,-,-,2.00,温州区域,温州加盟,,,否,-,平台配送
圣比萨（泰亨温学府店）,SBM00001,温州,"8056516089060768116	",饿了么,平台外卖,已完成,2025-10-22 19:49:56,2025-10-22 19:49:56,2025-10-22 19:49:57,饿了么支付-在线支付,,即时单,2025-10-22 19:49:56,10.15,自动出餐,1,否,"榴莲王披萨-9英寸(经典手拍)[{""name"":""规格"",""value"":""9英寸(经典手拍)""}]（92.00*1）",榴莲王披萨,,,,非会员,23,,,2份餐具,,92.00,30.49,50.90,0.00,0,0,2.86,0.00,3.50,【活动支出】单品特价:50.90元+【活动支出】用户代金券:0.00元+【活动支出】替用户承担配送费:3.5元,-,-,-,0.00,温州区域,温州加盟,,,否,-,平台配送
圣比萨（泰亨温学府店）,SBM00001,温州,"8026460255245044124	",饿了么,平台外卖,已完成,2025-10-22 19:53:52,2025-10-22 19:53:52,2025-10-22 19:53:52,饿了么支付-在线支付,,即时单,2025-10-22 19:53:52,10.23,自动出餐,1,否,"任选披萨8选1+小吃8选1+饮料[圣比至尊披萨7英寸+薯条1份+奶茶]（58.00*1）,餐盒（2.00*1）",大圣招牌大满贯披萨【7英寸(手拍)】+经典薯条+港式奶茶,,,,非会员,24,,,依据餐量提供餐具,,58.00,20.68,30.80,0.00,0,0,1.97,0.00,3.50,【活动支出】单品特价:23.20元+【活动支出】饿了么红包:7.60元+【活动支出】替用户承担配送费:3.5元,-,-,-,2.00,温州区域,温州加盟,,,否,-,平台配送
圣比萨（泰亨温学府店）,SBM00001,温州,"8081846089066450355	",饿了么,平台外卖,已完成,2025-10-22 20:00:30,2025-10-22 20:00:30,2025-10-22 20:00:30,饿了么支付-在线支付,,即时单,2025-10-22 20:00:30,10.20,自动出餐,1,否,"深海墨鱼丸-6个[{""name"":""规格"",""value"":""6个""}]（18.20*1）,奶酪芝士卷边（7英寸）（4.90*1）,任选披萨8选1+小吃8选1+饮料[圣比至尊披萨7英寸+薯条1份+可乐]（58.00*1）,餐盒（3.00*1）",深海墨鱼丸+奶酪芝士卷边7+大圣招牌大满贯披萨【7英寸(手拍)】+经典薯条+小可乐,,,,非会员,25,,,1份餐具,,81.10,33.13,39.50,0.00,0,0,3.12,0.00,3.50,【活动支出】店铺满减:1.00元+【活动支出】单品特价:6.30元+【活动支出】单品特价:23.20元+【活动支出】饿了么红包:9.00元+【活动支出】替用户承担配送费:3.5元,-,-,-,3.00,温州区域,温州加盟,,,否,-,平台配送
圣比萨（泰亨温学府店）,SBM00001,温州,"8093886089022820716	",饿了么,平台外卖,已完成,2025-10-22 20:31:17,2025-10-22 20:31:17,2025-10-22 20:31:17,饿了么支付-在线支付,,即时单,2025-10-22 20:31:17,10.15,自动出餐,1,否,"7英寸披萨一人食土豪单人餐[碳烤鸡肉培根7英寸+上校鸡块3个+深海墨鱼丸3个+柠檬茶]（70.00*1）,蛋挞（10.00*1）,餐盒（2.00*1）",碳烤鸡肉培根披萨【7英寸(手拍)】+上校鸡块3个+深海墨鱼丸3个+柠檬茶+蛋挞,,,,非会员,26,,,依据餐量提供餐具,,80.00,21.24,52.20,0.00,0,0,2.01,0.00,3.50,【活动支出】店铺满减:1.00元+【活动支出】首次光顾立减:1.00元+【活动支出】单品特价:37.10元+【活动支出】单品特价:1.10元+【活动支出】CPS商户叠加券:0.00元+【活动支出】饿了么红包:12.00元+【活动支出】淘金币:0.00元+【活动支出】替用户承担配送费:3.5元,-,-,-,2.00,温州区域,温州加盟,,,否,-,平台配送
圣比萨（泰亨温学府店）,SBM00001,温州,"8090886089053559076	",饿了么,平台外卖,已完成,2025-10-22 20:33:24,2025-10-22 20:33:24,2025-10-22 20:33:24,饿了么支付-在线支付,,即时单,2025-10-22 20:33:24,10.20,自动出餐,1,否,"经典薯条（18.00*1）,纯芝士披萨-7英寸[{""name"":""规格"",""value"":""7英寸""}]（35.00*1）,餐盒（5.00*1）",经典薯条+金牌芝士披萨,,,,非会员,27,,,依据餐量提供餐具,,53.00,21.24,28.20,0.00,0,0,2.01,0.00,3.50,【活动支出】单品特价:8.10元+【活动支出】单品特价:13.10元+【活动支出】饿了么红包:7.00元+【活动支出】替用户承担配送费:3.5元,-,-,-,5.00,温州区域,温州加盟,,,否,-,平台配送
圣比萨（泰亨温学府店）,SBM00001,温州,"8004996089074454819	",饿了么,平台外卖,已完成,2025-10-22 22:12:53,2025-10-22 22:12:53,2025-10-22 22:12:54,饿了么支付-在线支付,,即时单,2025-10-22 22:12:53,10.10,自动出餐,1,否,"新奥尔良烤鸡肉披萨7英寸（45.00*1）,奶酪芝士卷边（7英寸）（4.90*1）,餐盒（2.00*1）",新奥尔良烤鸡肉披萨【7英寸(手拍)】+奶酪芝士卷边7,,,,非会员,28,,,1份餐具,,49.90,15.46,29.10,0.00,0,0,1.49,0.00,5.60,【活动支出】首次光顾立减:1.00元+【活动支出】单品特价:21.10元+【活动支出】饿了么红包:0.00元+【活动支出】饿了么红包:7.00元+【活动支出】替用户承担配送费:5.6元,-,-,-,2.00,温州区域,温州加盟,,,否,-,平台配送
圣比萨（泰亨温学府店）,SBM00001,温州,"8021666089050844623	",饿了么,平台外卖,已完成,2025-10-22 22:17:59,2025-10-22 22:17:59,2025-10-22 22:17:59,饿了么支付-在线支付,,即时单,2025-10-22 22:17:59,10.02,自动出餐,1,否,"奶酪芝士卷边（7英寸）（4.90*1）,星星炸鸡披萨7英寸（45.99*1）,餐盒（2.00*1）",奶酪芝士卷边7+星星炸鸡披萨【7英寸(手拍)】,,,,非会员,29,,,2份餐具,,50.89,21.66,22.09,0.00,0,0,2.09,0.00,5.60,【活动支出】单品特价:17.09元+【活动支出】饿了么红包:5.00元+【活动支出】替用户承担配送费:5.6元,-,-,-,2.00,温州区域,温州加盟,,,否,-,平台配送
圣比萨（平阳水头店）,SBM00029,温州,"8008170254883459475	",饿了么,平台外卖,已完成,2025-10-22 11:17:18,2025-10-22 11:17:18,2025-10-22 11:17:19,饿了么支付-在线支付,,即时单,2025-10-22 11:17:18,27.22,手动出餐,1,否,新奥尔良烤鸡肉披萨7寸-单点（22.00*1）,新奥尔良烤鸡肉披萨【7英寸(手拍)】,,,,非会员,1,,,依据餐量提供餐具,,22.00,12.00,0.00,0.00,0,0,0.00,0.00,,【活动支出】拼团反圈活动:0.00元,-,-,-,0.00,温州区域,温州加盟,,,否,-,平台配送
圣比萨（平阳水头店）,SBM00029,温州,"8058170254904105292	",饿了么,平台外卖,已完成,2025-10-22 11:24:31,2025-10-22 11:24:31,2025-10-22 11:24:32,饿了么支付-在线支付,,即时单,2025-10-22 11:24:31,19.95,手动出餐,1,否,"【任选】披萨随心配（37.80*1）,餐盒（1.00*1）",缤纷芝士挞(菠萝味)+港式奶茶+金牌芝士披萨-7寸,,,,非会员,2,,,依据餐量提供餐具,,37.80,20.44,9.00,0.00,0,0,2.81,0.00,3.50,【活动支出】店铺满减:1.00元+【活动支出】饿了么红包:8.00元+【活动支出】替用户承担配送费:3.5元,-,-,-,1.00,温州区域,温州加盟,,,否,-,平台配送
圣比萨（平阳水头店）,SBM00029,温州,"8000340254994019811	",饿了么,平台外卖,已完成,2025-10-22 11:28:26,2025-10-22 11:28:26,2025-10-22 11:28:26,饿了么支付-在线支付,,即时单,2025-10-22 11:28:26,44.08,手动出餐,1,否,"蛋挞一个（原味）（5.90*1）,个人独享DIY套餐[7寸牛肉披萨+蛋挞一对+可乐小杯]（68.00*1）,餐盒（2.50*1）",蛋挞1个+炙热牛魔王披萨【7英寸(手拍)】+小可乐,,,,非会员,3,,,依据餐量提供餐具,,73.90,21.00,45.30,0.00,0,0,2.95,0.00,4.00,【活动支出】单品特价:5.80元+【活动支出】店铺满减:1.00元+【活动支出】单品特价:31.50元+【活动支出】 商家自营销加码:2.00元+【活动支出】饿了么红包:5.00元+【活动支出】替用户承担配送费:4.0元,-,-,-,2.50,温州区域,温州加盟,,,否,-,平台配送
圣比萨（平阳水头店）,SBM00029,温州,"8048010254928033063	",饿了么,平台外卖,已完成,2025-10-22 11:58:48,2025-10-22 11:58:48,2025-10-22 11:58:49,饿了么支付-在线支付,,即时单,2025-10-22 11:58:48,13.82,手动出餐,1,否,"雀巢牛奶[热]（8.00*1）,奥尔良烤鸡肉披萨-7寸[{""name"":""规格"",""value"":""7寸""}]（45.00*1）,餐盒（1.00*1）",雀巢牛奶+新奥尔良烤鸡肉披萨,,,,非会员,4,,,依据餐量提供餐具,,53.00,19.63,25.10,0.00,0,0,2.72,0.00,3.50,【活动支出】单品特价:19.10元+【活动支出】饿了么红包:6.00元+【活动支出】替用户承担配送费:3.5元,-,-,-,1.00,温州区域,温州加盟,,,否,-,平台配送
圣比萨（平阳水头店）,SBM00029,温州,"8046846088808551689	",饿了么,平台外卖,已完成,2025-10-22 12:01:15,2025-10-22 12:01:15,2025-10-22 12:01:15,饿了么支付-在线支付,,即时单,2025-10-22 12:01:15,18.02,手动出餐,1,否,"碳烤鸡肉培根披萨-7寸[{""name"":""规格"",""value"":""7寸""}]（45.00*1）,餐盒（1.00*1）",碳烤鸡肉培根披萨,,,,非会员,5,,,依据餐量提供餐具,,45.00,12.78,26.10,0.00,0,0,1.77,0.00,3.50,【活动支出】单品特价:19.10元+【活动支出】饿了么红包:7.00元+【活动支出】替用户承担配送费:3.5元,-,-,-,1.00,温州区域,温州加盟,,,否,-,平台配送
圣比萨（平阳水头店）,SBM00029,温州,"8078736088869155308	",饿了么,平台外卖,已完成,2025-10-22 12:16:59,2025-10-22 12:16:59,2025-10-22 12:16:59,饿了么支付-在线支付,,即时单,2025-10-22 12:16:59,38.92,被动出餐,1,否,"芒果汁[常温]（7.00*1）,上校鸡块一个（3.00*2）,【圣比宠粉】深海墨鱼丸1个（3.00*2）,奥尔良烤翅（9.90*1）,黑椒牛肉意面（28.90*1）,餐盒（5.00*1）",芒果汁+上校鸡块1个+深海墨鱼丸1个+奥尔良烤翅+黑椒牛肉意面,,,,非会员,6,,,依据餐量提供餐具,,57.80,29.44,21.60,0.00,0,0,4.01,0.00,3.50,【活动支出】店铺满减:1.00元+【活动支出】单品特价:5.80元+【活动支出】单品特价:5.80元+【活动支出】饿了么红包:9.00元+【活动支出】替用户承担配送费:3.5元,-,-,-,5.00,温州区域,温州加盟,,,否,-,平台配送
圣比萨（平阳水头店）,SBM00029,温州,"8020440255069721075	",饿了么,平台外卖,已完成,2025-10-22 13:13:31,2025-10-22 13:13:31,2025-10-22 13:13:31,饿了么支付-在线支付,,即时单,2025-10-22 13:13:31,30.90,手动出餐,1,否,"蛋挞一个（原味）（5.90*1）,【任选】披萨随心配（35.90*1）,餐盒（1.50*1）",蛋挞1个+盐酥鸡粒+芒果汁+玉米沙拉披萨(7英寸(手拍)),,,,非会员,7,,,依据餐量提供餐具,,41.80,20.17,13.80,0.00,0,0,2.78,0.00,3.50,【活动支出】单品特价:5.80元+【活动支出】饿了么红包:8.00元+【活动支出】替用户承担配送费:3.5元,-,-,-,1.50,温州区域,温州加盟,,,否,-,平台配送
圣比萨（平阳水头店）,SBM00029,温州,"8092656088847807919	",饿了么,平台外卖,已完成,2025-10-22 13:24:30,2025-10-22 13:24:30,2025-10-22 13:24:30,饿了么支付-在线支付,,即时单,2025-10-22 13:24:30,19.95,手动出餐,1,否,"金牌芝士披萨-7寸[{""name"":""规格"",""value"":""7寸""}]（42.00*1）,餐盒（1.00*1）","金牌芝士披萨-7寸[{""name"":""规格"",""value"":""7寸""}]+餐盒",,,,非会员,8,,,依据餐量提供餐具,,42.00,12.78,23.10,0.00,0,0,1.77,0.00,3.50,【活动支出】单品特价:18.10元+【活动支出】饿了么红包:5.00元+【活动支出】替用户承担配送费:3.5元,-,-,-,1.00,温州区域,温州加盟,,,否,-,平台配送
圣比萨（平阳水头店）,SBM00029,温州,"8025806088944178543	",饿了么,平台外卖,已完成,2025-10-22 15:45:38,2025-10-22 15:45:38,2025-10-22 15:45:38,饿了么支付-在线支付,,即时单,2025-10-22 15:45:38,16.42,手动出餐,1,否,"奥尔良烤鸡肉披萨-7寸[{""name"":""规格"",""value"":""7寸""}]（45.00*1）,餐盒（1.00*1）",新奥尔良烤鸡肉披萨,,,,非会员,9,,,依据餐量提供餐具,,45.00,18.44,19.10,0.00,0,0,2.51,0.00,3.50,【活动支出】单品特价:19.10元+【活动支出】替用户承担配送费:3.5元,-,-,-,1.00,温州区域,温州加盟,,,否,-,平台配送
圣比萨（平阳水头店）,SBM00029,温州,"8014876088925451616	",饿了么,平台外卖,已完成,2025-10-22 16:04:11,2025-10-22 16:04:11,2025-10-22 16:04:11,饿了么支付-在线支付,,即时单,2025-10-22 16:04:11,19.88,手动出餐,1,否,"榴莲披萨-7寸[{""name"":""规格"",""value"":""7寸""}]（62.00*1）,明星小食桶C（38.00*1）,餐盒（2.00*1）",榴莲王披萨+明星小食桶C,,,,非会员,10,,,放门口鞋架上就行了 / 依据餐量提供餐具,,100.00,33.85,55.20,0.00,0,0,4.60,0.00,3.50,【活动支出】店铺满减:6.00元+【活动支出】单品特价:22.10元+【活动支出】单品特价:18.10元+【活动支出】饿了么红包:9.00元+【活动支出】替用户承担配送费:3.5元,-,-,-,2.00,温州区域,温州加盟,,,否,-,平台配送
圣比萨（平阳水头店）,SBM00029,温州,"8067000255032173968	",饿了么,平台外卖,已完成,2025-10-22 16:33:48,2025-10-22 16:33:48,2025-10-22 16:33:48,饿了么支付-在线支付,,即时单,2025-10-22 16:33:48,20.20,被动出餐,1,否,"蛋挞一个（原味）（5.90*1）,深海墨鱼丸-3个[{""name"":""规格"",""value"":""3个""}]（10.60*1）,双拼披萨-7英寸（经典手拍）[日系照烧鸡披萨+圣比招牌披萨][{""name"":""规格"",""value"":""7英寸（经典手拍）""}]（29.90*1）,餐盒（3.50*1）",蛋挞1个+深海墨鱼丸,,,,非会员,11,,,依据餐量提供餐具,,46.40,18.89,22.50,0.00,0,0,2.56,0.00,3.50,【活动支出】单品特价:5.80元+【活动支出】店铺满减:1.00元+【活动支出】单品特价:4.70元+【活动支出】粉丝群:2.00元+【活动支出】饿了么红包:9.00元+【活动支出】替用户承担配送费:3.5元,-,-,-,3.50,温州区域,温州加盟,,,否,-,平台配送
圣比萨（平阳水头店）,SBM00029,温州,"8022616088949652865	",饿了么,平台外卖,已完成,2025-10-22 17:02:46,2025-10-22 17:02:46,2025-10-22 17:02:47,饿了么支付-在线支付,,即时单,2025-10-22 17:02:46,17.65,手动出餐,1,否,"香烤鸡翅-2只[{""name"":""规格"",""value"":""2只""}]（10.90*1）,蛋挞一个（原味）（5.90*1）,奥尔良烤鸡肉披萨-7寸[{""name"":""规格"",""value"":""7寸""}]（45.00*1）,餐盒（2.50*1）",香烤鸡翅+蛋挞1个+新奥尔良烤鸡肉披萨,,,,非会员,12,,,依据餐量提供餐具,,61.80,26.93,25.90,0.00,0,0,3.72,0.00,3.50,【活动支出】店铺满减:1.00元+【活动支出】单品特价:5.80元+【活动支出】单品特价:19.10元+【活动支出】替用户承担配送费:3.5元,-,-,-,2.50,温州区域,温州加盟,,,否,-,平台配送
圣比萨（平阳水头店）,SBM00029,温州,"8028010255079091593	",饿了么,平台外卖,已完成,2025-10-22 17:37:15,2025-10-22 17:37:15,2025-10-22 17:37:15,饿了么支付-在线支付,,即时单,2025-10-22 17:37:15,19.73,被动出餐,1,否,"榴莲披萨-7寸[{""name"":""规格"",""value"":""7寸""}]（62.00*1）,餐盒（1.00*1）",榴莲王披萨,,,,非会员,13,,,"要扁吸管哦
谢谢, 对商家 / 1份餐具",,62.00,21.42,32.10,0.00,0,0,2.93,0.00,3.50,【活动支出】店铺满减:1.00元+【活动支出】单品特价:22.10元+【活动支出】饿了么红包:9.00元+【活动支出】替用户承担配送费:3.5元,-,-,-,1.00,温州区域,温州加盟,,,否,-,平台配送
圣比萨（平阳水头店）,SBM00029,温州,"8047160255172186618	",饿了么,平台外卖,已完成,2025-10-22 17:42:39,2025-10-22 17:42:39,2025-10-22 17:42:39,饿了么支付-在线支付,,即时单,2025-10-22 17:42:39,15.98,手动出餐,1,否,"奥尔良烤鸡肉披萨-7寸[{""name"":""规格"",""value"":""7寸""}]（45.00*1）,餐盒（1.00*1）",新奥尔良烤鸡肉披萨,,,,非会员,14,,,依据餐量提供餐具,,45.00,11.88,26.10,0.00,0,0,1.77,0.00,4.50,【活动支出】单品特价:19.10元+【活动支出】饿了么红包:7.00元+【活动支出】替用户承担配送费:4.5元,-,-,-,1.00,温州区域,温州加盟,,,否,-,平台配送
圣比萨（平阳水头店）,SBM00029,温州,"8076010255184385381	",饿了么,平台外卖,已完成,2025-10-22 18:02:14,2025-10-22 18:02:14,2025-10-22 18:02:15,饿了么支付-在线支付,,即时单,2025-10-22 18:02:14,15.57,手动出餐,1,否,"奥尔良烤鸡肉披萨-7寸[{""name"":""规格"",""value"":""7寸""}]（45.00*2）,餐盒（2.00*1）",新奥尔良烤鸡肉披萨,,,,非会员,15,,,2份餐具,,90.00,31.17,48.20,0.00,0,0,4.28,0.00,3.50,【活动支出】店铺满减:1.00元+【活动支出】单品特价:38.20元+【活动支出】饿了么红包:9.00元+【活动支出】替用户承担配送费:3.5元,-,-,-,2.00,温州区域,温州加盟,,,否,-,平台配送
圣比萨（平阳水头店）,SBM00029,温州,"8063966089009057063	",饿了么,平台外卖,已完成,2025-10-22 18:11:07,2025-10-22 18:11:07,2025-10-22 18:11:08,饿了么支付-在线支付,,即时单,2025-10-22 18:11:07,11.42,手动出餐,1,否,"黑椒牛肉芝士焗饭（30.90*1）,餐盒（1.00*1）",黑椒牛肉芝士焗饭,,,,非会员,16,,,1份餐具,,30.90,16.65,7.00,0.00,0,0,2.30,0.00,3.50,【活动支出】超级会员专享红包:5.00元+【活动支出】 商家自营销加码:2.00元+【活动支出】饿了么红包:0.00元+【活动支出】替用户承担配送费:3.5元,-,-,-,1.00,温州区域,温州加盟,,,否,-,平台配送
圣比萨（平阳水头店）,SBM00029,温州,"8012516089003847120	",饿了么,平台外卖,已完成,2025-10-22 18:47:11,2025-10-22 18:47:11,2025-10-22 18:47:11,饿了么支付-在线支付,,即时单,2025-10-22 18:47:11,70.48,手动出餐,1,否,"奥尔良烤鸡肉披萨-7寸[{""name"":""规格"",""value"":""7寸""}]（45.00*1）",新奥尔良烤鸡肉披萨,,,,非会员,17,,,依据餐量提供餐具【到店自取，取餐码17】,,45.00,23.83,19.10,0.00,0,0,2.07,0.00,,【活动支出】单品特价:19.10元,-,-,-,0.00,温州区域,温州加盟,,,否,-,平台配送
圣比萨（平阳水头店）,SBM00029,温州,"8031686089039939898	",饿了么,平台外卖,已完成,2025-10-22 19:47:43,2025-10-22 19:47:43,2025-10-22 19:47:43,饿了么支付-在线支付,,即时单,2025-10-22 19:47:43,28.05,手动出餐,1,否,"【任选】披萨随心配（39.70*1）,餐盒（1.00*1）",蛋挞1个+港式奶茶+炙热牛魔王披萨(7英寸(手拍)),,,,非会员,18,,,无需餐具,,39.70,21.24,10.00,0.00,0,0,2.91,0.00,3.50,【活动支出】店铺满减:1.00元+【活动支出】饿了么红包:9.00元+【活动支出】替用户承担配送费:3.5元,-,-,-,1.00,温州区域,温州加盟,,,否,-,平台配送
圣比萨（平阳水头店）,SBM00029,温州,"8031796089041289677	",饿了么,平台外卖,已完成,2025-10-22 20:03:51,2025-10-22 20:03:51,2025-10-22 20:03:51,饿了么支付-在线支付,,即时单,2025-10-22 20:03:51,14.50,手动出餐,1,否,"碳烤鸡肉培根披萨-7寸[{""name"":""规格"",""value"":""7寸""}]（45.00*1）,餐盒（1.00*1）",碳烤鸡肉培根披萨,,,,非会员,19,,,依据餐量提供餐具,,45.00,12.78,26.10,0.00,0,0,1.77,0.00,3.50,【活动支出】单品特价:19.10元+【活动支出】 商家自营销加码:2.00元+【活动支出】CPS商户叠加券:0.00元+【活动支出】饿了么红包:5.00元+【活动支出】淘金币:0.00元+【活动支出】替用户承担配送费:3.5元,-,-,-,1.00,温州区域,温州加盟,,,否,-,平台配送
圣比萨（平阳水头店）,SBM00029,温州,"8082626089076113824	",饿了么,平台外卖,已完成,2025-10-22 20:27:59,2025-10-22 20:27:59,2025-10-22 20:27:59,饿了么支付-在线支付,,即时单,2025-10-22 20:27:59,26.77,手动出餐,1,否,"蛋挞一个（原味）（5.90*2）,新奥尔良烤肉披萨［铁盘装］-个人份[{""name"":""规格"",""value"":""个人份""}]（20.80*1）,餐盒（2.00*1）",蛋挞1个,,,,非会员,20,,,依据餐量提供餐具,,32.60,15.67,10.80,0.00,0,0,2.18,0.00,3.50,【活动支出】单品特价:5.80元+【活动支出】饿了么红包:5.00元+【活动支出】替用户承担配送费:3.5元,-,-,-,2.00,温州区域,温州加盟,,,否,-,平台配送
圣比萨（平阳水头店）,SBM00029,温州,"8070786089053250865	",饿了么,平台外卖,已完成,2025-10-22 20:35:33,2025-10-22 20:35:33,2025-10-22 20:35:33,饿了么支付-在线支付,,即时单,2025-10-22 20:35:33,19.23,手动出餐,1,否,"【任选】披萨随心配（36.80*1）,餐盒（1.00*1）",缤纷芝士挞(香蕉味)+雀巢牛奶+碳烤鸡肉培根披萨(7英寸(手拍)),,,,非会员,21,,,1份餐具,,36.80,19.54,8.00,0.00,0,0,2.81,0.00,5.00,【活动支出】饿了么红包:8.00元+【活动支出】替用户承担配送费:5.0元,-,-,-,1.00,温州区域,温州加盟,,,否,-,平台配送
圣比萨（平阳水头店）,SBM00029,温州,"8080120255259547921	",饿了么,平台外卖,已完成,2025-10-22 20:41:05,2025-10-22 20:41:05,2025-10-22 20:41:06,饿了么支付-在线支付,,即时单,2025-10-22 20:41:05,18.07,手动出餐,1,否,"番茄牛肉意面（23.90*1）,餐盒（1.00*1）",番茄牛肉意面,,,,非会员,22,,,依据餐量提供餐具,,23.90,12.78,5.00,0.00,0,0,1.77,0.00,3.50,【活动支出】饿了么红包:5.00元+【活动支出】替用户承担配送费:3.5元,-,-,-,1.00,温州区域,温州加盟,,,否,-,平台配送
圣比萨（平阳水头店）,SBM00029,温州,"8070876089061175611	",饿了么,平台外卖,已完成,2025-10-22 21:19:02,2025-10-22 21:19:02,2025-10-22 21:19:02,饿了么支付-在线支付,,即时单,2025-10-22 21:19:02,21.52,被动出餐,1,否,"碳烤鸡肉培根披萨-7寸[{""name"":""规格"",""value"":""7寸""}]（45.00*1）,餐盒（1.00*1）",碳烤鸡肉培根披萨,,,,非会员,23,,,1份餐具,,45.00,10.49,28.10,0.00,0,0,1.56,0.00,5.60,【活动支出】单品特价:19.10元+【活动支出】粉丝群:2.00元+【活动支出】饿了么红包:7.00元+【活动支出】替用户承担配送费:5.6元,-,-,-,1.00,温州区域,温州加盟,,,否,-,平台配送
圣比萨（平阳水头店）,SBM00029,温州,"8064726089067156871	",饿了么,平台外卖,已完成,2025-10-22 21:20:25,2025-10-22 21:20:25,2025-10-22 21:20:25,饿了么支付-在线支付,,即时单,2025-10-22 21:20:25,24.80,被动出餐,1,否,新奥尔良烤鸡肉披萨7寸-单点（22.00*1）,新奥尔良烤鸡肉披萨【7英寸(手拍)】,,,,非会员,24,,,依据餐量提供餐具,,22.00,12.00,0.00,0.00,0,0,0.00,0.00,,【活动支出】拼团反圈活动:0.00元,-,-,-,0.00,温州区域,温州加盟,,,否,-,平台配送
圣比萨（平阳水头店）,SBM00029,温州,"8063876089093476643	",饿了么,平台外卖,已完成,2025-10-22 21:30:48,2025-10-22 21:30:48,2025-10-22 21:30:48,饿了么支付-在线支付,,即时单,2025-10-22 21:30:48,29.57,被动出餐,1,否,"奥尔良烤鸡肉披萨-7寸[{""name"":""规格"",""value"":""7寸""}]（45.00*1）,餐盒（1.00*1）",新奥尔良烤鸡肉披萨,,,,非会员,25,,,依据餐量提供餐具,,45.00,10.49,28.10,0.00,0,0,1.56,0.00,5.60,【活动支出】单品特价:19.10元+【活动支出】粉丝群:2.00元+【活动支出】饿了么红包:7.00元+【活动支出】替用户承担配送费:5.6元,-,-,-,1.00,温州区域,温州加盟,,,否,-,平台配送
圣比萨（平阳水头店）,SBM00029,温州,"8049490255275714900	",饿了么,平台外卖,已完成,2025-10-22 21:56:51,2025-10-22 21:56:51,2025-10-22 21:56:51,饿了么支付-在线支付,,即时单,2025-10-22 21:56:51,11.02,手动出餐,1,否,"缤纷水果披萨-7寸[{""name"":""规格"",""value"":""7寸""}]（42.00*1）,餐盒（2.00*1）",缤纷水果披萨,,,,非会员,26,,,依据餐量提供餐具,,42.00,11.38,25.10,0.00,0,0,1.67,0.00,5.60,【活动支出】单品特价:18.10元+【活动支出】饿了么红包:7.00元+【活动支出】替用户承担配送费:5.6元,-,-,-,2.00,温州区域,温州加盟,,,否,-,平台配送
圣比萨（平阳水头店）,SBM00029,温州,"8066956089078287622	",饿了么,平台外卖,已完成,2025-10-22 22:19:23,2025-10-22 22:19:23,2025-10-22 22:19:23,饿了么支付-在线支付,,即时单,2025-10-22 22:19:23,20.60,被动出餐,1,否,"【任选】披萨随心配（35.90*1）,餐盒（1.00*1）",深海墨鱼丸(3个)+可乐+日系照烧鸡披萨(7英寸(手拍)),,,,非会员,27,,,依据餐量提供餐具,,35.90,19.13,8.00,0.00,0,0,2.72,0.00,5.60,【活动支出】饿了么红包:8.00元+【活动支出】替用户承担配送费:5.6元,-,-,-,1.00,温州区域,温州加盟,,,否,-,平台配送
圣比萨（平阳水头店）,SBM00029,温州,"8077806089081347570	",饿了么,平台外卖,已完成,2025-10-22 22:59:56,2025-10-22 22:59:56,2025-10-22 22:59:56,饿了么支付-在线支付,,即时单,2025-10-22 22:59:56,18.62,手动出餐,1,否,"缤纷水果披萨-7寸[{""name"":""规格"",""value"":""7寸""}]（42.00*1）,芝士边（12.00*1）,盐酥鸡粒（21.00*1）,地道肠（3.90*1）,奥尔良烤翅（9.90*1）,川香脆皮翅根-两个[{""name"":""规格"",""value"":""两个""}]（12.90*1）,餐盒（6.00*1）",缤纷水果披萨+盐酥鸡粒+地道肠1根+奥尔良烤翅,,,,非会员,28,,,披萨记得加芝士我加钱了 / 2份餐具,,101.70,45.89,43.20,0.00,0,0,6.46,0.00,6.60,【活动支出】店铺满减:6.00元+【活动支出】单品特价:18.10元+【活动支出】单品特价:11.10元+【活动支出】超会爆红包省钱包:8.00元+【活动支出】替用户承担配送费:6.0元,-,-,-,6.00,温州区域,温州加盟,,,否,-,平台配送
圣比萨（平阳水头店）,SBM00029,温州,"8063756089091306994	",饿了么,平台外卖,已完成,2025-10-22 23:05:03,2025-10-22 23:05:03,2025-10-22 23:05:03,饿了么支付-在线支付,,即时单,2025-10-22 23:05:03,14.43,手动出餐,1,否,"缤纷水果披萨-7寸[{""name"":""规格"",""value"":""7寸""}]（42.00*1）,餐盒（2.00*1）",缤纷水果披萨,,,,非会员,29,,,依据餐量提供餐具,,42.00,11.38,25.10,0.00,0,0,1.67,0.00,5.60,【活动支出】单品特价:18.10元+【活动支出】 商家自营销加码:2.00元+【活动支出】饿了么红包:5.00元+【活动支出】替用户承担配送费:5.6元,-,-,-,2.00,温州区域,温州加盟,,,否,-,平台配送
圣比萨（平阳水头店）,SBM00029,温州,"8065886089110253945	",饿了么,平台外卖,已完成,2025-10-22 23:08:18,2025-10-22 23:08:18,2025-10-22 23:08:19,饿了么支付-在线支付,,即时单,2025-10-22 23:08:18,16.07,手动出餐,1,否,"缤纷水果披萨-9寸[{""name"":""规格"",""value"":""9寸""}]（68.00*1）,餐盒（1.00*1）",缤纷水果披萨,,,,非会员,30,,,依据餐量提供餐具,,68.00,17.05,43.10,0.00,0,0,2.40,0.00,5.60,【活动支出】单品特价:34.10元+【活动支出】 商家自营销加码:2.00元+【活动支出】粉丝群:2.00元+【活动支出】饿了么红包:5.00元+【活动支出】替用户承担配送费:5.6元,-,-,-,1.00,温州区域,温州加盟,,,否,-,平台配送
圣比萨（平阳水头店）,SBM00029,温州,"8065866089066610031	",饿了么,平台外卖,已完成,2025-10-22 23:19:59,2025-10-22 23:19:59,2025-10-22 23:19:59,饿了么支付-在线支付,,即时单,2025-10-22 23:19:59,10.18,手动出餐,1,否,"【任选】披萨随心配（35.90*1）,餐盒（1.00*1）",蛋挞1个+芒果汁+新奥尔良烤鸡肉披萨(7英寸(手拍)),,,,非会员,31,,,依据餐量提供餐具,,35.90,17.04,10.00,0.00,0,0,2.51,0.00,6.10,【活动支出】粉丝群:2.00元+【活动支出】饿了么红包:8.00元+【活动支出】替用户承担配送费:6.0元,-,-,-,1.00,温州区域,温州加盟,,,否,-,平台配送
圣比萨（平阳水头店）,SBM00029,温州,"8034886089085575631	",饿了么,平台外卖,已完成,2025-10-22 23:38:48,2025-10-22 23:38:48,2025-10-22 23:38:48,饿了么支付-在线支付,,即时单,2025-10-22 23:38:48,11.87,手动出餐,1,否,"奥尔良烤鸡肉披萨-9寸[{""name"":""规格"",""value"":""9寸""}]（73.00*1）,餐盒（1.00*1）",新奥尔良烤鸡肉披萨,,,,非会员,32,,,披萨要热要拉丝那种，要好吃，难吃差评 / 1份餐具,,73.00,20.92,43.10,0.00,0,0,2.93,0.00,5.60,【活动支出】店铺满减:1.00元+【活动支出】单品特价:33.10元+【活动支出】饿了么红包:9.00元+【活动支出】替用户承担配送费:5.6元,-,-,-,1.00,温州区域,温州加盟,,,否,-,平台配送
圣比萨（温溪店）,SBM00009,丽水,"8038966088814066101	",饿了么,平台外卖,已完成,2025-10-22 11:16:53,2025-10-22 11:16:53,2025-10-22 11:16:53,饿了么支付-在线支付,,即时单,2025-10-22 11:16:53,14.48,手动出餐,1,否,"任选披萨6选1+小吃6选1+饮料[奥尔良鸡肉披萨7寸+鳕鱼块3个+小可乐+常温]（40.00*1）,蛋挞一个（原味）（5.00*1）,餐盒（3.00*1）",新奥尔良烤鸡肉披萨【7英寸(手拍)】+雪花鱼块3个+小可乐+蛋挞1个,,,,非会员,1,,,对骑手 放在门口椅子上谢谢 不要打电话 / 依据餐量提供餐具,,45.00,24.46,9.00,0.00,0,0,11.04,0.00,5.00,【活动支出】店铺满减:1.00元+【活动支出】单品特价:2.00元+【活动支出】单品特价:1.00元+【活动支出】饿了么红包:5.00元+【活动支出】替用户承担配送费:5.0元,-,-,-,3.00,丽水区域,丽水加盟,,,否,-,平台配送
圣比萨（温溪店）,SBM00009,丽水,"8026450254942295510	",饿了么,平台外卖,已完成,2025-10-22 12:24:30,2025-10-22 12:24:30,2025-10-22 12:24:31,饿了么支付-在线支付,,即时单,2025-10-22 12:24:30,17.77,手动出餐,1,否,"缤纷水果披萨-7寸(经典手拍)[{""name"":""规格"",""value"":""7寸(经典手拍)""}]（32.00*1）,明星小食桶C（38.00*1）,餐盒（4.00*1）",缤纷水果披萨+明星小食桶C,,,,非会员,2,,,放门口 / 依据餐量提供餐具,餐厅同意退单 鸡翅坏了,70.00,11.25,21.00,21.23,0,0,17.02,0.00,5.00,【活动支出】店铺满减:2.00元+【活动支出】单品特价:12.00元+【活动支出】粉丝群:2.00元+【活动支出】饿了么红包:5.00元+【活动支出】替用户承担配送费:5.0元,-,-,-,4.00,丽水区域,丽水加盟,,,否,-,平台配送
圣比萨（温溪店）,SBM00009,丽水,"8088480255061242249	",饿了么,平台外卖,已完成,2025-10-22 17:11:35,2025-10-22 17:11:35,2025-10-22 17:11:35,饿了么支付-在线支付,,即时单,2025-10-22 17:11:35,14.07,自动出餐,1,否,"披萨意面双人套餐[碳烤鸡肉培根披萨7寸+招牌肉酱意面+明星小食桶B+港式奶茶温+港式奶茶温]（78.00*1）,餐盒（2.00*1）",碳烤鸡肉培根披萨【7英寸(手拍)】+招牌肉酱意面+明星小食桶B+港式奶茶+港式奶茶,,,,非会员,3,,,3份餐具,,78.00,51.10,7.00,0.00,0,0,18.40,0.00,5.00,【活动支出】店铺满减:2.00元+【活动支出】饿了么红包:5.00元+【活动支出】替用户承担配送费:5.0元,-,-,-,2.00,丽水区域,丽水加盟,,,否,-,平台配送
圣比萨（温溪店）,SBM00009,丽水,"8078766088964164966	",饿了么,平台外卖,已完成,2025-10-22 17:23:44,2025-10-22 17:23:44,2025-10-22 17:23:44,饿了么支付-在线支付,,即时单,2025-10-22 17:23:44,11.87,手动出餐,1,否,"招牌肉酱意面（33.00*1）,餐盒（2.00*1）",招牌肉酱意面,,,,非会员,4,,,依据餐量提供餐具,,33.00,16.45,7.00,0.00,0,0,8.05,0.00,5.00,【活动支出】单品特价:2.00元+【活动支出】饿了么红包:5.00元+【活动支出】替用户承担配送费:5.0元,-,-,-,2.00,丽水区域,丽水加盟,,,否,-,平台配送
圣比萨（温溪店）,SBM00009,丽水,"8054040255154493724	",饿了么,平台外卖,已完成,2025-10-22 20:46:27,2025-10-22 20:46:27,2025-10-22 20:46:27,饿了么支付-在线支付,,即时单,2025-10-22 20:46:27,14.07,自动出餐,1,否,"缤纷水果披萨-7寸(经典手拍)[{""name"":""规格"",""value"":""7寸(经典手拍)""}]（32.00*1）,餐盒（2.00*1）",缤纷水果披萨,,,,非会员,5,,,依据餐量提供餐具,,32.00,17.68,5.00,0.00,0,0,7.82,0.00,5.00,【活动支出】饿了么红包:5.00元+【活动支出】替用户承担配送费:5.0元,-,-,-,2.00,丽水区域,丽水加盟,,,否,-,平台配送
圣比萨（双塔店）,SBS00037,温州,"8074030254792838574	",饿了么,平台外卖,已退款,2025-10-22 01:30:02,2025-10-22 01:30:02,2025-10-22 01:30:02,饿了么支付-在线支付,,即时单,2025-10-22 01:30:02,,未出餐,1,否,"【随心拼】7英寸披萨(口味自选）[奥尔良+培根鸡肉]（54.00*1）,【新品宠粉】香烤地道肠1根（7.50*1）,点击右上角❤️收藏得小吃[墨鱼丸1个]（2.00*2）,餐盒（4.00*1）",双拼7寸【奥尔良口味7】+双拼7寸【碳烤鸡肉培根口味7】+地道肠1根+深海墨鱼丸1个,,,,非会员,1,,,依据餐量提供餐具,订单强制无效（商家主动取消已接订单、用户1分钟内取消),65.50,-9.74,40.91,25.69,0,0,2.69,0.00,8.10,【活动支出】单品特价:27.10元+【活动支出】单品特价:4.91元+【活动支出】单品特价:1.90元+【活动支出】饿了么红包:7.00元+【活动支出】替用户承担配送费:6.0元,-,-,-,4.00,温州区域,温州直营,,,否,-,平台配送
圣比萨（双塔店）,SBS00037,温州,"8003796088726165879	",饿了么,平台外卖,已完成,2025-10-22 09:51:55,2025-10-22 09:51:55,2025-10-22 09:51:56,饿了么支付-在线支付,,预约单,2025-10-22 11:35:00,51.58,手动出餐,1,否,"缤纷水果披萨-9英寸[{""name"":""规格"",""value"":""9英寸""}]（69.00*1）,餐盒（1.00*1）",缤纷水果披萨,,,,非会员,2,,,1份餐具,,69.00,19.34,42.10,0.00,0,0,2.61,0.00,3.90,【活动支出】单品特价:35.10元+【活动支出】饿了么红包:7.00元+【活动支出】替用户承担配送费:3.9元,-,-,-,1.00,温州区域,温州直营,,,否,-,平台配送
圣比萨（双塔店）,SBS00037,温州,"8067866088746927543	",饿了么,平台外卖,已完成,2025-10-22 10:39:47,2025-10-22 10:39:47,2025-10-22 10:39:48,饿了么支付-在线支付,,即时单,2025-10-22 10:39:47,8.17,手动出餐,1,否,"芝士焗红薯泥（19.00*1）,任选披萨7选1+小吃6选1+饮品[威尼斯披萨7英寸+盐酥鸡米花小份+芒果汁]（70.00*1）,餐盒（3.00*1）",芝士焗红薯泥+浪漫威尼斯披萨【7英寸(手拍)】+盐酥鸡米花小份+芒果汁,,,,非会员,3,,,依据餐量提供餐具,,89.00,31.17,48.20,0.00,0,0,4.28,0.00,4.40,【活动支出】店铺满减:1.00元+【活动支出】单品特价:4.10元+【活动支出】单品特价:38.10元+【活动支出】饿了么红包:5.00元+【活动支出】替用户承担配送费:4.4元,-,-,-,3.00,温州区域,温州直营,,,否,-,平台配送
圣比萨（双塔店）,SBS00037,温州,"8095190254869197092	",饿了么,平台外卖,已完成,2025-10-22 10:42:34,2025-10-22 10:42:34,2025-10-22 10:42:34,饿了么支付-在线支付,,即时单,2025-10-22 10:42:34,10.15,自动出餐,1,否,手握三选一-单点[奥尔良]（20.00*1）,奥尔良风情烤鸡肉一人食盒子披萨,,,,非会员,4,,,挂门口楼下密码2580# / 1份餐具,,20.00,10.00,0.00,0.00,0,0,0.00,0.00,,【活动支出】拼团反圈活动:0.00元,-,-,-,0.00,温州区域,温州直营,,,否,-,平台配送
圣比萨（双塔店）,SBS00037,温州,"8055806088813796640	",饿了么,平台外卖,已完成,2025-10-22 11:57:12,2025-10-22 11:57:12,2025-10-22 11:57:12,饿了么支付-在线支付,,即时单,2025-10-22 11:57:12,12.15,自动出餐,1,否,新奥尔良烤鸡肉披萨7寸-单点（22.00*1）,新奥尔良烤鸡肉披萨【7英寸(手拍)】,,,,非会员,5,,,依据餐量提供餐具,,22.00,12.00,0.00,0.00,0,0,0.00,0.00,,【活动支出】拼团反圈活动:0.00元,-,-,-,0.00,温州区域,温州直营,,,否,-,平台配送
圣比萨（双塔店）,SBS00037,温州,"8080646088843804151	",饿了么,平台外卖,已完成,2025-10-22 12:17:07,2025-10-22 12:17:07,2025-10-22 12:17:07,饿了么支付-在线支付,,即时单,2025-10-22 12:17:07,12.12,自动出餐,1,否,任选披萨5选1+小吃4选1+饮料套餐[全芝士披萨7英寸+蛋挞1个+柠檬茶]（68.00*1）,金牌芝士披萨【7英寸(手拍)】+蛋挞1个+柠檬茶,,,,非会员,6,,,2份餐具,,68.00,12.61,48.28,0.00,0,0,1.76,0.00,3.90,【活动支出】单品特价:48.28元+【活动支出】用户代金券:0.00元+【活动支出】替用户承担配送费:3.9元,-,-,-,0.00,温州区域,温州直营,,,否,-,平台配送
圣比萨（双塔店）,SBS00037,温州,"8010576088934531380	",饿了么,平台外卖,已完成,2025-10-22 15:16:53,2025-10-22 15:16:53,2025-10-22 15:16:53,饿了么支付-在线支付,,即时单,2025-10-22 15:16:53,6.95,手动出餐,1,否,7寸日系照烧鸡披萨-单点（22.00*1）,日系照烧鸡披萨【7英寸(手拍)】,,,,非会员,7,,,依据餐量提供餐具,,22.00,12.00,0.00,0.00,0,0,0.00,0.00,,【活动支出】拼团反圈活动:0.00元,-,-,-,0.00,温州区域,温州直营,,,否,-,平台配送
圣比萨（双塔店）,SBS00037,温州,"8083676088891269580	",饿了么,平台外卖,已完成,2025-10-22 15:41:39,2025-10-22 15:41:39,2025-10-22 15:41:39,饿了么支付-在线支付,,即时单,2025-10-22 15:41:39,6.57,手动出餐,1,否,"新奥尔良烤鸡肉披萨-7英寸[{""name"":""规格"",""value"":""7英寸""}]（39.00*1）,点击右上角❤️收藏得小吃[墨鱼丸1个]（2.00*2）,餐盒（3.00*1）",新奥尔良烤鸡肉披萨+深海墨鱼丸1个,,,,非会员,8,,,1份餐具,,43.00,11.96,25.00,0.00,0,0,1.89,0.00,6.00,【活动支出】单品特价:16.10元+【活动支出】单品特价:1.90元+【活动支出】饿了么红包:7.00元+【活动支出】替用户承担配送费:6.0元,-,-,-,3.00,温州区域,温州直营,,,否,-,平台配送
圣比萨（双塔店）,SBS00037,温州,"8084260255026831822	",饿了么,平台外卖,已完成,2025-10-22 15:48:29,2025-10-22 15:48:29,2025-10-22 15:48:30,饿了么支付-在线支付,,即时单,2025-10-22 15:48:29,8.62,手动出餐,1,否,手握三选一-单点[奥尔良]（20.00*1）,奥尔良风情烤鸡肉一人食盒子披萨,,,,非会员,9,,,不要洋葱 / 依据餐量提供餐具,,20.00,10.00,0.00,0.00,0,0,0.00,0.00,,【活动支出】拼团反圈活动:0.00元,-,-,-,0.00,温州区域,温州直营,,,否,-,平台配送
圣比萨（双塔店）,SBS00037,温州,"8053290255030088154	",饿了么,平台外卖,已完成,2025-10-22 15:58:36,2025-10-22 15:58:36,2025-10-22 15:58:36,饿了么支付-在线支付,,即时单,2025-10-22 15:58:36,6.55,手动出餐,1,否,"任选披萨7选1+小吃6选1+饮品[海苔肉松披萨7英寸+深海墨鱼丸3个+港式奶茶]（70.00*1）,餐盒（2.00*1）",海苔肉松披萨【7英寸(手拍)】+深海墨鱼丸3个+港式奶茶,,,,非会员,10,,,依据餐量提供餐具,,70.00,18.44,45.10,0.00,0,0,2.51,0.00,3.90,【活动支出】单品特价:38.10元+【活动支出】 商家自营销加码:2.00元+【活动支出】饿了么红包:5.00元+【活动支出】替用户承担配送费:3.9元,-,-,-,2.00,温州区域,温州直营,,,否,-,平台配送
圣比萨（双塔店）,SBS00037,温州,"8011280255038652913	",饿了么,平台外卖,已完成,2025-10-22 16:10:37,2025-10-22 16:10:37,2025-10-22 16:10:37,饿了么支付-在线支付,,即时单,2025-10-22 16:10:37,6.48,手动出餐,1,否,"榴莲王披萨.-7英寸[{""name"":""规格"",""value"":""7英寸""}]（52.99*1）,餐盒（2.00*1）",榴莲王披萨,,,,非会员,11,,,依据餐量提供餐具,,52.99,19.63,26.09,0.00,0,0,2.72,0.00,3.90,【活动支出】单品特价:19.09元+【活动支出】饿了么红包:7.00元+【活动支出】替用户承担配送费:3.9元,-,-,-,2.00,温州区域,温州直营,,,否,-,平台配送
圣比萨（双塔店）,SBS00037,温州,"8000330255043522877	",饿了么,平台外卖,已完成,2025-10-22 16:21:37,2025-10-22 16:21:37,2025-10-22 16:21:38,饿了么支付-在线支付,,即时单,2025-10-22 16:21:37,4.63,手动出餐,1,否,"新奥尔良烤鸡肉披萨-7英寸[{""name"":""规格"",""value"":""7英寸""}]（39.00*1）,餐盒（2.00*1）",新奥尔良烤鸡肉披萨,,,,非会员,12,,,依据餐量提供餐具,,39.00,10.09,23.10,0.00,0,0,1.56,0.00,5.40,【活动支出】单品特价:16.10元+【活动支出】 商家自营销加码:2.00元+【活动支出】饿了么红包:5.00元+【活动支出】替用户承担配送费:5.4元,-,-,-,2.00,温州区域,温州直营,,,否,-,平台配送
圣比萨（双塔店）,SBS00037,温州,"8000330254951251408	",饿了么,平台外卖,已完成,2025-10-22 16:23:15,2025-10-22 16:23:15,2025-10-22 16:23:16,饿了么支付-在线支付,,即时单,2025-10-22 16:23:15,10.17,自动出餐,1,否,"番茄牛肉意面（52.00*1）,餐盒（2.00*1）",番茄牛肉意面,,,,非会员,13,,,依据餐量提供餐具,,52.00,10.98,35.10,0.00,0,0,1.67,0.00,5.40,【活动支出】单品特价:28.10元+【活动支出】 商家自营销加码:2.00元+【活动支出】饿了么红包:5.00元+【活动支出】替用户承担配送费:5.4元,-,-,-,2.00,温州区域,温州直营,,,否,-,平台配送
圣比萨（双塔店）,SBS00037,温州,"8098190255132097882	",饿了么,平台外卖,已完成,2025-10-22 16:34:07,2025-10-22 16:34:07,2025-10-22 16:34:07,饿了么支付-在线支付,,即时单,2025-10-22 16:34:07,10.23,自动出餐,1,否,"碳烤鸡肉培根披萨-7英寸[{""name"":""规格"",""value"":""7英寸""}]（45.99*1）,经典薯条（12.00*1）,餐盒（3.00*1）",碳烤鸡肉培根披萨+经典薯条,,,,非会员,14,,,1份餐具,,57.99,19.25,33.19,0.00,0,0,2.60,0.00,3.90,【活动支出】单品特价:20.09元+【活动支出】单品特价:3.10元+【活动支出】粉丝群:2.00元+【活动支出】饿了么红包:8.00元+【活动支出】替用户承担配送费:3.9元,-,-,-,3.00,温州区域,温州直营,,,否,-,平台配送
圣比萨（双塔店）,SBS00037,温州,"8001916088930384262	",饿了么,平台外卖,已完成,2025-10-22 17:27:38,2025-10-22 17:27:38,2025-10-22 17:27:38,饿了么支付-在线支付,,即时单,2025-10-22 17:27:38,10.18,自动出餐,1,否,"任意爆款意面一人食套餐[招牌肉酱意面+墨鱼丸3个+柠檬茶]（57.00*1）,深海墨鱼丸-3个[{""name"":""规格"",""value"":""3个""}]（10.60*1）,上校鸡块（11.88*1）,点击右上角❤️收藏得小吃[上校鸡块1个]（2.00*2）,餐盒（5.00*1）",招牌肉酱意面+深海墨鱼丸3个+柠檬茶+深海墨鱼丸+上校鸡块+上校鸡块1个,,,,非会员,15,,,候车室一鸣A1A2检票口，柠檬茶味道不要太淡谢谢谢 / 依据餐量提供餐具,,83.48,26.78,46.68,0.00,0,0,4.07,0.00,7.80,【活动支出】店铺满减:1.00元+【活动支出】单品特价:25.10元+【活动支出】单品特价:4.70元+【活动支出】单品特价:5.98元+【活动支出】单品特价:1.90元+【活动支出】饿了么红包:8.00元+【活动支出】替用户承担配送费:6.0元,-,-,-,5.00,温州区域,温州直营,,,否,-,平台配送
圣比萨（双塔店）,SBS00037,温州,"8002460255087544784	",饿了么,平台外卖,已完成,2025-10-22 17:45:17,2025-10-22 17:45:17,2025-10-22 17:45:17,饿了么支付-在线支付,,即时单,2025-10-22 17:45:17,8.05,手动出餐,1,否,"缤纷水果披萨-7英寸[{""name"":""规格"",""value"":""7英寸""}]（45.99*1）,餐盒（2.00*1）",缤纷水果披萨,,,,非会员,16,,,1份餐具,,45.99,13.67,27.09,0.00,0,0,1.88,0.00,3.90,【活动支出】单品特价:20.09元+【活动支出】 商家自营销加码:2.00元+【活动支出】饿了么红包:5.00元+【活动支出】替用户承担配送费:3.9元,-,-,-,2.00,温州区域,温州直营,,,否,-,平台配送
圣比萨（双塔店）,SBS00037,温州,"8000766088997258545	",饿了么,平台外卖,已完成,2025-10-22 17:48:08,2025-10-22 17:48:08,2025-10-22 17:48:09,饿了么支付-在线支付,,即时单,2025-10-22 17:48:08,9.03,手动出餐,1,否,"新奥尔良烤鸡肉披萨-9英寸[{""name"":""规格"",""value"":""9英寸""}]（65.00*1）,餐盒（2.00*1）",新奥尔良烤鸡肉披萨,,,,非会员,17,,,依据餐量提供餐具,,65.00,15.75,41.10,0.00,0,0,2.40,0.00,6.00,【活动支出】单品特价:31.10元+【活动支出】 商家自营销加码:0.00元+【活动支出】粉丝群:2.00元+【活动支出】饿了么红包:8.00元+【活动支出】替用户承担配送费:6.0元,-,-,-,2.00,温州区域,温州直营,,,否,-,平台配送
圣比萨（双塔店）,SBS00037,温州,"8007746088996927964	",饿了么,平台外卖,已完成,2025-10-22 18:25:53,2025-10-22 18:25:53,2025-10-22 18:25:53,饿了么支付-在线支付,,即时单,2025-10-22 18:25:53,10.12,手动出餐,1,否,"碳烤鸡肉培根披萨-9英寸[{""name"":""规格"",""value"":""9英寸""}]（69.00*1）,餐盒（1.00*1）",碳烤鸡肉培根披萨,,,,非会员,18,,,依据餐量提供餐具,,69.00,17.55,44.10,0.00,0,0,2.40,0.00,3.90,【活动支出】单品特价:35.10元+【活动支出】粉丝群:2.00元+【活动支出】饿了么红包:7.00元+【活动支出】替用户承担配送费:3.9元,-,-,-,1.00,温州区域,温州直营,,,否,-,平台配送
圣比萨（双塔店）,SBS00037,温州,"8023070255090598240	",饿了么,平台外卖,已完成,2025-10-22 18:26:34,2025-10-22 18:26:34,2025-10-22 18:26:34,饿了么支付-在线支付,,即时单,2025-10-22 18:26:34,10.72,手动出餐,1,否,7寸日系照烧鸡披萨-单点（22.00*1）,日系照烧鸡披萨【7英寸(手拍)】,,,,非会员,19,,,依据餐量提供餐具,,22.00,12.00,0.00,0.00,0,0,0.00,0.00,,【活动支出】拼团反圈活动:0.00元,-,-,-,0.00,温州区域,温州直营,,,否,-,平台配送
圣比萨（双塔店）,SBS00037,温州,"8041170255116878201	",饿了么,平台外卖,已完成,2025-10-22 18:44:56,2025-10-22 18:44:56,2025-10-22 18:44:56,饿了么支付-在线支付,,即时单,2025-10-22 18:44:56,8.88,手动出餐,1,否,"7英寸披萨一人食土豪餐[缤纷水果披萨7英寸+地道肠1根+盐酥鸡米花小份+小可乐]（66.00*1）,餐盒（2.00*1）",缤纷水果披萨【7英寸(手拍)】+地道肠【1根】+盐酥鸡米花小份+小可乐,,,,非会员,20,,,依据餐量提供餐具,,66.00,22.32,36.10,0.00,0,0,3.03,0.00,3.90,【活动支出】单品特价:31.10元+【活动支出】饿了么红包:5.00元+【活动支出】替用户承担配送费:3.9元,-,-,-,2.00,温州区域,温州直营,,,否,-,平台配送
圣比萨（双塔店）,SBS00037,温州,"8040686089015133497	",饿了么,平台外卖,已完成,2025-10-22 18:59:35,2025-10-22 18:59:35,2025-10-22 18:59:36,饿了么支付-在线支付,,即时单,2025-10-22 18:59:35,8.58,手动出餐,1,否,"榴莲王披萨.-9英寸[{""name"":""规格"",""value"":""9英寸""}]（69.00*1）,餐盒（1.00*1）",榴莲王披萨,,,,非会员,21,,,3份餐具,,69.00,25.30,34.10,0.00,0,0,3.45,0.00,3.90,【活动支出】店铺满减:1.00元+【活动支出】单品特价:25.10元+【活动支出】饿了么红包:8.00元+【活动支出】替用户承担配送费:3.9元,-,-,-,1.00,温州区域,温州直营,,,否,-,平台配送
圣比萨（双塔店）,SBS00037,温州,"8008636089007751565	",饿了么,平台外卖,已完成,2025-10-22 19:45:00,2025-10-22 19:45:00,2025-10-22 19:45:00,饿了么支付-在线支付,,即时单,2025-10-22 19:45:00,9.07,手动出餐,1,否,"任选披萨7选1+小吃6选1+饮品[缤纷水果披萨7英寸+上校鸡块4个+小可乐]（70.00*1）,餐盒（2.00*1）",缤纷水果披萨【7英寸(手拍)】+上校鸡块+小可乐,,,,非会员,22,,,7份餐具,,70.00,20.53,42.10,0.00,0,0,2.82,0.00,3.90,【活动支出】单品特价:38.10元+【活动支出】饿了么红包:4.00元+【活动支出】替用户承担配送费:3.9元,-,-,-,2.00,温州区域,温州直营,,,否,-,平台配送
圣比萨（双塔店）,SBS00037,温州,"8030140255148223963	",饿了么,平台外卖,已完成,2025-10-22 19:57:18,2025-10-22 19:57:18,2025-10-22 19:57:18,饿了么支付-在线支付,,即时单,2025-10-22 19:57:18,10.15,自动出餐,1,否,"任选披萨7选1+小吃6选1+饮品[圣比招牌披萨7英寸+深海墨鱼丸3个+柠檬茶]（70.00*1）,餐盒（2.00*1）",大圣招牌大满贯披萨【7英寸(手拍)】+深海墨鱼丸3个+柠檬茶,,,,非会员,23,,,依据餐量提供餐具,,70.00,18.44,45.10,0.00,0,0,2.51,0.00,3.90,【活动支出】单品特价:38.10元+【活动支出】 商家自营销加码:2.00元+【活动支出】饿了么红包:5.00元+【活动支出】替用户承担配送费:3.9元,-,-,-,2.00,温州区域,温州直营,,,否,-,平台配送
圣比萨（双塔店）,SBS00037,温州,"8080836089044933912	",饿了么,平台外卖,已完成,2025-10-22 20:04:25,2025-10-22 20:04:25,2025-10-22 20:04:25,饿了么支付-在线支付,,即时单,2025-10-22 20:04:25,8.32,手动出餐,1,否,"榴莲王披萨.-7英寸[{""name"":""规格"",""value"":""7英寸""}]（52.99*1）,餐盒（2.00*1）",榴莲王披萨,,,,非会员,24,,,依据餐量提供餐具,,52.99,16.14,27.09,0.00,0,0,2.61,0.00,7.80,【活动支出】单品特价:19.09元+【活动支出】饿了么红包:8.00元+【活动支出】替用户承担配送费:6.0元,-,-,-,2.00,温州区域,温州直营,,,否,-,平台配送
圣比萨（双塔店）,SBS00037,温州,"8052886089044379096	",饿了么,平台外卖,已完成,2025-10-22 20:27:36,2025-10-22 20:27:36,2025-10-22 20:27:37,饿了么支付-在线支付,,即时单,2025-10-22 20:27:36,8.78,手动出餐,1,否,"任选披萨7选1+小吃6选1+饮品[圣比招牌披萨7英寸+上校鸡块4个+港式奶茶]（70.00*1）,餐盒（2.00*1）",大圣招牌大满贯披萨【7英寸(手拍)】+上校鸡块+港式奶茶,,,,非会员,25,,,无需餐具,,70.00,16.64,45.10,0.00,0,0,2.51,0.00,6.60,【活动支出】单品特价:38.10元+【活动支出】饿了么红包:7.00元+【活动支出】替用户承担配送费:6.0元,-,-,-,2.00,温州区域,温州直营,,,否,-,平台配送
圣比萨（双塔店）,SBS00037,温州,"8010576089043492220	",饿了么,平台外卖,已完成,2025-10-22 20:35:54,2025-10-22 20:35:54,2025-10-22 20:35:54,饿了么支付-在线支付,,即时单,2025-10-22 20:35:54,9.68,手动出餐,1,否,"新奥尔良烤鸡肉披萨-7英寸[{""name"":""规格"",""value"":""7英寸""}]（39.00*1）,餐盒（2.00*1）",新奥尔良烤鸡肉披萨,,,,非会员,26,,,依据餐量提供餐具,,39.00,10.09,24.10,0.00,0,0,1.46,0.00,3.90,【活动支出】单品特价:16.10元+【活动支出】粉丝群:2.00元+【活动支出】饿了么红包:6.00元+【活动支出】替用户承担配送费:3.9元,-,-,-,2.00,温州区域,温州直营,,,否,-,平台配送
圣比萨（双塔店）,SBS00037,温州,"8035676089079488955	",饿了么,平台外卖,已完成,2025-10-22 20:49:46,2025-10-22 20:49:46,2025-10-22 20:49:46,饿了么支付-在线支付,,即时单,2025-10-22 20:49:46,10.05,自动出餐,1,否,7英寸披萨买一送一[奥尔良鸡肉披萨7英寸+圣比招牌披萨7英寸]（86.80*1）,新奥尔良烤鸡肉披萨【7英寸(手拍)】+大圣招牌大满贯披萨【7英寸(手拍)】,,,,非会员,27,,,依据餐量提供餐具,,86.80,25.74,49.40,0.00,0,0,3.61,0.00,5.40,【活动支出】单品特价:49.40元+【活动支出】用户代金券:0.00元+【活动支出】替用户承担配送费:5.4元,-,-,-,0.00,温州区域,温州直营,,,否,-,平台配送
圣比萨（双塔店）,SBS00037,温州,"8078906089085596984	",饿了么,平台外卖,已完成,2025-10-22 20:58:43,2025-10-22 20:58:43,2025-10-22 20:58:43,饿了么支付-在线支付,,即时单,2025-10-22 20:58:43,8.78,手动出餐,1,否,"任选披萨7选1+小吃6选1+饮品[玉米沙拉披萨7英寸+深海墨鱼丸3个+小可乐]（70.00*1）,餐盒（2.00*1）",玉米沙拉披萨【7英寸(手拍)】+深海墨鱼丸3个+小可乐,,,,非会员,28,,,依据餐量提供餐具,,70.00,17.54,45.10,0.00,0,0,2.51,0.00,6.00,【活动支出】单品特价:38.10元+【活动支出】 商家自营销加码:2.00元+【活动支出】饿了么红包:5.00元+【活动支出】替用户承担配送费:6.0元,-,-,-,2.00,温州区域,温州直营,,,否,-,平台配送
圣比萨（双塔店）,SBS00037,温州,"8023766089067292120	",饿了么,平台外卖,已完成,2025-10-22 21:50:25,2025-10-22 21:50:25,2025-10-22 21:50:26,饿了么支付-在线支付,,即时单,2025-10-22 21:50:25,8.72,手动出餐,1,否,"任选披萨7选1+小吃6选1+饮品[圣比招牌披萨7英寸+盐酥鸡米花小份+港式奶茶]（70.00*1）,餐盒（2.00*1）",大圣招牌大满贯披萨【7英寸(手拍)】+盐酥鸡米花小份+港式奶茶,,,,非会员,29,,,依据餐量提供餐具,,70.00,15.93,43.10,0.00,0,0,2.72,0.00,9.30,【活动支出】单品特价:38.10元+【活动支出】饿了么红包:5.00元+【活动支出】替用户承担配送费:6.0元,-,-,-,2.00,温州区域,温州直营,,,否,-,平台配送
圣比萨（双塔店）,SBS00037,温州,"8026160255285873954	",饿了么,平台外卖,已完成,2025-10-22 22:15:35,2025-10-22 22:15:35,2025-10-22 22:15:35,饿了么支付-在线支付,,即时单,2025-10-22 22:15:35,9.73,手动出餐,1,否,"【随心拼】7英寸披萨(口味自选）[奥尔良+培根鸡肉]（54.00*1）,餐盒（2.00*1）",双拼7寸【奥尔良口味7】+双拼7寸【碳烤鸡肉培根口味7】,,,,非会员,30,,,到了 打 13646742519 / 依据餐量提供餐具,,54.00,10.48,36.10,0.00,0,0,1.77,0.00,8.10,【活动支出】单品特价:27.10元+【活动支出】粉丝群:2.00元+【活动支出】饿了么红包:7.00元+【活动支出】替用户承担配送费:6.0元,-,-,-,2.00,温州区域,温州直营,,,否,-,平台配送
圣比萨（双塔店）,SBS00037,温州,"8025430255188497771	",饿了么,平台外卖,已完成,2025-10-22 22:15:59,2025-10-22 22:15:59,2025-10-22 22:15:59,饿了么支付-在线支付,,即时单,2025-10-22 22:15:59,10.22,自动出餐,1,否,"招牌肉酱芝士焗饭（52.00*1）,餐盒（2.00*1）",招牌肉酱芝士焗饭,,,,非会员,31,,,依据餐量提供餐具,,52.00,14.96,31.10,0.00,0,0,2.09,0.00,6.00,【活动支出】单品特价:24.10元+【活动支出】饿了么红包:7.00元+【活动支出】替用户承担配送费:6.0元,-,-,-,2.00,温州区域,温州直营,,,否,-,平台配送
圣比萨（双塔店）,SBS00037,温州,"8008040255190946112	",饿了么,平台外卖,已完成,2025-10-22 22:32:47,2025-10-22 22:32:47,2025-10-22 22:32:47,饿了么支付-在线支付,,即时单,2025-10-22 22:32:47,10.00,自动出餐,1,否,"芝士就是力量（10.00*1）,新奥尔良烤鸡肉披萨-7英寸[{""name"":""规格"",""value"":""7英寸""}]（39.00*1）,深海墨鱼丸-3个[{""name"":""规格"",""value"":""3个""}]（10.60*1）,川香脆皮翅根-1个[{""name"":""规格"",""value"":""1个""}]（12.00*1）,餐盒（6.00*1）",芝士就是力量+新奥尔良烤鸡肉披萨+深海墨鱼丸+川香脆皮大翅根,,,,非会员,32,,,1份餐具,,71.60,23.71,40.90,0.00,0,0,3.54,0.00,8.70,【活动支出】店铺满减:1.00元+【活动支出】单品特价:5.00元+【活动支出】单品特价:16.10元+【活动支出】单品特价:4.70元+【活动支出】单品特价:6.10元+【活动支出】 商家自营销加码:0.00元+【活动支出】饿了么红包:8.00元+【活动支出】替用户承担配送费:6.0元,-,-,-,6.00,温州区域,温州直营,,,否,-,平台配送
圣比萨（双塔店）,SBS00037,温州,"8097576089086136601	",饿了么,平台外卖,已完成,2025-10-22 23:12:40,2025-10-22 23:12:40,2025-10-22 23:12:40,饿了么支付-在线支付,,即时单,2025-10-22 23:12:40,6.68,手动出餐,1,否,"任意爆款意面一人食套餐[番茄牛肉意面+墨鱼丸3个+柠檬茶]（57.00*1）,可乐[冷]（6.00*1）,【新品宠粉】香烤地道肠1根（7.50*1）,餐盒（3.00*1）",番茄牛肉意面+深海墨鱼丸3个+柠檬茶+可乐+地道肠1根,,,,非会员,33,,,依据餐量提供餐具,,70.50,19.06,44.01,0.00,0,0,2.78,0.00,6.00,【活动支出】店铺满减:1.00元+【活动支出】单品特价:25.10元+【活动支出】单品特价:1.00元+【活动支出】单品特价:4.91元+【活动支出】饿了么红包:12.00元+【活动支出】替用户承担配送费:6.0元,-,-,-,3.00,温州区域,温州直营,,,否,-,平台配送
圣比萨（双塔店）,SBS00037,温州,"8065240255297420751	",饿了么,平台外卖,已完成,2025-10-22 23:40:04,2025-10-22 23:40:04,2025-10-22 23:40:04,饿了么支付-在线支付,,即时单,2025-10-22 23:40:04,9.88,手动出餐,1,否,"手握三选一-单点[奥尔良][{""name"":""规格"",""value"":""单点""}]（20.00*1）",奥尔良风情烤鸡肉一人食盒子披萨,,,,非会员,34,,,-,,20.00,10.00,0.00,0.00,0,0,0.00,0.00,,【活动支出】拼团反圈活动:0.00元,-,-,-,0.00,温州区域,温州直营,,,否,-,平台配送
圣比萨（新城店）,SBS00003,温州,"8060716088682345820	",饿了么,平台外卖,已完成,2025-10-22 00:16:45,2025-10-22 00:16:45,2025-10-22 00:16:46,饿了么支付-在线支付,,即时单,2025-10-22 00:16:45,8.72,手动出餐,1,否,"7英寸披萨一人食土豪餐[圣比招牌披萨7英寸+上校鸡块4个+深海墨鱼丸3个+芒果汁]（70.00*1）,餐盒（2.00*1）",大圣招牌大满贯披萨【7英寸(手拍)】+上校鸡块+深海墨鱼丸3个+芒果汁,,,,非会员,1,,,到楼下打电话  不要按门铃  上楼放鞋柜上   家里有小孩睡着了谢谢 / 依据餐量提供餐具,,70.00,18.51,43.10,0.00,0,0,1.94,0.00,6.60,【活动支出】单品特价:35.10元+【活动支出】饿了么红包:8.00元+【活动支出】替用户承担配送费:6.0元,-,-,-,2.00,温州区域,温州加盟,,,否,-,平台配送
圣比萨（新城店）,SBS00003,温州,"8090140254711823844	",饿了么,平台外卖,已退款,2025-10-22 01:43:52,2025-10-22 01:43:52,2025-10-22 01:43:52,饿了么支付-在线支付,,即时单,2025-10-22 01:43:52,,未出餐,1,否,"保温袋1个（远距离建议加购）（10.00*1）,7英寸披萨一人食土豪餐[圣比招牌披萨7英寸+盐酥鸡米花小份+翅根1根+柠檬茶]（70.00*1）,【新客福利】香烤地道肠1根（7.50*1）,餐盒（3.00*1）",保温袋+大圣招牌大满贯披萨【7英寸(手拍)】+盐酥鸡米花小份+柠檬茶+地道肠1根,,,,非会员,2,,,加冰 / 依据餐量提供餐具,"餐厅同意取消单 ",87.50,-2.00,64.11,19.69,0,0,1.75,0.00,6.10,【活动支出】店铺满减:1.00元+【活动支出】单品特价:9.50元+【活动支出】单品特价:35.10元+【活动支出】单品特价:6.51元+【活动支出】饿了么红包:12.00元+【活动支出】替用户承担配送费:6.0元,-,-,-,3.00,温州区域,温州加盟,,,否,-,平台配送
圣比萨（新城店）,SBS00003,温州,"8082836088809156897	",饿了么,平台外卖,已完成,2025-10-22 11:49:46,2025-10-22 11:49:46,2025-10-22 11:49:47,饿了么支付-在线支付,,即时单,2025-10-22 11:49:46,12.10,自动出餐,1,否,手握三选一-单点[缤纷水果]（20.00*1）,热带雨林水果一人食盒子披萨,,,,非会员,3,,,依据餐量提供餐具,,20.00,10.00,0.00,0.00,0,0,0.00,0.00,,【活动支出】拼团反圈活动:0.00元,-,-,-,0.00,温州区域,温州加盟,,,否,-,平台配送
圣比萨（新城店）,SBS00003,温州,"8017240255032705368	",饿了么,平台外卖,已完成,2025-10-22 11:59:47,2025-10-22 11:59:47,2025-10-22 11:59:47,饿了么支付-在线支付,,即时单,2025-10-22 11:59:47,12.03,自动出餐,1,否,"焗饭随心配（53.80*1）,餐盒（2.00*1）",碳烤鸡肉芝士焗饭+地道肠1根+盐酥鸡米花小份+蛋挞1个,,,,非会员,4,,,依据餐量提供餐具,,53.80,16.06,32.90,0.00,0,0,1.49,0.00,3.50,【活动支出】单品特价:25.90元+【活动支出】 商家自营销加码:2.00元+【活动支出】CPS商户叠加券:0.00元+【活动支出】饿了么红包:5.00元+【活动支出】替用户承担配送费:3.5元,-,-,-,2.00,温州区域,温州加盟,,,否,-,平台配送
圣比萨（新城店）,SBS00003,温州,"8068110255028918714	",饿了么,平台外卖,已完成,2025-10-22 12:07:39,2025-10-22 12:07:39,2025-10-22 12:07:39,饿了么支付-在线支付,,即时单,2025-10-22 12:07:39,12.22,自动出餐,1,否,手握三选一+二选一+可乐-单点[奥尔良+薯饼 2 块+可乐]（24.00*1）,小可乐+奥尔良风情烤鸡肉一人食盒子披萨+薯饼2个,,,,非会员,5,,,依据餐量提供餐具；手机尾号：8830；接力送,,24.00,14.00,0.00,0.00,0,0,0.00,0.00,,【活动支出】拼团反圈活动:0.00元,-,-,-,0.00,温州区域,温州加盟,,,否,-,平台配送
圣比萨（新城店）,SBS00003,温州,"8088470255018325325	",饿了么,平台外卖,已完成,2025-10-22 15:11:48,2025-10-22 15:11:48,2025-10-22 15:11:49,饿了么支付-在线支付,,即时单,2025-10-22 15:11:48,10.20,自动出餐,1,否,手握三选一-单点[奥尔良]（20.00*1）,奥尔良风情烤鸡肉一人食盒子披萨,,,,非会员,6,,,依据餐量提供餐具,,20.00,10.00,0.00,0.00,0,0,0.00,0.00,,【活动支出】拼团反圈活动:0.00元,-,-,-,0.00,温州区域,温州加盟,,,否,-,平台配送
圣比萨（新城店）,SBS00003,温州,"8090170255133852013	",饿了么,平台外卖,已退款,2025-10-22 16:37:26,2025-10-22 16:37:26,2025-10-22 16:37:26,饿了么支付-在线支付,,即时单,2025-10-22 16:37:26,,未出餐,1,否,"披萨随心配（60.40*1）,餐盒（2.00*1）",缤纷水果披萨(7英寸(手拍))+地道肠1根+薯饼2个+蛋挞1个,,,,非会员,7,,,无需餐具,"餐厅同意取消单 ",60.40,-0.59,37.50,17.90,0,0,1.64,0.00,3.50,【活动支出】单品特价:30.50元+【活动支出】饿了么红包:7.00元+【活动支出】替用户承担配送费:3.5元,-,-,-,2.00,温州区域,温州加盟,,,否,-,平台配送
圣比萨（新城店）,SBS00003,温州,"8018470254955805953	",饿了么,平台外卖,已完成,2025-10-22 16:52:17,2025-10-22 16:52:17,2025-10-22 16:52:18,饿了么支付-在线支付,,即时单,2025-10-22 16:52:17,10.13,自动出餐,1,否,"手握三选一-单点[奥尔良][{""name"":""规格"",""value"":""单点""}]（20.00*1）",奥尔良风情烤鸡肉一人食盒子披萨,,,,非会员,8,,,-,,20.00,10.00,0.00,0.00,0,0,0.00,0.00,,【活动支出】拼团反圈活动:0.00元,-,-,-,0.00,温州区域,温州加盟,,,否,-,平台配送
圣比萨（新城店）,SBS00003,温州,"8052596088951907589	",饿了么,平台外卖,已完成,2025-10-22 17:13:15,2025-10-22 17:13:15,2025-10-22 17:13:15,饿了么支付-在线支付,,即时单,2025-10-22 17:13:15,7.02,手动出餐,1,否,"个人意面or焗饭经典套餐[番茄牛肉意面+上校鸡块4个+柠檬茶]（42.00*1）,餐盒（2.00*1）",番茄牛肉意面+上校鸡块+柠檬茶,,,,非会员,9,,,依据餐量提供餐具,,42.00,20.41,15.10,0.00,0,0,1.94,0.00,3.50,【活动支出】单品特价:10.10元+【活动支出】订单集点返红包:5.00元+【活动支出】替用户承担配送费:3.5元,-,-,-,2.00,温州区域,温州加盟,,,否,-,平台配送
圣比萨（新城店）,SBS00003,温州,"8057360254975720820	",饿了么,平台外卖,已完成,2025-10-22 17:18:42,2025-10-22 17:18:42,2025-10-22 17:18:43,饿了么支付-在线支付,,即时单,2025-10-22 17:18:42,8.45,手动出餐,1,否,"7英寸奥尔良烤鸡肉披萨[7英奥尔良烤鸡肉披萨]（56.00*1）,美式香骨鸡（8.90*1）,餐盒（3.00*1）",新奥尔良烤鸡肉披萨【7英寸(手拍)】+美式香骨鸡,,,,非会员,10,,,1份餐具,,64.90,19.02,40.50,0.00,0,0,1.83,0.00,3.50,【活动支出】单品特价:33.50元+【活动支出】 商家自营销加码:2.00元+【活动支出】饿了么红包:5.00元+【活动支出】替用户承担配送费:3.5元,-,-,-,3.00,温州区域,温州加盟,,,否,-,平台配送
圣比萨（新城店）,SBS00003,温州,"8048606088962820360	",饿了么,平台外卖,已完成,2025-10-22 17:30:27,2025-10-22 17:30:27,2025-10-22 17:30:27,饿了么支付-在线支付,,即时单,2025-10-22 17:30:27,12.15,自动出餐,1,否,【买一送一】买披萨送披萨[浪漫威尼斯披萨7英寸+缤纷水果披萨7英寸]（86.80*1）,浪漫威尼斯披萨【7英寸(手拍)】+缤纷水果披萨【7英寸(手拍)】,,,,非会员,11,,,依据餐量提供餐具,,86.80,23.18,54.90,0.00,0,0,2.17,0.00,3.50,【活动支出】单品特价:54.90元+【活动支出】替用户承担配送费:3.5元,-,-,-,0.00,温州区域,温州加盟,,,否,-,平台配送
圣比萨（新城店）,SBS00003,温州,"8012230255071599061	",饿了么,平台外卖,已完成,2025-10-22 17:31:39,2025-10-22 17:31:39,2025-10-22 17:31:39,饿了么支付-在线支付,,即时单,2025-10-22 17:31:39,11.83,手动出餐,1,否,7寸日系照烧鸡披萨-单点（22.00*1）,日系照烧鸡披萨【7英寸(手拍)】,,,,非会员,12,,,依据餐量提供餐具,,22.00,12.00,0.00,0.00,0,0,0.00,0.00,,【活动支出】拼团反圈活动:0.00元,-,-,-,0.00,温州区域,温州加盟,,,否,-,平台配送
圣比萨（新城店）,SBS00003,温州,"8049696088941054315	",饿了么,平台外卖,已完成,2025-10-22 17:42:09,2025-10-22 17:42:09,2025-10-22 17:42:09,饿了么支付-在线支付,,即时单,2025-10-22 17:42:09,6.43,手动出餐,1,否,"个人意面or焗饭经典套餐[番茄培根意面+上校鸡块4个+柠檬茶]（42.00*1）,餐盒（2.00*1）",番茄培根意面+上校鸡块+柠檬茶,,,,非会员,13,,,依据餐量提供餐具,,42.00,19.16,17.10,0.00,0,0,1.79,0.00,3.50,【活动支出】单品特价:10.10元+【活动支出】超级会员专享红包:5.00元+【活动支出】 商家自营销加码:2.00元+【活动支出】替用户承担配送费:3.5元,-,-,-,2.00,温州区域,温州加盟,,,否,-,平台配送
圣比萨（新城店）,SBS00003,温州,"8084646088942809542	",饿了么,平台外卖,已完成,2025-10-22 17:47:11,2025-10-22 17:47:11,2025-10-22 17:47:12,饿了么支付-在线支付,,即时单,2025-10-22 17:47:11,6.70,手动出餐,1,否,"招牌肉酱意面（52.00*1）,奥尔良烤翅（14.00*1）,餐盒（3.00*1）",招牌肉酱意面+奥尔良烤翅,,,,非会员,14,,,1份餐具,,66.00,26.19,33.20,0.00,0,0,2.46,0.00,3.50,【活动支出】店铺满减:1.00元+【活动支出】单品特价:24.10元+【活动支出】单品特价:1.10元+【活动支出】饿了么红包:7.00元+【活动支出】替用户承担配送费:3.5元,-,-,-,3.00,温州区域,温州加盟,,,否,-,平台配送
圣比萨（新城店）,SBS00003,温州,"8082490254988987841	",饿了么,平台外卖,已完成,2025-10-22 17:52:19,2025-10-22 17:52:19,2025-10-22 17:52:19,饿了么支付-在线支付,,即时单,2025-10-22 17:52:19,7.03,手动出餐,1,否,"招牌肉酱芝士焗饭（52.00*1）,餐盒（1.00*1）",招牌肉酱芝士焗饭,,,,非会员,15,,,依据餐量提供餐具,,52.00,15.81,24.10,0.00,0,0,1.94,0.00,9.30,【活动支出】单品特价:24.10元+【活动支出】替用户承担配送费:6.0元,-,-,-,1.00,温州区域,温州加盟,,,否,-,平台配送
圣比萨（新城店）,SBS00003,温州,"8095440255083887098	",饿了么,平台外卖,已完成,2025-10-22 17:53:50,2025-10-22 17:53:50,2025-10-22 17:53:50,饿了么支付-在线支付,,即时单,2025-10-22 17:53:50,5.55,手动出餐,1,否,"招牌肉酱意面（52.00*1）,薯饼3个（12.00*1）,餐盒（1.00*1）",招牌肉酱意面+薯饼,,,,非会员,16,,,依据餐量提供餐具,,64.00,17.31,40.10,0.00,0,0,1.64,0.00,4.00,【活动支出】单品特价:24.10元+【活动支出】单品特价:9.00元+【活动支出】饿了么红包:7.00元+【活动支出】替用户承担配送费:4.0元,-,-,-,1.00,温州区域,温州加盟,,,否,-,平台配送
圣比萨（新城店）,SBS00003,温州,"8018616089010157990	",饿了么,平台外卖,已完成,2025-10-22 19:18:39,2025-10-22 19:18:39,2025-10-22 19:18:39,饿了么支付-在线支付,,即时单,2025-10-22 19:18:39,10.03,手动出餐,1,否,"点击右上角❤️收藏得小吃[墨鱼丸1个]（2.00*1）,焗饭随心配（53.80*1）,餐盒（2.50*1）",深海墨鱼丸1个+咖喱鸡肉芝士焗饭+盐酥鸡米花小份+蛋挞1个+上校鸡块2个,,,,非会员,17,,,对骑手：别打电话，放鞋架上 / 依据餐量提供餐具,,55.80,16.01,34.80,0.00,0,0,1.54,0.00,4.00,【活动支出】单品特价:1.90元+【活动支出】单品特价:25.90元+【活动支出】 商家自营销加码:2.00元+【活动支出】CPS商户叠加券:0.00元+【活动支出】饿了么红包:5.00元+【活动支出】替用户承担配送费:4.0元,-,-,-,2.50,温州区域,温州加盟,,,否,-,平台配送
圣比萨（新城店）,SBS00003,温州,"8039160255142118739	",饿了么,平台外卖,已完成,2025-10-22 20:01:54,2025-10-22 20:01:54,2025-10-22 20:01:55,饿了么支付-在线支付,,即时单,2025-10-22 20:01:54,10.18,自动出餐,1,否,"红薯薯泥流心卷边（7英寸）（4.90*1）,【香蕉菠萝】7英寸缤纷水果披萨（42.00*1）,餐盒（2.00*1）",红薯泥流心卷边7+缤纷水果披萨【7英寸(手拍)】,,,,非会员,18,,,1份餐具,,46.90,19.06,22.10,0.00,0,0,1.79,0.00,3.50,【活动支出】单品特价:16.10元+【活动支出】饿了么红包:6.00元+【活动支出】替用户承担配送费:3.5元,-,-,-,2.00,温州区域,温州加盟,,,否,-,平台配送
圣比萨（新城店）,SBS00003,温州,"8045430255272315242	",饿了么,平台外卖,已完成,2025-10-22 21:39:58,2025-10-22 21:39:58,2025-10-22 21:39:58,饿了么支付-在线支付,,即时单,2025-10-22 21:39:58,9.80,手动出餐,1,否,"圣比招牌披萨-7英寸(经典手拍)[{""name"":""规格"",""value"":""7英寸(经典手拍)""}]（45.00*1）,奶酪芝士卷边（7英寸）（4.90*1）,餐盒（2.00*1）",大圣招牌大满贯披萨+奶酪芝士卷边7,,,,非会员,19,,,依据餐量提供餐具,,49.90,21.66,21.10,0.00,0,0,2.09,0.00,5.60,【活动支出】店铺满减:1.00元+【活动支出】单品特价:13.10元+【活动支出】饿了么红包:7.00元+【活动支出】替用户承担配送费:5.6元,-,-,-,2.00,温州区域,温州加盟,,,否,-,平台配送
圣比萨（新城店）,SBS00003,温州,"8076756089098255816	",饿了么,平台外卖,已完成,2025-10-22 22:04:09,2025-10-22 22:04:09,2025-10-22 22:04:10,饿了么支付-在线支付,,即时单,2025-10-22 22:04:09,8.27,手动出餐,1,否,"点击右上角❤️收藏得小吃[墨鱼丸1个]（2.00*1）,7英寸奥尔良烤鸡肉披萨[7英奥尔良烤鸡肉披萨]（56.00*1）,餐盒（2.50*1）",深海墨鱼丸1个+新奥尔良烤鸡肉披萨【7英寸(手拍)】,,,,非会员,20,,,依据餐量提供餐具,,58.00,10.22,42.40,0.00,0,0,1.43,0.00,6.10,【活动支出】单品特价:1.90元+【活动支出】单品特价:33.50元+【活动支出】CPS商户叠加券:0.00元+【活动支出】饿了么红包:7.00元+【活动支出】淘金币:0.00元+【活动支出】替用户承担配送费:6.0元,-,-,-,2.50,温州区域,温州加盟,,,否,-,平台配送
圣比萨（新城店）,SBS00003,温州,"8011020255183663523	",饿了么,平台外卖,已完成,2025-10-22 22:41:07,2025-10-22 22:41:07,2025-10-22 22:41:07,饿了么支付-在线支付,,即时单,2025-10-22 22:41:07,6.92,手动出餐,1,否,"意面随心配（58.80*1）,餐盒（2.00*1）",薯饼2个+盐酥鸡米花小份+上校鸡块2个+招牌肉酱意面,,,,非会员,21,,,依据餐量提供餐具,,58.80,14.62,38.90,0.00,0,0,1.43,0.00,5.60,【活动支出】单品特价:31.90元+【活动支出】饿了么红包:7.00元+【活动支出】替用户承担配送费:5.6元,-,-,-,2.00,温州区域,温州加盟,,,否,-,平台配送
圣比萨（新城店）,SBS00003,温州,"8020836089062137138	",饿了么,平台外卖,已完成,2025-10-22 23:04:10,2025-10-22 23:04:10,2025-10-22 23:04:10,饿了么支付-在线支付,,即时单,2025-10-22 23:04:10,10.18,自动出餐,1,否,"深海墨鱼丸三个（10.00*1）,保温袋1个（远距离建议加购）（10.00*1）,奥尔良烤翅（14.00*1）,圣比招牌海苔肉松披萨-12英寸[{""name"":""规格"",""value"":""12英寸""}]（109.00*1）,餐盒（5.00*1）",深海墨鱼丸3个+保温袋+奥尔良烤翅+海苔肉松披萨,,,,非会员,22,,,依据餐量提供餐具,,143.00,45.31,85.80,0.00,0,0,4.44,0.00,7.70,【活动支出】店铺满减:6.00元+【活动支出】单品特价:4.10元+【活动支出】单品特价:9.50元+【活动支出】单品特价:1.10元+【活动支出】单品特价:53.10元+【活动支出】饿了么红包:12.00元+【活动支出】替用户承担配送费:6.0元,-,-,-,5.00,温州区域,温州加盟,,,否,-,平台配送
圣比萨（新城店）,SBS00003,温州,"8039886089087863061	",饿了么,平台外卖,已退款,2025-10-22 23:09:12,2025-10-22 23:09:12,2025-10-22 23:09:12,饿了么支付-在线支付,,即时单,2025-10-22 23:09:12,10.10,自动出餐,1,否,"点击右上角❤️收藏得小吃[墨鱼丸1个]（2.00*1）,黑椒牛肉芝士焗饭（52.00*1）,餐盒（1.50*1）",深海墨鱼丸1个+黑椒牛肉芝士焗饭,,,,非会员,23,,,对骑手放门口 / 依据餐量提供餐具,订单强制无效（商家主动取消已接订单、用户1分钟内取消),54.00,0.59,33.00,14.60,0,0,1.46,0.00,6.10,【活动支出】单品特价:1.90元+【活动支出】单品特价:24.10元+【活动支出】 商家自营销加码:2.00元+【活动支出】饿了么红包:5.00元+【活动支出】替用户承担配送费:6.0元,-,-,-,1.50,温州区域,温州加盟,,,否,-,平台配送
圣比萨（新城店）,SBS00003,温州,"8081220255297123605	",饿了么,平台外卖,已完成,2025-10-22 23:43:38,2025-10-22 23:43:38,2025-10-22 23:43:39,饿了么支付-在线支付,,即时单,2025-10-22 23:43:38,10.05,自动出餐,1,否,"牛肉蘑菇披萨-7英寸(经典手拍)[{""name"":""规格"",""value"":""7英寸(经典手拍)""}]（45.00*1）,餐盒（2.00*1）",炙热牛魔王披萨,,,,非会员,24,,,依据餐量提供餐具,,45.00,22.68,15.10,0.00,0,0,2.17,0.00,6.10,【活动支出】单品特价:15.10元+【活动支出】替用户承担配送费:6.0元,-,-,-,2.00,温州区域,温州加盟,,,否,-,平台配送
圣比萨（玉环沙门店）,SBM00034,台州,"8080996088731823558	",饿了么,平台外卖,已完成,2025-10-22 10:08:27,2025-10-22 10:08:27,2025-10-22 10:08:27,饿了么支付-在线支付,,预约单,2025-10-22 11:10:00,16.65,自动出餐,1,否,"新奥尔良烤鸡肉披萨-7英寸(手拍)[{""name"":""规格"",""value"":""7英寸(手拍)""}]（23.90*1）,餐盒（2.00*1）",新奥尔良烤鸡肉披萨,,,,非会员,1,,,依据餐量提供餐具,,23.90,12.70,7.00,0.00,0,0,1.20,0.00,2.30,【活动支出】饿了么红包:7.00元+【活动支出】替用户承担配送费:2.3元,-,-,-,2.00,台州区域,台州加盟,,,否,-,平台配送
圣比萨（玉环沙门店）,SBM00034,台州,"8097370254859020795	",饿了么,平台外卖,已完成,2025-10-22 10:27:20,2025-10-22 10:27:20,2025-10-22 10:27:20,饿了么支付-在线支付,,即时单,2025-10-22 10:27:20,10.20,自动出餐,1,否,番茄牛肉意面-单点（19.79*1）,番茄牛肉意面,,,,非会员,2,,,放保安室就行 / 依据餐量提供餐具,,19.79,12.59,0.00,0.00,0,0,0.00,0.00,,【活动支出】拼团反圈活动:0.00元,-,-,-,0.00,台州区域,台州加盟,,,否,-,平台配送
圣比萨（玉环沙门店）,SBM00034,台州,"8077250254848477659	",饿了么,平台外卖,已完成,2025-10-22 10:35:00,2025-10-22 10:35:00,2025-10-22 10:35:01,饿了么支付-在线支付,,即时单,2025-10-22 10:35:00,10.00,自动出餐,1,否,"咖喱鸡肉芝士焗饭（25.90*1）,餐盒（2.00*1）",咖喱鸡肉芝士焗饭,,,,非会员,3,,,依据餐量提供餐具,,25.90,13.41,7.00,0.00,0,0,1.29,0.00,3.80,【活动支出】饿了么红包:7.00元+【活动支出】替用户承担配送费:3.8元,-,-,-,2.00,台州区域,台州加盟,,,否,-,平台配送
圣比萨（玉环沙门店）,SBM00034,台州,"8074966088773544230	",饿了么,平台外卖,已完成,2025-10-22 11:21:34,2025-10-22 11:21:34,2025-10-22 11:21:34,饿了么支付-在线支付,,即时单,2025-10-22 11:21:34,12.02,自动出餐,1,否,"新奥尔良烤鸡肉披萨-7英寸(手拍)[{""name"":""规格"",""value"":""7英寸(手拍)""}]（23.90*1）,餐盒（2.00*1）",新奥尔良烤鸡肉披萨,,,,非会员,4,,,1份餐具,,23.90,12.24,7.00,0.00,0,0,1.16,0.00,2.80,【活动支出】饿了么红包:7.00元+【活动支出】替用户承担配送费:2.8元,-,-,-,2.00,台州区域,台州加盟,,,否,-,平台配送
圣比萨（玉环沙门店）,SBM00034,台州,"8069220254983632265	",饿了么,平台外卖,已完成,2025-10-22 13:16:01,2025-10-22 13:16:01,2025-10-22 13:16:01,饿了么支付-在线支付,,即时单,2025-10-22 13:16:01,12.20,自动出餐,1,否,"咸蛋黄风味流沙卷边（7英寸）（4.90*1）,奥尔良烤翅（9.90*1）,新奥尔良烤鸡肉披萨-7英寸(手拍)[{""name"":""规格"",""value"":""7英寸(手拍)""}]（23.90*1）,餐盒（2.50*1）",咸蛋黄流沙卷边7+奥尔良烤翅+新奥尔良烤鸡肉披萨,,,,非会员,5,,,依据餐量提供餐具,,38.70,22.92,10.00,0.00,0,0,2.08,0.00,2.30,【活动支出】店铺满减:1.00元+【活动支出】饿了么红包:9.00元+【活动支出】替用户承担配送费:2.3元,-,-,-,2.50,台州区域,台州加盟,,,否,-,平台配送
圣比萨（玉环沙门店）,SBM00034,台州,"8064130255015397825	",饿了么,平台外卖,已完成,2025-10-22 14:51:37,2025-10-22 14:51:37,2025-10-22 14:51:37,饿了么支付-在线支付,,即时单,2025-10-22 14:51:37,10.17,自动出餐,1,否,番茄牛肉意面-单点（19.79*1）,番茄牛肉意面,,,,非会员,6,,,依据餐量提供餐具,,19.79,12.59,0.00,0.00,0,0,0.00,0.00,,【活动支出】拼团反圈活动:0.00元,-,-,-,0.00,台州区域,台州加盟,,,否,-,平台配送
圣比萨（玉环沙门店）,SBM00034,台州,"8073836088900985109	",饿了么,平台外卖,已完成,2025-10-22 16:18:53,2025-10-22 16:18:53,2025-10-22 16:18:53,饿了么支付-在线支付,,即时单,2025-10-22 16:18:53,10.13,自动出餐,1,否,"新奥尔良烤鸡肉披萨-7英寸(手拍)[{""name"":""规格"",""value"":""7英寸(手拍)""}]（23.90*1）,奶酪芝士卷边（7英寸）（4.90*1）,餐盒（2.00*1）",新奥尔良烤鸡肉披萨+奶酪芝士卷边7,,,,非会员,7,,,依据餐量提供餐具,,28.80,16.19,7.00,0.00,0,0,1.51,0.00,2.80,【活动支出】饿了么红包:7.00元+【活动支出】替用户承担配送费:2.8元,-,-,-,2.00,台州区域,台州加盟,,,否,-,平台配送
圣比萨（玉环沙门店）,SBM00034,台州,"8028410255046880620	",饿了么,平台外卖,已完成,2025-10-22 16:25:07,2025-10-22 16:25:07,2025-10-22 16:25:07,饿了么支付-在线支付,,即时单,2025-10-22 16:25:07,10.13,自动出餐,1,否,"碳烤鸡肉培根披萨-9英寸(手拍)[{""name"":""规格"",""value"":""9英寸(手拍)""}]（39.90*1）,餐盒（2.00*1）",碳烤鸡肉培根披萨,,,,非会员,8,,,依据餐量提供餐具,,39.90,24.82,8.00,0.00,0,0,2.28,0.00,2.30,【活动支出】店铺满减:1.00元+【活动支出】饿了么红包:7.00元+【活动支出】替用户承担配送费:2.3元,-,-,-,2.00,台州区域,台州加盟,,,否,-,平台配送
圣比萨（玉环沙门店）,SBM00034,台州,"8058040254959943983	",饿了么,平台外卖,已完成,2025-10-22 16:57:58,2025-10-22 16:57:58,2025-10-22 16:57:58,饿了么支付-在线支付,,即时单,2025-10-22 16:57:58,10.13,自动出餐,1,否,"【随心❤️拼】7英寸双拼披萨（口味自选）[新奥尔良烤鸡肉+玉米沙拉]（26.90*1）,奶酪芝士卷边（7英寸）（4.90*1）,餐盒（2.00*1）",双拼7寸【奥尔良口味7】+双拼7寸【玉米沙拉口味7】+奶酪芝士卷边7,,,,非会员,9,,,依据餐量提供餐具,用户申请取消单 点错了，我想重新点，,31.80,20.47,4.00,0.00,0,0,1.93,0.00,3.30,【活动支出】饿了么红包:4.00元+【活动支出】替用户承担配送费:3.3元,-,-,-,2.00,台州区域,台州加盟,,,否,-,平台配送
圣比萨（玉环沙门店）,SBM00034,台州,"8057626088948179377	",饿了么,平台外卖,已完成,2025-10-22 17:50:37,2025-10-22 17:50:37,2025-10-22 17:50:38,饿了么支付-在线支付,,即时单,2025-10-22 17:50:37,12.00,自动出餐,1,否,番茄牛肉意面-单点（19.79*1）,番茄牛肉意面,,,,非会员,10,,,依据餐量提供餐具,,19.79,12.59,0.00,0.00,0,0,0.00,0.00,,【活动支出】拼团反圈活动:0.00元,-,-,-,0.00,台州区域,台州加盟,,,否,-,平台配送
圣比萨（玉环沙门店）,SBM00034,台州,"8059996089013285273	",饿了么,平台外卖,已完成,2025-10-22 18:56:29,2025-10-22 18:56:29,2025-10-22 18:56:30,饿了么支付-在线支付,,即时单,2025-10-22 18:56:29,12.22,自动出餐,1,否,番茄牛肉意面-单点（19.79*1）,番茄牛肉意面,,,,非会员,11,,,依据餐量提供餐具,,19.79,12.59,0.00,0.00,0,0,0.00,0.00,,【活动支出】拼团反圈活动:0.00元,-,-,-,0.00,台州区域,台州加盟,,,否,-,平台配送
圣比萨（玉环沙门店）,SBM00034,台州,"8049586089023668629	",饿了么,平台外卖,已完成,2025-10-22 19:12:00,2025-10-22 19:12:00,2025-10-22 19:12:00,饿了么支付-在线支付,,即时单,2025-10-22 19:12:00,12.18,自动出餐,1,否,"缤纷水果披萨-7英寸(手拍)[{""name"":""规格"",""value"":""7英寸(手拍)""}]（25.90*1）,奶酪芝士卷边（7英寸）（4.90*1）,蛋挞一个（原味）（3.90*1）,餐盒（2.50*1）",缤纷水果披萨+奶酪芝士卷边7+蛋挞1个,,,,非会员,12,,,1份餐具,,34.70,19.43,6.91,0.00,0,0,1.96,0.00,4.40,【活动支出】单品特价:2.91元+【活动支出】饿了么红包:4.00元+【活动支出】替用户承担配送费:4.4元,-,-,-,2.50,台州区域,台州加盟,,,否,-,平台配送
圣比萨（玉环沙门店）,SBM00034,台州,"8080736089061332306	",饿了么,平台外卖,已完成,2025-10-22 21:11:40,2025-10-22 21:11:40,2025-10-22 21:11:40,饿了么支付-在线支付,,即时单,2025-10-22 21:11:40,10.10,自动出餐,1,否,"经典薯条（8.90*1）,新奥尔良烤鸡肉披萨-7英寸(手拍)[{""name"":""规格"",""value"":""7英寸(手拍)""}]（23.90*1）,奶酪芝士卷边（7英寸）（4.90*1）,餐盒（2.50*1）",经典薯条+新奥尔良烤鸡肉披萨+奶酪芝士卷边7,,,,非会员,13,,,依据餐量提供餐具,,37.70,23.95,6.00,0.00,0,0,2.25,0.00,3.80,【活动支出】店铺满减:1.00元+【活动支出】吃货豆兑换的商家券:5.00元+【活动支出】替用户承担配送费:3.8元,-,-,-,2.50,台州区域,台州加盟,,,否,-,平台配送
圣比萨（春晖店）,SBS00004,温州,"8081836088679562736	",饿了么,平台外卖,已完成,2025-10-21 20:50:51,2025-10-21 20:50:51,2025-10-21 20:50:51,饿了么支付-在线支付,,预约单,2025-10-22 20:30:00,1374.32,自动出餐,1,否,"奥尔良烤翅（14.00*1）,7件套随心拼套餐（49.90*1）,餐盒（4.00*1）",奥尔良烤翅+碳烤鸡肉培根披萨(7英寸(手拍))+金沙咸蛋黄嫩鸡披萨(7英寸(手拍))+地道肠1根+地道肠1根+上校鸡块2个+港式奶茶+芒果汁,,,,非会员,1,,,1份餐具,,63.90,35.16,21.10,0.00,0,0,3.29,0.00,3.50,【活动支出】店铺满减:6.00元+【活动支出】单品特价:1.10元+【活动支出】粉丝群:2.00元+【活动支出】饿了么红包:12.00元+【活动支出】替用户承担配送费:3.5元,-,-,-,4.00,温州区域,温州直营,,,否,-,平台配送
圣比萨（春晖店）,SBS00004,温州,"8082070254767732183	",饿了么,平台外卖,已完成,2025-10-22 10:42:49,2025-10-22 10:42:49,2025-10-22 10:42:49,饿了么支付-在线支付,,即时单,2025-10-22 10:42:49,10.20,自动出餐,1,否,盒子披萨三选一[热带雨林水果]（29.00*1）,热带雨林水果一人食盒子披萨,,,,非会员,2,,,依据餐量提供餐具,,29.00,7.12,15.10,0.00,0,0,1.43,0.00,3.50,【活动支出】单品特价:8.10元+【活动支出】 商家自营销加码:2.00元+【活动支出】饿了么红包:5.00元+【活动支出】替用户承担配送费:3.5元,-,-,-,0.00,温州区域,温州直营,,,否,-,平台配送
圣比萨（春晖店）,SBS00004,温州,"8025706088775922040	",饿了么,平台外卖,已完成,2025-10-22 10:58:12,2025-10-22 10:58:12,2025-10-22 10:58:12,饿了么支付-在线支付,,即时单,2025-10-22 10:58:12,10.17,自动出餐,1,否,"【真榴莲果肉】9英寸榴莲王披萨（92.00*1）,餐盒（2.00*1）",榴莲王披萨9英寸,,,,非会员,3,,,2份餐具,,92.00,28.46,55.10,0.00,0,0,2.69,0.00,3.50,【活动支出】店铺满减:1.00元+【活动支出】单品特价:46.10元+【活动支出】饿了么红包:8.00元+【活动支出】替用户承担配送费:3.5元,-,-,-,2.00,温州区域,温州直营,,,否,-,平台配送
圣比萨（春晖店）,SBS00004,温州,"8093310254796595479	",饿了么,平台外卖,已完成,2025-10-22 11:04:43,2025-10-22 11:04:43,2025-10-22 11:04:43,饿了么支付-在线支付,,即时单,2025-10-22 11:04:43,12.10,自动出餐,1,否,"【香蕉菠萝】7英寸缤纷水果披萨（42.00*1）,餐盒（2.00*1）",缤纷水果披萨【7英寸(手拍)】,,,,非会员,4,,,依据餐量提供餐具,,42.00,13.22,23.10,0.00,0,0,1.43,0.00,4.50,【活动支出】单品特价:16.10元+【活动支出】饿了么红包:7.00元+【活动支出】替用户承担配送费:4.5元,-,-,-,2.00,温州区域,温州直营,,,否,-,平台配送
圣比萨（春晖店）,SBS00004,温州,"8060516088748567858	",饿了么,平台外卖,已完成,2025-10-22 11:05:38,2025-10-22 11:05:38,2025-10-22 11:05:39,饿了么支付-在线支付,,即时单,2025-10-22 11:05:38,12.05,自动出餐,1,否,"奶酪芝士卷边（12英寸）（8.90*1）,美式香骨鸡（8.90*1）,圣比招牌披萨-12英寸(经典手拍)[{""name"":""规格"",""value"":""12英寸(经典手拍)""}]（109.00*1）,餐盒（3.00*1）",奶酪芝士卷边+美式香骨鸡+大圣招牌大满贯披萨,,,,非会员,5,,,无需餐具,,126.80,51.17,63.10,0.00,0,0,4.78,0.00,3.50,【活动支出】店铺满减:6.00元+【活动支出】单品特价:45.10元+【活动支出】饿了么红包:12.00元+【活动支出】替用户承担配送费:3.5元,-,-,-,3.00,温州区域,温州直营,,,否,-,平台配送
圣比萨（春晖店）,SBS00004,温州,"8083070254905632187	",饿了么,平台外卖,已完成,2025-10-22 11:09:47,2025-10-22 11:09:47,2025-10-22 11:09:47,饿了么支付-在线支付,,即时单,2025-10-22 11:09:47,12.17,自动出餐,1,否,"任选披萨8选1+小吃5选1+饮料[奥尔良鸡肉披萨7英寸+地道肠1根+柠檬茶]（65.00*1）,餐盒（2.00*1）",新奥尔良烤鸡肉披萨【7英寸(手拍)】+地道肠【1根】+柠檬茶,,,,非会员,6,,,依据餐量提供餐具,,65.00,19.16,40.10,0.00,0,0,1.79,0.00,3.50,【活动支出】单品特价:33.10元+【活动支出】饿了么红包:7.00元+【活动支出】替用户承担配送费:3.5元,-,-,-,2.00,温州区域,温州直营,,,否,-,平台配送
圣比萨（春晖店）,SBS00004,温州,"8079966088809303438	",饿了么,平台外卖,已完成,2025-10-22 11:48:20,2025-10-22 11:48:20,2025-10-22 11:48:21,饿了么支付-在线支付,,即时单,2025-10-22 11:48:20,12.07,自动出餐,1,否,"奶酪芝士卷边（7英寸）（4.90*1）,任选披萨8选1+小吃5选1+饮料[缤纷水果披萨7英寸+上校鸡块4个+柠檬茶]（65.00*1）,餐盒（2.00*1）",奶酪芝士卷边7+缤纷水果披萨【7英寸(手拍)】+上校鸡块+柠檬茶,,,,非会员,7,,,依据餐量提供餐具,,69.90,21.24,42.10,0.00,0,0,2.01,0.00,3.50,【活动支出】店铺满减:1.00元+【活动支出】单品特价:33.10元+【活动支出】饿了么红包:8.00元+【活动支出】替用户承担配送费:3.5元,-,-,-,2.00,温州区域,温州直营,,,否,-,平台配送
圣比萨（春晖店）,SBS00004,温州,"8046140254923274649	",饿了么,平台外卖,已完成,2025-10-22 11:49:11,2025-10-22 11:49:11,2025-10-22 11:49:11,饿了么支付-在线支付,,即时单,2025-10-22 11:49:11,12.13,自动出餐,1,否,"披萨随心配（60.40*1）,餐盒（2.00*1）",缤纷水果披萨(7英寸(手拍))+盐酥鸡米花小份+蛋挞1个+上校鸡块2个,,,,非会员,8,,,依据餐量提供餐具,,60.40,17.31,37.50,0.00,0,0,1.64,0.00,3.50,【活动支出】单品特价:30.50元+【活动支出】饿了么红包:7.00元+【活动支出】替用户承担配送费:3.5元,-,-,-,2.00,温州区域,温州直营,,,否,-,平台配送
圣比萨（春晖店）,SBS00004,温州,"8084350254841671053	",饿了么,平台外卖,已完成,2025-10-22 11:54:24,2025-10-22 11:54:24,2025-10-22 11:54:24,饿了么支付-在线支付,,即时单,2025-10-22 11:54:24,12.22,自动出餐,1,否,"披萨随心配（60.40*1）,餐盒（2.00*1）",玉米沙拉披萨(7英寸(手拍))+地道肠1根+盐酥鸡米花小份+上校鸡块2个,,,,非会员,9,,,依据餐量提供餐具,,60.40,17.31,37.50,0.00,0,0,1.64,0.00,3.50,【活动支出】单品特价:30.50元+【活动支出】饿了么红包:7.00元+【活动支出】替用户承担配送费:3.5元,-,-,-,2.00,温州区域,温州直营,,,否,-,平台配送
圣比萨（春晖店）,SBS00004,温州,"8088916088905869574	",饿了么,平台外卖,已完成,2025-10-22 13:34:48,2025-10-22 13:34:48,2025-10-22 13:34:48,饿了么支付-在线支付,,即时单,2025-10-22 13:34:48,10.17,自动出餐,1,否,"海苔肉松披萨-7英寸[{""name"":""规格"",""value"":""7英寸""}]（45.00*1）,餐盒（1.00*1）",海苔肉松披萨,,,,非会员,10,,,依据餐量提供餐具,,45.00,16.06,23.10,0.00,0,0,1.49,0.00,3.50,【活动支出】单品特价:16.10元+【活动支出】 商家自营销加码:2.00元+【活动支出】饿了么红包:5.00元+【活动支出】替用户承担配送费:3.5元,-,-,-,1.00,温州区域,温州直营,,,否,-,平台配送
圣比萨（春晖店）,SBS00004,温州,"8047976088882585874	",饿了么,平台外卖,已完成,2025-10-22 13:41:15,2025-10-22 13:41:15,2025-10-22 13:41:15,饿了么支付-在线支付,,即时单,2025-10-22 13:41:15,10.17,自动出餐,1,否,"披萨随心配（60.40*1）,餐盒（2.00*1）",碳烤鸡肉培根披萨(7英寸(手拍))+盐酥鸡米花小份+深海墨鱼丸2个+上校鸡块2个,,,,非会员,11,,,依据餐量提供餐具,,60.40,17.31,37.50,0.00,0,0,1.64,0.00,3.50,【活动支出】单品特价:30.50元+【活动支出】 商家自营销加码:2.00元+【活动支出】饿了么红包:5.00元+【活动支出】替用户承担配送费:3.5元,-,-,-,2.00,温州区域,温州直营,,,否,-,平台配送
圣比萨（春晖店）,SBS00004,温州,"8022606088873282878	",饿了么,平台外卖,已完成,2025-10-22 13:47:22,2025-10-22 13:47:22,2025-10-22 13:47:22,饿了么支付-在线支付,,即时单,2025-10-22 13:47:22,10.05,自动出餐,1,否,"单人吃鸡套餐[奥尔良鸡肉披萨7英寸+上校鸡块4个+柠檬茶]（54.00*1）,餐盒（0.00*1）",新奥尔良烤鸡肉披萨【7英寸(手拍)】+上校鸡块+柠檬茶,,,,非会员,12,,,依据餐量提供餐具【到店自取，取餐码12】,,54.00,12.79,40.10,0.00,0,0,1.11,0.00,,【活动支出】单品特价:40.10元,-,-,-,0.00,温州区域,温州直营,,,否,-,平台配送
圣比萨（春晖店）,SBS00004,温州,"8062330255000214942	",饿了么,平台外卖,已完成,2025-10-22 13:49:00,2025-10-22 13:49:00,2025-10-22 13:49:00,饿了么支付-在线支付,,即时单,2025-10-22 13:49:00,10.07,自动出餐,1,否,"意面随心配（58.00*1）,餐盒（2.00*1）",招牌肉酱意面+地道肠1根+盐酥鸡米花小份+蛋挞1个,,,,非会员,13,,,依据餐量提供餐具,,58.00,15.12,38.10,0.00,0,0,1.43,0.00,4.00,【活动支出】单品特价:31.10元+【活动支出】饿了么红包:7.00元+【活动支出】替用户承担配送费:4.0元,-,-,-,2.00,温州区域,温州直营,,,否,-,平台配送
圣比萨（春晖店）,SBS00004,温州,"8000996088866642236	",饿了么,平台外卖,已完成,2025-10-22 14:33:46,2025-10-22 14:33:46,2025-10-22 14:33:47,饿了么支付-在线支付,,即时单,2025-10-22 14:33:46,10.13,自动出餐,1,否,手握三选一-单点[缤纷水果]（20.00*1）,热带雨林水果一人食盒子披萨,,,,非会员,14,,,到店自取 / 1份餐具,,20.00,10.00,0.00,0.00,0,0,0.00,0.00,,【活动支出】爆品团通吃券:0.00元,-,-,-,0.00,温州区域,温州直营,,,否,-,平台配送
圣比萨（春晖店）,SBS00004,温州,"8017996088930480503	",饿了么,平台外卖,已完成,2025-10-22 15:09:51,2025-10-22 15:09:51,2025-10-22 15:09:51,饿了么支付-在线支付,,即时单,2025-10-22 15:09:51,10.02,自动出餐,1,否,"任选披萨8选1+小吃5选1+饮料[缤纷水果披萨7英寸+上校鸡块4个+小可乐]（65.00*1）,餐盒（2.00*1）",缤纷水果披萨【7英寸(手拍)】+上校鸡块+小可乐,,,,非会员,15,,,依据餐量提供餐具,,65.00,19.16,40.10,0.00,0,0,1.79,0.00,3.50,【活动支出】单品特价:33.10元+【活动支出】 商家自营销加码:2.00元+【活动支出】饿了么红包:5.00元+【活动支出】替用户承担配送费:3.5元,-,-,-,2.00,温州区域,温州直营,,,否,-,平台配送
圣比萨（春晖店）,SBS00004,温州,"8091666088945588563	",饿了么,平台外卖,已完成,2025-10-22 15:52:34,2025-10-22 15:52:34,2025-10-22 15:52:35,饿了么支付-在线支付,,即时单,2025-10-22 15:52:34,10.23,自动出餐,1,否,"【甜而不腻】玉米沙拉披萨[7英寸玉米沙拉披萨]（42.00*1）,餐盒（2.00*1）",玉米沙拉披萨【7英寸(手拍)】,,,,非会员,16,,,依据餐量提供餐具,,42.00,7.02,30.20,0.00,0,0,1.43,0.00,3.50,【活动支出】单品特价:23.20元+【活动支出】 商家自营销加码:2.00元+【活动支出】饿了么红包:5.00元+【活动支出】替用户承担配送费:3.5元,-,-,-,2.00,温州区域,温州直营,,,否,-,平台配送
圣比萨（春晖店）,SBS00004,温州,"8018430255036251618	",饿了么,平台外卖,已完成,2025-10-22 16:36:59,2025-10-22 16:36:59,2025-10-22 16:36:59,饿了么支付-在线支付,,预约单,2025-10-22 17:15:00,3.20,自动出餐,1,否,"奶酪芝士卷边（7英寸）（4.90*1）,奶酪芝士卷边（7英寸）（4.90*1）,7英寸披萨买一送一[奥尔良鸡肉披萨7英寸+碳烤鸡肉培根7英寸]（86.80*1）,【粉丝福利】蛋挞一个（原味）（10.00*1）,点击右上角❤️收藏得小吃[上校鸡块2个]（2.00*1）,餐盒（3.50*1）",奶酪芝士卷边7+奶酪芝士卷边7+新奥尔良烤鸡肉披萨【7英寸(手拍)】+碳烤鸡肉培根披萨【7英寸(手拍)】+蛋挞1个+上校鸡块2个,,,,非会员,17,,,依据餐量提供餐具,,108.60,31.92,68.81,0.00,0,0,3.02,0.00,3.50,【活动支出】店铺满减:6.00元+【活动支出】单品特价:39.90元+【活动支出】单品特价:9.01元+【活动支出】单品特价:1.90元+【活动支出】饿了么红包:12.00元+【活动支出】替用户承担配送费:3.5元,-,-,-,3.50,温州区域,温州直营,,,否,-,平台配送
圣比萨（春晖店）,SBS00004,温州,"8099626088921925039	",饿了么,平台外卖,已完成,2025-10-22 17:02:41,2025-10-22 17:02:41,2025-10-22 17:02:41,饿了么支付-在线支付,,即时单,2025-10-22 17:02:41,10.08,自动出餐,1,否,"经典双人披萨套餐[缤纷水果披萨9英寸+明星小食桶A+芒果汁+芒果汁]（108.00*1）,餐盒（2.00*1）",缤纷水果披萨【9英寸(手拍)】+明星小食桶A+芒果汁+芒果汁,,,,非会员,18,,,依据餐量提供餐具,,108.00,38.36,59.10,0.00,0,0,3.59,0.00,3.50,【活动支出】店铺满减:1.00元+【活动支出】单品特价:46.10元+【活动支出】饿了么红包:12.00元+【活动支出】替用户承担配送费:3.5元,-,-,-,2.00,温州区域,温州直营,,,否,-,平台配送
圣比萨（春晖店）,SBS00004,温州,"8081340255148179952	",饿了么,平台外卖,已完成,2025-10-22 17:04:54,2025-10-22 17:04:54,2025-10-22 17:04:54,饿了么支付-在线支付,,即时单,2025-10-22 17:04:54,10.05,自动出餐,1,否,"【买一送一】买披萨送披萨[奥尔良鸡肉披萨7英寸+缤纷水果披萨7英寸]（86.80*1）,【粉丝福利】蛋挞一个（原味）（10.00*1）,点击右上角❤️收藏得小吃[上校鸡块2个]（2.00*1）,餐盒（1.50*1）",新奥尔良烤鸡肉披萨【7英寸(手拍)】+缤纷水果披萨【7英寸(手拍)】+蛋挞1个+上校鸡块2个,,,,非会员,19,,,依据餐量提供餐具,,98.80,24.98,65.81,0.00,0,0,2.36,0.00,3.50,【活动支出】单品特价:54.90元+【活动支出】单品特价:9.01元+【活动支出】单品特价:1.90元+【活动支出】替用户承担配送费:3.5元,-,-,-,1.50,温州区域,温州直营,,,否,-,平台配送
圣比萨（春晖店）,SBS00004,温州,"8052676088950523220	",饿了么,平台外卖,已完成,2025-10-22 17:07:46,2025-10-22 17:07:46,2025-10-22 17:07:46,饿了么支付-在线支付,,即时单,2025-10-22 17:07:46,10.05,自动出餐,1,否,"任选意面4选1+小吃5选1+饮料[番茄牛肉意面+地道肠1根+港式奶茶]（57.00*1）,餐盒（2.00*1）",番茄牛肉意面+地道肠1根+港式奶茶,,,,非会员,20,,,奶茶要热的 / 依据餐量提供餐具,,57.00,18.26,32.10,0.00,0,0,1.79,0.00,4.50,【活动支出】单品特价:25.10元+【活动支出】饿了么红包:7.00元+【活动支出】替用户承担配送费:4.5元,-,-,-,2.00,温州区域,温州直营,,,否,-,平台配送
圣比萨（春晖店）,SBS00004,温州,"8040290255148830003	",饿了么,平台外卖,已完成,2025-10-22 17:11:59,2025-10-22 17:11:59,2025-10-22 17:12:00,饿了么支付-在线支付,,即时单,2025-10-22 17:11:59,10.13,自动出餐,1,否,"披萨随心配（60.40*1）,餐盒（2.00*1）",新奥尔良烤鸡肉披萨(7英寸(手拍))+地道肠1根+盐酥鸡米花小份+深海墨鱼丸2个,,,,非会员,21,,,依据餐量提供餐具,,60.40,17.31,37.50,0.00,0,0,1.64,0.00,3.50,【活动支出】单品特价:30.50元+【活动支出】 商家自营销加码:2.00元+【活动支出】饿了么红包:5.00元+【活动支出】替用户承担配送费:3.5元,-,-,-,2.00,温州区域,温州直营,,,否,-,平台配送
圣比萨（春晖店）,SBS00004,温州,"8052370254966246911	",饿了么,平台外卖,已完成,2025-10-22 17:17:44,2025-10-22 17:17:44,2025-10-22 17:17:44,饿了么支付-在线支付,,即时单,2025-10-22 17:17:44,10.18,自动出餐,1,否,"缤纷水果披萨-7英寸(手拍)[{""name"":""规格"",""value"":""7英寸(手拍)""}]（42.00*1）,餐盒（1.00*1）",缤纷水果披萨,,,,非会员,22,,,1份餐具,,42.00,13.12,23.10,0.00,0,0,1.43,0.00,3.50,【活动支出】单品特价:16.10元+【活动支出】 商家自营销加码:2.00元+【活动支出】饿了么红包:5.00元+【活动支出】替用户承担配送费:3.5元,-,-,-,1.00,温州区域,温州直营,,,否,-,平台配送
圣比萨（春晖店）,SBS00004,温州,"8005450255156685276	",饿了么,平台外卖,已完成,2025-10-22 17:19:23,2025-10-22 17:19:23,2025-10-22 17:19:23,饿了么支付-在线支付,,即时单,2025-10-22 17:19:23,10.15,自动出餐,1,否,"披萨随心配（65.30*1）,餐盒（2.00*1）",玉米沙拉披萨(7英寸(手拍))+盐酥鸡米花小份+蛋挞1个+上校鸡块2个,,,,非会员,23,,,番茄酱，甜辣酱 / 依据餐量提供餐具,,65.30,21.24,37.50,0.00,0,0,2.01,0.00,3.50,【活动支出】单品特价:30.50元+【活动支出】饿了么红包:7.00元+【活动支出】替用户承担配送费:3.5元,-,-,-,2.00,温州区域,温州直营,,,否,-,平台配送
圣比萨（春晖店）,SBS00004,温州,"8008746088967119211	",饿了么,平台外卖,已完成,2025-10-22 17:38:03,2025-10-22 17:38:03,2025-10-22 17:38:03,饿了么支付-在线支付,,即时单,2025-10-22 17:38:03,12.22,自动出餐,1,否,"任选披萨8选1+小吃5选1+饮料[奥尔良鸡肉披萨7英寸+上校鸡块4个+不要饮料换鱼丸2个]（65.00*1）,【随心拼】7英寸披萨(口味自选）[浪漫威尼斯+花果山（新品水果）]（54.00*1）,餐盒（4.00*1）",新奥尔良烤鸡肉披萨【7英寸(手拍)】+上校鸡块+双拼7寸【浪漫威尼斯口味7】+双拼7寸【花果山口味7】,,,,非会员,24,,,依据餐量提供餐具,,119.00,36.09,75.20,0.00,0,0,3.36,0.00,3.50,【活动支出】店铺满减:6.00元+【活动支出】单品特价:33.10元+【活动支出】单品特价:28.10元+【活动支出】 商家自营销加码:0.00元+【活动支出】饿了么红包:8.00元+【活动支出】替用户承担配送费:3.5元,-,-,-,4.00,温州区域,温州直营,,,否,-,平台配送
圣比萨（春晖店）,SBS00004,温州,"8075556088967886290	",饿了么,平台外卖,已完成,2025-10-22 17:40:58,2025-10-22 17:40:58,2025-10-22 17:40:58,饿了么支付-在线支付,,即时单,2025-10-22 17:40:58,12.20,自动出餐,1,否,"圣比招牌披萨-7英寸(经典手拍)[{""name"":""规格"",""value"":""7英寸(经典手拍)""}]（45.00*1）,奥尔良烤翅（14.00*1）,餐盒（4.00*1）",大圣招牌大满贯披萨+奥尔良烤翅,,,,非会员,25,,,2份餐具,,59.00,24.36,24.20,4.00,0,0,2.69,0.00,7.50,【活动支出】店铺满减:1.00元+【活动支出】单品特价:13.10元+【活动支出】单品特价:1.10元+【活动支出】饿了么红包:9.00元+【活动支出】替用户承担配送费:3.5元,-,-,-,4.00,温州区域,温州直营,,,否,-,平台配送
圣比萨（春晖店）,SBS00004,温州,"8024400255173770496	",饿了么,平台外卖,已完成,2025-10-22 17:45:29,2025-10-22 17:45:29,2025-10-22 17:45:29,饿了么支付-在线支付,,即时单,2025-10-22 17:45:29,12.17,自动出餐,1,否,"任选意面4选1+小吃5选1+饮料[番茄牛肉意面+深海墨鱼丸3个+港式奶茶]（57.00*1）,餐盒（2.00*1）",番茄牛肉意面+深海墨鱼丸3个+港式奶茶,,,,非会员,26,,,依据餐量提供餐具,,57.00,19.16,32.10,0.00,0,0,1.79,0.00,3.50,【活动支出】单品特价:25.10元+【活动支出】 商家自营销加码:2.00元+【活动支出】饿了么红包:5.00元+【活动支出】替用户承担配送费:3.5元,-,-,-,2.00,温州区域,温州直营,,,否,-,平台配送
圣比萨（春晖店）,SBS00004,温州,"8074746088964054390	",饿了么,平台外卖,已完成,2025-10-22 17:49:47,2025-10-22 17:49:47,2025-10-22 17:49:47,饿了么支付-在线支付,,即时单,2025-10-22 17:49:47,12.00,自动出餐,1,否,"缤纷水果披萨-7英寸(手拍)[{""name"":""规格"",""value"":""7英寸(手拍)""}]（42.00*1）,餐盒（1.00*1）",缤纷水果披萨,,,,非会员,27,,,依据餐量提供餐具,,42.00,13.12,23.10,0.00,0,0,1.43,0.00,3.50,【活动支出】单品特价:16.10元+【活动支出】饿了么红包:7.00元+【活动支出】替用户承担配送费:3.5元,-,-,-,1.00,温州区域,温州直营,,,否,-,平台配送
圣比萨（春晖店）,SBS00004,温州,"8022626088975666682	",饿了么,平台外卖,已完成,2025-10-22 17:50:14,2025-10-22 17:50:14,2025-10-22 17:50:14,饿了么支付-在线支付,,即时单,2025-10-22 17:50:14,12.05,自动出餐,1,否,"酸奶多多流心卷边（7英寸）（4.90*1）,缤纷水果披萨-7英寸(手拍)[{""name"":""规格"",""value"":""7英寸(手拍)""}]（42.00*1）,餐盒（1.00*1）",酸奶多多流心卷边7+缤纷水果披萨,,,,非会员,28,,,依据餐量提供餐具,,46.90,17.21,23.10,0.00,0,0,1.64,0.00,3.50,【活动支出】单品特价:16.10元+【活动支出】饿了么红包:7.00元+【活动支出】替用户承担配送费:3.5元,-,-,-,1.00,温州区域,温州直营,,,否,-,平台配送
圣比萨（春晖店）,SBS00004,温州,"8087410255093079417	",饿了么,平台外卖,已完成,2025-10-22 17:57:15,2025-10-22 17:57:15,2025-10-22 17:57:15,饿了么支付-在线支付,,即时单,2025-10-22 17:57:15,12.23,自动出餐,1,否,"【粉丝福利】蛋挞一个（原味）（10.00*1）,7英寸披萨一人食土豪餐[缤纷水果披萨7英寸+上校鸡块4个+深海墨鱼丸3个+港式奶茶]（70.00*1）,点击右上角❤️收藏得小吃[墨鱼丸1个]（2.00*1）,餐盒（3.50*1）",蛋挞1个+缤纷水果披萨【7英寸(手拍)】+上校鸡块+深海墨鱼丸3个+港式奶茶+深海墨鱼丸1个,,,,非会员,29,,,依据餐量提供餐具,,82.00,21.88,55.01,0.00,0,0,2.06,0.00,3.50,【活动支出】店铺满减:1.00元+【活动支出】单品特价:9.01元+【活动支出】单品特价:35.10元+【活动支出】单品特价:1.90元+【活动支出】饿了么红包:8.00元+【活动支出】替用户承担配送费:3.5元,-,-,-,3.50,温州区域,温州直营,,,否,-,平台配送
圣比萨（春晖店）,SBS00004,温州,"8081846088949011936	",饿了么,平台外卖,已完成,2025-10-22 17:59:06,2025-10-22 17:59:06,2025-10-22 17:59:06,饿了么支付-在线支付,,即时单,2025-10-22 17:59:06,12.18,自动出餐,1,否,"任选披萨8选1+小吃5选1+饮料[奥尔良鸡肉披萨7英寸+地道肠1根+柠檬茶]（65.00*1）,酸奶多多流心卷边（7英寸）（4.90*1）,餐盒（2.00*1）",新奥尔良烤鸡肉披萨【7英寸(手拍)】+地道肠【1根】+柠檬茶+酸奶多多流心卷边7,,,,非会员,30,,,1份餐具,,69.90,22.16,41.10,0.00,0,0,2.09,0.00,3.50,【活动支出】店铺满减:1.00元+【活动支出】单品特价:33.10元+【活动支出】 商家自营销加码:2.00元+【活动支出】饿了么红包:5.00元+【活动支出】替用户承担配送费:3.5元,-,-,-,2.00,温州区域,温州直营,,,否,-,平台配送
圣比萨（春晖店）,SBS00004,温州,"8043736089022593484	",饿了么,平台外卖,已完成,2025-10-22 18:32:39,2025-10-22 18:32:39,2025-10-22 18:32:39,饿了么支付-在线支付,,即时单,2025-10-22 18:32:39,12.13,自动出餐,1,否,"7英寸披萨一人食土豪餐[奥尔良鸡肉披萨7英寸+金丝鸡排+深海墨鱼丸3个+柠檬茶]（70.00*1）,餐盒（2.00*1）",新奥尔良烤鸡肉披萨【7英寸(手拍)】+金丝鸡排+深海墨鱼丸3个+柠檬茶,,,,非会员,31,,,依据餐量提供餐具,,70.00,21.33,42.10,0.00,0,0,2.02,0.00,3.50,【活动支出】单品特价:35.10元+【活动支出】饿了么红包:7.00元+【活动支出】替用户承担配送费:3.5元,-,-,-,2.00,温州区域,温州直营,,,否,-,平台配送
圣比萨（春晖店）,SBS00004,温州,"8074916089062848877	",饿了么,平台外卖,已完成,2025-10-22 19:44:27,2025-10-22 19:44:27,2025-10-22 19:44:27,饿了么支付-在线支付,,即时单,2025-10-22 19:44:27,11.07,自动出餐,1,否,"任选披萨8选1+小吃5选1+饮料[花果山披萨7英寸+深海墨鱼丸3个+小可乐]（65.00*1）,餐盒（2.00*1）",花果山披萨【7英寸(手拍)】+深海墨鱼丸【3个】+小可乐,,,,非会员,32,,,依据餐量提供餐具,,65.00,19.16,40.10,0.00,0,0,1.79,0.00,3.50,【活动支出】单品特价:33.10元+【活动支出】饿了么红包:7.00元+【活动支出】替用户承担配送费:3.5元,-,-,-,2.00,温州区域,温州直营,,,否,-,平台配送
圣比萨（春晖店）,SBS00004,温州,"8096656089030796781	",饿了么,平台外卖,已完成,2025-10-22 20:50:24,2025-10-22 20:50:24,2025-10-22 20:50:25,饿了么支付-在线支付,,即时单,2025-10-22 20:50:24,11.12,自动出餐,1,否,"7英寸-奥尔良烤鸡肉披萨（42.00*1）,【粉丝福利】蛋挞一个（原味）（10.00*1）,柠檬茶[常温]（6.00*1）,餐盒（4.00*1）",新奥尔良烤鸡肉披萨【7英寸(手拍)】+蛋挞1个+柠檬茶,,,,非会员,33,,,.打电话联系 / 依据餐量提供餐具,,58.00,23.17,30.11,0.00,0,0,2.17,0.00,3.50,【活动支出】单品特价:20.10元+【活动支出】单品特价:9.01元+【活动支出】单品特价:1.00元+【活动支出】替用户承担配送费:3.5元,-,-,-,4.00,温州区域,温州直营,,,否,-,平台配送
圣比萨（春晖店）,SBS00004,温州,"8007100255075010895	",饿了么,平台外卖,已完成,2025-10-22 21:05:38,2025-10-22 21:05:38,2025-10-22 21:05:39,饿了么支付-在线支付,,即时单,2025-10-22 21:05:38,11.02,自动出餐,1,否,"番茄牛肉意面（52.00*1）,餐盒（1.00*1）",番茄牛肉意面,,,,非会员,34,,,1份餐具,,52.00,10.62,35.10,0.00,0,0,1.43,0.00,5.60,【活动支出】单品特价:28.10元+【活动支出】饿了么红包:7.00元+【活动支出】替用户承担配送费:5.6元,-,-,-,1.00,温州区域,温州直营,,,否,-,平台配送
圣比萨（春晖店）,SBS00004,温州,"8072816089063247235	",饿了么,平台外卖,已完成,2025-10-22 21:54:58,2025-10-22 21:54:58,2025-10-22 21:54:59,饿了么支付-在线支付,,即时单,2025-10-22 21:54:58,11.18,自动出餐,1,否,"任选披萨8选1+小吃5选1+饮料[日系照烧鸡披萨7英寸+上校鸡块4个+柠檬茶]（65.00*1）,餐盒（2.00*1）",日系照烧鸡披萨【7英寸(手拍)】+上校鸡块+柠檬茶,,,,非会员,35,,,依据餐量提供餐具,,65.00,18.66,40.10,0.00,0,0,1.79,0.00,5.60,【活动支出】单品特价:33.10元+【活动支出】饿了么红包:7.00元+【活动支出】替用户承担配送费:5.6元,-,-,-,2.00,温州区域,温州直营,,,否,-,平台配送
圣比萨（春晖店）,SBS00004,温州,"8048976089104290195	",饿了么,平台外卖,已完成,2025-10-22 22:07:17,2025-10-22 22:07:17,2025-10-22 22:07:17,饿了么支付-在线支付,,即时单,2025-10-22 22:07:17,11.08,自动出餐,1,否,"榴莲王披萨-12英寸(手拍)[{""name"":""规格"",""value"":""12英寸(手拍)""}]（129.00*1）,土豪加料随心选-加一份芝士[加披萨里][{""name"":""规格"",""value"":""加一份芝士""}]（10.00*1）,酸奶多多流心卷边（12英寸）（8.90*1）,餐盒（1.00*1）",榴莲王披萨+土豪加料随心选+酸奶多多流心卷边,,,,非会员,36,,,依据餐量提供餐具,,147.90,47.66,86.10,0.00,0,0,4.49,0.00,5.60,【活动支出】店铺满减:6.00元+【活动支出】单品特价:65.10元+【活动支出】单品特价:3.00元+【活动支出】饿了么红包:12.00元+【活动支出】替用户承担配送费:5.6元,-,-,-,1.00,温州区域,温州直营,,,否,-,平台配送
圣比萨（春晖店）,SBS00004,温州,"8040886089049513424	",饿了么,平台外卖,已完成,2025-10-22 22:11:10,2025-10-22 22:11:10,2025-10-22 22:11:10,饿了么支付-在线支付,,即时单,2025-10-22 22:11:10,11.20,自动出餐,1,否,"招牌肉酱芝士焗饭（52.00*1）,餐盒（1.00*1）",招牌肉酱芝士焗饭,,,,非会员,37,,,不要放玉米，谢谢 / 依据餐量提供餐具,,52.00,14.62,31.10,0.00,0,0,1.43,0.00,5.60,【活动支出】单品特价:24.10元+【活动支出】超级会员专享红包:5.00元+【活动支出】 商家自营销加码:2.00元+【活动支出】替用户承担配送费:5.6元,-,-,-,1.00,温州区域,温州直营,,,否,-,平台配送
圣比萨（灵溪华侨路店）,SBS00005,温州,"8031716088740580659	",饿了么,平台外卖,已完成,2025-10-22 10:28:02,2025-10-22 10:28:02,2025-10-22 10:28:02,饿了么支付-在线支付,,即时单,2025-10-22 10:28:02,10.05,自动出餐,1,否,"【任选】披萨随心配（57.50*1）,餐盒（2.00*1）",金丝鸡排+缤纷水果披萨(7英寸(手拍))+芝士焗红薯泥+现烤蛋挞(1个)+可乐,,,,非会员,1,,,依据餐量提供餐具,,57.50,33.58,13.00,0.00,0,0,4.57,0.00,3.50,【活动支出】店铺满减:1.00元+【活动支出】饿了么红包:12.00元+【活动支出】替用户承担配送费:3.5元,-,-,-,2.00,温州区域,温州直营,,,否,-,平台配送
圣比萨（灵溪华侨路店）,SBS00005,温州,"8011636088725457200	",饿了么,平台外卖,已完成,2025-10-22 10:42:16,2025-10-22 10:42:16,2025-10-22 10:42:16,饿了么支付-在线支付,,即时单,2025-10-22 10:42:16,10.10,自动出餐,1,否,"可乐[冷]（5.00*1）,黑椒牛肉芝士焗饭（30.90*1）,餐盒（2.00*1）",可乐+黑椒牛肉芝士焗饭,,,,非会员,2,,,依据餐量提供餐具,,35.90,21.42,7.00,0.00,0,0,2.93,0.00,3.50,【活动支出】饿了么红包:7.00元+【活动支出】替用户承担配送费:3.5元,-,-,-,2.00,温州区域,温州直营,,,否,-,平台配送
圣比萨（灵溪华侨路店）,SBS00005,温州,"8045846088746158547	",饿了么,平台外卖,已完成,2025-10-22 10:43:33,2025-10-22 10:43:33,2025-10-22 10:43:33,饿了么支付-在线支付,,即时单,2025-10-22 10:43:33,10.23,自动出餐,1,否,"奶酪芝士卷边（12英寸）（8.90*1）,【随心❤️拼】12英寸双拼披萨(口味自选)[奥尔良+培根鸡肉]（56.90*1）,餐盒（2.00*1）",奶酪芝士卷边+双拼12寸【奥尔良口味12】+双拼12寸【培根鸡肉口味12】,,,,非会员,3,,,"放门口,对骑手拍个照 / 依据餐量提供餐具",,65.80,38.91,12.00,0.00,0,0,5.54,0.00,5.60,【活动支出】店铺满减:6.00元+【活动支出】粉丝群:1.00元+【活动支出】饿了么红包:5.00元+【活动支出】替用户承担配送费:5.6元,-,-,-,2.00,温州区域,温州直营,,,否,-,平台配送
圣比萨（灵溪华侨路店）,SBS00005,温州,"8045846088746071319	",饿了么,平台外卖,已完成,2025-10-22 10:44:36,2025-10-22 10:44:36,2025-10-22 10:44:36,饿了么支付-在线支付,,即时单,2025-10-22 10:44:36,10.12,自动出餐,1,否,"奶酪芝士卷边（12英寸）（8.90*1）,碳烤鸡肉培根披萨-12英寸(经典手拍)[{""name"":""规格"",""value"":""12英寸(经典手拍)""}]（54.90*1）,餐盒（2.00*1）",奶酪芝士卷边+碳烤鸡肉培根披萨,,,,非会员,4,,,依据餐量提供餐具,,63.80,38.01,11.00,0.00,0,0,5.44,0.00,5.60,【活动支出】店铺满减:6.00元+【活动支出】饿了么红包:5.00元+【活动支出】替用户承担配送费:5.6元,-,-,-,2.00,温州区域,温州直营,,,否,-,平台配送
圣比萨（灵溪华侨路店）,SBS00005,温州,"8019836088748055971	",饿了么,平台外卖,已完成,2025-10-22 11:01:40,2025-10-22 11:01:40,2025-10-22 11:01:40,饿了么支付-在线支付,,即时单,2025-10-22 11:01:40,7.25,扫码出餐,1,否,"缤纷水果披萨-9英寸(经典手拍)[{""name"":""规格"",""value"":""9英寸(经典手拍)""}]（70.00*1）,餐盒（2.00*1）",缤纷水果披萨,,,,非会员,5,,,依据餐量提供餐具,,70.00,29.17,31.10,0.00,0,0,3.98,0.00,3.50,【活动支出】店铺满减:1.00元+【活动支出】单品特价:30.10元+【活动支出】替用户承担配送费:3.5元,-,-,-,2.00,温州区域,温州直营,,,否,-,平台配送
圣比萨（灵溪华侨路店）,SBS00005,温州,"8038986088790843887	",饿了么,平台外卖,已完成,2025-10-22 11:12:56,2025-10-22 11:12:56,2025-10-22 11:12:56,饿了么支付-在线支付,,即时单,2025-10-22 11:12:56,9.92,扫码出餐,1,否,"现烤蛋挞-2个[{""name"":""规格"",""value"":""2个""}]（6.90*2）,7英寸披萨买一送一[奥尔良鸡肉披萨7英寸+缤纷水果披萨7英寸]（86.80*1）,经典薯条（8.90*1）,餐盒（8.00*1）",现烤蛋挞+新奥尔良烤鸡肉披萨【7英寸(手拍)】+缤纷水果披萨【7英寸(手拍)】+经典薯条,,,,非会员,6,,,无需餐具,,109.50,38.73,62.90,0.00,0,0,5.42,0.00,4.00,【活动支出】店铺满减:6.00元+【活动支出】单品特价:44.90元+【活动支出】饿了么红包:12.00元+【活动支出】替用户承担配送费:4.0元,-,-,-,8.00,温州区域,温州直营,,,否,-,平台配送
圣比萨（灵溪华侨路店）,SBS00005,温州,"8098380254888727008	",饿了么,平台外卖,已完成,2025-10-22 11:23:05,2025-10-22 11:23:05,2025-10-22 11:23:05,饿了么支付-在线支付,,即时单,2025-10-22 11:23:05,6.33,扫码出餐,1,否,新奥尔良烤鸡肉披萨7寸-单点（20.00*1）,新奥尔良烤鸡肉披萨【7英寸(手拍)】,,,,非会员,7,,,依据餐量提供餐具,,20.00,10.00,0.00,0.00,0,0,0.00,0.00,,【活动支出】拼团反圈活动:0.00元,-,-,-,0.00,温州区域,温州直营,,,否,-,平台配送
圣比萨（灵溪华侨路店）,SBS00005,温州,"8086110254811477427	",饿了么,平台外卖,已完成,2025-10-22 11:23:27,2025-10-22 11:23:27,2025-10-22 11:23:27,饿了么支付-在线支付,,即时单,2025-10-22 11:23:27,7.93,手动出餐,1,否,"【随心❤️拼】7英寸双拼披萨(口味自选）[水果+奥尔良]（26.90*1）,奶酪芝士卷边（7英寸）（4.90*1）,餐盒（2.00*1）",双拼7寸【缤纷水果口味7】+双拼7寸【奥尔良口味7】+奶酪芝士卷边7,,,,非会员,8,,,依据餐量提供餐具,,31.80,17.46,8.00,0.00,0,0,2.39,0.00,3.50,【活动支出】 商家自营销加码:2.00元+【活动支出】粉丝群:1.00元+【活动支出】饿了么红包:5.00元+【活动支出】替用户承担配送费:3.5元,-,-,-,2.00,温州区域,温州直营,,,否,-,平台配送
圣比萨（灵溪华侨路店）,SBS00005,温州,"8085460254922199393	",饿了么,平台外卖,已完成,2025-10-22 11:46:17,2025-10-22 11:46:17,2025-10-22 11:46:17,饿了么支付-在线支付,,预约单,2025-10-22 12:45:00,13.83,自动出餐,1,否,"红薯薯泥流心卷边（9英寸）（6.90*1）,金沙咸蛋黄嫩鸡披萨-9英寸(经典手拍)[{""name"":""规格"",""value"":""9英寸(经典手拍)""}]（47.90*1）,餐盒（1.00*1）",红薯泥流心卷边9+金沙咸蛋黄嫩鸡披萨,,,,非会员,9,,,"对骑手 放门口拍照,不用打电话，楼下大门密码#6655，辛苦了 / 无需餐具",,54.80,31.16,10.00,0.00,0,0,4.49,0.00,5.60,【活动支出】店铺满减:1.00元+【活动支出】饿了么红包:9.00元+【活动支出】替用户承担配送费:5.6元,-,-,-,1.00,温州区域,温州直营,,,否,-,平台配送
圣比萨（灵溪华侨路店）,SBS00005,温州,"8052100255026272522	",饿了么,平台外卖,已完成,2025-10-22 11:51:12,2025-10-22 11:51:12,2025-10-22 11:51:13,饿了么支付-在线支付,,即时单,2025-10-22 11:51:12,4.23,扫码出餐,1,否,"番茄牛肉意面（25.90*1）,餐盒（2.00*1）",番茄牛肉意面,,,,非会员,10,,,依据餐量提供餐具,,25.90,15.46,5.00,0.00,0,0,2.09,0.00,3.50,【活动支出】吃货豆兑换的商家券:5.00元+【活动支出】替用户承担配送费:3.5元,-,-,-,2.00,温州区域,温州直营,,,否,-,平台配送
圣比萨（灵溪华侨路店）,SBS00005,温州,"8019010255028439442	",饿了么,平台外卖,已完成,2025-10-22 11:59:03,2025-10-22 11:59:03,2025-10-22 11:59:04,饿了么支付-在线支付,,即时单,2025-10-22 11:59:03,9.42,扫码出餐,1,否,"奶酪芝士卷边（9英寸）（6.90*1）,新奥尔良烤鸡肉披萨-9英寸(经典手拍)[{""name"":""规格"",""value"":""9英寸(经典手拍)""}]（39.90*1）,餐盒（2.00*1）",奶酪芝士卷边9+新奥尔良烤鸡肉披萨,,,,非会员,11,,,1份餐具,,46.80,28.19,9.00,0.00,0,0,3.86,0.00,4.00,【活动支出】店铺满减:1.00元+【活动支出】饿了么红包:8.00元+【活动支出】替用户承担配送费:4.0元,-,-,-,2.00,温州区域,温州直营,,,否,-,平台配送
圣比萨（灵溪华侨路店）,SBS00005,温州,"8091816088841286125	",饿了么,平台外卖,已完成,2025-10-22 12:05:12,2025-10-22 12:05:12,2025-10-22 12:05:12,饿了么支付-在线支付,,即时单,2025-10-22 12:05:12,12.10,自动出餐,1,否,"【任选】披萨随心配（45.70*1）,餐盒（2.00*1）",奥尔良烤翅+金沙咸蛋黄嫩鸡披萨(7英寸(手拍))+不加一+上校鸡块+可乐,,,,非会员,12,,,依据餐量提供餐具,,45.70,26.01,11.00,0.00,0,0,3.54,0.00,3.50,【活动支出】店铺满减:1.00元+【活动支出】粉丝群:1.00元+【活动支出】饿了么红包:9.00元+【活动支出】替用户承担配送费:3.5元,-,-,-,2.00,温州区域,温州直营,,,否,-,平台配送
圣比萨（灵溪华侨路店）,SBS00005,温州,"8007440254852963759	",饿了么,平台外卖,已完成,2025-10-22 12:08:12,2025-10-22 12:08:12,2025-10-22 12:08:13,饿了么支付-在线支付,,即时单,2025-10-22 12:08:12,11.95,手动出餐,1,否,招牌肉酱芝士焗饭（52.00*1）,招牌肉酱芝士焗饭,,,,非会员,13,,,依据餐量提供餐具,,52.00,12.33,32.60,0.00,0,0,1.72,0.00,3.50,【活动支出】单品特价:32.60元+【活动支出】替用户承担配送费:3.5元,-,-,-,0.00,温州区域,温州直营,,,否,-,平台配送
圣比萨（灵溪华侨路店）,SBS00005,温州,"8056666088813690116	",饿了么,平台外卖,已完成,2025-10-22 12:11:18,2025-10-22 12:11:18,2025-10-22 12:11:18,饿了么支付-在线支付,,即时单,2025-10-22 12:11:18,11.93,手动出餐,1,否,"榴莲王披萨-12英寸（经典手拍）[{""name"":""规格"",""value"":""12英寸（经典手拍）""}]（129.00*1）,餐盒（2.00*1）",榴莲王披萨,,,,非会员,14,,,2份餐具,,129.00,40.80,75.10,0.00,0,0,5.55,0.00,3.50,【活动支出】店铺满减:6.00元+【活动支出】单品特价:62.10元+【活动支出】饿了么红包:7.00元+【活动支出】替用户承担配送费:3.5元,-,-,-,2.00,温州区域,温州直营,,,否,-,平台配送
圣比萨（灵溪华侨路店）,SBS00005,温州,"8037320254947123602	",饿了么,平台外卖,已完成,2025-10-22 12:30:28,2025-10-22 12:30:28,2025-10-22 12:30:28,饿了么支付-在线支付,,即时单,2025-10-22 12:30:28,11.25,手动出餐,1,否,"星星炸鸡披萨-7英寸(经典手拍)[{""name"":""规格"",""value"":""7英寸(经典手拍)""}]（29.90*1）,蛋挞一个（原味）（3.90*1）,餐盒（2.50*1）",星星炸鸡披萨+蛋挞1个,,,,非会员,15,,,1份餐具,,33.80,19.17,7.91,0.00,0,0,2.67,0.00,3.50,【活动支出】单品特价:2.91元+【活动支出】饿了么红包:5.00元+【活动支出】替用户承担配送费:3.5元,-,-,-,2.50,温州区域,温州直营,,,否,-,平台配送
圣比萨（灵溪华侨路店）,SBS00005,温州,"8033616088840098224	",饿了么,平台外卖,已完成,2025-10-22 12:36:06,2025-10-22 12:36:06,2025-10-22 12:36:07,饿了么支付-在线支付,,即时单,2025-10-22 12:36:06,6.63,扫码出餐,1,否,"新奥尔良烤鸡肉披萨-7英寸(经典手拍)[{""name"":""规格"",""value"":""7英寸(经典手拍)""}]（23.90*1）,餐盒（2.00*1）",新奥尔良烤鸡肉披萨,,,,非会员,16,,,要一次性手套3双 / 3份餐具,,23.90,10.99,8.00,0.00,0,0,1.56,0.00,3.50,【活动支出】粉丝群:1.00元+【活动支出】饿了么红包:7.00元+【活动支出】替用户承担配送费:3.5元,-,-,-,2.00,温州区域,温州直营,,,否,-,平台配送
圣比萨（灵溪华侨路店）,SBS00005,温州,"8064536088874476939	",饿了么,平台外卖,已完成,2025-10-22 13:19:13,2025-10-22 13:19:13,2025-10-22 13:19:13,饿了么支付-在线支付,,即时单,2025-10-22 13:19:13,7.75,扫码出餐,1,否,"【任选】披萨随心配（40.80*1）,餐盒（2.00*1）",奥尔良烤翅+新奥尔良烤鸡肉披萨(7英寸(手拍))+不加一+地道肠1根+柠檬茶,,,,非会员,17,,,依据餐量提供餐具,,40.80,23.12,10.00,0.00,0,0,3.13,0.00,4.00,【活动支出】店铺满减:1.00元+【活动支出】饿了么红包:9.00元+【活动支出】替用户承担配送费:4.0元,-,-,-,2.00,温州区域,温州直营,,,否,-,平台配送
圣比萨（灵溪华侨路店）,SBS00005,温州,"8074886088858947054	",饿了么,平台外卖,已完成,2025-10-22 13:24:30,2025-10-22 13:24:30,2025-10-22 13:24:30,饿了么支付-在线支付,,即时单,2025-10-22 13:24:30,6.40,扫码出餐,1,否,手握三选一-单点[日式照烧]（20.00*1）,日式烧鸟风味一人食盒子披萨,,,,非会员,18,,,依据餐量提供餐具,,20.00,10.00,0.00,0.00,0,0,0.00,0.00,,【活动支出】拼团反圈活动:0.00元,-,-,-,0.00,温州区域,温州直营,,,否,-,平台配送
圣比萨（灵溪华侨路店）,SBS00005,温州,"8011190255072634242	",饿了么,平台外卖,已完成,2025-10-22 13:34:25,2025-10-22 13:34:25,2025-10-22 13:34:26,饿了么支付-在线支付,,即时单,2025-10-22 13:34:25,7.35,扫码出餐,1,否,"金丝鸡排（6.90*1）,榴莲王披萨-7英寸（经典手拍)[{""name"":""规格"",""value"":""7英寸（经典手拍)""}]（52.00*1）,蛋挞一个（原味）（3.90*1）,餐盒（3.50*1）",金丝鸡排+榴莲王披萨+蛋挞1个,,,,非会员,19,,,1份餐具,,62.80,21.77,35.01,0.00,0,0,2.97,0.00,4.00,【活动支出】店铺满减:1.00元+【活动支出】单品特价:18.10元+【活动支出】单品特价:2.91元+【活动支出】粉丝群:1.00元+【活动支出】饿了么红包:12.00元+【活动支出】替用户承担配送费:4.0元,-,-,-,3.50,温州区域,温州直营,,,否,-,平台配送
圣比萨（灵溪华侨路店）,SBS00005,温州,"8008370254976482783	",饿了么,平台外卖,已完成,2025-10-22 13:34:27,2025-10-22 13:34:27,2025-10-22 13:34:27,饿了么支付-在线支付,,即时单,2025-10-22 13:34:27,9.63,扫码出餐,1,否,"奶酪芝士卷边（12英寸）（8.90*1）,大圣招牌大满贯披萨-12英寸(经典手拍)[{""name"":""规格"",""value"":""12英寸(经典手拍)""}]（66.90*1）,餐盒（2.00*1）",奶酪芝士卷边+大圣招牌大满贯披萨,,,,非会员,20,,,依据餐量提供餐具,,75.80,43.69,18.00,0.00,0,0,5.96,0.00,4.00,【活动支出】店铺满减:6.00元+【活动支出】饿了么红包:12.00元+【活动支出】替用户承担配送费:4.0元,-,-,-,2.00,温州区域,温州直营,,,否,-,平台配送
圣比萨（灵溪华侨路店）,SBS00005,温州,"8015946088868417951	",饿了么,平台外卖,已完成,2025-10-22 13:37:07,2025-10-22 13:37:07,2025-10-22 13:37:07,饿了么支付-在线支付,,即时单,2025-10-22 13:37:07,9.00,手动出餐,1,否,"碳烤鸡肉培根披萨-12英寸(经典手拍)[{""name"":""规格"",""value"":""12英寸(经典手拍)""}]（54.90*1）,餐盒（2.00*1）",碳烤鸡肉培根披萨,,,,非会员,21,,,不要玉米粒 / 1份餐具,,54.90,33.94,10.00,0.00,0,0,4.61,0.00,4.00,【活动支出】店铺满减:1.00元+【活动支出】饿了么红包:9.00元+【活动支出】替用户承担配送费:4.0元,-,-,-,2.00,温州区域,温州直营,,,否,-,平台配送
圣比萨（灵溪华侨路店）,SBS00005,温州,"8056966088856838517	",饿了么,平台外卖,已完成,2025-10-22 13:44:09,2025-10-22 13:44:09,2025-10-22 13:44:09,饿了么支付-在线支付,,即时单,2025-10-22 13:44:09,9.58,手动出餐,1,否,"榴莲王披萨-12英寸（经典手拍）[{""name"":""规格"",""value"":""12英寸（经典手拍）""}]（129.00*1）,红薯薯泥流心卷边（12英寸）（8.90*1）,餐盒（2.00*1）",榴莲王披萨+红薯泥流心卷边,,,,非会员,22,,,依据餐量提供餐具,,137.90,41.89,80.10,0.00,0,0,5.96,0.00,5.60,【活动支出】店铺满减:6.00元+【活动支出】单品特价:62.10元+【活动支出】饿了么红包:12.00元+【活动支出】替用户承担配送费:5.6元,-,-,-,2.00,温州区域,温州直营,,,否,-,平台配送
圣比萨（灵溪华侨路店）,SBS00005,温州,"8093370255011730796	",饿了么,平台外卖,已完成,2025-10-22 14:38:10,2025-10-22 14:38:10,2025-10-22 14:38:10,饿了么支付-在线支付,,即时单,2025-10-22 14:38:10,10.23,自动出餐,1,否,"缤纷水果披萨-7英寸(经典手拍)[{""name"":""规格"",""value"":""7英寸(经典手拍)""}]（42.88*1）,餐盒（2.00*1）",缤纷水果披萨,,,,非会员,23,,,依据餐量提供餐具,,42.88,13.67,23.98,0.00,0,0,1.88,0.00,4.00,【活动支出】单品特价:16.98元+【活动支出】 商家自营销加码:2.00元+【活动支出】饿了么红包:5.00元+【活动支出】替用户承担配送费:4.0元,-,-,-,2.00,温州区域,温州直营,,,否,-,平台配送
圣比萨（灵溪华侨路店）,SBS00005,温州,"8084696088879959435	",饿了么,平台外卖,已完成,2025-10-22 14:55:28,2025-10-22 14:55:28,2025-10-22 14:55:28,饿了么支付-在线支付,,即时单,2025-10-22 14:55:28,4.65,手动出餐,1,否,"【任选】披萨随心配（32.80*1）,餐盒（2.00*1）",不加一+新奥尔良烤鸡肉披萨(7英寸(手拍))+不加一+小薯条+港式奶茶,,,,非会员,24,,,依据餐量提供餐具,,32.80,19.25,7.00,0.00,0,0,2.60,0.00,3.50,【活动支出】 商家自营销加码:2.00元+【活动支出】饿了么红包:5.00元+【活动支出】替用户承担配送费:3.5元,-,-,-,2.00,温州区域,温州直营,,,否,-,平台配送
圣比萨（灵溪华侨路店）,SBS00005,温州,"8070726088913629550	",饿了么,平台外卖,已完成,2025-10-22 15:31:45,2025-10-22 15:31:45,2025-10-22 15:31:45,饿了么支付-在线支付,,即时单,2025-10-22 15:31:45,8.70,手动出餐,1,否,"奶酪芝士卷边（9英寸）（6.90*1）,榴莲王披萨-9英寸(经典手拍)[{""name"":""规格"",""value"":""9英寸(经典手拍)""}]（92.00*1）,餐盒（2.00*1）",奶酪芝士卷边9+榴莲王披萨,,,,非会员,25,,,依据餐量提供餐具,,98.90,33.24,52.10,0.00,0,0,4.81,0.00,5.60,【活动支出】店铺满减:1.00元+【活动支出】单品特价:42.10元+【活动支出】饿了么红包:9.00元+【活动支出】替用户承担配送费:5.6元,-,-,-,2.00,温州区域,温州直营,,,否,-,平台配送
圣比萨（灵溪华侨路店）,SBS00005,温州,"8021040255013348687	",饿了么,平台外卖,已完成,2025-10-22 15:48:16,2025-10-22 15:48:16,2025-10-22 15:48:17,饿了么支付-在线支付,,即时单,2025-10-22 15:48:16,9.88,扫码出餐,1,否,"【随心❤️拼】7英寸双拼披萨(口味自选）[培根鸡肉+日系照烧]（26.90*1）,现烤蛋挞-2个[{""name"":""规格"",""value"":""2个""}]（6.90*1）,美式香骨鸡（8.90*1）,明星小食桶A（14.90*1）,餐盒（7.00*1）",双拼7寸【碳烤鸡肉培根口味7】+双拼7寸【日系照烧口味7】+现烤蛋挞+明星小食桶A,,,,非会员,26,,,依据餐量提供餐具,,57.60,36.65,14.00,0.00,0,0,5.00,0.00,3.50,【活动支出】店铺满减:6.00元+【活动支出】饿了么红包:8.00元+【活动支出】替用户承担配送费:3.5元,-,-,-,7.00,温州区域,温州直营,,,否,-,平台配送
圣比萨（灵溪华侨路店）,SBS00005,温州,"8003060255123316125	",饿了么,平台外卖,已完成,2025-10-22 16:18:40,2025-10-22 16:18:40,2025-10-22 16:18:40,饿了么支付-在线支付,,即时单,2025-10-22 16:18:40,7.03,手动出餐,1,否,"芒果汁[常温]（7.00*1）,新奥尔良烤鸡肉披萨-7英寸(经典手拍)[{""name"":""规格"",""value"":""7英寸(经典手拍)""}]（23.90*1）,餐盒（3.00*1）",芒果汁+新奥尔良烤鸡肉披萨,,,,非会员,27,,,依据餐量提供餐具,,30.90,18.44,7.00,0.00,0,0,2.51,0.00,3.50,【活动支出】 商家自营销加码:2.00元+【活动支出】超会爆红包省钱包:5.00元+【活动支出】替用户承担配送费:3.5元,-,-,-,3.00,温州区域,温州直营,,,否,-,平台配送
圣比萨（灵溪华侨路店）,SBS00005,温州,"8012200254951421340	",饿了么,平台外卖,已完成,2025-10-22 16:30:01,2025-10-22 16:30:01,2025-10-22 16:30:01,饿了么支付-在线支付,,即时单,2025-10-22 16:30:01,7.15,手动出餐,1,否,新奥尔良烤鸡肉披萨7寸-单点（20.00*1）,新奥尔良烤鸡肉披萨【7英寸(手拍)】,,,,非会员,28,,,依据餐量提供餐具,,20.00,10.00,0.00,0.00,0,0,0.00,0.00,,【活动支出】爆品团通吃券:0.00元,-,-,-,0.00,温州区域,温州直营,,,否,-,平台配送
圣比萨（灵溪华侨路店）,SBS00005,温州,"8065506088909066646	",饿了么,平台外卖,已完成,2025-10-22 16:49:40,2025-10-22 16:49:40,2025-10-22 16:49:41,饿了么支付-在线支付,,即时单,2025-10-22 16:49:40,7.83,扫码出餐,1,否,"金丝鸡排（6.90*1）,蛋挞一个（原味）（3.90*1）,新奥尔良烤鸡肉披萨-7英寸(经典手拍)[{""name"":""规格"",""value"":""7英寸(经典手拍)""}]（23.90*1）,餐盒（3.50*1）",金丝鸡排+蛋挞1个+新奥尔良烤鸡肉披萨,,,,非会员,29,,,放门口 / 依据餐量提供餐具,,34.70,16.99,10.91,0.00,0,0,2.55,0.00,5.60,【活动支出】单品特价:2.91元+【活动支出】饿了么红包:8.00元+【活动支出】替用户承担配送费:5.6元,-,-,-,3.50,温州区域,温州直营,,,否,-,平台配送
圣比萨（灵溪华侨路店）,SBS00005,温州,"8089190255056312597	",饿了么,平台外卖,已完成,2025-10-22 16:52:01,2025-10-22 16:52:01,2025-10-22 16:52:01,饿了么支付-在线支付,,即时单,2025-10-22 16:52:01,6.78,扫码出餐,1,否,"【任选】披萨随心配（46.70*1）,餐盒（2.00*1）",不加一+缤纷水果披萨(7英寸(手拍))+芝士焗红薯泥+地道肠1根+可乐,,,,非会员,30,,,依据餐量提供餐具,,46.70,27.20,10.00,0.00,0,0,3.75,0.00,3.50,【活动支出】店铺满减:1.00元+【活动支出】饿了么红包:0.00元+【活动支出】饿了么红包:9.00元+【活动支出】替用户承担配送费:3.5元,-,-,-,2.00,温州区域,温州直营,,,否,-,平台配送
圣比萨（灵溪华侨路店）,SBS00005,温州,"8035330255041236476	",饿了么,平台外卖,已完成,2025-10-22 16:55:08,2025-10-22 16:55:08,2025-10-22 16:55:08,饿了么支付-在线支付,,即时单,2025-10-22 16:55:08,7.52,手动出餐,1,否,"大圣招牌大满贯披萨-7英寸(经典手拍)[{""name"":""规格"",""value"":""7英寸(经典手拍)""}]（33.90*1）,餐盒（2.00*1）",大圣招牌大满贯披萨,,,,非会员,31,,,依据餐量提供餐具,,33.90,19.34,8.00,0.00,0,0,2.61,0.00,3.50,【活动支出】饿了么红包:8.00元+【活动支出】替用户承担配送费:3.5元,-,-,-,2.00,温州区域,温州直营,,,否,-,平台配送
圣比萨（灵溪华侨路店）,SBS00005,温州,"8077220254971757934	",饿了么,平台外卖,已完成,2025-10-22 17:19:33,2025-10-22 17:19:33,2025-10-22 17:19:33,饿了么支付-在线支付,,即时单,2025-10-22 17:19:33,6.90,手动出餐,1,否,"新奥尔良烤鸡肉披萨-7英寸(经典手拍)[{""name"":""规格"",""value"":""7英寸(经典手拍)""}]（23.90*1）,餐盒（2.00*1）",新奥尔良烤鸡肉披萨,,,,非会员,32,,,到了打电话13646535083 / 依据餐量提供餐具,,23.90,11.88,7.00,0.00,0,0,1.67,0.00,3.50,【活动支出】 商家自营销加码:2.00元+【活动支出】饿了么红包:5.00元+【活动支出】替用户承担配送费:3.5元,-,-,-,2.00,温州区域,温州直营,,,否,-,平台配送
圣比萨（灵溪华侨路店）,SBS00005,温州,"8093806088923642158	",饿了么,平台外卖,已完成,2025-10-22 17:20:11,2025-10-22 17:20:11,2025-10-22 17:20:11,饿了么支付-在线支付,,即时单,2025-10-22 17:20:11,7.22,手动出餐,1,否,"蛋挞一个（原味）（3.90*1）,【任选】披萨随心配（31.90*1）,餐盒（2.50*1）",蛋挞1个+不加一+新奥尔良烤鸡肉披萨(7英寸(手拍))+不加一+上校鸡块+可乐,,,,非会员,33,,,依据餐量提供餐具,,35.80,18.88,10.91,0.00,0,0,2.56,0.00,3.50,【活动支出】单品特价:2.91元+【活动支出】 商家自营销加码:2.00元+【活动支出】粉丝群:1.00元+【活动支出】饿了么红包:5.00元+【活动支出】淘金币:0.00元+【活动支出】替用户承担配送费:3.5元,-,-,-,2.50,温州区域,温州直营,,,否,-,平台配送
圣比萨（灵溪华侨路店）,SBS00005,温州,"8055290255163412904	",饿了么,平台外卖,已完成,2025-10-22 17:30:42,2025-10-22 17:30:42,2025-10-22 17:30:42,饿了么支付-在线支付,,即时单,2025-10-22 17:30:42,11.35,扫码出餐,1,否,"奶酪芝士卷边（7英寸）（4.90*1）,7英寸披萨买一送一[奥尔良鸡肉披萨7英寸+缤纷水果披萨7英寸]（86.80*1）,餐盒（2.00*1）",奶酪芝士卷边7+新奥尔良烤鸡肉披萨【7英寸(手拍)】+缤纷水果披萨【7英寸(手拍)】,,,,非会员,34,,,依据餐量提供餐具,,91.70,26.39,54.90,0.00,0,0,3.76,0.00,4.50,【活动支出】店铺满减:1.00元+【活动支出】单品特价:44.90元+【活动支出】饿了么红包:9.00元+【活动支出】替用户承担配送费:4.5元,-,-,-,2.00,温州区域,温州直营,,,否,-,平台配送
圣比萨（灵溪华侨路店）,SBS00005,温州,"8097020255079990637	",饿了么,平台外卖,已完成,2025-10-22 17:35:02,2025-10-22 17:35:02,2025-10-22 17:35:03,饿了么支付-在线支付,,即时单,2025-10-22 17:35:02,2.35,手动出餐,1,否,"新奥尔良烤鸡肉披萨7寸-单点[{""name"":""规格"",""value"":""单点""}]（20.00*1）",新奥尔良烤鸡肉披萨【7英寸(手拍)】,,,,非会员,35,,,依据餐量提供,,20.00,10.00,0.00,0.00,0,0,0.00,0.00,,【活动支出】拼团反圈活动:0.00元,-,-,-,0.00,温州区域,温州直营,,,否,-,平台配送
圣比萨（灵溪华侨路店）,SBS00005,温州,"8064310255081497857	",饿了么,平台外卖,已完成,2025-10-22 17:38:23,2025-10-22 17:38:23,2025-10-22 17:38:23,饿了么支付-在线支付,,即时单,2025-10-22 17:38:23,10.20,手动出餐,1,否,【买一送一】买披萨送披萨[奥尔良鸡肉披萨7英寸+日系照烧鸡披萨7英寸]（86.80*1）,新奥尔良烤鸡肉披萨【7英寸(手拍)】+日系照烧鸡披萨【7英寸(手拍)】,,,,非会员,36,,,2份餐具,,86.80,22.32,54.90,0.00,0,0,3.03,0.00,3.50,【活动支出】单品特价:54.90元+【活动支出】用户代金券:0.00元+【活动支出】替用户承担配送费:3.5元,-,-,-,0.00,温州区域,温州直营,,,否,-,平台配送
圣比萨（灵溪华侨路店）,SBS00005,温州,"8086110255172109676	",饿了么,平台外卖,已完成,2025-10-22 17:42:49,2025-10-22 17:42:49,2025-10-22 17:42:50,饿了么支付-在线支付,,即时单,2025-10-22 17:42:49,8.85,扫码出餐,1,否,"【随心❤️拼】12英寸双拼披萨(口味自选)[培根鸡肉+培根鸡肉]（56.90*1）,餐盒（2.00*1）",双拼12寸【培根鸡肉口味12】+双拼12寸【培根鸡肉口味12】,,,,非会员,37,,,依据餐量提供餐具,,56.90,36.02,8.00,0.00,0,0,5.03,0.00,5.00,【活动支出】店铺满减:1.00元+【活动支出】 商家自营销加码:2.00元+【活动支出】饿了么红包:5.00元+【活动支出】替用户承担配送费:5.0元,-,-,-,2.00,温州区域,温州直营,,,否,-,平台配送
圣比萨（灵溪华侨路店）,SBS00005,温州,"8052310254994516358	",饿了么,平台外卖,已完成,2025-10-22 18:01:21,2025-10-22 18:01:21,2025-10-22 18:01:22,饿了么支付-在线支付,,即时单,2025-10-22 18:01:21,6.60,扫码出餐,1,否,"碳烤鸡肉培根披萨-7英寸(经典手拍)[{""name"":""规格"",""value"":""7英寸(经典手拍)""}]（25.90*1）,餐盒（2.00*1）",碳烤鸡肉培根披萨,,,,非会员,38,,,1份餐具,,25.90,12.77,7.00,0.00,0,0,1.88,0.00,4.50,【活动支出】饿了么红包:7.00元+【活动支出】替用户承担配送费:4.5元,-,-,-,2.00,温州区域,温州直营,,,否,-,平台配送
圣比萨（灵溪华侨路店）,SBS00005,温州,"8085320255186772366	",饿了么,平台外卖,已完成,2025-10-22 18:05:24,2025-10-22 18:05:24,2025-10-22 18:05:25,饿了么支付-在线支付,,即时单,2025-10-22 18:05:24,11.27,手动出餐,1,否,"榴莲王披萨-7英寸（经典手拍)[{""name"":""规格"",""value"":""7英寸（经典手拍)""}]（52.00*1）,奥尔良烤翅（9.90*1）,新奥尔良烤鸡肉披萨-7英寸(经典手拍)[{""name"":""规格"",""value"":""7英寸(经典手拍)""}]（23.90*1）,餐盒（6.00*1）",榴莲王披萨+奥尔良烤翅+新奥尔良烤鸡肉披萨,,,,非会员,39,,,店里 / 依据餐量提供餐具,,85.80,40.62,36.10,0.00,0,0,5.53,0.00,3.50,【活动支出】店铺满减:6.00元+【活动支出】单品特价:18.10元+【活动支出】饿了么红包:12.00元+【活动支出】替用户承担配送费:3.5元,-,-,-,6.00,温州区域,温州直营,,,否,-,平台配送
圣比萨（灵溪华侨路店）,SBS00005,温州,"8036270255081772300	",饿了么,平台外卖,已完成,2025-10-22 18:10:47,2025-10-22 18:10:47,2025-10-22 18:10:47,饿了么支付-在线支付,,即时单,2025-10-22 18:10:47,6.05,手动出餐,1,否,新奥尔良烤鸡肉披萨7寸-单点（20.00*1）,新奥尔良烤鸡肉披萨【7英寸(手拍)】,,,,非会员,40,,,依据餐量提供餐具,,20.00,10.00,0.00,0.00,0,0,0.00,0.00,,【活动支出】拼团反圈活动:0.00元,-,-,-,0.00,温州区域,温州直营,,,否,-,平台配送
圣比萨（灵溪华侨路店）,SBS00005,温州,"8085896088985253161	",饿了么,平台外卖,已完成,2025-10-22 18:24:03,2025-10-22 18:24:03,2025-10-22 18:24:03,饿了么支付-在线支付,,即时单,2025-10-22 18:24:03,5.35,手动出餐,1,否,"新奥尔良烤鸡肉披萨-7英寸(经典手拍)[{""name"":""规格"",""value"":""7英寸(经典手拍)""}]（23.90*1）,餐盒（2.00*1）",新奥尔良烤鸡肉披萨,,,,非会员,41,,,依据餐量提供餐具,,23.90,12.78,6.00,0.00,0,0,1.77,0.00,3.50,【活动支出】饿了么红包:6.00元+【活动支出】替用户承担配送费:3.5元,-,-,-,2.00,温州区域,温州直营,,,否,-,平台配送
圣比萨（灵溪华侨路店）,SBS00005,温州,"8019010255196002750	",饿了么,平台外卖,已完成,2025-10-22 18:24:18,2025-10-22 18:24:18,2025-10-22 18:24:18,饿了么支付-在线支付,,即时单,2025-10-22 18:24:18,7.48,手动出餐,1,否,7寸日系照烧鸡披萨-单点（20.00*1）,日系照烧鸡披萨【7英寸(手拍)】,,,,非会员,42,,,隔壁自己拿 / 依据餐量提供餐具,,20.00,10.00,0.00,0.00,0,0,0.00,0.00,,【活动支出】拼团反圈活动:0.00元,-,-,-,0.00,温州区域,温州直营,,,否,-,平台配送
圣比萨（灵溪华侨路店）,SBS00005,温州,"8089170255012570565	",饿了么,平台外卖,已完成,2025-10-22 18:24:33,2025-10-22 18:24:33,2025-10-22 18:24:33,饿了么支付-在线支付,,预约单,2025-10-22 19:00:00,3.03,自动出餐,1,否,"花果山披萨-7英寸(经典手拍）[{""name"":""规格"",""value"":""7英寸(经典手拍）""}]（25.90*1）,餐盒（1.00*1）",花果山披萨,,,,非会员,43,,,1份餐具,,25.90,12.78,7.00,0.00,0,0,1.77,0.00,3.50,【活动支出】 商家自营销加码:2.00元+【活动支出】饿了么红包:5.00元+【活动支出】替用户承担配送费:3.5元,-,-,-,1.00,温州区域,温州直营,,,否,-,平台配送
圣比萨（灵溪华侨路店）,SBS00005,温州,"8051010255207661902	",饿了么,平台外卖,已完成,2025-10-22 18:37:26,2025-10-22 18:37:26,2025-10-22 18:37:27,饿了么支付-在线支付,,即时单,2025-10-22 18:37:26,7.60,扫码出餐,1,否,"红薯薯泥流心卷边（9英寸）（6.90*1）,新奥尔良烤鸡肉披萨-9英寸(经典手拍)[{""name"":""规格"",""value"":""9英寸(经典手拍)""}]（39.90*1）,餐盒（2.00*1）",红薯泥流心卷边9+新奥尔良烤鸡肉披萨,,,,非会员,44,,,依据餐量提供餐具,,46.80,30.87,6.00,0.00,0,0,4.18,0.00,3.50,【活动支出】店铺满减:1.00元+【活动支出】饿了么红包:5.00元+【活动支出】替用户承担配送费:3.5元,-,-,-,2.00,温州区域,温州直营,,,否,-,平台配送
圣比萨（灵溪华侨路店）,SBS00005,温州,"8036360255022368113	",饿了么,平台外卖,已完成,2025-10-22 18:44:14,2025-10-22 18:44:14,2025-10-22 18:44:14,饿了么支付-在线支付,,即时单,2025-10-22 18:44:14,6.23,手动出餐,1,否,"【随心❤️拼】7英寸双拼披萨(口味自选）[奥尔良+日系照烧]（26.90*1）,餐盒（2.00*1）",双拼7寸【奥尔良口味7】+双拼7寸【日系照烧口味7】,,,,非会员,45,,,依据餐量提供餐具,,26.90,13.67,7.00,0.00,0,0,1.98,0.00,4.50,【活动支出】饿了么红包:7.00元+【活动支出】替用户承担配送费:4.5元,-,-,-,2.00,温州区域,温州直营,,,否,-,平台配送
圣比萨（灵溪华侨路店）,SBS00005,温州,"8086656089018304931	",饿了么,平台外卖,已完成,2025-10-22 18:59:43,2025-10-22 18:59:43,2025-10-22 18:59:43,饿了么支付-在线支付,,即时单,2025-10-22 18:59:43,8.22,扫码出餐,1,否,"榴莲王披萨-9英寸(经典手拍)[{""name"":""规格"",""value"":""9英寸(经典手拍)""}]（92.00*1）,餐盒（2.00*1）",榴莲王披萨,,,,非会员,46,,,依据餐量提供餐具,,92.00,31.26,50.10,0.00,0,0,4.29,0.00,3.50,【活动支出】店铺满减:1.00元+【活动支出】单品特价:42.10元+【活动支出】超级会员专享红包:5.00元+【活动支出】 商家自营销加码:2.00元+【活动支出】替用户承担配送费:3.5元,-,-,-,2.00,温州区域,温州直营,,,否,-,平台配送
圣比萨（灵溪华侨路店）,SBS00005,温州,"8055546089017591275	",饿了么,平台外卖,已完成,2025-10-22 19:04:12,2025-10-22 19:04:12,2025-10-22 19:04:12,饿了么支付-在线支付,,即时单,2025-10-22 19:04:12,7.82,扫码出餐,1,否,"新奥尔良烤鸡肉披萨-7英寸(经典手拍)[{""name"":""规格"",""value"":""7英寸(经典手拍)""}]（23.90*1）,餐盒（2.00*1）",新奥尔良烤鸡肉披萨,,,,非会员,47,,,2份餐具,,23.90,10.98,7.00,0.00,0,0,1.67,0.00,4.50,【活动支出】饿了么红包:7.00元+【活动支出】替用户承担配送费:4.5元,-,-,-,2.00,温州区域,温州直营,,,否,-,平台配送
圣比萨（灵溪华侨路店）,SBS00005,温州,"8041290255219732904	",饿了么,平台外卖,已完成,2025-10-22 19:04:17,2025-10-22 19:04:17,2025-10-22 19:04:17,饿了么支付-在线支付,,预约单,2025-10-22 19:45:00,3.12,自动出餐,1,否,"奶酪芝士卷边（7英寸）（4.90*1）,7英寸披萨买一送一[奥尔良鸡肉披萨7英寸+碳烤鸡肉培根7英寸]（86.80*1）",奶酪芝士卷边7+新奥尔良烤鸡肉披萨【7英寸(手拍)】+碳烤鸡肉培根披萨【7英寸(手拍)】,,,,非会员,48,,,3份餐具,,91.70,30.42,49.40,0.00,0,0,4.13,0.00,4.00,【活动支出】单品特价:49.40元+【活动支出】替用户承担配送费:4.0元,-,-,-,0.00,温州区域,温州直营,,,否,-,平台配送
圣比萨（灵溪华侨路店）,SBS00005,温州,"8087706089009498526	",饿了么,平台外卖,已完成,2025-10-22 19:14:14,2025-10-22 19:14:14,2025-10-22 19:14:14,饿了么支付-在线支付,,即时单,2025-10-22 19:14:14,4.87,扫码出餐,1,否,"番茄牛肉意面（25.90*1）,榴莲王披萨-7英寸（经典手拍)[{""name"":""规格"",""value"":""7英寸（经典手拍)""}]（52.00*1）,餐盒（4.00*1）",番茄牛肉意面+榴莲王披萨,,,,非会员,49,,,2份餐具,,77.90,35.04,33.10,0.00,0,0,4.81,0.00,3.50,【活动支出】店铺满减:6.00元+【活动支出】单品特价:18.10元+【活动支出】粉丝群:1.00元+【活动支出】饿了么红包:8.00元+【活动支出】替用户承担配送费:3.5元,-,-,-,4.00,温州区域,温州直营,,,否,-,平台配送
圣比萨（灵溪华侨路店）,SBS00005,温州,"8040270255121929692	",饿了么,平台外卖,已完成,2025-10-22 19:22:23,2025-10-22 19:22:23,2025-10-22 19:22:23,饿了么支付-在线支付,,即时单,2025-10-22 19:22:23,7.30,手动出餐,1,否,"【任选】焗饭随心配（32.80*1）,餐盒（2.00*1）",不加一+小薯条+港式奶茶+咖喱鸡肉芝士焗饭+不加一,,,,非会员,50,,,依据餐量提供餐具,,32.80,24.31,0,0.00,0,0,3.34,0.00,3.50,-,-,-,-,2.00,温州区域,温州直营,,,否,-,平台配送
圣比萨（灵溪华侨路店）,SBS00005,温州,"8052956089050538298	",饿了么,平台外卖,已完成,2025-10-22 19:23:52,2025-10-22 19:23:52,2025-10-22 19:23:52,饿了么支付-在线支付,,即时单,2025-10-22 19:23:52,6.57,扫码出餐,1,否,新奥尔良烤鸡肉披萨7寸-拼团（18.60*1）,新奥尔良烤鸡肉披萨【7英寸(手拍)】,,,,非会员,51,,,依据餐量提供餐具,,18.60,10.00,0.00,0.00,0,0,0.00,0.00,,【活动支出】拼团反圈活动:0.00元,-,-,-,0.00,温州区域,温州直营,,,否,-,平台配送
圣比萨（灵溪华侨路店）,SBS00005,温州,"8043756089024321987	",饿了么,平台外卖,已完成,2025-10-22 19:31:09,2025-10-22 19:31:09,2025-10-22 19:31:10,饿了么支付-在线支付,,即时单,2025-10-22 19:31:09,8.88,扫码出餐,1,否,"保温袋1个（远距离建议加购）（10.00*1）,新奥尔良烤鸡肉披萨-7英寸(经典手拍)[{""name"":""规格"",""value"":""7英寸(经典手拍)""}]（23.90*1）,餐盒（2.00*1）",保温袋+新奥尔良烤鸡肉披萨,,,,非会员,52,,,1份餐具,,33.90,12.33,16.50,0.00,0,0,1.72,0.00,3.50,【活动支出】单品特价:9.50元+【活动支出】超级会员专享红包:5.00元+【活动支出】 商家自营销加码:2.00元+【活动支出】替用户承担配送费:3.5元,-,-,-,2.00,温州区域,温州直营,,,否,-,平台配送
圣比萨（灵溪华侨路店）,SBS00005,温州,"8043696089027570982	",饿了么,平台外卖,已完成,2025-10-22 19:37:06,2025-10-22 19:37:06,2025-10-22 19:37:06,饿了么支付-在线支付,,即时单,2025-10-22 19:37:06,8.52,扫码出餐,1,否,"蛋挞一个（原味）（3.90*1）,【任选】披萨随心配（31.90*1）,餐盒（2.50*1）",蛋挞1个+不加一+新奥尔良烤鸡肉披萨(7英寸(手拍))+不加一+地道肠1根+芒果汁,,,,非会员,53,,,依据餐量提供餐具,,35.80,18.88,10.91,0.00,0,0,2.56,0.00,3.50,【活动支出】单品特价:2.91元+【活动支出】 商家自营销加码:2.00元+【活动支出】粉丝群:1.00元+【活动支出】饿了么红包:5.00元+【活动支出】替用户承担配送费:3.5元,-,-,-,2.50,温州区域,温州直营,,,否,-,平台配送
圣比萨（灵溪华侨路店）,SBS00005,温州,"8057756089035101602	",饿了么,平台外卖,已完成,2025-10-22 19:37:12,2025-10-22 19:37:12,2025-10-22 19:37:12,饿了么支付-在线支付,,即时单,2025-10-22 19:37:12,7.28,扫码出餐,1,否,"咖喱鸡肉芝士焗饭（25.90*1）,餐盒（2.00*1）",咖喱鸡肉芝士焗饭,,,,非会员,54,,,依据餐量提供餐具,,25.90,13.67,7.00,0.00,0,0,1.88,0.00,3.50,【活动支出】饿了么红包:7.00元+【活动支出】替用户承担配送费:3.5元,-,-,-,2.00,温州区域,温州直营,,,否,-,平台配送
圣比萨（灵溪华侨路店）,SBS00005,温州,"8072030255238337850	",饿了么,平台外卖,已完成,2025-10-22 19:39:44,2025-10-22 19:39:44,2025-10-22 19:39:44,饿了么支付-在线支付,,即时单,2025-10-22 19:39:44,6.53,扫码出餐,1,否,"榴莲王披萨-7英寸（经典手拍)[{""name"":""规格"",""value"":""7英寸（经典手拍)""}]（52.00*1）,餐盒（2.00*1）",榴莲王披萨,,,,非会员,55,,,依据餐量提供餐具,,52.00,16.82,23.10,0.00,0,0,2.93,0.00,12.30,【活动支出】单品特价:18.10元+【活动支出】饿了么红包:5.00元+【活动支出】替用户承担配送费:6.0元,-,-,-,2.00,温州区域,温州直营,,,否,-,平台配送
圣比萨（灵溪华侨路店）,SBS00005,温州,"8058666089022680524	",饿了么,平台外卖,已完成,2025-10-22 19:48:18,2025-10-22 19:48:18,2025-10-22 19:48:18,饿了么支付-在线支付,,即时单,2025-10-22 19:48:18,7.35,扫码出餐,1,否,"7英寸披萨买一送一[奥尔良鸡肉披萨7英寸+缤纷水果披萨7英寸]（86.80*1）,咸蛋黄风味流沙卷边（7英寸）（4.90*1）,餐盒（2.00*1）",新奥尔良烤鸡肉披萨【7英寸(手拍)】+缤纷水果披萨【7英寸(手拍)】+咸蛋黄流沙卷边7,,,,非会员,56,,,芝士和肉多加一些谢谢 / 3份餐具,,91.70,25.20,55.90,0.00,0,0,3.65,0.00,5.60,【活动支出】店铺满减:1.00元+【活动支出】单品特价:44.90元+【活动支出】粉丝群:2.00元+【活动支出】饿了么红包:8.00元+【活动支出】替用户承担配送费:5.6元,-,-,-,2.00,温州区域,温州直营,,,否,-,平台配送
圣比萨（灵溪华侨路店）,SBS00005,温州,"8019170255050637775	",饿了么,平台外卖,已完成,2025-10-22 19:48:59,2025-10-22 19:48:59,2025-10-22 19:48:59,饿了么支付-在线支付,,即时单,2025-10-22 19:48:59,9.42,扫码出餐,1,否,新奥尔良烤鸡肉披萨7寸-单点（20.00*1）,新奥尔良烤鸡肉披萨【7英寸(手拍)】,,,,非会员,57,,,依据餐量提供餐具,,20.00,10.00,0.00,0.00,0,0,0.00,0.00,,【活动支出】拼团反圈活动:0.00元,-,-,-,0.00,温州区域,温州直营,,,否,-,平台配送
圣比萨（灵溪华侨路店）,SBS00005,温州,"8090230255239806363	",饿了么,平台外卖,已完成,2025-10-22 19:51:49,2025-10-22 19:51:49,2025-10-22 19:51:50,饿了么支付-在线支付,,即时单,2025-10-22 19:51:49,6.60,扫码出餐,1,否,"新奥尔良烤鸡肉披萨-7英寸(经典手拍)[{""name"":""规格"",""value"":""7英寸(经典手拍)""}]（23.90*1）,餐盒（2.00*1）",新奥尔良烤鸡肉披萨,,,,非会员,58,,,依据餐量提供餐具,,23.90,13.67,5.00,0.00,0,0,1.88,0.00,4.00,【活动支出】饿了么红包:5.00元+【活动支出】替用户承担配送费:4.0元,-,-,-,2.00,温州区域,温州直营,,,否,-,平台配送
圣比萨（灵溪华侨路店）,SBS00005,温州,"8055110255055209871	",饿了么,平台外卖,已完成,2025-10-22 19:55:36,2025-10-22 19:55:36,2025-10-22 19:55:37,饿了么支付-在线支付,,即时单,2025-10-22 19:55:36,6.48,扫码出餐,1,否,"新奥尔良烤鸡肉披萨-7英寸(经典手拍)[{""name"":""规格"",""value"":""7英寸(经典手拍)""}]（23.90*1）,餐盒（2.00*1）",新奥尔良烤鸡肉披萨,,,,非会员,59,,,1份餐具,,23.90,10.98,7.00,0.00,0,0,1.67,0.00,5.00,【活动支出】 商家自营销加码:2.00元+【活动支出】饿了么红包:5.00元+【活动支出】替用户承担配送费:5.0元,-,-,-,2.00,温州区域,温州直营,,,否,-,平台配送
圣比萨（灵溪华侨路店）,SBS00005,温州,"8048946089068296672	",饿了么,平台外卖,已完成,2025-10-22 20:06:18,2025-10-22 20:06:18,2025-10-22 20:06:19,饿了么支付-在线支付,,即时单,2025-10-22 20:06:18,7.65,扫码出餐,1,否,"榴莲王披萨-7英寸（经典手拍)[{""name"":""规格"",""value"":""7英寸（经典手拍)""}]（52.00*1）,保温袋1个（远距离建议加购）（10.00*1）,餐盒（2.00*1）",榴莲王披萨+保温袋,,,,非会员,60,,,依据餐量提供餐具,,62.00,17.38,35.60,0.00,0,0,2.67,0.00,5.60,【活动支出】单品特价:18.10元+【活动支出】单品特价:9.50元+【活动支出】 商家自营销加码:0.00元+【活动支出】饿了么红包:8.00元+【活动支出】替用户承担配送费:5.6元,-,-,-,2.00,温州区域,温州直营,,,否,-,平台配送
圣比萨（灵溪华侨路店）,SBS00005,温州,"8087470255249365363	",饿了么,平台外卖,已完成,2025-10-22 20:10:18,2025-10-22 20:10:18,2025-10-22 20:10:19,饿了么支付-在线支付,,即时单,2025-10-22 20:10:18,6.80,扫码出餐,1,否,"招牌肉酱意面（52.00*1）,明星小食桶C（19.90*1）,餐盒（4.00*1）",招牌肉酱意面+明星小食桶C,,,,非会员,61,,,1份餐具,,71.90,28.19,36.10,0.00,0,0,3.86,0.00,3.50,【活动支出】店铺满减:1.00元+【活动支出】单品特价:26.10元+【活动支出】饿了么红包:9.00元+【活动支出】替用户承担配送费:3.5元,-,-,-,4.00,温州区域,温州直营,,,否,-,平台配送
圣比萨（灵溪华侨路店）,SBS00005,温州,"8059596089045392873	",饿了么,平台外卖,已完成,2025-10-22 20:10:23,2025-10-22 20:10:23,2025-10-22 20:10:23,饿了么支付-在线支付,,即时单,2025-10-22 20:10:23,4.35,扫码出餐,1,否,"大圣招牌大满贯披萨-7英寸(经典手拍)[{""name"":""规格"",""value"":""7英寸(经典手拍)""}]（33.90*1）,餐盒（2.00*1）",大圣招牌大满贯披萨,,,,非会员,62,,,麻烦放电梯谢谢🙏 / 依据餐量提供餐具,,33.90,18.44,8.00,0.00,0,0,2.61,0.00,4.50,【活动支出】饿了么红包:8.00元+【活动支出】替用户承担配送费:4.5元,-,-,-,2.00,温州区域,温州直营,,,否,-,平台配送
圣比萨（灵溪华侨路店）,SBS00005,温州,"8098380255064868178	",饿了么,平台外卖,已完成,2025-10-22 20:22:46,2025-10-22 20:22:46,2025-10-22 20:22:47,饿了么支付-在线支付,,即时单,2025-10-22 20:22:46,6.02,扫码出餐,1,否,"【任选】披萨随心配（41.80*1）,餐盒（2.00*1）",香烤鸡翅(2只)+玉米沙拉披萨(7英寸(手拍))+不加一+地道肠1根+可乐,,,,非会员,63,,,依据餐量提供餐具,,41.80,23.42,10.00,0.00,0,0,3.23,0.00,3.50,【活动支出】店铺满减:1.00元+【活动支出】饿了么红包:9.00元+【活动支出】替用户承担配送费:3.5元,-,-,-,2.00,温州区域,温州直营,,,否,-,平台配送
圣比萨（灵溪华侨路店）,SBS00005,温州,"8004676089038160298	",饿了么,平台外卖,已完成,2025-10-22 20:27:07,2025-10-22 20:27:07,2025-10-22 20:27:07,饿了么支付-在线支付,,即时单,2025-10-22 20:27:07,4.88,扫码出餐,1,否,"碳烤鸡肉培根披萨-7英寸(经典手拍)[{""name"":""规格"",""value"":""7英寸(经典手拍)""}]（25.90*1）,餐盒（2.00*1）",碳烤鸡肉培根披萨,,,,非会员,64,,,依据餐量提供餐具,,25.90,11.87,7.00,0.00,0,0,1.88,0.00,5.60,【活动支出】 商家自营销加码:2.00元+【活动支出】饿了么红包:5.00元+【活动支出】替用户承担配送费:5.6元,-,-,-,2.00,温州区域,温州直营,,,否,-,平台配送
圣比萨（灵溪华侨路店）,SBS00005,温州,"8057050255158313341	",饿了么,平台外卖,已完成,2025-10-22 20:28:10,2025-10-22 20:28:10,2025-10-22 20:28:10,饿了么支付-在线支付,,即时单,2025-10-22 20:28:10,7.67,扫码出餐,1,否,手握三选一-拼团[缤纷水果]（18.60*1）,热带雨林水果一人食盒子披萨,,,,非会员,65,,,依据餐量提供餐具,,18.60,10.00,0.00,0.00,0,0,0.00,0.00,,【活动支出】拼团反圈活动:0.00元,-,-,-,0.00,温州区域,温州直营,,,否,-,平台配送
圣比萨（灵溪华侨路店）,SBS00005,温州,"8016240255154666882	",饿了么,平台外卖,已完成,2025-10-22 20:38:49,2025-10-22 20:38:49,2025-10-22 20:38:50,饿了么支付-在线支付,,即时单,2025-10-22 20:38:49,5.05,扫码出餐,1,否,"【任选】披萨随心配（31.90*1）,餐盒（2.00*1）",不加一+缤纷水果披萨(7英寸(手拍))+不加一+小薯条+可乐,,,,非会员,66,,,依据餐量提供餐具,,31.90,18.44,7.00,0.00,0,0,2.51,0.00,3.50,【活动支出】饿了么红包:7.00元+【活动支出】替用户承担配送费:3.5元,-,-,-,2.00,温州区域,温州直营,,,否,-,平台配送
圣比萨（灵溪华侨路店）,SBS00005,温州,"8044470255255081351	",饿了么,平台外卖,已完成,2025-10-22 20:40:24,2025-10-22 20:40:24,2025-10-22 20:40:25,饿了么支付-在线支付,,即时单,2025-10-22 20:40:24,5.78,扫码出餐,1,否,"【任选】披萨随心配（31.90*1）,餐盒（2.00*1）",不加一+新奥尔良烤鸡肉披萨(7英寸(手拍))+不加一+地道肠1根+柠檬茶,,,,非会员,67,,,依据餐量提供餐具,,31.90,16.64,7.00,0.00,0,0,2.51,0.00,5.60,【活动支出】超级会员专享红包:5.00元+【活动支出】 商家自营销加码:2.00元+【活动支出】替用户承担配送费:5.6元,-,-,-,2.00,温州区域,温州直营,,,否,-,平台配送
圣比萨（灵溪华侨路店）,SBS00005,温州,"8032686089035521322	",饿了么,平台外卖,已完成,2025-10-22 20:57:30,2025-10-22 20:57:30,2025-10-22 20:57:30,饿了么支付-在线支付,,即时单,2025-10-22 20:57:30,6.20,扫码出餐,1,否,"【任选】意面随心配（47.70*1）,餐盒（2.00*1）",招牌肉酱意面+川香脆皮大翅根(1个)+可乐+小薯条+芝士焗红薯泥,,,,非会员,68,,,依据餐量提供餐具,,47.70,27.19,9.00,0.00,0,0,3.96,0.00,5.00,【活动支出】店铺满减:1.00元+【活动支出】饿了么红包:8.00元+【活动支出】替用户承担配送费:5.0元,-,-,-,2.00,温州区域,温州直营,,,否,-,平台配送
圣比萨（灵溪华侨路店）,SBS00005,温州,"8079100255161801186	",饿了么,平台外卖,已完成,2025-10-22 21:06:52,2025-10-22 21:06:52,2025-10-22 21:06:52,饿了么支付-在线支付,,即时单,2025-10-22 21:06:52,7.50,扫码出餐,1,否,"明星至尊桶（39.90*1）,榴莲王披萨-9英寸(经典手拍)[{""name"":""规格"",""value"":""9英寸(经典手拍)""}]（92.00*1）,餐盒（4.00*1）",明星至尊桶+榴莲王披萨,,,,非会员,69,,,依据餐量提供餐具,,131.90,54.81,60.10,0.00,0,0,7.64,0.00,6.60,【活动支出】店铺满减:6.00元+【活动支出】单品特价:42.10元+【活动支出】饿了么红包:12.00元+【活动支出】替用户承担配送费:6.0元,-,-,-,4.00,温州区域,温州直营,,,否,-,平台配送
圣比萨（灵溪华侨路店）,SBS00005,温州,"8079050255073293757	",饿了么,平台外卖,已完成,2025-10-22 21:07:26,2025-10-22 21:07:26,2025-10-22 21:07:26,饿了么支付-在线支付,,即时单,2025-10-22 21:07:26,7.93,扫码出餐,1,否,"海苔肉松披萨-7英寸(经典手拍)[{""name"":""规格"",""value"":""7英寸(经典手拍)""}]（29.90*1）,红薯薯泥流心卷边（7英寸）（4.90*1）,餐盒（2.00*1）",海苔肉松披萨+红薯泥流心卷边7,,,,非会员,70,,,2份餐具,,34.80,18.14,7.00,0.00,0,0,2.81,0.00,7.70,【活动支出】饿了么红包:7.00元+【活动支出】替用户承担配送费:6.0元,-,-,-,2.00,温州区域,温州直营,,,否,-,平台配送
圣比萨（灵溪华侨路店）,SBS00005,温州,"8073380255079771432	",饿了么,平台外卖,已完成,2025-10-22 21:10:23,2025-10-22 21:10:23,2025-10-22 21:10:23,饿了么支付-在线支付,,即时单,2025-10-22 21:10:23,5.75,扫码出餐,1,否,"【随心❤️拼】7英寸双拼披萨(口味自选）[培根鸡肉+奥尔良]（26.90*1）,餐盒（2.00*1）",双拼7寸【碳烤鸡肉培根口味7】+双拼7寸【奥尔良口味7】,,,,非会员,71,,,"到了打这个电话18814955001,到了打这个电话18814955001 / 依据餐量提供餐具",,26.90,13.17,7.00,0.00,0,0,1.98,0.00,7.10,【活动支出】饿了么红包:7.00元+【活动支出】替用户承担配送费:6.0元,-,-,-,2.00,温州区域,温州直营,,,否,-,平台配送
圣比萨（灵溪华侨路店）,SBS00005,温州,"8030420255181269281	",饿了么,平台外卖,已完成,2025-10-22 21:24:59,2025-10-22 21:24:59,2025-10-22 21:24:59,饿了么支付-在线支付,,即时单,2025-10-22 21:24:59,6.50,扫码出餐,1,否,【买一送一】买披萨送披萨[奥尔良鸡肉披萨7英寸+日系照烧鸡披萨7英寸]（86.80*1）,新奥尔良烤鸡肉披萨【7英寸(手拍)】+日系照烧鸡披萨【7英寸(手拍)】,,,,非会员,72,,,依据餐量提供餐具,,86.80,21.82,54.90,0.00,0,0,3.03,0.00,6.10,【活动支出】单品特价:54.90元+【活动支出】替用户承担配送费:6.0元,-,-,-,0.00,温州区域,温州直营,,,否,-,平台配送
圣比萨（灵溪华侨路店）,SBS00005,温州,"8005876089059429882	",饿了么,平台外卖,已完成,2025-10-22 21:28:29,2025-10-22 21:28:29,2025-10-22 21:28:29,饿了么支付-在线支付,,即时单,2025-10-22 21:28:29,4.67,扫码出餐,1,否,"榴莲王披萨-7英寸（经典手拍)[{""name"":""规格"",""value"":""7英寸（经典手拍)""}]（52.00*1）,餐盒（2.00*1）",榴莲王披萨,,,,非会员,73,,,依据餐量提供餐具,,52.00,19.13,25.10,0.00,0,0,2.72,0.00,6.10,【活动支出】单品特价:18.10元+【活动支出】超级会员专享红包:5.00元+【活动支出】 商家自营销加码:2.00元+【活动支出】替用户承担配送费:6.0元,-,-,-,2.00,温州区域,温州直营,,,否,-,平台配送
圣比萨（灵溪华侨路店）,SBS00005,温州,"8096110255167839741	",饿了么,平台外卖,已完成,2025-10-22 21:37:04,2025-10-22 21:37:04,2025-10-22 21:37:04,饿了么支付-在线支付,,即时单,2025-10-22 21:37:04,8.03,手动出餐,1,否,"现烤蛋挞-1个[{""name"":""规格"",""value"":""1个""}]（3.90*1）,新奥尔良烤鸡肉披萨-7英寸(经典手拍)[{""name"":""规格"",""value"":""7英寸(经典手拍)""}]（23.90*1）,餐盒（4.00*1）",现烤蛋挞+新奥尔良烤鸡肉披萨,,,,非会员,74,,,依据餐量提供餐具,,27.80,15.16,7.00,0.00,0,0,2.29,0.00,6.60,【活动支出】饿了么红包:7.00元+【活动支出】替用户承担配送费:6.0元,-,-,-,4.00,温州区域,温州直营,,,否,-,平台配送
圣比萨（灵溪华侨路店）,SBS00005,温州,"8031896089066823112	",饿了么,平台外卖,已完成,2025-10-22 21:42:35,2025-10-22 21:42:35,2025-10-22 21:42:36,饿了么支付-在线支付,,即时单,2025-10-22 21:42:35,5.53,扫码出餐,1,否,"榴莲王披萨-7英寸（经典手拍)[{""name"":""规格"",""value"":""7英寸（经典手拍)""}]（52.00*1）,餐盒（2.00*1）",榴莲王披萨,,,,非会员,75,,,依据餐量提供餐具,,52.00,19.13,25.10,0.00,0,0,2.72,0.00,5.60,【活动支出】单品特价:18.10元+【活动支出】 商家自营销加码:2.00元+【活动支出】饿了么红包:5.00元+【活动支出】替用户承担配送费:5.6元,-,-,-,2.00,温州区域,温州直营,,,否,-,平台配送
圣比萨（灵溪华侨路店）,SBS00005,温州,"8004506089065061843	",饿了么,平台外卖,已完成,2025-10-22 21:53:31,2025-10-22 21:53:31,2025-10-22 21:53:31,饿了么支付-在线支付,,即时单,2025-10-22 21:53:31,7.72,扫码出餐,1,否,"榴莲多多薄脆披萨-单层[{""name"":""规格"",""value"":""单层""}]（102.00*1）,奥尔良烤翅（9.90*1）,餐盒（4.00*1）",榴莲多多薄脆披萨+奥尔良烤翅,,,,非会员,76,,,1份餐具,,111.90,31.50,70.50,0.00,0,0,4.45,0.00,5.60,【活动支出】店铺满减:6.00元+【活动支出】单品特价:55.50元+【活动支出】饿了么红包:9.00元+【活动支出】替用户承担配送费:5.6元,-,-,-,4.00,温州区域,温州直营,,,否,-,平台配送
圣比萨（灵溪华侨路店）,SBS00005,温州,"8034926089063896363	",饿了么,平台外卖,已完成,2025-10-22 22:02:32,2025-10-22 22:02:32,2025-10-22 22:02:33,饿了么支付-在线支付,,即时单,2025-10-22 22:02:32,10.07,扫码出餐,1,否,"奶酪芝士卷边（9英寸）（6.90*1）,新奥尔良烤鸡肉披萨-9英寸(经典手拍)[{""name"":""规格"",""value"":""9英寸(经典手拍)""}]（39.90*1）,餐盒（2.00*1）",奶酪芝士卷边9+新奥尔良烤鸡肉披萨,,,,非会员,77,,,2份餐具,,46.80,23.30,11.00,0.00,0,0,3.65,0.00,8.30,【活动支出】店铺满减:1.00元+【活动支出】粉丝群:1.00元+【活动支出】饿了么红包:9.00元+【活动支出】替用户承担配送费:6.0元,-,-,-,2.00,温州区域,温州直营,,,否,-,平台配送
圣比萨（灵溪华侨路店）,SBS00005,温州,"8052310255288044864	",饿了么,平台外卖,已完成,2025-10-22 22:34:05,2025-10-22 22:34:05,2025-10-22 22:34:05,饿了么支付-在线支付,,即时单,2025-10-22 22:34:05,5.23,扫码出餐,1,否,"新奥尔良烤鸡肉披萨-7英寸(经典手拍)[{""name"":""规格"",""value"":""7英寸(经典手拍)""}]（23.90*1）,餐盒（2.00*1）",新奥尔良烤鸡肉披萨,,,,非会员,78,,,1份餐具,,23.90,11.38,6.00,0.00,0,0,1.77,0.00,6.60,【活动支出】饿了么红包:6.00元+【活动支出】替用户承担配送费:6.0元,-,-,-,2.00,温州区域,温州直营,,,否,-,平台配送
圣比萨（灵溪华侨路店）,SBS00005,温州,"8081736089056705792	",饿了么,平台外卖,已完成,2025-10-22 22:37:51,2025-10-22 22:37:51,2025-10-22 22:37:51,饿了么支付-在线支付,,即时单,2025-10-22 22:37:51,2.95,手动出餐,1,否,新奥尔良烤鸡肉披萨7寸-单点（20.00*1）,新奥尔良烤鸡肉披萨【7英寸(手拍)】,,,,非会员,79,,,打电话就行，不在这个面馆 / 依据餐量提供餐具,,20.00,10.00,0.00,0.00,0,0,0.00,0.00,,【活动支出】爆品团通吃券:0.00元,-,-,-,0.00,温州区域,温州直营,,,否,-,平台配送
圣比萨（欧洲城店）,SBS00001,温州,"8033546088758631826	",饿了么,平台外卖,已完成,2025-10-22 10:04:21,2025-10-22 10:04:21,2025-10-22 10:04:21,饿了么支付-在线支付,,即时单,2025-10-22 10:04:21,10.22,自动出餐,1,否,"【随心❤️拼】7英寸披萨(口味自选）[奥尔良+日系照烧]（54.00*1）,餐盒（2.00*1）",双拼7寸【奥尔良口味7】+双拼7寸【日系照烧口味7】,,,,非会员,1,,,1份餐具,,54.00,12.12,37.10,0.00,0,0,1.43,0.00,3.50,【活动支出】首次光顾立减:1.00元+【活动支出】单品特价:29.10元+【活动支出】CPS商户叠加券:0.00元+【活动支出】饿了么红包:7.00元+【活动支出】替用户承担配送费:3.5元,-,-,-,2.00,温州区域,温州直营,,,否,-,平台配送
圣比萨（欧洲城店）,SBS00001,温州,"8021736088746834266	",饿了么,平台外卖,已完成,2025-10-22 10:18:24,2025-10-22 10:18:24,2025-10-22 10:18:24,饿了么支付-在线支付,,即时单,2025-10-22 10:18:24,9.82,手动出餐,1,否,"【随心❤️拼】9英寸披萨(口味自选）[水果+日系照烧]（80.00*1）,餐盒（2.00*1）",双拼9寸【缤纷水果口味9】+双拼9寸【日系照烧口味9】,,,,非会员,2,,,"不要香菜, 不要葱 不要芹菜 / 依据餐量提供餐具",,80.00,19.16,55.10,0.00,0,0,1.79,0.00,3.50,【活动支出】单品特价:45.10元+【活动支出】 商家自营销加码:0.00元+【活动支出】精准营销:2.00元+【活动支出】饿了么红包:8.00元+【活动支出】替用户承担配送费:3.5元,-,-,-,2.00,温州区域,温州直营,,,否,-,平台配送
圣比萨（欧洲城店）,SBS00001,温州,"8036030254766948782	",饿了么,平台外卖,已完成,2025-10-22 10:38:26,2025-10-22 10:38:26,2025-10-22 10:38:27,饿了么支付-在线支付,,即时单,2025-10-22 10:38:26,10.05,自动出餐,1,否,"蛋挞一个（原味）（5.00*1）,可乐[冷]（5.00*1）,金沙咸蛋黄嫩鸡披萨-7英寸(手拍)[{""name"":""规格"",""value"":""7英寸(手拍)""}]（52.00*1）,台式香烤地道肠（7.50*1）,餐盒（4.00*1）",蛋挞1个+可乐+金沙咸蛋黄嫩鸡披萨+地道肠1根,,,,非会员,3,,,依据餐量提供餐具,,69.50,16.28,49.71,0.00,0,0,1.56,0.00,3.50,【活动支出】店铺满减:1.00元+【活动支出】单品特价:4.01元+【活动支出】单品特价:26.10元+【活动支出】单品特价:3.60元+【活动支出】订单集点返红包:7.00元+【活动支出】饿了么红包:8.00元+【活动支出】替用户承担配送费:3.5元,-,-,-,4.00,温州区域,温州直营,,,否,-,平台配送
圣比萨（欧洲城店）,SBS00001,温州,"8031566088819924449	",饿了么,平台外卖,已完成,2025-10-22 11:23:00,2025-10-22 11:23:00,2025-10-22 11:23:01,饿了么支付-在线支付,,即时单,2025-10-22 11:23:00,10.07,自动出餐,1,否,"新奥尔良烤鸡肉披萨-7英寸[{""name"":""规格"",""value"":""7英寸""}]（58.00*1）,餐盒（2.00*1）",新奥尔良烤鸡肉披萨,,,,非会员,4,,,1份餐具,,58.00,9.12,44.10,0.00,0,0,1.43,0.00,3.50,【活动支出】首次光顾立减:1.00元+【活动支出】单品特价:36.10元+【活动支出】饿了么红包:7.00元+【活动支出】替用户承担配送费:3.5元,-,-,-,2.00,温州区域,温州直营,,,否,-,平台配送
圣比萨（欧洲城店）,SBS00001,温州,"8085180255006796136	",饿了么,平台外卖,已完成,2025-10-22 11:27:48,2025-10-22 11:27:48,2025-10-22 11:27:48,饿了么支付-在线支付,,即时单,2025-10-22 11:27:48,10.12,自动出餐,1,否,"新奥尔良烤鸡肉披萨-7英寸[{""name"":""规格"",""value"":""7英寸""}]（58.00*1）,餐盒（2.00*1）",新奥尔良烤鸡肉披萨,,,,非会员,5,,,1份餐具,,58.00,9.12,44.10,0.00,0,0,1.43,0.00,3.50,【活动支出】首次光顾立减:1.00元+【活动支出】单品特价:36.10元+【活动支出】饿了么红包:7.00元+【活动支出】替用户承担配送费:3.5元,-,-,-,2.00,温州区域,温州直营,,,否,-,平台配送
圣比萨（欧洲城店）,SBS00001,温州,"8007380255007155459	",饿了么,平台外卖,已完成,2025-10-22 11:27:51,2025-10-22 11:27:51,2025-10-22 11:27:51,饿了么支付-在线支付,,即时单,2025-10-22 11:27:51,9.93,手动出餐,1,否,"奶酪芝士卷边（9英寸）（6.90*1）,港式奶茶[热]（10.00*1）,【随心❤️拼】9英寸披萨(口味自选）[水果+日系照烧]（80.00*1）,餐盒（3.00*1）",奶酪芝士卷边9+港式奶茶+双拼9寸【缤纷水果口味9】+双拼9寸【日系照烧口味9】,,,,非会员,6,,,依据餐量提供餐具,,96.90,26.19,64.10,0.00,0,0,2.46,0.00,4.00,【活动支出】店铺满减:1.00元+【活动支出】首次光顾立减:1.00元+【活动支出】单品特价:2.00元+【活动支出】单品特价:45.10元+【活动支出】粉丝群:3.00元+【活动支出】饿了么红包:12.00元+【活动支出】替用户承担配送费:4.0元,-,-,-,3.00,温州区域,温州直营,,,否,-,平台配送
圣比萨（欧洲城店）,SBS00001,温州,"8084936088867450247	",饿了么,平台外卖,已完成,2025-10-22 12:06:18,2025-10-22 12:06:18,2025-10-22 12:06:19,饿了么支付-在线支付,,即时单,2025-10-22 12:06:18,8.65,手动出餐,1,否,"芒果汁[常温]（10.00*1）,【随心❤️拼】7英寸披萨(口味自选）[水果+水果]（54.00*1）,餐盒（3.00*1）",芒果汁+双拼7寸【缤纷水果口味7】+双拼7寸【缤纷水果口味7】,,,,非会员,7,,,依据餐量提供餐具,,64.00,18.23,41.10,0.00,0,0,1.72,0.00,3.50,【活动支出】首次光顾立减:1.00元+【活动支出】单品特价:4.00元+【活动支出】单品特价:29.10元+【活动支出】饿了么红包:7.00元+【活动支出】替用户承担配送费:3.5元,-,-,-,3.00,温州区域,温州直营,,,否,-,平台配送
圣比萨（欧洲城店）,SBS00001,温州,"8021676088867358057	",饿了么,平台外卖,已完成,2025-10-22 12:12:52,2025-10-22 12:12:52,2025-10-22 12:12:52,饿了么支付-在线支付,,即时单,2025-10-22 12:12:52,10.07,自动出餐,1,否,手握三选一-单点[日式照烧]（20.00*1）,日式烧鸟风味一人食盒子披萨,,,,非会员,8,,,依据餐量提供餐具,,20.00,10.00,0.00,0.00,0,0,0.00,0.00,,【活动支出】爆品团通吃券:0.00元,-,-,-,0.00,温州区域,温州直营,,,否,-,平台配送
圣比萨（欧洲城店）,SBS00001,温州,"8032706088852565448	",饿了么,平台外卖,已完成,2025-10-22 12:21:42,2025-10-22 12:21:42,2025-10-22 12:21:43,饿了么支付-在线支付,,即时单,2025-10-22 12:21:42,6.28,手动出餐,1,否,"新奥尔良烤鸡肉披萨-7英寸[{""name"":""规格"",""value"":""7英寸""}]（58.00*1）,台式香烤地道肠（7.50*1）,餐盒（3.00*1）",新奥尔良烤鸡肉披萨+地道肠1根,,,,非会员,9,,,无需餐具,,65.50,15.02,46.70,0.00,0,0,1.43,0.00,3.50,【活动支出】单品特价:36.10元+【活动支出】单品特价:3.60元+【活动支出】饿了么红包:7.00元+【活动支出】替用户承担配送费:3.5元,-,-,-,3.00,温州区域,温州直营,,,否,-,平台配送
圣比萨（欧洲城店）,SBS00001,温州,"8093896088881072428	",饿了么,平台外卖,已完成,2025-10-22 12:39:54,2025-10-22 12:39:54,2025-10-22 12:39:54,饿了么支付-在线支付,,即时单,2025-10-22 12:39:54,8.78,手动出餐,1,否,"【随心❤️拼】9英寸披萨(口味自选）[培根鸡肉+水果]（80.00*1）,餐盒（2.00*1）",双拼9寸【鸡肉培根口味9】+双拼9寸【缤纷水果口味9】,,,,非会员,10,,,依据餐量提供餐具,,80.00,18.23,56.10,0.00,0,0,1.72,0.00,4.00,【活动支出】首次光顾立减:1.00元+【活动支出】单品特价:45.10元+【活动支出】粉丝群:3.00元+【活动支出】饿了么红包:7.00元+【活动支出】替用户承担配送费:4.0元,-,-,-,2.00,温州区域,温州直营,,,否,-,平台配送
圣比萨（欧洲城店）,SBS00001,温州,"8056110254983673168	",饿了么,平台外卖,已完成,2025-10-22 13:19:12,2025-10-22 13:19:12,2025-10-22 13:19:12,饿了么支付-在线支付,,即时单,2025-10-22 13:19:12,7.08,手动出餐,1,否,"点击右上角❤️收藏得小吃[墨鱼丸1个]（2.00*1）,番茄牛肉意面（52.00*1）,【任选】一人食盒子披萨4选1-新奥尔良烤鸡肉一人食盒子披萨[{""name"":""规格"",""value"":""新奥尔良烤鸡肉一人食盒子披萨""}]（9.90*1）,餐盒（3.00*1）",深海墨鱼丸1个+番茄牛肉意面+奥尔良风情烤鸡肉一人食盒子披萨,,,,非会员,11,,,依据餐量提供餐具,,63.90,18.23,41.00,0.00,0,0,1.72,0.00,4.00,【活动支出】单品特价:1.90元+【活动支出】单品特价:28.10元+【活动支出】精准营销红包:3.00元+【活动支出】饿了么红包:8.00元+【活动支出】替用户承担配送费:4.0元,-,-,-,3.00,温州区域,温州直营,,,否,-,平台配送
圣比萨（欧洲城店）,SBS00001,温州,"8063470254890666397	",饿了么,平台外卖,已完成,2025-10-22 13:22:18,2025-10-22 13:22:18,2025-10-22 13:22:18,饿了么支付-在线支付,,即时单,2025-10-22 13:22:18,9.78,手动出餐,1,否,"奶酪芝士卷边（7英寸）（4.90*1）,【任选2件套】买一送一7英寸披萨[奥尔良鸡肉披萨7英寸+圣比招牌披萨7英寸]（86.80*1）,餐盒（2.00*1）",奶酪芝士卷边7+新奥尔良烤鸡肉披萨【7英寸(手拍)】+大圣招牌大满贯披萨【7英寸(手拍)】,,,,非会员,12,,,依据餐量提供餐具,,91.70,27.07,56.30,0.00,0,0,2.58,0.00,3.50,【活动支出】店铺满减:1.00元+【活动支出】单品特价:46.30元+【活动支出】饿了么红包:9.00元+【活动支出】替用户承担配送费:3.5元,-,-,-,2.00,温州区域,温州直营,,,否,-,平台配送
圣比萨（欧洲城店）,SBS00001,温州,"8041360254999262690	",饿了么,平台外卖,已完成,2025-10-22 13:39:56,2025-10-22 13:39:56,2025-10-22 13:39:57,饿了么支付-在线支付,,即时单,2025-10-22 13:39:56,10.07,自动出餐,1,否,"蛋挞一个（原味）（5.00*1）,点击右上角❤️收藏得小吃[墨鱼丸1个]（2.00*1）,【随心❤️拼】7英寸披萨(口味自选）[奥尔良+日系照烧]（54.00*1）,台式香烤地道肠（7.50*1）,餐盒（5.00*1）",蛋挞1个+深海墨鱼丸1个+双拼7寸【奥尔良口味7】+双拼7寸【日系照烧口味7】+地道肠1根,,,,非会员,13,,,依据餐量提供餐具,,68.50,17.30,48.61,0.00,0,0,1.64,0.00,3.50,【活动支出】首次光顾立减:1.00元+【活动支出】单品特价:4.01元+【活动支出】单品特价:1.90元+【活动支出】单品特价:29.10元+【活动支出】单品特价:3.60元+【活动支出】精准营销:2.00元+【活动支出】饿了么红包:7.00元+【活动支出】替用户承担配送费:3.5元,-,-,-,5.00,温州区域,温州直营,,,否,-,平台配送
圣比萨（欧洲城店）,SBS00001,温州,"8068966088868414788	",饿了么,平台外卖,已完成,2025-10-22 13:46:06,2025-10-22 13:46:06,2025-10-22 13:46:07,饿了么支付-在线支付,,即时单,2025-10-22 13:46:06,9.13,手动出餐,1,否,"新奥尔良烤鸡肉披萨-7英寸[{""name"":""规格"",""value"":""7英寸""}]（58.00*1）,咸蛋黄风味流沙卷边（7英寸）（4.90*1）,餐盒（2.00*1）",新奥尔良烤鸡肉披萨+咸蛋黄流沙卷边7,,,,非会员,14,,,2份餐具,,62.90,15.02,43.10,0.00,0,0,1.43,0.00,3.50,【活动支出】单品特价:36.10元+【活动支出】饿了么红包:7.00元+【活动支出】替用户承担配送费:3.5元,-,-,-,2.00,温州区域,温州直营,,,否,-,平台配送
圣比萨（欧洲城店）,SBS00001,温州,"8088100254910280027	",饿了么,平台外卖,已完成,2025-10-22 14:11:19,2025-10-22 14:11:19,2025-10-22 14:11:19,饿了么支付-在线支付,,即时单,2025-10-22 14:11:19,7.93,手动出餐,1,否,"奶酪芝士卷边（7英寸）（4.90*1）,【随心❤️拼】7英寸披萨(口味自选）[水果+奥尔良]（54.00*1）,餐盒（2.00*1）",奶酪芝士卷边7+双拼7寸【缤纷水果口味7】+双拼7寸【奥尔良口味7】,,,,非会员,15,,,依据餐量提供餐具,,58.90,12.12,41.10,0.00,0,0,1.43,0.00,4.50,【活动支出】单品特价:29.10元+【活动支出】订单集点返红包:7.00元+【活动支出】饿了么红包:5.00元+【活动支出】替用户承担配送费:4.5元,-,-,-,2.00,温州区域,温州直营,,,否,-,平台配送
圣比萨（欧洲城店）,SBS00001,温州,"8008826088865083699	",饿了么,平台外卖,已完成,2025-10-22 14:21:03,2025-10-22 14:21:03,2025-10-22 14:21:04,饿了么支付-在线支付,,即时单,2025-10-22 14:21:03,7.87,手动出餐,1,否,"新奥尔良烤鸡肉披萨-7英寸[{""name"":""规格"",""value"":""7英寸""}]（58.00*1）,明星小食桶B（36.00*1）,餐盒（4.00*1）",新奥尔良烤鸡肉披萨+明星小食桶B,,,,非会员,16,,,依据餐量提供餐具,,94.00,22.16,67.20,0.00,0,0,2.09,0.00,3.50,【活动支出】店铺满减:1.00元+【活动支出】首次光顾立减:1.00元+【活动支出】单品特价:36.10元+【活动支出】单品特价:21.10元+【活动支出】超级会员专享红包:8.00元+【活动支出】 商家自营销加码:0.00元+【活动支出】替用户承担配送费:3.5元,-,-,-,4.00,温州区域,温州直营,,,否,-,平台配送
圣比萨（欧洲城店）,SBS00001,温州,"8026676088936394215	",饿了么,平台外卖,已完成,2025-10-22 15:25:22,2025-10-22 15:25:22,2025-10-22 15:25:23,饿了么支付-在线支付,,即时单,2025-10-22 15:25:22,7.40,手动出餐,1,否,"缤纷水果披萨-7英寸(手拍)[{""name"":""规格"",""value"":""7英寸(手拍)""}]（42.00*1）,【任选】一人食盒子披萨4选1-新奥尔良烤鸡肉一人食盒子披萨[{""name"":""规格"",""value"":""新奥尔良烤鸡肉一人食盒子披萨""}]（9.90*1）,餐盒（3.00*1）",缤纷水果披萨+奥尔良风情烤鸡肉一人食盒子披萨,,,,非会员,17,,,依据餐量提供餐具,,51.90,20.31,26.10,0.00,0,0,1.94,0.00,3.50,【活动支出】单品特价:18.10元+【活动支出】饿了么红包:8.00元+【活动支出】替用户承担配送费:3.5元,-,-,-,3.00,温州区域,温州直营,,,否,-,平台配送
圣比萨（欧洲城店）,SBS00001,温州,"8086826088890547539	",饿了么,平台外卖,已完成,2025-10-22 16:01:54,2025-10-22 16:01:54,2025-10-22 16:01:55,饿了么支付-在线支付,,预约单,2025-10-22 16:55:00,8.22,自动出餐,1,否,"圣比招牌披萨-7寸(经典手拍)[{""name"":""规格"",""value"":""7寸(经典手拍)""}]（45.00*1）,餐盒（2.00*1）",大圣招牌大满贯披萨,,,,非会员,18,,,4份餐具,,45.00,14.12,26.10,0.00,0,0,1.43,0.00,3.50,【活动支出】首次光顾立减:1.00元+【活动支出】单品特价:15.10元+【活动支出】精准营销红包:3.00元+【活动支出】饿了么红包:7.00元+【活动支出】替用户承担配送费:3.5元,-,-,-,2.00,温州区域,温州直营,,,否,-,平台配送
圣比萨（欧洲城店）,SBS00001,温州,"8059080255017432402	",饿了么,平台外卖,已完成,2025-10-22 16:04:45,2025-10-22 16:04:45,2025-10-22 16:04:45,饿了么支付-在线支付,,即时单,2025-10-22 16:04:45,5.55,手动出餐,1,否,"新奥尔良烤鸡肉披萨-7英寸[{""name"":""规格"",""value"":""7英寸""}]（58.00*1）,餐盒（2.00*1）",新奥尔良烤鸡肉披萨,,,,非会员,19,,,1份餐具,,58.00,9.12,44.10,0.00,0,0,1.43,0.00,3.50,【活动支出】首次光顾立减:1.00元+【活动支出】单品特价:36.10元+【活动支出】 商家自营销加码:2.00元+【活动支出】超会爆红包省钱包:5.00元+【活动支出】替用户承担配送费:3.5元,-,-,-,2.00,温州区域,温州直营,,,否,-,平台配送
圣比萨（欧洲城店）,SBS00001,温州,"8092756088957175258	",饿了么,平台外卖,已完成,2025-10-22 16:29:58,2025-10-22 16:29:58,2025-10-22 16:29:59,饿了么支付-在线支付,,即时单,2025-10-22 16:29:58,9.43,手动出餐,1,否,"蛋挞一个（原味）（5.00*1）,点击右上角❤️收藏得小吃[上校鸡块2个]（2.00*1）,红薯薯泥流心卷边（7英寸）（4.90*1）,榴莲王披萨-7英寸(经典手拍)[{""name"":""规格"",""value"":""7英寸(经典手拍)""}]（52.00*1）,餐盒（4.00*1）",蛋挞1个+上校鸡块2个+红薯泥流心卷边7+榴莲王披萨,,,,非会员,20,,,1份餐具,,63.90,23.20,35.01,0.00,0,0,2.24,0.00,5.00,【活动支出】店铺满减:1.00元+【活动支出】首次光顾立减:1.00元+【活动支出】单品特价:4.01元+【活动支出】单品特价:1.90元+【活动支出】单品特价:22.10元+【活动支出】吃货豆兑换的商家券:5.00元+【活动支出】替用户承担配送费:5.0元,-,-,-,4.00,温州区域,温州直营,,,否,-,平台配送
圣比萨（欧洲城店）,SBS00001,温州,"8099566088967049711	",饿了么,平台外卖,已完成,2025-10-22 16:54:25,2025-10-22 16:54:25,2025-10-22 16:54:26,饿了么支付-在线支付,,即时单,2025-10-22 16:54:25,7.73,手动出餐,1,否,"明星至尊桶（59.00*1）,奶酪芝士卷边（7英寸）（4.90*1）,浪漫威尼斯披萨-7英寸(手拍)[{""name"":""规格"",""value"":""7英寸(手拍)""}]（42.00*1）,餐盒（4.00*1）",明星至尊桶+奶酪芝士卷边7+浪漫威尼斯披萨,,,,非会员,21,,,依据餐量提供餐具,,105.90,36.00,62.20,0.00,0,0,3.35,0.00,3.50,【活动支出】店铺满减:6.00元+【活动支出】首次光顾立减:1.00元+【活动支出】单品特价:24.10元+【活动支出】单品特价:16.10元+【活动支出】粉丝群:3.00元+【活动支出】饿了么红包:12.00元+【活动支出】替用户承担配送费:3.5元,-,-,-,4.00,温州区域,温州直营,,,否,-,平台配送
圣比萨（欧洲城店）,SBS00001,温州,"8053676088920666525	",饿了么,平台外卖,已完成,2025-10-22 17:04:02,2025-10-22 17:04:02,2025-10-22 17:04:02,饿了么支付-在线支付,,即时单,2025-10-22 17:04:02,8.38,手动出餐,1,否,"金沙咸蛋黄嫩鸡披萨-7英寸(手拍)[{""name"":""规格"",""value"":""7英寸(手拍)""}]（52.00*1）,餐盒（2.00*1）",金沙咸蛋黄嫩鸡披萨,,,,非会员,22,,,依据餐量提供餐具,,52.00,14.12,33.10,0.00,0,0,1.43,0.00,3.50,【活动支出】单品特价:26.10元+【活动支出】 商家自营销加码:2.00元+【活动支出】饿了么红包:5.00元+【活动支出】替用户承担配送费:3.5元,-,-,-,2.00,温州区域,温州直营,,,否,-,平台配送
圣比萨（欧洲城店）,SBS00001,温州,"8057070255059246497	",饿了么,平台外卖,已完成,2025-10-22 17:08:11,2025-10-22 17:08:11,2025-10-22 17:08:11,饿了么支付-在线支付,,即时单,2025-10-22 17:08:11,7.58,手动出餐,1,否,"金沙咸蛋黄嫩鸡披萨-7英寸(手拍)[{""name"":""规格"",""value"":""7英寸(手拍)""}]（52.00*1）,餐盒（2.00*1）",金沙咸蛋黄嫩鸡披萨,,,,非会员,23,,,不要敲门，放在门口/ 依据餐量提供餐具,,52.00,12.22,34.10,0.00,0,0,1.43,0.00,5.00,【活动支出】首次光顾立减:1.00元+【活动支出】单品特价:26.10元+【活动支出】 商家自营销加码:2.00元+【活动支出】CPS商户叠加券:0.00元+【活动支出】饿了么红包:5.00元+【活动支出】淘金币:0.00元+【活动支出】替用户承担配送费:5.0元,-,-,-,2.00,温州区域,温州直营,,,否,-,平台配送
圣比萨（欧洲城店）,SBS00001,温州,"8002926088960240122	",饿了么,平台外卖,已完成,2025-10-22 17:20:39,2025-10-22 17:20:39,2025-10-22 17:20:40,饿了么支付-在线支付,,即时单,2025-10-22 17:20:39,10.23,自动出餐,1,否,手握三选一-单点[奥尔良]（20.00*1）,奥尔良风情烤鸡肉一人食盒子披萨,,,,非会员,24,,,依据餐量提供餐具,,20.00,10.00,0.00,0.00,0,0,0.00,0.00,,【活动支出】爆品团通吃券:0.00元,-,-,-,0.00,温州区域,温州直营,,,否,-,平台配送
圣比萨（欧洲城店）,SBS00001,温州,"8049946088979728736	",饿了么,平台外卖,已完成,2025-10-22 17:25:03,2025-10-22 17:25:03,2025-10-22 17:25:03,饿了么支付-在线支付,,即时单,2025-10-22 17:25:03,10.15,自动出餐,1,否,"奶酪芝士卷边（7英寸）（4.90*1）,【随心❤️拼】7英寸披萨(口味自选）[浪漫威尼斯+培根鸡肉]（54.00*1）,餐盒（2.00*1）",奶酪芝士卷边7+双拼7寸【浪漫威尼斯口味7】+双拼7寸【碳烤鸡肉培根口味7】,,,,非会员,25,,,尽早 / 依据餐量提供餐具,,58.90,13.22,39.10,0.00,0,0,1.43,0.00,5.60,【活动支出】首次光顾立减:1.00元+【活动支出】单品特价:29.10元+【活动支出】精准营销:2.00元+【活动支出】饿了么红包:7.00元+【活动支出】替用户承担配送费:5.6元,-,-,-,2.00,温州区域,温州直营,,,否,-,平台配送
圣比萨（欧洲城店）,SBS00001,温州,"8066460255060352264	",饿了么,平台外卖,已完成,2025-10-22 17:28:31,2025-10-22 17:28:31,2025-10-22 17:28:31,饿了么支付-在线支付,,即时单,2025-10-22 17:28:31,7.22,手动出餐,1,否,"【任选】意面随心配（29.90*1）,餐盒（2.00*1）",柠檬茶+不加一+地道肠1根+蛋挞1个+盐酥鸡米花小份+番茄牛肉意面+不加一,,,,非会员,26,,,依据餐量提供餐具,,29.90,17.31,7.00,0.00,0,0,1.64,0.00,3.50,【活动支出】超级会员专享红包:5.00元+【活动支出】 商家自营销加码:2.00元+【活动支出】替用户承担配送费:3.5元,-,-,-,2.00,温州区域,温州直营,,,否,-,平台配送
圣比萨（欧洲城店）,SBS00001,温州,"8059090255077074312	",饿了么,平台外卖,已完成,2025-10-22 17:31:37,2025-10-22 17:31:37,2025-10-22 17:31:37,饿了么支付-在线支付,,即时单,2025-10-22 17:31:37,4.17,手动出餐,1,否,"番茄牛肉意面（52.00*1）,餐盒（1.00*1）",番茄牛肉意面,,,,非会员,27,,,依据餐量提供餐具,,52.00,12.12,34.10,0.00,0,0,1.43,0.00,3.50,【活动支出】单品特价:28.10元+【活动支出】饿了么红包:6.00元+【活动支出】替用户承担配送费:3.5元,-,-,-,1.00,温州区域,温州直营,,,否,-,平台配送
圣比萨（欧洲城店）,SBS00001,温州,"8059090254976444780	",饿了么,平台外卖,已完成,2025-10-22 17:32:30,2025-10-22 17:32:30,2025-10-22 17:32:30,饿了么支付-在线支付,,即时单,2025-10-22 17:32:30,6.10,手动出餐,1,否,"榴莲王披萨-7英寸(经典手拍)[{""name"":""规格"",""value"":""7英寸(经典手拍)""}]（52.00*1）,餐盒（2.00*1）",榴莲王披萨,,,,非会员,28,,,依据餐量提供餐具,,52.00,17.31,29.10,0.00,0,0,1.64,0.00,3.50,【活动支出】单品特价:22.10元+【活动支出】饿了么红包:7.00元+【活动支出】替用户承担配送费:3.5元,-,-,-,2.00,温州区域,温州直营,,,否,-,平台配送
圣比萨（欧洲城店）,SBS00001,温州,"8064240255167736284	",饿了么,平台外卖,已完成,2025-10-22 17:44:59,2025-10-22 17:44:59,2025-10-22 17:44:59,饿了么支付-在线支付,,即时单,2025-10-22 17:44:59,9.95,手动出餐,1,否,"【任选】意面随心配（35.80*1）,餐盒（2.00*1）",芒果汁+金丝鸡排+蛋挞1个+上校鸡块2个+深海墨鱼丸2个+番茄牛肉意面+不加一,,,,非会员,29,,,依据餐量提供餐具,,35.80,21.24,8.00,0.00,0,0,2.01,0.00,3.50,【活动支出】饿了么红包:8.00元+【活动支出】替用户承担配送费:3.5元,-,-,-,2.00,温州区域,温州直营,,,否,-,平台配送
圣比萨（欧洲城店）,SBS00001,温州,"8093816088974606699	",饿了么,平台外卖,已完成,2025-10-22 17:48:35,2025-10-22 17:48:35,2025-10-22 17:48:36,饿了么支付-在线支付,,即时单,2025-10-22 17:48:35,10.02,自动出餐,1,否,"【随心❤️拼】9英寸披萨(口味自选）[奥尔良+水果]（80.00*1）,餐盒（2.00*1）",双拼9寸【奥尔良口味9】+双拼9寸【缤纷水果口味9】,,,,非会员,30,,,1份餐具,,80.00,21.33,52.10,0.00,0,0,2.02,0.00,4.00,【活动支出】单品特价:45.10元+【活动支出】饿了么红包:7.00元+【活动支出】替用户承担配送费:4.0元,-,-,-,2.00,温州区域,温州直营,,,否,-,平台配送
圣比萨（欧洲城店）,SBS00001,温州,"8013886088973084992	",饿了么,平台外卖,已完成,2025-10-22 17:48:40,2025-10-22 17:48:40,2025-10-22 17:48:40,饿了么支付-在线支付,,即时单,2025-10-22 17:48:40,10.15,自动出餐,1,否,"蛋挞一个（原味）（5.00*1）,招牌肉酱意面（52.00*1）,餐盒（2.00*1）",蛋挞1个+招牌肉酱意面,,,,非会员,31,,,依据餐量提供餐具,,57.00,13.11,39.11,0.00,0,0,1.43,0.00,3.50,【活动支出】单品特价:4.01元+【活动支出】单品特价:28.10元+【活动支出】饿了么红包:7.00元+【活动支出】替用户承担配送费:3.5元,-,-,-,2.00,温州区域,温州直营,,,否,-,平台配送
圣比萨（欧洲城店）,SBS00001,温州,"8036080255090116918	",饿了么,平台外卖,已退款,2025-10-22 17:52:48,2025-10-22 17:52:48,2025-10-22 17:52:48,饿了么支付-在线支付,,即时单,2025-10-22 17:52:48,,未出餐,1,否,"【任选】披萨随心配（29.90*1）,餐盒（2.00*1）",不加一+新奥尔良烤鸡肉披萨(7英寸(手拍))+深海墨鱼丸2个+芒果汁+不加一,,,,非会员,32,,,依据餐量提供餐具,"餐厅同意取消单 ",29.90,-8.64,1.00,30.90,0,0,2.09,0.00,3.50,【活动支出】首次光顾立减:1.00元+【活动支出】替用户承担配送费:3.5元,-,-,-,2.00,温州区域,温州直营,,,否,-,平台配送
圣比萨（欧洲城店）,SBS00001,温州,"8036080255090119135	",饿了么,平台外卖,已退款,2025-10-22 17:58:18,2025-10-22 17:58:18,2025-10-22 17:58:19,饿了么支付-在线支付,,即时单,2025-10-22 17:58:18,,未出餐,1,否,"【任选】披萨随心配（29.90*1）,餐盒（2.00*1）",不加一+新奥尔良烤鸡肉披萨(7英寸(手拍))+深海墨鱼丸2个+芒果汁+不加一,,,,非会员,33,,,依据餐量提供餐具,订单强制无效（商家主动取消已接订单、用户1分钟内取消),29.90,-2.52,8.00,18.90,0,0,1.57,0.00,3.50,【活动支出】首次光顾立减:1.00元+【活动支出】 商家自营销加码:2.00元+【活动支出】饿了么红包:5.00元+【活动支出】替用户承担配送费:3.5元,-,-,-,2.00,温州区域,温州直营,,,否,-,平台配送
圣比萨（欧洲城店）,SBS00001,温州,"8025400255001293111	",饿了么,平台外卖,已完成,2025-10-22 18:09:40,2025-10-22 18:09:40,2025-10-22 18:09:40,饿了么支付-在线支付,,即时单,2025-10-22 18:09:40,7.75,手动出餐,1,否,"可乐[常温]（5.00*1）,缤纷水果披萨-9英寸(手拍)[{""name"":""规格"",""value"":""9英寸(手拍)""}]（75.00*1）,明星小食桶A（35.00*1）,餐盒（4.00*1）",可乐+缤纷水果披萨+上校鸡块+经典薯条+深海墨鱼丸2个,,,,非会员,34,,,依据餐量提供餐具,,115.00,28.36,80.20,0.00,0,0,2.69,0.00,3.50,【活动支出】店铺满减:1.00元+【活动支出】首次光顾立减:1.00元+【活动支出】单品特价:41.10元+【活动支出】单品特价:25.10元+【活动支出】精准营销红包:3.00元+【活动支出】饿了么红包:9.00元+【活动支出】替用户承担配送费:3.5元,-,-,-,4.00,温州区域,温州直营,,,否,-,平台配送
圣比萨（欧洲城店）,SBS00001,温州,"8077506088962643344	",饿了么,平台外卖,已完成,2025-10-22 18:12:43,2025-10-22 18:12:43,2025-10-22 18:12:43,饿了么支付-在线支付,,即时单,2025-10-22 18:12:43,1.55,手动出餐,1,否,"新奥尔良烤鸡肉披萨-7英寸[{""name"":""规格"",""value"":""7英寸""}]（58.00*1）,餐盒（2.00*1）",新奥尔良烤鸡肉披萨,,,,非会员,35,,,依据餐量提供餐具,,58.00,10.12,43.10,0.00,0,0,1.43,0.00,3.50,【活动支出】单品特价:36.10元+【活动支出】 商家自营销加码:2.00元+【活动支出】CPS商户叠加券:0.00元+【活动支出】饿了么红包:5.00元+【活动支出】替用户承担配送费:3.5元,-,-,-,2.00,温州区域,温州直营,,,否,-,平台配送
圣比萨（欧洲城店）,SBS00001,温州,"8094846088981196051	",饿了么,平台外卖,已完成,2025-10-22 18:16:36,2025-10-22 18:16:36,2025-10-22 18:16:36,饿了么支付-在线支付,,即时单,2025-10-22 18:16:36,9.13,手动出餐,1,否,"新奥尔良烤鸡肉披萨-7英寸[{""name"":""规格"",""value"":""7英寸""}]（58.00*1）,餐盒（2.00*1）",新奥尔良烤鸡肉披萨,,,,非会员,36,,,依据餐量提供餐具,,58.00,7.32,44.10,0.00,0,0,1.43,0.00,5.60,【活动支出】首次光顾立减:1.00元+【活动支出】单品特价:36.10元+【活动支出】 商家自营销加码:2.00元+【活动支出】饿了么红包:5.00元+【活动支出】替用户承担配送费:5.6元,-,-,-,2.00,温州区域,温州直营,,,否,-,平台配送
圣比萨（欧洲城店）,SBS00001,温州,"8065936088980468193	",饿了么,平台外卖,已完成,2025-10-22 18:23:08,2025-10-22 18:23:08,2025-10-22 18:23:09,饿了么支付-在线支付,,即时单,2025-10-22 18:23:08,10.02,自动出餐,1,否,"奶酪芝士卷边（7英寸）（4.90*1）,新奥尔良烤鸡肉披萨-7英寸[{""name"":""规格"",""value"":""7英寸""}]（58.00*1）,餐盒（2.00*1）",奶酪芝士卷边7+新奥尔良烤鸡肉披萨,,,,非会员,37,,,依据餐量提供餐具,,62.90,14.02,44.10,0.00,0,0,1.43,0.00,3.50,【活动支出】首次光顾立减:1.00元+【活动支出】单品特价:36.10元+【活动支出】 商家自营销加码:2.00元+【活动支出】饿了么红包:5.00元+【活动支出】替用户承担配送费:3.5元,-,-,-,2.00,温州区域,温州直营,,,否,-,平台配送
圣比萨（欧洲城店）,SBS00001,温州,"8040220255025253839	",饿了么,平台外卖,已完成,2025-10-22 18:49:58,2025-10-22 18:49:58,2025-10-22 18:49:58,饿了么支付-在线支付,,即时单,2025-10-22 18:49:58,10.20,自动出餐,1,否,"【任选5件套】披萨意面我全都要[缤纷水果披萨7英寸+番茄牛肉意面+小食桶A+小可乐+小可乐]（128.00*1）,餐盒（2.00*1）",缤纷水果披萨【7英寸(手拍)】+番茄牛肉意面+明星小食桶A+小可乐+小可乐,,,,非会员,38,,,依据餐量提供餐具,,128.00,35.26,83.10,0.00,0,0,3.29,0.00,3.50,【活动支出】店铺满减:6.00元+【活动支出】单品特价:68.10元+【活动支出】饿了么红包:9.00元+【活动支出】替用户承担配送费:3.5元,-,-,-,2.00,温州区域,温州直营,,,否,-,平台配送
圣比萨（欧洲城店）,SBS00001,温州,"8082756088995232166	",饿了么,平台外卖,已完成,2025-10-22 19:09:07,2025-10-22 19:09:07,2025-10-22 19:09:08,饿了么支付-在线支付,,即时单,2025-10-22 19:09:07,10.20,自动出餐,1,否,"榴莲王披萨-9英寸(手拍)[{""name"":""规格"",""value"":""9英寸(手拍)""}]（92.00*1）,番茄牛肉意面（52.00*1）,餐盒（3.00*1）",榴莲王披萨+番茄牛肉意面,,,,非会员,39,,,2份餐具,,144.00,36.41,98.20,0.00,0,0,3.44,0.00,3.50,【活动支出】店铺满减:6.00元+【活动支出】单品特价:52.10元+【活动支出】单品特价:28.10元+【活动支出】粉丝群:3.00元+【活动支出】饿了么红包:9.00元+【活动支出】替用户承担配送费:3.5元,-,-,-,3.00,温州区域,温州直营,,,否,-,平台配送
圣比萨（欧洲城店）,SBS00001,温州,"8085030255127790996	",饿了么,平台外卖,已完成,2025-10-22 19:30:38,2025-10-22 19:30:38,2025-10-22 19:30:38,饿了么支付-在线支付,,即时单,2025-10-22 19:30:38,10.15,自动出餐,1,否,"招牌肉酱意面（52.00*1）,餐盒（1.00*1）",招牌肉酱意面,,,,非会员,40,,,1份餐具,,52.00,11.12,35.10,0.00,0,0,1.43,0.00,3.50,【活动支出】单品特价:28.10元+【活动支出】饿了么红包:7.00元+【活动支出】替用户承担配送费:3.5元,-,-,-,1.00,温州区域,温州直营,,,否,-,平台配送
圣比萨（欧洲城店）,SBS00001,温州,"8087696089033963885	",饿了么,平台外卖,已完成,2025-10-22 19:32:24,2025-10-22 19:32:24,2025-10-22 19:32:24,饿了么支付-在线支付,,即时单,2025-10-22 19:32:24,10.17,自动出餐,1,否,"缤纷水果披萨-9英寸(手拍)[{""name"":""规格"",""value"":""9英寸(手拍)""}]（75.00*1）,餐盒（2.00*1）",缤纷水果披萨,,,,非会员,41,,,依据餐量提供餐具,,75.00,20.41,48.10,0.00,0,0,1.94,0.00,3.50,【活动支出】单品特价:41.10元+【活动支出】饿了么红包:7.00元+【活动支出】替用户承担配送费:3.5元,-,-,-,2.00,温州区域,温州直营,,,否,-,平台配送
圣比萨（欧洲城店）,SBS00001,温州,"8088000255044150763	",饿了么,平台外卖,已完成,2025-10-22 19:44:08,2025-10-22 19:44:08,2025-10-22 19:44:08,饿了么支付-在线支付,,即时单,2025-10-22 19:44:08,10.10,自动出餐,1,否,"【任选5件套】披萨意面我全都要[圣比招牌披萨7英寸+番茄牛肉意面+小食桶C+芒果汁+港式奶茶]（128.00*1）,餐盒（2.00*1）",大圣招牌大满贯披萨【7英寸(手拍)】+番茄牛肉意面+明星小食桶C+芒果汁+港式奶茶,,,,非会员,42,,,依据餐量提供餐具,,128.00,32.48,86.10,0.00,0,0,3.07,0.00,3.50,【活动支出】店铺满减:6.00元+【活动支出】首次光顾立减:1.00元+【活动支出】单品特价:68.10元+【活动支出】 商家自营销加码:0.00元+【活动支出】粉丝群:3.00元+【活动支出】饿了么红包:8.00元+【活动支出】替用户承担配送费:3.5元,-,-,-,2.00,温州区域,温州直营,,,否,-,平台配送
圣比萨（欧洲城店）,SBS00001,温州,"8062200255248993706	",饿了么,平台外卖,已完成,2025-10-22 20:04:10,2025-10-22 20:04:10,2025-10-22 20:04:10,饿了么支付-在线支付,,即时单,2025-10-22 20:04:10,10.08,自动出餐,1,否,"新奥尔良烤鸡肉披萨-7英寸[{""name"":""规格"",""value"":""7英寸""}]（58.00*1）,餐盒（2.00*1）",新奥尔良烤鸡肉披萨,,,,非会员,43,,,依据餐量提供餐具,,58.00,9.12,44.10,0.00,0,0,1.43,0.00,3.50,【活动支出】首次光顾立减:1.00元+【活动支出】单品特价:36.10元+【活动支出】饿了么红包:7.00元+【活动支出】替用户承担配送费:3.5元,-,-,-,2.00,温州区域,温州直营,,,否,-,平台配送
圣比萨（欧洲城店）,SBS00001,温州,"8058716089069062625	",饿了么,平台外卖,已完成,2025-10-22 20:08:04,2025-10-22 20:08:04,2025-10-22 20:08:04,饿了么支付-在线支付,,即时单,2025-10-22 20:08:04,10.17,自动出餐,1,否,"碳烤鸡肉培根披萨-7英寸(手拍)[{""name"":""规格"",""value"":""7英寸(手拍)""}]（45.00*1）,餐盒（2.00*1）",碳烤鸡肉培根披萨,,,,非会员,44,,,1份餐具,,45.00,12.12,28.10,0.00,0,0,1.43,0.00,3.50,【活动支出】单品特价:21.10元+【活动支出】饿了么红包:7.00元+【活动支出】替用户承担配送费:3.5元,-,-,-,2.00,温州区域,温州直营,,,否,-,平台配送
圣比萨（欧洲城店）,SBS00001,温州,"8041380255252723090	",饿了么,平台外卖,已完成,2025-10-22 20:16:14,2025-10-22 20:16:14,2025-10-22 20:16:15,饿了么支付-在线支付,,即时单,2025-10-22 20:16:14,10.23,自动出餐,1,否,"奶酪芝士卷边（7英寸）（4.90*1）,【任选2件套】买一送一7英寸披萨[缤纷水果披萨7英寸+圣比招牌披萨7英寸]（86.80*1）,台式香烤地道肠（7.50*4）,餐盒（6.00*1）",奶酪芝士卷边7+缤纷水果披萨【7英寸(手拍)】+大圣招牌大满贯披萨【7英寸(手拍)】+地道肠1根,,,,非会员,45,,,依据餐量提供餐具,,121.70,36.00,78.70,0.00,0,0,3.45,0.00,3.50,【活动支出】店铺满减:6.00元+【活动支出】单品特价:46.30元+【活动支出】单品特价:14.40元+【活动支出】饿了么红包:12.00元+【活动支出】替用户承担配送费:3.5元,-,-,-,6.00,温州区域,温州直营,,,否,-,平台配送
圣比萨（欧洲城店）,SBS00001,温州,"8048886089029283181	",饿了么,平台外卖,已完成,2025-10-22 20:39:16,2025-10-22 20:39:16,2025-10-22 20:39:16,饿了么支付-在线支付,,即时单,2025-10-22 20:39:16,10.10,自动出餐,1,否,"奶酪芝士卷边（9英寸）（6.90*1）,【随心❤️拼】9英寸披萨(口味自选）[奥尔良+水果]（80.00*1）,餐盒（2.00*1）",奶酪芝士卷边9+双拼9寸【奥尔良口味9】+双拼9寸【缤纷水果口味9】,,,,非会员,46,,,依据餐量提供餐具,,86.90,23.11,56.10,0.00,0,0,2.24,0.00,4.50,【活动支出】店铺满减:1.00元+【活动支出】单品特价:45.10元+【活动支出】精准营销:2.00元+【活动支出】饿了么红包:8.00元+【活动支出】替用户承担配送费:4.5元,-,-,-,2.00,温州区域,温州直营,,,否,-,平台配送
圣比萨（欧洲城店）,SBS00001,温州,"8045716089087120878	",饿了么,平台外卖,已完成,2025-10-22 21:15:11,2025-10-22 21:15:11,2025-10-22 21:15:11,饿了么支付-在线支付,,预约单,2025-10-22 22:10:00,9.95,自动出餐,1,否,"新奥尔良烤鸡肉披萨-7英寸[{""name"":""规格"",""value"":""7英寸""}]（58.00*1）,红薯薯泥流心卷边（7英寸）（4.90*1）,餐盒（2.00*1）",新奥尔良烤鸡肉披萨+红薯泥流心卷边7,,,,非会员,47,,,依据餐量提供餐具,,62.90,11.72,44.10,0.00,0,0,1.43,0.00,7.70,【活动支出】首次光顾立减:1.00元+【活动支出】单品特价:36.10元+【活动支出】饿了么红包:7.00元+【活动支出】替用户承担配送费:6.0元,-,-,-,2.00,温州区域,温州直营,,,否,-,平台配送
圣比萨（欧洲城店）,SBS00001,温州,"8071526089076198851	",饿了么,平台外卖,已完成,2025-10-22 22:24:11,2025-10-22 22:24:11,2025-10-22 22:24:12,饿了么支付-在线支付,,即时单,2025-10-22 22:24:11,6.47,手动出餐,1,否,"新奥尔良烤鸡肉披萨-7英寸[{""name"":""规格"",""value"":""7英寸""}]（58.00*1）,餐盒（2.00*1）",新奥尔良烤鸡肉披萨,,,,非会员,48,,,依据餐量提供餐具,用户申请取消单 其他原因，,58.00,9.62,43.10,0.00,0,0,1.43,0.00,5.60,【活动支出】首次光顾立减:1.00元+【活动支出】单品特价:36.10元+【活动支出】饿了么红包:6.00元+【活动支出】替用户承担配送费:5.6元,-,-,-,2.00,温州区域,温州直营,,,否,-,平台配送
圣比萨（娄桥店）,SBM00040,温州,"8026430254873341254	",饿了么,平台外卖,已完成,2025-10-21 22:28:27,2025-10-21 22:28:27,2025-10-21 22:28:27,饿了么支付-在线支付,,预约单,2025-10-22 19:25:00,1211.73,自动出餐,1,否,"新奥尔良烤鸡肉披萨-7英寸(手拍)[{""name"":""规格"",""value"":""7英寸(手拍)""}]（21.90*1）,蛋挞一个（原味）（3.90*1）,餐盒（2.50*1）",新奥尔良烤鸡肉披萨+蛋挞1个,,,,非会员,1,,,依据餐量提供餐具,,25.80,10.61,10.91,0.00,0,0,1.43,0.00,4.00,【活动支出】首次光顾立减:1.00元+【活动支出】单品特价:2.91元+【活动支出】 商家自营销加码:2.00元+【活动支出】CPS商户叠加券:0.00元+【活动支出】饿了么红包:5.00元+【活动支出】替用户承担配送费:4.0元,-,-,-,2.50,温州区域,温州直营,,,否,-,平台配送
圣比萨（娄桥店）,SBM00040,温州,"8037100254802152872	",饿了么,平台外卖,已完成,2025-10-21 22:38:39,2025-10-21 22:38:39,2025-10-21 22:38:39,饿了么支付-在线支付,,预约单,2025-10-22 11:20:00,716.47,自动出餐,1,否,"【任选】披萨随心配（29.90*1）,餐盒（2.00*1）",不加一+小薯条+小可乐+不加一+日系照烧鸡披萨(7英寸(手拍)),,,,非会员,2,,,1份餐具,,29.90,14.12,11.00,0.00,0,0,1.43,0.00,3.50,【活动支出】首次光顾立减:1.00元+【活动支出】精准营销红包:3.00元+【活动支出】饿了么红包:7.00元+【活动支出】替用户承担配送费:3.5元,-,-,-,2.00,温州区域,温州直营,,,否,-,平台配送
圣比萨（娄桥店）,SBM00040,温州,"8095450254892060029	",饿了么,平台外卖,已完成,2025-10-22 00:29:01,2025-10-22 00:29:01,2025-10-22 00:29:01,饿了么支付-在线支付,,即时单,2025-10-22 00:29:01,11.18,自动出餐,1,否,"【任选4件套】双人套餐（49.90*1）,餐盒（2.00*1）",明星小食桶A+新奥尔良烤鸡肉披萨(9英寸(手拍))+小可乐+小可乐,,,,非会员,3,,,2份餐具,,49.90,26.21,15.00,0.00,0,0,2.54,0.00,5.60,【活动支出】店铺满减:1.00元+【活动支出】首次光顾立减:1.00元+【活动支出】精准营销红包:4.00元+【活动支出】饿了么红包:9.00元+【活动支出】替用户承担配送费:5.6元,-,-,-,2.00,温州区域,温州直营,,,否,-,平台配送
圣比萨（娄桥店）,SBM00040,温州,"8033946088701376886	",饿了么,平台外卖,已完成,2025-10-22 00:39:33,2025-10-22 00:39:33,2025-10-22 00:39:34,饿了么支付-在线支付,,即时单,2025-10-22 00:39:33,11.10,自动出餐,1,否,"【随心❤️拼】双拼披萨（口味自选）-9英寸双拼[玉米沙拉9英寸+日式照烧鸡9英寸][{""name"":""规格"",""value"":""9英寸双拼""}]（34.90*1）,蛋挞一个（原味）（3.90*2）,海苔肉松披萨-7英寸(手拍)[{""name"":""规格"",""value"":""7英寸(手拍)""}]（25.90*1）,餐盒（5.00*1）",【随心❤️拼】双拼披萨+蛋挞1个+海苔肉松披萨,,,,非会员,4,,,依据餐量提供餐具,,68.60,33.19,25.91,0.00,0,0,3.35,0.00,8.30,【活动支出】店铺满减:6.00元+【活动支出】单品特价:2.91元+【活动支出】订单集点返红包:5.00元+【活动支出】饿了么红包:12.00元+【活动支出】替用户承担配送费:6.0元,-,-,-,5.00,温州区域,温州直营,,,否,-,平台配送
圣比萨（娄桥店）,SBM00040,温州,"8059350254814529803	",饿了么,平台外卖,已完成,2025-10-22 01:30:27,2025-10-22 01:30:27,2025-10-22 01:30:28,饿了么支付-在线支付,,即时单,2025-10-22 01:30:27,11.03,自动出餐,1,否,"【任选】披萨随心配（29.90*1）,餐盒（2.00*1）",不加一+上校鸡块+小可乐+不加一+日系照烧鸡披萨(7英寸(手拍)),,,,非会员,5,,,依据餐量提供餐具,,29.90,19.41,3.00,0.00,0,0,1.94,0.00,5.60,【活动支出】精准营销:3.00元+【活动支出】替用户承担配送费:5.6元,-,-,-,2.00,温州区域,温州直营,,,否,-,平台配送
圣比萨（娄桥店）,SBM00040,温州,"8009440254743121230	",饿了么,平台外卖,已完成,2025-10-22 09:12:29,2025-10-22 09:12:29,2025-10-22 09:12:29,饿了么支付-在线支付,,预约单,2025-10-22 10:25:00,27.72,自动出餐,1,否,"【随心❤️拼】双拼披萨（口味自选）-7英寸双拼[新奥尔良烤鸡肉7英寸+缤纷水果7英寸][{""name"":""规格"",""value"":""7英寸双拼""}]（24.90*1）,餐盒（2.00*1）",【随心❤️拼】双拼披萨,,,,非会员,6,,,依据餐量提供餐具,,24.90,10.12,10.00,0.00,0,0,1.43,0.00,4.00,【活动支出】首次光顾立减:1.00元+【活动支出】粉丝群:2.00元+【活动支出】饿了么红包:7.00元+【活动支出】替用户承担配送费:4.0元,-,-,-,2.00,温州区域,温州直营,,,否,-,平台配送
圣比萨（娄桥店）,SBM00040,温州,"8049020254748035423	",饿了么,平台外卖,已完成,2025-10-22 10:00:54,2025-10-22 10:00:54,2025-10-22 10:00:54,饿了么支付-在线支付,,即时单,2025-10-22 10:00:54,11.08,自动出餐,1,否,"【随心❤️拼】双拼披萨（口味自选）-7英寸双拼[新奥尔良烤鸡肉7英寸+缤纷水果7英寸][{""name"":""规格"",""value"":""7英寸双拼""}]（24.90*1）,餐盒（2.00*1）",【随心❤️拼】双拼披萨,,,,非会员,7,,,依据餐量提供餐具；手机尾号：8165；接力送,,24.90,8.92,8.00,0.00,0,0,1.43,0.00,7.40,【活动支出】首次光顾立减:1.00元+【活动支出】 商家自营销加码:2.00元+【活动支出】饿了么红包:5.00元+【活动支出】替用户承担配送费:6.0元,-,-,-,2.00,温州区域,温州直营,,,否,-,平台配送
圣比萨（娄桥店）,SBM00040,温州,"8058230254859043175	",饿了么,平台外卖,已完成,2025-10-22 10:02:27,2025-10-22 10:02:27,2025-10-22 10:02:27,饿了么支付-在线支付,,即时单,2025-10-22 10:02:27,11.08,自动出餐,1,否,"【任选】披萨随心配（40.70*1）,餐盒（2.00*1）",不加一+深海墨鱼丸(3个)+小可乐+不加一+大圣招牌大满贯披萨(7英寸(手拍)),,,,非会员,8,,,依据餐量提供餐具,,40.70,17.15,17.00,0.00,0,0,1.70,0.00,5.00,【活动支出】店铺满减:1.00元+【活动支出】首次光顾立减:1.00元+【活动支出】精准营销:3.00元+【活动支出】饿了么红包:12.00元+【活动支出】替用户承担配送费:5.0元,-,-,-,2.00,温州区域,温州直营,,,否,-,平台配送
圣比萨（娄桥店）,SBM00040,温州,"8065916088726983131	",饿了么,平台外卖,已完成,2025-10-22 10:41:47,2025-10-22 10:41:47,2025-10-22 10:41:48,饿了么支付-在线支付,,即时单,2025-10-22 10:41:47,11.23,自动出餐,1,否,"奶酪芝士卷边（12英寸）（8.90*1）,榴莲王披萨-12英寸(手拍)[{""name"":""规格"",""value"":""12英寸(手拍)""}]（61.90*1）,新奥尔良烤鸡肉披萨-12英寸(手拍)[{""name"":""规格"",""value"":""12英寸(手拍)""}]（46.90*1）,咸蛋黄风味流心卷边（12英寸）（8.90*1）,餐盒（4.00*1）",奶酪芝士卷边+榴莲王披萨+新奥尔良烤鸡肉披萨+咸蛋黄流沙卷边,,,,非会员,9,,,依据餐量提供餐具,,126.60,86.40,19.00,0.00,0,0,8.15,0.00,4.50,【活动支出】店铺满减:6.00元+【活动支出】首次光顾立减:1.00元+【活动支出】饿了么红包:12.00元+【活动支出】替用户承担配送费:4.5元,-,-,-,4.00,温州区域,温州直营,,,否,-,平台配送
圣比萨（娄桥店）,SBM00040,温州,"8019210254861255118	",饿了么,平台外卖,已完成,2025-10-22 10:47:21,2025-10-22 10:47:21,2025-10-22 10:47:21,饿了么支付-在线支付,,预约单,2025-10-22 11:30:00,3.20,自动出餐,1,否,"招牌肉酱意面（23.90*1）,【随心❤️拼】双拼披萨（口味自选）-7英寸双拼[新奥尔良烤鸡肉7英寸+新奥尔良烤鸡肉7英寸][{""name"":""规格"",""value"":""7英寸双拼""}]（24.90*1）,餐盒（4.00*1）",招牌肉酱意面+【随心❤️拼】双拼披萨,,,,非会员,10,,,无需餐具,,48.80,25.29,17.00,0.00,0,0,2.46,0.00,4.50,【活动支出】店铺满减:1.00元+【活动支出】首次光顾立减:1.00元+【活动支出】精准营销:3.00元+【活动支出】饿了么红包:12.00元+【活动支出】替用户承担配送费:4.5元,-,-,-,4.00,温州区域,温州直营,,,否,-,平台配送
圣比萨（娄桥店）,SBM00040,温州,"8030200254775975308	",饿了么,平台外卖,已完成,2025-10-22 10:50:59,2025-10-22 10:50:59,2025-10-22 10:50:59,饿了么支付-在线支付,,即时单,2025-10-22 10:50:59,11.02,自动出餐,1,否,"榴莲王披萨-7英寸(手拍)[{""name"":""规格"",""value"":""7英寸(手拍)""}]（29.90*1）,餐盒（2.00*1）",榴莲王披萨,,,,非会员,11,,,1份餐具,,29.90,13.22,11.00,0.00,0,0,1.43,0.00,5.00,【活动支出】首次光顾立减:1.00元+【活动支出】精准营销红包:3.00元+【活动支出】饿了么红包:7.00元+【活动支出】替用户承担配送费:5.0元,-,-,-,2.00,温州区域,温州直营,,,否,-,平台配送
圣比萨（娄桥店）,SBM00040,温州,"8082776088787106155	",饿了么,平台外卖,已完成,2025-10-22 10:51:17,2025-10-22 10:51:17,2025-10-22 10:51:18,饿了么支付-在线支付,,即时单,2025-10-22 10:51:17,11.23,自动出餐,1,否,"【任选】买一送一7英寸披萨（50.70*1）,缤纷芝士挞-菠萝味[{""name"":""规格"",""value"":""菠萝味""}]（5.90*1）,蛋挞一个（原味）（3.90*1）,餐盒（3.00*1）",日系照烧鸡披萨(7英寸(手拍))+榴莲王披萨(7英寸(手拍))+缤纷芝士挞+蛋挞1个,,,,非会员,12,,,依据餐量提供餐具,,60.50,31.87,20.91,0.00,0,0,2.97,0.00,3.50,【活动支出】店铺满减:6.00元+【活动支出】单品特价:2.91元+【活动支出】CPS商户叠加券:0.00元+【活动支出】饿了么红包:12.00元+【活动支出】替用户承担配送费:3.5元,-,-,-,3.00,温州区域,温州直营,,,否,-,平台配送
圣比萨（娄桥店）,SBM00040,温州,"8026736088757226947	",饿了么,平台外卖,已完成,2025-10-22 10:58:51,2025-10-22 10:58:51,2025-10-22 10:58:52,饿了么支付-在线支付,,即时单,2025-10-22 10:58:51,11.08,自动出餐,1,否,"新奥尔良烤鸡肉披萨-7英寸(手拍)[{""name"":""规格"",""value"":""7英寸(手拍)""}]（21.90*1）,餐盒（2.00*1）",新奥尔良烤鸡肉披萨,,,,非会员,13,,,依据餐量提供餐具,,21.90,8.12,9.00,0.00,0,0,1.43,0.00,3.50,【活动支出】粉丝群:2.00元+【活动支出】饿了么红包:7.00元+【活动支出】替用户承担配送费:3.5元,-,-,-,2.00,温州区域,温州直营,,,否,-,平台配送
圣比萨（娄桥店）,SBM00040,温州,"8010000254876240353	",饿了么,平台外卖,已完成,2025-10-22 11:07:10,2025-10-22 11:07:10,2025-10-22 11:07:10,饿了么支付-在线支付,,即时单,2025-10-22 11:07:10,11.10,自动出餐,1,否,"奶酪芝士卷边（12英寸）（8.90*1）,新奥尔良烤鸡肉披萨-12英寸(手拍)[{""name"":""规格"",""value"":""12英寸(手拍)""}]（46.90*1）,餐盒（2.00*1）",奶酪芝士卷边+新奥尔良烤鸡肉披萨,,,,非会员,14,,,2份餐具,,55.80,32.39,14.00,0.00,0,0,3.06,0.00,4.00,【活动支出】店铺满减:1.00元+【活动支出】首次光顾立减:1.00元+【活动支出】精准营销:3.00元+【活动支出】饿了么红包:9.00元+【活动支出】替用户承担配送费:4.0元,-,-,-,2.00,温州区域,温州直营,,,否,-,平台配送
圣比萨（娄桥店）,SBM00040,温州,"8062836088800859445	",饿了么,平台外卖,已完成,2025-10-22 11:10:50,2025-10-22 11:10:50,2025-10-22 11:10:50,饿了么支付-在线支付,,即时单,2025-10-22 11:10:50,11.17,自动出餐,1,否,手握三选一+二选一+可乐-单点[日式照烧+上校鸡块 2 块+可乐]（21.40*1）,小可乐+日式烧鸟风味一人食盒子披萨+上校鸡块2个,,,,非会员,15,,,依据餐量提供餐具,,21.40,14.00,0.00,0.00,0,0,0.00,0.00,,【活动支出】拼团反圈活动:0.00元,-,-,-,0.00,温州区域,温州直营,,,否,-,平台配送
圣比萨（娄桥店）,SBM00040,温州,"8000340254885006713	",饿了么,平台外卖,已完成,2025-10-22 11:12:11,2025-10-22 11:12:11,2025-10-22 11:12:12,饿了么支付-在线支付,,即时单,2025-10-22 11:12:11,11.15,自动出餐,1,否,"【任选】买一送一7英寸披萨（39.90*1）,餐盒（2.00*1）",碳烤鸡肉培根披萨(7英寸(手拍))+新奥尔良烤鸡肉披萨(7英寸(手拍)),,,,非会员,16,,,不要葱花 / 依据餐量提供餐具,,39.90,20.08,14.00,0.00,0,0,1.87,0.00,3.50,【活动支出】店铺满减:1.00元+【活动支出】首次光顾立减:1.00元+【活动支出】精准营销:3.00元+【活动支出】饿了么红包:9.00元+【活动支出】替用户承担配送费:3.5元,-,-,-,2.00,温州区域,温州直营,,,否,-,平台配送
圣比萨（娄桥店）,SBM00040,温州,"8048656088791168257	",饿了么,平台外卖,已完成,2025-10-22 11:14:47,2025-10-22 11:14:47,2025-10-22 11:14:47,饿了么支付-在线支付,,即时单,2025-10-22 11:14:47,11.15,自动出餐,1,否,"蛋挞一个（原味）（3.90*1）,【随心❤️拼】双拼披萨（口味自选）-7英寸双拼[缤纷水果7英寸+日式照烧鸡7英寸][{""name"":""规格"",""value"":""7英寸双拼""}]（24.90*1）,餐盒（2.50*1）",蛋挞1个+【随心❤️拼】双拼披萨,,,,非会员,17,,,依据餐量提供餐具；手机尾号：1291；接力送,,28.80,6.41,14.91,0.00,0,0,1.43,0.00,6.80,【活动支出】单品特价:2.91元+【活动支出】订单集点返红包:5.00元+【活动支出】饿了么红包:7.00元+【活动支出】替用户承担配送费:6.0元,-,-,-,2.50,温州区域,温州直营,,,否,-,平台配送
圣比萨（娄桥店）,SBM00040,温州,"8076526088801362277	",饿了么,平台外卖,已完成,2025-10-22 11:16:46,2025-10-22 11:16:46,2025-10-22 11:16:46,饿了么支付-在线支付,,即时单,2025-10-22 11:16:46,11.17,自动出餐,1,否,"【随心❤️拼】双拼披萨（口味自选）-7英寸双拼[日式照烧鸡7英寸+玉米沙拉7英寸][{""name"":""规格"",""value"":""7英寸双拼""}]（24.90*1）,餐盒（2.00*1）",【随心❤️拼】双拼披萨,,,,非会员,18,,,依据餐量提供餐具,,24.90,11.12,9.00,0.00,0,0,1.43,0.00,3.50,【活动支出】粉丝群:2.00元+【活动支出】饿了么红包:7.00元+【活动支出】替用户承担配送费:3.5元,-,-,-,2.00,温州区域,温州直营,,,否,-,平台配送
圣比萨（娄桥店）,SBM00040,温州,"8005150254912429471	",饿了么,平台外卖,已完成,2025-10-22 11:22:25,2025-10-22 11:22:25,2025-10-22 11:22:25,饿了么支付-在线支付,,预约单,2025-10-22 20:20:00,492.67,自动出餐,1,否,"缤纷水果披萨-7英寸(手拍)[{""name"":""规格"",""value"":""7英寸(手拍)""}]（23.90*1）,餐盒（2.00*1）",缤纷水果披萨,,,,非会员,19,,,依据餐量提供餐具,,23.90,12.12,7.00,0.00,0,0,1.43,0.00,3.50,【活动支出】 商家自营销加码:2.00元+【活动支出】CPS商户叠加券:0.00元+【活动支出】饿了么红包:5.00元+【活动支出】淘金币:0.00元+【活动支出】替用户承担配送费:3.5元,-,-,-,2.00,温州区域,温州直营,,,否,-,平台配送
圣比萨（娄桥店）,SBM00040,温州,"8038956088779861403	",饿了么,平台外卖,已完成,2025-10-22 11:30:16,2025-10-22 11:30:16,2025-10-22 11:30:16,饿了么支付-在线支付,,即时单,2025-10-22 11:30:16,11.08,自动出餐,1,否,"金沙咸蛋黄嫩鸡披萨-7英寸(手拍)[{""name"":""规格"",""value"":""7英寸(手拍)""}]（25.90*1）,蛋挞一个（原味）（3.90*1）,餐盒（2.50*1）",金沙咸蛋黄嫩鸡披萨+蛋挞1个,,,,非会员,20,,,依据餐量提供餐具,,29.80,15.59,9.91,0.00,0,0,1.45,0.00,4.00,【活动支出】单品特价:2.91元+【活动支出】 商家自营销加码:2.00元+【活动支出】CPS商户叠加券:0.00元+【活动支出】饿了么红包:5.00元+【活动支出】替用户承担配送费:4.0元,-,-,-,2.50,温州区域,温州直营,,,否,-,平台配送
圣比萨（娄桥店）,SBM00040,温州,"8027636088811009403	",饿了么,平台外卖,已完成,2025-10-22 11:48:58,2025-10-22 11:48:58,2025-10-22 11:48:59,饿了么支付-在线支付,,即时单,2025-10-22 11:48:58,11.22,自动出餐,1,否,"【任选4件套】双人套餐（54.80*1）,餐盒（2.00*1）",明星小食桶B+新奥尔良烤鸡肉披萨(9英寸(手拍))+小可乐+小可乐,,,,非会员,21,,,依据餐量提供餐具,,54.80,31.49,13.00,0.00,0,0,3.06,0.00,4.50,【活动支出】店铺满减:1.00元+【活动支出】精准营销:3.00元+【活动支出】饿了么红包:9.00元+【活动支出】替用户承担配送费:4.5元,-,-,-,2.00,温州区域,温州直营,,,否,-,平台配送
圣比萨（娄桥店）,SBM00040,温州,"8011666088795275523	",饿了么,平台外卖,已完成,2025-10-22 11:49:37,2025-10-22 11:49:37,2025-10-22 11:49:37,饿了么支付-在线支付,,即时单,2025-10-22 11:49:37,11.00,自动出餐,1,否,"新奥尔良烤鸡肉披萨-7英寸(手拍)[{""name"":""规格"",""value"":""7英寸(手拍)""}]（21.90*1）,奶酪芝士卷边（7英寸）（4.90*1）,餐盒（2.00*1）",新奥尔良烤鸡肉披萨+奶酪芝士卷边7,,,,非会员,22,,,无需餐具,,26.80,14.02,8.00,0.00,0,0,1.43,0.00,3.50,【活动支出】首次光顾立减:1.00元+【活动支出】饿了么红包:7.00元+【活动支出】替用户承担配送费:3.5元,-,-,-,2.00,温州区域,温州直营,,,否,-,平台配送
圣比萨（娄桥店）,SBM00040,温州,"8014896088801385886	",饿了么,平台外卖,已完成,2025-10-22 11:59:07,2025-10-22 11:59:07,2025-10-22 11:59:08,饿了么支付-在线支付,,即时单,2025-10-22 11:59:07,7.32,手动出餐,1,否,"黑椒牛肉意面（28.90*1）,餐盒（2.00*1）",黑椒牛肉意面,,,,非会员,23,,,1份餐具,,28.90,13.12,11.00,0.00,0,0,1.43,0.00,3.50,【活动支出】首次光顾立减:1.00元+【活动支出】精准营销:3.00元+【活动支出】饿了么红包:7.00元+【活动支出】替用户承担配送费:3.5元,-,-,-,2.00,温州区域,温州直营,,,否,-,平台配送
圣比萨（娄桥店）,SBM00040,温州,"8080280254862507314	",饿了么,平台外卖,已完成,2025-10-22 12:15:59,2025-10-22 12:15:59,2025-10-22 12:16:00,饿了么支付-在线支付,,即时单,2025-10-22 12:15:59,11.00,自动出餐,1,否,"【任选4件套】双人套餐（49.90*1）,锅巴土豆（5.90*1）,缤纷芝士挞-香蕉味[{""name"":""规格"",""value"":""香蕉味""}]（5.90*1）,蛋挞一个（原味）（3.90*1）,餐盒（4.00*1）",明星小食桶A+碳烤鸡肉培根披萨(9英寸(手拍))+小可乐+小可乐+锅巴土豆+缤纷芝士挞+蛋挞1个,,,,非会员,24,,,依据餐量提供餐具,,65.60,31.39,21.91,0.00,0,0,3.35,0.00,8.70,【活动支出】店铺满减:6.00元+【活动支出】首次光顾立减:1.00元+【活动支出】单品特价:2.91元+【活动支出】CPS商户叠加券:0.00元+【活动支出】饿了么红包:12.00元+【活动支出】替用户承担配送费:6.0元,-,-,-,4.00,温州区域,温州直营,,,否,-,平台配送
圣比萨（娄桥店）,SBM00040,温州,"8094240254861432260	",饿了么,平台外卖,已完成,2025-10-22 12:18:44,2025-10-22 12:18:44,2025-10-22 12:18:45,饿了么支付-在线支付,,即时单,2025-10-22 12:18:44,11.17,自动出餐,1,否,手握三选一-单点[奥尔良]（17.40*1）,奥尔良风情烤鸡肉一人食盒子披萨,,,,非会员,25,,,依据餐量提供餐具,,17.40,10.00,0.00,0.00,0,0,0.00,0.00,,【活动支出】拼团反圈活动:0.00元,-,-,-,0.00,温州区域,温州直营,,,否,-,平台配送
圣比萨（娄桥店）,SBM00040,温州,"8054916088861783514	",饿了么,平台外卖,已完成,2025-10-22 12:45:41,2025-10-22 12:45:41,2025-10-22 12:45:42,饿了么支付-在线支付,,即时单,2025-10-22 12:45:41,11.08,自动出餐,1,否,"新奥尔良烤鸡肉披萨-7英寸(手拍)[{""name"":""规格"",""value"":""7英寸(手拍)""}]（21.90*1）,奶酪芝士卷边（7英寸）（4.90*1）,餐盒（2.00*1）",新奥尔良烤鸡肉披萨+奶酪芝士卷边7,,,,非会员,26,,,依据餐量提供餐具,,26.80,12.02,10.00,0.00,0,0,1.43,0.00,4.00,【活动支出】首次光顾立减:1.00元+【活动支出】粉丝群:2.00元+【活动支出】饿了么红包:7.00元+【活动支出】替用户承担配送费:4.0元,-,-,-,2.00,温州区域,温州直营,,,否,-,平台配送
圣比萨（娄桥店）,SBM00040,温州,"8080846088869629318	",饿了么,平台外卖,已完成,2025-10-22 12:53:15,2025-10-22 12:53:15,2025-10-22 12:53:15,饿了么支付-在线支付,,即时单,2025-10-22 12:53:15,11.10,自动出餐,1,否,"新奥尔良烤鸡肉披萨-7英寸(手拍)[{""name"":""规格"",""value"":""7英寸(手拍)""}]（21.90*1）,地道肠（3.90*1）,咸蛋黄风味流沙卷边（7英寸）（4.90*1）,餐盒（2.50*1）",新奥尔良烤鸡肉披萨+地道肠1根+咸蛋黄流沙卷边7,,,,非会员,27,,,依据餐量提供餐具,,30.70,15.41,11.00,0.00,0,0,1.44,0.00,3.50,【活动支出】首次光顾立减:1.00元+【活动支出】 商家自营销加码:2.00元+【活动支出】精准营销:3.00元+【活动支出】饿了么红包:5.00元+【活动支出】替用户承担配送费:3.5元,-,-,-,2.50,温州区域,温州直营,,,否,-,平台配送
圣比萨（娄桥店）,SBM00040,温州,"8012470254882865587	",饿了么,平台外卖,已完成,2025-10-22 13:06:45,2025-10-22 13:06:45,2025-10-22 13:06:45,饿了么支付-在线支付,,即时单,2025-10-22 13:06:45,11.18,自动出餐,1,否,"新奥尔良烤鸡肉披萨-7英寸(手拍)[{""name"":""规格"",""value"":""7英寸(手拍)""}]（21.90*1）,蛋挞一个（原味）（3.90*1）,餐盒（2.50*1）",新奥尔良烤鸡肉披萨+蛋挞1个,,,,非会员,28,,,"不要打电话, 不要敲门外卖到了放门口就行 谢谢 / 依据餐量提供餐具",,25.80,10.61,10.91,0.00,0,0,1.43,0.00,3.50,【活动支出】首次光顾立减:1.00元+【活动支出】单品特价:2.91元+【活动支出】 商家自营销加码:2.00元+【活动支出】CPS商户叠加券:0.00元+【活动支出】饿了么红包:5.00元+【活动支出】替用户承担配送费:3.5元,-,-,-,2.50,温州区域,温州直营,,,否,-,平台配送
圣比萨（娄桥店）,SBM00040,温州,"8025656088905832845	",饿了么,平台外卖,已完成,2025-10-22 13:31:06,2025-10-22 13:31:06,2025-10-22 13:31:06,饿了么支付-在线支付,,即时单,2025-10-22 13:31:06,11.10,自动出餐,1,否,"新奥尔良烤鸡肉披萨-7英寸(手拍)[{""name"":""规格"",""value"":""7英寸(手拍)""}]（21.90*1）,餐盒（2.00*1）",新奥尔良烤鸡肉披萨,,,,非会员,29,,,依据餐量提供餐具,,21.90,10.12,7.00,0.00,0,0,1.43,0.00,3.50,【活动支出】 商家自营销加码:2.00元+【活动支出】CPS商户叠加券:0.00元+【活动支出】饿了么红包:5.00元+【活动支出】淘金币:0.00元+【活动支出】替用户承担配送费:3.5元,-,-,-,2.00,温州区域,温州直营,,,否,-,平台配送
圣比萨（娄桥店）,SBM00040,温州,"8029816088867805507	",饿了么,平台外卖,已完成,2025-10-22 13:31:33,2025-10-22 13:31:33,2025-10-22 13:31:33,饿了么支付-在线支付,,即时单,2025-10-22 13:31:33,11.05,自动出餐,1,否,"【任选】披萨随心配（29.90*1）,蛋挞一个（原味）（3.90*1）,上校鸡块（4.90*1）,餐盒（3.00*1）",不加一+上校鸡块+小可乐+不加一+新奥尔良烤鸡肉披萨(7英寸(手拍))+蛋挞1个+上校鸡块,,,,非会员,30,,,依据餐量提供餐具,,38.70,15.86,14.91,0.00,0,0,1.78,0.00,7.40,【活动支出】店铺满减:1.00元+【活动支出】首次光顾立减:1.00元+【活动支出】单品特价:2.91元+【活动支出】精准营销:3.00元+【活动支出】饿了么红包:7.00元+【活动支出】替用户承担配送费:6.0元,-,-,-,3.00,温州区域,温州直营,,,否,-,平台配送
圣比萨（娄桥店）,SBM00040,温州,"8093060254900432336	",饿了么,平台外卖,已完成,2025-10-22 13:48:04,2025-10-22 13:48:04,2025-10-22 13:48:04,饿了么支付-在线支付,,即时单,2025-10-22 13:48:04,11.18,自动出餐,1,否,"缤纷水果披萨-7英寸(手拍)[{""name"":""规格"",""value"":""7英寸(手拍)""}]（23.90*1）,奶酪芝士卷边（7英寸）（4.90*1）,餐盒（2.00*1）",缤纷水果披萨+奶酪芝士卷边7,,,,非会员,31,,,2份餐具,,28.80,12.76,8.00,0.00,0,0,1.49,0.00,7.40,【活动支出】首次光顾立减:1.00元+【活动支出】饿了么红包:7.00元+【活动支出】替用户承担配送费:6.0元,-,-,-,2.00,温州区域,温州直营,,,否,-,平台配送
圣比萨（娄桥店）,SBM00040,温州,"8077506088870560130	",饿了么,平台外卖,已完成,2025-10-22 13:55:30,2025-10-22 13:55:30,2025-10-22 13:55:30,饿了么支付-在线支付,,即时单,2025-10-22 13:55:30,11.07,自动出餐,1,否,"【随心❤️拼】双拼披萨（口味自选）-9英寸双拼[新奥尔良烤鸡肉9英寸+缤纷水果9英寸][{""name"":""规格"",""value"":""9英寸双拼""}]（34.90*1）,餐盒（2.00*1）",【随心❤️拼】双拼披萨,,,,非会员,32,,,o / 2份餐具,,34.90,17.31,12.00,0.00,0,0,1.64,0.00,3.50,【活动支出】 商家自营销加码:2.00元+【活动支出】订单集点返红包:5.00元+【活动支出】饿了么红包:5.00元+【活动支出】替用户承担配送费:3.5元,-,-,-,2.00,温州区域,温州直营,,,否,-,平台配送
圣比萨（娄桥店）,SBM00040,温州,"8014100254908350743	",饿了么,平台外卖,已完成,2025-10-22 14:01:47,2025-10-22 14:01:47,2025-10-22 14:01:48,饿了么支付-在线支付,,即时单,2025-10-22 14:01:47,11.15,自动出餐,1,否,"碳烤鸡肉培根披萨-7英寸(手拍)[{""name"":""规格"",""value"":""7英寸(手拍)""}]（23.90*1）,餐盒（2.00*1）",碳烤鸡肉培根披萨,,,,非会员,33,,,无需餐具,,23.90,6.22,12.00,0.00,0,0,1.43,0.00,4.50,【活动支出】订单集点返红包:5.00元+【活动支出】饿了么红包:7.00元+【活动支出】替用户承担配送费:4.5元,-,-,-,2.00,温州区域,温州直营,,,否,-,平台配送
圣比萨（娄桥店）,SBM00040,温州,"8005340255004521756	",饿了么,平台外卖,已完成,2025-10-22 14:19:05,2025-10-22 14:19:05,2025-10-22 14:19:05,饿了么支付-在线支付,,即时单,2025-10-22 14:19:05,11.20,自动出餐,1,否,"【任选】买一送一7英寸披萨（39.90*1）,餐盒（2.00*1）",碳烤鸡肉培根披萨(7英寸(手拍))+花果山披萨(7英寸(手拍)),,,,非会员,34,,,依据餐量提供餐具,,39.90,21.33,12.00,0.00,0,0,2.02,0.00,3.50,【活动支出】店铺满减:1.00元+【活动支出】首次光顾立减:1.00元+【活动支出】精准营销红包:3.00元+【活动支出】饿了么红包:7.00元+【活动支出】替用户承担配送费:3.5元,-,-,-,2.00,温州区域,温州直营,,,否,-,平台配送
圣比萨（娄桥店）,SBM00040,温州,"8059070255008219427	",饿了么,平台外卖,已完成,2025-10-22 15:21:22,2025-10-22 15:21:22,2025-10-22 15:21:22,饿了么支付-在线支付,,即时单,2025-10-22 15:21:22,11.02,自动出餐,1,否,"金沙咸蛋黄嫩鸡披萨-7英寸(手拍)[{""name"":""规格"",""value"":""7英寸(手拍)""}]（25.90*1）,浪漫威尼斯披萨-12英寸(手拍)[{""name"":""规格"",""value"":""12英寸(手拍)""}]（54.90*1）,日系照烧鸡披萨-12英寸(手拍)[{""name"":""规格"",""value"":""12英寸(手拍)""}]（49.90*1）,蛋挞一个（原味）（3.90*1）,餐盒（6.50*1）",金沙咸蛋黄嫩鸡披萨+浪漫威尼斯披萨+日系照烧鸡披萨+蛋挞1个,,,,非会员,35,,,依据餐量提供餐具,,134.60,90.05,12.91,0.00,0,0,9.39,0.00,17.10,【活动支出】店铺满减:6.00元+【活动支出】首次光顾立减:1.00元+【活动支出】单品特价:2.91元+【活动支出】精准营销:3.00元+【活动支出】替用户承担配送费:6.0元,-,-,-,6.50,温州区域,温州直营,,,否,-,平台配送
圣比萨（娄桥店）,SBM00040,温州,"8014536088887269697	",饿了么,平台外卖,已完成,2025-10-22 15:35:32,2025-10-22 15:35:32,2025-10-22 15:35:33,饿了么支付-在线支付,,即时单,2025-10-22 15:35:32,11.00,自动出餐,1,否,"新奥尔良烤鸡肉披萨-7英寸(手拍)[{""name"":""规格"",""value"":""7英寸(手拍)""}]（21.90*1）,餐盒（2.00*1）",新奥尔良烤鸡肉披萨,,,,非会员,36,,,奶茶要热的 / 依据餐量提供餐具,,21.90,12.32,3.00,0.00,0,0,1.43,0.00,6.20,【活动支出】首次光顾立减:1.00元+【活动支出】粉丝群:2.00元+【活动支出】替用户承担配送费:6.0元,-,-,-,2.00,温州区域,温州直营,,,否,-,平台配送
圣比萨（娄桥店）,SBM00040,温州,"8004200255013594609	",饿了么,平台外卖,已完成,2025-10-22 15:45:33,2025-10-22 15:45:33,2025-10-22 15:45:33,饿了么支付-在线支付,,即时单,2025-10-22 15:45:33,11.13,自动出餐,1,否,"花果山披萨-7英寸(手拍)[{""name"":""规格"",""value"":""7英寸(手拍)""}]（23.90*1）,餐盒（2.00*1）",花果山披萨,,,,非会员,37,,,依据餐量提供餐具,,23.90,12.12,7.00,0.00,0,0,1.43,0.00,4.00,【活动支出】 商家自营销加码:2.00元+【活动支出】饿了么红包:5.00元+【活动支出】替用户承担配送费:4.0元,-,-,-,2.00,温州区域,温州直营,,,否,-,平台配送
圣比萨（娄桥店）,SBM00040,温州,"8009010255116372382	",饿了么,平台外卖,已完成,2025-10-22 15:53:14,2025-10-22 15:53:14,2025-10-22 15:53:14,饿了么支付-在线支付,,即时单,2025-10-22 15:53:14,11.23,自动出餐,1,否,"【随心❤️拼】双拼披萨（口味自选）-7英寸双拼[新奥尔良烤鸡肉7英寸+碳烤鸡肉培根7英寸][{""name"":""规格"",""value"":""7英寸双拼""}]（24.90*1）,餐盒（2.00*1）",【随心❤️拼】双拼披萨,,,,非会员,38,,,依据餐量提供餐具,,24.90,11.32,7.00,0.00,0,0,1.43,0.00,5.60,【活动支出】CPS商户叠加券:0.00元+【活动支出】饿了么红包:7.00元+【活动支出】淘金币:0.00元+【活动支出】替用户承担配送费:5.6元,-,-,-,2.00,温州区域,温州直营,,,否,-,平台配送
圣比萨（娄桥店）,SBM00040,温州,"8082846088944277989	",饿了么,平台外卖,已完成,2025-10-22 15:57:28,2025-10-22 15:57:28,2025-10-22 15:57:28,饿了么支付-在线支付,,即时单,2025-10-22 15:57:28,11.12,自动出餐,1,否,"【随心❤️拼】双拼披萨（口味自选）-7英寸双拼[缤纷水果7英寸+新奥尔良烤鸡肉7英寸][{""name"":""规格"",""value"":""7英寸双拼""}]（24.90*1）,餐盒（2.00*1）",【随心❤️拼】双拼披萨,,,,非会员,39,,,依据餐量提供餐具,,24.90,8.32,10.00,0.00,0,0,1.43,0.00,5.60,【活动支出】首次光顾立减:1.00元+【活动支出】粉丝群:2.00元+【活动支出】饿了么红包:7.00元+【活动支出】替用户承担配送费:5.6元,-,-,-,2.00,温州区域,温州直营,,,否,-,平台配送
圣比萨（娄桥店）,SBM00040,温州,"8045586088907912613	",饿了么,平台外卖,已完成,2025-10-22 16:04:19,2025-10-22 16:04:19,2025-10-22 16:04:20,饿了么支付-在线支付,,即时单,2025-10-22 16:04:19,11.05,自动出餐,1,否,"榴莲王披萨-7英寸(手拍)[{""name"":""规格"",""value"":""7英寸(手拍)""}]（29.90*1）,餐盒（2.00*1）",榴莲王披萨,,,,非会员,40,,,3份餐具,,29.90,14.22,10.00,0.00,0,0,1.43,0.00,4.50,【活动支出】精准营销:3.00元+【活动支出】饿了么红包:7.00元+【活动支出】替用户承担配送费:4.5元,-,-,-,2.00,温州区域,温州直营,,,否,-,平台配送
圣比萨（娄桥店）,SBM00040,温州,"8093766088911742282	",饿了么,平台外卖,已完成,2025-10-22 16:08:56,2025-10-22 16:08:56,2025-10-22 16:08:56,饿了么支付-在线支付,,即时单,2025-10-22 16:08:56,11.08,自动出餐,1,否,"日系照烧鸡披萨-7英寸(手拍)[{""name"":""规格"",""value"":""7英寸(手拍)""}]（23.90*1）,餐盒（2.00*1）",日系照烧鸡披萨,,,,非会员,41,,,依据餐量提供餐具,,23.90,10.32,7.00,0.00,0,0,1.43,0.00,5.00,【活动支出】 商家自营销加码:2.00元+【活动支出】CPS商户叠加券:0.00元+【活动支出】饿了么红包:5.00元+【活动支出】淘金币:0.00元+【活动支出】替用户承担配送费:5.0元,-,-,-,2.00,温州区域,温州直营,,,否,-,平台配送
圣比萨（娄桥店）,SBM00040,温州,"8037746088900193667	",饿了么,平台外卖,已完成,2025-10-22 16:18:21,2025-10-22 16:18:21,2025-10-22 16:18:22,饿了么支付-在线支付,,即时单,2025-10-22 16:18:21,11.08,自动出餐,1,否,"新奥尔良烤鸡肉披萨-7英寸(手拍)[{""name"":""规格"",""value"":""7英寸(手拍)""}]（21.90*1）,餐盒（2.00*1）",新奥尔良烤鸡肉披萨,,,,非会员,42,,,1份餐具,,21.90,10.12,7.00,0.00,0,0,1.43,0.00,3.50,【活动支出】饿了么红包:7.00元+【活动支出】替用户承担配送费:3.5元,-,-,-,2.00,温州区域,温州直营,,,否,-,平台配送
圣比萨（娄桥店）,SBM00040,温州,"8008260255025707492	",饿了么,平台外卖,已完成,2025-10-22 16:30:09,2025-10-22 16:30:09,2025-10-22 16:30:09,饿了么支付-在线支付,,即时单,2025-10-22 16:30:09,11.10,自动出餐,1,否,"新奥尔良烤鸡肉披萨-9英寸(手拍)[{""name"":""规格"",""value"":""9英寸(手拍)""}]（31.90*1）,餐盒（2.00*1）",新奥尔良烤鸡肉披萨,,,,非会员,43,,,1份餐具,,31.90,14.26,11.00,0.00,0,0,1.49,0.00,5.60,【活动支出】首次光顾立减:1.00元+【活动支出】精准营销:3.00元+【活动支出】饿了么红包:7.00元+【活动支出】替用户承担配送费:5.6元,-,-,-,2.00,温州区域,温州直营,,,否,-,平台配送
圣比萨（娄桥店）,SBM00040,温州,"8044906088923699590	",饿了么,平台外卖,已完成,2025-10-22 16:40:12,2025-10-22 16:40:12,2025-10-22 16:40:12,饿了么支付-在线支付,,即时单,2025-10-22 16:40:12,11.12,自动出餐,1,否,"地道肠（3.90*1）,蛋挞一个（原味）（3.90*1）,【任选】披萨随心配（29.90*1）,餐盒（3.00*1）",地道肠1根+蛋挞1个+不加一+深海墨鱼丸(3个)+小可乐+不加一+新奥尔良烤鸡肉披萨(7英寸(手拍)),,,,非会员,44,,,。 / 依据餐量提供餐具,,37.70,20.31,11.91,0.00,0,0,1.93,0.00,4.00,【活动支出】首次光顾立减:1.00元+【活动支出】单品特价:2.91元+【活动支出】CPS商户叠加券:0.00元+【活动支出】饿了么红包:8.00元+【活动支出】替用户承担配送费:4.0元,-,-,-,3.00,温州区域,温州直营,,,否,-,平台配送
圣比萨（娄桥店）,SBM00040,温州,"8016110255050961282	",饿了么,平台外卖,已完成,2025-10-22 16:50:26,2025-10-22 16:50:26,2025-10-22 16:50:26,饿了么支付-在线支付,,即时单,2025-10-22 16:50:26,11.20,自动出餐,1,否,"【任选】披萨随心配（38.80*1）,蛋挞一个（原味）（3.90*1）,餐盒（2.50*1）",奥尔良烤翅+地道肠1根+小可乐+不加一+碳烤鸡肉培根披萨(7英寸(手拍))+蛋挞1个,,,,非会员,45,,,依据餐量提供餐具,,42.70,19.84,16.91,0.00,0,0,1.90,0.00,3.50,【活动支出】店铺满减:1.00元+【活动支出】首次光顾立减:1.00元+【活动支出】单品特价:2.91元+【活动支出】精准营销:3.00元+【活动支出】饿了么红包:9.00元+【活动支出】替用户承担配送费:3.5元,-,-,-,2.50,温州区域,温州直营,,,否,-,平台配送
圣比萨（娄桥店）,SBM00040,温州,"8045490255051044127	",饿了么,平台外卖,已完成,2025-10-22 16:52:28,2025-10-22 16:52:28,2025-10-22 16:52:28,饿了么支付-在线支付,,即时单,2025-10-22 16:52:28,11.05,自动出餐,1,否,"咸蛋黄风味流沙卷边（7英寸）（4.90*1）,【随心❤️拼】双拼披萨（口味自选）-7英寸双拼[玉米沙拉7英寸+新奥尔良烤鸡肉7英寸][{""name"":""规格"",""value"":""7英寸双拼""}]（24.90*1）,餐盒（2.00*1）",咸蛋黄流沙卷边7+【随心❤️拼】双拼披萨,,,,非会员,46,,,依据餐量提供餐具,,29.80,17.21,7.00,0.00,0,0,1.64,0.00,3.50,【活动支出】饿了么红包:7.00元+【活动支出】替用户承担配送费:3.5元,-,-,-,2.00,温州区域,温州直营,,,否,-,平台配送
圣比萨（娄桥店）,SBM00040,温州,"8082320254957276552	",饿了么,平台外卖,已完成,2025-10-22 16:56:00,2025-10-22 16:56:00,2025-10-22 16:56:01,饿了么支付-在线支付,,即时单,2025-10-22 16:56:00,11.20,自动出餐,1,否,"【任选】披萨随心配（52.60*1）,蛋挞一个（原味）（3.90*1）,餐盒（2.50*1）",奥尔良烤翅+小薯条+小可乐+烤甜玉米+榴莲王披萨(7英寸(手拍))+蛋挞1个,,,,非会员,47,,,依据餐量提供餐具,,56.50,34.51,12.91,0.00,0,0,3.23,0.00,3.50,【活动支出】店铺满减:1.00元+【活动支出】首次光顾立减:1.00元+【活动支出】单品特价:2.91元+【活动支出】饿了么红包:8.00元+【活动支出】替用户承担配送费:3.5元,-,-,-,2.50,温州区域,温州直营,,,否,-,平台配送
圣比萨（娄桥店）,SBM00040,温州,"8050536088947466726	",饿了么,平台外卖,已完成,2025-10-22 16:56:16,2025-10-22 16:56:16,2025-10-22 16:56:16,饿了么支付-在线支付,,即时单,2025-10-22 16:56:16,11.17,自动出餐,1,否,"【任选】披萨随心配（29.90*1）,餐盒（2.00*1）",不加一+地道肠1根+小可乐+不加一+新奥尔良烤鸡肉披萨(7英寸(手拍)),,,,非会员,48,,,1份餐具,,29.90,16.38,8.00,0.00,0,0,1.57,0.00,3.50,【活动支出】首次光顾立减:1.00元+【活动支出】饿了么红包:7.00元+【活动支出】替用户承担配送费:3.5元,-,-,-,2.00,温州区域,温州直营,,,否,-,平台配送
圣比萨（娄桥店）,SBM00040,温州,"8040310255150642576	",饿了么,平台外卖,已完成,2025-10-22 17:09:34,2025-10-22 17:09:34,2025-10-22 17:09:35,饿了么支付-在线支付,,即时单,2025-10-22 17:09:34,11.05,自动出餐,1,否,"招牌肉酱意面（23.90*1）,浪漫威尼斯披萨-7英寸(手拍)[{""name"":""规格"",""value"":""7英寸(手拍)""}]（25.90*1）,奶酪芝士卷边（7英寸）（4.90*1）,餐盒（4.00*1）",招牌肉酱意面+浪漫威尼斯披萨+奶酪芝士卷边7,,,,非会员,49,,,2份餐具,,54.70,37.25,9.00,0.00,0,0,3.50,0.00,4.00,【活动支出】店铺满减:1.00元+【活动支出】饿了么红包:8.00元+【活动支出】替用户承担配送费:4.0元,-,-,-,4.00,温州区域,温州直营,,,否,-,平台配送
圣比萨（娄桥店）,SBM00040,温州,"8080340255052149163	",饿了么,平台外卖,已完成,2025-10-22 17:12:48,2025-10-22 17:12:48,2025-10-22 17:12:49,饿了么支付-在线支付,,即时单,2025-10-22 17:12:48,11.03,自动出餐,1,否,"榴莲王披萨-7英寸(手拍)[{""name"":""规格"",""value"":""7英寸(手拍)""}]（29.90*1）,餐盒（2.00*1）",榴莲王披萨,,,,非会员,50,,,依据餐量提供餐具,,29.90,16.38,8.00,0.00,0,0,1.57,0.00,3.50,【活动支出】首次光顾立减:1.00元+【活动支出】饿了么红包:7.00元+【活动支出】替用户承担配送费:3.5元,-,-,-,2.00,温州区域,温州直营,,,否,-,平台配送
圣比萨（娄桥店）,SBM00040,温州,"8072916088921090355	",饿了么,平台外卖,已完成,2025-10-22 17:13:05,2025-10-22 17:13:05,2025-10-22 17:13:05,饿了么支付-在线支付,,即时单,2025-10-22 17:13:05,11.12,自动出餐,1,否,"【任选】披萨随心配（34.80*1）,蛋挞一个（原味）（3.90*1）,餐盒（2.50*1）",不加一+地道肠1根+小可乐+不加一+碳烤鸡肉培根披萨(7英寸(手拍))+蛋挞1个,,,,非会员,51,,,依据餐量提供餐具；手机尾号：2177；接力送,,38.70,14.47,15.91,0.00,0,0,1.67,0.00,7.40,【活动支出】店铺满减:1.00元+【活动支出】首次光顾立减:1.00元+【活动支出】单品特价:2.91元+【活动支出】精准营销:3.00元+【活动支出】饿了么红包:8.00元+【活动支出】淘金币:0.00元+【活动支出】替用户承担配送费:6.0元,-,-,-,2.50,温州区域,温州直营,,,否,-,平台配送
圣比萨（娄桥店）,SBM00040,温州,"8072816088945958237	",饿了么,平台外卖,已完成,2025-10-22 17:27:21,2025-10-22 17:27:21,2025-10-22 17:27:21,饿了么支付-在线支付,,即时单,2025-10-22 17:27:21,11.05,自动出餐,1,否,"【任选】披萨随心配（45.60*1）,餐盒（2.00*1）",盐酥鸡米花小份+小薯条+小可乐+不加一+榴莲王披萨(7英寸(手拍)),,,,非会员,52,,,依据餐量提供餐具,,45.60,25.08,13.00,0.00,0,0,2.37,0.00,3.50,【活动支出】店铺满减:1.00元+【活动支出】精准营销:3.00元+【活动支出】饿了么红包:9.00元+【活动支出】替用户承担配送费:3.5元,-,-,-,2.00,温州区域,温州直营,,,否,-,平台配送
圣比萨（娄桥店）,SBM00040,温州,"8057270255068628278	",饿了么,平台外卖,已完成,2025-10-22 17:27:28,2025-10-22 17:27:28,2025-10-22 17:27:29,饿了么支付-在线支付,,即时单,2025-10-22 17:27:28,11.12,自动出餐,1,否,"红薯薯泥流心卷边（7英寸）（4.90*1）,榴莲王披萨-7英寸(手拍)[{""name"":""规格"",""value"":""7英寸(手拍)""}]（29.90*1）,蛋挞一个（原味）（3.90*1）,餐盒（2.50*1）",红薯泥流心卷边7+榴莲王披萨+蛋挞1个,,,,非会员,53,,,依据餐量提供餐具,,38.70,18.97,11.91,0.00,0,0,1.97,0.00,5.60,【活动支出】店铺满减:1.00元+【活动支出】单品特价:2.91元+【活动支出】CPS商户叠加券:0.00元+【活动支出】饿了么红包:8.00元+【活动支出】替用户承担配送费:5.6元,-,-,-,2.50,温州区域,温州直营,,,否,-,平台配送
圣比萨（娄桥店）,SBM00040,温州,"8041816088938080518	",饿了么,平台外卖,已完成,2025-10-22 17:33:22,2025-10-22 17:33:22,2025-10-22 17:33:22,饿了么支付-在线支付,,即时单,2025-10-22 17:33:22,15.03,自动出餐,1,否,"美式香骨鸡（8.90*1）,【任选】披萨随心配（43.70*1）,地道肠（3.90*1）,蛋挞一个（原味）（3.90*1）,餐盒（3.00*1）",美式香骨鸡+奥尔良烤翅+深海墨鱼丸(3个)+小可乐+缤纷芝士挞(香蕉味)+新奥尔良烤鸡肉披萨(7英寸(手拍))+地道肠1根+蛋挞1个,,,,非会员,54,,,依据餐量提供餐具,,60.40,30.88,20.91,0.00,0,0,2.96,0.00,4.50,【活动支出】店铺满减:6.00元+【活动支出】单品特价:2.91元+【活动支出】CPS商户叠加券:0.00元+【活动支出】饿了么红包:12.00元+【活动支出】替用户承担配送费:4.5元,-,-,-,3.00,温州区域,温州直营,,,否,-,平台配送
圣比萨（娄桥店）,SBM00040,温州,"8004490255072685550	",饿了么,平台外卖,已完成,2025-10-22 17:34:03,2025-10-22 17:34:03,2025-10-22 17:34:03,饿了么支付-在线支付,,即时单,2025-10-22 17:34:03,15.22,自动出餐,1,否,"红薯薯泥流心卷边（7英寸）（4.90*1）,【随心❤️拼】双拼披萨（口味自选）-7英寸双拼[新奥尔良烤鸡肉7英寸+缤纷水果7英寸][{""name"":""规格"",""value"":""7英寸双拼""}]（24.90*1）,餐盒（2.00*1）",红薯泥流心卷边7+【随心❤️拼】双拼披萨,,,,非会员,55,,,无需餐具,,29.80,16.29,8.00,0.00,0,0,1.56,0.00,3.50,【活动支出】首次光顾立减:1.00元+【活动支出】饿了么红包:7.00元+【活动支出】替用户承担配送费:3.5元,-,-,-,2.00,温州区域,温州直营,,,否,-,平台配送
圣比萨（娄桥店）,SBM00040,温州,"8087420254984865196	",饿了么,平台外卖,已完成,2025-10-22 17:35:18,2025-10-22 17:35:18,2025-10-22 17:35:19,饿了么支付-在线支付,,即时单,2025-10-22 17:35:18,15.10,自动出餐,1,否,"新奥尔良烤鸡肉披萨-7英寸(手拍)[{""name"":""规格"",""value"":""7英寸(手拍)""}]（21.90*1）,餐盒（2.00*1）",新奥尔良烤鸡肉披萨,,,,非会员,56,,,依据餐量提供餐具,,21.90,9.12,8.00,0.00,0,0,1.43,0.00,3.50,【活动支出】首次光顾立减:1.00元+【活动支出】饿了么红包:7.00元+【活动支出】替用户承担配送费:3.5元,-,-,-,2.00,温州区域,温州直营,,,否,-,平台配送
圣比萨（娄桥店）,SBM00040,温州,"8047280255065191700	",饿了么,平台外卖,已完成,2025-10-22 17:38:24,2025-10-22 17:38:24,2025-10-22 17:38:25,饿了么支付-在线支付,,即时单,2025-10-22 17:38:24,15.17,自动出餐,1,否,"酸奶多多流心卷边（7英寸）（4.90*1）,【随心❤️拼】双拼披萨（口味自选）-7英寸双拼[新奥尔良烤鸡肉7英寸+缤纷水果7英寸][{""name"":""规格"",""value"":""7英寸双拼""}]（24.90*1）,餐盒（2.00*1）",酸奶多多流心卷边7+【随心❤️拼】双拼披萨,,,,非会员,57,,,2份餐具,,29.80,16.29,8.00,0.00,0,0,1.56,0.00,4.00,【活动支出】首次光顾立减:1.00元+【活动支出】饿了么红包:7.00元+【活动支出】替用户承担配送费:4.0元,-,-,-,2.00,温州区域,温州直营,,,否,-,平台配送
圣比萨（娄桥店）,SBM00040,温州,"8061190254984363376	",饿了么,平台外卖,已完成,2025-10-22 17:43:48,2025-10-22 17:43:48,2025-10-22 17:43:48,饿了么支付-在线支付,,即时单,2025-10-22 17:43:48,15.03,自动出餐,1,否,"【任选】披萨随心配（40.70*1）,餐盒（2.00*1）",不加一+蛋挞1个+小可乐+不加一+榴莲王披萨(7英寸(手拍)),,,,非会员,58,,,依据餐量提供餐具；手机尾号：1989；接力送,,40.70,17.95,13.00,0.00,0,0,2.00,0.00,6.80,【活动支出】店铺满减:1.00元+【活动支出】首次光顾立减:1.00元+【活动支出】精准营销:3.00元+【活动支出】饿了么红包:8.00元+【活动支出】淘金币:0.00元+【活动支出】替用户承担配送费:6.0元,-,-,-,2.00,温州区域,温州直营,,,否,-,平台配送
圣比萨（娄桥店）,SBM00040,温州,"8061190255177183651	",饿了么,平台外卖,已完成,2025-10-22 17:46:45,2025-10-22 17:46:45,2025-10-22 17:46:45,饿了么支付-在线支付,,即时单,2025-10-22 17:46:45,15.15,自动出餐,1,否,"【任选5件套】披萨意面我全都要（70.70*1）,餐盒（2.00*1）",明星小食桶A+小可乐+小可乐+大圣招牌大满贯披萨(7英寸(手拍))+招牌肉酱意面,,,,非会员,59,,,依据餐量提供餐具；手机尾号：4114；接力送,,70.70,36.82,20.00,0.00,0,0,3.73,0.00,7.40,【活动支出】店铺满减:6.00元+【活动支出】粉丝群:2.00元+【活动支出】饿了么红包:12.00元+【活动支出】淘金币:0.00元+【活动支出】替用户承担配送费:6.0元,-,-,-,2.00,温州区域,温州直营,,,否,-,平台配送
圣比萨（娄桥店）,SBM00040,温州,"8067906088960128338	",饿了么,平台外卖,已完成,2025-10-22 17:53:20,2025-10-22 17:53:20,2025-10-22 17:53:20,饿了么支付-在线支付,,即时单,2025-10-22 17:53:20,15.18,自动出餐,1,否,"新奥尔良烤鸡肉披萨-7英寸(手拍)[{""name"":""规格"",""value"":""7英寸(手拍)""}]（21.90*1）,餐盒（2.00*1）",新奥尔良烤鸡肉披萨,,,,非会员,60,,,依据餐量提供餐具；手机尾号：7608；接力送,,21.90,5.92,8.00,0.00,0,0,1.43,0.00,7.40,【活动支出】首次光顾立减:1.00元+【活动支出】 商家自营销加码:2.00元+【活动支出】饿了么红包:5.00元+【活动支出】替用户承担配送费:6.0元,-,-,-,2.00,温州区域,温州直营,,,否,-,平台配送
圣比萨（娄桥店）,SBM00040,温州,"8055470255086956887	",饿了么,平台外卖,已完成,2025-10-22 17:54:33,2025-10-22 17:54:33,2025-10-22 17:54:33,饿了么支付-在线支付,,即时单,2025-10-22 17:54:33,15.22,自动出餐,1,否,"新奥尔良烤鸡肉披萨-7英寸(手拍)[{""name"":""规格"",""value"":""7英寸(手拍)""}]（21.90*1）,蛋挞一个（原味）（3.90*1）,餐盒（2.50*1）",新奥尔良烤鸡肉披萨+蛋挞1个,,,,非会员,61,,,依据餐量提供餐具,,25.80,8.61,12.91,0.00,0,0,1.43,0.00,3.50,【活动支出】首次光顾立减:1.00元+【活动支出】单品特价:2.91元+【活动支出】粉丝群:2.00元+【活动支出】饿了么红包:7.00元+【活动支出】替用户承担配送费:3.5元,-,-,-,2.50,温州区域,温州直营,,,否,-,平台配送
圣比萨（娄桥店）,SBM00040,温州,"8017606088963583340	",饿了么,平台外卖,已完成,2025-10-22 17:55:18,2025-10-22 17:55:18,2025-10-22 17:55:18,饿了么支付-在线支付,,即时单,2025-10-22 17:55:18,15.12,自动出餐,1,否,"经典薯条（8.90*1）,️【任选】意面随心配（34.80*1）,蛋挞一个（原味）（3.90*1）,餐盒（3.00*1）",经典薯条+番茄牛肉意面+不加一+小可乐+盐酥鸡米花小份+上校鸡块+蛋挞1个,,,,非会员,62,,,依据餐量提供餐具,,47.60,25.16,15.91,0.00,0,0,2.38,0.00,3.50,【活动支出】店铺满减:1.00元+【活动支出】首次光顾立减:1.00元+【活动支出】单品特价:2.91元+【活动支出】 商家自营销加码:0.00元+【活动支出】精准营销:3.00元+【活动支出】饿了么红包:8.00元+【活动支出】替用户承担配送费:3.5元,-,-,-,3.00,温州区域,温州直营,,,否,-,平台配送
圣比萨（娄桥店）,SBM00040,温州,"8007260255088845086	",饿了么,平台外卖,已完成,2025-10-22 17:58:47,2025-10-22 17:58:47,2025-10-22 17:58:47,饿了么支付-在线支付,,即时单,2025-10-22 17:58:47,15.23,自动出餐,1,否,"缤纷水果披萨-7英寸(手拍)[{""name"":""规格"",""value"":""7英寸(手拍)""}]（23.90*1）,餐盒（2.00*1）",缤纷水果披萨,,,,非会员,63,,,依据餐量提供餐具,,23.90,12.12,7.00,0.00,0,0,1.43,0.00,3.50,【活动支出】饿了么红包:7.00元+【活动支出】替用户承担配送费:3.5元,-,-,-,2.00,温州区域,温州直营,,,否,-,平台配送
圣比萨（娄桥店）,SBM00040,温州,"8074310254993554821	",饿了么,平台外卖,已完成,2025-10-22 18:01:18,2025-10-22 18:01:18,2025-10-22 18:01:19,饿了么支付-在线支付,,即时单,2025-10-22 18:01:18,15.22,自动出餐,1,否,"炙热牛魔王披萨-7英寸(手拍)[{""name"":""规格"",""value"":""7英寸(手拍)""}]（25.90*1）,蛋挞一个（原味）（3.90*1）,咸蛋黄风味流沙卷边（7英寸）（4.90*1）,餐盒（2.50*1）",炙热牛魔王披萨+蛋挞1个+咸蛋黄流沙卷边7,,,,非会员,64,,,依据餐量提供餐具,,34.70,18.59,10.91,0.00,0,0,1.75,0.00,3.50,【活动支出】首次光顾立减:1.00元+【活动支出】单品特价:2.91元+【活动支出】CPS商户叠加券:0.00元+【活动支出】饿了么红包:7.00元+【活动支出】替用户承担配送费:3.5元,-,-,-,2.50,温州区域,温州直营,,,否,-,平台配送
圣比萨（娄桥店）,SBM00040,温州,"8097010255188049316	",饿了么,平台外卖,已完成,2025-10-22 18:11:57,2025-10-22 18:11:57,2025-10-22 18:11:57,饿了么支付-在线支付,,即时单,2025-10-22 18:11:57,15.20,自动出餐,1,否,"金沙咸蛋黄嫩鸡披萨-7英寸(手拍)[{""name"":""规格"",""value"":""7英寸(手拍)""}]（25.90*1）,蛋挞一个（原味）（3.90*1）,咸蛋黄风味流沙卷边（7英寸）（4.90*1）,餐盒（2.50*1）",金沙咸蛋黄嫩鸡披萨+蛋挞1个+咸蛋黄流沙卷边7,,,,非会员,65,,,依据餐量提供餐具,,34.70,15.82,13.91,0.00,0,0,1.52,0.00,4.00,【活动支出】首次光顾立减:1.00元+【活动支出】单品特价:2.91元+【活动支出】精准营销:3.00元+【活动支出】饿了么红包:7.00元+【活动支出】替用户承担配送费:4.0元,-,-,-,2.50,温州区域,温州直营,,,否,-,平台配送
圣比萨（娄桥店）,SBM00040,温州,"8077826088973931894	",饿了么,平台外卖,已完成,2025-10-22 18:13:07,2025-10-22 18:13:07,2025-10-22 18:13:07,饿了么支付-在线支付,,即时单,2025-10-22 18:13:07,15.13,自动出餐,1,否,"【随心❤️拼】双拼披萨（口味自选）-7英寸双拼[新奥尔良烤鸡肉7英寸+日式照烧鸡7英寸][{""name"":""规格"",""value"":""7英寸双拼""}]（24.90*1）,餐盒（2.00*1）",【随心❤️拼】双拼披萨,,,,非会员,66,,,依据餐量提供餐具,,24.90,10.32,8.00,0.00,0,0,1.43,0.00,5.00,【活动支出】首次光顾立减:1.00元+【活动支出】饿了么红包:0.00元+【活动支出】饿了么红包:7.00元+【活动支出】替用户承担配送费:5.0元,-,-,-,2.00,温州区域,温州直营,,,否,-,平台配送
圣比萨（娄桥店）,SBM00040,温州,"8018390255192151311	",饿了么,平台外卖,已完成,2025-10-22 18:13:51,2025-10-22 18:13:51,2025-10-22 18:13:51,饿了么支付-在线支付,,即时单,2025-10-22 18:13:51,15.13,自动出餐,1,否,"缤纷水果披萨-7英寸(手拍)[{""name"":""规格"",""value"":""7英寸(手拍)""}]（23.90*1）,餐盒（2.00*1）",缤纷水果披萨,,,,非会员,67,,,不要辣 / 依据餐量提供餐具,,23.90,9.12,10.00,0.00,0,0,1.43,0.00,3.50,【活动支出】订单集点返红包:5.00元+【活动支出】饿了么红包:5.00元+【活动支出】替用户承担配送费:3.5元,-,-,-,2.00,温州区域,温州直营,,,否,-,平台配送
圣比萨（娄桥店）,SBM00040,温州,"8069190255006049702	",饿了么,平台外卖,已完成,2025-10-22 18:14:42,2025-10-22 18:14:42,2025-10-22 18:14:42,饿了么支付-在线支付,,即时单,2025-10-22 18:14:42,15.23,自动出餐,1,否,"新奥尔良烤鸡肉披萨-7英寸(手拍)[{""name"":""规格"",""value"":""7英寸(手拍)""}]（21.90*1）,【任选】披萨随心配（29.90*1）,餐盒（4.00*1）",新奥尔良烤鸡肉披萨+不加一+地道肠1根+小可乐+不加一+碳烤鸡肉培根披萨(7英寸(手拍)),,,,非会员,68,,,3份餐具,,51.80,32.06,13.00,0.00,0,0,2.99,0.00,4.00,【活动支出】店铺满减:1.00元+【活动支出】精准营销:3.00元+【活动支出】饿了么红包:9.00元+【活动支出】替用户承担配送费:4.0元,-,-,-,4.00,温州区域,温州直营,,,否,-,平台配送
圣比萨（娄桥店）,SBM00040,温州,"8093746088993701128	",饿了么,平台外卖,已完成,2025-10-22 18:16:21,2025-10-22 18:16:21,2025-10-22 18:16:22,饿了么支付-在线支付,,即时单,2025-10-22 18:16:21,15.07,自动出餐,1,否,"新奥尔良烤鸡肉披萨-7英寸(手拍)[{""name"":""规格"",""value"":""7英寸(手拍)""}]（21.90*1）,蛋挞一个（原味）（3.90*1）,餐盒（2.50*1）",新奥尔良烤鸡肉披萨+蛋挞1个,,,,非会员,69,,,对商家披萨上面加点沙拉酱/ 2份餐具,,25.80,10.61,10.91,0.00,0,0,1.43,0.00,3.50,【活动支出】首次光顾立减:1.00元+【活动支出】单品特价:2.91元+【活动支出】 商家自营销加码:2.00元+【活动支出】饿了么红包:5.00元+【活动支出】替用户承担配送费:3.5元,-,-,-,2.50,温州区域,温州直营,,,否,-,平台配送
圣比萨（娄桥店）,SBM00040,温州,"8076806088968387070	",饿了么,平台外卖,已完成,2025-10-22 18:20:28,2025-10-22 18:20:28,2025-10-22 18:20:29,饿了么支付-在线支付,,即时单,2025-10-22 18:20:28,15.20,自动出餐,1,否,"【随心❤️拼】双拼披萨（口味自选）-7英寸双拼[新奥尔良烤鸡肉7英寸+碳烤鸡肉培根7英寸][{""name"":""规格"",""value"":""7英寸双拼""}]（24.90*1）,餐盒（2.00*1）",【随心❤️拼】双拼披萨,,,,非会员,70,,,依据餐量提供餐具,,24.90,11.12,9.00,0.00,0,0,1.43,0.00,4.00,【活动支出】首次光顾立减:1.00元+【活动支出】粉丝群:2.00元+【活动支出】饿了么红包:6.00元+【活动支出】替用户承担配送费:4.0元,-,-,-,2.00,温州区域,温州直营,,,否,-,平台配送
圣比萨（娄桥店）,SBM00040,温州,"8087320255018052080	",饿了么,平台外卖,已完成,2025-10-22 18:32:47,2025-10-22 18:32:47,2025-10-22 18:32:47,饿了么支付-在线支付,,即时单,2025-10-22 18:32:47,15.07,自动出餐,1,否,"【随心❤️拼】双拼披萨（口味自选）-7英寸双拼[新奥尔良烤鸡肉7英寸+玉米沙拉7英寸][{""name"":""规格"",""value"":""7英寸双拼""}]（24.90*1）,餐盒（2.00*1）",【随心❤️拼】双拼披萨,,,,非会员,71,,,依据餐量提供餐具,,24.90,10.12,10.00,0.00,0,0,1.43,0.00,3.50,【活动支出】首次光顾立减:1.00元+【活动支出】粉丝群:2.00元+【活动支出】饿了么红包:7.00元+【活动支出】替用户承担配送费:3.5元,-,-,-,2.00,温州区域,温州直营,,,否,-,平台配送
圣比萨（娄桥店）,SBM00040,温州,"8067916088969284874	",饿了么,平台外卖,已完成,2025-10-22 18:34:24,2025-10-22 18:34:24,2025-10-22 18:34:24,饿了么支付-在线支付,,即时单,2025-10-22 18:34:24,15.07,自动出餐,1,否,"【任选】买一送一7英寸披萨（44.80*1）,餐盒（2.00*1）",新奥尔良烤鸡肉披萨(7英寸(手拍))+金沙咸蛋黄嫩鸡披萨(7英寸(手拍)),,,,非会员,72,,,2份餐具,,44.80,22.19,15.00,0.00,0,0,2.16,0.00,5.00,【活动支出】店铺满减:1.00元+【活动支出】首次光顾立减:1.00元+【活动支出】精准营销红包:4.00元+【活动支出】饿了么红包:9.00元+【活动支出】替用户承担配送费:5.0元,-,-,-,2.00,温州区域,温州直营,,,否,-,平台配送
圣比萨（娄桥店）,SBM00040,温州,"8050726089031248222	",饿了么,平台外卖,已完成,2025-10-22 18:43:02,2025-10-22 18:43:02,2025-10-22 18:43:02,饿了么支付-在线支付,,即时单,2025-10-22 18:43:02,15.07,"初始值, 无意义",1,否,"️【任选】意面随心配（29.90*1）,餐盒（2.00*1）",番茄牛肉意面+不加一+小可乐+不加一+上校鸡块,,,,非会员,73,,,依据餐量提供餐具,,29.90,17.31,7.00,0.00,0,0,1.64,0.00,3.50,【活动支出】饿了么红包:7.00元+【活动支出】替用户承担配送费:3.5元,-,-,-,2.00,温州区域,温州直营,,,否,-,平台配送
圣比萨（娄桥店）,SBM00040,温州,"8087440255104119190	",饿了么,平台外卖,已完成,2025-10-22 18:48:02,2025-10-22 18:48:02,2025-10-22 18:48:02,饿了么支付-在线支付,,即时单,2025-10-22 18:48:02,15.15,自动出餐,1,否,"大圣招牌大满贯披萨-9英寸(手拍)[{""name"":""规格"",""value"":""9英寸(手拍)""}]（39.90*1）,蛋挞一个（原味）（3.90*1）,餐盒（2.50*1）",大圣招牌大满贯披萨+蛋挞1个,,,,非会员,74,,,依据餐量提供餐具,,43.80,21.79,15.91,0.00,0,0,2.05,0.00,3.50,【活动支出】店铺满减:1.00元+【活动支出】首次光顾立减:1.00元+【活动支出】单品特价:2.91元+【活动支出】超级会员专享红包:8.00元+【活动支出】 商家自营销加码:0.00元+【活动支出】精准营销:3.00元+【活动支出】替用户承担配送费:3.5元,-,-,-,2.50,温州区域,温州直营,,,否,-,平台配送
圣比萨（娄桥店）,SBM00040,温州,"8066180255212060100	",饿了么,平台外卖,已完成,2025-10-22 18:48:42,2025-10-22 18:48:42,2025-10-22 18:48:42,饿了么支付-在线支付,,预约单,2025-10-22 20:15:00,41.38,自动出餐,1,否,"咸蛋黄风味流沙卷边（7英寸）（4.90*1）,【随心❤️拼】双拼披萨（口味自选）-7英寸双拼[新奥尔良烤鸡肉7英寸+玉米沙拉7英寸][{""name"":""规格"",""value"":""7英寸双拼""}]（24.90*1）,餐盒（2.00*1）",咸蛋黄流沙卷边7+【随心❤️拼】双拼披萨,,,,非会员,75,,,依据餐量提供餐具,,29.80,9.26,7.00,0.00,0,0,1.64,0.00,16.50,【活动支出】 商家自营销加码:2.00元+【活动支出】饿了么红包:5.00元+【活动支出】替用户承担配送费:6.0元,-,-,-,2.00,温州区域,温州直营,,,否,-,平台配送
圣比萨（娄桥店）,SBM00040,温州,"8061926089014801893	",饿了么,平台外卖,已完成,2025-10-22 18:51:37,2025-10-22 18:51:37,2025-10-22 18:51:37,饿了么支付-在线支付,,即时单,2025-10-22 18:51:37,15.13,自动出餐,1,否,"黑椒牛肉意面（28.90*1）,餐盒（2.00*1）",黑椒牛肉意面,,,,非会员,76,,,2份餐具,,28.90,14.12,10.00,0.00,0,0,1.43,0.00,3.50,【活动支出】精准营销:3.00元+【活动支出】饿了么红包:7.00元+【活动支出】替用户承担配送费:3.5元,-,-,-,2.00,温州区域,温州直营,,,否,-,平台配送
圣比萨（娄桥店）,SBM00040,温州,"8048410255105636733	",饿了么,平台外卖,已完成,2025-10-22 18:52:07,2025-10-22 18:52:07,2025-10-22 18:52:07,饿了么支付-在线支付,,即时单,2025-10-22 18:52:07,15.05,自动出餐,1,否,"芝士焗红薯泥（10.90*1）,红薯薯泥流心卷边（7英寸）（4.90*1）,蛋挞一个（原味）（3.90*1）,【随心❤️拼】双拼披萨（口味自选）-7英寸双拼[新奥尔良烤鸡肉7英寸+新奥尔良烤鸡肉7英寸][{""name"":""规格"",""value"":""7英寸双拼""}]（24.90*1）,餐盒（3.00*1）",芝士焗红薯泥+红薯泥流心卷边7+蛋挞1个+【随心❤️拼】双拼披萨,,,,非会员,77,,,"对骑手, 不要打电话放门口就行 / 依据餐量提供餐具",,44.60,20.26,16.91,0.00,0,0,2.08,0.00,5.60,【活动支出】店铺满减:1.00元+【活动支出】首次光顾立减:1.00元+【活动支出】单品特价:2.91元+【活动支出】精准营销:3.00元+【活动支出】饿了么红包:9.00元+【活动支出】替用户承担配送费:5.6元,-,-,-,3.00,温州区域,温州直营,,,否,-,平台配送
圣比萨（娄桥店）,SBM00040,温州,"8069040255210889487	",饿了么,平台外卖,已完成,2025-10-22 18:57:04,2025-10-22 18:57:04,2025-10-22 18:57:04,饿了么支付-在线支付,,即时单,2025-10-22 18:57:04,15.23,自动出餐,1,否,"【随心❤️拼】双拼披萨（口味自选）-7英寸双拼[新奥尔良烤鸡肉7英寸+新奥尔良烤鸡肉7英寸][{""name"":""规格"",""value"":""7英寸双拼""}]（24.90*1）,餐盒（2.00*1）",【随心❤️拼】双拼披萨,,,,非会员,78,,,依据餐量提供餐具；手机尾号：6412；接力送,,24.90,8.92,8.00,0.00,0,0,1.43,0.00,6.80,【活动支出】首次光顾立减:1.00元+【活动支出】粉丝群:2.00元+【活动支出】饿了么红包:5.00元+【活动支出】替用户承担配送费:6.0元,-,-,-,2.00,温州区域,温州直营,,,否,-,平台配送
圣比萨（娄桥店）,SBM00040,温州,"8017060255218173197	",饿了么,平台外卖,已完成,2025-10-22 18:57:22,2025-10-22 18:57:22,2025-10-22 18:57:22,饿了么支付-在线支付,,即时单,2025-10-22 18:57:22,15.17,自动出餐,1,否,"奥尔良烤翅（9.90*1）,大圣招牌大满贯披萨-7英寸(手拍)[{""name"":""规格"",""value"":""7英寸(手拍)""}]（29.90*1）,餐盒（2.50*1）",奥尔良烤翅+大圣招牌大满贯披萨,,,,非会员,79,,,依据餐量提供餐具,,39.80,23.55,10.00,0.00,0,0,2.20,0.00,3.50,【活动支出】店铺满减:1.00元+【活动支出】首次光顾立减:1.00元+【活动支出】饿了么红包:8.00元+【活动支出】替用户承担配送费:3.5元,-,-,-,2.50,温州区域,温州直营,,,否,-,平台配送
圣比萨（娄桥店）,SBM00040,温州,"8093340255109540111	",饿了么,平台外卖,已完成,2025-10-22 19:00:38,2025-10-22 19:00:38,2025-10-22 19:00:38,饿了么支付-在线支付,,即时单,2025-10-22 19:00:38,15.07,自动出餐,1,否,"红薯薯泥流心卷边（7英寸）（4.90*1）,榴莲王披萨-7英寸(手拍)[{""name"":""规格"",""value"":""7英寸(手拍)""}]（29.90*1）,餐盒（2.00*1）",红薯泥流心卷边7+榴莲王披萨,,,,非会员,80,,,依据餐量提供餐具,,34.80,23.11,4.00,0.00,0,0,2.24,0.00,4.50,【活动支出】首次光顾立减:1.00元+【活动支出】精准营销:3.00元+【活动支出】替用户承担配送费:4.5元,-,-,-,2.00,温州区域,温州直营,,,否,-,平台配送
圣比萨（娄桥店）,SBM00040,温州,"8089666089047189863	",饿了么,平台外卖,已完成,2025-10-22 19:13:16,2025-10-22 19:13:16,2025-10-22 19:13:16,饿了么支付-在线支付,,即时单,2025-10-22 19:13:16,15.07,自动出餐,1,否,"咸蛋黄风味流沙卷边（7英寸）（4.90*1）,【随心❤️拼】双拼披萨（口味自选）-7英寸双拼[日式照烧鸡7英寸+碳烤鸡肉培根7英寸][{""name"":""规格"",""value"":""7英寸双拼""}]（24.90*1）,餐盒（2.00*1）",咸蛋黄流沙卷边7+【随心❤️拼】双拼披萨,,,,非会员,81,,,依据餐量提供餐具；手机尾号：2085；接力送,,29.80,12.76,9.00,0.00,0,0,1.49,0.00,7.40,【活动支出】粉丝群:2.00元+【活动支出】饿了么红包:7.00元+【活动支出】替用户承担配送费:6.0元,-,-,-,2.00,温州区域,温州直营,,,否,-,平台配送
圣比萨（娄桥店）,SBM00040,温州,"8092766089058761019	",饿了么,平台外卖,已完成,2025-10-22 19:43:02,2025-10-22 19:43:02,2025-10-22 19:43:02,饿了么支付-在线支付,,即时单,2025-10-22 19:43:02,11.17,自动出餐,1,否,手握三选一-单点[奥尔良]（17.40*1）,奥尔良风情烤鸡肉一人食盒子披萨,,,,非会员,82,,,依据餐量提供餐具,,17.40,10.00,0.00,0.00,0,0,0.00,0.00,,【活动支出】拼团反圈活动:0.00元,-,-,-,0.00,温州区域,温州直营,,,否,-,平台配送
圣比萨（娄桥店）,SBM00040,温州,"8014460255049045257	",饿了么,平台外卖,已完成,2025-10-22 19:48:52,2025-10-22 19:48:52,2025-10-22 19:48:53,饿了么支付-在线支付,,即时单,2025-10-22 19:48:52,11.13,自动出餐,1,否,"【任选】披萨随心配（38.70*1）,餐盒（2.00*1）",不加一+深海墨鱼丸(3个)+小可乐+不加一+星星炸鸡披萨(7英寸(手拍)),,,,非会员,83,,,番茄酱 / 依据餐量提供餐具,,38.70,18.97,14.00,0.00,0,0,1.78,0.00,3.50,【活动支出】店铺满减:1.00元+【活动支出】首次光顾立减:1.00元+【活动支出】精准营销红包:3.00元+【活动支出】饿了么红包:9.00元+【活动支出】替用户承担配送费:3.5元,-,-,-,2.00,温州区域,温州直营,,,否,-,平台配送
圣比萨（娄桥店）,SBM00040,温州,"8007030255152588063	",饿了么,平台外卖,已完成,2025-10-22 19:56:59,2025-10-22 19:56:59,2025-10-22 19:56:59,饿了么支付-在线支付,,即时单,2025-10-22 19:56:59,11.18,自动出餐,1,否,"明星至尊桶（39.90*1）,新奥尔良烤鸡肉披萨-7英寸(手拍)[{""name"":""规格"",""value"":""7英寸(手拍)""}]（21.90*1）,咸蛋黄风味流沙卷边（7英寸）（4.90*1）,餐盒（3.00*1）",明星至尊桶+新奥尔良烤鸡肉披萨+咸蛋黄流沙卷边7,,,,非会员,84,,,依据餐量提供餐具,,66.70,39.10,18.00,0.00,0,0,3.65,0.00,4.00,【活动支出】店铺满减:6.00元+【活动支出】饿了么红包:12.00元+【活动支出】替用户承担配送费:4.0元,-,-,-,3.00,温州区域,温州直营,,,否,-,平台配送
圣比萨（娄桥店）,SBM00040,温州,"8014470255141983576	",饿了么,平台外卖,已完成,2025-10-22 19:57:41,2025-10-22 19:57:41,2025-10-22 19:57:41,饿了么支付-在线支付,,预约单,2025-10-22 20:35:00,3.20,自动出餐,1,否,"️【任选】意面随心配（29.90*1）,蛋挞一个（原味）（3.90*1）,餐盒（2.50*1）",招牌肉酱意面+不加一+小可乐+不加一+小薯条+蛋挞1个,,,,非会员,85,,,可乐多放冰块，给你五星好评 / 依据餐量提供餐具,,33.80,14.69,13.91,0.00,0,0,1.45,0.00,4.50,【活动支出】首次光顾立减:1.00元+【活动支出】单品特价:2.91元+【活动支出】精准营销红包:3.00元+【活动支出】饿了么红包:7.00元+【活动支出】替用户承担配送费:4.5元,-,-,-,2.50,温州区域,温州直营,,,否,-,平台配送
圣比萨（娄桥店）,SBM00040,温州,"8016996089019099445	",饿了么,平台外卖,已完成,2025-10-22 20:03:59,2025-10-22 20:03:59,2025-10-22 20:04:00,饿了么支付-在线支付,,即时单,2025-10-22 20:03:59,11.02,自动出餐,1,否,"【任选】买一送一7英寸披萨（39.90*1）,餐盒（2.00*1）",碳烤鸡肉培根披萨(7英寸(手拍))+新奥尔良烤鸡肉披萨(7英寸(手拍)),,,,非会员,86,,,依据餐量提供餐具,,39.90,22.26,11.00,0.00,0,0,2.09,0.00,4.00,【活动支出】店铺满减:1.00元+【活动支出】首次光顾立减:1.00元+【活动支出】饿了么红包:9.00元+【活动支出】替用户承担配送费:4.0元,-,-,-,2.00,温州区域,温州直营,,,否,-,平台配送
圣比萨（娄桥店）,SBM00040,温州,"8075440255142962650	",饿了么,平台外卖,已完成,2025-10-22 20:06:47,2025-10-22 20:06:47,2025-10-22 20:06:47,饿了么支付-在线支付,,即时单,2025-10-22 20:06:47,11.15,自动出餐,1,否,"新奥尔良烤鸡肉披萨-7英寸(手拍)[{""name"":""规格"",""value"":""7英寸(手拍)""}]（21.90*1）,餐盒（2.00*1）",新奥尔良烤鸡肉披萨,,,,非会员,87,,,依据餐量提供餐具,,21.90,7.32,8.00,0.00,0,0,1.43,0.00,5.60,【活动支出】首次光顾立减:1.00元+【活动支出】饿了么红包:7.00元+【活动支出】替用户承担配送费:5.6元,-,-,-,2.00,温州区域,温州直营,,,否,-,平台配送
圣比萨（娄桥店）,SBM00040,温州,"8002300255065310651	",饿了么,平台外卖,已完成,2025-10-22 20:25:24,2025-10-22 20:25:24,2025-10-22 20:25:24,饿了么支付-在线支付,,即时单,2025-10-22 20:25:24,11.00,自动出餐,1,否,"新奥尔良烤鸡肉披萨-7英寸(手拍)[{""name"":""规格"",""value"":""7英寸(手拍)""}]（21.90*1）,餐盒（2.00*1）",新奥尔良烤鸡肉披萨,,,,非会员,88,,,依据餐量提供餐具,,21.90,9.12,8.00,0.00,0,0,1.43,0.00,3.50,【活动支出】首次光顾立减:1.00元+【活动支出】 商家自营销加码:2.00元+【活动支出】饿了么红包:5.00元+【活动支出】替用户承担配送费:3.5元,-,-,-,2.00,温州区域,温州直营,,,否,-,平台配送
圣比萨（娄桥店）,SBM00040,温州,"8012460255167146392	",饿了么,平台外卖,已完成,2025-10-22 20:36:26,2025-10-22 20:36:26,2025-10-22 20:36:26,饿了么支付-在线支付,,即时单,2025-10-22 20:36:26,11.17,自动出餐,1,否,"经典薯条（8.90*1）,新奥尔良烤鸡肉披萨-7英寸(手拍)[{""name"":""规格"",""value"":""7英寸(手拍)""}]（21.90*1）,蛋挞一个（3.90*1）,奶酪芝士卷边（7英寸）（4.90*1）,奥尔良烤翅（9.90*1）,美式香骨鸡（8.90*1）,锅巴土豆（5.90*1）,地道肠（3.90*1）,深海墨鱼丸-6个[{""name"":""规格"",""value"":""6个""}]（9.90*1）,上校鸡块（4.90*1）,餐盒（6.00*1）",经典薯条+新奥尔良烤鸡肉披萨+蛋挞1个+奶酪芝士卷边7+奥尔良烤翅+美式香骨鸡+锅巴土豆+地道肠1根+深海墨鱼丸+上校鸡块,,,,非会员,89,,,依据餐量提供餐具,,83.00,56.72,15.00,0.00,0,0,5.33,0.00,4.50,【活动支出】店铺满减:6.00元+【活动支出】首次光顾立减:1.00元+【活动支出】超级会员专享红包:8.00元+【活动支出】 商家自营销加码:0.00元+【活动支出】替用户承担配送费:4.5元,-,-,-,6.00,温州区域,温州直营,,,否,-,平台配送
圣比萨（娄桥店）,SBM00040,温州,"8002110255258321254	",饿了么,平台外卖,已完成,2025-10-22 20:48:51,2025-10-22 20:48:51,2025-10-22 20:48:52,饿了么支付-在线支付,,即时单,2025-10-22 20:48:51,11.07,自动出餐,1,否,"【随心❤️拼】双拼披萨（口味自选）-9英寸双拼[碳烤鸡肉培根9英寸+日式照烧鸡9英寸][{""name"":""规格"",""value"":""9英寸双拼""}]（34.90*1）,咸蛋黄风味流心卷边（9英寸）（6.90*1）,餐盒（2.00*1）",【随心❤️拼】双拼披萨+咸蛋黄流沙卷边9,,,,非会员,90,,,2份餐具,,41.80,25.26,9.00,0.00,0,0,2.39,0.00,4.00,【活动支出】店铺满减:1.00元+【活动支出】CPS商户叠加券:0.00元+【活动支出】饿了么红包:8.00元+【活动支出】淘金币:0.00元+【活动支出】替用户承担配送费:4.0元,-,-,-,2.00,温州区域,温州直营,,,否,-,平台配送
圣比萨（娄桥店）,SBM00040,温州,"8086320255173848514	",饿了么,平台外卖,已完成,2025-10-22 20:56:08,2025-10-22 20:56:08,2025-10-22 20:56:09,饿了么支付-在线支付,,即时单,2025-10-22 20:56:08,11.03,自动出餐,1,否,"新奥尔良烤鸡肉披萨-7英寸(手拍)[{""name"":""规格"",""value"":""7英寸(手拍)""}]（21.90*1）,奶酪芝士卷边（7英寸）（4.90*1）,餐盒（2.00*1）",新奥尔良烤鸡肉披萨+奶酪芝士卷边7,,,,非会员,91,,,2份餐具,用户申请取消单 其他原因，,26.80,12.22,8.00,0.00,0,0,1.43,0.00,5.60,【活动支出】首次光顾立减:1.00元+【活动支出】饿了么红包:7.00元+【活动支出】替用户承担配送费:5.6元,-,-,-,2.00,温州区域,温州直营,,,否,-,平台配送
圣比萨（娄桥店）,SBM00040,温州,"8062210255081998663	",饿了么,平台外卖,已完成,2025-10-22 21:26:20,2025-10-22 21:26:20,2025-10-22 21:26:21,饿了么支付-在线支付,,即时单,2025-10-22 21:26:20,11.05,自动出餐,1,否,"咸蛋黄风味流沙卷边（7英寸）（4.90*1）,【随心❤️拼】双拼披萨（口味自选）-7英寸双拼[日式照烧鸡7英寸+碳烤鸡肉培根7英寸][{""name"":""规格"",""value"":""7英寸双拼""}]（24.90*1）,餐盒（2.00*1）",咸蛋黄流沙卷边7+【随心❤️拼】双拼披萨,,,,非会员,92,,,依据餐量提供餐具,,29.80,15.79,8.00,0.00,0,0,1.56,0.00,6.10,【活动支出】首次光顾立减:1.00元+【活动支出】CPS商户叠加券:0.00元+【活动支出】饿了么红包:7.00元+【活动支出】淘金币:0.00元+【活动支出】替用户承担配送费:6.0元,-,-,-,2.00,温州区域,温州直营,,,否,-,平台配送
圣比萨（娄桥店）,SBM00040,温州,"8090626089055805700	",饿了么,平台外卖,已完成,2025-10-22 21:31:36,2025-10-22 21:31:36,2025-10-22 21:31:37,饿了么支付-在线支付,,即时单,2025-10-22 21:31:36,11.10,自动出餐,1,否,"【随心❤️拼】双拼披萨（口味自选）-9英寸双拼[玉米沙拉9英寸+碳烤鸡肉培根9英寸][{""name"":""规格"",""value"":""9英寸双拼""}]（34.90*1）,奶酪芝士卷边（9英寸）（6.90*1）,餐盒（2.00*1）",【随心❤️拼】双拼披萨+奶酪芝士卷边9,,,,非会员,93,,,依据餐量提供餐具,,41.80,21.66,13.00,0.00,0,0,2.09,0.00,6.10,【活动支出】店铺满减:1.00元+【活动支出】首次光顾立减:1.00元+【活动支出】精准营销:3.00元+【活动支出】饿了么红包:8.00元+【活动支出】替用户承担配送费:6.0元,-,-,-,2.00,温州区域,温州直营,,,否,-,平台配送
圣比萨（娄桥店）,SBM00040,温州,"8086210255172418917	",饿了么,平台外卖,已完成,2025-10-22 21:34:06,2025-10-22 21:34:06,2025-10-22 21:34:06,饿了么支付-在线支付,,即时单,2025-10-22 21:34:06,11.22,自动出餐,1,否,"【随心❤️拼】双拼披萨（口味自选）-9英寸双拼[新奥尔良烤鸡肉9英寸+玉米沙拉9英寸][{""name"":""规格"",""value"":""9英寸双拼""}]（34.90*1）,咸蛋黄风味流心卷边（9英寸）（6.90*1）,餐盒（2.00*1）",【随心❤️拼】双拼披萨+咸蛋黄流沙卷边9,,,,非会员,94,,,依据餐量提供餐具,,41.80,21.66,13.00,0.00,0,0,2.09,0.00,6.10,【活动支出】店铺满减:1.00元+【活动支出】首次光顾立减:1.00元+【活动支出】精准营销:3.00元+【活动支出】饿了么红包:8.00元+【活动支出】替用户承担配送费:6.0元,-,-,-,2.00,温州区域,温州直营,,,否,-,平台配送
圣比萨（娄桥店）,SBM00040,温州,"8092816089046319573	",饿了么,平台外卖,已完成,2025-10-22 21:55:16,2025-10-22 21:55:16,2025-10-22 21:55:17,饿了么支付-在线支付,,即时单,2025-10-22 21:55:16,11.15,自动出餐,1,否,"新奥尔良烤鸡肉披萨-9英寸(手拍)[{""name"":""规格"",""value"":""9英寸(手拍)""}]（31.90*1）,咸蛋黄风味流心卷边（9英寸）（6.90*1）,餐盒（2.00*1）",新奥尔良烤鸡肉披萨+咸蛋黄流沙卷边9,,,,非会员,95,,,依据餐量提供餐具,,38.80,18.56,14.00,0.00,0,0,1.79,0.00,5.60,【活动支出】店铺满减:1.00元+【活动支出】订单集点返红包:5.00元+【活动支出】饿了么红包:8.00元+【活动支出】淘金币:0.00元+【活动支出】替用户承担配送费:5.6元,-,-,-,2.00,温州区域,温州直营,,,否,-,平台配送
圣比萨（娄桥店）,SBM00040,温州,"8016180255275257161	",饿了么,平台外卖,已完成,2025-10-22 22:00:04,2025-10-22 22:00:04,2025-10-22 22:00:04,饿了么支付-在线支付,,即时单,2025-10-22 22:00:04,11.10,自动出餐,1,否,手握三选一-单点[奥尔良]（17.40*1）,奥尔良风情烤鸡肉一人食盒子披萨,,,,非会员,96,,,不要葱不要洋葱多香菜上有老下有小老人小孩都爱吃 / 依据餐量提供餐具,,17.40,10.00,0.00,0.00,0,0,0.00,0.00,,【活动支出】拼团反圈活动:0.00元,-,-,-,0.00,温州区域,温州直营,,,否,-,平台配送
圣比萨（娄桥店）,SBM00040,温州,"8052300255085750750	",饿了么,平台外卖,已完成,2025-10-22 22:04:16,2025-10-22 22:04:16,2025-10-22 22:04:16,饿了么支付-在线支付,,即时单,2025-10-22 22:04:16,10.00,手动出餐,1,否,"【随心❤️拼】双拼披萨（口味自选）-7英寸双拼[新奥尔良烤鸡肉7英寸+日式照烧鸡7英寸][{""name"":""规格"",""value"":""7英寸双拼""}]（24.90*1）,餐盒（2.00*1）",【随心❤️拼】双拼披萨,,,,非会员,97,,,依据餐量提供餐具,,24.90,12.62,7.00,0.00,0,0,1.43,0.00,5.60,【活动支出】 商家自营销加码:2.00元+【活动支出】饿了么红包:5.00元+【活动支出】替用户承担配送费:5.6元,-,-,-,2.00,温州区域,温州直营,,,否,-,平台配送
圣比萨（娄桥店）,SBM00040,温州,"8024440255193976240	",饿了么,平台外卖,已完成,2025-10-22 22:07:30,2025-10-22 22:07:30,2025-10-22 22:07:30,饿了么支付-在线支付,,即时单,2025-10-22 22:07:30,9.75,手动出餐,1,否,"奶酪芝士卷边（7英寸）（4.90*1）,榴莲王披萨-7英寸(手拍)[{""name"":""规格"",""value"":""7英寸(手拍)""}]（29.90*1）,餐盒（2.00*1）",奶酪芝士卷边7+榴莲王披萨,,,,非会员,98,,,依据餐量提供餐具,,34.80,17.64,11.00,0.00,0,0,1.71,0.00,6.10,【活动支出】首次光顾立减:1.00元+【活动支出】精准营销:3.00元+【活动支出】饿了么红包:7.00元+【活动支出】替用户承担配送费:6.0元,-,-,-,2.00,温州区域,温州直营,,,否,-,平台配送
圣比萨（娄桥店）,SBM00040,温州,"8044140255184316837	",饿了么,平台外卖,已完成,2025-10-22 22:46:32,2025-10-22 22:46:32,2025-10-22 22:46:32,饿了么支付-在线支付,,即时单,2025-10-22 22:46:32,11.08,自动出餐,1,否,"新奥尔良烤鸡肉披萨-9英寸(手拍)[{""name"":""规格"",""value"":""9英寸(手拍)""}]（31.90*1）,餐盒（2.00*1）",新奥尔良烤鸡肉披萨,,,,非会员,99,,,依据餐量提供餐具,,31.90,17.73,8.00,0.00,0,0,1.72,0.00,5.60,【活动支出】首次光顾立减:1.00元+【活动支出】饿了么红包:7.00元+【活动支出】替用户承担配送费:5.6元,-,-,-,2.00,温州区域,温州直营,,,否,-,平台配送
圣比萨（娄桥店）,SBM00040,温州,"8081846089116561844	",饿了么,平台外卖,已完成,2025-10-22 23:27:36,2025-10-22 23:27:36,2025-10-22 23:27:36,饿了么支付-在线支付,,即时单,2025-10-22 23:27:36,11.07,自动出餐,1,否,手握三选一-单点[奥尔良]（17.40*1）,奥尔良风情烤鸡肉一人食盒子披萨,,,,非会员,100,,,依据餐量提供餐具,,17.40,10.00,0.00,0.00,0,0,0.00,0.00,,【活动支出】拼团反圈活动:0.00元,-,-,-,0.00,温州区域,温州直营,,,否,-,平台配送
圣比萨（娄桥店）,SBM00040,温州,"8024360255195440474	",饿了么,平台外卖,已完成,2025-10-22 23:56:48,2025-10-22 23:56:48,2025-10-22 23:56:48,饿了么支付-在线支付,,即时单,2025-10-22 23:56:48,11.12,自动出餐,1,否,"【随心❤️拼】双拼披萨（口味自选）-7英寸双拼[新奥尔良烤鸡肉7英寸+新奥尔良烤鸡肉7英寸][{""name"":""规格"",""value"":""7英寸双拼""}]（24.90*1）,餐盒（2.00*1）",【随心❤️拼】双拼披萨,,,,非会员,101,,,1份餐具,,24.90,9.82,8.00,0.00,0,0,1.43,0.00,8.30,【活动支出】首次光顾立减:1.00元+【活动支出】饿了么红包:7.00元+【活动支出】替用户承担配送费:6.0元,-,-,-,2.00,温州区域,温州直营,,,否,-,平台配送
圣比萨（玉环陈屿店）,SBM00037,台州,"8022896088756155659	",饿了么,平台外卖,已完成,2025-10-22 10:41:23,2025-10-22 10:41:23,2025-10-22 10:41:23,饿了么支付-在线支付,,即时单,2025-10-22 10:41:23,8.07,手动出餐,1,否,"️【任选】意面随心配（34.80*1）,蛋挞一个（3.90*2）,餐盒（2.00*1）",小可乐+盐酥鸡粒+招牌肉酱意面+蛋挞1个,,,,非会员,1,,,依据餐量提供餐具,,42.60,26.19,8.91,0.00,0,0,2.40,0.00,2.30,【活动支出】店铺满减:1.00元+【活动支出】首次光顾立减:1.00元+【活动支出】单品特价:1.91元+【活动支出】吃货豆兑换的商家券:5.00元+【活动支出】替用户承担配送费:2.3元,-,-,-,2.00,台州区域,台州加盟,,,否,-,平台配送
圣比萨（玉环陈屿店）,SBM00037,台州,"8094270254922640849	",饿了么,平台外卖,已完成,2025-10-22 15:10:08,2025-10-22 15:10:08,2025-10-22 15:10:09,饿了么支付-在线支付,,即时单,2025-10-22 15:10:08,13.18,自动出餐,1,否,"【随心❤️拼】9英寸双拼披萨（口味自选）[浪漫威尼斯+花果山]（37.90*1）,餐盒（2.00*1）",双拼9寸【浪漫威尼斯口味9】+双拼9寸【花果山口味9】,,,,非会员,2,,,依据餐量提供餐具,,37.90,23.37,8.00,0.00,0,0,2.13,0.00,2.30,【活动支出】店铺满减:1.00元+【活动支出】下单返红包:2.00元+【活动支出】饿了么红包:5.00元+【活动支出】替用户承担配送费:2.3元,-,-,-,2.00,台州区域,台州加盟,,,否,-,平台配送
圣比萨（玉环陈屿店）,SBM00037,台州,"8070430255089567125	",饿了么,平台外卖,已完成,2025-10-22 18:12:57,2025-10-22 18:12:57,2025-10-22 18:12:58,饿了么支付-在线支付,,即时单,2025-10-22 18:12:57,14.07,自动出餐,1,否,"【随心❤️拼】7英寸双拼披萨（口味自选）[日系照烧鸡+日系照烧鸡]（27.90*1）,餐盒（2.00*1）",双拼7寸【日系照烧口味7】+双拼7寸【日系照烧口味7】,,,,非会员,3,,,无需餐具,,27.90,15.72,7.00,0.00,0,0,1.48,0.00,2.30,【活动支出】订单集点返红包:3.00元+【活动支出】饿了么红包:4.00元+【活动支出】替用户承担配送费:2.3元,-,-,-,2.00,台州区域,台州加盟,,,否,-,平台配送
圣比萨（玉环陈屿店）,SBM00037,台州,"8059526089014221239	",饿了么,平台外卖,已完成,2025-10-22 18:19:33,2025-10-22 18:19:33,2025-10-22 18:19:33,饿了么支付-在线支付,,即时单,2025-10-22 18:19:33,14.05,自动出餐,1,否,"花果山披萨-7英寸(手拍)[{""name"":""规格"",""value"":""7英寸(手拍)""}]（25.90*1）,点击右上角❤️免费得小吃（限一份，多点不送）[上校鸡块2个]（0.20*1）,餐盒（2.00*1）",花果山披萨+上校鸡块2个,,,,非会员,4,,,1份餐具,,26.10,15.67,6.00,0.00,0,0,1.43,0.00,2.30,【活动支出】首次光顾立减:1.00元+【活动支出】超级会员专享红包:5.00元+【活动支出】替用户承担配送费:2.3元,-,-,-,2.00,台州区域,台州加盟,,,否,-,平台配送
圣比萨（玉环陈屿店）,SBM00037,台州,"8049360255037863407	",饿了么,平台外卖,已完成,2025-10-22 19:13:37,2025-10-22 19:13:37,2025-10-22 19:13:37,饿了么支付-在线支付,,即时单,2025-10-22 19:13:37,14.03,自动出餐,1,否,"大圣小鸡肉串（9.90*1）,【任选】一人食盒子披萨随心配（29.90*1）,餐盒（3.00*1）",大圣小鸡肉串（20串）+小可乐+奥尔良风情烤鸡肉一人食盒子披萨+上校鸡块,,,,非会员,5,,,鸡肉串只要孜然 然后披萨上不要青椒和青豆 / 依据餐量提供餐具,,39.80,23.28,11.00,0.00,0,0,2.12,0.00,2.30,【活动支出】店铺满减:1.00元+【活动支出】超级会员专享红包:5.00元+【活动支出】精准营销:5.00元+【活动支出】替用户承担配送费:2.3元,-,-,-,3.00,台州区域,台州加盟,,,否,-,平台配送
圣比萨（玉环陈屿店）,SBM00037,台州,"8023410255061618035	",饿了么,平台外卖,已完成,2025-10-22 20:15:59,2025-10-22 20:15:59,2025-10-22 20:16:00,饿了么支付-在线支付,,即时单,2025-10-22 20:15:59,13.23,自动出餐,1,否,"大圣小鸡肉串（9.90*1）,蛋挞一个（3.90*1）,【任选】披萨随心配（42.70*1）,餐盒（3.00*1）",大圣小鸡肉串（20串）+蛋挞1个+小可乐+大圣招牌大满贯披萨(7英寸(手拍))+盐酥鸡粒,,,,非会员,6,,,依据餐量提供餐具,,56.50,37.19,9.91,0.00,0,0,3.40,0.00,2.30,【活动支出】店铺满减:1.00元+【活动支出】单品特价:1.91元+【活动支出】超级会员专享红包:5.00元+【活动支出】下单返红包:2.00元+【活动支出】替用户承担配送费:2.3元,-,-,-,3.00,台州区域,台州加盟,,,否,-,平台配送
圣比萨（玉环陈屿店）,SBM00037,台州,"8027160255256091046	",饿了么,平台外卖,已完成,2025-10-22 20:26:20,2025-10-22 20:26:20,2025-10-22 20:26:20,饿了么支付-在线支付,,即时单,2025-10-22 20:26:20,13.18,自动出餐,1,否,"【任选】一人食盒子披萨随心配（34.70*1）,美式香骨鸡（8.90*1）,招牌肉酱意面（25.90*1）,餐盒（5.00*1）",柠檬茶+热带雨林水果一人食盒子披萨+奥尔良烤翅+美式香骨鸡+招牌肉酱意面,,,,非会员,7,,,1份餐具,,69.50,47.04,13.00,0.00,0,0,4.26,0.00,2.30,【活动支出】店铺满减:6.00元+【活动支出】下单返红包:2.00元+【活动支出】饿了么红包:5.00元+【活动支出】替用户承担配送费:2.3元,-,-,-,5.00,台州区域,台州加盟,,,否,-,平台配送
圣比萨（玉环陈屿店）,SBM00037,台州,"8035996089099056439	",饿了么,平台外卖,已完成,2025-10-22 21:55:43,2025-10-22 21:55:43,2025-10-22 21:55:44,饿了么支付-在线支付,,即时单,2025-10-22 21:55:43,13.23,自动出餐,1,否,"【任选】买一送一7英寸披萨（56.70*1）,大圣嫩鸡肉串（3串）[孜然]（14.90*1）,餐盒（3.00*1）",榴莲王披萨(7英寸(手拍))+金沙咸蛋黄嫩鸡披萨(7英寸(手拍)),,,,非会员,8,,,2份餐具,,71.60,46.91,12.00,0.00,0,0,4.29,0.00,3.30,【活动支出】店铺满减:6.00元+【活动支出】首次光顾立减:1.00元+【活动支出】饿了么红包:5.00元+【活动支出】替用户承担配送费:3.3元,-,-,-,3.00,台州区域,台州加盟,,,否,-,平台配送
