门店名称,门店编号,门店所在城市,订单号,订单来源,订单类型,订单状态,下单时间,付款时间,接单时间,支付方式,取餐点,预约/即时单,预计送达时间,出餐时间（分）,出餐类型,就餐人数,团购订单,商品信息,商品明细,UserID,顾客昵称,电话号码,新老顾客,取餐号,桌台号,台卡号,订单备注,退款原因,商品总价（元）,预计收入（元）,优惠总额（元）,退款金额（元）,优惠券记账金额（元）,团购券记账总金额（元）,平台服务费,其他费用,配送费,优惠名称,团购活动名称,团购活动平台,团购类型,餐盒费,归属门店所属一级组织,归属门店所属二级组织,归属门店所属三级组织,礼品卡信息,是否团餐,团餐审批人,配送方式
圣比萨（昆阳店）,SBM00020,温州,"8036490255386062272	",饿了么,平台外卖,已完成,2025-10-23 13:42:27,2025-10-23 13:42:27,2025-10-23 13:42:27,饿了么支付-在线支付,,即时单,2025-10-23 13:42:27,10.22,自动出餐,1,否,"牛肉至尊披萨-9寸[{""name"":""规格"",""value"":""9寸""}]（59.80*1）,餐盒（2.00*1）",炙热牛魔王披萨,,,,非会员,1,,,依据餐量提供餐具,,59.80,32.96,16.00,0.00,0,0,4.49,0.00,4.00,【活动支出】店铺满减:2.00元+【活动支出】粉丝群:2.00元+【活动支出】饿了么红包:12.00元+【活动支出】替用户承担配送费:4.0元,-,-,-,2.00,温州区域,温州加盟,,,否,-,平台配送
圣比萨（昆阳店）,SBM00020,温州,"8042576089264783796	",饿了么,平台外卖,已完成,2025-10-23 14:26:12,2025-10-23 14:26:12,2025-10-23 14:26:12,饿了么支付-在线支付,,即时单,2025-10-23 14:26:12,10.08,自动出餐,1,否,"金牌墨鱼丸-3个[{""name"":""规格"",""value"":""3个""}]（8.00*1）,海鲜至尊片装披萨（15.80*1）,餐盒（2.00*1）",深海墨鱼丸,,,,非会员,2,,,依据餐量提供餐具,,23.80,11.79,7.00,0.00,0,0,1.66,0.00,3.50,【活动支出】 商家自营销加码:2.00元+【活动支出】CPS商户叠加券:0.00元+【活动支出】饿了么红包:5.00元+【活动支出】替用户承担配送费:3.5元,-,-,-,2.00,温州区域,温州加盟,,,否,-,平台配送
圣比萨（昆阳店）,SBM00020,温州,"8017220255324400086	",饿了么,平台外卖,已完成,2025-10-23 15:08:21,2025-10-23 15:08:21,2025-10-23 15:08:21,饿了么支付-在线支付,,预约单,2025-10-23 17:10:00,76.80,自动出餐,1,否,"浪漫威尼斯披萨-9寸[{""name"":""规格"",""value"":""9寸""}]（49.80*1）,餐盒（2.00*1）",浪漫威尼斯披萨,,,,非会员,3,,,无需餐具,,49.80,29.98,10.00,0.00,0,0,4.07,0.00,3.50,【活动支出】店铺满减:1.00元+【活动支出】饿了么红包:9.00元+【活动支出】替用户承担配送费:3.5元,-,-,-,2.00,温州区域,温州加盟,,,否,-,平台配送
圣比萨（昆阳店）,SBM00020,温州,"8015516089342429687	",饿了么,平台外卖,已完成,2025-10-23 15:15:17,2025-10-23 15:15:17,2025-10-23 15:15:18,饿了么支付-在线支付,,即时单,2025-10-23 15:15:17,10.12,自动出餐,1,否,"浪漫威尼斯披萨-9寸[{""name"":""规格"",""value"":""9寸""}]（49.80*1）,餐盒（2.00*1）",浪漫威尼斯披萨,,,,非会员,4,,,依据餐量提供餐具,,49.80,28.19,12.00,0.00,0,0,3.86,0.00,3.50,【活动支出】店铺满减:1.00元+【活动支出】粉丝群:2.00元+【活动支出】饿了么红包:9.00元+【活动支出】替用户承担配送费:3.5元,-,-,-,2.00,温州区域,温州加盟,,,否,-,平台配送
圣比萨（昆阳店）,SBM00020,温州,"8065310255370607992	",饿了么,平台外卖,已完成,2025-10-23 17:14:24,2025-10-23 17:14:24,2025-10-23 17:14:24,饿了么支付-在线支付,,即时单,2025-10-23 17:14:24,10.18,自动出餐,1,否,"牛肉至尊披萨-9寸[{""name"":""规格"",""value"":""9寸""}]（59.80*1）,餐盒（2.00*1）",炙热牛魔王披萨,,,,非会员,5,,,依据餐量提供餐具,,59.80,38.62,9.00,0.00,0,0,5.23,0.00,3.50,【活动支出】店铺满减:2.00元+【活动支出】 商家自营销加码:2.00元+【活动支出】饿了么红包:5.00元+【活动支出】替用户承担配送费:3.5元,-,-,-,2.00,温州区域,温州加盟,,,否,-,平台配送
圣比萨（昆阳店）,SBM00020,温州,"8049180255466566102	",饿了么,平台外卖,已完成,2025-10-23 17:28:12,2025-10-23 17:28:12,2025-10-23 17:28:13,饿了么支付-在线支付,,即时单,2025-10-23 17:28:12,10.12,自动出餐,1,否,"水果披萨-12寸[{""name"":""规格"",""value"":""12寸""}]（69.80*1）,餐盒（2.00*1）",缤纷水果披萨,,,,非会员,6,,,依据餐量提供餐具,,69.80,42.50,14.00,0.00,0,0,5.75,0.00,3.50,【活动支出】店铺满减:2.00元+【活动支出】饿了么红包:12.00元+【活动支出】替用户承担配送费:3.5元,-,-,-,2.00,温州区域,温州加盟,,,否,-,平台配送
圣比萨（昆阳店）,SBM00020,温州,"8007300255486656827	",饿了么,平台外卖,已完成,2025-10-23 17:36:18,2025-10-23 17:36:18,2025-10-23 17:36:18,饿了么支付-在线支付,,即时单,2025-10-23 17:36:18,12.08,"初始值, 无意义",1,否,"浪漫威尼斯披萨-9寸[{""name"":""规格"",""value"":""9寸""}]（49.80*1）,蛋挞（10.00*1）,餐盒（3.00*1）",浪漫威尼斯披萨+蛋挞,,,,非会员,7,,,无需餐具,,59.80,35.04,14.00,0.00,0,0,4.81,0.00,3.50,【活动支出】店铺满减:2.00元+【活动支出】饿了么红包:12.00元+【活动支出】替用户承担配送费:3.5元,-,-,-,3.00,温州区域,温州加盟,,,否,-,平台配送
圣比萨（昆阳店）,SBM00020,温州,"8003876089421000134	",饿了么,平台外卖,已完成,2025-10-23 18:23:48,2025-10-23 18:23:48,2025-10-23 18:23:49,饿了么支付-在线支付,,预约单,2025-10-23 19:10:00,1.43,自动出餐,1,否,"牛肉至尊片装披萨（15.80*1）,水果片装披萨（13.80*1）,餐盒（3.00*1）",牛肉至尊片装披萨+水果片装披萨+餐盒,,,,非会员,8,,,无需餐具,,29.60,22.94,0,0.00,0,0,3.11,0.00,3.50,-,-,-,-,3.00,温州区域,温州加盟,,,否,-,平台配送
圣比萨（昆阳店）,SBM00020,温州,"8096330255531078965	",饿了么,平台外卖,已完成,2025-10-23 19:02:25,2025-10-23 19:02:25,2025-10-23 19:02:25,饿了么支付-在线支付,,即时单,2025-10-23 19:02:25,12.12,自动出餐,1,否,"榴莲王披萨-9英寸(经典手拍)[{""name"":""规格"",""value"":""9英寸(经典手拍)""}]（68.00*1）",榴莲王披萨,,,,非会员,9,,,依据餐量提供餐具,,68.00,29.35,26.90,0.00,0,0,4.00,0.00,3.50,【活动支出】外卖券:26.90元+【活动支出】替用户承担配送费:3.5元,-,-,-,0.00,温州区域,温州加盟,,,否,-,平台配送
圣比萨（昆阳店）,SBM00020,温州,"8013050255537747362	",饿了么,平台外卖,已完成,2025-10-23 19:27:56,2025-10-23 19:27:56,2025-10-23 19:27:56,饿了么支付-在线支付,,即时单,2025-10-23 19:27:56,12.15,自动出餐,1,否,"牛肉至尊片装披萨（15.80*1）,水果片装披萨（13.80*1）,餐盒（3.00*1）",牛肉至尊片装披萨+水果片装披萨+餐盒,,,,非会员,10,,,"不要敲门，放门口鞋架, 不要打电话，谢谢 / 无需餐具",,29.60,15.49,9.00,0.00,0,0,2.16,0.00,3.50,【活动支出】粉丝群:2.00元+【活动支出】饿了么红包:7.00元+【活动支出】替用户承担配送费:3.5元,-,-,-,3.00,温州区域,温州加盟,,,否,-,平台配送
圣比萨（昆阳店）,SBM00020,温州,"8023050255558634857	",饿了么,平台外卖,已完成,2025-10-23 20:13:16,2025-10-23 20:13:16,2025-10-23 20:13:16,饿了么支付-在线支付,,即时单,2025-10-23 20:13:16,10.07,自动出餐,1,否,"牛肉至尊披萨-12寸[{""name"":""规格"",""value"":""12寸""}]（79.80*1）,餐盒（2.00*1）",炙热牛魔王披萨,,,,非会员,11,,,电话 13506526746/ 无需餐具,,79.80,50.25,14.00,0.00,0,0,6.80,0.00,3.50,【活动支出】店铺满减:2.00元+【活动支出】饿了么红包:12.00元+【活动支出】替用户承担配送费:3.5元,-,-,-,2.00,温州区域,温州加盟,,,否,-,平台配送
圣比萨（昆阳店）,SBM00020,温州,"8049566089432921554	",饿了么,平台外卖,已完成,2025-10-23 20:41:31,2025-10-23 20:41:31,2025-10-23 20:41:31,饿了么支付-在线支付,,即时单,2025-10-23 20:41:31,10.17,自动出餐,1,否,"牛肉至尊片装披萨（15.80*1）,蛋挞（10.00*1）,餐盒（3.00*1）",蛋挞,,,,非会员,12,,,依据餐量提供餐具,,25.80,14.48,7.00,0.00,0,0,1.97,0.00,3.50,【活动支出】超级会员专享红包:5.00元+【活动支出】 商家自营销加码:2.00元+【活动支出】替用户承担配送费:3.5元,-,-,-,3.00,温州区域,温州加盟,,,否,-,平台配送
圣比萨（昆阳店）,SBM00020,温州,"8068100255573181945	",饿了么,平台外卖,已完成,2025-10-23 20:59:03,2025-10-23 20:59:03,2025-10-23 20:59:03,饿了么支付-在线支付,,即时单,2025-10-23 20:59:03,10.07,自动出餐,1,否,"水果披萨-9寸[{""name"":""规格"",""value"":""9寸""}]（49.80*1）,餐盒（2.00*1）",缤纷水果披萨,,,,非会员,13,,,依据餐量提供餐具,,49.80,31.17,8.00,0.00,0,0,4.28,0.00,4.00,【活动支出】店铺满减:1.00元+【活动支出】 商家自营销加码:2.00元+【活动支出】饿了么红包:5.00元+【活动支出】替用户承担配送费:4.0元,-,-,-,2.00,温州区域,温州加盟,,,否,-,平台配送
圣比萨（昆阳店）,SBM00020,温州,"8088626089450991974	",饿了么,平台外卖,已完成,2025-10-23 21:30:16,2025-10-23 21:30:16,2025-10-23 21:30:16,饿了么支付-在线支付,,即时单,2025-10-23 21:30:16,10.15,自动出餐,1,否,"牛肉至尊披萨-9寸[{""name"":""规格"",""value"":""9寸""}]（59.80*1）,餐盒（2.00*1）",炙热牛魔王披萨,,,,非会员,14,,,依据餐量提供餐具,,59.80,34.25,14.00,0.00,0,0,4.70,0.00,5.60,【活动支出】店铺满减:2.00元+【活动支出】饿了么红包:0.00元+【活动支出】饿了么红包:12.00元+【活动支出】替用户承担配送费:5.6元,-,-,-,2.00,温州区域,温州加盟,,,否,-,平台配送
圣比萨（昆阳店）,SBM00020,温州,"8076390255586845155	",饿了么,平台外卖,已完成,2025-10-23 21:41:13,2025-10-23 21:41:13,2025-10-23 21:41:13,饿了么支付-在线支付,,即时单,2025-10-23 21:41:13,10.18,自动出餐,1,否,"榴莲王披萨-9英寸(经典手拍)[{""name"":""规格"",""value"":""9英寸(经典手拍)""}]（68.00*1）,餐盒（1.00*1）",榴莲王披萨,,,,非会员,15,,,自提 / 依据餐量提供餐具,,68.00,39.49,14.00,0.00,0,0,5.46,0.00,5.60,【活动支出】店铺满减:2.00元+【活动支出】饿了么红包:12.00元+【活动支出】替用户承担配送费:5.6元,-,-,-,1.00,温州区域,温州加盟,,,否,-,平台配送
圣比萨（白石店）,SBM00031,温州,"8017160255344435564	",饿了么,平台外卖,已完成,2025-10-23 09:45:23,2025-10-23 09:45:23,2025-10-23 09:45:23,饿了么支付-在线支付,,预约单,2025-10-23 11:10:00,57.75,手动出餐,1,否,"黑椒牛肉芝士焗饭（52.00*1）,餐盒（2.00*1）",黑椒牛肉芝士焗饭,,,,非会员,1,,,依据餐量提供餐具,,52.00,14.02,32.60,0.00,0,0,1.43,0.00,4.00,【活动支出】单品特价:25.60元+【活动支出】 商家自营销加码:2.00元+【活动支出】饿了么红包:5.00元+【活动支出】替用户承担配送费:4.0元,-,-,-,2.00,温州区域,温州加盟,,,否,-,平台配送
圣比萨（白石店）,SBM00031,温州,"8087250255162916262	",饿了么,平台外卖,已完成,2025-10-23 10:18:32,2025-10-23 10:18:32,2025-10-23 10:18:32,饿了么支付-在线支付,,即时单,2025-10-23 10:18:32,16.70,手动出餐,1,否,"圣比至尊套餐（品牌升级专属）（62.00*1）,餐盒（2.00*1）",圣比至尊套餐（品牌升级专属）+餐盒,,,,非会员,2,,,1份餐具,,62.00,23.46,30.50,0.00,0,0,2.29,0.00,3.50,【活动支出】店铺满减:1.00元+【活动支出】单品特价:20.50元+【活动支出】饿了么红包:9.00元+【活动支出】替用户承担配送费:3.5元,-,-,-,2.00,温州区域,温州加盟,,,否,-,平台配送
圣比萨（白石店）,SBM00031,温州,"8029746089323036014	",饿了么,平台外卖,已完成,2025-10-23 15:30:10,2025-10-23 15:30:10,2025-10-23 15:30:10,饿了么支付-在线支付,,即时单,2025-10-23 15:30:10,14.70,手动出餐,1,否,"榴莲王披萨-9英寸（经典手拍）[{""name"":""规格"",""value"":""9英寸（经典手拍）""}]（92.00*1）,芝士边（9英寸）（15.00*1）,餐盒（1.00*1）",榴莲王披萨,,,,非会员,3,,,依据餐量提供餐具,,107.00,50.32,40.60,0.00,0,0,4.83,0.00,5.00,【活动支出】店铺满减:6.00元+【活动支出】单品特价:22.60元+【活动支出】饿了么红包:12.00元+【活动支出】替用户承担配送费:5.0元,-,-,-,1.00,温州区域,温州加盟,,,否,-,平台配送
圣比萨（白石店）,SBM00031,温州,"8024100255424312714	",饿了么,平台外卖,已完成,2025-10-23 15:44:22,2025-10-23 15:44:22,2025-10-23 15:44:23,饿了么支付-在线支付,,即时单,2025-10-23 15:44:22,14.63,手动出餐,1,否,"奥尔良烤鸡肉披萨(7寸)-单点[{""name"":""规格"",""value"":""单点""}]（23.21*1）",新奥尔良烤鸡肉披萨【7英寸(手拍)】,,,,非会员,4,,,依据餐量提供,,23.21,13.21,0.00,0.00,0,0,0.00,0.00,,【活动支出】拼团反圈活动:0.00元,-,-,-,0.00,温州区域,温州加盟,,,否,-,平台配送
圣比萨（白石店）,SBM00031,温州,"8041526089290151407	",饿了么,平台外卖,已完成,2025-10-23 15:45:48,2025-10-23 15:45:48,2025-10-23 15:45:49,饿了么支付-在线支付,,即时单,2025-10-23 15:45:48,16.32,手动出餐,1,否,"7寸日系照烧鸡披萨-单点[{""name"":""规格"",""value"":""单点""}]（22.00*1）",日系照烧鸡披萨【7英寸(手拍)】,,,,非会员,5,,,1份餐具,,22.00,12.00,0.00,0.00,0,0,0.00,0.00,,【活动支出】拼团反圈活动:0.00元,-,-,-,0.00,温州区域,温州加盟,,,否,-,平台配送
圣比萨（白石店）,SBM00031,温州,"8098866089350242708	",饿了么,平台外卖,已完成,2025-10-23 16:56:40,2025-10-23 16:56:40,2025-10-23 16:56:40,饿了么支付-在线支付,,即时单,2025-10-23 16:56:40,9.55,手动出餐,1,否,奥尔良烤鸡肉披萨(7寸)-单点（23.21*1）,新奥尔良烤鸡肉披萨【7英寸(手拍)】,,,,非会员,6,,,1份餐具,,23.21,13.21,0.00,0.00,0,0,0.00,0.00,,【活动支出】拼团反圈活动:0.00元,-,-,-,0.00,温州区域,温州加盟,,,否,-,平台配送
圣比萨（白石店）,SBM00031,温州,"8020736089414114799	",饿了么,平台外卖,已完成,2025-10-23 18:38:47,2025-10-23 18:38:47,2025-10-23 18:38:48,饿了么支付-在线支付,,即时单,2025-10-23 18:38:47,9.17,手动出餐,1,否,"碳烤鸡肉芝士焗饭（微甜）（29.00*1）,餐盒（2.00*1）",碳烤鸡肉芝士焗饭,,,,非会员,7,,,依据餐量提供餐具,,29.00,11.22,12.40,0.00,0,0,1.43,0.00,3.50,【活动支出】单品特价:5.40元+【活动支出】饿了么红包:7.00元+【活动支出】替用户承担配送费:3.5元,-,-,-,2.00,温州区域,温州加盟,,,否,-,平台配送
圣比萨（白石店）,SBM00031,温州,"8068270255613150517	",饿了么,平台外卖,已完成,2025-10-23 18:41:19,2025-10-23 18:41:19,2025-10-23 18:41:19,饿了么支付-在线支付,,即时单,2025-10-23 18:41:19,9.48,手动出餐,1,否,"奶香紫薯披萨-7英寸[{""name"":""规格"",""value"":""7英寸""}]（42.00*1）,餐盒（1.00*1）","奶香紫薯披萨-7英寸[{""name"":""规格"",""value"":""7英寸""}]+餐盒",,,,非会员,8,,,无需餐具,,42.00,16.34,18.50,0.00,0,0,1.61,0.00,3.50,【活动支出】单品特价:13.50元+【活动支出】吃货豆兑换的商家券:5.00元+【活动支出】替用户承担配送费:3.5元,-,-,-,1.00,温州区域,温州加盟,,,否,-,平台配送
圣比萨（白石店）,SBM00031,温州,"8093716089452484944	",饿了么,平台外卖,已完成,2025-10-23 20:11:11,2025-10-23 20:11:11,2025-10-23 20:11:11,饿了么支付-在线支付,,即时单,2025-10-23 20:11:11,8.60,手动出餐,1,否,7寸日系照烧鸡披萨-单点（22.00*1）,日系照烧鸡披萨【7英寸(手拍)】,,,,非会员,9,,,无需餐具,,22.00,12.00,0.00,0.00,0,0,0.00,0.00,,【活动支出】拼团反圈活动:0.00元,-,-,-,0.00,温州区域,温州加盟,,,否,-,平台配送
圣比萨（白石店）,SBM00031,温州,"8095430255586419970	",饿了么,平台外卖,已完成,2025-10-23 21:33:29,2025-10-23 21:33:29,2025-10-23 21:33:29,饿了么支付-在线支付,,即时单,2025-10-23 21:33:29,8.92,手动出餐,1,否,7寸日系照烧鸡披萨-单点（22.00*1）,日系照烧鸡披萨【7英寸(手拍)】,,,,非会员,10,,,依据餐量提供餐具,,22.00,12.00,0.00,0.00,0,0,0.00,0.00,,【活动支出】拼团反圈活动:0.00元,-,-,-,0.00,温州区域,温州加盟,,,否,-,平台配送
圣比萨（白石店）,SBM00031,温州,"8002410255695633731	",饿了么,平台外卖,已完成,2025-10-23 23:04:51,2025-10-23 23:04:51,2025-10-23 23:04:52,饿了么支付-在线支付,,即时单,2025-10-23 23:04:51,17.00,手动出餐,1,否,"金沙咸蛋黄嫩鸡披萨-7英寸[{""name"":""规格"",""value"":""7英寸""}]（45.00*1）,咸蛋黄边（10.00*1）,餐盒（1.00*1）",金沙咸蛋黄嫩鸡披萨,,,,非会员,11,,,不要玉米/ 依据餐量提供餐具,,55.00,21.80,24.41,0.00,0,0,2.14,0.00,5.60,【活动支出】店铺满减:1.00元+【活动支出】单品特价:15.41元+【活动支出】饿了么红包:8.00元+【活动支出】替用户承担配送费:5.6元,-,-,-,1.00,温州区域,温州加盟,,,否,-,平台配送
圣比萨（钱库店）,SBM00044,温州,"8001606089188419978	",饿了么,平台外卖,已完成,2025-10-23 10:50:17,2025-10-23 10:50:17,2025-10-23 10:50:17,饿了么支付-在线支付,,即时单,2025-10-23 10:50:17,11.15,手动出餐,1,否,"爆款披萨双人超值套餐[缤纷水果披萨7英寸+番茄牛肉意面+小可乐+常温+柠檬茶+常温]（88.00*1）,餐盒（2.00*1）",缤纷水果披萨【7英寸(手拍)】+番茄牛肉意面+小可乐+柠檬茶,,,,非会员,1,,,依据餐量提供餐具,,88.00,30.48,44.70,0.00,0,0,3.17,0.00,8.70,【活动支出】店铺满减:1.00元+【活动支出】单品特价:34.70元+【活动支出】饿了么红包:9.00元+【活动支出】替用户承担配送费:6.0元,-,-,-,2.00,温州区域,温州加盟,,,否,-,平台配送
圣比萨（钱库店）,SBM00044,温州,"8095390255239024905	",饿了么,平台外卖,已完成,2025-10-23 11:39:53,2025-10-23 11:39:53,2025-10-23 11:39:53,饿了么支付-在线支付,,即时单,2025-10-23 11:39:53,19.22,手动出餐,1,否,"经典双人披萨套餐[日系照烧鸡披萨9英寸+明星小食桶A+港式奶茶+港式奶茶]（108.00*1）,烤甜玉米（12.00*1）,餐盒（3.00*1）",日系照烧鸡披萨【9英寸(手拍)】+明星小食桶A+港式奶茶+港式奶茶+烤甜玉米,,,,非会员,2,,,奶茶两杯都要热的 / 依据餐量提供餐具,,120.00,49.49,54.70,0.00,0,0,6.86,0.00,3.50,【活动支出】店铺满减:6.00元+【活动支出】单品特价:46.10元+【活动支出】单品特价:2.60元+【活动支出】饿了么红包:0.00元+【活动支出】替用户承担配送费:3.5元,-,-,-,3.00,温州区域,温州加盟,,,否,-,平台配送
圣比萨（钱库店）,SBM00044,温州,"8029220255235387686	",饿了么,平台外卖,已完成,2025-10-23 11:43:45,2025-10-23 11:43:45,2025-10-23 11:43:45,饿了么支付-在线支付,,即时单,2025-10-23 11:43:45,17.85,手动出餐,1,否,"奶油培根意面（31.99*1）,招牌肉酱意面（32.00*1）,餐盒（3.00*1）",招牌肉酱意面,,,,非会员,3,,,麻烦封签再贴一个啦谢谢 / 依据餐量提供餐具,,63.99,33.91,19.01,0.00,0,0,4.72,0.00,3.50,【活动支出】店铺满减:1.00元+【活动支出】单品特价:4.60元+【活动支出】单品特价:5.41元+【活动支出】超会爆红包省钱包:8.00元+【活动支出】替用户承担配送费:3.5元,-,-,-,3.00,温州区域,温州加盟,,,否,-,平台配送
圣比萨（钱库店）,SBM00044,温州,"8090000255328624118	",饿了么,平台外卖,已完成,2025-10-23 11:44:24,2025-10-23 11:44:24,2025-10-23 11:44:25,饿了么支付-在线支付,,即时单,2025-10-23 11:44:24,21.53,手动出餐,1,否,"蛋挞一个（原味）（5.00*1）,️爆款意面套餐[番茄牛肉意面+地道肠1根+酸梅汁+常温]（61.00*1）,餐盒（3.00*1）",蛋挞1个+番茄牛肉意面+地道肠【1根】,,,,非会员,4,,,依据餐量提供餐具,,66.00,20.47,38.71,0.00,0,0,2.87,0.00,3.50,【活动支出】单品特价:4.01元+【活动支出】单品特价:27.70元+【活动支出】饿了么红包:7.00元+【活动支出】替用户承担配送费:3.5元,-,-,-,3.00,温州区域,温州加盟,,,否,-,平台配送
圣比萨（钱库店）,SBM00044,温州,"8069896089235240377	",饿了么,平台外卖,已完成,2025-10-23 12:13:29,2025-10-23 12:13:29,2025-10-23 12:13:29,饿了么支付-在线支付,,即时单,2025-10-23 12:13:29,11.35,手动出餐,1,否,"燕麦芋泥披萨-7英寸（经典手拍）[{""name"":""规格"",""value"":""7英寸（经典手拍）""}]（42.00*1）,餐盒（1.00*1）",花果山披萨,,,,非会员,5,,,"放门口, 不要敲门, 不要打电话 / 依据餐量提供餐具",,42.00,13.67,22.10,0.00,0,0,1.88,0.00,3.50,【活动支出】单品特价:15.10元+【活动支出】饿了么红包:7.00元+【活动支出】替用户承担配送费:3.5元,-,-,-,1.00,温州区域,温州加盟,,,否,-,平台配送
圣比萨（钱库店）,SBM00044,温州,"8093280255372832061	",饿了么,平台外卖,已完成,2025-10-23 12:55:42,2025-10-23 12:55:42,2025-10-23 12:55:43,饿了么支付-在线支付,,即时单,2025-10-23 12:55:42,28.40,被动出餐,1,否,"芝士边（7英寸）（9.80*1）,缤纷水果披萨-7英寸(经典手拍)[{""name"":""规格"",""value"":""7英寸(经典手拍)""}]（42.00*1）,餐盒（2.00*1）",缤纷水果披萨,,,,非会员,6,,,2份餐具,,51.80,17.30,26.50,0.00,0,0,2.55,0.00,4.50,【活动支出】店铺满减:1.00元+【活动支出】单品特价:14.50元+【活动支出】粉丝群:2.00元+【活动支出】饿了么红包:9.00元+【活动支出】替用户承担配送费:4.5元,-,-,-,2.00,温州区域,温州加盟,,,否,-,平台配送
圣比萨（钱库店）,SBM00044,温州,"8075556089278459143	",饿了么,平台外卖,已完成,2025-10-23 13:34:39,2025-10-23 13:34:39,2025-10-23 13:34:39,饿了么支付-在线支付,,即时单,2025-10-23 13:34:39,11.28,手动出餐,1,否,"黑椒牛肉芝士焗饭（30.00*1）,餐盒（2.00*1）",黑椒牛肉芝士焗饭,,,,非会员,7,,,依据餐量提供餐具,,30.00,11.79,13.20,0.00,0,0,1.66,0.00,3.50,【活动支出】单品特价:4.20元+【活动支出】精准营销:2.00元+【活动支出】饿了么红包:7.00元+【活动支出】替用户承担配送费:3.5元,-,-,-,2.00,温州区域,温州加盟,,,否,-,平台配送
圣比萨（钱库店）,SBM00044,温州,"8026060255419719058	",饿了么,平台外卖,已完成,2025-10-23 15:13:14,2025-10-23 15:13:14,2025-10-23 15:13:14,饿了么支付-在线支付,,即时单,2025-10-23 15:13:14,13.60,手动出餐,1,否,"纯芝士披萨-7英寸[{""name"":""规格"",""value"":""7英寸""}]（42.00*1）,餐盒（2.00*1）",金牌芝士披萨,,,,非会员,8,,,依据餐量提供餐具,,42.00,12.73,23.70,0.00,0,0,1.82,0.00,3.50,【活动支出】单品特价:14.70元+【活动支出】精准营销:2.00元+【活动支出】饿了么红包:7.00元+【活动支出】替用户承担配送费:3.5元,-,-,-,2.00,温州区域,温州加盟,,,否,-,平台配送
圣比萨（钱库店）,SBM00044,温州,"8046826089335419173	",饿了么,平台外卖,已完成,2025-10-23 15:17:49,2025-10-23 15:17:49,2025-10-23 15:17:50,饿了么支付-在线支付,,即时单,2025-10-23 15:17:49,11.65,手动出餐,1,否,"榴莲王披萨-7英寸（经典手拍)[{""name"":""规格"",""value"":""7英寸（经典手拍)""}]（52.00*1）,奥尔良烤翅（14.00*1）,餐盒（3.00*1）",榴莲王披萨+奥尔良烤翅,,,,非会员,9,,,依据餐量提供餐具,,66.00,31.03,24.01,0.00,0,0,4.41,0.00,3.50,【活动支出】店铺满减:1.00元+【活动支出】单品特价:12.41元+【活动支出】单品特价:1.60元+【活动支出】饿了么红包:9.00元+【活动支出】替用户承担配送费:3.5元,-,-,-,3.00,温州区域,温州加盟,,,否,-,平台配送
圣比萨（钱库店）,SBM00044,温州,"8023030255447737652	",饿了么,平台外卖,已完成,2025-10-23 16:48:34,2025-10-23 16:48:34,2025-10-23 16:48:35,饿了么支付-在线支付,,即时单,2025-10-23 16:48:34,8.65,手动出餐,1,否,"黑椒牛肉芝士焗饭（30.00*1）,餐盒（2.00*1）",黑椒牛肉芝士焗饭,,,,非会员,10,,,依据餐量提供餐具,,30.00,10.89,13.20,0.00,0,0,1.66,0.00,5.00,【活动支出】单品特价:4.20元+【活动支出】精准营销:2.00元+【活动支出】饿了么红包:7.00元+【活动支出】替用户承担配送费:5.0元,-,-,-,2.00,温州区域,温州加盟,,,否,-,平台配送
圣比萨（钱库店）,SBM00044,温州,"8065470255367782726	",饿了么,平台外卖,已完成,2025-10-23 17:05:13,2025-10-23 17:05:13,2025-10-23 17:05:13,饿了么支付-在线支付,,即时单,2025-10-23 17:05:13,11.52,手动出餐,1,否,"一人畅享套餐[奥尔良烤鸡肉披萨7英寸+奥尔良烤翅1对+港式奶茶+常温]（59.00*1）,餐盒（1.00*1）",一人畅享套餐[奥尔良烤鸡肉披萨7英寸+奥尔良烤翅1对+港式奶茶+常温]+餐盒,,,,非会员,11,,,依据餐量提供餐具,,59.00,22.57,26.70,0.00,0,0,3.18,0.00,3.50,【活动支出】店铺满减:1.00元+【活动支出】单品特价:18.70元+【活动支出】 商家自营销加码:2.00元+【活动支出】饿了么红包:5.00元+【活动支出】替用户承担配送费:3.5元,-,-,-,1.00,温州区域,温州加盟,,,否,-,平台配送
圣比萨（钱库店）,SBM00044,温州,"8085320255555896699	",饿了么,平台外卖,已完成,2025-10-23 17:08:51,2025-10-23 17:08:51,2025-10-23 17:08:51,饿了么支付-在线支付,,即时单,2025-10-23 17:08:51,15.92,手动出餐,1,否,"榴莲王披萨-7英寸（经典手拍)[{""name"":""规格"",""value"":""7英寸（经典手拍)""}]（52.00*1）,紫薯边（7英寸）（8.80*1）,餐盒（1.00*1）",榴莲王披萨,,,,非会员,12,,,送到三楼门口给我打电话 楼下门锁密码 #8888# / 依据餐量提供餐具,,60.80,28.11,21.41,0.00,0,0,3.93,0.00,3.50,【活动支出】店铺满减:1.00元+【活动支出】单品特价:12.41元+【活动支出】超级会员专享红包:8.00元+【活动支出】 商家自营销加码:0.00元+【活动支出】替用户承担配送费:3.5元,-,-,-,1.00,温州区域,温州加盟,,,否,-,平台配送
圣比萨（钱库店）,SBM00044,温州,"8029220255470284234	",饿了么,平台外卖,已完成,2025-10-23 17:32:12,2025-10-23 17:32:12,2025-10-23 17:32:12,饿了么支付-在线支付,,即时单,2025-10-23 17:32:12,8.28,手动出餐,1,否,"奶油培根意面（31.99*1）,招牌肉酱意面（32.00*1）,餐盒（3.00*1）",招牌肉酱意面,,,,非会员,13,,,麻烦封签再贴一个啦谢谢 / 依据餐量提供餐具,,63.99,33.91,19.01,0.00,0,0,4.72,0.00,3.50,【活动支出】店铺满减:1.00元+【活动支出】单品特价:4.60元+【活动支出】单品特价:5.41元+【活动支出】饿了么红包:0.00元+【活动支出】超会爆红包省钱包:8.00元+【活动支出】替用户承担配送费:3.5元,-,-,-,3.00,温州区域,温州加盟,,,否,-,平台配送
圣比萨（钱库店）,SBM00044,温州,"8077916089392964879	",饿了么,平台外卖,已完成,2025-10-23 17:33:10,2025-10-23 17:33:10,2025-10-23 17:33:10,饿了么支付-在线支付,,即时单,2025-10-23 17:33:10,13.22,手动出餐,1,否,"圣比招牌披萨-9寸(方形薄脆)[{""name"":""规格"",""value"":""9寸(方形薄脆)""}]（78.00*1）","圣比招牌披萨-9寸(方形薄脆)[{""name"":""规格"",""value"":""9寸(方形薄脆)""}]",,,,非会员,14,,,依据餐量提供餐具,,78.00,25.56,41.80,0.00,0,0,3.49,0.00,3.50,【活动支出】单品特价:41.80元+【活动支出】替用户承担配送费:3.5元,-,-,-,0.00,温州区域,温州加盟,,,否,-,平台配送
圣比萨（钱库店）,SBM00044,温州,"8040000255400340757	",饿了么,平台外卖,已完成,2025-10-23 17:55:24,2025-10-23 17:55:24,2025-10-23 17:55:25,饿了么支付-在线支付,,即时单,2025-10-23 17:55:24,13.77,手动出餐,1,否,"圣比招牌披萨-7寸(经典手拍)[{""name"":""规格"",""value"":""7寸(经典手拍)""}]（45.00*1）,芝士边（7英寸）（9.80*1）,榴莲王披萨-9英寸(轻巧薄脆)[{""name"":""规格"",""value"":""9英寸(轻巧薄脆)""}]（92.00*1）,餐盒（3.00*1）",大圣招牌大满贯披萨,,,,非会员,15,,,依据餐量提供餐具,,146.80,62.84,63.91,0.00,0,0,8.70,0.00,3.50,【活动支出】店铺满减:6.00元+【活动支出】单品特价:12.50元+【活动支出】单品特价:31.41元+【活动支出】粉丝群:2.00元+【活动支出】饿了么红包:12.00元+【活动支出】替用户承担配送费:3.5元,-,-,-,3.00,温州区域,温州加盟,,,否,-,平台配送
圣比萨（钱库店）,SBM00044,温州,"8029000255501494656	",饿了么,平台外卖,已完成,2025-10-23 17:59:13,2025-10-23 17:59:13,2025-10-23 17:59:14,饿了么支付-在线支付,,即时单,2025-10-23 17:59:13,12.88,手动出餐,1,否,"[买一送一]买披萨送意面[奥尔良鸡肉披萨7英寸+番茄牛肉意面]（75.00*1）,餐盒（2.00*1）",新奥尔良烤鸡肉披萨【7英寸(手拍)】+番茄牛肉意面,,,,非会员,16,,,3份餐具,,75.00,27.34,37.70,0.00,0,0,3.81,0.00,3.50,【活动支出】店铺满减:1.00元+【活动支出】单品特价:27.70元+【活动支出】饿了么红包:9.00元+【活动支出】替用户承担配送费:3.5元,-,-,-,2.00,温州区域,温州加盟,,,否,-,平台配送
圣比萨（钱库店）,SBM00044,温州,"8016270255417281994	",饿了么,平台外卖,已完成,2025-10-23 18:20:36,2025-10-23 18:20:36,2025-10-23 18:20:36,饿了么支付-在线支付,,即时单,2025-10-23 18:20:36,11.63,手动出餐,1,否,"缤纷水果披萨-7英寸(经典手拍)[{""name"":""规格"",""value"":""7英寸(经典手拍)""}]（42.00*1）,奶酪边（7英寸）（8.80*1）,餐盒（2.00*1）",缤纷水果披萨,,,,非会员,17,,,依据餐量提供餐具,,50.80,18.49,24.50,0.00,0,0,2.66,0.00,3.50,【活动支出】店铺满减:1.00元+【活动支出】单品特价:14.50元+【活动支出】精准营销:2.00元+【活动支出】饿了么红包:7.00元+【活动支出】替用户承担配送费:3.5元,-,-,-,2.00,温州区域,温州加盟,,,否,-,平台配送
圣比萨（钱库店）,SBM00044,温州,"8031030255612185059	",饿了么,平台外卖,已完成,2025-10-23 18:44:38,2025-10-23 18:44:38,2025-10-23 18:44:38,饿了么支付-在线支付,,即时单,2025-10-23 18:44:38,9.67,手动出餐,1,否,"奥尔良烤鸡肉披萨-7寸(经典手拍)[{""name"":""规格"",""value"":""7寸(经典手拍)""}]（45.00*1）,餐盒（2.00*1）",新奥尔良烤鸡肉披萨,,,,非会员,18,,,1份餐具,,45.00,14.50,24.50,0.00,0,0,2.05,0.00,3.50,【活动支出】单品特价:17.50元+【活动支出】饿了么红包:7.00元+【活动支出】替用户承担配送费:3.5元,-,-,-,2.00,温州区域,温州加盟,,,否,-,平台配送
圣比萨（钱库店）,SBM00044,温州,"8036000255510997341	",饿了么,平台外卖,已完成,2025-10-23 18:47:25,2025-10-23 18:47:25,2025-10-23 18:47:25,饿了么支付-在线支付,,即时单,2025-10-23 18:47:25,9.40,手动出餐,1,否,新奥尔良烤鸡肉披萨7寸-拼团（20.60*1）,新奥尔良烤鸡肉披萨【7英寸(手拍)】,,,,非会员,19,,,依据餐量提供餐具,,20.60,12.00,0.00,0.00,0,0,0.00,0.00,,【活动支出】拼团反圈活动:0.00元,-,-,-,0.00,温州区域,温州加盟,,,否,-,平台配送
圣比萨（钱库店）,SBM00044,温州,"8003886089413340459	",饿了么,平台外卖,已完成,2025-10-23 18:54:03,2025-10-23 18:54:03,2025-10-23 18:54:03,饿了么支付-在线支付,,即时单,2025-10-23 18:54:03,10.47,手动出餐,1,否,"奥尔良烤鸡肉披萨-7寸(经典手拍)[{""name"":""规格"",""value"":""7寸(经典手拍)""}]（45.00*1）,餐盒（2.00*1）",新奥尔良烤鸡肉披萨,,,,非会员,20,,,依据餐量提供餐具,,45.00,14.50,24.50,0.00,0,0,2.05,0.00,3.50,【活动支出】单品特价:17.50元+【活动支出】饿了么红包:7.00元+【活动支出】替用户承担配送费:3.5元,-,-,-,2.00,温州区域,温州加盟,,,否,-,平台配送
圣比萨（钱库店）,SBM00044,温州,"8010360255620797919	",饿了么,平台外卖,已完成,2025-10-23 18:55:27,2025-10-23 18:55:27,2025-10-23 18:55:27,饿了么支付-在线支付,,即时单,2025-10-23 18:55:27,12.30,手动出餐,1,否,"芝士培根薯角披萨-7英寸[{""name"":""规格"",""value"":""7英寸""}]（45.00*1）,餐盒（1.00*1）","芝士培根薯角披萨-7英寸[{""name"":""规格"",""value"":""7英寸""}]+餐盒",,,,非会员,21,,,依据餐量提供餐具,,45.00,15.69,21.50,0.00,0,0,2.26,0.00,3.50,【活动支出】单品特价:14.50元+【活动支出】饿了么红包:7.00元+【活动支出】替用户承担配送费:3.5元,-,-,-,1.00,温州区域,温州加盟,,,否,-,平台配送
圣比萨（钱库店）,SBM00044,温州,"8053340255520850413	",饿了么,平台外卖,已完成,2025-10-23 19:03:40,2025-10-23 19:03:40,2025-10-23 19:03:40,饿了么支付-在线支付,,即时单,2025-10-23 19:03:40,11.02,手动出餐,1,否,新奥尔良烤鸡肉披萨7寸-单点（22.00*1）,新奥尔良烤鸡肉披萨【7英寸(手拍)】,,,,非会员,22,,,依据餐量提供餐具,,22.00,12.00,0.00,0.00,0,0,0.00,0.00,,【活动支出】拼团反圈活动:0.00元,-,-,-,0.00,温州区域,温州加盟,,,否,-,平台配送
圣比萨（钱库店）,SBM00044,温州,"8014526089431725380	",饿了么,平台外卖,已完成,2025-10-23 19:22:58,2025-10-23 19:22:58,2025-10-23 19:22:58,饿了么支付-在线支付,,即时单,2025-10-23 19:22:58,7.95,手动出餐,1,否,"黑椒牛肉芝士焗饭（30.00*1）,餐盒（2.00*1）",黑椒牛肉芝士焗饭,,,,非会员,23,,,依据餐量提供餐具,,30.00,11.79,13.20,0.00,0,0,1.66,0.00,3.50,【活动支出】单品特价:4.20元+【活动支出】 商家自营销加码:2.00元+【活动支出】精准营销:2.00元+【活动支出】饿了么红包:5.00元+【活动支出】替用户承担配送费:3.5元,-,-,-,2.00,温州区域,温州加盟,,,否,-,平台配送
圣比萨（钱库店）,SBM00044,温州,"8004576089457067501	",饿了么,平台外卖,已完成,2025-10-23 19:39:22,2025-10-23 19:39:22,2025-10-23 19:39:22,饿了么支付-在线支付,,即时单,2025-10-23 19:39:22,9.03,手动出餐,1,否,"一人畅享套餐[缤纷水果披萨7英寸+地瓜条1份+可乐+冰]（59.00*1）,餐盒（1.00*1）",一人畅享套餐[缤纷水果披萨7英寸+地瓜条1份+可乐+冰]+餐盒,,,,非会员,24,,,1份餐具,,59.00,22.27,27.70,0.00,0,0,3.08,0.00,3.50,【活动支出】店铺满减:1.00元+【活动支出】单品特价:18.70元+【活动支出】 商家自营销加码:0.00元+【活动支出】饿了么红包:8.00元+【活动支出】替用户承担配送费:3.5元,-,-,-,1.00,温州区域,温州加盟,,,否,-,平台配送
圣比萨（钱库店）,SBM00044,温州,"8085856089417955780	",饿了么,平台外卖,已完成,2025-10-23 20:00:38,2025-10-23 20:00:38,2025-10-23 20:00:38,饿了么支付-在线支付,,即时单,2025-10-23 20:00:38,11.05,手动出餐,1,否,"7英寸披萨一人食土豪餐[日系照烧鸡披萨7英寸+奥尔良烤翅1对+上校鸡块4个+小可乐+冷]（70.00*1）,蛋挞一个（原味）（5.00*1）,餐盒（3.00*1）",日系照烧鸡披萨【7英寸(手拍)】+上校鸡块+小可乐+蛋挞1个,,,,非会员,25,,,依据餐量提供餐具,,75.00,18.68,48.71,0.00,0,0,2.76,0.00,4.50,【活动支出】店铺满减:1.00元+【活动支出】单品特价:29.70元+【活动支出】单品特价:4.01元+【活动支出】精准营销:2.00元+【活动支出】饿了么红包:12.00元+【活动支出】替用户承担配送费:4.5元,-,-,-,3.00,温州区域,温州加盟,,,否,-,平台配送
圣比萨（钱库店）,SBM00044,温州,"8034766089444332938	",饿了么,平台外卖,已完成,2025-10-23 20:15:04,2025-10-23 20:15:04,2025-10-23 20:15:04,饿了么支付-在线支付,,即时单,2025-10-23 20:15:04,7.75,手动出餐,1,否,"榴莲芝士挞（12.00*1）,蛋挞一个（原味）（5.00*2）,番茄牛肉意面（32.00*1）,餐盒（5.00*1）",榴莲芝士挞+蛋挞1个+番茄牛肉意面,,,,非会员,26,,,依据餐量提供餐具,,54.00,25.45,20.92,0.00,0,0,3.68,0.00,3.50,【活动支出】店铺满减:1.00元+【活动支出】单品特价:1.50元+【活动支出】单品特价:4.01元+【活动支出】单品特价:7.41元+【活动支出】 商家自营销加码:2.00元+【活动支出】饿了么红包:5.00元+【活动支出】替用户承担配送费:3.5元,-,-,-,5.00,温州区域,温州加盟,,,否,-,平台配送
圣比萨（钱库店）,SBM00044,温州,"8040906089453879577	",饿了么,平台外卖,已完成,2025-10-23 20:21:24,2025-10-23 20:21:24,2025-10-23 20:21:25,饿了么支付-在线支付,,即时单,2025-10-23 20:21:24,17.10,手动出餐,1,否,"圣比招牌披萨-7寸(经典手拍)[{""name"":""规格"",""value"":""7寸(经典手拍)""}]（45.00*1）,榴莲王披萨-9英寸(经典手拍)[{""name"":""规格"",""value"":""9英寸(经典手拍)""}]（92.00*1）,酸奶边（7英寸）（8.80*1）,燕麦芋泥边（9英寸）（12.80*1）,餐盒（3.00*1）",大圣招牌大满贯披萨+榴莲王披萨,,,,非会员,27,,,依据餐量提供餐具,,158.60,72.49,61.91,0.00,0,0,10.15,0.00,5.00,【活动支出】店铺满减:6.00元+【活动支出】单品特价:12.50元+【活动支出】单品特价:31.41元+【活动支出】饿了么红包:12.00元+【活动支出】替用户承担配送费:5.0元,-,-,-,3.00,温州区域,温州加盟,,,否,-,平台配送
圣比萨（钱库店）,SBM00044,温州,"8094836089424750929	",饿了么,平台外卖,已完成,2025-10-23 20:25:11,2025-10-23 20:25:11,2025-10-23 20:25:11,饿了么支付-在线支付,,即时单,2025-10-23 20:25:11,16.47,手动出餐,1,否,"芒果汁[冷]（10.00*1）,黄金地瓜条（18.00*1）,台式香烤地道肠（7.50*1）,蛋挞一个（原味）（5.00*1）,双拼披萨-7英寸（经典手拍）[缤纷水果披萨+牛肉至尊披萨][{""name"":""规格"",""value"":""7英寸（经典手拍）""}]（45.00*1）,餐盒（5.00*1）",芒果汁+地道肠1根+蛋挞1个,,,,非会员,28,,,到了打15867707895   这个号码    第一次通话中就再打一次 / 依据餐量提供餐具,,85.50,25.11,50.12,0.00,0,0,3.92,0.00,6.20,【活动支出】店铺满减:6.00元+【活动支出】单品特价:2.60元+【活动支出】单品特价:7.50元+【活动支出】单品特价:4.91元+【活动支出】单品特价:4.01元+【活动支出】单品特价:11.10元+【活动支出】粉丝群:2.00元+【活动支出】饿了么红包:12.00元+【活动支出】替用户承担配送费:6.0元,-,-,-,5.00,温州区域,温州加盟,,,否,-,平台配送
圣比萨（钱库店）,SBM00044,温州,"8025626089481896296	",饿了么,平台外卖,已完成,2025-10-23 20:47:17,2025-10-23 20:47:17,2025-10-23 20:47:18,饿了么支付-在线支付,,即时单,2025-10-23 20:47:17,10.35,手动出餐,1,否,"紫薯边（9英寸）（12.80*1）,燕麦芋泥披萨-9英寸（经典手拍）[{""name"":""规格"",""value"":""9英寸（经典手拍）""}]（75.00*1）,餐盒（1.00*1）",花果山披萨,,,,非会员,29,,,2份餐具,,87.80,28.99,48.10,0.00,0,0,3.96,0.00,3.50,【活动支出】店铺满减:1.00元+【活动支出】单品特价:36.10元+【活动支出】粉丝群:2.00元+【活动支出】饿了么红包:9.00元+【活动支出】替用户承担配送费:3.5元,-,-,-,1.00,温州区域,温州加盟,,,否,-,平台配送
圣比萨（钱库店）,SBM00044,温州,"8088040255584533860	",饿了么,平台外卖,已完成,2025-10-23 21:30:31,2025-10-23 21:30:31,2025-10-23 21:30:31,饿了么支付-在线支付,,即时单,2025-10-23 21:30:31,11.87,手动出餐,1,否,"一人畅享套餐[圣比招牌披萨7英寸+薯条1份+可乐+冰]（59.00*1）,蛋挞一个（原味）（5.00*1）,餐盒（2.00*1）",蛋挞1个,,,,非会员,30,,,依据餐量提供餐具,,64.00,25.64,28.71,0.00,0,0,3.60,0.00,5.60,【活动支出】店铺满减:1.00元+【活动支出】单品特价:18.70元+【活动支出】单品特价:4.01元+【活动支出】饿了么红包:5.00元+【活动支出】替用户承担配送费:5.6元,-,-,-,2.00,温州区域,温州加盟,,,否,-,平台配送
圣比萨（钱库店）,SBM00044,温州,"8006240255687366095	",饿了么,平台外卖,已完成,2025-10-23 22:00:29,2025-10-23 22:00:29,2025-10-23 22:00:29,饿了么支付-在线支付,,即时单,2025-10-23 22:00:29,22.87,手动出餐,1,否,"榴莲王披萨-9英寸(经典手拍)[{""name"":""规格"",""value"":""9英寸(经典手拍)""}]（92.00*1）,芝士焗红薯泥（19.00*1）,餐盒（3.00*1）",榴莲王披萨+芝士焗红薯泥,,,,非会员,31,,,依据餐量提供餐具,,111.00,43.05,53.01,0.00,0,0,6.09,0.00,5.60,【活动支出】店铺满减:6.00元+【活动支出】单品特价:31.41元+【活动支出】单品特价:3.60元+【活动支出】饿了么红包:12.00元+【活动支出】替用户承担配送费:5.6元,-,-,-,3.00,温州区域,温州加盟,,,否,-,平台配送
圣比萨（钱库店）,SBM00044,温州,"8054160255685079312	",饿了么,平台外卖,已完成,2025-10-23 22:00:56,2025-10-23 22:00:56,2025-10-23 22:00:56,饿了么支付-在线支付,,即时单,2025-10-23 22:00:56,13.40,手动出餐,1,否,"一人畅享套餐[咖喱鸡肉芝士焗饭+蛋挞2个+港式奶茶+热]（59.00*1）,深海墨鱼丸一个（3.00*2）,蛋挞一个（原味）（5.00*2）,餐盒（3.00*1）",深海墨鱼丸1个+蛋挞1个,,,,非会员,32,,,依据餐量提供餐具,,75.00,28.70,35.61,0.00,0,0,4.14,0.00,7.10,【活动支出】店铺满减:1.00元+【活动支出】单品特价:18.70元+【活动支出】单品特价:2.90元+【活动支出】单品特价:4.01元+【活动支出】超级会员专享红包:5.00元+【活动支出】 商家自营销加码:2.00元+【活动支出】粉丝群:2.00元+【活动支出】替用户承担配送费:6.0元,-,-,-,3.00,温州区域,温州加盟,,,否,-,平台配送
圣比萨（钱库店）,SBM00044,温州,"8090100255505149231	",饿了么,平台外卖,已完成,2025-10-23 23:05:12,2025-10-23 23:05:12,2025-10-23 23:05:12,饿了么支付-在线支付,,即时单,2025-10-23 23:05:12,12.07,手动出餐,1,否,"燕麦芋泥披萨-7英寸（经典手拍）[{""name"":""规格"",""value"":""7英寸（经典手拍）""}]（42.00*1）,餐盒（1.00*1）",花果山披萨,,,,非会员,33,,,依据餐量提供餐具,,42.00,13.17,22.10,0.00,0,0,1.88,0.00,5.60,【活动支出】单品特价:15.10元+【活动支出】饿了么红包:7.00元+【活动支出】替用户承担配送费:5.6元,-,-,-,1.00,温州区域,温州加盟,,,否,-,平台配送
圣比萨（钱库店）,SBM00044,温州,"8072020255514254835	",饿了么,平台外卖,已完成,2025-10-23 23:33:27,2025-10-23 23:33:27,2025-10-23 23:33:27,饿了么支付-在线支付,,即时单,2025-10-23 23:33:27,13.47,手动出餐,1,否,"圣比招牌披萨-9寸(方形薄脆)[{""name"":""规格"",""value"":""9寸(方形薄脆)""}]（78.00*1）","圣比招牌披萨-9寸(方形薄脆)[{""name"":""规格"",""value"":""9寸(方形薄脆)""}]",,,,非会员,34,,,13626518025打这个电话 / 2份餐具,,78.00,25.06,41.80,0.00,0,0,3.49,0.00,5.60,【活动支出】单品特价:41.80元+【活动支出】替用户承担配送费:5.6元,-,-,-,0.00,温州区域,温州加盟,,,否,-,平台配送
圣比萨（上塘店）,SBM00032,温州,"8049150255204086166	",饿了么,平台外卖,已完成,2025-10-23 11:10:31,2025-10-23 11:10:31,2025-10-23 11:10:31,饿了么支付-在线支付,,即时单,2025-10-23 11:10:31,12.33,手动出餐,1,否,"超值一人餐（35.20*1）,餐盒（2.00*1）",上校鸡块+玉米沙拉披萨(7英寸(手拍))+港式奶茶,,,,非会员,1,,,依据餐量提供餐具,,35.20,17.20,9.00,0.00,0,0,2.65,0.00,7.50,【活动支出】精准营销:1.00元+【活动支出】饿了么红包:8.00元+【活动支出】替用户承担配送费:6.0元,-,-,-,2.00,温州区域,温州加盟,,,否,-,平台配送
圣比萨（上塘店）,SBM00032,温州,"8065330255405988109	",饿了么,平台外卖,已完成,2025-10-23 14:33:40,2025-10-23 14:33:40,2025-10-23 14:33:41,饿了么支付-在线支付,,即时单,2025-10-23 14:33:40,16.08,手动出餐,1,否,"超值一人餐（35.20*1）,餐盒（2.00*1）",蛋挞+奥尔良鸡肉披萨-7英寸+芒果汁,,,,非会员,2,,,依据餐量提供餐具,,35.20,19.00,8.00,0.00,0,0,2.75,0.00,4.90,【活动支出】 商家自营销加码:2.00元+【活动支出】精准营销:1.00元+【活动支出】饿了么红包:5.00元+【活动支出】替用户承担配送费:4.9元,-,-,-,2.00,温州区域,温州加盟,,,否,-,平台配送
圣比萨（上塘店）,SBM00032,温州,"8023786089345821048	",饿了么,平台外卖,已完成,2025-10-23 16:46:47,2025-10-23 16:46:47,2025-10-23 16:46:48,饿了么支付-在线支付,,即时单,2025-10-23 16:46:47,13.17,手动出餐,1,否,"香芋地瓜丸5个（7.00*1）,招牌肉酱芝士焗饭（不辣）（24.00*1）,餐盒（3.00*1）",金丝鸡排+招牌肉酱芝士焗饭,,,,非会员,3,,,依据餐量提供餐具,,31.00,18.53,7.00,0.00,0,0,2.52,0.00,3.90,【活动支出】饿了么红包:7.00元+【活动支出】替用户承担配送费:3.9元,-,-,-,3.00,温州区域,温州加盟,,,否,-,平台配送
圣比萨（上塘店）,SBM00032,温州,"8053370255364179335	",饿了么,平台外卖,已完成,2025-10-23 17:04:02,2025-10-23 17:04:02,2025-10-23 17:04:02,饿了么支付-在线支付,,即时单,2025-10-23 17:04:02,14.47,手动出餐,1,否,"经典薯条（9.00*1）,玉米沙拉披萨-9英寸[{""name"":""规格"",""value"":""9英寸""}]（46.80*1）,盐酥鸡粒（9.00*1）,【2份】意大利面（39.80*1）,餐盒（5.00*1）",经典薯条+玉米沙拉披萨+盐酥鸡粒+招牌肉酱意面+招牌肉酱意面,,,,非会员,4,,,需要6包番茄酱，谢谢 / 2份餐具,,104.60,66.76,20.00,0.00,0,0,9.09,0.00,3.90,【活动支出】店铺满减:6.00元+【活动支出】下单返红包:2.00元+【活动支出】饿了么红包:12.00元+【活动支出】替用户承担配送费:3.9元,-,-,-,5.00,温州区域,温州加盟,,,否,-,平台配送
圣比萨（上塘店）,SBM00032,温州,"8001596089355389337	",饿了么,平台外卖,已完成,2025-10-23 17:19:28,2025-10-23 17:19:28,2025-10-23 17:19:28,饿了么支付-在线支付,,即时单,2025-10-23 17:19:28,13.22,手动出餐,1,否,"墨鱼丸1个（3.00*1）,新年狂欢双人套餐（73.00*1）,蛋挞1个【原味】（3.00*2）,地道肠1根（6.00*2）,餐盒（4.40*1）",深海墨鱼丸1个+港式奶茶+酸梅汁+大圣招牌大满贯披萨(9英寸(手拍))+盐酥鸡粒+墨鱼丸4个+蛋挞1个+地道肠1根,,,,非会员,5,,,依据餐量提供餐具,,94.00,52.24,27.70,0.00,0,0,7.11,0.00,3.90,【活动支出】店铺满减:6.00元+【活动支出】单品特价:2.10元+【活动支出】单品特价:2.20元+【活动支出】单品特价:4.40元+【活动支出】精准营销:1.00元+【活动支出】饿了么红包:12.00元+【活动支出】替用户承担配送费:3.9元,-,-,-,4.40,温州区域,温州加盟,,,否,-,平台配送
圣比萨（上塘店）,SBM00032,温州,"8087946089340929478	",饿了么,平台外卖,已完成,2025-10-23 17:32:19,2025-10-23 17:32:19,2025-10-23 17:32:19,饿了么支付-在线支付,,即时单,2025-10-23 17:32:19,6.22,手动出餐,1,否,"番茄牛肉汁意面（23.80*1）,餐盒（2.00*1）",番茄牛肉意面,,,,非会员,6,,,依据餐量提供餐具,,23.80,10.90,8.00,0.00,0,0,1.55,0.00,3.90,【活动支出】 商家自营销加码:2.00元+【活动支出】精准营销:1.00元+【活动支出】饿了么红包:5.00元+【活动支出】替用户承担配送费:3.9元,-,-,-,2.00,温州区域,温州加盟,,,否,-,平台配送
圣比萨（上塘店）,SBM00032,温州,"8083120255388319017	",饿了么,平台外卖,已完成,2025-10-23 17:42:15,2025-10-23 17:42:15,2025-10-23 17:42:16,饿了么支付-在线支付,,即时单,2025-10-23 17:42:15,12.15,手动出餐,1,否,"翅薯组合（15.00*1）,【2个】7英寸披萨（49.80*1）,餐盒（3.00*1）",经典薯条+奥尔良烤翅+日系照烧鸡披萨(7英寸(手拍))+炙热牛魔王披萨(7英寸(手拍)),,,,非会员,7,,,依据餐量提供餐具,,64.80,37.73,16.00,0.00,0,0,5.12,0.00,3.90,【活动支出】店铺满减:6.00元+【活动支出】精准营销:1.00元+【活动支出】饿了么红包:9.00元+【活动支出】替用户承担配送费:3.9元,-,-,-,3.00,温州区域,温州加盟,,,否,-,平台配送
圣比萨（上塘店）,SBM00032,温州,"8038160255490482539	",饿了么,平台外卖,已完成,2025-10-23 18:10:03,2025-10-23 18:10:03,2025-10-23 18:10:03,饿了么支付-在线支付,,即时单,2025-10-23 18:10:03,9.15,手动出餐,1,否,"榴莲王披萨-7英寸（经典手拍)[{""name"":""规格"",""value"":""7英寸（经典手拍)""}]（52.00*1）,餐盒（1.00*1）",榴莲王披萨,,,,非会员,8,,,2份餐具,,52.00,20.53,23.10,0.00,0,0,2.82,0.00,3.90,【活动支出】店铺满减:1.00元+【活动支出】单品特价:13.10元+【活动支出】饿了么红包:9.00元+【活动支出】替用户承担配送费:3.9元,-,-,-,1.00,温州区域,温州加盟,,,否,-,平台配送
圣比萨（上塘店）,SBM00032,温州,"8089566089365607688	",饿了么,平台外卖,已完成,2025-10-23 18:21:20,2025-10-23 18:21:20,2025-10-23 18:21:21,饿了么支付-在线支付,,即时单,2025-10-23 18:21:20,10.17,手动出餐,1,否,"超值一人餐（35.20*1）,餐盒（2.00*1）",金丝鸡排+奥尔良鸡肉披萨-7英寸+小可乐,,,,非会员,9,,,依据餐量提供餐具,,35.20,19.90,8.00,0.00,0,0,2.75,0.00,3.90,【活动支出】 商家自营销加码:1.00元+【活动支出】饿了么红包:7.00元+【活动支出】替用户承担配送费:3.9元,-,-,-,2.00,温州区域,温州加盟,,,否,-,平台配送
圣比萨（上塘店）,SBM00032,温州,"8066906089400861163	",饿了么,平台外卖,已完成,2025-10-23 18:27:04,2025-10-23 18:27:04,2025-10-23 18:27:05,饿了么支付-在线支付,,即时单,2025-10-23 18:27:04,11.97,手动出餐,1,否,"圣比至尊套餐（品牌升级专属）（38.80*1）,餐盒（1.00*1）",可乐+鲜虾菠萝披萨(7英寸(手拍))+经典薯条,,,,非会员,10,,,麻烦放点番茄酱，放前台桌上谢谢 / 依据餐量提供餐具,,38.80,19.54,10.00,0.00,0,0,2.81,0.00,5.40,【活动支出】店铺满减:1.00元+【活动支出】下单返红包:2.00元+【活动支出】饿了么红包:7.00元+【活动支出】替用户承担配送费:5.4元,-,-,-,1.00,温州区域,温州加盟,,,否,-,平台配送
圣比萨（上塘店）,SBM00032,温州,"8048756089403758862	",饿了么,平台外卖,已完成,2025-10-23 18:28:07,2025-10-23 18:28:07,2025-10-23 18:28:07,饿了么支付-在线支付,,即时单,2025-10-23 18:28:07,13.68,手动出餐,1,否,"榴莲王披萨-9英寸(经典手拍)[{""name"":""规格"",""value"":""9英寸(经典手拍)""}]（82.00*1）,餐盒（1.00*1）",榴莲王披萨,,,,非会员,11,,,依据餐量提供餐具,,82.00,32.15,38.10,0.00,0,0,4.40,0.00,3.90,【活动支出】店铺满减:1.00元+【活动支出】单品特价:28.10元+【活动支出】饿了么红包:9.00元+【活动支出】替用户承担配送费:3.9元,-,-,-,1.00,温州区域,温州加盟,,,否,-,平台配送
圣比萨（上塘店）,SBM00032,温州,"8059130255625909715	",饿了么,平台外卖,已完成,2025-10-23 19:04:24,2025-10-23 19:04:24,2025-10-23 19:04:24,饿了么支付-在线支付,,即时单,2025-10-23 19:04:24,9.70,手动出餐,1,否,"【6件套】7英寸披萨一人食套餐（53.80*1）,餐盒（1.00*1）",墨鱼丸(3个)+地道肠1根+港式奶茶+芝士焗红薯泥+盐酥鸡粒(小份）+烤肠玉米披萨-7英寸,,,,非会员,12,,,依据餐量提供餐具,,53.80,29.08,14.00,0.00,0,0,3.97,0.00,3.90,【活动支出】店铺满减:1.00元+【活动支出】精准营销:1.00元+【活动支出】饿了么红包:12.00元+【活动支出】替用户承担配送费:3.9元,-,-,-,1.00,温州区域,温州加盟,,,否,-,平台配送
圣比萨（上塘店）,SBM00032,温州,"8048826089460357556	",饿了么,平台外卖,已完成,2025-10-23 19:40:33,2025-10-23 19:40:33,2025-10-23 19:40:33,饿了么支付-在线支付,,即时单,2025-10-23 19:40:33,12.28,手动出餐,1,否,"奥尔良鸡肉披萨-7英寸[{""name"":""规格"",""value"":""7英寸""}]（29.80*1）,餐盒（2.00*1）",新奥尔良烤鸡肉披萨【7英寸(手拍)】,,,,非会员,13,,,依据餐量提供餐具,,29.80,15.67,8.00,0.00,0,0,2.18,0.00,3.90,【活动支出】 商家自营销加码:2.00元+【活动支出】精准营销:1.00元+【活动支出】饿了么红包:5.00元+【活动支出】替用户承担配送费:3.9元,-,-,-,2.00,温州区域,温州加盟,,,否,-,平台配送
圣比萨（上塘店）,SBM00032,温州,"8093280255557356873	",饿了么,平台外卖,已完成,2025-10-23 19:59:13,2025-10-23 19:59:13,2025-10-23 19:59:13,饿了么支付-在线支付,,即时单,2025-10-23 19:59:13,9.33,手动出餐,1,否,7寸日系照烧鸡披萨-单点（22.00*1）,日系照烧鸡披萨【7英寸(手拍)】,,,,非会员,14,,,依据餐量提供餐具,,22.00,12.00,0.00,0.00,0,0,0.00,0.00,,【活动支出】拼团反圈活动:0.00元,-,-,-,0.00,温州区域,温州加盟,,,否,-,平台配送
圣比萨（上塘店）,SBM00032,温州,"8023100255663700452	",饿了么,平台外卖,已退款,2025-10-23 20:44:06,2025-10-23 20:44:06,2025-10-23 20:44:07,饿了么支付-在线支付,,即时单,2025-10-23 20:44:06,,未出餐,1,否,"【4件套】个人独享随心选（38.80*1）,餐盒（2.00*1）",奥尔良鸡肉披萨-7英寸+港式奶茶+经典薯条+蛋挞1个,,,,非会员,15,,,依据餐量提供餐具,订单强制无效（商家主动取消已接订单、用户1分钟内取消),38.80,-3.57,9.00,25.80,0,0,3.02,0.00,3.90,【活动支出】店铺满减:1.00元+【活动支出】饿了么红包:8.00元+【活动支出】替用户承担配送费:3.9元,-,-,-,2.00,温州区域,温州加盟,,,否,-,平台配送
圣比萨（上塘店）,SBM00032,温州,"8023100255479088443	",饿了么,平台外卖,已完成,2025-10-23 20:45:49,2025-10-23 20:45:49,2025-10-23 20:45:49,饿了么支付-在线支付,,即时单,2025-10-23 20:45:49,12.28,手动出餐,1,否,"【4件套】个人独享随心选（38.80*1）,餐盒（2.00*1）",奥尔良鸡肉披萨-7英寸+港式奶茶+经典薯条+蛋挞1个,,,,非会员,16,,,依据餐量提供餐具,,38.80,21.33,10.00,0.00,0,0,2.92,0.00,3.90,【活动支出】店铺满减:1.00元+【活动支出】精准营销:1.00元+【活动支出】饿了么红包:8.00元+【活动支出】替用户承担配送费:3.9元,-,-,-,2.00,温州区域,温州加盟,,,否,-,平台配送
圣比萨（上塘店）,SBM00032,温州,"8077370255572117904	",饿了么,平台外卖,已完成,2025-10-23 20:47:29,2025-10-23 20:47:29,2025-10-23 20:47:29,饿了么支付-在线支付,,即时单,2025-10-23 20:47:29,12.23,手动出餐,1,否,奥尔良烤鸡肉披萨(7寸)-单点（23.21*1）,新奥尔良烤鸡肉披萨【7英寸(手拍)】,,,,非会员,17,,,1份餐具,,23.21,13.21,0.00,0.00,0,0,0.00,0.00,,【活动支出】拼团反圈活动:0.00元,-,-,-,0.00,温州区域,温州加盟,,,否,-,平台配送
圣比萨（上塘店）,SBM00032,温州,"8009130255588386066	",饿了么,平台外卖,已完成,2025-10-23 21:42:38,2025-10-23 21:42:38,2025-10-23 21:42:39,饿了么支付-在线支付,,即时单,2025-10-23 21:42:38,11.43,手动出餐,1,否,"玉米沙拉披萨-7英寸[{""name"":""规格"",""value"":""7英寸""}]（28.80*1）,餐盒（2.00*1）",玉米沙拉披萨,,,,非会员,18,,,无需餐具,,28.80,15.17,7.00,0.00,0,0,2.18,0.00,6.00,【活动支出】饿了么红包:7.00元+【活动支出】替用户承担配送费:6.0元,-,-,-,2.00,温州区域,温州加盟,,,否,-,平台配送
圣比萨（上塘店）,SBM00032,温州,"8081526089482978718	",饿了么,平台外卖,已完成,2025-10-23 22:15:07,2025-10-23 22:15:07,2025-10-23 22:15:07,饿了么支付-在线支付,,即时单,2025-10-23 22:15:07,10.38,手动出餐,1,否,"圣比至尊披萨-7英寸[{""name"":""规格"",""value"":""7英寸""}]（29.80*1）,餐盒（2.00*1）",大圣招牌大满贯披萨,,,,非会员,19,,,依据餐量提供餐具,,29.80,16.06,7.00,0.00,0,0,2.29,0.00,6.00,【活动支出】饿了么红包:7.00元+【活动支出】替用户承担配送费:6.0元,-,-,-,2.00,温州区域,温州加盟,,,否,-,平台配送
圣比萨（上塘店）,SBM00032,温州,"8087846089508326680	",饿了么,平台外卖,已完成,2025-10-23 22:48:59,2025-10-23 22:48:59,2025-10-23 22:48:59,饿了么支付-在线支付,,即时单,2025-10-23 22:48:59,14.38,手动出餐,1,否,"超值一人餐（35.20*1）,餐盒（2.00*1）",金丝鸡排+缤纷水果披萨(7英寸(手拍))+芒果汁,,,,非会员,20,,,依据餐量提供餐具,,35.20,19.40,8.00,0.00,0,0,2.75,0.00,6.00,【活动支出】饿了么红包:8.00元+【活动支出】替用户承担配送费:6.0元,-,-,-,2.00,温州区域,温州加盟,,,否,-,平台配送
圣比萨（郭溪店）,SBM00011,温州,"8089556089163387366	",饿了么,平台外卖,已完成,2025-10-23 10:46:52,2025-10-23 10:46:52,2025-10-23 10:46:52,饿了么支付-在线支付,,即时单,2025-10-23 10:46:52,11.70,手动出餐,1,否,"招牌肉酱芝士焗饭（52.00*1）,餐盒（1.00*1）",招牌肉酱芝士焗饭,,,,非会员,1,,,放在中间就行 / 依据餐量提供餐具,,52.00,15.12,31.10,0.00,0,0,1.43,0.00,4.00,【活动支出】单品特价:24.10元+【活动支出】饿了么红包:7.00元+【活动支出】替用户承担配送费:4.0元,-,-,-,1.00,温州区域,温州加盟,,,否,-,平台配送
圣比萨（郭溪店）,SBM00011,温州,"8014766089217956239	",饿了么,平台外卖,已完成,2025-10-23 11:14:46,2025-10-23 11:14:46,2025-10-23 11:14:46,饿了么支付-在线支付,,即时单,2025-10-23 11:14:46,8.47,手动出餐,1,否,新奥尔良烤鸡肉披萨7寸-单点（22.00*1）,新奥尔良烤鸡肉披萨【7英寸(手拍)】,,,,非会员,2,,,辣一点 / 依据餐量提供餐具,,22.00,12.00,0.00,0.00,0,0,0.00,0.00,,【活动支出】拼团反圈活动:0.00元,-,-,-,0.00,温州区域,温州加盟,,,否,-,平台配送
圣比萨（郭溪店）,SBM00011,温州,"8055796089240934755	",饿了么,平台外卖,已完成,2025-10-23 11:29:21,2025-10-23 11:29:21,2025-10-23 11:29:22,饿了么支付-在线支付,,即时单,2025-10-23 11:29:21,8.75,手动出餐,1,否,"7寸披萨一人食土豪餐[圣比招牌披萨+上校鸡块4个+深海墨鱼丸三个+小可乐]（70.00*1）,餐盒（2.00*1）",大圣招牌大满贯披萨【7英寸(手拍)】+上校鸡块+深海墨鱼丸3个+小可乐,,,,非会员,3,,,依据餐量提供餐具,,70.00,20.41,43.10,0.00,0,0,1.94,0.00,3.50,【活动支出】单品特价:35.10元+【活动支出】饿了么红包:8.00元+【活动支出】替用户承担配送费:3.5元,-,-,-,2.00,温州区域,温州加盟,,,否,-,平台配送
圣比萨（郭溪店）,SBM00011,温州,"8091906089201548737	",饿了么,平台外卖,已完成,2025-10-23 11:48:19,2025-10-23 11:48:19,2025-10-23 11:48:19,饿了么支付-在线支付,,即时单,2025-10-23 11:48:19,6.02,手动出餐,1,否,"番茄牛肉意面（52.00*1）,餐盒（1.00*1）",番茄牛肉意面,,,,非会员,4,,,1份餐具；手机尾号：1024；接力送,,52.00,10.22,35.10,0.00,0,0,1.43,0.00,4.50,【活动支出】单品特价:28.10元+【活动支出】 商家自营销加码:2.00元+【活动支出】饿了么红包:5.00元+【活动支出】替用户承担配送费:4.5元,-,-,-,1.00,温州区域,温州加盟,,,否,-,平台配送
圣比萨（郭溪店）,SBM00011,温州,"8033516089225744669	",饿了么,平台外卖,已完成,2025-10-23 11:58:32,2025-10-23 11:58:32,2025-10-23 11:58:32,饿了么支付-在线支付,,即时单,2025-10-23 11:58:32,9.37,手动出餐,1,否,新奥尔良烤鸡肉披萨7寸-单点（22.00*1）,新奥尔良烤鸡肉披萨【7英寸(手拍)】,,,,非会员,5,,,依据餐量提供餐具,,22.00,12.00,0.00,0.00,0,0,0.00,0.00,,【活动支出】拼团反圈活动:0.00元,-,-,-,0.00,温州区域,温州加盟,,,否,-,平台配送
圣比萨（郭溪店）,SBM00011,温州,"8084906089250728228	",饿了么,平台外卖,已完成,2025-10-23 12:18:05,2025-10-23 12:18:05,2025-10-23 12:18:05,饿了么支付-在线支付,,即时单,2025-10-23 12:18:05,10.70,手动出餐,1,否,"【免费入会享特价】芝士焗饭+饮品[咖喱鸡肉焗饭+小可乐]（67.00*1）,餐盒（1.00*1）",咖喱鸡肉芝士焗饭+小可乐,,,,非会员,6,,,依据餐量提供餐具；手机尾号：8923；接力送,,67.00,15.48,44.10,0.00,0,0,1.57,0.00,5.00,【活动支出】单品特价:37.10元+【活动支出】饿了么红包:7.00元+【活动支出】替用户承担配送费:5.0元,-,-,-,1.00,温州区域,温州加盟,,,否,-,平台配送
圣比萨（郭溪店）,SBM00011,温州,"8013616089276575158	",饿了么,平台外卖,已完成,2025-10-23 12:19:56,2025-10-23 12:19:56,2025-10-23 12:19:56,饿了么支付-在线支付,,即时单,2025-10-23 12:19:56,7.18,手动出餐,1,否,新奥尔良烤鸡肉披萨7寸-单点（22.00*1）,新奥尔良烤鸡肉披萨【7英寸(手拍)】,,,,非会员,7,,,无需餐具,,22.00,12.00,0.00,0.00,0,0,0.00,0.00,,【活动支出】拼团反圈活动:0.00元,-,-,-,0.00,温州区域,温州加盟,,,否,-,平台配送
圣比萨（郭溪店）,SBM00011,温州,"8081626089323921785	",饿了么,平台外卖,已完成,2025-10-23 14:17:07,2025-10-23 14:17:07,2025-10-23 14:17:07,饿了么支付-在线支付,,即时单,2025-10-23 14:17:07,16.32,手动出餐,1,否,"奶酪芝士卷边（9英寸）（6.90*1）,榴莲王披萨-9英寸(手拍)[{""name"":""规格"",""value"":""9英寸(手拍)""}]（92.00*1）,餐盒（1.00*1）",榴莲王披萨,,,,非会员,8,,,依据餐量提供餐具,,98.90,32.39,56.10,0.00,0,0,3.06,0.00,3.50,【活动支出】店铺满减:1.00元+【活动支出】单品特价:48.10元+【活动支出】吃货豆兑换的商家券:5.00元+【活动支出】 商家自营销加码:2.00元+【活动支出】替用户承担配送费:3.5元,-,-,-,1.00,温州区域,温州加盟,,,否,-,平台配送
圣比萨（郭溪店）,SBM00011,温州,"8002210255426339171	",饿了么,平台外卖,已完成,2025-10-23 15:51:23,2025-10-23 15:51:23,2025-10-23 15:51:23,饿了么支付-在线支付,,即时单,2025-10-23 15:51:23,17.77,手动出餐,1,否,"7寸披萨买一送一[缤纷水果披萨+圣比招牌披萨]（86.80*1）,经典薯条（18.00*1）,餐盒（4.00*1）",缤纷水果披萨【7英寸(手拍)】+大圣招牌大满贯披萨【7英寸(手拍)】+经典薯条,,,,非会员,9,,,依据餐量提供餐具,,104.80,35.16,62.00,0.00,0,0,3.29,0.00,3.50,【活动支出】店铺满减:1.00元+【活动支出】单品特价:39.90元+【活动支出】单品特价:9.10元+【活动支出】饿了么红包:12.00元+【活动支出】替用户承担配送费:3.5元,-,-,-,4.00,温州区域,温州加盟,,,否,-,平台配送
圣比萨（郭溪店）,SBM00011,温州,"8035230255443462607	",饿了么,平台外卖,已完成,2025-10-23 16:03:01,2025-10-23 16:03:01,2025-10-23 16:03:01,饿了么支付-在线支付,,即时单,2025-10-23 16:03:01,15.73,手动出餐,1,否,"榴莲王披萨-9英寸(手拍)[{""name"":""规格"",""value"":""9英寸(手拍)""}]（92.00*1）,餐盒（1.00*1）",榴莲王披萨,,,,非会员,10,,,依据餐量提供餐具,,92.00,23.18,61.10,0.00,0,0,2.17,0.00,3.50,【活动支出】店铺满减:1.00元+【活动支出】单品特价:48.10元+【活动支出】CPS商户叠加券:0.00元+【活动支出】饿了么红包:12.00元+【活动支出】替用户承担配送费:3.5元,-,-,-,1.00,温州区域,温州加盟,,,否,-,平台配送
圣比萨（郭溪店）,SBM00011,温州,"8090280255353136507	",饿了么,平台外卖,已完成,2025-10-23 16:33:47,2025-10-23 16:33:47,2025-10-23 16:33:48,饿了么支付-在线支付,,预约单,2025-10-23 18:40:00,97.30,手动出餐,1,否,"川香脆皮大翅根-2个[{""name"":""规格"",""value"":""2个""}]（22.00*1）,奶酪芝士卷边（9英寸）（6.90*1）,翅薯组合（26.00*1）,新奥尔良烤鸡肉披萨-9英寸(手拍)[{""name"":""规格"",""value"":""9英寸(手拍)""}]（78.00*1）,餐盒（4.00*1）",川香脆皮大翅根+翅薯组合+新奥尔良烤鸡肉披萨,,,,非会员,11,,,依据餐量提供餐具,,132.90,56.12,64.20,0.00,0,0,5.23,0.00,3.50,【活动支出】店铺满减:6.00元+【活动支出】单品特价:6.10元+【活动支出】单品特价:40.10元+【活动支出】饿了么红包:12.00元+【活动支出】替用户承担配送费:3.5元,-,-,-,4.00,温州区域,温州加盟,,,否,-,平台配送
圣比萨（郭溪店）,SBM00011,温州,"8020310255393844517	",饿了么,平台外卖,已完成,2025-10-23 17:57:56,2025-10-23 17:57:56,2025-10-23 17:57:57,饿了么支付-在线支付,,即时单,2025-10-23 17:57:56,13.33,手动出餐,1,否,"地道肠（7.50*1）,新奥尔良烤鸡肉披萨-7英寸(手拍)[{""name"":""规格"",""value"":""7英寸(手拍)""}]（45.00*1）,餐盒（2.00*1）",地道肠1根+新奥尔良烤鸡肉披萨,,,,非会员,12,,,1份餐具,,52.50,14.11,33.61,0.00,0,0,1.43,0.00,3.50,【活动支出】单品特价:5.51元+【活动支出】单品特价:21.10元+【活动支出】饿了么红包:7.00元+【活动支出】替用户承担配送费:3.5元,-,-,-,2.00,温州区域,温州加盟,,,否,-,平台配送
圣比萨（郭溪店）,SBM00011,温州,"8037090255405155661	",饿了么,平台外卖,已完成,2025-10-23 18:04:35,2025-10-23 18:04:35,2025-10-23 18:04:35,饿了么支付-在线支付,,即时单,2025-10-23 18:04:35,14.88,手动出餐,1,否,"7寸披萨买一送一[奥尔良烤鸡肉披萨+圣比招牌披萨]（86.80*1）,餐盒（2.00*1）",新奥尔良烤鸡肉披萨【7英寸(手拍)】+大圣招牌大满贯披萨【7英寸(手拍)】,,,,非会员,13,,,依据餐量提供餐具,,86.80,28.48,48.90,0.00,0,0,2.77,0.00,5.00,【活动支出】店铺满减:1.00元+【活动支出】单品特价:39.90元+【活动支出】饿了么红包:8.00元+【活动支出】替用户承担配送费:5.0元,-,-,-,2.00,温州区域,温州加盟,,,否,-,平台配送
圣比萨（郭溪店）,SBM00011,温州,"8084736089369995699	",饿了么,平台外卖,已完成,2025-10-23 18:31:52,2025-10-23 18:31:52,2025-10-23 18:31:52,饿了么支付-在线支付,,即时单,2025-10-23 18:31:52,12.87,手动出餐,1,否,"可乐[冷]（6.00*1）,盐酥鸡粒（21.00*1）,超值全翅桶（78.00*1）,餐盒（4.00*1）",可乐+盐酥鸡粒+全翅桶,,,,非会员,14,,,依据餐量提供餐具,,105.00,34.33,63.10,0.00,0,0,3.22,0.00,3.50,【活动支出】店铺满减:6.00元+【活动支出】单品特价:12.10元+【活动支出】单品特价:28.10元+【活动支出】精准营销:5.90元+【活动支出】饿了么红包:9.00元+【活动支出】粉丝群:2.00元+【活动支出】替用户承担配送费:3.5元,-,-,-,4.00,温州区域,温州加盟,,,否,-,平台配送
圣比萨（郭溪店）,SBM00011,温州,"8053816089427870032	",饿了么,平台外卖,已完成,2025-10-23 18:31:52,2025-10-23 18:31:52,2025-10-23 18:31:53,饿了么支付-在线支付,,即时单,2025-10-23 18:31:52,16.37,手动出餐,1,否,"榴莲王披萨-7英寸(手拍)[{""name"":""规格"",""value"":""7英寸(手拍)""}]（52.00*1）,咸蛋黄风味流心卷边（7英寸）（4.90*1）,餐盒（1.00*1）",榴莲王披萨,,,,非会员,15,,,依据餐量提供餐具,,56.90,24.34,24.10,0.00,0,0,2.31,0.00,3.50,【活动支出】店铺满减:1.00元+【活动支出】单品特价:15.10元+【活动支出】饿了么红包:8.00元+【活动支出】淘金币:0.00元+【活动支出】替用户承担配送费:3.5元,-,-,-,1.00,温州区域,温州加盟,,,否,-,平台配送
圣比萨（郭溪店）,SBM00011,温州,"8082000255424317781	",饿了么,平台外卖,已完成,2025-10-23 18:34:34,2025-10-23 18:34:34,2025-10-23 18:34:34,饿了么支付-在线支付,,即时单,2025-10-23 18:34:34,16.88,手动出餐,1,否,"[买一送一]买披萨送意面[碳烤鸡肉培根7英寸+番茄牛肉意面]（75.00*1）,餐盒（2.00*1）",碳烤鸡肉培根披萨【7英寸(手拍)】+番茄牛肉意面,,,,非会员,16,,,依据餐量提供餐具,,75.00,25.36,42.10,0.00,0,0,2.39,0.00,3.50,【活动支出】店铺满减:1.00元+【活动支出】单品特价:30.10元+【活动支出】粉丝群:2.00元+【活动支出】饿了么红包:9.00元+【活动支出】替用户承担配送费:3.5元,-,-,-,2.00,温州区域,温州加盟,,,否,-,平台配送
圣比萨（郭溪店）,SBM00011,温州,"8034556089392396573	",饿了么,平台外卖,已完成,2025-10-23 19:06:48,2025-10-23 19:06:48,2025-10-23 19:06:48,饿了么支付-在线支付,,即时单,2025-10-23 19:06:48,13.70,手动出餐,1,否,"奶酪芝士卷边（9英寸）（6.90*1）,缤纷水果披萨-9英寸(手拍)[{""name"":""规格"",""value"":""9英寸(手拍)""}]（75.00*1）,餐盒（1.00*1）",缤纷水果披萨,,,,非会员,17,,,依据餐量提供餐具,,81.90,19.44,53.10,0.00,0,0,2.01,0.00,5.60,【活动支出】店铺满减:1.00元+【活动支出】单品特价:40.10元+【活动支出】饿了么红包:12.00元+【活动支出】替用户承担配送费:5.6元,-,-,-,1.00,温州区域,温州加盟,,,否,-,平台配送
圣比萨（郭溪店）,SBM00011,温州,"8090956089428618748	",饿了么,平台外卖,已完成,2025-10-23 20:36:41,2025-10-23 20:36:41,2025-10-23 20:36:41,饿了么支付-在线支付,,即时单,2025-10-23 20:36:41,12.35,手动出餐,1,否,"榴莲王披萨-7英寸(手拍)[{""name"":""规格"",""value"":""7英寸(手拍)""}]（52.00*1）,餐盒（1.00*1）",榴莲王披萨,,,,非会员,18,,,依据餐量提供餐具,,52.00,20.41,24.10,0.00,0,0,1.94,0.00,3.50,【活动支出】单品特价:15.10元+【活动支出】粉丝群:2.00元+【活动支出】饿了么红包:7.00元+【活动支出】替用户承担配送费:3.5元,-,-,-,1.00,温州区域,温州加盟,,,否,-,平台配送
圣比萨（翁垟店）,SBM00010,温州,"8003230255432023326	",饿了么,平台外卖,已完成,2025-10-23 15:47:09,2025-10-23 15:47:09,2025-10-23 15:47:10,饿了么支付-在线支付,,即时单,2025-10-23 15:47:09,21.47,手动出餐,1,否,"经典双人披萨套餐[日系照烧鸡披萨9寸+明星小食桶A+柠檬茶+芒果汁]（118.00*1）,餐盒（2.00*1）",日系照烧鸡披萨【9英寸(手拍)】+明星小食桶A+柠檬茶+芒果汁,,,,非会员,1,,,3份餐具,,118.00,42.38,64.10,0.00,0,0,3.97,0.00,3.50,【活动支出】店铺满减:1.00元+【活动支出】单品特价:56.10元+【活动支出】饿了么红包:7.00元+【活动支出】替用户承担配送费:3.5元,-,-,-,2.00,温州区域,温州加盟,,,否,-,平台配送
圣比萨（翁垟店）,SBM00010,温州,"8000480255484568041	",饿了么,平台外卖,已完成,2025-10-23 18:00:03,2025-10-23 18:00:03,2025-10-23 18:00:04,饿了么支付-在线支付,,即时单,2025-10-23 18:00:03,10.65,手动出餐,1,否,"缤纷水果披萨-7寸[{""name"":""规格"",""value"":""7寸""}]（38.00*1）,餐盒（2.00*1）",缤纷水果披萨,,,,非会员,2,,,依据餐量提供餐具,,38.00,23.27,8.00,0.00,0,0,2.18,0.00,3.50,【活动支出】店铺满减:1.00元+【活动支出】饿了么红包:7.00元+【活动支出】替用户承担配送费:3.5元,-,-,-,2.00,温州区域,温州加盟,,,否,-,平台配送
圣比萨（翁垟店）,SBM00010,温州,"8047210255604267402	",饿了么,平台外卖,已完成,2025-10-23 18:22:57,2025-10-23 18:22:57,2025-10-23 18:22:57,饿了么支付-在线支付,,即时单,2025-10-23 18:22:57,14.55,手动出餐,1,否,"玉米沙拉披萨-7寸[{""name"":""规格"",""value"":""7寸""}]（40.00*1）,餐盒（2.00*1）",玉米沙拉披萨,,,,非会员,3,,,依据餐量提供餐具,,40.00,24.52,8.00,0.00,0,0,2.33,0.00,3.50,【活动支出】店铺满减:1.00元+【活动支出】 商家自营销加码:2.00元+【活动支出】饿了么红包:5.00元+【活动支出】替用户承担配送费:3.5元,-,-,-,2.00,温州区域,温州加盟,,,否,-,平台配送
圣比萨（鳌江店）,SBM00019,温州,"8026666089145422254	",饿了么,平台外卖,已完成,2025-10-23 10:12:54,2025-10-23 10:12:54,2025-10-23 10:12:55,饿了么支付-在线支付,,即时单,2025-10-23 10:12:54,10.13,自动出餐,1,否,"个人意面|焗饭经典套餐（45.00*1）,榴莲王披萨-9英寸(轻巧薄脆)[{""name"":""规格"",""value"":""9英寸(轻巧薄脆)""}]（92.00*1）,圣比至尊披萨-9寸[{""name"":""规格"",""value"":""9寸""}]（70.00*1）,雀巢牛奶（10.00*1）,餐盒（7.00*1）",港式奶茶+黑椒牛肉芝士焗饭+上校鸡块+大圣招牌大满贯披萨+雀巢牛奶,,,,非会员,1,,,依据餐量提供餐具,用户申请取消单 其他原因，,217.00,109.47,79.30,0.00,0,0,14.88,0.00,4.00,【活动支出】店铺满减:4.00元+【活动支出】单品特价:11.10元+【活动支出】单品特价:34.10元+【活动支出】单品特价:23.10元+【活动支出】单品特价:2.00元+【活动支出】饿了么红包:5.00元+【活动支出】替用户承担配送费:4.0元,-,-,-,7.00,温州区域,温州加盟,,,否,-,平台配送
圣比萨（鳌江店）,SBM00019,温州,"8044686089181222272	",饿了么,平台外卖,已完成,2025-10-23 10:30:29,2025-10-23 10:30:29,2025-10-23 10:30:30,饿了么支付-在线支付,,即时单,2025-10-23 10:30:29,10.00,自动出餐,1,否,"个人意面超值套餐（32.00*1）,餐盒（2.00*1）",个人意面超值套餐+餐盒,,,,非会员,2,,,1份餐具,,32.00,15.46,11.10,0.00,0,0,2.09,0.00,3.50,【活动支出】单品特价:4.10元+【活动支出】饿了么红包:7.00元+【活动支出】替用户承担配送费:3.5元,-,-,-,2.00,温州区域,温州加盟,,,否,-,平台配送
圣比萨（鳌江店）,SBM00019,温州,"8019360255277071642	",饿了么,平台外卖,已完成,2025-10-23 11:01:16,2025-10-23 11:01:16,2025-10-23 11:01:16,饿了么支付-在线支付,,即时单,2025-10-23 11:01:16,12.17,自动出餐,1,否,7寸日系照烧鸡披萨-单点（22.00*1）,日系照烧鸡披萨【7英寸(手拍)】,,,,非会员,3,,,依据餐量提供餐具,,22.00,12.00,0.00,0.00,0,0,0.00,0.00,,【活动支出】拼团反圈活动:0.00元,-,-,-,0.00,温州区域,温州加盟,,,否,-,平台配送
圣比萨（鳌江店）,SBM00019,温州,"8035836089160456507	",饿了么,平台外卖,已完成,2025-10-23 11:13:26,2025-10-23 11:13:26,2025-10-23 11:13:27,饿了么支付-在线支付,,即时单,2025-10-23 11:13:26,12.00,自动出餐,1,否,"榴莲王披萨-9英寸(轻巧薄脆)[{""name"":""规格"",""value"":""9英寸(轻巧薄脆)""}]（92.00*1）,餐盒（2.00*1）","榴莲王披萨-9英寸(轻巧薄脆)[{""name"":""规格"",""value"":""9英寸(轻巧薄脆)""}]+餐盒",,,,非会员,4,,,依据餐量提供餐具,,92.00,36.03,44.10,0.00,0,0,4.92,0.00,3.50,【活动支出】店铺满减:1.00元+【活动支出】单品特价:34.10元+【活动支出】饿了么红包:9.00元+【活动支出】替用户承担配送费:3.5元,-,-,-,2.00,温州区域,温州加盟,,,否,-,平台配送
圣比萨（鳌江店）,SBM00019,温州,"8008350255402452250	",饿了么,平台外卖,已完成,2025-10-23 11:14:49,2025-10-23 11:14:49,2025-10-23 11:14:50,饿了么支付-在线支付,,即时单,2025-10-23 11:14:49,12.08,自动出餐,1,否,"薯泥意夏特惠套餐（57.00*1）,餐盒（2.00*1）",薯泥意夏特惠套餐+餐盒,,,,非会员,5,,,依据餐量提供餐具,,57.00,18.34,30.10,0.00,0,0,2.72,0.00,4.50,【活动支出】单品特价:22.10元+【活动支出】CPS商户叠加券:0.00元+【活动支出】饿了么红包:8.00元+【活动支出】淘金币:0.00元+【活动支出】替用户承担配送费:4.5元,-,-,-,2.00,温州区域,温州加盟,,,否,-,平台配送
圣比萨（鳌江店）,SBM00019,温州,"8063506089195113883	",饿了么,平台外卖,已完成,2025-10-23 11:22:18,2025-10-23 11:22:18,2025-10-23 11:22:18,饿了么支付-在线支付,,即时单,2025-10-23 11:22:18,12.15,自动出餐,1,否,"个人独享DIY套餐（66.90*1）,蛋挞一个（原味）（5.00*1）,餐盒（3.00*1）",经典薯条+芝士焗红薯泥+可乐.+新奥尔良烤鸡肉披萨(7英寸(手拍))+蛋挞1个,,,,非会员,6,,,依据餐量提供餐具,,71.90,29.97,33.11,0.00,0,0,4.07,0.00,3.50,【活动支出】单品特价:21.10元+【活动支出】单品特价:3.01元+【活动支出】饿了么红包:9.00元+【活动支出】替用户承担配送费:3.5元,-,-,-,3.00,温州区域,温州加盟,,,否,-,平台配送
圣比萨（鳌江店）,SBM00019,温州,"8000390255308948876	",饿了么,平台外卖,已完成,2025-10-23 11:25:41,2025-10-23 11:25:41,2025-10-23 11:25:41,饿了么支付-在线支付,,即时单,2025-10-23 11:25:41,12.17,自动出餐,1,否,"超值一人套餐（61.00*1）,餐盒（2.00*1）",柠檬茶+玉米沙拉披萨(7英寸(手拍))+上校鸡块,,,,非会员,7,,,依据餐量提供餐具,,61.00,18.44,36.10,0.00,0,0,2.51,0.00,3.50,【活动支出】单品特价:29.10元+【活动支出】超级会员专享红包:5.00元+【活动支出】 商家自营销加码:2.00元+【活动支出】替用户承担配送费:3.5元,-,-,-,2.00,温州区域,温州加盟,,,否,-,平台配送
圣比萨（鳌江店）,SBM00019,温州,"8055606089333182859	",饿了么,平台外卖,已完成,2025-10-23 16:01:12,2025-10-23 16:01:12,2025-10-23 16:01:12,饿了么支付-在线支付,,即时单,2025-10-23 16:01:12,10.02,自动出餐,1,否,"招牌肉酱芝士焗饭（52.00*1）,餐盒（2.00*1）",招牌肉酱芝士焗饭,,,,非会员,8,,,依据餐量提供餐具,,52.00,13.67,33.10,0.00,0,0,1.88,0.00,3.50,【活动支出】单品特价:26.10元+【活动支出】饿了么红包:7.00元+【活动支出】替用户承担配送费:3.5元,-,-,-,2.00,温州区域,温州加盟,,,否,-,平台配送
圣比萨（鳌江店）,SBM00019,温州,"8065566089317022104	",饿了么,平台外卖,已完成,2025-10-23 16:03:34,2025-10-23 16:03:34,2025-10-23 16:03:34,饿了么支付-在线支付,,即时单,2025-10-23 16:03:34,10.10,自动出餐,1,否,"圣比至尊披萨-7寸[{""name"":""规格"",""value"":""7寸""}]（41.90*1）,上校鸡块1个（3.00*2）,餐盒（2.60*1）",大圣招牌大满贯披萨+上校鸡块1个,,,,非会员,9,,,2份餐具,,47.90,21.15,19.90,0.00,0,0,2.90,0.00,3.50,【活动支出】单品特价:10.00元+【活动支出】单品特价:2.90元+【活动支出】饿了么红包:7.00元+【活动支出】替用户承担配送费:3.5元,-,-,-,2.60,温州区域,温州加盟,,,否,-,平台配送
圣比萨（鳌江店）,SBM00019,温州,"8087696089310745009	",饿了么,平台外卖,已完成,2025-10-23 16:49:53,2025-10-23 16:49:53,2025-10-23 16:49:54,饿了么支付-在线支付,,即时单,2025-10-23 16:49:53,10.12,自动出餐,1,否,【买一送一】买披萨送披萨[日系照烧鸡披萨7英寸+纯芝士披萨7英寸]（86.80*1）,日系照烧鸡披萨【7英寸(手拍)】+金牌芝士披萨【7英寸(手拍)】,,,,非会员,10,,,依据餐量提供餐具,,86.80,21.42,54.90,0.00,0,0,3.03,0.00,4.50,【活动支出】单品特价:54.90元+【活动支出】替用户承担配送费:4.5元,-,-,-,0.00,温州区域,温州加盟,,,否,-,平台配送
圣比萨（鳌江店）,SBM00019,温州,"8024886089333154112	",饿了么,平台外卖,已完成,2025-10-23 17:20:01,2025-10-23 17:20:01,2025-10-23 17:20:02,饿了么支付-在线支付,,即时单,2025-10-23 17:20:01,10.08,自动出餐,1,否,"小食拼盘（41.00*1）,缤纷水果披萨-7英寸(手拍)[{""name"":""规格"",""value"":""7英寸(手拍)""}]（42.00*1）,餐盒（4.00*1）",小吃拼盘+缤纷水果披萨,,,,非会员,11,,,依据餐量提供餐具,,83.00,36.03,37.10,0.00,0,0,4.92,0.00,3.50,【活动支出】店铺满减:1.00元+【活动支出】单品特价:12.00元+【活动支出】单品特价:12.10元+【活动支出】饿了么红包:12.00元+【活动支出】替用户承担配送费:3.5元,-,-,-,4.00,温州区域,温州加盟,,,否,-,平台配送
圣比萨（鳌江店）,SBM00019,温州,"8052746089342494085	",饿了么,平台外卖,已完成,2025-10-23 17:40:19,2025-10-23 17:40:19,2025-10-23 17:40:20,饿了么支付-在线支付,,即时单,2025-10-23 17:40:19,12.00,自动出餐,1,否,【买一送一】买披萨送披萨[日系照烧鸡披萨7英寸+纯芝士披萨7英寸]（86.80*1）,日系照烧鸡披萨【7英寸(手拍)】+金牌芝士披萨【7英寸(手拍)】,,,,非会员,12,,,依据餐量提供餐具,,86.80,22.32,54.90,0.00,0,0,3.03,0.00,3.50,【活动支出】外卖券:54.90元+【活动支出】替用户承担配送费:3.5元,-,-,-,0.00,温州区域,温州加盟,,,否,-,平台配送
圣比萨（鳌江店）,SBM00019,温州,"8071130255419499841	",饿了么,平台外卖,已完成,2025-10-23 18:31:35,2025-10-23 18:31:35,2025-10-23 18:31:35,饿了么支付-在线支付,,即时单,2025-10-23 18:31:35,12.20,自动出餐,1,否,"意面/焗饭随心配（64.78*1）,餐盒（2.00*1）",经典薯条+盐酥鸡米花小份+上校鸡块2个+柠檬茶+招牌肉酱意面,,,,非会员,13,,,依据餐量提供餐具,,64.78,23.19,33.90,0.00,0,0,3.14,0.00,3.50,【活动支出】单品特价:24.90元+【活动支出】饿了么红包:9.00元+【活动支出】替用户承担配送费:3.5元,-,-,-,2.00,温州区域,温州加盟,,,否,-,平台配送
圣比萨（鳌江店）,SBM00019,温州,"8086796089416273345	",饿了么,平台外卖,已完成,2025-10-23 18:55:26,2025-10-23 18:55:26,2025-10-23 18:55:26,饿了么支付-在线支付,,即时单,2025-10-23 18:55:26,12.03,自动出餐,1,否,"缤纷水果披萨-7英寸(手拍)[{""name"":""规格"",""value"":""7英寸(手拍)""}]（42.00*1）,餐盒（2.00*1）",缤纷水果披萨,,,,非会员,14,,,依据餐量提供餐具,,42.00,18.44,17.10,0.00,0,0,2.51,0.00,3.50,【活动支出】单品特价:12.10元+【活动支出】吃货豆兑换的商家券:5.00元+【活动支出】替用户承担配送费:3.5元,-,-,-,2.00,温州区域,温州加盟,,,否,-,平台配送
圣比萨（鳌江店）,SBM00019,温州,"8031956089415934426	",饿了么,平台外卖,已完成,2025-10-23 19:05:58,2025-10-23 19:05:58,2025-10-23 19:05:59,饿了么支付-在线支付,,即时单,2025-10-23 19:05:58,12.05,自动出餐,1,否,"海鲜至尊披萨-7寸[{""name"":""规格"",""value"":""7寸""}]（40.90*1）,餐盒（2.00*1）","海鲜至尊披萨-7寸[{""name"":""规格"",""value"":""7寸""}]+餐盒",,,,非会员,15,,,依据餐量提供餐具,,40.90,16.65,18.00,0.00,0,0,2.30,0.00,3.50,【活动支出】单品特价:11.00元+【活动支出】饿了么红包:7.00元+【活动支出】替用户承担配送费:3.5元,-,-,-,2.00,温州区域,温州加盟,,,否,-,平台配送
圣比萨（鳌江店）,SBM00019,温州,"8081986089414221210	",饿了么,平台外卖,已完成,2025-10-23 19:43:01,2025-10-23 19:43:01,2025-10-23 19:43:01,饿了么支付-在线支付,,即时单,2025-10-23 19:43:01,10.08,自动出餐,1,否,"碳烤鸡肉培根披萨-7英寸(手拍)[{""name"":""规格"",""value"":""7英寸(手拍)""}]（45.00*1）,餐盒（2.00*1）",碳烤鸡肉培根披萨,,,,非会员,16,,,依据餐量提供餐具,,45.00,16.65,22.10,0.00,0,0,2.30,0.00,4.00,【活动支出】单品特价:15.10元+【活动支出】超级会员专享红包:5.00元+【活动支出】 商家自营销加码:2.00元+【活动支出】替用户承担配送费:4.0元,-,-,-,2.00,温州区域,温州加盟,,,否,-,平台配送
圣比萨（鳌江店）,SBM00019,温州,"8063516089439227282	",饿了么,平台外卖,已退款,2025-10-23 19:43:43,2025-10-23 19:43:43,2025-10-23 19:43:44,饿了么支付-在线支付,,即时单,2025-10-23 19:43:43,,未出餐,1,否,"榴莲王披萨-7英寸（经典手拍)[{""name"":""规格"",""value"":""7英寸（经典手拍)""}]（52.00*1）,餐盒（2.00*1）",榴莲王披萨,,,,非会员,17,,,依据餐量提供餐具,"餐厅同意取消单 ",52.00,-15.42,22.10,32.40,0,0,2.17,0.00,10.50,【活动支出】单品特价:13.10元+【活动支出】饿了么红包:9.00元+【活动支出】替用户承担配送费:6.0元,-,-,-,2.00,温州区域,温州加盟,,,否,-,平台配送
圣比萨（鳌江店）,SBM00019,温州,"8080646089464413644	",饿了么,平台外卖,已完成,2025-10-23 19:46:54,2025-10-23 19:46:54,2025-10-23 19:46:54,饿了么支付-在线支付,,即时单,2025-10-23 19:46:54,10.00,自动出餐,1,否,新奥尔良烤鸡肉披萨7寸-单点（22.00*1）,新奥尔良烤鸡肉披萨【7英寸(手拍)】,,,,非会员,18,,,依据餐量提供餐具,,22.00,12.00,0.00,0.00,0,0,0.00,0.00,,【活动支出】拼团反圈活动:0.00元,-,-,-,0.00,温州区域,温州加盟,,,否,-,平台配送
圣比萨（鳌江店）,SBM00019,温州,"8023390255546616238	",饿了么,平台外卖,已完成,2025-10-23 19:56:04,2025-10-23 19:56:04,2025-10-23 19:56:04,饿了么支付-在线支付,,即时单,2025-10-23 19:56:04,10.18,自动出餐,1,否,"超值一人套餐（61.00*1）,餐盒（2.00*1）",可乐.+玉米沙拉披萨(7英寸(手拍))+上校鸡块,,,,非会员,19,,,依据餐量提供餐具,,61.00,18.44,36.10,0.00,0,0,2.51,0.00,3.50,【活动支出】单品特价:29.10元+【活动支出】饿了么红包:7.00元+【活动支出】替用户承担配送费:3.5元,-,-,-,2.00,温州区域,温州加盟,,,否,-,平台配送
圣比萨（鳌江店）,SBM00019,温州,"8089170255465539922	",饿了么,平台外卖,已完成,2025-10-23 20:21:16,2025-10-23 20:21:16,2025-10-23 20:21:16,饿了么支付-在线支付,,即时单,2025-10-23 20:21:16,10.00,自动出餐,1,否,"牛肉至尊披萨-7寸[{""name"":""规格"",""value"":""7寸""}]（40.90*1）,餐盒（2.00*1）",炙热牛魔王披萨,,,,非会员,20,,,依据餐量提供餐具,,40.90,16.65,18.00,0.00,0,0,2.30,0.00,3.50,【活动支出】单品特价:11.00元+【活动支出】饿了么红包:7.00元+【活动支出】替用户承担配送费:3.5元,-,-,-,2.00,温州区域,温州加盟,,,否,-,平台配送
圣比萨（鳌江店）,SBM00019,温州,"8073290255667502393	",饿了么,平台外卖,已完成,2025-10-23 21:07:58,2025-10-23 21:07:58,2025-10-23 21:07:59,饿了么支付-在线支付,,即时单,2025-10-23 21:07:58,10.20,自动出餐,1,否,"碳烤鸡肉培根披萨-9英寸(手拍)[{""name"":""规格"",""value"":""9英寸(手拍)""}]（78.00*1）,黑椒牛肉芝士焗饭（52.00*1）,餐盒（4.00*1）",碳烤鸡肉培根披萨+黑椒牛肉芝士焗饭,,,,非会员,21,,,依据餐量提供餐具,,130.00,46.17,70.20,0.00,0,0,6.38,0.00,5.60,【活动支出】店铺满减:1.00元+【活动支出】单品特价:31.10元+【活动支出】单品特价:26.10元+【活动支出】饿了么红包:12.00元+【活动支出】替用户承担配送费:5.6元,-,-,-,4.00,温州区域,温州加盟,,,否,-,平台配送
圣比萨（鳌江店）,SBM00019,温州,"8024556089480335763	",饿了么,平台外卖,已完成,2025-10-23 22:08:35,2025-10-23 22:08:35,2025-10-23 22:08:36,饿了么支付-在线支付,,即时单,2025-10-23 22:08:35,10.20,自动出餐,1,否,"金牌榴莲王披萨（101.00*1）,餐盒（2.00*1）",金牌榴莲王披萨+餐盒,,,,非会员,22,,,无需餐具,,101.00,55.80,27.10,0.00,0,0,7.65,0.00,5.60,【活动支出】店铺满减:1.00元+【活动支出】单品特价:21.10元+【活动支出】饿了么红包:5.00元+【活动支出】替用户承担配送费:5.6元,-,-,-,2.00,温州区域,温州加盟,,,否,-,平台配送
圣比萨（鳌江店）,SBM00019,温州,"8094526089464881598	",饿了么,平台外卖,已完成,2025-10-23 23:09:53,2025-10-23 23:09:53,2025-10-23 23:09:53,饿了么支付-在线支付,,即时单,2025-10-23 23:09:53,10.00,自动出餐,1,否,"榴莲芝士挞（12.00*1）,9寸披萨/意面随心配（118.80*1）,餐盒（4.00*1）",榴莲芝士挞+酸梅汁+可乐.+榴莲王披萨(9英寸(手拍))+明星小食桶A+深海墨鱼丸2个+蛋挞1个+番茄牛肉意面,,,,非会员,23,,,依据餐量提供餐具,,130.80,67.15,44.20,0.00,0,0,9.20,0.00,5.60,【活动支出】店铺满减:3.00元+【活动支出】单品特价:2.10元+【活动支出】单品特价:27.10元+【活动支出】饿了么红包:12.00元+【活动支出】替用户承担配送费:5.6元,-,-,-,4.00,温州区域,温州加盟,,,否,-,平台配送
圣比萨（瓯北店）,SBM00030,温州,"8059060255175004438	",饿了么,平台外卖,已完成,2025-10-23 10:46:10,2025-10-23 10:46:10,2025-10-23 10:46:10,饿了么支付-在线支付,,即时单,2025-10-23 10:46:10,20.93,被动出餐,1,否,"墨鱼丸2个（5.00*1）,超值单人组合餐F-碳饭+鸡肉串+柠檬[{""name"":""规格"",""value"":""碳饭+鸡肉串+柠檬""}]（42.00*1）,餐盒（3.00*1）","墨鱼丸2个+超值单人组合餐F-碳饭+鸡肉串+柠檬[{""name"":""规格"",""value"":""碳饭+鸡肉串+柠檬""}]+餐盒",,,,非会员,1,,,依据餐量提供餐具,,47.00,19.44,20.65,0.00,0,0,2.77,0.00,3.90,【活动支出】店铺满减:1.00元+【活动支出】单品折扣:3.00元+【活动支出】单品折扣:8.65元+【活动支出】饿了么红包:8.00元+【活动支出】替用户承担配送费:3.9元,-,-,-,3.00,温州区域,温州加盟,,,否,-,平台配送
圣比萨（瓯北店）,SBM00030,温州,"8087556089138967946	",饿了么,平台外卖,已完成,2025-10-23 10:53:54,2025-10-23 10:53:54,2025-10-23 10:53:54,饿了么支付-在线支付,,即时单,2025-10-23 10:53:54,22.50,被动出餐,1,否,"墨鱼丸2个（5.00*1）,碳烤鸡肉芝士焗饭（52.00*1）,餐盒（3.00*1）",碳烤鸡肉芝士焗饭,,,,非会员,2,,,餐具要叉子，谢谢 / 依据餐量提供餐具,,57.00,18.40,31.78,0.00,0,0,2.65,0.00,3.90,【活动支出】单品折扣:3.00元+【活动支出】单品折扣:22.78元+【活动支出】饿了么红包:6.00元+【活动支出】替用户承担配送费:3.9元,-,-,-,3.00,温州区域,温州加盟,,,否,-,平台配送
圣比萨（瓯北店）,SBM00030,温州,"8062200255332763906	",饿了么,平台外卖,已完成,2025-10-23 11:48:52,2025-10-23 11:48:52,2025-10-23 11:48:52,饿了么支付-在线支付,,即时单,2025-10-23 11:48:52,24.10,被动出餐,1,否,"圣比披萨个人餐（52.00*1）,餐盒（1.00*1）",圣比披萨个人餐+餐盒,,,,非会员,3,,,依据餐量提供餐具,,52.00,16.89,27.14,0.00,0,0,2.40,0.00,3.90,【活动支出】单品折扣:19.14元+【活动支出】精准营销红包:1.00元+【活动支出】饿了么红包:7.00元+【活动支出】替用户承担配送费:3.9元,-,-,-,1.00,温州区域,温州加盟,,,否,-,平台配送
圣比萨（瓯北店）,SBM00030,温州,"8071090255482850649	",饿了么,平台外卖,已完成,2025-10-23 13:19:04,2025-10-23 13:19:04,2025-10-23 13:19:05,饿了么支付-在线支付,,即时单,2025-10-23 13:19:04,20.63,被动出餐,1,否,"开学吃鸡套餐（54.00*1）,餐盒（2.00*1）",开学吃鸡套餐+餐盒,,,,非会员,4,,,依据餐量提供餐具,,54.00,18.80,27.60,0.00,0,0,2.67,0.00,4.40,【活动支出】单品折扣:19.60元+【活动支出】饿了么红包:8.00元+【活动支出】替用户承担配送费:4.4元,-,-,-,2.00,温州区域,温州加盟,,,否,-,平台配送
圣比萨（瓯北店）,SBM00030,温州,"8069020255310000526	",饿了么,平台外卖,已完成,2025-10-23 14:20:45,2025-10-23 14:20:45,2025-10-23 14:20:46,饿了么支付-在线支付,,即时单,2025-10-23 14:20:45,17.38,被动出餐,1,否,"缤纷水果披萨7英寸[微甜]（40.00*1）,餐盒（1.00*1）",缤纷水果披萨【7英寸(手拍)】,,,,非会员,5,,,依据餐量提供餐具,,40.00,13.52,19.60,0.00,0,0,1.93,0.00,3.90,【活动支出】单品折扣:10.60元+【活动支出】精准营销红包:2.00元+【活动支出】饿了么红包:7.00元+【活动支出】替用户承担配送费:3.9元,-,-,-,1.00,温州区域,温州加盟,,,否,-,平台配送
圣比萨（瓯北店）,SBM00030,温州,"8023260255425954282	",饿了么,平台外卖,已完成,2025-10-23 15:53:12,2025-10-23 15:53:12,2025-10-23 15:53:12,饿了么支付-在线支付,,预约单,2025-10-23 16:40:00,53.15,被动出餐,1,否,"开学吃鸡套餐（54.00*1）,餐盒（2.00*1）",开学吃鸡套餐+餐盒,,,,非会员,6,,,依据餐量提供餐具,,54.00,17.61,28.60,0.00,0,0,2.56,0.00,4.90,【活动支出】单品折扣:19.60元+【活动支出】粉丝群:1.00元+【活动支出】饿了么红包:8.00元+【活动支出】替用户承担配送费:4.9元,-,-,-,2.00,温州区域,温州加盟,,,否,-,平台配送
圣比萨（瓯北店）,SBM00030,温州,"8052340255450171797	",饿了么,平台外卖,已完成,2025-10-23 16:33:22,2025-10-23 16:33:22,2025-10-23 16:33:23,饿了么支付-在线支付,,即时单,2025-10-23 16:33:22,35.33,被动出餐,1,否,7英寸披萨买一送一[圣比至尊披萨7英寸+新奥尔良烤鸡肉披萨7英寸]（86.80*1）,7英寸披萨买一送一[圣比至尊披萨7英寸+新奥尔良烤鸡肉披萨7英寸],,,,非会员,7,,,依据餐量提供餐具,,86.80,26.64,49.40,0.00,0,0,3.61,0.00,4.40,【活动支出】单品特价:49.40元+【活动支出】替用户承担配送费:4.4元,-,-,-,0.00,温州区域,温州加盟,,,否,-,平台配送
圣比萨（瓯北店）,SBM00030,温州,"8061936089367969249	",饿了么,平台外卖,已完成,2025-10-23 16:33:23,2025-10-23 16:33:23,2025-10-23 16:33:23,饿了么支付-在线支付,,预约单,2025-10-23 17:15:00,49.18,被动出餐,1,否,"缤纷水果披萨7英寸[微甜]（40.00*1）,餐盒（1.00*1）",缤纷水果披萨【7英寸(手拍)】,,,,非会员,8,,,无需餐具,,40.00,14.41,18.60,0.00,0,0,2.04,0.00,3.90,【活动支出】单品折扣:10.60元+【活动支出】 商家自营销加码:2.00元+【活动支出】粉丝群:1.00元+【活动支出】饿了么红包:5.00元+【活动支出】淘金币:0.00元+【活动支出】替用户承担配送费:3.9元,-,-,-,1.00,温州区域,温州加盟,,,否,-,平台配送
圣比萨（瓯北店）,SBM00030,温州,"8086450255495670211	",饿了么,平台外卖,已完成,2025-10-23 17:57:34,2025-10-23 17:57:34,2025-10-23 17:57:34,饿了么支付-在线支付,,即时单,2025-10-23 17:57:34,41.02,被动出餐,1,否,"招牌肉酱意面（52.00*1）,蛋挞蛋挞（11.78*1）,明星小食桶B（36.00*1）,港式奶茶[热]（10.00*1）,餐盒（7.00*1）",招牌肉酱意面+明星小食桶B+港式奶茶,,,,非会员,9,,,依据餐量提供餐具,,109.78,58.85,34.97,0.00,0,0,8.28,0.00,4.90,【活动支出】店铺满减:2.00元+【活动支出】单品折扣:22.78元+【活动支出】单品折扣:10.19元+【活动支出】替用户承担配送费:4.9元,-,-,-,7.00,温州区域,温州加盟,,,否,-,平台配送
圣比萨（瓯北店）,SBM00030,温州,"8075050255494519060	",饿了么,平台外卖,已完成,2025-10-23 17:59:13,2025-10-23 17:59:13,2025-10-23 17:59:13,饿了么支付-在线支付,,即时单,2025-10-23 17:59:13,15.33,被动出餐,1,否,"牛肉至尊披萨7英寸（42.00*1）,餐盒（2.00*1）",炙热牛魔王披萨【7英寸(手拍)】,,,,非会员,10,,,依据餐量提供餐具,,42.00,15.25,20.01,0.00,0,0,2.20,0.00,3.90,【活动支出】单品折扣:12.01元+【活动支出】精准营销红包:1.00元+【活动支出】饿了么红包:7.00元+【活动支出】替用户承担配送费:3.9元,-,-,-,2.00,温州区域,温州加盟,,,否,-,平台配送
圣比萨（瓯北店）,SBM00030,温州,"8054340255415622936	",饿了么,平台外卖,已完成,2025-10-23 18:25:24,2025-10-23 18:25:24,2025-10-23 18:25:24,饿了么支付-在线支付,,即时单,2025-10-23 18:25:24,27.15,被动出餐,1,否,"任选7英寸披萨一份+小吃一份＋饮品（59.00*1）,餐盒（1.00*1）",缤纷芝士挞(菠萝味)+雀巢果珍+日系照烧鸡披萨7英寸,,,,非会员,11,,,依据餐量提供餐具,,59.00,17.98,32.96,0.00,0,0,2.52,0.00,3.90,【活动支出】单品折扣:25.96元+【活动支出】超级会员专享红包:5.00元+【活动支出】 商家自营销加码:2.00元+【活动支出】替用户承担配送费:3.9元,-,-,-,1.00,温州区域,温州加盟,,,否,-,平台配送
圣比萨（瓯北店）,SBM00030,温州,"8056260255617458633	",饿了么,平台外卖,已完成,2025-10-23 18:45:07,2025-10-23 18:45:07,2025-10-23 18:45:07,饿了么支付-在线支付,,即时单,2025-10-23 18:45:07,26.23,被动出餐,1,否,"牛肉培根披萨7英寸（43.00*1）,餐盒（1.00*1）",牛肉培根披萨7英寸+餐盒,,,,非会员,12,,,依据餐量提供餐具,,43.00,17.66,17.30,0.00,0,0,2.49,0.00,3.90,【活动支出】单品折扣:12.30元+【活动支出】饿了么红包:5.00元+【活动支出】替用户承担配送费:3.9元,-,-,-,1.00,温州区域,温州加盟,,,否,-,平台配送
圣比萨（瓯北店）,SBM00030,温州,"8032896089381113297	",饿了么,平台外卖,已完成,2025-10-23 18:46:51,2025-10-23 18:46:51,2025-10-23 18:46:51,饿了么支付-在线支付,,即时单,2025-10-23 18:46:51,44.68,被动出餐,1,否,"任选7英寸披萨一份+小吃一份＋饮品（59.00*1）,餐盒（1.00*1）",上校鸡块+港式奶茶+牛肉至尊披萨7英寸,,,,非会员,13,,,依据餐量提供餐具,,59.00,13.88,33.96,0.00,0,0,2.42,0.00,7.20,【活动支出】单品折扣:25.96元+【活动支出】精准营销:1.00元+【活动支出】饿了么红包:7.00元+【活动支出】替用户承担配送费:6.0元,-,-,-,1.00,温州区域,温州加盟,,,否,-,平台配送
圣比萨（瓯北店）,SBM00030,温州,"8083020255438113048	",饿了么,平台外卖,已完成,2025-10-23 19:06:48,2025-10-23 19:06:48,2025-10-23 19:06:48,饿了么支付-在线支付,,即时单,2025-10-23 19:06:48,31.13,被动出餐,1,否,"7英寸披萨买一送一[金牌芝士披萨7英寸+金牌芝士披萨7英寸]（86.80*1）,餐盒（1.00*1）",7英寸披萨买一送一[金牌芝士披萨7英寸+金牌芝士披萨7英寸]+餐盒,,,,非会员,14,,,3份餐具,,86.80,29.58,44.29,0.00,0,0,4.25,0.00,4.90,【活动支出】店铺满减:1.00元+【活动支出】单品折扣:34.29元+【活动支出】精准营销红包:1.00元+【活动支出】饿了么红包:8.00元+【活动支出】替用户承担配送费:4.9元,-,-,-,1.00,温州区域,温州加盟,,,否,-,平台配送
圣比萨（瓯北店）,SBM00030,温州,"8018450255541219678	",饿了么,平台外卖,已完成,2025-10-23 19:17:14,2025-10-23 19:17:14,2025-10-23 19:17:15,饿了么支付-在线支付,,即时单,2025-10-23 19:17:14,25.87,被动出餐,1,否,"超值双人组合餐B[碳烤鸡肉培根披萨7寸+黑椒牛肉意面+明星小食桶B+柠檬茶+柠檬茶]（128.00*1）,餐盒（2.00*1）",碳烤鸡肉培根披萨【7英寸(手拍)】+黑椒牛肉意面+明星小食桶B+柠檬茶+柠檬茶,,,,非会员,15,,,依据餐量提供餐具,,128.00,47.49,64.56,0.00,0,0,6.56,0.00,3.90,【活动支出】店铺满减:2.00元+【活动支出】单品折扣:50.56元+【活动支出】饿了么红包:12.00元+【活动支出】替用户承担配送费:3.9元,-,-,-,2.00,温州区域,温州加盟,,,否,-,平台配送
圣比萨（瓯北店）,SBM00030,温州,"8071300255543344598	",饿了么,平台外卖,已完成,2025-10-23 19:45:42,2025-10-23 19:45:42,2025-10-23 19:45:42,饿了么支付-在线支付,,即时单,2025-10-23 19:45:42,22.38,被动出餐,1,否,"牛肉至尊披萨7英寸（42.00*1）,餐盒（2.00*1）",炙热牛魔王披萨【7英寸(手拍)】,,,,非会员,16,,,依据餐量提供餐具,,42.00,16.14,19.01,0.00,0,0,2.31,0.00,4.40,【活动支出】单品折扣:12.01元+【活动支出】饿了么红包:7.00元+【活动支出】替用户承担配送费:4.4元,-,-,-,2.00,温州区域,温州加盟,,,否,-,平台配送
圣比萨（瓯北店）,SBM00030,温州,"8035526089460656503	",饿了么,平台外卖,已完成,2025-10-23 20:23:17,2025-10-23 20:23:17,2025-10-23 20:23:18,饿了么支付-在线支付,,即时单,2025-10-23 20:23:17,19.83,被动出餐,1,否,"圣比至尊披萨7英寸（42.00*1）,餐盒（2.00*1）",大圣招牌大满贯披萨【7英寸(手拍)】,,,,非会员,17,,,依据餐量提供餐具,,42.00,14.95,21.01,0.00,0,0,2.10,0.00,3.90,【活动支出】单品折扣:12.01元+【活动支出】超级会员专享红包:5.00元+【活动支出】 商家自营销加码:2.00元+【活动支出】精准营销红包:2.00元+【活动支出】替用户承担配送费:3.9元,-,-,-,2.00,温州区域,温州加盟,,,否,-,平台配送
圣比萨（瓯北店）,SBM00030,温州,"8072676089428628881	",饿了么,平台外卖,已完成,2025-10-23 20:41:42,2025-10-23 20:41:42,2025-10-23 20:41:42,饿了么支付-在线支付,,即时单,2025-10-23 20:41:42,53.77,被动出餐,1,否,7寸日系照烧鸡披萨-单点（22.00*1）,日系照烧鸡披萨【7英寸(手拍)】,,,,非会员,18,,,依据餐量提供餐具,,22.00,12.00,0.00,0.00,0,0,0.00,0.00,,【活动支出】拼团反圈活动:0.00元,-,-,-,0.00,温州区域,温州加盟,,,否,-,平台配送
圣比萨（瓯北店）,SBM00030,温州,"8071300255476118869	",饿了么,平台外卖,已完成,2025-10-23 20:57:01,2025-10-23 20:57:01,2025-10-23 20:57:01,饿了么支付-在线支付,,即时单,2025-10-23 20:57:01,35.90,被动出餐,1,否,"金牌芝士披萨7英寸（38.00*1）,餐盒（3.00*1）",金牌芝士披萨【7英寸(手拍)】,,,,非会员,19,,,依据餐量提供餐具,,38.00,16.23,15.89,0.00,0,0,2.32,0.00,4.40,【活动支出】单品折扣:8.89元+【活动支出】饿了么红包:7.00元+【活动支出】替用户承担配送费:4.4元,-,-,-,3.00,温州区域,温州加盟,,,否,-,平台配送
圣比萨（临安店）,SBM00043,杭州,"8043736089072769367	",饿了么,平台外卖,已完成,2025-10-23 01:42:27,2025-10-23 01:42:27,2025-10-23 01:42:27,饿了么支付-在线支付,,预约单,2025-10-23 11:15:00,521.08,手动出餐,1,否,"点击右上角❤️免费得小吃（限一份，多点不送）[上校鸡块2个]（0.20*1）,日系照烧鸡披萨-7英寸(手拍)[{""name"":""规格"",""value"":""7英寸(手拍)""}]（25.90*1）",上校鸡块2个+日系照烧鸡披萨,,,,非会员,1,,,不要葱，不要香菜 / 依据餐量提供餐具；手机尾号：4006；接力送,,26.10,11.74,7.00,0.00,0,0,0.96,0.00,5.90,【活动支出】下单返红包:2.00元+【活动支出】饿了么红包:5.00元+【活动支出】替用户承担配送费:5.9元,-,-,-,0.00,杭州区域,杭州加盟,,,否,-,平台配送
圣比萨（临安店）,SBM00043,杭州,"8022846089137742265	",饿了么,平台外卖,已完成,2025-10-23 09:30:39,2025-10-23 09:30:39,2025-10-23 09:30:39,饿了么支付-在线支付,,预约单,2025-10-23 10:25:00,9.30,手动出餐,1,否,【任选】披萨随心配（31.90*1）,奶酪芝士披萨(7英寸(手拍))+蛋挞+小可乐,,,,非会员,2,,,依据餐量提供餐具,,31.90,17.80,6.00,0.00,0,0,1.10,0.00,5.10,【活动支出】首次光顾立减:1.00元+【活动支出】饿了么红包:5.00元+【活动支出】替用户承担配送费:5.1元,-,-,-,0.00,杭州区域,杭州加盟,,,否,-,平台配送
圣比萨（临安店）,SBM00043,杭州,"8048160255251578164	",饿了么,平台外卖,已完成,2025-10-23 09:59:37,2025-10-23 09:59:37,2025-10-23 09:59:37,饿了么支付-在线支付,,即时单,2025-10-23 09:59:37,9.90,手动出餐,1,否,"新奥尔良烤鸡肉披萨-7英寸(手拍)[{""name"":""规格"",""value"":""7英寸(手拍)""}]（25.90*1）,红薯薯泥流心卷边（7英寸）（4.90*1）",新奥尔良烤鸡肉披萨+红薯泥流心卷边7,,,,非会员,3,,,不要入校 直接放外面柜子里 / 依据餐量提供餐具；手机尾号：7947；接力送,,30.80,16.95,6.00,0.00,0,0,1.05,0.00,3.30,【活动支出】首次光顾立减:1.00元+【活动支出】CPS商户叠加券:0.00元+【活动支出】饿了么红包:5.00元+【活动支出】替用户承担配送费:3.3元,-,-,-,0.00,杭州区域,杭州加盟,,,否,-,平台配送
圣比萨（临安店）,SBM00043,杭州,"8011916089127496072	",饿了么,平台外卖,已完成,2025-10-23 10:29:01,2025-10-23 10:29:01,2025-10-23 10:29:01,饿了么支付-在线支付,,即时单,2025-10-23 10:29:01,12.18,自动出餐,1,否,"奶酪芝士披萨-7英寸(手拍)[{""name"":""规格"",""value"":""7英寸(手拍)""}]（25.90*1）",奶酪芝士披萨,,,,非会员,4,,,无需餐具；手机尾号：5253；接力送,,25.90,11.54,7.00,0.00,0,0,0.96,0.00,5.10,【活动支出】下单返红包:2.00元+【活动支出】饿了么红包:5.00元+【活动支出】替用户承担配送费:5.1元,-,-,-,0.00,杭州区域,杭州加盟,,,否,-,平台配送
圣比萨（临安店）,SBM00043,杭州,"8076110255260307830	",饿了么,平台外卖,已完成,2025-10-23 10:29:13,2025-10-23 10:29:13,2025-10-23 10:29:13,饿了么支付-在线支付,,即时单,2025-10-23 10:29:13,12.00,自动出餐,1,否,【任选】披萨随心配（31.90*1）,碳烤鸡肉培根披萨(7英寸(手拍))+蛋挞+小雪碧,,,,非会员,5,,,1份餐具；手机尾号：2817；接力送,,31.90,17.05,7.00,0.00,0,0,1.05,0.00,3.30,【活动支出】下单返红包:2.00元+【活动支出】饿了么红包:5.00元+【活动支出】替用户承担配送费:3.3元,-,-,-,0.00,杭州区域,杭州加盟,,,否,-,平台配送
圣比萨（临安店）,SBM00043,杭州,"8022616089150926334	",饿了么,平台外卖,已完成,2025-10-23 10:29:49,2025-10-23 10:29:49,2025-10-23 10:29:49,饿了么支付-在线支付,,即时单,2025-10-23 10:29:49,12.07,自动出餐,1,否,"点击右上角❤️免费得小吃（限一份，多点不送）[上校鸡块2个]（0.20*1）,【任选】披萨随心配（31.90*1）",上校鸡块2个+日系照烧鸡披萨(7英寸(手拍))+蛋挞+小可乐,,,,非会员,6,,,1份餐具；手机尾号：0580；接力送,,32.10,18.74,5.00,0.00,0,0,1.16,0.00,5.10,【活动支出】CPS商户叠加券:0.00元+【活动支出】饿了么红包:5.00元+【活动支出】替用户承担配送费:5.1元,-,-,-,0.00,杭州区域,杭州加盟,,,否,-,平台配送
圣比萨（临安店）,SBM00043,杭州,"8095410255165356320	",饿了么,平台外卖,已完成,2025-10-23 10:32:07,2025-10-23 10:32:07,2025-10-23 10:32:07,饿了么支付-在线支付,,即时单,2025-10-23 10:32:07,11.23,手动出餐,1,否,"新奥尔良烤鸡肉披萨-9英寸(手拍)[{""name"":""规格"",""value"":""9英寸(手拍)""}]（33.90*1）,红薯薯泥流心卷边（9英寸）（6.90*1）",新奥尔良烤鸡肉披萨+红薯泥流心卷边9,,,,非会员,7,,,1份餐具；手机尾号：8680；接力送,,40.80,23.77,8.00,0.00,0,0,1.43,0.00,5.10,【活动支出】店铺满减:1.00元+【活动支出】下单返红包:2.00元+【活动支出】饿了么红包:5.00元+【活动支出】替用户承担配送费:5.1元,-,-,-,0.00,杭州区域,杭州加盟,,,否,-,平台配送
圣比萨（临安店）,SBM00043,杭州,"8083826089181162835	",饿了么,平台外卖,已完成,2025-10-23 10:38:34,2025-10-23 10:38:34,2025-10-23 10:38:34,饿了么支付-在线支付,,即时单,2025-10-23 10:38:34,12.00,手动出餐,1,否,【任选】披萨随心配（38.70*1）,金沙咸蛋黄嫩鸡披萨(7英寸(手拍))+经典薯条+小可乐,,,,非会员,8,,,依据餐量提供餐具；手机尾号：3103；接力送,,38.70,22.72,7.00,0.00,0,0,1.38,0.00,5.10,【活动支出】店铺满减:1.00元+【活动支出】首次光顾立减:1.00元+【活动支出】饿了么红包:5.00元+【活动支出】替用户承担配送费:5.1元,-,-,-,0.00,杭州区域,杭州加盟,,,否,-,平台配送
圣比萨（临安店）,SBM00043,杭州,"8001330255265319423	",饿了么,平台外卖,已完成,2025-10-23 10:41:29,2025-10-23 10:41:29,2025-10-23 10:41:30,饿了么支付-在线支付,,即时单,2025-10-23 10:41:29,9.80,手动出餐,1,否,"新奥尔良烤鸡肉披萨-7英寸(手拍)[{""name"":""规格"",""value"":""7英寸(手拍)""}]（25.90*1）",新奥尔良烤鸡肉披萨,,,,非会员,9,,,依据餐量提供餐具,,25.90,13.74,5.00,0.00,0,0,0.96,0.00,3.30,【活动支出】饿了么红包:5.00元+【活动支出】替用户承担配送费:3.3元,-,-,-,0.00,杭州区域,杭州加盟,,,否,-,平台配送
圣比萨（临安店）,SBM00043,杭州,"8009290255174520206	",饿了么,平台外卖,已退款,2025-10-23 10:43:43,2025-10-23 10:43:43,2025-10-23 10:43:43,饿了么支付-在线支付,,即时单,2025-10-23 10:43:43,8.97,手动出餐,1,否,【随心❤️拼】7英寸双拼披萨（口味自选）[新奥尔良烤鸡肉+日系照烧鸡]（27.90*1）,双拼7寸【奥尔良口味7】+双拼7寸【日系照烧口味7】,,,,非会员,10,,,1份餐具；手机尾号：7223；接力送,"客服仲裁同意退单 商家已经出餐，是骑手不知道送哪去了，我真的找不到了,客服同意退款",27.90,1.84,6.00,12.90,0,0,0.96,0.00,3.30,【活动支出】首次光顾立减:1.00元+【活动支出】饿了么红包:5.00元+【活动支出】替用户承担配送费:3.3元,-,-,-,0.00,杭州区域,杭州加盟,,,否,-,平台配送
圣比萨（临安店）,SBM00043,杭州,"8046430255368184302	",饿了么,平台外卖,已完成,2025-10-23 10:49:22,2025-10-23 10:49:22,2025-10-23 10:49:23,饿了么支付-在线支付,,即时单,2025-10-23 10:49:22,9.32,手动出餐,1,否,"【任选】披萨随心配（34.80*1）,点击右上角❤️免费得小吃（限一份，多点不送）[上校鸡块2个]（0.20*1）",日系照烧鸡披萨(7英寸(手拍))+奥尔良烤翅+小可乐+上校鸡块2个,,,,非会员,11,,,1份餐具；手机尾号：1223；接力送,,35.00,19.95,6.00,0.00,0,0,1.25,0.00,5.10,【活动支出】首次光顾立减:1.00元+【活动支出】饿了么红包:5.00元+【活动支出】替用户承担配送费:5.1元,-,-,-,0.00,杭州区域,杭州加盟,,,否,-,平台配送
圣比萨（临安店）,SBM00043,杭州,"8018480255183256932	",饿了么,平台外卖,已完成,2025-10-23 10:50:29,2025-10-23 10:50:29,2025-10-23 10:50:29,饿了么支付-在线支付,,即时单,2025-10-23 10:50:29,9.00,手动出餐,1,否,【随心❤️拼】7英寸双拼披萨（口味自选）[日系照烧鸡+浪漫威尼斯]（27.90*1）,双拼7寸【日系照烧口味7】+双拼7寸【浪漫威尼斯口味7】,,,,非会员,12,,,依据餐量提供餐具；手机尾号：0185；接力送,,27.90,14.54,6.00,0.00,0,0,0.96,0.00,5.90,【活动支出】首次光顾立减:1.00元+【活动支出】饿了么红包:5.00元+【活动支出】替用户承担配送费:5.9元,-,-,-,0.00,杭州区域,杭州加盟,,,否,-,平台配送
圣比萨（临安店）,SBM00043,杭州,"8039816089190600090	",饿了么,平台外卖,已完成,2025-10-23 10:51:57,2025-10-23 10:51:57,2025-10-23 10:51:57,饿了么支付-在线支付,,即时单,2025-10-23 10:51:57,9.55,手动出餐,1,否,"【随心❤️拼】7英寸双拼披萨（口味自选）[日系照烧鸡+碳烤鸡肉培根]（27.90*1）,大圣香肠[孜然]（5.90*1）",双拼7寸【日系照烧口味7】+双拼7寸【碳烤鸡肉培根口味7】+大圣香肠1串,,,,非会员,13,,,依据餐量提供餐具；手机尾号：6883；接力送,,33.80,19.61,6.00,0.00,0,0,1.19,0.00,5.10,【活动支出】首次光顾立减:1.00元+【活动支出】饿了么红包:5.00元+【活动支出】替用户承担配送费:5.1元,-,-,-,0.00,杭州区域,杭州加盟,,,否,-,平台配送
圣比萨（临安店）,SBM00043,杭州,"8025576089183909203	",饿了么,平台外卖,已完成,2025-10-23 11:00:39,2025-10-23 11:00:39,2025-10-23 11:00:39,饿了么支付-在线支付,,即时单,2025-10-23 11:00:39,9.47,手动出餐,1,否,"新奥尔良烤鸡肉披萨-7英寸(手拍)[{""name"":""规格"",""value"":""7英寸(手拍)""}]（25.90*1）",新奥尔良烤鸡肉披萨,,,,非会员,14,,,对骑手，到了放外卖柜就行，不用打电话，麻烦您了 / 依据餐量提供餐具,,25.90,13.74,5.00,0.00,0,0,0.96,0.00,3.30,【活动支出】CPS商户叠加券:0.00元+【活动支出】饿了么红包:5.00元+【活动支出】替用户承担配送费:3.3元,-,-,-,0.00,杭州区域,杭州加盟,,,否,-,平台配送
圣比萨（临安店）,SBM00043,杭州,"8022220255192207752	",饿了么,平台外卖,已完成,2025-10-23 11:03:22,2025-10-23 11:03:22,2025-10-23 11:03:22,饿了么支付-在线支付,,即时单,2025-10-23 11:03:22,9.47,手动出餐,1,否,【任选】披萨随心配（36.80*1）,碳烤鸡肉培根披萨(7英寸(手拍))+上校鸡块+小可乐,,,,非会员,15,,,依据餐量提供餐具；手机尾号：7676；接力送,,36.80,22.82,5.00,0.00,0,0,1.38,0.00,5.10,【活动支出】饿了么红包:5.00元+【活动支出】替用户承担配送费:5.1元,-,-,-,0.00,杭州区域,杭州加盟,,,否,-,平台配送
圣比萨（临安店）,SBM00043,杭州,"8004410255392701853	",饿了么,平台外卖,已完成,2025-10-23 11:08:10,2025-10-23 11:08:10,2025-10-23 11:08:10,饿了么支付-在线支付,,预约单,2025-10-23 15:50:00,237.03,自动出餐,1,否,"点击右上角❤️免费得小吃（限一份，多点不送）[上校鸡块2个]（0.20*1）,【随心❤️拼】7英寸双拼披萨（口味自选）[浪漫威尼斯+碳烤鸡肉培根]（27.90*1）",上校鸡块2个+双拼7寸【浪漫威尼斯口味7】+双拼7寸【碳烤鸡肉培根口味7】,,,,非会员,16,,,依据餐量提供餐具,,28.10,14.54,6.00,0.00,0,0,0.96,0.00,5.90,【活动支出】首次光顾立减:1.00元+【活动支出】CPS商户叠加券:0.00元+【活动支出】饿了么红包:5.00元+【活动支出】替用户承担配送费:5.9元,-,-,-,0.00,杭州区域,杭州加盟,,,否,-,平台配送
圣比萨（临安店）,SBM00043,杭州,"8066946089186452752	",饿了么,平台外卖,已完成,2025-10-23 11:14:37,2025-10-23 11:14:37,2025-10-23 11:14:37,饿了么支付-在线支付,,即时单,2025-10-23 11:14:37,7.77,手动出餐,1,否,"点击右上角❤️免费得小吃（限一份，多点不送）[上校鸡块2个]（0.20*1）,【随心❤️拼】7英寸双拼披萨（口味自选）[新奥尔良烤鸡肉+日系照烧鸡]（27.90*1）",上校鸡块2个+双拼7寸【奥尔良口味7】+双拼7寸【日系照烧口味7】,,,,非会员,17,,,依据餐量提供餐具；手机尾号：3001；接力送,,28.10,14.74,6.00,0.00,0,0,0.96,0.00,5.10,【活动支出】首次光顾立减:1.00元+【活动支出】饿了么红包:5.00元+【活动支出】替用户承担配送费:5.1元,-,-,-,0.00,杭州区域,杭州加盟,,,否,-,平台配送
圣比萨（临安店）,SBM00043,杭州,"8025916089196918203	",饿了么,平台外卖,已完成,2025-10-23 11:15:34,2025-10-23 11:15:34,2025-10-23 11:15:34,饿了么支付-在线支付,,即时单,2025-10-23 11:15:34,8.57,手动出餐,1,否,【随心❤️拼】7英寸双拼披萨（口味自选）[新奥尔良烤鸡肉+浪漫威尼斯]（27.90*1）,双拼7寸【奥尔良口味7】+双拼7寸【浪漫威尼斯口味7】,,,,非会员,18,,,依据餐量提供餐具,,27.90,14.74,6.00,0.00,0,0,0.96,0.00,3.30,【活动支出】首次光顾立减:1.00元+【活动支出】饿了么红包:5.00元+【活动支出】替用户承担配送费:3.3元,-,-,-,0.00,杭州区域,杭州加盟,,,否,-,平台配送
圣比萨（临安店）,SBM00043,杭州,"8058806089185985869	",饿了么,平台外卖,已完成,2025-10-23 11:16:12,2025-10-23 11:16:12,2025-10-23 11:16:12,饿了么支付-在线支付,,即时单,2025-10-23 11:16:12,10.88,手动出餐,1,否,"【随心❤️拼】7英寸双拼披萨（口味自选）[新奥尔良烤鸡肉+缤纷水果]（27.90*1）,酸奶多多流心卷边（7英寸）（4.90*1）",双拼7寸【奥尔良口味7】+双拼7寸【缤纷水果口味7】+酸奶多多流心卷边7,,,,非会员,19,,,1份餐具；手机尾号：5816；接力送,,32.80,18.86,6.00,0.00,0,0,1.14,0.00,3.30,【活动支出】首次光顾立减:1.00元+【活动支出】饿了么红包:5.00元+【活动支出】替用户承担配送费:3.3元,-,-,-,0.00,杭州区域,杭州加盟,,,否,-,平台配送
圣比萨（临安店）,SBM00043,杭州,"8060766089189832009	",饿了么,平台外卖,已完成,2025-10-23 11:17:37,2025-10-23 11:17:37,2025-10-23 11:17:37,饿了么支付-在线支付,,即时单,2025-10-23 11:17:37,12.02,自动出餐,1,否,"咸蛋黄风味流心卷边（9英寸）（6.90*1）,蛋挞一个（3.90*1）,【随心❤️拼】9英寸双拼披萨（口味自选）[日系照烧鸡+新奥尔良烤鸡肉]（37.90*1）",咸蛋黄流沙卷边9+蛋挞1个+双拼9寸【日系照烧口味9】+双拼9寸【奥尔良口味9】,,,,非会员,20,,,依据餐量提供餐具,,48.70,29.02,8.91,0.00,0,0,1.77,0.00,5.10,【活动支出】店铺满减:1.00元+【活动支出】首次光顾立减:1.00元+【活动支出】单品特价:1.91元+【活动支出】饿了么红包:5.00元+【活动支出】替用户承担配送费:5.1元,-,-,-,0.00,杭州区域,杭州加盟,,,否,-,平台配送
圣比萨（临安店）,SBM00043,杭州,"8097420255215652149	",饿了么,平台外卖,已完成,2025-10-23 11:20:02,2025-10-23 11:20:02,2025-10-23 11:20:02,饿了么支付-在线支付,,即时单,2025-10-23 11:20:02,10.92,手动出餐,1,否,【随心❤️拼】7英寸双拼披萨（口味自选）[新奥尔良烤鸡肉+浪漫威尼斯]（27.90*1）,双拼7寸【奥尔良口味7】+双拼7寸【浪漫威尼斯口味7】,,,,非会员,21,,,依据餐量提供餐具,,27.90,14.74,6.00,0.00,0,0,0.96,0.00,3.30,【活动支出】首次光顾立减:1.00元+【活动支出】饿了么红包:5.00元+【活动支出】替用户承担配送费:3.3元,-,-,-,0.00,杭州区域,杭州加盟,,,否,-,平台配送
圣比萨（临安店）,SBM00043,杭州,"8087536089195917687	",饿了么,平台外卖,已完成,2025-10-23 11:25:13,2025-10-23 11:25:13,2025-10-23 11:25:13,饿了么支付-在线支付,,即时单,2025-10-23 11:25:13,7.40,手动出餐,1,否,【随心❤️拼】7英寸双拼披萨（口味自选）[新奥尔良烤鸡肉+浪漫威尼斯]（27.90*1）,双拼7寸【奥尔良口味7】+双拼7寸【浪漫威尼斯口味7】,,,,非会员,22,,,依据餐量提供餐具,,27.90,14.74,6.00,0.00,0,0,0.96,0.00,3.30,【活动支出】首次光顾立减:1.00元+【活动支出】饿了么红包:5.00元+【活动支出】替用户承担配送费:3.3元,-,-,-,0.00,杭州区域,杭州加盟,,,否,-,平台配送
圣比萨（临安店）,SBM00043,杭州,"8081866089210664230	",饿了么,平台外卖,已完成,2025-10-23 11:34:05,2025-10-23 11:34:05,2025-10-23 11:34:05,饿了么支付-在线支付,,即时单,2025-10-23 11:34:05,7.82,手动出餐,1,否,【随心❤️拼】7英寸双拼披萨（口味自选）[新奥尔良烤鸡肉+碳烤鸡肉培根]（27.90*1）,双拼7寸【奥尔良口味7】+双拼7寸【碳烤鸡肉培根口味7】,,,,非会员,23,,,依据餐量提供餐具；手机尾号：4311；接力送,,27.90,14.74,6.00,0.00,0,0,0.96,0.00,3.30,【活动支出】首次光顾立减:1.00元+【活动支出】饿了么红包:5.00元+【活动支出】替用户承担配送费:3.3元,-,-,-,0.00,杭州区域,杭州加盟,,,否,-,平台配送
圣比萨（临安店）,SBM00043,杭州,"8004250255328526811	",饿了么,平台外卖,已完成,2025-10-23 11:38:35,2025-10-23 11:38:35,2025-10-23 11:38:35,饿了么支付-在线支付,,即时单,2025-10-23 11:38:35,10.22,手动出餐,1,否,"【随心❤️拼】7英寸双拼披萨（口味自选）[新奥尔良烤鸡肉+缤纷水果]（27.90*1）,奶酪芝士卷边（7英寸）（4.90*1）",双拼7寸【奥尔良口味7】+双拼7寸【缤纷水果口味7】+奶酪芝士卷边7,,,,非会员,24,,,依据餐量提供餐具,,32.80,18.86,6.00,0.00,0,0,1.14,0.00,3.30,【活动支出】首次光顾立减:1.00元+【活动支出】超级会员专享红包:5.00元+【活动支出】替用户承担配送费:3.3元,-,-,-,0.00,杭州区域,杭州加盟,,,否,-,平台配送
圣比萨（临安店）,SBM00043,杭州,"8073270255237751107	",饿了么,平台外卖,已完成,2025-10-23 11:42:55,2025-10-23 11:42:55,2025-10-23 11:42:55,饿了么支付-在线支付,,即时单,2025-10-23 11:42:55,9.72,手动出餐,1,否,"【任选】披萨随心配（36.80*1）,蛋挞一个（3.90*1）",碳烤鸡肉培根披萨(7英寸(手拍))+上校鸡块+小芬达+蛋挞1个,,,,非会员,25,,,依据餐量提供餐具,,40.70,23.01,8.91,0.00,0,0,1.38,0.00,3.90,【活动支出】店铺满减:1.00元+【活动支出】首次光顾立减:1.00元+【活动支出】单品特价:1.91元+【活动支出】CPS商户叠加券:0.00元+【活动支出】饿了么红包:5.00元+【活动支出】替用户承担配送费:3.9元,-,-,-,0.00,杭州区域,杭州加盟,,,否,-,平台配送
圣比萨（临安店）,SBM00043,杭州,"8011420255336079751	",饿了么,平台外卖,已完成,2025-10-23 11:50:25,2025-10-23 11:50:25,2025-10-23 11:50:25,饿了么支付-在线支付,,即时单,2025-10-23 11:50:25,10.85,手动出餐,1,否,"点击右上角❤️免费得小吃（限一份，多点不送）[墨鱼丸1个]（0.20*1）,【随心❤️拼】9英寸双拼披萨（口味自选）[浪漫威尼斯+日系照烧鸡]（37.90*1）",深海墨鱼丸1个+双拼9寸【浪漫威尼斯口味9】+双拼9寸【日系照烧口味9】,,,,非会员,26,,,依据餐量提供餐具,,38.10,21.95,7.00,0.00,0,0,1.35,0.00,5.10,【活动支出】店铺满减:1.00元+【活动支出】首次光顾立减:1.00元+【活动支出】超级会员专享红包:5.00元+【活动支出】替用户承担配送费:5.1元,-,-,-,0.00,杭州区域,杭州加盟,,,否,-,平台配送
圣比萨（临安店）,SBM00043,杭州,"8045230255439328640	",饿了么,平台外卖,已完成,2025-10-23 11:57:40,2025-10-23 11:57:40,2025-10-23 11:57:40,饿了么支付-在线支付,,预约单,2025-10-23 12:35:00,3.27,自动出餐,1,否,【任选】披萨随心配（31.90*1）,奶酪芝士披萨(7英寸(手拍))+蛋挞+小可乐,,,,非会员,27,,,放外卖柜 / 依据餐量提供餐具,,31.90,18.00,6.00,0.00,0,0,1.10,0.00,3.30,【活动支出】首次光顾立减:1.00元+【活动支出】饿了么红包:5.00元+【活动支出】替用户承担配送费:3.3元,-,-,-,0.00,杭州区域,杭州加盟,,,否,-,平台配送
圣比萨（临安店）,SBM00043,杭州,"8008626089241722222	",饿了么,平台外卖,已完成,2025-10-23 12:01:16,2025-10-23 12:01:16,2025-10-23 12:01:16,饿了么支付-在线支付,,即时单,2025-10-23 12:01:16,6.18,手动出餐,1,否,"点击右上角❤️免费得小吃（限一份，多点不送）[上校鸡块2个]（0.20*1）,日系照烧鸡披萨-7英寸(手拍)[{""name"":""规格"",""value"":""7英寸(手拍)""}]（25.90*1）",上校鸡块2个+日系照烧鸡披萨,,,,非会员,28,,,"放门口，不要打电话，打电话不接, 不要敲门，谢谢 / 依据餐量提供餐具",,26.10,10.94,8.00,0.00,0,0,0.96,0.00,3.30,【活动支出】订单集点返红包:3.00元+【活动支出】饿了么红包:5.00元+【活动支出】淘金币:0.00元+【活动支出】替用户承担配送费:3.3元,-,-,-,0.00,杭州区域,杭州加盟,,,否,-,平台配送
圣比萨（临安店）,SBM00043,杭州,"8012290255345252678	",饿了么,平台外卖,已完成,2025-10-23 12:05:03,2025-10-23 12:05:03,2025-10-23 12:05:03,饿了么支付-在线支付,,即时单,2025-10-23 12:05:03,8.18,手动出餐,1,否,"新奥尔良烤鸡肉披萨-7英寸(手拍)[{""name"":""规格"",""value"":""7英寸(手拍)""}]（25.90*1）,蛋挞一个（3.90*1）",新奥尔良烤鸡肉披萨+蛋挞1个,,,,非会员,29,,,依据餐量提供餐具,,29.80,14.73,7.91,0.00,0,0,0.96,0.00,3.30,【活动支出】首次光顾立减:1.00元+【活动支出】单品特价:1.91元+【活动支出】饿了么红包:5.00元+【活动支出】替用户承担配送费:3.3元,-,-,-,0.00,杭州区域,杭州加盟,,,否,-,平台配送
圣比萨（临安店）,SBM00043,杭州,"8063490255269846424	",饿了么,平台外卖,已完成,2025-10-23 12:21:40,2025-10-23 12:21:40,2025-10-23 12:21:41,饿了么支付-在线支付,,即时单,2025-10-23 12:21:40,11.18,手动出餐,1,否,"点击右上角❤️免费得小吃（限一份，多点不送）[墨鱼丸1个]（0.20*1）,咸蛋黄风味流心卷边（9英寸）（6.90*1）,盐酥鸡粒（8.90*1）,【随心❤️拼】9英寸双拼披萨（口味自选）[新奥尔良烤鸡肉+碳烤鸡肉培根]（37.90*1）",深海墨鱼丸1个+咸蛋黄流沙卷边9+盐酥鸡粒+双拼9寸【奥尔良口味9】+双拼9寸【鸡肉培根口味9】,,,,非会员,30,,,依据餐量提供餐具,,53.90,34.74,8.00,0.00,0,0,2.06,0.00,3.30,【活动支出】店铺满减:1.00元+【活动支出】下单返红包:2.00元+【活动支出】饿了么红包:5.00元+【活动支出】替用户承担配送费:3.3元,-,-,-,0.00,杭州区域,杭州加盟,,,否,-,平台配送
圣比萨（临安店）,SBM00043,杭州,"8046030255274516852	",饿了么,平台外卖,已完成,2025-10-23 12:33:23,2025-10-23 12:33:23,2025-10-23 12:33:24,饿了么支付-在线支付,,即时单,2025-10-23 12:33:23,4.87,手动出餐,1,否,番茄牛肉意面（25.90*1）,番茄牛肉意面,,,,非会员,31,,,依据餐量提供餐具,,25.90,12.74,6.00,0.00,0,0,0.96,0.00,3.90,【活动支出】首次光顾立减:1.00元+【活动支出】饿了么红包:5.00元+【活动支出】替用户承担配送费:3.9元,-,-,-,0.00,杭州区域,杭州加盟,,,否,-,平台配送
圣比萨（临安店）,SBM00043,杭州,"8010986089280819457	",饿了么,平台外卖,已完成,2025-10-23 13:22:08,2025-10-23 13:22:08,2025-10-23 13:22:08,饿了么支付-在线支付,,即时单,2025-10-23 13:22:08,10.35,手动出餐,1,否,【任选】买一送一7英寸披萨（44.90*1）,新奥尔良烤鸡肉披萨(7英寸(手拍))+花果山披萨(7英寸(手拍)),,,,非会员,32,,,依据餐量提供餐具；手机尾号：9931；接力送,,44.90,28.02,7.00,0.00,0,0,1.68,0.00,5.10,【活动支出】店铺满减:1.00元+【活动支出】首次光顾立减:1.00元+【活动支出】饿了么红包:5.00元+【活动支出】替用户承担配送费:5.1元,-,-,-,0.00,杭州区域,杭州加盟,,,否,-,平台配送
圣比萨（临安店）,SBM00043,杭州,"8078566089273840916	",饿了么,平台外卖,已完成,2025-10-23 13:24:15,2025-10-23 13:24:15,2025-10-23 13:24:15,饿了么支付-在线支付,,即时单,2025-10-23 13:24:15,10.67,手动出餐,1,否,"碳烤鸡肉培根披萨-7英寸(手拍)[{""name"":""规格"",""value"":""7英寸(手拍)""}]（25.90*1）",碳烤鸡肉培根披萨,,,,非会员,33,,,依据餐量提供餐具,,25.90,12.74,6.00,0.00,0,0,0.96,0.00,3.90,【活动支出】首次光顾立减:1.00元+【活动支出】饿了么红包:5.00元+【活动支出】替用户承担配送费:3.9元,-,-,-,0.00,杭州区域,杭州加盟,,,否,-,平台配送
圣比萨（临安店）,SBM00043,杭州,"8090480255387442449	",饿了么,平台外卖,已完成,2025-10-23 13:26:31,2025-10-23 13:26:31,2025-10-23 13:26:31,饿了么支付-在线支付,,即时单,2025-10-23 13:26:31,12.12,自动出餐,1,否,"新奥尔良烤鸡肉披萨-7英寸(手拍)[{""name"":""规格"",""value"":""7英寸(手拍)""}]（25.90*1）,韩式咔滋炸鸡（双拼口味）[招牌甜辣【酱】+招牌甜辣【酱】]（15.90*1）",新奥尔良烤鸡肉披萨+韩式无骨炸鸡,,,,非会员,34,,,依据餐量提供餐具,,41.80,25.27,7.00,0.00,0,0,1.53,0.00,3.30,【活动支出】店铺满减:1.00元+【活动支出】首次光顾立减:1.00元+【活动支出】饿了么红包:5.00元+【活动支出】替用户承担配送费:3.3元,-,-,-,0.00,杭州区域,杭州加盟,,,否,-,平台配送
圣比萨（临安店）,SBM00043,杭州,"8048480255396859196	",饿了么,平台外卖,已完成,2025-10-23 13:56:45,2025-10-23 13:56:45,2025-10-23 13:56:45,饿了么支付-在线支付,,即时单,2025-10-23 13:56:45,8.82,手动出餐,1,否,"招牌肉酱意面（25.90*1）,韩式咔滋炸鸡（双拼口味）[招牌甜辣【酱】+香辣【粉】]（15.90*1）",招牌肉酱意面+韩式无骨炸鸡,,,,非会员,35,,,依据餐量提供餐具,,41.80,25.27,7.00,0.00,0,0,1.53,0.00,3.90,【活动支出】店铺满减:1.00元+【活动支出】首次光顾立减:1.00元+【活动支出】饿了么红包:5.00元+【活动支出】替用户承担配送费:3.9元,-,-,-,0.00,杭州区域,杭州加盟,,,否,-,平台配送
圣比萨（临安店）,SBM00043,杭州,"8082886089266481497	",饿了么,平台外卖,已完成,2025-10-23 14:01:38,2025-10-23 14:01:38,2025-10-23 14:01:38,饿了么支付-在线支付,,即时单,2025-10-23 14:01:38,8.22,手动出餐,1,否,"新奥尔良烤鸡肉披萨-7英寸(手拍)[{""name"":""规格"",""value"":""7英寸(手拍)""}]（25.90*1）,韩式咔滋炸鸡（双拼口味）[招牌甜辣【酱】+孜然【粉】]（15.90*1）,蛋挞一个（3.90*1）",新奥尔良烤鸡肉披萨+韩式无骨炸鸡+蛋挞1个,,,,非会员,36,,,依据餐量提供餐具,,45.70,27.17,8.91,0.00,0,0,1.62,0.00,3.30,【活动支出】店铺满减:1.00元+【活动支出】首次光顾立减:1.00元+【活动支出】单品特价:1.91元+【活动支出】饿了么红包:5.00元+【活动支出】替用户承担配送费:3.3元,-,-,-,0.00,杭州区域,杭州加盟,,,否,-,平台配送
圣比萨（临安店）,SBM00043,杭州,"8029756089265143208	",饿了么,平台外卖,已完成,2025-10-23 14:21:42,2025-10-23 14:21:42,2025-10-23 14:21:42,饿了么支付-在线支付,,即时单,2025-10-23 14:21:42,9.73,手动出餐,1,否,️【任选】意面随心配（36.80*1）,小雪碧+深海墨鱼丸(3个)+黑椒牛肉意面,,,,非会员,37,,,依据餐量提供餐具,,36.80,22.07,6.00,0.00,0,0,1.33,0.00,3.30,【活动支出】首次光顾立减:1.00元+【活动支出】饿了么红包:5.00元+【活动支出】替用户承担配送费:3.3元,-,-,-,0.00,杭州区域,杭州加盟,,,否,-,平台配送
圣比萨（临安店）,SBM00043,杭州,"8005776089293969722	",饿了么,平台外卖,已完成,2025-10-23 14:23:23,2025-10-23 14:23:23,2025-10-23 14:23:23,饿了么支付-在线支付,,即时单,2025-10-23 14:23:23,9.37,手动出餐,1,否,"蛋挞两个（5.90*1）,【随心❤️拼】9英寸双拼披萨（口味自选）[新奥尔良烤鸡肉+玉米沙拉]（37.90*1）",蛋挞+双拼9寸【奥尔良口味9】+双拼9寸【玉米沙拉口味9】,,,,非会员,38,,,依据餐量提供餐具,,43.80,26.98,7.00,0.00,0,0,1.62,0.00,4.50,【活动支出】店铺满减:1.00元+【活动支出】首次光顾立减:1.00元+【活动支出】饿了么红包:5.00元+【活动支出】替用户承担配送费:4.5元,-,-,-,0.00,杭州区域,杭州加盟,,,否,-,平台配送
圣比萨（临安店）,SBM00043,杭州,"8014556089308500457	",饿了么,平台外卖,已完成,2025-10-23 14:24:28,2025-10-23 14:24:28,2025-10-23 14:24:28,饿了么支付-在线支付,,即时单,2025-10-23 14:24:28,9.97,手动出餐,1,否,"点击右上角❤️免费得小吃（限一份，多点不送）[上校鸡块2个]（0.20*1）,【随心❤️拼】7英寸双拼披萨（口味自选）[新奥尔良烤鸡肉+日系照烧鸡]（27.90*1）,蛋挞一个（3.90*1）",上校鸡块2个+双拼7寸【奥尔良口味7】+双拼7寸【日系照烧口味7】+蛋挞1个,,,,非会员,39,,,1份餐具,,32.00,14.73,8.91,0.00,0,0,0.96,0.00,5.90,【活动支出】单品特价:1.91元+【活动支出】下单返红包:2.00元+【活动支出】饿了么红包:5.00元+【活动支出】替用户承担配送费:5.9元,-,-,-,0.00,杭州区域,杭州加盟,,,否,-,平台配送
圣比萨（临安店）,SBM00043,杭州,"8027450255508179224	",饿了么,平台外卖,已完成,2025-10-23 14:32:25,2025-10-23 14:32:25,2025-10-23 14:32:25,饿了么支付-在线支付,,即时单,2025-10-23 14:32:25,10.62,手动出餐,1,否,"咸蛋黄风味流沙卷边（7英寸）（4.90*1）,【随心❤️拼】7英寸双拼披萨（口味自选）[玉米沙拉+日系照烧鸡]（27.90*1）",咸蛋黄流沙卷边7+双拼7寸【玉米沙拉口味7】+双拼7寸【日系照烧口味7】,,,,非会员,40,,,依据餐量提供餐具,,32.80,18.86,6.00,0.00,0,0,1.14,0.00,3.30,【活动支出】首次光顾立减:1.00元+【活动支出】饿了么红包:5.00元+【活动支出】替用户承担配送费:3.3元,-,-,-,0.00,杭州区域,杭州加盟,,,否,-,平台配送
圣比萨（临安店）,SBM00043,杭州,"8020210255318028719	",饿了么,平台外卖,已完成,2025-10-23 14:46:38,2025-10-23 14:46:38,2025-10-23 14:46:38,饿了么支付-在线支付,,即时单,2025-10-23 14:46:38,8.72,手动出餐,1,否,"点击右上角❤️免费得小吃（限一份，多点不送）[上校鸡块2个]（0.20*1）,【随心❤️拼】7英寸双拼披萨（口味自选）[碳烤鸡肉培根+新奥尔良烤鸡肉]（27.90*1）,蛋挞一个（3.90*1）",上校鸡块2个+双拼7寸【碳烤鸡肉培根口味7】+双拼7寸【奥尔良口味7】+蛋挞1个,,,,非会员,41,,,依据餐量提供餐具,,32.00,15.88,7.91,0.00,0,0,1.01,0.00,5.10,【活动支出】首次光顾立减:1.00元+【活动支出】单品特价:1.91元+【活动支出】饿了么红包:5.00元+【活动支出】替用户承担配送费:5.1元,-,-,-,0.00,杭州区域,杭州加盟,,,否,-,平台配送
圣比萨（临安店）,SBM00043,杭州,"8073516089317676505	",饿了么,平台外卖,已完成,2025-10-23 15:41:11,2025-10-23 15:41:11,2025-10-23 15:41:12,饿了么支付-在线支付,,即时单,2025-10-23 15:41:11,6.82,手动出餐,1,否,"点击右上角❤️免费得小吃（限一份，多点不送）[上校鸡块2个]（0.20*1）,新奥尔良烤鸡肉披萨-7英寸(手拍)[{""name"":""规格"",""value"":""7英寸(手拍)""}]（25.90*1）",上校鸡块2个+新奥尔良烤鸡肉披萨,,,,非会员,42,,,2份餐具,,26.10,12.54,6.00,0.00,0,0,0.96,0.00,5.10,【活动支出】首次光顾立减:1.00元+【活动支出】CPS商户叠加券:0.00元+【活动支出】饿了么红包:5.00元+【活动支出】淘金币:0.00元+【活动支出】替用户承担配送费:5.1元,-,-,-,0.00,杭州区域,杭州加盟,,,否,-,平台配送
圣比萨（临安店）,SBM00043,杭州,"8046120255341131183	",饿了么,平台外卖,已完成,2025-10-23 15:41:24,2025-10-23 15:41:24,2025-10-23 15:41:24,饿了么支付-在线支付,,即时单,2025-10-23 15:41:24,11.25,手动出餐,1,否,【随心❤️拼】7英寸双拼披萨（口味自选）[新奥尔良烤鸡肉+日系照烧鸡]（27.90*1）,双拼7寸【奥尔良口味7】+双拼7寸【日系照烧口味7】,,,,非会员,43,,,依据餐量提供餐具,,27.90,14.74,6.00,0.00,0,0,0.96,0.00,3.30,【活动支出】首次光顾立减:1.00元+【活动支出】饿了么红包:5.00元+【活动支出】替用户承担配送费:3.3元,-,-,-,0.00,杭州区域,杭州加盟,,,否,-,平台配送
圣比萨（临安店）,SBM00043,杭州,"8079000255438141740	",饿了么,平台外卖,已完成,2025-10-23 16:01:01,2025-10-23 16:01:01,2025-10-23 16:01:01,饿了么支付-在线支付,,即时单,2025-10-23 16:01:01,8.12,手动出餐,1,否,【随心❤️拼】7英寸双拼披萨（口味自选）[新奥尔良烤鸡肉+碳烤鸡肉培根]（27.90*1）,双拼7寸【奥尔良口味7】+双拼7寸【碳烤鸡肉培根口味7】,,,,非会员,44,,,对商家不要玉米不要香菜不要胡萝卜 / 无需餐具；手机尾号：8187；接力送,,27.90,14.54,6.00,0.00,0,0,0.96,0.00,5.90,【活动支出】首次光顾立减:1.00元+【活动支出】饿了么红包:5.00元+【活动支出】替用户承担配送费:5.9元,-,-,-,0.00,杭州区域,杭州加盟,,,否,-,平台配送
圣比萨（临安店）,SBM00043,杭州,"8011350255447519524	",饿了么,平台外卖,已完成,2025-10-23 16:12:06,2025-10-23 16:12:06,2025-10-23 16:12:07,饿了么支付-在线支付,,即时单,2025-10-23 16:12:06,7.15,手动出餐,1,否,"点击右上角❤️免费得小吃（限一份，多点不送）[上校鸡块2个]（0.20*1）,【随心❤️拼】7英寸双拼披萨（口味自选）[新奥尔良烤鸡肉+日系照烧鸡]（27.90*1）",上校鸡块2个+双拼7寸【奥尔良口味7】+双拼7寸【日系照烧口味7】,,,,非会员,45,,,1份餐具；手机尾号：6964；接力送,,28.10,14.74,6.00,0.00,0,0,0.96,0.00,5.10,【活动支出】首次光顾立减:1.00元+【活动支出】饿了么红包:5.00元+【活动支出】替用户承担配送费:5.1元,-,-,-,0.00,杭州区域,杭州加盟,,,否,-,平台配送
圣比萨（临安店）,SBM00043,杭州,"8081626089340602671	",饿了么,平台外卖,已完成,2025-10-23 16:19:31,2025-10-23 16:19:31,2025-10-23 16:19:31,饿了么支付-在线支付,,即时单,2025-10-23 16:19:31,7.27,手动出餐,1,否,"点击右上角❤️免费得小吃（限一份，多点不送）[墨鱼丸1个]（0.20*1）,蛋挞一个（3.90*1）,【任选】披萨随心配（31.90*1）",深海墨鱼丸1个+蛋挞1个+缤纷水果披萨(7英寸(手拍))+缤纷芝士挞(菠萝味)+小芬达,,,,非会员,46,,,依据餐量提供餐具；手机尾号：9221；接力送,,36.00,19.29,7.91,0.00,0,0,1.20,0.00,5.10,【活动支出】首次光顾立减:1.00元+【活动支出】单品特价:1.91元+【活动支出】饿了么红包:5.00元+【活动支出】替用户承担配送费:5.1元,-,-,-,0.00,杭州区域,杭州加盟,,,否,-,平台配送
圣比萨（临安店）,SBM00043,杭州,"8018030255353401849	",饿了么,平台外卖,已完成,2025-10-23 16:25:29,2025-10-23 16:25:29,2025-10-23 16:25:29,饿了么支付-在线支付,,即时单,2025-10-23 16:25:29,12.10,手动出餐,1,否,"点击右上角❤️免费得小吃（限一份，多点不送）[上校鸡块2个]（0.20*1）,咸蛋黄风味流沙卷边（7英寸）（4.90*1）,【随心❤️拼】7英寸双拼披萨（口味自选）[新奥尔良烤鸡肉+玉米沙拉]（27.90*1）,蛋挞一个（3.90*1）",上校鸡块2个+咸蛋黄流沙卷边7+双拼7寸【奥尔良口味7】+双拼7寸【玉米沙拉口味7】+蛋挞1个,,,,非会员,47,,,1份餐具,,36.90,20.34,7.91,0.00,0,0,1.25,0.00,3.30,【活动支出】首次光顾立减:1.00元+【活动支出】单品特价:1.91元+【活动支出】饿了么红包:5.00元+【活动支出】替用户承担配送费:3.3元,-,-,-,0.00,杭州区域,杭州加盟,,,否,-,平台配送
圣比萨（临安店）,SBM00043,杭州,"8088310255356595468	",饿了么,平台外卖,已完成,2025-10-23 16:35:05,2025-10-23 16:35:05,2025-10-23 16:35:06,饿了么支付-在线支付,,即时单,2025-10-23 16:35:05,8.63,手动出餐,1,否,"【任选】买一送一7英寸披萨（52.80*1）,明星小食桶任选3（14.90*1）",新奥尔良烤鸡肉披萨(7英寸(手拍))+大圣招牌大满贯披萨(7英寸(手拍))+地道肠1根+上校鸡块+上校鸡块,,,,非会员,48,,,依据餐量提供餐具；手机尾号：9592；接力送,,67.70,43.82,11.00,0.00,0,0,2.58,0.00,5.10,【活动支出】店铺满减:6.00元+【活动支出】饿了么红包:5.00元+【活动支出】替用户承担配送费:5.1元,-,-,-,0.00,杭州区域,杭州加盟,,,否,-,平台配送
圣比萨（临安店）,SBM00043,杭州,"8074410255539214668	",饿了么,平台外卖,已完成,2025-10-23 16:37:52,2025-10-23 16:37:52,2025-10-23 16:37:52,饿了么支付-在线支付,,即时单,2025-10-23 16:37:52,9.78,手动出餐,1,否,"咸蛋黄风味流沙卷边（7英寸）（4.90*1）,【随心❤️拼】7英寸双拼披萨（口味自选）[缤纷水果+玉米沙拉]（27.90*1）",咸蛋黄流沙卷边7+双拼7寸【缤纷水果口味7】+双拼7寸【玉米沙拉口味7】,,,,非会员,49,,,依据餐量提供餐具；手机尾号：8937；接力送,,32.80,18.46,6.00,0.00,0,0,1.14,0.00,5.90,【活动支出】首次光顾立减:1.00元+【活动支出】饿了么红包:5.00元+【活动支出】替用户承担配送费:5.9元,-,-,-,0.00,杭州区域,杭州加盟,,,否,-,平台配送
圣比萨（临安店）,SBM00043,杭州,"8077656089336741149	",饿了么,平台外卖,已完成,2025-10-23 16:42:15,2025-10-23 16:42:15,2025-10-23 16:42:16,饿了么支付-在线支付,,即时单,2025-10-23 16:42:15,6.78,手动出餐,1,否,"玉米沙拉披萨-7英寸(手拍)[{""name"":""规格"",""value"":""7英寸(手拍)""}]（25.90*1）",玉米沙拉披萨,,,,非会员,50,,,微辣，不要香菜不要葱 / 依据餐量提供餐具,,25.90,12.74,6.00,0.00,0,0,0.96,0.00,3.30,【活动支出】首次光顾立减:1.00元+【活动支出】超会爆红包省钱包:5.00元+【活动支出】替用户承担配送费:3.3元,-,-,-,0.00,杭州区域,杭州加盟,,,否,-,平台配送
圣比萨（临安店）,SBM00043,杭州,"8067360255441270152	",饿了么,平台外卖,已完成,2025-10-23 16:44:18,2025-10-23 16:44:18,2025-10-23 16:44:19,饿了么支付-在线支付,,即时单,2025-10-23 16:44:18,9.45,手动出餐,1,否,"【随心❤️拼】7英寸双拼披萨（口味自选）[碳烤鸡肉培根+缤纷水果]（27.90*1）,蛋挞一个（3.90*1）,奶酪芝士卷边（7英寸）（4.90*1）",双拼7寸【碳烤鸡肉培根口味7】+双拼7寸【缤纷水果口味7】+蛋挞1个+奶酪芝士卷边7,,,,非会员,51,,,依据餐量提供餐具,,36.70,20.15,7.91,0.00,0,0,1.24,0.00,3.30,【活动支出】首次光顾立减:1.00元+【活动支出】单品特价:1.91元+【活动支出】饿了么红包:5.00元+【活动支出】替用户承担配送费:3.3元,-,-,-,0.00,杭州区域,杭州加盟,,,否,-,平台配送
圣比萨（临安店）,SBM00043,杭州,"8059220255356871036	",饿了么,平台外卖,已完成,2025-10-23 16:46:41,2025-10-23 16:46:41,2025-10-23 16:46:41,饿了么支付-在线支付,,即时单,2025-10-23 16:46:41,11.20,手动出餐,1,否,【随心❤️拼】7英寸双拼披萨（口味自选）[新奥尔良烤鸡肉+碳烤鸡肉培根]（27.90*1）,双拼7寸【奥尔良口味7】+双拼7寸【碳烤鸡肉培根口味7】,,,,非会员,52,,,依据餐量提供餐具；手机尾号：9881；接力送,,27.90,14.34,6.00,0.00,0,0,0.96,0.00,5.90,【活动支出】首次光顾立减:1.00元+【活动支出】饿了么红包:5.00元+【活动支出】替用户承担配送费:5.9元,-,-,-,0.00,杭州区域,杭州加盟,,,否,-,平台配送
圣比萨（临安店）,SBM00043,杭州,"8027726089338891548	",饿了么,平台外卖,已完成,2025-10-23 16:47:18,2025-10-23 16:47:18,2025-10-23 16:47:18,饿了么支付-在线支付,,即时单,2025-10-23 16:47:18,10.62,手动出餐,1,否,【随心❤️拼】7英寸双拼披萨（口味自选）[日系照烧鸡+缤纷水果]（27.90*1）,双拼7寸【日系照烧口味7】+双拼7寸【缤纷水果口味7】,,,,非会员,53,,,2份餐具；手机尾号：9359；接力送,,27.90,14.74,6.00,0.00,0,0,0.96,0.00,3.30,【活动支出】首次光顾立减:1.00元+【活动支出】饿了么红包:5.00元+【活动支出】替用户承担配送费:3.3元,-,-,-,0.00,杭州区域,杭州加盟,,,否,-,平台配送
圣比萨（临安店）,SBM00043,杭州,"8016716089372157261	",饿了么,平台外卖,已完成,2025-10-23 16:51:28,2025-10-23 16:51:28,2025-10-23 16:51:28,饿了么支付-在线支付,,即时单,2025-10-23 16:51:28,8.30,手动出餐,1,否,【随心❤️拼】7英寸双拼披萨（口味自选）[新奥尔良烤鸡肉+日系照烧鸡]（27.90*1）,双拼7寸【奥尔良口味7】+双拼7寸【日系照烧口味7】,,,,非会员,54,,,放柜子里 / 依据餐量提供餐具,,27.90,14.34,6.00,0.00,0,0,0.96,0.00,5.10,【活动支出】首次光顾立减:1.00元+【活动支出】饿了么红包:5.00元+【活动支出】替用户承担配送费:5.1元,-,-,-,0.00,杭州区域,杭州加盟,,,否,-,平台配送
圣比萨（临安店）,SBM00043,杭州,"8070806089373842889	",饿了么,平台外卖,已完成,2025-10-23 16:53:41,2025-10-23 16:53:41,2025-10-23 16:53:41,饿了么支付-在线支付,,即时单,2025-10-23 16:53:41,8.62,手动出餐,1,否,"新奥尔良烤鸡肉披萨-7英寸(手拍)[{""name"":""规格"",""value"":""7英寸(手拍)""}]（25.90*1）",新奥尔良烤鸡肉披萨,,,,非会员,55,,,无需餐具,,25.90,12.34,6.00,0.00,0,0,0.96,0.00,5.10,【活动支出】首次光顾立减:1.00元+【活动支出】饿了么红包:5.00元+【活动支出】替用户承担配送费:5.1元,-,-,-,0.00,杭州区域,杭州加盟,,,否,-,平台配送
圣比萨（临安店）,SBM00043,杭州,"8039716089316143458	",饿了么,平台外卖,已完成,2025-10-23 16:54:17,2025-10-23 16:54:17,2025-10-23 16:54:17,饿了么支付-在线支付,,即时单,2025-10-23 16:54:17,12.02,自动出餐,1,否,"【随心❤️拼】7英寸双拼披萨（口味自选）[碳烤鸡肉培根+新奥尔良烤鸡肉]（27.90*1）,川香脆皮翅根-1个[{""name"":""规格"",""value"":""1个""}]（6.90*1）,酸奶多多流心卷边（7英寸）（4.90*1）",双拼7寸【碳烤鸡肉培根口味7】+双拼7寸【奥尔良口味7】+酸奶多多流心卷边7,,,,非会员,56,,,依据餐量提供餐具；手机尾号：8758；接力送,,39.70,20.70,9.91,0.00,0,0,1.29,0.00,5.90,【活动支出】首次光顾立减:1.00元+【活动支出】单品特价:3.91元+【活动支出】饿了么红包:5.00元+【活动支出】替用户承担配送费:5.9元,-,-,-,0.00,杭州区域,杭州加盟,,,否,-,平台配送
圣比萨（临安店）,SBM00043,杭州,"8098380255467481361	",饿了么,平台外卖,已完成,2025-10-23 17:06:55,2025-10-23 17:06:55,2025-10-23 17:06:55,饿了么支付-在线支付,,即时单,2025-10-23 17:06:55,7.30,手动出餐,1,否,【随心❤️拼】7英寸双拼披萨（口味自选）[新奥尔良烤鸡肉+新奥尔良烤鸡肉]（27.90*1）,双拼7寸【奥尔良口味7】+双拼7寸【奥尔良口味7】,,,,非会员,57,,,1份餐具,,27.90,14.74,6.00,0.00,0,0,0.96,0.00,3.30,【活动支出】首次光顾立减:1.00元+【活动支出】饿了么红包:5.00元+【活动支出】替用户承担配送费:3.3元,-,-,-,0.00,杭州区域,杭州加盟,,,否,-,平台配送
圣比萨（临安店）,SBM00043,杭州,"8061360255468941596	",饿了么,平台外卖,已完成,2025-10-23 17:08:36,2025-10-23 17:08:36,2025-10-23 17:08:37,饿了么支付-在线支付,,即时单,2025-10-23 17:08:36,8.77,手动出餐,1,否,"【随心❤️拼】7英寸双拼披萨（口味自选）[新奥尔良烤鸡肉+碳烤鸡肉培根]（27.90*1）,奶酪芝士卷边（7英寸）（4.90*1）",双拼7寸【奥尔良口味7】+双拼7寸【碳烤鸡肉培根口味7】+奶酪芝士卷边7,,,,非会员,58,,,依据餐量提供餐具；手机尾号：8259；接力送,,32.80,18.66,6.00,0.00,0,0,1.14,0.00,5.10,【活动支出】首次光顾立减:1.00元+【活动支出】饿了么红包:5.00元+【活动支出】替用户承担配送费:5.1元,-,-,-,0.00,杭州区域,杭州加盟,,,否,-,平台配送
圣比萨（临安店）,SBM00043,杭州,"8063370255368438137	",饿了么,平台外卖,已完成,2025-10-23 17:12:13,2025-10-23 17:12:13,2025-10-23 17:12:13,饿了么支付-在线支付,,即时单,2025-10-23 17:12:13,7.27,手动出餐,1,否,"点击右上角❤️免费得小吃（限一份，多点不送）[墨鱼丸1个]（0.20*1）,【随心❤️拼】7英寸双拼披萨（口味自选）[新奥尔良烤鸡肉+碳烤鸡肉培根]（27.90*1）",深海墨鱼丸1个+双拼7寸【奥尔良口味7】+双拼7寸【碳烤鸡肉培根口味7】,,,,非会员,59,,,1份餐具；手机尾号：3292；接力送,,28.10,14.54,6.00,0.00,0,0,0.96,0.00,5.10,【活动支出】首次光顾立减:1.00元+【活动支出】饿了么红包:5.00元+【活动支出】替用户承担配送费:5.1元,-,-,-,0.00,杭州区域,杭州加盟,,,否,-,平台配送
圣比萨（临安店）,SBM00043,杭州,"8031846089347580166	",饿了么,平台外卖,已完成,2025-10-23 17:13:54,2025-10-23 17:13:54,2025-10-23 17:13:55,饿了么支付-在线支付,,即时单,2025-10-23 17:13:54,11.23,手动出餐,1,否,"咸蛋黄风味流沙卷边（7英寸）（4.90*1）,【随心❤️拼】7英寸双拼披萨（口味自选）[日系照烧鸡+缤纷水果]（27.90*1）",咸蛋黄流沙卷边7+双拼7寸【日系照烧口味7】+双拼7寸【缤纷水果口味7】,,,,非会员,60,,,依据餐量提供餐具,,32.80,19.81,5.00,0.00,0,0,1.19,0.00,3.30,【活动支出】超级会员专享红包:5.00元+【活动支出】替用户承担配送费:3.3元,-,-,-,0.00,杭州区域,杭州加盟,,,否,-,平台配送
圣比萨（临安店）,SBM00043,杭州,"8018280255475993007	",饿了么,平台外卖,已完成,2025-10-23 17:23:57,2025-10-23 17:23:57,2025-10-23 17:23:57,饿了么支付-在线支付,,即时单,2025-10-23 17:23:57,11.22,手动出餐,1,否,"奶酪芝士卷边（9英寸）（6.90*1）,新奥尔良烤鸡肉披萨-9英寸(手拍)[{""name"":""规格"",""value"":""9英寸(手拍)""}]（33.90*1）",奶酪芝士卷边9+新奥尔良烤鸡肉披萨,,,,非会员,61,,,依据餐量提供餐具,,40.80,24.32,7.00,0.00,0,0,1.48,0.00,3.90,【活动支出】店铺满减:1.00元+【活动支出】首次光顾立减:1.00元+【活动支出】饿了么红包:5.00元+【活动支出】替用户承担配送费:3.9元,-,-,-,0.00,杭州区域,杭州加盟,,,否,-,平台配送
圣比萨（临安店）,SBM00043,杭州,"8027766089392686412	",饿了么,平台外卖,已完成,2025-10-23 17:30:09,2025-10-23 17:30:09,2025-10-23 17:30:09,饿了么支付-在线支付,,即时单,2025-10-23 17:30:09,7.10,手动出餐,1,否,"点击右上角❤️免费得小吃（限一份，多点不送）[上校鸡块2个]（0.20*1）,奶酪芝士披萨-7英寸(手拍)[{""name"":""规格"",""value"":""7英寸(手拍)""}]（25.90*1）",上校鸡块2个+奶酪芝士披萨,,,,非会员,62,,,依据餐量提供餐具；手机尾号：9623；接力送,,26.10,13.54,5.00,0.00,0,0,0.96,0.00,5.90,【活动支出】饿了么红包:5.00元+【活动支出】替用户承担配送费:5.9元,-,-,-,0.00,杭州区域,杭州加盟,,,否,-,平台配送
圣比萨（临安店）,SBM00043,杭州,"8049936089389834649	",饿了么,平台外卖,已完成,2025-10-23 17:32:49,2025-10-23 17:32:49,2025-10-23 17:32:49,饿了么支付-在线支付,,即时单,2025-10-23 17:32:49,7.93,手动出餐,1,否,"蛋挞两个（5.90*1）,新奥尔良烤鸡肉披萨-7英寸(手拍)[{""name"":""规格"",""value"":""7英寸(手拍)""}]（25.90*1）",蛋挞+新奥尔良烤鸡肉披萨,,,,非会员,63,,,依据餐量提供餐具,,31.80,15.20,8.00,0.00,0,0,1.00,0.00,6.70,【活动支出】订单集点返红包:3.00元+【活动支出】饿了么红包:5.00元+【活动支出】替用户承担配送费:6.0元,-,-,-,0.00,杭州区域,杭州加盟,,,否,-,平台配送
圣比萨（临安店）,SBM00043,杭州,"8091546089362894185	",饿了么,平台外卖,已完成,2025-10-23 17:37:17,2025-10-23 17:37:17,2025-10-23 17:37:17,饿了么支付-在线支付,,即时单,2025-10-23 17:37:17,9.15,手动出餐,1,否,"点击右上角❤️免费得小吃（限一份，多点不送）[上校鸡块2个]（0.20*1）,新奥尔良烤鸡肉披萨-7英寸(手拍)[{""name"":""规格"",""value"":""7英寸(手拍)""}]（25.90*1）,酸奶多多流心卷边（7英寸）（4.90*1）",上校鸡块2个+新奥尔良烤鸡肉披萨+酸奶多多流心卷边7,,,,非会员,64,,,1份餐具；手机尾号：6853；接力送,,31.00,17.70,5.00,0.00,0,0,1.10,0.00,5.90,【活动支出】CPS商户叠加券:0.00元+【活动支出】饿了么红包:5.00元+【活动支出】淘金币:0.00元+【活动支出】替用户承担配送费:5.9元,-,-,-,0.00,杭州区域,杭州加盟,,,否,-,平台配送
圣比萨（临安店）,SBM00043,杭州,"8087420255387700619	",饿了么,平台外卖,已完成,2025-10-23 17:37:40,2025-10-23 17:37:40,2025-10-23 17:37:40,饿了么支付-在线支付,,即时单,2025-10-23 17:37:40,4.87,手动出餐,1,否,"点击右上角❤️免费得小吃（限一份，多点不送）[上校鸡块2个]（0.20*1）,️【任选】意面随心配（31.90*1）",上校鸡块2个+小可乐+上校鸡块+番茄牛肉意面,,,,非会员,65,,,1份餐具,,32.10,18.19,6.00,0.00,0,0,1.11,0.00,3.30,【活动支出】首次光顾立减:1.00元+【活动支出】饿了么红包:5.00元+【活动支出】替用户承担配送费:3.3元,-,-,-,0.00,杭州区域,杭州加盟,,,否,-,平台配送
圣比萨（临安店）,SBM00043,杭州,"8060300255577473359	",饿了么,平台外卖,已完成,2025-10-23 17:39:16,2025-10-23 17:39:16,2025-10-23 17:39:16,饿了么支付-在线支付,,即时单,2025-10-23 17:39:16,8.10,手动出餐,1,否,"缤纷水果披萨-7英寸(手拍)[{""name"":""规格"",""value"":""7英寸(手拍)""}]（25.90*1）,点击右上角❤️免费得小吃（限一份，多点不送）[墨鱼丸1个]（0.20*1）,蛋挞一个（3.90*1）",缤纷水果披萨+深海墨鱼丸1个+蛋挞1个,,,,非会员,66,,,依据餐量提供餐具,,30.00,14.93,7.91,0.00,0,0,0.96,0.00,3.30,【活动支出】首次光顾立减:1.00元+【活动支出】单品特价:1.91元+【活动支出】饿了么红包:5.00元+【活动支出】替用户承担配送费:3.3元,-,-,-,0.00,杭州区域,杭州加盟,,,否,-,平台配送
圣比萨（临安店）,SBM00043,杭州,"8097546089377287471	",饿了么,平台外卖,已完成,2025-10-23 17:42:44,2025-10-23 17:42:44,2025-10-23 17:42:44,饿了么支付-在线支付,,即时单,2025-10-23 17:42:44,8.10,手动出餐,1,否,【随心❤️拼】7英寸双拼披萨（口味自选）[新奥尔良烤鸡肉+缤纷水果]（27.90*1）,双拼7寸【奥尔良口味7】+双拼7寸【缤纷水果口味7】,,,,非会员,67,,,依据餐量提供餐具,,27.90,14.74,6.00,0.00,0,0,0.96,0.00,3.30,【活动支出】首次光顾立减:1.00元+【活动支出】饿了么红包:5.00元+【活动支出】替用户承担配送费:3.3元,-,-,-,0.00,杭州区域,杭州加盟,,,否,-,平台配送
圣比萨（临安店）,SBM00043,杭州,"8049566089382492602	",饿了么,平台外卖,已完成,2025-10-23 17:52:21,2025-10-23 17:52:21,2025-10-23 17:52:21,饿了么支付-在线支付,,即时单,2025-10-23 17:52:21,10.08,手动出餐,1,否,"【随心❤️拼】7英寸双拼披萨（口味自选）[新奥尔良烤鸡肉+浪漫威尼斯]（27.90*1）,蛋挞一个（3.90*1）",双拼7寸【奥尔良口味7】+双拼7寸【浪漫威尼斯口味7】+蛋挞1个,,,,非会员,68,,,依据餐量提供餐具,,31.80,15.89,7.91,0.00,0,0,1.00,0.00,4.50,【活动支出】首次光顾立减:1.00元+【活动支出】单品特价:1.91元+【活动支出】饿了么红包:5.00元+【活动支出】替用户承担配送费:4.5元,-,-,-,0.00,杭州区域,杭州加盟,,,否,-,平台配送
圣比萨（临安店）,SBM00043,杭州,"8015796089408783730	",饿了么,平台外卖,已完成,2025-10-23 17:56:41,2025-10-23 17:56:41,2025-10-23 17:56:41,饿了么支付-在线支付,,即时单,2025-10-23 17:56:41,11.10,手动出餐,1,否,"奶酪芝士卷边（9英寸）（6.90*1）,【随心❤️拼】9英寸双拼披萨（口味自选）[缤纷水果+碳烤鸡肉培根]（37.90*1）",奶酪芝士卷边9+双拼9寸【缤纷水果口味9】+双拼9寸【鸡肉培根口味9】,,,,非会员,69,,,依据餐量提供餐具；手机尾号：2027；接力送,,44.80,27.73,7.00,0.00,0,0,1.67,0.00,5.90,【活动支出】店铺满减:1.00元+【活动支出】首次光顾立减:1.00元+【活动支出】饿了么红包:5.00元+【活动支出】替用户承担配送费:5.9元,-,-,-,0.00,杭州区域,杭州加盟,,,否,-,平台配送
圣比萨（临安店）,SBM00043,杭州,"8049666089357857162	",饿了么,平台外卖,已完成,2025-10-23 18:07:03,2025-10-23 18:07:03,2025-10-23 18:07:04,饿了么支付-在线支付,,即时单,2025-10-23 18:07:03,12.00,自动出餐,1,否,"点击右上角❤️免费得小吃（限一份，多点不送）[上校鸡块2个]（0.20*1）,【随心❤️拼】7英寸双拼披萨（口味自选）[新奥尔良烤鸡肉+浪漫威尼斯]（27.90*1）,奶酪芝士卷边（7英寸）（4.90*1）",上校鸡块2个+双拼7寸【奥尔良口味7】+双拼7寸【浪漫威尼斯口味7】+奶酪芝士卷边7,,,,非会员,70,,,2份餐具；手机尾号：9096；接力送,,33.00,18.65,6.00,0.00,0,0,1.15,0.00,5.10,【活动支出】首次光顾立减:1.00元+【活动支出】饿了么红包:5.00元+【活动支出】替用户承担配送费:5.1元,-,-,-,0.00,杭州区域,杭州加盟,,,否,-,平台配送
圣比萨（临安店）,SBM00043,杭州,"8074050255406931269	",饿了么,平台外卖,已完成,2025-10-23 18:12:28,2025-10-23 18:12:28,2025-10-23 18:12:28,饿了么支付-在线支付,,即时单,2025-10-23 18:12:28,8.83,手动出餐,1,否,【随心❤️拼】7英寸双拼披萨（口味自选）[新奥尔良烤鸡肉+日系照烧鸡]（27.90*1）,双拼7寸【奥尔良口味7】+双拼7寸【日系照烧口味7】,,,,非会员,71,,,依据餐量提供餐具；手机尾号：1381；接力送,,27.90,14.34,6.00,0.00,0,0,0.96,0.00,5.90,【活动支出】首次光顾立减:1.00元+【活动支出】饿了么红包:5.00元+【活动支出】替用户承担配送费:5.9元,-,-,-,0.00,杭州区域,杭州加盟,,,否,-,平台配送
圣比萨（临安店）,SBM00043,杭州,"8014340255508109638	",饿了么,平台外卖,已完成,2025-10-23 18:15:24,2025-10-23 18:15:24,2025-10-23 18:15:24,饿了么支付-在线支付,,即时单,2025-10-23 18:15:24,8.33,手动出餐,1,否,"奥尔良风情烤鸡肉一人食盒子披萨（23.90*1）,点击右上角❤️免费得小吃（限一份，多点不送）[上校鸡块2个]（0.20*1）",奥尔良风情烤鸡肉一人食盒子披萨+上校鸡块2个,,,,非会员,72,,,依据餐量提供餐具；手机尾号：4149；接力送,,24.10,10.74,6.00,0.00,0,0,0.96,0.00,5.10,【活动支出】首次光顾立减:1.00元+【活动支出】饿了么红包:5.00元+【活动支出】替用户承担配送费:5.1元,-,-,-,0.00,杭州区域,杭州加盟,,,否,-,平台配送
圣比萨（临安店）,SBM00043,杭州,"8031806089394413995	",饿了么,平台外卖,已完成,2025-10-23 18:21:42,2025-10-23 18:21:42,2025-10-23 18:21:42,饿了么支付-在线支付,,即时单,2025-10-23 18:21:42,9.07,手动出餐,1,否,"咸蛋黄风味流沙卷边（7英寸）（4.90*1）,【随心❤️拼】7英寸双拼披萨（口味自选）[新奥尔良烤鸡肉+浪漫威尼斯]（27.90*1）,蛋挞一个（3.90*1）",咸蛋黄流沙卷边7+双拼7寸【奥尔良口味7】+双拼7寸【浪漫威尼斯口味7】+蛋挞1个,,,,非会员,73,,,依据餐量提供餐具,,36.70,19.35,7.91,0.00,0,0,1.24,0.00,6.70,【活动支出】首次光顾立减:1.00元+【活动支出】单品特价:1.91元+【活动支出】饿了么红包:5.00元+【活动支出】替用户承担配送费:6.0元,-,-,-,0.00,杭州区域,杭州加盟,,,否,-,平台配送
圣比萨（临安店）,SBM00043,杭州,"8051986089426870650	",饿了么,平台外卖,已完成,2025-10-23 18:24:39,2025-10-23 18:24:39,2025-10-23 18:24:39,饿了么支付-在线支付,,即时单,2025-10-23 18:24:39,9.93,手动出餐,1,否,"上校鸡块4个（5.90*1）,新奥尔良烤鸡肉披萨-9英寸(手拍)[{""name"":""规格"",""value"":""9英寸(手拍)""}]（33.90*1）,经典薯条（8.90*1）,深海墨鱼丸-3个[{""name"":""规格"",""value"":""3个""}]（5.90*2）",上校鸡块+新奥尔良烤鸡肉披萨+经典薯条+深海墨鱼丸,,,,非会员,74,,,对骑手放68号门口拍照就行 / 无需餐具,,60.50,36.32,12.00,0.00,0,0,2.18,0.00,5.10,【活动支出】店铺满减:6.00元+【活动支出】首次光顾立减:1.00元+【活动支出】饿了么红包:5.00元+【活动支出】替用户承担配送费:5.1元,-,-,-,0.00,杭州区域,杭州加盟,,,否,-,平台配送
圣比萨（临安店）,SBM00043,杭州,"8089696089410420094	",饿了么,平台外卖,已完成,2025-10-23 18:52:13,2025-10-23 18:52:13,2025-10-23 18:52:13,饿了么支付-在线支付,,即时单,2025-10-23 18:52:13,10.82,手动出餐,1,否,"【任选】披萨随心配（34.80*1）,蛋挞一个（3.90*1）",新奥尔良烤鸡肉披萨(7英寸(手拍))+经典薯条+小芬达+蛋挞1个,,,,非会员,75,,,你好我不爱喝汽水可以换成别的吗 什么都行 谢谢老板 / 依据餐量提供餐具,,38.70,21.66,7.91,0.00,0,0,1.33,0.00,5.10,【活动支出】首次光顾立减:1.00元+【活动支出】单品特价:1.91元+【活动支出】超级会员专享红包:5.00元+【活动支出】替用户承担配送费:5.1元,-,-,-,0.00,杭州区域,杭州加盟,,,否,-,平台配送
圣比萨（临安店）,SBM00043,杭州,"8086756089412939244	",饿了么,平台外卖,已完成,2025-10-23 18:54:45,2025-10-23 18:54:45,2025-10-23 18:54:46,饿了么支付-在线支付,,即时单,2025-10-23 18:54:45,10.70,手动出餐,1,否,"点击右上角❤️免费得小吃（限一份，多点不送）[上校鸡块2个]（0.20*1）,奶酪芝士披萨-9英寸(手拍)[{""name"":""规格"",""value"":""9英寸(手拍)""}]（33.90*1）,奶酪芝士卷边（9英寸）（6.90*1）,蛋挞一个（3.90*1）",上校鸡块2个+奶酪芝士披萨+奶酪芝士卷边9+蛋挞1个,,,,非会员,76,,,1份餐具,,44.90,26.41,8.91,0.00,0,0,1.58,0.00,3.30,【活动支出】店铺满减:1.00元+【活动支出】首次光顾立减:1.00元+【活动支出】单品特价:1.91元+【活动支出】饿了么红包:5.00元+【活动支出】替用户承担配送费:3.3元,-,-,-,0.00,杭州区域,杭州加盟,,,否,-,平台配送
圣比萨（临安店）,SBM00043,杭州,"8026956089439185233	",饿了么,平台外卖,已完成,2025-10-23 18:55:19,2025-10-23 18:55:19,2025-10-23 18:55:20,饿了么支付-在线支付,,即时单,2025-10-23 18:55:19,11.78,手动出餐,1,否,"新奥尔良烤鸡肉披萨-9英寸(手拍)[{""name"":""规格"",""value"":""9英寸(手拍)""}]（33.90*1）",新奥尔良烤鸡肉披萨,,,,非会员,77,,,依据餐量提供餐具；手机尾号：9173；接力送,,33.90,19.50,6.00,0.00,0,0,1.20,0.00,5.90,【活动支出】首次光顾立减:1.00元+【活动支出】饿了么红包:5.00元+【活动支出】替用户承担配送费:5.9元,-,-,-,0.00,杭州区域,杭州加盟,,,否,-,平台配送
圣比萨（临安店）,SBM00043,杭州,"8048786089414800743	",饿了么,平台外卖,已完成,2025-10-23 18:58:53,2025-10-23 18:58:53,2025-10-23 18:58:54,饿了么支付-在线支付,,即时单,2025-10-23 18:58:53,11.58,手动出餐,1,否,"【随心❤️拼】7英寸双拼披萨（口味自选）[新奥尔良烤鸡肉+缤纷水果]（27.90*1）,奶酪芝士卷边（7英寸）（4.90*1）",双拼7寸【奥尔良口味7】+双拼7寸【缤纷水果口味7】+奶酪芝士卷边7,,,,非会员,78,,,依据餐量提供餐具,用户申请取消单 其他原因，,32.80,18.86,6.00,0.00,0,0,1.14,0.00,3.30,【活动支出】首次光顾立减:1.00元+【活动支出】饿了么红包:5.00元+【活动支出】替用户承担配送费:3.3元,-,-,-,0.00,杭州区域,杭州加盟,,,否,-,平台配送
圣比萨（临安店）,SBM00043,杭州,"8086936089453865463	",饿了么,平台外卖,已完成,2025-10-23 19:17:07,2025-10-23 19:17:07,2025-10-23 19:17:08,饿了么支付-在线支付,,即时单,2025-10-23 19:17:07,8.52,手动出餐,1,否,"大圣招牌大满贯披萨-7英寸(手拍)[{""name"":""规格"",""value"":""7英寸(手拍)""}]（33.90*1）,酸奶多多流心卷边（7英寸）（4.90*1）",大圣招牌大满贯披萨+酸奶多多流心卷边7,,,,非会员,79,,,依据餐量提供餐具,,38.80,23.02,7.00,0.00,0,0,1.38,0.00,3.30,【活动支出】店铺满减:1.00元+【活动支出】首次光顾立减:1.00元+【活动支出】超级会员专享红包:5.00元+【活动支出】替用户承担配送费:3.3元,-,-,-,0.00,杭州区域,杭州加盟,,,否,-,平台配送
圣比萨（临安店）,SBM00043,杭州,"8024290255449284012	",饿了么,平台外卖,已完成,2025-10-23 19:37:50,2025-10-23 19:37:50,2025-10-23 19:37:50,饿了么支付-在线支付,,预约单,2025-10-23 20:35:00,10.08,手动出餐,1,否,"蛋挞两个（5.90*1）,点击右上角❤️免费得小吃（限一份，多点不送）[墨鱼丸1个]（0.20*1）,【任选】披萨随心配（44.70*1）,大圣拉丝芝士棒（8.90*1）,蛋挞一个（3.90*1）",蛋挞+深海墨鱼丸1个+大圣招牌大满贯披萨(7英寸(手拍))+蛋挞+小芬达+大圣拉丝芝士棒+蛋挞1个,,,,非会员,80,,,依据餐量提供餐具,,63.60,37.85,13.91,0.00,0,0,2.24,0.00,3.30,【活动支出】店铺满减:6.00元+【活动支出】首次光顾立减:1.00元+【活动支出】单品特价:1.91元+【活动支出】饿了么红包:5.00元+【活动支出】替用户承担配送费:3.3元,-,-,-,0.00,杭州区域,杭州加盟,,,否,-,平台配送
圣比萨（临安店）,SBM00043,杭州,"8024080255548389703	",饿了么,平台外卖,已完成,2025-10-23 19:42:01,2025-10-23 19:42:01,2025-10-23 19:42:01,饿了么支付-在线支付,,即时单,2025-10-23 19:42:01,11.27,手动出餐,1,否,"点击右上角❤️免费得小吃（限一份，多点不送）[墨鱼丸1个]（0.20*1）,【随心❤️拼】7英寸双拼披萨（口味自选）[浪漫威尼斯+日系照烧鸡]（27.90*1）,奶酪芝士卷边（7英寸）（4.90*1）",深海墨鱼丸1个+双拼7寸【浪漫威尼斯口味7】+双拼7寸【日系照烧口味7】+奶酪芝士卷边7,,,,非会员,81,,,"不要香菜, 不要香菜, 不要香菜
不要辣不要辣不要辣不要辣不要辣
一点辣都吃不了，千万不要放辣 / 依据餐量提供餐具",,33.00,17.70,7.00,0.00,0,0,1.10,0.00,5.90,【活动支出】下单返红包:2.00元+【活动支出】饿了么红包:5.00元+【活动支出】替用户承担配送费:5.9元,-,-,-,0.00,杭州区域,杭州加盟,,,否,-,平台配送
圣比萨（临安店）,SBM00043,杭州,"8046340255452595571	",饿了么,平台外卖,已完成,2025-10-23 19:43:12,2025-10-23 19:43:12,2025-10-23 19:43:12,饿了么支付-在线支付,,即时单,2025-10-23 19:43:12,12.17,自动出餐,1,否,"明星小食桶任选3（14.90*1）,奶酪芝士卷边（9英寸）（6.90*1）,榴莲王披萨-9英寸(手拍)[{""name"":""规格"",""value"":""9英寸(手拍)""}]（43.90*1）",深海墨鱼丸(3个)+深海墨鱼丸(3个)+上校鸡块+奶酪芝士卷边9+榴莲王披萨,,,,非会员,82,,,依据餐量提供餐具,,65.70,41.02,11.00,0.00,0,0,2.48,0.00,7.50,【活动支出】店铺满减:6.00元+【活动支出】超级会员专享红包:5.00元+【活动支出】替用户承担配送费:6.0元,-,-,-,0.00,杭州区域,杭州加盟,,,否,-,平台配送
圣比萨（临安店）,SBM00043,杭州,"8070716089424432389	",饿了么,平台外卖,已完成,2025-10-23 20:26:37,2025-10-23 20:26:37,2025-10-23 20:26:37,饿了么支付-在线支付,,即时单,2025-10-23 20:26:37,9.35,手动出餐,1,否,【随心❤️拼】7英寸双拼披萨（口味自选）[日系照烧鸡+新奥尔良烤鸡肉]（27.90*1）,双拼7寸【日系照烧口味7】+双拼7寸【奥尔良口味7】,,,,非会员,83,,,1份餐具,,27.90,14.74,6.00,0.00,0,0,0.96,0.00,3.30,【活动支出】首次光顾立减:1.00元+【活动支出】饿了么红包:5.00元+【活动支出】替用户承担配送费:3.3元,-,-,-,0.00,杭州区域,杭州加盟,,,否,-,平台配送
圣比萨（临安店）,SBM00043,杭州,"8060596089434941773	",饿了么,平台外卖,已完成,2025-10-23 20:41:42,2025-10-23 20:41:42,2025-10-23 20:41:43,饿了么支付-在线支付,,即时单,2025-10-23 20:41:42,8.22,手动出餐,1,否,"奶酪芝士披萨-9英寸(手拍)[{""name"":""规格"",""value"":""9英寸(手拍)""}]（33.90*1）",奶酪芝士披萨,,,,非会员,84,,,1份餐具,,33.90,19.70,6.00,0.00,0,0,1.20,0.00,5.10,【活动支出】首次光顾立减:1.00元+【活动支出】饿了么红包:5.00元+【活动支出】替用户承担配送费:5.1元,-,-,-,0.00,杭州区域,杭州加盟,,,否,-,平台配送
圣比萨（临安店）,SBM00043,杭州,"8084060255479132451	",饿了么,平台外卖,已完成,2025-10-23 21:06:43,2025-10-23 21:06:43,2025-10-23 21:06:43,饿了么支付-在线支付,,即时单,2025-10-23 21:06:43,10.47,手动出餐,1,否,"大圣小鸡肉串（9.90*1）,缤纷水果披萨-9英寸(手拍)[{""name"":""规格"",""value"":""9英寸(手拍)""}]（33.90*1）,红薯薯泥流心卷边（9英寸）（6.90*1）",大圣小鸡肉串（20串）+缤纷水果披萨+红薯泥流心卷边9,,,,非会员,85,,,依据餐量提供餐具,,50.70,31.95,7.00,0.00,0,0,1.95,0.00,6.50,【活动支出】店铺满减:1.00元+【活动支出】首次光顾立减:1.00元+【活动支出】超级会员专享红包:5.00元+【活动支出】替用户承担配送费:6.0元,-,-,-,0.00,杭州区域,杭州加盟,,,否,-,平台配送
圣比萨（临安店）,SBM00043,杭州,"8049886089469473137	",饿了么,平台外卖,已完成,2025-10-23 21:17:40,2025-10-23 21:17:40,2025-10-23 21:17:40,饿了么支付-在线支付,,即时单,2025-10-23 21:17:40,10.20,手动出餐,1,否,【任选】一人食盒子披萨随心配（32.80*1）,小雪碧+奥尔良风情烤鸡肉一人食盒子披萨+奥尔良烤翅,,,,非会员,86,,,依据餐量提供餐具,,32.80,18.36,6.00,0.00,0,0,1.14,0.00,5.30,【活动支出】首次光顾立减:1.00元+【活动支出】饿了么红包:5.00元+【活动支出】替用户承担配送费:5.3元,-,-,-,0.00,杭州区域,杭州加盟,,,否,-,平台配送
圣比萨（临安店）,SBM00043,杭州,"8032320255591144816	",饿了么,平台外卖,已完成,2025-10-23 21:35:35,2025-10-23 21:35:35,2025-10-23 21:35:35,饿了么支付-在线支付,,即时单,2025-10-23 21:35:35,12.17,自动出餐,1,否,"点击右上角❤️免费得小吃（限一份，多点不送）[上校鸡块2个]（0.20*1）,【随心❤️拼】12英寸双拼披萨（口味自选）[新奥尔良烤鸡肉+碳烤鸡肉培根]（57.90*1）,蛋挞一个（3.90*1）",上校鸡块2个+双拼12寸【奥尔良口味12】+双拼12寸【培根鸡肉口味12】+蛋挞1个,,,,非会员,87,,,依据餐量提供餐具,,62.00,35.83,13.91,0.00,0,0,2.16,0.00,5.30,【活动支出】店铺满减:6.00元+【活动支出】首次光顾立减:1.00元+【活动支出】单品特价:1.91元+【活动支出】饿了么红包:5.00元+【活动支出】替用户承担配送费:5.3元,-,-,-,0.00,杭州区域,杭州加盟,,,否,-,平台配送
圣比萨（临安店）,SBM00043,杭州,"8008440255586619699	",饿了么,平台外卖,已完成,2025-10-23 21:42:59,2025-10-23 21:42:59,2025-10-23 21:43:00,饿了么支付-在线支付,,即时单,2025-10-23 21:42:59,12.20,自动出餐,1,否,"【任选】披萨随心配（36.80*1）,上校鸡块4个（5.90*1）,点击右上角❤️免费得小吃（限一份，多点不送）[墨鱼丸1个]（0.20*1）,地道肠（5.90*1）,金丝鸡排（6.90*1）,深海墨鱼丸-3个[{""name"":""规格"",""value"":""3个""}]（5.90*1）",缤纷水果披萨(7英寸(手拍))+蛋挞+小可乐+上校鸡块+深海墨鱼丸1个+地道肠1根+深海墨鱼丸,,,,非会员,88,,,1份餐具,,61.60,37.26,12.00,0.00,0,0,2.24,0.00,5.30,【活动支出】店铺满减:6.00元+【活动支出】首次光顾立减:1.00元+【活动支出】饿了么红包:5.00元+【活动支出】替用户承担配送费:5.3元,-,-,-,0.00,杭州区域,杭州加盟,,,否,-,平台配送
圣比萨（临安店）,SBM00043,杭州,"8026586089482254716	",饿了么,平台外卖,已完成,2025-10-23 21:58:17,2025-10-23 21:58:17,2025-10-23 21:58:17,饿了么支付-在线支付,,即时单,2025-10-23 21:58:17,8.10,手动出餐,1,否,"点击右上角❤️免费得小吃（限一份，多点不送）[墨鱼丸1个]（0.20*1）,【任选】一人食盒子披萨随心配（29.90*1）",深海墨鱼丸1个+小芬达+奥尔良风情烤鸡肉一人食盒子披萨+蛋挞,,,,非会员,89,,,依据餐量提供餐具,,30.10,15.79,6.00,0.00,0,0,1.01,0.00,5.30,【活动支出】首次光顾立减:1.00元+【活动支出】饿了么红包:5.00元+【活动支出】替用户承担配送费:5.3元,-,-,-,0.00,杭州区域,杭州加盟,,,否,-,平台配送
圣比萨（临安店）,SBM00043,杭州,"8029826089506302214	",饿了么,平台外卖,已完成,2025-10-23 22:12:02,2025-10-23 22:12:02,2025-10-23 22:12:02,饿了么支付-在线支付,,即时单,2025-10-23 22:12:02,8.40,手动出餐,1,否,"点击右上角❤️免费得小吃（限一份，多点不送）[上校鸡块2个]（0.20*1）,新奥尔良烤鸡肉披萨-7英寸(手拍)[{""name"":""规格"",""value"":""7英寸(手拍)""}]（25.90*1）",上校鸡块2个+新奥尔良烤鸡肉披萨,,,,非会员,90,,,对骑手不要打电话拍个照放门口就行谢谢 / 依据餐量提供餐具,,26.10,12.44,6.00,0.00,0,0,0.96,0.00,5.30,【活动支出】首次光顾立减:1.00元+【活动支出】饿了么红包:5.00元+【活动支出】替用户承担配送费:5.3元,-,-,-,0.00,杭州区域,杭州加盟,,,否,-,平台配送
圣比萨（临安店）,SBM00043,杭州,"8063190255595819367	",饿了么,平台外卖,已完成,2025-10-23 22:20:38,2025-10-23 22:20:38,2025-10-23 22:20:38,饿了么支付-在线支付,,即时单,2025-10-23 22:20:38,11.93,手动出餐,1,否,"点击右上角❤️免费得小吃（限一份，多点不送）[上校鸡块2个]（0.20*1）,奥尔良烤翅（8.90*1）,榴莲王披萨-9英寸(手拍)[{""name"":""规格"",""value"":""9英寸(手拍)""}]（43.90*1）,缤纷芝士挞-菠萝味[{""name"":""规格"",""value"":""菠萝味""}]（5.90*2）",上校鸡块2个+奥尔良烤翅+榴莲王披萨+缤纷芝士挞,,,,非会员,91,,,依据餐量提供餐具,,64.80,40.56,11.00,0.00,0,0,2.44,0.00,6.50,【活动支出】店铺满减:6.00元+【活动支出】CPS商户叠加券:0.00元+【活动支出】饿了么红包:5.00元+【活动支出】淘金币:0.00元+【活动支出】替用户承担配送费:6.0元,-,-,-,0.00,杭州区域,杭州加盟,,,否,-,平台配送
圣比萨（临安店）,SBM00043,杭州,"8080300255694809417	",饿了么,平台外卖,已完成,2025-10-23 22:46:08,2025-10-23 22:46:08,2025-10-23 22:46:08,饿了么支付-在线支付,,即时单,2025-10-23 22:46:08,10.08,手动出餐,1,否,"点击右上角❤️免费得小吃（限一份，多点不送）[上校鸡块2个]（0.20*1）,【随心❤️拼】7英寸双拼披萨（口味自选）[碳烤鸡肉培根+新奥尔良烤鸡肉]（27.90*1）,蛋挞一个（3.90*1）",上校鸡块2个+双拼7寸【碳烤鸡肉培根口味7】+双拼7寸【奥尔良口味7】+蛋挞1个,,,,非会员,92,,,对商家第一次点，好吃好评！ / 依据餐量提供餐具,,32.00,15.78,7.91,0.00,0,0,1.01,0.00,5.30,【活动支出】首次光顾立减:1.00元+【活动支出】单品特价:1.91元+【活动支出】饿了么红包:5.00元+【活动支出】替用户承担配送费:5.3元,-,-,-,0.00,杭州区域,杭州加盟,,,否,-,平台配送
圣比萨（临安店）,SBM00043,杭州,"8006806089518299613	",饿了么,平台外卖,已完成,2025-10-23 23:09:00,2025-10-23 23:09:00,2025-10-23 23:09:00,饿了么支付-在线支付,,即时单,2025-10-23 23:09:00,7.02,手动出餐,1,否,"新奥尔良烤鸡肉披萨-7英寸(手拍)[{""name"":""规格"",""value"":""7英寸(手拍)""}]（25.90*1）",新奥尔良烤鸡肉披萨,,,,非会员,93,,,不要敲门 / 依据餐量提供餐具,,25.90,12.24,6.00,0.00,0,0,0.96,0.00,5.90,【活动支出】首次光顾立减:1.00元+【活动支出】饿了么红包:5.00元+【活动支出】替用户承担配送费:5.9元,-,-,-,0.00,杭州区域,杭州加盟,,,否,-,平台配送
圣比萨（临安店）,SBM00043,杭州,"8049666089517314448	",饿了么,平台外卖,已完成,2025-10-23 23:27:31,2025-10-23 23:27:31,2025-10-23 23:27:32,饿了么支付-在线支付,,即时单,2025-10-23 23:27:31,8.13,手动出餐,1,否,【随心❤️拼】7英寸双拼披萨（口味自选）[日系照烧鸡+浪漫威尼斯]（27.90*1）,双拼7寸【日系照烧口味7】+双拼7寸【浪漫威尼斯口味7】,,,,非会员,94,,,依据餐量提供餐具,,27.90,14.24,6.00,0.00,0,0,0.96,0.00,5.90,【活动支出】首次光顾立减:1.00元+【活动支出】饿了么红包:5.00元+【活动支出】替用户承担配送费:5.9元,-,-,-,0.00,杭州区域,杭州加盟,,,否,-,平台配送
圣比萨（临安店）,SBM00043,杭州,"8078160255616200982	",饿了么,平台外卖,已完成,2025-10-23 23:39:58,2025-10-23 23:39:58,2025-10-23 23:39:58,饿了么支付-在线支付,,即时单,2025-10-23 23:39:58,7.58,手动出餐,1,否,"新奥尔良烤鸡肉披萨-7英寸(手拍)[{""name"":""规格"",""value"":""7英寸(手拍)""}]（25.90*1）",新奥尔良烤鸡肉披萨,,,,非会员,95,,,依据餐量提供餐具,,25.90,13.24,5.00,0.00,0,0,0.96,0.00,5.30,【活动支出】饿了么红包:5.00元+【活动支出】替用户承担配送费:5.3元,-,-,-,0.00,杭州区域,杭州加盟,,,否,-,平台配送
圣比萨（临安店）,SBM00043,杭州,"8041430255701758320	",饿了么,平台外卖,已完成,2025-10-23 23:40:42,2025-10-23 23:40:42,2025-10-23 23:40:43,饿了么支付-在线支付,,即时单,2025-10-23 23:40:42,9.50,手动出餐,1,否,【任选】披萨意面我全都要（61.90*1）,新奥尔良烤鸡肉披萨(7英寸(手拍))+招牌肉酱意面+小芬达+小可乐+地道肠1根+蛋挞+上校鸡块,,,,非会员,96,,,依据餐量提供餐具,,61.90,37.55,12.00,0.00,0,0,2.25,0.00,5.30,【活动支出】店铺满减:6.00元+【活动支出】首次光顾立减:1.00元+【活动支出】饿了么红包:5.00元+【活动支出】替用户承担配送费:5.3元,-,-,-,0.00,杭州区域,杭州加盟,,,否,-,平台配送
圣比萨（临安店）,SBM00043,杭州,"8058180255701924183	",饿了么,平台外卖,已完成,2025-10-23 23:57:05,2025-10-23 23:57:05,2025-10-23 23:57:05,饿了么支付-在线支付,,即时单,2025-10-23 23:57:05,10.40,手动出餐,1,否,"【随心❤️拼】7英寸双拼披萨（口味自选）[缤纷水果+新奥尔良烤鸡肉]（27.90*1）,红薯薯泥流心卷边（7英寸）（4.90*1）,蛋挞一个（3.90*1）",双拼7寸【缤纷水果口味7】+双拼7寸【奥尔良口味7】+红薯泥流心卷边7+蛋挞1个,,,,非会员,97,,,"对骑手, 放门口不用打电话 / 依据餐量提供餐具",,36.70,19.65,7.91,0.00,0,0,1.24,0.00,5.30,【活动支出】首次光顾立减:1.00元+【活动支出】单品特价:1.91元+【活动支出】饿了么红包:5.00元+【活动支出】替用户承担配送费:5.3元,-,-,-,0.00,杭州区域,杭州加盟,,,否,-,平台配送
圣比萨（义乌佛堂店）,SBM00007,金华,"8029586089082384819	",饿了么,平台外卖,已完成,2025-10-22 22:54:21,2025-10-22 22:54:21,2025-10-22 22:54:21,饿了么支付-在线支付,,预约单,2025-10-23 11:30:00,710.82,自动出餐,1,否,"【随心双拼】双拼一人食盒子披萨[浓情芝士+韩式咔滋炸鸡]（26.90*1）,餐盒（2.00*1）",双拼一人食盒子披萨【浓情芝士】+双拼一人食盒子披萨【韩式咔滋炸鸡】,,,,非会员,1,,,依据餐量提供餐具,,26.90,9.86,10.40,0.00,0,0,1.04,0.00,3.70,【活动支出】单品特价:3.40元+【活动支出】饿了么红包:7.00元+【活动支出】替用户承担配送费:3.7元,-,-,-,2.00,金华地区,金华加盟,,,否,-,平台配送
圣比萨（义乌佛堂店）,SBM00007,金华,"8096480255099738532	",饿了么,平台外卖,已完成,2025-10-22 23:04:39,2025-10-22 23:04:39,2025-10-22 23:04:39,饿了么支付-在线支付,,预约单,2025-10-23 11:10:00,680.40,自动出餐,1,否,"【随心双拼】双拼一人食盒子披萨[日式烧鸟风味+东大风味香肠]（26.90*1）,餐盒（2.00*1）",双拼一人食盒子披萨【日式烧鸟风味】+双拼一人食盒子披萨【东大风味香肠】,,,,非会员,2,,,依据餐量提供餐具,,26.90,7.86,12.40,0.00,0,0,1.04,0.00,3.70,【活动支出】单品特价:3.40元+【活动支出】粉丝群:2.00元+【活动支出】饿了么红包:7.00元+【活动支出】替用户承担配送费:3.7元,-,-,-,2.00,金华地区,金华加盟,,,否,-,平台配送
圣比萨（义乌佛堂店）,SBM00007,金华,"8046556089076680141	",饿了么,平台外卖,已完成,2025-10-23 00:57:52,2025-10-23 00:57:52,2025-10-23 00:57:52,饿了么支付-在线支付,,预约单,2025-10-23 11:05:00,562.20,自动出餐,1,否,"【随心三拼】三重奏一人食盒子披萨[韩式咔滋炸鸡+北美乡村土豆培根+热带雨林水果]（29.90*1）,餐盒（2.00*1）",三拼一人食拼【韩式咔滋炸鸡】+三拼一人食拼【北美乡村土豆培根】+三拼一人食拼【热带雨林水果】,,,,非会员,3,,,依据餐量提供餐具,,29.90,9.86,13.40,0.00,0,0,1.04,0.00,3.70,【活动支出】单品特价:4.40元+【活动支出】粉丝群:2.00元+【活动支出】饿了么红包:7.00元+【活动支出】替用户承担配送费:3.7元,-,-,-,2.00,金华地区,金华加盟,,,否,-,平台配送
圣比萨（义乌佛堂店）,SBM00007,金华,"8071916089126962652	",饿了么,平台外卖,已完成,2025-10-23 09:03:20,2025-10-23 09:03:20,2025-10-23 09:03:20,饿了么支付-在线支付,,预约单,2025-10-23 11:10:00,81.87,自动出餐,1,否,"【任选1+1+1】一人食光披萨套餐（28.90*1）,餐盒（2.00*1）",盐酥鸡米花小份+可乐+奥尔良风情烤鸡肉一人食盒子披萨,,,,非会员,4,,,1份餐具,,28.90,13.84,9.00,0.00,0,0,1.06,0.00,3.70,【活动支出】单品特价:2.00元+【活动支出】粉丝群:2.00元+【活动支出】饿了么红包:5.00元+【活动支出】替用户承担配送费:3.7元,-,-,-,2.00,金华地区,金华加盟,,,否,-,平台配送
圣比萨（义乌佛堂店）,SBM00007,金华,"8095976089138901285	",饿了么,平台外卖,已完成,2025-10-23 09:55:39,2025-10-23 09:55:39,2025-10-23 09:55:39,饿了么支付-在线支付,,预约单,2025-10-23 10:50:00,9.58,自动出餐,1,否,"【任选1+1+1】一人食光披萨套餐（28.90*1）,餐盒（2.00*1）",黄金脆粗薯条小份+可乐+奥尔良风情烤鸡肉一人食盒子披萨,,,,非会员,5,,,依据餐量提供餐具,,28.90,13.84,9.00,0.00,0,0,1.06,0.00,3.70,【活动支出】单品特价:2.00元+【活动支出】饿了么红包:7.00元+【活动支出】替用户承担配送费:3.7元,-,-,-,2.00,金华地区,金华加盟,,,否,-,平台配送
圣比萨（义乌佛堂店）,SBM00007,金华,"8082180255154892089	",饿了么,平台外卖,已完成,2025-10-23 10:12:24,2025-10-23 10:12:24,2025-10-23 10:12:25,饿了么支付-在线支付,,即时单,2025-10-23 10:12:24,9.23,自动出餐,1,否,"【任选1+2+1】一人食光土豪披萨套餐（30.90*1）,酥皮蛋挞1个（7.00*1）,酥皮蛋挞1个（7.00*1）,餐盒（3.00*1）",黄金脆粗薯条小份+上校鸡块+奥尔良风情烤鸡肉一人食盒子披萨+小雪碧+蛋挞1个+蛋挞1个,,,,非会员,6,,,依据餐量提供餐具,,44.90,17.32,20.30,0.00,0,0,1.38,0.00,3.70,【活动支出】单品特价:0.40元+【活动支出】单品特价:6.90元+【活动支出】饿了么红包:7.00元+【活动支出】精准营销:6.00元+【活动支出】替用户承担配送费:3.7元,-,-,-,3.00,金华地区,金华加盟,,,否,-,平台配送
圣比萨（义乌佛堂店）,SBM00007,金华,"8090040255256485295	",饿了么,平台外卖,已完成,2025-10-23 10:16:39,2025-10-23 10:16:39,2025-10-23 10:16:40,饿了么支付-在线支付,,即时单,2025-10-23 10:16:39,9.20,自动出餐,1,否,"热带雨林水果一人食盒子披萨（26.90*1）,酥皮蛋挞1个（7.00*1）,餐盒（1.50*1）",热带雨林水果一人食盒子披萨+蛋挞1个,,,,非会员,7,,,放门卫/ 依据餐量提供餐具,,33.90,10.06,18.30,0.00,0,0,1.04,0.00,2.70,【活动支出】单品特价:4.40元+【活动支出】单品特价:6.90元+【活动支出】饿了么红包:7.00元+【活动支出】替用户承担配送费:2.7元,-,-,-,1.50,金华地区,金华加盟,,,否,-,平台配送
圣比萨（义乌佛堂店）,SBM00007,金华,"8049776089115743698	",饿了么,平台外卖,已完成,2025-10-23 10:21:06,2025-10-23 10:21:06,2025-10-23 10:21:06,饿了么支付-在线支付,,即时单,2025-10-23 10:21:06,9.10,自动出餐,1,否,"奥尔良风情烤鸡肉一人食盒子披萨（26.90*1）,酥皮蛋挞1个（7.00*1）,餐盒（1.50*1）",奥尔良风情烤鸡肉一人食盒子披萨+蛋挞1个,,,,非会员,8,,,放门卫 / 依据餐量提供餐具,,33.90,10.06,18.30,0.00,0,0,1.04,0.00,2.70,【活动支出】单品特价:4.40元+【活动支出】单品特价:6.90元+【活动支出】饿了么红包:7.00元+【活动支出】替用户承担配送费:2.7元,-,-,-,1.50,金华地区,金华加盟,,,否,-,平台配送
圣比萨（义乌佛堂店）,SBM00007,金华,"8014210255270295923	",饿了么,平台外卖,已完成,2025-10-23 10:34:05,2025-10-23 10:34:05,2025-10-23 10:34:06,饿了么支付-在线支付,,即时单,2025-10-23 10:34:05,9.23,自动出餐,1,否,"【随心双拼】双拼一人食盒子披萨[奥尔良风情+浓情芝士]（26.90*1）,餐盒（2.00*1）",双拼一人食盒子披萨【奥尔良风情烤鸡肉】+双拼一人食盒子披萨【浓情芝士】,,,,非会员,9,,,依据餐量提供餐具,,26.90,9.96,12.40,0.00,0,0,1.04,0.00,2.20,【活动支出】单品特价:3.40元+【活动支出】粉丝群:2.00元+【活动支出】饿了么红包:7.00元+【活动支出】替用户承担配送费:2.2元,-,-,-,2.00,金华地区,金华加盟,,,否,-,平台配送
圣比萨（义乌佛堂店）,SBM00007,金华,"8012506089162423646	",饿了么,平台外卖,已完成,2025-10-23 10:40:59,2025-10-23 10:40:59,2025-10-23 10:40:59,饿了么支付-在线支付,,即时单,2025-10-23 10:40:59,9.02,自动出餐,1,否,"【任选1+1+1】一人食光披萨套餐（28.90*1）,餐盒（2.00*1）",盐酥鸡米花小份+可乐+日式烧鸟风味一人食盒子披萨,,,,非会员,10,,,依据餐量提供餐具,,28.90,13.81,8.40,0.00,0,0,1.09,0.00,3.70,【活动支出】单品特价:1.40元+【活动支出】饿了么红包:7.00元+【活动支出】替用户承担配送费:3.7元,-,-,-,2.00,金华地区,金华加盟,,,否,-,平台配送
圣比萨（义乌佛堂店）,SBM00007,金华,"8015536089159673240	",饿了么,平台外卖,已完成,2025-10-23 10:40:59,2025-10-23 10:40:59,2025-10-23 10:41:00,饿了么支付-在线支付,,即时单,2025-10-23 10:40:59,9.20,自动出餐,1,否,"盐酥鸡米花小份（7.00*1）,【任选1+1】手握披萨AND意面（39.90*1）,餐盒（2.00*1）",盐酥鸡米花小份+意式经典肉酱意面+韩式咔滋炸鸡一人食盒子披萨,,,,非会员,11,,,依据餐量提供餐具,,46.90,23.48,13.40,0.00,0,0,1.82,0.00,3.20,【活动支出】店铺满减:1.00元+【活动支出】单品特价:4.40元+【活动支出】 商家自营销加码:0.00元+【活动支出】饿了么红包:8.00元+【活动支出】替用户承担配送费:3.2元,-,-,-,2.00,金华地区,金华加盟,,,否,-,平台配送
圣比萨（义乌佛堂店）,SBM00007,金华,"8014440255374475563	",饿了么,平台外卖,已完成,2025-10-23 10:49:45,2025-10-23 10:49:45,2025-10-23 10:49:45,饿了么支付-在线支付,,即时单,2025-10-23 10:49:45,9.10,自动出餐,1,否,"【任选1+2+1】一人食光土豪披萨套餐（32.90*1）,餐盒（2.00*1）",盐酥鸡米花小份+上校鸡块+韩式咔滋炸鸡一人食盒子披萨+小雪碧,,,,非会员,12,,,依据餐量提供餐具,,32.90,17.23,7.40,0.00,0,0,1.37,0.00,3.20,【活动支出】单品特价:0.40元+【活动支出】超级会员专享红包:5.00元+【活动支出】 商家自营销加码:2.00元+【活动支出】替用户承担配送费:3.2元,-,-,-,2.00,金华地区,金华加盟,,,否,-,平台配送
圣比萨（义乌佛堂店）,SBM00007,金华,"8012490255278851335	",饿了么,平台外卖,已完成,2025-10-23 10:51:09,2025-10-23 10:51:09,2025-10-23 10:51:09,饿了么支付-在线支付,,即时单,2025-10-23 10:51:09,9.12,自动出餐,1,否,"点击右上角❤️收藏得小吃[锅巴土豆4颗]（7.00*1）,黑椒铁板牛柳意面（29.50*1）,餐盒（1.50*1）",锅巴土豆4颗+黑椒铁板牛柳意面,,,,非会员,13,,,依据餐量提供餐具,,36.50,11.46,17.90,0.00,0,0,1.04,0.00,3.70,【活动支出】单品特价:6.90元+【活动支出】单品特价:4.00元+【活动支出】饿了么红包:7.00元+【活动支出】替用户承担配送费:3.7元,-,-,-,1.50,金华地区,金华加盟,,,否,-,平台配送
圣比萨（义乌佛堂店）,SBM00007,金华,"8037666089211900266	",饿了么,平台外卖,已完成,2025-10-23 11:07:57,2025-10-23 11:07:57,2025-10-23 11:07:57,饿了么支付-在线支付,,预约单,2025-10-23 12:45:00,52.07,自动出餐,1,否,"【随心双拼】双拼一人食盒子披萨[奥尔良风情+韩式咔滋炸鸡]（26.90*1）,餐盒（2.00*1）",双拼一人食盒子披萨【奥尔良风情烤鸡肉】+双拼一人食盒子披萨【韩式咔滋炸鸡】,,,,非会员,14,,,1份餐具,,26.90,7.86,12.40,0.00,0,0,1.04,0.00,3.70,【活动支出】单品特价:3.40元+【活动支出】粉丝群:2.00元+【活动支出】饿了么红包:7.00元+【活动支出】替用户承担配送费:3.7元,-,-,-,2.00,金华地区,金华加盟,,,否,-,平台配送
圣比萨（义乌佛堂店）,SBM00007,金华,"8038220255294527837	",饿了么,平台外卖,已完成,2025-10-23 11:13:11,2025-10-23 11:13:11,2025-10-23 11:13:12,饿了么支付-在线支付,,即时单,2025-10-23 11:13:11,10.07,自动出餐,1,否,"奥尔良风情烤鸡肉一人食盒子披萨（26.90*1）,酥皮蛋挞1个（7.00*1）,餐盒（1.50*1）",奥尔良风情烤鸡肉一人食盒子披萨+蛋挞1个,,,,非会员,15,,,依据餐量提供餐具,,33.90,8.46,18.30,0.00,0,0,1.04,0.00,3.70,【活动支出】单品特价:4.40元+【活动支出】单品特价:6.90元+【活动支出】 商家自营销加码:2.00元+【活动支出】饿了么红包:5.00元+【活动支出】替用户承担配送费:3.7元,-,-,-,1.50,金华地区,金华加盟,,,否,-,平台配送
圣比萨（义乌佛堂店）,SBM00007,金华,"8005706089237571042	",饿了么,平台外卖,已完成,2025-10-23 11:54:55,2025-10-23 11:54:55,2025-10-23 11:54:55,饿了么支付-在线支付,,即时单,2025-10-23 11:54:55,10.12,自动出餐,1,否,"【任选1+3】手握披萨随心配（31.90*1）,餐盒（2.00*1）",黄金脆粗薯条小份+美式黑椒鸡块3只+深海墨鱼丸3个+奥尔良风情烤鸡肉一人食盒子披萨,,,,非会员,16,,,依据餐量提供餐具,,31.90,13.45,10.40,0.00,0,0,1.15,0.00,3.70,【活动支出】单品特价:1.40元+【活动支出】粉丝群:2.00元+【活动支出】饿了么红包:7.00元+【活动支出】替用户承担配送费:3.7元,-,-,-,2.00,金华地区,金华加盟,,,否,-,平台配送
圣比萨（义乌佛堂店）,SBM00007,金华,"8005040255447973147	",饿了么,平台外卖,已完成,2025-10-23 12:09:43,2025-10-23 12:09:43,2025-10-23 12:09:44,饿了么支付-在线支付,,即时单,2025-10-23 12:09:43,10.12,自动出餐,1,否,"点击右上角❤️收藏得小吃[锅巴土豆4颗]（7.00*1）,【任选1+2+1】一人食光土豪披萨套餐（30.90*1）,酥皮蛋挞1个（7.00*1）,【任选1+2+1】一人食光土豪披萨套餐（30.90*1）,餐盒（5.00*1）",锅巴土豆4颗+锅巴土豆+深海墨鱼丸3个+日式烧鸟风味一人食盒子披萨+小雪碧+蛋挞1个+上校鸡块+深海墨鱼丸3个+奥尔良风情烤鸡肉一人食盒子披萨+可乐,,,,非会员,17,,,依据餐量提供餐具,,75.80,35.72,32.60,0.00,0,0,2.58,0.00,2.20,【活动支出】店铺满减:6.00元+【活动支出】单品特价:6.90元+【活动支出】单品特价:0.80元+【活动支出】单品特价:6.90元+【活动支出】饿了么红包:12.00元+【活动支出】替用户承担配送费:2.2元,-,-,-,5.00,金华地区,金华加盟,,,否,-,平台配送
圣比萨（义乌佛堂店）,SBM00007,金华,"8089440255287992820	",饿了么,平台外卖,已完成,2025-10-23 13:08:13,2025-10-23 13:08:13,2025-10-23 13:08:13,饿了么支付-在线支付,,即时单,2025-10-23 13:08:13,10.02,自动出餐,1,否,"GO真果榴莲王披萨（44.90*1）,餐盒（1.00*1）",GO真果榴莲王披萨,,,,非会员,18,,,2份餐具,,44.90,23.06,14.40,0.00,0,0,1.64,0.00,2.20,【活动支出】店铺满减:1.00元+【活动支出】单品特价:4.40元+【活动支出】饿了么红包:9.00元+【活动支出】替用户承担配送费:2.2元,-,-,-,1.00,金华地区,金华加盟,,,否,-,平台配送
圣比萨（义乌佛堂店）,SBM00007,金华,"8056756089274752474	",饿了么,平台外卖,已完成,2025-10-23 13:31:26,2025-10-23 13:31:26,2025-10-23 13:31:26,饿了么支付-在线支付,,即时单,2025-10-23 13:31:26,9.08,自动出餐,1,否,"奥尔良风情烤鸡肉一人食盒子披萨（26.90*1）,餐盒（1.00*1）",奥尔良风情烤鸡肉一人食盒子披萨,,,,非会员,19,,,1份餐具,,26.90,7.86,11.40,0.00,0,0,1.04,0.00,3.20,【活动支出】单品特价:4.40元+【活动支出】 商家自营销加码:2.00元+【活动支出】饿了么红包:5.00元+【活动支出】替用户承担配送费:3.2元,-,-,-,1.00,金华地区,金华加盟,,,否,-,平台配送
圣比萨（义乌佛堂店）,SBM00007,金华,"8084886089307564331	",饿了么,平台外卖,已完成,2025-10-23 13:40:05,2025-10-23 13:40:05,2025-10-23 13:40:05,饿了么支付-在线支付,,即时单,2025-10-23 13:40:05,9.20,自动出餐,1,否,"【任选1+1】手握披萨AND意面（39.90*1）,酥皮蛋挞1个（7.00*1）,餐盒（2.50*1）",番茄阳光牛肉意面+奥尔良风情烤鸡肉一人食盒子披萨+蛋挞1个,,,,非会员,20,,,放一单元一楼楼梯上就行，门没开就是右边这个，这有俩一单元 / 依据餐量提供餐具,,46.90,21.27,19.30,0.00,0,0,1.53,0.00,2.70,【活动支出】店铺满减:1.00元+【活动支出】单品特价:4.40元+【活动支出】单品特价:6.90元+【活动支出】饿了么红包:7.00元+【活动支出】替用户承担配送费:2.7元,-,-,-,2.50,金华地区,金华加盟,,,否,-,平台配送
圣比萨（义乌佛堂店）,SBM00007,金华,"8015756089313066371	",饿了么,平台外卖,已完成,2025-10-23 13:48:25,2025-10-23 13:48:25,2025-10-23 13:48:25,饿了么支付-在线支付,,即时单,2025-10-23 13:48:25,9.23,自动出餐,1,否,"【任选3件套】小吃随心配（23.90*1）,酥皮蛋挞1个（7.00*1）,酥皮蛋挞1个（7.00*1）,餐盒（3.00*1）",黄金脆粗薯条小份+盐酥鸡米花小份+美式风情烤翅(1对)+蛋挞1个+蛋挞1个,,,,非会员,21,,,依据餐量提供餐具,,37.90,6.26,23.30,0.00,0,0,1.04,0.00,5.50,【活动支出】单品特价:1.40元+【活动支出】单品特价:6.90元+【活动支出】粉丝群:2.00元+【活动支出】饿了么红包:7.00元+【活动支出】精准营销:6.00元+【活动支出】替用户承担配送费:5.5元,-,-,-,3.00,金华地区,金华加盟,,,否,-,平台配送
圣比萨（义乌佛堂店）,SBM00007,金华,"8029220255310933413	",饿了么,平台外卖,已完成,2025-10-23 14:02:27,2025-10-23 14:02:27,2025-10-23 14:02:27,饿了么支付-在线支付,,即时单,2025-10-23 14:02:27,9.10,自动出餐,1,否,"【随心双拼】双拼一人食盒子披萨[韩式咔滋炸鸡+浓情芝士]（26.90*1）,酥皮蛋挞1个（7.00*1）,餐盒（2.50*1）",双拼一人食盒子披萨【韩式咔滋炸鸡】+双拼一人食盒子披萨【浓情芝士】+蛋挞1个,,,,非会员,22,,,依据餐量提供餐具,,33.90,12.56,17.30,0.00,0,0,1.04,0.00,2.20,【活动支出】单品特价:3.40元+【活动支出】单品特价:6.90元+【活动支出】饿了么红包:7.00元+【活动支出】淘金币:0.00元+【活动支出】替用户承担配送费:2.2元,-,-,-,2.50,金华地区,金华加盟,,,否,-,平台配送
圣比萨（义乌佛堂店）,SBM00007,金华,"8000300255502367189	",饿了么,平台外卖,已完成,2025-10-23 14:11:13,2025-10-23 14:11:13,2025-10-23 14:11:13,饿了么支付-在线支付,,即时单,2025-10-23 14:11:13,9.03,自动出餐,1,否,"【任选1+1+1】一人食光披萨套餐（28.90*1）,餐盒（2.00*1）",盐酥鸡米花小份+可乐+奥尔良风情烤鸡肉一人食盒子披萨,,,,非会员,23,,,1份餐具,,28.90,9.16,10.40,0.00,0,0,1.04,0.00,5.50,【活动支出】单品特价:1.40元+【活动支出】粉丝群:2.00元+【活动支出】饿了么红包:7.00元+【活动支出】替用户承担配送费:5.5元,-,-,-,2.00,金华地区,金华加盟,,,否,-,平台配送
圣比萨（义乌佛堂店）,SBM00007,金华,"8026480255313917266	",饿了么,平台外卖,已完成,2025-10-23 14:21:46,2025-10-23 14:21:46,2025-10-23 14:21:46,饿了么支付-在线支付,,即时单,2025-10-23 14:21:46,9.00,自动出餐,1,否,"点击右上角❤️收藏得小吃[锅巴土豆4颗]（7.00*1）,【任选1+2+1】一人食光土豪披萨套餐（35.90*1）,酥皮蛋挞1个（7.00*1）,餐盒（3.00*1）",锅巴土豆4颗+黄金脆粗薯条小份+盐酥鸡米花小份+榴莲多多一人食盒子披萨+可乐+蛋挞1个,,,,非会员,24,,,辣椒粉！！！ / 无需餐具,,49.90,19.30,23.20,0.00,0,0,1.50,0.00,3.20,【活动支出】单品特价:6.90元+【活动支出】店铺满减:1.00元+【活动支出】单品特价:0.40元+【活动支出】单品特价:6.90元+【活动支出】 商家自营销加码:0.00元+【活动支出】饿了么红包:8.00元+【活动支出】替用户承担配送费:3.2元,-,-,-,3.00,金华地区,金华加盟,,,否,-,平台配送
圣比萨（义乌佛堂店）,SBM00007,金华,"8027966089309713816	",饿了么,平台外卖,已完成,2025-10-23 14:26:16,2025-10-23 14:26:16,2025-10-23 14:26:16,饿了么支付-在线支付,,即时单,2025-10-23 14:26:16,9.05,自动出餐,1,否,"【任选1+3】手握披萨随心配（31.90*1）,餐盒（2.00*1）",蛋挞1个+黄金脆粗薯条小份+美式黑椒鸡块3只+奥尔良风情烤鸡肉一人食盒子披萨,,,,非会员,25,,,依据餐量提供餐具,,31.90,13.45,10.40,0.00,0,0,1.15,0.00,3.20,【活动支出】单品特价:1.40元+【活动支出】粉丝群:2.00元+【活动支出】饿了么红包:7.00元+【活动支出】替用户承担配送费:3.2元,-,-,-,2.00,金华地区,金华加盟,,,否,-,平台配送
圣比萨（义乌佛堂店）,SBM00007,金华,"8048100255422284032	",饿了么,平台外卖,已完成,2025-10-23 14:51:02,2025-10-23 14:51:02,2025-10-23 14:51:02,饿了么支付-在线支付,,即时单,2025-10-23 14:51:02,9.03,自动出餐,1,否,"【随心双拼】双拼一人食盒子披萨[日式烧鸟风味+奥尔良风情]（26.90*1）,餐盒（2.00*1）",双拼一人食盒子披萨【日式烧鸟风味】+双拼一人食盒子披萨【奥尔良风情烤鸡肉】,,,,非会员,26,,,依据餐量提供餐具,,26.90,11.96,10.40,0.00,0,0,1.04,0.00,2.20,【活动支出】单品特价:3.40元+【活动支出】饿了么红包:7.00元+【活动支出】替用户承担配送费:2.2元,-,-,-,2.00,金华地区,金华加盟,,,否,-,平台配送
圣比萨（义乌佛堂店）,SBM00007,金华,"8052836089342060875	",饿了么,平台外卖,已退款,2025-10-23 15:25:47,2025-10-23 15:25:47,2025-10-23 15:25:47,饿了么支付-在线支付,,即时单,2025-10-23 15:25:47,9.03,自动出餐,1,否,"【随心三拼】三重奏一人食盒子披萨[奥尔良风情+浓情芝士+日式烧鸟风味]（29.90*1）,餐盒（2.00*1）",三拼一人食拼【奥尔良风情】+三拼一人食拼【浓情芝士】+三拼一人食拼【日式烧鸟风味】,,,,非会员,27,,,依据餐量提供餐具,订单强制无效（商家主动取消已接订单、用户1分钟内取消),29.90,-11.09,13.40,17.20,0,0,1.04,0.00,9.70,【活动支出】单品特价:4.40元+【活动支出】粉丝群:2.00元+【活动支出】饿了么红包:7.00元+【活动支出】替用户承担配送费:6.0元,-,-,-,2.00,金华地区,金华加盟,,,否,-,平台配送
圣比萨（义乌佛堂店）,SBM00007,金华,"8068330255333264835	",饿了么,平台外卖,已退款,2025-10-23 15:30:28,2025-10-23 15:30:28,2025-10-23 15:30:28,饿了么支付-在线支付,,即时单,2025-10-23 15:30:28,,未出餐,1,否,"奥尔良风情烤鸡肉一人食盒子披萨（26.90*1）,餐盒（1.00*1）",奥尔良风情烤鸡肉一人食盒子披萨,,,,非会员,28,,,依据餐量提供餐具,订单强制无效（商家主动取消已接订单、用户1分钟内取消),26.90,-4.64,10.40,13.50,0,0,1.04,0.00,3.20,【活动支出】单品特价:4.40元+【活动支出】 商家自营销加码:2.00元+【活动支出】饿了么红包:4.00元+【活动支出】替用户承担配送费:3.2元,-,-,-,1.00,金华地区,金华加盟,,,否,-,平台配送
圣比萨（义乌佛堂店）,SBM00007,金华,"8068330255433948491	",饿了么,平台外卖,已完成,2025-10-23 15:31:29,2025-10-23 15:31:29,2025-10-23 15:31:29,饿了么支付-在线支付,,预约单,2025-10-23 16:30:00,13.73,自动出餐,1,否,"奥尔良风情烤鸡肉一人食盒子披萨（26.90*1）,餐盒（1.00*1）",奥尔良风情烤鸡肉一人食盒子披萨,,,,非会员,29,,,依据餐量提供餐具,,26.90,8.86,10.40,0.00,0,0,1.04,0.00,3.20,【活动支出】单品特价:4.40元+【活动支出】 商家自营销加码:2.00元+【活动支出】饿了么红包:4.00元+【活动支出】替用户承担配送费:3.2元,-,-,-,1.00,金华地区,金华加盟,,,否,-,平台配送
圣比萨（义乌佛堂店）,SBM00007,金华,"8026956089346866435	",饿了么,平台外卖,已完成,2025-10-23 15:53:45,2025-10-23 15:53:45,2025-10-23 15:53:45,饿了么支付-在线支付,,预约单,2025-10-23 18:25:00,106.47,自动出餐,1,否,"【任选1+1】手握披萨AND意面（39.90*1）,餐盒（2.00*1）",番茄阳光牛肉意面+奥尔良风情烤鸡肉一人食盒子披萨,,,,非会员,30,,,1份餐具,,39.90,19.12,12.40,0.00,0,0,1.48,0.00,3.70,【活动支出】单品特价:4.40元+【活动支出】 商家自营销加码:0.00元+【活动支出】饿了么红包:8.00元+【活动支出】淘金币:0.00元+【活动支出】替用户承担配送费:3.7元,-,-,-,2.00,金华地区,金华加盟,,,否,-,平台配送
圣比萨（义乌佛堂店）,SBM00007,金华,"8033050255344675265	",饿了么,平台外卖,已完成,2025-10-23 16:01:11,2025-10-23 16:01:11,2025-10-23 16:01:12,饿了么支付-在线支付,,即时单,2025-10-23 16:01:11,9.15,自动出餐,1,否,番茄牛肉意面-单点（19.69*1）,番茄牛肉意面,,,,非会员,31,,,依据餐量提供餐具,,19.69,12.59,0.00,0.00,0,0,0.00,0.00,,【活动支出】拼团反圈活动:0.00元,-,-,-,0.00,金华地区,金华加盟,,,否,-,平台配送
圣比萨（义乌佛堂店）,SBM00007,金华,"8033050255445343501	",饿了么,平台外卖,已完成,2025-10-23 16:01:17,2025-10-23 16:01:17,2025-10-23 16:01:17,饿了么支付-在线支付,,即时单,2025-10-23 16:01:17,9.13,自动出餐,1,否,番茄牛肉意面-单点（19.69*1）,番茄牛肉意面,,,,非会员,32,,,依据餐量提供餐具,,19.69,12.59,0.00,0.00,0,0,0.00,0.00,,【活动支出】拼团反圈活动:0.00元,-,-,-,0.00,金华地区,金华加盟,,,否,-,平台配送
圣比萨（义乌佛堂店）,SBM00007,金华,"8006646089294662135	",饿了么,平台外卖,已完成,2025-10-23 16:04:07,2025-10-23 16:04:07,2025-10-23 16:04:07,饿了么支付-在线支付,,即时单,2025-10-23 16:04:07,9.13,自动出餐,1,否,"GO真果榴莲王披萨（44.90*1）,餐盒（1.00*1）",GO真果榴莲王披萨,,,,非会员,33,,,依据餐量提供餐具,,44.90,16.28,19.40,0.00,0,0,1.32,0.00,3.70,【活动支出】店铺满减:1.00元+【活动支出】单品特价:4.40元+【活动支出】粉丝群:2.00元+【活动支出】饿了么红包:12.00元+【活动支出】替用户承担配送费:3.7元,-,-,-,1.00,金华地区,金华加盟,,,否,-,平台配送
圣比萨（义乌佛堂店）,SBM00007,金华,"8036130255346301289	",饿了么,平台外卖,已完成,2025-10-23 16:13:36,2025-10-23 16:13:36,2025-10-23 16:13:37,饿了么支付-在线支付,,即时单,2025-10-23 16:13:36,9.00,自动出餐,1,否,"不添加（0.00*1）,日式烧鸟风味一人食盒子披萨（24.90*1）,餐盒（2.00*1）",不添加+日式烧鸟风味一人食盒子披萨,,,,非会员,34,,,依据餐量提供餐具,,24.90,8.86,9.40,0.00,0,0,1.04,0.00,3.20,【活动支出】单品特价:2.40元+【活动支出】饿了么红包:7.00元+【活动支出】替用户承担配送费:3.2元,-,-,-,2.00,金华地区,金华加盟,,,否,-,平台配送
圣比萨（义乌佛堂店）,SBM00007,金华,"8001300255430476061	",饿了么,平台外卖,已完成,2025-10-23 16:15:00,2025-10-23 16:15:00,2025-10-23 16:15:01,饿了么支付-在线支付,,即时单,2025-10-23 16:15:00,9.10,自动出餐,1,否,"【任选1+1+1】一人食光披萨套餐（28.90*1）,餐盒（2.00*1）",黄金脆粗薯+可乐+奥尔良风情烤鸡肉一人食盒子披萨,,,,非会员,35,,,依据餐量提供餐具,,28.90,13.81,8.40,0.00,0,0,1.09,0.00,3.70,【活动支出】单品特价:1.40元+【活动支出】 商家自营销加码:2.00元+【活动支出】饿了么红包:5.00元+【活动支出】替用户承担配送费:3.7元,-,-,-,2.00,金华地区,金华加盟,,,否,-,平台配送
圣比萨（义乌佛堂店）,SBM00007,金华,"8059886089356091720	",饿了么,平台外卖,已完成,2025-10-23 16:18:35,2025-10-23 16:18:35,2025-10-23 16:18:36,饿了么支付-在线支付,,即时单,2025-10-23 16:18:35,9.17,自动出餐,1,否,"点击右上角❤️收藏得小吃[上校鸡块2个]（7.00*1）,奥尔良风情烤鸡肉一人食盒子披萨（26.90*1）,酥皮蛋挞1个（7.00*1）,餐盒（2.00*1）",上校鸡块2个+奥尔良风情烤鸡肉一人食盒子披萨+蛋挞1个,,,,非会员,36,,,依据餐量提供餐具,,40.90,9.06,25.20,0.00,0,0,1.04,0.00,3.20,【活动支出】单品特价:6.90元+【活动支出】单品特价:4.40元+【活动支出】单品特价:6.90元+【活动支出】 商家自营销加码:2.00元+【活动支出】饿了么红包:5.00元+【活动支出】淘金币:0.00元+【活动支出】替用户承担配送费:3.2元,-,-,-,2.00,金华地区,金华加盟,,,否,-,平台配送
圣比萨（义乌佛堂店）,SBM00007,金华,"8085556089358106984	",饿了么,平台外卖,已完成,2025-10-23 16:18:49,2025-10-23 16:18:49,2025-10-23 16:18:50,饿了么支付-在线支付,,即时单,2025-10-23 16:18:49,9.13,自动出餐,1,否,"【任选1+3】手握披萨随心配（31.90*1）,餐盒（2.00*1）",蛋挞1个+黄金脆粗薯条小份+美式黑椒鸡块3只+奥尔良风情烤鸡肉一人食盒子披萨,,,,非会员,37,,,依据餐量提供餐具,,31.90,15.34,8.40,0.00,0,0,1.26,0.00,3.20,【活动支出】单品特价:1.40元+【活动支出】饿了么红包:7.00元+【活动支出】替用户承担配送费:3.2元,-,-,-,2.00,金华地区,金华加盟,,,否,-,平台配送
圣比萨（义乌佛堂店）,SBM00007,金华,"8087200255452153178	",饿了么,平台外卖,已完成,2025-10-23 16:20:08,2025-10-23 16:20:08,2025-10-23 16:20:08,饿了么支付-在线支付,,即时单,2025-10-23 16:20:08,9.07,自动出餐,1,否,"【任选1+1】手握披萨AND意面（39.90*1）,餐盒（2.00*1）",番茄阳光牛肉意面+韩式咔滋炸鸡一人食盒子披萨,,,,非会员,38,,,依据餐量提供餐具,,39.90,19.12,12.40,0.00,0,0,1.48,0.00,3.20,【活动支出】单品特价:4.40元+【活动支出】 商家自营销加码:0.00元+【活动支出】饿了么红包:8.00元+【活动支出】替用户承担配送费:3.2元,-,-,-,2.00,金华地区,金华加盟,,,否,-,平台配送
圣比萨（义乌佛堂店）,SBM00007,金华,"8013996089360132523	",饿了么,平台外卖,已完成,2025-10-23 16:21:21,2025-10-23 16:21:21,2025-10-23 16:21:21,饿了么支付-在线支付,,即时单,2025-10-23 16:21:21,9.07,自动出餐,1,否,"奥尔良风情烤鸡肉一人食盒子披萨（26.90*1）,餐盒（1.00*1）",奥尔良风情烤鸡肉一人食盒子披萨,,,,非会员,39,,,无需餐具,,26.90,7.86,11.40,0.00,0,0,1.04,0.00,3.20,【活动支出】单品特价:4.40元+【活动支出】饿了么红包:7.00元+【活动支出】替用户承担配送费:3.2元,-,-,-,1.00,金华地区,金华加盟,,,否,-,平台配送
圣比萨（义乌佛堂店）,SBM00007,金华,"8099896089348254016	",饿了么,平台外卖,已完成,2025-10-23 17:15:24,2025-10-23 17:15:24,2025-10-23 17:15:24,饿了么支付-在线支付,,即时单,2025-10-23 17:15:24,9.18,自动出餐,1,否,"【任选1+1】手握披萨AND意面（39.90*1）,餐盒（2.00*1）",番茄阳光牛肉意面+奥尔良风情烤鸡肉一人食盒子披萨,,,,非会员,40,,,1份餐具,,39.90,21.64,11.40,0.00,0,0,1.56,0.00,2.70,【活动支出】单品特价:4.40元+【活动支出】饿了么红包:7.00元+【活动支出】替用户承担配送费:2.7元,-,-,-,2.00,金华地区,金华加盟,,,否,-,平台配送
圣比萨（义乌佛堂店）,SBM00007,金华,"8053120255384177149	",饿了么,平台外卖,已完成,2025-10-23 17:29:56,2025-10-23 17:29:56,2025-10-23 17:29:56,饿了么支付-在线支付,,即时单,2025-10-23 17:29:56,9.07,自动出餐,1,否,"【任选1+1+1】一人食光披萨套餐（28.90*1）,酥皮蛋挞1个（7.00*1）,餐盒（2.50*1）",盐酥鸡米花小份+可乐+奥尔良风情烤鸡肉一人食盒子披萨+蛋挞1个,,,,非会员,41,,,依据餐量提供餐具,,35.90,12.26,13.30,0.00,0,0,1.24,0.00,6.10,【活动支出】单品特价:1.40元+【活动支出】单品特价:6.90元+【活动支出】饿了么红包:5.00元+【活动支出】替用户承担配送费:6.0元,-,-,-,2.50,金华地区,金华加盟,,,否,-,平台配送
圣比萨（义乌佛堂店）,SBM00007,金华,"8070646089376516573	",饿了么,平台外卖,已完成,2025-10-23 17:42:46,2025-10-23 17:42:46,2025-10-23 17:42:46,饿了么支付-在线支付,,即时单,2025-10-23 17:42:46,10.23,自动出餐,1,否,"【随心拼】9英寸披萨[火山牛肉+招牌大满贯]（41.90*1）,奶酪芝士卷边（9英寸）（6.90*1）,酥皮蛋挞1个（7.00*1）,餐盒（2.50*1）",双拼9寸【牛魔王口味9】+双拼9寸【圣比招牌口味9】+奶酪芝士卷边9+蛋挞1个,,,,非会员,42,,,依据餐量提供餐具,,55.80,23.53,26.30,0.00,0,0,1.67,0.00,2.20,【活动支出】店铺满减:1.00元+【活动支出】单品特价:4.40元+【活动支出】单品特价:6.90元+【活动支出】粉丝群:2.00元+【活动支出】饿了么红包:12.00元+【活动支出】替用户承担配送费:2.2元,-,-,-,2.50,金华地区,金华加盟,,,否,-,平台配送
圣比萨（义乌佛堂店）,SBM00007,金华,"8012576089386665321	",饿了么,平台外卖,已完成,2025-10-23 18:15:24,2025-10-23 18:15:24,2025-10-23 18:15:24,饿了么支付-在线支付,,即时单,2025-10-23 18:15:24,10.10,自动出餐,1,否,"锅巴土豆（8.00*1）,【任选1+1】手握披萨AND意面（39.90*1）,餐盒（2.00*1）",锅巴土豆+意式经典肉酱意面+韩式咔滋炸鸡一人食盒子披萨,,,,非会员,43,,,1份餐具,,47.90,26.01,13.40,0.00,0,0,1.89,0.00,2.70,【活动支出】店铺满减:1.00元+【活动支出】单品特价:4.40元+【活动支出】饿了么红包:8.00元+【活动支出】替用户承担配送费:2.7元,-,-,-,2.00,金华地区,金华加盟,,,否,-,平台配送
圣比萨（义乌佛堂店）,SBM00007,金华,"8067866089417878863	",饿了么,平台外卖,已完成,2025-10-23 18:18:30,2025-10-23 18:18:30,2025-10-23 18:18:30,饿了么支付-在线支付,,即时单,2025-10-23 18:18:30,10.03,自动出餐,1,否,"【任选1+1】手握披萨买一送一（39.90*1）,咔滋脆鸡排1个（7.00*1）,餐盒（2.00*1）",北美乡村土豆培根一人食盒子披萨+热带雨林水果一人食盒子披萨+咔滋脆鸡排,,,,非会员,44,,,依据餐量提供餐具,,46.90,24.07,11.40,0.00,0,0,1.93,0.00,4.30,【活动支出】店铺满减:1.00元+【活动支出】单品特价:4.40元+【活动支出】饿了么红包:6.00元+【活动支出】替用户承担配送费:4.3元,-,-,-,2.00,金华地区,金华加盟,,,否,-,平台配送
圣比萨（义乌佛堂店）,SBM00007,金华,"8049090255408388471	",饿了么,平台外卖,已完成,2025-10-23 18:18:36,2025-10-23 18:18:36,2025-10-23 18:18:36,饿了么支付-在线支付,,即时单,2025-10-23 18:18:36,10.18,自动出餐,1,否,"【任选1+1】手握披萨AND意面（39.90*1）,酥皮蛋挞1个（7.00*1）,餐盒（2.50*1）",番茄阳光牛肉意面+奥尔良风情烤鸡肉一人食盒子披萨+蛋挞1个,,,,非会员,45,,,依据餐量提供餐具,,46.90,19.68,19.30,0.00,0,0,1.52,0.00,3.70,【活动支出】店铺满减:1.00元+【活动支出】单品特价:4.40元+【活动支出】单品特价:6.90元+【活动支出】饿了么红包:7.00元+【活动支出】替用户承担配送费:3.7元,-,-,-,2.50,金华地区,金华加盟,,,否,-,平台配送
圣比萨（义乌佛堂店）,SBM00007,金华,"8038946089382942045	",饿了么,平台外卖,已完成,2025-10-23 18:40:58,2025-10-23 18:40:58,2025-10-23 18:40:58,饿了么支付-在线支付,,即时单,2025-10-23 18:40:58,10.07,自动出餐,1,否,"酥皮蛋挞1个（7.00*1）,奥尔良风情烤鸡肉一人食盒子披萨（26.90*1）,酥皮蛋挞1个（7.00*1）,餐盒（2.00*1）",蛋挞1个+奥尔良风情烤鸡肉一人食盒子披萨+蛋挞1个,,,,非会员,46,,,依据餐量提供餐具,,40.90,11.56,24.30,0.00,0,0,1.04,0.00,2.70,【活动支出】单品特价:4.40元+【活动支出】单品特价:6.90元+【活动支出】精准营销:6.00元+【活动支出】 商家自营销加码:2.00元+【活动支出】饿了么红包:5.00元+【活动支出】替用户承担配送费:2.7元,-,-,-,2.00,金华地区,金华加盟,,,否,-,平台配送
圣比萨（义乌佛堂店）,SBM00007,金华,"8007330255430562299	",饿了么,平台外卖,已完成,2025-10-23 18:50:59,2025-10-23 18:50:59,2025-10-23 18:50:59,饿了么支付-在线支付,,即时单,2025-10-23 18:50:59,10.08,自动出餐,1,否,"【任选1+2+1】一人食光土豪披萨套餐（30.90*1）,餐盒（2.00*1）",盐酥鸡米花小份+上校鸡块+奥尔良风情烤鸡肉一人食盒子披萨+可乐,,,,非会员,47,,,依据餐量提供餐具,,30.90,15.34,7.40,0.00,0,0,1.26,0.00,3.20,【活动支出】单品特价:0.40元+【活动支出】饿了么红包:7.00元+【活动支出】替用户承担配送费:3.2元,-,-,-,2.00,金华地区,金华加盟,,,否,-,平台配送
圣比萨（义乌佛堂店）,SBM00007,金华,"8073696089442607508	",饿了么,平台外卖,已完成,2025-10-23 18:51:30,2025-10-23 18:51:30,2025-10-23 18:51:30,饿了么支付-在线支付,,即时单,2025-10-23 18:51:30,10.18,自动出餐,1,否,"雪碧[冷]（4.00*1）,【任选1+2+1】一人食光土豪披萨套餐（30.90*1）,酥皮蛋挞1个（7.00*1）,餐盒（2.50*1）",小雪碧+锅巴土豆+深海墨鱼丸3个+奥尔良风情烤鸡肉一人食盒子披萨+小雪碧+蛋挞1个,,,,非会员,48,,,依据餐量提供餐具,,41.90,20.79,15.30,0.00,0,0,1.51,0.00,2.20,【活动支出】单品特价:0.40元+【活动支出】单品特价:6.90元+【活动支出】饿了么红包:8.00元+【活动支出】替用户承担配送费:2.2元,-,-,-,2.50,金华地区,金华加盟,,,否,-,平台配送
圣比萨（义乌佛堂店）,SBM00007,金华,"8094210255538312649	",饿了么,平台外卖,已完成,2025-10-23 19:28:05,2025-10-23 19:28:05,2025-10-23 19:28:06,饿了么支付-在线支付,,即时单,2025-10-23 19:28:05,10.23,自动出餐,1,否,"点击右上角❤️收藏得小吃[上校鸡块2个]（7.00*1）,酥皮蛋挞1个（7.00*1）,【任选1+1+1】一人食光披萨套餐（28.90*1）,餐盒（3.00*1）",上校鸡块2个+蛋挞1个+黄金脆粗薯+小雪碧+奥尔良风情烤鸡肉一人食盒子披萨,,,,非会员,49,,,好吧，看你这么忙还是觉得得吃点什么好的，注意别忙的饿晕过去喔。——你无比体贴的女儿 / 依据餐量提供餐具,,42.90,15.11,24.20,0.00,0,0,1.09,0.00,2.20,【活动支出】单品特价:6.90元+【活动支出】单品特价:6.90元+【活动支出】单品特价:1.40元+【活动支出】 商家自营销加码:2.00元+【活动支出】粉丝群:2.00元+【活动支出】饿了么红包:5.00元+【活动支出】替用户承担配送费:2.2元,-,-,-,3.00,金华地区,金华加盟,,,否,-,平台配送
圣比萨（义乌佛堂店）,SBM00007,金华,"8026686089407055245	",饿了么,平台外卖,已完成,2025-10-23 19:42:24,2025-10-23 19:42:24,2025-10-23 19:42:24,饿了么支付-在线支付,,即时单,2025-10-23 19:42:24,9.12,自动出餐,1,否,"【任选1+3】一人食意面随心配（31.90*1）,餐盒（2.00*1）",蛋挞1个+盐酥鸡米花小份+深海墨鱼丸3个+意式经典肉酱意面,,,,非会员,50,,,无需餐具,,31.90,15.34,8.40,0.00,0,0,1.26,0.00,3.70,【活动支出】单品特价:1.40元+【活动支出】饿了么红包:7.00元+【活动支出】替用户承担配送费:3.7元,-,-,-,2.00,金华地区,金华加盟,,,否,-,平台配送
圣比萨（义乌佛堂店）,SBM00007,金华,"8029586089417992648	",饿了么,平台外卖,已完成,2025-10-23 20:04:01,2025-10-23 20:04:01,2025-10-23 20:04:01,饿了么支付-在线支付,,即时单,2025-10-23 20:04:01,9.07,自动出餐,1,否,"【任选1+3】手握披萨随心配（36.90*1）,酥皮蛋挞1个（7.00*1）,餐盒（2.50*1）",黄金脆粗薯条小份+锅巴土豆+深海墨鱼丸3个+榴莲多多一人食盒子披萨+蛋挞1个,,,,非会员,51,,,对骑手，不要打电话，不要敲门放门口就行！！ / 依据餐量提供餐具,,43.90,20.79,17.30,0.00,0,0,1.51,0.00,2.20,【活动支出】店铺满减:1.00元+【活动支出】单品特价:1.40元+【活动支出】单品特价:6.90元+【活动支出】 商家自营销加码:0.00元+【活动支出】饿了么红包:8.00元+【活动支出】替用户承担配送费:2.2元,-,-,-,2.50,金华地区,金华加盟,,,否,-,平台配送
圣比萨（义乌佛堂店）,SBM00007,金华,"8035230255460325756	",饿了么,平台外卖,已完成,2025-10-23 20:06:48,2025-10-23 20:06:48,2025-10-23 20:06:48,饿了么支付-在线支付,,即时单,2025-10-23 20:06:48,9.17,自动出餐,1,否,"【任选1+2+1】一人食光土豪披萨套餐（30.90*1）,餐盒（2.00*1）",黄金脆粗薯条小份+上校鸡块+奥尔良风情烤鸡肉一人食盒子披萨+可乐,,,,非会员,52,,,依据餐量提供餐具,,30.90,17.40,7.40,0.00,0,0,1.30,0.00,2.20,【活动支出】单品特价:0.40元+【活动支出】饿了么红包:7.00元+【活动支出】替用户承担配送费:2.2元,-,-,-,2.00,金华地区,金华加盟,,,否,-,平台配送
圣比萨（义乌佛堂店）,SBM00007,金华,"8028150255561092410	",饿了么,平台外卖,已完成,2025-10-23 20:28:38,2025-10-23 20:28:38,2025-10-23 20:28:38,饿了么支付-在线支付,,即时单,2025-10-23 20:28:38,9.07,自动出餐,1,否,"点击右上角❤️收藏得小吃[锅巴土豆4颗]（7.00*1）,【随心三拼】三重奏一人食盒子披萨[奥尔良风情+热带雨林水果+浓情芝士]（29.90*1）,酥皮蛋挞1个（7.00*1）,美式黑椒鸡块3只（7.00*1）,餐盒（3.00*1）",锅巴土豆4颗+三拼一人食拼【奥尔良风情】+三拼一人食拼【热带雨林水果】+三拼一人食拼【浓情芝士】+蛋挞1个+美式黑椒鸡块3只,,,,非会员,53,,,依据餐量提供餐具,,50.90,19.00,26.20,0.00,0,0,1.40,0.00,2.70,【活动支出】单品特价:6.90元+【活动支出】单品特价:4.40元+【活动支出】单品特价:6.90元+【活动支出】饿了么红包:8.00元+【活动支出】替用户承担配送费:2.7元,-,-,-,3.00,金华地区,金华加盟,,,否,-,平台配送
圣比萨（义乌佛堂店）,SBM00007,金华,"8004260255564270871	",饿了么,平台外卖,已完成,2025-10-23 20:41:26,2025-10-23 20:41:26,2025-10-23 20:41:27,饿了么支付-在线支付,,即时单,2025-10-23 20:41:26,9.15,自动出餐,1,否,"【任选1+1+1】一人食光披萨套餐（28.90*1）,餐盒（2.00*1）",盐酥鸡米花小份+可乐+日式烧鸟风味一人食盒子披萨,,,,非会员,54,,,无需餐具,,28.90,13.81,8.40,0.00,0,0,1.09,0.00,3.70,【活动支出】单品特价:1.40元+【活动支出】 商家自营销加码:2.00元+【活动支出】饿了么红包:5.00元+【活动支出】替用户承担配送费:3.7元,-,-,-,2.00,金华地区,金华加盟,,,否,-,平台配送
圣比萨（义乌佛堂店）,SBM00007,金华,"8087576089468042719	",饿了么,平台外卖,已完成,2025-10-23 20:49:41,2025-10-23 20:49:41,2025-10-23 20:49:42,饿了么支付-在线支付,,即时单,2025-10-23 20:49:41,9.05,自动出餐,1,否,"【任选5件套】霸道吃货套餐（47.90*1）,餐盒（2.00*1）",蛋挞1个+盐酥鸡米花小份+小雪碧+小雪碧+水果嘉年华披萨(9英寸(手拍)),,,,非会员,55,,,依据餐量提供餐具,,47.90,26.48,13.40,0.00,0,0,1.92,0.00,2.20,【活动支出】店铺满减:1.00元+【活动支出】单品特价:4.40元+【活动支出】 商家自营销加码:0.00元+【活动支出】饿了么红包:8.00元+【活动支出】替用户承担配送费:2.2元,-,-,-,2.00,金华地区,金华加盟,,,否,-,平台配送
圣比萨（义乌佛堂店）,SBM00007,金华,"8035566089464166845	",饿了么,平台外卖,已完成,2025-10-23 21:05:33,2025-10-23 21:05:33,2025-10-23 21:05:33,饿了么支付-在线支付,,即时单,2025-10-23 21:05:33,9.10,自动出餐,1,否,"【随心双拼】双拼一人食盒子披萨[热带雨林水果+北美乡村土豆培根]（26.90*1）,餐盒（2.00*1）",双拼一人食盒子披萨【热带雨林水果】+双拼一人食盒子披萨【北美乡村土豆培根】,,,,非会员,56,,,依据餐量提供餐具,,26.90,9.36,10.40,0.00,0,0,1.04,0.00,5.70,【活动支出】单品特价:3.40元+【活动支出】饿了么红包:7.00元+【活动支出】替用户承担配送费:5.7元,-,-,-,2.00,金华地区,金华加盟,,,否,-,平台配送
圣比萨（义乌佛堂店）,SBM00007,金华,"8040526089479327188	",饿了么,平台外卖,已完成,2025-10-23 21:37:22,2025-10-23 21:37:22,2025-10-23 21:37:22,饿了么支付-在线支付,,即时单,2025-10-23 21:37:22,9.22,自动出餐,1,否,"【任选1+1+1】一人食光披萨套餐（28.90*1）,餐盒（2.00*1）",黄金脆粗薯条小份+可乐+奥尔良风情烤鸡肉一人食盒子披萨,,,,非会员,57,,,2份餐具,用户申请取消单 忘记使用红包，,28.90,12.01,8.40,0.00,0,0,1.09,0.00,6.30,【活动支出】单品特价:1.40元+【活动支出】饿了么红包:7.00元+【活动支出】替用户承担配送费:6.0元,-,-,-,2.00,金华地区,金华加盟,,,否,-,平台配送
圣比萨（义乌佛堂店）,SBM00007,金华,"8056766089476824495	",饿了么,平台外卖,已完成,2025-10-23 21:40:41,2025-10-23 21:40:41,2025-10-23 21:40:41,饿了么支付-在线支付,,即时单,2025-10-23 21:40:41,9.00,自动出餐,1,否,"美式风味烤翅一对（8.00*1）,酥皮蛋挞1个（7.00*1）,榴莲多多一人食盒子披萨（30.90*1）,餐盒（1.50*1）",美式风情烤翅+蛋挞1个+榴莲多多一人食盒子披萨,,,,非会员,58,,,依据餐量提供餐具,,45.90,18.24,18.30,0.00,0,0,1.46,0.00,5.20,【活动支出】单品特价:6.90元+【活动支出】单品特价:4.40元+【活动支出】 商家自营销加码:2.00元+【活动支出】饿了么红包:5.00元+【活动支出】替用户承担配送费:5.2元,-,-,-,1.50,金华地区,金华加盟,,,否,-,平台配送
圣比萨（义乌佛堂店）,SBM00007,金华,"8086946089446352319	",饿了么,平台外卖,已完成,2025-10-23 21:41:38,2025-10-23 21:41:38,2025-10-23 21:41:38,饿了么支付-在线支付,,即时单,2025-10-23 21:41:38,9.18,自动出餐,1,否,"【任选1+2+1】一人食光土豪披萨套餐（30.90*1）,餐盒（2.00*1）",黄金脆粗薯条小份+深海墨鱼丸3个+奥尔良风情烤鸡肉一人食盒子披萨+可乐,,,,非会员,59,,,依据餐量提供餐具,,30.90,17.08,6.40,0.00,0,0,1.32,0.00,4.20,【活动支出】单品特价:0.40元+【活动支出】饿了么红包:6.00元+【活动支出】替用户承担配送费:4.2元,-,-,-,2.00,金华地区,金华加盟,,,否,-,平台配送
圣比萨（义乌佛堂店）,SBM00007,金华,"8019926089485638035	",饿了么,平台外卖,已完成,2025-10-23 22:36:32,2025-10-23 22:36:32,2025-10-23 22:36:32,饿了么支付-在线支付,,即时单,2025-10-23 22:36:32,9.08,自动出餐,1,否,"黄金脆粗薯条（8.00*1）,酥皮蛋挞1个（7.00*1）,火山牛肉披萨（41.90*1）,加鸡肉（3.00*1）,日式烧鸟风味一人食盒子披萨（24.90*1）,餐盒（3.50*1）",黄金脆粗薯+蛋挞1个+火山牛肉披萨+多加鸡肉+日式烧鸟风味一人食盒子披萨,,,,非会员,60,,,2份餐具,,84.80,40.75,30.80,0.00,0,0,3.05,0.00,5.20,【活动支出】店铺满减:6.00元+【活动支出】单品特价:4.40元+【活动支出】单品特价:2.40元+【活动支出】饿了么红包:12.00元+【活动支出】精准营销:6.00元+【活动支出】替用户承担配送费:5.2元,-,-,-,3.50,金华地区,金华加盟,,,否,-,平台配送
圣比萨（新桥店）,SBM00041,温州,"8071926089245483314	",饿了么,平台外卖,已完成,2025-10-23 11:38:02,2025-10-23 11:38:02,2025-10-23 11:38:03,饿了么支付-在线支付,,即时单,2025-10-23 11:38:02,11.85,手动出餐,1,否,"7英寸披萨一人食土豪餐[缤纷水果披萨7英寸+香卤翅根1个+地道肠1根+港式奶茶]（70.00*1）,餐盒（2.00*1）",缤纷水果披萨【7英寸(手拍)】+地道肠【1根】+港式奶茶,,,,非会员,1,,,奶茶要冰一点的 / 依据餐量提供餐具,,70.00,19.51,43.10,0.00,0,0,1.94,0.00,4.50,【活动支出】单品特价:35.10元+【活动支出】饿了么红包:8.00元+【活动支出】替用户承担配送费:4.5元,-,-,-,2.00,温州区域,温州加盟,,,否,-,平台配送
圣比萨（新桥店）,SBM00041,温州,"8030240255341591988	",饿了么,平台外卖,已完成,2025-10-23 12:07:35,2025-10-23 12:07:35,2025-10-23 12:07:35,饿了么支付-在线支付,,即时单,2025-10-23 12:07:35,10.23,手动出餐,1,否,"奥尔良烤鸡肉披萨-7寸(经典手拍)[{""name"":""规格"",""value"":""7寸(经典手拍)""}]（45.00*1）,餐盒（2.00*1）",新奥尔良烤鸡肉披萨,,,,非会员,2,,,对骑手别放地上，放柜子上 / 2份餐具,,45.00,14.12,26.10,0.00,0,0,1.43,0.00,3.50,【活动支出】单品特价:21.10元+【活动支出】饿了么红包:5.00元+【活动支出】替用户承担配送费:3.5元,-,-,-,2.00,温州区域,温州加盟,,,否,-,平台配送
圣比萨（新桥店）,SBM00041,温州,"8051420255344343431	",饿了么,平台外卖,已完成,2025-10-23 12:13:18,2025-10-23 12:13:18,2025-10-23 12:13:18,饿了么支付-在线支付,,即时单,2025-10-23 12:13:18,8.65,手动出餐,1,否,"新奥尔良烤鸡肉披萨7寸-单点[{""name"":""规格"",""value"":""单点""}]（22.00*1）",新奥尔良烤鸡肉披萨【7英寸(手拍)】,,,,非会员,3,,,依据餐量提供,,22.00,12.00,0.00,0.00,0,0,0.00,0.00,,【活动支出】拼团反圈活动:0.00元,-,-,-,0.00,温州区域,温州加盟,,,否,-,平台配送
圣比萨（新桥店）,SBM00041,温州,"8034966089260574152	",饿了么,平台外卖,已完成,2025-10-23 12:25:32,2025-10-23 12:25:32,2025-10-23 12:25:32,饿了么支付-在线支付,,即时单,2025-10-23 12:25:32,8.03,手动出餐,1,否,"纯芝士披萨7英寸[7英寸]（42.00*1）,餐盒（2.00*1）",金牌芝士披萨【7英寸(手拍)】,,,,非会员,4,,,依据餐量提供餐具,,42.00,10.12,27.10,0.00,0,0,1.43,0.00,3.50,【活动支出】单品特价:20.10元+【活动支出】粉丝群:2.00元+【活动支出】饿了么红包:5.00元+【活动支出】替用户承担配送费:3.5元,-,-,-,2.00,温州区域,温州加盟,,,否,-,平台配送
圣比萨（新桥店）,SBM00041,温州,"8037676089347139011	",饿了么,平台外卖,已完成,2025-10-23 16:32:49,2025-10-23 16:32:49,2025-10-23 16:32:49,饿了么支付-在线支付,,即时单,2025-10-23 16:32:49,11.68,手动出餐,1,否,"缤纷水果披萨-7英寸(经典手拍)[{""name"":""规格"",""value"":""7英寸(经典手拍)""}]（42.00*1）,餐盒（2.00*1）",缤纷水果披萨,,,,非会员,5,,,依据餐量提供餐具,,42.00,14.12,23.10,0.00,0,0,1.43,0.00,3.50,【活动支出】单品特价:16.10元+【活动支出】 商家自营销加码:2.00元+【活动支出】CPS商户叠加券:0.00元+【活动支出】饿了么红包:5.00元+【活动支出】替用户承担配送费:3.5元,-,-,-,2.00,温州区域,温州加盟,,,否,-,平台配送
圣比萨（新桥店）,SBM00041,温州,"8025110255613300009	",饿了么,平台外卖,已完成,2025-10-23 18:43:53,2025-10-23 18:43:53,2025-10-23 18:43:54,饿了么支付-在线支付,,预约单,2025-10-23 19:25:00,17.52,手动出餐,1,否,"芝士焗饭一人食套餐[港式奶茶+碳烤鸡肉芝士焗饭+盐酥鸡米花小份]（61.00*1）,餐盒（2.00*1）",港式奶茶+碳烤鸡肉芝士焗饭+盐酥鸡米花小份,,,,非会员,6,,,依据餐量提供餐具,,61.00,19.16,36.10,0.00,0,0,1.79,0.00,3.50,【活动支出】单品特价:29.10元+【活动支出】 商家自营销加码:2.00元+【活动支出】饿了么红包:5.00元+【活动支出】替用户承担配送费:3.5元,-,-,-,2.00,温州区域,温州加盟,,,否,-,平台配送
圣比萨（新桥店）,SBM00041,温州,"8052390255622120772	",饿了么,平台外卖,已完成,2025-10-23 19:01:32,2025-10-23 19:01:32,2025-10-23 19:01:33,饿了么支付-在线支付,,即时单,2025-10-23 19:01:32,12.57,手动出餐,1,否,"9寸披萨随❤️双拼[培根鸡肉+牛肉至尊]（80.00*1）,餐盒（2.00*1）",双拼9寸【鸡肉培根口味9】+双拼9寸【牛魔王口味9】,,,,非会员,7,,,依据餐量提供餐具,,80.00,26.28,46.10,0.00,0,0,2.47,0.00,3.50,【活动支出】店铺满减:1.00元+【活动支出】单品特价:40.10元+【活动支出】饿了么红包:5.00元+【活动支出】替用户承担配送费:3.5元,-,-,-,2.00,温州区域,温州加盟,,,否,-,平台配送
圣比萨·披萨·炸鸡（天河店）,SBM00028,温州,"8074000255259948523	",饿了么,平台外卖,已完成,2025-10-23 10:40:03,2025-10-23 10:40:03,2025-10-23 10:40:04,饿了么支付-在线支付,,即时单,2025-10-23 10:40:03,13.22,自动出餐,1,否,"新店开业福利小吃（限一份，多点不送）[上校鸡块2个]（0.20*1）,招牌肉酱意面（25.90*1）,咸蛋黄风味流心卷边（9英寸）（6.90*1）,蛋挞一个（3.90*1）,【随心❤️拼】9英寸双拼披萨（口味自选）[新奥尔良烤鸡肉+碳烤鸡肉培根]（37.90*1）,餐盒（4.00*1）",上校鸡块2个+招牌肉酱意面+咸蛋黄流沙卷边9+蛋挞1个+双拼9寸【奥尔良口味9】+双拼9寸【鸡肉培根口味9】,,,,非会员,1,,,依据餐量提供餐具,,74.80,43.76,21.41,0.00,0,0,4.08,0.00,3.50,【活动支出】店铺满减:6.00元+【活动支出】单品特价:1.91元+【活动支出】饿了么红包:12.00元+【活动支出】下单返红包:1.50元+【活动支出】替用户承担配送费:3.5元,-,-,-,4.00,温州区域,温州直营,,,否,-,平台配送
圣比萨·披萨·炸鸡（天河店）,SBM00028,温州,"8064866089155111324	",饿了么,平台外卖,已完成,2025-10-23 10:41:05,2025-10-23 10:41:05,2025-10-23 10:41:06,饿了么支付-在线支付,,即时单,2025-10-23 10:41:05,13.13,自动出餐,1,否,"可口可乐[冷]（5.00*1）,奶酪芝士披萨-7英寸(手拍)[{""name"":""规格"",""value"":""7英寸(手拍)""}]（25.90*1）,番茄牛肉意面（25.90*1）,奶酪芝士卷边（7英寸）（4.90*1）,餐盒（4.00*1）",小可乐+奶酪芝士披萨+番茄牛肉意面+奶酪芝士卷边7,,,,非会员,2,,,2份餐具,,61.70,36.37,15.00,0.00,0,0,3.58,0.00,6.20,【活动支出】店铺满减:6.00元+【活动支出】饿了么红包:9.00元+【活动支出】替用户承担配送费:6.0元,-,-,-,4.00,温州区域,温州直营,,,否,-,平台配送
圣比萨·披萨·炸鸡（天河店）,SBM00028,温州,"8079350255292622161	",饿了么,平台外卖,已完成,2025-10-23 11:00:33,2025-10-23 11:00:33,2025-10-23 11:00:34,饿了么支付-在线支付,,即时单,2025-10-23 11:00:33,14.03,自动出餐,1,否,"️【任选】意面随心配（31.90*1）,餐盒（2.00*1）",缤纷芝士挞(香蕉味)+小可乐+招牌肉酱意面,,,,非会员,3,,,1份餐具,,31.90,18.26,7.00,0.00,0,0,1.79,0.00,5.60,【活动支出】首次光顾立减:1.00元+【活动支出】饿了么红包:6.00元+【活动支出】替用户承担配送费:5.6元,-,-,-,2.00,温州区域,温州直营,,,否,-,平台配送
圣比萨·披萨·炸鸡（天河店）,SBM00028,温州,"8051360255187971455	",饿了么,平台外卖,已完成,2025-10-23 11:02:10,2025-10-23 11:02:10,2025-10-23 11:02:10,饿了么支付-在线支付,,即时单,2025-10-23 11:02:10,14.07,自动出餐,1,否,"新奥尔良烤鸡肉披萨-7英寸(手拍)[{""name"":""规格"",""value"":""7英寸(手拍)""}]（25.90*1）,餐盒（2.00*1）",新奥尔良烤鸡肉披萨,,,,非会员,4,,,依据餐量提供餐具,,25.90,14.12,7.00,0.00,0,0,1.43,0.00,3.50,【活动支出】首次光顾立减:1.00元+【活动支出】饿了么红包:6.00元+【活动支出】替用户承担配送费:3.5元,-,-,-,2.00,温州区域,温州直营,,,否,-,平台配送
圣比萨·披萨·炸鸡（天河店）,SBM00028,温州,"8077190255287974383	",饿了么,平台外卖,已完成,2025-10-23 11:05:05,2025-10-23 11:05:05,2025-10-23 11:05:06,饿了么支付-在线支付,,即时单,2025-10-23 11:05:05,14.23,自动出餐,1,否,"可口可乐[常温]（5.00*2）,番茄牛肉意面（25.90*2）,餐盒（4.00*1）",小可乐+番茄牛肉意面,,,,非会员,5,,,依据餐量提供餐具,,61.80,35.06,15.00,0.00,0,0,3.59,0.00,8.10,【活动支出】店铺满减:2.00元+【活动支出】首次光顾立减:1.00元+【活动支出】饿了么红包:12.00元+【活动支出】替用户承担配送费:6.0元,-,-,-,4.00,温州区域,温州直营,,,否,-,平台配送
圣比萨·披萨·炸鸡（天河店）,SBM00028,温州,"8068876089212829015	",饿了么,平台外卖,已完成,2025-10-23 11:34:04,2025-10-23 11:34:04,2025-10-23 11:34:04,饿了么支付-在线支付,,即时单,2025-10-23 11:34:04,14.22,自动出餐,1,否,"榴莲王披萨-9英寸(手拍)[{""name"":""规格"",""value"":""9英寸(手拍)""}]（43.90*1）,酸奶多多流心卷边（9英寸）（6.90*1）,餐盒（2.00*1）",榴莲王披萨+酸奶多多流心卷边9,,,,非会员,6,,,依据餐量提供餐具,,50.80,32.06,10.00,0.00,0,0,2.99,0.00,3.50,【活动支出】店铺满减:1.00元+【活动支出】首次光顾立减:1.00元+【活动支出】饿了么红包:8.00元+【活动支出】替用户承担配送费:3.5元,-,-,-,2.00,温州区域,温州直营,,,否,-,平台配送
圣比萨·披萨·炸鸡（天河店）,SBM00028,温州,"8029310255377577295	",饿了么,平台外卖,已完成,2025-10-23 12:45:26,2025-10-23 12:45:26,2025-10-23 12:45:26,饿了么支付-在线支付,,即时单,2025-10-23 12:45:26,14.12,自动出餐,1,否,"新奥尔良烤鸡肉披萨-9英寸(手拍)[{""name"":""规格"",""value"":""9英寸(手拍)""}]（33.90*1）,咸蛋黄风味流心卷边（9英寸）（6.90*1）,餐盒（2.00*1）",新奥尔良烤鸡肉披萨+咸蛋黄流沙卷边9,,,,非会员,7,,,不要打电话 放1002门口就好 谢谢 / 依据餐量提供餐具,,40.80,21.75,10.50,0.00,0,0,2.20,0.00,6.20,【活动支出】店铺满减:1.00元+【活动支出】下单返红包:1.50元+【活动支出】饿了么红包:8.00元+【活动支出】替用户承担配送费:6.0元,-,-,-,2.00,温州区域,温州直营,,,否,-,平台配送
圣比萨·披萨·炸鸡（天河店）,SBM00028,温州,"8029310255302048194	",饿了么,平台外卖,已完成,2025-10-23 13:47:17,2025-10-23 13:47:17,2025-10-23 13:47:18,饿了么支付-在线支付,,即时单,2025-10-23 13:47:17,13.03,自动出餐,1,否,"咸蛋黄风味流沙卷边（7英寸）（4.90*1）,新奥尔良烤鸡肉披萨-7英寸(手拍)[{""name"":""规格"",""value"":""7英寸(手拍)""}]（25.90*1）,餐盒（2.00*1）",咸蛋黄流沙卷边7+新奥尔良烤鸡肉披萨,,,,非会员,8,,,依据餐量提供餐具,,30.80,15.88,7.50,0.00,0,0,1.67,0.00,6.20,【活动支出】下单返红包:1.50元+【活动支出】饿了么红包:6.00元+【活动支出】替用户承担配送费:6.0元,-,-,-,2.00,温州区域,温州直营,,,否,-,平台配送
圣比萨·披萨·炸鸡（天河店）,SBM00028,温州,"8038310255495263629	",饿了么,平台外卖,已完成,2025-10-23 14:07:19,2025-10-23 14:07:19,2025-10-23 14:07:19,饿了么支付-在线支付,,即时单,2025-10-23 14:07:19,13.18,自动出餐,1,否,"【任选】买一送一7英寸披萨（49.80*1）,餐盒（2.00*1）",新奥尔良烤鸡肉披萨(7英寸(手拍))+碳烤鸡肉培根披萨(7英寸(手拍)),,,,非会员,9,,,依据餐量提供餐具,,49.80,29.75,11.50,0.00,0,0,2.80,0.00,3.50,【活动支出】店铺满减:1.00元+【活动支出】下单返红包:1.50元+【活动支出】饿了么红包:9.00元+【活动支出】替用户承担配送费:3.5元,-,-,-,2.00,温州区域,温州直营,,,否,-,平台配送
圣比萨·披萨·炸鸡（天河店）,SBM00028,温州,"8050716089290484217	",饿了么,平台外卖,已完成,2025-10-23 14:21:34,2025-10-23 14:21:34,2025-10-23 14:21:35,饿了么支付-在线支付,,即时单,2025-10-23 14:21:34,13.12,自动出餐,1,否,"金沙咸蛋黄嫩鸡披萨-9英寸(手拍)[{""name"":""规格"",""value"":""9英寸(手拍)""}]（39.90*1）,餐盒（2.00*1）",金沙咸蛋黄嫩鸡披萨,,,,非会员,10,,,依据餐量提供餐具,,39.90,20.46,11.00,0.00,0,0,2.09,0.00,5.60,【活动支出】店铺满减:1.00元+【活动支出】首次光顾立减:1.00元+【活动支出】饿了么红包:9.00元+【活动支出】替用户承担配送费:5.6元,-,-,-,2.00,温州区域,温州直营,,,否,-,平台配送
圣比萨·披萨·炸鸡（天河店）,SBM00028,温州,"8004776089306985752	",饿了么,平台外卖,已完成,2025-10-23 15:11:25,2025-10-23 15:11:25,2025-10-23 15:11:26,饿了么支付-在线支付,,即时单,2025-10-23 15:11:25,13.22,自动出餐,1,否,"新店开业福利小吃（限一份，多点不送）[上校鸡块2个]（0.20*1）,【随心❤️拼】7英寸双拼披萨（口味自选）[碳烤鸡肉培根+新奥尔良烤鸡肉]（27.90*1）,餐盒（2.00*1）",上校鸡块2个+双拼7寸【碳烤鸡肉培根口味7】+双拼7寸【奥尔良口味7】,,,,非会员,11,,,依据餐量提供餐具,,28.10,15.64,7.00,0.00,0,0,1.51,0.00,3.50,【活动支出】首次光顾立减:1.00元+【活动支出】饿了么红包:6.00元+【活动支出】替用户承担配送费:3.5元,-,-,-,2.00,温州区域,温州直营,,,否,-,平台配送
圣比萨·披萨·炸鸡（天河店）,SBM00028,温州,"8032340255517383039	",饿了么,平台外卖,已完成,2025-10-23 15:24:33,2025-10-23 15:24:33,2025-10-23 15:24:33,饿了么支付-在线支付,,即时单,2025-10-23 15:24:33,13.05,自动出餐,1,否,"新奥尔良烤鸡肉披萨-7英寸(手拍)[{""name"":""规格"",""value"":""7英寸(手拍)""}]（25.90*1）,餐盒（2.00*1）",新奥尔良烤鸡肉披萨,,,,非会员,12,,,依据餐量提供餐具,,25.90,14.12,7.00,0.00,0,0,1.43,0.00,3.50,【活动支出】首次光顾立减:1.00元+【活动支出】饿了么红包:6.00元+【活动支出】替用户承担配送费:3.5元,-,-,-,2.00,温州区域,温州直营,,,否,-,平台配送
圣比萨·披萨·炸鸡（天河店）,SBM00028,温州,"8027050255347132722	",饿了么,平台外卖,已完成,2025-10-23 16:01:12,2025-10-23 16:01:12,2025-10-23 16:01:13,饿了么支付-在线支付,,即时单,2025-10-23 16:01:12,13.23,自动出餐,1,否,"新奥尔良烤鸡肉披萨-7英寸(手拍)[{""name"":""规格"",""value"":""7英寸(手拍)""}]（25.90*1）,餐盒（2.00*1）",新奥尔良烤鸡肉披萨,,,,非会员,13,,,依据餐量提供餐具,,25.90,14.12,7.00,0.00,0,0,1.43,0.00,3.50,【活动支出】首次光顾立减:1.00元+【活动支出】饿了么红包:6.00元+【活动支出】替用户承担配送费:3.5元,-,-,-,2.00,温州区域,温州直营,,,否,-,平台配送
圣比萨·披萨·炸鸡（天河店）,SBM00028,温州,"8053220255527143927	",饿了么,平台外卖,已完成,2025-10-23 16:02:55,2025-10-23 16:02:55,2025-10-23 16:02:55,饿了么支付-在线支付,,即时单,2025-10-23 16:02:55,13.03,自动出餐,1,否,"西域肉酱披萨-7英寸(手拍)[{""name"":""规格"",""value"":""7英寸(手拍)""}]（29.90*1）,餐盒（2.00*1）",西域肉酱披萨,,,,非会员,14,,,不要打电话。记得拍照 / 依据餐量提供餐具,,29.90,15.48,8.00,0.00,0,0,1.57,0.00,5.00,【活动支出】首次光顾立减:1.00元+【活动支出】饿了么红包:7.00元+【活动支出】替用户承担配送费:5.0元,-,-,-,2.00,温州区域,温州直营,,,否,-,平台配送
圣比萨·披萨·炸鸡（天河店）,SBM00028,温州,"8075290255431720444	",饿了么,平台外卖,已完成,2025-10-23 16:18:11,2025-10-23 16:18:11,2025-10-23 16:18:11,饿了么支付-在线支付,,即时单,2025-10-23 16:18:11,13.17,自动出餐,1,否,"西域肉酱披萨-7英寸(手拍)[{""name"":""规格"",""value"":""7英寸(手拍)""}]（29.90*1）,新店开业福利小吃（限一份，多点不送）[上校鸡块2个]（0.20*1）,餐盒（2.00*1）",西域肉酱披萨+上校鸡块2个,,,,非会员,15,,,1份餐具,,30.10,14.29,7.00,0.00,0,0,1.66,0.00,6.80,【活动支出】首次光顾立减:1.00元+【活动支出】吃货豆兑换的商家券:6.00元+【活动支出】替用户承担配送费:6.0元,-,-,-,2.00,温州区域,温州直营,,,否,-,平台配送
圣比萨·披萨·炸鸡（天河店）,SBM00028,温州,"8089906089361674717	",饿了么,平台外卖,已完成,2025-10-23 16:20:11,2025-10-23 16:20:11,2025-10-23 16:20:11,饿了么支付-在线支付,,即时单,2025-10-23 16:20:11,13.12,自动出餐,1,否,"【任选】买一送一7英寸披萨（44.90*1）,新店开业福利小吃（限一份，多点不送）[上校鸡块2个]（0.20*1）,餐盒（2.00*1）",缤纷水果披萨(7英寸(手拍))+碳烤鸡肉培根披萨(7英寸(手拍))+上校鸡块2个,,,,非会员,16,,,电话没接的时候放门口就可以了/ 依据餐量提供餐具,,45.10,27.39,10.00,0.00,0,0,2.56,0.00,3.50,【活动支出】店铺满减:1.00元+【活动支出】饿了么红包:9.00元+【活动支出】替用户承担配送费:3.5元,-,-,-,2.00,温州区域,温州直营,,,否,-,平台配送
圣比萨·披萨·炸鸡（天河店）,SBM00028,温州,"8019010255539943840	",饿了么,平台外卖,已完成,2025-10-23 16:34:08,2025-10-23 16:34:08,2025-10-23 16:34:09,饿了么支付-在线支付,,即时单,2025-10-23 16:34:08,14.23,自动出餐,1,否,"【随心❤️拼】7英寸双拼披萨（口味自选）[碳烤鸡肉培根+缤纷水果]（27.90*1）,餐盒（2.00*1）",双拼7寸【碳烤鸡肉培根口味7】+双拼7寸【缤纷水果口味7】,,,,非会员,17,,,依据餐量提供餐具,,27.90,18.61,1.00,0.00,0,0,1.94,0.00,6.20,【活动支出】首次光顾立减:1.00元+【活动支出】替用户承担配送费:6.0元,-,-,-,2.00,温州区域,温州直营,,,否,-,平台配送
圣比萨·披萨·炸鸡（天河店）,SBM00028,温州,"8082586089365995909	",饿了么,平台外卖,已完成,2025-10-23 16:37:16,2025-10-23 16:37:16,2025-10-23 16:37:16,饿了么支付-在线支付,,即时单,2025-10-23 16:37:16,14.20,自动出餐,1,否,"新店开业福利小吃（限一份，多点不送）[上校鸡块2个]（0.20*1）,新奥尔良烤鸡肉披萨-7英寸(手拍)[{""name"":""规格"",""value"":""7英寸(手拍)""}]（25.90*1）,餐盒（2.00*1）",上校鸡块2个+新奥尔良烤鸡肉披萨,,,,非会员,18,,,依据餐量提供餐具,,26.10,14.32,7.00,0.00,0,0,1.43,0.00,3.50,【活动支出】首次光顾立减:1.00元+【活动支出】饿了么红包:6.00元+【活动支出】替用户承担配送费:3.5元,-,-,-,2.00,温州区域,温州直营,,,否,-,平台配送
圣比萨·披萨·炸鸡（天河店）,SBM00028,温州,"8001280255462219081	",饿了么,平台外卖,已完成,2025-10-23 16:54:45,2025-10-23 16:54:45,2025-10-23 16:54:45,饿了么支付-在线支付,,即时单,2025-10-23 16:54:45,14.08,自动出餐,1,否,"新店开业福利小吃（限一份，多点不送）[上校鸡块2个]（0.20*1）,【随心❤️拼】7英寸双拼披萨（口味自选）[浪漫威尼斯+碳烤鸡肉培根]（27.90*1）,新奥尔良烤鸡肉披萨-7英寸(手拍)[{""name"":""规格"",""value"":""7英寸(手拍)""}]（25.90*1）,餐盒（4.00*1）",上校鸡块2个+双拼7寸【浪漫威尼斯口味7】+双拼7寸【碳烤鸡肉培根口味7】+新奥尔良烤鸡肉披萨,,,,非会员,19,,,依据餐量提供餐具,,54.00,29.82,12.00,0.00,0,0,3.23,0.00,9.30,【活动支出】店铺满减:2.00元+【活动支出】首次光顾立减:1.00元+【活动支出】饿了么红包:9.00元+【活动支出】替用户承担配送费:6.0元,-,-,-,4.00,温州区域,温州直营,,,否,-,平台配送
圣比萨·披萨·炸鸡（天河店）,SBM00028,温州,"8002796089376668130	",饿了么,平台外卖,已完成,2025-10-23 17:03:26,2025-10-23 17:03:26,2025-10-23 17:03:26,饿了么支付-在线支付,,即时单,2025-10-23 17:03:26,14.07,自动出餐,1,否,"【随心❤️拼】7英寸双拼披萨（口味自选）[缤纷水果+碳烤鸡肉培根]（27.90*1）,餐盒（2.00*1）",双拼7寸【缤纷水果口味7】+双拼7寸【碳烤鸡肉培根口味7】,,,,非会员,20,,,1份餐具,,27.90,15.16,7.00,0.00,0,0,1.49,0.00,4.50,【活动支出】首次光顾立减:1.00元+【活动支出】饿了么红包:6.00元+【活动支出】替用户承担配送费:4.5元,-,-,-,2.00,温州区域,温州直营,,,否,-,平台配送
圣比萨·披萨·炸鸡（天河店）,SBM00028,温州,"8025000255469430149	",饿了么,平台外卖,已完成,2025-10-23 17:11:14,2025-10-23 17:11:14,2025-10-23 17:11:14,饿了么支付-在线支付,,即时单,2025-10-23 17:11:14,14.10,自动出餐,1,否,"【任选】买一送一7英寸披萨（52.80*1）,餐盒（2.00*1）",榴莲王披萨(7英寸(手拍))+新奥尔良烤鸡肉披萨(7英寸(手拍)),,,,非会员,21,,,依据餐量提供餐具,,52.80,33.31,10.00,0.00,0,0,3.14,0.00,3.50,【活动支出】店铺满减:1.00元+【活动支出】首次光顾立减:1.00元+【活动支出】饿了么红包:8.00元+【活动支出】替用户承担配送费:3.5元,-,-,-,2.00,温州区域,温州直营,,,否,-,平台配送
圣比萨·披萨·炸鸡（天河店）,SBM00028,温州,"8064090255565623554	",饿了么,平台外卖,已完成,2025-10-23 17:16:06,2025-10-23 17:16:06,2025-10-23 17:16:06,饿了么支付-在线支付,,即时单,2025-10-23 17:16:06,14.20,自动出餐,1,否,"新店开业福利小吃（限一份，多点不送）[上校鸡块2个]（0.20*1）,【任选】披萨意面我全都要（72.60*1）,餐盒（2.00*1）",上校鸡块2个+小芬达+小可乐+招牌肉酱意面+蛋挞+盐酥鸡粒+奥尔良烤翅+新奥尔良烤鸡肉披萨(7英寸(手拍)),,,,非会员,22,,,依据餐量提供餐具,,72.80,43.59,15.00,0.00,0,0,4.26,0.00,6.20,【活动支出】店铺满减:2.00元+【活动支出】首次光顾立减:1.00元+【活动支出】饿了么红包:12.00元+【活动支出】替用户承担配送费:6.0元,-,-,-,2.00,温州区域,温州直营,,,否,-,平台配送
圣比萨·披萨·炸鸡（天河店）,SBM00028,温州,"8029816089354366218	",饿了么,平台外卖,已完成,2025-10-23 17:19:06,2025-10-23 17:19:06,2025-10-23 17:19:07,饿了么支付-在线支付,,即时单,2025-10-23 17:19:06,14.18,自动出餐,1,否,"【任选】披萨随心配（36.80*1）,餐盒（2.00*1）",蛋挞+缤纷水果披萨(7英寸(手拍))+小可乐,,,,非会员,23,,,依据餐量提供餐具,,36.80,18.04,9.00,0.00,0,0,2.01,0.00,6.80,【活动支出】店铺满减:1.00元+【活动支出】首次光顾立减:1.00元+【活动支出】饿了么红包:7.00元+【活动支出】替用户承担配送费:6.0元,-,-,-,2.00,温州区域,温州直营,,,否,-,平台配送
圣比萨·披萨·炸鸡（天河店）,SBM00028,温州,"8066310255475001790	",饿了么,平台外卖,已完成,2025-10-23 17:25:46,2025-10-23 17:25:46,2025-10-23 17:25:46,饿了么支付-在线支付,,即时单,2025-10-23 17:25:46,14.07,自动出餐,1,否,"【任选】披萨随心配（34.80*1）,餐盒（2.00*1）",烤甜玉米+缤纷水果披萨(7英寸(手拍))+小雪碧,,,,非会员,24,,,依据餐量提供餐具,,34.80,20.31,8.00,0.00,0,0,1.94,0.00,3.50,【活动支出】首次光顾立减:1.00元+【活动支出】饿了么红包:7.00元+【活动支出】替用户承担配送费:3.5元,-,-,-,2.00,温州区域,温州直营,,,否,-,平台配送
圣比萨·披萨·炸鸡（天河店）,SBM00028,温州,"8089010255493384626	",饿了么,平台外卖,已完成,2025-10-23 17:49:56,2025-10-23 17:49:56,2025-10-23 17:49:56,饿了么支付-在线支付,,即时单,2025-10-23 17:49:56,14.05,自动出餐,1,否,"酸奶多多流心卷边（7英寸）（4.90*1）,新店开业福利小吃（限一份，多点不送）[墨鱼丸1个]（0.20*1）,蛋挞一个（3.90*1）,缤纷水果披萨-7英寸(手拍)[{""name"":""规格"",""value"":""7英寸(手拍)""}]（25.90*1）,美式香骨鸡（8.90*1）,餐盒（3.00*1）",酸奶多多流心卷边7+深海墨鱼丸1个+蛋挞1个+缤纷水果披萨+美式香骨鸡,,,,非会员,25,,,1份餐具,,43.80,27.20,9.91,0.00,0,0,2.54,0.00,3.50,【活动支出】店铺满减:1.00元+【活动支出】首次光顾立减:1.00元+【活动支出】单品特价:1.91元+【活动支出】饿了么红包:6.00元+【活动支出】替用户承担配送费:3.5元,-,-,-,3.00,温州区域,温州直营,,,否,-,平台配送
圣比萨·披萨·炸鸡（天河店）,SBM00028,温州,"8032606089380652517	",饿了么,平台外卖,已完成,2025-10-23 17:51:54,2025-10-23 17:51:54,2025-10-23 17:51:54,饿了么支付-在线支付,,即时单,2025-10-23 17:51:54,14.00,自动出餐,1,否,"【随心❤️拼】7英寸双拼披萨（口味自选）[新奥尔良烤鸡肉+缤纷水果]（27.90*1）,奶酪芝士卷边（7英寸）（4.90*1）,餐盒（2.00*1）",双拼7寸【奥尔良口味7】+双拼7寸【缤纷水果口味7】+奶酪芝士卷边7,,,,非会员,26,,,依据餐量提供餐具,,32.80,18.19,7.00,0.00,0,0,1.86,0.00,6.20,【活动支出】首次光顾立减:1.00元+【活动支出】饿了么红包:6.00元+【活动支出】替用户承担配送费:6.0元,-,-,-,2.00,温州区域,温州直营,,,否,-,平台配送
圣比萨·披萨·炸鸡（天河店）,SBM00028,温州,"8054450255593136638	",饿了么,平台外卖,已完成,2025-10-23 18:13:45,2025-10-23 18:13:45,2025-10-23 18:13:45,饿了么支付-在线支付,,即时单,2025-10-23 18:13:45,14.08,自动出餐,1,否,"明星小食桶任选3（17.80*1）,【随心❤️拼】7英寸双拼披萨（口味自选）[新奥尔良烤鸡肉+日系照烧鸡]（27.90*1）,餐盒（3.00*1）",深海墨鱼丸(3个)+地道肠1根+经典薯条+双拼7寸【奥尔良口味7】+双拼7寸【日系照烧口味7】,,,,非会员,27,,,依据餐量提供餐具,,45.70,25.07,10.00,0.00,0,0,2.68,0.00,7.40,【活动支出】店铺满减:1.00元+【活动支出】首次光顾立减:1.00元+【活动支出】饿了么红包:8.00元+【活动支出】替用户承担配送费:6.0元,-,-,-,3.00,温州区域,温州直营,,,否,-,平台配送
圣比萨·披萨·炸鸡（天河店）,SBM00028,温州,"8027726089397593533	",饿了么,平台外卖,已完成,2025-10-23 18:28:43,2025-10-23 18:28:43,2025-10-23 18:28:43,饿了么支付-在线支付,,即时单,2025-10-23 18:28:43,14.22,自动出餐,1,否,"新奥尔良烤鸡肉披萨-7英寸(手拍)[{""name"":""规格"",""value"":""7英寸(手拍)""}]（25.90*1）,餐盒（2.00*1）",新奥尔良烤鸡肉披萨,,,,非会员,28,,,依据餐量提供餐具,,25.90,10.92,7.00,0.00,0,0,1.43,0.00,7.40,【活动支出】首次光顾立减:1.00元+【活动支出】饿了么红包:6.00元+【活动支出】替用户承担配送费:6.0元,-,-,-,2.00,温州区域,温州直营,,,否,-,平台配送
圣比萨·披萨·炸鸡（天河店）,SBM00028,温州,"8054170255425952221	",饿了么,平台外卖,已完成,2025-10-23 18:34:53,2025-10-23 18:34:53,2025-10-23 18:34:54,饿了么支付-在线支付,,即时单,2025-10-23 18:34:53,14.18,自动出餐,1,否,"【任选】披萨随心配（31.90*1）,餐盒（2.00*1）",深海墨鱼丸(3个)+日系照烧鸡披萨(7英寸(手拍))+小可乐,,,,非会员,29,,,依据餐量提供餐具,,31.90,17.77,8.50,0.00,0,0,1.68,0.00,3.50,【活动支出】下单返红包:1.50元+【活动支出】饿了么红包:7.00元+【活动支出】替用户承担配送费:3.5元,-,-,-,2.00,温州区域,温州直营,,,否,-,平台配送
圣比萨·披萨·炸鸡（天河店）,SBM00028,温州,"8085836089382569324	",饿了么,平台外卖,已完成,2025-10-23 18:48:27,2025-10-23 18:48:27,2025-10-23 18:48:28,饿了么支付-在线支付,,即时单,2025-10-23 18:48:27,14.02,自动出餐,1,否,"新店开业福利小吃（限一份，多点不送）[上校鸡块2个]（0.20*1）,蛋挞一个（3.90*1）,【随心❤️拼】7英寸双拼披萨（口味自选）[缤纷水果+浪漫威尼斯]（27.90*1）,餐盒（2.00*1）",上校鸡块2个+蛋挞1个+双拼7寸【缤纷水果口味7】+双拼7寸【浪漫威尼斯口味7】,,,,非会员,30,,,依据餐量提供餐具,,32.00,16.56,9.91,0.00,0,0,1.58,0.00,3.50,【活动支出】首次光顾立减:1.00元+【活动支出】单品特价:1.91元+【活动支出】饿了么红包:7.00元+【活动支出】替用户承担配送费:3.5元,-,-,-,2.00,温州区域,温州直营,,,否,-,平台配送
圣比萨·披萨·炸鸡（天河店）,SBM00028,温州,"8016766089460432139	",饿了么,平台外卖,已完成,2025-10-23 19:29:21,2025-10-23 19:29:21,2025-10-23 19:29:21,饿了么支付-在线支付,,即时单,2025-10-23 19:29:21,14.12,自动出餐,1,否,"新店开业福利小吃（限一份，多点不送）[墨鱼丸1个]（0.20*1）,明星小食桶任选3（14.90*1）,奶酪芝士卷边（7英寸）（4.90*1）,经典薯条（8.90*1）,大圣招牌大满贯披萨-7英寸(手拍)[{""name"":""规格"",""value"":""7英寸(手拍)""}]（33.90*1）,餐盒（4.00*1）",深海墨鱼丸1个+深海墨鱼丸(3个)+上校鸡块+缤纷芝士挞(香蕉味)+奶酪芝士卷边7+经典薯条+大圣招牌大满贯披萨,,,,非会员,31,,,对骑手 如果我没接到电话就帮我直接放到门卫室外面的桌子上 / 依据餐量提供餐具,,62.80,47.59,3.00,0.00,0,0,4.56,0.00,5.00,【活动支出】店铺满减:2.00元+【活动支出】首次光顾立减:1.00元+【活动支出】替用户承担配送费:5.0元,-,-,-,4.00,温州区域,温州直营,,,否,-,平台配送
圣比萨·披萨·炸鸡（天河店）,SBM00028,温州,"8046350255537501632	",饿了么,平台外卖,已完成,2025-10-23 19:30:42,2025-10-23 19:30:42,2025-10-23 19:30:42,饿了么支付-在线支付,,即时单,2025-10-23 19:30:42,14.03,自动出餐,1,否,"大圣招牌大满贯披萨-9英寸(手拍)[{""name"":""规格"",""value"":""9英寸(手拍)""}]（43.90*1）,餐盒（2.00*1）",大圣招牌大满贯披萨,,,,非会员,32,,,依据餐量提供餐具,,43.90,25.82,10.50,0.00,0,0,2.43,0.00,3.50,【活动支出】店铺满减:1.00元+【活动支出】下单返红包:1.50元+【活动支出】饿了么红包:8.00元+【活动支出】替用户承担配送费:3.5元,-,-,-,2.00,温州区域,温州直营,,,否,-,平台配送
圣比萨·披萨·炸鸡（天河店）,SBM00028,温州,"8044110255450162684	",饿了么,平台外卖,已完成,2025-10-23 19:36:50,2025-10-23 19:36:50,2025-10-23 19:36:51,饿了么支付-在线支付,,即时单,2025-10-23 19:36:50,14.08,自动出餐,1,否,"新奥尔良烤鸡肉披萨-7英寸(手拍)[{""name"":""规格"",""value"":""7英寸(手拍)""}]（25.90*1）,餐盒（2.00*1）",新奥尔良烤鸡肉披萨,,,,非会员,33,,,依据餐量提供餐具,,25.90,14.12,7.00,0.00,0,0,1.43,0.00,3.50,【活动支出】首次光顾立减:1.00元+【活动支出】饿了么红包:6.00元+【活动支出】替用户承担配送费:3.5元,-,-,-,2.00,温州区域,温州直营,,,否,-,平台配送
圣比萨·披萨·炸鸡（天河店）,SBM00028,温州,"8010806089457911225	",饿了么,平台外卖,已完成,2025-10-23 19:41:53,2025-10-23 19:41:53,2025-10-23 19:41:54,饿了么支付-在线支付,,即时单,2025-10-23 19:41:53,14.10,自动出餐,1,否,"【任选】披萨随心配（31.90*1）,餐盒（2.00*1）",深海墨鱼丸(3个)+新奥尔良烤鸡肉披萨(7英寸(手拍))+小可乐,,,,非会员,34,,,依据餐量提供餐具,,31.90,19.16,7.00,0.00,0,0,1.79,0.00,3.50,【活动支出】首次光顾立减:1.00元+【活动支出】饿了么红包:6.00元+【活动支出】替用户承担配送费:3.5元,-,-,-,2.00,温州区域,温州直营,,,否,-,平台配送
圣比萨·披萨·炸鸡（天河店）,SBM00028,温州,"8026746089462628829	",饿了么,平台外卖,已完成,2025-10-23 20:43:35,2025-10-23 20:43:35,2025-10-23 20:43:36,饿了么支付-在线支付,,即时单,2025-10-23 20:43:35,13.20,自动出餐,1,否,"咸蛋黄风味流心卷边（9英寸）（6.90*1）,【随心❤️拼】9英寸双拼披萨（口味自选）[缤纷水果+日系照烧鸡]（37.90*1）,餐盒（2.00*1）",咸蛋黄流沙卷边9+双拼9寸【缤纷水果口味9】+双拼9寸【日系照烧口味9】,,,,非会员,35,,,依据餐量提供餐具,,44.80,22.99,11.00,0.00,0,0,2.46,0.00,7.40,【活动支出】店铺满减:1.00元+【活动支出】首次光顾立减:1.00元+【活动支出】饿了么红包:9.00元+【活动支出】替用户承担配送费:6.0元,-,-,-,2.00,温州区域,温州直营,,,否,-,平台配送
圣比萨·披萨·炸鸡（天河店）,SBM00028,温州,"8027140255581698494	",饿了么,平台外卖,已完成,2025-10-23 21:09:14,2025-10-23 21:09:14,2025-10-23 21:09:15,饿了么支付-在线支付,,即时单,2025-10-23 21:09:14,13.22,自动出餐,1,否,"红薯薯泥流心卷边（7英寸）（4.90*1）,新奥尔良烤鸡肉披萨-7英寸(手拍)[{""name"":""规格"",""value"":""7英寸(手拍)""}]（25.90*1）,餐盒（2.00*1）",红薯泥流心卷边7+新奥尔良烤鸡肉披萨,,,,非会员,36,,,依据餐量提供餐具,,30.80,16.25,8.50,0.00,0,0,1.60,0.00,5.60,【活动支出】下单返红包:1.50元+【活动支出】饿了么红包:7.00元+【活动支出】替用户承担配送费:5.6元,-,-,-,2.00,温州区域,温州直营,,,否,-,平台配送
圣比萨·披萨·炸鸡（天河店）,SBM00028,温州,"8085490255579083066	",饿了么,平台外卖,已完成,2025-10-23 21:10:57,2025-10-23 21:10:57,2025-10-23 21:10:57,饿了么支付-在线支付,,即时单,2025-10-23 21:10:57,13.07,自动出餐,1,否,"新店开业福利小吃（限一份，多点不送）[上校鸡块2个]（0.20*1）,大圣招牌大满贯披萨-9英寸(手拍)[{""name"":""规格"",""value"":""9英寸(手拍)""}]（43.90*1）,明星小食桶任选3（20.70*1）,餐盒（3.00*1）",上校鸡块2个+大圣招牌大满贯披萨+上校鸡块+经典薯条+盐酥鸡粒,,,,非会员,37,,,依据餐量提供餐具,,64.80,38.25,15.50,0.00,0,0,3.70,0.00,6.60,【活动支出】店铺满减:2.00元+【活动支出】饿了么红包:12.00元+【活动支出】下单返红包:1.50元+【活动支出】替用户承担配送费:6.0元,-,-,-,3.00,温州区域,温州直营,,,否,-,平台配送
圣比萨·披萨·炸鸡（天河店）,SBM00028,温州,"8032470255486812530	",饿了么,平台外卖,已完成,2025-10-23 21:16:38,2025-10-23 21:16:38,2025-10-23 21:16:38,饿了么支付-在线支付,,即时单,2025-10-23 21:16:38,13.00,自动出餐,1,否,"新奥尔良烤鸡肉披萨-7英寸(手拍)[{""name"":""规格"",""value"":""7英寸(手拍)""}]（25.90*1）,餐盒（2.00*1）",新奥尔良烤鸡肉披萨,,,,非会员,38,,,依据餐量提供餐具,,25.90,13.62,7.00,0.00,0,0,1.43,0.00,5.60,【活动支出】首次光顾立减:1.00元+【活动支出】饿了么红包:6.00元+【活动支出】替用户承担配送费:5.6元,-,-,-,2.00,温州区域,温州直营,,,否,-,平台配送
圣比萨·披萨·炸鸡（天河店）,SBM00028,温州,"8041876089471978834	",饿了么,平台外卖,已完成,2025-10-23 21:16:47,2025-10-23 21:16:47,2025-10-23 21:16:47,饿了么支付-在线支付,,即时单,2025-10-23 21:16:47,13.07,自动出餐,1,否,"【任选】披萨随心配（31.90*1）,餐盒（2.00*1）",地道肠1根+新奥尔良烤鸡肉披萨(7英寸(手拍))+小可乐,,,,非会员,39,,,无需餐具,,31.90,16.86,7.00,0.00,0,0,1.79,0.00,7.10,【活动支出】首次光顾立减:1.00元+【活动支出】饿了么红包:6.00元+【活动支出】替用户承担配送费:6.0元,-,-,-,2.00,温州区域,温州直营,,,否,-,平台配送
圣比萨·披萨·炸鸡（天河店）,SBM00028,温州,"8055706089442524593	",饿了么,平台外卖,已完成,2025-10-23 21:16:55,2025-10-23 21:16:55,2025-10-23 21:16:55,饿了么支付-在线支付,,即时单,2025-10-23 21:16:55,13.22,自动出餐,1,否,"【任选】买一送一7英寸披萨（44.90*1）,餐盒（2.00*1）",缤纷水果披萨(7英寸(手拍))+碳烤鸡肉培根披萨(7英寸(手拍)),,,,非会员,40,,,不要打电话拍照 / 2份餐具,,44.90,23.03,9.00,0.00,0,0,2.62,0.00,8.70,【活动支出】店铺满减:1.00元+【活动支出】饿了么红包:8.00元+【活动支出】替用户承担配送费:6.0元,-,-,-,2.00,温州区域,温州直营,,,否,-,平台配送
圣比萨·披萨·炸鸡（天河店）,SBM00028,温州,"8072260255577144597	",饿了么,平台外卖,已完成,2025-10-23 21:27:51,2025-10-23 21:27:51,2025-10-23 21:27:51,饿了么支付-在线支付,,即时单,2025-10-23 21:27:51,13.05,自动出餐,1,否,"新奥尔良烤鸡肉披萨-7英寸(手拍)[{""name"":""规格"",""value"":""7英寸(手拍)""}]（25.90*1）,餐盒（2.00*1）",新奥尔良烤鸡肉披萨,,,,非会员,41,,,1份餐具,,25.90,13.62,7.00,0.00,0,0,1.43,0.00,5.60,【活动支出】首次光顾立减:1.00元+【活动支出】饿了么红包:6.00元+【活动支出】替用户承担配送费:5.6元,-,-,-,2.00,温州区域,温州直营,,,否,-,平台配送
圣比萨·披萨·炸鸡（响水幸福店）,SBS00009,盐城,"8025220255363330550	",饿了么,平台外卖,已完成,2025-10-23 10:34:50,2025-10-23 10:34:50,2025-10-23 10:34:50,饿了么支付-在线支付,,即时单,2025-10-23 10:34:50,12.20,自动出餐,1,否,【随心❤️拼】7英寸双拼披萨（口味自选）[新奥尔良烤鸡肉+新奥尔良烤鸡肉]（29.90*1）,双拼7寸【奥尔良口味7】+双拼7寸【奥尔良口味7】,,,,非会员,1,,,依据餐量提供餐具,,29.90,12.71,5.00,0.00,0,0,2.21,0.60,6.00,【活动支出】饿了么红包:5.00元+【活动支出】替用户承担配送费:5.0元,-,-,-,0.00,江苏区域,江苏直营店,,,否,-,平台配送
圣比萨·披萨·炸鸡（响水幸福店）,SBS00009,盐城,"8070896089180600764	",饿了么,平台外卖,已完成,2025-10-23 11:08:51,2025-10-23 11:08:51,2025-10-23 11:08:51,饿了么支付-在线支付,,即时单,2025-10-23 11:08:51,14.22,"初始值, 无意义",1,否,7英寸奶酪芝士披萨-单点（17.50*1）,7英寸奶酪芝士披萨-单点,,,,非会员,2,,,依据餐量提供餐具,,17.50,12.00,0.00,0.00,0,0,0.00,0.00,,【活动支出】单品优惠:0.00元,-,-,-,0.00,江苏区域,江苏直营店,,,否,-,平台配送
圣比萨·披萨·炸鸡（响水幸福店）,SBS00009,盐城,"8085616089195682120	",饿了么,平台外卖,已完成,2025-10-23 11:23:48,2025-10-23 11:23:48,2025-10-23 11:23:48,饿了么支付-在线支付,,即时单,2025-10-23 11:23:48,14.13,自动出餐,1,否,大圣香肠披萨-单点（15.50*1）,大圣香肠披萨-单点,,,,非会员,3,,,不要青豆 / 依据餐量提供餐具,,15.50,10.00,0.00,0.00,0,0,0.00,0.00,,【活动支出】单品优惠:0.00元,-,-,-,0.00,江苏区域,江苏直营店,,,否,-,平台配送
圣比萨·披萨·炸鸡（响水幸福店）,SBS00009,盐城,"8093170255237567908	",饿了么,平台外卖,已完成,2025-10-23 11:45:45,2025-10-23 11:45:45,2025-10-23 11:45:45,饿了么支付-在线支付,,即时单,2025-10-23 11:45:45,14.02,自动出餐,1,否,"大圣水果披萨-单点[{""name"":""规格"",""value"":""单点""}]（15.50*1）","大圣水果披萨-单点[{""name"":""规格"",""value"":""单点""}]",,,,非会员,4,,,-,,15.50,10.00,0.00,0.00,0,0,0.00,0.00,,【活动支出】单品优惠:0.00元,-,-,-,0.00,江苏区域,江苏直营店,,,否,-,平台配送
圣比萨·披萨·炸鸡（响水幸福店）,SBS00009,盐城,"8080926089271219538	",饿了么,平台外卖,已完成,2025-10-23 12:45:05,2025-10-23 12:45:05,2025-10-23 12:45:05,饿了么支付-在线支付,,即时单,2025-10-23 12:45:05,14.22,自动出餐,1,否,【任选】披萨随心配（40.80*1）,缤纷水果披萨(7英寸(手拍))+不加一+小可乐+上校鸡块+不加一,,,,非会员,5,,,依据餐量提供餐具,,40.80,21.41,5.00,0.00,0,0,3.02,0.82,5.00,【活动支出】单品特价:5.00元+【活动支出】替用户承担配送费:5.0元,-,-,-,0.00,江苏区域,江苏直营店,,,否,-,平台配送
圣比萨·披萨·炸鸡（响水幸福店）,SBS00009,盐城,"8073886089333546341	",饿了么,平台外卖,已完成,2025-10-23 16:00:34,2025-10-23 16:00:34,2025-10-23 16:00:34,饿了么支付-在线支付,,即时单,2025-10-23 16:00:34,12.17,自动出餐,1,否,大圣香肠披萨-单点（15.50*1）,大圣香肠披萨-单点,,,,非会员,6,,,依据餐量提供餐具,,15.50,10.00,0.00,0.00,0,0,0.00,0.00,,【活动支出】单品优惠:0.00元,-,-,-,0.00,江苏区域,江苏直营店,,,否,-,平台配送
圣比萨·披萨·炸鸡（响水幸福店）,SBS00009,盐城,"8032726089358064075	",饿了么,平台外卖,已完成,2025-10-23 16:11:22,2025-10-23 16:11:22,2025-10-23 16:11:23,饿了么支付-在线支付,,即时单,2025-10-23 16:11:22,10.65,手动出餐,1,否,"大圣香肠披萨-单点[{""name"":""规格"",""value"":""单点""}]（15.50*1）","大圣香肠披萨-单点[{""name"":""规格"",""value"":""单点""}]",,,,非会员,7,,,2份餐具,,15.50,10.00,0.00,0.00,0,0,0.00,0.00,,【活动支出】单品优惠:0.00元,-,-,-,0.00,江苏区域,江苏直营店,,,否,-,平台配送
圣比萨·披萨·炸鸡（响水幸福店）,SBS00009,盐城,"8001986089339417895	",饿了么,平台外卖,已完成,2025-10-23 16:33:12,2025-10-23 16:33:12,2025-10-23 16:33:13,饿了么支付-在线支付,,即时单,2025-10-23 16:33:12,12.10,自动出餐,1,否,大圣香肠披萨-单点（15.50*1）,大圣香肠披萨-单点,,,,非会员,8,,,依据餐量提供餐具,,15.50,10.00,0.00,0.00,0,0,0.00,0.00,,【活动支出】单品优惠:0.00元,-,-,-,0.00,江苏区域,江苏直营店,,,否,-,平台配送
圣比萨·披萨·炸鸡（响水幸福店）,SBS00009,盐城,"8007696089370196403	",饿了么,平台外卖,已完成,2025-10-23 16:46:19,2025-10-23 16:46:19,2025-10-23 16:46:19,饿了么支付-在线支付,,即时单,2025-10-23 16:46:19,12.08,自动出餐,1,否,小鸡肉串（20串）+芝士棒-单点[孜然]（15.50*1）,小鸡肉串（20串）+芝士棒-单点[孜然],,,,非会员,9,,,依据餐量提供餐具,,15.50,10.00,0.00,0.00,0,0,0.00,0.00,,【活动支出】单品优惠:0.00元,-,-,-,0.00,江苏区域,江苏直营店,,,否,-,平台配送
圣比萨·披萨·炸鸡（响水幸福店）,SBS00009,盐城,"8059566089386941748	",饿了么,平台外卖,已完成,2025-10-23 18:14:54,2025-10-23 18:14:54,2025-10-23 18:14:54,饿了么支付-在线支付,,即时单,2025-10-23 18:14:54,14.18,自动出餐,1,否,大圣香肠披萨-单点（15.50*1）,大圣香肠披萨-单点,,,,非会员,10,,,依据餐量提供餐具,,15.50,10.00,0.00,0.00,0,0,0.00,0.00,,【活动支出】单品优惠:0.00元,-,-,-,0.00,江苏区域,江苏直营店,,,否,-,平台配送
圣比萨·披萨·炸鸡（响水幸福店）,SBS00009,盐城,"8028300255499001117	",饿了么,平台外卖,已完成,2025-10-23 18:16:47,2025-10-23 18:16:47,2025-10-23 18:16:48,饿了么支付-在线支付,,即时单,2025-10-23 18:16:47,14.22,自动出餐,1,否,"蛋挞（两个）（6.90*7）,大圣香肠一串[甘梅]（8.50*1）,上校鸡块（5.90*2）,餐盒（0.50*1）",蛋挞+上校鸡块,,,,非会员,11,,,放在5楼凳子上即可，谢谢 / 依据餐量提供餐具,,68.60,36.13,11.00,0.00,0,0,5.11,1.38,5.00,【活动支出】店铺满减:3.00元+【活动支出】饿了么红包:8.00元+【活动支出】替用户承担配送费:5.0元,-,-,-,0.50,江苏区域,江苏直营店,,,否,-,平台配送
圣比萨·披萨·炸鸡（响水幸福店）,SBS00009,盐城,"8006090255607398657	",饿了么,平台外卖,已完成,2025-10-23 18:42:38,2025-10-23 18:42:38,2025-10-23 18:42:39,饿了么支付-在线支付,,即时单,2025-10-23 18:42:38,14.08,自动出餐,1,否,"新奥尔良烤鸡肉披萨-7英寸(手拍)[{""name"":""规格"",""value"":""7英寸(手拍)""}]（28.90*1）",新奥尔良烤鸡肉披萨,,,,非会员,12,,,依据餐量提供餐具,,28.90,12.19,5.00,0.00,0,0,2.14,0.58,5.00,【活动支出】超级会员专享红包:5.00元+【活动支出】替用户承担配送费:5.0元,-,-,-,0.00,江苏区域,江苏直营店,,,否,-,平台配送
圣比萨·披萨·炸鸡（响水幸福店）,SBS00009,盐城,"8061440255635490134	",饿了么,平台外卖,已完成,2025-10-23 19:21:20,2025-10-23 19:21:20,2025-10-23 19:21:20,饿了么支付-在线支付,,即时单,2025-10-23 19:21:20,10.07,手动出餐,1,否,【任选】披萨随心配（35.90*1）,新奥尔良烤鸡肉披萨(7英寸(手拍))+不加一+小芬达+地道肠1根+不加一,,,,非会员,13,,,1份餐具,,35.90,17.82,5.00,0.00,0,0,2.66,0.72,5.00,【活动支出】单品特价:5.00元+【活动支出】替用户承担配送费:5.0元,-,-,-,0.00,江苏区域,江苏直营店,,,否,-,平台配送
圣比萨·披萨·炸鸡（响水幸福店）,SBS00009,盐城,"8047566089442376018	",饿了么,平台外卖,已完成,2025-10-23 19:58:45,2025-10-23 19:58:45,2025-10-23 19:58:45,饿了么支付-在线支付,,即时单,2025-10-23 19:58:45,12.10,自动出餐,1,否,"蛋挞（两个）（6.90*1）,【随心❤️拼】9英寸双拼披萨（口味自选）[新奥尔良烤鸡肉+碳烤鸡肉培根]（42.90*1）,点击右上角❤️收藏得小吃（限一份，多点不送）[上校鸡块2个]（0.00*1）",蛋挞+双拼9寸【奥尔良口味9】+双拼9寸【鸡肉培根口味9】+上校鸡块2个,,,,非会员,14,,,"不要辣, 不要辣, 不要香菜, 不要辣, 不要香菜, 不要辣, 不要香菜
不要敲门放门口 / 依据餐量提供餐具",,49.80,25.87,7.00,0.00,0,0,3.69,1.00,5.00,【活动支出】单品特价:7.00元+【活动支出】替用户承担配送费:5.0元,-,-,-,0.00,江苏区域,江苏直营店,,,否,-,平台配送
圣比萨·披萨·炸鸡（响水幸福店）,SBS00009,盐城,"8085270255568640324	",饿了么,平台外卖,已完成,2025-10-23 20:25:00,2025-10-23 20:25:00,2025-10-23 20:25:00,饿了么支付-在线支付,,即时单,2025-10-23 20:25:00,12.02,自动出餐,1,否,"榴莲王披萨-7英寸(手拍)[{""name"":""规格"",""value"":""7英寸(手拍)""}]（36.90*1）,芝士棒（8.50*1）,餐盒（0.50*1）",榴莲王披萨+大圣拉丝芝士棒,,,,非会员,15,,,依据餐量提供餐具,,45.40,23.68,6.50,0.00,0,0,3.40,0.92,5.00,【活动支出】粉丝群:1.00元+【活动支出】饿了么红包:5.50元+【活动支出】替用户承担配送费:5.0元,-,-,-,0.50,江苏区域,江苏直营店,,,否,-,平台配送
圣比萨·披萨·炸鸡（响水幸福店）,SBS00009,盐城,"8017556089487984119	",饿了么,平台外卖,已完成,2025-10-23 20:58:48,2025-10-23 20:58:48,2025-10-23 20:58:48,饿了么支付-在线支付,,即时单,2025-10-23 20:58:48,12.15,自动出餐,1,否,【任选】买一送一7英寸披萨（58.70*1）,新奥尔良烤鸡肉披萨(7英寸(手拍))+日系照烧鸡披萨(7英寸(手拍)),,,,非会员,16,,,依据餐量提供餐具,,58.70,29.58,10.00,0.00,0,0,4.34,1.17,5.00,【活动支出】店铺满减:3.00元+【活动支出】粉丝群:1.00元+【活动支出】饿了么红包:6.00元+【活动支出】替用户承担配送费:5.0元,-,-,-,0.00,江苏区域,江苏直营店,,,否,-,平台配送
圣比萨·披萨·炸鸡（响水幸福店）,SBS00009,盐城,"8096040255673813322	",饿了么,平台外卖,已完成,2025-10-23 21:01:13,2025-10-23 21:01:13,2025-10-23 21:01:14,饿了么支付-在线支付,,即时单,2025-10-23 21:01:13,12.03,自动出餐,1,否,"芝士焗红薯泥（10.90*1）,经典薯条（8.90*1）,新奥尔良烤鸡肉披萨-7英寸(手拍)[{""name"":""规格"",""value"":""7英寸(手拍)""}]（28.90*1）",芝士焗红薯泥+经典薯条+新奥尔良烤鸡肉披萨,,,,非会员,17,,,无需餐具,,48.70,22.72,9.00,0.00,0,0,3.60,0.97,5.00,【活动支出】饿了么红包:9.00元+【活动支出】替用户承担配送费:5.0元,-,-,-,0.00,江苏区域,江苏直营店,,,否,-,平台配送
圣比萨·披萨·炸鸡（响水幸福店）,SBS00009,盐城,"8081606089507055027	",饿了么,平台外卖,已完成,2025-10-23 22:40:53,2025-10-23 22:40:53,2025-10-23 22:40:53,饿了么支付-在线支付,,即时单,2025-10-23 22:40:53,12.12,自动出餐,1,否,7英寸奶酪芝士披萨-单点（17.50*1）,7英寸奶酪芝士披萨-单点,,,,非会员,18,,,依据餐量提供餐具,,17.50,12.00,0.00,0.00,0,0,0.00,0.00,,【活动支出】单品优惠:0.00元,-,-,-,0.00,江苏区域,江苏直营店,,,否,-,平台配送
圣比萨·披萨·炸鸡（响水幸福店）,SBS00009,盐城,"8032200255698136411	",饿了么,平台外卖,已完成,2025-10-23 22:59:46,2025-10-23 22:59:46,2025-10-23 22:59:46,饿了么支付-在线支付,,即时单,2025-10-23 22:59:46,6.17,手动出餐,1,否,番茄牛肉意面（28.90*1）,番茄牛肉意面,,,,非会员,19,,,依据餐量提供餐具,,28.90,10.98,6.00,0.00,0,0,2.14,0.58,6.00,【活动支出】粉丝群:1.00元+【活动支出】饿了么红包:5.00元+【活动支出】替用户承担配送费:5.0元,-,-,-,0.00,江苏区域,江苏直营店,,,否,-,平台配送
圣比萨·披萨·炸鸡（响水幸福店）,SBS00009,盐城,"8015716089502699877	",饿了么,平台外卖,已完成,2025-10-23 23:01:46,2025-10-23 23:01:46,2025-10-23 23:01:46,饿了么支付-在线支付,,即时单,2025-10-23 23:01:46,11.60,手动出餐,1,否,【随心❤️拼】9英寸双拼披萨（口味自选）[新奥尔良烤鸡肉+碳烤鸡肉培根]（42.90*1）,双拼9寸【奥尔良口味9】+双拼9寸【鸡肉培根口味9】,,,,非会员,20,,,不要敲门，放门口鞋柜上，谢谢 / 无需餐具,,42.90,20.15,7.00,0.00,0,0,3.17,0.86,6.00,【活动支出】单品特价:7.00元+【活动支出】替用户承担配送费:5.0元,-,-,-,0.00,江苏区域,江苏直营店,,,否,-,平台配送
圣比萨（仙降店）,SBM00047,温州,"8053430255151336704	",饿了么,平台外卖,已完成,2025-10-23 09:48:58,2025-10-23 09:48:58,2025-10-23 09:48:58,饿了么支付-在线支付,,预约单,2025-10-23 10:40:00,6.13,自动出餐,1,否,"甜蜜时光薄脆披萨-单层[{""name"":""规格"",""value"":""单层""}]（88.00*1）,黑椒牛肉意面（52.00*1）,餐盒（4.00*1）",甜蜜时光薄脆披萨+黑椒牛肉意面,,,,非会员,1,,,依据餐量提供餐具,,140.00,39.19,92.20,0.00,0,0,3.66,0.00,3.50,【活动支出】店铺满减:6.00元+【活动支出】单品特价:48.10元+【活动支出】单品特价:24.10元+【活动支出】下单返红包:2.00元+【活动支出】饿了么红包:12.00元+【活动支出】替用户承担配送费:3.5元,-,-,-,4.00,温州区域,温州加盟,,,否,-,平台配送
圣比萨（仙降店）,SBM00047,温州,"8087100255284078866	",饿了么,平台外卖,已完成,2025-10-23 11:11:32,2025-10-23 11:11:32,2025-10-23 11:11:33,饿了么支付-在线支付,,即时单,2025-10-23 11:11:32,12.05,自动出餐,1,否,手握三选一-单点[奥尔良]（20.00*1）,奥尔良风情烤鸡肉一人食盒子披萨,,,,非会员,2,,,没接电话，直接放二单元门口桌子上就行，对骑手 / 依据餐量提供餐具,,20.00,10.00,0.00,0.00,0,0,0.00,0.00,,【活动支出】爆品团通吃券:0.00元,-,-,-,0.00,温州区域,温州加盟,,,否,-,平台配送
圣比萨（仙降店）,SBM00047,温州,"8094996089245997470	",饿了么,平台外卖,已完成,2025-10-23 11:43:17,2025-10-23 11:43:17,2025-10-23 11:43:18,饿了么支付-在线支付,,即时单,2025-10-23 11:43:17,12.17,自动出餐,1,否,7寸日系照烧鸡披萨-单点（22.00*1）,日系照烧鸡披萨【7英寸(手拍)】,,,,非会员,3,,,依据餐量提供餐具,,22.00,12.00,0.00,0.00,0,0,0.00,0.00,,【活动支出】拼团反圈活动:0.00元,-,-,-,0.00,温州区域,温州加盟,,,否,-,平台配送
圣比萨（仙降店）,SBM00047,温州,"8073360255354695946	",饿了么,平台外卖,已完成,2025-10-23 16:43:32,2025-10-23 16:43:32,2025-10-23 16:43:33,饿了么支付-在线支付,,即时单,2025-10-23 16:43:32,10.05,自动出餐,1,否,"超豪单人披萨4件套[碳烤鸡肉培根7英寸+金丝鸡排+盐酥鸡米花小份+柠檬茶]（70.00*1）,餐盒（2.00*1）",碳烤鸡肉培根披萨【7英寸(手拍)】+金丝鸡排+盐酥鸡米花小份+柠檬茶,,,,非会员,4,,,依据餐量提供餐具,,70.00,26.28,36.10,0.00,0,0,2.47,0.00,3.50,【活动支出】店铺满减:1.00元+【活动支出】单品特价:27.10元+【活动支出】饿了么红包:8.00元+【活动支出】替用户承担配送费:3.5元,-,-,-,2.00,温州区域,温州加盟,,,否,-,平台配送
圣比萨（仙降店）,SBM00047,温州,"8062656089372231018	",饿了么,平台外卖,已完成,2025-10-23 17:28:08,2025-10-23 17:28:08,2025-10-23 17:28:08,饿了么支付-在线支付,,即时单,2025-10-23 17:28:08,10.08,自动出餐,1,否,"【随心拼】7英寸披萨(口味自选）[水果+水果]（54.00*1）,餐盒（2.00*1）",双拼7寸【缤纷水果口味7】+双拼7寸【缤纷水果口味7】,,,,非会员,5,,,依据餐量提供餐具,,54.00,17.31,31.10,0.00,0,0,1.64,0.00,3.50,【活动支出】单品特价:26.10元+【活动支出】饿了么红包:5.00元+【活动支出】替用户承担配送费:3.5元,-,-,-,2.00,温州区域,温州加盟,,,否,-,平台配送
圣比萨（仙降店）,SBM00047,温州,"8065766089384839569	",饿了么,平台外卖,已完成,2025-10-23 18:43:24,2025-10-23 18:43:24,2025-10-23 18:43:24,饿了么支付-在线支付,,即时单,2025-10-23 18:43:24,12.22,自动出餐,1,否,"手握三选一-单点[缤纷水果][{""name"":""规格"",""value"":""单点""}]（20.00*1）",热带雨林水果一人食盒子披萨,,,,非会员,6,,,依据餐量提供,,20.00,10.00,0.00,0.00,0,0,0.00,0.00,,【活动支出】拼团反圈活动:0.00元,-,-,-,0.00,温州区域,温州加盟,,,否,-,平台配送
圣比萨（仙降店）,SBM00047,温州,"8075320255551714669	",饿了么,平台外卖,已完成,2025-10-23 19:38:25,2025-10-23 19:38:25,2025-10-23 19:38:25,饿了么支付-在线支付,,即时单,2025-10-23 19:38:25,10.15,自动出餐,1,否,"纯芝士披萨7英寸[7英寸]（42.99*1）,点击右上角❤️收藏得小吃[上校鸡块2个]（5.00*1）,餐盒（2.50*1）",金牌芝士披萨【7英寸(手拍)】+上校鸡块2个,,,,非会员,7,,,依据餐量提供餐具,,47.99,16.01,26.99,0.00,0,0,1.54,0.00,3.50,【活动支出】单品特价:17.09元+【活动支出】单品特价:4.90元+【活动支出】饿了么红包:5.00元+【活动支出】替用户承担配送费:3.5元,-,-,-,2.50,温州区域,温州加盟,,,否,-,平台配送
圣比萨（仙降店）,SBM00047,温州,"8030230255533739457	",饿了么,平台外卖,已完成,2025-10-23 19:40:31,2025-10-23 19:40:31,2025-10-23 19:40:31,饿了么支付-在线支付,,即时单,2025-10-23 19:40:31,10.20,自动出餐,1,否,手握三选一-单点[奥尔良]（20.00*1）,奥尔良风情烤鸡肉一人食盒子披萨,,,,非会员,8,,,依据餐量提供餐具,,20.00,10.00,0.00,0.00,0,0,0.00,0.00,,【活动支出】拼团反圈活动:0.00元,-,-,-,0.00,温州区域,温州加盟,,,否,-,平台配送
圣比萨（仙降店）,SBM00047,温州,"8028816089484662204	",饿了么,平台外卖,已完成,2025-10-23 22:11:45,2025-10-23 22:11:45,2025-10-23 22:11:45,饿了么支付-在线支付,,即时单,2025-10-23 22:11:45,10.20,自动出餐,1,否,"番茄牛肉意面（31.74*1）,餐盒（2.00*1）",番茄牛肉意面,,,,非会员,9,,,依据餐量提供餐具,,31.74,11.62,14.84,0.00,0,0,1.43,0.00,5.60,【活动支出】单品特价:7.84元+【活动支出】 商家自营销加码:2.00元+【活动支出】CPS商户叠加券:0.00元+【活动支出】饿了么红包:5.00元+【活动支出】替用户承担配送费:5.6元,-,-,-,2.00,温州区域,温州加盟,,,否,-,平台配送
圣比萨（垟田店）,SBM00026,温州,"8051736089212128656	",饿了么,平台外卖,已完成,2025-10-23 11:33:32,2025-10-23 11:33:32,2025-10-23 11:33:32,饿了么支付-在线支付,,即时单,2025-10-23 11:33:32,11.67,手动出餐,1,否,"新奥尔良烤鸡肉披萨7寸-单点[{""name"":""规格"",""value"":""单点""}]（22.00*1）",新奥尔良烤鸡肉披萨【7英寸(手拍)】,,,,非会员,2,,,依据餐量提供 需要一起打包,,22.00,12.00,0.00,0.00,0,0,0.00,0.00,,【活动支出】拼团反圈活动:0.00元,-,-,-,0.00,温州区域,温州加盟,,,否,-,平台配送
圣比萨（垟田店）,SBM00026,温州,"8051736089212128655	",饿了么,平台外卖,已完成,2025-10-23 11:33:32,2025-10-23 11:33:32,2025-10-23 11:33:32,饿了么支付-在线支付,,即时单,2025-10-23 11:33:32,11.67,手动出餐,1,否,"番茄牛肉意面-单点[{""name"":""规格"",""value"":""单点""}]（22.59*1）",番茄牛肉意面,,,,非会员,1,,,依据餐量提供 需要一起打包,,22.59,12.59,0.00,0.00,0,0,0.00,0.00,,【活动支出】拼团反圈活动:0.00元,-,-,-,0.00,温州区域,温州加盟,,,否,-,平台配送
圣比萨（垟田店）,SBM00026,温州,"8001480255345604942	",饿了么,平台外卖,已完成,2025-10-23 12:03:44,2025-10-23 12:03:44,2025-10-23 12:03:44,饿了么支付-在线支付,,即时单,2025-10-23 12:03:44,9.37,手动出餐,1,否,"纯芝士披萨7英寸[7英寸]（42.00*1）,餐盒（2.00*1）",金牌芝士披萨【7英寸(手拍)】,,,,非会员,3,,,依据餐量提供餐具,,42.00,10.12,27.10,0.00,0,0,1.43,0.00,3.50,【活动支出】单品特价:20.10元+【活动支出】 商家自营销加码:2.00元+【活动支出】CPS商户叠加券:0.00元+【活动支出】饿了么红包:5.00元+【活动支出】淘金币:0.00元+【活动支出】替用户承担配送费:3.5元,-,-,-,2.00,温州区域,温州加盟,,,否,-,平台配送
圣比萨（垟田店）,SBM00026,温州,"8073506089274819981	",饿了么,平台外卖,已完成,2025-10-23 12:21:05,2025-10-23 12:21:05,2025-10-23 12:21:06,饿了么支付-在线支付,,即时单,2025-10-23 12:21:05,12.13,自动出餐,1,否,"纯芝士披萨7英寸[7英寸]（42.00*1）,餐盒（2.00*1）",金牌芝士披萨【7英寸(手拍)】,,,,非会员,4,,,依据餐量提供餐具,,42.00,10.12,27.10,0.00,0,0,1.43,0.00,3.50,【活动支出】单品特价:20.10元+【活动支出】 商家自营销加码:2.00元+【活动支出】饿了么红包:5.00元+【活动支出】替用户承担配送费:3.5元,-,-,-,2.00,温州区域,温州加盟,,,否,-,平台配送
圣比萨（垟田店）,SBM00026,温州,"8061220255414633794	",饿了么,平台外卖,已完成,2025-10-23 14:33:37,2025-10-23 14:33:37,2025-10-23 14:33:37,饿了么支付-在线支付,,即时单,2025-10-23 14:33:37,10.13,自动出餐,1,否,"【爆款精品】人气披萨2选1-7英寸[缤纷水果披萨][{""name"":""规格"",""value"":""7英寸""}]（42.00*1）,餐盒（2.00*1）",爆款人气披萨二选一,,,,非会员,5,,,依据餐量提供餐具,,42.00,14.12,23.10,0.00,0,0,1.43,0.00,3.50,【活动支出】单品特价:16.10元+【活动支出】粉丝群:2.00元+【活动支出】饿了么红包:5.00元+【活动支出】替用户承担配送费:3.5元,-,-,-,2.00,温州区域,温州加盟,,,否,-,平台配送
圣比萨（垟田店）,SBM00026,温州,"8056340255490192766	",饿了么,平台外卖,已完成,2025-10-23 17:49:05,2025-10-23 17:49:05,2025-10-23 17:49:06,饿了么支付-在线支付,,即时单,2025-10-23 17:49:05,12.00,自动出餐,1,否,"9寸披萨随❤️双拼[圣比至尊+牛肉至尊]（75.00*1）,餐盒（2.00*1）",双拼9寸【圣比招牌口味9】+双拼9寸【牛魔王口味9】,,,,非会员,6,,,依据餐量提供餐具,,75.00,21.33,47.10,0.00,0,0,2.02,0.00,3.50,【活动支出】店铺满减:1.00元+【活动支出】单品特价:35.10元+【活动支出】粉丝群:2.00元+【活动支出】饿了么红包:9.00元+【活动支出】替用户承担配送费:3.5元,-,-,-,2.00,温州区域,温州加盟,,,否,-,平台配送
圣比萨（垟田店）,SBM00026,温州,"8036250255490990560	",饿了么,平台外卖,已完成,2025-10-23 17:58:44,2025-10-23 17:58:44,2025-10-23 17:58:44,饿了么支付-在线支付,,即时单,2025-10-23 17:58:44,10.13,手动出餐,1,否,新奥尔良烤鸡肉披萨7寸-单点（22.00*1）,新奥尔良烤鸡肉披萨【7英寸(手拍)】,,,,非会员,7,,,1份餐具,,22.00,12.00,0.00,0.00,0,0,0.00,0.00,,【活动支出】拼团反圈活动:0.00元,-,-,-,0.00,温州区域,温州加盟,,,否,-,平台配送
圣比萨（垟田店）,SBM00026,温州,"8083320255648960876	",饿了么,平台外卖,已完成,2025-10-23 20:07:50,2025-10-23 20:07:50,2025-10-23 20:07:50,饿了么支付-在线支付,,即时单,2025-10-23 20:07:50,10.02,自动出餐,1,否,新奥尔良烤鸡肉披萨7寸-单点（22.00*1）,新奥尔良烤鸡肉披萨【7英寸(手拍)】,,,,非会员,8,,,1份餐具,,22.00,12.00,0.00,0.00,0,0,0.00,0.00,,【活动支出】拼团反圈活动:0.00元,-,-,-,0.00,温州区域,温州加盟,,,否,-,平台配送
圣比萨（垟田店）,SBM00026,温州,"8002706089427583295	",饿了么,平台外卖,已完成,2025-10-23 20:25:32,2025-10-23 20:25:32,2025-10-23 20:25:32,饿了么支付-在线支付,,即时单,2025-10-23 20:25:32,10.22,自动出餐,1,否,"奶酪芝士卷边（7英寸）（4.90*1）,7英寸披萨买一送一[缤纷水果披萨7英寸+日系照烧鸡披萨7英寸]（86.80*1）",缤纷水果披萨【7英寸(手拍)】+日系照烧鸡披萨【7英寸(手拍)】,,,,非会员,9,,,3份餐具,,91.70,31.60,49.40,0.00,0,0,2.95,0.00,3.50,【活动支出】单品特价:49.40元+【活动支出】替用户承担配送费:3.5元,-,-,-,0.00,温州区域,温州加盟,,,否,-,平台配送
圣比萨（垟田店）,SBM00026,温州,"8090816089483523423	",饿了么,平台外卖,已完成,2025-10-23 21:02:45,2025-10-23 21:02:45,2025-10-23 21:02:45,饿了么支付-在线支付,,即时单,2025-10-23 21:02:45,10.02,自动出餐,1,否,"缤纷水果披萨-7英寸(经典手拍)[{""name"":""规格"",""value"":""7英寸(经典手拍)""}]（42.00*1）,榴莲王披萨-9英寸(轻巧薄脆)[{""name"":""规格"",""value"":""9英寸(轻巧薄脆)""}]（92.00*1）,餐盒（3.00*1）",缤纷水果披萨,,,,非会员,10,,,4份餐具,,134.00,36.26,82.20,0.00,0,0,3.89,0.00,11.70,【活动支出】店铺满减:6.00元+【活动支出】单品特价:16.10元+【活动支出】单品特价:48.10元+【活动支出】饿了么红包:12.00元+【活动支出】替用户承担配送费:6.0元,-,-,-,3.00,温州区域,温州加盟,,,否,-,平台配送
圣比萨（垟田店）,SBM00026,温州,"8085816089456346443	",饿了么,平台外卖,已完成,2025-10-23 21:52:17,2025-10-23 21:52:17,2025-10-23 21:52:17,饿了么支付-在线支付,,即时单,2025-10-23 21:52:17,10.05,自动出餐,1,否,"台式香烤地道肠（7.50*1）,番茄牛肉意面（52.00*1）,餐盒（3.00*1）",地道肠1根+番茄牛肉意面,,,,非会员,11,,,"对骑手, 不要敲门, 放门口 / 依据餐量提供餐具",,59.50,14.61,40.61,0.00,0,0,1.43,0.00,5.60,【活动支出】单品特价:5.51元+【活动支出】单品特价:28.10元+【活动支出】 商家自营销加码:2.00元+【活动支出】CPS商户叠加券:0.00元+【活动支出】饿了么红包:5.00元+【活动支出】替用户承担配送费:5.6元,-,-,-,3.00,温州区域,温州加盟,,,否,-,平台配送
圣比萨（垟田店）,SBM00026,温州,"8071320255687769596	",饿了么,平台外卖,已完成,2025-10-23 22:17:20,2025-10-23 22:17:20,2025-10-23 22:17:21,饿了么支付-在线支付,,即时单,2025-10-23 22:17:20,10.05,自动出餐,1,否,"【爆款精品】人气披萨2选1-7英寸[缤纷水果披萨][{""name"":""规格"",""value"":""7英寸""}]（42.00*1）,餐盒（2.00*1）",爆款人气披萨二选一,,,,非会员,12,,,依据餐量提供餐具,,42.00,13.62,23.10,0.00,0,0,1.43,0.00,5.60,【活动支出】单品特价:16.10元+【活动支出】 商家自营销加码:2.00元+【活动支出】饿了么红包:5.00元+【活动支出】替用户承担配送费:5.6元,-,-,-,2.00,温州区域,温州加盟,,,否,-,平台配送
圣比萨（垟田店）,SBM00026,温州,"8029460255608887689	",饿了么,平台外卖,已完成,2025-10-23 22:46:24,2025-10-23 22:46:24,2025-10-23 22:46:24,饿了么支付-在线支付,,即时单,2025-10-23 22:46:24,10.12,自动出餐,1,否,"奶酪芝士卷边（7英寸）（4.90*1）,【随心拼】7英寸披萨(口味自选）[圣比至尊+水果]（54.00*1）,台式香烤地道肠（7.50*1）,蛋挞一个（原味）（5.00*1）,餐盒（3.00*1）",双拼7寸【圣比招牌口味7】+双拼7寸【缤纷水果口味7】+地道肠1根+蛋挞1个,,,,非会员,13,,,依据餐量提供餐具,,71.40,27.52,36.62,0.00,0,0,2.61,0.00,5.60,【活动支出】单品特价:27.10元+【活动支出】单品特价:5.51元+【活动支出】单品特价:4.01元+【活动支出】替用户承担配送费:5.6元,-,-,-,3.00,温州区域,温州加盟,,,否,-,平台配送
圣比萨（瓯北立体城店）,SBM00003,温州,"8010586089145051620	",饿了么,平台外卖,已完成,2025-10-23 10:08:56,2025-10-23 10:08:56,2025-10-23 10:08:57,饿了么支付-在线支付,,即时单,2025-10-23 10:08:56,17.67,手动出餐,1,否,"9寸披萨随❤️双拼[奥尔良+培根鸡肉]（80.00*1）,餐盒（2.00*1）",双拼9寸【奥尔良口味9】+双拼9寸【鸡肉培根口味9】,,,,非会员,1,,,依据餐量提供餐具,,80.00,25.30,46.10,0.00,0,0,3.45,0.00,3.90,【活动支出】店铺满减:1.00元+【活动支出】单品特价:40.10元+【活动支出】饿了么红包:5.00元+【活动支出】替用户承担配送费:3.9元,-,-,-,2.00,温州区域,温州加盟,,,否,-,平台配送
圣比萨（瓯北立体城店）,SBM00003,温州,"8041020255372097841	",饿了么,平台外卖,已完成,2025-10-23 10:53:57,2025-10-23 10:53:57,2025-10-23 10:53:57,饿了么支付-在线支付,,即时单,2025-10-23 10:53:57,14.82,手动出餐,1,否,"蛋挞一个（原味）（5.00*1）,任选焗饭3选1+小吃5选1+饮料[黑椒牛肉芝士焗饭+地道肠1根+港式奶茶]（57.00*1）,点击右上角❤️收藏得小吃[上校鸡块2个]（2.00*1）,餐盒（3.50*1）",蛋挞1个+黑椒牛肉芝士焗饭+地道肠【1根】+港式奶茶+上校鸡块2个,,,,非会员,2,,,依据餐量提供餐具,,64.00,20.16,38.01,0.00,0,0,2.78,0.00,3.90,【活动支出】单品特价:4.01元+【活动支出】单品特价:25.10元+【活动支出】单品特价:1.90元+【活动支出】饿了么红包:0.00元+【活动支出】饿了么红包:7.00元+【活动支出】替用户承担配送费:3.9元,-,-,-,3.50,温州区域,温州加盟,,,否,-,平台配送
圣比萨（瓯北立体城店）,SBM00003,温州,"8031440255178358164	",饿了么,平台外卖,已完成,2025-10-23 10:56:05,2025-10-23 10:56:05,2025-10-23 10:56:05,饿了么支付-在线支付,,即时单,2025-10-23 10:56:05,15.60,手动出餐,1,否,奥尔良烤鸡肉披萨(7寸)-单点（20.61*1）,新奥尔良烤鸡肉披萨【7英寸(手拍)】,,,,非会员,3,,,依据餐量提供餐具,,20.61,13.21,0.00,0.00,0,0,0.00,0.00,,【活动支出】拼团反圈活动:0.00元,-,-,-,0.00,温州区域,温州加盟,,,否,-,平台配送
圣比萨（瓯北立体城店）,SBM00003,温州,"8061636089215939935	",饿了么,平台外卖,已完成,2025-10-23 11:30:18,2025-10-23 11:30:18,2025-10-23 11:30:18,饿了么支付-在线支付,,即时单,2025-10-23 11:30:18,13.58,手动出餐,1,否,"任选披萨8选1+小吃5选1+饮料[碳烤鸡肉培根7英寸+盐酥鸡米花小份+不要饮料换小薯角6片]（65.00*1）,餐盒（2.00*1）",碳烤鸡肉培根披萨【7英寸(手拍)】+盐酥鸡米花小份+小薯角5块,,,,非会员,4,,,依据餐量提供餐具,,65.00,15.24,40.10,0.00,0,0,2.51,0.00,7.20,【活动支出】单品特价:33.10元+【活动支出】超级会员专享红包:5.00元+【活动支出】 商家自营销加码:2.00元+【活动支出】替用户承担配送费:6.0元,-,-,-,2.00,温州区域,温州加盟,,,否,-,平台配送
圣比萨（瓯北立体城店）,SBM00003,温州,"8044616089267373342	",饿了么,平台外卖,已完成,2025-10-23 12:46:40,2025-10-23 12:46:40,2025-10-23 12:46:41,饿了么支付-在线支付,,即时单,2025-10-23 12:46:40,13.23,手动出餐,1,否,奥尔良烤鸡肉披萨(7寸)-单点（20.61*1）,新奥尔良烤鸡肉披萨【7英寸(手拍)】,,,,非会员,5,,,依据餐量提供餐具,,20.61,13.21,0.00,0.00,0,0,0.00,0.00,,【活动支出】拼团反圈活动:0.00元,-,-,-,0.00,温州区域,温州加盟,,,否,-,平台配送
圣比萨（瓯北立体城店）,SBM00003,温州,"8064976089307329828	",饿了么,平台外卖,已完成,2025-10-23 14:30:26,2025-10-23 14:30:26,2025-10-23 14:30:27,饿了么支付-在线支付,,即时单,2025-10-23 14:30:26,31.45,被动出餐,1,否,"7英寸-奥尔良烤鸡肉披萨（42.00*1）,蛋挞（10.00*1）,餐盒（3.00*1）",新奥尔良烤鸡肉披萨【7英寸(手拍)】+蛋挞,,,,非会员,6,,,依据餐量提供餐具,,52.00,18.29,27.60,0.00,0,0,2.56,0.00,3.90,【活动支出】单品特价:19.50元+【活动支出】单品特价:1.10元+【活动支出】饿了么红包:7.00元+【活动支出】替用户承担配送费:3.9元,-,-,-,3.00,温州区域,温州加盟,,,否,-,平台配送
圣比萨（瓯北立体城店）,SBM00003,温州,"8013490255509185803	",饿了么,平台外卖,已完成,2025-10-23 14:57:35,2025-10-23 14:57:35,2025-10-23 14:57:35,饿了么支付-在线支付,,即时单,2025-10-23 14:57:35,20.93,被动出餐,1,否,番茄牛肉意面-单点（19.99*1）,番茄牛肉意面,,,,非会员,8,,,依据餐量提供 需要一起打包,,19.99,12.59,0.00,0.00,0,0,0.00,0.00,,【活动支出】拼团反圈活动:0.00元,-,-,-,0.00,温州区域,温州加盟,,,否,-,平台配送
圣比萨（瓯北立体城店）,SBM00003,温州,"8013490255509185804	",饿了么,平台外卖,已完成,2025-10-23 14:57:35,2025-10-23 14:57:35,2025-10-23 14:57:36,饿了么支付-在线支付,,即时单,2025-10-23 14:57:35,20.93,被动出餐,1,否,番茄牛肉意面-单点（19.99*1）,番茄牛肉意面,,,,非会员,7,,,依据餐量提供 需要一起打包,,19.99,12.59,0.00,0.00,0,0,0.00,0.00,,【活动支出】拼团反圈活动:0.00元,-,-,-,0.00,温州区域,温州加盟,,,否,-,平台配送
圣比萨（瓯北立体城店）,SBM00003,温州,"8021260255426999596	",饿了么,平台外卖,已完成,2025-10-23 16:15:01,2025-10-23 16:15:01,2025-10-23 16:15:02,饿了么支付-在线支付,,即时单,2025-10-23 16:15:01,15.23,手动出餐,1,否,奥尔良烤鸡肉披萨(7寸)-单点（20.61*1）,新奥尔良烤鸡肉披萨【7英寸(手拍)】,,,,非会员,9,,,依据餐量提供餐具,,20.61,13.21,0.00,0.00,0,0,0.00,0.00,,【活动支出】拼团反圈活动:0.00元,-,-,-,0.00,温州区域,温州加盟,,,否,-,平台配送
圣比萨（瓯北立体城店）,SBM00003,温州,"8059290255438623218	",饿了么,平台外卖,已完成,2025-10-23 16:16:29,2025-10-23 16:16:29,2025-10-23 16:16:30,饿了么支付-在线支付,,即时单,2025-10-23 16:16:29,13.80,手动出餐,1,否,"任选披萨8选1+小吃5选1+饮料[缤纷水果披萨7英寸+地道肠1根+柠檬茶]（65.00*1）,餐盒（2.00*1）",缤纷水果披萨【7英寸(手拍)】+地道肠【1根】+柠檬茶,,,,非会员,10,,,依据餐量提供餐具,,65.00,17.54,40.10,0.00,0,0,2.51,0.00,6.00,【活动支出】单品特价:33.10元+【活动支出】饿了么红包:7.00元+【活动支出】替用户承担配送费:6.0元,-,-,-,2.00,温州区域,温州加盟,,,否,-,平台配送
圣比萨（瓯北立体城店）,SBM00003,温州,"8010596089372590590	",饿了么,平台外卖,已完成,2025-10-23 17:00:05,2025-10-23 17:00:05,2025-10-23 17:00:05,饿了么支付-在线支付,,即时单,2025-10-23 17:00:05,12.38,手动出餐,1,否,"奶酪芝士卷边（7英寸）（4.90*1）,【随心拼】7英寸披萨(口味自选）[培根鸡肉+花果山（新品水果）]（54.00*1）,餐盒（2.00*1）",奶酪芝士卷边7+双拼7寸【碳烤鸡肉培根口味7】+双拼7寸【花果山口味7】,,,,非会员,11,,,依据餐量提供餐具,,58.90,17.39,34.50,0.00,0,0,2.46,0.00,3.90,【活动支出】单品特价:27.50元+【活动支出】饿了么红包:7.00元+【活动支出】替用户承担配送费:3.9元,-,-,-,2.00,温州区域,温州加盟,,,否,-,平台配送
圣比萨（瓯北立体城店）,SBM00003,温州,"8096370255375257062	",饿了么,平台外卖,已完成,2025-10-23 17:21:41,2025-10-23 17:21:41,2025-10-23 17:21:41,饿了么支付-在线支付,,即时单,2025-10-23 17:21:41,17.02,手动出餐,1,否,"【新客福利】台式香烤地道肠（7.50*2）,奥尔良烤鸡肉披萨-7英寸(手拍)[{""name"":""规格"",""value"":""7英寸(手拍)""}]（45.00*1）,餐盒（3.00*1）",新奥尔良烤鸡肉披萨,,,,非会员,12,,,依据餐量提供餐具,,60.00,20.96,32.61,0.00,0,0,2.88,0.00,3.90,【活动支出】单品特价:6.51元+【活动支出】单品特价:21.10元+【活动支出】饿了么红包:5.00元+【活动支出】替用户承担配送费:3.9元,-,-,-,3.00,温州区域,温州加盟,,,否,-,平台配送
圣比萨（瓯北立体城店）,SBM00003,温州,"8098946089390940649	",饿了么,平台外卖,已完成,2025-10-23 17:33:55,2025-10-23 17:33:55,2025-10-23 17:33:56,饿了么支付-在线支付,,即时单,2025-10-23 17:33:55,10.48,手动出餐,1,否,"牛肉蘑菇披萨-7英寸(经典手拍)[{""name"":""规格"",""value"":""7英寸(经典手拍)""}]（45.00*1）,餐盒（2.00*1）",炙热牛魔王披萨,,,,非会员,13,,,口味加辣、谢谢 / 1份餐具,,45.00,16.65,22.10,0.00,0,0,2.30,0.00,3.90,【活动支出】单品特价:15.10元+【活动支出】饿了么红包:7.00元+【活动支出】替用户承担配送费:3.9元,-,-,-,2.00,温州区域,温州加盟,,,否,-,平台配送
圣比萨（瓯北立体城店）,SBM00003,温州,"8043676089378048491	",饿了么,平台外卖,已完成,2025-10-23 17:40:52,2025-10-23 17:40:52,2025-10-23 17:40:53,饿了么支付-在线支付,,即时单,2025-10-23 17:40:52,11.87,手动出餐,1,否,"蛋挞一个（原味）（5.00*1）,任选焗饭3选1+小吃5选1+饮料[招牌肉酱芝士焗饭+盐酥鸡米花小份+港式奶茶]（57.00*1）,点击右上角❤️收藏得小吃[上校鸡块2个]（2.00*1）,餐盒（3.50*1）",蛋挞1个+招牌肉酱芝士焗饭+盐酥鸡米花小份+港式奶茶+上校鸡块2个,,,,非会员,14,,,放鞋柜上 / 依据餐量提供餐具,,64.00,21.95,36.01,0.00,0,0,2.99,0.00,3.90,【活动支出】单品特价:4.01元+【活动支出】单品特价:25.10元+【活动支出】单品特价:1.90元+【活动支出】饿了么红包:5.00元+【活动支出】替用户承担配送费:3.9元,-,-,-,3.50,温州区域,温州加盟,,,否,-,平台配送
圣比萨（瓯北立体城店）,SBM00003,温州,"8068130255441547601	",饿了么,平台外卖,已完成,2025-10-23 19:11:47,2025-10-23 19:11:47,2025-10-23 19:11:47,饿了么支付-在线支付,,即时单,2025-10-23 19:11:47,17.52,手动出餐,1,否,"任选披萨8选1+小吃5选1+饮料[奥尔良鸡肉披萨7英寸+地道肠1根+小可乐]（65.00*1）,餐盒（2.00*1）",新奥尔良烤鸡肉披萨【7英寸(手拍)】+地道肠【1根】+小可乐,,,,非会员,15,,,1份餐具,,65.00,18.44,40.10,0.00,0,0,2.51,0.00,3.90,【活动支出】单品特价:33.10元+【活动支出】饿了么红包:7.00元+【活动支出】替用户承担配送费:3.9元,-,-,-,2.00,温州区域,温州加盟,,,否,-,平台配送
圣比萨（瓯北立体城店）,SBM00003,温州,"8073140255561930032	",饿了么,平台外卖,已完成,2025-10-23 20:09:05,2025-10-23 20:09:05,2025-10-23 20:09:05,饿了么支付-在线支付,,即时单,2025-10-23 20:09:05,32.43,被动出餐,1,否,"奶酪芝士卷边（7英寸）（4.90*1）,【随心拼】7英寸披萨(口味自选）[花果山（新品水果）+奥尔良]（54.00*1）,餐盒（2.00*1）",奶酪芝士卷边7+双拼7寸【花果山口味7】+双拼7寸【奥尔良口味7】,,,,非会员,16,,,依据餐量提供餐具,,58.90,17.39,34.50,0.00,0,0,2.46,0.00,3.90,【活动支出】单品特价:27.50元+【活动支出】 商家自营销加码:2.00元+【活动支出】饿了么红包:5.00元+【活动支出】替用户承担配送费:3.9元,-,-,-,2.00,温州区域,温州加盟,,,否,-,平台配送
圣比萨（瓯北立体城店）,SBM00003,温州,"8083676089470078243	",饿了么,平台外卖,已完成,2025-10-23 20:51:53,2025-10-23 20:51:53,2025-10-23 20:51:54,饿了么支付-在线支付,,即时单,2025-10-23 20:51:53,20.75,手动出餐,1,否,"蛋挞一个（原味）（5.00*1）,9寸披萨随❤️双拼[奥尔良+培根鸡肉]（80.00*1）,【新客福利】台式香烤地道肠（7.50*2）,点击右上角❤️收藏得小吃[上校鸡块2个]（2.00*1）,经典薯条（18.00*1）,餐盒（6.50*1）",蛋挞1个+双拼9寸【奥尔良口味9】+双拼9寸【鸡肉培根口味9】+上校鸡块2个+经典薯条,,,,非会员,17,,,2份餐具,,120.00,34.21,76.62,0.00,0,0,4.92,0.00,6.60,【活动支出】店铺满减:6.00元+【活动支出】单品特价:4.01元+【活动支出】单品特价:40.10元+【活动支出】单品特价:6.51元+【活动支出】单品特价:1.90元+【活动支出】单品特价:9.10元+【活动支出】饿了么红包:9.00元+【活动支出】替用户承担配送费:6.0元,-,-,-,6.50,温州区域,温州加盟,,,否,-,平台配送
圣比萨（塘下店）,SBM00005,温州,"8054656089132555640	",饿了么,平台外卖,已完成,2025-10-23 09:33:04,2025-10-23 09:33:04,2025-10-23 09:33:04,饿了么支付-在线支付,,预约单,2025-10-23 10:35:00,30.17,手动出餐,1,否,"圣比至尊披萨-9英寸[{""name"":""规格"",""value"":""9英寸""}]（75.00*1）,9英寸紫薯泥卷边（15.00*1）,餐盒（1.50*1）",大圣招牌大满贯披萨,,,,非会员,1,,,2份餐具,,90.00,33.76,42.20,0.00,0,0,3.47,0.00,4.50,【活动支出】店铺满减:6.00元+【活动支出】单品特价:27.20元+【活动支出】饿了么红包:9.00元+【活动支出】替用户承担配送费:4.5元,-,-,-,1.50,温州区域,温州加盟,,,否,-,平台配送
圣比萨（塘下店）,SBM00005,温州,"8042826089161008465	",饿了么,平台外卖,已完成,2025-10-23 09:49:14,2025-10-23 09:49:14,2025-10-23 09:49:14,饿了么支付-在线支付,,即时单,2025-10-23 09:49:14,13.98,手动出餐,1,否,"芝士焗饭一人食套餐[黑椒牛肉芝士焗饭+上校鸡块一份+奶茶+常温]（62.00*1）,餐盒（2.00*1）",黑椒牛肉芝士焗饭+上校鸡块+港式奶茶,,,,非会员,2,,,依据餐量提供餐具,,62.00,17.57,37.60,0.00,0,0,1.76,0.00,3.50,【活动支出】单品特价:27.60元+【活动支出】精准营销:2.00元+【活动支出】饿了么红包:8.00元+【活动支出】替用户承担配送费:3.5元,-,-,-,2.00,温州区域,温州加盟,,,否,-,平台配送
圣比萨（塘下店）,SBM00005,温州,"8096876089142187365	",饿了么,平台外卖,已完成,2025-10-23 10:04:41,2025-10-23 10:04:41,2025-10-23 10:04:41,饿了么支付-在线支付,,即时单,2025-10-23 10:04:41,8.82,手动出餐,1,否,"7寸披萨8选1＋小吃6选1+饮料[奶香紫薯披萨7英寸+金丝鸡排1个+柠檬茶+冷]（56.00*1）,餐盒（2.00*1）",金丝鸡排+柠檬茶,,,,非会员,3,,,依据餐量提供餐具,,56.00,20.04,28.10,0.00,0,0,2.02,0.00,3.50,【活动支出】单品特价:21.10元+【活动支出】饿了么红包:7.00元+【活动支出】替用户承担配送费:3.5元,-,-,-,2.00,温州区域,温州加盟,,,否,-,平台配送
圣比萨（塘下店）,SBM00005,温州,"8094030255254020482	",饿了么,平台外卖,已完成,2025-10-23 10:20:31,2025-10-23 10:20:31,2025-10-23 10:20:31,饿了么支付-在线支付,,预约单,2025-10-23 11:20:00,9.73,手动出餐,1,否,"黑椒牛肉芝士焗饭（46.80*1）,餐盒（2.00*1）",黑椒牛肉芝士焗饭,,,,非会员,4,,,骑手不用打电话，拍个照就行 / 依据餐量提供餐具,,46.80,11.01,27.81,0.00,0,0,1.43,0.00,6.80,【活动支出】单品特价:20.81元+【活动支出】饿了么红包:7.00元+【活动支出】替用户承担配送费:6.0元,-,-,-,2.00,温州区域,温州加盟,,,否,-,平台配送
圣比萨（塘下店）,SBM00005,温州,"8026606089182003604	",饿了么,平台外卖,已完成,2025-10-23 10:29:10,2025-10-23 10:29:10,2025-10-23 10:29:10,饿了么支付-在线支付,,即时单,2025-10-23 10:29:10,7.95,手动出餐,1,否,"圣比萨至尊套餐[圣比招牌比萨7英寸+奥尔良烤翅1对+柠檬茶+常温]（60.00*1）,餐盒（2.00*1）",奥尔良烤翅+柠檬茶,,,,非会员,5,,,依据餐量提供餐具,,60.00,17.37,33.10,0.00,0,0,1.94,0.00,5.60,【活动支出】单品特价:25.10元+【活动支出】CPS商户叠加券:0.00元+【活动支出】饿了么红包:8.00元+【活动支出】替用户承担配送费:5.6元,-,-,-,2.00,温州区域,温州加盟,,,否,-,平台配送
圣比萨（塘下店）,SBM00005,温州,"8045060255256631789	",饿了么,平台外卖,已完成,2025-10-23 10:37:11,2025-10-23 10:37:11,2025-10-23 10:37:11,饿了么支付-在线支付,,即时单,2025-10-23 10:37:11,9.45,手动出餐,1,否,"碳烤鸡肉培根披萨-7英寸[{""name"":""规格"",""value"":""7英寸""}]（45.00*1）,鲜虾菠萝披萨-7英寸[{""name"":""规格"",""value"":""7英寸""}]（45.00*1）,餐盒（4.00*1）",碳烤鸡肉培根披萨+鲜虾菠萝披萨,,,,非会员,6,,,依据餐量提供餐具,,90.00,29.50,49.20,0.00,0,0,3.14,0.00,5.60,【活动支出】店铺满减:1.00元+【活动支出】单品特价:19.10元+【活动支出】单品特价:17.10元+【活动支出】精准营销红包:3.00元+【活动支出】饿了么红包:9.00元+【活动支出】替用户承担配送费:5.6元,-,-,-,4.00,温州区域,温州加盟,,,否,-,平台配送
圣比萨（塘下店）,SBM00005,温州,"8035190255272086973	",饿了么,平台外卖,已完成,2025-10-23 10:48:32,2025-10-23 10:48:32,2025-10-23 10:48:32,饿了么支付-在线支付,,即时单,2025-10-23 10:48:32,9.27,手动出餐,1,否,"买一送一【焗饭或意面】（70.00*1）,餐盒（1.00*1）",碳烤鸡肉芝士焗饭+西西里肉酱火腿芝士焗饭,,,,非会员,7,,,依据餐量提供餐具,,70.00,26.74,32.10,0.00,0,0,2.69,0.00,3.50,【活动支出】店铺满减:1.00元+【活动支出】单品特价:22.10元+【活动支出】饿了么红包:9.00元+【活动支出】替用户承担配送费:3.5元,-,-,-,1.00,温州区域,温州加盟,,,否,-,平台配送
圣比萨（塘下店）,SBM00005,温州,"8048586089187628358	",饿了么,平台外卖,已完成,2025-10-23 10:48:49,2025-10-23 10:48:49,2025-10-23 10:48:49,饿了么支付-在线支付,,即时单,2025-10-23 10:48:49,8.30,手动出餐,1,否,"招牌肉酱意面（45.80*1）,餐盒（2.00*1）",招牌肉酱意面,,,,非会员,8,,,依据餐量提供餐具,,45.80,13.21,27.81,0.00,0,0,1.43,0.00,3.50,【活动支出】单品特价:20.81元+【活动支出】饿了么红包:7.00元+【活动支出】替用户承担配送费:3.5元,-,-,-,2.00,温州区域,温州加盟,,,否,-,平台配送
圣比萨（塘下店）,SBM00005,温州,"8066726089183806803	",饿了么,平台外卖,已完成,2025-10-23 10:49:18,2025-10-23 10:49:18,2025-10-23 10:49:18,饿了么支付-在线支付,,即时单,2025-10-23 10:49:18,9.60,手动出餐,1,否,新奥尔良烤鸡肉披萨7寸-单点（22.00*1）,新奥尔良烤鸡肉披萨【7英寸(手拍)】,,,,非会员,9,,,依据餐量提供餐具,,22.00,12.00,0.00,0.00,0,0,0.00,0.00,,【活动支出】拼团反圈活动:0.00元,-,-,-,0.00,温州区域,温州加盟,,,否,-,平台配送
圣比萨（塘下店）,SBM00005,温州,"8016460255283114413	",饿了么,平台外卖,已完成,2025-10-23 10:54:48,2025-10-23 10:54:48,2025-10-23 10:54:48,饿了么支付-在线支付,,即时单,2025-10-23 10:54:48,9.90,手动出餐,1,否,"7寸披萨8选1＋小吃6选1+饮料[奥尔良披萨7英寸+鸡肉串2串+柠檬茶+冷]（56.00*1）,餐盒（2.00*1）",地道肠【1根】+柠檬茶,,,,非会员,10,,,微辣，多加香菜 / 依据餐量提供餐具,,56.00,18.88,30.10,0.00,0,0,1.87,0.00,3.50,【活动支出】单品特价:21.10元+【活动支出】精准营销:2.00元+【活动支出】饿了么红包:7.00元+【活动支出】替用户承担配送费:3.5元,-,-,-,2.00,温州区域,温州加盟,,,否,-,平台配送
圣比萨（塘下店）,SBM00005,温州,"8012420255390363905	",饿了么,平台外卖,已完成,2025-10-23 11:09:00,2025-10-23 11:09:00,2025-10-23 11:09:00,饿了么支付-在线支付,,即时单,2025-10-23 11:09:00,9.88,手动出餐,1,否,"圣比萨至尊套餐[圣比招牌比萨7英寸+奥尔良烤翅1对+柠檬茶+冷]（60.00*1）,餐盒（2.00*1）",奥尔良烤翅+柠檬茶,,,,非会员,11,,,依据餐量提供餐具,,60.00,18.28,34.10,0.00,0,0,1.87,0.00,6.20,【活动支出】单品特价:25.10元+【活动支出】 商家自营销加码:2.00元+【活动支出】精准营销:2.00元+【活动支出】饿了么红包:5.00元+【活动支出】替用户承担配送费:6.0元,-,-,-,2.00,温州区域,温州加盟,,,否,-,平台配送
圣比萨（塘下店）,SBM00005,温州,"8006120255207211450	",饿了么,平台外卖,已完成,2025-10-23 11:10:39,2025-10-23 11:10:39,2025-10-23 11:10:40,饿了么支付-在线支付,,即时单,2025-10-23 11:10:39,9.38,手动出餐,1,否,"榴莲王披萨（金枕榴莲果肉真果肉看的见吃的到）-7英寸[{""name"":""规格"",""value"":""7英寸""}]（52.00*1）,餐盒（2.00*1）",榴莲王披萨,,,,非会员,12,,,1份餐具,,52.00,15.97,25.10,0.00,0,0,1.94,0.00,7.80,【活动支出】单品特价:17.10元+【活动支出】饿了么红包:8.00元+【活动支出】替用户承担配送费:6.0元,-,-,-,2.00,温州区域,温州加盟,,,否,-,平台配送
圣比萨（塘下店）,SBM00005,温州,"8056110255201697113	",饿了么,平台外卖,已完成,2025-10-23 11:12:18,2025-10-23 11:12:18,2025-10-23 11:12:18,饿了么支付-在线支付,,即时单,2025-10-23 11:12:18,11.10,手动出餐,1,否,"奶香紫薯披萨-7英寸[{""name"":""规格"",""value"":""7英寸""}]（42.00*1）,餐盒（1.00*1）","奶香紫薯披萨-7英寸[{""name"":""规格"",""value"":""7英寸""}]+餐盒",,,,非会员,13,,,依据餐量提供餐具,,42.00,8.92,24.10,0.00,0,0,1.43,0.00,6.80,【活动支出】单品特价:17.10元+【活动支出】饿了么红包:7.00元+【活动支出】替用户承担配送费:6.0元,-,-,-,1.00,温州区域,温州加盟,,,否,-,平台配送
圣比萨（塘下店）,SBM00005,温州,"8056586089268199721	",饿了么,平台外卖,已完成,2025-10-23 12:07:01,2025-10-23 12:07:01,2025-10-23 12:07:01,饿了么支付-在线支付,,即时单,2025-10-23 12:07:01,9.30,手动出餐,1,否,"新奥尔良烤鸡肉披萨-7英寸[{""name"":""规格"",""value"":""7英寸""}]（42.00*1）,餐盒（2.00*1）",新奥尔良烤鸡肉披萨,,,,非会员,14,,,依据餐量提供餐具,,42.00,13.22,23.10,0.00,0,0,1.43,0.00,4.50,【活动支出】单品特价:16.10元+【活动支出】 商家自营销加码:2.00元+【活动支出】饿了么红包:5.00元+【活动支出】替用户承担配送费:4.5元,-,-,-,2.00,温州区域,温州加盟,,,否,-,平台配送
圣比萨（塘下店）,SBM00005,温州,"8048140255451068872	",饿了么,平台外卖,已完成,2025-10-23 12:10:59,2025-10-23 12:10:59,2025-10-23 12:11:00,饿了么支付-在线支付,,即时单,2025-10-23 12:10:59,7.98,手动出餐,1,否,"浪漫威尼斯披萨-7英寸[{""name"":""规格"",""value"":""7英寸""}]（42.00*1）,奶汁培根蘑菇意面（39.00*1）,餐盒（4.00*1）",浪漫威尼斯披萨+奶汁蘑菇意面,,,,非会员,15,,,无需餐具,,81.00,30.51,41.11,0.00,0,0,3.07,0.00,3.50,【活动支出】店铺满减:1.00元+【活动支出】单品特价:16.10元+【活动支出】单品特价:14.01元+【活动支出】饿了么红包:10.00元+【活动支出】替用户承担配送费:3.5元,-,-,-,4.00,温州区域,温州加盟,,,否,-,平台配送
圣比萨（塘下店）,SBM00005,温州,"8000576089240648992	",饿了么,平台外卖,已完成,2025-10-23 12:18:47,2025-10-23 12:18:47,2025-10-23 12:18:47,饿了么支付-在线支付,,即时单,2025-10-23 12:18:47,8.33,手动出餐,1,否,"黑椒牛肉芝士焗饭（46.80*1）,餐盒（2.00*1）",黑椒牛肉芝士焗饭,,,,非会员,16,,,1份餐具,,46.80,13.31,27.81,0.00,0,0,1.43,0.00,4.50,【活动支出】单品特价:20.81元+【活动支出】饿了么红包:7.00元+【活动支出】替用户承担配送费:4.5元,-,-,-,2.00,温州区域,温州加盟,,,否,-,平台配送
圣比萨（塘下店）,SBM00005,温州,"8002986089225556253	",饿了么,平台外卖,已完成,2025-10-23 12:33:29,2025-10-23 12:33:29,2025-10-23 12:33:30,饿了么支付-在线支付,,即时单,2025-10-23 12:33:29,8.17,手动出餐,1,否,7寸日系照烧鸡披萨-单点（22.00*1）,日系照烧鸡披萨【7英寸(手拍)】,,,,非会员,17,,,依据餐量提供餐具,,22.00,12.00,0.00,0.00,0,0,0.00,0.00,,【活动支出】拼团反圈活动:0.00元,-,-,-,0.00,温州区域,温州加盟,,,否,-,平台配送
圣比萨（塘下店）,SBM00005,温州,"8011746089297002913	",饿了么,平台外卖,已完成,2025-10-23 12:50:59,2025-10-23 12:50:59,2025-10-23 12:51:00,饿了么支付-在线支付,,即时单,2025-10-23 12:50:59,9.70,手动出餐,1,否,"圣比至尊披萨-7英寸[{""name"":""规格"",""value"":""7英寸""}]（45.00*1）,7英寸芝心卷边（10.00*1）,餐盒（1.50*1）",大圣招牌大满贯披萨,,,,非会员,18,,,2份餐具,,55.00,15.87,26.10,0.00,0,0,2.06,0.00,8.70,【活动支出】店铺满减:1.00元+【活动支出】单品特价:17.10元+【活动支出】饿了么红包:8.00元+【活动支出】替用户承担配送费:6.0元,-,-,-,1.50,温州区域,温州加盟,,,否,-,平台配送
圣比萨（塘下店）,SBM00005,温州,"8072360255392954859	",饿了么,平台外卖,已完成,2025-10-23 13:20:44,2025-10-23 13:20:44,2025-10-23 13:20:45,饿了么支付-在线支付,,即时单,2025-10-23 13:20:44,9.13,手动出餐,1,否,"香烤鸡翅-2只[{""name"":""规格"",""value"":""2只""}]（16.00*1）,咖喱鸡肉芝士焗饭（44.85*1）,芝士焗紫薯泥(紫薯)（19.00*1）,餐盒（4.00*1）",香烤鸡翅+咖喱鸡肉芝士焗饭,,,,非会员,19,,,依据餐量提供餐具,,79.85,29.53,35.15,0.00,0,0,3.43,0.00,8.00,【活动支出】店铺满减:1.00元+【活动支出】单品特价:3.10元+【活动支出】单品特价:18.95元+【活动支出】单品特价:3.10元+【活动支出】饿了么红包:9.00元+【活动支出】替用户承担配送费:6.0元,-,-,-,4.00,温州区域,温州加盟,,,否,-,平台配送
圣比萨（塘下店）,SBM00005,温州,"8024000255323052421	",饿了么,平台外卖,已完成,2025-10-23 14:58:27,2025-10-23 14:58:27,2025-10-23 14:58:28,饿了么支付-在线支付,,即时单,2025-10-23 14:58:27,9.33,手动出餐,1,否,"7英寸芝心卷边（10.00*1）,披萨保温袋（1.00*1）,7寸披萨8选1＋小吃6选1+饮料[缤纷水果披萨7英寸+金丝鸡排1个+奶茶+热]（56.00*1）,餐盒（2.00*1）",缤纷水果披萨【7英寸(手拍)】+金丝鸡排+港式奶茶,,,,非会员,20,,,老板别放芒果，过敏 / 依据餐量提供餐具,,67.00,21.77,36.10,0.00,0,0,2.24,0.00,4.50,【活动支出】店铺满减:1.00元+【活动支出】单品特价:21.10元+【活动支出】订单集点返红包:5.00元+【活动支出】饿了么红包:9.00元+【活动支出】替用户承担配送费:4.5元,-,-,-,2.00,温州区域,温州加盟,,,否,-,平台配送
圣比萨（塘下店）,SBM00005,温州,"8088350255519451462	",饿了么,平台外卖,已完成,2025-10-23 15:04:46,2025-10-23 15:04:46,2025-10-23 15:04:47,饿了么支付-在线支付,,即时单,2025-10-23 15:04:46,10.58,手动出餐,1,否,"招牌肉酱芝士焗饭（46.80*1）,餐盒（2.00*1）",招牌肉酱芝士焗饭,,,,非会员,21,,,依据餐量提供餐具,,46.80,13.21,28.81,0.00,0,0,1.43,0.00,3.50,【活动支出】单品特价:21.81元+【活动支出】 商家自营销加码:2.00元+【活动支出】饿了么红包:5.00元+【活动支出】替用户承担配送费:3.5元,-,-,-,2.00,温州区域,温州加盟,,,否,-,平台配送
圣比萨（塘下店）,SBM00005,温州,"8056470255334033752	",饿了么,平台外卖,已完成,2025-10-23 15:16:57,2025-10-23 15:16:57,2025-10-23 15:16:57,饿了么支付-在线支付,,即时单,2025-10-23 15:16:57,10.33,手动出餐,1,否,"7寸披萨买一送一[牛肉披萨7英寸+圣比至尊披萨7英寸]（74.00*1）,餐盒（2.00*1）",炙热牛魔王披萨【7英寸(手拍)】+大圣招牌大满贯披萨【7英寸(手拍)】,,,,非会员,22,,,1份餐具,,74.00,26.74,37.10,0.00,0,0,2.69,0.00,3.50,【活动支出】店铺满减:1.00元+【活动支出】单品特价:24.10元+【活动支出】精准营销红包:3.00元+【活动支出】饿了么红包:9.00元+【活动支出】替用户承担配送费:3.5元,-,-,-,2.00,温州区域,温州加盟,,,否,-,平台配送
圣比萨（塘下店）,SBM00005,温州,"8086190255464458652	",饿了么,平台外卖,已完成,2025-10-23 17:28:39,2025-10-23 17:28:39,2025-10-23 17:28:39,饿了么支付-在线支付,,即时单,2025-10-23 17:28:39,9.00,手动出餐,1,否,"7寸披萨8选1＋小吃6选1+饮料[缤纷水果披萨7英寸+盐酥鸡粒小份+柠檬茶+常温]（56.00*1）,餐盒（2.00*1）",缤纷水果披萨【7英寸(手拍)】+柠檬茶,,,,非会员,23,,,依据餐量提供餐具,,56.00,19.12,28.70,0.00,0,0,1.97,0.00,3.50,【活动支出】单品特价:20.70元+【活动支出】饿了么红包:8.00元+【活动支出】替用户承担配送费:3.5元,-,-,-,2.00,温州区域,温州加盟,,,否,-,平台配送
圣比萨（塘下店）,SBM00005,温州,"8076926089373208030	",饿了么,平台外卖,已完成,2025-10-23 17:30:56,2025-10-23 17:30:56,2025-10-23 17:30:56,饿了么支付-在线支付,,即时单,2025-10-23 17:30:56,9.28,手动出餐,1,否,"7寸披萨8选1＋小吃6选1+饮料[碳烤鸡肉培根披萨7英寸+金丝鸡排1个+牛奶+热]（56.00*1）,餐盒（2.00*1）",金丝鸡排+雀巢牛奶,,,,非会员,24,,,依据餐量提供餐具,,56.00,17.32,28.70,0.00,0,0,1.97,0.00,6.20,【活动支出】单品特价:20.70元+【活动支出】饿了么红包:8.00元+【活动支出】替用户承担配送费:6.0元,-,-,-,2.00,温州区域,温州加盟,,,否,-,平台配送
圣比萨（塘下店）,SBM00005,温州,"8069080255474569531	",饿了么,平台外卖,已完成,2025-10-23 17:31:25,2025-10-23 17:31:25,2025-10-23 17:31:25,饿了么支付-在线支付,,即时单,2025-10-23 17:31:25,9.93,手动出餐,1,否,7寸日系照烧鸡披萨-拼团（20.60*1）,日系照烧鸡披萨【7英寸(手拍)】,,,,非会员,25,,,依据餐量提供餐具,,20.60,12.00,0.00,0.00,0,0,0.00,0.00,,【活动支出】拼团反圈活动:0.00元,-,-,-,0.00,温州区域,温州加盟,,,否,-,平台配送
圣比萨（塘下店）,SBM00005,温州,"8056736089373552044	",饿了么,平台外卖,已完成,2025-10-23 17:57:36,2025-10-23 17:57:36,2025-10-23 17:57:37,饿了么支付-在线支付,,即时单,2025-10-23 17:57:36,10.17,手动出餐,1,否,"黑椒汁牛肉披萨（微微辣）-12英寸[{""name"":""规格"",""value"":""12英寸""}]（110.00*1）,餐盒（1.00*1）","黑椒汁牛肉披萨（微微辣）-12英寸[{""name"":""规格"",""value"":""12英寸""}]+餐盒",,,,非会员,26,,,无需餐具,,110.00,36.01,59.70,0.00,0,0,3.62,0.00,3.50,【活动支出】店铺满减:6.00元+【活动支出】单品特价:41.70元+【活动支出】饿了么红包:12.00元+【活动支出】替用户承担配送费:3.5元,-,-,-,1.00,温州区域,温州加盟,,,否,-,平台配送
圣比萨（塘下店）,SBM00005,温州,"8085646089391030777	",饿了么,平台外卖,已完成,2025-10-23 18:09:35,2025-10-23 18:09:35,2025-10-23 18:09:35,饿了么支付-在线支付,,即时单,2025-10-23 18:09:35,9.37,手动出餐,1,否,"圣比至尊披萨-9英寸[{""name"":""规格"",""value"":""9英寸""}]（75.00*1）,餐盒（1.50*1）",大圣招牌大满贯披萨,,,,非会员,27,,,依据餐量提供餐具,,75.00,25.85,38.60,0.00,0,0,2.62,0.00,3.50,【活动支出】店铺满减:1.00元+【活动支出】单品特价:26.60元+【活动支出】粉丝群:2.00元+【活动支出】饿了么红包:9.00元+【活动支出】替用户承担配送费:3.5元,-,-,-,1.50,温州区域,温州加盟,,,否,-,平台配送
圣比萨（塘下店）,SBM00005,温州,"8032596089379815810	",饿了么,平台外卖,已完成,2025-10-23 18:39:13,2025-10-23 18:39:13,2025-10-23 18:39:13,饿了么支付-在线支付,,即时单,2025-10-23 18:39:13,9.12,手动出餐,1,否,"7英寸芝心卷边（10.00*1）,碳烤鸡肉培根披萨-7英寸[{""name"":""规格"",""value"":""7英寸""}]（45.00*1）,餐盒（2.00*1）",碳烤鸡肉培根披萨,,,,非会员,28,,,依据餐量提供餐具,,55.00,19.09,27.50,0.00,0,0,1.99,0.00,4.00,【活动支出】店铺满减:1.00元+【活动支出】单品特价:18.50元+【活动支出】饿了么红包:8.00元+【活动支出】替用户承担配送费:4.0元,-,-,-,2.00,温州区域,温州加盟,,,否,-,平台配送
圣比萨（塘下店）,SBM00005,温州,"8059806089382469936	",饿了么,平台外卖,已完成,2025-10-23 18:45:00,2025-10-23 18:45:00,2025-10-23 18:45:01,饿了么支付-在线支付,,即时单,2025-10-23 18:45:00,9.00,手动出餐,1,否,"柠檬茶[常温]（6.00*1）,单人吃鸡套餐（超值大众味必点）[新奥尔良鸡肉披萨7英寸+奥尔良烤翅1对+柠檬茶+常温]（62.00*1）,餐盒（3.00*1）",柠檬茶,,,,非会员,29,,,依据餐量提供餐具,,68.00,26.25,34.70,0.00,0,0,2.50,0.00,3.50,【活动支出】店铺满减:1.00元+【活动支出】单品特价:26.70元+【活动支出】饿了么红包:7.00元+【活动支出】替用户承担配送费:3.5元,-,-,-,3.00,温州区域,温州加盟,,,否,-,平台配送
圣比萨（塘下店）,SBM00005,温州,"8057766089438582076	",饿了么,平台外卖,已完成,2025-10-23 18:51:12,2025-10-23 18:51:12,2025-10-23 18:51:12,饿了么支付-在线支付,,即时单,2025-10-23 18:51:12,8.05,手动出餐,1,否,"圣比至尊披萨-7英寸[{""name"":""规格"",""value"":""7英寸""}]（45.00*1）,餐盒（1.50*1）",大圣招牌大满贯披萨,,,,非会员,30,,,2份餐具,,45.00,13.71,24.50,0.00,0,0,1.43,0.00,3.50,【活动支出】单品特价:16.50元+【活动支出】精准营销:2.00元+【活动支出】饿了么红包:6.00元+【活动支出】替用户承担配送费:3.5元,-,-,-,1.50,温州区域,温州加盟,,,否,-,平台配送
圣比萨（塘下店）,SBM00005,温州,"8076526089447146910	",饿了么,平台外卖,已完成,2025-10-23 19:14:39,2025-10-23 19:14:39,2025-10-23 19:14:40,饿了么支付-在线支付,,即时单,2025-10-23 19:14:39,8.15,手动出餐,1,否,"浪漫威尼斯披萨-7英寸[{""name"":""规格"",""value"":""7英寸""}]（42.00*1）,餐盒（2.00*1）",浪漫威尼斯披萨,,,,非会员,31,,,依据餐量提供餐具,,42.00,14.12,22.50,0.00,0,0,1.43,0.00,4.00,【活动支出】单品特价:15.50元+【活动支出】 商家自营销加码:2.00元+【活动支出】CPS商户叠加券:0.00元+【活动支出】饿了么红包:5.00元+【活动支出】替用户承担配送费:4.0元,-,-,-,2.00,温州区域,温州加盟,,,否,-,平台配送
圣比萨（塘下店）,SBM00005,温州,"8057596089423639833	",饿了么,平台外卖,已完成,2025-10-23 20:20:00,2025-10-23 20:20:00,2025-10-23 20:20:01,饿了么支付-在线支付,,即时单,2025-10-23 20:20:00,8.47,手动出餐,1,否,"意面4选1+小吃5选1+饮料[黑椒牛肉意面+上校鸡块4个+奶茶+常温]（62.00*1）,餐盒（1.00*1）",黑椒牛肉意面+上校鸡块+港式奶茶,,,,非会员,32,,,依据餐量提供餐具,,62.00,15.72,37.00,0.00,0,0,1.73,0.00,4.50,【活动支出】单品特价:27.00元+【活动支出】精准营销:2.00元+【活动支出】饿了么红包:8.00元+【活动支出】替用户承担配送费:4.5元,-,-,-,1.00,温州区域,温州加盟,,,否,-,平台配送
圣比萨（塘下店）,SBM00005,温州,"8010380255479767406	",饿了么,平台外卖,已完成,2025-10-23 20:52:04,2025-10-23 20:52:04,2025-10-23 20:52:05,饿了么支付-在线支付,,即时单,2025-10-23 20:52:04,10.60,手动出餐,1,否,"【买一送一】买披萨送意面[日系照烧披萨7英寸+番茄牛肉意面]（77.00*1）,7英寸咸蛋黄卷边（10.00*1）,餐盒（2.00*1）",日系照烧鸡披萨【7英寸(手拍)】+番茄牛肉意面,,,,非会员,33,,,1份餐具,,87.00,33.36,40.50,0.00,0,0,3.41,0.00,3.50,【活动支出】店铺满减:1.00元+【活动支出】单品特价:30.50元+【活动支出】饿了么红包:9.00元+【活动支出】替用户承担配送费:3.5元,-,-,-,2.00,温州区域,温州加盟,,,否,-,平台配送
圣比萨（塘下店）,SBM00005,温州,"8062030255569667365	",饿了么,平台外卖,已完成,2025-10-23 21:06:28,2025-10-23 21:06:28,2025-10-23 21:06:28,饿了么支付-在线支付,,即时单,2025-10-23 21:06:28,10.78,手动出餐,1,否,"7寸披萨8选1＋小吃6选1+饮料[碳烤鸡肉培根披萨7英寸+金丝鸡排1个+可乐(不可选热)+冷]（56.00*1）,餐盒（2.00*1）",金丝鸡排,,,,非会员,34,,,依据餐量提供餐具,,56.00,17.72,28.70,0.00,0,0,1.97,0.00,6.60,【活动支出】单品特价:20.70元+【活动支出】饿了么红包:0.00元+【活动支出】饿了么红包:8.00元+【活动支出】替用户承担配送费:6.0元,-,-,-,2.00,温州区域,温州加盟,,,否,-,平台配送
圣比萨（塘下店）,SBM00005,温州,"8030726089492899299	",饿了么,平台外卖,已完成,2025-10-23 21:08:25,2025-10-23 21:08:25,2025-10-23 21:08:25,饿了么支付-在线支付,,即时单,2025-10-23 21:08:25,9.57,手动出餐,1,否,"榴莲王披萨（金枕榴莲果肉真果肉看的见吃的到）-7英寸[{""name"":""规格"",""value"":""7英寸""}]（52.00*1）,餐盒（2.00*1）",榴莲王披萨,,,,非会员,35,,,依据餐量提供餐具,,52.00,17.72,24.70,0.00,0,0,1.97,0.00,7.10,【活动支出】单品特价:16.70元+【活动支出】 商家自营销加码:0.00元+【活动支出】饿了么红包:8.00元+【活动支出】替用户承担配送费:6.0元,-,-,-,2.00,温州区域,温州加盟,,,否,-,平台配送
圣比萨（塘下店）,SBM00005,温州,"8096876089444331989	",饿了么,平台外卖,已完成,2025-10-23 21:09:16,2025-10-23 21:09:16,2025-10-23 21:09:17,饿了么支付-在线支付,,即时单,2025-10-23 21:09:16,10.20,手动出餐,1,否,"7寸披萨8选1＋小吃6选1+饮料[缤纷水果披萨7英寸+鸡肉串2串+芒果汁(不可选热)+冷]（56.00*1）,餐盒（2.00*1）",缤纷水果披萨【7英寸(手拍)】+地道肠【1根】+芒果汁,,,,非会员,36,,,依据餐量提供餐具,,56.00,18.62,28.70,0.00,0,0,1.97,0.00,5.60,【活动支出】单品特价:20.70元+【活动支出】饿了么红包:8.00元+【活动支出】替用户承担配送费:5.6元,-,-,-,2.00,温州区域,温州加盟,,,否,-,平台配送
圣比萨（塘下店）,SBM00005,温州,"8029460255482905997	",饿了么,平台外卖,已完成,2025-10-23 21:09:44,2025-10-23 21:09:44,2025-10-23 21:09:44,饿了么支付-在线支付,,即时单,2025-10-23 21:09:44,11.02,手动出餐,1,否,"圣比至尊披萨-7英寸[{""name"":""规格"",""value"":""7英寸""}]（45.00*1）,薯饼3个（12.00*1）,餐盒（1.50*1）",大圣招牌大满贯披萨+薯饼,,,,非会员,37,,,1份餐具,,57.00,15.37,34.50,0.00,0,0,1.58,0.00,6.10,【活动支出】单品特价:16.50元+【活动支出】单品特价:9.00元+【活动支出】精准营销:2.00元+【活动支出】饿了么红包:7.00元+【活动支出】替用户承担配送费:6.0元,-,-,-,1.50,温州区域,温州加盟,,,否,-,平台配送
圣比萨（塘下店）,SBM00005,温州,"8084876089466193235	",饿了么,平台外卖,已完成,2025-10-23 21:13:49,2025-10-23 21:13:49,2025-10-23 21:13:49,饿了么支付-在线支付,,即时单,2025-10-23 21:13:49,8.23,手动出餐,1,否,"【买一送一】买披萨送意面[碳烤鸡肉培根7英寸+番茄牛肉意面]（77.00*1）,德州鸡肉串-3串[{""name"":""规格"",""value"":""3串""}]（15.00*1）,餐盒（4.00*1）",碳烤鸡肉培根披萨【7英寸(手拍)】+番茄牛肉意面,,,,非会员,38,,,依据餐量提供餐具,,92.00,28.93,52.20,0.00,0,0,3.06,0.00,5.60,【活动支出】店铺满减:6.00元+【活动支出】单品特价:30.50元+【活动支出】单品特价:4.70元+【活动支出】精准营销:2.00元+【活动支出】饿了么红包:9.00元+【活动支出】替用户承担配送费:5.6元,-,-,-,4.00,温州区域,温州加盟,,,否,-,平台配送
圣比萨（塘下店）,SBM00005,温州,"8040516089495338329	",饿了么,平台外卖,已完成,2025-10-23 21:25:48,2025-10-23 21:25:48,2025-10-23 21:25:48,饿了么支付-在线支付,,即时单,2025-10-23 21:25:48,8.23,手动出餐,1,否,"奶香紫薯披萨-7英寸[{""name"":""规格"",""value"":""7英寸""}]（42.00*1）,7英寸紫薯泥卷边（8.00*1）,餐盒（1.00*1）","奶香紫薯披萨-7英寸[{""name"":""规格"",""value"":""7英寸""}]+7英寸紫薯泥卷边+餐盒",,,,非会员,39,,,依据餐量提供餐具,,50.00,13.88,25.50,0.00,0,0,1.69,0.00,7.70,【活动支出】单品特价:16.50元+【活动支出】粉丝群:2.00元+【活动支出】饿了么红包:7.00元+【活动支出】替用户承担配送费:6.0元,-,-,-,1.00,温州区域,温州加盟,,,否,-,平台配送
圣比萨（塘下店）,SBM00005,温州,"8086320255677138392	",饿了么,平台外卖,已完成,2025-10-23 21:26:42,2025-10-23 21:26:42,2025-10-23 21:26:42,饿了么支付-在线支付,,即时单,2025-10-23 21:26:42,10.77,手动出餐,1,否,"7寸披萨买一送一[牛肉披萨7英寸+碳烤鸡肉披萨7英寸]（74.00*1）,餐盒（2.00*1）",炙热牛魔王披萨【7英寸(手拍)】+碳烤鸡肉培根披萨【7英寸(手拍)】,,,,非会员,40,,,依据餐量提供餐具,,74.00,27.91,34.50,0.00,0,0,2.89,0.00,5.60,【活动支出】店铺满减:1.00元+【活动支出】单品特价:23.50元+【活动支出】饿了么红包:10.00元+【活动支出】替用户承担配送费:5.6元,-,-,-,2.00,温州区域,温州加盟,,,否,-,平台配送
圣比萨（塘下店）,SBM00005,温州,"8016506089471174036	",饿了么,平台外卖,已完成,2025-10-23 21:49:39,2025-10-23 21:49:39,2025-10-23 21:49:39,饿了么支付-在线支付,,即时单,2025-10-23 21:49:39,10.35,手动出餐,1,否,"7寸披萨买一送一[奶香紫薯披萨7英寸+鲜虾菠萝披萨7英寸]（74.00*1）,7英寸芝心卷边（10.00*1）,紫薯泥卷边（8.00*1）,餐盒（2.00*1）",鲜虾菠萝披萨【7英寸(手拍)】,,,,非会员,41,,,"单元门直接拉开, 不要敲门, 放门口 / 依据餐量提供餐具",,92.00,33.73,44.50,0.00,0,0,3.49,0.00,5.60,【活动支出】店铺满减:6.00元+【活动支出】单品特价:23.50元+【活动支出】精准营销红包:3.00元+【活动支出】饿了么红包:12.00元+【活动支出】替用户承担配送费:5.6元,-,-,-,2.00,温州区域,温州加盟,,,否,-,平台配送
圣比萨（塘下店）,SBM00005,温州,"8027170255500346711	",饿了么,平台外卖,已完成,2025-10-23 22:42:51,2025-10-23 22:42:51,2025-10-23 22:42:51,饿了么支付-在线支付,,即时单,2025-10-23 22:42:51,8.27,手动出餐,1,否,"任选焗饭4选1+小吃6选1+饮料[碳烤鸡肉芝士焗饭+原味香肠2根+可乐+冷]（62.00*1）,餐盒（1.00*1）",碳烤鸡肉芝士焗饭+小可乐,,,,非会员,42,,,1份餐具,,62.00,21.25,32.00,0.00,0,0,2.10,0.00,5.60,【活动支出】单品特价:27.00元+【活动支出】饿了么红包:5.00元+【活动支出】替用户承担配送费:5.6元,-,-,-,1.00,温州区域,温州加盟,,,否,-,平台配送
圣比萨（塘下店）,SBM00005,温州,"8058946089500096854	",饿了么,平台外卖,已完成,2025-10-23 22:47:24,2025-10-23 22:47:24,2025-10-23 22:47:24,饿了么支付-在线支付,,即时单,2025-10-23 22:47:24,8.18,手动出餐,1,否,"7寸披萨8选1＋小吃6选1+饮料[碳烤鸡肉培根披萨7英寸+芝士黄桃挞一个+奶茶+常温]（56.00*1）,餐盒（2.00*1）",缤纷芝士挞菠萝味+港式奶茶,,,,非会员,43,,,1份餐具,,56.00,17.46,30.70,0.00,0,0,1.82,0.00,5.60,【活动支出】单品特价:20.70元+【活动支出】粉丝群:2.00元+【活动支出】饿了么红包:8.00元+【活动支出】替用户承担配送费:5.6元,-,-,-,2.00,温州区域,温州加盟,,,否,-,平台配送
圣比萨（平阳水头店）,SBM00029,温州,"8078490255259286822	",饿了么,平台外卖,已完成,2025-10-23 10:17:53,2025-10-23 10:17:53,2025-10-23 10:17:53,饿了么支付-在线支付,,预约单,2025-10-23 11:15:00,26.88,手动出餐,1,否,"奥尔良烤鸡肉披萨-7寸[{""name"":""规格"",""value"":""7寸""}]（45.00*1）,餐盒（1.00*1）",新奥尔良烤鸡肉披萨,,,,非会员,1,,,依据餐量提供餐具,,45.00,11.88,26.10,0.00,0,0,1.77,0.00,4.50,【活动支出】单品特价:19.10元+【活动支出】饿了么红包:7.00元+【活动支出】替用户承担配送费:4.5元,-,-,-,1.00,温州区域,温州加盟,,,否,-,平台配送
圣比萨（平阳水头店）,SBM00029,温州,"8090070255267634619	",饿了么,平台外卖,已完成,2025-10-23 10:36:46,2025-10-23 10:36:46,2025-10-23 10:36:46,饿了么支付-在线支付,,即时单,2025-10-23 10:36:46,23.43,手动出餐,1,否,"【任选】披萨随心配（35.90*1）,餐盒（1.00*1）",深海墨鱼丸(3个)+柠檬茶+新奥尔良烤鸡肉披萨(7英寸(手拍)),,,,非会员,2,,,依据餐量提供餐具,,35.90,22.32,5.00,0.00,0,0,3.03,0.00,3.50,【活动支出】饿了么红包:5.00元+【活动支出】替用户承担配送费:3.5元,-,-,-,1.00,温州区域,温州加盟,,,否,-,平台配送
圣比萨（平阳水头店）,SBM00029,温州,"8023516089187899721	",饿了么,平台外卖,已完成,2025-10-23 10:46:56,2025-10-23 10:46:56,2025-10-23 10:46:56,饿了么支付-在线支付,,即时单,2025-10-23 10:46:56,14.72,手动出餐,1,否,"奥尔良烤鸡肉披萨-7寸[{""name"":""规格"",""value"":""7寸""}]（45.00*1）,餐盒（1.00*1）",新奥尔良烤鸡肉披萨,,,,非会员,3,,,依据餐量提供餐具,,45.00,11.88,26.10,0.00,0,0,1.77,0.00,4.50,【活动支出】单品特价:19.10元+【活动支出】 商家自营销加码:2.00元+【活动支出】CPS商户叠加券:0.00元+【活动支出】饿了么红包:5.00元+【活动支出】替用户承担配送费:4.5元,-,-,-,1.00,温州区域,温州加盟,,,否,-,平台配送
圣比萨（平阳水头店）,SBM00029,温州,"8090756089226488216	",饿了么,平台外卖,已完成,2025-10-23 11:46:17,2025-10-23 11:46:17,2025-10-23 11:46:18,饿了么支付-在线支付,,即时单,2025-10-23 11:46:17,26.75,被动出餐,1,否,新奥尔良烤鸡肉披萨7寸-单点（22.00*1）,新奥尔良烤鸡肉披萨【7英寸(手拍)】,,,,非会员,4,,,依据餐量提供餐具,,22.00,12.00,0.00,0.00,0,0,0.00,0.00,,【活动支出】拼团反圈活动:0.00元,-,-,-,0.00,温州区域,温州加盟,,,否,-,平台配送
圣比萨（平阳水头店）,SBM00029,温州,"8095686089281116643	",饿了么,平台外卖,已完成,2025-10-23 13:15:47,2025-10-23 13:15:47,2025-10-23 13:15:48,饿了么支付-在线支付,,即时单,2025-10-23 13:15:47,13.12,手动出餐,1,否,"榴莲披萨-7寸[{""name"":""规格"",""value"":""7寸""}]（62.00*1）,餐盒（1.00*1）",榴莲王披萨,,,,非会员,5,,,15888211139 / 无需餐具,,62.00,17.55,37.10,0.00,0,0,2.40,0.00,3.50,【活动支出】店铺满减:1.00元+【活动支出】单品特价:22.10元+【活动支出】 商家自营销加码:0.00元+【活动支出】粉丝群:2.00元+【活动支出】饿了么红包:12.00元+【活动支出】替用户承担配送费:3.5元,-,-,-,1.00,温州区域,温州加盟,,,否,-,平台配送
圣比萨（平阳水头店）,SBM00029,温州,"8069330255555321104	",饿了么,平台外卖,已完成,2025-10-23 17:07:52,2025-10-23 17:07:52,2025-10-23 17:07:52,饿了么支付-在线支付,,即时单,2025-10-23 17:07:52,22.40,被动出餐,1,否,"新奥尔良烤肉披萨［铁盘装］-两人份[{""name"":""规格"",""value"":""两人份""}]（32.80*1）,餐盒（1.00*1）","新奥尔良烤肉披萨［铁盘装］-两人份[{""name"":""规格"",""value"":""两人份""}]+餐盒",,,,非会员,6,,,2份餐具,,32.80,18.35,7.00,0.00,0,0,2.50,0.00,3.50,【活动支出】饿了么红包:7.00元+【活动支出】替用户承担配送费:3.5元,-,-,-,1.00,温州区域,温州加盟,,,否,-,平台配送
圣比萨（平阳水头店）,SBM00029,温州,"8092030255464605066	",饿了么,平台外卖,已完成,2025-10-23 17:16:20,2025-10-23 17:16:20,2025-10-23 17:16:20,饿了么支付-在线支付,,即时单,2025-10-23 17:16:20,14.83,手动出餐,1,否,"碳烤鸡肉培根披萨-7寸[{""name"":""规格"",""value"":""7寸""}]（45.00*1）,餐盒（1.00*1）",碳烤鸡肉培根披萨,,,,非会员,7,,,依据餐量提供餐具,,45.00,12.78,26.10,0.00,0,0,1.77,0.00,3.50,【活动支出】单品特价:19.10元+【活动支出】饿了么红包:7.00元+【活动支出】替用户承担配送费:3.5元,-,-,-,1.00,温州区域,温州加盟,,,否,-,平台配送
圣比萨（平阳水头店）,SBM00029,温州,"8097070255486923125	",饿了么,平台外卖,已完成,2025-10-23 17:47:14,2025-10-23 17:47:14,2025-10-23 17:47:14,饿了么支付-在线支付,,即时单,2025-10-23 17:47:14,21.22,手动出餐,1,否,"牛肉至尊披萨-9寸[{""name"":""规格"",""value"":""9寸""}]（75.00*1）,餐盒（1.00*1）",炙热牛魔王披萨,,,,非会员,8,,,依据餐量提供餐具,,75.00,21.42,45.10,0.00,0,0,2.93,0.00,3.50,【活动支出】店铺满减:1.00元+【活动支出】单品特价:36.10元+【活动支出】 商家自营销加码:0.00元+【活动支出】饿了么红包:8.00元+【活动支出】替用户承担配送费:3.5元,-,-,-,1.00,温州区域,温州加盟,,,否,-,平台配送
圣比萨（平阳水头店）,SBM00029,温州,"8023826089399688633	",饿了么,平台外卖,已完成,2025-10-23 17:48:34,2025-10-23 17:48:34,2025-10-23 17:48:34,饿了么支付-在线支付,,即时单,2025-10-23 17:48:34,28.08,手动出餐,1,否,"双拼披萨-12英寸（经典手拍）[奥尔良鸡肉披萨+鲜虾菠萝披萨][{""name"":""规格"",""value"":""12英寸（经典手拍）""}]（128.00*1）,餐盒（2.00*1）","双拼披萨-12英寸（经典手拍）[奥尔良鸡肉披萨+鲜虾菠萝披萨][{""name"":""规格"",""value"":""12英寸（经典手拍）""}]+餐盒",,,,非会员,9,,,依据餐量提供餐具,,128.00,33.94,83.10,0.00,0,0,4.61,0.00,3.50,【活动支出】店铺满减:6.00元+【活动支出】单品特价:68.10元+【活动支出】饿了么红包:9.00元+【活动支出】替用户承担配送费:3.5元,-,-,-,2.00,温州区域,温州加盟,,,否,-,平台配送
圣比萨（平阳水头店）,SBM00029,温州,"8096976089344081399	",饿了么,平台外卖,已完成,2025-10-23 17:51:15,2025-10-23 17:51:15,2025-10-23 17:51:15,饿了么支付-在线支付,,即时单,2025-10-23 17:51:15,25.43,手动出餐,1,否,"芒果汁[冷]（7.00*1）,乐享·薄脆榴莲多多披萨（69.00*1）,餐盒（3.00*1）",芒果汁,,,,非会员,10,,,依据餐量提供餐具,,76.00,35.87,28.60,0.00,0,0,4.98,0.00,3.50,【活动支出】店铺满减:6.00元+【活动支出】单品特价:15.60元+【活动支出】吃货豆兑换的商家券:5.00元+【活动支出】 商家自营销加码:2.00元+【活动支出】饿了么红包:0.00元+【活动支出】替用户承担配送费:3.5元,-,-,-,3.00,温州区域,温州加盟,,,否,-,平台配送
圣比萨（平阳水头店）,SBM00029,温州,"8056440255608108344	",饿了么,平台外卖,已完成,2025-10-23 18:41:43,2025-10-23 18:41:43,2025-10-23 18:41:43,饿了么支付-在线支付,,即时单,2025-10-23 18:41:43,7.98,手动出餐,1,否,"上校鸡块（4.90*1）,番茄牛肉意面（23.90*1）,餐盒（2.00*1）",上校鸡块+番茄牛肉意面,,,,非会员,11,,,2份餐具,,28.80,15.67,7.00,0.00,0,0,2.18,0.00,3.50,【活动支出】饿了么红包:7.00元+【活动支出】替用户承担配送费:3.5元,-,-,-,2.00,温州区域,温州加盟,,,否,-,平台配送
圣比萨（平阳水头店）,SBM00029,温州,"8088556089402910066	",饿了么,平台外卖,已完成,2025-10-23 19:31:08,2025-10-23 19:31:08,2025-10-23 19:31:08,饿了么支付-在线支付,,即时单,2025-10-23 19:31:08,25.92,手动出餐,1,否,"玉米沙拉披萨-9寸[{""name"":""规格"",""value"":""9寸""}]（60.00*1）,餐盒（1.00*1）",玉米沙拉披萨,,,,非会员,12,,,加沙拉酱，加点沙拉酱，加点沙拉酱。。。。。。。 / 2份餐具,,60.00,19.34,33.10,0.00,0,0,2.61,0.00,3.50,【活动支出】单品特价:26.10元+【活动支出】饿了么红包:7.00元+【活动支出】替用户承担配送费:3.5元,-,-,-,1.00,温州区域,温州加盟,,,否,-,平台配送
圣比萨（平阳水头店）,SBM00029,温州,"8099606089465345414	",饿了么,平台外卖,已完成,2025-10-23 19:50:19,2025-10-23 19:50:19,2025-10-23 19:50:20,饿了么支付-在线支付,,即时单,2025-10-23 19:50:19,14.68,被动出餐,1,否,"玉米沙拉披萨-7寸[{""name"":""规格"",""value"":""7寸""}]（40.00*1）",玉米沙拉披萨,,,,非会员,13,,,1份餐具【到店自取，取餐码13】,,40.00,21.99,16.10,0.00,0,0,1.91,0.00,,【活动支出】单品特价:16.10元,-,-,-,0.00,温州区域,温州加盟,,,否,-,平台配送
圣比萨（平阳水头店）,SBM00029,温州,"8033546089437914616	",饿了么,平台外卖,已完成,2025-10-23 19:57:18,2025-10-23 19:57:18,2025-10-23 19:57:18,饿了么支付-在线支付,,即时单,2025-10-23 19:57:18,20.40,被动出餐,1,否,"明星至尊桶（59.00*1）,牛肉至尊披萨-9寸[{""name"":""规格"",""value"":""9寸""}]（75.00*1）,餐盒（2.00*1）",明星至尊桶+炙热牛魔王披萨,,,,非会员,14,,,2份餐具,,134.00,48.46,70.20,0.00,0,0,6.59,0.00,3.50,【活动支出】店铺满减:6.00元+【活动支出】单品特价:19.10元+【活动支出】单品特价:36.10元+【活动支出】饿了么红包:9.00元+【活动支出】替用户承担配送费:3.5元,-,-,-,2.00,温州区域,温州加盟,,,否,-,平台配送
圣比萨（平阳水头店）,SBM00029,温州,"8046410255559451974	",饿了么,平台外卖,已完成,2025-10-23 20:09:08,2025-10-23 20:09:08,2025-10-23 20:09:08,饿了么支付-在线支付,,即时单,2025-10-23 20:09:08,22.63,被动出餐,1,否,"牛肉至尊披萨-7寸[{""name"":""规格"",""value"":""7寸""}]（45.00*1）,餐盒（1.00*1）",炙热牛魔王披萨,,,,非会员,15,,,依据餐量提供餐具,,45.00,14.57,24.10,0.00,0,0,1.98,0.00,3.50,【活动支出】单品特价:19.10元+【活动支出】饿了么红包:5.00元+【活动支出】替用户承担配送费:3.5元,-,-,-,1.00,温州区域,温州加盟,,,否,-,平台配送
圣比萨（平阳水头店）,SBM00029,温州,"8072300255555435803	",饿了么,平台外卖,已完成,2025-10-23 20:15:43,2025-10-23 20:15:43,2025-10-23 20:15:44,饿了么支付-在线支付,,即时单,2025-10-23 20:15:43,24.35,手动出餐,1,否,"新奥尔良烤肉披萨［铁盘装］-个人份[{""name"":""规格"",""value"":""个人份""}]（20.80*1）,餐盒（1.00*1）","新奥尔良烤肉披萨［铁盘装］-个人份[{""name"":""规格"",""value"":""个人份""}]+餐盒",,,,非会员,16,,,依据餐量提供餐具,,20.80,6.02,9.00,0.00,0,0,1.43,0.00,3.50,【活动支出】粉丝群:2.00元+【活动支出】饿了么红包:7.00元+【活动支出】替用户承担配送费:3.5元,-,-,-,1.00,温州区域,温州加盟,,,否,-,平台配送
圣比萨（平阳水头店）,SBM00029,温州,"8034400255655931381	",饿了么,平台外卖,已完成,2025-10-23 20:38:30,2025-10-23 20:38:30,2025-10-23 20:38:30,饿了么支付-在线支付,,即时单,2025-10-23 20:38:30,16.90,手动出餐,1,否,新奥尔良烤鸡肉披萨7寸-单点（22.00*1）,新奥尔良烤鸡肉披萨【7英寸(手拍)】,,,,非会员,17,,,依据餐量提供餐具,,22.00,12.00,0.00,0.00,0,0,0.00,0.00,,【活动支出】拼团反圈活动:0.00元,-,-,-,0.00,温州区域,温州加盟,,,否,-,平台配送
圣比萨（平阳水头店）,SBM00029,温州,"8097070255478496737	",饿了么,平台外卖,已完成,2025-10-23 20:43:24,2025-10-23 20:43:24,2025-10-23 20:43:25,饿了么支付-在线支付,,即时单,2025-10-23 20:43:24,25.38,手动出餐,1,否,"超值单人组合餐B[浪漫威尼斯披萨7寸+可乐+黑椒鸡块四个]（53.00*1）,餐盒（2.00*1）",浪漫威尼斯披萨【7英寸(手拍)】,,,,非会员,18,,,依据餐量提供餐具,,53.00,21.27,23.60,0.00,0,0,2.98,0.00,3.50,【活动支出】店铺满减:1.00元+【活动支出】单品特价:15.60元+【活动支出】饿了么红包:7.00元+【活动支出】替用户承担配送费:3.5元,-,-,-,2.00,温州区域,温州加盟,,,否,-,平台配送
圣比萨（平阳水头店）,SBM00029,温州,"8098370255475008924	",饿了么,平台外卖,已完成,2025-10-23 20:56:50,2025-10-23 20:56:50,2025-10-23 20:56:50,饿了么支付-在线支付,,即时单,2025-10-23 20:56:50,20.98,被动出餐,1,否,"【任选】披萨随心配（35.90*1）,餐盒（1.00*1）",深海墨鱼丸(3个)+芒果汁+新奥尔良烤鸡肉披萨(7英寸(手拍)),,,,非会员,19,,,依据餐量提供餐具,,35.90,19.63,8.00,0.00,0,0,2.72,0.00,3.50,【活动支出】饿了么红包:8.00元+【活动支出】替用户承担配送费:3.5元,-,-,-,1.00,温州区域,温州加盟,,,否,-,平台配送
圣比萨（平阳水头店）,SBM00029,温州,"8023450255484523943	",饿了么,平台外卖,已完成,2025-10-23 21:06:41,2025-10-23 21:06:41,2025-10-23 21:06:42,饿了么支付-在线支付,,即时单,2025-10-23 21:06:41,21.80,手动出餐,1,否,"蛋挞一个（原味）（5.90*1）,奥尔良烤鸡肉披萨-7寸[{""name"":""规格"",""value"":""7寸""}]（45.00*1）,番茄牛肉意面（23.90*1）,餐盒（2.50*1）",蛋挞1个+新奥尔良烤鸡肉披萨+番茄牛肉意面,,,,非会员,20,,,"对骑手, 不要打电话直接放门口 / 依据餐量提供餐具",,74.80,28.21,34.90,0.00,0,0,4.14,0.00,8.30,【活动支出】单品特价:5.80元+【活动支出】店铺满减:1.00元+【活动支出】单品特价:19.10元+【活动支出】饿了么红包:9.00元+【活动支出】替用户承担配送费:6.0元,-,-,-,2.50,温州区域,温州加盟,,,否,-,平台配送
圣比萨（平阳水头店）,SBM00029,温州,"8052626089491450279	",饿了么,平台外卖,已完成,2025-10-23 21:07:30,2025-10-23 21:07:30,2025-10-23 21:07:31,饿了么支付-在线支付,,即时单,2025-10-23 21:07:30,21.02,手动出餐,1,否,"蛋挞一个（原味）（5.90*1）,明星至尊桶（59.00*1）,奥尔良烤鸡肉披萨-7寸[{""name"":""规格"",""value"":""7寸""}]（45.00*1）,餐盒（2.50*1）",蛋挞1个+明星至尊桶+新奥尔良烤鸡肉披萨,,,,非会员,21,,,依据餐量提供餐具,,109.90,35.97,62.00,0.00,0,0,4.98,0.00,5.60,【活动支出】店铺满减:6.00元+【活动支出】单品特价:5.80元+【活动支出】单品特价:19.10元+【活动支出】单品特价:19.10元+【活动支出】饿了么红包:12.00元+【活动支出】替用户承担配送费:5.6元,-,-,-,2.50,温州区域,温州加盟,,,否,-,平台配送
圣比萨（平阳水头店）,SBM00029,温州,"8096726089481473527	",饿了么,平台外卖,已完成,2025-10-23 22:21:57,2025-10-23 22:21:57,2025-10-23 22:21:57,饿了么支付-在线支付,,即时单,2025-10-23 22:21:57,12.63,手动出餐,1,否,"蛋挞一个（原味）（5.90*1）,奥尔良烤鸡肉披萨-7寸[{""name"":""规格"",""value"":""7寸""}]（45.00*1）,餐盒（1.50*1）",蛋挞1个+新奥尔良烤鸡肉披萨,,,,非会员,22,,,依据餐量提供餐具,,50.90,12.81,31.90,0.00,0,0,1.84,0.00,5.60,【活动支出】单品特价:5.80元+【活动支出】单品特价:19.10元+【活动支出】饿了么红包:7.00元+【活动支出】替用户承担配送费:5.6元,-,-,-,1.50,温州区域,温州加盟,,,否,-,平台配送
圣比萨（平阳水头店）,SBM00029,温州,"8062440255597072785	",饿了么,平台外卖,已完成,2025-10-23 22:25:08,2025-10-23 22:25:08,2025-10-23 22:25:08,饿了么支付-在线支付,,即时单,2025-10-23 22:25:08,13.12,手动出餐,1,否,"蛋挞一个（原味）（5.90*1）,【任选】披萨随心配（35.90*1）,餐盒（1.50*1）",蛋挞1个+深海墨鱼丸(3个)+芒果汁+新奥尔良烤鸡肉披萨(7英寸(手拍)),,,,非会员,23,,,依据餐量提供餐具,,41.80,18.77,13.80,0.00,0,0,2.78,0.00,6.60,【活动支出】单品特价:5.80元+【活动支出】饿了么红包:8.00元+【活动支出】替用户承担配送费:6.0元,-,-,-,1.50,温州区域,温州加盟,,,否,-,平台配送
圣比萨（平阳水头店）,SBM00029,温州,"8041756089494962504	",饿了么,平台外卖,已完成,2025-10-23 22:55:35,2025-10-23 22:55:35,2025-10-23 22:55:35,饿了么支付-在线支付,,即时单,2025-10-23 22:55:35,17.53,手动出餐,1,否,"柠檬茶[常温]（6.00*2）,盐酥鸡粒（21.00*1）,明星至尊桶（59.00*1）,番茄牛肉意面（23.90*2）,餐盒（6.00*1）",柠檬茶+盐酥鸡粒+明星至尊桶+番茄牛肉意面,,,,非会员,24,,,依据餐量提供餐具,,139.80,72.72,46.34,0.00,0,0,10.13,0.00,7.10,【活动支出】店铺满减:6.00元+【活动支出】单品特价:0.14元+【活动支出】单品特价:11.10元+【活动支出】单品特价:19.10元+【活动支出】超级会员专享红包:8.00元+【活动支出】 商家自营销加码:0.00元+【活动支出】粉丝群:2.00元+【活动支出】替用户承担配送费:6.0元,-,-,-,6.00,温州区域,温州加盟,,,否,-,平台配送
圣比萨（平阳水头店）,SBM00029,温州,"8013430255503859070	",饿了么,平台外卖,已完成,2025-10-23 23:01:48,2025-10-23 23:01:48,2025-10-23 23:01:48,饿了么支付-在线支付,,即时单,2025-10-23 23:01:48,11.95,手动出餐,1,否,"奥尔良烤鸡肉披萨-7寸[{""name"":""规格"",""value"":""7寸""}]（45.00*1）,餐盒（1.00*1）",新奥尔良烤鸡肉披萨,,,,非会员,25,,,依据餐量提供餐具,,45.00,10.49,28.10,0.00,0,0,1.56,0.00,5.60,【活动支出】单品特价:19.10元+【活动支出】粉丝群:2.00元+【活动支出】饿了么红包:7.00元+【活动支出】替用户承担配送费:5.6元,-,-,-,1.00,温州区域,温州加盟,,,否,-,平台配送
圣比萨·披萨·炸鸡（滨海一店）,SBM00002,盐城,"8052636089249295748	",饿了么,平台外卖,已完成,2025-10-23 13:20:14,2025-10-23 13:20:14,2025-10-23 13:20:14,饿了么支付-在线支付,,即时单,2025-10-23 13:20:14,12.05,自动出餐,1,否,"【任选2件套】买一送一7英寸披萨（48.90*1）,免费送小吃（每单限一份）[墨鱼丸1个]（0.00*1）,蛋挞一个（原味）（6.90*1）,餐盒（2.50*1）",缤纷水果披萨(7英寸(手拍))+大圣招牌大满贯披萨(7英寸(手拍))+深海墨鱼丸1个+蛋挞1个,,,,非会员,1,,,依据餐量提供餐具,,55.80,29.53,11.91,0.00,0,0,4.66,0.00,5.00,【活动支出】店铺满减:1.00元+【活动支出】单品特价:5.91元+【活动支出】饿了么红包:5.00元+【活动支出】替用户承担配送费:5.0元,-,-,-,2.50,江苏区域,江苏直营店,,,否,-,平台配送
圣比萨·披萨·炸鸡（滨海一店）,SBM00002,盐城,"8019130255433514339	",饿了么,平台外卖,已完成,2025-10-23 16:22:56,2025-10-23 16:22:56,2025-10-23 16:22:57,饿了么支付-在线支付,,即时单,2025-10-23 16:22:56,10.12,自动出餐,1,否,"新奥尔良烤鸡肉披萨-7英寸[{""name"":""规格"",""value"":""7英寸""}]（28.90*1）,餐盒（1.00*1）",新奥尔良烤鸡肉披萨,,,,非会员,2,,,2份餐具,,28.90,13.91,6.00,0.00,0,0,2.39,0.00,6.00,【活动支出】精准营销:1.00元+【活动支出】饿了么红包:5.00元+【活动支出】替用户承担配送费:6.0元,-,-,-,1.00,江苏区域,江苏直营店,,,否,-,平台配送
圣比萨·披萨·炸鸡（滨海一店）,SBM00002,盐城,"8005536089407226246	",饿了么,平台外卖,已完成,2025-10-23 18:45:15,2025-10-23 18:45:15,2025-10-23 18:45:15,饿了么支付-在线支付,,即时单,2025-10-23 18:45:15,12.18,自动出餐,1,否,"缤纷水果披萨-7英寸(手拍)[{""name"":""规格"",""value"":""7英寸(手拍)""}]（26.90*1）,免费送小吃（每单限一份）[上校鸡块2个]（0.00*1）,蛋挞一个（原味）（6.90*1）,餐盒（1.50*1）",缤纷水果披萨+上校鸡块2个+蛋挞1个,,,,非会员,3,,,依据餐量提供餐具,,33.80,12.52,10.91,0.00,0,0,2.82,0.00,5.00,【活动支出】单品特价:5.91元+【活动支出】饿了么红包:5.00元+【活动支出】替用户承担配送费:5.0元,-,-,-,1.50,江苏区域,江苏直营店,,,否,-,平台配送
圣比萨（永中店）,SBS00013,温州,"8025576089150426575	",饿了么,平台外卖,已完成,2025-10-23 10:33:50,2025-10-23 10:33:50,2025-10-23 10:33:50,饿了么支付-在线支付,,即时单,2025-10-23 10:33:50,10.13,自动出餐,1,否,"圣比招牌披萨-9英寸(经典手拍)[{""name"":""规格"",""value"":""9英寸(经典手拍)""}]（78.00*1）",大圣招牌大满贯披萨,,,,非会员,1,,,无需餐具,,78.00,25.45,43.00,0.00,0,0,2.40,0.00,4.00,【活动支出】单品特价:43.00元+【活动支出】替用户承担配送费:4.0元,-,-,-,0.00,温州区域,温州加盟,,,否,-,平台配送
圣比萨（永中店）,SBS00013,温州,"8013330255168000347	",饿了么,平台外卖,已完成,2025-10-23 10:37:38,2025-10-23 10:37:38,2025-10-23 10:37:38,饿了么支付-在线支付,,即时单,2025-10-23 10:37:38,9.13,手动出餐,1,否,"披萨随心配（60.40*1）,餐盒（2.00*1）",薯饼2个+盐酥鸡米花小份+上校鸡块2个+缤纷水果披萨(7英寸(手拍)),,,,非会员,2,,,依据餐量提供餐具,,60.40,14.26,39.50,0.00,0,0,1.49,0.00,5.60,【活动支出】首次光顾立减:2.00元+【活动支出】单品特价:30.50元+【活动支出】饿了么红包:7.00元+【活动支出】替用户承担配送费:5.6元,-,-,-,2.00,温州区域,温州加盟,,,否,-,平台配送
圣比萨（永中店）,SBS00013,温州,"8043926089131448818	",饿了么,平台外卖,已完成,2025-10-23 10:44:00,2025-10-23 10:44:00,2025-10-23 10:44:01,饿了么支付-在线支付,,即时单,2025-10-23 10:44:00,10.10,自动出餐,1,否,"意面随心配（58.80*1）,餐盒（2.00*1）",薯饼2个+盐酥鸡米花小份+蛋挞1个+番茄牛肉意面,,,,非会员,3,,,依据餐量提供餐具,,58.80,9.32,42.90,0.00,0,0,1.43,0.00,6.20,【活动支出】首次光顾立减:2.00元+【活动支出】单品特价:31.90元+【活动支出】粉丝群:2.00元+【活动支出】饿了么红包:7.00元+【活动支出】替用户承担配送费:6.0元,-,-,-,2.00,温州区域,温州加盟,,,否,-,平台配送
圣比萨（永中店）,SBS00013,温州,"8010656089168106980	",饿了么,平台外卖,已完成,2025-10-23 10:55:46,2025-10-23 10:55:46,2025-10-23 10:55:46,饿了么支付-在线支付,,即时单,2025-10-23 10:55:46,10.20,自动出餐,1,否,"超值7英寸披萨一人食套餐[奥尔良鸡肉披萨7英寸+深海墨鱼丸3个+柠檬茶+常温]（56.00*1）,餐盒（2.00*1）",新奥尔良烤鸡肉披萨【7英寸(手拍)】+深海墨鱼丸3个+柠檬茶,,,,非会员,4,,,1份餐具,,56.00,16.41,33.10,0.00,0,0,1.64,0.00,5.00,【活动支出】首次光顾立减:2.00元+【活动支出】单品特价:24.10元+【活动支出】饿了么红包:7.00元+【活动支出】替用户承担配送费:5.0元,-,-,-,2.00,温州区域,温州加盟,,,否,-,平台配送
圣比萨（永中店）,SBS00013,温州,"8094626089230362079	",饿了么,平台外卖,已完成,2025-10-23 11:20:50,2025-10-23 11:20:50,2025-10-23 11:20:50,饿了么支付-在线支付,,即时单,2025-10-23 11:20:50,8.32,手动出餐,1,否,"任选披萨9选1+小吃6选1+饮料[缤纷水果披萨7英寸+小份薯条+芒果汁+常温]（58.00*1）,餐盒（2.00*1）",缤纷水果披萨【7英寸(手拍)】+芒果汁,,,,非会员,5,,,依据餐量提供餐具,,58.00,19.16,33.10,0.00,0,0,1.79,0.00,4.00,【活动支出】单品特价:26.10元+【活动支出】 商家自营销加码:2.00元+【活动支出】饿了么红包:5.00元+【活动支出】替用户承担配送费:4.0元,-,-,-,2.00,温州区域,温州加盟,,,否,-,平台配送
圣比萨（永中店）,SBS00013,温州,"8030270255411453382	",饿了么,平台外卖,已完成,2025-10-23 11:24:18,2025-10-23 11:24:18,2025-10-23 11:24:18,饿了么支付-在线支付,,即时单,2025-10-23 11:24:18,12.20,自动出餐,1,否,"任选焗饭4选1+小吃6选1+饮料[招牌肉酱芝士焗饭+芝士菠萝挞1个+柠檬茶+常温]（57.00*1）,餐盒（2.00*1）",招牌肉酱芝士焗饭+缤纷芝士挞【菠萝味】+柠檬茶,,,,非会员,6,,,依据餐量提供餐具,,57.00,12.71,34.10,0.00,0,0,1.64,0.00,10.50,【活动支出】首次光顾立减:2.00元+【活动支出】单品特价:25.10元+【活动支出】饿了么红包:7.00元+【活动支出】替用户承担配送费:6.0元,-,-,-,2.00,温州区域,温州加盟,,,否,-,平台配送
圣比萨（永中店）,SBS00013,温州,"8065736089306700256	",饿了么,平台外卖,已完成,2025-10-23 13:32:13,2025-10-23 13:32:13,2025-10-23 13:32:14,饿了么支付-在线支付,,即时单,2025-10-23 13:32:13,10.00,自动出餐,1,否,"【任选】披萨11选1+小吃6选2+饮品自选[星星炸鸡披萨7英寸+上校鸡块4个+藤椒鸡排1个+小可乐+冰]（70.00*1）,餐盒（2.00*1）",星星炸鸡披萨【7英寸(手拍)】+上校鸡块+金丝鸡排+小可乐,,,,非会员,7,,,依据餐量提供餐具,,70.00,20.08,44.10,0.00,0,0,1.87,0.00,3.50,【活动支出】单品特价:35.10元+【活动支出】粉丝群:2.00元+【活动支出】饿了么红包:7.00元+【活动支出】替用户承担配送费:3.5元,-,-,-,2.00,温州区域,温州加盟,,,否,-,平台配送
圣比萨（永中店）,SBS00013,温州,"8076786089260404030	",饿了么,平台外卖,已完成,2025-10-23 13:51:50,2025-10-23 13:51:50,2025-10-23 13:51:50,饿了么支付-在线支付,,即时单,2025-10-23 13:51:50,10.22,自动出餐,1,否,"【随心拼】7英寸披萨(口味自选）[浪漫威尼斯+花果山]（54.00*1）,餐盒（2.00*1）",双拼7寸【浪漫威尼斯口味7】+双拼7寸【花果山口味7】,,,,非会员,8,,,依据餐量提供餐具,,54.00,9.22,38.50,0.00,0,0,1.43,0.00,4.50,【活动支出】首次光顾立减:2.00元+【活动支出】单品特价:27.50元+【活动支出】粉丝群:2.00元+【活动支出】饿了么红包:7.00元+【活动支出】替用户承担配送费:4.5元,-,-,-,2.00,温州区域,温州加盟,,,否,-,平台配送
圣比萨（永中店）,SBS00013,温州,"8084060255521037786	",饿了么,平台外卖,已完成,2025-10-23 15:24:20,2025-10-23 15:24:20,2025-10-23 15:24:21,饿了么支付-在线支付,,即时单,2025-10-23 15:24:20,10.23,自动出餐,1,否,"缤纷水果披萨-12英寸(手拍)[{""name"":""规格"",""value"":""12英寸(手拍)""}]（106.00*1）,芝士就是力量（加披萨里）（10.00*2）,餐盒（1.00*1）",缤纷水果披萨+芝士就是力量,,,,非会员,9,,,切12块，谢谢！ / 依据餐量提供餐具,,126.00,40.21,74.10,0.00,0,0,3.74,0.00,3.50,【活动支出】店铺满减:6.00元+【活动支出】单品特价:54.10元+【活动支出】单品特价:6.00元+【活动支出】超级会员专享红包:8.00元+【活动支出】 商家自营销加码:0.00元+【活动支出】替用户承担配送费:3.5元,-,-,-,1.00,温州区域,温州加盟,,,否,-,平台配送
圣比萨（永中店）,SBS00013,温州,"8025966089310477570	",饿了么,平台外卖,已完成,2025-10-23 15:26:11,2025-10-23 15:26:11,2025-10-23 15:26:12,饿了么支付-在线支付,,即时单,2025-10-23 15:26:11,10.00,自动出餐,1,否,"咸蛋黄风味流沙卷边（7英寸）（4.90*1）,奥尔良烤翅（14.00*1）,7英寸奥尔良烤鸡肉披萨[7英奥尔良烤鸡肉披萨]（58.00*1）,芒果汁[冷]（10.00*1）,餐盒（5.00*1）",咸蛋黄流沙卷边7+奥尔良烤翅+新奥尔良烤鸡肉披萨【7英寸(手拍)】+芒果汁,,,,非会员,10,,,依据餐量提供餐具,,86.90,26.40,49.60,0.00,0,0,2.95,0.00,8.70,【活动支出】店铺满减:1.00元+【活动支出】首次光顾立减:2.00元+【活动支出】单品特价:1.10元+【活动支出】单品特价:34.50元+【活动支出】单品特价:4.00元+【活动支出】饿了么红包:7.00元+【活动支出】替用户承担配送费:6.0元,-,-,-,5.00,温州区域,温州加盟,,,否,-,平台配送
圣比萨（永中店）,SBS00013,温州,"8068736089292939591	",饿了么,平台外卖,已完成,2025-10-23 16:01:50,2025-10-23 16:01:50,2025-10-23 16:01:50,饿了么支付-在线支付,,即时单,2025-10-23 16:01:50,7.52,手动出餐,1,否,"披萨随心配（60.40*1）,餐盒（2.00*1）",地道肠1根+盐酥鸡米花小份+上校鸡块2个+日系照烧鸡披萨(7英寸(手拍)),,,,非会员,11,,,1份餐具,,60.40,12.71,37.50,0.00,0,0,1.64,0.00,9.90,【活动支出】单品特价:30.50元+【活动支出】饿了么红包:7.00元+【活动支出】替用户承担配送费:6.0元,-,-,-,2.00,温州区域,温州加盟,,,否,-,平台配送
圣比萨（永中店）,SBS00013,温州,"8057450255436511731	",饿了么,平台外卖,已完成,2025-10-23 16:22:30,2025-10-23 16:22:30,2025-10-23 16:22:30,饿了么支付-在线支付,,即时单,2025-10-23 16:22:30,9.30,手动出餐,1,否,"披萨随心配（60.40*1）,餐盒（2.00*1）",地道肠1根+薯饼2个+盐酥鸡米花小份+新奥尔良烤鸡肉披萨(7英寸(手拍)),,,,非会员,12,,,依据餐量提供餐具,,60.40,14.12,41.50,0.00,0,0,1.43,0.00,3.50,【活动支出】首次光顾立减:2.00元+【活动支出】单品特价:30.50元+【活动支出】粉丝群:2.00元+【活动支出】饿了么红包:7.00元+【活动支出】替用户承担配送费:3.5元,-,-,-,2.00,温州区域,温州加盟,,,否,-,平台配送
圣比萨（永中店）,SBS00013,温州,"8069080255457894897	",饿了么,平台外卖,已完成,2025-10-23 17:07:39,2025-10-23 17:07:39,2025-10-23 17:07:39,饿了么支付-在线支付,,即时单,2025-10-23 17:07:39,10.08,自动出餐,1,否,"玉米沙拉披萨-7英寸(手拍)[{""name"":""规格"",""value"":""7英寸(手拍)""}]（42.00*1）,餐盒（1.00*1）",玉米沙拉披萨,,,,非会员,13,,,依据餐量提供餐具,,42.00,8.12,28.10,0.00,0,0,1.43,0.00,3.50,【活动支出】首次光顾立减:2.00元+【活动支出】单品特价:19.10元+【活动支出】饿了么红包:7.00元+【活动支出】替用户承担配送费:3.5元,-,-,-,1.00,温州区域,温州加盟,,,否,-,平台配送
圣比萨（永中店）,SBS00013,温州,"8092506089363336515	",饿了么,平台外卖,已完成,2025-10-23 17:38:45,2025-10-23 17:38:45,2025-10-23 17:38:46,饿了么支付-在线支付,,即时单,2025-10-23 17:38:45,9.72,手动出餐,1,否,"金丝鸡排（首页入饿了么会员可享受会员特价与其他优惠）（10.88*1）,蛋挞1个（5.00*1）,焗饭随心配（53.80*1）,薯饼3个（12.00*1）,餐盒（4.00*1）",金丝鸡排+蛋挞1个+招牌肉酱芝士焗饭+地道肠1根+盐酥鸡米花小份+上校鸡块2个+薯饼,,,,非会员,14,,,依据餐量提供餐具,,81.68,16.17,56.60,0.00,0,0,1.96,0.00,6.20,【活动支出】店铺满减:1.00元+【活动支出】首次光顾立减:2.00元+【活动支出】单品特价:6.29元+【活动支出】单品特价:2.41元+【活动支出】单品特价:25.90元+【活动支出】单品特价:9.00元+【活动支出】粉丝群:2.00元+【活动支出】饿了么红包:8.00元+【活动支出】替用户承担配送费:6.0元,-,-,-,4.00,温州区域,温州加盟,,,否,-,平台配送
圣比萨（永中店）,SBS00013,温州,"8050666089344787940	",饿了么,平台外卖,已完成,2025-10-23 17:42:41,2025-10-23 17:42:41,2025-10-23 17:42:41,饿了么支付-在线支付,,即时单,2025-10-23 17:42:41,12.17,自动出餐,1,否,"新奥尔良烤鸡肉披萨-9寸(手拍)[{""name"":""规格"",""value"":""9寸(手拍)""}]（78.00*1）,蛋挞1个（5.00*1）,餐盒（2.00*1）",新奥尔良烤鸡肉披萨+蛋挞1个,,,,非会员,15,,,依据餐量提供餐具,,83.00,18.53,56.51,0.00,0,0,1.91,0.00,4.50,【活动支出】店铺满减:1.00元+【活动支出】首次光顾立减:2.00元+【活动支出】单品特价:40.10元+【活动支出】单品特价:2.41元+【活动支出】粉丝群:2.00元+【活动支出】饿了么红包:9.00元+【活动支出】替用户承担配送费:4.5元,-,-,-,2.00,温州区域,温州加盟,,,否,-,平台配送
圣比萨（永中店）,SBS00013,温州,"8025746089383360949	",饿了么,平台外卖,已完成,2025-10-23 17:50:11,2025-10-23 17:50:11,2025-10-23 17:50:11,饿了么支付-在线支付,,即时单,2025-10-23 17:50:11,12.07,自动出餐,1,否,"新奥尔良烤鸡肉披萨-7寸(手拍)[{""name"":""规格"",""value"":""7寸(手拍)""}]（45.00*1）,奶酪芝士卷边（7英寸）（4.90*1）,餐盒（1.00*1）",新奥尔良烤鸡肉披萨+奶酪芝士卷边7,,,,非会员,16,,,依据餐量提供餐具,,49.90,12.02,32.10,0.00,0,0,1.43,0.00,3.50,【活动支出】首次光顾立减:2.00元+【活动支出】单品特价:21.10元+【活动支出】粉丝群:2.00元+【活动支出】饿了么红包:7.00元+【活动支出】替用户承担配送费:3.5元,-,-,-,1.00,温州区域,温州加盟,,,否,-,平台配送
圣比萨（永中店）,SBS00013,温州,"8053260255497193760	",饿了么,平台外卖,已完成,2025-10-23 18:20:33,2025-10-23 18:20:33,2025-10-23 18:20:33,饿了么支付-在线支付,,即时单,2025-10-23 18:20:33,12.20,自动出餐,1,否,"【任选】披萨11选1+小吃6选2+饮品自选[奥尔良鸡肉披萨7英寸+川香大翅根1个+藤椒鸡排1个+柠檬茶+常温]（70.00*1）,【新客福利】香烤地道肠1根（7.50*1）,餐盒（1.00*1）",新奥尔良烤鸡肉披萨【7英寸(手拍)】+川香脆皮大翅根【1个】+金丝鸡排+柠檬茶+地道肠1根,,,,非会员,17,,,依据餐量提供餐具,,77.50,21.38,48.55,0.00,0,0,2.02,0.00,3.50,【活动支出】单品特价:43.04元+【活动支出】单品特价:5.51元+【活动支出】替用户承担配送费:3.5元,-,-,-,1.00,温州区域,温州加盟,,,否,-,平台配送
圣比萨（永中店）,SBS00013,温州,"8067536089464693242	",饿了么,平台外卖,已完成,2025-10-23 19:56:59,2025-10-23 19:56:59,2025-10-23 19:57:00,饿了么支付-在线支付,,即时单,2025-10-23 19:56:59,10.00,自动出餐,1,否,新奥尔良烤鸡肉披萨7寸-单点（22.00*1）,新奥尔良烤鸡肉披萨【7英寸(手拍)】,,,,非会员,18,,,依据餐量提供餐具,,22.00,12.00,0.00,0.00,0,0,0.00,0.00,,【活动支出】拼团反圈活动:0.00元,-,-,-,0.00,温州区域,温州加盟,,,否,-,平台配送
圣比萨（永中店）,SBS00013,温州,"8004916089470089539	",饿了么,平台外卖,已完成,2025-10-23 20:11:44,2025-10-23 20:11:44,2025-10-23 20:11:45,饿了么支付-在线支付,,即时单,2025-10-23 20:11:44,6.18,手动出餐,1,否,"奥尔良烤鸡肉披萨+小吃+饮品组合[奥尔良鸡肉披萨7英寸+甜烤玉米+柠檬茶+常温]（58.00*1）,餐盒（2.00*1）",新奥尔良烤鸡肉披萨【7英寸(手拍)】+烤甜玉米+柠檬茶,,,,非会员,19,,,依据餐量提供餐具,,58.00,18.19,33.50,0.00,0,0,1.76,0.00,3.50,【活动支出】单品特价:26.50元+【活动支出】饿了么红包:7.00元+【活动支出】替用户承担配送费:3.5元,-,-,-,2.00,温州区域,温州加盟,,,否,-,平台配送
圣比萨（永中店）,SBS00013,温州,"8086896089425047953	",饿了么,平台外卖,已完成,2025-10-23 20:19:15,2025-10-23 20:19:15,2025-10-23 20:19:15,饿了么支付-在线支付,,即时单,2025-10-23 20:19:15,9.63,手动出餐,1,否,"奥尔良烤鸡肉披萨(7寸)-单点[{""name"":""规格"",""value"":""单点""}]（23.21*1）",新奥尔良烤鸡肉披萨【7英寸(手拍)】,,,,非会员,20,,,9份餐具 需要一起打包,,23.21,13.21,0.00,0.00,0,0,0.00,0.00,,【活动支出】拼团反圈活动:0.00元,-,-,-,0.00,温州区域,温州加盟,,,否,-,平台配送
圣比萨（永中店）,SBS00013,温州,"8086896089425047954	",饿了么,平台外卖,已完成,2025-10-23 20:19:15,2025-10-23 20:19:15,2025-10-23 20:19:15,饿了么支付-在线支付,,即时单,2025-10-23 20:19:15,9.63,手动出餐,1,否,"手握三选一-单点[日式照烧][{""name"":""规格"",""value"":""单点""}]（20.00*1）",日式烧鸟风味一人食盒子披萨,,,,非会员,21,,,9份餐具 需要一起打包,,20.00,10.00,0.00,0.00,0,0,0.00,0.00,,【活动支出】拼团反圈活动:0.00元,-,-,-,0.00,温州区域,温州加盟,,,否,-,平台配送
圣比萨（永中店）,SBS00013,温州,"8011140255688962462	",饿了么,平台外卖,已完成,2025-10-23 22:22:47,2025-10-23 22:22:47,2025-10-23 22:22:47,饿了么支付-在线支付,,即时单,2025-10-23 22:22:47,8.27,手动出餐,1,否,"【任选】披萨11选1+小吃6选2+饮品自选[奥尔良鸡肉披萨7英寸+上校鸡块4个+藤椒鸡排1个+柠檬茶+冰]（70.00*1）,餐盒（2.00*1）",新奥尔良烤鸡肉披萨【7英寸(手拍)】+上校鸡块+金丝鸡排+柠檬茶,,,,非会员,22,,,依据餐量提供餐具,,70.00,15.93,46.10,0.00,0,0,1.72,0.00,7.70,【活动支出】首次光顾立减:2.00元+【活动支出】单品特价:35.10元+【活动支出】粉丝群:2.00元+【活动支出】饿了么红包:7.00元+【活动支出】替用户承担配送费:6.0元,-,-,-,2.00,温州区域,温州加盟,,,否,-,平台配送
圣比萨（科技城店）,SBM00006,温州,"8069606089109262670	",饿了么,平台外卖,已完成,2025-10-23 09:57:59,2025-10-23 09:57:59,2025-10-23 09:57:59,饿了么支付-在线支付,,预约单,2025-10-23 12:00:00,91.05,手动出餐,1,否,"芒果汁[常温]（10.00*1）,鲜虾菠萝披萨-7寸(经典手拍)[{""name"":""规格"",""value"":""7寸(经典手拍)""}]（45.00*1）,餐盒（3.00*1）",芒果汁+鲜虾菠萝披萨,,,,非会员,1,,,麻烦12点10分送达哈，孩子12点10分下课，预约时间没有12点10分/ 2份餐具,,55.00,20.43,28.10,0.00,0,0,2.02,0.00,4.50,【活动支出】店铺满减:1.00元+【活动支出】单品特价:4.00元+【活动支出】单品特价:14.10元+【活动支出】饿了么红包:9.00元+【活动支出】替用户承担配送费:4.5元,-,-,-,3.00,温州区域,温州加盟,,,否,-,平台配送
圣比萨（科技城店）,SBM00006,温州,"8083516089137144089	",饿了么,平台外卖,已完成,2025-10-23 10:11:21,2025-10-23 10:11:21,2025-10-23 10:11:22,饿了么支付-在线支付,,即时单,2025-10-23 10:11:21,11.48,手动出餐,1,否,"单人吃鸡套餐[新奥尔良鸡肉7寸+奥翅一对+柠檬茶+冷]（62.00*1）,餐盒（3.00*1）",新奥尔良烤鸡肉披萨【7英寸(手拍)】+奥尔良烤翅+柠檬茶,,,,非会员,2,,,依据餐量提供餐具,,62.00,21.47,34.30,0.00,0,0,2.08,0.00,4.00,【活动支出】店铺满减:1.00元+【活动支出】单品特价:25.30元+【活动支出】饿了么红包:8.00元+【活动支出】替用户承担配送费:4.0元,-,-,-,3.00,温州区域,温州加盟,,,否,-,平台配送
圣比萨（科技城店）,SBM00006,温州,"8061100255160866051	",饿了么,平台外卖,已完成,2025-10-23 10:17:50,2025-10-23 10:17:50,2025-10-23 10:17:50,饿了么支付-在线支付,,即时单,2025-10-23 10:17:50,8.42,手动出餐,1,否,"新奥尔良烤鸡肉披萨-7寸(经典手拍)[{""name"":""规格"",""value"":""7寸(经典手拍)""}]（45.00*1）,餐盒（2.00*1）",新奥尔良烤鸡肉披萨,,,,非会员,3,,,2份餐具,,45.00,19.51,18.10,0.00,0,0,1.94,0.00,4.50,【活动支出】单品特价:14.10元+【活动支出】饿了么红包:4.00元+【活动支出】替用户承担配送费:4.5元,-,-,-,2.00,温州区域,温州加盟,,,否,-,平台配送
圣比萨（科技城店）,SBM00006,温州,"8084300255365879139	",饿了么,平台外卖,已完成,2025-10-23 10:43:29,2025-10-23 10:43:29,2025-10-23 10:43:29,饿了么支付-在线支付,,即时单,2025-10-23 10:43:29,11.77,手动出餐,1,否,"奥尔良烤翅（14.88*1）,圣比招牌披萨-9寸(经典手拍)[{""name"":""规格"",""value"":""9寸(经典手拍)""}]（78.00*1）,经典薯条（18.88*1）,餐盒（4.00*1）",奥尔良烤翅+大圣招牌大满贯披萨+经典薯条,,,,非会员,4,,,依据餐量提供餐具,,111.76,38.17,65.06,0.00,0,0,3.58,0.00,3.50,【活动支出】店铺满减:6.00元+【活动支出】单品特价:3.98元+【活动支出】单品特价:34.10元+【活动支出】单品特价:8.98元+【活动支出】饿了么红包:12.00元+【活动支出】替用户承担配送费:3.5元,-,-,-,4.00,温州区域,温州加盟,,,否,-,平台配送
圣比萨（科技城店）,SBM00006,温州,"8031220255184270667	",饿了么,平台外卖,已完成,2025-10-23 10:52:47,2025-10-23 10:52:47,2025-10-23 10:52:48,饿了么支付-在线支付,,即时单,2025-10-23 10:52:47,8.43,手动出餐,1,否,"缤纷水果披萨-7寸(经典手拍)[{""name"":""规格"",""value"":""7寸(经典手拍)""}]（42.00*1）,餐盒（2.00*1）",缤纷水果披萨,,,,非会员,5,,,1份餐具,,42.00,15.12,22.10,0.00,0,0,1.43,0.00,3.50,【活动支出】单品特价:15.10元+【活动支出】 商家自营销加码:2.00元+【活动支出】饿了么红包:5.00元+【活动支出】替用户承担配送费:3.5元,-,-,-,2.00,温州区域,温州加盟,,,否,-,平台配送
圣比萨（科技城店）,SBM00006,温州,"8048070255210027330	",饿了么,平台外卖,已完成,2025-10-23 11:16:53,2025-10-23 11:16:53,2025-10-23 11:16:53,饿了么支付-在线支付,,即时单,2025-10-23 11:16:53,11.53,手动出餐,1,否,"9寸披萨随❤️双拼[水果+培根鸡肉]（80.00*1）,餐盒（2.00*1）",双拼9寸【缤纷水果口味9】+双拼9寸【鸡肉培根口味9】,,,,非会员,6,,,依据餐量提供餐具,,80.00,26.31,45.10,0.00,0,0,2.54,0.00,4.00,【活动支出】店铺满减:1.00元+【活动支出】单品特价:36.10元+【活动支出】饿了么红包:8.00元+【活动支出】替用户承担配送费:4.0元,-,-,-,2.00,温州区域,温州加盟,,,否,-,平台配送
圣比萨（科技城店）,SBM00006,温州,"8071470255315018084	",饿了么,平台外卖,已完成,2025-10-23 11:34:07,2025-10-23 11:34:07,2025-10-23 11:34:07,饿了么支付-在线支付,,即时单,2025-10-23 11:34:07,12.02,手动出餐,1,否,"圣比招牌披萨-9寸(经典手拍)[{""name"":""规格"",""value"":""9寸(经典手拍)""}]（78.00*1）,餐盒（2.00*1）",大圣招牌大满贯披萨,,,,非会员,7,,,依据餐量提供餐具,,78.00,27.21,43.10,0.00,0,0,2.54,0.00,4.00,【活动支出】店铺满减:1.00元+【活动支出】单品特价:34.10元+【活动支出】饿了么红包:8.00元+【活动支出】替用户承担配送费:4.0元,-,-,-,2.00,温州区域,温州加盟,,,否,-,平台配送
圣比萨（科技城店）,SBM00006,温州,"8025380255326783959	",饿了么,平台外卖,已完成,2025-10-23 11:45:00,2025-10-23 11:45:00,2025-10-23 11:45:00,饿了么支付-在线支付,,即时单,2025-10-23 11:45:00,21.47,手动出餐,1,否,"缤纷水果披萨-7寸(经典手拍)[{""name"":""规格"",""value"":""7寸(经典手拍)""}]（42.00*1）,蛋挞（10.00*1）,餐盒（3.00*1）",缤纷水果披萨+蛋挞,,,,非会员,8,,,依据餐量提供餐具,,52.00,22.30,22.11,0.00,0,0,2.24,0.00,5.60,【活动支出】店铺满减:1.00元+【活动支出】单品特价:15.10元+【活动支出】单品特价:1.01元+【活动支出】饿了么红包:5.00元+【活动支出】替用户承担配送费:5.6元,-,-,-,3.00,温州区域,温州加盟,,,否,-,平台配送
圣比萨（科技城店）,SBM00006,温州,"8078816089237048632	",饿了么,平台外卖,已完成,2025-10-23 12:11:22,2025-10-23 12:11:22,2025-10-23 12:11:23,饿了么支付-在线支付,,即时单,2025-10-23 12:11:22,11.85,手动出餐,1,否,"任选披萨6选1+小吃6选1+饮料[奥尔良鸡肉披萨7寸+金丝鸡排1个+芒果汁只能常温、冷+常温]（61.55*1）,餐盒（2.00*1）",新奥尔良烤鸡肉披萨【7英寸(手拍)】+金丝鸡排,,,,非会员,9,,,依据餐量提供餐具,,61.55,21.19,33.15,0.00,0,0,2.06,0.00,3.50,【活动支出】单品特价:26.15元+【活动支出】饿了么红包:7.00元+【活动支出】替用户承担配送费:3.5元,-,-,-,2.00,温州区域,温州加盟,,,否,-,平台配送
圣比萨（科技城店）,SBM00006,温州,"8031536089236504932	",饿了么,平台外卖,已完成,2025-10-23 12:18:56,2025-10-23 12:18:56,2025-10-23 12:18:56,饿了么支付-在线支付,,即时单,2025-10-23 12:18:56,9.67,手动出餐,1,否,奥尔良烤鸡肉披萨(7寸)-单点（23.21*1）,新奥尔良烤鸡肉披萨【7英寸(手拍)】,,,,非会员,10,,,依据餐量提供餐具,,23.21,13.21,0.00,0.00,0,0,0.00,0.00,,【活动支出】拼团反圈活动:0.00元,-,-,-,0.00,温州区域,温州加盟,,,否,-,平台配送
圣比萨（科技城店）,SBM00006,温州,"8078230255278294385	",饿了么,平台外卖,已完成,2025-10-23 12:49:26,2025-10-23 12:49:26,2025-10-23 12:49:26,饿了么支付-在线支付,,即时单,2025-10-23 12:49:26,11.33,手动出餐,1,否,"任选披萨6选1+小吃6选1+饮料[水果披萨7寸+金丝鸡排1个+芒果汁只能常温、冷+热]（61.55*1）,蛋挞（10.00*1）,餐盒（3.00*1）",缤纷水果披萨【7英寸(手拍)】+金丝鸡排+蛋挞,,,,非会员,11,,,依据餐量提供餐具,,71.55,26.49,36.16,0.00,0,0,2.65,0.00,5.00,【活动支出】店铺满减:1.00元+【活动支出】单品特价:26.15元+【活动支出】单品特价:1.01元+【活动支出】饿了么红包:8.00元+【活动支出】替用户承担配送费:5.0元,-,-,-,3.00,温州区域,温州加盟,,,否,-,平台配送
圣比萨（科技城店）,SBM00006,温州,"8025916089314541934	",饿了么,平台外卖,已完成,2025-10-23 14:35:36,2025-10-23 14:35:36,2025-10-23 14:35:36,饿了么支付-在线支付,,即时单,2025-10-23 14:35:36,12.45,手动出餐,1,否,"任选披萨6选1+小吃6选1+饮料[碳烤培根鸡肉披萨7寸+薯条1份+奶茶+常温]（61.55*1）,经典薯条（18.88*1）,餐盒（3.00*1）",碳烤鸡肉培根披萨【7英寸(手拍)】+经典薯条+港式奶茶+经典薯条,,,,非会员,12,,,无需餐具,,80.43,26.43,44.13,0.00,0,0,2.72,0.00,6.30,【活动支出】店铺满减:1.00元+【活动支出】单品特价:26.15元+【活动支出】单品特价:8.98元+【活动支出】饿了么红包:8.00元+【活动支出】替用户承担配送费:6.0元,-,-,-,3.00,温州区域,温州加盟,,,否,-,平台配送
圣比萨（科技城店）,SBM00006,温州,"8057766089346253294	",饿了么,平台外卖,已完成,2025-10-23 15:45:26,2025-10-23 15:45:26,2025-10-23 15:45:26,饿了么支付-在线支付,,即时单,2025-10-23 15:45:26,15.60,手动出餐,1,否,"碳烤鸡肉培根披萨-12寸(经典手拍)[{""name"":""规格"",""value"":""12寸(经典手拍)""}]（109.00*1）,餐盒（2.00*1）",碳烤鸡肉培根披萨,,,,非会员,13,,,依据餐量提供餐具,,109.00,38.36,60.10,0.00,0,0,3.59,0.00,4.00,【活动支出】店铺满减:6.00元+【活动支出】单品特价:45.10元+【活动支出】饿了么红包:9.00元+【活动支出】替用户承担配送费:4.0元,-,-,-,2.00,温州区域,温州加盟,,,否,-,平台配送
圣比萨（科技城店）,SBM00006,温州,"8061696089305053618	",饿了么,平台外卖,已完成,2025-10-23 16:22:55,2025-10-23 16:22:55,2025-10-23 16:22:56,饿了么支付-在线支付,,即时单,2025-10-23 16:22:55,16.55,手动出餐,1,否,"圣比招牌披萨-9寸(经典手拍)[{""name"":""规格"",""value"":""9寸(经典手拍)""}]（78.00*1）,餐盒（2.00*1）",大圣招牌大满贯披萨,,,,非会员,14,,,依据餐量提供餐具,,78.00,24.48,44.10,0.00,0,0,2.47,0.00,6.20,【活动支出】店铺满减:1.00元+【活动支出】单品特价:34.10元+【活动支出】饿了么红包:9.00元+【活动支出】替用户承担配送费:6.0元,-,-,-,2.00,温州区域,温州加盟,,,否,-,平台配送
圣比萨（科技城店）,SBM00006,温州,"8005536089339997511	",饿了么,平台外卖,已完成,2025-10-23 16:24:48,2025-10-23 16:24:48,2025-10-23 16:24:48,饿了么支付-在线支付,,即时单,2025-10-23 16:24:48,17.20,手动出餐,1,否,"经典双人披萨套餐[圣比至尊披萨9寸+明星小食桶B+港式奶茶+小可乐+常温]（126.00*1）,餐盒（3.00*1）",大圣招牌大满贯披萨【9英寸(手拍)】+明星小食桶B+港式奶茶+小可乐,,,,非会员,15,,,可乐冰，奶茶热。 / 依据餐量提供餐具,,126.00,34.36,82.10,0.00,0,0,3.29,0.00,5.00,【活动支出】店铺满减:6.00元+【活动支出】单品特价:64.10元+【活动支出】饿了么红包:12.00元+【活动支出】替用户承担配送费:5.0元,-,-,-,3.00,温州区域,温州加盟,,,否,-,平台配送
圣比萨（科技城店）,SBM00006,温州,"8037380255355156918	",饿了么,平台外卖,已完成,2025-10-23 16:35:31,2025-10-23 16:35:31,2025-10-23 16:35:32,饿了么支付-在线支付,,即时单,2025-10-23 16:35:31,9.30,手动出餐,1,否,"任选披萨6选1+小吃6选1+饮料[威尼斯披萨7寸+上校鸡块4个+芒果汁只能常温、冷+常温]（61.55*1）,餐盒（2.00*1）",上校鸡块,,,,非会员,16,,,依据餐量提供餐具,,61.55,21.19,33.15,0.00,0,0,2.06,0.00,3.50,【活动支出】单品特价:26.15元+【活动支出】超级会员专享红包:5.00元+【活动支出】 商家自营销加码:2.00元+【活动支出】替用户承担配送费:3.5元,-,-,-,2.00,温州区域,温州加盟,,,否,-,平台配送
圣比萨（科技城店）,SBM00006,温州,"8048506089306527141	",饿了么,平台外卖,已完成,2025-10-23 16:40:50,2025-10-23 16:40:50,2025-10-23 16:40:51,饿了么支付-在线支付,,即时单,2025-10-23 16:40:50,9.17,手动出餐,1,否,"新奥尔良烤鸡肉披萨-7寸(经典手拍)[{""name"":""规格"",""value"":""7寸(经典手拍)""}]（45.00*1）,餐盒（2.00*1）",新奥尔良烤鸡肉披萨,,,,非会员,17,,,对骑手手机响铃后放在门卫前面桌子上谢谢谢谢 / 依据餐量提供餐具,,45.00,17.33,21.10,0.00,0,0,1.72,0.00,4.50,【活动支出】单品特价:14.10元+【活动支出】饿了么红包:7.00元+【活动支出】替用户承担配送费:4.5元,-,-,-,2.00,温州区域,温州加盟,,,否,-,平台配送
圣比萨（科技城店）,SBM00006,温州,"8043676089310882248	",饿了么,平台外卖,已完成,2025-10-23 16:47:02,2025-10-23 16:47:02,2025-10-23 16:47:02,饿了么支付-在线支付,,即时单,2025-10-23 16:47:02,10.13,手动出餐,1,否,"经典双人披萨套餐[缤纷水果披萨9寸+明星小食桶A+芒果汁+港式奶茶+温]（126.00*1）,餐盒（3.00*1）",缤纷水果披萨【9英寸(手拍)】+明星小食桶A+芒果汁+港式奶茶,,,,非会员,18,,,依据餐量提供餐具,,126.00,36.53,79.10,0.00,0,0,3.52,0.00,4.50,【活动支出】店铺满减:6.00元+【活动支出】单品特价:64.10元+【活动支出】饿了么红包:9.00元+【活动支出】替用户承担配送费:4.5元,-,-,-,3.00,温州区域,温州加盟,,,否,-,平台配送
圣比萨（科技城店）,SBM00006,温州,"8000110255376582060	",饿了么,平台外卖,已完成,2025-10-23 17:17:03,2025-10-23 17:17:03,2025-10-23 17:17:03,饿了么支付-在线支付,,即时单,2025-10-23 17:17:03,13.18,手动出餐,1,否,"任选披萨6选1+小吃6选1+饮料[日式照烧鸡肉披萨7寸+盐酥鸡粒1份+可乐+常温]（61.55*1）,餐盒（2.00*1）",日系照烧鸡披萨【7英寸(手拍)】+小可乐,,,,非会员,19,,,依据餐量提供餐具,,61.55,21.19,33.15,0.00,0,0,2.06,0.00,3.50,【活动支出】单品特价:26.15元+【活动支出】饿了么红包:7.00元+【活动支出】替用户承担配送费:3.5元,-,-,-,2.00,温州区域,温州加盟,,,否,-,平台配送
圣比萨（科技城店）,SBM00006,温州,"8071816089361604051	",饿了么,平台外卖,已完成,2025-10-23 17:21:27,2025-10-23 17:21:27,2025-10-23 17:21:27,饿了么支付-在线支付,,即时单,2025-10-23 17:21:27,5.43,手动出餐,1,否,番茄牛肉意面-单点（22.59*1）,番茄牛肉意面,,,,非会员,20,,,依据餐量提供餐具,,22.59,12.59,0.00,0.00,0,0,0.00,0.00,,【活动支出】拼团反圈活动:0.00元,-,-,-,0.00,温州区域,温州加盟,,,否,-,平台配送
圣比萨（科技城店）,SBM00006,温州,"8083370255485681084	",饿了么,平台外卖,已完成,2025-10-23 17:38:46,2025-10-23 17:38:46,2025-10-23 17:38:47,饿了么支付-在线支付,,即时单,2025-10-23 17:38:46,10.28,手动出餐,1,否,"浪漫威尼斯披萨-7寸(经典手拍)[{""name"":""规格"",""value"":""7寸(经典手拍)""}]（42.00*1）,经典薯条（18.88*1）,餐盒（3.00*1）",浪漫威尼斯披萨+经典薯条,,,,非会员,21,,,依据餐量提供餐具,,60.88,22.16,33.08,0.00,0,0,2.09,0.00,3.50,【活动支出】店铺满减:1.00元+【活动支出】单品特价:15.10元+【活动支出】单品特价:8.98元+【活动支出】饿了么红包:8.00元+【活动支出】替用户承担配送费:3.5元,-,-,-,3.00,温州区域,温州加盟,,,否,-,平台配送
圣比萨（科技城店）,SBM00006,温州,"8060400255493828913	",饿了么,平台外卖,已完成,2025-10-23 17:55:56,2025-10-23 17:55:56,2025-10-23 17:55:56,饿了么支付-在线支付,,即时单,2025-10-23 17:55:56,10.07,手动出餐,1,否,"圣比招牌披萨-9寸(经典手拍)[{""name"":""规格"",""value"":""9寸(经典手拍)""}]（78.00*1）,餐盒（2.00*1）",大圣招牌大满贯披萨,,,,非会员,22,,,依据餐量提供餐具,,78.00,29.38,40.10,0.00,0,0,2.77,0.00,3.50,【活动支出】店铺满减:1.00元+【活动支出】单品特价:34.10元+【活动支出】饿了么红包:5.00元+【活动支出】替用户承担配送费:3.5元,-,-,-,2.00,温州区域,温州加盟,,,否,-,平台配送
圣比萨（科技城店）,SBM00006,温州,"8028410255483203996	",饿了么,平台外卖,已完成,2025-10-23 17:57:45,2025-10-23 17:57:45,2025-10-23 17:57:45,饿了么支付-在线支付,,即时单,2025-10-23 17:57:45,12.52,手动出餐,1,否,"新奥尔良烤鸡肉披萨-7寸(经典手拍)[{""name"":""规格"",""value"":""7寸(经典手拍)""}]（45.00*1）,招牌肉酱意面（30.00*1）,蛋挞（10.00*1）,餐盒（4.00*1）",新奥尔良烤鸡肉披萨+招牌肉酱意面+蛋挞,,,,非会员,23,,,依据餐量提供餐具,,85.00,39.53,35.21,0.00,0,0,3.81,0.00,4.50,【活动支出】店铺满减:6.00元+【活动支出】单品特价:14.10元+【活动支出】单品特价:2.10元+【活动支出】单品特价:1.01元+【活动支出】饿了么红包:12.00元+【活动支出】替用户承担配送费:4.5元,-,-,-,4.00,温州区域,温州加盟,,,否,-,平台配送
圣比萨（科技城店）,SBM00006,温州,"8098360255591508431	",饿了么,平台外卖,已完成,2025-10-23 18:01:58,2025-10-23 18:01:58,2025-10-23 18:01:58,饿了么支付-在线支付,,即时单,2025-10-23 18:01:58,9.68,手动出餐,1,否,"圣比招牌披萨-7寸(经典手拍)[{""name"":""规格"",""value"":""7寸(经典手拍)""}]（45.00*1）,餐盒（2.00*1）",大圣招牌大满贯披萨,,,,非会员,24,,,3份餐具,,45.00,18.23,21.10,0.00,0,0,1.72,0.00,3.50,【活动支出】单品特价:14.10元+【活动支出】饿了么红包:7.00元+【活动支出】淘金币:0.00元+【活动支出】替用户承担配送费:3.5元,-,-,-,2.00,温州区域,温州加盟,,,否,-,平台配送
圣比萨（科技城店）,SBM00006,温州,"8085220255505097009	",饿了么,平台外卖,已完成,2025-10-23 18:12:40,2025-10-23 18:12:40,2025-10-23 18:12:40,饿了么支付-在线支付,,即时单,2025-10-23 18:12:40,13.13,手动出餐,1,否,"9寸披萨随❤️双拼[培根鸡肉+日系照烧]（80.00*1）,餐盒（2.00*1）",双拼9寸【鸡肉培根口味9】+双拼9寸【日系照烧口味9】,,,,非会员,25,,,无需餐具,,80.00,31.23,40.10,0.00,0,0,2.92,0.00,3.50,【活动支出】店铺满减:1.00元+【活动支出】单品特价:36.10元+【活动支出】吃货红包:3.00元+【活动支出】替用户承担配送费:3.5元,-,-,-,2.00,温州区域,温州加盟,,,否,-,平台配送
圣比萨（科技城店）,SBM00006,温州,"8082696089392556340	",饿了么,平台外卖,已完成,2025-10-23 18:15:55,2025-10-23 18:15:55,2025-10-23 18:15:55,饿了么支付-在线支付,,即时单,2025-10-23 18:15:55,16.20,手动出餐,1,否,"圣比招牌披萨-7寸(经典手拍)[{""name"":""规格"",""value"":""7寸(经典手拍)""}]（45.00*1）,上校鸡块（11.88*1）,香烤鸡翅-2只[{""name"":""规格"",""value"":""2只""}]（16.00*1）,餐盒（4.00*1）",大圣招牌大满贯披萨+上校鸡块+香烤鸡翅,,,,非会员,26,,,依据餐量提供餐具,,72.88,29.19,33.08,0.00,0,0,3.06,0.00,6.80,【活动支出】店铺满减:1.00元+【活动支出】单品特价:14.10元+【活动支出】单品特价:4.98元+【活动支出】单品特价:4.00元+【活动支出】饿了么红包:9.00元+【活动支出】替用户承担配送费:6.0元,-,-,-,4.00,温州区域,温州加盟,,,否,-,平台配送
圣比萨（科技城店）,SBM00006,温州,"8032566089402481083	",饿了么,平台外卖,已完成,2025-10-23 18:16:19,2025-10-23 18:16:19,2025-10-23 18:16:19,饿了么支付-在线支付,,即时单,2025-10-23 18:16:19,15.83,手动出餐,1,否,"7寸披萨买一送一[新奥尔良鸡肉披萨7寸+圣比至尊披萨7寸]（86.80*1）,餐盒（2.00*1）",新奥尔良烤鸡肉披萨【7英寸(手拍)】+大圣招牌大满贯披萨【7英寸(手拍)】,,,,非会员,27,,,3份餐具,,86.80,31.23,46.90,0.00,0,0,2.92,0.00,3.50,【活动支出】店铺满减:1.00元+【活动支出】单品特价:37.90元+【活动支出】超级会员专享红包:8.00元+【活动支出】 商家自营销加码:0.00元+【活动支出】替用户承担配送费:3.5元,-,-,-,2.00,温州区域,温州加盟,,,否,-,平台配送
圣比萨（科技城店）,SBM00006,温州,"8004190255625073043	",饿了么,平台外卖,已完成,2025-10-23 19:07:33,2025-10-23 19:07:33,2025-10-23 19:07:34,饿了么支付-在线支付,,即时单,2025-10-23 19:07:33,16.50,手动出餐,1,否,"芝士焗饭一人食套餐[招牌肉酱芝士焗饭+金丝鸡排一个+柠檬茶温+常温]（66.00*1）,餐盒（2.00*1）",招牌肉酱芝士焗饭,,,,非会员,28,,,依据餐量提供餐具,,66.00,18.46,39.80,0.00,0,0,1.89,0.00,5.00,【活动支出】单品特价:32.80元+【活动支出】饿了么红包:7.00元+【活动支出】替用户承担配送费:5.0元,-,-,-,2.00,温州区域,温州加盟,,,否,-,平台配送
圣比萨（科技城店）,SBM00006,温州,"8030866089395960279	",饿了么,平台外卖,已退款,2025-10-23 19:13:02,2025-10-23 19:13:02,2025-10-23 19:13:03,饿了么支付-在线支付,,即时单,2025-10-23 19:13:02,,未出餐,1,否,"披萨意面双人套餐[碳烤鸡肉培根披萨7寸+碳烧鸡肉芝士焗饭+明星小食桶C+柠檬茶+柠檬茶+常温]（128.00*1）,餐盒（2.00*1）",碳烤鸡肉培根披萨【7英寸(手拍)】+碳烤鸡肉芝士焗饭+明星小食桶C+柠檬茶+柠檬茶,,,,非会员,29,,,2份餐具,订单强制无效（商家主动取消已接订单、用户1分钟内取消),128.00,-10.13,72.60,48.70,0,0,4.08,0.00,9.30,【活动支出】店铺满减:6.00元+【活动支出】单品特价:54.60元+【活动支出】饿了么红包:12.00元+【活动支出】替用户承担配送费:6.0元,-,-,-,2.00,温州区域,温州加盟,,,否,-,平台配送
圣比萨（科技城店）,SBM00006,温州,"8059120255541114358	",饿了么,平台外卖,已完成,2025-10-23 19:49:07,2025-10-23 19:49:07,2025-10-23 19:49:07,饿了么支付-在线支付,,即时单,2025-10-23 19:49:07,11.70,手动出餐,1,否,"芝士焗饭一人食套餐[招牌肉酱芝士焗饭+上校鸡块4个+奶茶+常温]（66.00*1）,餐盒（2.00*1）",招牌肉酱芝士焗饭+上校鸡块+港式奶茶,,,,非会员,30,,,无需餐具,,66.00,19.36,39.80,0.00,0,0,1.89,0.00,4.00,【活动支出】单品特价:32.80元+【活动支出】饿了么红包:7.00元+【活动支出】替用户承担配送费:4.0元,-,-,-,2.00,温州区域,温州加盟,,,否,-,平台配送
圣比萨（科技城店）,SBM00006,温州,"8077566089471448379	",饿了么,平台外卖,已完成,2025-10-23 19:55:18,2025-10-23 19:55:18,2025-10-23 19:55:18,饿了么支付-在线支付,,即时单,2025-10-23 19:55:18,14.63,手动出餐,1,否,"圣比招牌披萨-7寸(经典手拍)[{""name"":""规格"",""value"":""7寸(经典手拍)""}]（45.00*1）,餐盒（2.00*1）",大圣招牌大满贯披萨,,,,非会员,31,,,依据餐量提供餐具,,45.00,18.23,21.10,0.00,0,0,1.72,0.00,4.00,【活动支出】单品特价:14.10元+【活动支出】饿了么红包:7.00元+【活动支出】替用户承担配送费:4.0元,-,-,-,2.00,温州区域,温州加盟,,,否,-,平台配送
圣比萨（科技城店）,SBM00006,温州,"8045916089473693024	",饿了么,平台外卖,已完成,2025-10-23 20:13:56,2025-10-23 20:13:56,2025-10-23 20:13:56,饿了么支付-在线支付,,即时单,2025-10-23 20:13:56,9.53,手动出餐,1,否,"任选披萨6选1+小吃6选1+饮料[碳烤培根鸡肉披萨7寸+金丝鸡排1个+芒果汁只能常温、冷+常温]（61.55*1）,餐盒（2.00*1）",碳烤鸡肉培根披萨【7英寸(手拍)】+金丝鸡排,,,,非会员,32,,,依据餐量提供餐具,,61.55,17.99,33.15,0.00,0,0,2.06,0.00,6.80,【活动支出】单品特价:26.15元+【活动支出】饿了么红包:7.00元+【活动支出】替用户承担配送费:6.0元,-,-,-,2.00,温州区域,温州加盟,,,否,-,平台配送
圣比萨（科技城店）,SBM00006,温州,"8098090255475687912	",饿了么,平台外卖,已完成,2025-10-23 21:01:16,2025-10-23 21:01:16,2025-10-23 21:01:16,饿了么支付-在线支付,,即时单,2025-10-23 21:01:16,7.78,手动出餐,1,否,"单人吃鸡套餐[碳烤鸡肉7寸+上校鸡块4块+奶茶+常温]（62.00*1）,餐盒（3.00*1）",碳烤鸡肉培根披萨【7英寸(手拍)】+上校鸡块+港式奶茶,,,,非会员,33,,,1份餐具,,62.00,20.97,34.30,0.00,0,0,2.08,0.00,6.10,【活动支出】店铺满减:1.00元+【活动支出】单品特价:25.30元+【活动支出】饿了么红包:8.00元+【活动支出】替用户承担配送费:6.0元,-,-,-,3.00,温州区域,温州加盟,,,否,-,平台配送
圣比萨（科技城店）,SBM00006,温州,"8032350255576963555	",饿了么,平台外卖,已完成,2025-10-23 21:18:31,2025-10-23 21:18:31,2025-10-23 21:18:31,饿了么支付-在线支付,,即时单,2025-10-23 21:18:31,14.80,手动出餐,1,否,"9寸披萨随❤️双拼[水果+圣比至尊]（80.00*1）,小食拼盘（41.00*1）,餐盒（4.00*1）",双拼9寸【缤纷水果口味9】+双拼9寸【圣比招牌口味9】+小吃拼盘,,,,非会员,34,,,依据餐量提供餐具,,121.00,43.99,65.20,0.00,0,0,4.26,0.00,7.10,【活动支出】店铺满减:6.00元+【活动支出】单品特价:36.10元+【活动支出】单品特价:11.10元+【活动支出】饿了么红包:12.00元+【活动支出】替用户承担配送费:6.0元,-,-,-,4.00,温州区域,温州加盟,,,否,-,平台配送
圣比萨（科技城店）,SBM00006,温州,"8085210255588136366	",饿了么,平台外卖,已完成,2025-10-23 21:22:47,2025-10-23 21:22:47,2025-10-23 21:22:47,饿了么支付-在线支付,,即时单,2025-10-23 21:22:47,12.83,手动出餐,1,否,"7寸披萨买一送一[新奥尔良鸡肉披萨7寸+圣比至尊披萨7寸]（86.80*1）,餐盒（2.00*1）",新奥尔良烤鸡肉披萨【7英寸(手拍)】+大圣招牌大满贯披萨【7英寸(手拍)】,,,,非会员,35,,,无需餐具,,86.80,26.73,50.90,0.00,0,0,2.62,0.00,6.60,【活动支出】店铺满减:1.00元+【活动支出】单品特价:37.90元+【活动支出】饿了么红包:12.00元+【活动支出】替用户承担配送费:6.0元,-,-,-,2.00,温州区域,温州加盟,,,否,-,平台配送
圣比萨（科技城店）,SBM00006,温州,"8096576089476575500	",饿了么,平台外卖,已完成,2025-10-23 21:23:12,2025-10-23 21:23:12,2025-10-23 21:23:13,饿了么支付-在线支付,,即时单,2025-10-23 21:23:12,13.68,手动出餐,1,否,"任选披萨6选1+小吃6选1+饮料[奥尔良鸡肉披萨7寸+墨鱼丸3个+奶茶+冰]（61.55*1）,餐盒（2.00*1）",新奥尔良烤鸡肉披萨【7英寸(手拍)】+深海墨鱼丸3个+港式奶茶,,,,非会员,36,,,希望能快点送达！ / 依据餐量提供餐具,,61.55,19.77,34.15,0.00,0,0,1.98,0.00,5.60,【活动支出】单品特价:26.15元+【活动支出】饿了么红包:8.00元+【活动支出】替用户承担配送费:5.6元,-,-,-,2.00,温州区域,温州加盟,,,否,-,平台配送
圣比萨（科技城店）,SBM00006,温州,"8053280255591305567	",饿了么,平台外卖,已完成,2025-10-23 21:42:02,2025-10-23 21:42:02,2025-10-23 21:42:02,饿了么支付-在线支付,,即时单,2025-10-23 21:42:02,8.73,手动出餐,1,否,"招牌肉酱意面（30.00*1）,餐盒（1.00*1）",招牌肉酱意面,,,,非会员,37,,,不用电话和敲门，谢谢 / 依据餐量提供餐具,,30.00,14.62,9.10,0.00,0,0,1.43,0.00,5.60,【活动支出】单品特价:2.10元+【活动支出】饿了么红包:7.00元+【活动支出】替用户承担配送费:5.6元,-,-,-,1.00,温州区域,温州加盟,,,否,-,平台配送
圣比萨（雪景店）,SBS00006,温州,"8043886089077682522	",饿了么,平台外卖,已完成,2025-10-22 20:32:50,2025-10-22 20:32:50,2025-10-22 20:32:50,饿了么支付-在线支付,,预约单,2025-10-23 17:45:00,1227.23,自动出餐,1,否,"披萨随心配（60.40*1）,餐盒（2.00*1）",地道肠1根+上校鸡块2个+深海墨鱼丸2个+碳烤鸡肉培根披萨(7英寸(手拍)),,,,非会员,1,,,依据餐量提供餐具,,60.40,17.31,37.50,0.00,0,0,1.64,0.00,3.50,【活动支出】单品特价:30.50元+【活动支出】饿了么红包:7.00元+【活动支出】替用户承担配送费:3.5元,-,-,-,2.00,温州区域,温州直营,,,否,-,平台配送
圣比萨（雪景店）,SBS00006,温州,"8056350255390613765	",饿了么,平台外卖,已完成,2025-10-23 11:05:53,2025-10-23 11:05:53,2025-10-23 11:05:53,饿了么支付-在线支付,,预约单,2025-10-23 17:35:00,344.35,自动出餐,1,否,"缤纷芝士挞-菠萝味[{""name"":""规格"",""value"":""菠萝味""}]（7.00*1）,【真果肉】榴莲披萨+奥尔良烤翅1对+饮品自选[榴莲披萨7英寸+奥尔良烤翅1对+芬达]（88.00*1）,餐盒（4.00*1）",缤纷芝士挞+榴莲王披萨【7英寸(手拍)】+奥尔良烤翅,,,,非会员,2,,,依据餐量提供餐具,,95.00,32.06,56.20,0.00,0,0,2.99,0.00,3.50,【活动支出】店铺满减:1.00元+【活动支出】单品特价:1.10元+【活动支出】单品特价:46.10元+【活动支出】超级会员专享红包:8.00元+【活动支出】 商家自营销加码:0.00元+【活动支出】替用户承担配送费:3.5元,-,-,-,4.00,温州区域,温州直营,,,否,-,平台配送
圣比萨（雪景店）,SBS00006,温州,"8060090255206640023	",饿了么,平台外卖,已完成,2025-10-23 11:09:22,2025-10-23 11:09:22,2025-10-23 11:09:22,饿了么支付-在线支付,,即时单,2025-10-23 11:09:22,12.07,自动出餐,1,否,"明星小食桶C（38.00*1）,奶酪芝士卷边（9英寸）（6.90*1）,榴莲王披萨-9英寸(经典手拍)[{""name"":""规格"",""value"":""9英寸(经典手拍)""}]（92.00*1）,餐盒（4.00*1）",明星小食桶C+奶酪芝士卷边9+榴莲王披萨,,,,非会员,3,,,无需餐具,,136.90,60.47,62.20,0.00,0,0,5.68,0.00,3.50,【活动支出】店铺满减:6.00元+【活动支出】单品特价:10.10元+【活动支出】单品特价:46.10元+【活动支出】替用户承担配送费:3.5元,-,-,-,4.00,温州区域,温州直营,,,否,-,平台配送
圣比萨（雪景店）,SBS00006,温州,"8000480255308395896	",饿了么,平台外卖,已完成,2025-10-23 11:21:36,2025-10-23 11:21:36,2025-10-23 11:21:36,饿了么支付-在线支付,,预约单,2025-10-23 12:15:00,8.57,自动出餐,1,否,"点击右上角❤️收藏得小吃[上校鸡块2个]（5.00*1）,意面随心配（58.80*1）,【特价回馈顾客】川香脆皮翅根（1个）（12.00*1）,餐盒（3.50*1）",上校鸡块2个+地道肠1根+上校鸡块2个+盐酥鸡米花小份+招牌肉酱意面+川香脆皮大翅根【1个】,,,,非会员,4,,,依据餐量提供餐具,,75.80,15.97,53.90,0.00,0,0,1.68,0.00,6.20,【活动支出】单品特价:4.99元+【活动支出】单品特价:31.90元+【活动支出】单品特价:10.01元+【活动支出】饿了么红包:5.00元+【活动支出】 商家自营销加码:2.00元+【活动支出】替用户承担配送费:6.0元,-,-,-,3.50,温州区域,温州直营,,,否,-,平台配送
圣比萨（雪景店）,SBS00006,温州,"8082766089205811559	",饿了么,平台外卖,已完成,2025-10-23 11:26:45,2025-10-23 11:26:45,2025-10-23 11:26:46,饿了么支付-在线支付,,即时单,2025-10-23 11:26:45,12.00,自动出餐,1,否,"圣比招牌披萨-9英寸(经典手拍)[{""name"":""规格"",""value"":""9英寸(经典手拍)""}]（78.00*1）,餐盒（2.00*1）",大圣招牌大满贯披萨,,,,非会员,5,,,三包番茄酱，谢谢！/ 依据餐量提供餐具,,78.00,27.21,43.10,0.00,0,0,2.54,0.00,3.50,【活动支出】店铺满减:1.00元+【活动支出】单品特价:34.10元+【活动支出】饿了么红包:8.00元+【活动支出】替用户承担配送费:3.5元,-,-,-,2.00,温州区域,温州直营,,,否,-,平台配送
圣比萨（雪景店）,SBS00006,温州,"8043070255333749213	",饿了么,平台外卖,已完成,2025-10-23 11:46:36,2025-10-23 11:46:36,2025-10-23 11:46:36,饿了么支付-在线支付,,即时单,2025-10-23 11:46:36,12.00,自动出餐,1,否,"【披萨任选】披萨8选1+小吃5选2+饮品[缤纷水果披萨7英寸+上校鸡块4个+地道肠1根+小可乐]（61.00*1）,餐盒（2.00*1）",缤纷水果披萨【7英寸(手拍)】+上校鸡块+地道肠【1根】+小可乐,,,,非会员,6,,,依据餐量提供餐具,,61.00,20.41,34.10,0.00,0,0,1.94,0.00,3.50,【活动支出】单品特价:26.10元+【活动支出】饿了么红包:8.00元+【活动支出】替用户承担配送费:3.5元,-,-,-,2.00,温州区域,温州直营,,,否,-,平台配送
圣比萨（雪景店）,SBS00006,温州,"8030856089269215510	",饿了么,平台外卖,已完成,2025-10-23 13:08:52,2025-10-23 13:08:52,2025-10-23 13:08:52,饿了么支付-在线支付,,即时单,2025-10-23 13:08:52,12.18,自动出餐,1,否,手握三选一-单点[奥尔良]（20.00*1）,奥尔良风情烤鸡肉一人食盒子披萨,,,,非会员,7,,,依据餐量提供餐具,,20.00,10.00,0.00,0.00,0,0,0.00,0.00,,【活动支出】拼团反圈活动:0.00元,-,-,-,0.00,温州区域,温州直营,,,否,-,平台配送
圣比萨（雪景店）,SBS00006,温州,"8040410255302013329	",饿了么,平台外卖,已完成,2025-10-23 13:50:05,2025-10-23 13:50:05,2025-10-23 13:50:05,饿了么支付-在线支付,,即时单,2025-10-23 13:50:05,10.05,自动出餐,1,否,"番茄牛肉意面（52.00*1）,芝士加料（5g）（2.90*1）,芝士焗红薯泥（19.00*1）,餐盒（3.00*1）",番茄牛肉意面+芝士5克+芝士焗红薯泥,,,,非会员,8,,,1份餐具,,73.90,26.10,41.20,0.00,0,0,2.45,0.00,3.50,【活动支出】店铺满减:1.00元+【活动支出】单品特价:28.10元+【活动支出】单品特价:4.10元+【活动支出】 商家自营销加码:0.00元+【活动支出】饿了么红包:8.00元+【活动支出】替用户承担配送费:3.5元,-,-,-,3.00,温州区域,温州直营,,,否,-,平台配送
圣比萨（雪景店）,SBS00006,温州,"8070826089283294587	",饿了么,平台外卖,已完成,2025-10-23 15:05:55,2025-10-23 15:05:55,2025-10-23 15:05:55,饿了么支付-在线支付,,即时单,2025-10-23 15:05:55,10.13,自动出餐,1,否,"【真榴莲果肉】7英寸榴莲王披萨（58.00*1）,酸奶多多流心卷边（7英寸）（4.90*1）,餐盒（2.00*1）",榴莲王披萨7英寸+酸奶多多流心卷边7,,,,非会员,9,,,依据餐量提供餐具,,62.90,29.29,25.10,0.00,0,0,2.76,0.00,3.50,【活动支出】店铺满减:1.00元+【活动支出】单品特价:24.10元+【活动支出】替用户承担配送费:3.5元,-,-,-,2.00,温州区域,温州直营,,,否,-,平台配送
圣比萨（雪景店）,SBS00006,温州,"8065370255434701094	",饿了么,平台外卖,已完成,2025-10-23 15:45:53,2025-10-23 15:45:53,2025-10-23 15:45:54,饿了么支付-在线支付,,即时单,2025-10-23 15:45:53,10.20,自动出餐,1,否,"焗饭随心配（53.80*1）,餐盒（2.00*1）",招牌肉酱芝士焗饭+上校鸡块2个+蛋挞1个+深海墨鱼丸2个,,,,非会员,10,,,依据餐量提供餐具,,53.80,16.06,32.90,0.00,0,0,1.49,0.00,3.50,【活动支出】单品特价:25.90元+【活动支出】 商家自营销加码:2.00元+【活动支出】饿了么红包:5.00元+【活动支出】替用户承担配送费:3.5元,-,-,-,2.00,温州区域,温州直营,,,否,-,平台配送
圣比萨（雪景店）,SBS00006,温州,"8005656089325306240	",饿了么,平台外卖,已退款,2025-10-23 16:22:17,2025-10-23 16:22:17,2025-10-23 16:22:17,饿了么支付-在线支付,,即时单,2025-10-23 16:22:17,,未出餐,1,否,"缤纷水果披萨-7英寸(手拍)[{""name"":""规格"",""value"":""7英寸(手拍)""}]（42.00*1）,奶酪芝士卷边（7英寸）（4.90*1）,餐盒（1.00*1）",缤纷水果披萨+奶酪芝士卷边7,,,,非会员,11,,,无需餐具,订单强制无效（商家主动取消已接订单、用户1分钟内取消),46.90,-0.59,23.10,17.80,0,0,1.64,0.00,3.50,【活动支出】单品特价:16.10元+【活动支出】 商家自营销加码:2.00元+【活动支出】饿了么红包:5.00元+【活动支出】替用户承担配送费:3.5元,-,-,-,1.00,温州区域,温州直营,,,否,-,平台配送
圣比萨（雪景店）,SBS00006,温州,"8058150255355297247	",饿了么,平台外卖,已完成,2025-10-23 16:45:35,2025-10-23 16:45:35,2025-10-23 16:45:36,饿了么支付-在线支付,,即时单,2025-10-23 16:45:35,10.20,自动出餐,1,否,"奶酪芝士卷边（7英寸）（4.90*1）,圣比招牌披萨-7英寸(经典手拍)[{""name"":""规格"",""value"":""7英寸(经典手拍)""}]（45.00*1）,餐盒（2.00*1）",奶酪芝士卷边7+大圣招牌大满贯披萨,,,,非会员,12,,,依据餐量提供餐具,,49.90,21.24,22.10,0.00,0,0,2.01,0.00,3.50,【活动支出】店铺满减:1.00元+【活动支出】单品特价:13.10元+【活动支出】超级会员专享红包:8.00元+【活动支出】 商家自营销加码:0.00元+【活动支出】替用户承担配送费:3.5元,-,-,-,2.00,温州区域,温州直营,,,否,-,平台配送
圣比萨（雪景店）,SBS00006,温州,"8093656089338188033	",饿了么,平台外卖,已完成,2025-10-23 16:53:10,2025-10-23 16:53:10,2025-10-23 16:53:10,饿了么支付-在线支付,,即时单,2025-10-23 16:53:10,10.17,自动出餐,1,否,"奥尔良烤翅（14.00*1）,蛋挞（10.00*1）,雪碧（6.00*1）,红薯薯泥流心卷边（9英寸）（6.90*1）,榴莲王披萨-9英寸(经典手拍)[{""name"":""规格"",""value"":""9英寸(经典手拍)""}]（92.00*1）,餐盒（5.00*1）",奥尔良烤翅+蛋挞+小雪碧+红薯泥流心卷边9+榴莲王披萨,,,,非会员,13,,,依据餐量提供餐具,,128.90,52.00,66.30,0.00,0,0,4.85,0.00,3.50,【活动支出】店铺满减:6.00元+【活动支出】单品特价:1.10元+【活动支出】单品特价:1.10元+【活动支出】单品特价:46.10元+【活动支出】饿了么红包:12.00元+【活动支出】替用户承担配送费:3.5元,-,-,-,5.00,温州区域,温州直营,,,否,-,平台配送
圣比萨（雪景店）,SBS00006,温州,"8097010255464965448	",饿了么,平台外卖,已完成,2025-10-23 17:24:56,2025-10-23 17:24:56,2025-10-23 17:24:56,饿了么支付-在线支付,,即时单,2025-10-23 17:24:56,10.00,自动出餐,1,否,手握三选一-单点[奥尔良]（20.00*1）,奥尔良风情烤鸡肉一人食盒子披萨,,,,非会员,14,,,靠熟一点，昨天好像有点没有熟𝨂 / 依据餐量提供餐具,,20.00,10.00,0.00,0.00,0,0,0.00,0.00,,【活动支出】拼团反圈活动:0.00元,-,-,-,0.00,温州区域,温州直营,,,否,-,平台配送
圣比萨（雪景店）,SBS00006,温州,"8034470255477631254	",饿了么,平台外卖,已完成,2025-10-23 17:38:44,2025-10-23 17:38:44,2025-10-23 17:38:44,饿了么支付-在线支付,,即时单,2025-10-23 17:38:44,12.02,自动出餐,1,否,"奥尔良烤翅（14.00*1）,圣比招牌披萨-7英寸(经典手拍)[{""name"":""规格"",""value"":""7英寸(经典手拍)""}]（45.00*1）,缤纷水果披萨-9英寸(手拍)[{""name"":""规格"",""value"":""9英寸(手拍)""}]（75.00*1）,经典薯条（18.00*1）,餐盒（7.00*1）",奥尔良烤翅+大圣招牌大满贯披萨+缤纷水果披萨+经典薯条,,,,非会员,15,,,依据餐量提供餐具,,152.00,60.05,81.40,0.00,0,0,5.60,0.00,3.50,【活动支出】店铺满减:6.00元+【活动支出】单品特价:1.10元+【活动支出】单品特价:13.10元+【活动支出】单品特价:40.10元+【活动支出】单品特价:9.10元+【活动支出】饿了么红包:12.00元+【活动支出】替用户承担配送费:3.5元,-,-,-,7.00,温州区域,温州直营,,,否,-,平台配送
圣比萨（雪景店）,SBS00006,温州,"8088786089372608866	",饿了么,平台外卖,已完成,2025-10-23 17:39:01,2025-10-23 17:39:01,2025-10-23 17:39:01,饿了么支付-在线支付,,即时单,2025-10-23 17:39:01,12.20,自动出餐,1,否,"招牌肉酱意面（52.00*1）,餐盒（1.00*1）",招牌肉酱意面,,,,非会员,16,,,食材新鲜，保证品质！量足～ / 2份餐具,,52.00,15.12,31.10,0.00,0,0,1.43,0.00,3.50,【活动支出】单品特价:24.10元+【活动支出】饿了么红包:7.00元+【活动支出】替用户承担配送费:3.5元,-,-,-,1.00,温州区域,温州直营,,,否,-,平台配送
圣比萨（雪景店）,SBS00006,温州,"8074606089354604964	",饿了么,平台外卖,已完成,2025-10-23 17:57:08,2025-10-23 17:57:08,2025-10-23 17:57:08,饿了么支付-在线支付,,即时单,2025-10-23 17:57:08,12.03,自动出餐,1,否,"披萨随心配（60.40*1）,点击右上角❤️收藏得小吃[蛋挞1个]（5.00*1）,【特价回馈顾客】川香脆皮翅根（1个）（12.00*1）,餐盒（3.50*1）",地道肠1根+上校鸡块2个+蛋挞1个+缤纷水果披萨(7英寸(手拍))+蛋挞1个+川香脆皮大翅根【1个】,,,,非会员,17,,,"不要香菜, 不要香菜, 不要香菜, 不要香菜, 不要葱, 不要葱, 不要葱, 不要葱, 不要葱 / 依据餐量提供餐具",,77.40,19.94,52.50,0.00,0,0,1.91,0.00,3.50,【活动支出】单品特价:30.50元+【活动支出】单品特价:4.99元+【活动支出】单品特价:10.01元+【活动支出】饿了么红包:7.00元+【活动支出】替用户承担配送费:3.5元,-,-,-,3.50,温州区域,温州直营,,,否,-,平台配送
圣比萨（雪景店）,SBS00006,温州,"8015626089360312799	",饿了么,平台外卖,已完成,2025-10-23 18:16:28,2025-10-23 18:16:28,2025-10-23 18:16:28,饿了么支付-在线支付,,预约单,2025-10-23 19:30:00,28.77,自动出餐,1,否,"意面随心配（58.80*1）,餐盒（2.00*1）",上校鸡块2个+蛋挞1个+盐酥鸡米花小份+番茄牛肉意面,,,,非会员,18,,,依据餐量提供餐具,,58.80,15.12,38.90,0.00,0,0,1.43,0.00,3.50,【活动支出】单品特价:31.90元+【活动支出】饿了么红包:7.00元+【活动支出】替用户承担配送费:3.5元,-,-,-,2.00,温州区域,温州直营,,,否,-,平台配送
圣比萨（雪景店）,SBS00006,温州,"8024696089400334610	",饿了么,平台外卖,已完成,2025-10-23 18:22:48,2025-10-23 18:22:48,2025-10-23 18:22:48,饿了么支付-在线支付,,即时单,2025-10-23 18:22:48,12.10,自动出餐,1,否,"【真榴莲果肉】7英寸榴莲王披萨（58.00*1）,餐盒（2.00*1）",榴莲王披萨7英寸,,,,非会员,19,,,依据餐量提供餐具,,58.00,20.08,32.10,0.00,0,0,1.87,0.00,3.50,【活动支出】单品特价:24.10元+【活动支出】 商家自营销加码:0.00元+【活动支出】饿了么红包:8.00元+【活动支出】替用户承担配送费:3.5元,-,-,-,2.00,温州区域,温州直营,,,否,-,平台配送
圣比萨（雪景店）,SBS00006,温州,"8009706089403620611	",饿了么,平台外卖,已完成,2025-10-23 18:27:53,2025-10-23 18:27:53,2025-10-23 18:27:54,饿了么支付-在线支付,,即时单,2025-10-23 18:27:53,12.13,自动出餐,1,否,"意面随心配（58.80*1）,餐盒（2.00*1）",地道肠1根+上校鸡块2个+盐酥鸡米花小份+招牌肉酱意面,,,,非会员,20,,,放在二单元的电梯里谢谢 / 依据餐量提供餐具,,58.80,15.12,38.90,0.00,0,0,1.43,0.00,3.50,【活动支出】单品特价:31.90元+【活动支出】 商家自营销加码:2.00元+【活动支出】饿了么红包:5.00元+【活动支出】替用户承担配送费:3.5元,-,-,-,2.00,温州区域,温州直营,,,否,-,平台配送
圣比萨（雪景店）,SBS00006,温州,"8051040255537560968	",饿了么,平台外卖,已完成,2025-10-23 19:01:06,2025-10-23 19:01:06,2025-10-23 19:01:06,饿了么支付-在线支付,,即时单,2025-10-23 19:01:06,12.17,自动出餐,1,否,"红薯薯泥流心卷边（7英寸）（4.90*1）,圣比招牌披萨-7英寸(经典手拍)[{""name"":""规格"",""value"":""7英寸(经典手拍)""}]（45.00*1）,餐盒（2.00*1）",红薯泥流心卷边7+大圣招牌大满贯披萨,,,,非会员,21,,,依据餐量提供餐具,,49.90,21.24,22.10,0.00,0,0,2.01,0.00,3.50,【活动支出】店铺满减:1.00元+【活动支出】单品特价:13.10元+【活动支出】饿了么红包:8.00元+【活动支出】替用户承担配送费:3.5元,-,-,-,2.00,温州区域,温州直营,,,否,-,平台配送
圣比萨（雪景店）,SBS00006,温州,"8099836089426909563	",饿了么,平台外卖,已完成,2025-10-23 19:02:54,2025-10-23 19:02:54,2025-10-23 19:02:54,饿了么支付-在线支付,,即时单,2025-10-23 19:02:54,12.10,自动出餐,1,否,"任选披萨7选1+小吃6选1+饮料[碳烤鸡肉培根7英寸+盐酥鸡米花小份+小可乐]（58.00*1）,餐盒（2.00*1）",碳烤鸡肉培根披萨【7英寸(手拍)】+盐酥鸡米花小份+小可乐,,,,非会员,22,,,1份餐具,,58.00,15.12,38.10,0.00,0,0,1.43,0.00,3.50,【活动支出】单品特价:26.10元+【活动支出】 商家自营销加码:2.00元+【活动支出】订单集点返红包:5.00元+【活动支出】饿了么红包:5.00元+【活动支出】替用户承担配送费:3.5元,-,-,-,2.00,温州区域,温州直营,,,否,-,平台配送
圣比萨（雪景店）,SBS00006,温州,"8011746089431290302	",饿了么,平台外卖,已完成,2025-10-23 19:08:27,2025-10-23 19:08:27,2025-10-23 19:08:28,饿了么支付-在线支付,,即时单,2025-10-23 19:08:27,12.13,自动出餐,1,否,"任选披萨7选1+小吃6选1+饮料[奥尔良鸡肉披萨7英寸+上校鸡块4个+小可乐]（58.00*1）,餐盒（2.00*1）",新奥尔良烤鸡肉披萨【7英寸(手拍)】+上校鸡块+小可乐,,,,非会员,23,,,披萨只要鸡肉跟培根  蔬菜都不要  小朋友吃的 / 1份餐具,,58.00,19.16,33.10,0.00,0,0,1.79,0.00,3.50,【活动支出】单品特价:26.10元+【活动支出】饿了么红包:7.00元+【活动支出】替用户承担配送费:3.5元,-,-,-,2.00,温州区域,温州直营,,,否,-,平台配送
圣比萨（雪景店）,SBS00006,温州,"8092360255535365376	",饿了么,平台外卖,已完成,2025-10-23 19:22:16,2025-10-23 19:22:16,2025-10-23 19:22:17,饿了么支付-在线支付,,即时单,2025-10-23 19:22:16,12.10,自动出餐,1,否,手握三选一+二选一+可乐-单点[日式照烧+上校鸡块 2 块+可乐]（24.00*1）,小可乐+日式烧鸟风味一人食盒子披萨+上校鸡块2个,,,,非会员,24,,,依据餐量提供餐具,,24.00,14.00,0.00,0.00,0,0,0.00,0.00,,【活动支出】拼团反圈活动:0.00元,-,-,-,0.00,温州区域,温州直营,,,否,-,平台配送
圣比萨（雪景店）,SBS00006,温州,"8041240255559134545	",饿了么,平台外卖,已完成,2025-10-23 19:54:23,2025-10-23 19:54:23,2025-10-23 19:54:23,饿了么支付-在线支付,,即时单,2025-10-23 19:54:23,10.07,自动出餐,1,否,"黑椒牛肉芝士焗饭（52.00*1）,餐盒（1.00*1）",黑椒牛肉芝士焗饭,,,,非会员,25,,,米饭多点米饭多点 / 依据餐量提供餐具,,52.00,15.12,31.10,0.00,0,0,1.43,0.00,3.50,【活动支出】单品特价:24.10元+【活动支出】 商家自营销加码:2.00元+【活动支出】饿了么红包:5.00元+【活动支出】替用户承担配送费:3.5元,-,-,-,1.00,温州区域,温州直营,,,否,-,平台配送
圣比萨（雪景店）,SBS00006,温州,"8041240255550877119	",饿了么,平台外卖,已完成,2025-10-23 19:55:17,2025-10-23 19:55:17,2025-10-23 19:55:17,饿了么支付-在线支付,,即时单,2025-10-23 19:55:17,10.23,自动出餐,1,否,"碳烤鸡肉芝士焗饭（52.00*1）,餐盒（1.00*1）",碳烤鸡肉芝士焗饭,,,,非会员,26,,,米饭多点米饭多点 / 依据餐量提供餐具,,52.00,15.12,31.10,0.00,0,0,1.43,0.00,3.50,【活动支出】单品特价:24.10元+【活动支出】饿了么红包:7.00元+【活动支出】替用户承担配送费:3.5元,-,-,-,1.00,温州区域,温州直营,,,否,-,平台配送
圣比萨（雪景店）,SBS00006,温州,"8087506089461875117	",饿了么,平台外卖,已完成,2025-10-23 21:12:29,2025-10-23 21:12:29,2025-10-23 21:12:29,饿了么支付-在线支付,,即时单,2025-10-23 21:12:29,10.12,自动出餐,1,否,"【披萨任选】披萨8选1+小吃5选2+饮品[缤纷水果披萨7英寸+上校鸡块4个+上校鸡块4个+小可乐]（61.00*1）,餐盒（2.00*1）",缤纷水果披萨【7英寸(手拍)】+上校鸡块+上校鸡块+小可乐,,,,非会员,27,,,依据餐量提供餐具,,61.00,22.68,31.10,0.00,0,0,2.17,0.00,6.10,【活动支出】单品特价:26.10元+【活动支出】饿了么红包:5.00元+【活动支出】替用户承担配送费:6.0元,-,-,-,2.00,温州区域,温州直营,,,否,-,平台配送
圣比萨（葡萄棚店）,SBM00004,温州,"8024440255319645642	",饿了么,平台外卖,已完成,2025-10-23 11:28:37,2025-10-23 11:28:37,2025-10-23 11:28:37,饿了么支付-在线支付,,即时单,2025-10-23 11:28:37,14.02,自动出餐,1,否,"任选披萨8选1+小吃6选1+饮料[圣比至尊披萨7寸+藤椒鸡排1个+小可乐+常温]（58.00*1）,餐盒（2.00*1）",金丝鸡排+小可乐,,,,非会员,1,,,不要葱 / 依据餐量提供餐具,,58.00,19.16,33.10,0.00,0,0,1.79,0.00,3.50,【活动支出】单品特价:26.10元+【活动支出】饿了么红包:7.00元+【活动支出】替用户承担配送费:3.5元,-,-,-,2.00,温州区域,温州加盟,,,否,-,平台配送
圣比萨（葡萄棚店）,SBM00004,温州,"8032110255362864580	",饿了么,平台外卖,已完成,2025-10-23 12:30:56,2025-10-23 12:30:56,2025-10-23 12:30:56,饿了么支付-在线支付,,即时单,2025-10-23 12:30:56,14.07,自动出餐,1,否,"任选披萨8选1+小吃6选1+饮料[牛肉至尊披萨7寸+藤椒鸡排1个+果粒奶昔+常温]（58.00*1）,餐盒（2.00*1）",金丝鸡排,,,,非会员,2,,,依据餐量提供餐具,,58.00,17.31,35.10,0.00,0,0,1.64,0.00,3.50,【活动支出】首次光顾立减:2.00元+【活动支出】单品特价:26.10元+【活动支出】 商家自营销加码:2.00元+【活动支出】饿了么红包:5.00元+【活动支出】替用户承担配送费:3.5元,-,-,-,2.00,温州区域,温州加盟,,,否,-,平台配送
圣比萨（葡萄棚店）,SBM00004,温州,"8038996089303256549	",饿了么,平台外卖,已完成,2025-10-23 14:18:39,2025-10-23 14:18:39,2025-10-23 14:18:40,饿了么支付-在线支付,,即时单,2025-10-23 14:18:39,12.23,自动出餐,1,否,"香芋地瓜丸1颗（2.50*1）,薯饼1粒（3.00*1）,任选披萨8选1+小吃6选1+饮料[奥尔良鸡肉披萨7寸+墨鱼丸3个+小可乐+常温]（58.00*1）,餐盒（3.00*1）",新奥尔良烤鸡肉披萨【7英寸(手拍)】+深海墨鱼丸3个+小可乐,,,,非会员,3,,,依据餐量提供餐具,,63.50,18.34,39.51,0.00,0,0,1.80,0.00,4.50,【活动支出】首次光顾立减:2.00元+【活动支出】单品特价:2.40元+【活动支出】单品特价:2.01元+【活动支出】单品特价:26.10元+【活动支出】超级会员专享红包:5.00元+【活动支出】 商家自营销加码:2.00元+【活动支出】替用户承担配送费:4.5元,-,-,-,3.00,温州区域,温州加盟,,,否,-,平台配送
圣比萨（葡萄棚店）,SBM00004,温州,"8069536089321182593	",饿了么,平台外卖,已完成,2025-10-23 15:04:02,2025-10-23 15:04:02,2025-10-23 15:04:02,饿了么支付-在线支付,,即时单,2025-10-23 15:04:02,12.13,自动出餐,1,否,"爆款披萨双人超值套餐[奥尔良鸡肉披萨7寸+番茄汁牛肉面+奶茶温+奶茶温]（88.00*1）,餐盒（2.00*1）",新奥尔良烤鸡肉披萨【7英寸(手拍)】+番茄牛肉意面+港式奶茶+港式奶茶,,,,非会员,4,,,依据餐量提供餐具,,88.00,24.78,50.10,0.00,0,0,2.77,0.00,14.70,【活动支出】店铺满减:1.00元+【活动支出】单品特价:41.10元+【活动支出】饿了么红包:8.00元+【活动支出】替用户承担配送费:6.0元,-,-,-,2.00,温州区域,温州加盟,,,否,-,平台配送
圣比萨（葡萄棚店）,SBM00004,温州,"8085676089343260009	",饿了么,平台外卖,已完成,2025-10-23 15:28:39,2025-10-23 15:28:39,2025-10-23 15:28:39,饿了么支付-在线支付,,即时单,2025-10-23 15:28:39,12.18,自动出餐,1,否,"[孩子爱吃]圣比萨蛋挞1个（5.00*1）,️任选意面5选1+小食+饮品[招牌肉酱意面+鱼丸3个+柠檬茶温]（61.00*1）,餐盒（2.50*1）",蛋挞1个+招牌肉酱意面,,,,非会员,5,,,依据餐量提供餐具,,66.00,19.53,41.20,0.00,0,0,1.82,0.00,3.50,【活动支出】单品特价:29.10元+【活动支出】精准营销:3.10元+【活动支出】 商家自营销加码:2.00元+【活动支出】精准营销红包:2.00元+【活动支出】饿了么红包:5.00元+【活动支出】替用户承担配送费:3.5元,-,-,-,2.50,温州区域,温州加盟,,,否,-,平台配送
圣比萨（葡萄棚店）,SBM00004,温州,"8050776089329155525	",饿了么,平台外卖,已完成,2025-10-23 15:43:51,2025-10-23 15:43:51,2025-10-23 15:43:51,饿了么支付-在线支付,,即时单,2025-10-23 15:43:51,12.13,自动出餐,1,否,"新奥尔良烤鸡肉披萨-12英寸（经典手拍）[{""name"":""规格"",""value"":""12英寸（经典手拍）""}]（109.00*1）,餐盒（2.00*1）",新奥尔良烤鸡肉披萨,,,,非会员,6,,,依据餐量提供餐具,,109.00,35.26,64.10,0.00,0,0,3.29,0.00,3.50,【活动支出】店铺满减:6.00元+【活动支出】单品特价:49.10元+【活动支出】饿了么红包:9.00元+【活动支出】替用户承担配送费:3.5元,-,-,-,2.00,温州区域,温州加盟,,,否,-,平台配送
圣比萨（葡萄棚店）,SBM00004,温州,"8064656089337944394	",饿了么,平台外卖,已完成,2025-10-23 16:14:25,2025-10-23 16:14:25,2025-10-23 16:14:26,饿了么支付-在线支付,,即时单,2025-10-23 16:14:25,12.02,自动出餐,1,否,"新奥尔良烤鸡肉披萨-9英寸（经典手拍）[{""name"":""规格"",""value"":""9英寸（经典手拍）""}]（78.00*1）,美式香骨鸡（8.90*1）,餐盒（3.00*1）",新奥尔良烤鸡肉披萨+美式香骨鸡,,,,非会员,7,,,依据餐量提供餐具,,86.90,28.04,52.10,0.00,0,0,2.61,0.00,3.50,【活动支出】店铺满减:1.00元+【活动支出】首次光顾立减:2.00元+【活动支出】单品特价:40.10元+【活动支出】饿了么红包:9.00元+【活动支出】替用户承担配送费:3.5元,-,-,-,3.00,温州区域,温州加盟,,,否,-,平台配送
圣比萨（葡萄棚店）,SBM00004,温州,"8036180255543419305	",饿了么,平台外卖,已完成,2025-10-23 16:36:10,2025-10-23 16:36:10,2025-10-23 16:36:10,饿了么支付-在线支付,,即时单,2025-10-23 16:36:10,12.18,自动出餐,1,否,"任选披萨8选1+小吃6选1+饮料[牛肉至尊披萨7寸+上校鸡块4个+小可乐+冷]（58.00*1）,餐盒（2.00*1）",上校鸡块+小可乐,,,,非会员,8,,,无需餐具,,58.00,17.31,35.10,0.00,0,0,1.64,0.00,3.50,【活动支出】首次光顾立减:2.00元+【活动支出】单品特价:26.10元+【活动支出】饿了么红包:7.00元+【活动支出】替用户承担配送费:3.5元,-,-,-,2.00,温州区域,温州加盟,,,否,-,平台配送
圣比萨（葡萄棚店）,SBM00004,温州,"8031050255353965973	",饿了么,平台外卖,已完成,2025-10-23 16:44:50,2025-10-23 16:44:50,2025-10-23 16:44:50,饿了么支付-在线支付,,即时单,2025-10-23 16:44:50,12.10,自动出餐,1,否,"任选披萨8选1+小吃6选1+饮料[水果披萨7寸+上校鸡块4个+柠檬茶+常温]（58.00*1）,餐盒（2.00*1）",缤纷水果披萨【7英寸(手拍)】+上校鸡块+柠檬茶,,,,非会员,9,,,依据餐量提供餐具,,58.00,19.16,33.10,0.00,0,0,1.79,0.00,4.00,【活动支出】单品特价:26.10元+【活动支出】饿了么红包:7.00元+【活动支出】替用户承担配送费:4.0元,-,-,-,2.00,温州区域,温州加盟,,,否,-,平台配送
圣比萨（葡萄棚店）,SBM00004,温州,"8073606089359122899	",饿了么,平台外卖,已完成,2025-10-23 17:05:22,2025-10-23 17:05:22,2025-10-23 17:05:22,饿了么支付-在线支付,,即时单,2025-10-23 17:05:22,12.22,自动出餐,1,否,"奥尔良烤翅（15.88*1）,任选披萨8选1+小吃6选1+饮料[水果披萨7寸+上校鸡块4个+小可乐+常温]（58.00*1）,餐盒（3.00*1）",奥尔良烤翅+缤纷水果披萨【7英寸(手拍)】+上校鸡块+小可乐,,,,非会员,10,,,依据餐量提供餐具,,73.88,24.34,43.08,0.00,0,0,2.31,0.00,3.50,【活动支出】店铺满减:1.00元+【活动支出】首次光顾立减:2.00元+【活动支出】单品特价:2.98元+【活动支出】单品特价:26.10元+【活动支出】粉丝群:2.00元+【活动支出】饿了么红包:9.00元+【活动支出】替用户承担配送费:3.5元,-,-,-,3.00,温州区域,温州加盟,,,否,-,平台配送
圣比萨（葡萄棚店）,SBM00004,温州,"8090100255454743980	",饿了么,平台外卖,已完成,2025-10-23 17:07:03,2025-10-23 17:07:03,2025-10-23 17:07:03,饿了么支付-在线支付,,即时单,2025-10-23 17:07:03,12.23,自动出餐,1,否,"【免费入会享特价】7英寸披萨单人套餐[缤纷水果披萨7英寸+小可乐]（58.00*1）,餐盒（2.00*1）",缤纷水果披萨【7英寸(手拍)】+小可乐,,,,非会员,11,,,依据餐量提供餐具,,58.00,12.12,41.10,0.00,0,0,1.43,0.00,3.50,【活动支出】单品特价:34.10元+【活动支出】饿了么红包:7.00元+【活动支出】替用户承担配送费:3.5元,-,-,-,2.00,温州区域,温州加盟,,,否,-,平台配送
圣比萨（葡萄棚店）,SBM00004,温州,"8020836089338932663	",饿了么,平台外卖,已完成,2025-10-23 17:41:57,2025-10-23 17:41:57,2025-10-23 17:41:57,饿了么支付-在线支付,,即时单,2025-10-23 17:41:57,14.07,自动出餐,1,否,"榴莲王披萨-12英寸（经典手拍）[{""name"":""规格"",""value"":""12英寸（经典手拍）""}]（129.00*1）,餐盒（1.00*1）",榴莲王披萨,,,,非会员,12,,,依据餐量提供餐具,,129.00,35.26,83.10,0.00,0,0,3.29,0.00,3.50,【活动支出】店铺满减:6.00元+【活动支出】首次光顾立减:2.00元+【活动支出】单品特价:65.10元+【活动支出】粉丝群:2.00元+【活动支出】饿了么红包:8.00元+【活动支出】替用户承担配送费:3.5元,-,-,-,1.00,温州区域,温州加盟,,,否,-,平台配送
圣比萨（葡萄棚店）,SBM00004,温州,"8080110255409522033	",饿了么,平台外卖,已完成,2025-10-23 18:10:57,2025-10-23 18:10:57,2025-10-23 18:10:57,饿了么支付-在线支付,,即时单,2025-10-23 18:10:57,14.08,自动出餐,1,否,"奥尔良烤翅（15.88*1）,纯芝士披萨7英寸（42.99*1）,经典薯条（16.88*1）,餐盒（4.00*1）",奥尔良烤翅+金牌芝士披萨【7英寸(手拍)】+经典薯条,,,,非会员,13,,,依据餐量提供餐具,,75.75,29.20,40.05,0.00,0,0,2.75,0.00,3.50,【活动支出】店铺满减:1.00元+【活动支出】单品特价:2.98元+【活动支出】单品特价:20.09元+【活动支出】单品特价:6.98元+【活动支出】饿了么红包:9.00元+【活动支出】替用户承担配送费:3.5元,-,-,-,4.00,温州区域,温州加盟,,,否,-,平台配送
圣比萨（葡萄棚店）,SBM00004,温州,"8041676089437630972	",饿了么,平台外卖,已完成,2025-10-23 19:40:33,2025-10-23 19:40:33,2025-10-23 19:40:34,饿了么支付-在线支付,,即时单,2025-10-23 19:40:33,12.15,自动出餐,1,否,"榴莲王披萨-9英寸(经典手拍)[{""name"":""规格"",""value"":""9英寸(经典手拍)""}]（92.00*1）,餐盒（1.00*1）",榴莲王披萨,,,,非会员,14,,,2份餐具,,92.00,22.26,62.10,0.00,0,0,2.09,0.00,4.00,【活动支出】店铺满减:1.00元+【活动支出】首次光顾立减:2.00元+【活动支出】单品特价:48.10元+【活动支出】粉丝群:2.00元+【活动支出】饿了么红包:9.00元+【活动支出】替用户承担配送费:4.0元,-,-,-,1.00,温州区域,温州加盟,,,否,-,平台配送
圣比萨（葡萄棚店）,SBM00004,温州,"8023130255565662607	",饿了么,平台外卖,已完成,2025-10-23 20:15:15,2025-10-23 20:15:15,2025-10-23 20:15:16,饿了么支付-在线支付,,即时单,2025-10-23 20:15:15,12.10,自动出餐,1,否,"榴莲王披萨-9英寸(经典手拍)[{""name"":""规格"",""value"":""9英寸(经典手拍)""}]（92.00*1）,脆皮香蕉1根（4.80*1）,餐盒（2.00*1）",榴莲王披萨,,,,非会员,15,,,依据餐量提供餐具,,96.80,21.32,68.91,0.00,0,0,2.02,0.00,3.50,【活动支出】店铺满减:1.00元+【活动支出】首次光顾立减:2.00元+【活动支出】单品特价:48.10元+【活动支出】单品特价:3.81元+【活动支出】 商家自营销加码:0.00元+【活动支出】粉丝群:2.00元+【活动支出】饿了么红包:12.00元+【活动支出】替用户承担配送费:3.5元,-,-,-,2.00,温州区域,温州加盟,,,否,-,平台配送
圣比萨（泰亨温学府店）,SBM00001,温州,"8074390255319303534	",饿了么,平台外卖,已完成,2025-10-23 11:31:15,2025-10-23 11:31:15,2025-10-23 11:31:15,饿了么支付-在线支付,,即时单,2025-10-23 11:31:15,12.02,自动出餐,1,否,"圣比至尊披萨7英寸（45.00*2）,上校鸡块（11.00*1）,奶酪芝士卷边（7英寸）（4.90*2）,餐盒（6.00*1）",大圣招牌大满贯披萨【7英寸(手拍)】+上校鸡块+奶酪芝士卷边7,,,,非会员,1,,,3份餐具,,110.80,51.91,49.30,0.00,0,0,4.84,0.00,3.50,【活动支出】店铺满减:6.00元+【活动支出】单品特价:26.20元+【活动支出】单品特价:5.10元+【活动支出】饿了么红包:12.00元+【活动支出】替用户承担配送费:3.5元,-,-,-,6.00,温州区域,温州加盟,,,否,-,平台配送
圣比萨（泰亨温学府店）,SBM00001,温州,"8075966089255453977	",饿了么,平台外卖,已完成,2025-10-23 11:52:03,2025-10-23 11:52:03,2025-10-23 11:52:03,饿了么支付-在线支付,,即时单,2025-10-23 11:52:03,12.07,自动出餐,1,否,新奥尔良烤鸡肉披萨7寸-单点（22.00*1）,新奥尔良烤鸡肉披萨【7英寸(手拍)】,,,,非会员,2,,,依据餐量提供餐具,,22.00,12.00,0.00,0.00,0,0,0.00,0.00,,【活动支出】拼团反圈活动:0.00元,-,-,-,0.00,温州区域,温州加盟,,,否,-,平台配送
圣比萨（泰亨温学府店）,SBM00001,温州,"8020586089258228033	",饿了么,平台外卖,已完成,2025-10-23 12:51:43,2025-10-23 12:51:43,2025-10-23 12:51:43,饿了么支付-在线支付,,即时单,2025-10-23 12:51:43,12.05,自动出餐,1,否,"金沙咸蛋黄卷边（7英尺）（4.90*1）,7英寸披萨一人食土豪餐[咸蛋黄鸡肉7英寸+上校鸡块一份+五目烤肠2根+金桔柠檬汁]（70.00*1）,餐盒（2.00*1）",咸蛋黄流沙卷边7+上校鸡块+柠檬茶,,,,非会员,3,,,1份餐具,,74.90,23.27,44.90,0.00,0,0,2.18,0.00,3.50,【活动支出】店铺满减:1.00元+【活动支出】首次光顾立减:1.00元+【活动支出】单品特价:33.90元+【活动支出】饿了么红包:9.00元+【活动支出】替用户承担配送费:3.5元,-,-,-,2.00,温州区域,温州加盟,,,否,-,平台配送
圣比萨（泰亨温学府店）,SBM00001,温州,"8043490255479548231	",饿了么,平台外卖,已完成,2025-10-23 13:04:55,2025-10-23 13:04:55,2025-10-23 13:04:56,饿了么支付-在线支付,,即时单,2025-10-23 13:04:55,12.23,自动出餐,1,否,"个人意面|焗饭经典套餐[招牌肉酱意面+上校鸡块4块+小可乐]（42.00*1）,餐盒（2.00*1）",招牌肉酱意面+小可乐,,,,非会员,4,,,依据餐量提供餐具,,42.00,19.16,17.10,0.00,0,0,1.79,0.00,3.50,【活动支出】单品特价:10.10元+【活动支出】超级会员专享红包:5.00元+【活动支出】 商家自营销加码:2.00元+【活动支出】替用户承担配送费:3.5元,-,-,-,2.00,温州区域,温州加盟,,,否,-,平台配送
圣比萨（泰亨温学府店）,SBM00001,温州,"8054020255312074043	",饿了么,平台外卖,已退款,2025-10-23 14:00:21,2025-10-23 14:00:21,2025-10-23 14:00:21,饿了么支付-在线支付,,即时单,2025-10-23 14:00:21,,未出餐,1,否,"7英寸披萨买一送一[浪漫威尼斯披萨7英寸+水果披萨7英寸]（86.80*1）,餐盒（2.00*1）",浪漫威尼斯披萨【7英寸(手拍)】+缤纷水果披萨【7英寸(手拍)】,,,,非会员,5,,,2份餐具,订单强制无效（商家主动取消已接订单、用户1分钟内取消),86.80,-2.62,52.90,28.90,0,0,2.47,0.00,3.50,【活动支出】店铺满减:1.00元+【活动支出】单品特价:39.90元+【活动支出】商家品牌会员权益:3.00元+【活动支出】饿了么红包:9.00元+【活动支出】替用户承担配送费:3.5元,-,-,-,2.00,温州区域,温州加盟,,,否,-,平台配送
圣比萨（泰亨温学府店）,SBM00001,温州,"8058996089319935465	",饿了么,平台外卖,已完成,2025-10-23 14:00:33,2025-10-23 14:00:33,2025-10-23 14:00:34,饿了么支付-在线支付,,预约单,2025-10-23 19:55:00,309.50,自动出餐,1,否,"花果山披萨-7英寸(经典手拍）[{""name"":""规格"",""value"":""7英寸(经典手拍）""}]（42.00*1）,餐盒（1.00*1）",花果山披萨,,,,非会员,6,,,依据餐量提供餐具,,42.00,6.52,25.10,0.00,0,0,1.43,0.00,9.30,【活动支出】首次光顾立减:1.00元+【活动支出】单品特价:16.10元+【活动支出】精准营销红包:2.00元+【活动支出】饿了么红包:6.00元+【活动支出】替用户承担配送费:6.0元,-,-,-,1.00,温州区域,温州加盟,,,否,-,平台配送
圣比萨（泰亨温学府店）,SBM00001,温州,"8062120255426478459	",饿了么,平台外卖,已完成,2025-10-23 15:57:05,2025-10-23 15:57:05,2025-10-23 15:57:05,饿了么支付-在线支付,,即时单,2025-10-23 15:57:05,10.13,自动出餐,1,否,"新奥尔良烤鸡肉披萨7英寸（45.00*1）,奶酪芝士卷边（7英寸）（4.90*1）,餐盒（2.00*1）",新奥尔良烤鸡肉披萨【7英寸(手拍)】+奶酪芝士卷边7,,,,非会员,7,,,依据餐量提供餐具,,49.90,15.96,29.10,0.00,0,0,1.49,0.00,3.50,【活动支出】首次光顾立减:1.00元+【活动支出】单品特价:21.10元+【活动支出】 商家自营销加码:2.00元+【活动支出】饿了么红包:5.00元+【活动支出】替用户承担配送费:3.5元,-,-,-,2.00,温州区域,温州加盟,,,否,-,平台配送
圣比萨（泰亨温学府店）,SBM00001,温州,"8016576089326143935	",饿了么,平台外卖,已完成,2025-10-23 16:25:34,2025-10-23 16:25:34,2025-10-23 16:25:34,饿了么支付-在线支付,,即时单,2025-10-23 16:25:34,10.15,自动出餐,1,否,"浪漫威尼斯披萨9英寸-9寸(经典手拍)[{""name"":""规格"",""value"":""9寸(经典手拍)""}]（75.99*1）,餐盒（2.00*1）",浪漫威尼斯披萨【9英寸(手拍)】,,,,非会员,8,,,依据餐量提供餐具,,75.99,22.63,44.09,0.00,0,0,2.32,0.00,6.20,【活动支出】店铺满减:1.00元+【活动支出】单品特价:36.09元+【活动支出】饿了么红包:7.00元+【活动支出】替用户承担配送费:6.0元,-,-,-,2.00,温州区域,温州加盟,,,否,-,平台配送
圣比萨（泰亨温学府店）,SBM00001,温州,"8048130255542288767	",饿了么,平台外卖,已完成,2025-10-23 16:41:08,2025-10-23 16:41:08,2025-10-23 16:41:08,饿了么支付-在线支付,,即时单,2025-10-23 16:41:08,10.08,自动出餐,1,否,"榴莲王披萨-9英寸(经典手拍)[{""name"":""规格"",""value"":""9英寸(经典手拍)""}]（92.00*1）",榴莲王披萨,,,,非会员,9,,,依据餐量提供餐具,,92.00,30.49,50.90,0.00,0,0,2.86,0.00,3.50,【活动支出】单品特价:50.90元+【活动支出】用户代金券:0.00元+【活动支出】替用户承担配送费:3.5元,-,-,-,0.00,温州区域,温州加盟,,,否,-,平台配送
圣比萨（泰亨温学府店）,SBM00001,温州,"8044120255560075604	",饿了么,平台外卖,已完成,2025-10-23 17:10:41,2025-10-23 17:10:41,2025-10-23 17:10:41,饿了么支付-在线支付,,即时单,2025-10-23 17:10:41,10.08,自动出餐,1,否,"榴莲王披萨-9英寸(经典手拍)[{""name"":""规格"",""value"":""9英寸(经典手拍)""}]（92.00*1）,经典薯条（18.00*1）,餐盒（3.00*1）",榴莲王披萨+经典薯条,,,,非会员,10,,,依据餐量提供餐具,,110.00,32.39,69.20,0.00,0,0,3.06,0.00,3.50,【活动支出】店铺满减:1.00元+【活动支出】单品特价:48.10元+【活动支出】单品特价:8.10元+【活动支出】饿了么红包:12.00元+【活动支出】淘金币:0.00元+【活动支出】替用户承担配送费:3.5元,-,-,-,3.00,温州区域,温州加盟,,,否,-,平台配送
圣比萨（泰亨温学府店）,SBM00001,温州,"8046060255461690774	",饿了么,平台外卖,已完成,2025-10-23 17:16:10,2025-10-23 17:16:10,2025-10-23 17:16:11,饿了么支付-在线支付,,即时单,2025-10-23 17:16:10,10.10,自动出餐,1,否,"奥尔良烤翅（14.00*1）,个人披萨超值套餐[缤纷水果披萨7英寸+港式奶茶+经典薯条]（49.00*1）,奶酪芝士卷边（7英寸）（4.90*1）,餐盒（4.00*1）",奥尔良烤翅+缤纷水果披萨【7英寸(手拍)】+港式奶茶+经典薯条+奶酪芝士卷边7,,,,非会员,11,,,依据餐量提供餐具,,67.90,35.61,23.00,0.00,0,0,3.44,0.00,4.50,【活动支出】店铺满减:1.00元+【活动支出】单品特价:1.10元+【活动支出】单品特价:15.90元+【活动支出】饿了么红包:5.00元+【活动支出】替用户承担配送费:4.5元,-,-,-,4.00,温州区域,温州加盟,,,否,-,平台配送
圣比萨（泰亨温学府店）,SBM00001,温州,"8066946089345790332	",饿了么,平台外卖,已完成,2025-10-23 17:42:47,2025-10-23 17:42:47,2025-10-23 17:42:47,饿了么支付-在线支付,,即时单,2025-10-23 17:42:47,12.22,自动出餐,1,否,"7英寸披萨一人食土豪餐[圣比7英寸+薯条1份+五目烤肠2根+奶茶]（70.00*1）,餐盒（2.00*1）",经典薯条+港式奶茶,,,,非会员,12,,,2份餐具,,70.00,20.59,42.90,0.00,0,0,1.96,0.00,3.50,【活动支出】店铺满减:1.00元+【活动支出】首次光顾立减:1.00元+【活动支出】单品特价:33.90元+【活动支出】CPS商户叠加券:0.00元+【活动支出】饿了么红包:7.00元+【活动支出】替用户承担配送费:3.5元,-,-,-,2.00,温州区域,温州加盟,,,否,-,平台配送
圣比萨（泰亨温学府店）,SBM00001,温州,"8018616089412640177	",饿了么,平台外卖,已完成,2025-10-23 18:02:38,2025-10-23 18:02:38,2025-10-23 18:02:38,饿了么支付-在线支付,,即时单,2025-10-23 18:02:38,12.10,自动出餐,1,否,"新奥尔良烤鸡肉披萨7英寸（45.00*1）,餐盒（2.00*1）",新奥尔良烤鸡肉披萨【7英寸(手拍)】,,,,非会员,13,,,依据餐量提供餐具,,45.00,11.12,29.10,0.00,0,0,1.43,0.00,3.50,【活动支出】首次光顾立减:1.00元+【活动支出】单品特价:21.10元+【活动支出】 商家自营销加码:2.00元+【活动支出】饿了么红包:5.00元+【活动支出】替用户承担配送费:3.5元,-,-,-,2.00,温州区域,温州加盟,,,否,-,平台配送
圣比萨（泰亨温学府店）,SBM00001,温州,"8019100255522759946	",饿了么,平台外卖,已完成,2025-10-23 18:34:30,2025-10-23 18:34:30,2025-10-23 18:34:31,饿了么支付-在线支付,,即时单,2025-10-23 18:34:30,12.23,自动出餐,1,否,"经典薯条（18.00*1）,披萨意面双人套餐[新奥尔鸡肉披萨7英寸+招牌肉酱意面+明星小食桶B+芒果汁+芒果汁]（128.00*1）,餐盒（4.00*1）",经典薯条+招牌肉酱意面+明星小食桶B+芒果汁+芒果汁,,,,非会员,14,,,2份餐具,,146.00,52.42,81.30,0.00,0,0,4.93,0.00,3.50,【活动支出】店铺满减:6.00元+【活动支出】单品特价:8.10元+【活动支出】单品特价:55.20元+【活动支出】饿了么红包:12.00元+【活动支出】替用户承担配送费:3.5元,-,-,-,4.00,温州区域,温州加盟,,,否,-,平台配送
圣比萨（泰亨温学府店）,SBM00001,温州,"8005576089402185115	",饿了么,平台外卖,已完成,2025-10-23 19:30:47,2025-10-23 19:30:47,2025-10-23 19:30:47,饿了么支付-在线支付,,即时单,2025-10-23 19:30:47,10.03,自动出餐,1,否,"新奥尔良烤鸡肉披萨7英寸（45.00*1）,餐盒（2.00*1）",新奥尔良烤鸡肉披萨【7英寸(手拍)】,,,,非会员,15,,,2份餐具,,45.00,9.32,29.10,0.00,0,0,1.43,0.00,5.60,【活动支出】首次光顾立减:1.00元+【活动支出】单品特价:21.10元+【活动支出】 商家自营销加码:2.00元+【活动支出】饿了么红包:5.00元+【活动支出】替用户承担配送费:5.6元,-,-,-,2.00,温州区域,温州加盟,,,否,-,平台配送
圣比萨（泰亨温学府店）,SBM00001,温州,"8094180255543970264	",饿了么,平台外卖,已完成,2025-10-23 19:40:51,2025-10-23 19:40:51,2025-10-23 19:40:52,饿了么支付-在线支付,,即时单,2025-10-23 19:40:51,10.13,自动出餐,1,否,"任选披萨8选1+小吃8选1+饮料[奥尔良鸡肉披萨7英寸+上校鸡块4个+可乐]（58.00*1）,餐盒（2.00*1）",新奥尔良烤鸡肉披萨【7英寸(手拍)】+上校鸡块+小可乐,,,,非会员,16,,,依据餐量提供餐具,,58.00,20.31,31.20,0.00,0,0,1.94,0.00,3.50,【活动支出】单品特价:23.20元+【活动支出】饿了么红包:8.00元+【活动支出】替用户承担配送费:3.5元,-,-,-,2.00,温州区域,温州加盟,,,否,-,平台配送
圣比萨（泰亨温学府店）,SBM00001,温州,"8064956089473370380	",饿了么,平台外卖,已完成,2025-10-23 20:24:28,2025-10-23 20:24:28,2025-10-23 20:24:28,饿了么支付-在线支付,,即时单,2025-10-23 20:24:28,10.03,自动出餐,1,否,"任选披萨8选1+小吃8选1+饮料[奥尔良鸡肉披萨7英寸+上校鸡块4个+芒果汁]（58.00*1）,餐盒（2.00*1）",新奥尔良烤鸡肉披萨【7英寸(手拍)】+上校鸡块+芒果汁,,,,非会员,17,,,依据餐量提供餐具,,58.00,18.19,32.20,0.00,0,0,1.86,0.00,5.60,【活动支出】首次光顾立减:1.00元+【活动支出】单品特价:23.20元+【活动支出】饿了么红包:8.00元+【活动支出】替用户承担配送费:5.6元,-,-,-,2.00,温州区域,温州加盟,,,否,-,平台配送
圣比萨（泰亨温学府店）,SBM00001,温州,"8005586089453478388	",饿了么,平台外卖,已完成,2025-10-23 20:24:55,2025-10-23 20:24:55,2025-10-23 20:24:55,饿了么支付-在线支付,,即时单,2025-10-23 20:24:55,10.23,自动出餐,1,否,番茄牛肉意面-单点（22.59*1）,番茄牛肉意面,,,,非会员,18,,,依据餐量提供餐具,,22.59,12.59,0.00,0.00,0,0,0.00,0.00,,【活动支出】拼团反圈活动:0.00元,-,-,-,0.00,温州区域,温州加盟,,,否,-,平台配送
圣比萨（泰亨温学府店）,SBM00001,温州,"8071576089432692124	",饿了么,平台外卖,已完成,2025-10-23 20:59:11,2025-10-23 20:59:11,2025-10-23 20:59:11,饿了么支付-在线支付,,即时单,2025-10-23 20:59:11,10.08,自动出餐,1,否,新奥尔良烤鸡肉披萨7寸-拼团（20.60*1）,新奥尔良烤鸡肉披萨【7英寸(手拍)】,,,,非会员,19,,,依据餐量提供餐具,,20.60,12.00,0.00,0.00,0,0,0.00,0.00,,【活动支出】拼团反圈活动:0.00元,-,-,-,0.00,温州区域,温州加盟,,,否,-,平台配送
圣比萨（泰亨温学府店）,SBM00001,温州,"8049160255590739269	",饿了么,平台外卖,已完成,2025-10-23 21:38:10,2025-10-23 21:38:10,2025-10-23 21:38:10,饿了么支付-在线支付,,即时单,2025-10-23 21:38:10,10.13,自动出餐,1,否,"花果山披萨-7英寸(经典手拍）[{""name"":""规格"",""value"":""7英寸(经典手拍）""}]（42.00*1）,餐盒（1.00*1）",花果山披萨,,,,非会员,20,,,2份餐具,,42.00,12.62,23.10,0.00,0,0,1.43,0.00,5.60,【活动支出】单品特价:16.10元+【活动支出】饿了么红包:7.00元+【活动支出】替用户承担配送费:5.6元,-,-,-,1.00,温州区域,温州加盟,,,否,-,平台配送
圣比萨（温溪店）,SBM00009,丽水,"8003230255390045561	",饿了么,平台外卖,已完成,2025-10-23 17:40:39,2025-10-23 17:40:39,2025-10-23 17:40:39,饿了么支付-在线支付,,即时单,2025-10-23 17:40:39,18.20,自动出餐,1,否,"浪漫威尼斯披萨-7寸(经典手拍)[{""name"":""规格"",""value"":""7寸(经典手拍)""}]（35.00*1）,缤纷水果披萨-7寸(经典手拍)[{""name"":""规格"",""value"":""7寸(经典手拍)""}]（32.00*1）,餐盒（4.00*1）",浪漫威尼斯披萨+缤纷水果披萨,,,,非会员,1,,,依据餐量提供餐具,,67.00,54.67,0,0.00,0,0,16.33,0.00,5.00,-,-,-,-,4.00,丽水区域,丽水加盟,,,否,-,平台配送
圣比萨（鞋都店）,SBM00008,温州,"8006020255257155853	",饿了么,平台外卖,已完成,2025-10-23 10:37:18,2025-10-23 10:37:18,2025-10-23 10:37:18,饿了么支付-在线支付,,即时单,2025-10-23 10:37:18,36.78,被动出餐,1,否,"不要保温袋（0.00*1）,任选披萨6选1+小吃5选1+饮料（58.00*1）,餐盒（2.00*1）",地道肠1根+新奥尔良烤鸡肉披萨(7英寸(手拍))+小可乐,,,,非会员,1,,,1份餐具,,58.00,14.34,34.10,0.00,0,0,1.72,0.69,7.40,【活动支出】首次光顾立减:1.00元+【活动支出】单品特价:26.10元+【活动支出】饿了么红包:7.00元+【活动支出】替用户承担配送费:6.0元,-,-,-,2.00,温州区域,温州加盟,,,否,-,平台配送
圣比萨（鞋都店）,SBM00008,温州,"8060726089152951670	",饿了么,平台外卖,已完成,2025-10-23 11:06:04,2025-10-23 11:06:04,2025-10-23 11:06:04,饿了么支付-在线支付,,即时单,2025-10-23 11:06:04,30.43,被动出餐,1,否,"鲜虾菠萝披萨-7寸(经典手拍)[{""name"":""规格"",""value"":""7寸(经典手拍)""}]（45.00*1）,需要保温袋（0.30*1）,深海墨鱼丸-3个[{""name"":""规格"",""value"":""3个""}]（10.60*1）,餐盒（3.00*1）",鲜虾菠萝披萨+深海墨鱼丸,,,,非会员,2,,,依据餐量提供餐具,,55.90,19.81,29.80,0.00,0,0,1.96,0.78,3.50,【活动支出】店铺满减:1.00元+【活动支出】单品特价:13.10元+【活动支出】单品特价:4.70元+【活动支出】粉丝群:2.00元+【活动支出】饿了么红包:9.00元+【活动支出】替用户承担配送费:3.5元,-,-,-,3.00,温州区域,温州加盟,,,否,-,平台配送
圣比萨（鞋都店）,SBM00008,温州,"8078956089215664550	",饿了么,平台外卖,已完成,2025-10-23 11:33:13,2025-10-23 11:33:13,2025-10-23 11:33:13,饿了么支付-在线支付,,预约单,2025-10-23 17:25:00,360.47,被动出餐,1,否,"不要保温袋（0.00*1）,披萨随心配（60.40*1）,餐盒（1.00*1）",地道肠1根+盐酥鸡米花小份+薯饼2个+新奥尔良烤鸡肉披萨(7英寸(手拍)),,,,非会员,3,,,依据餐量提供餐具,,60.40,14.95,38.40,0.00,0,0,1.50,0.60,3.50,【活动支出】单品特价:29.90元+【活动支出】饿了么红包:7.00元+【活动支出】精准营销红包:1.50元+【活动支出】替用户承担配送费:3.5元,-,-,-,1.00,温州区域,温州加盟,,,否,-,平台配送
圣比萨（鞋都店）,SBM00008,温州,"8051070255313671425	",饿了么,平台外卖,已完成,2025-10-23 11:34:33,2025-10-23 11:34:33,2025-10-23 11:34:33,饿了么支付-在线支付,,即时单,2025-10-23 11:34:33,29.40,被动出餐,1,否,"不要保温袋（0.00*1）,榴莲王披萨-9英寸(轻巧薄脆)[{""name"":""规格"",""value"":""9英寸(轻巧薄脆)""}]（92.00*1）,餐盒（1.00*1）","不要保温袋+榴莲王披萨-9英寸(轻巧薄脆)[{""name"":""规格"",""value"":""9英寸(轻巧薄脆)""}]+餐盒",,,,非会员,4,,,依据餐量提供餐具,,92.00,22.31,60.10,0.00,0,0,2.24,0.90,4.50,【活动支出】店铺满减:1.00元+【活动支出】单品特价:48.10元+【活动支出】饿了么红包:9.00元+【活动支出】粉丝群:2.00元+【活动支出】替用户承担配送费:4.5元,-,-,-,1.00,温州区域,温州加盟,,,否,-,平台配送
圣比萨（鞋都店）,SBM00008,温州,"8056030255421133271	",饿了么,平台外卖,已完成,2025-10-23 11:35:01,2025-10-23 11:35:01,2025-10-23 11:35:02,饿了么支付-在线支付,,即时单,2025-10-23 11:35:01,30.22,被动出餐,1,否,"需要保温袋（0.30*1）,披萨随心配（60.40*1）,餐盒（1.00*1）",地道肠1根+上校鸡块2个+蛋挞1个+新奥尔良烤鸡肉披萨(7英寸(手拍)),,,,非会员,5,,,多加芝士 / 依据餐量提供餐具,,60.70,13.72,38.40,0.00,0,0,1.52,0.61,4.50,【活动支出】单品特价:29.90元+【活动支出】精准营销红包:1.50元+【活动支出】饿了么红包:7.00元+【活动支出】替用户承担配送费:4.5元,-,-,-,1.00,温州区域,温州加盟,,,否,-,平台配送
圣比萨（鞋都店）,SBM00008,温州,"8037040255333573053	",饿了么,平台外卖,已完成,2025-10-23 11:46:29,2025-10-23 11:46:29,2025-10-23 11:46:30,饿了么支付-在线支付,,即时单,2025-10-23 11:46:29,14.22,被动出餐,1,否,"不要保温袋（0.00*1）,披萨随心配（60.40*1）,餐盒（1.00*1）",地道肠1根+盐酥鸡米花小份+上校鸡块2个+碳烤鸡肉培根披萨(7英寸(手拍)),,,,非会员,6,,,依据餐量提供餐具,,60.40,15.69,36.90,0.00,0,0,1.61,0.65,3.50,【活动支出】单品特价:29.90元+【活动支出】饿了么红包:5.00元+【活动支出】 商家自营销加码:2.00元+【活动支出】CPS商户叠加券:0.00元+【活动支出】淘金币:0.00元+【活动支出】替用户承担配送费:3.5元,-,-,-,1.00,温州区域,温州加盟,,,否,-,平台配送
圣比萨（鞋都店）,SBM00008,温州,"8036546089264642467	",饿了么,平台外卖,已完成,2025-10-23 12:06:06,2025-10-23 12:06:06,2025-10-23 12:06:06,饿了么支付-在线支付,,即时单,2025-10-23 12:06:06,13.80,被动出餐,1,否,"不要保温袋（0.00*1）,咖喱香肠意面（58.00*1）,餐盒（1.00*1）",不要保温袋+咖喱香肠意面+餐盒,,,,非会员,7,,,"对骑手, 不要敲门， / 依据餐量提供餐具",,58.00,10.19,41.60,0.00,0,0,1.43,0.43,3.50,【活动支出】单品特价:33.10元+【活动支出】饿了么红包:7.00元+【活动支出】精准营销红包:1.50元+【活动支出】替用户承担配送费:3.5元,-,-,-,1.00,温州区域,温州加盟,,,否,-,平台配送
圣比萨（鞋都店）,SBM00008,温州,"8014470255452399927	",饿了么,平台外卖,已完成,2025-10-23 12:10:28,2025-10-23 12:10:28,2025-10-23 12:10:28,饿了么支付-在线支付,,即时单,2025-10-23 12:10:28,22.45,被动出餐,1,否,"7寸披萨一人食土豪餐（70.00*1）,蛋挞一个（原味）（5.00*1）,需要保温袋（0.30*1）,餐盒（3.00*1）",玉米沙拉披萨(7英寸(手拍))+港式奶茶+地道肠1根+金丝鸡排+蛋挞1个,,,,非会员,8,,,"不要敲门,放门口 / 依据餐量提供餐具",,75.30,19.09,50.00,0.00,0,0,1.90,0.76,3.50,【活动支出】店铺满减:1.00元+【活动支出】单品特价:35.10元+【活动支出】单品特价:3.90元+【活动支出】下单返红包:2.00元+【活动支出】饿了么红包:8.00元+【活动支出】替用户承担配送费:3.5元,-,-,-,3.00,温州区域,温州加盟,,,否,-,平台配送
圣比萨（鞋都店）,SBM00008,温州,"8072220255355520325	",饿了么,平台外卖,已完成,2025-10-23 12:19:14,2025-10-23 12:19:14,2025-10-23 12:19:14,饿了么支付-在线支付,,即时单,2025-10-23 12:19:14,27.58,被动出餐,1,否,"不要保温袋（0.00*1）,披萨随心配（60.40*1）,餐盒（1.00*1）",地道肠1根+深海墨鱼丸2个+上校鸡块2个+花果山披萨(7英寸(手拍)),,,,非会员,9,,,依据餐量提供餐具,,60.40,15.69,36.90,0.00,0,0,1.61,0.65,3.50,【活动支出】单品特价:29.90元+【活动支出】饿了么红包:7.00元+【活动支出】CPS商户叠加券:0.00元+【活动支出】淘金币:0.00元+【活动支出】替用户承担配送费:3.5元,-,-,-,1.00,温州区域,温州加盟,,,否,-,平台配送
圣比萨（鞋都店）,SBM00008,温州,"8051220255377107277	",饿了么,平台外卖,已完成,2025-10-23 13:10:13,2025-10-23 13:10:13,2025-10-23 13:10:13,饿了么支付-在线支付,,即时单,2025-10-23 13:10:13,27.10,被动出餐,1,否,"不要保温袋（0.00*1）,披萨随心配（60.40*1）,餐盒（1.00*1）",地道肠1根+上校鸡块2个+蛋挞1个+新奥尔良烤鸡肉披萨(7英寸(手拍)),,,,非会员,10,,,依据餐量提供餐具,,60.40,15.69,36.90,0.00,0,0,1.61,0.65,3.50,【活动支出】单品特价:29.90元+【活动支出】饿了么红包:5.00元+【活动支出】 商家自营销加码:2.00元+【活动支出】替用户承担配送费:3.5元,-,-,-,1.00,温州区域,温州加盟,,,否,-,平台配送
圣比萨（鞋都店）,SBM00008,温州,"8051726089278367042	",饿了么,平台外卖,已完成,2025-10-23 13:18:11,2025-10-23 13:18:11,2025-10-23 13:18:12,饿了么支付-在线支付,,即时单,2025-10-23 13:18:11,24.93,被动出餐,1,否,"不要保温袋（0.00*1）,任选披萨6选1+小吃5选1+饮料（58.00*1）,餐盒（2.00*1）",金丝鸡排+缤纷水果披萨(7英寸(手拍))+港式奶茶,,,,非会员,11,,,奶茶要烫的 / 依据餐量提供餐具,,58.00,18.44,33.10,0.00,0,0,1.79,0.72,3.50,【活动支出】单品特价:26.10元+【活动支出】饿了么红包:5.00元+【活动支出】 商家自营销加码:2.00元+【活动支出】替用户承担配送费:3.5元,-,-,-,2.00,温州区域,温州加盟,,,否,-,平台配送
圣比萨（鞋都店）,SBM00008,温州,"8044150255478811034	",饿了么,平台外卖,已完成,2025-10-23 13:19:02,2025-10-23 13:19:02,2025-10-23 13:19:03,饿了么支付-在线支付,,即时单,2025-10-23 13:19:02,43.50,被动出餐,1,否,"需要保温袋（0.30*1）,披萨随心配（60.40*1）,餐盒（1.00*1）",地道肠1根+蛋挞1个+薯饼2个+日系照烧鸡披萨(7英寸(手拍)),,,,非会员,12,,,2份餐具,,60.70,12.96,39.90,0.00,0,0,1.43,0.56,4.50,【活动支出】首次光顾立减:1.00元+【活动支出】单品特价:29.90元+【活动支出】粉丝群:2.00元+【活动支出】饿了么红包:7.00元+【活动支出】替用户承担配送费:4.5元,-,-,-,1.00,温州区域,温州加盟,,,否,-,平台配送
圣比萨（鞋都店）,SBM00008,温州,"8083230255423040787	",饿了么,平台外卖,已完成,2025-10-23 15:28:47,2025-10-23 15:28:47,2025-10-23 15:28:47,饿了么支付-在线支付,,即时单,2025-10-23 15:28:47,32.13,被动出餐,1,否,"不要保温袋（0.00*1）,【粉丝福利】蛋挞一个（原味）（10.00*1）,花果山披萨-7英寸(手拍)[{""name"":""规格"",""value"":""7英寸(手拍)""}]（42.00*1）,餐盒（2.00*1）",蛋挞1个+花果山披萨,,,,非会员,13,,,2份餐具,,52.00,7.66,32.40,0.00,0,0,1.43,0.56,9.90,【活动支出】首次光顾立减:1.00元+【活动支出】单品特价:8.30元+【活动支出】单品特价:16.10元+【活动支出】饿了么红包:7.00元+【活动支出】替用户承担配送费:6.0元,-,-,-,2.00,温州区域,温州加盟,,,否,-,平台配送
圣比萨（鞋都店）,SBM00008,温州,"8042936089329912168	",饿了么,平台外卖,已完成,2025-10-23 15:58:55,2025-10-23 15:58:55,2025-10-23 15:58:56,饿了么支付-在线支付,,即时单,2025-10-23 15:58:55,31.02,被动出餐,1,否,新奥尔良烤鸡肉披萨7寸-单点（22.00*1）,新奥尔良烤鸡肉披萨【7英寸(手拍)】,,,,非会员,14,,,依据餐量提供餐具,,22.00,12.00,0.00,0.00,0,0,0.00,0.00,,【活动支出】拼团反圈活动:0.00元,-,-,-,0.00,温州区域,温州加盟,,,否,-,平台配送
圣比萨（鞋都店）,SBM00008,温州,"8071030255435704665	",饿了么,平台外卖,已完成,2025-10-23 16:21:36,2025-10-23 16:21:36,2025-10-23 16:21:36,饿了么支付-在线支付,,即时单,2025-10-23 16:21:36,26.17,被动出餐,1,否,"需要保温袋（0.30*1）,意面随心配（58.80*1）,餐盒（1.00*1）",黑椒烤肠意面+盐酥鸡米花小份+上校鸡块2个+蛋挞1个,,,,非会员,15,,,依据餐量提供餐具,,59.10,11.92,40.30,0.00,0,0,1.43,0.50,3.50,【活动支出】单品特价:31.30元+【活动支出】粉丝群:2.00元+【活动支出】饿了么红包:7.00元+【活动支出】替用户承担配送费:3.5元,-,-,-,1.00,温州区域,温州加盟,,,否,-,平台配送
圣比萨（鞋都店）,SBM00008,温州,"8016626089296931148	",饿了么,平台外卖,已完成,2025-10-23 16:25:01,2025-10-23 16:25:01,2025-10-23 16:25:01,饿了么支付-在线支付,,即时单,2025-10-23 16:25:01,36.13,被动出餐,1,否,7寸日系照烧鸡披萨-单点（22.00*1）,日系照烧鸡披萨【7英寸(手拍)】,,,,非会员,16,,,依据餐量提供餐具,,22.00,12.00,0.00,0.00,0,0,0.00,0.00,,【活动支出】拼团反圈活动:0.00元,-,-,-,0.00,温州区域,温州加盟,,,否,-,平台配送
圣比萨（鞋都店）,SBM00008,温州,"8098736089347151126	",饿了么,平台外卖,已完成,2025-10-23 17:05:13,2025-10-23 17:05:13,2025-10-23 17:05:14,饿了么支付-在线支付,,即时单,2025-10-23 17:05:13,22.87,被动出餐,1,否,"不要保温袋（0.00*1）,披萨随心配（60.40*1）,餐盒（1.00*1）",地道肠1根+盐酥鸡米花小份+蛋挞1个+玉米沙拉披萨(7英寸(手拍)),,,,非会员,17,,,依据餐量提供餐具,,60.40,14.79,37.90,0.00,0,0,1.54,0.62,3.50,【活动支出】首次光顾立减:1.00元+【活动支出】单品特价:29.90元+【活动支出】饿了么红包:5.00元+【活动支出】 商家自营销加码:2.00元+【活动支出】替用户承担配送费:3.5元,-,-,-,1.00,温州区域,温州加盟,,,否,-,平台配送
圣比萨（鞋都店）,SBM00008,温州,"8069330255370703248	",饿了么,平台外卖,已完成,2025-10-23 17:06:24,2025-10-23 17:06:24,2025-10-23 17:06:24,饿了么支付-在线支付,,即时单,2025-10-23 17:06:24,27.43,被动出餐,1,否,"不要保温袋（0.00*1）,披萨随心配（60.40*1）,餐盒（1.00*1）",地道肠1根+深海墨鱼丸2个+蛋挞1个+玉米沙拉披萨(7英寸(手拍)),,,,非会员,18,,,依据餐量提供餐具,,60.40,14.95,38.40,0.00,0,0,1.50,0.60,3.50,【活动支出】单品特价:29.90元+【活动支出】饿了么红包:5.00元+【活动支出】 商家自营销加码:2.00元+【活动支出】精准营销红包:1.50元+【活动支出】替用户承担配送费:3.5元,-,-,-,1.00,温州区域,温州加盟,,,否,-,平台配送
圣比萨（鞋都店）,SBM00008,温州,"8077370255471298990	",饿了么,平台外卖,已完成,2025-10-23 17:20:41,2025-10-23 17:20:41,2025-10-23 17:20:42,饿了么支付-在线支付,,即时单,2025-10-23 17:20:41,20.00,被动出餐,1,否,"不要保温袋（0.00*1）,7寸披萨一人食土豪餐（70.00*1）,餐盒（2.00*1）",碳烤鸡肉培根披萨(7英寸(手拍))+小可乐+地道肠1根+金丝鸡排,,,,非会员,19,,,依据餐量提供餐具,,70.00,20.97,41.60,0.00,0,0,2.06,0.82,3.50,【活动支出】单品特价:35.10元+【活动支出】饿了么红包:5.00元+【活动支出】精准营销红包:1.50元+【活动支出】替用户承担配送费:3.5元,-,-,-,2.00,温州区域,温州加盟,,,否,-,平台配送
圣比萨（鞋都店）,SBM00008,温州,"8050420255390935358	",饿了么,平台外卖,已完成,2025-10-23 17:41:07,2025-10-23 17:41:07,2025-10-23 17:41:08,饿了么支付-在线支付,,即时单,2025-10-23 17:41:07,36.20,被动出餐,1,否,"不要保温袋（0.00*1）,花果山披萨-7英寸(手拍)[{""name"":""规格"",""value"":""7英寸(手拍)""}]（42.00*1）,餐盒（1.00*1）",花果山披萨,,,,非会员,20,,,依据餐量提供餐具,,42.00,10.74,24.10,0.00,0,0,1.43,0.48,4.50,【活动支出】首次光顾立减:1.00元+【活动支出】单品特价:16.10元+【活动支出】饿了么红包:7.00元+【活动支出】替用户承担配送费:4.5元,-,-,-,1.00,温州区域,温州加盟,,,否,-,平台配送
圣比萨（鞋都店）,SBM00008,温州,"8037240255502233962	",饿了么,平台外卖,已完成,2025-10-23 18:29:21,2025-10-23 18:29:21,2025-10-23 18:29:21,饿了么支付-在线支付,,即时单,2025-10-23 18:29:21,26.92,被动出餐,1,否,"圣比至尊套餐（品牌升级专属）（58.00*1）,需要保温袋（0.30*1）,餐盒（2.00*1）",大圣招牌大满贯披萨(7英寸(手拍))+柠檬茶+上校鸡块,,,,非会员,21,,,依据餐量提供餐具,,58.30,18.70,33.10,0.00,0,0,1.82,0.73,3.50,【活动支出】首次光顾立减:1.00元+【活动支出】单品特价:23.10元+【活动支出】粉丝群:2.00元+【活动支出】饿了么红包:7.00元+【活动支出】替用户承担配送费:3.5元,-,-,-,2.00,温州区域,温州加盟,,,否,-,平台配送
圣比萨（鞋都店）,SBM00008,温州,"8075260255512866151	",饿了么,平台外卖,已完成,2025-10-23 18:36:12,2025-10-23 18:36:12,2025-10-23 18:36:12,饿了么支付-在线支付,,即时单,2025-10-23 18:36:12,18.95,被动出餐,1,否,"不要保温袋（0.00*1）,榴莲王披萨-9英寸(经典手拍)[{""name"":""规格"",""value"":""9英寸(经典手拍)""}]（92.00*1）,餐盒（1.00*1）",榴莲王披萨,,,,非会员,22,,,依据餐量提供餐具,,92.00,23.50,59.10,0.00,0,0,2.32,0.93,3.50,【活动支出】店铺满减:1.00元+【活动支出】单品特价:48.10元+【活动支出】饿了么红包:8.00元+【活动支出】下单返红包:2.00元+【活动支出】替用户承担配送费:3.5元,-,-,-,1.00,温州区域,温州加盟,,,否,-,平台配送
圣比萨（鞋都店）,SBM00008,温州,"8069796089402644877	",饿了么,平台外卖,已完成,2025-10-23 19:19:13,2025-10-23 19:19:13,2025-10-23 19:19:13,饿了么支付-在线支付,,即时单,2025-10-23 19:19:13,17.63,被动出餐,1,否,"不要保温袋（0.00*1）,缤纷水果披萨-9英寸(手拍)[{""name"":""规格"",""value"":""9英寸(手拍)""}]（75.00*1）,餐盒（1.00*1）",缤纷水果披萨,,,,非会员,23,,,依据餐量提供餐具,,75.00,17.54,50.10,0.00,0,0,1.72,0.69,3.50,【活动支出】单品特价:40.10元+【活动支出】饿了么红包:8.00元+【活动支出】下单返红包:2.00元+【活动支出】替用户承担配送费:3.5元,-,-,-,1.00,温州区域,温州加盟,,,否,-,平台配送
圣比萨（鞋都店）,SBM00008,温州,"8082886089451168203	",饿了么,平台外卖,已完成,2025-10-23 19:23:48,2025-10-23 19:23:48,2025-10-23 19:23:48,饿了么支付-在线支付,,即时单,2025-10-23 19:23:48,34.92,被动出餐,1,否,"新奥尔良烤鸡肉披萨7寸-单点[{""name"":""规格"",""value"":""单点""}]（22.00*1）",新奥尔良烤鸡肉披萨【7英寸(手拍)】,,,,非会员,24,,,-,,22.00,12.00,0.00,0.00,0,0,0.00,0.00,,【活动支出】拼团反圈活动:0.00元,-,-,-,0.00,温州区域,温州加盟,,,否,-,平台配送
圣比萨（鞋都店）,SBM00008,温州,"8088100255556327736	",饿了么,平台外卖,已完成,2025-10-23 20:08:51,2025-10-23 20:08:51,2025-10-23 20:08:51,饿了么支付-在线支付,,即时单,2025-10-23 20:08:51,14.93,被动出餐,1,否,"不要保温袋（0.00*1）,7寸披萨一人食土豪餐（70.00*1）,【收藏福利】墨鱼丸一个（点亮右上角❤关注本店不迷路）（3.00*2）,餐盒（3.00*1）",碳烤鸡肉培根披萨(7英寸(手拍))+小可乐+地道肠1根+金丝鸡排+深海墨鱼丸1个,,,,非会员,25,,,1份餐具,,76.00,20.61,49.00,0.00,0,0,2.03,0.81,3.50,【活动支出】店铺满减:1.00元+【活动支出】单品特价:35.10元+【活动支出】单品特价:2.90元+【活动支出】饿了么红包:8.00元+【活动支出】下单返红包:2.00元+【活动支出】替用户承担配送费:3.5元,-,-,-,3.00,温州区域,温州加盟,,,否,-,平台配送
圣比萨（鞋都店）,SBM00008,温州,"8011120255653682587	",饿了么,平台外卖,已完成,2025-10-23 20:18:59,2025-10-23 20:18:59,2025-10-23 20:19:00,饿了么支付-在线支付,,即时单,2025-10-23 20:18:59,21.40,被动出餐,1,否,"不要保温袋（0.00*1）,黑椒牛肉意面（52.00*1）,餐盒（1.00*1）",黑椒牛肉意面,,,,非会员,26,,,依据餐量提供餐具,,52.00,11.64,34.10,0.00,0,0,1.43,0.48,3.50,【活动支出】首次光顾立减:1.00元+【活动支出】单品特价:24.10元+【活动支出】饿了么红包:7.00元+【活动支出】粉丝群:2.00元+【活动支出】替用户承担配送费:3.5元,-,-,-,1.00,温州区域,温州加盟,,,否,-,平台配送
圣比萨（鞋都店）,SBM00008,温州,"8052706089473369460	",饿了么,平台外卖,已完成,2025-10-23 21:54:52,2025-10-23 21:54:52,2025-10-23 21:54:53,饿了么支付-在线支付,,即时单,2025-10-23 21:54:52,37.75,被动出餐,1,否,"任选披萨6选1+小吃5选1+饮料（58.00*1）,不要保温袋（0.00*1）,【福利优惠】上校鸡块一个（3.00*2）,餐盒（3.00*1）",金丝鸡排+新奥尔良烤鸡肉披萨(7英寸(手拍))+小可乐+上校鸡块1个,,,,非会员,27,,,依据餐量提供餐具,,64.00,18.02,39.00,0.00,0,0,1.88,0.75,7.10,【活动支出】店铺满减:1.00元+【活动支出】首次光顾立减:1.00元+【活动支出】单品特价:26.10元+【活动支出】单品特价:2.90元+【活动支出】饿了么红包:8.00元+【活动支出】替用户承担配送费:6.0元,-,-,-,3.00,温州区域,温州加盟,,,否,-,平台配送
圣比萨（鞋都店）,SBM00008,温州,"8027876089452718403	",饿了么,平台外卖,已完成,2025-10-23 22:04:32,2025-10-23 22:04:32,2025-10-23 22:04:32,饿了么支付-在线支付,,即时单,2025-10-23 22:04:32,20.87,被动出餐,1,否,"不要保温袋（0.00*1）,披萨随心配（60.40*1）,餐盒（1.00*1）",地道肠1根+蛋挞1个+薯饼2个+日系照烧鸡披萨(7英寸(手拍)),,,,非会员,28,,,依据餐量提供餐具,,60.40,14.00,38.90,0.00,0,0,1.46,0.59,5.60,【活动支出】单品特价:29.90元+【活动支出】饿了么红包:7.00元+【活动支出】粉丝群:2.00元+【活动支出】替用户承担配送费:5.6元,-,-,-,1.00,温州区域,温州加盟,,,否,-,平台配送
圣比萨（玉环楚门店）,SBS00028,台州,"8045220255086001606	",饿了么,平台外卖,已完成,2025-10-22 21:53:54,2025-10-22 21:53:54,2025-10-22 21:53:55,饿了么支付-在线支付,,预约单,2025-10-23 16:35:00,1076.30,自动出餐,1,否,"点击右上角❤️收藏得小吃[上校鸡块2个]（2.00*1）,蛋挞1个（5.00*1）,奥尔良烤鸡肉披萨-7英寸(手拍)[{""name"":""规格"",""value"":""7英寸(手拍)""}]（45.00*1）,餐盒（1.00*1）",上校鸡块2个+蛋挞1个+新奥尔良烤鸡肉披萨,,,,非会员,1,,,依据餐量提供餐具,,52.00,11.64,34.01,0.00,0,0,1.15,0.00,3.80,【活动支出】单品特价:1.90元+【活动支出】单品特价:4.01元+【活动支出】单品特价:21.10元+【活动支出】饿了么红包:7.00元+【活动支出】替用户承担配送费:3.8元,-,-,-,1.00,台州区域,台州加盟,,,否,-,平台配送
圣比萨（玉环楚门店）,SBS00028,台州,"8013290255239915830	",饿了么,平台外卖,已完成,2025-10-23 09:41:47,2025-10-23 09:41:47,2025-10-23 09:41:47,饿了么支付-在线支付,,预约单,2025-10-23 10:50:00,23.40,自动出餐,1,否,"蛋挞1个（5.00*1）,碳烤鸡肉培根披萨-7英寸(手拍)[{""name"":""规格"",""value"":""7英寸(手拍)""}]（45.00*1）,餐盒（1.00*1）",蛋挞1个+碳烤鸡肉培根披萨,,,,非会员,2,,,对骑手，不用打电话，放门口就行，谢谢 / 1份餐具,,50.00,13.41,30.10,0.00,0,0,1.29,0.00,3.30,【活动支出】单品特价:19.10元+【活动支出】精准营销:4.00元+【活动支出】饿了么红包:7.00元+【活动支出】替用户承担配送费:3.3元,-,-,-,1.00,台州区域,台州加盟,,,否,-,平台配送
圣比萨（玉环楚门店）,SBS00028,台州,"8008936089151432997	",饿了么,平台外卖,已完成,2025-10-23 10:20:38,2025-10-23 10:20:38,2025-10-23 10:20:38,饿了么支付-在线支付,,即时单,2025-10-23 10:20:38,10.18,自动出餐,1,否,"点击右上角❤️收藏得小吃[上校鸡块2个]（2.00*1）,咸蛋黄风味流沙卷边（9英寸）（5.90*1）,奥尔良烤鸡肉披萨-9英寸(手拍)[{""name"":""规格"",""value"":""9英寸(手拍)""}]（78.00*1）",上校鸡块2个+咸蛋黄流沙卷边9+新奥尔良烤鸡肉披萨,,,,非会员,3,,,依据餐量提供餐具,,85.90,20.99,55.00,0.00,0,0,2.01,0.00,3.80,【活动支出】单品特价:1.90元+【活动支出】店铺满减:1.00元+【活动支出】单品特价:44.10元+【活动支出】饿了么红包:8.00元+【活动支出】替用户承担配送费:3.8元,-,-,-,0.00,台州区域,台州加盟,,,否,-,平台配送
圣比萨（玉环楚门店）,SBS00028,台州,"8058866089166085543	",饿了么,平台外卖,已完成,2025-10-23 10:44:24,2025-10-23 10:44:24,2025-10-23 10:44:24,饿了么支付-在线支付,,即时单,2025-10-23 10:44:24,10.13,自动出餐,1,否,"【随心❤️拼】7英寸双拼披萨（口味自选）[日系照烧鸡+浪漫威尼斯]（26.90*1）,芝士焗红薯泥（19.00*1）",双拼7寸【日系照烧口味7】+双拼7寸【浪漫威尼斯口味7】+芝士焗红薯泥,,,,非会员,4,,,依据餐量提供餐具,,45.90,21.58,15.50,0.00,0,0,2.02,0.00,2.30,【活动支出】单品特价:8.50元+【活动支出】饿了么红包:7.00元+【活动支出】替用户承担配送费:2.3元,-,-,-,0.00,台州区域,台州加盟,,,否,-,平台配送
圣比萨（玉环楚门店）,SBS00028,台州,"8002010255190766041	",饿了么,平台外卖,已完成,2025-10-23 11:00:44,2025-10-23 11:00:44,2025-10-23 11:00:44,饿了么支付-在线支付,,即时单,2025-10-23 11:00:44,9.90,手动出餐,1,否,【任选】披萨8选1+小吃5选1+饮品·[奥尔良鸡肉披萨7英寸+盐酥鸡米花小份+柠檬茶]（58.00*1）,新奥尔良烤鸡肉披萨【7英寸(手拍)】+盐酥鸡米花小份+柠檬茶,,,,非会员,5,,,依据餐量提供餐具,,58.00,15.77,34.50,0.00,0,0,1.53,0.00,2.30,【活动支出】单品特价:27.50元+【活动支出】饿了么红包:7.00元+【活动支出】替用户承担配送费:2.3元,-,-,-,0.00,台州区域,台州加盟,,,否,-,平台配送
圣比萨（玉环楚门店）,SBS00028,台州,"8046200255381539184	",饿了么,平台外卖,已完成,2025-10-23 11:01:36,2025-10-23 11:01:36,2025-10-23 11:01:36,饿了么支付-在线支付,,即时单,2025-10-23 11:01:36,9.08,手动出餐,1,否,"点击右上角❤️收藏得小吃[上校鸡块2个]（2.00*1）,蛋挞1个（5.00*1）,圣比招牌披萨-7寸(经典手拍)[{""name"":""规格"",""value"":""7寸(经典手拍)""}]（45.00*1）,餐盒（1.00*1）",上校鸡块2个+蛋挞1个+大圣招牌大满贯披萨,,,,非会员,6,,,依据餐量提供餐具,,52.00,20.40,24.01,0.00,0,0,1.89,0.00,2.80,【活动支出】单品特价:1.90元+【活动支出】单品特价:4.01元+【活动支出】单品特价:11.10元+【活动支出】饿了么红包:7.00元+【活动支出】替用户承担配送费:2.8元,-,-,-,1.00,台州区域,台州加盟,,,否,-,平台配送
圣比萨（玉环楚门店）,SBS00028,台州,"8039080255420163509	",饿了么,平台外卖,已完成,2025-10-23 11:29:37,2025-10-23 11:29:37,2025-10-23 11:29:38,饿了么支付-在线支付,,即时单,2025-10-23 11:29:37,10.78,手动出餐,1,否,"榴莲王披萨-9英寸(手拍)[{""name"":""规格"",""value"":""9英寸(手拍)""}]（92.00*1）",榴莲王披萨,,,,非会员,7,,,2份餐具,,92.00,26.68,56.10,0.00,0,0,2.42,0.00,2.30,【活动支出】单品特价:56.10元+【活动支出】替用户承担配送费:2.3元,-,-,-,0.00,台州区域,台州加盟,,,否,-,平台配送
圣比萨（玉环楚门店）,SBS00028,台州,"8072000255327956436	",饿了么,平台外卖,已完成,2025-10-23 11:45:22,2025-10-23 11:45:22,2025-10-23 11:45:23,饿了么支付-在线支付,,即时单,2025-10-23 11:45:22,11.13,自动出餐,1,否,"点击右上角❤️收藏得小吃[上校鸡块2个]（2.00*1）,7件套随心拼套餐（49.90*1）",上校鸡块2个+盐酥鸡米花小份+地道肠1根+蛋挞1个+番茄牛肉意面+金沙咸蛋黄嫩鸡披萨(7英寸(手拍))+港式奶茶+柠檬茶,,,,非会员,8,,,依据餐量提供餐具,,51.90,26.05,14.90,0.00,0,0,2.45,0.00,3.80,【活动支出】单品特价:1.90元+【活动支出】店铺满减:1.00元+【活动支出】饿了么红包:12.00元+【活动支出】替用户承担配送费:3.8元,-,-,-,0.00,台州区域,台州加盟,,,否,-,平台配送
圣比萨（玉环楚门店）,SBS00028,台州,"8044040255351736604	",饿了么,平台外卖,已完成,2025-10-23 12:18:44,2025-10-23 12:18:44,2025-10-23 12:18:44,饿了么支付-在线支付,,即时单,2025-10-23 12:18:44,11.00,自动出餐,1,否,"经典薯条（18.00*1）,【随心❤️拼】9英寸双拼披萨（口味自选）[培根鸡肉+奥尔良]（36.90*1）",经典薯条+双拼9寸【鸡肉培根口味9】+双拼9寸【奥尔良口味9】,,,,非会员,9,,,番茄酱多给一包，谢谢 / 2份餐具,,54.90,26.08,18.50,0.00,0,0,2.42,0.00,2.80,【活动支出】店铺满减:1.00元+【活动支出】单品特价:8.50元+【活动支出】饿了么红包:9.00元+【活动支出】替用户承担配送费:2.8元,-,-,-,0.00,台州区域,台州加盟,,,否,-,平台配送
圣比萨（玉环楚门店）,SBS00028,台州,"8090410255389747544	",饿了么,平台外卖,已完成,2025-10-23 13:36:58,2025-10-23 13:36:58,2025-10-23 13:36:59,饿了么支付-在线支付,,即时单,2025-10-23 13:36:58,9.30,手动出餐,1,否,【任选】披萨8选1+小吃5选1+饮品·[奥尔良鸡肉披萨7英寸+上校鸡块4个+港式奶茶]（58.00*1）,新奥尔良烤鸡肉披萨【7英寸(手拍)】+上校鸡块+港式奶茶,,,,非会员,10,,,依据餐量提供餐具,,58.00,15.12,34.50,0.00,0,0,1.48,0.00,3.30,【活动支出】单品特价:27.50元+【活动支出】超级会员专享红包:5.00元+【活动支出】 商家自营销加码:2.00元+【活动支出】替用户承担配送费:3.3元,-,-,-,0.00,台州区域,台州加盟,,,否,-,平台配送
圣比萨（玉环楚门店）,SBS00028,台州,"8087726089313308965	",饿了么,平台外卖,已完成,2025-10-23 16:47:08,2025-10-23 16:47:08,2025-10-23 16:47:08,饿了么支付-在线支付,,即时单,2025-10-23 16:47:08,10.18,自动出餐,1,否,披萨随心配（60.40*1）,缤纷水果披萨(7英寸(手拍))+盐酥鸡米花小份+地道肠1根+上校鸡块2个,,,,非会员,11,,,49号正门 门是开的。到了不用打电话 谢谢 / 2份餐具,,60.40,12.66,40.90,0.00,0,0,1.24,0.00,2.30,【活动支出】单品特价:29.90元+【活动支出】订单集点返红包:5.00元+【活动支出】饿了么红包:6.00元+【活动支出】替用户承担配送费:2.3元,-,-,-,0.00,台州区域,台州加盟,,,否,-,平台配送
圣比萨（玉环楚门店）,SBS00028,台州,"8092210255362857314	",饿了么,平台外卖,已完成,2025-10-23 16:58:54,2025-10-23 16:58:54,2025-10-23 16:58:54,饿了么支付-在线支付,,预约单,2025-10-23 21:25:00,221.23,自动出餐,1,否,"经典薯条（18.00*2）,蛋挞（10.00*3）,【随心❤️拼】12英寸双拼披萨（口味自选）[奥尔良鸡肉+日系鸡肉]（53.90*1）,深海墨鱼丸-6个[{""name"":""规格"",""value"":""6个""}]（18.20*1）",经典薯条+蛋挞+双拼12寸【奥尔良口味12】+双拼12寸【日系照烧口味12】+深海墨鱼丸,,,,非会员,12,,,依据餐量提供餐具,,138.10,69.66,44.20,0.00,0,0,6.54,0.00,4.30,【活动支出】店铺满减:6.00元+【活动支出】单品特价:17.00元+【活动支出】单品特价:1.50元+【活动支出】单品特价:7.70元+【活动支出】饿了么红包:12.00元+【活动支出】替用户承担配送费:4.3元,-,-,-,0.00,台州区域,台州加盟,,,否,-,平台配送
圣比萨（玉环楚门店）,SBS00028,台州,"8002916089353633103	",饿了么,平台外卖,已完成,2025-10-23 17:04:17,2025-10-23 17:04:17,2025-10-23 17:04:18,饿了么支付-在线支付,,即时单,2025-10-23 17:04:17,10.18,自动出餐,1,否,"榴莲王披萨-7英寸(经典手拍)[{""name"":""规格"",""value"":""7英寸(经典手拍)""}]（52.00*1）",榴莲王披萨,,,,非会员,13,,,依据餐量提供餐具,,52.00,20.78,23.10,0.00,0,0,1.92,0.00,2.30,【活动支出】单品特价:18.10元+【活动支出】饿了么红包:5.00元+【活动支出】替用户承担配送费:2.3元,-,-,-,0.00,台州区域,台州加盟,,,否,-,平台配送
圣比萨（玉环楚门店）,SBS00028,台州,"8059946089378129176	",饿了么,平台外卖,已完成,2025-10-23 17:08:09,2025-10-23 17:08:09,2025-10-23 17:08:10,饿了么支付-在线支付,,即时单,2025-10-23 17:08:09,10.20,自动出餐,1,否,"奥尔良烤鸡肉披萨-9英寸(手拍)[{""name"":""规格"",""value"":""9英寸(手拍)""}]（78.00*1）,芬达（5.00*1）",新奥尔良烤鸡肉披萨+小芬达,,,,非会员,14,,,依据餐量提供餐具,,83.00,21.99,52.10,0.00,0,0,2.01,0.00,3.30,【活动支出】店铺满减:1.00元+【活动支出】单品特价:44.10元+【活动支出】饿了么红包:7.00元+【活动支出】替用户承担配送费:3.3元,-,-,-,0.00,台州区域,台州加盟,,,否,-,平台配送
圣比萨（玉环楚门店）,SBS00028,台州,"8090716089382479286	",饿了么,平台外卖,已完成,2025-10-23 17:15:15,2025-10-23 17:15:15,2025-10-23 17:15:15,饿了么支付-在线支付,,即时单,2025-10-23 17:15:15,10.08,自动出餐,1,否,"点击右上角❤️收藏得小吃[上校鸡块2个]（2.00*1）,蛋挞1个（5.00*1）,【任选5件套】披萨意面我全都要（128.00*1）,餐盒（2.00*1）",上校鸡块2个+蛋挞1个+大圣招牌大满贯披萨(7英寸(手拍))+港式奶茶+可乐+明星小食桶B+招牌肉酱意面,,,,非会员,15,,,依据餐量提供餐具,,135.00,32.59,89.40,0.00,0,0,3.21,0.00,5.60,【活动支出】店铺满减:6.00元+【活动支出】单品特价:1.90元+【活动支出】单品特价:67.50元+【活动支出】饿了么红包:8.00元+【活动支出】精准营销:4.00元+【活动支出】粉丝群:2.00元+【活动支出】替用户承担配送费:5.6元,-,-,-,2.00,台州区域,台州加盟,,,否,-,平台配送
圣比萨（玉环楚门店）,SBS00028,台州,"8084050255461461479	",饿了么,平台外卖,已完成,2025-10-23 17:22:49,2025-10-23 17:22:49,2025-10-23 17:22:50,饿了么支付-在线支付,,即时单,2025-10-23 17:22:49,9.12,手动出餐,1,否,【任选】披萨8选1+小吃5选1+饮品·[日系照烧鸡披萨7英寸+上校鸡块4个+小可乐]（58.00*1）,日系照烧鸡披萨【7英寸(手拍)】+上校鸡块+小可乐,,,,非会员,16,,,依据餐量提供餐具,,58.00,16.70,33.50,0.00,0,0,1.60,0.00,2.30,【活动支出】单品特价:27.50元+【活动支出】饿了么红包:6.00元+【活动支出】替用户承担配送费:2.3元,-,-,-,0.00,台州区域,台州加盟,,,否,-,平台配送
圣比萨（玉环楚门店）,SBS00028,台州,"8031150255480061396	",饿了么,平台外卖,已完成,2025-10-23 17:35:44,2025-10-23 17:35:44,2025-10-23 17:35:44,饿了么支付-在线支付,,即时单,2025-10-23 17:35:44,11.05,自动出餐,1,否,"招牌肉酱意面（52.00*1）,柠檬茶[冷]（6.00*1）",招牌肉酱意面+柠檬茶,,,,非会员,17,,,1份餐具,,58.00,15.31,34.50,0.00,0,0,1.49,0.00,2.80,【活动支出】单品特价:27.50元+【活动支出】饿了么红包:7.00元+【活动支出】替用户承担配送费:2.8元,-,-,-,0.00,台州区域,台州加盟,,,否,-,平台配送
圣比萨（玉环楚门店）,SBS00028,台州,"8004350255496569291	",饿了么,平台外卖,已完成,2025-10-23 18:12:26,2025-10-23 18:12:26,2025-10-23 18:12:26,饿了么支付-在线支付,,即时单,2025-10-23 18:12:26,11.15,自动出餐,1,否,【任选5件套】披萨意面我全都要（128.00*1）,大圣招牌大满贯披萨(7英寸(手拍))+芒果汁+柠檬茶+明星小食桶A+招牌肉酱意面,,,,非会员,18,,,依据餐量提供餐具,,128.00,35.32,81.60,0.00,0,0,3.18,0.00,2.30,【活动支出】单品特价:81.60元+【活动支出】替用户承担配送费:2.3元,-,-,-,0.00,台州区域,台州加盟,,,否,-,平台配送
圣比萨（玉环楚门店）,SBS00028,台州,"8030746089427336530	",饿了么,平台外卖,已完成,2025-10-23 18:33:23,2025-10-23 18:33:23,2025-10-23 18:33:23,饿了么支付-在线支付,,即时单,2025-10-23 18:33:23,11.17,自动出餐,1,否,"蛋挞（10.00*1）,焗饭随心配（53.80*1）",蛋挞+碳烤鸡肉芝士焗饭+盐酥鸡米花小份+地道肠1根+蛋挞1个,,,,非会员,19,,,2份餐具,,63.80,21.53,32.80,0.00,0,0,2.07,0.00,2.30,【活动支出】店铺满减:1.00元+【活动支出】单品特价:0.50元+【活动支出】单品特价:23.30元+【活动支出】 商家自营销加码:0.00元+【活动支出】饿了么红包:8.00元+【活动支出】替用户承担配送费:2.3元,-,-,-,0.00,台州区域,台州加盟,,,否,-,平台配送
圣比萨（玉环楚门店）,SBS00028,台州,"8094886089420748213	",饿了么,平台外卖,已完成,2025-10-23 18:49:25,2025-10-23 18:49:25,2025-10-23 18:49:25,饿了么支付-在线支付,,即时单,2025-10-23 18:49:25,8.73,手动出餐,1,否,披萨随心配（60.40*1）,缤纷水果披萨(7英寸(手拍))+盐酥鸡米花小份+地道肠1根+蛋挞1个,,,,非会员,20,,,依据餐量提供餐具,,60.40,15.77,36.90,0.00,0,0,1.53,0.00,2.30,【活动支出】单品特价:29.90元+【活动支出】 商家自营销加码:2.00元+【活动支出】饿了么红包:5.00元+【活动支出】替用户承担配送费:2.3元,-,-,-,0.00,台州区域,台州加盟,,,否,-,平台配送
圣比萨（玉环楚门店）,SBS00028,台州,"8040020255544481042	",饿了么,平台外卖,已完成,2025-10-23 19:51:45,2025-10-23 19:51:45,2025-10-23 19:51:46,饿了么支付-在线支付,,即时单,2025-10-23 19:51:45,7.42,手动出餐,1,否,"奥尔良烤鸡肉披萨-7英寸(手拍)[{""name"":""规格"",""value"":""7英寸(手拍)""}]（45.00*1）,奶酪芝士卷边（7英寸）（4.90*1）",新奥尔良烤鸡肉披萨+奶酪芝士卷边7,,,,非会员,21,,,依据餐量提供餐具,,49.90,15.72,27.10,0.00,0,0,1.48,0.00,2.30,【活动支出】单品特价:21.10元+【活动支出】饿了么红包:6.00元+【活动支出】替用户承担配送费:2.3元,-,-,-,0.00,台州区域,台州加盟,,,否,-,平台配送
圣比萨（玉环楚门店）,SBS00028,台州,"8027490255570297316	",饿了么,平台外卖,已完成,2025-10-23 20:52:43,2025-10-23 20:52:43,2025-10-23 20:52:44,饿了么支付-在线支付,,即时单,2025-10-23 20:52:43,10.07,自动出餐,1,否,【随心❤️拼】9英寸双拼披萨（口味自选）[水果+培根鸡肉]（36.90*1）,双拼9寸【缤纷水果口味9】+双拼9寸【鸡肉培根口味9】,,,,非会员,22,,,依据餐量提供餐具,,36.90,16.94,8.00,0.00,0,0,1.86,0.00,6.20,【活动支出】饿了么红包:8.00元+【活动支出】替用户承担配送费:6.0元,-,-,-,0.00,台州区域,台州加盟,,,否,-,平台配送
圣比萨（玉环楚门店）,SBS00028,台州,"8090946089436128746	",饿了么,平台外卖,已完成,2025-10-23 21:05:09,2025-10-23 21:05:09,2025-10-23 21:05:09,饿了么支付-在线支付,,即时单,2025-10-23 21:05:09,10.15,自动出餐,1,否,"榴莲王披萨-7英寸(经典手拍)[{""name"":""规格"",""value"":""7英寸(经典手拍)""}]（52.00*1）",榴莲王披萨,,,,非会员,23,,,依据餐量提供餐具,,52.00,18.38,25.10,0.00,0,0,1.72,0.00,3.30,【活动支出】单品特价:18.10元+【活动支出】 商家自营销加码:2.00元+【活动支出】饿了么红包:5.00元+【活动支出】替用户承担配送费:3.3元,-,-,-,0.00,台州区域,台州加盟,,,否,-,平台配送
圣比萨（玉环楚门店）,SBS00028,台州,"8024666089473321307	",饿了么,平台外卖,已完成,2025-10-23 21:18:03,2025-10-23 21:18:03,2025-10-23 21:18:04,饿了么支付-在线支付,,即时单,2025-10-23 21:18:03,10.13,自动出餐,1,否,【任选】披萨8选1+小吃5选1+饮品·[奥尔良鸡肉披萨7英寸+上校鸡块4个+柠檬茶]（58.00*1）,新奥尔良烤鸡肉披萨【7英寸(手拍)】+上校鸡块+柠檬茶,,,,非会员,24,,,依据餐量提供餐具,,58.00,14.48,32.50,0.00,0,0,1.62,0.00,6.00,【活动支出】单品特价:27.50元+【活动支出】饿了么红包:5.00元+【活动支出】替用户承担配送费:6.0元,-,-,-,0.00,台州区域,台州加盟,,,否,-,平台配送
圣比萨（玉环楚门店）,SBS00028,台州,"8064566089447542182	",饿了么,平台外卖,已完成,2025-10-23 21:24:58,2025-10-23 21:24:58,2025-10-23 21:24:58,饿了么支付-在线支付,,即时单,2025-10-23 21:24:58,10.08,自动出餐,1,否,披萨随心配（60.40*1）,日系照烧鸡披萨(7英寸(手拍))+盐酥鸡米花小份+地道肠1根+上校鸡块2个,,,,非会员,25,,,依据餐量提供餐具,,60.40,14.62,36.90,0.00,0,0,1.48,0.00,3.30,【活动支出】单品特价:29.90元+【活动支出】饿了么红包:7.00元+【活动支出】替用户承担配送费:3.3元,-,-,-,0.00,台州区域,台州加盟,,,否,-,平台配送
圣比萨（玉环楚门店）,SBS00028,台州,"8053420255485981961	",饿了么,平台外卖,已完成,2025-10-23 21:30:28,2025-10-23 21:30:28,2025-10-23 21:30:28,饿了么支付-在线支付,,即时单,2025-10-23 21:30:28,8.45,手动出餐,1,否,"蛋挞1个（5.00*1）,【任选】披萨8选1+小吃5选1+饮品·[奥尔良鸡肉披萨7英寸+薯饼3个+港式奶茶]（58.00*1）,餐盒（1.00*1）",蛋挞1个+新奥尔良烤鸡肉披萨【7英寸(手拍)】+薯饼+港式奶茶,,,,非会员,26,,,依据餐量提供餐具,,63.00,22.38,31.50,0.00,0,0,2.12,0.00,3.30,【活动支出】单品特价:27.50元+【活动支出】精准营销:4.00元+【活动支出】替用户承担配送费:3.3元,-,-,-,1.00,台州区域,台州加盟,,,否,-,平台配送
圣比萨（玉环楚门店）,SBS00028,台州,"8017756089446346147	",饿了么,平台外卖,已完成,2025-10-23 21:38:33,2025-10-23 21:38:33,2025-10-23 21:38:33,饿了么支付-在线支付,,即时单,2025-10-23 21:38:33,10.17,自动出餐,1,否,"点击右上角❤️收藏得小吃[上校鸡块2个]（2.00*1）,【任选】披萨8选1+小吃5选1+饮品·[碳烤鸡肉培根7英寸+盐酥鸡米花小份+港式奶茶]（58.00*1）",上校鸡块2个+碳烤鸡肉培根披萨【7英寸(手拍)】+盐酥鸡米花小份+港式奶茶,,,,非会员,27,,,依据餐量提供餐具,,60.00,15.64,35.40,0.00,0,0,1.56,0.00,3.80,【活动支出】单品特价:1.90元+【活动支出】单品特价:27.50元+【活动支出】饿了么红包:6.00元+【活动支出】替用户承担配送费:3.8元,-,-,-,0.00,台州区域,台州加盟,,,否,-,平台配送
圣比萨（玉环楚门店）,SBS00028,台州,"8074676089477973503	",饿了么,平台外卖,已完成,2025-10-23 21:45:09,2025-10-23 21:45:09,2025-10-23 21:45:09,饿了么支付-在线支付,,即时单,2025-10-23 21:45:09,10.17,自动出餐,1,否,"点击右上角❤️收藏得小吃[上校鸡块2个]（2.00*1）,蛋挞1个（5.00*1）,7件套随心拼套餐（49.90*1）,餐盒（1.00*1）",上校鸡块2个+蛋挞1个+盐酥鸡米花小份+地道肠1根+上校鸡块2个+招牌肉酱芝士焗饭+碳烤鸡肉培根披萨(7英寸(手拍))+可乐+可乐,,,,非会员,28,,,依据餐量提供餐具,,56.90,30.59,15.90,0.00,0,0,2.81,0.00,3.80,【活动支出】单品特价:1.90元+【活动支出】店铺满减:1.00元+【活动支出】饿了么红包:9.00元+【活动支出】精准营销:4.00元+【活动支出】替用户承担配送费:3.8元,-,-,-,1.00,台州区域,台州加盟,,,否,-,平台配送
圣比萨（龙港西城店）,SBS00018,温州,"8034786089118874969	",饿了么,平台外卖,已完成,2025-10-23 08:33:54,2025-10-23 08:33:54,2025-10-23 08:33:55,饿了么支付-在线支付,,预约单,2025-10-23 10:40:00,81.27,自动出餐,1,否,7英寸披萨买一送一[圣比招牌披萨7英寸+缤纷水果披萨7英寸]（86.80*1）,大圣招牌大满贯披萨【7英寸(手拍)】+缤纷水果披萨【7英寸(手拍)】,,,,非会员,1,,,依据餐量提供餐具,,86.80,26.64,49.40,0.00,0,0,3.61,0.00,3.50,【活动支出】单品特价:49.40元+【活动支出】替用户承担配送费:3.5元,-,-,-,0.00,温州区域,温州直营,,,否,-,平台配送
圣比萨（龙港西城店）,SBS00018,温州,"8043826089139467678	",饿了么,平台外卖,已完成,2025-10-23 10:13:23,2025-10-23 10:13:23,2025-10-23 10:13:23,饿了么支付-在线支付,,即时单,2025-10-23 10:13:23,10.22,自动出餐,1,否,"榴莲王披萨-7英寸(经典手拍)[{""name"":""规格"",""value"":""7英寸(经典手拍)""}]（52.00*1）,点击右上角❤️收藏得小吃[上校鸡块2个]（5.00*1）,餐盒（2.00*1）",榴莲王披萨+上校鸡块2个,,,,非会员,2,,,依据餐量提供餐具,,57.00,19.72,30.00,0.00,0,0,2.73,0.00,4.00,【活动支出】单品特价:18.10元+【活动支出】单品特价:4.90元+【活动支出】饿了么红包:7.00元+【活动支出】替用户承担配送费:4.0元,-,-,-,2.00,温州区域,温州直营,,,否,-,平台配送
圣比萨（龙港西城店）,SBS00018,温州,"8060350255321652527	",饿了么,平台外卖,已完成,2025-10-23 11:25:26,2025-10-23 11:25:26,2025-10-23 11:25:26,饿了么支付-在线支付,,即时单,2025-10-23 11:25:26,6.77,手动出餐,1,否,"新奥尔良烤鸡肉披萨7寸-单点[{""name"":""规格"",""value"":""单点""}]（22.00*1）",新奥尔良烤鸡肉披萨【7英寸(手拍)】,,,,非会员,3,,,依据餐量提供,,22.00,12.00,0.00,0.00,0,0,0.00,0.00,,【活动支出】拼团反圈活动:0.00元,-,-,-,0.00,温州区域,温州直营,,,否,-,平台配送
圣比萨（龙港西城店）,SBS00018,温州,"8052420255314519379	",饿了么,平台外卖,已完成,2025-10-23 11:34:01,2025-10-23 11:34:01,2025-10-23 11:34:01,饿了么支付-在线支付,,即时单,2025-10-23 11:34:01,3.15,手动出餐,1,否,"番茄牛肉意面（52.00*1）,餐盒（2.00*1）",番茄牛肉意面,,,,非会员,4,,,1份餐具,,52.00,13.67,33.10,0.00,0,0,1.88,0.00,3.50,【活动支出】单品特价:26.10元+【活动支出】饿了么红包:7.00元+【活动支出】替用户承担配送费:3.5元,-,-,-,2.00,温州区域,温州直营,,,否,-,平台配送
圣比萨（龙港西城店）,SBS00018,温州,"8090506089246602530	",饿了么,平台外卖,已完成,2025-10-23 13:21:50,2025-10-23 13:21:50,2025-10-23 13:21:51,饿了么支付-在线支付,,即时单,2025-10-23 13:21:50,6.28,手动出餐,1,否,"【随心❤️拼】7英寸双拼披萨(口味自选）[奥尔良+培根鸡肉]（45.90*1）,餐盒（2.00*1）",双拼7寸【奥尔良口味7】+双拼7寸【碳烤鸡肉培根口味7】,,,,非会员,5,,,3份餐具,,45.90,12.78,28.00,0.00,0,0,1.77,0.00,3.50,【活动支出】单品特价:19.00元+【活动支出】粉丝群:2.00元+【活动支出】饿了么红包:7.00元+【活动支出】替用户承担配送费:3.5元,-,-,-,2.00,温州区域,温州直营,,,否,-,平台配送
圣比萨（龙港西城店）,SBS00018,温州,"8088776089329941930	",饿了么,平台外卖,已完成,2025-10-23 16:18:48,2025-10-23 16:18:48,2025-10-23 16:18:48,饿了么支付-在线支付,,即时单,2025-10-23 16:18:48,10.02,自动出餐,1,否,"【随心❤️拼】9英寸双拼披萨(口味自选）[奥尔良+奥尔良]（80.00*1）,餐盒（2.00*1）",双拼9寸【奥尔良口味9】+双拼9寸【奥尔良口味9】,,,,非会员,6,,,依据餐量提供餐具,,80.00,30.96,39.10,0.00,0,0,4.19,0.00,3.50,【活动支出】店铺满减:1.00元+【活动支出】单品特价:38.10元+【活动支出】替用户承担配送费:3.5元,-,-,-,2.00,温州区域,温州直营,,,否,-,平台配送
圣比萨（龙港西城店）,SBS00018,温州,"8009796089377963495	",饿了么,平台外卖,已完成,2025-10-23 17:06:48,2025-10-23 17:06:48,2025-10-23 17:06:48,饿了么支付-在线支付,,预约单,2025-10-23 20:00:00,123.47,手动出餐,1,否,"【随心❤️拼】7英寸双拼披萨(口味自选）[奥尔良+浪漫威尼斯]（45.90*1）,餐盒（2.00*1）",双拼7寸【奥尔良口味7】+双拼7寸【浪漫威尼斯口味7】,,,,非会员,7,,,1份餐具,,45.90,12.78,28.00,0.00,0,0,1.77,0.00,3.50,【活动支出】单品特价:19.00元+【活动支出】粉丝群:2.00元+【活动支出】饿了么红包:7.00元+【活动支出】替用户承担配送费:3.5元,-,-,-,2.00,温州区域,温州直营,,,否,-,平台配送
圣比萨（龙港西城店）,SBS00018,温州,"8073300255391518058	",饿了么,平台外卖,已完成,2025-10-23 17:48:49,2025-10-23 17:48:49,2025-10-23 17:48:49,饿了么支付-在线支付,,即时单,2025-10-23 17:48:49,12.20,自动出餐,1,否,"新奥尔良烤鸡肉披萨7寸-单点[{""name"":""规格"",""value"":""单点""}]（22.00*1）",新奥尔良烤鸡肉披萨【7英寸(手拍)】,,,,非会员,8,,,依据餐量提供,,22.00,12.00,0.00,0.00,0,0,0.00,0.00,,【活动支出】拼团反圈活动:0.00元,-,-,-,0.00,温州区域,温州直营,,,否,-,平台配送
圣比萨（龙港西城店）,SBS00018,温州,"8003200255395720689	",饿了么,平台外卖,已完成,2025-10-23 18:02:33,2025-10-23 18:02:33,2025-10-23 18:02:33,饿了么支付-在线支付,,即时单,2025-10-23 18:02:33,12.08,自动出餐,1,否,新奥尔良烤鸡肉披萨7寸-单点（22.00*1）,新奥尔良烤鸡肉披萨【7英寸(手拍)】,,,,非会员,9,,,依据餐量提供餐具,,22.00,12.00,0.00,0.00,0,0,0.00,0.00,,【活动支出】拼团反圈活动:0.00元,-,-,-,0.00,温州区域,温州直营,,,否,-,平台配送
圣比萨（龙港西城店）,SBS00018,温州,"8019986089423668671	",饿了么,平台外卖,已完成,2025-10-23 18:25:38,2025-10-23 18:25:38,2025-10-23 18:25:38,饿了么支付-在线支付,,即时单,2025-10-23 18:25:38,12.10,自动出餐,1,否,"缤纷水果披萨-9英寸(手拍)[{""name"":""规格"",""value"":""9英寸(手拍)""}]（75.00*1）,餐盒（2.00*1）",缤纷水果披萨,,,,非会员,10,,,依据餐量提供餐具,,75.00,21.42,46.10,0.00,0,0,2.93,0.00,3.50,【活动支出】店铺满减:1.00元+【活动支出】单品特价:35.10元+【活动支出】超级会员专享红包:8.00元+【活动支出】 商家自营销加码:0.00元+【活动支出】下单返红包:2.00元+【活动支出】替用户承担配送费:3.5元,-,-,-,2.00,温州区域,温州直营,,,否,-,平台配送
圣比萨（龙港西城店）,SBS00018,温州,"8048010255515155857	",饿了么,平台外卖,已完成,2025-10-23 18:44:35,2025-10-23 18:44:35,2025-10-23 18:44:35,饿了么支付-在线支付,,即时单,2025-10-23 18:44:35,12.08,自动出餐,1,否,"番茄牛肉意面-单点[{""name"":""规格"",""value"":""单点""}]（22.59*1）",番茄牛肉意面,,,,非会员,11,,,-,,22.59,12.59,0.00,0.00,0,0,0.00,0.00,,【活动支出】拼团反圈活动:0.00元,-,-,-,0.00,温州区域,温州直营,,,否,-,平台配送
圣比萨（龙港西城店）,SBS00018,温州,"8051666089440798013	",饿了么,平台外卖,已完成,2025-10-23 18:50:46,2025-10-23 18:50:46,2025-10-23 18:50:46,饿了么支付-在线支付,,即时单,2025-10-23 18:50:46,12.17,自动出餐,1,否,"【任选5件套】披萨意面我全都要[圣比招牌披萨7英寸+黑椒牛肉意面+明星小食桶B+芒果汁+港式奶茶]（59.90*1）,蛋挞1个（5.00*1）,餐盒（3.00*1）",大圣招牌大满贯披萨【7英寸(手拍)】+黑椒牛肉意面+明星小食桶B+芒果汁+港式奶茶+蛋挞1个,,,,非会员,12,,,依据餐量提供餐具,,64.90,35.12,19.01,0.00,0,0,4.82,0.00,3.50,【活动支出】店铺满减:6.00元+【活动支出】单品特价:4.01元+【活动支出】饿了么红包:9.00元+【活动支出】替用户承担配送费:3.5元,-,-,-,3.00,温州区域,温州直营,,,否,-,平台配送
圣比萨（龙港西城店）,SBS00018,温州,"8015606089442506081	",饿了么,平台外卖,已完成,2025-10-23 18:58:32,2025-10-23 18:58:32,2025-10-23 18:58:32,饿了么支付-在线支付,,即时单,2025-10-23 18:58:32,11.12,手动出餐,1,否,"缤纷芝士挞-菠萝味[{""name"":""规格"",""value"":""菠萝味""}]（7.00*1）,榴莲王披萨-7英寸(经典手拍)[{""name"":""规格"",""value"":""7英寸(经典手拍)""}]（52.00*1）,缤纷芝士挞-香蕉味[{""name"":""规格"",""value"":""香蕉味""}]（7.00*1）,餐盒（4.00*1）",缤纷芝士挞+榴莲王披萨+缤纷芝士挞,,,,非会员,13,,,2份餐具,,66.00,26.91,32.30,0.00,0,0,3.64,0.00,3.50,【活动支出】店铺满减:1.00元+【活动支出】单品特价:1.10元+【活动支出】单品特价:18.10元+【活动支出】单品特价:1.10元+【活动支出】粉丝群:2.00元+【活动支出】饿了么红包:9.00元+【活动支出】替用户承担配送费:3.5元,-,-,-,4.00,温州区域,温州直营,,,否,-,平台配送
圣比萨（龙港西城店）,SBS00018,温州,"8056260255625867758	",饿了么,平台外卖,已完成,2025-10-23 19:01:14,2025-10-23 19:01:14,2025-10-23 19:01:15,饿了么支付-在线支付,,即时单,2025-10-23 19:01:14,8.43,手动出餐,1,否,"蛋挞1个（5.00*1）,明星至尊桶（39.90*1）,餐盒（3.00*1）",蛋挞1个+明星至尊桶,,,,非会员,14,,,依据餐量提供餐具,,44.90,24.39,13.01,0.00,0,0,3.35,0.00,3.50,【活动支出】店铺满减:1.00元+【活动支出】单品特价:4.01元+【活动支出】 商家自营销加码:0.00元+【活动支出】饿了么红包:8.00元+【活动支出】替用户承担配送费:3.5元,-,-,-,3.00,温州区域,温州直营,,,否,-,平台配送
圣比萨（龙港西城店）,SBS00018,温州,"8044736089437375756	",饿了么,平台外卖,已完成,2025-10-23 19:32:08,2025-10-23 19:32:08,2025-10-23 19:32:08,饿了么支付-在线支付,,即时单,2025-10-23 19:32:08,10.18,自动出餐,1,否,手握三选一-单点[奥尔良]（20.00*1）,奥尔良风情烤鸡肉一人食盒子披萨,,,,非会员,15,,,依据餐量提供餐具,,20.00,10.00,0.00,0.00,0,0,0.00,0.00,,【活动支出】爆品团通吃券:0.00元,-,-,-,0.00,温州区域,温州直营,,,否,-,平台配送
圣比萨（龙港西城店）,SBS00018,温州,"8079936089477827016	",饿了么,平台外卖,已完成,2025-10-23 22:12:22,2025-10-23 22:12:22,2025-10-23 22:12:22,饿了么支付-在线支付,,即时单,2025-10-23 22:12:22,8.93,手动出餐,1,否,"日系照烧鸡披萨-7英寸(手拍)[{""name"":""规格"",""value"":""7英寸(手拍)""}]（23.90*1）,餐盒（2.00*1）",日系照烧鸡披萨,,,,非会员,16,,,依据餐量提供餐具,,23.90,11.38,7.00,0.00,0,0,1.67,0.00,5.60,【活动支出】饿了么红包:7.00元+【活动支出】替用户承担配送费:5.6元,-,-,-,2.00,温州区域,温州直营,,,否,-,平台配送
圣比萨（龙港西城店）,SBS00018,温州,"8004360255606547871	",饿了么,平台外卖,已完成,2025-10-23 23:25:13,2025-10-23 23:25:13,2025-10-23 23:25:13,饿了么支付-在线支付,,即时单,2025-10-23 23:25:13,8.57,手动出餐,1,否,手握三选一-单点[奥尔良]（20.00*1）,奥尔良风情烤鸡肉一人食盒子披萨,,,,非会员,17,,,不打电话，不敲门 / 依据餐量提供餐具,,20.00,10.00,0.00,0.00,0,0,0.00,0.00,,【活动支出】爆品团通吃券:0.00元,-,-,-,0.00,温州区域,温州直营,,,否,-,平台配送
圣比萨（黄龙店）,SBS00008,温州,"8070616089206151496	",饿了么,平台外卖,已完成,2025-10-23 11:33:36,2025-10-23 11:33:36,2025-10-23 11:33:37,饿了么支付-在线支付,,即时单,2025-10-23 11:33:36,11.98,手动出餐,1,否,"金丝鸡排（6.90*1）,新奥尔良烤鸡肉披萨-7英寸(手拍)[{""name"":""规格"",""value"":""7英寸(手拍)""}]（23.90*1）,川香脆皮翅根-2个[{""name"":""规格"",""value"":""2个""}]（12.90*1）,餐盒（4.00*1）",金丝鸡排+新奥尔良烤鸡肉披萨+川香脆皮大翅根,,,,非会员,1,,,依据餐量提供餐具,,43.70,24.73,12.50,0.00,0,0,2.42,0.00,5.00,【活动支出】店铺满减:1.00元+【活动支出】饿了么红包:11.50元+【活动支出】替用户承担配送费:5.0元,-,-,-,4.00,温州区域,温州直营,,,否,-,平台配送
圣比萨（黄龙店）,SBS00008,温州,"8023976089219836380	",饿了么,平台外卖,已完成,2025-10-23 12:15:51,2025-10-23 12:15:51,2025-10-23 12:15:51,饿了么支付-在线支付,,即时单,2025-10-23 12:15:51,15.90,手动出餐,1,否,"新奥尔良烤鸡肉披萨-7英寸(手拍)[{""name"":""规格"",""value"":""7英寸(手拍)""}]（23.90*1）,【新客福利】蛋挞一个（原味）（5.00*1）,餐盒（2.50*1）",新奥尔良烤鸡肉披萨+蛋挞1个,,,,非会员,2,,,依据餐量提供餐具,,28.90,13.61,11.01,0.00,0,0,1.43,0.00,3.50,【活动支出】单品特价:4.01元+【活动支出】饿了么红包:7.00元+【活动支出】替用户承担配送费:3.5元,-,-,-,2.50,温州区域,温州直营,,,否,-,平台配送
圣比萨（黄龙店）,SBS00008,温州,"8010726089216099795	",饿了么,平台外卖,已完成,2025-10-23 12:17:17,2025-10-23 12:17:17,2025-10-23 12:17:18,饿了么支付-在线支付,,即时单,2025-10-23 12:17:17,14.50,手动出餐,1,否,"缤纷水果披萨-7英寸(手拍)[{""name"":""规格"",""value"":""7英寸(手拍)""}]（42.00*1）,奶酪芝士卷边（7英寸）（4.90*1）,番茄牛肉意面（25.90*1）,餐盒（2.00*1）",缤纷水果披萨+酸奶多多流心卷边9+番茄牛肉意面,,,,非会员,3,,,2份餐具,,72.80,32.30,31.10,0.00,0,0,3.05,0.00,3.50,【活动支出】店铺满减:1.00元+【活动支出】单品特价:16.10元+【活动支出】粉丝群:2.00元+【活动支出】饿了么红包:12.00元+【活动支出】替用户承担配送费:3.5元,-,-,-,2.00,温州区域,温州直营,,,否,-,平台配送
圣比萨（黄龙店）,SBS00008,温州,"8028290255455990231	",饿了么,平台外卖,已完成,2025-10-23 12:19:04,2025-10-23 12:19:04,2025-10-23 12:19:05,饿了么支付-在线支付,,即时单,2025-10-23 12:19:04,12.75,手动出餐,1,否,"缤纷水果披萨-7英寸(手拍)[{""name"":""规格"",""value"":""7英寸(手拍)""}]（42.00*1）,蛋挞（6.90*1）,餐盒（2.00*1）",缤纷水果披萨+蛋挞,,,,非会员,4,,,依据餐量提供餐具,,48.90,19.99,23.10,0.00,0,0,1.86,0.00,3.50,【活动支出】单品特价:16.10元+【活动支出】饿了么红包:7.00元+【活动支出】替用户承担配送费:3.5元,-,-,-,2.00,温州区域,温州直营,,,否,-,平台配送
圣比萨（黄龙店）,SBS00008,温州,"8046566089270649131	",饿了么,平台外卖,已完成,2025-10-23 12:44:44,2025-10-23 12:44:44,2025-10-23 12:44:44,饿了么支付-在线支付,,即时单,2025-10-23 12:44:44,8.58,手动出餐,1,否,"碳烤鸡肉培根披萨-7英寸(手拍)[{""name"":""规格"",""value"":""7英寸(手拍)""}]（25.90*1）,餐盒（1.00*1）",碳烤鸡肉培根披萨,,,,非会员,5,,,依据餐量提供餐具,,25.90,13.12,7.00,0.00,0,0,1.43,0.00,3.50,【活动支出】饿了么红包:7.00元+【活动支出】替用户承担配送费:3.5元,-,-,-,1.00,温州区域,温州直营,,,否,-,平台配送
圣比萨（黄龙店）,SBS00008,温州,"8009536089321634273	",饿了么,平台外卖,已完成,2025-10-23 16:11:18,2025-10-23 16:11:18,2025-10-23 16:11:18,饿了么支付-在线支付,,即时单,2025-10-23 16:11:18,15.22,自动出餐,1,否,"【随心拼】7英寸双拼披萨(口味自选）[水果+日系照烧]（26.90*1）,柠檬茶[常温]（6.00*1）,金丝鸡排（6.90*1）,地道肠（3.90*1）,【新客福利】蛋挞一个（原味）（5.00*2）,餐盒（6.00*1）",双拼7寸【缤纷水果口味7】+双拼7寸【日系照烧口味7】+柠檬茶+金丝鸡排+地道肠1根+蛋挞1个,,,,非会员,6,,,依据餐量提供餐具,,53.70,34.14,14.01,0.00,0,0,3.20,0.00,3.50,【活动支出】店铺满减:1.00元+【活动支出】单品特价:4.01元+【活动支出】饿了么红包:9.00元+【活动支出】替用户承担配送费:3.5元,-,-,-,6.00,温州区域,温州直营,,,否,-,平台配送
圣比萨（黄龙店）,SBS00008,温州,"8090836089300777447	",饿了么,平台外卖,已完成,2025-10-23 16:23:51,2025-10-23 16:23:51,2025-10-23 16:23:51,饿了么支付-在线支付,,即时单,2025-10-23 16:23:51,15.10,自动出餐,1,否,"番茄牛肉意面（25.90*1）,餐盒（1.00*1）",番茄牛肉意面,,,,非会员,7,,,依据餐量提供餐具,,25.90,13.12,7.00,0.00,0,0,1.43,0.00,3.50,【活动支出】饿了么红包:7.00元+【活动支出】替用户承担配送费:3.5元,-,-,-,1.00,温州区域,温州直营,,,否,-,平台配送
圣比萨（黄龙店）,SBS00008,温州,"8048736089360236989	",饿了么,平台外卖,已完成,2025-10-23 16:30:01,2025-10-23 16:30:01,2025-10-23 16:30:01,饿了么支付-在线支付,,即时单,2025-10-23 16:30:01,14.45,手动出餐,1,否,"缤纷水果披萨-7英寸(手拍)[{""name"":""规格"",""value"":""7英寸(手拍)""}]（42.00*1）,餐盒（1.00*1）",缤纷水果披萨,,,,非会员,8,,,依据餐量提供餐具,,42.00,11.32,23.10,0.00,0,0,1.43,0.00,5.60,【活动支出】单品特价:16.10元+【活动支出】饿了么红包:7.00元+【活动支出】替用户承担配送费:5.6元,-,-,-,1.00,温州区域,温州直营,,,否,-,平台配送
圣比萨（黄龙店）,SBS00008,温州,"8015070255370751375	",饿了么,平台外卖,已完成,2025-10-23 17:11:52,2025-10-23 17:11:52,2025-10-23 17:11:53,饿了么支付-在线支付,,即时单,2025-10-23 17:11:52,15.20,自动出餐,1,否,"7英寸披萨买一送一[奥尔良鸡肉披萨7英寸+圣比招牌披萨7英寸]（86.80*1）,点击右上角❤️收藏得小吃[上校鸡块2个]（2.00*1）,【新客福利】蛋挞一个（原味）（5.00*1）,餐盒（3.00*1）",新奥尔良烤鸡肉披萨【7英寸(手拍)】+大圣招牌大满贯披萨【7英寸(手拍)】+上校鸡块2个+蛋挞1个,,,,非会员,9,,,依据餐量提供餐具,,93.80,26.37,60.81,0.00,0,0,2.47,0.00,3.50,【活动支出】店铺满减:1.00元+【活动支出】单品特价:44.90元+【活动支出】单品特价:4.01元+【活动支出】饿了么红包:9.00元+【活动支出】精准营销:1.90元+【活动支出】替用户承担配送费:3.5元,-,-,-,3.00,温州区域,温州直营,,,否,-,平台配送
圣比萨（黄龙店）,SBS00008,温州,"8043566089326397933	",饿了么,平台外卖,已完成,2025-10-23 17:13:27,2025-10-23 17:13:27,2025-10-23 17:13:27,饿了么支付-在线支付,,即时单,2025-10-23 17:13:27,15.00,自动出餐,1,否,"榴莲王披萨-7英寸(经典手拍)[{""name"":""规格"",""value"":""7英寸(经典手拍)""}]（52.00*1）,餐盒（1.00*1）",榴莲王披萨,,,,非会员,10,,,依据餐量提供餐具,,52.00,20.08,25.10,0.00,0,0,1.87,0.00,3.50,【活动支出】单品特价:18.10元+【活动支出】饿了么红包:7.00元+【活动支出】替用户承担配送费:3.5元,-,-,-,1.00,温州区域,温州直营,,,否,-,平台配送
圣比萨（黄龙店）,SBS00008,温州,"8060130255378052394	",饿了么,平台外卖,已完成,2025-10-23 17:20:00,2025-10-23 17:20:00,2025-10-23 17:20:00,饿了么支付-在线支付,,即时单,2025-10-23 17:20:00,10.55,手动出餐,1,否,"招牌肉酱意面（52.00*1）,餐盒（1.00*1）",招牌肉酱意面,,,,非会员,11,,,依据餐量提供餐具,,52.00,13.12,33.10,0.00,0,0,1.43,0.00,3.50,【活动支出】单品特价:26.10元+【活动支出】饿了么红包:7.00元+【活动支出】替用户承担配送费:3.5元,-,-,-,1.00,温州区域,温州直营,,,否,-,平台配送
圣比萨（黄龙店）,SBS00008,温州,"8095370255564529966	",饿了么,平台外卖,已完成,2025-10-23 17:20:25,2025-10-23 17:20:25,2025-10-23 17:20:25,饿了么支付-在线支付,,即时单,2025-10-23 17:20:25,11.52,手动出餐,1,否,"新奥尔良烤鸡肉披萨-7英寸(手拍)[{""name"":""规格"",""value"":""7英寸(手拍)""}]（23.90*1）,餐盒（2.00*1）",新奥尔良烤鸡肉披萨,,,,非会员,12,,,依据餐量提供餐具,,23.90,10.32,7.00,0.00,0,0,1.43,0.00,5.00,【活动支出】粉丝群:2.00元+【活动支出】饿了么红包:5.00元+【活动支出】替用户承担配送费:5.0元,-,-,-,2.00,温州区域,温州直营,,,否,-,平台配送
圣比萨（黄龙店）,SBS00008,温州,"8081270255377150402	",饿了么,平台外卖,已完成,2025-10-23 17:32:38,2025-10-23 17:32:38,2025-10-23 17:32:38,饿了么支付-在线支付,,即时单,2025-10-23 17:32:38,13.75,手动出餐,1,否,"新奥尔良烤鸡肉披萨-12英寸(手拍)[{""name"":""规格"",""value"":""12英寸(手拍)""}]（44.90*1）,奶酪芝士卷边（12英寸）（8.90*1）,餐盒（2.00*1）",新奥尔良烤鸡肉披萨+奶酪芝士卷边,,,,非会员,13,,,6份餐具,,53.80,31.04,10.00,0.00,0,0,3.21,0.00,7.40,【活动支出】店铺满减:1.00元+【活动支出】饿了么红包:9.00元+【活动支出】替用户承担配送费:6.0元,-,-,-,2.00,温州区域,温州直营,,,否,-,平台配送
圣比萨（黄龙店）,SBS00008,温州,"8011616089394890124	",饿了么,平台外卖,已完成,2025-10-23 17:39:20,2025-10-23 17:39:20,2025-10-23 17:39:20,饿了么支付-在线支付,,即时单,2025-10-23 17:39:20,8.88,手动出餐,1,否,"缤纷水果披萨-9英寸(手拍)[{""name"":""规格"",""value"":""9英寸(手拍)""}]（75.00*1）,餐盒（1.00*1）",缤纷水果披萨,,,,非会员,14,,,水果只要菠萝，不要香蕉。 / 依据餐量提供餐具,,75.00,20.08,48.10,0.00,0,0,1.87,0.00,3.50,【活动支出】单品特价:41.10元+【活动支出】粉丝群:2.00元+【活动支出】饿了么红包:5.00元+【活动支出】替用户承担配送费:3.5元,-,-,-,1.00,温州区域,温州直营,,,否,-,平台配送
圣比萨（黄龙店）,SBS00008,温州,"8057470255581017564	",饿了么,平台外卖,已完成,2025-10-23 17:47:43,2025-10-23 17:47:43,2025-10-23 17:47:43,饿了么支付-在线支付,,即时单,2025-10-23 17:47:43,14.10,手动出餐,1,否,"番茄牛肉意面（25.90*1）,餐盒（1.00*1）",番茄牛肉意面,,,,非会员,15,,,依据餐量提供餐具,,25.90,13.12,7.00,0.00,0,0,1.43,0.00,3.50,【活动支出】饿了么红包:7.00元+【活动支出】替用户承担配送费:3.5元,-,-,-,1.00,温州区域,温州直营,,,否,-,平台配送
圣比萨（黄龙店）,SBS00008,温州,"8017360255479258407	",饿了么,平台外卖,已完成,2025-10-23 17:48:00,2025-10-23 17:48:00,2025-10-23 17:48:00,饿了么支付-在线支付,,即时单,2025-10-23 17:48:00,13.85,手动出餐,1,否,"奥尔良烤鸡肉披萨(7寸)-单点[{""name"":""规格"",""value"":""单点""}]（23.21*1）",新奥尔良烤鸡肉披萨【7英寸(手拍)】,,,,非会员,16,,,依据餐量提供,,23.21,13.21,0.00,0.00,0,0,0.00,0.00,,【活动支出】拼团反圈活动:0.00元,-,-,-,0.00,温州区域,温州直营,,,否,-,平台配送
圣比萨（黄龙店）,SBS00008,温州,"8093270255481089422	",饿了么,平台外卖,已完成,2025-10-23 17:50:53,2025-10-23 17:50:53,2025-10-23 17:50:53,饿了么支付-在线支付,,即时单,2025-10-23 17:50:53,11.00,手动出餐,1,否,"【随心拼】9英寸双拼披萨(口味自选）[花果山+日系照烧鸡]（36.90*1）,番茄牛肉意面（25.90*1）,餐盒（3.00*1）",双拼9寸【花果山口味9】+双拼9寸【日系照烧口味9】+番茄牛肉意面,,,,非会员,17,,,依据餐量提供餐具,,62.80,38.26,15.00,0.00,0,0,3.59,0.00,3.50,【活动支出】店铺满减:6.00元+【活动支出】饿了么红包:9.00元+【活动支出】替用户承担配送费:3.5元,-,-,-,3.00,温州区域,温州直营,,,否,-,平台配送
圣比萨（黄龙店）,SBS00008,温州,"8096716089413388609	",饿了么,平台外卖,已完成,2025-10-23 18:11:47,2025-10-23 18:11:47,2025-10-23 18:11:47,饿了么支付-在线支付,,即时单,2025-10-23 18:11:47,11.20,手动出餐,1,否,"新奥尔良烤鸡肉披萨-9英寸(手拍)[{""name"":""规格"",""value"":""9英寸(手拍)""}]（33.90*1）,餐盒（2.00*1）",新奥尔良烤鸡肉披萨,,,,非会员,18,,,依据餐量提供餐具,,33.90,20.41,7.00,0.00,0,0,1.94,0.00,3.50,【活动支出】饿了么红包:7.00元+【活动支出】替用户承担配送费:3.5元,-,-,-,2.00,温州区域,温州直营,,,否,-,平台配送
圣比萨（黄龙店）,SBS00008,温州,"8093300255508748719	",饿了么,平台外卖,已完成,2025-10-23 18:20:53,2025-10-23 18:20:53,2025-10-23 18:20:53,饿了么支付-在线支付,,即时单,2025-10-23 18:20:53,15.07,手动出餐,1,否,"新奥尔良烤鸡肉披萨-7英寸(手拍)[{""name"":""规格"",""value"":""7英寸(手拍)""}]（23.90*1）,餐盒（2.00*1）",新奥尔良烤鸡肉披萨,,,,非会员,19,,,依据餐量提供餐具,,23.90,10.12,9.00,0.00,0,0,1.43,0.00,3.50,【活动支出】粉丝群:2.00元+【活动支出】饿了么红包:7.00元+【活动支出】替用户承担配送费:3.5元,-,-,-,2.00,温州区域,温州直营,,,否,-,平台配送
圣比萨（黄龙店）,SBS00008,温州,"8095596089399087591	",饿了么,平台外卖,已完成,2025-10-23 18:26:35,2025-10-23 18:26:35,2025-10-23 18:26:35,饿了么支付-在线支付,,即时单,2025-10-23 18:26:35,14.38,手动出餐,1,否,"榴莲王披萨-7英寸(经典手拍)[{""name"":""规格"",""value"":""7英寸(经典手拍)""}]（52.00*1）,酸奶多多流心卷边（7英寸）（4.90*1）,点击右上角❤️收藏得小吃[上校鸡块2个]（2.00*1）,餐盒（1.50*1）",榴莲王披萨+酸奶多多流心卷边7+上校鸡块2个,,,,非会员,20,,,依据餐量提供餐具,,58.90,21.79,30.00,0.00,0,0,2.06,0.00,3.50,【活动支出】店铺满减:1.00元+【活动支出】单品特价:18.10元+【活动支出】单品特价:1.90元+【活动支出】粉丝群:2.00元+【活动支出】饿了么红包:7.00元+【活动支出】替用户承担配送费:3.5元,-,-,-,1.50,温州区域,温州直营,,,否,-,平台配送
圣比萨（黄龙店）,SBS00008,温州,"8030350255527328209	",饿了么,平台外卖,已完成,2025-10-23 18:47:46,2025-10-23 18:47:46,2025-10-23 18:47:47,饿了么支付-在线支付,,即时单,2025-10-23 18:47:46,10.28,手动出餐,1,否,"【随心拼】7英寸双拼披萨(口味自选）[培根鸡肉+浪漫威尼斯]（26.90*1）,招牌肉酱意面（52.00*1）,餐盒（3.00*1）",双拼7寸【碳烤鸡肉培根口味7】+双拼7寸【浪漫威尼斯口味7】+招牌肉酱意面,,,,非会员,21,,,1份餐具,,78.90,34.24,36.10,0.00,0,0,3.21,0.00,3.50,【活动支出】店铺满减:1.00元+【活动支出】单品特价:26.10元+【活动支出】饿了么红包:9.00元+【活动支出】替用户承担配送费:3.5元,-,-,-,3.00,温州区域,温州直营,,,否,-,平台配送
圣比萨（黄龙店）,SBS00008,温州,"8023460255544169898	",饿了么,平台外卖,已完成,2025-10-23 19:39:43,2025-10-23 19:39:43,2025-10-23 19:39:43,饿了么支付-在线支付,,即时单,2025-10-23 19:39:43,15.15,自动出餐,1,否,"新奥尔良烤鸡肉披萨-7英寸(手拍)[{""name"":""规格"",""value"":""7英寸(手拍)""}]（23.90*1）,餐盒（2.00*1）",新奥尔良烤鸡肉披萨,,,,非会员,22,,,依据餐量提供餐具,,23.90,12.12,7.00,0.00,0,0,1.43,0.00,3.50,【活动支出】 商家自营销加码:2.00元+【活动支出】饿了么红包:5.00元+【活动支出】替用户承担配送费:3.5元,-,-,-,2.00,温州区域,温州直营,,,否,-,平台配送
圣比萨（黄龙店）,SBS00008,温州,"8028506089440694716	",饿了么,平台外卖,已完成,2025-10-23 19:55:07,2025-10-23 19:55:07,2025-10-23 19:55:08,饿了么支付-在线支付,,即时单,2025-10-23 19:55:07,15.15,自动出餐,1,否,"咖喱鸡肉芝士焗饭（25.90*1）,上校鸡块（4.90*1）,点击右上角❤️收藏得小吃[上校鸡块2个]（2.00*1）,餐盒（2.50*1）",咖喱鸡肉芝士焗饭+上校鸡块+上校鸡块2个,,,,非会员,23,,,依据餐量提供餐具,,32.80,18.69,8.90,0.00,0,0,1.76,0.00,3.50,【活动支出】单品特价:1.90元+【活动支出】饿了么红包:7.00元+【活动支出】替用户承担配送费:3.5元,-,-,-,2.50,温州区域,温州直营,,,否,-,平台配送
圣比萨（黄龙店）,SBS00008,温州,"8071806089419447764	",饿了么,平台外卖,已完成,2025-10-23 20:07:41,2025-10-23 20:07:41,2025-10-23 20:07:42,饿了么支付-在线支付,,即时单,2025-10-23 20:07:41,15.12,自动出餐,1,否,"奶酪芝士卷边（7英寸）（4.90*1）,新奥尔良烤鸡肉披萨-7英寸(手拍)[{""name"":""规格"",""value"":""7英寸(手拍)""}]（23.90*1）,【新客福利】蛋挞一个（原味）（5.00*1）,餐盒（2.50*1）",酸奶多多流心卷边9+新奥尔良烤鸡肉披萨+蛋挞1个,,,,非会员,24,,,依据餐量提供餐具,,33.80,17.67,11.01,0.00,0,0,1.67,0.00,3.50,【活动支出】单品特价:4.01元+【活动支出】饿了么红包:7.00元+【活动支出】替用户承担配送费:3.5元,-,-,-,2.50,温州区域,温州直营,,,否,-,平台配送
圣比萨（黄龙店）,SBS00008,温州,"8009110255460716850	",饿了么,平台外卖,已完成,2025-10-23 20:14:03,2025-10-23 20:14:03,2025-10-23 20:14:03,饿了么支付-在线支付,,即时单,2025-10-23 20:14:03,15.20,自动出餐,1,否,"奥尔良烤翅（9.90*1）,可乐[常温]（6.00*1）,美式香骨鸡（8.90*1）,番茄牛肉意面（25.90*1）,新奥尔良烤鸡肉披萨-7英寸(手拍)[{""name"":""规格"",""value"":""7英寸(手拍)""}]（23.90*1）,点击右上角❤️收藏得小吃[上校鸡块2个]（2.00*1）,餐盒（5.50*1）",奥尔良烤翅+可乐+美式香骨鸡+番茄牛肉意面+新奥尔良烤鸡肉披萨+上校鸡块2个,,,,非会员,25,,,2份餐具,,76.60,47.61,19.90,0.00,0,0,4.44,0.00,3.50,【活动支出】店铺满减:6.00元+【活动支出】单品特价:1.90元+【活动支出】饿了么红包:12.00元+【活动支出】替用户承担配送费:3.5元,-,-,-,5.50,温州区域,温州直营,,,否,-,平台配送
圣比萨（黄龙店）,SBS00008,温州,"8023090255553801698	",饿了么,平台外卖,已完成,2025-10-23 20:21:24,2025-10-23 20:21:24,2025-10-23 20:21:24,饿了么支付-在线支付,,即时单,2025-10-23 20:21:24,15.20,"初始值, 无意义",1,否,"缤纷水果披萨-7英寸(手拍)[{""name"":""规格"",""value"":""7英寸(手拍)""}]（42.00*1）,川香脆皮翅根-1个[{""name"":""规格"",""value"":""1个""}]（6.90*1）,【新客福利】蛋挞一个（原味）（5.00*1）,餐盒（2.50*1）",缤纷水果披萨+川香脆皮大翅根+蛋挞1个,,,,非会员,26,,,我自己到店拿 骑手不用来了哦 。 / 依据餐量提供餐具,,53.90,19.84,28.11,0.00,0,0,1.90,0.00,3.50,【活动支出】单品特价:16.10元+【活动支出】单品特价:4.01元+【活动支出】饿了么红包:8.00元+【活动支出】替用户承担配送费:3.5元,-,-,-,2.50,温州区域,温州直营,,,否,-,平台配送
圣比萨（黄龙店）,SBS00008,温州,"8059936089511331203	",饿了么,平台外卖,已完成,2025-10-23 22:32:08,2025-10-23 22:32:08,2025-10-23 22:32:09,饿了么支付-在线支付,,即时单,2025-10-23 22:32:08,10.88,手动出餐,1,否,"【随心拼】7英寸双拼披萨(口味自选）[水果+奥尔良]（26.90*1）,餐盒（2.00*1）",双拼7寸【缤纷水果口味7】+双拼7寸【奥尔良口味7】,,,,非会员,27,,,依据餐量提供餐具,,26.90,12.62,9.00,0.00,0,0,1.43,0.00,5.60,【活动支出】粉丝群:2.00元+【活动支出】饿了么红包:7.00元+【活动支出】替用户承担配送费:5.6元,-,-,-,2.00,温州区域,温州直营,,,否,-,平台配送
圣比萨（黄龙店）,SBS00008,温州,"8045010255604399593	",饿了么,平台外卖,已完成,2025-10-23 22:41:44,2025-10-23 22:41:44,2025-10-23 22:41:44,饿了么支付-在线支付,,即时单,2025-10-23 22:41:44,9.27,手动出餐,1,否,"缤纷芝士挞-菠萝味[{""name"":""规格"",""value"":""菠萝味""}]（5.90*1）,日系照烧鸡披萨-7英寸(手拍)[{""name"":""规格"",""value"":""7英寸(手拍)""}]（25.90*1）,餐盒（3.00*1）",缤纷芝士挞+日系照烧鸡披萨,,,,非会员,28,,,依据餐量提供餐具,,31.80,19.49,7.00,0.00,0,0,1.86,0.00,5.60,【活动支出】饿了么红包:7.00元+【活动支出】替用户承担配送费:5.6元,-,-,-,3.00,温州区域,温州直营,,,否,-,平台配送
圣比萨（黄龙店）,SBS00008,温州,"8070666089487188287	",饿了么,平台外卖,已完成,2025-10-23 23:08:52,2025-10-23 23:08:52,2025-10-23 23:08:52,饿了么支付-在线支付,,即时单,2025-10-23 23:08:52,10.40,手动出餐,1,否,"缤纷水果披萨-7英寸(手拍)[{""name"":""规格"",""value"":""7英寸(手拍)""}]（42.00*1）,红薯薯泥流心卷边（7英寸）（4.90*1）,餐盒（1.00*1）",缤纷水果披萨+红薯泥流心卷边7,,,,非会员,29,,,依据餐量提供餐具,,46.90,15.81,23.10,0.00,0,0,1.64,0.00,6.10,【活动支出】单品特价:16.10元+【活动支出】饿了么红包:7.00元+【活动支出】替用户承担配送费:6.0元,-,-,-,1.00,温州区域,温州直营,,,否,-,平台配送
圣比萨（玉环珠城路店）,SBS00027,台州,"8097946089110220134	",饿了么,平台外卖,已完成,2025-10-23 10:04:36,2025-10-23 10:04:36,2025-10-23 10:04:36,饿了么支付-在线支付,,即时单,2025-10-23 10:04:36,12.12,自动出餐,1,否,"奶酪芝士卷边（7英寸）（4.90*1）,【随心❤️拼】7英寸双拼披萨（口味自选）[奥尔良鸡肉+奥尔良鸡肉]（68.00*1）,餐盒（1.00*1）",奶酪芝士卷边7+双拼7寸【奥尔良口味7】+双拼7寸【奥尔良口味7】,,,,非会员,1,,,无需餐具,,72.90,15.26,48.10,0.00,0,0,1.64,0.00,5.60,【活动支出】单品特价:41.10元+【活动支出】饿了么红包:7.00元+【活动支出】替用户承担配送费:5.6元,-,-,-,1.00,台州区域,台州直营,,,否,-,平台配送
圣比萨（玉环珠城路店）,SBS00027,台州,"8074430255280738694	",饿了么,平台外卖,已完成,2025-10-23 11:01:12,2025-10-23 11:01:12,2025-10-23 11:01:12,饿了么支付-在线支付,,即时单,2025-10-23 11:01:12,12.12,自动出餐,1,否,"点击右上角❤️收藏得小吃[上校鸡块2个]（2.00*1）,点击右上角❤️收藏得小吃[上校鸡块2个]（2.00*1）,披萨随心配（60.40*1）,【圣比福利】蛋挞1个（5.00*1）,餐盒（2.00*1）",上校鸡块2个+上校鸡块2个+盐酥鸡米花小份+薯饼2个+地道肠1根+碳烤鸡肉培根披萨(7英寸(手拍))+蛋挞1个,,,,非会员,2,,,不要辣 / 依据餐量提供餐具,,69.40,18.13,45.31,0.00,0,0,1.66,0.00,3.30,【活动支出】单品特价:1.90元+【活动支出】单品特价:28.50元+【活动支出】单品特价:4.01元+【活动支出】精准营销:1.90元+【活动支出】超级会员专享红包:8.00元+【活动支出】 商家自营销加码:0.00元+【活动支出】粉丝群:1.00元+【活动支出】替用户承担配送费:3.3元,-,-,-,2.00,台州区域,台州直营,,,否,-,平台配送
圣比萨（玉环珠城路店）,SBS00027,台州,"8049706089193531763	",饿了么,平台外卖,已完成,2025-10-23 11:23:06,2025-10-23 11:23:06,2025-10-23 11:23:06,饿了么支付-在线支付,,即时单,2025-10-23 11:23:06,12.07,自动出餐,1,否,"奶酪芝士卷边（7英寸）（4.90*1）,【随心❤️拼】7英寸双拼披萨（口味自选）[奥尔良鸡肉+日系照烧]（68.00*1）,餐盒（1.00*1）",奶酪芝士卷边7+双拼7寸【奥尔良口味7】+双拼7寸【日系照烧口味7】,,,,非会员,3,,,依据餐量提供餐具,,72.90,18.51,48.10,0.00,0,0,1.69,0.00,2.30,【活动支出】单品特价:41.10元+【活动支出】超级会员专享红包:5.00元+【活动支出】 商家自营销加码:2.00元+【活动支出】替用户承担配送费:2.3元,-,-,-,1.00,台州区域,台州直营,,,否,-,平台配送
圣比萨（玉环珠城路店）,SBS00027,台州,"8057380255312970158	",饿了么,平台外卖,已完成,2025-10-23 11:24:22,2025-10-23 11:24:22,2025-10-23 11:24:22,饿了么支付-在线支付,,即时单,2025-10-23 11:24:22,12.13,自动出餐,1,否,"点击右上角❤️收藏得小吃[上校鸡块2个]（2.00*1）,披萨随心配（60.40*1）,【圣比福利】蛋挞1个（5.00*1）,餐盒（2.00*1）",上校鸡块2个+深海墨鱼丸2个+薯饼2个+地道肠1根+碳烤鸡肉培根披萨(7英寸(手拍))+蛋挞1个,,,,非会员,4,,,骑手麻烦看一看！！东西挂门把手上或者放地上   不用打电话敲门！！！！ / 依据餐量提供餐具,,67.40,19.61,42.41,0.00,0,0,1.78,0.00,2.30,【活动支出】单品特价:1.90元+【活动支出】单品特价:28.50元+【活动支出】单品特价:4.01元+【活动支出】超级会员专享红包:5.00元+【活动支出】 商家自营销加码:2.00元+【活动支出】粉丝群:1.00元+【活动支出】替用户承担配送费:2.3元,-,-,-,2.00,台州区域,台州直营,,,否,-,平台配送
圣比萨（玉环珠城路店）,SBS00027,台州,"8007716089338141050	",饿了么,平台外卖,已完成,2025-10-23 17:41:48,2025-10-23 17:41:48,2025-10-23 17:41:49,饿了么支付-在线支付,,即时单,2025-10-23 17:41:48,12.05,自动出餐,1,否,"榴莲王披萨-7英寸(经典手拍)[{""name"":""规格"",""value"":""7英寸(经典手拍)""}]（52.00*1）,奶酪芝士卷边（7英寸）（4.90*1）",榴莲王披萨+奶酪芝士卷边7,,,,非会员,5,,,依据餐量提供餐具,,56.90,20.69,28.10,0.00,0,0,1.91,0.00,2.30,【活动支出】店铺满减:1.00元+【活动支出】单品特价:18.10元+【活动支出】粉丝群:1.00元+【活动支出】饿了么红包:8.00元+【活动支出】替用户承担配送费:2.3元,-,-,-,0.00,台州区域,台州直营,,,否,-,平台配送
圣比萨（玉环珠城路店）,SBS00027,台州,"8027586089401998637	",饿了么,平台外卖,已完成,2025-10-23 18:35:13,2025-10-23 18:35:13,2025-10-23 18:35:13,饿了么支付-在线支付,,即时单,2025-10-23 18:35:13,12.05,自动出餐,1,否,奥尔良烤鸡肉披萨(7寸)-单点（20.41*1）,新奥尔良烤鸡肉披萨【7英寸(手拍)】,,,,非会员,6,,,1份餐具,,20.41,13.21,0.00,0.00,0,0,0.00,0.00,,【活动支出】拼团反圈活动:0.00元,-,-,-,0.00,台州区域,台州直营,,,否,-,平台配送
圣比萨（玉环珠城路店）,SBS00027,台州,"8070390255513874883	",饿了么,平台外卖,已完成,2025-10-23 18:38:33,2025-10-23 18:38:33,2025-10-23 18:38:33,饿了么支付-在线支付,,即时单,2025-10-23 18:38:33,12.15,自动出餐,1,否,"碳烤鸡肉培根披萨-9英寸(手拍)[{""name"":""规格"",""value"":""9英寸(手拍)""}]（78.00*1）",碳烤鸡肉培根披萨,,,,非会员,7,,,依据餐量提供餐具,,78.00,19.53,51.10,0.00,0,0,1.77,0.00,2.30,【活动支出】单品特价:44.10元+【活动支出】 商家自营销加码:2.00元+【活动支出】饿了么红包:5.00元+【活动支出】替用户承担配送费:2.3元,-,-,-,0.00,台州区域,台州直营,,,否,-,平台配送
圣比萨（玉环珠城路店）,SBS00027,台州,"8056300255620896097	",饿了么,平台外卖,已完成,2025-10-23 18:56:32,2025-10-23 18:56:32,2025-10-23 18:56:33,饿了么支付-在线支付,,即时单,2025-10-23 18:56:32,12.23,自动出餐,1,否,"缤纷水果披萨-7英寸(手拍)[{""name"":""规格"",""value"":""7英寸(手拍)""}]（42.00*1）",缤纷水果披萨,,,,非会员,8,,,2份餐具,,42.00,11.78,24.10,0.00,0,0,1.12,0.00,2.30,【活动支出】单品特价:16.10元+【活动支出】粉丝群:1.00元+【活动支出】饿了么红包:7.00元+【活动支出】替用户承担配送费:2.3元,-,-,-,0.00,台州区域,台州直营,,,否,-,平台配送
圣比萨（玉环珠城路店）,SBS00027,台州,"8060846089431919949	",饿了么,平台外卖,已完成,2025-10-23 19:21:08,2025-10-23 19:21:08,2025-10-23 19:21:08,饿了么支付-在线支付,,即时单,2025-10-23 19:21:08,12.23,自动出餐,1,否,奥尔良烤鸡肉披萨(7寸)-单点（20.41*1）,新奥尔良烤鸡肉披萨【7英寸(手拍)】,,,,非会员,9,,,依据餐量提供餐具,,20.41,13.21,0.00,0.00,0,0,0.00,0.00,,【活动支出】拼团反圈活动:0.00元,-,-,-,0.00,台州区域,台州直营,,,否,-,平台配送
圣比萨（玉环珠城路店）,SBS00027,台州,"8089450255632797173	",饿了么,平台外卖,已完成,2025-10-23 19:24:10,2025-10-23 19:24:10,2025-10-23 19:24:10,饿了么支付-在线支付,,即时单,2025-10-23 19:24:10,12.23,自动出餐,1,否,"碳烤鸡肉培根披萨-7英寸(手拍)[{""name"":""规格"",""value"":""7英寸(手拍)""}]（45.00*1）",碳烤鸡肉培根披萨,,,,非会员,10,,,无需餐具,,45.00,12.70,26.10,0.00,0,0,1.20,0.00,2.30,【活动支出】单品特价:19.10元+【活动支出】 商家自营销加码:2.00元+【活动支出】饿了么红包:5.00元+【活动支出】替用户承担配送费:2.3元,-,-,-,0.00,台州区域,台州直营,,,否,-,平台配送
圣比萨（玉环珠城路店）,SBS00027,台州,"8037240255636385139	",饿了么,平台外卖,已完成,2025-10-23 19:24:29,2025-10-23 19:24:29,2025-10-23 19:24:29,饿了么支付-在线支付,,即时单,2025-10-23 19:24:29,12.20,自动出餐,1,否,"奶酪芝士卷边（7英寸）（4.90*1）,【随心❤️拼】7英寸双拼披萨（口味自选）[培根鸡肉+奥尔良鸡肉]（68.00*1）,餐盒（1.00*1）",奶酪芝士卷边7+双拼7寸【碳烤鸡肉培根口味7】+双拼7寸【奥尔良口味7】,,,,非会员,11,,,1份餐具,,72.90,18.51,48.10,0.00,0,0,1.69,0.00,2.30,【活动支出】单品特价:41.10元+【活动支出】饿了么红包:7.00元+【活动支出】替用户承担配送费:2.3元,-,-,-,1.00,台州区域,台州直营,,,否,-,平台配送
圣比萨（玉环珠城路店）,SBS00027,台州,"8022160255472319966	",饿了么,平台外卖,已完成,2025-10-23 20:25:53,2025-10-23 20:25:53,2025-10-23 20:25:53,饿了么支付-在线支付,,即时单,2025-10-23 20:25:53,10.33,手动出餐,1,否,"榴莲王披萨-7英寸(经典手拍)[{""name"":""规格"",""value"":""7英寸(经典手拍)""}]（52.00*1）,点击右上角❤️收藏得小吃[上校鸡块2个]（2.00*1）,台式香烤地道肠（7.50*1）,深海墨鱼丸-3个[{""name"":""规格"",""value"":""3个""}]（10.60*1）,新奥尔良烤鸡肉披萨-7英寸(手拍)[{""name"":""规格"",""value"":""7英寸(手拍)""}]（58.00*1）,餐盒（4.00*1）",榴莲王披萨+上校鸡块2个+地道肠1根+深海墨鱼丸+新奥尔良烤鸡肉披萨,,,,非会员,12,,,依据餐量提供餐具,,130.10,41.01,79.20,0.00,0,0,3.79,0.00,2.30,【活动支出】店铺满减:6.00元+【活动支出】单品特价:18.10元+【活动支出】单品特价:1.90元+【活动支出】单品特价:3.00元+【活动支出】单品特价:4.10元+【活动支出】单品特价:34.10元+【活动支出】饿了么红包:12.00元+【活动支出】替用户承担配送费:2.3元,-,-,-,4.00,台州区域,台州直营,,,否,-,平台配送
圣比萨（玉环珠城路店）,SBS00027,台州,"8084816089460913499	",饿了么,平台外卖,已完成,2025-10-23 21:06:22,2025-10-23 21:06:22,2025-10-23 21:06:22,饿了么支付-在线支付,,即时单,2025-10-23 21:06:22,12.12,自动出餐,1,否,"奶酪芝士卷边（7英寸）（4.90*1）,【任选】披萨8选1+小吃5选1+饮品·[碳烤鸡肉培根7英寸+深海墨鱼丸3个+港式奶茶]（58.00*1）,餐盒（1.00*1）",奶酪芝士卷边7+碳烤鸡肉培根披萨【7英寸(手拍)】+深海墨鱼丸3个+港式奶茶,,,,非会员,13,,,依据餐量提供餐具,,62.90,20.47,34.10,0.00,0,0,1.93,0.00,3.80,【活动支出】单品特价:26.10元+【活动支出】饿了么红包:8.00元+【活动支出】替用户承担配送费:3.8元,-,-,-,1.00,台州区域,台州直营,,,否,-,平台配送
圣比萨（玉环珠城路店）,SBS00027,台州,"8004210255576453379	",饿了么,平台外卖,已完成,2025-10-23 21:15:14,2025-10-23 21:15:14,2025-10-23 21:15:14,饿了么支付-在线支付,,即时单,2025-10-23 21:15:14,12.08,自动出餐,1,否,"招牌肉酱意面（52.00*1）,薯饼3个（12.00*1）,餐盒（2.00*1）",招牌肉酱意面+薯饼,,,,非会员,14,,,1份餐具,用户申请取消单 临时有事，我不想要了，,64.00,24.42,28.50,0.00,0,0,2.48,0.00,6.00,【活动支出】店铺满减:1.00元+【活动支出】单品特价:27.50元+【活动支出】替用户承担配送费:6.0元,-,-,-,2.00,台州区域,台州直营,,,否,-,平台配送
圣比萨（玉环珠城路店）,SBS00027,台州,"8062656089447856462	",饿了么,平台外卖,已完成,2025-10-23 21:38:18,2025-10-23 21:38:18,2025-10-23 21:38:19,饿了么支付-在线支付,,即时单,2025-10-23 21:38:18,12.13,自动出餐,1,否,奥尔良烤鸡肉披萨(7寸)-单点（20.41*1）,新奥尔良烤鸡肉披萨【7英寸(手拍)】,,,,非会员,15,,,依据餐量提供餐具,,20.41,13.21,0.00,0.00,0,0,0.00,0.00,,【活动支出】拼团反圈活动:0.00元,-,-,-,0.00,台州区域,台州直营,,,否,-,平台配送
圣比萨（玉环珠城路店）,SBS00027,台州,"8075150255486533909	",饿了么,平台外卖,已完成,2025-10-23 21:44:34,2025-10-23 21:44:34,2025-10-23 21:44:35,饿了么支付-在线支付,,即时单,2025-10-23 21:44:34,12.18,自动出餐,1,否,"奶酪芝士卷边（7英寸）（4.90*1）,点击右上角❤️收藏得小吃[上校鸡块2个]（2.00*1）,【圣比福利】蛋挞1个（5.00*1）,【随心❤️拼】7英寸双拼披萨（口味自选）[奥尔良鸡肉+日系照烧]（68.00*1）,餐盒（2.00*1）",奶酪芝士卷边7+上校鸡块2个+蛋挞1个+双拼7寸【奥尔良口味7】+双拼7寸【日系照烧口味7】,,,,非会员,16,,,依据餐量提供餐具,,79.90,20.05,52.01,0.00,0,0,1.94,0.00,4.30,【活动支出】单品特价:4.01元+【活动支出】单品特价:41.10元+【活动支出】饿了么红包:5.00元+【活动支出】精准营销:1.90元+【活动支出】替用户承担配送费:4.3元,-,-,-,2.00,台州区域,台州直营,,,否,-,平台配送
圣比萨（桥下恒达广场店）,SBM00046,温州,"8066410255425108438	",饿了么,平台外卖,已完成,2025-10-23 15:05:53,2025-10-23 15:05:53,2025-10-23 15:05:53,饿了么支付-在线支付,,即时单,2025-10-23 15:05:53,14.72,手动出餐,1,否,"蛋挞（2个）（10.00*1）,7英寸披萨买一送一[缤纷水果披萨7英寸+圣比招牌披萨7英寸]（86.80*1）,餐盒（4.00*1）",蛋挞+缤纷水果披萨【7英寸(手拍)】+大圣招牌大满贯披萨【7英寸(手拍)】,,,,非会员,1,,,辣椒外带 / 依据餐量提供餐具,,96.80,43.69,41.00,0.00,0,0,5.96,0.00,3.90,【活动支出】店铺满减:6.00元+【活动支出】单品特价:1.10元+【活动支出】单品特价:26.90元+【活动支出】 商家自营销加码:2.00元+【活动支出】饿了么红包:5.00元+【活动支出】替用户承担配送费:3.9元,-,-,-,4.00,温州区域,温州加盟,,,否,-,平台配送
圣比萨（桥下恒达广场店）,SBM00046,温州,"8047996089303634330	",饿了么,平台外卖,已完成,2025-10-23 16:26:41,2025-10-23 16:26:41,2025-10-23 16:26:41,饿了么支付-在线支付,,即时单,2025-10-23 16:26:41,10.27,手动出餐,1,否,奥尔良烤鸡肉披萨(7寸)-单点（23.21*1）,新奥尔良烤鸡肉披萨【7英寸(手拍)】,,,,非会员,2,,,依据餐量提供餐具,,23.21,13.21,0.00,0.00,0,0,0.00,0.00,,【活动支出】拼团反圈活动:0.00元,-,-,-,0.00,温州区域,温州加盟,,,否,-,平台配送
圣比萨（桥下恒达广场店）,SBM00046,温州,"8077716089367015731	",饿了么,平台外卖,已完成,2025-10-23 16:46:35,2025-10-23 16:46:35,2025-10-23 16:46:35,饿了么支付-在线支付,,即时单,2025-10-23 16:46:35,9.40,手动出餐,1,否,"缤纷水果披萨-7英寸(手拍)[{""name"":""规格"",""value"":""7英寸(手拍)""}]（68.00*1）,餐盒（2.00*1）",缤纷水果披萨,,,,非会员,3,,,依据餐量提供餐具,,68.00,19.34,42.10,0.00,0,0,2.61,0.00,3.90,【活动支出】单品特价:35.10元+【活动支出】饿了么红包:7.00元+【活动支出】替用户承担配送费:3.9元,-,-,-,2.00,温州区域,温州加盟,,,否,-,平台配送
圣比萨（桥下恒达广场店）,SBM00046,温州,"8031470255474643378	",饿了么,平台外卖,已完成,2025-10-23 17:12:33,2025-10-23 17:12:33,2025-10-23 17:12:33,饿了么支付-在线支付,,即时单,2025-10-23 17:12:33,16.05,手动出餐,1,否,"榴莲王披萨-9英寸(经典手拍)[{""name"":""规格"",""value"":""9英寸(经典手拍)""}]（92.00*1）,餐盒（1.00*1）",榴莲王披萨,,,,非会员,4,,,依据餐量提供餐具,,92.00,32.15,48.10,0.00,0,0,4.40,0.00,3.90,【活动支出】店铺满减:1.00元+【活动支出】单品特价:35.10元+【活动支出】饿了么红包:12.00元+【活动支出】替用户承担配送费:3.9元,-,-,-,1.00,温州区域,温州加盟,,,否,-,平台配送
圣比萨（桥下恒达广场店）,SBM00046,温州,"8077470255513747853	",饿了么,平台外卖,已完成,2025-10-23 18:45:37,2025-10-23 18:45:37,2025-10-23 18:45:37,饿了么支付-在线支付,,即时单,2025-10-23 18:45:37,12.02,手动出餐,1,否,"榴莲披萨+奥尔良烤翅1对+饮品自选[榴莲披萨7英寸+奥尔良烤翅1对+柠檬茶]（88.00*1）,餐盒（2.00*1）",榴莲王披萨【7英寸(手拍)】+奥尔良烤翅+柠檬茶,,,,非会员,5,,,依据餐量提供餐具,,88.00,27.09,52.10,0.00,0,0,3.66,0.00,4.40,【活动支出】店铺满减:1.00元+【活动支出】单品特价:42.10元+【活动支出】饿了么红包:0.00元+【活动支出】饿了么红包:9.00元+【活动支出】替用户承担配送费:4.4元,-,-,-,2.00,温州区域,温州加盟,,,否,-,平台配送
圣比萨（桥下恒达广场店）,SBM00046,温州,"8014506089413130657	",饿了么,平台外卖,已完成,2025-10-23 19:03:07,2025-10-23 19:03:07,2025-10-23 19:03:08,饿了么支付-在线支付,,即时单,2025-10-23 19:03:07,9.63,手动出餐,1,否,奥尔良烤鸡肉披萨(7寸)-单点（23.21*1）,新奥尔良烤鸡肉披萨【7英寸(手拍)】,,,,非会员,6,,,不要洋葱，芝士多点，焦一点 / 依据餐量提供餐具,,23.21,13.21,0.00,0.00,0,0,0.00,0.00,,【活动支出】拼团反圈活动:0.00元,-,-,-,0.00,温州区域,温州加盟,,,否,-,平台配送
圣比萨（灵溪华侨路店）,SBS00005,温州,"8004706089158070727	",饿了么,平台外卖,已完成,2025-10-23 09:26:47,2025-10-23 09:26:47,2025-10-23 09:26:47,饿了么支付-在线支付,,预约单,2025-10-23 10:45:00,33.23,自动出餐,1,否,"新奥尔良烤鸡肉披萨-7英寸(经典手拍)[{""name"":""规格"",""value"":""7英寸(经典手拍)""}]（23.90*1）,餐盒（2.00*1）",新奥尔良烤鸡肉披萨,,,,非会员,1,,,2份餐具,,23.90,13.67,5.00,0.00,0,0,1.88,0.00,3.50,【活动支出】饿了么红包:5.00元+【活动支出】替用户承担配送费:3.5元,-,-,-,2.00,温州区域,温州直营,,,否,-,平台配送
圣比萨（灵溪华侨路店）,SBS00005,温州,"8077380255170190617	",饿了么,平台外卖,已完成,2025-10-23 10:44:29,2025-10-23 10:44:29,2025-10-23 10:44:29,饿了么支付-在线支付,,即时单,2025-10-23 10:44:29,6.98,扫码出餐,1,否,手握三选一-单点[奥尔良]（20.00*1）,奥尔良风情烤鸡肉一人食盒子披萨,,,,非会员,2,,,依据餐量提供餐具,,20.00,10.00,0.00,0.00,0,0,0.00,0.00,,【活动支出】爆品团通吃券:0.00元,-,-,-,0.00,温州区域,温州直营,,,否,-,平台配送
圣比萨（灵溪华侨路店）,SBS00005,温州,"8087320255269842279	",饿了么,平台外卖,已完成,2025-10-23 10:51:32,2025-10-23 10:51:32,2025-10-23 10:51:32,饿了么支付-在线支付,,即时单,2025-10-23 10:51:32,5.85,扫码出餐,1,否,"【任选】披萨随心配（31.90*1）,餐盒（2.00*1）",不加一+新奥尔良烤鸡肉披萨(7英寸(手拍))+不加一+地道肠1根+可乐,,,,非会员,3,,,依据餐量提供餐具,,31.90,19.34,6.00,0.00,0,0,2.61,0.00,3.50,【活动支出】饿了么红包:6.00元+【活动支出】替用户承担配送费:3.5元,-,-,-,2.00,温州区域,温州直营,,,否,-,平台配送
圣比萨（灵溪华侨路店）,SBS00005,温州,"8018556089181105639	",饿了么,平台外卖,已完成,2025-10-23 11:26:10,2025-10-23 11:26:10,2025-10-23 11:26:10,饿了么支付-在线支付,,即时单,2025-10-23 11:26:10,6.90,扫码出餐,1,否,"奶酪芝士卷边（7英寸）（4.90*1）,碳烤鸡肉培根披萨-7英寸(经典手拍)[{""name"":""规格"",""value"":""7英寸(经典手拍)""}]（25.90*1）,餐盒（2.00*1）",奶酪芝士卷边7+碳烤鸡肉培根披萨,,,,非会员,4,,,依据餐量提供餐具,,30.80,19.25,5.00,0.00,0,0,2.60,0.00,3.50,【活动支出】饿了么红包:5.00元+【活动支出】替用户承担配送费:3.5元,-,-,-,2.00,温州区域,温州直营,,,否,-,平台配送
圣比萨（灵溪华侨路店）,SBS00005,温州,"8081656089209203034	",饿了么,平台外卖,已完成,2025-10-23 11:31:08,2025-10-23 11:31:08,2025-10-23 11:31:09,饿了么支付-在线支付,,即时单,2025-10-23 11:31:08,6.40,扫码出餐,1,否,"榴莲王披萨-7英寸（经典手拍)[{""name"":""规格"",""value"":""7英寸（经典手拍)""}]（52.00*1）,餐盒（2.00*1）",榴莲王披萨,,,,非会员,5,,,依据餐量提供餐具,,52.00,24.40,18.10,0.00,0,0,3.45,0.00,4.50,【活动支出】单品特价:18.10元+【活动支出】替用户承担配送费:4.5元,-,-,-,2.00,温州区域,温州直营,,,否,-,平台配送
圣比萨（灵溪华侨路店）,SBS00005,温州,"8029130255227645297	",饿了么,平台外卖,已完成,2025-10-23 11:32:03,2025-10-23 11:32:03,2025-10-23 11:32:04,饿了么支付-在线支付,,即时单,2025-10-23 11:32:03,6.22,扫码出餐,1,否,"7英寸披萨买一送一[奥尔良鸡肉披萨7英寸+碳烤鸡肉培根7英寸]（86.80*1）,餐盒（2.00*1）",新奥尔良烤鸡肉披萨【7英寸(手拍)】+碳烤鸡肉培根披萨【7英寸(手拍)】,,,,非会员,6,,,依据餐量提供餐具,,86.80,23.51,54.90,0.00,0,0,3.24,0.00,3.50,【活动支出】店铺满减:1.00元+【活动支出】单品特价:44.90元+【活动支出】粉丝群:1.00元+【活动支出】饿了么红包:8.00元+【活动支出】替用户承担配送费:3.5元,-,-,-,2.00,温州区域,温州直营,,,否,-,平台配送
圣比萨（灵溪华侨路店）,SBS00005,温州,"8028460255328259428	",饿了么,平台外卖,已完成,2025-10-23 11:45:09,2025-10-23 11:45:09,2025-10-23 11:45:09,饿了么支付-在线支付,,即时单,2025-10-23 11:45:09,10.63,手动出餐,1,否,"明星小食桶B（19.90*1）,新奥尔良烤鸡肉披萨-7英寸(经典手拍)[{""name"":""规格"",""value"":""7英寸(经典手拍)""}]（23.90*1）,餐盒（4.00*1）",明星小食桶B+新奥尔良烤鸡肉披萨,,,,非会员,7,,,依据餐量提供餐具,,43.80,25.49,9.00,0.00,0,0,3.76,0.00,6.20,【活动支出】店铺满减:1.00元+【活动支出】超级会员专享红包:8.00元+【活动支出】 商家自营销加码:0.00元+【活动支出】替用户承担配送费:6.0元,-,-,-,4.00,温州区域,温州直营,,,否,-,平台配送
圣比萨（灵溪华侨路店）,SBS00005,温州,"8007440255247245819	",饿了么,平台外卖,已完成,2025-10-23 11:53:32,2025-10-23 11:53:32,2025-10-23 11:53:33,饿了么支付-在线支付,,即时单,2025-10-23 11:53:32,6.93,扫码出餐,1,否,"榴莲王披萨-9英寸(经典手拍)[{""name"":""规格"",""value"":""9英寸(经典手拍)""}]（92.00*1）",榴莲王披萨,,,,非会员,8,,,依据餐量提供餐具,,92.00,29.35,50.90,0.00,0,0,4.00,0.00,3.50,【活动支出】单品特价:50.90元+【活动支出】替用户承担配送费:3.5元,-,-,-,0.00,温州区域,温州直营,,,否,-,平台配送
圣比萨（灵溪华侨路店）,SBS00005,温州,"8024410255342396901	",饿了么,平台外卖,已完成,2025-10-23 12:02:41,2025-10-23 12:02:41,2025-10-23 12:02:41,饿了么支付-在线支付,,即时单,2025-10-23 12:02:41,6.38,扫码出餐,1,否,"新奥尔良烤鸡肉披萨-7英寸(经典手拍)[{""name"":""规格"",""value"":""7英寸(经典手拍)""}]（23.90*1）,餐盒（2.00*1）",新奥尔良烤鸡肉披萨,,,,非会员,9,,,依据餐量提供餐具,,23.90,14.35,0,0.00,0,0,2.40,0.00,7.40,-,-,-,-,2.00,温州区域,温州直营,,,否,-,平台配送
圣比萨（灵溪华侨路店）,SBS00005,温州,"8045966089259967900	",饿了么,平台外卖,已完成,2025-10-23 12:26:56,2025-10-23 12:26:56,2025-10-23 12:26:56,饿了么支付-在线支付,,即时单,2025-10-23 12:26:56,6.85,扫码出餐,1,否,"大圣招牌大满贯披萨-7英寸(经典手拍)[{""name"":""规格"",""value"":""7英寸(经典手拍)""}]（33.90*1）,经典薯条（8.90*1）,餐盒（4.00*1）",大圣招牌大满贯披萨+经典薯条,,,,非会员,10,,,依据餐量提供餐具,,42.80,25.20,9.00,0.00,0,0,3.65,0.00,5.60,【活动支出】店铺满减:1.00元+【活动支出】饿了么红包:8.00元+【活动支出】替用户承担配送费:5.6元,-,-,-,4.00,温州区域,温州直营,,,否,-,平台配送
圣比萨（灵溪华侨路店）,SBS00005,温州,"8053410255376111924	",饿了么,平台外卖,已完成,2025-10-23 13:03:50,2025-10-23 13:03:50,2025-10-23 13:03:51,饿了么支付-在线支付,,即时单,2025-10-23 13:03:50,7.12,扫码出餐,1,否,新奥尔良烤鸡肉披萨7寸-单点（20.00*1）,新奥尔良烤鸡肉披萨【7英寸(手拍)】,,,,非会员,11,,,依据餐量提供餐具,,20.00,10.00,0.00,0.00,0,0,0.00,0.00,,【活动支出】爆品团通吃券:0.00元,-,-,-,0.00,温州区域,温州直营,,,否,-,平台配送
圣比萨（灵溪华侨路店）,SBS00005,温州,"8049756089273419240	",饿了么,平台外卖,已完成,2025-10-23 13:10:11,2025-10-23 13:10:11,2025-10-23 13:10:12,饿了么支付-在线支付,,即时单,2025-10-23 13:10:11,5.07,扫码出餐,1,否,番茄牛肉意面-单点（22.59*1）,番茄牛肉意面,,,,非会员,12,,,1份餐具,,22.59,12.59,0.00,0.00,0,0,0.00,0.00,,【活动支出】拼团反圈活动:0.00元,-,-,-,0.00,温州区域,温州直营,,,否,-,平台配送
圣比萨（灵溪华侨路店）,SBS00005,温州,"8013546089278743995	",饿了么,平台外卖,已完成,2025-10-23 13:10:35,2025-10-23 13:10:35,2025-10-23 13:10:35,饿了么支付-在线支付,,即时单,2025-10-23 13:10:35,6.65,扫码出餐,1,否,新奥尔良烤鸡肉披萨7寸-单点（20.00*1）,新奥尔良烤鸡肉披萨【7英寸(手拍)】,,,,非会员,13,,,依据餐量提供餐具,,20.00,10.00,0.00,0.00,0,0,0.00,0.00,,【活动支出】拼团反圈活动:0.00元,-,-,-,0.00,温州区域,温州直营,,,否,-,平台配送
圣比萨（灵溪华侨路店）,SBS00005,温州,"8046490255390271852	",饿了么,平台外卖,已完成,2025-10-23 13:44:00,2025-10-23 13:44:00,2025-10-23 13:44:00,饿了么支付-在线支付,,即时单,2025-10-23 13:44:00,6.78,扫码出餐,1,否,新奥尔良烤鸡肉披萨7寸-单点（20.00*1）,新奥尔良烤鸡肉披萨【7英寸(手拍)】,,,,非会员,14,,,依据餐量提供餐具,,20.00,10.00,0.00,0.00,0,0,0.00,0.00,,【活动支出】拼团反圈活动:0.00元,-,-,-,0.00,温州区域,温州直营,,,否,-,平台配送
圣比萨（灵溪华侨路店）,SBS00005,温州,"8034986089262167303	",饿了么,平台外卖,已完成,2025-10-23 13:51:31,2025-10-23 13:51:31,2025-10-23 13:51:32,饿了么支付-在线支付,,即时单,2025-10-23 13:51:31,3.95,扫码出餐,1,否,"番茄培根意面（25.90*1）,餐盒（2.00*1）",番茄培根意面,,,,非会员,15,,,1份餐具,,25.90,13.67,7.00,0.00,0,0,1.88,0.00,3.50,【活动支出】饿了么红包:7.00元+【活动支出】替用户承担配送费:3.5元,-,-,-,2.00,温州区域,温州直营,,,否,-,平台配送
圣比萨（灵溪华侨路店）,SBS00005,温州,"8011050255505060288	",饿了么,平台外卖,已完成,2025-10-23 14:38:33,2025-10-23 14:38:33,2025-10-23 14:38:33,饿了么支付-在线支付,,即时单,2025-10-23 14:38:33,5.78,扫码出餐,1,否,"新奥尔良烤鸡肉披萨-9英寸(经典手拍)[{""name"":""规格"",""value"":""9英寸(经典手拍)""}]（39.90*1）,餐盒（2.00*1）",新奥尔良烤鸡肉披萨,,,,非会员,16,,,依据餐量提供餐具,,39.90,20.52,10.00,0.00,0,0,3.03,0.00,6.20,【活动支出】店铺满减:1.00元+【活动支出】粉丝群:1.00元+【活动支出】饿了么红包:8.00元+【活动支出】替用户承担配送费:6.0元,-,-,-,2.00,温州区域,温州直营,,,否,-,平台配送
圣比萨（灵溪华侨路店）,SBS00005,温州,"8030000255320614383	",饿了么,平台外卖,已完成,2025-10-23 14:46:11,2025-10-23 14:46:11,2025-10-23 14:46:12,饿了么支付-在线支付,,即时单,2025-10-23 14:46:11,10.07,自动出餐,1,否,"榴莲王披萨-9英寸(经典手拍)[{""name"":""规格"",""value"":""9英寸(经典手拍)""}]（92.00*1）,餐盒（2.00*1）",榴莲王披萨,,,,非会员,17,,,依据餐量提供餐具,,92.00,28.06,50.10,0.00,0,0,4.29,0.00,6.80,【活动支出】店铺满减:1.00元+【活动支出】单品特价:42.10元+【活动支出】超级会员专享红包:5.00元+【活动支出】 商家自营销加码:2.00元+【活动支出】替用户承担配送费:6.0元,-,-,-,2.00,温州区域,温州直营,,,否,-,平台配送
圣比萨（灵溪华侨路店）,SBS00005,温州,"8013546089320566208	",饿了么,平台外卖,已完成,2025-10-23 15:09:36,2025-10-23 15:09:36,2025-10-23 15:09:36,饿了么支付-在线支付,,即时单,2025-10-23 15:09:36,6.10,手动出餐,1,否,新奥尔良烤鸡肉披萨7寸-单点（20.00*1）,新奥尔良烤鸡肉披萨【7英寸(手拍)】,,,,非会员,18,,,依据餐量提供餐具,,20.00,10.00,0.00,0.00,0,0,0.00,0.00,,【活动支出】拼团反圈活动:0.00元,-,-,-,0.00,温州区域,温州直营,,,否,-,平台配送
圣比萨（灵溪华侨路店）,SBS00005,温州,"8025430255331098025	",饿了么,平台外卖,已完成,2025-10-23 15:14:28,2025-10-23 15:14:28,2025-10-23 15:14:28,饿了么支付-在线支付,,预约单,2025-10-23 17:25:00,79.02,手动出餐,1,否,"黑椒牛肉芝士焗饭（30.90*1）,餐盒（2.00*1）",黑椒牛肉芝士焗饭,,,,非会员,19,,,帮我挂门上 / 依据餐量提供餐具,,30.90,17.55,7.00,0.00,0,0,2.40,0.00,4.00,【活动支出】 商家自营销加码:2.00元+【活动支出】饿了么红包:5.00元+【活动支出】替用户承担配送费:4.0元,-,-,-,2.00,温州区域,温州直营,,,否,-,平台配送
圣比萨（灵溪华侨路店）,SBS00005,温州,"8028786089364591945	",饿了么,平台外卖,已完成,2025-10-23 16:32:36,2025-10-23 16:32:36,2025-10-23 16:32:36,饿了么支付-在线支付,,即时单,2025-10-23 16:32:36,10.12,扫码出餐,1,否,"榴莲王披萨-7英寸（经典手拍)[{""name"":""规格"",""value"":""7英寸（经典手拍)""}]（52.00*1）,餐盒（2.00*1）",榴莲王披萨,,,,非会员,20,,,依据餐量提供餐具,,52.00,18.44,26.10,0.00,0,0,2.61,0.00,5.00,【活动支出】单品特价:18.10元+【活动支出】饿了么红包:8.00元+【活动支出】替用户承担配送费:5.0元,-,-,-,2.00,温州区域,温州直营,,,否,-,平台配送
圣比萨（灵溪华侨路店）,SBS00005,温州,"8001490255354911046	",饿了么,平台外卖,已完成,2025-10-23 16:43:38,2025-10-23 16:43:38,2025-10-23 16:43:38,饿了么支付-在线支付,,即时单,2025-10-23 16:43:38,8.27,扫码出餐,1,否,手握三选一-单点[奥尔良]（20.00*1）,奥尔良风情烤鸡肉一人食盒子披萨,,,,非会员,21,,,依据餐量提供餐具,,20.00,10.00,0.00,0.00,0,0,0.00,0.00,,【活动支出】拼团反圈活动:0.00元,-,-,-,0.00,温州区域,温州直营,,,否,-,平台配送
圣比萨（灵溪华侨路店）,SBS00005,温州,"8028450255360997802	",饿了么,平台外卖,已完成,2025-10-23 16:43:52,2025-10-23 16:43:52,2025-10-23 16:43:53,饿了么支付-在线支付,,即时单,2025-10-23 16:43:52,9.07,扫码出餐,1,否,"新奥尔良烤鸡肉披萨-9英寸(经典手拍)[{""name"":""规格"",""value"":""9英寸(经典手拍)""}]（39.90*1）,餐盒（2.00*1）",新奥尔良烤鸡肉披萨,,,,非会员,22,,,依据餐量提供餐具,,39.90,22.32,10.00,0.00,0,0,3.03,0.00,4.00,【活动支出】店铺满减:1.00元+【活动支出】饿了么红包:9.00元+【活动支出】替用户承担配送费:4.0元,-,-,-,2.00,温州区域,温州直营,,,否,-,平台配送
圣比萨（灵溪华侨路店）,SBS00005,温州,"8033716089310334425	",饿了么,平台外卖,已完成,2025-10-23 16:52:17,2025-10-23 16:52:17,2025-10-23 16:52:17,饿了么支付-在线支付,,即时单,2025-10-23 16:52:17,7.60,扫码出餐,1,否,"招牌肉酱芝士焗饭（52.00*1）,餐盒（2.00*1）",招牌肉酱芝士焗饭,,,,非会员,23,,,依据餐量提供餐具,,52.00,15.76,30.10,0.00,0,0,2.19,0.00,3.50,【活动支出】单品特价:23.10元+【活动支出】超级会员专享红包:5.00元+【活动支出】 商家自营销加码:2.00元+【活动支出】替用户承担配送费:3.5元,-,-,-,2.00,温州区域,温州直营,,,否,-,平台配送
圣比萨（灵溪华侨路店）,SBS00005,温州,"8077220255366021588	",饿了么,平台外卖,已完成,2025-10-23 17:10:24,2025-10-23 17:10:24,2025-10-23 17:10:25,饿了么支付-在线支付,,即时单,2025-10-23 17:10:24,6.60,手动出餐,1,否,"玉米沙拉披萨-7英寸(经典手拍)[{""name"":""规格"",""value"":""7英寸(经典手拍)""}]（25.90*1）,餐盒（2.00*1）",玉米沙拉披萨,,,,非会员,24,,,到了打电话13646535083 / 依据餐量提供餐具,,25.90,13.67,7.00,0.00,0,0,1.88,0.00,3.50,【活动支出】 商家自营销加码:2.00元+【活动支出】饿了么红包:5.00元+【活动支出】替用户承担配送费:3.5元,-,-,-,2.00,温州区域,温州直营,,,否,-,平台配送
圣比萨（灵溪华侨路店）,SBS00005,温州,"8049946089365596554	",饿了么,平台外卖,已完成,2025-10-23 17:12:42,2025-10-23 17:12:42,2025-10-23 17:12:43,饿了么支付-在线支付,,即时单,2025-10-23 17:12:42,4.33,手动出餐,1,否,"炙热牛魔王披萨-7英寸(经典手拍)[{""name"":""规格"",""value"":""7英寸(经典手拍)""}]（45.88*1）,餐盒（2.00*1）",炙热牛魔王披萨,,,,非会员,25,,,3份餐具,,45.88,16.65,22.98,0.00,0,0,2.30,0.00,3.50,【活动支出】单品特价:15.98元+【活动支出】饿了么红包:7.00元+【活动支出】替用户承担配送费:3.5元,-,-,-,2.00,温州区域,温州直营,,,否,-,平台配送
圣比萨（灵溪华侨路店）,SBS00005,温州,"8045280255561169156	",饿了么,平台外卖,已完成,2025-10-23 17:21:32,2025-10-23 17:21:32,2025-10-23 17:21:32,饿了么支付-在线支付,,即时单,2025-10-23 17:21:32,9.23,扫码出餐,1,否,"【任选】披萨随心配（43.70*1）,餐盒（2.00*1）",不加一+榴莲王披萨(7英寸(手拍))+不加一+现烤蛋挞(1个)+芒果汁,,,,非会员,26,,,依据餐量提供餐具,,43.70,26.01,9.00,0.00,0,0,3.54,0.00,3.50,【活动支出】店铺满减:1.00元+【活动支出】饿了么红包:8.00元+【活动支出】替用户承担配送费:3.5元,-,-,-,2.00,温州区域,温州直营,,,否,-,平台配送
圣比萨（灵溪华侨路店）,SBS00005,温州,"8057260255461949702	",饿了么,平台外卖,已完成,2025-10-23 17:27:19,2025-10-23 17:27:19,2025-10-23 17:27:19,饿了么支付-在线支付,,即时单,2025-10-23 17:27:19,7.55,扫码出餐,1,否,奥尔良烤鸡肉披萨(7寸)-单点（23.21*1）,新奥尔良烤鸡肉披萨【7英寸(手拍)】,,,,非会员,27,,,依据餐量提供餐具,,23.21,13.21,0.00,0.00,0,0,0.00,0.00,,【活动支出】拼团反圈活动:0.00元,-,-,-,0.00,温州区域,温州直营,,,否,-,平台配送
圣比萨（灵溪华侨路店）,SBS00005,温州,"8099946089369393661	",饿了么,平台外卖,已完成,2025-10-23 17:27:27,2025-10-23 17:27:27,2025-10-23 17:27:28,饿了么支付-在线支付,,即时单,2025-10-23 17:27:27,7.95,扫码出餐,1,否,"缤纷水果披萨-9英寸(经典手拍)[{""name"":""规格"",""value"":""9英寸(经典手拍)""}]（70.00*1）,餐盒（2.00*1）",缤纷水果披萨,,,,非会员,28,,,2份餐具,,70.00,23.21,39.10,0.00,0,0,3.14,0.00,3.50,【活动支出】店铺满减:1.00元+【活动支出】单品特价:30.10元+【活动支出】饿了么红包:8.00元+【活动支出】替用户承担配送费:3.5元,-,-,-,2.00,温州区域,温州直营,,,否,-,平台配送
圣比萨（灵溪华侨路店）,SBS00005,温州,"8055350255571380629	",饿了么,平台外卖,已完成,2025-10-23 17:35:22,2025-10-23 17:35:22,2025-10-23 17:35:23,饿了么支付-在线支付,,即时单,2025-10-23 17:35:22,8.70,扫码出餐,1,否,【买一送一】买披萨送披萨[奥尔良鸡肉披萨7英寸+碳烤鸡肉培根7英寸]（86.80*1）,新奥尔良烤鸡肉披萨【7英寸(手拍)】+碳烤鸡肉培根披萨【7英寸(手拍)】,,,,非会员,29,,,依据餐量提供餐具,,86.80,20.52,54.90,0.00,0,0,3.03,0.00,5.60,【活动支出】单品特价:54.90元+【活动支出】替用户承担配送费:5.6元,-,-,-,0.00,温州区域,温州直营,,,否,-,平台配送
圣比萨（灵溪华侨路店）,SBS00005,温州,"8074020255471463828	",饿了么,平台外卖,已完成,2025-10-23 17:40:16,2025-10-23 17:40:16,2025-10-23 17:40:17,饿了么支付-在线支付,,即时单,2025-10-23 17:40:16,8.97,扫码出餐,1,否,"【任选】披萨随心配（37.80*1）,餐盒（2.00*1）",金丝鸡排+日系照烧鸡披萨(7英寸(手拍))+不加一+现烤蛋挞(1个)+芒果汁,,,,非会员,30,,,无需餐具,,37.80,22.23,8.00,0.00,0,0,3.02,0.00,3.50,【活动支出】店铺满减:1.00元+【活动支出】 商家自营销加码:2.00元+【活动支出】饿了么红包:5.00元+【活动支出】替用户承担配送费:3.5元,-,-,-,2.00,温州区域,温州直营,,,否,-,平台配送
圣比萨（灵溪华侨路店）,SBS00005,温州,"8021896089373194524	",饿了么,平台外卖,已完成,2025-10-23 17:41:13,2025-10-23 17:41:13,2025-10-23 17:41:14,饿了么支付-在线支付,,即时单,2025-10-23 17:41:13,10.70,扫码出餐,1,否,新奥尔良烤鸡肉披萨7寸-单点（20.00*1）,新奥尔良烤鸡肉披萨【7英寸(手拍)】,,,,非会员,31,,,依据餐量提供餐具,,20.00,10.00,0.00,0.00,0,0,0.00,0.00,,【活动支出】拼团反圈活动:0.00元,-,-,-,0.00,温州区域,温州直营,,,否,-,平台配送
圣比萨（灵溪华侨路店）,SBS00005,温州,"8024350255387366754	",饿了么,平台外卖,已完成,2025-10-23 17:41:49,2025-10-23 17:41:49,2025-10-23 17:41:49,饿了么支付-在线支付,,即时单,2025-10-23 17:41:49,10.10,扫码出餐,1,否,新奥尔良烤鸡肉披萨7寸-单点（20.00*1）,新奥尔良烤鸡肉披萨【7英寸(手拍)】,,,,非会员,32,,,依据餐量提供餐具,,20.00,10.00,0.00,0.00,0,0,0.00,0.00,,【活动支出】爆品团通吃券:0.00元,-,-,-,0.00,温州区域,温州直营,,,否,-,平台配送
圣比萨（灵溪华侨路店）,SBS00005,温州,"8026350255487282474	",饿了么,平台外卖,已完成,2025-10-23 17:47:20,2025-10-23 17:47:20,2025-10-23 17:47:20,饿了么支付-在线支付,,即时单,2025-10-23 17:47:20,7.55,扫码出餐,1,否,"招牌肉酱芝士焗饭（52.00*1）,餐盒（2.00*1）",招牌肉酱芝士焗饭,,,,非会员,33,,,依据餐量提供餐具,,52.00,15.76,30.10,0.00,0,0,2.19,0.00,4.00,【活动支出】单品特价:23.10元+【活动支出】饿了么红包:7.00元+【活动支出】替用户承担配送费:4.0元,-,-,-,2.00,温州区域,温州直营,,,否,-,平台配送
圣比萨（灵溪华侨路店）,SBS00005,温州,"8006460255496834539	",饿了么,平台外卖,已完成,2025-10-23 17:56:25,2025-10-23 17:56:25,2025-10-23 17:56:26,饿了么支付-在线支付,,即时单,2025-10-23 17:56:25,6.98,手动出餐,1,否,新奥尔良烤鸡肉披萨7寸-单点（20.00*1）,新奥尔良烤鸡肉披萨【7英寸(手拍)】,,,,非会员,34,,,依据餐量提供餐具,,20.00,10.00,0.00,0.00,0,0,0.00,0.00,,【活动支出】拼团反圈活动:0.00元,-,-,-,0.00,温州区域,温州直营,,,否,-,平台配送
圣比萨（灵溪华侨路店）,SBS00005,温州,"8040896089411226965	",饿了么,平台外卖,已完成,2025-10-23 18:02:45,2025-10-23 18:02:45,2025-10-23 18:02:45,饿了么支付-在线支付,,即时单,2025-10-23 18:02:45,3.98,扫码出餐,1,否,"番茄牛肉意面（25.90*1）,餐盒（2.00*1）",番茄牛肉意面,,,,非会员,35,,,无需餐具,,25.90,11.88,8.00,0.00,0,0,1.77,0.00,4.50,【活动支出】粉丝群:1.00元+【活动支出】饿了么红包:7.00元+【活动支出】替用户承担配送费:4.5元,-,-,-,2.00,温州区域,温州直营,,,否,-,平台配送
圣比萨（灵溪华侨路店）,SBS00005,温州,"8031716089420165471	",饿了么,平台外卖,已完成,2025-10-23 18:21:01,2025-10-23 18:21:01,2025-10-23 18:21:02,饿了么支付-在线支付,,即时单,2025-10-23 18:21:01,9.93,扫码出餐,1,否,新奥尔良烤鸡肉披萨7寸-单点（20.00*1）,新奥尔良烤鸡肉披萨【7英寸(手拍)】,,,,非会员,36,,,1份餐具,,20.00,10.00,0.00,0.00,0,0,0.00,0.00,,【活动支出】爆品团通吃券:0.00元,-,-,-,0.00,温州区域,温州直营,,,否,-,平台配送
圣比萨（灵溪华侨路店）,SBS00005,温州,"8050060255518568829	",饿了么,平台外卖,已完成,2025-10-23 18:45:16,2025-10-23 18:45:16,2025-10-23 18:45:16,饿了么支付-在线支付,,即时单,2025-10-23 18:45:16,7.23,扫码出餐,1,否,"【随心❤️拼】7英寸双拼披萨(口味自选）[奥尔良+水果]（26.90*1）,港式奶茶[冷]（9.00*2）,餐盒（4.00*1）",双拼7寸【奥尔良口味7】+双拼7寸【缤纷水果口味7】+港式奶茶,,,,非会员,37,,,依据餐量提供餐具,,44.90,26.48,10.00,0.00,0,0,3.77,0.00,4.50,【活动支出】店铺满减:1.00元+【活动支出】饿了么红包:9.00元+【活动支出】替用户承担配送费:4.5元,-,-,-,4.00,温州区域,温州直营,,,否,-,平台配送
圣比萨（灵溪华侨路店）,SBS00005,温州,"8093866089415354783	",饿了么,平台外卖,已完成,2025-10-23 18:46:03,2025-10-23 18:46:03,2025-10-23 18:46:03,饿了么支付-在线支付,,预约单,2025-10-23 19:55:00,19.80,扫码出餐,1,否,"现烤蛋挞-2个[{""name"":""规格"",""value"":""2个""}]（6.90*1）,地道肠（3.90*1）,蛋挞一个（原味）（3.90*1）,榴莲王披萨-9英寸(经典手拍)[{""name"":""规格"",""value"":""9英寸(经典手拍)""}]（92.00*1）,餐盒（5.50*1）",现烤蛋挞+地道肠1根+蛋挞1个+榴莲王披萨,,,,非会员,38,,,依据餐量提供餐具,,106.70,33.60,64.01,0.00,0,0,4.74,0.00,5.00,【活动支出】店铺满减:6.00元+【活动支出】单品特价:2.91元+【活动支出】单品特价:42.10元+【活动支出】粉丝群:1.00元+【活动支出】饿了么红包:12.00元+【活动支出】替用户承担配送费:5.0元,-,-,-,5.50,温州区域,温州直营,,,否,-,平台配送
圣比萨（灵溪华侨路店）,SBS00005,温州,"8064936089421328882	",饿了么,平台外卖,已完成,2025-10-23 18:47:44,2025-10-23 18:47:44,2025-10-23 18:47:44,饿了么支付-在线支付,,即时单,2025-10-23 18:47:44,9.17,扫码出餐,1,否,"缤纷芝士挞-菠萝味[{""name"":""规格"",""value"":""菠萝味""}]（5.90*1）,番茄牛肉意面（25.90*1）,烤甜玉米（8.90*1）,餐盒（5.00*1）",缤纷芝士挞+番茄牛肉意面+烤甜玉米,,,,非会员,39,,,无需餐具,,40.70,31.97,1.00,0.00,0,0,4.38,0.00,3.50,【活动支出】店铺满减:1.00元+【活动支出】替用户承担配送费:3.5元,-,-,-,5.00,温州区域,温州直营,,,否,-,平台配送
圣比萨（灵溪华侨路店）,SBS00005,温州,"8021896089381607689	",饿了么,平台外卖,已完成,2025-10-23 18:52:49,2025-10-23 18:52:49,2025-10-23 18:52:49,饿了么支付-在线支付,,即时单,2025-10-23 18:52:49,8.13,扫码出餐,1,否,新奥尔良烤鸡肉披萨7寸-单点（20.00*1）,新奥尔良烤鸡肉披萨【7英寸(手拍)】,,,,非会员,40,,,依据餐量提供餐具,,20.00,10.00,0.00,0.00,0,0,0.00,0.00,,【活动支出】拼团反圈活动:0.00元,-,-,-,0.00,温州区域,温州直营,,,否,-,平台配送
圣比萨（灵溪华侨路店）,SBS00005,温州,"8078490255536080233	",饿了么,平台外卖,已完成,2025-10-23 19:00:15,2025-10-23 19:00:15,2025-10-23 19:00:15,饿了么支付-在线支付,,即时单,2025-10-23 19:00:15,8.47,扫码出餐,1,否,"奥尔良烤翅（9.90*1）,新奥尔良烤鸡肉披萨-9英寸(经典手拍)[{""name"":""规格"",""value"":""9英寸(经典手拍)""}]（39.90*1）,餐盒（4.00*1）",奥尔良烤翅+新奥尔良烤鸡肉披萨,,,,非会员,41,,,依据餐量提供餐具,,49.80,28.18,13.00,0.00,0,0,3.97,0.00,4.50,【活动支出】店铺满减:1.00元+【活动支出】饿了么红包:12.00元+【活动支出】替用户承担配送费:4.5元,-,-,-,4.00,温州区域,温州直营,,,否,-,平台配送
圣比萨（灵溪华侨路店）,SBS00005,温州,"8027806089412879685	",饿了么,平台外卖,已完成,2025-10-23 19:01:03,2025-10-23 19:01:03,2025-10-23 19:01:03,饿了么支付-在线支付,,即时单,2025-10-23 19:01:03,11.35,扫码出餐,1,否,"奶酪芝士卷边（7英寸）（4.90*1）,新奥尔良烤鸡肉披萨-7英寸(经典手拍)[{""name"":""规格"",""value"":""7英寸(经典手拍)""}]（23.90*1）,餐盒（2.00*1）",奶酪芝士卷边7+新奥尔良烤鸡肉披萨,,,,非会员,42,,,依据餐量提供餐具,,28.80,15.67,7.00,0.00,0,0,2.18,0.00,3.50,【活动支出】饿了么红包:7.00元+【活动支出】替用户承担配送费:3.5元,-,-,-,2.00,温州区域,温州直营,,,否,-,平台配送
圣比萨（灵溪华侨路店）,SBS00005,温州,"8033160255438292477	",饿了么,平台外卖,已完成,2025-10-23 19:06:02,2025-10-23 19:06:02,2025-10-23 19:06:03,饿了么支付-在线支付,,即时单,2025-10-23 19:06:02,9.73,扫码出餐,1,否,"咸蛋黄风味流沙卷边（7英寸）（4.90*1）,缤纷水果披萨-7英寸(经典手拍)[{""name"":""规格"",""value"":""7英寸(经典手拍)""}]（42.88*1）,餐盒（2.00*1）",咸蛋黄流沙卷边7+缤纷水果披萨,,,,非会员,43,,,2份餐具,,47.78,14.76,24.98,0.00,0,0,2.29,0.00,5.00,【活动支出】单品特价:16.98元+【活动支出】粉丝群:1.00元+【活动支出】饿了么红包:7.00元+【活动支出】替用户承担配送费:5.0元,-,-,-,2.00,温州区域,温州直营,,,否,-,平台配送
圣比萨（灵溪华侨路店）,SBS00005,温州,"8032986089447490886	",饿了么,平台外卖,已完成,2025-10-23 19:19:40,2025-10-23 19:19:40,2025-10-23 19:19:41,饿了么支付-在线支付,,即时单,2025-10-23 19:19:40,6.67,扫码出餐,1,否,新奥尔良烤鸡肉披萨7寸-单点（20.00*1）,新奥尔良烤鸡肉披萨【7英寸(手拍)】,,,,非会员,44,,,依据餐量提供餐具,,20.00,10.00,0.00,0.00,0,0,0.00,0.00,,【活动支出】拼团反圈活动:0.00元,-,-,-,0.00,温州区域,温州直营,,,否,-,平台配送
圣比萨（灵溪华侨路店）,SBS00005,温州,"8046656089454571821	",饿了么,平台外卖,已完成,2025-10-23 19:25:12,2025-10-23 19:25:12,2025-10-23 19:25:12,饿了么支付-在线支付,,预约单,2025-10-23 20:10:00,3.07,自动出餐,1,否,"榴莲王披萨-7英寸（经典手拍)[{""name"":""规格"",""value"":""7英寸（经典手拍)""}]（52.00*1）,餐盒（2.00*1）",榴莲王披萨,,,,非会员,45,,,2份餐具,,52.00,19.34,26.10,0.00,0,0,2.61,0.00,4.00,【活动支出】单品特价:18.10元+【活动支出】饿了么红包:8.00元+【活动支出】替用户承担配送费:4.0元,-,-,-,2.00,温州区域,温州直营,,,否,-,平台配送
圣比萨（灵溪华侨路店）,SBS00005,温州,"8089646089431332199	",饿了么,平台外卖,已完成,2025-10-23 19:41:33,2025-10-23 19:41:33,2025-10-23 19:41:33,饿了么支付-在线支付,,即时单,2025-10-23 19:41:33,5.52,扫码出餐,1,否,"招牌肉酱意面（52.00*1）,餐盒（2.00*1）",招牌肉酱意面,,,,非会员,46,,,依据餐量提供餐具,,52.00,12.78,34.10,0.00,0,0,1.77,0.00,4.00,【活动支出】单品特价:26.10元+【活动支出】粉丝群:1.00元+【活动支出】饿了么红包:7.00元+【活动支出】替用户承担配送费:4.0元,-,-,-,2.00,温州区域,温州直营,,,否,-,平台配送
圣比萨（灵溪华侨路店）,SBS00005,温州,"8049070255557649720	",饿了么,平台外卖,已完成,2025-10-23 19:57:40,2025-10-23 19:57:40,2025-10-23 19:57:40,饿了么支付-在线支付,,即时单,2025-10-23 19:57:40,10.12,自动出餐,1,否,"奶酪芝士卷边（12英寸）（8.90*1）,西域肉酱披萨-12英寸(经典手拍)[{""name"":""规格"",""value"":""12英寸(经典手拍)""}]（61.90*1）,餐盒（2.00*1）",奶酪芝士卷边+西域肉酱披萨,,,,非会员,47,,,依据餐量提供餐具,,70.80,38.91,18.00,0.00,0,0,5.44,0.00,4.50,【活动支出】店铺满减:6.00元+【活动支出】饿了么红包:12.00元+【活动支出】替用户承担配送费:4.5元,-,-,-,2.00,温州区域,温州直营,,,否,-,平台配送
圣比萨（灵溪华侨路店）,SBS00005,温州,"8022756089423223230	",饿了么,平台外卖,已完成,2025-10-23 20:20:26,2025-10-23 20:20:26,2025-10-23 20:20:26,饿了么支付-在线支付,,即时单,2025-10-23 20:20:26,8.65,扫码出餐,1,否,"【随心❤️拼】7英寸双拼披萨(口味自选）[奥尔良+培根鸡肉]（26.90*1）,奶酪芝士卷边（7英寸）（4.90*1）,餐盒（2.00*1）",双拼7寸【奥尔良口味7】+双拼7寸【碳烤鸡肉培根口味7】+奶酪芝士卷边7,,,,非会员,48,,,1份餐具,,31.80,16.56,8.00,0.00,0,0,2.39,0.00,5.00,【活动支出】粉丝群:1.00元+【活动支出】饿了么红包:7.00元+【活动支出】替用户承担配送费:5.0元,-,-,-,2.00,温州区域,温州直营,,,否,-,平台配送
圣比萨（灵溪华侨路店）,SBS00005,温州,"8086536089460620720	",饿了么,平台外卖,已完成,2025-10-23 20:24:04,2025-10-23 20:24:04,2025-10-23 20:24:05,饿了么支付-在线支付,,即时单,2025-10-23 20:24:04,8.62,扫码出餐,1,否,"榴莲王披萨-7英寸（经典手拍)[{""name"":""规格"",""value"":""7英寸（经典手拍)""}]（52.00*1）,餐盒（2.00*1）",榴莲王披萨,,,,非会员,49,,,依据餐量提供餐具,,52.00,19.34,26.10,0.00,0,0,2.61,0.00,4.00,【活动支出】单品特价:18.10元+【活动支出】饿了么红包:8.00元+【活动支出】替用户承担配送费:4.0元,-,-,-,2.00,温州区域,温州直营,,,否,-,平台配送
圣比萨（灵溪华侨路店）,SBS00005,温州,"8015586089457644986	",饿了么,平台外卖,已完成,2025-10-23 20:24:39,2025-10-23 20:24:39,2025-10-23 20:24:40,饿了么支付-在线支付,,即时单,2025-10-23 20:24:39,10.20,自动出餐,1,否,"7英寸披萨买一送一[奥尔良鸡肉披萨7英寸+碳烤鸡肉培根7英寸]（86.80*1）,餐盒（2.00*1）",新奥尔良烤鸡肉披萨【7英寸(手拍)】+碳烤鸡肉培根披萨【7英寸(手拍)】,,,,非会员,50,,,无需餐具,,86.80,24.40,53.90,0.00,0,0,3.35,0.00,3.50,【活动支出】店铺满减:1.00元+【活动支出】单品特价:44.90元+【活动支出】饿了么红包:8.00元+【活动支出】替用户承担配送费:3.5元,-,-,-,2.00,温州区域,温州直营,,,否,-,平台配送
圣比萨（灵溪华侨路店）,SBS00005,温州,"8028926089477662166	",饿了么,平台外卖,已完成,2025-10-23 20:27:20,2025-10-23 20:27:20,2025-10-23 20:27:20,饿了么支付-在线支付,,即时单,2025-10-23 20:27:20,10.13,自动出餐,1,否,手握三选一-单点[缤纷水果]（20.00*1）,热带雨林水果一人食盒子披萨,,,,非会员,51,,,1份餐具,,20.00,10.00,0.00,0.00,0,0,0.00,0.00,,【活动支出】爆品团通吃券:0.00元,-,-,-,0.00,温州区域,温州直营,,,否,-,平台配送
圣比萨（灵溪华侨路店）,SBS00005,温州,"8087470255559740894	",饿了么,平台外卖,已完成,2025-10-23 20:32:47,2025-10-23 20:32:47,2025-10-23 20:32:47,饿了么支付-在线支付,,即时单,2025-10-23 20:32:47,6.23,扫码出餐,1,否,"【任选】披萨随心配（31.90*1）,餐盒（2.00*1）",不加一+新奥尔良烤鸡肉披萨(7英寸(手拍))+不加一+深海墨鱼丸(3个)+可乐,,,,非会员,52,,,无需餐具,,31.90,18.44,7.00,0.00,0,0,2.51,0.00,3.50,【活动支出】饿了么红包:7.00元+【活动支出】替用户承担配送费:3.5元,-,-,-,2.00,温州区域,温州直营,,,否,-,平台配送
圣比萨（灵溪华侨路店）,SBS00005,温州,"8017050255561181617	",饿了么,平台外卖,已完成,2025-10-23 20:41:31,2025-10-23 20:41:31,2025-10-23 20:41:31,饿了么支付-在线支付,,即时单,2025-10-23 20:41:31,10.08,自动出餐,1,否,"奶酪芝士卷边（9英寸）（6.90*1）,美式香骨鸡（8.90*1）,榴莲王披萨-9英寸(经典手拍)[{""name"":""规格"",""value"":""9英寸(经典手拍)""}]（92.00*1）,餐盒（3.00*1）",奶酪芝士卷边9+榴莲王披萨,,,,非会员,53,,,依据餐量提供餐具,,107.80,35.85,61.10,0.00,0,0,4.90,0.00,3.50,【活动支出】店铺满减:6.00元+【活动支出】单品特价:42.10元+【活动支出】粉丝群:1.00元+【活动支出】饿了么红包:12.00元+【活动支出】替用户承担配送费:3.5元,-,-,-,3.00,温州区域,温州直营,,,否,-,平台配送
圣比萨（灵溪华侨路店）,SBS00005,温州,"8033786089467364706	",饿了么,平台外卖,已完成,2025-10-23 21:08:59,2025-10-23 21:08:59,2025-10-23 21:08:59,饿了么支付-在线支付,,即时单,2025-10-23 21:08:59,7.48,扫码出餐,1,否,"【任选】披萨随心配（31.90*1）,餐盒（2.00*1）",不加一+碳烤鸡肉培根披萨(7英寸(手拍))+不加一+上校鸡块+可乐,,,,非会员,54,,,依据餐量提供餐具,,31.90,17.05,8.00,0.00,0,0,2.40,0.00,5.60,【活动支出】粉丝群:1.00元+【活动支出】饿了么红包:7.00元+【活动支出】替用户承担配送费:5.6元,-,-,-,2.00,温州区域,温州直营,,,否,-,平台配送
圣比萨（灵溪华侨路店）,SBS00005,温州,"8024856089439583520	",饿了么,平台外卖,已完成,2025-10-23 21:14:55,2025-10-23 21:14:55,2025-10-23 21:14:55,饿了么支付-在线支付,,即时单,2025-10-23 21:14:55,5.33,扫码出餐,1,否,"新奥尔良烤鸡肉披萨-7英寸(经典手拍)[{""name"":""规格"",""value"":""7英寸(经典手拍)""}]（23.90*1）,餐盒（2.00*1）",新奥尔良烤鸡肉披萨,,,,非会员,55,,,依据餐量提供餐具,,23.90,11.38,7.00,0.00,0,0,1.67,0.00,6.10,【活动支出】饿了么红包:7.00元+【活动支出】替用户承担配送费:6.0元,-,-,-,2.00,温州区域,温州直营,,,否,-,平台配送
圣比萨（灵溪华侨路店）,SBS00005,温州,"8033646089463571828	",饿了么,平台外卖,已完成,2025-10-23 21:15:48,2025-10-23 21:15:48,2025-10-23 21:15:48,饿了么支付-在线支付,,即时单,2025-10-23 21:15:48,8.60,手动出餐,1,否,"新奥尔良烤鸡肉披萨-7英寸(经典手拍)[{""name"":""规格"",""value"":""7英寸(经典手拍)""}]（23.90*1）,餐盒（2.00*1）",新奥尔良烤鸡肉披萨,,,,非会员,56,,,依据餐量提供餐具,,23.90,13.17,5.00,0.00,0,0,1.88,0.00,5.60,【活动支出】饿了么红包:5.00元+【活动支出】替用户承担配送费:5.6元,-,-,-,2.00,温州区域,温州直营,,,否,-,平台配送
圣比萨（灵溪华侨路店）,SBS00005,温州,"8093480255583259124	",饿了么,平台外卖,已完成,2025-10-23 21:25:05,2025-10-23 21:25:05,2025-10-23 21:25:05,饿了么支付-在线支付,,即时单,2025-10-23 21:25:05,9.02,扫码出餐,1,否,"【随心❤️拼】7英寸双拼披萨(口味自选）[奥尔良+玉米沙拉]（26.90*1）,餐盒（2.00*1）",双拼7寸【奥尔良口味7】+双拼7寸【玉米沙拉口味7】,,,,非会员,57,,,依据餐量提供餐具,,26.90,11.37,8.00,0.00,0,0,1.88,0.00,7.10,【活动支出】超级会员专享红包:5.00元+【活动支出】 商家自营销加码:2.00元+【活动支出】粉丝群:1.00元+【活动支出】替用户承担配送费:6.0元,-,-,-,2.00,温州区域,温州直营,,,否,-,平台配送
圣比萨（灵溪华侨路店）,SBS00005,温州,"8073300255584492996	",饿了么,平台外卖,已完成,2025-10-23 21:25:21,2025-10-23 21:25:21,2025-10-23 21:25:22,饿了么支付-在线支付,,即时单,2025-10-23 21:25:21,10.07,自动出餐,1,否,"蛋挞一个（原味）（3.90*1）,【任选】披萨随心配（46.60*1）,餐盒（2.50*1）",蛋挞1个+奥尔良烤翅+玉米沙拉披萨(7英寸(手拍))+不加一+地道肠1根+港式奶茶,,,,非会员,58,,,依据餐量提供餐具,,50.50,27.05,13.91,0.00,0,0,3.79,0.00,5.60,【活动支出】店铺满减:1.00元+【活动支出】单品特价:2.91元+【活动支出】粉丝群:1.00元+【活动支出】饿了么红包:9.00元+【活动支出】替用户承担配送费:5.6元,-,-,-,2.50,温州区域,温州直营,,,否,-,平台配送
圣比萨（灵溪华侨路店）,SBS00005,温州,"8017350255587485065	",饿了么,平台外卖,已完成,2025-10-23 21:39:54,2025-10-23 21:39:54,2025-10-23 21:39:54,饿了么支付-在线支付,,即时单,2025-10-23 21:39:54,5.75,扫码出餐,1,否,7寸日系照烧鸡披萨-单点（20.00*1）,日系照烧鸡披萨【7英寸(手拍)】,,,,非会员,59,,,依据餐量提供餐具,,20.00,10.00,0.00,0.00,0,0,0.00,0.00,,【活动支出】爆品团通吃券:0.00元,-,-,-,0.00,温州区域,温州直营,,,否,-,平台配送
圣比萨（灵溪华侨路店）,SBS00005,温州,"8091856089474036148	",饿了么,平台外卖,已完成,2025-10-23 21:48:43,2025-10-23 21:48:43,2025-10-23 21:48:43,饿了么支付-在线支付,,即时单,2025-10-23 21:48:43,7.43,扫码出餐,1,否,"榴莲王披萨-9英寸(经典手拍)[{""name"":""规格"",""value"":""9英寸(经典手拍)""}]（92.00*1）,餐盒（2.00*1）",榴莲王披萨,,,,非会员,60,,,无需餐具,,92.00,29.57,52.10,0.00,0,0,4.08,0.00,6.10,【活动支出】店铺满减:1.00元+【活动支出】单品特价:42.10元+【活动支出】饿了么红包:9.00元+【活动支出】替用户承担配送费:6.0元,-,-,-,2.00,温州区域,温州直营,,,否,-,平台配送
圣比萨（灵溪华侨路店）,SBS00005,温州,"8055030255585124803	",饿了么,平台外卖,已完成,2025-10-23 21:53:28,2025-10-23 21:53:28,2025-10-23 21:53:28,饿了么支付-在线支付,,即时单,2025-10-23 21:53:28,7.18,扫码出餐,1,否,"榴莲王披萨-7英寸（经典手拍)[{""name"":""规格"",""value"":""7英寸（经典手拍)""}]（52.00*1）,港式奶茶[热]（9.00*1）,餐盒（3.00*1）",榴莲王披萨+港式奶茶,,,,非会员,61,,,依据餐量提供餐具,,61.00,25.98,24.10,0.00,0,0,3.87,0.00,8.30,【活动支出】店铺满减:1.00元+【活动支出】单品特价:18.10元+【活动支出】饿了么红包:5.00元+【活动支出】替用户承担配送费:6.0元,-,-,-,3.00,温州区域,温州直营,,,否,-,平台配送
圣比萨（灵溪华侨路店）,SBS00005,温州,"8071846089456527711	",饿了么,平台外卖,已完成,2025-10-23 22:02:11,2025-10-23 22:02:11,2025-10-23 22:02:11,饿了么支付-在线支付,,即时单,2025-10-23 22:02:11,9.68,扫码出餐,1,否,"新奥尔良烤鸡肉披萨-9英寸(经典手拍)[{""name"":""规格"",""value"":""9英寸(经典手拍)""}]（39.90*1）,咸蛋黄风味流心卷边（9英寸）（6.90*1）,餐盒（2.00*1）",新奥尔良烤鸡肉披萨+咸蛋黄流沙卷边9,,,,非会员,62,,,2份餐具,,46.80,24.99,10.00,0.00,0,0,3.76,0.00,7.70,【活动支出】店铺满减:1.00元+【活动支出】饿了么红包:9.00元+【活动支出】替用户承担配送费:6.0元,-,-,-,2.00,温州区域,温州直营,,,否,-,平台配送
圣比萨（灵溪华侨路店）,SBS00005,温州,"8030696089490163120	",饿了么,平台外卖,已完成,2025-10-23 22:18:56,2025-10-23 22:18:56,2025-10-23 22:18:57,饿了么支付-在线支付,,即时单,2025-10-23 22:18:56,9.02,手动出餐,1,否,"榴莲王披萨-7英寸（经典手拍)[{""name"":""规格"",""value"":""7英寸（经典手拍)""}]（52.00*1）,缤纷水果披萨-7英寸(经典手拍)[{""name"":""规格"",""value"":""7英寸(经典手拍)""}]（42.88*1）,餐盒（4.00*1）",榴莲王披萨+缤纷水果披萨,,,,非会员,63,,,依据餐量提供餐具,,94.88,34.54,50.08,0.00,0,0,4.81,0.00,5.60,【活动支出】店铺满减:6.00元+【活动支出】单品特价:18.10元+【活动支出】单品特价:16.98元+【活动支出】饿了么红包:9.00元+【活动支出】替用户承担配送费:5.6元,-,-,-,4.00,温州区域,温州直营,,,否,-,平台配送
圣比萨（灵溪华侨路店）,SBS00005,温州,"8019090255496633814	",饿了么,平台外卖,已完成,2025-10-23 22:27:58,2025-10-23 22:27:58,2025-10-23 22:27:58,饿了么支付-在线支付,,即时单,2025-10-23 22:27:58,8.08,扫码出餐,1,否,"蛋挞一个（原味）（3.90*1）,新奥尔良烤鸡肉披萨-7英寸(经典手拍)[{""name"":""规格"",""value"":""7英寸(经典手拍)""}]（23.90*1）,餐盒（2.50*1）",蛋挞1个+新奥尔良烤鸡肉披萨,,,,非会员,64,,,依据餐量提供餐具,,27.80,14.50,7.91,0.00,0,0,2.04,0.00,5.60,【活动支出】单品特价:2.91元+【活动支出】饿了么红包:5.00元+【活动支出】替用户承担配送费:5.6元,-,-,-,2.50,温州区域,温州直营,,,否,-,平台配送
圣比萨（灵溪华侨路店）,SBS00005,温州,"8015320255501749696	",饿了么,平台外卖,已完成,2025-10-23 22:43:59,2025-10-23 22:43:59,2025-10-23 22:44:00,饿了么支付-在线支付,,即时单,2025-10-23 22:43:59,3.82,手动出餐,1,否,"【随心❤️拼】7英寸双拼披萨(口味自选）[水果+奥尔良]（26.90*1）,蛋挞一个（原味）（3.90*1）,餐盒（2.50*1）",双拼7寸【缤纷水果口味7】+双拼7寸【奥尔良口味7】+蛋挞1个,,,,非会员,65,,,依据餐量提供餐具,,30.80,14.80,9.91,0.00,0,0,2.14,0.00,5.60,【活动支出】单品特价:2.91元+【活动支出】饿了么红包:7.00元+【活动支出】替用户承担配送费:5.6元,-,-,-,2.50,温州区域,温州直营,,,否,-,平台配送
圣比萨（温大B区店）,SBS00026,温州,"8060896089176177003	",饿了么,平台外卖,已完成,2025-10-23 10:24:48,2025-10-23 10:24:48,2025-10-23 10:24:48,饿了么支付-在线支付,,即时单,2025-10-23 10:24:48,10.02,自动出餐,1,否,蛋挞2个-单点（8.51*1）,蛋挞,,,,非会员,1,,,依据餐量提供餐具；手机尾号：5032；送上楼,,8.51,4.90,0.00,0.00,0,0,0.00,0.00,,【活动支出】拼团反圈活动:0.00元,-,-,-,0.00,温州区域,温州直营,,,否,-,平台配送
圣比萨（温大B区店）,SBS00026,温州,"8084030255266731483	",饿了么,平台外卖,已完成,2025-10-23 10:48:41,2025-10-23 10:48:41,2025-10-23 10:48:41,饿了么支付-在线支付,,即时单,2025-10-23 10:48:41,10.00,自动出餐,1,否,"葡式蛋挞1个（4.00*1）,上校鸡块2个（5.00*1）,照烧鸡肉手握披萨（32.00*1）,餐盒（2.50*1）",蛋挞1个+上校鸡块2个+照烧鸡肉手握披萨,,,,非会员,2,,,"依据餐量提供餐具；手机尾号：9717,分区：【温州商学院】；聚合送",,41.00,13.87,24.21,0.00,0,0,1.42,0.00,1.50,【活动支出】单品特价:3.10元+【活动支出】单品特价:4.01元+【活动支出】单品特价:10.10元+【活动支出】CPS商户叠加券:0.00元+【活动支出】饿了么红包:7.00元+【活动支出】淘金币:0.00元+【活动支出】替用户承担配送费:1.5元,-,-,-,2.50,温州区域,温州直营,,,否,-,平台配送
圣比萨（温大B区店）,SBS00026,温州,"8081746089326025184	",饿了么,平台外卖,已完成,2025-10-23 14:28:21,2025-10-23 14:28:21,2025-10-23 14:28:21,饿了么支付-在线支付,,预约单,2025-10-23 16:45:00,91.65,自动出餐,1,否,"真果肉榴莲披萨单人餐（67.00*1）,餐盒（1.00*1）",真果肉榴莲王手握披萨+红豆龙井冰豆花,,,,非会员,3,,,依据餐量提供餐具；手机尾号：5669；送上楼,,67.00,22.71,39.10,0.00,0,0,2.19,0.00,1.50,【活动支出】单品特价:31.10元+【活动支出】下单返红包:2.00元+【活动支出】饿了么红包:6.00元+【活动支出】替用户承担配送费:1.5元,-,-,-,1.00,温州区域,温州直营,,,否,-,平台配送
圣比萨（温大B区店）,SBS00026,温州,"8068706089357492730	",饿了么,平台外卖,已完成,2025-10-23 16:04:37,2025-10-23 16:04:37,2025-10-23 16:04:38,饿了么支付-在线支付,,即时单,2025-10-23 16:04:37,10.03,自动出餐,1,否,"DIY单人套餐（主食小吃饮品自选）（48.00*1）,餐盒（1.00*1）",小雪碧+蛋挞+烤奥尔良鸡肉手握披萨,,,,非会员,4,,,依据餐量提供餐具；手机尾号：1568；送上楼,,48.00,16.27,27.10,0.00,0,0,1.63,0.00,1.50,【活动支出】单品特价:20.10元+【活动支出】饿了么红包:7.00元+【活动支出】替用户承担配送费:1.5元,-,-,-,1.00,温州区域,温州直营,,,否,-,平台配送
圣比萨（温大B区店）,SBS00026,温州,"8045746089299402205	",饿了么,平台外卖,已完成,2025-10-23 16:10:29,2025-10-23 16:10:29,2025-10-23 16:10:30,饿了么支付-在线支付,,即时单,2025-10-23 16:10:29,10.00,自动出餐,1,否,"真果肉榴莲披萨单人餐（66.00*1）,餐盒（1.00*1）",真果肉榴莲王手握披萨+加糖龙井冰豆花,,,,非会员,5,,,依据餐量提供餐具；手机尾号：1056；送上楼,,66.00,18.11,43.10,0.00,0,0,1.79,0.00,1.50,【活动支出】单品特价:31.10元+【活动支出】精准营销:2.00元+【活动支出】饿了么红包:10.00元+【活动支出】替用户承担配送费:1.5元,-,-,-,1.00,温州区域,温州直营,,,否,-,平台配送
圣比萨（温大B区店）,SBS00026,温州,"8041100255471425833	",饿了么,平台外卖,已完成,2025-10-23 17:33:38,2025-10-23 17:33:38,2025-10-23 17:33:38,饿了么支付-在线支付,,即时单,2025-10-23 17:33:38,12.12,自动出餐,1,否,"BBQ烤鸡肉单人餐（58.00*1）,餐盒（1.00*1）",烤奥尔良鸡肉手握披萨+焦糖冰豆花,,,,非会员,6,,,依据餐量提供餐具；手机尾号：3892；送上楼,,58.00,14.43,39.10,0.00,0,0,1.47,0.00,1.50,【活动支出】单品特价:31.10元+【活动支出】精准营销:2.00元+【活动支出】饿了么红包:6.00元+【活动支出】替用户承担配送费:1.5元,-,-,-,1.00,温州区域,温州直营,,,否,-,平台配送
圣比萨（温大B区店）,SBS00026,温州,"8057230255383728636	",饿了么,平台外卖,已完成,2025-10-23 17:40:25,2025-10-23 17:40:25,2025-10-23 17:40:26,饿了么支付-在线支付,,即时单,2025-10-23 17:40:25,12.18,自动出餐,1,否,"BBQ烤奥尔良鸡肉单人套餐（46.00*1）,餐盒（1.00*1）",盐酥鸡粒+烤奥尔良鸡肉手握披萨+小雪碧,,,,非会员,7,,,依据餐量提供餐具；手机尾号：5898；送上楼,,46.00,15.35,26.10,0.00,0,0,1.55,0.00,1.50,【活动支出】单品特价:18.10元+【活动支出】精准营销:2.00元+【活动支出】饿了么红包:6.00元+【活动支出】替用户承担配送费:1.5元,-,-,-,1.00,温州区域,温州直营,,,否,-,平台配送
圣比萨（温大B区店）,SBS00026,温州,"8086260255504043382	",饿了么,平台外卖,已完成,2025-10-23 18:12:17,2025-10-23 18:12:17,2025-10-23 18:12:17,饿了么支付-在线支付,,即时单,2025-10-23 18:12:17,12.02,自动出餐,1,否,照烧鸡肉手握披萨（32.00*1）,照烧鸡肉手握披萨,,,,非会员,8,,,依据餐量提供餐具；手机尾号：6723；送上楼,,32.00,10.75,16.10,0.00,0,0,1.15,0.00,1.50,【活动支出】单品特价:16.10元+【活动支出】替用户承担配送费:1.5元,-,-,-,0.00,温州区域,温州直营,,,否,-,平台配送
圣比萨（龙港龙跃店）,SBS00010,温州,"8089786089175161095	",饿了么,平台外卖,已完成,2025-10-23 10:51:39,2025-10-23 10:51:39,2025-10-23 10:51:39,饿了么支付-在线支付,,即时单,2025-10-23 10:51:39,10.00,自动出餐,1,否,"星星炸鸡披萨-7英寸(手拍)[{""name"":""规格"",""value"":""7英寸(手拍)""}]（29.90*1）,奶酪芝士卷边（7英寸）（4.90*1）,餐盒（2.00*1）",星星炸鸡披萨+奶酪芝士卷边7,,,,非会员,1,,,依据餐量提供餐具,,34.80,20.44,7.00,0.00,0,0,2.81,0.00,3.50,【活动支出】饿了么红包:7.00元+【活动支出】替用户承担配送费:3.5元,-,-,-,2.00,温州区域,温州直营,,,否,-,平台配送
圣比萨（龙港龙跃店）,SBS00010,温州,"8041390255396309452	",饿了么,平台外卖,已完成,2025-10-23 11:13:28,2025-10-23 11:13:28,2025-10-23 11:13:28,饿了么支付-在线支付,,即时单,2025-10-23 11:13:28,12.17,自动出餐,1,否,"咖喱鸡肉芝士焗饭（25.90*1）,蛋挞一个（原味）（3.90*1）,餐盒（3.00*1）",咖喱鸡肉芝士焗饭+蛋挞1个,,,,非会员,2,,,依据餐量提供餐具,,29.80,8.65,9.91,0.00,0,0,1.49,0.00,11.70,【活动支出】单品特价:2.91元+【活动支出】 商家自营销加码:2.00元+【活动支出】饿了么红包:5.00元+【活动支出】替用户承担配送费:6.0元,-,-,-,3.00,温州区域,温州直营,,,否,-,平台配送
圣比萨（龙港龙跃店）,SBS00010,温州,"8066836089252093200	",饿了么,平台外卖,已完成,2025-10-23 12:25:23,2025-10-23 12:25:23,2025-10-23 12:25:23,饿了么支付-在线支付,,即时单,2025-10-23 12:25:23,12.13,自动出餐,1,否,"新奥尔良烤鸡肉披萨-12英寸(手拍)[{""name"":""规格"",""value"":""12英寸(手拍)""}]（54.90*1）,红薯薯泥流心卷边（12英寸）（8.90*1）,奥尔良烤翅（9.90*1）,经典薯条（8.90*1）,烤甜玉米（8.90*1）,蛋挞（6.90*1）,餐盒（6.00*1）",新奥尔良烤鸡肉披萨+红薯泥流心卷边+奥尔良烤翅+经典薯条+烤甜玉米+蛋挞,,,,非会员,3,,,依据餐量提供餐具,,98.40,64.49,18.00,0.00,0,0,8.76,0.00,4.00,【活动支出】店铺满减:6.00元+【活动支出】饿了么红包:12.00元+【活动支出】替用户承担配送费:4.0元,-,-,-,6.00,温州区域,温州直营,,,否,-,平台配送
圣比萨（龙港龙跃店）,SBS00010,温州,"8023330255373564173	",饿了么,平台外卖,已完成,2025-10-23 13:03:13,2025-10-23 13:03:13,2025-10-23 13:03:14,饿了么支付-在线支付,,即时单,2025-10-23 13:03:13,12.08,自动出餐,1,否,"【买一送一】买披萨送披萨[奥尔良鸡肉披萨7英寸+碳烤鸡肉培根7英寸]（86.80*1）,餐盒（1.00*1）",新奥尔良烤鸡肉披萨【7英寸(手拍)】+碳烤鸡肉培根披萨【7英寸(手拍)】,,,,非会员,4,,,2份餐具,,86.80,37.90,35.80,0.00,0,0,5.15,0.00,3.50,【活动支出】店铺满减:6.00元+【活动支出】单品特价:17.80元+【活动支出】饿了么红包:12.00元+【活动支出】替用户承担配送费:3.5元,-,-,-,1.00,温州区域,温州直营,,,否,-,平台配送
圣比萨（龙港龙跃店）,SBS00010,温州,"8053230255410545054	",饿了么,平台外卖,已完成,2025-10-23 14:21:23,2025-10-23 14:21:23,2025-10-23 14:21:23,饿了么支付-在线支付,,预约单,2025-10-23 16:05:00,58.73,自动出餐,1,否,"缤纷水果披萨-12英寸(手拍)[{""name"":""规格"",""value"":""12英寸(手拍)""}]（106.00*1）,蛋挞一个（原味）（3.90*4）,餐盒（6.00*1）",缤纷水果披萨+蛋挞1个,,,,非会员,5,,,2份餐具,,121.60,34.40,72.01,0.00,0,0,3.94,0.00,12.90,【活动支出】店铺满减:6.00元+【活动支出】单品特价:51.10元+【活动支出】单品特价:2.91元+【活动支出】饿了么红包:12.00元+【活动支出】替用户承担配送费:6.0元,-,-,-,6.00,温州区域,温州直营,,,否,-,平台配送
圣比萨（龙港龙跃店）,SBS00010,温州,"8078010255409947009	",饿了么,平台外卖,已完成,2025-10-23 14:36:53,2025-10-23 14:36:53,2025-10-23 14:36:54,饿了么支付-在线支付,,即时单,2025-10-23 14:36:53,10.05,自动出餐,1,否,"红薯薯泥流心卷边（9英寸）（6.90*1）,榴莲王披萨-9英寸(经典手拍)[{""name"":""规格"",""value"":""9英寸(经典手拍)""}]（92.00*1）,餐盒（2.00*1）",红薯泥流心卷边9+榴莲王披萨,,,,非会员,6,,,依据餐量提供餐具,,98.90,35.04,52.10,0.00,0,0,4.81,0.00,3.50,【活动支出】店铺满减:1.00元+【活动支出】单品特价:42.10元+【活动支出】饿了么红包:9.00元+【活动支出】替用户承担配送费:3.5元,-,-,-,2.00,温州区域,温州直营,,,否,-,平台配送
圣比萨（龙港龙跃店）,SBS00010,温州,"8071896089368586648	",饿了么,平台外卖,已完成,2025-10-23 16:38:19,2025-10-23 16:38:19,2025-10-23 16:38:20,饿了么支付-在线支付,,即时单,2025-10-23 16:38:19,10.02,自动出餐,1,否,"蛋挞一个（原味）（3.90*1）,奶酪芝士卷边（7英寸）（4.90*1）,缤纷水果披萨-7英寸(手拍)[{""name"":""规格"",""value"":""7英寸(手拍)""}]（42.00*1）,餐盒（3.00*1）",蛋挞1个+奶酪芝士卷边7+缤纷水果披萨,,,,非会员,7,,,依据餐量提供餐具,,50.80,19.24,26.01,0.00,0,0,2.60,0.00,3.50,【活动支出】单品特价:2.91元+【活动支出】单品特价:16.10元+【活动支出】饿了么红包:7.00元+【活动支出】替用户承担配送费:3.5元,-,-,-,3.00,温州区域,温州直营,,,否,-,平台配送
圣比萨（龙港龙跃店）,SBS00010,温州,"8035706089350498775	",饿了么,平台外卖,已完成,2025-10-23 16:47:18,2025-10-23 16:47:18,2025-10-23 16:47:18,饿了么支付-在线支付,,即时单,2025-10-23 16:47:18,10.23,自动出餐,1,否,"【任选】披萨随心配（31.90*1）,招牌肉酱意面（52.00*1）,餐盒（4.00*1）",上校鸡块+柳橙汁+不加一+不加一+新奥尔良烤鸡肉披萨(7英寸(手拍))+招牌肉酱意面,,,,非会员,8,,,1份餐具,,83.90,31.17,44.10,0.00,0,0,4.28,0.00,3.50,【活动支出】店铺满减:6.00元+【活动支出】单品特价:26.10元+【活动支出】饿了么红包:12.00元+【活动支出】替用户承担配送费:3.5元,-,-,-,4.00,温州区域,温州直营,,,否,-,平台配送
圣比萨（龙港龙跃店）,SBS00010,温州,"8060746089314066767	",饿了么,平台外卖,已完成,2025-10-23 16:54:02,2025-10-23 16:54:02,2025-10-23 16:54:02,饿了么支付-在线支付,,即时单,2025-10-23 16:54:02,10.10,自动出餐,1,否,"【任选】披萨随心配（31.90*1）,餐盒（2.00*1）",地道肠1根+柠檬茶+不加一+不加一+新奥尔良烤鸡肉披萨(7英寸(手拍)),,,,非会员,9,,,依据餐量提供餐具,,31.90,14.57,12.00,0.00,0,0,1.98,0.00,3.50,【活动支出】超级会员专享红包:5.00元+【活动支出】 商家自营销加码:2.00元+【活动支出】订单集点返红包:5.00元+【活动支出】替用户承担配送费:3.5元,-,-,-,2.00,温州区域,温州直营,,,否,-,平台配送
圣比萨（龙港龙跃店）,SBS00010,温州,"8010846089369336229	",饿了么,平台外卖,已完成,2025-10-23 17:40:03,2025-10-23 17:40:03,2025-10-23 17:40:03,饿了么支付-在线支付,,即时单,2025-10-23 17:40:03,12.05,自动出餐,1,否,"榴莲王披萨-9英寸(经典手拍)[{""name"":""规格"",""value"":""9英寸(经典手拍)""}]（92.00*1）",榴莲王披萨,,,,非会员,10,,,2份餐具,,92.00,26.49,50.90,0.00,0,0,2.86,0.00,9.00,【活动支出】单品特价:50.90元+【活动支出】替用户承担配送费:6.0元,-,-,-,0.00,温州区域,温州直营,,,否,-,平台配送
圣比萨（龙港龙跃店）,SBS00010,温州,"8017430255502202144	",饿了么,平台外卖,已完成,2025-10-23 18:11:42,2025-10-23 18:11:42,2025-10-23 18:11:43,饿了么支付-在线支付,,即时单,2025-10-23 18:11:42,12.00,自动出餐,1,否,"新奥尔良烤鸡肉披萨-12英寸(手拍)[{""name"":""规格"",""value"":""12英寸(手拍)""}]（54.90*1）,奶酪芝士卷边（12英寸）（8.90*1）,餐盒（2.00*1）",新奥尔良烤鸡肉披萨+奶酪芝士卷边,,,,非会员,11,,,依据餐量提供餐具,,63.80,35.93,15.00,0.00,0,0,5.02,0.00,5.00,【活动支出】店铺满减:6.00元+【活动支出】饿了么红包:9.00元+【活动支出】替用户承担配送费:5.0元,-,-,-,2.00,温州区域,温州直营,,,否,-,平台配送
圣比萨（龙港龙跃店）,SBS00010,温州,"8030746089402378545	",饿了么,平台外卖,已完成,2025-10-23 19:23:18,2025-10-23 19:23:18,2025-10-23 19:23:18,饿了么支付-在线支付,,即时单,2025-10-23 19:23:18,12.00,自动出餐,1,否,"金牌芝士披萨-7英寸(经典手拍)[{""name"":""规格"",""value"":""7英寸(经典手拍)""}]（23.90*1）,奶酪芝士卷边（7英寸）（4.90*1）,餐盒（2.00*1）",芝士条+奶酪芝士卷边7,,,,非会员,12,,,依据餐量提供餐具,,28.80,16.56,6.00,0.00,0,0,2.29,0.00,3.50,【活动支出】饿了么红包:6.00元+【活动支出】替用户承担配送费:3.5元,-,-,-,2.00,温州区域,温州直营,,,否,-,平台配送
圣比萨（龙港龙跃店）,SBS00010,温州,"8063866089436451245	",饿了么,平台外卖,已完成,2025-10-23 19:40:25,2025-10-23 19:40:25,2025-10-23 19:40:26,饿了么支付-在线支付,,即时单,2025-10-23 19:40:25,10.02,自动出餐,1,否,"缤纷水果披萨-7英寸(手拍)[{""name"":""规格"",""value"":""7英寸(手拍)""}]（42.00*1）,餐盒（2.00*1）",缤纷水果披萨,,,,非会员,13,,,依据餐量提供餐具,,42.00,13.67,23.10,0.00,0,0,1.88,0.00,3.50,【活动支出】单品特价:16.10元+【活动支出】饿了么红包:7.00元+【活动支出】替用户承担配送费:3.5元,-,-,-,2.00,温州区域,温州直营,,,否,-,平台配送
圣比萨（龙港龙跃店）,SBS00010,温州,"8029736089473114508	",饿了么,平台外卖,已完成,2025-10-23 20:00:23,2025-10-23 20:00:23,2025-10-23 20:00:23,饿了么支付-在线支付,,即时单,2025-10-23 20:00:23,10.05,自动出餐,1,否,"榴莲王披萨-7英寸（经典手拍)[{""name"":""规格"",""value"":""7英寸（经典手拍)""}]（52.00*1）,餐盒（2.00*1）",榴莲王披萨,,,,非会员,14,,,1份餐具,,52.00,17.83,25.10,0.00,0,0,2.72,0.00,5.00,【活动支出】单品特价:18.10元+【活动支出】饿了么红包:7.00元+【活动支出】替用户承担配送费:5.0元,-,-,-,2.00,温州区域,温州直营,,,否,-,平台配送
圣比萨（龙港龙跃店）,SBS00010,温州,"8040240255656032720	",饿了么,平台外卖,已完成,2025-10-23 20:25:04,2025-10-23 20:25:04,2025-10-23 20:25:04,饿了么支付-在线支付,,即时单,2025-10-23 20:25:04,10.00,自动出餐,1,否,"明星至尊桶（39.90*1）,咸蛋黄风味流沙卷边（7英寸）（4.90*1）,花果山披萨-7英寸(手拍)[{""name"":""规格"",""value"":""7英寸(手拍)""}]（25.90*1）,餐盒（3.00*1）",明星至尊桶+咸蛋黄流沙卷边7+花果山披萨,,,,非会员,15,,,依据餐量提供餐具,,70.70,40.62,18.00,0.00,0,0,5.53,0.00,3.50,【活动支出】店铺满减:6.00元+【活动支出】饿了么红包:12.00元+【活动支出】替用户承担配送费:3.5元,-,-,-,3.00,温州区域,温州直营,,,否,-,平台配送
圣比萨（龙港龙跃店）,SBS00010,温州,"8069040255471107393	",饿了么,平台外卖,已完成,2025-10-23 20:25:19,2025-10-23 20:25:19,2025-10-23 20:25:19,饿了么支付-在线支付,,即时单,2025-10-23 20:25:19,10.23,自动出餐,1,否,"经典薯条（8.90*1）,缤纷水果披萨-9英寸(手拍)[{""name"":""规格"",""value"":""9英寸(手拍)""}]（75.00*1）,蛋挞一个（原味）（3.90*1）,餐盒（4.00*1）",经典薯条+缤纷水果披萨+蛋挞1个,,,,非会员,16,,,依据餐量提供餐具,,87.80,28.18,52.01,0.00,0,0,3.86,0.00,3.50,【活动支出】店铺满减:1.00元+【活动支出】单品特价:35.10元+【活动支出】单品特价:2.91元+【活动支出】订单集点返红包:5.00元+【活动支出】饿了么红包:8.00元+【活动支出】替用户承担配送费:3.5元,-,-,-,4.00,温州区域,温州直营,,,否,-,平台配送
圣比萨（龙港龙跃店）,SBS00010,温州,"8016776089452818923	",饿了么,平台外卖,已完成,2025-10-23 20:39:08,2025-10-23 20:39:08,2025-10-23 20:39:09,饿了么支付-在线支付,,即时单,2025-10-23 20:39:08,10.05,自动出餐,1,否,"【随心❤️拼】7英寸双拼披萨(口味自选）[水果+奥尔良]（26.90*1）,餐盒（2.00*1）",双拼7寸【缤纷水果口味7】+双拼7寸【奥尔良口味7】,,,,非会员,17,,,依据餐量提供餐具,,26.90,15.76,5.00,0.00,0,0,2.19,0.00,4.00,【活动支出】饿了么红包:5.00元+【活动支出】替用户承担配送费:4.0元,-,-,-,2.00,温州区域,温州直营,,,否,-,平台配送
圣比萨（龙港龙跃店）,SBS00010,温州,"8053866089465813382	",饿了么,平台外卖,已完成,2025-10-23 20:56:56,2025-10-23 20:56:56,2025-10-23 20:56:57,饿了么支付-在线支付,,即时单,2025-10-23 20:56:56,10.07,自动出餐,1,否,"【随心❤️拼】9英寸双拼披萨(口味自选)[奥尔良+日系照烧]（41.90*1）,蛋挞（6.90*1）,盐酥鸡粒（9.90*1）,奶酪芝士卷边（9英寸）（6.90*1）,餐盒（4.00*1）",双拼9寸【奥尔良口味9】+双拼9寸【日系照烧口味9】+蛋挞+盐酥鸡粒+奶酪芝士卷边9,,,,非会员,18,,,依据餐量提供餐具,,65.60,39.63,15.00,0.00,0,0,5.42,0.00,3.50,【活动支出】店铺满减:6.00元+【活动支出】饿了么红包:9.00元+【活动支出】替用户承担配送费:3.5元,-,-,-,4.00,温州区域,温州直营,,,否,-,平台配送
圣比萨（龙港龙跃店）,SBS00010,温州,"8004380255574590870	",饿了么,平台外卖,已完成,2025-10-23 21:05:14,2025-10-23 21:05:14,2025-10-23 21:05:14,饿了么支付-在线支付,,即时单,2025-10-23 21:05:14,10.23,自动出餐,1,否,"缤纷水果披萨-7英寸(手拍)[{""name"":""规格"",""value"":""7英寸(手拍)""}]（42.00*1）,餐盒（2.00*1）",缤纷水果披萨,,,,非会员,19,,,依据餐量提供餐具,,42.00,10.49,26.10,0.00,0,0,1.56,0.00,6.10,【活动支出】单品特价:16.10元+【活动支出】订单集点返红包:5.00元+【活动支出】饿了么红包:5.00元+【活动支出】替用户承担配送费:6.0元,-,-,-,2.00,温州区域,温州直营,,,否,-,平台配送
圣比萨（龙港龙跃店）,SBS00010,温州,"8040646089447962896	",饿了么,平台外卖,已完成,2025-10-23 21:21:12,2025-10-23 21:21:12,2025-10-23 21:21:12,饿了么支付-在线支付,,即时单,2025-10-23 21:21:12,10.03,自动出餐,1,否,"新奥尔良烤鸡肉披萨-7英寸(手拍)[{""name"":""规格"",""value"":""7英寸(手拍)""}]（23.90*1）,餐盒（2.00*1）",新奥尔良烤鸡肉披萨,,,,非会员,20,,,依据餐量提供餐具,,23.90,17.05,0,0.00,0,0,2.40,0.00,5.60,-,-,-,-,2.00,温州区域,温州直营,,,否,-,平台配送
圣比萨（龙港龙跃店）,SBS00010,温州,"8035636089470126565	",饿了么,平台外卖,已完成,2025-10-23 21:23:30,2025-10-23 21:23:30,2025-10-23 21:23:30,饿了么支付-在线支付,,即时单,2025-10-23 21:23:30,10.03,自动出餐,1,否,"【任选】披萨随心配（31.90*1）,餐盒（2.00*1）",蛋挞1个+柠檬茶+不加一+不加一+缤纷水果披萨(7英寸(手拍)),,,,非会员,21,,,依据餐量提供餐具,,31.90,17.94,7.00,0.00,0,0,2.51,0.00,6.10,【活动支出】 商家自营销加码:2.00元+【活动支出】饿了么红包:5.00元+【活动支出】替用户承担配送费:6.0元,-,-,-,2.00,温州区域,温州直营,,,否,-,平台配送
圣比萨（龙港龙跃店）,SBS00010,温州,"8021666089453528376	",饿了么,平台外卖,已完成,2025-10-23 21:48:55,2025-10-23 21:48:55,2025-10-23 21:48:55,饿了么支付-在线支付,,即时单,2025-10-23 21:48:55,10.03,自动出餐,1,否,"【任选】披萨随心配（31.90*1）,餐盒（2.00*1）",地道肠1根+可乐+不加一+不加一+新奥尔良烤鸡肉披萨(7英寸(手拍)),,,,非会员,22,,,1份餐具,,31.90,17.94,7.00,0.00,0,0,2.51,0.00,5.60,【活动支出】饿了么红包:7.00元+【活动支出】替用户承担配送费:5.6元,-,-,-,2.00,温州区域,温州直营,,,否,-,平台配送
圣比萨（龙港龙跃店）,SBS00010,温州,"8006070255596968381	",饿了么,平台外卖,已完成,2025-10-23 22:12:12,2025-10-23 22:12:12,2025-10-23 22:12:12,饿了么支付-在线支付,,即时单,2025-10-23 22:12:12,10.03,自动出餐,1,否,奥尔良烤鸡肉披萨(7寸)-单点（23.21*1）,新奥尔良烤鸡肉披萨【7英寸(手拍)】,,,,非会员,23,,,依据餐量提供餐具,,23.21,13.21,0.00,0.00,0,0,0.00,0.00,,【活动支出】拼团反圈活动:0.00元,-,-,-,0.00,温州区域,温州直营,,,否,-,平台配送
圣比萨（龙港龙跃店）,SBS00010,温州,"8002350255598011878	",饿了么,平台外卖,已完成,2025-10-23 22:40:08,2025-10-23 22:40:08,2025-10-23 22:40:08,饿了么支付-在线支付,,即时单,2025-10-23 22:40:08,10.23,自动出餐,1,否,"【任选】买一送一7英寸披萨（58.60*1）,薯饼3个（6.90*1）,餐盒（2.00*1）",日系照烧鸡披萨(7英寸(手拍))+炙热牛魔王披萨(7英寸(手拍))+薯饼,,,,非会员,24,,,"对骑手：放门口架子上,对商家：不要香菜 / 依据餐量提供餐具",,65.50,34.36,18.90,0.00,0,0,4.79,0.00,5.60,【活动支出】店铺满减:6.00元+【活动支出】单品特价:3.90元+【活动支出】饿了么红包:9.00元+【活动支出】替用户承担配送费:5.6元,-,-,-,2.00,温州区域,温州直营,,,否,-,平台配送
圣比萨（龙港龙跃店）,SBS00010,温州,"8013566089507030502	",饿了么,平台外卖,已完成,2025-10-23 22:44:39,2025-10-23 22:44:39,2025-10-23 22:44:39,饿了么支付-在线支付,,即时单,2025-10-23 22:44:39,10.08,自动出餐,1,否,"缤纷水果披萨-7英寸(手拍)[{""name"":""规格"",""value"":""7英寸(手拍)""}]（42.00*1）,餐盒（2.00*1）",缤纷水果披萨,,,,非会员,25,,,不要案门铃、打电話放门口、谢謝 / 依据餐量提供餐具,,42.00,13.17,23.10,0.00,0,0,1.88,0.00,5.60,【活动支出】单品特价:16.10元+【活动支出】饿了么红包:7.00元+【活动支出】替用户承担配送费:5.6元,-,-,-,2.00,温州区域,温州直营,,,否,-,平台配送
圣比萨（龙港龙跃店）,SBS00010,温州,"8087596089461410099	",饿了么,平台外卖,已完成,2025-10-23 22:45:34,2025-10-23 22:45:34,2025-10-23 22:45:34,饿了么支付-在线支付,,即时单,2025-10-23 22:45:34,10.15,自动出餐,1,否,"金牌芝士披萨-7英寸(经典手拍)[{""name"":""规格"",""value"":""7英寸(经典手拍)""}]（23.90*1）,餐盒（2.00*1）",芝士条,,,,非会员,26,,,放鞋柜上 / 依据餐量提供餐具,,23.90,11.38,7.00,0.00,0,0,1.67,0.00,5.60,【活动支出】超级会员专享红包:5.00元+【活动支出】 商家自营销加码:2.00元+【活动支出】替用户承担配送费:5.6元,-,-,-,2.00,温州区域,温州直营,,,否,-,平台配送
圣比萨（龙港龙跃店）,SBS00010,温州,"8026976089491139995	",饿了么,平台外卖,已完成,2025-10-23 23:00:57,2025-10-23 23:00:57,2025-10-23 23:00:57,饿了么支付-在线支付,,即时单,2025-10-23 23:00:57,10.22,自动出餐,1,否,"榴莲王披萨-7英寸（经典手拍)[{""name"":""规格"",""value"":""7英寸（经典手拍)""}]（52.00*1）,餐盒（2.00*1）",榴莲王披萨,,,,非会员,27,,,依据餐量提供餐具,,52.00,17.94,26.10,0.00,0,0,2.61,0.00,7.10,【活动支出】单品特价:18.10元+【活动支出】饿了么红包:8.00元+【活动支出】替用户承担配送费:6.0元,-,-,-,2.00,温州区域,温州直营,,,否,-,平台配送
圣比萨（新城店）,SBS00003,温州,"8090140255114404344	",饿了么,平台外卖,已完成,2025-10-23 00:38:16,2025-10-23 00:38:16,2025-10-23 00:38:16,饿了么支付-在线支付,,即时单,2025-10-23 00:38:16,10.22,自动出餐,1,否,"保温袋1个（远距离建议加购）（10.00*1）,7英寸披萨一人食土豪餐[圣比招牌披萨7英寸+盐酥鸡米花小份+翅根1根+柠檬茶]（70.00*1）,【新客福利】香烤地道肠1根（7.50*1）,餐盒（3.00*1）",保温袋+大圣招牌大满贯披萨【7英寸(手拍)】+盐酥鸡米花小份+柠檬茶+地道肠1根,,,,非会员,1,,,依据餐量提供餐具,,87.50,20.79,60.11,0.00,0,0,2.05,0.00,6.10,【活动支出】店铺满减:1.00元+【活动支出】单品特价:9.50元+【活动支出】单品特价:35.10元+【活动支出】单品特价:6.51元+【活动支出】饿了么红包:8.00元+【活动支出】替用户承担配送费:6.0元,-,-,-,3.00,温州区域,温州加盟,,,否,-,平台配送
圣比萨（新城店）,SBS00003,温州,"8097320255307617676	",饿了么,平台外卖,已完成,2025-10-23 00:40:20,2025-10-23 00:40:20,2025-10-23 00:40:21,饿了么支付-在线支付,,即时单,2025-10-23 00:40:20,10.20,自动出餐,1,否,"[买一送一]买披萨送意面[缤纷水果披萨7英寸+番茄牛肉意面]（75.00*1）,餐盒（2.00*1）",缤纷水果披萨【7英寸(手拍)】+番茄牛肉意面,,,,非会员,2,,,依据餐量提供餐具,,75.00,26.21,40.10,0.00,0,0,2.54,0.00,6.10,【活动支出】店铺满减:1.00元+【活动支出】单品特价:30.10元+【活动支出】饿了么红包:9.00元+【活动支出】替用户承担配送费:6.0元,-,-,-,2.00,温州区域,温州加盟,,,否,-,平台配送
圣比萨（新城店）,SBS00003,温州,"8048586089103754676	",饿了么,平台外卖,已完成,2025-10-23 05:24:57,2025-10-23 05:24:57,2025-10-23 05:24:58,饿了么支付-在线支付,,预约单,2025-10-23 20:35:00,860.53,手动出餐,1,否,"7英寸奥尔良烤鸡肉披萨[7英奥尔良烤鸡肉披萨]（56.00*1）,餐盒（2.00*1）",新奥尔良烤鸡肉披萨【7英寸(手拍)】,,,,非会员,3,,,1份餐具,,56.00,10.12,40.50,0.00,0,0,1.43,0.00,3.50,【活动支出】单品特价:33.50元+【活动支出】饿了么红包:7.00元+【活动支出】替用户承担配送费:3.5元,-,-,-,2.00,温州区域,温州加盟,,,否,-,平台配送
圣比萨（新城店）,SBS00003,温州,"8084966089163630883	",饿了么,平台外卖,已完成,2025-10-23 09:52:57,2025-10-23 09:52:57,2025-10-23 09:52:57,饿了么支付-在线支付,,预约单,2025-10-23 11:20:00,39.58,手动出餐,1,否,"意面随心配（58.80*1）,餐盒（2.00*1）",盐酥鸡米花小份+蛋挞1个+上校鸡块2个+招牌肉酱意面,,,,非会员,4,,,请直接放门口 / 依据餐量提供餐具,,58.80,15.12,38.90,0.00,0,0,1.43,0.00,3.50,【活动支出】单品特价:31.90元+【活动支出】饿了么红包:7.00元+【活动支出】替用户承担配送费:3.5元,-,-,-,2.00,温州区域,温州加盟,,,否,-,平台配送
圣比萨（新城店）,SBS00003,温州,"8015996089174786386	",饿了么,平台外卖,已完成,2025-10-23 10:27:51,2025-10-23 10:27:51,2025-10-23 10:27:52,饿了么支付-在线支付,,即时单,2025-10-23 10:27:51,8.37,手动出餐,1,否,"任选披萨7选1+小吃5选1+饮料[奥尔良鸡肉披萨7英寸+上校鸡块4个+柠檬茶]（58.00*1）,餐盒（2.00*1）",新奥尔良烤鸡肉披萨【7英寸(手拍)】+上校鸡块+柠檬茶,,,,非会员,5,,,依据餐量提供餐具,,58.00,18.26,33.10,0.00,0,0,1.79,0.00,4.00,【活动支出】单品特价:26.10元+【活动支出】CPS商户叠加券:0.00元+【活动支出】饿了么红包:7.00元+【活动支出】替用户承担配送费:4.0元,-,-,-,2.00,温州区域,温州加盟,,,否,-,平台配送
圣比萨（新城店）,SBS00003,温州,"8099280255336782161	",饿了么,平台外卖,已完成,2025-10-23 11:59:22,2025-10-23 11:59:22,2025-10-23 11:59:22,饿了么支付-在线支付,,即时单,2025-10-23 11:59:22,11.00,手动出餐,1,否,"番茄牛肉意面（52.00*1）,【新客福利】香烤地道肠1根（7.50*1）,餐盒（2.00*1）",番茄牛肉意面+地道肠1根,,,,非会员,6,,,依据餐量提供餐具,,59.50,13.11,41.61,0.00,0,0,1.43,0.00,4.00,【活动支出】单品特价:28.10元+【活动支出】单品特价:6.51元+【活动支出】 商家自营销加码:2.00元+【活动支出】饿了么红包:5.00元+【活动支出】替用户承担配送费:4.0元,-,-,-,2.00,温州区域,温州加盟,,,否,-,平台配送
圣比萨（新城店）,SBS00003,温州,"8082120255266956795	",饿了么,平台外卖,已完成,2025-10-23 12:18:19,2025-10-23 12:18:19,2025-10-23 12:18:20,饿了么支付-在线支付,,即时单,2025-10-23 12:18:19,12.18,自动出餐,1,否,"任选披萨7选1+小吃5选1+饮料[碳烤鸡肉培根7英寸+上校鸡块4个+小可乐]（58.00*1）,餐盒（2.00*1）",碳烤鸡肉培根披萨【7英寸(手拍)】+上校鸡块+小可乐,,,,非会员,7,,,依据餐量提供餐具,,58.00,20.08,32.10,0.00,0,0,1.87,0.00,4.00,【活动支出】单品特价:26.10元+【活动支出】饿了么红包:6.00元+【活动支出】替用户承担配送费:4.0元,-,-,-,2.00,温州区域,温州加盟,,,否,-,平台配送
圣比萨（新城店）,SBS00003,温州,"8082490255366612449	",饿了么,平台外卖,已完成,2025-10-23 12:21:32,2025-10-23 12:21:32,2025-10-23 12:21:32,饿了么支付-在线支付,,即时单,2025-10-23 12:21:32,12.18,自动出餐,1,否,"招牌肉酱芝士焗饭（52.00*1）,餐盒（1.00*1）",招牌肉酱芝士焗饭,,,,非会员,8,,,依据餐量提供餐具,,52.00,15.81,24.10,0.00,0,0,1.94,0.00,9.30,【活动支出】单品特价:24.10元+【活动支出】替用户承担配送费:6.0元,-,-,-,1.00,温州区域,温州加盟,,,否,-,平台配送
圣比萨（新城店）,SBS00003,温州,"8017240255359773014	",饿了么,平台外卖,已完成,2025-10-23 12:25:40,2025-10-23 12:25:40,2025-10-23 12:25:41,饿了么支付-在线支付,,即时单,2025-10-23 12:25:40,11.33,手动出餐,1,否,"焗饭随心配（53.80*1）,餐盒（2.00*1）",碳烤鸡肉芝士焗饭+地道肠1根+盐酥鸡米花小份+蛋挞1个,,,,非会员,9,,,依据餐量提供餐具,,53.80,16.06,32.90,0.00,0,0,1.49,0.00,3.50,【活动支出】单品特价:25.90元+【活动支出】 商家自营销加码:2.00元+【活动支出】CPS商户叠加券:0.00元+【活动支出】饿了么红包:5.00元+【活动支出】替用户承担配送费:3.5元,-,-,-,2.00,温州区域,温州加盟,,,否,-,平台配送
圣比萨（新城店）,SBS00003,温州,"8087596089259938273	",饿了么,平台外卖,已完成,2025-10-23 12:30:18,2025-10-23 12:30:18,2025-10-23 12:30:18,饿了么支付-在线支付,,预约单,2025-10-23 16:50:00,210.05,手动出餐,1,否,"奶酪芝士卷边（7英寸）（4.90*1）,点击右上角❤️收藏得小吃[上校鸡块2个]（2.00*1）,7英寸奥尔良烤鸡肉披萨[7英奥尔良烤鸡肉披萨]（56.00*1）,【新客福利】香烤地道肠1根（7.50*1）,餐盒（3.50*1）",奶酪芝士卷边7+上校鸡块2个+新奥尔良烤鸡肉披萨【7英寸(手拍)】+地道肠1根,,,,非会员,10,,,"麻烦你时间改5点送到可以吗谢谢
/ 2份餐具",,70.40,16.79,48.91,0.00,0,0,1.65,0.00,3.50,【活动支出】单品特价:1.90元+【活动支出】单品特价:33.50元+【活动支出】单品特价:6.51元+【活动支出】饿了么红包:7.00元+【活动支出】替用户承担配送费:3.5元,-,-,-,3.50,温州区域,温州加盟,,,否,-,平台配送
圣比萨（新城店）,SBS00003,温州,"8049270255289950617	",饿了么,平台外卖,已完成,2025-10-23 13:08:32,2025-10-23 13:08:32,2025-10-23 13:08:32,饿了么支付-在线支付,,即时单,2025-10-23 13:08:32,12.22,自动出餐,1,否,"番茄培根意面（52.00*1）,餐盒（1.00*1）",番茄培根意面,,,,非会员,11,,,依据餐量提供餐具,,52.00,12.12,34.10,0.00,0,0,1.43,0.00,3.50,【活动支出】单品特价:28.10元+【活动支出】饿了么红包:6.00元+【活动支出】替用户承担配送费:3.5元,-,-,-,1.00,温州区域,温州加盟,,,否,-,平台配送
圣比萨（新城店）,SBS00003,温州,"8033130255309864319	",饿了么,平台外卖,已完成,2025-10-23 14:03:36,2025-10-23 14:03:36,2025-10-23 14:03:36,饿了么支付-在线支付,,即时单,2025-10-23 14:03:36,10.03,自动出餐,1,否,"奶酪芝士卷边（7英寸）（4.90*1）,7英寸披萨一人食土豪餐[缤纷水果披萨7英寸+上校鸡块4个+地道肠1根+小可乐]（70.00*1）,餐盒（2.00*1）",奶酪芝士卷边7+缤纷水果披萨【7英寸(手拍)】+上校鸡块+地道肠【1根】+小可乐,,,,非会员,12,,,1份餐具,,74.90,24.34,43.10,0.00,0,0,2.31,0.00,3.50,【活动支出】店铺满减:1.00元+【活动支出】单品特价:35.10元+【活动支出】饿了么红包:7.00元+【活动支出】替用户承担配送费:3.5元,-,-,-,2.00,温州区域,温州加盟,,,否,-,平台配送
圣比萨（新城店）,SBS00003,温州,"8039886089263978763	",饿了么,平台外卖,已完成,2025-10-23 14:06:21,2025-10-23 14:06:21,2025-10-23 14:06:22,饿了么支付-在线支付,,即时单,2025-10-23 14:06:21,10.07,自动出餐,1,否,"点击右上角❤️收藏得小吃[墨鱼丸1个]（2.00*1）,黑椒牛肉芝士焗饭（52.00*1）,餐盒（1.50*1）",深海墨鱼丸1个+黑椒牛肉芝士焗饭,,,,非会员,13,,,对骑手放门口 / 依据餐量提供餐具,,54.00,15.69,33.00,0.00,0,0,1.46,0.00,4.00,【活动支出】单品特价:1.90元+【活动支出】单品特价:24.10元+【活动支出】饿了么红包:7.00元+【活动支出】替用户承担配送费:4.0元,-,-,-,1.50,温州区域,温州加盟,,,否,-,平台配送
圣比萨（新城店）,SBS00003,温州,"8088050255417624040	",饿了么,平台外卖,已完成,2025-10-23 14:27:53,2025-10-23 14:27:53,2025-10-23 14:27:54,饿了么支付-在线支付,,预约单,2025-10-23 17:05:00,104.82,手动出餐,1,否,"奥尔良烤鸡肉披萨-7英寸(经典手拍)[{""name"":""规格"",""value"":""7英寸(经典手拍)""}]（45.00*1）,餐盒（2.00*1）",新奥尔良烤鸡肉披萨,,,,非会员,14,,,"到了不用打电话，发照片就可以, 对骑手 / 依据餐量提供餐具",,45.00,12.12,28.10,0.00,0,0,1.43,0.00,3.50,【活动支出】单品特价:21.10元+【活动支出】 商家自营销加码:2.00元+【活动支出】CPS商户叠加券:0.00元+【活动支出】饿了么红包:5.00元+【活动支出】替用户承担配送费:3.5元,-,-,-,2.00,温州区域,温州加盟,,,否,-,平台配送
圣比萨（新城店）,SBS00003,温州,"8096546089281251755	",饿了么,平台外卖,已完成,2025-10-23 14:55:01,2025-10-23 14:55:01,2025-10-23 14:55:01,饿了么支付-在线支付,,预约单,2025-10-23 15:35:00,3.23,自动出餐,1,否,"缤纷水果披萨-7英寸(手拍)[{""name"":""规格"",""value"":""7英寸(手拍)""}]（42.00*1）,餐盒（1.00*1）",缤纷水果披萨,,,,非会员,15,,,依据餐量提供餐具,,42.00,13.12,23.10,0.00,0,0,1.43,0.00,3.50,【活动支出】单品特价:16.10元+【活动支出】 商家自营销加码:2.00元+【活动支出】饿了么红包:5.00元+【活动支出】替用户承担配送费:3.5元,-,-,-,1.00,温州区域,温州加盟,,,否,-,平台配送
圣比萨（新城店）,SBS00003,温州,"8069706089361206765	",饿了么,平台外卖,已完成,2025-10-23 16:24:03,2025-10-23 16:24:03,2025-10-23 16:24:03,饿了么支付-在线支付,,即时单,2025-10-23 16:24:03,10.23,自动出餐,1,否,手握三选一+二选一+可乐-单点[奥尔良+上校鸡块 2 块+可乐]（24.00*1）,小可乐+奥尔良风情烤鸡肉一人食盒子披萨+上校鸡块2个,,,,非会员,16,,,依据餐量提供餐具,,24.00,14.00,0.00,0.00,0,0,0.00,0.00,,【活动支出】拼团反圈活动:0.00元,-,-,-,0.00,温州区域,温州加盟,,,否,-,平台配送
圣比萨（新城店）,SBS00003,温州,"8052596089371399558	",饿了么,平台外卖,已完成,2025-10-23 16:45:48,2025-10-23 16:45:48,2025-10-23 16:45:48,饿了么支付-在线支付,,即时单,2025-10-23 16:45:48,9.57,手动出餐,1,否,"缤纷水果披萨7英寸+柠檬茶一杯[缤纷水果披萨7英寸+柠檬茶]（45.00*1）,餐盒（2.00*1）",缤纷水果披萨【7英寸(手拍)】+柠檬茶,,,,非会员,17,,,依据餐量提供餐具,,45.00,23.18,15.10,0.00,0,0,2.17,0.00,3.50,【活动支出】单品特价:15.10元+【活动支出】替用户承担配送费:3.5元,-,-,-,2.00,温州区域,温州加盟,,,否,-,平台配送
圣比萨（新城店）,SBS00003,温州,"8042856089348082175	",饿了么,平台外卖,已完成,2025-10-23 16:47:01,2025-10-23 16:47:01,2025-10-23 16:47:01,饿了么支付-在线支付,,即时单,2025-10-23 16:47:01,10.07,自动出餐,1,否,"咕咕鸡薄脆披萨-单层[{""name"":""规格"",""value"":""单层""}]（88.00*1）,餐盒（2.00*1）",咕咕鸡薄脆披萨,,,,非会员,18,,,依据餐量提供餐具,,88.00,24.11,57.10,0.00,0,0,2.24,0.00,3.50,【活动支出】店铺满减:1.00元+【活动支出】单品特价:48.10元+【活动支出】超级会员专享红包:8.00元+【活动支出】 商家自营销加码:0.00元+【活动支出】替用户承担配送费:3.5元,-,-,-,2.00,温州区域,温州加盟,,,否,-,平台配送
圣比萨（新城店）,SBS00003,温州,"8090250255459462423	",饿了么,平台外卖,已完成,2025-10-23 16:50:59,2025-10-23 16:50:59,2025-10-23 16:51:00,饿了么支付-在线支付,,即时单,2025-10-23 16:50:59,9.68,手动出餐,1,否,手握三选一-单点[奥尔良]（20.00*1）,奥尔良风情烤鸡肉一人食盒子披萨,,,,非会员,19,,,无需餐具,,20.00,10.00,0.00,0.00,0,0,0.00,0.00,,【活动支出】拼团反圈活动:0.00元,-,-,-,0.00,温州区域,温州加盟,,,否,-,平台配送
圣比萨（新城店）,SBS00003,温州,"8077380255371751844	",饿了么,平台外卖,已完成,2025-10-23 17:08:17,2025-10-23 17:08:17,2025-10-23 17:08:17,饿了么支付-在线支付,,即时单,2025-10-23 17:08:17,10.05,自动出餐,1,否,"榴莲王披萨-12英寸（经典手拍）[{""name"":""规格"",""value"":""12英寸（经典手拍）""}]（129.00*1）,餐盒（1.00*1）",榴莲王披萨,,,,非会员,20,,,到了打电话 / 依据餐量提供餐具,,129.00,38.73,76.10,0.00,0,0,3.82,0.00,5.60,【活动支出】店铺满减:6.00元+【活动支出】单品特价:65.10元+【活动支出】饿了么红包:5.00元+【活动支出】替用户承担配送费:5.6元,-,-,-,1.00,温州区域,温州加盟,,,否,-,平台配送
圣比萨（新城店）,SBS00003,温州,"8037996089349795294	",饿了么,平台外卖,已完成,2025-10-23 17:12:57,2025-10-23 17:12:57,2025-10-23 17:12:58,饿了么支付-在线支付,,即时单,2025-10-23 17:12:57,9.60,手动出餐,1,否,"香烤鸡翅-2只[{""name"":""规格"",""value"":""2只""}]（16.00*1）,番茄牛肉意面（52.00*1）,餐盒（2.00*1）",香烤鸡翅+番茄牛肉意面,,,,非会员,21,,,依据餐量提供餐具,,68.00,24.01,37.20,0.00,0,0,2.24,0.00,3.50,【活动支出】店铺满减:1.00元+【活动支出】单品特价:1.10元+【活动支出】单品特价:28.10元+【活动支出】饿了么红包:7.00元+【活动支出】替用户承担配送费:3.5元,-,-,-,2.00,温州区域,温州加盟,,,否,-,平台配送
圣比萨（新城店）,SBS00003,温州,"8090100255563730179	",饿了么,平台外卖,已完成,2025-10-23 17:28:48,2025-10-23 17:28:48,2025-10-23 17:28:48,饿了么支付-在线支付,,即时单,2025-10-23 17:28:48,9.95,手动出餐,1,否,"[买一送一]买披萨送意面[缤纷水果披萨7英寸+番茄牛肉意面]（75.00*1）,餐盒（2.00*1）",缤纷水果披萨【7英寸(手拍)】+番茄牛肉意面,,,,非会员,22,,,依据餐量提供餐具,,75.00,25.82,41.60,0.00,0,0,2.43,0.00,3.50,【活动支出】店铺满减:1.00元+【活动支出】单品特价:30.10元+【活动支出】饿了么红包:0.00元+【活动支出】饿了么红包:10.50元+【活动支出】替用户承担配送费:3.5元,-,-,-,2.00,温州区域,温州加盟,,,否,-,平台配送
圣比萨（新城店）,SBS00003,温州,"8075666089338403185	",饿了么,平台外卖,已完成,2025-10-23 17:39:41,2025-10-23 17:39:41,2025-10-23 17:39:42,饿了么支付-在线支付,,即时单,2025-10-23 17:39:41,11.22,手动出餐,1,否,"任选披萨7选1+小吃5选1+饮料[缤纷水果披萨7英寸+上校鸡块4个+芒果汁]（58.00*1）,餐盒（2.00*1）",缤纷水果披萨【7英寸(手拍)】+上校鸡块+芒果汁,,,,非会员,23,,,依据餐量提供餐具,,58.00,19.16,33.10,0.00,0,0,1.79,0.00,3.50,【活动支出】单品特价:26.10元+【活动支出】 商家自营销加码:2.00元+【活动支出】饿了么红包:5.00元+【活动支出】替用户承担配送费:3.5元,-,-,-,2.00,温州区域,温州加盟,,,否,-,平台配送
圣比萨（新城店）,SBS00003,温州,"8064636089420107097	",饿了么,平台外卖,已完成,2025-10-23 18:11:26,2025-10-23 18:11:26,2025-10-23 18:11:26,饿了么支付-在线支付,,即时单,2025-10-23 18:11:26,11.07,手动出餐,1,否,"奶酪芝士卷边（7英寸）（4.90*1）,7英寸奥尔良烤鸡肉披萨[7英奥尔良烤鸡肉披萨]（56.00*1）,餐盒（2.00*1）",奶酪芝士卷边7+新奥尔良烤鸡肉披萨【7英寸(手拍)】,,,,非会员,24,,,1份餐具,,60.90,14.44,38.50,0.00,0,0,1.61,0.00,5.60,【活动支出】单品特价:33.50元+【活动支出】饿了么红包:5.00元+【活动支出】替用户承担配送费:5.6元,-,-,-,2.00,温州区域,温州加盟,,,否,-,平台配送
圣比萨（新城店）,SBS00003,温州,"8029390255418043705	",饿了么,平台外卖,已完成,2025-10-23 18:23:25,2025-10-23 18:23:25,2025-10-23 18:23:25,饿了么支付-在线支付,,即时单,2025-10-23 18:23:25,11.80,手动出餐,1,否,"招牌肉酱芝士焗饭（52.00*1）,餐盒（1.00*1）",招牌肉酱芝士焗饭,,,,非会员,25,,,依据餐量提供餐具,,52.00,16.38,29.10,0.00,0,0,1.57,0.00,4.00,【活动支出】单品特价:24.10元+【活动支出】饿了么红包:5.00元+【活动支出】替用户承担配送费:4.0元,-,-,-,1.00,温州区域,温州加盟,,,否,-,平台配送
圣比萨（新城店）,SBS00003,温州,"8080460255507445128	",饿了么,平台外卖,已完成,2025-10-23 18:27:21,2025-10-23 18:27:21,2025-10-23 18:27:21,饿了么支付-在线支付,,即时单,2025-10-23 18:27:21,10.90,手动出餐,1,否,"点击右上角❤️收藏得小吃[上校鸡块2个]（2.00*1）,红薯薯泥流心卷边（7英寸）（4.90*1）,【新客福利】香烤地道肠1根（7.50*1）,披萨意面双人餐[奥尔良鸡肉披萨7英寸+番茄牛肉意面+小可乐+港式奶茶]（88.00*1）,餐盒（3.50*1）",上校鸡块2个+红薯泥流心卷边7+地道肠1根+新奥尔良烤鸡肉披萨【7英寸(手拍)】+番茄牛肉意面+小可乐+港式奶茶,,,,非会员,26,,,依据餐量提供餐具,,102.40,34.79,59.51,0.00,0,0,3.25,0.00,3.50,【活动支出】单品特价:1.90元+【活动支出】店铺满减:1.00元+【活动支出】单品特价:6.51元+【活动支出】单品特价:41.10元+【活动支出】饿了么红包:9.00元+【活动支出】替用户承担配送费:3.5元,-,-,-,3.50,温州区域,温州加盟,,,否,-,平台配送
圣比萨（新城店）,SBS00003,温州,"8073596089433591196	",饿了么,平台外卖,已完成,2025-10-23 18:49:12,2025-10-23 18:49:12,2025-10-23 18:49:13,饿了么支付-在线支付,,即时单,2025-10-23 18:49:12,12.18,自动出餐,1,否,"芝士焗红薯泥（19.00*1）,7英寸奥尔良烤鸡肉披萨[7英奥尔良烤鸡肉披萨]（56.00*1）,餐盒（4.00*1）",芝士焗红薯泥+新奥尔良烤鸡肉披萨【7英寸(手拍)】,,,,非会员,27,,,依据餐量提供餐具,"餐厅同意退单 ",75.00,10.94,47.60,11.18,0,0,2.13,0.00,3.50,【活动支出】店铺满减:1.00元+【活动支出】单品特价:4.10元+【活动支出】单品特价:33.50元+【活动支出】饿了么红包:9.00元+【活动支出】替用户承担配送费:3.5元,-,-,-,4.00,温州区域,温州加盟,,,否,-,平台配送
圣比萨（新城店）,SBS00003,温州,"8029390255451606389	",饿了么,平台外卖,已完成,2025-10-23 19:30:22,2025-10-23 19:30:22,2025-10-23 19:30:23,饿了么支付-在线支付,,即时单,2025-10-23 19:30:22,7.38,手动出餐,1,否,"招牌肉酱芝士焗饭（52.00*1）,餐盒（1.00*1）",招牌肉酱芝士焗饭,,,,非会员,28,,,依据餐量提供餐具,,52.00,20.41,24.10,0.00,0,0,1.94,0.00,4.00,【活动支出】单品特价:24.10元+【活动支出】替用户承担配送费:4.0元,-,-,-,1.00,温州区域,温州加盟,,,否,-,平台配送
圣比萨（新城店）,SBS00003,温州,"8076756089458996726	",饿了么,平台外卖,已完成,2025-10-23 22:26:15,2025-10-23 22:26:15,2025-10-23 22:26:15,饿了么支付-在线支付,,即时单,2025-10-23 22:26:15,9.20,手动出餐,1,否,"点击右上角❤️收藏得小吃[墨鱼丸1个]（2.00*1）,7英寸奥尔良烤鸡肉披萨[7英奥尔良烤鸡肉披萨]（56.00*1）,餐盒（2.50*1）",深海墨鱼丸1个+新奥尔良烤鸡肉披萨【7英寸(手拍)】,,,,非会员,29,,,依据餐量提供餐具,,58.00,10.22,42.40,0.00,0,0,1.43,0.00,6.10,【活动支出】单品特价:1.90元+【活动支出】单品特价:33.50元+【活动支出】CPS商户叠加券:0.00元+【活动支出】饿了么红包:7.00元+【活动支出】淘金币:0.00元+【活动支出】替用户承担配送费:6.0元,-,-,-,2.50,温州区域,温州加盟,,,否,-,平台配送
圣比萨（新城店）,SBS00003,温州,"8082490255609925023	",饿了么,平台外卖,已完成,2025-10-23 23:28:38,2025-10-23 23:28:38,2025-10-23 23:28:38,饿了么支付-在线支付,,即时单,2025-10-23 23:28:38,10.00,自动出餐,1,否,"招牌肉酱芝士焗饭（52.00*1）,餐盒（1.00*1）",招牌肉酱芝士焗饭,,,,非会员,30,,,依据餐量提供餐具,,52.00,15.31,24.10,0.00,0,0,1.94,0.00,11.30,【活动支出】单品特价:24.10元+【活动支出】替用户承担配送费:6.0元,-,-,-,1.00,温州区域,温州加盟,,,否,-,平台配送
圣比萨（瑞安陶山店）,SBS00023,温州,"8015546089126835673	",饿了么,平台外卖,已完成,2025-10-23 10:43:52,2025-10-23 10:43:52,2025-10-23 10:43:53,饿了么支付-在线支付,,即时单,2025-10-23 10:43:52,10.08,自动出餐,1,否,番茄牛肉意面-单点（22.59*1）,番茄牛肉意面,,,,非会员,1,,,依据餐量提供餐具,,22.59,12.59,0.00,0.00,0,0,0.00,0.00,,【活动支出】拼团反圈活动:0.00元,-,-,-,0.00,温州区域,温州直营,,,否,-,平台配送
圣比萨（瑞安陶山店）,SBS00023,温州,"8071350255430298085	",饿了么,平台外卖,已完成,2025-10-23 11:45:52,2025-10-23 11:45:52,2025-10-23 11:45:53,饿了么支付-在线支付,,即时单,2025-10-23 11:45:52,12.07,自动出餐,1,否,"小食桶A（0.00*1）,【任选3件套】个人披萨意面焗饭套餐随心配[奥尔良鸡肉披萨7英寸+柠檬茶]（72.00*1）,餐盒（2.00*1）",明星小食桶A+新奥尔良烤鸡肉披萨【7英寸(手拍)】+柠檬茶,,,,非会员,2,,,依据餐量提供餐具,,72.00,22.26,43.10,0.00,0,0,2.09,0.00,3.50,【活动支出】店铺满减:1.00元+【活动支出】首次光顾立减:1.00元+【活动支出】单品特价:32.10元+【活动支出】饿了么红包:9.00元+【活动支出】替用户承担配送费:3.5元,-,-,-,2.00,温州区域,温州直营,,,否,-,平台配送
圣比萨（瑞安陶山店）,SBS00023,温州,"8086470255312748880	",饿了么,平台外卖,已完成,2025-10-23 14:08:18,2025-10-23 14:08:18,2025-10-23 14:08:18,饿了么支付-在线支付,,即时单,2025-10-23 14:08:18,10.13,自动出餐,1,否,"【任选】披萨随心配（60.40*1）,蛋挞1个（5.00*1）,餐盒（3.00*1）",日系照烧鸡披萨(7英寸(手拍))+地道肠1根+可乐+蛋挞1个,,,,非会员,3,,,可乐要冰的 / 依据餐量提供餐具,,65.40,20.07,40.51,0.00,0,0,1.87,0.00,3.50,【活动支出】单品特价:28.50元+【活动支出】单品特价:4.01元+【活动支出】 商家自营销加码:0.00元+【活动支出】饿了么红包:8.00元+【活动支出】替用户承担配送费:3.5元,-,-,-,3.00,温州区域,温州直营,,,否,-,平台配送
圣比萨（瑞安陶山店）,SBS00023,温州,"8088516089332305225	",饿了么,平台外卖,已完成,2025-10-23 14:53:18,2025-10-23 14:53:18,2025-10-23 14:53:18,饿了么支付-在线支付,,即时单,2025-10-23 14:53:18,10.00,自动出餐,1,否,"榴莲王披萨-7英寸(经典手拍)[{""name"":""规格"",""value"":""7英寸(经典手拍)""}]（52.00*1）,餐盒（2.00*1）",榴莲王披萨,,,,非会员,4,,,依据餐量提供餐具,,52.00,19.18,26.10,0.00,0,0,1.87,0.00,4.50,【活动支出】首次光顾立减:1.00元+【活动支出】单品特价:18.10元+【活动支出】饿了么红包:7.00元+【活动支出】替用户承担配送费:4.5元,-,-,-,2.00,温州区域,温州直营,,,否,-,平台配送
圣比萨（瑞安陶山店）,SBS00023,温州,"8095330255510556994	",饿了么,平台外卖,已完成,2025-10-23 14:55:21,2025-10-23 14:55:21,2025-10-23 14:55:21,饿了么支付-在线支付,,即时单,2025-10-23 14:55:21,10.15,自动出餐,1,否,"【随心❤️拼】7英寸双拼披萨(口味自选）[花果山（新品水果）+奥尔良]（54.00*1）,餐盒（2.00*1）",双拼7寸【花果山口味7】+双拼7寸【奥尔良口味7】,,,,非会员,5,,,依据餐量提供餐具,,54.00,14.12,35.10,0.00,0,0,1.43,0.00,3.50,【活动支出】首次光顾立减:1.00元+【活动支出】单品特价:27.10元+【活动支出】饿了么红包:7.00元+【活动支出】替用户承担配送费:3.5元,-,-,-,2.00,温州区域,温州直营,,,否,-,平台配送
圣比萨（瑞安陶山店）,SBS00023,温州,"8063626089314752838	",饿了么,平台外卖,已完成,2025-10-23 15:48:40,2025-10-23 15:48:40,2025-10-23 15:48:41,饿了么支付-在线支付,,即时单,2025-10-23 15:48:40,10.17,自动出餐,1,否,"新奥尔良烤鸡肉披萨-7寸(手拍)[{""name"":""规格"",""value"":""7寸(手拍)""}]（45.00*1）,【随心❤️拼】7英寸双拼披萨(口味自选）[培根鸡肉+奥尔良]（54.00*1）,川香脆皮翅根-1个[{""name"":""规格"",""value"":""1个""}]（12.00*1）,餐盒（5.00*1）",新奥尔良烤鸡肉披萨+双拼7寸【碳烤鸡肉培根口味7】+双拼7寸【奥尔良口味7】+川香脆皮大翅根,,,,非会员,6,,,4份餐具,,111.00,35.16,69.20,0.00,0,0,3.29,0.00,4.00,【活动支出】店铺满减:6.00元+【活动支出】首次光顾立减:1.00元+【活动支出】单品特价:21.10元+【活动支出】单品特价:27.10元+【活动支出】单品特价:6.00元+【活动支出】饿了么红包:8.00元+【活动支出】淘金币:0.00元+【活动支出】替用户承担配送费:4.0元,-,-,-,5.00,温州区域,温州直营,,,否,-,平台配送
圣比萨（瑞安陶山店）,SBS00023,温州,"8057856089362776566	",饿了么,平台外卖,已完成,2025-10-23 17:24:22,2025-10-23 17:24:22,2025-10-23 17:24:22,饿了么支付-在线支付,,即时单,2025-10-23 17:24:22,10.02,自动出餐,1,否,手握三选一+二选一+可乐-单点[奥尔良+上校鸡块 2 块+可乐]（24.00*1）,小可乐+奥尔良风情烤鸡肉一人食盒子披萨+上校鸡块2个,,,,非会员,7,,,依据餐量提供餐具,,24.00,14.00,0.00,0.00,0,0,0.00,0.00,,【活动支出】拼团反圈活动:0.00元,-,-,-,0.00,温州区域,温州直营,,,否,-,平台配送
圣比萨（瑞安陶山店）,SBS00023,温州,"8034010255504342511	",饿了么,平台外卖,已完成,2025-10-23 18:31:02,2025-10-23 18:31:02,2025-10-23 18:31:02,饿了么支付-在线支付,,即时单,2025-10-23 18:31:02,12.20,自动出餐,1,否,"【随心❤️拼】7英寸双拼披萨(口味自选）[浪漫威尼斯+奥尔良]（54.00*1）,餐盒（2.00*1）",双拼7寸【浪漫威尼斯口味7】+双拼7寸【奥尔良口味7】,,,,非会员,8,,,依据餐量提供餐具,,54.00,15.12,34.10,0.00,0,0,1.43,0.00,3.50,【活动支出】单品特价:27.10元+【活动支出】饿了么红包:7.00元+【活动支出】替用户承担配送费:3.5元,-,-,-,2.00,温州区域,温州直营,,,否,-,平台配送
圣比萨（瑞安陶山店）,SBS00023,温州,"8098526089446416679	",饿了么,平台外卖,已完成,2025-10-23 19:48:23,2025-10-23 19:48:23,2025-10-23 19:48:23,饿了么支付-在线支付,,即时单,2025-10-23 19:48:23,10.07,自动出餐,1,否,"新奥尔良烤鸡肉披萨-7寸(手拍)[{""name"":""规格"",""value"":""7寸(手拍)""}]（45.00*1）,餐盒（2.00*1）",新奥尔良烤鸡肉披萨,,,,非会员,9,,,依据餐量提供餐具,,45.00,14.12,26.10,0.00,0,0,1.43,0.00,3.50,【活动支出】单品特价:21.10元+【活动支出】吃货豆兑换的商家券:5.00元+【活动支出】替用户承担配送费:3.5元,-,-,-,2.00,温州区域,温州直营,,,否,-,平台配送
圣比萨（瑞安陶山店）,SBS00023,温州,"8020996089445298475	",饿了么,平台外卖,已完成,2025-10-23 19:59:37,2025-10-23 19:59:37,2025-10-23 19:59:38,饿了么支付-在线支付,,即时单,2025-10-23 19:59:37,10.02,自动出餐,1,否,"【随心❤️拼】7英寸双拼披萨(口味自选）[奥尔良+培根鸡肉]（54.00*1）,蛋挞（10.00*1）,餐盒（3.00*1）",双拼7寸【奥尔良口味7】+双拼7寸【碳烤鸡肉培根口味7】+蛋挞,,,,非会员,10,,,依据餐量提供餐具,,64.00,20.08,39.10,0.00,0,0,1.87,0.00,3.50,【活动支出】首次光顾立减:1.00元+【活动支出】单品特价:27.10元+【活动支出】单品特价:4.00元+【活动支出】饿了么红包:7.00元+【活动支出】替用户承担配送费:3.5元,-,-,-,3.00,温州区域,温州直营,,,否,-,平台配送
圣比萨（瑞安陶山店）,SBS00023,温州,"8050120255658106258	",饿了么,平台外卖,已完成,2025-10-23 20:35:55,2025-10-23 20:35:55,2025-10-23 20:35:55,饿了么支付-在线支付,,即时单,2025-10-23 20:35:55,10.03,自动出餐,1,否,"点击右上角❤️收藏得小吃[墨鱼丸1个]（3.00*1）,榴莲王披萨-9英寸(手拍)[{""name"":""规格"",""value"":""9英寸(手拍)""}]（92.00*1）,蛋挞1个（5.00*1）,餐盒（3.00*1）",深海墨鱼丸1个+榴莲王披萨+蛋挞1个,,,,非会员,11,,,1份餐具,,100.00,35.30,55.41,0.00,0,0,3.34,0.00,3.50,【活动支出】单品特价:2.90元+【活动支出】店铺满减:1.00元+【活动支出】单品特价:38.50元+【活动支出】单品特价:4.01元+【活动支出】饿了么红包:9.00元+【活动支出】替用户承担配送费:3.5元,-,-,-,3.00,温州区域,温州直营,,,否,-,平台配送
圣比萨（瑞安陶山店）,SBS00023,温州,"8070856089495622020	",饿了么,平台外卖,已完成,2025-10-23 21:30:44,2025-10-23 21:30:44,2025-10-23 21:30:45,饿了么支付-在线支付,,即时单,2025-10-23 21:30:44,10.05,自动出餐,1,否,"新奥尔良烤鸡肉披萨-7寸(手拍)[{""name"":""规格"",""value"":""7寸(手拍)""}]（45.00*1）,蛋挞1个（5.00*1）,餐盒（3.00*1）",新奥尔良烤鸡肉披萨+蛋挞1个,,,,非会员,12,,,"对骑手, 不要敲门 / 1份餐具",,50.00,13.61,32.11,0.00,0,0,1.43,0.00,5.60,【活动支出】单品特价:21.10元+【活动支出】单品特价:4.01元+【活动支出】饿了么红包:7.00元+【活动支出】替用户承担配送费:5.6元,-,-,-,3.00,温州区域,温州直营,,,否,-,平台配送
圣比萨（瑞安陶山店）,SBS00023,温州,"8025200255579335092	",饿了么,平台外卖,已完成,2025-10-23 21:34:39,2025-10-23 21:34:39,2025-10-23 21:34:39,饿了么支付-在线支付,,即时单,2025-10-23 21:34:39,10.15,自动出餐,1,否,"小食桶A（0.00*1）,【任选3件套】个人披萨意面焗饭套餐随心配[番茄牛肉意面+七喜]（72.00*1）,餐盒（2.00*1）",明星小食桶A+番茄牛肉意面,,,,非会员,13,,,1份餐具,,72.00,22.68,42.10,0.00,0,0,2.17,0.00,5.60,【活动支出】店铺满减:1.00元+【活动支出】单品特价:32.10元+【活动支出】饿了么红包:9.00元+【活动支出】替用户承担配送费:5.6元,-,-,-,2.00,温州区域,温州直营,,,否,-,平台配送
圣比萨（瑞安陶山店）,SBS00023,温州,"8091120255485474181	",饿了么,平台外卖,已退款,2025-10-23 21:41:03,2025-10-23 21:41:03,2025-10-23 21:41:04,饿了么支付-在线支付,,即时单,2025-10-23 21:41:03,10.13,自动出餐,1,否,"【任选】意面随心配（58.80*1）,餐盒（2.00*1）",番茄牛肉意面+可乐+上校鸡块2个,,,,非会员,14,,,依据餐量提供餐具,,58.80,-2.74,33.90,21.40,0,0,1.79,0.00,5.60,【活动支出】单品特价:26.90元+【活动支出】超级会员专享红包:5.00元+【活动支出】 商家自营销加码:2.00元+【活动支出】替用户承担配送费:5.6元,-,-,-,2.00,温州区域,温州直营,,,否,-,平台配送
圣比萨（瑞安陶山店）,SBS00023,温州,"8071180255683702166	",饿了么,平台外卖,已完成,2025-10-23 22:04:16,2025-10-23 22:04:16,2025-10-23 22:04:16,饿了么支付-在线支付,,即时单,2025-10-23 22:04:16,9.18,手动出餐,1,否,"小食桶B（2.00*1）,点击右上角❤️收藏得小吃[墨鱼丸1个]（3.00*1）,【任选3件套】个人披萨意面焗饭套餐随心配[碳烤鸡肉培根披萨7英寸+七喜]（72.00*1）,餐盒（2.00*1）",明星小食桶B+深海墨鱼丸1个+碳烤鸡肉培根披萨【7英寸(手拍)】,,,,非会员,15,,,依据餐量提供餐具,,77.00,24.02,45.00,0.00,0,0,2.33,0.00,5.60,【活动支出】店铺满减:1.00元+【活动支出】首次光顾立减:1.00元+【活动支出】单品特价:2.90元+【活动支出】单品特价:32.10元+【活动支出】饿了么红包:8.00元+【活动支出】替用户承担配送费:5.6元,-,-,-,2.00,温州区域,温州直营,,,否,-,平台配送
圣比萨（瑞安陶山店）,SBS00023,温州,"8023646089501271517	",饿了么,平台外卖,已完成,2025-10-23 22:17:49,2025-10-23 22:17:49,2025-10-23 22:17:49,饿了么支付-在线支付,,即时单,2025-10-23 22:17:49,10.03,自动出餐,1,否,"榴莲王披萨-12英寸(手拍)[{""name"":""规格"",""value"":""12英寸(手拍)""}]（129.00*1）,餐盒（2.00*1）",榴莲王披萨,,,,非会员,16,,,依据餐量提供餐具,,129.00,41.84,74.50,0.00,0,0,4.01,0.00,5.60,【活动支出】店铺满减:6.00元+【活动支出】首次光顾立减:1.00元+【活动支出】单品特价:55.50元+【活动支出】饿了么红包:12.00元+【活动支出】替用户承担配送费:5.6元,-,-,-,2.00,温州区域,温州直营,,,否,-,平台配送
圣比萨（嵊州吾悦店）,SBM00045,绍兴,"8025190255251343688	",饿了么,平台外卖,已完成,2025-10-23 10:29:54,2025-10-23 10:29:54,2025-10-23 10:29:54,饿了么支付-在线支付,,即时单,2025-10-23 10:29:54,10.07,扫码出餐,1,否,招牌咖喱鸡肉焗饭-单点（17.49*1）,咖喱鸡肉芝士焗饭,,,,非会员,1,,,1份餐具,,17.49,11.99,0.00,0.00,0,0,0.00,0.00,,【活动支出】单品优惠:0.00元,-,-,-,0.00,绍兴地区,绍兴加盟店,,,否,-,平台配送
圣比萨（嵊州吾悦店）,SBM00045,绍兴,"8094516089145177365	",饿了么,平台外卖,已完成,2025-10-23 10:31:38,2025-10-23 10:31:38,2025-10-23 10:31:38,饿了么支付-在线支付,,即时单,2025-10-23 10:31:38,9.93,扫码出餐,1,否,"圣比招牌披萨-9寸(经典手拍)[{""name"":""规格"",""value"":""9寸(经典手拍)""}]（54.00*1）,餐盒（1.00*1）",大圣招牌大满贯披萨,,,,非会员,2,,,依据餐量提供餐具,,54.00,31.06,6.00,0.00,0,0,4.40,0.00,5.00,【活动支出】店铺满减:1.00元+【活动支出】吃货豆兑换的商家券:5.00元+【活动支出】替用户承担配送费:5.0元,-,-,-,1.00,绍兴地区,绍兴加盟店,,,否,-,平台配送
圣比萨（嵊州吾悦店）,SBM00045,绍兴,"8065120255379027296	",饿了么,平台外卖,已完成,2025-10-23 10:55:13,2025-10-23 10:55:13,2025-10-23 10:55:14,饿了么支付-在线支付,,即时单,2025-10-23 10:55:13,11.38,扫码出餐,1,否,"7英寸披萨买一送一[奥尔良鸡肉披萨7英寸+日系照烧鸡披萨7英寸]（49.90*1）,餐盒（2.00*1）",新奥尔良烤鸡肉披萨【7英寸(手拍)】+日系照烧鸡披萨【7英寸(手拍)】,,,,非会员,3,,,依据餐量提供餐具,,49.90,26.25,9.00,0.00,0,0,4.15,0.00,5.00,【活动支出】店铺满减:1.00元+【活动支出】饿了么红包:8.00元+【活动支出】替用户承担配送费:5.0元,-,-,-,2.00,绍兴地区,绍兴加盟店,,,否,-,平台配送
圣比萨（嵊州吾悦店）,SBM00045,绍兴,"8019666089186006468	",饿了么,平台外卖,已完成,2025-10-23 11:08:17,2025-10-23 11:08:17,2025-10-23 11:08:18,饿了么支付-在线支付,,即时单,2025-10-23 11:08:17,8.98,扫码出餐,1,否,"【随心拼】7英寸披萨(口味自选）[日系照烧+培根鸡肉]（29.00*1）,餐盒（2.00*1）",双拼7寸【日系照烧口味7】+双拼7寸【碳烤鸡肉培根口味7】,,,,非会员,4,,,依据餐量提供餐具,,29.00,14.12,5.00,0.00,0,0,2.48,0.00,5.00,【活动支出】饿了么红包:5.00元+【活动支出】替用户承担配送费:5.0元,-,-,-,2.00,绍兴地区,绍兴加盟店,,,否,-,平台配送
圣比萨（嵊州吾悦店）,SBM00045,绍兴,"8013786089215784394	",饿了么,平台外卖,已完成,2025-10-23 11:12:35,2025-10-23 11:12:35,2025-10-23 11:12:35,饿了么支付-在线支付,,即时单,2025-10-23 11:12:35,8.25,扫码出餐,1,否,"黑椒牛肉意面（33.00*1）,餐盒（1.00*1）",黑椒牛肉意面,,,,非会员,5,,,依据餐量提供餐具,,33.00,15.47,5.00,0.00,0,0,2.72,0.00,5.00,【活动支出】饿了么红包:5.00元+【活动支出】替用户承担配送费:5.0元,-,-,-,1.00,绍兴地区,绍兴加盟店,,,否,-,平台配送
圣比萨（嵊州吾悦店）,SBM00045,绍兴,"8000070255221951853	",饿了么,平台外卖,已完成,2025-10-23 11:25:26,2025-10-23 11:25:26,2025-10-23 11:25:26,饿了么支付-在线支付,,即时单,2025-10-23 11:25:26,12.80,扫码出餐,1,否,"榴莲王披萨-7英寸（经典手拍)[{""name"":""规格"",""value"":""7英寸（经典手拍)""}]（37.00*1）,柠檬茶[常温]（6.00*1）,香烤鸡翅-4只[{""name"":""规格"",""value"":""4只""}]（30.00*1）,招牌肉酱意面（28.00*2）,餐盒（5.00*1）",榴莲王披萨+柠檬茶+香烤鸡翅+招牌肉酱意面,,,,非会员,6,,,依据餐量提供餐具,,129.00,92.02,4.00,0.00,0,0,10.72,0.00,5.00,【活动支出】店铺满减:4.00元+【活动支出】替用户承担配送费:5.0元,-,-,-,5.00,绍兴地区,绍兴加盟店,,,否,-,平台配送
圣比萨（嵊州吾悦店）,SBM00045,绍兴,"8091290255324158414	",饿了么,平台外卖,已完成,2025-10-23 11:34:41,2025-10-23 11:34:41,2025-10-23 11:34:41,饿了么支付-在线支付,,即时单,2025-10-23 11:34:41,14.47,扫码出餐,1,否,7寸奶香芝士条-单点（15.40*1）,7寸奶香芝士条-单点,,,,非会员,7,,,依据餐量提供餐具,,15.40,9.90,0.00,0.00,0,0,0.00,0.00,,【活动支出】单品优惠:0.00元,-,-,-,0.00,绍兴地区,绍兴加盟店,,,否,-,平台配送
圣比萨（嵊州吾悦店）,SBM00045,绍兴,"8060776089257990427	",饿了么,平台外卖,已完成,2025-10-23 11:53:14,2025-10-23 11:53:14,2025-10-23 11:53:14,饿了么支付-在线支付,,即时单,2025-10-23 11:53:14,6.18,扫码出餐,1,否,"番茄牛肉意面（26.00*1）,餐盒（1.00*1）",番茄牛肉意面,,,,非会员,8,,,依据餐量提供餐具,,26.00,9.57,5.00,0.00,0,0,2.16,0.00,6.00,【活动支出】饿了么红包:5.00元+【活动支出】替用户承担配送费:5.0元,-,-,-,1.00,绍兴地区,绍兴加盟店,,,否,-,平台配送
圣比萨（嵊州吾悦店）,SBM00045,绍兴,"8051220255343468965	",饿了么,平台外卖,已完成,2025-10-23 11:55:13,2025-10-23 11:55:13,2025-10-23 11:55:13,饿了么支付-在线支付,,即时单,2025-10-23 11:55:13,10.93,扫码出餐,1,否,招牌咖喱鸡肉焗饭-单点（17.49*1）,咖喱鸡肉芝士焗饭,,,,非会员,9,,,依据餐量提供餐具,,17.49,11.99,0.00,0.00,0,0,0.00,0.00,,【活动支出】单品优惠:0.00元,-,-,-,0.00,绍兴地区,绍兴加盟店,,,否,-,平台配送
圣比萨（嵊州吾悦店）,SBM00045,绍兴,"8081696089279606266	",饿了么,平台外卖,已完成,2025-10-23 12:25:00,2025-10-23 12:25:00,2025-10-23 12:25:00,饿了么支付-在线支付,,即时单,2025-10-23 12:25:00,3.68,手动出餐,1,否,"番茄牛肉意面（26.00*1）,餐盒（1.00*1）",番茄牛肉意面,,,,非会员,10,,,1份餐具,,26.00,9.50,6.00,0.00,0,0,2.16,0.00,5.00,【活动支出】粉丝群:1.00元+【活动支出】饿了么红包:5.00元+【活动支出】替用户承担配送费:5.0元,-,-,-,1.00,绍兴地区,绍兴加盟店,,,否,-,平台配送
圣比萨（嵊州吾悦店）,SBM00045,绍兴,"8024986089316818396	",饿了么,平台外卖,已完成,2025-10-23 15:05:33,2025-10-23 15:05:33,2025-10-23 15:05:33,饿了么支付-在线支付,,即时单,2025-10-23 15:05:33,9.23,手动出餐,1,否,"任选披萨6选1+小吃6选1+饮料[纯芝士披萨7寸+甜玉米一份+柠檬茶+常温]（38.00*1）,餐盒（2.00*1）",金牌芝士披萨【7英寸(手拍)】+烤甜玉米+柠檬茶,,,,非会员,11,,,无需餐具,,38.00,16.80,6.10,0.00,0,0,3.20,0.00,7.00,【活动支出】店铺满减:1.00元+【活动支出】单品特价:0.10元+【活动支出】饿了么红包:5.00元+【活动支出】替用户承担配送费:7.0元,-,-,-,2.00,绍兴地区,绍兴加盟店,,,否,-,平台配送
圣比萨（嵊州吾悦店）,SBM00045,绍兴,"8013490255433753042	",饿了么,平台外卖,已完成,2025-10-23 15:29:36,2025-10-23 15:29:36,2025-10-23 15:29:37,饿了么支付-在线支付,,即时单,2025-10-23 15:29:36,7.62,扫码出餐,1,否,"7寸披萨一人食土豪餐[水果7寸+盐酥鸡小份+地道肠2根+小可乐]（42.00*1）,餐盒（2.00*1）",缤纷水果披萨【7英寸(手拍)】+盐酥鸡米花小份+地道肠【1根】+小可乐,,,,非会员,12,,,依据餐量提供餐具,,42.00,16.26,10.10,0.00,0,0,3.52,0.00,7.00,【活动支出】店铺满减:1.00元+【活动支出】单品特价:2.10元+【活动支出】饿了么红包:7.00元+【活动支出】替用户承担配送费:7.0元,-,-,-,2.00,绍兴地区,绍兴加盟店,,,否,-,平台配送
圣比萨（嵊州吾悦店）,SBM00045,绍兴,"8033776089340677494	",饿了么,平台外卖,已完成,2025-10-23 17:32:52,2025-10-23 17:32:52,2025-10-23 17:32:52,饿了么支付-在线支付,,即时单,2025-10-23 17:32:52,9.78,手动出餐,1,否,"披萨随心配（36.90*1）,餐盒（1.00*1）",盐酥鸡米花小份+盐酥鸡米花小份+盐酥鸡米花小份+碳烤鸡肉培根披萨(7英寸(手拍)),,,,非会员,13,,,依据餐量提供餐具,,36.90,18.67,5.00,0.00,0,0,3.03,0.00,5.00,【活动支出】饿了么红包:5.00元+【活动支出】淘金币:0.00元+【活动支出】替用户承担配送费:5.0元,-,-,-,1.00,绍兴地区,绍兴加盟店,,,否,-,平台配送
圣比萨（嵊州吾悦店）,SBM00045,绍兴,"8040866089383279018	",饿了么,平台外卖,已完成,2025-10-23 18:06:52,2025-10-23 18:06:52,2025-10-23 18:06:52,饿了么支付-在线支付,,即时单,2025-10-23 18:06:52,8.75,扫码出餐,1,否,招牌咖喱鸡肉焗饭-单点（17.49*1）,咖喱鸡肉芝士焗饭,,,,非会员,14,,,依据餐量提供餐具,,17.49,11.99,0.00,0.00,0,0,0.00,0.00,,【活动支出】单品优惠:0.00元,-,-,-,0.00,绍兴地区,绍兴加盟店,,,否,-,平台配送
圣比萨（嵊州吾悦店）,SBM00045,绍兴,"8011976089417810344	",饿了么,平台外卖,已完成,2025-10-23 18:13:12,2025-10-23 18:13:12,2025-10-23 18:13:13,饿了么支付-在线支付,,即时单,2025-10-23 18:13:12,6.90,手动出餐,1,否,"任选披萨6选1+小吃6选1+饮料[奥尔良鸡肉披萨7寸+盐酥鸡小份+芒果汁+冷]（38.00*1）,餐盒（2.00*1）",新奥尔良烤鸡肉披萨【7英寸(手拍)】+盐酥鸡米花小份+芒果汁,,,,非会员,15,,,依据餐量提供餐具,,38.00,19.86,6.10,0.00,0,0,3.20,0.00,5.00,【活动支出】店铺满减:1.00元+【活动支出】单品特价:0.10元+【活动支出】饿了么红包:5.00元+【活动支出】替用户承担配送费:5.0元,-,-,-,2.00,绍兴地区,绍兴加盟店,,,否,-,平台配送
圣比萨（嵊州吾悦店）,SBM00045,绍兴,"8073666089448333756	",饿了么,平台外卖,已完成,2025-10-23 19:11:42,2025-10-23 19:11:42,2025-10-23 19:11:43,饿了么支付-在线支付,,即时单,2025-10-23 19:11:42,8.15,扫码出餐,1,否,"【随心拼】7英寸披萨(口味自选）[奥尔良+水果]（29.00*1）,餐盒（2.00*1）",双拼7寸【奥尔良口味7】+双拼7寸【缤纷水果口味7】,,,,非会员,16,,,依据餐量提供餐具,,29.00,14.12,5.00,0.00,0,0,2.48,0.00,5.00,【活动支出】超级会员专享红包:5.00元+【活动支出】替用户承担配送费:5.0元,-,-,-,2.00,绍兴地区,绍兴加盟店,,,否,-,平台配送
圣比萨（嵊州吾悦店）,SBM00045,绍兴,"8072916089449696712	",饿了么,平台外卖,已完成,2025-10-23 19:14:37,2025-10-23 19:14:37,2025-10-23 19:14:37,饿了么支付-在线支付,,即时单,2025-10-23 19:14:37,7.65,扫码出餐,1,否,"榴莲王披萨-7英寸（经典手拍)[{""name"":""规格"",""value"":""7英寸（经典手拍)""}]（37.00*1）,餐盒（1.00*1）",榴莲王披萨,,,,非会员,17,,,依据餐量提供餐具,,37.00,18.48,6.00,0.00,0,0,3.04,0.00,5.00,【活动支出】店铺满减:1.00元+【活动支出】饿了么红包:5.00元+【活动支出】替用户承担配送费:5.0元,-,-,-,1.00,绍兴地区,绍兴加盟店,,,否,-,平台配送
圣比萨（嵊州吾悦店）,SBM00045,绍兴,"8059370255529489692	",饿了么,平台外卖,已完成,2025-10-23 19:19:24,2025-10-23 19:19:24,2025-10-23 19:19:24,饿了么支付-在线支付,,即时单,2025-10-23 19:19:24,7.05,手动出餐,1,否,招牌咖喱鸡肉焗饭-单点（17.49*1）,咖喱鸡肉芝士焗饭,,,,非会员,18,,,依据餐量提供餐具,,17.49,11.99,0.00,0.00,0,0,0.00,0.00,,【活动支出】单品优惠:0.00元,-,-,-,0.00,绍兴地区,绍兴加盟店,,,否,-,平台配送
圣比萨（嵊州吾悦店）,SBM00045,绍兴,"8078460255466342718	",饿了么,平台外卖,已完成,2025-10-23 20:26:08,2025-10-23 20:26:08,2025-10-23 20:26:09,饿了么支付-在线支付,,即时单,2025-10-23 20:26:08,10.12,扫码出餐,1,否,"蛋挞1个（原味）（3.00*2）,缤纷芝士挞-菠萝味[{""name"":""规格"",""value"":""菠萝味""}]（9.00*1）,任选披萨10选1+意面+小食2份+饮品2杯[鲜虾菠萝披萨7寸+招牌肉酱意面+薯条1份+墨鱼丸6个+饮品2杯]（70.00*1）,餐盒（5.00*1）",蛋挞1个+缤纷芝士挞+鲜虾菠萝披萨【7英寸(手拍)】+招牌肉酱意面+经典薯条+深海墨鱼丸【6个】+饮品2杯,,,,非会员,19,,,依据餐量提供餐具,,85.00,36.33,25.12,0.00,0,0,7.20,0.00,6.00,【活动支出】店铺满减:2.00元+【活动支出】单品特价:2.02元+【活动支出】单品特价:10.10元+【活动支出】饿了么红包:11.00元+【活动支出】替用户承担配送费:6.0元,-,-,-,5.00,绍兴地区,绍兴加盟店,,,否,-,平台配送
圣比萨（嵊州吾悦店）,SBM00045,绍兴,"8022766089457758533	",饿了么,平台外卖,已完成,2025-10-23 20:33:56,2025-10-23 20:33:56,2025-10-23 20:33:57,饿了么支付-在线支付,,即时单,2025-10-23 20:33:56,6.65,扫码出餐,1,否,7寸奶香芝士条-单点（15.40*1）,7寸奶香芝士条-单点,,,,非会员,20,,,依据餐量提供餐具,,15.40,9.90,0.00,0.00,0,0,0.00,0.00,,【活动支出】单品优惠:0.00元,-,-,-,0.00,绍兴地区,绍兴加盟店,,,否,-,平台配送
圣比萨（嵊州吾悦店）,SBM00045,绍兴,"8004936089438390593	",饿了么,平台外卖,已完成,2025-10-23 21:07:14,2025-10-23 21:07:14,2025-10-23 21:07:14,饿了么支付-在线支付,,即时单,2025-10-23 21:07:14,8.72,手动出餐,1,否,"蛋挞1个（原味）（3.00*2）,【新品宠粉】香烤地道肠1根（4.00*1）,意面随心配（36.90*1）,金丝鸡排（10.88*1）,餐盒（5.00*1）",蛋挞1个+地道肠1根+上校鸡块2个+地道肠1根+深海墨鱼丸2个+番茄牛肉意面+金丝鸡排,,,,非会员,21,,,依据餐量提供餐具,,57.78,27.21,15.03,0.00,0,0,5.02,0.00,5.00,【活动支出】店铺满减:2.00元+【活动支出】单品特价:2.02元+【活动支出】单品特价:2.01元+【活动支出】饿了么红包:0.00元+【活动支出】饿了么红包:9.00元+【活动支出】替用户承担配送费:5.0元,-,-,-,5.00,绍兴地区,绍兴加盟店,,,否,-,平台配送
圣比萨（嵊州吾悦店）,SBM00045,绍兴,"8098776089501654459	",饿了么,平台外卖,已完成,2025-10-23 22:05:34,2025-10-23 22:05:34,2025-10-23 22:05:35,饿了么支付-在线支付,,即时单,2025-10-23 22:05:34,7.88,扫码出餐,1,否,7寸奶香芝士条-单点（15.40*1）,7寸奶香芝士条-单点,,,,非会员,22,,,依据餐量提供餐具,,15.40,9.90,0.00,0.00,0,0,0.00,0.00,,【活动支出】单品优惠:0.00元,-,-,-,0.00,绍兴地区,绍兴加盟店,,,否,-,平台配送
圣比萨（嵊州吾悦店）,SBM00045,绍兴,"8063340255600570780	",饿了么,平台外卖,已完成,2025-10-23 22:05:53,2025-10-23 22:05:53,2025-10-23 22:05:53,饿了么支付-在线支付,,即时单,2025-10-23 22:05:53,8.73,扫码出餐,1,否,"【随心拼】7英寸披萨(口味自选）[水果+培根鸡肉]（29.00*1）,餐盒（2.00*1）",双拼7寸【缤纷水果口味7】+双拼7寸【碳烤鸡肉培根口味7】,,,,非会员,23,,,依据餐量提供餐具,,29.00,13.20,5.00,0.00,0,0,2.48,0.00,6.00,【活动支出】饿了么红包:5.00元+【活动支出】替用户承担配送费:5.0元,-,-,-,2.00,绍兴地区,绍兴加盟店,,,否,-,平台配送
圣比萨（嵊州吾悦店）,SBM00045,绍兴,"8098776089485084136	",饿了么,平台外卖,已完成,2025-10-23 22:48:15,2025-10-23 22:48:15,2025-10-23 22:48:16,饿了么支付-在线支付,,即时单,2025-10-23 22:48:15,3.28,手动出餐,1,否,番茄牛肉意面-单点（18.09*1）,番茄牛肉意面,,,,非会员,24,,,依据餐量提供餐具,,18.09,12.59,0.00,0.00,0,0,0.00,0.00,,【活动支出】单品优惠:0.00元,-,-,-,0.00,绍兴地区,绍兴加盟店,,,否,-,平台配送
圣比萨（龙霞店）,SBS00007,温州,"8060440255363181983	",饿了么,平台外卖,已完成,2025-10-23 10:35:53,2025-10-23 10:35:53,2025-10-23 10:35:53,饿了么支付-在线支付,,即时单,2025-10-23 10:35:53,10.22,自动出餐,1,否,"榴莲王披萨-7英寸(经典手拍)[{""name"":""规格"",""value"":""7英寸(经典手拍)""}]（52.00*1）,餐盒（1.00*1）",榴莲王披萨,,,,非会员,1,,,依据餐量提供餐具,,52.00,25.34,18.10,0.00,0,0,2.39,0.00,3.50,【活动支出】单品特价:18.10元+【活动支出】替用户承担配送费:3.5元,-,-,-,1.00,温州区域,温州直营,,,否,-,平台配送
圣比萨（龙霞店）,SBS00007,温州,"8099380255378918822	",饿了么,平台外卖,已完成,2025-10-23 10:55:10,2025-10-23 10:55:10,2025-10-23 10:55:10,饿了么支付-在线支付,,即时单,2025-10-23 10:55:10,10.23,自动出餐,1,否,"任选披萨8选1+小吃6选1+饮料[缤纷水果披萨7英寸+烤甜玉米1份+小可乐+常温]（58.00*1）,餐盒（2.00*1）",缤纷水果披萨【7英寸(手拍)】+烤甜玉米+小可乐,,,,非会员,2,,,1份餐具,,58.00,19.14,33.10,0.00,0,0,1.79,0.00,4.00,【活动支出】单品特价:26.10元+【活动支出】饿了么红包:7.00元+【活动支出】替用户承担配送费:4.0元,-,-,-,2.00,温州区域,温州直营,,,否,-,平台配送
圣比萨（龙霞店）,SBS00007,温州,"8032010255303953818	",饿了么,平台外卖,已完成,2025-10-23 11:13:32,2025-10-23 11:13:32,2025-10-23 11:13:32,饿了么支付-在线支付,,即时单,2025-10-23 11:13:32,12.10,自动出餐,1,否,"意面随心配（58.00*1）,餐盒（2.00*1）",盐酥鸡米花小份+地道肠1根+深海墨鱼丸2个+番茄培根意面,,,,非会员,3,,,依据餐量提供餐具,,58.00,15.10,38.10,0.00,0,0,1.43,0.00,3.50,【活动支出】单品特价:31.10元+【活动支出】饿了么红包:7.00元+【活动支出】替用户承担配送费:3.5元,-,-,-,2.00,温州区域,温州直营,,,否,-,平台配送
圣比萨（龙霞店）,SBS00007,温州,"8050270255411209593	",饿了么,平台外卖,已完成,2025-10-23 11:19:33,2025-10-23 11:19:33,2025-10-23 11:19:33,饿了么支付-在线支付,,即时单,2025-10-23 11:19:33,12.07,自动出餐,1,否,"【香蕉菠萝】7英寸缤纷水果披萨（42.00*1）,酸奶多多流心卷边（7英寸）（4.90*1）,餐盒（2.00*1）",缤纷水果披萨【7英寸(手拍)】+酸奶多多流心卷边7,,,,非会员,4,,,依据餐量提供餐具,,46.90,19.97,21.10,0.00,0,0,1.86,0.00,4.00,【活动支出】单品特价:16.10元+【活动支出】饿了么红包:5.00元+【活动支出】替用户承担配送费:4.0元,-,-,-,2.00,温州区域,温州直营,,,否,-,平台配送
圣比萨（龙霞店）,SBS00007,温州,"8001400255430794566	",饿了么,平台外卖,已完成,2025-10-23 11:40:56,2025-10-23 11:40:56,2025-10-23 11:40:57,饿了么支付-在线支付,,即时单,2025-10-23 11:40:56,12.12,自动出餐,1,否,"意面随心配（58.00*1）,餐盒（2.00*1）",盐酥鸡米花小份+蛋挞1个+上校鸡块2个+番茄牛肉意面,,,,非会员,5,,,到了放店门口桌子上就好 / 依据餐量提供餐具,,58.00,15.10,38.10,0.00,0,0,1.43,0.00,3.50,【活动支出】单品特价:31.10元+【活动支出】饿了么红包:7.00元+【活动支出】替用户承担配送费:3.5元,-,-,-,2.00,温州区域,温州直营,,,否,-,平台配送
圣比萨（龙霞店）,SBS00007,温州,"8055190255263801700	",饿了么,平台外卖,已完成,2025-10-23 12:22:25,2025-10-23 12:22:25,2025-10-23 12:22:25,饿了么支付-在线支付,,即时单,2025-10-23 12:22:25,12.10,自动出餐,1,否,"任选焗饭4选1+小吃6选1+饮料[黑椒牛肉芝士焗饭+烤甜玉米+柠檬茶+常温]（57.00*1）,餐盒（2.00*1）",黑椒牛肉芝士焗饭+烤甜玉米+柠檬茶,,,,非会员,6,,,依据餐量提供餐具,,57.00,19.14,32.10,0.00,0,0,1.79,0.00,3.50,【活动支出】单品特价:25.10元+【活动支出】饿了么红包:7.00元+【活动支出】替用户承担配送费:3.5元,-,-,-,2.00,温州区域,温州直营,,,否,-,平台配送
圣比萨（龙霞店）,SBS00007,温州,"8016260255282324967	",饿了么,平台外卖,已完成,2025-10-23 12:52:12,2025-10-23 12:52:12,2025-10-23 12:52:12,饿了么支付-在线支付,,即时单,2025-10-23 12:52:12,12.08,自动出餐,1,否,"缤纷水果披萨-7英寸(手拍)[{""name"":""规格"",""value"":""7英寸(手拍)""}]（42.00*1）,餐盒（1.00*1）",缤纷水果披萨,,,,非会员,7,,,放门口不用打电话 / 依据餐量提供餐具,,42.00,13.10,23.10,0.00,0,0,1.43,0.00,3.50,【活动支出】单品特价:16.10元+【活动支出】饿了么红包:7.00元+【活动支出】替用户承担配送费:3.5元,-,-,-,1.00,温州区域,温州直营,,,否,-,平台配送
圣比萨（龙霞店）,SBS00007,温州,"8023686089270015487	",饿了么,平台外卖,已完成,2025-10-23 12:59:28,2025-10-23 12:59:28,2025-10-23 12:59:29,饿了么支付-在线支付,,即时单,2025-10-23 12:59:28,12.00,自动出餐,1,否,"7英寸披萨买一送一[浪漫威尼斯披萨7英寸+缤纷水果披萨7英寸]（86.80*1）,餐盒（2.00*1）",浪漫威尼斯披萨【7英寸(手拍)】+缤纷水果披萨【7英寸(手拍)】,,,,非会员,8,,,依据餐量提供餐具,,86.80,28.44,49.90,0.00,0,0,2.69,0.00,3.50,【活动支出】店铺满减:1.00元+【活动支出】单品特价:39.90元+【活动支出】饿了么红包:0.00元+【活动支出】饿了么红包:9.00元+【活动支出】替用户承担配送费:3.5元,-,-,-,2.00,温州区域,温州直营,,,否,-,平台配送
圣比萨（龙霞店）,SBS00007,温州,"8053310255384212971	",饿了么,平台外卖,已完成,2025-10-23 13:18:25,2025-10-23 13:18:25,2025-10-23 13:18:26,饿了么支付-在线支付,,即时单,2025-10-23 13:18:25,12.08,自动出餐,1,否,"可乐[冷]（5.00*1）,【真榴莲果肉】9英寸榴莲王披萨（92.00*1）,【福利优惠】蛋挞一个（原味）（10.00*1）,【新客福利】台式香烤地道肠（7.50*1）,餐盒（3.00*1）",可乐+榴莲王披萨9英寸+蛋挞1个+地道肠1根,,,,非会员,9,,,放门口 / 依据餐量提供餐具,,114.50,32.03,70.61,0.00,0,0,3.29,0.00,6.80,【活动支出】店铺满减:1.00元+【活动支出】单品特价:46.10元+【活动支出】单品特价:6.51元+【活动支出】饿了么红包:8.00元+【活动支出】精准营销:9.00元+【活动支出】替用户承担配送费:6.0元,-,-,-,3.00,温州区域,温州直营,,,否,-,平台配送
圣比萨（龙霞店）,SBS00007,温州,"8029340255296392508	",饿了么,平台外卖,已完成,2025-10-23 13:37:20,2025-10-23 13:37:20,2025-10-23 13:37:20,饿了么支付-在线支付,,预约单,2025-10-23 15:00:00,37.83,自动出餐,1,否,"7英寸奥尔良烤鸡肉披萨[7英奥尔良烤鸡肉披萨]（58.00*1）,餐盒（2.00*1）",新奥尔良烤鸡肉披萨【7英寸(手拍)】,,,,非会员,10,,,2份餐具,,58.00,8.20,44.10,0.00,0,0,1.43,0.00,4.50,【活动支出】单品特价:37.10元+【活动支出】 商家自营销加码:2.00元+【活动支出】饿了么红包:5.00元+【活动支出】替用户承担配送费:4.5元,-,-,-,2.00,温州区域,温州直营,,,否,-,平台配送
圣比萨（龙霞店）,SBS00007,温州,"8017260255395177980	",饿了么,平台外卖,已完成,2025-10-23 13:55:34,2025-10-23 13:55:34,2025-10-23 13:55:34,饿了么支付-在线支付,,即时单,2025-10-23 13:55:34,10.08,自动出餐,1,否,"披萨随心配（60.00*1）,餐盒（2.00*1）",蛋挞1个+深海墨鱼丸2个+上校鸡块2个+缤纷水果披萨(7英寸(手拍)),,,,非会员,11,,,依据餐量提供餐具,,60.00,17.29,37.10,0.00,0,0,1.64,0.00,3.50,【活动支出】单品特价:30.10元+【活动支出】 商家自营销加码:2.00元+【活动支出】饿了么红包:5.00元+【活动支出】替用户承担配送费:3.5元,-,-,-,2.00,温州区域,温州直营,,,否,-,平台配送
圣比萨（龙霞店）,SBS00007,温州,"8043596089328950542	",饿了么,平台外卖,已完成,2025-10-23 14:37:27,2025-10-23 14:37:27,2025-10-23 14:37:28,饿了么支付-在线支付,,即时单,2025-10-23 14:37:27,10.17,自动出餐,1,否,手握三选一-单点[奥尔良]（20.00*1）,奥尔良风情烤鸡肉一人食盒子披萨,,,,非会员,12,,,依据餐量提供餐具,,20.00,10.00,0.00,0.00,0,0,0.00,0.00,,【活动支出】拼团反圈活动:0.00元,-,-,-,0.00,温州区域,温州直营,,,否,-,平台配送
圣比萨（龙霞店）,SBS00007,温州,"8058170255348670778	",饿了么,平台外卖,已完成,2025-10-23 16:10:56,2025-10-23 16:10:56,2025-10-23 16:10:56,饿了么支付-在线支付,,预约单,2025-10-23 17:10:00,14.18,自动出餐,1,否,"点击右上角❤️收藏得小吃[小薯饼一个]（2.00*1）,披萨随心配（60.00*1）,【福利优惠】蛋挞一个（原味）（10.00*1）,【新客福利】台式香烤地道肠（7.50*1）,餐盒（3.50*1）",薯饼1个+盐酥鸡米花小份+蛋挞1个+上校鸡块2个+日系照烧鸡披萨(7英寸(手拍))+蛋挞1个+地道肠1根,,,,非会员,13,,,依据餐量提供餐具,,79.50,24.50,49.01,0.00,0,0,2.32,0.00,3.50,【活动支出】单品特价:1.90元+【活动支出】店铺满减:1.00元+【活动支出】单品特价:30.10元+【活动支出】单品特价:9.01元+【活动支出】 商家自营销加码:2.00元+【活动支出】饿了么红包:5.00元+【活动支出】替用户承担配送费:3.5元,-,-,-,3.50,温州区域,温州直营,,,否,-,平台配送
圣比萨（龙霞店）,SBS00007,温州,"8073716089343580420	",饿了么,平台外卖,已完成,2025-10-23 16:24:05,2025-10-23 16:24:05,2025-10-23 16:24:05,饿了么支付-在线支付,,即时单,2025-10-23 16:24:05,10.02,自动出餐,1,否,"任选披萨8选1+小吃6选1+饮料[缤纷水果披萨7英寸+地道肠1根+芒果汁+常温]（58.00*1）,餐盒（2.00*1）",缤纷水果披萨【7英寸(手拍)】+地道肠【1根】+芒果汁,,,,非会员,14,,,依据餐量提供餐具,,58.00,24.41,26.10,0.00,0,0,2.32,0.00,3.50,【活动支出】单品特价:26.10元+【活动支出】替用户承担配送费:3.5元,-,-,-,2.00,温州区域,温州直营,,,否,-,平台配送
圣比萨（龙霞店）,SBS00007,温州,"8078110255452262735	",饿了么,平台外卖,已完成,2025-10-23 16:55:31,2025-10-23 16:55:31,2025-10-23 16:55:31,饿了么支付-在线支付,,即时单,2025-10-23 16:55:31,10.18,自动出餐,1,否,"缤纷水果披萨-7英寸(手拍)[{""name"":""规格"",""value"":""7英寸(手拍)""}]（42.00*1）,餐盒（1.00*1）",缤纷水果披萨,,,,非会员,15,,,依据餐量提供餐具,,42.00,13.10,23.10,0.00,0,0,1.43,0.00,3.50,【活动支出】单品特价:16.10元+【活动支出】饿了么红包:7.00元+【活动支出】替用户承担配送费:3.5元,-,-,-,1.00,温州区域,温州直营,,,否,-,平台配送
圣比萨（龙霞店）,SBS00007,温州,"8036826089373139354	",饿了么,平台外卖,已完成,2025-10-23 16:56:06,2025-10-23 16:56:06,2025-10-23 16:56:06,饿了么支付-在线支付,,即时单,2025-10-23 16:56:06,10.08,自动出餐,1,否,"缤纷水果披萨-7英寸(手拍)[{""name"":""规格"",""value"":""7英寸(手拍)""}]（42.00*1）,餐盒（1.00*1）",缤纷水果披萨,,,,非会员,16,,,依据餐量提供餐具,,42.00,13.10,23.10,0.00,0,0,1.43,0.00,3.50,【活动支出】单品特价:16.10元+【活动支出】 商家自营销加码:2.00元+【活动支出】饿了么红包:5.00元+【活动支出】替用户承担配送费:3.5元,-,-,-,1.00,温州区域,温州直营,,,否,-,平台配送
圣比萨（龙霞店）,SBS00007,温州,"8096616089329171731	",饿了么,平台外卖,已完成,2025-10-23 17:24:25,2025-10-23 17:24:25,2025-10-23 17:24:25,饿了么支付-在线支付,,即时单,2025-10-23 17:24:25,10.07,自动出餐,1,否,"番茄牛肉意面（52.00*1）,餐盒（1.00*1）",番茄牛肉意面,,,,非会员,17,,,依据餐量提供餐具,,52.00,10.20,35.10,0.00,0,0,1.43,0.00,4.50,【活动支出】单品特价:28.10元+【活动支出】饿了么红包:7.00元+【活动支出】替用户承担配送费:4.5元,-,-,-,1.00,温州区域,温州直营,,,否,-,平台配送
圣比萨（龙霞店）,SBS00007,温州,"8065856089375932850	",饿了么,平台外卖,已完成,2025-10-23 17:31:15,2025-10-23 17:31:15,2025-10-23 17:31:15,饿了么支付-在线支付,,即时单,2025-10-23 17:31:15,12.13,自动出餐,1,否,"【福利优惠】蛋挞一个（原味）（10.00*1）,【买一送一】买披萨送披萨[奥尔良鸡肉披萨7英寸+缤纷水果披萨7英寸]（86.80*1）,餐盒（0.50*1）",蛋挞1个+新奥尔良烤鸡肉披萨【7英寸(手拍)】+缤纷水果披萨【7英寸(手拍)】,,,,非会员,18,,,2份餐具,,96.80,23.95,63.90,0.00,0,0,2.28,0.00,3.50,【活动支出】单品特价:54.90元+【活动支出】精准营销:9.00元+【活动支出】替用户承担配送费:3.5元,-,-,-,0.50,温州区域,温州直营,,,否,-,平台配送
圣比萨（龙霞店）,SBS00007,温州,"8082516089401894298	",饿了么,平台外卖,已完成,2025-10-23 17:49:23,2025-10-23 17:49:23,2025-10-23 17:49:23,饿了么支付-在线支付,,即时单,2025-10-23 17:49:23,12.20,自动出餐,1,否,"7英寸奥尔良烤鸡肉披萨[7英奥尔良烤鸡肉披萨]（58.00*1）,奶酪芝士卷边（7英寸）（4.90*1）,餐盒（2.00*1）",新奥尔良烤鸡肉披萨【7英寸(手拍)】+奶酪芝士卷边7,,,,非会员,19,,,"不要打电话, 不要敲门, 放门口就行了谢谢 / 依据餐量提供餐具",,62.90,15.94,42.10,0.00,0,0,1.49,0.00,3.50,【活动支出】单品特价:37.10元+【活动支出】饿了么红包:5.00元+【活动支出】替用户承担配送费:3.5元,-,-,-,2.00,温州区域,温州直营,,,否,-,平台配送
圣比萨（龙霞店）,SBS00007,温州,"8057410255584034288	",饿了么,平台外卖,已完成,2025-10-23 18:01:32,2025-10-23 18:01:32,2025-10-23 18:01:32,饿了么支付-在线支付,,即时单,2025-10-23 18:01:32,12.22,自动出餐,1,否,"圣比招牌披萨-9英寸(经典手拍)[{""name"":""规格"",""value"":""9英寸(经典手拍)""}]（78.00*1）,餐盒（2.00*1）",大圣招牌大满贯披萨,,,,非会员,20,,,1份餐具,,78.00,27.19,43.10,0.00,0,0,2.54,0.00,3.50,【活动支出】店铺满减:1.00元+【活动支出】单品特价:34.10元+【活动支出】饿了么红包:8.00元+【活动支出】替用户承担配送费:3.5元,-,-,-,2.00,温州区域,温州直营,,,否,-,平台配送
圣比萨（龙霞店）,SBS00007,温州,"8032626089357249925	",饿了么,平台外卖,已完成,2025-10-23 18:04:55,2025-10-23 18:04:55,2025-10-23 18:04:56,饿了么支付-在线支付,,即时单,2025-10-23 18:04:55,12.07,自动出餐,1,否,"【香蕉菠萝】7英寸缤纷水果披萨（42.00*1）,超值全翅桶（78.00*1）,【肥宅快乐水】小可乐（5.00*1）,餐盒（4.00*1）",缤纷水果披萨【7英寸(手拍)】+全翅桶+小可乐,,,,非会员,21,,,2份餐具,,125.00,48.65,65.00,0.00,0,0,4.58,0.00,3.50,【活动支出】店铺满减:6.00元+【活动支出】单品特价:16.10元+【活动支出】单品特价:28.10元+【活动支出】单品特价:2.80元+【活动支出】饿了么红包:12.00元+【活动支出】替用户承担配送费:3.5元,-,-,-,4.00,温州区域,温州直营,,,否,-,平台配送
圣比萨（龙霞店）,SBS00007,温州,"8069506089393997083	",饿了么,平台外卖,已完成,2025-10-23 18:09:01,2025-10-23 18:09:01,2025-10-23 18:09:01,饿了么支付-在线支付,,即时单,2025-10-23 18:09:01,12.22,自动出餐,1,否,"7英寸披萨一人食土豪餐[浪漫威尼斯披萨7英寸+上校鸡块4个+深海墨鱼丸3个+冰红茶]（61.00*1）,餐盒（2.00*1）",浪漫威尼斯披萨【7英寸(手拍)】+上校鸡块+深海墨鱼丸3个+盒装饮料（如冰红茶）,,,,非会员,22,,,无需餐具,,61.00,21.31,33.10,0.00,0,0,2.02,0.00,4.00,【活动支出】单品特价:26.10元+【活动支出】饿了么红包:7.00元+【活动支出】替用户承担配送费:4.0元,-,-,-,2.00,温州区域,温州直营,,,否,-,平台配送
圣比萨（龙霞店）,SBS00007,温州,"8008686089406414171	",饿了么,平台外卖,已完成,2025-10-23 19:27:22,2025-10-23 19:27:22,2025-10-23 19:27:22,饿了么支付-在线支付,,即时单,2025-10-23 19:27:22,12.00,自动出餐,1,否,"意面随心配（58.00*1）,餐盒（2.00*1）",盐酥鸡米花小份+地道肠1根+蛋挞1个+招牌肉酱意面,,,,非会员,23,,,对骑手：麻烦您直接放在门口，谢谢！！！ / 依据餐量提供餐具,,58.00,14.20,38.10,0.00,0,0,1.43,0.00,4.50,【活动支出】单品特价:31.10元+【活动支出】饿了么红包:7.00元+【活动支出】替用户承担配送费:4.5元,-,-,-,2.00,温州区域,温州直营,,,否,-,平台配送
圣比萨（龙霞店）,SBS00007,温州,"8043826089466760491	",饿了么,平台外卖,已完成,2025-10-23 19:53:10,2025-10-23 19:53:10,2025-10-23 19:53:10,饿了么支付-在线支付,,即时单,2025-10-23 19:53:10,10.05,自动出餐,1,否,"7英寸奥尔良烤鸡肉披萨[7英奥尔良烤鸡肉披萨]（58.00*1）,餐盒（2.00*1）",新奥尔良烤鸡肉披萨【7英寸(手拍)】,,,,非会员,24,,,到了放门口不要敲门谢谢 / 依据餐量提供餐具,,58.00,7.30,44.10,0.00,0,0,1.43,0.00,5.60,【活动支出】单品特价:37.10元+【活动支出】 商家自营销加码:2.00元+【活动支出】饿了么红包:5.00元+【活动支出】替用户承担配送费:5.6元,-,-,-,2.00,温州区域,温州直营,,,否,-,平台配送
圣比萨（龙霞店）,SBS00007,温州,"8075716089443424716	",饿了么,平台外卖,已完成,2025-10-23 19:56:54,2025-10-23 19:56:54,2025-10-23 19:56:55,饿了么支付-在线支付,,即时单,2025-10-23 19:56:54,10.22,自动出餐,1,否,"7英寸奥尔良烤鸡肉披萨[7英奥尔良烤鸡肉披萨]（58.00*1）,奶酪芝士卷边（7英寸）（4.90*1）,餐盒（2.00*1）",新奥尔良烤鸡肉披萨【7英寸(手拍)】+奶酪芝士卷边7,,,,非会员,25,,,依据餐量提供餐具,,62.90,10.80,44.10,0.00,0,0,1.43,0.00,6.80,【活动支出】单品特价:37.10元+【活动支出】 商家自营销加码:2.00元+【活动支出】饿了么红包:5.00元+【活动支出】替用户承担配送费:6.0元,-,-,-,2.00,温州区域,温州直营,,,否,-,平台配送
圣比萨（龙霞店）,SBS00007,温州,"8011160255573268918	",饿了么,平台外卖,已完成,2025-10-23 20:56:48,2025-10-23 20:56:48,2025-10-23 20:56:48,饿了么支付-在线支付,,即时单,2025-10-23 20:56:48,10.07,自动出餐,1,否,"【香蕉菠萝】9英寸缤纷水果披萨（75.00*1）,餐盒（2.00*1）",缤纷水果披萨【9英寸(手拍)】,,,,非会员,26,,,依据餐量提供餐具,,75.00,20.39,48.10,0.00,0,0,1.94,0.00,3.50,【活动支出】单品特价:40.10元+【活动支出】饿了么红包:8.00元+【活动支出】替用户承担配送费:3.5元,-,-,-,2.00,温州区域,温州直营,,,否,-,平台配送
圣比萨（龙霞店）,SBS00007,温州,"8003080255569882563	",饿了么,平台外卖,已完成,2025-10-23 20:59:03,2025-10-23 20:59:03,2025-10-23 20:59:04,饿了么支付-在线支付,,即时单,2025-10-23 20:59:03,10.18,自动出餐,1,否,"7英寸奥尔良烤鸡肉披萨[7英奥尔良烤鸡肉披萨]（58.00*1）,餐盒（2.00*1）",新奥尔良烤鸡肉披萨【7英寸(手拍)】,,,,非会员,27,,,1份餐具,,58.00,10.10,43.10,0.00,0,0,1.43,0.00,3.50,【活动支出】单品特价:37.10元+【活动支出】饿了么红包:6.00元+【活动支出】替用户承担配送费:3.5元,-,-,-,2.00,温州区域,温州直营,,,否,-,平台配送
圣比萨（龙霞店）,SBS00007,温州,"8014370255678680334	",饿了么,平台外卖,已完成,2025-10-23 21:26:51,2025-10-23 21:26:51,2025-10-23 21:26:52,饿了么支付-在线支付,,即时单,2025-10-23 21:26:51,10.23,自动出餐,1,否,"7英寸奥尔良烤鸡肉披萨[7英奥尔良烤鸡肉披萨]（58.00*1）,餐盒（2.00*1）",新奥尔良烤鸡肉披萨【7英寸(手拍)】,,,,非会员,28,,,依据餐量提供餐具,,58.00,8.60,44.10,0.00,0,0,1.43,0.00,5.60,【活动支出】单品特价:37.10元+【活动支出】 商家自营销加码:2.00元+【活动支出】饿了么红包:5.00元+【活动支出】替用户承担配送费:5.6元,-,-,-,2.00,温州区域,温州直营,,,否,-,平台配送
圣比萨（龙霞店）,SBS00007,温州,"8075796089450472917	",饿了么,平台外卖,已完成,2025-10-23 21:31:33,2025-10-23 21:31:33,2025-10-23 21:31:34,饿了么支付-在线支付,,即时单,2025-10-23 21:31:33,10.10,自动出餐,1,否,"明星至尊桶（59.00*1）,7英寸奥尔良烤鸡肉披萨[7英奥尔良烤鸡肉披萨]（58.00*1）,餐盒（4.00*1）",明星至尊桶+新奥尔良烤鸡肉披萨【7英寸(手拍)】,,,,非会员,29,,,无需餐具,,117.00,38.67,69.20,0.00,0,0,3.66,0.00,5.60,【活动支出】店铺满减:6.00元+【活动支出】单品特价:19.10元+【活动支出】单品特价:37.10元+【活动支出】超级会员专享红包:5.00元+【活动支出】 商家自营销加码:2.00元+【活动支出】替用户承担配送费:5.6元,-,-,-,4.00,温州区域,温州直营,,,否,-,平台配送
圣比萨（龙霞店）,SBS00007,温州,"8086856089505591569	",饿了么,平台外卖,已完成,2025-10-23 21:58:20,2025-10-23 21:58:20,2025-10-23 21:58:21,饿了么支付-在线支付,,即时单,2025-10-23 21:58:20,10.13,自动出餐,1,否,"【香蕉菠萝】7英寸缤纷水果披萨（42.00*1）,奶酪芝士卷边（7英寸）（4.90*1）,餐盒（2.00*1）",缤纷水果披萨【7英寸(手拍)】+奶酪芝士卷边7,,,,非会员,30,,,1份餐具,,46.90,17.62,23.10,0.00,0,0,1.71,0.00,5.60,【活动支出】单品特价:16.10元+【活动支出】超级会员专享红包:5.00元+【活动支出】 商家自营销加码:2.00元+【活动支出】替用户承担配送费:5.6元,-,-,-,2.00,温州区域,温州直营,,,否,-,平台配送
圣比萨（苍南马站店）,SBS00020,温州,"8095380255179332038	",饿了么,平台外卖,已完成,2025-10-23 10:45:43,2025-10-23 10:45:43,2025-10-23 10:45:43,饿了么支付-在线支付,,即时单,2025-10-23 10:45:43,9.02,手动出餐,1,否,"番茄牛肉意面（52.00*1）,餐盒（2.00*1）",番茄牛肉意面,,,,非会员,1,,,依据餐量提供餐具,,52.00,12.77,33.10,0.00,0,0,1.88,0.00,5.00,【活动支出】单品特价:26.10元+【活动支出】饿了么红包:7.00元+【活动支出】替用户承担配送费:5.0元,-,-,-,2.00,温州区域,温州直营,,,否,-,平台配送
圣比萨（苍南马站店）,SBS00020,温州,"8057360255327977883	",饿了么,平台外卖,已完成,2025-10-23 15:12:22,2025-10-23 15:12:22,2025-10-23 15:12:22,饿了么支付-在线支付,,即时单,2025-10-23 15:12:22,15.05,自动出餐,1,否,"碳烤鸡肉芝士焗饭（52.00*1）,七喜（5.00*1）,深海墨鱼丸-3个[{""name"":""规格"",""value"":""3个""}]（10.60*1）,餐盒（3.00*1）",碳烤鸡肉芝士焗饭+七喜+深海墨鱼丸,,,,非会员,2,,,依据餐量提供餐具,,67.60,23.51,36.70,0.00,0,0,3.24,0.00,3.50,【活动支出】店铺满减:1.00元+【活动支出】单品特价:23.10元+【活动支出】单品特价:5.60元+【活动支出】 商家自营销加码:2.00元+【活动支出】饿了么红包:5.00元+【活动支出】替用户承担配送费:3.5元,-,-,-,3.00,温州区域,温州直营,,,否,-,平台配送
圣比萨（苍南马站店）,SBS00020,温州,"8085160255575353797	",饿了么,平台外卖,已完成,2025-10-23 17:49:03,2025-10-23 17:49:03,2025-10-23 17:49:03,饿了么支付-在线支付,,即时单,2025-10-23 17:49:03,15.07,自动出餐,1,否,"蛋挞1个（5.00*1）,【随心❤️拼】7英寸双拼披萨（口味自选）[新奥尔良烤鸡肉+碳烤鸡肉培根]（26.90*1）,红薯薯泥流心卷边（7英寸）（4.90*1）,深海墨鱼丸-3个[{""name"":""规格"",""value"":""3个""}]（10.60*1）,餐盒（2.00*1）",蛋挞1个+双拼7寸【奥尔良口味7】+双拼7寸【碳烤鸡肉培根口味7】+红薯泥流心卷边7+深海墨鱼丸,,,,非会员,3,,,依据餐量提供餐具,,47.40,23.11,16.61,0.00,0,0,3.13,0.00,3.50,【活动支出】店铺满减:1.00元+【活动支出】单品特价:4.01元+【活动支出】单品特价:5.60元+【活动支出】粉丝群:1.00元+【活动支出】饿了么红包:5.00元+【活动支出】替用户承担配送费:3.5元,-,-,-,2.00,温州区域,温州直营,,,否,-,平台配送
圣比萨（苍南马站店）,SBS00020,温州,"8040996089377966363	",饿了么,平台外卖,已完成,2025-10-23 17:56:10,2025-10-23 17:56:10,2025-10-23 17:56:10,饿了么支付-在线支付,,即时单,2025-10-23 17:56:10,9.25,手动出餐,1,否,"炙热牛魔王披萨-9英寸(经典手拍)[{""name"":""规格"",""value"":""9英寸(经典手拍)""}]（78.00*1）,餐盒（2.00*1）",炙热牛魔王披萨,,,,非会员,4,,,依据餐量提供餐具,,78.00,20.53,50.10,0.00,0,0,2.82,0.00,3.50,【活动支出】店铺满减:1.00元+【活动支出】单品特价:35.10元+【活动支出】订单集点返红包:5.00元+【活动支出】饿了么红包:9.00元+【活动支出】替用户承担配送费:3.5元,-,-,-,2.00,温州区域,温州直营,,,否,-,平台配送
圣比萨（苍南马站店）,SBS00020,温州,"8088546089393535391	",饿了么,平台外卖,已完成,2025-10-23 18:12:48,2025-10-23 18:12:48,2025-10-23 18:12:48,饿了么支付-在线支付,,即时单,2025-10-23 18:12:48,15.23,自动出餐,1,否,"手握三选一+二选一+可乐-单点[奥尔良+薯饼 2 块+可乐][{""name"":""规格"",""value"":""单点""}]（24.00*1）",小可乐+奥尔良风情烤鸡肉一人食盒子披萨+薯饼2个,,,,非会员,5,,,依据餐量提供,,24.00,14.00,0.00,0.00,0,0,0.00,0.00,,【活动支出】拼团反圈活动:0.00元,-,-,-,0.00,温州区域,温州直营,,,否,-,平台配送
圣比萨（苍南马站店）,SBS00020,温州,"8082360255573350906	",饿了么,平台外卖,已完成,2025-10-23 20:53:35,2025-10-23 20:53:35,2025-10-23 20:53:35,饿了么支付-在线支付,,即时单,2025-10-23 20:53:35,12.12,手动出餐,1,否,"圣比招牌披萨-7英寸(经典手拍)[{""name"":""规格"",""value"":""7英寸(经典手拍)""}]（45.00*1）,咸蛋黄风味流沙卷边（7英寸）（4.90*1）,餐盒（2.00*1）",大圣招牌大满贯披萨+咸蛋黄流沙卷边7,,,,非会员,6,,,依据餐量提供餐具,,49.90,22.23,20.10,0.00,0,0,3.02,0.00,3.50,【活动支出】店铺满减:1.00元+【活动支出】单品特价:11.10元+【活动支出】饿了么红包:8.00元+【活动支出】替用户承担配送费:3.5元,-,-,-,2.00,温州区域,温州直营,,,否,-,平台配送
圣比萨（苍南马站店）,SBS00020,温州,"8030556089461195215	",饿了么,平台外卖,已完成,2025-10-23 21:03:28,2025-10-23 21:03:28,2025-10-23 21:03:28,饿了么支付-在线支付,,即时单,2025-10-23 21:03:28,15.12,自动出餐,1,否,"土豪加料随心选-加一份芝士[加披萨里][{""name"":""规格"",""value"":""加一份芝士""}]（10.00*2）,鲜虾菠萝披萨-9英寸(经典手拍)[{""name"":""规格"",""value"":""9英寸(经典手拍)""}]（78.00*1）,餐盒（2.00*1）",土豪加料随心选+鲜虾菠萝披萨,,,,非会员,7,,,"对商家不要葱花,不要洋葱,不要香菜！！！！！ / 依据餐量提供餐具",,98.00,35.53,50.10,0.00,0,0,4.92,0.00,5.60,【活动支出】店铺满减:6.00元+【活动支出】单品特价:32.10元+【活动支出】饿了么红包:12.00元+【活动支出】替用户承担配送费:5.6元,-,-,-,2.00,温州区域,温州直营,,,否,-,平台配送
圣比萨（苍南马站店）,SBS00020,温州,"8071696089443276191	",饿了么,平台外卖,已完成,2025-10-23 21:30:18,2025-10-23 21:30:18,2025-10-23 21:30:18,饿了么支付-在线支付,,即时单,2025-10-23 21:30:18,14.35,手动出餐,1,否,奥尔良烤鸡肉披萨(7寸)-单点（23.21*1）,新奥尔良烤鸡肉披萨【7英寸(手拍)】,,,,非会员,8,,,依据餐量提供餐具,,23.21,13.21,0.00,0.00,0,0,0.00,0.00,,【活动支出】拼团反圈活动:0.00元,-,-,-,0.00,温州区域,温州直营,,,否,-,平台配送
圣比萨（苍南马站店）,SBS00020,温州,"8091956089482655071	",饿了么,平台外卖,已完成,2025-10-23 21:52:33,2025-10-23 21:52:33,2025-10-23 21:52:34,饿了么支付-在线支付,,即时单,2025-10-23 21:52:33,13.43,手动出餐,1,否,"碳烤鸡肉培根披萨-7英寸(手拍)[{""name"":""规格"",""value"":""7英寸(手拍)""}]（45.00*1）,咸蛋黄风味流沙卷边（7英寸）（4.90*1）,餐盒（2.00*1）",碳烤鸡肉培根披萨+咸蛋黄流沙卷边7,,,,非会员,9,,,依据餐量提供餐具,,49.90,16.96,26.10,0.00,0,0,2.39,0.00,5.60,【活动支出】单品特价:19.10元+【活动支出】饿了么红包:7.00元+【活动支出】替用户承担配送费:5.6元,-,-,-,2.00,温州区域,温州直营,,,否,-,平台配送
圣比萨（苍南马站店）,SBS00020,温州,"8083956089502976292	",饿了么,平台外卖,已完成,2025-10-23 22:05:31,2025-10-23 22:05:31,2025-10-23 22:05:31,饿了么支付-在线支付,,即时单,2025-10-23 22:05:31,11.60,手动出餐,1,否,"牛魔王薄脆披萨-单层[{""name"":""规格"",""value"":""单层""}]（90.00*1）,餐盒（2.00*1）",牛魔王薄脆披萨,,,,非会员,10,,,依据餐量提供餐具,,90.00,22.94,57.50,0.00,0,0,3.31,0.00,5.60,【活动支出】店铺满减:1.00元+【活动支出】单品特价:47.50元+【活动支出】饿了么红包:9.00元+【活动支出】替用户承担配送费:5.6元,-,-,-,2.00,温州区域,温州直营,,,否,-,平台配送
圣比萨（苍南马站店）,SBS00020,温州,"8000420255605123434	",饿了么,平台外卖,已完成,2025-10-23 22:41:35,2025-10-23 22:41:35,2025-10-23 22:41:35,饿了么支付-在线支付,,即时单,2025-10-23 22:41:35,11.78,手动出餐,1,否,手握三选一-单点[奥尔良]（20.00*1）,奥尔良风情烤鸡肉一人食盒子披萨,,,,非会员,11,,,依据餐量提供餐具,,20.00,10.00,0.00,0.00,0,0,0.00,0.00,,【活动支出】拼团反圈活动:0.00元,-,-,-,0.00,温州区域,温州直营,,,否,-,平台配送
圣比萨·披萨·炸鸡（陈家港店）,SBM00014,盐城,"8052716089155709284	",饿了么,平台外卖,已完成,2025-10-23 10:44:39,2025-10-23 10:44:39,2025-10-23 10:44:39,饿了么支付-在线支付,,即时单,2025-10-23 10:44:39,8.70,手动出餐,1,否,"爆款鸡柳桶[香辣]（28.90*1）,餐盒（1.00*1）",大圣鸡柳三合一,,,,非会员,1,,,对商家：不吃平菇，平菇换成鸡柳，感谢🙏 / 依据餐量提供餐具,,28.90,14.02,5.00,0.00,0,0,6.88,0.00,5.00,【活动支出】饿了么红包:5.00元+【活动支出】替用户承担配送费:5.0元,-,-,-,1.00,江苏区域,江苏直营店,,,否,-,平台配送
圣比萨·披萨·炸鸡（陈家港店）,SBM00014,盐城,"8021120255238667679	",饿了么,平台外卖,已完成,2025-10-23 11:43:56,2025-10-23 11:43:56,2025-10-23 11:43:56,饿了么支付-在线支付,,即时单,2025-10-23 11:43:56,10.27,手动出餐,1,否,"港式奶茶[常温]（9.00*1）,新奥尔良烤鸡肉披萨-7寸(手拍)[{""name"":""规格"",""value"":""7寸(手拍)""}]（28.90*1）,餐盒（2.00*1）",港式奶茶+新奥尔良烤鸡肉披萨,,,,非会员,2,,,依据餐量提供餐具,,37.90,20.72,6.00,0.00,0,0,9.18,0.00,5.00,【活动支出】店铺满减:1.00元+【活动支出】饿了么红包:5.00元+【活动支出】替用户承担配送费:5.0元,-,-,-,2.00,江苏区域,江苏直营店,,,否,-,平台配送
圣比萨·披萨·炸鸡（陈家港店）,SBM00014,盐城,"8000290255392550167	",饿了么,平台外卖,已完成,2025-10-23 17:44:28,2025-10-23 17:44:28,2025-10-23 17:44:29,饿了么支付-在线支付,,即时单,2025-10-23 17:44:28,14.08,自动出餐,1,否,"奶酪芝士卷边（9英寸）（6.90*1）,新奥尔良烤鸡肉披萨-9寸(手拍)[{""name"":""规格"",""value"":""9寸(手拍)""}]（39.90*1）,餐盒（1.00*1）",奶酪芝士卷边9+新奥尔良烤鸡肉披萨,,,,非会员,3,,,依据餐量提供餐具,,46.80,26.81,6.00,0.00,0,0,10.99,0.00,5.00,【活动支出】店铺满减:1.00元+【活动支出】饿了么红包:5.00元+【活动支出】替用户承担配送费:5.0元,-,-,-,1.00,江苏区域,江苏直营店,,,否,-,平台配送
圣比萨·披萨·炸鸡（陈家港店）,SBM00014,盐城,"8059546089410350563	",饿了么,平台外卖,已完成,2025-10-23 18:33:13,2025-10-23 18:33:13,2025-10-23 18:33:13,饿了么支付-在线支付,,即时单,2025-10-23 18:33:13,9.08,手动出餐,1,否,"爆款鸡柳桶[三种口味混合]（28.90*1）,餐盒（1.00*1）",大圣鸡柳三合一,,,,非会员,4,,,依据餐量提供餐具,,28.90,14.02,5.00,0.00,0,0,6.88,0.00,5.00,【活动支出】饿了么红包:5.00元+【活动支出】替用户承担配送费:5.0元,-,-,-,1.00,江苏区域,江苏直营店,,,否,-,平台配送
圣比萨·披萨·炸鸡（陈家港店）,SBM00014,盐城,"8056516089446835492	",饿了么,平台外卖,已完成,2025-10-23 20:01:07,2025-10-23 20:01:07,2025-10-23 20:01:08,饿了么支付-在线支付,,即时单,2025-10-23 20:01:07,10.90,手动出餐,1,否,"玉米沙拉披萨-7英寸(手拍)[{""name"":""规格"",""value"":""7英寸(手拍)""}]（28.90*1）,餐盒（1.00*1）",玉米沙拉披萨,,,,非会员,5,,,依据餐量提供餐具,,28.90,14.02,5.00,0.00,0,0,6.88,0.00,5.00,【活动支出】饿了么红包:5.00元+【活动支出】替用户承担配送费:5.0元,-,-,-,1.00,江苏区域,江苏直营店,,,否,-,平台配送
圣比萨·披萨·炸鸡（陈家港店）,SBM00014,盐城,"8001400255598892310	",饿了么,平台外卖,已完成,2025-10-23 22:59:06,2025-10-23 22:59:06,2025-10-23 22:59:06,饿了么支付-在线支付,,即时单,2025-10-23 22:59:06,9.75,手动出餐,1,否,"香烤鸡翅-2只[{""name"":""规格"",""value"":""2只""}]（10.90*1）,盐酥鸡粒（9.90*1）,大圣香肠一串[香辣]（8.50*1）,餐盒（1.50*1）",香烤鸡翅+盐酥鸡粒,,,,非会员,6,,,依据餐量提供餐具,,29.30,12.72,7.00,0.00,0,0,7.08,0.00,6.00,【活动支出】粉丝群:2.00元+【活动支出】饿了么红包:5.00元+【活动支出】替用户承担配送费:6.0元,-,-,-,1.50,江苏区域,江苏直营店,,,否,-,平台配送
圣比萨（春晖店）,SBS00004,温州,"8064470255338807757	",饿了么,平台外卖,已退款,2025-10-23 09:49:18,2025-10-23 09:49:18,2025-10-23 09:49:19,饿了么支付-在线支付,,预约单,2025-10-23 11:15:00,,未出餐,1,否,"榴莲披萨随心拼套餐（69.70*1）,餐盒（2.00*1）",芒果汁+小可乐+浪漫威尼斯披萨(7英寸(手拍))+榴莲王披萨(7英寸(手拍))+金丝鸡排,,,,非会员,1,,,无需餐具,"餐厅同意取消单 ",69.70,-4.35,18.00,41.00,0,0,3.80,0.00,9.30,【活动支出】店铺满减:6.00元+【活动支出】饿了么红包:12.00元+【活动支出】替用户承担配送费:6.0元,-,-,-,2.00,温州区域,温州直营,,,否,-,平台配送
圣比萨（春晖店）,SBS00004,温州,"8073100255248173481	",饿了么,平台外卖,已完成,2025-10-23 10:03:31,2025-10-23 10:03:31,2025-10-23 10:03:32,饿了么支付-在线支付,,预约单,2025-10-23 11:05:00,16.48,自动出餐,1,否,"[买一送一]买披萨送意面[碳烤鸡肉培根7英寸+番茄牛肉意面]（75.00*1）,餐盒（2.00*1）",碳烤鸡肉培根披萨【7英寸(手拍)】+番茄牛肉意面,,,,非会员,2,,,2份餐具,,75.00,27.21,40.10,0.00,0,0,2.54,0.00,3.50,【活动支出】店铺满减:1.00元+【活动支出】单品特价:30.10元+【活动支出】饿了么红包:9.00元+【活动支出】替用户承担配送费:3.5元,-,-,-,2.00,温州区域,温州直营,,,否,-,平台配送
圣比萨（春晖店）,SBS00004,温州,"8064470255246668276	",饿了么,平台外卖,已完成,2025-10-23 10:08:18,2025-10-23 10:08:18,2025-10-23 10:08:19,饿了么支付-在线支付,,即时单,2025-10-23 10:08:18,11.07,自动出餐,1,否,"榴莲披萨随心拼套餐（69.70*1）,餐盒（2.00*1）",芒果汁+小可乐+浪漫威尼斯披萨(7英寸(手拍))+榴莲王披萨(7英寸(手拍))+金丝鸡排,,,,非会员,3,,,无需餐具,,69.70,35.30,20.00,0.00,0,0,3.65,0.00,9.30,【活动支出】店铺满减:6.00元+【活动支出】粉丝群:2.00元+【活动支出】饿了么红包:12.00元+【活动支出】替用户承担配送费:6.0元,-,-,-,2.00,温州区域,温州直营,,,否,-,平台配送
圣比萨（春晖店）,SBS00004,温州,"8082070255254156565	",饿了么,平台外卖,已完成,2025-10-23 10:27:37,2025-10-23 10:27:37,2025-10-23 10:27:37,饿了么支付-在线支付,,即时单,2025-10-23 10:27:37,11.22,自动出餐,1,否,盒子披萨三选一[热带雨林水果]（29.00*1）,热带雨林水果一人食盒子披萨,,,,非会员,4,,,依据餐量提供餐具,,29.00,7.12,15.10,0.00,0,0,1.43,0.00,3.50,【活动支出】单品特价:8.10元+【活动支出】 商家自营销加码:2.00元+【活动支出】饿了么红包:5.00元+【活动支出】替用户承担配送费:3.5元,-,-,-,0.00,温州区域,温州直营,,,否,-,平台配送
圣比萨（春晖店）,SBS00004,温州,"8018260255189187069	",饿了么,平台外卖,已完成,2025-10-23 10:58:58,2025-10-23 10:58:58,2025-10-23 10:58:58,饿了么支付-在线支付,,即时单,2025-10-23 10:58:58,11.22,自动出餐,1,否,"7英寸披萨一人食土豪餐[浪漫威尼斯披萨7英寸+金丝鸡排+深海墨鱼丸3个+港式奶茶]（70.00*1）,餐盒（2.00*1）",浪漫威尼斯披萨【7英寸(手拍)】+金丝鸡排+深海墨鱼丸3个+港式奶茶,,,,非会员,5,,,奶茶要热的 / 依据餐量提供餐具,,70.00,21.33,42.10,0.00,0,0,2.02,0.00,3.50,【活动支出】单品特价:35.10元+【活动支出】饿了么红包:7.00元+【活动支出】替用户承担配送费:3.5元,-,-,-,2.00,温州区域,温州直营,,,否,-,平台配送
圣比萨（春晖店）,SBS00004,温州,"8035480255314386237	",饿了么,平台外卖,已完成,2025-10-23 11:18:45,2025-10-23 11:18:45,2025-10-23 11:18:46,饿了么支付-在线支付,,即时单,2025-10-23 11:18:45,11.00,自动出餐,1,否,"缤纷水果披萨-7英寸(手拍)[{""name"":""规格"",""value"":""7英寸(手拍)""}]（42.00*1）,餐盒（1.00*1）",缤纷水果披萨,,,,非会员,6,,,依据餐量提供餐具,,42.00,13.12,23.10,0.00,0,0,1.43,0.00,3.50,【活动支出】单品特价:16.10元+【活动支出】饿了么红包:7.00元+【活动支出】替用户承担配送费:3.5元,-,-,-,1.00,温州区域,温州直营,,,否,-,平台配送
圣比萨（春晖店）,SBS00004,温州,"8098140255320648977	",饿了么,平台外卖,已完成,2025-10-23 11:37:53,2025-10-23 11:37:53,2025-10-23 11:37:54,饿了么支付-在线支付,,即时单,2025-10-23 11:37:53,11.18,自动出餐,1,否,"焗饭随心配（53.80*1）,奶香芝士条（45.00*1）,点击右上角❤️收藏得小吃[上校鸡块2个]（2.00*1）,餐盒（3.50*1）",盐酥鸡米花小份+深海墨鱼丸2个+上校鸡块2个+招牌肉酱芝士焗饭+金牌芝士披萨【7英寸(手拍)】+上校鸡块2个,,,,非会员,7,,,"上来的时候, 对骑手要两个烤红薯 / 2份餐具",,100.80,31.69,61.90,0.00,0,0,2.96,0.00,3.50,【活动支出】店铺满减:1.00元+【活动支出】单品特价:25.90元+【活动支出】单品特价:25.10元+【活动支出】单品特价:1.90元+【活动支出】饿了么红包:8.00元+【活动支出】替用户承担配送费:3.5元,-,-,-,3.50,温州区域,温州直营,,,否,-,平台配送
圣比萨（春晖店）,SBS00004,温州,"8025726089213994265	",饿了么,平台外卖,已完成,2025-10-23 12:05:18,2025-10-23 12:05:18,2025-10-23 12:05:18,饿了么支付-在线支付,,即时单,2025-10-23 12:05:18,11.05,自动出餐,1,否,【买一送一】买披萨送披萨[浪漫威尼斯披萨7英寸+缤纷水果披萨7英寸]（86.80*1）,浪漫威尼斯披萨【7英寸(手拍)】+缤纷水果披萨【7英寸(手拍)】,,,,非会员,8,,,依据餐量提供餐具,,86.80,22.28,54.90,0.00,0,0,2.17,0.00,5.00,【活动支出】单品特价:54.90元+【活动支出】替用户承担配送费:5.0元,-,-,-,0.00,温州区域,温州直营,,,否,-,平台配送
圣比萨（春晖店）,SBS00004,温州,"8069636089212493196	",饿了么,平台外卖,已完成,2025-10-23 12:06:16,2025-10-23 12:06:16,2025-10-23 12:06:17,饿了么支付-在线支付,,即时单,2025-10-23 12:06:16,11.22,自动出餐,1,否,"意面随心配（58.00*1）,餐盒（2.00*1）",招牌肉酱意面+蛋挞1个+深海墨鱼丸2个+上校鸡块2个,,,,非会员,9,,,1份餐具,,58.00,15.12,38.10,0.00,0,0,1.43,0.00,3.50,【活动支出】单品特价:31.10元+【活动支出】饿了么红包:7.00元+【活动支出】替用户承担配送费:3.5元,-,-,-,2.00,温州区域,温州直营,,,否,-,平台配送
圣比萨（春晖店）,SBS00004,温州,"8099696089288774950	",饿了么,平台外卖,已完成,2025-10-23 12:41:42,2025-10-23 12:41:42,2025-10-23 12:41:43,饿了么支付-在线支付,,即时单,2025-10-23 12:41:42,11.07,自动出餐,1,否,手握三选一-单点[缤纷水果]（20.00*1）,热带雨林水果一人食盒子披萨,,,,非会员,10,,,依据餐量提供餐具,,20.00,10.00,0.00,0.00,0,0,0.00,0.00,,【活动支出】拼团反圈活动:0.00元,-,-,-,0.00,温州区域,温州直营,,,否,-,平台配送
圣比萨（春晖店）,SBS00004,温州,"8022200255475682814	",饿了么,平台外卖,已完成,2025-10-23 13:03:13,2025-10-23 13:03:13,2025-10-23 13:03:13,饿了么支付-在线支付,,即时单,2025-10-23 13:03:13,11.05,自动出餐,1,否,"金沙咸蛋黄嫩鸡披萨-7英寸(手拍)[{""name"":""规格"",""value"":""7英寸(手拍)""}]（52.00*1）,餐盒（1.00*1）",金沙咸蛋黄嫩鸡披萨,,,,非会员,11,,,依据餐量提供餐具,,52.00,20.08,25.10,0.00,0,0,1.87,0.00,3.50,【活动支出】单品特价:18.10元+【活动支出】超级会员专享红包:5.00元+【活动支出】 商家自营销加码:2.00元+【活动支出】饿了么红包:0.00元+【活动支出】替用户承担配送费:3.5元,-,-,-,1.00,温州区域,温州直营,,,否,-,平台配送
圣比萨（春晖店）,SBS00004,温州,"8047516089244888514	",饿了么,平台外卖,已完成,2025-10-23 13:10:11,2025-10-23 13:10:11,2025-10-23 13:10:12,饿了么支付-在线支付,,即时单,2025-10-23 13:10:11,11.03,自动出餐,1,否,盒子披萨三选一[日式烧鸟风味]（29.00*1）,日式烧鸟风味一人食盒子披萨,,,,非会员,12,,,依据餐量提供餐具,,29.00,7.12,15.10,0.00,0,0,1.43,0.00,3.50,【活动支出】单品特价:8.10元+【活动支出】 商家自营销加码:2.00元+【活动支出】饿了么红包:5.00元+【活动支出】替用户承担配送费:3.5元,-,-,-,0.00,温州区域,温州直营,,,否,-,平台配送
圣比萨（春晖店）,SBS00004,温州,"8072846089292454295	",饿了么,平台外卖,已完成,2025-10-23 14:28:51,2025-10-23 14:28:51,2025-10-23 14:28:52,饿了么支付-在线支付,,即时单,2025-10-23 14:28:51,11.13,自动出餐,1,否,"【随心拼】7英寸披萨(口味自选）[奥尔良+奥尔良]（54.00*1）,餐盒（2.00*1）",双拼7寸【奥尔良口味7】+双拼7寸【奥尔良口味7】,,,,非会员,13,,,依据餐量提供餐具,,54.00,14.12,35.10,0.00,0,0,1.43,0.00,3.50,【活动支出】单品特价:28.10元+【活动支出】饿了么红包:7.00元+【活动支出】替用户承担配送费:3.5元,-,-,-,2.00,温州区域,温州直营,,,否,-,平台配送
圣比萨（春晖店）,SBS00004,温州,"8029090255324798401	",饿了么,平台外卖,已完成,2025-10-23 14:46:08,2025-10-23 14:46:08,2025-10-23 14:46:08,饿了么支付-在线支付,,即时单,2025-10-23 14:46:08,11.13,自动出餐,1,否,"披萨随心配（60.40*1）,餐盒（2.00*1）",新奥尔良烤鸡肉披萨(7英寸(手拍))+地道肠1根+盐酥鸡米花小份+蛋挞1个,,,,非会员,14,,,2份餐具,,60.40,17.31,37.50,0.00,0,0,1.64,0.00,3.50,【活动支出】单品特价:30.50元+【活动支出】 商家自营销加码:2.00元+【活动支出】饿了么红包:5.00元+【活动支出】替用户承担配送费:3.5元,-,-,-,2.00,温州区域,温州直营,,,否,-,平台配送
圣比萨（春晖店）,SBS00004,温州,"8031806089318977948	",饿了么,平台外卖,已完成,2025-10-23 15:05:35,2025-10-23 15:05:35,2025-10-23 15:05:35,饿了么支付-在线支付,,即时单,2025-10-23 15:05:35,11.15,自动出餐,1,否,"【甜而不腻】玉米沙拉披萨[7英寸玉米沙拉披萨]（42.00*1）,餐盒（2.00*1）",玉米沙拉披萨【7英寸(手拍)】,,,,非会员,15,,,1份餐具,,42.00,7.02,30.20,0.00,0,0,1.43,0.00,3.50,【活动支出】单品特价:23.20元+【活动支出】 商家自营销加码:2.00元+【活动支出】饿了么红包:5.00元+【活动支出】替用户承担配送费:3.5元,-,-,-,2.00,温州区域,温州直营,,,否,-,平台配送
圣比萨（春晖店）,SBS00004,温州,"8085350255415951656	",饿了么,平台外卖,已完成,2025-10-23 15:19:06,2025-10-23 15:19:06,2025-10-23 15:19:07,饿了么支付-在线支付,,预约单,2025-10-23 16:55:00,50.93,自动出餐,1,否,"7件套随心拼套餐（54.80*1）,餐盒（2.00*1）",番茄牛肉意面+碳烤鸡肉培根披萨(7英寸(手拍))+地道肠1根+盐酥鸡米花小份+深海墨鱼丸2个+芒果汁+芒果汁,,,,非会员,16,,,2份餐具,,54.80,36.09,9.00,0.00,0,0,3.36,0.00,3.50,【活动支出】店铺满减:1.00元+【活动支出】饿了么红包:8.00元+【活动支出】替用户承担配送费:3.5元,-,-,-,2.00,温州区域,温州直营,,,否,-,平台配送
圣比萨（春晖店）,SBS00004,温州,"8061876089337606544	",饿了么,平台外卖,已完成,2025-10-23 16:49:22,2025-10-23 16:49:22,2025-10-23 16:49:22,饿了么支付-在线支付,,即时单,2025-10-23 16:49:22,11.20,自动出餐,1,否,"明星至尊桶（59.00*1）,鲜虾菠萝披萨-9英寸(经典手拍)[{""name"":""规格"",""value"":""9英寸(经典手拍)""}]（78.00*1）,奶酪芝士卷边（9英寸）（6.90*1）,餐盒（4.00*1）",明星至尊桶+鲜虾菠萝披萨+奶酪芝士卷边9,,,,非会员,17,,,依据餐量提供餐具,,143.90,59.22,71.20,0.00,0,0,5.53,0.00,3.50,【活动支出】店铺满减:6.00元+【活动支出】单品特价:19.10元+【活动支出】单品特价:32.10元+【活动支出】粉丝群:2.00元+【活动支出】饿了么红包:12.00元+【活动支出】替用户承担配送费:3.5元,-,-,-,4.00,温州区域,温州直营,,,否,-,平台配送
圣比萨（春晖店）,SBS00004,温州,"8072310255455717766	",饿了么,平台外卖,已完成,2025-10-23 16:57:18,2025-10-23 16:57:18,2025-10-23 16:57:19,饿了么支付-在线支付,,即时单,2025-10-23 16:57:18,11.07,自动出餐,1,否,"缤纷水果披萨-7英寸(手拍)[{""name"":""规格"",""value"":""7英寸(手拍)""}]（42.00*1）,餐盒（1.00*1）",缤纷水果披萨,,,,非会员,18,,,依据餐量提供餐具,,42.00,14.12,22.10,0.00,0,0,1.43,0.00,3.50,【活动支出】单品特价:16.10元+【活动支出】饿了么红包:6.00元+【活动支出】替用户承担配送费:3.5元,-,-,-,1.00,温州区域,温州直营,,,否,-,平台配送
圣比萨（春晖店）,SBS00004,温州,"8025270255459729825	",饿了么,平台外卖,已完成,2025-10-23 17:13:35,2025-10-23 17:13:35,2025-10-23 17:13:35,饿了么支付-在线支付,,即时单,2025-10-23 17:13:35,11.08,自动出餐,1,否,手握三选一-单点[缤纷水果]（20.00*1）,热带雨林水果一人食盒子披萨,,,,非会员,19,,,依据餐量提供餐具,,20.00,10.00,0.00,0.00,0,0,0.00,0.00,,【活动支出】爆品团通吃券:0.00元,-,-,-,0.00,温州区域,温州直营,,,否,-,平台配送
圣比萨（春晖店）,SBS00004,温州,"8008986089357117893	",饿了么,平台外卖,已完成,2025-10-23 17:24:28,2025-10-23 17:24:28,2025-10-23 17:24:29,饿了么支付-在线支付,,即时单,2025-10-23 17:24:28,11.22,自动出餐,1,否,"【粉丝福利】蛋挞一个（原味）（10.00*1）,榴莲王披萨-7英寸(经典手拍)[{""name"":""规格"",""value"":""7英寸(经典手拍)""}]（52.00*1）,餐盒（2.00*1）",蛋挞1个+榴莲王披萨,,,,非会员,20,,,依据餐量提供餐具,,62.00,20.50,35.00,0.00,0,0,1.95,0.00,3.50,【活动支出】单品特价:18.10元+【活动支出】精准营销:8.90元+【活动支出】 商家自营销加码:0.00元+【活动支出】饿了么红包:8.00元+【活动支出】替用户承担配送费:3.5元,-,-,-,2.00,温州区域,温州直营,,,否,-,平台配送
圣比萨（春晖店）,SBS00004,温州,"8094976089395083733	",饿了么,平台外卖,已完成,2025-10-23 17:35:38,2025-10-23 17:35:38,2025-10-23 17:35:38,饿了么支付-在线支付,,即时单,2025-10-23 17:35:38,11.05,自动出餐,1,否,"意面随心配（58.00*1）,餐盒（2.00*1）",番茄牛肉意面+地道肠1根+盐酥鸡米花小份+深海墨鱼丸2个,,,,非会员,21,,,无需餐具,,58.00,15.12,38.10,0.00,0,0,1.43,0.00,3.50,【活动支出】单品特价:31.10元+【活动支出】 商家自营销加码:2.00元+【活动支出】饿了么红包:5.00元+【活动支出】替用户承担配送费:3.5元,-,-,-,2.00,温州区域,温州直营,,,否,-,平台配送
圣比萨（春晖店）,SBS00004,温州,"8070636089367139614	",饿了么,平台外卖,已完成,2025-10-23 17:36:27,2025-10-23 17:36:27,2025-10-23 17:36:27,饿了么支付-在线支付,,即时单,2025-10-23 17:36:27,11.15,自动出餐,1,否,"奥尔良烤鸡肉披萨-9英寸(手拍)[{""name"":""规格"",""value"":""9英寸(手拍)""}]（78.00*1）,奶酪芝士卷边（9英寸）（6.90*1）,餐盒（1.00*1）",新奥尔良烤鸡肉披萨+奶酪芝士卷边9,,,,非会员,22,,,依据餐量提供餐具,,84.90,23.01,49.10,0.00,0,0,2.54,0.00,9.30,【活动支出】店铺满减:1.00元+【活动支出】单品特价:40.10元+【活动支出】饿了么红包:8.00元+【活动支出】替用户承担配送费:6.0元,-,-,-,1.00,温州区域,温州直营,,,否,-,平台配送
圣比萨（春晖店）,SBS00004,温州,"8015480255482329479	",饿了么,平台外卖,已退款,2025-10-23 17:38:04,2025-10-23 17:38:04,2025-10-23 17:38:04,饿了么支付-在线支付,,即时单,2025-10-23 17:38:04,,未出餐,1,否,"圣比招牌披萨-7英寸(经典手拍)[{""name"":""规格"",""value"":""7英寸(经典手拍)""}]（45.00*1）,餐盒（2.00*1）",大圣招牌大满贯披萨,,,,非会员,23,,,依据餐量提供餐具,"餐厅同意取消单 ",45.00,-2.74,20.10,21.90,0,0,1.79,0.00,3.50,【活动支出】单品特价:13.10元+【活动支出】饿了么红包:7.00元+【活动支出】替用户承担配送费:3.5元,-,-,-,2.00,温州区域,温州直营,,,否,-,平台配送
圣比萨（春晖店）,SBS00004,温州,"8096110255578897911	",饿了么,平台外卖,已完成,2025-10-23 17:43:18,2025-10-23 17:43:18,2025-10-23 17:43:18,饿了么支付-在线支付,,即时单,2025-10-23 17:43:18,11.02,自动出餐,1,否,"奶酪芝士卷边（7英寸）（4.90*1）,榴莲王披萨-7英寸(经典手拍)[{""name"":""规格"",""value"":""7英寸(经典手拍)""}]（52.00*1）,餐盒（1.00*1）",奶酪芝士卷边7+榴莲王披萨,,,,非会员,24,,,1份餐具,,56.90,17.96,27.10,0.00,0,0,2.09,0.00,9.30,【活动支出】店铺满减:1.00元+【活动支出】单品特价:18.10元+【活动支出】 商家自营销加码:0.00元+【活动支出】饿了么红包:8.00元+【活动支出】替用户承担配送费:6.0元,-,-,-,1.00,温州区域,温州直营,,,否,-,平台配送
圣比萨（春晖店）,SBS00004,温州,"8066430255493992856	",饿了么,平台外卖,已完成,2025-10-23 17:52:32,2025-10-23 17:52:32,2025-10-23 17:52:32,饿了么支付-在线支付,,即时单,2025-10-23 17:52:32,11.05,自动出餐,1,否,"任选披萨8选1+小吃5选1+饮料[奥尔良鸡肉披萨7英寸+深海墨鱼丸3个+小可乐]（65.00*1）,餐盒（2.00*1）",新奥尔良烤鸡肉披萨【7英寸(手拍)】+深海墨鱼丸【3个】+小可乐,,,,非会员,25,,,依据餐量提供餐具,,65.00,22.26,36.10,0.00,0,0,2.09,0.00,3.50,【活动支出】单品特价:33.10元+【活动支出】饿了么红包:3.00元+【活动支出】替用户承担配送费:3.5元,-,-,-,2.00,温州区域,温州直营,,,否,-,平台配送
圣比萨（春晖店）,SBS00004,温州,"8093000255583277409	",饿了么,平台外卖,已完成,2025-10-23 17:59:18,2025-10-23 17:59:18,2025-10-23 17:59:18,饿了么支付-在线支付,,即时单,2025-10-23 17:59:18,11.18,自动出餐,1,否,"披萨随心配（65.30*1）,餐盒（2.00*1）",日系照烧鸡披萨(7英寸(手拍))+地道肠1根+蛋挞1个+深海墨鱼丸2个,,,,非会员,26,,,@骑手：外卖麻烦挂在门口左手边挂钩上，然后按一下门铃，谢谢！ / 依据餐量提供餐具,,65.30,17.11,38.50,0.00,0,0,1.94,0.00,7.40,【活动支出】单品特价:30.50元+【活动支出】饿了么红包:8.00元+【活动支出】替用户承担配送费:6.0元,-,-,-,2.00,温州区域,温州直营,,,否,-,平台配送
圣比萨（春晖店）,SBS00004,温州,"8016260255500424504	",饿了么,平台外卖,已完成,2025-10-23 18:27:32,2025-10-23 18:27:32,2025-10-23 18:27:32,饿了么支付-在线支付,,即时单,2025-10-23 18:27:32,11.08,自动出餐,1,否,"意面随心配（58.00*1）,点击右上角❤️收藏得小吃[墨鱼丸1个]（2.00*1）,餐盒（2.50*1）",招牌肉酱意面+蛋挞1个+深海墨鱼丸2个+上校鸡块2个+深海墨鱼丸1个,,,,非会员,27,,,依据餐量提供餐具,,60.00,15.69,40.00,0.00,0,0,1.46,0.00,3.50,【活动支出】单品特价:31.10元+【活动支出】单品特价:1.90元+【活动支出】饿了么红包:7.00元+【活动支出】替用户承担配送费:3.5元,-,-,-,2.50,温州区域,温州直营,,,否,-,平台配送
圣比萨（春晖店）,SBS00004,温州,"8096050255523274057	",饿了么,平台外卖,已完成,2025-10-23 18:34:57,2025-10-23 18:34:57,2025-10-23 18:34:58,饿了么支付-在线支付,,即时单,2025-10-23 18:34:57,11.20,自动出餐,1,否,【买一送一】买披萨送披萨[奥尔良鸡肉披萨7英寸+碳烤鸡肉培根7英寸]（86.80*1）,新奥尔良烤鸡肉披萨【7英寸(手拍)】+碳烤鸡肉培根披萨【7英寸(手拍)】,,,,非会员,28,,,3份餐具,,86.80,18.98,54.90,0.00,0,0,2.17,0.00,9.00,【活动支出】单品特价:54.90元+【活动支出】替用户承担配送费:6.0元,-,-,-,0.00,温州区域,温州直营,,,否,-,平台配送
圣比萨（春晖店）,SBS00004,温州,"8073716089435757868	",饿了么,平台外卖,已完成,2025-10-23 18:41:31,2025-10-23 18:41:31,2025-10-23 18:41:31,饿了么支付-在线支付,,即时单,2025-10-23 18:41:31,11.07,自动出餐,1,否,"任选意面4选1+小吃5选1+饮料[黑椒牛肉意面+深海墨鱼丸3个+港式奶茶]（57.00*1）,餐盒（2.00*1）",黑椒牛肉意面+深海墨鱼丸3个+港式奶茶,,,,非会员,29,,,依据餐量提供餐具,,57.00,19.16,32.10,0.00,0,0,1.79,0.00,4.00,【活动支出】单品特价:25.10元+【活动支出】 商家自营销加码:2.00元+【活动支出】饿了么红包:5.00元+【活动支出】替用户承担配送费:4.0元,-,-,-,2.00,温州区域,温州直营,,,否,-,平台配送
圣比萨（春晖店）,SBS00004,温州,"8007280255518475547	",饿了么,平台外卖,已完成,2025-10-23 18:58:07,2025-10-23 18:58:07,2025-10-23 18:58:08,饿了么支付-在线支付,,即时单,2025-10-23 18:58:07,11.00,自动出餐,1,否,"意面随心配（58.00*1）,餐盒（2.00*1）",招牌肉酱意面+地道肠1根+盐酥鸡米花小份+蛋挞1个,,,,非会员,30,,,依据餐量提供餐具,,58.00,15.12,38.10,0.00,0,0,1.43,0.00,3.50,【活动支出】单品特价:31.10元+【活动支出】饿了么红包:7.00元+【活动支出】替用户承担配送费:3.5元,-,-,-,2.00,温州区域,温州直营,,,否,-,平台配送
圣比萨（春晖店）,SBS00004,温州,"8047696089428428139	",饿了么,平台外卖,已完成,2025-10-23 19:26:45,2025-10-23 19:26:45,2025-10-23 19:26:45,饿了么支付-在线支付,,即时单,2025-10-23 19:26:45,11.08,自动出餐,1,否,手握三选一-单点[缤纷水果]（20.00*1）,热带雨林水果一人食盒子披萨,,,,非会员,31,,,依据餐量提供餐具,,20.00,10.00,0.00,0.00,0,0,0.00,0.00,,【活动支出】爆品团通吃券:0.00元,-,-,-,0.00,温州区域,温州直营,,,否,-,平台配送
圣比萨（春晖店）,SBS00004,温州,"8084836089420830048	",饿了么,平台外卖,已完成,2025-10-23 20:05:33,2025-10-23 20:05:33,2025-10-23 20:05:34,饿了么支付-在线支付,,即时单,2025-10-23 20:05:33,11.00,自动出餐,1,否,"芝士焗红薯泥（19.00*1）,盐酥鸡粒（21.00*1）,爆款披萨双人超值套餐[碳烤鸡肉培根7英寸+番茄牛肉意面+柠檬茶+柠檬茶]（88.00*1）,餐盒（6.00*1）",芝士焗红薯泥+盐酥鸡粒+碳烤鸡肉培根披萨【7英寸(手拍)】+番茄牛肉意面+柠檬茶+柠檬茶,,,,非会员,32,,,2份餐具,,128.00,48.40,70.30,0.00,0,0,4.55,0.00,3.50,【活动支出】店铺满减:6.00元+【活动支出】单品特价:4.10元+【活动支出】单品特价:12.10元+【活动支出】单品特价:41.10元+【活动支出】 商家自营销加码:2.00元+【活动支出】饿了么红包:5.00元+【活动支出】替用户承担配送费:3.5元,-,-,-,6.00,温州区域,温州直营,,,否,-,平台配送
圣比萨（春晖店）,SBS00004,温州,"8038140255555923356	",饿了么,平台外卖,已完成,2025-10-23 20:15:38,2025-10-23 20:15:38,2025-10-23 20:15:38,饿了么支付-在线支付,,即时单,2025-10-23 20:15:38,11.23,自动出餐,1,否,"番茄牛肉意面（52.00*1）,餐盒（1.00*1）",番茄牛肉意面,,,,非会员,33,,,食物新鲜，包装好 / 1份餐具,,52.00,6.72,35.10,0.00,0,0,1.43,0.00,9.00,【活动支出】单品特价:28.10元+【活动支出】饿了么红包:7.00元+【活动支出】替用户承担配送费:6.0元,-,-,-,1.00,温州区域,温州直营,,,否,-,平台配送
圣比萨（春晖店）,SBS00004,温州,"8023786089471617387	",饿了么,平台外卖,已完成,2025-10-23 20:19:10,2025-10-23 20:19:10,2025-10-23 20:19:10,饿了么支付-在线支付,,即时单,2025-10-23 20:19:10,11.23,自动出餐,1,否,"【真榴莲果肉】9英寸榴莲王披萨（92.00*1）,餐盒（2.00*1）",榴莲王披萨9英寸,,,,非会员,34,,,让机器人送上来 / 依据餐量提供餐具,,92.00,31.23,52.10,0.00,0,0,2.92,0.00,3.50,【活动支出】店铺满减:1.00元+【活动支出】单品特价:46.10元+【活动支出】饿了么红包:5.00元+【活动支出】替用户承担配送费:3.5元,-,-,-,2.00,温州区域,温州直营,,,否,-,平台配送
圣比萨（春晖店）,SBS00004,温州,"8007100255653847444	",饿了么,平台外卖,已完成,2025-10-23 20:22:10,2025-10-23 20:22:10,2025-10-23 20:22:10,饿了么支付-在线支付,,即时单,2025-10-23 20:22:10,11.22,自动出餐,1,否,7英寸披萨买一送一[奥尔良鸡肉披萨7英寸+碳烤鸡肉培根7英寸]（86.80*1）,新奥尔良烤鸡肉披萨【7英寸(手拍)】+碳烤鸡肉培根披萨【7英寸(手拍)】,,,,非会员,35,,,2份餐具,,86.80,27.67,49.40,0.00,0,0,2.58,0.00,3.50,【活动支出】单品特价:49.40元+【活动支出】替用户承担配送费:3.5元,-,-,-,0.00,温州区域,温州直营,,,否,-,平台配送
圣比萨（春晖店）,SBS00004,温州,"8029636089447567864	",饿了么,平台外卖,已完成,2025-10-23 20:23:01,2025-10-23 20:23:01,2025-10-23 20:23:01,饿了么支付-在线支付,,预约单,2025-10-23 21:00:00,3.22,自动出餐,1,否,"咸蛋黄风味流心卷边（9英寸）（6.90*1）,【真榴莲果肉】9英寸榴莲王披萨（92.00*1）,餐盒（2.00*1）",咸蛋黄流沙卷边9+榴莲王披萨9英寸,,,,非会员,36,,,依据餐量提供餐具,,98.90,32.81,56.10,0.00,0,0,3.14,0.00,5.60,【活动支出】店铺满减:1.00元+【活动支出】单品特价:46.10元+【活动支出】饿了么红包:9.00元+【活动支出】替用户承担配送费:5.6元,-,-,-,2.00,温州区域,温州直营,,,否,-,平台配送
圣比萨（春晖店）,SBS00004,温州,"8000090255567848789	",饿了么,平台外卖,已完成,2025-10-23 20:27:57,2025-10-23 20:27:57,2025-10-23 20:27:57,饿了么支付-在线支付,,即时单,2025-10-23 20:27:57,11.05,自动出餐,1,否,"圣比招牌披萨-7英寸(经典手拍)[{""name"":""规格"",""value"":""7英寸(经典手拍)""}]（45.00*1）,咸蛋黄风味流沙卷边（7英寸）（4.90*1）,小食拼盘（41.00*1）,点击右上角❤️收藏得小吃[上校鸡块2个]（2.00*1）,餐盒（4.50*1）",大圣招牌大满贯披萨+咸蛋黄流沙卷边7+小吃拼盘+上校鸡块2个,,,,非会员,37,,,依据餐量提供餐具,,92.90,48.03,34.10,0.00,0,0,4.52,0.00,3.50,【活动支出】店铺满减:6.00元+【活动支出】单品特价:13.10元+【活动支出】单品特价:1.10元+【活动支出】单品特价:1.90元+【活动支出】饿了么红包:12.00元+【活动支出】替用户承担配送费:3.5元,-,-,-,4.50,温州区域,温州直营,,,否,-,平台配送
圣比萨（春晖店）,SBS00004,温州,"8069586089476507076	",饿了么,平台外卖,已完成,2025-10-23 20:33:11,2025-10-23 20:33:11,2025-10-23 20:33:12,饿了么支付-在线支付,,即时单,2025-10-23 20:33:11,11.03,自动出餐,1,否,"7英寸-奥尔良烤鸡肉披萨（42.00*1）,【粉丝福利】蛋挞一个（原味）（10.00*1）,餐盒（3.00*1）",新奥尔良烤鸡肉披萨【7英寸(手拍)】+蛋挞1个,,,,非会员,38,,,依据餐量提供餐具,,52.00,12.22,36.00,0.00,0,0,1.43,0.00,3.50,【活动支出】单品特价:20.10元+【活动支出】饿了么红包:7.00元+【活动支出】精准营销:8.90元+【活动支出】替用户承担配送费:3.5元,-,-,-,3.00,温州区域,温州直营,,,否,-,平台配送
圣比萨（春晖店）,SBS00004,温州,"8071516089461060966	",饿了么,平台外卖,已完成,2025-10-23 20:57:53,2025-10-23 20:57:53,2025-10-23 20:57:53,饿了么支付-在线支付,,即时单,2025-10-23 20:57:53,11.02,自动出餐,1,否,"奶酪芝士卷边（7英寸）（4.90*1）,【随心拼】7英寸披萨(口味自选）[奥尔良+日系照烧]（54.00*1）,餐盒（2.00*1）",奶酪芝士卷边7+双拼7寸【奥尔良口味7】+双拼7寸【日系照烧口味7】,,,,非会员,39,,,1份餐具,,58.90,18.14,35.10,0.00,0,0,1.71,0.00,3.50,【活动支出】单品特价:28.10元+【活动支出】饿了么红包:7.00元+【活动支出】替用户承担配送费:3.5元,-,-,-,2.00,温州区域,温州直营,,,否,-,平台配送
圣比萨（春晖店）,SBS00004,温州,"8077926089469276488	",饿了么,平台外卖,已完成,2025-10-23 20:59:00,2025-10-23 20:59:00,2025-10-23 20:59:01,饿了么支付-在线支付,,即时单,2025-10-23 20:59:00,11.08,自动出餐,1,否,7英寸日系照烧鸡披萨-单点（22.00*1）,日系照烧鸡披萨【7英寸(手拍)】,,,,非会员,40,,,依据餐量提供餐具,,22.00,12.00,0.00,0.00,0,0,0.00,0.00,,【活动支出】拼团反圈活动:0.00元,-,-,-,0.00,温州区域,温州直营,,,否,-,平台配送
圣比萨（春晖店）,SBS00004,温州,"8060796089469480247	",饿了么,平台外卖,已完成,2025-10-23 21:32:19,2025-10-23 21:32:19,2025-10-23 21:32:19,饿了么支付-在线支付,,即时单,2025-10-23 21:32:19,11.18,自动出餐,1,否,"招牌肉酱意面（52.00*1）,餐盒（1.00*1）",招牌肉酱意面,,,,非会员,41,,,1份餐具,,52.00,14.62,31.10,0.00,0,0,1.43,0.00,5.60,【活动支出】单品特价:24.10元+【活动支出】饿了么红包:7.00元+【活动支出】替用户承担配送费:5.6元,-,-,-,1.00,温州区域,温州直营,,,否,-,平台配送
圣比萨（春晖店）,SBS00004,温州,"8025576089477573973	",饿了么,平台外卖,已完成,2025-10-23 21:54:21,2025-10-23 21:54:21,2025-10-23 21:54:21,饿了么支付-在线支付,,即时单,2025-10-23 21:54:21,11.05,自动出餐,1,否,"意面随心配（58.00*1）,【粉丝福利】蛋挞一个（原味）（10.00*1）,餐盒（3.00*1）",番茄牛肉意面+地道肠1根+盐酥鸡米花小份+蛋挞1个+蛋挞1个,,,,非会员,42,,,依据餐量提供餐具,,68.00,15.87,47.11,0.00,0,0,1.57,0.00,5.60,【活动支出】单品特价:31.10元+【活动支出】单品特价:9.01元+【活动支出】饿了么红包:7.00元+【活动支出】替用户承担配送费:5.6元,-,-,-,3.00,温州区域,温州直营,,,否,-,平台配送
圣比萨（春晖店）,SBS00004,温州,"8034796089480439116	",饿了么,平台外卖,已完成,2025-10-23 22:14:25,2025-10-23 22:14:25,2025-10-23 22:14:25,饿了么支付-在线支付,,即时单,2025-10-23 22:14:25,11.13,自动出餐,1,否,"缤纷水果披萨-9英寸(手拍)[{""name"":""规格"",""value"":""9英寸(手拍)""}]（75.00*1）,餐盒（1.00*1）",缤纷水果披萨,,,,非会员,43,,,依据餐量提供餐具,,75.00,19.58,48.10,0.00,0,0,1.87,0.00,5.60,【活动支出】单品特价:40.10元+【活动支出】 商家自营销加码:0.00元+【活动支出】饿了么红包:8.00元+【活动支出】替用户承担配送费:5.6元,-,-,-,1.00,温州区域,温州直营,,,否,-,平台配送
圣比萨（春晖店）,SBS00004,温州,"8030846089494812033	",饿了么,平台外卖,已完成,2025-10-23 22:36:52,2025-10-23 22:36:52,2025-10-23 22:36:52,饿了么支付-在线支付,,即时单,2025-10-23 22:36:52,11.08,自动出餐,1,否,"红薯薯泥流心卷边（7英寸）（4.90*1）,缤纷水果披萨-7英寸(手拍)[{""name"":""规格"",""value"":""7英寸(手拍)""}]（42.00*1）,餐盒（1.00*1）",红薯泥流心卷边7+缤纷水果披萨,,,,非会员,44,,,依据餐量提供餐具,,46.90,16.71,23.10,0.00,0,0,1.64,0.00,5.60,【活动支出】单品特价:16.10元+【活动支出】 商家自营销加码:2.00元+【活动支出】饿了么红包:5.00元+【活动支出】替用户承担配送费:5.6元,-,-,-,1.00,温州区域,温州直营,,,否,-,平台配送
圣比萨（虹桥店）,SBM00015,温州,"8035706089258255714	",饿了么,平台外卖,已完成,2025-10-23 11:59:25,2025-10-23 11:59:25,2025-10-23 11:59:25,饿了么支付-在线支付,,即时单,2025-10-23 11:59:25,9.40,手动出餐,1,否,"榴莲王披萨7英寸（52.00*1）,餐盒（2.00*1）",榴莲王披萨7英寸,,,,非会员,1,,,依据餐量提供餐具,,52.00,23.18,25.10,0.00,0,0,2.17,0.00,3.50,【活动支出】单品特价:18.10元+【活动支出】饿了么红包:7.00元,-,-,-,2.00,温州区域,温州加盟,,,否,-,平台配送
圣比萨（虹桥店）,SBM00015,温州,"8083746089400603907	",饿了么,平台外卖,已完成,2025-10-23 19:19:44,2025-10-23 19:19:44,2025-10-23 19:19:44,饿了么支付-在线支付,,即时单,2025-10-23 19:19:44,12.27,手动出餐,1,否,"牛肉至尊披萨7英寸（45.00*1）,餐盒（2.00*1）",炙热牛魔王披萨【7英寸(手拍)】,,,,非会员,2,,,依据餐量提供餐具,,45.00,19.99,22.20,0.00,0,0,1.86,0.00,3.50,【活动支出】单品特价:16.20元+【活动支出】饿了么红包:6.00元,-,-,-,2.00,温州区域,温州加盟,,,否,-,平台配送
圣比萨（虹桥店）,SBM00015,温州,"8023726089449561479	",饿了么,平台外卖,已完成,2025-10-23 20:18:50,2025-10-23 20:18:50,2025-10-23 20:18:51,饿了么支付-在线支付,,即时单,2025-10-23 20:18:50,9.47,手动出餐,1,否,"奥尔良鸡肉披萨7英寸（45.00*1）,奥尔良烤翅（14.00*1）,餐盒（3.00*1）",奥尔良烤翅,,,,非会员,3,,,无需餐具,,59.00,24.36,29.20,0.00,0,0,2.39,0.00,5.00,【活动支出】店铺满减:1.00元+【活动支出】单品特价:18.20元+【活动支出】单品特价:3.00元+【活动支出】饿了么红包:7.00元+【活动支出】淘金币:0.00元+【活动支出】替用户承担配送费:1.0元,-,-,-,3.00,温州区域,温州加盟,,,否,-,平台配送
圣比萨（虹桥店）,SBM00015,温州,"8061490255589511540	",饿了么,平台外卖,已完成,2025-10-23 21:38:36,2025-10-23 21:38:36,2025-10-23 21:38:37,饿了么支付-在线支付,,即时单,2025-10-23 21:38:36,15.68,手动出餐,1,否,"榴莲芝士挞（12.00*1）,缤纷芝士挞-菠萝味[{""name"":""规格"",""value"":""菠萝味""}]（7.00*1）,榴莲王披萨7英寸（52.00*1）,招牌肉酱芝士焗饭（52.00*1）,奥尔良烤翅（14.00*1）,香烤鸡翅-2只[{""name"":""规格"",""value"":""2只""}]（16.00*1）,餐盒（9.00*1）",榴莲芝士挞+缤纷芝士挞+榴莲王披萨7英寸+招牌肉酱芝士焗饭+奥尔良烤翅+香烤鸡翅,,,,非会员,4,,,依据餐量提供餐具,,153.00,81.02,59.30,0.00,0,0,7.63,0.00,5.60,【活动支出】店铺满减:4.00元+【活动支出】单品特价:18.10元+【活动支出】单品特价:25.20元+【活动支出】饿了么红包:12.00元+【活动支出】替用户承担配送费:1.0元,-,-,-,9.00,温州区域,温州加盟,,,否,-,平台配送
圣比萨（白象店）,SBM00022,温州,"8019320255256786338	",饿了么,平台外卖,已完成,2025-10-23 10:37:35,2025-10-23 10:37:35,2025-10-23 10:37:35,饿了么支付-在线支付,,即时单,2025-10-23 10:37:35,11.75,手动出餐,1,否,"香蕉水果披萨-7英寸（经典手拍）[{""name"":""规格"",""value"":""7英寸（经典手拍）""}]（38.00*1）,餐盒（1.00*1）","香蕉水果披萨-7英寸（经典手拍）[{""name"":""规格"",""value"":""7英寸（经典手拍）""}]+餐盒",,,,非会员,1,,,依据餐量提供餐具,,38.00,16.47,15.01,0.00,0,0,1.57,0.00,3.50,【活动支出】单品特价:8.01元+【活动支出】饿了么红包:7.00元+【活动支出】替用户承担配送费:3.5元,-,-,-,1.00,温州区域,温州加盟,,,否,-,平台配送
圣比萨（白象店）,SBM00022,温州,"8059450255209375101	",饿了么,平台外卖,已完成,2025-10-23 11:18:34,2025-10-23 11:18:34,2025-10-23 11:18:35,饿了么支付-在线支付,,即时单,2025-10-23 11:18:34,11.18,手动出餐,1,否,"香蕉水果披萨-7英寸（经典手拍）[{""name"":""规格"",""value"":""7英寸（经典手拍）""}]（38.00*1）,餐盒（1.00*1）","香蕉水果披萨-7英寸（经典手拍）[{""name"":""规格"",""value"":""7英寸（经典手拍）""}]+餐盒",,,,非会员,2,,,1份餐具,,38.00,16.47,15.01,0.00,0,0,1.57,0.00,3.50,【活动支出】单品特价:8.01元+【活动支出】 商家自营销加码:2.00元+【活动支出】饿了么红包:5.00元+【活动支出】替用户承担配送费:3.5元,-,-,-,1.00,温州区域,温州加盟,,,否,-,平台配送
圣比萨（白象店）,SBM00022,温州,"8025320255279455712	",饿了么,平台外卖,已完成,2025-10-23 12:49:10,2025-10-23 12:49:10,2025-10-23 12:49:10,饿了么支付-在线支付,,即时单,2025-10-23 12:49:10,12.32,手动出餐,1,否,"个人独享DIY套餐（折扣价）[7英寸牛肉披萨+蛋挞1对+经典奶茶热]（59.00*1）,餐盒（2.00*1）",炙热牛魔王披萨【7英寸(手拍)】+港式奶茶,,,,非会员,3,,,依据餐量提供餐具,,59.00,23.51,27.12,0.00,0,0,2.32,0.00,4.50,【活动支出】单品特价:19.12元+【活动支出】饿了么红包:8.00元+【活动支出】替用户承担配送费:4.5元,-,-,-,2.00,温州区域,温州加盟,,,否,-,平台配送
圣比萨（白象店）,SBM00022,温州,"8027100255385192820	",饿了么,平台外卖,已完成,2025-10-23 13:35:53,2025-10-23 13:35:53,2025-10-23 13:35:53,饿了么支付-在线支付,,即时单,2025-10-23 13:35:53,10.62,手动出餐,1,否,"榴莲王卷边披萨-7英寸[芝心边][{""name"":""规格"",""value"":""7英寸""}]（78.00*1）,餐盒（2.00*1）","榴莲王卷边披萨-7英寸[芝心边][{""name"":""规格"",""value"":""7英寸""}]+餐盒",,,,非会员,4,,,依据餐量提供餐具,,78.00,34.33,34.10,0.00,0,0,3.22,0.00,3.50,【活动支出】单品特价:25.10元+【活动支出】饿了么红包:9.00元+【活动支出】替用户承担配送费:3.5元,-,-,-,2.00,温州区域,温州加盟,,,否,-,平台配送
圣比萨（白象店）,SBM00022,温州,"8086646089319223629	",饿了么,平台外卖,已完成,2025-10-23 15:40:31,2025-10-23 15:40:31,2025-10-23 15:40:31,饿了么支付-在线支付,,即时单,2025-10-23 15:40:31,11.50,手动出餐,1,否,"圣比至尊披萨-7英寸(经典手拍)[{""name"":""规格"",""value"":""7英寸(经典手拍)""}]（42.00*1）,餐盒（2.00*1）",大圣招牌大满贯披萨,,,,非会员,5,,,2份餐具,,42.00,21.33,14.10,0.00,0,0,2.02,0.00,3.50,【活动支出】单品特价:7.10元+【活动支出】饿了么红包:7.00元+【活动支出】替用户承担配送费:3.5元,-,-,-,2.00,温州区域,温州加盟,,,否,-,平台配送
圣比萨（白象店）,SBM00022,温州,"8086646089319375181	",饿了么,平台外卖,已完成,2025-10-23 15:57:10,2025-10-23 15:57:10,2025-10-23 15:57:10,饿了么支付-在线支付,,即时单,2025-10-23 15:57:10,9.32,手动出餐,1,否,"番茄牛肉意面（29.00*1）,餐盒（2.00*1）",番茄牛肉意面,,,,非会员,6,,,依据餐量提供餐具,,29.00,11.12,13.10,0.00,0,0,1.43,0.00,3.50,【活动支出】单品特价:5.10元+【活动支出】粉丝群:1.00元+【活动支出】饿了么红包:7.00元+【活动支出】替用户承担配送费:3.5元,-,-,-,2.00,温州区域,温州加盟,,,否,-,平台配送
圣比萨（白象店）,SBM00022,温州,"8067746089323700682	",饿了么,平台外卖,已完成,2025-10-23 16:16:31,2025-10-23 16:16:31,2025-10-23 16:16:31,饿了么支付-在线支付,,即时单,2025-10-23 16:16:31,9.60,手动出餐,1,否,"(买一送一)买披萨送意面[缤纷水果披萨7英寸+番茄牛肉意面]（75.00*1）,餐盒（2.00*1）",(买一送一)买披萨送意面[缤纷水果披萨7英寸+番茄牛肉意面]+餐盒,,,,非会员,7,,,依据餐量提供餐具,,75.00,29.21,35.12,0.00,0,0,2.92,0.00,7.80,【活动支出】单品特价:25.12元+【活动支出】粉丝群:1.00元+【活动支出】饿了么红包:9.00元+【活动支出】替用户承担配送费:6.0元,-,-,-,2.00,温州区域,温州加盟,,,否,-,平台配送
圣比萨（白象店）,SBM00022,温州,"8050886089338786271	",饿了么,平台外卖,已完成,2025-10-23 17:33:37,2025-10-23 17:33:37,2025-10-23 17:33:38,饿了么支付-在线支付,,即时单,2025-10-23 17:33:37,10.27,手动出餐,1,否,"纯芝士披萨-7英寸(经典手拍)[{""name"":""规格"",""value"":""7英寸(经典手拍)""}]（38.00*1）,餐盒（2.00*1）",金牌芝士披萨,,,,非会员,8,,,依据餐量提供餐具,,38.00,16.47,16.01,0.00,0,0,1.57,0.00,3.50,【活动支出】单品特价:8.01元+【活动支出】粉丝群:1.00元+【活动支出】饿了么红包:7.00元+【活动支出】替用户承担配送费:3.5元,-,-,-,2.00,温州区域,温州加盟,,,否,-,平台配送
圣比萨（白象店）,SBM00022,温州,"8061626089374442942	",饿了么,平台外卖,已完成,2025-10-23 17:47:55,2025-10-23 17:47:55,2025-10-23 17:47:55,饿了么支付-在线支付,,即时单,2025-10-23 17:47:55,10.77,手动出餐,1,否,"任选【意面】或【焗饭】8选1+小吃6选1+饮料[黑椒牛肉芝士焗饭微辣+墨鱼丸3个+可乐罐装]（57.00*1）,餐盒（2.00*1）",任选【意面】或【焗饭】8选1+小吃6选1+饮料[黑椒牛肉芝士焗饭微辣+墨鱼丸3个+可乐罐装]+餐盒,,,,非会员,9,,,可乐要冰的 / 依据餐量提供餐具,,57.00,15.86,31.02,0.00,0,0,1.87,0.00,9.30,【活动支出】单品特价:23.02元+【活动支出】粉丝群:1.00元+【活动支出】饿了么红包:7.00元+【活动支出】替用户承担配送费:6.0元,-,-,-,2.00,温州区域,温州加盟,,,否,-,平台配送
圣比萨（白象店）,SBM00022,温州,"8024000255490826496	",饿了么,平台外卖,已完成,2025-10-23 17:51:52,2025-10-23 17:51:52,2025-10-23 17:51:52,饿了么支付-在线支付,,即时单,2025-10-23 17:51:52,10.17,手动出餐,1,否,"超值一人套餐[碳烤鸡肉培根7英寸+蛋挞1对+可乐罐装+冷]（65.00*1）,餐盒（2.00*1）",超值一人套餐[碳烤鸡肉培根7英寸+蛋挞1对+可乐罐装+冷]+餐盒,,,,非会员,10,,,依据餐量提供餐具,,65.00,19.96,35.12,0.00,0,0,2.17,0.00,8.40,【活动支出】单品特价:25.12元+【活动支出】粉丝群:1.00元+【活动支出】饿了么红包:9.00元+【活动支出】替用户承担配送费:6.0元,-,-,-,2.00,温州区域,温州加盟,,,否,-,平台配送
圣比萨（白象店）,SBM00022,温州,"8008070255495518636	",饿了么,平台外卖,已完成,2025-10-23 17:52:31,2025-10-23 17:52:31,2025-10-23 17:52:31,饿了么支付-在线支付,,即时单,2025-10-23 17:52:31,11.10,手动出餐,1,否,"经典薯条（18.00*1）,圣比至尊披萨-7英寸(经典手拍)[{""name"":""规格"",""value"":""7英寸(经典手拍)""}]（42.00*1）,餐盒（4.00*1）",经典薯条+大圣招牌大满贯披萨,,,,非会员,11,,,依据餐量提供餐具,,60.00,29.29,24.20,0.00,0,0,2.76,0.00,3.50,【活动支出】单品特价:8.10元+【活动支出】单品特价:7.10元+【活动支出】饿了么红包:9.00元+【活动支出】替用户承担配送费:3.5元,-,-,-,4.00,温州区域,温州加盟,,,否,-,平台配送
圣比萨（白象店）,SBM00022,温州,"8002360255489891636	",饿了么,平台外卖,已完成,2025-10-23 18:12:34,2025-10-23 18:12:34,2025-10-23 18:12:35,饿了么支付-在线支付,,即时单,2025-10-23 18:12:34,4.38,手动出餐,1,否,"番茄牛肉意面（29.00*1）,餐盒（2.00*1）",番茄牛肉意面,,,,非会员,12,,,1份餐具,,29.00,12.12,12.10,0.00,0,0,1.43,0.00,3.50,【活动支出】单品特价:5.10元+【活动支出】超级会员专享红包:5.00元+【活动支出】 商家自营销加码:2.00元+【活动支出】替用户承担配送费:3.5元,-,-,-,2.00,温州区域,温州加盟,,,否,-,平台配送
圣比萨（白象店）,SBM00022,温州,"8095616089392615686	",饿了么,平台外卖,已完成,2025-10-23 18:22:55,2025-10-23 18:22:55,2025-10-23 18:22:55,饿了么支付-在线支付,,即时单,2025-10-23 18:22:55,21.55,手动出餐,1,否,"海苔肉松披萨-7英寸(经典手拍)[{""name"":""规格"",""value"":""7英寸(经典手拍)""}]（42.00*1）,餐盒（2.00*1）",海苔肉松披萨,,,,非会员,13,,,依据餐量提供餐具,,42.00,19.16,17.10,0.00,0,0,1.79,0.00,3.50,【活动支出】单品特价:10.10元+【活动支出】饿了么红包:7.00元+【活动支出】替用户承担配送费:3.5元,-,-,-,2.00,温州区域,温州加盟,,,否,-,平台配送
圣比萨（白象店）,SBM00022,温州,"8034636089491612987	",饿了么,平台外卖,已完成,2025-10-23 22:21:53,2025-10-23 22:21:53,2025-10-23 22:21:53,饿了么支付-在线支付,,即时单,2025-10-23 22:21:53,2.53,手动出餐,1,否,"招牌肉酱意面（29.00*1）,餐盒（1.00*1）",招牌肉酱意面,,,,非会员,14,,,依据餐量提供餐具,,29.00,15.65,7.00,0.00,0,0,1.50,0.00,5.60,【活动支出】超级会员专享红包:5.00元+【活动支出】 商家自营销加码:2.00元+【活动支出】替用户承担配送费:5.6元,-,-,-,1.00,温州区域,温州加盟,,,否,-,平台配送
圣比萨（白象店）,SBM00022,温州,"8058906089488345351	",饿了么,平台外卖,已完成,2025-10-23 23:23:10,2025-10-23 23:23:10,2025-10-23 23:23:10,饿了么支付-在线支付,,即时单,2025-10-23 23:23:10,11.08,手动出餐,1,否,"黑椒牛肉芝士焗饭（微辣）（29.00*1）,餐盒（1.00*1）",黑椒牛肉芝士焗饭（微辣）+餐盒,,,,非会员,15,,,依据餐量提供餐具,,29.00,15.97,6.00,0.00,0,0,1.58,0.00,5.60,【活动支出】饿了么红包:6.00元+【活动支出】替用户承担配送费:5.6元,-,-,-,1.00,温州区域,温州加盟,,,否,-,平台配送
圣比萨（柳市店）,SBM00021,温州,"8087886089117678872	",饿了么,平台外卖,已完成,2025-10-23 08:54:41,2025-10-23 08:54:41,2025-10-23 08:54:41,饿了么支付-在线支付,,预约单,2025-10-23 11:40:00,107.67,手动出餐,1,否,"7英寸披萨【买一送一】[奥尔良鸡肉披萨7英寸+浪漫威尼斯披萨7英寸]（86.80*1）,7英寸披萨【买一送一】[西域肉酱培根披萨7英寸+海苔肉松披萨7英寸]（86.80*1）,榴莲披萨-9英寸（经典手拍）[{""name"":""规格"",""value"":""9英寸（经典手拍）""}]（92.00*1）,餐盒（5.00*1）",新奥尔良烤鸡肉披萨【7英寸(手拍)】+浪漫威尼斯披萨【7英寸(手拍)】+海苔肉松披萨【7英寸(手拍)】+榴莲王披萨,,,,非会员,1,,,依据餐量提供餐具,,265.60,124.26,102.72,0.00,0,0,12.37,0.00,16.50,【活动支出】店铺满减:1.00元+【活动支出】单品特价:67.62元+【活动支出】单品特价:29.10元+【活动支出】饿了么红包:5.00元+【活动支出】替用户承担配送费:6.0元,-,-,-,5.00,温州区域,温州加盟,,,否,-,平台配送
圣比萨（柳市店）,SBM00021,温州,"8044040255175575029	",饿了么,平台外卖,已完成,2025-10-23 10:46:53,2025-10-23 10:46:53,2025-10-23 10:46:54,饿了么支付-在线支付,,即时单,2025-10-23 10:46:53,8.67,手动出餐,1,否,"海鲜至尊披萨-7英寸（经典手拍）[{""name"":""规格"",""value"":""7英寸（经典手拍）""}]（39.00*1）,餐盒（2.00*1）","海鲜至尊披萨-7英寸（经典手拍）[{""name"":""规格"",""value"":""7英寸（经典手拍）""}]+餐盒",,,,非会员,2,,,1份餐具,,39.00,21.33,11.10,0.00,0,0,2.02,0.00,3.50,【活动支出】单品特价:4.10元+【活动支出】饿了么红包:7.00元+【活动支出】替用户承担配送费:3.5元,-,-,-,2.00,温州区域,温州加盟,,,否,-,平台配送
圣比萨（柳市店）,SBM00021,温州,"8039806089239988551	",饿了么,平台外卖,已完成,2025-10-23 12:11:17,2025-10-23 12:11:17,2025-10-23 12:11:17,饿了么支付-在线支付,,即时单,2025-10-23 12:11:17,5.78,扫码出餐,1,否,"任选【意面】或【焗饭】8选1+小吃6选1+饮料[招牌肉酱意面+鸡肉洋葱圈6个+港式奶茶+冰]（57.00*1）,餐盒（2.00*1）",任选【意面】或【焗饭】8选1+小吃6选1+饮料[招牌肉酱意面+鸡肉洋葱圈6个+港式奶茶+冰]+餐盒,,,,非会员,3,,,依据餐量提供餐具,,57.00,17.29,30.01,0.00,0,0,1.95,0.00,7.40,【活动支出】单品特价:23.01元+【活动支出】饿了么红包:7.00元+【活动支出】替用户承担配送费:6.0元,-,-,-,2.00,温州区域,温州加盟,,,否,-,平台配送
圣比萨（柳市店）,SBM00021,温州,"8098470255441971485	",饿了么,平台外卖,已完成,2025-10-23 16:00:28,2025-10-23 16:00:28,2025-10-23 16:00:28,饿了么支付-在线支付,,即时单,2025-10-23 16:00:28,9.32,手动出餐,1,否,"7英寸披萨【买一送一】[水果披萨7英寸+海苔肉松披萨7英寸]（86.80*1）,餐盒（2.00*1）",缤纷水果披萨【7英寸(手拍)】+海苔肉松披萨【7英寸(手拍)】,,,,非会员,4,,,5份餐具,,86.80,32.62,42.81,0.00,0,0,3.22,0.00,5.00,【活动支出】单品特价:33.81元+【活动支出】饿了么红包:9.00元+【活动支出】替用户承担配送费:5.0元,-,-,-,2.00,温州区域,温州加盟,,,否,-,平台配送
圣比萨（柳市店）,SBM00021,温州,"8094190255569898889	",饿了么,平台外卖,已完成,2025-10-23 17:31:06,2025-10-23 17:31:06,2025-10-23 17:31:06,饿了么支付-在线支付,,即时单,2025-10-23 17:31:06,9.90,扫码出餐,1,否,"明星小食桶A（35.00*1）,榴莲披萨-7英寸（经典手拍）[{""name"":""规格"",""value"":""7英寸（经典手拍）""}]（52.00*1）,餐盒（3.00*1）",明星小食桶A+榴莲王披萨,,,,非会员,5,,,无需餐具,,87.00,40.20,37.11,0.00,0,0,3.74,0.00,3.50,【活动支出】店铺满减:1.00元+【活动支出】单品特价:15.01元+【活动支出】单品特价:9.10元+【活动支出】饿了么红包:12.00元+【活动支出】替用户承担配送费:3.5元,-,-,-,3.00,温州区域,温州加盟,,,否,-,平台配送
圣比萨（柳市店）,SBM00021,温州,"8054766089377035670	",饿了么,平台外卖,已完成,2025-10-23 17:41:08,2025-10-23 17:41:08,2025-10-23 17:41:08,饿了么支付-在线支付,,即时单,2025-10-23 17:41:08,7.97,扫码出餐,1,否,"新奥尔良烤鸡肉披萨-7英寸（经典手拍）[{""name"":""规格"",""value"":""7英寸（经典手拍）""}]（39.00*1）,餐盒（2.00*1）",新奥尔良烤鸡肉披萨,,,,非会员,6,,,依据餐量提供餐具,,39.00,19.16,14.10,0.00,0,0,1.79,0.00,3.50,【活动支出】单品特价:7.10元+【活动支出】超级会员专享红包:5.00元+【活动支出】 商家自营销加码:2.00元+【活动支出】替用户承担配送费:3.5元,-,-,-,2.00,温州区域,温州加盟,,,否,-,平台配送
圣比萨（柳市店）,SBM00021,温州,"8025370255476852215	",饿了么,平台外卖,已完成,2025-10-23 17:46:22,2025-10-23 17:46:22,2025-10-23 17:46:22,饿了么支付-在线支付,,即时单,2025-10-23 17:46:22,7.07,扫码出餐,1,否,"新奥尔良烤鸡肉披萨-7英寸（经典手拍）[{""name"":""规格"",""value"":""7英寸（经典手拍）""}]（39.00*1）,餐盒（2.00*1）",新奥尔良烤鸡肉披萨,,,,非会员,7,,,依据餐量提供餐具,,39.00,19.16,14.10,0.00,0,0,1.79,0.00,3.50,【活动支出】单品特价:7.10元+【活动支出】 商家自营销加码:2.00元+【活动支出】超会爆红包省钱包:5.00元+【活动支出】替用户承担配送费:3.5元,-,-,-,2.00,温州区域,温州加盟,,,否,-,平台配送
圣比萨（柳市店）,SBM00021,温州,"8033896089376348660	",饿了么,平台外卖,已完成,2025-10-23 17:59:43,2025-10-23 17:59:43,2025-10-23 17:59:43,饿了么支付-在线支付,,即时单,2025-10-23 17:59:43,6.73,手动出餐,1,否,"【买一送一】买披萨送意面[碳烤鸡肉培根7英寸+番茄牛肉意面]（75.00*1）,餐盒（2.00*1）",碳烤鸡肉培根披萨【7英寸(手拍)】+番茄牛肉意面,,,,非会员,8,,,依据餐量提供餐具,,75.00,31.26,34.10,0.00,0,0,2.99,0.00,4.50,【活动支出】单品特价:25.10元+【活动支出】饿了么红包:9.00元+【活动支出】替用户承担配送费:4.5元,-,-,-,2.00,温州区域,温州加盟,,,否,-,平台配送
圣比萨（柳市店）,SBM00021,温州,"8000180255441540590	",饿了么,平台外卖,已完成,2025-10-23 19:03:35,2025-10-23 19:03:35,2025-10-23 19:03:35,饿了么支付-在线支付,,即时单,2025-10-23 19:03:35,7.98,手动出餐,1,否,"经典双人披萨套餐[缤纷水果披萨9英寸+明星小食桶B+港式奶茶+可口可乐300ml+饮品（常温和冰）请备注]（108.00*1）,餐盒（2.00*1）",缤纷水果披萨【9英寸(手拍)】+明星小食桶B+港式奶茶,,,,非会员,9,,,饮料要冰的 / 依据餐量提供餐具,,108.00,54.44,39.12,0.00,0,0,5.09,0.00,3.50,【活动支出】店铺满减:1.00元+【活动支出】单品特价:30.12元+【活动支出】饿了么红包:8.00元+【活动支出】替用户承担配送费:3.5元,-,-,-,2.00,温州区域,温州加盟,,,否,-,平台配送
圣比萨（柳市店）,SBM00021,温州,"8011130255545607653	",饿了么,平台外卖,已完成,2025-10-23 19:34:11,2025-10-23 19:34:11,2025-10-23 19:34:12,饿了么支付-在线支付,,即时单,2025-10-23 19:34:11,7.15,手动出餐,1,否,"圣比至尊披萨-7英寸（经典手拍）[{""name"":""规格"",""value"":""7英寸（经典手拍）""}]（42.00*1）,餐盒（2.00*1）",大圣招牌大满贯披萨,,,,非会员,10,,,2份餐具,,42.00,21.33,14.10,0.00,0,0,2.02,0.00,3.50,【活动支出】单品特价:7.10元+【活动支出】饿了么红包:7.00元+【活动支出】替用户承担配送费:3.5元,-,-,-,2.00,温州区域,温州加盟,,,否,-,平台配送
圣比萨（柳市店）,SBM00021,温州,"8020040255647022364	",饿了么,平台外卖,已完成,2025-10-23 19:57:17,2025-10-23 19:57:17,2025-10-23 19:57:18,饿了么支付-在线支付,,即时单,2025-10-23 19:57:17,10.32,手动出餐,1,否,"超值一人餐[碳烤鸡肉培根7英寸+蛋挞1对+可口可乐300ml+冷]（65.00*1）,餐盒（2.00*1）",碳烤鸡肉培根披萨【7英寸(手拍)】+蛋挞+小可乐,,,,非会员,11,,,依据餐量提供餐具,,65.00,24.09,34.12,0.00,0,0,2.24,0.00,3.50,【活动支出】单品特价:25.12元+【活动支出】饿了么红包:9.00元+【活动支出】替用户承担配送费:3.5元,-,-,-,2.00,温州区域,温州加盟,,,否,-,平台配送
圣比萨（柳市店）,SBM00021,温州,"8007340255674707430	",饿了么,平台外卖,已完成,2025-10-23 21:33:31,2025-10-23 21:33:31,2025-10-23 21:33:31,饿了么支付-在线支付,,即时单,2025-10-23 21:33:31,14.03,手动出餐,1,否,"明星至尊桶（59.00*1）,水果披萨-7英寸（经典手拍）[{""name"":""规格"",""value"":""7英寸（经典手拍）""}]（38.00*1）,餐盒（3.00*1）",明星至尊桶+缤纷水果披萨,,,,非会员,12,,,依据餐量提供餐具,,97.00,48.07,36.11,0.00,0,0,4.57,0.00,5.60,【活动支出】店铺满减:1.00元+【活动支出】单品特价:19.01元+【活动支出】单品特价:8.10元+【活动支出】超会爆红包省钱包:8.00元+【活动支出】替用户承担配送费:5.6元,-,-,-,3.00,温州区域,温州加盟,,,否,-,平台配送
圣比萨（柳市店）,SBM00021,温州,"8088926089485564334	",饿了么,平台外卖,已完成,2025-10-23 21:52:30,2025-10-23 21:52:30,2025-10-23 21:52:31,饿了么支付-在线支付,,即时单,2025-10-23 21:52:30,6.97,手动出餐,1,否,"奥尔良烤翅（14.00*1）,圣比至尊披萨-7英寸（经典手拍）[{""name"":""规格"",""value"":""7英寸（经典手拍）""}]（42.00*1）,餐盒（3.00*1）",奥尔良烤翅+大圣招牌大满贯披萨,,,,非会员,13,,,1份餐具,,56.00,28.84,17.20,0.00,0,0,2.91,0.00,7.70,【活动支出】单品特价:1.10元+【活动支出】单品特价:7.10元+【活动支出】饿了么红包:9.00元+【活动支出】替用户承担配送费:6.0元,-,-,-,3.00,温州区域,温州加盟,,,否,-,平台配送
圣比萨（柳市店）,SBM00021,温州,"8044070255689874775	",饿了么,平台外卖,已完成,2025-10-23 22:45:49,2025-10-23 22:45:49,2025-10-23 22:45:49,饿了么支付-在线支付,,即时单,2025-10-23 22:45:49,11.28,手动出餐,1,否,"水果披萨-9英寸（经典手拍）[{""name"":""规格"",""value"":""9英寸（经典手拍）""}]（65.00*1）,餐盒（1.00*1）",缤纷水果披萨,,,,非会员,14,,,兴象路28号后门电梯上 放507门口 别打电话 / 依据餐量提供餐具,,65.00,27.96,27.10,0.00,0,0,2.69,0.00,5.60,【活动支出】单品特价:18.10元+【活动支出】饿了么红包:9.00元+【活动支出】替用户承担配送费:5.6元,-,-,-,1.00,温州区域,温州加盟,,,否,-,平台配送
圣比萨（欧洲城店）,SBS00001,温州,"8094516089044432241	",饿了么,平台外卖,已完成,2025-10-22 20:15:46,2025-10-22 20:15:46,2025-10-22 20:15:46,饿了么支付-在线支付,,预约单,2025-10-23 19:05:00,1324.30,自动出餐,1,否,"新奥尔良烤鸡肉披萨-7英寸[{""name"":""规格"",""value"":""7英寸""}]（58.00*1）,点击右上角❤️收藏得小吃[墨鱼丸1个]（2.00*1）,餐盒（3.00*1）",新奥尔良烤鸡肉披萨+深海墨鱼丸1个,,,,非会员,1,,,出电梯后请左转 然后直接放在外面铁门外的地上 这边家里有娃不方便电话和喊话  东西正常肯定好评 感谢 / 依据餐量提供餐具,,60.00,11.22,45.00,0.00,0,0,1.43,0.00,3.50,【活动支出】单品特价:36.10元+【活动支出】单品特价:1.90元+【活动支出】 商家自营销加码:2.00元+【活动支出】CPS商户叠加券:0.00元+【活动支出】饿了么红包:5.00元+【活动支出】替用户承担配送费:3.5元,-,-,-,3.00,温州区域,温州直营,,,否,-,平台配送
圣比萨（欧洲城店）,SBS00001,温州,"8036030255261931901	",饿了么,平台外卖,已完成,2025-10-23 10:41:19,2025-10-23 10:41:19,2025-10-23 10:41:19,饿了么支付-在线支付,,即时单,2025-10-23 10:41:19,10.05,自动出餐,1,否,"蛋挞一个（原味）（5.00*1）,可乐[常温]（5.00*1）,金沙咸蛋黄嫩鸡披萨-7英寸(手拍)[{""name"":""规格"",""value"":""7英寸(手拍)""}]（52.00*1）,台式香烤地道肠（7.50*1）,餐盒（4.00*1）",蛋挞1个+可乐+金沙咸蛋黄嫩鸡披萨+地道肠1根,,,,非会员,2,,,依据餐量提供餐具,,69.50,22.16,42.71,0.00,0,0,2.08,0.00,3.50,【活动支出】店铺满减:1.00元+【活动支出】单品特价:4.01元+【活动支出】单品特价:26.10元+【活动支出】单品特价:3.60元+【活动支出】CPS商户叠加券:0.00元+【活动支出】饿了么红包:8.00元+【活动支出】替用户承担配送费:3.5元,-,-,-,4.00,温州区域,温州直营,,,否,-,平台配送
圣比萨（欧洲城店）,SBS00001,温州,"8052576089185139181	",饿了么,平台外卖,已完成,2025-10-23 10:45:26,2025-10-23 10:45:26,2025-10-23 10:45:27,饿了么支付-在线支付,,即时单,2025-10-23 10:45:26,7.47,手动出餐,1,否,"鲜虾菠萝披萨-7寸(经典手拍)[{""name"":""规格"",""value"":""7寸(经典手拍)""}]（45.00*1）,可乐[常温]（5.00*1）,台式香烤地道肠（7.50*1）,餐盒（3.00*1）",鲜虾菠萝披萨+可乐+地道肠1根,,,,非会员,3,,,依据餐量提供餐具,,57.50,18.14,34.70,0.00,0,0,1.71,0.00,3.50,【活动支出】首次光顾立减:1.00元+【活动支出】单品特价:19.10元+【活动支出】单品特价:3.60元+【活动支出】精准营销红包:3.00元+【活动支出】饿了么红包:8.00元+【活动支出】替用户承担配送费:3.5元,-,-,-,3.00,温州区域,温州直营,,,否,-,平台配送
圣比萨（欧洲城店）,SBS00001,温州,"8021140255181396282	",饿了么,平台外卖,已完成,2025-10-23 10:52:16,2025-10-23 10:52:16,2025-10-23 10:52:16,饿了么支付-在线支付,,即时单,2025-10-23 10:52:16,10.08,自动出餐,1,否,"星星炸鸡披萨-7英寸(手拍)[{""name"":""规格"",""value"":""7英寸(手拍)""}]（45.00*1）,蛋挞一个（原味）（5.00*1）,点击右上角❤️收藏得小吃[上校鸡块2个]（2.00*1）,咸蛋黄风味流沙卷边（7英寸）（4.90*1）,餐盒（4.00*1）",星星炸鸡披萨+蛋挞1个+上校鸡块2个+咸蛋黄流沙卷边7,,,,非会员,4,,,。 / 依据餐量提供餐具,,56.90,20.07,33.01,0.00,0,0,1.87,0.00,3.50,【活动支出】单品特价:19.10元+【活动支出】单品特价:4.01元+【活动支出】单品特价:1.90元+【活动支出】饿了么红包:8.00元+【活动支出】替用户承担配送费:3.5元,-,-,-,4.00,温州区域,温州直营,,,否,-,平台配送
圣比萨（欧洲城店）,SBS00001,温州,"8069516089143256402	",饿了么,平台外卖,已完成,2025-10-23 10:56:51,2025-10-23 10:56:51,2025-10-23 10:56:51,饿了么支付-在线支付,,预约单,2025-10-23 11:30:00,3.10,自动出餐,1,否,"深海墨鱼丸-3个[{""name"":""规格"",""value"":""3个""}]（10.60*1）,奶酪芝士卷边（7英寸）（4.90*1）,新奥尔良烤鸡肉披萨-7英寸[{""name"":""规格"",""value"":""7英寸""}]（58.00*1）,餐盒（3.00*1）",深海墨鱼丸+奶酪芝士卷边7+新奥尔良烤鸡肉披萨,,,,非会员,5,,,依据餐量提供餐具,,73.50,18.05,50.80,0.00,0,0,1.70,0.00,3.50,【活动支出】首次光顾立减:1.00元+【活动支出】单品特价:4.70元+【活动支出】单品特价:36.10元+【活动支出】精准营销:2.00元+【活动支出】饿了么红包:7.00元+【活动支出】替用户承担配送费:3.5元,-,-,-,3.00,温州区域,温州直营,,,否,-,平台配送
圣比萨（欧洲城店）,SBS00001,温州,"8058906089169429883	",饿了么,平台外卖,已完成,2025-10-23 10:58:49,2025-10-23 10:58:49,2025-10-23 10:58:49,饿了么支付-在线支付,,即时单,2025-10-23 10:58:49,8.03,手动出餐,1,否,"新奥尔良烤鸡肉披萨-7英寸[{""name"":""规格"",""value"":""7英寸""}]（58.00*1）,红薯薯泥流心卷边（7英寸）（4.90*1）,餐盒（2.00*1）",新奥尔良烤鸡肉披萨+红薯泥流心卷边7,,,,非会员,6,,,依据餐量提供餐具,,62.90,14.02,44.10,0.00,0,0,1.43,0.00,3.50,【活动支出】首次光顾立减:1.00元+【活动支出】单品特价:36.10元+【活动支出】超级会员专享红包:5.00元+【活动支出】 商家自营销加码:2.00元+【活动支出】替用户承担配送费:3.5元,-,-,-,2.00,温州区域,温州直营,,,否,-,平台配送
圣比萨（欧洲城店）,SBS00001,温州,"8044566089187703062	",饿了么,平台外卖,已完成,2025-10-23 11:16:31,2025-10-23 11:16:31,2025-10-23 11:16:31,饿了么支付-在线支付,,即时单,2025-10-23 11:16:31,7.18,手动出餐,1,否,"【任选】意面随心配（29.90*1）,餐盒（2.00*1）",港式奶茶+不加一+蛋挞1个+上校鸡块2个+盐酥鸡米花小份+番茄牛肉意面+不加一,,,,非会员,7,,,依据餐量提供餐具,,29.90,14.12,11.00,0.00,0,0,1.43,0.00,3.50,【活动支出】首次光顾立减:1.00元+【活动支出】精准营销红包:3.00元+【活动支出】饿了么红包:7.00元+【活动支出】替用户承担配送费:3.5元,-,-,-,2.00,温州区域,温州直营,,,否,-,平台配送
圣比萨（欧洲城店）,SBS00001,温州,"8016300255319269817	",饿了么,平台外卖,已完成,2025-10-23 11:27:51,2025-10-23 11:27:51,2025-10-23 11:27:51,饿了么支付-在线支付,,即时单,2025-10-23 11:27:51,6.33,手动出餐,1,否,"新奥尔良烤鸡肉披萨-7英寸[{""name"":""规格"",""value"":""7英寸""}]（58.00*1）,餐盒（2.00*1）",新奥尔良烤鸡肉披萨,,,,非会员,8,,,依据餐量提供餐具,,58.00,10.12,43.10,0.00,0,0,1.43,0.00,3.50,【活动支出】单品特价:36.10元+【活动支出】饿了么红包:7.00元+【活动支出】替用户承担配送费:3.5元,-,-,-,2.00,温州区域,温州直营,,,否,-,平台配送
圣比萨（欧洲城店）,SBS00001,温州,"8005310255312153025	",饿了么,平台外卖,已完成,2025-10-23 11:30:02,2025-10-23 11:30:02,2025-10-23 11:30:03,饿了么支付-在线支付,,即时单,2025-10-23 11:30:02,6.22,手动出餐,1,否,"新奥尔良烤鸡肉披萨-7英寸[{""name"":""规格"",""value"":""7英寸""}]（58.00*1）,餐盒（2.00*1）",新奥尔良烤鸡肉披萨,,,,非会员,9,,,依据餐量提供餐具,,58.00,10.12,43.10,0.00,0,0,1.43,0.00,3.50,【活动支出】单品特价:36.10元+【活动支出】饿了么红包:7.00元+【活动支出】替用户承担配送费:3.5元,-,-,-,2.00,温州区域,温州直营,,,否,-,平台配送
圣比萨（欧洲城店）,SBS00001,温州,"8000150255329694183	",饿了么,平台外卖,已完成,2025-10-23 11:46:05,2025-10-23 11:46:05,2025-10-23 11:46:06,饿了么支付-在线支付,,即时单,2025-10-23 11:46:05,8.58,手动出餐,1,否,新奥尔良烤鸡肉披萨7寸-拼团（20.60*1）,新奥尔良烤鸡肉披萨【7英寸(手拍)】,,,,非会员,10,,,null 需要一起打包,,20.60,12.00,0.00,0.00,0,0,0.00,0.00,,【活动支出】拼团反圈活动:0.00元,-,-,-,0.00,温州区域,温州直营,,,否,-,平台配送
圣比萨（欧洲城店）,SBS00001,温州,"8000150255329694182	",饿了么,平台外卖,已完成,2025-10-23 11:46:05,2025-10-23 11:46:05,2025-10-23 11:46:06,饿了么支付-在线支付,,即时单,2025-10-23 11:46:05,8.58,手动出餐,1,否,新奥尔良烤鸡肉披萨7寸-拼团（20.60*1）,新奥尔良烤鸡肉披萨【7英寸(手拍)】,,,,非会员,11,,,null 需要一起打包,,20.60,12.00,0.00,0.00,0,0,0.00,0.00,,【活动支出】拼团反圈活动:0.00元,-,-,-,0.00,温州区域,温州直营,,,否,-,平台配送
圣比萨（欧洲城店）,SBS00001,温州,"8004866089230927321	",饿了么,平台外卖,已完成,2025-10-23 11:48:02,2025-10-23 11:48:02,2025-10-23 11:48:02,饿了么支付-在线支付,,即时单,2025-10-23 11:48:02,8.87,手动出餐,1,否,"榴莲王披萨-9英寸(手拍)[{""name"":""规格"",""value"":""9英寸(手拍)""}]（92.00*1）,餐盒（2.00*1）",榴莲王披萨,,,,非会员,12,,,依据餐量提供餐具,,92.00,27.58,54.10,0.00,0,0,2.77,0.00,5.60,【活动支出】店铺满减:1.00元+【活动支出】首次光顾立减:1.00元+【活动支出】单品特价:52.10元+【活动支出】替用户承担配送费:5.6元,-,-,-,2.00,温州区域,温州直营,,,否,-,平台配送
圣比萨（欧洲城店）,SBS00001,温州,"8010796089264204244	",饿了么,平台外卖,已完成,2025-10-23 12:03:25,2025-10-23 12:03:25,2025-10-23 12:03:25,饿了么支付-在线支付,,即时单,2025-10-23 12:03:25,9.47,手动出餐,1,否,"奶酪芝士卷边（9英寸）（6.90*1）,香烤鸡翅-2只[{""name"":""规格"",""value"":""2只""}]（16.00*1）,新奥尔良烤鸡肉披萨-9英寸[{""name"":""规格"",""value"":""9英寸""}]（69.00*1）,餐盒（3.00*1）",奶酪芝士卷边9+香烤鸡翅+新奥尔良烤鸡肉披萨,,,,非会员,13,,,无需餐具,,91.90,27.95,57.20,0.00,0,0,2.60,0.00,3.50,【活动支出】店铺满减:1.00元+【活动支出】首次光顾立减:1.00元+【活动支出】单品特价:6.10元+【活动支出】单品特价:37.10元+【活动支出】精准营销红包:3.00元+【活动支出】饿了么红包:9.00元+【活动支出】替用户承担配送费:3.5元,-,-,-,3.00,温州区域,温州直营,,,否,-,平台配送
圣比萨（欧洲城店）,SBS00001,温州,"8091110255266433282	",饿了么,平台外卖,已完成,2025-10-23 12:21:43,2025-10-23 12:21:43,2025-10-23 12:21:43,饿了么支付-在线支付,,即时单,2025-10-23 12:21:43,8.78,手动出餐,1,否,"榴莲王披萨-9英寸(手拍)[{""name"":""规格"",""value"":""9英寸(手拍)""}]（92.00*1）,蛋挞一个（原味）（5.00*1）,奶酪芝士卷边（9英寸）（6.90*1）,点击右上角❤️收藏得小吃[上校鸡块2个]（2.00*1）,蛋挞2个（10.00*2）,台式香烤地道肠（7.50*1）,餐盒（7.00*1）",榴莲王披萨+蛋挞1个+奶酪芝士卷边9+上校鸡块2个+蛋挞+地道肠1根,,,,非会员,14,,,送到家里 / 2份餐具,,133.40,36.42,85.63,4.92,0,0,3.88,0.00,3.50,【活动支出】店铺满减:6.00元+【活动支出】首次光顾立减:1.00元+【活动支出】单品特价:52.10元+【活动支出】单品特价:4.01元+【活动支出】单品特价:1.90元+【活动支出】单品特价:2.02元+【活动支出】单品特价:3.60元+【活动支出】粉丝群:3.00元+【活动支出】饿了么红包:12.00元+【活动支出】替用户承担配送费:3.5元,-,-,-,7.00,温州区域,温州直营,,,否,-,平台配送
圣比萨（欧洲城店）,SBS00001,温州,"8026566089295826274	",饿了么,平台外卖,已完成,2025-10-23 12:52:45,2025-10-23 12:52:45,2025-10-23 12:52:46,饿了么支付-在线支付,,即时单,2025-10-23 12:52:45,10.03,自动出餐,1,否,"缤纷水果披萨-7英寸(手拍)[{""name"":""规格"",""value"":""7英寸(手拍)""}]（42.00*1）,餐盒（2.00*1）",缤纷水果披萨,,,,非会员,15,,,2份餐具,,42.00,13.12,24.10,0.00,0,0,1.43,0.00,3.50,【活动支出】单品特价:18.10元+【活动支出】饿了么红包:6.00元+【活动支出】替用户承担配送费:3.5元,-,-,-,2.00,温州区域,温州直营,,,否,-,平台配送
圣比萨（欧洲城店）,SBS00001,温州,"8011200255484617159	",饿了么,平台外卖,已完成,2025-10-23 13:36:46,2025-10-23 13:36:46,2025-10-23 13:36:46,饿了么支付-在线支付,,即时单,2025-10-23 13:36:46,7.38,手动出餐,1,否,"新奥尔良烤鸡肉披萨-9英寸[{""name"":""规格"",""value"":""9英寸""}]（69.00*1）,餐盒（2.00*1）",新奥尔良烤鸡肉披萨,,,,非会员,16,,,2份餐具,,69.00,16.38,47.10,0.00,0,0,1.57,0.00,3.50,【活动支出】首次光顾立减:1.00元+【活动支出】单品特价:37.10元+【活动支出】精准营销:2.00元+【活动支出】饿了么红包:7.00元+【活动支出】替用户承担配送费:3.5元,-,-,-,2.00,温州区域,温州直营,,,否,-,平台配送
圣比萨（欧洲城店）,SBS00001,温州,"8089806089294278107	",饿了么,平台外卖,已完成,2025-10-23 13:56:29,2025-10-23 13:56:29,2025-10-23 13:56:29,饿了么支付-在线支付,,即时单,2025-10-23 13:56:29,7.35,手动出餐,1,否,"奶酪芝士卷边（7英寸）（4.90*1）,【随心❤️拼】7英寸披萨(口味自选）[培根鸡肉+培根鸡肉]（54.00*1）,餐盒（2.00*1）",奶酪芝士卷边7+双拼7寸【碳烤鸡肉培根口味7】+双拼7寸【碳烤鸡肉培根口味7】,,,,非会员,17,,,1份餐具,,58.90,11.02,43.10,0.00,0,0,1.43,0.00,4.00,【活动支出】单品特价:29.10元+【活动支出】订单集点返红包:7.00元+【活动支出】饿了么红包:7.00元+【活动支出】替用户承担配送费:4.0元,-,-,-,2.00,温州区域,温州直营,,,否,-,平台配送
圣比萨（欧洲城店）,SBS00001,温州,"8003896089322166611	",饿了么,平台外卖,已完成,2025-10-23 15:24:38,2025-10-23 15:24:38,2025-10-23 15:24:38,饿了么支付-在线支付,,即时单,2025-10-23 15:24:38,8.98,手动出餐,1,否,"新奥尔良烤鸡肉披萨-7英寸[{""name"":""规格"",""value"":""7英寸""}]（58.00*1）,【中秋特惠】买一送一奥尔良烤翅（12.90*1）,餐盒（3.00*1）",新奥尔良烤鸡肉披萨+奥尔良烤翅+奥尔良烤翅,,,,非会员,18,,,"要餐具要餐具要餐具

不要敲门，不要敲门，放门口告知一下就行，谢谢 / 无需餐具",,70.90,22.16,43.10,0.00,0,0,2.09,0.00,3.50,【活动支出】单品特价:36.10元+【活动支出】 商家自营销加码:2.00元+【活动支出】饿了么红包:5.00元+【活动支出】替用户承担配送费:3.5元,-,-,-,3.00,温州区域,温州直营,,,否,-,平台配送
圣比萨（欧洲城店）,SBS00001,温州,"8067190255426246023	",饿了么,平台外卖,已完成,2025-10-23 15:47:47,2025-10-23 15:47:47,2025-10-23 15:47:47,饿了么支付-在线支付,,即时单,2025-10-23 15:47:47,7.77,手动出餐,1,否,"咸蛋黄风味流沙卷边（7英寸）（4.90*1）,海苔肉松披萨-7英寸[{""name"":""规格"",""value"":""7英寸""}]（45.00*1）,餐盒（2.00*1）",咸蛋黄流沙卷边7+海苔肉松披萨,,,,非会员,19,,,2份餐具,,49.90,17.21,27.10,0.00,0,0,1.64,0.00,3.50,【活动支出】首次光顾立减:1.00元+【活动支出】单品特价:19.10元+【活动支出】饿了么红包:7.00元+【活动支出】替用户承担配送费:3.5元,-,-,-,2.00,温州区域,温州直营,,,否,-,平台配送
圣比萨（欧洲城店）,SBS00001,温州,"8088280255437822214	",饿了么,平台外卖,已完成,2025-10-23 15:50:56,2025-10-23 15:50:56,2025-10-23 15:50:56,饿了么支付-在线支付,,预约单,2025-10-23 17:10:00,34.15,自动出餐,1,否,"【任选】意面随心配（29.90*1）,餐盒（2.00*1）",柠檬茶+不加一+蛋挞1个+深海墨鱼丸2个+盐酥鸡米花小份+番茄牛肉意面+不加一,,,,非会员,20,,,依据餐量提供餐具,,29.90,16.38,8.00,0.00,0,0,1.57,0.00,3.50,【活动支出】首次光顾立减:1.00元+【活动支出】饿了么红包:7.00元+【活动支出】替用户承担配送费:3.5元,-,-,-,2.00,温州区域,温州直营,,,否,-,平台配送
圣比萨（欧洲城店）,SBS00001,温州,"8026816089342971204	",饿了么,平台外卖,已完成,2025-10-23 16:35:15,2025-10-23 16:35:15,2025-10-23 16:35:15,饿了么支付-在线支付,,即时单,2025-10-23 16:35:15,7.68,手动出餐,1,否,"可乐[冷]（5.00*1）,新奥尔良烤鸡肉披萨-7英寸[{""name"":""规格"",""value"":""7英寸""}]（58.00*1）,餐盒（2.00*1）",可乐+新奥尔良烤鸡肉披萨,,,,非会员,21,,,依据餐量提供餐具,,63.00,16.38,41.10,0.00,0,0,1.57,0.00,3.50,【活动支出】单品特价:36.10元+【活动支出】饿了么红包:5.00元+【活动支出】替用户承担配送费:3.5元,-,-,-,2.00,温州区域,温州直营,,,否,-,平台配送
圣比萨（欧洲城店）,SBS00001,温州,"8047340255447972234	",饿了么,平台外卖,已完成,2025-10-23 17:00:22,2025-10-23 17:00:22,2025-10-23 17:00:22,饿了么支付-在线支付,,即时单,2025-10-23 17:00:22,10.07,自动出餐,1,否,"缤纷水果披萨-9英寸(手拍)[{""name"":""规格"",""value"":""9英寸(手拍)""}]（75.00*1）,餐盒（2.00*1）",缤纷水果披萨,,,,非会员,22,,,依据餐量提供餐具,,75.00,20.08,49.10,0.00,0,0,1.87,0.00,4.00,【活动支出】首次光顾立减:1.00元+【活动支出】单品特价:41.10元+【活动支出】饿了么红包:7.00元+【活动支出】替用户承担配送费:4.0元,-,-,-,2.00,温州区域,温州直营,,,否,-,平台配送
圣比萨（欧洲城店）,SBS00001,温州,"8034596089362365730	",饿了么,平台外卖,已完成,2025-10-23 17:05:15,2025-10-23 17:05:15,2025-10-23 17:05:15,饿了么支付-在线支付,,即时单,2025-10-23 17:05:15,8.27,手动出餐,1,否,"肉酱培根披萨-9英寸[{""name"":""规格"",""value"":""9英寸""}]（78.00*1）,餐盒（2.00*1）",肉酱培根披萨,,,,非会员,23,,,依据餐量提供餐具,,78.00,27.21,43.10,0.00,0,0,2.54,0.00,4.00,【活动支出】首次光顾立减:1.00元+【活动支出】单品特价:42.10元+【活动支出】替用户承担配送费:4.0元,-,-,-,2.00,温州区域,温州直营,,,否,-,平台配送
圣比萨（欧洲城店）,SBS00001,温州,"8031776089383414113	",饿了么,平台外卖,已完成,2025-10-23 17:14:26,2025-10-23 17:14:26,2025-10-23 17:14:27,饿了么支付-在线支付,,即时单,2025-10-23 17:14:26,8.08,手动出餐,1,否,"新奥尔良烤鸡肉披萨-7英寸[{""name"":""规格"",""value"":""7英寸""}]（58.00*1）,红薯薯泥流心卷边（7英寸）（4.90*1）,餐盒（2.00*1）",新奥尔良烤鸡肉披萨+红薯泥流心卷边7,,,,非会员,24,,,依据餐量提供餐具,,62.90,14.02,44.10,0.00,0,0,1.43,0.00,3.50,【活动支出】首次光顾立减:1.00元+【活动支出】单品特价:36.10元+【活动支出】饿了么红包:7.00元+【活动支出】替用户承担配送费:3.5元,-,-,-,2.00,温州区域,温州直营,,,否,-,平台配送
圣比萨（欧洲城店）,SBS00001,温州,"8053976089324641735	",饿了么,平台外卖,已完成,2025-10-23 17:17:55,2025-10-23 17:17:55,2025-10-23 17:17:56,饿了么支付-在线支付,,即时单,2025-10-23 17:17:55,10.08,自动出餐,1,否,"圣比招牌披萨-12寸(经典手拍)[{""name"":""规格"",""value"":""12寸(经典手拍)""}]（108.00*1）,餐盒（2.00*1）",大圣招牌大满贯披萨,,,,非会员,25,,,依据餐量提供餐具,,108.00,32.51,65.10,0.00,0,0,3.14,0.00,5.00,【活动支出】店铺满减:6.00元+【活动支出】首次光顾立减:1.00元+【活动支出】单品特价:46.10元+【活动支出】粉丝群:3.00元+【活动支出】饿了么红包:9.00元+【活动支出】替用户承担配送费:5.0元,-,-,-,2.00,温州区域,温州直营,,,否,-,平台配送
圣比萨（欧洲城店）,SBS00001,温州,"8040606089352289779	",饿了么,平台外卖,已完成,2025-10-23 17:18:18,2025-10-23 17:18:18,2025-10-23 17:18:19,饿了么支付-在线支付,,即时单,2025-10-23 17:18:18,7.42,手动出餐,1,否,"蛋挞一个（原味）（5.00*1）,番茄牛肉意面（52.00*1）,台式香烤地道肠（7.50*1）,餐盒（3.00*1）",蛋挞1个+番茄牛肉意面+地道肠1根,,,,非会员,26,,,依据餐量提供餐具,,64.50,15.96,44.71,0.00,0,0,1.48,0.00,3.50,【活动支出】单品特价:4.01元+【活动支出】单品特价:28.10元+【活动支出】单品特价:3.60元+【活动支出】超级会员专享红包:5.00元+【活动支出】 商家自营销加码:2.00元+【活动支出】下单返红包:2.00元+【活动支出】替用户承担配送费:3.5元,-,-,-,3.00,温州区域,温州直营,,,否,-,平台配送
圣比萨（欧洲城店）,SBS00001,温州,"8025210255378947381	",饿了么,平台外卖,已完成,2025-10-23 17:20:45,2025-10-23 17:20:45,2025-10-23 17:20:45,饿了么支付-在线支付,,即时单,2025-10-23 17:20:45,10.20,自动出餐,1,否,"红薯薯泥流心卷边（7英寸）（4.90*1）,【随心❤️拼】7英寸披萨(口味自选）[水果+水果]（54.00*1）,餐盒（2.00*1）",红薯泥流心卷边7+双拼7寸【缤纷水果口味7】+双拼7寸【缤纷水果口味7】,,,,非会员,27,,,依据餐量提供餐具,,58.90,15.96,38.10,0.00,0,0,1.49,0.00,3.50,【活动支出】单品特价:29.10元+【活动支出】精准营销:2.00元+【活动支出】饿了么红包:7.00元+【活动支出】替用户承担配送费:3.5元,-,-,-,2.00,温州区域,温州直营,,,否,-,平台配送
圣比萨（欧洲城店）,SBS00001,温州,"8084646089370609991	",饿了么,平台外卖,已完成,2025-10-23 17:21:40,2025-10-23 17:21:40,2025-10-23 17:21:41,饿了么支付-在线支付,,即时单,2025-10-23 17:21:40,10.17,自动出餐,1,否,"【随心❤️拼】7英寸披萨(口味自选）[水果+奥尔良]（54.00*1）,餐盒（2.00*1）",双拼7寸【缤纷水果口味7】+双拼7寸【奥尔良口味7】,,,,非会员,28,,,依据餐量提供餐具,,54.00,13.12,36.10,0.00,0,0,1.43,0.00,3.50,【活动支出】单品特价:29.10元+【活动支出】饿了么红包:7.00元+【活动支出】替用户承担配送费:3.5元,-,-,-,2.00,温州区域,温州直营,,,否,-,平台配送
圣比萨（欧洲城店）,SBS00001,温州,"8091936089371850071	",饿了么,平台外卖,已完成,2025-10-23 17:25:37,2025-10-23 17:25:37,2025-10-23 17:25:37,饿了么支付-在线支付,,即时单,2025-10-23 17:25:37,6.48,手动出餐,1,否,"榴莲王披萨-7英寸(经典手拍)[{""name"":""规格"",""value"":""7英寸(经典手拍)""}]（52.00*1）,餐盒（2.00*1）",榴莲王披萨,,,,非会员,29,,,依据餐量提供餐具,,52.00,17.31,29.10,0.00,0,0,1.64,0.00,3.50,【活动支出】单品特价:22.10元+【活动支出】饿了么红包:7.00元+【活动支出】替用户承担配送费:3.5元,-,-,-,2.00,温州区域,温州直营,,,否,-,平台配送
圣比萨（欧洲城店）,SBS00001,温州,"8012676089387083017	",饿了么,平台外卖,已完成,2025-10-23 17:26:51,2025-10-23 17:26:51,2025-10-23 17:26:51,饿了么支付-在线支付,,即时单,2025-10-23 17:26:51,8.82,手动出餐,1,否,"榴莲王披萨-9英寸(手拍)[{""name"":""规格"",""value"":""9英寸(手拍)""}]（92.00*1）,餐盒（2.00*1）",榴莲王披萨,,,,非会员,30,,,2份餐具,,92.00,24.11,61.10,0.00,0,0,2.24,0.00,3.50,【活动支出】店铺满减:1.00元+【活动支出】首次光顾立减:1.00元+【活动支出】单品特价:52.10元+【活动支出】饿了么红包:7.00元+【活动支出】替用户承担配送费:3.5元,-,-,-,2.00,温州区域,温州直营,,,否,-,平台配送
圣比萨（欧洲城店）,SBS00001,温州,"8042826089395817900	",饿了么,平台外卖,已完成,2025-10-23 17:33:09,2025-10-23 17:33:09,2025-10-23 17:33:10,饿了么支付-在线支付,,即时单,2025-10-23 17:33:09,10.05,自动出餐,1,否,"海苔肉松披萨-7英寸[{""name"":""规格"",""value"":""7英寸""}]（45.00*1）,餐盒（2.00*1）",海苔肉松披萨,,,,非会员,31,,,1份餐具,,45.00,15.12,25.10,0.00,0,0,1.43,0.00,3.50,【活动支出】首次光顾立减:1.00元+【活动支出】单品特价:19.10元+【活动支出】饿了么红包:5.00元+【活动支出】替用户承担配送费:3.5元,-,-,-,2.00,温州区域,温州直营,,,否,-,平台配送
圣比萨（欧洲城店）,SBS00001,温州,"8036210255378257337	",饿了么,平台外卖,已完成,2025-10-23 17:33:11,2025-10-23 17:33:11,2025-10-23 17:33:11,饿了么支付-在线支付,,即时单,2025-10-23 17:33:11,10.17,自动出餐,1,否,"点击右上角❤️收藏得小吃[墨鱼丸1个]（2.00*1）,香烤鸡翅-2只[{""name"":""规格"",""value"":""2只""}]（16.00*1）,番茄牛肉意面（52.00*1）,烤甜玉米（12.00*1）,餐盒（4.00*1）",深海墨鱼丸1个+香烤鸡翅+番茄牛肉意面+烤甜玉米,,,,非会员,32,,,不要餐具，谢谢 / 无需餐具,,82.00,28.04,48.20,0.00,0,0,2.61,0.00,4.50,【活动支出】单品特价:1.90元+【活动支出】店铺满减:1.00元+【活动支出】单品特价:6.10元+【活动支出】单品特价:28.10元+【活动支出】单品特价:3.10元+【活动支出】超级会员专享红包:8.00元+【活动支出】 商家自营销加码:0.00元+【活动支出】替用户承担配送费:4.5元,-,-,-,4.00,温州区域,温州直营,,,否,-,平台配送
圣比萨（欧洲城店）,SBS00001,温州,"8042826089337161985	",饿了么,平台外卖,已完成,2025-10-23 17:33:38,2025-10-23 17:33:38,2025-10-23 17:33:39,饿了么支付-在线支付,,即时单,2025-10-23 17:33:38,10.18,自动出餐,1,否,"【任选2件套】买一送一7英寸披萨[奥尔良鸡肉披萨7英寸+碳烤鸡肉培根7英寸]（86.80*1）,餐盒（2.00*1）",新奥尔良烤鸡肉披萨【7英寸(手拍)】+碳烤鸡肉培根披萨【7英寸(手拍)】,,,,非会员,33,,,依据餐量提供餐具,,86.80,26.24,52.30,0.00,0,0,2.51,0.00,3.50,【活动支出】店铺满减:1.00元+【活动支出】单品特价:46.30元+【活动支出】饿了么红包:5.00元+【活动支出】替用户承担配送费:3.5元,-,-,-,2.00,温州区域,温州直营,,,否,-,平台配送
圣比萨（欧洲城店）,SBS00001,温州,"8088320255474869632	",饿了么,平台外卖,已完成,2025-10-23 17:34:26,2025-10-23 17:34:26,2025-10-23 17:34:26,饿了么支付-在线支付,,即时单,2025-10-23 17:34:26,10.23,自动出餐,1,否,"奶酪芝士卷边（7英寸）（4.90*1）,【随心❤️拼】7英寸披萨(口味自选）[日系照烧+奥尔良]（54.00*1）,餐盒（2.00*1）",奶酪芝士卷边7+双拼7寸【日系照烧口味7】+双拼7寸【奥尔良口味7】,,,,非会员,34,,,依据餐量提供餐具,,58.90,15.96,38.10,0.00,0,0,1.49,0.00,3.50,【活动支出】单品特价:29.10元+【活动支出】精准营销:2.00元+【活动支出】饿了么红包:7.00元+【活动支出】淘金币:0.00元+【活动支出】替用户承担配送费:3.5元,-,-,-,2.00,温州区域,温州直营,,,否,-,平台配送
圣比萨（欧洲城店）,SBS00001,温州,"8081180255486477719	",饿了么,平台外卖,已完成,2025-10-23 17:37:39,2025-10-23 17:37:39,2025-10-23 17:37:39,饿了么支付-在线支付,,即时单,2025-10-23 17:37:39,8.60,手动出餐,1,否,"新奥尔良烤鸡肉披萨7寸-单点[{""name"":""规格"",""value"":""单点""}]（22.00*1）",新奥尔良烤鸡肉披萨【7英寸(手拍)】,,,,非会员,35,,,依据餐量提供,,22.00,12.00,0.00,0.00,0,0,0.00,0.00,,【活动支出】拼团反圈活动:0.00元,-,-,-,0.00,温州区域,温州直营,,,否,-,平台配送
圣比萨（欧洲城店）,SBS00001,温州,"8048746089344187876	",饿了么,平台外卖,已完成,2025-10-23 17:46:57,2025-10-23 17:46:57,2025-10-23 17:46:57,饿了么支付-在线支付,,即时单,2025-10-23 17:46:57,10.05,自动出餐,1,否,"蛋挞一个（原味）（5.00*1）,【任选2件套】买一送一7英寸披萨[奥尔良鸡肉披萨7英寸+日系照烧鸡披萨7英寸]（86.80*1）,点击右上角❤️收藏得小吃[上校鸡块2个]（2.00*1）,点击右上角❤️收藏得小吃[墨鱼丸1个]（2.00*1）,台式香烤地道肠（7.50*1）,餐盒（6.00*1）",蛋挞1个+新奥尔良烤鸡肉披萨【7英寸(手拍)】+日系照烧鸡披萨【7英寸(手拍)】+上校鸡块2个+深海墨鱼丸1个+地道肠1根,,,,非会员,36,,,依据餐量提供餐具,,103.30,28.40,69.81,0.00,0,0,2.74,0.00,4.00,【活动支出】店铺满减:1.00元+【活动支出】首次光顾立减:1.00元+【活动支出】单品特价:4.01元+【活动支出】单品特价:46.30元+【活动支出】单品特价:1.90元+【活动支出】单品特价:3.60元+【活动支出】饿了么红包:12.00元+【活动支出】替用户承担配送费:4.0元,-,-,-,6.00,温州区域,温州直营,,,否,-,平台配送
圣比萨（欧洲城店）,SBS00001,温州,"8090290255471509815	",饿了么,平台外卖,已完成,2025-10-23 17:51:12,2025-10-23 17:51:12,2025-10-23 17:51:12,饿了么支付-在线支付,,即时单,2025-10-23 17:51:12,10.22,自动出餐,1,否,"新奥尔良烤鸡肉披萨-7英寸[{""name"":""规格"",""value"":""7英寸""}]（58.00*1）,明星小食桶A（35.00*1）,餐盒（4.00*1）",新奥尔良烤鸡肉披萨+上校鸡块+经典薯条+深海墨鱼丸2个,,,,非会员,37,,,依据餐量提供餐具,,93.00,18.16,70.20,0.00,0,0,1.79,0.00,4.50,【活动支出】首次光顾立减:1.00元+【活动支出】单品特价:36.10元+【活动支出】单品特价:25.10元+【活动支出】精准营销:2.00元+【活动支出】饿了么红包:6.00元+【活动支出】替用户承担配送费:4.5元,-,-,-,4.00,温州区域,温州直营,,,否,-,平台配送
圣比萨（欧洲城店）,SBS00001,温州,"8091936089405392229	",饿了么,平台外卖,已完成,2025-10-23 17:59:48,2025-10-23 17:59:48,2025-10-23 17:59:49,饿了么支付-在线支付,,即时单,2025-10-23 17:59:48,8.83,手动出餐,1,否,"【任选5件套】披萨意面我全都要[圣比招牌披萨7英寸+番茄牛肉意面+小食桶B+小可乐+柠檬茶]（128.00*1）,餐盒（2.00*1）",大圣招牌大满贯披萨【7英寸(手拍)】+番茄牛肉意面+明星小食桶B+小可乐+柠檬茶,,,,非会员,38,,,依据餐量提供餐具,,128.00,35.26,83.10,0.00,0,0,3.29,0.00,3.50,【活动支出】店铺满减:6.00元+【活动支出】单品特价:68.10元+【活动支出】饿了么红包:9.00元+【活动支出】替用户承担配送费:3.5元,-,-,-,2.00,温州区域,温州直营,,,否,-,平台配送
圣比萨（欧洲城店）,SBS00001,温州,"8035420255401290134	",饿了么,平台外卖,已完成,2025-10-23 18:04:54,2025-10-23 18:04:54,2025-10-23 18:04:54,饿了么支付-在线支付,,即时单,2025-10-23 18:04:54,8.77,手动出餐,1,否,"新奥尔良烤鸡肉披萨-7英寸[{""name"":""规格"",""value"":""7英寸""}]（58.00*1）,明星小食桶A（35.00*1）,餐盒（4.00*1）",新奥尔良烤鸡肉披萨+上校鸡块+经典薯条+深海墨鱼丸2个,,,,非会员,39,,,"不要香菜, 不要葱会过敏 / 2份餐具",,93.00,17.21,72.20,0.00,0,0,1.64,0.00,3.50,【活动支出】首次光顾立减:1.00元+【活动支出】单品特价:36.10元+【活动支出】单品特价:25.10元+【活动支出】精准营销红包:3.00元+【活动支出】饿了么红包:7.00元+【活动支出】替用户承担配送费:3.5元,-,-,-,4.00,温州区域,温州直营,,,否,-,平台配送
圣比萨（欧洲城店）,SBS00001,温州,"8009766089400328566	",饿了么,平台外卖,已完成,2025-10-23 18:20:40,2025-10-23 18:20:40,2025-10-23 18:20:41,饿了么支付-在线支付,,即时单,2025-10-23 18:20:40,10.23,自动出餐,1,否,"【任选5件套】披萨意面我全都要[圣比招牌披萨7英寸+番茄牛肉意面+小食桶A+港式奶茶+港式奶茶]（128.00*1）,餐盒（2.00*1）",大圣招牌大满贯披萨【7英寸(手拍)】+番茄牛肉意面+明星小食桶A+港式奶茶+港式奶茶,,,,非会员,40,,,2份餐具,,128.00,27.56,87.10,0.00,0,0,2.99,0.00,9.90,【活动支出】店铺满减:6.00元+【活动支出】首次光顾立减:1.00元+【活动支出】单品特价:68.10元+【活动支出】粉丝群:3.00元+【活动支出】饿了么红包:9.00元+【活动支出】替用户承担配送费:6.0元,-,-,-,2.00,温州区域,温州直营,,,否,-,平台配送
圣比萨（欧洲城店）,SBS00001,温州,"8084430255519786325	",饿了么,平台外卖,已完成,2025-10-23 18:26:09,2025-10-23 18:26:09,2025-10-23 18:26:10,饿了么支付-在线支付,,即时单,2025-10-23 18:26:09,10.23,自动出餐,1,否,"【任选5件套】披萨意面我全都要[浪漫威尼斯披萨7英寸+番茄牛肉意面+小食桶A+港式奶茶+柠檬茶]（128.00*1）,餐盒（2.00*1）",浪漫威尼斯披萨【7英寸(手拍)】+番茄牛肉意面+明星小食桶A+港式奶茶+柠檬茶,,,,非会员,41,,,饮料要温的 / 依据餐量提供餐具,,128.00,35.26,83.10,0.00,0,0,3.29,0.00,3.50,【活动支出】店铺满减:6.00元+【活动支出】单品特价:68.10元+【活动支出】饿了么红包:9.00元+【活动支出】替用户承担配送费:3.5元,-,-,-,2.00,温州区域,温州直营,,,否,-,平台配送
圣比萨（欧洲城店）,SBS00001,温州,"8050656089402554759	",饿了么,平台外卖,已完成,2025-10-23 18:33:02,2025-10-23 18:33:02,2025-10-23 18:33:02,饿了么支付-在线支付,,即时单,2025-10-23 18:33:02,7.98,手动出餐,1,否,"新奥尔良烤鸡肉披萨-7英寸[{""name"":""规格"",""value"":""7英寸""}]（58.00*1）,红薯薯泥流心卷边（7英寸）（4.90*1）,餐盒（2.00*1）",新奥尔良烤鸡肉披萨+红薯泥流心卷边7,,,,非会员,42,,,1份餐具,,62.90,14.02,44.10,0.00,0,0,1.43,0.00,3.50,【活动支出】首次光顾立减:1.00元+【活动支出】单品特价:36.10元+【活动支出】饿了么红包:7.00元+【活动支出】替用户承担配送费:3.5元,-,-,-,2.00,温州区域,温州直营,,,否,-,平台配送
圣比萨（欧洲城店）,SBS00001,温州,"8085546089432557020	",饿了么,平台外卖,已完成,2025-10-23 18:44:40,2025-10-23 18:44:40,2025-10-23 18:44:41,饿了么支付-在线支付,,即时单,2025-10-23 18:44:40,10.00,自动出餐,1,否,"奶酪芝士卷边（7英寸）（4.90*1）,【任选2件套】买一送一7英寸披萨[奥尔良鸡肉披萨7英寸+缤纷水果披萨7英寸]（86.80*1）,咸蛋黄风味流沙卷边（7英寸）（4.90*1）,餐盒（2.00*1）",奶酪芝士卷边7+新奥尔良烤鸡肉披萨【7英寸(手拍)】+缤纷水果披萨【7英寸(手拍)】+咸蛋黄流沙卷边7,,,,非会员,43,,,依据餐量提供餐具,,96.60,26.40,60.30,0.00,0,0,2.65,0.00,4.50,【活动支出】店铺满减:1.00元+【活动支出】首次光顾立减:1.00元+【活动支出】单品特价:46.30元+【活动支出】粉丝群:3.00元+【活动支出】饿了么红包:9.00元+【活动支出】替用户承担配送费:4.5元,-,-,-,2.00,温州区域,温州直营,,,否,-,平台配送
圣比萨（欧洲城店）,SBS00001,温州,"8047080255433533862	",饿了么,平台外卖,已完成,2025-10-23 18:54:07,2025-10-23 18:54:07,2025-10-23 18:54:07,饿了么支付-在线支付,,即时单,2025-10-23 18:54:07,7.72,手动出餐,1,否,"点击右上角❤️收藏得小吃[上校鸡块2个]（2.00*1）,招牌肉酱意面（52.00*1）,餐盒（2.00*1）",上校鸡块2个+招牌肉酱意面,,,,非会员,44,,,依据餐量提供餐具,,54.00,11.22,38.00,0.00,0,0,1.43,0.00,3.50,【活动支出】单品特价:1.90元+【活动支出】首次光顾立减:1.00元+【活动支出】单品特价:28.10元+【活动支出】饿了么红包:7.00元+【活动支出】替用户承担配送费:3.5元,-,-,-,2.00,温州区域,温州直营,,,否,-,平台配送
圣比萨（欧洲城店）,SBS00001,温州,"8066310255617713653	",饿了么,平台外卖,已完成,2025-10-23 18:55:46,2025-10-23 18:55:46,2025-10-23 18:55:46,饿了么支付-在线支付,,即时单,2025-10-23 18:55:46,8.45,手动出餐,1,否,"蛋挞一个（原味）（5.00*1）,新奥尔良烤鸡肉披萨-7英寸[{""name"":""规格"",""value"":""7英寸""}]（58.00*1）,餐盒（3.00*1）",蛋挞1个+新奥尔良烤鸡肉披萨,,,,非会员,45,,,依据餐量提供餐具,,63.00,12.11,47.11,0.00,0,0,1.43,0.00,3.50,【活动支出】单品特价:4.01元+【活动支出】单品特价:36.10元+【活动支出】 商家自营销加码:2.00元+【活动支出】超会爆红包省钱包:5.00元+【活动支出】替用户承担配送费:3.5元,-,-,-,3.00,温州区域,温州直营,,,否,-,平台配送
圣比萨（欧洲城店）,SBS00001,温州,"8035020255542561235	",饿了么,平台外卖,已完成,2025-10-23 19:38:02,2025-10-23 19:38:02,2025-10-23 19:38:03,饿了么支付-在线支付,,即时单,2025-10-23 19:38:02,10.12,自动出餐,1,否,"榴莲王披萨-9英寸(手拍)[{""name"":""规格"",""value"":""9英寸(手拍)""}]（92.00*1）,餐盒（2.00*1）",榴莲王披萨,,,,非会员,46,,,依据餐量提供餐具,,92.00,24.11,61.10,0.00,0,0,2.24,0.00,3.50,【活动支出】店铺满减:1.00元+【活动支出】首次光顾立减:1.00元+【活动支出】单品特价:52.10元+【活动支出】 商家自营销加码:2.00元+【活动支出】饿了么红包:5.00元+【活动支出】替用户承担配送费:3.5元,-,-,-,2.00,温州区域,温州直营,,,否,-,平台配送
圣比萨（欧洲城店）,SBS00001,温州,"8041516089440220418	",饿了么,平台外卖,已完成,2025-10-23 19:47:55,2025-10-23 19:47:55,2025-10-23 19:47:56,饿了么支付-在线支付,,即时单,2025-10-23 19:47:55,10.13,自动出餐,1,否,"奶酪芝士卷边（7英寸）（4.90*1）,新奥尔良烤鸡肉披萨-7英寸[{""name"":""规格"",""value"":""7英寸""}]（58.00*1）,餐盒（2.00*1）",奶酪芝士卷边7+新奥尔良烤鸡肉披萨,,,,非会员,47,,,依据餐量提供餐具,,62.90,14.02,44.10,0.00,0,0,1.43,0.00,3.50,【活动支出】首次光顾立减:1.00元+【活动支出】单品特价:36.10元+【活动支出】饿了么红包:7.00元+【活动支出】替用户承担配送费:3.5元,-,-,-,2.00,温州区域,温州直营,,,否,-,平台配送
圣比萨（欧洲城店）,SBS00001,温州,"8028836089444618746	",饿了么,平台外卖,已完成,2025-10-23 20:04:32,2025-10-23 20:04:32,2025-10-23 20:04:32,饿了么支付-在线支付,,即时单,2025-10-23 20:04:32,6.57,手动出餐,1,否,"奶酪芝士卷边（7英寸）（4.90*1）,圣比招牌披萨-7寸(经典手拍)[{""name"":""规格"",""value"":""7寸(经典手拍)""}]（45.00*1）,餐盒（2.00*1）",奶酪芝士卷边7+大圣招牌大满贯披萨,,,,非会员,48,,,依据餐量提供餐具,,49.90,20.31,23.10,0.00,0,0,1.94,0.00,3.50,【活动支出】首次光顾立减:1.00元+【活动支出】单品特价:15.10元+【活动支出】 商家自营销加码:2.00元+【活动支出】饿了么红包:5.00元+【活动支出】替用户承担配送费:3.5元,-,-,-,2.00,温州区域,温州直营,,,否,-,平台配送
圣比萨（欧洲城店）,SBS00001,温州,"8037310255466422564	",饿了么,平台外卖,已完成,2025-10-23 20:13:42,2025-10-23 20:13:42,2025-10-23 20:13:42,饿了么支付-在线支付,,即时单,2025-10-23 20:13:42,10.20,自动出餐,1,否,"金丝鸡排（10.88*1）,缤纷水果披萨-7英寸(手拍)[{""name"":""规格"",""value"":""7英寸(手拍)""}]（42.00*1）,餐盒（3.00*1）",金丝鸡排+缤纷水果披萨,,,,非会员,49,,,依据餐量提供餐具,,52.88,18.14,30.08,0.00,0,0,1.71,0.00,4.00,【活动支出】首次光顾立减:1.00元+【活动支出】单品特价:3.98元+【活动支出】单品特价:18.10元+【活动支出】饿了么红包:0.00元+【活动支出】饿了么红包:7.00元+【活动支出】替用户承担配送费:4.0元,-,-,-,3.00,温州区域,温州直营,,,否,-,平台配送
圣比萨（欧洲城店）,SBS00001,温州,"8062200255467209089	",饿了么,平台外卖,已完成,2025-10-23 20:14:14,2025-10-23 20:14:14,2025-10-23 20:14:15,饿了么支付-在线支付,,即时单,2025-10-23 20:14:14,9.98,手动出餐,1,否,"【随心❤️拼】7英寸披萨(口味自选）[培根鸡肉+花果山]（54.00*1）,餐盒（2.00*1）",双拼7寸【碳烤鸡肉培根口味7】+双拼7寸【花果山口味7】,,,,非会员,50,,,依据餐量提供餐具,,54.00,13.12,36.10,0.00,0,0,1.43,0.00,3.50,【活动支出】单品特价:29.10元+【活动支出】饿了么红包:7.00元+【活动支出】替用户承担配送费:3.5元,-,-,-,2.00,温州区域,温州直营,,,否,-,平台配送
圣比萨（欧洲城店）,SBS00001,温州,"8035726089427831040	",饿了么,平台外卖,已完成,2025-10-23 20:32:32,2025-10-23 20:32:32,2025-10-23 20:32:32,饿了么支付-在线支付,,即时单,2025-10-23 20:32:32,9.42,手动出餐,1,否,"榴莲王披萨-9英寸(手拍)[{""name"":""规格"",""value"":""9英寸(手拍)""}]（92.00*1）,餐盒（2.00*1）",榴莲王披萨,,,,非会员,51,,,依据餐量提供餐具,,92.00,24.11,61.10,0.00,0,0,2.24,0.00,3.50,【活动支出】店铺满减:1.00元+【活动支出】单品特价:52.10元+【活动支出】 商家自营销加码:0.00元+【活动支出】饿了么红包:8.00元+【活动支出】替用户承担配送费:3.5元,-,-,-,2.00,温州区域,温州直营,,,否,-,平台配送
圣比萨（欧洲城店）,SBS00001,温州,"8026986089433481536	",饿了么,平台外卖,已完成,2025-10-23 20:37:55,2025-10-23 20:37:55,2025-10-23 20:37:55,饿了么支付-在线支付,,即时单,2025-10-23 20:37:55,7.12,手动出餐,1,否,"蛋挞一个（原味）（5.00*1）,【随心❤️拼】7英寸披萨(口味自选）[浪漫威尼斯+培根鸡肉]（54.00*1）,餐盒（3.00*1）",蛋挞1个+双拼7寸【浪漫威尼斯口味7】+双拼7寸【碳烤鸡肉培根口味7】,,,,非会员,52,,,多加点米饭谢谢谢谢 / 依据餐量提供餐具,,59.00,14.11,41.11,0.00,0,0,1.43,0.00,3.50,【活动支出】首次光顾立减:1.00元+【活动支出】单品特价:4.01元+【活动支出】单品特价:29.10元+【活动支出】 商家自营销加码:2.00元+【活动支出】饿了么红包:5.00元+【活动支出】替用户承担配送费:3.5元,-,-,-,3.00,温州区域,温州直营,,,否,-,平台配送
圣比萨（欧洲城店）,SBS00001,温州,"8001776089429905776	",饿了么,平台外卖,已完成,2025-10-23 20:46:00,2025-10-23 20:46:00,2025-10-23 20:46:01,饿了么支付-在线支付,,即时单,2025-10-23 20:46:00,10.20,自动出餐,1,否,"【任选】意面随心配（29.90*1）,餐盒（2.00*1）",芒果汁+不加一+蛋挞1个+上校鸡块2个+盐酥鸡米花小份+番茄牛肉意面+不加一,,,,非会员,53,,,1份餐具,,29.90,17.31,7.00,0.00,0,0,1.64,0.00,3.50,【活动支出】饿了么红包:7.00元+【活动支出】替用户承担配送费:3.5元,-,-,-,2.00,温州区域,温州直营,,,否,-,平台配送
圣比萨（欧洲城店）,SBS00001,温州,"8031110255476709856	",饿了么,平台外卖,已完成,2025-10-23 20:53:40,2025-10-23 20:53:40,2025-10-23 20:53:40,饿了么支付-在线支付,,即时单,2025-10-23 20:53:40,8.93,手动出餐,1,否,"缤纷水果披萨-7英寸(手拍)[{""name"":""规格"",""value"":""7英寸(手拍)""}]（42.00*1）,餐盒（2.00*1）",缤纷水果披萨,,,,非会员,54,,,2份餐具,,42.00,9.32,26.10,0.00,0,0,1.43,0.00,5.60,【活动支出】首次光顾立减:1.00元+【活动支出】单品特价:18.10元+【活动支出】 商家自营销加码:2.00元+【活动支出】饿了么红包:5.00元+【活动支出】替用户承担配送费:5.6元,-,-,-,2.00,温州区域,温州直营,,,否,-,平台配送
圣比萨（欧洲城店）,SBS00001,温州,"8026766089489529341	",饿了么,平台外卖,已完成,2025-10-23 21:22:29,2025-10-23 21:22:29,2025-10-23 21:22:29,饿了么支付-在线支付,,即时单,2025-10-23 21:22:29,10.12,自动出餐,1,否,"新奥尔良烤鸡肉披萨-7英寸[{""name"":""规格"",""value"":""7英寸""}]（58.00*1）,台式香烤地道肠（7.50*1）,餐盒（3.00*1）",新奥尔良烤鸡肉披萨+地道肠1根,,,,非会员,55,,,1份餐具,,65.50,13.52,47.70,0.00,0,0,1.43,0.00,5.60,【活动支出】首次光顾立减:1.00元+【活动支出】单品特价:36.10元+【活动支出】单品特价:3.60元+【活动支出】 商家自营销加码:2.00元+【活动支出】饿了么红包:5.00元+【活动支出】替用户承担配送费:5.6元,-,-,-,3.00,温州区域,温州直营,,,否,-,平台配送
圣比萨（欧洲城店）,SBS00001,温州,"8098866089501223168	",饿了么,平台外卖,已完成,2025-10-23 22:03:49,2025-10-23 22:03:49,2025-10-23 22:03:49,饿了么支付-在线支付,,即时单,2025-10-23 22:03:49,6.20,手动出餐,1,否,"点击右上角❤️收藏得小吃[墨鱼丸1个]（2.00*1）,碳烤鸡肉培根披萨-7英寸(手拍)[{""name"":""规格"",""value"":""7英寸(手拍)""}]（45.00*1）,餐盒（3.00*1）",深海墨鱼丸1个+碳烤鸡肉培根披萨,,,,非会员,56,,,1份餐具,,47.00,12.72,30.00,0.00,0,0,1.43,0.00,5.60,【活动支出】单品特价:1.90元+【活动支出】单品特价:21.10元+【活动支出】 商家自营销加码:2.00元+【活动支出】饿了么红包:5.00元+【活动支出】替用户承担配送费:5.6元,-,-,-,3.00,温州区域,温州直营,,,否,-,平台配送
圣比萨（欧洲城店）,SBS00001,温州,"8030160255602973168	",饿了么,平台外卖,已完成,2025-10-23 22:20:49,2025-10-23 22:20:49,2025-10-23 22:20:49,饿了么支付-在线支付,,即时单,2025-10-23 22:20:49,7.75,手动出餐,1,否,"【任选】披萨随心配（29.90*1）,餐盒（2.00*1）",不加一+新奥尔良烤鸡肉披萨(7英寸(手拍))+地道肠1根+可乐+不加一,,,,非会员,57,,,1份餐具,,29.90,14.53,6.00,0.00,0,0,1.72,0.00,8.90,【活动支出】首次光顾立减:1.00元+【活动支出】饿了么红包:5.00元+【活动支出】替用户承担配送费:6.0元,-,-,-,2.00,温州区域,温州直营,,,否,-,平台配送
圣比萨（欧洲城店）,SBS00001,温州,"8008526089493057882	",饿了么,平台外卖,已完成,2025-10-23 22:31:57,2025-10-23 22:31:57,2025-10-23 22:31:58,饿了么支付-在线支付,,即时单,2025-10-23 22:31:57,10.20,自动出餐,1,否,"金沙咸蛋黄嫩鸡披萨-7英寸(手拍)[{""name"":""规格"",""value"":""7英寸(手拍)""}]（52.00*1）,餐盒（2.00*1）",金沙咸蛋黄嫩鸡披萨,,,,非会员,58,,,依据餐量提供餐具,,52.00,12.62,34.10,0.00,0,0,1.43,0.00,5.60,【活动支出】首次光顾立减:1.00元+【活动支出】单品特价:26.10元+【活动支出】饿了么红包:7.00元+【活动支出】淘金币:0.00元+【活动支出】替用户承担配送费:5.6元,-,-,-,2.00,温州区域,温州直营,,,否,-,平台配送
圣比萨（玉环坎门店）,SBS00032,台州,"8010260255192462606	",饿了么,平台外卖,已完成,2025-10-23 10:59:53,2025-10-23 10:59:53,2025-10-23 10:59:53,饿了么支付-在线支付,,即时单,2025-10-23 10:59:53,7.37,手动出餐,1,否,"榴莲王披萨-7英寸(手拍)[{""name"":""规格"",""value"":""7英寸(手拍)""}]（33.90*1）,餐盒（2.00*1）",榴莲王披萨,,,,非会员,1,,,依据餐量提供餐具,,33.90,19.86,8.00,0.00,0,0,1.84,0.00,2.30,【活动支出】 商家自营销加码:1.00元+【活动支出】饿了么红包:7.00元+【活动支出】替用户承担配送费:2.3元,-,-,-,2.00,台州区域,台州直营,,,否,-,平台配送
圣比萨（玉环坎门店）,SBS00032,台州,"8088676089220461034	",饿了么,平台外卖,已完成,2025-10-23 11:19:08,2025-10-23 11:19:08,2025-10-23 11:19:08,饿了么支付-在线支付,,即时单,2025-10-23 11:19:08,12.20,自动出餐,1,否,"地道肠（3.90*1）,【任选】披萨随心配（36.80*1）,点击右上角❤️收藏得小吃[上校鸡块2个]（2.00*1）,餐盒（3.00*1）",地道肠1根+地道肠1根+日系照烧鸡披萨(7英寸(手拍))+柠檬茶+不加一+不加一+上校鸡块2个,,,,非会员,2,,,依据餐量提供餐具,,42.70,24.27,11.90,0.00,0,0,2.23,0.00,2.80,【活动支出】店铺满减:1.00元+【活动支出】单品特价:1.90元+【活动支出】饿了么红包:9.00元+【活动支出】替用户承担配送费:2.8元,-,-,-,3.00,台州区域,台州直营,,,否,-,平台配送
圣比萨（玉环坎门店）,SBS00032,台州,"8042876089307860435	",饿了么,平台外卖,已完成,2025-10-23 13:23:59,2025-10-23 13:23:59,2025-10-23 13:23:59,饿了么支付-在线支付,,即时单,2025-10-23 13:23:59,11.13,手动出餐,1,否,"【随心❤️拼】7英寸双拼披萨（口味自选）[新奥尔良烤鸡肉+日系照烧鸡]（26.90*1）,蛋挞一个（原味）（3.90*1）,餐盒（2.50*1）",双拼7寸【奥尔良口味7】+双拼7寸【日系照烧口味7】+蛋挞1个,,,,非会员,3,,,依据餐量提供餐具,,30.80,15.02,11.91,0.00,0,0,1.37,0.00,2.30,【活动支出】单品特价:2.91元+【活动支出】 商家自营销加码:2.00元+【活动支出】粉丝群:2.00元+【活动支出】饿了么红包:5.00元+【活动支出】淘金币:0.00元+【活动支出】替用户承担配送费:2.3元,-,-,-,2.50,台州区域,台州直营,,,否,-,平台配送
圣比萨（玉环坎门店）,SBS00032,台州,"8092736089274308901	",饿了么,平台外卖,已完成,2025-10-23 13:26:45,2025-10-23 13:26:45,2025-10-23 13:26:45,饿了么支付-在线支付,,即时单,2025-10-23 13:26:45,12.18,自动出餐,1,否,"【任选】买一送一7英寸披萨（56.60*1）,餐盒（2.00*1）",碳烤鸡肉培根披萨(7英寸(手拍))+金沙咸蛋黄嫩鸡披萨(7英寸(手拍)),,,,非会员,4,,,依据餐量提供餐具,,56.60,35.05,12.00,0.00,0,0,3.15,0.00,2.80,【活动支出】店铺满减:1.00元+【活动支出】粉丝群:2.00元+【活动支出】饿了么红包:9.00元+【活动支出】替用户承担配送费:2.8元,-,-,-,2.00,台州区域,台州直营,,,否,-,平台配送
圣比萨（玉环坎门店）,SBS00032,台州,"8057586089313833466	",饿了么,平台外卖,已完成,2025-10-23 13:55:18,2025-10-23 13:55:18,2025-10-23 13:55:19,饿了么支付-在线支付,,即时单,2025-10-23 13:55:18,7.13,手动出餐,1,否,"【随心❤️拼】7英寸双拼披萨（口味自选）[新奥尔良烤鸡肉+日系照烧鸡]（26.90*1）,餐盒（2.00*1）",双拼7寸【奥尔良口味7】+双拼7寸【日系照烧口味7】,,,,非会员,5,,,1份餐具,,26.90,15.49,7.00,0.00,0,0,1.41,0.00,2.30,【活动支出】饿了么红包:7.00元+【活动支出】替用户承担配送费:2.3元,-,-,-,2.00,台州区域,台州直营,,,否,-,平台配送
圣比萨（玉环坎门店）,SBS00032,台州,"8029566089349113217	",饿了么,平台外卖,已完成,2025-10-23 16:35:06,2025-10-23 16:35:06,2025-10-23 16:35:06,饿了么支付-在线支付,,即时单,2025-10-23 16:35:06,10.10,自动出餐,1,否,"缤纷水果披萨-7英寸(手拍)[{""name"":""规格"",""value"":""7英寸(手拍)""}]（42.00*1）,餐盒（2.00*1）",缤纷水果披萨,,,,非会员,6,,,依据餐量提供餐具,,42.00,14.56,23.10,0.00,0,0,1.34,0.00,2.30,【活动支出】单品特价:16.10元+【活动支出】饿了么红包:7.00元+【活动支出】替用户承担配送费:2.3元,-,-,-,2.00,台州区域,台州直营,,,否,-,平台配送
圣比萨（玉环坎门店）,SBS00032,台州,"8003120255464288687	",饿了么,平台外卖,已完成,2025-10-23 17:04:33,2025-10-23 17:04:33,2025-10-23 17:04:33,饿了么支付-在线支付,,即时单,2025-10-23 17:04:33,10.22,自动出餐,1,否,"【任选】焗饭随心配（43.70*1）,餐盒（2.00*1）",芒果汁+不加一+咖喱金丝鸡排焗饭+奥尔良烤翅+蛋挞1个+深海墨鱼丸(3个)+小薯条,,,,非会员,7,,,依据餐量提供餐具,,43.70,26.50,10.00,0.00,0,0,2.40,0.00,2.30,【活动支出】店铺满减:1.00元+【活动支出】饿了么红包:9.00元+【活动支出】替用户承担配送费:2.3元,-,-,-,2.00,台州区域,台州直营,,,否,-,平台配送
圣比萨（玉环坎门店）,SBS00032,台州,"8024060255370442220	",饿了么,平台外卖,已完成,2025-10-23 17:09:30,2025-10-23 17:09:30,2025-10-23 17:09:31,饿了么支付-在线支付,,即时单,2025-10-23 17:09:30,10.00,自动出餐,1,否,"【随心❤️拼】12英寸双拼披萨（口味自选）[新奥尔良烤鸡肉+碳烤鸡肉培根]（49.90*1）,咸蛋黄风味流心卷边（12英寸）（8.90*1）,餐盒（2.00*1）",双拼12寸【奥尔良口味12】+双拼12寸【培根鸡肉口味12】+咸蛋黄流沙卷边,,,,非会员,8,,,依据餐量提供餐具,,58.80,32.91,17.00,0.00,0,0,2.99,0.00,2.30,【活动支出】店铺满减:6.00元+【活动支出】粉丝群:2.00元+【活动支出】饿了么红包:9.00元+【活动支出】替用户承担配送费:2.3元,-,-,-,2.00,台州区域,台州直营,,,否,-,平台配送
圣比萨（玉环坎门店）,SBS00032,台州,"8099480255471662506	",饿了么,平台外卖,已完成,2025-10-23 17:19:57,2025-10-23 17:19:57,2025-10-23 17:19:57,饿了么支付-在线支付,,即时单,2025-10-23 17:19:57,10.18,自动出餐,1,否,手握三选一-单点[奥尔良]（17.20*1）,奥尔良风情烤鸡肉一人食盒子披萨,,,,非会员,9,,,1份餐具,,17.20,10.00,0.00,0.00,0,0,0.00,0.00,,【活动支出】拼团反圈活动:0.00元,-,-,-,0.00,台州区域,台州直营,,,否,-,平台配送
圣比萨（玉环坎门店）,SBS00032,台州,"8082350255480178040	",饿了么,平台外卖,已完成,2025-10-23 17:45:08,2025-10-23 17:45:08,2025-10-23 17:45:09,饿了么支付-在线支付,,即时单,2025-10-23 17:45:08,12.07,自动出餐,1,否,"【任选】披萨随心配（44.70*1）,点击右上角❤️收藏得小吃[上校鸡块2个]（2.00*1）,蛋挞一个（原味）（3.90*1）,餐盒（3.00*1）",地道肠1根+浪漫威尼斯披萨(7英寸(手拍))+可乐+奥尔良烤翅+不加一+上校鸡块2个+蛋挞1个,,,,非会员,10,,,依据餐量提供餐具,,50.60,28.76,14.81,0.00,0,0,2.63,0.00,2.30,【活动支出】店铺满减:1.00元+【活动支出】单品特价:1.90元+【活动支出】单品特价:2.91元+【活动支出】饿了么红包:9.00元+【活动支出】替用户承担配送费:2.3元,-,-,-,3.00,台州区域,台州直营,,,否,-,平台配送
圣比萨（玉环坎门店）,SBS00032,台州,"8008180255438036443	",饿了么,平台外卖,已退款,2025-10-23 19:08:47,2025-10-23 19:08:47,2025-10-23 19:08:47,饿了么支付-在线支付,,即时单,2025-10-23 19:08:47,,未出餐,1,否,"缤纷水果披萨-9英寸(手拍)[{""name"":""规格"",""value"":""9英寸(手拍)""}]（75.00*1）,餐盒（2.00*1）",缤纷水果披萨,,,,非会员,11,,,依据餐量提供餐具,"餐厅同意取消单 ",75.00,-5.12,48.10,25.90,0,0,1.92,0.00,2.30,【活动支出】单品特价:41.10元+【活动支出】饿了么红包:7.00元+【活动支出】替用户承担配送费:2.3元,-,-,-,2.00,台州区域,台州直营,,,否,-,平台配送
圣比萨（玉环坎门店）,SBS00032,台州,"8054420255531640145	",饿了么,平台外卖,已完成,2025-10-23 19:23:56,2025-10-23 19:23:56,2025-10-23 19:23:56,饿了么支付-在线支付,,即时单,2025-10-23 19:23:56,12.17,自动出餐,1,否,"新奥尔良烤鸡肉披萨-9英寸(手拍)[{""name"":""规格"",""value"":""9英寸(手拍)""}]（33.90*1）,奶酪芝士卷边（9英寸）（6.90*1）,餐盒（2.00*1）",新奥尔良烤鸡肉披萨+奶酪芝士卷边9,,,,非会员,12,,,到了敲门 / 依据餐量提供餐具,,40.80,23.80,10.00,0.00,0,0,2.20,0.00,2.30,【活动支出】店铺满减:1.00元+【活动支出】饿了么红包:9.00元+【活动支出】替用户承担配送费:2.3元,-,-,-,2.00,台州区域,台州直营,,,否,-,平台配送
圣比萨（玉环坎门店）,SBS00032,台州,"8077826089468824857	",饿了么,平台外卖,已完成,2025-10-23 20:12:25,2025-10-23 20:12:25,2025-10-23 20:12:25,饿了么支付-在线支付,,即时单,2025-10-23 20:12:25,10.12,自动出餐,1,否,"【随心❤️拼】7英寸双拼披萨（口味自选）[新奥尔良烤鸡肉+新奥尔良烤鸡肉]（26.90*1）,餐盒（2.00*1）",双拼7寸【奥尔良口味7】+双拼7寸【奥尔良口味7】,,,,非会员,13,,,依据餐量提供餐具,,26.90,15.49,7.00,0.00,0,0,1.41,0.00,2.30,【活动支出】超级会员专享红包:5.00元+【活动支出】 商家自营销加码:2.00元+【活动支出】替用户承担配送费:2.3元,-,-,-,2.00,台州区域,台州直营,,,否,-,平台配送
圣比萨（玉环坎门店）,SBS00032,台州,"8054776089436496310	",饿了么,平台外卖,已完成,2025-10-23 20:52:34,2025-10-23 20:52:34,2025-10-23 20:52:35,饿了么支付-在线支付,,即时单,2025-10-23 20:52:34,10.03,自动出餐,1,否,"【任选】披萨随心配（36.80*1）,餐盒（2.00*1）",蛋挞1个+碳烤鸡肉培根披萨(7英寸(手拍))+芒果汁+不加一+不加一,,,,非会员,14,,,依据餐量提供餐具,,36.80,21.62,9.00,0.00,0,0,1.98,0.00,2.30,【活动支出】店铺满减:1.00元+【活动支出】 商家自营销加码:1.00元+【活动支出】饿了么红包:7.00元+【活动支出】替用户承担配送费:2.3元,-,-,-,2.00,台州区域,台州直营,,,否,-,平台配送
圣比萨（玉环坎门店）,SBS00032,台州,"8020110255569294689	",饿了么,平台外卖,已完成,2025-10-23 20:53:11,2025-10-23 20:53:11,2025-10-23 20:53:12,饿了么支付-在线支付,,即时单,2025-10-23 20:53:11,10.20,自动出餐,1,否,"【随心❤️拼】7英寸双拼披萨（口味自选）[缤纷水果+碳烤鸡肉培根]（26.90*1）,点击右上角❤️收藏得小吃[上校鸡块2个]（2.00*1）,餐盒（2.50*1）",双拼7寸【缤纷水果口味7】+双拼7寸【碳烤鸡肉培根口味7】+上校鸡块2个,,,,非会员,15,,,上楼后直接放柜子上 / 依据餐量提供餐具,,28.90,15.45,8.90,0.00,0,0,1.45,0.00,2.30,【活动支出】单品特价:1.90元+【活动支出】饿了么红包:7.00元+【活动支出】替用户承担配送费:2.3元,-,-,-,2.50,台州区域,台州直营,,,否,-,平台配送
圣比萨（玉环坎门店）,SBS00032,台州,"8079766089471351049	",饿了么,平台外卖,已完成,2025-10-23 21:13:00,2025-10-23 21:13:00,2025-10-23 21:13:01,饿了么支付-在线支付,,即时单,2025-10-23 21:13:00,10.00,自动出餐,1,否,"奥尔良烤翅（9.90*1）,红薯薯泥流心卷边（7英寸）（4.90*1）,【随心❤️拼】7英寸双拼披萨（口味自选）[新奥尔良烤鸡肉+日系照烧鸡]（26.90*1）,点击右上角❤️收藏得小吃[墨鱼丸1个]（2.00*1）,蛋挞一个（原味）（3.90*1）,餐盒（3.50*1）",奥尔良烤翅+红薯泥流心卷边7+双拼7寸【奥尔良口味7】+双拼7寸【日系照烧口味7】+深海墨鱼丸1个+蛋挞1个,,,,非会员,16,,,依据餐量提供餐具,,47.60,25.89,14.81,0.00,0,0,2.40,0.00,3.30,【活动支出】店铺满减:1.00元+【活动支出】单品特价:1.90元+【活动支出】单品特价:2.91元+【活动支出】饿了么红包:9.00元+【活动支出】替用户承担配送费:3.3元,-,-,-,3.50,台州区域,台州直营,,,否,-,平台配送
圣比萨（玉环坎门店）,SBS00032,台州,"8077956089446773068	",饿了么,平台外卖,已完成,2025-10-23 21:37:58,2025-10-23 21:37:58,2025-10-23 21:37:58,饿了么支付-在线支付,,即时单,2025-10-23 21:37:58,10.13,自动出餐,1,否,"【随心❤️拼】7英寸双拼披萨（口味自选）[新奥尔良烤鸡肉+缤纷水果]（26.90*1）,餐盒（2.00*1）",双拼7寸【奥尔良口味7】+双拼7寸【缤纷水果口味7】,,,,非会员,17,,,1份餐具,,26.90,12.48,9.00,0.00,0,0,1.22,0.00,3.30,【活动支出】粉丝群:2.00元+【活动支出】饿了么红包:7.00元+【活动支出】替用户承担配送费:3.3元,-,-,-,2.00,台州区域,台州直营,,,否,-,平台配送
圣比萨（玉环坎门店）,SBS00032,台州,"8068280255681210776	",饿了么,平台外卖,已完成,2025-10-23 21:40:16,2025-10-23 21:40:16,2025-10-23 21:40:16,饿了么支付-在线支付,,即时单,2025-10-23 21:40:16,10.12,自动出餐,1,否,"【任选】焗饭随心配（45.70*1）,【随心❤️拼】7英寸双拼披萨（口味自选）[花果山+日系照烧鸡]（26.90*1）,餐盒（4.00*1）",芒果汁+不加一+黑椒牛肉芝士焗饭+奥尔良烤翅+地道肠1根+上校鸡块+蛋挞1个+双拼7寸【花果山口味7】+双拼7寸【日系照烧口味7】,,,,非会员,18,,,依据餐量提供餐具,,72.60,44.00,18.00,0.00,0,0,4.00,0.00,3.30,【活动支出】店铺满减:6.00元+【活动支出】饿了么红包:12.00元+【活动支出】替用户承担配送费:3.3元,-,-,-,4.00,台州区域,台州直营,,,否,-,平台配送
圣比萨（玉环坎门店）,SBS00032,台州,"8043726089474642375	",饿了么,平台外卖,已完成,2025-10-23 21:46:04,2025-10-23 21:46:04,2025-10-23 21:46:04,饿了么支付-在线支付,,即时单,2025-10-23 21:46:04,10.05,自动出餐,1,否,奥尔良烤鸡肉披萨(7寸)-单点（20.41*1）,新奥尔良烤鸡肉披萨【7英寸(手拍)】,,,,非会员,19,,,依据餐量提供餐具,,20.41,13.21,0.00,0.00,0,0,0.00,0.00,,【活动支出】拼团反圈活动:0.00元,-,-,-,0.00,台州区域,台州直营,,,否,-,平台配送
圣比萨（玉环坎门店）,SBS00032,台州,"8085836089474915611	",饿了么,平台外卖,已完成,2025-10-23 21:46:40,2025-10-23 21:46:40,2025-10-23 21:46:40,饿了么支付-在线支付,,即时单,2025-10-23 21:46:40,10.15,自动出餐,1,否,"地道肠（3.90*2）,上校鸡块（4.90*1）,深海墨鱼丸-6个[{""name"":""规格"",""value"":""6个""}]（9.90*1）,【随心❤️拼】7英寸双拼披萨（口味自选）[新奥尔良烤鸡肉+日系照烧鸡]（26.90*1）,奶酪芝士卷边（7英寸）（4.90*1）,点击右上角❤️收藏得小吃[上校鸡块2个]（2.00*1）,蛋挞一个（原味）（3.90*1）,餐盒（5.00*1）",地道肠1根+上校鸡块+深海墨鱼丸+双拼7寸【奥尔良口味7】+双拼7寸【日系照烧口味7】+奶酪芝士卷边7+上校鸡块2个+蛋挞1个,,,,非会员,20,,,依据餐量提供餐具,,60.30,29.19,24.81,0.00,0,0,2.70,0.00,3.30,【活动支出】店铺满减:6.00元+【活动支出】单品特价:1.90元+【活动支出】单品特价:2.91元+【活动支出】 商家自营销加码:0.00元+【活动支出】粉丝群:2.00元+【活动支出】饿了么红包:12.00元+【活动支出】替用户承担配送费:3.3元,-,-,-,5.00,台州区域,台州直营,,,否,-,平台配送
圣比萨（蟠凤店）,SBM00023,温州,"8070586089094276568	",饿了么,平台外卖,已退款,2025-10-22 21:22:18,2025-10-22 21:22:18,2025-10-22 21:22:19,饿了么支付-在线支付,,预约单,2025-10-23 11:35:00,,未出餐,1,否,"肉酱培根披萨-9英寸（经典手拍）[{""name"":""规格"",""value"":""9英寸（经典手拍）""}]（75.00*1）,餐盒（1.00*1）",肉酱培根披萨,,,,非会员,1,,,"对骑手, 不要打电话, 放门卫 / 3份餐具",订单强制无效（商家主动取消已接订单、用户1分钟内取消),75.00,-2.94,46.50,21.50,0,0,1.99,0.00,5.60,【活动支出】单品特价:38.50元+【活动支出】饿了么红包:8.00元+【活动支出】替用户承担配送费:5.6元,-,-,-,1.00,温州区域,温州加盟,,,否,-,平台配送
圣比萨（蟠凤店）,SBM00023,温州,"8002646089178962308	",饿了么,平台外卖,已完成,2025-10-23 10:38:39,2025-10-23 10:38:39,2025-10-23 10:38:39,饿了么支付-在线支付,,即时单,2025-10-23 10:38:39,10.18,自动出餐,1,否,"【买一送一】买披萨送意面[星选火腿披萨7英寸+招牌肉酱意面]（75.00*1）,可乐（罐装）[冰]（5.00*1）,餐盒（2.00*1）",浪漫威尼斯披萨【7英寸(手拍)】+招牌肉酱意面,,,,非会员,2,,,1份餐具,,80.00,28.87,42.00,0.00,0,0,2.78,0.00,3.50,【活动支出】店铺满减:1.00元+【活动支出】单品特价:29.50元+【活动支出】单品特价:2.50元+【活动支出】饿了么红包:9.00元+【活动支出】替用户承担配送费:3.5元,-,-,-,2.00,温州区域,温州加盟,,,否,-,平台配送
圣比萨（蟠凤店）,SBM00023,温州,"8002946089154883033	",饿了么,平台外卖,已完成,2025-10-23 10:47:18,2025-10-23 10:47:18,2025-10-23 10:47:18,饿了么支付-在线支付,,即时单,2025-10-23 10:47:18,10.23,自动出餐,1,否,"【真榴莲果肉】7英寸榴莲王披萨（58.00*1）,餐盒（1.00*1）",榴莲王披萨7英寸,,,,非会员,3,,,依据餐量提供餐具,,58.00,18.19,32.50,0.00,0,0,1.76,0.00,3.50,【活动支出】单品特价:25.50元+【活动支出】饿了么红包:7.00元+【活动支出】替用户承担配送费:3.5元,-,-,-,1.00,温州区域,温州加盟,,,否,-,平台配送
圣比萨（蟠凤店）,SBM00023,温州,"8011596089174943022	",饿了么,平台外卖,已完成,2025-10-23 10:58:49,2025-10-23 10:58:49,2025-10-23 10:58:50,饿了么支付-在线支付,,即时单,2025-10-23 10:58:49,10.02,自动出餐,1,否,"可乐（罐装）[常温]（5.00*1）,奥尔良烤鸡肉披萨-7英寸（经典手拍）[{""name"":""规格"",""value"":""7英寸（经典手拍）""}]（45.00*1）,餐盒（1.00*1）",新奥尔良烤鸡肉披萨,,,,非会员,4,,,依据餐量提供餐具,,50.00,12.62,31.60,0.00,0,0,1.43,0.00,3.50,【活动支出】首次光顾立减:1.00元+【活动支出】单品特价:2.50元+【活动支出】单品特价:21.10元+【活动支出】 商家自营销加码:2.00元+【活动支出】饿了么红包:5.00元+【活动支出】替用户承担配送费:3.5元,-,-,-,1.00,温州区域,温州加盟,,,否,-,平台配送
圣比萨（蟠凤店）,SBM00023,温州,"8055926089218643204	",饿了么,平台外卖,已完成,2025-10-23 11:13:47,2025-10-23 11:13:47,2025-10-23 11:13:47,饿了么支付-在线支付,,即时单,2025-10-23 11:13:47,12.18,自动出餐,1,否,"【真榴莲果肉】9英寸榴莲王披萨（92.00*1）,餐盒（1.00*1）",榴莲王披萨9英寸,,,,非会员,5,,,依据餐量提供餐具,,92.00,23.14,60.50,0.00,0,0,2.21,0.00,3.50,【活动支出】店铺满减:1.00元+【活动支出】首次光顾立减:1.00元+【活动支出】单品特价:49.50元+【活动支出】粉丝群:1.00元+【活动支出】饿了么红包:8.00元+【活动支出】替用户承担配送费:3.5元,-,-,-,1.00,温州区域,温州加盟,,,否,-,平台配送
圣比萨（蟠凤店）,SBM00023,温州,"8008130255215571426	",饿了么,平台外卖,已完成,2025-10-23 11:22:58,2025-10-23 11:22:58,2025-10-23 11:22:58,饿了么支付-在线支付,,即时单,2025-10-23 11:22:58,12.22,自动出餐,1,否,"奥尔良烤鸡肉披萨-7英寸（经典手拍）[{""name"":""规格"",""value"":""7英寸（经典手拍）""}]（45.00*1）,餐盒（1.00*1）",新奥尔良烤鸡肉披萨,,,,非会员,6,,,无需餐具,,45.00,8.22,30.10,0.00,0,0,1.43,0.00,4.50,【活动支出】首次光顾立减:1.00元+【活动支出】单品特价:21.10元+【活动支出】精准营销:1.00元+【活动支出】饿了么红包:7.00元+【活动支出】替用户承担配送费:4.5元,-,-,-,1.00,温州区域,温州加盟,,,否,-,平台配送
圣比萨（蟠凤店）,SBM00023,温州,"8088856089194182067	",饿了么,平台外卖,已完成,2025-10-23 11:46:51,2025-10-23 11:46:51,2025-10-23 11:46:51,饿了么支付-在线支付,,即时单,2025-10-23 11:46:51,12.23,自动出餐,1,否,"任选披萨8选1+小吃6选1+饮料[奥尔良鸡肉披萨7英寸+上校鸡块4个+可乐（听装）+常温]（65.00*1）,餐盒（2.00*1）",新奥尔良烤鸡肉披萨【7英寸(手拍)】+上校鸡块,,,,非会员,7,,,依据餐量提供餐具,,65.00,19.16,40.10,0.00,0,0,1.79,0.00,3.50,【活动支出】单品特价:33.10元+【活动支出】饿了么红包:7.00元+【活动支出】替用户承担配送费:3.5元,-,-,-,2.00,温州区域,温州加盟,,,否,-,平台配送
圣比萨（蟠凤店）,SBM00023,温州,"8096876089251445004	",饿了么,平台外卖,已完成,2025-10-23 11:47:44,2025-10-23 11:47:44,2025-10-23 11:47:45,饿了么支付-在线支付,,即时单,2025-10-23 11:47:44,12.05,自动出餐,1,否,"番茄牛肉意面（27.60*1）,餐盒（1.00*1）",番茄牛肉意面,,,,非会员,8,,,"不要香菜, 不要辣 / 依据餐量提供餐具",,27.60,8.12,13.70,0.00,0,0,1.43,0.00,3.50,【活动支出】首次光顾立减:1.00元+【活动支出】单品特价:4.70元+【活动支出】粉丝群:1.00元+【活动支出】饿了么红包:7.00元+【活动支出】替用户承担配送费:3.5元,-,-,-,1.00,温州区域,温州加盟,,,否,-,平台配送
圣比萨（蟠凤店）,SBM00023,温州,"8019676089262338340	",饿了么,平台外卖,已完成,2025-10-23 12:02:42,2025-10-23 12:02:42,2025-10-23 12:02:42,饿了么支付-在线支付,,即时单,2025-10-23 12:02:42,12.15,自动出餐,1,否,"黑椒牛肉意面（29.90*1）,餐盒（1.00*1）",黑椒牛肉意面,,,,非会员,9,,,2份餐具,,29.90,14.99,8.50,0.00,0,0,1.46,0.00,3.50,【活动支出】单品特价:1.50元+【活动支出】饿了么红包:7.00元+【活动支出】替用户承担配送费:3.5元,-,-,-,1.00,温州区域,温州加盟,,,否,-,平台配送
圣比萨（蟠凤店）,SBM00023,温州,"8020230255353322771	",饿了么,平台外卖,已完成,2025-10-23 12:04:07,2025-10-23 12:04:07,2025-10-23 12:04:07,饿了么支付-在线支付,,即时单,2025-10-23 12:04:07,12.12,"初始值, 无意义",1,否,"9英寸奥尔良烤鸡肉披萨（78.00*1）,餐盒（1.00*1）",新奥尔良烤鸡肉披萨【9英寸(手拍)】,,,,非会员,10,,,依据餐量提供餐具,,78.00,17.26,53.50,0.00,0,0,1.69,0.00,3.50,【活动支出】首次光顾立减:1.00元+【活动支出】单品特价:44.50元+【活动支出】 商家自营销加码:2.00元+【活动支出】精准营销:1.00元+【活动支出】饿了么红包:5.00元+【活动支出】替用户承担配送费:3.5元,-,-,-,1.00,温州区域,温州加盟,,,否,-,平台配送
圣比萨（蟠凤店）,SBM00023,温州,"8021410255339272555	",饿了么,平台外卖,已完成,2025-10-23 12:04:09,2025-10-23 12:04:09,2025-10-23 12:04:09,饿了么支付-在线支付,,即时单,2025-10-23 12:04:09,12.03,自动出餐,1,否,"【买一送一】买披萨送披萨[奥尔良鸡肉披萨7英寸+日系照烧鸡披萨7英寸]（86.80*1）,7寸披萨一人食土豪餐[浪漫威尼斯7寸+上校鸡块1份+小份薯条+橙汁+常温]（70.00*1）,餐盒（2.00*1）",新奥尔良烤鸡肉披萨【7英寸(手拍)】+日系照烧鸡披萨【7英寸(手拍)】+雀巢果珍,,,,非会员,11,,,依据餐量提供餐具,,156.80,49.74,90.40,0.00,0,0,4.91,0.00,6.20,【活动支出】单品特价:54.90元+【活动支出】首次光顾立减:1.00元+【活动支出】单品特价:34.50元+【活动支出】替用户承担配送费:6.0元,-,-,-,2.00,温州区域,温州加盟,,,否,-,平台配送
圣比萨（蟠凤店）,SBM00023,温州,"8011410255259758863	",饿了么,平台外卖,已完成,2025-10-23 12:13:10,2025-10-23 12:13:10,2025-10-23 12:13:10,饿了么支付-在线支付,,即时单,2025-10-23 12:13:10,12.17,自动出餐,1,否,"任选焗饭4选1+小吃5选1+饮料[招牌肉酱芝士局饭+上校鸡块4个+可乐（听装）+冰]（57.00*1）,餐盒（2.00*1）",招牌肉酱芝士焗饭+上校鸡块,,,,非会员,12,,,1份餐具,,57.00,20.41,30.10,0.00,0,0,1.94,0.00,3.50,【活动支出】首次光顾立减:1.00元+【活动支出】单品特价:24.10元+【活动支出】饿了么红包:5.00元+【活动支出】替用户承担配送费:3.5元,-,-,-,2.00,温州区域,温州加盟,,,否,-,平台配送
圣比萨（蟠凤店）,SBM00023,温州,"8082120255359250818	",饿了么,平台外卖,已完成,2025-10-23 12:20:18,2025-10-23 12:20:18,2025-10-23 12:20:19,饿了么支付-在线支付,,即时单,2025-10-23 12:20:18,12.18,自动出餐,1,否,"个人独享DIY套餐(折扣价)[黑椒牛肉意面+奥尔良烤翅+可乐（听装）+冰]（59.00*1）,餐盒（2.00*1）",奥尔良烤翅,,,,非会员,13,,,依据餐量提供餐具,,59.00,21.29,30.50,0.00,0,0,2.06,0.00,3.50,【活动支出】单品特价:23.50元+【活动支出】饿了么红包:7.00元+【活动支出】替用户承担配送费:3.5元,-,-,-,2.00,温州区域,温州加盟,,,否,-,平台配送
圣比萨（蟠凤店）,SBM00023,温州,"8021150255358534069	",饿了么,平台外卖,已完成,2025-10-23 12:24:29,2025-10-23 12:24:29,2025-10-23 12:24:30,饿了么支付-在线支付,,即时单,2025-10-23 12:24:29,12.20,自动出餐,1,否,"任选披萨8选1+小吃6选1+饮料[奥尔良鸡肉披萨7英寸+风味烤肠1根+橙汁+常温]（65.00*1）,餐盒（2.00*1）",新奥尔良烤鸡肉披萨【7英寸(手拍)】+柳橙汁,,,,非会员,14,,,依据餐量提供餐具,,65.00,19.16,40.10,0.00,0,0,1.79,0.00,3.50,【活动支出】单品特价:33.10元+【活动支出】 商家自营销加码:2.00元+【活动支出】饿了么红包:5.00元+【活动支出】替用户承担配送费:3.5元,-,-,-,2.00,温州区域,温州加盟,,,否,-,平台配送
圣比萨（蟠凤店）,SBM00023,温州,"8088250255376384510	",饿了么,平台外卖,已完成,2025-10-23 12:55:55,2025-10-23 12:55:55,2025-10-23 12:55:56,饿了么支付-在线支付,,即时单,2025-10-23 12:55:55,12.13,自动出餐,1,否,【买一送一】买披萨送披萨[奥尔良鸡肉披萨7英寸+碳烤鸡肉培根7英寸]（86.80*1）,新奥尔良烤鸡肉披萨【7英寸(手拍)】+碳烤鸡肉培根披萨【7英寸(手拍)】,,,,非会员,15,,,不要打电话，请直接放外卖柜里 / 依据餐量提供餐具,,86.80,21.38,54.90,0.00,0,0,2.17,0.00,9.20,【活动支出】单品特价:54.90元+【活动支出】替用户承担配送费:6.0元,-,-,-,0.00,温州区域,温州加盟,,,否,-,平台配送
圣比萨（蟠凤店）,SBM00023,温州,"8035120255501011417	",饿了么,平台外卖,已完成,2025-10-23 14:19:45,2025-10-23 14:19:45,2025-10-23 14:19:45,饿了么支付-在线支付,,即时单,2025-10-23 14:19:45,10.23,自动出餐,1,否,"奥尔良烤鸡肉披萨-7英寸（经典手拍）[{""name"":""规格"",""value"":""7英寸（经典手拍）""}]（45.00*1）,餐盒（1.00*1）",新奥尔良烤鸡肉披萨,,,,非会员,16,,,依据餐量提供餐具,,45.00,12.12,27.10,0.00,0,0,1.43,0.00,3.50,【活动支出】首次光顾立减:1.00元+【活动支出】单品特价:21.10元+【活动支出】饿了么红包:5.00元+【活动支出】替用户承担配送费:3.5元,-,-,-,1.00,温州区域,温州加盟,,,否,-,平台配送
圣比萨（蟠凤店）,SBM00023,温州,"8076160255415797030	",饿了么,平台外卖,已完成,2025-10-23 15:14:45,2025-10-23 15:14:45,2025-10-23 15:14:45,饿了么支付-在线支付,,预约单,2025-10-23 16:15:00,15.30,自动出餐,1,否,"番茄牛肉意面（27.60*1）,肉酱培根披萨-7英寸（经典手拍）[{""name"":""规格"",""value"":""7英寸（经典手拍）""}]（45.00*1）,餐盒（2.00*1）",番茄牛肉意面+肉酱培根披萨,,,,非会员,17,,,依据餐量提供餐具,,72.60,33.27,29.20,0.00,0,0,3.18,0.00,3.50,【活动支出】店铺满减:1.00元+【活动支出】单品特价:4.70元+【活动支出】单品特价:16.50元+【活动支出】超级会员专享红包:5.00元+【活动支出】 商家自营销加码:2.00元+【活动支出】替用户承担配送费:3.5元,-,-,-,2.00,温州区域,温州加盟,,,否,-,平台配送
圣比萨（蟠凤店）,SBM00023,温州,"8086440255519977767	",饿了么,平台外卖,已完成,2025-10-23 15:21:35,2025-10-23 15:21:35,2025-10-23 15:21:36,饿了么支付-在线支付,,即时单,2025-10-23 15:21:35,10.22,自动出餐,1,否,"奥尔良烤鸡肉披萨-7英寸（经典手拍）[{""name"":""规格"",""value"":""7英寸（经典手拍）""}]（45.00*1）,餐盒（1.00*1）",新奥尔良烤鸡肉披萨,,,,非会员,18,,,1份餐具,,45.00,9.12,30.10,0.00,0,0,1.43,0.00,3.50,【活动支出】首次光顾立减:1.00元+【活动支出】单品特价:21.10元+【活动支出】 商家自营销加码:2.00元+【活动支出】粉丝群:1.00元+【活动支出】饿了么红包:5.00元+【活动支出】替用户承担配送费:3.5元,-,-,-,1.00,温州区域,温州加盟,,,否,-,平台配送
圣比萨（蟠凤店）,SBM00023,温州,"8082656089338575350	",饿了么,平台外卖,已完成,2025-10-23 15:24:09,2025-10-23 15:24:09,2025-10-23 15:24:09,饿了么支付-在线支付,,预约单,2025-10-23 16:30:00,20.97,自动出餐,1,否,"【真榴莲果肉】7英寸榴莲王披萨（58.00*1）,餐盒（1.00*1）",榴莲王披萨7英寸,,,,非会员,19,,,依据餐量提供餐具,,58.00,16.34,34.50,0.00,0,0,1.61,0.00,3.50,【活动支出】首次光顾立减:1.00元+【活动支出】单品特价:25.50元+【活动支出】精准营销:1.00元+【活动支出】饿了么红包:7.00元+【活动支出】替用户承担配送费:3.5元,-,-,-,1.00,温州区域,温州加盟,,,否,-,平台配送
圣比萨（蟠凤店）,SBM00023,温州,"8052340255533999547	",饿了么,平台外卖,已完成,2025-10-23 16:22:36,2025-10-23 16:22:36,2025-10-23 16:22:36,饿了么支付-在线支付,,即时单,2025-10-23 16:22:36,10.10,自动出餐,1,否,"个人独享DIY套餐(折扣价)[黑椒牛肉意面+蛋挞1对+奶茶+常温]（59.00*1）,餐盒（2.00*1）",个人独享DIY套餐(折扣价)[黑椒牛肉意面+蛋挞1对+奶茶+常温]+餐盒,,,,非会员,20,,,依据餐量提供餐具,,59.00,21.29,30.50,0.00,0,0,2.06,0.00,3.50,【活动支出】单品特价:23.50元+【活动支出】 商家自营销加码:2.00元+【活动支出】饿了么红包:5.00元+【活动支出】替用户承担配送费:3.5元,-,-,-,2.00,温州区域,温州加盟,,,否,-,平台配送
圣比萨（蟠凤店）,SBM00023,温州,"8092826089349337566	",饿了么,平台外卖,已完成,2025-10-23 17:13:14,2025-10-23 17:13:14,2025-10-23 17:13:14,饿了么支付-在线支付,,即时单,2025-10-23 17:13:14,10.02,自动出餐,1,否,"7寸披萨一人食土豪餐[圣比至尊7寸+上校鸡块1份+小份薯条+可乐（听装）+冰]（70.00*1）,餐盒（2.00*1）",7寸披萨一人食土豪餐[圣比至尊7寸+上校鸡块1份+小份薯条+可乐（听装）+冰]+餐盒,,,,非会员,21,,,依据餐量提供餐具,,70.00,19.44,43.50,0.00,0,0,1.91,0.00,4.00,【活动支出】首次光顾立减:1.00元+【活动支出】单品特价:34.50元+【活动支出】 商家自营销加码:0.00元+【活动支出】饿了么红包:8.00元+【活动支出】替用户承担配送费:4.0元,-,-,-,2.00,温州区域,温州加盟,,,否,-,平台配送
圣比萨（蟠凤店）,SBM00023,温州,"8075060255562536440	",饿了么,平台外卖,已完成,2025-10-23 17:21:33,2025-10-23 17:21:33,2025-10-23 17:21:34,饿了么支付-在线支付,,即时单,2025-10-23 17:21:33,10.10,自动出餐,1,否,"金桔柠檬[少冰]（10.00*1）,雀巢牛奶[热]（10.00*1）,【香蕉菠萝】9英寸缤纷水果披萨（75.00*1）,川香脆皮大翅根-2个[{""name"":""规格"",""value"":""2个""}]（22.00*1）,餐盒（2.00*1）",雀巢牛奶+缤纷水果披萨【9英寸(手拍)】+川香脆皮大翅根,,,,非会员,22,,,依据餐量提供餐具,,117.00,37.25,66.70,0.00,0,0,3.70,0.00,5.00,【活动支出】店铺满减:6.00元+【活动支出】单品特价:2.00元+【活动支出】单品特价:41.50元+【活动支出】单品特价:10.20元+【活动支出】饿了么红包:7.00元+【活动支出】替用户承担配送费:5.0元,-,-,-,2.00,温州区域,温州加盟,,,否,-,平台配送
圣比萨（蟠凤店）,SBM00023,温州,"8052586089387215206	",饿了么,平台外卖,已完成,2025-10-23 17:22:00,2025-10-23 17:22:00,2025-10-23 17:22:01,饿了么支付-在线支付,,即时单,2025-10-23 17:22:00,10.23,自动出餐,1,否,"7寸披萨一人食土豪餐[圣比至尊7寸+上校鸡块1份+鸡肉串2串+可乐（听装）+常温]（70.00*1）,餐盒（2.00*1）",7寸披萨一人食土豪餐[圣比至尊7寸+上校鸡块1份+鸡肉串2串+可乐（听装）+常温]+餐盒,,,,非会员,23,,,1份餐具,,70.00,17.64,43.50,0.00,0,0,1.91,0.00,6.20,【活动支出】首次光顾立减:1.00元+【活动支出】单品特价:34.50元+【活动支出】超级会员专享红包:5.00元+【活动支出】 商家自营销加码:2.00元+【活动支出】精准营销:1.00元+【活动支出】替用户承担配送费:6.0元,-,-,-,2.00,温州区域,温州加盟,,,否,-,平台配送
圣比萨（蟠凤店）,SBM00023,温州,"8071060255379648913	",饿了么,平台外卖,已完成,2025-10-23 17:29:58,2025-10-23 17:29:58,2025-10-23 17:29:59,饿了么支付-在线支付,,即时单,2025-10-23 17:29:58,10.00,自动出餐,1,否,"任选披萨8选1+小吃6选1+饮料[圣比至尊披萨7英寸+上校鸡块4个+可乐（听装）+常温]（65.00*1）,餐盒（2.00*1）",大圣招牌大满贯披萨【7英寸(手拍)】+上校鸡块,,,,非会员,24,,,1份餐具,,65.00,18.23,41.10,0.00,0,0,1.72,0.00,4.00,【活动支出】首次光顾立减:1.00元+【活动支出】单品特价:33.10元+【活动支出】饿了么红包:7.00元+【活动支出】替用户承担配送费:4.0元,-,-,-,2.00,温州区域,温州加盟,,,否,-,平台配送
圣比萨（蟠凤店）,SBM00023,温州,"8049686089393041820	",饿了么,平台外卖,已完成,2025-10-23 17:29:59,2025-10-23 17:29:59,2025-10-23 17:29:59,饿了么支付-在线支付,,即时单,2025-10-23 17:29:59,10.15,自动出餐,1,否,"上校鸡块一个（3.00*2）,任选披萨8选1+小吃6选1+饮料[水果披萨7英寸+上校鸡块4个+橙汁+常温]（65.00*1）,经典薯条（18.00*1）,餐盒（4.00*1）",上校鸡块1个+缤纷水果披萨【7英寸(手拍)】+上校鸡块+柳橙汁+经典薯条,,,,非会员,25,,,依据餐量提供餐具,,89.00,29.38,53.10,0.00,0,0,2.77,0.00,3.50,【活动支出】店铺满减:1.00元+【活动支出】单品特价:2.90元+【活动支出】单品特价:33.10元+【活动支出】单品特价:9.10元+【活动支出】饿了么红包:7.00元+【活动支出】替用户承担配送费:3.5元,-,-,-,4.00,温州区域,温州加盟,,,否,-,平台配送
圣比萨（蟠凤店）,SBM00023,温州,"8086170255470956824	",饿了么,平台外卖,已完成,2025-10-23 17:30:46,2025-10-23 17:30:46,2025-10-23 17:30:46,饿了么支付-在线支付,,即时单,2025-10-23 17:30:46,12.05,自动出餐,1,否,"【真榴莲果肉】7英寸榴莲王披萨（58.00*1）,任选意面6选1+小吃5选1+饮料[番茄牛肉意面+鸡肉串2串+可乐（听装）+冰]（57.00*1）,餐盒（3.00*1）",榴莲王披萨7英寸+番茄牛肉意面+地道肠1根+小可乐,,,,非会员,26,,,依据餐量提供餐具,,115.00,37.16,64.50,0.00,0,0,3.79,0.00,6.20,【活动支出】店铺满减:6.00元+【活动支出】单品特价:25.50元+【活动支出】单品特价:24.50元+【活动支出】粉丝群:3.00元+【活动支出】饿了么红包:5.50元+【活动支出】替用户承担配送费:6.0元,-,-,-,3.00,温州区域,温州加盟,,,否,-,平台配送
圣比萨（蟠凤店）,SBM00023,温州,"8065210255387127173	",饿了么,平台外卖,已完成,2025-10-23 17:43:47,2025-10-23 17:43:47,2025-10-23 17:43:48,饿了么支付-在线支付,,预约单,2025-10-23 19:35:00,66.38,自动出餐,1,否,"超值双人披萨套餐[新奥尔烤鸡肉9寸+小食桶B+雀巢牛奶+雀巢牛奶]（118.00*1）,餐盒（3.00*1）",新奥尔良烤鸡肉披萨【9英寸(手拍)】+明星小食桶B+雀巢牛奶+雀巢牛奶,,,,非会员,27,,,依据餐量提供餐具,,118.00,35.61,72.10,0.00,0,0,3.44,0.00,5.60,【活动支出】店铺满减:6.00元+【活动支出】首次光顾立减:1.00元+【活动支出】单品特价:52.10元+【活动支出】粉丝群:1.00元+【活动支出】饿了么红包:12.00元+【活动支出】替用户承担配送费:5.6元,-,-,-,3.00,温州区域,温州加盟,,,否,-,平台配送
圣比萨（蟠凤店）,SBM00023,温州,"8000956089374760425	",饿了么,平台外卖,已完成,2025-10-23 17:58:34,2025-10-23 17:58:34,2025-10-23 17:58:34,饿了么支付-在线支付,,即时单,2025-10-23 17:58:34,12.13,自动出餐,1,否,"日系照烧鸡披萨-12英寸（经典手拍）[{""name"":""规格"",""value"":""12英寸（经典手拍）""}]（108.00*1）,餐盒（1.00*1）",日系照烧鸡披萨,,,,非会员,28,,,依据餐量提供餐具,,108.00,34.31,61.50,0.00,0,0,3.34,0.00,4.50,【活动支出】店铺满减:1.00元+【活动支出】首次光顾立减:1.00元+【活动支出】单品特价:50.50元+【活动支出】饿了么红包:9.00元+【活动支出】替用户承担配送费:4.5元,-,-,-,1.00,温州区域,温州加盟,,,否,-,平台配送
圣比萨（蟠凤店）,SBM00023,温州,"8096626089380431307	",饿了么,平台外卖,已完成,2025-10-23 18:02:13,2025-10-23 18:02:13,2025-10-23 18:02:13,饿了么支付-在线支付,,即时单,2025-10-23 18:02:13,12.05,自动出餐,1,否,"【新客专享】川香脆皮翅根（1个）（12.00*1）,番茄牛肉意面（27.60*1）,餐盒（2.00*1）",川香脆皮大翅根【1个】+番茄牛肉意面,,,,非会员,29,,,1份餐具,,39.60,12.21,21.71,0.00,0,0,1.43,0.00,4.50,【活动支出】单品特价:10.01元+【活动支出】单品特价:4.70元+【活动支出】饿了么红包:7.00元+【活动支出】替用户承担配送费:4.5元,-,-,-,2.00,温州区域,温州加盟,,,否,-,平台配送
圣比萨（蟠凤店）,SBM00023,温州,"8096626089413874132	",饿了么,平台外卖,已完成,2025-10-23 18:03:39,2025-10-23 18:03:39,2025-10-23 18:03:40,饿了么支付-在线支付,,即时单,2025-10-23 18:03:39,12.20,自动出餐,1,否,"番茄牛肉意面（27.60*1）,可乐（罐装）[冰]（5.00*1）,餐盒（1.00*1）",番茄牛肉意面,,,,非会员,30,,,1份餐具,,32.60,11.72,14.20,0.00,0,0,1.43,0.00,4.50,【活动支出】单品特价:4.70元+【活动支出】单品特价:2.50元+【活动支出】饿了么红包:7.00元+【活动支出】淘金币:0.00元+【活动支出】替用户承担配送费:4.5元,-,-,-,1.00,温州区域,温州加盟,,,否,-,平台配送
圣比萨（蟠凤店）,SBM00023,温州,"8053260255413389587	",饿了么,平台外卖,已完成,2025-10-23 18:16:45,2025-10-23 18:16:45,2025-10-23 18:16:45,饿了么支付-在线支付,,即时单,2025-10-23 18:16:45,12.20,自动出餐,1,否,"【真榴莲果肉】7英寸榴莲王披萨（58.00*1）,碳烤鸡肉培根披萨-7英寸（经典手拍）[{""name"":""规格"",""value"":""7英寸（经典手拍）""}]（42.00*1）,奥尔良烤鸡肉披萨-7英寸（经典手拍）[{""name"":""规格"",""value"":""7英寸（经典手拍）""}]（45.00*1）,餐盒（3.00*1）",榴莲王披萨7英寸+碳烤鸡肉培根披萨+新奥尔良烤鸡肉披萨,,,,非会员,31,,,依据餐量提供餐具,,145.00,51.43,78.10,0.00,0,0,5.02,0.00,4.50,【活动支出】店铺满减:6.00元+【活动支出】单品特价:25.50元+【活动支出】单品特价:13.50元+【活动支出】单品特价:21.10元+【活动支出】饿了么红包:12.00元+【活动支出】替用户承担配送费:4.5元,-,-,-,3.00,温州区域,温州加盟,,,否,-,平台配送
圣比萨（蟠凤店）,SBM00023,温州,"8077956089362841897	",饿了么,平台外卖,已完成,2025-10-23 18:17:23,2025-10-23 18:17:23,2025-10-23 18:17:23,饿了么支付-在线支付,,即时单,2025-10-23 18:17:23,12.10,自动出餐,1,否,"【真榴莲果肉】7英寸榴莲王披萨（58.00*1）,餐盒（1.00*1）",榴莲王披萨7英寸,,,,非会员,32,,,放门口即可 / 依据餐量提供餐具,,58.00,16.34,34.50,0.00,0,0,1.61,0.00,3.50,【活动支出】首次光顾立减:1.00元+【活动支出】单品特价:25.50元+【活动支出】精准营销:1.00元+【活动支出】饿了么红包:7.00元+【活动支出】替用户承担配送费:3.5元,-,-,-,1.00,温州区域,温州加盟,,,否,-,平台配送
圣比萨（蟠凤店）,SBM00023,温州,"8023070255518526807	",饿了么,平台外卖,已完成,2025-10-23 18:28:56,2025-10-23 18:28:56,2025-10-23 18:28:56,饿了么支付-在线支付,,即时单,2025-10-23 18:28:56,12.10,自动出餐,1,否,"7寸披萨一人食土豪餐[浪漫威尼斯7寸+小份薯条+上校鸡块+芒果汁+冰]（70.00*1）,餐盒（2.00*1）",上校鸡块+芒果汁,,,,非会员,33,,,2份餐具,,70.00,17.31,44.50,0.00,0,0,1.84,0.00,5.60,【活动支出】首次光顾立减:1.00元+【活动支出】单品特价:34.50元+【活动支出】粉丝群:1.00元+【活动支出】饿了么红包:8.00元+【活动支出】替用户承担配送费:5.6元,-,-,-,2.00,温州区域,温州加盟,,,否,-,平台配送
圣比萨（蟠凤店）,SBM00023,温州,"8040400255510771013	",饿了么,平台外卖,已完成,2025-10-23 18:41:30,2025-10-23 18:41:30,2025-10-23 18:41:31,饿了么支付-在线支付,,即时单,2025-10-23 18:41:30,12.18,自动出餐,1,否,"个人独享DIY套餐(折扣价)[缤纷水果7寸+奥尔良烤翅+奶茶+常温]（59.00*1）,餐盒（2.00*1）",缤纷水果披萨【7英寸(手拍)】+奥尔良烤翅,,,,非会员,34,,,依据餐量提供餐具,,59.00,17.64,32.50,0.00,0,0,1.91,0.00,6.20,【活动支出】单品特价:23.50元+【活动支出】 商家自营销加码:0.00元+【活动支出】精准营销:1.00元+【活动支出】饿了么红包:8.00元+【活动支出】替用户承担配送费:6.0元,-,-,-,2.00,温州区域,温州加盟,,,否,-,平台配送
圣比萨（蟠凤店）,SBM00023,温州,"8044526089444223280	",饿了么,平台外卖,已完成,2025-10-23 18:57:03,2025-10-23 18:57:03,2025-10-23 18:57:03,饿了么支付-在线支付,,即时单,2025-10-23 18:57:03,12.15,自动出餐,1,否,"任选披萨8选1+小吃6选1+饮料[牛肉至尊披萨7英寸+滕椒金丝鸡排+橙汁+常温]（65.00*1）,台式风味地道肠（7.00*1）,餐盒（4.00*1）",柳橙汁,,,,非会员,35,,,依据餐量提供餐具,,72.00,23.09,44.20,0.00,0,0,2.16,0.00,4.00,【活动支出】店铺满减:1.00元+【活动支出】单品特价:33.10元+【活动支出】单品特价:1.10元+【活动支出】饿了么红包:9.00元+【活动支出】替用户承担配送费:4.0元,-,-,-,4.00,温州区域,温州加盟,,,否,-,平台配送
圣比萨（蟠凤店）,SBM00023,温州,"8084526089435605332	",饿了么,平台外卖,已完成,2025-10-23 19:50:10,2025-10-23 19:50:10,2025-10-23 19:50:10,饿了么支付-在线支付,,即时单,2025-10-23 19:50:10,10.05,自动出餐,1,否,"个人独享DIY套餐(折扣价)[牛肉至尊7寸+上校鸡块+橙汁+冰]（59.00*1）,餐盒（2.00*1）",炙热牛魔王披萨【7英寸(手拍)】+上校鸡块,,,,非会员,36,,,不要洋葱 / 1份餐具,,59.00,23.46,27.50,0.00,0,0,2.29,0.00,3.50,【活动支出】单品特价:23.50元+【活动支出】吃货红包:4.00元+【活动支出】替用户承担配送费:3.5元,-,-,-,2.00,温州区域,温州加盟,,,否,-,平台配送
圣比萨（蟠凤店）,SBM00023,温州,"8089536089438309719	",饿了么,平台外卖,已完成,2025-10-23 19:56:13,2025-10-23 19:56:13,2025-10-23 19:56:13,饿了么支付-在线支付,,即时单,2025-10-23 19:56:13,10.23,自动出餐,1,否,"披萨保温袋（一个披萨配一个，勿多拍）-7英寸保温袋[{""name"":""规格"",""value"":""7英寸保温袋""}]（0.50*1）,奥尔良烤鸡肉披萨-7英寸（经典手拍）[{""name"":""规格"",""value"":""7英寸（经典手拍）""}]（45.00*1）,餐盒（1.00*1）",新奥尔良烤鸡肉披萨,,,,非会员,37,,,依据餐量提供餐具,,45.50,8.82,29.10,0.00,0,0,1.43,0.00,6.20,【活动支出】首次光顾立减:1.00元+【活动支出】单品特价:21.10元+【活动支出】 商家自营销加码:2.00元+【活动支出】饿了么红包:5.00元+【活动支出】替用户承担配送费:6.0元,-,-,-,1.00,温州区域,温州加盟,,,否,-,平台配送
圣比萨（蟠凤店）,SBM00023,温州,"8050556089452671440	",饿了么,平台外卖,已完成,2025-10-23 20:10:33,2025-10-23 20:10:33,2025-10-23 20:10:34,饿了么支付-在线支付,,即时单,2025-10-23 20:10:33,10.07,自动出餐,1,否,"奥尔良烤鸡肉披萨-7英寸（经典手拍）[{""name"":""规格"",""value"":""7英寸（经典手拍）""}]（45.00*1）,餐盒（1.00*1）",新奥尔良烤鸡肉披萨,,,,非会员,38,,,1份餐具,,45.00,9.12,30.10,0.00,0,0,1.43,0.00,3.50,【活动支出】首次光顾立减:1.00元+【活动支出】单品特价:21.10元+【活动支出】粉丝群:1.00元+【活动支出】饿了么红包:7.00元+【活动支出】替用户承担配送费:3.5元,-,-,-,1.00,温州区域,温州加盟,,,否,-,平台配送
圣比萨（蟠凤店）,SBM00023,温州,"8029050255564539376	",饿了么,平台外卖,已完成,2025-10-23 20:46:33,2025-10-23 20:46:33,2025-10-23 20:46:33,饿了么支付-在线支付,,即时单,2025-10-23 20:46:33,10.00,自动出餐,1,否,"招牌肉酱芝士焗饭（52.00*1）,餐盒（1.00*1）",招牌肉酱芝士焗饭,,,,非会员,39,,,1份餐具,,52.00,15.09,30.50,0.00,0,0,1.46,0.00,3.50,【活动支出】单品特价:23.50元+【活动支出】饿了么红包:7.00元+【活动支出】替用户承担配送费:3.5元,-,-,-,1.00,温州区域,温州加盟,,,否,-,平台配送
圣比萨（蟠凤店）,SBM00023,温州,"8052586089487938934	",饿了么,平台外卖,已完成,2025-10-23 21:05:36,2025-10-23 21:05:36,2025-10-23 21:05:36,饿了么支付-在线支付,,即时单,2025-10-23 21:05:36,10.17,自动出餐,1,否,"纯芝士披萨-7英寸（经典手拍）[{""name"":""规格"",""value"":""7英寸（经典手拍）""}]（42.00*1）,餐盒（1.00*1）",金牌芝士披萨,,,,非会员,40,,,依据餐量提供餐具,,42.00,10.72,24.10,0.00,0,0,1.43,0.00,7.10,【活动支出】首次光顾立减:1.00元+【活动支出】单品特价:16.10元+【活动支出】饿了么红包:7.00元+【活动支出】替用户承担配送费:6.0元,-,-,-,1.00,温州区域,温州加盟,,,否,-,平台配送
圣比萨（蟠凤店）,SBM00023,温州,"8091440255672876325	",饿了么,平台外卖,已完成,2025-10-23 21:22:24,2025-10-23 21:22:24,2025-10-23 21:22:24,饿了么支付-在线支付,,即时单,2025-10-23 21:22:24,10.15,自动出餐,1,否,"7寸披萨一人食土豪餐[浪漫威尼斯7寸+小份薯条+小份薯条+可乐（听装）+常温]（70.00*1）,餐盒（2.00*1）",7寸披萨一人食土豪餐[浪漫威尼斯7寸+小份薯条+小份薯条+可乐（听装）+常温]+餐盒,,,,非会员,41,,,依据餐量提供餐具,,70.00,18.94,43.50,0.00,0,0,1.91,0.00,5.60,【活动支出】首次光顾立减:1.00元+【活动支出】单品特价:34.50元+【活动支出】饿了么红包:8.00元+【活动支出】替用户承担配送费:5.6元,-,-,-,2.00,温州区域,温州加盟,,,否,-,平台配送
圣比萨（蟠凤店）,SBM00023,温州,"8090846089452592394	",饿了么,平台外卖,已完成,2025-10-23 21:43:42,2025-10-23 21:43:42,2025-10-23 21:43:42,饿了么支付-在线支付,,即时单,2025-10-23 21:43:42,10.07,自动出餐,1,否,"奥尔良烤鸡肉披萨-7英寸（经典手拍）[{""name"":""规格"",""value"":""7英寸（经典手拍）""}]（45.00*1）,餐盒（1.00*1）",新奥尔良烤鸡肉披萨,,,,非会员,42,,,依据餐量提供餐具,,45.00,11.62,26.50,0.00,0,0,1.43,0.00,5.60,【活动支出】单品特价:19.50元+【活动支出】饿了么红包:7.00元+【活动支出】替用户承担配送费:5.6元,-,-,-,1.00,温州区域,温州加盟,,,否,-,平台配送
圣比萨（娄桥店）,SBM00040,温州,"8045786088623441344	",饿了么,平台外卖,已完成,2025-10-21 20:44:24,2025-10-21 20:44:24,2025-10-21 20:44:24,饿了么支付-在线支付,,预约单,2025-10-23 18:00:00,2670.75,自动出餐,1,否,"【随心❤️拼】双拼披萨（口味自选）-7英寸双拼[新奥尔良烤鸡肉7英寸+碳烤鸡肉培根7英寸][{""name"":""规格"",""value"":""7英寸双拼""}]（24.90*1）,餐盒（2.00*1）",【随心❤️拼】双拼披萨,,,,非会员,1,,,依据餐量提供餐具,,24.90,12.12,8.00,0.00,0,0,1.43,0.00,3.50,【活动支出】首次光顾立减:1.00元+【活动支出】CPS商户叠加券:0.00元+【活动支出】饿了么红包:7.00元+【活动支出】淘金币:0.00元+【活动支出】替用户承担配送费:3.5元,-,-,-,2.00,温州区域,温州直营,,,否,-,平台配送
圣比萨（娄桥店）,SBM00040,温州,"8088816089090211207	",饿了么,平台外卖,已完成,2025-10-22 21:24:59,2025-10-22 21:24:59,2025-10-22 21:24:59,饿了么支付-在线支付,,预约单,2025-10-23 17:40:00,1170.05,自动出餐,1,否,"碳烤鸡肉培根披萨-7英寸(手拍)[{""name"":""规格"",""value"":""7英寸(手拍)""}]（23.90*1）,餐盒（2.00*1）",碳烤鸡肉培根披萨,,,,非会员,2,,,依据餐量提供餐具,,23.90,12.12,7.00,0.00,0,0,1.43,0.00,3.50,【活动支出】 商家自营销加码:2.00元+【活动支出】CPS商户叠加券:0.00元+【活动支出】饿了么红包:5.00元+【活动支出】淘金币:0.00元+【活动支出】替用户承担配送费:3.5元,-,-,-,2.00,温州区域,温州直营,,,否,-,平台配送
圣比萨（娄桥店）,SBM00040,温州,"8059350255301115221	",饿了么,平台外卖,已完成,2025-10-23 00:32:43,2025-10-23 00:32:43,2025-10-23 00:32:44,饿了么支付-在线支付,,即时单,2025-10-23 00:32:43,11.03,自动出餐,1,否,"【任选】披萨随心配（29.90*1）,餐盒（2.00*1）",不加一+上校鸡块+小可乐+不加一+新奥尔良烤鸡肉披萨(7英寸(手拍)),,,,非会员,3,,,依据餐量提供餐具,,29.90,20.33,2.00,0.00,0,0,2.02,0.00,5.60,【活动支出】下单返红包:2.00元+【活动支出】替用户承担配送费:5.6元,-,-,-,2.00,温州区域,温州直营,,,否,-,平台配送
圣比萨（娄桥店）,SBM00040,温州,"8008360255109798251	",饿了么,平台外卖,已完成,2025-10-23 00:39:24,2025-10-23 00:39:24,2025-10-23 00:39:24,饿了么支付-在线支付,,即时单,2025-10-23 00:39:24,11.22,自动出餐,1,否,"红薯薯泥流心卷边（7英寸）（4.90*1）,明星小食桶B（19.90*1）,【随心❤️拼】双拼披萨（口味自选）-7英寸双拼[新奥尔良烤鸡肉7英寸+缤纷水果7英寸][{""name"":""规格"",""value"":""7英寸双拼""}]（24.90*1）,餐盒（3.00*1）",红薯泥流心卷边7+明星小食桶B+【随心❤️拼】双拼披萨,,,,非会员,4,,,2份餐具,,49.70,30.05,11.00,0.00,0,0,2.90,0.00,5.60,【活动支出】店铺满减:1.00元+【活动支出】首次光顾立减:1.00元+【活动支出】饿了么红包:9.00元+【活动支出】替用户承担配送费:5.6元,-,-,-,3.00,温州区域,温州直营,,,否,-,平台配送
圣比萨（娄桥店）,SBM00040,温州,"8016666089183003006	",饿了么,平台外卖,已完成,2025-10-23 10:38:55,2025-10-23 10:38:55,2025-10-23 10:38:55,饿了么支付-在线支付,,预约单,2025-10-23 11:35:00,11.13,自动出餐,1,否,"榴莲王披萨-7英寸(手拍)[{""name"":""规格"",""value"":""7英寸(手拍)""}]（29.90*1）,餐盒（2.00*1）",榴莲王披萨,,,,非会员,5,,,依据餐量提供餐具,,29.90,13.22,11.00,0.00,0,0,1.43,0.00,5.00,【活动支出】首次光顾立减:1.00元+【活动支出】精准营销:3.00元+【活动支出】饿了么红包:7.00元+【活动支出】替用户承担配送费:5.0元,-,-,-,2.00,温州区域,温州直营,,,否,-,平台配送
圣比萨（娄桥店）,SBM00040,温州,"8003480255260985666	",饿了么,平台外卖,已完成,2025-10-23 10:39:22,2025-10-23 10:39:22,2025-10-23 10:39:22,饿了么支付-在线支付,,即时单,2025-10-23 10:39:22,11.05,自动出餐,1,否,"新奥尔良烤鸡肉披萨-7英寸(手拍)[{""name"":""规格"",""value"":""7英寸(手拍)""}]（21.90*1）,咸蛋黄风味流沙卷边（7英寸）（4.90*1）,餐盒（2.00*1）",新奥尔良烤鸡肉披萨+咸蛋黄流沙卷边7,,,,非会员,6,,,依据餐量提供餐具,,26.80,15.02,7.00,0.00,0,0,1.43,0.00,3.50,【活动支出】饿了么红包:7.00元+【活动支出】替用户承担配送费:3.5元,-,-,-,2.00,温州区域,温州直营,,,否,-,平台配送
圣比萨（娄桥店）,SBM00040,温州,"8092716089130074381	",饿了么,平台外卖,已完成,2025-10-23 10:39:26,2025-10-23 10:39:26,2025-10-23 10:39:26,饿了么支付-在线支付,,即时单,2025-10-23 10:39:26,11.00,自动出餐,1,否,"【随心❤️拼】双拼披萨（口味自选）-9英寸双拼[新奥尔良烤鸡肉9英寸+碳烤鸡肉培根9英寸][{""name"":""规格"",""value"":""9英寸双拼""}]（34.90*1）,奶酪芝士卷边（9英寸）（6.90*1）,餐盒（2.00*1）",【随心❤️拼】双拼披萨+奶酪芝士卷边9,,,,非会员,7,,,依据餐量提供餐具,,41.80,31.14,2.00,0.00,0,0,2.91,0.00,3.50,【活动支出】店铺满减:1.00元+【活动支出】首次光顾立减:1.00元+【活动支出】替用户承担配送费:3.5元,-,-,-,2.00,温州区域,温州直营,,,否,-,平台配送
圣比萨（娄桥店）,SBM00040,温州,"8013060255362534897	",饿了么,平台外卖,已完成,2025-10-23 10:41:55,2025-10-23 10:41:55,2025-10-23 10:41:55,饿了么支付-在线支付,,即时单,2025-10-23 10:41:55,11.20,自动出餐,1,否,手握三选一+二选一+可乐-单点[奥尔良+上校鸡块 2 块+可乐]（21.40*1）,小可乐+奥尔良风情烤鸡肉一人食盒子披萨+上校鸡块2个,,,,非会员,8,,,依据餐量提供餐具,,21.40,14.00,0.00,0.00,0,0,0.00,0.00,,【活动支出】拼团反圈活动:0.00元,-,-,-,0.00,温州区域,温州直营,,,否,-,平台配送
圣比萨（娄桥店）,SBM00040,温州,"8063110255278368107	",饿了么,平台外卖,已完成,2025-10-23 10:50:11,2025-10-23 10:50:11,2025-10-23 10:50:11,饿了么支付-在线支付,,即时单,2025-10-23 10:50:11,11.12,自动出餐,1,否,"招牌肉酱意面（23.90*1）,餐盒（2.00*1）",招牌肉酱意面,,,,非会员,9,,,依据餐量提供餐具,,23.90,9.12,10.00,0.00,0,0,1.43,0.00,4.00,【活动支出】首次光顾立减:1.00元+【活动支出】粉丝群:2.00元+【活动支出】饿了么红包:7.00元+【活动支出】替用户承担配送费:4.0元,-,-,-,2.00,温州区域,温州直营,,,否,-,平台配送
圣比萨（娄桥店）,SBM00040,温州,"8033916089202005285	",饿了么,平台外卖,已完成,2025-10-23 11:04:59,2025-10-23 11:04:59,2025-10-23 11:05:00,饿了么支付-在线支付,,即时单,2025-10-23 11:04:59,15.17,自动出餐,1,否,手握三选一-单点[缤纷水果]（17.40*1）,热带雨林水果一人食盒子披萨,,,,非会员,10,,,依据餐量提供餐具,,17.40,10.00,0.00,0.00,0,0,0.00,0.00,,【活动支出】拼团反圈活动:0.00元,-,-,-,0.00,温州区域,温州直营,,,否,-,平台配送
圣比萨（娄桥店）,SBM00040,温州,"8076886089185122693	",饿了么,平台外卖,已完成,2025-10-23 11:29:37,2025-10-23 11:29:37,2025-10-23 11:29:37,饿了么支付-在线支付,,即时单,2025-10-23 11:29:37,15.02,自动出餐,1,否,"【任选】披萨随心配（29.90*1）,餐盒（2.00*1）",不加一+小薯条+小可乐+不加一+新奥尔良烤鸡肉披萨(7英寸(手拍)),,,,非会员,11,,,依据餐量提供餐具,,29.90,18.23,6.00,0.00,0,0,1.72,0.00,4.00,【活动支出】首次光顾立减:1.00元+【活动支出】吃货豆兑换的商家券:5.00元+【活动支出】替用户承担配送费:4.0元,-,-,-,2.00,温州区域,温州直营,,,否,-,平台配送
圣比萨（娄桥店）,SBM00040,温州,"8066866089179262384	",饿了么,平台外卖,已完成,2025-10-23 11:34:01,2025-10-23 11:34:01,2025-10-23 11:34:01,饿了么支付-在线支付,,即时单,2025-10-23 11:34:01,15.18,自动出餐,1,否,手握三选一-单点[缤纷水果]（17.40*1）,热带雨林水果一人食盒子披萨,,,,非会员,12,,,依据餐量提供餐具,,17.40,10.00,0.00,0.00,0,0,0.00,0.00,,【活动支出】拼团反圈活动:0.00元,-,-,-,0.00,温州区域,温州直营,,,否,-,平台配送
圣比萨（娄桥店）,SBM00040,温州,"8056776089192411547	",饿了么,平台外卖,已完成,2025-10-23 11:42:14,2025-10-23 11:42:14,2025-10-23 11:42:14,饿了么支付-在线支付,,即时单,2025-10-23 11:42:14,13.58,手动出餐,1,否,"️【任选】意面随心配（29.90*1）,餐盒（2.00*1）",番茄培根意面+不加一+小可乐+不加一+小薯条,,,,非会员,13,,,上次说有送一份大薯，多给几包番茄酱，谢谢 / 1份餐具,,29.90,13.12,12.00,0.00,0,0,1.43,0.00,4.00,【活动支出】订单集点返红包:5.00元+【活动支出】饿了么红包:7.00元+【活动支出】替用户承担配送费:4.0元,-,-,-,2.00,温州区域,温州直营,,,否,-,平台配送
圣比萨（娄桥店）,SBM00040,温州,"8087676089258514874	",饿了么,平台外卖,已完成,2025-10-23 11:52:58,2025-10-23 11:52:58,2025-10-23 11:52:58,饿了么支付-在线支付,,即时单,2025-10-23 11:52:58,11.77,手动出餐,1,否,"榴莲王披萨-7英寸(手拍)[{""name"":""规格"",""value"":""7英寸(手拍)""}]（29.90*1）,餐盒（2.00*1）",榴莲王披萨,,,,非会员,14,,,依据餐量提供餐具,,29.90,15.12,10.00,0.00,0,0,1.43,0.00,4.50,【活动支出】精准营销:3.00元+【活动支出】饿了么红包:7.00元+【活动支出】替用户承担配送费:4.5元,-,-,-,2.00,温州区域,温州直营,,,否,-,平台配送
圣比萨（娄桥店）,SBM00040,温州,"8094240255339454944	",饿了么,平台外卖,已完成,2025-10-23 12:02:34,2025-10-23 12:02:34,2025-10-23 12:02:34,饿了么支付-在线支付,,即时单,2025-10-23 12:02:34,15.15,自动出餐,1,否,手握三选一-单点[奥尔良]（17.40*1）,奥尔良风情烤鸡肉一人食盒子披萨,,,,非会员,15,,,依据餐量提供餐具,,17.40,10.00,0.00,0.00,0,0,0.00,0.00,,【活动支出】拼团反圈活动:0.00元,-,-,-,0.00,温州区域,温州直营,,,否,-,平台配送
圣比萨（娄桥店）,SBM00040,温州,"8077020255348496776	",饿了么,平台外卖,已完成,2025-10-23 12:05:04,2025-10-23 12:05:04,2025-10-23 12:05:04,饿了么支付-在线支付,,即时单,2025-10-23 12:05:04,15.07,自动出餐,1,否,"蛋挞一个（3.90*1）,榴莲王披萨-7英寸(手拍)[{""name"":""规格"",""value"":""7英寸(手拍)""}]（29.90*1）,餐盒（2.50*1）",蛋挞1个+榴莲王披萨,,,,非会员,16,,,依据餐量提供餐具,,33.80,13.55,12.00,0.00,0,0,1.60,0.00,7.40,【活动支出】首次光顾立减:1.00元+【活动支出】 商家自营销加码:0.00元+【活动支出】精准营销红包:3.00元+【活动支出】饿了么红包:8.00元+【活动支出】替用户承担配送费:6.0元,-,-,-,2.50,温州区域,温州直营,,,否,-,平台配送
圣比萨（娄桥店）,SBM00040,温州,"8089686089267042802	",饿了么,平台外卖,已完成,2025-10-23 12:06:01,2025-10-23 12:06:01,2025-10-23 12:06:02,饿了么支付-在线支付,,即时单,2025-10-23 12:06:01,15.10,自动出餐,1,否,"新奥尔良烤鸡肉披萨-7英寸(手拍)[{""name"":""规格"",""value"":""7英寸(手拍)""}]（21.90*1）,奶酪芝士卷边（7英寸）（4.90*1）,餐盒（2.00*1）",新奥尔良烤鸡肉披萨+奶酪芝士卷边7,,,,非会员,17,,,依据餐量提供餐具,,26.80,14.02,8.00,0.00,0,0,1.43,0.00,4.00,【活动支出】首次光顾立减:1.00元+【活动支出】饿了么红包:7.00元+【活动支出】替用户承担配送费:4.0元,-,-,-,2.00,温州区域,温州直营,,,否,-,平台配送
圣比萨（娄桥店）,SBM00040,温州,"8097380255262499073	",饿了么,平台外卖,已完成,2025-10-23 12:16:44,2025-10-23 12:16:44,2025-10-23 12:16:44,饿了么支付-在线支付,,即时单,2025-10-23 12:16:44,15.23,自动出餐,1,否,"【随心❤️拼】双拼披萨（口味自选）-7英寸双拼[碳烤鸡肉培根7英寸+玉米沙拉7英寸][{""name"":""规格"",""value"":""7英寸双拼""}]（24.90*1）,餐盒（2.00*1）",【随心❤️拼】双拼披萨,,,,非会员,18,,,依据餐量提供餐具,,24.90,11.22,8.00,0.00,0,0,1.43,0.00,5.00,【活动支出】首次光顾立减:1.00元+【活动支出】饿了么红包:7.00元+【活动支出】替用户承担配送费:5.0元,-,-,-,2.00,温州区域,温州直营,,,否,-,平台配送
圣比萨（娄桥店）,SBM00040,温州,"8058866089241552172	",饿了么,平台外卖,已完成,2025-10-23 13:10:38,2025-10-23 13:10:38,2025-10-23 13:10:38,饿了么支付-在线支付,,即时单,2025-10-23 13:10:38,15.00,自动出餐,1,否,"【任选】买一送一7英寸披萨（49.70*1）,餐盒（2.00*1）",炙热牛魔王披萨(7英寸(手拍))+榴莲王披萨(7英寸(手拍)),,,,非会员,19,,,依据餐量提供餐具,,49.70,27.95,14.00,0.00,0,0,2.60,0.00,3.50,【活动支出】店铺满减:1.00元+【活动支出】首次光顾立减:1.00元+【活动支出】饿了么红包:12.00元+【活动支出】替用户承担配送费:3.5元,-,-,-,2.00,温州区域,温州直营,,,否,-,平台配送
圣比萨（娄桥店）,SBM00040,温州,"8068616089307612529	",饿了么,平台外卖,已完成,2025-10-23 13:17:23,2025-10-23 13:17:23,2025-10-23 13:17:23,饿了么支付-在线支付,,即时单,2025-10-23 13:17:23,15.13,自动出餐,1,否,"【随心❤️拼】双拼披萨（口味自选）-7英寸双拼[缤纷水果7英寸+新奥尔良烤鸡肉7英寸][{""name"":""规格"",""value"":""7英寸双拼""}]（24.90*1）,餐盒（2.00*1）",【随心❤️拼】双拼披萨,,,,非会员,20,,,依据餐量提供餐具,,24.90,6.92,10.00,0.00,0,0,1.43,0.00,7.40,【活动支出】首次光顾立减:1.00元+【活动支出】粉丝群:2.00元+【活动支出】饿了么红包:7.00元+【活动支出】替用户承担配送费:6.0元,-,-,-,2.00,温州区域,温州直营,,,否,-,平台配送
圣比萨（娄桥店）,SBM00040,温州,"8074666089275823442	",饿了么,平台外卖,已完成,2025-10-23 13:19:26,2025-10-23 13:19:26,2025-10-23 13:19:26,饿了么支付-在线支付,,即时单,2025-10-23 13:19:26,15.03,自动出餐,1,否,"新奥尔良烤鸡肉披萨-7英寸(手拍)[{""name"":""规格"",""value"":""7英寸(手拍)""}]（21.90*1）,奶酪芝士卷边（7英寸）（4.90*1）,餐盒（2.00*1）",新奥尔良烤鸡肉披萨+奶酪芝士卷边7,,,,非会员,21,,,依据餐量提供餐具,,26.80,15.02,7.00,0.00,0,0,1.43,0.00,3.50,【活动支出】饿了么红包:7.00元+【活动支出】替用户承担配送费:3.5元,-,-,-,2.00,温州区域,温州直营,,,否,-,平台配送
圣比萨（娄桥店）,SBM00040,温州,"8077596089247425917	",饿了么,平台外卖,已完成,2025-10-23 13:28:24,2025-10-23 13:28:24,2025-10-23 13:28:24,饿了么支付-在线支付,,即时单,2025-10-23 13:28:24,11.58,手动出餐,1,否,"蛋挞一个（原味）（3.90*1）,【随心❤️拼】双拼披萨（口味自选）-7英寸双拼[日式照烧鸡7英寸+玉米沙拉7英寸][{""name"":""规格"",""value"":""7英寸双拼""}]（24.90*1）,餐盒（2.50*1）",蛋挞1个+【随心❤️拼】双拼披萨,,,,非会员,22,,,对骑手 直接放门口 / 依据餐量提供餐具,,28.80,14.61,9.91,0.00,0,0,1.43,0.00,4.00,【活动支出】单品特价:2.91元+【活动支出】 商家自营销加码:2.00元+【活动支出】CPS商户叠加券:0.00元+【活动支出】饿了么红包:5.00元+【活动支出】替用户承担配送费:4.0元,-,-,-,2.50,温州区域,温州直营,,,否,-,平台配送
圣比萨（娄桥店）,SBM00040,温州,"8076766089283883308	",饿了么,平台外卖,已完成,2025-10-23 13:42:50,2025-10-23 13:42:50,2025-10-23 13:42:50,饿了么支付-在线支付,,即时单,2025-10-23 13:42:50,9.53,手动出餐,1,否,"【随心❤️拼】双拼披萨（口味自选）-7英寸双拼[新奥尔良烤鸡肉7英寸+碳烤鸡肉培根7英寸][{""name"":""规格"",""value"":""7英寸双拼""}]（24.90*1）,餐盒（2.00*1）",【随心❤️拼】双拼披萨,,,,非会员,23,,,放门口柜子上就行，请不要打电话 / 依据餐量提供餐具,,24.90,12.12,8.00,0.00,0,0,1.43,0.00,4.00,【活动支出】首次光顾立减:1.00元+【活动支出】 商家自营销加码:2.00元+【活动支出】CPS商户叠加券:0.00元+【活动支出】饿了么红包:5.00元+【活动支出】替用户承担配送费:4.0元,-,-,-,2.00,温州区域,温州直营,,,否,-,平台配送
圣比萨（娄桥店）,SBM00040,温州,"8052020255405206952	",饿了么,平台外卖,已完成,2025-10-23 14:03:28,2025-10-23 14:03:28,2025-10-23 14:03:28,饿了么支付-在线支付,,即时单,2025-10-23 14:03:28,10.32,手动出餐,1,否,"红薯薯泥流心卷边（7英寸）（4.90*1）,碳烤鸡肉培根披萨-7英寸(手拍)[{""name"":""规格"",""value"":""7英寸(手拍)""}]（23.90*1）,餐盒（2.00*1）",红薯泥流心卷边7+碳烤鸡肉培根披萨,,,,非会员,24,,,1份餐具,,28.80,14.12,9.00,0.00,0,0,1.43,0.00,5.00,【活动支出】首次光顾立减:1.00元+【活动支出】精准营销:3.00元+【活动支出】饿了么红包:5.00元+【活动支出】替用户承担配送费:5.0元,-,-,-,2.00,温州区域,温州直营,,,否,-,平台配送
圣比萨（娄桥店）,SBM00040,温州,"8029836089322583461	",饿了么,平台外卖,已完成,2025-10-23 14:06:11,2025-10-23 14:06:11,2025-10-23 14:06:12,饿了么支付-在线支付,,即时单,2025-10-23 14:06:11,7.63,手动出餐,1,否,"榴莲王披萨-7英寸(手拍)[{""name"":""规格"",""value"":""7英寸(手拍)""}]（29.90*1）,餐盒（2.00*1）",榴莲王披萨,,,,非会员,25,,,依据餐量提供餐具,,29.90,14.22,10.00,0.00,0,0,1.43,0.00,5.00,【活动支出】首次光顾立减:1.00元+【活动支出】精准营销:3.00元+【活动支出】饿了么红包:6.00元+【活动支出】替用户承担配送费:5.0元,-,-,-,2.00,温州区域,温州直营,,,否,-,平台配送
圣比萨（娄桥店）,SBM00040,温州,"8046440255402789129	",饿了么,平台外卖,已完成,2025-10-23 14:19:48,2025-10-23 14:19:48,2025-10-23 14:19:48,饿了么支付-在线支付,,即时单,2025-10-23 14:19:48,11.20,自动出餐,1,否,"新奥尔良烤鸡肉披萨-9英寸(手拍)[{""name"":""规格"",""value"":""9英寸(手拍)""}]（31.90*1）,奶酪芝士卷边（9英寸）（6.90*1）,餐盒（2.00*1）",新奥尔良烤鸡肉披萨+奶酪芝士卷边9,,,,非会员,26,,,3份餐具,,38.80,19.09,13.00,0.00,0,0,1.86,0.00,5.00,【活动支出】店铺满减:1.00元+【活动支出】首次光顾立减:1.00元+【活动支出】精准营销红包:3.00元+【活动支出】饿了么红包:8.00元+【活动支出】替用户承担配送费:5.0元,-,-,-,2.00,温州区域,温州直营,,,否,-,平台配送
圣比萨（娄桥店）,SBM00040,温州,"8099606089322750347	",饿了么,平台外卖,已完成,2025-10-23 14:21:41,2025-10-23 14:21:41,2025-10-23 14:21:41,饿了么支付-在线支付,,即时单,2025-10-23 14:21:41,11.18,自动出餐,1,否,"新奥尔良烤鸡肉披萨-7英寸(手拍)[{""name"":""规格"",""value"":""7英寸(手拍)""}]（21.90*1）,蛋挞一个（3.90*1）,餐盒（2.50*1）",新奥尔良烤鸡肉披萨+蛋挞1个,,,,非会员,27,,,依据餐量提供餐具,,25.80,13.52,8.00,0.00,0,0,1.43,0.00,3.50,【活动支出】首次光顾立减:1.00元+【活动支出】饿了么红包:7.00元+【活动支出】替用户承担配送费:3.5元,-,-,-,2.50,温州区域,温州直营,,,否,-,平台配送
圣比萨（娄桥店）,SBM00040,温州,"8002210255501896153	",饿了么,平台外卖,已完成,2025-10-23 14:27:02,2025-10-23 14:27:02,2025-10-23 14:27:03,饿了么支付-在线支付,,即时单,2025-10-23 14:27:02,8.82,手动出餐,1,否,手握三选一-单点[缤纷水果]（17.40*1）,热带雨林水果一人食盒子披萨,,,,非会员,28,,,依据餐量提供餐具,,17.40,10.00,0.00,0.00,0,0,0.00,0.00,,【活动支出】拼团反圈活动:0.00元,-,-,-,0.00,温州区域,温州直营,,,否,-,平台配送
圣比萨（娄桥店）,SBM00040,温州,"8071120255410131308	",饿了么,平台外卖,已完成,2025-10-23 14:34:08,2025-10-23 14:34:08,2025-10-23 14:34:08,饿了么支付-在线支付,,即时单,2025-10-23 14:34:08,11.17,自动出餐,1,否,"榴莲王披萨-7英寸(手拍)[{""name"":""规格"",""value"":""7英寸(手拍)""}]（29.90*1）,餐盒（2.00*1）",榴莲王披萨,,,,非会员,29,,,依据餐量提供餐具,,29.90,16.41,7.00,0.00,0,0,1.64,0.00,5.00,【活动支出】 商家自营销加码:2.00元+【活动支出】饿了么红包:5.00元+【活动支出】替用户承担配送费:5.0元,-,-,-,2.00,温州区域,温州直营,,,否,-,平台配送
圣比萨（娄桥店）,SBM00040,温州,"8065976089269093873	",饿了么,平台外卖,已完成,2025-10-23 14:41:26,2025-10-23 14:41:26,2025-10-23 14:41:27,饿了么支付-在线支付,,预约单,2025-10-23 16:25:00,58.63,自动出餐,1,否,"️【任选】意面随心配（29.90*1）,餐盒（2.00*1）",招牌肉酱意面+不加一+小可乐+不加一+地道肠1根,,,,非会员,30,,,依据餐量提供餐具,,29.90,14.12,11.00,0.00,0,0,1.43,0.00,3.50,【活动支出】首次光顾立减:1.00元+【活动支出】 商家自营销加码:2.00元+【活动支出】精准营销:3.00元+【活动支出】饿了么红包:5.00元+【活动支出】替用户承担配送费:3.5元,-,-,-,2.00,温州区域,温州直营,,,否,-,平台配送
圣比萨（娄桥店）,SBM00040,温州,"8007536089322273165	",饿了么,平台外卖,已完成,2025-10-23 15:12:51,2025-10-23 15:12:51,2025-10-23 15:12:52,饿了么支付-在线支付,,即时单,2025-10-23 15:12:51,11.13,自动出餐,1,否,"新奥尔良烤鸡肉披萨-7英寸(手拍)[{""name"":""规格"",""value"":""7英寸(手拍)""}]（21.90*1）,餐盒（2.00*1）",新奥尔良烤鸡肉披萨,,,,非会员,31,,,2份餐具,,21.90,9.22,7.00,0.00,0,0,1.43,0.00,5.00,【活动支出】饿了么红包:7.00元+【活动支出】替用户承担配送费:5.0元,-,-,-,2.00,温州区域,温州直营,,,否,-,平台配送
圣比萨（娄桥店）,SBM00040,温州,"8024070255522213245	",饿了么,平台外卖,已完成,2025-10-23 15:19:33,2025-10-23 15:19:33,2025-10-23 15:19:33,饿了么支付-在线支付,,即时单,2025-10-23 15:19:33,11.12,自动出餐,1,否,"【任选】披萨随心配（38.80*1）,餐盒（2.00*1）",奥尔良烤翅+深海墨鱼丸(3个)+小可乐+不加一+新奥尔良烤鸡肉披萨(7英寸(手拍)),,,,非会员,32,,,1份餐具,,38.80,21.26,10.00,0.00,0,0,2.09,0.00,4.50,【活动支出】店铺满减:1.00元+【活动支出】饿了么红包:9.00元+【活动支出】替用户承担配送费:4.5元,-,-,-,2.00,温州区域,温州直营,,,否,-,平台配送
圣比萨（娄桥店）,SBM00040,温州,"8027776089284556217	",饿了么,平台外卖,已完成,2025-10-23 15:19:56,2025-10-23 15:19:56,2025-10-23 15:19:56,饿了么支付-在线支付,,即时单,2025-10-23 15:19:56,11.05,自动出餐,1,否,"新奥尔良烤鸡肉披萨-7英寸(手拍)[{""name"":""规格"",""value"":""7英寸(手拍)""}]（21.90*1）,餐盒（2.00*1）",新奥尔良烤鸡肉披萨,,,,非会员,33,,,无需餐具,,21.90,7.32,8.00,0.00,0,0,1.43,0.00,5.60,【活动支出】首次光顾立减:1.00元+【活动支出】饿了么红包:7.00元+【活动支出】替用户承担配送费:5.6元,-,-,-,2.00,温州区域,温州直营,,,否,-,平台配送
圣比萨（娄桥店）,SBM00040,温州,"8049120255335608643	",饿了么,平台外卖,已完成,2025-10-23 15:30:57,2025-10-23 15:30:57,2025-10-23 15:30:57,饿了么支付-在线支付,,预约单,2025-10-23 18:45:00,149.28,自动出餐,1,否,"奶酪芝士卷边（7英寸）（4.90*1）,奶酪芝士卷边（7英寸）（4.90*1）,榴莲王披萨-7英寸(手拍)[{""name"":""规格"",""value"":""7英寸(手拍)""}]（29.90*1）,【随心❤️拼】双拼披萨（口味自选）-7英寸双拼[新奥尔良烤鸡肉7英寸+缤纷水果7英寸][{""name"":""规格"",""value"":""7英寸双拼""}]（24.90*1）,餐盒（4.00*1）",奶酪芝士卷边7+奶酪芝士卷边7+榴莲王披萨+【随心❤️拼】双拼披萨,,,,非会员,34,,,5份餐具,,64.60,38.13,16.00,0.00,0,0,3.72,0.00,5.60,【活动支出】店铺满减:6.00元+【活动支出】首次光顾立减:1.00元+【活动支出】饿了么红包:9.00元+【活动支出】替用户承担配送费:5.6元,-,-,-,4.00,温州区域,温州直营,,,否,-,平台配送
圣比萨（娄桥店）,SBM00040,温州,"8046440255335636318	",饿了么,平台外卖,已完成,2025-10-23 15:45:40,2025-10-23 15:45:40,2025-10-23 15:45:41,饿了么支付-在线支付,,即时单,2025-10-23 15:45:40,11.00,自动出餐,1,否,"【随心❤️拼】双拼披萨（口味自选）-9英寸双拼[新奥尔良烤鸡肉9英寸+新奥尔良烤鸡肉9英寸][{""name"":""规格"",""value"":""9英寸双拼""}]（34.90*1）,餐盒（2.00*1）",【随心❤️拼】双拼披萨,,,,非会员,35,,,依据餐量提供餐具,,34.90,17.33,11.00,0.00,0,0,1.72,0.00,5.00,【活动支出】超级会员专享红包:8.00元+【活动支出】 商家自营销加码:0.00元+【活动支出】精准营销红包:3.00元+【活动支出】替用户承担配送费:5.0元,-,-,-,2.00,温州区域,温州直营,,,否,-,平台配送
圣比萨（娄桥店）,SBM00040,温州,"8061050255433524582	",饿了么,平台外卖,已完成,2025-10-23 15:51:32,2025-10-23 15:51:32,2025-10-23 15:51:32,饿了么支付-在线支付,,即时单,2025-10-23 15:51:32,11.13,自动出餐,1,否,"【任选】披萨随心配（29.90*1）,餐盒（2.00*1）",不加一+上校鸡块+小可乐+不加一+新奥尔良烤鸡肉披萨(7英寸(手拍)),,,,非会员,36,,,依据餐量提供餐具,,29.90,17.31,7.00,0.00,0,0,1.64,0.00,3.50,【活动支出】 商家自营销加码:2.00元+【活动支出】饿了么红包:5.00元+【活动支出】替用户承担配送费:3.5元,-,-,-,2.00,温州区域,温州直营,,,否,-,平台配送
圣比萨（娄桥店）,SBM00040,温州,"8049470255433411908	",饿了么,平台外卖,已完成,2025-10-23 16:21:43,2025-10-23 16:21:43,2025-10-23 16:21:43,饿了么支付-在线支付,,即时单,2025-10-23 16:21:43,11.23,自动出餐,1,否,"️【任选】意面随心配（29.90*1）,餐盒（2.00*1）",招牌肉酱意面+不加一+小可乐+不加一+地道肠1根,,,,非会员,37,,,依据餐量提供餐具,,29.90,14.12,11.00,0.00,0,0,1.43,0.00,4.00,【活动支出】首次光顾立减:1.00元+【活动支出】精准营销:3.00元+【活动支出】饿了么红包:7.00元+【活动支出】替用户承担配送费:4.0元,-,-,-,2.00,温州区域,温州直营,,,否,-,平台配送
圣比萨（娄桥店）,SBM00040,温州,"8007080255442301260	",饿了么,平台外卖,已完成,2025-10-23 16:34:11,2025-10-23 16:34:11,2025-10-23 16:34:11,饿了么支付-在线支付,,即时单,2025-10-23 16:34:11,11.00,自动出餐,1,否,"花果山披萨-7英寸(手拍)[{""name"":""规格"",""value"":""7英寸(手拍)""}]（23.90*1）,餐盒（2.00*1）",花果山披萨,,,,非会员,38,,,1份餐具,,23.90,12.12,7.00,0.00,0,0,1.43,0.00,3.50,【活动支出】饿了么红包:7.00元+【活动支出】替用户承担配送费:3.5元,-,-,-,2.00,温州区域,温州直营,,,否,-,平台配送
圣比萨（娄桥店）,SBM00040,温州,"8029676089350481228	",饿了么,平台外卖,已完成,2025-10-23 16:39:45,2025-10-23 16:39:45,2025-10-23 16:39:45,饿了么支付-在线支付,,即时单,2025-10-23 16:39:45,11.00,自动出餐,1,否,"明星小食桶B（19.90*1）,榴莲王披萨-7英寸(手拍)[{""name"":""规格"",""value"":""7英寸(手拍)""}]（29.90*1）,加一份芝士-7英寸[{""name"":""规格"",""value"":""7英寸""}]（6.90*1）,餐盒（3.00*1）",明星小食桶B+榴莲王披萨+芝士加倍,,,,非会员,39,,,依据餐量提供餐具,,56.70,28.77,17.00,0.00,0,0,2.98,0.00,7.40,【活动支出】店铺满减:1.00元+【活动支出】首次光顾立减:1.00元+【活动支出】精准营销:3.00元+【活动支出】饿了么红包:12.00元+【活动支出】替用户承担配送费:6.0元,-,-,-,3.00,温州区域,温州直营,,,否,-,平台配送
圣比萨（娄桥店）,SBM00040,温州,"8040070255540628798	",饿了么,平台外卖,已完成,2025-10-23 16:40:29,2025-10-23 16:40:29,2025-10-23 16:40:29,饿了么支付-在线支付,,即时单,2025-10-23 16:40:29,11.17,自动出餐,1,否,"【随心❤️拼】双拼披萨（口味自选）-9英寸双拼[碳烤鸡肉培根9英寸+缤纷水果9英寸][{""name"":""规格"",""value"":""9英寸双拼""}]（34.90*1）,餐盒（2.00*1）",【随心❤️拼】双拼披萨,,,,非会员,40,,,依据餐量提供餐具,,34.90,20.41,8.00,0.00,0,0,1.94,0.00,3.50,【活动支出】饿了么红包:8.00元+【活动支出】替用户承担配送费:3.5元,-,-,-,2.00,温州区域,温州直营,,,否,-,平台配送
圣比萨（娄桥店）,SBM00040,温州,"8040566089331867985	",饿了么,平台外卖,已完成,2025-10-23 16:41:04,2025-10-23 16:41:04,2025-10-23 16:41:04,饿了么支付-在线支付,,即时单,2025-10-23 16:41:04,11.22,自动出餐,1,否,"【任选】披萨随心配（29.90*1）,餐盒（2.00*1）",不加一+蛋挞1个+小可乐+不加一+新奥尔良烤鸡肉披萨(7英寸(手拍)),,,,非会员,41,,,1份餐具,,29.90,16.38,8.00,0.00,0,0,1.57,0.00,4.00,【活动支出】首次光顾立减:1.00元+【活动支出】饿了么红包:7.00元+【活动支出】替用户承担配送费:4.0元,-,-,-,2.00,温州区域,温州直营,,,否,-,平台配送
圣比萨（娄桥店）,SBM00040,温州,"8092816089339939214	",饿了么,平台外卖,已完成,2025-10-23 16:46:33,2025-10-23 16:46:33,2025-10-23 16:46:33,饿了么支付-在线支付,,即时单,2025-10-23 16:46:33,11.18,自动出餐,1,否,"榴莲王披萨-7英寸(手拍)[{""name"":""规格"",""value"":""7英寸(手拍)""}]（29.90*1）,餐盒（2.00*1）",榴莲王披萨,,,,非会员,42,,,依据餐量提供餐具,,29.90,12.32,11.00,0.00,0,0,1.43,0.00,6.80,【活动支出】首次光顾立减:1.00元+【活动支出】精准营销:3.00元+【活动支出】饿了么红包:7.00元+【活动支出】替用户承担配送费:6.0元,-,-,-,2.00,温州区域,温州直营,,,否,-,平台配送
圣比萨（娄桥店）,SBM00040,温州,"8089836089338818853	",饿了么,平台外卖,已完成,2025-10-23 16:47:25,2025-10-23 16:47:25,2025-10-23 16:47:25,饿了么支付-在线支付,,即时单,2025-10-23 16:47:25,11.07,自动出餐,1,否,"【任选】披萨随心配（34.80*1）,餐盒（2.00*1）",盐酥鸡米花小份+上校鸡块+小可乐+不加一+新奥尔良烤鸡肉披萨(7英寸(手拍)),,,,非会员,43,,,依据餐量提供餐具,,34.80,19.99,9.00,0.00,0,0,1.86,0.00,4.00,【活动支出】首次光顾立减:1.00元+【活动支出】饿了么红包:8.00元+【活动支出】替用户承担配送费:4.0元,-,-,-,2.00,温州区域,温州直营,,,否,-,平台配送
圣比萨（娄桥店）,SBM00040,温州,"8027636089372856778	",饿了么,平台外卖,已完成,2025-10-23 16:53:35,2025-10-23 16:53:35,2025-10-23 16:53:35,饿了么支付-在线支付,,即时单,2025-10-23 16:53:35,11.22,自动出餐,1,否,"【随心❤️拼】双拼披萨（口味自选）-9英寸双拼[缤纷水果9英寸+新奥尔良烤鸡肉9英寸][{""name"":""规格"",""value"":""9英寸双拼""}]（34.90*1）,蛋挞一个（原味）（3.90*1）,餐盒（2.50*1）",【随心❤️拼】双拼披萨+蛋挞1个,,,,非会员,44,,,依据餐量提供餐具；手机尾号：0659；接力送,,38.80,17.66,11.91,0.00,0,0,1.98,0.00,7.40,【活动支出】店铺满减:1.00元+【活动支出】首次光顾立减:1.00元+【活动支出】单品特价:2.91元+【活动支出】饿了么红包:7.00元+【活动支出】替用户承担配送费:6.0元,-,-,-,2.50,温州区域,温州直营,,,否,-,平台配送
圣比萨（娄桥店）,SBM00040,温州,"8069786089317783958	",饿了么,平台外卖,已完成,2025-10-23 16:59:20,2025-10-23 16:59:20,2025-10-23 16:59:20,饿了么支付-在线支付,,即时单,2025-10-23 16:59:20,11.22,自动出餐,1,否,"榴莲王披萨-9英寸(手拍)[{""name"":""规格"",""value"":""9英寸(手拍)""}]（39.90*1）,芝士焗红薯泥（10.90*1）,奥尔良烤翅（9.90*1）,加一份芝士-7英寸[{""name"":""规格"",""value"":""7英寸""}]（6.90*1）,餐盒（3.00*1）",榴莲王披萨+芝士焗红薯泥+奥尔良烤翅+芝士加倍,,,,非会员,45,,,依据餐量提供餐具,,67.60,34.43,22.00,0.00,0,0,3.42,0.00,6.20,【活动支出】店铺满减:6.00元+【活动支出】首次光顾立减:1.00元+【活动支出】精准营销红包:3.00元+【活动支出】饿了么红包:12.00元+【活动支出】替用户承担配送费:6.0元,-,-,-,3.00,温州区域,温州直营,,,否,-,平台配送
圣比萨（娄桥店）,SBM00040,温州,"8073886089358546393	",饿了么,平台外卖,已完成,2025-10-23 17:02:20,2025-10-23 17:02:20,2025-10-23 17:02:20,饿了么支付-在线支付,,即时单,2025-10-23 17:02:20,11.23,自动出餐,1,否,"️【任选】意面随心配（34.80*1）,餐盒（2.00*1）",番茄牛肉意面+不加一+小可乐+盐酥鸡米花小份+地道肠1根,,,,非会员,46,,,依据餐量提供餐具,,34.80,16.29,13.00,0.00,0,0,1.56,0.00,3.50,【活动支出】首次光顾立减:1.00元+【活动支出】精准营销红包:4.00元+【活动支出】饿了么红包:8.00元+【活动支出】替用户承担配送费:3.5元,-,-,-,2.00,温州区域,温州直营,,,否,-,平台配送
圣比萨（娄桥店）,SBM00040,温州,"8035190255372983752	",饿了么,平台外卖,已完成,2025-10-23 17:16:59,2025-10-23 17:16:59,2025-10-23 17:16:59,饿了么支付-在线支付,,即时单,2025-10-23 17:16:59,11.22,自动出餐,1,否,"番茄牛肉意面（23.90*1）,餐盒（2.00*1）",番茄牛肉意面,,,,非会员,47,,,依据餐量提供餐具,,23.90,9.12,10.00,0.00,0,0,1.43,0.00,3.50,【活动支出】首次光顾立减:1.00元+【活动支出】粉丝群:2.00元+【活动支出】饿了么红包:7.00元+【活动支出】替用户承担配送费:3.5元,-,-,-,2.00,温州区域,温州直营,,,否,-,平台配送
圣比萨（娄桥店）,SBM00040,温州,"8011516089386104280	",饿了么,平台外卖,已完成,2025-10-23 17:17:42,2025-10-23 17:17:42,2025-10-23 17:17:42,饿了么支付-在线支付,,即时单,2025-10-23 17:17:42,11.05,自动出餐,1,否,"️【任选】意面随心配（29.90*1）,餐盒（2.00*1）",番茄培根意面+不加一+小可乐+不加一+深海墨鱼丸(3个),,,,非会员,48,,,无需餐具,,29.90,14.58,8.00,0.00,0,0,1.57,0.00,5.60,【活动支出】首次光顾立减:1.00元+【活动支出】饿了么红包:7.00元+【活动支出】替用户承担配送费:5.6元,-,-,-,2.00,温州区域,温州直营,,,否,-,平台配送
圣比萨（娄桥店）,SBM00040,温州,"8016110255378104609	",饿了么,平台外卖,已完成,2025-10-23 17:21:27,2025-10-23 17:21:27,2025-10-23 17:21:27,饿了么支付-在线支付,,即时单,2025-10-23 17:21:27,11.18,自动出餐,1,否,"金沙咸蛋黄嫩鸡披萨-7英寸(手拍)[{""name"":""规格"",""value"":""7英寸(手拍)""}]（25.90*1）,美式香骨鸡（8.90*1）,锅巴土豆（5.90*1）,蛋挞一个（原味）（3.90*1）,咸蛋黄风味流沙卷边（7英寸）（4.90*1）,餐盒（3.50*1）",金沙咸蛋黄嫩鸡披萨+美式香骨鸡+锅巴土豆+蛋挞1个+咸蛋黄流沙卷边7,,,,非会员,49,,,依据餐量提供餐具,,49.50,29.56,12.91,0.00,0,0,2.78,0.00,3.50,【活动支出】店铺满减:1.00元+【活动支出】单品特价:2.91元+【活动支出】饿了么红包:9.00元+【活动支出】替用户承担配送费:3.5元,-,-,-,3.50,温州区域,温州直营,,,否,-,平台配送
圣比萨（娄桥店）,SBM00040,温州,"8081270255377065418	",饿了么,平台外卖,已退款,2025-10-23 17:22:02,2025-10-23 17:22:02,2025-10-23 17:22:02,饿了么支付-在线支付,,即时单,2025-10-23 17:22:02,,未出餐,1,否,"奶酪芝士卷边（12英寸）（8.90*1）,炙热牛魔王披萨-12英寸(手拍)[{""name"":""规格"",""value"":""12英寸(手拍)""}]（54.90*1）,餐盒（2.00*1）",奶酪芝士卷边+炙热牛魔王披萨,,,,非会员,50,,,6份餐具,"餐厅同意取消单 ",63.80,-16.16,16.00,43.30,0,0,3.51,0.00,13.50,【活动支出】店铺满减:6.00元+【活动支出】首次光顾立减:1.00元+【活动支出】饿了么红包:9.00元+【活动支出】替用户承担配送费:6.0元,-,-,-,2.00,温州区域,温州直营,,,否,-,平台配送
圣比萨（娄桥店）,SBM00040,温州,"8048270255462334955	",饿了么,平台外卖,已完成,2025-10-23 17:23:28,2025-10-23 17:23:28,2025-10-23 17:23:29,饿了么支付-在线支付,,即时单,2025-10-23 17:23:28,11.08,自动出餐,1,否,"碳烤鸡肉培根披萨-7英寸(手拍)[{""name"":""规格"",""value"":""7英寸(手拍)""}]（23.90*1）,蛋挞一个（原味）（3.90*1）,餐盒（2.50*1）",碳烤鸡肉培根披萨+蛋挞1个,,,,非会员,51,,,2份餐具,,27.80,12.81,8.91,0.00,0,0,1.43,0.00,6.20,【活动支出】首次光顾立减:1.00元+【活动支出】单品特价:2.91元+【活动支出】饿了么红包:5.00元+【活动支出】替用户承担配送费:6.0元,-,-,-,2.50,温州区域,温州直营,,,否,-,平台配送
圣比萨（娄桥店）,SBM00040,温州,"8055936089395566871	",饿了么,平台外卖,已完成,2025-10-23 17:34:26,2025-10-23 17:34:26,2025-10-23 17:34:26,饿了么支付-在线支付,,即时单,2025-10-23 17:34:26,12.52,手动出餐,1,否,"【随心❤️拼】双拼披萨（口味自选）-7英寸双拼[新奥尔良烤鸡肉7英寸+缤纷水果7英寸][{""name"":""规格"",""value"":""7英寸双拼""}]（24.90*1）,餐盒（2.00*1）",【随心❤️拼】双拼披萨,,,,非会员,52,,,1份餐具,,24.90,11.12,9.00,0.00,0,0,1.43,0.00,3.50,【活动支出】粉丝群:2.00元+【活动支出】饿了么红包:7.00元+【活动支出】替用户承担配送费:3.5元,-,-,-,2.00,温州区域,温州直营,,,否,-,平台配送
圣比萨（娄桥店）,SBM00040,温州,"8029526089362394599	",饿了么,平台外卖,已完成,2025-10-23 17:34:55,2025-10-23 17:34:55,2025-10-23 17:34:55,饿了么支付-在线支付,,即时单,2025-10-23 17:34:55,12.07,手动出餐,1,否,"【任选】披萨随心配（29.90*1）,餐盒（2.00*1）",不加一+小薯条+小可乐+不加一+新奥尔良烤鸡肉披萨(7英寸(手拍)),,,,非会员,53,,,依据餐量提供餐具,,29.90,17.31,7.00,0.00,0,0,1.64,0.00,3.50,【活动支出】饿了么红包:7.00元+【活动支出】替用户承担配送费:3.5元,-,-,-,2.00,温州区域,温州直营,,,否,-,平台配送
圣比萨（娄桥店）,SBM00040,温州,"8087646089373390185	",饿了么,平台外卖,已完成,2025-10-23 17:38:00,2025-10-23 17:38:00,2025-10-23 17:38:00,饿了么支付-在线支付,,即时单,2025-10-23 17:38:00,15.15,自动出餐,1,否,"新奥尔良烤鸡肉披萨-7英寸(手拍)[{""name"":""规格"",""value"":""7英寸(手拍)""}]（21.90*1）,餐盒（2.00*1）",新奥尔良烤鸡肉披萨,,,,非会员,54,,,依据餐量提供餐具,,21.90,9.12,8.00,0.00,0,0,1.43,0.00,3.50,【活动支出】首次光顾立减:1.00元+【活动支出】 商家自营销加码:2.00元+【活动支出】饿了么红包:5.00元+【活动支出】淘金币:0.00元+【活动支出】替用户承担配送费:3.5元,-,-,-,2.00,温州区域,温州直营,,,否,-,平台配送
圣比萨（娄桥店）,SBM00040,温州,"8056290255578291465	",饿了么,平台外卖,已完成,2025-10-23 17:41:25,2025-10-23 17:41:25,2025-10-23 17:41:25,饿了么支付-在线支付,,预约单,2025-10-23 19:10:00,43.70,自动出餐,1,否,"新奥尔良烤鸡肉披萨-7英寸(手拍)[{""name"":""规格"",""value"":""7英寸(手拍)""}]（21.90*1）,餐盒（2.00*1）",新奥尔良烤鸡肉披萨,,,,非会员,55,,,依据餐量提供餐具；手机尾号：8727；接力送,,21.90,7.92,6.00,0.00,0,0,1.43,0.00,7.40,【活动支出】首次光顾立减:1.00元+【活动支出】饿了么红包:5.00元+【活动支出】替用户承担配送费:6.0元,-,-,-,2.00,温州区域,温州直营,,,否,-,平台配送
圣比萨（娄桥店）,SBM00040,温州,"8086926089369049362	",饿了么,平台外卖,已完成,2025-10-23 17:43:08,2025-10-23 17:43:08,2025-10-23 17:43:09,饿了么支付-在线支付,,即时单,2025-10-23 17:43:08,15.00,自动出餐,1,否,"红薯薯泥流心卷边（7英寸）（4.90*1）,【随心❤️拼】双拼披萨（口味自选）-7英寸双拼[新奥尔良烤鸡肉7英寸+碳烤鸡肉培根7英寸][{""name"":""规格"",""value"":""7英寸双拼""}]（24.90*1）,餐盒（2.00*1）",红薯泥流心卷边7+【随心❤️拼】双拼披萨,,,,非会员,56,,,依据餐量提供餐具,,29.80,14.02,11.00,0.00,0,0,1.43,0.00,3.50,【活动支出】首次光顾立减:1.00元+【活动支出】 商家自营销加码:2.00元+【活动支出】精准营销:3.00元+【活动支出】饿了么红包:5.00元+【活动支出】替用户承担配送费:3.5元,-,-,-,2.00,温州区域,温州直营,,,否,-,平台配送
圣比萨（娄桥店）,SBM00040,温州,"8011260255481463137	",饿了么,平台外卖,已完成,2025-10-23 17:47:35,2025-10-23 17:47:35,2025-10-23 17:47:35,饿了么支付-在线支付,,即时单,2025-10-23 17:47:35,15.23,自动出餐,1,否,"可口可乐[常温]（6.00*1）,新奥尔良烤鸡肉披萨-9英寸(手拍)[{""name"":""规格"",""value"":""9英寸(手拍)""}]（31.90*1）,餐盒（2.00*1）",小可乐+新奥尔良烤鸡肉披萨,,,,非会员,57,,,1份餐具,,37.90,15.33,10.00,0.00,0,0,2.02,0.00,9.90,【活动支出】店铺满减:1.00元+【活动支出】首次光顾立减:1.00元+【活动支出】 商家自营销加码:1.00元+【活动支出】饿了么红包:7.00元+【活动支出】替用户承担配送费:6.0元,-,-,-,2.00,温州区域,温州直营,,,否,-,平台配送
圣比萨（娄桥店）,SBM00040,温州,"8079856089378367917	",饿了么,平台外卖,已完成,2025-10-23 17:50:58,2025-10-23 17:50:58,2025-10-23 17:50:59,饿了么支付-在线支付,,即时单,2025-10-23 17:50:58,15.07,自动出餐,1,否,手握三选一-拼团[奥尔良]（15.40*1）,奥尔良风情烤鸡肉一人食盒子披萨,,,,非会员,58,,,依据餐量提供餐具,,15.40,10.00,0.00,0.00,0,0,0.00,0.00,,【活动支出】拼团反圈活动:0.00元,-,-,-,0.00,温州区域,温州直营,,,否,-,平台配送
圣比萨（娄桥店）,SBM00040,温州,"8071300255484544399	",饿了么,平台外卖,已完成,2025-10-23 17:53:05,2025-10-23 17:53:05,2025-10-23 17:53:05,饿了么支付-在线支付,,即时单,2025-10-23 17:53:05,15.07,自动出餐,1,否,"【随心❤️拼】双拼披萨（口味自选）-7英寸双拼[新奥尔良烤鸡肉7英寸+碳烤鸡肉培根7英寸][{""name"":""规格"",""value"":""7英寸双拼""}]（24.90*1）,餐盒（2.00*1）",【随心❤️拼】双拼披萨,,,,非会员,59,,,不要青豆 芝士多加一点谢谢 / 依据餐量提供餐具,,24.90,10.22,9.00,0.00,0,0,1.43,0.00,4.50,【活动支出】粉丝群:2.00元+【活动支出】饿了么红包:7.00元+【活动支出】替用户承担配送费:4.5元,-,-,-,2.00,温州区域,温州直营,,,否,-,平台配送
圣比萨（娄桥店）,SBM00040,温州,"8088140255500995914	",饿了么,平台外卖,已完成,2025-10-23 18:18:12,2025-10-23 18:18:12,2025-10-23 18:18:12,饿了么支付-在线支付,,即时单,2025-10-23 18:18:12,15.12,自动出餐,1,否,"【随心❤️拼】双拼披萨（口味自选）-7英寸双拼[新奥尔良烤鸡肉7英寸+日式照烧鸡7英寸][{""name"":""规格"",""value"":""7英寸双拼""}]（24.90*1）,餐盒（2.00*1）",【随心❤️拼】双拼披萨,,,,非会员,60,,,依据餐量提供餐具,,24.90,11.22,8.00,0.00,0,0,1.43,0.00,4.50,【活动支出】首次光顾立减:1.00元+【活动支出】饿了么红包:7.00元+【活动支出】替用户承担配送费:4.5元,-,-,-,2.00,温州区域,温州直营,,,否,-,平台配送
圣比萨（娄桥店）,SBM00040,温州,"8007260255499866368	",饿了么,平台外卖,已完成,2025-10-23 18:19:10,2025-10-23 18:19:10,2025-10-23 18:19:10,饿了么支付-在线支付,,即时单,2025-10-23 18:19:10,15.13,自动出餐,1,否,"缤纷水果披萨-7英寸(手拍)[{""name"":""规格"",""value"":""7英寸(手拍)""}]（23.90*1）,餐盒（2.00*1）",缤纷水果披萨,,,,非会员,61,,,依据餐量提供餐具,,23.90,12.12,7.00,0.00,0,0,1.43,0.00,3.50,【活动支出】饿了么红包:7.00元+【活动支出】替用户承担配送费:3.5元,-,-,-,2.00,温州区域,温州直营,,,否,-,平台配送
圣比萨（娄桥店）,SBM00040,温州,"8086606089424859433	",饿了么,平台外卖,已完成,2025-10-23 18:20:33,2025-10-23 18:20:33,2025-10-23 18:20:33,饿了么支付-在线支付,,即时单,2025-10-23 18:20:33,15.05,自动出餐,1,否,"【随心❤️拼】双拼披萨（口味自选）-9英寸双拼[新奥尔良烤鸡肉9英寸+玉米沙拉9英寸][{""name"":""规格"",""value"":""9英寸双拼""}]（34.90*1）,蛋挞一个（原味）（3.90*1）,餐盒（2.50*1）",【随心❤️拼】双拼披萨+蛋挞1个,,,,非会员,62,,,1份餐具；手机尾号：0989；接力送,,38.80,14.56,15.91,0.00,0,0,1.68,0.00,7.40,【活动支出】店铺满减:1.00元+【活动支出】首次光顾立减:1.00元+【活动支出】单品特价:2.91元+【活动支出】精准营销:3.00元+【活动支出】饿了么红包:8.00元+【活动支出】替用户承担配送费:6.0元,-,-,-,2.50,温州区域,温州直营,,,否,-,平台配送
圣比萨（娄桥店）,SBM00040,温州,"8043410255514495344	",饿了么,平台外卖,已完成,2025-10-23 18:21:22,2025-10-23 18:21:22,2025-10-23 18:21:22,饿了么支付-在线支付,,即时单,2025-10-23 18:21:22,15.20,自动出餐,1,否,"经典薯条（8.90*1）,新奥尔良烤鸡肉披萨-12英寸(手拍)[{""name"":""规格"",""value"":""12英寸(手拍)""}]（46.90*1）,餐盒（2.50*1）",经典薯条+新奥尔良烤鸡肉披萨,,,,非会员,63,,,3份餐具,,55.80,32.85,14.00,0.00,0,0,3.10,0.00,3.50,【活动支出】店铺满减:1.00元+【活动支出】首次光顾立减:1.00元+【活动支出】精准营销:3.00元+【活动支出】饿了么红包:9.00元+【活动支出】替用户承担配送费:3.5元,-,-,-,2.50,温州区域,温州直营,,,否,-,平台配送
圣比萨（娄桥店）,SBM00040,温州,"8031636089379558699	",饿了么,平台外卖,已完成,2025-10-23 18:36:58,2025-10-23 18:36:58,2025-10-23 18:36:59,饿了么支付-在线支付,,即时单,2025-10-23 18:36:58,15.07,自动出餐,1,否,"【随心❤️拼】双拼披萨（口味自选）-9英寸双拼[新奥尔良烤鸡肉9英寸+缤纷水果9英寸][{""name"":""规格"",""value"":""9英寸双拼""}]（34.90*1）,餐盒（2.00*1）",【随心❤️拼】双拼披萨,,,,非会员,64,,,依据餐量提供餐具,,34.90,12.71,12.00,0.00,0,0,1.64,0.00,9.30,【活动支出】首次光顾立减:1.00元+【活动支出】 商家自营销加码:0.00元+【活动支出】精准营销红包:3.00元+【活动支出】饿了么红包:8.00元+【活动支出】替用户承担配送费:6.0元,-,-,-,2.00,温州区域,温州直营,,,否,-,平台配送
圣比萨（娄桥店）,SBM00040,温州,"8052310255422371126	",饿了么,平台外卖,已完成,2025-10-23 18:38:27,2025-10-23 18:38:27,2025-10-23 18:38:27,饿了么支付-在线支付,,预约单,2025-10-23 21:55:00,151.67,自动出餐,1,否,"【随心❤️拼】双拼披萨（口味自选）-9英寸双拼[新奥尔良烤鸡肉9英寸+碳烤鸡肉培根9英寸][{""name"":""规格"",""value"":""9英寸双拼""}]（34.90*1）,酸奶多多流心卷边（9英寸）（6.90*1）,餐盒（2.00*1）",【随心❤️拼】双拼披萨+酸奶多多流心卷边9,,,,非会员,65,,,依据餐量提供餐具,,41.80,21.66,13.00,0.00,0,0,2.09,0.00,5.60,【活动支出】店铺满减:1.00元+【活动支出】精准营销:3.00元+【活动支出】饿了么红包:9.00元+【活动支出】替用户承担配送费:5.6元,-,-,-,2.00,温州区域,温州直营,,,否,-,平台配送
圣比萨（娄桥店）,SBM00040,温州,"8043546089408462173	",饿了么,平台外卖,已完成,2025-10-23 18:51:21,2025-10-23 18:51:21,2025-10-23 18:51:21,饿了么支付-在线支付,,即时单,2025-10-23 18:51:21,11.53,手动出餐,1,否,"新奥尔良烤鸡肉披萨-7英寸(手拍)[{""name"":""规格"",""value"":""7英寸(手拍)""}]（21.90*1）,红薯薯泥流心卷边（7英寸）（4.90*1）,蛋挞一个（原味）（3.90*1）,餐盒（2.50*1）",新奥尔良烤鸡肉披萨+红薯泥流心卷边7+蛋挞1个,,,,非会员,66,,,依据餐量提供餐具,,30.70,12.29,10.91,0.00,0,0,1.45,0.00,6.80,【活动支出】首次光顾立减:1.00元+【活动支出】单品特价:2.91元+【活动支出】饿了么红包:7.00元+【活动支出】替用户承担配送费:6.0元,-,-,-,2.50,温州区域,温州直营,,,否,-,平台配送
圣比萨（娄桥店）,SBM00040,温州,"8033410255627935107	",饿了么,平台外卖,已完成,2025-10-23 19:05:17,2025-10-23 19:05:17,2025-10-23 19:05:17,饿了么支付-在线支付,,预约单,2025-10-23 20:05:00,14.90,自动出餐,1,否,"【随心❤️拼】双拼披萨（口味自选）-7英寸双拼[缤纷水果7英寸+玉米沙拉7英寸][{""name"":""规格"",""value"":""7英寸双拼""}]（24.90*1）,餐盒（2.00*1）",【随心❤️拼】双拼披萨,,,,非会员,67,,,依据餐量提供餐具,,24.90,12.12,8.00,0.00,0,0,1.43,0.00,4.00,【活动支出】首次光顾立减:1.00元+【活动支出】饿了么红包:7.00元+【活动支出】替用户承担配送费:4.0元,-,-,-,2.00,温州区域,温州直营,,,否,-,平台配送
圣比萨（娄桥店）,SBM00040,温州,"8084806089418099049	",饿了么,平台外卖,已完成,2025-10-23 19:10:55,2025-10-23 19:10:55,2025-10-23 19:10:56,饿了么支付-在线支付,,即时单,2025-10-23 19:10:55,15.12,自动出餐,1,否,"星星炸鸡披萨-9英寸(手拍)[{""name"":""规格"",""value"":""9英寸(手拍)""}]（35.90*1）,餐盒（2.00*1）",星星炸鸡披萨,,,,非会员,68,,,多放两包番茄酱 / 依据餐量提供餐具,,35.90,22.26,7.00,0.00,0,0,2.09,0.00,3.50,【活动支出】饿了么红包:7.00元+【活动支出】替用户承担配送费:3.5元,-,-,-,2.00,温州区域,温州直营,,,否,-,平台配送
圣比萨（娄桥店）,SBM00040,温州,"8084290255625125315	",饿了么,平台外卖,已完成,2025-10-23 19:12:08,2025-10-23 19:12:08,2025-10-23 19:12:08,饿了么支付-在线支付,,即时单,2025-10-23 19:12:08,15.03,自动出餐,1,否,"️【任选】意面随心配（39.80*1）,餐盒（2.00*1）",招牌肉酱意面+芝士焗红薯泥+小可乐+不加一+蛋挞1个,,,,非会员,69,,,无需餐具,,39.80,16.79,14.00,0.00,0,0,1.86,0.00,7.40,【活动支出】店铺满减:1.00元+【活动支出】首次光顾立减:1.00元+【活动支出】精准营销红包:3.00元+【活动支出】饿了么红包:9.00元+【活动支出】替用户承担配送费:6.0元,-,-,-,2.00,温州区域,温州直营,,,否,-,平台配送
圣比萨（娄桥店）,SBM00040,温州,"8060876089434514902	",饿了么,平台外卖,已完成,2025-10-23 19:34:37,2025-10-23 19:34:37,2025-10-23 19:34:37,饿了么支付-在线支付,,即时单,2025-10-23 19:34:37,11.00,自动出餐,1,否,"蛋挞一个（3.90*1）,奶酪芝士卷边（7英寸）（4.90*1）,榴莲王披萨-7英寸(手拍)[{""name"":""规格"",""value"":""7英寸(手拍)""}]（29.90*1）,餐盒（2.50*1）",蛋挞1个+奶酪芝士卷边7+榴莲王披萨,,,,非会员,70,,,依据餐量提供餐具；手机尾号：4133；接力送,,38.70,16.23,14.00,0.00,0,0,1.82,0.00,6.80,【活动支出】店铺满减:1.00元+【活动支出】首次光顾立减:1.00元+【活动支出】精准营销:3.00元+【活动支出】饿了么红包:9.00元+【活动支出】替用户承担配送费:6.0元,-,-,-,2.50,温州区域,温州直营,,,否,-,平台配送
圣比萨（娄桥店）,SBM00040,温州,"8081210255648711089	",饿了么,平台外卖,已完成,2025-10-23 19:46:28,2025-10-23 19:46:28,2025-10-23 19:46:28,饿了么支付-在线支付,,即时单,2025-10-23 19:46:28,11.07,自动出餐,1,否,"【随心❤️拼】双拼披萨（口味自选）-7英寸双拼[新奥尔良烤鸡肉7英寸+碳烤鸡肉培根7英寸][{""name"":""规格"",""value"":""7英寸双拼""}]（24.90*1）,餐盒（2.00*1）",【随心❤️拼】双拼披萨,,,,非会员,71,,,依据餐量提供餐具,,24.90,10.32,8.00,0.00,0,0,1.43,0.00,5.60,【活动支出】首次光顾立减:1.00元+【活动支出】CPS商户叠加券:0.00元+【活动支出】饿了么红包:7.00元+【活动支出】替用户承担配送费:5.6元,-,-,-,2.00,温州区域,温州直营,,,否,-,平台配送
圣比萨（娄桥店）,SBM00040,温州,"8028956089446571478	",饿了么,平台外卖,已完成,2025-10-23 20:05:05,2025-10-23 20:05:05,2025-10-23 20:05:06,饿了么支付-在线支付,,预约单,2025-10-23 20:50:00,3.13,自动出餐,1,否,"大圣招牌大满贯披萨-7英寸(手拍)[{""name"":""规格"",""value"":""7英寸(手拍)""}]（29.90*1）,蛋挞一个（原味）（3.90*1）,咸蛋黄风味流沙卷边（7英寸）（4.90*1）,餐盒（2.50*1）",大圣招牌大满贯披萨+蛋挞1个+咸蛋黄流沙卷边7,,,,非会员,72,,,依据餐量提供餐具,,38.70,17.19,14.91,0.00,0,0,1.75,0.00,7.10,【活动支出】店铺满减:1.00元+【活动支出】首次光顾立减:1.00元+【活动支出】单品特价:2.91元+【活动支出】粉丝群:2.00元+【活动支出】饿了么红包:8.00元+【活动支出】替用户承担配送费:6.0元,-,-,-,2.50,温州区域,温州直营,,,否,-,平台配送
圣比萨（娄桥店）,SBM00040,温州,"8033936089455384999	",饿了么,平台外卖,已完成,2025-10-23 20:08:54,2025-10-23 20:08:54,2025-10-23 20:08:54,饿了么支付-在线支付,,即时单,2025-10-23 20:08:54,11.07,自动出餐,1,否,"新奥尔良烤鸡肉披萨-7英寸(手拍)[{""name"":""规格"",""value"":""7英寸(手拍)""}]（21.90*1）,蛋挞一个（原味）（3.90*1）,餐盒（2.50*1）",新奥尔良烤鸡肉披萨+蛋挞1个,,,,非会员,73,,,依据餐量提供餐具,,25.80,12.61,8.91,0.00,0,0,1.43,0.00,4.00,【活动支出】首次光顾立减:1.00元+【活动支出】单品特价:2.91元+【活动支出】吃货豆兑换的商家券:5.00元+【活动支出】替用户承担配送费:4.0元,-,-,-,2.50,温州区域,温州直营,,,否,-,平台配送
圣比萨（娄桥店）,SBM00040,温州,"8056986089471080749	",饿了么,平台外卖,已完成,2025-10-23 20:09:07,2025-10-23 20:09:07,2025-10-23 20:09:07,饿了么支付-在线支付,,即时单,2025-10-23 20:09:07,11.00,自动出餐,1,否,"新奥尔良烤鸡肉披萨-7英寸(手拍)[{""name"":""规格"",""value"":""7英寸(手拍)""}]（21.90*1）,奶酪芝士卷边（7英寸）（4.90*1）,餐盒（2.00*1）",新奥尔良烤鸡肉披萨+奶酪芝士卷边7,,,,非会员,74,,,2份餐具,,26.80,15.06,6.00,0.00,0,0,1.49,0.00,5.00,【活动支出】首次光顾立减:1.00元+【活动支出】饿了么红包:5.00元+【活动支出】替用户承担配送费:5.0元,-,-,-,2.00,温州区域,温州直营,,,否,-,平台配送
圣比萨（娄桥店）,SBM00040,温州,"8040060255657055562	",饿了么,平台外卖,已完成,2025-10-23 20:24:57,2025-10-23 20:24:57,2025-10-23 20:24:57,饿了么支付-在线支付,,即时单,2025-10-23 20:24:57,11.15,自动出餐,1,否,"【任选】买一送一7英寸披萨（39.90*1）,餐盒（2.00*1）",玉米沙拉披萨(7英寸(手拍))+缤纷水果披萨(7英寸(手拍)),,,,非会员,75,,,依据餐量提供餐具,,39.90,14.41,13.00,0.00,0,0,1.94,0.00,9.90,【活动支出】店铺满减:1.00元+【活动支出】首次光顾立减:1.00元+【活动支出】精准营销:3.00元+【活动支出】饿了么红包:8.00元+【活动支出】替用户承担配送费:6.0元,-,-,-,2.00,温州区域,温州直营,,,否,-,平台配送
圣比萨（娄桥店）,SBM00040,温州,"8035420255560892741	",饿了么,平台外卖,已完成,2025-10-23 20:37:54,2025-10-23 20:37:54,2025-10-23 20:37:54,饿了么支付-在线支付,,即时单,2025-10-23 20:37:54,11.02,自动出餐,1,否,"【任选】买一送一7英寸披萨（39.90*1）,餐盒（2.00*1）",碳烤鸡肉培根披萨(7英寸(手拍))+花果山披萨(7英寸(手拍)),,,,非会员,76,,,无需餐具,,39.90,20.41,13.00,0.00,0,0,1.94,0.00,3.50,【活动支出】店铺满减:1.00元+【活动支出】首次光顾立减:1.00元+【活动支出】精准营销红包:3.00元+【活动支出】饿了么红包:8.00元+【活动支出】替用户承担配送费:3.5元,-,-,-,2.00,温州区域,温州直营,,,否,-,平台配送
圣比萨（娄桥店）,SBM00040,温州,"8072826089441689879	",饿了么,平台外卖,已完成,2025-10-23 21:06:19,2025-10-23 21:06:19,2025-10-23 21:06:19,饿了么支付-在线支付,,即时单,2025-10-23 21:06:19,11.18,自动出餐,1,否,"经典薯条（8.90*1）,新奥尔良烤鸡肉披萨-7英寸(手拍)[{""name"":""规格"",""value"":""7英寸(手拍)""}]（21.90*1）,餐盒（2.50*1）",经典薯条+新奥尔良烤鸡肉披萨,,,,非会员,77,,,依据餐量提供餐具,,30.80,11.80,11.00,0.00,0,0,1.45,0.00,8.90,【活动支出】首次光顾立减:1.00元+【活动支出】精准营销红包:3.00元+【活动支出】饿了么红包:7.00元+【活动支出】替用户承担配送费:6.0元,-,-,-,2.50,温州区域,温州直营,,,否,-,平台配送
圣比萨（娄桥店）,SBM00040,温州,"8080190255584340275	",饿了么,平台外卖,已完成,2025-10-23 21:07:29,2025-10-23 21:07:29,2025-10-23 21:07:29,饿了么支付-在线支付,,即时单,2025-10-23 21:07:29,11.18,自动出餐,1,否,"浪漫威尼斯披萨-9英寸(手拍)[{""name"":""规格"",""value"":""9英寸(手拍)""}]（35.90*1）,明星小食桶B（19.90*1）,锅巴土豆（5.90*1）,餐盒（4.00*1）",浪漫威尼斯披萨+明星小食桶B+锅巴土豆,,,,非会员,78,,,依据餐量提供餐具,,61.70,31.80,22.00,0.00,0,0,3.05,0.00,6.10,【活动支出】店铺满减:6.00元+【活动支出】首次光顾立减:1.00元+【活动支出】精准营销红包:3.00元+【活动支出】饿了么红包:12.00元+【活动支出】饿了么红包:0.00元+【活动支出】替用户承担配送费:6.0元,-,-,-,4.00,温州区域,温州直营,,,否,-,平台配送
圣比萨（娄桥店）,SBM00040,温州,"8054656089493138939	",饿了么,平台外卖,已完成,2025-10-23 21:27:55,2025-10-23 21:27:55,2025-10-23 21:27:55,饿了么支付-在线支付,,即时单,2025-10-23 21:27:55,11.23,自动出餐,1,否,"榴莲王披萨-7英寸(手拍)[{""name"":""规格"",""value"":""7英寸(手拍)""}]（29.90*1）,餐盒（2.00*1）",榴莲王披萨,,,,非会员,79,,,1份餐具,,29.90,14.62,10.00,0.00,0,0,1.43,0.00,5.60,【活动支出】 商家自营销加码:2.00元+【活动支出】精准营销:3.00元+【活动支出】饿了么红包:5.00元+【活动支出】替用户承担配送费:5.6元,-,-,-,2.00,温州区域,温州直营,,,否,-,平台配送
圣比萨（娄桥店）,SBM00040,温州,"8032430255592229234	",饿了么,平台外卖,已完成,2025-10-23 21:31:23,2025-10-23 21:31:23,2025-10-23 21:31:23,饿了么支付-在线支付,,即时单,2025-10-23 21:31:23,11.17,自动出餐,1,否,"金沙咸蛋黄嫩鸡披萨-7英寸(手拍)[{""name"":""规格"",""value"":""7英寸(手拍)""}]（25.90*1）,餐盒（2.00*1）",金沙咸蛋黄嫩鸡披萨,,,,非会员,80,,,依据餐量提供餐具,,25.90,14.62,6.00,0.00,0,0,1.43,0.00,5.60,【活动支出】首次光顾立减:1.00元+【活动支出】饿了么红包:5.00元+【活动支出】替用户承担配送费:5.6元,-,-,-,2.00,温州区域,温州直营,,,否,-,平台配送
圣比萨（娄桥店）,SBM00040,温州,"8015250255495793046	",饿了么,平台外卖,已完成,2025-10-23 22:01:52,2025-10-23 22:01:52,2025-10-23 22:01:52,饿了么支付-在线支付,,即时单,2025-10-23 22:01:52,11.10,自动出餐,1,否,"【随心❤️拼】双拼披萨（口味自选）-9英寸双拼[缤纷水果9英寸+新奥尔良烤鸡肉9英寸][{""name"":""规格"",""value"":""9英寸双拼""}]（34.90*1）,红薯薯泥流心卷边（9英寸）（6.90*1）,蛋挞一个（原味）（3.90*1）,餐盒（2.50*1）",【随心❤️拼】双拼披萨+红薯泥流心卷边9+蛋挞1个,,,,非会员,81,,,依据餐量提供餐具,,45.70,20.32,16.91,0.00,0,0,2.12,0.00,7.70,【活动支出】店铺满减:1.00元+【活动支出】单品特价:2.91元+【活动支出】超级会员专享红包:8.00元+【活动支出】 商家自营销加码:0.00元+【活动支出】订单集点返红包:5.00元+【活动支出】替用户承担配送费:6.0元,-,-,-,2.50,温州区域,温州直营,,,否,-,平台配送
圣比萨（娄桥店）,SBM00040,温州,"8015636089495437772	",饿了么,平台外卖,已完成,2025-10-23 22:29:39,2025-10-23 22:29:39,2025-10-23 22:29:39,饿了么支付-在线支付,,即时单,2025-10-23 22:29:39,11.07,自动出餐,1,否,"新奥尔良烤鸡肉披萨-7英寸(手拍)[{""name"":""规格"",""value"":""7英寸(手拍)""}]（21.90*1）,蛋挞一个（原味）（3.90*1）,餐盒（2.50*1）",新奥尔良烤鸡肉披萨+蛋挞1个,,,,非会员,82,,,依据餐量提供餐具,,25.80,11.11,9.91,0.00,0,0,1.43,0.00,5.60,【活动支出】单品特价:2.91元+【活动支出】CPS商户叠加券:0.00元+【活动支出】饿了么红包:7.00元+【活动支出】替用户承担配送费:5.6元,-,-,-,2.50,温州区域,温州直营,,,否,-,平台配送
圣比萨（娄桥店）,SBM00040,温州,"8062210255501497615	",饿了么,平台外卖,已完成,2025-10-23 22:38:37,2025-10-23 22:38:37,2025-10-23 22:38:37,饿了么支付-在线支付,,即时单,2025-10-23 22:38:37,11.02,自动出餐,1,否,"咸蛋黄风味流沙卷边（7英寸）（4.90*1）,【随心❤️拼】双拼披萨（口味自选）-7英寸双拼[碳烤鸡肉培根7英寸+日式照烧鸡7英寸][{""name"":""规格"",""value"":""7英寸双拼""}]（24.90*1）,餐盒（2.00*1）",咸蛋黄流沙卷边7+【随心❤️拼】双拼披萨,,,,非会员,83,,,依据餐量提供餐具,,29.80,16.71,7.00,0.00,0,0,1.64,0.00,5.60,【活动支出】饿了么红包:7.00元+【活动支出】淘金币:0.00元+【活动支出】替用户承担配送费:5.6元,-,-,-,2.00,温州区域,温州直营,,,否,-,平台配送
圣比萨（娄桥店）,SBM00040,温州,"8093050255696597370	",饿了么,平台外卖,已完成,2025-10-23 22:39:22,2025-10-23 22:39:22,2025-10-23 22:39:22,饿了么支付-在线支付,,即时单,2025-10-23 22:39:22,11.15,自动出餐,1,否,"奶酪芝士卷边（7英寸）（4.90*1）,大圣招牌大满贯披萨-7英寸(手拍)[{""name"":""规格"",""value"":""7英寸(手拍)""}]（29.90*1）,缤纷芝士挞-香蕉味[{""name"":""规格"",""value"":""香蕉味""}]（5.90*1）,餐盒（2.50*1）",奶酪芝士卷边7+大圣招牌大满贯披萨+缤纷芝士挞,,,,非会员,84,,,依据餐量提供餐具,,40.70,21.94,12.10,0.00,0,0,2.11,0.00,5.60,【活动支出】店铺满减:1.00元+【活动支出】首次光顾立减:1.00元+【活动支出】精准营销:3.00元+【活动支出】饿了么红包:7.10元+【活动支出】替用户承担配送费:5.6元,-,-,-,2.50,温州区域,温州直营,,,否,-,平台配送
圣比萨（娄桥店）,SBM00040,温州,"8012220255607673217	",饿了么,平台外卖,已完成,2025-10-23 22:41:59,2025-10-23 22:41:59,2025-10-23 22:41:59,饿了么支付-在线支付,,即时单,2025-10-23 22:41:59,11.22,自动出餐,1,否,"新奥尔良烤鸡肉披萨-7英寸(手拍)[{""name"":""规格"",""value"":""7英寸(手拍)""}]（21.90*1）,餐盒（2.00*1）",新奥尔良烤鸡肉披萨,,,,非会员,85,,,依据餐量提供餐具,,21.90,8.62,8.00,0.00,0,0,1.43,0.00,5.60,【活动支出】首次光顾立减:1.00元+【活动支出】饿了么红包:7.00元+【活动支出】替用户承担配送费:5.6元,-,-,-,2.00,温州区域,温州直营,,,否,-,平台配送
圣比萨（娄桥店）,SBM00040,温州,"8052400255505718614	",饿了么,平台外卖,已完成,2025-10-23 22:45:50,2025-10-23 22:45:50,2025-10-23 22:45:50,饿了么支付-在线支付,,即时单,2025-10-23 22:45:50,11.13,自动出餐,1,否,"【任选】披萨随心配（29.90*1）,餐盒（2.00*1）",不加一+小薯条+小可乐+不加一+新奥尔良烤鸡肉披萨(7英寸(手拍)),,,,非会员,86,,,依据餐量提供餐具,,29.90,7.52,11.00,0.00,0,0,1.43,0.00,17.90,【活动支出】首次光顾立减:1.00元+【活动支出】精准营销:3.00元+【活动支出】饿了么红包:7.00元+【活动支出】替用户承担配送费:6.0元,-,-,-,2.00,温州区域,温州直营,,,否,-,平台配送
圣比萨（娄桥店）,SBM00040,温州,"8090826089492700585	",饿了么,平台外卖,已完成,2025-10-23 22:48:34,2025-10-23 22:48:34,2025-10-23 22:48:34,饿了么支付-在线支付,,即时单,2025-10-23 22:48:34,11.05,自动出餐,1,否,"缤纷水果披萨-7英寸(手拍)[{""name"":""规格"",""value"":""7英寸(手拍)""}]（23.90*1）,蛋挞一个（原味）（3.90*1）,餐盒（2.50*1）",缤纷水果披萨+蛋挞1个,,,,非会员,87,,,依据餐量提供餐具,,27.80,10.11,12.91,0.00,0,0,1.43,0.00,5.60,【活动支出】首次光顾立减:1.00元+【活动支出】单品特价:2.91元+【活动支出】粉丝群:2.00元+【活动支出】饿了么红包:7.00元+【活动支出】替用户承担配送费:5.6元,-,-,-,2.50,温州区域,温州直营,,,否,-,平台配送
圣比萨（娄桥店）,SBM00040,温州,"8081756089461127550	",饿了么,平台外卖,已完成,2025-10-23 22:52:14,2025-10-23 22:52:14,2025-10-23 22:52:15,饿了么支付-在线支付,,即时单,2025-10-23 22:52:14,11.22,自动出餐,1,否,"新奥尔良烤鸡肉披萨-7英寸(手拍)[{""name"":""规格"",""value"":""7英寸(手拍)""}]（21.90*1）,奶酪芝士卷边（7英寸）（4.90*1）,餐盒（2.00*1）",新奥尔良烤鸡肉披萨+奶酪芝士卷边7,,,,非会员,88,,,依据餐量提供餐具,,26.80,13.52,8.00,0.00,0,0,1.43,0.00,6.10,【活动支出】首次光顾立减:1.00元+【活动支出】饿了么红包:0.00元+【活动支出】饿了么红包:7.00元+【活动支出】替用户承担配送费:6.0元,-,-,-,2.00,温州区域,温州直营,,,否,-,平台配送
圣比萨（娄桥店）,SBM00040,温州,"8008420255601602844	",饿了么,平台外卖,已完成,2025-10-23 23:21:53,2025-10-23 23:21:53,2025-10-23 23:21:53,饿了么支付-在线支付,,即时单,2025-10-23 23:21:53,11.02,自动出餐,1,否,"【随心❤️拼】双拼披萨（口味自选）-9英寸双拼[缤纷水果9英寸+日式照烧鸡9英寸][{""name"":""规格"",""value"":""9英寸双拼""}]（34.90*1）,奶酪芝士卷边（9英寸）（6.90*1）,餐盒（2.00*1）",【随心❤️拼】双拼披萨+奶酪芝士卷边9,,,,非会员,89,,,依据餐量提供餐具,,41.80,23.51,11.00,0.00,0,0,2.24,0.00,5.60,【活动支出】店铺满减:1.00元+【活动支出】首次光顾立减:1.00元+【活动支出】饿了么红包:9.00元+【活动支出】替用户承担配送费:5.6元,-,-,-,2.00,温州区域,温州直营,,,否,-,平台配送
圣比萨（娄桥店）,SBM00040,温州,"8029400255704102347	",饿了么,平台外卖,已完成,2025-10-23 23:50:01,2025-10-23 23:50:01,2025-10-23 23:50:02,饿了么支付-在线支付,,即时单,2025-10-23 23:50:01,11.10,自动出餐,1,否,"新奥尔良烤鸡肉披萨-9英寸(手拍)[{""name"":""规格"",""value"":""9英寸(手拍)""}]（31.90*1）,餐盒（2.00*1）",新奥尔良烤鸡肉披萨,,,,非会员,90,,,2份餐具,用户申请取消单 其他原因，,31.90,13.76,11.00,0.00,0,0,1.49,0.00,7.70,【活动支出】首次光顾立减:1.00元+【活动支出】精准营销:3.00元+【活动支出】饿了么红包:7.00元+【活动支出】替用户承担配送费:6.0元,-,-,-,2.00,温州区域,温州直营,,,否,-,平台配送
圣比萨（娄桥店）,SBM00040,温州,"8095716089518657793	",饿了么,平台外卖,已完成,2025-10-23 23:55:07,2025-10-23 23:55:07,2025-10-23 23:55:07,饿了么支付-在线支付,,即时单,2025-10-23 23:55:07,11.08,自动出餐,1,否,"榴莲王披萨-7英寸(手拍)[{""name"":""规格"",""value"":""7英寸(手拍)""}]（29.90*1）,餐盒（2.00*1）",榴莲王披萨,,,,非会员,91,,,依据餐量提供餐具,,29.90,14.08,8.00,0.00,0,0,1.57,0.00,7.70,【活动支出】首次光顾立减:1.00元+【活动支出】 商家自营销加码:2.00元+【活动支出】CPS商户叠加券:0.00元+【活动支出】饿了么红包:5.00元+【活动支出】替用户承担配送费:6.0元,-,-,-,2.00,温州区域,温州直营,,,否,-,平台配送
圣比萨·披萨·炸鸡（盐城青墩店）,SBS00038,盐城,"8041150255140546930	",饿了么,平台外卖,已完成,2025-10-23 08:58:21,2025-10-23 08:58:21,2025-10-23 08:58:21,饿了么支付-在线支付,,预约单,2025-10-23 09:40:00,3.03,自动出餐,1,否,"榴莲王披萨-9英寸(手拍)[{""name"":""规格"",""value"":""9英寸(手拍)""}]（46.90*1）,餐盒（2.00*1）",榴莲王披萨,,,,非会员,1,,,依据餐量提供餐具,,46.90,31.66,6.00,0.00,0,0,3.44,0.00,2.90,【活动支出】店铺满减:1.00元+【活动支出】饿了么红包:5.00元+【活动支出】替用户承担配送费:2.9元,-,-,-,2.00,江苏区域,江苏直营店,,,否,-,平台配送
圣比萨·披萨·炸鸡（盐城青墩店）,SBS00038,盐城,"8010240255232904562	",饿了么,平台外卖,已完成,2025-10-23 09:00:35,2025-10-23 09:00:35,2025-10-23 09:00:35,饿了么支付-在线支付,,即时单,2025-10-23 09:00:35,13.13,自动出餐,1,否,"经典奥尔良三件套（鸡排一片＋可乐）[孜然]（39.90*1）,点击右上角❤️免费得小吃（限一份，多点不送）[薯饼2个]（0.00*1）,餐盒（1.00*1）",经典奥尔良三件套（鸡排一片＋可乐）[孜然]+点击右上角❤️免费得小吃（限一份，多点不送）[薯饼2个]+餐盒,,,,非会员,2,,,依据餐量提供餐具,,39.90,24.49,7.00,0.00,0,0,2.71,0.00,2.40,【活动支出】店铺满减:1.00元+【活动支出】精准营销:1.00元+【活动支出】饿了么红包:5.00元+【活动支出】替用户承担配送费:2.4元,-,-,-,1.00,江苏区域,江苏直营店,,,否,-,平台配送
圣比萨·披萨·炸鸡（盐城青墩店）,SBS00038,盐城,"8081420255239559460	",饿了么,平台外卖,已完成,2025-10-23 09:28:19,2025-10-23 09:28:19,2025-10-23 09:28:19,饿了么支付-在线支付,,即时单,2025-10-23 09:28:19,9.00,手动出餐,1,否,"奶酪芝士卷边（7英寸）（4.90*1）,榴莲王披萨-7英寸(手拍)[{""name"":""规格"",""value"":""7英寸(手拍)""}]（36.90*1）,餐盒（2.00*1）",奶酪芝士卷边7+榴莲王披萨,,,,非会员,3,,,依据餐量提供餐具,,41.80,27.46,6.00,0.00,0,0,3.04,0.00,2.40,【活动支出】店铺满减:1.00元+【活动支出】饿了么红包:5.00元+【活动支出】替用户承担配送费:2.4元,-,-,-,2.00,江苏区域,江苏直营店,,,否,-,平台配送
圣比萨·披萨·炸鸡（盐城青墩店）,SBS00038,盐城,"8003656089133548868	",饿了么,平台外卖,已完成,2025-10-23 09:41:51,2025-10-23 09:41:51,2025-10-23 09:41:51,饿了么支付-在线支付,,即时单,2025-10-23 09:41:51,13.13,自动出餐,1,否,"点击右上角❤️免费得小吃（限一份，多点不送）[薯饼2个]（0.00*1）,新奥尔良烤鸡肉披萨-7英寸(手拍)[{""name"":""规格"",""value"":""7英寸(手拍)""}]（28.90*1）,餐盒（2.00*1）",新奥尔良烤鸡肉披萨,,,,非会员,4,,,依据餐量提供餐具,,28.90,17.46,6.00,0.00,0,0,1.94,0.00,2.40,【活动支出】饿了么红包:5.00元+【活动支出】精准营销:1.00元+【活动支出】替用户承担配送费:2.4元,-,-,-,2.00,江苏区域,江苏直营店,,,否,-,平台配送
圣比萨·披萨·炸鸡（盐城青墩店）,SBS00038,盐城,"8063120255254504779	",饿了么,平台外卖,已完成,2025-10-23 10:24:37,2025-10-23 10:24:37,2025-10-23 10:24:37,饿了么支付-在线支付,,即时单,2025-10-23 10:24:37,9.52,手动出餐,1,否,"招牌鸡排套餐（鸡排2个＋香肠1个）[甘梅]（26.90*1）,餐盒（1.00*1）",招牌鸡排套餐（鸡排2个＋香肠1个）[甘梅]+餐盒,,,,非会员,5,,,依据餐量提供餐具,,26.90,15.64,5.00,0.00,0,0,1.76,0.00,2.40,【活动支出】饿了么红包:5.00元+【活动支出】替用户承担配送费:2.4元,-,-,-,1.00,江苏区域,江苏直营店,,,否,-,平台配送
圣比萨·披萨·炸鸡（盐城青墩店）,SBS00038,盐城,"8080410255285139896	",饿了么,平台外卖,已完成,2025-10-23 11:02:22,2025-10-23 11:02:22,2025-10-23 11:02:23,饿了么支付-在线支付,,预约单,2025-10-23 11:50:00,2.83,自动出餐,1,否,"大圣嫩鸡肉串3串[甘梅]（14.90*1）,新奥尔良烤鸡肉披萨-9英寸(手拍)[{""name"":""规格"",""value"":""9英寸(手拍)""}]（36.90*1）,餐盒（3.00*1）",新奥尔良烤鸡肉披萨,,,,非会员,6,,,2份餐具,,51.80,35.95,6.00,0.00,0,0,3.95,0.00,2.90,【活动支出】店铺满减:1.00元+【活动支出】饿了么红包:5.00元+【活动支出】替用户承担配送费:2.9元,-,-,-,3.00,江苏区域,江苏直营店,,,否,-,平台配送
圣比萨·披萨·炸鸡（盐城青墩店）,SBS00038,盐城,"8081566089184695684	",饿了么,平台外卖,已完成,2025-10-23 11:15:52,2025-10-23 11:15:52,2025-10-23 11:15:52,饿了么支付-在线支付,,即时单,2025-10-23 11:15:52,12.58,手动出餐,1,否,"新奥尔良烤鸡肉披萨-7英寸(手拍)[{""name"":""规格"",""value"":""7英寸(手拍)""}]（28.90*1）,餐盒（2.00*1）",新奥尔良烤鸡肉披萨,,,,非会员,7,,,外卖放门口，不用打电话 / 依据餐量提供餐具,,28.90,18.38,5.00,0.00,0,0,2.02,0.00,2.40,【活动支出】饿了么红包:5.00元+【活动支出】替用户承担配送费:2.4元,-,-,-,2.00,江苏区域,江苏直营店,,,否,-,平台配送
圣比萨·披萨·炸鸡（盐城青墩店）,SBS00038,盐城,"8076360255341162932	",饿了么,平台外卖,已完成,2025-10-23 11:55:57,2025-10-23 11:55:57,2025-10-23 11:55:57,饿了么支付-在线支付,,即时单,2025-10-23 11:55:57,14.23,自动出餐,1,否,"碳烤鸡肉培根披萨-7英寸(手拍)[{""name"":""规格"",""value"":""7英寸(手拍)""}]（28.90*1）,餐盒（2.00*1）",碳烤鸡肉培根披萨,,,,非会员,8,,,依据餐量提供餐具,,28.90,18.38,5.00,0.00,0,0,2.02,0.00,2.40,【活动支出】饿了么红包:5.00元+【活动支出】替用户承担配送费:2.4元,-,-,-,2.00,江苏区域,江苏直营店,,,否,-,平台配送
圣比萨·披萨·炸鸡（盐城青墩店）,SBS00038,盐城,"8051020255259160059	",饿了么,平台外卖,已完成,2025-10-23 12:06:21,2025-10-23 12:06:21,2025-10-23 12:06:22,饿了么支付-在线支付,,即时单,2025-10-23 12:06:21,14.23,自动出餐,1,否,"奶酪芝士卷边（7英寸）（4.90*1）,新奥尔良烤鸡肉披萨-7英寸(手拍)[{""name"":""规格"",""value"":""7英寸(手拍)""}]（28.90*1）,餐盒（2.00*1）",奶酪芝士卷边7+新奥尔良烤鸡肉披萨,,,,非会员,9,,,依据餐量提供餐具,,33.80,22.26,5.00,0.00,0,0,2.44,0.00,2.40,【活动支出】饿了么红包:5.00元+【活动支出】替用户承担配送费:2.4元,-,-,-,2.00,江苏区域,江苏直营店,,,否,-,平台配送
圣比萨·披萨·炸鸡（盐城青墩店）,SBS00038,盐城,"8090370255369761191	",饿了么,平台外卖,已完成,2025-10-23 12:43:10,2025-10-23 12:43:10,2025-10-23 12:43:11,饿了么支付-在线支付,,即时单,2025-10-23 12:43:10,14.00,自动出餐,1,否,"碳烤鸡肉培根披萨-7英寸(手拍)[{""name"":""规格"",""value"":""7英寸(手拍)""}]（28.90*1）,点击右上角❤️免费得小吃（限一份，多点不送）[墨鱼丸1个]（0.00*1）,餐盒（2.00*1）",碳烤鸡肉培根披萨,,,,非会员,10,,,依据餐量提供餐具,,28.90,18.38,5.00,0.00,0,0,2.02,0.00,2.40,【活动支出】饿了么红包:5.00元+【活动支出】替用户承担配送费:2.4元,-,-,-,2.00,江苏区域,江苏直营店,,,否,-,平台配送
圣比萨·披萨·炸鸡（盐城青墩店）,SBS00038,盐城,"8013070255413830079	",饿了么,平台外卖,已完成,2025-10-23 14:26:43,2025-10-23 14:26:43,2025-10-23 14:26:43,饿了么支付-在线支付,,即时单,2025-10-23 14:26:43,13.00,自动出餐,1,否,"新奥尔良烤鸡肉披萨-7英寸(手拍)[{""name"":""规格"",""value"":""7英寸(手拍)""}]（28.90*1）,餐盒（2.00*1）",新奥尔良烤鸡肉披萨,,,,非会员,11,,,放到门口 / 依据餐量提供餐具,,28.90,17.46,6.00,0.00,0,0,1.94,0.00,2.40,【活动支出】精准营销:1.00元+【活动支出】饿了么红包:5.00元+【活动支出】替用户承担配送费:2.4元,-,-,-,2.00,江苏区域,江苏直营店,,,否,-,平台配送
圣比萨·披萨·炸鸡（盐城青墩店）,SBS00038,盐城,"8044906089326599585	",饿了么,平台外卖,已完成,2025-10-23 16:13:39,2025-10-23 16:13:39,2025-10-23 16:13:39,饿了么支付-在线支付,,即时单,2025-10-23 16:13:39,13.18,自动出餐,1,否,"新奥尔良烤鸡肉披萨-7英寸(手拍)[{""name"":""规格"",""value"":""7英寸(手拍)""}]（28.90*1）,餐盒（2.00*1）",新奥尔良烤鸡肉披萨,,,,非会员,12,,,1份餐具,,28.90,18.38,5.00,0.00,0,0,2.02,0.00,2.40,【活动支出】饿了么红包:5.00元+【活动支出】替用户承担配送费:2.4元,-,-,-,2.00,江苏区域,江苏直营店,,,否,-,平台配送
圣比萨·披萨·炸鸡（盐城青墩店）,SBS00038,盐城,"8056110255478862177	",饿了么,平台外卖,已完成,2025-10-23 17:28:50,2025-10-23 17:28:50,2025-10-23 17:28:50,饿了么支付-在线支付,,即时单,2025-10-23 17:28:50,13.10,自动出餐,1,否,"新奥尔良烤鸡肉披萨-9英寸(手拍)[{""name"":""规格"",""value"":""9英寸(手拍)""}]（36.90*1）,餐盒（2.00*1）",新奥尔良烤鸡肉披萨,,,,非会员,13,,,依据餐量提供餐具,,36.90,18.83,6.00,0.00,0,0,2.57,0.00,9.50,【活动支出】店铺满减:1.00元+【活动支出】饿了么红包:5.00元+【活动支出】替用户承担配送费:6.0元,-,-,-,2.00,江苏区域,江苏直营店,,,否,-,平台配送
圣比萨·披萨·炸鸡（盐城青墩店）,SBS00038,盐城,"8054746089375566105	",饿了么,平台外卖,已完成,2025-10-23 17:53:53,2025-10-23 17:53:53,2025-10-23 17:53:53,饿了么支付-在线支付,,即时单,2025-10-23 17:53:53,14.10,自动出餐,1,否,"新奥尔良烤鸡肉披萨-7英寸(手拍)[{""name"":""规格"",""value"":""7英寸(手拍)""}]（28.90*1）,餐盒（2.00*1）",新奥尔良烤鸡肉披萨,,,,非会员,14,,,依据餐量提供餐具,,28.90,17.46,6.00,0.00,0,0,1.94,0.00,2.40,【活动支出】精准营销:1.00元+【活动支出】饿了么红包:5.00元+【活动支出】替用户承担配送费:2.4元,-,-,-,2.00,江苏区域,江苏直营店,,,否,-,平台配送
圣比萨·披萨·炸鸡（盐城青墩店）,SBS00038,盐城,"8098676089417667068	",饿了么,平台外卖,已完成,2025-10-23 18:16:11,2025-10-23 18:16:11,2025-10-23 18:16:11,饿了么支付-在线支付,,即时单,2025-10-23 18:16:11,7.45,手动出餐,1,否,"大圣香肠一串[孜然]（8.50*2）,经典薯条（180）（8.90*1）,餐盒（2.00*1）",经典薯条,,,,非会员,15,,,依据餐量提供餐具,,25.90,19.75,0,0.00,0,0,2.15,0.00,2.90,-,-,-,-,2.00,江苏区域,江苏直营店,,,否,-,平台配送
圣比萨·披萨·炸鸡（盐城青墩店）,SBS00038,盐城,"8012360255519535376	",饿了么,平台外卖,已完成,2025-10-23 18:45:19,2025-10-23 18:45:19,2025-10-23 18:45:20,饿了么支付-在线支付,,即时单,2025-10-23 18:45:19,14.03,自动出餐,1,否,"大圣招牌大满贯披萨-12英寸(手拍)[{""name"":""规格"",""value"":""12英寸(手拍)""}]（69.90*1）,餐盒（2.00*1）",大圣招牌大满贯披萨,,,,非会员,16,,,依据餐量提供餐具,,69.90,41.31,12.00,0.00,0,0,4.89,0.00,4.90,【活动支出】店铺满减:6.00元+【活动支出】超级会员专享红包:5.00元+【活动支出】精准营销:1.00元+【活动支出】替用户承担配送费:4.9元,-,-,-,2.00,江苏区域,江苏直营店,,,否,-,平台配送
圣比萨·披萨·炸鸡（盐城青墩店）,SBS00038,盐城,"8003506089397265779	",饿了么,平台外卖,已完成,2025-10-23 19:11:02,2025-10-23 19:11:02,2025-10-23 19:11:02,饿了么支付-在线支付,,即时单,2025-10-23 19:11:02,14.15,自动出餐,1,否,"碳烤鸡肉培根披萨-7英寸(手拍)[{""name"":""规格"",""value"":""7英寸(手拍)""}]（28.90*1）,点击右上角❤️免费得小吃（限一份，多点不送）[上校鸡块2个]（0.00*1）,新奥尔良烤鸡肉披萨-7英寸(手拍)[{""name"":""规格"",""value"":""7英寸(手拍)""}]（28.90*1）,餐盒（4.00*1）",碳烤鸡肉培根披萨+上校鸡块2个+新奥尔良烤鸡肉披萨,,,,非会员,17,,,3份餐具,,57.80,35.58,12.00,0.00,0,0,4.02,0.00,3.40,【活动支出】店铺满减:6.00元+【活动支出】精准营销:1.00元+【活动支出】饿了么红包:5.00元+【活动支出】替用户承担配送费:3.4元,-,-,-,4.00,江苏区域,江苏直营店,,,否,-,平台配送
圣比萨·披萨·炸鸡（盐城青墩店）,SBS00038,盐城,"8002926089430171043	",饿了么,平台外卖,已完成,2025-10-23 19:12:33,2025-10-23 19:12:33,2025-10-23 19:12:34,饿了么支付-在线支付,,预约单,2025-10-23 20:05:00,7.47,自动出餐,1,否,"新奥尔良烤鸡肉披萨-7英寸(手拍)[{""name"":""规格"",""value"":""7英寸(手拍)""}]（28.90*1）,餐盒（2.00*1）",新奥尔良烤鸡肉披萨,,,,非会员,18,,,对骑手:进门放地上拍个照就可以了，不用打电话 / 依据餐量提供餐具,,28.90,18.38,5.00,0.00,0,0,2.02,0.00,2.40,【活动支出】饿了么红包:5.00元+【活动支出】替用户承担配送费:2.4元,-,-,-,2.00,江苏区域,江苏直营店,,,否,-,平台配送
圣比萨·披萨·炸鸡（盐城青墩店）,SBS00038,盐城,"8026320255661029873	",饿了么,平台外卖,已完成,2025-10-23 20:30:12,2025-10-23 20:30:12,2025-10-23 20:30:13,饿了么支付-在线支付,,即时单,2025-10-23 20:30:12,13.23,自动出餐,1,否,"奥尔良烤翅（9.90*1）,小鸡肉串（20串）[香辣]（14.90*1）,雪碧（6.00*1）,牛肉小串（20串）[香辣]（17.50*1）,餐盒（2.00*1）",奥尔良烤翅+大圣小鸡肉串（20串）+小雪碧+大圣小牛肉串（20串）,,,,非会员,19,,,1份餐具,,48.30,32.85,6.00,0.00,0,0,3.60,0.00,2.40,【活动支出】店铺满减:1.00元+【活动支出】饿了么红包:5.00元+【活动支出】替用户承担配送费:2.4元,-,-,-,2.00,江苏区域,江苏直营店,,,否,-,平台配送
圣比萨·披萨·炸鸡（盐城青墩店）,SBS00038,盐城,"8063816089457564017	",饿了么,平台外卖,已完成,2025-10-23 20:32:51,2025-10-23 20:32:51,2025-10-23 20:32:51,饿了么支付-在线支付,,即时单,2025-10-23 20:32:51,13.02,自动出餐,1,否,"爆款鸡柳桶开（＋可乐）[三种口味混合]（28.90*1）,海苔肉松披萨-7英寸[{""name"":""规格"",""value"":""7英寸""}]（32.90*1）,点击右上角❤️免费得小吃（限一份，多点不送）[薯饼2个]（0.00*1）,餐盒（2.00*1）",大圣鸡柳三合一,,,,非会员,20,,,依据餐量提供餐具,,61.80,39.52,11.00,0.00,0,0,4.33,0.00,2.40,【活动支出】店铺满减:6.00元+【活动支出】饿了么红包:5.00元+【活动支出】替用户承担配送费:2.4元,-,-,-,2.00,江苏区域,江苏直营店,,,否,-,平台配送
圣比萨·披萨·炸鸡（盐城青墩店）,SBS00038,盐城,"8076270255660575067	",饿了么,平台外卖,已完成,2025-10-23 20:44:58,2025-10-23 20:44:58,2025-10-23 20:44:58,饿了么支付-在线支付,,即时单,2025-10-23 20:44:58,13.03,自动出餐,1,否,"新奥尔良烤鸡肉披萨-12英寸(手拍)[{""name"":""规格"",""value"":""12英寸(手拍)""}]（58.90*1）,餐盒（2.00*1）",新奥尔良烤鸡肉披萨,,,,非会员,21,,,依据餐量提供餐具,,58.90,37.41,11.00,0.00,0,0,4.09,0.00,2.40,【活动支出】店铺满减:6.00元+【活动支出】饿了么红包:5.00元+【活动支出】替用户承担配送费:2.4元,-,-,-,2.00,江苏区域,江苏直营店,,,否,-,平台配送
圣比萨·披萨·炸鸡（盐城青墩店）,SBS00038,盐城,"8024706089460207979	",饿了么,平台外卖,已完成,2025-10-23 20:45:05,2025-10-23 20:45:05,2025-10-23 20:45:05,饿了么支付-在线支付,,即时单,2025-10-23 20:45:05,12.47,手动出餐,1,否,"花果山披萨-7英寸(手拍)[{""name"":""规格"",""value"":""7英寸(手拍)""}]（28.90*1）,餐盒（2.00*1）",花果山披萨,,,,非会员,22,,,1份餐具,,28.90,17.92,5.00,0.00,0,0,1.98,0.00,2.90,【活动支出】饿了么红包:5.00元+【活动支出】替用户承担配送费:2.9元,-,-,-,2.00,江苏区域,江苏直营店,,,否,-,平台配送
圣比萨·披萨·炸鸡（盐城青墩店）,SBS00038,盐城,"8012440255576735161	",饿了么,平台外卖,已完成,2025-10-23 21:06:34,2025-10-23 21:06:34,2025-10-23 21:06:34,饿了么支付-在线支付,,即时单,2025-10-23 21:06:34,13.13,自动出餐,1,否,"海苔肉松披萨-7英寸[{""name"":""规格"",""value"":""7英寸""}]（32.90*1）,红薯薯泥流心卷边（7英寸）（4.90*1）,餐盒（1.00*1）",红薯泥流心卷边7,,,,非会员,23,,,依据餐量提供餐具,,37.80,23.04,6.00,0.00,0,0,2.56,0.00,3.40,【活动支出】店铺满减:1.00元+【活动支出】饿了么红包:5.00元+【活动支出】替用户承担配送费:3.4元,-,-,-,1.00,江苏区域,江苏直营店,,,否,-,平台配送
圣比萨·披萨·炸鸡（盐城青墩店）,SBS00038,盐城,"8031926089447198006	",饿了么,平台外卖,已完成,2025-10-23 21:29:43,2025-10-23 21:29:43,2025-10-23 21:29:43,饿了么支付-在线支付,,即时单,2025-10-23 21:29:43,13.08,自动出餐,1,否,"新奥尔良烤鸡肉披萨-7英寸(手拍)[{""name"":""规格"",""value"":""7英寸(手拍)""}]（28.90*1）,餐盒（2.00*1）",新奥尔良烤鸡肉披萨,,,,非会员,24,,,依据餐量提供餐具,,28.90,17.33,5.00,0.00,0,0,1.97,0.00,3.40,【活动支出】饿了么红包:5.00元+【活动支出】替用户承担配送费:3.4元,-,-,-,2.00,江苏区域,江苏直营店,,,否,-,平台配送
圣比萨·披萨·炸鸡（盐城青墩店）,SBS00038,盐城,"8023806089473779063	",饿了么,平台外卖,已完成,2025-10-23 21:43:50,2025-10-23 21:43:50,2025-10-23 21:43:50,饿了么支付-在线支付,,即时单,2025-10-23 21:43:50,13.00,自动出餐,1,否,"新奥尔良烤鸡肉披萨-7英寸(手拍)[{""name"":""规格"",""value"":""7英寸(手拍)""}]（28.90*1）,餐盒（2.00*1）",新奥尔良烤鸡肉披萨,,,,非会员,25,,,依据餐量提供餐具,,28.90,16.42,6.00,0.00,0,0,1.88,0.00,3.40,【活动支出】精准营销:1.00元+【活动支出】饿了么红包:5.00元+【活动支出】替用户承担配送费:3.4元,-,-,-,2.00,江苏区域,江苏直营店,,,否,-,平台配送
圣比萨·披萨·炸鸡（盐城青墩店）,SBS00038,盐城,"8048020255490992416	",饿了么,平台外卖,已完成,2025-10-23 21:57:51,2025-10-23 21:57:51,2025-10-23 21:57:51,饿了么支付-在线支付,,即时单,2025-10-23 21:57:51,13.03,自动出餐,1,否,"大圣小牛肉串20（14.90*1）,点击右上角❤️免费得小吃（限一份，多点不送）[墨鱼丸1个]（0.00*1）,新奥尔良烤鸡肉披萨-9英寸(手拍)[{""name"":""规格"",""value"":""9英寸(手拍)""}]（36.90*1）,餐盒（3.00*1）",大圣小牛肉串（20串）+新奥尔良烤鸡肉披萨,,,,非会员,26,,,依据餐量提供餐具,,51.80,35.36,6.00,0.00,0,0,3.94,0.00,3.40,【活动支出】店铺满减:1.00元+【活动支出】饿了么红包:5.00元+【活动支出】替用户承担配送费:3.4元,-,-,-,3.00,江苏区域,江苏直营店,,,否,-,平台配送
圣比萨（平阳百悦广场店）,SBM00027,温州,"8037090255354784090	",饿了么,平台外卖,已完成,2025-10-23 10:21:15,2025-10-23 10:21:15,2025-10-23 10:21:15,饿了么支付-在线支付,,预约单,2025-10-23 11:30:00,28.90,手动出餐,1,否,"【任选3件套】个人披萨套餐随心配（80.00*1）,餐盒（2.00*1）",港式奶茶+明星小食桶B+新奥尔良烤鸡肉披萨(7英寸(手拍)),,,,非会员,1,,,依据餐量提供餐具,,80.00,33.88,34.50,0.00,0,0,4.67,0.00,4.00,【活动支出】店铺满减:6.00元+【活动支出】单品特价:19.50元+【活动支出】饿了么红包:9.00元+【活动支出】替用户承担配送费:4.0元,-,-,-,2.00,温州区域,温州加盟,,,否,-,平台配送
圣比萨（平阳百悦广场店）,SBM00027,温州,"8058746089230938572	",饿了么,平台外卖,已完成,2025-10-23 11:23:28,2025-10-23 11:23:28,2025-10-23 11:23:29,饿了么支付-在线支付,,即时单,2025-10-23 11:23:28,12.22,手动出餐,1,否,"7寸日系照烧鸡披萨-单点[{""name"":""规格"",""value"":""单点""}]（22.00*1）",日系照烧鸡披萨【7英寸(手拍)】,,,,非会员,2,,,-,,22.00,12.00,0.00,0.00,0,0,0.00,0.00,,【活动支出】拼团反圈活动:0.00元,-,-,-,0.00,温州区域,温州加盟,,,否,-,平台配送
圣比萨（平阳百悦广场店）,SBM00027,温州,"8037866089229439251	",饿了么,平台外卖,已完成,2025-10-23 11:24:51,2025-10-23 11:24:51,2025-10-23 11:24:51,饿了么支付-在线支付,,即时单,2025-10-23 11:24:51,13.55,手动出餐,1,否,"黑椒牛肉芝士焗饭（52.00*1）,餐盒（2.00*1）",黑椒牛肉芝士焗饭,,,,非会员,3,,,放门口 / 依据餐量提供餐具,,52.00,15.78,29.40,0.00,0,0,2.27,0.00,3.50,【活动支出】单品特价:22.40元+【活动支出】CPS商户叠加券:0.00元+【活动支出】饿了么红包:7.00元+【活动支出】淘金币:0.00元+【活动支出】替用户承担配送费:3.5元,-,-,-,2.00,温州区域,温州加盟,,,否,-,平台配送
圣比萨（平阳百悦广场店）,SBM00027,温州,"8057506089231442185	",饿了么,平台外卖,已完成,2025-10-23 12:01:37,2025-10-23 12:01:37,2025-10-23 12:01:37,饿了么支付-在线支付,,即时单,2025-10-23 12:01:37,13.28,手动出餐,1,否,【任选5件套】披萨意面我全都要（128.00*1）,招牌肉酱意面+大圣招牌大满贯披萨(7英寸(手拍))+明星小食桶B+可乐+柠檬茶,,,,非会员,4,,,依据餐量提供餐具,,128.00,33.49,81.60,0.00,0,0,4.56,0.00,3.50,【活动支出】单品特价:81.60元+【活动支出】替用户承担配送费:3.5元,-,-,-,0.00,温州区域,温州加盟,,,否,-,平台配送
圣比萨（平阳百悦广场店）,SBM00027,温州,"8076766089275315627	",饿了么,平台外卖,已完成,2025-10-23 13:26:58,2025-10-23 13:26:58,2025-10-23 13:26:58,饿了么支付-在线支付,,即时单,2025-10-23 13:26:58,24.60,被动出餐,1,否,新奥尔良烤鸡肉披萨7寸-单点（22.00*1）,新奥尔良烤鸡肉披萨【7英寸(手拍)】,,,,非会员,5,,,依据餐量提供餐具,,22.00,12.00,0.00,0.00,0,0,0.00,0.00,,【活动支出】拼团反圈活动:0.00元,-,-,-,0.00,温州区域,温州加盟,,,否,-,平台配送
圣比萨（平阳百悦广场店）,SBM00027,温州,"8030606089289213422	",饿了么,平台外卖,已完成,2025-10-23 14:15:18,2025-10-23 14:15:18,2025-10-23 14:15:19,饿了么支付-在线支付,,即时单,2025-10-23 14:15:18,22.33,被动出餐,1,否,"缤纷水果披萨9英寸（75.00*1）,餐盒（2.00*1）",缤纷水果披萨【9英寸(手拍)】,,,,非会员,6,,,依据餐量提供餐具,,75.00,22.34,44.40,0.00,0,0,3.11,0.00,4.00,【活动支出】店铺满减:1.00元+【活动支出】单品特价:35.40元+【活动支出】饿了么红包:8.00元+【活动支出】替用户承担配送费:4.0元,-,-,-,2.00,温州区域,温州加盟,,,否,-,平台配送
圣比萨（平阳百悦广场店）,SBM00027,温州,"8086906089316889866	",饿了么,平台外卖,已完成,2025-10-23 14:57:03,2025-10-23 14:57:03,2025-10-23 14:57:03,饿了么支付-在线支付,,即时单,2025-10-23 14:57:03,22.97,手动出餐,1,否,"【任选3件套】个人披萨意面焗饭套餐随心配（74.00*1）,餐盒（2.00*1）",明星小食桶B+港式奶茶+浪漫威尼斯披萨(7英寸(手拍)),,,,非会员,7,,,依据餐量提供餐具,,74.00,24.34,40.50,0.00,0,0,3.41,0.00,3.50,【活动支出】店铺满减:1.00元+【活动支出】单品特价:31.50元+【活动支出】 商家自营销加码:0.00元+【活动支出】饿了么红包:8.00元+【活动支出】替用户承担配送费:3.5元,-,-,-,2.00,温州区域,温州加盟,,,否,-,平台配送
圣比萨（平阳百悦广场店）,SBM00027,温州,"8086080255328822749	",饿了么,平台外卖,已完成,2025-10-23 15:20:39,2025-10-23 15:20:39,2025-10-23 15:20:39,饿了么支付-在线支付,,即时单,2025-10-23 15:20:39,10.50,手动出餐,1,否,"蛋挞（10.00*2）,奥尔良烤翅（14.00*1）,新奥尔良烤鸡肉披萨9英寸（78.00*1）,餐盒（6.00*1）",蛋挞+奥尔良烤翅+新奥尔良烤鸡肉披萨【9英寸(手拍)】,,,,非会员,8,,,2份餐具,,112.00,34.07,66.60,0.00,0,0,5.08,0.00,5.00,【活动支出】店铺满减:6.00元+【活动支出】单品特价:6.80元+【活动支出】单品特价:3.40元+【活动支出】单品特价:38.40元+【活动支出】饿了么红包:12.00元+【活动支出】替用户承担配送费:5.0元,-,-,-,6.00,温州区域,温州加盟,,,否,-,平台配送
圣比萨（平阳百悦广场店）,SBM00027,温州,"8077806089316113744	",饿了么,平台外卖,已完成,2025-10-23 15:44:04,2025-10-23 15:44:04,2025-10-23 15:44:04,饿了么支付-在线支付,,即时单,2025-10-23 15:44:04,11.78,手动出餐,1,否,7寸日系照烧鸡披萨-单点（22.00*1）,日系照烧鸡披萨【7英寸(手拍)】,,,,非会员,9,,,依据餐量提供餐具,,22.00,12.00,0.00,0.00,0,0,0.00,0.00,,【活动支出】拼团反圈活动:0.00元,-,-,-,0.00,温州区域,温州加盟,,,否,-,平台配送
圣比萨（平阳百悦广场店）,SBM00027,温州,"8051310255443735904	",饿了么,平台外卖,已完成,2025-10-23 16:06:44,2025-10-23 16:06:44,2025-10-23 16:06:44,饿了么支付-在线支付,,即时单,2025-10-23 16:06:44,8.78,手动出餐,1,否,【任选5件套】披萨意面我全都要（128.00*1）,番茄牛肉意面+缤纷水果披萨(7英寸(手拍))+明星小食桶B+柠檬茶+港式奶茶,,,,非会员,10,,,依据餐量提供餐具,,128.00,31.69,81.60,0.00,0,0,4.56,0.00,5.60,【活动支出】单品特价:81.60元+【活动支出】替用户承担配送费:5.6元,-,-,-,0.00,温州区域,温州加盟,,,否,-,平台配送
圣比萨（平阳百悦广场店）,SBM00027,温州,"8099030255432258011	",饿了么,平台外卖,已完成,2025-10-23 16:13:57,2025-10-23 16:13:57,2025-10-23 16:13:58,饿了么支付-在线支付,,即时单,2025-10-23 16:13:57,10.15,手动出餐,1,否,新奥尔良烤鸡肉披萨7寸-单点（22.00*1）,新奥尔良烤鸡肉披萨【7英寸(手拍)】,,,,非会员,11,,,依据餐量提供餐具,,22.00,12.00,0.00,0.00,0,0,0.00,0.00,,【活动支出】拼团反圈活动:0.00元,-,-,-,0.00,温州区域,温州加盟,,,否,-,平台配送
圣比萨（平阳百悦广场店）,SBM00027,温州,"8067180255442308506	",饿了么,平台外卖,已完成,2025-10-23 16:16:18,2025-10-23 16:16:18,2025-10-23 16:16:18,饿了么支付-在线支付,,即时单,2025-10-23 16:16:18,9.92,手动出餐,1,否,"缤纷水果披萨9英寸（75.00*1）,招牌肉酱意面（52.00*1）,餐盒（4.00*1）",缤纷水果披萨【9英寸(手拍)】+招牌肉酱意面,,,,非会员,12,,,无需餐具,,127.00,36.05,80.40,0.00,0,0,5.00,0.00,3.50,【活动支出】店铺满减:6.00元+【活动支出】单品特价:35.40元+【活动支出】单品特价:27.00元+【活动支出】饿了么红包:12.00元+【活动支出】替用户承担配送费:3.5元,-,-,-,4.00,温州区域,温州加盟,,,否,-,平台配送
圣比萨（平阳百悦广场店）,SBM00027,温州,"8099566089327803655	",饿了么,平台外卖,已完成,2025-10-23 16:20:05,2025-10-23 16:20:05,2025-10-23 16:20:05,饿了么支付-在线支付,,即时单,2025-10-23 16:20:05,8.77,手动出餐,1,否,"新奥尔良烤鸡肉披萨7寸-单点[{""name"":""规格"",""value"":""单点""}]（22.00*1）",新奥尔良烤鸡肉披萨【7英寸(手拍)】,,,,非会员,13,,,-,,22.00,12.00,0.00,0.00,0,0,0.00,0.00,,【活动支出】拼团反圈活动:0.00元,-,-,-,0.00,温州区域,温州加盟,,,否,-,平台配送
圣比萨（平阳百悦广场店）,SBM00027,温州,"8037090255547727227	",饿了么,平台外卖,已完成,2025-10-23 16:41:22,2025-10-23 16:41:22,2025-10-23 16:41:22,饿了么支付-在线支付,,即时单,2025-10-23 16:41:22,9.10,手动出餐,1,否,"【任选5件套】披萨意面我全都要（128.00*1）,薯饼3个（12.00*1）",招牌肉酱意面+大圣招牌大满贯披萨(7英寸(手拍))+明星小食桶B+芒果汁+港式奶茶+薯饼,,,,非会员,14,,,2份餐具,,140.00,35.58,90.60,0.00,0,0,4.87,0.00,4.00,【活动支出】单品特价:81.60元+【活动支出】单品特价:9.00元+【活动支出】替用户承担配送费:4.0元,-,-,-,0.00,温州区域,温州加盟,,,否,-,平台配送
圣比萨（平阳百悦广场店）,SBM00027,温州,"8083866089344071996	",饿了么,平台外卖,已完成,2025-10-23 17:05:48,2025-10-23 17:05:48,2025-10-23 17:05:48,饿了么支付-在线支付,,即时单,2025-10-23 17:05:48,11.68,手动出餐,1,否,"浪漫威尼斯披萨9英寸（75.00*1）,餐盒（2.00*1）",浪漫威尼斯披萨【9英寸(手拍)】,,,,非会员,15,,,依据餐量提供餐具,,75.00,22.34,44.40,0.00,0,0,3.11,0.00,3.50,【活动支出】店铺满减:1.00元+【活动支出】单品特价:35.40元+【活动支出】 商家自营销加码:0.00元+【活动支出】饿了么红包:8.00元+【活动支出】替用户承担配送费:3.5元,-,-,-,2.00,温州区域,温州加盟,,,否,-,平台配送
圣比萨（平阳百悦广场店）,SBM00027,温州,"8071806089385867683	",饿了么,平台外卖,已完成,2025-10-23 17:17:54,2025-10-23 17:17:54,2025-10-23 17:17:54,饿了么支付-在线支付,,即时单,2025-10-23 17:17:54,8.68,手动出餐,1,否,"【任选3件套】个人披萨意面焗饭套餐随心配（74.00*1）,餐盒（2.00*1）",明星小食桶B+可乐+新奥尔良烤鸡肉披萨(7英寸(手拍)),,,,非会员,16,,,依据餐量提供餐具,,74.00,23.44,41.50,0.00,0,0,3.31,0.00,3.50,【活动支出】店铺满减:1.00元+【活动支出】单品特价:31.50元+【活动支出】饿了么红包:9.00元+【活动支出】替用户承担配送费:3.5元,-,-,-,2.00,温州区域,温州加盟,,,否,-,平台配送
圣比萨（平阳百悦广场店）,SBM00027,温州,"8074526089372628237	",饿了么,平台外卖,已完成,2025-10-23 17:33:45,2025-10-23 17:33:45,2025-10-23 17:33:45,饿了么支付-在线支付,,即时单,2025-10-23 17:33:45,9.40,手动出餐,1,否,"新奥尔良烤鸡肉披萨7寸-单点[{""name"":""规格"",""value"":""单点""}]（22.00*1）",新奥尔良烤鸡肉披萨【7英寸(手拍)】,,,,非会员,17,,,-,,22.00,12.00,0.00,0.00,0,0,0.00,0.00,,【活动支出】拼团反圈活动:0.00元,-,-,-,0.00,温州区域,温州加盟,,,否,-,平台配送
圣比萨（平阳百悦广场店）,SBM00027,温州,"8030240255484138807	",饿了么,平台外卖,已完成,2025-10-23 17:37:44,2025-10-23 17:37:44,2025-10-23 17:37:44,饿了么支付-在线支付,,即时单,2025-10-23 17:37:44,11.90,手动出餐,1,否,"牛肉蘑菇披萨9英寸（78.00*1）,餐盒（2.00*1）",炙热牛魔王披萨【9英寸(手拍)】,,,,非会员,18,,,对商家：不要任何蔬菜，蘑菇也不要，芝士多一点，谢谢𝩏 / 依据餐量提供餐具,,78.00,21.44,47.40,0.00,0,0,3.11,0.00,4.50,【活动支出】店铺满减:1.00元+【活动支出】单品特价:38.40元+【活动支出】CPS商户叠加券:0.00元+【活动支出】饿了么红包:8.00元+【活动支出】替用户承担配送费:4.5元,-,-,-,2.00,温州区域,温州加盟,,,否,-,平台配送
圣比萨（平阳百悦广场店）,SBM00027,温州,"8031410255486205436	",饿了么,平台外卖,已完成,2025-10-23 17:53:52,2025-10-23 17:53:52,2025-10-23 17:53:52,饿了么支付-在线支付,,即时单,2025-10-23 17:53:52,11.73,手动出餐,1,否,"【任选3件套】个人披萨意面焗饭套餐随心配（72.00*1）,芝士焗红薯泥（19.00*1）,薯饼3个（12.00*1）,餐盒（4.00*1）",明星小食桶A+可乐+浪漫威尼斯披萨(7英寸(手拍))+芝士焗红薯泥+薯饼,,,,非会员,19,,,依据餐量提供餐具,,103.00,33.21,58.90,0.00,0,0,4.74,0.00,3.50,【活动支出】店铺满减:6.00元+【活动支出】单品特价:31.50元+【活动支出】单品特价:3.40元+【活动支出】单品特价:9.00元+【活动支出】饿了么红包:9.00元+【活动支出】替用户承担配送费:3.5元,-,-,-,4.00,温州区域,温州加盟,,,否,-,平台配送
圣比萨（平阳百悦广场店）,SBM00027,温州,"8079836089393487122	",饿了么,平台外卖,已完成,2025-10-23 18:04:10,2025-10-23 18:04:10,2025-10-23 18:04:10,饿了么支付-在线支付,,即时单,2025-10-23 18:04:10,13.77,手动出餐,1,否,"圣比招牌披萨12英寸（109.00*1）,明星小食桶A（35.00*1）,餐盒（4.00*1）",大圣招牌大满贯披萨【12英寸(手拍)】+明星小食桶A,,,,非会员,20,,,依据餐量提供餐具,,144.00,54.37,71.90,0.00,0,0,7.68,0.00,4.50,【活动支出】店铺满减:6.00元+【活动支出】单品特价:39.40元+【活动支出】单品特价:14.50元+【活动支出】饿了么红包:12.00元+【活动支出】替用户承担配送费:4.5元,-,-,-,4.00,温州区域,温州加盟,,,否,-,平台配送
圣比萨（平阳百悦广场店）,SBM00027,温州,"8063546089358048741	",饿了么,平台外卖,已完成,2025-10-23 18:11:29,2025-10-23 18:11:29,2025-10-23 18:11:30,饿了么支付-在线支付,,即时单,2025-10-23 18:11:29,12.18,手动出餐,1,否,"【任选3件套】个人披萨意面焗饭套餐随心配（74.00*1）,餐盒（2.00*1）",明星小食桶B+港式奶茶+碳烤鸡肉培根披萨(7英寸(手拍)),,,,非会员,21,,,依据餐量提供餐具,,74.00,24.34,40.50,0.00,0,0,3.41,0.00,3.50,【活动支出】店铺满减:1.00元+【活动支出】单品特价:31.50元+【活动支出】饿了么红包:8.00元+【活动支出】替用户承担配送费:3.5元,-,-,-,2.00,温州区域,温州加盟,,,否,-,平台配送
圣比萨（平阳百悦广场店）,SBM00027,温州,"8094666089393278212	",饿了么,平台外卖,已完成,2025-10-23 18:15:12,2025-10-23 18:15:12,2025-10-23 18:15:12,饿了么支付-在线支付,,即时单,2025-10-23 18:15:12,11.20,手动出餐,1,否,新奥尔良烤鸡肉披萨7寸-单点（22.00*1）,新奥尔良烤鸡肉披萨【7英寸(手拍)】,,,,非会员,22,,,依据餐量提供餐具,,22.00,12.00,0.00,0.00,0,0,0.00,0.00,,【活动支出】拼团反圈活动:0.00元,-,-,-,0.00,温州区域,温州加盟,,,否,-,平台配送
圣比萨（平阳百悦广场店）,SBM00027,温州,"8096656089366371757	",饿了么,平台外卖,已完成,2025-10-23 18:18:41,2025-10-23 18:18:41,2025-10-23 18:18:42,饿了么支付-在线支付,,即时单,2025-10-23 18:18:41,8.73,手动出餐,1,否,新奥尔良烤鸡肉披萨7寸-单点（22.00*1）,新奥尔良烤鸡肉披萨【7英寸(手拍)】,,,,非会员,23,,,依据餐量提供餐具,,22.00,12.00,0.00,0.00,0,0,0.00,0.00,,【活动支出】拼团反圈活动:0.00元,-,-,-,0.00,温州区域,温州加盟,,,否,-,平台配送
圣比萨（平阳百悦广场店）,SBM00027,温州,"8004606089392758204	",饿了么,平台外卖,已完成,2025-10-23 18:18:45,2025-10-23 18:18:45,2025-10-23 18:18:45,饿了么支付-在线支付,,即时单,2025-10-23 18:18:45,9.57,手动出餐,1,否,新奥尔良烤鸡肉披萨7寸-单点（22.00*1）,新奥尔良烤鸡肉披萨【7英寸(手拍)】,,,,非会员,24,,,依据餐量提供餐具,,22.00,12.00,0.00,0.00,0,0,0.00,0.00,,【活动支出】拼团反圈活动:0.00元,-,-,-,0.00,温州区域,温州加盟,,,否,-,平台配送
圣比萨（平阳百悦广场店）,SBM00027,温州,"8035986089442139587	",饿了么,平台外卖,已完成,2025-10-23 18:52:14,2025-10-23 18:52:14,2025-10-23 18:52:14,饿了么支付-在线支付,,预约单,2025-10-23 19:35:00,11.45,手动出餐,1,否,"【任选3件套】个人披萨意面焗饭套餐随心配（72.00*1）,餐盒（2.00*1）",明星小食桶A+港式奶茶+新奥尔良烤鸡肉披萨(7英寸(手拍)),,,,非会员,25,,,依据餐量提供餐具,,72.00,22.25,41.50,0.00,0,0,3.10,0.00,3.50,【活动支出】店铺满减:1.00元+【活动支出】单品特价:31.50元+【活动支出】饿了么红包:9.00元+【活动支出】替用户承担配送费:3.5元,-,-,-,2.00,温州区域,温州加盟,,,否,-,平台配送
圣比萨（平阳百悦广场店）,SBM00027,温州,"8024776089432537509	",饿了么,平台外卖,已完成,2025-10-23 19:31:06,2025-10-23 19:31:06,2025-10-23 19:31:07,饿了么支付-在线支付,,即时单,2025-10-23 19:31:06,11.25,手动出餐,1,否,"缤纷水果披萨9英寸（75.00*1）,餐盒（2.00*1）",缤纷水果披萨【9英寸(手拍)】,,,,非会员,26,,,依据餐量提供餐具,,75.00,22.34,44.40,0.00,0,0,3.11,0.00,3.50,【活动支出】店铺满减:1.00元+【活动支出】单品特价:35.40元+【活动支出】CPS商户叠加券:0.00元+【活动支出】饿了么红包:8.00元+【活动支出】替用户承担配送费:3.5元,-,-,-,2.00,温州区域,温州加盟,,,否,-,平台配送
圣比萨（平阳百悦广场店）,SBM00027,温州,"8063516089439299982	",饿了么,平台外卖,已完成,2025-10-23 19:47:12,2025-10-23 19:47:12,2025-10-23 19:47:12,饿了么支付-在线支付,,即时单,2025-10-23 19:47:12,18.48,被动出餐,1,否,"榴莲王披萨9英寸（92.00*1）,餐盒（2.00*1）",榴莲王披萨9英寸,,,,非会员,27,,,依据餐量提供餐具,,92.00,29.20,52.40,0.00,0,0,4.05,0.00,3.50,【活动支出】店铺满减:1.00元+【活动支出】单品特价:42.40元+【活动支出】饿了么红包:9.00元+【活动支出】替用户承担配送费:3.5元,-,-,-,2.00,温州区域,温州加盟,,,否,-,平台配送
圣比萨（平阳百悦广场店）,SBM00027,温州,"8083636089416157483	",饿了么,平台外卖,已完成,2025-10-23 20:02:57,2025-10-23 20:02:57,2025-10-23 20:02:57,饿了么支付-在线支付,,即时单,2025-10-23 20:02:57,9.40,手动出餐,1,否,"牛肉蘑菇披萨9英寸（78.00*1）,奥尔良烤翅（14.00*1）,餐盒（4.00*1）",炙热牛魔王披萨【9英寸(手拍)】+奥尔良烤翅,,,,非会员,28,,,依据餐量提供餐具,,92.00,30.32,51.80,0.00,0,0,4.33,0.00,3.50,【活动支出】店铺满减:1.00元+【活动支出】单品特价:38.40元+【活动支出】单品特价:3.40元+【活动支出】饿了么红包:9.00元+【活动支出】替用户承担配送费:3.5元,-,-,-,4.00,温州区域,温州加盟,,,否,-,平台配送
圣比萨（平阳百悦广场店）,SBM00027,温州,"8092490255471400215	",饿了么,平台外卖,已完成,2025-10-23 20:25:10,2025-10-23 20:25:10,2025-10-23 20:25:10,饿了么支付-在线支付,,即时单,2025-10-23 20:25:10,13.50,手动出餐,1,否,"咖喱金丝鸡排焗饭（52.00*1）,餐盒（2.00*1）",咖喱金丝鸡排焗饭,,,,非会员,29,,,漏发的奶茶补给我，要温的 / 依据餐量提供餐具,,52.00,10.50,32.40,0.00,0,0,1.95,0.00,7.40,【活动支出】单品特价:26.40元+【活动支出】饿了么红包:6.00元+【活动支出】替用户承担配送费:6.0元,-,-,-,2.00,温州区域,温州加盟,,,否,-,平台配送
圣比萨（平阳百悦广场店）,SBM00027,温州,"8049546089456335233	",饿了么,平台外卖,已完成,2025-10-23 20:32:39,2025-10-23 20:32:39,2025-10-23 20:32:40,饿了么支付-在线支付,,即时单,2025-10-23 20:32:39,13.52,手动出餐,1,否,"碳烤鸡肉培根披萨9英寸（78.00*1）,餐盒（2.00*1）",碳烤鸡肉培根披萨【9英寸(手拍)】,,,,非会员,30,,,依据餐量提供餐具,,78.00,22.34,47.40,0.00,0,0,3.11,0.00,3.50,【活动支出】店铺满减:1.00元+【活动支出】单品特价:38.40元+【活动支出】饿了么红包:8.00元+【活动支出】替用户承担配送费:3.5元,-,-,-,2.00,温州区域,温州加盟,,,否,-,平台配送
圣比萨（平阳百悦广场店）,SBM00027,温州,"8026110255583560993	",饿了么,平台外卖,已完成,2025-10-23 21:18:23,2025-10-23 21:18:23,2025-10-23 21:18:24,饿了么支付-在线支付,,即时单,2025-10-23 21:18:23,7.40,手动出餐,1,否,【任选5件套】披萨意面我全都要（128.00*1）,招牌肉酱意面+碳烤鸡肉培根披萨(7英寸(手拍))+明星小食桶A+芒果汁+港式奶茶,,,,非会员,31,,,4份餐具,,128.00,32.99,81.60,0.00,0,0,4.56,0.00,6.10,【活动支出】单品特价:81.60元+【活动支出】替用户承担配送费:6.0元,-,-,-,0.00,温州区域,温州加盟,,,否,-,平台配送
圣比萨（平阳百悦广场店）,SBM00027,温州,"8088450255578475983	",饿了么,平台外卖,已完成,2025-10-23 21:29:36,2025-10-23 21:29:36,2025-10-23 21:29:36,饿了么支付-在线支付,,即时单,2025-10-23 21:29:36,12.05,手动出餐,1,否,"招牌肉酱意面（52.00*1）,餐盒（2.00*1）",招牌肉酱意面,,,,非会员,32,,,依据餐量提供餐具,,52.00,7.82,38.00,0.00,0,0,1.43,0.00,7.10,【活动支出】单品特价:27.00元+【活动支出】 商家自营销加码:1.00元+【活动支出】订单集点返红包:5.00元+【活动支出】饿了么红包:5.00元+【活动支出】替用户承担配送费:6.0元,-,-,-,2.00,温州区域,温州加盟,,,否,-,平台配送
圣比萨（平阳百悦广场店）,SBM00027,温州,"8034746089484463462	",饿了么,平台外卖,已完成,2025-10-23 21:43:04,2025-10-23 21:43:04,2025-10-23 21:43:04,饿了么支付-在线支付,,即时单,2025-10-23 21:43:04,11.67,手动出餐,1,否,"【任选3件套】个人披萨套餐随心配（80.00*1）,餐盒（2.00*1）",可乐+明星小食桶B+新奥尔良烤鸡肉披萨(7英寸(手拍)),,,,非会员,33,,,依据餐量提供餐具,,80.00,33.67,33.50,0.00,0,0,4.78,0.00,5.60,【活动支出】店铺满减:6.00元+【活动支出】单品特价:19.50元+【活动支出】饿了么红包:8.00元+【活动支出】替用户承担配送费:5.6元,-,-,-,2.00,温州区域,温州加盟,,,否,-,平台配送
圣比萨（玉环陈屿店）,SBM00037,台州,"8083300255177528827	",饿了么,平台外卖,已完成,2025-10-23 10:47:09,2025-10-23 10:47:09,2025-10-23 10:47:09,饿了么支付-在线支付,,预约单,2025-10-23 11:20:00,3.05,自动出餐,1,否,"【随心❤️拼】7英寸双拼披萨（口味自选）[日系照烧鸡+碳烤鸡肉培根]（27.90*1）,蛋挞一个（3.90*1）,点击右上角❤️免费得小吃（限一份，多点不送）[上校鸡块2个]（0.20*1）,餐盒（2.00*1）",双拼7寸【日系照烧口味7】+双拼7寸【碳烤鸡肉培根口味7】+蛋挞1个+上校鸡块2个,,,,非会员,1,,,1份餐具,,32.00,17.75,8.91,0.00,0,0,1.64,0.00,2.30,【活动支出】单品特价:1.91元+【活动支出】下单返红包:2.00元+【活动支出】饿了么红包:5.00元+【活动支出】替用户承担配送费:2.3元,-,-,-,2.00,台州区域,台州加盟,,,否,-,平台配送
圣比萨（玉环陈屿店）,SBM00037,台州,"8070130255189042574	",饿了么,平台外卖,已完成,2025-10-23 10:56:26,2025-10-23 10:56:26,2025-10-23 10:56:27,饿了么支付-在线支付,,即时单,2025-10-23 10:56:26,13.03,自动出餐,1,否,"大圣招牌大满贯披萨-9英寸(手拍)[{""name"":""规格"",""value"":""9英寸(手拍)""}]（43.90*1）,奶酪芝士卷边（9英寸）（6.90*1）,餐盒（2.00*1）",大圣招牌大满贯披萨+奶酪芝士卷边9,,,,非会员,2,,,依据餐量提供餐具,,50.80,34.27,7.00,0.00,0,0,3.13,0.00,2.30,【活动支出】店铺满减:1.00元+【活动支出】首次光顾立减:1.00元+【活动支出】饿了么红包:5.00元+【活动支出】替用户承担配送费:2.3元,-,-,-,2.00,台州区域,台州加盟,,,否,-,平台配送
圣比萨（玉环陈屿店）,SBM00037,台州,"8085816089146021201	",饿了么,平台外卖,已完成,2025-10-23 10:56:33,2025-10-23 10:56:33,2025-10-23 10:56:34,饿了么支付-在线支付,,即时单,2025-10-23 10:56:33,13.17,自动出餐,1,否,"【任选】披萨随心配（31.90*1）,点击右上角❤️免费得小吃（限一份，多点不送）[上校鸡块2个]（0.20*1）,餐盒（2.00*1）",小可乐+碳烤鸡肉培根披萨(7英寸(手拍))+地道肠1根+上校鸡块2个,,,,非会员,3,,,依据餐量提供餐具,,32.10,19.84,6.00,0.00,0,0,1.86,0.00,2.30,【活动支出】首次光顾立减:1.00元+【活动支出】饿了么红包:5.00元+【活动支出】替用户承担配送费:2.3元,-,-,-,2.00,台州区域,台州加盟,,,否,-,平台配送
圣比萨（玉环陈屿店）,SBM00037,台州,"8055636089176395086	",饿了么,平台外卖,已完成,2025-10-23 11:02:14,2025-10-23 11:02:14,2025-10-23 11:02:14,饿了么支付-在线支付,,即时单,2025-10-23 11:02:14,14.05,自动出餐,1,否,"【任选】一人食盒子披萨随心配（31.80*1）,餐盒（2.00*1）",芒果汁+热带雨林水果一人食盒子披萨+蛋挞,,,,非会员,4,,,不用打电话直接放架子上 谢谢 / 1份餐具,,31.80,19.56,6.00,0.00,0,0,1.84,0.00,2.30,【活动支出】首次光顾立减:1.00元+【活动支出】饿了么红包:5.00元+【活动支出】替用户承担配送费:2.3元,-,-,-,2.00,台州区域,台州加盟,,,否,-,平台配送
圣比萨（玉环陈屿店）,SBM00037,台州,"8016020255202590118	",饿了么,平台外卖,已完成,2025-10-23 11:09:13,2025-10-23 11:09:13,2025-10-23 11:09:14,饿了么支付-在线支付,,即时单,2025-10-23 11:09:13,14.20,自动出餐,1,否,"新奥尔良烤鸡肉披萨-9英寸(手拍)[{""name"":""规格"",""value"":""9英寸(手拍)""}]（33.90*1）,蛋挞一个（3.90*1）,点击右上角❤️免费得小吃（限一份，多点不送）[上校鸡块2个]（0.20*1）,餐盒（2.00*1）",新奥尔良烤鸡肉披萨+蛋挞1个+上校鸡块2个,,,,非会员,5,,,多辣 / 依据餐量提供餐具,,38.00,22.62,8.91,0.00,0,0,2.07,0.00,2.30,【活动支出】店铺满减:1.00元+【活动支出】首次光顾立减:1.00元+【活动支出】单品特价:1.91元+【活动支出】饿了么红包:5.00元+【活动支出】替用户承担配送费:2.3元,-,-,-,2.00,台州区域,台州加盟,,,否,-,平台配送
圣比萨（玉环陈屿店）,SBM00037,台州,"8075966089222130119	",饿了么,平台外卖,已完成,2025-10-23 11:17:25,2025-10-23 11:17:25,2025-10-23 11:17:26,饿了么支付-在线支付,,即时单,2025-10-23 11:17:25,14.23,自动出餐,1,否,"番茄牛肉意面（25.90*1）,餐盒（2.00*1）",番茄牛肉意面,,,,非会员,6,,,依据餐量提供餐具,,25.90,14.56,7.00,0.00,0,0,1.34,0.00,2.30,【活动支出】下单返红包:2.00元+【活动支出】饿了么红包:5.00元+【活动支出】替用户承担配送费:2.3元,-,-,-,2.00,台州区域,台州加盟,,,否,-,平台配送
圣比萨（玉环陈屿店）,SBM00037,台州,"8079320255432725788	",饿了么,平台外卖,已完成,2025-10-23 11:49:49,2025-10-23 11:49:49,2025-10-23 11:49:49,饿了么支付-在线支付,,即时单,2025-10-23 11:49:49,14.17,自动出餐,1,否,"【随心❤️拼】7英寸双拼披萨（口味自选）[新奥尔良烤鸡肉+浪漫威尼斯]（27.90*1）,餐盒（2.00*1）",双拼7寸【奥尔良口味7】+双拼7寸【浪漫威尼斯口味7】,,,,非会员,7,,,依据餐量提供餐具,,27.90,16.64,6.00,0.00,0,0,1.56,0.00,2.30,【活动支出】首次光顾立减:1.00元+【活动支出】饿了么红包:5.00元+【活动支出】替用户承担配送费:2.3元,-,-,-,2.00,台州区域,台州加盟,,,否,-,平台配送
圣比萨（玉环陈屿店）,SBM00037,台州,"8085420255245820323	",饿了么,平台外卖,已完成,2025-10-23 11:50:44,2025-10-23 11:50:44,2025-10-23 11:50:45,饿了么支付-在线支付,,即时单,2025-10-23 11:50:44,14.07,自动出餐,1,否,"【随心❤️拼】7英寸双拼披萨（口味自选）[新奥尔良烤鸡肉+碳烤鸡肉培根]（27.90*1）,蛋挞一个（3.90*1）,餐盒（2.00*1）",双拼7寸【奥尔良口味7】+双拼7寸【碳烤鸡肉培根口味7】+蛋挞1个,,,,非会员,8,,,1份餐具,,31.80,18.49,7.91,0.00,0,0,1.70,0.00,2.30,【活动支出】首次光顾立减:1.00元+【活动支出】单品特价:1.91元+【活动支出】饿了么红包:5.00元+【活动支出】替用户承担配送费:2.3元,-,-,-,2.00,台州区域,台州加盟,,,否,-,平台配送
圣比萨（玉环陈屿店）,SBM00037,台州,"8013450255413517779	",饿了么,平台外卖,已完成,2025-10-23 14:31:39,2025-10-23 14:31:39,2025-10-23 14:31:39,饿了么支付-在线支付,,即时单,2025-10-23 14:31:39,13.00,手动出餐,1,否,"【任选】披萨随心配（36.80*1）,餐盒（2.00*1）",小可乐+碳烤鸡肉培根披萨(7英寸(手拍))+地道肠1根,,,,非会员,9,,,依据餐量提供餐具,,36.80,23.28,7.00,0.00,0,0,2.12,0.00,2.30,【活动支出】店铺满减:1.00元+【活动支出】首次光顾立减:1.00元+【活动支出】饿了么红包:5.00元+【活动支出】替用户承担配送费:2.3元,-,-,-,2.00,台州区域,台州加盟,,,否,-,平台配送
圣比萨（玉环陈屿店）,SBM00037,台州,"8023966089311160810	",饿了么,平台外卖,已完成,2025-10-23 14:36:54,2025-10-23 14:36:54,2025-10-23 14:36:55,饿了么支付-在线支付,,即时单,2025-10-23 14:36:54,9.30,手动出餐,1,否,"榴莲王披萨-7英寸(手拍)[{""name"":""规格"",""value"":""7英寸(手拍)""}]（33.90*1）,红薯薯泥流心卷边（7英寸）（4.90*1）,餐盒（2.00*1）",榴莲王披萨+红薯泥流心卷边7,,,,非会员,10,,,依据餐量提供餐具,,38.80,24.43,7.00,0.00,0,0,2.27,0.00,2.30,【活动支出】店铺满减:1.00元+【活动支出】首次光顾立减:1.00元+【活动支出】饿了么红包:5.00元+【活动支出】替用户承担配送费:2.3元,-,-,-,2.00,台州区域,台州加盟,,,否,-,平台配送
圣比萨（玉环陈屿店）,SBM00037,台州,"8066536089318274476	",饿了么,平台外卖,已完成,2025-10-23 15:51:38,2025-10-23 15:51:38,2025-10-23 15:51:39,饿了么支付-在线支付,,预约单,2025-10-23 16:20:00,3.08,自动出餐,1,否,"奶酪芝士卷边（7英寸）（4.90*1）,榴莲王披萨-7英寸(手拍)[{""name"":""规格"",""value"":""7英寸(手拍)""}]（33.90*1）,蛋挞一个（3.90*1）,点击右上角❤️免费得小吃（限一份，多点不送）[上校鸡块2个]（0.20*1）,餐盒（2.00*1）",奶酪芝士卷边7+榴莲王披萨+蛋挞1个+上校鸡块2个,,,,非会员,11,,,3份餐具,,42.90,26.46,8.91,0.00,0,0,2.43,0.00,2.30,【活动支出】店铺满减:1.00元+【活动支出】首次光顾立减:1.00元+【活动支出】单品特价:1.91元+【活动支出】饿了么红包:5.00元+【活动支出】替用户承担配送费:2.3元,-,-,-,2.00,台州区域,台州加盟,,,否,-,平台配送
圣比萨（玉环陈屿店）,SBM00037,台州,"8028986089390681497	",饿了么,平台外卖,已完成,2025-10-23 17:29:06,2025-10-23 17:29:06,2025-10-23 17:29:07,饿了么支付-在线支付,,即时单,2025-10-23 17:29:06,13.05,自动出餐,1,否,"大圣小鸡肉串（9.90*1）,大圣香肠[香辣]（5.90*1）,【任选】一人食盒子披萨随心配（29.90*1）,蛋挞一个（3.90*1）,餐盒（4.00*1）",大圣小鸡肉串（20串）+大圣香肠1串+小可乐+日式烧鸟风味一人食盒子披萨+深海墨鱼丸(3个)+蛋挞1个,,,,非会员,12,,,对骑手 / 依据餐量提供餐具,,49.60,37.28,3.91,0.00,0,0,3.41,0.00,2.30,【活动支出】店铺满减:1.00元+【活动支出】首次光顾立减:1.00元+【活动支出】单品特价:1.91元+【活动支出】替用户承担配送费:2.3元,-,-,-,4.00,台州区域,台州加盟,,,否,-,平台配送
圣比萨（玉环陈屿店）,SBM00037,台州,"8014270255384511904	",饿了么,平台外卖,已完成,2025-10-23 17:30:22,2025-10-23 17:30:22,2025-10-23 17:30:22,饿了么支付-在线支付,,即时单,2025-10-23 17:30:22,14.02,自动出餐,1,否,"新奥尔良烤鸡肉披萨-7英寸(手拍)[{""name"":""规格"",""value"":""7英寸(手拍)""}]（25.90*1）,餐盒（2.00*1）",新奥尔良烤鸡肉披萨,,,,非会员,13,,,依据餐量提供餐具,,25.90,13.84,6.00,0.00,0,0,1.36,0.00,3.80,【活动支出】首次光顾立减:1.00元+【活动支出】饿了么红包:5.00元+【活动支出】替用户承担配送费:3.8元,-,-,-,2.00,台州区域,台州加盟,,,否,-,平台配送
圣比萨（玉环陈屿店）,SBM00037,台州,"8017450255394885965	",饿了么,平台外卖,已完成,2025-10-23 17:50:09,2025-10-23 17:50:09,2025-10-23 17:50:10,饿了么支付-在线支付,,即时单,2025-10-23 17:50:09,14.12,自动出餐,1,否,"【任选】买一送一7英寸披萨（44.90*1）,蛋挞一个（3.90*1）,可口可乐[冷]（5.00*1）,餐盒（2.00*1）",新奥尔良烤鸡肉披萨(7英寸(手拍))+奶酪芝士披萨(7英寸(手拍))+蛋挞1个+小可乐,,,,非会员,14,,,依据餐量提供餐具,,53.80,34.35,9.91,0.00,0,0,3.14,0.00,2.30,【活动支出】店铺满减:1.00元+【活动支出】单品特价:1.91元+【活动支出】下单返红包:2.00元+【活动支出】饿了么红包:5.00元+【活动支出】替用户承担配送费:2.3元,-,-,-,2.00,台州区域,台州加盟,,,否,-,平台配送
圣比萨（玉环陈屿店）,SBM00037,台州,"8051040255495467410	",饿了么,平台外卖,已完成,2025-10-23 17:51:19,2025-10-23 17:51:19,2025-10-23 17:51:20,饿了么支付-在线支付,,即时单,2025-10-23 17:51:19,14.22,自动出餐,1,否,"奶酪芝士披萨-7英寸(手拍)[{""name"":""规格"",""value"":""7英寸(手拍)""}]（25.90*1）,餐盒（2.00*1）",奶酪芝士披萨,,,,非会员,15,,,依据餐量提供餐具,,25.90,15.49,6.00,0.00,0,0,1.41,0.00,2.30,【活动支出】首次光顾立减:1.00元+【活动支出】饿了么红包:5.00元+【活动支出】替用户承担配送费:2.3元,-,-,-,2.00,台州区域,台州加盟,,,否,-,平台配送
圣比萨（玉环陈屿店）,SBM00037,台州,"8049360255490736598	",饿了么,平台外卖,已完成,2025-10-23 18:02:43,2025-10-23 18:02:43,2025-10-23 18:02:43,饿了么支付-在线支付,,即时单,2025-10-23 18:02:43,14.00,自动出餐,1,否,"大圣小鸡肉串（9.90*1）,【任选】一人食盒子披萨随心配（29.90*1）,餐盒（3.00*1）",大圣小鸡肉串（20串）+小可乐+奥尔良风情烤鸡肉一人食盒子披萨+上校鸡块,,,,非会员,16,,,鸡肉串只要孜然 然后披萨上不要青椒和青豆 / 依据餐量提供餐具,,39.80,24.43,9.00,0.00,0,0,2.27,0.00,2.30,【活动支出】店铺满减:1.00元+【活动支出】超级会员专享红包:5.00元+【活动支出】订单集点返红包:3.00元+【活动支出】替用户承担配送费:2.3元,-,-,-,3.00,台州区域,台州加盟,,,否,-,平台配送
圣比萨（玉环陈屿店）,SBM00037,台州,"8054926089399328201	",饿了么,平台外卖,已完成,2025-10-23 18:11:16,2025-10-23 18:11:16,2025-10-23 18:11:16,饿了么支付-在线支付,,即时单,2025-10-23 18:11:16,14.17,自动出餐,1,否,"【任选】一人食盒子披萨随心配（29.90*1）,餐盒（2.00*1）",小可乐+热带雨林水果一人食盒子披萨+深海墨鱼丸(3个),,,,非会员,17,,,无需餐具,,29.90,18.50,6.00,0.00,0,0,1.70,0.00,2.30,【活动支出】首次光顾立减:1.00元+【活动支出】饿了么红包:5.00元+【活动支出】淘金币:0.00元+【活动支出】替用户承担配送费:2.3元,-,-,-,2.00,台州区域,台州加盟,,,否,-,平台配送
圣比萨（玉环陈屿店）,SBM00037,台州,"8027586089418752438	",饿了么,平台外卖,已退款,2025-10-23 18:18:22,2025-10-23 18:18:22,2025-10-23 18:18:22,饿了么支付-在线支付,,即时单,2025-10-23 18:18:22,,未出餐,1,否,"【任选】披萨随心配（39.70*1）,餐盒（2.00*1）",小可乐+碳烤鸡肉培根披萨(7英寸(手拍))+经典薯条,,,,非会员,18,,,依据餐量提供餐具,"餐厅同意取消单 ",39.70,-19.58,7.00,41.00,0,0,2.28,0.00,17.30,【活动支出】店铺满减:1.00元+【活动支出】首次光顾立减:1.00元+【活动支出】饿了么红包:5.00元+【活动支出】替用户承担配送费:6.0元,-,-,-,2.00,台州区域,台州加盟,,,否,-,平台配送
圣比萨（玉环陈屿店）,SBM00037,台州,"8008576089396637974	",饿了么,平台外卖,已完成,2025-10-23 19:09:37,2025-10-23 19:09:37,2025-10-23 19:09:38,饿了么支付-在线支付,,即时单,2025-10-23 19:09:37,14.00,自动出餐,1,否,"【任选】披萨随心配（31.90*1）,餐盒（2.00*1）",小可乐+新奥尔良烤鸡肉披萨(7英寸(手拍))+蛋挞,,,,非会员,19,,,依据餐量提供餐具,,31.90,18.21,6.00,0.00,0,0,1.79,0.00,3.80,【活动支出】首次光顾立减:1.00元+【活动支出】饿了么红包:0.00元+【活动支出】饿了么红包:5.00元+【活动支出】替用户承担配送费:3.8元,-,-,-,2.00,台州区域,台州加盟,,,否,-,平台配送
圣比萨（玉环陈屿店）,SBM00037,台州,"8065430255448276339	",饿了么,平台外卖,已完成,2025-10-23 19:34:09,2025-10-23 19:34:09,2025-10-23 19:34:09,饿了么支付-在线支付,,即时单,2025-10-23 19:34:09,13.02,自动出餐,1,否,"【随心❤️拼】7英寸双拼披萨（口味自选）[新奥尔良烤鸡肉+浪漫威尼斯]（27.90*1）,奶酪芝士卷边（7英寸）（4.90*1）,餐盒（2.00*1）",双拼7寸【奥尔良口味7】+双拼7寸【浪漫威尼斯口味7】+奶酪芝士卷边7,,,,非会员,20,,,1份餐具,,32.80,20.49,6.00,0.00,0,0,1.91,0.00,2.30,【活动支出】首次光顾立减:1.00元+【活动支出】饿了么红包:5.00元+【活动支出】替用户承担配送费:2.3元,-,-,-,2.00,台州区域,台州加盟,,,否,-,平台配送
圣比萨（玉环陈屿店）,SBM00037,台州,"8065090255653238108	",饿了么,平台外卖,已完成,2025-10-23 20:02:27,2025-10-23 20:02:27,2025-10-23 20:02:27,饿了么支付-在线支付,,即时单,2025-10-23 20:02:27,13.23,自动出餐,1,否,"【随心❤️拼】7英寸双拼披萨（口味自选）[新奥尔良烤鸡肉+碳烤鸡肉培根]（27.90*1）,点击右上角❤️免费得小吃（限一份，多点不送）[上校鸡块2个]（0.20*1）,餐盒（2.00*1）",双拼7寸【奥尔良口味7】+双拼7寸【碳烤鸡肉培根口味7】+上校鸡块2个,,,,非会员,21,,,1份餐具,,28.10,16.83,6.00,0.00,0,0,1.57,0.00,2.30,【活动支出】首次光顾立减:1.00元+【活动支出】饿了么红包:5.00元+【活动支出】替用户承担配送费:2.3元,-,-,-,2.00,台州区域,台州加盟,,,否,-,平台配送
圣比萨（玉环陈屿店）,SBM00037,台州,"8055636089453318606	",饿了么,平台外卖,已完成,2025-10-23 20:09:35,2025-10-23 20:09:35,2025-10-23 20:09:36,饿了么支付-在线支付,,即时单,2025-10-23 20:09:35,13.18,自动出餐,1,否,"【任选】披萨随心配（44.70*1）,明星小食桶任选3（20.70*1）,餐盒（3.00*1）",小可乐+大圣招牌大满贯披萨(7英寸(手拍))+蛋挞+地道肠1根+经典薯条+盐酥鸡粒,,,,非会员,22,,,不用打电话直接放门口 谢谢 / 1份餐具,,65.40,41.98,13.00,0.00,0,0,3.82,0.00,2.30,【活动支出】店铺满减:6.00元+【活动支出】下单返红包:2.00元+【活动支出】饿了么红包:5.00元+【活动支出】替用户承担配送费:2.3元,-,-,-,3.00,台州区域,台州加盟,,,否,-,平台配送
圣比萨（玉环陈屿店）,SBM00037,台州,"8021596089455788470	",饿了么,平台外卖,已完成,2025-10-23 20:36:15,2025-10-23 20:36:15,2025-10-23 20:36:15,饿了么支付-在线支付,,即时单,2025-10-23 20:36:15,13.03,自动出餐,1,否,"奶酪芝士卷边（7英寸）（4.90*1）,新奥尔良烤鸡肉披萨-7英寸(手拍)[{""name"":""规格"",""value"":""7英寸(手拍)""}]（25.90*1）,餐盒（2.00*1）",奶酪芝士卷边7+新奥尔良烤鸡肉披萨,,,,非会员,23,,,2份餐具,,30.80,18.41,7.00,0.00,0,0,1.69,0.00,2.30,【活动支出】下单返红包:2.00元+【活动支出】饿了么红包:5.00元+【活动支出】替用户承担配送费:2.3元,-,-,-,2.00,台州区域,台州加盟,,,否,-,平台配送
圣比萨（玉环陈屿店）,SBM00037,台州,"8097886089465676205	",饿了么,平台外卖,已完成,2025-10-23 20:42:25,2025-10-23 20:42:25,2025-10-23 20:42:25,饿了么支付-在线支付,,即时单,2025-10-23 20:42:25,13.05,自动出餐,1,否,"奶酪芝士卷边（7英寸）（4.90*1）,芝士翻倍（仅圆形披萨）-7英寸[{""name"":""规格"",""value"":""7英寸""}]（4.90*1）,玉米沙拉披萨-7英寸(手拍)[{""name"":""规格"",""value"":""7英寸(手拍)""}]（25.90*1）,餐盒（2.00*1）",奶酪芝士卷边7+芝士加倍+玉米沙拉披萨,,,,非会员,24,,,1份餐具,,35.70,22.26,7.00,0.00,0,0,2.04,0.00,2.30,【活动支出】下单返红包:2.00元+【活动支出】饿了么红包:5.00元+【活动支出】替用户承担配送费:2.3元,-,-,-,2.00,台州区域,台州加盟,,,否,-,平台配送
圣比萨（玉环陈屿店）,SBM00037,台州,"8023410255665658194	",饿了么,平台外卖,已完成,2025-10-23 20:43:28,2025-10-23 20:43:28,2025-10-23 20:43:28,饿了么支付-在线支付,,即时单,2025-10-23 20:43:28,13.00,自动出餐,1,否,"大圣小鸡肉串（9.90*1）,【任选】披萨随心配（35.80*1）,餐盒（3.00*1）",大圣小鸡肉串（20串）+小可乐+金沙咸蛋黄嫩鸡披萨(7英寸(手拍))+蛋挞,,,,非会员,25,,,依据餐量提供餐具,,45.70,29.21,9.00,0.00,0,0,2.69,0.00,2.30,【活动支出】店铺满减:1.00元+【活动支出】超级会员专享红包:5.00元+【活动支出】订单集点返红包:3.00元+【活动支出】替用户承担配送费:2.3元,-,-,-,3.00,台州区域,台州加盟,,,否,-,平台配送
圣比萨（玉环陈屿店）,SBM00037,台州,"8046986089500420401	",饿了么,平台外卖,已完成,2025-10-23 21:53:07,2025-10-23 21:53:07,2025-10-23 21:53:07,饿了么支付-在线支付,,即时单,2025-10-23 21:53:07,13.18,自动出餐,1,否,"【随心❤️拼】7英寸双拼披萨（口味自选）[碳烤鸡肉培根+新奥尔良烤鸡肉]（27.90*1）,奶酪芝士卷边（7英寸）（4.90*1）,可口可乐[冷]（5.00*1）,餐盒（2.00*1）",双拼7寸【碳烤鸡肉培根口味7】+双拼7寸【奥尔良口味7】+奶酪芝士卷边7+小可乐,,,,非会员,26,,,依据餐量提供餐具,,37.80,23.05,7.00,0.00,0,0,2.15,0.00,3.30,【活动支出】店铺满减:1.00元+【活动支出】首次光顾立减:1.00元+【活动支出】超会爆红包省钱包:5.00元+【活动支出】替用户承担配送费:3.3元,-,-,-,2.00,台州区域,台州加盟,,,否,-,平台配送
圣比萨·披萨·炸鸡（阜宁益林店）,SBS00039,盐城,"8086976089189249483	",饿了么,平台外卖,已完成,2025-10-23 11:20:10,2025-10-23 11:20:10,2025-10-23 11:20:10,饿了么支付-在线支付,,即时单,2025-10-23 11:20:10,9.12,手动出餐,1,否,大圣香肠披萨-单点（14.40*1）,大圣香肠披萨-单点,,,,非会员,1,,,依据餐量提供餐具,,14.40,9.90,0.00,0.00,0,0,0.00,0.00,,【活动支出】单品优惠:0.00元,-,-,-,0.00,江苏区域,江苏直营店,,,否,-,平台配送
圣比萨·披萨·炸鸡（阜宁益林店）,SBS00039,盐城,"8008506089189613995	",饿了么,平台外卖,已完成,2025-10-23 11:38:31,2025-10-23 11:38:31,2025-10-23 11:38:32,饿了么支付-在线支付,,即时单,2025-10-23 11:38:31,9.08,手动出餐,1,否,"大圣香肠一串[甘梅]（8.50*1）,日系照烧鸡披萨-9英寸(手拍)[{""name"":""规格"",""value"":""9英寸(手拍)""}]（36.90*1）,餐盒（0.50*1）",日系照烧鸡披萨,,,,非会员,2,,,依据餐量提供餐具,,45.40,24.52,7.00,0.00,0,0,3.21,0.00,4.00,【活动支出】店铺满减:1.00元+【活动支出】饿了么红包:6.00元+【活动支出】替用户承担配送费:4.0元,-,-,-,0.50,江苏区域,江苏直营店,,,否,-,平台配送
圣比萨·披萨·炸鸡（阜宁益林店）,SBS00039,盐城,"8011230255328109966	",饿了么,平台外卖,已完成,2025-10-23 11:41:20,2025-10-23 11:41:20,2025-10-23 11:41:20,饿了么支付-在线支付,,即时单,2025-10-23 11:41:20,8.83,手动出餐,1,否,大圣香肠披萨-单点（14.40*1）,大圣香肠披萨-单点,,,,非会员,3,,,依据餐量提供餐具,,14.40,9.90,0.00,0.00,0,0,0.00,0.00,,【活动支出】单品优惠:0.00元,-,-,-,0.00,江苏区域,江苏直营店,,,否,-,平台配送
圣比萨·披萨·炸鸡（阜宁益林店）,SBS00039,盐城,"8001170255259902365	",饿了么,平台外卖,已完成,2025-10-23 12:18:12,2025-10-23 12:18:12,2025-10-23 12:18:12,饿了么支付-在线支付,,即时单,2025-10-23 12:18:12,8.68,手动出餐,1,否,大圣香肠披萨-单点（14.40*1）,大圣香肠披萨-单点,,,,非会员,4,,,依据餐量提供餐具,,14.40,9.90,0.00,0.00,0,0,0.00,0.00,,【活动支出】单品优惠:0.00元,-,-,-,0.00,江苏区域,江苏直营店,,,否,-,平台配送
圣比萨·披萨·炸鸡（阜宁益林店）,SBS00039,盐城,"8031846089306077603	",饿了么,平台外卖,已完成,2025-10-23 13:37:14,2025-10-23 13:37:14,2025-10-23 13:37:15,饿了么支付-在线支付,,即时单,2025-10-23 13:37:14,9.07,手动出餐,1,否,大圣香肠披萨-单点（14.40*1）,大圣香肠披萨-单点,,,,非会员,5,,,外卖放门口就行，谢谢哈 / 依据餐量提供餐具,,14.40,9.90,0.00,0.00,0,0,0.00,0.00,,【活动支出】单品优惠:0.00元,-,-,-,0.00,江苏区域,江苏直营店,,,否,-,平台配送
圣比萨·披萨·炸鸡（阜宁益林店）,SBS00039,盐城,"8018626089321741640	",饿了么,平台外卖,已完成,2025-10-23 14:16:15,2025-10-23 14:16:15,2025-10-23 14:16:16,饿了么支付-在线支付,,即时单,2025-10-23 14:16:15,15.13,自动出餐,1,否,"大圣招牌大满贯披萨-9英寸(手拍)[{""name"":""规格"",""value"":""9英寸(手拍)""}]（46.90*1）",大圣招牌大满贯披萨,,,,非会员,6,,,"放门口就好！,放门口就好！ / 依据餐量提供餐具",,46.90,25.28,7.00,0.00,0,0,3.28,0.00,4.00,【活动支出】店铺满减:1.00元+【活动支出】饿了么红包:6.00元+【活动支出】替用户承担配送费:4.0元,-,-,-,0.00,江苏区域,江苏直营店,,,否,-,平台配送
圣比萨·披萨·炸鸡（阜宁益林店）,SBS00039,盐城,"8025516089329935763	",饿了么,平台外卖,已完成,2025-10-23 14:50:37,2025-10-23 14:50:37,2025-10-23 14:50:37,饿了么支付-在线支付,,即时单,2025-10-23 14:50:37,12.12,手动出餐,1,否,"咸蛋黄风味流沙卷边（7英寸）（4.90*1）,大圣招牌大满贯披萨-7英寸(手拍)[{""name"":""规格"",""value"":""7英寸(手拍)""}]（36.90*1）",咸蛋黄流沙卷边7+大圣招牌大满贯披萨,,,,非会员,7,,,放门里面就行 / 依据餐量提供餐具,,41.80,21.63,6.75,0.00,0,0,2.93,0.00,4.00,【活动支出】店铺满减:1.00元+【活动支出】饿了么红包:5.75元+【活动支出】替用户承担配送费:4.0元,-,-,-,0.00,江苏区域,江苏直营店,,,否,-,平台配送
圣比萨·披萨·炸鸡（阜宁益林店）,SBS00039,盐城,"8093606089325577600	",饿了么,平台外卖,已完成,2025-10-23 15:46:03,2025-10-23 15:46:03,2025-10-23 15:46:03,饿了么支付-在线支付,,即时单,2025-10-23 15:46:03,5.78,手动出餐,1,否,"小鸡肉串（20串）+芝士棒-单点[{""name"":""规格"",""value"":""单点""}]（13.50*1）","小鸡肉串（20串）+芝士棒-单点[{""name"":""规格"",""value"":""单点""}]",,,,非会员,8,,,-,,13.50,9.00,0.00,0.00,0,0,0.00,0.00,,【活动支出】单品优惠:0.00元,-,-,-,0.00,江苏区域,江苏直营店,,,否,-,平台配送
圣比萨·披萨·炸鸡（阜宁益林店）,SBS00039,盐城,"8093606089325577599	",饿了么,平台外卖,已完成,2025-10-23 15:46:03,2025-10-23 15:46:03,2025-10-23 15:46:03,饿了么支付-在线支付,,即时单,2025-10-23 15:46:03,8.87,手动出餐,1,否,"大圣香肠披萨-单点[{""name"":""规格"",""value"":""单点""}]（14.40*1）","大圣香肠披萨-单点[{""name"":""规格"",""value"":""单点""}]",,,,非会员,9,,,-,,14.40,9.90,0.00,0.00,0,0,0.00,0.00,,【活动支出】单品优惠:0.00元,-,-,-,0.00,江苏区域,江苏直营店,,,否,-,平台配送
圣比萨·披萨·炸鸡（阜宁益林店）,SBS00039,盐城,"8092220255531728172	",饿了么,平台外卖,已完成,2025-10-23 15:58:19,2025-10-23 15:58:19,2025-10-23 15:58:20,饿了么支付-在线支付,,即时单,2025-10-23 15:58:19,0.28,手动出餐,1,否,大圣水果披萨-单点（14.40*1）,大圣水果披萨-单点,,,,非会员,10,,,依据餐量提供餐具,,14.40,9.90,0.00,0.00,0,0,0.00,0.00,,【活动支出】单品优惠:0.00元,-,-,-,0.00,江苏区域,江苏直营店,,,否,-,平台配送
圣比萨·披萨·炸鸡（阜宁益林店）,SBS00039,盐城,"8092220255439503863	",饿了么,平台外卖,已完成,2025-10-23 15:58:24,2025-10-23 15:58:24,2025-10-23 15:58:24,饿了么支付-在线支付,,即时单,2025-10-23 15:58:24,10.80,手动出餐,1,否,大圣鸡排*2+香肠*1-单点[孜然]（14.40*1）,大圣鸡排*2+香肠*1-单点[孜然],,,,非会员,11,,,依据餐量提供餐具,,14.40,9.90,0.00,0.00,0,0,0.00,0.00,,【活动支出】单品优惠:0.00元,-,-,-,0.00,江苏区域,江苏直营店,,,否,-,平台配送
圣比萨·披萨·炸鸡（阜宁益林店）,SBS00039,盐城,"8072210255531096481	",饿了么,平台外卖,已完成,2025-10-23 15:58:38,2025-10-23 15:58:38,2025-10-23 15:58:38,饿了么支付-在线支付,,即时单,2025-10-23 15:58:38,11.98,手动出餐,1,否,"新奥尔良烤鸡肉披萨-7英寸(手拍)[{""name"":""规格"",""value"":""7英寸(手拍)""}]（28.90*1）,招牌鸡排套餐[香辣]（26.90*1）,咸蛋黄风味流沙卷边（7英寸）（4.90*1）,餐盒（1.00*1）",新奥尔良烤鸡肉披萨+咸蛋黄流沙卷边7,,,,非会员,12,,,2份餐具,,60.70,33.94,8.00,0.00,0,0,4.32,0.00,8.00,【活动支出】店铺满减:2.00元+【活动支出】饿了么红包:6.00元+【活动支出】替用户承担配送费:8.0元,-,-,-,1.00,江苏区域,江苏直营店,,,否,-,平台配送
圣比萨·披萨·炸鸡（阜宁益林店）,SBS00039,盐城,"8009536089355249114	",饿了么,平台外卖,已完成,2025-10-23 16:18:15,2025-10-23 16:18:15,2025-10-23 16:18:15,饿了么支付-在线支付,,即时单,2025-10-23 16:18:15,9.18,手动出餐,1,否,"芝士棒（8.50*1）,盒子披萨三选一[奥尔良风情烤鸡肉]（28.90*1）,餐盒（0.50*1）",大圣拉丝芝士棒+奥尔良风情烤鸡肉一人食盒子披萨,,,,非会员,13,,,依据餐量提供餐具,,37.40,20.52,5.00,0.00,0,0,2.65,0.00,4.00,【活动支出】饿了么红包:5.00元+【活动支出】替用户承担配送费:4.0元,-,-,-,0.50,江苏区域,江苏直营店,,,否,-,平台配送
圣比萨·披萨·炸鸡（阜宁益林店）,SBS00039,盐城,"8081816089365931401	",饿了么,平台外卖,已完成,2025-10-23 17:34:49,2025-10-23 17:34:49,2025-10-23 17:34:49,饿了么支付-在线支付,,即时单,2025-10-23 17:34:49,8.03,手动出餐,1,否,"可口可乐[冷]（6.00*2）,新奥尔良烤鸡肉披萨-7英寸(手拍)[{""name"":""规格"",""value"":""7英寸(手拍)""}]（28.90*1）,大圣嫩鸡肉串（3串）（16.90*1）,大圣香肠一串[孜然]（8.50*1）,经典薯条（8.90*1）,餐盒（1.50*1）",小可乐+新奥尔良烤鸡肉披萨+经典薯条,,,,非会员,14,,,依据餐量提供餐具,,75.20,43.44,10.00,0.00,0,0,5.37,0.00,7.00,【活动支出】店铺满减:2.00元+【活动支出】饿了么红包:8.00元+【活动支出】替用户承担配送费:5.0元,-,-,-,1.50,江苏区域,江苏直营店,,,否,-,平台配送
圣比萨·披萨·炸鸡（阜宁益林店）,SBS00039,盐城,"8042686089400588797	",饿了么,平台外卖,已完成,2025-10-23 17:50:27,2025-10-23 17:50:27,2025-10-23 17:50:27,饿了么支付-在线支付,,即时单,2025-10-23 17:50:27,10.43,手动出餐,1,否,"新奥尔良烤鸡肉披萨-7英寸(手拍)[{""name"":""规格"",""value"":""7英寸(手拍)""}]（28.90*1）,红薯薯泥流心卷边（7英寸）（4.90*1）",新奥尔良烤鸡肉披萨+红薯泥流心卷边7,,,,非会员,15,,,依据餐量提供餐具,,33.80,17.54,5.00,0.00,0,0,2.37,0.00,4.00,【活动支出】饿了么红包:5.00元+【活动支出】替用户承担配送费:4.0元,-,-,-,0.00,江苏区域,江苏直营店,,,否,-,平台配送
圣比萨·披萨·炸鸡（阜宁益林店）,SBS00039,盐城,"8073866089390658836	",饿了么,平台外卖,已完成,2025-10-23 18:02:52,2025-10-23 18:02:52,2025-10-23 18:02:52,饿了么支付-在线支付,,即时单,2025-10-23 18:02:52,10.12,手动出餐,1,否,"新奥尔良烤鸡肉披萨-7英寸(手拍)[{""name"":""规格"",""value"":""7英寸(手拍)""}]（28.90*1）,奶酪芝士卷边（7英寸）（4.90*1）",新奥尔良烤鸡肉披萨+奶酪芝士卷边7,,,,非会员,16,,,依据餐量提供餐具,,33.80,15.89,5.00,0.00,0,0,2.37,0.00,8.00,【活动支出】饿了么红包:5.00元+【活动支出】替用户承担配送费:5.0元,-,-,-,0.00,江苏区域,江苏直营店,,,否,-,平台配送
圣比萨·披萨·炸鸡（阜宁益林店）,SBS00039,盐城,"8023430255407641024	",饿了么,平台外卖,已完成,2025-10-23 18:12:55,2025-10-23 18:12:55,2025-10-23 18:12:55,饿了么支付-在线支付,,即时单,2025-10-23 18:12:55,11.58,手动出餐,1,否,"新奥尔良烤鸡肉披萨-7英寸(手拍)[{""name"":""规格"",""value"":""7英寸(手拍)""}]（28.90*1）,奶酪芝士卷边（7英寸）（4.90*1）",新奥尔良烤鸡肉披萨+奶酪芝士卷边7,,,,非会员,17,,,2份餐具,,33.80,17.54,5.00,0.00,0,0,2.37,0.00,4.00,【活动支出】饿了么红包:5.00元+【活动支出】替用户承担配送费:4.0元,-,-,-,0.00,江苏区域,江苏直营店,,,否,-,平台配送
圣比萨·披萨·炸鸡（阜宁益林店）,SBS00039,盐城,"8031390255602120110	",饿了么,平台外卖,已完成,2025-10-23 18:27:29,2025-10-23 18:27:29,2025-10-23 18:27:29,饿了么支付-在线支付,,即时单,2025-10-23 18:27:29,11.03,手动出餐,1,否,"新奥尔良烤鸡肉披萨-7英寸(手拍)[{""name"":""规格"",""value"":""7英寸(手拍)""}]（28.90*1）,咸蛋黄风味流沙卷边（7英寸）（4.90*1）,大圣鸡排[孜然]（6.90*1）,点击右上角❤️免费得小吃（限一份，多点不送）[上校鸡块2个]（0.00*1）,经典薯条（8.90*1）,餐盒（1.00*1）",新奥尔良烤鸡肉披萨+咸蛋黄流沙卷边7+大圣鸡排+上校鸡块2个+经典薯条,,,,非会员,18,,,记得多拿几袋番茄酱，谢谢！ / 1份餐具,,49.60,28.04,7.00,0.00,0,0,3.54,0.00,4.00,【活动支出】店铺满减:1.00元+【活动支出】饿了么红包:6.00元+【活动支出】替用户承担配送费:4.0元,-,-,-,1.00,江苏区域,江苏直营店,,,否,-,平台配送
圣比萨·披萨·炸鸡（阜宁益林店）,SBS00039,盐城,"8003040255432400246	",饿了么,平台外卖,已完成,2025-10-23 18:48:43,2025-10-23 18:48:43,2025-10-23 18:48:44,饿了么支付-在线支付,,即时单,2025-10-23 18:48:43,10.22,手动出餐,1,否,大圣香肠披萨-单点（14.40*1）,大圣香肠披萨-单点,,,,非会员,19,,,依据餐量提供餐具,,14.40,9.90,0.00,0.00,0,0,0.00,0.00,,【活动支出】单品优惠:0.00元,-,-,-,0.00,江苏区域,江苏直营店,,,否,-,平台配送
圣比萨·披萨·炸鸡（阜宁益林店）,SBS00039,盐城,"8053646089388187955	",饿了么,平台外卖,已完成,2025-10-23 18:53:08,2025-10-23 18:53:08,2025-10-23 18:53:08,饿了么支付-在线支付,,即时单,2025-10-23 18:53:08,13.18,手动出餐,1,否,"咸蛋黄风味流心卷边（9英寸）（6.90*1）,大圣招牌大满贯披萨-9英寸(手拍)[{""name"":""规格"",""value"":""9英寸(手拍)""}]（46.90*1）",咸蛋黄流沙卷边9+大圣招牌大满贯披萨,,,,非会员,20,,,依据餐量提供餐具,,53.80,29.90,7.00,0.00,0,0,3.77,0.00,6.00,【活动支出】店铺满减:1.00元+【活动支出】饿了么红包:6.00元+【活动支出】替用户承担配送费:5.0元,-,-,-,0.00,江苏区域,江苏直营店,,,否,-,平台配送
圣比萨·披萨·炸鸡（阜宁益林店）,SBS00039,盐城,"8065576089385331070	",饿了么,平台外卖,已完成,2025-10-23 18:56:30,2025-10-23 18:56:30,2025-10-23 18:56:31,饿了么支付-在线支付,,即时单,2025-10-23 18:56:30,9.83,手动出餐,1,否,"新奥尔良烤鸡肉披萨-9英寸(手拍)[{""name"":""规格"",""value"":""9英寸(手拍)""}]（36.90*1）,咸蛋黄风味流心卷边（9英寸）（6.90*1）,点击右上角❤️免费得小吃（限一份，多点不送）[上校鸡块2个]（0.00*1）",新奥尔良烤鸡肉披萨+咸蛋黄流沙卷边9+上校鸡块2个,,,,非会员,21,,,依据餐量提供餐具,,43.80,22.90,7.00,0.00,0,0,3.07,0.00,4.00,【活动支出】店铺满减:1.00元+【活动支出】饿了么红包:6.00元+【活动支出】替用户承担配送费:4.0元,-,-,-,0.00,江苏区域,江苏直营店,,,否,-,平台配送
圣比萨·披萨·炸鸡（阜宁益林店）,SBS00039,盐城,"8038856089425606042	",饿了么,平台外卖,已完成,2025-10-23 19:15:04,2025-10-23 19:15:04,2025-10-23 19:15:04,饿了么支付-在线支付,,即时单,2025-10-23 19:15:04,6.40,手动出餐,1,否,大圣鸡排*2+香肠*1-单点[孜然]（14.40*1）,大圣鸡排*2+香肠*1-单点[孜然],,,,非会员,22,,,依据餐量提供餐具,,14.40,9.90,0.00,0.00,0,0,0.00,0.00,,【活动支出】单品优惠:0.00元,-,-,-,0.00,江苏区域,江苏直营店,,,否,-,平台配送
圣比萨·披萨·炸鸡（阜宁益林店）,SBS00039,盐城,"8074826089449556420	",饿了么,平台外卖,已完成,2025-10-23 20:24:58,2025-10-23 20:24:58,2025-10-23 20:24:58,饿了么支付-在线支付,,即时单,2025-10-23 20:24:58,12.05,手动出餐,1,否,大圣香肠披萨-单点（14.40*1）,大圣香肠披萨-单点,,,,非会员,23,,,依据餐量提供餐具,,14.40,9.90,0.00,0.00,0,0,0.00,0.00,,【活动支出】单品优惠:0.00元,-,-,-,0.00,江苏区域,江苏直营店,,,否,-,平台配送
圣比萨·披萨·炸鸡（阜宁益林店）,SBS00039,盐城,"8010030255659153846	",饿了么,平台外卖,已完成,2025-10-23 20:26:00,2025-10-23 20:26:00,2025-10-23 20:26:01,饿了么支付-在线支付,,即时单,2025-10-23 20:26:00,9.68,手动出餐,1,否,"碳烤鸡肉培根披萨-7英寸(手拍)[{""name"":""规格"",""value"":""7英寸(手拍)""}]（28.90*1）,奶酪芝士卷边（7英寸）（4.90*1）",碳烤鸡肉培根披萨+奶酪芝士卷边7,,,,非会员,24,,,依据餐量提供餐具,,33.80,17.54,5.00,0.00,0,0,2.37,0.00,4.00,【活动支出】饿了么红包:5.00元+【活动支出】替用户承担配送费:4.0元,-,-,-,0.00,江苏区域,江苏直营店,,,否,-,平台配送
圣比萨·披萨·炸鸡（阜宁益林店）,SBS00039,盐城,"8069320255562892755	",饿了么,平台外卖,已完成,2025-10-23 20:42:47,2025-10-23 20:42:47,2025-10-23 20:42:47,饿了么支付-在线支付,,即时单,2025-10-23 20:42:47,5.20,手动出餐,1,否,大圣鸡排*2+香肠*1-单点[孜然]（14.40*1）,大圣鸡排*2+香肠*1-单点[孜然],,,,非会员,25,,,依据餐量提供餐具,,14.40,9.90,0.00,0.00,0,0,0.00,0.00,,【活动支出】单品优惠:0.00元,-,-,-,0.00,江苏区域,江苏直营店,,,否,-,平台配送
圣比萨·披萨·炸鸡（阜宁益林店）,SBS00039,盐城,"8081616089449015615	",饿了么,平台外卖,已完成,2025-10-23 21:46:40,2025-10-23 21:46:40,2025-10-23 21:46:41,饿了么支付-在线支付,,即时单,2025-10-23 21:46:40,8.87,手动出餐,1,否,"日系照烧鸡披萨-7英寸(手拍)[{""name"":""规格"",""value"":""7英寸(手拍)""}]（28.90*1）,奶酪芝士卷边（7英寸）（4.90*1）",日系照烧鸡披萨+奶酪芝士卷边7,,,,非会员,26,,,依据餐量提供餐具,,33.80,17.54,5.00,0.00,0,0,2.37,0.00,4.00,【活动支出】饿了么红包:5.00元+【活动支出】替用户承担配送费:4.0元,-,-,-,0.00,江苏区域,江苏直营店,,,否,-,平台配送
圣比萨·披萨·炸鸡（阜宁益林店）,SBS00039,盐城,"8064340255495578106	",饿了么,平台外卖,已完成,2025-10-23 22:07:31,2025-10-23 22:07:31,2025-10-23 22:07:31,饿了么支付-在线支付,,即时单,2025-10-23 22:07:31,6.63,手动出餐,1,否,"招牌鸡排套餐[香辣]（26.90*1）,餐盒（1.00*1）",招牌鸡排套餐[香辣]+餐盒,,,,非会员,27,,,依据餐量提供餐具,,26.90,13.42,5.00,0.00,0,0,1.95,0.00,5.00,【活动支出】饿了么红包:5.00元+【活动支出】替用户承担配送费:5.0元,-,-,-,1.00,江苏区域,江苏直营店,,,否,-,平台配送
圣比萨·披萨·炸鸡（阜宁益林店）,SBS00039,盐城,"8078966089485172171	",饿了么,平台外卖,已完成,2025-10-23 22:56:09,2025-10-23 22:56:09,2025-10-23 22:56:09,饿了么支付-在线支付,,即时单,2025-10-23 22:56:09,15.02,自动出餐,1,否,"大圣香肠披萨-单点[{""name"":""规格"",""value"":""单点""}]（14.40*1）","大圣香肠披萨-单点[{""name"":""规格"",""value"":""单点""}]",,,,非会员,28,,,放门面,,14.40,9.90,0.00,0.00,0,0,0.00,0.00,,【活动支出】单品优惠:0.00元,-,-,-,0.00,江苏区域,江苏直营店,,,否,-,平台配送
圣比萨（温大C区店）,SBS00031,温州,"8010696088483586514	",饿了么,平台外卖,已完成,2025-10-21 15:58:49,2025-10-21 15:58:49,2025-10-21 15:58:49,饿了么支付-在线支付,,预约单,2025-10-23 12:20:00,2616.32,自动出餐,1,否,"外卖柜取餐【有短信或者电话通知】（0.00*1）,烤奥尔良鸡肉手握披萨（32.00*1）,餐盒（1.00*1）",楼下自取+烤奥尔良鸡肉手握披萨,,,,非会员,1,,,依据餐量提供餐具；手机尾号：1670；送上楼,,32.00,11.98,17.10,0.00,0,0,0.72,0.00,1.60,【活动支出】单品特价:10.10元+【活动支出】饿了么红包:5.00元+【活动支出】 商家自营销加码:2.00元+【活动支出】CPS商户叠加券:0.00元+【活动支出】替用户承担配送费:1.6元,-,-,-,1.00,温州区域,温州直营,,,否,-,平台配送
圣比萨（温大C区店）,SBS00031,温州,"8079290254893085141	",饿了么,平台外卖,已完成,2025-10-22 11:16:21,2025-10-22 11:16:21,2025-10-22 11:16:21,饿了么支付-在线支付,,预约单,2025-10-23 11:00:00,1378.85,自动出餐,1,否,"夏威夷风情手握披萨（35.00*1）,送餐上楼【下午1-4点晚上7点之后放外卖柜】（0.00*1）,餐盒（1.00*1）",夏威夷风情手握披萨+送餐上楼,,,,非会员,2,,,依据餐量提供餐具；手机尾号：3164；送上楼,,35.00,11.98,20.10,0.00,0,0,0.72,0.00,1.60,【活动支出】单品特价:13.10元+【活动支出】饿了么红包:7.00元+【活动支出】淘金币:0.00元+【活动支出】替用户承担配送费:1.6元,-,-,-,1.00,温州区域,温州直营,,,否,-,平台配送
圣比萨（温大C区店）,SBS00031,温州,"8029726089145055542	",饿了么,平台外卖,已完成,2025-10-23 10:05:38,2025-10-23 10:05:38,2025-10-23 10:05:38,饿了么支付-在线支付,,即时单,2025-10-23 10:05:38,10.20,自动出餐,1,否,蛋挞2个-单点（8.51*1）,蛋挞,,,,非会员,3,,,依据餐量提供餐具；手机尾号：6252；送上楼,,8.51,4.90,0.00,0.00,0,0,0.00,0.00,,【活动支出】拼团反圈活动:0.00元,-,-,-,0.00,温州区域,温州直营,,,否,-,平台配送
圣比萨（温大C区店）,SBS00031,温州,"8094150255155429638	",饿了么,平台外卖,已完成,2025-10-23 10:07:06,2025-10-23 10:07:06,2025-10-23 10:07:06,饿了么支付-在线支付,,即时单,2025-10-23 10:07:06,10.02,自动出餐,1,否,蛋挞2个-单点（8.51*1）,蛋挞,,,,非会员,4,,,依据餐量提供餐具；手机尾号：6205；送上楼,,8.51,4.90,0.00,0.00,0,0,0.00,0.00,,【活动支出】拼团反圈活动:0.00元,-,-,-,0.00,温州区域,温州直营,,,否,-,平台配送
圣比萨（温大C区店）,SBS00031,温州,"8026696089147997441	",饿了么,平台外卖,已完成,2025-10-23 10:09:42,2025-10-23 10:09:42,2025-10-23 10:09:42,饿了么支付-在线支付,,即时单,2025-10-23 10:09:42,10.17,自动出餐,1,否,圣BBQ烤鸡肉手握披萨+冰凉粉+上楼-单点-高校配（14.61*1）,烤奥尔良鸡肉手握披萨+冰凉粉,,,,非会员,5,,,E6 601 6409 / 依据餐量提供餐具；手机尾号：6409；送上楼,,14.61,9.60,1.40,0.00,0,0,0.00,0.00,,【活动支出】拼团正招玩法:1.40元,-,-,-,0.00,温州区域,温州直营,,,否,-,平台配送
圣比萨（温大C区店）,SBS00031,温州,"8060010255157815670	",饿了么,平台外卖,已完成,2025-10-23 10:09:42,2025-10-23 10:09:42,2025-10-23 10:09:42,饿了么支付-在线支付,,即时单,2025-10-23 10:09:42,10.05,自动出餐,1,否,圣BBQ烤鸡肉手握披萨+冰凉粉+上楼-单点-高校配（14.61*1）,烤奥尔良鸡肉手握披萨+冰凉粉,,,,非会员,6,,,依据餐量提供餐具；手机尾号：0527；送上楼,,14.61,9.60,1.40,0.00,0,0,0.00,0.00,,【活动支出】拼团正招玩法:1.40元,-,-,-,0.00,温州区域,温州直营,,,否,-,平台配送
圣比萨（温大C区店）,SBS00031,温州,"8014776089134789963	",饿了么,平台外卖,已完成,2025-10-23 10:18:43,2025-10-23 10:18:43,2025-10-23 10:18:44,饿了么支付-在线支付,,即时单,2025-10-23 10:18:43,10.03,自动出餐,1,否,圣BBQ烤鸡肉手握披萨+冰凉粉+上楼-单点-高校配（14.61*1）,烤奥尔良鸡肉手握披萨+冰凉粉,,,,非会员,7,,,依据餐量提供餐具；手机尾号：0231；送上楼,,14.61,9.60,1.40,0.00,0,0,0.00,0.00,,【活动支出】拼团正招玩法:1.40元,-,-,-,0.00,温州区域,温州直营,,,否,-,平台配送
圣比萨（温大C区店）,SBS00031,温州,"8050070255259431408	",饿了么,平台外卖,已完成,2025-10-23 10:26:25,2025-10-23 10:26:25,2025-10-23 10:26:26,饿了么支付-在线支付,,即时单,2025-10-23 10:26:25,10.05,自动出餐,1,否,圣BBQ烤鸡肉手握披萨+冰凉粉+上楼-单点-高校配（14.61*1）,烤奥尔良鸡肉手握披萨+冰凉粉,,,,非会员,8,,,依据餐量提供餐具；手机尾号：0999；送上楼,,14.61,9.60,1.40,0.00,0,0,0.00,0.00,,【活动支出】拼团正招玩法:1.40元,-,-,-,0.00,温州区域,温州直营,,,否,-,平台配送
圣比萨（温大C区店）,SBS00031,温州,"8001060255258579446	",饿了么,平台外卖,已完成,2025-10-23 10:34:47,2025-10-23 10:34:47,2025-10-23 10:34:47,饿了么支付-在线支付,,预约单,2025-10-23 12:05:00,45.23,自动出餐,1,否,"外卖柜取餐【有短信或者电话通知】（0.00*1）,DIY单人套餐（主食小吃饮品自选）（48.00*1）,餐盒（1.00*1）",楼下自取+小雪碧+盐酥鸡粒+番茄牛肉意面,,,,非会员,9,,,对骑手放外卖柜/ 依据餐量提供餐具,,48.00,15.78,29.10,0.00,0,0,0.92,0.00,1.60,【活动支出】单品特价:20.10元+【活动支出】饿了么红包:7.00元+【活动支出】精准营销:2.00元+【活动支出】替用户承担配送费:1.6元,-,-,-,1.00,温州区域,温州直营,,,否,-,平台配送
圣比萨（温大C区店）,SBS00031,温州,"8086020255172646234	",饿了么,平台外卖,已完成,2025-10-23 10:34:54,2025-10-23 10:34:54,2025-10-23 10:34:55,饿了么支付-在线支付,,即时单,2025-10-23 10:34:54,10.22,自动出餐,1,否,"奥尔良烤翅-单点[{""name"":""规格"",""value"":""单点""}]（10.51*1）",奥尔良烤翅,,,,非会员,10,,,依据餐量提供；手机尾号：7874；送上楼 需要一起打包,,10.51,6.90,0.00,0.00,0,0,0.00,0.00,,【活动支出】拼团反圈活动:0.00元,-,-,-,0.00,温州区域,温州直营,,,否,-,平台配送
圣比萨（温大C区店）,SBS00031,温州,"8086020255172646236	",饿了么,平台外卖,已完成,2025-10-23 10:34:54,2025-10-23 10:34:54,2025-10-23 10:34:55,饿了么支付-在线支付,,即时单,2025-10-23 10:34:54,10.03,自动出餐,1,否,"蛋挞2个-单点[{""name"":""规格"",""value"":""单点""}]（8.51*1）",蛋挞,,,,非会员,11,,,依据餐量提供；手机尾号：7874；送上楼 需要一起打包,,8.51,4.90,0.00,0.00,0,0,0.00,0.00,,【活动支出】拼团反圈活动:0.00元,-,-,-,0.00,温州区域,温州直营,,,否,-,平台配送
圣比萨（温大C区店）,SBS00031,温州,"8086020255172646235	",饿了么,平台外卖,已完成,2025-10-23 10:34:55,2025-10-23 10:34:55,2025-10-23 10:34:55,饿了么支付-在线支付,,即时单,2025-10-23 10:34:55,10.00,自动出餐,1,否,"圣BBQ烤鸡肉手握披萨+冰凉粉+上楼-单点-高校配[{""name"":""规格"",""value"":""单点-高校配""}]（14.61*1）",烤奥尔良鸡肉手握披萨+冰凉粉,,,,非会员,12,,,依据餐量提供；手机尾号：7874；送上楼 需要一起打包,,14.61,9.60,1.40,0.00,0,0,0.00,0.00,,【活动支出】拼团正招玩法:1.40元,-,-,-,0.00,温州区域,温州直营,,,否,-,平台配送
圣比萨（温大C区店）,SBS00031,温州,"8002736089153223005	",饿了么,平台外卖,已完成,2025-10-23 10:36:40,2025-10-23 10:36:40,2025-10-23 10:36:40,饿了么支付-在线支付,,即时单,2025-10-23 10:36:40,10.15,自动出餐,1,否,"圣BBQ烤鸡肉手握披萨+冰凉粉+上楼-单点-高校配[{""name"":""规格"",""value"":""单点-高校配""}]（14.61*1）",烤奥尔良鸡肉手握披萨+冰凉粉,,,,非会员,13,,,依据餐量提供；手机尾号：9503；送上楼,,14.61,9.60,1.40,0.00,0,0,0.00,0.00,,【活动支出】拼团正招玩法:1.40元,-,-,-,0.00,温州区域,温州直营,,,否,-,平台配送
圣比萨（温大C区店）,SBS00031,温州,"8002736089153223004	",饿了么,平台外卖,已完成,2025-10-23 10:36:40,2025-10-23 10:36:40,2025-10-23 10:36:40,饿了么支付-在线支付,,即时单,2025-10-23 10:36:40,10.05,自动出餐,1,否,"番茄牛肉意面-单点[{""name"":""规格"",""value"":""单点""}]（12.64*1）",番茄牛肉意面,,,,非会员,14,,,依据餐量提供；手机尾号：9503；送上楼,,12.64,9.03,0.00,0.00,0,0,0.00,0.00,,【活动支出】拼团反圈活动:0.00元,-,-,-,0.00,温州区域,温州直营,,,否,-,平台配送
圣比萨（温大C区店）,SBS00031,温州,"8081170255368205573	",饿了么,平台外卖,已退款,2025-10-23 10:40:52,2025-10-23 10:40:52,2025-10-23 10:40:52,饿了么支付-在线支付,,即时单,2025-10-23 10:40:52,,未出餐,1,否,蛋挞2个-单点（8.51*1）,蛋挞,,,,非会员,15,,,依据餐量提供餐具；手机尾号：6937；送上楼,"餐厅同意取消单 ",8.51,2.20,0.00,2.70,0,0,0.00,0.00,,【活动支出】拼团反圈活动:0.00元,-,-,-,0.00,温州区域,温州直营,,,否,-,平台配送
圣比萨（温大C区店）,SBS00031,温州,"8023170255258652021	",饿了么,平台外卖,已完成,2025-10-23 10:40:57,2025-10-23 10:40:57,2025-10-23 10:40:57,饿了么支付-在线支付,,即时单,2025-10-23 10:40:57,10.17,自动出餐,1,否,圣BBQ烤鸡肉手握披萨+冰凉粉+上楼-单点-高校配（14.61*1）,烤奥尔良鸡肉手握披萨+冰凉粉,,,,非会员,16,,,对骑手，请尽量不要打电话，外卖放四号楼外卖柜，放不了就放门口架子或者地上，记得拍照谢谢 / 无需餐具；手机尾号：1871；送上楼,,14.61,9.60,1.40,0.00,0,0,0.00,0.00,,【活动支出】拼团正招玩法:1.40元,-,-,-,0.00,温州区域,温州直营,,,否,-,平台配送
圣比萨（温大C区店）,SBS00031,温州,"8042566089129809221	",饿了么,平台外卖,已完成,2025-10-23 10:44:50,2025-10-23 10:44:50,2025-10-23 10:44:50,饿了么支付-在线支付,,即时单,2025-10-23 10:44:50,10.20,自动出餐,1,否,"照烧鸡肉手握披萨（32.00*1）,送餐上楼【下午1-4点晚上7点之后放外卖柜】（0.00*1）,餐盒（1.00*1）",照烧鸡肉手握披萨+送餐上楼,,,,非会员,17,,,依据餐量提供餐具；手机尾号：2296；送上楼,,32.00,11.98,17.10,0.00,0,0,0.72,0.00,1.60,【活动支出】单品特价:10.10元+【活动支出】粉丝群:2.00元+【活动支出】饿了么红包:5.00元+【活动支出】替用户承担配送费:1.6元,-,-,-,1.00,温州区域,温州直营,,,否,-,平台配送
圣比萨（温大C区店）,SBS00031,温州,"8058000255174447512	",饿了么,平台外卖,已完成,2025-10-23 10:46:02,2025-10-23 10:46:02,2025-10-23 10:46:02,饿了么支付-在线支付,,即时单,2025-10-23 10:46:02,10.00,自动出餐,1,否,圣BBQ烤鸡肉手握披萨+冰凉粉+上楼-单点-高校配（14.61*1）,烤奥尔良鸡肉手握披萨+冰凉粉,,,,非会员,18,,,1份餐具；手机尾号：2956；送上楼,,14.61,9.60,1.40,0.00,0,0,0.00,0.00,,【活动支出】拼团正招玩法:1.40元,-,-,-,0.00,温州区域,温州直营,,,否,-,平台配送
圣比萨（温大C区店）,SBS00031,温州,"8072776089160551903	",饿了么,平台外卖,已完成,2025-10-23 10:46:07,2025-10-23 10:46:07,2025-10-23 10:46:07,饿了么支付-在线支付,,即时单,2025-10-23 10:46:07,10.07,自动出餐,1,否,番茄牛肉意面-单点（12.64*1）,番茄牛肉意面,,,,非会员,19,,,依据餐量提供餐具；手机尾号：8117；送上楼,,12.64,9.03,0.00,0.00,0,0,0.00,0.00,,【活动支出】拼团反圈活动:0.00元,-,-,-,0.00,温州区域,温州直营,,,否,-,平台配送
圣比萨（温大C区店）,SBS00031,温州,"8027000255267382684	",饿了么,平台外卖,已完成,2025-10-23 10:46:18,2025-10-23 10:46:18,2025-10-23 10:46:18,饿了么支付-在线支付,,即时单,2025-10-23 10:46:18,10.23,自动出餐,1,否,"圣BBQ烤鸡肉手握披萨+冰凉粉+上楼-单点-高校配[{""name"":""规格"",""value"":""单点-高校配""}]（14.61*1）",烤奥尔良鸡肉手握披萨+冰凉粉,,,,非会员,20,,,手机尾号：6731；送上楼,,14.61,9.60,1.40,0.00,0,0,0.00,0.00,,【活动支出】拼团正招玩法:1.40元,-,-,-,0.00,温州区域,温州直营,,,否,-,平台配送
圣比萨（温大C区店）,SBS00031,温州,"8027000255267382685	",饿了么,平台外卖,已完成,2025-10-23 10:46:18,2025-10-23 10:46:18,2025-10-23 10:46:18,饿了么支付-在线支付,,即时单,2025-10-23 10:46:18,10.18,自动出餐,1,否,"番茄牛肉意面-单点[{""name"":""规格"",""value"":""单点""}]（12.64*1）",番茄牛肉意面,,,,非会员,21,,,手机尾号：6731；送上楼,,12.64,9.03,0.00,0.00,0,0,0.00,0.00,,【活动支出】拼团反圈活动:0.00元,-,-,-,0.00,温州区域,温州直营,,,否,-,平台配送
圣比萨（温大C区店）,SBS00031,温州,"8021696089137480106	",饿了么,平台外卖,已完成,2025-10-23 10:49:28,2025-10-23 10:49:28,2025-10-23 10:49:28,饿了么支付-在线支付,,即时单,2025-10-23 10:49:28,10.03,自动出餐,1,否,蛋挞2个-单点（8.51*1）,蛋挞,,,,非会员,22,,,依据餐量提供餐具；手机尾号：2370；送上楼,,8.51,4.90,0.00,0.00,0,0,0.00,0.00,,【活动支出】拼团反圈活动:0.00元,-,-,-,0.00,温州区域,温州直营,,,否,-,平台配送
圣比萨（温大C区店）,SBS00031,温州,"8021120255372736977	",饿了么,平台外卖,已完成,2025-10-23 10:49:28,2025-10-23 10:49:28,2025-10-23 10:49:29,饿了么支付-在线支付,,即时单,2025-10-23 10:49:28,10.12,自动出餐,1,否,番茄牛肉意面-单点（12.64*1）,番茄牛肉意面,,,,非会员,23,,,依据餐量提供餐具；手机尾号：2543；送上楼,,12.64,9.03,0.00,0.00,0,0,0.00,0.00,,【活动支出】拼团反圈活动:0.00元,-,-,-,0.00,温州区域,温州直营,,,否,-,平台配送
圣比萨（温大C区店）,SBS00031,温州,"8051776089165298110	",饿了么,平台外卖,已完成,2025-10-23 10:51:31,2025-10-23 10:51:31,2025-10-23 10:51:32,饿了么支付-在线支付,,即时单,2025-10-23 10:51:31,10.20,自动出餐,1,否,"外卖柜取餐【有短信或者电话通知】（0.00*1）,碳烤鸡肉芝士焗饭（28.00*1）,葡式蛋挞1个（4.00*1）,餐盒（1.50*1）",楼下自取+碳烤鸡肉芝士焗饭+蛋挞1个,,,,非会员,24,,,依据餐量提供餐具；手机尾号：0398；送上楼,,32.00,16.16,13.20,0.00,0,0,0.94,0.00,1.60,【活动支出】单品特价:3.10元+【活动支出】单品特价:3.10元+【活动支出】饿了么红包:7.00元+【活动支出】CPS商户叠加券:0.00元+【活动支出】替用户承担配送费:1.6元,-,-,-,1.50,温州区域,温州直营,,,否,-,平台配送
圣比萨（温大C区店）,SBS00031,温州,"8064260255286938909	",饿了么,平台外卖,已完成,2025-10-23 10:55:44,2025-10-23 10:55:44,2025-10-23 10:55:44,饿了么支付-在线支付,,即时单,2025-10-23 10:55:44,10.17,自动出餐,1,否,"圣BBQ烤鸡肉手握披萨+冰凉粉+上楼-单点-高校配[{""name"":""规格"",""value"":""单点-高校配""}]（14.61*1）",烤奥尔良鸡肉手握披萨+冰凉粉,,,,非会员,26,,,依据餐量提供；手机尾号：9506；送上楼,,14.61,9.60,1.40,0.00,0,0,0.00,0.00,,【活动支出】拼团正招玩法:1.40元,-,-,-,0.00,温州区域,温州直营,,,否,-,平台配送
圣比萨（温大C区店）,SBS00031,温州,"8064260255286938908	",饿了么,平台外卖,已完成,2025-10-23 10:55:44,2025-10-23 10:55:44,2025-10-23 10:55:44,饿了么支付-在线支付,,即时单,2025-10-23 10:55:44,10.23,自动出餐,1,否,"蛋挞2个-单点[{""name"":""规格"",""value"":""单点""}]（8.51*1）",蛋挞,,,,非会员,25,,,依据餐量提供；手机尾号：9506；送上楼,,8.51,4.90,0.00,0.00,0,0,0.00,0.00,,【活动支出】拼团反圈活动:0.00元,-,-,-,0.00,温州区域,温州直营,,,否,-,平台配送
圣比萨（温大C区店）,SBS00031,温州,"8014200255286113634	",饿了么,平台外卖,已完成,2025-10-23 11:01:07,2025-10-23 11:01:07,2025-10-23 11:01:07,饿了么支付-在线支付,,即时单,2025-10-23 11:01:07,12.10,自动出餐,1,否,圣BBQ烤鸡肉手握披萨+冰凉粉+上楼-单点-高校配（14.61*1）,烤奥尔良鸡肉手握披萨+冰凉粉,,,,非会员,27,,,依据餐量提供餐具；手机尾号：8103；送上楼,,14.61,9.60,1.40,0.00,0,0,0.00,0.00,,【活动支出】拼团正招玩法:1.40元,-,-,-,0.00,温州区域,温州直营,,,否,-,平台配送
圣比萨（温大C区店）,SBS00031,温州,"8021240255290956237	",饿了么,平台外卖,已完成,2025-10-23 11:01:09,2025-10-23 11:01:09,2025-10-23 11:01:09,饿了么支付-在线支付,,即时单,2025-10-23 11:01:09,12.10,自动出餐,1,否,番茄牛肉意面-单点（12.64*1）,番茄牛肉意面,,,,非会员,28,,,依据餐量提供餐具；手机尾号：8673；送上楼,,12.64,9.03,0.00,0.00,0,0,0.00,0.00,,【活动支出】拼团反圈活动:0.00元,-,-,-,0.00,温州区域,温州直营,,,否,-,平台配送
圣比萨（温大C区店）,SBS00031,温州,"8070826089174253030	",饿了么,平台外卖,已完成,2025-10-23 11:07:29,2025-10-23 11:07:29,2025-10-23 11:07:29,饿了么支付-在线支付,,即时单,2025-10-23 11:07:29,12.02,自动出餐,1,否,圣BBQ烤鸡肉手握披萨+冰凉粉+上楼-单点-高校配（14.61*1）,烤奥尔良鸡肉手握披萨+冰凉粉,,,,非会员,29,,,依据餐量提供餐具；手机尾号：4122；聚合送,,14.61,9.60,1.40,0.00,0,0,0.00,0.00,,【活动支出】拼团正招玩法:1.40元,-,-,-,0.00,温州区域,温州直营,,,否,-,平台配送
圣比萨（温大C区店）,SBS00031,温州,"8000826089153550647	",饿了么,平台外卖,已完成,2025-10-23 11:07:41,2025-10-23 11:07:41,2025-10-23 11:07:41,饿了么支付-在线支付,,即时单,2025-10-23 11:07:41,12.20,自动出餐,1,否,圣BBQ烤鸡肉手握披萨+冰凉粉+上楼-单点-高校配（14.61*1）,烤奥尔良鸡肉手握披萨+冰凉粉,,,,非会员,30,,,依据餐量提供餐具；手机尾号：2481；送上楼,,14.61,9.60,1.40,0.00,0,0,0.00,0.00,,【活动支出】拼团正招玩法:1.40元,-,-,-,0.00,温州区域,温州直营,,,否,-,平台配送
圣比萨（温大C区店）,SBS00031,温州,"8095936089160519029	",饿了么,平台外卖,已完成,2025-10-23 11:07:42,2025-10-23 11:07:42,2025-10-23 11:07:43,饿了么支付-在线支付,,即时单,2025-10-23 11:07:42,12.23,自动出餐,1,否,圣BBQ烤鸡肉手握披萨+冰凉粉+上楼-单点-高校配（14.61*1）,烤奥尔良鸡肉手握披萨+冰凉粉,,,,非会员,31,,,依据餐量提供餐具；手机尾号：8905；送上楼,,14.61,9.60,1.40,0.00,0,0,0.00,0.00,,【活动支出】拼团正招玩法:1.40元,-,-,-,0.00,温州区域,温州直营,,,否,-,平台配送
圣比萨（温大C区店）,SBS00031,温州,"8090320255289519510	",饿了么,平台外卖,已完成,2025-10-23 11:09:15,2025-10-23 11:09:15,2025-10-23 11:09:15,饿了么支付-在线支付,,即时单,2025-10-23 11:09:15,12.23,自动出餐,1,否,"DIY单人套餐（主食小吃饮品自选）（48.00*1）,送餐上楼【下午1-4点晚上7点之后放外卖柜】（0.00*1）,餐盒（1.00*1）",小雪碧+蛋挞+烤奥尔良鸡肉手握披萨+送餐上楼,,,,非会员,32,,,依据餐量提供餐具；手机尾号：9975；送上楼,,48.00,15.78,29.10,0.00,0,0,0.92,0.00,1.60,【活动支出】单品特价:20.10元+【活动支出】精准营销:2.00元+【活动支出】饿了么红包:7.00元+【活动支出】替用户承担配送费:1.6元,-,-,-,1.00,温州区域,温州直营,,,否,-,平台配送
圣比萨（温大C区店）,SBS00031,温州,"8040050255303803219	",饿了么,平台外卖,已完成,2025-10-23 11:11:56,2025-10-23 11:11:56,2025-10-23 11:11:56,饿了么支付-在线支付,,即时单,2025-10-23 11:11:56,12.22,自动出餐,1,否,"番茄牛肉意面（25.00*1）,送餐上楼【下午1-4点晚上7点之后放外卖柜】（0.00*1）,餐盒（2.00*1）",番茄牛肉意面+送餐上楼,,,,非会员,33,,,依据餐量提供餐具；手机尾号：1907；送上楼,,25.00,8.18,15.10,0.00,0,0,0.52,0.00,1.60,【活动支出】单品特价:6.10元+【活动支出】 商家自营销加码:2.00元+【活动支出】粉丝群:2.00元+【活动支出】饿了么红包:5.00元+【活动支出】替用户承担配送费:1.6元,-,-,-,2.00,温州区域,温州直营,,,否,-,平台配送
圣比萨（温大C区店）,SBS00031,温州,"8096270255207156145	",饿了么,平台外卖,已完成,2025-10-23 11:17:52,2025-10-23 11:17:52,2025-10-23 11:17:52,饿了么支付-在线支付,,即时单,2025-10-23 11:17:52,12.17,自动出餐,1,否,圣BBQ烤鸡肉手握披萨+冰凉粉+上楼-单点-高校配（14.61*1）,烤奥尔良鸡肉手握披萨+冰凉粉,,,,非会员,34,,,依据餐量提供餐具；手机尾号：6322；送上楼,,14.61,9.60,1.40,0.00,0,0,0.00,0.00,,【活动支出】拼团正招玩法:1.40元,-,-,-,0.00,温州区域,温州直营,,,否,-,平台配送
圣比萨（温大C区店）,SBS00031,温州,"8096200255209351536	",饿了么,平台外卖,已完成,2025-10-23 11:18:21,2025-10-23 11:18:21,2025-10-23 11:18:22,饿了么支付-在线支付,,即时单,2025-10-23 11:18:21,12.18,自动出餐,1,否,圣BBQ烤鸡肉手握披萨+冰凉粉+上楼-单点-高校配（14.61*1）,烤奥尔良鸡肉手握披萨+冰凉粉,,,,非会员,35,,,依据餐量提供餐具；手机尾号：8456；聚合送,,14.61,9.60,1.40,0.00,0,0,0.00,0.00,,【活动支出】拼团正招玩法:1.40元,-,-,-,0.00,温州区域,温州直营,,,否,-,平台配送
圣比萨（温大C区店）,SBS00031,温州,"8056170255307691326	",饿了么,平台外卖,已完成,2025-10-23 11:23:43,2025-10-23 11:23:43,2025-10-23 11:23:43,饿了么支付-在线支付,,即时单,2025-10-23 11:23:43,12.23,自动出餐,1,否,番茄牛肉意面-单点（12.64*1）,番茄牛肉意面,,,,非会员,36,,,依据餐量提供餐具；手机尾号：2586；送上楼,,12.64,9.03,0.00,0.00,0,0,0.00,0.00,,【活动支出】拼团反圈活动:0.00元,-,-,-,0.00,温州区域,温州直营,,,否,-,平台配送
圣比萨（温大C区店）,SBS00031,温州,"8077896089198378430	",饿了么,平台外卖,已完成,2025-10-23 11:23:47,2025-10-23 11:23:47,2025-10-23 11:23:47,饿了么支付-在线支付,,即时单,2025-10-23 11:23:47,12.18,自动出餐,1,否,蛋挞2个-单点（8.51*1）,蛋挞,,,,非会员,37,,,依据餐量提供餐具；手机尾号：7650；聚合送,,8.51,4.90,0.00,0.00,0,0,0.00,0.00,,【活动支出】拼团反圈活动:0.00元,-,-,-,0.00,温州区域,温州直营,,,否,-,平台配送
圣比萨（温大C区店）,SBS00031,温州,"8035786089173022189	",饿了么,平台外卖,已退款,2025-10-23 11:24:42,2025-10-23 11:24:42,2025-10-23 11:24:42,饿了么支付-在线支付,,即时单,2025-10-23 11:24:42,,未出餐,1,否,圣BBQ烤鸡肉手握披萨+冰凉粉+上楼-单点-高校配（14.61*1）,烤奥尔良鸡肉手握披萨+冰凉粉,,,,非会员,38,,,依据餐量提供餐具；手机尾号：2215；送上楼,"餐厅同意取消单 ",14.61,1.80,1.40,7.80,0,0,0.00,0.00,,【活动支出】拼团正招玩法:1.40元,-,-,-,0.00,温州区域,温州直营,,,否,-,平台配送
圣比萨（温大C区店）,SBS00031,温州,"8003450255308558753	",饿了么,平台外卖,已完成,2025-10-23 11:29:39,2025-10-23 11:29:39,2025-10-23 11:29:39,饿了么支付-在线支付,,即时单,2025-10-23 11:29:39,12.02,自动出餐,1,否,蛋挞2个-单点（8.51*1）,蛋挞,,,,非会员,39,,,依据餐量提供餐具；手机尾号：4513；送上楼,,8.51,4.90,0.00,0.00,0,0,0.00,0.00,,【活动支出】拼团反圈活动:0.00元,-,-,-,0.00,温州区域,温州直营,,,否,-,平台配送
圣比萨（温大C区店）,SBS00031,温州,"8048556089201759493	",饿了么,平台外卖,已完成,2025-10-23 11:29:45,2025-10-23 11:29:45,2025-10-23 11:29:45,饿了么支付-在线支付,,即时单,2025-10-23 11:29:45,12.02,自动出餐,1,否,番茄牛肉意面-单点（12.64*1）,番茄牛肉意面,,,,非会员,40,,,依据餐量提供餐具；手机尾号：7894；送上楼,,12.64,9.03,0.00,0.00,0,0,0.00,0.00,,【活动支出】拼团反圈活动:0.00元,-,-,-,0.00,温州区域,温州直营,,,否,-,平台配送
圣比萨（温大C区店）,SBS00031,温州,"8012946089209343349	",饿了么,平台外卖,已完成,2025-10-23 11:34:12,2025-10-23 11:34:12,2025-10-23 11:34:12,饿了么支付-在线支付,,即时单,2025-10-23 11:34:12,12.05,自动出餐,1,否,"外卖柜取餐【有短信或者电话通知】（0.00*1）,【随心拼】双拼手握披萨[烤奥尔良鸡肉+日系照烧鸡]（38.00*1）,#点击右上角收藏❤0.01多加5g芝士(只能加披萨里)（5.00*1）,葡式蛋挞1个（4.00*1）,餐盒（1.50*1）",楼下自取+双拼手握披萨【烤奥尔良鸡肉】+双拼手握披萨【日系照烧鸡】+芝士5克+蛋挞1个,,,,非会员,41,,,依据餐量提供餐具；手机尾号：1157；送上楼,,47.00,14.36,30.10,0.00,0,0,0.84,0.00,1.60,【活动支出】单品特价:13.10元+【活动支出】单品特价:4.90元+【活动支出】单品特价:3.10元+【活动支出】饿了么红包:5.00元+【活动支出】 商家自营销加码:2.00元+【活动支出】粉丝群:2.00元+【活动支出】替用户承担配送费:1.6元,-,-,-,1.50,温州区域,温州直营,,,否,-,平台配送
圣比萨（温大C区店）,SBS00031,温州,"8029030255327737168	",饿了么,平台外卖,已完成,2025-10-23 11:37:10,2025-10-23 11:37:10,2025-10-23 11:37:10,饿了么支付-在线支付,,即时单,2025-10-23 11:37:10,12.10,自动出餐,1,否,蛋挞2个-单点（8.51*1）,蛋挞,,,,非会员,42,,,依据餐量提供餐具；手机尾号：0368；送上楼,,8.51,4.90,0.00,0.00,0,0,0.00,0.00,,【活动支出】拼团反圈活动:0.00元,-,-,-,0.00,温州区域,温州直营,,,否,-,平台配送
圣比萨（温大C区店）,SBS00031,温州,"8069110255326157207	",饿了么,平台外卖,已完成,2025-10-23 11:46:28,2025-10-23 11:46:28,2025-10-23 11:46:28,饿了么支付-在线支付,,即时单,2025-10-23 11:46:28,12.03,自动出餐,1,否,"外卖柜取餐【有短信或者电话通知】（0.00*1）,披萨买一送一（58.00*1）,餐盒（2.00*1）",楼下自取+川香辣牛肉手握披萨+夏威夷风情手握披萨,,,,非会员,43,,,依据餐量提供餐具；手机尾号：7710；送上楼,,58.00,29.08,26.10,0.00,0,0,1.62,0.00,1.60,【活动支出】店铺满减:1.00元+【活动支出】单品特价:18.10元+【活动支出】饿了么红包:5.00元+【活动支出】 商家自营销加码:2.00元+【活动支出】CPS商户叠加券:0.00元+【活动支出】替用户承担配送费:1.6元,-,-,-,2.00,温州区域,温州直营,,,否,-,平台配送
圣比萨（温大C区店）,SBS00031,温州,"8014936089199193390	",饿了么,平台外卖,已完成,2025-10-23 11:47:25,2025-10-23 11:47:25,2025-10-23 11:47:25,饿了么支付-在线支付,,即时单,2025-10-23 11:47:25,12.18,自动出餐,1,否,"送餐上楼【下午1-4点晚上7点之后放外卖柜】（0.00*1）,BBQ烤奥尔良鸡肉单人套餐（46.00*1）,餐盒（1.00*1）",送餐上楼+盐酥鸡粒+小可乐+烤奥尔良鸡肉手握披萨,,,,非会员,44,,,依据餐量提供餐具；手机尾号：3657；送上楼,,46.00,17.68,25.10,0.00,0,0,1.02,0.00,1.60,【活动支出】单品特价:18.10元+【活动支出】饿了么红包:5.00元+【活动支出】 商家自营销加码:2.00元+【活动支出】CPS商户叠加券:0.00元+【活动支出】替用户承担配送费:1.6元,-,-,-,1.00,温州区域,温州直营,,,否,-,平台配送
圣比萨（温大C区店）,SBS00031,温州,"8081470255444808026	",饿了么,平台外卖,已完成,2025-10-23 11:59:07,2025-10-23 11:59:07,2025-10-23 11:59:07,饿了么支付-在线支付,,即时单,2025-10-23 11:59:07,12.23,自动出餐,1,否,"番茄牛肉意面（25.00*1）,外卖柜取餐【有短信或者电话通知】（0.00*1）,招牌肉酱芝士焗饭（28.00*1）,葡式蛋挞1个（4.00*1）,餐盒（3.50*1）",番茄牛肉意面+楼下自取+招牌肉酱芝士焗饭+蛋挞1个,,,,非会员,45,,,依据餐量提供餐具；手机尾号：3536；送上楼,,57.00,35.07,20.30,0.00,0,0,1.93,0.00,1.60,【活动支出】店铺满减:1.00元+【活动支出】单品特价:6.10元+【活动支出】单品特价:2.10元+【活动支出】单品特价:3.10元+【活动支出】超级会员专享红包:6.00元+【活动支出】 商家自营销加码:2.00元+【活动支出】替用户承担配送费:1.6元,-,-,-,3.50,温州区域,温州直营,,,否,-,平台配送
圣比萨（温大C区店）,SBS00031,温州,"8088160255351884177	",饿了么,平台外卖,已完成,2025-10-23 12:07:35,2025-10-23 12:07:35,2025-10-23 12:07:35,饿了么支付-在线支付,,即时单,2025-10-23 12:07:35,12.07,自动出餐,1,否,蛋挞2个-单点（8.51*1）,蛋挞,,,,非会员,46,,,依据餐量提供餐具；手机尾号：7033；送上楼,,8.51,4.90,0.00,0.00,0,0,0.00,0.00,,【活动支出】拼团反圈活动:0.00元,-,-,-,0.00,温州区域,温州直营,,,否,-,平台配送
圣比萨（温大C区店）,SBS00031,温州,"8044936089270450490	",饿了么,平台外卖,已完成,2025-10-23 12:07:41,2025-10-23 12:07:41,2025-10-23 12:07:41,饿了么支付-在线支付,,即时单,2025-10-23 12:07:41,12.20,自动出餐,1,否,蛋挞2个-单点（8.51*1）,蛋挞,,,,非会员,47,,,依据餐量提供餐具；手机尾号：5152；送上楼,,8.51,4.90,0.00,0.00,0,0,0.00,0.00,,【活动支出】拼团反圈活动:0.00元,-,-,-,0.00,温州区域,温州直营,,,否,-,平台配送
圣比萨（温大C区店）,SBS00031,温州,"8070320255356683524	",饿了么,平台外卖,已完成,2025-10-23 12:23:40,2025-10-23 12:23:40,2025-10-23 12:23:40,饿了么支付-在线支付,,即时单,2025-10-23 12:23:40,12.08,自动出餐,1,否,蛋挞2个-单点（8.51*1）,蛋挞,,,,非会员,48,,,依据餐量提供餐具；手机尾号：1066；送上楼,,8.51,4.90,0.00,0.00,0,0,0.00,0.00,,【活动支出】拼团反圈活动:0.00元,-,-,-,0.00,温州区域,温州直营,,,否,-,平台配送
圣比萨（温大C区店）,SBS00031,温州,"8055666089220903206	",饿了么,平台外卖,已完成,2025-10-23 12:23:50,2025-10-23 12:23:50,2025-10-23 12:23:50,饿了么支付-在线支付,,即时单,2025-10-23 12:23:50,12.03,自动出餐,1,否,蛋挞2个-单点（8.51*1）,蛋挞,,,,非会员,49,,,依据餐量提供餐具；手机尾号：7659；送上楼,,8.51,4.90,0.00,0.00,0,0,0.00,0.00,,【活动支出】拼团反圈活动:0.00元,-,-,-,0.00,温州区域,温州直营,,,否,-,平台配送
圣比萨（温大C区店）,SBS00031,温州,"8060250255271102766	",饿了么,平台外卖,已完成,2025-10-23 12:35:44,2025-10-23 12:35:44,2025-10-23 12:35:44,饿了么支付-在线支付,,即时单,2025-10-23 12:35:44,12.12,自动出餐,1,否,圣BBQ烤鸡肉手握披萨+冰凉粉+上楼-单点-高校配（14.61*1）,烤奥尔良鸡肉手握披萨+冰凉粉,,,,非会员,50,,,依据餐量提供餐具；手机尾号：7505；聚合送,,14.61,9.60,1.40,0.00,0,0,0.00,0.00,,【活动支出】拼团正招玩法:1.40元,-,-,-,0.00,温州区域,温州直营,,,否,-,平台配送
圣比萨（温大C区店）,SBS00031,温州,"8076906089228819755	",饿了么,平台外卖,已完成,2025-10-23 12:44:18,2025-10-23 12:44:18,2025-10-23 12:44:18,饿了么支付-在线支付,,即时单,2025-10-23 12:44:18,12.12,自动出餐,1,否,"外卖柜取餐【有短信或者电话通知】（0.00*1）,DIY单人套餐（主食小吃饮品自选）（48.00*1）,餐盒（1.00*1）",楼下自取+小雪碧+蛋挞+烤奥尔良鸡肉手握披萨,,,,非会员,51,,,依据餐量提供餐具；手机尾号：2163；送上楼,,48.00,17.68,27.10,0.00,0,0,1.02,0.00,1.60,【活动支出】单品特价:20.10元+【活动支出】饿了么红包:7.00元+【活动支出】替用户承担配送费:1.6元,-,-,-,1.00,温州区域,温州直营,,,否,-,平台配送
圣比萨（温大C区店）,SBS00031,温州,"8040956089290638723	",饿了么,平台外卖,已完成,2025-10-23 12:50:08,2025-10-23 12:50:08,2025-10-23 12:50:09,饿了么支付-在线支付,,预约单,2025-10-23 17:25:00,229.98,自动出餐,1,否,"外卖柜取餐【有短信或者电话通知】（0.00*1）,烤奥尔良鸡肉手握披萨（32.00*1）,餐盒（1.00*1）",楼下自取+烤奥尔良鸡肉手握披萨,,,,非会员,52,,,依据餐量提供餐具；手机尾号：5867；送上楼,,32.00,10.08,19.10,0.00,0,0,0.62,0.00,1.60,【活动支出】单品特价:10.10元+【活动支出】饿了么红包:5.00元+【活动支出】 商家自营销加码:2.00元+【活动支出】精准营销:2.00元+【活动支出】淘金币:0.00元+【活动支出】替用户承担配送费:1.6元,-,-,-,1.00,温州区域,温州直营,,,否,-,平台配送
圣比萨（温大C区店）,SBS00031,温州,"8069010255418085756	",饿了么,平台外卖,已完成,2025-10-23 15:25:48,2025-10-23 15:25:48,2025-10-23 15:25:49,饿了么支付-在线支付,,即时单,2025-10-23 15:25:48,10.02,自动出餐,1,否,"BBQ烤鸡肉单人餐（58.00*1）,外卖柜取餐【有短信或者电话通知】（0.00*1）,餐盒（1.00*1）",烤奥尔良鸡肉手握披萨+焦糖冰豆花+楼下自取,,,,非会员,53,,,依据餐量提供餐具；手机尾号：8292；送上楼,,58.00,14.83,40.10,0.00,0,0,0.87,0.00,1.60,【活动支出】单品特价:31.10元+【活动支出】粉丝群:2.00元+【活动支出】饿了么红包:7.00元+【活动支出】替用户承担配送费:1.6元,-,-,-,1.00,温州区域,温州直营,,,否,-,平台配送
圣比萨（温大C区店）,SBS00031,温州,"8081020255430580540	",饿了么,平台外卖,已完成,2025-10-23 15:57:12,2025-10-23 15:57:12,2025-10-23 15:57:12,饿了么支付-在线支付,,即时单,2025-10-23 15:57:12,10.05,自动出餐,1,否,"【随心拼】双拼手握披萨[烤奥尔良鸡肉+老酸奶水果]（38.00*1）,外卖柜取餐【有短信或者电话通知】（0.00*1）,葡式蛋挞1个（4.00*1）,餐盒（1.50*1）",双拼手握披萨【烤奥尔良鸡肉】+双拼手握披萨【老酸奶水果】+楼下自取+蛋挞1个,,,,非会员,54,,,"依据餐量提供餐具；手机尾号：9675,分区：【温州商学院】；聚合送",,42.00,14.26,25.20,0.00,0,0,0.84,0.00,1.60,【活动支出】单品特价:13.10元+【活动支出】单品特价:3.10元+【活动支出】粉丝群:2.00元+【活动支出】饿了么红包:7.00元+【活动支出】替用户承担配送费:1.6元,-,-,-,1.50,温州区域,温州直营,,,否,-,平台配送
圣比萨（温大C区店）,SBS00031,温州,"8086170255529656725	",饿了么,平台外卖,已完成,2025-10-23 15:58:22,2025-10-23 15:58:22,2025-10-23 15:58:22,饿了么支付-在线支付,,即时单,2025-10-23 15:58:22,10.20,自动出餐,1,否,"外卖柜取餐【有短信或者电话通知】（0.00*1）,【随心拼】双拼手握披萨[夏威夷风情+牛肉蘑菇]（38.00*1）,餐盒（1.00*1）",楼下自取+双拼手握披萨【夏威夷风情】,,,,非会员,55,,,1份餐具；手机尾号：3852；送上楼,,38.00,14.83,20.10,0.00,0,0,0.87,0.00,1.60,【活动支出】单品特价:13.10元+【活动支出】饿了么红包:7.00元+【活动支出】替用户承担配送费:1.6元,-,-,-,1.00,温州区域,温州直营,,,否,-,平台配送
圣比萨（温大C区店）,SBS00031,温州,"8018956089333552398	",饿了么,平台外卖,已完成,2025-10-23 16:03:26,2025-10-23 16:03:26,2025-10-23 16:03:27,饿了么支付-在线支付,,即时单,2025-10-23 16:03:26,10.22,自动出餐,1,否,番茄牛肉意面-单点（12.64*1）,番茄牛肉意面,,,,非会员,56,,,依据餐量提供餐具；手机尾号：4356；送上楼,,12.64,9.03,0.00,0.00,0,0,0.00,0.00,,【活动支出】拼团反圈活动:0.00元,-,-,-,0.00,温州区域,温州直营,,,否,-,平台配送
圣比萨（温大C区店）,SBS00031,温州,"8087696089352711661	",饿了么,平台外卖,已完成,2025-10-23 16:03:32,2025-10-23 16:03:32,2025-10-23 16:03:33,饿了么支付-在线支付,,即时单,2025-10-23 16:03:32,10.22,自动出餐,1,否,圣BBQ烤鸡肉手握披萨+冰凉粉+上楼-单点-高校配（14.61*1）,烤奥尔良鸡肉手握披萨+冰凉粉,,,,非会员,57,,,1份餐具；手机尾号：5711；送上楼,,14.61,9.60,1.40,0.00,0,0,0.00,0.00,,【活动支出】拼团正招玩法:1.40元,-,-,-,0.00,温州区域,温州直营,,,否,-,平台配送
圣比萨（温大C区店）,SBS00031,温州,"8060946089331621289	",饿了么,平台外卖,已完成,2025-10-23 16:05:09,2025-10-23 16:05:09,2025-10-23 16:05:09,饿了么支付-在线支付,,即时单,2025-10-23 16:05:09,10.02,自动出餐,1,否,"番茄牛肉意面（25.00*1）,送餐上楼【下午1-4点晚上7点之后放外卖柜】（0.00*1）,餐盒（2.00*1）",番茄牛肉意面+送餐上楼,,,,非会员,58,,,依据餐量提供餐具；手机尾号：7201；送上楼,,25.00,8.18,15.10,0.00,0,0,0.52,0.00,1.60,【活动支出】单品特价:6.10元+【活动支出】 商家自营销加码:2.00元+【活动支出】精准营销:2.00元+【活动支出】饿了么红包:5.00元+【活动支出】替用户承担配送费:1.6元,-,-,-,2.00,温州区域,温州直营,,,否,-,平台配送
圣比萨（温大C区店）,SBS00031,温州,"8096010255343765838	",饿了么,平台外卖,已完成,2025-10-23 16:05:14,2025-10-23 16:05:14,2025-10-23 16:05:14,饿了么支付-在线支付,,即时单,2025-10-23 16:05:14,10.07,自动出餐,1,否,"番茄牛肉意面（25.00*1）,送餐上楼【下午1-4点晚上7点之后放外卖柜】（0.00*1）,餐盒（2.00*1）",番茄牛肉意面+送餐上楼,,,,非会员,59,,,依据餐量提供餐具；手机尾号：9159；聚合送,,25.00,11.98,11.10,0.00,0,0,0.72,0.00,1.60,【活动支出】单品特价:6.10元+【活动支出】饿了么红包:5.00元+【活动支出】替用户承担配送费:1.6元,-,-,-,2.00,温州区域,温州直营,,,否,-,平台配送
圣比萨（温大C区店）,SBS00031,温州,"8049020255444352291	",饿了么,平台外卖,已完成,2025-10-23 16:06:55,2025-10-23 16:06:55,2025-10-23 16:06:55,饿了么支付-在线支付,,即时单,2025-10-23 16:06:55,10.15,自动出餐,1,否,"外卖柜取餐【有短信或者电话通知】（0.00*1）,烤奥尔良鸡肉手握披萨（32.00*1）,餐盒（1.00*1）",楼下自取+烤奥尔良鸡肉手握披萨,,,,非会员,60,,,依据餐量提供餐具；手机尾号：9422；送上楼,,32.00,11.98,17.10,0.00,0,0,0.72,0.00,1.60,【活动支出】单品特价:10.10元+【活动支出】饿了么红包:5.00元+【活动支出】 商家自营销加码:2.00元+【活动支出】CPS商户叠加券:0.00元+【活动支出】替用户承担配送费:1.6元,-,-,-,1.00,温州区域,温州直营,,,否,-,平台配送
圣比萨（温大C区店）,SBS00031,温州,"8068110255431440820	",饿了么,平台外卖,已完成,2025-10-23 16:09:24,2025-10-23 16:09:24,2025-10-23 16:09:24,饿了么支付-在线支付,,即时单,2025-10-23 16:09:24,10.22,自动出餐,1,否,"照烧鸡肉单人餐（冰豆花自选)（60.00*1）,送餐上楼【下午1-4点晚上7点之后放外卖柜】（0.00*1）,餐盒（1.00*1）",原味龙井冰豆花+照烧鸡肉手握披萨+送餐上楼,,,,非会员,61,,,依据餐量提供餐具；手机尾号：3900；聚合送,,60.00,15.78,41.10,0.00,0,0,0.92,0.00,1.60,【活动支出】单品特价:32.10元+【活动支出】粉丝群:2.00元+【活动支出】饿了么红包:7.00元+【活动支出】替用户承担配送费:1.6元,-,-,-,1.00,温州区域,温州直营,,,否,-,平台配送
圣比萨（温大C区店）,SBS00031,温州,"8070110255346738485	",饿了么,平台外卖,已完成,2025-10-23 16:17:34,2025-10-23 16:17:34,2025-10-23 16:17:34,饿了么支付-在线支付,,即时单,2025-10-23 16:17:34,10.12,自动出餐,1,否,蛋挞2个-单点（8.51*1）,蛋挞,,,,非会员,62,,,依据餐量提供餐具；手机尾号：0458；送上楼,,8.51,4.90,0.00,0.00,0,0,0.00,0.00,,【活动支出】拼团反圈活动:0.00元,-,-,-,0.00,温州区域,温州直营,,,否,-,平台配送
圣比萨（温大C区店）,SBS00031,温州,"8031170255347669440	",饿了么,平台外卖,已完成,2025-10-23 16:19:48,2025-10-23 16:19:48,2025-10-23 16:19:48,饿了么支付-在线支付,,即时单,2025-10-23 16:19:48,10.03,自动出餐,1,否,"#点击右上角收藏❤0.01多加5g芝士(只能加披萨里)（5.00*1）,送餐上楼【下午1-4点晚上7点之后放外卖柜】（0.00*1）,葡式蛋挞1个（4.00*1）,烤奥尔良鸡肉手握披萨（32.00*1）,餐盒（1.50*1）",芝士5克+送餐上楼+蛋挞1个+烤奥尔良鸡肉手握披萨,,,,非会员,63,,,依据餐量提供餐具；手机尾号：6165；送上楼,,41.00,13.41,25.10,0.00,0,0,0.79,0.00,1.60,【活动支出】单品特价:4.90元+【活动支出】单品特价:3.10元+【活动支出】单品特价:10.10元+【活动支出】 商家自营销加码:2.00元+【活动支出】CPS商户叠加券:0.00元+【活动支出】饿了么红包:5.00元+【活动支出】淘金币:0.00元+【活动支出】替用户承担配送费:1.6元,-,-,-,1.50,温州区域,温州直营,,,否,-,平台配送
圣比萨（温大C区店）,SBS00031,温州,"8005966089302071682	",饿了么,平台外卖,已完成,2025-10-23 16:21:57,2025-10-23 16:21:57,2025-10-23 16:21:57,饿了么支付-在线支付,,即时单,2025-10-23 16:21:57,10.12,自动出餐,1,否,蛋挞2个-单点（8.51*1）,蛋挞,,,,非会员,64,,,依据餐量提供餐具；手机尾号：1924；送上楼,,8.51,4.90,0.00,0.00,0,0,0.00,0.00,,【活动支出】拼团反圈活动:0.00元,-,-,-,0.00,温州区域,温州直营,,,否,-,平台配送
圣比萨（温大C区店）,SBS00031,温州,"8084220255434326522	",饿了么,平台外卖,已完成,2025-10-23 16:22:03,2025-10-23 16:22:03,2025-10-23 16:22:03,饿了么支付-在线支付,,即时单,2025-10-23 16:22:03,10.20,自动出餐,1,否,圣BBQ烤鸡肉手握披萨+冰凉粉+上楼-单点-高校配（14.61*1）,烤奥尔良鸡肉手握披萨+冰凉粉,,,,非会员,65,,,依据餐量提供餐具；手机尾号：1216；送上楼,,14.61,9.60,1.40,0.00,0,0,0.00,0.00,,【活动支出】拼团正招玩法:1.40元,-,-,-,0.00,温州区域,温州直营,,,否,-,平台配送
圣比萨（温大C区店）,SBS00031,温州,"8047516089337129223	",饿了么,平台外卖,已完成,2025-10-23 16:22:04,2025-10-23 16:22:04,2025-10-23 16:22:04,饿了么支付-在线支付,,即时单,2025-10-23 16:22:04,10.02,自动出餐,1,否,圣BBQ烤鸡肉手握披萨+冰凉粉+上楼-单点-高校配（14.61*1）,烤奥尔良鸡肉手握披萨+冰凉粉,,,,非会员,66,,,依据餐量提供餐具；手机尾号：6051；送上楼,,14.61,9.60,1.40,0.00,0,0,0.00,0.00,,【活动支出】拼团正招玩法:1.40元,-,-,-,0.00,温州区域,温州直营,,,否,-,平台配送
圣比萨（温大C区店）,SBS00031,温州,"8040836089305135484	",饿了么,平台外卖,已完成,2025-10-23 16:23:51,2025-10-23 16:23:51,2025-10-23 16:23:52,饿了么支付-在线支付,,即时单,2025-10-23 16:23:51,10.22,自动出餐,1,否,圣BBQ烤鸡肉手握披萨+冰凉粉+上楼-单点-高校配（14.61*1）,烤奥尔良鸡肉手握披萨+冰凉粉,,,,非会员,67,,,依据餐量提供餐具；手机尾号：0790；送上楼,,14.61,9.60,1.40,0.00,0,0,0.00,0.00,,【活动支出】拼团正招玩法:1.40元,-,-,-,0.00,温州区域,温州直营,,,否,-,平台配送
圣比萨（温大C区店）,SBS00031,温州,"8033946089330446630	",饿了么,平台外卖,已完成,2025-10-23 16:23:53,2025-10-23 16:23:53,2025-10-23 16:23:53,饿了么支付-在线支付,,即时单,2025-10-23 16:23:53,10.17,自动出餐,1,否,圣BBQ烤鸡肉手握披萨+冰凉粉+上楼-单点-高校配（14.61*1）,烤奥尔良鸡肉手握披萨+冰凉粉,,,,非会员,68,,,依据餐量提供餐具；手机尾号：5164；送上楼,,14.61,9.60,1.40,0.00,0,0,0.00,0.00,,【活动支出】拼团正招玩法:1.40元,-,-,-,0.00,温州区域,温州直营,,,否,-,平台配送
圣比萨（温大C区店）,SBS00031,温州,"8008526089341904248	",饿了么,平台外卖,已完成,2025-10-23 16:25:01,2025-10-23 16:25:01,2025-10-23 16:25:01,饿了么支付-在线支付,,预约单,2025-10-23 18:00:00,50.13,自动出餐,1,否,"送餐上楼【下午1-4点晚上7点之后放外卖柜】（0.00*1）,BBQ烤鸡肉单人餐（58.00*1）,餐盒（1.00*1）",送餐上楼+烤奥尔良鸡肉手握披萨+焦糖冰豆花,,,,非会员,69,,,依据餐量提供餐具；手机尾号：7853；送上楼,,58.00,11.98,43.10,0.00,0,0,0.72,0.00,1.60,【活动支出】单品特价:31.10元+【活动支出】饿了么红包:7.00元+【活动支出】订单集点返红包:5.00元+【活动支出】替用户承担配送费:1.6元,-,-,-,1.00,温州区域,温州直营,,,否,-,平台配送
圣比萨（温大C区店）,SBS00031,温州,"8021370255352625477	",饿了么,平台外卖,已完成,2025-10-23 16:30:05,2025-10-23 16:30:05,2025-10-23 16:30:05,饿了么支付-在线支付,,即时单,2025-10-23 16:30:05,10.02,自动出餐,1,否,圣BBQ烤鸡肉手握披萨+冰凉粉+上楼-单点-高校配（14.61*1）,烤奥尔良鸡肉手握披萨+冰凉粉,,,,非会员,70,,,依据餐量提供餐具；手机尾号：4033；送上楼,,14.61,9.60,1.40,0.00,0,0,0.00,0.00,,【活动支出】拼团正招玩法:1.40元,-,-,-,0.00,温州区域,温州直营,,,否,-,平台配送
圣比萨（温大C区店）,SBS00031,温州,"8080220255536730500	",饿了么,平台外卖,已完成,2025-10-23 16:30:59,2025-10-23 16:30:59,2025-10-23 16:30:59,饿了么支付-在线支付,,即时单,2025-10-23 16:30:59,10.05,自动出餐,1,否,"照烧鸡肉单人餐（冰豆花自选)（58.00*1）,外卖柜取餐【有短信或者电话通知】（0.00*1）,餐盒（1.00*1）",焦糖冰豆花+照烧鸡肉手握披萨+楼下自取,,,,非会员,71,,,依据餐量提供餐具；手机尾号：1395；送上楼,,58.00,13.88,41.10,0.00,0,0,0.82,0.00,1.60,【活动支出】单品特价:32.10元+【活动支出】粉丝群:2.00元+【活动支出】饿了么红包:7.00元+【活动支出】替用户承担配送费:1.6元,-,-,-,1.00,温州区域,温州直营,,,否,-,平台配送
圣比萨（温大C区店）,SBS00031,温州,"8030886089364325709	",饿了么,平台外卖,已完成,2025-10-23 16:38:31,2025-10-23 16:38:31,2025-10-23 16:38:32,饿了么支付-在线支付,,即时单,2025-10-23 16:38:31,10.17,自动出餐,1,否,"【随心拼】双拼手握披萨[日系照烧鸡+牛肉蘑菇]（38.00*1）,外卖柜取餐【有短信或者电话通知】（0.00*1）,餐盒（1.00*1）",双拼手握披萨【日系照烧鸡】+楼下自取,,,,非会员,72,,,依据餐量提供餐具；手机尾号：2850；送上楼,,38.00,12.93,22.10,0.00,0,0,0.77,0.00,1.60,【活动支出】单品特价:13.10元+【活动支出】粉丝群:2.00元+【活动支出】饿了么红包:7.00元+【活动支出】替用户承担配送费:1.6元,-,-,-,1.00,温州区域,温州直营,,,否,-,平台配送
圣比萨（温大C区店）,SBS00031,温州,"8065546089331971350	",饿了么,平台外卖,已完成,2025-10-23 16:41:11,2025-10-23 16:41:11,2025-10-23 16:41:11,饿了么支付-在线支付,,即时单,2025-10-23 16:41:11,10.18,自动出餐,1,否,番茄牛肉意面-单点（12.64*1）,番茄牛肉意面,,,,非会员,73,,,依据餐量提供餐具；手机尾号：7764；送上楼,,12.64,9.03,0.00,0.00,0,0,0.00,0.00,,【活动支出】拼团反圈活动:0.00元,-,-,-,0.00,温州区域,温州直营,,,否,-,平台配送
圣比萨（温大C区店）,SBS00031,温州,"8005936089333194005	",饿了么,平台外卖,已完成,2025-10-23 16:41:15,2025-10-23 16:41:15,2025-10-23 16:41:15,饿了么支付-在线支付,,即时单,2025-10-23 16:41:15,10.22,自动出餐,1,否,蛋挞2个-单点（8.51*1）,蛋挞,,,,非会员,74,,,依据餐量提供餐具；手机尾号：5687；送上楼,,8.51,4.90,0.00,0.00,0,0,0.00,0.00,,【活动支出】拼团反圈活动:0.00元,-,-,-,0.00,温州区域,温州直营,,,否,-,平台配送
圣比萨（温大C区店）,SBS00031,温州,"8006380255456331155	",饿了么,平台外卖,已完成,2025-10-23 16:42:37,2025-10-23 16:42:37,2025-10-23 16:42:38,饿了么支付-在线支付,,即时单,2025-10-23 16:42:37,10.12,自动出餐,1,否,圣BBQ烤鸡肉手握披萨+冰凉粉+上楼-单点-高校配（14.61*1）,烤奥尔良鸡肉手握披萨+冰凉粉,,,,非会员,75,,,依据餐量提供餐具；手机尾号：6932；聚合送,,14.61,9.60,1.40,0.00,0,0,0.00,0.00,,【活动支出】拼团正招玩法:1.40元,-,-,-,0.00,温州区域,温州直营,,,否,-,平台配送
圣比萨（温大C区店）,SBS00031,温州,"8021450255544201518	",饿了么,平台外卖,已完成,2025-10-23 16:42:41,2025-10-23 16:42:41,2025-10-23 16:42:41,饿了么支付-在线支付,,即时单,2025-10-23 16:42:41,10.08,自动出餐,1,否,蛋挞2个-单点（8.51*1）,蛋挞,,,,非会员,76,,,依据餐量提供餐具；手机尾号：3095；送上楼,,8.51,4.90,0.00,0.00,0,0,0.00,0.00,,【活动支出】拼团反圈活动:0.00元,-,-,-,0.00,温州区域,温州直营,,,否,-,平台配送
圣比萨（温大C区店）,SBS00031,温州,"8093240255461477856	",饿了么,平台外卖,已完成,2025-10-23 16:48:58,2025-10-23 16:48:58,2025-10-23 16:48:58,饿了么支付-在线支付,,即时单,2025-10-23 16:48:58,10.15,自动出餐,1,否,圣BBQ烤鸡肉手握披萨+冰凉粉+上楼-单点-高校配（14.61*1）,烤奥尔良鸡肉手握披萨+冰凉粉,,,,非会员,77,,,依据餐量提供餐具；手机尾号：0968；送上楼,,14.61,9.60,1.40,0.00,0,0,0.00,0.00,,【活动支出】拼团正招玩法:1.40元,-,-,-,0.00,温州区域,温州直营,,,否,-,平台配送
圣比萨（温大C区店）,SBS00031,温州,"8063350255442057476	",饿了么,平台外卖,已完成,2025-10-23 16:48:58,2025-10-23 16:48:58,2025-10-23 16:48:58,饿了么支付-在线支付,,即时单,2025-10-23 16:48:58,10.13,自动出餐,1,否,番茄牛肉意面-单点（12.64*1）,番茄牛肉意面,,,,非会员,78,,,依据餐量提供餐具；手机尾号：5382；送上楼,,12.64,9.03,0.00,0.00,0,0,0.00,0.00,,【活动支出】拼团反圈活动:0.00元,-,-,-,0.00,温州区域,温州直营,,,否,-,平台配送
圣比萨（温大C区店）,SBS00031,温州,"8042626089369873850	",饿了么,平台外卖,已完成,2025-10-23 16:49:01,2025-10-23 16:49:01,2025-10-23 16:49:01,饿了么支付-在线支付,,即时单,2025-10-23 16:49:01,10.23,自动出餐,1,否,"【随心拼】双拼手握披萨[烤奥尔良鸡肉+牛肉蘑菇]（38.00*1）,送餐上楼【下午1-4点晚上7点之后放外卖柜】（0.00*1）,餐盒（1.00*1）",双拼手握披萨【烤奥尔良鸡肉】+送餐上楼,,,,非会员,79,,,依据餐量提供餐具；手机尾号：8409；聚合送,,38.00,12.93,22.10,0.00,0,0,0.77,0.00,1.60,【活动支出】单品特价:13.10元+【活动支出】粉丝群:2.00元+【活动支出】饿了么红包:7.00元+【活动支出】替用户承担配送费:1.6元,-,-,-,1.00,温州区域,温州直营,,,否,-,平台配送
圣比萨（温大C区店）,SBS00031,温州,"8093240255360870770	",饿了么,平台外卖,已完成,2025-10-23 16:52:33,2025-10-23 16:52:33,2025-10-23 16:52:33,饿了么支付-在线支付,,即时单,2025-10-23 16:52:33,10.08,自动出餐,1,否,蛋挞2个-单点（8.51*1）,蛋挞,,,,非会员,80,,,依据餐量提供餐具；手机尾号：0968；送上楼,,8.51,4.90,0.00,0.00,0,0,0.00,0.00,,【活动支出】拼团反圈活动:0.00元,-,-,-,0.00,温州区域,温州直营,,,否,-,平台配送
圣比萨（温大C区店）,SBS00031,温州,"8021460255360547195	",饿了么,平台外卖,已完成,2025-10-23 16:52:40,2025-10-23 16:52:40,2025-10-23 16:52:40,饿了么支付-在线支付,,即时单,2025-10-23 16:52:40,10.00,自动出餐,1,否,圣BBQ烤鸡肉手握披萨+冰凉粉+上楼-单点-高校配（14.61*1）,烤奥尔良鸡肉手握披萨+冰凉粉,,,,非会员,81,,,依据餐量提供餐具；手机尾号：9909；送上楼,,14.61,9.60,1.40,0.00,0,0,0.00,0.00,,【活动支出】拼团正招玩法:1.40元,-,-,-,0.00,温州区域,温州直营,,,否,-,平台配送
圣比萨（温大C区店）,SBS00031,温州,"8049150255556444466	",饿了么,平台外卖,已完成,2025-10-23 17:00:33,2025-10-23 17:00:33,2025-10-23 17:00:34,饿了么支付-在线支付,,即时单,2025-10-23 17:00:33,10.08,自动出餐,1,否,"送餐上楼【下午1-4点晚上7点之后放外卖柜】（0.00*1）,大圣招牌大满贯披萨-9英寸[{""name"":""规格"",""value"":""9英寸""}]（78.00*1）,葡式蛋挞1个（4.00*1）,特制猪油糕（18.00*1）,餐盒（2.50*1）",送餐上楼+大圣招牌大满贯披萨+蛋挞1个+特制猪油糕,,,,非会员,82,,,依据餐量提供餐具；手机尾号：1795；送上楼,,100.00,36.11,61.20,0.00,0,0,1.99,0.00,1.60,【活动支出】店铺满减:1.00元+【活动支出】单品特价:34.10元+【活动支出】单品特价:3.10元+【活动支出】单品特价:13.00元+【活动支出】饿了么红包:8.00元+【活动支出】精准营销:2.00元+【活动支出】替用户承担配送费:1.6元,-,-,-,2.50,温州区域,温州直营,,,否,-,平台配送
圣比萨（温大C区店）,SBS00031,温州,"8096190255451860257	",饿了么,平台外卖,已完成,2025-10-23 17:12:49,2025-10-23 17:12:49,2025-10-23 17:12:49,饿了么支付-在线支付,,即时单,2025-10-23 17:12:49,10.17,自动出餐,1,否,圣BBQ烤鸡肉手握披萨+冰凉粉+上楼-单点-高校配（14.61*1）,烤奥尔良鸡肉手握披萨+冰凉粉,,,,非会员,83,,,依据餐量提供餐具；手机尾号：2291；送上楼,,14.61,9.60,1.40,0.00,0,0,0.00,0.00,,【活动支出】拼团正招玩法:1.40元,-,-,-,0.00,温州区域,温州直营,,,否,-,平台配送
圣比萨（温大C区店）,SBS00031,温州,"8001956089336600946	",饿了么,平台外卖,已完成,2025-10-23 17:35:52,2025-10-23 17:35:52,2025-10-23 17:35:52,饿了么支付-在线支付,,即时单,2025-10-23 17:35:52,12.18,自动出餐,1,否,圣BBQ烤鸡肉手握披萨+冰凉粉+上楼-单点-高校配（14.61*1）,烤奥尔良鸡肉手握披萨+冰凉粉,,,,非会员,84,,,依据餐量提供餐具；手机尾号：2956；送上楼,,14.61,9.60,1.40,0.00,0,0,0.00,0.00,,【活动支出】拼团正招玩法:1.40元,-,-,-,0.00,温州区域,温州直营,,,否,-,平台配送
圣比萨（温大C区店）,SBS00031,温州,"8036230255388494261	",饿了么,平台外卖,已完成,2025-10-23 17:46:25,2025-10-23 17:46:25,2025-10-23 17:46:26,饿了么支付-在线支付,,即时单,2025-10-23 17:46:25,12.00,自动出餐,1,否,圣BBQ烤鸡肉手握披萨+冰凉粉+上楼-单点-高校配（14.61*1）,烤奥尔良鸡肉手握披萨+冰凉粉,,,,非会员,85,,,依据餐量提供餐具；手机尾号：0306；送上楼,,14.61,9.60,1.40,0.00,0,0,0.00,0.00,,【活动支出】拼团正招玩法:1.40元,-,-,-,0.00,温州区域,温州直营,,,否,-,平台配送
圣比萨（温大C区店）,SBS00031,温州,"8013696089375641010	",饿了么,平台外卖,已完成,2025-10-23 17:54:52,2025-10-23 17:54:52,2025-10-23 17:54:52,饿了么支付-在线支付,,即时单,2025-10-23 17:54:52,12.18,自动出餐,1,否,圣BBQ烤鸡肉手握披萨+冰凉粉+上楼-单点-高校配（14.61*1）,烤奥尔良鸡肉手握披萨+冰凉粉,,,,非会员,86,,,依据餐量提供餐具；手机尾号：8482；送上楼,,14.61,9.60,1.40,0.00,0,0,0.00,0.00,,【活动支出】拼团正招玩法:1.40元,-,-,-,0.00,温州区域,温州直营,,,否,-,平台配送
圣比萨（温大C区店）,SBS00031,温州,"8049320255487271212	",饿了么,平台外卖,已完成,2025-10-23 18:04:57,2025-10-23 18:04:57,2025-10-23 18:04:57,饿了么支付-在线支付,,即时单,2025-10-23 18:04:57,12.00,自动出餐,1,否,蛋挞2个-单点（8.51*1）,蛋挞,,,,非会员,87,,,依据餐量提供餐具；手机尾号：5394；送上楼,,8.51,4.90,0.00,0.00,0,0,0.00,0.00,,【活动支出】拼团反圈活动:0.00元,-,-,-,0.00,温州区域,温州直营,,,否,-,平台配送
圣比萨（温大C区店）,SBS00031,温州,"8037926089394176405	",饿了么,平台外卖,已完成,2025-10-23 18:23:47,2025-10-23 18:23:47,2025-10-23 18:23:48,饿了么支付-在线支付,,即时单,2025-10-23 18:23:47,12.05,自动出餐,1,否,圣BBQ烤鸡肉手握披萨+冰凉粉+上楼-单点-高校配（14.61*1）,烤奥尔良鸡肉手握披萨+冰凉粉,,,,非会员,88,,,依据餐量提供餐具；手机尾号：0058；聚合送,,14.61,9.60,1.40,0.00,0,0,0.00,0.00,,【活动支出】拼团正招玩法:1.40元,-,-,-,0.00,温州区域,温州直营,,,否,-,平台配送
圣比萨（温大C区店）,SBS00031,温州,"8008536089401646550	",饿了么,平台外卖,已完成,2025-10-23 18:28:12,2025-10-23 18:28:12,2025-10-23 18:28:12,饿了么支付-在线支付,,即时单,2025-10-23 18:28:12,12.10,自动出餐,1,否,"番茄牛肉意面（25.00*1）,BBQ烤鸡肉单人餐（58.00*1）,外卖柜取餐【有短信或者电话通知】（0.00*1）,葡式蛋挞1个（4.00*1）,餐盒（3.50*1）",番茄牛肉意面+烤奥尔良鸡肉手握披萨+冰豆花（额外加糖）+楼下自取+蛋挞1个,,,,非会员,89,,,依据餐量提供餐具；手机尾号：2940；送上楼,,87.00,36.02,49.30,0.00,0,0,1.98,0.00,1.60,【活动支出】店铺满减:1.00元+【活动支出】单品特价:6.10元+【活动支出】单品特价:31.10元+【活动支出】单品特价:3.10元+【活动支出】 商家自营销加码:2.00元+【活动支出】CPS商户叠加券:0.00元+【活动支出】饿了么红包:6.00元+【活动支出】替用户承担配送费:1.6元,-,-,-,3.50,温州区域,温州直营,,,否,-,平台配送
圣比萨（温大C区店）,SBS00031,温州,"8082140255604307248	",饿了么,平台外卖,已完成,2025-10-23 18:34:01,2025-10-23 18:34:01,2025-10-23 18:34:01,饿了么支付-在线支付,,即时单,2025-10-23 18:34:01,12.23,自动出餐,1,否,"招牌肉酱芝士焗饭（28.00*1）,送餐上楼【下午1-4点晚上7点之后放外卖柜】（0.00*1）,餐盒（1.00*1）",招牌肉酱芝士焗饭+送餐上楼,,,,非会员,90,,,依据餐量提供餐具；手机尾号：0597；送上楼,,28.00,15.78,9.10,0.00,0,0,0.92,0.00,1.60,【活动支出】单品特价:2.10元+【活动支出】精准营销:2.00元+【活动支出】饿了么红包:5.00元+【活动支出】替用户承担配送费:1.6元,-,-,-,1.00,温州区域,温州直营,,,否,-,平台配送
圣比萨（温大C区店）,SBS00031,温州,"8016946089417360649	",饿了么,平台外卖,已完成,2025-10-23 18:47:29,2025-10-23 18:47:29,2025-10-23 18:47:29,饿了么支付-在线支付,,即时单,2025-10-23 18:47:29,12.12,自动出餐,1,否,"外卖柜取餐【有短信或者电话通知】（0.00*1）,【随心拼】双拼手握披萨[烤奥尔良鸡肉+日系照烧鸡]（38.00*1）,餐盒（1.00*1）",楼下自取+双拼手握披萨【烤奥尔良鸡肉】+双拼手握披萨【日系照烧鸡】,,,,非会员,91,,,对骑手，放外卖柜 / 依据餐量提供餐具；手机尾号：1495；送上楼,,38.00,12.93,22.10,0.00,0,0,0.77,0.00,1.60,【活动支出】单品特价:13.10元+【活动支出】饿了么红包:7.00元+【活动支出】精准营销:2.00元+【活动支出】替用户承担配送费:1.6元,-,-,-,1.00,温州区域,温州直营,,,否,-,平台配送
圣比萨（宜山店）,SBS00019,温州,"8010440255258691955	",饿了么,平台外卖,已完成,2025-10-23 10:36:41,2025-10-23 10:36:41,2025-10-23 10:36:42,饿了么支付-在线支付,,即时单,2025-10-23 10:36:41,15.18,自动出餐,1,否,"碳烤鸡肉芝士焗饭（28.90*1）,餐盒（2.00*1）",碳烤鸡肉芝士焗饭,,,,非会员,1,,,对骑手到了请打18058350226 / 依据餐量提供餐具,,28.90,15.76,7.00,0.00,0,0,2.19,0.00,3.50,【活动支出】饿了么红包:7.00元+【活动支出】替用户承担配送费:3.5元,-,-,-,2.00,温州区域,温州直营,,,否,-,平台配送
圣比萨（宜山店）,SBS00019,温州,"8094390255226940718	",饿了么,平台外卖,已完成,2025-10-23 11:29:41,2025-10-23 11:29:41,2025-10-23 11:29:41,饿了么支付-在线支付,,即时单,2025-10-23 11:29:41,15.17,自动出餐,1,否,"新奥尔良烤鸡肉披萨-7英寸(手拍)[{""name"":""规格"",""value"":""7英寸(手拍)""}]（23.90*1）,餐盒（2.00*1）",新奥尔良烤鸡肉披萨,,,,非会员,2,,,1份餐具,,23.90,11.88,7.00,0.00,0,0,1.67,0.00,4.00,【活动支出】饿了么红包:7.00元+【活动支出】替用户承担配送费:4.0元,-,-,-,2.00,温州区域,温州直营,,,否,-,平台配送
圣比萨（宜山店）,SBS00019,温州,"8003926089240719810	",饿了么,平台外卖,已完成,2025-10-23 12:14:17,2025-10-23 12:14:17,2025-10-23 12:14:17,饿了么支付-在线支付,,即时单,2025-10-23 12:14:17,15.05,自动出餐,1,否,"奶酪芝士卷边（7英寸）（4.90*1）,新奥尔良烤鸡肉披萨-7英寸(手拍)[{""name"":""规格"",""value"":""7英寸(手拍)""}]（23.90*1）,餐盒（2.00*1）",奶酪芝士卷边7+新奥尔良烤鸡肉披萨,,,,非会员,3,,,依据餐量提供餐具,,28.80,14.77,7.00,0.00,0,0,2.18,0.00,5.00,【活动支出】饿了么红包:7.00元+【活动支出】替用户承担配送费:5.0元,-,-,-,2.00,温州区域,温州直营,,,否,-,平台配送
圣比萨（宜山店）,SBS00019,温州,"8097506089247739295	",饿了么,平台外卖,已完成,2025-10-23 12:23:59,2025-10-23 12:23:59,2025-10-23 12:24:00,饿了么支付-在线支付,,即时单,2025-10-23 12:23:59,15.07,自动出餐,1,否,"【任选】披萨随心配（31.90*1）,餐盒（2.00*1）",小可乐+小薯条+不加一+不加一+花果山披萨(7英寸(手拍)),,,,非会员,4,,,无需餐具,,31.90,18.44,7.00,0.00,0,0,2.51,0.00,3.50,【活动支出】 商家自营销加码:2.00元+【活动支出】饿了么红包:5.00元+【活动支出】替用户承担配送费:3.5元,-,-,-,2.00,温州区域,温州直营,,,否,-,平台配送
圣比萨（宜山店）,SBS00019,温州,"8011896089301882359	",饿了么,平台外卖,已完成,2025-10-23 14:37:15,2025-10-23 14:37:15,2025-10-23 14:37:15,饿了么支付-在线支付,,即时单,2025-10-23 14:37:15,15.13,自动出餐,1,否,"奶酪芝士卷边（7英寸）（4.90*1）,新奥尔良烤鸡肉披萨-7英寸(手拍)[{""name"":""规格"",""value"":""7英寸(手拍)""}]（23.90*1）,餐盒（2.00*1）",奶酪芝士卷边7+新奥尔良烤鸡肉披萨,,,,非会员,5,,,依据餐量提供餐具,,28.80,15.67,7.00,0.00,0,0,2.18,0.00,3.50,【活动支出】 商家自营销加码:2.00元+【活动支出】饿了么红包:5.00元+【活动支出】替用户承担配送费:3.5元,-,-,-,2.00,温州区域,温州直营,,,否,-,平台配送
圣比萨（宜山店）,SBS00019,温州,"8008616089341496740	",饿了么,平台外卖,已完成,2025-10-23 15:28:48,2025-10-23 15:28:48,2025-10-23 15:28:49,饿了么支付-在线支付,,即时单,2025-10-23 15:28:48,15.10,自动出餐,1,否,"奶酪芝士卷边（7英寸）（4.90*1）,新奥尔良烤鸡肉披萨-7英寸(手拍)[{""name"":""规格"",""value"":""7英寸(手拍)""}]（23.90*1）,餐盒（2.00*1）",奶酪芝士卷边7+新奥尔良烤鸡肉披萨,,,,非会员,6,,,依据餐量提供餐具,,28.80,15.67,7.00,0.00,0,0,2.18,0.00,3.50,【活动支出】饿了么红包:7.00元+【活动支出】替用户承担配送费:3.5元,-,-,-,2.00,温州区域,温州直营,,,否,-,平台配送
圣比萨（宜山店）,SBS00019,温州,"8087090255434121494	",饿了么,平台外卖,已完成,2025-10-23 16:22:14,2025-10-23 16:22:14,2025-10-23 16:22:15,饿了么支付-在线支付,,即时单,2025-10-23 16:22:14,15.12,自动出餐,1,否,"榴莲王披萨-7英寸(手拍)[{""name"":""规格"",""value"":""7英寸(手拍)""}]（39.90*1）,红薯薯泥流心卷边（7英寸）（4.90*1）,餐盒（2.00*1）",榴莲王披萨+红薯泥流心卷边7,,,,非会员,7,,,1份餐具,,44.80,24.76,11.50,0.00,0,0,3.39,0.00,3.50,【活动支出】店铺满减:1.00元+【活动支出】饿了么红包:10.50元+【活动支出】替用户承担配送费:3.5元,-,-,-,2.00,温州区域,温州直营,,,否,-,平台配送
圣比萨（宜山店）,SBS00019,温州,"8012776089353952731	",饿了么,平台外卖,已完成,2025-10-23 16:48:12,2025-10-23 16:48:12,2025-10-23 16:48:13,饿了么支付-在线支付,,即时单,2025-10-23 16:48:12,15.22,自动出餐,1,否,"奶酪芝士卷边（7英寸）（4.90*1）,缤纷水果披萨-7英寸(手拍)[{""name"":""规格"",""value"":""7英寸(手拍)""}]（25.90*1）,餐盒（2.00*1）",奶酪芝士卷边7+缤纷水果披萨,,,,非会员,8,,,依据餐量提供餐具,,30.80,19.25,5.00,0.00,0,0,2.60,0.00,4.00,【活动支出】饿了么红包:5.00元+【活动支出】替用户承担配送费:4.0元,-,-,-,2.00,温州区域,温州直营,,,否,-,平台配送
圣比萨（宜山店）,SBS00019,温州,"8097180255370619336	",饿了么,平台外卖,已完成,2025-10-23 17:17:02,2025-10-23 17:17:02,2025-10-23 17:17:02,饿了么支付-在线支付,,即时单,2025-10-23 17:17:02,15.20,自动出餐,1,否,"榴莲王披萨-7英寸(手拍)[{""name"":""规格"",""value"":""7英寸(手拍)""}]（39.90*1）,餐盒（2.00*1）",榴莲王披萨,,,,非会员,9,,,依据餐量提供餐具,,39.90,23.51,8.00,0.00,0,0,3.24,0.00,3.50,【活动支出】店铺满减:1.00元+【活动支出】饿了么红包:7.00元+【活动支出】替用户承担配送费:3.5元,-,-,-,2.00,温州区域,温州直营,,,否,-,平台配送
圣比萨（宜山店）,SBS00019,温州,"8028230255567974770	",饿了么,平台外卖,已完成,2025-10-23 17:25:18,2025-10-23 17:25:18,2025-10-23 17:25:18,饿了么支付-在线支付,,即时单,2025-10-23 17:25:18,15.08,自动出餐,1,否,"番茄牛肉意面（25.90*1）,餐盒（2.00*1）",番茄牛肉意面,,,,非会员,10,,,依据餐量提供餐具,,25.90,13.67,7.00,0.00,0,0,1.88,0.00,3.50,【活动支出】饿了么红包:7.00元+【活动支出】替用户承担配送费:3.5元,-,-,-,2.00,温州区域,温州直营,,,否,-,平台配送
圣比萨（宜山店）,SBS00019,温州,"8014766089360429393	",饿了么,平台外卖,已完成,2025-10-23 17:26:35,2025-10-23 17:26:35,2025-10-23 17:26:35,饿了么支付-在线支付,,即时单,2025-10-23 17:26:35,15.03,自动出餐,1,否,"【任选】披萨随心配（31.90*1）,餐盒（2.00*1）",小可乐+地道肠1根+不加一+不加一+新奥尔良烤鸡肉披萨(7英寸(手拍)),,,,非会员,11,,,依据餐量提供餐具,,31.90,18.44,7.00,0.00,0,0,2.51,0.00,3.50,【活动支出】 商家自营销加码:2.00元+【活动支出】饿了么红包:5.00元+【活动支出】替用户承担配送费:3.5元,-,-,-,2.00,温州区域,温州直营,,,否,-,平台配送
圣比萨（宜山店）,SBS00019,温州,"8026160255386608070	",饿了么,平台外卖,已完成,2025-10-23 17:44:09,2025-10-23 17:44:09,2025-10-23 17:44:09,饿了么支付-在线支付,,即时单,2025-10-23 17:44:09,15.02,自动出餐,1,否,"【随心❤️拼】7英寸双拼披萨（口味自选）[新奥尔良烤鸡肉+玉米沙拉]（26.90*1）,餐盒（2.00*1）",双拼7寸【奥尔良口味7】+双拼7寸【玉米沙拉口味7】,,,,非会员,12,,,依据餐量提供餐具,,26.90,14.57,7.00,0.00,0,0,1.98,0.00,3.50,【活动支出】饿了么红包:7.00元+【活动支出】替用户承担配送费:3.5元,-,-,-,2.00,温州区域,温州直营,,,否,-,平台配送
圣比萨（宜山店）,SBS00019,温州,"8074646089374643510	",饿了么,平台外卖,已完成,2025-10-23 17:49:33,2025-10-23 17:49:33,2025-10-23 17:49:34,饿了么支付-在线支付,,即时单,2025-10-23 17:49:33,15.00,自动出餐,1,否,"可口可乐[冷]（6.00*1）,新奥尔良烤鸡肉披萨-7英寸(手拍)[{""name"":""规格"",""value"":""7英寸(手拍)""}]（23.90*1）,红薯薯泥流心卷边（7英寸）（4.90*1）,餐盒（2.00*1）",小可乐+新奥尔良烤鸡肉披萨+红薯泥流心卷边7,,,,非会员,13,,,依据餐量提供餐具,,34.80,19.54,8.00,0.00,0,0,2.71,0.00,3.50,【活动支出】超会爆红包省钱包:8.00元+【活动支出】替用户承担配送费:3.5元,-,-,-,2.00,温州区域,温州直营,,,否,-,平台配送
圣比萨（宜山店）,SBS00019,温州,"8026330255485454660	",饿了么,平台外卖,已完成,2025-10-23 17:53:37,2025-10-23 17:53:37,2025-10-23 17:53:38,饿了么支付-在线支付,,即时单,2025-10-23 17:53:37,15.22,自动出餐,1,否,"【随心❤️拼】7英寸双拼披萨（口味自选）[新奥尔良烤鸡肉+新奥尔良烤鸡肉]（26.90*1）,餐盒（2.00*1）",双拼7寸【奥尔良口味7】+双拼7寸【奥尔良口味7】,,,,非会员,14,,,依据餐量提供餐具,,26.90,14.57,7.00,0.00,0,0,1.98,0.00,3.50,【活动支出】饿了么红包:7.00元+【活动支出】替用户承担配送费:3.5元,-,-,-,2.00,温州区域,温州直营,,,否,-,平台配送
圣比萨（宜山店）,SBS00019,温州,"8018576089375782204	",饿了么,平台外卖,已完成,2025-10-23 17:56:05,2025-10-23 17:56:05,2025-10-23 17:56:05,饿了么支付-在线支付,,即时单,2025-10-23 17:56:05,15.03,自动出餐,1,否,"【随心❤️拼】7英寸双拼披萨（口味自选）[新奥尔良烤鸡肉+碳烤鸡肉培根]（26.90*1）,餐盒（2.00*1）",双拼7寸【奥尔良口味7】+双拼7寸【碳烤鸡肉培根口味7】,,,,非会员,15,,,依据餐量提供餐具,,26.90,14.57,7.00,0.00,0,0,1.98,0.00,3.50,【活动支出】 商家自营销加码:2.00元+【活动支出】饿了么红包:5.00元+【活动支出】替用户承担配送费:3.5元,-,-,-,2.00,温州区域,温州直营,,,否,-,平台配送
圣比萨（宜山店）,SBS00019,温州,"8071946089415041296	",饿了么,平台外卖,已完成,2025-10-23 18:05:01,2025-10-23 18:05:01,2025-10-23 18:05:01,饿了么支付-在线支付,,即时单,2025-10-23 18:05:01,15.02,自动出餐,1,否,"新奥尔良烤鸡肉披萨-7英寸(手拍)[{""name"":""规格"",""value"":""7英寸(手拍)""}]（23.90*1）,️【任选】意面随心配（37.80*1）,红薯薯泥流心卷边（7英寸）（4.90*1）,餐盒（4.00*1）",新奥尔良烤鸡肉披萨+不加一+深海墨鱼丸(3个)+柠檬茶+番茄牛肉意面+金丝鸡排+红薯泥流心卷边7,,,,非会员,16,,,2份餐具,,66.60,38.44,18.00,0.00,0,0,5.21,0.00,3.50,【活动支出】店铺满减:6.00元+【活动支出】饿了么红包:12.00元+【活动支出】替用户承担配送费:3.5元,-,-,-,4.00,温州区域,温州直营,,,否,-,平台配送
圣比萨（宜山店）,SBS00019,温州,"8086996089400310268	",饿了么,平台外卖,已完成,2025-10-23 18:13:00,2025-10-23 18:13:00,2025-10-23 18:13:00,饿了么支付-在线支付,,即时单,2025-10-23 18:13:00,15.00,自动出餐,1,否,"番茄牛肉意面（25.90*1）,餐盒（2.00*1）",番茄牛肉意面,,,,非会员,17,,,1份餐具,,25.90,13.67,7.00,0.00,0,0,1.88,0.00,3.50,【活动支出】饿了么红包:7.00元+【活动支出】替用户承担配送费:3.5元,-,-,-,2.00,温州区域,温州直营,,,否,-,平台配送
圣比萨（宜山店）,SBS00019,温州,"8070916089366529528	",饿了么,平台外卖,已完成,2025-10-23 18:26:09,2025-10-23 18:26:09,2025-10-23 18:26:10,饿了么支付-在线支付,,即时单,2025-10-23 18:26:09,15.10,自动出餐,1,否,"️【任选】意面随心配（31.90*1）,餐盒（2.00*1）",不加一+地道肠1根+芒果汁+番茄培根意面+不加一,,,,非会员,18,,,"老板，我21号点的薯条没给我送的，麻烦补一下，不用打电话和敲门，十分感谢,（抱拳） / 依据餐量提供餐具",,31.90,18.44,7.00,0.00,0,0,2.51,0.00,3.50,【活动支出】饿了么红包:7.00元+【活动支出】替用户承担配送费:3.5元,-,-,-,2.00,温州区域,温州直营,,,否,-,平台配送
圣比萨（宜山店）,SBS00019,温州,"8090190255605289261	",饿了么,平台外卖,已完成,2025-10-23 18:36:50,2025-10-23 18:36:50,2025-10-23 18:36:50,饿了么支付-在线支付,,即时单,2025-10-23 18:36:50,15.05,自动出餐,1,否,"【任选】披萨随心配（36.80*1）,餐盒（2.00*1）",小可乐+深海墨鱼丸(3个)+不加一+盐酥鸡米花小份+新奥尔良烤鸡肉披萨(7英寸(手拍)),,,,非会员,19,,,依据餐量提供餐具,,36.80,20.44,9.00,0.00,0,0,2.81,0.00,3.50,【活动支出】店铺满减:1.00元+【活动支出】饿了么红包:8.00元+【活动支出】替用户承担配送费:3.5元,-,-,-,2.00,温州区域,温州直营,,,否,-,平台配送
圣比萨（宜山店）,SBS00019,温州,"8053140255520246147	",饿了么,平台外卖,已完成,2025-10-23 18:49:16,2025-10-23 18:49:16,2025-10-23 18:49:17,饿了么支付-在线支付,,即时单,2025-10-23 18:49:16,15.15,"初始值, 无意义",1,否,"新奥尔良烤鸡肉披萨-7英寸(手拍)[{""name"":""规格"",""value"":""7英寸(手拍)""}]（23.90*1）,餐盒（2.00*1）",新奥尔良烤鸡肉披萨,,,,非会员,20,,,依据餐量提供餐具,,23.90,11.88,7.00,0.00,0,0,1.67,0.00,3.50,【活动支出】饿了么红包:7.00元+【活动支出】替用户承担配送费:3.5元,-,-,-,2.00,温州区域,温州直营,,,否,-,平台配送
圣比萨（宜山店）,SBS00019,温州,"8071300255526602109	",饿了么,平台外卖,已完成,2025-10-23 18:58:42,2025-10-23 18:58:42,2025-10-23 18:58:43,饿了么支付-在线支付,,即时单,2025-10-23 18:58:42,15.22,自动出餐,1,否,"新奥尔良烤鸡肉披萨-7英寸(手拍)[{""name"":""规格"",""value"":""7英寸(手拍)""}]（23.90*1）,餐盒（2.00*1）",新奥尔良烤鸡肉披萨,,,,非会员,21,,,依据餐量提供餐具,,23.90,11.88,7.00,0.00,0,0,1.67,0.00,3.50,【活动支出】饿了么红包:7.00元+【活动支出】替用户承担配送费:3.5元,-,-,-,2.00,温州区域,温州直营,,,否,-,平台配送
圣比萨（宜山店）,SBS00019,温州,"8057926089444326721	",饿了么,平台外卖,已完成,2025-10-23 18:59:16,2025-10-23 18:59:16,2025-10-23 18:59:17,饿了么支付-在线支付,,即时单,2025-10-23 18:59:16,15.05,自动出餐,1,否,"【随心❤️拼】7英寸双拼披萨（口味自选）[缤纷水果+日系照烧鸡]（26.90*1）,餐盒（2.00*1）",双拼7寸【缤纷水果口味7】+双拼7寸【日系照烧口味7】,,,,非会员,22,,,依据餐量提供餐具,,26.90,13.67,7.00,0.00,0,0,1.98,0.00,5.60,【活动支出】饿了么红包:7.00元+【活动支出】替用户承担配送费:5.6元,-,-,-,2.00,温州区域,温州直营,,,否,-,平台配送
圣比萨（宜山店）,SBS00019,温州,"8095836089420160494	",饿了么,平台外卖,已完成,2025-10-23 19:09:37,2025-10-23 19:09:37,2025-10-23 19:09:37,饿了么支付-在线支付,,即时单,2025-10-23 19:09:37,15.15,自动出餐,1,否,"【任选】披萨随心配（37.80*1）,餐盒（2.00*1）",小可乐+小薯条+不加一+不加一+大圣招牌大满贯披萨(7英寸(手拍)),,,,非会员,23,,,依据餐量提供餐具,,37.80,20.44,10.00,0.00,0,0,2.81,0.00,3.50,【活动支出】店铺满减:1.00元+【活动支出】饿了么红包:9.00元+【活动支出】替用户承担配送费:3.5元,-,-,-,2.00,温州区域,温州直营,,,否,-,平台配送
圣比萨（宜山店）,SBS00019,温州,"8028200255640885600	",饿了么,平台外卖,已完成,2025-10-23 19:34:18,2025-10-23 19:34:18,2025-10-23 19:34:19,饿了么支付-在线支付,,即时单,2025-10-23 19:34:18,15.18,自动出餐,1,否,"【任选】焗饭随心配（31.90*1）,餐盒（2.00*1）",不加一+不加一+地道肠1根+咖喱鸡肉芝士焗饭+小雪碧,,,,非会员,24,,,依据餐量提供餐具,,31.90,16.64,7.00,0.00,0,0,2.51,0.00,5.60,【活动支出】饿了么红包:7.00元+【活动支出】替用户承担配送费:5.6元,-,-,-,2.00,温州区域,温州直营,,,否,-,平台配送
圣比萨（宜山店）,SBS00019,温州,"8085230255556433333	",饿了么,平台外卖,已完成,2025-10-23 20:03:36,2025-10-23 20:03:36,2025-10-23 20:03:37,饿了么支付-在线支付,,即时单,2025-10-23 20:03:36,15.05,自动出餐,1,否,"【任选】买一送一7英寸披萨（44.90*1）,餐盒（2.00*1）",花果山披萨(7英寸(手拍))+缤纷水果披萨(7英寸(手拍)),,,,非会员,25,,,要干净卫生，清淡，别放胡椒粉，别放辣椒，食材要新鲜，份量要足，特别一定要煮熟透些。对商家 / 无需餐具,,44.90,26.19,10.00,0.00,0,0,3.56,0.00,3.50,【活动支出】店铺满减:1.00元+【活动支出】饿了么红包:9.00元+【活动支出】替用户承担配送费:3.5元,-,-,-,2.00,温州区域,温州直营,,,否,-,平台配送
圣比萨（宜山店）,SBS00019,温州,"8077556089462129002	",饿了么,平台外卖,已完成,2025-10-23 20:35:18,2025-10-23 20:35:18,2025-10-23 20:35:19,饿了么支付-在线支付,,即时单,2025-10-23 20:35:18,15.07,自动出餐,1,否,"榴莲王披萨-7英寸(手拍)[{""name"":""规格"",""value"":""7英寸(手拍)""}]（39.90*1）,餐盒（2.00*1）",榴莲王披萨,,,,非会员,26,,,依据餐量提供餐具,,39.90,23.21,9.00,0.00,0,0,3.14,0.00,3.50,【活动支出】店铺满减:1.00元+【活动支出】饿了么红包:8.00元+【活动支出】替用户承担配送费:3.5元,-,-,-,2.00,温州区域,温州直营,,,否,-,平台配送
圣比萨（宜山店）,SBS00019,温州,"8086986089433018783	",饿了么,平台外卖,已完成,2025-10-23 20:38:49,2025-10-23 20:38:49,2025-10-23 20:38:50,饿了么支付-在线支付,,即时单,2025-10-23 20:38:49,15.23,自动出餐,1,否,"新奥尔良烤鸡肉披萨-7英寸(手拍)[{""name"":""规格"",""value"":""7英寸(手拍)""}]（23.90*1）,餐盒（2.00*1）",新奥尔良烤鸡肉披萨,,,,非会员,27,,,依据餐量提供餐具,,23.90,12.77,5.00,0.00,0,0,1.88,0.00,4.50,【活动支出】饿了么红包:5.00元+【活动支出】替用户承担配送费:4.5元,-,-,-,2.00,温州区域,温州直营,,,否,-,平台配送
圣比萨（宜山店）,SBS00019,温州,"8088010255481352687	",饿了么,平台外卖,已完成,2025-10-23 21:06:24,2025-10-23 21:06:24,2025-10-23 21:06:24,饿了么支付-在线支付,,即时单,2025-10-23 21:06:24,15.10,自动出餐,1,否,"点击右上角❤️收藏得小吃[上校鸡块2个]（3.00*1）,【任选8件套】三人套餐（74.90*1）,餐盒（2.00*1）",上校鸡块2个+新奥尔良烤鸡肉披萨(12英寸(手拍))+上校鸡块+上校鸡块+小薯条+小薯条+小可乐+小可乐+小可乐,,,,非会员,28,,,依据餐量提供餐具,,77.90,42.47,20.90,0.00,0,0,5.88,0.00,5.60,【活动支出】店铺满减:6.00元+【活动支出】单品特价:2.90元+【活动支出】饿了么红包:12.00元+【活动支出】替用户承担配送费:5.6元,-,-,-,2.00,温州区域,温州直营,,,否,-,平台配送
圣比萨（宜山店）,SBS00019,温州,"8038896089445450146	",饿了么,平台外卖,已完成,2025-10-23 21:22:39,2025-10-23 21:22:39,2025-10-23 21:22:39,饿了么支付-在线支付,,即时单,2025-10-23 21:22:39,15.15,自动出餐,1,否,"【任选】披萨随心配（51.60*1）,餐盒（2.00*1）",港式奶茶+蛋挞1个+芝士焗红薯泥+奥尔良烤翅+新奥尔良烤鸡肉披萨(7英寸(手拍)),,,,非会员,29,,,依据餐量提供餐具,,51.60,28.40,13.00,0.00,0,0,3.95,0.00,5.60,【活动支出】店铺满减:1.00元+【活动支出】饿了么红包:12.00元+【活动支出】替用户承担配送费:5.6元,-,-,-,2.00,温州区域,温州直营,,,否,-,平台配送
圣比萨（宜山店）,SBS00019,温州,"8043796089447156117	",饿了么,平台外卖,已完成,2025-10-23 21:23:57,2025-10-23 21:23:57,2025-10-23 21:23:57,饿了么支付-在线支付,,即时单,2025-10-23 21:23:57,15.22,自动出餐,1,否,"芝士焗红薯泥（10.90*1）,全翅桶（39.90*1）,咸蛋黄风味流沙卷边（7英寸）（4.90*1）,可口可乐[冷]（6.00*1）,【随心❤️拼】7英寸双拼披萨（口味自选）[玉米沙拉+碳烤鸡肉培根]（26.90*1）,餐盒（3.50*1）",芝士焗红薯泥+全翅桶+咸蛋黄流沙卷边7+小可乐+双拼7寸【玉米沙拉口味7】+双拼7寸【碳烤鸡肉培根口味7】,,,,非会员,30,,,依据餐量提供餐具,,88.60,62.82,6.00,0.00,0,0,8.73,0.00,6.60,【活动支出】店铺满减:6.00元+【活动支出】替用户承担配送费:6.0元,-,-,-,3.50,温州区域,温州直营,,,否,-,平台配送
圣比萨（宜山店）,SBS00019,温州,"8017856089471963409	",饿了么,平台外卖,已完成,2025-10-23 21:34:09,2025-10-23 21:34:09,2025-10-23 21:34:10,饿了么支付-在线支付,,即时单,2025-10-23 21:34:09,15.18,自动出餐,1,否,"缤纷水果披萨-7英寸(手拍)[{""name"":""规格"",""value"":""7英寸(手拍)""}]（25.90*1）,点击右上角❤️收藏得小吃[上校鸡块2个]（3.00*1）,蛋挞一个（原味）（3.90*1）,餐盒（2.50*1）",缤纷水果披萨+上校鸡块2个+蛋挞1个,,,,非会员,31,,,依据餐量提供餐具,,32.80,11.39,12.81,0.00,0,0,2.05,0.00,9.50,【活动支出】单品特价:2.90元+【活动支出】单品特价:2.91元+【活动支出】饿了么红包:7.00元+【活动支出】替用户承担配送费:6.0元,-,-,-,2.50,温州区域,温州直营,,,否,-,平台配送
圣比萨（宜山店）,SBS00019,温州,"8018380255593791840	",饿了么,平台外卖,已完成,2025-10-23 22:10:00,2025-10-23 22:10:00,2025-10-23 22:10:00,饿了么支付-在线支付,,即时单,2025-10-23 22:10:00,15.05,自动出餐,1,否,"新奥尔良烤鸡肉披萨-7英寸(手拍)[{""name"":""规格"",""value"":""7英寸(手拍)""}]（23.90*1）,餐盒（2.00*1）",新奥尔良烤鸡肉披萨,,,,非会员,32,,,无需餐具,用户申请取消单 其他原因，,23.90,11.38,7.00,0.00,0,0,1.67,0.00,5.60,【活动支出】饿了么红包:7.00元+【活动支出】替用户承担配送费:5.6元,-,-,-,2.00,温州区域,温州直营,,,否,-,平台配送
圣比萨（宜山店）,SBS00019,温州,"8095576089506526489	",饿了么,平台外卖,已完成,2025-10-23 22:39:20,2025-10-23 22:39:20,2025-10-23 22:39:20,饿了么支付-在线支付,,即时单,2025-10-23 22:39:20,15.17,自动出餐,1,否,"红薯薯泥流心卷边（7英寸）（4.90*1）,【随心❤️拼】7英寸双拼披萨（口味自选）[日系照烧鸡+新奥尔良烤鸡肉]（26.90*1）,餐盒（2.00*1）",红薯泥流心卷边7+双拼7寸【日系照烧口味7】+双拼7寸【奥尔良口味7】,,,,非会员,33,,,依据餐量提供餐具,,31.80,17.85,7.00,0.00,0,0,2.50,0.00,5.60,【活动支出】饿了么红包:7.00元+【活动支出】替用户承担配送费:5.6元,-,-,-,2.00,温州区域,温州直营,,,否,-,平台配送
圣比萨（苍南金乡店）,SBS00029,温州,"8010250255166396791	",饿了么,平台外卖,已完成,2025-10-23 10:42:40,2025-10-23 10:42:40,2025-10-23 10:42:40,饿了么支付-在线支付,,即时单,2025-10-23 10:42:40,10.80,手动出餐,1,否,手握三选一-单点[缤纷水果]（20.00*1）,热带雨林水果一人食盒子披萨,,,,非会员,1,,,依据餐量提供餐具,,20.00,10.00,0.00,0.00,0,0,0.00,0.00,,【活动支出】拼团反圈活动:0.00元,-,-,-,0.00,温州区域,温州直营,,,否,-,平台配送
圣比萨（苍南金乡店）,SBS00029,温州,"8083676089159586101	",饿了么,平台外卖,已完成,2025-10-23 11:11:04,2025-10-23 11:11:04,2025-10-23 11:11:05,饿了么支付-在线支付,,即时单,2025-10-23 11:11:04,14.57,手动出餐,1,否,"【任选5件套】披萨意面我全都要（132.90*1）,餐盒（1.00*1）",明星小食桶B+港式奶茶+小芬达+日系照烧鸡披萨(7英寸(手拍))+招牌肉酱意面,,,,非会员,2,,,依据餐量提供餐具,,132.90,36.83,83.10,0.00,0,0,5.02,0.00,3.50,【活动支出】店铺满减:6.00元+【活动支出】单品特价:68.10元+【活动支出】饿了么红包:9.00元+【活动支出】替用户承担配送费:3.5元,-,-,-,1.00,温州区域,温州直营,,,否,-,平台配送
圣比萨（苍南金乡店）,SBS00029,温州,"8011536089253504481	",饿了么,平台外卖,已完成,2025-10-23 13:42:23,2025-10-23 13:42:23,2025-10-23 13:42:23,饿了么支付-在线支付,,即时单,2025-10-23 13:42:23,13.70,手动出餐,1,否,"【任选3件套】个人披萨意面焗饭套餐随心配（74.00*1）,餐盒（1.00*1）",番茄牛肉意面+明星小食桶B+可乐,,,,非会员,3,,,依据餐量提供餐具,,74.00,23.21,42.10,0.00,0,0,3.14,0.00,3.50,【活动支出】店铺满减:1.00元+【活动支出】单品特价:32.10元+【活动支出】饿了么红包:9.00元+【活动支出】替用户承担配送费:3.5元,-,-,-,1.00,温州区域,温州直营,,,否,-,平台配送
圣比萨（苍南金乡店）,SBS00029,温州,"8082270255406003585	",饿了么,平台外卖,已完成,2025-10-23 14:03:31,2025-10-23 14:03:31,2025-10-23 14:03:31,饿了么支付-在线支付,,即时单,2025-10-23 14:03:31,12.15,手动出餐,1,否,"招牌肉酱芝士焗饭（52.00*1）,餐盒（1.00*1）",招牌肉酱芝士焗饭,,,,非会员,4,,,依据餐量提供餐具,,52.00,11.97,34.00,0.00,0,0,1.68,0.00,3.50,【活动支出】单品特价:27.00元+【活动支出】饿了么红包:7.00元+【活动支出】替用户承担配送费:3.5元,-,-,-,1.00,温州区域,温州直营,,,否,-,平台配送
圣比萨（苍南金乡店）,SBS00029,温州,"8077210255415415128	",饿了么,平台外卖,已完成,2025-10-23 15:04:32,2025-10-23 15:04:32,2025-10-23 15:04:32,饿了么支付-在线支付,,即时单,2025-10-23 15:04:32,13.62,手动出餐,1,否,"金沙咸蛋黄嫩鸡披萨-7英寸(手拍)[{""name"":""规格"",""value"":""7英寸(手拍)""}]（52.00*1）,餐盒（1.00*1）",金沙咸蛋黄嫩鸡披萨,,,,非会员,5,,,1份餐具,,52.00,12.78,33.10,0.00,0,0,1.77,0.00,3.50,【活动支出】单品特价:26.10元+【活动支出】饿了么红包:7.00元+【活动支出】替用户承担配送费:3.5元,-,-,-,1.00,温州区域,温州直营,,,否,-,平台配送
圣比萨（苍南金乡店）,SBS00029,温州,"8074776089369433388	",饿了么,平台外卖,已完成,2025-10-23 18:23:28,2025-10-23 18:23:28,2025-10-23 18:23:29,饿了么支付-在线支付,,即时单,2025-10-23 18:23:28,10.28,手动出餐,1,否,"缤纷水果披萨-7英寸(手拍)[{""name"":""规格"",""value"":""7英寸(手拍)""}]（42.00*1）,餐盒（1.00*1）",缤纷水果披萨,,,,非会员,6,,,依据餐量提供餐具,,42.00,12.78,23.10,0.00,0,0,1.77,0.00,3.50,【活动支出】单品特价:16.10元+【活动支出】 商家自营销加码:2.00元+【活动支出】饿了么红包:5.00元+【活动支出】替用户承担配送费:3.5元,-,-,-,1.00,温州区域,温州直营,,,否,-,平台配送
圣比萨（苍南金乡店）,SBS00029,温州,"8074776089394631040	",饿了么,平台外卖,已完成,2025-10-23 18:24:36,2025-10-23 18:24:36,2025-10-23 18:24:36,饿了么支付-在线支付,,即时单,2025-10-23 18:24:36,9.18,手动出餐,1,否,"黑椒牛肉意面（52.00*1）,餐盒（1.00*1）",黑椒牛肉意面,,,,非会员,7,,,依据餐量提供餐具,,52.00,15.55,30.00,0.00,0,0,2.10,0.00,3.50,【活动支出】单品特价:23.00元+【活动支出】饿了么红包:7.00元+【活动支出】替用户承担配送费:3.5元,-,-,-,1.00,温州区域,温州直营,,,否,-,平台配送
圣比萨（苍南金乡店）,SBS00029,温州,"8044796089442621937	",饿了么,平台外卖,已完成,2025-10-23 19:39:58,2025-10-23 19:39:58,2025-10-23 19:39:58,饿了么支付-在线支付,,即时单,2025-10-23 19:39:58,11.13,手动出餐,1,否,"榴莲王披萨-9英寸(手拍)[{""name"":""规格"",""value"":""9英寸(手拍)""}]（92.00*1）,餐盒（1.00*1）",榴莲王披萨,,,,非会员,8,,,依据餐量提供餐具,,92.00,34.84,45.10,0.00,0,0,4.71,0.00,3.50,【活动支出】店铺满减:1.00元+【活动支出】单品特价:39.10元+【活动支出】饿了么红包:5.00元+【活动支出】替用户承担配送费:3.5元,-,-,-,1.00,温州区域,温州直营,,,否,-,平台配送
圣比萨（苍南金乡店）,SBS00029,温州,"8023420255574310188	",饿了么,平台外卖,已完成,2025-10-23 21:13:25,2025-10-23 21:13:25,2025-10-23 21:13:25,饿了么支付-在线支付,,即时单,2025-10-23 21:13:25,11.27,手动出餐,1,否,"经典薯条（18.00*1）,台式香烤地道肠（7.50*1）,可乐[冷]（5.00*1）,番茄牛肉意面（52.00*1）,餐盒（3.00*1）",经典薯条+地道肠1根+可乐+番茄牛肉意面,,,,非会员,9,,,1份餐具,,82.50,25.72,47.90,0.00,0,0,3.63,0.00,5.60,【活动支出】店铺满减:1.00元+【活动支出】单品特价:9.00元+【活动支出】单品特价:2.50元+【活动支出】单品特价:26.40元+【活动支出】饿了么红包:9.00元+【活动支出】替用户承担配送费:5.6元,-,-,-,3.00,温州区域,温州直营,,,否,-,平台配送
圣比萨（苍南金乡店）,SBS00029,温州,"8087726089497922951	",饿了么,平台外卖,已完成,2025-10-23 22:01:07,2025-10-23 22:01:07,2025-10-23 22:01:07,饿了么支付-在线支付,,即时单,2025-10-23 22:01:07,14.47,手动出餐,1,否,"新奥尔良烤鸡肉披萨-12寸(手拍)[{""name"":""规格"",""value"":""12寸(手拍)""}]（109.00*1）,餐盒（1.00*1）",新奥尔良烤鸡肉披萨,,,,非会员,10,,,依据餐量提供餐具,,109.00,29.57,68.10,0.00,0,0,4.08,0.00,5.60,【活动支出】店铺满减:6.00元+【活动支出】单品特价:49.10元+【活动支出】粉丝群:1.00元+【活动支出】饿了么红包:12.00元+【活动支出】替用户承担配送费:5.6元,-,-,-,1.00,温州区域,温州直营,,,否,-,平台配送
圣比萨（苍南金乡店）,SBS00029,温州,"8043410255682401787	",饿了么,平台外卖,已完成,2025-10-23 22:11:45,2025-10-23 22:11:45,2025-10-23 22:11:45,饿了么支付-在线支付,,即时单,2025-10-23 22:11:45,11.92,手动出餐,1,否,"牛肉蘑菇披萨-7英寸(经典手拍)[{""name"":""规格"",""value"":""7英寸(经典手拍)""}]（45.00*1）,餐盒（2.00*1）",炙热牛魔王披萨,,,,非会员,11,,,依据餐量提供餐具,,45.00,12.28,27.10,0.00,0,0,1.77,0.00,5.60,【活动支出】单品特价:19.10元+【活动支出】粉丝群:1.00元+【活动支出】饿了么红包:7.00元+【活动支出】替用户承担配送费:5.6元,-,-,-,2.00,温州区域,温州直营,,,否,-,平台配送
圣比萨（苍南金乡店）,SBS00029,温州,"8099320255499729272	",饿了么,平台外卖,已完成,2025-10-23 22:36:53,2025-10-23 22:36:53,2025-10-23 22:36:53,饿了么支付-在线支付,,即时单,2025-10-23 22:36:53,14.85,手动出餐,1,否,"【任选3件套】个人披萨意面焗饭套餐随心配（79.90*1）,餐盒（1.00*1）",新奥尔良烤鸡肉披萨(7英寸(手拍))+明星小食桶C+柠檬茶,,,,非会员,12,,,依据餐量提供餐具,,79.90,26.79,42.10,0.00,0,0,3.76,0.00,6.50,【活动支出】店铺满减:1.00元+【活动支出】单品特价:32.10元+【活动支出】饿了么红包:9.00元+【活动支出】替用户承担配送费:6.0元,-,-,-,1.00,温州区域,温州直营,,,否,-,平台配送
圣比萨（双塔店）,SBS00037,温州,"8092786089060495730	",饿了么,平台外卖,已完成,2025-10-22 22:44:21,2025-10-22 22:44:21,2025-10-22 22:44:21,饿了么支付-在线支付,,预约单,2025-10-23 11:25:00,715.75,自动出餐,1,否,"新奥尔良烤鸡肉披萨-12英寸[{""name"":""规格"",""value"":""12英寸""}]（99.00*1）,餐盒（1.00*1）",新奥尔良烤鸡肉披萨,,,,非会员,1,,,6份餐具,,99.00,31.26,56.10,0.00,0,0,4.29,0.00,3.90,【活动支出】店铺满减:1.00元+【活动支出】单品特价:47.10元+【活动支出】饿了么红包:8.00元+【活动支出】替用户承担配送费:3.9元,-,-,-,1.00,温州区域,温州直营,,,否,-,平台配送
圣比萨（双塔店）,SBS00037,温州,"8037390255188141414	",饿了么,平台外卖,已完成,2025-10-22 22:48:49,2025-10-22 22:48:49,2025-10-22 22:48:49,饿了么支付-在线支付,,预约单,2025-10-23 11:05:00,688.82,手动出餐,1,否,"任选披萨7选1+小吃6选1+饮品[圣比招牌披萨7英寸+上校鸡块4个+小可乐]（70.00*1）,餐盒（2.00*1）",大圣招牌大满贯披萨【7英寸(手拍)】+上校鸡块+小可乐,,,,非会员,2,,,可乐不要冰的/ 2份餐具,,70.00,18.44,45.10,0.00,0,0,2.51,0.00,3.90,【活动支出】单品特价:38.10元+【活动支出】饿了么红包:7.00元+【活动支出】替用户承担配送费:3.9元,-,-,-,2.00,温州区域,温州直营,,,否,-,平台配送
圣比萨（双塔店）,SBS00037,温州,"8092786089110941012	",饿了么,平台外卖,已完成,2025-10-22 22:49:20,2025-10-22 22:49:20,2025-10-22 22:49:20,饿了么支付-在线支付,,预约单,2025-10-23 11:25:00,710.80,自动出餐,1,否,"黑椒牛肉芝士焗饭（52.00*1）,番茄牛肉意面（52.00*1）,招牌肉酱意面（52.00*1）,餐盒（6.00*1）",黑椒牛肉芝士焗饭+番茄牛肉意面+招牌肉酱意面,,,,非会员,3,,,麻烦和上一单披萨一起送谢谢 / 7份餐具,,156.00,50.16,94.30,0.00,0,0,6.79,0.00,3.90,【活动支出】店铺满减:6.00元+【活动支出】单品特价:24.10元+【活动支出】单品特价:28.10元+【活动支出】单品特价:24.10元+【活动支出】饿了么红包:12.00元+【活动支出】替用户承担配送费:3.9元,-,-,-,6.00,温州区域,温州直营,,,否,-,平台配送
圣比萨（双塔店）,SBS00037,温州,"8085576089074406905	",饿了么,平台外卖,已完成,2025-10-23 00:34:30,2025-10-23 00:34:30,2025-10-23 00:34:30,饿了么支付-在线支付,,即时单,2025-10-23 00:34:30,8.43,手动出餐,1,否,"7英寸披萨一人食土豪餐[奥尔良鸡肉披萨7英寸+地道肠1根+金丝鸡排1个+港式奶茶]（66.00*1）,餐盒（2.00*1）",新奥尔良烤鸡肉披萨【7英寸(手拍)】+地道肠【1根】+金丝鸡排+港式奶茶,,,,非会员,4,,,依据餐量提供餐具,,66.00,16.33,38.10,0.00,0,0,2.82,0.00,9.30,【活动支出】单品特价:31.10元+【活动支出】吃货豆兑换的商家券:5.00元+【活动支出】 商家自营销加码:2.00元+【活动支出】替用户承担配送费:6.0元,-,-,-,2.00,温州区域,温州直营,,,否,-,平台配送
圣比萨（双塔店）,SBS00037,温州,"8001986089104364867	",饿了么,平台外卖,已完成,2025-10-23 01:11:05,2025-10-23 01:11:05,2025-10-23 01:11:05,饿了么支付-在线支付,,即时单,2025-10-23 01:11:05,9.78,手动出餐,1,否,"7英寸披萨一人食土豪餐[日系照烧鸡披萨7英寸+地道肠1根+深海墨鱼丸3个+小可乐]（66.00*1）,碳烤鸡肉芝士焗饭（52.00*1）,餐盒（4.00*1）",日系照烧鸡披萨【7英寸(手拍)】+地道肠【1根】+深海墨鱼丸3个+小可乐+碳烤鸡肉芝士焗饭,,,,非会员,5,,,依据餐量提供餐具,,118.00,34.39,70.80,0.00,0,0,5.06,0.00,8.10,【活动支出】店铺满减:6.00元+【活动支出】单品特价:31.10元+【活动支出】单品特价:24.10元+【活动支出】饿了么红包:9.60元+【活动支出】替用户承担配送费:6.0元,-,-,-,4.00,温州区域,温州直营,,,否,-,平台配送
圣比萨（双塔店）,SBS00037,温州,"8056856089165953380	",饿了么,平台外卖,已完成,2025-10-23 11:17:16,2025-10-23 11:17:16,2025-10-23 11:17:16,饿了么支付-在线支付,,即时单,2025-10-23 11:17:16,6.95,手动出餐,1,否,"任选披萨7选1+小吃6选1+饮品[缤纷水果披萨7英寸+盐酥鸡米花小份+芒果汁]（70.00*1）,餐盒（2.00*1）",缤纷水果披萨【7英寸(手拍)】+盐酥鸡米花小份+芒果汁,,,,非会员,6,,,依据餐量提供餐具,,70.00,18.44,45.10,0.00,0,0,2.51,0.00,3.90,【活动支出】单品特价:38.10元+【活动支出】饿了么红包:7.00元+【活动支出】替用户承担配送费:3.9元,-,-,-,2.00,温州区域,温州直营,,,否,-,平台配送
圣比萨（双塔店）,SBS00037,温州,"8061706089230421500	",饿了么,平台外卖,已完成,2025-10-23 11:25:54,2025-10-23 11:25:54,2025-10-23 11:25:54,饿了么支付-在线支付,,即时单,2025-10-23 11:25:54,6.87,手动出餐,1,否,"新奥尔良烤鸡肉披萨-7英寸[{""name"":""规格"",""value"":""7英寸""}]（39.00*1）,餐盒（2.00*1）",新奥尔良烤鸡肉披萨,,,,非会员,7,,,依据餐量提供餐具,,39.00,10.98,22.10,0.00,0,0,1.67,0.00,4.90,【活动支出】单品特价:16.10元+【活动支出】饿了么红包:6.00元+【活动支出】替用户承担配送费:4.9元,-,-,-,2.00,温州区域,温州直营,,,否,-,平台配送
圣比萨（双塔店）,SBS00037,温州,"8097270255428999540	",饿了么,平台外卖,已完成,2025-10-23 11:43:12,2025-10-23 11:43:12,2025-10-23 11:43:12,饿了么支付-在线支付,,即时单,2025-10-23 11:43:12,12.13,自动出餐,1,否,新奥尔良烤鸡肉披萨7寸-拼团（20.60*1）,新奥尔良烤鸡肉披萨【7英寸(手拍)】,,,,非会员,8,,,依据餐量提供餐具,,20.60,12.00,0.00,0.00,0,0,0.00,0.00,,【活动支出】拼团反圈活动:0.00元,-,-,-,0.00,温州区域,温州直营,,,否,-,平台配送
圣比萨（双塔店）,SBS00037,温州,"8002606089234201893	",饿了么,平台外卖,已完成,2025-10-23 11:59:50,2025-10-23 11:59:50,2025-10-23 11:59:50,饿了么支付-在线支付,,即时单,2025-10-23 11:59:50,7.55,手动出餐,1,否,"碳烤鸡肉培根披萨-7英寸[{""name"":""规格"",""value"":""7英寸""}]（45.99*1）,明星小食桶B（36.00*1）,餐盒（4.00*1）",碳烤鸡肉培根披萨+明星小食桶B,,,,非会员,9,,,依据餐量提供餐具,,81.99,31.17,42.19,0.00,0,0,4.28,0.00,3.90,【活动支出】店铺满减:1.00元+【活动支出】单品特价:20.09元+【活动支出】单品特价:9.10元+【活动支出】饿了么红包:12.00元+【活动支出】替用户承担配送费:3.9元,-,-,-,4.00,温州区域,温州直营,,,否,-,平台配送
圣比萨（双塔店）,SBS00037,温州,"8074030255388369274	",饿了么,平台外卖,已完成,2025-10-23 13:33:33,2025-10-23 13:33:33,2025-10-23 13:33:34,饿了么支付-在线支付,,即时单,2025-10-23 13:33:33,6.15,手动出餐,1,否,"【随心拼】7英寸披萨(口味自选）[奥尔良+培根鸡肉]（54.00*1）,餐盒（2.00*1）",双拼7寸【奥尔良口味7】+双拼7寸【碳烤鸡肉培根口味7】,,,,非会员,10,,,依据餐量提供餐具,,54.00,12.77,34.10,0.00,0,0,1.98,0.00,6.00,【活动支出】单品特价:27.10元+【活动支出】饿了么红包:7.00元+【活动支出】替用户承担配送费:6.0元,-,-,-,2.00,温州区域,温州直营,,,否,-,平台配送
圣比萨（双塔店）,SBS00037,温州,"8044686089265129860	",饿了么,平台外卖,已完成,2025-10-23 14:02:57,2025-10-23 14:02:57,2025-10-23 14:02:58,饿了么支付-在线支付,,即时单,2025-10-23 14:02:57,10.07,自动出餐,1,否,"榴莲王披萨.-9英寸[{""name"":""规格"",""value"":""9英寸""}]（69.00*1）,餐盒（1.00*1）",榴莲王披萨,,,,非会员,11,,,2份餐具,,69.00,24.40,35.10,0.00,0,0,3.35,0.00,3.90,【活动支出】店铺满减:1.00元+【活动支出】单品特价:25.10元+【活动支出】饿了么红包:9.00元+【活动支出】替用户承担配送费:3.9元,-,-,-,1.00,温州区域,温州直营,,,否,-,平台配送
圣比萨（双塔店）,SBS00037,温州,"8090996089314857465	",饿了么,平台外卖,已完成,2025-10-23 14:52:11,2025-10-23 14:52:11,2025-10-23 14:52:11,饿了么支付-在线支付,,即时单,2025-10-23 14:52:11,8.63,手动出餐,1,否,手握三选一+二选一+可乐-单点[缤纷水果+上校鸡块 2 块+可乐]（24.00*1）,小可乐+热带雨林水果一人食盒子披萨+上校鸡块2个,,,,非会员,12,,,依据餐量提供餐具,,24.00,14.00,0.00,0.00,0,0,0.00,0.00,,【活动支出】拼团反圈活动:0.00元,-,-,-,0.00,温州区域,温州直营,,,否,-,平台配送
圣比萨（双塔店）,SBS00037,温州,"8051120255326474685	",饿了么,平台外卖,已完成,2025-10-23 14:54:32,2025-10-23 14:54:32,2025-10-23 14:54:32,饿了么支付-在线支付,,即时单,2025-10-23 14:54:32,6.38,手动出餐,1,否,"榴莲王披萨.-9英寸[{""name"":""规格"",""value"":""9英寸""}]（69.00*1）,经典薯条（12.00*1）,餐盒（2.00*1）",榴莲王披萨+经典薯条,,,,非会员,13,,,依据餐量提供餐具,,81.00,32.06,38.20,0.00,0,0,4.39,0.00,3.90,【活动支出】店铺满减:1.00元+【活动支出】单品特价:25.10元+【活动支出】单品特价:3.10元+【活动支出】饿了么红包:9.00元+【活动支出】替用户承担配送费:3.9元,-,-,-,2.00,温州区域,温州直营,,,否,-,平台配送
圣比萨（双塔店）,SBS00037,温州,"8043370255427231000	",饿了么,平台外卖,已完成,2025-10-23 15:02:51,2025-10-23 15:02:51,2025-10-23 15:02:51,饿了么支付-在线支付,,即时单,2025-10-23 15:02:51,6.20,手动出餐,1,否,"任选披萨7选1+小吃6选1+饮品[玉米沙拉披萨7英寸+深海墨鱼丸3个+小可乐]（70.00*1）,餐盒（2.00*1）",玉米沙拉披萨【7英寸(手拍)】+深海墨鱼丸3个+小可乐,,,,非会员,14,,,依据餐量提供餐具,,70.00,16.65,47.10,0.00,0,0,2.30,0.00,4.40,【活动支出】单品特价:38.10元+【活动支出】 商家自营销加码:2.00元+【活动支出】粉丝群:2.00元+【活动支出】饿了么红包:5.00元+【活动支出】替用户承担配送费:4.4元,-,-,-,2.00,温州区域,温州直营,,,否,-,平台配送
圣比萨（双塔店）,SBS00037,温州,"8035120255542952370	",饿了么,平台外卖,已完成,2025-10-23 16:43:17,2025-10-23 16:43:17,2025-10-23 16:43:18,饿了么支付-在线支付,,即时单,2025-10-23 16:43:17,4.12,手动出餐,1,否,"番茄牛肉意面（52.00*1）,餐盒（2.00*1）",番茄牛肉意面,,,,非会员,15,,,依据餐量提供餐具,,52.00,10.09,37.10,0.00,0,0,1.46,0.00,3.90,【活动支出】单品特价:28.10元+【活动支出】粉丝群:2.00元+【活动支出】饿了么红包:7.00元+【活动支出】淘金币:0.00元+【活动支出】替用户承担配送费:3.9元,-,-,-,2.00,温州区域,温州直营,,,否,-,平台配送
圣比萨（双塔店）,SBS00037,温州,"8016310255546546478	",饿了么,平台外卖,已完成,2025-10-23 16:48:30,2025-10-23 16:48:30,2025-10-23 16:48:31,饿了么支付-在线支付,,即时单,2025-10-23 16:48:30,9.53,手动出餐,1,否,"芒果汁[冷]（10.00*1）,缤纷水果披萨-7英寸[{""name"":""规格"",""value"":""7英寸""}]（45.99*1）,奥尔良烤翅（14.88*1）,经典薯条（12.00*1）,深海墨鱼丸-3个[{""name"":""规格"",""value"":""3个""}]（10.60*1）,餐盒（6.00*1）",芒果汁+缤纷水果披萨+奥尔良烤翅+经典薯条+深海墨鱼丸,,,,非会员,16,,,无需餐具,,93.47,37.55,47.87,0.00,0,0,5.10,0.00,3.90,【活动支出】店铺满减:6.00元+【活动支出】单品特价:4.00元+【活动支出】单品特价:20.09元+【活动支出】单品特价:1.98元+【活动支出】单品特价:3.10元+【活动支出】单品特价:4.70元+【活动支出】超会爆红包省钱包:8.00元+【活动支出】替用户承担配送费:3.9元,-,-,-,6.00,温州区域,温州直营,,,否,-,平台配送
圣比萨（双塔店）,SBS00037,温州,"8002460255448288667	",饿了么,平台外卖,已完成,2025-10-23 16:53:18,2025-10-23 16:53:18,2025-10-23 16:53:18,饿了么支付-在线支付,,即时单,2025-10-23 16:53:18,10.05,自动出餐,1,否,"可乐[冷]（6.00*1）,缤纷水果披萨-7英寸[{""name"":""规格"",""value"":""7英寸""}]（45.99*1）,餐盒（2.00*1）",可乐+缤纷水果披萨,,,,非会员,17,,,1份餐具,,51.99,17.55,28.09,0.00,0,0,2.40,0.00,3.90,【活动支出】单品特价:1.00元+【活动支出】单品特价:20.09元+【活动支出】饿了么红包:7.00元+【活动支出】替用户承担配送费:3.9元,-,-,-,2.00,温州区域,温州直营,,,否,-,平台配送
圣比萨（双塔店）,SBS00037,温州,"8005190255360585106	",饿了么,平台外卖,已完成,2025-10-23 16:59:17,2025-10-23 16:59:17,2025-10-23 16:59:17,饿了么支付-在线支付,,即时单,2025-10-23 16:59:17,10.02,自动出餐,1,否,"经典薯条（12.00*1）,任选披萨7选1+小吃6选1+饮品[圣比招牌披萨7英寸+上校鸡块4个+芒果汁]（70.00*1）,餐盒（3.00*1）",经典薯条+大圣招牌大满贯披萨【7英寸(手拍)】+上校鸡块+芒果汁,,,,非会员,18,,,依据餐量提供餐具,"餐厅同意退单 ",82.00,14.88,51.20,6.74,0,0,3.23,0.00,6.60,【活动支出】店铺满减:1.00元+【活动支出】单品特价:3.10元+【活动支出】单品特价:38.10元+【活动支出】饿了么红包:9.00元+【活动支出】替用户承担配送费:6.0元,-,-,-,3.00,温州区域,温州直营,,,否,-,平台配送
圣比萨（双塔店）,SBS00037,温州,"8059666089345145328	",饿了么,平台外卖,已完成,2025-10-23 17:00:36,2025-10-23 17:00:36,2025-10-23 17:00:37,饿了么支付-在线支付,,即时单,2025-10-23 17:00:36,10.20,自动出餐,1,否,"点击右上角❤️收藏得小吃[上校鸡块1个]（2.00*2）,圣比至尊披萨-7英寸[{""name"":""规格"",""value"":""7英寸""}]（45.99*1）,餐盒（3.00*1）",上校鸡块1个+大圣招牌大满贯披萨,,,,非会员,19,,,依据餐量提供餐具,,49.99,17.72,25.89,0.00,0,0,2.53,0.00,5.40,【活动支出】单品特价:1.90元+【活动支出】单品特价:12.09元+【活动支出】精准营销:1.90元+【活动支出】粉丝群:2.00元+【活动支出】饿了么红包:8.00元+【活动支出】替用户承担配送费:5.4元,-,-,-,3.00,温州区域,温州直营,,,否,-,平台配送
圣比萨（双塔店）,SBS00037,温州,"8019986089323126216	",饿了么,平台外卖,已完成,2025-10-23 17:06:06,2025-10-23 17:06:06,2025-10-23 17:06:07,饿了么支付-在线支付,,即时单,2025-10-23 17:06:06,10.20,自动出餐,1,否,"缤纷水果披萨-12英寸[{""name"":""规格"",""value"":""12英寸""}]（99.00*1）,餐盒（1.00*1）",缤纷水果披萨,,,,非会员,20,,,1份餐具,,99.00,32.15,55.10,0.00,0,0,4.40,0.00,3.90,【活动支出】店铺满减:1.00元+【活动支出】单品特价:47.10元+【活动支出】 商家自营销加码:2.00元+【活动支出】饿了么红包:5.00元+【活动支出】替用户承担配送费:3.9元,-,-,-,1.00,温州区域,温州直营,,,否,-,平台配送
圣比萨（双塔店）,SBS00037,温州,"8095190255464745417	",饿了么,平台外卖,已完成,2025-10-23 17:06:54,2025-10-23 17:06:54,2025-10-23 17:06:54,饿了么支付-在线支付,,即时单,2025-10-23 17:06:54,10.08,自动出餐,1,否,手握三选一-单点[奥尔良]（20.00*1）,奥尔良风情烤鸡肉一人食盒子披萨,,,,非会员,21,,,1份餐具,,20.00,10.00,0.00,0.00,0,0,0.00,0.00,,【活动支出】拼团反圈活动:0.00元,-,-,-,0.00,温州区域,温州直营,,,否,-,平台配送
圣比萨（双塔店）,SBS00037,温州,"8019986089348230591	",饿了么,平台外卖,已完成,2025-10-23 17:07:44,2025-10-23 17:07:44,2025-10-23 17:07:44,饿了么支付-在线支付,,即时单,2025-10-23 17:07:44,10.00,自动出餐,1,否,"7英寸披萨一人食土豪餐[奥尔良鸡肉披萨7英寸+地道肠1根+深海墨鱼丸3个+小可乐]（66.00*1）,餐盒（2.00*1）",新奥尔良烤鸡肉披萨【7英寸(手拍)】+地道肠【1根】+深海墨鱼丸3个+小可乐,,,,非会员,22,,,1份餐具,,66.00,22.32,36.10,0.00,0,0,3.03,0.00,3.90,【活动支出】单品特价:31.10元+【活动支出】饿了么红包:5.00元+【活动支出】替用户承担配送费:3.9元,-,-,-,2.00,温州区域,温州直营,,,否,-,平台配送
圣比萨（双塔店）,SBS00037,温州,"8012480255563225378	",饿了么,平台外卖,已完成,2025-10-23 17:23:53,2025-10-23 17:23:53,2025-10-23 17:23:53,饿了么支付-在线支付,,即时单,2025-10-23 17:23:53,5.52,手动出餐,1,否,"任意爆款意面一人食套餐[番茄牛肉意面+上校鸡块4个+柠檬茶]（57.00*1）,餐盒（2.00*1）",番茄牛肉意面+上校鸡块+柠檬茶,,,,非会员,23,,,依据餐量提供餐具,,57.00,15.75,34.10,0.00,0,0,2.30,0.00,4.90,【活动支出】单品特价:25.10元+【活动支出】粉丝群:2.00元+【活动支出】饿了么红包:7.00元+【活动支出】替用户承担配送费:4.9元,-,-,-,2.00,温州区域,温州直营,,,否,-,平台配送
圣比萨（双塔店）,SBS00037,温州,"8098140255387831786	",饿了么,平台外卖,已完成,2025-10-23 17:45:20,2025-10-23 17:45:20,2025-10-23 17:45:21,饿了么支付-在线支付,,即时单,2025-10-23 17:45:20,7.70,手动出餐,1,否,"碳烤鸡肉培根披萨-7英寸[{""name"":""规格"",""value"":""7英寸""}]（45.99*1）,榴莲王披萨.-7英寸[{""name"":""规格"",""value"":""7英寸""}]（52.99*1）,餐盒（4.00*1）",碳烤鸡肉培根披萨+榴莲王披萨,,,,非会员,24,,,依据餐量提供餐具,,98.98,33.24,54.18,0.00,0,0,4.81,0.00,6.60,【活动支出】店铺满减:6.00元+【活动支出】单品特价:20.09元+【活动支出】单品特价:19.09元+【活动支出】饿了么红包:9.00元+【活动支出】替用户承担配送费:6.0元,-,-,-,4.00,温州区域,温州直营,,,否,-,平台配送
圣比萨（双塔店）,SBS00037,温州,"8075736089394736491	",饿了么,平台外卖,已完成,2025-10-23 17:48:26,2025-10-23 17:48:26,2025-10-23 17:48:27,饿了么支付-在线支付,,即时单,2025-10-23 17:48:26,9.12,手动出餐,1,否,手握三选一+二选一+可乐-单点[奥尔良+盐酥鸡 小份+可乐]（24.00*1）,小可乐+奥尔良风情烤鸡肉一人食盒子披萨,,,,非会员,25,,,依据餐量提供餐具,,24.00,14.00,0.00,0.00,0,0,0.00,0.00,,【活动支出】拼团反圈活动:0.00元,-,-,-,0.00,温州区域,温州直营,,,否,-,平台配送
圣比萨（双塔店）,SBS00037,温州,"8070370255495412164	",饿了么,平台外卖,已完成,2025-10-23 17:54:30,2025-10-23 17:54:30,2025-10-23 17:54:30,饿了么支付-在线支付,,即时单,2025-10-23 17:54:30,8.08,手动出餐,1,否,"任选焗饭4选1+小吃5选1+饮品[招牌肉酱芝士焗饭+墨鱼丸3个+柠檬茶]（61.00*1）,【新品宠粉】香烤地道肠1根（7.50*1）,点击右上角❤️收藏得小吃[墨鱼丸1个]（2.00*2）,餐盒（5.00*1）",招牌肉酱芝士焗饭+深海墨鱼丸【3个】+柠檬茶+地道肠1根+深海墨鱼丸1个,,,,非会员,26,,,依据餐量提供餐具,,72.50,18.75,48.91,0.00,0,0,2.69,0.00,3.90,【活动支出】店铺满减:1.00元+【活动支出】单品特价:29.10元+【活动支出】单品特价:4.91元+【活动支出】单品特价:1.90元+【活动支出】 商家自营销加码:0.00元+【活动支出】饿了么红包:12.00元+【活动支出】淘金币:0.00元+【活动支出】替用户承担配送费:3.9元,-,-,-,5.00,温州区域,温州直营,,,否,-,平台配送
圣比萨（双塔店）,SBS00037,温州,"8095506089374436676	",饿了么,平台外卖,已完成,2025-10-23 17:58:08,2025-10-23 17:58:08,2025-10-23 17:58:08,饿了么支付-在线支付,,即时单,2025-10-23 17:58:08,12.15,自动出餐,1,否,"新奥尔良烤鸡肉披萨-9英寸[{""name"":""规格"",""value"":""9英寸""}]（65.00*1）,奥尔良烤翅（14.88*1）,台式香烤地道肠（7.50*1）,藤椒金丝鸡排（10.88*1）,餐盒（5.00*1）",新奥尔良烤鸡肉披萨+奥尔良烤翅+地道肠1根+金丝鸡排,,,,非会员,27,,,依据餐量提供餐具,,98.26,37.03,49.56,0.00,0,0,5.32,0.00,6.00,【活动支出】店铺满减:6.00元+【活动支出】单品特价:31.10元+【活动支出】单品特价:1.98元+【活动支出】单品特价:2.50元+【活动支出】单品特价:2.98元+【活动支出】饿了么红包:5.00元+【活动支出】替用户承担配送费:6.0元,-,-,-,5.00,温州区域,温州直营,,,否,-,平台配送
圣比萨（双塔店）,SBS00037,温州,"8099180255403479329	",饿了么,平台外卖,已完成,2025-10-23 18:04:50,2025-10-23 18:04:50,2025-10-23 18:04:51,饿了么支付-在线支付,,即时单,2025-10-23 18:04:50,10.20,手动出餐,1,否,"星星炸鸡披萨-7英寸[{""name"":""规格"",""value"":""7英寸""}]（45.99*1）,餐盒（2.00*1）",星星炸鸡披萨,,,,非会员,28,,,依据餐量提供餐具,,45.99,16.65,23.09,0.00,0,0,2.30,0.00,3.90,【活动支出】单品特价:16.09元+【活动支出】饿了么红包:7.00元+【活动支出】替用户承担配送费:3.9元,-,-,-,2.00,温州区域,温州直营,,,否,-,平台配送
圣比萨（双塔店）,SBS00037,温州,"8033866089432549722	",饿了么,平台外卖,已完成,2025-10-23 19:28:41,2025-10-23 19:28:41,2025-10-23 19:28:41,饿了么支付-在线支付,,预约单,2025-10-23 20:25:00,11.55,自动出餐,1,否,"缤纷水果披萨-9英寸[{""name"":""规格"",""value"":""9英寸""}]（69.00*1）,餐盒（1.00*1）",缤纷水果披萨,,,,非会员,29,,,青椒红椒不要放，番茄酱不要放 / 依据餐量提供餐具,,69.00,17.55,44.10,0.00,0,0,2.40,0.00,3.90,【活动支出】单品特价:35.10元+【活动支出】超级会员专享红包:5.00元+【活动支出】 商家自营销加码:2.00元+【活动支出】粉丝群:2.00元+【活动支出】替用户承担配送费:3.9元,-,-,-,1.00,温州区域,温州直营,,,否,-,平台配送
圣比萨（双塔店）,SBS00037,温州,"8040030255453271549	",饿了么,平台外卖,已完成,2025-10-23 19:30:42,2025-10-23 19:30:42,2025-10-23 19:30:42,饿了么支付-在线支付,,即时单,2025-10-23 19:30:42,10.07,自动出餐,1,否,"任选焗饭4选1+小吃5选1+饮品[碳烤鸡肉芝士焗饭+上校鸡块4个+港式奶茶]（61.00*1）,餐盒（3.00*1）",碳烤鸡肉芝士焗饭+上校鸡块+港式奶茶,,,,非会员,30,,,依据餐量提供餐具,,61.00,19.34,36.10,0.00,0,0,2.61,0.00,3.90,【活动支出】单品特价:29.10元+【活动支出】饿了么红包:7.00元+【活动支出】替用户承担配送费:3.9元,-,-,-,3.00,温州区域,温州直营,,,否,-,平台配送
圣比萨（双塔店）,SBS00037,温州,"8017210255558488415	",饿了么,平台外卖,已完成,2025-10-23 19:58:59,2025-10-23 19:58:59,2025-10-23 19:59:00,饿了么支付-在线支付,,即时单,2025-10-23 19:58:59,8.00,手动出餐,1,否,"缤纷水果披萨-7英寸[{""name"":""规格"",""value"":""7英寸""}]（45.99*1）,餐盒（2.00*1）",缤纷水果披萨,,,,非会员,31,,,依据餐量提供餐具,,45.99,13.67,27.09,0.00,0,0,1.88,0.00,3.90,【活动支出】单品特价:20.09元+【活动支出】饿了么红包:7.00元+【活动支出】替用户承担配送费:3.9元,-,-,-,2.00,温州区域,温州直营,,,否,-,平台配送
圣比萨（双塔店）,SBS00037,温州,"8025736089416106476	",饿了么,平台外卖,已完成,2025-10-23 20:07:45,2025-10-23 20:07:45,2025-10-23 20:07:45,饿了么支付-在线支付,,即时单,2025-10-23 20:07:45,10.13,手动出餐,1,否,"任选焗饭4选1+小吃5选1+饮品[黑椒牛肉芝士焗饭+上校鸡块4个+柠檬茶]（61.00*1）,餐盒（3.00*1）",黑椒牛肉芝士焗饭+上校鸡块+柠檬茶,,,,非会员,32,,,依据餐量提供餐具,,61.00,17.54,36.10,0.00,0,0,2.61,0.00,6.00,【活动支出】单品特价:29.10元+【活动支出】粉丝群:2.00元+【活动支出】饿了么红包:5.00元+【活动支出】替用户承担配送费:6.0元,-,-,-,3.00,温州区域,温州直营,,,否,-,平台配送
圣比萨（双塔店）,SBS00037,温州,"8047480255653169517	",饿了么,平台外卖,已完成,2025-10-23 20:24:19,2025-10-23 20:24:19,2025-10-23 20:24:19,饿了么支付-在线支付,,即时单,2025-10-23 20:24:19,8.85,手动出餐,1,否,"黑椒牛肉芝士焗饭（52.00*1）,餐盒（2.00*1）",黑椒牛肉芝士焗饭,,,,非会员,33,,,依据餐量提供餐具,,52.00,15.46,31.10,0.00,0,0,2.09,0.00,3.90,【活动支出】单品特价:24.10元+【活动支出】饿了么红包:7.00元+【活动支出】替用户承担配送费:3.9元,-,-,-,2.00,温州区域,温州直营,,,否,-,平台配送
圣比萨（双塔店）,SBS00037,温州,"8030120255574294000	",饿了么,平台外卖,已完成,2025-10-23 20:47:16,2025-10-23 20:47:16,2025-10-23 20:47:16,饿了么支付-在线支付,,即时单,2025-10-23 20:47:16,9.08,手动出餐,1,否,"黑椒牛肉芝士焗饭（52.00*1）,餐盒（2.00*1）",黑椒牛肉芝士焗饭,,,,非会员,34,,,依据餐量提供餐具,,52.00,15.75,29.10,0.00,0,0,2.30,0.00,5.40,【活动支出】单品特价:24.10元+【活动支出】饿了么红包:5.00元+【活动支出】替用户承担配送费:5.4元,-,-,-,2.00,温州区域,温州直营,,,否,-,平台配送
圣比萨（双塔店）,SBS00037,温州,"8049576089442085216	",饿了么,平台外卖,已完成,2025-10-23 21:04:19,2025-10-23 21:04:19,2025-10-23 21:04:19,饿了么支付-在线支付,,即时单,2025-10-23 21:04:19,7.72,手动出餐,1,否,7寸日系照烧鸡披萨-单点（22.00*1）,日系照烧鸡披萨【7英寸(手拍)】,,,,非会员,35,,,无需餐具,,22.00,12.00,0.00,0.00,0,0,0.00,0.00,,【活动支出】拼团反圈活动:0.00元,-,-,-,0.00,温州区域,温州直营,,,否,-,平台配送
圣比萨（双塔店）,SBS00037,温州,"8030536089476224467	",饿了么,平台外卖,已完成,2025-10-23 21:13:09,2025-10-23 21:13:09,2025-10-23 21:13:09,饿了么支付-在线支付,,即时单,2025-10-23 21:13:09,9.10,手动出餐,1,否,"任选披萨7选1+小吃6选1+饮品[圣比招牌披萨7英寸+深海墨鱼丸3个+港式奶茶]（70.00*1）,餐盒（2.00*1）",大圣招牌大满贯披萨【7英寸(手拍)】+深海墨鱼丸3个+港式奶茶,,,,非会员,36,,,1份餐具,,70.00,17.94,45.10,0.00,0,0,2.51,0.00,6.00,【活动支出】单品特价:38.10元+【活动支出】饿了么红包:7.00元+【活动支出】替用户承担配送费:6.0元,-,-,-,2.00,温州区域,温州直营,,,否,-,平台配送
圣比萨（双塔店）,SBS00037,温州,"8043746089493170450	",饿了么,平台外卖,已完成,2025-10-23 21:33:21,2025-10-23 21:33:21,2025-10-23 21:33:21,饿了么支付-在线支付,,即时单,2025-10-23 21:33:21,9.58,手动出餐,1,否,"新奥尔良烤鸡肉披萨-7英寸[{""name"":""规格"",""value"":""7英寸""}]（39.00*1）,点击右上角❤️收藏得小吃[上校鸡块1个]（2.00*2）,餐盒（3.00*1）",新奥尔良烤鸡肉披萨+上校鸡块1个,,,,非会员,37,,,不用电话 放门口柜子 / 依据餐量提供餐具,,43.00,10.57,27.00,0.00,0,0,1.68,0.00,7.50,【活动支出】单品特价:16.10元+【活动支出】单品特价:1.90元+【活动支出】粉丝群:2.00元+【活动支出】饿了么红包:7.00元+【活动支出】替用户承担配送费:6.0元,-,-,-,3.00,温州区域,温州直营,,,否,-,平台配送
圣比萨（双塔店）,SBS00037,温州,"8098220255495357942	",饿了么,平台外卖,已完成,2025-10-23 22:18:50,2025-10-23 22:18:50,2025-10-23 22:18:50,饿了么支付-在线支付,,即时单,2025-10-23 22:18:50,10.07,自动出餐,1,否,"新奥尔良烤鸡肉披萨-12英寸[{""name"":""规格"",""value"":""12英寸""}]（99.00*1）,台式香烤地道肠（7.50*2）,餐盒（3.00*1）",新奥尔良烤鸡肉披萨+地道肠1根,,,,非会员,38,,,1份餐具,,114.00,35.53,67.10,0.00,0,0,4.92,0.00,6.00,【活动支出】店铺满减:6.00元+【活动支出】单品特价:47.10元+【活动支出】单品特价:5.00元+【活动支出】饿了么红包:9.00元+【活动支出】替用户承担配送费:6.0元,-,-,-,3.00,温州区域,温州直营,,,否,-,平台配送
圣比萨（双塔店）,SBS00037,温州,"8050380255496356126	",饿了么,平台外卖,已完成,2025-10-23 22:25:23,2025-10-23 22:25:23,2025-10-23 22:25:23,饿了么支付-在线支付,,即时单,2025-10-23 22:25:23,9.57,手动出餐,1,否,"可乐[冷]（6.00*1）,新奥尔良烤鸡肉披萨-7英寸[{""name"":""规格"",""value"":""7英寸""}]（39.00*1）,明星小食桶B（36.00*1）,餐盒（4.00*1）",可乐+新奥尔良烤鸡肉披萨+明星小食桶B,,,,非会员,39,,,依据餐量提供餐具,,81.00,36.33,34.20,0.00,0,0,5.02,0.00,6.00,【活动支出】店铺满减:1.00元+【活动支出】单品特价:1.00元+【活动支出】单品特价:16.10元+【活动支出】单品特价:9.10元+【活动支出】超级会员专享红包:5.00元+【活动支出】 商家自营销加码:2.00元+【活动支出】替用户承担配送费:6.0元,-,-,-,4.00,温州区域,温州直营,,,否,-,平台配送
圣比萨（双塔店）,SBS00037,温州,"8071846089515074933	",饿了么,平台外卖,已完成,2025-10-23 22:46:31,2025-10-23 22:46:31,2025-10-23 22:46:32,饿了么支付-在线支付,,即时单,2025-10-23 22:46:31,10.23,自动出餐,1,否,"芝士焗红薯泥（19.00*1）,7英寸披萨一人食土豪餐[缤纷水果披萨7英寸+地道肠1根+深海墨鱼丸3个+港式奶茶]（66.00*1）,奥尔良烤翅（14.88*1）,餐盒（4.00*1）",芝士焗红薯泥+缤纷水果披萨【7英寸(手拍)】+地道肠【1根】+深海墨鱼丸3个+港式奶茶+奥尔良烤翅,,,,非会员,40,,,依据餐量提供餐具,,99.88,35.35,54.18,0.00,0,0,4.90,0.00,6.00,【活动支出】店铺满减:6.00元+【活动支出】单品特价:4.10元+【活动支出】单品特价:31.10元+【活动支出】单品特价:1.98元+【活动支出】粉丝群:2.00元+【活动支出】饿了么红包:9.00元+【活动支出】替用户承担配送费:6.0元,-,-,-,4.00,温州区域,温州直营,,,否,-,平台配送
圣比萨（双塔店）,SBS00037,温州,"8060350255598634335	",饿了么,平台外卖,已完成,2025-10-23 22:51:26,2025-10-23 22:51:26,2025-10-23 22:51:26,饿了么支付-在线支付,,即时单,2025-10-23 22:51:26,9.70,手动出餐,1,否,手握三选一+二选一+可乐-单点[奥尔良+上校鸡块 2 块+可乐]（24.00*1）,小可乐+奥尔良风情烤鸡肉一人食盒子披萨+上校鸡块2个,,,,非会员,41,,,可乐要冰的 / 依据餐量提供餐具,,24.00,14.00,0.00,0.00,0,0,0.00,0.00,,【活动支出】拼团反圈活动:0.00元,-,-,-,0.00,温州区域,温州直营,,,否,-,平台配送
圣比萨（双塔店）,SBS00037,温州,"8018260255507754335	",饿了么,平台外卖,已完成,2025-10-23 22:54:19,2025-10-23 22:54:19,2025-10-23 22:54:19,饿了么支付-在线支付,,即时单,2025-10-23 22:54:19,8.35,手动出餐,1,否,"碳烤鸡肉培根披萨-7英寸[{""name"":""规格"",""value"":""7英寸""}]（45.99*1）,餐盒（2.00*1）",碳烤鸡肉培根披萨,,,,非会员,42,,,依据餐量提供餐具,,45.99,13.17,27.09,0.00,0,0,1.88,0.00,6.00,【活动支出】单品特价:20.09元+【活动支出】饿了么红包:7.00元+【活动支出】替用户承担配送费:6.0元,-,-,-,2.00,温州区域,温州直营,,,否,-,平台配送
圣比萨（玉环沙门店）,SBM00034,台州,"8019816089115185620	",饿了么,平台外卖,已完成,2025-10-23 10:03:48,2025-10-23 10:03:48,2025-10-23 10:03:49,饿了么支付-在线支付,,即时单,2025-10-23 10:03:48,10.05,自动出餐,1,否,"大圣招牌大满贯披萨-7英寸(手拍)[{""name"":""规格"",""value"":""7英寸(手拍)""}]（33.90*1）,餐盒（2.00*1）",大圣招牌大满贯披萨,,,,非会员,1,,,依据餐量提供餐具,,33.90,21.71,6.00,0.00,0,0,1.99,0.00,2.30,【活动支出】饿了么红包:6.00元+【活动支出】替用户承担配送费:2.3元,-,-,-,2.00,台州区域,台州加盟,,,否,-,平台配送
圣比萨（玉环沙门店）,SBM00034,台州,"8033886089174304176	",饿了么,平台外卖,已完成,2025-10-23 11:01:35,2025-10-23 11:01:35,2025-10-23 11:01:35,饿了么支付-在线支付,,即时单,2025-10-23 11:01:35,12.03,自动出餐,1,否,番茄牛肉意面-单点（19.79*1）,番茄牛肉意面,,,,非会员,2,,,依据餐量提供餐具,,19.79,12.59,0.00,0.00,0,0,0.00,0.00,,【活动支出】拼团反圈活动:0.00元,-,-,-,0.00,台州区域,台州加盟,,,否,-,平台配送
圣比萨（玉环沙门店）,SBM00034,台州,"8091210255199835419	",饿了么,平台外卖,已完成,2025-10-23 11:10:11,2025-10-23 11:10:11,2025-10-23 11:10:12,饿了么支付-在线支付,,即时单,2025-10-23 11:10:11,12.02,自动出餐,1,否,"新奥尔良烤鸡肉披萨-7英寸(手拍)[{""name"":""规格"",""value"":""7英寸(手拍)""}]（23.90*1）,餐盒（2.00*1）",新奥尔良烤鸡肉披萨,,,,非会员,3,,,依据餐量提供餐具,,23.90,12.70,7.00,0.00,0,0,1.20,0.00,2.30,【活动支出】 商家自营销加码:2.00元+【活动支出】饿了么红包:5.00元+【活动支出】替用户承担配送费:2.3元,-,-,-,2.00,台州区域,台州加盟,,,否,-,平台配送
圣比萨（玉环沙门店）,SBM00034,台州,"8053350255471378834	",饿了么,平台外卖,已完成,2025-10-23 12:57:15,2025-10-23 12:57:15,2025-10-23 12:57:15,饿了么支付-在线支付,,即时单,2025-10-23 12:57:15,12.12,自动出餐,1,否,番茄牛肉意面-单点（19.79*1）,番茄牛肉意面,,,,非会员,4,,,面条多一点，越多越好 / 依据餐量提供餐具,,19.79,12.59,0.00,0.00,0,0,0.00,0.00,,【活动支出】拼团反圈活动:0.00元,-,-,-,0.00,台州区域,台州加盟,,,否,-,平台配送
圣比萨（玉环沙门店）,SBM00034,台州,"8042310255485253016	",饿了么,平台外卖,已完成,2025-10-23 13:28:38,2025-10-23 13:28:38,2025-10-23 13:28:38,饿了么支付-在线支付,,即时单,2025-10-23 13:28:38,12.03,自动出餐,1,否,"咸蛋黄风味流沙卷边（7英寸）（4.90*1）,【随心❤️拼】7英寸双拼披萨（口味自选）[碳烤鸡肉培根+玉米沙拉]（26.90*1）,餐盒（2.00*1）",咸蛋黄流沙卷边7+双拼7寸【碳烤鸡肉培根口味7】+双拼7寸【玉米沙拉口味7】,,,,非会员,5,,,依据餐量提供餐具,,31.80,19.44,7.00,0.00,0,0,1.76,0.00,2.30,【活动支出】饿了么红包:7.00元+【活动支出】替用户承担配送费:2.3元,-,-,-,2.00,台州区域,台州加盟,,,否,-,平台配送
圣比萨（玉环沙门店）,SBM00034,台州,"8049270255382216036	",饿了么,平台外卖,已完成,2025-10-23 13:30:09,2025-10-23 13:30:09,2025-10-23 13:30:10,饿了么支付-在线支付,,即时单,2025-10-23 13:30:09,10.17,自动出餐,1,否,"红薯薯泥流心卷边（7英寸）（4.90*1）,【随心❤️拼】7英寸双拼披萨（口味自选）[缤纷水果+新奥尔良烤鸡肉]（26.90*1）,餐盒（2.00*1）",红薯泥流心卷边7+双拼7寸【缤纷水果口味7】+双拼7寸【奥尔良口味7】,,,,非会员,6,,,1份餐具,,31.80,24.73,0,0.00,0,0,2.27,0.00,2.30,-,-,-,-,2.00,台州区域,台州加盟,,,否,-,平台配送
圣比萨（玉环沙门店）,SBM00034,台州,"8051380255433137505	",饿了么,平台外卖,已完成,2025-10-23 15:41:22,2025-10-23 15:41:22,2025-10-23 15:41:22,饿了么支付-在线支付,,即时单,2025-10-23 15:41:22,10.08,自动出餐,1,否,"【任选】买一送一7英寸披萨（51.70*1）,餐盒（2.00*1）",日系照烧鸡披萨(7英寸(手拍))+碳烤鸡肉培根披萨(7英寸(手拍)),,,,非会员,7,,,依据餐量提供餐具,,51.70,31.67,10.00,0.00,0,0,2.93,0.00,3.30,【活动支出】店铺满减:1.00元+【活动支出】饿了么红包:9.00元+【活动支出】替用户承担配送费:3.3元,-,-,-,2.00,台州区域,台州加盟,,,否,-,平台配送
圣比萨（玉环沙门店）,SBM00034,台州,"8037490255557704173	",饿了么,平台外卖,已完成,2025-10-23 17:03:23,2025-10-23 17:03:23,2025-10-23 17:03:23,饿了么支付-在线支付,,即时单,2025-10-23 17:03:23,10.13,自动出餐,1,否,"新奥尔良烤鸡肉披萨-7英寸(手拍)[{""name"":""规格"",""value"":""7英寸(手拍)""}]（23.90*1）,奶酪芝士卷边（7英寸）（4.90*1）,餐盒（2.00*1）",新奥尔良烤鸡肉披萨+奶酪芝士卷边7,,,,非会员,8,,,2份餐具,,28.80,18.51,5.00,0.00,0,0,1.69,0.00,2.30,【活动支出】饿了么红包:5.00元+【活动支出】替用户承担配送费:2.3元,-,-,-,2.00,台州区域,台州加盟,,,否,-,平台配送
圣比萨（玉环沙门店）,SBM00034,台州,"8068806089382873397	",饿了么,平台外卖,已完成,2025-10-23 17:09:03,2025-10-23 17:09:03,2025-10-23 17:09:04,饿了么支付-在线支付,,即时单,2025-10-23 17:09:03,10.00,自动出餐,1,否,"柠檬茶[冷]（6.00*1）,【随心❤️拼】7英寸双拼披萨（口味自选）[新奥尔良烤鸡肉+花果山]（26.90*1）,番茄培根意面（25.90*1）,点击右上角❤️收藏得小吃[上校鸡块2个]（3.00*1）,蛋挞一个（原味）（3.90*1）,餐盒（5.00*1）",柠檬茶+双拼7寸【奥尔良口味7】+双拼7寸【花果山口味7】+番茄培根意面+上校鸡块2个+蛋挞1个,,,,非会员,9,,,依据餐量提供餐具,,65.70,38.06,20.81,0.00,0,0,3.43,0.00,2.30,【活动支出】店铺满减:6.00元+【活动支出】单品特价:2.90元+【活动支出】单品特价:2.91元+【活动支出】饿了么红包:9.00元+【活动支出】替用户承担配送费:2.3元,-,-,-,5.00,台州区域,台州加盟,,,否,-,平台配送
圣比萨（玉环沙门店）,SBM00034,台州,"8025986089370980687	",饿了么,平台外卖,已完成,2025-10-23 17:23:48,2025-10-23 17:23:48,2025-10-23 17:23:49,饿了么支付-在线支付,,即时单,2025-10-23 17:23:48,10.05,自动出餐,1,否,"【任选】披萨随心配（36.80*1）,餐盒（2.00*1）",地道肠1根+缤纷芝士挞(菠萝味)+新奥尔良烤鸡肉披萨(7英寸(手拍))+小可乐+不加一,,,,非会员,10,,,依据餐量提供餐具,,36.80,21.58,8.00,0.00,0,0,2.02,0.00,2.80,【活动支出】店铺满减:1.00元+【活动支出】饿了么红包:7.00元+【活动支出】替用户承担配送费:2.8元,-,-,-,2.00,台州区域,台州加盟,,,否,-,平台配送
圣比萨（玉环沙门店）,SBM00034,台州,"8090230255499689418	",饿了么,平台外卖,已完成,2025-10-23 18:02:27,2025-10-23 18:02:27,2025-10-23 18:02:27,饿了么支付-在线支付,,即时单,2025-10-23 18:02:27,12.15,自动出餐,1,否,番茄牛肉意面-单点（19.79*1）,番茄牛肉意面,,,,非会员,11,,,依据餐量提供餐具,,19.79,12.59,0.00,0.00,0,0,0.00,0.00,,【活动支出】拼团反圈活动:0.00元,-,-,-,0.00,台州区域,台州加盟,,,否,-,平台配送
圣比萨（玉环沙门店）,SBM00034,台州,"8004080255422661088	",饿了么,平台外卖,已完成,2025-10-23 18:31:32,2025-10-23 18:31:32,2025-10-23 18:31:33,饿了么支付-在线支付,,即时单,2025-10-23 18:31:32,12.22,自动出餐,1,否,"榴莲王披萨-7英寸(手拍)[{""name"":""规格"",""value"":""7英寸(手拍)""}]（33.90*1）,金丝鸡排（6.90*1）,咸蛋黄风味流沙卷边（7英寸）（4.90*1）,新奥尔良烤鸡肉披萨-7英寸(手拍)[{""name"":""规格"",""value"":""7英寸(手拍)""}]（23.90*1）,点击右上角❤️收藏得小吃[墨鱼丸1个]（3.00*1）,蛋挞一个（原味）（3.90*1）,明星至尊桶（39.90*1）,餐盒（6.50*1）",榴莲王披萨+金丝鸡排+咸蛋黄流沙卷边7+新奥尔良烤鸡肉披萨+深海墨鱼丸1个+蛋挞1个+明星至尊桶,,,,非会员,12,,,依据餐量提供餐具,,116.40,78.72,23.81,0.00,0,0,6.97,0.00,2.30,【活动支出】店铺满减:6.00元+【活动支出】单品特价:2.90元+【活动支出】单品特价:2.91元+【活动支出】饿了么红包:12.00元+【活动支出】替用户承担配送费:2.3元,-,-,-,6.50,台州区域,台州加盟,,,否,-,平台配送
圣比萨（玉环沙门店）,SBM00034,台州,"8070936089401778500	",饿了么,平台外卖,已完成,2025-10-23 18:33:45,2025-10-23 18:33:45,2025-10-23 18:33:46,饿了么支付-在线支付,,即时单,2025-10-23 18:33:45,12.15,自动出餐,1,否,"【任选】买一送一7英寸披萨（41.90*1）,蛋挞一个（原味）（3.90*1）,餐盒（2.50*1）",玉米沙拉披萨(7英寸(手拍))+碳烤鸡肉培根披萨(7英寸(手拍))+蛋挞1个,,,,非会员,13,,,依据餐量提供餐具,,45.80,27.46,10.91,0.00,0,0,2.53,0.00,2.30,【活动支出】店铺满减:1.00元+【活动支出】单品特价:2.91元+【活动支出】 商家自营销加码:2.00元+【活动支出】饿了么红包:5.00元+【活动支出】替用户承担配送费:2.3元,-,-,-,2.50,台州区域,台州加盟,,,否,-,平台配送
圣比萨（玉环沙门店）,SBM00034,台州,"8092966089395210582	",饿了么,平台外卖,已完成,2025-10-23 19:17:44,2025-10-23 19:17:44,2025-10-23 19:17:44,饿了么支付-在线支付,,即时单,2025-10-23 19:17:44,12.20,自动出餐,1,否,番茄牛肉意面-单点（19.79*1）,番茄牛肉意面,,,,非会员,14,,,3份餐具,,19.79,12.59,0.00,0.00,0,0,0.00,0.00,,【活动支出】拼团反圈活动:0.00元,-,-,-,0.00,台州区域,台州加盟,,,否,-,平台配送
圣比萨（玉环沙门店）,SBM00034,台州,"8013976089408726297	",饿了么,平台外卖,已完成,2025-10-23 19:46:06,2025-10-23 19:46:06,2025-10-23 19:46:06,饿了么支付-在线支付,,即时单,2025-10-23 19:46:06,10.07,自动出餐,1,否,"缤纷水果披萨-7英寸(手拍)[{""name"":""规格"",""value"":""7英寸(手拍)""}]（25.90*1）,酸奶多多流心卷边（7英寸）（4.90*1）,餐盒（2.00*1）",缤纷水果披萨+酸奶多多流心卷边7,,,,非会员,15,,,无需餐具,,30.80,18.51,7.00,0.00,0,0,1.69,0.00,2.30,【活动支出】 商家自营销加码:2.00元+【活动支出】饿了么红包:5.00元+【活动支出】替用户承担配送费:2.3元,-,-,-,2.00,台州区域,台州加盟,,,否,-,平台配送
圣比萨（玉环沙门店）,SBM00034,台州,"8077140255560174905	",饿了么,平台外卖,已完成,2025-10-23 19:59:04,2025-10-23 19:59:04,2025-10-23 19:59:04,饿了么支付-在线支付,,即时单,2025-10-23 19:59:04,10.02,自动出餐,1,否,"咸蛋黄风味流沙卷边（7英寸）（4.90*1）,蛋挞一个（原味）（3.90*1）,碳烤鸡肉培根披萨-7英寸(手拍)[{""name"":""规格"",""value"":""7英寸(手拍)""}]（25.90*1）,餐盒（2.50*1）",咸蛋黄流沙卷边7+蛋挞1个+碳烤鸡肉培根披萨,,,,非会员,16,,,依据餐量提供餐具,,34.70,20.00,7.91,0.00,0,0,1.89,0.00,3.30,【活动支出】单品特价:2.91元+【活动支出】饿了么红包:5.00元+【活动支出】替用户承担配送费:3.3元,-,-,-,2.50,台州区域,台州加盟,,,否,-,平台配送
圣比萨（玉环沙门店）,SBM00034,台州,"8080696089460473195	",饿了么,平台外卖,已完成,2025-10-23 20:49:22,2025-10-23 20:49:22,2025-10-23 20:49:22,饿了么支付-在线支付,,即时单,2025-10-23 20:49:22,10.15,自动出餐,1,否,"新奥尔良烤鸡肉披萨-7英寸(手拍)[{""name"":""规格"",""value"":""7英寸(手拍)""}]（23.90*1）,缤纷芝士挞-菠萝味[{""name"":""规格"",""value"":""菠萝味""}]（5.90*1）,地道肠（3.90*1）,餐盒（3.00*1）",新奥尔良烤鸡肉披萨+缤纷芝士挞+地道肠1根,,,,非会员,17,,,依据餐量提供餐具,,33.70,18.88,7.00,0.00,0,0,1.92,0.00,4.40,【活动支出】饿了么红包:7.00元+【活动支出】替用户承担配送费:4.4元,-,-,-,3.00,台州区域,台州加盟,,,否,-,平台配送
圣比萨（玉环沙门店）,SBM00034,台州,"8085270255476117933	",饿了么,平台外卖,已完成,2025-10-23 20:52:52,2025-10-23 20:52:52,2025-10-23 20:52:52,饿了么支付-在线支付,,即时单,2025-10-23 20:52:52,10.05,自动出餐,1,否,"【任选】买一送一7英寸披萨（51.70*1）,餐盒（2.00*1）",新奥尔良烤鸡肉披萨(7英寸(手拍))+碳烤鸡肉培根披萨(7英寸(手拍)),,,,非会员,18,,,依据餐量提供餐具,,51.70,32.36,10.00,0.00,0,0,2.94,0.00,2.80,【活动支出】店铺满减:1.00元+【活动支出】饿了么红包:9.00元+【活动支出】替用户承担配送费:2.8元,-,-,-,2.00,台州区域,台州加盟,,,否,-,平台配送
圣比萨（玉环沙门店）,SBM00034,台州,"8093506089484340636	",饿了么,平台外卖,已完成,2025-10-23 21:10:36,2025-10-23 21:10:36,2025-10-23 21:10:37,饿了么支付-在线支付,,即时单,2025-10-23 21:10:36,10.23,自动出餐,1,否,番茄牛肉意面-单点（19.79*1）,番茄牛肉意面,,,,非会员,19,,,依据餐量提供餐具,,19.79,12.59,0.00,0.00,0,0,0.00,0.00,,【活动支出】拼团反圈活动:0.00元,-,-,-,0.00,台州区域,台州加盟,,,否,-,平台配送
圣比萨（玉环沙门店）,SBM00034,台州,"8055746089446201854	",饿了么,平台外卖,已完成,2025-10-23 21:33:30,2025-10-23 21:33:30,2025-10-23 21:33:31,饿了么支付-在线支付,,即时单,2025-10-23 21:33:30,10.10,自动出餐,1,否,"新奥尔良烤鸡肉披萨-7英寸(手拍)[{""name"":""规格"",""value"":""7英寸(手拍)""}]（23.90*1）,餐盒（2.00*1）",新奥尔良烤鸡肉披萨,,,,非会员,20,,,依据餐量提供餐具,,23.90,11.56,7.00,0.00,0,0,1.14,0.00,3.30,【活动支出】饿了么红包:7.00元+【活动支出】替用户承担配送费:3.3元,-,-,-,2.00,台州区域,台州加盟,,,否,-,平台配送
圣比萨·披萨·炸鸡（盐城八滩店）,SBS00030,盐城,"8034410255363441150	",饿了么,平台外卖,已完成,2025-10-23 10:39:57,2025-10-23 10:39:57,2025-10-23 10:39:58,饿了么支付-在线支付,,预约单,2025-10-23 11:35:00,10.05,自动出餐,1,否,"经典薯条（7.00*1）,招牌大圣鸡排（2个）[香辣]（16.90*1）,餐盒（1.50*1）",经典薯条,,,,非会员,1,,,依据餐量提供餐具,,23.90,10.41,4.50,0.00,0,0,2.03,0.51,5.00,【活动支出】 商家自营销加码:0.50元+【活动支出】精准营销:1.00元+【活动支出】饿了么红包:3.00元+【活动支出】替用户承担配送费:5.0元,-,-,-,1.50,江苏区域,江苏直营店,,,否,-,平台配送
圣比萨·披萨·炸鸡（盐城八滩店）,SBS00030,盐城,"8072866089294448082	",饿了么,平台外卖,已完成,2025-10-23 12:49:52,2025-10-23 12:49:52,2025-10-23 12:49:52,饿了么支付-在线支付,,即时单,2025-10-23 12:49:52,12.10,自动出餐,1,否,"经典奥尔良三件套[孜然]（39.90*1）,餐盒（1.00*1）,川香脆皮翅根1份（0.00*1）",经典奥尔良三件套[孜然]+餐盒+川香脆皮翅根1份,,,,非会员,2,,,依据餐量提供餐具,,39.90,22.31,4.50,0.00,0,0,3.27,0.82,5.00,【活动支出】店铺满减:1.00元+【活动支出】川香脆皮翅根1份:0.00元+【活动支出】 商家自营销加码:0.50元+【活动支出】饿了么红包:3.00元+【活动支出】替用户承担配送费:5.0元,-,-,-,1.00,江苏区域,江苏直营店,,,否,-,平台配送
圣比萨·披萨·炸鸡（盐城八滩店）,SBS00030,盐城,"8096470255417833907	",饿了么,平台外卖,已完成,2025-10-23 15:23:21,2025-10-23 15:23:21,2025-10-23 15:23:21,饿了么支付-在线支付,,即时单,2025-10-23 15:23:21,10.02,自动出餐,1,否,"【随心❤️拼】7英寸双拼披萨（口味自选）[新奥尔良烤鸡肉+碳烤鸡肉培根]（26.90*1）,蛋挞一个（原味）（3.90*2）,奶酪芝士卷边（7英寸）（4.90*1）,餐盒（2.00*1）,川香脆皮翅根1份（0.00*1）",双拼7寸【奥尔良口味7】+双拼7寸【碳烤鸡肉培根口味7】+蛋挞1个+奶酪芝士卷边7,,,,非会员,3,,,依据餐量提供餐具,,39.60,20.53,6.91,0.00,0,0,3.33,0.83,5.00,【活动支出】店铺满减:1.00元+【活动支出】川香脆皮翅根1份:0.00元+【活动支出】单品特价:2.91元+【活动支出】饿了么红包:3.00元+【活动支出】替用户承担配送费:5.0元,-,-,-,2.00,江苏区域,江苏直营店,,,否,-,平台配送
圣比萨·披萨·炸鸡（盐城八滩店）,SBS00030,盐城,"8019646089318828531	",饿了么,平台外卖,已完成,2025-10-23 15:46:09,2025-10-23 15:46:09,2025-10-23 15:46:09,饿了么支付-在线支付,,即时单,2025-10-23 15:46:09,10.10,自动出餐,1,否,"【随心❤️拼】7英寸双拼披萨（口味自选）[新奥尔良烤鸡肉+日系照烧鸡]（26.90*1）,蛋挞一个（原味）（3.90*1）,收藏得小吃（每单限一份）[墨鱼丸1个]（0.00*1）,奶酪芝士卷边（7英寸）（4.90*1）,可乐[冷]（6.00*1）,芝士棒（8.50*1）,餐盒（1.50*1）,川香脆皮翅根1份（0.00*1）",双拼7寸【奥尔良口味7】+双拼7寸【日系照烧口味7】+蛋挞1个+深海墨鱼丸1个+奶酪芝士卷边7+可乐+大圣拉丝芝士棒,,,,非会员,4,,,"不要敲门, 不要打电话，直接放门口，谢谢 / 依据餐量提供餐具",,50.20,23.17,11.91,0.00,0,0,4.14,1.03,5.00,【活动支出】店铺满减:1.00元+【活动支出】川香脆皮翅根1份:0.00元+【活动支出】单品特价:2.91元+【活动支出】精准营销:1.00元+【活动支出】饿了么红包:7.00元+【活动支出】替用户承担配送费:5.0元,-,-,-,1.50,江苏区域,江苏直营店,,,否,-,平台配送
圣比萨·披萨·炸鸡（盐城八滩店）,SBS00030,盐城,"8005976089320135108	",饿了么,平台外卖,已完成,2025-10-23 17:05:14,2025-10-23 17:05:14,2025-10-23 17:05:15,饿了么支付-在线支付,,即时单,2025-10-23 17:05:14,10.13,自动出餐,1,否,【任选】买一送一7英寸披萨（49.90*1）,大圣招牌大满贯披萨(7英寸(手拍))+日系照烧鸡披萨(7英寸(手拍)),,,,非会员,5,,,依据餐量提供餐具,,49.90,22.96,11.30,0.00,0,0,3.99,1.00,5.00,【活动支出】单品特价:11.30元+【活动支出】替用户承担配送费:5.0元,-,-,-,0.00,江苏区域,江苏直营店,,,否,-,平台配送
圣比萨·披萨·炸鸡（盐城八滩店）,SBS00030,盐城,"8025280255469143405	",饿了么,平台外卖,已完成,2025-10-23 17:32:22,2025-10-23 17:32:22,2025-10-23 17:32:22,饿了么支付-在线支付,,即时单,2025-10-23 17:32:22,12.15,自动出餐,1,否,"奥尔良烤鸡肉披萨-7英寸（手拍）[{""name"":""规格"",""value"":""7英寸（手拍）""}]（28.90*1）,玉米沙拉披萨-7英寸(手拍)[{""name"":""规格"",""value"":""7英寸(手拍)""}]（25.90*1）,红薯薯泥流心卷边（7英寸）（4.90*1）,餐盒（2.00*1）,川香脆皮翅根1份（0.00*1）",玉米沙拉披萨+红薯泥流心卷边7,,,,非会员,6,,,依据餐量提供餐具,,59.70,29.48,13.00,0.00,0,0,4.94,1.23,5.00,【活动支出】店铺满减:3.00元+【活动支出】川香脆皮翅根1份:0.00元+【活动支出】饿了么红包:10.00元+【活动支出】替用户承担配送费:5.0元,-,-,-,2.00,江苏区域,江苏直营店,,,否,-,平台配送
圣比萨·披萨·炸鸡（盐城八滩店）,SBS00030,盐城,"8009646089390224674	",饿了么,平台外卖,已完成,2025-10-23 17:36:52,2025-10-23 17:36:52,2025-10-23 17:36:53,饿了么支付-在线支付,,即时单,2025-10-23 17:36:52,12.18,自动出餐,1,否,7英寸奶酪芝士披萨-单点（16.40*1）,7英寸奶酪芝士披萨-单点,,,,非会员,7,,,1份餐具,,16.40,10.90,0.00,0.00,0,0,1.00,0.00,,【活动支出】单品优惠:0.00元,-,-,-,0.00,江苏区域,江苏直营店,,,否,-,平台配送
圣比萨·披萨·炸鸡（盐城八滩店）,SBS00030,盐城,"8029230255488130442	",饿了么,平台外卖,已完成,2025-10-23 17:44:16,2025-10-23 17:44:16,2025-10-23 17:44:16,饿了么支付-在线支付,,即时单,2025-10-23 17:44:16,12.07,自动出餐,1,否,"【随心❤️拼】7英寸双拼披萨（口味自选）[新奥尔良烤鸡肉+碳烤鸡肉培根]（26.90*1）,蛋挞一个（原味）（3.90*1）,餐盒（1.00*1）",双拼7寸【奥尔良口味7】+双拼7寸【碳烤鸡肉培根口味7】+蛋挞1个,,,,非会员,8,,,2份餐具,,30.80,13.61,6.41,0.00,0,0,2.54,0.64,5.00,【活动支出】单品特价:2.91元+【活动支出】 商家自营销加码:0.50元+【活动支出】饿了么红包:3.00元+【活动支出】替用户承担配送费:5.0元,-,-,-,1.00,江苏区域,江苏直营店,,,否,-,平台配送
圣比萨·披萨·炸鸡（盐城八滩店）,SBS00030,盐城,"8057040255400920382	",饿了么,平台外卖,已完成,2025-10-23 18:05:42,2025-10-23 18:05:42,2025-10-23 18:05:42,饿了么支付-在线支付,,即时单,2025-10-23 18:05:42,12.23,自动出餐,1,否,"收藏得小吃（每单限一份）[上校鸡块2个]（0.00*1）,大圣拉丝芝士棒（8.90*1）,爆款鸡柳桶+可乐[甘梅]（28.90*1）,餐盒（1.00*1）,川香脆皮翅根1份（0.00*1）",上校鸡块2个+大圣拉丝芝士棒+大圣鸡柳三合一,,,,非会员,9,,,依据餐量提供餐具,,37.80,20.57,4.50,0.00,0,0,3.10,0.78,6.00,【活动支出】川香脆皮翅根1份:0.00元+【活动支出】店铺满减:1.00元+【活动支出】饿了么红包:3.00元+【活动支出】 商家自营销加码:0.50元+【活动支出】替用户承担配送费:5.0元,-,-,-,1.00,江苏区域,江苏直营店,,,否,-,平台配送
圣比萨·披萨·炸鸡（盐城八滩店）,SBS00030,盐城,"8024616089393733930	",饿了么,平台外卖,已完成,2025-10-23 18:18:24,2025-10-23 18:18:24,2025-10-23 18:18:24,饿了么支付-在线支付,,即时单,2025-10-23 18:18:24,12.05,自动出餐,1,否,"收藏得小吃（每单限一份）[薯饼1个]（0.00*1）,爆款鸡柳桶+可乐[三种口味混合]（28.90*1）,餐盒（1.00*1）",薯饼1个+大圣鸡柳三合一,,,,非会员,10,,,依据餐量提供餐具,,28.90,14.46,4.50,0.00,0,0,2.39,0.60,5.00,【活动支出】饿了么红包:3.00元+【活动支出】 商家自营销加码:0.50元+【活动支出】精准营销:1.00元+【活动支出】替用户承担配送费:5.0元,-,-,-,1.00,江苏区域,江苏直营店,,,否,-,平台配送
圣比萨·披萨·炸鸡（盐城八滩店）,SBS00030,盐城,"8022170255422929252	",饿了么,平台外卖,已完成,2025-10-23 18:38:19,2025-10-23 18:38:19,2025-10-23 18:38:19,饿了么支付-在线支付,,即时单,2025-10-23 18:38:19,12.00,自动出餐,1,否,7英寸奶酪芝士披萨-单点（16.40*1）,7英寸奶酪芝士披萨-单点,,,,非会员,11,,,依据餐量提供餐具,,16.40,10.90,0.00,0.00,0,0,1.00,0.00,,【活动支出】单品优惠:0.00元,-,-,-,0.00,江苏区域,江苏直营店,,,否,-,平台配送
圣比萨·披萨·炸鸡（盐城八滩店）,SBS00030,盐城,"8042080255440175466	",饿了么,平台外卖,已完成,2025-10-23 19:11:02,2025-10-23 19:11:02,2025-10-23 19:11:02,饿了么支付-在线支付,,即时单,2025-10-23 19:11:02,12.03,自动出餐,1,否,"榴莲王披萨-9英寸(手拍)[{""name"":""规格"",""value"":""9英寸(手拍)""}]（43.90*1）,餐盒（1.00*1）,川香脆皮翅根1份（0.00*1）",榴莲王披萨,,,,非会员,12,,,无需餐具,,43.90,24.91,5.50,0.00,0,0,3.59,0.90,5.00,【活动支出】店铺满减:1.00元+【活动支出】川香脆皮翅根1份:0.00元+【活动支出】 商家自营销加码:0.50元+【活动支出】饿了么红包:4.00元+【活动支出】替用户承担配送费:5.0元,-,-,-,1.00,江苏区域,江苏直营店,,,否,-,平台配送
圣比萨·披萨·炸鸡（盐城八滩店）,SBS00030,盐城,"8037170255471163676	",饿了么,平台外卖,已完成,2025-10-23 20:24:25,2025-10-23 20:24:25,2025-10-23 20:24:25,饿了么支付-在线支付,,即时单,2025-10-23 20:24:25,10.00,自动出餐,1,否,"玉米沙拉披萨-9英寸(手拍)[{""name"":""规格"",""value"":""9英寸(手拍)""}]（35.90*1）,蛋挞一个（原味）（3.90*1）,芝士棒（8.50*1）,餐盒（2.50*1）,川香脆皮翅根1份（0.00*1）",玉米沙拉披萨+蛋挞1个+大圣拉丝芝士棒,,,,非会员,13,,,无需餐具,,48.30,21.36,12.91,0.00,0,0,4.06,1.02,5.00,【活动支出】店铺满减:1.00元+【活动支出】川香脆皮翅根1份:0.00元+【活动支出】单品特价:2.91元+【活动支出】饿了么红包:9.00元+【活动支出】替用户承担配送费:5.0元,-,-,-,2.50,江苏区域,江苏直营店,,,否,-,平台配送
圣比萨·披萨·炸鸡（盐城八滩店）,SBS00030,盐城,"8071430255580100963	",饿了么,平台外卖,已完成,2025-10-23 21:38:31,2025-10-23 21:38:31,2025-10-23 21:38:31,饿了么支付-在线支付,,即时单,2025-10-23 21:38:31,10.10,自动出餐,1,否,"奥尔良烤鸡肉披萨-7英寸（手拍）[{""name"":""规格"",""value"":""7英寸（手拍）""}]（28.90*1）,餐盒（1.00*1）","奥尔良烤鸡肉披萨-7英寸（手拍）[{""name"":""规格"",""value"":""7英寸（手拍）""}]+餐盒",,,,非会员,14,,,依据餐量提供餐具,,28.90,13.96,4.50,0.00,0,0,2.39,0.60,5.00,【活动支出】 商家自营销加码:0.50元+【活动支出】粉丝群:1.00元+【活动支出】饿了么红包:3.00元+【活动支出】替用户承担配送费:5.0元,-,-,-,1.00,江苏区域,江苏直营店,,,否,-,平台配送
