门店名称,门店编号,门店所在城市,订单号,订单来源,订单类型,订单状态,下单时间,付款时间,接单时间,支付方式,取餐点,预约/即时单,预计送达时间,出餐时间（分）,出餐类型,就餐人数,团购订单,商品信息,商品明细,UserID,顾客昵称,电话号码,新老顾客,取餐号,桌台号,台卡号,订单备注,退款原因,商品总价（元）,预计收入（元）,优惠总额（元）,退款金额（元）,优惠券记账金额（元）,团购券记账总金额（元）,平台服务费,其他费用,配送费,优惠名称,团购活动名称,团购活动平台,团购类型,餐盒费,归属门店所属一级组织,归属门店所属二级组织,归属门店所属三级组织,礼品卡信息,是否团餐,团餐审批人,配送方式
圣比萨（瓯北立体城店）,SBM00003,温州,"8065746087982147952	",饿了么,平台外卖,已完成,2025-10-20 11:16:41,2025-10-20 11:16:41,2025-10-20 11:16:41,饿了么支付-在线支付,,即时单,2025-10-20 11:16:41,13.57,手动出餐,1,否,"任选披萨8选1+小吃5选1+饮料[奥尔良鸡肉披萨7英寸+上校鸡块4个+柠檬茶]（65.00*1）,餐盒（2.00*1）",新奥尔良烤鸡肉披萨【7英寸(手拍)】+上校鸡块+柠檬茶,,,,非会员,1,,,依据餐量提供餐具,,65.00,17.99,40.10,0.00,0,0,2.46,0.00,3.90,【活动支出】单品特价:33.10元+【活动支出】饿了么红包:7.00元+【活动支出】替用户承担配送费:3.9元,-,-,-,2.00,温州区域,温州加盟,,,否,-,平台配送
圣比萨（瓯北立体城店）,SBM00003,温州,"8097120254107158784	",饿了么,平台外卖,已完成,2025-10-20 11:22:26,2025-10-20 11:22:26,2025-10-20 11:22:27,饿了么支付-在线支付,,即时单,2025-10-20 11:22:26,7.83,手动出餐,1,否,"榴莲王披萨-7英寸(经典手拍)[{""name"":""规格"",""value"":""7英寸(经典手拍)""}]（52.00*1）,餐盒（1.00*1）",榴莲王披萨,,,,非会员,2,,,依据餐量提供餐具,,52.00,18.89,25.10,0.00,0,0,2.56,0.00,3.90,【活动支出】单品特价:18.10元+【活动支出】饿了么红包:7.00元+【活动支出】替用户承担配送费:3.9元,-,-,-,1.00,温州区域,温州加盟,,,否,-,平台配送
圣比萨（瓯北立体城店）,SBM00003,温州,"8051576088023683368	",饿了么,平台外卖,已完成,2025-10-20 11:52:17,2025-10-20 11:52:17,2025-10-20 11:52:17,饿了么支付-在线支付,,即时单,2025-10-20 11:52:17,13.18,手动出餐,1,否,"蛋挞一个（原味）（5.00*1）,点击右上角❤️收藏得小吃[上校鸡块2个]（2.00*1）,任选披萨8选1+小吃5选1+饮料[缤纷水果披萨7英寸+烤甜玉米一份+小可乐]（65.00*1）,餐盒（3.50*1）",蛋挞1个+上校鸡块2个+缤纷水果披萨【7英寸(手拍)】+烤甜玉米+小可乐,,,,非会员,3,,,依据餐量提供餐具,,72.00,19.71,46.01,0.00,0,0,2.73,0.00,3.90,【活动支出】单品特价:4.01元+【活动支出】单品特价:1.90元+【活动支出】单品特价:33.10元+【活动支出】 商家自营销加码:2.00元+【活动支出】饿了么红包:5.00元+【活动支出】替用户承担配送费:3.9元,-,-,-,3.50,温州区域,温州加盟,,,否,-,平台配送
圣比萨（瓯北立体城店）,SBM00003,温州,"8036250254132013451	",饿了么,平台外卖,已完成,2025-10-20 11:52:25,2025-10-20 11:52:25,2025-10-20 11:52:25,饿了么支付-在线支付,,即时单,2025-10-20 11:52:25,13.07,手动出餐,1,否,奥尔良烤鸡肉披萨(7寸)-单点（20.61*1）,新奥尔良烤鸡肉披萨【7英寸(手拍)】,,,,非会员,4,,,依据餐量提供餐具,,20.61,13.21,0.00,0.00,0,0,0.00,0.00,,【活动支出】拼团反圈活动:0.00元,-,-,-,0.00,温州区域,温州加盟,,,否,-,平台配送
圣比萨（瓯北立体城店）,SBM00003,温州,"8049956088057914796	",饿了么,平台外卖,已完成,2025-10-20 13:18:37,2025-10-20 13:18:37,2025-10-20 13:18:38,饿了么支付-在线支付,,即时单,2025-10-20 13:18:37,19.83,手动出餐,1,否,"红薯薯泥流心卷边（7英寸）（4.90*1）,【随心拼】7英寸披萨(口味自选）[培根鸡肉+日系照烧]（54.00*1）,餐盒（2.00*1）",红薯泥流心卷边7+双拼7寸【碳烤鸡肉培根口味7】+双拼7寸【日系照烧口味7】,,,,非会员,5,,,依据餐量提供餐具,,58.90,16.95,34.50,0.00,0,0,2.40,0.00,3.90,【活动支出】单品特价:27.50元+【活动支出】饿了么红包:7.00元+【活动支出】替用户承担配送费:3.9元,-,-,-,2.00,温州区域,温州加盟,,,否,-,平台配送
圣比萨（瓯北立体城店）,SBM00003,温州,"8030230254267130255	",饿了么,平台外卖,已完成,2025-10-20 13:22:20,2025-10-20 13:22:20,2025-10-20 13:22:21,饿了么支付-在线支付,,即时单,2025-10-20 13:22:20,16.15,手动出餐,1,否,"点击右上角❤️收藏得小吃[上校鸡块2个]（2.00*1）,【随心拼】7英寸披萨(口味自选）[奥尔良+花果山（新品水果）]（54.00*1）,酸奶多多流心卷边（7英寸）（4.90*1）,餐盒（2.50*1）",上校鸡块2个+双拼7寸【奥尔良口味7】+双拼7寸【花果山口味7】+酸奶多多流心卷边7,,,,非会员,6,,,依据餐量提供餐具,,60.90,17.48,36.40,0.00,0,0,2.47,0.00,3.90,【活动支出】单品特价:1.90元+【活动支出】单品特价:27.50元+【活动支出】饿了么红包:7.00元+【活动支出】替用户承担配送费:3.9元,-,-,-,2.50,温州区域,温州加盟,,,否,-,平台配送
圣比萨（瓯北立体城店）,SBM00003,温州,"8090586088062487992	",饿了么,平台外卖,已完成,2025-10-20 14:44:12,2025-10-20 14:44:12,2025-10-20 14:44:13,饿了么支付-在线支付,,即时单,2025-10-20 14:44:12,9.43,手动出餐,1,否,奥尔良烤鸡肉披萨(7寸)-单点（20.61*1）,新奥尔良烤鸡肉披萨【7英寸(手拍)】,,,,非会员,7,,,依据餐量提供餐具,,20.61,13.21,0.00,0.00,0,0,0.00,0.00,,【活动支出】拼团反圈活动:0.00元,-,-,-,0.00,温州区域,温州加盟,,,否,-,平台配送
圣比萨（瓯北立体城店）,SBM00003,温州,"8051966088133445943	",饿了么,平台外卖,已完成,2025-10-20 16:28:24,2025-10-20 16:28:24,2025-10-20 16:28:24,饿了么支付-在线支付,,即时单,2025-10-20 16:28:24,18.28,手动出餐,1,否,"奶酪芝士卷边（7英寸）（4.90*1）,【随心拼】7英寸披萨(口味自选）[奥尔良+培根鸡肉]（54.00*1）,餐盒（2.00*1）",奶酪芝士卷边7+双拼7寸【奥尔良口味7】+双拼7寸【碳烤鸡肉培根口味7】,,,,非会员,8,,,依据餐量提供餐具,,58.90,12.35,34.50,0.00,0,0,2.40,0.00,9.00,【活动支出】单品特价:27.50元+【活动支出】超级会员专享红包:5.00元+【活动支出】 商家自营销加码:2.00元+【活动支出】替用户承担配送费:5.0元,-,-,-,2.00,温州区域,温州加盟,,,否,-,平台配送
圣比萨（瓯北立体城店）,SBM00003,温州,"8066160254329301394	",饿了么,平台外卖,已完成,2025-10-20 16:39:51,2025-10-20 16:39:51,2025-10-20 16:39:51,饿了么支付-在线支付,,即时单,2025-10-20 16:39:51,12.43,手动出餐,1,否,"【随心拼】7英寸披萨(口味自选）[奥尔良+浪漫威尼斯]（54.00*1）,酸奶多多流心卷边（7英寸）（4.90*1）,餐盒（2.00*1）",双拼7寸【奥尔良口味7】+双拼7寸【浪漫威尼斯口味7】+酸奶多多流心卷边7,,,,非会员,9,,,依据餐量提供餐具,,58.90,13.75,34.50,0.00,0,0,2.40,0.00,7.80,【活动支出】单品特价:27.50元+【活动支出】饿了么红包:0.00元+【活动支出】饿了么红包:7.00元+【活动支出】替用户承担配送费:5.0元,-,-,-,2.00,温州区域,温州加盟,,,否,-,平台配送
圣比萨（瓯北立体城店）,SBM00003,温州,"8071706088143886788	",饿了么,平台外卖,已完成,2025-10-20 17:25:07,2025-10-20 17:25:07,2025-10-20 17:25:08,饿了么支付-在线支付,,即时单,2025-10-20 17:25:07,13.93,手动出餐,1,否,"玉米沙拉披萨-7英寸(手拍)[{""name"":""规格"",""value"":""7英寸(手拍)""}]（42.00*1）,餐盒（1.00*1）",玉米沙拉披萨,,,,非会员,10,,,依据餐量提供餐具,,42.00,9.62,26.10,0.00,0,0,1.43,0.00,3.90,【活动支出】单品特价:19.10元+【活动支出】饿了么红包:7.00元+【活动支出】替用户承担配送费:3.9元,-,-,-,1.00,温州区域,温州加盟,,,否,-,平台配送
圣比萨（瓯北立体城店）,SBM00003,温州,"8040586088142581144	",饿了么,平台外卖,已完成,2025-10-20 17:31:22,2025-10-20 17:31:22,2025-10-20 17:31:23,饿了么支付-在线支付,,即时单,2025-10-20 17:31:22,7.70,手动出餐,1,否,番茄牛肉意面-单点（19.99*1）,番茄牛肉意面,,,,非会员,11,,,依据餐量提供餐具,,19.99,12.59,0.00,0.00,0,0,0.00,0.00,,【活动支出】拼团反圈活动:0.00元,-,-,-,0.00,温州区域,温州加盟,,,否,-,平台配送
圣比萨（瓯北立体城店）,SBM00003,温州,"8039310254182189558	",饿了么,平台外卖,已完成,2025-10-20 17:53:35,2025-10-20 17:53:35,2025-10-20 17:53:35,饿了么支付-在线支付,,即时单,2025-10-20 17:53:35,21.63,手动出餐,1,否,"红薯薯泥流心卷边（9英寸）（6.90*1）,【真榴莲果肉】9英寸榴莲王披萨（92.00*1）,餐盒（2.00*1）",红薯泥流心卷边9+榴莲王披萨9英寸,,,,非会员,12,,,1份餐具,,98.90,31.61,56.10,0.00,0,0,4.34,0.00,3.90,【活动支出】店铺满减:1.00元+【活动支出】单品特价:46.10元+【活动支出】饿了么红包:9.00元+【活动支出】替用户承担配送费:3.9元,-,-,-,2.00,温州区域,温州加盟,,,否,-,平台配送
圣比萨（瓯北立体城店）,SBM00003,温州,"8063906088173401430	",饿了么,平台外卖,已完成,2025-10-20 18:15:13,2025-10-20 18:15:13,2025-10-20 18:15:14,饿了么支付-在线支付,,即时单,2025-10-20 18:15:13,15.13,手动出餐,1,否,"【经典之王】9英寸圣比招牌披萨（79.00*1）,餐盒（2.00*1）",大圣招牌大满贯披萨【9英寸(手拍)】,,,,非会员,13,,,依据餐量提供餐具,,79.00,21.87,49.10,0.00,0,0,2.98,0.00,3.90,【活动支出】店铺满减:1.00元+【活动支出】单品特价:41.10元+【活动支出】饿了么红包:7.00元+【活动支出】替用户承担配送费:3.9元,-,-,-,2.00,温州区域,温州加盟,,,否,-,平台配送
圣比萨（瓯北立体城店）,SBM00003,温州,"8001010254197275091	",饿了么,平台外卖,已完成,2025-10-20 18:27:23,2025-10-20 18:27:23,2025-10-20 18:27:23,饿了么支付-在线支付,,即时单,2025-10-20 18:27:23,10.28,手动出餐,1,否,奥尔良烤鸡肉披萨(7寸)-单点（20.61*1）,新奥尔良烤鸡肉披萨【7英寸(手拍)】,,,,非会员,14,,,依据餐量提供餐具,,20.61,13.21,0.00,0.00,0,0,0.00,0.00,,【活动支出】拼团反圈活动:0.00元,-,-,-,0.00,温州区域,温州加盟,,,否,-,平台配送
圣比萨（瓯北立体城店）,SBM00003,温州,"8094290254303818100	",饿了么,平台外卖,已完成,2025-10-20 19:02:21,2025-10-20 19:02:21,2025-10-20 19:02:22,饿了么支付-在线支付,,即时单,2025-10-20 19:02:21,25.68,被动出餐,1,否,"酸奶多多流心卷边（7英寸）（4.90*1）,任选披萨8选1+小吃5选1+饮料[碳烤鸡肉培根7英寸+地道肠1根+港式奶茶]（65.00*1）,餐盒（2.00*1）",酸奶多多流心卷边7+碳烤鸡肉培根披萨【7英寸(手拍)】+地道肠【1根】+港式奶茶,,,,非会员,15,,,1份餐具,,69.90,20.88,41.10,0.00,0,0,2.87,0.00,3.90,【活动支出】店铺满减:1.00元+【活动支出】单品特价:33.10元+【活动支出】饿了么红包:7.00元+【活动支出】替用户承担配送费:3.9元,-,-,-,2.00,温州区域,温州加盟,,,否,-,平台配送
圣比萨（瓯北立体城店）,SBM00003,温州,"8082776088208351621	",饿了么,平台外卖,已完成,2025-10-20 20:32:46,2025-10-20 20:32:46,2025-10-20 20:32:46,饿了么支付-在线支付,,即时单,2025-10-20 20:32:46,13.62,手动出餐,1,否,"蛋挞一个（原味）（5.00*1）,缤纷水果披萨-7英寸(手拍)[{""name"":""规格"",""value"":""7英寸(手拍)""}]（42.00*1）,餐盒（1.00*1）",蛋挞1个+缤纷水果披萨,,,,非会员,16,,,依据餐量提供餐具,,47.00,12.68,27.71,0.00,0,0,1.76,0.00,3.90,【活动支出】单品特价:4.01元+【活动支出】单品特价:23.70元+【活动支出】替用户承担配送费:3.9元,-,-,-,1.00,温州区域,温州加盟,,,否,-,平台配送
圣比萨（白石店）,SBM00031,温州,"8081350254184581549	",饿了么,平台外卖,已完成,2025-10-20 11:14:32,2025-10-20 11:14:32,2025-10-20 11:14:32,饿了么支付-在线支付,,即时单,2025-10-20 11:14:32,13.43,手动出餐,1,否,"任选披萨8选1+小吃6选1+饮料[碳烤培根鸡肉披萨7寸+芝士菠萝挞一个+小可乐+冷]（58.00*1）,餐盒（2.00*1）",碳烤鸡肉培根披萨【7英寸(手拍)】+缤纷芝士挞菠萝味+小可乐,,,,非会员,1,,,依据餐量提供餐具,,58.00,22.63,28.20,0.00,0,0,2.12,0.00,4.00,【活动支出】店铺满减:1.00元+【活动支出】单品特价:21.20元+【活动支出】吃货豆兑换的商家券:5.00元+【活动支出】 商家自营销加码:1.00元+【活动支出】替用户承担配送费:4.0元,-,-,-,2.00,温州区域,温州加盟,,,否,-,平台配送
圣比萨（白石店）,SBM00031,温州,"8047300254085559643	",饿了么,平台外卖,已完成,2025-10-20 11:15:52,2025-10-20 11:15:52,2025-10-20 11:15:52,饿了么支付-在线支付,,即时单,2025-10-20 11:15:52,13.00,手动出餐,1,否,"黑椒牛肉芝士焗饭（52.00*1）,餐盒（2.00*1）",黑椒牛肉芝士焗饭,,,,非会员,2,,,少放黑胡椒粉 / 1份餐具,,52.00,15.83,30.20,0.00,0,0,1.52,0.00,3.50,【活动支出】单品特价:26.20元+【活动支出】饿了么红包:4.00元+【活动支出】替用户承担配送费:3.5元,-,-,-,2.00,温州区域,温州加盟,,,否,-,平台配送
圣比萨（白石店）,SBM00031,温州,"8082846088013178305	",饿了么,平台外卖,已完成,2025-10-20 11:26:50,2025-10-20 11:26:50,2025-10-20 11:26:50,饿了么支付-在线支付,,即时单,2025-10-20 11:26:50,14.13,手动出餐,1,否,"黑椒牛肉芝士焗饭（52.00*1）,餐盒（2.00*1）",黑椒牛肉芝士焗饭,,,,非会员,3,,,依据餐量提供餐具,,52.00,15.50,31.20,0.00,0,0,1.45,0.00,3.50,【活动支出】单品特价:26.20元+【活动支出】吃货豆兑换的商家券:5.00元+【活动支出】替用户承担配送费:3.5元,-,-,-,2.00,温州区域,温州加盟,,,否,-,平台配送
圣比萨（白石店）,SBM00031,温州,"8099816088049490203	",饿了么,平台外卖,已完成,2025-10-20 12:35:33,2025-10-20 12:35:33,2025-10-20 12:35:33,饿了么支付-在线支付,,即时单,2025-10-20 12:35:33,12.38,手动出餐,1,否,奥尔良烤鸡肉披萨(7寸)-单点（23.21*1）,新奥尔良烤鸡肉披萨【7英寸(手拍)】,,,,非会员,4,,,依据餐量提供餐具,,23.21,13.21,0.00,0.00,0,0,0.00,0.00,,【活动支出】拼团反圈活动:0.00元,-,-,-,0.00,温州区域,温州加盟,,,否,-,平台配送
圣比萨（白石店）,SBM00031,温州,"8019686088021875160	",饿了么,平台外卖,已完成,2025-10-20 12:43:08,2025-10-20 12:43:08,2025-10-20 12:43:08,饿了么支付-在线支付,,即时单,2025-10-20 12:43:08,16.12,手动出餐,1,否,"黑椒牛肉披萨-7英寸经典手拍[{""name"":""规格"",""value"":""7英寸经典手拍""}]（42.00*1）,餐盒（1.00*1）","黑椒牛肉披萨-7英寸经典手拍[{""name"":""规格"",""value"":""7英寸经典手拍""}]+餐盒",,,,非会员,5,,,不要香菜不要葱 / 依据餐量提供餐具,,42.00,15.90,17.50,0.00,0,0,1.65,0.00,5.00,【活动支出】单品特价:12.50元+【活动支出】吃货豆兑换的商家券:5.00元+【活动支出】替用户承担配送费:5.0元,-,-,-,1.00,温州区域,温州加盟,,,否,-,平台配送
圣比萨（白石店）,SBM00031,温州,"8042070254172256585	",饿了么,平台外卖,已完成,2025-10-20 12:50:58,2025-10-20 12:50:58,2025-10-20 12:50:59,饿了么支付-在线支付,,即时单,2025-10-20 12:50:58,9.55,手动出餐,1,否,"个人独享DIY套餐[7寸牛肉披萨+薯条1份+雀巢牛奶热]（61.00*1）,餐盒（2.00*1）",炙热牛魔王披萨【7英寸(手拍)】+经典薯条+雀巢牛奶,,,,非会员,6,,,依据餐量提供餐具,,61.00,23.51,29.60,0.00,0,0,2.24,0.00,3.50,【活动支出】店铺满减:1.00元+【活动支出】单品特价:20.60元+【活动支出】 商家自营销加码:0.00元+【活动支出】饿了么红包:8.00元+【活动支出】替用户承担配送费:3.5元,-,-,-,2.00,温州区域,温州加盟,,,否,-,平台配送
圣比萨（白石店）,SBM00031,温州,"8029746088056291669	",饿了么,平台外卖,已完成,2025-10-20 14:25:11,2025-10-20 14:25:11,2025-10-20 14:25:12,饿了么支付-在线支付,,即时单,2025-10-20 14:25:11,11.08,手动出餐,1,否,"芝心边（10.00*1）,榴莲王披萨-7英寸（经典手拍）[{""name"":""规格"",""value"":""7英寸（经典手拍）""}]（52.00*1）,餐盒（1.00*1）",榴莲王披萨,,,,非会员,7,,,依据餐量提供餐具,,62.00,28.90,21.50,0.00,0,0,2.85,0.00,5.00,【活动支出】店铺满减:1.00元+【活动支出】单品特价:11.50元+【活动支出】饿了么红包:9.00元+【活动支出】替用户承担配送费:5.0元,-,-,-,1.00,温州区域,温州加盟,,,否,-,平台配送
圣比萨（白石店）,SBM00031,温州,"8027350254215968191	",饿了么,平台外卖,已完成,2025-10-20 15:21:56,2025-10-20 15:21:56,2025-10-20 15:21:57,饿了么支付-在线支付,,即时单,2025-10-20 15:21:56,13.92,手动出餐,1,否,"经典薯条（18.00*1）,新奥尔良烤鸡肉披萨-7英寸（经典手拍）[{""name"":""规格"",""value"":""7英寸（经典手拍）""}]（39.00*1）,餐盒（4.00*1）",经典薯条+新奥尔良烤鸡肉披萨,,,,非会员,8,,,依据餐量提供餐具,,57.00,24.69,25.02,0.00,0,0,2.44,0.00,3.50,【活动支出】店铺满减:1.00元+【活动支出】单品特价:6.52元+【活动支出】单品特价:10.50元+【活动支出】饿了么红包:7.00元+【活动支出】替用户承担配送费:3.5元,-,-,-,4.00,温州区域,温州加盟,,,否,-,平台配送
圣比萨（白石店）,SBM00031,温州,"8024350254120803716	",饿了么,平台外卖,已完成,2025-10-20 15:25:43,2025-10-20 15:25:43,2025-10-20 15:25:43,饿了么支付-在线支付,,即时单,2025-10-20 15:25:43,13.60,手动出餐,1,否,"经典双人披萨套餐[牛魔王薄脆披萨+明星小食桶A+柠檬茶+柠檬茶+常温]（108.00*1）,芝士焗紫薯（19.99*1）,餐盒（3.00*1）",牛魔王薄脆披萨【常规】+明星小食桶A+柠檬茶+柠檬茶,,,,非会员,9,,,1份餐具,,127.99,48.81,61.59,0.00,0,0,4.94,0.00,7.40,【活动支出】店铺满减:2.00元+【活动支出】单品特价:46.10元+【活动支出】单品特价:4.49元+【活动支出】饿了么红包:9.00元+【活动支出】替用户承担配送费:5.0元,-,-,-,3.00,温州区域,温州加盟,,,否,-,平台配送
圣比萨（白石店）,SBM00031,温州,"8042230254228457981	",饿了么,平台外卖,已完成,2025-10-20 16:39:25,2025-10-20 16:39:25,2025-10-20 16:39:26,饿了么支付-在线支付,,即时单,2025-10-20 16:39:25,9.00,手动出餐,1,否,"超值一人套餐[浪漫威尼斯7寸+藤桥金丝鸡排一个+原味奶茶+常温]（57.00*1）,餐盒（2.00*1）",超值一人套餐[浪漫威尼斯7寸+藤桥金丝鸡排一个+原味奶茶+常温]+餐盒,,,,非会员,10,,,依据餐量提供餐具,,57.00,19.81,29.60,0.00,0,0,1.94,0.00,3.50,【活动支出】店铺满减:1.00元+【活动支出】单品特价:20.60元+【活动支出】饿了么红包:8.00元+【活动支出】替用户承担配送费:3.5元,-,-,-,2.00,温州区域,温州加盟,,,否,-,平台配送
圣比萨（白石店）,SBM00031,温州,"8027846088149895598	",饿了么,平台外卖,已完成,2025-10-20 17:11:23,2025-10-20 17:11:23,2025-10-20 17:11:24,饿了么支付-在线支付,,即时单,2025-10-20 17:11:23,9.63,手动出餐,1,否,"星星炸鸡披萨-7英寸（经典手拍）[{""name"":""规格"",""value"":""7英寸（经典手拍）""}]（45.00*1）,餐盒（2.00*1）",星星炸鸡披萨,,,,非会员,11,,,1份餐具,,45.00,15.87,22.50,0.00,0,0,1.58,0.00,3.50,【活动支出】单品特价:16.50元+【活动支出】饿了么红包:6.00元+【活动支出】替用户承担配送费:3.5元,-,-,-,2.00,温州区域,温州加盟,,,否,-,平台配送
圣比萨（白石店）,SBM00031,温州,"8090586088129592704	",饿了么,平台外卖,已完成,2025-10-20 17:43:36,2025-10-20 17:43:36,2025-10-20 17:43:36,饿了么支付-在线支付,,即时单,2025-10-20 17:43:36,3.67,手动出餐,1,否,"番茄牛肉意面（52.00*1）,餐盒（2.00*1）",番茄牛肉意面,,,,非会员,12,,,2份餐具,,52.00,9.72,35.50,0.00,0,0,1.43,0.00,4.50,【活动支出】单品特价:29.50元+【活动支出】饿了么红包:6.00元+【活动支出】替用户承担配送费:4.5元,-,-,-,2.00,温州区域,温州加盟,,,否,-,平台配送
圣比萨（白石店）,SBM00031,温州,"8002410254428811652	",饿了么,平台外卖,已完成,2025-10-20 19:46:44,2025-10-20 19:46:44,2025-10-20 19:46:44,饿了么支付-在线支付,,即时单,2025-10-20 19:46:44,12.35,手动出餐,1,否,"金沙咸蛋黄嫩鸡披萨-7英寸[{""name"":""规格"",""value"":""7英寸""}]（45.00*1）,奶酪边（10.00*1）,餐盒（1.00*1）",金沙咸蛋黄嫩鸡披萨,,,,非会员,13,,,不要玉米 / 依据餐量提供餐具,,55.00,22.76,23.41,0.00,0,0,2.18,0.00,3.50,【活动支出】店铺满减:1.00元+【活动支出】单品特价:15.41元+【活动支出】饿了么红包:7.00元+【活动支出】替用户承担配送费:3.5元,-,-,-,1.00,温州区域,温州加盟,,,否,-,平台配送
圣比萨（白石店）,SBM00031,温州,"8065866088210881941	",饿了么,平台外卖,已完成,2025-10-20 20:37:09,2025-10-20 20:37:09,2025-10-20 20:37:09,饿了么支付-在线支付,,即时单,2025-10-20 20:37:09,10.02,手动出餐,1,否,"缤纷水果披萨-7英寸（经典手拍）[{""name"":""规格"",""value"":""7英寸（经典手拍）""}]（38.00*1）",缤纷水果披萨,,,,非会员,14,,,1份餐具,,38.00,12.82,17.90,0.00,0,0,1.43,0.00,3.50,【活动支出】单品特价:17.90元+【活动支出】替用户承担配送费:3.5元,-,-,-,0.00,温州区域,温州加盟,,,否,-,平台配送
圣比萨（白石店）,SBM00031,温州,"8067400254371089714	",饿了么,平台外卖,已完成,2025-10-20 22:10:12,2025-10-20 22:10:12,2025-10-20 22:10:12,饿了么支付-在线支付,,即时单,2025-10-20 22:10:12,12.68,手动出餐,1,否,"个人意面|焗饭经典套餐[番茄牛肉意面+盐酥鸡米花小份+金桔柠檬+常温]（53.00*1）,餐盒（2.00*1）",番茄牛肉意面+盐酥鸡米花小份,,,,非会员,15,,,依据餐量提供餐具,,53.00,19.31,25.60,0.00,0,0,1.94,0.00,5.60,【活动支出】店铺满减:1.00元+【活动支出】单品特价:16.60元+【活动支出】 商家自营销加码:0.00元+【活动支出】饿了么红包:8.00元+【活动支出】替用户承担配送费:5.0元,-,-,-,2.00,温州区域,温州加盟,,,否,-,平台配送
圣比萨（玉环楚门店）,SBS00028,台州,"8087110254102089994	",饿了么,平台外卖,已完成,2025-10-20 11:32:58,2025-10-20 11:32:58,2025-10-20 11:32:58,饿了么支付-在线支付,,即时单,2025-10-20 11:32:58,11.02,自动出餐,1,否,碳烤鸡肉芝士焗饭（52.00*1）,碳烤鸡肉芝士焗饭,,,,非会员,1,,,依据餐量提供餐具,,52.00,14.52,30.50,0.00,0,0,1.38,0.00,2.30,【活动支出】单品特价:23.50元+【活动支出】饿了么红包:7.00元+【活动支出】替用户承担配送费:2.3元,-,-,-,0.00,台州区域,台州加盟,,,否,-,平台配送
圣比萨（玉环楚门店）,SBS00028,台州,"8004806088059583964	",饿了么,平台外卖,已完成,2025-10-20 12:19:56,2025-10-20 12:19:56,2025-10-20 12:19:57,饿了么支付-在线支付,,即时单,2025-10-20 12:19:56,11.20,自动出餐,1,否,披萨随心配（60.40*1）,日系照烧鸡披萨(7英寸(手拍))+盐酥鸡米花小份+蛋挞1个+上校鸡块2个,,,,非会员,2,,,依据餐量提供餐具,,60.40,15.77,36.90,0.00,0,0,1.53,0.00,2.30,【活动支出】单品特价:29.90元+【活动支出】饿了么红包:7.00元+【活动支出】替用户承担配送费:2.3元,-,-,-,0.00,台州区域,台州加盟,,,否,-,平台配送
圣比萨（玉环楚门店）,SBS00028,台州,"8024666088038728110	",饿了么,平台外卖,已完成,2025-10-20 12:40:18,2025-10-20 12:40:18,2025-10-20 12:40:18,饿了么支付-在线支付,,即时单,2025-10-20 12:40:18,11.10,自动出餐,1,否,"点击右上角❤️收藏得小吃[上校鸡块2个]（2.00*1）,焗饭随心配（53.80*1）",上校鸡块2个+咖喱鸡肉芝士焗饭+盐酥鸡米花小份+地道肠1根+蛋挞1个,,,,非会员,3,,,1份餐具,,55.80,15.87,32.20,0.00,0,0,1.53,0.00,2.30,【活动支出】单品特价:1.90元+【活动支出】单品特价:23.30元+【活动支出】饿了么红包:7.00元+【活动支出】淘金币:0.00元+【活动支出】替用户承担配送费:2.3元,-,-,-,0.00,台州区域,台州加盟,,,否,-,平台配送
圣比萨（玉环楚门店）,SBS00028,台州,"8046816088034256358	",饿了么,平台外卖,已完成,2025-10-20 13:22:28,2025-10-20 13:22:28,2025-10-20 13:22:29,饿了么支付-在线支付,,即时单,2025-10-20 13:22:28,11.07,自动出餐,1,否,【随心❤️拼】9英寸双拼披萨（口味自选）[奥尔良+水果]（36.90*1）,双拼9寸【奥尔良口味9】+双拼9寸【缤纷水果口味9】,,,,非会员,4,,,依据餐量提供餐具,,36.90,19.10,7.00,0.00,0,0,1.90,0.00,4.40,【活动支出】 商家自营销加码:2.00元+【活动支出】饿了么红包:5.00元+【活动支出】替用户承担配送费:4.4元,-,-,-,0.00,台州区域,台州加盟,,,否,-,平台配送
圣比萨（玉环楚门店）,SBS00028,台州,"8003816088056669457	",饿了么,平台外卖,已完成,2025-10-20 14:43:57,2025-10-20 14:43:57,2025-10-20 14:43:57,饿了么支付-在线支付,,即时单,2025-10-20 14:43:57,9.15,手动出餐,1,否,"蛋挞1个（5.00*1）,榴莲王披萨-9英寸(手拍)[{""name"":""规格"",""value"":""9英寸(手拍)""}]（92.00*1）,【肥宅快乐水】小可乐（5.00*1）,盐酥鸡粒（21.00*1）,餐盒（1.00*1）",蛋挞1个+榴莲王披萨+小可乐+盐酥鸡粒,,,,非会员,5,,,2份餐具,,123.00,30.40,77.61,0.00,0,0,3.09,0.00,6.20,【活动支出】店铺满减:2.00元+【活动支出】单品特价:4.01元+【活动支出】单品特价:48.10元+【活动支出】单品特价:11.50元+【活动支出】饿了么红包:12.00元+【活动支出】替用户承担配送费:5.0元,-,-,-,1.00,台州区域,台州加盟,,,否,-,平台配送
圣比萨（玉环楚门店）,SBS00028,台州,"8033546088095862072	",饿了么,平台外卖,已完成,2025-10-20 15:09:30,2025-10-20 15:09:30,2025-10-20 15:09:31,饿了么支付-在线支付,,即时单,2025-10-20 15:09:30,10.00,自动出餐,1,否,7件套随心拼套餐（59.90*1）,盐酥鸡米花小份+地道肠1根+蛋挞1个+碳烤鸡肉芝士焗饭+金沙咸蛋黄嫩鸡披萨(7英寸(手拍))+港式奶茶+柠檬茶,,,,非会员,6,,,依据餐量提供餐具,,59.90,29.75,19.40,0.00,0,0,2.75,0.00,2.30,【活动支出】店铺满减:1.00元+【活动支出】单品特价:9.40元+【活动支出】饿了么红包:9.00元+【活动支出】替用户承担配送费:2.3元,-,-,-,0.00,台州区域,台州加盟,,,否,-,平台配送
圣比萨（玉环楚门店）,SBS00028,台州,"8031886088109747693	",饿了么,平台外卖,已完成,2025-10-20 15:10:57,2025-10-20 15:10:57,2025-10-20 15:10:57,饿了么支付-在线支付,,即时单,2025-10-20 15:10:57,10.23,自动出餐,1,否,"奥尔良烤翅（14.00*1）,奥尔良烤鸡肉披萨-7英寸(手拍)[{""name"":""规格"",""value"":""7英寸(手拍)""}]（45.00*1）,红薯薯泥流心卷边（7英寸）（4.90*1）",奥尔良烤翅+新奥尔良烤鸡肉披萨+红薯泥流心卷边7,,,,非会员,7,,,依据餐量提供餐具,,63.90,21.48,33.60,0.00,0,0,2.02,0.00,2.30,【活动支出】单品特价:5.50元+【活动支出】单品特价:21.10元+【活动支出】吃货豆兑换的商家券:5.00元+【活动支出】 商家自营销加码:2.00元+【活动支出】替用户承担配送费:2.3元,-,-,-,0.00,台州区域,台州加盟,,,否,-,平台配送
圣比萨（玉环楚门店）,SBS00028,台州,"8046490254224389440	",饿了么,平台外卖,已完成,2025-10-20 15:38:49,2025-10-20 15:38:49,2025-10-20 15:38:49,饿了么支付-在线支付,,即时单,2025-10-20 15:38:49,7.85,手动出餐,1,否,"奥尔良烤鸡肉披萨-7英寸(手拍)[{""name"":""规格"",""value"":""7英寸(手拍)""}]（45.00*1）",新奥尔良烤鸡肉披萨,,,,非会员,8,,,依据餐量提供餐具,,45.00,8.10,28.10,0.00,0,0,1.10,0.00,4.40,【活动支出】单品特价:21.10元+【活动支出】饿了么红包:7.00元+【活动支出】替用户承担配送费:4.4元,-,-,-,0.00,台州区域,台州加盟,,,否,-,平台配送
圣比萨（玉环楚门店）,SBS00028,台州,"8040380254309457357	",饿了么,平台外卖,已完成,2025-10-20 15:52:15,2025-10-20 15:52:15,2025-10-20 15:52:15,饿了么支付-在线支付,,即时单,2025-10-20 15:52:15,10.10,自动出餐,1,否,"点击右上角❤️收藏得小吃[上校鸡块2个]（2.00*1）,蛋挞1个（5.00*1）,蛋挞1个（5.00*1）,经典薯条（18.00*1）,盐酥鸡粒（21.00*1）,【任选2件套】买一送一7英寸披萨[浪漫威尼斯披萨7英寸+碳烤鸡肉培根7英寸]（86.80*1）,餐盒（2.00*1）",上校鸡块2个+蛋挞1个+蛋挞1个+经典薯条+盐酥鸡粒+浪漫威尼斯披萨【7英寸(手拍)】+碳烤鸡肉培根披萨【7英寸(手拍)】,,,,非会员,9,,,依据餐量提供餐具,,137.80,35.10,87.81,0.00,0,0,3.49,0.00,5.60,【活动支出】单品特价:1.90元+【活动支出】店铺满减:2.00元+【活动支出】单品特价:4.01元+【活动支出】单品特价:8.50元+【活动支出】单品特价:11.50元+【活动支出】单品特价:41.90元+【活动支出】饿了么红包:12.00元+【活动支出】精准营销:4.00元+【活动支出】粉丝群:2.00元+【活动支出】替用户承担配送费:5.0元,-,-,-,2.00,台州区域,台州加盟,,,否,-,平台配送
圣比萨（玉环楚门店）,SBS00028,台州,"8099080254329216355	",饿了么,平台外卖,已完成,2025-10-20 16:49:03,2025-10-20 16:49:03,2025-10-20 16:49:03,饿了么支付-在线支付,,即时单,2025-10-20 16:49:03,8.68,手动出餐,1,否,"榴莲王披萨-9英寸(手拍)[{""name"":""规格"",""value"":""9英寸(手拍)""}]（92.00*1）",榴莲王披萨,,,,非会员,10,,,依据餐量提供餐具,,92.00,26.68,56.10,0.00,0,0,2.42,0.00,2.30,【活动支出】单品特价:56.10元+【活动支出】用户代金券:0.00元+【活动支出】替用户承担配送费:2.3元,-,-,-,0.00,台州区域,台州加盟,,,否,-,平台配送
圣比萨（玉环楚门店）,SBS00028,台州,"8093926088137025849	",饿了么,平台外卖,已完成,2025-10-20 17:10:12,2025-10-20 17:10:12,2025-10-20 17:10:12,饿了么支付-在线支付,,即时单,2025-10-20 17:10:12,10.05,自动出餐,1,否,披萨随心配（60.40*1）,碳烤鸡肉培根披萨(7英寸(手拍))+盐酥鸡米花小份+地道肠1根+蛋挞1个,,,,非会员,11,,,依据餐量提供餐具,,60.40,15.77,36.90,0.00,0,0,1.53,0.00,2.30,【活动支出】单品特价:29.90元+【活动支出】饿了么红包:7.00元+【活动支出】替用户承担配送费:2.3元,-,-,-,0.00,台州区域,台州加盟,,,否,-,平台配送
圣比萨（玉环楚门店）,SBS00028,台州,"8010526088175225181	",饿了么,平台外卖,已完成,2025-10-20 17:41:22,2025-10-20 17:41:22,2025-10-20 17:41:23,饿了么支付-在线支付,,即时单,2025-10-20 17:41:22,11.02,自动出餐,1,否,"【任选5件套】披萨意面我全都要（132.90*1）,餐盒（1.00*1）",缤纷水果披萨(7英寸(手拍))+港式奶茶+柠檬茶+明星小食桶B+番茄牛肉意面,,,,非会员,12,,,依据餐量提供餐具,,132.90,39.72,79.50,0.00,0,0,3.68,0.00,3.30,【活动支出】店铺满减:2.00元+【活动支出】单品特价:67.50元+【活动支出】粉丝群:2.00元+【活动支出】饿了么红包:8.00元+【活动支出】替用户承担配送费:3.3元,-,-,-,1.00,台州区域,台州加盟,,,否,-,平台配送
圣比萨（玉环楚门店）,SBS00028,台州,"8069906088179044832	",饿了么,平台外卖,已完成,2025-10-20 18:27:30,2025-10-20 18:27:30,2025-10-20 18:27:31,饿了么支付-在线支付,,即时单,2025-10-20 18:27:30,11.20,自动出餐,1,否,"点击右上角❤️收藏得小吃[上校鸡块2个]（2.00*1）,榴莲王披萨-9英寸(手拍)[{""name"":""规格"",""value"":""9英寸(手拍)""}]（92.00*1）,蛋挞1个（5.00*1）,餐盒（1.00*1）",上校鸡块2个+榴莲王披萨+蛋挞1个,,,,非会员,13,,,依据餐量提供餐具,,99.00,25.85,65.00,0.00,0,0,2.35,0.00,2.30,【活动支出】单品特价:1.90元+【活动支出】店铺满减:1.00元+【活动支出】单品特价:48.10元+【活动支出】饿了么红包:8.00元+【活动支出】 商家自营销加码:0.00元+【活动支出】粉丝群:2.00元+【活动支出】精准营销:4.00元+【活动支出】替用户承担配送费:2.3元,-,-,-,1.00,台州区域,台州加盟,,,否,-,平台配送
圣比萨（玉环楚门店）,SBS00028,台州,"8040596088185242016	",饿了么,平台外卖,已完成,2025-10-20 18:39:53,2025-10-20 18:39:53,2025-10-20 18:39:54,饿了么支付-在线支付,,即时单,2025-10-20 18:39:53,11.00,自动出餐,1,否,"榴莲王披萨-9英寸(手拍)[{""name"":""规格"",""value"":""9英寸(手拍)""}]（92.00*1）",榴莲王披萨,,,,非会员,14,,,1份餐具,,92.00,24.32,57.10,0.00,0,0,2.28,0.00,3.30,【活动支出】店铺满减:1.00元+【活动支出】单品特价:48.10元+【活动支出】饿了么红包:8.00元+【活动支出】替用户承担配送费:3.3元,-,-,-,0.00,台州区域,台州加盟,,,否,-,平台配送
圣比萨（玉环楚门店）,SBS00028,台州,"8057596088207315203	",饿了么,平台外卖,已完成,2025-10-20 20:13:40,2025-10-20 20:13:40,2025-10-20 20:13:41,饿了么支付-在线支付,,即时单,2025-10-20 20:13:40,10.10,自动出餐,1,否,"榴莲王披萨-9英寸(手拍)[{""name"":""规格"",""value"":""9英寸(手拍)""}]（92.00*1）,奶酪芝士卷边（9英寸）（6.90*1）",榴莲王披萨+奶酪芝士卷边9,,,,非会员,15,,,依据餐量提供餐具,,98.90,35.87,49.10,0.00,0,0,3.33,0.00,3.80,【活动支出】店铺满减:1.00元+【活动支出】单品特价:48.10元+【活动支出】替用户承担配送费:3.8元,-,-,-,0.00,台州区域,台州加盟,,,否,-,平台配送
圣比萨（玉环楚门店）,SBS00028,台州,"8036566088251522327	",饿了么,平台外卖,已完成,2025-10-20 20:39:28,2025-10-20 20:39:28,2025-10-20 20:39:28,饿了么支付-在线支付,,即时单,2025-10-20 20:39:28,10.08,自动出餐,1,否,"奥尔良烤鸡肉披萨-7英寸(手拍)[{""name"":""规格"",""value"":""7英寸(手拍)""}]（45.00*1）,奶酪芝士卷边（7英寸）（4.90*1）",新奥尔良烤鸡肉披萨+奶酪芝士卷边7,,,,非会员,16,,,依据餐量提供餐具,,49.90,12.78,28.10,0.00,0,0,1.32,0.00,4.40,【活动支出】单品特价:21.10元+【活动支出】 商家自营销加码:2.00元+【活动支出】饿了么红包:5.00元+【活动支出】替用户承担配送费:4.4元,-,-,-,0.00,台州区域,台州加盟,,,否,-,平台配送
圣比萨（玉环楚门店）,SBS00028,台州,"8021210254256604431	",饿了么,平台外卖,已完成,2025-10-20 20:46:39,2025-10-20 20:46:39,2025-10-20 20:46:39,饿了么支付-在线支付,,即时单,2025-10-20 20:46:39,10.05,自动出餐,1,否,"奥尔良烤鸡肉披萨-7英寸(手拍)[{""name"":""规格"",""value"":""7英寸(手拍)""}]（45.00*1）",新奥尔良烤鸡肉披萨,,,,非会员,17,,,17683970962打这个电话 / 依据餐量提供餐具,,45.00,10.80,28.10,0.00,0,0,1.10,0.00,2.30,【活动支出】单品特价:21.10元+【活动支出】 商家自营销加码:2.00元+【活动支出】饿了么红包:5.00元+【活动支出】替用户承担配送费:2.3元,-,-,-,0.00,台州区域,台州加盟,,,否,-,平台配送
圣比萨（玉环楚门店）,SBS00028,台州,"8026480254449941795	",饿了么,平台外卖,已完成,2025-10-20 21:06:36,2025-10-20 21:06:36,2025-10-20 21:06:36,饿了么支付-在线支付,,即时单,2025-10-20 21:06:36,9.00,手动出餐,1,否,"日系照烧鸡披萨-7英寸(手拍)[{""name"":""规格"",""value"":""7英寸(手拍)""}]（45.00*1）,奶酪芝士卷边（7英寸）（4.90*1）",日系照烧鸡披萨+奶酪芝士卷边7,,,,非会员,18,,,依据餐量提供餐具,,49.90,13.04,26.10,0.00,0,0,1.46,0.00,6.00,【活动支出】单品特价:19.10元+【活动支出】饿了么红包:7.00元+【活动支出】替用户承担配送费:5.0元,-,-,-,0.00,台州区域,台州加盟,,,否,-,平台配送
圣比萨（玉环楚门店）,SBS00028,台州,"8061060254377215236	",饿了么,平台外卖,已完成,2025-10-20 21:22:15,2025-10-20 21:22:15,2025-10-20 21:22:15,饿了么支付-在线支付,,即时单,2025-10-20 21:22:15,9.95,手动出餐,1,否,"【任选】披萨8选1+小吃5选1+饮品·[碳烤鸡肉培根7英寸+地道肠1根+小可乐]（58.00*1）,奶酪芝士卷边（7英寸）（4.90*1）",碳烤鸡肉培根披萨【7英寸(手拍)】+地道肠【1根】+小可乐+奶酪芝士卷边7,,,,非会员,19,,,1份餐具,用户申请取消单 点错了，我想重新点，,62.90,16.78,35.50,0.00,0,0,1.72,0.00,4.80,【活动支出】单品特价:27.50元+【活动支出】饿了么红包:8.00元+【活动支出】替用户承担配送费:4.8元,-,-,-,0.00,台州区域,台州加盟,,,否,-,平台配送
圣比萨（玉环楚门店）,SBS00028,台州,"8061060254461242753	",饿了么,平台外卖,已完成,2025-10-20 21:27:13,2025-10-20 21:27:13,2025-10-20 21:27:14,饿了么支付-在线支付,,即时单,2025-10-20 21:27:13,9.47,手动出餐,1,否,"点击右上角❤️收藏得小吃[上校鸡块2个]（2.00*1）,圣比招牌披萨-7寸(经典手拍)[{""name"":""规格"",""value"":""7寸(经典手拍)""}]（45.00*1）,奶酪芝士卷边（7英寸）（4.90*1）,蛋挞1个（5.00*1）,餐盒（1.00*1）",上校鸡块2个+大圣招牌大满贯披萨+奶酪芝士卷边7+蛋挞1个,,,,非会员,20,,,1份餐具,,56.90,20.31,26.70,0.00,0,0,1.99,0.00,4.80,【活动支出】单品特价:1.90元+【活动支出】单品特价:20.80元+【活动支出】精准营销:4.00元+【活动支出】替用户承担配送费:4.8元,-,-,-,1.00,台州区域,台州加盟,,,否,-,平台配送
圣比萨（玉环楚门店）,SBS00028,台州,"8079110254466194837	",饿了么,平台外卖,已完成,2025-10-20 21:40:44,2025-10-20 21:40:44,2025-10-20 21:40:44,饿了么支付-在线支付,,即时单,2025-10-20 21:40:44,10.20,自动出餐,1,否,"咸蛋黄风味流沙卷边（12英寸）（6.90*1）,点击右上角❤️收藏得小吃[上校鸡块2个]（2.00*1）,金沙咸蛋黄嫩鸡披萨-12英寸(手拍)[{""name"":""规格"",""value"":""12英寸(手拍)""}]（129.00*1）",咸蛋黄流沙卷边+上校鸡块2个+金沙咸蛋黄嫩鸡披萨,,,,非会员,21,,,依据餐量提供餐具,,137.90,41.96,81.00,0.00,0,0,3.84,0.00,4.30,【活动支出】店铺满减:2.00元+【活动支出】单品特价:1.90元+【活动支出】单品特价:65.10元+【活动支出】饿了么红包:12.00元+【活动支出】替用户承担配送费:4.3元,-,-,-,0.00,台州区域,台州加盟,,,否,-,平台配送
圣比萨（钱库店）,SBM00044,温州,"8023140254131977695	",饿了么,平台外卖,已完成,2025-10-20 10:10:38,2025-10-20 10:10:38,2025-10-20 10:10:38,饿了么支付-在线支付,,即时单,2025-10-20 10:10:38,18.30,手动出餐,1,否,"圣比招牌披萨-9寸(经典手拍)[{""name"":""规格"",""value"":""9寸(经典手拍)""}]（78.00*1）,餐盒（2.00*1）",大圣招牌大满贯披萨,,,,非会员,1,,,依据餐量提供餐具,,78.00,27.91,40.01,0.00,0,0,3.83,0.00,3.50,【活动支出】店铺满减:1.00元+【活动支出】单品特价:31.01元+【活动支出】超级会员专享红包:8.00元+【活动支出】 商家自营销加码:0.00元+【活动支出】替用户承担配送费:3.5元,-,-,-,2.00,温州区域,温州加盟,,,否,-,平台配送
圣比萨（钱库店）,SBM00044,温州,"8077130254108209492	",饿了么,平台外卖,已完成,2025-10-20 11:38:22,2025-10-20 11:38:22,2025-10-20 11:38:22,饿了么支付-在线支付,,即时单,2025-10-20 11:38:22,30.28,被动出餐,1,否,"咖喱鸡肉焗饭（34.00*1）,餐盒（1.50*1）",咖喱鸡肉芝士焗饭,,,,非会员,2,,,依据餐量提供餐具,,34.00,13.74,12.01,0.00,0,0,2.10,0.00,5.60,【活动支出】单品特价:7.01元+【活动支出】饿了么红包:5.00元+【活动支出】替用户承担配送费:5.0元,-,-,-,1.50,温州区域,温州加盟,,,否,-,平台配送
圣比萨（钱库店）,SBM00044,温州,"8044836088036979096	",饿了么,平台外卖,已完成,2025-10-20 12:39:45,2025-10-20 12:39:45,2025-10-20 12:39:46,饿了么支付-在线支付,,即时单,2025-10-20 12:39:45,9.78,手动出餐,1,否,番茄牛肉意面-单点（22.59*1）,番茄牛肉意面,,,,非会员,3,,,依据餐量提供餐具,,22.59,12.59,0.00,0.00,0,0,0.00,0.00,,【活动支出】拼团反圈活动:0.00元,-,-,-,0.00,温州区域,温州加盟,,,否,-,平台配送
圣比萨（钱库店）,SBM00044,温州,"8049816088054006095	",饿了么,平台外卖,已完成,2025-10-20 12:41:06,2025-10-20 12:41:06,2025-10-20 12:41:07,饿了么支付-在线支付,,即时单,2025-10-20 12:41:06,10.30,手动出餐,1,否,"圣比招牌披萨-7寸(经典手拍)[{""name"":""规格"",""value"":""7寸(经典手拍)""}]（45.00*1）,芝士边（7英寸）（9.80*1）,番茄牛肉意面（32.00*1）,餐盒（4.00*1）",大圣招牌大满贯披萨+番茄牛肉意面,,,,非会员,4,,,依据餐量提供餐具,,86.80,36.57,37.11,0.00,0,0,5.27,0.00,5.60,【活动支出】店铺满减:2.00元+【活动支出】单品特价:13.10元+【活动支出】单品特价:8.01元+【活动支出】精准营销:2.00元+【活动支出】饿了么红包:12.00元+【活动支出】替用户承担配送费:5.0元,-,-,-,4.00,温州区域,温州加盟,,,否,-,平台配送
圣比萨（钱库店）,SBM00044,温州,"8000470254250440067	",饿了么,平台外卖,已完成,2025-10-20 13:00:28,2025-10-20 13:00:28,2025-10-20 13:00:28,饿了么支付-在线支付,,即时单,2025-10-20 13:00:28,11.20,手动出餐,1,否,新奥尔良烤鸡肉披萨7寸-单点（22.00*1）,新奥尔良烤鸡肉披萨【7英寸(手拍)】,,,,非会员,5,,,不加酱 / 1份餐具,,22.00,12.00,0.00,0.00,0,0,0.00,0.00,,【活动支出】拼团反圈活动:0.00元,-,-,-,0.00,温州区域,温州加盟,,,否,-,平台配送
圣比萨（钱库店）,SBM00044,温州,"8077470254079239652	",饿了么,平台外卖,已完成,2025-10-20 13:13:55,2025-10-20 13:13:55,2025-10-20 13:13:55,饿了么支付-在线支付,,即时单,2025-10-20 13:13:55,4.27,手动出餐,1,否,"番茄牛肉意面+小可乐1瓶[小可乐+番茄牛肉意面]（42.00*1）,餐盒（2.00*1）",番茄牛肉意面+小可乐,,,,非会员,6,,,依据餐量提供餐具,,42.00,14.20,22.01,0.00,0,0,1.94,0.00,3.50,【活动支出】单品特价:15.01元+【活动支出】饿了么红包:7.00元+【活动支出】替用户承担配送费:3.5元,-,-,-,2.00,温州区域,温州加盟,,,否,-,平台配送
圣比萨（钱库店）,SBM00044,温州,"8008140254159505808	",饿了么,平台外卖,已完成,2025-10-20 13:17:10,2025-10-20 13:17:10,2025-10-20 13:17:11,饿了么支付-在线支付,,即时单,2025-10-20 13:17:10,9.65,手动出餐,1,否,"奥尔良烤鸡肉披萨-7寸(经典手拍)[{""name"":""规格"",""value"":""7寸(经典手拍)""}]（45.00*1）,蛋挞一个（原味）（5.00*1）,餐盒（3.00*1）",新奥尔良烤鸡肉披萨+蛋挞1个,,,,非会员,7,,,依据餐量提供餐具,,50.00,12.31,31.11,0.00,0,0,1.93,0.00,6.20,【活动支出】单品特价:18.10元+【活动支出】单品特价:4.01元+【活动支出】粉丝群:2.00元+【活动支出】饿了么红包:7.00元+【活动支出】替用户承担配送费:5.0元,-,-,-,3.00,温州区域,温州加盟,,,否,-,平台配送
圣比萨（钱库店）,SBM00044,温州,"8075656088045587788	",饿了么,平台外卖,已完成,2025-10-20 13:39:17,2025-10-20 13:39:17,2025-10-20 13:39:17,饿了么支付-在线支付,,即时单,2025-10-20 13:39:17,9.37,手动出餐,1,否,"7英寸披萨一人食土豪餐[碳烤鸡肉培根7英寸+奥尔良烤翅1对+地道肠1根+雀巢果珍+冷]（70.00*1）,餐盒（2.00*1）",碳烤鸡肉培根披萨【7英寸(手拍)】+地道肠【1根】+雀巢果珍,,,,非会员,8,,,依据餐量提供餐具,,70.00,22.76,39.10,0.00,0,0,3.09,0.00,3.50,【活动支出】店铺满减:1.00元+【活动支出】单品特价:30.10元+【活动支出】 商家自营销加码:0.00元+【活动支出】饿了么红包:8.00元+【活动支出】替用户承担配送费:3.5元,-,-,-,2.00,温州区域,温州加盟,,,否,-,平台配送
圣比萨（钱库店）,SBM00044,温州,"8066490254098251263	",饿了么,平台外卖,已完成,2025-10-20 14:30:24,2025-10-20 14:30:24,2025-10-20 14:30:24,饿了么支付-在线支付,,即时单,2025-10-20 14:30:24,10.23,手动出餐,1,否,"奥尔良烤鸡肉披萨-7寸(经典手拍)[{""name"":""规格"",""value"":""7寸(经典手拍)""}]（45.00*1）,餐盒（2.00*1）",新奥尔良烤鸡肉披萨,,,,非会员,9,,,依据餐量提供餐具,,45.00,14.95,23.50,0.00,0,0,2.10,0.00,3.50,【活动支出】单品特价:17.50元+【活动支出】超级会员专享红包:5.00元+【活动支出】 商家自营销加码:1.00元+【活动支出】替用户承担配送费:3.5元,-,-,-,2.00,温州区域,温州加盟,,,否,-,平台配送
圣比萨（钱库店）,SBM00044,温州,"8092140254241157401	",饿了么,平台外卖,已完成,2025-10-20 16:39:08,2025-10-20 16:39:08,2025-10-20 16:39:08,饿了么支付-在线支付,,即时单,2025-10-20 16:39:08,17.42,手动出餐,1,否,"翅薯组合（21.00*1）,红薯边（9英寸）（12.80*1）,烤甜玉米（12.00*1）,盐酥鸡粒（21.00*1）,台式香烤地道肠（7.50*1）,菠萝双虾披萨-9英寸(经典手拍)[{""name"":""规格"",""value"":""9英寸(经典手拍)""}]（78.00*1）,餐盒（8.00*1）",翅薯组合+烤甜玉米+盐酥鸡粒+地道肠1根+菠萝双虾披萨,,,,非会员,10,,,2份餐具,,152.30,75.60,52.94,0.00,0,0,10.91,0.00,5.60,【活动支出】店铺满减:4.00元+【活动支出】单品特价:1.52元+【活动支出】单品特价:2.60元+【活动支出】单品特价:10.50元+【活动支出】单品特价:4.91元+【活动支出】单品特价:29.41元+【活动支出】替用户承担配送费:5.0元,-,-,-,8.00,温州区域,温州加盟,,,否,-,平台配送
圣比萨（钱库店）,SBM00044,温州,"8070040254325622242	",饿了么,平台外卖,已完成,2025-10-20 16:44:19,2025-10-20 16:44:19,2025-10-20 16:44:20,饿了么支付-在线支付,,即时单,2025-10-20 16:44:19,12.25,手动出餐,1,否,招牌肉酱芝士焗饭（52.00*1）,招牌肉酱芝士焗饭,,,,非会员,11,,,1份餐具,,52.00,11.88,32.60,0.00,0,0,1.67,0.00,3.50,【活动支出】单品特价:32.60元+【活动支出】替用户承担配送费:3.5元,-,-,-,0.00,温州区域,温州加盟,,,否,-,平台配送
圣比萨（钱库店）,SBM00044,温州,"8077766088155015463	",饿了么,平台外卖,已完成,2025-10-20 17:13:41,2025-10-20 17:13:41,2025-10-20 17:13:41,饿了么支付-在线支付,,即时单,2025-10-20 17:13:41,3.78,手动出餐,1,否,"番茄牛肉意面（32.00*1）,餐盒（2.00*1）",番茄牛肉意面,,,,非会员,12,,,1份餐具,,32.00,12.35,13.41,0.00,0,0,1.79,0.00,3.50,【活动支出】单品特价:7.41元+【活动支出】饿了么红包:6.00元+【活动支出】替用户承担配送费:3.5元,-,-,-,2.00,温州区域,温州加盟,,,否,-,平台配送
圣比萨（钱库店）,SBM00044,温州,"8077766088113006925	",饿了么,平台外卖,已完成,2025-10-20 17:14:24,2025-10-20 17:14:24,2025-10-20 17:14:25,饿了么支付-在线支付,,即时单,2025-10-20 17:14:24,6.25,手动出餐,1,否,"番茄牛肉意面（32.00*2）,餐盒（4.00*1）",番茄牛肉意面,,,,非会员,13,,,2份餐具,,64.00,26.88,27.82,0.00,0,0,3.85,0.00,3.50,【活动支出】店铺满减:1.00元+【活动支出】单品特价:14.82元+【活动支出】饿了么红包:12.00元+【活动支出】替用户承担配送费:3.5元,-,-,-,4.00,温州区域,温州加盟,,,否,-,平台配送
圣比萨（钱库店）,SBM00044,温州,"8008886088173927843	",饿了么,平台外卖,已完成,2025-10-20 17:33:34,2025-10-20 17:33:34,2025-10-20 17:33:34,饿了么支付-在线支付,,即时单,2025-10-20 17:33:34,8.72,手动出餐,1,否,"奥尔良烤鸡肉披萨-7寸(经典手拍)[{""name"":""规格"",""value"":""7寸(经典手拍)""}]（45.00*1）,餐盒（2.00*1）",新奥尔良烤鸡肉披萨,,,,非会员,14,,,依据餐量提供餐具,,45.00,14.05,24.50,0.00,0,0,2.00,0.00,3.50,【活动支出】单品特价:17.50元+【活动支出】CPS商户叠加券:0.00元+【活动支出】饿了么红包:7.00元+【活动支出】替用户承担配送费:3.5元,-,-,-,2.00,温州区域,温州加盟,,,否,-,平台配送
圣比萨（钱库店）,SBM00044,温州,"8067450254190913942	",饿了么,平台外卖,已完成,2025-10-20 18:14:22,2025-10-20 18:14:22,2025-10-20 18:14:22,饿了么支付-在线支付,,即时单,2025-10-20 18:14:22,11.52,手动出餐,1,否,"7英寸披萨一人食土豪餐[海苔肉松披萨7英寸+奥尔良烤翅1对+深海墨鱼丸3个+港式奶茶+热]（70.00*1）,台式香烤地道肠（7.50*1）,蛋挞一个（原味）（5.00*1）,餐盒（4.00*1）",海苔肉松披萨【7英寸(手拍)】+深海墨鱼丸3个+港式奶茶+地道肠1根+蛋挞1个,,,,非会员,15,,,安排早点送到，谢谢！ / 依据餐量提供餐具,,82.50,24.73,49.62,0.00,0,0,3.50,0.00,3.50,【活动支出】店铺满减:1.00元+【活动支出】单品特价:29.70元+【活动支出】单品特价:4.91元+【活动支出】单品特价:4.01元+【活动支出】粉丝群:2.00元+【活动支出】饿了么红包:8.00元+【活动支出】淘金币:0.00元+【活动支出】替用户承担配送费:3.5元,-,-,-,4.00,温州区域,温州加盟,,,否,-,平台配送
圣比萨（钱库店）,SBM00044,温州,"8023310254390204859	",饿了么,平台外卖,已完成,2025-10-20 18:25:55,2025-10-20 18:25:55,2025-10-20 18:25:55,饿了么支付-在线支付,,即时单,2025-10-20 18:25:55,9.37,手动出餐,1,否,"星星炸鸡披萨-7英寸(经典手拍)[{""name"":""规格"",""value"":""7英寸(经典手拍)""}]（45.00*1）,餐盒（2.00*1）",星星炸鸡披萨,,,,非会员,16,,,依据餐量提供餐具,,45.00,16.14,21.50,0.00,0,0,2.31,0.00,3.50,【活动支出】单品特价:14.50元+【活动支出】饿了么红包:7.00元+【活动支出】替用户承担配送费:3.5元,-,-,-,2.00,温州区域,温州加盟,,,否,-,平台配送
圣比萨（钱库店）,SBM00044,温州,"8031706088211308966	",饿了么,平台外卖,已完成,2025-10-20 18:48:26,2025-10-20 18:48:26,2025-10-20 18:48:27,饿了么支付-在线支付,,即时单,2025-10-20 18:48:26,11.48,手动出餐,1,否,"双人特惠超值套餐[黑椒牛肉披萨9英寸+深海墨鱼丸6个+鸡肉洋葱圈6个+小可乐+柠檬茶+冰]（128.00*1）,餐盒（2.00*1）",深海墨鱼丸【6个】+小可乐+柠檬茶,,,,非会员,17,,,2份餐具,,128.00,41.11,72.80,0.00,0,0,5.64,0.00,3.50,【活动支出】店铺满减:2.00元+【活动支出】单品特价:58.80元+【活动支出】饿了么红包:12.00元+【活动支出】替用户承担配送费:3.5元,-,-,-,2.00,温州区域,温州加盟,,,否,-,平台配送
圣比萨（钱库店）,SBM00044,温州,"8095616088184654214	",饿了么,平台外卖,已完成,2025-10-20 19:29:17,2025-10-20 19:29:17,2025-10-20 19:29:17,饿了么支付-在线支付,,即时单,2025-10-20 19:29:17,8.75,手动出餐,1,否,"芒果汁[常温]（10.00*1）,招牌肉酱芝士焗饭（52.00*1）,餐盒（3.00*1）",芒果汁+招牌肉酱芝士焗饭,,,,非会员,18,,,依据餐量提供餐具,,62.00,20.67,33.10,0.00,0,0,2.98,0.00,3.50,【活动支出】店铺满减:1.00元+【活动支出】单品特价:2.60元+【活动支出】单品特价:23.50元+【活动支出】饿了么红包:6.00元+【活动支出】替用户承担配送费:3.5元,-,-,-,3.00,温州区域,温州加盟,,,否,-,平台配送
圣比萨（钱库店）,SBM00044,温州,"8045220254238824759	",饿了么,平台外卖,已完成,2025-10-20 19:47:33,2025-10-20 19:47:33,2025-10-20 19:47:33,饿了么支付-在线支付,,即时单,2025-10-20 19:47:33,3.42,手动出餐,1,否,"番茄牛肉意面（32.00*1）,餐盒（2.00*1）",番茄牛肉意面,,,,非会员,19,,,依据餐量提供餐具,,32.00,12.35,13.41,0.00,0,0,1.79,0.00,3.50,【活动支出】单品特价:7.41元+【活动支出】饿了么红包:6.00元+【活动支出】替用户承担配送费:3.5元,-,-,-,2.00,温州区域,温州加盟,,,否,-,平台配送
圣比萨（钱库店）,SBM00044,温州,"8053260254331230690	",饿了么,平台外卖,已完成,2025-10-20 20:13:17,2025-10-20 20:13:17,2025-10-20 20:13:17,饿了么支付-在线支付,,即时单,2025-10-20 20:13:17,9.43,手动出餐,1,否,"[买一送一]买披萨送意面[浪漫威尼斯披萨7英寸+番茄牛肉意面]（75.00*1）,餐盒（2.00*1）",浪漫威尼斯披萨【7英寸(手拍)】+番茄牛肉意面,,,,非会员,20,,,放前门口 / 依据餐量提供餐具,,75.00,26.89,37.70,0.00,0,0,3.76,0.00,3.50,【活动支出】店铺满减:1.00元+【活动支出】单品特价:27.70元+【活动支出】饿了么红包:9.00元+【活动支出】替用户承担配送费:3.5元,-,-,-,2.00,温州区域,温州加盟,,,否,-,平台配送
圣比萨（钱库店）,SBM00044,温州,"8087400254354090379	",饿了么,平台外卖,已完成,2025-10-20 20:29:03,2025-10-20 20:29:03,2025-10-20 20:29:03,饿了么支付-在线支付,,预约单,2025-10-20 21:45:00,32.50,手动出餐,1,否,"金沙咸蛋黄嫩鸡披萨-7英寸（经典手拍）[{""name"":""规格"",""value"":""7英寸（经典手拍）""}]（45.00*1）,港式奶茶[冷]（10.00*1）,餐盒（3.00*1）",金沙咸蛋黄嫩鸡披萨+港式奶茶,,,,非会员,21,,,高三三班 肖昌盛 / 1份餐具,,55.00,16.97,26.10,0.00,0,0,2.98,0.00,9.50,【活动支出】店铺满减:1.00元+【活动支出】单品特价:12.50元+【活动支出】单品特价:2.60元+【活动支出】粉丝群:2.00元+【活动支出】饿了么红包:8.00元+【活动支出】替用户承担配送费:5.0元,-,-,-,3.00,温州区域,温州加盟,,,否,-,平台配送
圣比萨（钱库店）,SBM00044,温州,"8031250254364882257	",饿了么,平台外卖,已完成,2025-10-20 20:40:33,2025-10-20 20:40:33,2025-10-20 20:40:33,饿了么支付-在线支付,,即时单,2025-10-20 20:40:33,9.62,手动出餐,1,否,"深海墨鱼丸一个（3.00*2）,台式香烤地道肠（7.50*1）,蛋挞一个（原味）（5.00*1）,纯芝士披萨-7英寸[{""name"":""规格"",""value"":""7英寸""}]（42.00*1）,餐盒（4.00*1）",深海墨鱼丸1个+地道肠1根+蛋挞1个+金牌芝士披萨,,,,非会员,22,,,依据餐量提供餐具,,60.50,17.96,36.52,0.00,0,0,2.57,0.00,3.50,【活动支出】单品特价:2.90元+【活动支出】单品特价:4.91元+【活动支出】单品特价:4.01元+【活动支出】单品特价:14.70元+【活动支出】精准营销:2.00元+【活动支出】饿了么红包:8.00元+【活动支出】替用户承担配送费:3.5元,-,-,-,4.00,温州区域,温州加盟,,,否,-,平台配送
圣比萨（钱库店）,SBM00044,温州,"8090806088241213863	",饿了么,平台外卖,已完成,2025-10-20 20:42:29,2025-10-20 20:42:29,2025-10-20 20:42:29,饿了么支付-在线支付,,即时单,2025-10-20 20:42:29,6.60,手动出餐,1,否,招牌肉酱意面（32.00*1）,招牌肉酱意面,,,,非会员,23,,,1份餐具,,32.00,12.78,11.60,0.00,0,0,1.77,0.00,3.50,【活动支出】单品特价:11.60元+【活动支出】替用户承担配送费:3.5元,-,-,-,0.00,温州区域,温州加盟,,,否,-,平台配送
圣比萨（钱库店）,SBM00044,温州,"8004726088262264147	",饿了么,平台外卖,已完成,2025-10-20 21:01:42,2025-10-20 21:01:42,2025-10-20 21:01:42,饿了么支付-在线支付,,即时单,2025-10-20 21:01:42,10.15,手动出餐,1,否,"缤纷水果披萨-7英寸(经典手拍)[{""name"":""规格"",""value"":""7英寸(经典手拍)""}]（42.00*1）",缤纷水果披萨,,,,非会员,24,,,无需餐具,,42.00,11.47,22.50,0.00,0,0,1.68,0.00,5.60,【活动支出】单品特价:22.50元+【活动支出】替用户承担配送费:5.0元,-,-,-,0.00,温州区域,温州加盟,,,否,-,平台配送
圣比萨（钱库店）,SBM00044,温州,"8004130254370104650	",饿了么,平台外卖,已完成,2025-10-20 21:12:30,2025-10-20 21:12:30,2025-10-20 21:12:30,饿了么支付-在线支付,,即时单,2025-10-20 21:12:30,8.65,手动出餐,1,否,"西西里肉酱香肠焗饭（38.00*1）,餐盒（1.50*1）",西西里肉酱火腿芝士焗饭,,,,非会员,25,,,依据餐量提供餐具,,38.00,15.27,14.41,0.00,0,0,2.27,0.00,5.60,【活动支出】单品特价:8.41元+【活动支出】饿了么红包:6.00元+【活动支出】替用户承担配送费:5.0元,-,-,-,1.50,温州区域,温州加盟,,,否,-,平台配送
圣比萨（钱库店）,SBM00044,温州,"8029220254472053117	",饿了么,平台外卖,已完成,2025-10-20 22:16:21,2025-10-20 22:16:21,2025-10-20 22:16:21,饿了么支付-在线支付,,即时单,2025-10-20 22:16:21,6.38,手动出餐,1,否,"奶油培根意面（31.99*1）,餐盒（1.00*1）",奶油培根意面+餐盒,,,,非会员,26,,,依据餐量提供餐具,,31.99,13.66,10.60,0.00,0,0,1.98,0.00,5.60,【活动支出】单品特价:4.60元+【活动支出】超级会员专享红包:5.00元+【活动支出】 商家自营销加码:1.00元+【活动支出】替用户承担配送费:5.0元,-,-,-,1.00,温州区域,温州加盟,,,否,-,平台配送
圣比萨（钱库店）,SBM00044,温州,"8058230254372632999	",饿了么,平台外卖,已完成,2025-10-20 22:25:48,2025-10-20 22:25:48,2025-10-20 22:25:48,饿了么支付-在线支付,,即时单,2025-10-20 22:25:48,10.83,手动出餐,1,否,"芝士边（7英寸）（9.80*1）,缤纷水果披萨-7英寸(经典手拍)[{""name"":""规格"",""value"":""7英寸(经典手拍)""}]（42.00*1）,餐盒（2.00*1）",缤纷水果披萨,,,,非会员,27,,,依据餐量提供餐具,,51.80,19.34,23.50,0.00,0,0,2.81,0.00,5.60,【活动支出】店铺满减:1.00元+【活动支出】单品特价:14.50元+【活动支出】饿了么红包:8.00元+【活动支出】替用户承担配送费:5.0元,-,-,-,2.00,温州区域,温州加盟,,,否,-,平台配送
圣比萨（钱库店）,SBM00044,温州,"8056546088274838849	",饿了么,平台外卖,已完成,2025-10-20 23:19:06,2025-10-20 23:19:06,2025-10-20 23:19:06,饿了么支付-在线支付,,即时单,2025-10-20 23:19:06,9.32,手动出餐,1,否,"️爆款意面套餐[番茄牛肉意面+地道肠1根+港式奶茶+常温]（61.00*1）,餐盒（2.00*1）",番茄牛肉意面+地道肠【1根】+港式奶茶,,,,非会员,28,,,依据餐量提供餐具,,61.00,17.45,35.70,0.00,0,0,2.50,0.00,5.60,【活动支出】单品特价:27.70元+【活动支出】饿了么红包:8.00元+【活动支出】替用户承担配送费:5.0元,-,-,-,2.00,温州区域,温州加盟,,,否,-,平台配送
圣比萨（钱库店）,SBM00044,温州,"8033936088281117033	",饿了么,平台外卖,已完成,2025-10-20 23:50:13,2025-10-20 23:50:13,2025-10-20 23:50:13,饿了么支付-在线支付,,即时单,2025-10-20 23:50:13,9.67,手动出餐,1,否,"圣比招牌套餐[圣比招牌披萨7英寸+奥尔良烤翅1对+小可乐]（58.00*1）,餐盒（2.00*1）",大圣招牌大满贯披萨【7英寸(手拍)】+奥尔良烤翅+小可乐,,,,非会员,29,,,2份餐具,,58.00,18.64,29.70,0.00,0,0,2.81,0.00,6.60,【活动支出】店铺满减:1.00元+【活动支出】单品特价:19.70元+【活动支出】饿了么红包:9.00元+【活动支出】替用户承担配送费:5.0元,-,-,-,2.00,温州区域,温州加盟,,,否,-,平台配送
圣比萨（郭溪店）,SBM00011,温州,"8031546087937198575	",饿了么,平台外卖,已完成,2025-10-20 09:33:35,2025-10-20 09:33:35,2025-10-20 09:33:36,饿了么支付-在线支付,,预约单,2025-10-20 10:20:00,11.02,手动出餐,1,否,招牌肉酱意面（52.00*1）,招牌肉酱意面,,,,非会员,1,,,依据餐量提供餐具；手机尾号：2776；接力送,,52.00,12.22,31.60,0.00,0,0,1.43,0.00,4.50,【活动支出】单品特价:31.60元+【活动支出】替用户承担配送费:4.5元,-,-,-,0.00,温州区域,温州加盟,,,否,-,平台配送
圣比萨（郭溪店）,SBM00011,温州,"8039470254162559302	",饿了么,平台外卖,已完成,2025-10-20 10:54:03,2025-10-20 10:54:03,2025-10-20 10:54:03,饿了么支付-在线支付,,即时单,2025-10-20 10:54:03,10.37,手动出餐,1,否,"个人意面or焗饭经典套餐[番茄培根意面+经典薯条+港式奶茶]（64.00*1）,餐盒（2.00*1）",番茄培根意面+经典薯条+港式奶茶,,,,非会员,2,,,1份餐具；手机尾号：2412；接力送,,64.00,15.94,41.10,0.00,0,0,1.61,0.00,5.00,【活动支出】单品特价:32.10元+【活动支出】粉丝群:2.00元+【活动支出】饿了么红包:7.00元+【活动支出】替用户承担配送费:5.0元,-,-,-,2.00,温州区域,温州加盟,,,否,-,平台配送
圣比萨（郭溪店）,SBM00011,温州,"8019516088015336930	",饿了么,平台外卖,已完成,2025-10-20 11:27:25,2025-10-20 11:27:25,2025-10-20 11:27:25,饿了么支付-在线支付,,即时单,2025-10-20 11:27:25,11.32,手动出餐,1,否,"圣比招牌披萨-7寸(手拍)[{""name"":""规格"",""value"":""7寸(手拍)""}]（45.00*1）",大圣招牌大满贯披萨,,,,非会员,3,,,依据餐量提供餐具,,45.00,15.78,21.90,0.00,0,0,1.47,0.00,3.50,【活动支出】单品特价:21.90元+【活动支出】替用户承担配送费:3.5元,-,-,-,0.00,温州区域,温州加盟,,,否,-,平台配送
圣比萨（郭溪店）,SBM00011,温州,"8094846087965985068	",饿了么,平台外卖,已完成,2025-10-20 11:29:15,2025-10-20 11:29:15,2025-10-20 11:29:15,饿了么支付-在线支付,,即时单,2025-10-20 11:29:15,11.55,手动出餐,1,否,"圣比招牌披萨-7寸(手拍)[{""name"":""规格"",""value"":""7寸(手拍)""}]（45.00*1）,可乐[冷]（6.00*1）",大圣招牌大满贯披萨+可乐,,,,非会员,4,,,依据餐量提供餐具；手机尾号：4308；接力送,,51.00,14.97,27.80,0.00,0,0,1.48,0.00,4.50,【活动支出】单品特价:21.90元+【活动支出】精准营销:5.90元+【活动支出】替用户承担配送费:4.5元,-,-,-,0.00,温州区域,温州加盟,,,否,-,平台配送
圣比萨（郭溪店）,SBM00011,温州,"8084906088000698662	",饿了么,平台外卖,已完成,2025-10-20 11:34:24,2025-10-20 11:34:24,2025-10-20 11:34:24,饿了么支付-在线支付,,即时单,2025-10-20 11:34:24,8.82,手动出餐,1,否,"圣比招牌披萨-7寸(手拍)[{""name"":""规格"",""value"":""7寸(手拍)""}]（45.00*1）",大圣招牌大满贯披萨,,,,非会员,5,,,依据餐量提供餐具；手机尾号：8923；接力送,,45.00,14.88,21.90,0.00,0,0,1.47,0.00,4.50,【活动支出】单品特价:21.90元+【活动支出】替用户承担配送费:4.5元,-,-,-,0.00,温州区域,温州加盟,,,否,-,平台配送
圣比萨（郭溪店）,SBM00011,温州,"8026886088015369513	",饿了么,平台外卖,已完成,2025-10-20 12:00:55,2025-10-20 12:00:55,2025-10-20 12:00:56,饿了么支付-在线支付,,即时单,2025-10-20 12:00:55,10.92,手动出餐,1,否,"缤纷水果披萨-7英寸(手拍)[{""name"":""规格"",""value"":""7英寸(手拍)""}]（42.00*1）",缤纷水果披萨,,,,非会员,6,,,依据餐量提供餐具,,42.00,11.02,23.70,0.00,0,0,1.43,0.00,3.50,【活动支出】单品特价:23.70元+【活动支出】替用户承担配送费:3.5元,-,-,-,0.00,温州区域,温州加盟,,,否,-,平台配送
圣比萨（郭溪店）,SBM00011,温州,"8031546088046279103	",饿了么,平台外卖,已完成,2025-10-20 12:19:15,2025-10-20 12:19:15,2025-10-20 12:19:15,饿了么支付-在线支付,,预约单,2025-10-20 15:35:00,164.18,手动出餐,1,否,"圣比招牌披萨-7寸(手拍)[{""name"":""规格"",""value"":""7寸(手拍)""}]（45.00*1）",大圣招牌大满贯披萨,,,,非会员,7,,,依据餐量提供餐具；手机尾号：2776；接力送,,45.00,14.88,21.90,0.00,0,0,1.47,0.00,4.50,【活动支出】单品特价:21.90元+【活动支出】替用户承担配送费:4.5元,-,-,-,0.00,温州区域,温州加盟,,,否,-,平台配送
圣比萨（郭溪店）,SBM00011,温州,"8064666088038719930	",饿了么,平台外卖,已完成,2025-10-20 12:29:21,2025-10-20 12:29:21,2025-10-20 12:29:21,饿了么支付-在线支付,,即时单,2025-10-20 12:29:21,11.27,手动出餐,1,否,"披萨尺寸图解（0.00*1）,榴莲王披萨-9英寸(手拍)[{""name"":""规格"",""value"":""9英寸(手拍)""}]（92.00*1）,可乐[冷]（6.00*1）,餐盒（1.00*1）",披萨尺寸图解+榴莲王披萨+可乐,,,,非会员,8,,,1份餐具,,98.00,25.91,63.00,0.00,0,0,2.44,0.00,3.50,【活动支出】店铺满减:1.00元+【活动支出】单品特价:48.10元+【活动支出】饿了么红包:8.00元+【活动支出】CPS商户叠加券:0.00元+【活动支出】淘金币:0.00元+【活动支出】精准营销:5.90元+【活动支出】替用户承担配送费:3.5元,-,-,-,1.00,温州区域,温州加盟,,,否,-,平台配送
圣比萨（郭溪店）,SBM00011,温州,"8023010254187701738	",饿了么,平台外卖,已完成,2025-10-20 13:39:25,2025-10-20 13:39:25,2025-10-20 13:39:26,饿了么支付-在线支付,,即时单,2025-10-20 13:39:25,9.68,手动出餐,1,否,"新奥尔良烤鸡肉披萨-7英寸(手拍)[{""name"":""规格"",""value"":""7英寸(手拍)""}]（45.00*1）,餐盒（1.00*1）",新奥尔良烤鸡肉披萨,,,,非会员,9,,,依据餐量提供餐具,,45.00,10.62,28.10,0.00,0,0,1.43,0.00,3.50,【活动支出】单品特价:21.10元+【活动支出】饿了么红包:0.00元+【活动支出】饿了么红包:7.00元+【活动支出】替用户承担配送费:3.5元,-,-,-,1.00,温州区域,温州加盟,,,否,-,平台配送
圣比萨（郭溪店）,SBM00011,温州,"8098836088081064363	",饿了么,平台外卖,已完成,2025-10-20 14:40:18,2025-10-20 14:40:18,2025-10-20 14:40:18,饿了么支付-在线支付,,即时单,2025-10-20 14:40:18,11.68,手动出餐,1,否,"7寸披萨一人食土豪餐[圣比招牌披萨+上校鸡块4个+深海墨鱼丸三个+芒果汁]（70.00*1）,餐盒（2.00*1）",大圣招牌大满贯披萨【7英寸(手拍)】+上校鸡块+深海墨鱼丸3个+芒果汁,,,,非会员,10,,,依据餐量提供餐具,,70.00,18.69,45.10,0.00,0,0,1.76,0.00,3.50,【活动支出】单品特价:35.10元+【活动支出】粉丝群:2.00元+【活动支出】饿了么红包:8.00元+【活动支出】替用户承担配送费:3.5元,-,-,-,2.00,温州区域,温州加盟,,,否,-,平台配送
圣比萨（郭溪店）,SBM00011,温州,"8082060254204689731	",饿了么,平台外卖,已完成,2025-10-20 15:41:59,2025-10-20 15:41:59,2025-10-20 15:41:59,饿了么支付-在线支付,,即时单,2025-10-20 15:41:59,9.52,手动出餐,1,否,"奶酪芝士卷边（7英寸）（4.90*1）,新奥尔良烤鸡肉披萨-7英寸(手拍)[{""name"":""规格"",""value"":""7英寸(手拍)""}]（45.00*1）,餐盒（1.00*1）",新奥尔良烤鸡肉披萨,,,,非会员,11,,,依据餐量提供餐具,,49.90,15.50,28.10,0.00,0,0,1.45,0.00,3.50,【活动支出】单品特价:21.10元+【活动支出】超级会员专享红包:5.00元+【活动支出】 商家自营销加码:2.00元+【活动支出】替用户承担配送费:3.5元,-,-,-,1.00,温州区域,温州加盟,,,否,-,平台配送
圣比萨（郭溪店）,SBM00011,温州,"8078050254314593579	",饿了么,平台外卖,已完成,2025-10-20 15:56:42,2025-10-20 15:56:42,2025-10-20 15:56:42,饿了么支付-在线支付,,即时单,2025-10-20 15:56:42,9.12,手动出餐,1,否,"新奥尔良烤鸡肉披萨-9英寸(手拍)[{""name"":""规格"",""value"":""9英寸(手拍)""}]（78.00*1）,餐盒（1.00*1）",新奥尔良烤鸡肉披萨,,,,非会员,12,,,依据餐量提供餐具；手机尾号：4660；接力送,,78.00,19.97,49.10,0.00,0,0,1.98,0.00,4.50,【活动支出】店铺满减:1.00元+【活动支出】单品特价:40.10元+【活动支出】CPS商户叠加券:0.00元+【活动支出】饿了么红包:8.00元+【活动支出】替用户承担配送费:4.5元,-,-,-,1.00,温州区域,温州加盟,,,否,-,平台配送
圣比萨（郭溪店）,SBM00011,温州,"8053596088142022912	",饿了么,平台外卖,已完成,2025-10-20 16:37:04,2025-10-20 16:37:04,2025-10-20 16:37:05,饿了么支付-在线支付,,即时单,2025-10-20 16:37:04,12.53,手动出餐,1,否,"7寸披萨一人食土豪餐[碳烤鸡肉培根披萨+金丝鸡排+地道肠+柠檬茶]（70.00*1）,餐盒（2.00*1）",碳烤鸡肉培根披萨【7英寸(手拍)】+金丝鸡排+地道肠【1根】+柠檬茶,,,,非会员,13,,,1份餐具；手机尾号：8396；接力送,,70.00,19.04,43.10,0.00,0,0,1.91,0.00,4.50,【活动支出】单品特价:35.10元+【活动支出】饿了么红包:8.00元+【活动支出】替用户承担配送费:4.5元,-,-,-,2.00,温州区域,温州加盟,,,否,-,平台配送
圣比萨（郭溪店）,SBM00011,温州,"8020030254153019858	",饿了么,平台外卖,已完成,2025-10-20 17:04:41,2025-10-20 17:04:41,2025-10-20 17:04:41,饿了么支付-在线支付,,即时单,2025-10-20 17:04:41,12.15,手动出餐,1,否,"奶酪芝士卷边（7英寸）（4.90*1）,新奥尔良烤鸡肉披萨-7英寸(手拍)[{""name"":""规格"",""value"":""7英寸(手拍)""}]（45.00*1）,餐盒（1.00*1）",新奥尔良烤鸡肉披萨,,,,非会员,14,,,依据餐量提供餐具,,49.90,15.50,28.10,0.00,0,0,1.45,0.00,3.50,【活动支出】单品特价:21.10元+【活动支出】饿了么红包:7.00元+【活动支出】替用户承担配送费:3.5元,-,-,-,1.00,温州区域,温州加盟,,,否,-,平台配送
圣比萨（郭溪店）,SBM00011,温州,"8091040254270576939	",饿了么,平台外卖,已完成,2025-10-20 17:22:55,2025-10-20 17:22:55,2025-10-20 17:22:55,饿了么支付-在线支付,,即时单,2025-10-20 17:22:55,3.40,手动出餐,1,否,"招牌肉酱意面（52.00*1）,餐盒（1.00*1）",招牌肉酱意面,,,,非会员,15,,,依据餐量提供餐具,,52.00,14.62,31.10,0.00,0,0,1.43,0.00,3.50,【活动支出】单品特价:24.10元+【活动支出】 商家自营销加码:2.00元+【活动支出】饿了么红包:5.00元+【活动支出】替用户承担配送费:3.5元,-,-,-,1.00,温州区域,温州加盟,,,否,-,平台配送
圣比萨（郭溪店）,SBM00011,温州,"8018180254360004936	",饿了么,平台外卖,已完成,2025-10-20 17:37:17,2025-10-20 17:37:17,2025-10-20 17:37:17,饿了么支付-在线支付,,即时单,2025-10-20 17:37:17,12.40,手动出餐,1,否,"奶酪芝士卷边（7英寸）（4.90*1）,圣比招牌披萨-7寸(手拍)[{""name"":""规格"",""value"":""7寸(手拍)""}]（45.00*1）",大圣招牌大满贯披萨,,,,非会员,16,,,依据餐量提供餐具,,49.90,19.71,21.90,0.00,0,0,1.84,0.00,3.50,【活动支出】单品特价:21.90元+【活动支出】替用户承担配送费:3.5元,-,-,-,0.00,温州区域,温州加盟,,,否,-,平台配送
圣比萨（郭溪店）,SBM00011,温州,"8010350254361560424	",饿了么,平台外卖,已完成,2025-10-20 17:46:01,2025-10-20 17:46:01,2025-10-20 17:46:01,饿了么支付-在线支付,,即时单,2025-10-20 17:46:01,12.30,手动出餐,1,否,"上校鸡块一个（3.00*2）,任选披萨8选1+小吃5选1+饮料单人餐[花果山披萨7英寸+上校鸡块3个+芒果汁]（65.00*1）,餐盒（2.00*1）",上校鸡块1个+花果山披萨【7英寸(手拍)】+上校鸡块3个+芒果汁,,,,非会员,17,,,依据餐量提供餐具,,71.00,18.79,46.00,0.00,0,0,1.76,0.00,3.50,【活动支出】单品特价:2.90元+【活动支出】单品特价:35.10元+【活动支出】饿了么红包:8.00元+【活动支出】替用户承担配送费:3.5元,-,-,-,2.00,温州区域,温州加盟,,,否,-,平台配送
圣比萨（郭溪店）,SBM00011,温州,"8053020254284896555	",饿了么,平台外卖,已完成,2025-10-20 17:54:43,2025-10-20 17:54:43,2025-10-20 17:54:43,饿了么支付-在线支付,,即时单,2025-10-20 17:54:43,8.47,手动出餐,1,否,"7寸披萨一人食土豪餐[碳烤鸡肉培根披萨+上校鸡块4个+深海墨鱼丸三个+小可乐]（70.00*1）,餐盒（2.00*1）",碳烤鸡肉培根披萨【7英寸(手拍)】+上校鸡块+深海墨鱼丸3个+小可乐,,,,非会员,18,,,依据餐量提供餐具,,70.00,19.04,43.10,0.00,0,0,1.91,0.00,5.00,【活动支出】单品特价:35.10元+【活动支出】饿了么红包:8.00元+【活动支出】替用户承担配送费:5.0元,-,-,-,2.00,温州区域,温州加盟,,,否,-,平台配送
圣比萨（郭溪店）,SBM00011,温州,"8057756088212984301	",饿了么,平台外卖,已完成,2025-10-20 18:49:16,2025-10-20 18:49:16,2025-10-20 18:49:16,饿了么支付-在线支付,,即时单,2025-10-20 18:49:16,10.73,手动出餐,1,否,"可乐[冷]（6.00*1）,缤纷水果披萨-7英寸(手拍)[{""name"":""规格"",""value"":""7英寸(手拍)""}]（42.00*1）",可乐+缤纷水果披萨,,,,非会员,19,,,2份餐具,,48.00,11.12,29.60,0.00,0,0,1.43,0.00,3.50,【活动支出】单品特价:23.70元+【活动支出】精准营销:5.90元+【活动支出】替用户承担配送费:3.5元,-,-,-,0.00,温州区域,温州加盟,,,否,-,平台配送
圣比萨（郭溪店）,SBM00011,温州,"8036330254256318800	",饿了么,平台外卖,已完成,2025-10-20 20:28:13,2025-10-20 20:28:13,2025-10-20 20:28:13,饿了么支付-在线支付,,即时单,2025-10-20 20:28:13,15.42,手动出餐,1,否,"奶酪芝士卷边（9英寸）（6.90*1）,新奥尔良烤鸡肉披萨-9英寸(手拍)[{""name"":""规格"",""value"":""9英寸(手拍)""}]（78.00*1）,餐盒（1.00*1）",新奥尔良烤鸡肉披萨,,,,非会员,20,,,依据餐量提供餐具,,84.90,26.65,49.10,0.00,0,0,2.50,0.00,3.50,【活动支出】店铺满减:1.00元+【活动支出】单品特价:40.10元+【活动支出】饿了么红包:8.00元+【活动支出】替用户承担配送费:3.5元,-,-,-,1.00,温州区域,温州加盟,,,否,-,平台配送
圣比萨（郭溪店）,SBM00011,温州,"8024596088233964923	",饿了么,平台外卖,已完成,2025-10-20 20:32:34,2025-10-20 20:32:34,2025-10-20 20:32:35,饿了么支付-在线支付,,即时单,2025-10-20 20:32:34,11.70,手动出餐,1,否,"榴莲王披萨-7英寸(手拍)[{""name"":""规格"",""value"":""7英寸(手拍)""}]（52.00*1）,可乐[常温]（6.00*1）,餐盒（1.00*1）",榴莲王披萨+可乐,,,,非会员,21,,,依据餐量提供餐具,,58.00,17.76,29.00,0.00,0,0,1.99,0.00,6.80,【活动支出】单品特价:15.10元+【活动支出】饿了么红包:8.00元+【活动支出】精准营销:5.90元+【活动支出】替用户承担配送费:5.0元,-,-,-,1.00,温州区域,温州加盟,,,否,-,平台配送
圣比萨（科技城店）,SBM00006,温州,"8034516087920869721	",饿了么,平台外卖,已完成,2025-10-20 10:44:14,2025-10-20 10:44:14,2025-10-20 10:44:15,饿了么支付-在线支付,,即时单,2025-10-20 10:44:14,9.85,手动出餐,1,否,"缤纷水果披萨-7寸(经典手拍)[{""name"":""规格"",""value"":""7寸(经典手拍)""}]（42.00*1）,餐盒（2.00*1）",缤纷水果披萨,,,,非会员,1,,,依据餐量提供餐具,,42.00,13.72,22.10,0.00,0,0,1.43,0.00,5.00,【活动支出】单品特价:15.10元+【活动支出】饿了么红包:7.00元+【活动支出】替用户承担配送费:5.0元,-,-,-,2.00,温州区域,温州加盟,,,否,-,平台配送
圣比萨（科技城店）,SBM00006,温州,"8054480254052267512	",饿了么,平台外卖,已完成,2025-10-20 10:53:00,2025-10-20 10:53:00,2025-10-20 10:53:00,饿了么支付-在线支付,,即时单,2025-10-20 10:53:00,12.42,手动出餐,1,否,"芝士焗饭一人食套餐[碳烤鸡肉芝士焗饭+金丝鸡排一个+柠檬茶温+冷]（66.00*1）,可口可乐 1听[冷]（8.00*1）,餐盒（2.00*1）",碳烤鸡肉芝士焗饭,,,,非会员,2,,,1份餐具,,74.00,23.38,42.30,0.00,0,0,2.27,0.00,3.50,【活动支出】店铺满减:1.00元+【活动支出】单品特价:32.80元+【活动支出】单品特价:3.00元+【活动支出】饿了么红包:5.50元+【活动支出】淘金币:0.00元+【活动支出】替用户承担配送费:3.5元,-,-,-,2.00,温州区域,温州加盟,,,否,-,平台配送
圣比萨（科技城店）,SBM00006,温州,"8070110254071694623	",饿了么,平台外卖,已完成,2025-10-20 10:53:13,2025-10-20 10:53:13,2025-10-20 10:53:14,饿了么支付-在线支付,,即时单,2025-10-20 10:53:13,10.73,手动出餐,1,否,"单人吃鸡套餐[新奥尔良鸡肉7寸+奥翅一对+柠檬茶+冷]（62.00*1）,餐盒（3.00*1）",新奥尔良烤鸡肉披萨【7英寸(手拍)】+奥尔良烤翅+柠檬茶,,,,非会员,3,,,1份餐具,,62.00,20.08,35.30,0.00,0,0,1.97,0.00,3.50,【活动支出】店铺满减:1.00元+【活动支出】单品特价:25.30元+【活动支出】饿了么红包:9.00元+【活动支出】替用户承担配送费:3.5元,-,-,-,3.00,温州区域,温州加盟,,,否,-,平台配送
圣比萨（科技城店）,SBM00006,温州,"8005846087982947716	",饿了么,平台外卖,已完成,2025-10-20 11:42:26,2025-10-20 11:42:26,2025-10-20 11:42:26,饿了么支付-在线支付,,即时单,2025-10-20 11:42:26,13.77,手动出餐,1,否,"任选披萨6选1+小吃6选1+饮料[威尼斯披萨7寸+盐酥鸡粒1份+可乐+冰]（61.55*1）,餐盒（2.00*1）",小可乐,,,,非会员,4,,,无需餐具,,61.55,20.73,33.15,0.00,0,0,2.02,0.00,3.50,【活动支出】单品特价:26.15元+【活动支出】饿了么红包:7.00元+【活动支出】替用户承担配送费:3.5元,-,-,-,2.00,温州区域,温州加盟,,,否,-,平台配送
圣比萨（科技城店）,SBM00006,温州,"8002470254123699632	",饿了么,平台外卖,已完成,2025-10-20 11:57:54,2025-10-20 11:57:54,2025-10-20 11:57:55,饿了么支付-在线支付,,即时单,2025-10-20 11:57:54,10.80,手动出餐,1,否,"单人吃鸡套餐[新奥尔良鸡肉7寸+奥翅一对+奶茶+热]（62.00*1）,餐盒（3.00*1）",新奥尔良烤鸡肉披萨【7英寸(手拍)】+奥尔良烤翅+港式奶茶,,,,非会员,5,,,1份餐具,,62.00,21.01,34.30,0.00,0,0,2.04,0.00,3.50,【活动支出】店铺满减:1.00元+【活动支出】单品特价:25.30元+【活动支出】饿了么红包:8.00元+【活动支出】替用户承担配送费:3.5元,-,-,-,3.00,温州区域,温州加盟,,,否,-,平台配送
圣比萨（科技城店）,SBM00006,温州,"8071470254224433590	",饿了么,平台外卖,已完成,2025-10-20 11:59:28,2025-10-20 11:59:28,2025-10-20 11:59:29,饿了么支付-在线支付,,即时单,2025-10-20 11:59:28,9.88,手动出餐,1,否,"圣比招牌披萨-9寸(经典手拍)[{""name"":""规格"",""value"":""9寸(经典手拍)""}]（78.00*1）,餐盒（2.00*1）",大圣招牌大满贯披萨,,,,非会员,6,,,依据餐量提供餐具,,78.00,26.74,43.10,0.00,0,0,2.51,0.00,4.00,【活动支出】店铺满减:1.00元+【活动支出】单品特价:34.10元+【活动支出】饿了么红包:8.00元+【活动支出】替用户承担配送费:4.0元,-,-,-,2.00,温州区域,温州加盟,,,否,-,平台配送
圣比萨（科技城店）,SBM00006,温州,"8007536088013642117	",饿了么,平台外卖,已完成,2025-10-20 12:00:57,2025-10-20 12:00:57,2025-10-20 12:00:57,饿了么支付-在线支付,,即时单,2025-10-20 12:00:57,11.67,手动出餐,1,否,"圣比招牌披萨-7寸(经典手拍)[{""name"":""规格"",""value"":""7寸(经典手拍)""}]（45.00*1）",大圣招牌大满贯披萨,,,,非会员,7,,,1份餐具,,45.00,16.20,20.80,0.00,0,0,1.55,0.00,4.00,【活动支出】单品特价:20.80元+【活动支出】替用户承担配送费:4.0元,-,-,-,0.00,温州区域,温州加盟,,,否,-,平台配送
圣比萨（科技城店）,SBM00006,温州,"8022646088004294039	",饿了么,平台外卖,已完成,2025-10-20 12:20:18,2025-10-20 12:20:18,2025-10-20 12:20:18,饿了么支付-在线支付,,即时单,2025-10-20 12:20:18,13.18,手动出餐,1,否,"7寸披萨买一送一[新奥尔良鸡肉披萨7寸+圣比至尊披萨7寸]（86.80*1）,餐盒（2.00*1）",新奥尔良烤鸡肉披萨【7英寸(手拍)】+大圣招牌大满贯披萨【7英寸(手拍)】,,,,非会员,8,,,烤脆点 / 依据餐量提供餐具,,86.80,28.94,47.90,0.00,0,0,2.81,0.00,5.00,【活动支出】店铺满减:1.00元+【活动支出】单品特价:37.90元+【活动支出】饿了么红包:9.00元+【活动支出】替用户承担配送费:5.0元,-,-,-,2.00,温州区域,温州加盟,,,否,-,平台配送
圣比萨（科技城店）,SBM00006,温州,"8096340254072298865	",饿了么,平台外卖,已完成,2025-10-20 13:05:29,2025-10-20 13:05:29,2025-10-20 13:05:29,饿了么支付-在线支付,,即时单,2025-10-20 13:05:29,12.13,手动出餐,1,否,"任选披萨6选1+小吃6选1+饮料[奥尔良鸡肉披萨7寸+薯条1份+可乐+冰]（61.55*1）,餐盒（2.00*1）",新奥尔良烤鸡肉披萨【7英寸(手拍)】+经典薯条+小可乐,,,,非会员,9,,,不用打电话放门口拍个照 / 依据餐量提供餐具,,61.55,20.73,33.15,0.00,0,0,2.02,0.00,3.50,【活动支出】单品特价:26.15元+【活动支出】饿了么红包:7.00元+【活动支出】替用户承担配送费:3.5元,-,-,-,2.00,温州区域,温州加盟,,,否,-,平台配送
圣比萨（科技城店）,SBM00006,温州,"8040556088056043821	",饿了么,平台外卖,已完成,2025-10-20 13:17:30,2025-10-20 13:17:30,2025-10-20 13:17:30,饿了么支付-在线支付,,即时单,2025-10-20 13:17:30,11.15,手动出餐,1,否,"榴莲王披萨-9英寸(经典手拍)[{""name"":""规格"",""value"":""9英寸(经典手拍)""}]（92.00*1）,餐盒（1.00*1）",榴莲王披萨,,,,非会员,10,,,烤脆一点 / 4份餐具,,92.00,35.72,45.10,0.00,0,0,3.33,0.00,3.50,【活动支出】店铺满减:2.00元+【活动支出】单品特价:34.10元+【活动支出】饿了么红包:9.00元+【活动支出】替用户承担配送费:3.5元,-,-,-,1.00,温州区域,温州加盟,,,否,-,平台配送
圣比萨（科技城店）,SBM00006,温州,"8028546088118971665	",饿了么,平台外卖,已完成,2025-10-20 15:21:36,2025-10-20 15:21:36,2025-10-20 15:21:36,饿了么支付-在线支付,,即时单,2025-10-20 15:21:36,11.72,手动出餐,1,否,"圣比招牌披萨-7寸(经典手拍)[{""name"":""规格"",""value"":""7寸(经典手拍)""}]（45.00*1）,番茄牛肉意面（52.00*1）,餐盒（2.00*1）",大圣招牌大满贯披萨+番茄牛肉意面,,,,非会员,11,,,依据餐量提供餐具,,97.00,36.23,49.90,0.00,0,0,3.42,0.00,4.00,【活动支出】单品特价:20.80元+【活动支出】单品特价:29.10元+【活动支出】替用户承担配送费:4.0元,-,-,-,2.00,温州区域,温州加盟,,,否,-,平台配送
圣比萨（科技城店）,SBM00006,温州,"8020100254301728226	",饿了么,平台外卖,已完成,2025-10-20 15:29:44,2025-10-20 15:29:44,2025-10-20 15:29:45,饿了么支付-在线支付,,即时单,2025-10-20 15:29:44,7.82,手动出餐,1,否,"新奥尔良烤鸡肉披萨-9寸(经典手拍)[{""name"":""规格"",""value"":""9寸(经典手拍)""}]（78.00*1）,餐盒（2.00*1）",新奥尔良烤鸡肉披萨,,,,非会员,12,,,依据餐量提供餐具,,78.00,26.74,43.10,0.00,0,0,2.51,0.00,3.50,【活动支出】店铺满减:1.00元+【活动支出】单品特价:34.10元+【活动支出】 商家自营销加码:0.00元+【活动支出】饿了么红包:8.00元+【活动支出】替用户承担配送费:3.5元,-,-,-,2.00,温州区域,温州加盟,,,否,-,平台配送
圣比萨（科技城店）,SBM00006,温州,"8086946088120958308	",饿了么,平台外卖,已完成,2025-10-20 15:42:30,2025-10-20 15:42:30,2025-10-20 15:42:30,饿了么支付-在线支付,,即时单,2025-10-20 15:42:30,12.82,手动出餐,1,否,"披萨意面双人套餐[圣比至尊披萨7寸+招牌肉酱意面+明星小食桶C+雀巢牛奶+柠檬茶+冷]（128.00*1）,餐盒（2.00*1）",大圣招牌大满贯披萨【7英寸(手拍)】+招牌肉酱意面+明星小食桶C+雀巢牛奶+柠檬茶,,,,非会员,13,,,依据餐量提供餐具,,128.00,44.91,68.60,0.00,0,0,4.34,0.00,4.50,【活动支出】店铺满减:2.00元+【活动支出】单品特价:54.60元+【活动支出】饿了么红包:12.00元+【活动支出】替用户承担配送费:4.5元,-,-,-,2.00,温州区域,温州加盟,,,否,-,平台配送
圣比萨（科技城店）,SBM00006,温州,"8036826088106597729	",饿了么,平台外卖,已完成,2025-10-20 16:12:55,2025-10-20 16:12:55,2025-10-20 16:12:56,饿了么支付-在线支付,,即时单,2025-10-20 16:12:55,13.48,手动出餐,1,否,"任选意面4选1+小吃6选1+饮料[番茄牛肉意面+上校鸡块4个+芒果汁+冰]（61.00*1）,餐盒（2.00*1）",番茄牛肉意面+上校鸡块+芒果汁,,,,非会员,14,,,依据餐量提供餐具,,61.00,24.78,26.60,0.00,0,0,2.47,0.00,4.50,【活动支出】单品特价:26.60元+【活动支出】替用户承担配送费:4.5元,-,-,-,2.00,温州区域,温州加盟,,,否,-,平台配送
圣比萨（科技城店）,SBM00006,温州,"8098826088147118360	",饿了么,平台外卖,已完成,2025-10-20 17:38:54,2025-10-20 17:38:54,2025-10-20 17:38:55,饿了么支付-在线支付,,即时单,2025-10-20 17:38:54,14.27,手动出餐,1,否,"7寸披萨买一送一[水果披萨7寸+圣比至尊披萨7寸]（86.80*1）,餐盒（2.00*1）",缤纷水果披萨【7英寸(手拍)】+大圣招牌大满贯披萨【7英寸(手拍)】,,,,非会员,15,,,麻烦骑手把外卖放我家门口鞋柜上，楼下小区进口前门门禁密码六个8，谢谢 / 依据餐量提供餐具,,86.80,27.67,50.90,0.00,0,0,2.58,0.00,4.00,【活动支出】店铺满减:1.00元+【活动支出】单品特价:37.90元+【活动支出】饿了么红包:12.00元+【活动支出】替用户承担配送费:4.0元,-,-,-,2.00,温州区域,温州加盟,,,否,-,平台配送
圣比萨（科技城店）,SBM00006,温州,"8000866088158789937	",饿了么,平台外卖,已完成,2025-10-20 17:48:53,2025-10-20 17:48:53,2025-10-20 17:48:54,饿了么支付-在线支付,,即时单,2025-10-20 17:48:53,10.68,手动出餐,1,否,"香烤鸡翅-4只[{""name"":""规格"",""value"":""4只""}]（30.00*1）,圣比招牌披萨-7寸(经典手拍)[{""name"":""规格"",""value"":""7寸(经典手拍)""}]（45.00*1）,餐盒（3.00*1）",香烤鸡翅+大圣招牌大满贯披萨,,,,非会员,16,,,依据餐量提供餐具,,75.00,31.69,35.10,0.00,0,0,2.96,0.00,3.50,【活动支出】店铺满减:1.00元+【活动支出】单品特价:8.00元+【活动支出】单品特价:14.10元+【活动支出】饿了么红包:12.00元+【活动支出】替用户承担配送费:3.5元,-,-,-,3.00,温州区域,温州加盟,,,否,-,平台配送
圣比萨（科技城店）,SBM00006,温州,"8083370254302812588	",饿了么,平台外卖,已完成,2025-10-20 19:06:10,2025-10-20 19:06:10,2025-10-20 19:06:11,饿了么支付-在线支付,,即时单,2025-10-20 19:06:10,9.88,手动出餐,1,否,"香烤鸡翅-2只[{""name"":""规格"",""value"":""2只""}]（16.00*1）,浪漫威尼斯披萨-7寸(经典手拍)[{""name"":""规格"",""value"":""7寸(经典手拍)""}]（42.00*1）,深海墨鱼丸-3个[{""name"":""规格"",""value"":""3个""}]（10.60*1）,餐盒（4.00*1）",香烤鸡翅+浪漫威尼斯披萨+深海墨鱼丸,,,,非会员,17,,,依据餐量提供餐具,,68.60,27.99,33.71,0.00,0,0,2.65,0.00,3.50,【活动支出】店铺满减:1.00元+【活动支出】单品特价:4.00元+【活动支出】单品特价:15.10元+【活动支出】单品特价:4.61元+【活动支出】饿了么红包:9.00元+【活动支出】替用户承担配送费:3.5元,-,-,-,4.00,温州区域,温州加盟,,,否,-,平台配送
圣比萨（科技城店）,SBM00006,温州,"8058756088233704781	",饿了么,平台外卖,已完成,2025-10-20 19:31:06,2025-10-20 19:31:06,2025-10-20 19:31:06,饿了么支付-在线支付,,即时单,2025-10-20 19:31:06,10.85,手动出餐,1,否,"任选披萨6选1+小吃6选1+饮料[水果披萨7寸+金丝鸡排1个+奶茶+热]（61.55*1）,餐盒（2.00*1）",缤纷水果披萨【7英寸(手拍)】+金丝鸡排+港式奶茶,,,,非会员,18,,,依据餐量提供餐具,,61.55,20.73,33.15,0.00,0,0,2.02,0.00,3.50,【活动支出】单品特价:26.15元+【活动支出】饿了么红包:7.00元+【活动支出】替用户承担配送费:3.5元,-,-,-,2.00,温州区域,温州加盟,,,否,-,平台配送
圣比萨（科技城店）,SBM00006,温州,"8075140254319509825	",饿了么,平台外卖,已完成,2025-10-20 19:35:39,2025-10-20 19:35:39,2025-10-20 19:35:39,饿了么支付-在线支付,,即时单,2025-10-20 19:35:39,8.80,手动出餐,1,否,"浪漫威尼斯披萨-9寸(经典手拍)[{""name"":""规格"",""value"":""9寸(经典手拍)""}]（75.00*1）,餐盒（2.00*1）",浪漫威尼斯披萨,,,,非会员,19,,,依据餐量提供餐具,,75.00,23.64,44.10,0.00,0,0,2.21,0.00,3.50,【活动支出】店铺满减:1.00元+【活动支出】单品特价:35.10元+【活动支出】 商家自营销加码:0.00元+【活动支出】饿了么红包:0.00元+【活动支出】饿了么红包:8.00元+【活动支出】替用户承担配送费:3.5元,-,-,-,2.00,温州区域,温州加盟,,,否,-,平台配送
圣比萨（科技城店）,SBM00006,温州,"8054340254325228835	",饿了么,平台外卖,已完成,2025-10-20 19:55:31,2025-10-20 19:55:31,2025-10-20 19:55:31,饿了么支付-在线支付,,即时单,2025-10-20 19:55:31,11.28,手动出餐,1,否,"缤纷水果披萨-7寸(经典手拍)[{""name"":""规格"",""value"":""7寸(经典手拍)""}]（42.00*1）",缤纷水果披萨,,,,非会员,20,,,1份餐具,,42.00,11.22,20.30,0.00,0,0,1.43,0.00,7.40,【活动支出】单品特价:20.30元+【活动支出】替用户承担配送费:5.0元,-,-,-,0.00,温州区域,温州加盟,,,否,-,平台配送
圣比萨（科技城店）,SBM00006,温州,"8003556088252008718	",饿了么,平台外卖,已完成,2025-10-20 20:02:52,2025-10-20 20:02:52,2025-10-20 20:02:52,饿了么支付-在线支付,,即时单,2025-10-20 20:02:52,13.20,手动出餐,1,否,"7寸披萨一人食土豪餐[水果7寸+金丝鸡排1个+地道肠肠1根+奶茶+冷]（70.00*1）,餐盒（2.00*1）",缤纷水果披萨【7英寸(手拍)】+金丝鸡排+港式奶茶,,,,非会员,21,,,放到我家门口鞋架上 拍照就可以了 不用打电话 / 依据餐量提供餐具,,70.00,19.23,42.90,0.00,0,0,1.92,0.00,4.50,【活动支出】单品特价:33.90元+【活动支出】饿了么红包:9.00元+【活动支出】替用户承担配送费:4.5元,-,-,-,2.00,温州区域,温州加盟,,,否,-,平台配送
圣比萨（科技城店）,SBM00006,温州,"8058936088249405845	",饿了么,平台外卖,已完成,2025-10-20 20:16:12,2025-10-20 20:16:12,2025-10-20 20:16:12,饿了么支付-在线支付,,即时单,2025-10-20 20:16:12,11.72,手动出餐,1,否,"个人意面|焗饭经典套餐[招牌肉酱意面+经典薯条+芒果汁+常温]（61.00*1）,浪漫威尼斯披萨-9寸(经典手拍)[{""name"":""规格"",""value"":""9寸(经典手拍)""}]（75.00*1）,餐盒（4.00*1）",招牌肉酱意面+经典薯条+芒果汁+浪漫威尼斯披萨,,,,非会员,22,,,依据餐量提供餐具,,136.00,47.93,76.30,0.00,0,0,4.52,0.00,3.50,【活动支出】店铺满减:2.00元+【活动支出】单品特价:27.20元+【活动支出】单品特价:35.10元+【活动支出】饿了么红包:12.00元+【活动支出】替用户承担配送费:3.5元,-,-,-,4.00,温州区域,温州加盟,,,否,-,平台配送
圣比萨（翁垟店）,SBM00010,温州,"8093766087997223206	",饿了么,平台外卖,已完成,2025-10-20 11:23:51,2025-10-20 11:23:51,2025-10-20 11:23:52,饿了么支付-在线支付,,即时单,2025-10-20 11:23:51,23.40,手动出餐,1,否,"双拼披萨随❤️拼-12寸[牛肉至尊+碳烤鸡肉培根][{""name"":""规格"",""value"":""12寸""}]（108.00*1）,明星至尊桶（59.00*1）,餐盒（4.00*1）",明星至尊桶,,,,非会员,1,,,依据餐量提供餐具,,167.00,131.49,4.00,0.00,0,0,12.26,0.00,3.50,【活动支出】店铺满减:4.00元+【活动支出】替用户承担配送费:3.5元,-,-,-,4.00,温州区域,温州加盟,,,否,-,平台配送
圣比萨（翁垟店）,SBM00010,温州,"8062876088108195242	",饿了么,平台外卖,已完成,2025-10-20 17:13:17,2025-10-20 17:13:17,2025-10-20 17:13:18,饿了么支付-在线支付,,即时单,2025-10-20 17:13:17,13.05,手动出餐,1,否,"碳烤鸡肉培根披萨-7寸[{""name"":""规格"",""value"":""7寸""}]（40.00*1）,餐盒（2.00*1）",碳烤鸡肉培根披萨,,,,非会员,2,,,依据餐量提供餐具,,40.00,25.91,6.00,0.00,0,0,2.44,0.00,3.50,【活动支出】店铺满减:1.00元+【活动支出】饿了么红包:5.00元+【活动支出】替用户承担配送费:3.5元,-,-,-,2.00,温州区域,温州加盟,,,否,-,平台配送
圣比萨（翁垟店）,SBM00010,温州,"8073480254308260311	",饿了么,平台外卖,已完成,2025-10-20 18:30:31,2025-10-20 18:30:31,2025-10-20 18:30:31,饿了么支付-在线支付,,即时单,2025-10-20 18:30:31,17.83,手动出餐,1,否,"牛肉至尊披萨-7寸[{""name"":""规格"",""value"":""7寸""}]（42.00*1）",炙热牛魔王披萨,,,,非会员,3,,,依据餐量提供餐具,,42.00,18.79,15.00,0.00,0,0,1.76,0.00,4.00,【活动支出】单品特价:15.00元+【活动支出】替用户承担配送费:4.0元,-,-,-,0.00,温州区域,温州加盟,,,否,-,平台配送
圣比萨（翁垟店）,SBM00010,温州,"8096896088237975932	",饿了么,平台外卖,已完成,2025-10-20 19:14:14,2025-10-20 19:14:14,2025-10-20 19:14:15,饿了么支付-在线支付,,即时单,2025-10-20 19:14:14,16.23,手动出餐,1,否,"圣比至尊披萨-7寸[{""name"":""规格"",""value"":""7寸""}]（42.00*1）,餐盒（2.00*1）",大圣招牌大满贯披萨,,,,非会员,4,,,依据餐量提供餐具,,42.00,25.91,8.00,0.00,0,0,2.44,0.00,3.50,【活动支出】店铺满减:1.00元+【活动支出】粉丝群:2.00元+【活动支出】饿了么红包:5.00元+【活动支出】替用户承担配送费:3.5元,-,-,-,2.00,温州区域,温州加盟,,,否,-,平台配送
圣比萨（翁垟店）,SBM00010,温州,"8050310254231956794	",饿了么,平台外卖,已完成,2025-10-20 19:20:22,2025-10-20 19:20:22,2025-10-20 19:20:22,饿了么支付-在线支付,,即时单,2025-10-20 19:20:22,10.62,手动出餐,1,否,"金牌芝士披萨-7寸[{""name"":""规格"",""value"":""7寸""}]（38.00*1）,餐盒（2.00*1）",芝士条,,,,非会员,5,,,1份餐具,,38.00,24.06,6.00,0.00,0,0,2.29,0.00,3.50,【活动支出】店铺满减:1.00元+【活动支出】饿了么红包:5.00元+【活动支出】替用户承担配送费:3.5元,-,-,-,2.00,温州区域,温州加盟,,,否,-,平台配送
圣比萨（玉环珠城路店）,SBS00027,台州,"8021696087937848777	",饿了么,平台外卖,已完成,2025-10-20 10:25:30,2025-10-20 10:25:30,2025-10-20 10:25:30,饿了么支付-在线支付,,即时单,2025-10-20 10:25:30,12.20,自动出餐,1,否,"焗饭随心配（53.80*1）,餐盒（1.00*1）",上校鸡块2个+盐酥鸡米花小份+地道肠1根+咖喱鸡肉芝士焗饭,,,,非会员,1,,,依据餐量提供餐具,,53.80,16.49,28.90,0.00,0,0,1.61,0.00,3.80,【活动支出】单品特价:21.90元+【活动支出】饿了么红包:7.00元+【活动支出】替用户承担配送费:3.8元,-,-,-,1.00,台州区域,台州直营,,,否,-,平台配送
圣比萨（玉环珠城路店）,SBS00027,台州,"8000120254077314305	",饿了么,平台外卖,已完成,2025-10-20 11:08:15,2025-10-20 11:08:15,2025-10-20 11:08:16,饿了么支付-在线支付,,即时单,2025-10-20 11:08:15,12.08,自动出餐,1,否,"【任选】披萨8选1+小吃5选1+饮品·[碳烤鸡肉培根7英寸+深海墨鱼丸3个+柠檬茶]（58.00*1）,餐盒（1.00*1）",碳烤鸡肉培根披萨【7英寸(手拍)】+深海墨鱼丸3个+柠檬茶,,,,非会员,2,,,请提前电话联系 / 依据餐量提供餐具,,58.00,15.06,34.10,0.00,0,0,1.54,0.00,4.40,【活动支出】单品特价:26.10元+【活动支出】粉丝群:1.00元+【活动支出】饿了么红包:7.00元+【活动支出】替用户承担配送费:4.4元,-,-,-,1.00,台州区域,台州直营,,,否,-,平台配送
圣比萨（玉环珠城路店）,SBS00027,台州,"8096686087976305115	",饿了么,平台外卖,已完成,2025-10-20 11:38:14,2025-10-20 11:38:14,2025-10-20 11:38:14,饿了么支付-在线支付,,即时单,2025-10-20 11:38:14,12.22,自动出餐,1,否,"点击右上角❤️收藏得小吃[上校鸡块2个]（2.00*1）,【随心❤️拼】7英寸双拼披萨（口味自选）[水果+奥尔良鸡肉]（68.00*1）,餐盒（1.00*1）",上校鸡块2个+双拼7寸【缤纷水果口味7】+双拼7寸【奥尔良口味7】,,,,非会员,3,,,依据餐量提供餐具,,70.00,14.65,50.00,0.00,0,0,1.35,0.00,2.30,【活动支出】单品特价:1.90元+【活动支出】单品特价:41.10元+【活动支出】饿了么红包:7.00元+【活动支出】替用户承担配送费:2.3元,-,-,-,1.00,台州区域,台州直营,,,否,-,平台配送
圣比萨（玉环珠城路店）,SBS00027,台州,"8001956088019502355	",饿了么,平台外卖,已完成,2025-10-20 11:49:38,2025-10-20 11:49:38,2025-10-20 11:49:39,饿了么支付-在线支付,,即时单,2025-10-20 11:49:38,12.23,自动出餐,1,否,"点击右上角❤️收藏得小吃[上校鸡块2个]（2.00*1）,新奥尔良烤鸡肉披萨-9英寸(手拍)[{""name"":""规格"",""value"":""9英寸(手拍)""}]（33.90*1）,餐盒（2.00*1）",上校鸡块2个+新奥尔良烤鸡肉披萨,,,,非会员,4,,,依据餐量提供餐具,,35.90,19.62,10.90,0.00,0,0,1.78,0.00,2.30,【活动支出】单品特价:1.90元+【活动支出】 商家自营销加码:0.00元+【活动支出】饿了么红包:8.00元+【活动支出】粉丝群:1.00元+【活动支出】替用户承担配送费:2.3元,-,-,-,2.00,台州区域,台州直营,,,否,-,平台配送
圣比萨（玉环珠城路店）,SBS00027,台州,"8096040254222361050	",饿了么,平台外卖,已完成,2025-10-20 12:00:51,2025-10-20 12:00:51,2025-10-20 12:00:51,饿了么支付-在线支付,,即时单,2025-10-20 12:00:51,12.07,自动出餐,1,否,奥尔良烤鸡肉披萨(7寸)-单点（20.41*1）,新奥尔良烤鸡肉披萨【7英寸(手拍)】,,,,非会员,5,,,无需餐具,,20.41,13.21,0.00,0.00,0,0,0.00,0.00,,【活动支出】拼团反圈活动:0.00元,-,-,-,0.00,台州区域,台州直营,,,否,-,平台配送
圣比萨（玉环珠城路店）,SBS00027,台州,"8029310254060559685	",饿了么,平台外卖,已完成,2025-10-20 12:30:29,2025-10-20 12:30:29,2025-10-20 12:30:29,饿了么支付-在线支付,,即时单,2025-10-20 12:30:29,9.10,手动出餐,1,否,"点击右上角❤️收藏得小吃[上校鸡块2个]（2.00*1）,焗饭随心配（53.80*1）,台式香烤地道肠（7.50*1）,【圣比福利】蛋挞1个（5.00*1）,餐盒（3.00*1）",上校鸡块2个+上校鸡块2个+盐酥鸡米花小份+薯饼2个+招牌肉酱芝士焗饭+地道肠1根+蛋挞1个,,,,非会员,6,,,依据餐量提供餐具,,68.30,15.47,45.31,0.00,0,0,1.62,0.00,4.40,【活动支出】店铺满减:1.00元+【活动支出】单品特价:21.90元+【活动支出】单品特价:3.00元+【活动支出】单品特价:4.01元+【活动支出】精准营销:1.90元+【活动支出】饿了么红包:11.50元+【活动支出】粉丝群:2.00元+【活动支出】替用户承担配送费:4.4元,-,-,-,3.00,台州区域,台州直营,,,否,-,平台配送
圣比萨（玉环珠城路店）,SBS00027,台州,"8026636088052181253	",饿了么,平台外卖,已完成,2025-10-20 13:05:45,2025-10-20 13:05:45,2025-10-20 13:05:45,饿了么支付-在线支付,,即时单,2025-10-20 13:05:45,12.20,自动出餐,1,否,"咸蛋黄风味流沙卷边（7英寸）（4.90*1）,点击右上角❤️收藏得小吃[上校鸡块2个]（2.00*1）,【任选】披萨8选1+小吃5选1+饮品·[奥尔良鸡肉披萨7英寸+金丝鸡排+柠檬茶]（58.00*1）,餐盒（1.00*1）",咸蛋黄流沙卷边7+上校鸡块2个+新奥尔良烤鸡肉披萨【7英寸(手拍)】+金丝鸡排+柠檬茶,,,,非会员,7,,,1份餐具,,64.90,20.28,36.00,0.00,0,0,1.92,0.00,3.30,【活动支出】单品特价:1.90元+【活动支出】单品特价:26.10元+【活动支出】饿了么红包:8.00元+【活动支出】替用户承担配送费:3.3元,-,-,-,1.00,台州区域,台州直营,,,否,-,平台配送
圣比萨（玉环珠城路店）,SBS00027,台州,"8083300254103749943	",饿了么,平台外卖,已完成,2025-10-20 14:23:37,2025-10-20 14:23:37,2025-10-20 14:23:37,饿了么支付-在线支付,,即时单,2025-10-20 14:23:37,12.12,自动出餐,1,否,"【随心❤️拼】9英寸双拼披萨（口味自选）[水果+培根鸡肉]（80.00*1）,餐盒（1.00*1）",双拼9寸【缤纷水果口味9】+双拼9寸【鸡肉培根口味9】,,,,非会员,8,,,请送到锦元巷10号楼602 / 依据餐量提供餐具,,80.00,21.71,51.10,0.00,0,0,1.99,0.00,2.30,【活动支出】单品特价:43.10元+【活动支出】饿了么红包:8.00元+【活动支出】替用户承担配送费:2.3元,-,-,-,1.00,台州区域,台州直营,,,否,-,平台配送
圣比萨（玉环珠城路店）,SBS00027,台州,"8049340254205552942	",饿了么,平台外卖,已完成,2025-10-20 14:37:19,2025-10-20 14:37:19,2025-10-20 14:37:20,饿了么支付-在线支付,,即时单,2025-10-20 14:37:19,12.08,自动出餐,1,否,"新奥尔良烤鸡肉披萨-7英寸(手拍)[{""name"":""规格"",""value"":""7英寸(手拍)""}]（58.00*1）,餐盒（2.00*1）",新奥尔良烤鸡肉披萨,,,,非会员,9,,,无需餐具,,58.00,12.70,41.10,0.00,0,0,1.20,0.00,2.30,【活动支出】单品特价:34.10元+【活动支出】 商家自营销加码:2.00元+【活动支出】饿了么红包:5.00元+【活动支出】替用户承担配送费:2.3元,-,-,-,2.00,台州区域,台州直营,,,否,-,平台配送
圣比萨（玉环珠城路店）,SBS00027,台州,"8060480254209130888	",饿了么,平台外卖,已完成,2025-10-20 14:42:38,2025-10-20 14:42:38,2025-10-20 14:42:38,饿了么支付-在线支付,,即时单,2025-10-20 14:42:38,12.15,自动出餐,1,否,"点击右上角❤️收藏得小吃[上校鸡块2个]（2.00*1）,缤纷水果披萨-7英寸(手拍)[{""name"":""规格"",""value"":""7英寸(手拍)""}]（42.00*1）,芝士焗红薯泥（19.00*1）,餐盒（1.00*1）",上校鸡块2个+缤纷水果披萨+芝士焗红薯泥,,,,非会员,10,,,依据餐量提供餐具,,63.00,23.85,30.50,0.00,0,0,2.25,0.00,2.30,【活动支出】单品特价:1.90元+【活动支出】单品特价:16.10元+【活动支出】单品特价:8.50元+【活动支出】饿了么红包:4.00元+【活动支出】替用户承担配送费:2.3元,-,-,-,1.00,台州区域,台州直营,,,否,-,平台配送
圣比萨（玉环珠城路店）,SBS00027,台州,"8048646088127611150	",饿了么,平台外卖,已完成,2025-10-20 15:58:35,2025-10-20 15:58:35,2025-10-20 15:58:35,饿了么支付-在线支付,,即时单,2025-10-20 15:58:35,12.03,自动出餐,1,否,奥尔良烤鸡肉披萨(7寸)-单点（20.41*1）,新奥尔良烤鸡肉披萨【7英寸(手拍)】,,,,非会员,11,,,依据餐量提供餐具,,20.41,13.21,0.00,0.00,0,0,0.00,0.00,,【活动支出】拼团反圈活动:0.00元,-,-,-,0.00,台州区域,台州直营,,,否,-,平台配送
圣比萨（玉环珠城路店）,SBS00027,台州,"8081666088085968220	",饿了么,平台外卖,已完成,2025-10-20 16:27:55,2025-10-20 16:27:55,2025-10-20 16:27:55,饿了么支付-在线支付,,即时单,2025-10-20 16:27:55,12.13,自动出餐,1,否,"点击右上角❤️收藏得小吃[上校鸡块2个]（2.00*1）,【圣比福利】蛋挞1个（5.00*1）,黑椒牛肉意面（52.00*1）,餐盒（2.00*1）",上校鸡块2个+蛋挞1个+黑椒牛肉意面,,,,非会员,12,,,1份餐具,,59.00,15.86,37.41,0.00,0,0,1.53,0.00,2.30,【活动支出】单品特价:4.01元+【活动支出】单品特价:23.50元+【活动支出】精准营销:1.90元+【活动支出】 商家自营销加码:2.00元+【活动支出】饿了么红包:5.00元+【活动支出】粉丝群:1.00元+【活动支出】替用户承担配送费:2.3元,-,-,-,2.00,台州区域,台州直营,,,否,-,平台配送
圣比萨（玉环珠城路店）,SBS00027,台州,"8097150254269247926	",饿了么,平台外卖,已完成,2025-10-20 17:31:09,2025-10-20 17:31:09,2025-10-20 17:31:09,饿了么支付-在线支付,,即时单,2025-10-20 17:31:09,12.18,自动出餐,1,否,"披萨随心配（60.40*1）,餐盒（1.00*1）",上校鸡块2个+深海墨鱼丸2个+薯饼2个+日系照烧鸡披萨(7英寸(手拍)),,,,非会员,13,,,依据餐量提供餐具,,60.40,18.14,35.50,0.00,0,0,1.66,0.00,2.80,【活动支出】单品特价:28.50元+【活动支出】 商家自营销加码:2.00元+【活动支出】饿了么红包:5.00元+【活动支出】替用户承担配送费:2.8元,-,-,-,1.00,台州区域,台州直营,,,否,-,平台配送
圣比萨（玉环珠城路店）,SBS00027,台州,"8016470254294071788	",饿了么,平台外卖,已完成,2025-10-20 18:14:39,2025-10-20 18:14:39,2025-10-20 18:14:39,饿了么支付-在线支付,,即时单,2025-10-20 18:14:39,12.13,自动出餐,1,否,"榴莲王披萨-7英寸(经典手拍)[{""name"":""规格"",""value"":""7英寸(经典手拍)""}]（52.00*1）,奥尔良烤翅（14.00*1）,【随心❤️拼】7英寸双拼披萨（口味自选）[水果+奥尔良鸡肉]（68.00*1）,深海墨鱼丸-6个[{""name"":""规格"",""value"":""6个""}]（18.20*1）,餐盒（3.00*1）",榴莲王披萨+奥尔良烤翅+双拼7寸【缤纷水果口味7】+双拼7寸【奥尔良口味7】+深海墨鱼丸,,,,非会员,14,,,依据餐量提供餐具,,152.20,50.98,86.40,0.00,0,0,4.72,0.00,3.30,【活动支出】店铺满减:2.00元+【活动支出】单品特价:18.10元+【活动支出】单品特价:5.50元+【活动支出】单品特价:41.10元+【活动支出】单品特价:7.70元+【活动支出】饿了么红包:12.00元+【活动支出】替用户承担配送费:3.3元,-,-,-,3.00,台州区域,台州直营,,,否,-,平台配送
圣比萨（玉环珠城路店）,SBS00027,台州,"8099320254392185263	",饿了么,平台外卖,已完成,2025-10-20 18:36:37,2025-10-20 18:36:37,2025-10-20 18:36:37,饿了么支付-在线支付,,即时单,2025-10-20 18:36:37,12.22,自动出餐,1,否,"奶酪芝士卷边（7英寸）（4.90*1）,新奥尔良烤鸡肉披萨-7英寸(手拍)[{""name"":""规格"",""value"":""7英寸(手拍)""}]（58.00*1）,餐盒（2.00*1）",奶酪芝士卷边7+新奥尔良烤鸡肉披萨,,,,非会员,15,,,依据餐量提供餐具,,62.90,15.72,42.10,0.00,0,0,1.48,0.00,2.30,【活动支出】单品特价:34.10元+【活动支出】粉丝群:1.00元+【活动支出】饿了么红包:7.00元+【活动支出】替用户承担配送费:2.3元,-,-,-,2.00,台州区域,台州直营,,,否,-,平台配送
圣比萨（玉环珠城路店）,SBS00027,台州,"8089856088191353102	",饿了么,平台外卖,已完成,2025-10-20 19:33:45,2025-10-20 19:33:45,2025-10-20 19:33:45,饿了么支付-在线支付,,即时单,2025-10-20 19:33:45,12.03,自动出餐,1,否,"榴莲王披萨-9英寸(手拍)[{""name"":""规格"",""value"":""9英寸(手拍)""}]（92.00*1）",榴莲王披萨,,,,非会员,16,,,依据餐量提供餐具,,92.00,24.82,57.10,0.00,0,0,2.28,0.00,3.30,【活动支出】店铺满减:1.00元+【活动支出】单品特价:48.10元+【活动支出】饿了么红包:8.00元+【活动支出】替用户承担配送费:3.3元,-,-,-,0.00,台州区域,台州直营,,,否,-,平台配送
圣比萨（玉环珠城路店）,SBS00027,台州,"8080220254420909535	",饿了么,平台外卖,已完成,2025-10-20 19:35:46,2025-10-20 19:35:46,2025-10-20 19:35:46,饿了么支付-在线支付,,即时单,2025-10-20 19:35:46,12.08,自动出餐,1,否,"新奥尔良烤鸡肉披萨-7英寸(手拍)[{""name"":""规格"",""value"":""7英寸(手拍)""}]（58.00*1）,餐盒（2.00*1）",新奥尔良烤鸡肉披萨,,,,非会员,17,,,依据餐量提供餐具,,58.00,12.70,41.10,0.00,0,0,1.20,0.00,2.30,【活动支出】单品特价:34.10元+【活动支出】 商家自营销加码:2.00元+【活动支出】饿了么红包:5.00元+【活动支出】替用户承担配送费:2.3元,-,-,-,2.00,台州区域,台州直营,,,否,-,平台配送
圣比萨（玉环珠城路店）,SBS00027,台州,"8020806088187046184	",饿了么,平台外卖,已完成,2025-10-20 19:36:15,2025-10-20 19:36:15,2025-10-20 19:36:15,饿了么支付-在线支付,,即时单,2025-10-20 19:36:15,12.03,自动出餐,1,否,"奶酪芝士卷边（7英寸）（4.90*1）,【随心❤️拼】7英寸双拼披萨（口味自选）[水果+日系照烧]（68.00*1）,餐盒（1.00*1）",奶酪芝士卷边7+双拼7寸【缤纷水果口味7】+双拼7寸【日系照烧口味7】,,,,非会员,18,,,依据餐量提供餐具,,72.90,14.79,48.10,0.00,0,0,1.61,0.00,5.60,【活动支出】单品特价:41.10元+【活动支出】饿了么红包:7.00元+【活动支出】替用户承担配送费:5.0元,-,-,-,1.00,台州区域,台州直营,,,否,-,平台配送
圣比萨（玉环珠城路店）,SBS00027,台州,"8073546088238096760	",饿了么,平台外卖,已完成,2025-10-20 19:48:45,2025-10-20 19:48:45,2025-10-20 19:48:46,饿了么支付-在线支付,,即时单,2025-10-20 19:48:45,9.73,手动出餐,1,否,奥尔良烤鸡肉披萨(7寸)-单点（20.41*1）,新奥尔良烤鸡肉披萨【7英寸(手拍)】,,,,非会员,19,,,依据餐量提供餐具,,20.41,13.21,0.00,0.00,0,0,0.00,0.00,,【活动支出】拼团反圈活动:0.00元,-,-,-,0.00,台州区域,台州直营,,,否,-,平台配送
圣比萨（玉环珠城路店）,SBS00027,台州,"8049706088245702113	",饿了么,平台外卖,已完成,2025-10-20 19:59:39,2025-10-20 19:59:39,2025-10-20 19:59:39,饿了么支付-在线支付,,即时单,2025-10-20 19:59:39,12.02,自动出餐,1,否,"【随心❤️拼】9英寸双拼披萨（口味自选）[奥尔良+日系照烧]（80.00*1）,餐盒（1.00*1）",双拼9寸【奥尔良口味9】+双拼9寸【日系照烧口味9】,,,,非会员,20,,,无需餐具,,80.00,20.78,52.10,0.00,0,0,1.92,0.00,2.30,【活动支出】单品特价:43.10元+【活动支出】粉丝群:1.00元+【活动支出】饿了么红包:8.00元+【活动支出】替用户承担配送费:2.3元,-,-,-,1.00,台州区域,台州直营,,,否,-,平台配送
圣比萨（玉环珠城路店）,SBS00027,台州,"8046696088258655600	",饿了么,平台外卖,已完成,2025-10-20 20:09:36,2025-10-20 20:09:36,2025-10-20 20:09:36,饿了么支付-在线支付,,即时单,2025-10-20 20:09:36,12.10,自动出餐,1,否,"咸蛋黄风味流沙卷边（7英寸）（4.90*1）,【圣比福利】蛋挞1个（5.00*1）,披萨随心配（60.40*1）,圣比招牌披萨-7寸(经典手拍)[{""name"":""规格"",""value"":""7寸(经典手拍)""}]（45.00*1）,餐盒（2.00*1）",咸蛋黄流沙卷边7+蛋挞1个+深海墨鱼丸2个+盐酥鸡米花小份+地道肠1根+碳烤鸡肉培根披萨(7英寸(手拍))+大圣招牌大满贯披萨,,,,非会员,21,,,2份餐具,,115.30,23.28,54.31,24.98,0,0,4.33,0.00,2.80,【活动支出】店铺满减:1.00元+【活动支出】单品特价:4.01元+【活动支出】单品特价:28.50元+【活动支出】单品特价:20.80元+【活动支出】替用户承担配送费:2.8元,-,-,-,2.00,台州区域,台州直营,,,否,-,平台配送
圣比萨（玉环珠城路店）,SBS00027,台州,"8043706088256580025	",饿了么,平台外卖,已完成,2025-10-20 20:13:10,2025-10-20 20:13:10,2025-10-20 20:13:10,饿了么支付-在线支付,,即时单,2025-10-20 20:13:10,12.13,自动出餐,1,否,"【圣比福利】蛋挞1个（5.00*1）,碳烤鸡肉培根披萨-7英寸(手拍)[{""name"":""规格"",""value"":""7英寸(手拍)""}]（45.00*1）,点击右上角❤️收藏得小吃[上校鸡块2个]（2.00*1）,餐盒（1.00*1）",蛋挞1个+碳烤鸡肉培根披萨+上校鸡块2个,,,,非会员,22,,,依据餐量提供餐具,,52.00,11.60,33.01,0.00,0,0,1.19,0.00,3.80,【活动支出】单品特价:4.01元+【活动支出】单品特价:19.10元+【活动支出】粉丝群:1.00元+【活动支出】饿了么红包:7.00元+【活动支出】精准营销:1.90元+【活动支出】替用户承担配送费:3.8元,-,-,-,1.00,台州区域,台州直营,,,否,-,平台配送
圣比萨（玉环珠城路店）,SBS00027,台州,"8091350254247372171	",饿了么,平台外卖,已完成,2025-10-20 20:14:52,2025-10-20 20:14:52,2025-10-20 20:14:52,饿了么支付-在线支付,,即时单,2025-10-20 20:14:52,12.17,自动出餐,1,否,"点击右上角❤️收藏得小吃[上校鸡块2个]（2.00*1）,【圣比福利】蛋挞1个（5.00*1）,【任选5件套】披萨意面我全都要[圣比招牌披萨7英寸+番茄牛肉意面+小食桶A+港式奶茶+港式奶茶]（128.00*1）,餐盒（2.00*1）",上校鸡块2个+蛋挞1个+大圣招牌大满贯披萨【7英寸(手拍)】+番茄牛肉意面+明星小食桶A+港式奶茶+港式奶茶,,,,非会员,23,,,1份餐具,,135.00,35.97,86.01,0.00,0,0,3.42,0.00,5.00,【活动支出】单品特价:1.90元+【活动支出】店铺满减:2.00元+【活动支出】单品特价:4.01元+【活动支出】单品特价:66.10元+【活动支出】饿了么红包:12.00元+【活动支出】替用户承担配送费:5.0元,-,-,-,2.00,台州区域,台州直营,,,否,-,平台配送
圣比萨（玉环珠城路店）,SBS00027,台州,"8073260254339507686	",饿了么,平台外卖,已完成,2025-10-20 20:21:35,2025-10-20 20:21:35,2025-10-20 20:21:35,饿了么支付-在线支付,,即时单,2025-10-20 20:21:35,12.02,手动出餐,1,否,"新奥尔良烤鸡肉披萨-7英寸(手拍)[{""name"":""规格"",""value"":""7英寸(手拍)""}]（58.00*1）,餐盒（2.00*1）",新奥尔良烤鸡肉披萨,,,,非会员,24,,,依据餐量提供餐具,,58.00,12.70,41.10,0.00,0,0,1.20,0.00,2.30,【活动支出】单品特价:34.10元+【活动支出】饿了么红包:7.00元+【活动支出】替用户承担配送费:2.3元,-,-,-,2.00,台州区域,台州直营,,,否,-,平台配送
圣比萨（玉环珠城路店）,SBS00027,台州,"8017090254264517059	",饿了么,平台外卖,已完成,2025-10-20 20:58:30,2025-10-20 20:58:30,2025-10-20 20:58:31,饿了么支付-在线支付,,即时单,2025-10-20 20:58:30,8.43,手动出餐,1,否,"缤纷水果披萨-9英寸(手拍)[{""name"":""规格"",""value"":""9英寸(手拍)""}]（75.00*1）",缤纷水果披萨,,,,非会员,25,,,依据餐量提供餐具,,75.00,20.78,46.10,0.00,0,0,1.92,0.00,2.30,【活动支出】单品特价:41.10元+【活动支出】平台营销红包（老朋友召回渠道）:5.00元+【活动支出】替用户承担配送费:2.3元,-,-,-,0.00,台州区域,台州直营,,,否,-,平台配送
圣比萨（玉环珠城路店）,SBS00027,台州,"8019320254359341375	",饿了么,平台外卖,已完成,2025-10-20 21:49:51,2025-10-20 21:49:51,2025-10-20 21:49:51,饿了么支付-在线支付,,即时单,2025-10-20 21:49:51,12.15,自动出餐,1,否,"【圣比福利】蛋挞1个（5.00*1）,碳烤鸡肉培根披萨-7英寸(手拍)[{""name"":""规格"",""value"":""7英寸(手拍)""}]（45.00*1）,餐盒（1.00*1）",蛋挞1个+碳烤鸡肉培根披萨,,,,非会员,26,,,依据餐量提供餐具,,50.00,14.98,28.11,0.00,0,0,1.41,0.00,3.30,【活动支出】单品特价:4.01元+【活动支出】单品特价:19.10元+【活动支出】饿了么红包:5.00元+【活动支出】替用户承担配送费:3.3元,-,-,-,1.00,台州区域,台州直营,,,否,-,平台配送
圣比萨（玉环珠城路店）,SBS00027,台州,"8037686088274216381	",饿了么,平台外卖,已退款,2025-10-20 21:56:01,2025-10-20 21:56:01,2025-10-20 21:56:01,饿了么支付-在线支付,,即时单,2025-10-20 21:56:01,,未出餐,1,否,"点击右上角❤️收藏得小吃[上校鸡块2个]（2.00*1）,【肥宅快乐水】小可乐（5.00*1）,【随心拼】12英寸披萨（口味自选）[奥尔良鸡肉+培根鸡肉]（105.00*1）,餐盒（1.00*1）",上校鸡块2个+小可乐+双拼12寸【奥尔良口味12】+双拼12寸【培根鸡肉口味12】,,,,非会员,27,,,依据餐量提供餐具,"餐厅同意取消单 ",112.00,-1.47,67.00,35.00,0,0,3.07,0.00,3.30,【活动支出】单品特价:1.90元+【活动支出】店铺满减:2.00元+【活动支出】单品特价:51.10元+【活动支出】饿了么红包:12.00元+【活动支出】替用户承担配送费:3.3元,-,-,-,1.00,台州区域,台州直营,,,否,-,平台配送
圣比萨（葡萄棚店）,SBM00004,温州,"8024440254179039527	",饿了么,平台外卖,已完成,2025-10-20 11:11:57,2025-10-20 11:11:57,2025-10-20 11:11:57,饿了么支付-在线支付,,即时单,2025-10-20 11:11:57,14.12,自动出餐,1,否,"任选披萨8选1+小吃6选1+饮料[圣比至尊披萨7寸+藤椒鸡排1个+小可乐+常温]（58.00*1）,餐盒（2.00*1）",金丝鸡排+小可乐,,,,非会员,1,,,不要葱 / 依据餐量提供餐具,,58.00,18.69,33.10,0.00,0,0,1.76,0.00,3.50,【活动支出】单品特价:26.10元+【活动支出】饿了么红包:7.00元+【活动支出】替用户承担配送费:3.5元,-,-,-,2.00,温州区域,温州加盟,,,否,-,平台配送
圣比萨（葡萄棚店）,SBM00004,温州,"8043390254103484674	",饿了么,平台外卖,已完成,2025-10-20 11:15:03,2025-10-20 11:15:03,2025-10-20 11:15:03,饿了么支付-在线支付,,即时单,2025-10-20 11:15:03,14.22,自动出餐,1,否,"任选披萨8选1+小吃6选1+饮料[水果披萨7寸+上校鸡块4个+芒果汁+常温]（58.00*1）,餐盒（2.00*1）",缤纷水果披萨【7英寸(手拍)】+上校鸡块+芒果汁,,,,非会员,2,,,依据餐量提供餐具,,58.00,16.84,35.10,0.00,0,0,1.61,0.00,3.50,【活动支出】首次光顾立减:2.00元+【活动支出】单品特价:26.10元+【活动支出】 商家自营销加码:2.00元+【活动支出】饿了么红包:5.00元+【活动支出】替用户承担配送费:3.5元,-,-,-,2.00,温州区域,温州加盟,,,否,-,平台配送
圣比萨（葡萄棚店）,SBM00004,温州,"8054270254243417446	",饿了么,平台外卖,已完成,2025-10-20 12:30:01,2025-10-20 12:30:01,2025-10-20 12:30:01,饿了么支付-在线支付,,即时单,2025-10-20 12:30:01,14.10,自动出餐,1,否,"任选披萨8选1+小吃6选1+饮料[纯芝士披萨7寸+上校鸡块4个+柠檬茶+常温]（58.00*1）,餐盒（2.00*1）",金牌芝士披萨【7英寸(手拍)】+上校鸡块+柠檬茶,,,,非会员,3,,,依据餐量提供餐具,,58.00,18.69,33.10,0.00,0,0,1.76,0.00,3.50,【活动支出】单品特价:26.10元+【活动支出】超级会员专享红包:5.00元+【活动支出】 商家自营销加码:2.00元+【活动支出】替用户承担配送费:3.5元,-,-,-,2.00,温州区域,温州加盟,,,否,-,平台配送
圣比萨（葡萄棚店）,SBM00004,温州,"8074080254218251630	",饿了么,平台外卖,已完成,2025-10-20 15:28:43,2025-10-20 15:28:43,2025-10-20 15:28:43,饿了么支付-在线支付,,即时单,2025-10-20 15:28:43,12.05,自动出餐,1,否,"任选披萨8选1+小吃6选1+饮料[碳烤培根鸡肉披萨7寸+芝士菠萝挞一个+柠檬茶+常温]（58.00*1）,餐盒（2.00*1）",碳烤鸡肉培根披萨【7英寸(手拍)】+缤纷芝士挞菠萝味+柠檬茶,,,,非会员,4,,,到了拍照 / 依据餐量提供餐具,,58.00,15.92,36.10,0.00,0,0,1.53,0.00,3.50,【活动支出】首次光顾立减:2.00元+【活动支出】单品特价:26.10元+【活动支出】精准营销红包:1.00元+【活动支出】饿了么红包:7.00元+【活动支出】替用户承担配送费:3.5元,-,-,-,2.00,温州区域,温州加盟,,,否,-,平台配送
圣比萨（葡萄棚店）,SBM00004,温州,"8078756088166262237	",饿了么,平台外卖,已完成,2025-10-20 17:29:57,2025-10-20 17:29:57,2025-10-20 17:29:57,饿了么支付-在线支付,,即时单,2025-10-20 17:29:57,12.23,自动出餐,1,否,"纯芝士披萨7英寸（42.99*1）,餐盒（2.00*1）",金牌芝士披萨【7英寸(手拍)】,,,,非会员,5,,,依据餐量提供餐具,,42.99,8.62,29.09,0.00,0,0,1.43,0.00,3.50,【活动支出】首次光顾立减:2.00元+【活动支出】单品特价:20.09元+【活动支出】 商家自营销加码:2.00元+【活动支出】饿了么红包:5.00元+【活动支出】替用户承担配送费:3.5元,-,-,-,2.00,温州区域,温州加盟,,,否,-,平台配送
圣比萨（葡萄棚店）,SBM00004,温州,"8095806088184505767	",饿了么,平台外卖,已完成,2025-10-20 17:46:57,2025-10-20 17:46:57,2025-10-20 17:46:57,饿了么支付-在线支付,,即时单,2025-10-20 17:46:57,14.20,自动出餐,1,否,"缤纷水果披萨-9英寸（经典手拍）[{""name"":""规格"",""value"":""9英寸（经典手拍）""}]（75.00*1）,餐盒（2.00*1）",缤纷水果披萨,,,,非会员,6,,,依据餐量提供餐具,,75.00,20.87,47.10,0.00,0,0,1.98,0.00,3.50,【活动支出】单品特价:40.10元+【活动支出】饿了么红包:7.00元+【活动支出】替用户承担配送费:3.5元,-,-,-,2.00,温州区域,温州加盟,,,否,-,平台配送
圣比萨（葡萄棚店）,SBM00004,温州,"8032100254296637703	",饿了么,平台外卖,已完成,2025-10-20 18:11:25,2025-10-20 18:11:25,2025-10-20 18:11:25,饿了么支付-在线支付,,即时单,2025-10-20 18:11:25,14.13,自动出餐,1,否,"任选披萨8选1+小吃6选1+饮料[牛肉至尊披萨7寸+上校鸡块4个+柠檬茶+常温]（58.00*1）,餐盒（2.00*1）",上校鸡块+柠檬茶,,,,非会员,7,,,依据餐量提供餐具,,58.00,16.84,35.10,0.00,0,0,1.61,0.00,3.50,【活动支出】首次光顾立减:2.00元+【活动支出】单品特价:26.10元+【活动支出】 商家自营销加码:2.00元+【活动支出】饿了么红包:5.00元+【活动支出】替用户承担配送费:3.5元,-,-,-,2.00,温州区域,温州加盟,,,否,-,平台配送
圣比萨（葡萄棚店）,SBM00004,温州,"8026546088212095236	",饿了么,平台外卖,已完成,2025-10-20 18:49:44,2025-10-20 18:49:44,2025-10-20 18:49:44,饿了么支付-在线支付,,即时单,2025-10-20 18:49:44,14.15,自动出餐,1,否,"任选披萨8选1+小吃6选2+饮品自选（70.00*1）,餐盒（2.00*1）",港式奶茶+圣比海苔肉松披萨-7英寸（经典手拍）+深海墨鱼丸(3个)+川香脆皮大翅根(1个),,,,非会员,8,,,依据餐量提供餐具,,70.00,19.94,43.10,0.00,0,0,1.91,0.00,3.50,【活动支出】首次光顾立减:2.00元+【活动支出】单品特价:34.10元+【活动支出】饿了么红包:7.00元+【活动支出】替用户承担配送费:3.5元,-,-,-,2.00,温州区域,温州加盟,,,否,-,平台配送
圣比萨（葡萄棚店）,SBM00004,温州,"8009706088271160687	",饿了么,平台外卖,已完成,2025-10-20 21:36:13,2025-10-20 21:36:13,2025-10-20 21:36:13,饿了么支付-在线支付,,即时单,2025-10-20 21:36:13,12.05,自动出餐,1,否,"[买一送一]买披萨(7英寸)送披萨[新奥尔良鸡肉披萨+圣比至尊披萨]（86.80*1）,脆皮香蕉1根（4.80*1）,香芋地瓜丸3颗（7.50*2）,[孩子爱吃]圣比萨蛋挞1个（5.00*1）,餐盒（6.50*1）",蛋挞1个,,,,非会员,9,,,依据餐量提供餐具,,111.60,33.80,71.74,0.00,0,0,3.21,0.00,5.60,【活动支出】店铺满减:2.00元+【活动支出】首次光顾立减:2.00元+【活动支出】单品特价:39.90元+【活动支出】单品特价:3.81元+【活动支出】单品特价:7.02元+【活动支出】单品特价:3.01元+【活动支出】粉丝群:2.00元+【活动支出】饿了么红包:12.00元+【活动支出】淘金币:0.00元+【活动支出】替用户承担配送费:5.0元,-,-,-,6.50,温州区域,温州加盟,,,否,-,平台配送
圣比萨（葡萄棚店）,SBM00004,温州,"8032330254358796688	",饿了么,平台外卖,已完成,2025-10-20 21:48:10,2025-10-20 21:48:10,2025-10-20 21:48:11,饿了么支付-在线支付,,即时单,2025-10-20 21:48:10,12.00,自动出餐,1,否,"纯芝士披萨7英寸（42.99*1）,餐盒（2.00*1）",金牌芝士披萨【7英寸(手拍)】,,,,非会员,10,,,依据餐量提供餐具,,42.99,8.12,29.09,0.00,0,0,1.43,0.00,5.60,【活动支出】首次光顾立减:2.00元+【活动支出】单品特价:20.09元+【活动支出】 商家自营销加码:2.00元+【活动支出】饿了么红包:5.00元+【活动支出】替用户承担配送费:5.0元,-,-,-,2.00,温州区域,温州加盟,,,否,-,平台配送
圣比萨（温大B区店）,SBS00026,温州,"8055656087970249114	",饿了么,平台外卖,已完成,2025-10-20 11:35:02,2025-10-20 11:35:02,2025-10-20 11:35:02,饿了么支付-在线支付,,即时单,2025-10-20 11:35:02,12.02,自动出餐,1,否,"DIY单人套餐（主食小吃饮品自选）（48.00*1）,餐盒（1.00*1）",小可乐+盐酥鸡粒+烤奥尔良鸡肉手握披萨,,,,非会员,1,,,依据餐量提供餐具；手机尾号：3960；送上楼,,48.00,14.43,29.10,0.00,0,0,1.47,0.00,1.50,【活动支出】单品特价:20.10元+【活动支出】大额吃货红包（爆红包）:0.00元+【活动支出】精准营销:2.00元+【活动支出】饿了么红包:7.00元+【活动支出】替用户承担配送费:1.5元,-,-,-,1.00,温州区域,温州直营,,,否,-,平台配送
圣比萨（温大B区店）,SBS00026,温州,"8006010254123816298	",饿了么,平台外卖,已完成,2025-10-20 11:38:19,2025-10-20 11:38:19,2025-10-20 11:38:19,饿了么支付-在线支付,,即时单,2025-10-20 11:38:19,12.05,自动出餐,1,否,"送餐上楼【下午1-4点晚上7点之后放外卖柜】（0.00*1）,DIY单人套餐（主食小吃饮品自选）（48.00*1）,餐盒（1.00*1）",送餐上楼+小雪碧+盐酥鸡粒+咖喱鸡肉芝士焗饭,,,,非会员,2,,,依据餐量提供餐具；手机尾号：6880；聚合送,,48.00,17.19,26.10,0.00,0,0,1.71,0.00,1.50,【活动支出】单品特价:20.10元+【活动支出】大额吃货红包（爆红包）:0.00元+【活动支出】饿了么红包:6.00元+【活动支出】CPS商户叠加券:0.00元+【活动支出】替用户承担配送费:1.5元,-,-,-,1.00,温州区域,温州直营,,,否,-,平台配送
圣比萨（温大B区店）,SBS00026,温州,"8068490254172895565	",饿了么,平台外卖,已完成,2025-10-20 12:57:12,2025-10-20 12:57:12,2025-10-20 12:57:12,饿了么支付-在线支付,,即时单,2025-10-20 12:57:12,12.00,自动出餐,1,否,"烤奥尔良鸡肉手握披萨（32.00*1）,餐盒（1.00*1）",烤奥尔良鸡肉手握披萨,,,,非会员,3,,,谢谢小哥，外卖放门口 / 1份餐具；手机尾号：8741；聚合送,,32.00,11.67,16.10,0.00,0,0,1.23,0.00,1.50,【活动支出】单品特价:10.10元+【活动支出】大额吃货红包（爆红包）:0.00元+【活动支出】饿了么红包:6.00元+【活动支出】替用户承担配送费:1.5元,-,-,-,1.00,温州区域,温州直营,,,否,-,平台配送
圣比萨（温大B区店）,SBS00026,温州,"8039120254131765568	",饿了么,平台外卖,已完成,2025-10-20 16:19:35,2025-10-20 16:19:35,2025-10-20 16:19:36,饿了么支付-在线支付,,即时单,2025-10-20 16:19:35,10.03,自动出餐,1,否,"葡式蛋挞1个（4.00*1）,【披萨任选】披萨+豆花自选+小吃自选（50.00*1）,餐盒（1.50*1）",蛋挞1个+冰豆花（额外加糖）+盐酥鸡粒+夏威夷风情手握披萨,,,,非会员,4,,,依据餐量提供餐具；手机尾号：6885；送上楼,,54.00,19.40,30.20,0.00,0,0,1.90,0.00,1.50,【活动支出】单品特价:3.10元+【活动支出】单品特价:17.10元+【活动支出】CPS商户叠加券:0.00元+【活动支出】饿了么红包:10.00元+【活动支出】淘金币:0.00元+【活动支出】替用户承担配送费:1.5元,-,-,-,1.50,温州区域,温州直营,,,否,-,平台配送
圣比萨（温大B区店）,SBS00026,温州,"8081746088126488991	",饿了么,平台外卖,已完成,2025-10-20 16:54:07,2025-10-20 16:54:07,2025-10-20 16:54:07,饿了么支付-在线支付,,即时单,2025-10-20 16:54:07,10.23,自动出餐,1,否,"送餐上楼【下午1-4点晚上7点之后放外卖柜】（0.00*1）,#点击右上角收藏❤0.01多加5g芝士(只能加披萨里)（5.00*1）,榴莲多多单人套餐（58.00*1）,餐盒（1.00*1）",送餐上楼+芝士5克+真果肉榴莲王手握披萨+金丝鸡排+小可乐,,,,非会员,5,,,依据餐量提供餐具；手机尾号：5669；送上楼,,63.00,19.12,39.00,0.00,0,0,1.88,0.00,1.50,【活动支出】单品特价:4.90元+【活动支出】单品特价:22.10元+【活动支出】饿了么红包:10.00元+【活动支出】精准营销:2.00元+【活动支出】替用户承担配送费:1.5元,-,-,-,1.00,温州区域,温州直营,,,否,-,平台配送
圣比萨（雪景店）,SBS00006,温州,"8080050254053841268	",饿了么,平台外卖,已完成,2025-10-20 10:19:04,2025-10-20 10:19:04,2025-10-20 10:19:04,饿了么支付-在线支付,,即时单,2025-10-20 10:19:04,10.00,自动出餐,1,否,"披萨随心配（60.40*1）,餐盒（2.00*1）",地道肠1根+深海墨鱼丸2个+盐酥鸡米花小份+碳烤鸡肉培根披萨(7英寸(手拍)),,,,非会员,1,,,依据餐量提供餐具,,60.40,17.77,36.50,0.00,0,0,1.68,0.00,3.50,【活动支出】单品特价:30.50元+【活动支出】饿了么红包:6.00元+【活动支出】替用户承担配送费:3.5元,-,-,-,2.00,温州区域,温州直营,,,否,-,平台配送
圣比萨（雪景店）,SBS00006,温州,"8016160254073784595	",饿了么,平台外卖,已完成,2025-10-20 10:49:49,2025-10-20 10:49:49,2025-10-20 10:49:50,饿了么支付-在线支付,,即时单,2025-10-20 10:49:49,10.20,自动出餐,1,否,"浪漫威尼斯披萨-7英寸(经典手拍)[{""name"":""规格"",""value"":""7英寸(经典手拍)""}]（42.00*1）,餐盒（2.00*1）",浪漫威尼斯披萨,,,,非会员,2,,,依据餐量提供餐具,,42.00,17.77,18.10,0.00,0,0,1.68,0.00,3.50,【活动支出】单品特价:12.10元+【活动支出】 商家自营销加码:1.00元+【活动支出】饿了么红包:5.00元+【活动支出】替用户承担配送费:3.5元,-,-,-,2.00,温州区域,温州直营,,,否,-,平台配送
圣比萨（雪景店）,SBS00006,温州,"8020410253993312519	",饿了么,平台外卖,已完成,2025-10-20 11:11:39,2025-10-20 11:11:39,2025-10-20 11:11:39,饿了么支付-在线支付,,即时单,2025-10-20 11:11:39,12.23,自动出餐,1,否,"意面随心配（58.80*1）,点击右上角❤️收藏得小吃[蛋挞1个]（5.00*1）,餐盒（2.50*1）",地道肠1根+深海墨鱼丸2个+盐酥鸡米花小份+番茄牛肉意面+蛋挞1个,,,,非会员,3,,,依据餐量提供餐具,,63.80,14.27,42.89,0.00,0,0,1.49,0.00,5.00,【活动支出】单品特价:31.90元+【活动支出】单品特价:4.99元+【活动支出】饿了么红包:6.00元+【活动支出】替用户承担配送费:5.0元,-,-,-,2.50,温州区域,温州直营,,,否,-,平台配送
圣比萨（雪景店）,SBS00006,温州,"8067566087948736940	",饿了么,平台外卖,已退款,2025-10-20 11:14:38,2025-10-20 11:14:38,2025-10-20 11:14:39,饿了么支付-在线支付,,即时单,2025-10-20 11:14:38,12.20,自动出餐,1,否,"点击右上角❤️收藏得小吃[蛋挞1个]（5.00*1）,点击右上角❤️收藏得小吃[上校鸡块2个]（5.00*1）,披萨随心配（65.30*1）,【新客福利】蛋挞1个（5.00*1）,餐盒（4.00*1）",蛋挞1个+上校鸡块2个+地道肠1根+蛋挞1个+盐酥鸡米花小份+碳烤鸡肉培根披萨(7英寸(手拍))+蛋挞1个,,,,非会员,4,,,依据餐量提供餐具,,80.30,-4.08,52.40,25.90,0,0,2.13,0.00,5.00,【活动支出】单品特价:4.99元+【活动支出】店铺满减:1.00元+【活动支出】单品特价:30.50元+【活动支出】单品特价:4.01元+【活动支出】精准营销:4.90元+【活动支出】饿了么红包:7.00元+【活动支出】替用户承担配送费:5.0元,-,-,-,4.00,温州区域,温州直营,,,否,-,平台配送
圣比萨（雪景店）,SBS00006,温州,"8000546088047068540	",饿了么,平台外卖,已完成,2025-10-20 12:51:15,2025-10-20 12:51:15,2025-10-20 12:51:16,饿了么支付-在线支付,,即时单,2025-10-20 12:51:15,12.08,自动出餐,1,否,"【披萨任选】披萨8选1+小吃5选2+饮品[花果山披萨7英寸+地道肠1根+金丝鸡排+小可乐]（70.00*1）,奶酪芝士卷边（7英寸）（4.90*1）,【新客福利】蛋挞1个（5.00*1）,餐盒（3.00*1）",花果山披萨【7英寸(手拍)】+地道肠【1根】+金丝鸡排+小可乐+奶酪芝士卷边7+蛋挞1个,,,,非会员,5,,,依据餐量提供餐具,,79.90,21.69,52.11,0.00,0,0,2.05,0.00,3.50,【活动支出】店铺满减:1.00元+【活动支出】单品特价:35.10元+【活动支出】单品特价:4.01元+【活动支出】饿了么红包:12.00元+【活动支出】替用户承担配送费:3.5元,-,-,-,3.00,温州区域,温州直营,,,否,-,平台配送
圣比萨（雪景店）,SBS00006,温州,"8051180254081795484	",饿了么,平台外卖,已完成,2025-10-20 13:20:44,2025-10-20 13:20:44,2025-10-20 13:20:45,饿了么支付-在线支付,,即时单,2025-10-20 13:20:44,12.22,自动出餐,1,否,"任选披萨7选1+小吃6选1+饮料[缤纷水果披萨7英寸+地道肠1根+芬达]（58.00*1）,餐盒（2.00*1）",缤纷水果披萨【7英寸(手拍)】+地道肠【1根】,,,,非会员,6,,,1份餐具,,58.00,19.62,32.10,0.00,0,0,1.83,0.00,3.50,【活动支出】单品特价:26.10元+【活动支出】饿了么红包:6.00元+【活动支出】替用户承担配送费:3.5元,-,-,-,2.00,温州区域,温州直营,,,否,-,平台配送
圣比萨（雪景店）,SBS00006,温州,"8023080254235763984	",饿了么,平台外卖,已完成,2025-10-20 17:06:25,2025-10-20 17:06:25,2025-10-20 17:06:25,饿了么支付-在线支付,,即时单,2025-10-20 17:06:25,10.12,自动出餐,1,否,"【披萨任选】披萨8选1+小吃5选2+饮品[奥尔良鸡肉披萨7英寸+上校鸡块4个+地道肠1根+雪碧]（70.00*1）,点击右上角❤️收藏得小吃[墨鱼丸1个]（5.00*1）,餐盒（2.50*1）",新奥尔良烤鸡肉披萨【7英寸(手拍)】+上校鸡块+地道肠【1根】+深海墨鱼丸1个,,,,非会员,7,,,2份餐具,,75.00,22.27,46.09,0.00,0,0,2.09,0.00,3.50,【活动支出】单品特价:35.10元+【活动支出】单品特价:4.99元+【活动支出】超级会员专享红包:5.00元+【活动支出】 商家自营销加码:1.00元+【活动支出】替用户承担配送费:3.5元,-,-,-,2.50,温州区域,温州直营,,,否,-,平台配送
圣比萨（雪景店）,SBS00006,温州,"8067566088225720704	",饿了么,平台外卖,已完成,2025-10-20 18:53:37,2025-10-20 18:53:37,2025-10-20 18:53:38,饿了么支付-在线支付,,即时单,2025-10-20 18:53:37,12.08,自动出餐,1,否,"点击右上角❤️收藏得小吃[蛋挞1个]（5.00*1）,披萨随心配（65.30*1）,【新客福利】蛋挞1个（5.00*1）,餐盒（3.50*1）",蛋挞1个+地道肠1根+蛋挞1个+盐酥鸡米花小份+碳烤鸡肉培根披萨(7英寸(手拍))+蛋挞1个,,,,非会员,8,,,依据餐量提供餐具,,75.30,21.26,47.50,0.00,0,0,2.09,0.00,5.00,【活动支出】单品特价:4.99元+【活动支出】店铺满减:1.00元+【活动支出】单品特价:30.50元+【活动支出】单品特价:4.01元+【活动支出】饿了么红包:7.00元+【活动支出】替用户承担配送费:5.0元,-,-,-,3.50,温州区域,温州直营,,,否,-,平台配送
圣比萨（雪景店）,SBS00006,温州,"8087776088202052907	",饿了么,平台外卖,已完成,2025-10-20 19:06:41,2025-10-20 19:06:41,2025-10-20 19:06:41,饿了么支付-在线支付,,即时单,2025-10-20 19:06:41,12.23,自动出餐,1,否,"纯芝士披萨7英寸[7英寸]（42.99*1）,蛋挞一个（原味）（5.00*1）,餐盒（3.00*1）",金牌芝士披萨【7英寸(手拍)】+蛋挞1个,,,,非会员,9,,,楼下门禁如果打不开可以先在上面打电话或者等一下，门禁电话有时收不到，你直接放到邮箱上，给我发一下消息 / 依据餐量提供餐具,,47.99,15.59,28.09,0.00,0,0,1.46,0.00,3.50,【活动支出】单品特价:21.09元+【活动支出】饿了么红包:7.00元+【活动支出】替用户承担配送费:3.5元,-,-,-,3.00,温州区域,温州直营,,,否,-,平台配送
圣比萨（雪景店）,SBS00006,温州,"8043070254310396164	",饿了么,平台外卖,已完成,2025-10-20 19:16:57,2025-10-20 19:16:57,2025-10-20 19:16:57,饿了么支付-在线支付,,即时单,2025-10-20 19:16:57,12.08,自动出餐,1,否,"7英寸奥尔良烤鸡肉披萨[7英奥尔良烤鸡肉披萨]（58.00*1）,餐盒（2.00*1）",新奥尔良烤鸡肉披萨【7英寸(手拍)】,,,,非会员,10,,,依据餐量提供餐具,,58.00,10.62,41.50,0.00,0,0,1.43,0.00,3.50,【活动支出】单品特价:35.50元+【活动支出】饿了么红包:6.00元+【活动支出】替用户承担配送费:3.5元,-,-,-,2.00,温州区域,温州直营,,,否,-,平台配送
圣比萨（雪景店）,SBS00006,温州,"8018340254348788199	",饿了么,平台外卖,已完成,2025-10-20 19:46:04,2025-10-20 19:46:04,2025-10-20 19:46:04,饿了么支付-在线支付,,即时单,2025-10-20 19:46:04,10.23,自动出餐,1,否,"藤椒金丝鸡排（10.88*1）,任选披萨7选1+小吃6选1+饮料[奥尔良鸡肉披萨7英寸+上校鸡块4个+雪碧]（58.00*1）,餐盒（3.00*1）",金丝鸡排+新奥尔良烤鸡肉披萨【7英寸(手拍)】+上校鸡块+小雪碧,,,,非会员,11,,,依据餐量提供餐具,,68.88,30.68,30.08,0.00,0,0,2.87,0.00,3.50,【活动支出】店铺满减:1.00元+【活动支出】单品特价:2.98元+【活动支出】单品特价:26.10元+【活动支出】替用户承担配送费:3.5元,-,-,-,3.00,温州区域,温州直营,,,否,-,平台配送
圣比萨（雪景店）,SBS00006,温州,"8020576088192008482	",饿了么,平台外卖,已完成,2025-10-20 19:48:11,2025-10-20 19:48:11,2025-10-20 19:48:11,饿了么支付-在线支付,,即时单,2025-10-20 19:48:11,10.12,自动出餐,1,否,"缤纷水果披萨-7英寸(手拍)[{""name"":""规格"",""value"":""7英寸(手拍)""}]（42.00*1）,奶酪芝士卷边（7英寸）（4.90*1）,餐盒（1.00*1）",缤纷水果披萨+奶酪芝士卷边7,,,,非会员,12,,,依据餐量提供餐具,,46.90,16.75,23.10,0.00,0,0,1.60,0.00,3.50,【活动支出】单品特价:16.10元+【活动支出】饿了么红包:7.00元+【活动支出】替用户承担配送费:3.5元,-,-,-,1.00,温州区域,温州直营,,,否,-,平台配送
圣比萨（雪景店）,SBS00006,温州,"8041240254343007545	",饿了么,平台外卖,已完成,2025-10-20 20:47:56,2025-10-20 20:47:56,2025-10-20 20:47:56,饿了么支付-在线支付,,即时单,2025-10-20 20:47:56,10.23,自动出餐,1,否,"黑椒牛肉芝士焗饭（52.00*1）,餐盒（1.00*1）",黑椒牛肉芝士焗饭,,,,非会员,13,,,米饭多点米饭多点 / 依据餐量提供餐具,,52.00,14.62,31.10,0.00,0,0,1.43,0.00,3.50,【活动支出】单品特价:24.10元+【活动支出】饿了么红包:7.00元+【活动支出】替用户承担配送费:3.5元,-,-,-,1.00,温州区域,温州直营,,,否,-,平台配送
圣比萨（雪景店）,SBS00006,温州,"8041240254258959826	",饿了么,平台外卖,已完成,2025-10-20 20:49:30,2025-10-20 20:49:30,2025-10-20 20:49:30,饿了么支付-在线支付,,即时单,2025-10-20 20:49:30,10.15,自动出餐,1,否,"碳烤鸡肉芝士焗饭（52.00*1）,餐盒（1.00*1）",碳烤鸡肉芝士焗饭,,,,非会员,14,,,米饭多点米饭多点 / 依据餐量提供餐具,,52.00,15.59,30.10,0.00,0,0,1.46,0.00,3.50,【活动支出】单品特价:24.10元+【活动支出】 商家自营销加码:1.00元+【活动支出】饿了么红包:5.00元+【活动支出】替用户承担配送费:3.5元,-,-,-,1.00,温州区域,温州直营,,,否,-,平台配送
圣比萨（雪景店）,SBS00006,温州,"8015986088217548269	",饿了么,平台外卖,已完成,2025-10-20 21:04:45,2025-10-20 21:04:45,2025-10-20 21:04:45,饿了么支付-在线支付,,即时单,2025-10-20 21:04:45,10.03,自动出餐,1,否,"番茄牛肉意面（52.00*1）,肉酱培根披萨-9英寸(经典手拍)[{""name"":""规格"",""value"":""9英寸(经典手拍)""}]（78.00*1）,餐盒（3.00*1）",番茄牛肉意面+肉酱培根披萨,,,,非会员,15,,,1份餐具,,130.00,41.33,77.20,0.00,0,0,3.92,0.00,5.60,【活动支出】店铺满减:2.00元+【活动支出】单品特价:28.10元+【活动支出】单品特价:38.10元+【活动支出】饿了么红包:9.00元+【活动支出】替用户承担配送费:5.0元,-,-,-,3.00,温州区域,温州直营,,,否,-,平台配送
圣比萨（瑞安陶山店）,SBS00023,温州,"8017946087852602807	",饿了么,平台外卖,已完成,2025-10-19 21:10:05,2025-10-19 21:10:05,2025-10-19 21:10:05,饿了么支付-在线支付,,预约单,2025-10-20 11:20:00,805.03,自动出餐,1,否,"点击右上角❤️收藏得小吃[墨鱼丸1个]（3.00*1）,【随心❤️拼】7英寸双拼披萨(口味自选）[奥尔良+培根鸡肉]（54.00*1）,蛋挞1个（5.00*1）,餐盒（3.00*1）",深海墨鱼丸1个+双拼7寸【奥尔良口味7】+双拼7寸【碳烤鸡肉培根口味7】+蛋挞1个,,,,非会员,1,,,依据餐量提供餐具,,62.00,14.71,43.01,0.00,0,0,1.43,0.00,3.50,【活动支出】单品特价:2.90元+【活动支出】单品特价:27.10元+【活动支出】单品特价:4.01元+【活动支出】粉丝群:3.00元+【活动支出】饿了么红包:6.00元+【活动支出】替用户承担配送费:3.5元,-,-,-,3.00,温州区域,温州直营,,,否,-,平台配送
圣比萨（瑞安陶山店）,SBS00023,温州,"8059200254038047069	",饿了么,平台外卖,已完成,2025-10-20 10:36:43,2025-10-20 10:36:43,2025-10-20 10:36:43,饿了么支付-在线支付,,即时单,2025-10-20 10:36:43,10.12,自动出餐,1,否,番茄牛肉意面-单点（22.59*1）,番茄牛肉意面,,,,非会员,2,,,依据餐量提供餐具,,22.59,12.59,0.00,0.00,0,0,0.00,0.00,,【活动支出】拼团反圈活动:0.00元,-,-,-,0.00,温州区域,温州直营,,,否,-,平台配送
圣比萨（瑞安陶山店）,SBS00023,温州,"8045450254116437285	",饿了么,平台外卖,已完成,2025-10-20 11:31:33,2025-10-20 11:31:33,2025-10-20 11:31:33,饿了么支付-在线支付,,预约单,2025-10-20 16:05:00,228.50,自动出餐,1,否,"榴莲王披萨-7英寸(经典手拍)[{""name"":""规格"",""value"":""7英寸(经典手拍)""}]（52.00*1）,蛋挞1个（5.00*1）,餐盒（3.00*1）",榴莲王披萨+蛋挞1个,,,,非会员,3,,,依据餐量提供餐具,,57.00,20.86,30.11,0.00,0,0,1.98,0.00,3.50,【活动支出】单品特价:18.10元+【活动支出】单品特价:4.01元+【活动支出】 商家自营销加码:0.00元+【活动支出】饿了么红包:8.00元+【活动支出】替用户承担配送费:3.5元,-,-,-,3.00,温州区域,温州直营,,,否,-,平台配送
圣比萨（瑞安陶山店）,SBS00023,温州,"8030566088027656536	",饿了么,平台外卖,已完成,2025-10-20 12:08:11,2025-10-20 12:08:11,2025-10-20 12:08:11,饿了么支付-在线支付,,即时单,2025-10-20 12:08:11,12.05,自动出餐,1,否,"点击右上角❤️收藏得小吃[墨鱼丸1个]（3.00*1）,【任选】披萨随心配（60.40*1）,蛋挞1个（5.00*1）,餐盒（3.00*1）",深海墨鱼丸1个+新奥尔良烤鸡肉披萨(7英寸(手拍))+地道肠1根+柠檬茶+蛋挞1个,,,,非会员,4,,,依据餐量提供餐具,,68.40,19.70,43.41,0.00,0,0,1.84,0.00,3.50,【活动支出】单品特价:2.90元+【活动支出】单品特价:28.50元+【活动支出】单品特价:4.01元+【活动支出】饿了么红包:8.00元+【活动支出】替用户承担配送费:3.5元,-,-,-,3.00,温州区域,温州直营,,,否,-,平台配送
圣比萨（瑞安陶山店）,SBS00023,温州,"8083070254125569390	",饿了么,平台外卖,已完成,2025-10-20 16:07:12,2025-10-20 16:07:12,2025-10-20 16:07:13,饿了么支付-在线支付,,即时单,2025-10-20 16:07:12,10.03,自动出餐,1,否,"榴莲王披萨-7英寸(经典手拍)[{""name"":""规格"",""value"":""7英寸(经典手拍)""}]（52.00*1）,餐盒（2.00*1）",榴莲王披萨,,,,非会员,5,,,依据餐量提供餐具,,52.00,17.82,26.10,0.00,0,0,1.83,0.00,5.60,【活动支出】单品特价:18.10元+【活动支出】饿了么红包:8.00元+【活动支出】替用户承担配送费:5.0元,-,-,-,2.00,温州区域,温州直营,,,否,-,平台配送
圣比萨（瑞安陶山店）,SBS00023,温州,"8018040254154887500	",饿了么,平台外卖,已完成,2025-10-20 17:12:51,2025-10-20 17:12:51,2025-10-20 17:12:51,饿了么支付-在线支付,,即时单,2025-10-20 17:12:51,10.12,自动出餐,1,否,"小食桶A（0.00*1）,【任选3件套】个人披萨意面焗饭套餐随心配[咖喱鸡肉芝士焗饭+柠檬茶]（72.00*1）,餐盒（2.00*1）",明星小食桶A+咖喱鸡肉芝士焗饭+柠檬茶,,,,非会员,6,,,依据餐量提供餐具,,72.00,18.69,47.10,0.00,0,0,1.76,0.00,3.50,【活动支出】店铺满减:1.00元+【活动支出】单品特价:32.10元+【活动支出】饿了么红包:9.00元+【活动支出】下单返红包:5.00元+【活动支出】替用户承担配送费:3.5元,-,-,-,2.00,温州区域,温州直营,,,否,-,平台配送
圣比萨（瑞安陶山店）,SBS00023,温州,"8070746088160386388	",饿了么,平台外卖,已完成,2025-10-20 17:26:32,2025-10-20 17:26:32,2025-10-20 17:26:32,饿了么支付-在线支付,,即时单,2025-10-20 17:26:32,10.20,自动出餐,1,否,"咸蛋黄风味流沙卷边（7英寸）（4.90*1）,圣比招牌披萨-7英寸(经典手拍)[{""name"":""规格"",""value"":""7英寸(经典手拍)""}]（45.00*1）",咸蛋黄流沙卷边7+大圣招牌大满贯披萨,,,,非会员,7,,,依据餐量提供餐具,,49.90,19.90,21.70,0.00,0,0,1.85,0.00,3.50,【活动支出】单品特价:21.70元+【活动支出】替用户承担配送费:3.5元,-,-,-,0.00,温州区域,温州直营,,,否,-,平台配送
圣比萨（瑞安陶山店）,SBS00023,温州,"8077596088157014451	",饿了么,平台外卖,已完成,2025-10-20 18:26:56,2025-10-20 18:26:56,2025-10-20 18:26:56,饿了么支付-在线支付,,即时单,2025-10-20 18:26:56,12.17,自动出餐,1,否,"台式香烤地道肠（7.50*1）,点击右上角❤️收藏得小吃[墨鱼丸1个]（3.00*1）,【随心❤️拼】7英寸双拼披萨(口味自选）[奥尔良+培根鸡肉]（54.00*1）,餐盒（3.00*1）",地道肠1根+深海墨鱼丸1个+双拼7寸【奥尔良口味7】+双拼7寸【碳烤鸡肉培根口味7】,,,,非会员,8,,,依据餐量提供餐具,,64.50,18.79,40.50,0.00,0,0,1.76,0.00,3.50,【活动支出】单品特价:2.50元+【活动支出】单品特价:2.90元+【活动支出】单品特价:27.10元+【活动支出】超级会员专享红包:8.00元+【活动支出】 商家自营销加码:0.00元+【活动支出】替用户承担配送费:3.5元,-,-,-,3.00,温州区域,温州直营,,,否,-,平台配送
圣比萨（瑞安陶山店）,SBS00023,温州,"8091526088186700171	",饿了么,平台外卖,已完成,2025-10-20 18:32:51,2025-10-20 18:32:51,2025-10-20 18:32:52,饿了么支付-在线支付,,即时单,2025-10-20 18:32:51,12.20,自动出餐,1,否,【任选5件套】披萨意面我全都要[圣比招牌披萨7英寸+番茄牛肉意面+小食桶A+芒果汁+芒果汁]（128.00*1）,大圣招牌大满贯披萨【7英寸(手拍)】+番茄牛肉意面+明星小食桶A+芒果汁+芒果汁,,,,非会员,9,,,依据餐量提供餐具,,128.00,34.33,81.60,0.00,0,0,3.22,0.00,3.50,【活动支出】单品特价:81.60元+【活动支出】替用户承担配送费:3.5元,-,-,-,0.00,温州区域,温州直营,,,否,-,平台配送
圣比萨（瑞安陶山店）,SBS00023,温州,"8087676088159727060	",饿了么,平台外卖,已完成,2025-10-20 18:40:20,2025-10-20 18:40:20,2025-10-20 18:40:20,饿了么支付-在线支付,,即时单,2025-10-20 18:40:20,12.17,自动出餐,1,否,"小食桶B（2.00*1）,点击右上角❤️收藏得小吃[上校鸡块2个]（3.00*1）,【任选3件套】个人披萨意面焗饭套餐随心配[番茄牛肉意面+小可乐]（72.00*1）,川香脆皮翅根-1个[{""name"":""规格"",""value"":""1个""}]（12.00*1）,餐盒（3.00*1）",明星小食桶B+上校鸡块2个+番茄牛肉意面+小可乐+川香脆皮大翅根,,,,非会员,10,,,依据餐量提供餐具,,89.00,30.86,50.00,0.00,0,0,2.89,0.00,3.50,【活动支出】店铺满减:1.00元+【活动支出】单品特价:2.90元+【活动支出】单品特价:32.10元+【活动支出】单品特价:6.00元+【活动支出】饿了么红包:8.00元+【活动支出】替用户承担配送费:3.5元,-,-,-,3.00,温州区域,温州直营,,,否,-,平台配送
圣比萨（瑞安陶山店）,SBS00023,温州,"8067956088167711053	",饿了么,平台外卖,已完成,2025-10-20 18:43:04,2025-10-20 18:43:04,2025-10-20 18:43:04,饿了么支付-在线支付,,即时单,2025-10-20 18:43:04,12.18,自动出餐,1,否,"小食桶B（2.00*1）,【任选3件套】个人披萨意面焗饭套餐随心配[咖喱鸡肉芝士焗饭+港式奶茶]（72.00*1）",明星小食桶B+咖喱鸡肉芝士焗饭+港式奶茶,,,,非会员,11,,,依据餐量提供餐具,,74.00,23.18,41.60,0.00,0,0,2.17,0.00,3.50,【活动支出】单品特价:41.60元+【活动支出】替用户承担配送费:3.5元,-,-,-,0.00,温州区域,温州直营,,,否,-,平台配送
圣比萨（瑞安陶山店）,SBS00023,温州,"8072340254241925600	",饿了么,平台外卖,已完成,2025-10-20 19:56:15,2025-10-20 19:56:15,2025-10-20 19:56:16,饿了么支付-在线支付,,即时单,2025-10-20 19:56:15,10.00,自动出餐,1,否,"缤纷水果披萨-7英寸(手拍)[{""name"":""规格"",""value"":""7英寸(手拍)""}]（42.00*1）",缤纷水果披萨,,,,非会员,12,,,依据餐量提供餐具,,42.00,11.02,23.70,0.00,0,0,1.43,0.00,3.50,【活动支出】单品特价:23.70元+【活动支出】用户代金券:0.00元+【活动支出】替用户承担配送费:3.5元,-,-,-,0.00,温州区域,温州直营,,,否,-,平台配送
圣比萨（瑞安陶山店）,SBS00023,温州,"8084100254241124839	",饿了么,平台外卖,已完成,2025-10-20 19:59:02,2025-10-20 19:59:02,2025-10-20 19:59:02,饿了么支付-在线支付,,即时单,2025-10-20 19:59:02,10.08,自动出餐,1,否,"新奥尔良烤鸡肉披萨-12寸(手拍)[{""name"":""规格"",""value"":""12寸(手拍)""}]（109.00*1）,餐盒（2.00*1）",新奥尔良烤鸡肉披萨,,,,非会员,13,,,我要自取，不要配送/ 依据餐量提供餐具,,109.00,34.75,63.50,0.00,0,0,3.30,0.00,3.50,【活动支出】店铺满减:2.00元+【活动支出】首次光顾立减:1.00元+【活动支出】单品特价:48.50元+【活动支出】饿了么红包:12.00元+【活动支出】替用户承担配送费:3.5元,-,-,-,2.00,温州区域,温州直营,,,否,-,平台配送
圣比萨（瑞安陶山店）,SBS00023,温州,"8081410254441344472	",饿了么,平台外卖,已完成,2025-10-20 20:16:41,2025-10-20 20:16:41,2025-10-20 20:16:41,饿了么支付-在线支付,,即时单,2025-10-20 20:16:41,8.65,手动出餐,1,否,"圣比招牌披萨-7英寸(经典手拍)[{""name"":""规格"",""value"":""7英寸(经典手拍)""}]（45.00*1）",大圣招牌大满贯披萨,,,,非会员,14,,,依据餐量提供餐具,,45.00,15.96,21.70,0.00,0,0,1.49,0.00,3.50,【活动支出】单品特价:21.70元+【活动支出】替用户承担配送费:3.5元,-,-,-,0.00,温州区域,温州直营,,,否,-,平台配送
圣比萨（瑞安陶山店）,SBS00023,温州,"8074836088300812582	",饿了么,平台外卖,已完成,2025-10-20 22:46:50,2025-10-20 22:46:50,2025-10-20 22:46:51,饿了么支付-在线支付,,即时单,2025-10-20 22:46:50,10.18,自动出餐,1,否,"小食桶B（2.00*1）,点击右上角❤️收藏得小吃[薯饼1个]（3.00*1）,【任选3件套】个人披萨意面焗饭套餐随心配[碳烤鸡肉培根披萨7英寸+柠檬茶]（72.00*1）,蛋挞1个（5.00*1）,餐盒（3.00*1）",明星小食桶B+薯饼1个+碳烤鸡肉培根披萨【7英寸(手拍)】+柠檬茶+蛋挞1个,,,,非会员,15,,,依据餐量提供餐具,,82.00,25.40,49.01,0.00,0,0,2.44,0.00,5.60,【活动支出】店铺满减:1.00元+【活动支出】首次光顾立减:1.00元+【活动支出】单品特价:2.90元+【活动支出】单品特价:32.10元+【活动支出】单品特价:4.01元+【活动支出】饿了么红包:8.00元+【活动支出】替用户承担配送费:5.0元,-,-,-,3.00,温州区域,温州直营,,,否,-,平台配送
圣比萨（临安店）,SBM00043,杭州,"8063836087932302751	",饿了么,平台外卖,已完成,2025-10-20 10:05:33,2025-10-20 10:05:33,2025-10-20 10:05:33,饿了么支付-在线支付,,即时单,2025-10-20 10:05:33,5.23,手动出餐,1,否,番茄牛肉意面（25.90*1）,番茄牛肉意面,,,,非会员,1,,,无需餐具,,25.90,11.84,6.00,0.00,0,0,0.96,0.00,5.90,【活动支出】首次光顾立减:1.00元+【活动支出】饿了么红包:5.00元+【活动支出】替用户承担配送费:5.0元,-,-,-,0.00,杭州区域,杭州加盟,,,否,-,平台配送
圣比萨（临安店）,SBM00043,杭州,"8021566087926531469	",饿了么,平台外卖,已完成,2025-10-20 10:09:53,2025-10-20 10:09:53,2025-10-20 10:09:53,饿了么支付-在线支付,,预约单,2025-10-20 10:55:00,0.30,自动出餐,1,否,【随心❤️拼】7英寸双拼披萨（口味自选）[新奥尔良烤鸡肉+日系照烧鸡]（27.90*1）,双拼7寸【奥尔良口味7】+双拼7寸【日系照烧口味7】,,,,非会员,2,,,依据餐量提供餐具；手机尾号：4246；接力送,,27.90,14.04,6.00,0.00,0,0,0.96,0.00,5.10,【活动支出】首次光顾立减:1.00元+【活动支出】饿了么红包:5.00元+【活动支出】替用户承担配送费:5.0元,-,-,-,0.00,杭州区域,杭州加盟,,,否,-,平台配送
圣比萨（临安店）,SBM00043,杭州,"8047470253949524307	",饿了么,平台外卖,已完成,2025-10-20 10:26:17,2025-10-20 10:26:17,2025-10-20 10:26:18,饿了么支付-在线支付,,预约单,2025-10-20 11:55:00,37.38,手动出餐,1,否,【任选】披萨随心配（31.90*1）,新奥尔良烤鸡肉披萨(7英寸(手拍))+地道肠1根+小雪碧,,,,非会员,3,,,依据餐量提供餐具,,31.90,17.12,6.00,0.00,0,0,1.08,0.00,5.10,【活动支出】首次光顾立减:1.00元+【活动支出】饿了么红包:5.00元+【活动支出】替用户承担配送费:5.0元,-,-,-,0.00,杭州区域,杭州加盟,,,否,-,平台配送
圣比萨（临安店）,SBM00043,杭州,"8009706087943882146	",饿了么,平台外卖,已完成,2025-10-20 10:28:30,2025-10-20 10:28:30,2025-10-20 10:28:31,饿了么支付-在线支付,,预约单,2025-10-20 11:40:00,22.35,手动出餐,1,否,【随心❤️拼】7英寸双拼披萨（口味自选）[新奥尔良烤鸡肉+新奥尔良烤鸡肉]（27.90*1）,双拼7寸【奥尔良口味7】+双拼7寸【奥尔良口味7】,,,,非会员,4,,,依据餐量提供餐具,,27.90,13.84,6.00,0.00,0,0,0.96,0.00,5.10,【活动支出】首次光顾立减:1.00元+【活动支出】饿了么红包:5.00元+【活动支出】替用户承担配送费:5.0元,-,-,-,0.00,杭州区域,杭州加盟,,,否,-,平台配送
圣比萨（临安店）,SBM00043,杭州,"8091380254056980810	",饿了么,平台外卖,已完成,2025-10-20 10:32:59,2025-10-20 10:32:59,2025-10-20 10:33:00,饿了么支付-在线支付,,即时单,2025-10-20 10:32:59,9.48,手动出餐,1,否,【任选】一人食盒子披萨随心配（29.90*1）,小可乐+奥尔良风情烤鸡肉一人食盒子披萨+地道肠1根,,,,非会员,5,,,"对商家
不要可乐，随便换个热的或者吃食 / 1份餐具；手机尾号：6548；接力送",,29.90,15.04,7.00,0.00,0,0,0.96,0.00,5.90,【活动支出】下单返红包:2.00元+【活动支出】饿了么红包:5.00元+【活动支出】替用户承担配送费:5.0元,-,-,-,0.00,杭州区域,杭州加盟,,,否,-,平台配送
圣比萨（临安店）,SBM00043,杭州,"8073736087961213275	",饿了么,平台外卖,已完成,2025-10-20 10:33:31,2025-10-20 10:33:31,2025-10-20 10:33:31,饿了么支付-在线支付,,即时单,2025-10-20 10:33:31,12.23,自动出餐,1,否,"点击右上角❤️免费得小吃（限一份，多点不送）[墨鱼丸1个]（0.20*1）,【任选】一人食盒子披萨随心配（29.90*1）,蛋挞一个（3.90*1）",深海墨鱼丸1个+小可乐+奥尔良风情烤鸡肉一人食盒子披萨+地道肠1根+蛋挞1个,,,,非会员,6,,,1份餐具,,34.00,18.66,6.91,0.00,0,0,1.13,0.00,3.90,【活动支出】单品特价:1.91元+【活动支出】饿了么红包:5.00元+【活动支出】替用户承担配送费:3.9元,-,-,-,0.00,杭州区域,杭州加盟,,,否,-,平台配送
圣比萨（临安店）,SBM00043,杭州,"8091546087961975221	",饿了么,平台外卖,已完成,2025-10-20 10:36:24,2025-10-20 10:36:24,2025-10-20 10:36:24,饿了么支付-在线支付,,即时单,2025-10-20 10:36:24,11.58,手动出餐,1,否,"点击右上角❤️免费得小吃（限一份，多点不送）[上校鸡块2个]（0.20*1）,新奥尔良烤鸡肉披萨-7英寸(手拍)[{""name"":""规格"",""value"":""7英寸(手拍)""}]（25.90*1）,酸奶多多流心卷边（7英寸）（4.90*1）,蛋挞一个（3.90*1）",上校鸡块2个+新奥尔良烤鸡肉披萨+酸奶多多流心卷边7+蛋挞1个,,,,非会员,7,,,1份餐具；手机尾号：6853；接力送,,34.90,19.11,6.91,0.00,0,0,1.18,0.00,5.90,【活动支出】单品特价:1.91元+【活动支出】CPS商户叠加券:0.00元+【活动支出】饿了么红包:5.00元+【活动支出】淘金币:0.00元+【活动支出】替用户承担配送费:5.0元,-,-,-,0.00,杭州区域,杭州加盟,,,否,-,平台配送
圣比萨（临安店）,SBM00043,杭州,"8097566087944550781	",饿了么,平台外卖,已完成,2025-10-20 10:41:14,2025-10-20 10:41:14,2025-10-20 10:41:15,饿了么支付-在线支付,,即时单,2025-10-20 10:41:14,10.05,手动出餐,1,否,"【任选】披萨随心配（31.90*1）,点击右上角❤️免费得小吃（限一份，多点不送）[墨鱼丸1个]（0.20*1）",碳烤鸡肉培根披萨(7英寸(手拍))+蛋挞+小雪碧+深海墨鱼丸1个,,,,非会员,8,,,不要打电话，放外卖柜，谢谢 / 依据餐量提供餐具,,32.10,18.47,5.00,0.00,0,0,1.13,0.00,4.50,【活动支出】CPS商户叠加券:0.00元+【活动支出】饿了么红包:5.00元+【活动支出】淘金币:0.00元+【活动支出】替用户承担配送费:4.5元,-,-,-,0.00,杭州区域,杭州加盟,,,否,-,平台配送
圣比萨（临安店）,SBM00043,杭州,"8095646087927267694	",饿了么,平台外卖,已完成,2025-10-20 10:51:31,2025-10-20 10:51:31,2025-10-20 10:51:32,饿了么支付-在线支付,,即时单,2025-10-20 10:51:31,12.20,自动出餐,1,否,【任选】披萨随心配（36.80*1）,碳烤鸡肉培根披萨(7英寸(手拍))+蛋挞+小可乐,,,,非会员,9,,,依据餐量提供餐具；手机尾号：1931；接力送,,36.80,21.39,6.00,0.00,0,0,1.31,0.00,5.10,【活动支出】首次光顾立减:1.00元+【活动支出】饿了么红包:5.00元+【活动支出】替用户承担配送费:5.0元,-,-,-,0.00,杭州区域,杭州加盟,,,否,-,平台配送
圣比萨（临安店）,SBM00043,杭州,"8052440254166947318	",饿了么,平台外卖,已完成,2025-10-20 10:59:50,2025-10-20 10:59:50,2025-10-20 10:59:51,饿了么支付-在线支付,,即时单,2025-10-20 10:59:50,8.52,手动出餐,1,否,"点击右上角❤️免费得小吃（限一份，多点不送）[上校鸡块2个]（0.20*1）,【随心❤️拼】7英寸双拼披萨（口味自选）[新奥尔良烤鸡肉+碳烤鸡肉培根]（27.90*1）",上校鸡块2个+双拼7寸【奥尔良口味7】+双拼7寸【碳烤鸡肉培根口味7】,,,,非会员,10,,,依据餐量提供餐具,,28.10,14.64,6.00,0.00,0,0,0.96,0.00,3.30,【活动支出】首次光顾立减:1.00元+【活动支出】饿了么红包:5.00元+【活动支出】替用户承担配送费:3.3元,-,-,-,0.00,杭州区域,杭州加盟,,,否,-,平台配送
圣比萨（临安店）,SBM00043,杭州,"8053340254170358029	",饿了么,平台外卖,已完成,2025-10-20 11:04:47,2025-10-20 11:04:47,2025-10-20 11:04:48,饿了么支付-在线支付,,即时单,2025-10-20 11:04:47,7.05,手动出餐,1,否,"新奥尔良烤鸡肉披萨-7英寸(手拍)[{""name"":""规格"",""value"":""7英寸(手拍)""}]（25.90*1）",新奥尔良烤鸡肉披萨,,,,非会员,11,,,1份餐具,用户申请退单 冷了不怎么好吃,25.90,11.64,6.00,0.00,0,0,0.96,0.00,5.90,【活动支出】首次光顾立减:1.00元+【活动支出】饿了么红包:5.00元+【活动支出】替用户承担配送费:5.0元,-,-,-,0.00,杭州区域,杭州加盟,,,否,-,平台配送
圣比萨（临安店）,SBM00043,杭州,"8010400254005142013	",饿了么,平台外卖,已完成,2025-10-20 11:23:13,2025-10-20 11:23:13,2025-10-20 11:23:13,饿了么支付-在线支付,,即时单,2025-10-20 11:23:13,8.25,手动出餐,1,否,【任选】一人食盒子披萨随心配（29.90*1）,小可乐+奥尔良风情烤鸡肉一人食盒子披萨+蛋挞,,,,非会员,12,,,依据餐量提供餐具；手机尾号：5778；接力送,,29.90,15.22,6.00,0.00,0,0,0.98,0.00,5.90,【活动支出】首次光顾立减:1.00元+【活动支出】饿了么红包:5.00元+【活动支出】替用户承担配送费:5.0元,-,-,-,0.00,杭州区域,杭州加盟,,,否,-,平台配送
圣比萨（临安店）,SBM00043,杭州,"8001330254116208976	",饿了么,平台外卖,已完成,2025-10-20 11:29:30,2025-10-20 11:29:30,2025-10-20 11:29:30,饿了么支付-在线支付,,即时单,2025-10-20 11:29:30,7.65,手动出餐,1,否,日式烧鸟风味一人食盒子披萨（23.90*1）,日式烧鸟风味一人食盒子披萨,,,,非会员,13,,,依据餐量提供餐具,,23.90,10.44,6.00,0.00,0,0,0.96,0.00,3.30,【活动支出】首次光顾立减:1.00元+【活动支出】CPS商户叠加券:0.00元+【活动支出】饿了么红包:5.00元+【活动支出】替用户承担配送费:3.3元,-,-,-,0.00,杭州区域,杭州加盟,,,否,-,平台配送
圣比萨（临安店）,SBM00043,杭州,"8061290254120561923	",饿了么,平台外卖,已完成,2025-10-20 11:38:07,2025-10-20 11:38:07,2025-10-20 11:38:07,饿了么支付-在线支付,,即时单,2025-10-20 11:38:07,9.12,手动出餐,1,否,"点击右上角❤️免费得小吃（限一份，多点不送）[上校鸡块2个]（0.20*1）,【任选】买一送一7英寸披萨（56.70*1）,蛋挞一个（3.90*1）",上校鸡块2个+榴莲王披萨(7英寸(手拍))+西域肉酱披萨(7英寸(手拍))+蛋挞1个,,,,非会员,14,,,2份餐具,,60.80,38.71,9.91,0.00,0,0,2.28,0.00,3.30,【活动支出】店铺满减:2.00元+【活动支出】首次光顾立减:1.00元+【活动支出】单品特价:1.91元+【活动支出】饿了么红包:5.00元+【活动支出】替用户承担配送费:3.3元,-,-,-,0.00,杭州区域,杭州加盟,,,否,-,平台配送
圣比萨（临安店）,SBM00043,杭州,"8058030254119997839	",饿了么,平台外卖,已完成,2025-10-20 11:40:01,2025-10-20 11:40:01,2025-10-20 11:40:01,饿了么支付-在线支付,,即时单,2025-10-20 11:40:01,10.92,手动出餐,1,否,"点击右上角❤️免费得小吃（限一份，多点不送）[上校鸡块2个]（0.20*1）,大圣鸡排[香辣]（6.90*1）,新奥尔良烤鸡肉披萨-7英寸(手拍)[{""name"":""规格"",""value"":""7英寸(手拍)""}]（25.90*1）,蛋挞一个（3.90*1）",上校鸡块2个+大圣鸡排+新奥尔良烤鸡肉披萨+蛋挞1个,,,,非会员,15,,,"不要葱,不要青豆不要玉米粒不要包菜什么青菜都不要微辣 / 依据餐量提供餐具",,36.90,20.06,7.91,0.00,0,0,1.23,0.00,3.30,【活动支出】首次光顾立减:1.00元+【活动支出】单品特价:1.91元+【活动支出】饿了么红包:5.00元+【活动支出】替用户承担配送费:3.3元,-,-,-,0.00,杭州区域,杭州加盟,,,否,-,平台配送
圣比萨（临安店）,SBM00043,杭州,"8039160254202544514	",饿了么,平台外卖,已完成,2025-10-20 11:40:06,2025-10-20 11:40:06,2025-10-20 11:40:06,饿了么支付-在线支付,,即时单,2025-10-20 11:40:06,11.82,手动出餐,1,否,"【任选】披萨随心配（31.90*1）,点击右上角❤️免费得小吃（限一份，多点不送）[墨鱼丸1个]（0.20*1）,奥尔良烤翅（8.90*1）",新奥尔良烤鸡肉披萨(7英寸(手拍))+上校鸡块+小可乐+深海墨鱼丸1个+奥尔良烤翅,,,,非会员,16,,,1份餐具,,41.00,24.23,7.00,0.00,0,0,1.47,0.00,3.30,【活动支出】店铺满减:1.00元+【活动支出】首次光顾立减:1.00元+【活动支出】饿了么红包:5.00元+【活动支出】替用户承担配送费:3.3元,-,-,-,0.00,杭州区域,杭州加盟,,,否,-,平台配送
圣比萨（临安店）,SBM00043,杭州,"8079080254203722207	",饿了么,平台外卖,已完成,2025-10-20 11:40:41,2025-10-20 11:40:41,2025-10-20 11:40:41,饿了么支付-在线支付,,即时单,2025-10-20 11:40:41,11.97,手动出餐,1,否,"新奥尔良烤鸡肉披萨-7英寸(手拍)[{""name"":""规格"",""value"":""7英寸(手拍)""}]（25.90*1）",新奥尔良烤鸡肉披萨,,,,非会员,17,,,依据餐量提供餐具,,25.90,12.44,6.00,0.00,0,0,0.96,0.00,3.30,【活动支出】首次光顾立减:1.00元+【活动支出】饿了么红包:5.00元+【活动支出】替用户承担配送费:3.3元,-,-,-,0.00,杭州区域,杭州加盟,,,否,-,平台配送
圣比萨（临安店）,SBM00043,杭州,"8098566088032054580	",饿了么,平台外卖,已完成,2025-10-20 11:59:28,2025-10-20 11:59:28,2025-10-20 11:59:28,饿了么支付-在线支付,,即时单,2025-10-20 11:59:28,8.68,手动出餐,1,否,【任选】披萨意面我全都要（64.80*1）,玉米沙拉披萨(7英寸(手拍))+招牌肉酱意面+小可乐+小可乐+蛋挞+经典薯条+上校鸡块,,,,非会员,18,,,依据餐量提供餐具,,64.80,43.64,8.00,0.00,0,0,2.56,0.00,3.90,【活动支出】店铺满减:2.00元+【活动支出】首次光顾立减:1.00元+【活动支出】饿了么红包:5.00元+【活动支出】替用户承担配送费:3.9元,-,-,-,0.00,杭州区域,杭州加盟,,,否,-,平台配送
圣比萨（临安店）,SBM00043,杭州,"8034130254038346238	",饿了么,平台外卖,已完成,2025-10-20 12:09:01,2025-10-20 12:09:01,2025-10-20 12:09:01,饿了么支付-在线支付,,即时单,2025-10-20 12:09:01,7.83,手动出餐,1,否,"蛋挞两个（5.90*1）,【任选】披萨随心配（31.90*1）",蛋挞+新奥尔良烤鸡肉披萨(7英寸(手拍))+地道肠1根+小可乐,,,,非会员,19,,,依据餐量提供餐具,,37.80,21.19,7.00,0.00,0,0,1.31,0.00,5.10,【活动支出】下单返红包:2.00元+【活动支出】饿了么红包:5.00元+【活动支出】替用户承担配送费:5.0元,-,-,-,0.00,杭州区域,杭州加盟,,,否,-,平台配送
圣比萨（临安店）,SBM00043,杭州,"8038506088052400608	",饿了么,平台外卖,已完成,2025-10-20 12:34:54,2025-10-20 12:34:54,2025-10-20 12:34:55,饿了么支付-在线支付,,即时单,2025-10-20 12:34:54,8.08,手动出餐,1,否,【任选】披萨随心配（31.90*1）,新奥尔良烤鸡肉披萨(7英寸(手拍))+蛋挞+小芬达,,,,非会员,20,,,1份餐具,,31.90,17.52,6.00,0.00,0,0,1.08,0.00,3.90,【活动支出】首次光顾立减:1.00元+【活动支出】饿了么红包:5.00元+【活动支出】替用户承担配送费:3.9元,-,-,-,0.00,杭州区域,杭州加盟,,,否,-,平台配送
圣比萨（临安店）,SBM00043,杭州,"8094050254249058677	",饿了么,平台外卖,已完成,2025-10-20 12:37:50,2025-10-20 12:37:50,2025-10-20 12:37:50,饿了么支付-在线支付,,即时单,2025-10-20 12:37:50,5.63,手动出餐,1,否,招牌肉酱意面（25.90*1）,招牌肉酱意面,,,,非会员,21,,,依据餐量提供餐具,,25.90,11.84,6.00,0.00,0,0,0.96,0.00,5.90,【活动支出】首次光顾立减:1.00元+【活动支出】饿了么红包:5.00元+【活动支出】替用户承担配送费:5.0元,-,-,-,0.00,杭州区域,杭州加盟,,,否,-,平台配送
圣比萨（临安店）,SBM00043,杭州,"8062616088060283199	",饿了么,平台外卖,已完成,2025-10-20 12:38:08,2025-10-20 12:38:08,2025-10-20 12:38:08,饿了么支付-在线支付,,即时单,2025-10-20 12:38:08,6.67,手动出餐,1,否,招牌肉酱意面（25.90*1）,招牌肉酱意面,,,,非会员,22,,,依据餐量提供餐具,,25.90,12.44,6.00,0.00,0,0,0.96,0.00,3.30,【活动支出】首次光顾立减:1.00元+【活动支出】超级会员专享红包:5.00元+【活动支出】替用户承担配送费:3.3元,-,-,-,0.00,杭州区域,杭州加盟,,,否,-,平台配送
圣比萨（临安店）,SBM00043,杭州,"8039906088015655392	",饿了么,平台外卖,已完成,2025-10-20 12:42:01,2025-10-20 12:42:01,2025-10-20 12:42:01,饿了么支付-在线支付,,即时单,2025-10-20 12:42:01,8.48,手动出餐,1,否,【任选】披萨随心配（31.90*1）,碳烤鸡肉培根披萨(7英寸(手拍))+深海墨鱼丸(3个)+小可乐,,,,非会员,23,,,1份餐具,,31.90,17.72,6.00,0.00,0,0,1.08,0.00,3.30,【活动支出】首次光顾立减:1.00元+【活动支出】饿了么红包:5.00元+【活动支出】替用户承担配送费:3.3元,-,-,-,0.00,杭州区域,杭州加盟,,,否,-,平台配送
圣比萨（临安店）,SBM00043,杭州,"8083646088075013422	",饿了么,平台外卖,已完成,2025-10-20 12:55:06,2025-10-20 12:55:06,2025-10-20 12:55:06,饿了么支付-在线支付,,即时单,2025-10-20 12:55:06,8.10,手动出餐,1,否,奥尔良风情烤鸡肉一人食盒子披萨（23.90*1）,奥尔良风情烤鸡肉一人食盒子披萨,,,,非会员,24,,,1份餐具,,23.90,10.44,6.00,0.00,0,0,0.96,0.00,3.30,【活动支出】首次光顾立减:1.00元+【活动支出】饿了么红包:5.00元+【活动支出】替用户承担配送费:3.3元,-,-,-,0.00,杭州区域,杭州加盟,,,否,-,平台配送
圣比萨（临安店）,SBM00043,杭州,"8084040254202267110	",饿了么,平台外卖,已完成,2025-10-20 14:29:55,2025-10-20 14:29:55,2025-10-20 14:29:55,饿了么支付-在线支付,,即时单,2025-10-20 14:29:55,10.83,手动出餐,1,否,"【随心❤️拼】7英寸双拼披萨（口味自选）[碳烤鸡肉培根+缤纷水果]（27.90*1）,红薯薯泥流心卷边（7英寸）（4.90*1）",双拼7寸【碳烤鸡肉培根口味7】+双拼7寸【缤纷水果口味7】+红薯泥流心卷边7,,,,非会员,25,,,依据餐量提供餐具,,32.80,18.38,6.00,0.00,0,0,1.12,0.00,3.90,【活动支出】首次光顾立减:1.00元+【活动支出】饿了么红包:5.00元+【活动支出】替用户承担配送费:3.9元,-,-,-,0.00,杭州区域,杭州加盟,,,否,-,平台配送
圣比萨（临安店）,SBM00043,杭州,"8072360254218582525	",饿了么,平台外卖,已退款,2025-10-20 15:05:17,2025-10-20 15:05:17,2025-10-20 15:05:17,饿了么支付-在线支付,,预约单,2025-10-20 16:15:00,,未出餐,1,否,番茄牛肉意面（25.90*1）,番茄牛肉意面,,,,非会员,26,,,依据餐量提供餐具,"餐厅同意取消单 ",25.90,3.84,10.00,4.00,0,0,0.96,0.00,5.10,【活动支出】精准营销:5.00元+【活动支出】饿了么红包:5.00元+【活动支出】淘金币:0.00元+【活动支出】替用户承担配送费:5.0元,-,-,-,0.00,杭州区域,杭州加盟,,,否,-,平台配送
圣比萨（临安店）,SBM00043,杭州,"8064210254217092389	",饿了么,平台外卖,已完成,2025-10-20 15:09:38,2025-10-20 15:09:38,2025-10-20 15:09:38,饿了么支付-在线支付,,预约单,2025-10-20 16:20:00,18.23,手动出餐,1,否,"点击右上角❤️免费得小吃（限一份，多点不送）[上校鸡块2个]（0.20*1）,日系照烧鸡披萨-7英寸(手拍)[{""name"":""规格"",""value"":""7英寸(手拍)""}]（25.90*1）",上校鸡块2个+日系照烧鸡披萨,,,,非会员,27,,,依据餐量提供餐具,,26.10,8.04,10.00,0.00,0,0,0.96,0.00,5.10,【活动支出】精准营销:5.00元+【活动支出】饿了么红包:5.00元+【活动支出】淘金币:0.00元+【活动支出】替用户承担配送费:5.0元,-,-,-,0.00,杭州区域,杭州加盟,,,否,-,平台配送
圣比萨（临安店）,SBM00043,杭州,"8072360254193444126	",饿了么,平台外卖,已完成,2025-10-20 15:10:54,2025-10-20 15:10:54,2025-10-20 15:10:54,饿了么支付-在线支付,,预约单,2025-10-20 16:20:00,14.52,手动出餐,1,否,"点击右上角❤️免费得小吃（限一份，多点不送）[墨鱼丸1个]（0.20*1）,番茄牛肉意面（25.90*1）",深海墨鱼丸1个+番茄牛肉意面,,,,非会员,28,,,依据餐量提供餐具,,26.10,8.04,10.00,0.00,0,0,0.96,0.00,5.10,【活动支出】精准营销:5.00元+【活动支出】饿了么红包:5.00元+【活动支出】淘金币:0.00元+【活动支出】替用户承担配送费:5.0元,-,-,-,0.00,杭州区域,杭州加盟,,,否,-,平台配送
圣比萨（临安店）,SBM00043,杭州,"8058966088067499292	",饿了么,平台外卖,已完成,2025-10-20 15:10:56,2025-10-20 15:10:56,2025-10-20 15:10:56,饿了么支付-在线支付,,即时单,2025-10-20 15:10:56,8.22,手动出餐,1,否,【任选】披萨随心配（35.80*1）,西域肉酱披萨(7英寸(手拍))+地道肠1根+小可乐,,,,非会员,29,,,依据餐量提供餐具；手机尾号：5251；接力送,,35.80,20.24,6.00,0.00,0,0,1.26,0.00,5.90,【活动支出】首次光顾立减:1.00元+【活动支出】饿了么红包:5.00元+【活动支出】替用户承担配送费:5.0元,-,-,-,0.00,杭州区域,杭州加盟,,,否,-,平台配送
圣比萨（临安店）,SBM00043,杭州,"8023536088065649139	",饿了么,平台外卖,已完成,2025-10-20 15:16:27,2025-10-20 15:16:27,2025-10-20 15:16:27,饿了么支付-在线支付,,即时单,2025-10-20 15:16:27,9.45,手动出餐,1,否,"大圣招牌大满贯披萨-7英寸(手拍)[{""name"":""规格"",""value"":""7英寸(手拍)""}]（33.90*1）",大圣招牌大满贯披萨,,,,非会员,30,,,对骑手:到了不用打电话，放外卖柜里就行 / 无需餐具,,33.90,19.62,6.00,0.00,0,0,1.18,0.00,3.30,【活动支出】首次光顾立减:1.00元+【活动支出】饿了么红包:5.00元+【活动支出】替用户承担配送费:3.3元,-,-,-,0.00,杭州区域,杭州加盟,,,否,-,平台配送
圣比萨（临安店）,SBM00043,杭州,"8098796088102648158	",饿了么,平台外卖,已完成,2025-10-20 15:59:06,2025-10-20 15:59:06,2025-10-20 15:59:06,饿了么支付-在线支付,,即时单,2025-10-20 15:59:06,5.02,手动出餐,1,否,"上校鸡块4个（5.90*1）,番茄牛肉意面（25.90*1）",上校鸡块+番茄牛肉意面,,,,非会员,31,,,依据餐量提供餐具；手机尾号：7211；接力送,,31.80,17.03,6.00,0.00,0,0,1.07,0.00,5.10,【活动支出】首次光顾立减:1.00元+【活动支出】饿了么红包:5.00元+【活动支出】替用户承担配送费:5.0元,-,-,-,0.00,杭州区域,杭州加盟,,,否,-,平台配送
圣比萨（临安店）,SBM00043,杭州,"8031240254212979109	",饿了么,平台外卖,已完成,2025-10-20 16:03:57,2025-10-20 16:03:57,2025-10-20 16:03:57,饿了么支付-在线支付,,即时单,2025-10-20 16:03:57,8.37,手动出餐,1,否,"点击右上角❤️免费得小吃（限一份，多点不送）[上校鸡块2个]（0.20*1）,新奥尔良烤鸡肉披萨-7英寸(手拍)[{""name"":""规格"",""value"":""7英寸(手拍)""}]（25.90*1）,蛋挞一个（3.90*1）",上校鸡块2个+新奥尔良烤鸡肉披萨+蛋挞1个,,,,非会员,32,,,依据餐量提供餐具；手机尾号：1116；接力送,,30.00,15.23,6.91,0.00,0,0,0.96,0.00,5.10,【活动支出】单品特价:1.91元+【活动支出】饿了么红包:5.00元+【活动支出】替用户承担配送费:5.0元,-,-,-,0.00,杭州区域,杭州加盟,,,否,-,平台配送
圣比萨（临安店）,SBM00043,杭州,"8031986088118367495	",饿了么,平台外卖,已完成,2025-10-20 16:29:40,2025-10-20 16:29:40,2025-10-20 16:29:40,饿了么支付-在线支付,,即时单,2025-10-20 16:29:40,7.40,手动出餐,1,否,【任选】披萨随心配（31.90*1）,奶酪芝士披萨(7英寸(手拍))+蛋挞+小可乐,,,,非会员,33,,,依据餐量提供餐具；手机尾号：1668；接力送,,31.90,17.32,6.00,0.00,0,0,1.08,0.00,5.10,【活动支出】首次光顾立减:1.00元+【活动支出】饿了么红包:5.00元+【活动支出】替用户承担配送费:5.0元,-,-,-,0.00,杭州区域,杭州加盟,,,否,-,平台配送
圣比萨（临安店）,SBM00043,杭州,"8092526088148535622	",饿了么,平台外卖,已完成,2025-10-20 17:02:13,2025-10-20 17:02:13,2025-10-20 17:02:13,饿了么支付-在线支付,,预约单,2025-10-20 18:05:00,18.02,自动出餐,1,否,"点击右上角❤️免费得小吃（限一份，多点不送）[上校鸡块2个]（0.20*1）,【随心❤️拼】7英寸双拼披萨（口味自选）[新奥尔良烤鸡肉+日系照烧鸡]（27.90*1）,蛋挞一个（3.90*1）",上校鸡块2个+双拼7寸【奥尔良口味7】+双拼7寸【日系照烧口味7】+蛋挞1个,,,,非会员,34,,,依据餐量提供餐具；手机尾号：8331；接力送,,32.00,16.55,6.91,0.00,0,0,1.04,0.00,5.10,【活动支出】单品特价:1.91元+【活动支出】CPS商户叠加券:0.00元+【活动支出】饿了么红包:5.00元+【活动支出】替用户承担配送费:5.0元,-,-,-,0.00,杭州区域,杭州加盟,,,否,-,平台配送
圣比萨（临安店）,SBM00043,杭州,"8017866088147477845	",饿了么,平台外卖,已完成,2025-10-20 17:06:03,2025-10-20 17:06:03,2025-10-20 17:06:04,饿了么支付-在线支付,,即时单,2025-10-20 17:06:03,8.98,手动出餐,1,否,"点击右上角❤️免费得小吃（限一份，多点不送）[上校鸡块2个]（0.20*1）,【随心❤️拼】7英寸双拼披萨（口味自选）[日系照烧鸡+新奥尔良烤鸡肉]（27.90*1）,蛋挞一个（3.90*1）",上校鸡块2个+双拼7寸【日系照烧口味7】+双拼7寸【奥尔良口味7】+蛋挞1个,,,,非会员,35,,,依据餐量提供餐具；手机尾号：8335；接力送,,32.00,15.60,7.91,0.00,0,0,0.99,0.00,5.10,【活动支出】首次光顾立减:1.00元+【活动支出】单品特价:1.91元+【活动支出】饿了么红包:5.00元+【活动支出】替用户承担配送费:5.0元,-,-,-,0.00,杭州区域,杭州加盟,,,否,-,平台配送
圣比萨（临安店）,SBM00043,杭州,"8027340254265377154	",饿了么,平台外卖,已完成,2025-10-20 17:14:31,2025-10-20 17:14:31,2025-10-20 17:14:31,饿了么支付-在线支付,,即时单,2025-10-20 17:14:31,11.15,手动出餐,1,否,"点击右上角❤️免费得小吃（限一份，多点不送）[墨鱼丸1个]（0.20*1）,【随心❤️拼】7英寸双拼披萨（口味自选）[新奥尔良烤鸡肉+缤纷水果]（27.90*1）,奶酪芝士卷边（7英寸）（4.90*1）",深海墨鱼丸1个+双拼7寸【奥尔良口味7】+双拼7寸【缤纷水果口味7】+奶酪芝士卷边7,,,,非会员,36,,,依据餐量提供餐具；手机尾号：0447；接力送,,33.00,17.42,7.00,0.00,0,0,1.08,0.00,5.10,【活动支出】下单返红包:2.00元+【活动支出】饿了么红包:5.00元+【活动支出】替用户承担配送费:5.0元,-,-,-,0.00,杭州区域,杭州加盟,,,否,-,平台配送
圣比萨（临安店）,SBM00043,杭州,"8095606088141638077	",饿了么,平台外卖,已完成,2025-10-20 17:15:23,2025-10-20 17:15:23,2025-10-20 17:15:24,饿了么支付-在线支付,,即时单,2025-10-20 17:15:23,10.83,手动出餐,1,否,【任选】披萨随心配（31.90*1）,新奥尔良烤鸡肉披萨(7英寸(手拍))+蛋挞+小可乐,,,,非会员,37,,,依据餐量提供餐具,,31.90,17.32,6.00,0.00,0,0,1.08,0.00,4.50,【活动支出】首次光顾立减:1.00元+【活动支出】饿了么红包:5.00元+【活动支出】替用户承担配送费:4.5元,-,-,-,0.00,杭州区域,杭州加盟,,,否,-,平台配送
圣比萨（临安店）,SBM00043,杭州,"8084706088134303135	",饿了么,平台外卖,已完成,2025-10-20 17:15:46,2025-10-20 17:15:46,2025-10-20 17:15:47,饿了么支付-在线支付,,即时单,2025-10-20 17:15:46,12.18,自动出餐,1,否,"点击右上角❤️免费得小吃（限一份，多点不送）[上校鸡块2个]（0.20*1）,【任选】披萨随心配（34.80*1）,蛋挞一个（3.90*1）",上校鸡块2个+碳烤鸡肉培根披萨(7英寸(手拍))+经典薯条+小可乐+蛋挞1个,,,,非会员,38,,,依据餐量提供餐具；手机尾号：4467；接力送,,38.90,21.37,7.91,0.00,0,0,1.32,0.00,5.90,【活动支出】首次光顾立减:1.00元+【活动支出】单品特价:1.91元+【活动支出】饿了么红包:5.00元+【活动支出】替用户承担配送费:5.0元,-,-,-,0.00,杭州区域,杭州加盟,,,否,-,平台配送
圣比萨（临安店）,SBM00043,杭州,"8078536088138777961	",饿了么,平台外卖,已完成,2025-10-20 17:25:46,2025-10-20 17:25:46,2025-10-20 17:25:46,饿了么支付-在线支付,,即时单,2025-10-20 17:25:46,10.35,手动出餐,1,否,"新奥尔良烤鸡肉披萨-9英寸(手拍)[{""name"":""规格"",""value"":""9英寸(手拍)""}]（33.90*1）,蛋挞一个（3.90*1）",新奥尔良烤鸡肉披萨+蛋挞1个,,,,非会员,39,,,1份餐具,,37.80,20.91,7.91,0.00,0,0,1.28,0.00,3.30,【活动支出】首次光顾立减:1.00元+【活动支出】单品特价:1.91元+【活动支出】饿了么红包:5.00元+【活动支出】替用户承担配送费:3.3元,-,-,-,0.00,杭州区域,杭州加盟,,,否,-,平台配送
圣比萨（临安店）,SBM00043,杭州,"8056816088172504550	",饿了么,平台外卖,已完成,2025-10-20 17:37:24,2025-10-20 17:37:24,2025-10-20 17:37:24,饿了么支付-在线支付,,即时单,2025-10-20 17:37:24,10.30,手动出餐,1,否,"奥尔良风情烤鸡肉一人食盒子披萨（23.90*1）,点击右上角❤️免费得小吃（限一份，多点不送）[上校鸡块2个]（0.20*1）,蛋挞一个（3.90*1）",奥尔良风情烤鸡肉一人食盒子披萨+上校鸡块2个+蛋挞1个,,,,非会员,40,,,"对骑手, 不要打电话，放门口就行谢谢 / 无需餐具",,28.00,12.63,7.91,0.00,0,0,0.96,0.00,3.30,【活动支出】首次光顾立减:1.00元+【活动支出】单品特价:1.91元+【活动支出】饿了么红包:5.00元+【活动支出】替用户承担配送费:3.3元,-,-,-,0.00,杭州区域,杭州加盟,,,否,-,平台配送
圣比萨（临安店）,SBM00043,杭州,"8011856088149212423	",饿了么,平台外卖,已完成,2025-10-20 17:44:06,2025-10-20 17:44:06,2025-10-20 17:44:06,饿了么支付-在线支付,,即时单,2025-10-20 17:44:06,12.23,自动出餐,1,否,"【任选】买一送一7英寸披萨（57.70*1）,明星小食桶任选3（14.90*1）",榴莲王披萨(7英寸(手拍))+新奥尔良烤鸡肉披萨(7英寸(手拍))+蛋挞+深海墨鱼丸(3个)+上校鸡块,,,,非会员,41,,,依据餐量提供餐具,,72.60,49.67,8.00,0.00,0,0,2.93,0.00,5.10,【活动支出】店铺满减:2.00元+【活动支出】首次光顾立减:1.00元+【活动支出】饿了么红包:5.00元+【活动支出】替用户承担配送费:5.0元,-,-,-,0.00,杭州区域,杭州加盟,,,否,-,平台配送
圣比萨（临安店）,SBM00043,杭州,"8086506088132513089	",饿了么,平台外卖,已完成,2025-10-20 17:44:49,2025-10-20 17:44:49,2025-10-20 17:44:49,饿了么支付-在线支付,,即时单,2025-10-20 17:44:49,12.12,自动出餐,1,否,【任选】披萨随心配（31.90*1）,新奥尔良烤鸡肉披萨(7英寸(手拍))+地道肠1根+小可乐,,,,非会员,42,,,依据餐量提供餐具,,31.90,17.32,6.00,0.00,0,0,1.08,0.00,3.90,【活动支出】首次光顾立减:1.00元+【活动支出】饿了么红包:5.00元+【活动支出】替用户承担配送费:3.9元,-,-,-,0.00,杭州区域,杭州加盟,,,否,-,平台配送
圣比萨（临安店）,SBM00043,杭州,"8023470254177885596	",饿了么,平台外卖,已完成,2025-10-20 17:48:08,2025-10-20 17:48:08,2025-10-20 17:48:08,饿了么支付-在线支付,,即时单,2025-10-20 17:48:08,12.00,自动出餐,1,否,"【随心❤️拼】7英寸双拼披萨（口味自选）[新奥尔良烤鸡肉+新奥尔良烤鸡肉]（27.90*1）,红薯薯泥流心卷边（7英寸）（4.90*1）",双拼7寸【奥尔良口味7】+双拼7寸【奥尔良口味7】+红薯泥流心卷边7,,,,非会员,43,,,依据餐量提供餐具,,32.80,18.57,6.00,0.00,0,0,1.13,0.00,3.30,【活动支出】首次光顾立减:1.00元+【活动支出】饿了么红包:5.00元+【活动支出】替用户承担配送费:3.3元,-,-,-,0.00,杭州区域,杭州加盟,,,否,-,平台配送
圣比萨（临安店）,SBM00043,杭州,"8013696088184698264	",饿了么,平台外卖,已完成,2025-10-20 17:55:39,2025-10-20 17:55:39,2025-10-20 17:55:39,饿了么支付-在线支付,,即时单,2025-10-20 17:55:39,9.55,手动出餐,1,否,"日系照烧鸡披萨-7英寸(手拍)[{""name"":""规格"",""value"":""7英寸(手拍)""}]（25.90*1）",日系照烧鸡披萨,,,,非会员,44,,,依据餐量提供餐具,,25.90,16.57,1.00,0.00,0,0,1.03,0.00,3.90,【活动支出】首次光顾立减:1.00元+【活动支出】替用户承担配送费:3.9元,-,-,-,0.00,杭州区域,杭州加盟,,,否,-,平台配送
圣比萨（临安店）,SBM00043,杭州,"8042150254271676695	",饿了么,平台外卖,已完成,2025-10-20 18:09:18,2025-10-20 18:09:18,2025-10-20 18:09:19,饿了么支付-在线支付,,即时单,2025-10-20 18:09:18,12.07,自动出餐,1,否,【随心❤️拼】7英寸双拼披萨（口味自选）[玉米沙拉+新奥尔良烤鸡肉]（27.90*1）,双拼7寸【玉米沙拉口味7】+双拼7寸【奥尔良口味7】,,,,非会员,45,,,对骑手 / 2份餐具,,27.90,14.44,6.00,0.00,0,0,0.96,0.00,3.30,【活动支出】首次光顾立减:1.00元+【活动支出】饿了么红包:5.00元+【活动支出】替用户承担配送费:3.3元,-,-,-,0.00,杭州区域,杭州加盟,,,否,-,平台配送
圣比萨（临安店）,SBM00043,杭州,"8033360254297964802	",饿了么,平台外卖,已完成,2025-10-20 18:14:37,2025-10-20 18:14:37,2025-10-20 18:14:37,饿了么支付-在线支付,,即时单,2025-10-20 18:14:37,11.27,手动出餐,1,否,"明星小食桶任选3（17.80*1）,【随心❤️拼】7英寸双拼披萨（口味自选）[碳烤鸡肉培根+日系照烧鸡]（27.90*1）",深海墨鱼丸(3个)+经典薯条+上校鸡块+双拼7寸【碳烤鸡肉培根口味7】+双拼7寸【日系照烧口味7】,,,,非会员,46,,,依据餐量提供餐具,,45.70,31.77,2.00,0.00,0,0,1.93,0.00,5.10,【活动支出】店铺满减:1.00元+【活动支出】首次光顾立减:1.00元+【活动支出】替用户承担配送费:5.0元,-,-,-,0.00,杭州区域,杭州加盟,,,否,-,平台配送
圣比萨（临安店）,SBM00043,杭州,"8071330254388203802	",饿了么,平台外卖,已完成,2025-10-20 18:21:40,2025-10-20 18:21:40,2025-10-20 18:21:40,饿了么支付-在线支付,,即时单,2025-10-20 18:21:40,11.60,手动出餐,1,否,【随心❤️拼】7英寸双拼披萨（口味自选）[缤纷水果+浪漫威尼斯]（27.90*1）,双拼7寸【缤纷水果口味7】+双拼7寸【浪漫威尼斯口味7】,,,,非会员,47,,,依据餐量提供餐具,,27.90,14.44,6.00,0.00,0,0,0.96,0.00,3.30,【活动支出】首次光顾立减:1.00元+【活动支出】饿了么红包:5.00元+【活动支出】替用户承担配送费:3.3元,-,-,-,0.00,杭州区域,杭州加盟,,,否,-,平台配送
圣比萨（临安店）,SBM00043,杭州,"8047916088181073157	",饿了么,平台外卖,已完成,2025-10-20 18:24:29,2025-10-20 18:24:29,2025-10-20 18:24:30,饿了么支付-在线支付,,即时单,2025-10-20 18:24:29,10.28,手动出餐,1,否,【任选】披萨随心配（36.80*1）,碳烤鸡肉培根披萨(7英寸(手拍))+地道肠1根+小可乐,,,,非会员,48,,,依据餐量提供餐具,,36.80,21.78,6.00,0.00,0,0,1.32,0.00,3.30,【活动支出】首次光顾立减:1.00元+【活动支出】饿了么红包:5.00元+【活动支出】替用户承担配送费:3.3元,-,-,-,0.00,杭州区域,杭州加盟,,,否,-,平台配送
圣比萨（临安店）,SBM00043,杭州,"8094370254285689267	",饿了么,平台外卖,已完成,2025-10-20 18:26:09,2025-10-20 18:26:09,2025-10-20 18:26:09,饿了么支付-在线支付,,即时单,2025-10-20 18:26:09,10.32,手动出餐,1,否,"点击右上角❤️免费得小吃（限一份，多点不送）[墨鱼丸1个]（0.20*1）,【任选】披萨随心配（31.90*1）",深海墨鱼丸1个+碳烤鸡肉培根披萨(7英寸(手拍))+地道肠1根+小可乐,,,,非会员,49,,,多放一点料谢谢 我会给你好评的嘛 / 依据餐量提供餐具,,32.10,17.72,6.00,0.00,0,0,1.08,0.00,3.90,【活动支出】首次光顾立减:1.00元+【活动支出】饿了么红包:5.00元+【活动支出】替用户承担配送费:3.9元,-,-,-,0.00,杭州区域,杭州加盟,,,否,-,平台配送
圣比萨（临安店）,SBM00043,杭州,"8035200254291718550	",饿了么,平台外卖,已完成,2025-10-20 18:42:45,2025-10-20 18:42:45,2025-10-20 18:42:45,饿了么支付-在线支付,,即时单,2025-10-20 18:42:45,10.17,手动出餐,1,否,"点击右上角❤️免费得小吃（限一份，多点不送）[上校鸡块2个]（0.20*1）,日系照烧鸡披萨-7英寸(手拍)[{""name"":""规格"",""value"":""7英寸(手拍)""}]（25.90*1）,芬达[冷]（5.00*1）",上校鸡块2个+日系照烧鸡披萨+小芬达,,,,非会员,50,,,依据餐量提供餐具,,31.10,16.36,6.00,0.00,0,0,1.04,0.00,5.10,【活动支出】首次光顾立减:1.00元+【活动支出】饿了么红包:5.00元+【活动支出】替用户承担配送费:5.0元,-,-,-,0.00,杭州区域,杭州加盟,,,否,-,平台配送
圣比萨（临安店）,SBM00043,杭州,"8087480254302291296	",饿了么,平台外卖,已完成,2025-10-20 19:00:28,2025-10-20 19:00:28,2025-10-20 19:00:28,饿了么支付-在线支付,,即时单,2025-10-20 19:00:28,10.10,手动出餐,1,否,"点击右上角❤️免费得小吃（限一份，多点不送）[上校鸡块2个]（0.20*1）,热带雨林水果一人食盒子披萨（23.90*1）",上校鸡块2个+热带雨林水果一人食盒子披萨,,,,非会员,51,,,依据餐量提供餐具；手机尾号：8068；接力送,,24.10,10.04,6.00,0.00,0,0,0.96,0.00,5.90,【活动支出】首次光顾立减:1.00元+【活动支出】饿了么红包:5.00元+【活动支出】替用户承担配送费:5.0元,-,-,-,0.00,杭州区域,杭州加盟,,,否,-,平台配送
圣比萨（临安店）,SBM00043,杭州,"8091050254321729879	",饿了么,平台外卖,已完成,2025-10-20 19:33:56,2025-10-20 19:33:56,2025-10-20 19:33:56,饿了么支付-在线支付,,即时单,2025-10-20 19:33:56,8.08,手动出餐,1,否,【任选】披萨随心配（31.90*1）,新奥尔良烤鸡肉披萨(7英寸(手拍))+上校鸡块+小可乐,,,,非会员,52,,,依据餐量提供餐具,,31.90,17.32,6.00,0.00,0,0,1.08,0.00,4.50,【活动支出】首次光顾立减:1.00元+【活动支出】饿了么红包:5.00元+【活动支出】替用户承担配送费:4.5元,-,-,-,0.00,杭州区域,杭州加盟,,,否,-,平台配送
圣比萨（临安店）,SBM00043,杭州,"8084340254236957049	",饿了么,平台外卖,已完成,2025-10-20 19:40:00,2025-10-20 19:40:00,2025-10-20 19:40:01,饿了么支付-在线支付,,即时单,2025-10-20 19:40:00,10.65,手动出餐,1,否,招牌肉酱意面（25.90*1）,招牌肉酱意面,,,,非会员,53,,,依据餐量提供餐具,,25.90,12.44,6.00,0.00,0,0,0.96,0.00,3.30,【活动支出】首次光顾立减:1.00元+【活动支出】饿了么红包:5.00元+【活动支出】替用户承担配送费:3.3元,-,-,-,0.00,杭州区域,杭州加盟,,,否,-,平台配送
圣比萨（临安店）,SBM00043,杭州,"8099100254431753562	",饿了么,平台外卖,已完成,2025-10-20 19:54:13,2025-10-20 19:54:13,2025-10-20 19:54:13,饿了么支付-在线支付,,即时单,2025-10-20 19:54:13,8.73,手动出餐,1,否,"点击右上角❤️免费得小吃（限一份，多点不送）[上校鸡块2个]（0.20*1）,【任选】披萨随心配（31.90*1）",上校鸡块2个+缤纷水果披萨(7英寸(手拍))+深海墨鱼丸(3个)+小雪碧,,,,非会员,54,,,依据餐量提供餐具,,32.10,16.92,6.00,0.00,0,0,1.08,0.00,6.70,【活动支出】首次光顾立减:1.00元+【活动支出】饿了么红包:5.00元+【活动支出】替用户承担配送费:5.0元,-,-,-,0.00,杭州区域,杭州加盟,,,否,-,平台配送
圣比萨（临安店）,SBM00043,杭州,"8053896088260454834	",饿了么,平台外卖,已完成,2025-10-20 21:01:48,2025-10-20 21:01:48,2025-10-20 21:01:48,饿了么支付-在线支付,,即时单,2025-10-20 21:01:48,10.27,手动出餐,1,否,"【随心❤️拼】7英寸双拼披萨（口味自选）[新奥尔良烤鸡肉+缤纷水果]（27.90*1）,红薯薯泥流心卷边（7英寸）（4.90*1）",双拼7寸【奥尔良口味7】+双拼7寸【缤纷水果口味7】+红薯泥流心卷边7,,,,非会员,55,,,依据餐量提供餐具,,32.80,17.88,6.00,0.00,0,0,1.12,0.00,5.30,【活动支出】首次光顾立减:1.00元+【活动支出】饿了么红包:5.00元+【活动支出】饿了么红包:0.00元+【活动支出】替用户承担配送费:5.0元,-,-,-,0.00,杭州区域,杭州加盟,,,否,-,平台配送
圣比萨（临安店）,SBM00043,杭州,"8022716088262228434	",饿了么,平台外卖,已完成,2025-10-20 21:08:08,2025-10-20 21:08:08,2025-10-20 21:08:09,饿了么支付-在线支付,,即时单,2025-10-20 21:08:08,9.15,手动出餐,1,否,"新奥尔良烤鸡肉披萨-7英寸(手拍)[{""name"":""规格"",""value"":""7英寸(手拍)""}]（25.90*1）",新奥尔良烤鸡肉披萨,,,,非会员,56,,,依据餐量提供餐具,,25.90,10.34,6.00,0.00,0,0,0.96,0.00,10.30,【活动支出】首次光顾立减:1.00元+【活动支出】超级会员专享红包:5.00元+【活动支出】饿了么红包:0.00元+【活动支出】替用户承担配送费:5.0元,-,-,-,0.00,杭州区域,杭州加盟,,,否,-,平台配送
圣比萨（临安店）,SBM00043,杭州,"8095180254373252536	",饿了么,平台外卖,已完成,2025-10-20 21:29:57,2025-10-20 21:29:57,2025-10-20 21:29:57,饿了么支付-在线支付,,即时单,2025-10-20 21:29:57,10.13,手动出餐,1,否,"上校鸡块4个（5.90*1）,点击右上角❤️免费得小吃（限一份，多点不送）[墨鱼丸1个]（0.20*1）,日式烧鸟风味一人食盒子披萨（23.90*1）",上校鸡块+深海墨鱼丸1个+日式烧鸟风味一人食盒子披萨,,,,非会员,57,,,1份餐具,,30.00,15.02,6.00,0.00,0,0,0.98,0.00,6.50,【活动支出】首次光顾立减:1.00元+【活动支出】饿了么红包:5.00元+【活动支出】替用户承担配送费:5.0元,-,-,-,0.00,杭州区域,杭州加盟,,,否,-,平台配送
圣比萨（临安店）,SBM00043,杭州,"8099320254383882517	",饿了么,平台外卖,已完成,2025-10-20 22:09:56,2025-10-20 22:09:56,2025-10-20 22:09:57,饿了么支付-在线支付,,即时单,2025-10-20 22:09:56,9.13,手动出餐,1,否,"点击右上角❤️免费得小吃（限一份，多点不送）[上校鸡块2个]（0.20*1）,盐酥鸡粒（8.90*1）,大圣拉丝芝士棒（8.90*1）,榴莲王披萨-7英寸(手拍)[{""name"":""规格"",""value"":""7英寸(手拍)""}]（33.90*1）",上校鸡块2个+盐酥鸡粒+大圣拉丝芝士棒+榴莲王披萨,,,,非会员,58,,,依据餐量提供餐具,,51.90,32.61,7.00,0.00,0,0,1.99,0.00,6.50,【活动支出】店铺满减:1.00元+【活动支出】首次光顾立减:1.00元+【活动支出】饿了么红包:5.00元+【活动支出】饿了么红包:0.00元+【活动支出】替用户承担配送费:5.0元,-,-,-,0.00,杭州区域,杭州加盟,,,否,-,平台配送
圣比萨（临安店）,SBM00043,杭州,"8022616088236607996	",饿了么,平台外卖,已完成,2025-10-20 22:27:02,2025-10-20 22:27:02,2025-10-20 22:27:02,饿了么支付-在线支付,,即时单,2025-10-20 22:27:02,10.20,手动出餐,1,否,"榴莲王披萨-7英寸(手拍)[{""name"":""规格"",""value"":""7英寸(手拍)""}]（33.90*1）,红薯薯泥流心卷边（7英寸）（4.90*1）",榴莲王披萨+红薯泥流心卷边7,,,,非会员,59,,,2份餐具,,38.80,17.64,7.00,0.00,0,0,1.36,0.00,21.40,【活动支出】店铺满减:1.00元+【活动支出】首次光顾立减:1.00元+【活动支出】饿了么红包:5.00元+【活动支出】替用户承担配送费:5.0元,-,-,-,0.00,杭州区域,杭州加盟,,,否,-,平台配送
圣比萨（临安店）,SBM00043,杭州,"8062606088294345151	",饿了么,平台外卖,已完成,2025-10-20 22:29:45,2025-10-20 22:29:45,2025-10-20 22:29:45,饿了么支付-在线支付,,即时单,2025-10-20 22:29:45,11.15,手动出餐,1,否,【随心❤️拼】9英寸双拼披萨（口味自选）[新奥尔良烤鸡肉+碳烤鸡肉培根]（37.90*1）,双拼9寸【奥尔良口味9】+双拼9寸【鸡肉培根口味9】,,,,非会员,60,,,依据餐量提供餐具,,37.90,21.74,6.00,0.00,0,0,1.36,0.00,7.10,【活动支出】首次光顾立减:1.00元+【活动支出】饿了么红包:5.00元+【活动支出】饿了么红包:0.00元+【活动支出】替用户承担配送费:5.0元,-,-,-,0.00,杭州区域,杭州加盟,,,否,-,平台配送
圣比萨（临安店）,SBM00043,杭州,"8001946088245266723	",饿了么,平台外卖,已完成,2025-10-20 22:57:26,2025-10-20 22:57:26,2025-10-20 22:57:26,饿了么支付-在线支付,,即时单,2025-10-20 22:57:26,4.07,手动出餐,1,否,番茄培根意面（25.90*1）,番茄培根意面,,,,非会员,61,,,对骑手不要敲门，放门口就好，送到短信联系 / 依据餐量提供餐具,,25.90,11.14,6.00,0.00,0,0,0.96,0.00,7.90,【活动支出】首次光顾立减:1.00元+【活动支出】饿了么红包:5.00元+【活动支出】饿了么红包:0.00元+【活动支出】替用户承担配送费:5.0元,-,-,-,0.00,杭州区域,杭州加盟,,,否,-,平台配送
圣比萨（临安店）,SBM00043,杭州,"8025626088248752421	",饿了么,平台外卖,已完成,2025-10-20 23:03:18,2025-10-20 23:03:18,2025-10-20 23:03:19,饿了么支付-在线支付,,即时单,2025-10-20 23:03:18,9.22,手动出餐,1,否,"【随心❤️拼】7英寸双拼披萨（口味自选）[缤纷水果+碳烤鸡肉培根]（27.90*1）,奶酪芝士卷边（7英寸）（4.90*1）",双拼7寸【缤纷水果口味7】+双拼7寸【碳烤鸡肉培根口味7】+奶酪芝士卷边7,,,,非会员,62,,,依据餐量提供餐具,,32.80,17.88,6.00,0.00,0,0,1.12,0.00,5.90,【活动支出】首次光顾立减:1.00元+【活动支出】饿了么红包:5.00元+【活动支出】替用户承担配送费:5.0元,-,-,-,0.00,杭州区域,杭州加盟,,,否,-,平台配送
圣比萨（临安店）,SBM00043,杭州,"8041816088275410355	",饿了么,平台外卖,已完成,2025-10-20 23:20:40,2025-10-20 23:20:40,2025-10-20 23:20:40,饿了么支付-在线支付,,即时单,2025-10-20 23:20:40,12.05,自动出餐,1,否,"点击右上角❤️免费得小吃（限一份，多点不送）[上校鸡块2个]（0.20*1）,奶酪芝士卷边（9英寸）（6.90*1）,芝士翻倍（仅圆形披萨）-9英寸[{""name"":""规格"",""value"":""9英寸""}]（9.90*1）,新奥尔良烤鸡肉披萨-9英寸(手拍)[{""name"":""规格"",""value"":""9英寸(手拍)""}]（33.90*1）,大圣招牌大满贯披萨-9英寸(手拍)[{""name"":""规格"",""value"":""9英寸(手拍)""}]（43.90*1）,红薯薯泥流心卷边（9英寸）（6.90*1）",上校鸡块2个+奶酪芝士卷边9+芝士加倍+新奥尔良烤鸡肉披萨+大圣招牌大满贯披萨+红薯泥流心卷边9,,,,非会员,63,,,2份餐具,,101.70,72.87,10.00,0.00,0,0,4.23,0.00,5.90,【活动支出】店铺满减:4.00元+【活动支出】首次光顾立减:1.00元+【活动支出】饿了么红包:5.00元+【活动支出】饿了么红包:0.00元+【活动支出】替用户承担配送费:5.0元,-,-,-,0.00,杭州区域,杭州加盟,,,否,-,平台配送
圣比萨（临安店）,SBM00043,杭州,"8002936088289945011	",饿了么,平台外卖,已完成,2025-10-20 23:45:46,2025-10-20 23:45:46,2025-10-20 23:45:46,饿了么支付-在线支付,,即时单,2025-10-20 23:45:46,8.78,手动出餐,1,否,"奶酪芝士披萨-9英寸(手拍)[{""name"":""规格"",""value"":""9英寸(手拍)""}]（33.90*1）,奶酪芝士卷边（9英寸）（6.90*1）",奶酪芝士披萨+奶酪芝士卷边9,,,,非会员,64,,,依据餐量提供餐具,,40.80,23.35,7.00,0.00,0,0,1.45,0.00,5.30,【活动支出】店铺满减:1.00元+【活动支出】首次光顾立减:1.00元+【活动支出】超会爆红包省钱包:5.00元+【活动支出】替用户承担配送费:5.0元,-,-,-,0.00,杭州区域,杭州加盟,,,否,-,平台配送
圣比萨（义乌佛堂店）,SBM00007,金华,"8012220252520586737	",饿了么,平台外卖,已完成,2025-10-16 21:42:45,2025-10-16 21:42:45,2025-10-16 21:42:45,饿了么支付-在线支付,,预约单,2025-10-20 11:30:00,5102.37,自动出餐,1,否,"【随心双拼】双拼一人食盒子披萨[奥尔良风情+北美乡村土豆培根]（26.90*1）,餐盒（2.00*1）",双拼一人食盒子披萨【奥尔良风情烤鸡肉】+双拼一人食盒子披萨【北美乡村土豆培根】,,,,非会员,1,,,依据餐量提供餐具,,26.90,7.36,12.40,0.00,0,0,1.04,0.00,3.70,【活动支出】单品特价:3.40元+【活动支出】 商家自营销加码:2.00元+【活动支出】粉丝群:2.00元+【活动支出】饿了么红包:5.00元+【活动支出】替用户承担配送费:3.7元,-,-,-,2.00,金华地区,金华加盟,,,否,-,平台配送
圣比萨（义乌佛堂店）,SBM00007,金华,"8092410254071723334	",饿了么,平台外卖,已完成,2025-10-19 22:33:55,2025-10-19 22:33:55,2025-10-19 22:33:55,饿了么支付-在线支付,,预约单,2025-10-20 10:50:00,691.17,自动出餐,1,否,"黑椒铁板牛柳意面（29.50*1）,酥皮蛋挞1个（7.00*1）,餐盒（1.50*1）",黑椒铁板牛柳意面+蛋挞1个,,,,非会员,2,,,依据餐量提供餐具,,36.50,10.96,17.90,0.00,0,0,1.04,0.00,3.70,【活动支出】单品特价:4.00元+【活动支出】单品特价:6.90元+【活动支出】 商家自营销加码:2.00元+【活动支出】饿了么红包:5.00元+【活动支出】替用户承担配送费:3.7元,-,-,-,1.50,金华地区,金华加盟,,,否,-,平台配送
圣比萨（义乌佛堂店）,SBM00007,金华,"8019686087946367395	",饿了么,平台外卖,已完成,2025-10-20 10:03:29,2025-10-20 10:03:29,2025-10-20 10:03:30,饿了么支付-在线支付,,即时单,2025-10-20 10:03:29,9.13,自动出餐,1,否,"【随心三拼】三重奏一人食盒子披萨[日式烧鸟风味+韩式咔滋炸鸡+东大风味香肠]（29.90*1）,餐盒（2.00*1）",三拼一人食拼【日式烧鸟风味】+三拼一人食拼【韩式咔滋炸鸡】+三拼一人食拼【东大风味香肠】,,,,非会员,3,,,依据餐量提供餐具,,29.90,11.36,12.00,0.00,0,0,1.04,0.00,3.70,【活动支出】单品特价:5.00元+【活动支出】超级会员专享红包:5.00元+【活动支出】 商家自营销加码:2.00元+【活动支出】替用户承担配送费:3.7元,-,-,-,2.00,金华地区,金华加盟,,,否,-,平台配送
圣比萨（义乌佛堂店）,SBM00007,金华,"8064340254027313580	",饿了么,平台外卖,已完成,2025-10-20 10:03:39,2025-10-20 10:03:39,2025-10-20 10:03:40,饿了么支付-在线支付,,预约单,2025-10-20 11:10:00,21.50,自动出餐,1,否,"黑椒铁板牛柳意面（29.50*1）,餐盒（1.00*1）",黑椒铁板牛柳意面,,,,非会员,4,,,依据餐量提供餐具,,29.50,8.66,13.60,0.00,0,0,1.04,0.00,3.20,【活动支出】单品特价:4.60元+【活动支出】 商家自营销加码:2.00元+【活动支出】粉丝群:2.00元+【活动支出】饿了么红包:5.00元+【活动支出】替用户承担配送费:3.2元,-,-,-,1.00,金华地区,金华加盟,,,否,-,平台配送
圣比萨（义乌佛堂店）,SBM00007,金华,"8053736087936161212	",饿了么,平台外卖,已完成,2025-10-20 10:20:35,2025-10-20 10:20:35,2025-10-20 10:20:35,饿了么支付-在线支付,,即时单,2025-10-20 10:20:35,9.12,自动出餐,1,否,"榴莲多多一人食盒子披萨（30.90*1）,餐盒（1.00*1）",榴莲多多一人食盒子披萨,,,,非会员,5,,,依据餐量提供餐具,,30.90,8.66,12.00,0.00,0,0,1.04,0.00,5.50,【活动支出】单品特价:5.00元+【活动支出】 商家自营销加码:2.00元+【活动支出】饿了么红包:5.00元+【活动支出】替用户承担配送费:5.0元,-,-,-,1.00,金华地区,金华加盟,,,否,-,平台配送
圣比萨（义乌佛堂店）,SBM00007,金华,"8051180254056459584	",饿了么,平台外卖,已完成,2025-10-20 10:26:34,2025-10-20 10:26:34,2025-10-20 10:26:34,饿了么支付-在线支付,,即时单,2025-10-20 10:26:34,9.18,自动出餐,1,否,"【任选1+1+1】一人食光披萨套餐（28.90*1）,餐盒（2.00*1）",盐酥鸡米花小份+可乐+奥尔良风情烤鸡肉一人食盒子披萨,,,,非会员,6,,,依据餐量提供餐具,,28.90,11.66,11.00,0.00,0,0,1.04,0.00,3.20,【活动支出】单品特价:2.00元+【活动支出】粉丝群:2.00元+【活动支出】饿了么红包:7.00元+【活动支出】替用户承担配送费:3.2元,-,-,-,2.00,金华地区,金华加盟,,,否,-,平台配送
圣比萨（义乌佛堂店）,SBM00007,金华,"8032430254141128051	",饿了么,平台外卖,已完成,2025-10-20 10:35:41,2025-10-20 10:35:41,2025-10-20 10:35:41,饿了么支付-在线支付,,即时单,2025-10-20 10:35:41,9.05,自动出餐,1,否,"美式风味烤翅一对（8.00*1）,酥皮蛋挞1个（7.00*1）,【任选1+2+1】一人食光土豪披萨套餐（30.90*1）,餐盒（2.50*1）",美式风情烤翅+蛋挞1个+黄金脆粗薯条小份+盐酥鸡米花小份+奥尔良风情烤鸡肉一人食盒子披萨+可乐,,,,非会员,7,,,1份餐具,,45.90,20.38,18.00,0.00,0,0,1.52,0.00,3.20,【活动支出】店铺满减:1.00元+【活动支出】单品特价:1.00元+【活动支出】超级会员专享红包:8.00元+【活动支出】 商家自营销加码:0.00元+【活动支出】粉丝群:2.00元+【活动支出】精准营销:6.00元+【活动支出】替用户承担配送费:3.2元,-,-,-,2.50,金华地区,金华加盟,,,否,-,平台配送
圣比萨（义乌佛堂店）,SBM00007,金华,"8089886087942318484	",饿了么,平台外卖,已完成,2025-10-20 10:36:05,2025-10-20 10:36:05,2025-10-20 10:36:05,饿了么支付-在线支付,,即时单,2025-10-20 10:36:05,9.20,自动出餐,1,否,"奥尔良风情烤鸡肉一人食盒子披萨（26.90*1）,酥皮蛋挞1个（7.00*1）,餐盒（1.50*1）",奥尔良风情烤鸡肉一人食盒子披萨+蛋挞1个,,,,非会员,8,,,1份餐具,,33.90,10.06,18.90,0.00,0,0,1.04,0.00,2.70,【活动支出】单品特价:5.00元+【活动支出】单品特价:6.90元+【活动支出】 商家自营销加码:2.00元+【活动支出】饿了么红包:5.00元+【活动支出】替用户承担配送费:2.7元,-,-,-,1.50,金华地区,金华加盟,,,否,-,平台配送
圣比萨（义乌佛堂店）,SBM00007,金华,"8086020253956240857	",饿了么,平台外卖,已完成,2025-10-20 10:37:55,2025-10-20 10:37:55,2025-10-20 10:37:56,饿了么支付-在线支付,,即时单,2025-10-20 10:37:55,9.07,自动出餐,1,否,"【任选1+1+1】一人食光披萨套餐（28.90*1）,餐盒（2.00*1）",深海墨鱼丸3个+小雪碧+日式烧鸟风味一人食盒子披萨,,,,非会员,9,,,依据餐量提供餐具,,28.90,13.36,9.00,0.00,0,0,1.04,0.00,3.70,【活动支出】单品特价:2.00元+【活动支出】饿了么红包:7.00元+【活动支出】替用户承担配送费:3.7元,-,-,-,2.00,金华地区,金华加盟,,,否,-,平台配送
圣比萨（义乌佛堂店）,SBM00007,金华,"8074270253974870309	",饿了么,平台外卖,已完成,2025-10-20 11:03:13,2025-10-20 11:03:13,2025-10-20 11:03:14,饿了么支付-在线支付,,即时单,2025-10-20 11:03:13,10.05,自动出餐,1,否,番茄牛肉意面-单点（19.69*1）,番茄牛肉意面,,,,非会员,10,,,依据餐量提供餐具,,19.69,12.59,0.00,0.00,0,0,0.00,0.00,,【活动支出】拼团反圈活动:0.00元,-,-,-,0.00,金华地区,金华加盟,,,否,-,平台配送
圣比萨（义乌佛堂店）,SBM00007,金华,"8046090254013010283	",饿了么,平台外卖,已完成,2025-10-20 11:31:06,2025-10-20 11:31:06,2025-10-20 11:31:06,饿了么支付-在线支付,,即时单,2025-10-20 11:31:06,10.02,自动出餐,1,否,"奥尔良风情烤鸡肉一人食盒子披萨（26.90*1）,餐盒（1.00*1）",奥尔良风情烤鸡肉一人食盒子披萨,,,,非会员,11,,,依据餐量提供餐具,,26.90,9.96,11.40,0.00,0,0,1.04,0.00,2.20,【活动支出】单品特价:4.40元+【活动支出】饿了么红包:7.00元+【活动支出】替用户承担配送费:2.2元,-,-,-,1.00,金华地区,金华加盟,,,否,-,平台配送
圣比萨（义乌佛堂店）,SBM00007,金华,"8057090254129873388	",饿了么,平台外卖,已完成,2025-10-20 11:41:56,2025-10-20 11:41:56,2025-10-20 11:41:57,饿了么支付-在线支付,,即时单,2025-10-20 11:41:56,10.18,自动出餐,1,否,"奶香芝士条披萨（34.90*1）,意式经典肉酱意面（27.50*1）,餐盒（2.00*1）",金牌芝士披萨【7英寸(手拍)】+意式经典肉酱意面,,,,非会员,12,,,依据餐量提供餐具,,62.40,32.70,19.40,0.00,0,0,2.40,0.00,2.20,【活动支出】店铺满减:2.00元+【活动支出】单品特价:4.40元+【活动支出】单品特价:4.00元+【活动支出】饿了么红包:9.00元+【活动支出】替用户承担配送费:2.2元,-,-,-,2.00,金华地区,金华加盟,,,否,-,平台配送
圣比萨（义乌佛堂店）,SBM00007,金华,"8016350254216289748	",饿了么,平台外卖,已完成,2025-10-20 11:52:59,2025-10-20 11:52:59,2025-10-20 11:52:59,饿了么支付-在线支付,,即时单,2025-10-20 11:52:59,10.13,自动出餐,1,否,"【任选1+1】手握披萨买一送一（39.90*1）,酥皮蛋挞1个（7.00*1）,酥皮蛋挞1个（7.00*1）,餐盒（3.00*1）",奥尔良风情烤鸡肉一人食盒子披萨+北美乡村土豆培根一人食盒子披萨+蛋挞1个+蛋挞1个,,,,非会员,13,,,依据餐量提供餐具,,53.90,19.97,26.30,0.00,0,0,1.53,0.00,3.20,【活动支出】店铺满减:1.00元+【活动支出】单品特价:4.40元+【活动支出】单品特价:6.90元+【活动支出】饿了么红包:8.00元+【活动支出】精准营销:6.00元+【活动支出】替用户承担配送费:3.2元,-,-,-,3.00,金华地区,金华加盟,,,否,-,平台配送
圣比萨（义乌佛堂店）,SBM00007,金华,"8088110254072481181	",饿了么,平台外卖,已完成,2025-10-20 12:54:38,2025-10-20 12:54:38,2025-10-20 12:54:38,饿了么支付-在线支付,,即时单,2025-10-20 12:54:38,10.13,自动出餐,1,否,"【任选1+2+1】一人食光土豪披萨套餐（30.90*1）,酥皮蛋挞1个（7.00*1）,餐盒（2.50*1）",盐酥鸡米花小份+上校鸡块+奥尔良风情烤鸡肉一人食盒子披萨+可乐+蛋挞1个,,,,非会员,14,,,依据餐量提供餐具,,37.90,13.55,16.30,0.00,0,0,1.15,0.00,3.70,【活动支出】单品特价:0.40元+【活动支出】单品特价:6.90元+【活动支出】粉丝群:2.00元+【活动支出】饿了么红包:7.00元+【活动支出】替用户承担配送费:3.7元,-,-,-,2.50,金华地区,金华加盟,,,否,-,平台配送
圣比萨（义乌佛堂店）,SBM00007,金华,"8035230254210470247	",饿了么,平台外卖,已完成,2025-10-20 14:58:58,2025-10-20 14:58:58,2025-10-20 14:58:59,饿了么支付-在线支付,,即时单,2025-10-20 14:58:58,9.10,自动出餐,1,否,"米兰肉酱披萨（41.90*1）,餐盒（1.00*1）",米兰肉酱披萨,,,,非会员,15,,,依据餐量提供餐具,,41.90,21.17,13.40,0.00,0,0,1.53,0.00,2.20,【活动支出】店铺满减:1.00元+【活动支出】单品特价:4.40元+【活动支出】饿了么红包:8.00元+【活动支出】替用户承担配送费:2.2元,-,-,-,1.00,金华地区,金华加盟,,,否,-,平台配送
圣比萨（义乌佛堂店）,SBM00007,金华,"8074776088111218040	",饿了么,平台外卖,已完成,2025-10-20 15:12:15,2025-10-20 15:12:15,2025-10-20 15:12:15,饿了么支付-在线支付,,预约单,2025-10-20 17:10:00,72.83,自动出餐,1,否,"【任选1+1+1】一人食光披萨套餐（28.90*1）,餐盒（2.00*1）",黄金脆粗薯条小份+可乐+奥尔良风情烤鸡肉一人食盒子披萨,,,,非会员,16,,,"不要玉米和豆子
对骑手 放门口 / 依据餐量提供餐具",,28.90,14.56,8.40,0.00,0,0,1.14,0.00,2.20,【活动支出】单品特价:1.40元+【活动支出】 商家自营销加码:2.00元+【活动支出】饿了么红包:5.00元+【活动支出】替用户承担配送费:2.2元,-,-,-,2.00,金华地区,金华加盟,,,否,-,平台配送
圣比萨（义乌佛堂店）,SBM00007,金华,"8005060254124426679	",饿了么,平台外卖,已完成,2025-10-20 15:59:41,2025-10-20 15:59:41,2025-10-20 15:59:42,饿了么支付-在线支付,,即时单,2025-10-20 15:59:41,9.22,自动出餐,1,否,"【任选1+1+1】一人食光披萨套餐（28.90*1）,酥皮蛋挞1个（7.00*1）,餐盒（2.50*1）",黄金脆粗薯+可乐+奥尔良风情烤鸡肉一人食盒子披萨+蛋挞1个,,,,非会员,17,,,依据餐量提供餐具,,35.90,13.90,15.30,0.00,0,0,1.10,0.00,3.70,【活动支出】单品特价:1.40元+【活动支出】单品特价:6.90元+【活动支出】饿了么红包:7.00元+【活动支出】替用户承担配送费:3.7元,-,-,-,2.50,金华地区,金华加盟,,,否,-,平台配送
圣比萨（义乌佛堂店）,SBM00007,金华,"8006390254232592788	",饿了么,平台外卖,已完成,2025-10-20 16:06:19,2025-10-20 16:06:19,2025-10-20 16:06:19,饿了么支付-在线支付,,即时单,2025-10-20 16:06:19,9.22,自动出餐,1,否,"【随心双拼】双拼一人食盒子披萨[奥尔良风情+韩式咔滋炸鸡]（26.90*1）,餐盒（2.00*1）",双拼一人食盒子披萨【奥尔良风情烤鸡肉】+双拼一人食盒子披萨【韩式咔滋炸鸡】,,,,非会员,18,,,依据餐量提供餐具,,26.90,7.66,12.40,0.00,0,0,1.04,0.00,3.20,【活动支出】单品特价:3.40元+【活动支出】 商家自营销加码:2.00元+【活动支出】粉丝群:2.00元+【活动支出】饿了么红包:5.00元+【活动支出】替用户承担配送费:3.2元,-,-,-,2.00,金华地区,金华加盟,,,否,-,平台配送
圣比萨（义乌佛堂店）,SBM00007,金华,"8020506088110364943	",饿了么,平台外卖,已完成,2025-10-20 16:09:22,2025-10-20 16:09:22,2025-10-20 16:09:22,饿了么支付-在线支付,,即时单,2025-10-20 16:09:22,9.22,自动出餐,1,否,"【随心双拼】双拼一人食盒子披萨[浓情芝士+热带雨林水果]（26.90*1）,酥皮蛋挞1个（7.00*1）,餐盒（2.50*1）",双拼一人食盒子披萨【浓情芝士】+双拼一人食盒子披萨【热带雨林水果】+蛋挞1个,,,,非会员,19,,,依据餐量提供餐具,,33.90,12.26,15.30,0.00,0,0,1.04,0.00,3.20,【活动支出】单品特价:3.40元+【活动支出】单品特价:6.90元+【活动支出】饿了么红包:5.00元+【活动支出】替用户承担配送费:3.2元,-,-,-,2.50,金华地区,金华加盟,,,否,-,平台配送
圣比萨（义乌佛堂店）,SBM00007,金华,"8042130254219634036	",饿了么,平台外卖,已完成,2025-10-20 16:21:11,2025-10-20 16:21:11,2025-10-20 16:21:11,饿了么支付-在线支付,,即时单,2025-10-20 16:21:11,9.08,自动出餐,1,否,"招牌大满贯披萨（41.90*1）,餐盒（1.00*1）",招牌大满贯披萨,,,,非会员,20,,,无需餐具,,41.90,18.93,13.40,0.00,0,0,1.47,0.00,3.20,【活动支出】店铺满减:1.00元+【活动支出】单品特价:4.40元+【活动支出】饿了么红包:8.00元+【活动支出】替用户承担配送费:3.2元,-,-,-,1.00,金华地区,金华加盟,,,否,-,平台配送
圣比萨（义乌佛堂店）,SBM00007,金华,"8039506088089812317	",饿了么,平台外卖,已完成,2025-10-20 16:22:04,2025-10-20 16:22:04,2025-10-20 16:22:04,饿了么支付-在线支付,,即时单,2025-10-20 16:22:04,9.20,自动出餐,1,否,"【任选7件套】披萨意面我全都要（54.90*1）,餐盒（2.00*1）",可乐+可乐+奥尔良风情烤鸡肉一人食盒子披萨+日式烧鸟风味一人食盒子披萨+锅巴土豆+盐酥鸡米花小份+美式黑椒鸡块3只,,,,非会员,21,,,依据餐量提供餐具,,54.90,29.64,13.40,0.00,0,0,2.26,0.00,3.20,【活动支出】店铺满减:1.00元+【活动支出】单品特价:4.40元+【活动支出】饿了么红包:8.00元+【活动支出】替用户承担配送费:3.2元,-,-,-,2.00,金华地区,金华加盟,,,否,-,平台配送
圣比萨（义乌佛堂店）,SBM00007,金华,"8036340254232276242	",饿了么,平台外卖,已完成,2025-10-20 16:57:11,2025-10-20 16:57:11,2025-10-20 16:57:11,饿了么支付-在线支付,,预约单,2025-10-20 22:05:00,262.97,自动出餐,1,否,"米兰肉酱披萨（41.90*1）,餐盒（1.00*1）",米兰肉酱披萨,,,,非会员,22,,,2份餐具,,41.90,24.40,5.40,0.00,0,0,1.90,0.00,5.70,【活动支出】店铺满减:1.00元+【活动支出】单品特价:4.40元+【活动支出】替用户承担配送费:5.0元,-,-,-,1.00,金华地区,金华加盟,,,否,-,平台配送
圣比萨（义乌佛堂店）,SBM00007,金华,"8085340254156832137	",饿了么,平台外卖,已退款,2025-10-20 17:17:30,2025-10-20 17:17:30,2025-10-20 17:17:30,饿了么支付-在线支付,,即时单,2025-10-20 17:17:30,,未出餐,1,否,"【任选7件套】披萨意面我全都要（54.90*1）,意式经典肉酱意面（27.50*1）,餐盒（3.00*1）",小雪碧+可乐+意式经典肉酱意面+番茄阳光牛肉意面+黄金脆粗薯条小份+锅巴土豆+盐酥鸡米花小份+意式经典肉酱意面,,,,非会员,23,,,依据餐量提供餐具,订单强制无效（商家主动取消已接订单、用户1分钟内取消),82.40,-9.28,23.40,53.00,0,0,3.28,0.00,4.90,【活动支出】店铺满减:3.00元+【活动支出】单品特价:4.40元+【活动支出】单品特价:4.00元+【活动支出】饿了么红包:12.00元+【活动支出】替用户承担配送费:4.9元,-,-,-,3.00,金华地区,金华加盟,,,否,-,平台配送
圣比萨（义乌佛堂店）,SBM00007,金华,"8013150254262919636	",饿了么,平台外卖,已完成,2025-10-20 17:45:30,2025-10-20 17:45:30,2025-10-20 17:45:30,饿了么支付-在线支付,,即时单,2025-10-20 17:45:30,10.00,自动出餐,1,否,"意式经典肉酱意面（27.50*1）,餐盒（1.00*1）",意式经典肉酱意面,,,,非会员,24,,,2份餐具,,27.50,8.66,11.00,0.00,0,0,1.04,0.00,3.20,【活动支出】单品特价:4.00元+【活动支出】饿了么红包:7.00元+【活动支出】替用户承担配送费:3.2元,-,-,-,1.00,金华地区,金华加盟,,,否,-,平台配送
圣比萨（义乌佛堂店）,SBM00007,金华,"8003986088180655494	",饿了么,平台外卖,已完成,2025-10-20 18:03:14,2025-10-20 18:03:14,2025-10-20 18:03:14,饿了么支付-在线支付,,即时单,2025-10-20 18:03:14,10.07,自动出餐,1,否,"酥皮蛋挞1个（7.00*1）,浓情芝士一人食盒子披萨（24.90*1）,餐盒（2.50*1）",蛋挞1个+浓情芝士一人食盒子披萨,,,,非会员,25,,,2份餐具,,31.90,12.46,15.40,0.00,0,0,1.04,0.00,2.20,【活动支出】单品特价:2.40元+【活动支出】精准营销:6.00元+【活动支出】粉丝群:2.00元+【活动支出】饿了么红包:5.00元+【活动支出】替用户承担配送费:2.2元,-,-,-,2.50,金华地区,金华加盟,,,否,-,平台配送
圣比萨（义乌佛堂店）,SBM00007,金华,"8030566088228955524	",饿了么,平台外卖,已完成,2025-10-20 19:31:06,2025-10-20 19:31:06,2025-10-20 19:31:06,饿了么支付-在线支付,,即时单,2025-10-20 19:31:06,9.10,自动出餐,1,否,"美式风味烤翅一对（8.00*1）,黄金脆粗薯条（8.00*1）,【任选1+1】手握披萨AND意面（39.90*1）,酥皮蛋挞1个（7.00*1）,餐盒（2.50*1）",美式风情烤翅+黄金脆粗薯+意式经典肉酱意面+韩式咔滋炸鸡一人食盒子披萨+蛋挞1个,,,,非会员,26,,,依据餐量提供餐具,,62.90,28.88,22.30,0.00,0,0,2.22,0.00,4.30,【活动支出】店铺满减:1.00元+【活动支出】单品特价:4.40元+【活动支出】单品特价:6.90元+【活动支出】粉丝群:2.00元+【活动支出】饿了么红包:8.00元+【活动支出】替用户承担配送费:4.3元,-,-,-,2.50,金华地区,金华加盟,,,否,-,平台配送
圣比萨（义乌佛堂店）,SBM00007,金华,"8087986088245603679	",饿了么,平台外卖,已完成,2025-10-20 19:37:39,2025-10-20 19:37:39,2025-10-20 19:37:40,饿了么支付-在线支付,,即时单,2025-10-20 19:37:39,9.05,自动出餐,1,否,"点击右上角❤️收藏得小吃[锅巴土豆4颗]（7.00*1）,【随心双拼】双拼一人食盒子披萨[奥尔良风情+浓情芝士]（26.90*1）,酥皮蛋挞1个（7.00*1）,餐盒（3.00*1）",锅巴土豆4颗+双拼一人食盒子披萨【奥尔良风情烤鸡肉】+双拼一人食盒子披萨【浓情芝士】+蛋挞1个,,,,非会员,27,,,依据餐量提供餐具,,40.90,13.16,24.20,0.00,0,0,1.04,0.00,2.20,【活动支出】单品特价:6.90元+【活动支出】单品特价:3.40元+【活动支出】单品特价:6.90元+【活动支出】 商家自营销加码:2.00元+【活动支出】饿了么红包:5.00元+【活动支出】替用户承担配送费:2.2元,-,-,-,3.00,金华地区,金华加盟,,,否,-,平台配送
圣比萨（义乌佛堂店）,SBM00007,金华,"8098866088251311598	",饿了么,平台外卖,已完成,2025-10-20 19:49:39,2025-10-20 19:49:39,2025-10-20 19:49:39,饿了么支付-在线支付,,即时单,2025-10-20 19:49:39,9.12,自动出餐,1,否,"酥皮蛋挞1个（7.00*1）,【任选1+1+1】一人食光披萨套餐（28.90*1）,餐盒（2.50*1）",蛋挞1个+黄金脆粗薯条小份+可乐+奥尔良风情烤鸡肉一人食盒子披萨,,,,非会员,28,,,昨天忘记给我发两个蛋挞，多加一包番茄酱，谢谢>3&lt; / 1份餐具,,35.90,13.83,14.30,0.00,0,0,1.17,0.00,3.20,【活动支出】单品特价:6.90元+【活动支出】单品特价:1.40元+【活动支出】饿了么红包:6.00元+【活动支出】替用户承担配送费:3.2元,-,-,-,2.50,金华地区,金华加盟,,,否,-,平台配送
圣比萨（义乌佛堂店）,SBM00007,金华,"8052736088192487836	",饿了么,平台外卖,已完成,2025-10-20 19:53:08,2025-10-20 19:53:08,2025-10-20 19:53:08,饿了么支付-在线支付,,即时单,2025-10-20 19:53:08,9.20,自动出餐,1,否,"【任选1+2+1】一人食光土豪披萨套餐（30.90*1）,餐盒（2.00*1）",黄金脆粗薯条小份+锅巴土豆+奥尔良风情烤鸡肉一人食盒子披萨+小雪碧,,,,非会员,29,,,1份餐具,,30.90,17.40,7.40,0.00,0,0,1.30,0.00,2.20,【活动支出】单品特价:0.40元+【活动支出】 商家自营销加码:2.00元+【活动支出】饿了么红包:5.00元+【活动支出】替用户承担配送费:2.2元,-,-,-,2.00,金华地区,金华加盟,,,否,-,平台配送
圣比萨（义乌佛堂店）,SBM00007,金华,"8072796088256355710	",饿了么,平台外卖,已完成,2025-10-20 19:55:55,2025-10-20 19:55:55,2025-10-20 19:55:55,饿了么支付-在线支付,,即时单,2025-10-20 19:55:55,9.05,自动出餐,1,否,"奥尔良风情烤鸡肉一人食盒子披萨（26.90*1）,餐盒（1.00*1）",奥尔良风情烤鸡肉一人食盒子披萨,,,,非会员,30,,,1份餐具,,26.90,7.36,11.40,0.00,0,0,1.04,0.00,3.70,【活动支出】单品特价:4.40元+【活动支出】 商家自营销加码:2.00元+【活动支出】饿了么红包:5.00元+【活动支出】替用户承担配送费:3.7元,-,-,-,1.00,金华地区,金华加盟,,,否,-,平台配送
圣比萨（义乌佛堂店）,SBM00007,金华,"8003866088195326217	",饿了么,平台外卖,已完成,2025-10-20 19:59:01,2025-10-20 19:59:01,2025-10-20 19:59:01,饿了么支付-在线支付,,即时单,2025-10-20 19:59:01,9.18,自动出餐,1,否,"GO真果榴莲王披萨（44.90*1）,酥皮蛋挞1个（7.00*1）,酥皮蛋挞1个（7.00*1）,餐盒（2.00*1）",GO真果榴莲王披萨+蛋挞1个+蛋挞1个,,,,非会员,31,,,依据餐量提供餐具,,58.90,25.63,25.30,0.00,0,0,1.87,0.00,2.20,【活动支出】店铺满减:1.00元+【活动支出】单品特价:4.40元+【活动支出】单品特价:6.90元+【活动支出】饿了么红包:7.00元+【活动支出】精准营销:6.00元+【活动支出】替用户承担配送费:2.2元,-,-,-,2.00,金华地区,金华加盟,,,否,-,平台配送
圣比萨（义乌佛堂店）,SBM00007,金华,"8069110254244075795	",饿了么,平台外卖,已完成,2025-10-20 20:03:01,2025-10-20 20:03:01,2025-10-20 20:03:02,饿了么支付-在线支付,,即时单,2025-10-20 20:03:01,9.17,自动出餐,1,否,"美式风味烤翅一对（8.00*1）,【任选1+1+1】一人食光披萨套餐（28.90*1）,【任选1+1+1】一人食光披萨套餐（33.90*1）,酥皮蛋挞1个（7.00*1）,餐盒（4.50*1）",美式风情烤翅+深海墨鱼丸3个+可乐+奥尔良风情烤鸡肉一人食盒子披萨+盐酥鸡米花小份+可乐+榴莲多多一人食盒子披萨+蛋挞1个,,,,非会员,32,,,依据餐量提供餐具,,77.80,49.75,16.70,0.00,0,0,3.55,0.00,2.20,【活动支出】店铺满减:2.00元+【活动支出】单品特价:2.80元+【活动支出】单品特价:6.90元+【活动支出】饿了么红包:5.00元+【活动支出】替用户承担配送费:2.2元,-,-,-,4.50,金华地区,金华加盟,,,否,-,平台配送
圣比萨（义乌佛堂店）,SBM00007,金华,"8031440254339586492	",饿了么,平台外卖,已完成,2025-10-20 20:30:57,2025-10-20 20:30:57,2025-10-20 20:30:57,饿了么支付-在线支付,,即时单,2025-10-20 20:30:57,9.18,自动出餐,1,否,"【随心双拼】双拼一人食盒子披萨[热带雨林水果+奥尔良风情]（26.90*1）,餐盒（2.00*1）",双拼一人食盒子披萨【热带雨林水果】+双拼一人食盒子披萨【奥尔良风情烤鸡肉】,,,,非会员,33,,,依据餐量提供餐具,,26.90,11.96,10.40,0.00,0,0,1.04,0.00,2.20,【活动支出】单品特价:3.40元+【活动支出】 商家自营销加码:2.00元+【活动支出】饿了么红包:5.00元+【活动支出】替用户承担配送费:2.2元,-,-,-,2.00,金华地区,金华加盟,,,否,-,平台配送
圣比萨（义乌佛堂店）,SBM00007,金华,"8066400254266563901	",饿了么,平台外卖,已完成,2025-10-20 21:04:11,2025-10-20 21:04:11,2025-10-20 21:04:11,饿了么支付-在线支付,,即时单,2025-10-20 21:04:11,9.18,自动出餐,1,否,"点击右上角❤️收藏得小吃[墨鱼丸1个]（7.00*1）,GO鸡翅1只（8.00*1）,酥皮蛋挞1个（7.00*1）,水果嘉年华披萨（34.90*1）,黄金脆粗薯条小份（8.00*1）,酥皮蛋挞1个（7.00*1）,浓情芝士一人食盒子披萨（24.90*1）,餐盒（4.50*1）",深海墨鱼丸1个+GO鸡翅+蛋挞1个+水果嘉年华披萨+黄金脆粗薯条小份+蛋挞1个+浓情芝士一人食盒子披萨,,,,非会员,34,,,4份餐具,,96.80,40.60,40.60,0.00,0,0,3.20,0.00,7.50,【活动支出】单品特价:6.90元+【活动支出】店铺满减:2.00元+【活动支出】单品特价:4.40元+【活动支出】单品特价:6.90元+【活动支出】单品特价:2.40元+【活动支出】饿了么红包:12.00元+【活动支出】精准营销:6.00元+【活动支出】替用户承担配送费:5.0元,-,-,-,4.50,金华地区,金华加盟,,,否,-,平台配送
圣比萨（义乌佛堂店）,SBM00007,金华,"8042656088290337160	",饿了么,平台外卖,已完成,2025-10-20 21:56:53,2025-10-20 21:56:53,2025-10-20 21:56:53,饿了么支付-在线支付,,即时单,2025-10-20 21:56:53,9.02,自动出餐,1,否,"【任选1+1+1】一人食光披萨套餐（28.90*1）,餐盒（2.00*1）",盐酥鸡米花小份+可乐+奥尔良风情烤鸡肉一人食盒子披萨,,,,非会员,35,,,依据餐量提供餐具,,28.90,14.14,8.40,0.00,0,0,1.06,0.00,4.70,【活动支出】单品特价:1.40元+【活动支出】饿了么红包:7.00元+【活动支出】替用户承担配送费:4.7元,-,-,-,2.00,金华地区,金华加盟,,,否,-,平台配送
圣比萨（义乌佛堂店）,SBM00007,金华,"8014030254466119975	",饿了么,平台外卖,已完成,2025-10-20 22:01:00,2025-10-20 22:01:00,2025-10-20 22:01:00,饿了么支付-在线支付,,即时单,2025-10-20 22:01:00,9.18,自动出餐,1,否,"烟熏培根鸡肉披萨（34.90*1）,餐盒（1.00*1）",烟熏培根鸡肉披萨,,,,非会员,36,,,依据餐量提供餐具,,34.90,14.72,11.40,0.00,0,0,1.18,0.00,4.20,【活动支出】单品特价:4.40元+【活动支出】 商家自营销加码:2.00元+【活动支出】饿了么红包:5.00元+【活动支出】替用户承担配送费:4.2元,-,-,-,1.00,金华地区,金华加盟,,,否,-,平台配送
圣比萨（义乌佛堂店）,SBM00007,金华,"8091090254392224028	",饿了么,平台外卖,已完成,2025-10-20 22:39:42,2025-10-20 22:39:42,2025-10-20 22:39:43,饿了么支付-在线支付,,即时单,2025-10-20 22:39:42,9.02,自动出餐,1,否,"奥尔良风情烤鸡肉一人食盒子披萨（26.90*1）,酥皮蛋挞1个（7.00*1）,酥皮蛋挞1个（7.00*1）,餐盒（2.00*1）",奥尔良风情烤鸡肉一人食盒子披萨+蛋挞1个+蛋挞1个,,,,非会员,37,,,无需餐具,,40.90,12.26,22.30,0.00,0,0,1.04,0.00,4.20,【活动支出】单品特价:4.40元+【活动支出】单品特价:6.90元+【活动支出】饿了么红包:5.00元+【活动支出】精准营销:6.00元+【活动支出】替用户承担配送费:4.2元,-,-,-,2.00,金华地区,金华加盟,,,否,-,平台配送
圣比萨（苍南马站店）,SBS00020,温州,"8066526087933267209	",饿了么,平台外卖,已完成,2025-10-20 10:54:47,2025-10-20 10:54:47,2025-10-20 10:54:47,饿了么支付-在线支付,,即时单,2025-10-20 10:54:47,11.57,手动出餐,1,否,"蛋挞1个（5.00*1）,圣比招牌披萨-9英寸(经典手拍)[{""name"":""规格"",""value"":""9英寸(经典手拍)""}]（78.00*1）,餐盒（3.00*1）",蛋挞1个+大圣招牌大满贯披萨,,,,非会员,1,,,依据餐量提供餐具,,83.00,28.71,45.11,0.00,0,0,3.93,0.00,3.50,【活动支出】店铺满减:1.00元+【活动支出】单品特价:4.01元+【活动支出】单品特价:32.10元+【活动支出】饿了么红包:8.00元+【活动支出】替用户承担配送费:3.5元,-,-,-,3.00,温州区域,温州直营,,,否,-,平台配送
圣比萨（苍南马站店）,SBS00020,温州,"8029506087976519038	",饿了么,平台外卖,已完成,2025-10-20 11:11:55,2025-10-20 11:11:55,2025-10-20 11:11:56,饿了么支付-在线支付,,即时单,2025-10-20 11:11:55,8.12,手动出餐,1,否,新奥尔良烤鸡肉披萨7寸-单点（22.00*1）,新奥尔良烤鸡肉披萨【7英寸(手拍)】,,,,非会员,2,,,依据餐量提供餐具,,22.00,12.00,0.00,0.00,0,0,0.00,0.00,,【活动支出】拼团反圈活动:0.00元,-,-,-,0.00,温州区域,温州直营,,,否,-,平台配送
圣比萨（苍南马站店）,SBS00020,温州,"8004976087973983494	",饿了么,平台外卖,已完成,2025-10-20 11:18:44,2025-10-20 11:18:44,2025-10-20 11:18:45,饿了么支付-在线支付,,即时单,2025-10-20 11:18:44,8.72,手动出餐,1,否,新奥尔良烤鸡肉披萨7寸-拼团（20.60*1）,新奥尔良烤鸡肉披萨【7英寸(手拍)】,,,,非会员,3,,,2份餐具,,20.60,12.00,0.00,0.00,0,0,0.00,0.00,,【活动支出】拼团反圈活动:0.00元,-,-,-,0.00,温州区域,温州直营,,,否,-,平台配送
圣比萨（苍南马站店）,SBS00020,温州,"8024000254073164081	",饿了么,平台外卖,已退款,2025-10-20 13:16:44,2025-10-20 13:16:44,2025-10-20 13:16:44,饿了么支付-在线支付,,即时单,2025-10-20 13:16:44,,未出餐,1,否,新奥尔良烤鸡肉披萨7寸-单点（22.00*1）,新奥尔良烤鸡肉披萨【7英寸(手拍)】,,,,非会员,4,,,依据餐量提供餐具,订单强制无效（商家主动取消已接订单、用户1分钟内取消),22.00,-0.50,0.00,12.50,0,0,0.00,0.00,,【活动支出】拼团反圈活动:0.00元,-,-,-,0.00,温州区域,温州直营,,,否,-,平台配送
圣比萨（苍南马站店）,SBS00020,温州,"8029696088085368241	",饿了么,平台外卖,已完成,2025-10-20 13:30:33,2025-10-20 13:30:33,2025-10-20 13:30:34,饿了么支付-在线支付,,即时单,2025-10-20 13:30:33,10.60,手动出餐,1,否,招牌肉酱芝士焗饭（52.00*1）,招牌肉酱芝士焗饭,,,,非会员,5,,,依据餐量提供餐具,,52.00,11.88,32.60,0.00,0,0,1.67,0.00,3.50,【活动支出】单品特价:32.60元+【活动支出】用户代金券:0.00元+【活动支出】替用户承担配送费:3.5元,-,-,-,0.00,温州区域,温州直营,,,否,-,平台配送
圣比萨（苍南马站店）,SBS00020,温州,"8014776088119871810	",饿了么,平台外卖,已完成,2025-10-20 17:23:01,2025-10-20 17:23:01,2025-10-20 17:23:01,饿了么支付-在线支付,,即时单,2025-10-20 17:23:01,15.02,自动出餐,1,否,"【随心❤️拼】7英寸双拼披萨（口味自选）[新奥尔良烤鸡肉+日系照烧鸡]（26.90*1）,蛋挞1个（5.00*1）,餐盒（1.00*1）",双拼7寸【奥尔良口味7】+双拼7寸【日系照烧口味7】+蛋挞1个,,,,非会员,6,,,依据餐量提供餐具,,31.90,13.13,12.10,0.00,0,0,1.82,0.00,3.50,【活动支出】粉丝群:1.00元+【活动支出】饿了么红包:7.00元+【活动支出】精准营销:4.10元+【活动支出】替用户承担配送费:3.5元,-,-,-,1.00,温州区域,温州直营,,,否,-,平台配送
圣比萨（苍南马站店）,SBS00020,温州,"8074410254272538881	",饿了么,平台外卖,已完成,2025-10-20 17:35:07,2025-10-20 17:35:07,2025-10-20 17:35:07,饿了么支付-在线支付,,即时单,2025-10-20 17:35:07,13.25,手动出餐,1,否,"【随心❤️拼】7英寸双拼披萨（口味自选）[新奥尔良烤鸡肉+缤纷水果]（26.90*1）,薯饼3个（12.00*1）",双拼7寸【奥尔良口味7】+双拼7寸【缤纷水果口味7】+薯饼,,,,非会员,7,,,1份餐具,,38.90,14.12,17.00,0.00,0,0,1.93,0.00,3.50,【活动支出】单品特价:9.00元+【活动支出】 商家自营销加码:2.00元+【活动支出】粉丝群:1.00元+【活动支出】饿了么红包:5.00元+【活动支出】替用户承担配送费:3.5元,-,-,-,0.00,温州区域,温州直营,,,否,-,平台配送
圣比萨（苍南马站店）,SBS00020,温州,"8039360254287232504	",饿了么,平台外卖,已完成,2025-10-20 18:01:24,2025-10-20 18:01:24,2025-10-20 18:01:24,饿了么支付-在线支付,,即时单,2025-10-20 18:01:24,13.50,手动出餐,1,否,"小食桶A（0.00*1）,蛋挞1个（5.00*1）,【任选3件套】个人披萨意面焗饭套餐随心配[碳烤鸡肉培根披萨7英寸+小可乐]（72.00*1）,餐盒（3.00*1）",明星小食桶A+蛋挞1个+碳烤鸡肉培根披萨【7英寸(手拍)】+小可乐,,,,非会员,8,,,依据餐量提供餐具,,77.00,23.94,45.11,0.00,0,0,3.30,0.00,3.50,【活动支出】店铺满减:1.00元+【活动支出】单品特价:4.01元+【活动支出】单品特价:32.10元+【活动支出】饿了么红包:8.00元+【活动支出】替用户承担配送费:3.5元,-,-,-,3.00,温州区域,温州直营,,,否,-,平台配送
圣比萨（苍南马站店）,SBS00020,温州,"8050480254448236834	",饿了么,平台外卖,已完成,2025-10-20 20:42:23,2025-10-20 20:42:23,2025-10-20 20:42:23,饿了么支付-在线支付,,即时单,2025-10-20 20:42:23,13.98,手动出餐,1,否,【随心❤️拼】7英寸双拼披萨（口味自选）[玉米沙拉+新奥尔良烤鸡肉]（26.90*1）,双拼7寸【玉米沙拉口味7】+双拼7寸【奥尔良口味7】,,,,非会员,9,,,依据餐量提供餐具,,26.90,12.33,7.00,0.00,0,0,1.72,0.00,3.50,【活动支出】 商家自营销加码:2.00元+【活动支出】饿了么红包:5.00元+【活动支出】替用户承担配送费:3.5元,-,-,-,0.00,温州区域,温州直营,,,否,-,平台配送
圣比萨（苍南马站店）,SBS00020,温州,"8074506088263533862	",饿了么,平台外卖,已完成,2025-10-20 21:05:56,2025-10-20 21:05:56,2025-10-20 21:05:56,饿了么支付-在线支付,,即时单,2025-10-20 21:05:56,9.55,手动出餐,1,否,【随心❤️拼】7英寸双拼披萨（口味自选）[花果山+花果山]（26.90*1）,双拼7寸【花果山口味7】+双拼7寸【花果山口味7】,,,,非会员,10,,,依据餐量提供餐具,,26.90,11.83,7.00,0.00,0,0,1.72,0.00,5.60,【活动支出】饿了么红包:7.00元+【活动支出】替用户承担配送费:5.0元,-,-,-,0.00,温州区域,温州直营,,,否,-,平台配送
圣比萨（苍南马站店）,SBS00020,温州,"8081986088273415522	",饿了么,平台外卖,已完成,2025-10-20 22:06:31,2025-10-20 22:06:31,2025-10-20 22:06:31,饿了么支付-在线支付,,即时单,2025-10-20 22:06:31,15.17,自动出餐,1,否,"经典薯条（18.00*1）,薯饼3个（12.00*1）,奶香芝士条（45.00*1）,咕咕鸡薄脆披萨-单层[{""name"":""规格"",""value"":""单层""}]（88.00*1）,地道肠（7.50*2）,餐盒（8.00*1）",经典薯条+薯饼+金牌芝士披萨【7英寸(手拍)】+咕咕鸡薄脆披萨+地道肠1根,,,,非会员,11,,,依据餐量提供餐具,,178.00,59.16,104.50,0.00,0,0,8.19,0.00,5.60,【活动支出】店铺满减:4.00元+【活动支出】单品特价:9.00元+【活动支出】单品特价:27.00元+【活动支出】单品特价:47.50元+【活动支出】单品特价:5.00元+【活动支出】饿了么红包:12.00元+【活动支出】替用户承担配送费:5.0元,-,-,-,8.00,温州区域,温州直营,,,否,-,平台配送
圣比萨（苍南马站店）,SBS00020,温州,"8030190254364098957	",饿了么,平台外卖,已完成,2025-10-20 22:09:27,2025-10-20 22:09:27,2025-10-20 22:09:27,饿了么支付-在线支付,,即时单,2025-10-20 22:09:27,15.12,自动出餐,1,否,"奥尔良烤鸡肉披萨-7英寸(手拍)[{""name"":""规格"",""value"":""7英寸(手拍)""}]（45.00*1）,餐盒（2.00*1）",新奥尔良烤鸡肉披萨,,,,非会员,12,,,放门口就行 / 1份餐具,,45.00,11.83,27.10,0.00,0,0,1.72,0.00,5.60,【活动支出】单品特价:20.10元+【活动支出】 商家自营销加码:2.00元+【活动支出】饿了么红包:5.00元+【活动支出】替用户承担配送费:5.0元,-,-,-,2.00,温州区域,温州直营,,,否,-,平台配送
圣比萨（新桥店）,SBM00041,温州,"8034240254039780678	",饿了么,平台外卖,已完成,2025-10-20 12:09:34,2025-10-20 12:09:34,2025-10-20 12:09:34,饿了么支付-在线支付,,即时单,2025-10-20 12:09:34,9.48,手动出餐,1,否,"纯芝士披萨7英寸[7英寸]（42.00*1）,芝士就是力量（10.00*1）,餐盒（3.00*1）",金牌芝士披萨【7英寸(手拍)】+芝士就是力量,,,,非会员,1,,,依据餐量提供餐具,,52.00,14.69,32.10,0.00,0,0,1.46,0.00,4.50,【活动支出】单品特价:20.10元+【活动支出】单品特价:3.00元+【活动支出】粉丝群:2.00元+【活动支出】饿了么红包:7.00元+【活动支出】替用户承担配送费:4.5元,-,-,-,3.00,温州区域,温州加盟,,,否,-,平台配送
圣比萨（新桥店）,SBM00041,温州,"8025110254220874165	",饿了么,平台外卖,已完成,2025-10-20 16:28:12,2025-10-20 16:28:12,2025-10-20 16:28:12,饿了么支付-在线支付,,即时单,2025-10-20 16:28:12,12.78,手动出餐,1,否,"7英寸披萨一人食土豪餐[奥尔良鸡肉披萨7英寸+金丝鸡排+盐酥鸡米花小份+港式奶茶]（70.00*1）,餐盒（2.00*1）",新奥尔良烤鸡肉披萨【7英寸(手拍)】+金丝鸡排+盐酥鸡米花小份+港式奶茶,,,,非会员,2,,,依据餐量提供餐具,,70.00,19.94,43.10,0.00,0,0,1.91,0.00,3.50,【活动支出】单品特价:35.10元+【活动支出】饿了么红包:8.00元+【活动支出】替用户承担配送费:3.5元,-,-,-,2.00,温州区域,温州加盟,,,否,-,平台配送
圣比萨（新桥店）,SBM00041,温州,"8075526088227034530	",饿了么,平台外卖,已完成,2025-10-20 19:02:01,2025-10-20 19:02:01,2025-10-20 19:02:02,饿了么支付-在线支付,,即时单,2025-10-20 19:02:01,14.53,手动出餐,1,否,"鲜虾菠萝披萨-7寸(经典手拍)[{""name"":""规格"",""value"":""7寸(经典手拍)""}]（45.00*1）,明星小食桶C（38.00*1）,餐盒（4.00*1）",鲜虾菠萝披萨+明星小食桶C,,,,非会员,3,,,依据餐量提供餐具,,83.00,36.88,37.20,0.00,0,0,3.47,0.00,3.50,【活动支出】店铺满减:2.00元+【活动支出】单品特价:13.10元+【活动支出】单品特价:10.10元+【活动支出】饿了么红包:12.00元+【活动支出】替用户承担配送费:3.5元,-,-,-,4.00,温州区域,温州加盟,,,否,-,平台配送
圣比萨（新桥店）,SBM00041,温州,"8033300254317999556	",饿了么,平台外卖,已完成,2025-10-20 19:21:01,2025-10-20 19:21:01,2025-10-20 19:21:02,饿了么支付-在线支付,,即时单,2025-10-20 19:21:01,12.17,手动出餐,1,否,"缤纷芝士挞-香蕉味[{""name"":""规格"",""value"":""香蕉味""}]（7.00*1）,榴莲王披萨-9英寸(经典手拍)[{""name"":""规格"",""value"":""9英寸(经典手拍)""}]（92.00*1）,川香脆皮大翅根-1个[{""name"":""规格"",""value"":""1个""}]（12.00*1）,餐盒（4.00*1）",缤纷芝士挞+榴莲王披萨+川香脆皮大翅根,,,,非会员,4,,,2份餐具,,111.00,36.78,65.30,0.00,0,0,3.47,0.00,3.50,【活动支出】店铺满减:2.00元+【活动支出】单品特价:1.10元+【活动支出】单品特价:48.10元+【活动支出】单品特价:6.10元+【活动支出】饿了么红包:8.00元+【活动支出】替用户承担配送费:3.5元,-,-,-,4.00,温州区域,温州加盟,,,否,-,平台配送
圣比萨·披萨·炸鸡（响水幸福店）,SBS00009,盐城,"8091766087931221438	",饿了么,平台外卖,已完成,2025-10-20 10:53:10,2025-10-20 10:53:10,2025-10-20 10:53:10,饿了么支付-在线支付,,即时单,2025-10-20 10:53:10,12.07,自动出餐,1,否,"新奥尔良烤鸡肉披萨-7英寸(手拍)[{""name"":""规格"",""value"":""7英寸(手拍)""}]（28.90*1）",新奥尔良烤鸡肉披萨,,,,非会员,1,,,依据餐量提供餐具,,28.90,13.17,4.50,0.00,0,0,2.14,0.58,5.00,【活动支出】单品特价:4.50元+【活动支出】替用户承担配送费:5.0元,-,-,-,0.00,江苏区域,江苏直营店,,,否,-,平台配送
圣比萨·披萨·炸鸡（响水幸福店）,SBS00009,盐城,"8077160254119489982	",饿了么,平台外卖,已完成,2025-10-20 11:30:54,2025-10-20 11:30:54,2025-10-20 11:30:55,饿了么支付-在线支付,,即时单,2025-10-20 11:30:54,14.17,自动出餐,1,否,"蛋挞（两个）（6.90*1）,【随心❤️拼】7英寸双拼披萨（口味自选）[新奥尔良烤鸡肉+花果山]（29.90*1）,上校鸡块（5.90*1）,薯饼3个（6.90*1）",蛋挞+双拼7寸【奥尔良口味7】+双拼7寸【花果山口味7】+上校鸡块+薯饼,,,,非会员,2,,,"对骑手, 不要打电话, 不要敲门，放门口就好 / 依据餐量提供餐具",,49.60,28.86,4.00,0.00,0,0,3.67,0.99,5.00,【活动支出】单品特价:4.00元+【活动支出】替用户承担配送费:5.0元,-,-,-,0.00,江苏区域,江苏直营店,,,否,-,平台配送
圣比萨·披萨·炸鸡（响水幸福店）,SBS00009,盐城,"8018996088121012700	",饿了么,平台外卖,已完成,2025-10-20 16:46:13,2025-10-20 16:46:13,2025-10-20 16:46:13,饿了么支付-在线支付,,即时单,2025-10-20 16:46:13,12.03,自动出餐,1,否,"新奥尔良烤鸡肉披萨-7英寸(手拍)[{""name"":""规格"",""value"":""7英寸(手拍)""}]（28.90*1）",新奥尔良烤鸡肉披萨,,,,非会员,3,,,依据餐量提供餐具,,28.90,13.17,4.50,0.00,0,0,2.14,0.58,5.00,【活动支出】单品特价:4.50元+【活动支出】替用户承担配送费:5.0元,-,-,-,0.00,江苏区域,江苏直营店,,,否,-,平台配送
圣比萨·披萨·炸鸡（响水幸福店）,SBS00009,盐城,"8032380254380229014	",饿了么,平台外卖,已完成,2025-10-20 21:47:59,2025-10-20 21:47:59,2025-10-20 21:47:59,饿了么支付-在线支付,,即时单,2025-10-20 21:47:59,11.33,手动出餐,1,否,大圣香肠披萨-单点（15.50*1）,大圣香肠披萨-单点,,,,非会员,4,,,1份餐具,,15.50,10.00,0.00,0.00,0,0,0.00,0.00,,【活动支出】单品优惠:0.00元,-,-,-,0.00,江苏区域,江苏直营店,,,否,-,平台配送
圣比萨·披萨·炸鸡（响水幸福店）,SBS00009,盐城,"8038726088264972676	",饿了么,平台外卖,已完成,2025-10-20 22:51:27,2025-10-20 22:51:27,2025-10-20 22:51:28,饿了么支付-在线支付,,即时单,2025-10-20 22:51:27,12.07,自动出餐,1,否,"雪碧（6.00*1）,新奥尔良烤鸡肉披萨-7英寸(手拍)[{""name"":""规格"",""value"":""7英寸(手拍)""}]（28.90*1）",小雪碧+新奥尔良烤鸡肉披萨,,,,非会员,5,,,"不要敲门,不要打电话放门口，发个信息🌚嘻嘻 / 依据餐量提供餐具",,34.90,16.34,5.00,0.00,0,0,2.58,0.70,6.00,【活动支出】超级会员专享红包:5.00元+【活动支出】替用户承担配送费:5.0元,-,-,-,0.00,江苏区域,江苏直营店,,,否,-,平台配送
圣比萨·披萨·炸鸡（响水幸福店）,SBS00009,盐城,"8081606088307373354	",饿了么,平台外卖,已完成,2025-10-20 23:04:52,2025-10-20 23:04:52,2025-10-20 23:04:53,饿了么支付-在线支付,,即时单,2025-10-20 23:04:52,12.02,自动出餐,1,否,大圣鸡排*2+香肠*1-单点[孜然]（15.50*1）,大圣鸡排*2+香肠*1-单点[孜然],,,,非会员,6,,,依据餐量提供餐具,,15.50,10.00,0.00,0.00,0,0,0.00,0.00,,【活动支出】单品优惠:0.00元,-,-,-,0.00,江苏区域,江苏直营店,,,否,-,平台配送
圣比萨（鞋都店）,SBM00008,温州,"8051866087906536857	",饿了么,平台外卖,已完成,2025-10-20 10:18:52,2025-10-20 10:18:52,2025-10-20 10:18:52,饿了么支付-在线支付,,即时单,2025-10-20 10:18:52,21.30,被动出餐,1,否,"需要保温袋（0.30*1）,招牌肉酱芝士焗饭（52.00*1）",招牌肉酱芝士焗饭,,,,非会员,1,,,依据餐量提供餐具,,52.30,11.93,32.60,0.00,0,0,1.43,0.49,3.50,【活动支出】单品特价:32.60元+【活动支出】替用户承担配送费:3.5元,-,-,-,0.00,温州区域,温州加盟,,,否,-,平台配送
圣比萨（鞋都店）,SBM00008,温州,"8081210254046388527	",饿了么,平台外卖,已完成,2025-10-20 10:43:10,2025-10-20 10:43:10,2025-10-20 10:43:10,饿了么支付-在线支付,,即时单,2025-10-20 10:43:10,30.10,被动出餐,1,否,"新奥尔良烤鸡肉披萨7寸-单点[{""name"":""规格"",""value"":""单点""}]（22.00*1）",新奥尔良烤鸡肉披萨【7英寸(手拍)】,,,,非会员,2,,,-,,22.00,12.00,0.00,0.00,0,0,0.00,0.00,,【活动支出】拼团反圈活动:0.00元,-,-,-,0.00,温州区域,温州加盟,,,否,-,平台配送
圣比萨（鞋都店）,SBM00008,温州,"8018506087960250810	",饿了么,平台外卖,已完成,2025-10-20 11:25:04,2025-10-20 11:25:04,2025-10-20 11:25:04,饿了么支付-在线支付,,即时单,2025-10-20 11:25:04,37.10,被动出餐,1,否,"鲜虾菠萝披萨-7寸(经典手拍)[{""name"":""规格"",""value"":""7寸(经典手拍)""}]（45.00*1）,可乐[常温]（6.00*1）,需要保温袋（0.30*1）,小食拼盘（41.00*1）,餐盒（4.00*1）",鲜虾菠萝披萨+可乐+小吃拼盘,,,,非会员,3,,,依据餐量提供餐具,,92.30,39.19,41.70,0.00,0,0,3.83,1.53,3.50,【活动支出】店铺满减:2.00元+【活动支出】首次光顾立减:1.00元+【活动支出】单品特价:13.10元+【活动支出】单品特价:1.00元+【活动支出】单品特价:11.10元+【活动支出】精准营销红包:1.50元+【活动支出】饿了么红包:12.00元+【活动支出】替用户承担配送费:3.5元,-,-,-,4.00,温州区域,温州加盟,,,否,-,平台配送
圣比萨（鞋都店）,SBM00008,温州,"8093280254114502978	",饿了么,平台外卖,已完成,2025-10-20 11:30:07,2025-10-20 11:30:07,2025-10-20 11:30:07,饿了么支付-在线支付,,即时单,2025-10-20 11:30:07,27.22,被动出餐,1,否,"不要保温袋（0.00*1）,焗饭随心配（53.80*1）,餐盒（1.00*1）",盐酥鸡米花小份+蛋挞1个+薯饼2个+咖喱鸡肉芝士焗饭,,,,非会员,4,,,依据餐量提供餐具,,53.80,14.05,32.30,0.00,0,0,1.43,0.57,3.50,【活动支出】单品特价:25.30元+【活动支出】饿了么红包:7.00元+【活动支出】CPS商户叠加券:0.00元+【活动支出】替用户承担配送费:3.5元,-,-,-,1.00,温州区域,温州加盟,,,否,-,平台配送
圣比萨（鞋都店）,SBM00008,温州,"8041716088015030596	",饿了么,平台外卖,已完成,2025-10-20 11:30:23,2025-10-20 11:30:23,2025-10-20 11:30:24,饿了么支付-在线支付,,即时单,2025-10-20 11:30:23,19.67,被动出餐,1,否,"【粉丝福利】蛋挞一个（原味）（10.00*1）,蛋挞一个（原味）（5.00*1）,需要保温袋（0.30*1）,任选披萨6选1+小吃5选1+饮料（58.00*1）,餐盒（4.00*1）",蛋挞1个+蛋挞1个+金丝鸡排+日系照烧鸡披萨(7英寸(手拍))+芒果汁,,,,非会员,5,,,依据餐量提供餐具,,73.30,18.82,48.80,0.00,0,0,1.88,0.75,3.50,【活动支出】店铺满减:1.00元+【活动支出】单品特价:8.30元+【活动支出】单品特价:3.90元+【活动支出】单品特价:26.10元+【活动支出】 商家自营销加码:0.00元+【活动支出】精准营销红包:1.50元+【活动支出】饿了么红包:8.00元+【活动支出】替用户承担配送费:3.5元,-,-,-,4.00,温州区域,温州加盟,,,否,-,平台配送
圣比萨（鞋都店）,SBM00008,温州,"8036706088003794391	",饿了么,平台外卖,已完成,2025-10-20 11:36:54,2025-10-20 11:36:54,2025-10-20 11:36:54,饿了么支付-在线支付,,即时单,2025-10-20 11:36:54,35.48,被动出餐,1,否,"不要保温袋（0.00*1）,黑椒牛肉芝士焗饭（52.00*1）,餐盒（1.00*1）",黑椒牛肉芝士焗饭,,,,非会员,6,,,依据餐量提供餐具,,52.00,13.17,31.10,0.00,0,0,1.43,0.55,4.50,【活动支出】首次光顾立减:1.00元+【活动支出】单品特价:24.10元+【活动支出】饿了么红包:6.00元+【活动支出】CPS商户叠加券:0.00元+【活动支出】淘金币:0.00元+【活动支出】替用户承担配送费:4.5元,-,-,-,1.00,温州区域,温州加盟,,,否,-,平台配送
圣比萨（鞋都店）,SBM00008,温州,"8070040254208072962	",饿了么,平台外卖,已完成,2025-10-20 11:45:35,2025-10-20 11:45:35,2025-10-20 11:45:35,饿了么支付-在线支付,,即时单,2025-10-20 11:45:35,32.57,被动出餐,1,否,"不要保温袋（0.00*1）,焗饭随心配（53.80*1）,餐盒（1.00*1）",盐酥鸡米花小份+深海墨鱼丸2个+上校鸡块2个+黑椒牛肉芝士焗饭,,,,非会员,7,,,依据餐量提供餐具,,53.80,12.59,33.80,0.00,0,0,1.43,0.53,3.50,【活动支出】单品特价:25.30元+【活动支出】饿了么红包:7.00元+【活动支出】精准营销红包:1.50元+【活动支出】替用户承担配送费:3.5元,-,-,-,1.00,温州区域,温州加盟,,,否,-,平台配送
圣比萨（鞋都店）,SBM00008,温州,"8098986087985129768	",饿了么,平台外卖,已完成,2025-10-20 11:53:17,2025-10-20 11:53:17,2025-10-20 11:53:17,饿了么支付-在线支付,,即时单,2025-10-20 11:53:17,13.05,被动出餐,1,否,新奥尔良烤鸡肉披萨7寸-单点（22.00*1）,新奥尔良烤鸡肉披萨【7英寸(手拍)】,,,,非会员,8,,,依据餐量提供餐具,,22.00,12.00,0.00,0.00,0,0,0.00,0.00,,【活动支出】拼团反圈活动:0.00元,-,-,-,0.00,温州区域,温州加盟,,,否,-,平台配送
圣比萨（鞋都店）,SBM00008,温州,"8099876088012706089	",饿了么,平台外卖,已完成,2025-10-20 12:02:52,2025-10-20 12:02:52,2025-10-20 12:02:52,饿了么支付-在线支付,,即时单,2025-10-20 12:02:52,23.58,被动出餐,1,否,新奥尔良烤鸡肉披萨7寸-单点（22.00*1）,新奥尔良烤鸡肉披萨【7英寸(手拍)】,,,,非会员,9,,,依据餐量提供餐具,,22.00,12.00,0.00,0.00,0,0,0.00,0.00,,【活动支出】拼团反圈活动:0.00元,-,-,-,0.00,温州区域,温州加盟,,,否,-,平台配送
圣比萨（鞋都店）,SBM00008,温州,"8072220254139287900	",饿了么,平台外卖,已完成,2025-10-20 12:26:02,2025-10-20 12:26:02,2025-10-20 12:26:02,饿了么支付-在线支付,,即时单,2025-10-20 12:26:02,27.22,被动出餐,1,否,"不要保温袋（0.00*1）,披萨随心配（60.40*1）,餐盒（1.00*1）",地道肠1根+深海墨鱼丸2个+上校鸡块2个+花果山披萨(7英寸(手拍)),,,,非会员,10,,,依据餐量提供餐具,,60.40,16.14,35.90,0.00,0,0,1.65,0.66,3.50,【活动支出】单品特价:29.90元+【活动支出】饿了么红包:6.00元+【活动支出】CPS商户叠加券:0.00元+【活动支出】淘金币:0.00元+【活动支出】替用户承担配送费:3.5元,-,-,-,1.00,温州区域,温州加盟,,,否,-,平台配送
圣比萨（鞋都店）,SBM00008,温州,"8048566088053387615	",饿了么,平台外卖,已完成,2025-10-20 12:36:04,2025-10-20 12:36:04,2025-10-20 12:36:04,饿了么支付-在线支付,,即时单,2025-10-20 12:36:04,20.25,被动出餐,1,否,"披萨随心配（60.40*1）,需要保温袋（0.30*1）,餐盒（1.00*1）",地道肠1根+盐酥鸡米花小份+蛋挞1个+缤纷水果披萨(7英寸(手拍)),,,,非会员,11,,,依据餐量提供餐具,,60.70,16.41,35.90,0.00,0,0,1.67,0.67,4.00,【活动支出】单品特价:29.90元+【活动支出】饿了么红包:6.00元+【活动支出】替用户承担配送费:4.0元,-,-,-,1.00,温州区域,温州加盟,,,否,-,平台配送
圣比萨（鞋都店）,SBM00008,温州,"8024916088027291974	",饿了么,平台外卖,已完成,2025-10-20 12:59:22,2025-10-20 12:59:22,2025-10-20 12:59:22,饿了么支付-在线支付,,即时单,2025-10-20 12:59:22,18.30,被动出餐,1,否,"不要保温袋（0.00*1）,意面随心配（58.80*1）,餐盒（1.00*1）",番茄牛肉意面+地道肠1根+盐酥鸡米花小份+蛋挞1个,,,,非会员,12,,,"到了放门口不要打电话谢谢
 / 依据餐量提供餐具",,58.80,13.08,38.30,0.00,0,0,1.43,0.54,3.50,【活动支出】单品特价:31.30元+【活动支出】饿了么红包:7.00元+【活动支出】替用户承担配送费:3.5元,-,-,-,1.00,温州区域,温州加盟,,,否,-,平台配送
圣比萨（鞋都店）,SBM00008,温州,"8093060254078354705	",饿了么,平台外卖,已完成,2025-10-20 13:10:16,2025-10-20 13:10:16,2025-10-20 13:10:16,饿了么支付-在线支付,,即时单,2025-10-20 13:10:16,36.50,被动出餐,1,否,"意面随心配（58.80*1）,需要保温袋（0.30*1）,餐盒（1.00*1）",咖喱鸡肉意面+地道肠1根+盐酥鸡米花小份+蛋挞1个,,,,非会员,13,,,对商家。可以把台式香烤地道肠换成冰可乐啊。没水喝 / 依据餐量提供餐具,,59.10,11.92,39.80,0.00,0,0,1.43,0.50,4.00,【活动支出】单品特价:31.30元+【活动支出】精准营销红包:1.50元+【活动支出】饿了么红包:7.00元+【活动支出】替用户承担配送费:4.0元,-,-,-,1.00,温州区域,温州加盟,,,否,-,平台配送
圣比萨（鞋都店）,SBM00008,温州,"8052050254174879038	",饿了么,平台外卖,已完成,2025-10-20 13:42:37,2025-10-20 13:42:37,2025-10-20 13:42:37,饿了么支付-在线支付,,即时单,2025-10-20 13:42:37,22.33,被动出餐,1,否,"新奥尔良烤鸡肉披萨7寸-单点[{""name"":""规格"",""value"":""单点""}]（22.00*1）",新奥尔良烤鸡肉披萨【7英寸(手拍)】,,,,非会员,14,,,对骑手，放门口柜子上,,22.00,12.00,0.00,0.00,0,0,0.00,0.00,,【活动支出】拼团反圈活动:0.00元,-,-,-,0.00,温州区域,温州加盟,,,否,-,平台配送
圣比萨（鞋都店）,SBM00008,温州,"8073160254271957451	",饿了么,平台外卖,已完成,2025-10-20 14:00:00,2025-10-20 14:00:00,2025-10-20 14:00:01,饿了么支付-在线支付,,即时单,2025-10-20 14:00:00,30.03,被动出餐,1,否,新奥尔良烤鸡肉披萨7寸-拼团（20.60*1）,新奥尔良烤鸡肉披萨【7英寸(手拍)】,,,,非会员,15,,,依据餐量提供餐具,,20.60,12.00,0.00,0.00,0,0,0.00,0.00,,【活动支出】拼团反圈活动:0.00元,-,-,-,0.00,温州区域,温州加盟,,,否,-,平台配送
圣比萨（鞋都店）,SBM00008,温州,"8096896088086950311	",饿了么,平台外卖,已完成,2025-10-20 14:49:25,2025-10-20 14:49:25,2025-10-20 14:49:25,饿了么支付-在线支付,,即时单,2025-10-20 14:49:25,44.57,被动出餐,1,否,"港式奶茶[热]（10.00*1）,需要保温袋（0.30*1）,缤纷水果披萨-9英寸(手拍)[{""name"":""规格"",""value"":""9英寸(手拍)""}]（75.00*1）,烤甜玉米（12.00*1）,餐盒（3.00*1）",港式奶茶+缤纷水果披萨+烤甜玉米,,,,非会员,16,,,依据餐量提供餐具,,97.30,25.88,55.20,0.00,0,0,3.12,1.25,14.70,【活动支出】店铺满减:1.00元+【活动支出】首次光顾立减:1.00元+【活动支出】单品特价:2.00元+【活动支出】单品特价:40.10元+【活动支出】单品特价:3.10元+【活动支出】饿了么红包:8.00元+【活动支出】替用户承担配送费:5.0元,-,-,-,3.00,温州区域,温州加盟,,,否,-,平台配送
圣比萨（鞋都店）,SBM00008,温州,"8003526088081649000	",饿了么,平台外卖,已完成,2025-10-20 15:46:40,2025-10-20 15:46:40,2025-10-20 15:46:40,饿了么支付-在线支付,,即时单,2025-10-20 15:46:40,34.65,被动出餐,1,否,"榴莲王披萨-7英寸（经典手拍)[{""name"":""规格"",""value"":""7英寸（经典手拍)""}]（52.00*1）,需要保温袋（0.30*1）",榴莲王披萨,,,,非会员,17,,,依据餐量提供餐具,,52.30,19.17,21.40,0.00,0,0,2.06,0.82,5.60,【活动支出】单品特价:21.40元+【活动支出】替用户承担配送费:5.0元,-,-,-,0.00,温州区域,温州加盟,,,否,-,平台配送
圣比萨（鞋都店）,SBM00008,温州,"8085856088134422960	",饿了么,平台外卖,已完成,2025-10-20 17:53:24,2025-10-20 17:53:24,2025-10-20 17:53:24,饿了么支付-在线支付,,即时单,2025-10-20 17:53:24,30.08,被动出餐,1,否,"披萨随心配（60.40*1）,需要保温袋（0.30*1）,餐盒（1.00*1）",地道肠1根+盐酥鸡米花小份+蛋挞1个+玉米沙拉披萨(7英寸(手拍)),,,,非会员,18,,,1份餐具,,60.70,14.61,36.90,0.00,0,0,1.60,0.64,4.50,【活动支出】单品特价:29.90元+【活动支出】饿了么红包:7.00元+【活动支出】替用户承担配送费:4.5元,-,-,-,1.00,温州区域,温州加盟,,,否,-,平台配送
圣比萨（鞋都店）,SBM00008,温州,"8075260254195941651	",饿了么,平台外卖,已完成,2025-10-20 18:16:45,2025-10-20 18:16:45,2025-10-20 18:16:45,饿了么支付-在线支付,,即时单,2025-10-20 18:16:45,22.67,被动出餐,1,否,"不要保温袋（0.00*1）,榴莲王披萨-9英寸(经典手拍)[{""name"":""规格"",""value"":""9英寸(经典手拍)""}]（92.00*1）,餐盒（1.00*1）",榴莲王披萨,,,,非会员,19,,,依据餐量提供餐具,,92.00,22.76,60.10,0.00,0,0,2.21,0.88,3.50,【活动支出】店铺满减:1.00元+【活动支出】首次光顾立减:1.00元+【活动支出】单品特价:48.10元+【活动支出】饿了么红包:8.00元+【活动支出】粉丝群:2.00元+【活动支出】替用户承担配送费:3.5元,-,-,-,1.00,温州区域,温州加盟,,,否,-,平台配送
圣比萨（鞋都店）,SBM00008,温州,"8057656088220954069	",饿了么,平台外卖,已完成,2025-10-20 18:48:02,2025-10-20 18:48:02,2025-10-20 18:48:03,饿了么支付-在线支付,,即时单,2025-10-20 18:48:02,30.12,被动出餐,1,否,"不要保温袋（0.00*1）,披萨随心配（60.40*1）,餐盒（1.00*1）",地道肠1根+蛋挞1个+薯饼2个+新奥尔良烤鸡肉披萨(7英寸(手拍)),,,,非会员,20,,,无需餐具,,60.40,14.34,36.90,0.00,0,0,1.58,0.63,5.00,【活动支出】首次光顾立减:1.00元+【活动支出】单品特价:29.90元+【活动支出】饿了么红包:6.00元+【活动支出】替用户承担配送费:5.0元,-,-,-,1.00,温州区域,温州加盟,,,否,-,平台配送
圣比萨（鞋都店）,SBM00008,温州,"8019010254323755264	",饿了么,平台外卖,已完成,2025-10-20 19:34:47,2025-10-20 19:34:47,2025-10-20 19:34:47,饿了么支付-在线支付,,即时单,2025-10-20 19:34:47,33.43,被动出餐,1,否,"意面随心配（58.80*1）,需要保温袋（0.30*1）,餐盒（1.00*1）",招牌肉酱意面+地道肠1根+盐酥鸡米花小份+蛋挞1个,,,,非会员,21,,,依据餐量提供餐具,,59.10,14.32,37.30,0.00,0,0,1.45,0.58,3.50,【活动支出】单品特价:31.30元+【活动支出】饿了么红包:6.00元+【活动支出】替用户承担配送费:3.5元,-,-,-,1.00,温州区域,温州加盟,,,否,-,平台配送
圣比萨（鞋都店）,SBM00008,温州,"8068180254338598255	",饿了么,平台外卖,已完成,2025-10-20 19:36:27,2025-10-20 19:36:27,2025-10-20 19:36:27,饿了么支付-在线支付,,即时单,2025-10-20 19:36:27,15.58,被动出餐,1,否,"不要保温袋（0.00*1）,碳烤鸡肉培根披萨-7英寸(手拍)[{""name"":""规格"",""value"":""7英寸(手拍)""}]（45.00*1）,餐盒（1.00*1）",碳烤鸡肉培根披萨,,,,非会员,22,,,依据餐量提供餐具,,45.00,15.01,23.10,0.00,0,0,1.46,0.58,3.50,【活动支出】单品特价:16.10元+【活动支出】饿了么红包:7.00元+【活动支出】替用户承担配送费:3.5元,-,-,-,1.00,温州区域,温州加盟,,,否,-,平台配送
圣比萨（鞋都店）,SBM00008,温州,"8062110254268029385	",饿了么,平台外卖,已完成,2025-10-20 21:03:55,2025-10-20 21:03:55,2025-10-20 21:03:55,饿了么支付-在线支付,,即时单,2025-10-20 21:03:55,43.00,被动出餐,1,否,"意面随心配（58.80*1）,需要保温袋（0.30*1）,餐盒（1.00*1）",黑椒烤肠意面+盐酥鸡米花小份+深海墨鱼丸2个+上校鸡块2个,,,,非会员,23,,,依据餐量提供餐具,,59.10,8.70,39.30,0.00,0,0,1.43,0.52,9.50,【活动支出】首次光顾立减:1.00元+【活动支出】单品特价:31.30元+【活动支出】粉丝群:2.00元+【活动支出】饿了么红包:5.00元+【活动支出】替用户承担配送费:5.0元,-,-,-,1.00,温州区域,温州加盟,,,否,-,平台配送
圣比萨（鞋都店）,SBM00008,温州,"8014946088277452033	",饿了么,平台外卖,已完成,2025-10-20 22:14:04,2025-10-20 22:14:04,2025-10-20 22:14:04,饿了么支付-在线支付,,预约单,2025-10-20 23:05:00,69.18,被动出餐,1,否,"需要保温袋（0.30*1）,榴莲王披萨-9英寸(经典手拍)[{""name"":""规格"",""value"":""9英寸(经典手拍)""}]（92.00*1）,餐盒（1.00*1）",榴莲王披萨,,,,非会员,24,,,3份餐具,,92.30,21.63,60.10,0.00,0,0,2.23,0.89,7.10,【活动支出】店铺满减:1.00元+【活动支出】首次光顾立减:1.00元+【活动支出】单品特价:48.10元+【活动支出】粉丝群:2.00元+【活动支出】饿了么红包:8.00元+【活动支出】替用户承担配送费:5.0元,-,-,-,1.00,温州区域,温州加盟,,,否,-,平台配送
圣比萨（鞋都店）,SBM00008,温州,"8015946088281223481	",饿了么,平台外卖,已完成,2025-10-20 22:49:48,2025-10-20 22:49:48,2025-10-20 22:49:49,饿了么支付-在线支付,,即时单,2025-10-20 22:49:48,31.27,被动出餐,1,否,"需要保温袋（0.30*1）,披萨随心配（60.40*1）,餐盒（1.00*1）",地道肠1根+盐酥鸡米花小份+上校鸡块2个+新奥尔良烤鸡肉披萨(7英寸(手拍)),,,,非会员,25,,,依据餐量提供餐具,,60.70,15.01,36.90,0.00,0,0,1.60,0.64,5.60,【活动支出】单品特价:29.90元+【活动支出】饿了么红包:0.00元+【活动支出】饿了么红包:7.00元+【活动支出】替用户承担配送费:5.0元,-,-,-,1.00,温州区域,温州加盟,,,否,-,平台配送
圣比萨（鞋都店）,SBM00008,温州,"8032290254380552685	",饿了么,平台外卖,已完成,2025-10-20 23:09:10,2025-10-20 23:09:10,2025-10-20 23:09:10,饿了么支付-在线支付,,即时单,2025-10-20 23:09:10,30.48,被动出餐,1,否,"需要保温袋（0.30*1）,任选披萨5选1+小吃4选1+饮料套餐[奥尔良鸡肉披萨7英寸+上校鸡块2个+小可乐]（68.00*1）",新奥尔良烤鸡肉披萨【7英寸(手拍)】+上校鸡块2个+小可乐,,,,非会员,26,,,依据餐量提供餐具,,68.30,10.84,48.28,0.00,0,0,1.43,0.50,7.10,【活动支出】单品特价:48.28元+【活动支出】替用户承担配送费:5.0元,-,-,-,0.00,温州区域,温州加盟,,,否,-,平台配送
圣比萨（仙降店）,SBM00047,温州,"8003440254133220694	",饿了么,平台外卖,已完成,2025-10-20 10:09:49,2025-10-20 10:09:49,2025-10-20 10:09:50,饿了么支付-在线支付,,即时单,2025-10-20 10:09:49,10.18,自动出餐,1,否,手握三选一-单点[奥尔良]（20.00*1）,奥尔良风情烤鸡肉一人食盒子披萨,,,,非会员,1,,,依据餐量提供餐具,,20.00,10.00,0.00,0.00,0,0,0.00,0.00,,【活动支出】拼团反圈活动:0.00元,-,-,-,0.00,温州区域,温州加盟,,,否,-,平台配送
圣比萨（仙降店）,SBM00047,温州,"8074470254260841952	",饿了么,平台外卖,已完成,2025-10-20 13:18:44,2025-10-20 13:18:44,2025-10-20 13:18:45,饿了么支付-在线支付,,即时单,2025-10-20 13:18:44,12.02,自动出餐,1,否,手握三选一-单点[奥尔良]（20.00*1）,奥尔良风情烤鸡肉一人食盒子披萨,,,,非会员,2,,,1份餐具,,20.00,10.00,0.00,0.00,0,0,0.00,0.00,,【活动支出】拼团反圈活动:0.00元,-,-,-,0.00,温州区域,温州加盟,,,否,-,平台配送
圣比萨（仙降店）,SBM00047,温州,"8078736088089137624	",饿了么,平台外卖,已完成,2025-10-20 14:11:17,2025-10-20 14:11:17,2025-10-20 14:11:18,饿了么支付-在线支付,,即时单,2025-10-20 14:11:17,10.15,自动出餐,1,否,"招牌肉酱意面（52.00*1）,餐盒（2.00*1）",招牌肉酱意面,,,,非会员,3,,,依据餐量提供餐具,,52.00,15.59,31.10,0.00,0,0,1.46,0.00,3.50,【活动支出】单品特价:24.10元+【活动支出】饿了么红包:7.00元+【活动支出】替用户承担配送费:3.5元,-,-,-,2.00,温州区域,温州加盟,,,否,-,平台配送
圣比萨（仙降店）,SBM00047,温州,"8074370254109589773	",饿了么,平台外卖,已完成,2025-10-20 15:04:59,2025-10-20 15:04:59,2025-10-20 15:04:59,饿了么支付-在线支付,,即时单,2025-10-20 15:04:59,10.02,自动出餐,1,否,盒子披萨三选一[日式烧鸟风味]（29.00*1）,日式烧鸟风味一人食盒子披萨,,,,非会员,4,,,依据餐量提供餐具,,29.00,12.72,9.00,0.00,0,0,1.43,0.00,3.50,【活动支出】粉丝群:2.00元+【活动支出】饿了么红包:7.00元+【活动支出】替用户承担配送费:3.5元,-,-,-,0.00,温州区域,温州加盟,,,否,-,平台配送
圣比萨（仙降店）,SBM00047,温州,"8073946088139076865	",饿了么,平台外卖,已完成,2025-10-20 16:39:05,2025-10-20 16:39:05,2025-10-20 16:39:05,饿了么支付-在线支付,,即时单,2025-10-20 16:39:05,10.02,自动出餐,1,否,手握三选一-单点[缤纷水果]（20.00*1）,热带雨林水果一人食盒子披萨,,,,非会员,5,,,依据餐量提供餐具,,20.00,10.00,0.00,0.00,0,0,0.00,0.00,,【活动支出】拼团反圈活动:0.00元,-,-,-,0.00,温州区域,温州加盟,,,否,-,平台配送
圣比萨（仙降店）,SBM00047,温州,"8069966088167525683	",饿了么,平台外卖,已完成,2025-10-20 17:25:27,2025-10-20 17:25:27,2025-10-20 17:25:28,饿了么支付-在线支付,,即时单,2025-10-20 17:25:27,10.03,自动出餐,1,否,"[买一送一]买披萨送意面[缤纷水果披萨7英寸+番茄牛肉意面]（75.00*1）,餐盒（2.00*1）",缤纷水果披萨【7英寸(手拍)】+番茄牛肉意面,,,,非会员,6,,,依据餐量提供餐具,,75.00,29.84,36.10,0.00,0,0,2.81,0.00,3.50,【活动支出】店铺满减:1.00元+【活动支出】单品特价:28.10元+【活动支出】超级会员专享红包:5.00元+【活动支出】 商家自营销加码:2.00元+【活动支出】替用户承担配送费:3.5元,-,-,-,2.00,温州区域,温州加盟,,,否,-,平台配送
圣比萨（仙降店）,SBM00047,温州,"8034626088173827546	",饿了么,平台外卖,已完成,2025-10-20 17:39:14,2025-10-20 17:39:14,2025-10-20 17:39:15,饿了么支付-在线支付,,即时单,2025-10-20 17:39:14,12.03,自动出餐,1,否,任选披萨5选1+小吃4选1+饮料套餐[玉米沙拉披萨7英寸+上校鸡块2个+小可乐]（68.00*1）,玉米沙拉披萨【7英寸(手拍)】+上校鸡块2个+小可乐,,,,非会员,7,,,无需餐具,,68.00,12.44,48.28,0.00,0,0,1.43,0.00,3.50,【活动支出】单品特价:48.28元+【活动支出】替用户承担配送费:3.5元,-,-,-,0.00,温州区域,温州加盟,,,否,-,平台配送
圣比萨（仙降店）,SBM00047,温州,"8085606088187951531	",饿了么,平台外卖,已完成,2025-10-20 17:51:53,2025-10-20 17:51:53,2025-10-20 17:51:53,饿了么支付-在线支付,,即时单,2025-10-20 17:51:53,12.13,自动出餐,1,否,"烤甜玉米（12.00*1）,芒果汁[冷]（10.00*1）,番茄牛肉意面（31.74*1）,蛋挞（10.00*1）,餐盒（5.00*1）",烤甜玉米+芒果汁+番茄牛肉意面+蛋挞,,,,非会员,8,,,依据餐量提供餐具,,63.74,30.93,25.04,0.00,0,0,3.02,0.00,4.50,【活动支出】店铺满减:1.00元+【活动支出】单品特价:3.10元+【活动支出】单品特价:4.00元+【活动支出】单品特价:7.84元+【活动支出】单品特价:1.10元+【活动支出】饿了么红包:8.00元+【活动支出】替用户承担配送费:4.5元,-,-,-,5.00,温州区域,温州加盟,,,否,-,平台配送
圣比萨（仙降店）,SBM00047,温州,"8058400254370738673	",饿了么,平台外卖,已完成,2025-10-20 17:55:59,2025-10-20 17:55:59,2025-10-20 17:55:59,饿了么支付-在线支付,,即时单,2025-10-20 17:55:59,12.13,自动出餐,1,否,"榴莲王披萨7英寸（52.00*2）,餐盒（4.00*1）",榴莲王披萨7英寸,,,,非会员,9,,,2份餐具,,104.00,55.75,35.20,0.00,0,0,5.20,0.00,3.50,【活动支出】店铺满减:2.00元+【活动支出】单品特价:24.20元+【活动支出】饿了么红包:9.00元+【活动支出】替用户承担配送费:3.5元,-,-,-,4.00,温州区域,温州加盟,,,否,-,平台配送
圣比萨（仙降店）,SBM00047,温州,"8031200254301677862	",饿了么,平台外卖,已完成,2025-10-20 18:20:18,2025-10-20 18:20:18,2025-10-20 18:20:18,饿了么支付-在线支付,,即时单,2025-10-20 18:20:18,12.23,自动出餐,1,否,"玉米沙拉披萨7英寸（42.00*1）,餐盒（2.00*1）",玉米沙拉披萨【7英寸(手拍)】,,,,非会员,10,,,依据餐量提供餐具,,42.00,15.59,21.10,0.00,0,0,1.46,0.00,3.50,【活动支出】单品特价:15.10元+【活动支出】饿了么红包:6.00元+【活动支出】替用户承担配送费:3.5元,-,-,-,2.00,温州区域,温州加盟,,,否,-,平台配送
圣比萨（仙降店）,SBM00047,温州,"8015966088198891840	",饿了么,平台外卖,已完成,2025-10-20 19:05:46,2025-10-20 19:05:46,2025-10-20 19:05:47,饿了么支付-在线支付,,即时单,2025-10-20 19:05:46,12.15,自动出餐,1,否,"新奥尔良烤鸡肉披萨7英寸（45.00*1）,点击右上角❤️收藏得小吃[上校鸡块2个]（5.00*1）,餐盒（2.50*1）",新奥尔良烤鸡肉披萨【7英寸(手拍)】+上校鸡块2个,,,,非会员,11,,,依据餐量提供餐具,,50.00,17.40,27.00,0.00,0,0,1.65,0.00,3.50,【活动支出】单品特价:15.10元+【活动支出】单品特价:4.90元+【活动支出】饿了么红包:7.00元+【活动支出】替用户承担配送费:3.5元,-,-,-,2.50,温州区域,温州加盟,,,否,-,平台配送
圣比萨（仙降店）,SBM00047,温州,"8060290254326703465	",饿了么,平台外卖,已完成,2025-10-20 19:53:05,2025-10-20 19:53:05,2025-10-20 19:53:05,饿了么支付-在线支付,,即时单,2025-10-20 19:53:05,10.02,自动出餐,1,否,"DIY自选3件套[奥尔良烤鸡肉披萨7英寸+盐酥鸡米花小份+小可乐]（50.40*1）,经典薯条（18.00*1）,餐盒（4.00*1）",新奥尔良烤鸡肉披萨【9英寸(手拍)】+盐酥鸡米花小份+小可乐+经典薯条,,,,非会员,12,,,依据餐量提供餐具,,68.40,23.93,36.60,0.00,0,0,2.42,0.00,5.60,【活动支出】店铺满减:1.00元+【活动支出】单品特价:14.50元+【活动支出】单品特价:9.10元+【活动支出】饿了么红包:12.00元+【活动支出】替用户承担配送费:5.0元,-,-,-,4.00,温州区域,温州加盟,,,否,-,平台配送
圣比萨（仙降店）,SBM00047,温州,"8094370254453397773	",饿了么,平台外卖,已完成,2025-10-20 21:20:20,2025-10-20 21:20:20,2025-10-20 21:20:21,饿了么支付-在线支付,,即时单,2025-10-20 21:20:20,10.17,自动出餐,1,否,"任选披萨5选1+小吃4选1+饮料套餐[全芝士披萨7英寸+深海墨鱼丸2个+小可乐]（68.00*1）,点击右上角❤️收藏得小吃[上校鸡块2个]（5.00*1）,餐盒（0.50*1）",金牌芝士披萨【7英寸(手拍)】+深海墨鱼丸2个+小可乐+上校鸡块2个,,,,非会员,13,,,可乐可以换小吃吗？随便什么小吃 / 2份餐具,,73.00,12.54,53.18,0.00,0,0,1.43,0.00,5.60,【活动支出】单品特价:48.28元+【活动支出】单品特价:4.90元+【活动支出】替用户承担配送费:5.0元,-,-,-,0.50,温州区域,温州加盟,,,否,-,平台配送
圣比萨（仙降店）,SBM00047,温州,"8059380254280480046	",饿了么,平台外卖,已完成,2025-10-20 21:58:34,2025-10-20 21:58:34,2025-10-20 21:58:34,饿了么支付-在线支付,,即时单,2025-10-20 21:58:34,10.18,自动出餐,1,否,手握三选一+二选一+可乐-单点[奥尔良+薯饼 2 块+可乐]（24.00*1）,小可乐+奥尔良风情烤鸡肉一人食盒子披萨+薯饼2个,,,,非会员,14,,,依据餐量提供餐具,,24.00,14.00,0.00,0.00,0,0,0.00,0.00,,【活动支出】拼团反圈活动:0.00元,-,-,-,0.00,温州区域,温州加盟,,,否,-,平台配送
圣比萨（仙降店）,SBM00047,温州,"8085450254367661486	",饿了么,平台外卖,已完成,2025-10-20 22:17:12,2025-10-20 22:17:12,2025-10-20 22:17:13,饿了么支付-在线支付,,即时单,2025-10-20 22:17:12,10.17,自动出餐,1,否,"【随心拼】7英寸披萨(口味自选）[水果+奥尔良]（54.00*1）,点击右上角❤️收藏得小吃[上校鸡块2个]（5.00*1）,餐盒（2.50*1）",双拼7寸【缤纷水果口味7】+双拼7寸【奥尔良口味7】+上校鸡块2个,,,,非会员,15,,,依据餐量提供餐具,,59.00,15.65,38.00,0.00,0,0,1.50,0.00,5.60,【活动支出】单品特价:26.10元+【活动支出】单品特价:4.90元+【活动支出】饿了么红包:7.00元+【活动支出】替用户承担配送费:5.0元,-,-,-,2.50,温州区域,温州加盟,,,否,-,平台配送
圣比萨（仙降店）,SBM00047,温州,"8044130254377997654	",饿了么,平台外卖,已完成,2025-10-20 22:56:12,2025-10-20 22:56:12,2025-10-20 22:56:13,饿了么支付-在线支付,,即时单,2025-10-20 22:56:12,10.18,自动出餐,1,否,任选披萨5选1+小吃4选1+饮料套餐[全芝士披萨7英寸+深海墨鱼丸2个+小可乐]（68.00*1）,金牌芝士披萨【7英寸(手拍)】+深海墨鱼丸2个+小可乐,,,,非会员,16,,,依据餐量提供餐具,,68.00,11.94,48.28,0.00,0,0,1.43,0.00,5.60,【活动支出】单品特价:48.28元+【活动支出】替用户承担配送费:5.0元,-,-,-,0.00,温州区域,温州加盟,,,否,-,平台配送
圣比萨（平阳百悦广场店）,SBM00027,温州,"8097736087967889886	",饿了么,平台外卖,已完成,2025-10-20 10:46:05,2025-10-20 10:46:05,2025-10-20 10:46:06,饿了么支付-在线支付,,即时单,2025-10-20 10:46:05,14.47,手动出餐,1,否,"缤纷水果披萨9英寸（75.00*1）,餐盒（2.00*1）",缤纷水果披萨【9英寸(手拍)】,,,,非会员,1,,,依据餐量提供餐具,,75.00,21.06,45.00,0.00,0,0,2.99,0.00,5.00,【活动支出】店铺满减:1.00元+【活动支出】单品特价:36.00元+【活动支出】 商家自营销加码:0.00元+【活动支出】饿了么红包:8.00元+【活动支出】替用户承担配送费:5.0元,-,-,-,2.00,温州区域,温州加盟,,,否,-,平台配送
圣比萨（平阳百悦广场店）,SBM00027,温州,"8094586087960016134	",饿了么,平台外卖,已完成,2025-10-20 11:07:28,2025-10-20 11:07:28,2025-10-20 11:07:28,饿了么支付-在线支付,,即时单,2025-10-20 11:07:28,11.45,手动出餐,1,否,新奥尔良烤鸡肉披萨7寸-单点（22.00*1）,新奥尔良烤鸡肉披萨【7英寸(手拍)】,,,,非会员,2,,,无需餐具,,22.00,12.00,0.00,0.00,0,0,0.00,0.00,,【活动支出】拼团反圈活动:0.00元,-,-,-,0.00,温州区域,温州加盟,,,否,-,平台配送
圣比萨（平阳百悦广场店）,SBM00027,温州,"8046250254169552342	",饿了么,平台外卖,已完成,2025-10-20 12:47:54,2025-10-20 12:47:54,2025-10-20 12:47:54,饿了么支付-在线支付,,即时单,2025-10-20 12:47:54,21.78,被动出餐,1,否,"深海墨鱼丸-6个[{""name"":""规格"",""value"":""6个""}]（18.20*1）,牛肉蘑菇披萨12英寸（109.00*1）,餐盒（3.00*1）",深海墨鱼丸+炙热牛魔王披萨【12英寸(手拍)】,,,,非会员,3,,,依据餐量提供餐具,,127.20,44.19,68.00,0.00,0,0,6.16,0.00,3.50,【活动支出】店铺满减:2.00元+【活动支出】单品特价:8.60元+【活动支出】单品特价:49.40元+【活动支出】饿了么红包:8.00元+【活动支出】替用户承担配送费:3.5元,-,-,-,3.00,温州区域,温州加盟,,,否,-,平台配送
圣比萨（平阳百悦广场店）,SBM00027,温州,"8003596088087786854	",饿了么,平台外卖,已完成,2025-10-20 13:52:56,2025-10-20 13:52:56,2025-10-20 13:52:57,饿了么支付-在线支付,,即时单,2025-10-20 13:52:56,20.55,被动出餐,1,否,"【任选3件套】个人披萨意面焗饭套餐随心配（74.00*1）,餐盒（2.00*1）",明星小食桶B+柠檬茶+番茄牛肉意面,,,,非会员,4,,,无需餐具,,74.00,30.45,32.50,0.00,0,0,4.20,0.00,3.50,【活动支出】店铺满减:1.00元+【活动支出】单品特价:31.50元+【活动支出】替用户承担配送费:3.5元,-,-,-,2.00,温州区域,温州加盟,,,否,-,平台配送
圣比萨（平阳百悦广场店）,SBM00027,温州,"8002756088123305343	",饿了么,平台外卖,已完成,2025-10-20 15:28:16,2025-10-20 15:28:16,2025-10-20 15:28:17,饿了么支付-在线支付,,即时单,2025-10-20 15:28:16,24.90,手动出餐,1,否,"新奥尔良烤鸡肉披萨9英寸（78.00*1）,餐盒（2.00*1）",新奥尔良烤鸡肉披萨【9英寸(手拍)】,,,,非会员,5,,,依据餐量提供餐具,,78.00,21.89,47.40,0.00,0,0,3.06,0.00,3.50,【活动支出】店铺满减:1.00元+【活动支出】单品特价:38.40元+【活动支出】饿了么红包:8.00元+【活动支出】替用户承担配送费:3.5元,-,-,-,2.00,温州区域,温州加盟,,,否,-,平台配送
圣比萨（平阳百悦广场店）,SBM00027,温州,"8083866088110979528	",饿了么,平台外卖,已完成,2025-10-20 16:25:21,2025-10-20 16:25:21,2025-10-20 16:25:21,饿了么支付-在线支付,,即时单,2025-10-20 16:25:21,13.38,手动出餐,1,否,"浪漫威尼斯披萨9英寸（75.00*1）,餐盒（2.00*1）",浪漫威尼斯披萨【9英寸(手拍)】,,,,非会员,6,,,依据餐量提供餐具,,75.00,21.89,44.40,0.00,0,0,3.06,0.00,4.00,【活动支出】店铺满减:1.00元+【活动支出】单品特价:35.40元+【活动支出】 商家自营销加码:0.00元+【活动支出】饿了么红包:8.00元+【活动支出】替用户承担配送费:4.0元,-,-,-,2.00,温州区域,温州加盟,,,否,-,平台配送
圣比萨（平阳百悦广场店）,SBM00027,温州,"8040666088132793843	",饿了么,平台外卖,已完成,2025-10-20 16:33:17,2025-10-20 16:33:17,2025-10-20 16:33:17,饿了么支付-在线支付,,预约单,2025-10-20 17:00:00,22.83,手动出餐,1,否,"金沙咸蛋黄嫩鸡披萨12英寸（129.00*1）,餐盒（2.00*1）",金沙咸蛋黄嫩鸡披萨【12英寸(手拍)】,,,,非会员,7,,,无需餐具,,129.00,41.27,73.40,0.00,0,0,5.68,0.00,3.50,【活动支出】店铺满减:2.00元+【活动支出】单品特价:59.40元+【活动支出】饿了么红包:12.00元+【活动支出】替用户承担配送费:3.5元,-,-,-,2.00,温州区域,温州加盟,,,否,-,平台配送
圣比萨（平阳百悦广场店）,SBM00027,温州,"8064380254240380407	",饿了么,平台外卖,已完成,2025-10-20 17:16:01,2025-10-20 17:16:01,2025-10-20 17:16:02,饿了么支付-在线支付,,即时单,2025-10-20 17:16:01,11.03,手动出餐,1,否,新奥尔良烤鸡肉披萨7寸-单点（22.00*1）,新奥尔良烤鸡肉披萨【7英寸(手拍)】,,,,非会员,8,,,依据餐量提供餐具,,22.00,12.00,0.00,0.00,0,0,0.00,0.00,,【活动支出】拼团反圈活动:0.00元,-,-,-,0.00,温州区域,温州加盟,,,否,-,平台配送
圣比萨（平阳百悦广场店）,SBM00027,温州,"8041976088138535203	",饿了么,平台外卖,已完成,2025-10-20 17:24:09,2025-10-20 17:24:09,2025-10-20 17:24:09,饿了么支付-在线支付,,即时单,2025-10-20 17:24:09,11.25,手动出餐,1,否,"碳烤鸡肉培根披萨9英寸（78.00*1）,餐盒（2.00*1）",碳烤鸡肉培根披萨【9英寸(手拍)】,,,,非会员,9,,,2份餐具,,78.00,21.89,47.40,0.00,0,0,3.06,0.00,3.50,【活动支出】店铺满减:1.00元+【活动支出】单品特价:38.40元+【活动支出】超级会员专享红包:8.00元+【活动支出】 商家自营销加码:0.00元+【活动支出】替用户承担配送费:3.5元,-,-,-,2.00,温州区域,温州加盟,,,否,-,平台配送
圣比萨（平阳百悦广场店）,SBM00027,温州,"8041766088178760084	",饿了么,平台外卖,已完成,2025-10-20 17:52:21,2025-10-20 17:52:21,2025-10-20 17:52:22,饿了么支付-在线支付,,即时单,2025-10-20 17:52:21,10.52,手动出餐,1,否,【任选3件套】个人披萨意面焗饭套餐随心配（74.00*1）,明星小食桶B+可乐+缤纷水果披萨(7英寸(手拍)),,,,非会员,10,,,无需餐具,,74.00,22.32,41.60,0.00,0,0,3.03,0.00,3.50,【活动支出】单品特价:41.60元+【活动支出】替用户承担配送费:3.5元,-,-,-,0.00,温州区域,温州加盟,,,否,-,平台配送
圣比萨（平阳百悦广场店）,SBM00027,温州,"8068330254284810698	",饿了么,平台外卖,已完成,2025-10-20 17:58:53,2025-10-20 17:58:53,2025-10-20 17:58:54,饿了么支付-在线支付,,即时单,2025-10-20 17:58:53,10.88,手动出餐,1,否,"番茄牛肉意面（52.00*4）,奥尔良烤翅（14.00*2）,经典薯条（18.00*1）,上校鸡块（12.00*1）,招牌肉酱意面（52.00*1）,餐盒（18.00*1）",番茄牛肉意面+奥尔良烤翅+经典薯条+上校鸡块+招牌肉酱意面,,,,非会员,11,,,依据餐量提供餐具,,318.00,122.50,168.20,0.00,0,0,17.25,0.00,3.50,【活动支出】店铺满减:4.00元+【活动支出】单品特价:105.60元+【活动支出】单品特价:6.80元+【活动支出】单品特价:8.40元+【活动支出】单品特价:4.40元+【活动支出】单品特价:27.00元+【活动支出】饿了么红包:12.00元+【活动支出】替用户承担配送费:3.5元,-,-,-,18.00,温州区域,温州加盟,,,否,-,平台配送
圣比萨（平阳百悦广场店）,SBM00027,温州,"8099130254375585230	",饿了么,平台外卖,已完成,2025-10-20 18:09:42,2025-10-20 18:09:42,2025-10-20 18:09:42,饿了么支付-在线支付,,即时单,2025-10-20 18:09:42,12.02,手动出餐,1,否,"缤纷水果披萨9英寸（75.00*1）,餐盒（2.00*1）",缤纷水果披萨【9英寸(手拍)】,,,,非会员,12,,,139号139号，放地上无需联系 / 依据餐量提供餐具,,75.00,21.89,44.40,0.00,0,0,3.06,0.00,3.50,【活动支出】店铺满减:1.00元+【活动支出】单品特价:35.40元+【活动支出】饿了么红包:8.00元+【活动支出】替用户承担配送费:3.5元,-,-,-,2.00,温州区域,温州加盟,,,否,-,平台配送
圣比萨（平阳百悦广场店）,SBM00027,温州,"8044716088210986273	",饿了么,平台外卖,已完成,2025-10-20 18:27:33,2025-10-20 18:27:33,2025-10-20 18:27:33,饿了么支付-在线支付,,即时单,2025-10-20 18:27:33,11.88,手动出餐,1,否,"圣比招牌披萨9英寸（78.00*1）,餐盒（2.00*1）",大圣招牌大满贯披萨【9英寸(手拍)】,,,,非会员,13,,,依据餐量提供餐具,,78.00,29.64,37.40,0.00,0,0,4.11,0.00,3.50,【活动支出】店铺满减:1.00元+【活动支出】单品特价:28.40元+【活动支出】超级会员专享红包:8.00元+【活动支出】 商家自营销加码:0.00元+【活动支出】替用户承担配送费:3.5元,-,-,-,2.00,温州区域,温州加盟,,,否,-,平台配送
圣比萨（平阳百悦广场店）,SBM00027,温州,"8063050254207718699	",饿了么,平台外卖,已完成,2025-10-20 18:38:01,2025-10-20 18:38:01,2025-10-20 18:38:01,饿了么支付-在线支付,,即时单,2025-10-20 18:38:01,13.38,手动出餐,1,否,"浪漫威尼斯披萨9英寸（75.00*1）,餐盒（2.00*1）",浪漫威尼斯披萨【9英寸(手拍)】,,,,非会员,14,,,依据餐量提供餐具,,75.00,21.89,44.40,0.00,0,0,3.06,0.00,3.50,【活动支出】店铺满减:1.00元+【活动支出】单品特价:35.40元+【活动支出】饿了么红包:8.00元+【活动支出】替用户承担配送费:3.5元,-,-,-,2.00,温州区域,温州加盟,,,否,-,平台配送
圣比萨（平阳百悦广场店）,SBM00027,温州,"8080030254337231220	",饿了么,平台外卖,已完成,2025-10-20 19:37:15,2025-10-20 19:37:15,2025-10-20 19:37:15,饿了么支付-在线支付,,即时单,2025-10-20 19:37:15,15.50,手动出餐,1,否,"【任选3件套】个人披萨意面焗饭套餐随心配（74.00*1）,餐盒（2.00*1）",明星小食桶B+可乐+缤纷水果披萨(7英寸(手拍)),,,,非会员,15,,,依据餐量提供餐具,,74.00,18.22,46.50,0.00,0,0,2.73,0.00,4.50,【活动支出】店铺满减:1.00元+【活动支出】单品特价:31.50元+【活动支出】订单集点返红包:5.00元+【活动支出】饿了么红包:9.00元+【活动支出】替用户承担配送费:4.5元,-,-,-,2.00,温州区域,温州加盟,,,否,-,平台配送
圣比萨（平阳百悦广场店）,SBM00027,温州,"8072300254238530820	",饿了么,平台外卖,已完成,2025-10-20 19:49:15,2025-10-20 19:49:15,2025-10-20 19:49:15,饿了么支付-在线支付,,即时单,2025-10-20 19:49:15,10.40,手动出餐,1,否,新奥尔良烤鸡肉披萨7寸-单点（22.00*1）,新奥尔良烤鸡肉披萨【7英寸(手拍)】,,,,非会员,16,,,无需餐具,,22.00,12.00,0.00,0.00,0,0,0.00,0.00,,【活动支出】拼团反圈活动:0.00元,-,-,-,0.00,温州区域,温州加盟,,,否,-,平台配送
圣比萨（平阳百悦广场店）,SBM00027,温州,"8072290254430492003	",饿了么,平台外卖,已完成,2025-10-20 20:09:09,2025-10-20 20:09:09,2025-10-20 20:09:09,饿了么支付-在线支付,,即时单,2025-10-20 20:09:09,14.20,手动出餐,1,否,"新奥尔良烤鸡肉披萨9英寸（78.00*1）,餐盒（2.00*1）",新奥尔良烤鸡肉披萨【9英寸(手拍)】,,,,非会员,17,,,依据餐量提供餐具,,78.00,21.89,47.40,0.00,0,0,3.06,0.00,3.50,【活动支出】店铺满减:1.00元+【活动支出】单品特价:38.40元+【活动支出】饿了么红包:8.00元+【活动支出】替用户承担配送费:3.5元,-,-,-,2.00,温州区域,温州加盟,,,否,-,平台配送
圣比萨（平阳百悦广场店）,SBM00027,温州,"8065440254249640307	",饿了么,平台外卖,已完成,2025-10-20 20:20:51,2025-10-20 20:20:51,2025-10-20 20:20:52,饿了么支付-在线支付,,即时单,2025-10-20 20:20:51,11.52,手动出餐,1,否,"碳烤鸡肉培根披萨9英寸（78.00*1）,餐盒（2.00*1）",碳烤鸡肉培根披萨【9英寸(手拍)】,,,,非会员,18,,,依据餐量提供餐具,,78.00,21.89,47.40,0.00,0,0,3.06,0.00,3.50,【活动支出】店铺满减:1.00元+【活动支出】单品特价:38.40元+【活动支出】 商家自营销加码:0.00元+【活动支出】饿了么红包:8.00元+【活动支出】替用户承担配送费:3.5元,-,-,-,2.00,温州区域,温州加盟,,,否,-,平台配送
圣比萨（平阳百悦广场店）,SBM00027,温州,"8063420254248576293	",饿了么,平台外卖,已完成,2025-10-20 20:23:34,2025-10-20 20:23:34,2025-10-20 20:23:35,饿了么支付-在线支付,,即时单,2025-10-20 20:23:34,12.82,手动出餐,1,否,"榴莲王披萨9英寸（92.00*1）,餐盒（2.00*1）",榴莲王披萨9英寸,,,,非会员,19,,,请尽快帮忙出餐并安排送达谢谢 / 1份餐具,,92.00,28.75,52.40,0.00,0,0,4.00,0.00,4.00,【活动支出】店铺满减:1.00元+【活动支出】单品特价:42.40元+【活动支出】饿了么红包:9.00元+【活动支出】替用户承担配送费:4.0元,-,-,-,2.00,温州区域,温州加盟,,,否,-,平台配送
圣比萨（平阳百悦广场店）,SBM00027,温州,"8002440254263781704	",饿了么,平台外卖,已完成,2025-10-20 20:55:08,2025-10-20 20:55:08,2025-10-20 20:55:09,饿了么支付-在线支付,,即时单,2025-10-20 20:55:08,21.93,手动出餐,1,否,"浪漫威尼斯披萨9英寸（75.00*1）,餐盒（2.00*1）",浪漫威尼斯披萨【9英寸(手拍)】,,,,非会员,20,,,依据餐量提供餐具,,75.00,21.00,45.40,0.00,0,0,2.95,0.00,3.50,【活动支出】店铺满减:1.00元+【活动支出】单品特价:35.40元+【活动支出】饿了么红包:9.00元+【活动支出】替用户承担配送费:3.5元,-,-,-,2.00,温州区域,温州加盟,,,否,-,平台配送
圣比萨（平阳百悦广场店）,SBM00027,温州,"8094646088242101529	",饿了么,平台外卖,已完成,2025-10-20 21:07:43,2025-10-20 21:07:43,2025-10-20 21:07:43,饿了么支付-在线支付,,即时单,2025-10-20 21:07:43,9.38,手动出餐,1,否,新奥尔良烤鸡肉披萨7寸-单点（22.00*1）,新奥尔良烤鸡肉披萨【7英寸(手拍)】,,,,非会员,21,,,无需餐具,,22.00,12.00,0.00,0.00,0,0,0.00,0.00,,【活动支出】拼团反圈活动:0.00元,-,-,-,0.00,温州区域,温州加盟,,,否,-,平台配送
圣比萨（平阳百悦广场店）,SBM00027,温州,"8085806088264229245	",饿了么,平台外卖,已完成,2025-10-20 21:19:57,2025-10-20 21:19:57,2025-10-20 21:19:57,饿了么支付-在线支付,,即时单,2025-10-20 21:19:57,13.88,手动出餐,1,否,"港式奶茶[热]（10.00*1）,缤纷水果披萨9英寸（75.00*1）,蛋挞（10.00*1）,餐盒（4.00*1）",港式奶茶+缤纷水果披萨【9英寸(手拍)】+蛋挞,,,,非会员,22,,,依据餐量提供餐具,,95.00,29.31,54.20,0.00,0,0,4.34,0.00,5.60,【活动支出】店铺满减:2.00元+【活动支出】单品特价:1.40元+【活动支出】单品特价:35.40元+【活动支出】单品特价:3.40元+【活动支出】饿了么红包:12.00元+【活动支出】替用户承担配送费:5.6元,-,-,-,4.00,温州区域,温州加盟,,,否,-,平台配送
圣比萨（平阳百悦广场店）,SBM00027,温州,"8081886088247821735	",饿了么,平台外卖,已完成,2025-10-20 21:33:17,2025-10-20 21:33:17,2025-10-20 21:33:18,饿了么支付-在线支付,,即时单,2025-10-20 21:33:17,10.27,手动出餐,1,否,"薯饼3个（12.00*1）,招牌肉酱芝士焗饭（52.00*1）,经典薯条（18.00*1）,餐盒（5.00*1）",薯饼+招牌肉酱芝士焗饭+经典薯条,,,,非会员,23,,,2份餐具,,82.00,28.19,44.80,0.00,0,0,4.06,0.00,5.60,【活动支出】店铺满减:1.00元+【活动支出】单品特价:26.40元+【活动支出】单品特价:8.40元+【活动支出】饿了么红包:9.00元+【活动支出】替用户承担配送费:5.6元,-,-,-,5.00,温州区域,温州加盟,,,否,-,平台配送
圣比萨（龙港西城店）,SBS00018,温州,"8070596087904019814	",饿了么,平台外卖,已完成,2025-10-20 10:25:24,2025-10-20 10:25:24,2025-10-20 10:25:25,饿了么支付-在线支付,,预约单,2025-10-20 11:20:00,9.75,自动出餐,1,否,"榴莲王披萨-9英寸(手拍)[{""name"":""规格"",""value"":""9英寸(手拍)""}]（92.00*1）,餐盒（2.00*1）",榴莲王披萨,,,,非会员,1,,,依据餐量提供餐具,,92.00,26.03,54.10,0.00,0,0,3.82,0.00,5.60,【活动支出】店铺满减:1.00元+【活动支出】单品特价:42.10元+【活动支出】粉丝群:2.00元+【活动支出】饿了么红包:9.00元+【活动支出】替用户承担配送费:5.0元,-,-,-,2.00,温州区域,温州直营,,,否,-,平台配送
圣比萨（龙港西城店）,SBS00018,温州,"8001876087987417504	",饿了么,平台外卖,已完成,2025-10-20 11:22:28,2025-10-20 11:22:28,2025-10-20 11:22:28,饿了么支付-在线支付,,即时单,2025-10-20 11:22:28,12.03,自动出餐,1,否,手握三选一-单点[缤纷水果]（20.00*1）,热带雨林水果一人食盒子披萨,,,,非会员,2,,,依据餐量提供餐具,,20.00,10.00,0.00,0.00,0,0,0.00,0.00,,【活动支出】拼团反圈活动:0.00元,-,-,-,0.00,温州区域,温州直营,,,否,-,平台配送
圣比萨（龙港西城店）,SBS00018,温州,"8013100254149635551	",饿了么,平台外卖,已完成,2025-10-20 12:56:25,2025-10-20 12:56:25,2025-10-20 12:56:25,饿了么支付-在线支付,,即时单,2025-10-20 12:56:25,12.18,自动出餐,1,否,手握三选一-单点[日式照烧]（20.00*1）,日式烧鸟风味一人食盒子披萨,,,,非会员,3,,,依据餐量提供餐具,,20.00,10.00,0.00,0.00,0,0,0.00,0.00,,【活动支出】拼团反圈活动:0.00元,-,-,-,0.00,温州区域,温州直营,,,否,-,平台配送
圣比萨（龙港西城店）,SBS00018,温州,"8017556088028092876	",饿了么,平台外卖,已完成,2025-10-20 13:00:41,2025-10-20 13:00:41,2025-10-20 13:00:42,饿了么支付-在线支付,,即时单,2025-10-20 13:00:41,12.05,自动出餐,1,否,手握三选一-单点[缤纷水果]（20.00*1）,热带雨林水果一人食盒子披萨,,,,非会员,4,,,依据餐量提供餐具,,20.00,10.00,0.00,0.00,0,0,0.00,0.00,,【活动支出】拼团反圈活动:0.00元,-,-,-,0.00,温州区域,温州直营,,,否,-,平台配送
圣比萨（龙港西城店）,SBS00018,温州,"8008746088027405771	",饿了么,平台外卖,已完成,2025-10-20 13:05:10,2025-10-20 13:05:10,2025-10-20 13:05:11,饿了么支付-在线支付,,即时单,2025-10-20 13:05:10,12.17,自动出餐,1,否,"炙热牛魔王披萨-9英寸(经典手拍)[{""name"":""规格"",""value"":""9英寸(经典手拍)""}]（45.90*1）,餐盒（2.00*1）",炙热牛魔王披萨,,,,非会员,5,,,依据餐量提供餐具,,45.90,29.62,6.00,0.00,0,0,4.03,0.00,3.50,【活动支出】店铺满减:1.00元+【活动支出】饿了么红包:5.00元+【活动支出】替用户承担配送费:3.5元,-,-,-,2.00,温州区域,温州直营,,,否,-,平台配送
圣比萨（龙港西城店）,SBS00018,温州,"8058586088092971456	",饿了么,平台外卖,已完成,2025-10-20 14:10:21,2025-10-20 14:10:21,2025-10-20 14:10:22,饿了么支付-在线支付,,即时单,2025-10-20 14:10:21,10.00,自动出餐,1,否,手握三选一-单点[奥尔良]（20.00*1）,奥尔良风情烤鸡肉一人食盒子披萨,,,,非会员,6,,,依据餐量提供餐具,,20.00,10.00,0.00,0.00,0,0,0.00,0.00,,【活动支出】爆品团通吃券:0.00元,-,-,-,0.00,温州区域,温州直营,,,否,-,平台配送
圣比萨（龙港西城店）,SBS00018,温州,"8025886088145689856	",饿了么,平台外卖,已完成,2025-10-20 16:48:23,2025-10-20 16:48:23,2025-10-20 16:48:23,饿了么支付-在线支付,,即时单,2025-10-20 16:48:23,10.10,自动出餐,1,否,"【任选5件套】披萨意面我全都要[圣比招牌披萨7英寸+招牌肉酱意面+明星小食桶B+柠檬茶+芒果汁]（61.90*1）,餐盒（2.00*1）",大圣招牌大满贯披萨【7英寸(手拍)】+招牌肉酱意面+明星小食桶B+柠檬茶+芒果汁,,,,非会员,7,,,2份餐具,,61.90,38.56,10.00,0.00,0,0,5.29,0.00,3.50,【活动支出】店铺满减:2.00元+【活动支出】饿了么红包:8.00元+【活动支出】替用户承担配送费:3.5元,-,-,-,2.00,温州区域,温州直营,,,否,-,平台配送
圣比萨（龙港西城店）,SBS00018,温州,"8079686088122129749	",饿了么,平台外卖,已完成,2025-10-20 17:28:03,2025-10-20 17:28:03,2025-10-20 17:28:03,饿了么支付-在线支付,,即时单,2025-10-20 17:28:03,10.12,自动出餐,1,否,"榴莲王披萨-7英寸(经典手拍)[{""name"":""规格"",""value"":""7英寸(经典手拍)""}]（52.00*1）,餐盒（2.00*1）",榴莲王披萨,,,,非会员,8,,,依据餐量提供餐具,,52.00,18.89,26.10,0.00,0,0,2.56,0.00,3.50,【活动支出】单品特价:18.10元+【活动支出】饿了么红包:8.00元+【活动支出】替用户承担配送费:3.5元,-,-,-,2.00,温州区域,温州直营,,,否,-,平台配送
圣比萨（龙港西城店）,SBS00018,温州,"8057566088171271424	",饿了么,平台外卖,已完成,2025-10-20 17:39:51,2025-10-20 17:39:51,2025-10-20 17:39:52,饿了么支付-在线支付,,即时单,2025-10-20 17:39:51,12.13,自动出餐,1,否,"手握三选一-单点[奥尔良][{""name"":""规格"",""value"":""单点""}]（20.00*1）",奥尔良风情烤鸡肉一人食盒子披萨,,,,非会员,9,,,-,,20.00,10.00,0.00,0.00,0,0,0.00,0.00,,【活动支出】拼团反圈活动:0.00元,-,-,-,0.00,温州区域,温州直营,,,否,-,平台配送
圣比萨（龙港西城店）,SBS00018,温州,"8061490254255645095	",饿了么,平台外卖,已完成,2025-10-20 17:41:16,2025-10-20 17:41:16,2025-10-20 17:41:16,饿了么支付-在线支付,,即时单,2025-10-20 17:41:16,11.95,手动出餐,1,否,"经典薯条（18.00*1）,披萨随心配（60.40*1）,餐盒（3.00*1）",经典薯条+缤纷水果披萨(7英寸(手拍))+上校鸡块2个+深海墨鱼丸2个+盐酥鸡米花小份,,,,非会员,10,,,无需餐具,,78.40,19.09,52.60,0.00,0,0,2.66,0.00,3.50,【活动支出】店铺满减:1.00元+【活动支出】单品特价:9.10元+【活动支出】单品特价:28.50元+【活动支出】粉丝群:2.00元+【活动支出】饿了么红包:12.00元+【活动支出】替用户承担配送费:3.5元,-,-,-,3.00,温州区域,温州直营,,,否,-,平台配送
圣比萨（龙港西城店）,SBS00018,温州,"8023966088145352097	",饿了么,平台外卖,已完成,2025-10-20 18:13:39,2025-10-20 18:13:39,2025-10-20 18:13:39,饿了么支付-在线支付,,即时单,2025-10-20 18:13:39,12.13,自动出餐,1,否,"番茄牛肉意面（52.00*1）,芝士焗红薯泥（19.00*1）,餐盒（3.00*1）",番茄牛肉意面+芝士焗红薯泥,,,,非会员,11,,,依据餐量提供餐具,,71.00,20.88,43.20,0.00,0,0,2.87,0.00,3.50,【活动支出】店铺满减:1.00元+【活动支出】单品特价:26.10元+【活动支出】单品特价:9.10元+【活动支出】吃货豆兑换的商家券:5.00元+【活动支出】 商家自营销加码:2.00元+【活动支出】替用户承担配送费:3.5元,-,-,-,3.00,温州区域,温州直营,,,否,-,平台配送
圣比萨（龙港西城店）,SBS00018,温州,"8094160254325961153	",饿了么,平台外卖,已完成,2025-10-20 19:45:55,2025-10-20 19:45:55,2025-10-20 19:45:55,饿了么支付-在线支付,,即时单,2025-10-20 19:45:55,10.08,自动出餐,1,否,番茄牛肉意面-单点（22.59*1）,番茄牛肉意面,,,,非会员,12,,,依据餐量提供餐具,,22.59,12.59,0.00,0.00,0,0,0.00,0.00,,【活动支出】拼团反圈活动:0.00元,-,-,-,0.00,温州区域,温州直营,,,否,-,平台配送
圣比萨（龙港西城店）,SBS00018,温州,"8099756088220299763	",饿了么,平台外卖,已完成,2025-10-20 19:47:04,2025-10-20 19:47:04,2025-10-20 19:47:04,饿了么支付-在线支付,,即时单,2025-10-20 19:47:04,10.12,自动出餐,1,否,"焗饭随心配（53.80*1）,餐盒（2.00*1）",招牌肉酱芝士焗饭+上校鸡块2个+深海墨鱼丸2个+盐酥鸡米花小份,,,,非会员,13,,,无需餐具,,53.80,18.89,27.90,0.00,0,0,2.56,0.00,3.50,【活动支出】单品特价:21.90元+【活动支出】饿了么红包:6.00元+【活动支出】替用户承担配送费:3.5元,-,-,-,2.00,温州区域,温州直营,,,否,-,平台配送
圣比萨（龙港西城店）,SBS00018,温州,"8052220254349115837	",饿了么,平台外卖,已完成,2025-10-20 20:04:16,2025-10-20 20:04:16,2025-10-20 20:04:16,饿了么支付-在线支付,,即时单,2025-10-20 20:04:16,10.07,自动出餐,1,否,"缤纷水果披萨-7英寸(手拍)[{""name"":""规格"",""value"":""7英寸(手拍)""}]（42.00*1）,餐盒（2.00*1）",缤纷水果披萨,,,,非会员,14,,,依据餐量提供餐具,,42.00,12.32,22.10,0.00,0,0,1.93,0.00,5.60,【活动支出】单品特价:16.10元+【活动支出】饿了么红包:6.00元+【活动支出】替用户承担配送费:5.0元,-,-,-,2.00,温州区域,温州直营,,,否,-,平台配送
圣比萨（龙港西城店）,SBS00018,温州,"8087490254353606067	",饿了么,平台外卖,已完成,2025-10-20 20:18:44,2025-10-20 20:18:44,2025-10-20 20:18:44,饿了么支付-在线支付,,即时单,2025-10-20 20:18:44,8.25,手动出餐,1,否,"日系照烧鸡披萨-7英寸(手拍)[{""name"":""规格"",""value"":""7英寸(手拍)""}]（23.90*1）,黑椒牛肉意面（28.90*1）,餐盒（4.00*1）",日系照烧鸡披萨+黑椒牛肉意面,,,,非会员,15,,,依据餐量提供餐具,,52.80,29.82,13.00,0.00,0,0,4.23,0.00,4.50,【活动支出】店铺满减:1.00元+【活动支出】饿了么红包:12.00元+【活动支出】替用户承担配送费:4.5元,-,-,-,4.00,温州区域,温州直营,,,否,-,平台配送
圣比萨（龙港西城店）,SBS00018,温州,"8019986088207548722	",饿了么,平台外卖,已完成,2025-10-20 20:24:43,2025-10-20 20:24:43,2025-10-20 20:24:43,饿了么支付-在线支付,,即时单,2025-10-20 20:24:43,9.45,手动出餐,1,否,"缤纷水果披萨-9英寸(手拍)[{""name"":""规格"",""value"":""9英寸(手拍)""}]（75.00*1）,餐盒（2.00*1）",缤纷水果披萨,,,,非会员,16,,,香蕉 / 依据餐量提供餐具,,75.00,22.76,44.10,0.00,0,0,3.09,0.00,3.50,【活动支出】店铺满减:1.00元+【活动支出】单品特价:35.10元+【活动支出】超级会员专享红包:8.00元+【活动支出】 商家自营销加码:0.00元+【活动支出】替用户承担配送费:3.5元,-,-,-,2.00,温州区域,温州直营,,,否,-,平台配送
圣比萨（龙港西城店）,SBS00018,温州,"8020050254440133063	",饿了么,平台外卖,已完成,2025-10-20 20:24:59,2025-10-20 20:24:59,2025-10-20 20:24:59,饿了么支付-在线支付,,即时单,2025-10-20 20:24:59,10.07,自动出餐,1,否,"川香脆皮翅根-2个[{""name"":""规格"",""value"":""2个""}]（22.00*1）,点击右上角❤️收藏得小吃[上校鸡块2个]（5.00*1）,【随心❤️拼】7英寸双拼披萨(口味自选）[奥尔良+培根鸡肉]（45.90*1）,餐盒（3.00*1）",川香脆皮大翅根+上校鸡块2个+双拼7寸【奥尔良口味7】+双拼7寸【碳烤鸡肉培根口味7】,,,,非会员,17,,,依据餐量提供餐具,,72.90,18.89,48.00,0.00,0,0,2.56,0.00,3.50,【活动支出】店铺满减:1.00元+【活动支出】单品特价:11.10元+【活动支出】单品特价:4.90元+【活动支出】单品特价:19.00元+【活动支出】饿了么红包:12.00元+【活动支出】替用户承担配送费:3.5元,-,-,-,3.00,温州区域,温州直营,,,否,-,平台配送
圣比萨（龙港西城店）,SBS00018,温州,"8010460254253804860	",饿了么,平台外卖,已完成,2025-10-20 20:26:36,2025-10-20 20:26:36,2025-10-20 20:26:36,饿了么支付-在线支付,,即时单,2025-10-20 20:26:36,8.83,手动出餐,1,否,"缤纷水果披萨-7英寸(手拍)[{""name"":""规格"",""value"":""7英寸(手拍)""}]（42.00*1）",缤纷水果披萨,,,,非会员,18,,,依据餐量提供餐具,,42.00,10.90,23.70,0.00,0,0,1.55,0.00,3.50,【活动支出】单品特价:23.70元+【活动支出】替用户承担配送费:3.5元,-,-,-,0.00,温州区域,温州直营,,,否,-,平台配送
圣比萨（龙港西城店）,SBS00018,温州,"8082516088252605801	",饿了么,平台外卖,已完成,2025-10-20 20:32:22,2025-10-20 20:32:22,2025-10-20 20:32:22,饿了么支付-在线支付,,即时单,2025-10-20 20:32:22,8.43,手动出餐,1,否,"【随心❤️拼】7英寸双拼披萨(口味自选）[奥尔良+培根鸡肉]（45.90*1）,餐盒（2.00*1）",双拼7寸【奥尔良口味7】+双拼7寸【碳烤鸡肉培根口味7】,,,,非会员,19,,,依据餐量提供餐具,,45.90,13.22,27.00,0.00,0,0,1.83,0.00,3.50,【活动支出】单品特价:19.00元+【活动支出】粉丝群:2.00元+【活动支出】饿了么红包:6.00元+【活动支出】替用户承担配送费:3.5元,-,-,-,2.00,温州区域,温州直营,,,否,-,平台配送
圣比萨（龙港西城店）,SBS00018,温州,"8097696088274702612	",饿了么,平台外卖,已完成,2025-10-20 20:57:18,2025-10-20 20:57:18,2025-10-20 20:57:18,饿了么支付-在线支付,,即时单,2025-10-20 20:57:18,6.87,手动出餐,1,否,"奥尔良烤翅（14.00*2）,番茄牛肉意面（52.00*1）,餐盒（4.00*1）",奥尔良烤翅+番茄牛肉意面,,,,非会员,20,,,依据餐量提供餐具,,80.00,26.46,46.30,0.00,0,0,3.59,0.00,3.50,【活动支出】店铺满减:1.00元+【活动支出】单品特价:12.20元+【活动支出】单品特价:26.10元+【活动支出】超级会员专享红包:5.00元+【活动支出】 商家自营销加码:2.00元+【活动支出】替用户承担配送费:3.5元,-,-,-,4.00,温州区域,温州直营,,,否,-,平台配送
圣比萨（龙港西城店）,SBS00018,温州,"8042250254355939812	",饿了么,平台外卖,已完成,2025-10-20 21:16:13,2025-10-20 21:16:13,2025-10-20 21:16:14,饿了么支付-在线支付,,即时单,2025-10-20 21:16:13,10.17,自动出餐,1,否,任选披萨5选1+小吃4选1+饮料套餐[全芝士披萨7英寸+上校鸡块2个+小可乐]（68.00*1）,金牌芝士披萨【7英寸(手拍)】+上校鸡块2个+小可乐,,,,非会员,21,,,依据餐量提供餐具,,68.00,11.67,48.28,0.00,0,0,1.70,0.00,5.60,【活动支出】单品特价:48.28元+【活动支出】替用户承担配送费:5.0元,-,-,-,0.00,温州区域,温州直营,,,否,-,平台配送
圣比萨（龙港西城店）,SBS00018,温州,"8090250254276798844	",饿了么,平台外卖,已完成,2025-10-20 21:54:22,2025-10-20 21:54:22,2025-10-20 21:54:22,饿了么支付-在线支付,,即时单,2025-10-20 21:54:22,8.65,手动出餐,1,否,手握三选一-单点[日式照烧]（20.00*1）,日式烧鸟风味一人食盒子披萨,,,,非会员,22,,,依据餐量提供餐具,,20.00,10.00,0.00,0.00,0,0,0.00,0.00,,【活动支出】爆品团通吃券:0.00元,-,-,-,0.00,温州区域,温州直营,,,否,-,平台配送
圣比萨（黄龙店）,SBS00008,温州,"8010060253941919102	",饿了么,平台外卖,已完成,2025-10-20 09:35:59,2025-10-20 09:35:59,2025-10-20 09:35:59,饿了么支付-在线支付,,预约单,2025-10-20 10:25:00,4.05,自动出餐,1,否,"榴莲王披萨-7英寸(经典手拍)[{""name"":""规格"",""value"":""7英寸(经典手拍)""}]（52.00*1）,招牌肉酱意面（52.00*1）,餐盒（2.00*1）",榴莲王披萨+招牌肉酱意面,,,,非会员,1,,,依据餐量提供餐具,,104.00,37.80,55.20,0.00,0,0,3.55,0.00,3.50,【活动支出】店铺满减:2.00元+【活动支出】单品特价:18.10元+【活动支出】单品特价:26.10元+【活动支出】饿了么红包:9.00元+【活动支出】替用户承担配送费:3.5元,-,-,-,2.00,温州区域,温州直营,,,否,-,平台配送
圣比萨（黄龙店）,SBS00008,温州,"8078636087904206305	",饿了么,平台外卖,已完成,2025-10-20 10:06:03,2025-10-20 10:06:03,2025-10-20 10:06:04,饿了么支付-在线支付,,即时单,2025-10-20 10:06:03,9.32,手动出餐,1,否,"新奥尔良烤鸡肉披萨-9英寸(手拍)[{""name"":""规格"",""value"":""9英寸(手拍)""}]（33.90*1）,餐盒（2.00*1）",新奥尔良烤鸡肉披萨,,,,非会员,2,,,依据餐量提供餐具,,33.90,17.82,8.00,0.00,0,0,1.83,0.00,5.60,【活动支出】饿了么红包:8.00元+【活动支出】替用户承担配送费:5.0元,-,-,-,2.00,温州区域,温州直营,,,否,-,平台配送
圣比萨（黄龙店）,SBS00008,温州,"8084736087960784203	",饿了么,平台外卖,已完成,2025-10-20 10:39:28,2025-10-20 10:39:28,2025-10-20 10:39:28,饿了么支付-在线支付,,即时单,2025-10-20 10:39:28,15.22,自动出餐,1,否,"圣比招牌披萨-7英寸(经典手拍)[{""name"":""规格"",""value"":""7英寸(经典手拍)""}]（45.00*1）,点击右上角❤️收藏得小吃[上校鸡块2个]（2.00*1）,餐盒（0.50*1）",大圣招牌大满贯披萨+上校鸡块2个,,,,非会员,3,,,依据餐量提供餐具,,47.00,15.92,23.60,0.00,0,0,1.53,0.00,3.50,【活动支出】单品特价:21.70元+【活动支出】精准营销:1.90元+【活动支出】替用户承担配送费:3.5元,-,-,-,0.50,温州区域,温州直营,,,否,-,平台配送
圣比萨（黄龙店）,SBS00008,温州,"8077746087951976802	",饿了么,平台外卖,已完成,2025-10-20 10:42:52,2025-10-20 10:42:52,2025-10-20 10:42:53,饿了么支付-在线支付,,即时单,2025-10-20 10:42:52,13.05,手动出餐,1,否,"新奥尔良烤鸡肉披萨-9英寸(手拍)[{""name"":""规格"",""value"":""9英寸(手拍)""}]（33.90*1）,点击右上角❤️收藏得小吃[墨鱼丸1个]（2.00*1）,【新客福利】蛋挞一个（原味）（5.00*1）,餐盒（3.00*1）",新奥尔良烤鸡肉披萨+深海墨鱼丸1个+蛋挞1个,,,,非会员,4,,,依据餐量提供餐具,,40.90,20.95,13.91,0.00,0,0,1.99,0.00,3.50,【活动支出】单品特价:4.01元+【活动支出】 商家自营销加码:0.00元+【活动支出】饿了么红包:8.00元+【活动支出】精准营销:1.90元+【活动支出】替用户承担配送费:3.5元,-,-,-,3.00,温州区域,温州直营,,,否,-,平台配送
圣比萨（黄龙店）,SBS00008,温州,"8067536087962914144	",饿了么,平台外卖,已完成,2025-10-20 11:00:40,2025-10-20 11:00:40,2025-10-20 11:00:40,饿了么支付-在线支付,,即时单,2025-10-20 11:00:40,11.58,手动出餐,1,否,"招牌肉酱芝士焗饭（52.00*1）,点击右上角❤️收藏得小吃[上校鸡块2个]（2.00*1）,餐盒（0.50*1）",招牌肉酱芝士焗饭+上校鸡块2个,,,,非会员,5,,,依据餐量提供餐具,,54.00,12.72,34.50,0.00,0,0,1.43,0.00,3.50,【活动支出】单品特价:32.60元+【活动支出】单品特价:1.90元+【活动支出】替用户承担配送费:3.5元,-,-,-,0.50,温州区域,温州直营,,,否,-,平台配送
圣比萨（黄龙店）,SBS00008,温州,"8056360254091051422	",饿了么,平台外卖,已完成,2025-10-20 11:09:53,2025-10-20 11:09:53,2025-10-20 11:09:53,饿了么支付-在线支付,,即时单,2025-10-20 11:09:53,13.13,手动出餐,1,否,"点击右上角❤️收藏得小吃[墨鱼丸1个]（2.00*1）,【任选】意面随心配（37.80*1）,地道肠（3.90*1）,【新客福利】蛋挞一个（原味）（5.00*1）,餐盒（4.00*1）",深海墨鱼丸1个+地道肠1根+上校鸡块+蛋挞1个+不加一+招牌肉酱意面+可乐+金丝鸡排+地道肠1根+蛋挞1个,,,,非会员,6,,,依据餐量提供餐具,,48.70,24.82,16.91,0.00,0,0,2.42,0.00,5.60,【活动支出】店铺满减:1.00元+【活动支出】单品特价:4.01元+【活动支出】精准营销:1.90元+【活动支出】 商家自营销加码:0.00元+【活动支出】饿了么红包:8.00元+【活动支出】粉丝群:2.00元+【活动支出】替用户承担配送费:5.0元,-,-,-,4.00,温州区域,温州直营,,,否,-,平台配送
圣比萨（黄龙店）,SBS00008,温州,"8041626087998692699	",饿了么,平台外卖,已完成,2025-10-20 11:21:19,2025-10-20 11:21:19,2025-10-20 11:21:19,饿了么支付-在线支付,,即时单,2025-10-20 11:21:19,16.38,手动出餐,1,否,"缤纷水果披萨-7英寸(手拍)[{""name"":""规格"",""value"":""7英寸(手拍)""}]（42.00*1）",缤纷水果披萨,,,,非会员,7,,,依据餐量提供餐具,,42.00,7.82,23.70,0.00,0,0,1.43,0.00,7.40,【活动支出】单品特价:23.70元+【活动支出】替用户承担配送费:5.0元,-,-,-,0.00,温州区域,温州直营,,,否,-,平台配送
圣比萨（黄龙店）,SBS00008,温州,"8046926087985078699	",饿了么,平台外卖,已完成,2025-10-20 11:48:05,2025-10-20 11:48:05,2025-10-20 11:48:05,饿了么支付-在线支付,,即时单,2025-10-20 11:48:05,12.48,手动出餐,1,否,"新奥尔良烤鸡肉披萨-7英寸(手拍)[{""name"":""规格"",""value"":""7英寸(手拍)""}]（23.90*1）,餐盒（2.00*1）",新奥尔良烤鸡肉披萨,,,,非会员,8,,,依据餐量提供餐具,用户申请取消单 其他原因，,23.90,9.72,8.00,0.00,0,0,1.43,0.00,5.00,【活动支出】粉丝群:2.00元+【活动支出】饿了么红包:6.00元+【活动支出】替用户承担配送费:5.0元,-,-,-,2.00,温州区域,温州直营,,,否,-,平台配送
圣比萨（黄龙店）,SBS00008,温州,"8066450254069542183	",饿了么,平台外卖,已完成,2025-10-20 12:59:13,2025-10-20 12:59:13,2025-10-20 12:59:13,饿了么支付-在线支付,,即时单,2025-10-20 12:59:13,12.97,手动出餐,1,否,"圣比招牌披萨-12英寸(经典手拍)[{""name"":""规格"",""value"":""12英寸(经典手拍)""}]（109.00*1）,餐盒（2.00*1）",大圣招牌大满贯披萨,,,,非会员,9,,,依据餐量提供餐具,,109.00,31.69,68.10,0.00,0,0,2.96,0.00,3.50,【活动支出】店铺满减:2.00元+【活动支出】单品特价:52.10元+【活动支出】粉丝群:2.00元+【活动支出】饿了么红包:12.00元+【活动支出】替用户承担配送费:3.5元,-,-,-,2.00,温州区域,温州直营,,,否,-,平台配送
圣比萨（黄龙店）,SBS00008,温州,"8085460254293165327	",饿了么,平台外卖,已完成,2025-10-20 14:56:46,2025-10-20 14:56:46,2025-10-20 14:56:47,饿了么支付-在线支付,,即时单,2025-10-20 14:56:46,13.98,手动出餐,1,否,"【随心拼】7英寸双拼披萨(口味自选）[日系照烧+培根鸡肉]（26.90*1）,餐盒（2.00*1）",双拼7寸【日系照烧口味7】+双拼7寸【碳烤鸡肉培根口味7】,,,,非会员,10,,,依据餐量提供餐具,,26.90,14.62,7.00,0.00,0,0,1.43,0.00,3.50,【活动支出】饿了么红包:7.00元+【活动支出】替用户承担配送费:3.5元,-,-,-,2.00,温州区域,温州直营,,,否,-,平台配送
圣比萨（黄龙店）,SBS00008,温州,"8068996088141392147	",饿了么,平台外卖,已完成,2025-10-20 16:23:39,2025-10-20 16:23:39,2025-10-20 16:23:39,饿了么支付-在线支付,,即时单,2025-10-20 16:23:39,10.08,手动出餐,1,否,"7英寸披萨买一送一[奥尔良鸡肉披萨7英寸+圣比招牌披萨7英寸]（86.80*1）,深海墨鱼丸-6个[{""name"":""规格"",""value"":""6个""}]（18.20*1）,餐盒（3.00*1）",新奥尔良烤鸡肉披萨【7英寸(手拍)】+大圣招牌大满贯披萨【7英寸(手拍)】+深海墨鱼丸,,,,非会员,11,,,依据餐量提供餐具,,105.00,32.85,63.20,0.00,0,0,3.10,0.00,3.50,【活动支出】店铺满减:1.00元+【活动支出】单品特价:44.90元+【活动支出】单品特价:8.30元+【活动支出】饿了么红包:9.00元+【活动支出】替用户承担配送费:3.5元,-,-,-,3.00,温州区域,温州直营,,,否,-,平台配送
圣比萨（黄龙店）,SBS00008,温州,"8019956088146007428	",饿了么,平台外卖,已完成,2025-10-20 16:40:47,2025-10-20 16:40:47,2025-10-20 16:40:47,饿了么支付-在线支付,,即时单,2025-10-20 16:40:47,7.62,手动出餐,1,否,"任选披萨5选1+小吃4选1+饮料套餐[培根披萨7英寸+深海墨鱼丸2个+小可乐]（68.00*1）,点击右上角❤️收藏得小吃[上校鸡块2个]（2.00*1）,餐盒（0.50*1）",培根披萨【7英寸(手拍)】+深海墨鱼丸2个+小可乐+上校鸡块2个,,,,非会员,12,,,依据餐量提供餐具,,70.00,13.04,50.18,0.00,0,0,1.43,0.00,3.50,【活动支出】单品特价:48.28元+【活动支出】单品特价:1.90元+【活动支出】替用户承担配送费:3.5元,-,-,-,0.50,温州区域,温州直营,,,否,-,平台配送
圣比萨（黄龙店）,SBS00008,温州,"8053020254251450668	",饿了么,平台外卖,已完成,2025-10-20 16:49:51,2025-10-20 16:49:51,2025-10-20 16:49:52,饿了么支付-在线支付,,即时单,2025-10-20 16:49:51,12.63,手动出餐,1,否,"【任选】意面随心配（31.90*1）,点击右上角❤️收藏得小吃[上校鸡块2个]（2.00*1）,【新客福利】蛋挞一个（原味）（5.00*1）,餐盒（3.00*1）",地道肠1根+深海墨鱼丸(3个)+小薯条+不加一+招牌肉酱意面+芒果汁+不加一+上校鸡块2个+蛋挞1个,,,,非会员,13,,,依据餐量提供餐具,,38.90,19.70,13.91,0.00,0,0,1.84,0.00,3.50,【活动支出】单品特价:1.90元+【活动支出】单品特价:4.01元+【活动支出】饿了么红包:8.00元+【活动支出】替用户承担配送费:3.5元,-,-,-,3.00,温州区域,温州直营,,,否,-,平台配送
圣比萨（黄龙店）,SBS00008,温州,"8030440254335615273	",饿了么,平台外卖,已完成,2025-10-20 17:06:23,2025-10-20 17:06:23,2025-10-20 17:06:23,饿了么支付-在线支付,,即时单,2025-10-20 17:06:23,10.45,手动出餐,1,否,"【随心拼】9英寸双拼披萨(口味自选）[新奥尔良+日系照烧鸡]（36.90*1）,地道肠（3.90*1）,餐盒（3.00*1）",双拼9寸【奥尔良口味9】+双拼9寸【日系照烧口味9】+地道肠1根,,,,非会员,14,,,依据餐量提供餐具,,40.80,23.00,9.00,0.00,0,0,2.35,0.00,6.20,【活动支出】店铺满减:1.00元+【活动支出】饿了么红包:8.00元+【活动支出】替用户承担配送费:5.0元,-,-,-,3.00,温州区域,温州直营,,,否,-,平台配送
圣比萨（黄龙店）,SBS00008,温州,"8009516088153843153	",饿了么,平台外卖,已完成,2025-10-20 17:11:24,2025-10-20 17:11:24,2025-10-20 17:11:25,饿了么支付-在线支付,,即时单,2025-10-20 17:11:24,10.82,手动出餐,1,否,"【任选】意面随心配（31.90*1）,餐盒（2.00*1）",上校鸡块+蛋挞1个+小薯条+不加一+招牌肉酱意面+柠檬茶+不加一,,,,非会员,15,,,无需餐具,,31.90,19.62,6.00,0.00,0,0,1.83,0.00,3.50,【活动支出】饿了么红包:6.00元+【活动支出】替用户承担配送费:3.5元,-,-,-,2.00,温州区域,温州直营,,,否,-,平台配送
圣比萨（黄龙店）,SBS00008,温州,"8067220254246091141	",饿了么,平台外卖,已完成,2025-10-20 17:29:01,2025-10-20 17:29:01,2025-10-20 17:29:01,饿了么支付-在线支付,,即时单,2025-10-20 17:29:01,6.93,手动出餐,1,否,"番茄牛肉意面（25.90*1）,经典薯条（8.90*1）,餐盒（2.00*1）",番茄牛肉意面+经典薯条,,,,非会员,16,,,依据餐量提供餐具,,34.80,19.85,8.00,0.00,0,0,1.90,0.00,3.50,【活动支出】 商家自营销加码:0.00元+【活动支出】饿了么红包:8.00元+【活动支出】替用户承担配送费:3.5元,-,-,-,2.00,温州区域,温州直营,,,否,-,平台配送
圣比萨（黄龙店）,SBS00008,温州,"8012656088143857942	",饿了么,平台外卖,已完成,2025-10-20 17:32:21,2025-10-20 17:32:21,2025-10-20 17:32:21,饿了么支付-在线支付,,即时单,2025-10-20 17:32:21,17.48,手动出餐,1,否,"奶酪芝士卷边（12英寸）（8.90*1）,榴莲王披萨-12英寸(手拍)[{""name"":""规格"",""value"":""12英寸(手拍)""}]（129.00*1）,【新客福利】蛋挞一个（原味）（5.00*1）,餐盒（1.50*1）",奶酪芝士卷边+榴莲王披萨+蛋挞1个,,,,非会员,17,,,无需餐具,,142.90,40.43,90.11,0.00,0,0,3.81,0.00,3.50,【活动支出】店铺满减:2.00元+【活动支出】单品特价:72.10元+【活动支出】单品特价:4.01元+【活动支出】饿了么红包:12.00元+【活动支出】淘金币:0.00元+【活动支出】替用户承担配送费:3.5元,-,-,-,1.50,温州区域,温州直营,,,否,-,平台配送
圣比萨（黄龙店）,SBS00008,温州,"8012806088173649285	",饿了么,平台外卖,已完成,2025-10-20 17:47:35,2025-10-20 17:47:35,2025-10-20 17:47:35,饿了么支付-在线支付,,即时单,2025-10-20 17:47:35,12.68,手动出餐,1,否,"【任选】披萨随心配（31.90*1）,餐盒（2.00*1）",不加一+新奥尔良烤鸡肉披萨(7英寸(手拍))+不加一+地道肠1根+可乐,,,,非会员,18,,,依据餐量提供餐具,,31.90,18.69,7.00,0.00,0,0,1.76,0.00,3.50,【活动支出】饿了么红包:7.00元+【活动支出】替用户承担配送费:3.5元,-,-,-,2.00,温州区域,温州直营,,,否,-,平台配送
圣比萨（黄龙店）,SBS00008,温州,"8083866088161204693	",饿了么,平台外卖,已完成,2025-10-20 18:01:21,2025-10-20 18:01:21,2025-10-20 18:01:21,饿了么支付-在线支付,,即时单,2025-10-20 18:01:21,14.65,手动出餐,1,否,"缤纷水果披萨-7英寸(手拍)[{""name"":""规格"",""value"":""7英寸(手拍)""}]（42.00*1）",缤纷水果披萨,,,,非会员,19,,,依据餐量提供餐具,,42.00,11.02,23.70,0.00,0,0,1.43,0.00,3.50,【活动支出】单品特价:23.70元+【活动支出】替用户承担配送费:3.5元,-,-,-,0.00,温州区域,温州直营,,,否,-,平台配送
圣比萨（黄龙店）,SBS00008,温州,"8016546088182866263	",饿了么,平台外卖,已完成,2025-10-20 18:05:19,2025-10-20 18:05:19,2025-10-20 18:05:20,饿了么支付-在线支付,,即时单,2025-10-20 18:05:19,10.72,手动出餐,1,否,"7英寸披萨买一送一[缤纷水果披萨7英寸+缤纷水果披萨7英寸]（86.80*1）,点击右上角❤️收藏得小吃[上校鸡块2个]（2.00*1）,【新客福利】蛋挞一个（原味）（5.00*1）,餐盒（3.00*1）",缤纷水果披萨【7英寸(手拍)】+缤纷水果披萨【7英寸(手拍)】+上校鸡块2个+蛋挞1个,,,,非会员,20,,,依据餐量提供餐具,,93.80,25.90,60.81,0.00,0,0,2.44,0.00,3.50,【活动支出】店铺满减:1.00元+【活动支出】单品特价:44.90元+【活动支出】单品特价:1.90元+【活动支出】单品特价:4.01元+【活动支出】饿了么红包:9.00元+【活动支出】替用户承担配送费:3.5元,-,-,-,3.00,温州区域,温州直营,,,否,-,平台配送
圣比萨（黄龙店）,SBS00008,温州,"8086250254286812426	",饿了么,平台外卖,已完成,2025-10-20 18:33:56,2025-10-20 18:33:56,2025-10-20 18:33:57,饿了么支付-在线支付,,即时单,2025-10-20 18:33:56,16.30,手动出餐,1,否,"榴莲王披萨-7英寸(经典手拍)[{""name"":""规格"",""value"":""7英寸(经典手拍)""}]（52.00*1）,餐盒（1.00*1）",榴莲王披萨,,,,非会员,21,,,依据餐量提供餐具,,52.00,19.62,25.10,0.00,0,0,1.83,0.00,3.50,【活动支出】单品特价:18.10元+【活动支出】饿了么红包:7.00元+【活动支出】替用户承担配送费:3.5元,-,-,-,1.00,温州区域,温州直营,,,否,-,平台配送
圣比萨（黄龙店）,SBS00008,温州,"8001470254321246521	",饿了么,平台外卖,已完成,2025-10-20 18:55:00,2025-10-20 18:55:00,2025-10-20 18:55:00,饿了么支付-在线支付,,即时单,2025-10-20 18:55:00,11.92,手动出餐,1,否,"奶酪芝士卷边（7英寸）（4.90*1）,点击右上角❤️收藏得小吃[墨鱼丸1个]（2.00*1）,新奥尔良烤鸡肉披萨-7英寸(手拍)[{""name"":""规格"",""value"":""7英寸(手拍)""}]（23.90*1）,餐盒（2.50*1）",酸奶多多流心卷边9+深海墨鱼丸1个+新奥尔良烤鸡肉披萨,,,,非会员,22,,,依据餐量提供餐具,,30.80,17.31,7.90,0.00,0,0,1.64,0.00,3.50,【活动支出】单品特价:1.90元+【活动支出】超级会员专享红包:5.00元+【活动支出】 商家自营销加码:1.00元+【活动支出】替用户承担配送费:3.5元,-,-,-,2.50,温州区域,温州直营,,,否,-,平台配送
圣比萨（黄龙店）,SBS00008,温州,"8048050254302187949	",饿了么,平台外卖,已完成,2025-10-20 18:57:55,2025-10-20 18:57:55,2025-10-20 18:57:55,饿了么支付-在线支付,,即时单,2025-10-20 18:57:55,12.77,手动出餐,1,否,"【随心拼】9英寸双拼披萨(口味自选）[新奥尔良+培根鸡肉]（36.90*1）,餐盒（2.00*1）",双拼9寸【奥尔良口味9】+双拼9寸【鸡肉培根口味9】,,,,非会员,23,,,依据餐量提供餐具,,36.90,20.87,9.00,0.00,0,0,1.98,0.00,4.00,【活动支出】店铺满减:1.00元+【活动支出】 商家自营销加码:0.00元+【活动支出】饿了么红包:8.00元+【活动支出】替用户承担配送费:4.0元,-,-,-,2.00,温州区域,温州直营,,,否,-,平台配送
圣比萨（黄龙店）,SBS00008,温州,"8012976088255613338	",饿了么,平台外卖,已完成,2025-10-20 20:35:30,2025-10-20 20:35:30,2025-10-20 20:35:30,饿了么支付-在线支付,,即时单,2025-10-20 20:35:30,7.48,手动出餐,1,否,"番茄牛肉意面（25.90*1）,餐盒（1.00*1）",番茄牛肉意面,,,,非会员,24,,,1份餐具,,25.90,13.62,6.00,0.00,0,0,1.43,0.00,3.50,【活动支出】超级会员专享红包:5.00元+【活动支出】 商家自营销加码:1.00元+【活动支出】替用户承担配送费:3.5元,-,-,-,1.00,温州区域,温州直营,,,否,-,平台配送
圣比萨（黄龙店）,SBS00008,温州,"8012320254357941755	",饿了么,平台外卖,已完成,2025-10-20 20:36:01,2025-10-20 20:36:01,2025-10-20 20:36:01,饿了么支付-在线支付,,即时单,2025-10-20 20:36:01,7.05,手动出餐,1,否,"新奥尔良烤鸡肉披萨-7英寸(手拍)[{""name"":""规格"",""value"":""7英寸(手拍)""}]（23.90*1）,餐盒（2.00*1）",新奥尔良烤鸡肉披萨,,,,非会员,25,,,无需餐具,,23.90,12.62,6.00,0.00,0,0,1.43,0.00,3.50,【活动支出】 商家自营销加码:1.00元+【活动支出】饿了么红包:5.00元+【活动支出】替用户承担配送费:3.5元,-,-,-,2.00,温州区域,温州直营,,,否,-,平台配送
圣比萨（黄龙店）,SBS00008,温州,"8003100254447379800	",饿了么,平台外卖,已完成,2025-10-20 20:50:53,2025-10-20 20:50:53,2025-10-20 20:50:53,饿了么支付-在线支付,,即时单,2025-10-20 20:50:53,9.67,手动出餐,1,否,"【任选】披萨随心配（31.90*1）,餐盒（2.00*1）",不加一+新奥尔良烤鸡肉披萨(7英寸(手拍))+不加一+地道肠1根+可乐,,,,非会员,26,,,依据餐量提供餐具,,31.90,18.69,7.00,0.00,0,0,1.76,0.00,3.50,【活动支出】饿了么红包:7.00元+【活动支出】替用户承担配送费:3.5元,-,-,-,2.00,温州区域,温州直营,,,否,-,平台配送
圣比萨（黄龙店）,SBS00008,温州,"8059566088296285497	",饿了么,平台外卖,已完成,2025-10-20 22:08:23,2025-10-20 22:08:23,2025-10-20 22:08:23,饿了么支付-在线支付,,即时单,2025-10-20 22:08:23,9.70,手动出餐,1,否,"黑椒牛肉意面（30.90*1）,深海墨鱼丸-3个[{""name"":""规格"",""value"":""3个""}]（10.60*1）,餐盒（2.00*1）",黑椒牛肉意面+深海墨鱼丸,,,,非会员,27,,,"对骑手：313793访客码，按左边黑色小按键！！不用按门铃放门口鞋架
, 对商家洋葱青椒辣椒不要 / 依据餐量提供餐具",,41.50,20.28,13.70,0.00,0,0,1.97,0.00,5.60,【活动支出】店铺满减:1.00元+【活动支出】单品特价:4.70元+【活动支出】饿了么红包:8.00元+【活动支出】替用户承担配送费:5.0元,-,-,-,2.00,温州区域,温州直营,,,否,-,平台配送
圣比萨（黄龙店）,SBS00008,温州,"8087826088281789932	",饿了么,平台外卖,已完成,2025-10-20 22:12:48,2025-10-20 22:12:48,2025-10-20 22:12:48,饿了么支付-在线支付,,即时单,2025-10-20 22:12:48,15.18,自动出餐,1,否,"奥尔良烤翅（9.90*1）,【任选】披萨随心配（40.80*1）,上校鸡块（4.90*1）,点击右上角❤️收藏得小吃[上校鸡块2个]（2.00*1）,【新客福利】蛋挞一个（原味）（5.00*1）,餐盒（5.00*1）",奥尔良烤翅+不加一+花果山披萨(7英寸(手拍))+奥尔良烤翅+小薯条+芒果汁+上校鸡块+上校鸡块2个+蛋挞1个,,,,非会员,28,,,依据餐量提供餐具,,62.60,35.03,19.91,0.00,0,0,3.31,0.00,5.60,【活动支出】店铺满减:2.00元+【活动支出】单品特价:1.90元+【活动支出】单品特价:4.01元+【活动支出】饿了么红包:12.00元+【活动支出】替用户承担配送费:5.0元,-,-,-,5.00,温州区域,温州直营,,,否,-,平台配送
圣比萨（黄龙店）,SBS00008,温州,"8053020254368699901	",饿了么,平台外卖,已完成,2025-10-20 22:21:15,2025-10-20 22:21:15,2025-10-20 22:21:15,饿了么支付-在线支付,,即时单,2025-10-20 22:21:15,15.05,自动出餐,1,否,"点击右上角❤️收藏得小吃[上校鸡块2个]（2.00*1）,点击右上角❤️收藏得小吃[上校鸡块2个]（2.00*2）,圣比招牌披萨-12英寸(经典手拍)[{""name"":""规格"",""value"":""12英寸(经典手拍)""}]（109.00*1）,【新客福利】蛋挞一个（原味）（5.00*1）,餐盒（4.00*1）",上校鸡块2个+上校鸡块2个+大圣招牌大满贯披萨+蛋挞1个,,,,非会员,29,,,依据餐量提供餐具,,120.00,36.65,73.91,0.00,0,0,3.49,0.00,5.60,【活动支出】店铺满减:2.00元+【活动支出】单品特价:1.90元+【活动支出】单品特价:52.10元+【活动支出】单品特价:4.01元+【活动支出】精准营销:1.90元+【活动支出】饿了么红包:12.00元+【活动支出】替用户承担配送费:5.0元,-,-,-,4.00,温州区域,温州直营,,,否,-,平台配送
圣比萨（黄龙店）,SBS00008,温州,"8053270254290062834	",饿了么,平台外卖,已完成,2025-10-20 22:58:30,2025-10-20 22:58:30,2025-10-20 22:58:30,饿了么支付-在线支付,,即时单,2025-10-20 22:58:30,12.37,手动出餐,1,否,"碳烤鸡肉培根披萨-7英寸(手拍)[{""name"":""规格"",""value"":""7英寸(手拍)""}]（25.90*1）,奶酪芝士卷边（7英寸）（4.90*1）,餐盒（1.00*1）",碳烤鸡肉培根披萨+酸奶多多流心卷边9,,,,非会员,30,,,无需餐具,,30.80,16.25,7.00,0.00,0,0,1.60,0.00,5.60,【活动支出】饿了么红包:7.00元+【活动支出】替用户承担配送费:5.0元,-,-,-,1.00,温州区域,温州直营,,,否,-,平台配送
圣比萨（黄龙店）,SBS00008,温州,"8017330254478518565	",饿了么,平台外卖,已完成,2025-10-20 23:05:47,2025-10-20 23:05:47,2025-10-20 23:05:47,饿了么支付-在线支付,,即时单,2025-10-20 23:05:47,10.08,手动出餐,1,否,"酸奶多多流心卷边（7英寸）（4.90*1）,缤纷水果披萨-7英寸(手拍)[{""name"":""规格"",""value"":""7英寸(手拍)""}]（42.00*1）",酸奶多多流心卷边7+缤纷水果披萨,,,,非会员,31,,,1份餐具,,46.90,15.37,23.70,0.00,0,0,1.48,0.00,5.60,【活动支出】单品特价:23.70元+【活动支出】替用户承担配送费:5.0元,-,-,-,0.00,温州区域,温州直营,,,否,-,平台配送
圣比萨（黄龙店）,SBS00008,温州,"8009896088304557506	",饿了么,平台外卖,已完成,2025-10-20 23:11:59,2025-10-20 23:11:59,2025-10-20 23:11:59,饿了么支付-在线支付,,即时单,2025-10-20 23:11:59,8.67,手动出餐,1,否,"【随心拼】7英寸双拼披萨(口味自选）[培根鸡肉+奥尔良]（26.90*1）,餐盒（2.00*1）",双拼7寸【碳烤鸡肉培根口味7】+双拼7寸【奥尔良口味7】,,,,非会员,32,,,依据餐量提供餐具,,26.90,14.12,7.00,0.00,0,0,1.43,0.00,5.60,【活动支出】饿了么红包:7.00元+【活动支出】替用户承担配送费:5.0元,-,-,-,2.00,温州区域,温州直营,,,否,-,平台配送
圣比萨（黄龙店）,SBS00008,温州,"8035886088275759521	",饿了么,平台外卖,已完成,2025-10-20 23:24:01,2025-10-20 23:24:01,2025-10-20 23:24:01,饿了么支付-在线支付,,即时单,2025-10-20 23:24:01,11.00,手动出餐,1,否,"【随心拼】7英寸双拼披萨(口味自选）[奥尔良+培根鸡肉]（26.90*1）,点击右上角❤️收藏得小吃[墨鱼丸1个]（2.00*1）,餐盒（2.50*1）",双拼7寸【奥尔良口味7】+双拼7寸【碳烤鸡肉培根口味7】+深海墨鱼丸1个,,,,非会员,33,,,依据餐量提供餐具,,28.90,13.72,9.90,0.00,0,0,1.43,0.00,5.60,【活动支出】单品特价:1.90元+【活动支出】超级会员专享红包:5.00元+【活动支出】 商家自营销加码:1.00元+【活动支出】粉丝群:2.00元+【活动支出】替用户承担配送费:5.0元,-,-,-,2.50,温州区域,温州直营,,,否,-,平台配送
圣比萨（黄龙店）,SBS00008,温州,"8024696088293268874	",饿了么,平台外卖,已完成,2025-10-20 23:25:20,2025-10-20 23:25:20,2025-10-20 23:25:21,饿了么支付-在线支付,,即时单,2025-10-20 23:25:20,9.72,手动出餐,1,否,"圣比招牌披萨-9英寸(经典手拍)[{""name"":""规格"",""value"":""9英寸(经典手拍)""}]（78.00*1）,餐盒（2.00*1）",大圣招牌大满贯披萨,,,,非会员,34,,,依据餐量提供餐具,,78.00,25.34,43.10,0.00,0,0,2.51,0.00,7.10,【活动支出】店铺满减:1.00元+【活动支出】单品特价:34.10元+【活动支出】饿了么红包:8.00元+【活动支出】替用户承担配送费:5.0元,-,-,-,2.00,温州区域,温州直营,,,否,-,平台配送
圣比萨（塘下店）,SBM00005,温州,"8013786087168945631	",饿了么,平台外卖,已完成,2025-10-18 15:58:32,2025-10-18 15:58:32,2025-10-18 15:58:32,饿了么支付-在线支付,,预约单,2025-10-20 11:10:00,2552.22,手动出餐,1,否,"【买一送一】买披萨送意面[日系照烧披萨7英寸+招牌肉酱意面]（77.00*1）,盐酥鸡粒（21.00*1）,香烤鸡翅-4只[{""name"":""规格"",""value"":""4只""}]（30.00*1）,芝士焗饭一人食套餐[碳烤鸡肉芝士焗饭+招牌风味大香肠2根+柠檬茶+冰]（62.00*1）,披萨保温袋（1.00*1）,餐盒（7.00*1）",日系照烧鸡披萨【7英寸(手拍)】+招牌肉酱意面+盐酥鸡粒+香烤鸡翅+碳烤鸡肉芝士焗饭+柠檬茶,,,,非会员,1,,,依据餐量提供餐具,,191.00,75.20,87.60,0.00,0,0,8.02,0.00,7.40,【活动支出】店铺满减:4.00元+【活动支出】单品特价:30.50元+【活动支出】单品特价:7.40元+【活动支出】单品特价:4.50元+【活动支出】单品特价:27.20元+【活动支出】精准营销:2.00元+【活动支出】饿了么红包:12.00元+【活动支出】替用户承担配送费:7.0元,-,-,-,7.00,温州区域,温州加盟,,,否,-,平台配送
圣比萨（塘下店）,SBM00005,温州,"8044410254025214219	",饿了么,平台外卖,已完成,2025-10-20 09:48:06,2025-10-20 09:48:06,2025-10-20 09:48:06,饿了么支付-在线支付,,即时单,2025-10-20 09:48:06,17.38,手动出餐,1,否,"圣比至尊披萨-7英寸[{""name"":""规格"",""value"":""7英寸""}]（45.00*1）,披萨保温袋（1.00*1）,餐盒（1.50*1）",大圣招牌大满贯披萨,,,,非会员,2,,,放门口 / 依据餐量提供餐具,,46.00,14.22,25.10,0.00,0,0,1.43,0.00,5.00,【活动支出】单品特价:17.10元+【活动支出】粉丝群:2.00元+【活动支出】饿了么红包:6.00元+【活动支出】替用户承担配送费:5.0元,-,-,-,1.50,温州区域,温州加盟,,,否,-,平台配送
圣比萨（塘下店）,SBM00005,温州,"8085646087948277017	",饿了么,平台外卖,已完成,2025-10-20 10:27:39,2025-10-20 10:27:39,2025-10-20 10:27:40,饿了么支付-在线支付,,即时单,2025-10-20 10:27:39,12.40,手动出餐,1,否,招牌肉酱芝士焗饭（46.80*1）,招牌肉酱芝士焗饭,,,,非会员,3,,,放几包番茄酱，谢谢 / 依据餐量提供餐具,,46.80,12.12,27.40,0.00,0,0,1.43,0.00,3.50,【活动支出】单品特价:27.40元+【活动支出】替用户承担配送费:3.5元,-,-,-,0.00,温州区域,温州加盟,,,否,-,平台配送
圣比萨（塘下店）,SBM00005,温州,"8011320254060609003	",饿了么,平台外卖,已完成,2025-10-20 10:31:11,2025-10-20 10:31:11,2025-10-20 10:31:11,饿了么支付-在线支付,,即时单,2025-10-20 10:31:11,10.92,手动出餐,1,否,招牌肉酱芝士焗饭（46.80*1）,招牌肉酱芝士焗饭,,,,非会员,4,,,1份餐具,,46.80,12.12,27.40,0.00,0,0,1.43,0.00,3.50,【活动支出】单品特价:27.40元+【活动支出】替用户承担配送费:3.5元,-,-,-,0.00,温州区域,温州加盟,,,否,-,平台配送
圣比萨（塘下店）,SBM00005,温州,"8082370253980198191	",饿了么,平台外卖,已完成,2025-10-20 11:01:05,2025-10-20 11:01:05,2025-10-20 11:01:05,饿了么支付-在线支付,,即时单,2025-10-20 11:01:05,10.38,手动出餐,1,否,"碳烤鸡肉芝士焗饭（45.60*1）,餐盒（2.00*1）",碳烤鸡肉芝士焗饭,,,,非会员,5,,,依据餐量提供餐具,,45.60,12.81,26.61,0.00,0,0,1.43,0.00,4.50,【活动支出】单品特价:20.61元+【活动支出】 商家自营销加码:1.00元+【活动支出】饿了么红包:5.00元+【活动支出】替用户承担配送费:4.5元,-,-,-,2.00,温州区域,温州加盟,,,否,-,平台配送
圣比萨（塘下店）,SBM00005,温州,"8045060254165962039	",饿了么,平台外卖,已完成,2025-10-20 11:03:07,2025-10-20 11:03:07,2025-10-20 11:03:08,饿了么支付-在线支付,,即时单,2025-10-20 11:03:07,11.83,手动出餐,1,否,"碳烤鸡肉培根披萨-7英寸[{""name"":""规格"",""value"":""7英寸""}]（45.00*1）,鲜虾菠萝披萨-7英寸[{""name"":""规格"",""value"":""7英寸""}]（45.00*1）,餐盒（4.00*1）",碳烤鸡肉培根披萨+鲜虾菠萝披萨,,,,非会员,6,,,依据餐量提供餐具,,90.00,31.70,46.20,0.00,0,0,3.32,0.00,5.60,【活动支出】店铺满减:1.00元+【活动支出】单品特价:19.10元+【活动支出】单品特价:17.10元+【活动支出】饿了么红包:9.00元+【活动支出】替用户承担配送费:5.0元,-,-,-,4.00,温州区域,温州加盟,,,否,-,平台配送
圣比萨（塘下店）,SBM00005,温州,"8008220254174879190	",饿了么,平台外卖,已完成,2025-10-20 11:09:02,2025-10-20 11:09:02,2025-10-20 11:09:02,饿了么支付-在线支付,,即时单,2025-10-20 11:09:02,7.62,手动出餐,1,否,"圣比至尊披萨-7英寸[{""name"":""规格"",""value"":""7英寸""}]（45.00*1）,餐盒（1.50*1）",大圣招牌大满贯披萨,,,,非会员,7,,,依据餐量提供餐具,,45.00,15.48,22.10,0.00,0,0,1.57,0.00,5.00,【活动支出】单品特价:17.10元+【活动支出】饿了么红包:5.00元+【活动支出】替用户承担配送费:5.0元,-,-,-,1.50,温州区域,温州加盟,,,否,-,平台配送
圣比萨（塘下店）,SBM00005,温州,"8048140254024982933	",饿了么,平台外卖,已完成,2025-10-20 11:45:20,2025-10-20 11:45:20,2025-10-20 11:45:21,饿了么支付-在线支付,,即时单,2025-10-20 11:45:20,8.42,手动出餐,1,否,"浪漫威尼斯披萨-7英寸[{""name"":""规格"",""value"":""7英寸""}]（42.00*1）,餐盒（2.00*1）",浪漫威尼斯披萨,,,,非会员,8,,,无需餐具,,42.00,13.74,22.10,0.00,0,0,1.43,0.00,3.50,【活动支出】单品特价:16.10元+【活动支出】超会爆红包省钱包:6.00元+【活动支出】替用户承担配送费:3.5元,-,-,-,2.00,温州区域,温州加盟,,,否,-,平台配送
圣比萨（塘下店）,SBM00005,温州,"8076070254216732145	",饿了么,平台外卖,已完成,2025-10-20 11:54:22,2025-10-20 11:54:22,2025-10-20 11:54:22,饿了么支付-在线支付,,预约单,2025-10-20 16:40:00,235.88,手动出餐,1,否,"奶香紫薯披萨-7英寸[{""name"":""规格"",""value"":""7英寸""}]（42.00*1）,餐盒（1.00*1）","奶香紫薯披萨-7英寸[{""name"":""规格"",""value"":""7英寸""}]+餐盒",,,,非会员,9,,,依据餐量提供餐具,,42.00,6.72,28.10,0.00,0,0,1.43,0.00,5.00,【活动支出】单品特价:17.10元+【活动支出】订单集点返红包:5.00元+【活动支出】饿了么红包:6.00元+【活动支出】替用户承担配送费:5.0元,-,-,-,1.00,温州区域,温州加盟,,,否,-,平台配送
圣比萨（塘下店）,SBM00005,温州,"8041480254045179376	",饿了么,平台外卖,已完成,2025-10-20 12:17:19,2025-10-20 12:17:19,2025-10-20 12:17:19,饿了么支付-在线支付,,即时单,2025-10-20 12:17:19,10.23,手动出餐,1,否,新奥尔良烤鸡肉披萨7寸-单点（22.00*1）,新奥尔良烤鸡肉披萨【7英寸(手拍)】,,,,非会员,10,,,依据餐量提供餐具,,22.00,12.00,0.00,0.00,0,0,0.00,0.00,,【活动支出】拼团反圈活动:0.00元,-,-,-,0.00,温州区域,温州加盟,,,否,-,平台配送
圣比萨（塘下店）,SBM00005,温州,"8065320254138481065	",饿了么,平台外卖,已完成,2025-10-20 12:27:59,2025-10-20 12:27:59,2025-10-20 12:27:59,饿了么支付-在线支付,,即时单,2025-10-20 12:27:59,9.32,手动出餐,1,否,"任选焗饭4选1+小吃6选1+饮料[黑椒牛肉芝士焗饭+原味香肠2根+奶茶+常温]（62.00*1）,餐盒（1.00*1）",黑椒牛肉芝士焗饭+港式奶茶,,,,非会员,11,,,依据餐量提供餐具,,62.00,18.01,35.60,0.00,0,0,1.79,0.00,4.00,【活动支出】单品特价:27.60元+【活动支出】 商家自营销加码:0.00元+【活动支出】饿了么红包:8.00元+【活动支出】替用户承担配送费:4.0元,-,-,-,1.00,温州区域,温州加盟,,,否,-,平台配送
圣比萨（塘下店）,SBM00005,温州,"8058320254137155065	",饿了么,平台外卖,已完成,2025-10-20 12:28:48,2025-10-20 12:28:48,2025-10-20 12:28:49,饿了么支付-在线支付,,即时单,2025-10-20 12:28:48,9.90,手动出餐,1,否,"招牌海苔肉松披萨单人餐[奥尔良烤翅+柠檬茶+海苔肉松披萨7英寸]（58.00*1）,蛋挞（10.00*1）,餐盒（3.00*1）",奥尔良烤翅+柠檬茶+海苔肉松披萨【7英寸(手拍)】+蛋挞,,,,非会员,12,,,2份餐具,,68.00,24.70,34.60,0.00,0,0,2.47,0.00,4.00,【活动支出】店铺满减:1.00元+【活动支出】单品特价:23.10元+【活动支出】单品特价:2.50元+【活动支出】饿了么红包:8.00元+【活动支出】替用户承担配送费:4.0元,-,-,-,3.00,温州区域,温州加盟,,,否,-,平台配送
圣比萨（塘下店）,SBM00005,温州,"8065330254248351038	",饿了么,平台外卖,已完成,2025-10-20 12:44:27,2025-10-20 12:44:27,2025-10-20 12:44:28,饿了么支付-在线支付,,即时单,2025-10-20 12:44:27,10.25,手动出餐,1,否,"任选焗饭4选1+小吃6选1+饮料[碳烤鸡肉芝士焗饭+深海墨鱼丸3个+奶茶+常温]（62.00*1）,餐盒（1.00*1）",碳烤鸡肉芝士焗饭+深海墨鱼丸【3个】+港式奶茶,,,,非会员,13,,,依据餐量提供餐具,,62.00,16.21,35.60,0.00,0,0,1.79,0.00,6.20,【活动支出】单品特价:27.60元+【活动支出】饿了么红包:8.00元+【活动支出】替用户承担配送费:5.0元,-,-,-,1.00,温州区域,温州加盟,,,否,-,平台配送
圣比萨（塘下店）,SBM00005,温州,"8011606088060100969	",饿了么,平台外卖,已完成,2025-10-20 12:53:55,2025-10-20 12:53:55,2025-10-20 12:53:55,饿了么支付-在线支付,,即时单,2025-10-20 12:53:55,10.10,手动出餐,1,否,"7寸披萨8选1＋小吃6选1+饮料[缤纷水果披萨7英寸+金丝鸡排1个+可乐(不可选热)+常温]（56.00*1）,餐盒（2.00*1）",缤纷水果披萨【7英寸(手拍)】+金丝鸡排,,,,非会员,14,,,依据餐量提供餐具,,56.00,19.60,28.10,0.00,0,0,1.98,0.00,3.50,【活动支出】单品特价:21.10元+【活动支出】饿了么红包:7.00元+【活动支出】替用户承担配送费:3.5元,-,-,-,2.00,温州区域,温州加盟,,,否,-,平台配送
圣比萨（塘下店）,SBM00005,温州,"8019686088030191970	",饿了么,平台外卖,已完成,2025-10-20 13:03:53,2025-10-20 13:03:53,2025-10-20 13:03:53,饿了么支付-在线支付,,即时单,2025-10-20 13:03:53,7.22,手动出餐,1,否,"7寸披萨8选1＋小吃6选1+饮料[碳烤鸡肉培根披萨7英寸+鸡肉串2串+可乐(不可选热)+冷]（56.00*1）,餐盒（2.00*1）",地道肠【1根】,,,,非会员,15,,,依据餐量提供餐具,,56.00,19.60,28.10,0.00,0,0,1.98,0.00,3.50,【活动支出】单品特价:21.10元+【活动支出】饿了么红包:7.00元+【活动支出】替用户承担配送费:3.5元,-,-,-,2.00,温州区域,温州加盟,,,否,-,平台配送
圣比萨（塘下店）,SBM00005,温州,"8084856088080344418	",饿了么,平台外卖,已完成,2025-10-20 13:17:13,2025-10-20 13:17:13,2025-10-20 13:17:14,饿了么支付-在线支付,,即时单,2025-10-20 13:17:13,12.15,手动出餐,1,否,"金沙咸蛋黄嫩鸡披萨-7英寸[{""name"":""规格"",""value"":""7英寸""}]（50.00*1）,7英寸奶酪卷边（8.00*1）,7英寸奶酪卷边（8.00*1）,榴莲王披萨（金枕榴莲果肉真果肉看的见吃的到）-7英寸[{""name"":""规格"",""value"":""7英寸""}]（52.00*1）,餐盒（3.00*1）",金沙咸蛋黄嫩鸡披萨+榴莲王披萨,,,,非会员,16,,,依据餐量提供餐具,,118.00,47.76,54.20,0.00,0,0,4.75,0.00,3.50,【活动支出】店铺满减:2.00元+【活动支出】单品特价:18.10元+【活动支出】单品特价:17.10元+【活动支出】订单集点返红包:5.00元+【活动支出】饿了么红包:12.00元+【活动支出】替用户承担配送费:3.5元,-,-,-,3.00,温州区域,温州加盟,,,否,-,平台配送
圣比萨（塘下店）,SBM00005,温州,"8029280254091384077	",饿了么,平台外卖,已完成,2025-10-20 13:57:07,2025-10-20 13:57:07,2025-10-20 13:57:07,饿了么支付-在线支付,,即时单,2025-10-20 13:57:07,9.60,手动出餐,1,否,"圣比至尊披萨-7英寸[{""name"":""规格"",""value"":""7英寸""}]（45.00*1）,餐盒（1.50*1）",大圣招牌大满贯披萨,,,,非会员,17,,,1份餐具,,45.00,14.21,24.10,0.00,0,0,1.43,0.00,3.50,【活动支出】单品特价:17.10元+【活动支出】饿了么红包:7.00元+【活动支出】替用户承担配送费:3.5元,-,-,-,1.50,温州区域,温州加盟,,,否,-,平台配送
圣比萨（塘下店）,SBM00005,温州,"8013250254196348297	",饿了么,平台外卖,已完成,2025-10-20 14:15:01,2025-10-20 14:15:01,2025-10-20 14:15:01,饿了么支付-在线支付,,即时单,2025-10-20 14:15:01,10.45,手动出餐,1,否,"黑椒牛肉芝士焗饭（46.80*1）,餐盒（2.00*1）",黑椒牛肉芝士焗饭,,,,非会员,18,,,依据餐量提供餐具,,46.80,14.71,26.81,0.00,0,0,1.43,0.00,3.50,【活动支出】单品特价:20.81元+【活动支出】饿了么红包:6.00元+【活动支出】替用户承担配送费:3.5元,-,-,-,2.00,温州区域,温州加盟,,,否,-,平台配送
圣比萨（塘下店）,SBM00005,温州,"8090856088102849017	",饿了么,平台外卖,已完成,2025-10-20 14:26:03,2025-10-20 14:26:03,2025-10-20 14:26:03,饿了么支付-在线支付,,即时单,2025-10-20 14:26:03,10.45,手动出餐,1,否,"豪华单人披萨8选1+小吃5选2+饮料[圣比至尊披萨7英寸+爱心鸡排1个+墨鱼丸3个+可乐+常温]（68.00*1）,餐盒（2.00*1）",豪华单人披萨8选1+小吃5选2+饮料[圣比至尊披萨7英寸+爱心鸡排1个+墨鱼丸3个+可乐+常温]+餐盒,,,,非会员,19,,,冰块少放点 / 依据餐量提供餐具,,68.00,22.59,36.01,0.00,0,0,2.29,0.00,4.00,【活动支出】店铺满减:1.00元+【活动支出】单品特价:28.01元+【活动支出】饿了么红包:7.00元+【活动支出】替用户承担配送费:4.0元,-,-,-,2.00,温州区域,温州加盟,,,否,-,平台配送
圣比萨（塘下店）,SBM00005,温州,"8086896088083034503	",饿了么,平台外卖,已完成,2025-10-20 16:03:16,2025-10-20 16:03:16,2025-10-20 16:03:17,饿了么支付-在线支付,,即时单,2025-10-20 16:03:16,7.53,手动出餐,1,否,"榴莲王披萨（金枕榴莲果肉真果肉看的见吃的到）-7英寸[{""name"":""规格"",""value"":""7英寸""}]（52.00*1）,餐盒（2.00*1）",榴莲王披萨,,,,非会员,20,,,依据餐量提供餐具,,52.00,16.67,27.10,0.00,0,0,1.76,0.00,5.00,【活动支出】单品特价:17.10元+【活动支出】精准营销:2.00元+【活动支出】饿了么红包:8.00元+【活动支出】替用户承担配送费:5.0元,-,-,-,2.00,温州区域,温州加盟,,,否,-,平台配送
圣比萨（塘下店）,SBM00005,温州,"8086816088134676969	",饿了么,平台外卖,已完成,2025-10-20 16:37:26,2025-10-20 16:37:26,2025-10-20 16:37:27,饿了么支付-在线支付,,即时单,2025-10-20 16:37:26,8.92,手动出餐,1,否,"圣比至尊披萨-7英寸[{""name"":""规格"",""value"":""7英寸""}]（45.00*1）,经典薯条（18.00*1）,餐盒（3.50*1）",大圣招牌大满贯披萨+经典薯条,,,,非会员,21,,,1份餐具,,63.00,20.89,34.10,0.00,0,0,2.17,0.00,4.50,【活动支出】店铺满减:1.00元+【活动支出】单品特价:17.10元+【活动支出】单品特价:6.00元+【活动支出】粉丝群:2.00元+【活动支出】饿了么红包:8.00元+【活动支出】替用户承担配送费:4.5元,-,-,-,3.50,温州区域,温州加盟,,,否,-,平台配送
圣比萨（塘下店）,SBM00005,温州,"8070636088117356903	",饿了么,平台外卖,已完成,2025-10-20 16:40:07,2025-10-20 16:40:07,2025-10-20 16:40:07,饿了么支付-在线支付,,即时单,2025-10-20 16:40:07,6.97,手动出餐,1,否,"番茄培根意面（45.60*1）,餐盒（2.00*1）",番茄培根意面,,,,非会员,22,,,无需餐具,,45.60,11.83,27.70,0.00,0,0,1.43,0.00,3.50,【活动支出】单品特价:21.70元+【活动支出】饿了么红包:6.00元+【活动支出】替用户承担配送费:3.5元,-,-,-,2.00,温州区域,温州加盟,,,否,-,平台配送
圣比萨（塘下店）,SBM00005,温州,"8088300254323952018	",饿了么,平台外卖,已完成,2025-10-20 16:47:32,2025-10-20 16:47:32,2025-10-20 16:47:33,饿了么支付-在线支付,,即时单,2025-10-20 16:47:32,9.10,手动出餐,1,否,"单人吃鸡套餐（超值大众味必点）[新奥尔良鸡肉披萨7英寸+奥尔良烤翅1对+柠檬茶+冷]（62.00*1）,餐盒（2.00*1）",单人吃鸡套餐（超值大众味必点）[新奥尔良鸡肉披萨7英寸+奥尔良烤翅1对+柠檬茶+冷]+餐盒,,,,非会员,23,,,依据餐量提供餐具,,62.00,17.57,37.10,0.00,0,0,1.76,0.00,3.50,【活动支出】单品特价:27.10元+【活动支出】精准营销:2.00元+【活动支出】超会爆红包省钱包:8.00元+【活动支出】替用户承担配送费:3.5元,-,-,-,2.00,温州区域,温州加盟,,,否,-,平台配送
圣比萨（塘下店）,SBM00005,温州,"8016506088154073433	",饿了么,平台外卖,已完成,2025-10-20 17:08:10,2025-10-20 17:08:10,2025-10-20 17:08:10,饿了么支付-在线支付,,即时单,2025-10-20 17:08:10,10.15,手动出餐,1,否,"7寸披萨8选1＋小吃6选1+饮料[浪漫威尼斯披萨7英寸+墨鱼丸3个+柠檬茶+冷]（56.00*1）,7英寸紫薯泥卷边（8.00*1）,餐盒（2.00*1）",浪漫威尼斯披萨【7英寸(手拍)】+深海墨鱼丸3个+柠檬茶,,,,非会员,24,,,"单元门直接拉开, 不要敲门, 放门口 / 依据餐量提供餐具",,64.00,25.58,28.60,0.00,0,0,2.54,0.00,3.50,【活动支出】店铺满减:1.00元+【活动支出】单品特价:21.10元+【活动支出】饿了么红包:6.50元+【活动支出】替用户承担配送费:3.5元,-,-,-,2.00,温州区域,温州加盟,,,否,-,平台配送
圣比萨（塘下店）,SBM00005,温州,"8078946088141175149	",饿了么,平台外卖,已完成,2025-10-20 17:16:42,2025-10-20 17:16:42,2025-10-20 17:16:43,饿了么支付-在线支付,,即时单,2025-10-20 17:16:42,7.27,手动出餐,1,否,"圣比至尊披萨-7英寸[{""name"":""规格"",""value"":""7英寸""}]（45.00*1）,薯饼3个（12.00*1）,餐盒（1.50*1）",大圣招牌大满贯披萨+薯饼,,,,非会员,25,,,番茄酱要两包 / 1份餐具,,57.00,14.46,33.10,0.00,0,0,1.64,0.00,5.60,【活动支出】单品特价:17.10元+【活动支出】单品特价:9.00元+【活动支出】饿了么红包:7.00元+【活动支出】替用户承担配送费:5.0元,-,-,-,1.50,温州区域,温州加盟,,,否,-,平台配送
圣比萨（塘下店）,SBM00005,温州,"8074946088126012772	",饿了么,平台外卖,已完成,2025-10-20 17:36:45,2025-10-20 17:36:45,2025-10-20 17:36:45,饿了么支付-在线支付,,即时单,2025-10-20 17:36:45,11.15,手动出餐,1,否,"7寸披萨8选1＋小吃6选1+饮料[缤纷水果披萨7英寸+金丝鸡排1个+牛奶+常温]（56.00*1）,餐盒（2.00*1）",缤纷水果披萨【7英寸(手拍)】+金丝鸡排+雀巢牛奶,,,,非会员,26,,,依据餐量提供餐具,,56.00,18.72,29.10,0.00,0,0,1.91,0.00,4.00,【活动支出】单品特价:21.10元+【活动支出】饿了么红包:8.00元+【活动支出】替用户承担配送费:4.0元,-,-,-,2.00,温州区域,温州加盟,,,否,-,平台配送
圣比萨（塘下店）,SBM00005,温州,"8032420254383413623	",饿了么,平台外卖,已完成,2025-10-20 18:22:25,2025-10-20 18:22:25,2025-10-20 18:22:26,饿了么支付-在线支付,,即时单,2025-10-20 18:22:25,10.25,手动出餐,1,否,"7英寸咸蛋黄卷边（10.00*1）,7寸披萨8选1＋小吃6选1+饮料[奥尔良披萨7英寸+墨鱼丸3个+奶茶+热]（56.00*1）,餐盒（2.00*1）",深海墨鱼丸3个+港式奶茶,,,,非会员,27,,,2份餐具,,66.00,23.33,32.70,0.00,0,0,2.39,0.00,4.00,【活动支出】店铺满减:1.00元+【活动支出】单品特价:20.70元+【活动支出】精准营销:2.00元+【活动支出】饿了么红包:9.00元+【活动支出】替用户承担配送费:4.0元,-,-,-,2.00,温州区域,温州加盟,,,否,-,平台配送
圣比萨（塘下店）,SBM00005,温州,"8062916088203886958	",饿了么,平台外卖,已完成,2025-10-20 18:33:12,2025-10-20 18:33:12,2025-10-20 18:33:12,饿了么支付-在线支付,,即时单,2025-10-20 18:33:12,9.10,手动出餐,1,否,"买一送一【焗饭或意面】（70.00*1）,餐盒（1.00*1）",招牌肉酱芝士焗饭+西西里肉酱火腿芝士焗饭,,,,非会员,28,,,2份餐具,,70.00,23.32,34.70,0.00,0,0,2.46,0.00,4.50,【活动支出】店铺满减:1.00元+【活动支出】单品特价:21.70元+【活动支出】饿了么红包:12.00元+【活动支出】替用户承担配送费:4.5元,-,-,-,1.00,温州区域,温州加盟,,,否,-,平台配送
圣比萨（塘下店）,SBM00005,温州,"8050490254390289723	",饿了么,平台外卖,已完成,2025-10-20 18:35:01,2025-10-20 18:35:01,2025-10-20 18:35:01,饿了么支付-在线支付,,即时单,2025-10-20 18:35:01,8.50,手动出餐,1,否,"深海墨鱼丸一个（4.00*2）,黑椒牛肉芝士焗饭（46.80*1）,餐盒（3.00*1）",深海墨鱼丸1个+黑椒牛肉芝士焗饭,,,,非会员,29,,,依据餐量提供餐具,,54.80,13.59,31.11,0.00,0,0,1.74,0.00,6.80,【活动支出】单品特价:3.90元+【活动支出】单品特价:20.21元+【活动支出】饿了么红包:7.00元+【活动支出】替用户承担配送费:5.0元,-,-,-,3.00,温州区域,温州加盟,,,否,-,平台配送
圣比萨（塘下店）,SBM00005,温州,"8028736088185994634	",饿了么,平台外卖,已完成,2025-10-20 18:44:31,2025-10-20 18:44:31,2025-10-20 18:44:31,饿了么支付-在线支付,,即时单,2025-10-20 18:44:31,4.03,手动出餐,1,否,"番茄牛肉意面（52.00*1）,餐盒（2.00*1）",番茄牛肉意面,,,,非会员,30,,,依据餐量提供餐具,,52.00,10.72,34.50,0.00,0,0,1.43,0.00,5.00,【活动支出】单品特价:28.50元+【活动支出】饿了么红包:6.00元+【活动支出】替用户承担配送费:5.0元,-,-,-,2.00,温州区域,温州加盟,,,否,-,平台配送
圣比萨（塘下店）,SBM00005,温州,"8088896088199397637	",饿了么,平台外卖,已完成,2025-10-20 18:54:03,2025-10-20 18:54:03,2025-10-20 18:54:04,饿了么支付-在线支付,,即时单,2025-10-20 18:54:03,10.23,手动出餐,1,否,"芝士焗红薯泥（19.00*1）,经典薯条（18.00*1）,榴莲王披萨（金枕榴莲果肉真果肉看的见吃的到）-7英寸[{""name"":""规格"",""value"":""7英寸""}]（52.00*1）,蛋挞（10.00*1）,餐盒（7.00*1）",芝士焗红薯泥+经典薯条+榴莲王披萨+蛋挞,,,,非会员,31,,,依据餐量提供餐具,,99.00,43.54,41.50,0.00,0,0,4.58,0.00,3.50,【活动支出】店铺满减:2.00元+【活动支出】单品特价:3.50元+【活动支出】单品特价:5.40元+【活动支出】单品特价:16.70元+【活动支出】单品特价:1.90元+【活动支出】饿了么红包:12.00元+【活动支出】替用户承担配送费:3.5元,-,-,-,7.00,温州区域,温州加盟,,,否,-,平台配送
圣比萨（塘下店）,SBM00005,温州,"8067240254306666878	",饿了么,平台外卖,已完成,2025-10-20 19:03:51,2025-10-20 19:03:51,2025-10-20 19:03:51,饿了么支付-在线支付,,即时单,2025-10-20 19:03:51,7.47,手动出餐,1,否,"意面4选1+小吃5选1+饮料[招牌肉酱意面+金丝鸡排+可乐+常温]（62.00*1）,餐盒（1.00*1）",招牌肉酱意面+金丝鸡排+小可乐,,,,非会员,32,,,依据餐量提供餐具,,62.00,17.06,36.00,0.00,0,0,1.76,0.00,3.50,【活动支出】单品特价:27.00元+【活动支出】粉丝群:2.00元+【活动支出】饿了么红包:7.00元+【活动支出】替用户承担配送费:3.5元,-,-,-,1.00,温州区域,温州加盟,,,否,-,平台配送
圣比萨（塘下店）,SBM00005,温州,"8057400254324863361	",饿了么,平台外卖,已完成,2025-10-20 19:08:48,2025-10-20 19:08:48,2025-10-20 19:08:49,饿了么支付-在线支付,,即时单,2025-10-20 19:08:48,9.87,手动出餐,1,否,"7英寸芝心卷边（10.00*1）,7寸披萨8选1＋小吃6选1+饮料[金牌芝士7英寸+芝士菠萝挞一个+奶茶+热]（56.00*1）,餐盒（2.00*1）",金牌芝士披萨【7英寸(手拍)】+缤纷芝士挞菠萝味+港式奶茶,,,,非会员,33,,,依据餐量提供餐具,,66.00,23.32,31.70,0.00,0,0,2.46,0.00,5.00,【活动支出】店铺满减:1.00元+【活动支出】单品特价:20.70元+【活动支出】饿了么红包:10.00元+【活动支出】替用户承担配送费:5.0元,-,-,-,2.00,温州区域,温州加盟,,,否,-,平台配送
圣比萨（塘下店）,SBM00005,温州,"8056586088211202459	",饿了么,平台外卖,已完成,2025-10-20 19:27:13,2025-10-20 19:27:13,2025-10-20 19:27:13,饿了么支付-在线支付,,即时单,2025-10-20 19:27:13,10.45,手动出餐,1,否,"新奥尔良烤鸡肉披萨-7英寸[{""name"":""规格"",""value"":""7英寸""}]（42.00*1）,餐盒（2.00*1）",新奥尔良烤鸡肉披萨,,,,非会员,34,,,依据餐量提供餐具,,42.00,11.86,22.50,0.00,0,0,1.43,0.00,4.50,【活动支出】单品特价:15.50元+【活动支出】饿了么红包:7.00元+【活动支出】替用户承担配送费:4.5元,-,-,-,2.00,温州区域,温州加盟,,,否,-,平台配送
圣比萨（塘下店）,SBM00005,温州,"8080626088229490994	",饿了么,平台外卖,已完成,2025-10-20 19:35:42,2025-10-20 19:35:42,2025-10-20 19:35:43,饿了么支付-在线支付,,即时单,2025-10-20 19:35:42,10.15,手动出餐,1,否,"榴莲王披萨（金枕榴莲果肉真果肉看的见吃的到）-9英寸[{""name"":""规格"",""value"":""9英寸""}]（92.00*1）,9英寸酸奶卷边（15.00*1）,餐盒（2.00*1）",榴莲王披萨,,,,非会员,35,,,依据餐量提供餐具,,107.00,37.66,48.70,0.00,0,0,4.26,0.00,8.70,【活动支出】店铺满减:2.00元+【活动支出】单品特价:31.70元+【活动支出】饿了么红包:15.00元+【活动支出】替用户承担配送费:5.0元,-,-,-,2.00,温州区域,温州加盟,,,否,-,平台配送
圣比萨（塘下店）,SBM00005,温州,"8001360254236360060	",饿了么,平台外卖,已完成,2025-10-20 19:37:29,2025-10-20 19:37:29,2025-10-20 19:37:29,饿了么支付-在线支付,,即时单,2025-10-20 19:37:29,10.18,手动出餐,1,否,"缤纷水果披萨-7英寸[{""name"":""规格"",""value"":""7英寸""}]（42.00*1）,7英寸紫薯泥卷边（8.00*1）",缤纷水果披萨,,,,非会员,36,,,依据餐量提供餐具,,50.00,20.08,21.60,0.00,0,0,1.87,0.00,3.50,【活动支出】单品特价:21.60元+【活动支出】替用户承担配送费:3.5元,-,-,-,0.00,温州区域,温州加盟,,,否,-,平台配送
圣比萨（塘下店）,SBM00005,温州,"8070836088201924049	",饿了么,平台外卖,已完成,2025-10-20 20:18:04,2025-10-20 20:18:04,2025-10-20 20:18:04,饿了么支付-在线支付,,即时单,2025-10-20 20:18:04,8.85,手动出餐,1,否,"披萨保温袋（1.00*1）,榴莲王披萨（金枕榴莲果肉真果肉看的见吃的到）-7英寸[{""name"":""规格"",""value"":""7英寸""}]（52.00*1）,餐盒（2.00*1）",榴莲王披萨,,,,非会员,37,,,依据餐量提供餐具,,53.00,19.55,24.70,0.00,0,0,2.01,0.00,3.50,【活动支出】店铺满减:1.00元+【活动支出】单品特价:16.70元+【活动支出】饿了么红包:7.00元+【活动支出】替用户承担配送费:3.5元,-,-,-,2.00,温州区域,温州加盟,,,否,-,平台配送
圣比萨（塘下店）,SBM00005,温州,"8040516088253814160	",饿了么,平台外卖,已完成,2025-10-20 20:33:51,2025-10-20 20:33:51,2025-10-20 20:33:52,饿了么支付-在线支付,,即时单,2025-10-20 20:33:51,9.10,手动出餐,1,否,"奶香紫薯披萨-7英寸[{""name"":""规格"",""value"":""7英寸""}]（42.00*1）,7英寸紫薯泥卷边（8.00*1）,餐盒（1.00*1）","奶香紫薯披萨-7英寸[{""name"":""规格"",""value"":""7英寸""}]+7英寸紫薯泥卷边+餐盒",,,,非会员,38,,,依据餐量提供餐具,,50.00,15.70,23.50,0.00,0,0,1.80,0.00,5.60,【活动支出】单品特价:16.50元+【活动支出】饿了么红包:7.00元+【活动支出】替用户承担配送费:5.0元,-,-,-,1.00,温州区域,温州加盟,,,否,-,平台配送
圣比萨（塘下店）,SBM00005,温州,"8067776088210516473	",饿了么,平台外卖,已完成,2025-10-20 20:37:22,2025-10-20 20:37:22,2025-10-20 20:37:23,饿了么支付-在线支付,,即时单,2025-10-20 20:37:22,11.93,手动出餐,1,否,"圣比至尊披萨-7英寸[{""name"":""规格"",""value"":""7英寸""}]（45.00*1）,餐盒（1.50*1）",大圣招牌大满贯披萨,,,,非会员,39,,,依据餐量提供餐具,,45.00,15.41,22.50,0.00,0,0,1.54,0.00,3.50,【活动支出】单品特价:16.50元+【活动支出】饿了么红包:6.00元+【活动支出】替用户承担配送费:3.5元,-,-,-,1.50,温州区域,温州加盟,,,否,-,平台配送
圣比萨（塘下店）,SBM00005,温州,"8022430254254377278	",饿了么,平台外卖,已完成,2025-10-20 20:37:51,2025-10-20 20:37:51,2025-10-20 20:37:51,饿了么支付-在线支付,,即时单,2025-10-20 20:37:51,11.48,手动出餐,1,否,"圣比至尊披萨-7英寸[{""name"":""规格"",""value"":""7英寸""}]（45.00*1）,餐盒（1.50*1）",大圣招牌大满贯披萨,,,,非会员,40,,,依据餐量提供餐具,,45.00,14.51,22.50,0.00,0,0,1.54,0.00,4.50,【活动支出】单品特价:16.50元+【活动支出】 商家自营销加码:1.00元+【活动支出】饿了么红包:5.00元+【活动支出】替用户承担配送费:4.5元,-,-,-,1.50,温州区域,温州加盟,,,否,-,平台配送
圣比萨（塘下店）,SBM00005,温州,"8084310254259446043	",饿了么,平台外卖,已完成,2025-10-20 20:40:51,2025-10-20 20:40:51,2025-10-20 20:40:51,饿了么支付-在线支付,,即时单,2025-10-20 20:40:51,11.82,手动出餐,1,否,"牛肉至尊披萨-12英寸[{""name"":""规格"",""value"":""12英寸""}]（109.00*1）,餐盒（2.00*1）",炙热牛魔王披萨,,,,非会员,41,,,依据餐量提供餐具,,109.00,51.77,42.50,0.00,0,0,4.88,0.00,3.50,【活动支出】店铺满减:2.00元+【活动支出】单品特价:40.50元+【活动支出】替用户承担配送费:3.5元,-,-,-,2.00,温州区域,温州加盟,,,否,-,平台配送
圣比萨（塘下店）,SBM00005,温州,"8025976088237667658	",饿了么,平台外卖,已完成,2025-10-20 20:42:24,2025-10-20 20:42:24,2025-10-20 20:42:24,饿了么支付-在线支付,,即时单,2025-10-20 20:42:24,10.28,手动出餐,1,否,"金牌芝士披萨-9英寸[{""name"":""规格"",""value"":""9英寸""}]（66.00*1）,餐盒（2.00*1）",芝士条,,,,非会员,42,,,依据餐量提供餐具,,66.00,24.19,31.50,0.00,0,0,2.48,0.00,4.00,【活动支出】店铺满减:1.00元+【活动支出】单品特价:20.50元+【活动支出】CPS商户叠加券:0.00元+【活动支出】饿了么红包:10.00元+【活动支出】替用户承担配送费:4.0元,-,-,-,2.00,温州区域,温州加盟,,,否,-,平台配送
圣比萨（塘下店）,SBM00005,温州,"8089736088239642972	",饿了么,平台外卖,已完成,2025-10-20 20:51:01,2025-10-20 20:51:01,2025-10-20 20:51:01,饿了么支付-在线支付,,即时单,2025-10-20 20:51:01,8.12,手动出餐,1,否,"圣比至尊披萨-7英寸[{""name"":""规格"",""value"":""7英寸""}]（45.00*1）,餐盒（1.50*1）",大圣招牌大满贯披萨,,,,非会员,43,,,依据餐量提供餐具,,45.00,10.95,23.50,0.00,0,0,1.46,0.00,6.80,【活动支出】单品特价:16.50元+【活动支出】饿了么红包:7.00元+【活动支出】替用户承担配送费:5.0元,-,-,-,1.50,温州区域,温州加盟,,,否,-,平台配送
圣比萨（塘下店）,SBM00005,温州,"8017310254350806457	",饿了么,平台外卖,已完成,2025-10-20 20:58:53,2025-10-20 20:58:53,2025-10-20 20:58:53,饿了么支付-在线支付,,即时单,2025-10-20 20:58:53,7.60,手动出餐,1,否,"番茄牛肉意面（52.00*1）,餐盒（2.00*1）",番茄牛肉意面,,,,非会员,44,,,依据餐量提供餐具,,52.00,11.72,33.50,0.00,0,0,1.43,0.00,4.50,【活动支出】单品特价:28.50元+【活动支出】饿了么红包:5.00元+【活动支出】替用户承担配送费:4.5元,-,-,-,2.00,温州区域,温州加盟,,,否,-,平台配送
圣比萨（塘下店）,SBM00005,温州,"8054816088249001231	",饿了么,平台外卖,已完成,2025-10-20 21:12:56,2025-10-20 21:12:56,2025-10-20 21:12:56,饿了么支付-在线支付,,即时单,2025-10-20 21:12:56,13.13,手动出餐,1,否,"牛肉至尊披萨-7英寸[{""name"":""规格"",""value"":""7英寸""}]（45.00*1）,餐盒（2.00*1）",炙热牛魔王披萨,,,,非会员,45,,,依据餐量提供餐具,,45.00,10.77,22.50,0.00,0,0,1.58,0.00,9.30,【活动支出】单品特价:16.50元+【活动支出】超级会员专享红包:5.00元+【活动支出】 商家自营销加码:1.00元+【活动支出】替用户承担配送费:5.0元,-,-,-,2.00,温州区域,温州加盟,,,否,-,平台配送
圣比萨（塘下店）,SBM00005,温州,"8078986088261963218	",饿了么,平台外卖,已完成,2025-10-20 21:21:36,2025-10-20 21:21:36,2025-10-20 21:21:36,饿了么支付-在线支付,,即时单,2025-10-20 21:21:36,13.70,手动出餐,1,否,"金边缤纷水果披萨[红薯泥]（92.00*1）,薯饼3个（12.00*1）,奥尔良烤翅（14.00*1）,餐盒（5.00*1）",薯饼+奥尔良烤翅,,,,非会员,46,,,1份餐具,,118.00,61.15,41.45,0.00,0,0,5.85,0.00,5.60,【活动支出】店铺满减:4.00元+【活动支出】单品特价:28.70元+【活动支出】单品特价:1.75元+【活动支出】 商家自营销加码:2.00元+【活动支出】饿了么红包:5.00元+【活动支出】替用户承担配送费:5.0元,-,-,-,5.00,温州区域,温州加盟,,,否,-,平台配送
圣比萨（塘下店）,SBM00005,温州,"8077646088278725935	",饿了么,平台外卖,已完成,2025-10-20 22:08:16,2025-10-20 22:08:16,2025-10-20 22:08:17,饿了么支付-在线支付,,即时单,2025-10-20 22:08:16,8.65,手动出餐,1,否,"7寸披萨8选1＋小吃6选1+饮料[碳烤鸡肉培根披萨7英寸+鸡肉串2串+奶茶+常温]（56.00*1）,餐盒（2.00*1）",地道肠【1根】+港式奶茶,,,,非会员,47,,,依据餐量提供餐具,,56.00,18.17,28.70,0.00,0,0,1.94,0.00,5.60,【活动支出】单品特价:20.70元+【活动支出】饿了么红包:8.00元+【活动支出】替用户承担配送费:5.0元,-,-,-,2.00,温州区域,温州加盟,,,否,-,平台配送
圣比萨（塘下店）,SBM00005,温州,"8003430254384098560	",饿了么,平台外卖,已完成,2025-10-20 22:10:51,2025-10-20 22:10:51,2025-10-20 22:10:51,饿了么支付-在线支付,,即时单,2025-10-20 22:10:51,8.70,手动出餐,1,否,"圣比至尊披萨-7英寸[{""name"":""规格"",""value"":""7英寸""}]（45.00*1）,披萨保温袋（1.00*1）,7英寸紫薯泥卷边（8.00*1）,餐盒（1.50*1）",大圣招牌大满贯披萨,,,,非会员,48,,,偏喜辣 / 1份餐具,,54.00,14.52,26.50,0.00,0,0,1.91,0.00,8.90,【活动支出】店铺满减:1.00元+【活动支出】单品特价:16.50元+【活动支出】饿了么红包:9.00元+【活动支出】替用户承担配送费:5.0元,-,-,-,1.50,温州区域,温州加盟,,,否,-,平台配送
圣比萨（塘下店）,SBM00005,温州,"8036020254396921188	",饿了么,平台外卖,已完成,2025-10-20 22:39:07,2025-10-20 22:39:07,2025-10-20 22:39:08,饿了么支付-在线支付,,即时单,2025-10-20 22:39:07,10.02,手动出餐,1,否,"7英寸芝心卷边（10.00*1）,芝士焗紫薯泥(紫薯)（19.00*1）,榴莲王披萨（金枕榴莲果肉真果肉看的见吃的到）-7英寸[{""name"":""规格"",""value"":""7英寸""}]（52.00*1）,餐盒（3.00*1）",榴莲王披萨,,,,非会员,49,,,依据餐量提供餐具,,81.00,32.95,35.80,0.00,0,0,3.35,0.00,5.60,【活动支出】店铺满减:2.00元+【活动支出】单品特价:3.10元+【活动支出】单品特价:16.70元+【活动支出】精准营销:2.00元+【活动支出】饿了么红包:12.00元+【活动支出】替用户承担配送费:5.0元,-,-,-,3.00,温州区域,温州加盟,,,否,-,平台配送
圣比萨（桥下恒达广场店）,SBM00046,温州,"8072676088077975823	",饿了么,平台外卖,已完成,2025-10-20 13:33:34,2025-10-20 13:33:34,2025-10-20 13:33:34,饿了么支付-在线支付,,即时单,2025-10-20 13:33:34,13.33,手动出餐,1,否,"7英寸披萨一人食土豪餐[缤纷水果披萨7英寸+金丝鸡排+地道肠1根+柠檬茶]（78.00*1）,餐盒（2.00*1）",缤纷水果披萨【7英寸(手拍)】+金丝鸡排+地道肠【1根】+柠檬茶,,,,非会员,1,,,依据餐量提供餐具,,78.00,21.86,47.10,0.00,0,0,3.09,0.00,5.40,【活动支出】单品特价:32.10元+【活动支出】订单集点返红包:3.00元+【活动支出】饿了么红包:12.00元+【活动支出】替用户承担配送费:5.0元,-,-,-,2.00,温州区域,温州加盟,,,否,-,平台配送
圣比萨（桥下恒达广场店）,SBM00046,温州,"8065190254127062353	",饿了么,平台外卖,已完成,2025-10-20 15:50:33,2025-10-20 15:50:33,2025-10-20 15:50:33,饿了么支付-在线支付,,预约单,2025-10-20 16:50:00,19.98,手动出餐,1,否,"榴莲王披萨-9英寸(经典手拍)[{""name"":""规格"",""value"":""9英寸(经典手拍)""}]（92.00*1）",榴莲王披萨,,,,非会员,2,,,麻烦骑手放到保安亭孩子会来拿的 / 1份餐具,,92.00,28.90,50.90,0.00,0,0,3.95,0.00,3.90,【活动支出】单品特价:50.90元+【活动支出】替用户承担配送费:3.9元,-,-,-,0.00,温州区域,温州加盟,,,否,-,平台配送
圣比萨（桥下恒达广场店）,SBM00046,温州,"8056110254228711685	",饿了么,平台外卖,已完成,2025-10-20 16:44:16,2025-10-20 16:44:16,2025-10-20 16:44:16,饿了么支付-在线支付,,即时单,2025-10-20 16:44:16,5.68,手动出餐,1,否,"招牌肉酱意面（52.00*1）,餐盒（2.00*1）",招牌肉酱意面,,,,非会员,3,,,1份餐具,,52.00,18.89,26.10,0.00,0,0,2.56,0.00,3.90,【活动支出】单品特价:19.10元+【活动支出】精准营销:1.00元+【活动支出】饿了么红包:6.00元+【活动支出】替用户承担配送费:3.9元,-,-,-,2.00,温州区域,温州加盟,,,否,-,平台配送
圣比萨（桥下恒达广场店）,SBM00046,温州,"8024050254262243784	",饿了么,平台外卖,已完成,2025-10-20 17:51:17,2025-10-20 17:51:17,2025-10-20 17:51:17,饿了么支付-在线支付,,即时单,2025-10-20 17:51:17,10.67,手动出餐,1,否,"圣比招牌披萨-7英寸(经典手拍)[{""name"":""规格"",""value"":""7英寸(经典手拍)""}]（78.00*1）",大圣招牌大满贯披萨,,,,非会员,4,,,无需餐具,,78.00,15.37,54.70,0.00,0,0,2.08,0.00,4.40,【活动支出】单品特价:54.70元+【活动支出】淘金币:0.00元+【活动支出】替用户承担配送费:4.4元,-,-,-,0.00,温州区域,温州加盟,,,否,-,平台配送
圣比萨（桥下恒达广场店）,SBM00046,温州,"8009746088165461494	",饿了么,平台外卖,已完成,2025-10-20 18:02:40,2025-10-20 18:02:40,2025-10-20 18:02:41,饿了么支付-在线支付,,即时单,2025-10-20 18:02:40,12.88,手动出餐,1,否,"披萨随心配（79.90*1）,餐盒（2.00*1）",蛋挞1个+地道肠1根+盐酥鸡米花小份+碳烤鸡肉培根披萨(7英寸(手拍)),,,,非会员,5,,,依据餐量提供餐具,,79.90,21.36,49.90,0.00,0,0,2.99,0.00,3.90,【活动支出】单品特价:42.40元+【活动支出】饿了么红包:7.50元+【活动支出】替用户承担配送费:3.9元,-,-,-,2.00,温州区域,温州加盟,,,否,-,平台配送
圣比萨（桥下恒达广场店）,SBM00046,温州,"8028736088219423202	",饿了么,平台外卖,已完成,2025-10-20 18:56:05,2025-10-20 18:56:05,2025-10-20 18:56:05,饿了么支付-在线支付,,即时单,2025-10-20 18:56:05,10.43,手动出餐,1,否,7寸日系照烧鸡披萨-单点（22.00*1）,日系照烧鸡披萨【7英寸(手拍)】,,,,非会员,6,,,依据餐量提供餐具,,22.00,12.00,0.00,0.00,0,0,0.00,0.00,,【活动支出】拼团反圈活动:0.00元,-,-,-,0.00,温州区域,温州加盟,,,否,-,平台配送
圣比萨（宜山店）,SBS00019,温州,"8096756087965850903	",饿了么,平台外卖,已完成,2025-10-20 10:37:11,2025-10-20 10:37:11,2025-10-20 10:37:11,饿了么支付-在线支付,,即时单,2025-10-20 10:37:11,15.05,自动出餐,1,否,"【任选】买一送一7英寸披萨（56.70*1）,可口可乐[冷]（6.00*1）,餐盒（2.00*1）",大圣招牌大满贯披萨(7英寸(手拍))+榴莲王披萨(7英寸(手拍))+小可乐,,,,非会员,1,,,依据餐量提供餐具,,62.70,34.49,14.00,0.00,0,0,4.96,0.00,5.60,【活动支出】店铺满减:2.00元+【活动支出】饿了么红包:12.00元+【活动支出】替用户承担配送费:5.0元,-,-,-,2.00,温州区域,温州直营,,,否,-,平台配送
圣比萨（宜山店）,SBS00019,温州,"8006556087952894376	",饿了么,平台外卖,已完成,2025-10-20 10:56:12,2025-10-20 10:56:12,2025-10-20 10:56:12,饿了么支付-在线支付,,即时单,2025-10-20 10:56:12,15.00,自动出餐,1,否,"榴莲王披萨-7英寸(手拍)[{""name"":""规格"",""value"":""7英寸(手拍)""}]（39.90*1）,咸蛋黄风味流沙卷边（7英寸）（4.90*1）,餐盒（2.00*1）",榴莲王披萨+咸蛋黄流沙卷边7,,,,非会员,2,,,1份餐具,,44.80,25.65,10.00,0.00,0,0,3.50,0.00,3.50,【活动支出】店铺满减:1.00元+【活动支出】饿了么红包:9.00元+【活动支出】替用户承担配送费:3.5元,-,-,-,2.00,温州区域,温州直营,,,否,-,平台配送
圣比萨（宜山店）,SBS00019,温州,"8097506087972722057	",饿了么,平台外卖,已完成,2025-10-20 11:36:12,2025-10-20 11:36:12,2025-10-20 11:36:12,饿了么支付-在线支付,,即时单,2025-10-20 11:36:12,15.20,自动出餐,1,否,"【任选】披萨随心配（31.90*1）,餐盒（2.00*1）",小可乐+小薯条+不加一+不加一+花果山披萨(7英寸(手拍)),,,,非会员,3,,,无需餐具,,31.90,17.99,7.00,0.00,0,0,2.46,0.00,3.50,【活动支出】 商家自营销加码:2.00元+【活动支出】饿了么红包:5.00元+【活动支出】替用户承担配送费:3.5元,-,-,-,2.00,温州区域,温州直营,,,否,-,平台配送
圣比萨（宜山店）,SBS00019,温州,"8093450254213257568	",饿了么,平台外卖,已完成,2025-10-20 11:55:28,2025-10-20 11:55:28,2025-10-20 11:55:29,饿了么支付-在线支付,,即时单,2025-10-20 11:55:28,15.05,自动出餐,1,否,"新奥尔良烤鸡肉披萨-7英寸(手拍)[{""name"":""规格"",""value"":""7英寸(手拍)""}]（23.90*1）,餐盒（2.00*1）",新奥尔良烤鸡肉披萨,,,,非会员,4,,,依据餐量提供餐具,用户申请取消单 其他原因，,23.90,9.63,7.00,0.00,0,0,1.62,0.00,6.20,【活动支出】超级会员专享红包:5.00元+【活动支出】 商家自营销加码:2.00元+【活动支出】替用户承担配送费:5.0元,-,-,-,2.00,温州区域,温州直营,,,否,-,平台配送
圣比萨（宜山店）,SBS00019,温州,"8099986088022400446	",饿了么,平台外卖,已完成,2025-10-20 12:48:27,2025-10-20 12:48:27,2025-10-20 12:48:27,饿了么支付-在线支付,,即时单,2025-10-20 12:48:27,15.02,自动出餐,1,否,"新奥尔良烤鸡肉披萨-7英寸(手拍)[{""name"":""规格"",""value"":""7英寸(手拍)""}]（23.90*1）,红薯薯泥流心卷边（7英寸）（4.90*1）,餐盒（2.00*1）",新奥尔良烤鸡肉披萨+红薯泥流心卷边7,,,,非会员,5,,,依据餐量提供餐具,,28.80,15.22,7.00,0.00,0,0,2.13,0.00,3.50,【活动支出】饿了么红包:7.00元+【活动支出】替用户承担配送费:3.5元,-,-,-,2.00,温州区域,温州直营,,,否,-,平台配送
圣比萨（宜山店）,SBS00019,温州,"8068360254169969000	",饿了么,平台外卖,已完成,2025-10-20 12:49:26,2025-10-20 12:49:26,2025-10-20 12:49:27,饿了么支付-在线支付,,即时单,2025-10-20 12:49:26,15.05,自动出餐,1,否,"点击右上角❤️收藏得小吃[墨鱼丸1个]（3.00*1）,碳烤鸡肉培根披萨-7英寸(手拍)[{""name"":""规格"",""value"":""7英寸(手拍)""}]（25.90*1）,蛋挞一个（原味）（3.90*1）,餐盒（2.50*1）",深海墨鱼丸1个+碳烤鸡肉培根披萨+蛋挞1个,,,,非会员,6,,,依据餐量提供餐具,,32.80,14.65,12.81,0.00,0,0,1.99,0.00,3.50,【活动支出】单品特价:2.90元+【活动支出】单品特价:2.91元+【活动支出】饿了么红包:7.00元+【活动支出】替用户承担配送费:3.5元,-,-,-,2.50,温州区域,温州直营,,,否,-,平台配送
圣比萨（宜山店）,SBS00019,温州,"8009506088068922797	",饿了么,平台外卖,已完成,2025-10-20 12:53:17,2025-10-20 12:53:17,2025-10-20 12:53:17,饿了么支付-在线支付,,即时单,2025-10-20 12:53:17,15.13,自动出餐,1,否,"点击右上角❤️收藏得小吃[上校鸡块2个]（3.00*1）,【任选】披萨随心配（36.80*1）,蛋挞一个（原味）（3.90*1）,餐盒（2.50*1）",上校鸡块2个+芒果汁+地道肠1根+不加一+不加一+缤纷水果披萨(7英寸(手拍))+蛋挞1个,,,,非会员,7,,,依据餐量提供餐具,,43.70,21.41,14.81,0.00,0,0,2.93,0.00,3.50,【活动支出】单品特价:2.90元+【活动支出】店铺满减:1.00元+【活动支出】单品特价:2.91元+【活动支出】饿了么红包:8.00元+【活动支出】淘金币:0.00元+【活动支出】替用户承担配送费:3.5元,-,-,-,2.50,温州区域,温州直营,,,否,-,平台配送
圣比萨（宜山店）,SBS00019,温州,"8058440254156149175	",饿了么,平台外卖,已完成,2025-10-20 13:02:49,2025-10-20 13:02:49,2025-10-20 13:02:49,饿了么支付-在线支付,,即时单,2025-10-20 13:02:49,15.18,自动出餐,1,否,"缤纷水果披萨-9英寸(手拍)[{""name"":""规格"",""value"":""9英寸(手拍)""}]（39.90*1）,餐盒（2.00*1）",缤纷水果披萨,,,,非会员,8,,,"对骑手,不要敲门,不要敲门，到了放门口然后发个消息 / 依据餐量提供餐具",,39.90,21.87,10.00,0.00,0,0,2.98,0.00,4.00,【活动支出】店铺满减:1.00元+【活动支出】饿了么红包:9.00元+【活动支出】替用户承担配送费:4.0元,-,-,-,2.00,温州区域,温州直营,,,否,-,平台配送
圣比萨（宜山店）,SBS00019,温州,"8078390254193466803	",饿了么,平台外卖,已完成,2025-10-20 14:48:42,2025-10-20 14:48:42,2025-10-20 14:48:42,饿了么支付-在线支付,,即时单,2025-10-20 14:48:42,15.12,自动出餐,1,否,"榴莲王披萨-9英寸(手拍)[{""name"":""规格"",""value"":""9英寸(手拍)""}]（43.90*1）,餐盒（2.00*1）",榴莲王披萨,,,,非会员,9,,,依据餐量提供餐具,,43.90,25.74,9.00,0.00,0,0,3.51,0.00,3.50,【活动支出】店铺满减:1.00元+【活动支出】饿了么红包:8.00元+【活动支出】替用户承担配送费:3.5元,-,-,-,2.00,温州区域,温州直营,,,否,-,平台配送
圣比萨（宜山店）,SBS00019,温州,"8030100254297616878	",饿了么,平台外卖,已完成,2025-10-20 15:04:00,2025-10-20 15:04:00,2025-10-20 15:04:01,饿了么支付-在线支付,,即时单,2025-10-20 15:04:00,15.22,自动出餐,1,否,"缤纷水果披萨-7英寸(手拍)[{""name"":""规格"",""value"":""7英寸(手拍)""}]（25.90*1）,餐盒（2.00*1）",缤纷水果披萨,,,,非会员,10,,,依据餐量提供餐具,,25.90,11.42,7.00,0.00,0,0,1.83,0.00,5.60,【活动支出】 商家自营销加码:2.00元+【活动支出】饿了么红包:5.00元+【活动支出】替用户承担配送费:5.0元,-,-,-,2.00,温州区域,温州直营,,,否,-,平台配送
圣比萨（宜山店）,SBS00019,温州,"8051400254117772633	",饿了么,平台外卖,已完成,2025-10-20 15:39:04,2025-10-20 15:39:04,2025-10-20 15:39:04,饿了么支付-在线支付,,即时单,2025-10-20 15:39:04,15.22,自动出餐,1,否,"奶酪芝士卷边（7英寸）（4.90*1）,可口可乐[冷]（6.00*1）,【随心❤️拼】7英寸双拼披萨（口味自选）[日系照烧鸡+缤纷水果]（26.90*1）,餐盒（2.00*1）",奶酪芝士卷边7+小可乐+双拼7寸【日系照烧口味7】+双拼7寸【缤纷水果口味7】,,,,非会员,11,,,依据餐量提供餐具,,37.80,22.97,6.00,0.00,0,0,3.18,0.00,3.50,【活动支出】店铺满减:1.00元+【活动支出】饿了么红包:5.00元+【活动支出】替用户承担配送费:3.5元,-,-,-,2.00,温州区域,温州直营,,,否,-,平台配送
圣比萨（宜山店）,SBS00019,温州,"8011766088107794781	",饿了么,平台外卖,已完成,2025-10-20 16:04:33,2025-10-20 16:04:33,2025-10-20 16:04:33,饿了么支付-在线支付,,即时单,2025-10-20 16:04:33,15.08,自动出餐,1,否,"【任选】买一送一7英寸披萨（64.50*1）,蛋挞一个（原味）（3.90*1）,餐盒（2.50*1）",浪漫威尼斯披萨(7英寸(手拍))+榴莲王披萨(7英寸(手拍))+蛋挞1个,,,,非会员,12,,,依据餐量提供餐具,,68.40,36.84,16.91,0.00,0,0,5.30,0.00,5.60,【活动支出】店铺满减:2.00元+【活动支出】单品特价:2.91元+【活动支出】饿了么红包:12.00元+【活动支出】替用户承担配送费:5.0元,-,-,-,2.50,温州区域,温州直营,,,否,-,平台配送
圣比萨（宜山店）,SBS00019,温州,"8011766088132887863	",饿了么,平台外卖,已完成,2025-10-20 16:07:05,2025-10-20 16:07:05,2025-10-20 16:07:05,饿了么支付-在线支付,,即时单,2025-10-20 16:07:05,15.05,自动出餐,1,否,"全翅桶（39.90*1）,餐盒（1.00*1）",全翅桶,,,,非会员,13,,,依据餐量提供餐具,,39.90,20.07,9.00,0.00,0,0,2.98,0.00,5.60,【活动支出】店铺满减:1.00元+【活动支出】饿了么红包:8.00元+【活动支出】替用户承担配送费:5.0元,-,-,-,1.00,温州区域,温州直营,,,否,-,平台配送
圣比萨（宜山店）,SBS00019,温州,"8053886088150711767	",饿了么,平台外卖,已完成,2025-10-20 17:08:48,2025-10-20 17:08:48,2025-10-20 17:08:48,饿了么支付-在线支付,,即时单,2025-10-20 17:08:48,15.18,"初始值, 无意义",1,否,"番茄牛肉意面（25.90*1）,餐盒（2.00*1）",番茄牛肉意面,,,,非会员,14,,,无需餐具,,25.90,13.22,7.00,0.00,0,0,1.83,0.00,3.50,【活动支出】超级会员专享红包:5.00元+【活动支出】 商家自营销加码:2.00元+【活动支出】替用户承担配送费:3.5元,-,-,-,2.00,温州区域,温州直营,,,否,-,平台配送
圣比萨（宜山店）,SBS00019,温州,"8049816088163042767	",饿了么,平台外卖,已完成,2025-10-20 17:22:42,2025-10-20 17:22:42,2025-10-20 17:22:43,饿了么支付-在线支付,,即时单,2025-10-20 17:22:42,15.15,自动出餐,1,否,"奶酪芝士卷边（12英寸）（8.90*1）,新奥尔良烤鸡肉披萨-12英寸(手拍)[{""name"":""规格"",""value"":""12英寸(手拍)""}]（54.90*1）,餐盒（2.00*1）",奶酪芝士卷边+新奥尔良烤鸡肉披萨,,,,非会员,15,,,依据餐量提供餐具,,63.80,37.28,14.00,0.00,0,0,5.07,0.00,3.50,【活动支出】店铺满减:2.00元+【活动支出】饿了么红包:12.00元+【活动支出】替用户承担配送费:3.5元,-,-,-,2.00,温州区域,温州直营,,,否,-,平台配送
圣比萨（宜山店）,SBS00019,温州,"8025606088129572299	",饿了么,平台外卖,已完成,2025-10-20 17:42:40,2025-10-20 17:42:40,2025-10-20 17:42:40,饿了么支付-在线支付,,即时单,2025-10-20 17:42:40,15.00,自动出餐,1,否,"榴莲王披萨-7英寸(手拍)[{""name"":""规格"",""value"":""7英寸(手拍)""}]（39.90*1）,餐盒（2.00*1）",榴莲王披萨,,,,非会员,16,,,2份餐具,,39.90,23.06,8.00,0.00,0,0,3.19,0.00,3.50,【活动支出】店铺满减:1.00元+【活动支出】饿了么红包:7.00元+【活动支出】替用户承担配送费:3.5元,-,-,-,2.00,温州区域,温州直营,,,否,-,平台配送
圣比萨（宜山店）,SBS00019,温州,"8070916088225750408	",饿了么,平台外卖,已完成,2025-10-20 18:49:03,2025-10-20 18:49:03,2025-10-20 18:49:04,饿了么支付-在线支付,,即时单,2025-10-20 18:49:03,15.20,自动出餐,1,否,"【随心❤️拼】7英寸双拼披萨（口味自选）[日系照烧鸡+新奥尔良烤鸡肉]（26.90*1）,餐盒（2.00*1）",双拼7寸【日系照烧口味7】+双拼7寸【奥尔良口味7】,,,,非会员,17,,,不用打电话和敲门，十分感谢呐 / 依据餐量提供餐具,,26.90,14.12,7.00,0.00,0,0,1.93,0.00,3.50,【活动支出】饿了么红包:7.00元+【活动支出】替用户承担配送费:3.5元,-,-,-,2.00,温州区域,温州直营,,,否,-,平台配送
圣比萨（宜山店）,SBS00019,温州,"8006120254301201836	",饿了么,平台外卖,已退款,2025-10-20 19:00:56,2025-10-20 19:00:56,2025-10-20 19:00:56,饿了么支付-在线支付,,即时单,2025-10-20 19:00:56,,未出餐,1,否,"【任选】披萨随心配（46.70*1）,餐盒（2.00*1）",小可乐+深海墨鱼丸(3个)+榴莲芝士挞+不加一+碳烤鸡肉培根披萨(7英寸(手拍)),,,,非会员,18,,,3份餐具,订单强制无效（商家主动取消已接订单、用户1分钟内取消),46.70,-13.49,1.00,47.70,0,0,4.64,0.00,3.50,【活动支出】店铺满减:1.00元+【活动支出】替用户承担配送费:3.5元,-,-,-,2.00,温州区域,温州直营,,,否,-,平台配送
圣比萨（宜山店）,SBS00019,温州,"8006120254309426491	",饿了么,平台外卖,已完成,2025-10-20 19:02:33,2025-10-20 19:02:33,2025-10-20 19:02:33,饿了么支付-在线支付,,即时单,2025-10-20 19:02:33,15.15,自动出餐,1,否,"【任选】披萨随心配（46.70*1）,餐盒（2.00*1）",小可乐+深海墨鱼丸(3个)+榴莲芝士挞+不加一+碳烤鸡肉培根披萨(7英寸(手拍)),,,,非会员,19,,,3份餐具,,46.70,28.54,8.00,0.00,0,0,3.91,0.00,3.50,【活动支出】店铺满减:1.00元+【活动支出】超级会员专享红包:5.00元+【活动支出】 商家自营销加码:2.00元+【活动支出】替用户承担配送费:3.5元,-,-,-,2.00,温州区域,温州直营,,,否,-,平台配送
圣比萨（宜山店）,SBS00019,温州,"8090190254229457322	",饿了么,平台外卖,已完成,2025-10-20 19:16:20,2025-10-20 19:16:20,2025-10-20 19:16:20,饿了么支付-在线支付,,即时单,2025-10-20 19:16:20,15.18,自动出餐,1,否,"【任选】披萨随心配（36.80*1）,餐盒（2.00*1）",小可乐+深海墨鱼丸(3个)+不加一+盐酥鸡米花小份+新奥尔良烤鸡肉披萨(7英寸(手拍)),,,,非会员,20,,,依据餐量提供餐具,,36.80,19.99,9.00,0.00,0,0,2.76,0.00,3.50,【活动支出】店铺满减:1.00元+【活动支出】饿了么红包:8.00元+【活动支出】替用户承担配送费:3.5元,-,-,-,2.00,温州区域,温州直营,,,否,-,平台配送
圣比萨（宜山店）,SBS00019,温州,"8073160254229979533	",饿了么,平台外卖,已完成,2025-10-20 19:31:12,2025-10-20 19:31:12,2025-10-20 19:31:12,饿了么支付-在线支付,,即时单,2025-10-20 19:31:12,15.20,自动出餐,1,否,"新奥尔良烤鸡肉披萨-7英寸(手拍)[{""name"":""规格"",""value"":""7英寸(手拍)""}]（23.90*1）,酸奶多多流心卷边（7英寸）（4.90*1）,餐盒（2.00*1）",新奥尔良烤鸡肉披萨+酸奶多多流心卷边7,,,,非会员,21,,,依据餐量提供餐具,,28.80,20.88,0,0.00,0,0,2.87,0.00,3.50,-,-,-,-,2.00,温州区域,温州直营,,,否,-,平台配送
圣比萨（宜山店）,SBS00019,温州,"8035776088257842515	",饿了么,平台外卖,已完成,2025-10-20 20:02:11,2025-10-20 20:02:11,2025-10-20 20:02:12,饿了么支付-在线支付,,即时单,2025-10-20 20:02:11,15.13,自动出餐,1,否,"【任选】买一送一7英寸披萨（44.90*1）,餐盒（2.00*1）",日系照烧鸡披萨(7英寸(手拍))+新奥尔良烤鸡肉披萨(7英寸(手拍)),,,,非会员,22,,,依据餐量提供餐具,,44.90,25.74,10.00,0.00,0,0,3.51,0.00,3.50,【活动支出】店铺满减:1.00元+【活动支出】饿了么红包:9.00元+【活动支出】替用户承担配送费:3.5元,-,-,-,2.00,温州区域,温州直营,,,否,-,平台配送
圣比萨（宜山店）,SBS00019,温州,"8057220254250424628	",饿了么,平台外卖,已完成,2025-10-20 20:07:57,2025-10-20 20:07:57,2025-10-20 20:07:57,饿了么支付-在线支付,,即时单,2025-10-20 20:07:57,15.08,自动出餐,1,否,"点击右上角❤️收藏得小吃[薯饼1个]（3.00*1）,新奥尔良烤鸡肉披萨-7英寸(手拍)[{""name"":""规格"",""value"":""7英寸(手拍)""}]（23.90*1）,餐盒（2.00*1）",薯饼1个+新奥尔良烤鸡肉披萨,,,,非会员,23,,,依据餐量提供餐具,,26.90,11.52,9.90,0.00,0,0,1.63,0.00,4.00,【活动支出】单品特价:2.90元+【活动支出】 商家自营销加码:2.00元+【活动支出】饿了么红包:5.00元+【活动支出】替用户承担配送费:4.0元,-,-,-,2.00,温州区域,温州直营,,,否,-,平台配送
圣比萨（宜山店）,SBS00019,温州,"8085330254357195058	",饿了么,平台外卖,已完成,2025-10-20 20:26:26,2025-10-20 20:26:26,2025-10-20 20:26:26,饿了么支付-在线支付,,即时单,2025-10-20 20:26:26,15.02,自动出餐,1,否,"【随心❤️拼】7英寸双拼披萨（口味自选）[缤纷水果+碳烤鸡肉培根]（26.90*1）,餐盒（2.00*1）",双拼7寸【缤纷水果口味7】+双拼7寸【碳烤鸡肉培根口味7】,,,,非会员,24,,,依据餐量提供餐具,,26.90,14.12,7.00,0.00,0,0,1.93,0.00,3.50,【活动支出】 商家自营销加码:2.00元+【活动支出】饿了么红包:5.00元+【活动支出】替用户承担配送费:3.5元,-,-,-,2.00,温州区域,温州直营,,,否,-,平台配送
圣比萨（宜山店）,SBS00019,温州,"8095626088260941179	",饿了么,平台外卖,已完成,2025-10-20 20:27:03,2025-10-20 20:27:03,2025-10-20 20:27:03,饿了么支付-在线支付,,即时单,2025-10-20 20:27:03,15.00,自动出餐,1,否,"新奥尔良烤鸡肉披萨-7英寸(手拍)[{""name"":""规格"",""value"":""7英寸(手拍)""}]（23.90*1）,餐盒（2.00*1）",新奥尔良烤鸡肉披萨,,,,非会员,25,,,依据餐量提供餐具,,23.90,11.43,7.00,0.00,0,0,1.62,0.00,3.50,【活动支出】 商家自营销加码:2.00元+【活动支出】饿了么红包:5.00元+【活动支出】替用户承担配送费:3.5元,-,-,-,2.00,温州区域,温州直营,,,否,-,平台配送
圣比萨（宜山店）,SBS00019,温州,"8086986088208161269	",饿了么,平台外卖,已完成,2025-10-20 20:29:05,2025-10-20 20:29:05,2025-10-20 20:29:06,饿了么支付-在线支付,,即时单,2025-10-20 20:29:05,15.02,自动出餐,1,否,"【随心❤️拼】7英寸双拼披萨（口味自选）[新奥尔良烤鸡肉+碳烤鸡肉培根]（26.90*1）,餐盒（2.00*1）",双拼7寸【奥尔良口味7】+双拼7寸【碳烤鸡肉培根口味7】,,,,非会员,26,,,依据餐量提供餐具,,26.90,14.41,5.00,0.00,0,0,2.14,0.00,4.50,【活动支出】饿了么红包:5.00元+【活动支出】替用户承担配送费:4.5元,-,-,-,2.00,温州区域,温州直营,,,否,-,平台配送
圣比萨（宜山店）,SBS00019,温州,"8022170254449795561	",饿了么,平台外卖,已完成,2025-10-20 20:52:32,2025-10-20 20:52:32,2025-10-20 20:52:33,饿了么支付-在线支付,,即时单,2025-10-20 20:52:32,15.23,自动出餐,1,否,"咸蛋黄风味流沙卷边（7英寸）（4.90*1）,新奥尔良烤鸡肉披萨-7英寸(手拍)[{""name"":""规格"",""value"":""7英寸(手拍)""}]（23.90*1）,餐盒（2.00*1）",咸蛋黄流沙卷边7+新奥尔良烤鸡肉披萨,,,,非会员,27,,,依据餐量提供餐具,,28.80,15.22,7.00,0.00,0,0,2.13,0.00,3.50,【活动支出】饿了么红包:7.00元+【活动支出】替用户承担配送费:3.5元,-,-,-,2.00,温州区域,温州直营,,,否,-,平台配送
圣比萨（宜山店）,SBS00019,温州,"8007796088246226273	",饿了么,平台外卖,已完成,2025-10-20 21:21:23,2025-10-20 21:21:23,2025-10-20 21:21:23,饿了么支付-在线支付,,即时单,2025-10-20 21:21:23,15.02,自动出餐,1,否,"新奥尔良烤鸡肉披萨-7英寸(手拍)[{""name"":""规格"",""value"":""7英寸(手拍)""}]（23.90*1）,餐盒（2.00*1）",新奥尔良烤鸡肉披萨,,,,非会员,28,,,无需餐具,,23.90,10.93,7.00,0.00,0,0,1.62,0.00,5.60,【活动支出】饿了么红包:7.00元+【活动支出】替用户承担配送费:5.0元,-,-,-,2.00,温州区域,温州直营,,,否,-,平台配送
圣比萨（宜山店）,SBS00019,温州,"8078856088259069433	",饿了么,平台外卖,已完成,2025-10-20 21:46:53,2025-10-20 21:46:53,2025-10-20 21:46:54,饿了么支付-在线支付,,即时单,2025-10-20 21:46:53,15.23,自动出餐,1,否,"️【任选】意面随心配（40.80*1）,餐盒（2.00*1）",不加一+小薯条+小可乐+招牌肉酱意面+奥尔良烤翅,,,,非会员,29,,,前几天薯条少给了电话联系过的      薯条多给点 / 依据餐量提供餐具,,40.80,22.17,10.00,0.00,0,0,3.08,0.00,5.60,【活动支出】店铺满减:1.00元+【活动支出】饿了么红包:9.00元+【活动支出】替用户承担配送费:5.0元,-,-,-,2.00,温州区域,温州直营,,,否,-,平台配送
圣比萨（宜山店）,SBS00019,温州,"8074300254380194154	",饿了么,平台外卖,已完成,2025-10-20 21:48:16,2025-10-20 21:48:16,2025-10-20 21:48:16,饿了么支付-在线支付,,即时单,2025-10-20 21:48:16,15.02,自动出餐,1,否,"新奥尔良烤鸡肉披萨-7英寸(手拍)[{""name"":""规格"",""value"":""7英寸(手拍)""}]（23.90*1）,可口可乐[冷]（6.00*1）,餐盒（2.00*1）",新奥尔良烤鸡肉披萨+小可乐,,,,非会员,30,,,依据餐量提供餐具,,29.90,15.70,7.00,0.00,0,0,2.25,0.00,5.60,【活动支出】超级会员专享红包:5.00元+【活动支出】 商家自营销加码:2.00元+【活动支出】替用户承担配送费:5.0元,-,-,-,2.00,温州区域,温州直营,,,否,-,平台配送
圣比萨（宜山店）,SBS00019,温州,"8002200254393650455	",饿了么,平台外卖,已完成,2025-10-20 22:18:17,2025-10-20 22:18:17,2025-10-20 22:18:17,饿了么支付-在线支付,,即时单,2025-10-20 22:18:17,15.07,自动出餐,1,否,"【随心❤️拼】7英寸双拼披萨（口味自选）[新奥尔良烤鸡肉+碳烤鸡肉培根]（26.90*1）,餐盒（2.00*1）",双拼7寸【奥尔良口味7】+双拼7寸【碳烤鸡肉培根口味7】,,,,非会员,31,,,依据餐量提供餐具,,26.90,13.62,7.00,0.00,0,0,1.93,0.00,5.60,【活动支出】饿了么红包:7.00元+【活动支出】替用户承担配送费:5.0元,-,-,-,2.00,温州区域,温州直营,,,否,-,平台配送
圣比萨（宜山店）,SBS00019,温州,"8047180254393759112	",饿了么,平台外卖,已完成,2025-10-20 22:26:21,2025-10-20 22:26:21,2025-10-20 22:26:21,饿了么支付-在线支付,,即时单,2025-10-20 22:26:21,15.08,自动出餐,1,否,"点击右上角❤️收藏得小吃[上校鸡块2个]（3.00*1）,炙热牛魔王披萨-12英寸(手拍)[{""name"":""规格"",""value"":""12英寸(手拍)""}]（61.90*1）,蛋挞一个（原味）（3.90*1）,餐盒（2.50*1）",上校鸡块2个+炙热牛魔王披萨+蛋挞1个,,,,非会员,32,,,依据餐量提供餐具,,68.80,39.48,15.81,0.00,0,0,5.46,0.00,5.60,【活动支出】单品特价:2.90元+【活动支出】店铺满减:2.00元+【活动支出】单品特价:2.91元+【活动支出】饿了么红包:8.00元+【活动支出】替用户承担配送费:5.0元,-,-,-,2.50,温州区域,温州直营,,,否,-,平台配送
圣比萨（龙港龙跃店）,SBS00010,温州,"8011300254033847645	",饿了么,平台外卖,已完成,2025-10-20 10:08:33,2025-10-20 10:08:33,2025-10-20 10:08:33,饿了么支付-在线支付,,即时单,2025-10-20 10:08:33,10.17,自动出餐,1,否,"新奥尔良烤鸡肉披萨-9英寸(手拍)[{""name"":""规格"",""value"":""9英寸(手拍)""}]（39.90*1）,蛋挞（6.90*1）,柠檬茶[冷]（6.00*1）,奶酪芝士卷边（9英寸）（6.90*1）,餐盒（4.00*1）",新奥尔良烤鸡肉披萨+蛋挞+柠檬茶+奶酪芝士卷边9,,,,非会员,1,,,依据餐量提供餐具,,59.70,35.18,10.00,0.00,0,0,3.77,0.00,9.90,【活动支出】店铺满减:2.00元+【活动支出】超级会员专享红包:8.00元+【活动支出】 商家自营销加码:0.00元+【活动支出】替用户承担配送费:5.0元,-,-,-,4.00,温州区域,温州直营,,,否,-,平台配送
圣比萨（龙港龙跃店）,SBS00010,温州,"8069430254087646503	",饿了么,平台外卖,已完成,2025-10-20 11:05:20,2025-10-20 11:05:20,2025-10-20 11:05:20,饿了么支付-在线支付,,即时单,2025-10-20 11:05:20,12.00,自动出餐,1,否,"【任选】意面随心配（31.90*1）,餐盒（2.00*1）",可乐+不加一+番茄培根意面+地道肠1根+不加一,,,,非会员,2,,,1份餐具,,31.90,14.12,12.00,0.00,0,0,1.93,0.00,3.50,【活动支出】订单集点返红包:5.00元+【活动支出】饿了么红包:7.00元+【活动支出】替用户承担配送费:3.5元,-,-,-,2.00,温州区域,温州直营,,,否,-,平台配送
圣比萨（龙港龙跃店）,SBS00010,温州,"8069430254171500887	",饿了么,平台外卖,已完成,2025-10-20 11:07:18,2025-10-20 11:07:18,2025-10-20 11:07:19,饿了么支付-在线支付,,即时单,2025-10-20 11:07:18,12.20,"初始值, 无意义",1,否,"榴莲多多薄脆披萨-单层[{""name"":""规格"",""value"":""单层""}]（45.90*1）,餐盒（2.00*1）",榴莲多多薄脆披萨,,,,非会员,3,,,1份餐具,,45.90,26.93,9.00,0.00,0,0,3.72,0.00,3.50,【活动支出】店铺满减:1.00元+【活动支出】 商家自营销加码:0.00元+【活动支出】饿了么红包:8.00元+【活动支出】替用户承担配送费:3.5元,-,-,-,2.00,温州区域,温州直营,,,否,-,平台配送
圣比萨（龙港龙跃店）,SBS00010,温州,"8065050254022348285	",饿了么,平台外卖,已完成,2025-10-20 11:37:42,2025-10-20 11:37:42,2025-10-20 11:37:42,饿了么支付-在线支付,,即时单,2025-10-20 11:37:42,12.07,自动出餐,1,否,"明星小食桶B（19.90*1）,缤纷水果披萨-7英寸(手拍)[{""name"":""规格"",""value"":""7英寸(手拍)""}]（42.00*1）,餐盒（1.00*1）",明星小食桶B+缤纷水果披萨,,,,非会员,4,,,1份餐具,,61.90,25.40,23.70,0.00,0,0,3.75,0.00,6.20,【活动支出】单品特价:23.70元+【活动支出】替用户承担配送费:5.0元,-,-,-,1.00,温州区域,温州直营,,,否,-,平台配送
圣比萨（龙港龙跃店）,SBS00010,温州,"8057956088037510548	",饿了么,平台外卖,已完成,2025-10-20 12:06:39,2025-10-20 12:06:39,2025-10-20 12:06:39,饿了么支付-在线支付,,即时单,2025-10-20 12:06:39,12.12,自动出餐,1,否,"经典薯条（8.90*1）,蛋挞一个（原味）（3.90*1）,奶酪芝士卷边（7英寸）（4.90*1）,缤纷水果披萨-7英寸(手拍)[{""name"":""规格"",""value"":""7英寸(手拍)""}]（42.00*1）,番茄牛肉意面（25.90*1）,餐盒（6.00*1）",经典薯条+蛋挞1个+奶酪芝士卷边7+缤纷水果披萨+番茄牛肉意面,,,,非会员,5,,,依据餐量提供餐具,,85.60,41.26,33.01,0.00,0,0,5.78,0.00,4.50,【活动支出】店铺满减:2.00元+【活动支出】单品特价:2.91元+【活动支出】单品特价:16.10元+【活动支出】饿了么红包:12.00元+【活动支出】替用户承担配送费:4.5元,-,-,-,6.00,温州区域,温州直营,,,否,-,平台配送
圣比萨（龙港龙跃店）,SBS00010,温州,"8065220254297459188	",饿了么,平台外卖,已完成,2025-10-20 15:10:46,2025-10-20 15:10:46,2025-10-20 15:10:46,饿了么支付-在线支付,,即时单,2025-10-20 15:10:46,10.15,自动出餐,1,否,"玉米沙拉披萨-9英寸(手拍)[{""name"":""规格"",""value"":""9英寸(手拍)""}]（39.90*1）,餐盒（2.00*1）",玉米沙拉披萨,,,,非会员,6,,,依据餐量提供餐具,,39.90,23.23,6.80,0.00,0,0,3.32,0.00,4.50,【活动支出】店铺满减:1.00元+【活动支出】饿了么红包:5.80元+【活动支出】替用户承担配送费:4.5元,-,-,-,2.00,温州区域,温州直营,,,否,-,平台配送
圣比萨（龙港龙跃店）,SBS00010,温州,"8087120254220390901	",饿了么,平台外卖,已完成,2025-10-20 16:28:51,2025-10-20 16:28:51,2025-10-20 16:28:51,饿了么支付-在线支付,,即时单,2025-10-20 16:28:51,10.22,自动出餐,1,否,"红薯薯泥流心卷边（7英寸）（4.90*1）,缤纷水果披萨-7英寸(手拍)[{""name"":""规格"",""value"":""7英寸(手拍)""}]（42.00*1）,餐盒（2.00*1）",红薯泥流心卷边7+缤纷水果披萨,,,,非会员,7,,,依据餐量提供餐具,,46.90,13.30,22.10,0.00,0,0,1.75,0.00,9.90,【活动支出】单品特价:16.10元+【活动支出】饿了么红包:6.00元+【活动支出】替用户承担配送费:5.0元,-,-,-,2.00,温州区域,温州直营,,,否,-,平台配送
圣比萨（龙港龙跃店）,SBS00010,温州,"8078706088162047486	",饿了么,平台外卖,已完成,2025-10-20 17:13:40,2025-10-20 17:13:40,2025-10-20 17:13:40,饿了么支付-在线支付,,即时单,2025-10-20 17:13:40,10.20,自动出餐,1,否,"缤纷水果披萨-9英寸(手拍)[{""name"":""规格"",""value"":""9英寸(手拍)""}]（75.00*1）,明星小食桶A（14.90*1）,奶酪芝士卷边（9英寸）（6.90*1）,蛋挞一个（原味）（3.90*1）,薯饼3个（6.90*1）,餐盒（4.00*1）",缤纷水果披萨+明星小食桶A+奶酪芝士卷边9+蛋挞1个+薯饼,,,,非会员,8,,,依据餐量提供餐具,,107.60,38.03,55.91,0.00,0,0,3.91,0.00,9.30,【活动支出】店铺满减:2.00元+【活动支出】单品特价:35.10元+【活动支出】单品特价:2.91元+【活动支出】单品特价:3.90元+【活动支出】饿了么红包:12.00元+【活动支出】替用户承担配送费:5.0元,-,-,-,4.00,温州区域,温州直营,,,否,-,平台配送
圣比萨（龙港龙跃店）,SBS00010,温州,"8040480254158848435	",饿了么,平台外卖,已完成,2025-10-20 17:21:31,2025-10-20 17:21:31,2025-10-20 17:21:31,饿了么支付-在线支付,,即时单,2025-10-20 17:21:31,10.12,自动出餐,1,否,"【任选】披萨随心配（31.90*1）,餐盒（2.00*1）",上校鸡块+可乐+不加一+不加一+日系照烧鸡披萨(7英寸(手拍)),,,,非会员,9,,,依据餐量提供餐具,,31.90,17.09,7.00,0.00,0,0,2.46,0.00,5.00,【活动支出】饿了么红包:7.00元+【活动支出】替用户承担配送费:5.0元,-,-,-,2.00,温州区域,温州直营,,,否,-,平台配送
圣比萨（龙港龙跃店）,SBS00010,温州,"8074636088149114153	",饿了么,平台外卖,已完成,2025-10-20 17:43:00,2025-10-20 17:43:00,2025-10-20 17:43:01,饿了么支付-在线支付,,即时单,2025-10-20 17:43:00,12.03,自动出餐,1,否,"酸奶多多流心卷边（7英寸）（4.90*1）,缤纷水果披萨-7英寸(手拍)[{""name"":""规格"",""value"":""7英寸(手拍)""}]（42.00*1）,餐盒（2.00*1）",酸奶多多流心卷边7+缤纷水果披萨,,,,非会员,10,,,依据餐量提供餐具,,46.90,22.67,16.10,0.00,0,0,3.08,0.00,3.50,【活动支出】单品特价:16.10元+【活动支出】替用户承担配送费:3.5元,-,-,-,2.00,温州区域,温州直营,,,否,-,平台配送
圣比萨（龙港龙跃店）,SBS00010,温州,"8091666088173803814	",饿了么,平台外卖,已完成,2025-10-20 17:48:15,2025-10-20 17:48:15,2025-10-20 17:48:15,饿了么支付-在线支付,,即时单,2025-10-20 17:48:15,12.03,自动出餐,1,否,"缤纷水果披萨-7英寸(手拍)[{""name"":""规格"",""value"":""7英寸(手拍)""}]（42.00*1）",缤纷水果披萨,,,,非会员,11,,,依据餐量提供餐具,,42.00,10.90,23.70,0.00,0,0,1.55,0.00,3.50,【活动支出】单品特价:23.70元+【活动支出】替用户承担配送费:3.5元,-,-,-,0.00,温州区域,温州直营,,,否,-,平台配送
圣比萨（龙港龙跃店）,SBS00010,温州,"8040506088185803014	",饿了么,平台外卖,已完成,2025-10-20 17:51:33,2025-10-20 17:51:33,2025-10-20 17:51:33,饿了么支付-在线支付,,即时单,2025-10-20 17:51:33,12.13,自动出餐,1,否,"新奥尔良烤鸡肉披萨-7英寸(手拍)[{""name"":""规格"",""value"":""7英寸(手拍)""}]（23.90*1）,红薯薯泥流心卷边（7英寸）（4.90*1）,餐盒（2.00*1）",新奥尔良烤鸡肉披萨+红薯泥流心卷边7,,,,非会员,12,,,依据餐量提供餐具,,28.80,17.01,5.00,0.00,0,0,2.34,0.00,4.00,【活动支出】饿了么红包:5.00元+【活动支出】替用户承担配送费:4.0元,-,-,-,2.00,温州区域,温州直营,,,否,-,平台配送
圣比萨（龙港龙跃店）,SBS00010,温州,"8086976088140372287	",饿了么,平台外卖,已完成,2025-10-20 18:00:40,2025-10-20 18:00:40,2025-10-20 18:00:40,饿了么支付-在线支付,,即时单,2025-10-20 18:00:40,12.12,自动出餐,1,否,"【任选】披萨随心配（48.70*1）,餐盒（2.00*1）",小薯条+可乐+香烤鸡翅(2只)+不加一+大圣招牌大满贯披萨(7英寸(手拍)),,,,非会员,13,,,依据餐量提供餐具,,48.70,24.67,15.00,0.00,0,0,3.38,0.00,3.50,【活动支出】店铺满减:1.00元+【活动支出】订单集点返红包:5.00元+【活动支出】饿了么红包:9.00元+【活动支出】替用户承担配送费:3.5元,-,-,-,2.00,温州区域,温州直营,,,否,-,平台配送
圣比萨（龙港龙跃店）,SBS00010,温州,"8027370254226137455	",饿了么,平台外卖,已完成,2025-10-20 19:20:58,2025-10-20 19:20:58,2025-10-20 19:20:58,饿了么支付-在线支付,,即时单,2025-10-20 19:20:58,12.07,自动出餐,1,否,"榴莲王披萨-9英寸(经典手拍)[{""name"":""规格"",""value"":""9英寸(经典手拍)""}]（92.00*1）,餐盒（2.00*1）",榴莲王披萨,,,,非会员,14,,,"对骑手, 不要敲门, 不要打电话，放门口 / 依据餐量提供餐具",,92.00,29.61,51.10,0.00,0,0,4.14,0.00,5.00,【活动支出】店铺满减:1.00元+【活动支出】单品特价:42.10元+【活动支出】超会爆红包省钱包:8.00元+【活动支出】替用户承担配送费:5.0元,-,-,-,2.00,温州区域,温州直营,,,否,-,平台配送
圣比萨（龙港龙跃店）,SBS00010,温州,"8017686088198725986	",饿了么,平台外卖,已完成,2025-10-20 20:12:19,2025-10-20 20:12:19,2025-10-20 20:12:19,饿了么支付-在线支付,,即时单,2025-10-20 20:12:19,10.00,自动出餐,1,否,"榴莲王披萨-7英寸（经典手拍)[{""name"":""规格"",""value"":""7英寸（经典手拍)""}]（52.00*1）,餐盒（2.00*1）",榴莲王披萨,,,,非会员,15,,,依据餐量提供餐具,,52.00,9.32,26.10,0.00,0,0,1.83,0.00,15.30,【活动支出】单品特价:18.10元+【活动支出】饿了么红包:8.00元+【活动支出】替用户承担配送费:5.0元,-,-,-,2.00,温州区域,温州直营,,,否,-,平台配送
圣比萨（龙港龙跃店）,SBS00010,温州,"8057746088203758919	",饿了么,平台外卖,已完成,2025-10-20 20:14:05,2025-10-20 20:14:05,2025-10-20 20:14:06,饿了么支付-在线支付,,即时单,2025-10-20 20:14:05,10.00,自动出餐,1,否,"【任选】意面随心配（31.90*1）,餐盒（2.00*1）",雀巢牛奶+不加一+番茄牛肉意面+深海墨鱼丸(3个)+不加一,,,,非会员,16,,,依据餐量提供餐具,,31.90,18.89,6.00,0.00,0,0,2.56,0.00,3.50,【活动支出】 商家自营销加码:1.00元+【活动支出】饿了么红包:5.00元+【活动支出】替用户承担配送费:3.5元,-,-,-,2.00,温州区域,温州直营,,,否,-,平台配送
圣比萨（龙港龙跃店）,SBS00010,温州,"8066776088231979387	",饿了么,平台外卖,已完成,2025-10-20 20:27:24,2025-10-20 20:27:24,2025-10-20 20:27:24,饿了么支付-在线支付,,即时单,2025-10-20 20:27:24,10.20,"初始值, 无意义",1,否,"新奥尔良烤鸡肉披萨-7英寸(手拍)[{""name"":""规格"",""value"":""7英寸(手拍)""}]（23.90*1）,餐盒（2.00*1）",新奥尔良烤鸡肉披萨,,,,非会员,17,,,依据餐量提供餐具,,23.90,12.33,6.00,0.00,0,0,1.72,0.00,3.50,【活动支出】饿了么红包:6.00元+【活动支出】替用户承担配送费:3.5元,-,-,-,2.00,温州区域,温州直营,,,否,-,平台配送
圣比萨（龙港龙跃店）,SBS00010,温州,"8017686088207255843	",饿了么,平台外卖,已完成,2025-10-20 20:28:27,2025-10-20 20:28:27,2025-10-20 20:28:28,饿了么支付-在线支付,,即时单,2025-10-20 20:28:27,10.23,自动出餐,1,否,"榴莲王披萨-9英寸(经典手拍)[{""name"":""规格"",""value"":""9英寸(经典手拍)""}]（92.00*1）,餐盒（2.00*1）",榴莲王披萨,,,,非会员,18,,,依据餐量提供餐具,,92.00,29.62,52.10,0.00,0,0,4.03,0.00,3.50,【活动支出】店铺满减:1.00元+【活动支出】单品特价:42.10元+【活动支出】饿了么红包:9.00元+【活动支出】替用户承担配送费:3.5元,-,-,-,2.00,温州区域,温州直营,,,否,-,平台配送
圣比萨（龙港龙跃店）,SBS00010,温州,"8023906088240589267	",饿了么,平台外卖,已完成,2025-10-20 20:54:22,2025-10-20 20:54:22,2025-10-20 20:54:23,饿了么支付-在线支付,,即时单,2025-10-20 20:54:22,10.23,自动出餐,1,否,"【任选】披萨随心配（31.90*1）,餐盒（2.00*1）",小薯条+柠檬茶+不加一+不加一+缤纷水果披萨(7英寸(手拍)),,,,非会员,19,,,依据餐量提供餐具,,31.90,14.12,12.00,0.00,0,0,1.93,0.00,3.50,【活动支出】订单集点返红包:5.00元+【活动支出】饿了么红包:7.00元+【活动支出】替用户承担配送费:3.5元,-,-,-,2.00,温州区域,温州直营,,,否,-,平台配送
圣比萨（龙港龙跃店）,SBS00010,温州,"8012986088256655841	",饿了么,平台外卖,已完成,2025-10-20 20:58:41,2025-10-20 20:58:41,2025-10-20 20:58:41,饿了么支付-在线支付,,即时单,2025-10-20 20:58:41,10.08,自动出餐,1,否,"【任选】买一送一7英寸披萨（54.70*1）,餐盒（2.00*1）",缤纷水果披萨(7英寸(手拍))+玉米沙拉披萨(7英寸(手拍)),,,,非会员,20,,,依据餐量提供餐具,,54.70,34.21,9.00,0.00,0,0,4.64,0.00,3.50,【活动支出】店铺满减:1.00元+【活动支出】饿了么红包:8.00元+【活动支出】替用户承担配送费:3.5元,-,-,-,2.00,温州区域,温州直营,,,否,-,平台配送
圣比萨（龙港龙跃店）,SBS00010,温州,"8046420254276973995	",饿了么,平台外卖,已完成,2025-10-20 21:45:09,2025-10-20 21:45:09,2025-10-20 21:45:10,饿了么支付-在线支付,,即时单,2025-10-20 21:45:09,10.08,自动出餐,1,否,"【随心❤️拼】9英寸双拼披萨(口味自选)[缤纷水果+培根鸡肉]（41.90*1）,餐盒（2.00*1）",双拼9寸【缤纷水果口味9】+双拼9寸【鸡肉培根口味9】,,,,非会员,21,,,依据餐量提供餐具,,41.90,23.45,9.00,0.00,0,0,3.30,0.00,5.60,【活动支出】店铺满减:1.00元+【活动支出】超级会员专享红包:8.00元+【活动支出】 商家自营销加码:0.00元+【活动支出】替用户承担配送费:5.0元,-,-,-,2.00,温州区域,温州直营,,,否,-,平台配送
圣比萨（龙港龙跃店）,SBS00010,温州,"8095696088300741045	",饿了么,平台外卖,已完成,2025-10-20 22:43:35,2025-10-20 22:43:35,2025-10-20 22:43:36,饿了么支付-在线支付,,即时单,2025-10-20 22:43:35,10.12,自动出餐,1,否,"【任选】意面随心配（36.80*1）,餐盒（2.00*1）",雀巢牛奶+不加一+黑椒牛肉意面+深海墨鱼丸(3个)+不加一,,,,非会员,22,,,依据餐量提供餐具,,36.80,19.49,9.00,0.00,0,0,2.76,0.00,5.60,【活动支出】店铺满减:1.00元+【活动支出】饿了么红包:8.00元+【活动支出】替用户承担配送费:5.0元,-,-,-,2.00,温州区域,温州直营,,,否,-,平台配送
圣比萨（龙港龙跃店）,SBS00010,温州,"8096856088242953531	",饿了么,平台外卖,已完成,2025-10-20 22:59:21,2025-10-20 22:59:21,2025-10-20 22:59:21,饿了么支付-在线支付,,即时单,2025-10-20 22:59:21,10.10,自动出餐,1,否,"【任选】披萨随心配（31.90*1）,餐盒（2.00*1）",地道肠1根+可乐+不加一+不加一+新奥尔良烤鸡肉披萨(7英寸(手拍)),,,,非会员,23,,,依据餐量提供餐具,,31.90,14.82,6.00,0.00,0,0,1.83,0.00,11.00,【活动支出】饿了么红包:6.00元+【活动支出】替用户承担配送费:5.0元,-,-,-,2.00,温州区域,温州直营,,,否,-,平台配送
圣比萨·披萨·炸鸡（滨海一店）,SBM00002,盐城,"8001926088050820587	",饿了么,平台外卖,已完成,2025-10-20 14:11:25,2025-10-20 14:11:25,2025-10-20 14:11:25,饿了么支付-在线支付,,即时单,2025-10-20 14:11:25,10.23,自动出餐,1,否,七寸奶酪芝士披萨-单点（15.40*1）,金牌芝士披萨【7英寸(手拍)】,,,,非会员,1,,,依据餐量提供餐具,,15.40,9.90,0.00,0.00,0,0,0.00,0.00,,【活动支出】单品优惠:0.00元,-,-,-,0.00,江苏区域,江苏直营店,,,否,-,平台配送
圣比萨·披萨·炸鸡（滨海一店）,SBM00002,盐城,"8059516088099025295	",饿了么,平台外卖,已完成,2025-10-20 14:29:26,2025-10-20 14:29:26,2025-10-20 14:29:27,饿了么支付-在线支付,,即时单,2025-10-20 14:29:26,10.03,自动出餐,1,否,"新奥尔良烤鸡肉披萨-7英寸[{""name"":""规格"",""value"":""7英寸""}]（28.90*1）,餐盒（1.00*1）",新奥尔良烤鸡肉披萨,,,,非会员,2,,,依据餐量提供餐具,,28.90,13.81,5.00,0.00,0,0,2.39,0.00,6.00,【活动支出】饿了么红包:5.00元+【活动支出】替用户承担配送费:6.0元,-,-,-,1.00,江苏区域,江苏直营店,,,否,-,平台配送
圣比萨·披萨·炸鸡（滨海一店）,SBM00002,盐城,"8052636088175647171	",饿了么,平台外卖,已完成,2025-10-20 17:42:53,2025-10-20 17:42:53,2025-10-20 17:42:54,饿了么支付-在线支付,,即时单,2025-10-20 17:42:53,12.22,自动出餐,1,否,"缤纷水果披萨-7英寸(手拍)[{""name"":""规格"",""value"":""7英寸(手拍)""}]（26.90*1）,免费送小吃（每单限一份）[墨鱼丸1个]（0.00*1）,红薯薯泥流心卷边（7英寸）（4.90*1）,蛋挞一个（原味）（6.90*1）,餐盒（0.50*1）",缤纷水果披萨+深海墨鱼丸1个+红薯泥流心卷边7+蛋挞1个,,,,非会员,3,,,依据餐量提供餐具,,38.70,12.50,14.51,0.00,0,0,3.14,0.00,5.00,【活动支出】单品特价:8.60元+【活动支出】单品特价:5.91元+【活动支出】替用户承担配送费:5.0元,-,-,-,0.50,江苏区域,江苏直营店,,,否,-,平台配送
圣比萨·披萨·炸鸡（滨海一店）,SBM00002,盐城,"8065430254265813282	",饿了么,平台外卖,已完成,2025-10-20 17:57:34,2025-10-20 17:57:34,2025-10-20 17:57:34,饿了么支付-在线支付,,即时单,2025-10-20 17:57:34,12.12,自动出餐,1,否,"【随心❤️拼】9英寸双拼披萨（口味自选）[奥尔良+培根鸡肉]（42.90*1）,经典薯条（7.00*1）,餐盒（2.50*1）",双拼9寸【奥尔良口味9】+双拼9寸【鸡肉培根口味9】+经典薯条,,,,非会员,4,,,对骑手请到了打电话给我/ 依据餐量提供餐具,,49.90,30.26,6.00,0.00,0,0,4.19,0.00,6.00,【活动支出】店铺满减:1.00元+【活动支出】超级会员专享红包:5.00元+【活动支出】替用户承担配送费:6.0元,-,-,-,2.50,江苏区域,江苏直营店,,,否,-,平台配送
圣比萨·披萨·炸鸡（滨海一店）,SBM00002,盐城,"8013190254191376795	",饿了么,平台外卖,已完成,2025-10-20 18:20:35,2025-10-20 18:20:35,2025-10-20 18:20:36,饿了么支付-在线支付,,即时单,2025-10-20 18:20:35,12.02,自动出餐,1,否,七寸培根披萨-单点（15.40*1）,培根披萨【7英寸(手拍)】,,,,非会员,5,,,无需餐具,,15.40,9.90,0.00,0.00,0,0,0.00,0.00,,【活动支出】单品优惠:0.00元,-,-,-,0.00,江苏区域,江苏直营店,,,否,-,平台配送
圣比萨·披萨·炸鸡（滨海一店）,SBM00002,盐城,"8015090254198554921	",饿了么,平台外卖,已完成,2025-10-20 18:21:17,2025-10-20 18:21:17,2025-10-20 18:21:18,饿了么支付-在线支付,,即时单,2025-10-20 18:21:17,12.13,自动出餐,1,否,"新奥尔良烤鸡肉披萨-7英寸[{""name"":""规格"",""value"":""7英寸""}]（28.90*1）,餐盒（1.00*1）",新奥尔良烤鸡肉披萨,,,,非会员,6,,,依据餐量提供餐具,,28.90,14.91,5.00,0.00,0,0,2.39,0.00,5.00,【活动支出】饿了么红包:5.00元+【活动支出】替用户承担配送费:5.0元,-,-,-,1.00,江苏区域,江苏直营店,,,否,-,平台配送
圣比萨·披萨·炸鸡（滨海一店）,SBM00002,盐城,"8077916088160113046	",饿了么,平台外卖,已完成,2025-10-20 18:39:54,2025-10-20 18:39:54,2025-10-20 18:39:55,饿了么支付-在线支付,,即时单,2025-10-20 18:39:54,12.03,自动出餐,1,否,"新奥尔良烤鸡肉披萨-7英寸[{""name"":""规格"",""value"":""7英寸""}]（28.90*1）,餐盒（1.00*1）",新奥尔良烤鸡肉披萨,,,,非会员,7,,,依据餐量提供餐具,,28.90,14.36,5.00,0.00,0,0,2.39,0.00,6.00,【活动支出】饿了么红包:5.00元+【活动支出】替用户承担配送费:6.0元,-,-,-,1.00,江苏区域,江苏直营店,,,否,-,平台配送
圣比萨·披萨·炸鸡（滨海一店）,SBM00002,盐城,"8066916088194131270	",饿了么,平台外卖,已完成,2025-10-20 18:45:53,2025-10-20 18:45:53,2025-10-20 18:45:53,饿了么支付-在线支付,,即时单,2025-10-20 18:45:53,12.07,自动出餐,1,否,"酸奶多多流心卷边（12英寸）（8.90*1）,缤纷水果披萨-12英寸(手拍)[{""name"":""规格"",""value"":""12英寸(手拍)""}]（51.90*1）,餐盒（1.00*1）",酸奶多多流心卷边+缤纷水果披萨,,,,非会员,8,,,依据餐量提供餐具,,60.80,35.86,8.00,0.00,0,0,4.94,0.00,5.00,【活动支出】店铺满减:3.00元+【活动支出】超会爆红包省钱包:5.00元+【活动支出】替用户承担配送费:5.0元,-,-,-,1.00,江苏区域,江苏直营店,,,否,-,平台配送
圣比萨·披萨·炸鸡（滨海一店）,SBM00002,盐城,"8073040254395833686	",饿了么,平台外卖,已完成,2025-10-20 18:46:05,2025-10-20 18:46:05,2025-10-20 18:46:05,饿了么支付-在线支付,,即时单,2025-10-20 18:46:05,12.22,自动出餐,1,否,"免费送小吃（每单限一份）[上校鸡块2个]（0.00*1）,新奥尔良烤鸡肉披萨-7英寸[{""name"":""规格"",""value"":""7英寸""}]（28.90*1）,餐盒（1.00*1）",上校鸡块2个+新奥尔良烤鸡肉披萨,,,,非会员,9,,,依据餐量提供餐具,,28.90,14.91,5.00,0.00,0,0,2.39,0.00,5.00,【活动支出】饿了么红包:5.00元+【活动支出】替用户承担配送费:5.0元,-,-,-,1.00,江苏区域,江苏直营店,,,否,-,平台配送
圣比萨·披萨·炸鸡（滨海一店）,SBM00002,盐城,"8097470254414975292	",饿了么,平台外卖,已完成,2025-10-20 19:26:09,2025-10-20 19:26:09,2025-10-20 19:26:09,饿了么支付-在线支付,,即时单,2025-10-20 19:26:09,12.23,自动出餐,1,否,"酸奶多多流心卷边（7英寸）（4.90*1）,新奥尔良烤鸡肉披萨-7英寸[{""name"":""规格"",""value"":""7英寸""}]（28.90*1）,餐盒（1.00*1）",酸奶多多流心卷边7+新奥尔良烤鸡肉披萨,,,,非会员,10,,,依据餐量提供餐具,,33.80,22.22,1.50,0.00,0,0,2.78,0.00,5.00,【活动支出】饿了么红包:1.50元+【活动支出】替用户承担配送费:5.0元,-,-,-,1.00,江苏区域,江苏直营店,,,否,-,平台配送
圣比萨·披萨·炸鸡（滨海一店）,SBM00002,盐城,"8061070254344856858	",饿了么,平台外卖,已完成,2025-10-20 19:47:57,2025-10-20 19:47:57,2025-10-20 19:47:57,饿了么支付-在线支付,,即时单,2025-10-20 19:47:57,10.23,自动出餐,1,否,"免费送小吃（每单限一份）[上校鸡块2个]（0.00*1）,新奥尔良烤鸡肉披萨-7英寸[{""name"":""规格"",""value"":""7英寸""}]（28.90*1）,餐盒（1.00*1）",上校鸡块2个+新奥尔良烤鸡肉披萨,,,,非会员,11,,,依据餐量提供餐具,,28.90,13.91,6.00,0.00,0,0,2.39,0.00,5.00,【活动支出】饿了么红包:5.00元+【活动支出】粉丝群:1.00元+【活动支出】替用户承担配送费:5.0元,-,-,-,1.00,江苏区域,江苏直营店,,,否,-,平台配送
圣比萨·披萨·炸鸡（滨海一店）,SBM00002,盐城,"8062916088237865450	",饿了么,平台外卖,已完成,2025-10-20 20:28:57,2025-10-20 20:28:57,2025-10-20 20:28:58,饿了么支付-在线支付,,即时单,2025-10-20 20:28:57,10.07,自动出餐,1,否,"大圣鸡排[甘梅]（6.90*1）,多加玉米（2.00*1）,新奥尔良烤鸡肉披萨-9英寸[{""name"":""规格"",""value"":""9英寸""}]（36.90*1）,餐盒（1.00*1）",大圣鸡排+多加玉米+新奥尔良烤鸡肉披萨,,,,非会员,12,,,"不要豌豆不要豌豆不要豌豆不要豌豆  芝士稍微少一点   谢谢,对骑手,到时放门口就好哈   谢谢 / 依据餐量提供餐具",,45.80,26.46,6.00,0.00,0,0,3.74,0.00,5.00,【活动支出】店铺满减:1.00元+【活动支出】超级会员专享红包:5.00元+【活动支出】替用户承担配送费:5.0元,-,-,-,1.00,江苏区域,江苏直营店,,,否,-,平台配送
圣比萨·披萨·炸鸡（滨海一店）,SBM00002,盐城,"8039766088263692564	",饿了么,平台外卖,已完成,2025-10-20 20:35:16,2025-10-20 20:35:16,2025-10-20 20:35:16,饿了么支付-在线支付,,即时单,2025-10-20 20:35:16,10.17,自动出餐,1,否,七寸培根披萨-单点（15.40*1）,培根披萨【7英寸(手拍)】,,,,非会员,13,,,敲门 / 依据餐量提供餐具,,15.40,9.90,0.00,0.00,0,0,0.00,0.00,,【活动支出】单品优惠:0.00元,-,-,-,0.00,江苏区域,江苏直营店,,,否,-,平台配送
圣比萨·披萨·炸鸡（滨海一店）,SBM00002,盐城,"8091360254256803218	",饿了么,平台外卖,已完成,2025-10-20 20:35:18,2025-10-20 20:35:18,2025-10-20 20:35:18,饿了么支付-在线支付,,即时单,2025-10-20 20:35:18,10.18,自动出餐,1,否,七寸奶酪芝士披萨-单点（15.40*1）,金牌芝士披萨【7英寸(手拍)】,,,,非会员,14,,,依据餐量提供餐具,,15.40,9.90,0.00,0.00,0,0,0.00,0.00,,【活动支出】单品优惠:0.00元,-,-,-,0.00,江苏区域,江苏直营店,,,否,-,平台配送
圣比萨·披萨·炸鸡（滨海一店）,SBM00002,盐城,"8000656088232928512	",饿了么,平台外卖,已完成,2025-10-20 21:52:08,2025-10-20 21:52:08,2025-10-20 21:52:08,饿了么支付-在线支付,,即时单,2025-10-20 21:52:08,10.12,自动出餐,1,否,"新奥尔良烤鸡肉披萨-9英寸[{""name"":""规格"",""value"":""9英寸""}]（36.90*1）,餐盒（1.00*1）",新奥尔良烤鸡肉披萨,,,,非会员,15,,,依据餐量提供餐具,,36.90,17.77,7.00,0.00,0,0,3.03,0.00,5.00,【活动支出】店铺满减:1.00元+【活动支出】精准营销:1.00元+【活动支出】饿了么红包:5.00元+【活动支出】替用户承担配送费:5.0元,-,-,-,1.00,江苏区域,江苏直营店,,,否,-,平台配送
圣比萨·披萨·炸鸡（滨海一店）,SBM00002,盐城,"8065556088276254098	",饿了么,平台外卖,已完成,2025-10-20 22:08:59,2025-10-20 22:08:59,2025-10-20 22:08:59,饿了么支付-在线支付,,即时单,2025-10-20 22:08:59,10.00,自动出餐,1,否,"新奥尔良烤鸡肉披萨-7英寸[{""name"":""规格"",""value"":""7英寸""}]（28.90*1）,餐盒（1.00*1）",新奥尔良烤鸡肉披萨,,,,非会员,16,,,依据餐量提供餐具,,28.90,14.41,5.00,0.00,0,0,2.39,0.00,6.00,【活动支出】饿了么红包:5.00元+【活动支出】替用户承担配送费:6.0元,-,-,-,1.00,江苏区域,江苏直营店,,,否,-,平台配送
圣比萨·披萨·炸鸡（滨海一店）,SBM00002,盐城,"8002556088231820733	",饿了么,平台外卖,已完成,2025-10-20 22:14:05,2025-10-20 22:14:05,2025-10-20 22:14:05,饿了么支付-在线支付,,即时单,2025-10-20 22:14:05,10.07,自动出餐,1,否,七寸培根披萨-单点（15.40*1）,培根披萨【7英寸(手拍)】,,,,非会员,17,,,依据餐量提供餐具,,15.40,9.90,0.00,0.00,0,0,0.00,0.00,,【活动支出】单品优惠:0.00元,-,-,-,0.00,江苏区域,江苏直营店,,,否,-,平台配送
圣比萨·披萨·炸鸡（滨海一店）,SBM00002,盐城,"8068506088274741547	",饿了么,平台外卖,已完成,2025-10-20 23:22:18,2025-10-20 23:22:18,2025-10-20 23:22:18,饿了么支付-在线支付,,即时单,2025-10-20 23:22:18,10.18,自动出餐,1,否,"酸奶多多流心卷边（7英寸）（4.90*1）,免费送小吃（每单限一份）[小薯饼一个]（0.00*1）,圣比招牌披萨-7寸(经典手拍)[{""name"":""规格"",""value"":""7寸(经典手拍)""}]（36.90*1）,餐盒（1.00*1）",酸奶多多流心卷边7+薯饼1个+大圣招牌大满贯披萨,,,,非会员,18,,,对骑手外卖放门口就行，不用敲门 / 依据餐量提供餐具,,41.80,23.08,6.00,0.00,0,0,3.42,0.00,6.00,【活动支出】店铺满减:1.00元+【活动支出】超会爆红包省钱包:5.00元+【活动支出】替用户承担配送费:6.0元,-,-,-,1.00,江苏区域,江苏直营店,,,否,-,平台配送
圣比萨（嵊州吾悦店）,SBM00045,绍兴,"8039190254045801820	",饿了么,平台外卖,已完成,2025-10-20 10:40:52,2025-10-20 10:40:52,2025-10-20 10:40:52,饿了么支付-在线支付,,即时单,2025-10-20 10:40:52,3.52,扫码出餐,1,否,"番茄牛肉意面-单点[{""name"":""规格"",""value"":""单点""}]（18.09*1）",番茄牛肉意面,,,,非会员,1,,,依据餐量提供,,18.09,12.59,0.00,0.00,0,0,0.00,0.00,,【活动支出】单品优惠:0.00元,-,-,-,0.00,绍兴地区,绍兴加盟店,,,否,-,平台配送
圣比萨（嵊州吾悦店）,SBM00045,绍兴,"8012636087982730688	",饿了么,平台外卖,已完成,2025-10-20 10:59:42,2025-10-20 10:59:42,2025-10-20 10:59:43,饿了么支付-在线支付,,即时单,2025-10-20 10:59:42,9.07,手动出餐,1,否,"7寸披萨一人食土豪餐[碳烤鸡肉7寸+藤椒鸡排1个+深海墨鱼丸3个+柠檬茶温]（42.00*1）,餐盒（2.00*1）",碳烤鸡肉培根披萨【7英寸(手拍)】+金丝鸡排+深海墨鱼丸3个+柠檬茶,,,,非会员,2,,,1份餐具,,42.00,19.40,6.80,0.00,0,0,3.52,0.00,7.00,【活动支出】店铺满减:1.00元+【活动支出】单品特价:2.10元+【活动支出】饿了么红包:0.00元+【活动支出】饿了么红包:3.70元+【活动支出】替用户承担配送费:7.0元,-,-,-,2.00,绍兴地区,绍兴加盟店,,,否,-,平台配送
圣比萨（嵊州吾悦店）,SBM00045,绍兴,"8080826087987049748	",饿了么,平台外卖,已完成,2025-10-20 11:12:25,2025-10-20 11:12:25,2025-10-20 11:12:26,饿了么支付-在线支付,,即时单,2025-10-20 11:12:25,8.12,扫码出餐,1,否,"【推荐】榴莲王披萨单人套餐[榴莲王披萨7英寸+盐酥鸡米花小份+小可乐]（42.00*1）,餐盒（2.00*1）",榴莲王披萨【7英寸(手拍)】+盐酥鸡米花小份+小可乐,,,,非会员,3,,,依据餐量提供餐具,,42.00,25.22,4.20,0.00,0,0,3.52,0.00,5.00,【活动支出】店铺满减:1.00元+【活动支出】单品特价:0.20元+【活动支出】饿了么红包:3.00元+【活动支出】替用户承担配送费:5.0元,-,-,-,2.00,绍兴地区,绍兴加盟店,,,否,-,平台配送
圣比萨（嵊州吾悦店）,SBM00045,绍兴,"8064576087980252505	",饿了么,平台外卖,已完成,2025-10-20 11:18:44,2025-10-20 11:18:44,2025-10-20 11:18:44,饿了么支付-在线支付,,即时单,2025-10-20 11:18:44,11.18,扫码出餐,1,否,"焗饭随心配（36.90*1）,餐盒（1.00*1）",咖喱鸡肉芝士焗饭+蛋挞1个+地道肠1根+深海墨鱼丸2个,,,,非会员,4,,,依据餐量提供餐具,,36.90,14.93,7.00,0.00,0,0,3.03,0.00,7.00,【活动支出】饿了么红包:7.00元+【活动支出】替用户承担配送费:7.0元,-,-,-,1.00,绍兴地区,绍兴加盟店,,,否,-,平台配送
圣比萨（嵊州吾悦店）,SBM00045,绍兴,"8007516087953245641	",饿了么,平台外卖,已完成,2025-10-20 11:21:46,2025-10-20 11:21:46,2025-10-20 11:21:46,饿了么支付-在线支付,,即时单,2025-10-20 11:21:46,9.03,扫码出餐,1,否,招牌咖喱鸡肉焗饭-单点（17.49*1）,咖喱鸡肉芝士焗饭,,,,非会员,5,,,依据餐量提供餐具,,17.49,11.99,0.00,0.00,0,0,0.00,0.00,,【活动支出】单品优惠:0.00元,-,-,-,0.00,绍兴地区,绍兴加盟店,,,否,-,平台配送
圣比萨（嵊州吾悦店）,SBM00045,绍兴,"8051220254110258660	",饿了么,平台外卖,已完成,2025-10-20 11:28:07,2025-10-20 11:28:07,2025-10-20 11:28:07,饿了么支付-在线支付,,即时单,2025-10-20 11:28:07,6.55,扫码出餐,1,否,7寸奶香芝士条-单点（15.40*1）,7寸奶香芝士条-单点,,,,非会员,6,,,依据餐量提供餐具,,15.40,9.90,0.00,0.00,0,0,0.00,0.00,,【活动支出】单品优惠:0.00元,-,-,-,0.00,绍兴地区,绍兴加盟店,,,否,-,平台配送
圣比萨（嵊州吾悦店）,SBM00045,绍兴,"8061716088023407998	",饿了么,平台外卖,已完成,2025-10-20 12:51:46,2025-10-20 12:51:46,2025-10-20 12:51:46,饿了么支付-在线支付,,即时单,2025-10-20 12:51:46,4.00,手动出餐,1,否,番茄牛肉意面-单点（18.09*1）,番茄牛肉意面,,,,非会员,7,,,1份餐具,,18.09,12.59,0.00,0.00,0,0,0.00,0.00,,【活动支出】单品优惠:0.00元,-,-,-,0.00,绍兴地区,绍兴加盟店,,,否,-,平台配送
圣比萨（嵊州吾悦店）,SBM00045,绍兴,"8039130254216770845	",饿了么,平台外卖,已完成,2025-10-20 15:28:38,2025-10-20 15:28:38,2025-10-20 15:28:39,饿了么支付-在线支付,,即时单,2025-10-20 15:28:38,8.92,扫码出餐,1,否,"【随心拼】7英寸披萨(口味自选）[浪漫威尼斯+日系照烧]（29.00*1）,餐盒（2.00*1）",双拼7寸【浪漫威尼斯口味7】+双拼7寸【日系照烧口味7】,,,,非会员,8,,,依据餐量提供餐具,,29.00,13.76,5.00,0.00,0,0,2.48,0.00,5.00,【活动支出】饿了么红包:5.00元+【活动支出】替用户承担配送费:5.0元,-,-,-,2.00,绍兴地区,绍兴加盟店,,,否,-,平台配送
圣比萨（嵊州吾悦店）,SBM00045,绍兴,"8077480254205917530	",饿了么,平台外卖,已完成,2025-10-20 15:32:58,2025-10-20 15:32:58,2025-10-20 15:32:58,饿了么支付-在线支付,,即时单,2025-10-20 15:32:58,9.50,手动出餐,1,否,"焗饭随心配（36.90*1）,餐盒（1.00*1）",黑椒牛肉芝士焗饭+上校鸡块2个+上校鸡块2个+盐酥鸡米花小份,,,,非会员,9,,,接不了电话，直接放门口就好了谢谢谢谢 / 依据餐量提供餐具,,36.90,15.43,6.00,0.00,0,0,3.03,0.00,8.00,【活动支出】粉丝群:1.00元+【活动支出】饿了么红包:5.00元+【活动支出】替用户承担配送费:8.0元,-,-,-,1.00,绍兴地区,绍兴加盟店,,,否,-,平台配送
圣比萨（嵊州吾悦店）,SBM00045,绍兴,"8033776088174818802	",饿了么,平台外卖,已完成,2025-10-20 17:36:15,2025-10-20 17:36:15,2025-10-20 17:36:16,饿了么支付-在线支付,,即时单,2025-10-20 17:36:15,7.45,手动出餐,1,否,"任选披萨6选1+小吃6选1+饮料[奥尔良鸡肉披萨7寸+盐酥鸡小份+小可乐+冷]（38.00*1）,餐盒（2.00*1）",新奥尔良烤鸡肉披萨【7英寸(手拍)】+盐酥鸡米花小份+小可乐,,,,非会员,10,,,依据餐量提供餐具,,38.00,17.64,8.10,0.00,0,0,3.20,0.00,5.00,【活动支出】店铺满减:1.00元+【活动支出】单品特价:0.10元+【活动支出】饿了么红包:7.00元+【活动支出】淘金币:0.00元+【活动支出】替用户承担配送费:5.0元,-,-,-,2.00,绍兴地区,绍兴加盟店,,,否,-,平台配送
圣比萨（嵊州吾悦店）,SBM00045,绍兴,"8013826088120476155	",饿了么,平台外卖,已完成,2025-10-20 17:37:55,2025-10-20 17:37:55,2025-10-20 17:37:55,饿了么支付-在线支付,,即时单,2025-10-20 17:37:55,6.95,手动出餐,1,否,7寸奶香芝士条-单点（15.40*1）,7寸奶香芝士条-单点,,,,非会员,11,,,依据餐量提供餐具,,15.40,9.90,0.00,0.00,0,0,0.00,0.00,,【活动支出】单品优惠:0.00元,-,-,-,0.00,绍兴地区,绍兴加盟店,,,否,-,平台配送
圣比萨（嵊州吾悦店）,SBM00045,绍兴,"8001976088205958585	",饿了么,平台外卖,已完成,2025-10-20 18:25:01,2025-10-20 18:25:01,2025-10-20 18:25:01,饿了么支付-在线支付,,即时单,2025-10-20 18:25:01,8.38,手动出餐,1,否,"7寸披萨一人食土豪餐[圣比7寸+藤椒鸡排1个+地道肠2根+柠檬茶温]（42.00*1）,餐盒（2.00*1）",大圣招牌大满贯披萨【7英寸(手拍)】+金丝鸡排+地道肠【1根】+柠檬茶,,,,非会员,12,,,无需餐具,,42.00,19.32,10.10,0.00,0,0,3.52,0.00,5.00,【活动支出】店铺满减:1.00元+【活动支出】单品特价:2.10元+【活动支出】饿了么红包:7.00元+【活动支出】替用户承担配送费:5.0元,-,-,-,2.00,绍兴地区,绍兴加盟店,,,否,-,平台配送
圣比萨（嵊州吾悦店）,SBM00045,绍兴,"8064986088209370371	",饿了么,平台外卖,已完成,2025-10-20 18:46:44,2025-10-20 18:46:44,2025-10-20 18:46:44,饿了么支付-在线支付,,即时单,2025-10-20 18:46:44,9.05,扫码出餐,1,否,"咖喱鸡肉芝士焗饭（28.00*1）,【随心拼】7英寸披萨(口味自选）[奥尔良+培根鸡肉]（29.00*1）,餐盒（3.00*1）",咖喱鸡肉芝士焗饭+双拼7寸【奥尔良口味7】+双拼7寸【碳烤鸡肉培根口味7】,,,,非会员,13,,,依据餐量提供餐具,,57.00,31.65,8.50,0.00,0,0,4.80,0.00,6.00,【活动支出】店铺满减:2.00元+【活动支出】饿了么红包:6.50元+【活动支出】替用户承担配送费:6.0元,-,-,-,3.00,绍兴地区,绍兴加盟店,,,否,-,平台配送
圣比萨（嵊州吾悦店）,SBM00045,绍兴,"8066310254233459111	",饿了么,平台外卖,已完成,2025-10-20 19:26:45,2025-10-20 19:26:45,2025-10-20 19:26:45,饿了么支付-在线支付,,即时单,2025-10-20 19:26:45,8.87,手动出餐,1,否,"7英寸披萨买一送一[奥尔良鸡肉披萨7英寸+日系照烧鸡披萨7英寸]（49.90*1）,餐盒（2.00*1）",新奥尔良烤鸡肉披萨【7英寸(手拍)】+日系照烧鸡披萨【7英寸(手拍)】,,,,非会员,14,,,依据餐量提供餐具,,49.90,26.89,8.00,0.00,0,0,4.15,0.00,5.00,【活动支出】店铺满减:1.00元+【活动支出】饿了么红包:7.00元+【活动支出】替用户承担配送费:5.0元,-,-,-,2.00,绍兴地区,绍兴加盟店,,,否,-,平台配送
圣比萨（嵊州吾悦店）,SBM00045,绍兴,"8049706088245554676	",饿了么,平台外卖,已完成,2025-10-20 20:09:05,2025-10-20 20:09:05,2025-10-20 20:09:06,饿了么支付-在线支付,,即时单,2025-10-20 20:09:05,7.13,手动出餐,1,否,7寸奶香芝士条-单点（15.40*1）,7寸奶香芝士条-单点,,,,非会员,15,,,无需餐具,,15.40,9.90,0.00,0.00,0,0,0.00,0.00,,【活动支出】单品优惠:0.00元,-,-,-,0.00,绍兴地区,绍兴加盟店,,,否,-,平台配送
圣比萨（嵊州吾悦店）,SBM00045,绍兴,"8003846088269194590	",饿了么,平台外卖,已完成,2025-10-20 20:44:46,2025-10-20 20:44:46,2025-10-20 20:44:46,饿了么支付-在线支付,,即时单,2025-10-20 20:44:46,7.53,手动出餐,1,否,"【随心拼】7英寸披萨(口味自选）[水果+奥尔良]（29.00*1）,餐盒（2.00*1）",双拼7寸【缤纷水果口味7】+双拼7寸【奥尔良口味7】,,,,非会员,16,,,依据餐量提供餐具,,29.00,13.12,6.00,0.00,0,0,2.48,0.00,5.00,【活动支出】粉丝群:1.00元+【活动支出】饿了么红包:5.00元+【活动支出】替用户承担配送费:5.0元,-,-,-,2.00,绍兴地区,绍兴加盟店,,,否,-,平台配送
圣比萨（嵊州吾悦店）,SBM00045,绍兴,"8068000254448747931	",饿了么,平台外卖,已完成,2025-10-20 20:53:48,2025-10-20 20:53:48,2025-10-20 20:53:48,饿了么支付-在线支付,,即时单,2025-10-20 20:53:48,7.65,手动出餐,1,否,"【爆款精品】人气披萨3选1[金牌芝士披萨7英寸]（29.90*1）,餐盒（2.00*1）",【爆款精品】人气披萨3选1[金牌芝士披萨7英寸]+餐盒,,,,非会员,17,,,依据餐量提供餐具,,29.90,14.58,5.10,0.00,0,0,2.55,0.00,5.00,【活动支出】单品特价:0.10元+【活动支出】饿了么红包:5.00元+【活动支出】替用户承担配送费:5.0元,-,-,-,2.00,绍兴地区,绍兴加盟店,,,否,-,平台配送
圣比萨（嵊州吾悦店）,SBM00045,绍兴,"8035706088251521435	",饿了么,平台外卖,已完成,2025-10-20 21:29:38,2025-10-20 21:29:38,2025-10-20 21:29:38,饿了么支付-在线支付,,即时单,2025-10-20 21:29:38,3.43,扫码出餐,1,否,番茄牛肉意面-单点（18.09*1）,番茄牛肉意面,,,,非会员,18,,,依据餐量提供餐具,,18.09,12.59,0.00,0.00,0,0,0.00,0.00,,【活动支出】单品优惠:0.00元,-,-,-,0.00,绍兴地区,绍兴加盟店,,,否,-,平台配送
圣比萨（嵊州吾悦店）,SBM00045,绍兴,"8081756088236338682	",饿了么,平台外卖,已完成,2025-10-20 22:10:46,2025-10-20 22:10:46,2025-10-20 22:10:47,饿了么支付-在线支付,,即时单,2025-10-20 22:10:46,8.68,手动出餐,1,否,"披萨随心配（36.90*1）,餐盒（1.00*1）",蛋挞1个+地道肠1根+地道肠1根+日系照烧鸡披萨(7英寸(手拍)),,,,非会员,19,,,依据餐量提供餐具,,36.90,18.59,5.00,0.00,0,0,3.03,0.00,6.00,【活动支出】饿了么红包:5.00元+【活动支出】替用户承担配送费:6.0元,-,-,-,1.00,绍兴地区,绍兴加盟店,,,否,-,平台配送
圣比萨·披萨·炸鸡（陈家港店）,SBM00014,盐城,"8080000254234144148	",饿了么,平台外卖,已完成,2025-10-20 12:12:55,2025-10-20 12:12:55,2025-10-20 12:12:56,饿了么支付-在线支付,,即时单,2025-10-20 12:12:55,9.35,手动出餐,1,否,"新奥尔良烤鸡肉披萨-7寸(手拍)[{""name"":""规格"",""value"":""7寸(手拍)""}]（28.90*1）,免费送小吃（每单限一份）[墨鱼丸1个]（0.00*1）,餐盒（1.00*1）",新奥尔良烤鸡肉披萨+上校鸡块2个,,,,非会员,1,,,1份餐具,,28.90,12.02,7.00,0.00,0,0,6.88,0.00,5.00,【活动支出】粉丝群:2.00元+【活动支出】饿了么红包:5.00元+【活动支出】替用户承担配送费:5.0元,-,-,-,1.00,江苏区域,江苏直营店,,,否,-,平台配送
圣比萨·披萨·炸鸡（陈家港店）,SBM00014,盐城,"8088846088111427071	",饿了么,平台外卖,已完成,2025-10-20 14:51:42,2025-10-20 14:51:42,2025-10-20 14:51:42,饿了么支付-在线支付,,即时单,2025-10-20 14:51:42,9.90,手动出餐,1,否,"新奥尔良烤鸡肉披萨-7寸(手拍)[{""name"":""规格"",""value"":""7寸(手拍)""}]（28.90*1）,免费送小吃（每单限一份）[上校鸡块2个]（0.00*1）,餐盒（1.00*1）",新奥尔良烤鸡肉披萨+上校鸡块2个,,,,非会员,2,,,依据餐量提供餐具,,28.90,12.02,7.00,0.00,0,0,6.88,0.00,5.00,【活动支出】粉丝群:2.00元+【活动支出】饿了么红包:5.00元+【活动支出】替用户承担配送费:5.0元,-,-,-,1.00,江苏区域,江苏直营店,,,否,-,平台配送
圣比萨·披萨·炸鸡（陈家港店）,SBM00014,盐城,"8085996088079680847	",饿了么,平台外卖,已完成,2025-10-20 15:50:40,2025-10-20 15:50:40,2025-10-20 15:50:40,饿了么支付-在线支付,,即时单,2025-10-20 15:50:40,11.35,手动出餐,1,否,"新奥尔良烤鸡肉披萨-7寸(手拍)[{""name"":""规格"",""value"":""7寸(手拍)""}]（28.90*1）,餐盒（1.00*1）",新奥尔良烤鸡肉披萨,,,,非会员,3,,,如果饭里有白菜之类的，请不要加，谢谢 / 依据餐量提供餐具,,28.90,14.02,5.00,0.00,0,0,6.88,0.00,5.00,【活动支出】CPS商户叠加券:0.00元+【活动支出】饿了么红包:5.00元+【活动支出】替用户承担配送费:5.0元,-,-,-,1.00,江苏区域,江苏直营店,,,否,-,平台配送
圣比萨·披萨·炸鸡（陈家港店）,SBM00014,盐城,"8024686088124801398	",饿了么,平台外卖,已完成,2025-10-20 16:02:09,2025-10-20 16:02:09,2025-10-20 16:02:09,饿了么支付-在线支付,,即时单,2025-10-20 16:02:09,11.35,手动出餐,1,否,"奶酪芝士卷边（7英寸）（4.90*1）,碳烤鸡肉培根披萨-7英寸(手拍)[{""name"":""规格"",""value"":""7英寸(手拍)""}]（28.90*1）,餐盒（1.00*1）",奶酪芝士卷边7+碳烤鸡肉培根披萨,,,,非会员,4,,,依据餐量提供餐具,,33.80,17.80,5.00,0.00,0,0,8.00,0.00,5.00,【活动支出】饿了么红包:5.00元+【活动支出】替用户承担配送费:5.0元,-,-,-,1.00,江苏区域,江苏直营店,,,否,-,平台配送
圣比萨·披萨·炸鸡（陈家港店）,SBM00014,盐城,"8032200254314087877	",饿了么,平台外卖,已完成,2025-10-20 18:44:40,2025-10-20 18:44:40,2025-10-20 18:44:40,饿了么支付-在线支付,,即时单,2025-10-20 18:44:40,11.10,手动出餐,1,否,"薯饼3个（8.00*1）,榴莲王披萨-9英寸(手拍)[{""name"":""规格"",""value"":""9英寸(手拍)""}]（46.90*1）,餐盒（1.50*1）",薯饼+榴莲王披萨,,,,非会员,5,,,1份餐具,,54.90,31.43,8.00,0.00,0,0,12.97,0.00,5.00,【活动支出】店铺满减:3.00元+【活动支出】饿了么红包:5.00元+【活动支出】替用户承担配送费:5.0元,-,-,-,1.50,江苏区域,江苏直营店,,,否,-,平台配送
圣比萨·披萨·炸鸡（陈家港店）,SBM00014,盐城,"8076856088184605057	",饿了么,平台外卖,已完成,2025-10-20 19:19:15,2025-10-20 19:19:15,2025-10-20 19:19:15,饿了么支付-在线支付,,即时单,2025-10-20 19:19:15,6.68,手动出餐,1,否,"爆款鸡柳桶[甘梅]（28.90*1）,餐盒（1.00*1）",大圣鸡柳三合一,,,,非会员,6,,,依据餐量提供餐具,,28.90,14.02,5.00,0.00,0,0,6.88,0.00,5.00,【活动支出】超级会员专享红包:5.00元+【活动支出】替用户承担配送费:5.0元,-,-,-,1.00,江苏区域,江苏直营店,,,否,-,平台配送
圣比萨·披萨·炸鸡（陈家港店）,SBM00014,盐城,"8048190254440652038	",饿了么,平台外卖,已完成,2025-10-20 20:24:39,2025-10-20 20:24:39,2025-10-20 20:24:39,饿了么支付-在线支付,,即时单,2025-10-20 20:24:39,10.72,手动出餐,1,否,"新奥尔良烤鸡肉披萨-7寸(手拍)[{""name"":""规格"",""value"":""7寸(手拍)""}]（28.90*1）,餐盒（1.00*1）",新奥尔良烤鸡肉披萨,,,,非会员,7,,,依据餐量提供餐具,,28.90,12.02,7.00,0.00,0,0,6.88,0.00,5.00,【活动支出】粉丝群:2.00元+【活动支出】饿了么红包:5.00元+【活动支出】替用户承担配送费:5.0元,-,-,-,1.00,江苏区域,江苏直营店,,,否,-,平台配送
圣比萨·披萨·炸鸡（陈家港店）,SBM00014,盐城,"8094000254270070179	",饿了么,平台外卖,已完成,2025-10-20 21:12:54,2025-10-20 21:12:54,2025-10-20 21:12:54,饿了么支付-在线支付,,即时单,2025-10-20 21:12:54,7.30,手动出餐,1,否,"大圣鸡排[香辣]（6.90*1）,免费送小吃（每单限一份）[上校鸡块2个]（0.00*1）,芝士棒（8.50*1）,雪碧（6.00*1）,餐盒（1.00*1）",大圣鸡排+上校鸡块2个+大圣拉丝芝士棒+小雪碧,,,,非会员,8,,,1份餐具,,21.40,8.25,5.00,0.00,0,0,5.15,0.00,5.00,【活动支出】CPS商户叠加券:0.00元+【活动支出】饿了么红包:5.00元+【活动支出】替用户承担配送费:5.0元,-,-,-,1.00,江苏区域,江苏直营店,,,否,-,平台配送
圣比萨·披萨·炸鸡（陈家港店）,SBM00014,盐城,"8088556088228640225	",饿了么,平台外卖,已完成,2025-10-20 21:43:37,2025-10-20 21:43:37,2025-10-20 21:43:37,饿了么支付-在线支付,,即时单,2025-10-20 21:43:37,10.18,手动出餐,1,否,"爆款鸡柳桶[孜然]（28.90*1）,免费送小吃（每单限一份）[上校鸡块2个]（0.00*1）,餐盒（1.00*1）",大圣鸡柳三合一+上校鸡块2个,,,,非会员,9,,,依据餐量提供餐具,,28.90,14.02,5.00,0.00,0,0,6.88,0.00,5.00,【活动支出】饿了么红包:5.00元+【活动支出】替用户承担配送费:5.0元,-,-,-,1.00,江苏区域,江苏直营店,,,否,-,平台配送
圣比萨（昆阳店）,SBM00020,温州,"8043360254134413655	",饿了么,平台外卖,已完成,2025-10-20 10:03:57,2025-10-20 10:03:57,2025-10-20 10:03:58,饿了么支付-在线支付,,即时单,2025-10-20 10:03:57,10.00,自动出餐,1,否,"榴莲王披萨-9英寸(经典手拍)[{""name"":""规格"",""value"":""9英寸(经典手拍)""}]（68.00*1）",榴莲王披萨,,,,非会员,1,,,依据餐量提供餐具,,68.00,28.90,26.90,0.00,0,0,3.95,0.00,3.50,【活动支出】单品特价:26.90元+【活动支出】替用户承担配送费:3.5元,-,-,-,0.00,温州区域,温州加盟,,,否,-,平台配送
圣比萨（昆阳店）,SBM00020,温州,"8092380253951760828	",饿了么,平台外卖,已完成,2025-10-20 10:30:16,2025-10-20 10:30:16,2025-10-20 10:30:17,饿了么支付-在线支付,,预约单,2025-10-20 11:15:00,3.12,自动出餐,1,否,"金牌墨鱼丸-3个[{""name"":""规格"",""value"":""3个""}]（8.00*1）,牛肉至尊披萨-12寸[{""name"":""规格"",""value"":""12寸""}]（79.80*1）,餐盒（2.00*1）",深海墨鱼丸+炙热牛魔王披萨,,,,非会员,2,,,2份餐具,,87.80,52.78,18.00,0.00,0,0,7.17,0.00,3.50,【活动支出】店铺满减:4.00元+【活动支出】粉丝群:2.00元+【活动支出】饿了么红包:12.00元+【活动支出】替用户承担配送费:3.5元,-,-,-,2.00,温州区域,温州加盟,,,否,-,平台配送
圣比萨（昆阳店）,SBM00020,温州,"8027230254222245301	",饿了么,平台外卖,已完成,2025-10-20 15:30:54,2025-10-20 15:30:54,2025-10-20 15:30:55,饿了么支付-在线支付,,即时单,2025-10-20 15:30:54,10.00,自动出餐,1,否,"沙拉（0.00*1）,个人专享套餐A[水果]（22.80*1）,餐盒（2.00*1）",沙拉+个人专享套餐A[水果]+餐盒,,,,非会员,3,,,依据餐量提供餐具,,22.80,11.34,6.00,0.00,0,0,1.61,0.00,3.50,【活动支出】超级会员专享红包:5.00元+【活动支出】 商家自营销加码:1.00元+【活动支出】替用户承担配送费:3.5元,-,-,-,2.00,温州区域,温州加盟,,,否,-,平台配送
圣比萨（昆阳店）,SBM00020,温州,"8011886088118335864	",饿了么,平台外卖,已完成,2025-10-20 15:38:34,2025-10-20 15:38:34,2025-10-20 15:38:35,饿了么支付-在线支付,,即时单,2025-10-20 15:38:34,10.08,自动出餐,1,否,"金牌墨鱼丸-3个[{""name"":""规格"",""value"":""3个""}]（8.00*1）,海鲜至尊片装披萨（15.80*1）,餐盒（2.00*1）",深海墨鱼丸,,,,非会员,4,,,依据餐量提供餐具,,23.80,12.24,6.00,0.00,0,0,1.71,0.00,4.50,【活动支出】饿了么红包:6.00元+【活动支出】替用户承担配送费:4.5元,-,-,-,2.00,温州区域,温州加盟,,,否,-,平台配送
圣比萨（昆阳店）,SBM00020,温州,"8045360254234325262	",饿了么,平台外卖,已完成,2025-10-20 16:07:16,2025-10-20 16:07:16,2025-10-20 16:07:17,饿了么支付-在线支付,,即时单,2025-10-20 16:07:16,10.02,自动出餐,1,否,"牛肉至尊披萨-9寸[{""name"":""规格"",""value"":""9寸""}]（59.80*1）",炙热牛魔王披萨,,,,非会员,5,,,依据餐量提供餐具,,59.80,29.80,17.70,0.00,0,0,4.05,0.00,3.50,【活动支出】单品特价:17.70元+【活动支出】用户代金券:0.00元+【活动支出】替用户承担配送费:3.5元,-,-,-,0.00,温州区域,温州加盟,,,否,-,平台配送
圣比萨（昆阳店）,SBM00020,温州,"8067420254154560791	",饿了么,平台外卖,已完成,2025-10-20 17:02:57,2025-10-20 17:02:57,2025-10-20 17:02:57,饿了么支付-在线支付,,即时单,2025-10-20 17:02:57,10.15,自动出餐,1,否,"水果披萨-9寸[{""name"":""规格"",""value"":""9寸""}]（49.80*1）,餐盒（2.00*1）",缤纷水果披萨,,,,非会员,6,,,依据餐量提供餐具,,49.80,31.61,7.00,0.00,0,0,4.34,0.00,3.50,【活动支出】店铺满减:1.00元+【活动支出】 商家自营销加码:1.00元+【活动支出】饿了么红包:5.00元+【活动支出】替用户承担配送费:3.5元,-,-,-,2.00,温州区域,温州加盟,,,否,-,平台配送
圣比萨（昆阳店）,SBM00020,温州,"8074170254343704940	",饿了么,平台外卖,已完成,2025-10-20 17:17:56,2025-10-20 17:17:56,2025-10-20 17:17:56,饿了么支付-在线支付,,即时单,2025-10-20 17:17:56,10.10,自动出餐,1,否,"牛肉至尊披萨-9寸[{""name"":""规格"",""value"":""9寸""}]（59.80*1）,餐盒（2.00*1）",炙热牛魔王披萨,,,,非会员,7,,,依据餐量提供餐具,,59.80,34.30,14.00,0.00,0,0,4.65,0.00,3.50,【活动支出】店铺满减:2.00元+【活动支出】饿了么红包:12.00元+【活动支出】替用户承担配送费:3.5元,-,-,-,2.00,温州区域,温州加盟,,,否,-,平台配送
圣比萨（昆阳店）,SBM00020,温州,"8054996088214286746	",饿了么,平台外卖,已完成,2025-10-20 18:28:45,2025-10-20 18:28:45,2025-10-20 18:28:46,饿了么支付-在线支付,,即时单,2025-10-20 18:28:45,12.02,自动出餐,1,否,"金牌墨鱼丸-3个[{""name"":""规格"",""value"":""3个""}]（8.00*1）,水果片装披萨（13.80*1）,餐盒（1.00*1）",深海墨鱼丸,,,,非会员,8,,,1份餐具,,21.80,9.52,6.00,0.00,0,0,1.43,0.00,3.50,【活动支出】饿了么红包:6.00元+【活动支出】替用户承担配送费:3.5元,-,-,-,1.00,温州区域,温州加盟,,,否,-,平台配送
圣比萨（昆阳店）,SBM00020,温州,"8060300254319072564	",饿了么,平台外卖,已完成,2025-10-20 19:33:17,2025-10-20 19:33:17,2025-10-20 19:33:17,饿了么支付-在线支付,,即时单,2025-10-20 19:33:17,10.18,自动出餐,1,否,"水果披萨-9寸[{""name"":""规格"",""value"":""9寸""}]（49.80*1）,餐盒（2.00*1）",缤纷水果披萨,,,,非会员,9,,,无需餐具,,49.80,35.48,1.00,0.00,0,0,4.97,0.00,4.50,【活动支出】店铺满减:1.00元+【活动支出】替用户承担配送费:4.5元,-,-,-,2.00,温州区域,温州加盟,,,否,-,平台配送
圣比萨（昆阳店）,SBM00020,温州,"8071340254439586195	",饿了么,平台外卖,已完成,2025-10-20 20:15:47,2025-10-20 20:15:47,2025-10-20 20:15:48,饿了么支付-在线支付,,即时单,2025-10-20 20:15:47,10.22,自动出餐,1,否,"番茄（0.00*1）,个人专享套餐A[水果]（22.80*1）,餐盒（2.00*1）",番茄+个人专享套餐A[水果]+餐盒,,,,非会员,10,,,依据餐量提供餐具,,22.80,11.34,6.00,0.00,0,0,1.61,0.00,3.50,【活动支出】超级会员专享红包:5.00元+【活动支出】 商家自营销加码:1.00元+【活动支出】替用户承担配送费:3.5元,-,-,-,2.00,温州区域,温州加盟,,,否,-,平台配送
圣比萨（昆阳店）,SBM00020,温州,"8049776088268428559	",饿了么,平台外卖,已完成,2025-10-20 20:40:47,2025-10-20 20:40:47,2025-10-20 20:40:47,饿了么支付-在线支付,,即时单,2025-10-20 20:40:47,10.13,自动出餐,1,否,"牛肉至尊披萨-9寸[{""name"":""规格"",""value"":""9寸""}]（59.80*1）",炙热牛魔王披萨,,,,非会员,11,,,依据餐量提供餐具,,59.80,29.80,17.70,0.00,0,0,4.05,0.00,3.50,【活动支出】单品特价:17.70元+【活动支出】替用户承担配送费:3.5元,-,-,-,0.00,温州区域,温州加盟,,,否,-,平台配送
圣比萨（昆阳店）,SBM00020,温州,"8018120254346303996	",饿了么,平台外卖,已完成,2025-10-20 20:56:12,2025-10-20 20:56:12,2025-10-20 20:56:12,饿了么支付-在线支付,,即时单,2025-10-20 20:56:12,10.20,自动出餐,1,否,"蛋挞（10.00*1）,水果片装披萨（13.80*1）,餐盒（2.00*1）",蛋挞,,,,非会员,12,,,依据餐量提供餐具,,23.80,13.13,5.00,0.00,0,0,1.82,0.00,3.50,【活动支出】饿了么红包:5.00元+【活动支出】替用户承担配送费:3.5元,-,-,-,2.00,温州区域,温州加盟,,,否,-,平台配送
圣比萨（昆阳店）,SBM00020,温州,"8050400254264955278	",饿了么,平台外卖,已完成,2025-10-20 21:03:34,2025-10-20 21:03:34,2025-10-20 21:03:34,饿了么支付-在线支付,,即时单,2025-10-20 21:03:34,7.82,手动出餐,1,否,"牛肉至尊片装披萨（15.80*2）,餐盒（4.00*1）",牛肉至尊片装披萨+牛肉至尊片装披萨+餐盒,,,,非会员,13,,,依据餐量提供餐具,,31.60,18.41,6.00,0.00,0,0,2.74,0.00,7.10,【活动支出】饿了么红包:6.00元+【活动支出】替用户承担配送费:5.0元,-,-,-,4.00,温州区域,温州加盟,,,否,-,平台配送
圣比萨（玉环坎门店）,SBS00032,台州,"8099490254029836665	",饿了么,平台外卖,已完成,2025-10-20 10:00:28,2025-10-20 10:00:28,2025-10-20 10:00:28,饿了么支付-在线支付,,预约单,2025-10-20 11:25:00,39.60,自动出餐,1,否,"【任选】焗饭随心配（34.80*1）,餐盒（2.00*1）",可乐+不加一+碳烤鸡肉芝士焗饭+不加一+上校鸡块+蛋挞1个+小薯条,,,,非会员,1,,,依据餐量提供餐具,,34.80,19.26,8.00,0.00,0,0,1.84,0.00,3.30,【活动支出】饿了么红包:8.00元+【活动支出】替用户承担配送费:3.3元,-,-,-,2.00,台州区域,台州直营,,,否,-,平台配送
圣比萨（玉环坎门店）,SBS00032,台州,"8088050254134260014	",饿了么,平台外卖,已完成,2025-10-20 10:07:52,2025-10-20 10:07:52,2025-10-20 10:07:53,饿了么支付-在线支付,,即时单,2025-10-20 10:07:52,10.10,自动出餐,1,否,"【任选】买一送一7英寸披萨（41.90*1）,餐盒（2.00*1）",碳烤鸡肉培根披萨(7英寸(手拍))+日系照烧鸡披萨(7英寸(手拍)),,,,非会员,2,,,依据餐量提供餐具,,41.90,25.75,9.00,0.00,0,0,2.35,0.00,2.30,【活动支出】店铺满减:1.00元+【活动支出】饿了么红包:8.00元+【活动支出】替用户承担配送费:2.3元,-,-,-,2.00,台州区域,台州直营,,,否,-,平台配送
圣比萨（玉环坎门店）,SBS00032,台州,"8035350254053169518	",饿了么,平台外卖,已完成,2025-10-20 10:28:30,2025-10-20 10:28:30,2025-10-20 10:28:31,饿了么支付-在线支付,,即时单,2025-10-20 10:28:30,10.03,自动出餐,1,否,手握三选一-单点[日式照烧]（17.20*1）,日式烧鸟风味一人食盒子披萨,,,,非会员,3,,,依据餐量提供餐具,,17.20,10.00,0.00,0.00,0,0,0.00,0.00,,【活动支出】拼团反圈活动:0.00元,-,-,-,0.00,台州区域,台州直营,,,否,-,平台配送
圣比萨（玉环坎门店）,SBS00032,台州,"8084420254059397380	",饿了么,平台外卖,已完成,2025-10-20 10:36:30,2025-10-20 10:36:30,2025-10-20 10:36:30,饿了么支付-在线支付,,即时单,2025-10-20 10:36:30,10.17,自动出餐,1,否,"【任选】披萨随心配（31.90*1）,餐盒（2.00*1）",地道肠1根+花果山披萨(7英寸(手拍))+雀巢牛奶+不加一+不加一,,,,非会员,4,,,依据餐量提供餐具,,31.90,19.36,5.00,0.00,0,0,1.84,0.00,3.30,【活动支出】吃货豆兑换的商家券:5.00元+【活动支出】替用户承担配送费:3.3元,-,-,-,2.00,台州区域,台州直营,,,否,-,平台配送
圣比萨（玉环坎门店）,SBS00032,台州,"8040320254161569173	",饿了么,平台外卖,已完成,2025-10-20 10:57:14,2025-10-20 10:57:14,2025-10-20 10:57:14,饿了么支付-在线支付,,即时单,2025-10-20 10:57:14,10.17,自动出餐,1,否,"【任选】披萨随心配（37.80*1）,餐盒（2.00*1）",地道肠1根+碳烤鸡肉培根披萨(7英寸(手拍))+可乐+金丝鸡排+不加一,,,,非会员,5,,,依据餐量提供餐具,,37.80,22.55,9.00,0.00,0,0,2.05,0.00,2.30,【活动支出】店铺满减:1.00元+【活动支出】饿了么红包:8.00元+【活动支出】替用户承担配送费:2.3元,-,-,-,2.00,台州区域,台州直营,,,否,-,平台配送
圣比萨（玉环坎门店）,SBS00032,台州,"8095556088053464398	",饿了么,平台外卖,已完成,2025-10-20 12:10:13,2025-10-20 12:10:13,2025-10-20 12:10:14,饿了么支付-在线支付,,即时单,2025-10-20 12:10:13,12.07,自动出餐,1,否,"【任选】披萨随心配（44.70*1）,餐盒（2.00*1）",地道肠1根+缤纷水果披萨(7英寸(手拍))+可乐+盐酥鸡米花小份+烤甜玉米,,,,非会员,6,,,依据餐量提供餐具,,44.70,27.89,9.00,0.00,0,0,2.51,0.00,2.80,【活动支出】店铺满减:1.00元+【活动支出】超级会员专享红包:8.00元+【活动支出】 商家自营销加码:0.00元+【活动支出】替用户承担配送费:2.8元,-,-,-,2.00,台州区域,台州直营,,,否,-,平台配送
圣比萨（玉环坎门店）,SBS00032,台州,"8037360254237755744	",饿了么,平台外卖,已完成,2025-10-20 12:23:35,2025-10-20 12:23:35,2025-10-20 12:23:36,饿了么支付-在线支付,,即时单,2025-10-20 12:23:35,12.13,自动出餐,1,否,"【任选】披萨随心配（31.90*1）,蛋挞一个（原味）（3.90*1）,餐盒（2.50*1）",小薯条+碳烤鸡肉培根披萨(7英寸(手拍))+可乐+不加一+不加一+蛋挞1个,,,,非会员,7,,,依据餐量提供餐具,,35.80,20.31,9.91,0.00,0,0,1.88,0.00,2.30,【活动支出】单品特价:2.91元+【活动支出】饿了么红包:7.00元+【活动支出】替用户承担配送费:2.3元,-,-,-,2.50,台州区域,台州直营,,,否,-,平台配送
圣比萨（玉环坎门店）,SBS00032,台州,"8037400254073297357	",饿了么,平台外卖,已完成,2025-10-20 13:10:23,2025-10-20 13:10:23,2025-10-20 13:10:24,饿了么支付-在线支付,,即时单,2025-10-20 13:10:23,12.08,自动出餐,1,否,"榴莲王披萨-7英寸(手拍)[{""name"":""规格"",""value"":""7英寸(手拍)""}]（33.90*1）,餐盒（2.00*1）",榴莲王披萨,,,,非会员,8,,,依据餐量提供餐具,,33.90,18.14,10.00,0.00,0,0,1.66,0.00,2.80,【活动支出】 商家自营销加码:0.00元+【活动支出】粉丝群:2.00元+【活动支出】饿了么红包:8.00元+【活动支出】替用户承担配送费:2.8元,-,-,-,2.00,台州区域,台州直营,,,否,-,平台配送
圣比萨（玉环坎门店）,SBS00032,台州,"8085430254131044646	",饿了么,平台外卖,已完成,2025-10-20 16:16:28,2025-10-20 16:16:28,2025-10-20 16:16:28,饿了么支付-在线支付,,即时单,2025-10-20 16:16:28,10.20,自动出餐,1,否,"【任选】披萨随心配（31.90*1）,餐盒（2.00*1）",蛋挞1个+日系照烧鸡披萨(7英寸(手拍))+可乐+不加一+不加一,,,,非会员,9,,,你好，送到麻烦打15858696651，谢谢 / 1份餐具,,31.90,17.67,9.00,0.00,0,0,1.63,0.00,2.30,【活动支出】粉丝群:2.00元+【活动支出】饿了么红包:7.00元+【活动支出】淘金币:0.00元+【活动支出】替用户承担配送费:2.3元,-,-,-,2.00,台州区域,台州直营,,,否,-,平台配送
圣比萨（玉环坎门店）,SBS00032,台州,"8090916088141602303	",饿了么,平台外卖,已完成,2025-10-20 16:25:11,2025-10-20 16:25:11,2025-10-20 16:25:11,饿了么支付-在线支付,,即时单,2025-10-20 16:25:11,10.20,自动出餐,1,否,奥尔良烤鸡肉披萨(7寸)-单点（20.41*1）,新奥尔良烤鸡肉披萨【7英寸(手拍)】,,,,非会员,10,,,依据餐量提供餐具,,20.41,13.21,0.00,0.00,0,0,0.00,0.00,,【活动支出】拼团反圈活动:0.00元,-,-,-,0.00,台州区域,台州直营,,,否,-,平台配送
圣比萨（玉环坎门店）,SBS00032,台州,"8007926088098199963	",饿了么,平台外卖,已完成,2025-10-20 16:40:38,2025-10-20 16:40:38,2025-10-20 16:40:38,饿了么支付-在线支付,,即时单,2025-10-20 16:40:38,9.93,手动出餐,1,否,"【随心❤️拼】7英寸双拼披萨（口味自选）[新奥尔良烤鸡肉+新奥尔良烤鸡肉]（26.90*1）,餐盒（2.00*1）",双拼7寸【奥尔良口味7】+双拼7寸【奥尔良口味7】,,,,非会员,11,,,无需餐具,,26.90,14.56,8.00,0.00,0,0,1.34,0.00,2.30,【活动支出】粉丝群:2.00元+【活动支出】饿了么红包:6.00元+【活动支出】替用户承担配送费:2.3元,-,-,-,2.00,台州区域,台州直营,,,否,-,平台配送
圣比萨（玉环坎门店）,SBS00032,台州,"8028616088141860326	",饿了么,平台外卖,已完成,2025-10-20 16:50:50,2025-10-20 16:50:50,2025-10-20 16:50:50,饿了么支付-在线支付,,即时单,2025-10-20 16:50:50,8.15,手动出餐,1,否,"【任选】买一送一7英寸披萨（41.90*1）,餐盒（2.00*1）",碳烤鸡肉培根披萨(7英寸(手拍))+日系照烧鸡披萨(7英寸(手拍)),,,,非会员,12,,,2份餐具,,41.90,25.75,9.00,0.00,0,0,2.35,0.00,2.30,【活动支出】店铺满减:1.00元+【活动支出】 商家自营销加码:0.00元+【活动支出】饿了么红包:8.00元+【活动支出】替用户承担配送费:2.3元,-,-,-,2.00,台州区域,台州直营,,,否,-,平台配送
圣比萨（玉环坎门店）,SBS00032,台州,"8075546088153385408	",饿了么,平台外卖,已完成,2025-10-20 16:51:26,2025-10-20 16:51:26,2025-10-20 16:51:26,饿了么支付-在线支付,,即时单,2025-10-20 16:51:26,7.52,手动出餐,1,否,"日系照烧鸡披萨-7英寸(手拍)[{""name"":""规格"",""value"":""7英寸(手拍)""}]（25.90*1）,奶酪芝士卷边（7英寸）（4.90*1）,餐盒（2.00*1）",日系照烧鸡披萨+奶酪芝士卷边7,,,,非会员,13,,,依据餐量提供餐具,,30.80,18.51,7.00,0.00,0,0,1.69,0.00,2.30,【活动支出】饿了么红包:7.00元+【活动支出】替用户承担配送费:2.3元,-,-,-,2.00,台州区域,台州直营,,,否,-,平台配送
圣比萨（玉环坎门店）,SBS00032,台州,"8073460254247886164	",饿了么,平台外卖,已完成,2025-10-20 17:32:23,2025-10-20 17:32:23,2025-10-20 17:32:23,饿了么支付-在线支付,,即时单,2025-10-20 17:32:23,10.87,手动出餐,1,否,"【随心❤️拼】7英寸双拼披萨（口味自选）[新奥尔良烤鸡肉+碳烤鸡肉培根]（26.90*1）,奶酪芝士卷边（7英寸）（4.90*1）,餐盒（2.00*1）",双拼7寸【奥尔良口味7】+双拼7寸【碳烤鸡肉培根口味7】+奶酪芝士卷边7,,,,非会员,14,,,依据餐量提供餐具,,31.80,19.44,7.00,0.00,0,0,1.76,0.00,2.30,【活动支出】饿了么红包:7.00元+【活动支出】替用户承担配送费:2.3元,-,-,-,2.00,台州区域,台州直营,,,否,-,平台配送
圣比萨（玉环坎门店）,SBS00032,台州,"8082826088170874174	",饿了么,平台外卖,已完成,2025-10-20 17:33:31,2025-10-20 17:33:31,2025-10-20 17:33:31,饿了么支付-在线支付,,即时单,2025-10-20 17:33:31,9.77,手动出餐,1,否,奥尔良烤鸡肉披萨(7寸)-单点（20.41*1）,新奥尔良烤鸡肉披萨【7英寸(手拍)】,,,,非会员,15,,,依据餐量提供餐具,,20.41,13.21,0.00,0.00,0,0,0.00,0.00,,【活动支出】拼团反圈活动:0.00元,-,-,-,0.00,台州区域,台州直营,,,否,-,平台配送
圣比萨（玉环坎门店）,SBS00032,台州,"8082826088170859785	",饿了么,平台外卖,已完成,2025-10-20 17:33:38,2025-10-20 17:33:38,2025-10-20 17:33:38,饿了么支付-在线支付,,即时单,2025-10-20 17:33:38,9.63,手动出餐,1,否,奥尔良烤鸡肉披萨(7寸)-单点（20.41*1）,新奥尔良烤鸡肉披萨【7英寸(手拍)】,,,,非会员,16,,,依据餐量提供餐具,,20.41,13.21,0.00,0.00,0,0,0.00,0.00,,【活动支出】拼团反圈活动:0.00元,-,-,-,0.00,台州区域,台州直营,,,否,-,平台配送
圣比萨（玉环坎门店）,SBS00032,台州,"8052886088163574073	",饿了么,平台外卖,已完成,2025-10-20 18:01:32,2025-10-20 18:01:32,2025-10-20 18:01:32,饿了么支付-在线支付,,即时单,2025-10-20 18:01:32,12.12,自动出餐,1,否,"榴莲王披萨-12英寸(手拍)[{""name"":""规格"",""value"":""12英寸(手拍)""}]（56.90*1）,奶酪芝士卷边（12英寸）（8.90*1）,餐盒（2.00*1）",榴莲王披萨+奶酪芝士卷边,,,,非会员,17,,,依据餐量提供餐具,,65.80,41.19,14.00,0.00,0,0,3.71,0.00,2.30,【活动支出】店铺满减:2.00元+【活动支出】饿了么红包:12.00元+【活动支出】替用户承担配送费:2.3元,-,-,-,2.00,台州区域,台州直营,,,否,-,平台配送
圣比萨（玉环坎门店）,SBS00032,台州,"8094876088144984384	",饿了么,平台外卖,已完成,2025-10-20 18:04:34,2025-10-20 18:04:34,2025-10-20 18:04:35,饿了么支付-在线支付,,即时单,2025-10-20 18:04:34,10.77,手动出餐,1,否,"【任选】买一送一7英寸披萨（47.80*1）,餐盒（2.00*1）",碳烤鸡肉培根披萨(7英寸(手拍))+榴莲王披萨(7英寸(手拍)),,,,非会员,18,,,2份餐具,,47.80,28.77,11.00,0.00,0,0,2.63,0.00,2.30,【活动支出】店铺满减:1.00元+【活动支出】超级会员专享红包:8.00元+【活动支出】 商家自营销加码:0.00元+【活动支出】粉丝群:2.00元+【活动支出】替用户承担配送费:2.3元,-,-,-,2.00,台州区域,台州直营,,,否,-,平台配送
圣比萨（玉环坎门店）,SBS00032,台州,"8082350254398033366	",饿了么,平台外卖,已完成,2025-10-20 18:44:24,2025-10-20 18:44:24,2025-10-20 18:44:25,饿了么支付-在线支付,,即时单,2025-10-20 18:44:24,12.22,自动出餐,1,否,"点击右上角❤️收藏得小吃[上校鸡块2个]（2.00*1）,蛋挞一个（原味）（3.90*1）,【任选】披萨随心配（40.80*1）,餐盒（3.00*1）",上校鸡块2个+蛋挞1个+地道肠1根+缤纷水果披萨(7英寸(手拍))+可乐+奥尔良烤翅+不加一,,,,非会员,19,,,1份餐具,,46.70,25.74,14.81,0.00,0,0,2.35,0.00,2.30,【活动支出】单品特价:1.90元+【活动支出】店铺满减:1.00元+【活动支出】单品特价:2.91元+【活动支出】饿了么红包:9.00元+【活动支出】替用户承担配送费:2.3元,-,-,-,3.00,台州区域,台州直营,,,否,-,平台配送
圣比萨（玉环坎门店）,SBS00032,台州,"8019946088229065100	",饿了么,平台外卖,已完成,2025-10-20 19:02:41,2025-10-20 19:02:41,2025-10-20 19:02:42,饿了么支付-在线支付,,即时单,2025-10-20 19:02:41,12.00,自动出餐,1,否,"【任选】焗饭随心配（41.70*1）,餐盒（2.00*1）",可乐+不加一+西西里肉酱火腿芝士焗饭+盐酥鸡米花小份+地道肠1根+蛋挞1个+小薯条,,,,非会员,20,,,依据餐量提供餐具,,41.70,25.57,9.00,0.00,0,0,2.33,0.00,2.30,【活动支出】店铺满减:1.00元+【活动支出】饿了么红包:8.00元+【活动支出】替用户承担配送费:2.3元,-,-,-,2.00,台州区域,台州直营,,,否,-,平台配送
圣比萨（玉环坎门店）,SBS00032,台州,"8028430254302158208	",饿了么,平台外卖,已完成,2025-10-20 19:03:19,2025-10-20 19:03:19,2025-10-20 19:03:19,饿了么支付-在线支付,,即时单,2025-10-20 19:03:19,12.18,自动出餐,1,否,"花果山披萨-9英寸(手拍)[{""name"":""规格"",""value"":""9英寸(手拍)""}]（33.90*1）,餐盒（2.00*1）",花果山披萨,,,,非会员,21,,,依据餐量提供餐具,,33.90,19.86,8.00,0.00,0,0,1.84,0.00,2.30,【活动支出】 商家自营销加码:0.00元+【活动支出】饿了么红包:8.00元+【活动支出】替用户承担配送费:2.3元,-,-,-,2.00,台州区域,台州直营,,,否,-,平台配送
圣比萨（玉环坎门店）,SBS00032,台州,"8037040254226390490	",饿了么,平台外卖,已完成,2025-10-20 19:05:22,2025-10-20 19:05:22,2025-10-20 19:05:22,饿了么支付-在线支付,,即时单,2025-10-20 19:05:22,12.23,自动出餐,1,否,"地道肠（3.90*1）,【随心❤️拼】12英寸双拼披萨（口味自选）[缤纷水果+碳烤鸡肉培根]（49.90*1）,点击右上角❤️收藏得小吃[上校鸡块2个]（2.00*1）,蛋挞一个（原味）（3.90*1）,餐盒（3.50*1）",地道肠1根+双拼12寸【缤纷水果口味12】+双拼12寸【培根鸡肉口味12】+上校鸡块2个+蛋挞1个,,,,非会员,22,,,依据餐量提供餐具,,59.70,35.74,15.81,0.00,0,0,3.25,0.00,2.30,【活动支出】店铺满减:2.00元+【活动支出】单品特价:1.90元+【活动支出】单品特价:2.91元+【活动支出】饿了么红包:9.00元+【活动支出】替用户承担配送费:2.3元,-,-,-,3.50,台州区域,台州直营,,,否,-,平台配送
圣比萨（玉环坎门店）,SBS00032,台州,"8012896088215016954	",饿了么,平台外卖,已完成,2025-10-20 19:30:18,2025-10-20 19:30:18,2025-10-20 19:30:18,饿了么支付-在线支付,,即时单,2025-10-20 19:30:18,10.18,自动出餐,1,否,"【随心❤️拼】7英寸双拼披萨（口味自选）[缤纷水果+碳烤鸡肉培根]（26.90*1）,餐盒（2.00*1）",双拼7寸【缤纷水果口味7】+双拼7寸【碳烤鸡肉培根口味7】,,,,非会员,23,,,依据餐量提供餐具,,26.90,13.63,9.00,0.00,0,0,1.27,0.00,2.30,【活动支出】 商家自营销加码:2.00元+【活动支出】粉丝群:2.00元+【活动支出】饿了么红包:5.00元+【活动支出】替用户承担配送费:2.3元,-,-,-,2.00,台州区域,台州直营,,,否,-,平台配送
圣比萨（玉环坎门店）,SBS00032,台州,"8052726088191528289	",饿了么,平台外卖,已完成,2025-10-20 19:38:51,2025-10-20 19:38:51,2025-10-20 19:38:51,饿了么支付-在线支付,,即时单,2025-10-20 19:38:51,10.15,自动出餐,1,否,"【任选】买一送一7英寸披萨（47.80*1）,餐盒（2.00*1）",榴莲王披萨(7英寸(手拍))+日系照烧鸡披萨(7英寸(手拍)),,,,非会员,24,,,依据餐量提供餐具,,47.80,29.70,10.00,0.00,0,0,2.70,0.00,2.30,【活动支出】店铺满减:1.00元+【活动支出】饿了么红包:9.00元+【活动支出】替用户承担配送费:2.3元,-,-,-,2.00,台州区域,台州直营,,,否,-,平台配送
圣比萨（玉环坎门店）,SBS00032,台州,"8063916088216052189	",饿了么,平台外卖,已完成,2025-10-20 19:42:44,2025-10-20 19:42:44,2025-10-20 19:42:44,饿了么支付-在线支付,,即时单,2025-10-20 19:42:44,10.15,自动出餐,1,否,手握三选一-单点[日式照烧]（17.20*1）,日式烧鸟风味一人食盒子披萨,,,,非会员,25,,,依据餐量提供餐具,,17.20,10.00,0.00,0.00,0,0,0.00,0.00,,【活动支出】拼团反圈活动:0.00元,-,-,-,0.00,台州区域,台州直营,,,否,-,平台配送
圣比萨（玉环坎门店）,SBS00032,台州,"8063230254324282838	",饿了么,平台外卖,已完成,2025-10-20 19:50:33,2025-10-20 19:50:33,2025-10-20 19:50:33,饿了么支付-在线支付,,即时单,2025-10-20 19:50:33,10.02,自动出餐,1,否,"榴莲王披萨-7英寸(手拍)[{""name"":""规格"",""value"":""7英寸(手拍)""}]（33.90*1）,奶酪芝士卷边（7英寸）（4.90*1）,餐盒（2.00*1）",榴莲王披萨+奶酪芝士卷边7,,,,非会员,26,,,依据餐量提供餐具,,38.80,21.62,11.00,0.00,0,0,1.98,0.00,2.30,【活动支出】店铺满减:1.00元+【活动支出】 商家自营销加码:0.00元+【活动支出】粉丝群:2.00元+【活动支出】饿了么红包:8.00元+【活动支出】替用户承担配送费:2.3元,-,-,-,2.00,台州区域,台州直营,,,否,-,平台配送
圣比萨（玉环坎门店）,SBS00032,台州,"8040826088222348770	",饿了么,平台外卖,已完成,2025-10-20 20:03:22,2025-10-20 20:03:22,2025-10-20 20:03:23,饿了么支付-在线支付,,即时单,2025-10-20 20:03:22,10.07,自动出餐,1,否,"【随心❤️拼】7英寸双拼披萨（口味自选）[缤纷水果+新奥尔良烤鸡肉]（26.90*1）,蛋挞一个（原味）（3.90*1）,餐盒（2.50*1）",双拼7寸【缤纷水果口味7】+双拼7寸【奥尔良口味7】+蛋挞1个,,,,非会员,27,,,2份餐具,,30.80,16.27,9.91,0.00,0,0,1.52,0.00,2.30,【活动支出】单品特价:2.91元+【活动支出】饿了么红包:7.00元+【活动支出】替用户承担配送费:2.3元,-,-,-,2.50,台州区域,台州直营,,,否,-,平台配送
圣比萨（玉环坎门店）,SBS00032,台州,"8023656088260756892	",饿了么,平台外卖,已完成,2025-10-20 20:58:16,2025-10-20 20:58:16,2025-10-20 20:58:17,饿了么支付-在线支付,,即时单,2025-10-20 20:58:16,10.18,自动出餐,1,否,"香烤鸡翅-4只[{""name"":""规格"",""value"":""4只""}]（18.90*1）,新奥尔良烤鸡肉披萨-9英寸(手拍)[{""name"":""规格"",""value"":""9英寸(手拍)""}]（33.90*1）,餐盒（2.50*1）",香烤鸡翅+新奥尔良烤鸡肉披萨,,,,非会员,28,,,依据餐量提供餐具,,52.80,34.30,10.00,0.00,0,0,3.10,0.00,2.30,【活动支出】店铺满减:1.00元+【活动支出】饿了么红包:9.00元+【活动支出】替用户承担配送费:2.3元,-,-,-,2.50,台州区域,台州直营,,,否,-,平台配送
圣比萨（玉环坎门店）,SBS00032,台州,"8031250254347923783	",饿了么,平台外卖,已完成,2025-10-20 21:02:08,2025-10-20 21:02:08,2025-10-20 21:02:08,饿了么支付-在线支付,,即时单,2025-10-20 21:02:08,10.15,自动出餐,1,否,"川香脆皮翅根-1个[{""name"":""规格"",""value"":""1个""}]（6.90*1）,碳烤鸡肉培根披萨-7英寸(手拍)[{""name"":""规格"",""value"":""7英寸(手拍)""}]（25.90*1）,奶酪芝士卷边（7英寸）（4.90*1）,蛋挞一个（原味）（3.90*1）,餐盒（3.00*1）",川香脆皮大翅根+碳烤鸡肉培根披萨+奶酪芝士卷边7+蛋挞1个,,,,非会员,29,,,放门口柜子上 / 依据餐量提供餐具,,41.60,22.69,11.91,0.00,0,0,2.10,0.00,3.80,【活动支出】店铺满减:1.00元+【活动支出】单品特价:2.91元+【活动支出】 商家自营销加码:0.00元+【活动支出】饿了么红包:8.00元+【活动支出】替用户承担配送费:3.8元,-,-,-,3.00,台州区域,台州直营,,,否,-,平台配送
圣比萨（玉环坎门店）,SBS00032,台州,"8041390254263746943	",饿了么,平台外卖,已完成,2025-10-20 21:02:33,2025-10-20 21:02:33,2025-10-20 21:02:33,饿了么支付-在线支付,,即时单,2025-10-20 21:02:33,10.08,自动出餐,1,否,"【随心❤️拼】7英寸双拼披萨（口味自选）[缤纷水果+缤纷水果]（26.90*1）,餐盒（2.00*1）",双拼7寸【缤纷水果口味7】+双拼7寸【缤纷水果口味7】,,,,非会员,30,,,自提 / 依据餐量提供餐具,,26.90,12.20,9.00,0.00,0,0,1.20,0.00,3.30,【活动支出】粉丝群:2.00元+【活动支出】饿了么红包:7.00元+【活动支出】替用户承担配送费:3.3元,-,-,-,2.00,台州区域,台州直营,,,否,-,平台配送
圣比萨（玉环坎门店）,SBS00032,台州,"8001100254263700930	",饿了么,平台外卖,已完成,2025-10-20 21:04:48,2025-10-20 21:04:48,2025-10-20 21:04:48,饿了么支付-在线支付,,即时单,2025-10-20 21:04:48,10.13,自动出餐,1,否,"【任选】买一送一7英寸披萨（41.90*1）,餐盒（2.00*1）",碳烤鸡肉培根披萨(7英寸(手拍))+日系照烧鸡披萨(7英寸(手拍)),,,,非会员,31,,,依据餐量提供餐具,,41.90,21.21,13.00,0.00,0,0,1.99,0.00,3.30,【活动支出】店铺满减:1.00元+【活动支出】饿了么红包:12.00元+【活动支出】替用户承担配送费:3.3元,-,-,-,2.00,台州区域,台州直营,,,否,-,平台配送
圣比萨（玉环坎门店）,SBS00032,台州,"8019916088276888909	",饿了么,平台外卖,已完成,2025-10-20 21:12:29,2025-10-20 21:12:29,2025-10-20 21:12:29,饿了么支付-在线支付,,即时单,2025-10-20 21:12:29,10.20,自动出餐,1,否,"【随心❤️拼】7英寸双拼披萨（口味自选）[新奥尔良烤鸡肉+碳烤鸡肉培根]（26.90*1）,奶酪芝士卷边（7英寸）（4.90*1）,餐盒（2.00*1）",双拼7寸【奥尔良口味7】+双拼7寸【碳烤鸡肉培根口味7】+奶酪芝士卷边7,,,,非会员,32,,,依据餐量提供餐具,,31.80,18.01,7.00,0.00,0,0,1.69,0.00,3.30,【活动支出】饿了么红包:7.00元+【活动支出】替用户承担配送费:3.3元,-,-,-,2.00,台州区域,台州直营,,,否,-,平台配送
圣比萨（玉环坎门店）,SBS00032,台州,"8097240254461530471	",饿了么,平台外卖,已完成,2025-10-20 21:24:09,2025-10-20 21:24:09,2025-10-20 21:24:09,饿了么支付-在线支付,,即时单,2025-10-20 21:24:09,10.20,自动出餐,1,否,"新奥尔良烤鸡肉披萨-9英寸(手拍)[{""name"":""规格"",""value"":""9英寸(手拍)""}]（33.90*1）,餐盒（2.00*1）",新奥尔良烤鸡肉披萨,,,,非会员,33,,,依据餐量提供餐具,,33.90,19.03,8.00,0.00,0,0,1.77,0.00,3.30,【活动支出】 商家自营销加码:0.00元+【活动支出】饿了么红包:0.00元+【活动支出】饿了么红包:8.00元+【活动支出】替用户承担配送费:3.3元,-,-,-,2.00,台州区域,台州直营,,,否,-,平台配送
圣比萨（玉环坎门店）,SBS00032,台州,"8056826088232296873	",饿了么,平台外卖,已完成,2025-10-20 21:51:40,2025-10-20 21:51:40,2025-10-20 21:51:40,饿了么支付-在线支付,,即时单,2025-10-20 21:51:40,10.15,自动出餐,1,否,"【随心❤️拼】7英寸双拼披萨（口味自选）[缤纷水果+新奥尔良烤鸡肉]（26.90*1）,奶酪芝士卷边（7英寸）（4.90*1）,餐盒（2.00*1）",双拼7寸【缤纷水果口味7】+双拼7寸【奥尔良口味7】+奶酪芝士卷边7,,,,非会员,34,,,依据餐量提供餐具,,31.80,18.01,7.00,0.00,0,0,1.69,0.00,3.30,【活动支出】粉丝群:2.00元+【活动支出】饿了么红包:5.00元+【活动支出】替用户承担配送费:3.3元,-,-,-,2.00,台州区域,台州直营,,,否,-,平台配送
圣比萨（龙霞店）,SBS00007,温州,"8055726088001555893	",饿了么,平台外卖,已完成,2025-10-20 11:18:29,2025-10-20 11:18:29,2025-10-20 11:18:29,饿了么支付-在线支付,,即时单,2025-10-20 11:18:29,12.07,自动出餐,1,否,"任选意面4选1+小吃6选1+饮料[番茄牛肉意面+上校鸡块4个+可乐+冷]（57.00*1）,餐盒（2.00*1）",番茄牛肉意面+上校鸡块+小可乐,,,,非会员,1,,,依据餐量提供餐具,,57.00,15.47,32.10,0.00,0,0,1.76,0.00,7.40,【活动支出】单品特价:25.10元+【活动支出】饿了么红包:7.00元+【活动支出】替用户承担配送费:5.0元,-,-,-,2.00,温州区域,温州直营,,,否,-,平台配送
圣比萨（龙霞店）,SBS00007,温州,"8029310254194684170	",饿了么,平台外卖,已完成,2025-10-20 11:26:24,2025-10-20 11:26:24,2025-10-20 11:26:24,饿了么支付-在线支付,,即时单,2025-10-20 11:26:24,12.00,自动出餐,1,否,"咸蛋黄风味流沙卷边（7英寸）（4.90*1）,7英寸奥尔良烤鸡肉披萨[7英奥尔良烤鸡肉披萨]（58.00*1）,餐盒（2.00*1）",咸蛋黄流沙卷边7+新奥尔良烤鸡肉披萨【7英寸(手拍)】,,,,非会员,2,,,依据餐量提供餐具,,62.90,13.50,44.10,0.00,0,0,1.43,0.00,3.50,【活动支出】单品特价:37.10元+【活动支出】饿了么红包:7.00元+【活动支出】替用户承担配送费:3.5元,-,-,-,2.00,温州区域,温州直营,,,否,-,平台配送
圣比萨（龙霞店）,SBS00007,温州,"8062746088021308759	",饿了么,平台外卖,已完成,2025-10-20 11:35:29,2025-10-20 11:35:29,2025-10-20 11:35:29,饿了么支付-在线支付,,即时单,2025-10-20 11:35:29,12.20,自动出餐,1,否,"意面随心配（58.80*1）,点击右上角❤️收藏得小吃[墨鱼丸1个]（2.00*1）,保温袋1个（远距离建议加购）（10.00*1）,餐盒（2.50*1）",地道肠1根+蛋挞1个+深海墨鱼丸2个+招牌肉酱意面+深海墨鱼丸1个+保温袋,,,,非会员,3,,,尽快 谢谢 好饿 / 2份餐具,,70.80,14.77,50.30,0.00,0,0,1.46,0.00,4.50,【活动支出】单品特价:31.90元+【活动支出】单品特价:1.90元+【活动支出】单品特价:9.50元+【活动支出】饿了么红包:7.00元+【活动支出】替用户承担配送费:4.5元,-,-,-,2.50,温州区域,温州直营,,,否,-,平台配送
圣比萨（龙霞店）,SBS00007,温州,"8098956087990773099	",饿了么,平台外卖,已完成,2025-10-20 12:00:39,2025-10-20 12:00:39,2025-10-20 12:00:39,饿了么支付-在线支付,,即时单,2025-10-20 12:00:39,12.07,自动出餐,1,否,"碳烤鸡肉培根披萨-7英寸(手拍)[{""name"":""规格"",""value"":""7英寸(手拍)""}]（45.00*1）,奶酪芝士卷边（7英寸）（4.90*1）,餐盒（1.00*1）",碳烤鸡肉培根披萨+奶酪芝士卷边7,,,,非会员,4,,,依据餐量提供餐具,,49.90,22.98,16.10,0.00,0,0,2.35,0.00,6.20,【活动支出】单品特价:16.10元+【活动支出】替用户承担配送费:5.0元,-,-,-,1.00,温州区域,温州直营,,,否,-,平台配送
圣比萨（龙霞店）,SBS00007,温州,"8090626088057519501	",饿了么,平台外卖,已完成,2025-10-20 12:25:51,2025-10-20 12:25:51,2025-10-20 12:25:51,饿了么支付-在线支付,,即时单,2025-10-20 12:25:51,12.12,自动出餐,1,否,"7英寸奥尔良烤鸡肉披萨[7英奥尔良烤鸡肉披萨]（58.00*1）,餐盒（2.00*1）",新奥尔良烤鸡肉披萨【7英寸(手拍)】,,,,非会员,5,,,对骑手 放门口就好了，不用敲门，不用打电话 / 依据餐量提供餐具,,58.00,8.60,44.10,0.00,0,0,1.43,0.00,3.50,【活动支出】单品特价:37.10元+【活动支出】饿了么红包:7.00元+【活动支出】替用户承担配送费:3.5元,-,-,-,2.00,温州区域,温州直营,,,否,-,平台配送
圣比萨（龙霞店）,SBS00007,温州,"8083916088056512780	",饿了么,平台外卖,已完成,2025-10-20 14:24:37,2025-10-20 14:24:37,2025-10-20 14:24:37,饿了么支付-在线支付,,即时单,2025-10-20 14:24:37,10.18,自动出餐,1,否,"【香蕉菠萝】7英寸缤纷水果披萨（42.00*1）,奶酪芝士卷边（7英寸）（4.90*1）,餐盒（2.00*1）",缤纷水果披萨【7英寸(手拍)】+奶酪芝士卷边7,,,,非会员,6,,,无需餐具,,46.90,19.83,20.10,0.00,0,0,1.90,0.00,4.00,【活动支出】单品特价:16.10元+【活动支出】饿了么红包:4.00元+【活动支出】替用户承担配送费:4.0元,-,-,-,2.00,温州区域,温州直营,,,否,-,平台配送
圣比萨（龙霞店）,SBS00007,温州,"8031986088143608232	",饿了么,平台外卖,已完成,2025-10-20 16:50:55,2025-10-20 16:50:55,2025-10-20 16:50:56,饿了么支付-在线支付,,即时单,2025-10-20 16:50:55,10.05,自动出餐,1,否,"缤纷水果披萨-7英寸(手拍)[{""name"":""规格"",""value"":""7英寸(手拍)""}]（42.00*1）,【新客福利】台式香烤地道肠（7.50*1）,餐盒（0.50*1）",缤纷水果披萨+地道肠1根,,,,非会员,7,,,依据餐量提供餐具,,49.50,10.69,30.21,0.00,0,0,1.43,0.00,5.00,【活动支出】单品特价:23.70元+【活动支出】单品特价:6.51元+【活动支出】用户代金券:0.00元+【活动支出】替用户承担配送费:5.0元,-,-,-,0.50,温州区域,温州直营,,,否,-,平台配送
圣比萨（龙霞店）,SBS00007,温州,"8008716088150662612	",饿了么,平台外卖,已完成,2025-10-20 16:57:00,2025-10-20 16:57:00,2025-10-20 16:57:00,饿了么支付-在线支付,,即时单,2025-10-20 16:57:00,10.03,自动出餐,1,否,"【10件套】9英寸披萨2个+小吃4份+饮品4个（3-5人）[缤纷水果披萨9英寸+圣比招牌披萨9英寸+金丝鸡排+经典薯条+奥尔良烤翅+上校鸡块+如5人点此五杯]（258.00*1）,餐盒（2.00*1）",缤纷水果披萨【9英寸(手拍)】+大圣招牌大满贯披萨【9英寸(手拍)】+金丝鸡排+经典薯条+奥尔良烤翅+上校鸡块+饮品4杯,,,,非会员,8,,,放门口敲一下门就可以了，谢谢 / 依据餐量提供餐具,,258.00,103.20,128.10,0.00,0,0,9.63,0.00,3.50,【活动支出】店铺满减:4.00元+【活动支出】单品特价:112.10元+【活动支出】饿了么红包:12.00元+【活动支出】替用户承担配送费:3.5元,-,-,-,2.00,温州区域,温州直营,,,否,-,平台配送
圣比萨（龙霞店）,SBS00007,温州,"8007716088155319646	",饿了么,平台外卖,已完成,2025-10-20 17:16:03,2025-10-20 17:16:03,2025-10-20 17:16:03,饿了么支付-在线支付,,即时单,2025-10-20 17:16:03,10.10,自动出餐,1,否,"7英寸披萨一人食土豪餐[圣比招牌披萨7英寸+金丝鸡排+地道肠1根+柠檬茶]（70.00*1）,餐盒（2.00*1）",大圣招牌大满贯披萨【7英寸(手拍)】+金丝鸡排+地道肠【1根】+柠檬茶,,,,非会员,9,,,"不要香菜, 不要香菜, 不要香菜, 不要香菜, 不要香菜, 不要香菜, 不要香菜 / 依据餐量提供餐具",,70.00,19.92,43.10,0.00,0,0,1.91,0.00,4.00,【活动支出】单品特价:35.10元+【活动支出】 商家自营销加码:0.00元+【活动支出】饿了么红包:8.00元+【活动支出】替用户承担配送费:4.0元,-,-,-,2.00,温州区域,温州直营,,,否,-,平台配送
圣比萨（龙霞店）,SBS00007,温州,"8096976088119184748	",饿了么,平台外卖,已完成,2025-10-20 17:31:25,2025-10-20 17:31:25,2025-10-20 17:31:25,饿了么支付-在线支付,,即时单,2025-10-20 17:31:25,12.18,自动出餐,1,否,"点击右上角❤️收藏得小吃[上校鸡块2个]（2.00*1）,7英寸奥尔良烤鸡肉披萨[7英奥尔良烤鸡肉披萨]（58.00*1）,餐盒（2.50*1）",上校鸡块2个+新奥尔良烤鸡肉披萨【7英寸(手拍)】,,,,非会员,10,,,依据餐量提供餐具,,60.00,9.20,46.00,0.00,0,0,1.43,0.00,4.50,【活动支出】单品特价:1.90元+【活动支出】单品特价:37.10元+【活动支出】饿了么红包:7.00元+【活动支出】替用户承担配送费:4.5元,-,-,-,2.50,温州区域,温州直营,,,否,-,平台配送
圣比萨（龙霞店）,SBS00007,温州,"8069866088117041499	",饿了么,平台外卖,已完成,2025-10-20 17:32:02,2025-10-20 17:32:02,2025-10-20 17:32:03,饿了么支付-在线支付,,即时单,2025-10-20 17:32:02,12.20,自动出餐,1,否,"7英寸披萨买一送一[缤纷水果披萨7英寸+圣比招牌披萨7英寸]（86.80*1）,餐盒（2.00*1）",缤纷水果披萨【7英寸(手拍)】+大圣招牌大满贯披萨【7英寸(手拍)】,,,,非会员,11,,,无需餐具,,86.80,27.97,49.90,0.00,0,0,2.66,0.00,3.50,【活动支出】店铺满减:1.00元+【活动支出】单品特价:39.90元+【活动支出】饿了么红包:9.00元+【活动支出】替用户承担配送费:3.5元,-,-,-,2.00,温州区域,温州直营,,,否,-,平台配送
圣比萨（龙霞店）,SBS00007,温州,"8009210254253139345	",饿了么,平台外卖,已完成,2025-10-20 17:35:29,2025-10-20 17:35:29,2025-10-20 17:35:30,饿了么支付-在线支付,,即时单,2025-10-20 17:35:29,12.18,自动出餐,1,否,手握三选一-单点[奥尔良]（20.00*1）,奥尔良风情烤鸡肉一人食盒子披萨,,,,非会员,12,,,依据餐量提供餐具,,20.00,10.00,0.00,0.00,0,0,0.00,0.00,,【活动支出】拼团反圈活动:0.00元,-,-,-,0.00,温州区域,温州直营,,,否,-,平台配送
圣比萨（龙霞店）,SBS00007,温州,"8001596088147283236	",饿了么,平台外卖,已完成,2025-10-20 17:37:39,2025-10-20 17:37:39,2025-10-20 17:37:40,饿了么支付-在线支付,,即时单,2025-10-20 17:37:39,12.10,自动出餐,1,否,"经典薯条（18.00*1）,招牌肉酱意面（52.00*1）,餐盒（2.00*1）",经典薯条+招牌肉酱意面,,,,非会员,13,,,依据餐量提供餐具,,70.00,21.68,41.20,0.00,0,0,2.05,0.00,3.50,【活动支出】店铺满减:1.00元+【活动支出】单品特价:9.10元+【活动支出】单品特价:24.10元+【活动支出】饿了么红包:7.00元+【活动支出】替用户承担配送费:3.5元,-,-,-,2.00,温州区域,温州直营,,,否,-,平台配送
圣比萨（龙霞店）,SBS00007,温州,"8070200254180277656	",饿了么,平台外卖,已完成,2025-10-20 17:51:46,2025-10-20 17:51:46,2025-10-20 17:51:46,饿了么支付-在线支付,,即时单,2025-10-20 17:51:46,12.08,自动出餐,1,否,"7英寸奥尔良烤鸡肉披萨[7英奥尔良烤鸡肉披萨]（58.00*1）,餐盒（2.00*1）",新奥尔良烤鸡肉披萨【7英寸(手拍)】,,,,非会员,14,,,1份餐具,,58.00,8.60,44.10,0.00,0,0,1.43,0.00,3.50,【活动支出】单品特价:37.10元+【活动支出】 商家自营销加码:2.00元+【活动支出】饿了么红包:5.00元+【活动支出】替用户承担配送费:3.5元,-,-,-,2.00,温州区域,温州直营,,,否,-,平台配送
圣比萨（龙霞店）,SBS00007,温州,"8095400254182878567	",饿了么,平台外卖,已完成,2025-10-20 17:52:35,2025-10-20 17:52:35,2025-10-20 17:52:35,饿了么支付-在线支付,,即时单,2025-10-20 17:52:35,12.15,自动出餐,1,否,"7英寸奥尔良烤鸡肉披萨[7英奥尔良烤鸡肉披萨]（58.00*1）,餐盒（2.00*1）",新奥尔良烤鸡肉披萨【7英寸(手拍)】,,,,非会员,15,,,依据餐量提供餐具,,58.00,7.70,44.10,0.00,0,0,1.43,0.00,5.00,【活动支出】单品特价:37.10元+【活动支出】饿了么红包:7.00元+【活动支出】替用户承担配送费:5.0元,-,-,-,2.00,温州区域,温州直营,,,否,-,平台配送
圣比萨（龙霞店）,SBS00007,温州,"8011090254183095696	",饿了么,平台外卖,已完成,2025-10-20 17:56:22,2025-10-20 17:56:22,2025-10-20 17:56:22,饿了么支付-在线支付,,即时单,2025-10-20 17:56:22,12.13,自动出餐,1,否,"️任意爆款意面一人食套餐[番茄牛肉意面+上校鸡块4个+柠檬茶]（61.00*1）,餐盒（2.00*1）",番茄牛肉意面+上校鸡块+柠檬茶,,,,非会员,16,,,依据餐量提供餐具,,61.00,18.67,36.10,0.00,0,0,1.76,0.00,4.00,【活动支出】单品特价:29.10元+【活动支出】饿了么红包:7.00元+【活动支出】替用户承担配送费:4.0元,-,-,-,2.00,温州区域,温州直营,,,否,-,平台配送
圣比萨（龙霞店）,SBS00007,温州,"8012506088189428116	",饿了么,平台外卖,已完成,2025-10-20 18:14:40,2025-10-20 18:14:40,2025-10-20 18:14:41,饿了么支付-在线支付,,即时单,2025-10-20 18:14:40,12.18,自动出餐,1,否,"招牌肉酱意面（52.00*1）,【福利优惠】蛋挞一个（原味）（10.00*1）,【新客福利】台式香烤地道肠（7.50*1）,餐盒（1.00*1）",招牌肉酱意面+蛋挞1个+地道肠1根,,,,非会员,17,,,依据餐量提供餐具,,69.50,16.03,47.11,0.00,0,0,1.49,0.00,3.50,【活动支出】单品特价:31.60元+【活动支出】单品特价:6.51元+【活动支出】精准营销:9.00元+【活动支出】替用户承担配送费:3.5元,-,-,-,1.00,温州区域,温州直营,,,否,-,平台配送
圣比萨（龙霞店）,SBS00007,温州,"8004050254287565293	",饿了么,平台外卖,已完成,2025-10-20 18:26:09,2025-10-20 18:26:09,2025-10-20 18:26:09,饿了么支付-在线支付,,即时单,2025-10-20 18:26:09,12.10,自动出餐,1,否,"【福利优惠】蛋挞一个（原味）（10.00*1）,点击右上角❤️收藏得小吃[小薯饼一个]（2.00*1）,7英寸奥尔良烤鸡肉披萨[7英奥尔良烤鸡肉披萨]（58.00*1）,【新客福利】台式香烤地道肠（7.50*1）,餐盒（3.50*1）",蛋挞1个+薯饼1个+新奥尔良烤鸡肉披萨【7英寸(手拍)】+地道肠1根,,,,非会员,18,,,依据餐量提供餐具,,77.50,11.29,61.51,0.00,0,0,1.43,0.00,4.00,【活动支出】单品特价:1.90元+【活动支出】单品特价:37.10元+【活动支出】单品特价:6.51元+【活动支出】精准营销:9.00元+【活动支出】 商家自营销加码:2.00元+【活动支出】饿了么红包:5.00元+【活动支出】替用户承担配送费:4.0元,-,-,-,3.50,温州区域,温州直营,,,否,-,平台配送
圣比萨（龙霞店）,SBS00007,温州,"8054180254319510989	",饿了么,平台外卖,已完成,2025-10-20 18:46:21,2025-10-20 18:46:21,2025-10-20 18:46:21,饿了么支付-在线支付,,即时单,2025-10-20 18:46:21,12.23,自动出餐,1,否,"任选意面4选1+小吃6选1+饮料[番茄牛肉意面+上校鸡块4个+芒果汁+常温]（57.00*1）,餐盒（2.00*1）",番茄牛肉意面+上校鸡块+芒果汁,,,,非会员,19,,,对商家 / 依据餐量提供餐具,,57.00,15.57,36.10,0.00,0,0,1.46,0.00,3.50,【活动支出】单品特价:25.10元+【活动支出】吃货豆兑换的商家券:5.00元+【活动支出】订单集点返红包:6.00元+【活动支出】替用户承担配送费:3.5元,-,-,-,2.00,温州区域,温州直营,,,否,-,平台配送
圣比萨（龙霞店）,SBS00007,温州,"8060440254314659190	",饿了么,平台外卖,已完成,2025-10-20 19:22:48,2025-10-20 19:22:48,2025-10-20 19:22:48,饿了么支付-在线支付,,即时单,2025-10-20 19:22:48,12.23,自动出餐,1,否,"榴莲王披萨-7英寸(经典手拍)[{""name"":""规格"",""value"":""7英寸(经典手拍)""}]（52.00*1）,餐盒（1.00*1）",榴莲王披萨,,,,非会员,20,,,依据餐量提供餐具,,52.00,24.87,18.10,0.00,0,0,2.36,0.00,3.50,【活动支出】单品特价:18.10元+【活动支出】替用户承担配送费:3.5元,-,-,-,1.00,温州区域,温州直营,,,否,-,平台配送
圣比萨（龙霞店）,SBS00007,温州,"8007450254249878937	",饿了么,平台外卖,已完成,2025-10-20 20:04:51,2025-10-20 20:04:51,2025-10-20 20:04:51,饿了么支付-在线支付,,即时单,2025-10-20 20:04:51,10.12,自动出餐,1,否,"手握三选一+二选一+可乐-单点[奥尔良+上校鸡块 2 块+可乐][{""name"":""规格"",""value"":""单点""}]（24.00*1）",小可乐+奥尔良风情烤鸡肉一人食盒子披萨+上校鸡块2个,,,,非会员,21,,,依据餐量提供,,24.00,14.00,0.00,0.00,0,0,0.00,0.00,,【活动支出】拼团反圈活动:0.00元,-,-,-,0.00,温州区域,温州直营,,,否,-,平台配送
圣比萨（龙霞店）,SBS00007,温州,"8011160254256289030	",饿了么,平台外卖,已完成,2025-10-20 20:34:06,2025-10-20 20:34:06,2025-10-20 20:34:06,饿了么支付-在线支付,,即时单,2025-10-20 20:34:06,10.15,自动出餐,1,否,"缤纷水果披萨-7英寸(手拍)[{""name"":""规格"",""value"":""7英寸(手拍)""}]（42.00*1）",缤纷水果披萨,,,,非会员,22,,,依据餐量提供餐具,,42.00,11.00,23.70,0.00,0,0,1.43,0.00,3.50,【活动支出】单品特价:23.70元+【活动支出】替用户承担配送费:3.5元,-,-,-,0.00,温州区域,温州直营,,,否,-,平台配送
圣比萨（龙霞店）,SBS00007,温州,"8041726088250763727	",饿了么,平台外卖,已完成,2025-10-20 21:51:29,2025-10-20 21:51:29,2025-10-20 21:51:30,饿了么支付-在线支付,,即时单,2025-10-20 21:51:29,10.15,自动出餐,1,否,"披萨随心配（60.00*1）,餐盒（2.00*1）",盐酥鸡米花小份+深海墨鱼丸2个+上校鸡块2个+新奥尔良烤鸡肉披萨(7英寸(手拍)),,,,非会员,23,,,"到了放门口谢谢, 对商家，需要两个蕃茄酱 / 依据餐量提供餐具",,60.00,16.32,37.10,0.00,0,0,1.61,0.00,5.60,【活动支出】单品特价:30.10元+【活动支出】饿了么红包:7.00元+【活动支出】替用户承担配送费:5.0元,-,-,-,2.00,温州区域,温州直营,,,否,-,平台配送
圣比萨（龙霞店）,SBS00007,温州,"8031986088277787062	",饿了么,平台外卖,已完成,2025-10-20 22:24:00,2025-10-20 22:24:00,2025-10-20 22:24:01,饿了么支付-在线支付,,即时单,2025-10-20 22:24:00,10.07,自动出餐,1,否,"披萨随心配（60.00*1）,【肥宅快乐水】小可乐（5.00*1）,餐盒（2.00*1）",盐酥鸡米花小份+蛋挞1个+上校鸡块2个+玉米沙拉披萨(7英寸(手拍))+小可乐,,,,非会员,24,,,1份餐具,,65.00,21.30,35.10,0.00,0,0,2.13,0.00,6.60,【活动支出】单品特价:30.10元+【活动支出】饿了么红包:5.00元+【活动支出】替用户承担配送费:5.0元,-,-,-,2.00,温州区域,温州直营,,,否,-,平台配送
圣比萨（虹桥店）,SBM00015,温州,"8041766088145180983	",饿了么,平台外卖,已完成,2025-10-20 18:07:23,2025-10-20 18:07:23,2025-10-20 18:07:23,饿了么支付-在线支付,,即时单,2025-10-20 18:07:23,10.17,手动出餐,1,否,"金牌芝士披萨7英寸（38.00*1）,餐盒（2.00*1）",金牌芝士披萨【7英寸(手拍)】,,,,非会员,1,,,1份餐具,,38.00,13.02,23.20,0.00,0,0,1.43,0.00,3.50,【活动支出】单品特价:17.20元+【活动支出】 商家自营销加码:1.00元+【活动支出】饿了么红包:5.00元,-,-,-,2.00,温州区域,温州加盟,,,否,-,平台配送
圣比萨（虹桥店）,SBM00015,温州,"8050000254422748590	",饿了么,平台外卖,已完成,2025-10-20 19:28:08,2025-10-20 19:28:08,2025-10-20 19:28:08,饿了么支付-在线支付,,即时单,2025-10-20 19:28:08,10.88,手动出餐,1,否,"碳烤鸡肉培根披萨7英寸（45.00*1）,餐盒（2.00*1）",碳烤鸡肉培根披萨【7英寸(手拍)】,,,,非会员,2,,,依据餐量提供餐具,,45.00,16.47,26.00,0.00,0,0,1.58,0.00,3.50,【活动支出】单品特价:19.00元+【活动支出】饿了么红包:7.00元,-,-,-,2.00,温州区域,温州加盟,,,否,-,平台配送
圣比萨（虹桥店）,SBM00015,温州,"8022020254377720281	",饿了么,平台外卖,已完成,2025-10-20 21:32:41,2025-10-20 21:32:41,2025-10-20 21:32:41,饿了么支付-在线支付,,即时单,2025-10-20 21:32:41,9.32,手动出餐,1,否,"超值7英寸披萨一人食套餐[缤纷水果7寸+上校鸡块一份+柠檬茶]（59.00*1）,餐盒（2.00*1）",缤纷水果披萨【7英寸(手拍)】+上校鸡块+柠檬茶,,,,非会员,3,,,依据餐量提供餐具,,59.00,23.84,30.20,0.00,0,0,2.31,0.00,5.60,【活动支出】单品特价:23.20元+【活动支出】饿了么红包:7.00元,-,-,-,2.00,温州区域,温州加盟,,,否,-,平台配送
圣比萨（上塘店）,SBM00032,温州,"8030616087880798714	",饿了么,平台外卖,已完成,2025-10-19 23:35:27,2025-10-19 23:35:27,2025-10-19 23:35:27,饿了么支付-在线支付,,预约单,2025-10-20 19:45:00,1205.57,手动出餐,1,否,"【2个】7英寸披萨（49.80*1）,经典薯条（9.00*1）,餐盒（3.00*1）",奥尔良鸡肉披萨-7英寸+鲜虾菠萝披萨(7英寸(手拍))+经典薯条,,,,非会员,1,,,2份餐具,,58.80,34.30,14.00,0.00,0,0,4.65,0.00,4.40,【活动支出】店铺满减:1.00元+【活动支出】精准营销:1.00元+【活动支出】饿了么红包:12.00元+【活动支出】替用户承担配送费:4.4元,-,-,-,3.00,温州区域,温州加盟,,,否,-,平台配送
圣比萨（上塘店）,SBM00032,温州,"8040856087964836293	",饿了么,平台外卖,已完成,2025-10-20 10:55:37,2025-10-20 10:55:37,2025-10-20 10:55:38,饿了么支付-在线支付,,即时单,2025-10-20 10:55:37,6.62,手动出餐,1,否,番茄牛肉意面-单点（22.59*1）,番茄牛肉意面,,,,非会员,2,,,依据餐量提供餐具,,22.59,12.59,0.00,0.00,0,0,0.00,0.00,,【活动支出】拼团反圈活动:0.00元,-,-,-,0.00,温州区域,温州加盟,,,否,-,平台配送
圣比萨（上塘店）,SBM00032,温州,"8009320254170620289	",饿了么,平台外卖,已完成,2025-10-20 11:11:17,2025-10-20 11:11:17,2025-10-20 11:11:17,饿了么支付-在线支付,,即时单,2025-10-20 11:11:17,13.75,手动出餐,1,否,7寸日系照烧鸡披萨-单点（22.00*1）,日系照烧鸡披萨【7英寸(手拍)】,,,,非会员,3,,,依据餐量提供餐具,,22.00,12.00,0.00,0.00,0,0,0.00,0.00,,【活动支出】拼团反圈活动:0.00元,-,-,-,0.00,温州区域,温州加盟,,,否,-,平台配送
圣比萨（上塘店）,SBM00032,温州,"8064916088001748478	",饿了么,平台外卖,已完成,2025-10-20 12:16:03,2025-10-20 12:16:03,2025-10-20 12:16:03,饿了么支付-在线支付,,即时单,2025-10-20 12:16:03,5.65,手动出餐,1,否,"黑椒牛肉意面微辣（25.00*1）,餐盒（2.00*1）",黑椒牛肉意面,,,,非会员,4,,,对骑手：放门口，不要打电话，不要按门铃 / 无需餐具,,25.00,13.31,6.00,0.00,0,0,1.84,0.00,3.90,【活动支出】饿了么红包:6.00元+【活动支出】替用户承担配送费:3.9元,-,-,-,2.00,温州区域,温州加盟,,,否,-,平台配送
圣比萨（上塘店）,SBM00032,温州,"8003746088067443182	",饿了么,平台外卖,已完成,2025-10-20 12:35:44,2025-10-20 12:35:44,2025-10-20 12:35:45,饿了么支付-在线支付,,即时单,2025-10-20 12:35:44,15.50,手动出餐,1,否,"超值一人餐（35.80*1）,餐盒（2.00*1）",经典薯条+奥尔良鸡肉披萨-7英寸+港式奶茶,,,,非会员,5,,,依据餐量提供餐具,,35.80,22.67,5.00,0.00,0,0,3.08,0.00,3.90,【活动支出】饿了么红包:5.00元+【活动支出】替用户承担配送费:3.9元,-,-,-,2.00,温州区域,温州加盟,,,否,-,平台配送
圣比萨（上塘店）,SBM00032,温州,"8097796088098866434	",饿了么,平台外卖,已完成,2025-10-20 16:56:11,2025-10-20 16:56:11,2025-10-20 16:56:11,饿了么支付-在线支付,,即时单,2025-10-20 16:56:11,11.45,手动出餐,1,否,"【5件套】披萨随心配（40.80*1）,餐盒（1.00*1）",西域肉酱披萨(7英寸(手拍))+芒果汁+盐酥鸡粒(小份）+金丝鸡排+上校鸡块2个,,,,非会员,6,,,1份餐具,,40.80,22.67,9.00,0.00,0,0,3.08,0.00,3.90,【活动支出】 商家自营销加码:0.00元+【活动支出】精准营销:1.00元+【活动支出】饿了么红包:8.00元+【活动支出】替用户承担配送费:3.9元,-,-,-,1.00,温州区域,温州加盟,,,否,-,平台配送
圣比萨（上塘店）,SBM00032,温州,"8026986088149816824	",饿了么,平台外卖,已完成,2025-10-20 17:36:27,2025-10-20 17:36:27,2025-10-20 17:36:27,饿了么支付-在线支付,,即时单,2025-10-20 17:36:27,8.63,手动出餐,1,否,"番茄牛肉汁意面（23.80*1）,餐盒（2.00*1）",番茄牛肉意面,,,,非会员,7,,,不要敲门， 不要打电话，放在柜门上 / 依据餐量提供餐具,,23.80,12.24,6.00,0.00,0,0,1.71,0.00,3.90,【活动支出】 商家自营销加码:1.00元+【活动支出】CPS商户叠加券:0.00元+【活动支出】饿了么红包:5.00元+【活动支出】替用户承担配送费:3.9元,-,-,-,2.00,温州区域,温州加盟,,,否,-,平台配送
圣比萨（上塘店）,SBM00032,温州,"8020926088273051953	",饿了么,平台外卖,已完成,2025-10-20 20:53:57,2025-10-20 20:53:57,2025-10-20 20:53:57,饿了么支付-在线支付,,即时单,2025-10-20 20:53:57,23.75,手动出餐,1,否,"卷边披萨-12英寸[芝心卷边+金沙咸蛋黄鸡肉披萨][{""name"":""规格"",""value"":""12英寸""}]（83.00*1）,盐酥鸡粒(小份）（7.00*1）,蛋挞1个【原味】（3.00*2）,餐盒（4.80*1）",蛋挞1个,,,,非会员,8,,,依据餐量提供餐具,,96.00,61.69,17.70,0.00,0,0,8.36,0.00,4.40,【活动支出】店铺满减:2.00元+【活动支出】单品特价:0.50元+【活动支出】单品特价:2.20元+【活动支出】精准营销:1.00元+【活动支出】饿了么红包:12.00元+【活动支出】替用户承担配送费:4.4元,-,-,-,4.80,温州区域,温州加盟,,,否,-,平台配送
圣比萨（上塘店）,SBM00032,温州,"8092270254386600317	",饿了么,平台外卖,已完成,2025-10-20 21:59:38,2025-10-20 21:59:38,2025-10-20 21:59:39,饿了么支付-在线支付,,即时单,2025-10-20 21:59:38,10.98,手动出餐,1,否,"【5件套】披萨随心配（39.70*1）,餐盒（1.00*1）",奥尔良鸡肉披萨-7英寸+港式奶茶+盐酥鸡粒(小份）+上校鸡块2个+香芋地瓜丸3个,,,,非会员,9,,,1份餐具,,39.70,20.29,9.00,0.00,0,0,2.96,0.00,7.00,【活动支出】饿了么红包:9.00元+【活动支出】替用户承担配送费:5.0元,-,-,-,1.00,温州区域,温州加盟,,,否,-,平台配送
圣比萨（上塘店）,SBM00032,温州,"8046806088293453083	",饿了么,平台外卖,已完成,2025-10-20 22:04:02,2025-10-20 22:04:02,2025-10-20 22:04:02,饿了么支付-在线支付,,即时单,2025-10-20 22:04:02,9.07,手动出餐,1,否,"奥尔良鸡肉披萨-7英寸[{""name"":""规格"",""value"":""7英寸""}]（29.80*1）,餐盒（2.00*1）",新奥尔良烤鸡肉披萨【7英寸(手拍)】,,,,非会员,10,,,依据餐量提供餐具,,29.80,16.51,6.00,0.00,0,0,2.34,0.00,6.00,【活动支出】超级会员专享红包:5.00元+【活动支出】 商家自营销加码:1.00元+【活动支出】替用户承担配送费:5.0元,-,-,-,2.00,温州区域,温州加盟,,,否,-,平台配送
圣比萨（永中店）,SBS00013,温州,"8013470254123316687	",饿了么,平台外卖,已完成,2025-10-20 09:30:59,2025-10-20 09:30:59,2025-10-20 09:30:59,饿了么支付-在线支付,,预约单,2025-10-20 10:40:00,24.13,自动出餐,1,否,"奶酪芝士卷边（7英寸）（4.90*1）,榴莲王披萨-7英寸（经典手拍)[{""name"":""规格"",""value"":""7英寸（经典手拍)""}]（52.00*1）,餐盒（1.00*1）",奶酪芝士卷边7+榴莲王披萨,,,,非会员,1,,,依据餐量提供餐具,,56.90,19.83,27.50,0.00,0,0,2.02,0.00,4.50,【活动支出】店铺满减:1.00元+【活动支出】首次光顾立减:2.00元+【活动支出】单品特价:17.50元+【活动支出】饿了么红包:7.00元+【活动支出】替用户承担配送费:4.5元,-,-,-,1.00,温州区域,温州加盟,,,否,-,平台配送
圣比萨（永中店）,SBS00013,温州,"8061360254026216766	",饿了么,平台外卖,已完成,2025-10-20 09:47:03,2025-10-20 09:47:03,2025-10-20 09:47:04,饿了么支付-在线支付,,预约单,2025-10-20 10:40:00,8.08,自动出餐,1,否,"7英寸奥尔良烤鸡肉披萨[7英奥尔良烤鸡肉披萨]（58.00*1）,餐盒（2.00*1）",新奥尔良烤鸡肉披萨【7英寸(手拍)】,,,,非会员,2,,,依据餐量提供餐具,,58.00,8.82,41.50,0.00,0,0,1.43,0.00,6.20,【活动支出】单品特价:34.50元+【活动支出】 商家自营销加码:2.00元+【活动支出】饿了么红包:5.00元+【活动支出】替用户承担配送费:5.0元,-,-,-,2.00,温州区域,温州加盟,,,否,-,平台配送
圣比萨（永中店）,SBS00013,温州,"8017480254063662431	",饿了么,平台外卖,已完成,2025-10-20 10:46:19,2025-10-20 10:46:19,2025-10-20 10:46:20,饿了么支付-在线支付,,即时单,2025-10-20 10:46:19,9.50,手动出餐,1,否,"牛魔王薄脆披萨-单层[{""name"":""规格"",""value"":""单层""}]（90.00*1）,餐盒（2.00*1）",牛魔王薄脆披萨,,,,非会员,3,,,依据餐量提供餐具,,90.00,21.69,57.10,0.00,0,0,2.36,0.00,7.40,【活动支出】店铺满减:1.00元+【活动支出】单品特价:48.10元+【活动支出】 商家自营销加码:0.00元+【活动支出】饿了么红包:8.00元+【活动支出】替用户承担配送费:5.0元,-,-,-,2.00,温州区域,温州加盟,,,否,-,平台配送
圣比萨（永中店）,SBS00013,温州,"8056926087955690804	",饿了么,平台外卖,已完成,2025-10-20 10:47:59,2025-10-20 10:47:59,2025-10-20 10:47:59,饿了么支付-在线支付,,即时单,2025-10-20 10:47:59,10.20,自动出餐,1,否,"圣比招牌披萨-12英寸(经典手拍)[{""name"":""规格"",""value"":""12英寸(经典手拍)""}]（109.00*1）,餐盒（2.00*1）",大圣招牌大满贯披萨,,,,非会员,4,,,放门口就行了，谢谢 / 依据餐量提供餐具,,109.00,38.82,59.10,0.00,0,0,3.63,0.00,3.50,【活动支出】店铺满减:2.00元+【活动支出】单品特价:45.10元+【活动支出】饿了么红包:12.00元+【活动支出】替用户承担配送费:3.5元,-,-,-,2.00,温州区域,温州加盟,,,否,-,平台配送
圣比萨（永中店）,SBS00013,温州,"8099260254093350275	",饿了么,平台外卖,已完成,2025-10-20 11:10:56,2025-10-20 11:10:56,2025-10-20 11:10:56,饿了么支付-在线支付,,预约单,2025-10-20 19:30:00,130.08,手动出餐,1,否,"新奥尔良烤鸡肉披萨-7寸(手拍)[{""name"":""规格"",""value"":""7寸(手拍)""}]（45.00*1）,餐盒（1.00*1）",新奥尔良烤鸡肉披萨,,,,非会员,5,,,依据餐量提供餐具,,45.00,8.62,30.10,0.00,0,0,1.43,0.00,3.50,【活动支出】首次光顾立减:2.00元+【活动支出】单品特价:21.10元+【活动支出】 商家自营销加码:2.00元+【活动支出】饿了么红包:5.00元+【活动支出】替用户承担配送费:3.5元,-,-,-,1.00,温州区域,温州加盟,,,否,-,平台配送
圣比萨（永中店）,SBS00013,温州,"8045576088001145217	",饿了么,平台外卖,已完成,2025-10-20 11:18:52,2025-10-20 11:18:52,2025-10-20 11:18:52,饿了么支付-在线支付,,即时单,2025-10-20 11:18:52,9.83,手动出餐,1,否,"深海墨鱼丸-3个[{""name"":""规格"",""value"":""3个""}]（10.60*1）,鲜虾菠萝披萨-7英寸(经典手拍)[{""name"":""规格"",""value"":""7英寸(经典手拍)""}]（45.00*1）,餐盒（3.00*1）",深海墨鱼丸+鲜虾菠萝披萨,,,,非会员,6,,,放塑料塑料鞋柜上 不用打电话 / 1份餐具,,55.60,20.80,27.80,0.00,0,0,2.05,0.00,4.50,【活动支出】店铺满减:1.00元+【活动支出】首次光顾立减:2.00元+【活动支出】单品特价:4.70元+【活动支出】单品特价:13.10元+【活动支出】饿了么红包:7.00元+【活动支出】替用户承担配送费:4.5元,-,-,-,3.00,温州区域,温州加盟,,,否,-,平台配送
圣比萨（永中店）,SBS00013,温州,"8048796088090273068	",饿了么,平台外卖,已完成,2025-10-20 14:09:04,2025-10-20 14:09:04,2025-10-20 14:09:04,饿了么支付-在线支付,,预约单,2025-10-20 15:05:00,11.02,自动出餐,1,否,"招牌肉酱意面（52.00*1）,缤纷水果披萨-7英寸(手拍)[{""name"":""规格"",""value"":""7英寸(手拍)""}]（42.00*1）,餐盒（2.00*1）",招牌肉酱意面+缤纷水果披萨,,,,非会员,7,,,依据餐量提供餐具,,94.00,31.93,52.20,0.00,0,0,3.02,0.00,3.50,【活动支出】店铺满减:1.00元+【活动支出】首次光顾立减:2.00元+【活动支出】单品特价:24.10元+【活动支出】单品特价:16.10元+【活动支出】粉丝群:2.00元+【活动支出】饿了么红包:7.00元+【活动支出】替用户承担配送费:3.5元,-,-,-,2.00,温州区域,温州加盟,,,否,-,平台配送
圣比萨（永中店）,SBS00013,温州,"8028070254279017743	",饿了么,平台外卖,已完成,2025-10-20 18:11:08,2025-10-20 18:11:08,2025-10-20 18:11:08,饿了么支付-在线支付,,即时单,2025-10-20 18:11:08,11.30,手动出餐,1,否,"个人意面|焗饭经典套餐[招牌肉酱芝士焗饭+上校鸡块4个+冰红茶+冷]（42.00*1）,餐盒（2.00*1）",招牌肉酱芝士焗饭+上校鸡块,,,,非会员,8,,,依据餐量提供餐具,,42.00,15.59,21.10,0.00,0,0,1.46,0.00,3.50,【活动支出】单品特价:12.10元+【活动支出】 商家自营销加码:2.00元+【活动支出】粉丝群:2.00元+【活动支出】饿了么红包:5.00元+【活动支出】替用户承担配送费:3.5元,-,-,-,2.00,温州区域,温州加盟,,,否,-,平台配送
圣比萨（永中店）,SBS00013,温州,"8070120254282285328	",饿了么,平台外卖,已完成,2025-10-20 18:22:12,2025-10-20 18:22:12,2025-10-20 18:22:13,饿了么支付-在线支付,,即时单,2025-10-20 18:22:12,12.22,自动出餐,1,否,"意面随心配（58.80*1）,餐盒（2.00*1）",蛋挞1个+深海墨鱼丸2个+上校鸡块2个+招牌肉酱意面,,,,非会员,9,,,依据餐量提供餐具,,58.80,10.42,39.90,0.00,0,0,1.43,0.00,6.80,【活动支出】首次光顾立减:2.00元+【活动支出】单品特价:31.90元+【活动支出】饿了么红包:6.00元+【活动支出】替用户承担配送费:5.0元,-,-,-,2.00,温州区域,温州加盟,,,否,-,平台配送
圣比萨（永中店）,SBS00013,温州,"8073506088184276250	",饿了么,平台外卖,已完成,2025-10-20 19:20:10,2025-10-20 19:20:10,2025-10-20 19:20:11,饿了么支付-在线支付,,即时单,2025-10-20 19:20:10,9.73,手动出餐,1,否,"榴莲王披萨-7英寸（经典手拍)[{""name"":""规格"",""value"":""7英寸（经典手拍)""}]（52.00*1）,餐盒（1.00*1）",榴莲王披萨,,,,非会员,10,,,依据餐量提供餐具,,52.00,17.77,24.50,0.00,0,0,1.88,0.00,5.60,【活动支出】单品特价:17.50元+【活动支出】饿了么红包:7.00元+【活动支出】替用户承担配送费:5.0元,-,-,-,1.00,温州区域,温州加盟,,,否,-,平台配送
圣比萨（永中店）,SBS00013,温州,"8077240254419858829	",饿了么,平台外卖,已完成,2025-10-20 19:24:25,2025-10-20 19:24:25,2025-10-20 19:24:25,饿了么支付-在线支付,,即时单,2025-10-20 19:24:25,7.65,手动出餐,1,否,"奥尔良烤鸡肉披萨+小吃+饮品组合[奥尔良鸡肉披萨7英寸+甜烤玉米+可乐+冰]（58.00*1）,餐盒（2.00*1）",新奥尔良烤鸡肉披萨【7英寸(手拍)】+烤甜玉米+小可乐,,,,非会员,11,,,依据餐量提供餐具,,58.00,18.65,32.50,0.00,0,0,1.80,0.00,3.50,【活动支出】单品特价:26.50元+【活动支出】 商家自营销加码:2.00元+【活动支出】饿了么红包:4.00元+【活动支出】替用户承担配送费:3.5元,-,-,-,2.00,温州区域,温州加盟,,,否,-,平台配送
圣比萨（永中店）,SBS00013,温州,"8093180254433014103	",饿了么,平台外卖,已完成,2025-10-20 19:57:31,2025-10-20 19:57:31,2025-10-20 19:57:31,饿了么支付-在线支付,,即时单,2025-10-20 19:57:31,10.20,自动出餐,1,否,"披萨随心配（60.40*1）,餐盒（2.00*1）",地道肠1根+深海墨鱼丸2个+上校鸡块2个+缤纷水果披萨(7英寸(手拍)),,,,非会员,12,,,依据餐量提供餐具,,60.40,16.84,37.50,0.00,0,0,1.61,0.00,3.50,【活动支出】单品特价:30.50元+【活动支出】饿了么红包:7.00元+【活动支出】替用户承担配送费:3.5元,-,-,-,2.00,温州区域,温州加盟,,,否,-,平台配送
圣比萨（永中店）,SBS00013,温州,"8095996088243050961	",饿了么,平台外卖,已完成,2025-10-20 22:53:05,2025-10-20 22:53:05,2025-10-20 22:53:05,饿了么支付-在线支付,,即时单,2025-10-20 22:53:05,10.03,自动出餐,1,否,"奶酪芝士卷边（7英寸）（4.90*1）,榴莲王披萨-7英寸（经典手拍)[{""name"":""规格"",""value"":""7英寸（经典手拍)""}]（52.00*1）,餐盒（1.00*1）",奶酪芝士卷边7+榴莲王披萨,,,,非会员,13,,,依据餐量提供餐具,,56.90,19.31,28.50,0.00,0,0,1.94,0.00,5.60,【活动支出】店铺满减:1.00元+【活动支出】首次光顾立减:2.00元+【活动支出】单品特价:17.50元+【活动支出】饿了么红包:8.00元+【活动支出】替用户承担配送费:5.0元,-,-,-,1.00,温州区域,温州加盟,,,否,-,平台配送
圣比萨（白象店）,SBM00022,温州,"8043110254104172927	",饿了么,平台外卖,已完成,2025-10-20 11:23:35,2025-10-20 11:23:35,2025-10-20 11:23:36,饿了么支付-在线支付,,即时单,2025-10-20 11:23:35,9.05,手动出餐,1,否,"黑椒牛肉芝士焗饭（微辣）（29.00*1）,台式香烤地道肠（7.50*1）,餐盒（2.00*1）",地道肠1根,,,,非会员,1,,,依据餐量提供餐具,,36.50,27.32,0,0.00,0,0,2.63,0.00,4.50,-,-,-,-,2.00,温州区域,温州加盟,,,否,-,平台配送
圣比萨（白象店）,SBM00022,温州,"8012546088125841726	",饿了么,平台外卖,已完成,2025-10-20 15:42:11,2025-10-20 15:42:11,2025-10-20 15:42:11,饿了么支付-在线支付,,即时单,2025-10-20 15:42:11,11.18,手动出餐,1,否,"浪漫威尼斯披萨-7英寸(经典手拍)[{""name"":""规格"",""value"":""7英寸(经典手拍)""}]（38.00*1）,奥尔良烤翅（14.00*1）,餐盒（4.00*1）",浪漫威尼斯披萨+奥尔良烤翅,,,,非会员,2,,,依据餐量提供餐具,,52.00,28.91,16.11,0.00,0,0,2.73,0.00,4.00,【活动支出】单品特价:6.01元+【活动支出】单品特价:1.10元+【活动支出】 商家自营销加码:0.00元+【活动支出】粉丝群:1.00元+【活动支出】饿了么红包:8.00元+【活动支出】替用户承担配送费:4.0元,-,-,-,4.00,温州区域,温州加盟,,,否,-,平台配送
圣比萨（白象店）,SBM00022,温州,"8006040254319226242	",饿了么,平台外卖,已完成,2025-10-20 16:35:40,2025-10-20 16:35:40,2025-10-20 16:35:41,饿了么支付-在线支付,,即时单,2025-10-20 16:35:40,11.17,手动出餐,1,否,"甜蜜时光薄脆披萨-单层[{""name"":""规格"",""value"":""单层""}]（88.00*1）,餐盒（1.00*1）",甜蜜时光薄脆披萨,,,,非会员,3,,,依据餐量提供餐具,,88.00,28.08,50.01,0.00,0,0,2.66,0.00,3.50,【活动支出】单品特价:41.01元+【活动支出】饿了么红包:9.00元+【活动支出】替用户承担配送费:3.5元,-,-,-,1.00,温州区域,温州加盟,,,否,-,平台配送
圣比萨（白象店）,SBM00022,温州,"8023220254332013845	",饿了么,平台外卖,已完成,2025-10-20 16:51:18,2025-10-20 16:51:18,2025-10-20 16:51:19,饿了么支付-在线支付,,即时单,2025-10-20 16:51:18,10.22,手动出餐,1,否,"个人独享DIY套餐（折扣价）[7英寸新奥尔良+上校鸡块4个+经典奶茶热]（69.00*1）,餐盒（2.00*1）",新奥尔良烤鸡肉披萨【7英寸(手拍)】+上校鸡块+港式奶茶,,,,非会员,4,,,依据餐量提供餐具,,69.00,23.95,37.12,0.00,0,0,2.28,0.00,3.50,【活动支出】单品特价:29.12元+【活动支出】饿了么红包:8.00元+【活动支出】替用户承担配送费:3.5元,-,-,-,2.00,温州区域,温州加盟,,,否,-,平台配送
圣比萨（白象店）,SBM00022,温州,"8018120254245611804	",饿了么,平台外卖,已完成,2025-10-20 16:51:46,2025-10-20 16:51:46,2025-10-20 16:51:46,饿了么支付-在线支付,,即时单,2025-10-20 16:51:46,9.80,手动出餐,1,否,"任选【意面】或【焗饭】8选1+小吃6选1+饮料[招牌肉酱意面+蛋挞2个+可乐罐装]（57.00*1）,餐盒（2.00*1）",任选【意面】或【焗饭】8选1+小吃6选1+饮料[招牌肉酱意面+蛋挞2个+可乐罐装]+餐盒,,,,非会员,5,,,冰可乐 / 1份餐具,,57.00,20.02,30.02,0.00,0,0,1.91,0.00,3.50,【活动支出】单品特价:23.02元+【活动支出】饿了么红包:7.00元+【活动支出】替用户承担配送费:3.5元,-,-,-,2.00,温州区域,温州加盟,,,否,-,平台配送
圣比萨（白象店）,SBM00022,温州,"8071360254348895695	",饿了么,平台外卖,已完成,2025-10-20 17:16:27,2025-10-20 17:16:27,2025-10-20 17:16:27,饿了么支付-在线支付,,即时单,2025-10-20 17:16:27,12.25,手动出餐,1,否,"香蕉水果披萨-7英寸（经典手拍）[{""name"":""规格"",""value"":""7英寸（经典手拍）""}]（38.00*1）,餐盒（1.00*1）","香蕉水果披萨-7英寸（经典手拍）[{""name"":""规格"",""value"":""7英寸（经典手拍）""}]+餐盒",,,,非会员,6,,,依据餐量提供餐具,,38.00,16.93,14.01,0.00,0,0,1.61,0.00,3.50,【活动支出】单品特价:8.01元+【活动支出】饿了么红包:6.00元+【活动支出】替用户承担配送费:3.5元,-,-,-,1.00,温州区域,温州加盟,,,否,-,平台配送
圣比萨（白象店）,SBM00022,温州,"8076666088167632170	",饿了么,平台外卖,已完成,2025-10-20 17:39:42,2025-10-20 17:39:42,2025-10-20 17:39:42,饿了么支付-在线支付,,即时单,2025-10-20 17:39:42,10.87,手动出餐,1,否,"圣比至尊披萨-7英寸(经典手拍)[{""name"":""规格"",""value"":""7英寸(经典手拍)""}]（42.00*1）,餐盒（2.00*1）",大圣招牌大满贯披萨,,,,非会员,7,,,依据餐量提供餐具,,42.00,20.87,14.10,0.00,0,0,1.98,0.00,3.50,【活动支出】单品特价:7.10元+【活动支出】饿了么红包:7.00元+【活动支出】替用户承担配送费:3.5元,-,-,-,2.00,温州区域,温州加盟,,,否,-,平台配送
圣比萨（白象店）,SBM00022,温州,"8055826088169817597	",饿了么,平台外卖,已退款,2025-10-20 17:39:51,2025-10-20 17:39:51,2025-10-20 17:39:51,饿了么支付-在线支付,,即时单,2025-10-20 17:39:51,,未出餐,1,否,"香蕉水果披萨-7英寸（经典手拍）[{""name"":""规格"",""value"":""7英寸（经典手拍）""}]（38.00*1）,餐盒（1.00*1）","香蕉水果披萨-7英寸（经典手拍）[{""name"":""规格"",""value"":""7英寸（经典手拍）""}]+餐盒",,,,非会员,8,,,不要香菜 / 依据餐量提供餐具,订单强制无效（商家主动取消已接订单、用户1分钟内取消),38.00,-4.06,14.01,20.99,0,0,1.61,0.00,3.50,【活动支出】单品特价:8.01元+【活动支出】 商家自营销加码:1.00元+【活动支出】饿了么红包:5.00元+【活动支出】替用户承担配送费:3.5元,-,-,-,1.00,温州区域,温州加盟,,,否,-,平台配送
圣比萨（白象店）,SBM00022,温州,"8046916088210722261	",饿了么,平台外卖,已完成,2025-10-20 18:22:13,2025-10-20 18:22:13,2025-10-20 18:22:14,饿了么支付-在线支付,,即时单,2025-10-20 18:22:13,11.57,手动出餐,1,否,"上校鸡块（12.00*1）,浪漫威尼斯披萨-9英寸(经典手拍)[{""name"":""规格"",""value"":""9英寸(经典手拍)""}]（65.00*1）,盐酥鸡粒（21.00*1）,深海墨鱼丸-6个[{""name"":""规格"",""value"":""6个""}]（18.20*1）,台式香烤地道肠（7.50*1）,餐盒（8.00*1）",上校鸡块+浪漫威尼斯披萨+盐酥鸡粒+深海墨鱼丸+地道肠1根,,,,非会员,9,,,依据餐量提供餐具,,123.70,64.31,47.70,0.00,0,0,6.04,0.00,3.50,【活动支出】店铺满减:1.00元+【活动支出】单品特价:3.20元+【活动支出】单品特价:16.10元+【活动支出】单品特价:11.10元+【活动支出】单品特价:8.30元+【活动支出】超级会员专享红包:8.00元+【活动支出】 商家自营销加码:0.00元+【活动支出】替用户承担配送费:3.5元,-,-,-,8.00,温州区域,温州加盟,,,否,-,平台配送
圣比萨（白象店）,SBM00022,温州,"8092230254206972227	",饿了么,平台外卖,已完成,2025-10-20 18:32:46,2025-10-20 18:32:46,2025-10-20 18:32:46,饿了么支付-在线支付,,即时单,2025-10-20 18:32:46,6.55,手动出餐,1,否,"任选【意面】或【焗饭】8选1+小吃6选1+饮料[招牌肉酱意面+墨鱼丸3个+金桔柠檬]（57.00*1）,餐盒（2.00*1）",任选【意面】或【焗饭】8选1+小吃6选1+饮料[招牌肉酱意面+墨鱼丸3个+金桔柠檬]+餐盒,,,,非会员,10,,,依据餐量提供餐具,,57.00,18.79,31.02,0.00,0,0,1.84,0.00,5.00,【活动支出】单品特价:23.02元+【活动支出】饿了么红包:8.00元+【活动支出】替用户承担配送费:5.0元,-,-,-,2.00,温州区域,温州加盟,,,否,-,平台配送
圣比萨（白象店）,SBM00022,温州,"8061210254222800369	",饿了么,平台外卖,已完成,2025-10-20 19:14:20,2025-10-20 19:14:20,2025-10-20 19:14:20,饿了么支付-在线支付,,即时单,2025-10-20 19:14:20,10.18,手动出餐,1,否,"超值一人套餐[缤纷水果7英寸+墨鱼丸3个+可乐罐装+冷]（65.00*1）,餐盒（2.00*1）",超值一人套餐[缤纷水果7英寸+墨鱼丸3个+可乐罐装+冷]+餐盒,,,,非会员,11,,,依据餐量提供餐具,,65.00,23.63,34.12,0.00,0,0,2.20,0.00,3.50,【活动支出】单品特价:25.12元+【活动支出】粉丝群:1.00元+【活动支出】饿了么红包:8.00元+【活动支出】替用户承担配送费:3.5元,-,-,-,2.00,温州区域,温州加盟,,,否,-,平台配送
圣比萨（白象店）,SBM00022,温州,"8000140254347308356	",饿了么,平台外卖,已完成,2025-10-20 19:50:22,2025-10-20 19:50:22,2025-10-20 19:50:23,饿了么支付-在线支付,,即时单,2025-10-20 19:50:22,16.15,手动出餐,1,否,"个人独享DIY套餐（折扣价）[7英寸水果披萨+墨鱼丸3个+可乐罐装]（59.00*1）,深海墨鱼丸-6个[{""name"":""规格"",""value"":""6个""}]（18.20*1）,餐盒（3.00*1）",缤纷水果披萨【7英寸(手拍)】+深海墨鱼丸,,,,非会员,12,,,依据餐量提供餐具,,77.20,32.83,35.42,0.00,0,0,3.10,0.00,3.50,【活动支出】单品特价:19.12元+【活动支出】单品特价:8.30元+【活动支出】CPS商户叠加券:0.00元+【活动支出】饿了么红包:8.00元+【活动支出】替用户承担配送费:3.5元,-,-,-,3.00,温州区域,温州加盟,,,否,-,平台配送
圣比萨（白象店）,SBM00022,温州,"8022666088257694065	",饿了么,平台外卖,已完成,2025-10-20 22:04:22,2025-10-20 22:04:22,2025-10-20 22:04:23,饿了么支付-在线支付,,即时单,2025-10-20 22:04:22,10.58,手动出餐,1,否,"圣比至尊披萨-7英寸(经典手拍)[{""name"":""规格"",""value"":""7英寸(经典手拍)""}]（42.00*1）,餐盒（2.00*1）",大圣招牌大满贯披萨,,,,非会员,13,,,2份餐具,,42.00,19.44,15.10,0.00,0,0,1.91,0.00,5.60,【活动支出】单品特价:7.10元+【活动支出】超级会员专享红包:8.00元+【活动支出】 商家自营销加码:0.00元+【活动支出】替用户承担配送费:5.6元,-,-,-,2.00,温州区域,温州加盟,,,否,-,平台配送
圣比萨（白象店）,SBM00022,温州,"8090010254364741040	",饿了么,平台外卖,已完成,2025-10-20 22:14:18,2025-10-20 22:14:18,2025-10-20 22:14:18,饿了么支付-在线支付,,即时单,2025-10-20 22:14:18,12.48,手动出餐,1,否,"两个7英寸披萨[水果披萨+培根鸡肉披萨]（86.80*1）,餐盒（1.00*1）",两个7英寸披萨[水果披萨+培根鸡肉披萨]+餐盒,,,,非会员,14,,,依据餐量提供餐具,,86.80,31.60,43.81,0.00,0,0,3.04,0.00,5.60,【活动支出】单品特价:33.81元+【活动支出】粉丝群:1.00元+【活动支出】饿了么红包:9.00元+【活动支出】替用户承担配送费:5.6元,-,-,-,1.00,温州区域,温州加盟,,,否,-,平台配送
圣比萨（白象店）,SBM00022,温州,"8076180254477793582	",饿了么,平台外卖,已完成,2025-10-20 23:08:21,2025-10-20 23:08:21,2025-10-20 23:08:21,饿了么支付-在线支付,,即时单,2025-10-20 23:08:21,12.60,手动出餐,1,否,"任选【意面】或【焗饭】8选1+小吃6选1+饮料[招牌肉酱芝士焗饭不辣+经典薯条+港式奶茶]（57.00*1）,餐盒（2.00*1）",任选【意面】或【焗饭】8选1+小吃6选1+饮料[招牌肉酱芝士焗饭不辣+经典薯条+港式奶茶]+餐盒,,,,非会员,15,,,依据餐量提供餐具,,57.00,16.32,30.02,0.00,0,0,1.91,0.00,10.40,【活动支出】单品特价:23.02元+【活动支出】超级会员专享红包:5.00元+【活动支出】 商家自营销加码:1.00元+【活动支出】粉丝群:1.00元+【活动支出】替用户承担配送费:7.0元,-,-,-,2.00,温州区域,温州加盟,,,否,-,平台配送
圣比萨（柳市店）,SBM00021,温州,"8045390254287355171	",饿了么,平台外卖,已完成,2025-10-20 14:47:36,2025-10-20 14:47:36,2025-10-20 14:47:36,饿了么支付-在线支付,,预约单,2025-10-20 20:50:00,341.70,手动出餐,1,否,"榴莲披萨-7英寸（经典手拍）[{""name"":""规格"",""value"":""7英寸（经典手拍）""}]（52.00*1）,餐盒（1.00*1）",榴莲王披萨,,,,非会员,1,,,依据餐量提供餐具,,52.00,24.39,18.10,0.00,0,0,2.36,0.00,5.60,【活动支出】单品特价:9.10元+【活动支出】饿了么红包:9.00元+【活动支出】替用户承担配送费:5.0元,-,-,-,1.00,温州区域,温州加盟,,,否,-,平台配送
圣比萨（柳市店）,SBM00021,温州,"8087766088125660468	",饿了么,平台外卖,已完成,2025-10-20 16:51:49,2025-10-20 16:51:49,2025-10-20 16:51:49,饿了么支付-在线支付,,即时单,2025-10-20 16:51:49,5.42,手动出餐,1,否,"招牌肉酱意面（29.00*1）,餐盒（1.00*1）",招牌肉酱意面,,,,非会员,2,,,依据餐量提供餐具,,29.00,12.71,6.00,0.00,0,0,1.54,0.00,8.40,【活动支出】饿了么红包:6.00元+【活动支出】替用户承担配送费:5.0元,-,-,-,1.00,温州区域,温州加盟,,,否,-,平台配送
圣比萨（柳市店）,SBM00021,温州,"8047766088151203273	",饿了么,平台外卖,已完成,2025-10-20 17:04:02,2025-10-20 17:04:02,2025-10-20 17:04:02,饿了么支付-在线支付,,即时单,2025-10-20 17:04:02,7.38,手动出餐,1,否,"【买一送一】买披萨送意面[奥尔良鸡肉披萨7英寸+番茄牛肉意面]（75.00*1）,餐盒（2.00*1）",新奥尔良烤鸡肉披萨【7英寸(手拍)】+番茄牛肉意面,,,,非会员,3,,,2份餐具,,75.00,31.12,33.10,0.00,0,0,3.03,0.00,5.00,【活动支出】单品特价:25.10元+【活动支出】饿了么红包:8.00元+【活动支出】替用户承担配送费:5.0元,-,-,-,2.00,温州区域,温州加盟,,,否,-,平台配送
圣比萨（柳市店）,SBM00021,温州,"8074240254249161057	",饿了么,平台外卖,已完成,2025-10-20 17:31:49,2025-10-20 17:31:49,2025-10-20 17:31:49,饿了么支付-在线支付,,即时单,2025-10-20 17:31:49,4.82,手动出餐,1,否,"招牌肉酱意面（29.00*1）,餐盒（1.00*1）",招牌肉酱意面,,,,非会员,4,,,少放酸笋，多放木耳腐竹，腐竹单独放 / 1份餐具,,29.00,14.79,7.00,0.00,0,0,1.46,0.00,4.50,【活动支出】饿了么红包:7.00元+【活动支出】替用户承担配送费:4.5元,-,-,-,1.00,温州区域,温州加盟,,,否,-,平台配送
圣比萨（柳市店）,SBM00021,温州,"8067946088158450165	",饿了么,平台外卖,已完成,2025-10-20 17:47:00,2025-10-20 17:47:00,2025-10-20 17:47:00,饿了么支付-在线支付,,即时单,2025-10-20 17:47:00,7.55,手动出餐,1,否,"西域肉酱培根披萨-7英寸（经典手拍）[{""name"":""规格"",""value"":""7英寸（经典手拍）""}]（39.00*1）,餐盒（1.00*1）",西域肉酱披萨,,,,非会员,5,,,依据餐量提供餐具,,39.00,17.72,13.50,0.00,0,0,1.73,0.00,3.50,【活动支出】单品特价:6.50元+【活动支出】饿了么红包:7.00元+【活动支出】替用户承担配送费:3.5元,-,-,-,1.00,温州区域,温州加盟,,,否,-,平台配送
圣比萨（柳市店）,SBM00021,温州,"8093626088177848719	",饿了么,平台外卖,已完成,2025-10-20 17:48:06,2025-10-20 17:48:06,2025-10-20 17:48:06,饿了么支付-在线支付,,即时单,2025-10-20 17:48:06,8.40,手动出餐,1,否,"7英寸披萨【买一送一】[奥尔良鸡肉披萨7英寸+浪漫威尼斯披萨7英寸]（86.80*1）,餐盒（2.00*1）",新奥尔良烤鸡肉披萨【7英寸(手拍)】+浪漫威尼斯披萨【7英寸(手拍)】,,,,非会员,6,,,依据餐量提供餐具,,86.80,30.75,42.81,0.00,0,0,3.19,0.00,6.80,【活动支出】单品特价:33.81元+【活动支出】饿了么红包:9.00元+【活动支出】替用户承担配送费:5.0元,-,-,-,2.00,温州区域,温州加盟,,,否,-,平台配送
圣比萨（柳市店）,SBM00021,温州,"8063460254294148447	",饿了么,平台外卖,已完成,2025-10-20 18:08:40,2025-10-20 18:08:40,2025-10-20 18:08:40,饿了么支付-在线支付,,即时单,2025-10-20 18:08:40,9.97,手动出餐,1,否,"披萨意面双人套餐[奥尔良鸡肉披萨7英寸+碳烤鸡肉芝士焗饭微甜+明星小食桶B+可口可乐300ml+可口可乐300ml+饮品（常温和冰）请备注]（128.00*1）,餐盒（2.00*1）",新奥尔良烤鸡肉披萨【7英寸(手拍)】+明星小食桶B,,,,非会员,7,,,依据餐量提供餐具,,128.00,54.90,58.12,0.00,0,0,5.13,0.00,4.00,【活动支出】店铺满减:1.00元+【活动支出】单品特价:49.12元+【活动支出】饿了么红包:8.00元+【活动支出】替用户承担配送费:4.0元,-,-,-,2.00,温州区域,温州加盟,,,否,-,平台配送
圣比萨（柳市店）,SBM00021,温州,"8043110254322247020	",饿了么,平台外卖,已完成,2025-10-20 19:27:06,2025-10-20 19:27:06,2025-10-20 19:27:06,饿了么支付-在线支付,,即时单,2025-10-20 19:27:06,11.33,手动出餐,1,否,"水果披萨-12英寸（经典手拍）[{""name"":""规格"",""value"":""12英寸（经典手拍）""}]（99.00*1）,餐盒（1.00*1）",缤纷水果披萨,,,,非会员,8,,,依据餐量提供餐具,,99.00,49.03,35.12,0.00,0,0,4.60,0.00,3.50,【活动支出】店铺满减:1.00元+【活动支出】单品特价:22.12元+【活动支出】饿了么红包:12.00元+【活动支出】替用户承担配送费:3.5元,-,-,-,1.00,温州区域,温州加盟,,,否,-,平台配送
圣比萨（柳市店）,SBM00021,温州,"8083310254255632654	",饿了么,平台外卖,已完成,2025-10-20 20:43:26,2025-10-20 20:43:26,2025-10-20 20:43:26,饿了么支付-在线支付,,即时单,2025-10-20 20:43:26,10.62,手动出餐,1,否,"榴莲与各种拼-9英寸[鲜虾菠萝披萨][{""name"":""规格"",""value"":""9英寸""}]（108.00*1）,餐盒（1.00*1）","榴莲与各种拼-9英寸[鲜虾菠萝披萨][{""name"":""规格"",""value"":""9英寸""}]+餐盒",,,,非会员,9,,,依据餐量提供餐具,,108.00,48.20,45.01,0.00,0,0,4.54,0.00,3.50,【活动支出】店铺满减:1.00元+【活动支出】单品特价:35.01元+【活动支出】饿了么红包:9.00元+【活动支出】替用户承担配送费:3.5元,-,-,-,1.00,温州区域,温州加盟,,,否,-,平台配送
圣比萨（柳市店）,SBM00021,温州,"8063576088270290404	",饿了么,平台外卖,已完成,2025-10-20 20:50:31,2025-10-20 20:50:31,2025-10-20 20:50:31,饿了么支付-在线支付,,即时单,2025-10-20 20:50:31,9.78,手动出餐,1,否,"双拼披萨随❤️拼-9英寸[牛肉至尊+鲜虾菠萝][{""name"":""规格"",""value"":""9英寸""}]（88.00*1）,餐盒（2.00*1）","双拼披萨随❤️拼-9英寸[牛肉至尊+鲜虾菠萝][{""name"":""规格"",""value"":""9英寸""}]+餐盒",,,,非会员,10,,,2份餐具,,88.00,41.10,34.01,0.00,0,0,3.94,0.00,5.00,【活动支出】店铺满减:1.00元+【活动支出】单品特价:25.01元+【活动支出】超级会员专享红包:8.00元+【活动支出】 商家自营销加码:0.00元+【活动支出】替用户承担配送费:5.0元,-,-,-,2.00,温州区域,温州加盟,,,否,-,平台配送
圣比萨（柳市店）,SBM00021,温州,"8009986088236851708	",饿了么,平台外卖,已完成,2025-10-20 20:50:39,2025-10-20 20:50:39,2025-10-20 20:50:39,饿了么支付-在线支付,,即时单,2025-10-20 20:50:39,11.02,手动出餐,1,否,"榴莲披萨-7英寸（经典手拍）[{""name"":""规格"",""value"":""7英寸（经典手拍）""}]（52.00*1）,餐盒（1.00*1）",榴莲王披萨,,,,非会员,11,,,依据餐量提供餐具,,52.00,24.89,18.10,0.00,0,0,2.36,0.00,3.50,【活动支出】单品特价:9.10元+【活动支出】饿了么红包:9.00元+【活动支出】替用户承担配送费:3.5元,-,-,-,1.00,温州区域,温州加盟,,,否,-,平台配送
圣比萨（鳌江店）,SBM00019,温州,"8024556088079482208	",饿了么,平台外卖,已完成,2025-10-20 13:32:51,2025-10-20 13:32:51,2025-10-20 13:32:52,饿了么支付-在线支付,,即时单,2025-10-20 13:32:51,10.08,自动出餐,1,否,"小食拼盘（41.00*1）,金牌榴莲王披萨（101.00*1）,餐盒（4.00*1）",小吃拼盘,,,,非会员,1,,,依据餐量提供餐具,,142.00,77.01,43.10,0.00,0,0,10.44,0.00,3.50,【活动支出】店铺满减:4.00元+【活动支出】单品特价:12.00元+【活动支出】单品特价:21.10元+【活动支出】 商家自营销加码:1.00元+【活动支出】饿了么红包:5.00元+【活动支出】替用户承担配送费:3.5元,-,-,-,4.00,温州区域,温州加盟,,,否,-,平台配送
圣比萨（鳌江店）,SBM00019,温州,"8004280254190241125	",饿了么,平台外卖,已完成,2025-10-20 13:55:29,2025-10-20 13:55:29,2025-10-20 13:55:29,饿了么支付-在线支付,,即时单,2025-10-20 13:55:29,10.22,自动出餐,1,否,7寸日系照烧鸡披萨-单点（22.00*1）,日系照烧鸡披萨【7英寸(手拍)】,,,,非会员,2,,,不要打电话，放门口就行 / 依据餐量提供餐具,,22.00,12.00,0.00,0.00,0,0,0.00,0.00,,【活动支出】拼团反圈活动:0.00元,-,-,-,0.00,温州区域,温州加盟,,,否,-,平台配送
圣比萨（鳌江店）,SBM00019,温州,"8072420254097979743	",饿了么,平台外卖,已完成,2025-10-20 14:03:57,2025-10-20 14:03:57,2025-10-20 14:03:57,饿了么支付-在线支付,,即时单,2025-10-20 14:03:57,10.05,自动出餐,1,否,新奥尔良烤鸡肉披萨7寸-单点（22.00*1）,新奥尔良烤鸡肉披萨【7英寸(手拍)】,,,,非会员,3,,,2份餐具,,22.00,12.00,0.00,0.00,0,0,0.00,0.00,,【活动支出】拼团反圈活动:0.00元,-,-,-,0.00,温州区域,温州加盟,,,否,-,平台配送
圣比萨（鳌江店）,SBM00019,温州,"8042270254206672267	",饿了么,平台外卖,已完成,2025-10-20 14:29:49,2025-10-20 14:29:49,2025-10-20 14:29:49,饿了么支付-在线支付,,即时单,2025-10-20 14:29:49,10.15,自动出餐,1,否,"个人独享DIY套餐（60.00*1）,餐盒（2.00*1）",金丝鸡排+上校鸡块1个+可乐.+新奥尔良烤鸡肉披萨(7英寸(手拍)),,,,非会员,4,,,依据餐量提供餐具,,60.00,28.72,21.10,0.00,0,0,3.93,0.00,3.50,【活动支出】单品特价:21.10元+【活动支出】替用户承担配送费:3.5元,-,-,-,2.00,温州区域,温州加盟,,,否,-,平台配送
圣比萨（鳌江店）,SBM00019,温州,"8027160254199326135	",饿了么,平台外卖,已完成,2025-10-20 15:22:11,2025-10-20 15:22:11,2025-10-20 15:22:12,饿了么支付-在线支付,,即时单,2025-10-20 15:22:11,10.15,自动出餐,1,否,"招牌肉酱意面（52.00*1）,餐盒（2.00*1）",招牌肉酱意面,,,,非会员,5,,,1份餐具,,52.00,10.22,33.10,0.00,0,0,1.43,0.00,9.00,【活动支出】单品特价:27.10元+【活动支出】超级会员专享红包:5.00元+【活动支出】 商家自营销加码:1.00元+【活动支出】替用户承担配送费:5.0元,-,-,-,2.00,温州区域,温州加盟,,,否,-,平台配送
圣比萨（鳌江店）,SBM00019,温州,"8088646088118958393	",饿了么,平台外卖,已完成,2025-10-20 15:38:03,2025-10-20 15:38:03,2025-10-20 15:38:03,饿了么支付-在线支付,,即时单,2025-10-20 15:38:03,10.20,自动出餐,1,否,"新奥尔良烤鸡肉披萨-7寸(手拍)[{""name"":""规格"",""value"":""7寸(手拍)""}]（45.00*1）,金桔柠檬汁[常温]（10.00*1）,餐盒（3.00*1）",新奥尔良烤鸡肉披萨,,,,非会员,6,,,依据餐量提供餐具,,55.00,18.89,30.10,0.00,0,0,2.56,0.00,3.50,【活动支出】单品特价:21.10元+【活动支出】单品特价:4.00元+【活动支出】饿了么红包:5.00元+【活动支出】替用户承担配送费:3.5元,-,-,-,3.00,温州区域,温州加盟,,,否,-,平台配送
圣比萨（鳌江店）,SBM00019,温州,"8021400254206171528	",饿了么,平台外卖,已完成,2025-10-20 15:51:37,2025-10-20 15:51:37,2025-10-20 15:51:37,饿了么支付-在线支付,,即时单,2025-10-20 15:51:37,10.05,自动出餐,1,否,"[买一送一]意面/焗饭[黑椒牛肉芝士焗饭+番茄牛肉意面]（68.00*1）,餐盒（2.00*1）",番茄牛肉意面,,,,非会员,7,,,无需餐具,,68.00,28.40,26.10,0.00,0,0,4.24,0.00,5.60,【活动支出】单品特价:18.10元+【活动支出】超级会员专享红包:8.00元+【活动支出】 商家自营销加码:0.00元+【活动支出】饿了么红包:0.00元+【活动支出】替用户承担配送费:5.0元,-,-,-,2.00,温州区域,温州加盟,,,否,-,平台配送
圣比萨（鳌江店）,SBM00019,温州,"8019410254123989305	",饿了么,平台外卖,已完成,2025-10-20 15:54:21,2025-10-20 15:54:21,2025-10-20 15:54:21,饿了么支付-在线支付,,即时单,2025-10-20 15:54:21,10.05,自动出餐,1,否,"双拼披萨-7寸[牛肉至尊+日系照烧鸡肉][{""name"":""规格"",""value"":""7寸""}]（79.90*1）,披萨专用保温袋x1.（0.99*1）,餐盒（2.00*1）","双拼披萨-7寸[牛肉至尊+日系照烧鸡肉][{""name"":""规格"",""value"":""7寸""}]+披萨专用保温袋x1.+餐盒",,,,非会员,8,,,依据餐量提供餐具,,80.89,16.18,56.00,0.00,0,0,2.46,0.00,5.60,【活动支出】单品特价:50.00元+【活动支出】饿了么红包:6.00元+【活动支出】替用户承担配送费:5.0元,-,-,-,2.00,温州区域,温州加盟,,,否,-,平台配送
圣比萨（鳌江店）,SBM00019,温州,"8044010254241849843	",饿了么,平台外卖,已完成,2025-10-20 16:30:55,2025-10-20 16:30:55,2025-10-20 16:30:55,饿了么支付-在线支付,,即时单,2025-10-20 16:30:55,10.17,自动出餐,1,否,"个人独享DIY套餐（66.90*1）,餐盒（2.00*1）",上校鸡块+芝士焗红薯泥+金桔柠檬汁+招牌肉酱意面,,,,非会员,9,,,依据餐量提供餐具,,66.90,25.40,29.10,0.00,0,0,3.81,0.00,5.60,【活动支出】单品特价:21.10元+【活动支出】饿了么红包:8.00元+【活动支出】替用户承担配送费:5.0元,-,-,-,2.00,温州区域,温州加盟,,,否,-,平台配送
圣比萨（鳌江店）,SBM00019,温州,"8030270254228627954	",饿了么,平台外卖,已完成,2025-10-20 16:40:00,2025-10-20 16:40:00,2025-10-20 16:40:00,饿了么支付-在线支付,,预约单,2025-10-20 20:25:00,180.07,自动出餐,1,否,"缤纷水果披萨-7英寸(手拍)[{""name"":""规格"",""value"":""7英寸(手拍)""}]（42.00*1）",缤纷水果披萨,,,,非会员,10,,,依据餐量提供餐具,,42.00,10.90,23.70,0.00,0,0,1.55,0.00,3.50,【活动支出】单品特价:23.70元+【活动支出】替用户承担配送费:3.5元,-,-,-,0.00,温州区域,温州加盟,,,否,-,平台配送
圣比萨（鳌江店）,SBM00019,温州,"8025400254254794172	",饿了么,平台外卖,已完成,2025-10-20 16:57:36,2025-10-20 16:57:36,2025-10-20 16:57:37,饿了么支付-在线支付,,即时单,2025-10-20 16:57:36,10.03,自动出餐,1,否,"榴莲王披萨-7英寸（经典手拍)[{""name"":""规格"",""value"":""7英寸（经典手拍)""}]（52.00*1）",榴莲王披萨,,,,非会员,11,,,依据餐量提供餐具,,52.00,19.80,21.40,0.00,0,0,2.85,0.00,4.50,【活动支出】单品特价:21.40元+【活动支出】替用户承担配送费:4.5元,-,-,-,0.00,温州区域,温州加盟,,,否,-,平台配送
圣比萨（鳌江店）,SBM00019,温州,"8006516088134119838	",饿了么,平台外卖,已完成,2025-10-20 17:06:16,2025-10-20 17:06:16,2025-10-20 17:06:16,饿了么支付-在线支付,,即时单,2025-10-20 17:06:16,10.15,自动出餐,1,否,"个人独享DIY套餐（64.90*1）,餐盒（2.00*1）",经典薯条+上校鸡块1个+港式奶茶+榴莲王披萨(7英寸(手拍)),,,,非会员,12,,,1份餐具,,64.90,22.97,33.10,0.00,0,0,3.18,0.00,3.50,【活动支出】单品特价:21.10元+【活动支出】饿了么红包:12.00元+【活动支出】替用户承担配送费:3.5元,-,-,-,2.00,温州区域,温州加盟,,,否,-,平台配送
圣比萨（鳌江店）,SBM00019,温州,"8029966088151206165	",饿了么,平台外卖,已完成,2025-10-20 17:11:47,2025-10-20 17:11:47,2025-10-20 17:11:47,饿了么支付-在线支付,,即时单,2025-10-20 17:11:47,10.23,自动出餐,1,否,"【任选】7寸披萨买一送一（86.80*1）,番茄牛肉意面（52.00*1）,餐盒（4.00*1）",大圣招牌大满贯披萨(7英寸(手拍))+缤纷水果披萨(7英寸(手拍))+番茄牛肉意面,,,,非会员,13,,,依据餐量提供餐具,,138.80,48.01,77.00,0.00,0,0,6.54,0.00,3.50,【活动支出】店铺满减:1.00元+【活动支出】单品特价:36.90元+【活动支出】单品特价:27.10元+【活动支出】饿了么红包:12.00元+【活动支出】替用户承担配送费:3.5元,-,-,-,4.00,温州区域,温州加盟,,,否,-,平台配送
圣比萨（鳌江店）,SBM00019,温州,"8017576088180674038	",饿了么,平台外卖,已完成,2025-10-20 17:39:12,2025-10-20 17:39:12,2025-10-20 17:39:12,饿了么支付-在线支付,,即时单,2025-10-20 17:39:12,12.07,自动出餐,1,否,"榴莲王卷边披萨-7寸[香肠卷边][{""name"":""规格"",""value"":""7寸""}]（69.90*1）,餐盒（2.00*1）","榴莲王卷边披萨-7寸[香肠卷边][{""name"":""规格"",""value"":""7寸""}]+餐盒",,,,非会员,14,,,依据餐量提供餐具,,69.90,29.62,30.00,0.00,0,0,4.03,0.00,3.50,【活动支出】单品特价:24.00元+【活动支出】饿了么红包:6.00元+【活动支出】替用户承担配送费:3.5元,-,-,-,2.00,温州区域,温州加盟,,,否,-,平台配送
圣比萨（鳌江店）,SBM00019,温州,"8037470254381495793	",饿了么,平台外卖,已完成,2025-10-20 18:22:11,2025-10-20 18:22:11,2025-10-20 18:22:11,饿了么支付-在线支付,,即时单,2025-10-20 18:22:11,12.23,自动出餐,1,否,"缤纷水果披萨-7英寸(手拍)[{""name"":""规格"",""value"":""7英寸(手拍)""}]（42.00*1）",缤纷水果披萨,,,,非会员,15,,,无需餐具,,42.00,10.90,23.70,0.00,0,0,1.55,0.00,3.50,【活动支出】单品特价:23.70元+【活动支出】用户代金券:0.00元+【活动支出】替用户承担配送费:3.5元,-,-,-,0.00,温州区域,温州加盟,,,否,-,平台配送
圣比萨（鳌江店）,SBM00019,温州,"8072000254237321605	",饿了么,平台外卖,已完成,2025-10-20 19:39:36,2025-10-20 19:39:36,2025-10-20 19:39:37,饿了么支付-在线支付,,即时单,2025-10-20 19:39:36,10.20,自动出餐,1,否,"肉酱披萨-7英寸[{""name"":""规格"",""value"":""7英寸""}]（35.00*1）,餐盒（2.00*1）","肉酱披萨-7英寸[{""name"":""规格"",""value"":""7英寸""}]+餐盒",,,,非会员,16,,,无需餐具,,35.00,13.22,16.10,0.00,0,0,1.83,0.00,3.50,【活动支出】单品特价:11.10元+【活动支出】饿了么红包:5.00元+【活动支出】替用户承担配送费:3.5元,-,-,-,2.00,温州区域,温州加盟,,,否,-,平台配送
圣比萨（鳌江店）,SBM00019,温州,"8065726088190337317	",饿了么,平台外卖,已完成,2025-10-20 19:44:01,2025-10-20 19:44:01,2025-10-20 19:44:01,饿了么支付-在线支付,,即时单,2025-10-20 19:44:01,10.00,自动出餐,1,否,"圣比至尊披萨-7寸[{""name"":""规格"",""value"":""7寸""}]（41.90*1）,餐盒（2.00*1）",大圣招牌大满贯披萨,,,,非会员,17,,,依据餐量提供餐具,用户申请取消单 点错了，我想重新点，,41.90,17.99,17.00,0.00,0,0,2.46,0.00,3.50,【活动支出】单品特价:10.00元+【活动支出】饿了么红包:7.00元+【活动支出】替用户承担配送费:3.5元,-,-,-,2.00,温州区域,温州加盟,,,否,-,平台配送
圣比萨（鳌江店）,SBM00019,温州,"8043100254245966330	",饿了么,平台外卖,已完成,2025-10-20 20:03:56,2025-10-20 20:03:56,2025-10-20 20:03:56,饿了么支付-在线支付,,即时单,2025-10-20 20:03:56,10.03,自动出餐,1,否,新奥尔良烤鸡肉披萨7寸-单点（22.00*1）,新奥尔良烤鸡肉披萨【7英寸(手拍)】,,,,非会员,18,,,依据餐量提供餐具,,22.00,12.00,0.00,0.00,0,0,0.00,0.00,,【活动支出】拼团反圈活动:0.00元,-,-,-,0.00,温州区域,温州加盟,,,否,-,平台配送
圣比萨（鳌江店）,SBM00019,温州,"8093656088222585113	",饿了么,平台外卖,已完成,2025-10-20 20:04:22,2025-10-20 20:04:22,2025-10-20 20:04:22,饿了么支付-在线支付,,即时单,2025-10-20 20:04:22,10.15,自动出餐,1,否,"榴莲王披萨-7英寸（经典手拍)[{""name"":""规格"",""value"":""7英寸（经典手拍)""}]（52.00*1）,餐盒（2.00*1）",榴莲王披萨,,,,非会员,19,,,依据餐量提供餐具,,52.00,22.32,21.10,0.00,0,0,3.09,0.00,3.50,【活动支出】单品特价:13.10元+【活动支出】饿了么红包:8.00元+【活动支出】替用户承担配送费:3.5元,-,-,-,2.00,温州区域,温州加盟,,,否,-,平台配送
圣比萨（鳌江店）,SBM00019,温州,"8037766088230779309	",饿了么,平台外卖,已完成,2025-10-20 20:13:12,2025-10-20 20:13:12,2025-10-20 20:13:13,饿了么支付-在线支付,,即时单,2025-10-20 20:13:12,10.17,自动出餐,1,否,"缤纷水果披萨-7英寸(手拍)[{""name"":""规格"",""value"":""7英寸(手拍)""}]（42.00*1）,披萨专用保温袋x1.（0.99*1）",缤纷水果披萨,,,,非会员,20,,,依据餐量提供餐具,,42.99,11.78,23.70,0.00,0,0,1.66,0.00,4.00,【活动支出】单品特价:23.70元+【活动支出】替用户承担配送费:4.0元,-,-,-,0.00,温州区域,温州加盟,,,否,-,平台配送
圣比萨（鳌江店）,SBM00019,温州,"8073766088206996834	",饿了么,平台外卖,已完成,2025-10-20 20:17:01,2025-10-20 20:17:01,2025-10-20 20:17:01,饿了么支付-在线支付,,即时单,2025-10-20 20:17:01,10.22,自动出餐,1,否,"圣比至尊披萨-12寸[{""name"":""规格"",""value"":""12寸""}]（95.00*1）,餐盒（2.00*1）",大圣招牌大满贯披萨,,,,非会员,21,,,放门口 / 依据餐量提供餐具,,95.00,41.53,38.10,0.00,0,0,5.82,0.00,4.50,【活动支出】店铺满减:1.00元+【活动支出】单品特价:25.10元+【活动支出】饿了么红包:12.00元+【活动支出】替用户承担配送费:4.5元,-,-,-,2.00,温州区域,温州加盟,,,否,-,平台配送
圣比萨（鳌江店）,SBM00019,温州,"8093706088260519382	",饿了么,平台外卖,已完成,2025-10-20 20:23:33,2025-10-20 20:23:33,2025-10-20 20:23:33,饿了么支付-在线支付,,即时单,2025-10-20 20:23:33,10.18,自动出餐,1,否,"圣比至尊披萨-7寸[{""name"":""规格"",""value"":""7寸""}]（41.90*1）,餐盒（2.00*1）",大圣招牌大满贯披萨,,,,非会员,22,,,依据餐量提供餐具,,41.90,18.89,16.00,0.00,0,0,2.56,0.00,3.50,【活动支出】单品特价:10.00元+【活动支出】 商家自营销加码:1.00元+【活动支出】饿了么红包:5.00元+【活动支出】替用户承担配送费:3.5元,-,-,-,2.00,温州区域,温州加盟,,,否,-,平台配送
圣比萨（鳌江店）,SBM00019,温州,"8007170254250592581	",饿了么,平台外卖,已完成,2025-10-20 20:31:24,2025-10-20 20:31:24,2025-10-20 20:31:24,饿了么支付-在线支付,,即时单,2025-10-20 20:31:24,10.13,自动出餐,1,否,"缤纷水果披萨-7英寸(手拍)[{""name"":""规格"",""value"":""7英寸(手拍)""}]（42.00*1）,餐盒（2.00*1）",缤纷水果披萨,,,,非会员,23,,,1份餐具,,42.00,18.89,16.10,0.00,0,0,2.56,0.00,3.50,【活动支出】单品特价:12.10元+【活动支出】饿了么红包:4.00元+【活动支出】替用户承担配送费:3.5元,-,-,-,2.00,温州区域,温州加盟,,,否,-,平台配送
圣比萨（鳌江店）,SBM00019,温州,"8081666088270509492	",饿了么,平台外卖,已完成,2025-10-20 20:40:16,2025-10-20 20:40:16,2025-10-20 20:40:16,饿了么支付-在线支付,,即时单,2025-10-20 20:40:16,10.10,自动出餐,1,否,"缤纷水果披萨-7英寸(手拍)[{""name"":""规格"",""value"":""7英寸(手拍)""}]（42.00*1）",缤纷水果披萨,,,,非会员,24,,,送到复兴小区，不是复兴大厦，不要送错了，送到就放门口，门敲一下。 / 依据餐量提供餐具,,42.00,10.90,23.70,0.00,0,0,1.55,0.00,3.50,【活动支出】单品特价:23.70元+【活动支出】替用户承担配送费:3.5元,-,-,-,0.00,温州区域,温州加盟,,,否,-,平台配送
圣比萨（鳌江店）,SBM00019,温州,"8040706088211767730	",饿了么,平台外卖,已完成,2025-10-20 20:51:17,2025-10-20 20:51:17,2025-10-20 20:51:17,饿了么支付-在线支付,,即时单,2025-10-20 20:51:17,10.05,自动出餐,1,否,"7寸日系照烧鸡披萨-单点[{""name"":""规格"",""value"":""单点""}]（22.00*1）",日系照烧鸡披萨【7英寸(手拍)】,,,,非会员,25,,,依据餐量提供,,22.00,12.00,0.00,0.00,0,0,0.00,0.00,,【活动支出】拼团反圈活动:0.00元,-,-,-,0.00,温州区域,温州加盟,,,否,-,平台配送
圣比萨（鳌江店）,SBM00019,温州,"8024676088274722259	",饿了么,平台外卖,已完成,2025-10-20 20:56:01,2025-10-20 20:56:01,2025-10-20 20:56:01,饿了么支付-在线支付,,即时单,2025-10-20 20:56:01,10.10,自动出餐,1,否,"超值一人套餐（65.90*1）,餐盒（2.00*1）",金桔柠檬汁+炙热牛魔王披萨(7英寸(手拍))+上校鸡块,,,,非会员,26,,,"不要葱, 不要香菜, 对商家 / 依据餐量提供餐具",,65.90,19.57,37.10,0.00,0,0,2.87,0.00,4.50,【活动支出】单品特价:29.10元+【活动支出】超级会员专享红包:8.00元+【活动支出】 商家自营销加码:0.00元+【活动支出】替用户承担配送费:4.5元,-,-,-,2.00,温州区域,温州加盟,,,否,-,平台配送
圣比萨（鳌江店）,SBM00019,温州,"8098886088244786456	",饿了么,平台外卖,已完成,2025-10-20 21:17:36,2025-10-20 21:17:36,2025-10-20 21:17:36,饿了么支付-在线支付,,即时单,2025-10-20 21:17:36,10.12,自动出餐,1,否,"碳烤鸡肉芝士焗饭（52.00*1）,餐盒（2.00*1）",碳烤鸡肉芝士焗饭,,,,非会员,27,,,2份餐具,,52.00,13.62,32.10,0.00,0,0,1.93,0.00,5.60,【活动支出】单品特价:26.10元+【活动支出】 商家自营销加码:1.00元+【活动支出】饿了么红包:5.00元+【活动支出】替用户承担配送费:5.0元,-,-,-,2.00,温州区域,温州加盟,,,否,-,平台配送
圣比萨（鳌江店）,SBM00019,温州,"8017616088284950797	",饿了么,平台外卖,已退款,2025-10-20 21:23:26,2025-10-20 21:23:26,2025-10-20 21:23:27,饿了么支付-在线支付,,即时单,2025-10-20 21:23:26,,未出餐,1,否,"0.1元芝士多加一点点（5克）（6.00*1）,缤纷水果披萨-7英寸(手拍)[{""name"":""规格"",""value"":""7英寸(手拍)""}]（42.00*1）,芝士就是力量（10.00*1）,餐盒（4.10*1）",缤纷水果披萨+芝士就是力量,,,,非会员,28,,,依据餐量提供餐具,订单强制无效（商家主动取消已接订单、用户1分钟内取消),58.00,-12.06,27.10,35.60,0,0,3.31,0.00,5.60,【活动支出】单品特价:5.90元+【活动支出】单品特价:12.10元+【活动支出】单品特价:5.10元+【活动支出】吃货红包:4.00元+【活动支出】替用户承担配送费:5.0元,-,-,-,4.10,温州区域,温州加盟,,,否,-,平台配送
圣比萨（鳌江店）,SBM00019,温州,"8025080254377503204	",饿了么,平台外卖,已完成,2025-10-20 21:23:39,2025-10-20 21:23:39,2025-10-20 21:23:39,饿了么支付-在线支付,,即时单,2025-10-20 21:23:39,10.08,自动出餐,1,否,"蛋挞一个（原味）（5.00*1）,墨鱼丸1个（3.00*2）,披萨随心配（66.38*1）,餐盒（4.00*1）",蛋挞1个+深海墨鱼丸1个+榴莲王披萨(7英寸(手拍))+可乐.+盐酥鸡米花小份+深海墨鱼丸2个+蛋挞1个,,,,非会员,29,,,无需餐具,,77.38,34.25,32.41,0.00,0,0,4.77,0.00,5.60,【活动支出】单品特价:3.01元+【活动支出】单品特价:2.90元+【活动支出】单品特价:21.50元+【活动支出】饿了么红包:5.00元+【活动支出】替用户承担配送费:5.0元,-,-,-,4.00,温州区域,温州加盟,,,否,-,平台配送
圣比萨（鳌江店）,SBM00019,温州,"8017616088284879136	",饿了么,平台外卖,已完成,2025-10-20 21:27:48,2025-10-20 21:27:48,2025-10-20 21:27:48,饿了么支付-在线支付,,即时单,2025-10-20 21:27:48,10.22,自动出餐,1,否,"缤纷水果披萨-7英寸(手拍)[{""name"":""规格"",""value"":""7英寸(手拍)""}]（42.00*1）,芝士就是力量（10.00*1）,餐盒（4.00*1）",缤纷水果披萨+芝士就是力量,,,,非会员,30,,,依据餐量提供餐具,,52.00,23.36,21.20,0.00,0,0,3.29,0.00,5.60,【活动支出】单品特价:12.10元+【活动支出】单品特价:5.10元+【活动支出】吃货红包:4.00元+【活动支出】替用户承担配送费:5.0元,-,-,-,4.00,温州区域,温州加盟,,,否,-,平台配送
圣比萨（鳌江店）,SBM00019,温州,"8097876088231765399	",饿了么,平台外卖,已完成,2025-10-20 21:43:22,2025-10-20 21:43:22,2025-10-20 21:43:22,饿了么支付-在线支付,,即时单,2025-10-20 21:43:22,10.05,自动出餐,1,否,"0.1元芝士多加一点点（5克）（6.00*1）,【买一送一】买披萨送披萨[玉米沙拉披萨7英寸+碳烤鸡肉培根披萨7英寸]（86.80*1）,餐盒（0.10*1）",玉米沙拉披萨【7英寸(手拍)】+碳烤鸡肉培根披萨【7英寸(手拍)】,,,,非会员,31,,,"不要葱花香菜，谢谢
不要洋葱 / 2份餐具",,92.80,21.55,60.80,0.00,0,0,3.00,0.00,5.60,【活动支出】单品特价:5.90元+【活动支出】单品特价:54.90元+【活动支出】替用户承担配送费:5.0元,-,-,-,0.10,温州区域,温州加盟,,,否,-,平台配送
圣比萨（鳌江店）,SBM00019,温州,"8069100254377364741	",饿了么,平台外卖,已完成,2025-10-20 22:46:54,2025-10-20 22:46:54,2025-10-20 22:46:54,饿了么支付-在线支付,,即时单,2025-10-20 22:46:54,10.02,自动出餐,1,否,"新奥尔良烤鸡肉披萨7寸-单点[{""name"":""规格"",""value"":""单点""}]（22.00*1）",新奥尔良烤鸡肉披萨【7英寸(手拍)】,,,,非会员,32,,,依据餐量提供,,22.00,12.00,0.00,0.00,0,0,0.00,0.00,,【活动支出】拼团反圈活动:0.00元,-,-,-,0.00,温州区域,温州加盟,,,否,-,平台配送
圣比萨（汤家桥店）,SBS00002,温州,"8099280254095163804	",饿了么,平台外卖,已完成,2025-10-20 11:29:09,2025-10-20 11:29:09,2025-10-20 11:29:10,饿了么支付-在线支付,,即时单,2025-10-20 11:29:09,12.12,自动出餐,1,否,"番茄牛肉汁意面（52.00*1）,餐盒（2.00*1）",番茄牛肉意面,,,,非会员,1,,,依据餐量提供餐具,,52.00,12.62,34.10,0.00,0,0,1.43,0.00,3.50,【活动支出】单品特价:28.10元+【活动支出】 商家自营销加码:1.00元+【活动支出】饿了么红包:5.00元+【活动支出】替用户承担配送费:3.5元,-,-,-,2.00,温州区域,温州加盟,,,否,-,平台配送
圣比萨（汤家桥店）,SBS00002,温州,"8073716088026481090	",饿了么,平台外卖,已完成,2025-10-20 11:55:29,2025-10-20 11:55:29,2025-10-20 11:55:29,饿了么支付-在线支付,,即时单,2025-10-20 11:55:29,12.23,自动出餐,1,否,"任选意面4选1+小吃6选1+饮料[黑椒牛肉意面+墨鱼丸3个+港式奶茶+常温]（57.00*1）,缤纷芝士挞-香蕉味[{""name"":""规格"",""value"":""香蕉味""}]（7.00*1）,餐盒（4.00*1）",黑椒牛肉意面+深海墨鱼丸3个+港式奶茶+缤纷芝士挞,,,,非会员,2,,,依据餐量提供餐具,,64.00,23.55,35.20,0.00,0,0,2.20,0.00,3.50,【活动支出】店铺满减:1.00元+【活动支出】单品特价:25.10元+【活动支出】单品特价:1.10元+【活动支出】饿了么红包:8.00元+【活动支出】替用户承担配送费:3.5元,-,-,-,4.00,温州区域,温州加盟,,,否,-,平台配送
圣比萨（汤家桥店）,SBS00002,温州,"8043170254042267125	",饿了么,平台外卖,已完成,2025-10-20 12:06:04,2025-10-20 12:06:04,2025-10-20 12:06:04,饿了么支付-在线支付,,即时单,2025-10-20 12:06:04,9.00,手动出餐,1,否,"玉米沙拉披萨-7英寸(经典手拍)[{""name"":""规格"",""value"":""7英寸(经典手拍)""}]（42.00*1）,餐盒（2.00*1）",玉米沙拉披萨,,,,非会员,3,,,依据餐量提供餐具,,42.00,11.42,22.10,0.00,0,0,1.43,0.00,6.80,【活动支出】单品特价:19.10元+【活动支出】饿了么红包:3.00元+【活动支出】替用户承担配送费:5.0元,-,-,-,2.00,温州区域,温州加盟,,,否,-,平台配送
圣比萨（汤家桥店）,SBS00002,温州,"8076450254040219060	",饿了么,平台外卖,已完成,2025-10-20 12:13:16,2025-10-20 12:13:16,2025-10-20 12:13:16,饿了么支付-在线支付,,即时单,2025-10-20 12:13:16,10.23,手动出餐,1,否,"肉酱意面招牌（52.00*2）,餐盒（4.00*1）",招牌肉酱意面,,,,非会员,4,,,依据餐量提供餐具,,104.00,35.95,59.20,0.00,0,0,3.40,0.00,3.50,【活动支出】店铺满减:2.00元+【活动支出】单品特价:48.20元+【活动支出】饿了么红包:9.00元+【活动支出】替用户承担配送费:3.5元,-,-,-,4.00,温州区域,温州加盟,,,否,-,平台配送
圣比萨（汤家桥店）,SBS00002,温州,"8000020254160834998	",饿了么,平台外卖,已完成,2025-10-20 12:31:38,2025-10-20 12:31:38,2025-10-20 12:31:39,饿了么支付-在线支付,,即时单,2025-10-20 12:31:38,8.42,手动出餐,1,否,"任选披萨8选1+小吃6选1+饮料[缤纷水果披萨7英寸+上校鸡块4个+港式奶茶+常温]（58.00*1）,餐盒（2.00*1）",缤纷水果披萨【7英寸(手拍)】+上校鸡块+港式奶茶,,,,非会员,5,,,依据餐量提供餐具,,58.00,17.79,33.10,0.00,0,0,1.76,0.00,4.50,【活动支出】单品特价:26.10元+【活动支出】饿了么红包:7.00元+【活动支出】替用户承担配送费:4.5元,-,-,-,2.00,温州区域,温州加盟,,,否,-,平台配送
圣比萨（汤家桥店）,SBS00002,温州,"8066716088075722119	",饿了么,平台外卖,已完成,2025-10-20 15:45:19,2025-10-20 15:45:19,2025-10-20 15:45:20,饿了么支付-在线支付,,即时单,2025-10-20 15:45:19,10.05,自动出餐,1,否,"双人披萨意面套餐[缤纷水果披萨7英寸+招牌肉酱意面+明星小食桶A+酸梅汁+港式奶茶+冷]（128.00*1）,餐盒（2.00*1）",缤纷水果披萨【7英寸(手拍)】+招牌肉酱意面+明星小食桶A+港式奶茶,,,,非会员,6,,,依据餐量提供餐具,,128.00,49.09,63.10,0.00,0,0,4.76,0.00,5.60,【活动支出】店铺满减:2.00元+【活动支出】单品特价:52.10元+【活动支出】饿了么红包:9.00元+【活动支出】替用户承担配送费:5.0元,-,-,-,2.00,温州区域,温州加盟,,,否,-,平台配送
圣比萨（汤家桥店）,SBS00002,温州,"8077320254124894547	",饿了么,平台外卖,已完成,2025-10-20 16:00:10,2025-10-20 16:00:10,2025-10-20 16:00:11,饿了么支付-在线支付,,即时单,2025-10-20 16:00:10,10.15,自动出餐,1,否,"浪漫威尼斯披萨-7英寸(经典手拍)[{""name"":""规格"",""value"":""7英寸(经典手拍)""}]（42.99*1）,餐盒（2.00*1）",浪漫威尼斯披萨,,,,非会员,7,,,依据餐量提供餐具,,42.99,16.87,19.09,0.00,0,0,1.68,0.00,5.00,【活动支出】单品特价:13.09元+【活动支出】饿了么红包:6.00元+【活动支出】替用户承担配送费:5.0元,-,-,-,2.00,温州区域,温州加盟,,,否,-,平台配送
圣比萨（汤家桥店）,SBS00002,温州,"8093180254239982923	",饿了么,平台外卖,已完成,2025-10-20 16:28:31,2025-10-20 16:28:31,2025-10-20 16:28:31,饿了么支付-在线支付,,预约单,2025-10-20 17:35:00,21.52,自动出餐,1,否,"超值一人餐[圣比至尊披萨7英寸+薯条一份+酸梅汁+常温]（65.00*1）,餐盒（2.00*1）",大圣招牌大满贯披萨【7英寸(手拍)】+经典薯条+酸梅汁,,,,非会员,8,,,多番茄酱 / 依据餐量提供餐具,,65.00,23.63,34.12,0.00,0,0,2.20,0.00,4.00,【活动支出】店铺满减:1.00元+【活动支出】单品特价:25.12元+【活动支出】饿了么红包:0.00元+【活动支出】饿了么红包:8.00元+【活动支出】替用户承担配送费:4.0元,-,-,-,2.00,温州区域,温州加盟,,,否,-,平台配送
圣比萨（汤家桥店）,SBS00002,温州,"8007596088094615951	",饿了么,平台外卖,已完成,2025-10-20 16:36:08,2025-10-20 16:36:08,2025-10-20 16:36:09,饿了么支付-在线支付,,即时单,2025-10-20 16:36:08,10.23,自动出餐,1,否,"纯芝士披萨-9英寸(经典手拍)[{""name"":""规格"",""value"":""9英寸(经典手拍)""}]（75.00*1）,餐盒（2.00*1）",金牌芝士披萨,,,,非会员,9,,,依据餐量提供餐具,,75.00,19.94,48.10,0.00,0,0,1.91,0.00,3.50,【活动支出】单品特价:40.10元+【活动支出】 商家自营销加码:0.00元+【活动支出】饿了么红包:8.00元+【活动支出】替用户承担配送费:3.5元,-,-,-,2.00,温州区域,温州加盟,,,否,-,平台配送
圣比萨（汤家桥店）,SBS00002,温州,"8038420254246678011	",饿了么,平台外卖,已完成,2025-10-20 16:41:29,2025-10-20 16:41:29,2025-10-20 16:41:30,饿了么支付-在线支付,,即时单,2025-10-20 16:41:29,10.07,自动出餐,1,否,"任选披萨8选1+小吃6选1+饮料[碳烤鸡肉培根披萨7英寸+墨鱼丸3个+小可乐+常温]（58.00*1）,台式香烤地道肠（7.50*1）,餐盒（3.00*1）",深海墨鱼丸3个+小可乐+地道肠1根,,,,非会员,10,,,依据餐量提供餐具,,65.50,22.63,36.70,0.00,0,0,2.12,0.00,3.50,【活动支出】店铺满减:1.00元+【活动支出】单品特价:26.10元+【活动支出】单品特价:1.60元+【活动支出】饿了么红包:8.00元+【活动支出】替用户承担配送费:3.5元,-,-,-,3.00,温州区域,温州加盟,,,否,-,平台配送
圣比萨（汤家桥店）,SBS00002,温州,"8064636088153395468	",饿了么,平台外卖,已完成,2025-10-20 17:07:23,2025-10-20 17:07:23,2025-10-20 17:07:24,饿了么支付-在线支付,,即时单,2025-10-20 17:07:23,10.05,自动出餐,1,否,"碳烤鸡肉芝士焗饭（52.00*1）,餐盒（2.00*1）",碳烤鸡肉芝士焗饭,,,,非会员,11,,,1份餐具,,52.00,16.84,29.10,0.00,0,0,1.61,0.00,4.00,【活动支出】单品特价:24.10元+【活动支出】吃货豆兑换的商家券:5.00元+【活动支出】替用户承担配送费:4.0元,-,-,-,2.00,温州区域,温州加盟,,,否,-,平台配送
圣比萨（汤家桥店）,SBS00002,温州,"8092766088152749312	",饿了么,平台外卖,已完成,2025-10-20 17:15:11,2025-10-20 17:15:11,2025-10-20 17:15:11,饿了么支付-在线支付,,即时单,2025-10-20 17:15:11,10.02,自动出餐,1,否,"【买一送一】买披萨送意面[缤纷水果披萨7英寸+番茄牛肉意面]（75.00*1）,餐盒（2.00*1）",缤纷水果披萨【7英寸(手拍)】+番茄牛肉意面,,,,非会员,12,,,1份餐具,,75.00,26.77,39.10,0.00,0,0,2.58,0.00,5.00,【活动支出】店铺满减:1.00元+【活动支出】单品特价:30.10元+【活动支出】饿了么红包:8.00元+【活动支出】替用户承担配送费:5.0元,-,-,-,2.00,温州区域,温州加盟,,,否,-,平台配送
圣比萨（汤家桥店）,SBS00002,温州,"8063360254260155877	",饿了么,平台外卖,已完成,2025-10-20 17:16:54,2025-10-20 17:16:54,2025-10-20 17:16:54,饿了么支付-在线支付,,即时单,2025-10-20 17:16:54,10.13,自动出餐,1,否,"任选披萨8选1+小吃6选1+饮料[奥尔良鸡肉披萨7英寸+上校鸡块4个+柠檬茶+常温]（58.00*1）,餐盒（2.00*1）",新奥尔良烤鸡肉披萨【7英寸(手拍)】+上校鸡块+柠檬茶,,,,非会员,13,,,1份餐具,,58.00,18.69,33.10,0.00,0,0,1.76,0.00,3.50,【活动支出】单品特价:26.10元+【活动支出】饿了么红包:7.00元+【活动支出】替用户承担配送费:3.5元,-,-,-,2.00,温州区域,温州加盟,,,否,-,平台配送
圣比萨（汤家桥店）,SBS00002,温州,"8020916088163256683	",饿了么,平台外卖,已完成,2025-10-20 17:18:30,2025-10-20 17:18:30,2025-10-20 17:18:31,饿了么支付-在线支付,,即时单,2025-10-20 17:18:30,10.17,自动出餐,1,否,"任选披萨8选1+小吃6选1+饮料[奥尔良鸡肉披萨7英寸+薯条一份+柠檬茶+常温]（58.00*1）,餐盒（2.00*1）",新奥尔良烤鸡肉披萨【7英寸(手拍)】+经典薯条+柠檬茶,,,,非会员,14,,,无需餐具,,58.00,19.62,32.10,0.00,0,0,1.83,0.00,3.50,【活动支出】单品特价:26.10元+【活动支出】饿了么红包:6.00元+【活动支出】替用户承担配送费:3.5元,-,-,-,2.00,温州区域,温州加盟,,,否,-,平台配送
圣比萨（汤家桥店）,SBS00002,温州,"8063380254354263537	",饿了么,平台外卖,已完成,2025-10-20 17:37:32,2025-10-20 17:37:32,2025-10-20 17:37:32,饿了么支付-在线支付,,即时单,2025-10-20 17:37:32,7.23,手动出餐,1,否,"任选意面4选1+小吃6选1+饮料[黑椒牛肉意面+地道肠1根+小可乐+冷]（57.00*1）,餐盒（2.00*1）",黑椒牛肉意面+地道肠1根+小可乐,,,,非会员,15,,,不要葱 / 依据餐量提供餐具,,57.00,18.69,32.10,0.00,0,0,1.76,0.00,3.50,【活动支出】单品特价:25.10元+【活动支出】饿了么红包:0.00元+【活动支出】饿了么红包:7.00元+【活动支出】替用户承担配送费:3.5元,-,-,-,2.00,温州区域,温州加盟,,,否,-,平台配送
圣比萨（汤家桥店）,SBS00002,温州,"8002460254181669298	",饿了么,平台外卖,已完成,2025-10-20 17:49:02,2025-10-20 17:49:02,2025-10-20 17:49:03,饿了么支付-在线支付,,即时单,2025-10-20 17:49:02,12.17,"初始值, 无意义",1,否,"奥尔良烤鸡肉披萨-7英寸(经典手拍)[{""name"":""规格"",""value"":""7英寸(经典手拍)""}]（45.00*1）,餐盒（2.00*1）",新奥尔良烤鸡肉披萨,,,,非会员,16,,,依据餐量提供餐具,,45.00,14.62,25.10,0.00,0,0,1.43,0.00,3.50,【活动支出】单品特价:19.10元+【活动支出】饿了么红包:6.00元+【活动支出】替用户承担配送费:3.5元,-,-,-,2.00,温州区域,温州加盟,,,否,-,平台配送
圣比萨（汤家桥店）,SBS00002,温州,"8020300254294095309	",饿了么,平台外卖,已完成,2025-10-20 18:01:58,2025-10-20 18:01:58,2025-10-20 18:01:58,饿了么支付-在线支付,,即时单,2025-10-20 18:01:58,12.18,自动出餐,1,否,"点击右上角❤️收藏得小吃[上校鸡块2个]（2.00*1）,榴莲披萨-9英寸(经典手拍)[{""name"":""规格"",""value"":""9英寸(经典手拍)""}]（92.00*1）,餐盒（2.50*1）",上校鸡块2个+榴莲王披萨,,,,非会员,17,,,依据餐量提供餐具,,94.00,27.65,57.00,0.00,0,0,2.70,0.00,5.00,【活动支出】店铺满减:1.00元+【活动支出】单品特价:46.10元+【活动支出】精准营销:1.90元+【活动支出】饿了么红包:8.00元+【活动支出】替用户承担配送费:5.0元,-,-,-,2.50,温州区域,温州加盟,,,否,-,平台配送
圣比萨（汤家桥店）,SBS00002,温州,"8002460254190141811	",饿了么,平台外卖,已完成,2025-10-20 18:11:26,2025-10-20 18:11:26,2025-10-20 18:11:26,饿了么支付-在线支付,,即时单,2025-10-20 18:11:26,12.02,自动出餐,1,否,"【买一送一】买披萨送意面[奥尔良鸡肉披萨7英寸+招牌肉酱意面]（75.00*1）,餐盒（2.00*1）",新奥尔良烤鸡肉披萨【7英寸(手拍)】+招牌肉酱意面,,,,非会员,18,,,依据餐量提供餐具,,75.00,27.67,39.10,0.00,0,0,2.58,0.00,3.50,【活动支出】店铺满减:1.00元+【活动支出】单品特价:30.10元+【活动支出】饿了么红包:8.00元+【活动支出】替用户承担配送费:3.5元,-,-,-,2.00,温州区域,温州加盟,,,否,-,平台配送
圣比萨（汤家桥店）,SBS00002,温州,"8045410254297348397	",饿了么,平台外卖,已完成,2025-10-20 18:16:38,2025-10-20 18:16:38,2025-10-20 18:16:38,饿了么支付-在线支付,,即时单,2025-10-20 18:16:38,12.23,自动出餐,1,否,"任选披萨8选1+小吃6选1+饮料[浪漫威尼斯披萨7英寸+上校鸡块4个+港式奶茶+常温]（58.00*1）,餐盒（2.00*1）",浪漫威尼斯披萨【7英寸(手拍)】+上校鸡块+港式奶茶,,,,非会员,19,,,依据餐量提供餐具,,58.00,20.87,30.10,0.00,0,0,1.98,0.00,3.50,【活动支出】单品特价:26.10元+【活动支出】吃货红包:4.00元+【活动支出】替用户承担配送费:3.5元,-,-,-,2.00,温州区域,温州加盟,,,否,-,平台配送
圣比萨（汤家桥店）,SBS00002,温州,"8056946088200808929	",饿了么,平台外卖,已完成,2025-10-20 18:34:11,2025-10-20 18:34:11,2025-10-20 18:34:11,饿了么支付-在线支付,,即时单,2025-10-20 18:34:11,12.10,自动出餐,1,否,"奥尔良烤鸡肉披萨-7英寸(经典手拍)[{""name"":""规格"",""value"":""7英寸(经典手拍)""}]（45.00*1）,餐盒（2.00*1）",新奥尔良烤鸡肉披萨,,,,非会员,20,,,2份餐具,,45.00,12.82,25.10,0.00,0,0,1.43,0.00,5.60,【活动支出】单品特价:19.10元+【活动支出】 商家自营销加码:1.00元+【活动支出】饿了么红包:5.00元+【活动支出】替用户承担配送费:5.0元,-,-,-,2.00,温州区域,温州加盟,,,否,-,平台配送
圣比萨（汤家桥店）,SBS00002,温州,"8054050254215741869	",饿了么,平台外卖,已完成,2025-10-20 18:51:50,2025-10-20 18:51:50,2025-10-20 18:51:50,饿了么支付-在线支付,,即时单,2025-10-20 18:51:50,12.03,自动出餐,1,否,"招牌烤翅-2只[{""name"":""规格"",""value"":""2只""}]（18.00*1）,柠檬茶[常温]（6.00*1）,水果披萨-7英寸(经典手拍)[{""name"":""规格"",""value"":""7英寸(经典手拍)""}]（42.00*1）,餐盒（5.00*1）",香烤鸡翅+柠檬茶+缤纷水果披萨,,,,非会员,21,,,放门口鞋柜上，谢谢 / 依据餐量提供餐具,,66.00,31.60,28.20,0.00,0,0,2.95,0.00,3.50,【活动支出】店铺满减:1.00元+【活动支出】单品特价:3.10元+【活动支出】单品特价:16.10元+【活动支出】饿了么红包:8.00元+【活动支出】替用户承担配送费:3.5元,-,-,-,5.00,温州区域,温州加盟,,,否,-,平台配送
圣比萨（汤家桥店）,SBS00002,温州,"8077440254403776862	",饿了么,平台外卖,已完成,2025-10-20 23:12:40,2025-10-20 23:12:40,2025-10-20 23:12:40,饿了么支付-在线支付,,即时单,2025-10-20 23:12:40,10.22,自动出餐,1,否,"水果披萨-7英寸(经典手拍)[{""name"":""规格"",""value"":""7英寸(经典手拍)""}]（42.00*1）,点击右上角❤️收藏得小吃[墨鱼丸1个]（2.00*1）,餐盒（2.50*1）",缤纷水果披萨+深海墨鱼丸1个,,,,非会员,22,,,无需餐具,,44.00,14.72,24.00,0.00,0,0,1.43,0.00,5.60,【活动支出】单品特价:16.10元+【活动支出】单品特价:1.90元+【活动支出】 商家自营销加码:1.00元+【活动支出】CPS商户叠加券:0.00元+【活动支出】饿了么红包:5.00元+【活动支出】替用户承担配送费:5.0元,-,-,-,2.50,温州区域,温州加盟,,,否,-,平台配送
圣比萨（蟠凤店）,SBM00023,温州,"8032110253953557981	",饿了么,平台外卖,已完成,2025-10-20 10:21:16,2025-10-20 10:21:16,2025-10-20 10:21:17,饿了么支付-在线支付,,即时单,2025-10-20 10:21:16,10.00,自动出餐,1,否,"任选披萨8选1+小吃6选1+饮料[奥尔良鸡肉披萨7英寸+墨鱼丸3个+橙汁+常温]（65.00*1）,餐盒（2.00*1）",新奥尔良烤鸡肉披萨【7英寸(手拍)】+深海墨鱼丸3个+柳橙汁,,,,非会员,1,,,依据餐量提供餐具,,65.00,15.04,42.10,0.00,0,0,1.61,0.00,6.20,【活动支出】首次光顾立减:1.00元+【活动支出】单品特价:33.10元+【活动支出】粉丝群:1.00元+【活动支出】饿了么红包:7.00元+【活动支出】替用户承担配送费:5.0元,-,-,-,2.00,温州区域,温州加盟,,,否,-,平台配送
圣比萨（蟠凤店）,SBM00023,温州,"8060546087945814474	",饿了么,平台外卖,已完成,2025-10-20 10:27:32,2025-10-20 10:27:32,2025-10-20 10:27:32,饿了么支付-在线支付,,预约单,2025-10-20 11:30:00,17.65,自动出餐,1,否,"蛋挞一个（原味）（5.88*2）,【新客专享】川香脆皮翅根（1个）（12.00*1）,【甜而不腻】玉米沙拉披萨[7英寸玉米沙拉披萨]（42.00*1）,【随心拼】7英寸披萨（口味自选）[日系照烧+奥尔良]（54.00*1）,餐盒（5.00*1）",蛋挞1个+川香脆皮大翅根【1个】+玉米沙拉披萨【7英寸(手拍)】+双拼7寸【日系照烧口味7】+双拼7寸【奥尔良口味7】,,,,非会员,2,,,依据餐量提供餐具,,119.76,43.40,66.61,0.00,0,0,4.10,0.00,3.50,【活动支出】店铺满减:2.00元+【活动支出】单品特价:10.01元+【活动支出】单品特价:19.10元+【活动支出】单品特价:26.50元+【活动支出】饿了么红包:9.00元+【活动支出】替用户承担配送费:3.5元,-,-,-,5.00,温州区域,温州加盟,,,否,-,平台配送
圣比萨（蟠凤店）,SBM00023,温州,"8023716088014329158	",饿了么,平台外卖,已完成,2025-10-20 11:54:39,2025-10-20 11:54:39,2025-10-20 11:54:40,饿了么支付-在线支付,,即时单,2025-10-20 11:54:39,12.23,自动出餐,1,否,"任选意面6选1+小吃5选1+饮料[招牌肉酱意面+鸡肉串2串+可乐（听装）+常温]（57.00*1）,餐盒（2.00*1）",招牌肉酱意面+地道肠1根+小可乐,,,,非会员,3,,,依据餐量提供餐具,,57.00,17.72,32.50,0.00,0,0,1.73,0.00,3.50,【活动支出】首次光顾立减:1.00元+【活动支出】单品特价:24.50元+【活动支出】饿了么红包:7.00元+【活动支出】淘金币:0.00元+【活动支出】替用户承担配送费:3.5元,-,-,-,2.00,温州区域,温州加盟,,,否,-,平台配送
圣比萨（蟠凤店）,SBM00023,温州,"8093866088022810892	",饿了么,平台外卖,已完成,2025-10-20 12:10:57,2025-10-20 12:10:57,2025-10-20 12:10:57,饿了么支付-在线支付,,即时单,2025-10-20 12:10:57,12.10,自动出餐,1,否,"奥尔良烤鸡肉披萨-7英寸（经典手拍）[{""name"":""规格"",""value"":""7英寸（经典手拍）""}]（45.00*1）,餐盒（1.00*1）",新奥尔良烤鸡肉披萨,,,,非会员,4,,,1份餐具,,45.00,8.62,30.10,0.00,0,0,1.43,0.00,3.50,【活动支出】首次光顾立减:1.00元+【活动支出】单品特价:21.10元+【活动支出】超级会员专享红包:5.00元+【活动支出】 商家自营销加码:2.00元+【活动支出】粉丝群:1.00元+【活动支出】替用户承担配送费:3.5元,-,-,-,1.00,温州区域,温州加盟,,,否,-,平台配送
圣比萨（蟠凤店）,SBM00023,温州,"8017120254241953062	",饿了么,平台外卖,已完成,2025-10-20 12:31:17,2025-10-20 12:31:17,2025-10-20 12:31:18,饿了么支付-在线支付,,即时单,2025-10-20 12:31:17,12.13,自动出餐,1,否,"任选焗饭4选1+小吃5选1+饮料[黑椒牛肉芝士焗饭+墨鱼丸3个+橙汁+冰]（57.00*1）,餐盒（2.00*1）",黑椒牛肉芝士焗饭+深海墨鱼丸【3个】,,,,非会员,5,,,依据餐量提供餐具,,57.00,18.72,31.10,0.00,0,0,1.83,0.00,4.50,【活动支出】首次光顾立减:1.00元+【活动支出】单品特价:24.10元+【活动支出】粉丝群:1.00元+【活动支出】饿了么红包:5.00元+【活动支出】替用户承担配送费:4.5元,-,-,-,2.00,温州区域,温州加盟,,,否,-,平台配送
圣比萨（蟠凤店）,SBM00023,温州,"8081490254070969766	",饿了么,平台外卖,已完成,2025-10-20 12:53:14,2025-10-20 12:53:14,2025-10-20 12:53:14,饿了么支付-在线支付,,即时单,2025-10-20 12:53:14,12.08,自动出餐,1,否,"【真榴莲果肉】7英寸榴莲王披萨（58.00*1）,餐盒（1.00*1）",榴莲王披萨7英寸,,,,非会员,6,,,依据餐量提供餐具,,58.00,17.72,32.50,0.00,0,0,1.73,0.00,3.50,【活动支出】首次光顾立减:1.00元+【活动支出】单品特价:25.50元+【活动支出】饿了么红包:6.00元+【活动支出】替用户承担配送费:3.5元,-,-,-,1.00,温州区域,温州加盟,,,否,-,平台配送
圣比萨（蟠凤店）,SBM00023,温州,"8095140254218914212	",饿了么,平台外卖,已完成,2025-10-20 15:29:44,2025-10-20 15:29:44,2025-10-20 15:29:45,饿了么支付-在线支付,,即时单,2025-10-20 15:29:44,10.22,自动出餐,1,否,"缤纷水果披萨-9英寸（经典手拍）[{""name"":""规格"",""value"":""9英寸（经典手拍）""}]（75.00*1）,餐盒（1.00*1）",缤纷水果披萨,,,,非会员,7,,,1份餐具,,75.00,13.12,49.50,0.00,0,0,1.73,0.00,8.60,【活动支出】首次光顾立减:1.00元+【活动支出】单品特价:39.50元+【活动支出】 商家自营销加码:0.00元+【活动支出】粉丝群:1.00元+【活动支出】饿了么红包:8.00元+【活动支出】替用户承担配送费:5.0元,-,-,-,1.00,温州区域,温州加盟,,,否,-,平台配送
圣比萨（蟠凤店）,SBM00023,温州,"8094826088098524429	",饿了么,平台外卖,已完成,2025-10-20 15:47:30,2025-10-20 15:47:30,2025-10-20 15:47:30,饿了么支付-在线支付,,即时单,2025-10-20 15:47:30,10.07,自动出餐,1,否,"芝士焗红薯泥（19.00*1）,番茄牛肉意面（27.60*1）,餐盒（3.00*1）",芝士焗红薯泥+番茄牛肉意面,,,,非会员,8,,,依据餐量提供餐具,,46.60,23.83,15.20,0.00,0,0,2.32,0.00,3.50,【活动支出】店铺满减:1.00元+【活动支出】单品特价:4.10元+【活动支出】单品特价:3.10元+【活动支出】饿了么红包:7.00元+【活动支出】替用户承担配送费:3.5元,-,-,-,3.00,温州区域,温州加盟,,,否,-,平台配送
圣比萨（蟠凤店）,SBM00023,温州,"8001796088122909132	",饿了么,平台外卖,已完成,2025-10-20 16:02:55,2025-10-20 16:02:55,2025-10-20 16:02:55,饿了么支付-在线支付,,即时单,2025-10-20 16:02:55,10.07,自动出餐,1,否,"9英寸披萨随❤双拼[奥尔良+奥尔良]（80.00*1）,经典薯条（18.00*1）,餐盒（2.00*1）",双拼9寸【奥尔良口味9】+双拼9寸【奥尔良口味9】+经典薯条,,,,非会员,9,,,2份餐具,,98.00,31.88,55.60,0.00,0,0,3.07,0.00,3.50,【活动支出】店铺满减:1.00元+【活动支出】首次光顾立减:1.00元+【活动支出】单品特价:39.50元+【活动支出】单品特价:9.10元+【活动支出】饿了么红包:5.00元+【活动支出】替用户承担配送费:3.5元,-,-,-,2.00,温州区域,温州加盟,,,否,-,平台配送
圣比萨（蟠凤店）,SBM00023,温州,"8018916088088460566	",饿了么,平台外卖,已完成,2025-10-20 16:22:18,2025-10-20 16:22:18,2025-10-20 16:22:18,饿了么支付-在线支付,,即时单,2025-10-20 16:22:18,10.13,自动出餐,1,否,"经典薯条（18.00*1）,超值全翅桶（78.00*1）,【随心拼】7英寸披萨（口味自选）[碳烤培根+水果]（54.00*1）,餐盒（3.00*1）",经典薯条+全翅桶+双拼7寸【缤纷水果口味7】,,,,非会员,10,,,依据餐量提供餐具,,150.00,64.91,67.70,0.00,0,0,6.14,0.00,3.50,【活动支出】店铺满减:4.00元+【活动支出】单品特价:9.10元+【活动支出】单品特价:28.10元+【活动支出】单品特价:26.50元+【活动支出】替用户承担配送费:3.5元,-,-,-,3.00,温州区域,温州加盟,,,否,-,平台配送
圣比萨（蟠凤店）,SBM00023,温州,"8041370254136295882	",饿了么,平台外卖,已完成,2025-10-20 16:30:19,2025-10-20 16:30:19,2025-10-20 16:30:19,饿了么支付-在线支付,,即时单,2025-10-20 16:30:19,10.23,自动出餐,1,否,"缤纷水果披萨-7英寸（经典手拍）[{""name"":""规格"",""value"":""7英寸（经典手拍）""}]（42.00*1）",缤纷水果披萨,,,,非会员,11,,,依据餐量提供餐具,,42.00,11.92,21.90,0.00,0,0,1.43,0.00,4.50,【活动支出】外卖券:21.90元+【活动支出】替用户承担配送费:4.5元,-,-,-,0.00,温州区域,温州加盟,,,否,-,平台配送
圣比萨（蟠凤店）,SBM00023,温州,"8041370254320741636	",饿了么,平台外卖,已完成,2025-10-20 16:32:38,2025-10-20 16:32:38,2025-10-20 16:32:39,饿了么支付-在线支付,,即时单,2025-10-20 16:32:38,10.10,自动出餐,1,否,"榴莲王披萨-7英寸（经典手拍）[{""name"":""规格"",""value"":""7英寸（经典手拍）""}]（52.00*1）",榴莲王披萨,,,,非会员,12,,,依据餐量提供餐具,,52.00,18.16,24.70,0.00,0,0,1.79,0.00,4.50,【活动支出】外卖券:24.70元+【活动支出】替用户承担配送费:4.5元,-,-,-,0.00,温州区域,温州加盟,,,否,-,平台配送
圣比萨（蟠凤店）,SBM00023,温州,"8062716088177968487	",饿了么,平台外卖,已完成,2025-10-20 17:32:58,2025-10-20 17:32:58,2025-10-20 17:32:58,饿了么支付-在线支付,,即时单,2025-10-20 17:32:58,12.07,自动出餐,1,否,"单人吃鸡套餐[鸡肉串2串+可乐（听装）+冰]（56.00*1）,餐盒（2.00*1）",单人吃鸡套餐[鸡肉串2串+可乐（听装）+冰]+餐盒,,,,非会员,13,,,依据餐量提供餐具,,56.00,14.05,30.50,0.00,0,0,1.80,0.00,8.60,【活动支出】单品特价:23.50元+【活动支出】饿了么红包:7.00元+【活动支出】替用户承担配送费:5.0元,-,-,-,2.00,温州区域,温州加盟,,,否,-,平台配送
圣比萨（蟠凤店）,SBM00023,温州,"8000490254277442904	",饿了么,平台外卖,已完成,2025-10-20 17:40:16,2025-10-20 17:40:16,2025-10-20 17:40:17,饿了么支付-在线支付,,即时单,2025-10-20 17:40:16,12.10,自动出餐,1,否,奥尔良烤鸡肉披萨(7寸)-单点（23.21*1）,新奥尔良烤鸡肉披萨【7英寸(手拍)】,,,,非会员,14,,,依据餐量提供餐具,,23.21,13.21,0.00,0.00,0,0,0.00,0.00,,【活动支出】拼团反圈活动:0.00元,-,-,-,0.00,温州区域,温州加盟,,,否,-,平台配送
圣比萨（蟠凤店）,SBM00023,温州,"8015556088196519222	",饿了么,平台外卖,已完成,2025-10-20 18:05:13,2025-10-20 18:05:13,2025-10-20 18:05:13,饿了么支付-在线支付,,即时单,2025-10-20 18:05:13,12.15,自动出餐,1,否,"番茄牛肉意面（27.60*1）,奥尔良烤鸡肉披萨-7英寸（经典手拍）[{""name"":""规格"",""value"":""7英寸（经典手拍）""}]（45.00*1）,餐盒（2.00*1）",番茄牛肉意面+新奥尔良烤鸡肉披萨,,,,非会员,15,,,无需餐具,,72.60,26.61,37.20,0.00,0,0,2.54,0.00,3.50,【活动支出】店铺满减:1.00元+【活动支出】单品特价:3.10元+【活动支出】单品特价:21.10元+【活动支出】饿了么红包:12.00元+【活动支出】替用户承担配送费:3.5元,-,-,-,2.00,温州区域,温州加盟,,,否,-,平台配送
圣比萨（蟠凤店）,SBM00023,温州,"8092836088175850861	",饿了么,平台外卖,已完成,2025-10-20 18:23:04,2025-10-20 18:23:04,2025-10-20 18:23:05,饿了么支付-在线支付,,即时单,2025-10-20 18:23:04,12.03,自动出餐,1,否,"【买一送一】买披萨送意面[水果披萨7英寸+招牌肉酱意面]（75.00*1）,餐盒（2.00*1）",缤纷水果披萨【7英寸(手拍)】+招牌肉酱意面,,,,非会员,16,,,依据餐量提供餐具,,75.00,24.90,39.50,0.00,0,0,2.55,0.00,5.60,【活动支出】店铺满减:1.00元+【活动支出】单品特价:29.50元+【活动支出】饿了么红包:9.00元+【活动支出】替用户承担配送费:5.0元,-,-,-,2.00,温州区域,温州加盟,,,否,-,平台配送
圣比萨（蟠凤店）,SBM00023,温州,"8082150254212606454	",饿了么,平台外卖,已完成,2025-10-20 18:55:49,2025-10-20 18:55:49,2025-10-20 18:55:49,饿了么支付-在线支付,,即时单,2025-10-20 18:55:49,12.23,自动出餐,1,否,新奥尔良烤鸡肉披萨7寸-单点（22.00*1）,新奥尔良烤鸡肉披萨【7英寸(手拍)】,,,,非会员,17,,,依据餐量提供餐具,,22.00,12.00,0.00,0.00,0,0,0.00,0.00,,【活动支出】拼团反圈活动:0.00元,-,-,-,0.00,温州区域,温州加盟,,,否,-,平台配送
圣比萨（蟠凤店）,SBM00023,温州,"8082150254405633282	",饿了么,平台外卖,已完成,2025-10-20 18:55:52,2025-10-20 18:55:52,2025-10-20 18:55:52,饿了么支付-在线支付,,即时单,2025-10-20 18:55:52,12.00,自动出餐,1,否,新奥尔良烤鸡肉披萨7寸-单点（22.00*1）,新奥尔良烤鸡肉披萨【7英寸(手拍)】,,,,非会员,18,,,依据餐量提供餐具,,22.00,12.00,0.00,0.00,0,0,0.00,0.00,,【活动支出】拼团反圈活动:0.00元,-,-,-,0.00,温州区域,温州加盟,,,否,-,平台配送
圣比萨（蟠凤店）,SBM00023,温州,"8065816088206500277	",饿了么,平台外卖,已完成,2025-10-20 19:10:20,2025-10-20 19:10:20,2025-10-20 19:10:20,饿了么支付-在线支付,,即时单,2025-10-20 19:10:20,12.10,自动出餐,1,否,"个人独享DIY套餐(折扣价)[黑椒牛肉焗饭+奥尔良烤翅+柠檬茶+冰]（59.00*1）,餐盒（2.00*1）",黑椒牛肉芝士焗饭+奥尔良烤翅+柠檬茶,,,,非会员,19,,,依据餐量提供餐具,,59.00,18.67,32.50,0.00,0,0,1.88,0.00,5.60,【活动支出】首次光顾立减:1.00元+【活动支出】单品特价:23.50元+【活动支出】粉丝群:1.00元+【活动支出】饿了么红包:7.00元+【活动支出】替用户承担配送费:5.0元,-,-,-,2.00,温州区域,温州加盟,,,否,-,平台配送
圣比萨（蟠凤店）,SBM00023,温州,"8000040254237837705	",饿了么,平台外卖,已完成,2025-10-20 19:53:40,2025-10-20 19:53:40,2025-10-20 19:53:40,饿了么支付-在线支付,,即时单,2025-10-20 19:53:40,10.07,自动出餐,1,否,新奥尔良烤鸡肉披萨7寸-单点（22.00*1）,新奥尔良烤鸡肉披萨【7英寸(手拍)】,,,,非会员,20,,,依据餐量提供餐具,,22.00,12.00,0.00,0.00,0,0,0.00,0.00,,【活动支出】拼团反圈活动:0.00元,-,-,-,0.00,温州区域,温州加盟,,,否,-,平台配送
圣比萨（蟠凤店）,SBM00023,温州,"8002946088198677941	",饿了么,平台外卖,已完成,2025-10-20 20:03:27,2025-10-20 20:03:27,2025-10-20 20:03:27,饿了么支付-在线支付,,即时单,2025-10-20 20:03:27,10.08,自动出餐,1,否,"芝士就是力量(没有点披萨或焗饭的勿点)-焗饭加芝士1份[{""name"":""规格"",""value"":""焗饭加芝士1份""}]（10.00*1）,【真榴莲果肉】7英寸榴莲王披萨（58.00*1）,黑椒牛肉意面（29.90*1）,餐盒（2.00*1）",榴莲王披萨7英寸+黑椒牛肉意面,,,,非会员,21,,,依据餐量提供餐具,,97.90,46.59,37.00,0.00,0,0,4.46,0.00,3.50,【活动支出】店铺满减:2.00元+【活动支出】单品特价:25.50元+【活动支出】单品特价:1.50元+【活动支出】饿了么红包:8.00元+【活动支出】替用户承担配送费:3.5元,-,-,-,2.00,温州区域,温州加盟,,,否,-,平台配送
圣比萨（蟠凤店）,SBM00023,温州,"8097966088222747076	",饿了么,平台外卖,已完成,2025-10-20 21:19:25,2025-10-20 21:19:25,2025-10-20 21:19:26,饿了么支付-在线支付,,即时单,2025-10-20 21:19:25,10.00,自动出餐,1,否,"深海墨鱼丸一个（3.00*2）,缤纷水果披萨-7英寸（经典手拍）[{""name"":""规格"",""value"":""7英寸（经典手拍）""}]（42.00*1）,橙汁[温]（10.00*1）,餐盒（4.00*1）",深海墨鱼丸1个+缤纷水果披萨+雀巢果珍,,,,非会员,22,,,依据餐量提供餐具,,58.00,20.42,31.40,0.00,0,0,2.03,0.00,5.60,【活动支出】店铺满减:1.00元+【活动支出】单品特价:2.90元+【活动支出】单品特价:15.50元+【活动支出】单品特价:2.00元+【活动支出】精准营销:1.00元+【活动支出】饿了么红包:9.00元+【活动支出】替用户承担配送费:5.0元,-,-,-,4.00,温州区域,温州加盟,,,否,-,平台配送
圣比萨（蟠凤店）,SBM00023,温州,"8065706088289245457	",饿了么,平台外卖,已完成,2025-10-20 21:42:49,2025-10-20 21:42:49,2025-10-20 21:42:49,饿了么支付-在线支付,,即时单,2025-10-20 21:42:49,10.12,自动出餐,1,否,"港式奶茶[冰]（10.00*1）,【真榴莲果肉】9英寸榴莲王披萨（92.00*1）,上校鸡块（11.00*1）,餐盒（4.00*1）",港式奶茶+榴莲王披萨9英寸+上校鸡块,,,,非会员,23,,,依据餐量提供餐具,,113.00,31.97,68.51,0.00,0,0,3.37,0.00,8.30,【活动支出】店铺满减:2.00元+【活动支出】首次光顾立减:1.00元+【活动支出】单品特价:2.00元+【活动支出】单品特价:49.50元+【活动支出】单品特价:5.01元+【活动支出】饿了么红包:9.00元+【活动支出】替用户承担配送费:5.0元,-,-,-,4.00,温州区域,温州加盟,,,否,-,平台配送
圣比萨（蟠凤店）,SBM00023,温州,"8041586088280579363	",饿了么,平台外卖,已完成,2025-10-20 22:34:44,2025-10-20 22:34:44,2025-10-20 22:34:44,饿了么支付-在线支付,,即时单,2025-10-20 22:34:44,10.10,自动出餐,1,否,"【真榴莲果肉】7英寸榴莲王披萨（58.00*1）,可乐（听装）[常温]（6.00*1）,餐盒（1.00*1）",榴莲王披萨7英寸+可乐,,,,非会员,24,,,依据餐量提供餐具,,64.00,20.32,34.50,0.00,0,0,2.03,0.00,5.60,【活动支出】店铺满减:1.00元+【活动支出】单品特价:25.50元+【活动支出】单品特价:1.00元+【活动支出】饿了么红包:7.00元+【活动支出】替用户承担配送费:5.0元,-,-,-,1.00,温州区域,温州加盟,,,否,-,平台配送
圣比萨（蟠凤店）,SBM00023,温州,"8061876088288981391	",饿了么,平台外卖,已完成,2025-10-20 23:16:18,2025-10-20 23:16:18,2025-10-20 23:16:19,饿了么支付-在线支付,,即时单,2025-10-20 23:16:18,10.15,自动出餐,1,否,"碳烤鸡肉培根披萨-7英寸（经典手拍）[{""name"":""规格"",""value"":""7英寸（经典手拍）""}]（42.00*1）,餐盒（1.00*1）",碳烤鸡肉培根披萨,,,,非会员,25,,,依据餐量提供餐具,,42.00,14.12,20.50,0.00,0,0,1.43,0.00,5.60,【活动支出】单品特价:13.50元+【活动支出】饿了么红包:7.00元+【活动支出】替用户承担配送费:5.0元,-,-,-,1.00,温州区域,温州加盟,,,否,-,平台配送
圣比萨（瓯北店）,SBM00030,温州,"8026000253938082268	",饿了么,平台外卖,已完成,2025-10-20 09:19:25,2025-10-20 09:19:25,2025-10-20 09:19:25,饿了么支付-在线支付,,预约单,2025-10-20 10:50:00,93.03,被动出餐,1,否,"开学吃鸡套餐（54.00*1）,餐盒（2.00*1）",开学吃鸡套餐+餐盒,,,,非会员,1,,,依据餐量提供餐具,,54.00,17.20,28.98,0.00,0,0,2.47,0.00,4.90,【活动支出】单品折扣:19.98元+【活动支出】精准营销红包:1.00元+【活动支出】饿了么红包:8.00元+【活动支出】替用户承担配送费:4.9元,-,-,-,2.00,温州区域,温州加盟,,,否,-,平台配送
圣比萨（瓯北店）,SBM00030,温州,"8013330254035495395	",饿了么,平台外卖,已完成,2025-10-20 09:41:10,2025-10-20 09:41:10,2025-10-20 09:41:11,饿了么支付-在线支付,,预约单,2025-10-20 10:50:00,74.45,被动出餐,1,否,"7英寸披萨买一送一[圣比至尊披萨7英寸+浪漫威尼斯披萨7英寸]（86.80*1）,餐盒（1.00*1）",7英寸披萨买一送一[圣比至尊披萨7英寸+浪漫威尼斯披萨7英寸]+餐盒,,,,非会员,2,,,依据餐量提供餐具,,86.80,25.90,49.72,0.00,0,0,3.63,0.00,5.40,【活动支出】店铺满减:1.00元+【活动支出】单品折扣:34.72元+【活动支出】下单返红包:2.00元+【活动支出】饿了么红包:12.00元+【活动支出】替用户承担配送费:5.0元,-,-,-,1.00,温州区域,温州加盟,,,否,-,平台配送
圣比萨（瓯北店）,SBM00030,温州,"8087556087956356595	",饿了么,平台外卖,已完成,2025-10-20 10:52:52,2025-10-20 10:52:52,2025-10-20 10:52:53,饿了么支付-在线支付,,即时单,2025-10-20 10:52:52,21.85,被动出餐,1,否,"柠檬茶[常温]（6.00*1）,番茄牛肉意面（52.00*1）,上校鸡块（12.00*1）,餐盒（5.00*1）",柠檬茶+番茄牛肉意面+上校鸡块,,,,非会员,3,,,依据餐量提供餐具,,70.00,22.79,41.40,0.00,0,0,3.16,0.00,3.90,【活动支出】店铺满减:1.00元+【活动支出】单品折扣:23.40元+【活动支出】单品折扣:6.00元+【活动支出】下单返红包:2.00元+【活动支出】饿了么红包:9.00元+【活动支出】替用户承担配送费:3.9元,-,-,-,5.00,温州区域,温州加盟,,,否,-,平台配送
圣比萨（瓯北店）,SBM00030,温州,"8010490254180986116	",饿了么,平台外卖,已完成,2025-10-20 11:18:18,2025-10-20 11:18:18,2025-10-20 11:18:18,饿了么支付-在线支付,,即时单,2025-10-20 11:18:18,21.33,被动出餐,1,否,"碳烤鸡肉培根披萨7英寸（42.00*1）,餐盒（2.00*1）",碳烤鸡肉培根披萨【7英寸(手拍)】,,,,非会员,4,,,依据餐量提供餐具,,42.00,15.76,19.60,0.00,0,0,2.19,0.00,3.90,【活动支出】单品折扣:12.60元+【活动支出】精准营销红包:1.00元+【活动支出】饿了么红包:6.00元+【活动支出】替用户承担配送费:3.9元,-,-,-,2.00,温州区域,温州加盟,,,否,-,平台配送
圣比萨（瓯北店）,SBM00030,温州,"8090230254090512746	",饿了么,平台外卖,已完成,2025-10-20 11:21:57,2025-10-20 11:21:57,2025-10-20 11:21:57,饿了么支付-在线支付,,即时单,2025-10-20 11:21:57,39.87,被动出餐,1,否,7英寸披萨买一送一[圣比至尊披萨7英寸+滨纷水果披萨7英寸]（86.80*1）,7英寸披萨买一送一[圣比至尊披萨7英寸+滨纷水果披萨7英寸],,,,非会员,5,,,2份餐具,,86.80,25.29,49.40,0.00,0,0,3.56,0.00,4.90,【活动支出】单品特价:49.40元+【活动支出】替用户承担配送费:4.9元,-,-,-,0.00,温州区域,温州加盟,,,否,-,平台配送
圣比萨（瓯北店）,SBM00030,温州,"8076420254121397718	",饿了么,平台外卖,已完成,2025-10-20 12:03:10,2025-10-20 12:03:10,2025-10-20 12:03:11,饿了么支付-在线支付,,即时单,2025-10-20 12:03:10,22.65,被动出餐,1,否,"缤纷水果披萨7英寸[微甜]（40.00*1）,餐盒（1.00*1）",缤纷水果披萨【7英寸(手拍)】,,,,非会员,6,,,1份餐具,,40.00,15.21,16.20,0.00,0,0,2.24,0.00,5.40,【活动支出】单品折扣:11.20元+【活动支出】饿了么红包:5.00元+【活动支出】替用户承担配送费:5.0元,-,-,-,1.00,温州区域,温州加盟,,,否,-,平台配送
圣比萨（瓯北店）,SBM00030,温州,"8099390254130029953	",饿了么,平台外卖,已完成,2025-10-20 12:09:36,2025-10-20 12:09:36,2025-10-20 12:09:37,饿了么支付-在线支付,,即时单,2025-10-20 12:09:36,30.25,被动出餐,1,否,"任选7英寸披萨一份+小吃一份＋饮品（59.00*1）,经典薯条（18.00*1）,餐盒（3.00*1）",上校鸡块+雀巢果珍+日系照烧鸡披萨7英寸+经典薯条,,,,非会员,7,,,薯条要盐巴 / 依据餐量提供餐具,,77.00,24.97,41.95,0.00,0,0,3.63,0.00,6.60,【活动支出】店铺满减:1.00元+【活动支出】单品折扣:26.55元+【活动支出】单品折扣:5.40元+【活动支出】饿了么红包:9.00元+【活动支出】替用户承担配送费:5.0元,-,-,-,3.00,温州区域,温州加盟,,,否,-,平台配送
圣比萨（瓯北店）,SBM00030,温州,"8019450254194612598	",饿了么,平台外卖,已完成,2025-10-20 13:49:23,2025-10-20 13:49:23,2025-10-20 13:49:24,饿了么支付-在线支付,,即时单,2025-10-20 13:49:23,29.97,被动出餐,1,否,"牛肉至尊披萨7英寸（42.00*1）,圣比至尊披萨7英寸（42.00*1）,餐盒（4.00*1）",炙热牛魔王披萨【7英寸(手拍)】+大圣招牌大满贯披萨【7英寸(手拍)】,,,,非会员,8,,,2份餐具,,84.00,34.47,38.02,0.00,0,0,4.88,0.00,3.90,【活动支出】店铺满减:2.00元+【活动支出】单品折扣:12.01元+【活动支出】单品折扣:12.01元+【活动支出】饿了么红包:12.00元+【活动支出】替用户承担配送费:3.9元,-,-,-,4.00,温州区域,温州加盟,,,否,-,平台配送
圣比萨（瓯北店）,SBM00030,温州,"8057320254309625179	",饿了么,平台外卖,已完成,2025-10-20 15:41:39,2025-10-20 15:41:39,2025-10-20 15:41:40,饿了么支付-在线支付,,即时单,2025-10-20 15:41:39,38.43,被动出餐,1,否,"任选7英寸披萨一份+小吃一份＋饮品（59.00*1）,餐盒（1.00*1）",上校鸡块+柠檬茶+牛肉至尊披萨7英寸,,,,非会员,9,,,依据餐量提供餐具,,59.00,17.52,31.96,0.00,0,0,2.58,0.00,5.40,【活动支出】单品折扣:25.96元+【活动支出】饿了么红包:0.00元+【活动支出】饿了么红包:6.00元+【活动支出】替用户承担配送费:5.0元,-,-,-,1.00,温州区域,温州加盟,,,否,-,平台配送
圣比萨（瓯北店）,SBM00030,温州,"8004546088129238299	",饿了么,平台外卖,已完成,2025-10-20 16:13:15,2025-10-20 16:13:15,2025-10-20 16:13:16,饿了么支付-在线支付,,即时单,2025-10-20 16:13:15,22.62,被动出餐,1,否,"新奥尔良烤鸡肉披萨7英寸（42.00*1）,餐盒（2.00*1）",新奥尔良烤鸡肉披萨【7英寸(手拍)】,,,,非会员,10,,,依据餐量提供餐具,,42.00,16.59,18.01,0.00,0,0,2.36,0.00,3.90,【活动支出】单品折扣:12.01元+【活动支出】饿了么红包:6.00元+【活动支出】替用户承担配送费:3.9元,-,-,-,2.00,温州区域,温州加盟,,,否,-,平台配送
圣比萨（瓯北店）,SBM00030,温州,"8014280254143948064	",饿了么,平台外卖,已完成,2025-10-20 16:53:26,2025-10-20 16:53:26,2025-10-20 16:53:26,饿了么支付-在线支付,,即时单,2025-10-20 16:53:26,25.52,被动出餐,1,否,番茄牛肉意面-单点（22.59*1）,番茄牛肉意面,,,,非会员,11,,,放门口鞋柜上 / 依据餐量提供餐具,,22.59,12.59,0.00,0.00,0,0,0.00,0.00,,【活动支出】拼团反圈活动:0.00元,-,-,-,0.00,温州区域,温州加盟,,,否,-,平台配送
圣比萨（瓯北店）,SBM00030,温州,"8002310254202168765	",饿了么,平台外卖,已完成,2025-10-20 18:23:18,2025-10-20 18:23:18,2025-10-20 18:23:18,饿了么支付-在线支付,,即时单,2025-10-20 18:23:18,30.47,被动出餐,1,否,"超值单人组合餐F-米兰肉酱焗饭+鸡肉串+柠檬茶[{""name"":""规格"",""value"":""米兰肉酱焗饭+鸡肉串+柠檬茶""}]（42.00*1）,餐盒（2.00*1）","超值单人组合餐F-米兰肉酱焗饭+鸡肉串+柠檬茶[{""name"":""规格"",""value"":""米兰肉酱焗饭+鸡肉串+柠檬茶""}]+餐盒",,,,非会员,12,,,依据餐量提供餐具,,42.00,16.91,17.65,0.00,0,0,2.40,0.00,4.40,【活动支出】单品折扣:8.65元+【活动支出】粉丝群:1.00元+【活动支出】饿了么红包:8.00元+【活动支出】替用户承担配送费:4.4元,-,-,-,2.00,温州区域,温州加盟,,,否,-,平台配送
圣比萨（瓯北店）,SBM00030,温州,"8018756088200422663	",饿了么,平台外卖,已完成,2025-10-20 18:32:30,2025-10-20 18:32:30,2025-10-20 18:32:30,饿了么支付-在线支付,,即时单,2025-10-20 18:32:30,36.27,被动出餐,1,否,"墨鱼丸2个（5.00*1）,金牌芝士披萨7英寸（38.00*1）,餐盒（4.00*1）",金牌芝士披萨【7英寸(手拍)】,,,,非会员,13,,,依据餐量提供餐具,,43.00,14.88,21.89,0.00,0,0,2.27,0.00,4.90,【活动支出】单品折扣:3.00元+【活动支出】单品折扣:8.89元+【活动支出】精准营销红包:2.00元+【活动支出】饿了么红包:8.00元+【活动支出】替用户承担配送费:4.9元,-,-,-,4.00,温州区域,温州加盟,,,否,-,平台配送
圣比萨（瓯北店）,SBM00030,温州,"8061420254333363529	",饿了么,平台外卖,已完成,2025-10-20 19:24:07,2025-10-20 19:24:07,2025-10-20 19:24:07,饿了么支付-在线支付,,即时单,2025-10-20 19:24:07,31.97,被动出餐,1,否,"新奥尔良烤鸡肉披萨7英寸（42.00*1）,缤纷水果披萨7英寸[微甜]（40.00*1）,餐盒（3.00*1）",新奥尔良烤鸡肉披萨【7英寸(手拍)】+缤纷水果披萨【7英寸(手拍)】,,,,非会员,14,,,2份餐具,,82.00,30.94,37.61,0.00,0,0,4.61,0.00,6.00,【活动支出】店铺满减:2.00元+【活动支出】单品折扣:12.01元+【活动支出】单品折扣:10.60元+【活动支出】精准营销:1.00元+【活动支出】饿了么红包:12.00元+【活动支出】替用户承担配送费:5.0元,-,-,-,3.00,温州区域,温州加盟,,,否,-,平台配送
圣比萨（瓯北店）,SBM00030,温州,"8011480254435299636	",饿了么,平台外卖,已完成,2025-10-20 20:15:10,2025-10-20 20:15:10,2025-10-20 20:15:10,饿了么支付-在线支付,,即时单,2025-10-20 20:15:10,27.10,被动出餐,1,否,"牛肉至尊披萨7英寸（42.00*1）,餐盒（2.00*1）",炙热牛魔王披萨【7英寸(手拍)】,,,,非会员,15,,,2份餐具,,42.00,14.80,20.01,0.00,0,0,2.15,0.00,3.90,【活动支出】单品折扣:12.01元+【活动支出】粉丝群:1.00元+【活动支出】饿了么红包:7.00元+【活动支出】替用户承担配送费:3.9元,-,-,-,2.00,温州区域,温州加盟,,,否,-,平台配送
圣比萨（瓯北店）,SBM00030,温州,"8014200254455715205	",饿了么,平台外卖,已完成,2025-10-20 21:11:41,2025-10-20 21:11:41,2025-10-20 21:11:42,饿了么支付-在线支付,,即时单,2025-10-20 21:11:41,26.33,被动出餐,1,否,"招牌肉酱意面（52.00*1）,上校鸡块（12.00*1）,餐盒（4.00*1）",招牌肉酱意面+上校鸡块,,,,非会员,16,,,依据餐量提供餐具,,64.00,19.18,37.18,0.00,0,0,2.87,0.00,6.50,【活动支出】店铺满减:1.00元+【活动支出】单品折扣:22.78元+【活动支出】单品折扣:5.40元+【活动支出】饿了么红包:8.00元+【活动支出】替用户承担配送费:6.5元,-,-,-,4.00,温州区域,温州加盟,,,否,-,平台配送
圣比萨（瓯北店）,SBM00030,温州,"8044536088245501330	",饿了么,平台外卖,已完成,2025-10-20 21:16:44,2025-10-20 21:16:44,2025-10-20 21:16:44,饿了么支付-在线支付,,即时单,2025-10-20 21:16:44,21.53,被动出餐,1,否,"任选7英寸披萨一份+小吃一份＋饮品（59.00*1）,餐盒（1.00*1）",上校鸡块+港式奶茶+日系照烧鸡披萨7英寸,,,,非会员,17,,,"不要辣椒不要辣椒里面有辣的菜换成不辣的对辣过敏,请提前电话联系 / 依据餐量提供餐具",,59.00,17.03,32.96,0.00,0,0,2.47,0.00,6.00,【活动支出】单品折扣:25.96元+【活动支出】 商家自营销加码:1.00元+【活动支出】精准营销红包:1.00元+【活动支出】饿了么红包:5.00元+【活动支出】替用户承担配送费:5.0元,-,-,-,1.00,温州区域,温州加盟,,,否,-,平台配送
圣比萨（温大C区店）,SBS00031,温州,"8004020254050046213	",饿了么,平台外卖,已完成,2025-10-20 10:15:21,2025-10-20 10:15:21,2025-10-20 10:15:22,饿了么支付-在线支付,,即时单,2025-10-20 10:15:21,10.15,自动出餐,1,否,圣BBQ烤鸡肉手握披萨+冰凉粉+上楼-单点-高校配（14.61*1）,烤奥尔良鸡肉手握披萨+冰凉粉,,,,非会员,1,,,依据餐量提供餐具；手机尾号：5214；送上楼,,14.61,9.60,1.40,0.00,0,0,0.00,0.00,,【活动支出】拼团正招玩法:1.40元,-,-,-,0.00,温州区域,温州直营,,,否,-,平台配送
圣比萨（温大C区店）,SBS00031,温州,"8004746087903287755	",饿了么,平台外卖,已完成,2025-10-20 10:22:01,2025-10-20 10:22:01,2025-10-20 10:22:02,饿了么支付-在线支付,,即时单,2025-10-20 10:22:01,10.08,自动出餐,1,否,番茄牛肉意面-单点（12.64*1）,番茄牛肉意面,,,,非会员,2,,,依据餐量提供餐具；手机尾号：3693；送上楼,,12.64,9.03,0.00,0.00,0,0,0.00,0.00,,【活动支出】拼团反圈活动:0.00元,-,-,-,0.00,温州区域,温州直营,,,否,-,平台配送
圣比萨（温大C区店）,SBS00031,温州,"8027866087908219160	",饿了么,平台外卖,已完成,2025-10-20 10:24:45,2025-10-20 10:24:45,2025-10-20 10:24:45,饿了么支付-在线支付,,即时单,2025-10-20 10:24:45,10.15,自动出餐,1,否,圣BBQ烤鸡肉手握披萨+冰凉粉+上楼-单点-高校配（14.61*1）,烤奥尔良鸡肉手握披萨+冰凉粉,,,,非会员,3,,,依据餐量提供餐具；手机尾号：2472；送上楼,,14.61,9.60,1.40,0.00,0,0,0.00,0.00,,【活动支出】拼团正招玩法:1.40元,-,-,-,0.00,温州区域,温州直营,,,否,-,平台配送
圣比萨（温大C区店）,SBS00031,温州,"8010906087906430285	",饿了么,平台外卖,已完成,2025-10-20 10:24:47,2025-10-20 10:24:47,2025-10-20 10:24:48,饿了么支付-在线支付,,即时单,2025-10-20 10:24:47,10.23,自动出餐,1,否,番茄牛肉意面-单点（12.64*1）,番茄牛肉意面,,,,非会员,4,,,依据餐量提供餐具；手机尾号：7197；送上楼,,12.64,8.13,0.90,0.00,0,0,0.00,0.00,,【活动支出】拼团正招玩法:0.90元,-,-,-,0.00,温州区域,温州直营,,,否,-,平台配送
圣比萨（温大C区店）,SBS00031,温州,"8063566087908636025	",饿了么,平台外卖,已完成,2025-10-20 10:26:24,2025-10-20 10:26:24,2025-10-20 10:26:24,饿了么支付-在线支付,,即时单,2025-10-20 10:26:24,10.22,自动出餐,1,否,圣BBQ烤鸡肉手握披萨+冰凉粉+上楼-单点-高校配（14.61*1）,烤奥尔良鸡肉手握披萨+冰凉粉,,,,非会员,5,,,依据餐量提供餐具；手机尾号：1157；送上楼,,14.61,9.60,1.40,0.00,0,0,0.00,0.00,,【活动支出】拼团正招玩法:1.40元,-,-,-,0.00,温州区域,温州直营,,,否,-,平台配送
圣比萨（温大C区店）,SBS00031,温州,"8087696087909735889	",饿了么,平台外卖,已完成,2025-10-20 10:26:30,2025-10-20 10:26:30,2025-10-20 10:26:30,饿了么支付-在线支付,,即时单,2025-10-20 10:26:30,10.13,自动出餐,1,否,圣BBQ烤鸡肉手握披萨+冰凉粉+上楼-单点-高校配（14.61*1）,烤奥尔良鸡肉手握披萨+冰凉粉,,,,非会员,6,,,1份餐具；手机尾号：5711；送上楼,,14.61,9.60,1.40,0.00,0,0,0.00,0.00,,【活动支出】拼团正招玩法:1.40元,-,-,-,0.00,温州区域,温州直营,,,否,-,平台配送
圣比萨（温大C区店）,SBS00031,温州,"8081976087961948664	",饿了么,平台外卖,已完成,2025-10-20 10:33:42,2025-10-20 10:33:42,2025-10-20 10:33:42,饿了么支付-在线支付,,即时单,2025-10-20 10:33:42,10.07,自动出餐,1,否,圣BBQ烤鸡肉手握披萨+冰凉粉+上楼-单点-高校配（14.61*1）,烤奥尔良鸡肉手握披萨+冰凉粉,,,,非会员,7,,,依据餐量提供餐具；手机尾号：6920；送上楼,,14.61,9.60,1.40,0.00,0,0,0.00,0.00,,【活动支出】拼团正招玩法:1.40元,-,-,-,0.00,温州区域,温州直营,,,否,-,平台配送
圣比萨（温大C区店）,SBS00031,温州,"8050996087956124038	",饿了么,平台外卖,已完成,2025-10-20 10:33:44,2025-10-20 10:33:44,2025-10-20 10:33:44,饿了么支付-在线支付,,即时单,2025-10-20 10:33:44,10.00,自动出餐,1,否,番茄牛肉意面-单点（12.64*1）,番茄牛肉意面,,,,非会员,8,,,依据餐量提供餐具；手机尾号：3651；送上楼,,12.64,8.13,0.90,0.00,0,0,0.00,0.00,,【活动支出】拼团正招玩法:0.90元,-,-,-,0.00,温州区域,温州直营,,,否,-,平台配送
圣比萨（温大C区店）,SBS00031,温州,"8002596087907834230	",饿了么,平台外卖,已完成,2025-10-20 10:33:47,2025-10-20 10:33:47,2025-10-20 10:33:47,饿了么支付-在线支付,,即时单,2025-10-20 10:33:47,10.02,自动出餐,1,否,圣BBQ烤鸡肉手握披萨+冰凉粉+上楼-单点-高校配（14.61*1）,烤奥尔良鸡肉手握披萨+冰凉粉,,,,非会员,9,,,依据餐量提供餐具；手机尾号：1094；聚合送,,14.61,9.60,1.40,0.00,0,0,0.00,0.00,,【活动支出】拼团正招玩法:1.40元,-,-,-,0.00,温州区域,温州直营,,,否,-,平台配送
圣比萨（温大C区店）,SBS00031,温州,"8020856087948196130	",饿了么,平台外卖,已完成,2025-10-20 10:40:54,2025-10-20 10:40:54,2025-10-20 10:40:54,饿了么支付-在线支付,,即时单,2025-10-20 10:40:54,10.15,自动出餐,1,否,圣BBQ烤鸡肉手握披萨+冰凉粉+上楼-单点-高校配（14.61*1）,烤奥尔良鸡肉手握披萨+冰凉粉,,,,非会员,10,,,1份餐具；手机尾号：8320；送上楼,,14.61,9.60,1.40,0.00,0,0,0.00,0.00,,【活动支出】拼团正招玩法:1.40元,-,-,-,0.00,温州区域,温州直营,,,否,-,平台配送
圣比萨（温大C区店）,SBS00031,温州,"8090816087965161752	",饿了么,平台外卖,已完成,2025-10-20 10:41:00,2025-10-20 10:41:00,2025-10-20 10:41:00,饿了么支付-在线支付,,即时单,2025-10-20 10:41:00,10.22,自动出餐,1,否,薯系小份+上校鸡块*3+蛋挞1-单点（13.51*1）,薯系小份+上校鸡块*3+蛋挞1-单点,,,,非会员,11,,,依据餐量提供餐具；手机尾号：3580；送上楼,,13.51,9.90,0.00,0.00,0,0,0.00,0.00,,【活动支出】拼团反圈活动:0.00元,-,-,-,0.00,温州区域,温州直营,,,否,-,平台配送
圣比萨（温大C区店）,SBS00031,温州,"8084070254146220345	",饿了么,平台外卖,已完成,2025-10-20 10:45:28,2025-10-20 10:45:28,2025-10-20 10:45:28,饿了么支付-在线支付,,即时单,2025-10-20 10:45:28,10.20,自动出餐,1,否,"外卖柜取餐【有短信或者电话通知】（0.00*1）,#点击右上角收藏❤0.01多加5g芝士(只能加披萨里)（5.00*1）,DIY单人套餐（主食小吃饮品自选）（48.00*1）,葡式蛋挞1个（4.00*1）,餐盒（1.50*1）",楼下自取+芝士5克+小雪碧+盐酥鸡粒+烤奥尔良鸡肉手握披萨+蛋挞1个,,,,非会员,12,,,无需餐具；手机尾号：1686；送上楼,,57.00,19.11,35.10,0.00,0,0,1.09,0.00,1.60,【活动支出】单品特价:4.90元+【活动支出】单品特价:20.10元+【活动支出】单品特价:3.10元+【活动支出】饿了么红包:7.00元+【活动支出】替用户承担配送费:1.6元,-,-,-,1.50,温州区域,温州直营,,,否,-,平台配送
圣比萨（温大C区店）,SBS00031,温州,"8041726087965458798	",饿了么,平台外卖,已完成,2025-10-20 10:50:58,2025-10-20 10:50:58,2025-10-20 10:50:58,饿了么支付-在线支付,,即时单,2025-10-20 10:50:58,10.12,自动出餐,1,否,圣BBQ烤鸡肉手握披萨+冰凉粉+上楼-单点-高校配（14.61*1）,烤奥尔良鸡肉手握披萨+冰凉粉,,,,非会员,13,,,依据餐量提供餐具；手机尾号：0276；送上楼,,14.61,9.60,1.40,0.00,0,0,0.00,0.00,,【活动支出】拼团正招玩法:1.40元,-,-,-,0.00,温州区域,温州直营,,,否,-,平台配送
圣比萨（温大C区店）,SBS00031,温州,"8055576087980072258	",饿了么,平台外卖,已完成,2025-10-20 11:02:28,2025-10-20 11:02:28,2025-10-20 11:02:28,饿了么支付-在线支付,,即时单,2025-10-20 11:02:28,12.20,自动出餐,1,否,圣BBQ烤鸡肉手握披萨+冰凉粉+上楼-单点-高校配（14.61*1）,烤奥尔良鸡肉手握披萨+冰凉粉,,,,非会员,14,,,依据餐量提供餐具；手机尾号：6865；送上楼,,14.61,9.60,1.40,0.00,0,0,0.00,0.00,,【活动支出】拼团正招玩法:1.40元,-,-,-,0.00,温州区域,温州直营,,,否,-,平台配送
圣比萨（温大C区店）,SBS00031,温州,"8004706087941825905	",饿了么,平台外卖,已完成,2025-10-20 11:03:06,2025-10-20 11:03:06,2025-10-20 11:03:06,饿了么支付-在线支付,,即时单,2025-10-20 11:03:06,12.18,自动出餐,1,否,"外卖柜取餐【有短信或者电话通知】（0.00*1）,番茄培根意面（25.00*1）,奶香芝士条（19.00*1）,餐盒（4.00*1）",楼下自取+番茄培根意面+金牌芝士披萨【7英寸(手拍)】,,,,非会员,15,,,依据餐量提供餐具；手机尾号：2825；送上楼,,44.00,26.33,17.00,0.00,0,0,1.47,0.00,1.60,【活动支出】店铺满减:0.80元+【活动支出】单品特价:3.10元+【活动支出】单品特价:6.10元+【活动支出】饿了么红包:5.00元+【活动支出】 商家自营销加码:2.00元+【活动支出】CPS商户叠加券:0.00元+【活动支出】替用户承担配送费:1.6元,-,-,-,4.00,温州区域,温州直营,,,否,-,平台配送
圣比萨（温大C区店）,SBS00031,温州,"8021220254081220004	",饿了么,平台外卖,已完成,2025-10-20 11:03:11,2025-10-20 11:03:11,2025-10-20 11:03:11,饿了么支付-在线支付,,即时单,2025-10-20 11:03:11,12.02,自动出餐,1,否,圣BBQ烤鸡肉手握披萨+冰凉粉+上楼-单点-高校配（14.61*1）,烤奥尔良鸡肉手握披萨+冰凉粉,,,,非会员,16,,,依据餐量提供餐具；手机尾号：0919；送上楼,,14.61,9.60,1.40,0.00,0,0,0.00,0.00,,【活动支出】拼团正招玩法:1.40元,-,-,-,0.00,温州区域,温州直营,,,否,-,平台配送
圣比萨（温大C区店）,SBS00031,温州,"8094070254167015825	",饿了么,平台外卖,已完成,2025-10-20 11:03:17,2025-10-20 11:03:17,2025-10-20 11:03:17,饿了么支付-在线支付,,即时单,2025-10-20 11:03:17,12.23,自动出餐,1,否,圣BBQ烤鸡肉手握披萨+冰凉粉+上楼-单点-高校配（14.61*1）,烤奥尔良鸡肉手握披萨+冰凉粉,,,,非会员,17,,,依据餐量提供餐具；手机尾号：6615；聚合送,,14.61,9.60,1.40,0.00,0,0,0.00,0.00,,【活动支出】拼团正招玩法:1.40元,-,-,-,0.00,温州区域,温州直营,,,否,-,平台配送
圣比萨（温大C区店）,SBS00031,温州,"8043706087971252621	",饿了么,平台外卖,已完成,2025-10-20 11:04:00,2025-10-20 11:04:00,2025-10-20 11:04:00,饿了么支付-在线支付,,即时单,2025-10-20 11:04:00,12.22,自动出餐,1,否,"外卖柜取餐【有短信或者电话通知】（0.00*1）,照烧鸡肉单人餐（冰豆花自选)（58.00*1）,餐盒（1.00*1）",楼下自取+焦糖冰豆花+照烧鸡肉手握披萨,,,,非会员,18,,,依据餐量提供餐具；手机尾号：8889；送上楼,,58.00,15.78,39.10,0.00,0,0,0.92,0.00,1.60,【活动支出】单品特价:32.10元+【活动支出】饿了么红包:5.00元+【活动支出】 商家自营销加码:2.00元+【活动支出】替用户承担配送费:1.6元,-,-,-,1.00,温州区域,温州直营,,,否,-,平台配送
圣比萨（温大C区店）,SBS00031,温州,"8092400254070997343	",饿了么,平台外卖,已完成,2025-10-20 11:07:36,2025-10-20 11:07:36,2025-10-20 11:07:36,饿了么支付-在线支付,,即时单,2025-10-20 11:07:36,12.23,自动出餐,1,否,圣BBQ烤鸡肉手握披萨+冰凉粉+上楼-单点-高校配（14.61*1）,烤奥尔良鸡肉手握披萨+冰凉粉,,,,非会员,19,,,依据餐量提供餐具；手机尾号：3667；送上楼,,14.61,9.60,1.40,0.00,0,0,0.00,0.00,,【活动支出】拼团正招玩法:1.40元,-,-,-,0.00,温州区域,温州直营,,,否,-,平台配送
圣比萨（温大C区店）,SBS00031,温州,"8087330254087994860	",饿了么,平台外卖,已完成,2025-10-20 11:07:39,2025-10-20 11:07:39,2025-10-20 11:07:40,饿了么支付-在线支付,,即时单,2025-10-20 11:07:39,12.20,自动出餐,1,否,圣BBQ烤鸡肉手握披萨+冰凉粉+上楼-单点-高校配（14.61*1）,烤奥尔良鸡肉手握披萨+冰凉粉,,,,非会员,20,,,依据餐量提供餐具；手机尾号：7259；送上楼,,14.61,9.60,1.40,0.00,0,0,0.00,0.00,,【活动支出】拼团正招玩法:1.40元,-,-,-,0.00,温州区域,温州直营,,,否,-,平台配送
圣比萨（温大C区店）,SBS00031,温州,"8092400254079253854	",饿了么,平台外卖,已完成,2025-10-20 11:09:50,2025-10-20 11:09:50,2025-10-20 11:09:50,饿了么支付-在线支付,,即时单,2025-10-20 11:09:50,12.02,自动出餐,1,否,"招牌肉酱意面（28.00*1）,送餐上楼【下午1-4点晚上7点之后放外卖柜】（0.00*1）,餐盒（3.00*1）",招牌肉酱意面+送餐上楼,,,,非会员,21,,,依据餐量提供餐具；手机尾号：3667；送上楼,,28.00,13.88,13.10,0.00,0,0,0.82,0.00,1.60,【活动支出】单品特价:4.10元+【活动支出】 商家自营销加码:2.00元+【活动支出】粉丝群:2.00元+【活动支出】饿了么红包:5.00元+【活动支出】替用户承担配送费:1.6元,-,-,-,3.00,温州区域,温州直营,,,否,-,平台配送
圣比萨（温大C区店）,SBS00031,温州,"8046596087972911513	",饿了么,平台外卖,已完成,2025-10-20 11:10:59,2025-10-20 11:10:59,2025-10-20 11:10:59,饿了么支付-在线支付,,即时单,2025-10-20 11:10:59,12.20,自动出餐,1,否,圣BBQ烤鸡肉手握披萨+冰凉粉+上楼-单点-高校配（14.61*1）,烤奥尔良鸡肉手握披萨+冰凉粉,,,,非会员,22,,,依据餐量提供餐具；手机尾号：5006；送上楼,,14.61,9.60,1.40,0.00,0,0,0.00,0.00,,【活动支出】拼团正招玩法:1.40元,-,-,-,0.00,温州区域,温州直营,,,否,-,平台配送
圣比萨（温大C区店）,SBS00031,温州,"8024210254091550978	",饿了么,平台外卖,已完成,2025-10-20 11:11:01,2025-10-20 11:11:01,2025-10-20 11:11:01,饿了么支付-在线支付,,即时单,2025-10-20 11:11:01,12.02,自动出餐,1,否,圣BBQ烤鸡肉手握披萨+冰凉粉+上楼-单点-高校配（14.61*1）,烤奥尔良鸡肉手握披萨+冰凉粉,,,,非会员,23,,,依据餐量提供餐具；手机尾号：7326；送上楼,,14.61,9.60,1.40,0.00,0,0,0.00,0.00,,【活动支出】拼团正招玩法:1.40元,-,-,-,0.00,温州区域,温州直营,,,否,-,平台配送
圣比萨（温大C区店）,SBS00031,温州,"8049440254105334167	",饿了么,平台外卖,已完成,2025-10-20 11:23:32,2025-10-20 11:23:32,2025-10-20 11:23:33,饿了么支付-在线支付,,即时单,2025-10-20 11:23:32,12.10,自动出餐,1,否,"外卖柜取餐【有短信或者电话通知】（0.00*1）,DIY单人套餐（主食小吃饮品自选）（48.00*1）,餐盒（1.00*1）",楼下自取+小雪碧+地道肠1根+番茄牛肉意面,,,,非会员,24,,,依据餐量提供餐具；手机尾号：5515；送上楼,,48.00,15.78,29.10,0.00,0,0,0.92,0.00,1.60,【活动支出】单品特价:20.10元+【活动支出】饿了么红包:5.00元+【活动支出】 商家自营销加码:2.00元+【活动支出】粉丝群:2.00元+【活动支出】替用户承担配送费:1.6元,-,-,-,1.00,温州区域,温州直营,,,否,-,平台配送
圣比萨（温大C区店）,SBS00031,温州,"8048160254127451525	",饿了么,平台外卖,已退款,2025-10-20 11:40:48,2025-10-20 11:40:48,2025-10-20 11:40:48,饿了么支付-在线支付,,预约单,2025-10-20 16:55:00,,未出餐,1,否,"外卖柜取餐【有短信或者电话通知】（0.00*1）,#点击右上角收藏❤0.01多加5g芝士(只能加披萨里)（5.00*1）,烤奥尔良鸡肉手握披萨（32.00*1）,餐盒（1.00*1）",楼下自取+芝士5克+烤奥尔良鸡肉手握披萨,,,,非会员,25,,,依据餐量提供餐具；手机尾号：3077；送上楼,用户申请取消单 其他原因，,37.00,8.58,22.00,3.50,0,0,0.72,0.00,1.60,【活动支出】单品特价:4.90元+【活动支出】单品特价:10.10元+【活动支出】饿了么红包:5.00元+【活动支出】 商家自营销加码:2.00元+【活动支出】CPS商户叠加券:0.00元+【活动支出】淘金币:0.00元+【活动支出】替用户承担配送费:1.6元,-,-,-,1.00,温州区域,温州直营,,,否,-,平台配送
圣比萨（温大C区店）,SBS00031,温州,"8088160254034721094	",饿了么,平台外卖,已完成,2025-10-20 12:04:20,2025-10-20 12:04:20,2025-10-20 12:04:20,饿了么支付-在线支付,,即时单,2025-10-20 12:04:20,12.05,自动出餐,1,否,圣BBQ烤鸡肉手握披萨+冰凉粉+上楼-单点-高校配（14.61*1）,烤奥尔良鸡肉手握披萨+冰凉粉,,,,非会员,26,,,不要冰凉粉，如果能换的话帮忙换一个，没得换就算了 / 依据餐量提供餐具；手机尾号：7033；送上楼,,14.61,9.60,1.40,0.00,0,0,0.00,0.00,,【活动支出】拼团正招玩法:1.40元,-,-,-,0.00,温州区域,温州直营,,,否,-,平台配送
圣比萨（温大C区店）,SBS00031,温州,"8060976088017158531	",饿了么,平台外卖,已完成,2025-10-20 12:04:25,2025-10-20 12:04:25,2025-10-20 12:04:26,饿了么支付-在线支付,,即时单,2025-10-20 12:04:25,12.07,自动出餐,1,否,圣BBQ烤鸡肉手握披萨+冰凉粉+上楼-单点-高校配（14.61*1）,烤奥尔良鸡肉手握披萨+冰凉粉,,,,非会员,27,,,1份餐具；手机尾号：2176；送上楼,,14.61,9.60,1.40,0.00,0,0,0.00,0.00,,【活动支出】拼团正招玩法:1.40元,-,-,-,0.00,温州区域,温州直营,,,否,-,平台配送
圣比萨（温大C区店）,SBS00031,温州,"8098816088011986414	",饿了么,平台外卖,已完成,2025-10-20 12:29:21,2025-10-20 12:29:21,2025-10-20 12:29:22,饿了么支付-在线支付,,即时单,2025-10-20 12:29:21,12.15,自动出餐,1,否,"外卖柜取餐【有短信或者电话通知】（0.00*1）,老酸奶水果手握披萨（32.00*1）,餐盒（1.00*1）",楼下自取+老酸奶水果手握披萨,,,,非会员,28,,,依据餐量提供餐具；手机尾号：5221；送上楼,,32.00,10.08,19.10,0.00,0,0,0.62,0.00,1.60,【活动支出】单品特价:10.10元+【活动支出】饿了么红包:5.00元+【活动支出】 商家自营销加码:2.00元+【活动支出】粉丝群:2.00元+【活动支出】替用户承担配送费:1.6元,-,-,-,1.00,温州区域,温州直营,,,否,-,平台配送
圣比萨（温大C区店）,SBS00031,温州,"8092616088055962904	",饿了么,平台外卖,已完成,2025-10-20 12:31:41,2025-10-20 12:31:41,2025-10-20 12:31:41,饿了么支付-在线支付,,即时单,2025-10-20 12:31:41,12.23,自动出餐,1,否,圣BBQ烤鸡肉手握披萨+冰凉粉+上楼-单点-高校配（14.61*1）,烤奥尔良鸡肉手握披萨+冰凉粉,,,,非会员,29,,,依据餐量提供餐具；手机尾号：4466；送上楼,,14.61,9.60,1.40,0.00,0,0,0.00,0.00,,【活动支出】拼团正招玩法:1.40元,-,-,-,0.00,温州区域,温州直营,,,否,-,平台配送
圣比萨（温大C区店）,SBS00031,温州,"8039916088083657010	",饿了么,平台外卖,已完成,2025-10-20 13:31:42,2025-10-20 13:31:42,2025-10-20 13:31:43,饿了么支付-在线支付,,即时单,2025-10-20 13:31:42,10.17,自动出餐,1,否,"番茄牛肉意面（25.00*1）,外卖柜取餐【有短信或者电话通知】（0.00*1）,餐盒（2.00*1）",番茄牛肉意面+楼下自取,,,,非会员,30,,,依据餐量提供餐具；手机尾号：8626；送上楼,,25.00,10.08,13.10,0.00,0,0,0.62,0.00,1.60,【活动支出】单品特价:6.10元+【活动支出】 商家自营销加码:2.00元+【活动支出】CPS商户叠加券:0.00元+【活动支出】饿了么红包:5.00元+【活动支出】替用户承担配送费:1.6元,-,-,-,2.00,温州区域,温州直营,,,否,-,平台配送
圣比萨（温大C区店）,SBS00031,温州,"8022876088049786304	",饿了么,平台外卖,已完成,2025-10-20 14:05:09,2025-10-20 14:05:09,2025-10-20 14:05:10,饿了么支付-在线支付,,即时单,2025-10-20 14:05:09,10.05,自动出餐,1,否,圣BBQ烤鸡肉手握披萨+冰凉粉+上楼-单点-高校配（14.61*1）,烤奥尔良鸡肉手握披萨+冰凉粉,,,,非会员,31,,,依据餐量提供餐具；手机尾号：8690；聚合送,,14.61,9.60,1.40,0.00,0,0,0.00,0.00,,【活动支出】拼团正招玩法:1.40元,-,-,-,0.00,温州区域,温州直营,,,否,-,平台配送
圣比萨（温大C区店）,SBS00031,温州,"8061876088087763395	",饿了么,平台外卖,已完成,2025-10-20 14:52:30,2025-10-20 14:52:30,2025-10-20 14:52:30,饿了么支付-在线支付,,即时单,2025-10-20 14:52:30,10.10,自动出餐,1,否,"薯角（9.00*1）,外卖柜取餐【有短信或者电话通知】（0.00*1）,葡式蛋挞1个（4.00*1）,招牌大满贯披萨单人餐（64.00*1）,餐盒（3.50*1）",薯角+楼下自取+蛋挞1个+招牌大满贯手握披萨+原味冰豆花,,,,非会员,32,,,依据餐量提供餐具；手机尾号：6862；送上楼,,77.00,26.71,49.10,0.00,0,0,1.49,0.00,1.60,【活动支出】店铺满减:0.80元+【活动支出】单品特价:0.10元+【活动支出】单品特价:3.10元+【活动支出】单品特价:35.10元+【活动支出】超级会员专享红包:6.00元+【活动支出】 商家自营销加码:2.00元+【活动支出】精准营销:2.00元+【活动支出】替用户承担配送费:1.6元,-,-,-,3.50,温州区域,温州直营,,,否,-,平台配送
圣比萨（温大C区店）,SBS00031,温州,"8052470254110906768	",饿了么,平台外卖,已完成,2025-10-20 15:13:57,2025-10-20 15:13:57,2025-10-20 15:13:58,饿了么支付-在线支付,,即时单,2025-10-20 15:13:57,10.10,自动出餐,1,否,圣BBQ烤鸡肉手握披萨+冰凉粉+上楼-单点-高校配（14.61*1）,烤奥尔良鸡肉手握披萨+冰凉粉,,,,非会员,33,,,依据餐量提供餐具；手机尾号：1757；送上楼,,14.61,9.60,1.40,0.00,0,0,0.00,0.00,,【活动支出】拼团正招玩法:1.40元,-,-,-,0.00,温州区域,温州直营,,,否,-,平台配送
圣比萨（温大C区店）,SBS00031,温州,"8074586088094464333	",饿了么,平台外卖,已完成,2025-10-20 15:20:18,2025-10-20 15:20:18,2025-10-20 15:20:19,饿了么支付-在线支付,,即时单,2025-10-20 15:20:18,10.17,自动出餐,1,否,圣BBQ烤鸡肉手握披萨+冰凉粉+上楼-单点-高校配（14.61*1）,烤奥尔良鸡肉手握披萨+冰凉粉,,,,非会员,34,,,依据餐量提供餐具；手机尾号：8169；送上楼,,14.61,9.60,1.40,0.00,0,0,0.00,0.00,,【活动支出】拼团正招玩法:1.40元,-,-,-,0.00,温州区域,温州直营,,,否,-,平台配送
圣比萨（温大C区店）,SBS00031,温州,"8012350254302082491	",饿了么,平台外卖,已完成,2025-10-20 15:26:28,2025-10-20 15:26:28,2025-10-20 15:26:28,饿了么支付-在线支付,,预约单,2025-10-20 16:40:00,28.65,自动出餐,1,否,"外卖柜取餐【有短信或者电话通知】（0.00*1）,照烧鸡肉手握披萨（32.00*1）,餐盒（1.00*1）",楼下自取+照烧鸡肉手握披萨,,,,非会员,35,,,1份餐具；手机尾号：7506；送上楼,,32.00,11.98,17.10,0.00,0,0,0.72,0.00,1.60,【活动支出】单品特价:10.10元+【活动支出】饿了么红包:7.00元+【活动支出】替用户承担配送费:1.6元,-,-,-,1.00,温州区域,温州直营,,,否,-,平台配送
圣比萨（温大C区店）,SBS00031,温州,"8041886088097156480	",饿了么,平台外卖,已完成,2025-10-20 15:46:49,2025-10-20 15:46:49,2025-10-20 15:46:49,饿了么支付-在线支付,,即时单,2025-10-20 15:46:49,10.20,自动出餐,1,否,圣BBQ烤鸡肉手握披萨+冰凉粉+上楼-单点-高校配（14.61*1）,烤奥尔良鸡肉手握披萨+冰凉粉,,,,非会员,36,,,依据餐量提供餐具；手机尾号：8702；送上楼,,14.61,9.60,1.40,0.00,0,0,0.00,0.00,,【活动支出】拼团正招玩法:1.40元,-,-,-,0.00,温州区域,温州直营,,,否,-,平台配送
圣比萨（温大C区店）,SBS00031,温州,"8064090254223373588	",饿了么,平台外卖,已完成,2025-10-20 15:47:45,2025-10-20 15:47:45,2025-10-20 15:47:46,饿了么支付-在线支付,,即时单,2025-10-20 15:47:45,10.05,自动出餐,1,否,"外卖柜取餐【有短信或者电话通知】（0.00*1）,披萨买一送一（58.00*1）,餐盒（2.00*1）",楼下自取+照烧鸡肉手握披萨+咔滋脆炸鸡手握披萨,,,,非会员,37,,,对骑手打电话没接放门口 / 依据餐量提供餐具；手机尾号：5100；送上楼,,58.00,28.32,26.90,0.00,0,0,1.58,0.00,1.60,【活动支出】店铺满减:0.80元+【活动支出】单品特价:18.10元+【活动支出】饿了么红包:8.00元+【活动支出】饿了么红包:0.00元+【活动支出】替用户承担配送费:1.6元,-,-,-,2.00,温州区域,温州直营,,,否,-,平台配送
圣比萨（温大C区店）,SBS00031,温州,"8068220254308758844	",饿了么,平台外卖,已完成,2025-10-20 16:03:31,2025-10-20 16:03:31,2025-10-20 16:03:31,饿了么支付-在线支付,,即时单,2025-10-20 16:03:31,10.17,自动出餐,1,否,蛋挞2个-单点（8.51*1）,蛋挞,,,,非会员,38,,,依据餐量提供餐具；手机尾号：9693；送上楼,,8.51,4.90,0.00,0.00,0,0,0.00,0.00,,【活动支出】拼团反圈活动:0.00元,-,-,-,0.00,温州区域,温州直营,,,否,-,平台配送
圣比萨（温大C区店）,SBS00031,温州,"8055516088083681610	",饿了么,平台外卖,已完成,2025-10-20 16:04:35,2025-10-20 16:04:35,2025-10-20 16:04:35,饿了么支付-在线支付,,即时单,2025-10-20 16:04:35,10.17,自动出餐,1,否,圣BBQ烤鸡肉手握披萨+冰凉粉+上楼-单点-高校配（14.61*1）,烤奥尔良鸡肉手握披萨+冰凉粉,,,,非会员,39,,,依据餐量提供餐具；手机尾号：0281；送上楼,,14.61,9.60,1.40,0.00,0,0,0.00,0.00,,【活动支出】拼团正招玩法:1.40元,-,-,-,0.00,温州区域,温州直营,,,否,-,平台配送
圣比萨（温大C区店）,SBS00031,温州,"8061586088129422629	",饿了么,平台外卖,已完成,2025-10-20 16:09:18,2025-10-20 16:09:18,2025-10-20 16:09:18,饿了么支付-在线支付,,即时单,2025-10-20 16:09:18,10.12,自动出餐,1,否,圣BBQ烤鸡肉手握披萨+冰凉粉+上楼-单点-高校配（14.61*1）,烤奥尔良鸡肉手握披萨+冰凉粉,,,,非会员,40,,,依据餐量提供餐具；手机尾号：5531；聚合送,,14.61,9.60,1.40,0.00,0,0,0.00,0.00,,【活动支出】拼团正招玩法:1.40元,-,-,-,0.00,温州区域,温州直营,,,否,-,平台配送
圣比萨（温大C区店）,SBS00031,温州,"8038686088110015821	",饿了么,平台外卖,已完成,2025-10-20 16:17:29,2025-10-20 16:17:29,2025-10-20 16:17:30,饿了么支付-在线支付,,即时单,2025-10-20 16:17:29,10.12,自动出餐,1,否,圣BBQ烤鸡肉手握披萨+冰凉粉+上楼-单点-高校配（14.61*1）,烤奥尔良鸡肉手握披萨+冰凉粉,,,,非会员,41,,,依据餐量提供餐具；手机尾号：1366；送上楼,,14.61,9.60,1.40,0.00,0,0,0.00,0.00,,【活动支出】拼团正招玩法:1.40元,-,-,-,0.00,温州区域,温州直营,,,否,-,平台配送
圣比萨（温大C区店）,SBS00031,温州,"8036586088085534164	",饿了么,平台外卖,已完成,2025-10-20 16:18:16,2025-10-20 16:18:16,2025-10-20 16:18:16,饿了么支付-在线支付,,即时单,2025-10-20 16:18:16,10.10,自动出餐,1,否,圣BBQ烤鸡肉手握披萨+冰凉粉+上楼-单点-高校配（14.61*1）,烤奥尔良鸡肉手握披萨+冰凉粉,,,,非会员,42,,,依据餐量提供餐具；手机尾号：5254；送上楼,,14.61,9.60,1.40,0.00,0,0,0.00,0.00,,【活动支出】拼团正招玩法:1.40元,-,-,-,0.00,温州区域,温州直营,,,否,-,平台配送
圣比萨（温大C区店）,SBS00031,温州,"8047110254219870553	",饿了么,平台外卖,已完成,2025-10-20 16:22:11,2025-10-20 16:22:11,2025-10-20 16:22:12,饿了么支付-在线支付,,即时单,2025-10-20 16:22:11,10.17,自动出餐,1,否,圣BBQ烤鸡肉手握披萨+冰凉粉+上楼-单点-高校配（14.61*1）,烤奥尔良鸡肉手握披萨+冰凉粉,,,,非会员,44,,,依据餐量提供餐具；手机尾号：6897；送上楼,,14.61,9.60,1.40,0.00,0,0,0.00,0.00,,【活动支出】拼团正招玩法:1.40元,-,-,-,0.00,温州区域,温州直营,,,否,-,平台配送
圣比萨（温大C区店）,SBS00031,温州,"8017120254317331811	",饿了么,平台外卖,已完成,2025-10-20 16:22:11,2025-10-20 16:22:11,2025-10-20 16:22:12,饿了么支付-在线支付,,即时单,2025-10-20 16:22:11,10.20,自动出餐,1,否,圣BBQ烤鸡肉手握披萨+冰凉粉+上楼-单点-高校配（14.61*1）,烤奥尔良鸡肉手握披萨+冰凉粉,,,,非会员,43,,,依据餐量提供餐具；手机尾号：1982；送上楼,,14.61,9.60,1.40,0.00,0,0,0.00,0.00,,【活动支出】拼团正招玩法:1.40元,-,-,-,0.00,温州区域,温州直营,,,否,-,平台配送
圣比萨（温大C区店）,SBS00031,温州,"8064270254239155514	",饿了么,平台外卖,已完成,2025-10-20 16:25:56,2025-10-20 16:25:56,2025-10-20 16:25:56,饿了么支付-在线支付,,即时单,2025-10-20 16:25:56,10.08,自动出餐,1,否,"招牌大满贯单人套餐（51.00*1）,送餐上楼【下午1-4点晚上7点之后放外卖柜】（0.00*1）,餐盒（1.00*1）",上校鸡块+大圣招牌大满贯披萨(7英寸(手拍))+小可乐+送餐上楼,,,,非会员,45,,,依据餐量提供餐具；手机尾号：3778；送上楼,,51.00,22.43,25.10,0.00,0,0,1.27,0.00,1.60,【活动支出】单品特价:18.10元+【活动支出】 商家自营销加码:2.00元+【活动支出】饿了么红包:5.00元+【活动支出】替用户承担配送费:1.6元,-,-,-,1.00,温州区域,温州直营,,,否,-,平台配送
圣比萨（温大C区店）,SBS00031,温州,"8051696088143336768	",饿了么,平台外卖,已完成,2025-10-20 16:30:50,2025-10-20 16:30:50,2025-10-20 16:30:50,饿了么支付-在线支付,,即时单,2025-10-20 16:30:50,10.12,自动出餐,1,否,圣BBQ烤鸡肉手握披萨+冰凉粉+上楼-单点-高校配（14.61*1）,烤奥尔良鸡肉手握披萨+冰凉粉,,,,非会员,46,,,依据餐量提供餐具；手机尾号：8631；送上楼,,14.61,9.60,1.40,0.00,0,0,0.00,0.00,,【活动支出】拼团正招玩法:1.40元,-,-,-,0.00,温州区域,温州直营,,,否,-,平台配送
圣比萨（温大C区店）,SBS00031,温州,"8001556088093607209	",饿了么,平台外卖,已完成,2025-10-20 16:30:50,2025-10-20 16:30:50,2025-10-20 16:30:50,饿了么支付-在线支付,,即时单,2025-10-20 16:30:50,10.08,自动出餐,1,否,番茄牛肉意面-单点（12.64*1）,番茄牛肉意面,,,,非会员,47,,,依据餐量提供餐具；手机尾号：2833；送上楼,,12.64,8.13,0.90,0.00,0,0,0.00,0.00,,【活动支出】拼团正招玩法:0.90元,-,-,-,0.00,温州区域,温州直营,,,否,-,平台配送
圣比萨（温大C区店）,SBS00031,温州,"8096190254243793341	",饿了么,平台外卖,已完成,2025-10-20 16:36:17,2025-10-20 16:36:17,2025-10-20 16:36:17,饿了么支付-在线支付,,即时单,2025-10-20 16:36:17,10.10,自动出餐,1,否,圣BBQ烤鸡肉手握披萨+冰凉粉+上楼-单点-高校配（14.61*1）,烤奥尔良鸡肉手握披萨+冰凉粉,,,,非会员,48,,,依据餐量提供餐具；手机尾号：2291；送上楼,,14.61,9.60,1.40,0.00,0,0,0.00,0.00,,【活动支出】拼团正招玩法:1.40元,-,-,-,0.00,温州区域,温州直营,,,否,-,平台配送
圣比萨（温大C区店）,SBS00031,温州,"8088626088142335267	",饿了么,平台外卖,已退款,2025-10-20 16:36:24,2025-10-20 16:36:24,2025-10-20 16:36:24,饿了么支付-在线支付,,即时单,2025-10-20 16:36:24,10.15,自动出餐,1,否,番茄牛肉意面-单点（12.64*1）,番茄牛肉意面,,,,非会员,49,,,依据餐量提供餐具；手机尾号：5519；送上楼,餐厅同意退单 骑手电话都打不通 三个小时都没送到,12.64,2.30,0.90,5.83,0,0,0.00,0.00,,【活动支出】拼团正招玩法:0.90元,-,-,-,0.00,温州区域,温州直营,,,否,-,平台配送
圣比萨（温大C区店）,SBS00031,温州,"8082566088139580856	",饿了么,平台外卖,已完成,2025-10-20 16:37:37,2025-10-20 16:37:37,2025-10-20 16:37:38,饿了么支付-在线支付,,即时单,2025-10-20 16:37:37,10.12,自动出餐,1,否,"送餐上楼【下午1-4点晚上7点之后放外卖柜】（0.00*1）,DIY单人套餐（主食小吃饮品自选）（48.00*1）,餐盒（1.00*1）",送餐上楼+小可乐+上校鸡块3个+番茄牛肉意面,,,,非会员,50,,,到了发消息即可，不用打电话 / 1份餐具；手机尾号：0981；送上楼,,48.00,14.83,30.10,0.00,0,0,0.87,0.00,1.60,【活动支出】单品特价:20.10元+【活动支出】饿了么红包:5.00元+【活动支出】 商家自营销加码:2.00元+【活动支出】粉丝群:3.00元+【活动支出】替用户承担配送费:1.6元,-,-,-,1.00,温州区域,温州直营,,,否,-,平台配送
圣比萨（温大C区店）,SBS00031,温州,"8001220254240790829	",饿了么,平台外卖,已完成,2025-10-20 16:37:59,2025-10-20 16:37:59,2025-10-20 16:37:59,饿了么支付-在线支付,,即时单,2025-10-20 16:37:59,10.20,自动出餐,1,否,圣BBQ烤鸡肉手握披萨+冰凉粉+上楼-单点-高校配（14.61*1）,烤奥尔良鸡肉手握披萨+冰凉粉,,,,非会员,51,,,依据餐量提供餐具；手机尾号：5910；送上楼,,14.61,9.60,1.40,0.00,0,0,0.00,0.00,,【活动支出】拼团正招玩法:1.40元,-,-,-,0.00,温州区域,温州直营,,,否,-,平台配送
圣比萨（温大C区店）,SBS00031,温州,"8037916088151610750	",饿了么,平台外卖,已完成,2025-10-20 16:45:50,2025-10-20 16:45:50,2025-10-20 16:45:50,饿了么支付-在线支付,,即时单,2025-10-20 16:45:50,10.05,自动出餐,1,否,"送餐上楼【下午1-4点晚上7点之后放外卖柜】（0.00*1）,日系照烧鸡肉披萨-7英寸[{""name"":""规格"",""value"":""7英寸""}]（45.00*1）",送餐上楼+日系照烧鸡披萨,,,,非会员,52,,,依据餐量提供餐具；手机尾号：1256；送上楼,,45.00,12.93,28.10,0.00,0,0,0.77,0.00,1.60,【活动支出】单品特价:21.10元+【活动支出】饿了么红包:5.00元+【活动支出】 商家自营销加码:2.00元+【活动支出】CPS商户叠加券:0.00元+【活动支出】淘金币:0.00元+【活动支出】替用户承担配送费:1.6元,-,-,-,0.00,温州区域,温州直营,,,否,-,平台配送
圣比萨（温大C区店）,SBS00031,温州,"8060946088098483537	",饿了么,平台外卖,已完成,2025-10-20 16:46:53,2025-10-20 16:46:53,2025-10-20 16:46:54,饿了么支付-在线支付,,即时单,2025-10-20 16:46:53,10.17,自动出餐,1,否,番茄牛肉意面-单点（12.64*1）,番茄牛肉意面,,,,非会员,53,,,依据餐量提供餐具；手机尾号：7201；送上楼,,12.64,8.13,0.90,0.00,0,0,0.00,0.00,,【活动支出】拼团正招玩法:0.90元,-,-,-,0.00,温州区域,温州直营,,,否,-,平台配送
圣比萨（温大C区店）,SBS00031,温州,"8050390254146646418	",饿了么,平台外卖,已完成,2025-10-20 16:46:55,2025-10-20 16:46:55,2025-10-20 16:46:55,饿了么支付-在线支付,,即时单,2025-10-20 16:46:55,10.22,自动出餐,1,否,圣BBQ烤鸡肉手握披萨+冰凉粉+上楼-单点-高校配（14.61*1）,烤奥尔良鸡肉手握披萨+冰凉粉,,,,非会员,54,,,依据餐量提供餐具；手机尾号：4420；送上楼,,14.61,9.60,1.40,0.00,0,0,0.00,0.00,,【活动支出】拼团正招玩法:1.40元,-,-,-,0.00,温州区域,温州直营,,,否,-,平台配送
圣比萨（温大C区店）,SBS00031,温州,"8083656088100997458	",饿了么,平台外卖,已完成,2025-10-20 16:47:29,2025-10-20 16:47:29,2025-10-20 16:47:30,饿了么支付-在线支付,,即时单,2025-10-20 16:47:29,10.12,自动出餐,1,否,番茄牛肉意面-单点（12.64*1）,番茄牛肉意面,,,,非会员,55,,,加急谢谢 / 依据餐量提供餐具；手机尾号：8202；送上楼,,12.64,8.13,0.90,0.00,0,0,0.00,0.00,,【活动支出】拼团正招玩法:0.90元,-,-,-,0.00,温州区域,温州直营,,,否,-,平台配送
圣比萨（温大C区店）,SBS00031,温州,"8031616088094432743	",饿了么,平台外卖,已完成,2025-10-20 16:47:32,2025-10-20 16:47:32,2025-10-20 16:47:32,饿了么支付-在线支付,,即时单,2025-10-20 16:47:32,10.22,自动出餐,1,否,圣BBQ烤鸡肉手握披萨+冰凉粉+上楼-单点-高校配（14.61*1）,烤奥尔良鸡肉手握披萨+冰凉粉,,,,非会员,56,,,依据餐量提供餐具；手机尾号：6658；送上楼,,14.61,9.60,1.40,0.00,0,0,0.00,0.00,,【活动支出】拼团正招玩法:1.40元,-,-,-,0.00,温州区域,温州直营,,,否,-,平台配送
圣比萨（温大C区店）,SBS00031,温州,"8090180254144765346	",饿了么,平台外卖,已完成,2025-10-20 16:49:22,2025-10-20 16:49:22,2025-10-20 16:49:22,饿了么支付-在线支付,,即时单,2025-10-20 16:49:22,10.12,自动出餐,1,否,"送餐上楼【下午1-4点晚上7点之后放外卖柜】（0.00*1）,【披萨任选】披萨+豆花自选+小吃自选（52.00*1）,餐盒（1.00*1）",送餐上楼+照烧鸡肉手握披萨+加糖龙井冰豆花+盐酥鸡粒,,,,非会员,57,,,依据餐量提供餐具；手机尾号：6365；送上楼,,52.00,22.43,26.10,0.00,0,0,1.27,0.00,1.60,【活动支出】单品特价:17.10元+【活动支出】饿了么红包:5.00元+【活动支出】 商家自营销加码:2.00元+【活动支出】粉丝群:2.00元+【活动支出】替用户承担配送费:1.6元,-,-,-,1.00,温州区域,温州直营,,,否,-,平台配送
圣比萨（温大C区店）,SBS00031,温州,"8079796088098254143	",饿了么,平台外卖,已完成,2025-10-20 16:52:56,2025-10-20 16:52:56,2025-10-20 16:52:56,饿了么支付-在线支付,,即时单,2025-10-20 16:52:56,10.12,自动出餐,1,否,"蛋挞2个-单点[{""name"":""规格"",""value"":""单点""}]（8.51*1）",蛋挞,,,,非会员,58,,,依据餐量提供；手机尾号：4117；送上楼 需要一起打包,,8.51,4.90,0.00,0.00,0,0,0.00,0.00,,【活动支出】拼团反圈活动:0.00元,-,-,-,0.00,温州区域,温州直营,,,否,-,平台配送
圣比萨（温大C区店）,SBS00031,温州,"8079796088098254144	",饿了么,平台外卖,已完成,2025-10-20 16:52:56,2025-10-20 16:52:56,2025-10-20 16:52:56,饿了么支付-在线支付,,即时单,2025-10-20 16:52:56,10.07,自动出餐,1,否,"番茄牛肉意面-单点[{""name"":""规格"",""value"":""单点""}]（12.64*1）",番茄牛肉意面,,,,非会员,59,,,依据餐量提供；手机尾号：4117；送上楼 需要一起打包,,12.64,8.13,0.90,0.00,0,0,0.00,0.00,,【活动支出】拼团正招玩法:0.90元,-,-,-,0.00,温州区域,温州直营,,,否,-,平台配送
圣比萨（温大C区店）,SBS00031,温州,"8064696088150372802	",饿了么,平台外卖,已完成,2025-10-20 16:54:36,2025-10-20 16:54:36,2025-10-20 16:54:36,饿了么支付-在线支付,,即时单,2025-10-20 16:54:36,10.12,自动出餐,1,否,圣BBQ烤鸡肉手握披萨+冰凉粉+上楼-单点-高校配（14.61*1）,烤奥尔良鸡肉手握披萨+冰凉粉,,,,非会员,60,,,1份餐具；手机尾号：9185；送上楼,,14.61,9.60,1.40,0.00,0,0,0.00,0.00,,【活动支出】拼团正招玩法:1.40元,-,-,-,0.00,温州区域,温州直营,,,否,-,平台配送
圣比萨（温大C区店）,SBS00031,温州,"8071390254250887528	",饿了么,平台外卖,已完成,2025-10-20 16:57:35,2025-10-20 16:57:35,2025-10-20 16:57:35,饿了么支付-在线支付,,即时单,2025-10-20 16:57:35,10.12,自动出餐,1,否,"DIY单人套餐（主食小吃饮品自选）（48.00*1）,送餐上楼【下午1-4点晚上7点之后放外卖柜】（0.00*1）,餐盒（1.00*1）",小可乐+盐酥鸡粒+烤奥尔良鸡肉手握披萨+送餐上楼,,,,非会员,61,,,依据餐量提供餐具；手机尾号：4628；送上楼,,48.00,17.68,27.10,0.00,0,0,1.02,0.00,1.60,【活动支出】单品特价:20.10元+【活动支出】饿了么红包:7.00元+【活动支出】替用户承担配送费:1.6元,-,-,-,1.00,温州区域,温州直营,,,否,-,平台配送
圣比萨（温大C区店）,SBS00031,温州,"8032140254233181458	",饿了么,平台外卖,已完成,2025-10-20 17:00:49,2025-10-20 17:00:49,2025-10-20 17:00:49,饿了么支付-在线支付,,即时单,2025-10-20 17:00:49,10.22,自动出餐,1,否,圣BBQ烤鸡肉手握披萨+冰凉粉+上楼-单点-高校配（14.61*1）,烤奥尔良鸡肉手握披萨+冰凉粉,,,,非会员,62,,,1份餐具；手机尾号：0546；送上楼,,14.61,9.60,1.40,0.00,0,0,0.00,0.00,,【活动支出】拼团正招玩法:1.40元,-,-,-,0.00,温州区域,温州直营,,,否,-,平台配送
圣比萨（温大C区店）,SBS00031,温州,"8082410254252125660	",饿了么,平台外卖,已完成,2025-10-20 17:00:50,2025-10-20 17:00:50,2025-10-20 17:00:50,饿了么支付-在线支付,,即时单,2025-10-20 17:00:50,10.18,自动出餐,1,否,圣BBQ烤鸡肉手握披萨+冰凉粉+上楼-单点-高校配（14.61*1）,烤奥尔良鸡肉手握披萨+冰凉粉,,,,非会员,63,,,都发大大大大财！ / 依据餐量提供餐具；手机尾号：4217；送上楼,,14.61,9.60,1.40,0.00,0,0,0.00,0.00,,【活动支出】拼团正招玩法:1.40元,-,-,-,0.00,温州区域,温州直营,,,否,-,平台配送
圣比萨（温大C区店）,SBS00031,温州,"8029696088152520141	",饿了么,平台外卖,已完成,2025-10-20 17:07:34,2025-10-20 17:07:34,2025-10-20 17:07:34,饿了么支付-在线支付,,即时单,2025-10-20 17:07:34,10.10,自动出餐,1,否,圣BBQ烤鸡肉手握披萨+冰凉粉+上楼-单点-高校配（14.61*1）,烤奥尔良鸡肉手握披萨+冰凉粉,,,,非会员,64,,,依据餐量提供餐具；手机尾号：9553；聚合送,,14.61,9.60,1.40,0.00,0,0,0.00,0.00,,【活动支出】拼团正招玩法:1.40元,-,-,-,0.00,温州区域,温州直营,,,否,-,平台配送
圣比萨（温大C区店）,SBS00031,温州,"8003270254261053730	",饿了么,平台外卖,已完成,2025-10-20 17:13:48,2025-10-20 17:13:48,2025-10-20 17:13:48,饿了么支付-在线支付,,即时单,2025-10-20 17:13:48,10.18,自动出餐,1,否,番茄牛肉意面-单点（12.64*1）,番茄牛肉意面,,,,非会员,65,,,依据餐量提供餐具；手机尾号：7672；聚合送,,12.64,8.13,0.90,0.00,0,0,0.00,0.00,,【活动支出】拼团正招玩法:0.90元,-,-,-,0.00,温州区域,温州直营,,,否,-,平台配送
圣比萨（温大C区店）,SBS00031,温州,"8003270254151927179	",饿了么,平台外卖,已完成,2025-10-20 17:13:48,2025-10-20 17:13:48,2025-10-20 17:13:48,饿了么支付-在线支付,,即时单,2025-10-20 17:13:48,10.05,自动出餐,1,否,圣BBQ烤鸡肉手握披萨+冰凉粉+上楼-单点-高校配（14.61*1）,烤奥尔良鸡肉手握披萨+冰凉粉,,,,非会员,66,,,依据餐量提供餐具；手机尾号：7672；聚合送,,14.61,9.60,1.40,0.00,0,0,0.00,0.00,,【活动支出】拼团正招玩法:1.40元,-,-,-,0.00,温州区域,温州直营,,,否,-,平台配送
圣比萨（温大C区店）,SBS00031,温州,"8029380254351943027	",饿了么,平台外卖,已完成,2025-10-20 17:35:58,2025-10-20 17:35:58,2025-10-20 17:35:59,饿了么支付-在线支付,,即时单,2025-10-20 17:35:58,12.12,自动出餐,1,否,番茄牛肉意面-单点（12.64*1）,番茄牛肉意面,,,,非会员,67,,,依据餐量提供餐具；手机尾号：3071；聚合送,,12.64,8.13,0.90,0.00,0,0,0.00,0.00,,【活动支出】拼团正招玩法:0.90元,-,-,-,0.00,温州区域,温州直营,,,否,-,平台配送
圣比萨（温大C区店）,SBS00031,温州,"8014390254170496276	",饿了么,平台外卖,已完成,2025-10-20 17:43:06,2025-10-20 17:43:06,2025-10-20 17:43:06,饿了么支付-在线支付,,即时单,2025-10-20 17:43:06,12.08,自动出餐,1,否,圣BBQ烤鸡肉手握披萨+冰凉粉+上楼-单点-高校配（14.61*1）,烤奥尔良鸡肉手握披萨+冰凉粉,,,,非会员,68,,,依据餐量提供餐具；手机尾号：7213；送上楼,,14.61,9.60,1.40,0.00,0,0,0.00,0.00,,【活动支出】拼团正招玩法:1.40元,-,-,-,0.00,温州区域,温州直营,,,否,-,平台配送
圣比萨（温大C区店）,SBS00031,温州,"8051220254177567156	",饿了么,平台外卖,已完成,2025-10-20 17:46:32,2025-10-20 17:46:32,2025-10-20 17:46:32,饿了么支付-在线支付,,即时单,2025-10-20 17:46:32,12.05,自动出餐,1,否,"深海墨鱼丸3个（9.00*1）,#点击右上角收藏❤0.01多加5g芝士(只能加披萨里)（5.00*1）,送餐上楼【下午1-4点晚上7点之后放外卖柜】（0.00*1）,【披萨任选】披萨+豆花自选+小吃自选（53.00*1）,奥尔良烤翅（10.00*1）,葡式蛋挞1个（4.00*1）,餐盒（4.50*1）",深海墨鱼丸3个+芝士5克+送餐上楼+咔滋脆炸鸡手握披萨+红豆龙井冰豆花+金丝鸡排+奥尔良烤翅+蛋挞1个,,,,非会员,69,,,依据餐量提供餐具；手机尾号：5296；送上楼,,81.00,41.91,38.10,0.00,0,0,2.29,0.00,1.60,【活动支出】店铺满减:0.80元+【活动支出】单品特价:4.10元+【活动支出】单品特价:4.90元+【活动支出】单品特价:17.10元+【活动支出】单品特价:0.10元+【活动支出】单品特价:3.10元+【活动支出】饿了么红包:8.00元+【活动支出】替用户承担配送费:1.6元,-,-,-,4.50,温州区域,温州直营,,,否,-,平台配送
圣比萨（温大C区店）,SBS00031,温州,"8003490254179648812	",饿了么,平台外卖,已完成,2025-10-20 17:49:01,2025-10-20 17:49:01,2025-10-20 17:49:02,饿了么支付-在线支付,,即时单,2025-10-20 17:49:01,12.15,自动出餐,1,否,"#点击右上角收藏❤0.01多加5g芝士(只能加披萨里)（5.00*1）,送餐上楼【下午1-4点晚上7点之后放外卖柜】（0.00*1）,奶香芝士条（19.00*1）,葡式蛋挞1个（4.00*1）,照烧鸡肉单人餐（冰豆花自选)（60.00*1）,餐盒（3.50*1）",芝士5克+送餐上楼+金牌芝士披萨【7英寸(手拍)】+蛋挞1个+红豆冰豆花+照烧鸡肉手握披萨,,,,非会员,70,,,依据餐量提供餐具；手机尾号：7303；送上楼,,88.00,31.55,55.00,0.00,0,0,1.75,0.00,1.60,【活动支出】单品特价:4.90元+【活动支出】店铺满减:0.80元+【活动支出】单品特价:6.10元+【活动支出】单品特价:3.10元+【活动支出】单品特价:32.10元+【活动支出】超级会员专享红包:6.00元+【活动支出】 商家自营销加码:2.00元+【活动支出】替用户承担配送费:1.6元,-,-,-,3.50,温州区域,温州直营,,,否,-,平台配送
圣比萨（温大C区店）,SBS00031,温州,"8002160254180557287	",饿了么,平台外卖,已完成,2025-10-20 17:58:40,2025-10-20 17:58:40,2025-10-20 17:58:40,饿了么支付-在线支付,,即时单,2025-10-20 17:58:40,12.18,自动出餐,1,否,"送餐上楼【下午1-4点晚上7点之后放外卖柜】（0.00*1）,台式香烤地道肠（12.00*1）,葡式蛋挞1个（4.00*1）,上校鸡块3个（7.00*1）,新奥尔良鸡肉披萨-7英寸[{""name"":""规格"",""value"":""7英寸""}]（45.00*1）,餐盒（3.50*1）",送餐上楼+地道肠1根+蛋挞1个+上校鸡块3个+新奥尔良烤鸡肉披萨,,,,非会员,71,,,无需餐具；手机尾号：7649；送上楼,,68.00,25.76,41.10,0.00,0,0,1.44,0.00,1.60,【活动支出】单品特价:7.10元+【活动支出】单品特价:3.10元+【活动支出】单品特价:2.80元+【活动支出】单品特价:21.10元+【活动支出】饿了么红包:7.00元+【活动支出】替用户承担配送费:1.6元,-,-,-,3.50,温州区域,温州直营,,,否,-,平台配送
圣比萨（温大C区店）,SBS00031,温州,"8086390254374571499	",饿了么,平台外卖,已完成,2025-10-20 18:10:43,2025-10-20 18:10:43,2025-10-20 18:10:43,饿了么支付-在线支付,,即时单,2025-10-20 18:10:43,12.12,自动出餐,1,否,奥尔良烤翅-单点（10.51*1）,奥尔良烤翅,,,,非会员,72,,,无需餐具；手机尾号：8636；送上楼,,10.51,6.90,0.00,0.00,0,0,0.00,0.00,,【活动支出】拼团反圈活动:0.00元,-,-,-,0.00,温州区域,温州直营,,,否,-,平台配送
圣比萨（温大C区店）,SBS00031,温州,"8007746088191428969	",饿了么,平台外卖,已完成,2025-10-20 18:26:12,2025-10-20 18:26:12,2025-10-20 18:26:12,饿了么支付-在线支付,,即时单,2025-10-20 18:26:12,12.05,自动出餐,1,否,圣BBQ烤鸡肉手握披萨+冰凉粉+上楼-单点-高校配（14.61*1）,烤奥尔良鸡肉手握披萨+冰凉粉,,,,非会员,73,,,依据餐量提供餐具；手机尾号：3119；送上楼,,14.61,9.60,1.40,0.00,0,0,0.00,0.00,,【活动支出】拼团正招玩法:1.40元,-,-,-,0.00,温州区域,温州直营,,,否,-,平台配送
圣比萨（泰亨温学府店）,SBM00001,温州,"8048856087995067764	",饿了么,平台外卖,已完成,2025-10-20 11:35:21,2025-10-20 11:35:21,2025-10-20 11:35:21,饿了么支付-在线支付,,即时单,2025-10-20 11:35:21,12.18,自动出餐,1,否,新奥尔良烤鸡肉披萨7寸-单点（22.00*1）,新奥尔良烤鸡肉披萨【7英寸(手拍)】,,,,非会员,1,,,依据餐量提供餐具,,22.00,12.00,0.00,0.00,0,0,0.00,0.00,,【活动支出】拼团反圈活动:0.00元,-,-,-,0.00,温州区域,温州加盟,,,否,-,平台配送
圣比萨（泰亨温学府店）,SBM00001,温州,"8055766088114138603	",饿了么,平台外卖,已退款,2025-10-20 15:15:20,2025-10-20 15:15:20,2025-10-20 15:15:21,饿了么支付-在线支付,,即时单,2025-10-20 15:15:20,10.00,自动出餐,1,否,新奥尔良烤鸡肉披萨7寸-单点（22.00*1）,新奥尔良烤鸡肉披萨【7英寸(手拍)】,,,,非会员,2,,,依据餐量提供餐具,用户申请取消单 临时有事，我不想要了，,22.00,-2.20,0.00,14.20,0,0,0.00,0.00,,【活动支出】拼团反圈活动:0.00元,-,-,-,0.00,温州区域,温州加盟,,,否,-,平台配送
圣比萨（泰亨温学府店）,SBM00001,温州,"8013050254212329953	",饿了么,平台外卖,已完成,2025-10-20 15:53:01,2025-10-20 15:53:01,2025-10-20 15:53:01,饿了么支付-在线支付,,即时单,2025-10-20 15:53:01,10.00,自动出餐,1,否,"新奥尔良烤鸡肉披萨7英寸（45.99*1）,盐酥鸡粒（21.00*1）,奶酪芝士卷边（7英寸）（4.90*1）,餐盒（4.00*1）",新奥尔良烤鸡肉披萨【7英寸(手拍)】+盐酥鸡粒+奶酪芝士卷边7,,,,非会员,3,,,依据餐量提供餐具,,71.89,25.63,40.19,0.00,0,0,2.42,0.00,3.50,【活动支出】店铺满减:1.00元+【活动支出】首次光顾立减:1.00元+【活动支出】单品特价:22.09元+【活动支出】单品特价:8.10元+【活动支出】饿了么红包:8.00元+【活动支出】替用户承担配送费:3.5元,-,-,-,4.00,温州区域,温州加盟,,,否,-,平台配送
圣比萨（泰亨温学府店）,SBM00001,温州,"8015956088114255355	",饿了么,平台外卖,已完成,2025-10-20 16:30:38,2025-10-20 16:30:38,2025-10-20 16:30:38,饿了么支付-在线支付,,即时单,2025-10-20 16:30:38,10.17,自动出餐,1,否,任选披萨5选1+小吃4选1+饮料套餐[全芝士披萨7英寸+蛋挞1个+小可乐]（68.00*1）,金牌芝士披萨【7英寸(手拍)】+蛋挞1个+小可乐,,,,非会员,4,,,依据餐量提供餐具,,68.00,12.44,48.28,0.00,0,0,1.43,0.00,3.50,【活动支出】单品特价:48.28元+【活动支出】替用户承担配送费:3.5元,-,-,-,0.00,温州区域,温州加盟,,,否,-,平台配送
圣比萨（泰亨温学府店）,SBM00001,温州,"8072100254137187623	",饿了么,平台外卖,已完成,2025-10-20 16:41:54,2025-10-20 16:41:54,2025-10-20 16:41:55,饿了么支付-在线支付,,即时单,2025-10-20 16:41:54,10.15,自动出餐,1,否,"奶酪芝士卷边（7英寸）（4.90*1）,任选披萨8选1+小吃8选1+饮料[奥尔良鸡肉披萨7英寸+薯条1份+柠檬茶]（58.00*1）,餐盒（2.00*1）",奶酪芝士卷边7+新奥尔良烤鸡肉披萨【7英寸(手拍)】+经典薯条+柠檬茶,,,,非会员,5,,,依据餐量提供餐具,,62.90,23.46,32.20,0.00,0,0,2.19,0.00,3.50,【活动支出】店铺满减:1.00元+【活动支出】首次光顾立减:1.00元+【活动支出】单品特价:23.20元+【活动支出】饿了么红包:7.00元+【活动支出】替用户承担配送费:3.5元,-,-,-,2.00,温州区域,温州加盟,,,否,-,平台配送
圣比萨（泰亨温学府店）,SBM00001,温州,"8030180254346639720	",饿了么,平台外卖,已完成,2025-10-20 17:18:08,2025-10-20 17:18:08,2025-10-20 17:18:08,饿了么支付-在线支付,,即时单,2025-10-20 17:18:08,10.07,自动出餐,1,否,"圣比至尊披萨7英寸（45.99*1）,个人意面|焗饭经典套餐[招牌肉酱意面+经典薯条+芒果汁]（48.00*1）,餐盒（4.00*1）",大圣招牌大满贯披萨【7英寸(手拍)】+招牌肉酱意面+经典薯条+芒果汁,,,,非会员,6,,,依据餐量提供餐具,,93.99,41.73,42.29,0.00,0,0,3.92,0.00,3.50,【活动支出】店铺满减:2.00元+【活动支出】单品特价:14.09元+【活动支出】单品特价:14.20元+【活动支出】饿了么红包:12.00元+【活动支出】替用户承担配送费:3.5元,-,-,-,4.00,温州区域,温州加盟,,,否,-,平台配送
圣比萨（泰亨温学府店）,SBM00001,温州,"8072826088141443372	",饿了么,平台外卖,已完成,2025-10-20 17:21:07,2025-10-20 17:21:07,2025-10-20 17:21:08,饿了么支付-在线支付,,即时单,2025-10-20 17:21:07,10.10,自动出餐,1,否,"爆款披萨双人超值套餐[牛肉7英寸+招牌肉酱意面+奶茶+奶茶]（88.00*1）,餐盒（2.00*1）",炙热牛魔王披萨【7英寸(手拍)】+招牌肉酱意面+港式奶茶+港式奶茶,,,,非会员,7,,,依据餐量提供餐具,,88.00,27.67,52.10,0.00,0,0,2.58,0.00,4.00,【活动支出】店铺满减:1.00元+【活动支出】首次光顾立减:1.00元+【活动支出】单品特价:41.10元+【活动支出】饿了么红包:9.00元+【活动支出】替用户承担配送费:4.0元,-,-,-,2.00,温州区域,温州加盟,,,否,-,平台配送
圣比萨（泰亨温学府店）,SBM00001,温州,"8010120254249233722	",饿了么,平台外卖,已完成,2025-10-20 17:37:48,2025-10-20 17:37:48,2025-10-20 17:37:49,饿了么支付-在线支付,,即时单,2025-10-20 17:37:48,12.13,自动出餐,1,否,新奥尔良烤鸡肉披萨7寸-单点（22.00*1）,新奥尔良烤鸡肉披萨【7英寸(手拍)】,,,,非会员,8,,,依据餐量提供餐具,,22.00,12.00,0.00,0.00,0,0,0.00,0.00,,【活动支出】拼团反圈活动:0.00元,-,-,-,0.00,温州区域,温州加盟,,,否,-,平台配送
圣比萨（泰亨温学府店）,SBM00001,温州,"8038736088131217878	",饿了么,平台外卖,已完成,2025-10-20 17:43:55,2025-10-20 17:43:55,2025-10-20 17:43:55,饿了么支付-在线支付,,即时单,2025-10-20 17:43:55,12.07,自动出餐,1,否,"新奥尔良烤鸡肉披萨7英寸（45.99*1）,餐盒（2.00*1）",新奥尔良烤鸡肉披萨【7英寸(手拍)】,,,,非会员,9,,,依据餐量提供餐具,,45.99,11.62,29.09,0.00,0,0,1.43,0.00,3.50,【活动支出】首次光顾立减:1.00元+【活动支出】单品特价:22.09元+【活动支出】 商家自营销加码:1.00元+【活动支出】CPS商户叠加券:0.00元+【活动支出】饿了么红包:5.00元+【活动支出】替用户承担配送费:3.5元,-,-,-,2.00,温州区域,温州加盟,,,否,-,平台配送
圣比萨（泰亨温学府店）,SBM00001,温州,"8075270254272244119	",饿了么,平台外卖,已完成,2025-10-20 18:03:56,2025-10-20 18:03:56,2025-10-20 18:03:56,饿了么支付-在线支付,,即时单,2025-10-20 18:03:56,12.05,自动出餐,1,否,新奥尔良烤鸡肉披萨7寸-单点（22.00*1）,新奥尔良烤鸡肉披萨【7英寸(手拍)】,,,,非会员,10,,,依据餐量提供餐具,,22.00,12.00,0.00,0.00,0,0,0.00,0.00,,【活动支出】拼团反圈活动:0.00元,-,-,-,0.00,温州区域,温州加盟,,,否,-,平台配送
圣比萨（泰亨温学府店）,SBM00001,温州,"8042986088193434981	",饿了么,平台外卖,已完成,2025-10-20 18:04:06,2025-10-20 18:04:06,2025-10-20 18:04:06,饿了么支付-在线支付,,即时单,2025-10-20 18:04:06,12.10,自动出餐,1,否,"榴莲王披萨7英寸（52.99*1）,红薯泥卷边（7英寸）（4.90*1）,香烤鸡翅-2只[{""name"":""规格"",""value"":""2只""}]（16.00*1）,餐盒（3.00*1）",榴莲王披萨7英寸+红薯泥流心卷边7+香烤鸡翅,,,,非会员,11,,,依据餐量提供餐具,,73.89,34.61,30.19,0.00,0,0,3.24,0.00,3.50,【活动支出】店铺满减:1.00元+【活动支出】单品特价:19.09元+【活动支出】单品特价:1.10元+【活动支出】饿了么红包:9.00元+【活动支出】替用户承担配送费:3.5元,-,-,-,3.00,温州区域,温州加盟,,,否,-,平台配送
圣比萨（泰亨温学府店）,SBM00001,温州,"8007716088213943767	",饿了么,平台外卖,已完成,2025-10-20 18:31:46,2025-10-20 18:31:46,2025-10-20 18:31:46,饿了么支付-在线支付,,即时单,2025-10-20 18:31:46,12.18,自动出餐,1,否,"7英寸披萨一人食土豪餐[碳烤鸡肉英7寸+薯条1份+翅根1个+柠檬茶]（70.00*1）,餐盒（2.00*1）",经典薯条+川香脆皮大翅根【1个】+柠檬茶,,,,非会员,12,,,"不要香菜, 不要香菜, 不要香菜, 不要香菜, 不要香菜, 不要香菜, 不要香菜 / 依据餐量提供餐具",,70.00,17.95,45.90,0.00,0,0,1.70,0.00,3.50,【活动支出】店铺满减:1.00元+【活动支出】单品特价:33.90元+【活动支出】 商家自营销加码:0.00元+【活动支出】订单集点返红包:3.00元+【活动支出】饿了么红包:8.00元+【活动支出】替用户承担配送费:3.5元,-,-,-,2.00,温州区域,温州加盟,,,否,-,平台配送
圣比萨（泰亨温学府店）,SBM00001,温州,"8042250254213185900	",饿了么,平台外卖,已完成,2025-10-20 18:46:29,2025-10-20 18:46:29,2025-10-20 18:46:29,饿了么支付-在线支付,,即时单,2025-10-20 18:46:29,12.10,自动出餐,1,否,"圣比至尊披萨7英寸（45.99*1）,红薯泥卷边（7英寸）（4.90*1）,餐盒（2.00*1）",大圣招牌大满贯披萨【7英寸(手拍)】+红薯泥流心卷边7,,,,非会员,13,,,1份餐具,用户申请退单 这个大小对吗？包装拆了，食品未动。拿走，退款,50.89,18.95,24.09,0.00,0,0,1.90,0.00,4.50,【活动支出】店铺满减:1.00元+【活动支出】首次光顾立减:1.00元+【活动支出】单品特价:14.09元+【活动支出】饿了么红包:8.00元+【活动支出】替用户承担配送费:4.5元,-,-,-,2.00,温州区域,温州加盟,,,否,-,平台配送
圣比萨（泰亨温学府店）,SBM00001,温州,"8025546088208313672	",饿了么,平台外卖,已完成,2025-10-20 19:27:04,2025-10-20 19:27:04,2025-10-20 19:27:04,饿了么支付-在线支付,,即时单,2025-10-20 19:27:04,12.17,自动出餐,1,否,"7英寸披萨买一送一[新奥尔良鸡肉披萨7英寸+圣比至尊披萨7英寸]（86.80*1）,餐盒（2.00*1）",大圣招牌大满贯披萨【7英寸(手拍)】,,,,非会员,14,,,2份餐具,,86.80,27.99,49.90,0.00,0,0,2.66,0.00,4.00,【活动支出】店铺满减:1.00元+【活动支出】单品特价:39.90元+【活动支出】饿了么红包:9.00元+【活动支出】替用户承担配送费:4.0元,-,-,-,2.00,温州区域,温州加盟,,,否,-,平台配送
圣比萨（泰亨温学府店）,SBM00001,温州,"8077696088190983576	",饿了么,平台外卖,已完成,2025-10-20 19:35:01,2025-10-20 19:35:01,2025-10-20 19:35:01,饿了么支付-在线支付,,即时单,2025-10-20 19:35:01,10.13,自动出餐,1,否,"奶酪芝士卷边（7英寸）（4.90*1）,任选披萨8选1+小吃8选1+饮料[日式照烧鸡肉披萨7英寸+圆形薯饼3个+可乐]（58.00*1）,餐盒（2.00*1）",奶酪芝士卷边7+小可乐,,,,非会员,15,,,1份餐具,,62.90,23.46,32.20,0.00,0,0,2.19,0.00,3.50,【活动支出】店铺满减:1.00元+【活动支出】单品特价:23.20元+【活动支出】 商家自营销加码:0.00元+【活动支出】饿了么红包:8.00元+【活动支出】替用户承担配送费:3.5元,-,-,-,2.00,温州区域,温州加盟,,,否,-,平台配送
圣比萨（泰亨温学府店）,SBM00001,温州,"8025250254258421028	",饿了么,平台外卖,已完成,2025-10-20 20:29:53,2025-10-20 20:29:53,2025-10-20 20:29:54,饿了么支付-在线支付,,即时单,2025-10-20 20:29:53,10.15,自动出餐,1,否,"榴莲王披萨7英寸（52.99*1）,餐盒（2.00*1）",榴莲王披萨7英寸,,,,非会员,16,,,依据餐量提供餐具,,52.99,19.94,26.09,0.00,0,0,1.91,0.00,3.50,【活动支出】单品特价:19.09元+【活动支出】饿了么红包:7.00元+【活动支出】替用户承担配送费:3.5元,-,-,-,2.00,温州区域,温州加盟,,,否,-,平台配送
圣比萨（泰亨温学府店）,SBM00001,温州,"8073000254367021517	",饿了么,平台外卖,已完成,2025-10-20 20:50:31,2025-10-20 20:50:31,2025-10-20 20:50:31,饿了么支付-在线支付,,即时单,2025-10-20 20:50:31,10.13,自动出餐,1,否,"榴莲王披萨-7英寸（经典手拍)[{""name"":""规格"",""value"":""7英寸（经典手拍)""}]（52.00*1）,餐盒（1.00*1）",榴莲王披萨,,,,非会员,17,,,手套多一个 / 依据餐量提供餐具,,52.00,20.87,23.10,0.00,0,0,1.98,0.00,3.50,【活动支出】单品特价:18.10元+【活动支出】饿了么红包:5.00元+【活动支出】替用户承担配送费:3.5元,-,-,-,1.00,温州区域,温州加盟,,,否,-,平台配送
圣比萨（泰亨温学府店）,SBM00001,温州,"8088280254288589260	",饿了么,平台外卖,已完成,2025-10-20 22:25:32,2025-10-20 22:25:32,2025-10-20 22:25:32,饿了么支付-在线支付,,即时单,2025-10-20 22:25:32,10.18,自动出餐,1,否,"奶酪芝士卷边（7英寸）（4.90*1）,花果山披萨-7英寸(经典手拍）[{""name"":""规格"",""value"":""7英寸(经典手拍）""}]（42.00*1）,餐盒（1.00*1）",奶酪芝士卷边7+花果山披萨,,,,非会员,18,,,依据餐量提供餐具,,46.90,21.20,17.10,0.00,0,0,2.05,0.00,5.60,【活动支出】首次光顾立减:1.00元+【活动支出】单品特价:16.10元+【活动支出】替用户承担配送费:5.6元,-,-,-,1.00,温州区域,温州加盟,,,否,-,平台配送
圣比萨（温溪店）,SBM00009,丽水,"8049050254406701322	",饿了么,平台外卖,已完成,2025-10-20 18:50:49,2025-10-20 18:50:49,2025-10-20 18:50:50,饿了么支付-在线支付,,即时单,2025-10-20 18:50:49,14.42,手动出餐,1,否,"任选披萨6选1+小吃6选1+饮料[水果披萨7寸+上校鸡块4个+柠檬茶+常温]（40.00*1）,餐盒（2.00*1）",缤纷水果披萨【7英寸(手拍)】+上校鸡块+柠檬茶,,,,非会员,1,,,依据餐量提供餐具,,40.00,20.84,8.00,0.00,0,0,9.66,0.00,5.00,【活动支出】店铺满减:1.00元+【活动支出】单品特价:2.00元+【活动支出】饿了么红包:5.00元+【活动支出】替用户承担配送费:5.0元,-,-,-,2.00,丽水区域,丽水加盟,,,否,-,平台配送
圣比萨（温溪店）,SBM00009,丽水,"8006726088236218685	",饿了么,平台外卖,已完成,2025-10-20 19:55:55,2025-10-20 19:55:55,2025-10-20 19:55:56,饿了么支付-在线支付,,即时单,2025-10-20 19:55:55,14.05,自动出餐,1,否,"任选披萨6选1+小吃6选1+饮料[碳烤培根鸡肉披萨7寸+芝士菠萝挞一个+小可乐+常温]（40.00*1）,奥尔良烤翅（14.00*1）,餐盒（4.00*1）",碳烤鸡肉培根披萨【7英寸(手拍)】+缤纷芝士挞菠萝味+小可乐+奥尔良烤翅,,,,非会员,2,,,麻烦送到楼上。 / 依据餐量提供餐具,,54.00,29.06,12.10,0.00,0,0,13.34,0.00,5.00,【活动支出】店铺满减:1.00元+【活动支出】单品特价:2.00元+【活动支出】单品特价:4.10元+【活动支出】饿了么红包:5.00元+【活动支出】替用户承担配送费:5.0元,-,-,-,4.00,丽水区域,丽水加盟,,,否,-,平台配送
圣比萨（苍南金乡店）,SBS00029,温州,"8080470254224807217	",饿了么,平台外卖,已完成,2025-10-20 12:05:41,2025-10-20 12:05:41,2025-10-20 12:05:41,饿了么支付-在线支付,,即时单,2025-10-20 12:05:41,6.18,手动出餐,1,否,"番茄培根意面（52.00*1）,餐盒（1.00*1）",番茄培根意面,,,,非会员,1,,,1份餐具,,52.00,7.72,37.40,0.00,0,0,1.43,0.00,3.50,【活动支出】单品特价:26.40元+【活动支出】 商家自营销加码:1.00元+【活动支出】订单集点返红包:5.00元+【活动支出】饿了么红包:5.00元+【活动支出】替用户承担配送费:3.5元,-,-,-,1.00,温州区域,温州直营,,,否,-,平台配送
圣比萨（苍南金乡店）,SBS00029,温州,"8086370254180024712	",饿了么,平台外卖,已完成,2025-10-20 13:22:01,2025-10-20 13:22:01,2025-10-20 13:22:02,饿了么支付-在线支付,,即时单,2025-10-20 13:22:01,12.63,手动出餐,1,否,"番茄牛肉意面-单点[{""name"":""规格"",""value"":""单点""}]（22.59*1）",番茄牛肉意面,,,,非会员,3,,,依据餐量提供 需要一起打包,,22.59,12.59,0.00,0.00,0,0,0.00,0.00,,【活动支出】拼团反圈活动:0.00元,-,-,-,0.00,温州区域,温州直营,,,否,-,平台配送
圣比萨（苍南金乡店）,SBS00029,温州,"8086370254180024714	",饿了么,平台外卖,已完成,2025-10-20 13:22:01,2025-10-20 13:22:01,2025-10-20 13:22:02,饿了么支付-在线支付,,即时单,2025-10-20 13:22:01,12.65,手动出餐,1,否,"新奥尔良烤鸡肉披萨7寸-单点[{""name"":""规格"",""value"":""单点""}]（22.00*1）",新奥尔良烤鸡肉披萨【7英寸(手拍)】,,,,非会员,2,,,依据餐量提供 需要一起打包,,22.00,12.00,0.00,0.00,0,0,0.00,0.00,,【活动支出】拼团反圈活动:0.00元,-,-,-,0.00,温州区域,温州直营,,,否,-,平台配送
圣比萨（苍南金乡店）,SBS00029,温州,"8051220254219499779	",饿了么,平台外卖,已完成,2025-10-20 16:20:39,2025-10-20 16:20:39,2025-10-20 16:20:40,饿了么支付-在线支付,,即时单,2025-10-20 16:20:39,10.10,手动出餐,1,否,"【任选3件套】个人披萨意面焗饭套餐随心配（75.00*1）,餐盒（1.00*1）",新奥尔良烤鸡肉披萨(7英寸(手拍))+明星小食桶C+可乐,,,,非会员,4,,,无需餐具,,75.00,23.95,41.10,0.00,0,0,3.30,0.00,3.50,【活动支出】店铺满减:1.00元+【活动支出】单品特价:32.10元+【活动支出】饿了么红包:8.00元+【活动支出】替用户承担配送费:3.5元,-,-,-,1.00,温州区域,温州直营,,,否,-,平台配送
圣比萨（苍南金乡店）,SBS00029,温州,"8055380254139601220	",饿了么,平台外卖,已完成,2025-10-20 16:39:00,2025-10-20 16:39:00,2025-10-20 16:39:00,饿了么支付-在线支付,,即时单,2025-10-20 16:39:00,10.98,手动出餐,1,否,手握三选一-单点[缤纷水果]（20.00*1）,热带雨林水果一人食盒子披萨,,,,非会员,5,,,依据餐量提供餐具,,20.00,10.00,0.00,0.00,0,0,0.00,0.00,,【活动支出】爆品团通吃券:0.00元,-,-,-,0.00,温州区域,温州直营,,,否,-,平台配送
圣比萨（苍南金乡店）,SBS00029,温州,"8093450254339137803	",饿了么,平台外卖,已完成,2025-10-20 20:20:15,2025-10-20 20:20:15,2025-10-20 20:20:15,饿了么支付-在线支付,,即时单,2025-10-20 20:20:15,11.47,手动出餐,1,否,"奶酪芝士卷边（7英寸）（4.90*1）,川香脆皮大翅根-2个[{""name"":""规格"",""value"":""2个""}]（22.00*1）,芒果汁[常温]（10.00*1）,新奥尔良烤鸡肉披萨-7寸(手拍)[{""name"":""规格"",""value"":""7寸(手拍)""}]（45.00*1）,可乐[常温]（5.00*1）,蛋挞1个（5.00*2）,餐盒（5.00*1）",奶酪芝士卷边7+川香脆皮大翅根+芒果汁+新奥尔良烤鸡肉披萨+可乐+蛋挞1个,,,,非会员,6,,,依据餐量提供餐具,,96.90,32.28,52.11,0.00,0,0,4.86,0.00,7.80,【活动支出】店铺满减:2.00元+【活动支出】单品特价:12.00元+【活动支出】单品特价:2.00元+【活动支出】单品特价:20.10元+【活动支出】单品特价:4.01元+【活动支出】饿了么红包:12.00元+【活动支出】替用户承担配送费:5.0元,-,-,-,5.00,温州区域,温州直营,,,否,-,平台配送
圣比萨（苍南金乡店）,SBS00029,温州,"8027180254360279536	",饿了么,平台外卖,已完成,2025-10-20 20:28:58,2025-10-20 20:28:58,2025-10-20 20:28:58,饿了么支付-在线支付,,即时单,2025-10-20 20:28:58,17.68,手动出餐,1,否,"柠檬茶[冷]（6.00*1）,奶酪芝士卷边（9英寸）（6.90*1）,台式香烤地道肠（7.50*1）,榴莲王披萨-9英寸(手拍)[{""name"":""规格"",""value"":""9英寸(手拍)""}]（92.00*1）,餐盒（3.00*1）",柠檬茶+奶酪芝士卷边9+地道肠1根+榴莲王披萨,,,,非会员,7,,,依据餐量提供餐具,,112.40,42.34,55.60,0.00,0,0,5.91,0.00,5.00,【活动支出】店铺满减:2.00元+【活动支出】单品特价:2.50元+【活动支出】单品特价:39.10元+【活动支出】饿了么红包:12.00元+【活动支出】替用户承担配送费:5.0元,-,-,-,3.00,温州区域,温州直营,,,否,-,平台配送
圣比萨（苍南金乡店）,SBS00029,温州,"8008190254348287320	",饿了么,平台外卖,已完成,2025-10-20 20:56:27,2025-10-20 20:56:27,2025-10-20 20:56:28,饿了么支付-在线支付,,即时单,2025-10-20 20:56:27,8.82,手动出餐,1,否,7寸日系照烧鸡披萨-单点（22.00*1）,日系照烧鸡披萨【7英寸(手拍)】,,,,非会员,8,,,依据餐量提供餐具,,22.00,12.00,0.00,0.00,0,0,0.00,0.00,,【活动支出】拼团反圈活动:0.00元,-,-,-,0.00,温州区域,温州直营,,,否,-,平台配送
圣比萨（苍南金乡店）,SBS00029,温州,"8063280254269786566	",饿了么,平台外卖,已完成,2025-10-20 21:08:44,2025-10-20 21:08:44,2025-10-20 21:08:44,饿了么支付-在线支付,,即时单,2025-10-20 21:08:44,11.68,手动出餐,1,否,手握三选一-单点[奥尔良]（20.00*1）,奥尔良风情烤鸡肉一人食盒子披萨,,,,非会员,9,,,依据餐量提供餐具,,20.00,10.00,0.00,0.00,0,0,0.00,0.00,,【活动支出】爆品团通吃券:0.00元,-,-,-,0.00,温州区域,温州直营,,,否,-,平台配送
圣比萨（苍南金乡店）,SBS00029,温州,"8034270254461677856	",饿了么,平台外卖,已完成,2025-10-20 21:53:45,2025-10-20 21:53:45,2025-10-20 21:53:46,饿了么支付-在线支付,,即时单,2025-10-20 21:53:45,9.07,手动出餐,1,否,7寸日系照烧鸡披萨-单点（22.00*1）,日系照烧鸡披萨【7英寸(手拍)】,,,,非会员,10,,,依据餐量提供餐具,,22.00,12.00,0.00,0.00,0,0,0.00,0.00,,【活动支出】拼团反圈活动:0.00元,-,-,-,0.00,温州区域,温州直营,,,否,-,平台配送
圣比萨（苍南金乡店）,SBS00029,温州,"8043350254368344344	",饿了么,平台外卖,已完成,2025-10-20 22:10:51,2025-10-20 22:10:51,2025-10-20 22:10:51,饿了么支付-在线支付,,即时单,2025-10-20 22:10:51,11.75,手动出餐,1,否,【任选5件套】披萨意面我全都要（132.90*1）,明星小食桶B+港式奶茶+可乐+日系照烧鸡披萨(7英寸(手拍))+招牌肉酱意面,,,,非会员,11,,,披萨多加酱 / 依据餐量提供餐具,,132.90,35.43,81.60,0.00,0,0,5.02,0.00,7.10,【活动支出】单品特价:81.60元+【活动支出】用户代金券:0.00元+【活动支出】替用户承担配送费:5.0元,-,-,-,0.00,温州区域,温州直营,,,否,-,平台配送
圣比萨（苍南金乡店）,SBS00029,温州,"8024926088296519958	",饿了么,平台外卖,已完成,2025-10-20 22:37:25,2025-10-20 22:37:25,2025-10-20 22:37:25,饿了么支付-在线支付,,即时单,2025-10-20 22:37:25,20.43,被动出餐,1,否,"新奥尔良烤鸡肉披萨-9寸(手拍)[{""name"":""规格"",""value"":""9寸(手拍)""}]（78.00*1）,餐盒（1.00*1）",新奥尔良烤鸡肉披萨,,,,非会员,12,,,依据餐量提供餐具,,78.00,27.33,39.10,0.00,0,0,3.82,0.00,5.60,【活动支出】店铺满减:1.00元+【活动支出】单品特价:38.10元+【活动支出】替用户承担配送费:5.0元,-,-,-,1.00,温州区域,温州直营,,,否,-,平台配送
圣比萨·披萨·炸鸡（天河店）,SBM00028,温州,"8096360254132858177	",饿了么,平台外卖,已完成,2025-10-20 10:15:17,2025-10-20 10:15:17,2025-10-20 10:15:17,饿了么支付-在线支付,,即时单,2025-10-20 10:15:17,13.22,自动出餐,1,否,"蛋挞一个（3.90*1）,【随心❤️拼】7英寸双拼披萨（口味自选）[新奥尔良烤鸡肉+碳烤鸡肉培根]（27.90*1）,餐盒（2.00*1）",蛋挞1个+双拼7寸【奥尔良口味7】+双拼7寸【碳烤鸡肉培根口味7】,,,,非会员,1,,,依据餐量提供餐具,,31.80,15.01,9.91,0.00,0,0,1.53,0.00,5.00,【活动支出】首次光顾立减:1.00元+【活动支出】单品特价:1.91元+【活动支出】饿了么红包:7.00元+【活动支出】替用户承担配送费:5.0元,-,-,-,2.00,温州区域,温州直营,,,否,-,平台配送
圣比萨·披萨·炸鸡（天河店）,SBM00028,温州,"8085100254043332925	",饿了么,平台外卖,已完成,2025-10-20 10:36:07,2025-10-20 10:36:07,2025-10-20 10:36:07,饿了么支付-在线支付,,即时单,2025-10-20 10:36:07,13.12,自动出餐,1,否,"新奥尔良烤鸡肉披萨-9英寸(手拍)[{""name"":""规格"",""value"":""9英寸(手拍)""}]（33.90*1）,餐盒（2.00*1）",新奥尔良烤鸡肉披萨,,,,非会员,2,,,依据餐量提供餐具,,33.90,16.42,8.00,0.00,0,0,1.83,0.00,6.80,【活动支出】首次光顾立减:1.00元+【活动支出】饿了么红包:7.00元+【活动支出】替用户承担配送费:5.0元,-,-,-,2.00,温州区域,温州直营,,,否,-,平台配送
圣比萨·披萨·炸鸡（天河店）,SBM00028,温州,"8077806087957123444	",饿了么,平台外卖,已完成,2025-10-20 10:55:03,2025-10-20 10:55:03,2025-10-20 10:55:03,饿了么支付-在线支付,,即时单,2025-10-20 10:55:03,13.20,自动出餐,1,否,"【随心❤️拼】7英寸双拼披萨（口味自选）[新奥尔良烤鸡肉+碳烤鸡肉培根]（27.90*1）,餐盒（2.00*1）",双拼7寸【奥尔良口味7】+双拼7寸【碳烤鸡肉培根口味7】,,,,非会员,3,,,依据餐量提供餐具,,27.90,12.39,7.00,0.00,0,0,1.46,0.00,7.40,【活动支出】首次光顾立减:1.00元+【活动支出】饿了么红包:6.00元+【活动支出】替用户承担配送费:5.0元,-,-,-,2.00,温州区域,温州直营,,,否,-,平台配送
圣比萨·披萨·炸鸡（天河店）,SBM00028,温州,"8006766087979867638	",饿了么,平台外卖,已完成,2025-10-20 10:59:05,2025-10-20 10:59:05,2025-10-20 10:59:05,饿了么支付-在线支付,,即时单,2025-10-20 10:59:05,13.17,"初始值, 无意义",1,否,"【任选】披萨随心配（31.90*1）,上校鸡块（5.90*1）,餐盒（3.00*1）",上校鸡块+日系照烧鸡披萨(7英寸(手拍))+小芬达+上校鸡块,,,,非会员,4,,,依据餐量提供餐具,,37.80,21.70,10.00,0.00,0,0,2.05,0.00,3.50,【活动支出】店铺满减:1.00元+【活动支出】首次光顾立减:1.00元+【活动支出】饿了么红包:8.00元+【活动支出】替用户承担配送费:3.5元,-,-,-,3.00,温州区域,温州直营,,,否,-,平台配送
圣比萨·披萨·炸鸡（天河店）,SBM00028,温州,"8050170253984880978	",饿了么,平台外卖,已完成,2025-10-20 11:08:29,2025-10-20 11:08:29,2025-10-20 11:08:30,饿了么支付-在线支付,,即时单,2025-10-20 11:08:29,14.12,自动出餐,1,否,"【任选】一人食盒子披萨随心配（29.90*1）,餐盒（2.00*1）",奥尔良风情烤鸡肉一人食盒子披萨+上校鸡块+小雪碧,,,,非会员,5,,,依据餐量提供餐具,,29.90,15.92,8.00,0.00,0,0,1.53,0.00,3.50,【活动支出】首次光顾立减:1.00元+【活动支出】饿了么红包:7.00元+【活动支出】替用户承担配送费:3.5元,-,-,-,2.00,温州区域,温州直营,,,否,-,平台配送
圣比萨·披萨·炸鸡（天河店）,SBM00028,温州,"8082130254177413425	",饿了么,平台外卖,已完成,2025-10-20 11:09:00,2025-10-20 11:09:00,2025-10-20 11:09:00,饿了么支付-在线支付,,即时单,2025-10-20 11:09:00,14.20,自动出餐,1,否,"新奥尔良烤鸡肉披萨-7英寸(手拍)[{""name"":""规格"",""value"":""7英寸(手拍)""}]（25.90*1）,餐盒（2.00*1）",新奥尔良烤鸡肉披萨,,,,非会员,6,,,依据餐量提供餐具,,25.90,11.82,7.00,0.00,0,0,1.43,0.00,6.20,【活动支出】首次光顾立减:1.00元+【活动支出】饿了么红包:6.00元+【活动支出】替用户承担配送费:5.0元,-,-,-,2.00,温州区域,温州直营,,,否,-,平台配送
圣比萨·披萨·炸鸡（天河店）,SBM00028,温州,"8052936087950010784	",饿了么,平台外卖,已完成,2025-10-20 11:13:24,2025-10-20 11:13:24,2025-10-20 11:13:24,饿了么支付-在线支付,,即时单,2025-10-20 11:13:24,14.22,自动出餐,1,否,"【任选】披萨意面我全都要（61.90*1）,餐盒（2.00*1）",小雪碧+小可乐+招牌肉酱意面+地道肠1根+上校鸡块+缤纷芝士挞(香蕉味)+碳烤鸡肉培根披萨(7英寸(手拍)),,,,非会员,7,,,依据餐量提供餐具,,61.90,39.28,11.50,0.00,0,0,3.67,0.00,4.00,【活动支出】店铺满减:2.00元+【活动支出】下单返红包:1.50元+【活动支出】饿了么红包:8.00元+【活动支出】替用户承担配送费:4.0元,-,-,-,2.00,温州区域,温州直营,,,否,-,平台配送
圣比萨·披萨·炸鸡（天河店）,SBM00028,温州,"8019536087991823795	",饿了么,平台外卖,已完成,2025-10-20 11:19:45,2025-10-20 11:19:45,2025-10-20 11:19:45,饿了么支付-在线支付,,即时单,2025-10-20 11:19:45,14.12,自动出餐,1,否,"【任选】披萨随心配（36.80*1）,餐盒（2.00*1）",地道肠1根+碳烤鸡肉培根披萨(7英寸(手拍))+小雪碧,,,,非会员,8,,,依据餐量提供餐具；手机尾号：0204；接力送,,36.80,17.10,8.00,0.00,0,0,2.05,0.00,11.10,【活动支出】店铺满减:1.00元+【活动支出】饿了么红包:7.00元+【活动支出】替用户承担配送费:5.0元,-,-,-,2.00,温州区域,温州直营,,,否,-,平台配送
圣比萨·披萨·炸鸡（天河店）,SBM00028,温州,"8069686087958409652	",饿了么,平台外卖,已完成,2025-10-20 11:21:44,2025-10-20 11:21:44,2025-10-20 11:21:45,饿了么支付-在线支付,,即时单,2025-10-20 11:21:44,14.00,自动出餐,1,否,"奥尔良烤翅（8.90*1）,大圣招牌大满贯披萨-9英寸(手拍)[{""name"":""规格"",""value"":""9英寸(手拍)""}]（43.90*1）,餐盒（3.00*1）",奥尔良烤翅+大圣招牌大满贯披萨,,,,非会员,9,,,多给几包番茄酱谢谢 / 依据餐量提供餐具,,52.80,29.75,15.00,0.00,0,0,2.80,0.00,3.50,【活动支出】店铺满减:1.00元+【活动支出】订单集点返红包:5.00元+【活动支出】饿了么红包:9.00元+【活动支出】淘金币:0.00元+【活动支出】替用户承担配送费:3.5元,-,-,-,3.00,温州区域,温州直营,,,否,-,平台配送
圣比萨·披萨·炸鸡（天河店）,SBM00028,温州,"8075390254005927303	",饿了么,平台外卖,已完成,2025-10-20 11:22:06,2025-10-20 11:22:06,2025-10-20 11:22:06,饿了么支付-在线支付,,即时单,2025-10-20 11:22:06,14.12,自动出餐,1,否,"新店开业福利小吃（限一份，多点不送）[上校鸡块2个]（0.20*1）,大圣招牌大满贯披萨-9英寸(手拍)[{""name"":""规格"",""value"":""9英寸(手拍)""}]（43.90*1）,餐盒（2.00*1）",上校鸡块2个+大圣招牌大满贯披萨,,,,非会员,10,,,番茄酱两包，谢谢 / 1份餐具,,44.10,25.54,10.50,0.00,0,0,2.41,0.00,3.50,【活动支出】店铺满减:1.00元+【活动支出】下单返红包:1.50元+【活动支出】饿了么红包:8.00元+【活动支出】替用户承担配送费:3.5元,-,-,-,2.00,温州区域,温州直营,,,否,-,平台配送
圣比萨·披萨·炸鸡（天河店）,SBM00028,温州,"8070450254193818918	",饿了么,平台外卖,已完成,2025-10-20 11:24:18,2025-10-20 11:24:18,2025-10-20 11:24:19,饿了么支付-在线支付,,即时单,2025-10-20 11:24:18,14.23,自动出餐,1,否,"酸奶多多流心卷边（7英寸）（4.90*1）,盐酥鸡粒（8.90*1）,蛋挞一个（3.90*1）,【随心❤️拼】7英寸双拼披萨（口味自选）[新奥尔良烤鸡肉+缤纷水果]（27.90*1）,餐盒（3.00*1）",酸奶多多流心卷边7+盐酥鸡粒+蛋挞1个+双拼7寸【奥尔良口味7】+双拼7寸【缤纷水果口味7】,,,,非会员,11,,,2份餐具,,45.60,26.55,11.91,0.00,0,0,2.49,0.00,4.00,【活动支出】店铺满减:1.00元+【活动支出】首次光顾立减:1.00元+【活动支出】单品特价:1.91元+【活动支出】饿了么红包:8.00元+【活动支出】替用户承担配送费:4.0元,-,-,-,3.00,温州区域,温州直营,,,否,-,平台配送
圣比萨·披萨·炸鸡（天河店）,SBM00028,温州,"8034506088070866369	",饿了么,平台外卖,已完成,2025-10-20 14:06:27,2025-10-20 14:06:27,2025-10-20 14:06:27,饿了么支付-在线支付,,即时单,2025-10-20 14:06:27,13.20,自动出餐,1,否,"日系照烧鸡披萨-9英寸(手拍)[{""name"":""规格"",""value"":""9英寸(手拍)""}]（33.90*1）,餐盒（2.00*1）",日系照烧鸡披萨,,,,非会员,12,,,依据餐量提供餐具,,33.90,18.23,9.50,0.00,0,0,1.72,0.00,3.50,【活动支出】下单返红包:1.50元+【活动支出】饿了么红包:8.00元+【活动支出】替用户承担配送费:3.5元,-,-,-,2.00,温州区域,温州直营,,,否,-,平台配送
圣比萨·披萨·炸鸡（天河店）,SBM00028,温州,"8014060254200232338	",饿了么,平台外卖,已完成,2025-10-20 15:30:38,2025-10-20 15:30:38,2025-10-20 15:30:38,饿了么支付-在线支付,,即时单,2025-10-20 15:30:38,12.27,手动出餐,1,否,"咸蛋黄风味流沙卷边（7英寸）（4.90*1）,【随心❤️拼】7英寸双拼披萨（口味自选）[新奥尔良烤鸡肉+缤纷水果]（27.90*1）,餐盒（2.00*1）",咸蛋黄流沙卷边7+双拼7寸【奥尔良口味7】+双拼7寸【缤纷水果口味7】,,,,非会员,13,,,2份餐具,,32.80,16.80,8.00,0.00,0,0,1.75,0.00,5.60,【活动支出】首次光顾立减:1.00元+【活动支出】饿了么红包:7.00元+【活动支出】替用户承担配送费:5.0元,-,-,-,2.00,温州区域,温州直营,,,否,-,平台配送
圣比萨·披萨·炸鸡（天河店）,SBM00028,温州,"8059736088076288488	",饿了么,平台外卖,已完成,2025-10-20 15:46:51,2025-10-20 15:46:51,2025-10-20 15:46:51,饿了么支付-在线支付,,即时单,2025-10-20 15:46:51,13.22,自动出餐,1,否,"金沙咸蛋黄嫩鸡披萨-7英寸(手拍)[{""name"":""规格"",""value"":""7英寸(手拍)""}]（29.90*1）,蛋挞一个（3.90*1）,奶酪芝士卷边（7英寸）（4.90*1）,餐盒（2.00*1）",金沙咸蛋黄嫩鸡披萨+蛋挞1个+奶酪芝士卷边7,,,,非会员,14,,,依据餐量提供餐具,,38.70,18.94,11.91,0.00,0,0,1.90,0.00,4.50,【活动支出】店铺满减:1.00元+【活动支出】首次光顾立减:1.00元+【活动支出】单品特价:1.91元+【活动支出】饿了么红包:8.00元+【活动支出】替用户承担配送费:4.5元,-,-,-,2.00,温州区域,温州直营,,,否,-,平台配送
圣比萨·披萨·炸鸡（天河店）,SBM00028,温州,"8075596088132651500	",饿了么,平台外卖,已完成,2025-10-20 16:08:51,2025-10-20 16:08:51,2025-10-20 16:08:51,饿了么支付-在线支付,,即时单,2025-10-20 16:08:51,13.20,自动出餐,1,否,"【任选】披萨意面我全都要（61.90*1）,餐盒（2.00*1）",小雪碧+小雪碧+招牌肉酱意面+地道肠1根+上校鸡块+缤纷芝士挞(菠萝味)+新奥尔良烤鸡肉披萨(7英寸(手拍)),,,,非会员,15,,,依据餐量提供餐具,,61.90,36.04,15.00,0.00,0,0,3.41,0.00,3.50,【活动支出】店铺满减:2.00元+【活动支出】首次光顾立减:1.00元+【活动支出】饿了么红包:12.00元+【活动支出】替用户承担配送费:3.5元,-,-,-,2.00,温州区域,温州直营,,,否,-,平台配送
圣比萨·披萨·炸鸡（天河店）,SBM00028,温州,"8054916088090044674	",饿了么,平台外卖,已完成,2025-10-20 16:24:41,2025-10-20 16:24:41,2025-10-20 16:24:42,饿了么支付-在线支付,,即时单,2025-10-20 16:24:41,13.15,自动出餐,1,否,"【任选】披萨随心配（31.90*1）,餐盒（2.00*1）",地道肠1根+日系照烧鸡披萨(7英寸(手拍))+小可乐,,,,非会员,16,,,依据餐量提供餐具,,31.90,18.69,7.00,0.00,0,0,1.76,0.00,3.50,【活动支出】首次光顾立减:1.00元+【活动支出】饿了么红包:6.00元+【活动支出】替用户承担配送费:3.5元,-,-,-,2.00,温州区域,温州直营,,,否,-,平台配送
圣比萨·披萨·炸鸡（天河店）,SBM00028,温州,"8069440254256167259	",饿了么,平台外卖,已退款,2025-10-20 17:00:57,2025-10-20 17:00:57,2025-10-20 17:00:57,饿了么支付-在线支付,,即时单,2025-10-20 17:00:57,,未出餐,1,否,"【任选】披萨随心配（36.80*1）,餐盒（2.00*1）",蛋挞+缤纷水果披萨(7英寸(手拍))+小可乐,,,,非会员,17,,,依据餐量提供餐具,订单强制无效（商家主动取消已接订单、用户1分钟内取消),36.80,-3.89,9.50,23.30,0,0,1.94,0.00,5.00,【活动支出】店铺满减:1.00元+【活动支出】下单返红包:1.50元+【活动支出】饿了么红包:7.00元+【活动支出】替用户承担配送费:5.0元,-,-,-,2.00,温州区域,温州直营,,,否,-,平台配送
圣比萨·披萨·炸鸡（天河店）,SBM00028,温州,"8076440254249127281	",饿了么,平台外卖,已完成,2025-10-20 17:21:04,2025-10-20 17:21:04,2025-10-20 17:21:04,饿了么支付-在线支付,,即时单,2025-10-20 17:21:04,14.08,自动出餐,1,否,"【任选】披萨随心配（31.90*1）,餐盒（2.00*1）",蛋挞+新奥尔良烤鸡肉披萨(7英寸(手拍))+小可乐,,,,非会员,18,,,依据餐量提供餐具,,31.90,18.69,7.00,0.00,0,0,1.76,0.00,4.00,【活动支出】首次光顾立减:1.00元+【活动支出】饿了么红包:6.00元+【活动支出】替用户承担配送费:4.0元,-,-,-,2.00,温州区域,温州直营,,,否,-,平台配送
圣比萨·披萨·炸鸡（天河店）,SBM00028,温州,"8067646088157181205	",饿了么,平台外卖,已完成,2025-10-20 17:22:30,2025-10-20 17:22:30,2025-10-20 17:22:30,饿了么支付-在线支付,,即时单,2025-10-20 17:22:30,14.12,自动出餐,1,否,"【任选】披萨随心配（39.70*1）,餐盒（2.00*1）",烤甜玉米+奶酪芝士披萨(7英寸(手拍))+小可乐,,,,非会员,19,,,依据餐量提供餐具,,39.70,20.73,10.00,0.00,0,0,2.12,0.00,5.60,【活动支出】店铺满减:1.00元+【活动支出】首次光顾立减:1.00元+【活动支出】饿了么红包:8.00元+【活动支出】替用户承担配送费:5.0元,-,-,-,2.00,温州区域,温州直营,,,否,-,平台配送
圣比萨·披萨·炸鸡（天河店）,SBM00028,温州,"8078240254247477575	",饿了么,平台外卖,已完成,2025-10-20 17:23:36,2025-10-20 17:23:36,2025-10-20 17:23:36,饿了么支付-在线支付,,即时单,2025-10-20 17:23:36,14.07,自动出餐,1,否,"【任选】披萨随心配（36.80*1）,餐盒（2.00*1）",蛋挞+碳烤鸡肉培根披萨(7英寸(手拍))+小可乐,,,,非会员,20,,,无需餐具,,36.80,19.88,9.00,0.00,0,0,1.97,0.00,5.00,【活动支出】店铺满减:1.00元+【活动支出】首次光顾立减:1.00元+【活动支出】饿了么红包:7.00元+【活动支出】替用户承担配送费:5.0元,-,-,-,2.00,温州区域,温州直营,,,否,-,平台配送
圣比萨·披萨·炸鸡（天河店）,SBM00028,温州,"8010596088139440565	",饿了么,平台外卖,已完成,2025-10-20 17:24:55,2025-10-20 17:24:55,2025-10-20 17:24:56,饿了么支付-在线支付,,即时单,2025-10-20 17:24:55,14.15,自动出餐,1,否,"【随心❤️拼】7英寸双拼披萨（口味自选）[新奥尔良烤鸡肉+碳烤鸡肉培根]（27.90*1）,餐盒（2.00*1）",双拼7寸【奥尔良口味7】+双拼7寸【碳烤鸡肉培根口味7】,,,,非会员,21,,,1份餐具,,27.90,13.72,8.00,0.00,0,0,1.43,0.00,5.00,【活动支出】首次光顾立减:1.00元+【活动支出】饿了么红包:7.00元+【活动支出】替用户承担配送费:5.0元,-,-,-,2.00,温州区域,温州直营,,,否,-,平台配送
圣比萨·披萨·炸鸡（天河店）,SBM00028,温州,"8043856088152373605	",饿了么,平台外卖,已完成,2025-10-20 17:44:07,2025-10-20 17:44:07,2025-10-20 17:44:07,饿了么支付-在线支付,,即时单,2025-10-20 17:44:07,14.13,自动出餐,1,否,"酸奶多多流心卷边（7英寸）（4.90*1）,【随心❤️拼】7英寸双拼披萨（口味自选）[浪漫威尼斯+碳烤鸡肉培根]（27.90*1）,餐盒（2.00*1）",酸奶多多流心卷边7+双拼7寸【浪漫威尼斯口味7】+双拼7寸【碳烤鸡肉培根口味7】,,,,非会员,22,,,无需餐具,,32.80,15.86,7.50,0.00,0,0,1.79,0.00,6.80,【活动支出】下单返红包:1.50元+【活动支出】饿了么红包:6.00元+【活动支出】替用户承担配送费:5.0元,-,-,-,2.00,温州区域,温州直营,,,否,-,平台配送
圣比萨·披萨·炸鸡（天河店）,SBM00028,温州,"8094996088138647849	",饿了么,平台外卖,已完成,2025-10-20 17:51:54,2025-10-20 17:51:54,2025-10-20 17:51:54,饿了么支付-在线支付,,即时单,2025-10-20 17:51:54,14.22,自动出餐,1,否,"新店开业福利小吃（限一份，多点不送）[上校鸡块2个]（0.20*1）,蛋挞一个（3.90*1）,【随心❤️拼】7英寸双拼披萨（口味自选）[新奥尔良烤鸡肉+缤纷水果]（27.90*1）,奶酪芝士卷边（7英寸）（4.90*1）,餐盒（2.00*1）",上校鸡块2个+蛋挞1个+双拼7寸【奥尔良口味7】+双拼7寸【缤纷水果口味7】+奶酪芝士卷边7,,,,非会员,23,,,无需餐具,,36.90,17.90,10.91,0.00,0,0,1.84,0.00,5.60,【活动支出】首次光顾立减:1.00元+【活动支出】单品特价:1.91元+【活动支出】饿了么红包:8.00元+【活动支出】替用户承担配送费:5.0元,-,-,-,2.00,温州区域,温州直营,,,否,-,平台配送
圣比萨·披萨·炸鸡（天河店）,SBM00028,温州,"8060876088184589816	",饿了么,平台外卖,已完成,2025-10-20 17:52:23,2025-10-20 17:52:23,2025-10-20 17:52:23,饿了么支付-在线支付,,即时单,2025-10-20 17:52:23,14.00,自动出餐,1,否,"【随心❤️拼】7英寸双拼披萨（口味自选）[新奥尔良烤鸡肉+玉米沙拉]（27.90*1）,奶酪芝士卷边（7英寸）（4.90*1）,餐盒（2.00*1）",双拼7寸【奥尔良口味7】+双拼7寸【玉米沙拉口味7】+奶酪芝士卷边7,,,,非会员,24,,,对商家  多加点香菜 多加点香菜 多加点香菜 / 1份餐具,,32.80,18.60,8.00,0.00,0,0,1.75,0.00,3.50,【活动支出】首次光顾立减:1.00元+【活动支出】饿了么红包:7.00元+【活动支出】替用户承担配送费:3.5元,-,-,-,2.00,温州区域,温州直营,,,否,-,平台配送
圣比萨·披萨·炸鸡（天河店）,SBM00028,温州,"8090656088135698917	",饿了么,平台外卖,已完成,2025-10-20 17:55:30,2025-10-20 17:55:30,2025-10-20 17:55:31,饿了么支付-在线支付,,即时单,2025-10-20 17:55:30,14.17,自动出餐,1,否,"榴莲王披萨-9英寸(手拍)[{""name"":""规格"",""value"":""9英寸(手拍)""}]（43.90*1）,咸蛋黄风味流心卷边（9英寸）（6.90*1）,餐盒（2.00*1）",榴莲王披萨+咸蛋黄流沙卷边9,,,,非会员,25,,,依据餐量提供餐具,,50.80,30.59,8.50,0.00,0,0,3.06,0.00,5.60,【活动支出】店铺满减:1.00元+【活动支出】下单返红包:1.50元+【活动支出】饿了么红包:6.00元+【活动支出】替用户承担配送费:5.0元,-,-,-,2.00,温州区域,温州直营,,,否,-,平台配送
圣比萨·披萨·炸鸡（天河店）,SBM00028,温州,"8085846088192125297	",饿了么,平台外卖,已完成,2025-10-20 18:06:30,2025-10-20 18:06:30,2025-10-20 18:06:31,饿了么支付-在线支付,,即时单,2025-10-20 18:06:30,14.22,自动出餐,1,否,"【随心❤️拼】7英寸双拼披萨（口味自选）[新奥尔良烤鸡肉+日系照烧鸡]（27.90*1）,餐盒（2.00*1）",双拼7寸【奥尔良口味7】+双拼7寸【日系照烧口味7】,,,,非会员,26,,,依据餐量提供餐具,,27.90,14.62,8.00,0.00,0,0,1.43,0.00,3.50,【活动支出】首次光顾立减:1.00元+【活动支出】饿了么红包:7.00元+【活动支出】替用户承担配送费:3.5元,-,-,-,2.00,温州区域,温州直营,,,否,-,平台配送
圣比萨·披萨·炸鸡（天河店）,SBM00028,温州,"8085766088168394111	",饿了么,平台外卖,已完成,2025-10-20 18:11:46,2025-10-20 18:11:46,2025-10-20 18:11:47,饿了么支付-在线支付,,即时单,2025-10-20 18:11:46,14.18,自动出餐,1,否,"碳烤鸡肉培根披萨-9英寸(手拍)[{""name"":""规格"",""value"":""9英寸(手拍)""}]（33.90*1）,奶酪芝士卷边（9英寸）（6.90*1）,餐盒（2.00*1）",碳烤鸡肉培根披萨+奶酪芝士卷边9,,,,非会员,27,,,依据餐量提供餐具,,40.80,22.98,9.00,0.00,0,0,2.27,0.00,5.00,【活动支出】店铺满减:1.00元+【活动支出】首次光顾立减:1.00元+【活动支出】饿了么红包:7.00元+【活动支出】替用户承担配送费:5.0元,-,-,-,2.00,温州区域,温州直营,,,否,-,平台配送
圣比萨·披萨·炸鸡（天河店）,SBM00028,温州,"8074656088150822245	",饿了么,平台外卖,已完成,2025-10-20 18:15:53,2025-10-20 18:15:53,2025-10-20 18:15:54,饿了么支付-在线支付,,预约单,2025-10-20 20:30:00,87.30,自动出餐,1,否,"榴莲王披萨-9英寸(手拍)[{""name"":""规格"",""value"":""9英寸(手拍)""}]（43.90*1）,餐盒（2.00*1）",榴莲王披萨,,,,非会员,28,,,依据餐量提供餐具,,43.90,26.77,8.00,0.00,0,0,2.58,0.00,5.00,【活动支出】店铺满减:1.00元+【活动支出】饿了么红包:7.00元+【活动支出】替用户承担配送费:5.0元,-,-,-,2.00,温州区域,温州直营,,,否,-,平台配送
圣比萨·披萨·炸鸡（天河店）,SBM00028,温州,"8082150254304837945	",饿了么,平台外卖,已完成,2025-10-20 18:18:12,2025-10-20 18:18:12,2025-10-20 18:18:12,饿了么支付-在线支付,,即时单,2025-10-20 18:18:12,14.22,自动出餐,1,否,"【随心❤️拼】7英寸双拼披萨（口味自选）[新奥尔良烤鸡肉+碳烤鸡肉培根]（27.90*1）,餐盒（2.00*1）",双拼7寸【奥尔良口味7】+双拼7寸【碳烤鸡肉培根口味7】,,,,非会员,29,,,依据餐量提供餐具,,27.90,14.62,8.00,0.00,0,0,1.43,0.00,3.50,【活动支出】首次光顾立减:1.00元+【活动支出】饿了么红包:7.00元+【活动支出】替用户承担配送费:3.5元,-,-,-,2.00,温州区域,温州直营,,,否,-,平台配送
圣比萨·披萨·炸鸡（天河店）,SBM00028,温州,"8050060254201728381	",饿了么,平台外卖,已完成,2025-10-20 18:28:57,2025-10-20 18:28:57,2025-10-20 18:28:58,饿了么支付-在线支付,,即时单,2025-10-20 18:28:57,14.10,自动出餐,1,否,"【随心❤️拼】7英寸双拼披萨（口味自选）[缤纷水果+新奥尔良烤鸡肉]（27.90*1）,餐盒（2.00*1）",双拼7寸【缤纷水果口味7】+双拼7寸【奥尔良口味7】,,,,非会员,30,,,依据餐量提供餐具,,27.90,14.69,7.00,0.00,0,0,1.46,0.00,5.00,【活动支出】首次光顾立减:1.00元+【活动支出】饿了么红包:6.00元+【活动支出】替用户承担配送费:5.0元,-,-,-,2.00,温州区域,温州直营,,,否,-,平台配送
圣比萨·披萨·炸鸡（天河店）,SBM00028,温州,"8003340254325770632	",饿了么,平台外卖,已完成,2025-10-20 18:59:45,2025-10-20 18:59:45,2025-10-20 18:59:45,饿了么支付-在线支付,,即时单,2025-10-20 18:59:45,14.08,自动出餐,1,否,"酸奶多多流心卷边（7英寸）（4.90*1）,芝士翻倍（仅圆形披萨）-7英寸[{""name"":""规格"",""value"":""7英寸""}]（4.90*1）,榴莲王披萨-7英寸(手拍)[{""name"":""规格"",""value"":""7英寸(手拍)""}]（33.90*1）,餐盒（2.00*1）",酸奶多多流心卷边7+芝士加倍+榴莲王披萨,,,,非会员,31,,,1份餐具,,43.70,25.63,10.00,0.00,0,0,2.42,0.00,3.50,【活动支出】店铺满减:1.00元+【活动支出】首次光顾立减:1.00元+【活动支出】饿了么红包:8.00元+【活动支出】替用户承担配送费:3.5元,-,-,-,2.00,温州区域,温州直营,,,否,-,平台配送
圣比萨·披萨·炸鸡（天河店）,SBM00028,温州,"8029030254329601301	",饿了么,平台外卖,已完成,2025-10-20 19:06:00,2025-10-20 19:06:00,2025-10-20 19:06:00,饿了么支付-在线支付,,即时单,2025-10-20 19:06:00,14.10,自动出餐,1,否,"新店开业福利小吃（限一份，多点不送）[上校鸡块2个]（0.20*1）,【任选】披萨随心配（44.70*1）,蛋挞一个（3.90*1）,餐盒（2.00*1）",上校鸡块2个+缤纷芝士挞(菠萝味)+大圣招牌大满贯披萨(7英寸(手拍))+小可乐+蛋挞1个,,,,非会员,32,,,依据餐量提供餐具,,48.80,26.32,12.41,0.00,0,0,2.62,0.00,6.80,【活动支出】店铺满减:1.00元+【活动支出】单品特价:1.91元+【活动支出】下单返红包:1.50元+【活动支出】超会爆红包省钱包:8.00元+【活动支出】替用户承担配送费:5.0元,-,-,-,2.00,温州区域,温州直营,,,否,-,平台配送
圣比萨·披萨·炸鸡（天河店）,SBM00028,温州,"8012906088174162320	",饿了么,平台外卖,已完成,2025-10-20 19:07:42,2025-10-20 19:07:42,2025-10-20 19:07:42,饿了么支付-在线支付,,即时单,2025-10-20 19:07:42,14.05,自动出餐,1,否,"浪漫威尼斯披萨-7英寸(手拍)[{""name"":""规格"",""value"":""7英寸(手拍)""}]（29.90*1）,奶酪芝士卷边（7英寸）（4.90*1）,餐盒（2.00*1）",浪漫威尼斯披萨+奶酪芝士卷边7,,,,非会员,33,,,无需餐具,,34.80,19.06,9.50,0.00,0,0,1.79,0.00,3.50,【活动支出】下单返红包:1.50元+【活动支出】饿了么红包:8.00元+【活动支出】替用户承担配送费:3.5元,-,-,-,2.00,温州区域,温州直营,,,否,-,平台配送
圣比萨·披萨·炸鸡（天河店）,SBM00028,温州,"8070766088179143986	",饿了么,平台外卖,已完成,2025-10-20 19:09:47,2025-10-20 19:09:47,2025-10-20 19:09:48,饿了么支付-在线支付,,即时单,2025-10-20 19:09:47,14.20,自动出餐,1,否,"【随心❤️拼】7英寸双拼披萨（口味自选）[新奥尔良烤鸡肉+新奥尔良烤鸡肉]（27.90*1）,餐盒（2.00*1）",双拼7寸【奥尔良口味7】+双拼7寸【奥尔良口味7】,,,,非会员,34,,,依据餐量提供餐具,,27.90,12.82,8.00,0.00,0,0,1.43,0.00,6.20,【活动支出】首次光顾立减:1.00元+【活动支出】饿了么红包:7.00元+【活动支出】替用户承担配送费:5.0元,-,-,-,2.00,温州区域,温州直营,,,否,-,平台配送
圣比萨·披萨·炸鸡（天河店）,SBM00028,温州,"8071746088206162283	",饿了么,平台外卖,已完成,2025-10-20 19:15:24,2025-10-20 19:15:24,2025-10-20 19:15:25,饿了么支付-在线支付,,即时单,2025-10-20 19:15:24,14.05,自动出餐,1,否,"【随心❤️拼】7英寸双拼披萨（口味自选）[新奥尔良烤鸡肉+新奥尔良烤鸡肉]（27.90*1）,餐盒（2.00*1）",双拼7寸【奥尔良口味7】+双拼7寸【奥尔良口味7】,,,,非会员,35,,,依据餐量提供餐具,,27.90,14.12,8.50,0.00,0,0,1.43,0.00,3.50,【活动支出】下单返红包:1.50元+【活动支出】饿了么红包:7.00元+【活动支出】替用户承担配送费:3.5元,-,-,-,2.00,温州区域,温州直营,,,否,-,平台配送
圣比萨·披萨·炸鸡（天河店）,SBM00028,温州,"8027340254340808131	",饿了么,平台外卖,已完成,2025-10-20 19:33:57,2025-10-20 19:33:57,2025-10-20 19:33:57,饿了么支付-在线支付,,即时单,2025-10-20 19:33:57,14.23,自动出餐,1,否,"️【任选】意面随心配（31.90*1）,餐盒（2.00*1）",蛋挞+小可乐+番茄牛肉意面,,,,非会员,36,,,依据餐量提供餐具,,31.90,17.79,7.00,0.00,0,0,1.76,0.00,4.50,【活动支出】首次光顾立减:1.00元+【活动支出】饿了么红包:6.00元+【活动支出】替用户承担配送费:4.5元,-,-,-,2.00,温州区域,温州直营,,,否,-,平台配送
圣比萨·披萨·炸鸡（天河店）,SBM00028,温州,"8074000254345581830	",饿了么,平台外卖,已完成,2025-10-20 19:48:32,2025-10-20 19:48:32,2025-10-20 19:48:33,饿了么支付-在线支付,,即时单,2025-10-20 19:48:32,14.23,自动出餐,1,否,"【任选】买一送一7英寸披萨（62.50*1）,餐盒（2.00*1）",金沙咸蛋黄嫩鸡披萨(7英寸(手拍))+炙热牛魔王披萨(7英寸(手拍)),,,,非会员,37,,,依据餐量提供餐具,,62.50,36.14,15.50,0.00,0,0,3.41,0.00,3.50,【活动支出】店铺满减:2.00元+【活动支出】下单返红包:1.50元+【活动支出】饿了么红包:12.00元+【活动支出】替用户承担配送费:3.5元,-,-,-,2.00,温州区域,温州直营,,,否,-,平台配送
圣比萨·披萨·炸鸡（天河店）,SBM00028,温州,"8085490254337751337	",饿了么,平台外卖,已完成,2025-10-20 20:29:50,2025-10-20 20:29:50,2025-10-20 20:29:50,饿了么支付-在线支付,,即时单,2025-10-20 20:29:50,14.23,自动出餐,1,否,"碳烤鸡肉培根披萨-9英寸(手拍)[{""name"":""规格"",""value"":""9英寸(手拍)""}]（33.90*1）,明星小食桶任选3（20.70*1）,餐盒（3.00*1）",碳烤鸡肉培根披萨+上校鸡块+经典薯条+盐酥鸡粒,,,,非会员,38,,,依据餐量提供餐具,,54.60,34.08,10.50,0.00,0,0,3.27,0.00,4.50,【活动支出】店铺满减:1.00元+【活动支出】下单返红包:1.50元+【活动支出】超会爆红包省钱包:8.00元+【活动支出】替用户承担配送费:4.5元,-,-,-,3.00,温州区域,温州直营,,,否,-,平台配送
圣比萨·披萨·炸鸡（天河店）,SBM00028,温州,"8017516088259351937	",饿了么,平台外卖,已完成,2025-10-20 20:44:55,2025-10-20 20:44:55,2025-10-20 20:44:56,饿了么支付-在线支付,,即时单,2025-10-20 20:44:55,13.08,自动出餐,1,否,"新店开业福利小吃（限一份，多点不送）[上校鸡块2个]（0.20*1）,蛋挞一个（3.90*1）,新奥尔良烤鸡肉披萨-7英寸(手拍)[{""name"":""规格"",""value"":""7英寸(手拍)""}]（25.90*1）,餐盒（2.00*1）",上校鸡块2个+蛋挞1个+新奥尔良烤鸡肉披萨,,,,非会员,39,,,依据餐量提供餐具,,30.00,14.87,8.91,0.00,0,0,1.47,0.00,5.60,【活动支出】首次光顾立减:1.00元+【活动支出】单品特价:1.91元+【活动支出】饿了么红包:6.00元+【活动支出】替用户承担配送费:5.0元,-,-,-,2.00,温州区域,温州直营,,,否,-,平台配送
圣比萨·披萨·炸鸡（天河店）,SBM00028,温州,"8061400254448941378	",饿了么,平台外卖,已完成,2025-10-20 20:46:53,2025-10-20 20:46:53,2025-10-20 20:46:53,饿了么支付-在线支付,,即时单,2025-10-20 20:46:53,13.10,自动出餐,1,否,"【任选】披萨随心配（47.60*1）,餐盒（2.00*1）",奥尔良烤翅+大圣招牌大满贯披萨(7英寸(手拍))+小可乐,,,,非会员,40,,,依据餐量提供餐具,,47.60,27.72,11.00,0.00,0,0,2.63,0.00,3.50,【活动支出】店铺满减:1.00元+【活动支出】首次光顾立减:1.00元+【活动支出】饿了么红包:9.00元+【活动支出】替用户承担配送费:3.5元,-,-,-,2.00,温州区域,温州直营,,,否,-,平台配送
圣比萨·披萨·炸鸡（天河店）,SBM00028,温州,"8045100254370896328	",饿了么,平台外卖,已完成,2025-10-20 21:12:01,2025-10-20 21:12:01,2025-10-20 21:12:01,饿了么支付-在线支付,,即时单,2025-10-20 21:12:01,13.22,自动出餐,1,否,"【任选】买一送一7英寸披萨（57.70*1）,餐盒（2.00*1）",榴莲王披萨(7英寸(手拍))+奶酪芝士披萨(7英寸(手拍)),,,,非会员,41,,,依据餐量提供餐具,,57.70,34.57,12.50,0.00,0,0,3.28,0.00,5.60,【活动支出】店铺满减:2.00元+【活动支出】下单返红包:1.50元+【活动支出】饿了么红包:9.00元+【活动支出】替用户承担配送费:5.0元,-,-,-,2.00,温州区域,温州直营,,,否,-,平台配送
圣比萨·披萨·炸鸡（天河店）,SBM00028,温州,"8049896088220274075	",饿了么,平台外卖,已完成,2025-10-20 21:18:21,2025-10-20 21:18:21,2025-10-20 21:18:21,饿了么支付-在线支付,,即时单,2025-10-20 21:18:21,13.15,自动出餐,1,否,"榴莲王披萨-9英寸(手拍)[{""name"":""规格"",""value"":""9英寸(手拍)""}]（43.90*1）,芝士翻倍（仅圆形披萨）-9英寸[{""name"":""规格"",""value"":""9英寸""}]（9.90*1）,餐盒（2.00*1）",榴莲王披萨+芝士加倍,,,,非会员,42,,,依据餐量提供餐具,,53.80,31.89,11.50,0.00,0,0,3.06,0.00,5.60,【活动支出】店铺满减:1.00元+【活动支出】下单返红包:1.50元+【活动支出】饿了么红包:9.00元+【活动支出】替用户承担配送费:5.0元,-,-,-,2.00,温州区域,温州直营,,,否,-,平台配送
圣比萨·披萨·炸鸡（盐城八滩店）,SBS00030,盐城,"8036646087931628888	",饿了么,平台外卖,已完成,2025-10-20 09:32:31,2025-10-20 09:32:31,2025-10-20 09:32:32,饿了么支付-在线支付,,预约单,2025-10-20 10:40:00,22.48,自动出餐,1,否,"明星小食桶C（19.90*1）,花果山披萨-7英寸(手拍)[{""name"":""规格"",""value"":""7英寸(手拍)""}]（25.90*1）,酸奶多多流心卷边（7英寸）（4.90*1）,大圣拉丝芝士棒（8.90*1）,餐盒（2.00*1）,川香脆皮翅根1份（0.00*1）",明星小食桶C+花果山披萨+酸奶多多流心卷边7+大圣拉丝芝士棒,,,,非会员,1,,,依据餐量提供餐具,,59.60,33.19,8.50,0.00,0,0,4.93,1.23,6.00,【活动支出】川香脆皮翅根1份:0.00元+【活动支出】 商家自营销加码:1.50元+【活动支出】粉丝群:1.00元+【活动支出】饿了么红包:6.00元+【活动支出】替用户承担配送费:5.0元,-,-,-,2.00,江苏区域,江苏直营店,,,否,-,平台配送
圣比萨·披萨·炸鸡（盐城八滩店）,SBS00030,盐城,"8070270254052367624	",饿了么,平台外卖,已完成,2025-10-20 10:44:58,2025-10-20 10:44:58,2025-10-20 10:44:58,饿了么支付-在线支付,,即时单,2025-10-20 10:44:58,10.10,自动出餐,1,否,"番茄培根意面（23.90*1）,餐盒（1.00*1）",番茄培根意面,,,,非会员,2,,,依据餐量提供餐具,,23.90,10.61,4.50,0.00,0,0,1.99,0.50,5.00,【活动支出】 商家自营销加码:0.50元+【活动支出】粉丝群:1.00元+【活动支出】饿了么红包:3.00元+【活动支出】替用户承担配送费:5.0元,-,-,-,1.00,江苏区域,江苏直营店,,,否,-,平台配送
圣比萨·披萨·炸鸡（盐城八滩店）,SBS00030,盐城,"8069796088035522864	",饿了么,平台外卖,已完成,2025-10-20 11:50:54,2025-10-20 11:50:54,2025-10-20 11:50:54,饿了么支付-在线支付,,即时单,2025-10-20 11:50:54,12.13,自动出餐,1,否,"收藏得小吃（每单限一份）[薯饼1个]（0.00*1）,【任选5件套】披萨意面我全都要（59.90*1）,芝士棒（8.50*1）,餐盒（1.50*1）,川香脆皮翅根1份（0.00*1）",薯饼1个+招牌肉酱意面+大圣招牌大满贯披萨(7英寸(手拍))+明星小食桶B+柠檬茶+芒果汁+大圣拉丝芝士棒,,,,非会员,3,,,2份餐具,,68.40,38.41,10.50,0.00,0,0,5.59,1.40,5.00,【活动支出】川香脆皮翅根1份:0.00元+【活动支出】店铺满减:3.00元+【活动支出】超级会员专享红包:6.00元+【活动支出】 商家自营销加码:1.50元+【活动支出】替用户承担配送费:5.0元,-,-,-,1.50,江苏区域,江苏直营店,,,否,-,平台配送
圣比萨·披萨·炸鸡（盐城八滩店）,SBS00030,盐城,"8088996088065992177	",饿了么,平台外卖,已完成,2025-10-20 13:28:32,2025-10-20 13:28:32,2025-10-20 13:28:32,饿了么支付-在线支付,,即时单,2025-10-20 13:28:32,12.10,自动出餐,1,否,【随心❤️拼】7英寸双拼披萨（口味自选）[新奥尔良烤鸡肉+新奥尔良烤鸡肉]（26.90*1）,双拼7寸【奥尔良口味7】+双拼7寸【奥尔良口味7】,,,,非会员,4,,,1份餐具,,26.90,12.76,3.50,0.00,0,0,2.15,0.54,5.00,【活动支出】 商家自营销加码:0.50元+【活动支出】饿了么红包:3.00元+【活动支出】替用户承担配送费:5.0元,-,-,-,0.00,江苏区域,江苏直营店,,,否,-,平台配送
圣比萨·披萨·炸鸡（盐城八滩店）,SBS00030,盐城,"8087596088111107402	",饿了么,平台外卖,已完成,2025-10-20 14:43:54,2025-10-20 14:43:54,2025-10-20 14:43:54,饿了么支付-在线支付,,即时单,2025-10-20 14:43:54,10.12,自动出餐,1,否,"蛋挞（6.90*1）,蛋挞一个（原味）（3.90*2）,芝士棒（8.50*1）,餐盒（3.50*1）",蛋挞+蛋挞1个+大圣拉丝芝士棒,,,,非会员,5,,,依据餐量提供餐具,,23.20,9.67,6.41,0.00,0,0,2.14,0.53,5.00,【活动支出】单品特价:2.91元+【活动支出】 商家自营销加码:0.50元+【活动支出】饿了么红包:3.00元+【活动支出】替用户承担配送费:5.0元,-,-,-,3.50,江苏区域,江苏直营店,,,否,-,平台配送
圣比萨·披萨·炸鸡（盐城八滩店）,SBS00030,盐城,"8083030254206319939	",饿了么,平台外卖,已完成,2025-10-20 14:51:00,2025-10-20 14:51:00,2025-10-20 14:51:00,饿了么支付-在线支付,,即时单,2025-10-20 14:51:00,10.17,自动出餐,1,否,大圣鸡排*2+香肠*1-单点[甘梅]（14.40*1）,大圣鸡排*2+香肠*1-单点[甘梅],,,,非会员,6,,,依据餐量提供餐具,,14.40,8.90,0.00,0.00,0,0,1.00,0.00,,【活动支出】单品优惠:0.00元,-,-,-,0.00,江苏区域,江苏直营店,,,否,-,平台配送
圣比萨·披萨·炸鸡（盐城八滩店）,SBS00030,盐城,"8044340254195400031	",饿了么,平台外卖,已完成,2025-10-20 14:53:05,2025-10-20 14:53:05,2025-10-20 14:53:05,饿了么支付-在线支付,,即时单,2025-10-20 14:53:05,10.15,自动出餐,1,否,大圣鸡排*2+香肠*1-单点[甘梅]（14.40*1）,大圣鸡排*2+香肠*1-单点[甘梅],,,,非会员,7,,,1份餐具,,14.40,8.90,0.00,0.00,0,0,1.00,0.00,,【活动支出】单品优惠:0.00元,-,-,-,0.00,江苏区域,江苏直营店,,,否,-,平台配送
圣比萨·披萨·炸鸡（盐城八滩店）,SBS00030,盐城,"8023566088118760832	",饿了么,平台外卖,已完成,2025-10-20 15:24:31,2025-10-20 15:24:31,2025-10-20 15:24:32,饿了么支付-在线支付,,即时单,2025-10-20 15:24:31,10.22,自动出餐,1,否,【随心❤️拼】7英寸双拼披萨（口味自选）[玉米沙拉+新奥尔良烤鸡肉]（26.90*1）,双拼7寸【玉米沙拉口味7】+双拼7寸【奥尔良口味7】,,,,非会员,8,,,2份餐具,,26.90,12.76,3.50,0.00,0,0,2.15,0.54,5.00,【活动支出】 商家自营销加码:0.50元+【活动支出】饿了么红包:3.00元+【活动支出】替用户承担配送费:5.0元,-,-,-,0.00,江苏区域,江苏直营店,,,否,-,平台配送
圣比萨·披萨·炸鸡（盐城八滩店）,SBS00030,盐城,"8023566088110403028	",饿了么,平台外卖,已完成,2025-10-20 15:25:45,2025-10-20 15:25:45,2025-10-20 15:25:46,饿了么支付-在线支付,,即时单,2025-10-20 15:25:45,10.08,自动出餐,1,否,【随心❤️拼】7英寸双拼披萨（口味自选）[新奥尔良烤鸡肉+碳烤鸡肉培根]（26.90*1）,双拼7寸【奥尔良口味7】+双拼7寸【碳烤鸡肉培根口味7】,,,,非会员,9,,,2份餐具,,26.90,12.76,3.50,0.00,0,0,2.15,0.54,5.00,【活动支出】 商家自营销加码:0.50元+【活动支出】饿了么红包:3.00元+【活动支出】替用户承担配送费:5.0元,-,-,-,0.00,江苏区域,江苏直营店,,,否,-,平台配送
圣比萨·披萨·炸鸡（盐城八滩店）,SBS00030,盐城,"8033856088072998364	",饿了么,平台外卖,已完成,2025-10-20 15:44:41,2025-10-20 15:44:41,2025-10-20 15:44:41,饿了么支付-在线支付,,即时单,2025-10-20 15:44:41,10.00,自动出餐,1,否,"【随心❤️拼】7英寸双拼披萨（口味自选）[新奥尔良烤鸡肉+玉米沙拉]（26.90*1）,奶酪芝士卷边（7英寸）（4.90*1）",双拼7寸【奥尔良口味7】+双拼7寸【玉米沙拉口味7】+奶酪芝士卷边7,,,,非会员,10,,,3份餐具,,31.80,16.02,4.00,0.00,0,0,2.54,0.64,5.00,【活动支出】粉丝群:1.00元+【活动支出】饿了么红包:3.00元+【活动支出】替用户承担配送费:5.0元,-,-,-,0.00,江苏区域,江苏直营店,,,否,-,平台配送
圣比萨·披萨·炸鸡（盐城八滩店）,SBS00030,盐城,"8076696088078192065	",饿了么,平台外卖,已完成,2025-10-20 16:01:32,2025-10-20 16:01:32,2025-10-20 16:01:32,饿了么支付-在线支付,,即时单,2025-10-20 16:01:32,10.17,自动出餐,1,否,【随心❤️拼】7英寸双拼披萨（口味自选）[新奥尔良烤鸡肉+新奥尔良烤鸡肉]（26.90*1）,双拼7寸【奥尔良口味7】+双拼7寸【奥尔良口味7】,,,,非会员,11,,,依据餐量提供餐具,,26.90,12.76,3.50,0.00,0,0,2.15,0.54,5.00,【活动支出】 商家自营销加码:0.50元+【活动支出】饿了么红包:3.00元+【活动支出】替用户承担配送费:5.0元,-,-,-,0.00,江苏区域,江苏直营店,,,否,-,平台配送
圣比萨·披萨·炸鸡（盐城八滩店）,SBS00030,盐城,"8091150254230161765	",饿了么,平台外卖,已完成,2025-10-20 16:09:55,2025-10-20 16:09:55,2025-10-20 16:09:55,饿了么支付-在线支付,,即时单,2025-10-20 16:09:55,10.00,自动出餐,1,否,"【任选】买一送一7英寸披萨（49.90*1）,收藏得小吃（每单限一份）[上校鸡块2个]（0.00*1）,餐盒（1.00*1）,川香脆皮翅根1份（0.00*1）",大圣招牌大满贯披萨(7英寸(手拍))+碳烤鸡肉培根披萨(7英寸(手拍))+上校鸡块2个,,,,非会员,12,,,依据餐量提供餐具,,49.90,26.71,7.50,0.00,0,0,4.07,1.02,5.00,【活动支出】店铺满减:1.00元+【活动支出】川香脆皮翅根1份:0.00元+【活动支出】 商家自营销加码:1.50元+【活动支出】精准营销:1.00元+【活动支出】饿了么红包:4.00元+【活动支出】替用户承担配送费:5.0元,-,-,-,1.00,江苏区域,江苏直营店,,,否,-,平台配送
圣比萨·披萨·炸鸡（盐城八滩店）,SBS00030,盐城,"8040646088081006065	",饿了么,平台外卖,已完成,2025-10-20 16:13:01,2025-10-20 16:13:01,2025-10-20 16:13:01,饿了么支付-在线支付,,即时单,2025-10-20 16:13:01,10.22,自动出餐,1,否,"榴莲王披萨-9英寸(手拍)[{""name"":""规格"",""value"":""9英寸(手拍)""}]（43.90*1）,餐盒（1.00*1）,川香脆皮翅根1份（0.00*1）",榴莲王披萨,,,,非会员,13,,,无需餐具,,43.90,25.41,5.00,0.00,0,0,3.59,0.90,5.00,【活动支出】店铺满减:1.00元+【活动支出】川香脆皮翅根1份:0.00元+【活动支出】饿了么红包:4.00元+【活动支出】替用户承担配送费:5.0元,-,-,-,1.00,江苏区域,江苏直营店,,,否,-,平台配送
圣比萨·披萨·炸鸡（盐城八滩店）,SBS00030,盐城,"8042430254220945892	",饿了么,平台外卖,已完成,2025-10-20 16:27:09,2025-10-20 16:27:09,2025-10-20 16:27:10,饿了么支付-在线支付,,即时单,2025-10-20 16:27:09,10.18,自动出餐,1,否,"【随心❤️拼】7英寸双拼披萨（口味自选）[新奥尔良烤鸡肉+缤纷水果]（26.90*1）,奶酪芝士卷边（7英寸）（4.90*1）,大圣招牌肉串（3串）[孜然]（16.90*1）,餐盒（0.50*1）,川香脆皮翅根1份（0.00*1）",双拼7寸【奥尔良口味7】+双拼7寸【缤纷水果口味7】+奶酪芝士卷边7+大圣招牌肉串3串,,,,非会员,14,,,依据餐量提供餐具,,48.70,27.98,5.50,0.00,0,0,3.94,0.98,5.00,【活动支出】店铺满减:1.00元+【活动支出】川香脆皮翅根1份:0.00元+【活动支出】 商家自营销加码:0.50元+【活动支出】饿了么红包:4.00元+【活动支出】替用户承担配送费:5.0元,-,-,-,0.50,江苏区域,江苏直营店,,,否,-,平台配送
圣比萨·披萨·炸鸡（盐城八滩店）,SBS00030,盐城,"8028916088134834576	",饿了么,平台外卖,已完成,2025-10-20 16:31:09,2025-10-20 16:31:09,2025-10-20 16:31:09,饿了么支付-在线支付,,即时单,2025-10-20 16:31:09,10.22,自动出餐,1,否,"榴莲王披萨-7英寸(手拍)[{""name"":""规格"",""value"":""7英寸(手拍)""}]（35.90*1）,红薯薯泥流心卷边（7英寸）（4.90*1）,奥尔良烤鸡肉披萨-9英寸（手拍）[{""name"":""规格"",""value"":""9英寸（手拍）""}]（36.90*1）,餐盒（2.00*1）,川香脆皮翅根1份（0.00*1）",榴莲王披萨+红薯泥流心卷边7,,,,非会员,15,,,无需餐具,,77.70,51.83,3.00,0.00,0,0,6.38,1.59,7.00,【活动支出】店铺满减:3.00元+【活动支出】川香脆皮翅根1份:0.00元+【活动支出】替用户承担配送费:5.0元,-,-,-,2.00,江苏区域,江苏直营店,,,否,-,平台配送
圣比萨·披萨·炸鸡（盐城八滩店）,SBS00030,盐城,"8091666088090221943	",饿了么,平台外卖,已完成,2025-10-20 16:36:38,2025-10-20 16:36:38,2025-10-20 16:36:39,饿了么支付-在线支付,,即时单,2025-10-20 16:36:38,10.20,自动出餐,1,否,"地道肠（3.90*1）,经典薯条（7.00*1）,榴莲王披萨-7英寸(手拍)[{""name"":""规格"",""value"":""7英寸(手拍)""}]（35.90*1）,烤甜玉米（8.00*1）,餐盒（4.00*1）,川香脆皮翅根1份（0.00*1）",地道肠1根+经典薯条+榴莲王披萨+烤甜玉米,,,,非会员,16,,,2份餐具,,54.80,33.02,7.50,0.00,0,0,4.70,1.18,5.00,【活动支出】店铺满减:3.00元+【活动支出】川香脆皮翅根1份:0.00元+【活动支出】 商家自营销加码:0.50元+【活动支出】饿了么红包:4.00元+【活动支出】替用户承担配送费:5.0元,-,-,-,4.00,江苏区域,江苏直营店,,,否,-,平台配送
圣比萨·披萨·炸鸡（盐城八滩店）,SBS00030,盐城,"8067010254228047331	",饿了么,平台外卖,已完成,2025-10-20 16:45:31,2025-10-20 16:45:31,2025-10-20 16:45:32,饿了么支付-在线支付,,即时单,2025-10-20 16:45:31,10.22,自动出餐,1,否,小鸡肉串（20串）+芝士棒-单点（14.40*1）,小鸡肉串（20串）+芝士棒-单点,,,,非会员,17,,,依据餐量提供餐具,,14.40,8.90,0.00,0.00,0,0,1.00,0.00,,【活动支出】单品优惠:0.00元,-,-,-,0.00,江苏区域,江苏直营店,,,否,-,平台配送
圣比萨·披萨·炸鸡（盐城八滩店）,SBS00030,盐城,"8076896088146302231	",饿了么,平台外卖,已完成,2025-10-20 16:51:52,2025-10-20 16:51:52,2025-10-20 16:51:52,饿了么支付-在线支付,,即时单,2025-10-20 16:51:52,10.12,自动出餐,1,否,【随心❤️拼】7英寸双拼披萨（口味自选）[新奥尔良烤鸡肉+碳烤鸡肉培根]（26.90*1）,双拼7寸【奥尔良口味7】+双拼7寸【碳烤鸡肉培根口味7】,,,,非会员,18,,,依据餐量提供餐具,,26.90,12.76,3.50,0.00,0,0,2.15,0.54,5.00,【活动支出】 商家自营销加码:0.50元+【活动支出】饿了么红包:3.00元+【活动支出】替用户承担配送费:5.0元,-,-,-,0.00,江苏区域,江苏直营店,,,否,-,平台配送
圣比萨·披萨·炸鸡（盐城八滩店）,SBS00030,盐城,"8003480254296396255	",饿了么,平台外卖,已完成,2025-10-20 18:11:54,2025-10-20 18:11:54,2025-10-20 18:11:54,饿了么支付-在线支付,,预约单,2025-10-20 19:05:00,8.22,自动出餐,1,否,"大圣鸡排[孜然]（6.90*1）,鸡排小串套餐[孜然]（29.90*1）,餐盒（1.00*1）,川香脆皮翅根1份（0.00*1）",大圣鸡排+大圣鸡排【1个】+大圣鸡排【1个】+大圣小鸡肉串（20串）+小可乐,,,,非会员,19,,,无需餐具,,36.80,20.22,4.50,0.00,0,0,3.02,0.76,5.00,【活动支出】店铺满减:1.00元+【活动支出】川香脆皮翅根1份:0.00元+【活动支出】 商家自营销加码:0.50元+【活动支出】饿了么红包:3.00元+【活动支出】替用户承担配送费:5.0元,-,-,-,1.00,江苏区域,江苏直营店,,,否,-,平台配送
圣比萨·披萨·炸鸡（盐城八滩店）,SBS00030,盐城,"8019070254295676222	",饿了么,平台外卖,已完成,2025-10-20 18:41:43,2025-10-20 18:41:43,2025-10-20 18:41:43,饿了么支付-在线支付,,即时单,2025-10-20 18:41:43,12.22,自动出餐,1,否,【任选】买一送一7英寸披萨（54.80*1）,大圣招牌大满贯披萨(7英寸(手拍))+碳烤鸡肉培根披萨(7英寸(手拍)),,,,非会员,20,,,我要自取，不要配送/ 2份餐具,,54.80,26.57,11.30,0.00,0,0,4.38,1.10,5.00,【活动支出】单品特价:11.30元+【活动支出】替用户承担配送费:5.0元,-,-,-,0.00,江苏区域,江苏直营店,,,否,-,平台配送
圣比萨·披萨·炸鸡（盐城八滩店）,SBS00030,盐城,"8003566088211329342	",饿了么,平台外卖,已完成,2025-10-20 20:39:49,2025-10-20 20:39:49,2025-10-20 20:39:49,饿了么支付-在线支付,,即时单,2025-10-20 20:39:49,10.02,自动出餐,1,否,"【随心❤️拼】7英寸双拼披萨（口味自选）[新奥尔良烤鸡肉+新奥尔良烤鸡肉]（26.90*1）,奶酪芝士卷边（7英寸）（4.90*1）",双拼7寸【奥尔良口味7】+双拼7寸【奥尔良口味7】+奶酪芝士卷边7,,,,非会员,21,,,依据餐量提供餐具,,31.80,15.97,3.50,0.00,0,0,2.54,0.64,6.00,【活动支出】 商家自营销加码:0.50元+【活动支出】饿了么红包:3.00元+【活动支出】替用户承担配送费:5.0元,-,-,-,0.00,江苏区域,江苏直营店,,,否,-,平台配送
圣比萨·披萨·炸鸡（盐城八滩店）,SBS00030,盐城,"8011270254375240161	",饿了么,平台外卖,已完成,2025-10-20 21:19:06,2025-10-20 21:19:06,2025-10-20 21:19:06,饿了么支付-在线支付,,即时单,2025-10-20 21:19:06,10.13,自动出餐,1,否,"【随心❤️拼】7英寸双拼披萨（口味自选）[新奥尔良烤鸡肉+碳烤鸡肉培根]（26.90*1）,咸蛋黄风味流沙卷边（7英寸）（4.90*1）,大圣拉丝芝士棒（8.90*1）,大圣鸡排[香辣]（6.90*1）,川香脆皮翅根1份（0.00*1）",双拼7寸【奥尔良口味7】+双拼7寸【碳烤鸡肉培根口味7】+咸蛋黄流沙卷边7+大圣拉丝芝士棒+大圣鸡排,,,,非会员,22,,,依据餐量提供餐具,,47.60,26.54,5.00,0.00,0,0,3.81,0.95,5.00,【活动支出】店铺满减:1.00元+【活动支出】川香脆皮翅根1份:0.00元+【活动支出】饿了么红包:4.00元+【活动支出】替用户承担配送费:5.0元,-,-,-,0.00,江苏区域,江苏直营店,,,否,-,平台配送
圣比萨·披萨·炸鸡（盐城八滩店）,SBS00030,盐城,"8019480254365220351	",饿了么,平台外卖,已完成,2025-10-20 22:21:27,2025-10-20 22:21:27,2025-10-20 22:21:28,饿了么支付-在线支付,,即时单,2025-10-20 22:21:27,10.07,自动出餐,1,否,"浪漫威尼斯披萨-7英寸(手拍)[{""name"":""规格"",""value"":""7英寸(手拍)""}]（29.90*1）,餐盒（1.00*1）",浪漫威尼斯披萨,,,,非会员,23,,,依据餐量提供餐具,,29.90,15.21,3.50,0.00,0,0,2.47,0.62,6.00,【活动支出】 商家自营销加码:0.50元+【活动支出】饿了么红包:3.00元+【活动支出】替用户承担配送费:5.0元,-,-,-,1.00,江苏区域,江苏直营店,,,否,-,平台配送
圣比萨（娄桥店）,SBM00040,温州,"8089626087869324630	",饿了么,平台外卖,已退款,2025-10-19 22:19:54,2025-10-19 22:19:54,2025-10-19 22:19:55,饿了么支付-在线支付,,预约单,2025-10-20 13:20:00,,未出餐,1,否,"【随心❤️拼】双拼披萨（口味自选）-7英寸双拼[新奥尔良烤鸡肉7英寸+碳烤鸡肉培根7英寸][{""name"":""规格"",""value"":""7英寸双拼""}]（24.90*1）,餐盒（2.00*1）",【随心❤️拼】双拼披萨,,,,非会员,1,,,多加点芝士谢谢，打15258670100 / 依据餐量提供餐具,订单强制无效（商家主动取消已接订单、用户1分钟内取消),24.90,1.82,8.00,8.90,0,0,1.43,0.00,5.00,【活动支出】首次光顾立减:1.00元+【活动支出】粉丝群:2.00元+【活动支出】饿了么红包:5.00元+【活动支出】替用户承担配送费:5.0元,-,-,-,2.00,温州区域,温州直营,,,否,-,平台配送
圣比萨（娄桥店）,SBM00040,温州,"8018320254112217520	",饿了么,平台外卖,已完成,2025-10-20 08:15:37,2025-10-20 08:15:37,2025-10-20 08:15:37,饿了么支付-在线支付,,预约单,2025-10-20 11:15:00,134.62,自动出餐,1,否,"【任选】披萨随心配（29.90*1）,餐盒（2.00*1）",不加一+小薯条+小可乐+不加一+新奥尔良烤鸡肉披萨(7英寸(手拍)),,,,非会员,2,,,不许偷外卖 偷的sm。。。。。。。。。。。。。。。。。。。。 。。。。。。。。。。。。。 。。。。。 / 依据餐量提供餐具；手机尾号：1336；接力送,,29.90,10.42,11.00,0.00,0,0,1.43,0.00,7.40,【活动支出】首次光顾立减:1.00元+【活动支出】精准营销红包:3.00元+【活动支出】饿了么红包:7.00元+【活动支出】替用户承担配送费:5.0元,-,-,-,2.00,温州区域,温州直营,,,否,-,平台配送
圣比萨（娄桥店）,SBM00040,温州,"8023816087914140001	",饿了么,平台外卖,已退款,2025-10-20 08:45:52,2025-10-20 08:45:52,2025-10-20 08:45:52,饿了么支付-在线支付,,即时单,2025-10-20 08:45:52,11.13,自动出餐,1,否,"咸蛋黄风味流沙卷边（7英寸）（4.90*1）,【随心❤️拼】双拼披萨（口味自选）-7英寸双拼[新奥尔良烤鸡肉7英寸+新奥尔良烤鸡肉7英寸][{""name"":""规格"",""value"":""7英寸双拼""}]（24.90*1）,餐盒（2.00*1）",咸蛋黄流沙卷边7+【随心❤️拼】双拼披萨,,,,非会员,3,,,依据餐量提供餐具,订单强制无效（商家主动取消已接订单、用户1分钟内取消),29.80,-4.05,7.00,20.80,0,0,1.60,0.00,3.50,【活动支出】饿了么红包:7.00元+【活动支出】替用户承担配送费:3.5元,-,-,-,2.00,温州区域,温州直营,,,否,-,平台配送
圣比萨（娄桥店）,SBM00040,温州,"8095506087940140526	",饿了么,平台外卖,已完成,2025-10-20 10:40:18,2025-10-20 10:40:18,2025-10-20 10:40:19,饿了么支付-在线支付,,即时单,2025-10-20 10:40:18,11.13,自动出餐,1,否,"招牌肉酱意面（23.90*1）,【任选】披萨随心配（29.90*1）,餐盒（4.00*1）",招牌肉酱意面+不加一+上校鸡块+小可乐+不加一+碳烤鸡肉培根披萨(7英寸(手拍)),,,,非会员,4,,,1份餐具；手机尾号：3006；接力送,,53.80,28.73,14.00,0.00,0,0,3.02,0.00,6.80,【活动支出】店铺满减:1.00元+【活动支出】首次光顾立减:1.00元+【活动支出】精准营销红包:4.00元+【活动支出】饿了么红包:8.00元+【活动支出】替用户承担配送费:5.0元,-,-,-,4.00,温州区域,温州直营,,,否,-,平台配送
圣比萨（娄桥店）,SBM00040,温州,"8095070254145489196	",饿了么,平台外卖,已完成,2025-10-20 10:42:36,2025-10-20 10:42:36,2025-10-20 10:42:37,饿了么支付-在线支付,,即时单,2025-10-20 10:42:36,11.00,自动出餐,1,否,"【随心❤️拼】双拼披萨（口味自选）-9英寸双拼[碳烤鸡肉培根9英寸+新奥尔良烤鸡肉9英寸][{""name"":""规格"",""value"":""9英寸双拼""}]（34.90*1）,咸蛋黄风味流心卷边（9英寸）（6.90*1）,餐盒（2.00*1）",【随心❤️拼】双拼披萨+咸蛋黄流沙卷边9,,,,非会员,5,,,"不用打电话，直接放快递货架, 不用打电话，直接放快递货架 / 依据餐量提供餐具",,41.80,21.70,13.00,0.00,0,0,2.05,0.00,3.50,【活动支出】店铺满减:1.00元+【活动支出】首次光顾立减:1.00元+【活动支出】 商家自营销加码:0.00元+【活动支出】精准营销:3.00元+【活动支出】饿了么红包:8.00元+【活动支出】替用户承担配送费:3.5元,-,-,-,2.00,温州区域,温州直营,,,否,-,平台配送
圣比萨（娄桥店）,SBM00040,温州,"8081786087962077441	",饿了么,平台外卖,已完成,2025-10-20 10:53:27,2025-10-20 10:53:27,2025-10-20 10:53:27,饿了么支付-在线支付,,即时单,2025-10-20 10:53:27,11.13,自动出餐,1,否,"【任选】披萨随心配（29.90*1）,餐盒（2.00*1）",不加一+蛋挞1个+小可乐+不加一+新奥尔良烤鸡肉披萨(7英寸(手拍)),,,,非会员,6,,,依据餐量提供餐具,,29.90,14.62,10.00,0.00,0,0,1.43,0.00,3.50,【活动支出】精准营销:3.00元+【活动支出】饿了么红包:7.00元+【活动支出】替用户承担配送费:3.5元,-,-,-,2.00,温州区域,温州直营,,,否,-,平台配送
圣比萨（娄桥店）,SBM00040,温州,"8036060254081680775	",饿了么,平台外卖,已完成,2025-10-20 10:59:54,2025-10-20 10:59:54,2025-10-20 10:59:55,饿了么支付-在线支付,,即时单,2025-10-20 10:59:54,11.22,自动出餐,1,否,"【任选】买一送一7英寸披萨（39.90*1）,披萨尺寸图解（0.00*1）,餐盒（2.00*1）",新奥尔良烤鸡肉披萨(7英寸(手拍))+玉米沙拉披萨(7英寸(手拍))+披萨尺寸图解,,,,非会员,7,,,依据餐量提供餐具,,39.90,13.94,13.00,0.00,0,0,1.91,0.00,9.30,【活动支出】店铺满减:1.00元+【活动支出】首次光顾立减:1.00元+【活动支出】精准营销红包:3.00元+【活动支出】饿了么红包:8.00元+【活动支出】替用户承担配送费:5.0元,-,-,-,2.00,温州区域,温州直营,,,否,-,平台配送
圣比萨（娄桥店）,SBM00040,温州,"8061330253981515074	",饿了么,平台外卖,已完成,2025-10-20 11:07:02,2025-10-20 11:07:02,2025-10-20 11:07:03,饿了么支付-在线支付,,即时单,2025-10-20 11:07:02,11.17,自动出餐,1,否,手握三选一-单点[奥尔良]（17.40*1）,奥尔良风情烤鸡肉一人食盒子披萨,,,,非会员,8,,,依据餐量提供餐具,,17.40,10.00,0.00,0.00,0,0,0.00,0.00,,【活动支出】拼团反圈活动:0.00元,-,-,-,0.00,温州区域,温州直营,,,否,-,平台配送
圣比萨（娄桥店）,SBM00040,温州,"8030090254179358111	",饿了么,平台外卖,已完成,2025-10-20 11:12:13,2025-10-20 11:12:13,2025-10-20 11:12:13,饿了么支付-在线支付,,即时单,2025-10-20 11:12:13,11.12,自动出餐,1,否,"缤纷水果披萨-7英寸(手拍)[{""name"":""规格"",""value"":""7英寸(手拍)""}]（23.90*1）,奥尔良烤翅（9.90*1）,酸奶多多流心卷边（7英寸）（4.90*1）,餐盒（2.50*1）",缤纷水果披萨+奥尔良烤翅+酸奶多多流心卷边7,,,,非会员,9,,,依据餐量提供餐具,,38.70,19.90,13.00,0.00,0,0,1.85,0.00,3.50,【活动支出】店铺满减:1.00元+【活动支出】首次光顾立减:1.00元+【活动支出】精准营销:3.00元+【活动支出】饿了么红包:8.00元+【活动支出】替用户承担配送费:3.5元,-,-,-,2.50,温州区域,温州直营,,,否,-,平台配送
圣比萨（娄桥店）,SBM00040,温州,"8004220254184986108	",饿了么,平台外卖,已完成,2025-10-20 11:19:33,2025-10-20 11:19:33,2025-10-20 11:19:34,饿了么支付-在线支付,,即时单,2025-10-20 11:19:33,11.17,自动出餐,1,否,"【任选】披萨随心配（38.70*1）,餐盒（2.00*1）",不加一+小薯条+小可乐+不加一+海苔肉松披萨(7英寸(手拍)),,,,非会员,10,,,依据餐量提供餐具,,38.70,19.81,10.00,0.00,0,0,2.04,0.00,5.60,【活动支出】店铺满减:1.00元+【活动支出】首次光顾立减:1.00元+【活动支出】 商家自营销加码:0.00元+【活动支出】饿了么红包:8.00元+【活动支出】替用户承担配送费:5.0元,-,-,-,2.00,温州区域,温州直营,,,否,-,平台配送
圣比萨（娄桥店）,SBM00040,温州,"8066816087975310633	",饿了么,平台外卖,已完成,2025-10-20 11:48:13,2025-10-20 11:48:13,2025-10-20 11:48:13,饿了么支付-在线支付,,即时单,2025-10-20 11:48:13,11.02,自动出餐,1,否,手握三选一+二选一+可乐-单点[奥尔良+上校鸡块 2 块+可乐]（21.40*1）,小可乐+奥尔良风情烤鸡肉一人食盒子披萨+上校鸡块2个,,,,非会员,11,,,依据餐量提供餐具,,21.40,14.00,0.00,0.00,0,0,0.00,0.00,,【活动支出】拼团反圈活动:0.00元,-,-,-,0.00,温州区域,温州直营,,,否,-,平台配送
圣比萨（娄桥店）,SBM00040,温州,"8070130254031442243	",饿了么,平台外卖,已完成,2025-10-20 11:52:19,2025-10-20 11:52:19,2025-10-20 11:52:19,饿了么支付-在线支付,,即时单,2025-10-20 11:52:19,11.15,自动出餐,1,否,"蛋挞一个（原味）（3.90*1）,️【任选】意面随心配（29.90*1）,餐盒（2.50*1）",蛋挞1个+招牌肉酱意面+不加一+小可乐+不加一+小薯条,,,,非会员,12,,,不要可乐 可以多给一点薯条嘛 谢谢 / 依据餐量提供餐具,,33.80,15.11,13.91,0.00,0,0,1.43,0.00,3.50,【活动支出】首次光顾立减:1.00元+【活动支出】单品特价:2.91元+【活动支出】精准营销:3.00元+【活动支出】饿了么红包:7.00元+【活动支出】替用户承担配送费:3.5元,-,-,-,2.50,温州区域,温州直营,,,否,-,平台配送
圣比萨（娄桥店）,SBM00040,温州,"8014616088013578722	",饿了么,平台外卖,已完成,2025-10-20 11:56:33,2025-10-20 11:56:33,2025-10-20 11:56:33,饿了么支付-在线支付,,即时单,2025-10-20 11:56:33,11.20,自动出餐,1,否,"【随心❤️拼】双拼披萨（口味自选）-7英寸双拼[碳烤鸡肉培根7英寸+玉米沙拉7英寸][{""name"":""规格"",""value"":""7英寸双拼""}]（24.90*1）,餐盒（2.00*1）",【随心❤️拼】双拼披萨,,,,非会员,13,,,2份餐具,,24.90,14.62,5.00,0.00,0,0,1.43,0.00,3.50,【活动支出】饿了么红包:5.00元+【活动支出】替用户承担配送费:3.5元,-,-,-,2.00,温州区域,温州直营,,,否,-,平台配送
圣比萨（娄桥店）,SBM00040,温州,"8027170254049171724	",饿了么,平台外卖,已完成,2025-10-20 12:23:24,2025-10-20 12:23:24,2025-10-20 12:23:24,饿了么支付-在线支付,,即时单,2025-10-20 12:23:24,11.05,自动出餐,1,否,"咸蛋黄风味流沙卷边（7英寸）（4.90*1）,【随心❤️拼】双拼披萨（口味自选）-7英寸双拼[缤纷水果7英寸+日式照烧鸡7英寸][{""name"":""规格"",""value"":""7英寸双拼""}]（24.90*1）,餐盒（2.00*1）",咸蛋黄流沙卷边7+【随心❤️拼】双拼披萨,,,,非会员,14,,,依据餐量提供餐具,,29.80,13.62,10.00,0.00,0,0,1.43,0.00,5.00,【活动支出】精准营销:3.00元+【活动支出】饿了么红包:7.00元+【活动支出】替用户承担配送费:5.0元,-,-,-,2.00,温州区域,温州直营,,,否,-,平台配送
圣比萨（娄桥店）,SBM00040,温州,"8024846088088265036	",饿了么,平台外卖,已完成,2025-10-20 13:52:17,2025-10-20 13:52:17,2025-10-20 13:52:17,饿了么支付-在线支付,,即时单,2025-10-20 13:52:17,11.13,自动出餐,1,否,"【随心❤️拼】双拼披萨（口味自选）-7英寸双拼[新奥尔良烤鸡肉7英寸+碳烤鸡肉培根7英寸][{""name"":""规格"",""value"":""7英寸双拼""}]（24.90*1）,餐盒（2.00*1）",【随心❤️拼】双拼披萨,,,,非会员,15,,,依据餐量提供餐具,,24.90,8.72,10.00,0.00,0,0,1.43,0.00,4.50,【活动支出】首次光顾立减:1.00元+【活动支出】 商家自营销加码:0.00元+【活动支出】粉丝群:2.00元+【活动支出】饿了么红包:7.00元+【活动支出】替用户承担配送费:4.5元,-,-,-,2.00,温州区域,温州直营,,,否,-,平台配送
圣比萨（娄桥店）,SBM00040,温州,"8033946088055309634	",饿了么,平台外卖,已完成,2025-10-20 14:17:02,2025-10-20 14:17:02,2025-10-20 14:17:02,饿了么支付-在线支付,,即时单,2025-10-20 14:17:02,11.22,自动出餐,1,否,"【随心❤️拼】双拼披萨（口味自选）-9英寸双拼[玉米沙拉9英寸+日式照烧鸡9英寸][{""name"":""规格"",""value"":""9英寸双拼""}]（34.90*1）,餐盒（2.00*1）",【随心❤️拼】双拼披萨,,,,非会员,16,,,依据餐量提供餐具,,34.90,15.49,10.00,0.00,0,0,1.76,0.00,6.80,【活动支出】 商家自营销加码:0.00元+【活动支出】粉丝群:2.00元+【活动支出】饿了么红包:8.00元+【活动支出】替用户承担配送费:5.0元,-,-,-,2.00,温州区域,温州直营,,,否,-,平台配送
圣比萨（娄桥店）,SBM00040,温州,"8042340254103883066	",饿了么,平台外卖,已完成,2025-10-20 14:18:10,2025-10-20 14:18:10,2025-10-20 14:18:10,饿了么支付-在线支付,,即时单,2025-10-20 14:18:10,11.13,自动出餐,1,否,"新奥尔良烤鸡肉披萨-9英寸(手拍)[{""name"":""规格"",""value"":""9英寸(手拍)""}]（31.90*1）,奶酪芝士卷边（9英寸）（6.90*1）,餐盒（2.00*1）",新奥尔良烤鸡肉披萨+奶酪芝士卷边9,,,,非会员,17,,,依据餐量提供餐具,,38.80,18.05,12.00,0.00,0,0,1.90,0.00,6.20,【活动支出】店铺满减:1.00元+【活动支出】精准营销:3.00元+【活动支出】饿了么红包:8.00元+【活动支出】替用户承担配送费:5.0元,-,-,-,2.00,温州区域,温州直营,,,否,-,平台配送
圣比萨（娄桥店）,SBM00040,温州,"8079110254206339395	",饿了么,平台外卖,已完成,2025-10-20 14:36:30,2025-10-20 14:36:30,2025-10-20 14:36:30,饿了么支付-在线支付,,预约单,2025-10-20 17:05:00,103.60,自动出餐,1,否,"新奥尔良烤鸡肉披萨-7英寸(手拍)[{""name"":""规格"",""value"":""7英寸(手拍)""}]（21.90*1）,地道肠（3.90*1）,餐盒（2.50*1）",新奥尔良烤鸡肉披萨+地道肠1根,,,,非会员,18,,,请提前电话联系19921569062 / 1份餐具,,25.80,9.22,10.00,0.00,0,0,1.43,0.00,5.60,【活动支出】首次光顾立减:1.00元+【活动支出】 商家自营销加码:0.00元+【活动支出】粉丝群:2.00元+【活动支出】饿了么红包:7.00元+【活动支出】替用户承担配送费:5.0元,-,-,-,2.50,温州区域,温州直营,,,否,-,平台配送
圣比萨（娄桥店）,SBM00040,温州,"8058846088107385255	",饿了么,平台外卖,已完成,2025-10-20 14:37:26,2025-10-20 14:37:26,2025-10-20 14:37:26,饿了么支付-在线支付,,即时单,2025-10-20 14:37:26,11.15,自动出餐,1,否,"【任选】披萨随心配（34.80*1）,餐盒（2.00*1）",不加一+地道肠1根+小可乐+不加一+碳烤鸡肉培根披萨(7英寸(手拍)),,,,非会员,19,,,依据餐量提供餐具,,34.80,19.85,8.00,0.00,0,0,1.90,0.00,3.50,【活动支出】首次光顾立减:1.00元+【活动支出】饿了么红包:7.00元+【活动支出】替用户承担配送费:3.5元,-,-,-,2.00,温州区域,温州直营,,,否,-,平台配送
圣比萨（娄桥店）,SBM00040,温州,"8007536088122798469	",饿了么,平台外卖,已完成,2025-10-20 15:42:06,2025-10-20 15:42:06,2025-10-20 15:42:07,饿了么支付-在线支付,,即时单,2025-10-20 15:42:06,9.15,手动出餐,1,否,"新奥尔良烤鸡肉披萨-7英寸(手拍)[{""name"":""规格"",""value"":""7英寸(手拍)""}]（21.90*1）,餐盒（2.00*1）",新奥尔良烤鸡肉披萨,,,,非会员,20,,,2份餐具,,21.90,6.72,9.00,0.00,0,0,1.43,0.00,5.00,【活动支出】首次光顾立减:1.00元+【活动支出】粉丝群:2.00元+【活动支出】饿了么红包:6.00元+【活动支出】替用户承担配送费:5.0元,-,-,-,2.00,温州区域,温州直营,,,否,-,平台配送
圣比萨（娄桥店）,SBM00040,温州,"8040786088126559635	",饿了么,平台外卖,已完成,2025-10-20 16:10:10,2025-10-20 16:10:10,2025-10-20 16:10:10,饿了么支付-在线支付,,即时单,2025-10-20 16:10:10,11.05,自动出餐,1,否,"【任选】披萨随心配（29.90*1）,餐盒（2.00*1）",不加一+小薯条+小可乐+不加一+新奥尔良烤鸡肉披萨(7英寸(手拍)),,,,非会员,21,,,依据餐量提供餐具,,29.90,13.62,11.00,0.00,0,0,1.43,0.00,4.00,【活动支出】首次光顾立减:1.00元+【活动支出】超级会员专享红包:7.00元+【活动支出】 商家自营销加码:0.00元+【活动支出】精准营销:3.00元+【活动支出】替用户承担配送费:4.0元,-,-,-,2.00,温州区域,温州直营,,,否,-,平台配送
圣比萨（娄桥店）,SBM00040,温州,"8037130254318164383	",饿了么,平台外卖,已完成,2025-10-20 16:22:41,2025-10-20 16:22:41,2025-10-20 16:22:41,饿了么支付-在线支付,,即时单,2025-10-20 16:22:41,6.70,手动出餐,1,否,"新奥尔良烤鸡肉披萨-7英寸(手拍)[{""name"":""规格"",""value"":""7英寸(手拍)""}]（21.90*1）,美式香骨鸡（8.90*1）,餐盒（2.00*1）",新奥尔良烤鸡肉披萨+美式香骨鸡,,,,非会员,22,,,依据餐量提供餐具,,30.80,14.60,10.00,0.00,0,0,1.45,0.00,5.00,【活动支出】首次光顾立减:1.00元+【活动支出】粉丝群:2.00元+【活动支出】饿了么红包:7.00元+【活动支出】替用户承担配送费:5.0元,-,-,-,2.00,温州区域,温州直营,,,否,-,平台配送
圣比萨（娄桥店）,SBM00040,温州,"8005260254326392279	",饿了么,平台外卖,已完成,2025-10-20 16:39:16,2025-10-20 16:39:16,2025-10-20 16:39:16,饿了么支付-在线支付,,即时单,2025-10-20 16:39:16,11.13,自动出餐,1,否,"奶酪芝士卷边（7英寸）（4.90*1）,【随心❤️拼】双拼披萨（口味自选）-7英寸双拼[缤纷水果7英寸+新奥尔良烤鸡肉7英寸][{""name"":""规格"",""value"":""7英寸双拼""}]（24.90*1）,餐盒（2.00*1）",奶酪芝士卷边7+【随心❤️拼】双拼披萨,,,,非会员,23,,,依据餐量提供餐具；手机尾号：3686；接力送,,29.80,10.32,11.00,0.00,0,0,1.43,0.00,6.80,【活动支出】首次光顾立减:1.00元+【活动支出】精准营销:3.00元+【活动支出】饿了么红包:7.00元+【活动支出】替用户承担配送费:5.0元,-,-,-,2.00,温州区域,温州直营,,,否,-,平台配送
圣比萨（娄桥店）,SBM00040,温州,"8062040254245084453	",饿了么,平台外卖,已完成,2025-10-20 16:40:15,2025-10-20 16:40:15,2025-10-20 16:40:16,饿了么支付-在线支付,,即时单,2025-10-20 16:40:15,11.00,自动出餐,1,否,"招牌肉酱意面（23.90*1）,蛋挞一个（原味）（3.90*1）,餐盒（2.50*1）",招牌肉酱意面+蛋挞1个,,,,非会员,24,,,依据餐量提供餐具,,27.80,14.11,8.91,0.00,0,0,1.43,0.00,3.50,【活动支出】单品特价:2.91元+【活动支出】饿了么红包:6.00元+【活动支出】替用户承担配送费:3.5元,-,-,-,2.50,温州区域,温州直营,,,否,-,平台配送
圣比萨（娄桥店）,SBM00040,温州,"8018626088096510314	",饿了么,平台外卖,已完成,2025-10-20 16:53:07,2025-10-20 16:53:07,2025-10-20 16:53:07,饿了么支付-在线支付,,即时单,2025-10-20 16:53:07,11.10,自动出餐,1,否,手握三选一-单点[缤纷水果]（17.40*1）,热带雨林水果一人食盒子披萨,,,,非会员,25,,,依据餐量提供餐具,,17.40,10.00,0.00,0.00,0,0,0.00,0.00,,【活动支出】拼团反圈活动:0.00元,-,-,-,0.00,温州区域,温州直营,,,否,-,平台配送
圣比萨（娄桥店）,SBM00040,温州,"8018490254236161500	",饿了么,平台外卖,已完成,2025-10-20 16:54:14,2025-10-20 16:54:14,2025-10-20 16:54:15,饿了么支付-在线支付,,即时单,2025-10-20 16:54:14,11.12,自动出餐,1,否,"缤纷水果披萨-7英寸(手拍)[{""name"":""规格"",""value"":""7英寸(手拍)""}]（23.90*1）,餐盒（2.00*1）",缤纷水果披萨,,,,非会员,26,,,依据餐量提供餐具,,23.90,7.82,9.00,0.00,0,0,1.43,0.00,5.60,【活动支出】首次光顾立减:1.00元+【活动支出】粉丝群:2.00元+【活动支出】饿了么红包:6.00元+【活动支出】替用户承担配送费:5.0元,-,-,-,2.00,温州区域,温州直营,,,否,-,平台配送
圣比萨（娄桥店）,SBM00040,温州,"8008410254250208710	",饿了么,平台外卖,已完成,2025-10-20 16:56:04,2025-10-20 16:56:04,2025-10-20 16:56:04,饿了么支付-在线支付,,即时单,2025-10-20 16:56:04,11.02,自动出餐,1,否,"【随心❤️拼】双拼披萨（口味自选）-7英寸双拼[缤纷水果7英寸+碳烤鸡肉培根7英寸][{""name"":""规格"",""value"":""7英寸双拼""}]（24.90*1）,餐盒（2.00*1）",【随心❤️拼】双拼披萨,,,,非会员,27,,,依据餐量提供餐具,,24.90,10.82,7.00,0.00,0,0,1.43,0.00,6.20,【活动支出】首次光顾立减:1.00元+【活动支出】 商家自营销加码:1.00元+【活动支出】饿了么红包:5.00元+【活动支出】替用户承担配送费:5.0元,-,-,-,2.00,温州区域,温州直营,,,否,-,平台配送
圣比萨（娄桥店）,SBM00040,温州,"8056776088152338930	",饿了么,平台外卖,已完成,2025-10-20 16:59:39,2025-10-20 16:59:39,2025-10-20 16:59:40,饿了么支付-在线支付,,即时单,2025-10-20 16:59:39,11.20,自动出餐,1,否,"️【任选】意面随心配（29.90*1）,餐盒（2.00*1）",番茄培根意面+不加一+小可乐+不加一+小薯条,,,,非会员,28,,,1份餐具,,29.90,14.62,10.00,0.00,0,0,1.43,0.00,4.00,【活动支出】精准营销:3.00元+【活动支出】饿了么红包:7.00元+【活动支出】替用户承担配送费:4.0元,-,-,-,2.00,温州区域,温州直营,,,否,-,平台配送
圣比萨（娄桥店）,SBM00040,温州,"8085516088112929223	",饿了么,平台外卖,已完成,2025-10-20 17:13:50,2025-10-20 17:13:50,2025-10-20 17:13:50,饿了么支付-在线支付,,即时单,2025-10-20 17:13:50,11.23,自动出餐,1,否,"新奥尔良烤鸡肉披萨-7英寸(手拍)[{""name"":""规格"",""value"":""7英寸(手拍)""}]（21.90*1）,深海墨鱼丸-3个[{""name"":""规格"",""value"":""3个""}]（5.90*1）,美式香骨鸡（8.90*1）,餐盒（2.50*1）",新奥尔良烤鸡肉披萨+深海墨鱼丸+美式香骨鸡,,,,非会员,29,,,依据餐量提供餐具,,36.70,21.15,9.00,0.00,0,0,2.00,0.00,3.50,【活动支出】店铺满减:1.00元+【活动支出】首次光顾立减:1.00元+【活动支出】饿了么红包:7.00元+【活动支出】替用户承担配送费:3.5元,-,-,-,2.50,温州区域,温州直营,,,否,-,平台配送
圣比萨（娄桥店）,SBM00040,温州,"8073576088165325240	",饿了么,平台外卖,已完成,2025-10-20 17:23:47,2025-10-20 17:23:47,2025-10-20 17:23:48,饿了么支付-在线支付,,即时单,2025-10-20 17:23:47,11.17,自动出餐,1,否,"【随心❤️拼】双拼披萨（口味自选）-9英寸双拼[新奥尔良烤鸡肉9英寸+缤纷水果9英寸][{""name"":""规格"",""value"":""9英寸双拼""}]（34.90*1）,餐盒（2.00*1）",【随心❤️拼】双拼披萨,,,,非会员,30,,,依据餐量提供餐具,,34.90,17.77,11.00,0.00,0,0,1.68,0.00,4.00,【活动支出】首次光顾立减:1.00元+【活动支出】精准营销:3.00元+【活动支出】饿了么红包:7.00元+【活动支出】替用户承担配送费:4.0元,-,-,-,2.00,温州区域,温州直营,,,否,-,平台配送
圣比萨（娄桥店）,SBM00040,温州,"8081606088122449280	",饿了么,平台外卖,已完成,2025-10-20 17:38:02,2025-10-20 17:38:02,2025-10-20 17:38:02,饿了么支付-在线支付,,即时单,2025-10-20 17:38:02,11.22,自动出餐,1,否,手握三选一+二选一+可乐-单点[缤纷水果+上校鸡块 2 块+可乐]（21.40*1）,小可乐+热带雨林水果一人食盒子披萨+上校鸡块2个,,,,非会员,31,,,1份餐具,,21.40,14.00,0.00,0.00,0,0,0.00,0.00,,【活动支出】拼团反圈活动:0.00元,-,-,-,0.00,温州区域,温州直营,,,否,-,平台配送
圣比萨（娄桥店）,SBM00040,温州,"8045786088178764162	",饿了么,平台外卖,已完成,2025-10-20 17:44:59,2025-10-20 17:44:59,2025-10-20 17:44:59,饿了么支付-在线支付,,即时单,2025-10-20 17:44:59,11.10,自动出餐,1,否,"【任选4件套】双人套餐（71.60*1）,餐盒（2.00*1）",明星小食桶B+大圣招牌大满贯披萨(9英寸(手拍))+小可乐+小可乐,,,,非会员,32,,,依据餐量提供餐具,,71.60,40.74,18.00,0.00,0,0,3.91,0.00,4.50,【活动支出】店铺满减:2.00元+【活动支出】首次光顾立减:1.00元+【活动支出】精准营销:3.00元+【活动支出】饿了么红包:12.00元+【活动支出】替用户承担配送费:4.5元,-,-,-,2.00,温州区域,温州直营,,,否,-,平台配送
圣比萨（娄桥店）,SBM00040,温州,"8002746088147415401	",饿了么,平台外卖,已完成,2025-10-20 18:18:32,2025-10-20 18:18:32,2025-10-20 18:18:32,饿了么支付-在线支付,,即时单,2025-10-20 18:18:32,11.03,自动出餐,1,否,"经典薯条（8.90*1）,️【任选】意面随心配（34.80*1）,蛋挞一个（原味）（3.90*1）,餐盒（3.00*1）",经典薯条+番茄牛肉意面+不加一+小可乐+盐酥鸡米花小份+上校鸡块+蛋挞1个,,,,非会员,33,,,1份餐具,,47.60,24.70,15.91,0.00,0,0,2.34,0.00,3.50,【活动支出】店铺满减:1.00元+【活动支出】首次光顾立减:1.00元+【活动支出】单品特价:2.91元+【活动支出】精准营销:3.00元+【活动支出】饿了么红包:8.00元+【活动支出】替用户承担配送费:3.5元,-,-,-,3.00,温州区域,温州直营,,,否,-,平台配送
圣比萨（娄桥店）,SBM00040,温州,"8075450254388883964	",饿了么,平台外卖,已完成,2025-10-20 18:25:43,2025-10-20 18:25:43,2025-10-20 18:25:44,饿了么支付-在线支付,,即时单,2025-10-20 18:25:43,11.23,自动出餐,1,否,"缤纷水果披萨-7英寸(手拍)[{""name"":""规格"",""value"":""7英寸(手拍)""}]（23.90*1）,餐盒（2.00*1）",缤纷水果披萨,,,,非会员,34,,,依据餐量提供餐具,,23.90,9.62,9.00,0.00,0,0,1.43,0.00,3.50,【活动支出】 商家自营销加码:0.00元+【活动支出】粉丝群:2.00元+【活动支出】饿了么红包:7.00元+【活动支出】替用户承担配送费:3.5元,-,-,-,2.00,温州区域,温州直营,,,否,-,平台配送
圣比萨（娄桥店）,SBM00040,温州,"8066070254313269579	",饿了么,平台外卖,已完成,2025-10-20 18:43:16,2025-10-20 18:43:16,2025-10-20 18:43:16,饿了么支付-在线支付,,即时单,2025-10-20 18:43:16,11.08,自动出餐,1,否,"新奥尔良烤鸡肉披萨-7英寸(手拍)[{""name"":""规格"",""value"":""7英寸(手拍)""}]（21.90*1）,餐盒（2.00*1）",新奥尔良烤鸡肉披萨,,,,非会员,35,,,1份餐具,,21.90,8.72,7.00,0.00,0,0,1.43,0.00,4.50,【活动支出】首次光顾立减:1.00元+【活动支出】饿了么红包:6.00元+【活动支出】替用户承担配送费:4.5元,-,-,-,2.00,温州区域,温州直营,,,否,-,平台配送
圣比萨（娄桥店）,SBM00040,温州,"8038956088217767388	",饿了么,平台外卖,已退款,2025-10-20 18:59:45,2025-10-20 18:59:45,2025-10-20 18:59:45,饿了么支付-在线支付,,即时单,2025-10-20 18:59:45,,未出餐,1,否,"【随心❤️拼】双拼披萨（口味自选）-7英寸双拼[新奥尔良烤鸡肉7英寸+碳烤鸡肉培根7英寸][{""name"":""规格"",""value"":""7英寸双拼""}]（24.90*1）,餐盒（2.00*1）",【随心❤️拼】双拼披萨,,,,非会员,36,,,依据餐量提供餐具,"餐厅同意取消单 ",24.90,-2.28,9.00,12.90,0,0,1.43,0.00,3.50,【活动支出】首次光顾立减:1.00元+【活动支出】 商家自营销加码:1.00元+【活动支出】粉丝群:2.00元+【活动支出】饿了么红包:5.00元+【活动支出】替用户承担配送费:3.5元,-,-,-,2.00,温州区域,温州直营,,,否,-,平台配送
圣比萨（娄桥店）,SBM00040,温州,"8038956088200803677	",饿了么,平台外卖,已完成,2025-10-20 19:05:08,2025-10-20 19:05:08,2025-10-20 19:05:08,饿了么支付-在线支付,,即时单,2025-10-20 19:05:08,11.07,自动出餐,1,否,"蛋挞一个（原味）（3.90*1）,【随心❤️拼】双拼披萨（口味自选）-7英寸双拼[新奥尔良烤鸡肉7英寸+碳烤鸡肉培根7英寸][{""name"":""规格"",""value"":""7英寸双拼""}]（24.90*1）,餐盒（2.50*1）",蛋挞1个+【随心❤️拼】双拼披萨,,,,非会员,37,,,依据餐量提供餐具,,28.80,14.11,9.91,0.00,0,0,1.43,0.00,3.50,【活动支出】首次光顾立减:1.00元+【活动支出】单品特价:2.91元+【活动支出】 商家自营销加码:1.00元+【活动支出】CPS商户叠加券:0.00元+【活动支出】饿了么红包:5.00元+【活动支出】替用户承担配送费:3.5元,-,-,-,2.50,温州区域,温州直营,,,否,-,平台配送
圣比萨（娄桥店）,SBM00040,温州,"8013936088205638077	",饿了么,平台外卖,已完成,2025-10-20 19:18:10,2025-10-20 19:18:10,2025-10-20 19:18:10,饿了么支付-在线支付,,即时单,2025-10-20 19:18:10,11.22,自动出餐,1,否,"【任选】买一送一7英寸披萨（39.90*1）,餐盒（2.00*1）",碳烤鸡肉培根披萨(7英寸(手拍))+缤纷水果披萨(7英寸(手拍)),,,,非会员,38,,,2份餐具,,39.90,19.16,14.50,0.00,0,0,1.79,0.00,3.50,【活动支出】店铺满减:1.00元+【活动支出】首次光顾立减:1.00元+【活动支出】精准营销红包:4.00元+【活动支出】饿了么红包:8.50元+【活动支出】替用户承担配送费:3.5元,-,-,-,2.00,温州区域,温州直营,,,否,-,平台配送
圣比萨（娄桥店）,SBM00040,温州,"8047666088184240607	",饿了么,平台外卖,已完成,2025-10-20 19:20:47,2025-10-20 19:20:47,2025-10-20 19:20:47,饿了么支付-在线支付,,即时单,2025-10-20 19:20:47,11.10,自动出餐,1,否,"红薯薯泥流心卷边（7英寸）（4.90*1）,蛋挞一个（原味）（3.90*2）,【随心❤️拼】双拼披萨（口味自选）-7英寸双拼[新奥尔良烤鸡肉7英寸+玉米沙拉7英寸][{""name"":""规格"",""value"":""7英寸双拼""}]（24.90*1）,餐盒（3.00*1）",红薯泥流心卷边7+蛋挞1个+【随心❤️拼】双拼披萨,,,,非会员,39,,,依据餐量提供餐具,,37.60,16.70,13.91,0.00,0,0,1.74,0.00,6.20,【活动支出】首次光顾立减:1.00元+【活动支出】单品特价:2.91元+【活动支出】精准营销红包:3.00元+【活动支出】饿了么红包:7.00元+【活动支出】替用户承担配送费:5.0元,-,-,-,3.00,温州区域,温州直营,,,否,-,平台配送
圣比萨（娄桥店）,SBM00040,温州,"8099936088227721515	",饿了么,平台外卖,已完成,2025-10-20 19:32:14,2025-10-20 19:32:14,2025-10-20 19:32:14,饿了么支付-在线支付,,即时单,2025-10-20 19:32:14,11.00,自动出餐,1,否,"新奥尔良烤鸡肉披萨-7英寸(手拍)[{""name"":""规格"",""value"":""7英寸(手拍)""}]（21.90*1）,蛋挞一个（原味）（3.90*1）,餐盒（2.50*1）",新奥尔良烤鸡肉披萨+蛋挞1个,,,,非会员,40,,,1份餐具,,25.80,16.37,3.91,0.00,0,0,1.57,0.00,3.50,【活动支出】首次光顾立减:1.00元+【活动支出】单品特价:2.91元+【活动支出】替用户承担配送费:3.5元,-,-,-,2.50,温州区域,温州直营,,,否,-,平台配送
圣比萨（娄桥店）,SBM00040,温州,"8098040254347240749	",饿了么,平台外卖,已完成,2025-10-20 19:45:02,2025-10-20 19:45:02,2025-10-20 19:45:02,饿了么支付-在线支付,,即时单,2025-10-20 19:45:02,11.13,自动出餐,1,否,"【随心❤️拼】双拼披萨（口味自选）-7英寸双拼[缤纷水果7英寸+碳烤鸡肉培根7英寸][{""name"":""规格"",""value"":""7英寸双拼""}]（24.90*1）,餐盒（2.00*1）",【随心❤️拼】双拼披萨,,,,非会员,41,,,依据餐量提供餐具,,24.90,12.62,7.00,0.00,0,0,1.43,0.00,4.00,【活动支出】首次光顾立减:1.00元+【活动支出】饿了么红包:6.00元+【活动支出】替用户承担配送费:4.0元,-,-,-,2.00,温州区域,温州直营,,,否,-,平台配送
圣比萨（娄桥店）,SBM00040,温州,"8090390254431551763	",饿了么,平台外卖,已完成,2025-10-20 19:49:08,2025-10-20 19:49:08,2025-10-20 19:49:08,饿了么支付-在线支付,,即时单,2025-10-20 19:49:08,11.22,自动出餐,1,否,"【任选】披萨随心配（29.90*1）,餐盒（2.00*1）",不加一+地道肠1根+小可乐+不加一+新奥尔良烤鸡肉披萨(7英寸(手拍)),,,,非会员,42,,,依据餐量提供餐具,,29.90,11.82,11.00,0.00,0,0,1.43,0.00,5.60,【活动支出】首次光顾立减:1.00元+【活动支出】精准营销:3.00元+【活动支出】饿了么红包:7.00元+【活动支出】替用户承担配送费:5.0元,-,-,-,2.00,温州区域,温州直营,,,否,-,平台配送
圣比萨（娄桥店）,SBM00040,温州,"8086746088254245369	",饿了么,平台外卖,已完成,2025-10-20 20:06:52,2025-10-20 20:06:52,2025-10-20 20:06:52,饿了么支付-在线支付,,即时单,2025-10-20 20:06:52,10.67,手动出餐,1,否,"可口可乐[冷]（6.00*1）,奥尔良烤翅（9.90*1）,榴莲王披萨-7英寸(手拍)[{""name"":""规格"",""value"":""7英寸(手拍)""}]（29.90*1）,餐盒（2.50*1）",小可乐+奥尔良烤翅+榴莲王披萨,,,,非会员,43,,,华安超市后面这一栋，进来第一个门上来， / 依据餐量提供餐具,,45.80,28.41,7.00,0.00,0,0,2.84,0.00,5.60,【活动支出】店铺满减:1.00元+【活动支出】首次光顾立减:1.00元+【活动支出】饿了么红包:5.00元+【活动支出】替用户承担配送费:5.0元,-,-,-,2.50,温州区域,温州直营,,,否,-,平台配送
圣比萨（娄桥店）,SBM00040,温州,"8094856088252224924	",饿了么,平台外卖,已完成,2025-10-20 20:24:04,2025-10-20 20:24:04,2025-10-20 20:24:04,饿了么支付-在线支付,,即时单,2025-10-20 20:24:04,11.00,自动出餐,1,否,"红薯薯泥流心卷边（7英寸）（4.90*1）,奶酪芝士卷边（7英寸）（4.90*1）,榴莲王披萨-7英寸(手拍)[{""name"":""规格"",""value"":""7英寸(手拍)""}]（29.90*1）,【随心❤️拼】双拼披萨（口味自选）-7英寸双拼[新奥尔良烤鸡肉7英寸+缤纷水果7英寸][{""name"":""规格"",""value"":""7英寸双拼""}]（24.90*1）,餐盒（4.00*1）",红薯泥流心卷边7+奶酪芝士卷边7+榴莲王披萨+【随心❤️拼】双拼披萨,,,,非会员,44,,,依据餐量提供餐具,,64.60,39.82,14.00,0.00,0,0,3.83,0.00,5.00,【活动支出】店铺满减:2.00元+【活动支出】首次光顾立减:1.00元+【活动支出】精准营销红包:3.00元+【活动支出】饿了么红包:8.00元+【活动支出】替用户承担配送费:5.0元,-,-,-,4.00,温州区域,温州直营,,,否,-,平台配送
圣比萨（娄桥店）,SBM00040,温州,"8045460254335407571	",饿了么,平台外卖,已完成,2025-10-20 20:27:42,2025-10-20 20:27:42,2025-10-20 20:27:43,饿了么支付-在线支付,,即时单,2025-10-20 20:27:42,11.05,自动出餐,1,否,"【随心❤️拼】双拼披萨（口味自选）-9英寸双拼[新奥尔良烤鸡肉9英寸+玉米沙拉9英寸][{""name"":""规格"",""value"":""9英寸双拼""}]（34.90*1）,红薯薯泥流心卷边（9英寸）（6.90*1）,餐盒（2.00*1）",【随心❤️拼】双拼披萨+红薯泥流心卷边9,,,,非会员,45,,,依据餐量提供餐具,,41.80,21.70,13.00,0.00,0,0,2.05,0.00,3.50,【活动支出】店铺满减:1.00元+【活动支出】首次光顾立减:1.00元+【活动支出】 商家自营销加码:0.00元+【活动支出】精准营销:3.00元+【活动支出】饿了么红包:8.00元+【活动支出】替用户承担配送费:3.5元,-,-,-,2.00,温州区域,温州直营,,,否,-,平台配送
圣比萨（娄桥店）,SBM00040,温州,"8053566088223357393	",饿了么,平台外卖,已完成,2025-10-20 21:09:16,2025-10-20 21:09:16,2025-10-20 21:09:16,饿了么支付-在线支付,,即时单,2025-10-20 21:09:16,11.18,自动出餐,1,否,"番茄牛肉意面（23.90*1）,地道肠（3.90*1）,餐盒（2.50*1）",番茄牛肉意面+地道肠1根,,,,非会员,46,,,依据餐量提供餐具,,27.80,12.52,10.00,0.00,0,0,1.43,0.00,5.60,【活动支出】精准营销:3.00元+【活动支出】饿了么红包:7.00元+【活动支出】替用户承担配送费:5.0元,-,-,-,2.50,温州区域,温州直营,,,否,-,平台配送
圣比萨（娄桥店）,SBM00040,温州,"8031916088296943952	",饿了么,平台外卖,已完成,2025-10-20 22:09:29,2025-10-20 22:09:29,2025-10-20 22:09:30,饿了么支付-在线支付,,即时单,2025-10-20 22:09:29,11.00,自动出餐,1,否,"榴莲王披萨-7英寸(手拍)[{""name"":""规格"",""value"":""7英寸(手拍)""}]（29.90*1）,餐盒（2.00*1）",榴莲王披萨,,,,非会员,47,,,1份餐具,,29.90,13.12,11.00,0.00,0,0,1.43,0.00,5.60,【活动支出】首次光顾立减:1.00元+【活动支出】精准营销红包:3.00元+【活动支出】饿了么红包:7.00元+【活动支出】替用户承担配送费:5.0元,-,-,-,2.00,温州区域,温州直营,,,否,-,平台配送
圣比萨（娄桥店）,SBM00040,温州,"8068996088242040140	",饿了么,平台外卖,已完成,2025-10-20 22:18:41,2025-10-20 22:18:41,2025-10-20 22:18:41,饿了么支付-在线支付,,即时单,2025-10-20 22:18:41,11.18,自动出餐,1,否,"蛋挞一个（3.90*1）,【任选】披萨随心配（34.80*1）,地道肠（3.90*1）,蛋挞一个（原味）（3.90*1）,餐盒（3.50*1）",蛋挞1个+盐酥鸡米花小份+上校鸡块+小可乐+不加一+缤纷水果披萨(7英寸(手拍))+地道肠1根+蛋挞1个,,,,非会员,48,,,披萨水果只要菠萝，菠萝多放点，可乐要杯子的放冰块，谢谢 / 依据餐量提供餐具,,46.50,21.50,17.91,0.00,0,0,2.14,0.00,7.10,【活动支出】店铺满减:1.00元+【活动支出】单品特价:2.91元+【活动支出】订单集点返红包:5.00元+【活动支出】饿了么红包:9.00元+【活动支出】替用户承担配送费:5.0元,-,-,-,3.50,温州区域,温州直营,,,否,-,平台配送
圣比萨（娄桥店）,SBM00040,温州,"8086896088259088666	",饿了么,平台外卖,已完成,2025-10-20 22:20:35,2025-10-20 22:20:35,2025-10-20 22:20:35,饿了么支付-在线支付,,即时单,2025-10-20 22:20:35,11.18,自动出餐,1,否,手握三选一-单点[奥尔良]（17.40*1）,奥尔良风情烤鸡肉一人食盒子披萨,,,,非会员,49,,,依据餐量提供餐具,,17.40,10.00,0.00,0.00,0,0,0.00,0.00,,【活动支出】爆品团通吃券:0.00元,-,-,-,0.00,温州区域,温州直营,,,否,-,平台配送
圣比萨（娄桥店）,SBM00040,温州,"8040506088303294917	",饿了么,平台外卖,已完成,2025-10-20 22:35:56,2025-10-20 22:35:56,2025-10-20 22:35:57,饿了么支付-在线支付,,即时单,2025-10-20 22:35:56,11.23,自动出餐,1,否,"榴莲王披萨-7英寸(手拍)[{""name"":""规格"",""value"":""7英寸(手拍)""}]（29.90*1）,餐盒（2.00*1）",榴莲王披萨,,,,非会员,50,,,依据餐量提供餐具,,29.90,17.27,6.00,0.00,0,0,1.68,0.00,5.60,【活动支出】首次光顾立减:1.00元+【活动支出】饿了么红包:5.00元+【活动支出】替用户承担配送费:5.0元,-,-,-,2.00,温州区域,温州直营,,,否,-,平台配送
圣比萨（娄桥店）,SBM00040,温州,"8054430254374850851	",饿了么,平台外卖,已完成,2025-10-20 22:57:16,2025-10-20 22:57:16,2025-10-20 22:57:16,饿了么支付-在线支付,,即时单,2025-10-20 22:57:16,11.12,自动出餐,1,否,手握三选一-单点[缤纷水果]（17.40*1）,热带雨林水果一人食盒子披萨,,,,非会员,51,,,依据餐量提供餐具,,17.40,10.00,0.00,0.00,0,0,0.00,0.00,,【活动支出】爆品团通吃券:0.00元,-,-,-,0.00,温州区域,温州直营,,,否,-,平台配送
圣比萨（娄桥店）,SBM00040,温州,"8035110254476565864	",饿了么,平台外卖,已完成,2025-10-20 23:10:51,2025-10-20 23:10:51,2025-10-20 23:10:52,饿了么支付-在线支付,,即时单,2025-10-20 23:10:51,11.12,自动出餐,1,否,"【随心❤️拼】双拼披萨（口味自选）-9英寸双拼[碳烤鸡肉培根9英寸+玉米沙拉9英寸][{""name"":""规格"",""value"":""9英寸双拼""}]（34.90*1）,咸蛋黄风味流心卷边（9英寸）（6.90*1）,餐盒（2.00*1）",【随心❤️拼】双拼披萨+咸蛋黄流沙卷边9,,,,非会员,52,,,依据餐量提供餐具,,41.80,23.38,10.00,0.00,0,0,2.27,0.00,6.10,【活动支出】店铺满减:1.00元+【活动支出】首次光顾立减:1.00元+【活动支出】精准营销:3.00元+【活动支出】饿了么红包:5.00元+【活动支出】替用户承担配送费:5.0元,-,-,-,2.00,温州区域,温州直营,,,否,-,平台配送
圣比萨（垟田店）,SBM00026,温州,"8061586087970001177	",饿了么,平台外卖,已完成,2025-10-20 10:59:09,2025-10-20 10:59:09,2025-10-20 10:59:10,饿了么支付-在线支付,,即时单,2025-10-20 10:59:09,10.23,自动出餐,1,否,"任选披萨7选1+小吃6选1+饮料[缤纷水果披萨7英寸+上校鸡块4个+小可乐]（58.00*1）,台式香烤地道肠（7.50*1）,蛋挞一个（原味）（5.00*1）,餐盒（4.00*1）",缤纷水果披萨【7英寸(手拍)】+上校鸡块+小可乐+地道肠1根+蛋挞1个,,,,非会员,1,,,"放门口就好
东门装修，可以从北门进入。 / 依据餐量提供餐具",,70.50,19.95,44.62,0.00,0,0,1.98,0.00,4.50,【活动支出】店铺满减:1.00元+【活动支出】单品特价:26.10元+【活动支出】单品特价:5.51元+【活动支出】单品特价:4.01元+【活动支出】 商家自营销加码:0.00元+【活动支出】CPS商户叠加券:0.00元+【活动支出】饿了么红包:8.00元+【活动支出】淘金币:0.00元+【活动支出】替用户承担配送费:4.5元,-,-,-,4.00,温州区域,温州加盟,,,否,-,平台配送
圣比萨（垟田店）,SBM00026,温州,"8051030254110391738	",饿了么,平台外卖,已完成,2025-10-20 11:52:54,2025-10-20 11:52:54,2025-10-20 11:52:54,饿了么支付-在线支付,,即时单,2025-10-20 11:52:54,12.07,自动出餐,1,否,新奥尔良烤鸡肉披萨7寸-单点（22.00*1）,新奥尔良烤鸡肉披萨【7英寸(手拍)】,,,,非会员,2,,,2份餐具,,22.00,12.00,0.00,0.00,0,0,0.00,0.00,,【活动支出】拼团反圈活动:0.00元,-,-,-,0.00,温州区域,温州加盟,,,否,-,平台配送
圣比萨（垟田店）,SBM00026,温州,"8099250254117771574	",饿了么,平台外卖,已完成,2025-10-20 12:00:01,2025-10-20 12:00:01,2025-10-20 12:00:02,饿了么支付-在线支付,,即时单,2025-10-20 12:00:01,12.07,自动出餐,1,否,新奥尔良烤鸡肉披萨7寸-单点（22.00*1）,新奥尔良烤鸡肉披萨【7英寸(手拍)】,,,,非会员,3,,,依据餐量提供餐具,,22.00,12.00,0.00,0.00,0,0,0.00,0.00,,【活动支出】拼团反圈活动:0.00元,-,-,-,0.00,温州区域,温州加盟,,,否,-,平台配送
圣比萨（垟田店）,SBM00026,温州,"8067546088039258539	",饿了么,平台外卖,已完成,2025-10-20 12:07:00,2025-10-20 12:07:00,2025-10-20 12:07:01,饿了么支付-在线支付,,即时单,2025-10-20 12:07:00,11.27,手动出餐,1,否,"奶酪芝士卷边（7英寸）（4.90*1）,圣比招牌披萨-7寸(经典手拍)[{""name"":""规格"",""value"":""7寸(经典手拍)""}]（45.00*1）",大圣招牌大满贯披萨,,,,非会员,4,,,1份餐具,,49.90,20.13,20.80,0.00,0,0,1.92,0.00,3.50,【活动支出】单品特价:20.80元+【活动支出】替用户承担配送费:3.5元,-,-,-,0.00,温州区域,温州加盟,,,否,-,平台配送
圣比萨（垟田店）,SBM00026,温州,"8080260254130942410	",饿了么,平台外卖,已完成,2025-10-20 12:16:20,2025-10-20 12:16:20,2025-10-20 12:16:20,饿了么支付-在线支付,,即时单,2025-10-20 12:16:20,9.92,手动出餐,1,否,"任选披萨7选1+小吃6选1+饮料[奥尔良鸡肉披萨7英寸+上校鸡块4个+芒果汁]（58.00*1）,餐盒（2.00*1）",新奥尔良烤鸡肉披萨【7英寸(手拍)】+上校鸡块+芒果汁,,,,非会员,5,,,1份餐具,,58.00,16.84,35.10,0.00,0,0,1.61,0.00,3.50,【活动支出】单品特价:26.10元+【活动支出】粉丝群:2.00元+【活动支出】饿了么红包:7.00元+【活动支出】替用户承担配送费:3.5元,-,-,-,2.00,温州区域,温州加盟,,,否,-,平台配送
圣比萨（垟田店）,SBM00026,温州,"8066606088040783179	",饿了么,平台外卖,已完成,2025-10-20 12:36:29,2025-10-20 12:36:29,2025-10-20 12:36:30,饿了么支付-在线支付,,预约单,2025-10-20 16:15:00,173.72,自动出餐,1,否,"纯芝士披萨7英寸[7英寸]（42.00*1）,台式香烤地道肠（7.50*1）,餐盒（3.00*1）",金牌芝士披萨【7英寸(手拍)】+地道肠1根,,,,非会员,6,,,依据餐量提供餐具,,49.50,4.76,36.61,0.00,0,0,1.43,0.00,9.30,【活动支出】单品特价:20.10元+【活动支出】单品特价:5.51元+【活动支出】超级会员专享红包:5.00元+【活动支出】 商家自营销加码:2.00元+【活动支出】订单集点返红包:4.00元+【活动支出】替用户承担配送费:5.0元,-,-,-,3.00,温州区域,温州加盟,,,否,-,平台配送
圣比萨（垟田店）,SBM00026,温州,"8073546088087190796	",饿了么,平台外卖,已完成,2025-10-20 13:54:02,2025-10-20 13:54:02,2025-10-20 13:54:02,饿了么支付-在线支付,,即时单,2025-10-20 13:54:02,10.18,自动出餐,1,否,"番茄牛肉意面（52.00*1）,上校鸡块（12.00*1）,餐盒（4.00*1）",番茄牛肉意面+上校鸡块,,,,非会员,7,,,依据餐量提供餐具,,64.00,18.60,41.20,0.00,0,0,1.75,0.00,3.50,【活动支出】单品特价:28.10元+【活动支出】单品特价:6.10元+【活动支出】饿了么红包:7.00元+【活动支出】替用户承担配送费:3.5元,-,-,-,4.00,温州区域,温州加盟,,,否,-,平台配送
圣比萨（垟田店）,SBM00026,温州,"8061220254282211614	",饿了么,平台外卖,已完成,2025-10-20 14:29:57,2025-10-20 14:29:57,2025-10-20 14:29:57,饿了么支付-在线支付,,即时单,2025-10-20 14:29:57,9.18,手动出餐,1,否,"【爆款精品】人气披萨2选1-7英寸[缤纷水果披萨][{""name"":""规格"",""value"":""7英寸""}]（42.00*1）,芒果汁[常温]（10.00*1）,餐盒（3.00*1）",爆款人气披萨二选一+芒果汁,,,,非会员,8,,,依据餐量提供餐具,,52.00,19.62,27.10,0.00,0,0,1.83,0.00,3.50,【活动支出】单品特价:16.10元+【活动支出】单品特价:4.00元+【活动支出】饿了么红包:7.00元+【活动支出】替用户承担配送费:3.5元,-,-,-,3.00,温州区域,温州加盟,,,否,-,平台配送
圣比萨（垟田店）,SBM00026,温州,"8097646088177942992	",饿了么,平台外卖,已完成,2025-10-20 18:21:14,2025-10-20 18:21:14,2025-10-20 18:21:15,饿了么支付-在线支付,,即时单,2025-10-20 18:21:14,10.32,手动出餐,1,否,"[买一送一]意大利面[番茄牛肉意面+招牌肉酱意面]（60.00*1）,任选披萨5选1+小吃4选1+饮料套餐[奥尔良鸡肉披萨7英寸+蛋挞1个+小可乐]（68.00*1）,餐盒（2.00*1）",番茄牛肉意面+招牌肉酱意面+新奥尔良烤鸡肉披萨【7英寸(手拍)】+蛋挞1个+小可乐,,,,非会员,9,,,依据餐量提供餐具,,128.00,47.54,67.38,0.00,0,0,4.43,0.00,3.50,【活动支出】店铺满减:1.00元+【活动支出】单品特价:18.10元+【活动支出】单品特价:48.28元+【活动支出】用户代金券:0.00元+【活动支出】替用户承担配送费:3.5元,-,-,-,2.00,温州区域,温州加盟,,,否,-,平台配送
圣比萨（垟田店）,SBM00026,温州,"8057716088192800159	",饿了么,平台外卖,已完成,2025-10-20 18:45:15,2025-10-20 18:45:15,2025-10-20 18:45:15,饿了么支付-在线支付,,即时单,2025-10-20 18:45:15,9.23,手动出餐,1,否,"奥尔良烤鸡肉披萨-7寸(经典手拍)[{""name"":""规格"",""value"":""7寸(经典手拍)""}]（45.00*1）,餐盒（2.00*1）",新奥尔良烤鸡肉披萨,,,,非会员,10,,,依据餐量提供餐具,,45.00,11.62,28.10,0.00,0,0,1.43,0.00,3.50,【活动支出】单品特价:21.10元+【活动支出】 商家自营销加码:2.00元+【活动支出】CPS商户叠加券:0.00元+【活动支出】饿了么红包:5.00元+【活动支出】淘金币:0.00元+【活动支出】替用户承担配送费:3.5元,-,-,-,2.00,温州区域,温州加盟,,,否,-,平台配送
圣比萨（垟田店）,SBM00026,温州,"8043616088215103969	",饿了么,平台外卖,已完成,2025-10-20 20:55:36,2025-10-20 20:55:36,2025-10-20 20:55:37,饿了么支付-在线支付,,即时单,2025-10-20 20:55:36,10.08,自动出餐,1,否,新奥尔良烤鸡肉披萨7寸-单点（22.00*1）,新奥尔良烤鸡肉披萨【7英寸(手拍)】,,,,非会员,11,,,不要辣 / 依据餐量提供餐具,,22.00,12.00,0.00,0.00,0,0,0.00,0.00,,【活动支出】拼团反圈活动:0.00元,-,-,-,0.00,温州区域,温州加盟,,,否,-,平台配送
圣比萨（垟田店）,SBM00026,温州,"8030280254397140255	",饿了么,平台外卖,已完成,2025-10-20 23:07:55,2025-10-20 23:07:55,2025-10-20 23:07:55,饿了么支付-在线支付,,即时单,2025-10-20 23:07:55,10.08,自动出餐,1,否,"7英寸披萨一人食土豪餐[花果山披萨7英寸+金丝鸡排+深海墨鱼丸3个+芒果汁]（70.00*1）,酸奶多多流心卷边（7英寸）（4.90*1）,餐盒（2.00*1）",花果山披萨【7英寸(手拍)】+金丝鸡排+深海墨鱼丸3个+芒果汁,,,,非会员,12,,,依据餐量提供餐具,,74.90,23.05,44.10,0.00,0,0,2.20,0.00,6.10,【活动支出】店铺满减:1.00元+【活动支出】单品特价:35.10元+【活动支出】饿了么红包:8.00元+【活动支出】替用户承担配送费:5.0元,-,-,-,2.00,温州区域,温州加盟,,,否,-,平台配送
圣比萨（灵溪华侨路店）,SBS00005,温州,"8092430254048319900	",饿了么,平台外卖,已完成,2025-10-20 10:11:47,2025-10-20 10:11:47,2025-10-20 10:11:48,饿了么支付-在线支付,,即时单,2025-10-20 10:11:47,7.73,扫码出餐,1,否,"榴莲王披萨-7英寸（经典手拍)[{""name"":""规格"",""value"":""7英寸（经典手拍)""}]（52.00*1）",榴莲王披萨,,,,非会员,1,,,带辣 / 2份餐具,,52.00,19.80,21.40,0.00,0,0,2.85,0.00,4.50,【活动支出】单品特价:21.40元+【活动支出】替用户承担配送费:4.5元,-,-,-,0.00,温州区域,温州直营,,,否,-,平台配送
圣比萨（灵溪华侨路店）,SBS00005,温州,"8098926087912759563	",饿了么,平台外卖,已完成,2025-10-20 10:30:04,2025-10-20 10:30:04,2025-10-20 10:30:04,饿了么支付-在线支付,,即时单,2025-10-20 10:30:04,9.17,扫码出餐,1,否,"【任选】披萨随心配（31.90*1）,餐盒（2.00*1）",不加一+花果山披萨(7英寸(手拍))+不加一+现烤蛋挞(1个)+柠檬茶,,,,非会员,2,,,依据餐量提供餐具,,31.90,15.30,8.00,0.00,0,0,2.35,0.00,5.60,【活动支出】粉丝群:1.00元+【活动支出】饿了么红包:7.00元+【活动支出】替用户承担配送费:5.0元,-,-,-,2.00,温州区域,温州直营,,,否,-,平台配送
圣比萨（灵溪华侨路店）,SBS00005,温州,"8022190253981821198	",饿了么,平台外卖,已完成,2025-10-20 11:05:56,2025-10-20 11:05:56,2025-10-20 11:05:56,饿了么支付-在线支付,,即时单,2025-10-20 11:05:56,7.80,扫码出餐,1,否,"深海墨鱼丸-3个[{""name"":""规格"",""value"":""3个""}]（10.60*1）,奥尔良烤翅（9.90*1）,新奥尔良烤鸡肉披萨-7英寸(经典手拍)[{""name"":""规格"",""value"":""7英寸(经典手拍)""}]（23.90*1）,餐盒（5.00*1）",深海墨鱼丸+奥尔良烤翅+新奥尔良烤鸡肉披萨,,,,非会员,3,,,无需餐具,,44.40,23.77,14.70,0.00,0,0,3.28,0.00,3.50,【活动支出】店铺满减:1.00元+【活动支出】单品特价:4.70元+【活动支出】饿了么红包:9.00元+【活动支出】替用户承担配送费:3.5元,-,-,-,5.00,温州区域,温州直营,,,否,-,平台配送
圣比萨（灵溪华侨路店）,SBS00005,温州,"8019836087984457173	",饿了么,平台外卖,已完成,2025-10-20 11:10:07,2025-10-20 11:10:07,2025-10-20 11:10:08,饿了么支付-在线支付,,即时单,2025-10-20 11:10:07,9.00,手动出餐,1,否,"缤纷水果披萨-9英寸(经典手拍)[{""name"":""规格"",""value"":""9英寸(经典手拍)""}]（70.00*1）,餐盒（2.00*1）",缤纷水果披萨,,,,非会员,4,,,依据餐量提供餐具,,70.00,28.72,31.10,0.00,0,0,3.93,0.00,3.50,【活动支出】店铺满减:1.00元+【活动支出】单品特价:30.10元+【活动支出】替用户承担配送费:3.5元,-,-,-,2.00,温州区域,温州直营,,,否,-,平台配送
圣比萨（灵溪华侨路店）,SBS00005,温州,"8033686087982321121	",饿了么,平台外卖,已完成,2025-10-20 11:18:20,2025-10-20 11:18:20,2025-10-20 11:18:20,饿了么支付-在线支付,,即时单,2025-10-20 11:18:20,9.33,扫码出餐,1,否,手握三选一-单点[奥尔良]（20.00*1）,奥尔良风情烤鸡肉一人食盒子披萨,,,,非会员,5,,,依据餐量提供餐具,,20.00,10.00,0.00,0.00,0,0,0.00,0.00,,【活动支出】爆品团通吃券:0.00元,-,-,-,0.00,温州区域,温州直营,,,否,-,平台配送
圣比萨（灵溪华侨路店）,SBS00005,温州,"8096566087991135521	",饿了么,平台外卖,已完成,2025-10-20 11:20:03,2025-10-20 11:20:03,2025-10-20 11:20:04,饿了么支付-在线支付,,即时单,2025-10-20 11:20:03,8.75,扫码出餐,1,否,"【随心❤️拼】7英寸双拼披萨(口味自选）[培根鸡肉+花果山]（26.90*1）,黑椒牛肉意面（30.90*1）,餐盒（4.00*1）",双拼7寸【碳烤鸡肉培根口味7】+双拼7寸【花果山口味7】+黑椒牛肉意面,,,,非会员,6,,,依据餐量提供餐具,,57.80,34.30,14.00,0.00,0,0,4.65,0.00,3.50,【活动支出】店铺满减:2.00元+【活动支出】饿了么红包:12.00元+【活动支出】替用户承担配送费:3.5元,-,-,-,4.00,温州区域,温州直营,,,否,-,平台配送
圣比萨（灵溪华侨路店）,SBS00005,温州,"8069986088026860968	",饿了么,平台外卖,已完成,2025-10-20 11:56:32,2025-10-20 11:56:32,2025-10-20 11:56:32,饿了么支付-在线支付,,即时单,2025-10-20 11:56:32,7.55,手动出餐,1,否,"【任选】披萨随心配（31.90*1）,餐盒（2.00*1）",不加一+日系照烧鸡披萨(7英寸(手拍))+不加一+小薯条+芒果汁,,,,非会员,7,,,依据餐量提供餐具,,31.90,17.09,7.00,0.00,0,0,2.46,0.00,4.50,【活动支出】饿了么红包:7.00元+【活动支出】替用户承担配送费:4.5元,-,-,-,2.00,温州区域,温州直营,,,否,-,平台配送
圣比萨（灵溪华侨路店）,SBS00005,温州,"8072450254058601770	",饿了么,平台外卖,已完成,2025-10-20 12:31:01,2025-10-20 12:31:01,2025-10-20 12:31:02,饿了么支付-在线支付,,即时单,2025-10-20 12:31:01,6.83,扫码出餐,1,否,"【任选】披萨随心配（40.80*1）,餐盒（2.00*1）",奥尔良烤翅+缤纷水果披萨(7英寸(手拍))+不加一+小薯条+柠檬茶,,,,非会员,8,,,2份餐具,,40.80,22.67,10.00,0.00,0,0,3.08,0.00,4.00,【活动支出】店铺满减:1.00元+【活动支出】饿了么红包:9.00元+【活动支出】替用户承担配送费:4.0元,-,-,-,2.00,温州区域,温州直营,,,否,-,平台配送
圣比萨（灵溪华侨路店）,SBS00005,温州,"8020956088024158693	",饿了么,平台外卖,已完成,2025-10-20 12:52:45,2025-10-20 12:52:45,2025-10-20 12:52:46,饿了么支付-在线支付,,即时单,2025-10-20 12:52:45,10.12,手动出餐,1,否,新奥尔良烤鸡肉披萨7寸-单点（20.00*1）,新奥尔良烤鸡肉披萨【7英寸(手拍)】,,,,非会员,9,,,份量足一点，早点送到，谢谢 / 依据餐量提供餐具,,20.00,10.00,0.00,0.00,0,0,0.00,0.00,,【活动支出】拼团反圈活动:0.00元,-,-,-,0.00,温州区域,温州直营,,,否,-,平台配送
圣比萨（灵溪华侨路店）,SBS00005,温州,"8047330254172036584	",饿了么,平台外卖,已完成,2025-10-20 13:00:48,2025-10-20 13:00:48,2025-10-20 13:00:49,饿了么支付-在线支付,,即时单,2025-10-20 13:00:48,6.43,手动出餐,1,否,新奥尔良烤鸡肉披萨7寸-单点（20.00*1）,新奥尔良烤鸡肉披萨【7英寸(手拍)】,,,,非会员,10,,,依据餐量提供餐具,,20.00,10.00,0.00,0.00,0,0,0.00,0.00,,【活动支出】拼团反圈活动:0.00元,-,-,-,0.00,温州区域,温州直营,,,否,-,平台配送
圣比萨（灵溪华侨路店）,SBS00005,温州,"8090516088056411519	",饿了么,平台外卖,已完成,2025-10-20 13:09:13,2025-10-20 13:09:13,2025-10-20 13:09:14,饿了么支付-在线支付,,即时单,2025-10-20 13:09:13,8.92,扫码出餐,1,否,"奶酪芝士卷边（9英寸）（6.90*1）,蛋挞一个（原味）（3.90*1）,新奥尔良烤鸡肉披萨-9英寸(经典手拍)[{""name"":""规格"",""value"":""9英寸(经典手拍)""}]（39.90*1）,餐盒（2.50*1）",奶酪芝士卷边9+蛋挞1个+新奥尔良烤鸡肉披萨,,,,非会员,11,,,1份餐具,,50.70,27.27,11.91,0.00,0,0,3.97,0.00,5.60,【活动支出】店铺满减:1.00元+【活动支出】单品特价:2.91元+【活动支出】饿了么红包:8.00元+【活动支出】替用户承担配送费:5.0元,-,-,-,2.50,温州区域,温州直营,,,否,-,平台配送
圣比萨（灵溪华侨路店）,SBS00005,温州,"8053150254094895484	",饿了么,平台外卖,已完成,2025-10-20 14:04:18,2025-10-20 14:04:18,2025-10-20 14:04:19,饿了么支付-在线支付,,即时单,2025-10-20 14:04:18,10.17,自动出餐,1,否,新奥尔良烤鸡肉披萨7寸-单点（20.00*1）,新奥尔良烤鸡肉披萨【7英寸(手拍)】,,,,非会员,12,,,依据餐量提供餐具,,20.00,10.00,0.00,0.00,0,0,0.00,0.00,,【活动支出】拼团反圈活动:0.00元,-,-,-,0.00,温州区域,温州直营,,,否,-,平台配送
圣比萨（灵溪华侨路店）,SBS00005,温州,"8077320254133128550	",饿了么,平台外卖,已完成,2025-10-20 16:33:26,2025-10-20 16:33:26,2025-10-20 16:33:26,饿了么支付-在线支付,,即时单,2025-10-20 16:33:26,6.62,手动出餐,1,否,新奥尔良烤鸡肉披萨7寸-单点（20.00*1）,新奥尔良烤鸡肉披萨【7英寸(手拍)】,,,,非会员,13,,,依据餐量提供餐具,,20.00,10.00,0.00,0.00,0,0,0.00,0.00,,【活动支出】爆品团通吃券:0.00元,-,-,-,0.00,温州区域,温州直营,,,否,-,平台配送
圣比萨（灵溪华侨路店）,SBS00005,温州,"8037536088151862677	",饿了么,平台外卖,已完成,2025-10-20 16:45:04,2025-10-20 16:45:04,2025-10-20 16:45:04,饿了么支付-在线支付,,即时单,2025-10-20 16:45:04,9.18,扫码出餐,1,否,"奶酪芝士卷边（7英寸）（4.90*1）,深海墨鱼丸-3个[{""name"":""规格"",""value"":""3个""}]（10.60*1）,烤甜玉米（8.90*1）,缤纷水果披萨-7英寸(经典手拍)[{""name"":""规格"",""value"":""7英寸(经典手拍)""}]（42.88*1）,餐盒（4.00*1）",奶酪芝士卷边7+深海墨鱼丸+烤甜玉米+缤纷水果披萨,,,,非会员,14,,,无需餐具,,67.28,25.47,34.68,0.00,0,0,3.48,0.00,3.50,【活动支出】店铺满减:1.00元+【活动支出】单品特价:4.70元+【活动支出】单品特价:16.98元+【活动支出】饿了么红包:12.00元+【活动支出】替用户承担配送费:3.5元,-,-,-,4.00,温州区域,温州直营,,,否,-,平台配送
圣比萨（灵溪华侨路店）,SBS00005,温州,"8058906088120811882	",饿了么,平台外卖,已完成,2025-10-20 16:45:21,2025-10-20 16:45:21,2025-10-20 16:45:21,饿了么支付-在线支付,,即时单,2025-10-20 16:45:21,10.07,自动出餐,1,否,"咖喱鸡肉芝士焗饭（25.90*1）,餐盒（2.00*1）",咖喱鸡肉芝士焗饭,,,,非会员,15,,,依据餐量提供餐具,,25.90,15.01,5.00,0.00,0,0,2.04,0.00,3.50,【活动支出】饿了么红包:5.00元+【活动支出】替用户承担配送费:3.5元,-,-,-,2.00,温州区域,温州直营,,,否,-,平台配送
圣比萨（灵溪华侨路店）,SBS00005,温州,"8005020254330532183	",饿了么,平台外卖,已完成,2025-10-20 16:50:14,2025-10-20 16:50:14,2025-10-20 16:50:14,饿了么支付-在线支付,,即时单,2025-10-20 16:50:14,10.07,自动出餐,1,否,"招牌肉酱芝士焗饭（52.00*1）,蛋挞一个（原味）（3.90*1）,经典薯条（8.90*1）,餐盒（4.50*1）",招牌肉酱芝士焗饭+蛋挞1个+经典薯条,,,,非会员,16,,,依据餐量提供餐具,,64.80,21.61,35.01,0.00,0,0,3.23,0.00,5.60,【活动支出】店铺满减:1.00元+【活动支出】单品特价:23.10元+【活动支出】单品特价:2.91元+【活动支出】 商家自营销加码:0.00元+【活动支出】饿了么红包:8.00元+【活动支出】替用户承担配送费:5.0元,-,-,-,4.50,温州区域,温州直营,,,否,-,平台配送
圣比萨（灵溪华侨路店）,SBS00005,温州,"8005020254246541608	",饿了么,平台外卖,已完成,2025-10-20 16:51:27,2025-10-20 16:51:27,2025-10-20 16:51:27,饿了么支付-在线支付,,即时单,2025-10-20 16:51:27,10.22,自动出餐,1,否,"奶酪芝士卷边（9英寸）（6.90*1）,地道肠（3.90*1）,新奥尔良烤鸡肉披萨-9英寸(经典手拍)[{""name"":""规格"",""value"":""9英寸(经典手拍)""}]（39.90*1）,咸蛋黄风味流心卷边（9英寸）（6.90*1）,餐盒（3.00*1）",奶酪芝士卷边9+地道肠1根+新奥尔良烤鸡肉披萨+咸蛋黄流沙卷边9,,,,非会员,17,,,依据餐量提供餐具,,57.60,31.42,14.00,0.00,0,0,4.53,0.00,5.60,【活动支出】店铺满减:2.00元+【活动支出】饿了么红包:12.00元+【活动支出】替用户承担配送费:5.0元,-,-,-,3.00,温州区域,温州直营,,,否,-,平台配送
圣比萨（灵溪华侨路店）,SBS00005,温州,"8050656088152816050	",饿了么,平台外卖,已完成,2025-10-20 16:55:11,2025-10-20 16:55:11,2025-10-20 16:55:11,饿了么支付-在线支付,,即时单,2025-10-20 16:55:11,10.02,自动出餐,1,否,"新奥尔良烤鸡肉披萨-9英寸(经典手拍)[{""name"":""规格"",""value"":""9英寸(经典手拍)""}]（39.90*1）,餐盒（2.00*1）",新奥尔良烤鸡肉披萨,,,,非会员,18,,,依据餐量提供餐具,,39.90,18.28,13.00,0.00,0,0,2.67,0.00,4.50,【活动支出】店铺满减:1.00元+【活动支出】饿了么红包:12.00元+【活动支出】替用户承担配送费:4.5元,-,-,-,2.00,温州区域,温州直营,,,否,-,平台配送
圣比萨（灵溪华侨路店）,SBS00005,温州,"8041180254152959250	",饿了么,平台外卖,已完成,2025-10-20 17:09:38,2025-10-20 17:09:38,2025-10-20 17:09:38,饿了么支付-在线支付,,即时单,2025-10-20 17:09:38,7.62,扫码出餐,1,否,"【任选】披萨随心配（31.90*1）,餐盒（2.00*1）",不加一+缤纷水果披萨(7英寸(手拍))+不加一+上校鸡块+柠檬茶,,,,非会员,19,,,不要葱，不要洋葱 / 依据餐量提供餐具,,31.90,16.19,7.00,0.00,0,0,2.46,0.00,5.60,【活动支出】饿了么红包:7.00元+【活动支出】替用户承担配送费:5.0元,-,-,-,2.00,温州区域,温州直营,,,否,-,平台配送
圣比萨（灵溪华侨路店）,SBS00005,温州,"8033030254244034880	",饿了么,平台外卖,已完成,2025-10-20 17:11:15,2025-10-20 17:11:15,2025-10-20 17:11:15,饿了么支付-在线支付,,即时单,2025-10-20 17:11:15,8.90,扫码出餐,1,否,"奶酪芝士卷边（9英寸）（6.90*1）,【随心❤️拼】9英寸双拼披萨(口味自选)[水果+奥尔良]（41.90*1）,餐盒（2.00*1）",奶酪芝士卷边9+双拼9寸【缤纷水果口味9】+双拼9寸【奥尔良口味9】,,,,非会员,20,,,依据餐量提供餐具,,48.80,28.63,10.00,0.00,0,0,3.92,0.00,3.50,【活动支出】店铺满减:1.00元+【活动支出】饿了么红包:9.00元+【活动支出】替用户承担配送费:3.5元,-,-,-,2.00,温州区域,温州直营,,,否,-,平台配送
圣比萨（灵溪华侨路店）,SBS00005,温州,"8063450254242906387	",饿了么,平台外卖,已完成,2025-10-20 17:19:12,2025-10-20 17:19:12,2025-10-20 17:19:13,饿了么支付-在线支付,,即时单,2025-10-20 17:19:12,8.55,扫码出餐,1,否,"【任选】披萨随心配（50.70*1）,餐盒（2.00*1）",奥尔良烤翅+缤纷水果披萨(7英寸(手拍))+芝士焗红薯泥+小薯条+可乐,,,,非会员,21,,,依据餐量提供餐具,,50.70,29.44,11.00,0.00,0,0,4.01,0.00,3.50,【活动支出】店铺满减:1.00元+【活动支出】粉丝群:1.00元+【活动支出】饿了么红包:9.00元+【活动支出】替用户承担配送费:3.5元,-,-,-,2.00,温州区域,温州直营,,,否,-,平台配送
圣比萨（灵溪华侨路店）,SBS00005,温州,"8041506088147493298	",饿了么,平台外卖,已完成,2025-10-20 17:36:42,2025-10-20 17:36:42,2025-10-20 17:36:42,饿了么支付-在线支付,,即时单,2025-10-20 17:36:42,10.20,手动出餐,1,否,"番茄牛肉意面（25.90*1）,蛋挞一个（原味）（3.90*1）,餐盒（2.50*1）",番茄牛肉意面+蛋挞1个,,,,非会员,22,,,不要敲门放门口 / 依据餐量提供餐具,,29.80,13.66,10.91,0.00,0,0,1.88,0.00,3.50,【活动支出】单品特价:2.91元+【活动支出】粉丝群:1.00元+【活动支出】饿了么红包:7.00元+【活动支出】替用户承担配送费:3.5元,-,-,-,2.50,温州区域,温州直营,,,否,-,平台配送
圣比萨（灵溪华侨路店）,SBS00005,温州,"8047190254360997318	",饿了么,平台外卖,已完成,2025-10-20 17:38:24,2025-10-20 17:38:24,2025-10-20 17:38:25,饿了么支付-在线支付,,即时单,2025-10-20 17:38:24,10.92,手动出餐,1,否,"【任选】披萨随心配（42.70*1）,餐盒（2.00*1）",金丝鸡排+花果山披萨(7英寸(手拍))+缤纷芝士挞(菠萝味)+小薯条+柠檬茶,,,,非会员,23,,,直接定位到韩北一街65号是有水表这一间 / 1份餐具,,42.70,23.77,9.00,0.00,0,0,3.38,0.00,4.50,【活动支出】店铺满减:1.00元+【活动支出】饿了么红包:8.00元+【活动支出】替用户承担配送费:4.5元,-,-,-,2.00,温州区域,温州直营,,,否,-,平台配送
圣比萨（灵溪华侨路店）,SBS00005,温州,"8007596088178506029	",饿了么,平台外卖,已完成,2025-10-20 17:41:29,2025-10-20 17:41:29,2025-10-20 17:41:30,饿了么支付-在线支付,,即时单,2025-10-20 17:41:29,7.88,手动出餐,1,否,"【随心❤️拼】7英寸双拼披萨(口味自选）[奥尔良+培根鸡肉]（26.90*1）,现烤蛋挞-1个[{""name"":""规格"",""value"":""1个""}]（3.90*1）,餐盒（4.00*1）",双拼7寸【奥尔良口味7】+双拼7寸【碳烤鸡肉培根口味7】+现烤蛋挞,,,,非会员,24,,,"不要敲门, 不要打电话 直接放门口 / 依据餐量提供餐具",,30.80,18.80,7.00,0.00,0,0,2.55,0.00,3.50,【活动支出】饿了么红包:7.00元+【活动支出】替用户承担配送费:3.5元,-,-,-,4.00,温州区域,温州直营,,,否,-,平台配送
圣比萨（灵溪华侨路店）,SBS00005,温州,"8077220254359395598	",饿了么,平台外卖,已完成,2025-10-20 17:49:45,2025-10-20 17:49:45,2025-10-20 17:49:45,饿了么支付-在线支付,,即时单,2025-10-20 17:49:45,6.73,扫码出餐,1,否,新奥尔良烤鸡肉披萨7寸-单点（20.00*1）,新奥尔良烤鸡肉披萨【7英寸(手拍)】,,,,非会员,25,,,依据餐量提供餐具,,20.00,10.00,0.00,0.00,0,0,0.00,0.00,,【活动支出】拼团反圈活动:0.00元,-,-,-,0.00,温州区域,温州直营,,,否,-,平台配送
圣比萨（灵溪华侨路店）,SBS00005,温州,"8018320254288428482	",饿了么,平台外卖,已完成,2025-10-20 17:55:03,2025-10-20 17:55:03,2025-10-20 17:55:04,饿了么支付-在线支付,,即时单,2025-10-20 17:55:03,3.55,扫码出餐,1,否,"招牌肉酱意面（52.00*1）,餐盒（2.00*1）",招牌肉酱意面,,,,非会员,26,,,无需餐具,,52.00,18.89,26.10,0.00,0,0,2.56,0.00,3.50,【活动支出】单品特价:26.10元+【活动支出】替用户承担配送费:3.5元,-,-,-,2.00,温州区域,温州直营,,,否,-,平台配送
圣比萨（灵溪华侨路店）,SBS00005,温州,"8087080254191925715	",饿了么,平台外卖,已完成,2025-10-20 18:11:55,2025-10-20 18:11:55,2025-10-20 18:11:56,饿了么支付-在线支付,,即时单,2025-10-20 18:11:55,6.17,扫码出餐,1,否,"新奥尔良烤鸡肉披萨-7英寸(经典手拍)[{""name"":""规格"",""value"":""7英寸(经典手拍)""}]（23.90*1）,餐盒（2.00*1）",新奥尔良烤鸡肉披萨,,,,非会员,27,,,1份餐具,,23.90,12.33,6.00,0.00,0,0,1.72,0.00,4.00,【活动支出】饿了么红包:6.00元+【活动支出】替用户承担配送费:4.0元,-,-,-,2.00,温州区域,温州直营,,,否,-,平台配送
圣比萨（灵溪华侨路店）,SBS00005,温州,"8019656088186813710	",饿了么,平台外卖,已完成,2025-10-20 18:35:45,2025-10-20 18:35:45,2025-10-20 18:35:45,饿了么支付-在线支付,,即时单,2025-10-20 18:35:45,8.75,手动出餐,1,否,"榴莲王披萨-7英寸（经典手拍)[{""name"":""规格"",""value"":""7英寸（经典手拍)""}]（52.00*1）,蛋挞一个（原味）（3.90*1）,红薯薯泥流心卷边（7英寸）（4.90*1）,餐盒（2.50*1）",榴莲王披萨+蛋挞1个+红薯泥流心卷边7,,,,非会员,28,,,无需餐具,,60.80,22.50,28.01,0.00,0,0,3.34,0.00,5.60,【活动支出】店铺满减:1.00元+【活动支出】单品特价:18.10元+【活动支出】单品特价:2.91元+【活动支出】吃货豆兑换的商家券:5.00元+【活动支出】 商家自营销加码:1.00元+【活动支出】替用户承担配送费:5.0元,-,-,-,2.50,温州区域,温州直营,,,否,-,平台配送
圣比萨（灵溪华侨路店）,SBS00005,温州,"8019010254390788555	",饿了么,平台外卖,已完成,2025-10-20 18:40:32,2025-10-20 18:40:32,2025-10-20 18:40:33,饿了么支付-在线支付,,即时单,2025-10-20 18:40:32,5.92,扫码出餐,1,否,7寸日系照烧鸡披萨-单点（20.00*1）,日系照烧鸡披萨【7英寸(手拍)】,,,,非会员,29,,,隔壁牛杂店 / 依据餐量提供餐具,,20.00,10.00,0.00,0.00,0,0,0.00,0.00,,【活动支出】拼团反圈活动:0.00元,-,-,-,0.00,温州区域,温州直营,,,否,-,平台配送
圣比萨（灵溪华侨路店）,SBS00005,温州,"8090320254299594053	",饿了么,平台外卖,已完成,2025-10-20 18:50:06,2025-10-20 18:50:06,2025-10-20 18:50:07,饿了么支付-在线支付,,即时单,2025-10-20 18:50:06,6.20,扫码出餐,1,否,新奥尔良烤鸡肉披萨7寸-拼团（18.60*1）,新奥尔良烤鸡肉披萨【7英寸(手拍)】,,,,非会员,30,,,依据餐量提供餐具,,18.60,10.00,0.00,0.00,0,0,0.00,0.00,,【活动支出】拼团反圈活动:0.00元,-,-,-,0.00,温州区域,温州直营,,,否,-,平台配送
圣比萨（灵溪华侨路店）,SBS00005,温州,"8075596088208137647	",饿了么,平台外卖,已完成,2025-10-20 18:51:18,2025-10-20 18:51:18,2025-10-20 18:51:19,饿了么支付-在线支付,,即时单,2025-10-20 18:51:18,6.12,扫码出餐,1,否,"新奥尔良烤鸡肉披萨-7英寸(经典手拍)[{""name"":""规格"",""value"":""7英寸(经典手拍)""}]（23.90*1）,餐盒（2.00*1）",新奥尔良烤鸡肉披萨,,,,非会员,31,,,依据餐量提供餐具,,23.90,12.33,6.00,0.00,0,0,1.72,0.00,3.50,【活动支出】饿了么红包:6.00元+【活动支出】替用户承担配送费:3.5元,-,-,-,2.00,温州区域,温州直营,,,否,-,平台配送
圣比萨（灵溪华侨路店）,SBS00005,温州,"8042070254306538893	",饿了么,平台外卖,已完成,2025-10-20 19:04:56,2025-10-20 19:04:56,2025-10-20 19:04:57,饿了么支付-在线支付,,即时单,2025-10-20 19:04:56,8.73,扫码出餐,1,否,"7英寸披萨买一送一[奥尔良鸡肉披萨7英寸+缤纷水果披萨7英寸]（86.80*1）,餐盒（2.00*1）",新奥尔良烤鸡肉披萨【7英寸(手拍)】+缤纷水果披萨【7英寸(手拍)】,,,,非会员,32,,,依据餐量提供餐具,,86.80,22.15,53.90,0.00,0,0,3.30,0.00,5.60,【活动支出】店铺满减:1.00元+【活动支出】单品特价:44.90元+【活动支出】 商家自营销加码:0.00元+【活动支出】饿了么红包:0.00元+【活动支出】饿了么红包:8.00元+【活动支出】替用户承担配送费:5.0元,-,-,-,2.00,温州区域,温州直营,,,否,-,平台配送
圣比萨（灵溪华侨路店）,SBS00005,温州,"8003470254228155802	",饿了么,平台外卖,已完成,2025-10-20 19:11:17,2025-10-20 19:11:17,2025-10-20 19:11:18,饿了么支付-在线支付,,即时单,2025-10-20 19:11:17,12.05,手动出餐,1,否,"奶酪芝士卷边（9英寸）（6.90*1）,现烤蛋挞-2个[{""name"":""规格"",""value"":""2个""}]（6.90*2）,烤甜玉米（8.90*1）,芒果汁[冷]（7.00*2）,缤纷水果披萨-9英寸(经典手拍)[{""name"":""规格"",""value"":""9英寸(经典手拍)""}]（70.00*1）,餐盒（9.00*1）",奶酪芝士卷边9+现烤蛋挞+烤甜玉米+芒果汁+缤纷水果披萨,,,,非会员,33,,,2份餐具,,113.60,59.36,42.10,0.00,0,0,8.09,0.00,3.50,【活动支出】店铺满减:4.00元+【活动支出】单品特价:30.10元+【活动支出】超会爆红包省钱包:8.00元+【活动支出】替用户承担配送费:3.5元,-,-,-,9.00,温州区域,温州直营,,,否,-,平台配送
圣比萨（灵溪华侨路店）,SBS00005,温州,"8091996088227942806	",饿了么,平台外卖,已完成,2025-10-20 19:30:13,2025-10-20 19:30:13,2025-10-20 19:30:14,饿了么支付-在线支付,,即时单,2025-10-20 19:30:13,7.07,手动出餐,1,否,"【任选】披萨随心配（31.90*1）,餐盒（2.00*1）",不加一+新奥尔良烤鸡肉披萨(7英寸(手拍))+不加一+小薯条+芒果汁,,,,非会员,34,,,依据餐量提供餐具,,31.90,18.89,6.00,0.00,0,0,2.56,0.00,3.50,【活动支出】超级会员专享红包:5.00元+【活动支出】 商家自营销加码:1.00元+【活动支出】替用户承担配送费:3.5元,-,-,-,2.00,温州区域,温州直营,,,否,-,平台配送
圣比萨（灵溪华侨路店）,SBS00005,温州,"8010000254339210505	",饿了么,平台外卖,已完成,2025-10-20 19:38:48,2025-10-20 19:38:48,2025-10-20 19:38:48,饿了么支付-在线支付,,即时单,2025-10-20 19:38:48,9.67,扫码出餐,1,否,"【任选】披萨随心配（53.50*1）,餐盒（2.00*1）",金丝鸡排+碳烤鸡肉培根披萨(7英寸(手拍))+芝士焗红薯泥+上校鸡块+港式奶茶,,,,非会员,35,,,依据餐量提供餐具,,53.50,35.21,5.00,0.00,0,0,4.94,0.00,5.00,【活动支出】店铺满减:1.00元+【活动支出】吃货红包:4.00元+【活动支出】替用户承担配送费:5.0元,-,-,-,2.00,温州区域,温州直营,,,否,-,平台配送
圣比萨（灵溪华侨路店）,SBS00005,温州,"8080480254343000390	",饿了么,平台外卖,已完成,2025-10-20 19:44:02,2025-10-20 19:44:02,2025-10-20 19:44:03,饿了么支付-在线支付,,即时单,2025-10-20 19:44:02,8.63,手动出餐,1,否,"榴莲王披萨-9英寸(经典手拍)[{""name"":""规格"",""value"":""9英寸(经典手拍)""}]（92.00*1）,餐盒（2.00*1）",榴莲王披萨,,,,非会员,36,,,依据餐量提供餐具,,92.00,26.64,56.10,0.00,0,0,3.61,0.00,4.00,【活动支出】店铺满减:1.00元+【活动支出】单品特价:42.10元+【活动支出】粉丝群:1.00元+【活动支出】饿了么红包:12.00元+【活动支出】替用户承担配送费:4.0元,-,-,-,2.00,温州区域,温州直营,,,否,-,平台配送
圣比萨（灵溪华侨路店）,SBS00005,温州,"8030210254424685989	",饿了么,平台外卖,已完成,2025-10-20 19:51:58,2025-10-20 19:51:58,2025-10-20 19:51:58,饿了么支付-在线支付,,即时单,2025-10-20 19:51:58,8.23,扫码出餐,1,否,"红薯薯泥流心卷边（7英寸）（4.90*1）,新奥尔良烤鸡肉披萨-7英寸(经典手拍)[{""name"":""规格"",""value"":""7英寸(经典手拍)""}]（23.90*1）,餐盒（2.00*1）",红薯泥流心卷边7+新奥尔良烤鸡肉披萨,,,,非会员,37,,,依据餐量提供餐具,,28.80,16.11,6.00,0.00,0,0,2.24,0.00,3.50,【活动支出】饿了么红包:6.00元+【活动支出】替用户承担配送费:3.5元,-,-,-,2.00,温州区域,温州直营,,,否,-,平台配送
圣比萨（灵溪华侨路店）,SBS00005,温州,"8055290254240691614	",饿了么,平台外卖,已完成,2025-10-20 19:53:00,2025-10-20 19:53:00,2025-10-20 19:53:01,饿了么支付-在线支付,,即时单,2025-10-20 19:53:00,9.58,扫码出餐,1,否,"奶酪芝士卷边（7英寸）（4.90*1）,7英寸披萨买一送一[奥尔良鸡肉披萨7英寸+缤纷水果披萨7英寸]（86.80*1）,餐盒（2.00*1）",奶酪芝士卷边7+新奥尔良烤鸡肉披萨【7英寸(手拍)】+缤纷水果披萨【7英寸(手拍)】,,,,非会员,38,,,依据餐量提供餐具,,91.70,25.94,54.90,0.00,0,0,3.71,0.00,4.50,【活动支出】店铺满减:1.00元+【活动支出】单品特价:44.90元+【活动支出】饿了么红包:9.00元+【活动支出】替用户承担配送费:4.5元,-,-,-,2.00,温州区域,温州直营,,,否,-,平台配送
圣比萨（灵溪华侨路店）,SBS00005,温州,"8091220254328143285	",饿了么,平台外卖,已完成,2025-10-20 19:54:03,2025-10-20 19:54:03,2025-10-20 19:54:03,饿了么支付-在线支付,,即时单,2025-10-20 19:54:03,10.00,自动出餐,1,否,"【任选】披萨随心配（31.90*1）,餐盒（2.00*1）",不加一+缤纷水果披萨(7英寸(手拍))+不加一+深海墨鱼丸(3个)+可乐,,,,非会员,39,,,依据餐量提供餐具,,31.90,17.09,7.00,0.00,0,0,2.46,0.00,4.50,【活动支出】饿了么红包:7.00元+【活动支出】替用户承担配送费:4.5元,-,-,-,2.00,温州区域,温州直营,,,否,-,平台配送
圣比萨（灵溪华侨路店）,SBS00005,温州,"8083330254349641117	",饿了么,平台外卖,已完成,2025-10-20 20:10:39,2025-10-20 20:10:39,2025-10-20 20:10:39,饿了么支付-在线支付,,即时单,2025-10-20 20:10:39,7.33,手动出餐,1,否,"缤纷水果披萨-7英寸(经典手拍)[{""name"":""规格"",""value"":""7英寸(经典手拍)""}]（42.88*1）,餐盒（2.00*1）",缤纷水果披萨,,,,非会员,40,,,依据餐量提供餐具,,42.88,14.12,22.98,0.00,0,0,1.93,0.00,3.50,【活动支出】单品特价:16.98元+【活动支出】超级会员专享红包:5.00元+【活动支出】 商家自营销加码:1.00元+【活动支出】替用户承担配送费:3.5元,-,-,-,2.00,温州区域,温州直营,,,否,-,平台配送
圣比萨（灵溪华侨路店）,SBS00005,温州,"8014646088200829438	",饿了么,平台外卖,已完成,2025-10-20 20:21:18,2025-10-20 20:21:18,2025-10-20 20:21:18,饿了么支付-在线支付,,即时单,2025-10-20 20:21:18,7.97,手动出餐,1,否,"【随心❤️拼】7英寸双拼披萨(口味自选）[培根鸡肉+日系照烧]（26.90*1）,餐盒（2.00*1）",双拼7寸【碳烤鸡肉培根口味7】+双拼7寸【日系照烧口味7】,,,,非会员,41,,,依据餐量提供餐具,,26.90,19.18,0,0.00,0,0,2.67,0.00,3.50,-,-,-,-,2.00,温州区域,温州直营,,,否,-,平台配送
圣比萨（灵溪华侨路店）,SBS00005,温州,"8032726088250323273	",饿了么,平台外卖,已完成,2025-10-20 20:27:22,2025-10-20 20:27:22,2025-10-20 20:27:22,饿了么支付-在线支付,,即时单,2025-10-20 20:27:22,8.75,扫码出餐,1,否,"奶酪芝士卷边（9英寸）（6.90*1）,新奥尔良烤鸡肉披萨-9英寸(经典手拍)[{""name"":""规格"",""value"":""9英寸(经典手拍)""}]（39.90*1）,餐盒（2.00*1）",奶酪芝士卷边9+新奥尔良烤鸡肉披萨,,,,非会员,42,,,依据餐量提供餐具,,46.80,34.30,1.00,0.00,0,0,4.65,0.00,3.50,【活动支出】店铺满减:1.00元+【活动支出】替用户承担配送费:3.5元,-,-,-,2.00,温州区域,温州直营,,,否,-,平台配送
圣比萨（灵溪华侨路店）,SBS00005,温州,"8087470254444198277	",饿了么,平台外卖,已完成,2025-10-20 20:29:11,2025-10-20 20:29:11,2025-10-20 20:29:12,饿了么支付-在线支付,,即时单,2025-10-20 20:29:11,9.73,扫码出餐,1,否,新奥尔良烤鸡肉披萨7寸-单点（20.00*1）,新奥尔良烤鸡肉披萨【7英寸(手拍)】,,,,非会员,43,,,无需餐具,,20.00,10.00,0.00,0.00,0,0,0.00,0.00,,【活动支出】拼团反圈活动:0.00元,-,-,-,0.00,温州区域,温州直营,,,否,-,平台配送
圣比萨（灵溪华侨路店）,SBS00005,温州,"8053050254438668562	",饿了么,平台外卖,已完成,2025-10-20 20:29:46,2025-10-20 20:29:46,2025-10-20 20:29:46,饿了么支付-在线支付,,即时单,2025-10-20 20:29:46,10.10,自动出餐,1,否,"【随心❤️拼】7英寸双拼披萨(口味自选）[水果+培根鸡肉]（26.90*1）,餐盒（2.00*1）",双拼7寸【缤纷水果口味7】+双拼7寸【碳烤鸡肉培根口味7】,,,,非会员,44,,,依据餐量提供餐具,,26.90,19.18,0,0.00,0,0,2.67,0.00,3.50,-,-,-,-,2.00,温州区域,温州直营,,,否,-,平台配送
圣比萨（灵溪华侨路店）,SBS00005,温州,"8065986088254976501	",饿了么,平台外卖,已完成,2025-10-20 20:35:45,2025-10-20 20:35:45,2025-10-20 20:35:46,饿了么支付-在线支付,,即时单,2025-10-20 20:35:45,8.53,扫码出餐,1,否,"新奥尔良烤鸡肉披萨-7英寸(经典手拍)[{""name"":""规格"",""value"":""7英寸(经典手拍)""}]（23.90*1）,餐盒（2.00*1）",新奥尔良烤鸡肉披萨,,,,非会员,45,,,依据餐量提供餐具,,23.90,11.43,7.00,0.00,0,0,1.62,0.00,3.50,【活动支出】粉丝群:1.00元+【活动支出】饿了么红包:6.00元+【活动支出】替用户承担配送费:3.5元,-,-,-,2.00,温州区域,温州直营,,,否,-,平台配送
圣比萨（灵溪华侨路店）,SBS00005,温州,"8097556088212049183	",饿了么,平台外卖,已完成,2025-10-20 20:38:55,2025-10-20 20:38:55,2025-10-20 20:38:55,饿了么支付-在线支付,,即时单,2025-10-20 20:38:55,10.07,自动出餐,1,否,"红薯薯泥流心卷边（9英寸）（6.90*1）,榴莲王披萨-9英寸(经典手拍)[{""name"":""规格"",""value"":""9英寸(经典手拍)""}]（92.00*1）,餐盒（2.00*1）",红薯泥流心卷边9+榴莲王披萨,,,,非会员,46,,,依据餐量提供餐具,,98.90,34.30,53.10,0.00,0,0,4.65,0.00,3.50,【活动支出】店铺满减:2.00元+【活动支出】单品特价:42.10元+【活动支出】饿了么红包:9.00元+【活动支出】替用户承担配送费:3.5元,-,-,-,2.00,温州区域,温州直营,,,否,-,平台配送
圣比萨（灵溪华侨路店）,SBS00005,温州,"8014280254445975029	",饿了么,平台外卖,已完成,2025-10-20 20:40:40,2025-10-20 20:40:40,2025-10-20 20:40:40,饿了么支付-在线支付,,即时单,2025-10-20 20:40:40,10.23,自动出餐,1,否,"缤纷水果披萨-9英寸(经典手拍)[{""name"":""规格"",""value"":""9英寸(经典手拍)""}]（70.00*1）,餐盒（2.00*1）",缤纷水果披萨,,,,非会员,47,,,依据餐量提供餐具,,70.00,21.87,40.10,0.00,0,0,2.98,0.00,4.00,【活动支出】店铺满减:1.00元+【活动支出】单品特价:30.10元+【活动支出】饿了么红包:9.00元+【活动支出】替用户承担配送费:4.0元,-,-,-,2.00,温州区域,温州直营,,,否,-,平台配送
圣比萨（灵溪华侨路店）,SBS00005,温州,"8027876088236418408	",饿了么,平台外卖,已完成,2025-10-20 20:43:46,2025-10-20 20:43:46,2025-10-20 20:43:46,饿了么支付-在线支付,,即时单,2025-10-20 20:43:46,10.08,自动出餐,1,否,"新奥尔良烤鸡肉披萨-9英寸(经典手拍)[{""name"":""规格"",""value"":""9英寸(经典手拍)""}]（39.90*1）,经典薯条（8.90*1）,餐盒（4.00*1）",新奥尔良烤鸡肉披萨+经典薯条,,,,非会员,48,,,依据餐量提供餐具,,48.80,30.42,10.00,0.00,0,0,4.13,0.00,3.50,【活动支出】店铺满减:1.00元+【活动支出】粉丝群:1.00元+【活动支出】饿了么红包:8.00元+【活动支出】替用户承担配送费:3.5元,-,-,-,4.00,温州区域,温州直营,,,否,-,平台配送
圣比萨（灵溪华侨路店）,SBS00005,温州,"8062606088252233041	",饿了么,平台外卖,已完成,2025-10-20 20:45:59,2025-10-20 20:45:59,2025-10-20 20:45:59,饿了么支付-在线支付,,即时单,2025-10-20 20:45:59,10.10,自动出餐,1,否,"奶酪芝士卷边（7英寸）（4.90*1）,新奥尔良烤鸡肉披萨-7英寸(经典手拍)[{""name"":""规格"",""value"":""7英寸(经典手拍)""}]（23.90*1）,餐盒（2.00*1）",奶酪芝士卷边7+新奥尔良烤鸡肉披萨,,,,非会员,49,,,依据餐量提供餐具,,28.80,16.11,6.00,0.00,0,0,2.24,0.00,3.50,【活动支出】超级会员专享红包:5.00元+【活动支出】 商家自营销加码:1.00元+【活动支出】替用户承担配送费:3.5元,-,-,-,2.00,温州区域,温州直营,,,否,-,平台配送
圣比萨（灵溪华侨路店）,SBS00005,温州,"8072240254258333069	",饿了么,平台外卖,已完成,2025-10-20 20:54:49,2025-10-20 20:54:49,2025-10-20 20:54:50,饿了么支付-在线支付,,即时单,2025-10-20 20:54:49,9.02,扫码出餐,1,否,"【随心❤️拼】7英寸双拼披萨(口味自选）[培根鸡肉+玉米沙拉]（26.90*1）,奶酪芝士卷边（7英寸）（4.90*1）,餐盒（2.00*1）",双拼7寸【碳烤鸡肉培根口味7】+双拼7寸【玉米沙拉口味7】+奶酪芝士卷边7,,,,非会员,50,,,依据餐量提供餐具,,31.80,16.10,7.00,0.00,0,0,2.45,0.00,6.20,【活动支出】饿了么红包:7.00元+【活动支出】替用户承担配送费:5.0元,-,-,-,2.00,温州区域,温州直营,,,否,-,平台配送
圣比萨（灵溪华侨路店）,SBS00005,温州,"8058846088241442262	",饿了么,平台外卖,已完成,2025-10-20 20:57:16,2025-10-20 20:57:16,2025-10-20 20:57:16,饿了么支付-在线支付,,即时单,2025-10-20 20:57:16,10.12,自动出餐,1,否,"新奥尔良烤鸡肉披萨-9英寸(经典手拍)[{""name"":""规格"",""value"":""9英寸(经典手拍)""}]（39.90*1）,上校鸡块（4.90*1）,经典薯条（8.90*1）,餐盒（6.00*1）",新奥尔良烤鸡肉披萨+上校鸡块+经典薯条,,,,非会员,51,,,无需餐具,,53.70,34.50,11.00,0.00,0,0,4.75,0.00,3.50,【活动支出】店铺满减:2.00元+【活动支出】饿了么红包:9.00元+【活动支出】替用户承担配送费:3.5元,-,-,-,6.00,温州区域,温州直营,,,否,-,平台配送
圣比萨（灵溪华侨路店）,SBS00005,温州,"8052090254455086494	",饿了么,平台外卖,已完成,2025-10-20 21:02:47,2025-10-20 21:02:47,2025-10-20 21:02:47,饿了么支付-在线支付,,即时单,2025-10-20 21:02:47,9.62,扫码出餐,1,否,【随心❤️拼】7英寸双拼披萨(口味自选）[奥尔良+水果]（26.90*1）,双拼7寸【奥尔良口味7】+双拼7寸【缤纷水果口味7】,,,,非会员,52,,,无需餐具【到店自取，取餐码52】,,26.90,24.75,0,0.00,0,0,2.15,0.00,,-,-,-,-,0.00,温州区域,温州直营,,,否,-,平台配送
圣比萨（灵溪华侨路店）,SBS00005,温州,"8009746088249364893	",饿了么,平台外卖,已完成,2025-10-20 21:08:14,2025-10-20 21:08:14,2025-10-20 21:08:15,饿了么支付-在线支付,,即时单,2025-10-20 21:08:14,8.07,手动出餐,1,否,7英寸披萨买一送一[奥尔良鸡肉披萨7英寸+缤纷水果披萨7英寸]（86.80*1）,新奥尔良烤鸡肉披萨【7英寸(手拍)】+缤纷水果披萨【7英寸(手拍)】,,,,非会员,53,,,依据餐量提供餐具,,86.80,25.69,49.40,0.00,0,0,3.56,0.00,5.60,【活动支出】外卖券:49.40元+【活动支出】替用户承担配送费:5.0元,-,-,-,0.00,温州区域,温州直营,,,否,-,平台配送
圣比萨（灵溪华侨路店）,SBS00005,温州,"8053626088228647241	",饿了么,平台外卖,已完成,2025-10-20 21:20:01,2025-10-20 21:20:01,2025-10-20 21:20:02,饿了么支付-在线支付,,即时单,2025-10-20 21:20:01,10.05,自动出餐,1,否,新奥尔良烤鸡肉披萨7寸-单点（20.00*1）,新奥尔良烤鸡肉披萨【7英寸(手拍)】,,,,非会员,54,,,依据餐量提供,,20.00,10.00,0.00,0.00,0,0,0.00,0.00,,【活动支出】拼团反圈活动:0.00元,-,-,-,0.00,温州区域,温州直营,,,否,-,平台配送
圣比萨（灵溪华侨路店）,SBS00005,温州,"8053626088228647242	",饿了么,平台外卖,已完成,2025-10-20 21:20:01,2025-10-20 21:20:01,2025-10-20 21:20:02,饿了么支付-在线支付,,即时单,2025-10-20 21:20:01,10.00,自动出餐,1,否,新奥尔良烤鸡肉披萨7寸-单点（20.00*1）,新奥尔良烤鸡肉披萨【7英寸(手拍)】,,,,非会员,55,,,依据餐量提供,,20.00,10.00,0.00,0.00,0,0,0.00,0.00,,【活动支出】拼团反圈活动:0.00元,-,-,-,0.00,温州区域,温州直营,,,否,-,平台配送
圣比萨（灵溪华侨路店）,SBS00005,温州,"8036050254273897947	",饿了么,平台外卖,已完成,2025-10-20 21:33:26,2025-10-20 21:33:26,2025-10-20 21:33:26,饿了么支付-在线支付,,即时单,2025-10-20 21:33:26,8.97,手动出餐,1,否,"新奥尔良烤鸡肉披萨-7英寸(经典手拍)[{""name"":""规格"",""value"":""7英寸(经典手拍)""}]（23.90*1）,餐盒（2.00*1）",新奥尔良烤鸡肉披萨,,,,非会员,56,,,2份餐具,,23.90,11.83,6.00,0.00,0,0,1.72,0.00,5.60,【活动支出】 商家自营销加码:1.00元+【活动支出】饿了么红包:5.00元+【活动支出】替用户承担配送费:5.0元,-,-,-,2.00,温州区域,温州直营,,,否,-,平台配送
圣比萨（灵溪华侨路店）,SBS00005,温州,"8019506088291148047	",饿了么,平台外卖,已完成,2025-10-20 21:46:51,2025-10-20 21:46:51,2025-10-20 21:46:52,饿了么支付-在线支付,,即时单,2025-10-20 21:46:51,6.38,扫码出餐,1,否,"港式奶茶[常温]（9.00*1）,新奥尔良烤鸡肉披萨-7英寸(经典手拍)[{""name"":""规格"",""value"":""7英寸(经典手拍)""}]（23.90*1）,餐盒（3.00*1）",港式奶茶+新奥尔良烤鸡肉披萨,,,,非会员,57,,,依据餐量提供餐具,,32.90,18.39,8.00,0.00,0,0,2.56,0.00,5.60,【活动支出】饿了么红包:8.00元+【活动支出】替用户承担配送费:5.0元,-,-,-,3.00,温州区域,温州直营,,,否,-,平台配送
圣比萨（灵溪华侨路店）,SBS00005,温州,"8082546088238539123	",饿了么,平台外卖,已完成,2025-10-20 22:19:21,2025-10-20 22:19:21,2025-10-20 22:19:21,饿了么支付-在线支付,,即时单,2025-10-20 22:19:21,10.02,自动出餐,1,否,"奶酪芝士卷边（12英寸）（8.90*1）,榴莲王披萨-12英寸（经典手拍）[{""name"":""规格"",""value"":""12英寸（经典手拍）""}]（129.00*1）,餐盒（2.00*1）",奶酪芝士卷边+榴莲王披萨,,,,非会员,58,,,直接放门口，不要敲门，不用打电话 / 依据餐量提供餐具,,137.90,45.72,76.10,0.00,0,0,6.33,0.00,5.60,【活动支出】店铺满减:2.00元+【活动支出】单品特价:62.10元+【活动支出】饿了么红包:12.00元+【活动支出】替用户承担配送费:5.0元,-,-,-,2.00,温州区域,温州直营,,,否,-,平台配送
圣比萨（玉环陈屿店）,SBM00037,台州,"8027490254135866670	",饿了么,平台外卖,已完成,2025-10-20 10:23:07,2025-10-20 10:23:07,2025-10-20 10:23:07,饿了么支付-在线支付,,即时单,2025-10-20 10:23:07,13.05,自动出餐,1,否,"【任选】披萨随心配（38.70*1）,点击右上角❤️免费得小吃（限一份，多点不送）[上校鸡块2个]（0.20*1）,餐盒（2.00*1）",柠檬茶+新奥尔良烤鸡肉披萨(7英寸(手拍))+地道肠1根+上校鸡块2个,,,,非会员,1,,,@商家 老板配菜和饭多一点 / 依据餐量提供餐具,,38.90,23.60,8.00,0.00,0,0,2.20,0.00,2.30,【活动支出】店铺满减:1.00元+【活动支出】下单返红包:2.00元+【活动支出】饿了么红包:5.00元+【活动支出】替用户承担配送费:2.3元,-,-,-,2.00,台州区域,台州加盟,,,否,-,平台配送
圣比萨（玉环陈屿店）,SBM00037,台州,"8071786087991611797	",饿了么,平台外卖,已完成,2025-10-20 11:05:59,2025-10-20 11:05:59,2025-10-20 11:05:59,饿了么支付-在线支付,,即时单,2025-10-20 11:05:59,14.10,自动出餐,1,否,"【随心❤️拼】7英寸双拼披萨（口味自选）[新奥尔良烤鸡肉+玉米沙拉]（27.90*1）,红薯薯泥流心卷边（7英寸）（4.90*1）,蛋挞一个（3.90*1）,点击右上角❤️免费得小吃（限一份，多点不送）[上校鸡块2个]（0.20*1）,餐盒（2.00*1）",双拼7寸【奥尔良口味7】+双拼7寸【玉米沙拉口味7】+红薯泥流心卷边7+蛋挞1个+上校鸡块2个,,,,非会员,2,,,2份餐具,,36.90,22.52,7.91,0.00,0,0,2.07,0.00,2.30,【活动支出】首次光顾立减:1.00元+【活动支出】单品特价:1.91元+【活动支出】饿了么红包:5.00元+【活动支出】替用户承担配送费:2.3元,-,-,-,2.00,台州区域,台州加盟,,,否,-,平台配送
圣比萨（玉环陈屿店）,SBM00037,台州,"8096766087983457576	",饿了么,平台外卖,已完成,2025-10-20 11:13:28,2025-10-20 11:13:28,2025-10-20 11:13:28,饿了么支付-在线支付,,即时单,2025-10-20 11:13:28,14.23,自动出餐,1,否,"新奥尔良烤鸡肉披萨-9英寸(手拍)[{""name"":""规格"",""value"":""9英寸(手拍)""}]（33.90*1）,餐盒（2.00*1）",新奥尔良烤鸡肉披萨,,,,非会员,3,,,依据餐量提供餐具,,33.90,21.51,6.00,0.00,0,0,1.99,0.00,2.30,【活动支出】首次光顾立减:1.00元+【活动支出】饿了么红包:5.00元+【活动支出】替用户承担配送费:2.3元,-,-,-,2.00,台州区域,台州加盟,,,否,-,平台配送
圣比萨（玉环陈屿店）,SBM00037,台州,"8039876087954533651	",饿了么,平台外卖,已完成,2025-10-20 11:13:34,2025-10-20 11:13:34,2025-10-20 11:13:35,饿了么支付-在线支付,,即时单,2025-10-20 11:13:34,14.18,自动出餐,1,否,"大圣香肠[孜然]（5.90*1）,西域肉酱披萨-7英寸(手拍)[{""name"":""规格"",""value"":""7英寸(手拍)""}]（29.90*1）,餐盒（3.00*1）",大圣香肠1串+西域肉酱披萨,,,,非会员,4,,,依据餐量提供餐具,,35.80,23.28,7.00,0.00,0,0,2.12,0.00,2.30,【活动支出】店铺满减:1.00元+【活动支出】首次光顾立减:1.00元+【活动支出】饿了么红包:5.00元+【活动支出】替用户承担配送费:2.3元,-,-,-,3.00,台州区域,台州加盟,,,否,-,平台配送
圣比萨（玉环陈屿店）,SBM00037,台州,"8070430254225510700	",饿了么,平台外卖,已完成,2025-10-20 12:04:31,2025-10-20 12:04:31,2025-10-20 12:04:32,饿了么支付-在线支付,,即时单,2025-10-20 12:04:31,14.05,自动出餐,1,否,"【随心❤️拼】7英寸双拼披萨（口味自选）[新奥尔良烤鸡肉+日系照烧鸡]（27.90*1）,奶酪芝士卷边（7英寸）（4.90*1）,餐盒（2.00*1）",双拼7寸【奥尔良口味7】+双拼7寸【日系照烧口味7】+奶酪芝士卷边7,,,,非会员,5,,,无需餐具,,32.80,21.42,5.00,0.00,0,0,1.98,0.00,2.30,【活动支出】饿了么红包:5.00元+【活动支出】替用户承担配送费:2.3元,-,-,-,2.00,台州区域,台州加盟,,,否,-,平台配送
圣比萨（玉环陈屿店）,SBM00037,台州,"8003846088042628450	",饿了么,平台外卖,已完成,2025-10-20 12:36:01,2025-10-20 12:36:01,2025-10-20 12:36:02,饿了么支付-在线支付,,即时单,2025-10-20 12:36:01,14.10,自动出餐,1,否,"【随心❤️拼】7英寸双拼披萨（口味自选）[新奥尔良烤鸡肉+玉米沙拉]（27.90*1）,餐盒（2.00*1）",双拼7寸【奥尔良口味7】+双拼7寸【玉米沙拉口味7】,,,,非会员,6,,,依据餐量提供餐具,,27.90,16.64,6.00,0.00,0,0,1.56,0.00,2.30,【活动支出】首次光顾立减:1.00元+【活动支出】饿了么红包:5.00元+【活动支出】替用户承担配送费:2.3元,-,-,-,2.00,台州区域,台州加盟,,,否,-,平台配送
圣比萨（玉环陈屿店）,SBM00037,台州,"8066090254189081877	",饿了么,平台外卖,已完成,2025-10-20 14:46:33,2025-10-20 14:46:33,2025-10-20 14:46:33,饿了么支付-在线支付,,即时单,2025-10-20 14:46:33,13.13,自动出餐,1,否,"日系照烧鸡披萨-7英寸(手拍)[{""name"":""规格"",""value"":""7英寸(手拍)""}]（25.90*1）,餐盒（2.00*1）",日系照烧鸡披萨,,,,非会员,7,,,1份餐具,,25.90,15.02,6.00,0.00,0,0,1.38,0.00,2.80,【活动支出】首次光顾立减:1.00元+【活动支出】饿了么红包:5.00元+【活动支出】替用户承担配送费:2.8元,-,-,-,2.00,台州区域,台州加盟,,,否,-,平台配送
圣比萨（玉环陈屿店）,SBM00037,台州,"8077150254286095634	",饿了么,平台外卖,已完成,2025-10-20 14:48:49,2025-10-20 14:48:49,2025-10-20 14:48:49,饿了么支付-在线支付,,即时单,2025-10-20 14:48:49,13.10,"初始值, 无意义",1,否,"新奥尔良烤鸡肉披萨-7英寸(手拍)[{""name"":""规格"",""value"":""7英寸(手拍)""}]（25.90*1）,餐盒（2.00*1）",新奥尔良烤鸡肉披萨,,,,非会员,8,,,依据餐量提供餐具,,25.90,15.49,6.00,0.00,0,0,1.41,0.00,2.30,【活动支出】首次光顾立减:1.00元+【活动支出】饿了么红包:5.00元+【活动支出】替用户承担配送费:2.3元,-,-,-,2.00,台州区域,台州加盟,,,否,-,平台配送
圣比萨（玉环陈屿店）,SBM00037,台州,"8033000254216338703	",饿了么,平台外卖,已完成,2025-10-20 15:27:38,2025-10-20 15:27:38,2025-10-20 15:27:38,饿了么支付-在线支付,,即时单,2025-10-20 15:27:38,13.05,自动出餐,1,否,"蛋挞一个（3.90*1）,奶酪芝士卷边（9英寸）（6.90*1）,【随心❤️拼】9英寸双拼披萨（口味自选）[新奥尔良烤鸡肉+碳烤鸡肉培根]（37.90*1）,点击右上角❤️免费得小吃（限一份，多点不送）[上校鸡块2个]（0.20*1）,餐盒（2.00*1）",蛋挞1个+奶酪芝士卷边9+双拼9寸【奥尔良口味9】+双拼9寸【鸡肉培根口味9】+上校鸡块2个,,,,非会员,9,,,依据餐量提供餐具,,48.90,31.33,8.91,0.00,0,0,2.86,0.00,2.30,【活动支出】店铺满减:1.00元+【活动支出】首次光顾立减:1.00元+【活动支出】单品特价:1.91元+【活动支出】饿了么红包:5.00元+【活动支出】替用户承担配送费:2.3元,-,-,-,2.00,台州区域,台州加盟,,,否,-,平台配送
圣比萨（玉环陈屿店）,SBM00037,台州,"8069300254277410081	",饿了么,平台外卖,已完成,2025-10-20 17:45:25,2025-10-20 17:45:25,2025-10-20 17:45:26,饿了么支付-在线支付,,即时单,2025-10-20 17:45:25,14.15,自动出餐,1,否,"【随心❤️拼】7英寸双拼披萨（口味自选）[花果山+日系照烧鸡]（27.90*1）,餐盒（2.00*1）",双拼7寸【花果山口味7】+双拼7寸【日系照烧口味7】,,,,非会员,10,,,依据餐量提供餐具,,27.90,14.03,6.00,0.00,0,0,1.47,0.00,3.80,【活动支出】首次光顾立减:1.00元+【活动支出】饿了么红包:0.00元+【活动支出】饿了么红包:5.00元+【活动支出】淘金币:0.00元+【活动支出】替用户承担配送费:3.8元,-,-,-,2.00,台州区域,台州加盟,,,否,-,平台配送
圣比萨（玉环陈屿店）,SBM00037,台州,"8059290254373146022	",饿了么,平台外卖,已完成,2025-10-20 18:02:27,2025-10-20 18:02:27,2025-10-20 18:02:27,饿了么支付-在线支付,,即时单,2025-10-20 18:02:27,14.00,自动出餐,1,否,"【随心❤️拼】7英寸双拼披萨（口味自选）[新奥尔良烤鸡肉+碳烤鸡肉培根]（27.90*1）,明星小食桶任选3（20.70*1）,点击右上角❤️免费得小吃（限一份，多点不送）[上校鸡块2个]（0.20*1）,餐盒（3.00*1）",双拼7寸【奥尔良口味7】+双拼7寸【碳烤鸡肉培根口味7】+地道肠1根+盐酥鸡粒+美式香骨鸡+上校鸡块2个,,,,非会员,11,,,依据餐量提供餐具,,48.80,33.34,7.00,0.00,0,0,3.06,0.00,2.30,【活动支出】店铺满减:1.00元+【活动支出】首次光顾立减:1.00元+【活动支出】饿了么红包:5.00元+【活动支出】替用户承担配送费:2.3元,-,-,-,3.00,台州区域,台州加盟,,,否,-,平台配送
圣比萨（玉环陈屿店）,SBM00037,台州,"8041726088192180620	",饿了么,平台外卖,已完成,2025-10-20 18:07:42,2025-10-20 18:07:42,2025-10-20 18:07:42,饿了么支付-在线支付,,即时单,2025-10-20 18:07:42,14.15,自动出餐,1,否,"【随心❤️拼】7英寸双拼披萨（口味自选）[日系照烧鸡+花果山]（27.90*1）,红薯薯泥流心卷边（7英寸）（4.90*1）,餐盒（2.00*1）",双拼7寸【日系照烧口味7】+双拼7寸【花果山口味7】+红薯泥流心卷边7,,,,非会员,12,,,少放点盐 / 依据餐量提供餐具,,32.80,20.49,6.00,0.00,0,0,1.91,0.00,2.30,【活动支出】首次光顾立减:1.00元+【活动支出】饿了么红包:5.00元+【活动支出】替用户承担配送费:2.3元,-,-,-,2.00,台州区域,台州加盟,,,否,-,平台配送
圣比萨（玉环陈屿店）,SBM00037,台州,"8078020254194506223	",饿了么,平台外卖,已完成,2025-10-20 18:09:52,2025-10-20 18:09:52,2025-10-20 18:09:52,饿了么支付-在线支付,,即时单,2025-10-20 18:09:52,14.00,自动出餐,1,否,"【随心❤️拼】7英寸双拼披萨（口味自选）[新奥尔良烤鸡肉+浪漫威尼斯]（27.90*1）,明星小食桶任选3（17.80*1）,餐盒（3.00*1）",双拼7寸【奥尔良口味7】+双拼7寸【浪漫威尼斯口味7】+地道肠1根+经典薯条+深海墨鱼丸(3个),,,,非会员,13,,,依据餐量提供餐具,,45.70,31.06,7.00,0.00,0,0,2.84,0.00,2.30,【活动支出】店铺满减:1.00元+【活动支出】首次光顾立减:1.00元+【活动支出】饿了么红包:5.00元+【活动支出】替用户承担配送费:2.3元,-,-,-,3.00,台州区域,台州加盟,,,否,-,平台配送
圣比萨（玉环陈屿店）,SBM00037,台州,"8009556088182392239	",饿了么,平台外卖,已完成,2025-10-20 18:31:32,2025-10-20 18:31:32,2025-10-20 18:31:33,饿了么支付-在线支付,,即时单,2025-10-20 18:31:32,14.20,自动出餐,1,否,"【随心❤️拼】7英寸双拼披萨（口味自选）[新奥尔良烤鸡肉+玉米沙拉]（27.90*1）,餐盒（2.00*1）",双拼7寸【奥尔良口味7】+双拼7寸【玉米沙拉口味7】,,,,非会员,14,,,依据餐量提供餐具,,27.90,14.53,6.00,0.00,0,0,1.47,0.00,3.80,【活动支出】首次光顾立减:1.00元+【活动支出】饿了么红包:5.00元+【活动支出】替用户承担配送费:3.8元,-,-,-,2.00,台州区域,台州加盟,,,否,-,平台配送
圣比萨（玉环陈屿店）,SBM00037,台州,"8090866088263165231	",饿了么,平台外卖,已完成,2025-10-20 20:17:01,2025-10-20 20:17:01,2025-10-20 20:17:01,饿了么支付-在线支付,,即时单,2025-10-20 20:17:01,13.22,自动出餐,1,否,"酸奶多多流心卷边（7英寸）（4.90*1）,新奥尔良烤鸡肉披萨-7英寸(手拍)[{""name"":""规格"",""value"":""7英寸(手拍)""}]（25.90*1）,大圣鸡排[孜然]（6.90*1）,餐盒（3.00*1）",酸奶多多流心卷边7+新奥尔良烤鸡肉披萨+大圣鸡排,,,,非会员,15,,,依据餐量提供餐具,,37.70,24.34,7.00,0.00,0,0,2.26,0.00,2.30,【活动支出】店铺满减:1.00元+【活动支出】首次光顾立减:1.00元+【活动支出】饿了么红包:5.00元+【活动支出】替用户承担配送费:2.3元,-,-,-,3.00,台州区域,台州加盟,,,否,-,平台配送
圣比萨（玉环陈屿店）,SBM00037,台州,"8033240254346413467	",饿了么,平台外卖,已完成,2025-10-20 20:37:18,2025-10-20 20:37:18,2025-10-20 20:37:19,饿了么支付-在线支付,,预约单,2025-10-20 21:35:00,12.78,自动出餐,1,否,"新奥尔良烤鸡肉披萨-7英寸(手拍)[{""name"":""规格"",""value"":""7英寸(手拍)""}]（25.90*1）,蛋挞一个（3.90*1）,点击右上角❤️免费得小吃（限一份，多点不送）[上校鸡块2个]（0.20*1）,餐盒（2.00*1）",新奥尔良烤鸡肉披萨+蛋挞1个+上校鸡块2个,,,,非会员,16,,,依据餐量提供餐具,,30.00,15.39,7.91,0.00,0,0,1.50,0.00,3.30,【活动支出】首次光顾立减:1.00元+【活动支出】单品特价:1.91元+【活动支出】饿了么红包:5.00元+【活动支出】替用户承担配送费:3.3元,-,-,-,2.00,台州区域,台州加盟,,,否,-,平台配送
圣比萨（玉环陈屿店）,SBM00037,台州,"8023410254365551055	",饿了么,平台外卖,已完成,2025-10-20 20:48:44,2025-10-20 20:48:44,2025-10-20 20:48:45,饿了么支付-在线支付,,即时单,2025-10-20 20:48:44,13.00,自动出餐,1,否,"【任选】披萨随心配（47.60*1）,餐盒（2.00*1）",小可乐+大圣招牌大满贯披萨(7英寸(手拍))+盐酥鸡粒,,,,非会员,17,,,依据餐量提供餐具,,47.60,30.97,8.00,0.00,0,0,2.83,0.00,2.30,【活动支出】店铺满减:1.00元+【活动支出】吃货豆兑换的商家券:5.00元+【活动支出】下单返红包:2.00元+【活动支出】替用户承担配送费:2.3元,-,-,-,2.00,台州区域,台州加盟,,,否,-,平台配送
圣比萨（玉环陈屿店）,SBM00037,台州,"8049946088216301953	",饿了么,平台外卖,已完成,2025-10-20 20:55:02,2025-10-20 20:55:02,2025-10-20 20:55:02,饿了么支付-在线支付,,即时单,2025-10-20 20:55:02,13.05,自动出餐,1,否,"【任选】披萨随心配（31.90*1）,餐盒（2.00*1）",小可乐+碳烤鸡肉培根披萨(7英寸(手拍))+蛋挞,,,,非会员,18,,,依据餐量提供餐具,,31.90,19.43,7.00,0.00,0,0,1.77,0.00,2.30,【活动支出】下单返红包:2.00元+【活动支出】饿了么红包:5.00元+【活动支出】替用户承担配送费:2.3元,-,-,-,2.00,台州区域,台州加盟,,,否,-,平台配送
圣比萨·披萨·炸鸡（盐城青墩店）,SBS00038,盐城,"8041250254033539434	",饿了么,平台外卖,已完成,2025-10-20 09:14:10,2025-10-20 09:14:10,2025-10-20 09:14:10,饿了么支付-在线支付,,即时单,2025-10-20 09:14:10,13.22,自动出餐,1,否,"碳烤鸡肉培根披萨-9英寸(手拍)[{""name"":""规格"",""value"":""9英寸(手拍)""}]（36.90*1）,餐盒（2.00*1）",碳烤鸡肉培根披萨,,,,非会员,1,,,2份餐具,,36.90,23.26,7.00,0.00,0,0,2.54,0.00,2.40,【活动支出】店铺满减:1.00元+【活动支出】精准营销:1.00元+【活动支出】饿了么红包:5.00元+【活动支出】替用户承担配送费:2.4元,-,-,-,2.00,江苏区域,江苏直营店,,,否,-,平台配送
圣比萨·披萨·炸鸡（盐城青墩店）,SBS00038,盐城,"8081420253947682145	",饿了么,平台外卖,已完成,2025-10-20 10:18:50,2025-10-20 10:18:50,2025-10-20 10:18:50,饿了么支付-在线支付,,即时单,2025-10-20 10:18:50,1.72,手动出餐,1,否,"奶酪芝士披萨-7英寸(手拍)[{""name"":""规格"",""value"":""7英寸(手拍)""}]（28.90*1）,酸奶多多流心卷边（7英寸）（4.90*1）,餐盒（2.00*1）",奶酪芝士披萨+酸奶多多流心卷边7,,,,非会员,2,,,依据餐量提供餐具,,33.80,22.26,5.00,0.00,0,0,2.44,0.00,2.40,【活动支出】饿了么红包:5.00元+【活动支出】替用户承担配送费:2.4元,-,-,-,2.00,江苏区域,江苏直营店,,,否,-,平台配送
圣比萨·披萨·炸鸡（盐城青墩店）,SBS00038,盐城,"8066676087929787851	",饿了么,平台外卖,已完成,2025-10-20 10:54:34,2025-10-20 10:54:34,2025-10-20 10:54:34,饿了么支付-在线支付,,即时单,2025-10-20 10:54:34,13.12,自动出餐,1,否,"招牌大满贯三件套（香肠1＋可乐）[香辣]（39.90*1）,餐盒（1.00*1）",招牌大满贯三件套（香肠1＋可乐）[香辣]+餐盒,,,,非会员,3,,,依据餐量提供餐具,,39.90,25.40,6.00,0.00,0,0,2.80,0.00,2.40,【活动支出】店铺满减:1.00元+【活动支出】饿了么红包:5.00元+【活动支出】替用户承担配送费:2.4元,-,-,-,1.00,江苏区域,江苏直营店,,,否,-,平台配送
圣比萨·披萨·炸鸡（盐城青墩店）,SBS00038,盐城,"8009240254021163269	",饿了么,平台外卖,已完成,2025-10-20 11:42:20,2025-10-20 11:42:20,2025-10-20 11:42:20,饿了么支付-在线支付,,即时单,2025-10-20 11:42:20,14.22,自动出餐,1,否,"新奥尔良烤鸡肉披萨-7英寸(手拍)[{""name"":""规格"",""value"":""7英寸(手拍)""}]（28.90*1）,餐盒（2.00*1）",新奥尔良烤鸡肉披萨,,,,非会员,4,,,无需餐具,,28.90,17.46,6.00,0.00,0,0,1.94,0.00,2.40,【活动支出】精准营销:1.00元+【活动支出】饿了么红包:5.00元+【活动支出】替用户承担配送费:2.4元,-,-,-,2.00,江苏区域,江苏直营店,,,否,-,平台配送
圣比萨·披萨·炸鸡（盐城青墩店）,SBS00038,盐城,"8087536088021732797	",饿了么,平台外卖,已完成,2025-10-20 11:47:22,2025-10-20 11:47:22,2025-10-20 11:47:23,饿了么支付-在线支付,,即时单,2025-10-20 11:47:22,14.02,自动出餐,1,否,"大圣拉丝芝士棒（8.90*1）,招牌大圣鸡排（2个）[孜然]（16.90*1）,餐盒（1.50*1）",大圣拉丝芝士棒,,,,非会员,5,,,依据餐量提供餐具,,25.80,15.69,5.00,0.00,0,0,1.71,0.00,2.40,【活动支出】饿了么红包:5.00元+【活动支出】替用户承担配送费:2.4元,-,-,-,1.50,江苏区域,江苏直营店,,,否,-,平台配送
圣比萨·披萨·炸鸡（盐城青墩店）,SBS00038,盐城,"8001270254052502875	",饿了么,平台外卖,已完成,2025-10-20 12:22:29,2025-10-20 12:22:29,2025-10-20 12:22:30,饿了么支付-在线支付,,即时单,2025-10-20 12:22:29,14.07,自动出餐,1,否,"浪漫威尼斯披萨-7英寸(手拍)[{""name"":""规格"",""value"":""7英寸(手拍)""}]（32.90*1）,餐盒（2.00*1）",浪漫威尼斯披萨,,,,非会员,6,,,依据餐量提供餐具,,32.90,21.43,5.00,0.00,0,0,2.37,0.00,2.40,【活动支出】饿了么红包:5.00元+【活动支出】替用户承担配送费:2.4元,-,-,-,2.00,江苏区域,江苏直营店,,,否,-,平台配送
圣比萨·披萨·炸鸡（盐城青墩店）,SBS00038,盐城,"8090370254245709308	",饿了么,平台外卖,已完成,2025-10-20 12:27:54,2025-10-20 12:27:54,2025-10-20 12:27:54,饿了么支付-在线支付,,即时单,2025-10-20 12:27:54,14.05,自动出餐,1,否,"日系照烧鸡披萨-7英寸(手拍)[{""name"":""规格"",""value"":""7英寸(手拍)""}]（28.90*1）,餐盒（2.00*1）",日系照烧鸡披萨,,,,非会员,7,,,依据餐量提供餐具,,28.90,18.38,5.00,0.00,0,0,2.02,0.00,2.40,【活动支出】饿了么红包:5.00元+【活动支出】替用户承担配送费:2.4元,-,-,-,2.00,江苏区域,江苏直营店,,,否,-,平台配送
圣比萨·披萨·炸鸡（盐城青墩店）,SBS00038,盐城,"8093926088112208156	",饿了么,平台外卖,已完成,2025-10-20 15:32:35,2025-10-20 15:32:35,2025-10-20 15:32:35,饿了么支付-在线支付,,即时单,2025-10-20 15:32:35,13.02,自动出餐,1,否,"新奥尔良烤鸡肉披萨-7英寸(手拍)[{""name"":""规格"",""value"":""7英寸(手拍)""}]（28.90*1）,餐盒（2.00*1）",新奥尔良烤鸡肉披萨,,,,非会员,8,,,依据餐量提供餐具,,28.90,18.38,5.00,0.00,0,0,2.02,0.00,2.40,【活动支出】饿了么红包:5.00元+【活动支出】替用户承担配送费:2.4元,-,-,-,2.00,江苏区域,江苏直营店,,,否,-,平台配送
圣比萨·披萨·炸鸡（盐城青墩店）,SBS00038,盐城,"8027380254302731766	",饿了么,平台外卖,已完成,2025-10-20 15:38:50,2025-10-20 15:38:50,2025-10-20 15:38:51,饿了么支付-在线支付,,即时单,2025-10-20 15:38:50,13.22,自动出餐,1,否,"奶酪芝士披萨-9英寸(手拍)[{""name"":""规格"",""value"":""9英寸(手拍)""}]（36.90*1）,奶酪芝士卷边（9英寸）（6.90*1）,餐盒（2.00*1）",奶酪芝士披萨+奶酪芝士卷边9,,,,非会员,9,,,1份餐具,,43.80,29.28,6.00,0.00,0,0,3.22,0.00,2.40,【活动支出】店铺满减:1.00元+【活动支出】饿了么红包:5.00元+【活动支出】替用户承担配送费:2.4元,-,-,-,2.00,江苏区域,江苏直营店,,,否,-,平台配送
圣比萨·披萨·炸鸡（盐城青墩店）,SBS00038,盐城,"8054470254127031663	",饿了么,平台外卖,已完成,2025-10-20 15:48:40,2025-10-20 15:48:40,2025-10-20 15:48:40,饿了么支付-在线支付,,即时单,2025-10-20 15:48:40,8.73,手动出餐,1,否,"大圣香肠一串[孜然]（8.50*2）,经典薯条（180）（8.90*1）,餐盒（2.00*1）",经典薯条,,,,非会员,10,,,依据餐量提供餐具,,25.90,15.78,5.00,0.00,0,0,1.72,0.00,2.90,【活动支出】饿了么红包:5.00元+【活动支出】替用户承担配送费:2.9元,-,-,-,2.00,江苏区域,江苏直营店,,,否,-,平台配送
圣比萨·披萨·炸鸡（盐城青墩店）,SBS00038,盐城,"8026410254150475025	",饿了么,平台外卖,已完成,2025-10-20 17:03:24,2025-10-20 17:03:24,2025-10-20 17:03:24,饿了么支付-在线支付,,预约单,2025-10-20 20:05:00,136.63,自动出餐,1,否,"新奥尔良烤鸡肉披萨-7英寸(手拍)[{""name"":""规格"",""value"":""7英寸(手拍)""}]（28.90*1）,餐盒（2.00*1）",新奥尔良烤鸡肉披萨,,,,非会员,11,,,依据餐量提供餐具,用户申请取消单 其他原因，,28.90,18.38,5.00,0.00,0,0,2.02,0.00,2.40,【活动支出】饿了么红包:5.00元+【活动支出】替用户承担配送费:2.4元,-,-,-,2.00,江苏区域,江苏直营店,,,否,-,平台配送
圣比萨·披萨·炸鸡（盐城青墩店）,SBS00038,盐城,"8032250254251439374	",饿了么,平台外卖,已完成,2025-10-20 17:05:10,2025-10-20 17:05:10,2025-10-20 17:05:11,饿了么支付-在线支付,,即时单,2025-10-20 17:05:10,13.17,自动出餐,1,否,"爆款鸡柳桶[香辣]（28.90*1）,餐盒（1.00*1）",大圣鸡柳三合一,,,,非会员,12,,,依据餐量提供餐具,,28.90,21.43,0,0.00,0,0,2.37,0.00,2.40,-,-,-,-,1.00,江苏区域,江苏直营店,,,否,-,平台配送
圣比萨·披萨·炸鸡（盐城青墩店）,SBS00038,盐城,"8063200254355501379	",饿了么,平台外卖,已完成,2025-10-20 17:34:59,2025-10-20 17:34:59,2025-10-20 17:34:59,饿了么支付-在线支付,,即时单,2025-10-20 17:34:59,14.10,自动出餐,1,否,"浪漫威尼斯披萨-7英寸(手拍)[{""name"":""规格"",""value"":""7英寸(手拍)""}]（32.90*1）,红薯薯泥流心卷边（7英寸）（4.90*1）,餐盒（2.00*1）",浪漫威尼斯披萨+红薯泥流心卷边7,,,,非会员,13,,,依据餐量提供餐具,,37.80,24.40,6.00,0.00,0,0,2.70,0.00,2.40,【活动支出】店铺满减:1.00元+【活动支出】饿了么红包:0.00元+【活动支出】饿了么红包:5.00元+【活动支出】替用户承担配送费:2.4元,-,-,-,2.00,江苏区域,江苏直营店,,,否,-,平台配送
圣比萨·披萨·炸鸡（盐城青墩店）,SBS00038,盐城,"8076360254175138263	",饿了么,平台外卖,已完成,2025-10-20 17:39:02,2025-10-20 17:39:02,2025-10-20 17:39:02,饿了么支付-在线支付,,即时单,2025-10-20 17:39:02,14.03,自动出餐,1,否,"招牌大圣鸡排（2个）[孜然]（16.90*1）,芝士棒（8.50*1）,餐盒（1.00*1）",大圣拉丝芝士棒,,,,非会员,14,,,依据餐量提供餐具,,25.40,14.87,5.00,0.00,0,0,1.63,0.00,2.40,【活动支出】饿了么红包:5.00元+【活动支出】替用户承担配送费:2.4元,-,-,-,1.00,江苏区域,江苏直营店,,,否,-,平台配送
圣比萨·披萨·炸鸡（盐城青墩店）,SBS00038,盐城,"8007350254174224856	",饿了么,平台外卖,已完成,2025-10-20 17:44:01,2025-10-20 17:44:01,2025-10-20 17:44:01,饿了么支付-在线支付,,即时单,2025-10-20 17:44:01,14.05,自动出餐,1,否,"炙热牛魔王披萨-9英寸(手拍)[{""name"":""规格"",""value"":""9英寸(手拍)""}]（42.90*1）,点击右上角❤️免费得小吃（限一份，多点不送）[上校鸡块2个]（0.00*1）,餐盒（2.00*1）",炙热牛魔王披萨+上校鸡块2个,,,,非会员,15,,,依据餐量提供餐具,,42.90,28.46,6.00,0.00,0,0,3.14,0.00,2.40,【活动支出】店铺满减:1.00元+【活动支出】饿了么红包:5.00元+【活动支出】替用户承担配送费:2.4元,-,-,-,2.00,江苏区域,江苏直营店,,,否,-,平台配送
圣比萨·披萨·炸鸡（盐城青墩店）,SBS00038,盐城,"8001250254260319546	",饿了么,平台外卖,已完成,2025-10-20 17:45:35,2025-10-20 17:45:35,2025-10-20 17:45:35,饿了么支付-在线支付,,即时单,2025-10-20 17:45:35,14.18,自动出餐,1,否,"日系照烧鸡披萨-7英寸(手拍)[{""name"":""规格"",""value"":""7英寸(手拍)""}]（28.90*1）,餐盒（2.00*1）",日系照烧鸡披萨,,,,非会员,16,,,2份餐具,,28.90,18.38,5.00,0.00,0,0,2.02,0.00,2.40,【活动支出】饿了么红包:5.00元+【活动支出】替用户承担配送费:2.4元,-,-,-,2.00,江苏区域,江苏直营店,,,否,-,平台配送
圣比萨·披萨·炸鸡（盐城青墩店）,SBS00038,盐城,"8082596088192927148	",饿了么,平台外卖,已完成,2025-10-20 18:10:42,2025-10-20 18:10:42,2025-10-20 18:10:42,饿了么支付-在线支付,,即时单,2025-10-20 18:10:42,14.10,自动出餐,1,否,"榴莲王披萨-7英寸(手拍)[{""name"":""规格"",""value"":""7英寸(手拍)""}]（36.90*1）,酸奶多多流心卷边（7英寸）（4.90*1）,餐盒（2.00*1）",榴莲王披萨+酸奶多多流心卷边7,,,,非会员,17,,,2份餐具,,41.80,27.14,7.00,0.00,0,0,2.96,0.00,2.40,【活动支出】店铺满减:1.00元+【活动支出】精准营销:1.00元+【活动支出】饿了么红包:5.00元+【活动支出】替用户承担配送费:2.4元,-,-,-,2.00,江苏区域,江苏直营店,,,否,-,平台配送
圣比萨·披萨·炸鸡（盐城青墩店）,SBS00038,盐城,"8003946088202697075	",饿了么,平台外卖,已退款,2025-10-20 19:10:46,2025-10-20 19:10:46,2025-10-20 19:10:47,饿了么支付-在线支付,,即时单,2025-10-20 19:10:46,,未出餐,1,否,"点击右上角❤️免费得小吃（限一份，多点不送）[上校鸡块2个]（0.00*1）,炙热牛魔王披萨-7英寸(手拍)[{""name"":""规格"",""value"":""7英寸(手拍)""}]（32.90*1）,餐盒（2.00*1）",上校鸡块2个+炙热牛魔王披萨,,,,非会员,18,,,依据餐量提供餐具,"餐厅同意取消单 ",32.90,-2.47,5.00,23.90,0,0,2.37,0.00,2.40,【活动支出】饿了么红包:5.00元+【活动支出】替用户承担配送费:2.4元,-,-,-,2.00,江苏区域,江苏直营店,,,否,-,平台配送
圣比萨·披萨·炸鸡（盐城青墩店）,SBS00038,盐城,"8061696088256592371	",饿了么,平台外卖,已完成,2025-10-20 19:55:38,2025-10-20 19:55:38,2025-10-20 19:55:39,饿了么支付-在线支付,,即时单,2025-10-20 19:55:38,13.13,自动出餐,1,否,"奶酪芝士披萨-7英寸(手拍)[{""name"":""规格"",""value"":""7英寸(手拍)""}]（28.90*1）,餐盒（2.00*1）",奶酪芝士披萨,,,,非会员,19,,,1份餐具,,28.90,17.46,6.00,0.00,0,0,1.94,0.00,2.40,【活动支出】精准营销:1.00元+【活动支出】饿了么红包:5.00元+【活动支出】替用户承担配送费:2.4元,-,-,-,2.00,江苏区域,江苏直营店,,,否,-,平台配送
圣比萨·披萨·炸鸡（盐城青墩店）,SBS00038,盐城,"8014130254248491470	",饿了么,平台外卖,已完成,2025-10-20 20:02:52,2025-10-20 20:02:52,2025-10-20 20:02:52,饿了么支付-在线支付,,即时单,2025-10-20 20:02:52,13.05,"初始值, 无意义",1,否,"榴莲王披萨-7英寸(手拍)[{""name"":""规格"",""value"":""7英寸(手拍)""}]（36.90*1）,红薯薯泥流心卷边（7英寸）（4.90*1）,餐盒（2.00*1）",榴莲王披萨+红薯泥流心卷边7,,,,非会员,20,,,依据餐量提供餐具,,41.80,27.46,6.00,0.00,0,0,3.04,0.00,2.40,【活动支出】店铺满减:1.00元+【活动支出】饿了么红包:5.00元+【活动支出】替用户承担配送费:2.4元,-,-,-,2.00,江苏区域,江苏直营店,,,否,-,平台配送
圣比萨·披萨·炸鸡（盐城青墩店）,SBS00038,盐城,"8020400254336829871	",饿了么,平台外卖,已完成,2025-10-20 20:23:12,2025-10-20 20:23:12,2025-10-20 20:23:12,饿了么支付-在线支付,,即时单,2025-10-20 20:23:12,13.18,自动出餐,1,否,"新奥尔良烤鸡肉披萨-9英寸(手拍)[{""name"":""规格"",""value"":""9英寸(手拍)""}]（36.90*1）,餐盒（2.00*1）",新奥尔良烤鸡肉披萨,,,,非会员,21,,,2份餐具,,36.90,23.26,7.00,0.00,0,0,2.54,0.00,2.40,【活动支出】店铺满减:1.00元+【活动支出】精准营销:1.00元+【活动支出】饿了么红包:5.00元+【活动支出】替用户承担配送费:2.4元,-,-,-,2.00,江苏区域,江苏直营店,,,否,-,平台配送
圣比萨·披萨·炸鸡（盐城青墩店）,SBS00038,盐城,"8085566088268668375	",饿了么,平台外卖,已完成,2025-10-20 20:34:26,2025-10-20 20:34:26,2025-10-20 20:34:26,饿了么支付-在线支付,,即时单,2025-10-20 20:34:26,13.07,自动出餐,1,否,"爆款鸡柳桶[香辣]（28.90*1）,咸蛋黄风味流心卷边（9英寸）（6.90*1）,点击右上角❤️免费得小吃（限一份，多点不送）[薯饼2个]（0.00*1）,新奥尔良烤鸡肉披萨-9英寸(手拍)[{""name"":""规格"",""value"":""9英寸(手拍)""}]（36.90*1）,餐盒（3.00*1）",大圣鸡柳三合一+咸蛋黄流沙卷边9+新奥尔良烤鸡肉披萨,,,,非会员,22,,,依据餐量提供餐具,,72.70,50.19,7.00,0.00,0,0,5.61,0.00,3.90,【活动支出】店铺满减:2.00元+【活动支出】饿了么红包:5.00元+【活动支出】替用户承担配送费:3.9元,-,-,-,3.00,江苏区域,江苏直营店,,,否,-,平台配送
圣比萨·披萨·炸鸡（盐城青墩店）,SBS00038,盐城,"8043826088250689959	",饿了么,平台外卖,已完成,2025-10-20 20:37:40,2025-10-20 20:37:40,2025-10-20 20:37:40,饿了么支付-在线支付,,即时单,2025-10-20 20:37:40,13.20,自动出餐,1,否,"点击右上角❤️免费得小吃（限一份，多点不送）[薯饼2个]（0.00*1）,新奥尔良烤鸡肉披萨-7英寸(手拍)[{""name"":""规格"",""value"":""7英寸(手拍)""}]（28.90*1）,餐盒（2.00*1）",新奥尔良烤鸡肉披萨,,,,非会员,23,,,依据餐量提供餐具,,28.90,18.38,5.00,0.00,0,0,2.02,0.00,2.40,【活动支出】饿了么红包:5.00元+【活动支出】替用户承担配送费:2.4元,-,-,-,2.00,江苏区域,江苏直营店,,,否,-,平台配送
圣比萨·披萨·炸鸡（盐城青墩店）,SBS00038,盐城,"8000220254446967254	",饿了么,平台外卖,已完成,2025-10-20 20:42:10,2025-10-20 20:42:10,2025-10-20 20:42:10,饿了么支付-在线支付,,即时单,2025-10-20 20:42:10,13.15,自动出餐,1,否,"大圣鸡排[香辣]（6.90*1）,榴莲王披萨-7英寸(手拍)[{""name"":""规格"",""value"":""7英寸(手拍)""}]（36.90*1）,点击右上角❤️免费得小吃（限一份，多点不送）[上校鸡块2个]（0.00*1）,餐盒（3.00*1）",大圣鸡排+榴莲王披萨+上校鸡块2个,,,,非会员,24,,,多加点芝士榴莲 / 依据餐量提供餐具,,43.80,30.20,6.00,0.00,0,0,3.30,0.00,2.40,【活动支出】店铺满减:1.00元+【活动支出】饿了么红包:5.00元+【活动支出】淘金币:0.00元+【活动支出】替用户承担配送费:2.4元,-,-,-,3.00,江苏区域,江苏直营店,,,否,-,平台配送
圣比萨·披萨·炸鸡（盐城青墩店）,SBS00038,盐城,"8032000254346803566	",饿了么,平台外卖,已完成,2025-10-20 21:04:44,2025-10-20 21:04:44,2025-10-20 21:04:45,饿了么支付-在线支付,,即时单,2025-10-20 21:04:44,13.17,自动出餐,1,否,"新奥尔良烤鸡肉披萨-7英寸(手拍)[{""name"":""规格"",""value"":""7英寸(手拍)""}]（28.90*1）,餐盒（2.00*1）",新奥尔良烤鸡肉披萨,,,,非会员,25,,,依据餐量提供餐具,,28.90,16.96,5.00,0.00,0,0,1.94,0.00,3.40,【活动支出】饿了么红包:5.00元+【活动支出】替用户承担配送费:3.4元,-,-,-,2.00,江苏区域,江苏直营店,,,否,-,平台配送
圣比萨·披萨·炸鸡（盐城青墩店）,SBS00038,盐城,"8078390254369944908	",饿了么,平台外卖,已完成,2025-10-20 21:12:54,2025-10-20 21:12:54,2025-10-20 21:12:54,饿了么支付-在线支付,,即时单,2025-10-20 21:12:54,13.10,自动出餐,1,否,"新奥尔良烤鸡肉披萨-7英寸(手拍)[{""name"":""规格"",""value"":""7英寸(手拍)""}]（28.90*1）,餐盒（2.00*1）",新奥尔良烤鸡肉披萨,,,,非会员,26,,,依据餐量提供餐具,,28.90,16.27,5.00,0.00,0,0,1.93,0.00,6.40,【活动支出】饿了么红包:5.00元+【活动支出】替用户承担配送费:5.0元,-,-,-,2.00,江苏区域,江苏直营店,,,否,-,平台配送
圣比萨·披萨·炸鸡（盐城青墩店）,SBS00038,盐城,"8083576088261921068	",饿了么,平台外卖,已完成,2025-10-20 21:13:32,2025-10-20 21:13:32,2025-10-20 21:13:32,饿了么支付-在线支付,,即时单,2025-10-20 21:13:32,13.05,自动出餐,1,否,"爆款鸡柳桶[孜然]（28.90*1）,新奥尔良烤鸡肉披萨-7英寸(手拍)[{""name"":""规格"",""value"":""7英寸(手拍)""}]（28.90*1）,餐盒（3.00*1）",大圣鸡柳三合一+新奥尔良烤鸡肉披萨,,,,非会员,27,,,依据餐量提供餐具,,57.80,38.65,8.00,0.00,0,0,4.25,0.00,3.40,【活动支出】店铺满减:2.00元+【活动支出】精准营销:1.00元+【活动支出】饿了么红包:5.00元+【活动支出】替用户承担配送费:3.4元,-,-,-,3.00,江苏区域,江苏直营店,,,否,-,平台配送
圣比萨·披萨·炸鸡（盐城青墩店）,SBS00038,盐城,"8049140254381235627	",饿了么,平台外卖,已完成,2025-10-20 21:32:26,2025-10-20 21:32:26,2025-10-20 21:32:26,饿了么支付-在线支付,,即时单,2025-10-20 21:32:26,13.13,自动出餐,1,否,"新奥尔良烤鸡肉披萨-9英寸(手拍)[{""name"":""规格"",""value"":""9英寸(手拍)""}]（36.90*1）,餐盒（2.00*1）",新奥尔良烤鸡肉披萨,,,,非会员,28,,,3份餐具,,36.90,22.76,6.00,0.00,0,0,2.54,0.00,3.40,【活动支出】店铺满减:1.00元+【活动支出】饿了么红包:5.00元+【活动支出】替用户承担配送费:3.4元,-,-,-,2.00,江苏区域,江苏直营店,,,否,-,平台配送
圣比萨·披萨·炸鸡（盐城青墩店）,SBS00038,盐城,"8068400254383375679	",饿了么,平台外卖,已完成,2025-10-20 21:50:44,2025-10-20 21:50:44,2025-10-20 21:50:44,饿了么支付-在线支付,,即时单,2025-10-20 21:50:44,13.18,自动出餐,1,否,"爆款鸡柳桶[甘梅]（28.90*1）,奶酪芝士卷边（9英寸）（6.90*1）,新奥尔良烤鸡肉披萨-9英寸(手拍)[{""name"":""规格"",""value"":""9英寸(手拍)""}]（36.90*1）,餐盒（3.00*1）",大圣鸡柳三合一+奶酪芝士卷边9+新奥尔良烤鸡肉披萨,,,,非会员,29,,,骑手可以先加我微信我发定位18796522182 / 依据餐量提供餐具,,72.70,49.69,7.00,0.00,0,0,5.61,0.00,4.90,【活动支出】店铺满减:2.00元+【活动支出】饿了么红包:5.00元+【活动支出】替用户承担配送费:4.9元,-,-,-,3.00,江苏区域,江苏直营店,,,否,-,平台配送
圣比萨·披萨·炸鸡（盐城青墩店）,SBS00038,盐城,"8030360254379315634	",饿了么,平台外卖,已完成,2025-10-20 21:54:29,2025-10-20 21:54:29,2025-10-20 21:54:30,饿了么支付-在线支付,,即时单,2025-10-20 21:54:29,13.22,自动出餐,1,否,"经典奥尔良三件套（鸡排一片＋可乐）[香辣]（39.90*1）,餐盒（1.00*1）",经典奥尔良三件套（鸡排一片＋可乐）[香辣]+餐盒,,,,非会员,30,,,依据餐量提供餐具,,39.90,23.99,6.00,0.00,0,0,2.71,0.00,3.40,【活动支出】店铺满减:1.00元+【活动支出】饿了么红包:5.00元+【活动支出】替用户承担配送费:3.4元,-,-,-,1.00,江苏区域,江苏直营店,,,否,-,平台配送
圣比萨·披萨·炸鸡（盐城青墩店）,SBS00038,盐城,"8047546088232723776	",饿了么,平台外卖,已完成,2025-10-20 21:58:36,2025-10-20 21:58:36,2025-10-20 21:58:36,饿了么支付-在线支付,,即时单,2025-10-20 21:58:36,13.02,自动出餐,1,否,"咸蛋黄风味流心卷边（9英寸）（6.90*1）,新奥尔良烤鸡肉披萨-9英寸(手拍)[{""name"":""规格"",""value"":""9英寸(手拍)""}]（36.90*1）,餐盒（2.00*1）",咸蛋黄流沙卷边9+新奥尔良烤鸡肉披萨,,,,非会员,31,,,"对骑手, 请提前电话联系 / 5份餐具",,43.80,23.26,7.00,0.00,0,0,3.04,0.00,5.90,【活动支出】店铺满减:1.00元+【活动支出】精准营销:1.00元+【活动支出】饿了么红包:5.00元+【活动支出】替用户承担配送费:5.0元,-,-,-,2.00,江苏区域,江苏直营店,,,否,-,平台配送
圣比萨·披萨·炸鸡（盐城青墩店）,SBS00038,盐城,"8087586088303083811	",饿了么,平台外卖,已完成,2025-10-20 22:36:46,2025-10-20 22:36:46,2025-10-20 22:36:47,饿了么支付-在线支付,,即时单,2025-10-20 22:36:46,13.12,手动出餐,1,否,"咸蛋黄风味流沙卷边（7英寸）（4.90*1）,蛋挞一个（6.90*2）,新奥尔良烤鸡肉披萨-7英寸(手拍)[{""name"":""规格"",""value"":""7英寸(手拍)""}]（28.90*1）,餐盒（3.00*1）",咸蛋黄流沙卷边7+蛋挞1个+新奥尔良烤鸡肉披萨,,,,非会员,32,,,1份餐具,,47.60,31.02,6.00,0.00,0,0,3.53,0.00,4.40,【活动支出】店铺满减:1.00元+【活动支出】饿了么红包:5.00元+【活动支出】替用户承担配送费:4.4元,-,-,-,3.00,江苏区域,江苏直营店,,,否,-,平台配送
圣比萨（平阳水头店）,SBM00029,温州,"8009380254167358778	",饿了么,平台外卖,已完成,2025-10-20 11:00:54,2025-10-20 11:00:54,2025-10-20 11:00:54,饿了么支付-在线支付,,即时单,2025-10-20 11:00:54,15.47,手动出餐,1,否,"咸蛋黄边（10.00*1）,奥尔良烤鸡肉披萨-7寸[{""name"":""规格"",""value"":""7寸""}]（45.00*1）,餐盒（1.00*1）",新奥尔良烤鸡肉披萨,,,,非会员,1,,,依据餐量提供餐具,,55.00,19.18,27.10,0.00,0,0,2.67,0.00,3.50,【活动支出】单品特价:19.10元+【活动支出】饿了么红包:8.00元+【活动支出】替用户承担配送费:3.5元,-,-,-,1.00,温州区域,温州加盟,,,否,-,平台配送
圣比萨（平阳水头店）,SBM00029,温州,"8035280254139337042	",饿了么,平台外卖,已完成,2025-10-20 11:55:20,2025-10-20 11:55:20,2025-10-20 11:55:20,饿了么支付-在线支付,,即时单,2025-10-20 11:55:20,12.03,手动出餐,1,否,"榴莲披萨-7寸[{""name"":""规格"",""value"":""7寸""}]（62.00*1）,餐盒（1.00*1）",榴莲王披萨,,,,非会员,2,,,1份餐具,,62.00,18.18,34.10,0.00,0,0,2.67,0.00,3.50,【活动支出】店铺满减:4.00元+【活动支出】单品特价:22.10元+【活动支出】超级会员专享红包:8.00元+【活动支出】 商家自营销加码:0.00元+【活动支出】替用户承担配送费:3.5元,-,-,-,1.00,温州区域,温州加盟,,,否,-,平台配送
圣比萨（平阳水头店）,SBM00029,温州,"8086816088076034455	",饿了么,平台外卖,已完成,2025-10-20 13:07:22,2025-10-20 13:07:22,2025-10-20 13:07:23,饿了么支付-在线支付,,即时单,2025-10-20 13:07:22,12.65,手动出餐,1,否,"深海墨鱼丸-3个[{""name"":""规格"",""value"":""3个""}]（10.60*1）,鲜虾菠萝披萨-7寸[{""name"":""规格"",""value"":""7寸""}]（45.00*1）,地道肠（3.90*1）,餐盒（3.00*1）",深海墨鱼丸+鲜虾菠萝披萨+地道肠1根,,,,非会员,3,,,对骑手：放楼下电梯里，谢谢 / 依据餐量提供餐具,,59.50,17.10,33.80,0.00,0,0,2.65,0.00,4.50,【活动支出】店铺满减:4.00元+【活动支出】单品特价:4.70元+【活动支出】单品特价:17.10元+【活动支出】饿了么红包:8.00元+【活动支出】替用户承担配送费:4.5元,-,-,-,3.00,温州区域,温州加盟,,,否,-,平台配送
圣比萨（平阳水头店）,SBM00029,温州,"8081480254095290852	",饿了么,平台外卖,已完成,2025-10-20 13:55:23,2025-10-20 13:55:23,2025-10-20 13:55:23,饿了么支付-在线支付,,即时单,2025-10-20 13:55:23,14.23,手动出餐,1,否,"【任选】披萨随心配（35.90*1）,餐盒（1.00*1）",深海墨鱼丸(3个)+可乐+新奥尔良烤鸡肉披萨(7英寸(手拍)),,,,非会员,4,,,依据餐量提供餐具,,35.90,19.18,8.00,0.00,0,0,2.67,0.00,3.50,【活动支出】饿了么红包:8.00元+【活动支出】替用户承担配送费:3.5元,-,-,-,1.00,温州区域,温州加盟,,,否,-,平台配送
圣比萨（平阳水头店）,SBM00029,温州,"8040190254284364119	",饿了么,平台外卖,已完成,2025-10-20 14:16:01,2025-10-20 14:16:01,2025-10-20 14:16:01,饿了么支付-在线支付,,即时单,2025-10-20 14:16:01,16.47,手动出餐,1,否,"红薯边（10.00*1）,奥尔良烤鸡肉披萨-7寸[{""name"":""规格"",""value"":""7寸""}]（45.00*1）,餐盒（1.00*1）",新奥尔良烤鸡肉披萨,,,,非会员,5,,,1份餐具,,55.00,20.08,26.10,0.00,0,0,2.77,0.00,3.50,【活动支出】单品特价:19.10元+【活动支出】饿了么红包:7.00元+【活动支出】替用户承担配送费:3.5元,-,-,-,1.00,温州区域,温州加盟,,,否,-,平台配送
圣比萨（平阳水头店）,SBM00029,温州,"8001766088111881589	",饿了么,平台外卖,已完成,2025-10-20 15:09:12,2025-10-20 15:09:12,2025-10-20 15:09:12,饿了么支付-在线支付,,即时单,2025-10-20 15:09:12,32.70,手动出餐,1,否,"紫薯边（10.00*1）,奥尔良烤鸡肉披萨-7寸[{""name"":""规格"",""value"":""7寸""}]（45.00*1）,餐盒（1.00*1）",新奥尔良烤鸡肉披萨,,,,非会员,6,,,依据餐量提供餐具,,55.00,17.38,27.10,0.00,0,0,2.67,0.00,6.20,【活动支出】单品特价:19.10元+【活动支出】饿了么红包:8.00元+【活动支出】替用户承担配送费:5.0元,-,-,-,1.00,温州区域,温州加盟,,,否,-,平台配送
圣比萨（平阳水头店）,SBM00029,温州,"8000450254324211084	",饿了么,平台外卖,已完成,2025-10-20 16:33:42,2025-10-20 16:33:42,2025-10-20 16:33:42,饿了么支付-在线支付,,即时单,2025-10-20 16:33:42,16.12,手动出餐,1,否,"浪漫威尼斯披萨-9寸[{""name"":""规格"",""value"":""9寸""}]（75.00*1）,蛋挞一个（原味）（3.90*2）,餐盒（2.00*1）",浪漫威尼斯披萨+蛋挞1个,,,,非会员,7,,,依据餐量提供餐具,,82.80,18.07,56.70,0.00,0,0,2.58,0.00,3.50,【活动支出】店铺满减:4.00元+【活动支出】单品特价:39.10元+【活动支出】单品特价:7.60元+【活动支出】饿了么红包:6.00元+【活动支出】替用户承担配送费:3.5元,-,-,-,2.00,温州区域,温州加盟,,,否,-,平台配送
圣比萨（平阳水头店）,SBM00029,温州,"8027210254228843807	",饿了么,平台外卖,已完成,2025-10-20 16:39:30,2025-10-20 16:39:30,2025-10-20 16:39:30,饿了么支付-在线支付,,即时单,2025-10-20 16:39:30,15.95,手动出餐,1,否,"蛋挞一个（原味）（3.90*2）,【任选】披萨随心配（43.80*1）,餐盒（2.00*1）",蛋挞1个+盐酥鸡粒+柠檬茶+大圣招牌大满贯披萨(7英寸(手拍)),,,,非会员,8,,,依据餐量提供餐具,,51.60,21.85,20.60,0.00,0,0,3.10,0.00,3.50,【活动支出】店铺满减:4.00元+【活动支出】单品特价:7.60元+【活动支出】饿了么红包:9.00元+【活动支出】替用户承担配送费:3.5元,-,-,-,2.00,温州区域,温州加盟,,,否,-,平台配送
圣比萨（平阳水头店）,SBM00029,温州,"8012440254343486789	",饿了么,平台外卖,已完成,2025-10-20 17:11:57,2025-10-20 17:11:57,2025-10-20 17:11:57,饿了么支付-在线支付,,即时单,2025-10-20 17:11:57,13.25,手动出餐,1,否,"盐酥鸡粒（21.00*1）,奥尔良烤鸡肉披萨-7寸[{""name"":""规格"",""value"":""7寸""}]（45.00*1）,餐盒（2.00*1）",盐酥鸡粒+新奥尔良烤鸡肉披萨,,,,非会员,9,,,依据餐量提供餐具,,66.00,20.88,37.20,0.00,0,0,2.87,0.00,3.50,【活动支出】单品特价:11.10元+【活动支出】单品特价:19.10元+【活动支出】饿了么红包:7.00元+【活动支出】替用户承担配送费:3.5元,-,-,-,2.00,温州区域,温州加盟,,,否,-,平台配送
圣比萨（平阳水头店）,SBM00029,温州,"8053556088138462602	",饿了么,平台外卖,已完成,2025-10-20 17:18:44,2025-10-20 17:18:44,2025-10-20 17:18:44,饿了么支付-在线支付,,即时单,2025-10-20 17:18:44,12.57,手动出餐,1,否,"咖喱鸡肉芝士焗饭（25.90*1）,餐盒（1.00*1）",咖喱鸡肉芝士焗饭,,,,非会员,10,,,对骑手，帮我放房间里面来，我家门不好打开麻烦多按几次就可以打开，谢谢！ / 1份餐具,,25.90,13.22,6.00,0.00,0,0,1.83,0.00,3.50,【活动支出】 商家自营销加码:1.00元+【活动支出】饿了么红包:5.00元+【活动支出】替用户承担配送费:3.5元,-,-,-,1.00,温州区域,温州加盟,,,否,-,平台配送
圣比萨（平阳水头店）,SBM00029,温州,"8015676088190484872	",饿了么,平台外卖,已完成,2025-10-20 19:36:04,2025-10-20 19:36:04,2025-10-20 19:36:04,饿了么支付-在线支付,,即时单,2025-10-20 19:36:04,14.40,手动出餐,1,否,"榴莲披萨-7寸[{""name"":""规格"",""value"":""7寸""}]（62.00*1）,餐盒（1.00*1）",榴莲王披萨,,,,非会员,11,,,1份餐具,,62.00,18.18,34.10,0.00,0,0,2.67,0.00,3.50,【活动支出】店铺满减:4.00元+【活动支出】单品特价:22.10元+【活动支出】饿了么红包:8.00元+【活动支出】替用户承担配送费:3.5元,-,-,-,1.00,温州区域,温州加盟,,,否,-,平台配送
圣比萨（平阳水头店）,SBM00029,温州,"8080120254236191216	",饿了么,平台外卖,已完成,2025-10-20 19:42:08,2025-10-20 19:42:08,2025-10-20 19:42:08,饿了么支付-在线支付,,即时单,2025-10-20 19:42:08,10.92,手动出餐,1,否,"番茄牛肉意面（23.90*1）,餐盒（1.00*1）",番茄牛肉意面,,,,非会员,12,,,依据餐量提供餐具,,23.90,16.20,0,0.00,0,0,2.25,0.00,3.50,-,-,-,-,1.00,温州区域,温州加盟,,,否,-,平台配送
圣比萨（平阳水头店）,SBM00029,温州,"8055896088226066738	",饿了么,平台外卖,已完成,2025-10-20 20:15:07,2025-10-20 20:15:07,2025-10-20 20:15:07,饿了么支付-在线支付,,即时单,2025-10-20 20:15:07,20.28,被动出餐,1,否,"碳烤鸡肉培根披萨-7寸[{""name"":""规格"",""value"":""7寸""}]（45.00*1）,金桔柠檬（10.00*1）,餐盒（1.00*1）",碳烤鸡肉培根披萨,,,,非会员,13,,,番茄酱2包 / 依据餐量提供餐具,,55.00,18.89,28.10,0.00,0,0,2.56,0.00,3.50,【活动支出】单品特价:19.10元+【活动支出】粉丝群:2.00元+【活动支出】饿了么红包:7.00元+【活动支出】替用户承担配送费:3.5元,-,-,-,1.00,温州区域,温州加盟,,,否,-,平台配送
圣比萨（平阳水头店）,SBM00029,温州,"8044050254438262134	",饿了么,平台外卖,已完成,2025-10-20 20:25:26,2025-10-20 20:25:26,2025-10-20 20:25:26,饿了么支付-在线支付,,即时单,2025-10-20 20:25:26,11.10,手动出餐,1,否,"缤纷水果披萨-7寸[{""name"":""规格"",""value"":""7寸""}]（42.00*1）,港式奶茶[常温]（9.00*1）,餐盒（3.00*1）",缤纷水果披萨+港式奶茶,,,,非会员,14,,,依据餐量提供餐具,,51.00,21.87,22.10,0.00,0,0,2.98,0.00,3.50,【活动支出】单品特价:18.10元+【活动支出】吃货红包:4.00元+【活动支出】替用户承担配送费:3.5元,-,-,-,3.00,温州区域,温州加盟,,,否,-,平台配送
圣比萨（平阳水头店）,SBM00029,温州,"8098370254367855989	",饿了么,平台外卖,已完成,2025-10-20 21:00:11,2025-10-20 21:00:11,2025-10-20 21:00:11,饿了么支付-在线支付,,即时单,2025-10-20 21:00:11,16.37,手动出餐,1,否,"【任选】披萨随心配（35.90*1）,餐盒（1.00*1）",深海墨鱼丸(3个)+芒果汁+新奥尔良烤鸡肉披萨(7英寸(手拍)),,,,非会员,15,,,依据餐量提供餐具,,35.90,19.58,7.00,0.00,0,0,2.77,0.00,3.50,【活动支出】饿了么红包:7.00元+【活动支出】替用户承担配送费:3.5元,-,-,-,1.00,温州区域,温州加盟,,,否,-,平台配送
圣比萨（平阳水头店）,SBM00029,温州,"8053966088275100048	",饿了么,平台外卖,已完成,2025-10-20 21:07:07,2025-10-20 21:07:07,2025-10-20 21:07:07,饿了么支付-在线支付,,即时单,2025-10-20 21:07:07,15.33,手动出餐,1,否,"【任选】焗饭随心配（33.90*1）,餐盒（1.00*1）",港式奶茶+碳烤鸡肉芝士焗饭+缤纷芝士挞(菠萝味),,,,非会员,16,,,依据餐量提供餐具,,33.90,17.49,8.00,0.00,0,0,2.46,0.00,5.60,【活动支出】 商家自营销加码:1.00元+【活动支出】粉丝群:2.00元+【活动支出】饿了么红包:5.00元+【活动支出】替用户承担配送费:5.0元,-,-,-,1.00,温州区域,温州加盟,,,否,-,平台配送
圣比萨（平阳水头店）,SBM00029,温州,"8005010254388345190	",饿了么,平台外卖,已完成,2025-10-20 22:17:14,2025-10-20 22:17:14,2025-10-20 22:17:14,饿了么支付-在线支付,,即时单,2025-10-20 22:17:14,16.43,手动出餐,1,否,"咸蛋黄边（10.00*1）,明星小食桶B（36.00*1）,披萨专用保温袋一个（2.00*1）,牛肉至尊披萨-7寸[{""name"":""规格"",""value"":""7寸""}]（45.00*1）,餐盒（2.00*1）",明星小食桶B+保温袋+炙热牛魔王披萨,,,,非会员,17,,,1份餐具,,93.00,23.04,55.20,0.00,0,0,3.81,0.00,8.90,【活动支出】店铺满减:7.00元+【活动支出】单品特价:16.10元+【活动支出】单品特价:1.50元+【活动支出】单品特价:19.10元+【活动支出】饿了么红包:11.50元+【活动支出】替用户承担配送费:5.0元,-,-,-,2.00,温州区域,温州加盟,,,否,-,平台配送
圣比萨（平阳水头店）,SBM00029,温州,"8004080254281763207	",饿了么,平台外卖,已完成,2025-10-20 22:24:06,2025-10-20 22:24:06,2025-10-20 22:24:07,饿了么支付-在线支付,,即时单,2025-10-20 22:24:06,13.43,手动出餐,1,否,"上校鸡块一个（3.00*2）,【任选】意面随心配（29.90*1）,餐盒（3.00*1）",上校鸡块1个+番茄牛肉意面+深海墨鱼丸(3个)+芒果汁,,,,非会员,18,,,依据餐量提供餐具,,35.90,17.67,11.80,0.00,0,0,2.48,0.00,5.60,【活动支出】单品特价:5.80元+【活动支出】饿了么红包:6.00元+【活动支出】替用户承担配送费:5.0元,-,-,-,3.00,温州区域,温州加盟,,,否,-,平台配送
圣比萨（平阳水头店）,SBM00029,温州,"8044736088271441232	",饿了么,平台外卖,已完成,2025-10-20 23:16:47,2025-10-20 23:16:47,2025-10-20 23:16:48,饿了么支付-在线支付,,即时单,2025-10-20 23:16:47,22.03,手动出餐,1,否,"上校鸡块一个（3.00*2）,【圣比宠粉】深海墨鱼丸1个（3.00*2）,蛋挞一个（原味）（3.90*2）,个人独享DIY套餐[7寸水果披萨+蛋挞一对+金桔柠檬]（68.00*1）,餐盒（5.00*1）",上校鸡块1个+深海墨鱼丸1个+蛋挞1个+缤纷水果披萨【7英寸(手拍)】,,,,非会员,19,,,依据餐量提供餐具,,87.80,17.26,63.70,0.00,0,0,2.69,0.00,5.60,【活动支出】店铺满减:4.00元+【活动支出】单品特价:5.80元+【活动支出】单品特价:5.80元+【活动支出】单品特价:7.60元+【活动支出】单品特价:31.50元+【活动支出】粉丝群:2.00元+【活动支出】饿了么红包:7.00元+【活动支出】替用户承担配送费:5.0元,-,-,-,5.00,温州区域,温州加盟,,,否,-,平台配送
圣比萨（平阳水头店）,SBM00029,温州,"8042526088287244639	",饿了么,平台外卖,已完成,2025-10-20 23:20:34,2025-10-20 23:20:34,2025-10-20 23:20:35,饿了么支付-在线支付,,即时单,2025-10-20 23:20:34,18.28,手动出餐,1,否,"上校鸡块一个（3.00*2）,双拼披萨-7英寸（经典手拍）[奥尔良鸡肉披萨+鲜虾菠萝披萨][{""name"":""规格"",""value"":""7英寸（经典手拍）""}]（29.90*1）,川香脆皮翅根-两个[{""name"":""规格"",""value"":""两个""}]（12.90*1）,可乐[冷]（5.00*1）,餐盒（4.00*1）",上校鸡块1个+可乐,,,,非会员,20,,,依据餐量提供餐具,,53.80,32.96,9.82,0.00,0,0,4.67,0.00,5.60,【活动支出】店铺满减:4.00元+【活动支出】单品特价:5.80元+【活动支出】单品特价:0.02元+【活动支出】替用户承担配送费:5.0元,-,-,-,4.00,温州区域,温州加盟,,,否,-,平台配送
圣比萨（新城店）,SBS00003,温州,"8061696087895782761	",饿了么,平台外卖,已完成,2025-10-20 00:10:46,2025-10-20 00:10:46,2025-10-20 00:10:47,饿了么支付-在线支付,,即时单,2025-10-20 00:10:46,10.18,自动出餐,1,否,手握三选一-单点[日式照烧]（20.00*1）,日式烧鸟风味一人食盒子披萨,,,,非会员,1,,,依据餐量提供餐具,,20.00,10.00,0.00,0.00,0,0,0.00,0.00,,【活动支出】爆品团通吃券:0.00元,-,-,-,0.00,温州区域,温州加盟,,,否,-,平台配送
圣比萨（新城店）,SBS00003,温州,"8066926087859113302	",饿了么,平台外卖,已完成,2025-10-20 00:12:34,2025-10-20 00:12:34,2025-10-20 00:12:34,饿了么支付-在线支付,,即时单,2025-10-20 00:12:34,9.23,手动出餐,1,否,"奥尔良烤鸡肉披萨-7英寸(经典手拍)[{""name"":""规格"",""value"":""7英寸(经典手拍)""}]（45.00*1）,餐盒（2.00*1）",新奥尔良烤鸡肉披萨,,,,非会员,2,,,1份餐具,,45.00,12.62,26.10,0.00,0,0,1.43,0.00,6.10,【活动支出】单品特价:21.10元+【活动支出】饿了么红包:5.00元+【活动支出】替用户承担配送费:5.0元,-,-,-,2.00,温州区域,温州加盟,,,否,-,平台配送
圣比萨（新城店）,SBS00003,温州,"8044380253896588635	",饿了么,平台外卖,已完成,2025-10-20 00:14:00,2025-10-20 00:14:00,2025-10-20 00:14:00,饿了么支付-在线支付,,即时单,2025-10-20 00:14:00,7.83,手动出餐,1,否,手握三选一-单点[奥尔良]（20.00*1）,奥尔良风情烤鸡肉一人食盒子披萨,,,,非会员,3,,,依据餐量提供餐具,,20.00,10.00,0.00,0.00,0,0,0.00,0.00,,【活动支出】爆品团通吃券:0.00元,-,-,-,0.00,温州区域,温州加盟,,,否,-,平台配送
圣比萨（新城店）,SBS00003,温州,"8009506087884545403	",饿了么,平台外卖,已完成,2025-10-20 01:02:14,2025-10-20 01:02:14,2025-10-20 01:02:15,饿了么支付-在线支付,,即时单,2025-10-20 01:02:14,10.17,自动出餐,1,否,"披萨随心配（65.30*1）,餐盒（2.00*1）",新奥尔良烤鸡肉披萨(7英寸(手拍))+薯饼2个+深海墨鱼丸2个+蛋挞1个,,,,非会员,4,,,依据餐量提供餐具,,65.30,19.78,37.50,0.00,0,0,1.97,0.00,5.60,【活动支出】单品特价:30.50元+【活动支出】饿了么红包:7.00元+【活动支出】替用户承担配送费:5.0元,-,-,-,2.00,温州区域,温州加盟,,,否,-,平台配送
圣比萨（新城店）,SBS00003,温州,"8062120254092684742	",饿了么,平台外卖,已完成,2025-10-20 01:05:25,2025-10-20 01:05:25,2025-10-20 01:05:25,饿了么支付-在线支付,,即时单,2025-10-20 01:05:25,10.23,自动出餐,1,否,"碳烤鸡肉芝士焗饭（52.00*1）,餐盒（1.00*1）",碳烤鸡肉芝士焗饭,,,,非会员,5,,,依据餐量提供餐具,,52.00,11.39,30.10,0.00,0,0,1.46,0.00,9.50,【活动支出】单品特价:24.10元+【活动支出】超级会员专享红包:5.00元+【活动支出】 商家自营销加码:1.00元+【活动支出】替用户承担配送费:5.0元,-,-,-,1.00,温州区域,温州加盟,,,否,-,平台配送
圣比萨（新城店）,SBS00003,温州,"8049756087973108140	",饿了么,平台外卖,已完成,2025-10-20 11:10:13,2025-10-20 11:10:13,2025-10-20 11:10:14,饿了么支付-在线支付,,即时单,2025-10-20 11:10:13,12.22,自动出餐,1,否,"披萨随心配（65.30*1）,餐盒（2.00*1）",日系照烧鸡披萨(7英寸(手拍))+盐酥鸡米花小份+蛋挞1个+上校鸡块2个,,,,非会员,6,,,依据餐量提供餐具；手机尾号：0703；接力送,,65.30,19.85,38.50,0.00,0,0,1.90,0.00,3.50,【活动支出】单品特价:30.50元+【活动支出】饿了么红包:0.00元+【活动支出】超会爆红包省钱包:8.00元+【活动支出】替用户承担配送费:3.5元,-,-,-,2.00,温州区域,温州加盟,,,否,-,平台配送
圣比萨（新城店）,SBS00003,温州,"8091390254234013142	",饿了么,平台外卖,已完成,2025-10-20 16:19:03,2025-10-20 16:19:03,2025-10-20 16:19:03,饿了么支付-在线支付,,即时单,2025-10-20 16:19:03,9.68,手动出餐,1,否,手握三选一-单点[缤纷水果]（20.00*1）,热带雨林水果一人食盒子披萨,,,,非会员,7,,,依据餐量提供餐具,,20.00,10.00,0.00,0.00,0,0,0.00,0.00,,【活动支出】爆品团通吃券:0.00元,-,-,-,0.00,温州区域,温州加盟,,,否,-,平台配送
圣比萨（新城店）,SBS00003,温州,"8000370254342404420	",饿了么,平台外卖,已完成,2025-10-20 17:20:25,2025-10-20 17:20:25,2025-10-20 17:20:25,饿了么支付-在线支付,,即时单,2025-10-20 17:20:25,8.97,手动出餐,1,否,"【甜而不腻】玉米沙拉披萨[7英寸玉米沙拉披萨]（42.00*1）,餐盒（2.00*1）",玉米沙拉披萨【7英寸(手拍)】,,,,非会员,8,,,依据餐量提供餐具,,42.00,10.72,25.10,0.00,0,0,1.43,0.00,4.50,【活动支出】单品特价:19.10元+【活动支出】超级会员专享红包:5.00元+【活动支出】 商家自营销加码:1.00元+【活动支出】替用户承担配送费:4.5元,-,-,-,2.00,温州区域,温州加盟,,,否,-,平台配送
圣比萨（新城店）,SBS00003,温州,"8059736088134900005	",饿了么,平台外卖,已完成,2025-10-20 17:48:39,2025-10-20 17:48:39,2025-10-20 17:48:40,饿了么支付-在线支付,,即时单,2025-10-20 17:48:39,12.02,自动出餐,1,否,"7英寸披萨一人食土豪餐[碳烤鸡肉培根7英寸+盐酥鸡米花小份+地道肠1根+港式奶茶]（70.00*1）,餐盒（2.00*1）",碳烤鸡肉培根披萨【7英寸(手拍)】+盐酥鸡米花小份+地道肠【1根】+港式奶茶,,,,非会员,9,,,无接触配送，挂门把手上 / 依据餐量提供餐具,,70.00,19.94,43.10,0.00,0,0,1.91,0.00,3.50,【活动支出】单品特价:35.10元+【活动支出】超级会员专享红包:8.00元+【活动支出】 商家自营销加码:0.00元+【活动支出】替用户承担配送费:3.5元,-,-,-,2.00,温州区域,温州加盟,,,否,-,平台配送
圣比萨（新城店）,SBS00003,温州,"8008330254377311677	",饿了么,平台外卖,已完成,2025-10-20 18:06:29,2025-10-20 18:06:29,2025-10-20 18:06:30,饿了么支付-在线支付,,即时单,2025-10-20 18:06:29,9.22,手动出餐,1,否,"芝士焗饭一人食套餐[上校鸡块4个+港式奶茶+碳烤鸡肉芝士焗饭]（61.00*1）,餐盒（2.00*1）",上校鸡块+港式奶茶+碳烤鸡肉芝士焗饭,,,,非会员,10,,,依据餐量提供餐具,,61.00,20.87,33.10,0.00,0,0,1.98,0.00,3.50,【活动支出】单品特价:29.10元+【活动支出】吃货红包:4.00元+【活动支出】替用户承担配送费:3.5元,-,-,-,2.00,温州区域,温州加盟,,,否,-,平台配送
圣比萨（新城店）,SBS00003,温州,"8008390254282022361	",饿了么,平台外卖,已完成,2025-10-20 18:21:17,2025-10-20 18:21:17,2025-10-20 18:21:17,饿了么支付-在线支付,,即时单,2025-10-20 18:21:17,8.65,手动出餐,1,否,"点击右上角❤️收藏得小吃[上校鸡块2个]（2.00*1）,7英寸披萨一人食土豪餐[碳烤鸡肉培根7英寸+盐酥鸡米花小份+深海墨鱼丸3个+小可乐]（70.00*1）,餐盒（2.50*1）",上校鸡块2个+碳烤鸡肉培根披萨【7英寸(手拍)】+盐酥鸡米花小份+深海墨鱼丸3个+小可乐,,,,非会员,11,,,依据餐量提供餐具；手机尾号：6770；接力送,,72.00,21.42,44.00,0.00,0,0,2.03,0.00,3.50,【活动支出】单品特价:1.90元+【活动支出】单品特价:35.10元+【活动支出】饿了么红包:7.00元+【活动支出】替用户承担配送费:3.5元,-,-,-,2.50,温州区域,温州加盟,,,否,-,平台配送
圣比萨（新城店）,SBS00003,温州,"8057080254305323283	",饿了么,平台外卖,已完成,2025-10-20 18:23:32,2025-10-20 18:23:32,2025-10-20 18:23:32,饿了么支付-在线支付,,即时单,2025-10-20 18:23:32,12.15,自动出餐,1,否,"圣比招牌披萨-7英寸(经典手拍)[{""name"":""规格"",""value"":""7英寸(经典手拍)""}]（45.00*1）,奶酪芝士卷边（7英寸）（4.90*1）",大圣招牌大满贯披萨+奶酪芝士卷边7,,,,非会员,12,,,依据餐量提供餐具,,49.90,19.90,21.70,0.00,0,0,1.85,0.00,3.50,【活动支出】单品特价:21.70元+【活动支出】替用户承担配送费:3.5元,-,-,-,0.00,温州区域,温州加盟,,,否,-,平台配送
圣比萨（新城店）,SBS00003,温州,"8050060254319153409	",饿了么,平台外卖,已完成,2025-10-20 19:34:40,2025-10-20 19:34:40,2025-10-20 19:34:40,饿了么支付-在线支付,,即时单,2025-10-20 19:34:40,9.32,手动出餐,1,否,"圣比招牌披萨-7英寸(经典手拍)[{""name"":""规格"",""value"":""7英寸(经典手拍)""}]（45.00*1）,餐盒（2.00*1）",大圣招牌大满贯披萨,,,,非会员,13,,,依据餐量提供餐具,,45.00,19.62,19.10,0.00,0,0,1.83,0.00,3.50,【活动支出】单品特价:13.10元+【活动支出】饿了么红包:6.00元+【活动支出】替用户承担配送费:3.5元,-,-,-,2.00,温州区域,温州加盟,,,否,-,平台配送
圣比萨（新城店）,SBS00003,温州,"8041340254351559024	",饿了么,平台外卖,已完成,2025-10-20 20:10:44,2025-10-20 20:10:44,2025-10-20 20:10:44,饿了么支付-在线支付,,即时单,2025-10-20 20:10:44,10.15,自动出餐,1,否,"咸蛋黄风味流沙卷边（7英寸）（4.90*1）,点击右上角❤️收藏得小吃[墨鱼丸1个]（2.00*1）,鲜虾菠萝披萨-7英寸[{""name"":""规格"",""value"":""7英寸""}]（45.00*1）,餐盒（2.50*1）",咸蛋黄流沙卷边7+深海墨鱼丸1个+鲜虾菠萝披萨,,,,非会员,14,,,依据餐量提供餐具,,51.90,20.41,25.00,0.00,0,0,1.94,0.00,3.50,【活动支出】店铺满减:1.00元+【活动支出】单品特价:1.90元+【活动支出】单品特价:13.10元+【活动支出】饿了么红包:9.00元+【活动支出】替用户承担配送费:3.5元,-,-,-,2.50,温州区域,温州加盟,,,否,-,平台配送
圣比萨（新城店）,SBS00003,温州,"8037616088209375657	",饿了么,平台外卖,已完成,2025-10-20 20:39:38,2025-10-20 20:39:38,2025-10-20 20:39:38,饿了么支付-在线支付,,即时单,2025-10-20 20:39:38,10.17,自动出餐,1,否,"咸蛋黄风味流沙卷边（7英寸）（4.90*1）,【随心拼】7英寸披萨(口味自选）[奥尔良+培根鸡肉]（54.00*1）,餐盒（2.00*1）",咸蛋黄流沙卷边7+双拼7寸【奥尔良口味7】+双拼7寸【碳烤鸡肉培根口味7】,,,,非会员,15,,,1份餐具,,58.90,19.81,31.50,0.00,0,0,1.94,0.00,3.50,【活动支出】单品特价:27.50元+【活动支出】吃货红包:4.00元+【活动支出】替用户承担配送费:3.5元,-,-,-,2.00,温州区域,温州加盟,,,否,-,平台配送
圣比萨（新城店）,SBS00003,温州,"8088606088299903365	",饿了么,平台外卖,已完成,2025-10-20 22:43:44,2025-10-20 22:43:44,2025-10-20 22:43:44,饿了么支付-在线支付,,即时单,2025-10-20 22:43:44,10.00,自动出餐,1,否,"圣比招牌披萨-7英寸(经典手拍)[{""name"":""规格"",""value"":""7英寸(经典手拍)""}]（45.00*1）,奶酪芝士卷边（7英寸）（4.90*1）,翅薯组合（26.00*1）,深海墨鱼丸六个（18.00*1）,芝士就是力量（10.00*1）,餐盒（6.00*1）",大圣招牌大满贯披萨+奶酪芝士卷边7+翅薯组合+深海墨鱼丸【6个】+芝士就是力量,,,,非会员,16,,,依据餐量提供餐具,,103.90,55.34,37.00,0.00,0,0,5.21,0.00,5.60,【活动支出】单品特价:21.70元+【活动支出】单品特价:6.10元+【活动支出】单品特价:6.20元+【活动支出】单品特价:3.00元+【活动支出】替用户承担配送费:5.0元,-,-,-,6.00,温州区域,温州加盟,,,否,-,平台配送
圣比萨（新城店）,SBS00003,温州,"8061200254473439693	",饿了么,平台外卖,已完成,2025-10-20 22:53:33,2025-10-20 22:53:33,2025-10-20 22:53:33,饿了么支付-在线支付,,即时单,2025-10-20 22:53:33,7.10,手动出餐,1,否,"奶酪芝士卷边（7英寸）（4.90*1）,鲜虾菠萝披萨-7英寸[{""name"":""规格"",""value"":""7英寸""}]（45.00*1）,餐盒（2.00*1）",奶酪芝士卷边7+鲜虾菠萝披萨,,,,非会员,17,,,1份餐具,,49.90,20.28,22.10,0.00,0,0,1.97,0.00,5.60,【活动支出】店铺满减:1.00元+【活动支出】单品特价:13.10元+【活动支出】饿了么红包:8.00元+【活动支出】替用户承担配送费:5.0元,-,-,-,2.00,温州区域,温州加盟,,,否,-,平台配送
圣比萨·披萨·炸鸡（阜宁益林店）,SBS00039,盐城,"8037030254108305701	",饿了么,平台外卖,已完成,2025-10-20 08:20:35,2025-10-20 08:20:35,2025-10-20 08:20:35,饿了么支付-在线支付,,预约单,2025-10-20 13:20:00,254.65,自动出餐,1,否,"红薯薯泥流心卷边（7英寸）（4.90*1）,日系照烧鸡披萨-7英寸(手拍)[{""name"":""规格"",""value"":""7英寸(手拍)""}]（28.90*1）,碳烤鸡肉培根披萨-7英寸(手拍)[{""name"":""规格"",""value"":""7英寸(手拍)""}]（28.90*1）,奶酪芝士卷边（7英寸）（4.90*1）",红薯泥流心卷边7+日系照烧鸡披萨+碳烤鸡肉培根披萨+奶酪芝士卷边7,,,,非会员,1,,,无需餐具,,67.60,37.96,10.00,0.00,0,0,4.73,0.00,4.00,【活动支出】店铺满减:2.00元+【活动支出】饿了么红包:8.00元+【活动支出】替用户承担配送费:4.0元,-,-,-,0.00,江苏区域,江苏直营店,,,否,-,平台配送
圣比萨·披萨·炸鸡（阜宁益林店）,SBS00039,盐城,"8025080254084243889	",饿了么,平台外卖,已完成,2025-10-20 11:05:27,2025-10-20 11:05:27,2025-10-20 11:05:27,饿了么支付-在线支付,,即时单,2025-10-20 11:05:27,12.23,自动出餐,1,否,"芝士棒（8.50*1）,新奥尔良烤鸡肉披萨-7英寸(手拍)[{""name"":""规格"",""value"":""7英寸(手拍)""}]（28.90*1）,点击右上角❤️免费得小吃（限一份，多点不送）[上校鸡块2个]（0.00*1）,奶酪芝士卷边（7英寸）（4.90*1）,餐盒（0.50*1）",大圣拉丝芝士棒+新奥尔良烤鸡肉披萨+上校鸡块2个+奶酪芝士卷边7,,,,非会员,2,,,1份餐具,,42.30,22.14,7.00,0.00,0,0,3.00,0.00,5.00,【活动支出】店铺满减:1.00元+【活动支出】饿了么红包:6.00元+【活动支出】替用户承担配送费:5.0元,-,-,-,0.50,江苏区域,江苏直营店,,,否,-,平台配送
圣比萨·披萨·炸鸡（阜宁益林店）,SBS00039,盐城,"8091390254007903614	",饿了么,平台外卖,已完成,2025-10-20 11:25:37,2025-10-20 11:25:37,2025-10-20 11:25:37,饿了么支付-在线支付,,即时单,2025-10-20 11:25:37,12.15,自动出餐,1,否,"新奥尔良烤鸡肉披萨-12英寸(手拍)[{""name"":""规格"",""value"":""12英寸(手拍)""}]（58.90*1）,点击右上角❤️免费得小吃（限一份，多点不送）[上校鸡块2个]（0.00*1）,咸蛋黄风味流心卷边（12英寸）（8.90*1）",新奥尔良烤鸡肉披萨+上校鸡块2个+咸蛋黄流沙卷边,,,,非会员,3,,,依据餐量提供餐具,,67.80,38.14,10.00,0.00,0,0,4.75,0.00,4.00,【活动支出】店铺满减:2.00元+【活动支出】饿了么红包:8.00元+【活动支出】替用户承担配送费:4.0元,-,-,-,0.00,江苏区域,江苏直营店,,,否,-,平台配送
圣比萨·披萨·炸鸡（阜宁益林店）,SBS00039,盐城,"8091390254007931326	",饿了么,平台外卖,已完成,2025-10-20 11:29:44,2025-10-20 11:29:44,2025-10-20 11:29:44,饿了么支付-在线支付,,即时单,2025-10-20 11:29:44,12.07,自动出餐,1,否,"小鸡肉串（20串）[孜然]（14.90*2）,餐盒（1.00*1）",大圣小鸡肉串（20串）,,,,非会员,4,,,依据餐量提供餐具,,29.80,15.38,5.00,0.00,0,0,2.16,0.00,4.00,【活动支出】饿了么红包:5.00元+【活动支出】替用户承担配送费:4.0元,-,-,-,1.00,江苏区域,江苏直营店,,,否,-,平台配送
圣比萨·披萨·炸鸡（阜宁益林店）,SBS00039,盐城,"8070996087998107917	",饿了么,平台外卖,已完成,2025-10-20 11:34:52,2025-10-20 11:34:52,2025-10-20 11:34:52,饿了么支付-在线支付,,即时单,2025-10-20 11:34:52,8.70,手动出餐,1,否,"鸡排芝士套餐[孜然]（28.90*1）,点击右上角❤️免费得小吃（限一份，多点不送）[上校鸡块2个]（0.00*1）,餐盒（1.00*1）",上校鸡块2个,,,,非会员,5,,,依据餐量提供餐具,,28.90,14.76,5.00,0.00,0,0,2.09,0.00,4.00,【活动支出】饿了么红包:5.00元+【活动支出】替用户承担配送费:4.0元,-,-,-,1.00,江苏区域,江苏直营店,,,否,-,平台配送
圣比萨·披萨·炸鸡（阜宁益林店）,SBS00039,盐城,"8008506088023424366	",饿了么,平台外卖,已完成,2025-10-20 11:40:46,2025-10-20 11:40:46,2025-10-20 11:40:46,饿了么支付-在线支付,,即时单,2025-10-20 11:40:46,12.23,自动出餐,1,否,"大圣香肠一串[甘梅]（8.50*1）,大圣招牌大满贯披萨-9英寸(手拍)[{""name"":""规格"",""value"":""9英寸(手拍)""}]（46.90*1）,餐盒（0.50*1）",大圣招牌大满贯披萨,,,,非会员,6,,,依据餐量提供餐具,,55.40,32.12,7.00,0.00,0,0,3.91,0.00,4.00,【活动支出】店铺满减:1.00元+【活动支出】饿了么红包:6.00元+【活动支出】替用户承担配送费:4.0元,-,-,-,0.50,江苏区域,江苏直营店,,,否,-,平台配送
圣比萨·披萨·炸鸡（阜宁益林店）,SBS00039,盐城,"8098996088078477672	",饿了么,平台外卖,已完成,2025-10-20 13:15:35,2025-10-20 13:15:35,2025-10-20 13:15:36,饿了么支付-在线支付,,即时单,2025-10-20 13:15:35,12.00,自动出餐,1,否,"日系照烧鸡披萨-7英寸(手拍)[{""name"":""规格"",""value"":""7英寸(手拍)""}]（28.90*1）,奶酪芝士卷边（7英寸）（4.90*1）",日系照烧鸡披萨+奶酪芝士卷边7,,,,非会员,7,,,对骑手放门口谢谢/ 依据餐量提供餐具,,33.80,17.54,5.00,0.00,0,0,2.37,0.00,4.00,【活动支出】饿了么红包:5.00元+【活动支出】替用户承担配送费:4.0元,-,-,-,0.00,江苏区域,江苏直营店,,,否,-,平台配送
圣比萨·披萨·炸鸡（阜宁益林店）,SBS00039,盐城,"8042616088111049048	",饿了么,平台外卖,已完成,2025-10-20 15:24:01,2025-10-20 15:24:01,2025-10-20 15:24:02,饿了么支付-在线支付,,即时单,2025-10-20 15:24:01,10.12,自动出餐,1,否,"新奥尔良烤鸡肉披萨-9英寸(手拍)[{""name"":""规格"",""value"":""9英寸(手拍)""}]（36.90*1）,大圣香肠[孜然]（5.90*1）,咸蛋黄风味流心卷边（9英寸）（6.90*1）,餐盒（0.50*1）",新奥尔良烤鸡肉披萨+大圣香肠1串+咸蛋黄流沙卷边9,,,,非会员,8,,,依据餐量提供餐具,,49.70,26.97,7.00,0.00,0,0,3.51,0.00,6.00,【活动支出】店铺满减:1.00元+【活动支出】饿了么红包:6.00元+【活动支出】替用户承担配送费:5.0元,-,-,-,0.50,江苏区域,江苏直营店,,,否,-,平台配送
圣比萨·披萨·炸鸡（阜宁益林店）,SBS00039,盐城,"8045340254132118865	",饿了么,平台外卖,已完成,2025-10-20 16:22:10,2025-10-20 16:22:10,2025-10-20 16:22:10,饿了么支付-在线支付,,即时单,2025-10-20 16:22:10,9.07,手动出餐,1,否,大圣香肠披萨-单点（14.40*1）,大圣香肠披萨-单点,,,,非会员,9,,,依据餐量提供餐具,,14.40,9.90,0.00,0.00,0,0,0.00,0.00,,【活动支出】单品优惠:0.00元,-,-,-,0.00,江苏区域,江苏直营店,,,否,-,平台配送
圣比萨·披萨·炸鸡（阜宁益林店）,SBS00039,盐城,"8092516088097758547	",饿了么,平台外卖,已完成,2025-10-20 16:42:18,2025-10-20 16:42:18,2025-10-20 16:42:18,饿了么支付-在线支付,,即时单,2025-10-20 16:42:18,10.68,手动出餐,1,否,"新奥尔良烤鸡肉披萨-7英寸(手拍)[{""name"":""规格"",""value"":""7英寸(手拍)""}]（28.90*1）,酸奶多多流心卷边（7英寸）（4.90*1）",新奥尔良烤鸡肉披萨+酸奶多多流心卷边7,,,,非会员,10,,,无需餐具,,33.80,17.54,5.00,0.00,0,0,2.37,0.00,4.00,【活动支出】饿了么红包:5.00元+【活动支出】替用户承担配送费:4.0元,-,-,-,0.00,江苏区域,江苏直营店,,,否,-,平台配送
圣比萨·披萨·炸鸡（阜宁益林店）,SBS00039,盐城,"8099050254251398514	",饿了么,平台外卖,已完成,2025-10-20 16:47:47,2025-10-20 16:47:47,2025-10-20 16:47:48,饿了么支付-在线支付,,即时单,2025-10-20 16:47:47,9.98,手动出餐,1,否,"可口可乐[冷]（6.00*1）,大圣招牌大满贯披萨-9英寸(手拍)[{""name"":""规格"",""value"":""9英寸(手拍)""}]（46.90*1）",小可乐+大圣招牌大满贯披萨,,,,非会员,11,,,依据餐量提供餐具,,52.90,29.84,7.00,0.00,0,0,3.70,0.00,4.00,【活动支出】店铺满减:1.00元+【活动支出】饿了么红包:6.00元+【活动支出】替用户承担配送费:4.0元,-,-,-,0.00,江苏区域,江苏直营店,,,否,-,平台配送
圣比萨·披萨·炸鸡（阜宁益林店）,SBS00039,盐城,"8061516088115165499	",饿了么,平台外卖,已完成,2025-10-20 17:15:12,2025-10-20 17:15:12,2025-10-20 17:15:12,饿了么支付-在线支付,,即时单,2025-10-20 17:15:12,11.10,手动出餐,1,否,"可口可乐[常温]（6.00*1）,花果山披萨-9英寸(手拍)[{""name"":""规格"",""value"":""9英寸(手拍)""}]（36.90*1）",小可乐+花果山披萨,,,,非会员,12,,,依据餐量提供餐具,,42.90,22.24,7.00,0.00,0,0,3.00,0.00,4.00,【活动支出】店铺满减:1.00元+【活动支出】饿了么红包:6.00元+【活动支出】替用户承担配送费:4.0元,-,-,-,0.00,江苏区域,江苏直营店,,,否,-,平台配送
圣比萨·披萨·炸鸡（阜宁益林店）,SBS00039,盐城,"8099050254251356637	",饿了么,平台外卖,已完成,2025-10-20 17:32:44,2025-10-20 17:32:44,2025-10-20 17:32:44,饿了么支付-在线支付,,即时单,2025-10-20 17:32:44,11.82,手动出餐,1,否,"新奥尔良烤鸡肉披萨-9英寸(手拍)[{""name"":""规格"",""value"":""9英寸(手拍)""}]（36.90*1）,咸蛋黄风味流心卷边（9英寸）（6.90*1）",新奥尔良烤鸡肉披萨+咸蛋黄流沙卷边9,,,,非会员,13,,,依据餐量提供餐具,,43.80,22.90,7.00,0.00,0,0,3.07,0.00,4.00,【活动支出】店铺满减:1.00元+【活动支出】饿了么红包:6.00元+【活动支出】替用户承担配送费:4.0元,-,-,-,0.00,江苏区域,江苏直营店,,,否,-,平台配送
圣比萨·披萨·炸鸡（阜宁益林店）,SBS00039,盐城,"8008906088142475663	",饿了么,平台外卖,已完成,2025-10-20 18:01:59,2025-10-20 18:01:59,2025-10-20 18:01:59,饿了么支付-在线支付,,即时单,2025-10-20 18:01:59,15.37,手动出餐,1,否,"新奥尔良烤鸡肉披萨-7英寸(手拍)[{""name"":""规格"",""value"":""7英寸(手拍)""}]（28.90*1）",新奥尔良烤鸡肉披萨,,,,非会员,14,,,依据餐量提供餐具,,28.90,14.09,5.00,0.00,0,0,2.02,0.00,4.00,【活动支出】饿了么红包:5.00元+【活动支出】替用户承担配送费:4.0元,-,-,-,0.00,江苏区域,江苏直营店,,,否,-,平台配送
圣比萨·披萨·炸鸡（阜宁益林店）,SBS00039,盐城,"8007556088191860059	",饿了么,平台外卖,已完成,2025-10-20 18:04:15,2025-10-20 18:04:15,2025-10-20 18:04:15,饿了么支付-在线支付,,即时单,2025-10-20 18:04:15,13.33,手动出餐,1,否,大圣香肠披萨-单点（14.40*1）,大圣香肠披萨-单点,,,,非会员,15,,,依据餐量提供餐具,,14.40,9.90,0.00,0.00,0,0,0.00,0.00,,【活动支出】单品优惠:0.00元,-,-,-,0.00,江苏区域,江苏直营店,,,否,-,平台配送
圣比萨·披萨·炸鸡（阜宁益林店）,SBS00039,盐城,"8022280254199503294	",饿了么,平台外卖,已完成,2025-10-20 18:31:20,2025-10-20 18:31:20,2025-10-20 18:31:20,饿了么支付-在线支付,,即时单,2025-10-20 18:31:20,10.73,手动出餐,1,否,"碳烤鸡肉培根披萨-9英寸(手拍)[{""name"":""规格"",""value"":""9英寸(手拍)""}]（36.90*1）",碳烤鸡肉培根披萨,,,,非会员,16,,,2份餐具,,36.90,19.80,5.00,0.00,0,0,2.58,0.00,4.00,【活动支出】饿了么红包:5.00元+【活动支出】替用户承担配送费:4.0元,-,-,-,0.00,江苏区域,江苏直营店,,,否,-,平台配送
圣比萨·披萨·炸鸡（阜宁益林店）,SBS00039,盐城,"8043566088211073470	",饿了么,平台外卖,已完成,2025-10-20 18:32:13,2025-10-20 18:32:13,2025-10-20 18:32:13,饿了么支付-在线支付,,即时单,2025-10-20 18:32:13,10.97,手动出餐,1,否,大圣水果披萨-单点（14.40*1）,大圣水果披萨-单点,,,,非会员,17,,,依据餐量提供餐具,,14.40,9.90,0.00,0.00,0,0,0.00,0.00,,【活动支出】单品优惠:0.00元,-,-,-,0.00,江苏区域,江苏直营店,,,否,-,平台配送
圣比萨·披萨·炸鸡（阜宁益林店）,SBS00039,盐城,"8010030254300233185	",饿了么,平台外卖,已完成,2025-10-20 18:50:43,2025-10-20 18:50:43,2025-10-20 18:50:43,饿了么支付-在线支付,,即时单,2025-10-20 18:50:43,12.43,手动出餐,1,否,"日系照烧鸡披萨-7英寸(手拍)[{""name"":""规格"",""value"":""7英寸(手拍)""}]（28.90*1）,奶酪芝士卷边（7英寸）（4.90*1）",日系照烧鸡披萨+奶酪芝士卷边7,,,,非会员,18,,,依据餐量提供餐具,,33.80,17.54,5.00,0.00,0,0,2.37,0.00,4.00,【活动支出】饿了么红包:5.00元+【活动支出】替用户承担配送费:4.0元,-,-,-,0.00,江苏区域,江苏直营店,,,否,-,平台配送
圣比萨·披萨·炸鸡（阜宁益林店）,SBS00039,盐城,"8014726088224806167	",饿了么,平台外卖,已完成,2025-10-20 18:53:50,2025-10-20 18:53:50,2025-10-20 18:53:51,饿了么支付-在线支付,,即时单,2025-10-20 18:53:50,12.45,手动出餐,1,否,"奶酪芝士卷边（9英寸）（6.90*1）,花果山披萨-9英寸(手拍)[{""name"":""规格"",""value"":""9英寸(手拍)""}]（36.90*1）",奶酪芝士卷边9+花果山披萨,,,,非会员,19,,,依据餐量提供餐具,,43.80,22.90,7.00,0.00,0,0,3.07,0.00,4.00,【活动支出】店铺满减:1.00元+【活动支出】饿了么红包:6.00元+【活动支出】替用户承担配送费:4.0元,-,-,-,0.00,江苏区域,江苏直营店,,,否,-,平台配送
圣比萨·披萨·炸鸡（阜宁益林店）,SBS00039,盐城,"8010776088205840662	",饿了么,平台外卖,已完成,2025-10-20 20:15:56,2025-10-20 20:15:56,2025-10-20 20:15:57,饿了么支付-在线支付,,即时单,2025-10-20 20:15:56,11.87,手动出餐,1,否,"新奥尔良烤鸡肉披萨-7英寸(手拍)[{""name"":""规格"",""value"":""7英寸(手拍)""}]（28.90*1）,咸蛋黄风味流沙卷边（7英寸）（4.90*1）",新奥尔良烤鸡肉披萨+咸蛋黄流沙卷边7,,,,非会员,20,,,依据餐量提供餐具,,33.80,17.54,5.00,0.00,0,0,2.37,0.00,4.00,【活动支出】饿了么红包:5.00元+【活动支出】替用户承担配送费:4.0元,-,-,-,0.00,江苏区域,江苏直营店,,,否,-,平台配送
圣比萨·披萨·炸鸡（阜宁益林店）,SBS00039,盐城,"8009696088203229441	",饿了么,平台外卖,已完成,2025-10-20 20:17:14,2025-10-20 20:17:14,2025-10-20 20:17:14,饿了么支付-在线支付,,即时单,2025-10-20 20:17:14,11.72,手动出餐,1,否,"新奥尔良烤鸡肉披萨-7英寸(手拍)[{""name"":""规格"",""value"":""7英寸(手拍)""}]（28.90*1）,点击右上角❤️免费得小吃（限一份，多点不送）[上校鸡块2个]（0.00*1）",新奥尔良烤鸡肉披萨+上校鸡块2个,,,,非会员,21,,,1份餐具,,28.90,14.09,5.00,0.00,0,0,2.02,0.00,4.00,【活动支出】饿了么红包:5.00元+【活动支出】替用户承担配送费:4.0元,-,-,-,0.00,江苏区域,江苏直营店,,,否,-,平台配送
圣比萨·披萨·炸鸡（阜宁益林店）,SBS00039,盐城,"8016060254258410817	",饿了么,平台外卖,已完成,2025-10-20 20:35:03,2025-10-20 20:35:03,2025-10-20 20:35:03,饿了么支付-在线支付,,即时单,2025-10-20 20:35:03,11.57,手动出餐,1,否,大圣香肠披萨-单点（14.40*1）,大圣香肠披萨-单点,,,,非会员,22,,,2份餐具,,14.40,9.90,0.00,0.00,0,0,0.00,0.00,,【活动支出】单品优惠:0.00元,-,-,-,0.00,江苏区域,江苏直营店,,,否,-,平台配送
圣比萨·披萨·炸鸡（阜宁益林店）,SBS00039,盐城,"8003776088254828003	",饿了么,平台外卖,已完成,2025-10-20 20:39:09,2025-10-20 20:39:09,2025-10-20 20:39:10,饿了么支付-在线支付,,即时单,2025-10-20 20:39:09,12.87,手动出餐,1,否,"新奥尔良烤鸡肉披萨-7英寸(手拍)[{""name"":""规格"",""value"":""7英寸(手拍)""}]（28.90*1）",新奥尔良烤鸡肉披萨,,,,非会员,23,,,依据餐量提供餐具,,28.90,14.09,5.00,0.00,0,0,2.02,0.00,4.00,【活动支出】饿了么红包:5.00元+【活动支出】替用户承担配送费:4.0元,-,-,-,0.00,江苏区域,江苏直营店,,,否,-,平台配送
圣比萨·披萨·炸鸡（阜宁益林店）,SBS00039,盐城,"8016060254442911014	",饿了么,平台外卖,已完成,2025-10-20 20:42:18,2025-10-20 20:42:18,2025-10-20 20:42:18,饿了么支付-在线支付,,即时单,2025-10-20 20:42:18,9.87,手动出餐,1,否,大圣香肠披萨-单点（14.40*1）,大圣香肠披萨-单点,,,,非会员,24,,,2份餐具,,14.40,9.90,0.00,0.00,0,0,0.00,0.00,,【活动支出】单品优惠:0.00元,-,-,-,0.00,江苏区域,江苏直营店,,,否,-,平台配送
圣比萨·披萨·炸鸡（阜宁益林店）,SBS00039,盐城,"8008506088241637655	",饿了么,平台外卖,已完成,2025-10-20 20:54:11,2025-10-20 20:54:11,2025-10-20 20:54:12,饿了么支付-在线支付,,即时单,2025-10-20 20:54:11,9.27,手动出餐,1,否,"鸡排芝士套餐[甘梅]（28.90*1）,餐盒（1.00*1）",鸡排芝士套餐[甘梅]+餐盒,,,,非会员,25,,,依据餐量提供餐具,,28.90,14.76,5.00,0.00,0,0,2.09,0.00,4.00,【活动支出】饿了么红包:5.00元+【活动支出】替用户承担配送费:4.0元,-,-,-,1.00,江苏区域,江苏直营店,,,否,-,平台配送
圣比萨·披萨·炸鸡（阜宁益林店）,SBS00039,盐城,"8054516088281627937	",饿了么,平台外卖,已完成,2025-10-20 21:10:21,2025-10-20 21:10:21,2025-10-20 21:10:21,饿了么支付-在线支付,,即时单,2025-10-20 21:10:21,7.45,手动出餐,1,否,"小鸡肉串（20串）+芝士棒-单点[{""name"":""规格"",""value"":""单点""}]（13.50*1）","小鸡肉串（20串）+芝士棒-单点[{""name"":""规格"",""value"":""单点""}]",,,,非会员,26,,,-,,13.50,9.00,0.00,0.00,0,0,0.00,0.00,,【活动支出】单品优惠:0.00元,-,-,-,0.00,江苏区域,江苏直营店,,,否,-,平台配送
圣比萨·披萨·炸鸡（阜宁益林店）,SBS00039,盐城,"8054516088281627936	",饿了么,平台外卖,已完成,2025-10-20 21:10:21,2025-10-20 21:10:21,2025-10-20 21:10:21,饿了么支付-在线支付,,即时单,2025-10-20 21:10:21,16.30,手动出餐,1,否,"大圣水果披萨-单点[{""name"":""规格"",""value"":""单点""}]（14.40*1）","大圣水果披萨-单点[{""name"":""规格"",""value"":""单点""}]",,,,非会员,27,,,-,,14.40,9.90,0.00,0.00,0,0,0.00,0.00,,【活动支出】单品优惠:0.00元,-,-,-,0.00,江苏区域,江苏直营店,,,否,-,平台配送
圣比萨·披萨·炸鸡（阜宁益林店）,SBS00039,盐城,"8050370254455439787	",饿了么,平台外卖,已完成,2025-10-20 21:27:03,2025-10-20 21:27:03,2025-10-20 21:27:03,饿了么支付-在线支付,,即时单,2025-10-20 21:27:03,12.35,手动出餐,1,否,"咸蛋黄风味流沙卷边（7英寸）（4.90*1）,炙热牛魔王披萨-7英寸(手拍)[{""name"":""规格"",""value"":""7英寸(手拍)""}]（32.90*1）",咸蛋黄流沙卷边7+炙热牛魔王披萨,,,,非会员,28,,,依据餐量提供餐具,,37.80,20.42,5.00,0.00,0,0,2.65,0.00,4.00,【活动支出】饿了么红包:5.00元+【活动支出】替用户承担配送费:4.0元,-,-,-,0.00,江苏区域,江苏直营店,,,否,-,平台配送
圣比萨·披萨·炸鸡（阜宁益林店）,SBS00039,盐城,"8091430254271394183	",饿了么,平台外卖,已完成,2025-10-20 21:27:48,2025-10-20 21:27:48,2025-10-20 21:27:48,饿了么支付-在线支付,,即时单,2025-10-20 21:27:48,11.63,手动出餐,1,否,"新奥尔良烤鸡肉披萨-7英寸(手拍)[{""name"":""规格"",""value"":""7英寸(手拍)""}]（28.90*1）,红薯薯泥流心卷边（7英寸）（4.90*1）,点击右上角❤️免费得小吃（限一份，多点不送）[上校鸡块2个]（0.00*1）,大圣拉丝芝士棒（8.90*1）,餐盒（0.50*1）",新奥尔良烤鸡肉披萨+红薯泥流心卷边7+上校鸡块2个+大圣拉丝芝士棒,,,,非会员,29,,,2份餐具,,42.70,22.35,7.00,0.00,0,0,3.02,0.00,4.00,【活动支出】店铺满减:1.00元+【活动支出】饿了么红包:6.00元+【活动支出】替用户承担配送费:4.0元,-,-,-,0.50,江苏区域,江苏直营店,,,否,-,平台配送
圣比萨·披萨·炸鸡（阜宁益林店）,SBS00039,盐城,"8035566088289928664	",饿了么,平台外卖,已完成,2025-10-20 21:41:59,2025-10-20 21:41:59,2025-10-20 21:42:00,饿了么支付-在线支付,,即时单,2025-10-20 21:41:59,4.88,手动出餐,1,否,大圣鸡排*2+香肠*1-单点[孜然]（14.40*1）,大圣鸡排*2+香肠*1-单点[孜然],,,,非会员,30,,,1份餐具,,14.40,9.90,0.00,0.00,0,0,0.00,0.00,,【活动支出】单品优惠:0.00元,-,-,-,0.00,江苏区域,江苏直营店,,,否,-,平台配送
圣比萨·披萨·炸鸡（阜宁益林店）,SBS00039,盐城,"8009440254281910725	",饿了么,平台外卖,已完成,2025-10-20 22:14:38,2025-10-20 22:14:38,2025-10-20 22:14:38,饿了么支付-在线支付,,即时单,2025-10-20 22:14:38,17.87,手动出餐,1,否,大圣香肠披萨-单点（14.40*1）,大圣香肠披萨-单点,,,,非会员,31,,,依据餐量提供餐具,,14.40,9.90,0.00,0.00,0,0,0.00,0.00,,【活动支出】单品优惠:0.00元,-,-,-,0.00,江苏区域,江苏直营店,,,否,-,平台配送
圣比萨·披萨·炸鸡（阜宁益林店）,SBS00039,盐城,"8053160254289004829	",饿了么,平台外卖,已完成,2025-10-20 22:25:46,2025-10-20 22:25:46,2025-10-20 22:25:47,饿了么支付-在线支付,,即时单,2025-10-20 22:25:46,6.77,手动出餐,1,否,小鸡肉串（20串）+芝士棒-单点（13.50*1）,小鸡肉串（20串）+芝士棒-单点,,,,非会员,32,,,辣点 / 依据餐量提供餐具,,13.50,9.00,0.00,0.00,0,0,0.00,0.00,,【活动支出】单品优惠:0.00元,-,-,-,0.00,江苏区域,江苏直营店,,,否,-,平台配送
圣比萨·披萨·炸鸡（阜宁益林店）,SBS00039,盐城,"8061986088240210331	",饿了么,平台外卖,已完成,2025-10-20 22:27:00,2025-10-20 22:27:00,2025-10-20 22:27:00,饿了么支付-在线支付,,即时单,2025-10-20 22:27:00,5.57,手动出餐,1,否,大圣香肠披萨-单点（14.40*1）,大圣香肠披萨-单点,,,,非会员,33,,,依据餐量提供餐具,,14.40,9.90,0.00,0.00,0,0,0.00,0.00,,【活动支出】单品优惠:0.00元,-,-,-,0.00,江苏区域,江苏直营店,,,否,-,平台配送
圣比萨·披萨·炸鸡（阜宁益林店）,SBS00039,盐城,"8031130254471896481	",饿了么,平台外卖,已完成,2025-10-20 22:42:46,2025-10-20 22:42:46,2025-10-20 22:42:46,饿了么支付-在线支付,,即时单,2025-10-20 22:42:46,20.15,自动出餐,1,否,"新奥尔良烤鸡肉披萨-9英寸(手拍)[{""name"":""规格"",""value"":""9英寸(手拍)""}]（36.90*1）,咸蛋黄风味流心卷边（9英寸）（6.90*1）,大圣鸡排[孜然]（6.90*1）,餐盒（0.50*1）",新奥尔良烤鸡肉披萨+咸蛋黄流沙卷边9+大圣鸡排,,,,非会员,34,,,依据餐量提供餐具,,50.70,27.83,7.00,0.00,0,0,3.58,0.00,7.00,【活动支出】店铺满减:1.00元+【活动支出】饿了么红包:6.00元+【活动支出】替用户承担配送费:5.0元,-,-,-,0.50,江苏区域,江苏直营店,,,否,-,平台配送
圣比萨·披萨·炸鸡（阜宁益林店）,SBS00039,盐城,"8031130254371206473	",饿了么,平台外卖,已完成,2025-10-20 22:46:23,2025-10-20 22:46:23,2025-10-20 22:46:23,饿了么支付-在线支付,,即时单,2025-10-20 22:46:23,19.85,手动出餐,1,否,"可口可乐[冷]（6.00*1）,玉米沙拉披萨-9英寸(手拍)[{""name"":""规格"",""value"":""9英寸(手拍)""}]（36.90*1）,点击右上角❤️免费得小吃（限一份，多点不送）[上校鸡块2个]（0.00*1）",小可乐+玉米沙拉披萨+上校鸡块2个,,,,非会员,35,,,依据餐量提供餐具,,42.90,21.64,7.00,0.00,0,0,3.00,0.00,7.00,【活动支出】店铺满减:1.00元+【活动支出】饿了么红包:6.00元+【活动支出】替用户承担配送费:5.0元,-,-,-,0.00,江苏区域,江苏直营店,,,否,-,平台配送
圣比萨·披萨·炸鸡（阜宁益林店）,SBS00039,盐城,"8050706088283201898	",饿了么,平台外卖,已完成,2025-10-20 22:51:06,2025-10-20 22:51:06,2025-10-20 22:51:06,饿了么支付-在线支付,,即时单,2025-10-20 22:51:06,15.17,手动出餐,1,否,"大圣香肠[甘梅]（5.90*1）,点击右上角❤️免费得小吃（限一份，多点不送）[上校鸡块2个]（0.00*1）,经典奥尔良三件套[甘梅]（39.90*1）,餐盒（1.50*1）",大圣香肠1串+上校鸡块2个,,,,非会员,36,,,依据餐量提供餐具,,45.80,25.48,7.00,0.00,0,0,3.31,0.00,5.00,【活动支出】店铺满减:1.00元+【活动支出】饿了么红包:6.00元+【活动支出】替用户承担配送费:5.0元,-,-,-,1.50,江苏区域,江苏直营店,,,否,-,平台配送
圣比萨（春晖店）,SBS00004,温州,"8082070254046406041	",饿了么,平台外卖,已完成,2025-10-20 10:03:17,2025-10-20 10:03:17,2025-10-20 10:03:18,饿了么支付-在线支付,,即时单,2025-10-20 10:03:17,10.17,自动出餐,1,否,"缤纷水果披萨-7英寸(手拍)[{""name"":""规格"",""value"":""7英寸(手拍)""}]（42.00*1）",缤纷水果披萨,,,,非会员,1,,,依据餐量提供餐具,,42.00,11.02,23.70,0.00,0,0,1.43,0.00,3.50,【活动支出】单品特价:23.70元+【活动支出】替用户承担配送费:3.5元,-,-,-,0.00,温州区域,温州直营,,,否,-,平台配送
圣比萨（春晖店）,SBS00004,温州,"8038260254132024782	",饿了么,平台外卖,已完成,2025-10-20 11:49:34,2025-10-20 11:49:34,2025-10-20 11:49:34,饿了么支付-在线支付,,即时单,2025-10-20 11:49:34,12.12,自动出餐,1,否,"咸蛋黄风味流沙卷边（7英寸）（4.90*1）,[买一送一]买披萨送意面[奥尔良鸡肉披萨7英寸+番茄牛肉意面]（75.00*1）,餐盒（2.00*1）",咸蛋黄流沙卷边7+新奥尔良烤鸡肉披萨【7英寸(手拍)】+番茄牛肉意面,,,,非会员,2,,,放前台 / 依据餐量提供餐具,,79.90,31.60,39.10,0.00,0,0,2.95,0.00,3.50,【活动支出】店铺满减:1.00元+【活动支出】单品特价:30.10元+【活动支出】饿了么红包:8.00元+【活动支出】替用户承担配送费:3.5元,-,-,-,2.00,温州区域,温州直营,,,否,-,平台配送
圣比萨（春晖店）,SBS00004,温州,"8036460254141975851	",饿了么,平台外卖,已完成,2025-10-20 12:02:25,2025-10-20 12:02:25,2025-10-20 12:02:25,饿了么支付-在线支付,,即时单,2025-10-20 12:02:25,12.18,自动出餐,1,否,"焗饭随心配（53.80*1）,餐盒（2.00*1）",盐酥鸡米花小份+蛋挞1个+深海墨鱼丸2个+碳烤鸡肉芝士焗饭,,,,非会员,3,,,1份餐具,,53.80,15.59,32.90,0.00,0,0,1.46,0.00,3.50,【活动支出】单品特价:25.90元+【活动支出】饿了么红包:7.00元+【活动支出】替用户承担配送费:3.5元,-,-,-,2.00,温州区域,温州直营,,,否,-,平台配送
圣比萨（春晖店）,SBS00004,温州,"8077090254146700727	",饿了么,平台外卖,已完成,2025-10-20 12:03:14,2025-10-20 12:03:14,2025-10-20 12:03:15,饿了么支付-在线支付,,即时单,2025-10-20 12:03:14,12.12,自动出餐,1,否,"酸奶多多流心卷边（7英寸）（4.90*1）,缤纷水果披萨-7英寸(手拍)[{""name"":""规格"",""value"":""7英寸(手拍)""}]（42.00*1）",酸奶多多流心卷边7+缤纷水果披萨,,,,非会员,4,,,依据餐量提供餐具,,46.90,15.87,23.70,0.00,0,0,1.48,0.00,3.50,【活动支出】单品特价:23.70元+【活动支出】替用户承担配送费:3.5元,-,-,-,0.00,温州区域,温州直营,,,否,-,平台配送
圣比萨（春晖店）,SBS00004,温州,"8043816088006069529	",饿了么,平台外卖,已完成,2025-10-20 12:27:08,2025-10-20 12:27:08,2025-10-20 12:27:08,饿了么支付-在线支付,,即时单,2025-10-20 12:27:08,12.05,自动出餐,1,否,"榴莲王披萨-7英寸(经典手拍)[{""name"":""规格"",""value"":""7英寸(经典手拍)""}]（52.00*1）,餐盒（1.00*1）",榴莲王披萨,,,,非会员,5,,,依据餐量提供餐具,,52.00,19.62,25.10,0.00,0,0,1.83,0.00,3.50,【活动支出】单品特价:18.10元+【活动支出】饿了么红包:7.00元+【活动支出】替用户承担配送费:3.5元,-,-,-,1.00,温州区域,温州直营,,,否,-,平台配送
圣比萨（春晖店）,SBS00004,温州,"8028090254247284161	",饿了么,平台外卖,已完成,2025-10-20 12:34:41,2025-10-20 12:34:41,2025-10-20 12:34:41,饿了么支付-在线支付,,即时单,2025-10-20 12:34:41,12.00,自动出餐,1,否,盒子披萨三选一[热带雨林水果]（29.00*1）,热带雨林水果一人食盒子披萨,,,,非会员,6,,,依据餐量提供餐具,,29.00,11.82,8.10,0.00,0,0,1.43,0.00,5.60,【活动支出】单品特价:8.10元+【活动支出】替用户承担配送费:5.0元,-,-,-,0.00,温州区域,温州直营,,,否,-,平台配送
圣比萨（春晖店）,SBS00004,温州,"8017140254176575809	",饿了么,平台外卖,已完成,2025-10-20 12:59:04,2025-10-20 12:59:04,2025-10-20 12:59:04,饿了么支付-在线支付,,即时单,2025-10-20 12:59:04,12.15,自动出餐,1,否,"川香脆皮大翅根-1个[{""name"":""规格"",""value"":""1个""}]（12.00*1）,招牌肉酱芝士焗饭（52.00*1）,餐盒（1.00*1）",川香脆皮大翅根+招牌肉酱芝士焗饭,,,,非会员,7,,,依据餐量提供餐具,,64.00,18.14,38.70,0.00,0,0,1.71,0.00,3.50,【活动支出】单品特价:6.10元+【活动支出】单品特价:32.60元+【活动支出】替用户承担配送费:3.5元,-,-,-,1.00,温州区域,温州直营,,,否,-,平台配送
圣比萨（春晖店）,SBS00004,温州,"8041836088059228498	",饿了么,平台外卖,已完成,2025-10-20 13:09:26,2025-10-20 13:09:26,2025-10-20 13:09:26,饿了么支付-在线支付,,即时单,2025-10-20 13:09:26,12.03,自动出餐,1,否,"【随心拼】7英寸披萨(口味自选）[奥尔良+培根鸡肉]（54.00*1）,餐盒（2.00*1）",双拼7寸【奥尔良口味7】+双拼7寸【碳烤鸡肉培根口味7】,,,,非会员,8,,,无需餐具,,54.00,13.62,35.10,0.00,0,0,1.43,0.00,3.50,【活动支出】单品特价:28.10元+【活动支出】 商家自营销加码:2.00元+【活动支出】饿了么红包:5.00元+【活动支出】替用户承担配送费:3.5元,-,-,-,2.00,温州区域,温州直营,,,否,-,平台配送
圣比萨（春晖店）,SBS00004,温州,"8002210254101066175	",饿了么,平台外卖,已完成,2025-10-20 14:20:30,2025-10-20 14:20:30,2025-10-20 14:20:30,饿了么支付-在线支付,,即时单,2025-10-20 14:20:30,10.08,自动出餐,1,否,"圣比招牌披萨-7英寸(经典手拍)[{""name"":""规格"",""value"":""7英寸(经典手拍)""}]（45.00*1）,点击右上角❤️收藏得小吃[上校鸡块2个]（2.00*1）,餐盒（0.50*1）",大圣招牌大满贯披萨+上校鸡块2个,,,,非会员,9,,,依据餐量提供餐具,,47.00,12.72,23.60,0.00,0,0,1.53,0.00,6.80,【活动支出】单品特价:21.70元+【活动支出】单品特价:1.90元+【活动支出】替用户承担配送费:5.0元,-,-,-,0.50,温州区域,温州直营,,,否,-,平台配送
圣比萨（春晖店）,SBS00004,温州,"8082686088099894671	",饿了么,平台外卖,已完成,2025-10-20 14:37:12,2025-10-20 14:37:12,2025-10-20 14:37:13,饿了么支付-在线支付,,即时单,2025-10-20 14:37:12,10.00,自动出餐,1,否,"圣比招牌披萨-7英寸(经典手拍)[{""name"":""规格"",""value"":""7英寸(经典手拍)""}]（45.00*1）,点击右上角❤️收藏得小吃[上校鸡块2个]（2.00*1）,餐盒（0.50*1）",大圣招牌大满贯披萨+上校鸡块2个,,,,非会员,10,,,对骑手 不要打电话挂门把手上 / 依据餐量提供餐具,,47.00,15.92,23.60,0.00,0,0,1.53,0.00,3.50,【活动支出】单品特价:21.70元+【活动支出】单品特价:1.90元+【活动支出】替用户承担配送费:3.5元,-,-,-,0.50,温州区域,温州直营,,,否,-,平台配送
圣比萨（春晖店）,SBS00004,温州,"8094506088112393671	",饿了么,平台外卖,已完成,2025-10-20 14:58:49,2025-10-20 14:58:49,2025-10-20 14:58:49,饿了么支付-在线支付,,预约单,2025-10-20 17:55:00,131.35,自动出餐,1,否,"榴莲王披萨-12英寸(手拍)[{""name"":""规格"",""value"":""12英寸(手拍)""}]（129.00*1）,餐盒（1.00*1）",榴莲王披萨,,,,非会员,11,,,2份餐具,,129.00,37.89,79.10,0.00,0,0,3.56,0.00,4.00,【活动支出】店铺满减:2.00元+【活动支出】单品特价:65.10元+【活动支出】饿了么红包:12.00元+【活动支出】替用户承担配送费:4.0元,-,-,-,1.00,温州区域,温州直营,,,否,-,平台配送
圣比萨（春晖店）,SBS00004,温州,"8035836088111886644	",饿了么,平台外卖,已完成,2025-10-20 15:20:50,2025-10-20 15:20:50,2025-10-20 15:20:50,饿了么支付-在线支付,,即时单,2025-10-20 15:20:50,10.00,自动出餐,1,否,手握三选一-单点[奥尔良]（20.00*1）,奥尔良风情烤鸡肉一人食盒子披萨,,,,非会员,12,,,依据餐量提供餐具,,20.00,10.00,0.00,0.00,0,0,0.00,0.00,,【活动支出】爆品团通吃券:0.00元,-,-,-,0.00,温州区域,温州直营,,,否,-,平台配送
圣比萨（春晖店）,SBS00004,温州,"8026696088132926806	",饿了么,平台外卖,已完成,2025-10-20 17:01:57,2025-10-20 17:01:57,2025-10-20 17:01:57,饿了么支付-在线支付,,即时单,2025-10-20 17:01:57,10.05,自动出餐,1,否,"任选披萨8选1+小吃5选1+饮料[海苔肉松披萨7英寸+烤甜玉米一份+港式奶茶]（65.00*1）,餐盒（2.00*1）",海苔肉松披萨【7英寸(手拍)】+烤甜玉米+港式奶茶,,,,非会员,13,,,无需餐具,,65.00,18.69,40.10,0.00,0,0,1.76,0.00,4.00,【活动支出】单品特价:33.10元+【活动支出】饿了么红包:7.00元+【活动支出】替用户承担配送费:4.0元,-,-,-,2.00,温州区域,温州直营,,,否,-,平台配送
圣比萨（春晖店）,SBS00004,温州,"8076816088138878344	",饿了么,平台外卖,已完成,2025-10-20 17:17:41,2025-10-20 17:17:41,2025-10-20 17:17:41,饿了么支付-在线支付,,即时单,2025-10-20 17:17:41,10.02,自动出餐,1,否,"明星小食桶A（35.00*1）,7英寸披萨买一送一[奥尔良鸡肉披萨7英寸+缤纷水果披萨7英寸]（86.80*1）,【粉丝福利】蛋挞一个（原味）（10.00*1）,点击右上角❤️收藏得小吃[上校鸡块2个]（2.00*1）,【粉丝福利】蛋挞一个（原味）（10.00*1）,餐盒（6.50*1）",明星小食桶A+新奥尔良烤鸡肉披萨【7英寸(手拍)】+缤纷水果披萨【7英寸(手拍)】+蛋挞1个+上校鸡块2个+蛋挞1个,,,,非会员,14,,,2份餐具,,143.80,48.34,86.81,0.00,0,0,4.50,0.00,3.50,【活动支出】店铺满减:2.00元+【活动支出】单品特价:11.10元+【活动支出】单品特价:39.90元+【活动支出】单品特价:9.01元+【活动支出】单品特价:1.90元+【活动支出】粉丝群:2.00元+【活动支出】饿了么红包:12.00元+【活动支出】精准营销:8.90元+【活动支出】替用户承担配送费:3.5元,-,-,-,6.50,温州区域,温州直营,,,否,-,平台配送
圣比萨（春晖店）,SBS00004,温州,"8017160254253859194	",饿了么,平台外卖,已完成,2025-10-20 17:33:23,2025-10-20 17:33:23,2025-10-20 17:33:23,饿了么支付-在线支付,,即时单,2025-10-20 17:33:23,12.13,自动出餐,1,否,"披萨随心配（65.30*1）,餐盒（2.00*1）",碳烤鸡肉培根披萨(7英寸(手拍))+地道肠1根+盐酥鸡米花小份+深海墨鱼丸2个,,,,非会员,15,,,依据餐量提供餐具,,65.30,19.85,38.50,0.00,0,0,1.90,0.00,4.00,【活动支出】单品特价:30.50元+【活动支出】饿了么红包:8.00元+【活动支出】替用户承担配送费:4.0元,-,-,-,2.00,温州区域,温州直营,,,否,-,平台配送
圣比萨（春晖店）,SBS00004,温州,"8091160254171920767	",饿了么,平台外卖,已完成,2025-10-20 17:40:16,2025-10-20 17:40:16,2025-10-20 17:40:17,饿了么支付-在线支付,,即时单,2025-10-20 17:40:16,12.13,自动出餐,1,否,"意面随心配（58.80*1）,餐盒（2.00*1）",番茄培根意面+地道肠1根+盐酥鸡米花小份+蛋挞1个,,,,非会员,16,,,1份餐具,,58.80,19.94,31.90,0.00,0,0,1.91,0.00,3.50,【活动支出】单品特价:31.90元+【活动支出】饿了么红包:0.00元+【活动支出】替用户承担配送费:3.5元,-,-,-,2.00,温州区域,温州直营,,,否,-,平台配送
圣比萨（春晖店）,SBS00004,温州,"8096040254364942757	",饿了么,平台外卖,已完成,2025-10-20 17:45:59,2025-10-20 17:45:59,2025-10-20 17:46:00,饿了么支付-在线支付,,即时单,2025-10-20 17:45:59,12.05,自动出餐,1,否,"番茄牛肉意面（52.00*4）,餐盒（4.00*1）",番茄牛肉意面,,,,非会员,17,,,依据餐量提供餐具,,208.00,63.94,128.40,0.00,0,0,6.01,0.00,3.50,【活动支出】店铺满减:4.00元+【活动支出】单品特价:112.40元+【活动支出】饿了么红包:12.00元+【活动支出】替用户承担配送费:3.5元,-,-,-,4.00,温州区域,温州直营,,,否,-,平台配送
圣比萨（春晖店）,SBS00004,温州,"8087586088193875215	",饿了么,平台外卖,已完成,2025-10-20 17:58:57,2025-10-20 17:58:57,2025-10-20 17:58:57,饿了么支付-在线支付,,即时单,2025-10-20 17:58:57,12.05,自动出餐,1,否,"芒果汁[常温]（10.00*1）,盒子披萨三选一[奥尔良风情烤鸡肉]（29.00*1）,餐盒（1.00*1）",芒果汁+奥尔良风情烤鸡肉一人食盒子披萨,,,,非会员,18,,,依据餐量提供餐具,,39.00,13.62,19.10,0.00,0,0,1.43,0.00,3.50,【活动支出】单品特价:4.00元+【活动支出】单品特价:8.10元+【活动支出】超级会员专享红包:5.00元+【活动支出】 商家自营销加码:2.00元+【活动支出】替用户承担配送费:3.5元,-,-,-,1.00,温州区域,温州直营,,,否,-,平台配送
圣比萨（春晖店）,SBS00004,温州,"8013390254191887717	",饿了么,平台外卖,已完成,2025-10-20 18:05:05,2025-10-20 18:05:05,2025-10-20 18:05:05,饿了么支付-在线支付,,即时单,2025-10-20 18:05:05,12.13,自动出餐,1,否,"7英寸-奥尔良烤鸡肉披萨（42.00*1）,餐盒（2.00*1）",新奥尔良烤鸡肉披萨【7英寸(手拍)】,,,,非会员,19,,,依据餐量提供餐具,,42.00,10.62,26.10,0.00,0,0,1.43,0.00,3.50,【活动支出】单品特价:20.10元+【活动支出】饿了么红包:6.00元+【活动支出】替用户承担配送费:3.5元,-,-,-,2.00,温州区域,温州直营,,,否,-,平台配送
圣比萨（春晖店）,SBS00004,温州,"8083210254272144761	",饿了么,平台外卖,已完成,2025-10-20 18:09:28,2025-10-20 18:09:28,2025-10-20 18:09:29,饿了么支付-在线支付,,即时单,2025-10-20 18:09:28,12.05,自动出餐,1,否,"榴莲披萨随心拼套餐（69.70*1）,【粉丝福利】蛋挞一个（原味）（10.00*1）,点击右上角❤️收藏得小吃[上校鸡块2个]（2.00*1）,餐盒（3.50*1）",柠檬茶+小可乐+榴莲王披萨(7英寸(手拍))+新奥尔良烤鸡肉披萨(7英寸(手拍))+经典薯条+蛋挞1个+上校鸡块2个,,,,非会员,20,,,不要葱，不要蒜 / 依据餐量提供餐具,,81.70,45.38,24.91,0.00,0,0,4.26,0.00,3.50,【活动支出】店铺满减:2.00元+【活动支出】单品特价:9.01元+【活动支出】单品特价:1.90元+【活动支出】饿了么红包:12.00元+【活动支出】替用户承担配送费:3.5元,-,-,-,3.50,温州区域,温州直营,,,否,-,平台配送
圣比萨（春晖店）,SBS00004,温州,"8054606088196855292	",饿了么,平台外卖,已完成,2025-10-20 18:09:46,2025-10-20 18:09:46,2025-10-20 18:09:46,饿了么支付-在线支付,,即时单,2025-10-20 18:09:46,12.07,自动出餐,1,否,"招牌肉酱芝士焗饭（52.00*1）,点击右上角❤️收藏得小吃[上校鸡块2个]（2.00*1）,餐盒（1.50*1）",招牌肉酱芝士焗饭+上校鸡块2个,,,,非会员,21,,,依据餐量提供餐具,,54.00,15.22,33.00,0.00,0,0,1.43,0.00,3.50,【活动支出】单品特价:24.10元+【活动支出】单品特价:1.90元+【活动支出】饿了么红包:7.00元+【活动支出】替用户承担配送费:3.5元,-,-,-,1.50,温州区域,温州直营,,,否,-,平台配送
圣比萨（春晖店）,SBS00004,温州,"8035946088197175779	",饿了么,平台外卖,已完成,2025-10-20 18:19:03,2025-10-20 18:19:03,2025-10-20 18:19:04,饿了么支付-在线支付,,即时单,2025-10-20 18:19:03,12.20,自动出餐,1,否,"缤纷水果披萨-7英寸(手拍)[{""name"":""规格"",""value"":""7英寸(手拍)""}]（42.00*1）",缤纷水果披萨,,,,非会员,22,,,2份餐具,,42.00,11.02,23.70,0.00,0,0,1.43,0.00,3.50,【活动支出】单品特价:23.70元+【活动支出】替用户承担配送费:3.5元,-,-,-,0.00,温州区域,温州直营,,,否,-,平台配送
圣比萨（春晖店）,SBS00004,温州,"8068350254294917457	",饿了么,平台外卖,已完成,2025-10-20 18:50:01,2025-10-20 18:50:01,2025-10-20 18:50:01,饿了么支付-在线支付,,即时单,2025-10-20 18:50:01,12.05,自动出餐,1,否,"披萨随心配（60.40*1）,餐盒（2.00*1）",新奥尔良烤鸡肉披萨(7英寸(手拍))+地道肠1根+盐酥鸡米花小份+蛋挞1个,,,,非会员,23,,,1份餐具,,60.40,16.84,37.50,0.00,0,0,1.61,0.00,3.50,【活动支出】单品特价:30.50元+【活动支出】饿了么红包:7.00元+【活动支出】替用户承担配送费:3.5元,-,-,-,2.00,温州区域,温州直营,,,否,-,平台配送
圣比萨（春晖店）,SBS00004,温州,"8098140254322500968	",饿了么,平台外卖,已完成,2025-10-20 18:57:45,2025-10-20 18:57:45,2025-10-20 18:57:46,饿了么支付-在线支付,,即时单,2025-10-20 18:57:45,12.00,自动出餐,1,否,"烤甜玉米（12.00*1）,披萨随心配（65.30*1）,【粉丝福利】蛋挞一个（原味）（10.00*1）,餐盒（4.00*1）",烤甜玉米+日系照烧鸡披萨(7英寸(手拍))+地道肠1根+盐酥鸡米花小份+深海墨鱼丸2个+蛋挞1个,,,,非会员,24,,,不要辣 / 2份餐具,,87.30,27.80,52.61,0.00,0,0,2.64,0.00,3.50,【活动支出】店铺满减:1.00元+【活动支出】单品特价:3.10元+【活动支出】单品特价:30.50元+【活动支出】单品特价:9.01元+【活动支出】饿了么红包:9.00元+【活动支出】替用户承担配送费:3.5元,-,-,-,4.00,温州区域,温州直营,,,否,-,平台配送
圣比萨（春晖店）,SBS00004,温州,"8029656088199362846	",饿了么,平台外卖,已完成,2025-10-20 18:59:05,2025-10-20 18:59:05,2025-10-20 18:59:05,饿了么支付-在线支付,,即时单,2025-10-20 18:59:05,12.13,自动出餐,1,否,"意面随心配（58.80*1）,餐盒（2.00*1）",番茄牛肉意面+盐酥鸡米花小份+蛋挞1个+上校鸡块2个,,,,非会员,25,,,依据餐量提供餐具,,58.80,14.62,38.90,0.00,0,0,1.43,0.00,3.50,【活动支出】单品特价:31.90元+【活动支出】饿了么红包:7.00元+【活动支出】替用户承担配送费:3.5元,-,-,-,2.00,温州区域,温州直营,,,否,-,平台配送
圣比萨（春晖店）,SBS00004,温州,"8037000254222763331	",饿了么,平台外卖,已完成,2025-10-20 19:14:32,2025-10-20 19:14:32,2025-10-20 19:14:32,饿了么支付-在线支付,,即时单,2025-10-20 19:14:32,12.17,自动出餐,1,否,手握三选一-单点[奥尔良]（20.00*1）,奥尔良风情烤鸡肉一人食盒子披萨,,,,非会员,26,,,依据餐量提供餐具,,20.00,10.00,0.00,0.00,0,0,0.00,0.00,,【活动支出】拼团反圈活动:0.00元,-,-,-,0.00,温州区域,温州直营,,,否,-,平台配送
圣比萨（春晖店）,SBS00004,温州,"8099410254249154021	",饿了么,平台外卖,已完成,2025-10-20 20:01:16,2025-10-20 20:01:16,2025-10-20 20:01:16,饿了么支付-在线支付,,即时单,2025-10-20 20:01:16,10.00,自动出餐,1,否,"榴莲王披萨-7英寸(经典手拍)[{""name"":""规格"",""value"":""7英寸(经典手拍)""}]（52.00*1）,餐盒（1.00*1）",榴莲王披萨,,,,非会员,27,,,依据餐量提供餐具,,52.00,19.62,25.10,0.00,0,0,1.83,0.00,3.50,【活动支出】单品特价:18.10元+【活动支出】饿了么红包:7.00元+【活动支出】替用户承担配送费:3.5元,-,-,-,1.00,温州区域,温州直营,,,否,-,平台配送
圣比萨（春晖店）,SBS00004,温州,"8073776088258413880	",饿了么,平台外卖,已完成,2025-10-20 20:08:33,2025-10-20 20:08:33,2025-10-20 20:08:33,饿了么支付-在线支付,,即时单,2025-10-20 20:08:33,10.02,自动出餐,1,否,"榴莲王披萨-9英寸(手拍)[{""name"":""规格"",""value"":""9英寸(手拍)""}]（92.00*1）",榴莲王披萨,,,,非会员,28,,,依据餐量提供餐具,,92.00,25.82,56.10,0.00,0,0,2.43,0.00,3.50,【活动支出】单品特价:56.10元+【活动支出】替用户承担配送费:3.5元,-,-,-,0.00,温州区域,温州直营,,,否,-,平台配送
圣比萨（春晖店）,SBS00004,温州,"8000070254358090221	",饿了么,平台外卖,已完成,2025-10-20 20:31:53,2025-10-20 20:31:53,2025-10-20 20:31:53,饿了么支付-在线支付,,即时单,2025-10-20 20:31:53,10.00,自动出餐,1,否,"9寸披萨随❤️双拼[奥尔良+培根鸡肉]（80.00*1）,奶酪芝士卷边（9英寸）（6.90*1）,餐盒（2.00*1）",双拼9寸【奥尔良口味9】+双拼9寸【鸡肉培根口味9】+奶酪芝士卷边9,,,,非会员,29,,,依据餐量提供餐具,,86.90,30.70,46.10,0.00,0,0,2.95,0.00,4.50,【活动支出】店铺满减:1.00元+【活动支出】单品特价:40.10元+【活动支出】饿了么红包:5.00元+【活动支出】替用户承担配送费:4.5元,-,-,-,2.00,温州区域,温州直营,,,否,-,平台配送
圣比萨（春晖店）,SBS00004,温州,"8014746088234550557	",饿了么,平台外卖,已完成,2025-10-20 20:38:41,2025-10-20 20:38:41,2025-10-20 20:38:41,饿了么支付-在线支付,,即时单,2025-10-20 20:38:41,10.02,自动出餐,1,否,手握三选一-单点[奥尔良]（20.00*1）,奥尔良风情烤鸡肉一人食盒子披萨,,,,非会员,30,,,依据餐量提供餐具,,20.00,10.00,0.00,0.00,0,0,0.00,0.00,,【活动支出】拼团反圈活动:0.00元,-,-,-,0.00,温州区域,温州直营,,,否,-,平台配送
圣比萨（春晖店）,SBS00004,温州,"8035010254358846893	",饿了么,平台外卖,已完成,2025-10-20 20:40:17,2025-10-20 20:40:17,2025-10-20 20:40:17,饿了么支付-在线支付,,即时单,2025-10-20 20:40:17,10.03,自动出餐,1,否,"7英寸-奥尔良烤鸡肉披萨（42.00*1）,榴莲王披萨-7英寸(经典手拍)[{""name"":""规格"",""value"":""7英寸(经典手拍)""}]（52.00*1）,餐盒（3.00*1）",新奥尔良烤鸡肉披萨【7英寸(手拍)】+榴莲王披萨,,,,非会员,31,,,依据餐量提供餐具,,94.00,35.63,49.20,0.00,0,0,3.32,0.00,3.50,【活动支出】店铺满减:2.00元+【活动支出】单品特价:20.10元+【活动支出】单品特价:18.10元+【活动支出】饿了么红包:9.00元+【活动支出】替用户承担配送费:3.5元,-,-,-,3.00,温州区域,温州直营,,,否,-,平台配送
圣比萨（春晖店）,SBS00004,温州,"8052290254346780106	",饿了么,平台外卖,已完成,2025-10-20 20:44:14,2025-10-20 20:44:14,2025-10-20 20:44:14,饿了么支付-在线支付,,即时单,2025-10-20 20:44:14,10.00,自动出餐,1,否,"[买一送一]买披萨送意面[奥尔良鸡肉披萨7英寸+番茄牛肉意面]（75.00*1）,餐盒（2.00*1）",新奥尔良烤鸡肉披萨【7英寸(手拍)】+番茄牛肉意面,,,,非会员,32,,,依据餐量提供餐具,,75.00,27.67,39.10,0.00,0,0,2.58,0.00,4.00,【活动支出】店铺满减:1.00元+【活动支出】单品特价:30.10元+【活动支出】饿了么红包:8.00元+【活动支出】替用户承担配送费:4.0元,-,-,-,2.00,温州区域,温州直营,,,否,-,平台配送
圣比萨（春晖店）,SBS00004,温州,"8029566088241972557	",饿了么,平台外卖,已完成,2025-10-20 20:57:08,2025-10-20 20:57:08,2025-10-20 20:57:08,饿了么支付-在线支付,,即时单,2025-10-20 20:57:08,10.20,自动出餐,1,否,"盒子披萨三选一[奥尔良风情烤鸡肉]（29.00*1）,招牌肉酱意面（52.00*1）,餐盒（1.00*1）",奥尔良风情烤鸡肉一人食盒子披萨+招牌肉酱意面,,,,非会员,33,,,依据餐量提供餐具,,81.00,26.65,45.20,0.00,0,0,2.50,0.00,3.50,【活动支出】店铺满减:1.00元+【活动支出】单品特价:8.10元+【活动支出】单品特价:24.10元+【活动支出】 商家自营销加码:0.00元+【活动支出】饿了么红包:12.00元+【活动支出】替用户承担配送费:3.5元,-,-,-,1.00,温州区域,温州直营,,,否,-,平台配送
圣比萨（春晖店）,SBS00004,温州,"8094796088255298870	",饿了么,平台外卖,已完成,2025-10-20 20:59:22,2025-10-20 20:59:22,2025-10-20 20:59:22,饿了么支付-在线支付,,即时单,2025-10-20 20:59:22,10.17,自动出餐,1,否,"缤纷水果披萨-7英寸(手拍)[{""name"":""规格"",""value"":""7英寸(手拍)""}]（42.00*1）,点击右上角❤️收藏得小吃[上校鸡块2个]（2.00*1）,餐盒（0.50*1）",缤纷水果披萨+上校鸡块2个,,,,非会员,34,,,依据餐量提供餐具,,44.00,11.62,25.60,0.00,0,0,1.43,0.00,3.50,【活动支出】单品特价:23.70元+【活动支出】单品特价:1.90元+【活动支出】替用户承担配送费:3.5元,-,-,-,0.50,温州区域,温州直营,,,否,-,平台配送
圣比萨（春晖店）,SBS00004,温州,"8006606088234163457	",饿了么,平台外卖,已完成,2025-10-20 22:05:02,2025-10-20 22:05:02,2025-10-20 22:05:02,饿了么支付-在线支付,,即时单,2025-10-20 22:05:02,10.22,自动出餐,1,否,"榴莲王披萨-7英寸(经典手拍)[{""name"":""规格"",""value"":""7英寸(经典手拍)""}]（52.00*1）,餐盒（1.00*1）",榴莲王披萨,,,,非会员,35,,,依据餐量提供餐具,,52.00,19.12,25.10,0.00,0,0,1.83,0.00,5.60,【活动支出】单品特价:18.10元+【活动支出】超级会员专享红包:5.00元+【活动支出】 商家自营销加码:2.00元+【活动支出】替用户承担配送费:5.0元,-,-,-,1.00,温州区域,温州直营,,,否,-,平台配送
圣比萨（双塔店）,SBS00037,温州,"8032776087902514440	",饿了么,平台外卖,已退款,2025-10-20 00:43:42,2025-10-20 00:43:42,2025-10-20 00:43:42,饿了么支付-在线支付,,即时单,2025-10-20 00:43:42,,未出餐,1,否,"任选披萨7选1+小吃6选1+饮品[圣比招牌披萨7英寸+深海墨鱼丸3个+柠檬茶]（70.00*1）,餐盒（2.00*1）",大圣招牌大满贯披萨【7英寸(手拍)】+深海墨鱼丸3个+柠檬茶,,,,非会员,1,,,依据餐量提供餐具,订单强制无效（商家主动取消已接订单、用户1分钟内取消),70.00,-8.70,47.10,23.90,0,0,2.25,0.00,6.00,【活动支出】单品特价:38.10元+【活动支出】 商家自营销加码:2.00元+【活动支出】粉丝群:2.00元+【活动支出】饿了么红包:5.00元+【活动支出】替用户承担配送费:5.0元,-,-,-,2.00,温州区域,温州直营,,,否,-,平台配送
圣比萨（双塔店）,SBS00037,温州,"8032776087894130160	",饿了么,平台外卖,已完成,2025-10-20 00:47:36,2025-10-20 00:47:36,2025-10-20 00:47:36,饿了么支付-在线支付,,即时单,2025-10-20 00:47:36,8.32,手动出餐,1,否,"7英寸披萨一人食土豪餐[浪漫威尼斯披萨7英寸+地道肠1根+深海墨鱼丸3个+柠檬茶]（66.00*1）,餐盒（2.00*1）",浪漫威尼斯披萨【7英寸(手拍)】+地道肠【1根】+深海墨鱼丸3个+柠檬茶,,,,非会员,2,,,依据餐量提供餐具,,66.00,16.99,41.10,0.00,0,0,2.46,0.00,6.00,【活动支出】单品特价:31.10元+【活动支出】粉丝群:2.00元+【活动支出】饿了么红包:8.00元+【活动支出】替用户承担配送费:5.0元,-,-,-,2.00,温州区域,温州直营,,,否,-,平台配送
圣比萨（双塔店）,SBS00037,温州,"8011470253981496699	",饿了么,平台外卖,已完成,2025-10-20 11:04:35,2025-10-20 11:04:35,2025-10-20 11:04:35,饿了么支付-在线支付,,即时单,2025-10-20 11:04:35,9.40,手动出餐,1,否,"任意爆款意面一人食套餐[番茄牛肉意面+地道肠1根+小可乐]（57.00*1）,可乐[常温]（6.00*1）,深海墨鱼丸-3个[{""name"":""规格"",""value"":""3个""}]（10.60*1）,【新品宠粉】香烤地道肠1根（7.50*1）,点击右上角❤️收藏得小吃[墨鱼丸1个]（2.00*2）,餐盒（5.00*1）",番茄牛肉意面+地道肠【1根】+小可乐+可乐+深海墨鱼丸+地道肠1根+深海墨鱼丸1个,,,,非会员,3,,,依据餐量提供餐具,,85.10,26.86,50.61,0.00,0,0,3.78,0.00,3.90,【活动支出】店铺满减:1.00元+【活动支出】单品特价:25.10元+【活动支出】单品特价:1.00元+【活动支出】单品特价:4.70元+【活动支出】单品特价:4.91元+【活动支出】单品特价:1.90元+【活动支出】饿了么红包:12.00元+【活动支出】替用户承担配送费:3.9元,-,-,-,5.00,温州区域,温州直营,,,否,-,平台配送
圣比萨（双塔店）,SBS00037,温州,"8006696087973531115	",饿了么,平台外卖,已完成,2025-10-20 11:05:31,2025-10-20 11:05:31,2025-10-20 11:05:31,饿了么支付-在线支付,,即时单,2025-10-20 11:05:31,8.70,手动出餐,1,否,"任选披萨7选1+小吃6选1+饮品[碳烤鸡肉培根7英寸+上校鸡块4个+柠檬茶]（70.00*1）,餐盒（2.00*1）",碳烤鸡肉培根披萨【7英寸(手拍)】+上校鸡块+柠檬茶,,,,非会员,4,,,依据餐量提供餐具,,70.00,19.18,43.10,0.00,0,0,2.67,0.00,3.90,【活动支出】单品特价:38.10元+【活动支出】饿了么红包:5.00元+【活动支出】替用户承担配送费:3.9元,-,-,-,2.00,温州区域,温州直营,,,否,-,平台配送
圣比萨（双塔店）,SBS00037,温州,"8093270254130444619	",饿了么,平台外卖,已完成,2025-10-20 11:43:28,2025-10-20 11:43:28,2025-10-20 11:43:28,饿了么支付-在线支付,,即时单,2025-10-20 11:43:28,11.75,手动出餐,1,否,"明星小食桶A（35.00*1）,7英寸披萨买一送一[浪漫威尼斯披萨7英寸+日系照烧鸡披萨7英寸]（86.80*1）,餐盒（5.00*1）",明星小食桶A+浪漫威尼斯披萨【7英寸(手拍)】+日系照烧鸡披萨【7英寸(手拍)】,,,,非会员,5,,,依据餐量提供餐具,,121.80,37.28,75.00,0.00,0,0,5.07,0.00,3.90,【活动支出】店铺满减:2.00元+【活动支出】单品特价:21.10元+【活动支出】单品特价:39.90元+【活动支出】饿了么红包:12.00元+【活动支出】替用户承担配送费:3.9元,-,-,-,5.00,温州区域,温州直营,,,否,-,平台配送
圣比萨（双塔店）,SBS00037,温州,"8080606088018056536	",饿了么,平台外卖,已完成,2025-10-20 11:45:40,2025-10-20 11:45:40,2025-10-20 11:45:40,饿了么支付-在线支付,,即时单,2025-10-20 11:45:40,9.48,手动出餐,1,否,"圣比至尊披萨-9英寸[{""name"":""规格"",""value"":""9英寸""}]（69.00*1）,餐盒（1.00*1）",大圣招牌大满贯披萨,,,,非会员,6,,,依据餐量提供餐具,,69.00,26.93,31.10,0.00,0,0,3.72,0.00,3.90,【活动支出】店铺满减:1.00元+【活动支出】单品特价:25.10元+【活动支出】饿了么红包:5.00元+【活动支出】替用户承担配送费:3.9元,-,-,-,1.00,温州区域,温州直营,,,否,-,平台配送
圣比萨（双塔店）,SBS00037,温州,"8013986088025412886	",饿了么,平台外卖,已完成,2025-10-20 12:48:54,2025-10-20 12:48:54,2025-10-20 12:48:54,饿了么支付-在线支付,,即时单,2025-10-20 12:48:54,7.50,手动出餐,1,否,"榴莲王披萨.-7英寸[{""name"":""规格"",""value"":""7英寸""}]（52.99*1）,奥尔良烤翅（14.88*1）,餐盒（3.00*1）",榴莲王披萨+奥尔良烤翅,,,,非会员,7,,,依据餐量提供餐具,,67.87,27.74,31.07,0.00,0,0,3.81,0.00,3.90,【活动支出】店铺满减:1.00元+【活动支出】单品特价:19.09元+【活动支出】单品特价:1.98元+【活动支出】饿了么红包:9.00元+【活动支出】替用户承担配送费:3.9元,-,-,-,3.00,温州区域,温州直营,,,否,-,平台配送
圣比萨（双塔店）,SBS00037,温州,"8082986088109435261	",饿了么,平台外卖,已完成,2025-10-20 14:33:56,2025-10-20 14:33:56,2025-10-20 14:33:56,饿了么支付-在线支付,,即时单,2025-10-20 14:33:56,10.08,自动出餐,1,否,"奥尔良烤翅（14.88*2）,金沙咸蛋黄嫩鸡披萨-9英寸(经典手拍)[{""name"":""规格"",""value"":""9英寸(经典手拍)""}]（92.00*1）,餐盒（3.00*1）",奥尔良烤翅+金沙咸蛋黄嫩鸡披萨,,,,非会员,8,,,依据餐量提供餐具,,121.76,46.13,61.06,0.00,0,0,6.32,0.00,3.90,【活动支出】店铺满减:2.00元+【活动支出】单品特价:3.96元+【活动支出】单品特价:50.10元+【活动支出】吃货豆兑换的商家券:5.00元+【活动支出】替用户承担配送费:3.9元,-,-,-,3.00,温州区域,温州直营,,,否,-,平台配送
圣比萨（双塔店）,SBS00037,温州,"8059250254109475251	",饿了么,平台外卖,已完成,2025-10-20 14:49:01,2025-10-20 14:49:01,2025-10-20 14:49:02,饿了么支付-在线支付,,即时单,2025-10-20 14:49:01,8.98,手动出餐,1,否,"【随心拼】7英寸披萨(口味自选）[水果+花果山]（54.00*1）,餐盒（2.00*1）",双拼7寸【缤纷水果口味7】+双拼7寸【花果山口味7】,,,,非会员,9,,,依据餐量提供餐具,,54.00,10.92,34.10,0.00,0,0,1.93,0.00,7.80,【活动支出】单品特价:27.10元+【活动支出】饿了么红包:7.00元+【活动支出】替用户承担配送费:5.0元,-,-,-,2.00,温州区域,温州直营,,,否,-,平台配送
圣比萨（双塔店）,SBS00037,温州,"8007430254323657205	",饿了么,平台外卖,已完成,2025-10-20 16:36:00,2025-10-20 16:36:00,2025-10-20 16:36:00,饿了么支付-在线支付,,即时单,2025-10-20 16:36:00,6.63,手动出餐,1,否,任选披萨5选1+小吃4选1+饮料套餐[培根披萨7英寸+上校鸡块2个+小可乐]（68.00*1）,培根披萨【7英寸(手拍)】+上校鸡块2个+小可乐,,,,非会员,10,,,1份餐具,,68.00,12.17,48.28,0.00,0,0,1.70,0.00,3.90,【活动支出】单品特价:48.28元+【活动支出】替用户承担配送费:3.9元,-,-,-,0.00,温州区域,温州直营,,,否,-,平台配送
圣比萨（双塔店）,SBS00037,温州,"8005350254233708871	",饿了么,平台外卖,已完成,2025-10-20 16:51:39,2025-10-20 16:51:39,2025-10-20 16:51:40,饿了么支付-在线支付,,即时单,2025-10-20 16:51:39,6.05,手动出餐,1,否,任选披萨5选1+小吃4选1+饮料套餐[缤纷水果披萨7英寸+深海墨鱼丸2个+柠檬茶]（68.00*1）,缤纷水果披萨【7英寸(手拍)】+深海墨鱼丸2个+柠檬茶,,,,非会员,11,,,依据餐量提供餐具,,68.00,12.17,48.28,0.00,0,0,1.70,0.00,3.90,【活动支出】单品特价:48.28元+【活动支出】替用户承担配送费:3.9元,-,-,-,0.00,温州区域,温州直营,,,否,-,平台配送
圣比萨（双塔店）,SBS00037,温州,"8016310254254688598	",饿了么,平台外卖,已完成,2025-10-20 17:07:22,2025-10-20 17:07:22,2025-10-20 17:07:22,饿了么支付-在线支付,,即时单,2025-10-20 17:07:22,7.85,手动出餐,1,否,"缤纷水果披萨-7英寸[{""name"":""规格"",""value"":""7英寸""}]（45.99*1）,奥尔良烤翅（14.88*1）,经典薯条（12.00*1）,深海墨鱼丸-3个[{""name"":""规格"",""value"":""3个""}]（10.60*1）,餐盒（5.00*1）",缤纷水果披萨+奥尔良烤翅+经典薯条+深海墨鱼丸,,,,非会员,12,,,无需餐具,,83.47,35.31,38.87,0.00,0,0,4.84,0.00,3.90,【活动支出】店铺满减:2.00元+【活动支出】单品特价:20.09元+【活动支出】单品特价:1.98元+【活动支出】单品特价:3.10元+【活动支出】单品特价:4.70元+【活动支出】超级会员专享红包:5.00元+【活动支出】 商家自营销加码:2.00元+【活动支出】替用户承担配送费:3.9元,-,-,-,5.00,温州区域,温州直营,,,否,-,平台配送
圣比萨（双塔店）,SBS00037,温州,"8036976088161466681	",饿了么,平台外卖,已完成,2025-10-20 17:14:25,2025-10-20 17:14:25,2025-10-20 17:14:26,饿了么支付-在线支付,,即时单,2025-10-20 17:14:25,7.05,手动出餐,1,否,"新奥尔良烤鸡肉披萨-7英寸[{""name"":""规格"",""value"":""7英寸""}]（39.00*1）,餐盒（2.00*1）",新奥尔良烤鸡肉披萨,,,,非会员,13,,,依据餐量提供餐具,,39.00,12.33,21.10,0.00,0,0,1.72,0.00,3.90,【活动支出】单品特价:16.10元+【活动支出】饿了么红包:5.00元+【活动支出】替用户承担配送费:3.9元,-,-,-,2.00,温州区域,温州直营,,,否,-,平台配送
圣比萨（双塔店）,SBS00037,温州,"8058440254265217488	",饿了么,平台外卖,已完成,2025-10-20 17:19:26,2025-10-20 17:19:26,2025-10-20 17:19:27,饿了么支付-在线支付,,即时单,2025-10-20 17:19:26,10.05,手动出餐,1,否,手握三选一-单点[奥尔良]（20.00*1）,奥尔良风情烤鸡肉一人食盒子披萨,,,,非会员,14,,,依据餐量提供餐具,,20.00,10.00,0.00,0.00,0,0,0.00,0.00,,【活动支出】爆品团通吃券:0.00元,-,-,-,0.00,温州区域,温州直营,,,否,-,平台配送
圣比萨（双塔店）,SBS00037,温州,"8016350254266661176	",饿了么,平台外卖,已完成,2025-10-20 17:28:43,2025-10-20 17:28:43,2025-10-20 17:28:43,饿了么支付-在线支付,,即时单,2025-10-20 17:28:43,10.22,自动出餐,1,否,"新奥尔良烤鸡肉披萨-7英寸[{""name"":""规格"",""value"":""7英寸""}]（39.00*1）,【新品宠粉】香烤地道肠1根（7.50*1）,餐盒（3.00*1）",新奥尔良烤鸡肉披萨+地道肠1根,,,,非会员,15,,,1份餐具,,46.50,11.35,28.01,0.00,0,0,1.89,0.00,6.60,【活动支出】单品特价:16.10元+【活动支出】单品特价:4.91元+【活动支出】 商家自营销加码:2.00元+【活动支出】饿了么红包:5.00元+【活动支出】替用户承担配送费:5.0元,-,-,-,3.00,温州区域,温州直营,,,否,-,平台配送
圣比萨（双塔店）,SBS00037,温州,"8035100254274470296	",饿了么,平台外卖,已完成,2025-10-20 17:30:09,2025-10-20 17:30:09,2025-10-20 17:30:09,饿了么支付-在线支付,,即时单,2025-10-20 17:30:09,12.05,自动出餐,1,否,"【随心拼】7英寸披萨(口味自选）[奥尔良+日系照烧]（54.00*1）,餐盒（2.00*1）",双拼7寸【奥尔良口味7】+双拼7寸【日系照烧口味7】,,,,非会员,16,,,1份餐具,,54.00,14.12,34.10,0.00,0,0,1.93,0.00,3.90,【活动支出】单品特价:27.10元+【活动支出】饿了么红包:7.00元+【活动支出】替用户承担配送费:3.9元,-,-,-,2.00,温州区域,温州直营,,,否,-,平台配送
圣比萨（双塔店）,SBS00037,温州,"8001420254384165276	",饿了么,平台外卖,已完成,2025-10-20 18:12:13,2025-10-20 18:12:13,2025-10-20 18:12:13,饿了么支付-在线支付,,即时单,2025-10-20 18:12:13,9.93,手动出餐,1,否,"缤纷水果披萨-7英寸[{""name"":""规格"",""value"":""7英寸""}]（45.99*1）,【随心拼】7英寸披萨(口味自选）[培根鸡肉+花果山]（54.00*1）,深海墨鱼丸-3个[{""name"":""规格"",""value"":""3个""}]（10.60*1）,餐盒（5.00*1）",缤纷水果披萨+双拼7寸【碳烤鸡肉培根口味7】+双拼7寸【花果山口味7】+深海墨鱼丸,,,,非会员,17,,,依据餐量提供餐具,,110.59,41.06,58.89,0.00,0,0,5.59,0.00,3.90,【活动支出】店铺满减:2.00元+【活动支出】单品特价:20.09元+【活动支出】单品特价:27.10元+【活动支出】单品特价:4.70元+【活动支出】饿了么红包:5.00元+【活动支出】替用户承担配送费:3.9元,-,-,-,5.00,温州区域,温州直营,,,否,-,平台配送
圣比萨（双塔店）,SBS00037,温州,"8069636088146970915	",饿了么,平台外卖,已完成,2025-10-20 18:12:42,2025-10-20 18:12:42,2025-10-20 18:12:42,饿了么支付-在线支付,,即时单,2025-10-20 18:12:42,9.48,手动出餐,1,否,"番茄牛肉意面（52.00*1）,餐盒（2.00*1）",番茄牛肉意面,,,,非会员,18,,,依据餐量提供餐具,,52.00,17.10,28.10,0.00,0,0,2.35,0.00,3.90,【活动支出】单品特价:28.10元+【活动支出】替用户承担配送费:3.9元,-,-,-,2.00,温州区域,温州直营,,,否,-,平台配送
圣比萨（双塔店）,SBS00037,温州,"8057030254317630973	",饿了么,平台外卖,已完成,2025-10-20 19:23:38,2025-10-20 19:23:38,2025-10-20 19:23:38,饿了么支付-在线支付,,即时单,2025-10-20 19:23:38,12.10,自动出餐,1,否,"任选披萨7选1+小吃6选1+饮品[圣比招牌披萨7英寸+盐酥鸡米花小份+柠檬茶]（70.00*1）,餐盒（2.00*1）",大圣招牌大满贯披萨【7英寸(手拍)】+盐酥鸡米花小份+柠檬茶,,,,非会员,19,,,无需餐具,,70.00,16.20,47.10,0.00,0,0,2.25,0.00,3.90,【活动支出】单品特价:38.10元+【活动支出】粉丝群:2.00元+【活动支出】饿了么红包:7.00元+【活动支出】替用户承担配送费:3.9元,-,-,-,2.00,温州区域,温州直营,,,否,-,平台配送
圣比萨（双塔店）,SBS00037,温州,"8090996088207474958	",饿了么,平台外卖,已完成,2025-10-20 19:29:53,2025-10-20 19:29:53,2025-10-20 19:29:53,饿了么支付-在线支付,,即时单,2025-10-20 19:29:53,10.67,手动出餐,1,否,手握三选一+二选一+可乐-单点[缤纷水果+盐酥鸡 小份+可乐]（24.00*1）,小可乐+热带雨林水果一人食盒子披萨,,,,非会员,20,,,依据餐量提供餐具,,24.00,14.00,0.00,0.00,0,0,0.00,0.00,,【活动支出】拼团反圈活动:0.00元,-,-,-,0.00,温州区域,温州直营,,,否,-,平台配送
圣比萨（双塔店）,SBS00037,温州,"8099040254434899227	",饿了么,平台外卖,已完成,2025-10-20 19:53:42,2025-10-20 19:53:42,2025-10-20 19:53:42,饿了么支付-在线支付,,即时单,2025-10-20 19:53:42,5.33,手动出餐,1,否,"任意爆款意面一人食套餐[番茄牛肉意面+上校鸡块4个+港式奶茶]（57.00*1）,餐盒（2.00*1）",番茄牛肉意面+上校鸡块+港式奶茶,,,,非会员,21,,,依据餐量提供餐具,,57.00,16.19,32.10,0.00,0,0,2.46,0.00,6.60,【活动支出】单品特价:25.10元+【活动支出】 商家自营销加码:2.00元+【活动支出】饿了么红包:5.00元+【活动支出】替用户承担配送费:5.0元,-,-,-,2.00,温州区域,温州直营,,,否,-,平台配送
圣比萨（双塔店）,SBS00037,温州,"8004796088218085720	",饿了么,平台外卖,已完成,2025-10-20 20:53:50,2025-10-20 20:53:50,2025-10-20 20:53:50,饿了么支付-在线支付,,即时单,2025-10-20 20:53:50,8.53,手动出餐,1,否,"新奥尔良烤鸡肉披萨-7英寸[{""name"":""规格"",""value"":""7英寸""}]（39.00*1）,餐盒（2.00*1）",新奥尔良烤鸡肉披萨,,,,非会员,22,,,依据餐量提供餐具,,39.00,9.64,23.10,0.00,0,0,1.51,0.00,4.90,【活动支出】单品特价:16.10元+【活动支出】超级会员专享红包:5.00元+【活动支出】 商家自营销加码:2.00元+【活动支出】替用户承担配送费:4.9元,-,-,-,2.00,温州区域,温州直营,,,否,-,平台配送
圣比萨（双塔店）,SBS00037,温州,"8088050254268502375	",饿了么,平台外卖,已完成,2025-10-20 21:09:34,2025-10-20 21:09:34,2025-10-20 21:09:34,饿了么支付-在线支付,,即时单,2025-10-20 21:09:34,10.13,自动出餐,1,否,"碳烤鸡肉培根披萨-12英寸[{""name"":""规格"",""value"":""12英寸""}]（99.00*1）,餐盒（1.00*1）",碳烤鸡肉培根披萨,,,,非会员,23,,,水果，青椒，豆豆之类的都不要放。 / 依据餐量提供餐具,,99.00,30.31,56.10,0.00,0,0,4.24,0.00,6.00,【活动支出】店铺满减:1.00元+【活动支出】单品特价:47.10元+【活动支出】超级会员专享红包:8.00元+【活动支出】 商家自营销加码:0.00元+【活动支出】替用户承担配送费:5.0元,-,-,-,1.00,温州区域,温州直营,,,否,-,平台配送
圣比萨（双塔店）,SBS00037,温州,"8098210254362211599	",饿了么,平台外卖,已完成,2025-10-20 22:05:48,2025-10-20 22:05:48,2025-10-20 22:05:49,饿了么支付-在线支付,,即时单,2025-10-20 22:05:48,10.03,自动出餐,1,否,"可乐[冷]（6.00*1）,金牌芝士披萨7英寸[7英寸]（42.99*1）,餐盒（2.00*1）",可乐+金牌芝士披萨【7英寸(手拍)】,,,,非会员,24,,,依据餐量提供餐具,,48.99,11.82,29.09,0.00,0,0,1.93,0.00,8.70,【活动支出】单品特价:1.00元+【活动支出】单品特价:19.09元+【活动支出】粉丝群:2.00元+【活动支出】饿了么红包:7.00元+【活动支出】替用户承担配送费:5.0元,-,-,-,2.00,温州区域,温州直营,,,否,-,平台配送
圣比萨（双塔店）,SBS00037,温州,"8068290254390294985	",饿了么,平台外卖,已完成,2025-10-20 22:33:48,2025-10-20 22:33:48,2025-10-20 22:33:49,饿了么支付-在线支付,,即时单,2025-10-20 22:33:48,8.48,手动出餐,1,否,"玉米沙拉披萨-7英寸[{""name"":""规格"",""value"":""7英寸""}]（40.00*1）,柠檬茶[常温]（6.00*1）,餐盒（3.00*1）",玉米沙拉披萨+柠檬茶,,,,非会员,25,,,依据餐量提供餐具,,46.00,19.49,19.20,0.00,0,0,2.76,0.00,6.50,【活动支出】单品特价:14.10元+【活动支出】单品特价:0.10元+【活动支出】饿了么红包:5.00元+【活动支出】替用户承担配送费:5.0元,-,-,-,3.00,温州区域,温州直营,,,否,-,平台配送
圣比萨（玉环沙门店）,SBM00034,台州,"8044350253952920971	",饿了么,平台外卖,已完成,2025-10-20 10:21:44,2025-10-20 10:21:44,2025-10-20 10:21:44,饿了么支付-在线支付,,即时单,2025-10-20 10:21:44,10.13,自动出餐,1,否,"番茄牛肉意面（25.90*1）,餐盒（2.00*1）",番茄牛肉意面,,,,非会员,1,,,依据餐量提供餐具,,25.90,14.10,7.00,0.00,0,0,1.30,0.00,2.80,【活动支出】超级会员专享红包:5.00元+【活动支出】 商家自营销加码:2.00元+【活动支出】替用户承担配送费:2.8元,-,-,-,2.00,台州区域,台州加盟,,,否,-,平台配送
圣比萨（玉环沙门店）,SBM00034,台州,"8096806087961711053	",饿了么,平台外卖,已完成,2025-10-20 10:31:31,2025-10-20 10:31:31,2025-10-20 10:31:32,饿了么支付-在线支付,,即时单,2025-10-20 10:31:31,10.12,自动出餐,1,否,"【随心❤️拼】7英寸双拼披萨（口味自选）[新奥尔良烤鸡肉+日系照烧鸡]（26.90*1）,奶酪芝士卷边（7英寸）（4.90*1）,点击右上角❤️收藏得小吃[上校鸡块2个]（3.00*1）,蛋挞一个（原味）（3.90*1）,餐盒（3.00*1）",双拼7寸【奥尔良口味7】+双拼7寸【日系照烧口味7】+奶酪芝士卷边7+上校鸡块2个+蛋挞1个,,,,非会员,2,,,依据餐量提供餐具,,38.70,21.70,11.81,0.00,0,0,1.99,0.00,2.30,【活动支出】单品特价:2.90元+【活动支出】单品特价:2.91元+【活动支出】饿了么红包:6.00元+【活动支出】替用户承担配送费:2.3元,-,-,-,3.00,台州区域,台州加盟,,,否,-,平台配送
圣比萨（玉环沙门店）,SBM00034,台州,"8028876087946540415	",饿了么,平台外卖,已完成,2025-10-20 10:41:35,2025-10-20 10:41:35,2025-10-20 10:41:35,饿了么支付-在线支付,,即时单,2025-10-20 10:41:35,10.02,自动出餐,1,否,"【随心❤️拼】7英寸双拼披萨（口味自选）[新奥尔良烤鸡肉+缤纷水果]（26.90*1）,餐盒（2.00*1）",双拼7寸【奥尔良口味7】+双拼7寸【缤纷水果口味7】,,,,非会员,3,,,依据餐量提供餐具,,26.90,12.88,7.00,0.00,0,0,1.32,0.00,3.80,【活动支出】饿了么红包:7.00元+【活动支出】替用户承担配送费:3.8元,-,-,-,2.00,台州区域,台州加盟,,,否,-,平台配送
圣比萨（玉环沙门店）,SBM00034,台州,"8072420254014163278	",饿了么,平台外卖,已完成,2025-10-20 11:33:33,2025-10-20 11:33:33,2025-10-20 11:33:34,饿了么支付-在线支付,,即时单,2025-10-20 11:33:33,12.08,自动出餐,1,否,"新奥尔良烤鸡肉披萨-7英寸(手拍)[{""name"":""规格"",""value"":""7英寸(手拍)""}]（23.90*1）,餐盒（2.00*1）",新奥尔良烤鸡肉披萨,,,,非会员,4,,,1份餐具,,23.90,10.59,7.00,0.00,0,0,1.11,0.00,3.80,【活动支出】饿了么红包:7.00元+【活动支出】替用户承担配送费:3.8元,-,-,-,2.00,台州区域,台州加盟,,,否,-,平台配送
圣比萨（玉环沙门店）,SBM00034,台州,"8010896088022910266	",饿了么,平台外卖,已完成,2025-10-20 11:47:23,2025-10-20 11:47:23,2025-10-20 11:47:24,饿了么支付-在线支付,,即时单,2025-10-20 11:47:23,12.08,自动出餐,1,否,"新奥尔良烤鸡肉披萨-7英寸(手拍)[{""name"":""规格"",""value"":""7英寸(手拍)""}]（23.90*1）,奶酪芝士卷边（7英寸）（4.90*1）,餐盒（2.00*1）",新奥尔良烤鸡肉披萨+奶酪芝士卷边7,,,,非会员,5,,,1份餐具,,28.80,16.65,7.00,0.00,0,0,1.55,0.00,2.30,【活动支出】 商家自营销加码:2.00元+【活动支出】饿了么红包:5.00元+【活动支出】替用户承担配送费:2.3元,-,-,-,2.00,台州区域,台州加盟,,,否,-,平台配送
圣比萨（玉环沙门店）,SBM00034,台州,"8056936088032168406	",饿了么,平台外卖,已完成,2025-10-20 13:18:17,2025-10-20 13:18:17,2025-10-20 13:18:17,饿了么支付-在线支付,,即时单,2025-10-20 13:18:17,12.05,自动出餐,1,否,"【随心❤️拼】7英寸双拼披萨（口味自选）[新奥尔良烤鸡肉+日系照烧鸡]（26.90*1）,奶酪芝士卷边（7英寸）（4.90*1）,餐盒（2.00*1）",双拼7寸【奥尔良口味7】+双拼7寸【日系照烧口味7】+奶酪芝士卷边7,,,,非会员,6,,,1份餐具,,31.80,19.76,6.00,0.00,0,0,1.84,0.00,2.30,【活动支出】饿了么红包:6.00元+【活动支出】替用户承担配送费:2.3元,-,-,-,2.00,台州区域,台州加盟,,,否,-,平台配送
圣比萨（玉环沙门店）,SBM00034,台州,"8048966088054869503	",饿了么,平台外卖,已完成,2025-10-20 14:38:14,2025-10-20 14:38:14,2025-10-20 14:38:15,饿了么支付-在线支付,,即时单,2025-10-20 14:38:14,10.20,自动出餐,1,否,"【随心❤️拼】7英寸双拼披萨（口味自选）[玉米沙拉+日系照烧鸡]（26.90*1）,餐盒（2.00*1）",双拼7寸【玉米沙拉口味7】+双拼7寸【日系照烧口味7】,,,,非会员,7,,,依据餐量提供餐具,,26.90,14.06,7.00,0.00,0,0,1.34,0.00,3.30,【活动支出】超级会员专享红包:5.00元+【活动支出】 商家自营销加码:2.00元+【活动支出】替用户承担配送费:3.3元,-,-,-,2.00,台州区域,台州加盟,,,否,-,平台配送
圣比萨（玉环沙门店）,SBM00034,台州,"8054010254254223768	",饿了么,平台外卖,已完成,2025-10-20 16:57:57,2025-10-20 16:57:57,2025-10-20 16:57:58,饿了么支付-在线支付,,即时单,2025-10-20 16:57:57,10.00,自动出餐,1,否,"深海墨鱼丸-3个[{""name"":""规格"",""value"":""3个""}]（5.90*1）,番茄牛肉意面（25.90*1）,可口可乐[常温]（6.00*1）,蛋挞一个（原味）（3.90*1）,地道肠（3.90*1）,香烤鸡翅-2只[{""name"":""规格"",""value"":""2只""}]（10.90*1）,餐盒（4.00*1）",深海墨鱼丸+番茄牛肉意面+小可乐+蛋挞1个+地道肠1根+香烤鸡翅,,,,非会员,8,,,不要葱不要香菜不要蒜 / 依据餐量提供餐具,,56.50,37.79,10.91,0.00,0,0,3.40,0.00,2.30,【活动支出】店铺满减:1.00元+【活动支出】单品特价:2.91元+【活动支出】饿了么红包:7.00元+【活动支出】替用户承担配送费:2.3元,-,-,-,4.00,台州区域,台州加盟,,,否,-,平台配送
圣比萨（玉环沙门店）,SBM00034,台州,"8054010254287838603	",饿了么,平台外卖,已完成,2025-10-20 17:58:08,2025-10-20 17:58:08,2025-10-20 17:58:09,饿了么支付-在线支付,,预约单,2025-10-20 21:40:00,176.97,自动出餐,1,否,"深海墨鱼丸-3个[{""name"":""规格"",""value"":""3个""}]（5.90*1）,黑椒牛肉意面（30.90*1）,可口可乐[常温]（6.00*1）,奥尔良烤翅（9.90*1）,蛋挞一个（原味）（3.90*1）,地道肠（3.90*1）,餐盒（4.00*1）",深海墨鱼丸+黑椒牛肉意面+小可乐+奥尔良烤翅+蛋挞1个+地道肠1根,,,,非会员,9,,,不要葱不要香菜不要蒜 / 依据餐量提供餐具,,60.50,37.29,13.91,0.00,0,0,3.40,0.00,3.30,【活动支出】店铺满减:2.00元+【活动支出】单品特价:2.91元+【活动支出】饿了么红包:9.00元+【活动支出】替用户承担配送费:3.3元,-,-,-,4.00,台州区域,台州加盟,,,否,-,平台配送
圣比萨（玉环沙门店）,SBM00034,台州,"8046976088215913953	",饿了么,平台外卖,已完成,2025-10-20 18:36:43,2025-10-20 18:36:43,2025-10-20 18:36:43,饿了么支付-在线支付,,即时单,2025-10-20 18:36:43,12.15,自动出餐,1,否,"【任选】披萨随心配（36.80*1）,餐盒（2.00*1）",上校鸡块+不加一+碳烤鸡肉培根披萨(7英寸(手拍))+芒果汁+盐酥鸡米花小份,,,,非会员,10,,,依据餐量提供餐具,,36.80,22.55,8.00,0.00,0,0,2.05,0.00,2.30,【活动支出】店铺满减:1.00元+【活动支出】超级会员专享红包:5.00元+【活动支出】 商家自营销加码:2.00元+【活动支出】替用户承担配送费:2.3元,-,-,-,2.00,台州区域,台州加盟,,,否,-,平台配送
圣比萨（玉环沙门店）,SBM00034,台州,"8059420254460044736	",饿了么,平台外卖,已完成,2025-10-20 21:27:31,2025-10-20 21:27:31,2025-10-20 21:27:32,饿了么支付-在线支付,,即时单,2025-10-20 21:27:31,10.03,自动出餐,1,否,"明星至尊桶（39.90*1）,餐盒（1.00*1）",明星至尊桶,,,,非会员,11,,,依据餐量提供餐具,,39.90,23.07,8.00,0.00,0,0,2.13,0.00,3.30,【活动支出】店铺满减:1.00元+【活动支出】 商家自营销加码:2.00元+【活动支出】饿了么红包:5.00元+【活动支出】替用户承担配送费:3.3元,-,-,-,1.00,台州区域,台州加盟,,,否,-,平台配送
圣比萨（玉环沙门店）,SBM00034,台州,"8080736088289641869	",饿了么,平台外卖,已完成,2025-10-20 21:48:46,2025-10-20 21:48:46,2025-10-20 21:48:47,饿了么支付-在线支付,,即时单,2025-10-20 21:48:46,10.02,自动出餐,1,否,"新奥尔良烤鸡肉披萨-7英寸(手拍)[{""name"":""规格"",""value"":""7英寸(手拍)""}]（23.90*1）,奶酪芝士卷边（7英寸）（4.90*1）,餐盒（2.00*1）",新奥尔良烤鸡肉披萨+奶酪芝士卷边7,,,,非会员,12,,,依据餐量提供餐具,,28.80,15.04,7.00,0.00,0,0,1.46,0.00,3.80,【活动支出】超级会员专享红包:5.00元+【活动支出】 商家自营销加码:2.00元+【活动支出】替用户承担配送费:3.8元,-,-,-,2.00,台州区域,台州加盟,,,否,-,平台配送
圣比萨（欧洲城店）,SBS00001,温州,"8092826087914930492	",饿了么,平台外卖,已完成,2025-10-20 10:36:04,2025-10-20 10:36:04,2025-10-20 10:36:04,饿了么支付-在线支付,,即时单,2025-10-20 10:36:04,9.48,手动出餐,1,否,"经典薯条（18.00*1）,【随心❤️拼】7英寸披萨(口味自选）[奥尔良+水果]（54.00*1）,餐盒（3.00*1）",经典薯条+双拼7寸【奥尔良口味7】+双拼7寸【缤纷水果口味7】,,,,非会员,1,,,依据餐量提供餐具,,72.00,19.53,47.20,0.00,0,0,1.82,0.00,3.50,【活动支出】首次光顾立减:1.00元+【活动支出】单品特价:9.10元+【活动支出】单品特价:29.10元+【活动支出】饿了么红包:8.00元+【活动支出】替用户承担配送费:3.5元,-,-,-,3.00,温州区域,温州直营,,,否,-,平台配送
圣比萨（欧洲城店）,SBS00001,温州,"8029746087955577210	",饿了么,平台外卖,已完成,2025-10-20 10:52:00,2025-10-20 10:52:00,2025-10-20 10:52:00,饿了么支付-在线支付,,即时单,2025-10-20 10:52:00,10.02,自动出餐,1,否,手握三选一-单点[缤纷水果]（20.00*1）,热带雨林水果一人食盒子披萨,,,,非会员,2,,,对骑手∶放门口柜子上拍照，不用敲门不用打电话。 / 依据餐量提供餐具,,20.00,10.00,0.00,0.00,0,0,0.00,0.00,,【活动支出】爆品团通吃券:0.00元,-,-,-,0.00,温州区域,温州直营,,,否,-,平台配送
圣比萨（欧洲城店）,SBS00001,温州,"8036400254061290994	",饿了么,平台外卖,已完成,2025-10-20 10:56:48,2025-10-20 10:56:48,2025-10-20 10:56:49,饿了么支付-在线支付,,即时单,2025-10-20 10:56:48,10.02,自动出餐,1,否,"榴莲王披萨-12英寸(手拍)[{""name"":""规格"",""value"":""12英寸(手拍)""}]（129.00*1）,餐盒（1.00*1）",榴莲王披萨,,,,非会员,3,,,无需餐具,,129.00,36.04,81.10,0.00,0,0,3.41,0.00,3.50,【活动支出】店铺满减:2.00元+【活动支出】单品特价:67.10元+【活动支出】饿了么红包:12.00元+【活动支出】淘金币:0.00元+【活动支出】替用户承担配送费:3.5元,-,-,-,1.00,温州区域,温州直营,,,否,-,平台配送
圣比萨（欧洲城店）,SBS00001,温州,"8025390253985458470	",饿了么,平台外卖,已完成,2025-10-20 11:03:00,2025-10-20 11:03:00,2025-10-20 11:03:00,饿了么支付-在线支付,,即时单,2025-10-20 11:03:00,10.02,自动出餐,1,否,"【任选5件套】披萨意面我全都要[碳烤鸡肉培根7英寸+番茄牛肉意面+小食桶C+柠檬茶+港式奶茶]（128.00*1）,餐盒（2.00*1）",碳烤鸡肉培根披萨【7英寸(手拍)】+番茄牛肉意面+明星小食桶C+柠檬茶+港式奶茶,,,,非会员,4,,,依据餐量提供餐具,,128.00,31.12,86.10,0.00,0,0,3.03,0.00,4.00,【活动支出】店铺满减:2.00元+【活动支出】首次光顾立减:1.00元+【活动支出】单品特价:68.10元+【活动支出】粉丝群:3.00元+【活动支出】饿了么红包:12.00元+【活动支出】替用户承担配送费:4.0元,-,-,-,2.00,温州区域,温州直营,,,否,-,平台配送
圣比萨（欧洲城店）,SBS00001,温州,"8057516087965592017	",饿了么,平台外卖,已完成,2025-10-20 11:25:37,2025-10-20 11:25:37,2025-10-20 11:25:37,饿了么支付-在线支付,,即时单,2025-10-20 11:25:37,7.17,手动出餐,1,否,"明星小食桶A（35.00*1）,【随心❤️拼】7英寸披萨(口味自选）[奥尔良+日系照烧]（54.00*1）,餐盒（4.00*1）",上校鸡块+经典薯条+深海墨鱼丸2个+双拼7寸【奥尔良口味7】+双拼7寸【日系照烧口味7】,,,,非会员,5,,,1份餐具,,89.00,26.65,56.20,0.00,0,0,2.50,0.00,3.50,【活动支出】店铺满减:1.00元+【活动支出】首次光顾立减:1.00元+【活动支出】单品特价:25.10元+【活动支出】单品特价:29.10元+【活动支出】替用户承担配送费:3.5元,-,-,-,4.00,温州区域,温州直营,,,否,-,平台配送
圣比萨（欧洲城店）,SBS00001,温州,"8028250254194006435	",饿了么,平台外卖,已完成,2025-10-20 11:27:20,2025-10-20 11:27:20,2025-10-20 11:27:20,饿了么支付-在线支付,,即时单,2025-10-20 11:27:20,6.28,手动出餐,1,否,"缤纷水果披萨-7英寸(手拍)[{""name"":""规格"",""value"":""7英寸(手拍)""}]（42.00*1）,芝士焗红薯泥（19.00*1）,柠檬茶[常温]（6.00*1）,餐盒（3.00*1）",缤纷水果披萨+芝士焗红薯泥+柠檬茶,,,,非会员,6,,,依据餐量提供餐具,,67.00,27.02,32.80,0.00,0,0,2.53,0.00,3.50,【活动支出】单品特价:23.70元+【活动支出】单品特价:9.10元+【活动支出】替用户承担配送费:3.5元,-,-,-,3.00,温州区域,温州直营,,,否,-,平台配送
圣比萨（欧洲城店）,SBS00001,温州,"8034130254013177140	",饿了么,平台外卖,已完成,2025-10-20 11:34:28,2025-10-20 11:34:28,2025-10-20 11:34:28,饿了么支付-在线支付,,即时单,2025-10-20 11:34:28,9.98,手动出餐,1,否,"【任选5件套】披萨意面我全都要[圣比招牌披萨7英寸+番茄牛肉意面+小食桶B+芒果汁+柠檬茶]（128.00*1）,餐盒（2.00*1）",大圣招牌大满贯披萨【7英寸(手拍)】+番茄牛肉意面+明星小食桶B+芒果汁+柠檬茶,,,,非会员,7,,,依据餐量提供餐具,,128.00,35.72,82.10,0.00,0,0,3.33,0.00,3.50,【活动支出】店铺满减:2.00元+【活动支出】单品特价:68.10元+【活动支出】饿了么红包:12.00元+【活动支出】替用户承担配送费:3.5元,-,-,-,2.00,温州区域,温州直营,,,否,-,平台配送
圣比萨（欧洲城店）,SBS00001,温州,"8053060254120602915	",饿了么,平台外卖,已完成,2025-10-20 11:36:55,2025-10-20 11:36:55,2025-10-20 11:36:55,饿了么支付-在线支付,,即时单,2025-10-20 11:36:55,7.57,手动出餐,1,否,"榴莲王披萨-7英寸(经典手拍)[{""name"":""规格"",""value"":""7英寸(经典手拍)""}]（52.00*1）,餐盒（2.00*1）",榴莲王披萨,,,,非会员,8,,,不要葱，不要香菜，不要葱，不要香菜，不要葱，不要胡罗卜 / 无需餐具,,52.00,13.62,33.10,0.00,0,0,1.43,0.00,3.50,【活动支出】首次光顾立减:1.00元+【活动支出】单品特价:22.10元+【活动支出】精准营销红包:3.00元+【活动支出】饿了么红包:7.00元+【活动支出】替用户承担配送费:3.5元,-,-,-,2.00,温州区域,温州直营,,,否,-,平台配送
圣比萨（欧洲城店）,SBS00001,温州,"8025526087979968850	",饿了么,平台外卖,已完成,2025-10-20 11:47:50,2025-10-20 11:47:50,2025-10-20 11:47:50,饿了么支付-在线支付,,即时单,2025-10-20 11:47:50,4.55,手动出餐,1,否,"芒果汁[冷]（10.00*1）,招牌肉酱意面（52.00*2）,餐盒（3.00*1）",芒果汁+招牌肉酱意面,,,,非会员,9,,,"骑手，餐品当面交接
饮料不加冰快 / 2份餐具",,114.00,28.85,76.20,0.00,0,0,2.80,0.00,4.00,【活动支出】店铺满减:1.00元+【活动支出】单品特价:4.00元+【活动支出】单品特价:56.20元+【活动支出】粉丝群:3.00元+【活动支出】饿了么红包:12.00元+【活动支出】替用户承担配送费:4.0元,-,-,-,3.00,温州区域,温州直营,,,否,-,平台配送
圣比萨（欧洲城店）,SBS00001,温州,"8028916088025500935	",饿了么,平台外卖,已完成,2025-10-20 12:52:36,2025-10-20 12:52:36,2025-10-20 12:52:36,饿了么支付-在线支付,,即时单,2025-10-20 12:52:36,6.83,手动出餐,1,否,"新奥尔良烤鸡肉披萨-7英寸[{""name"":""规格"",""value"":""7英寸""}]（58.00*1）,餐盒（2.00*1）",新奥尔良烤鸡肉披萨,,,,非会员,10,,,依据餐量提供餐具,,58.00,8.62,44.10,0.00,0,0,1.43,0.00,3.50,【活动支出】首次光顾立减:1.00元+【活动支出】单品特价:36.10元+【活动支出】饿了么红包:7.00元+【活动支出】替用户承担配送费:3.5元,-,-,-,2.00,温州区域,温州直营,,,否,-,平台配送
圣比萨（欧洲城店）,SBS00001,温州,"8052290254179046727	",饿了么,平台外卖,已完成,2025-10-20 13:16:12,2025-10-20 13:16:12,2025-10-20 13:16:12,饿了么支付-在线支付,,即时单,2025-10-20 13:16:12,8.25,手动出餐,1,否,"奶酪芝士卷边（7英寸）（4.90*1）,碳烤鸡肉培根披萨-7英寸(手拍)[{""name"":""规格"",""value"":""7英寸(手拍)""}]（45.00*1）,餐盒（2.00*1）",奶酪芝士卷边7+碳烤鸡肉培根披萨,,,,非会员,11,,,依据餐量提供餐具,,49.90,15.50,29.10,0.00,0,0,1.45,0.00,3.50,【活动支出】首次光顾立减:1.00元+【活动支出】单品特价:21.10元+【活动支出】饿了么红包:7.00元+【活动支出】替用户承担配送费:3.5元,-,-,-,2.00,温州区域,温州直营,,,否,-,平台配送
圣比萨（欧洲城店）,SBS00001,温州,"8071070254181115213	",饿了么,平台外卖,已完成,2025-10-20 13:23:06,2025-10-20 13:23:06,2025-10-20 13:23:07,饿了么支付-在线支付,,即时单,2025-10-20 13:23:06,10.17,自动出餐,1,否,"蛋挞一个（原味）（5.00*1）,榴莲王披萨-12英寸(手拍)[{""name"":""规格"",""value"":""12英寸(手拍)""}]（129.00*1）,餐盒（2.00*1）",蛋挞1个+榴莲王披萨,,,,非会员,12,,,依据餐量提供餐具,,134.00,36.96,86.11,0.00,0,0,3.48,0.00,3.50,【活动支出】店铺满减:2.00元+【活动支出】首次光顾立减:1.00元+【活动支出】单品特价:4.01元+【活动支出】单品特价:67.10元+【活动支出】饿了么红包:12.00元+【活动支出】替用户承担配送费:3.5元,-,-,-,2.00,温州区域,温州直营,,,否,-,平台配送
圣比萨（欧洲城店）,SBS00001,温州,"8075300254191126901	",饿了么,平台外卖,已完成,2025-10-20 13:52:37,2025-10-20 13:52:37,2025-10-20 13:52:38,饿了么支付-在线支付,,即时单,2025-10-20 13:52:37,7.45,手动出餐,1,否,手握三选一-单点[奥尔良]（20.00*1）,奥尔良风情烤鸡肉一人食盒子披萨,,,,非会员,13,,,依据餐量提供餐具,,20.00,10.00,0.00,0.00,0,0,0.00,0.00,,【活动支出】拼团反圈活动:0.00元,-,-,-,0.00,温州区域,温州直营,,,否,-,平台配送
圣比萨（欧洲城店）,SBS00001,温州,"8025956088109913469	",饿了么,平台外卖,已完成,2025-10-20 14:37:22,2025-10-20 14:37:22,2025-10-20 14:37:23,饿了么支付-在线支付,,预约单,2025-10-20 16:55:00,88.37,手动出餐,1,否,"【任选】意面随心配（29.90*1）,餐盒（2.00*1）",可乐+不加一+地道肠1根+蛋挞1个+盐酥鸡米花小份+番茄牛肉意面+不加一,,,,非会员,14,,,1份餐具,,29.90,14.62,10.00,0.00,0,0,1.43,0.00,3.50,【活动支出】首次光顾立减:1.00元+【活动支出】精准营销:2.00元+【活动支出】饿了么红包:7.00元+【活动支出】替用户承担配送费:3.5元,-,-,-,2.00,温州区域,温州直营,,,否,-,平台配送
圣比萨（欧洲城店）,SBS00001,温州,"8063686088086915477	",饿了么,平台外卖,已完成,2025-10-20 14:55:21,2025-10-20 14:55:21,2025-10-20 14:55:21,饿了么支付-在线支付,,即时单,2025-10-20 14:55:21,9.30,手动出餐,1,否,"【任选2件套】买一送一7英寸披萨[浪漫威尼斯披萨7英寸+圣比招牌披萨7英寸]（86.80*1）,餐盒（2.00*1）",浪漫威尼斯披萨【7英寸(手拍)】+大圣招牌大满贯披萨【7英寸(手拍)】,,,,非会员,15,,,依据餐量提供餐具,,86.80,18.65,61.30,0.00,0,0,1.80,0.00,3.50,【活动支出】店铺满减:1.00元+【活动支出】单品特价:46.30元+【活动支出】精准营销:2.00元+【活动支出】饿了么红包:12.00元+【活动支出】替用户承担配送费:3.5元,-,-,-,2.00,温州区域,温州直营,,,否,-,平台配送
圣比萨（欧洲城店）,SBS00001,温州,"8021736088109099411	",饿了么,平台外卖,已完成,2025-10-20 14:57:47,2025-10-20 14:57:47,2025-10-20 14:57:47,饿了么支付-在线支付,,即时单,2025-10-20 14:57:47,10.23,自动出餐,1,否,"蛋挞一个（原味）（5.00*1）,【随心❤️拼】9英寸披萨(口味自选）[培根鸡肉+日系照烧]（80.00*1）,餐盒（3.00*1）",蛋挞1个+双拼9寸【鸡肉培根口味9】+双拼9寸【日系照烧口味9】,,,,非会员,16,,,"不要香菜, 不要葱 不要芹菜 / 依据餐量提供餐具",,85.00,18.69,61.11,0.00,0,0,1.75,0.00,3.50,【活动支出】店铺满减:1.00元+【活动支出】首次光顾立减:1.00元+【活动支出】单品特价:4.01元+【活动支出】单品特价:45.10元+【活动支出】粉丝群:3.00元+【活动支出】饿了么红包:7.00元+【活动支出】替用户承担配送费:3.5元,-,-,-,3.00,温州区域,温州直营,,,否,-,平台配送
圣比萨（欧洲城店）,SBS00001,温州,"8099606088089658743	",饿了么,平台外卖,已完成,2025-10-20 15:15:22,2025-10-20 15:15:22,2025-10-20 15:15:22,饿了么支付-在线支付,,即时单,2025-10-20 15:15:22,7.82,手动出餐,1,否,"蛋挞一个（原味）（5.00*1）,奶酪芝士卷边（7英寸）（4.90*1）,新奥尔良烤鸡肉披萨-7英寸[{""name"":""规格"",""value"":""7英寸""}]（58.00*1）,川香脆皮翅根-2个[{""name"":""规格"",""value"":""2个""}]（22.00*1）,餐盒（4.00*1）",蛋挞1个+奶酪芝士卷边7+新奥尔良烤鸡肉披萨+川香脆皮大翅根,,,,非会员,17,,,依据餐量提供餐具,,89.90,22.53,62.21,0.00,0,0,2.11,0.00,3.50,【活动支出】店铺满减:1.00元+【活动支出】单品特价:4.01元+【活动支出】单品特价:36.10元+【活动支出】单品特价:11.10元+【活动支出】 商家自营销加码:0.00元+【活动支出】精准营销:2.00元+【活动支出】饿了么红包:8.00元+【活动支出】替用户承担配送费:3.5元,-,-,-,4.00,温州区域,温州直营,,,否,-,平台配送
圣比萨（欧洲城店）,SBS00001,温州,"8074150254224370050	",饿了么,平台外卖,已完成,2025-10-20 16:30:20,2025-10-20 16:30:20,2025-10-20 16:30:20,饿了么支付-在线支付,,即时单,2025-10-20 16:30:20,8.38,手动出餐,1,否,"缤纷水果披萨-7英寸(手拍)[{""name"":""规格"",""value"":""7英寸(手拍)""}]（42.00*1）,奶酪芝士卷边（7英寸）（4.90*1）",缤纷水果披萨+奶酪芝士卷边7,,,,非会员,18,,,依据餐量提供餐具,,46.90,15.87,23.70,0.00,0,0,1.48,0.00,3.50,【活动支出】单品特价:23.70元+【活动支出】替用户承担配送费:3.5元,-,-,-,0.00,温州区域,温州直营,,,否,-,平台配送
圣比萨（欧洲城店）,SBS00001,温州,"8048926088101811616	",饿了么,平台外卖,已完成,2025-10-20 16:56:53,2025-10-20 16:56:53,2025-10-20 16:56:53,饿了么支付-在线支付,,即时单,2025-10-20 16:56:53,9.27,手动出餐,1,否,"新奥尔良烤鸡肉披萨-7英寸[{""name"":""规格"",""value"":""7英寸""}]（58.00*1）,招牌肉酱意面（52.00*1）,餐盒（3.00*1）",新奥尔良烤鸡肉披萨+招牌肉酱意面,,,,非会员,19,,,依据餐量提供餐具,,110.00,27.90,74.20,0.00,0,0,2.65,0.00,3.50,【活动支出】店铺满减:1.00元+【活动支出】单品特价:36.10元+【活动支出】单品特价:28.10元+【活动支出】饿了么红包:9.00元+【活动支出】替用户承担配送费:3.5元,-,-,-,3.00,温州区域,温州直营,,,否,-,平台配送
圣比萨（欧洲城店）,SBS00001,温州,"8050636088150918565	",饿了么,平台外卖,已完成,2025-10-20 16:58:06,2025-10-20 16:58:06,2025-10-20 16:58:06,饿了么支付-在线支付,,即时单,2025-10-20 16:58:06,8.28,手动出餐,1,否,7寸日系照烧鸡披萨-单点（22.00*1）,日系照烧鸡披萨【7英寸(手拍)】,,,,非会员,20,,,依据餐量提供餐具,,22.00,12.00,0.00,0.00,0,0,0.00,0.00,,【活动支出】拼团反圈活动:0.00元,-,-,-,0.00,温州区域,温州直营,,,否,-,平台配送
圣比萨（欧洲城店）,SBS00001,温州,"8080766088149614886	",饿了么,平台外卖,已完成,2025-10-20 17:00:29,2025-10-20 17:00:29,2025-10-20 17:00:29,饿了么支付-在线支付,,即时单,2025-10-20 17:00:29,9.42,手动出餐,1,否,"【任选】意面随心配（29.90*1）,餐盒（2.00*1）",港式奶茶+不加一+地道肠1根+上校鸡块2个+盐酥鸡米花小份+番茄牛肉意面+不加一,,,,非会员,21,,,依据餐量提供餐具,,29.90,16.84,7.00,0.00,0,0,1.61,0.00,3.50,【活动支出】CPS商户叠加券:0.00元+【活动支出】饿了么红包:7.00元+【活动支出】淘金币:0.00元+【活动支出】替用户承担配送费:3.5元,-,-,-,2.00,温州区域,温州直营,,,否,-,平台配送
圣比萨（欧洲城店）,SBS00001,温州,"8069200254268828977	",饿了么,平台外卖,已完成,2025-10-20 17:23:49,2025-10-20 17:23:49,2025-10-20 17:23:49,饿了么支付-在线支付,,即时单,2025-10-20 17:23:49,10.05,自动出餐,1,否,任选披萨5选1+小吃4选1+饮料套餐[培根披萨7英寸+蛋挞1个+小可乐]（68.00*1）,培根披萨【7英寸(手拍)】+蛋挞1个+小可乐,,,,非会员,22,,,依据餐量提供餐具,,68.00,12.44,48.28,0.00,0,0,1.43,0.00,3.50,【活动支出】单品特价:48.28元+【活动支出】替用户承担配送费:3.5元,-,-,-,0.00,温州区域,温州直营,,,否,-,平台配送
圣比萨（欧洲城店）,SBS00001,温州,"8037080254171092384	",饿了么,平台外卖,已完成,2025-10-20 17:36:13,2025-10-20 17:36:13,2025-10-20 17:36:13,饿了么支付-在线支付,,即时单,2025-10-20 17:36:13,10.17,自动出餐,1,否,"缤纷水果披萨-7英寸(手拍)[{""name"":""规格"",""value"":""7英寸(手拍)""}]（42.00*1）,餐盒（2.00*1）",缤纷水果披萨,,,,非会员,23,,,1份餐具,,42.00,11.62,25.10,0.00,0,0,1.43,0.00,3.50,【活动支出】首次光顾立减:1.00元+【活动支出】单品特价:18.10元+【活动支出】饿了么红包:6.00元+【活动支出】替用户承担配送费:3.5元,-,-,-,2.00,温州区域,温州直营,,,否,-,平台配送
圣比萨（欧洲城店）,SBS00001,温州,"8016300254362892733	",饿了么,平台外卖,已完成,2025-10-20 17:48:59,2025-10-20 17:48:59,2025-10-20 17:48:59,饿了么支付-在线支付,,即时单,2025-10-20 17:48:59,10.20,自动出餐,1,否,"圣比招牌披萨-9寸(经典手拍)[{""name"":""规格"",""value"":""9寸(经典手拍)""}]（78.00*1）,餐盒（2.00*1）",大圣招牌大满贯披萨,,,,非会员,24,,,依据餐量提供餐具,,78.00,19.62,52.10,0.00,0,0,1.83,0.00,3.50,【活动支出】店铺满减:1.00元+【活动支出】首次光顾立减:1.00元+【活动支出】单品特价:38.10元+【活动支出】精准营销红包:3.00元+【活动支出】饿了么红包:9.00元+【活动支出】替用户承担配送费:3.5元,-,-,-,2.00,温州区域,温州直营,,,否,-,平台配送
圣比萨（欧洲城店）,SBS00001,温州,"8042946088139491796	",饿了么,平台外卖,已完成,2025-10-20 17:55:42,2025-10-20 17:55:42,2025-10-20 17:55:42,饿了么支付-在线支付,,即时单,2025-10-20 17:55:42,10.13,自动出餐,1,否,"蛋挞一个（原味）（5.00*1）,点击右上角❤️收藏得小吃[上校鸡块2个]（2.00*1）,缤纷水果披萨-7英寸(手拍)[{""name"":""规格"",""value"":""7英寸(手拍)""}]（42.00*1）,餐盒（4.00*1）",蛋挞1个+上校鸡块2个+缤纷水果披萨,,,,非会员,25,,,依据餐量提供餐具,,49.00,12.81,32.01,0.00,0,0,1.43,0.00,4.50,【活动支出】首次光顾立减:1.00元+【活动支出】单品特价:4.01元+【活动支出】单品特价:1.90元+【活动支出】单品特价:18.10元+【活动支出】 商家自营销加码:2.00元+【活动支出】饿了么红包:5.00元+【活动支出】替用户承担配送费:4.5元,-,-,-,4.00,温州区域,温州直营,,,否,-,平台配送
圣比萨（欧洲城店）,SBS00001,温州,"8085170254284476785	",饿了么,平台外卖,已退款,2025-10-20 17:58:22,2025-10-20 17:58:22,2025-10-20 17:58:23,饿了么支付-在线支付,,即时单,2025-10-20 17:58:22,10.07,自动出餐,1,否,"【任选2件套】买一送一7英寸披萨[奥尔良鸡肉披萨7英寸+碳烤鸡肉培根7英寸]（86.80*1）,餐盒（2.00*1）",新奥尔良烤鸡肉披萨【7英寸(手拍)】+碳烤鸡肉培根披萨【7英寸(手拍)】,,,,非会员,26,,,依据餐量提供餐具,订单强制无效（商家主动取消已接订单、用户1分钟内取消),86.80,-2.75,57.30,24.50,0,0,2.10,0.00,3.50,【活动支出】店铺满减:1.00元+【活动支出】首次光顾立减:1.00元+【活动支出】单品特价:46.30元+【活动支出】饿了么红包:9.00元+【活动支出】替用户承担配送费:3.5元,-,-,-,2.00,温州区域,温州直营,,,否,-,平台配送
圣比萨（欧洲城店）,SBS00001,温州,"8014300254372338990	",饿了么,平台外卖,已完成,2025-10-20 18:00:32,2025-10-20 18:00:32,2025-10-20 18:00:33,饿了么支付-在线支付,,即时单,2025-10-20 18:00:32,10.20,自动出餐,1,否,"肉酱培根披萨-9英寸[{""name"":""规格"",""value"":""9英寸""}]（78.00*1）,点击右上角❤️收藏得小吃[上校鸡块2个]（2.00*1）,餐盒（3.00*1）",肉酱培根披萨+上校鸡块2个,,,,非会员,27,,,依据餐量提供餐具,,80.00,20.96,53.00,0.00,0,0,1.99,0.00,3.50,【活动支出】店铺满减:1.00元+【活动支出】单品特价:42.10元+【活动支出】单品特价:1.90元+【活动支出】CPS商户叠加券:0.00元+【活动支出】饿了么红包:8.00元+【活动支出】替用户承担配送费:3.5元,-,-,-,3.00,温州区域,温州直营,,,否,-,平台配送
圣比萨（欧洲城店）,SBS00001,温州,"8044190254291088835	",饿了么,平台外卖,已完成,2025-10-20 18:02:39,2025-10-20 18:02:39,2025-10-20 18:02:39,饿了么支付-在线支付,,即时单,2025-10-20 18:02:39,10.10,自动出餐,1,否,"缤纷水果披萨-7英寸(手拍)[{""name"":""规格"",""value"":""7英寸(手拍)""}]（42.00*1）,餐盒（2.00*1）",缤纷水果披萨,,,,非会员,28,,,依据餐量提供餐具,,42.00,11.62,25.10,0.00,0,0,1.43,0.00,3.50,【活动支出】单品特价:18.10元+【活动支出】 商家自营销加码:2.00元+【活动支出】饿了么红包:5.00元+【活动支出】替用户承担配送费:3.5元,-,-,-,2.00,温州区域,温州直营,,,否,-,平台配送
圣比萨（欧洲城店）,SBS00001,温州,"8099766088162367867	",饿了么,平台外卖,已完成,2025-10-20 18:04:23,2025-10-20 18:04:23,2025-10-20 18:04:23,饿了么支付-在线支付,,即时单,2025-10-20 18:04:23,10.07,自动出餐,1,否,"芒果汁[常温]（10.00*2）,番茄牛肉意面（52.00*1）,餐盒（3.00*1）",芒果汁+番茄牛肉意面,,,,非会员,29,,,无需餐具,,72.00,20.87,45.10,0.00,0,0,1.98,0.00,3.50,【活动支出】店铺满减:1.00元+【活动支出】单品特价:8.00元+【活动支出】单品特价:28.10元+【活动支出】饿了么红包:8.00元+【活动支出】替用户承担配送费:3.5元,-,-,-,3.00,温州区域,温州直营,,,否,-,平台配送
圣比萨（欧洲城店）,SBS00001,温州,"8041946088186234224	",饿了么,平台外卖,已完成,2025-10-20 18:39:04,2025-10-20 18:39:04,2025-10-20 18:39:04,饿了么支付-在线支付,,即时单,2025-10-20 18:39:04,10.15,自动出餐,1,否,"蛋挞一个（原味）（5.00*1）,点击右上角❤️收藏得小吃[上校鸡块2个]（2.00*1）,【随心❤️拼】9英寸披萨(口味自选）[花果山+奥尔良]（80.00*1）,【随心❤️拼】9英寸披萨(口味自选）[日系照烧+浪漫威尼斯]（80.00*1）,餐盒（6.00*1）",蛋挞1个+上校鸡块2个+双拼9寸【花果山口味9】+双拼9寸【奥尔良口味9】+双拼9寸【日系照烧口味9】+双拼9寸【浪漫威尼斯口味9】,,,,非会员,30,,,2栋2楼走上来3号楼梯上来是607 / 依据餐量提供餐具,,167.00,47.79,110.11,0.00,0,0,4.45,0.00,3.50,【活动支出】店铺满减:2.00元+【活动支出】单品特价:4.01元+【活动支出】单品特价:1.90元+【活动支出】单品特价:90.20元+【活动支出】饿了么红包:12.00元+【活动支出】替用户承担配送费:3.5元,-,-,-,6.00,温州区域,温州直营,,,否,-,平台配送
圣比萨（欧洲城店）,SBS00001,温州,"8092110254406315415	",饿了么,平台外卖,已完成,2025-10-20 18:50:31,2025-10-20 18:50:31,2025-10-20 18:50:31,饿了么支付-在线支付,,即时单,2025-10-20 18:50:31,10.07,自动出餐,1,否,"新奥尔良烤鸡肉披萨-7英寸[{""name"":""规格"",""value"":""7英寸""}]（58.00*1）,招牌肉酱意面（52.00*1）,餐盒（3.00*1）",新奥尔良烤鸡肉披萨+招牌肉酱意面,,,,非会员,31,,,依据餐量提供餐具,,110.00,27.58,75.20,0.00,0,0,2.57,0.00,3.50,【活动支出】店铺满减:1.00元+【活动支出】首次光顾立减:1.00元+【活动支出】单品特价:36.10元+【活动支出】单品特价:28.10元+【活动支出】饿了么红包:9.00元+【活动支出】替用户承担配送费:3.5元,-,-,-,3.00,温州区域,温州直营,,,否,-,平台配送
圣比萨（欧洲城店）,SBS00001,温州,"8051010254326818125	",饿了么,平台外卖,已完成,2025-10-20 18:56:44,2025-10-20 18:56:44,2025-10-20 18:56:44,饿了么支付-在线支付,,即时单,2025-10-20 18:56:44,10.13,自动出餐,1,否,任选披萨5选1+小吃4选1+饮料套餐[奥尔良鸡肉披萨7英寸+上校鸡块2个+小可乐]（68.00*1）,新奥尔良烤鸡肉披萨【7英寸(手拍)】+上校鸡块2个+小可乐,,,,非会员,32,,,依据餐量提供餐具,,68.00,12.44,48.28,0.00,0,0,1.43,0.00,3.50,【活动支出】单品特价:48.28元+【活动支出】替用户承担配送费:3.5元,-,-,-,0.00,温州区域,温州直营,,,否,-,平台配送
圣比萨（欧洲城店）,SBS00001,温州,"8085170254309493101	",饿了么,平台外卖,已完成,2025-10-20 19:01:03,2025-10-20 19:01:03,2025-10-20 19:01:04,饿了么支付-在线支付,,即时单,2025-10-20 19:01:03,10.05,自动出餐,1,否,"【任选2件套】买一送一7英寸披萨[奥尔良鸡肉披萨7英寸+碳烤鸡肉培根7英寸]（86.80*1）,餐盒（2.00*1）",新奥尔良烤鸡肉披萨【7英寸(手拍)】+碳烤鸡肉培根披萨【7英寸(手拍)】,,,,非会员,33,,,依据餐量提供餐具,,86.80,21.75,57.30,0.00,0,0,2.10,0.00,3.50,【活动支出】店铺满减:1.00元+【活动支出】首次光顾立减:1.00元+【活动支出】单品特价:46.30元+【活动支出】饿了么红包:9.00元+【活动支出】替用户承担配送费:3.5元,-,-,-,2.00,温州区域,温州直营,,,否,-,平台配送
圣比萨（欧洲城店）,SBS00001,温州,"8080070254315649499	",饿了么,平台外卖,已完成,2025-10-20 19:17:40,2025-10-20 19:17:40,2025-10-20 19:17:41,饿了么支付-在线支付,,即时单,2025-10-20 19:17:40,10.07,自动出餐,1,否,"蛋挞一个（原味）（5.00*1）,点击右上角❤️收藏得小吃[上校鸡块2个]（2.00*1）,任选披萨5选1+小吃4选1+饮料套餐[奥尔良鸡肉披萨7英寸+上校鸡块2个+小可乐]（68.00*1）,餐盒（2.00*1）",蛋挞1个+上校鸡块2个+新奥尔良烤鸡肉披萨【7英寸(手拍)】+上校鸡块2个+小可乐,,,,非会员,34,,,依据餐量提供餐具,,75.00,15.51,54.19,0.00,0,0,1.45,0.00,3.50,【活动支出】单品特价:4.01元+【活动支出】单品特价:1.90元+【活动支出】单品特价:48.28元+【活动支出】替用户承担配送费:3.5元,-,-,-,2.00,温州区域,温州直营,,,否,-,平台配送
圣比萨（欧洲城店）,SBS00001,温州,"8085080254427614643	",饿了么,平台外卖,已完成,2025-10-20 19:48:02,2025-10-20 19:48:02,2025-10-20 19:48:02,饿了么支付-在线支付,,即时单,2025-10-20 19:48:02,10.17,自动出餐,1,否,"新奥尔良烤鸡肉披萨-9英寸[{""name"":""规格"",""value"":""9英寸""}]（69.00*1）,餐盒（2.00*1）",新奥尔良烤鸡肉披萨,,,,非会员,35,,,依据餐量提供餐具,,69.00,15.59,48.10,0.00,0,0,1.46,0.00,3.50,【活动支出】首次光顾立减:1.00元+【活动支出】单品特价:37.10元+【活动支出】精准营销红包:3.00元+【活动支出】饿了么红包:7.00元+【活动支出】替用户承担配送费:3.5元,-,-,-,2.00,温州区域,温州直营,,,否,-,平台配送
圣比萨（欧洲城店）,SBS00001,温州,"8078946088241623413	",饿了么,平台外卖,已完成,2025-10-20 20:10:53,2025-10-20 20:10:53,2025-10-20 20:10:53,饿了么支付-在线支付,,即时单,2025-10-20 20:10:53,10.03,自动出餐,1,否,"榴莲王披萨-9英寸(手拍)[{""name"":""规格"",""value"":""9英寸(手拍)""}]（92.00*1）,红薯薯泥流心卷边（9英寸）（6.90*1）,餐盒（2.00*1）",榴莲王披萨+红薯泥流心卷边9,,,,非会员,36,,,依据餐量提供餐具,,98.90,24.80,66.10,0.00,0,0,2.35,0.00,3.50,【活动支出】店铺满减:1.00元+【活动支出】首次光顾立减:1.00元+【活动支出】单品特价:52.10元+【活动支出】粉丝群:3.00元+【活动支出】饿了么红包:9.00元+【活动支出】替用户承担配送费:3.5元,-,-,-,2.00,温州区域,温州直营,,,否,-,平台配送
圣比萨（欧洲城店）,SBS00001,温州,"8078946088241638778	",饿了么,平台外卖,已完成,2025-10-20 20:13:22,2025-10-20 20:13:22,2025-10-20 20:13:23,饿了么支付-在线支付,,即时单,2025-10-20 20:13:22,10.07,自动出餐,1,否,"【任选】意面随心配（29.90*1）,餐盒（2.00*1）",可乐+不加一+蛋挞1个+上校鸡块2个+盐酥鸡米花小份+番茄牛肉意面+不加一,,,,非会员,37,,,依据餐量提供餐具,,29.90,15.59,9.00,0.00,0,0,1.46,0.00,3.50,【活动支出】精准营销:2.00元+【活动支出】饿了么红包:7.00元+【活动支出】替用户承担配送费:3.5元,-,-,-,2.00,温州区域,温州直营,,,否,-,平台配送
圣比萨（欧洲城店）,SBS00001,温州,"8025200254346280220	",饿了么,平台外卖,已完成,2025-10-20 20:39:49,2025-10-20 20:39:49,2025-10-20 20:39:50,饿了么支付-在线支付,,即时单,2025-10-20 20:39:49,10.00,自动出餐,1,否,"金丝鸡排（10.88*2）,新奥尔良烤鸡肉披萨-7英寸[{""name"":""规格"",""value"":""7英寸""}]（58.00*1）,餐盒（4.00*1）",金丝鸡排+新奥尔良烤鸡肉披萨,,,,非会员,38,,,依据餐量提供餐具,,79.76,27.48,46.06,0.00,0,0,2.57,0.00,3.50,【活动支出】店铺满减:1.00元+【活动支出】首次光顾立减:1.00元+【活动支出】单品特价:7.96元+【活动支出】单品特价:36.10元+【活动支出】替用户承担配送费:3.5元,-,-,-,4.00,温州区域,温州直营,,,否,-,平台配送
圣比萨（欧洲城店）,SBS00001,温州,"8039150254260264364	",饿了么,平台外卖,已完成,2025-10-20 20:46:55,2025-10-20 20:46:55,2025-10-20 20:46:56,饿了么支付-在线支付,,即时单,2025-10-20 20:46:55,10.18,自动出餐,1,否,"碳烤鸡肉培根披萨-9英寸(手拍)[{""name"":""规格"",""value"":""9英寸(手拍)""}]（78.00*1）,餐盒（2.00*1）",碳烤鸡肉培根披萨,,,,非会员,39,,,依据餐量提供餐具,,78.00,19.94,51.10,0.00,0,0,1.91,0.00,3.50,【活动支出】单品特价:44.10元+【活动支出】饿了么红包:7.00元+【活动支出】替用户承担配送费:3.5元,-,-,-,2.00,温州区域,温州直营,,,否,-,平台配送
圣比萨（欧洲城店）,SBS00001,温州,"8056696088271245670	",饿了么,平台外卖,已完成,2025-10-20 21:56:21,2025-10-20 21:56:21,2025-10-20 21:56:21,饿了么支付-在线支付,,即时单,2025-10-20 21:56:21,10.17,自动出餐,1,否,"奶酪芝士卷边（7英寸）（4.90*1）,新奥尔良烤鸡肉披萨-7英寸[{""name"":""规格"",""value"":""7英寸""}]（58.00*1）,餐盒（2.00*1）",奶酪芝士卷边7+新奥尔良烤鸡肉披萨,,,,非会员,40,,,不要敲门 打电话 / 无需餐具,,62.90,13.02,44.10,0.00,0,0,1.43,0.00,5.60,【活动支出】首次光顾立减:1.00元+【活动支出】单品特价:36.10元+【活动支出】 商家自营销加码:2.00元+【活动支出】饿了么红包:5.00元+【活动支出】替用户承担配送费:5.0元,-,-,-,2.00,温州区域,温州直营,,,否,-,平台配送
圣比萨（欧洲城店）,SBS00001,温州,"8098866088293267770	",饿了么,平台外卖,已完成,2025-10-20 22:02:43,2025-10-20 22:02:43,2025-10-20 22:02:43,饿了么支付-在线支付,,即时单,2025-10-20 22:02:43,10.02,自动出餐,1,否,"点击右上角❤️收藏得小吃[墨鱼丸1个]（2.00*1）,碳烤鸡肉培根披萨-7英寸(手拍)[{""name"":""规格"",""value"":""7英寸(手拍)""}]（45.00*1）,餐盒（3.00*1）",深海墨鱼丸1个+碳烤鸡肉培根披萨,,,,非会员,41,,,1份餐具,,47.00,12.22,30.00,0.00,0,0,1.43,0.00,5.60,【活动支出】单品特价:1.90元+【活动支出】单品特价:21.10元+【活动支出】饿了么红包:7.00元+【活动支出】替用户承担配送费:5.0元,-,-,-,3.00,温州区域,温州直营,,,否,-,平台配送
圣比萨（欧洲城店）,SBS00001,温州,"8003090254371048737	",饿了么,平台外卖,已完成,2025-10-20 22:11:44,2025-10-20 22:11:44,2025-10-20 22:11:44,饿了么支付-在线支付,,即时单,2025-10-20 22:11:44,7.50,手动出餐,1,否,"蛋挞一个（原味）（5.00*1）,奶酪芝士卷边（7英寸）（4.90*1）,肉酱培根披萨-7英寸[{""name"":""规格"",""value"":""7英寸""}]（54.00*1）,餐盒（3.00*1）",蛋挞1个+奶酪芝士卷边7+肉酱培根披萨,,,,非会员,42,,,依据餐量提供餐具,,63.90,17.17,41.11,0.00,0,0,1.67,0.00,5.60,【活动支出】单品特价:4.01元+【活动支出】单品特价:28.10元+【活动支出】 商家自营销加码:2.00元+【活动支出】精准营销:2.00元+【活动支出】饿了么红包:5.00元+【活动支出】替用户承担配送费:5.0元,-,-,-,3.00,温州区域,温州直营,,,否,-,平台配送
圣比萨（欧洲城店）,SBS00001,温州,"8034180254395169264	",饿了么,平台外卖,已完成,2025-10-20 22:44:38,2025-10-20 22:44:38,2025-10-20 22:44:38,饿了么支付-在线支付,,即时单,2025-10-20 22:44:38,3.67,手动出餐,1,否,"奶酪芝士卷边（9英寸）（6.90*1）,新奥尔良烤鸡肉披萨-9英寸[{""name"":""规格"",""value"":""9英寸""}]（69.00*1）,餐盒（2.00*1）",奶酪芝士卷边9+新奥尔良烤鸡肉披萨,,,,非会员,43,,,依据餐量提供餐具,,75.90,27.40,39.10,0.00,0,0,2.65,0.00,5.60,【活动支出】店铺满减:1.00元+【活动支出】首次光顾立减:1.00元+【活动支出】单品特价:37.10元+【活动支出】替用户承担配送费:5.0元,-,-,-,2.00,温州区域,温州直营,,,否,-,平台配送
