门店名称,门店编号,门店所在城市,订单号,订单来源,订单类型,订单状态,下单时间,付款时间,接单时间,支付方式,取餐点,预约/即时单,预计送达时间,出餐时间（分）,出餐类型,就餐人数,团购订单,商品信息,商品明细,UserID,顾客昵称,电话号码,新老顾客,取餐号,桌台号,台卡号,订单备注,退款原因,商品总价（元）,预计收入（元）,优惠总额（元）,退款金额（元）,优惠券记账金额（元）,团购券记账总金额（元）,平台服务费,其他费用,配送费,优惠名称,团购活动名称,团购活动平台,团购类型,餐盒费,归属门店所属一级组织,归属门店所属二级组织,归属门店所属三级组织,礼品卡信息,是否团餐,团餐审批人,配送方式
圣比萨（昆阳店）,SBM00020,温州,"8007140254541559209	",饿了么,平台外卖,已完成,2025-10-21 12:14:04,2025-10-21 12:14:04,2025-10-21 12:14:04,饿了么支付-在线支付,,即时单,2025-10-21 12:14:04,12.02,自动出餐,1,否,"榴莲王披萨-9英寸(经典手拍)[{""name"":""规格"",""value"":""9英寸(经典手拍)""}]（68.00*1）",榴莲王披萨,,,,非会员,1,,,依据餐量提供餐具,,68.00,28.90,26.90,0.00,0,0,3.95,0.00,3.50,【活动支出】单品特价:26.90元+【活动支出】替用户承担配送费:3.5元,-,-,-,0.00,温州区域,温州加盟,,,否,-,平台配送
圣比萨（昆阳店）,SBM00020,温州,"8060400254671753608	",饿了么,平台外卖,已完成,2025-10-21 13:50:57,2025-10-21 13:50:57,2025-10-21 13:50:57,饿了么支付-在线支付,,即时单,2025-10-21 13:50:57,10.03,自动出餐,1,否,"水果披萨-9寸[{""name"":""规格"",""value"":""9寸""}]（49.80*1）,餐盒（2.00*1）",缤纷水果披萨,,,,非会员,2,,,依据餐量提供餐具,,49.80,26.84,12.00,0.00,0,0,3.81,0.00,4.50,【活动支出】店铺满减:1.00元+【活动支出】粉丝群:2.00元+【活动支出】饿了么红包:9.00元+【活动支出】替用户承担配送费:4.5元,-,-,-,2.00,温州区域,温州加盟,,,否,-,平台配送
圣比萨（昆阳店）,SBM00020,温州,"8077766088524138762	",饿了么,平台外卖,已完成,2025-10-21 16:03:25,2025-10-21 16:03:25,2025-10-21 16:03:25,饿了么支付-在线支付,,即时单,2025-10-21 16:03:25,10.13,自动出餐,1,否,"榴莲王披萨-9英寸(经典手拍)[{""name"":""规格"",""value"":""9英寸(经典手拍)""}]（68.00*1）,餐盒（1.00*1）",榴莲王披萨,,,,非会员,3,,,依据餐量提供餐具,,68.00,42.67,11.00,0.00,0,0,5.78,0.00,3.50,【活动支出】店铺满减:6.00元+【活动支出】饿了么红包:5.00元+【活动支出】替用户承担配送费:3.5元,-,-,-,1.00,温州区域,温州加盟,,,否,-,平台配送
圣比萨（昆阳店）,SBM00020,温州,"8079250254637856098	",饿了么,平台外卖,已完成,2025-10-21 16:55:09,2025-10-21 16:55:09,2025-10-21 16:55:10,饿了么支付-在线支付,,即时单,2025-10-21 16:55:09,10.07,自动出餐,1,否,"牛肉至尊披萨-9寸[{""name"":""规格"",""value"":""9寸""}]（59.80*1）,餐盒（2.00*1）",炙热牛魔王披萨,,,,非会员,4,,,放门口鞋架上，谢谢！ / 无需餐具,,59.80,33.85,15.00,0.00,0,0,4.60,0.00,3.50,【活动支出】店铺满减:6.00元+【活动支出】饿了么红包:9.00元+【活动支出】替用户承担配送费:3.5元,-,-,-,2.00,温州区域,温州加盟,,,否,-,平台配送
圣比萨（昆阳店）,SBM00020,温州,"8085290254664108389	",饿了么,平台外卖,已完成,2025-10-21 16:59:42,2025-10-21 16:59:42,2025-10-21 16:59:43,饿了么支付-在线支付,,即时单,2025-10-21 16:59:42,10.03,自动出餐,1,否,"牛肉至尊披萨-12寸[{""name"":""规格"",""value"":""12寸""}]（79.80*1）,餐盒（2.00*1）",炙热牛魔王披萨,,,,非会员,5,,,不要放葱和香菜 / 依据餐量提供餐具,,79.80,46.67,18.00,0.00,0,0,6.38,0.00,3.50,【活动支出】店铺满减:6.00元+【活动支出】饿了么红包:12.00元+【活动支出】替用户承担配送费:3.5元,-,-,-,2.00,温州区域,温州加盟,,,否,-,平台配送
圣比萨（昆阳店）,SBM00020,温州,"8042576088526605575	",饿了么,平台外卖,已完成,2025-10-21 17:08:58,2025-10-21 17:08:58,2025-10-21 17:08:59,饿了么支付-在线支付,,即时单,2025-10-21 17:08:58,10.13,自动出餐,1,否,"金牌墨鱼丸-3个[{""name"":""规格"",""value"":""3个""}]（8.00*1）,海鲜至尊片装披萨（15.80*1）,餐盒（2.00*1）",深海墨鱼丸,,,,非会员,6,,,不要挤酱，送到房门口就好，不要按门铃谢谢 / 依据餐量提供餐具,,23.80,11.79,7.00,0.00,0,0,1.66,0.00,3.50,【活动支出】 商家自营销加码:2.00元+【活动支出】CPS商户叠加券:0.00元+【活动支出】饿了么红包:5.00元+【活动支出】替用户承担配送费:3.5元,-,-,-,2.00,温州区域,温州加盟,,,否,-,平台配送
圣比萨（昆阳店）,SBM00020,温州,"8081400254666948924	",饿了么,平台外卖,已完成,2025-10-21 17:43:12,2025-10-21 17:43:12,2025-10-21 17:43:12,饿了么支付-在线支付,,即时单,2025-10-21 17:43:12,12.05,自动出餐,1,否,"榴莲王披萨-9英寸(经典手拍)[{""name"":""规格"",""value"":""9英寸(经典手拍)""}]（68.00*1）,餐盒（1.00*1）",榴莲王披萨,,,,非会员,7,,,依据餐量提供餐具,,68.00,37.01,18.00,0.00,0,0,5.04,0.00,3.50,【活动支出】店铺满减:6.00元+【活动支出】饿了么红包:12.00元+【活动支出】替用户承担配送费:3.5元,-,-,-,1.00,温州区域,温州加盟,,,否,-,平台配送
圣比萨（昆阳店）,SBM00020,温州,"8078420254766574976	",饿了么,平台外卖,已完成,2025-10-21 17:49:31,2025-10-21 17:49:31,2025-10-21 17:49:31,饿了么支付-在线支付,,即时单,2025-10-21 17:49:31,12.23,自动出餐,1,否,"双人共享套餐A[水果]（79.80*1）,沙拉（0.00*1）,餐盒（2.00*1）",双人共享套餐A[水果]+沙拉+餐盒,,,,非会员,8,,,无需餐具,,79.80,47.56,17.00,0.00,0,0,6.49,0.00,3.50,【活动支出】店铺满减:6.00元+【活动支出】粉丝群:2.00元+【活动支出】饿了么红包:9.00元+【活动支出】替用户承担配送费:3.5元,-,-,-,2.00,温州区域,温州加盟,,,否,-,平台配送
圣比萨（昆阳店）,SBM00020,温州,"8044320254679919047	",饿了么,平台外卖,已完成,2025-10-21 18:06:38,2025-10-21 18:06:38,2025-10-21 18:06:38,饿了么支付-在线支付,,即时单,2025-10-21 18:06:38,12.03,自动出餐,1,否,"水果披萨-9寸[{""name"":""规格"",""value"":""9寸""}]（49.80*1）,餐盒（2.00*1）",缤纷水果披萨,,,,非会员,9,,,无需餐具,,49.80,30.87,9.00,0.00,0,0,4.18,0.00,3.50,【活动支出】店铺满减:1.00元+【活动支出】超级会员专享红包:8.00元+【活动支出】 商家自营销加码:0.00元+【活动支出】替用户承担配送费:3.5元,-,-,-,2.00,温州区域,温州加盟,,,否,-,平台配送
圣比萨（昆阳店）,SBM00020,温州,"8023886088591356408	",饿了么,平台外卖,已完成,2025-10-21 18:43:37,2025-10-21 18:43:37,2025-10-21 18:43:38,饿了么支付-在线支付,,即时单,2025-10-21 18:43:37,12.02,自动出餐,1,否,"金牌墨鱼丸-3个[{""name"":""规格"",""value"":""3个""}]（8.00*1）,水果片装披萨（13.80*1）,餐盒（1.00*1）",深海墨鱼丸,,,,非会员,10,,,依据餐量提供餐具,,21.80,9.02,7.00,0.00,0,0,1.43,0.00,3.50,【活动支出】饿了么红包:7.00元+【活动支出】替用户承担配送费:3.5元,-,-,-,1.00,温州区域,温州加盟,,,否,-,平台配送
圣比萨（昆阳店）,SBM00020,温州,"8012180254731555257	",饿了么,平台外卖,已完成,2025-10-21 19:59:00,2025-10-21 19:59:00,2025-10-21 19:59:00,饿了么支付-在线支付,,即时单,2025-10-21 19:59:00,10.00,自动出餐,1,否,"金牌墨鱼丸-3个[{""name"":""规格"",""value"":""3个""}]（8.00*1）,水果片装披萨（13.80*1）,餐盒（1.00*1）",深海墨鱼丸,,,,非会员,11,,,放门口小凳子上，谢谢 / 依据餐量提供餐具,,21.80,9.02,7.00,0.00,0,0,1.43,0.00,3.50,【活动支出】 商家自营销加码:2.00元+【活动支出】饿了么红包:5.00元+【活动支出】替用户承担配送费:3.5元,-,-,-,1.00,温州区域,温州加盟,,,否,-,平台配送
圣比萨（昆阳店）,SBM00020,温州,"8085120254657661390	",饿了么,平台外卖,已完成,2025-10-21 20:14:41,2025-10-21 20:14:41,2025-10-21 20:14:41,饿了么支付-在线支付,,即时单,2025-10-21 20:14:41,10.20,自动出餐,1,否,"番茄（0.00*1）,个人专享套餐B[海鲜]（28.50*1）,沙拉（0.00*1）,餐盒（2.00*1）",番茄+个人专享套餐B[海鲜]+沙拉+餐盒,,,,非会员,12,,,依据餐量提供餐具,,28.50,15.40,7.00,0.00,0,0,2.15,0.00,3.50,【活动支出】超级会员专享红包:5.00元+【活动支出】 商家自营销加码:2.00元+【活动支出】替用户承担配送费:3.5元,-,-,-,2.00,温州区域,温州加盟,,,否,-,平台配送
圣比萨（昆阳店）,SBM00020,温州,"8043746088612375942	",饿了么,平台外卖,已完成,2025-10-21 20:22:28,2025-10-21 20:22:28,2025-10-21 20:22:28,饿了么支付-在线支付,,即时单,2025-10-21 20:22:28,10.02,自动出餐,1,否,"金牌墨鱼丸-3个[{""name"":""规格"",""value"":""3个""}]（8.00*1）,蛋挞（10.00*1）,水果片装披萨（13.80*1）,餐盒（2.00*1）",深海墨鱼丸+蛋挞,,,,非会员,13,,,2份餐具,,31.80,19.54,5.00,0.00,0,0,2.71,0.00,3.50,【活动支出】吃货豆兑换的商家券:5.00元+【活动支出】替用户承担配送费:3.5元,-,-,-,2.00,温州区域,温州加盟,,,否,-,平台配送
圣比萨（昆阳店）,SBM00020,温州,"8053616088647065077	",饿了么,平台外卖,已完成,2025-10-21 20:25:14,2025-10-21 20:25:14,2025-10-21 20:25:15,饿了么支付-在线支付,,即时单,2025-10-21 20:25:14,10.17,自动出餐,1,否,"牛肉至尊披萨-12寸[{""name"":""规格"",""value"":""12寸""}]（79.80*1）,餐盒（2.00*1）",炙热牛魔王披萨,,,,非会员,14,,,依据餐量提供餐具,,79.80,46.67,18.00,0.00,0,0,6.38,0.00,3.50,【活动支出】店铺满减:6.00元+【活动支出】饿了么红包:12.00元+【活动支出】替用户承担配送费:3.5元,-,-,-,2.00,温州区域,温州加盟,,,否,-,平台配送
圣比萨（昆阳店）,SBM00020,温州,"8062546088616124741	",饿了么,平台外卖,已完成,2025-10-21 20:32:58,2025-10-21 20:32:58,2025-10-21 20:32:58,饿了么支付-在线支付,,即时单,2025-10-21 20:32:58,10.12,自动出餐,1,否,"水果披萨-12寸[{""name"":""规格"",""value"":""12寸""}]（69.80*1）,餐盒（2.00*1）",缤纷水果披萨,,,,非会员,15,,,依据餐量提供餐具,,69.80,38.92,18.00,0.00,0,0,5.33,0.00,3.50,【活动支出】店铺满减:6.00元+【活动支出】饿了么红包:12.00元+【活动支出】替用户承担配送费:3.5元,-,-,-,2.00,温州区域,温州加盟,,,否,-,平台配送
圣比萨（昆阳店）,SBM00020,温州,"8001000254749870448	",饿了么,平台外卖,已完成,2025-10-21 20:59:03,2025-10-21 20:59:03,2025-10-21 20:59:03,饿了么支付-在线支付,,即时单,2025-10-21 20:59:03,10.23,自动出餐,1,否,"牛肉至尊披萨-9寸[{""name"":""规格"",""value"":""9寸""}]（59.80*1）,餐盒（2.00*1）",炙热牛魔王披萨,,,,非会员,16,,,1份餐具,,59.80,32.06,17.00,0.00,0,0,4.39,0.00,4.00,【活动支出】店铺满减:6.00元+【活动支出】粉丝群:2.00元+【活动支出】饿了么红包:9.00元+【活动支出】替用户承担配送费:4.0元,-,-,-,2.00,温州区域,温州加盟,,,否,-,平台配送
圣比萨（瓯北立体城店）,SBM00003,温州,"8044676088391857515	",饿了么,平台外卖,已完成,2025-10-21 11:03:39,2025-10-21 11:03:39,2025-10-21 11:03:40,饿了么支付-在线支付,,即时单,2025-10-21 11:03:39,12.98,手动出餐,1,否,奥尔良烤鸡肉披萨(7寸)-单点（20.61*1）,新奥尔良烤鸡肉披萨【7英寸(手拍)】,,,,非会员,1,,,无需餐具,,20.61,13.21,0.00,0.00,0,0,0.00,0.00,,【活动支出】拼团反圈活动:0.00元,-,-,-,0.00,温州区域,温州加盟,,,否,-,平台配送
圣比萨（瓯北立体城店）,SBM00003,温州,"8034566088420123910	",饿了么,平台外卖,已完成,2025-10-21 11:23:15,2025-10-21 11:23:15,2025-10-21 11:23:16,饿了么支付-在线支付,,即时单,2025-10-21 11:23:15,15.20,手动出餐,1,否,"金沙咸蛋黄嫩鸡披萨-7英寸(手拍)[{""name"":""规格"",""value"":""7英寸(手拍)""}]（52.00*1）,餐盒（1.00*1）",金沙咸蛋黄嫩鸡披萨,,,,非会员,2,,,依据餐量提供餐具,,52.00,18.89,25.10,0.00,0,0,2.56,0.00,3.90,【活动支出】单品特价:18.10元+【活动支出】饿了么红包:7.00元+【活动支出】替用户承担配送费:3.9元,-,-,-,1.00,温州区域,温州加盟,,,否,-,平台配送
圣比萨（瓯北立体城店）,SBM00003,温州,"8019460254530808246	",饿了么,平台外卖,已完成,2025-10-21 11:40:52,2025-10-21 11:40:52,2025-10-21 11:40:52,饿了么支付-在线支付,,即时单,2025-10-21 11:40:52,15.22,手动出餐,1,否,"缤纷水果披萨-7英寸(手拍)[{""name"":""规格"",""value"":""7英寸(手拍)""}]（42.00*1）",缤纷水果披萨,,,,非会员,3,,,依据餐量提供餐具,,42.00,10.90,23.70,0.00,0,0,1.55,0.00,3.90,【活动支出】单品特价:23.70元+【活动支出】用户代金券:0.00元+【活动支出】替用户承担配送费:3.9元,-,-,-,0.00,温州区域,温州加盟,,,否,-,平台配送
圣比萨（瓯北立体城店）,SBM00003,温州,"8053240254614562179	",饿了么,平台外卖,已完成,2025-10-21 11:51:52,2025-10-21 11:51:52,2025-10-21 11:51:53,饿了么支付-在线支付,,即时单,2025-10-21 11:51:52,8.08,手动出餐,1,否,奥尔良烤鸡肉披萨(7寸)-单点（20.61*1）,新奥尔良烤鸡肉披萨【7英寸(手拍)】,,,,非会员,4,,,依据餐量提供餐具,,20.61,13.21,0.00,0.00,0,0,0.00,0.00,,【活动支出】拼团反圈活动:0.00元,-,-,-,0.00,温州区域,温州加盟,,,否,-,平台配送
圣比萨（瓯北立体城店）,SBM00003,温州,"8007310254539761961	",饿了么,平台外卖,已完成,2025-10-21 12:19:30,2025-10-21 12:19:30,2025-10-21 12:19:30,饿了么支付-在线支付,,即时单,2025-10-21 12:19:30,12.97,手动出餐,1,否,"咸蛋黄风味流沙卷边（7英寸）（4.90*1）,点击右上角❤️收藏得小吃[上校鸡块2个]（2.00*1）,【随心拼】7英寸披萨(口味自选）[奥尔良+花果山（新品水果）]（54.00*1）,餐盒（2.50*1）",咸蛋黄流沙卷边7+上校鸡块2个+双拼7寸【奥尔良口味7】+双拼7寸【花果山口味7】,,,,非会员,5,,,依据餐量提供餐具,,60.90,17.48,36.40,0.00,0,0,2.47,0.00,3.90,【活动支出】单品特价:1.90元+【活动支出】单品特价:27.50元+【活动支出】饿了么红包:7.00元+【活动支出】替用户承担配送费:3.9元,-,-,-,2.50,温州区域,温州加盟,,,否,-,平台配送
圣比萨（瓯北立体城店）,SBM00003,温州,"8027190254545867068	",饿了么,平台外卖,已完成,2025-10-21 12:28:42,2025-10-21 12:28:42,2025-10-21 12:28:42,饿了么支付-在线支付,,即时单,2025-10-21 12:28:42,10.57,手动出餐,1,否,"【肥宅快乐水】小可乐（5.00*1）,港式奶茶[冷]（10.00*1）,招牌肉酱意面（52.00*1）,【随心拼】7英寸披萨(口味自选）[奥尔良+花果山（新品水果）]（54.00*1）,缤纷芝士挞-菠萝味[{""name"":""规格"",""value"":""菠萝味""}]（7.00*1）,薯饼3个（12.00*1）,餐盒（6.00*1）",小可乐+港式奶茶+招牌肉酱意面+双拼7寸【奥尔良口味7】+双拼7寸【花果山口味7】+缤纷芝士挞+薯饼,,,,非会员,6,,,对骑手外卖到了直接放门口就好 / 依据餐量提供餐具,,140.00,49.16,76.90,0.00,0,0,6.89,0.00,3.90,【活动支出】店铺满减:2.00元+【活动支出】单品特价:2.20元+【活动支出】单品特价:2.00元+【活动支出】单品特价:24.10元+【活动支出】单品特价:27.50元+【活动支出】单品特价:1.10元+【活动支出】单品特价:9.00元+【活动支出】 商家自营销加码:4.00元+【活动支出】饿了么红包:5.00元+【活动支出】替用户承担配送费:3.9元,-,-,-,6.00,温州区域,温州加盟,,,否,-,平台配送
圣比萨（瓯北立体城店）,SBM00003,温州,"8091060254641448290	",饿了么,平台外卖,已完成,2025-10-21 12:29:26,2025-10-21 12:29:26,2025-10-21 12:29:26,饿了么支付-在线支付,,即时单,2025-10-21 12:29:26,15.18,手动出餐,1,否,奥尔良烤鸡肉披萨(7寸)-单点（20.61*1）,新奥尔良烤鸡肉披萨【7英寸(手拍)】,,,,非会员,7,,,依据餐量提供餐具,,20.61,13.21,0.00,0.00,0,0,0.00,0.00,,【活动支出】拼团反圈活动:0.00元,-,-,-,0.00,温州区域,温州加盟,,,否,-,平台配送
圣比萨（瓯北立体城店）,SBM00003,温州,"8076916088449585432	",饿了么,平台外卖,已完成,2025-10-21 12:31:23,2025-10-21 12:31:23,2025-10-21 12:31:23,饿了么支付-在线支付,,即时单,2025-10-21 12:31:23,17.57,手动出餐,1,否,"蛋挞一个（原味）（5.00*1）,红薯薯泥流心卷边（7英寸）（4.90*1）,任选披萨8选1+小吃5选1+饮料[日系照烧鸡披萨7英寸+地道肠1根+小可乐]（65.00*1）,点击右上角❤️收藏得小吃[小薯饼一个]（2.00*1）,餐盒（3.50*1）",蛋挞1个+红薯泥流心卷边7+日系照烧鸡披萨【7英寸(手拍)】+地道肠【1根】+小可乐+薯饼1个,,,,非会员,8,,,不要按门铃，放门口白色柜子上 / 依据餐量提供餐具,,76.90,18.21,49.01,0.00,0,0,2.93,0.00,7.80,【活动支出】店铺满减:1.00元+【活动支出】单品特价:4.01元+【活动支出】单品特价:33.10元+【活动支出】单品特价:1.90元+【活动支出】饿了么红包:9.00元+【活动支出】替用户承担配送费:5.0元,-,-,-,3.50,温州区域,温州加盟,,,否,-,平台配送
圣比萨（瓯北立体城店）,SBM00003,温州,"8009916088474008010	",饿了么,平台外卖,已完成,2025-10-21 13:24:54,2025-10-21 13:24:54,2025-10-21 13:24:54,饿了么支付-在线支付,,即时单,2025-10-21 13:24:54,15.60,手动出餐,1,否,"点击右上角❤️收藏得小吃[上校鸡块2个]（2.00*1）,任选披萨8选1+小吃5选1+饮料[奥尔良鸡肉披萨7英寸+盐酥鸡米花小份+小可乐]（65.00*1）,餐盒（2.50*1）",上校鸡块2个+新奥尔良烤鸡肉披萨【7英寸(手拍)】+盐酥鸡米花小份+小可乐,,,,非会员,9,,,依据餐量提供餐具,,67.00,18.53,42.00,0.00,0,0,2.52,0.00,3.90,【活动支出】单品特价:1.90元+【活动支出】单品特价:33.10元+【活动支出】 商家自营销加码:2.00元+【活动支出】饿了么红包:5.00元+【活动支出】替用户承担配送费:3.9元,-,-,-,2.50,温州区域,温州加盟,,,否,-,平台配送
圣比萨（瓯北立体城店）,SBM00003,温州,"8001696088516958570	",饿了么,平台外卖,已完成,2025-10-21 15:27:49,2025-10-21 15:27:49,2025-10-21 15:27:49,饿了么支付-在线支付,,即时单,2025-10-21 15:27:49,23.50,被动出餐,1,否,"肉酱培根披萨-9寸(经典手拍)[{""name"":""规格"",""value"":""9寸(经典手拍)""}]（78.00*1）,餐盒（2.00*1）",肉酱培根披萨,,,,非会员,10,,,依据餐量提供餐具,,78.00,23.51,46.10,0.00,0,0,3.24,0.00,3.90,【活动支出】店铺满减:1.00元+【活动支出】单品特价:38.10元+【活动支出】饿了么红包:7.00元+【活动支出】替用户承担配送费:3.9元,-,-,-,2.00,温州区域,温州加盟,,,否,-,平台配送
圣比萨（瓯北立体城店）,SBM00003,温州,"8059290254532655604	",饿了么,平台外卖,已完成,2025-10-21 16:14:18,2025-10-21 16:14:18,2025-10-21 16:14:19,饿了么支付-在线支付,,即时单,2025-10-21 16:14:18,16.65,手动出餐,1,否,"任选披萨8选1+小吃5选1+饮料[缤纷水果披萨7英寸+地道肠1根+柠檬茶]（65.00*1）,餐盒（2.00*1）",缤纷水果披萨【7英寸(手拍)】+地道肠【1根】+柠檬茶,,,,非会员,11,,,依据餐量提供餐具,,65.00,17.54,40.10,0.00,0,0,2.51,0.00,6.00,【活动支出】单品特价:33.10元+【活动支出】饿了么红包:7.00元+【活动支出】替用户承担配送费:6.0元,-,-,-,2.00,温州区域,温州加盟,,,否,-,平台配送
圣比萨（瓯北立体城店）,SBM00003,温州,"8040050254716792089	",饿了么,平台外卖,已完成,2025-10-21 16:16:53,2025-10-21 16:16:53,2025-10-21 16:16:53,饿了么支付-在线支付,,即时单,2025-10-21 16:16:53,12.33,手动出餐,1,否,"榴莲王披萨-9英寸(手拍)[{""name"":""规格"",""value"":""9英寸(手拍)""}]（92.00*1）,餐盒（1.00*1）",榴莲王披萨,,,,非会员,12,,,依据餐量提供餐具,,92.00,27.38,54.10,0.00,0,0,3.77,0.00,3.90,【活动支出】店铺满减:1.00元+【活动支出】单品特价:46.10元+【活动支出】饿了么红包:7.00元+【活动支出】替用户承担配送费:3.9元,-,-,-,1.00,温州区域,温州加盟,,,否,-,平台配送
圣比萨（瓯北立体城店）,SBM00003,温州,"8032586088548514264	",饿了么,平台外卖,已完成,2025-10-21 16:28:46,2025-10-21 16:28:46,2025-10-21 16:28:46,饿了么支付-在线支付,,即时单,2025-10-21 16:28:46,17.48,手动出餐,1,否,奥尔良烤鸡肉披萨(7寸)-单点（20.61*1）,新奥尔良烤鸡肉披萨【7英寸(手拍)】,,,,非会员,13,,,依据餐量提供餐具,,20.61,13.21,0.00,0.00,0,0,0.00,0.00,,【活动支出】拼团反圈活动:0.00元,-,-,-,0.00,温州区域,温州加盟,,,否,-,平台配送
圣比萨（瓯北立体城店）,SBM00003,温州,"8023010254758182157	",饿了么,平台外卖,已退款,2025-10-21 17:38:53,2025-10-21 17:38:53,2025-10-21 17:38:53,饿了么支付-在线支付,,即时单,2025-10-21 17:38:53,,未出餐,1,否,"川香脆皮大翅根-2个[{""name"":""规格"",""value"":""2个""}]（22.00*1）,任选意面4选1+小吃5选1+饮料[黑椒牛肉意面+盐酥鸡米花小份+柠檬茶]（57.00*1）,餐盒（3.00*1）",川香脆皮大翅根+黑椒牛肉意面+盐酥鸡米花小份+柠檬茶,,,,非会员,14,,,依据餐量提供餐具,订单强制无效（商家主动取消已接订单、用户1分钟内取消),79.00,-3.35,44.70,29.30,0,0,3.60,0.00,3.90,【活动支出】店铺满减:1.00元+【活动支出】单品特价:9.60元+【活动支出】单品特价:25.10元+【活动支出】饿了么红包:9.00元+【活动支出】替用户承担配送费:3.9元,-,-,-,3.00,温州区域,温州加盟,,,否,-,平台配送
圣比萨（瓯北立体城店）,SBM00003,温州,"8023010254758316332	",饿了么,平台外卖,已完成,2025-10-21 17:40:21,2025-10-21 17:40:21,2025-10-21 17:40:21,饿了么支付-在线支付,,即时单,2025-10-21 17:40:21,14.07,手动出餐,1,否,"川香脆皮大翅根-2个[{""name"":""规格"",""value"":""2个""}]（22.00*1）,任选意面4选1+小吃5选1+饮料[黑椒牛肉意面+盐酥鸡米花小份+柠檬茶]（57.00*1）,餐盒（3.00*1）",川香脆皮大翅根+黑椒牛肉意面+盐酥鸡米花小份+柠檬茶,,,,非会员,15,,,依据餐量提供餐具,,79.00,25.95,44.70,0.00,0,0,3.60,0.00,3.90,【活动支出】店铺满减:1.00元+【活动支出】单品特价:9.60元+【活动支出】单品特价:25.10元+【活动支出】饿了么红包:9.00元+【活动支出】替用户承担配送费:3.9元,-,-,-,3.00,温州区域,温州加盟,,,否,-,平台配送
圣比萨（瓯北立体城店）,SBM00003,温州,"8002040254664853932	",饿了么,平台外卖,已完成,2025-10-21 17:52:04,2025-10-21 17:52:04,2025-10-21 17:52:04,饿了么支付-在线支付,,即时单,2025-10-21 17:52:04,22.02,手动出餐,1,否,"浪漫威尼斯披萨-9英寸(手拍)[{""name"":""规格"",""value"":""9英寸(手拍)""}]（75.00*1）,餐盒（1.00*1）",浪漫威尼斯披萨,,,,非会员,16,,,不要辣 / 依据餐量提供餐具,,75.00,24.40,41.10,0.00,0,0,3.35,0.00,3.90,【活动支出】店铺满减:1.00元+【活动支出】单品特价:35.10元+【活动支出】饿了么红包:5.00元+【活动支出】替用户承担配送费:3.9元,-,-,-,1.00,温州区域,温州加盟,,,否,-,平台配送
圣比萨（瓯北立体城店）,SBM00003,温州,"8044250254673870215	",饿了么,平台外卖,已完成,2025-10-21 17:53:11,2025-10-21 17:53:11,2025-10-21 17:53:11,饿了么支付-在线支付,,即时单,2025-10-21 17:53:11,20.92,手动出餐,1,否,"【甜而不腻】玉米沙拉披萨[7英寸玉米沙拉披萨]（42.00*1）,餐盒（2.00*1）",玉米沙拉披萨【7英寸(手拍)】,,,,非会员,17,,,依据餐量提供餐具,,42.00,7.02,29.60,0.00,0,0,1.43,0.00,3.90,【活动支出】单品特价:22.60元+【活动支出】 商家自营销加码:2.00元+【活动支出】饿了么红包:5.00元+【活动支出】替用户承担配送费:3.9元,-,-,-,2.00,温州区域,温州加盟,,,否,-,平台配送
圣比萨（瓯北立体城店）,SBM00003,温州,"8040586088536770830	",饿了么,平台外卖,已完成,2025-10-21 17:53:27,2025-10-21 17:53:27,2025-10-21 17:53:27,饿了么支付-在线支付,,即时单,2025-10-21 17:53:27,20.68,手动出餐,1,否,奥尔良烤鸡肉披萨(7寸)-单点（20.61*1）,新奥尔良烤鸡肉披萨【7英寸(手拍)】,,,,非会员,18,,,依据餐量提供餐具,,20.61,13.21,0.00,0.00,0,0,0.00,0.00,,【活动支出】拼团反圈活动:0.00元,-,-,-,0.00,温州区域,温州加盟,,,否,-,平台配送
圣比萨（瓯北立体城店）,SBM00003,温州,"8003866088589524304	",饿了么,平台外卖,已完成,2025-10-21 18:10:01,2025-10-21 18:10:01,2025-10-21 18:10:02,饿了么支付-在线支付,,即时单,2025-10-21 18:10:01,14.98,手动出餐,1,否,"缤纷水果披萨-7英寸(手拍)[{""name"":""规格"",""value"":""7英寸(手拍)""}]（42.00*1）,餐盒（1.00*1）",缤纷水果披萨,,,,非会员,19,,,1份餐具,,42.00,12.78,23.10,0.00,0,0,1.77,0.00,3.90,【活动支出】单品特价:16.10元+【活动支出】饿了么红包:7.00元+【活动支出】替用户承担配送费:3.9元,-,-,-,1.00,温州区域,温州加盟,,,否,-,平台配送
圣比萨（瓯北立体城店）,SBM00003,温州,"8030956088615279910	",饿了么,平台外卖,已完成,2025-10-21 18:54:34,2025-10-21 18:54:34,2025-10-21 18:54:35,饿了么支付-在线支付,,即时单,2025-10-21 18:54:34,18.27,手动出餐,1,否,"奶酪芝士卷边（7英寸）（4.90*1）,点击右上角❤️收藏得小吃[上校鸡块2个]（2.00*1）,【随心拼】7英寸披萨(口味自选）[培根鸡肉+花果山（新品水果）]（54.00*1）,餐盒（2.50*1）",奶酪芝士卷边7+上校鸡块2个+双拼7寸【碳烤鸡肉培根口味7】+双拼7寸【花果山口味7】,,,,非会员,20,,,依据餐量提供餐具,,60.90,17.93,36.40,0.00,0,0,2.52,0.00,3.90,【活动支出】单品特价:1.90元+【活动支出】单品特价:27.50元+【活动支出】饿了么红包:7.00元+【活动支出】替用户承担配送费:3.9元,-,-,-,2.50,温州区域,温州加盟,,,否,-,平台配送
圣比萨（瓯北立体城店）,SBM00003,温州,"8094290254706248016	",饿了么,平台外卖,已完成,2025-10-21 18:59:10,2025-10-21 18:59:10,2025-10-21 18:59:11,饿了么支付-在线支付,,即时单,2025-10-21 18:59:10,35.77,被动出餐,1,否,"奥尔良烤鸡肉披萨-7英寸(手拍)[{""name"":""规格"",""value"":""7英寸(手拍)""}]（45.00*1）,薯饼3个（12.00*1）,餐盒（1.00*1）",新奥尔良烤鸡肉披萨+薯饼,,,,非会员,21,,,1份餐具,,57.00,13.67,37.10,0.00,0,0,1.88,0.00,3.90,【活动支出】单品特价:21.10元+【活动支出】单品特价:9.00元+【活动支出】 商家自营销加码:2.00元+【活动支出】饿了么红包:5.00元+【活动支出】替用户承担配送费:3.9元,-,-,-,1.00,温州区域,温州加盟,,,否,-,平台配送
圣比萨（瓯北立体城店）,SBM00003,温州,"8033100254770267475	",饿了么,平台外卖,已完成,2025-10-21 20:36:50,2025-10-21 20:36:50,2025-10-21 20:36:50,饿了么支付-在线支付,,即时单,2025-10-21 20:36:50,14.18,手动出餐,1,否,"蛋挞一个（原味）（5.00*1）,任选意面4选1+小吃5选1+饮料[招牌肉酱意面+地道肠1根+港式奶茶]（57.00*1）,点击右上角❤️收藏得小吃[小薯饼一个]（2.00*1）,餐盒（3.50*1）",蛋挞1个+招牌肉酱意面+地道肠1根+港式奶茶+薯饼1个,,,,非会员,22,,,依据餐量提供餐具,,64.00,20.16,38.01,0.00,0,0,2.78,0.00,3.90,【活动支出】单品特价:4.01元+【活动支出】单品特价:25.10元+【活动支出】单品特价:1.90元+【活动支出】饿了么红包:7.00元+【活动支出】替用户承担配送费:3.9元,-,-,-,3.50,温州区域,温州加盟,,,否,-,平台配送
圣比萨（瓯北立体城店）,SBM00003,温州,"8059756088640091422	",饿了么,平台外卖,已完成,2025-10-21 20:54:41,2025-10-21 20:54:41,2025-10-21 20:54:42,饿了么支付-在线支付,,即时单,2025-10-21 20:54:41,22.55,被动出餐,1,否,奥尔良烤鸡肉披萨(7寸)-单点（20.61*1）,新奥尔良烤鸡肉披萨【7英寸(手拍)】,,,,非会员,23,,,依据餐量提供餐具,,20.61,13.21,0.00,0.00,0,0,0.00,0.00,,【活动支出】拼团反圈活动:0.00元,-,-,-,0.00,温州区域,温州加盟,,,否,-,平台配送
圣比萨（白石店）,SBM00031,温州,"8048120254467866886	",饿了么,平台外卖,已完成,2025-10-21 10:28:32,2025-10-21 10:28:32,2025-10-21 10:28:32,饿了么支付-在线支付,,即时单,2025-10-21 10:28:32,7.93,手动出餐,1,否,"黑椒牛肉芝士焗饭（52.00*1）,餐盒（2.00*1）",黑椒牛肉芝士焗饭,,,,非会员,1,,,依据餐量提供餐具,,52.00,10.62,34.60,0.00,0,0,1.43,0.00,5.00,【活动支出】单品特价:25.60元+【活动支出】粉丝群:2.00元+【活动支出】饿了么红包:7.00元+【活动支出】替用户承担配送费:5.0元,-,-,-,2.00,温州区域,温州加盟,,,否,-,平台配送
圣比萨（白石店）,SBM00031,温州,"8025470254546029850	",饿了么,平台外卖,已完成,2025-10-21 10:43:11,2025-10-21 10:43:11,2025-10-21 10:43:11,饿了么支付-在线支付,,即时单,2025-10-21 10:43:11,11.48,手动出餐,1,否,"超值一人套餐[浪漫威尼斯7寸+蛋挞一对+原味奶茶+热]（57.00*1）,餐盒（2.00*1）",超值一人套餐[浪漫威尼斯7寸+蛋挞一对+原味奶茶+热]+餐盒,,,,非会员,2,,,依据餐量提供餐具,,57.00,20.73,28.60,0.00,0,0,2.02,0.00,3.50,【活动支出】店铺满减:1.00元+【活动支出】单品特价:20.60元+【活动支出】饿了么红包:7.00元+【活动支出】替用户承担配送费:3.5元,-,-,-,2.00,温州区域,温州加盟,,,否,-,平台配送
圣比萨（白石店）,SBM00031,温州,"8095320254486243778	",饿了么,平台外卖,已完成,2025-10-21 11:13:36,2025-10-21 11:13:36,2025-10-21 11:13:37,饿了么支付-在线支付,,即时单,2025-10-21 11:13:36,10.22,手动出餐,1,否,"任选焗饭4选1+小吃6选1+饮料[咖喱鸡肉芝士焗饭+墨鱼丸3个+芒果汁+冷]（57.00*1）,餐盒（2.00*1）",咖喱鸡肉芝士焗饭+深海墨鱼丸【3个】+芒果汁,,,,非会员,3,,,依据餐量提供餐具,,57.00,18.73,31.41,0.00,0,0,1.81,0.00,3.50,【活动支出】单品特价:23.41元+【活动支出】饿了么红包:8.00元+【活动支出】替用户承担配送费:3.5元,-,-,-,2.00,温州区域,温州加盟,,,否,-,平台配送
圣比萨（白石店）,SBM00031,温州,"8087846088401143228	",饿了么,平台外卖,已完成,2025-10-21 11:29:23,2025-10-21 11:29:23,2025-10-21 11:29:23,饿了么支付-在线支付,,即时单,2025-10-21 11:29:23,12.35,手动出餐,1,否,"港式奶茶[常温]（10.00*1）,西西里肉酱香肠焗饭（57.00*1）,餐盒（2.50*1）",港式奶茶+西西里肉酱火腿芝士焗饭,,,,非会员,4,,,依据餐量提供餐具,,67.00,22.21,37.50,0.00,0,0,2.14,0.00,3.50,【活动支出】店铺满减:1.00元+【活动支出】单品特价:28.50元+【活动支出】 商家自营销加码:0.00元+【活动支出】饿了么红包:8.00元+【活动支出】替用户承担配送费:3.5元,-,-,-,2.50,温州区域,温州加盟,,,否,-,平台配送
圣比萨（白石店）,SBM00031,温州,"8088150254545641914	",饿了么,平台外卖,已完成,2025-10-21 11:50:51,2025-10-21 11:50:51,2025-10-21 11:50:51,饿了么支付-在线支付,,即时单,2025-10-21 11:50:51,9.83,手动出餐,1,否,"任选披萨8选1+小吃6选1+饮料[碳烤培根鸡肉披萨7寸+上校鸡块4个+柠檬茶+热]（58.00*1）,餐盒（2.00*1）",碳烤鸡肉培根披萨【7英寸(手拍)】+上校鸡块+柠檬茶,,,,非会员,5,,,依据餐量提供餐具,,58.00,20.27,30.10,0.00,0,0,1.98,0.00,3.50,【活动支出】店铺满减:1.00元+【活动支出】单品特价:20.60元+【活动支出】饿了么红包:8.50元+【活动支出】替用户承担配送费:3.5元,-,-,-,2.00,温州区域,温州加盟,,,否,-,平台配送
圣比萨（白石店）,SBM00031,温州,"8053440254472787325	",饿了么,平台外卖,已完成,2025-10-21 12:59:17,2025-10-21 12:59:17,2025-10-21 12:59:17,饿了么支付-在线支付,,即时单,2025-10-21 12:59:17,9.75,手动出餐,1,否,"圣比至尊披萨-7英寸（经典手拍）[{""name"":""规格"",""value"":""7英寸（经典手拍）""}]（42.00*1）,餐盒（2.00*1）",大圣招牌大满贯披萨,,,,非会员,6,,,依据餐量提供餐具,,42.00,14.97,19.50,0.00,0,0,1.58,0.00,4.50,【活动支出】单品特价:12.50元+【活动支出】饿了么红包:7.00元+【活动支出】替用户承担配送费:4.5元,-,-,-,2.00,温州区域,温州加盟,,,否,-,平台配送
圣比萨（白石店）,SBM00031,温州,"8097460254480901606	",饿了么,平台外卖,已完成,2025-10-21 13:14:27,2025-10-21 13:14:27,2025-10-21 13:14:27,饿了么支付-在线支付,,即时单,2025-10-21 13:14:27,8.98,手动出餐,1,否,"新奥尔良烤鸡肉披萨-7英寸（经典手拍）[{""name"":""规格"",""value"":""7英寸（经典手拍）""}]（39.00*1）,餐盒（2.00*1）",新奥尔良烤鸡肉披萨,,,,非会员,7,,,帮我放2楼门里面（门没锁） / 1份餐具,,39.00,15.55,17.50,0.00,0,0,1.50,0.00,3.50,【活动支出】单品特价:10.50元+【活动支出】饿了么红包:7.00元+【活动支出】替用户承担配送费:3.5元,-,-,-,2.00,温州区域,温州加盟,,,否,-,平台配送
圣比萨（白石店）,SBM00031,温州,"8057090254591451615	",饿了么,平台外卖,已完成,2025-10-21 14:34:21,2025-10-21 14:34:21,2025-10-21 14:34:21,饿了么支付-在线支付,,即时单,2025-10-21 14:34:21,9.63,手动出餐,1,否,7寸日系照烧鸡披萨-单点（22.00*1）,日系照烧鸡披萨【7英寸(手拍)】,,,,非会员,8,,,依据餐量提供餐具,,22.00,12.00,0.00,0.00,0,0,0.00,0.00,,【活动支出】拼团反圈活动:0.00元,-,-,-,0.00,温州区域,温州加盟,,,否,-,平台配送
圣比萨（白石店）,SBM00031,温州,"8055556088523426059	",饿了么,平台外卖,已完成,2025-10-21 14:48:39,2025-10-21 14:48:39,2025-10-21 14:48:39,饿了么支付-在线支付,,即时单,2025-10-21 14:48:39,11.35,手动出餐,1,否,"柠檬茶[常温]（6.00*1）,骨肉相连-3串[{""name"":""规格"",""value"":""3串""}]（13.50*1）,台式香烤地道肠（7.50*1）,番茄牛肉意面（52.00*1）,香烤鸡翅-2只[{""name"":""规格"",""value"":""2只""}]（16.00*1）,餐盒（6.00*1）",柠檬茶+地道肠1根+番茄牛肉意面+香烤鸡翅,,,,非会员,9,,,1份餐具,,95.00,34.94,51.20,0.00,0,0,3.51,0.00,3.50,【活动支出】店铺满减:6.00元+【活动支出】单品特价:3.10元+【活动支出】单品特价:1.00元+【活动支出】单品特价:29.50元+【活动支出】单品特价:2.60元+【活动支出】饿了么红包:9.00元+【活动支出】替用户承担配送费:3.5元,-,-,-,6.00,温州区域,温州加盟,,,否,-,平台配送
圣比萨（白石店）,SBM00031,温州,"8040200254721579304	",饿了么,平台外卖,已完成,2025-10-21 16:25:28,2025-10-21 16:25:28,2025-10-21 16:25:28,饿了么支付-在线支付,,即时单,2025-10-21 16:25:28,10.95,手动出餐,1,否,"个人独享DIY套餐[7寸牛肉披萨+奥尔良烤翅一对+经典奶茶热]（59.00*1）,餐盒（2.00*1）",炙热牛魔王披萨【7英寸(手拍)】+奥尔良烤翅+港式奶茶,,,,非会员,10,,,依据餐量提供餐具,,59.00,23.04,28.60,0.00,0,0,2.21,0.00,3.50,【活动支出】店铺满减:1.00元+【活动支出】单品特价:18.60元+【活动支出】饿了么红包:9.00元+【活动支出】替用户承担配送费:3.5元,-,-,-,2.00,温州区域,温州加盟,,,否,-,平台配送
圣比萨（白石店）,SBM00031,温州,"8085330254625519088	",饿了么,平台外卖,已完成,2025-10-21 16:32:07,2025-10-21 16:32:07,2025-10-21 16:32:07,饿了么支付-在线支付,,即时单,2025-10-21 16:32:07,9.80,手动出餐,1,否,"骨肉相连-1串[{""name"":""规格"",""value"":""1串""}]（5.00*1）,榴莲王披萨-7英寸（经典手拍）[{""name"":""规格"",""value"":""7英寸（经典手拍）""}]（52.00*1）,香烤鸡翅-2只[{""name"":""规格"",""value"":""2只""}]（16.00*1）,餐盒（3.00*1）",榴莲王披萨+香烤鸡翅,,,,非会员,11,,,依据餐量提供餐具,,73.00,32.16,30.50,0.00,0,0,3.19,0.00,3.50,【活动支出】店铺满减:6.00元+【活动支出】单品特价:1.40元+【活动支出】单品特价:11.50元+【活动支出】单品特价:2.60元+【活动支出】饿了么红包:9.00元+【活动支出】替用户承担配送费:3.5元,-,-,-,3.00,温州区域,温州加盟,,,否,-,平台配送
圣比萨（白石店）,SBM00031,温州,"8009170254652502424	",饿了么,平台外卖,已完成,2025-10-21 16:49:24,2025-10-21 16:49:24,2025-10-21 16:49:25,饿了么支付-在线支付,,即时单,2025-10-21 16:49:24,9.43,手动出餐,1,否,奥尔良烤鸡肉披萨(7寸)-单点（23.21*1）,新奥尔良烤鸡肉披萨【7英寸(手拍)】,,,,非会员,12,,,1份餐具,,23.21,13.21,0.00,0.00,0,0,0.00,0.00,,【活动支出】拼团反圈活动:0.00元,-,-,-,0.00,温州区域,温州加盟,,,否,-,平台配送
圣比萨（白石店）,SBM00031,温州,"8000240254742032653	",饿了么,平台外卖,已完成,2025-10-21 17:11:51,2025-10-21 17:11:51,2025-10-21 17:11:51,饿了么支付-在线支付,,即时单,2025-10-21 17:11:51,10.55,手动出餐,1,否,"黑椒牛肉芝士焗饭（52.00*1）,餐盒（2.00*1）",黑椒牛肉芝士焗饭,,,,非会员,13,,,依据餐量提供餐具,,52.00,12.02,34.60,0.00,0,0,1.43,0.00,3.50,【活动支出】单品特价:25.60元+【活动支出】粉丝群:2.00元+【活动支出】饿了么红包:7.00元+【活动支出】替用户承担配送费:3.5元,-,-,-,2.00,温州区域,温州加盟,,,否,-,平台配送
圣比萨（白石店）,SBM00031,温州,"8005290254647715085	",饿了么,平台外卖,已完成,2025-10-21 17:14:19,2025-10-21 17:14:19,2025-10-21 17:14:19,饿了么支付-在线支付,,即时单,2025-10-21 17:14:19,10.63,手动出餐,1,否,"任选披萨8选1+小吃6选1+饮料[碳烤培根鸡肉披萨7寸+藤椒鸡排1个+小可乐+冷]（58.00*1）,餐盒（2.00*1）",碳烤鸡肉培根披萨【7英寸(手拍)】+金丝鸡排+小可乐,,,,非会员,14,,,不要洋葱！！！ / 1份餐具,,58.00,21.19,29.60,0.00,0,0,2.06,0.00,3.50,【活动支出】店铺满减:1.00元+【活动支出】单品特价:20.60元+【活动支出】 商家自营销加码:0.00元+【活动支出】饿了么红包:8.00元+【活动支出】替用户承担配送费:3.5元,-,-,-,2.00,温州区域,温州加盟,,,否,-,平台配送
圣比萨（白石店）,SBM00031,温州,"8007110254656278950	",饿了么,平台外卖,已完成,2025-10-21 17:35:54,2025-10-21 17:35:54,2025-10-21 17:35:54,饿了么支付-在线支付,,即时单,2025-10-21 17:35:54,12.27,手动出餐,1,否,7寸日系照烧鸡披萨-单点（22.00*1）,日系照烧鸡披萨【7英寸(手拍)】,,,,非会员,15,,,依据餐量提供餐具,,22.00,12.00,0.00,0.00,0,0,0.00,0.00,,【活动支出】拼团反圈活动:0.00元,-,-,-,0.00,温州区域,温州加盟,,,否,-,平台配送
圣比萨（白石店）,SBM00031,温州,"8014746088587095370	",饿了么,平台外卖,已完成,2025-10-21 17:36:42,2025-10-21 17:36:42,2025-10-21 17:36:42,饿了么支付-在线支付,,即时单,2025-10-21 17:36:42,10.35,手动出餐,1,否,"任选披萨8选1+小吃6选1+饮料[玉米沙拉披萨7寸+地道肠一根+小可乐+常温]（58.00*1）,餐盒（2.00*1）",玉米沙拉披萨【7英寸(手拍)】+地道肠【1根】+小可乐,,,,非会员,16,,,依据餐量提供餐具,,58.00,20.29,29.60,0.00,0,0,2.06,0.00,4.50,【活动支出】店铺满减:1.00元+【活动支出】单品特价:20.60元+【活动支出】饿了么红包:8.00元+【活动支出】替用户承担配送费:4.5元,-,-,-,2.00,温州区域,温州加盟,,,否,-,平台配送
圣比萨（白石店）,SBM00031,温州,"8065300254673488133	",饿了么,平台外卖,已完成,2025-10-21 18:05:19,2025-10-21 18:05:19,2025-10-21 18:05:20,饿了么支付-在线支付,,即时单,2025-10-21 18:05:19,13.18,手动出餐,1,否,"双拼披萨随心❤拼-9寸[新奥尔良烤鸡肉+菠萝双虾披萨][{""name"":""规格"",""value"":""9寸""}]（88.00*1）,餐盒（2.00*1）","双拼披萨随心❤拼-9寸[新奥尔良烤鸡肉+菠萝双虾披萨][{""name"":""规格"",""value"":""9寸""}]+餐盒",,,,非会员,17,,,依据餐量提供餐具,,88.00,37.29,39.60,0.00,0,0,3.56,0.00,3.50,【活动支出】店铺满减:6.00元+【活动支出】单品特价:28.60元+【活动支出】饿了么红包:5.00元+【活动支出】替用户承担配送费:3.5元,-,-,-,2.00,温州区域,温州加盟,,,否,-,平台配送
圣比萨（白石店）,SBM00031,温州,"8068986088559969608	",饿了么,平台外卖,已完成,2025-10-21 18:30:51,2025-10-21 18:30:51,2025-10-21 18:30:51,饿了么支付-在线支付,,即时单,2025-10-21 18:30:51,8.32,手动出餐,1,否,"黑椒牛肉意面（52.00*1）,翅薯组合（21.00*1）,餐盒（4.00*1）",黑椒牛肉意面+翅薯组合,,,,非会员,18,,,1份餐具,,73.00,26.45,38.00,0.00,0,0,2.70,0.00,5.00,【活动支出】店铺满减:1.00元+【活动支出】单品特价:27.40元+【活动支出】单品特价:1.60元+【活动支出】饿了么红包:8.00元+【活动支出】替用户承担配送费:5.0元,-,-,-,4.00,温州区域,温州加盟,,,否,-,平台配送
圣比萨（白石店）,SBM00031,温州,"8029596088579998054	",饿了么,平台外卖,已完成,2025-10-21 18:31:49,2025-10-21 18:31:49,2025-10-21 18:31:50,饿了么支付-在线支付,,即时单,2025-10-21 18:31:49,12.17,手动出餐,1,否,"番茄牛肉意面（52.00*2）,榴莲王披萨-7英寸（经典手拍）[{""name"":""规格"",""value"":""7英寸（经典手拍）""}]（52.00*1）,餐盒（5.00*1）",番茄牛肉意面+榴莲王披萨,,,,非会员,19,,,依据餐量提供餐具,,156.00,52.34,88.50,0.00,0,0,5.21,0.00,5.60,【活动支出】店铺满减:6.00元+【活动支出】单品特价:59.00元+【活动支出】单品特价:11.50元+【活动支出】饿了么红包:12.00元+【活动支出】替用户承担配送费:5.6元,-,-,-,5.00,温州区域,温州加盟,,,否,-,平台配送
圣比萨（白石店）,SBM00031,温州,"8096566088620180984	",饿了么,平台外卖,已完成,2025-10-21 18:37:38,2025-10-21 18:37:38,2025-10-21 18:37:38,饿了么支付-在线支付,,即时单,2025-10-21 18:37:38,10.42,手动出餐,1,否,"榴莲王披萨-7英寸（经典手拍）[{""name"":""规格"",""value"":""7英寸（经典手拍）""}]（52.00*1）",榴莲王披萨,,,,非会员,20,,,依据餐量提供餐具,,52.00,19.53,24.70,0.00,0,0,1.82,0.00,3.50,【活动支出】单品特价:24.70元+【活动支出】替用户承担配送费:3.5元,-,-,-,0.00,温州区域,温州加盟,,,否,-,平台配送
圣比萨（白石店）,SBM00031,温州,"8081886088616928557	",饿了么,平台外卖,已完成,2025-10-21 19:43:57,2025-10-21 19:43:57,2025-10-21 19:43:57,饿了么支付-在线支付,,即时单,2025-10-21 19:43:57,9.95,手动出餐,1,否,"圣比至尊披萨-7英寸（经典手拍）[{""name"":""规格"",""value"":""7英寸（经典手拍）""}]（42.00*1）,餐盒（2.00*1）",大圣招牌大满贯披萨,,,,非会员,21,,,依据餐量提供餐具,,42.00,16.34,19.50,0.00,0,0,1.61,0.00,3.50,【活动支出】单品特价:12.50元+【活动支出】饿了么红包:7.00元+【活动支出】替用户承担配送费:3.5元,-,-,-,2.00,温州区域,温州加盟,,,否,-,平台配送
圣比萨（白石店）,SBM00031,温州,"8036370254746493414	",饿了么,平台外卖,已完成,2025-10-21 20:38:01,2025-10-21 20:38:01,2025-10-21 20:38:01,饿了么支付-在线支付,,即时单,2025-10-21 20:38:01,9.15,手动出餐,1,否,7寸日系照烧鸡披萨-单点（22.00*1）,日系照烧鸡披萨【7英寸(手拍)】,,,,非会员,22,,,依据餐量提供餐具,,22.00,12.00,0.00,0.00,0,0,0.00,0.00,,【活动支出】拼团反圈活动:0.00元,-,-,-,0.00,温州区域,温州加盟,,,否,-,平台配送
圣比萨（白石店）,SBM00031,温州,"8056150254659978664	",饿了么,平台外卖,已完成,2025-10-21 20:39:54,2025-10-21 20:39:54,2025-10-21 20:39:55,饿了么支付-在线支付,,即时单,2025-10-21 20:39:54,10.30,手动出餐,1,否,"圣比至尊披萨-7英寸（经典手拍）[{""name"":""规格"",""value"":""7英寸（经典手拍）""}]（42.00*1）,餐盒（2.00*1）",大圣招牌大满贯披萨,,,,非会员,23,,,依据餐量提供餐具,,42.00,15.09,21.50,0.00,0,0,1.46,0.00,3.50,【活动支出】单品特价:12.50元+【活动支出】 商家自营销加码:2.00元+【活动支出】粉丝群:2.00元+【活动支出】饿了么红包:5.00元+【活动支出】替用户承担配送费:3.5元,-,-,-,2.00,温州区域,温州加盟,,,否,-,平台配送
圣比萨（白石店）,SBM00031,温州,"8008606088677822788	",饿了么,平台外卖,已完成,2025-10-21 23:03:42,2025-10-21 23:03:42,2025-10-21 23:03:43,饿了么支付-在线支付,,即时单,2025-10-21 23:03:42,16.95,手动出餐,1,否,"金沙咸蛋黄嫩鸡披萨-7英寸[{""name"":""规格"",""value"":""7英寸""}]（45.00*1）,餐盒（1.00*1）",金沙咸蛋黄嫩鸡披萨,,,,非会员,24,,,依据餐量提供餐具,,45.00,15.00,22.41,0.00,0,0,1.54,0.00,5.60,【活动支出】单品特价:15.41元+【活动支出】饿了么红包:7.00元+【活动支出】替用户承担配送费:5.6元,-,-,-,1.00,温州区域,温州加盟,,,否,-,平台配送
圣比萨（白石店）,SBM00031,温州,"8055410254804789549	",饿了么,平台外卖,已完成,2025-10-21 23:41:00,2025-10-21 23:41:00,2025-10-21 23:41:01,饿了么支付-在线支付,,即时单,2025-10-21 23:41:00,13.18,手动出餐,1,否,"金沙咸蛋黄嫩鸡披萨-7英寸[{""name"":""规格"",""value"":""7英寸""}]（45.00*1）,芝心边（10.00*1）,餐盒（1.00*1）",金沙咸蛋黄嫩鸡披萨,,,,非会员,25,,,依据餐量提供餐具,,55.00,21.80,24.41,0.00,0,0,2.14,0.00,5.60,【活动支出】店铺满减:1.00元+【活动支出】单品特价:15.41元+【活动支出】饿了么红包:8.00元+【活动支出】替用户承担配送费:5.6元,-,-,-,1.00,温州区域,温州加盟,,,否,-,平台配送
圣比萨（上塘店）,SBM00032,温州,"8040856088359047639	",饿了么,平台外卖,已完成,2025-10-21 10:49:11,2025-10-21 10:49:11,2025-10-21 10:49:11,饿了么支付-在线支付,,即时单,2025-10-21 10:49:11,7.45,手动出餐,1,否,番茄牛肉意面-单点（22.59*1）,番茄牛肉意面,,,,非会员,1,,,依据餐量提供餐具,,22.59,12.59,0.00,0.00,0,0,0.00,0.00,,【活动支出】拼团反圈活动:0.00元,-,-,-,0.00,温州区域,温州加盟,,,否,-,平台配送
圣比萨（上塘店）,SBM00032,温州,"8056440254576314873	",饿了么,平台外卖,已完成,2025-10-21 11:09:48,2025-10-21 11:09:48,2025-10-21 11:09:48,饿了么支付-在线支付,,即时单,2025-10-21 11:09:48,13.70,手动出餐,1,否,"【5件套】披萨随心配（40.80*1）,餐盒（1.00*1）",海苔肉松披萨(7英寸(手拍))+酸梅汁+经典薯条+盐酥鸡粒(小份）+上校鸡块2个,,,,非会员,2,,,依据餐量提供餐具,,40.80,22.67,9.00,0.00,0,0,3.08,0.00,3.90,【活动支出】精准营销:1.00元+【活动支出】饿了么红包:8.00元+【活动支出】替用户承担配送费:3.9元,-,-,-,1.00,温州区域,温州加盟,,,否,-,平台配送
圣比萨（上塘店）,SBM00032,温州,"8075876088417116419	",饿了么,平台外卖,已完成,2025-10-21 11:39:37,2025-10-21 11:39:37,2025-10-21 11:39:37,饿了么支付-在线支付,,即时单,2025-10-21 11:39:37,12.30,手动出餐,1,否,"榴莲王披萨-9英寸(经典手拍)[{""name"":""规格"",""value"":""9英寸(经典手拍)""}]（82.00*1）,餐盒（1.00*1）",榴莲王披萨,,,,非会员,3,,,依据餐量提供餐具,,82.00,31.70,38.10,0.00,0,0,4.35,0.00,3.90,【活动支出】单品特价:28.10元+【活动支出】超级会员专享红包:8.00元+【活动支出】 商家自营销加码:0.00元+【活动支出】下单返红包:2.00元+【活动支出】替用户承担配送费:3.9元,-,-,-,1.00,温州区域,温州加盟,,,否,-,平台配送
圣比萨（上塘店）,SBM00032,温州,"8087716088423217457	",饿了么,平台外卖,已完成,2025-10-21 12:08:10,2025-10-21 12:08:10,2025-10-21 12:08:10,饿了么支付-在线支付,,即时单,2025-10-21 12:08:10,11.08,手动出餐,1,否,"个人【意面】或【焗饭】套餐（33.70*1）,餐盒（2.00*1）",招牌肉酱芝士焗饭+金丝鸡排+小可乐,,,,非会员,4,,,依据餐量提供餐具,,33.70,19.00,7.00,0.00,0,0,2.65,0.00,3.90,【活动支出】饿了么红包:7.00元+【活动支出】替用户承担配送费:3.9元,-,-,-,2.00,温州区域,温州加盟,,,否,-,平台配送
圣比萨（上塘店）,SBM00032,温州,"8046536088395589008	",饿了么,平台外卖,已完成,2025-10-21 12:12:12,2025-10-21 12:12:12,2025-10-21 12:12:12,饿了么支付-在线支付,,即时单,2025-10-21 12:12:12,10.57,手动出餐,1,否,奥尔良烤鸡肉披萨(7寸)-单点（23.21*1）,新奥尔良烤鸡肉披萨【7英寸(手拍)】,,,,非会员,5,,,依据餐量提供餐具,,23.21,13.21,0.00,0.00,0,0,0.00,0.00,,【活动支出】拼团反圈活动:0.00元,-,-,-,0.00,温州区域,温州加盟,,,否,-,平台配送
圣比萨（上塘店）,SBM00032,温州,"8022656088483338619	",饿了么,平台外卖,已完成,2025-10-21 12:48:43,2025-10-21 12:48:43,2025-10-21 12:48:43,饿了么支付-在线支付,,即时单,2025-10-21 12:48:43,18.15,手动出餐,1,否,"原味奶茶[热]（7.00*1）,圣比至尊披萨-7英寸[{""name"":""规格"",""value"":""7英寸""}]（29.80*1）,餐盒（3.00*1）",港式奶茶+大圣招牌大满贯披萨,,,,非会员,6,,,依据餐量提供餐具,,36.80,21.78,8.00,0.00,0,0,2.97,0.00,3.90,【活动支出】饿了么红包:8.00元+【活动支出】替用户承担配送费:3.9元,-,-,-,3.00,温州区域,温州加盟,,,否,-,平台配送
圣比萨（上塘店）,SBM00032,温州,"8002796088487327076	",饿了么,平台外卖,已完成,2025-10-21 16:18:25,2025-10-21 16:18:25,2025-10-21 16:18:25,饿了么支付-在线支付,,即时单,2025-10-21 16:18:25,17.13,手动出餐,1,否,"招牌肉酱芝士焗饭（不辣）（24.00*1）,餐盒（2.00*1）",招牌肉酱芝士焗饭,,,,非会员,7,,,依据餐量提供餐具,,24.00,11.07,8.00,0.00,0,0,1.58,0.00,3.90,【活动支出】 商家自营销加码:2.00元+【活动支出】精准营销:1.00元+【活动支出】饿了么红包:5.00元+【活动支出】替用户承担配送费:3.9元,-,-,-,2.00,温州区域,温州加盟,,,否,-,平台配送
圣比萨（上塘店）,SBM00032,温州,"8052826088527390171	",饿了么,平台外卖,已完成,2025-10-21 16:24:38,2025-10-21 16:24:38,2025-10-21 16:24:39,饿了么支付-在线支付,,即时单,2025-10-21 16:24:38,12.13,手动出餐,1,否,奥尔良烤鸡肉披萨(7寸)-单点（23.21*1）,新奥尔良烤鸡肉披萨【7英寸(手拍)】,,,,非会员,8,,,不要青红椒 / 1份餐具,,23.21,13.21,0.00,0.00,0,0,0.00,0.00,,【活动支出】拼团反圈活动:0.00元,-,-,-,0.00,温州区域,温州加盟,,,否,-,平台配送
圣比萨（上塘店）,SBM00032,温州,"8042090254660732195	",饿了么,平台外卖,已完成,2025-10-21 17:04:48,2025-10-21 17:04:48,2025-10-21 17:04:48,饿了么支付-在线支付,,即时单,2025-10-21 17:04:48,13.22,手动出餐,1,否,"【4件套】个人独享随心选（38.80*1）,餐盒（2.00*1）",西域肉酱披萨(7英寸(手拍))+港式奶茶+地道肠1根+深海墨鱼丸1个,,,,非会员,9,,,依据餐量提供餐具,,38.80,22.23,9.00,0.00,0,0,3.02,0.00,3.90,【活动支出】店铺满减:1.00元+【活动支出】饿了么红包:8.00元+【活动支出】替用户承担配送费:3.9元,-,-,-,2.00,温州区域,温州加盟,,,否,-,平台配送
圣比萨（上塘店）,SBM00032,温州,"8084666088608892350	",饿了么,平台外卖,已完成,2025-10-21 18:49:48,2025-10-21 18:49:48,2025-10-21 18:49:48,饿了么支付-在线支付,,即时单,2025-10-21 18:49:48,14.50,手动出餐,1,否,奥尔良烤鸡肉披萨(7寸)-单点（23.21*1）,新奥尔良烤鸡肉披萨【7英寸(手拍)】,,,,非会员,10,,,依据餐量提供餐具,,23.21,13.21,0.00,0.00,0,0,0.00,0.00,,【活动支出】拼团反圈活动:0.00元,-,-,-,0.00,温州区域,温州加盟,,,否,-,平台配送
圣比萨（上塘店）,SBM00032,温州,"8020576088586448202	",饿了么,平台外卖,已完成,2025-10-21 19:13:40,2025-10-21 19:13:40,2025-10-21 19:13:41,饿了么支付-在线支付,,即时单,2025-10-21 19:13:40,12.90,手动出餐,1,否,7寸日系照烧鸡披萨-单点（22.00*1）,日系照烧鸡披萨【7英寸(手拍)】,,,,非会员,11,,,依据餐量提供餐具,,22.00,12.00,0.00,0.00,0,0,0.00,0.00,,【活动支出】拼团反圈活动:0.00元,-,-,-,0.00,温州区域,温州加盟,,,否,-,平台配送
圣比萨（上塘店）,SBM00032,温州,"8002150254624122285	",饿了么,平台外卖,已完成,2025-10-21 19:14:10,2025-10-21 19:14:10,2025-10-21 19:14:10,饿了么支付-在线支付,,即时单,2025-10-21 19:14:10,12.85,手动出餐,1,否,奥尔良烤鸡肉披萨(7寸)-单点（23.21*1）,新奥尔良烤鸡肉披萨【7英寸(手拍)】,,,,非会员,12,,,4份餐具,,23.21,13.21,0.00,0.00,0,0,0.00,0.00,,【活动支出】拼团反圈活动:0.00元,-,-,-,0.00,温州区域,温州加盟,,,否,-,平台配送
圣比萨（上塘店）,SBM00032,温州,"8034320254826811798	",饿了么,平台外卖,已完成,2025-10-21 19:32:52,2025-10-21 19:32:52,2025-10-21 19:32:52,饿了么支付-在线支付,,即时单,2025-10-21 19:32:52,9.83,手动出餐,1,否,"浪漫威尼斯披萨-7英寸[{""name"":""规格"",""value"":""7英寸""}]（29.80*1）,餐盒（2.00*1）",浪漫威尼斯披萨,,,,非会员,13,,,依据餐量提供餐具,,29.80,16.56,7.00,0.00,0,0,2.29,0.00,3.90,【活动支出】CPS商户叠加券:0.00元+【活动支出】饿了么红包:7.00元+【活动支出】淘金币:0.00元+【活动支出】替用户承担配送费:3.9元,-,-,-,2.00,温州区域,温州加盟,,,否,-,平台配送
圣比萨（上塘店）,SBM00032,温州,"8018516088632169906	",饿了么,平台外卖,已完成,2025-10-21 20:18:34,2025-10-21 20:18:34,2025-10-21 20:18:34,饿了么支付-在线支付,,即时单,2025-10-21 20:18:34,10.92,手动出餐,1,否,"超值一人餐（35.20*1）,餐盒（2.00*1）",经典薯条+奥尔良鸡肉披萨-7英寸+小可乐,,,,非会员,14,,,依据餐量提供餐具,,35.20,20.79,7.00,0.00,0,0,2.86,0.00,3.90,【活动支出】 商家自营销加码:2.00元+【活动支出】饿了么红包:5.00元+【活动支出】替用户承担配送费:3.9元,-,-,-,2.00,温州区域,温州加盟,,,否,-,平台配送
圣比萨（上塘店）,SBM00032,温州,"8084746088649511323	",饿了么,平台外卖,已完成,2025-10-21 20:21:23,2025-10-21 20:21:23,2025-10-21 20:21:23,饿了么支付-在线支付,,即时单,2025-10-21 20:21:23,12.08,手动出餐,1,否,"圣比至尊披萨-7英寸[{""name"":""规格"",""value"":""7英寸""}]（29.80*1）,餐盒（2.00*1）",大圣招牌大满贯披萨,,,,非会员,15,,,依据餐量提供餐具,,29.80,15.67,8.00,0.00,0,0,2.18,0.00,3.90,【活动支出】精准营销:1.00元+【活动支出】饿了么红包:7.00元+【活动支出】替用户承担配送费:3.9元,-,-,-,2.00,温州区域,温州加盟,,,否,-,平台配送
圣比萨（上塘店）,SBM00032,温州,"8003480254749194621	",饿了么,平台外卖,已完成,2025-10-21 20:44:56,2025-10-21 20:44:56,2025-10-21 20:44:56,饿了么支付-在线支付,,即时单,2025-10-21 20:44:56,11.05,手动出餐,1,否,"超值一人餐（35.20*1）,餐盒（2.00*1）",蛋挞+碳烤鸡肉培根披萨(7英寸(手拍))+芒果汁,,,,非会员,16,,,"加点醋,要香菜 / 依据餐量提供餐具",,35.20,20.79,7.00,0.00,0,0,2.86,0.00,3.90,【活动支出】 商家自营销加码:2.00元+【活动支出】饿了么红包:5.00元+【活动支出】替用户承担配送费:3.9元,-,-,-,2.00,温州区域,温州加盟,,,否,-,平台配送
圣比萨（上塘店）,SBM00032,温州,"8079490254776487326	",饿了么,平台外卖,已完成,2025-10-21 22:30:48,2025-10-21 22:30:48,2025-10-21 22:30:48,饿了么支付-在线支付,,即时单,2025-10-21 22:30:48,16.57,手动出餐,1,否,"可乐罐装[冷]（5.00*1）,【2个】7英寸披萨（49.80*1）,餐盒（2.00*1）",可乐+烤肠玉米披萨-7英寸+大圣招牌大满贯披萨(7英寸(手拍)),,,,非会员,17,,,依据餐量提供餐具,,54.80,31.56,12.00,0.00,0,0,4.39,0.00,6.00,【活动支出】店铺满减:1.00元+【活动支出】下单返红包:2.00元+【活动支出】饿了么红包:9.00元+【活动支出】替用户承担配送费:6.0元,-,-,-,2.00,温州区域,温州加盟,,,否,-,平台配送
圣比萨（钱库店）,SBM00044,温州,"8063586088346572121	",饿了么,平台外卖,已完成,2025-10-21 10:45:22,2025-10-21 10:45:22,2025-10-21 10:45:22,饿了么支付-在线支付,,即时单,2025-10-21 10:45:22,19.27,手动出餐,1,否,"奥尔良烤鸡肉披萨-7寸(经典手拍)[{""name"":""规格"",""value"":""7寸(经典手拍)""}]（45.00*1）,餐盒（2.00*1）",新奥尔良烤鸡肉披萨,,,,非会员,1,,,1份餐具,,45.00,14.12,25.10,0.00,0,0,1.93,0.00,3.50,【活动支出】单品特价:18.10元+【活动支出】饿了么红包:7.00元+【活动支出】替用户承担配送费:3.5元,-,-,-,2.00,温州区域,温州加盟,,,否,-,平台配送
圣比萨（钱库店）,SBM00044,温州,"8058566088384738794	",饿了么,平台外卖,已完成,2025-10-21 10:49:44,2025-10-21 10:49:44,2025-10-21 10:49:45,饿了么支付-在线支付,,即时单,2025-10-21 10:49:44,14.92,手动出餐,1,否,"圣比招牌披萨-9寸(方形薄脆)[{""name"":""规格"",""value"":""9寸(方形薄脆)""}]（78.00*1）","圣比招牌披萨-9寸(方形薄脆)[{""name"":""规格"",""value"":""9寸(方形薄脆)""}]",,,,非会员,2,,,1份餐具,,78.00,25.12,41.80,0.00,0,0,3.43,0.00,3.50,【活动支出】单品特价:41.80元+【活动支出】替用户承担配送费:3.5元,-,-,-,0.00,温州区域,温州加盟,,,否,-,平台配送
圣比萨（钱库店）,SBM00044,温州,"8077130254485577008	",饿了么,平台外卖,已完成,2025-10-21 10:59:13,2025-10-21 10:59:13,2025-10-21 10:59:13,饿了么支付-在线支付,,即时单,2025-10-21 10:59:13,9.92,手动出餐,1,否,"咖喱鸡肉焗饭（34.00*1）,餐盒（1.50*1）",咖喱鸡肉芝士焗饭,,,,非会员,3,,,依据餐量提供餐具,,34.00,12.85,13.01,0.00,0,0,1.99,0.00,5.60,【活动支出】单品特价:7.01元+【活动支出】 商家自营销加码:1.00元+【活动支出】超会爆红包省钱包:5.00元+【活动支出】替用户承担配送费:5.0元,-,-,-,1.50,温州区域,温州加盟,,,否,-,平台配送
圣比萨（钱库店）,SBM00044,温州,"8008140254511678736	",饿了么,平台外卖,已完成,2025-10-21 11:15:07,2025-10-21 11:15:07,2025-10-21 11:15:08,饿了么支付-在线支付,,即时单,2025-10-21 11:15:07,5.38,手动出餐,1,否,"奶油培根意面（31.99*1）,餐盒（1.00*1）",奶油培根意面+餐盒,,,,非会员,4,,,依据餐量提供餐具,,31.99,14.16,10.60,0.00,0,0,1.98,0.00,3.50,【活动支出】单品特价:4.60元+【活动支出】饿了么红包:6.00元+【活动支出】替用户承担配送费:3.5元,-,-,-,1.00,温州区域,温州加盟,,,否,-,平台配送
圣比萨（钱库店）,SBM00044,温州,"8006676088491980286	",饿了么,平台外卖,已退款,2025-10-21 12:56:47,2025-10-21 12:56:47,2025-10-21 12:56:47,饿了么支付-在线支付,,即时单,2025-10-21 12:56:47,,未出餐,1,否,"缤纷水果披萨-9英寸(经典手拍)[{""name"":""规格"",""value"":""9英寸(经典手拍)""}]（75.00*1）",缤纷水果披萨,,,,非会员,5,,,依据餐量提供餐具,订单强制无效（商家主动取消已接订单、用户1分钟内取消),75.00,-4.01,47.10,22.90,0,0,2.56,0.00,3.50,【活动支出】单品特价:47.10元+【活动支出】替用户承担配送费:3.5元,-,-,-,0.00,温州区域,温州加盟,,,否,-,平台配送
圣比萨（钱库店）,SBM00044,温州,"8006676088491885981	",饿了么,平台外卖,已完成,2025-10-21 13:12:46,2025-10-21 13:12:46,2025-10-21 13:12:46,饿了么支付-在线支付,,即时单,2025-10-21 13:12:46,2.57,手动出餐,1,否,新奥尔良烤鸡肉披萨7寸-单点（22.00*1）,新奥尔良烤鸡肉披萨【7英寸(手拍)】,,,,非会员,6,,,依据餐量提供餐具,,22.00,12.00,0.00,0.00,0,0,0.00,0.00,,【活动支出】拼团反圈活动:0.00元,-,-,-,0.00,温州区域,温州加盟,,,否,-,平台配送
圣比萨（钱库店）,SBM00044,温州,"8018000254671370613	",饿了么,平台外卖,已完成,2025-10-21 13:44:22,2025-10-21 13:44:22,2025-10-21 13:44:23,饿了么支付-在线支付,,即时单,2025-10-21 13:44:22,10.53,手动出餐,1,否,新奥尔良烤鸡肉披萨7寸-单点（22.00*1）,新奥尔良烤鸡肉披萨【7英寸(手拍)】,,,,非会员,7,,,依据餐量提供餐具,,22.00,12.00,0.00,0.00,0,0,0.00,0.00,,【活动支出】拼团反圈活动:0.00元,-,-,-,0.00,温州区域,温州加盟,,,否,-,平台配送
圣比萨（钱库店）,SBM00044,温州,"8068746088446636486	",饿了么,平台外卖,已完成,2025-10-21 13:56:59,2025-10-21 13:56:59,2025-10-21 13:56:59,饿了么支付-在线支付,,即时单,2025-10-21 13:56:59,13.67,手动出餐,1,否,"7英寸披萨买一送一[缤纷水果披萨7英寸+圣比招牌披萨7英寸]（86.80*1）,餐盒（2.00*1）",缤纷水果披萨【7英寸(手拍)】+大圣招牌大满贯披萨【7英寸(手拍)】,,,,非会员,8,,,"天气冷了，尽量快一点，谢谢
 / 5份餐具",,86.80,30.02,42.41,0.00,0,0,3.22,0.00,9.00,【活动支出】店铺满减:1.00元+【活动支出】单品特价:33.41元+【活动支出】饿了么红包:8.00元+【活动支出】替用户承担配送费:5.0元,-,-,-,2.00,温州区域,温州加盟,,,否,-,平台配送
圣比萨（钱库店）,SBM00044,温州,"8084906088512480520	",饿了么,平台外卖,已完成,2025-10-21 14:02:46,2025-10-21 14:02:46,2025-10-21 14:02:46,饿了么支付-在线支付,,即时单,2025-10-21 14:02:46,11.97,手动出餐,1,否,新奥尔良烤鸡肉披萨7寸-单点（22.00*1）,新奥尔良烤鸡肉披萨【7英寸(手拍)】,,,,非会员,9,,,依据餐量提供餐具,,22.00,12.00,0.00,0.00,0,0,0.00,0.00,,【活动支出】拼团反圈活动:0.00元,-,-,-,0.00,温州区域,温州加盟,,,否,-,平台配送
圣比萨（钱库店）,SBM00044,温州,"8047120254589835738	",饿了么,平台外卖,已完成,2025-10-21 14:17:02,2025-10-21 14:17:02,2025-10-21 14:17:02,饿了么支付-在线支付,,即时单,2025-10-21 14:17:02,9.82,手动出餐,1,否,"奥尔良烤鸡肉披萨-7寸(经典手拍)[{""name"":""规格"",""value"":""7寸(经典手拍)""}]（45.00*1）,餐盒（2.00*1）",新奥尔良烤鸡肉披萨,,,,非会员,10,,,依据餐量提供餐具,,45.00,14.05,24.50,0.00,0,0,2.00,0.00,3.50,【活动支出】单品特价:17.50元+【活动支出】饿了么红包:7.00元+【活动支出】替用户承担配送费:3.5元,-,-,-,2.00,温州区域,温州加盟,,,否,-,平台配送
圣比萨（钱库店）,SBM00044,温州,"8045370254528694674	",饿了么,平台外卖,已完成,2025-10-21 15:58:22,2025-10-21 15:58:22,2025-10-21 15:58:22,饿了么支付-在线支付,,即时单,2025-10-21 15:58:22,16.65,手动出餐,1,否,"咸蛋黄边（7英寸）（8.80*1）,缤纷水果披萨-7英寸(经典手拍)[{""name"":""规格"",""value"":""7英寸(经典手拍)""}]（42.00*1）",缤纷水果披萨,,,,非会员,11,,,2份餐具,,50.80,19.09,22.50,0.00,0,0,2.66,0.00,3.50,【活动支出】外卖券:22.50元+【活动支出】替用户承担配送费:3.5元,-,-,-,0.00,温州区域,温州加盟,,,否,-,平台配送
圣比萨（钱库店）,SBM00044,温州,"8087796088522436991	",饿了么,平台外卖,已完成,2025-10-21 16:04:12,2025-10-21 16:04:12,2025-10-21 16:04:12,饿了么支付-在线支付,,即时单,2025-10-21 16:04:12,10.83,手动出餐,1,否,"缤纷水果披萨-7英寸(经典手拍)[{""name"":""规格"",""value"":""7英寸(经典手拍)""}]（42.00*1）,餐盒（2.00*1）",缤纷水果披萨,,,,非会员,12,,,依据餐量提供餐具,,42.00,14.80,20.50,0.00,0,0,2.15,0.00,3.50,【活动支出】单品特价:14.50元+【活动支出】 商家自营销加码:1.00元+【活动支出】饿了么红包:5.00元+【活动支出】淘金币:0.00元+【活动支出】替用户承担配送费:3.5元,-,-,-,2.00,温州区域,温州加盟,,,否,-,平台配送
圣比萨（钱库店）,SBM00044,温州,"8029220254723818844	",饿了么,平台外卖,已完成,2025-10-21 16:41:19,2025-10-21 16:41:19,2025-10-21 16:41:19,饿了么支付-在线支付,,即时单,2025-10-21 16:41:19,8.57,手动出餐,1,否,"奶油培根意面（31.99*1）,芝士焗红薯泥（19.00*1）,餐盒（3.00*1）",芝士焗红薯泥,,,,非会员,13,,,依据餐量提供餐具,,50.99,25.09,17.20,0.00,0,0,3.55,0.00,3.50,【活动支出】店铺满减:1.00元+【活动支出】单品特价:4.60元+【活动支出】单品特价:3.60元+【活动支出】超级会员专享红包:8.00元+【活动支出】 商家自营销加码:0.00元+【活动支出】替用户承担配送费:3.5元,-,-,-,3.00,温州区域,温州加盟,,,否,-,平台配送
圣比萨（钱库店）,SBM00044,温州,"8018190254545565005	",饿了么,平台外卖,已完成,2025-10-21 16:51:08,2025-10-21 16:51:08,2025-10-21 16:51:08,饿了么支付-在线支付,,即时单,2025-10-21 16:51:08,12.52,手动出餐,1,否,"芝士边（7英寸）（9.80*1）,7英寸披萨一人食土豪餐[圣比招牌披萨7英寸+墨鱼丸3个+上校鸡块4个+柠檬茶+冷]（70.00*1）,餐盒（2.00*1）",大圣招牌大满贯披萨【7英寸(手拍)】+深海墨鱼丸3个+上校鸡块+柠檬茶,,,,非会员,14,,,依据餐量提供餐具,,79.80,27.61,42.20,0.00,0,0,3.84,0.00,3.50,【活动支出】店铺满减:1.00元+【活动支出】单品特价:29.70元+【活动支出】饿了么红包:11.50元+【活动支出】替用户承担配送费:3.5元,-,-,-,2.00,温州区域,温州加盟,,,否,-,平台配送
圣比萨（钱库店）,SBM00044,温州,"8092310254641866218	",饿了么,平台外卖,已完成,2025-10-21 16:57:05,2025-10-21 16:57:05,2025-10-21 16:57:05,饿了么支付-在线支付,,即时单,2025-10-21 16:57:05,8.15,手动出餐,1,否,"一人畅享套餐[招牌肉酱芝士焗饭+地瓜条1份+港式奶茶+常温]（59.00*1）,餐盒（1.00*1）",一人畅享套餐[招牌肉酱芝士焗饭+地瓜条1份+港式奶茶+常温]+餐盒,,,,非会员,15,,,依据餐量提供餐具,,59.00,22.57,26.70,0.00,0,0,3.18,0.00,3.50,【活动支出】店铺满减:1.00元+【活动支出】单品特价:18.70元+【活动支出】饿了么红包:7.00元+【活动支出】替用户承担配送费:3.5元,-,-,-,1.00,温州区域,温州加盟,,,否,-,平台配送
圣比萨（钱库店）,SBM00044,温州,"8060876088545168803	",饿了么,平台外卖,已完成,2025-10-21 17:02:44,2025-10-21 17:02:44,2025-10-21 17:02:44,饿了么支付-在线支付,,即时单,2025-10-21 17:02:44,27.77,被动出餐,1,否,"缤纷水果披萨-7英寸(经典手拍)[{""name"":""规格"",""value"":""7英寸(经典手拍)""}]（42.00*1）,经典薯条（180克）（18.00*1）,餐盒（4.00*1）",缤纷水果披萨+经典薯条,,,,非会员,16,,,依据餐量提供餐具,,60.00,24.21,28.20,0.00,0,0,3.44,0.00,3.50,【活动支出】店铺满减:1.00元+【活动支出】单品特价:14.50元+【活动支出】单品特价:7.70元+【活动支出】饿了么红包:5.00元+【活动支出】替用户承担配送费:3.5元,-,-,-,4.00,温州区域,温州加盟,,,否,-,平台配送
圣比萨（钱库店）,SBM00044,温州,"8007626088575157635	",饿了么,平台外卖,已完成,2025-10-21 17:14:05,2025-10-21 17:14:05,2025-10-21 17:14:06,饿了么支付-在线支付,,即时单,2025-10-21 17:14:05,12.60,手动出餐,1,否,"芝士边（7英寸）（9.80*1）,圣比招牌披萨-7寸(经典手拍)[{""name"":""规格"",""value"":""7寸(经典手拍)""}]（45.00*1）",大圣招牌大满贯披萨,,,,非会员,17,,,依据餐量提供餐具,,54.80,22.69,20.80,0.00,0,0,3.26,0.00,4.50,【活动支出】单品特价:20.80元+【活动支出】用户代金券:0.00元+【活动支出】替用户承担配送费:4.5元,-,-,-,0.00,温州区域,温州加盟,,,否,-,平台配送
圣比萨（钱库店）,SBM00044,温州,"8041390254750275861	",饿了么,平台外卖,已完成,2025-10-21 17:22:20,2025-10-21 17:22:20,2025-10-21 17:22:20,饿了么支付-在线支付,,即时单,2025-10-21 17:22:20,12.98,手动出餐,1,否,"红薯边（7英寸）（8.80*1）,经典薯条（180克）（18.00*1）,7英寸披萨一人食土豪餐[奥尔良鸡肉披萨7英寸+奥尔良烤翅1对+洋葱圈6个+芒果汁+常温]（70.00*1）,餐盒（4.00*1）",经典薯条+新奥尔良烤鸡肉披萨【7英寸(手拍)】+芒果汁,,,,非会员,18,,,依据餐量提供餐具,,96.80,34.78,51.40,0.00,0,0,4.87,0.00,3.50,【活动支出】店铺满减:6.00元+【活动支出】单品特价:7.70元+【活动支出】单品特价:29.70元+【活动支出】饿了么红包:0.00元+【活动支出】饿了么红包:8.00元+【活动支出】替用户承担配送费:3.5元,-,-,-,4.00,温州区域,温州加盟,,,否,-,平台配送
圣比萨（钱库店）,SBM00044,温州,"8057616088544815417	",饿了么,平台外卖,已完成,2025-10-21 17:51:01,2025-10-21 17:51:01,2025-10-21 17:51:01,饿了么支付-在线支付,,即时单,2025-10-21 17:51:01,11.25,手动出餐,1,否,"榴莲王披萨-7英寸（经典手拍)[{""name"":""规格"",""value"":""7英寸（经典手拍)""}]（52.00*1）,红薯边（7英寸）（8.80*1）,餐盒（1.00*1）",榴莲王披萨,,,,非会员,19,,,依据餐量提供餐具,,60.80,28.11,21.41,0.00,0,0,3.93,0.00,3.50,【活动支出】店铺满减:1.00元+【活动支出】单品特价:12.41元+【活动支出】CPS商户叠加券:0.00元+【活动支出】饿了么红包:8.00元+【活动支出】淘金币:0.00元+【活动支出】替用户承担配送费:3.5元,-,-,-,1.00,温州区域,温州加盟,,,否,-,平台配送
圣比萨（钱库店）,SBM00044,温州,"8006400254585624949	",饿了么,平台外卖,已完成,2025-10-21 17:51:21,2025-10-21 17:51:21,2025-10-21 17:51:22,饿了么支付-在线支付,,即时单,2025-10-21 17:51:21,13.62,手动出餐,1,否,"任选披萨8选1+小吃8选1+饮料[玉米沙拉披萨7英寸+金丝鸡排+小可乐+冷]（58.00*1）,蛋挞一个（原味）（5.00*2）,餐盒（4.00*1）",玉米沙拉披萨【7英寸(手拍)】+金丝鸡排+小可乐+蛋挞1个,,,,非会员,20,,,依据餐量提供餐具,,68.00,24.63,33.71,0.00,0,0,3.71,0.00,6.20,【活动支出】店铺满减:1.00元+【活动支出】单品特价:19.70元+【活动支出】单品特价:4.01元+【活动支出】饿了么红包:9.00元+【活动支出】替用户承担配送费:6.0元,-,-,-,4.00,温州区域,温州加盟,,,否,-,平台配送
圣比萨（钱库店）,SBM00044,温州,"8005310254767013365	",饿了么,平台外卖,已完成,2025-10-21 17:55:14,2025-10-21 17:55:14,2025-10-21 17:55:15,饿了么支付-在线支付,,即时单,2025-10-21 17:55:14,13.03,手动出餐,1,否,"可乐[冷]（5.00*1）,紫薯边（7英寸）（8.80*1）,香烤鸡翅-2只[{""name"":""规格"",""value"":""2只""}]（16.00*1）,星星炸鸡披萨-7英寸(经典手拍)[{""name"":""规格"",""value"":""7英寸(经典手拍)""}]（45.00*1）,餐盒（3.00*1）",可乐+香烤鸡翅+星星炸鸡披萨,,,,非会员,21,,,依据餐量提供餐具,,74.80,32.97,30.20,0.00,0,0,4.68,0.00,3.50,【活动支出】店铺满减:6.00元+【活动支出】单品特价:0.10元+【活动支出】单品特价:2.60元+【活动支出】单品特价:14.50元+【活动支出】CPS商户叠加券:0.00元+【活动支出】饿了么红包:7.00元+【活动支出】淘金币:0.00元+【活动支出】替用户承担配送费:3.5元,-,-,-,3.00,温州区域,温州加盟,,,否,-,平台配送
圣比萨（钱库店）,SBM00044,温州,"8096390254781395329	",饿了么,平台外卖,已完成,2025-10-21 18:09:52,2025-10-21 18:09:52,2025-10-21 18:09:52,饿了么支付-在线支付,,即时单,2025-10-21 18:09:52,6.12,手动出餐,1,否,"个人意面or焗饭经典套餐[番茄牛肉意面+上校鸡块4个+港式奶茶+常温]（50.40*1）,餐盒（2.00*1）",番茄牛肉意面+上校鸡块+港式奶茶,,,,非会员,22,,,依据餐量提供餐具,,50.40,18.77,24.01,0.00,0,0,2.67,0.00,3.50,【活动支出】单品特价:15.01元+【活动支出】 商家自营销加码:2.00元+【活动支出】精准营销:2.00元+【活动支出】饿了么红包:5.00元+【活动支出】替用户承担配送费:3.5元,-,-,-,2.00,温州区域,温州加盟,,,否,-,平台配送
圣比萨（钱库店）,SBM00044,温州,"8002846088567449984	",饿了么,平台外卖,已完成,2025-10-21 18:14:14,2025-10-21 18:14:14,2025-10-21 18:14:14,饿了么支付-在线支付,,即时单,2025-10-21 18:14:14,10.32,手动出餐,1,否,"奶油培根意面（31.99*1）,蛋挞一个（原味）（5.00*1）,餐盒（2.00*1）",蛋挞1个,,,,非会员,23,,,依据餐量提供餐具,,36.99,13.70,17.61,0.00,0,0,1.93,0.00,3.50,【活动支出】单品特价:4.60元+【活动支出】单品特价:4.01元+【活动支出】超级会员专享红包:5.00元+【活动支出】 商家自营销加码:2.00元+【活动支出】精准营销:2.00元+【活动支出】替用户承担配送费:3.5元,-,-,-,2.00,温州区域,温州加盟,,,否,-,平台配送
圣比萨（钱库店）,SBM00044,温州,"8068646088555196882	",饿了么,平台外卖,已完成,2025-10-21 18:16:21,2025-10-21 18:16:21,2025-10-21 18:16:21,饿了么支付-在线支付,,即时单,2025-10-21 18:16:21,12.63,手动出餐,1,否,"榴莲王披萨-7英寸（经典手拍)[{""name"":""规格"",""value"":""7英寸（经典手拍)""}]（52.00*1）,餐盒（1.00*1）",榴莲王披萨,,,,非会员,24,,,依据餐量提供餐具,,52.00,22.33,20.41,0.00,0,0,3.11,0.00,3.50,【活动支出】店铺满减:1.00元+【活动支出】单品特价:12.41元+【活动支出】 商家自营销加码:2.00元+【活动支出】饿了么红包:5.00元+【活动支出】替用户承担配送费:3.5元,-,-,-,1.00,温州区域,温州加盟,,,否,-,平台配送
圣比萨（钱库店）,SBM00044,温州,"8067450254786532620	",饿了么,平台外卖,已完成,2025-10-21 18:17:29,2025-10-21 18:17:29,2025-10-21 18:17:29,饿了么支付-在线支付,,即时单,2025-10-21 18:17:29,11.48,手动出餐,1,否,"7英寸披萨一人食土豪餐[海苔肉松披萨7英寸+奥尔良烤翅1对+深海墨鱼丸3个+港式奶茶+热]（70.00*1）,台式香烤地道肠（7.50*1）,上校鸡块一个（3.00*2）,蛋挞一个（原味）（5.00*1）,餐盒（4.00*1）",海苔肉松披萨【7英寸(手拍)】+深海墨鱼丸3个+港式奶茶+地道肠1根+上校鸡块1个+蛋挞1个,,,,非会员,25,,,安排早点送到，谢谢！ / 依据餐量提供餐具,,88.50,29.14,50.52,0.00,0,0,4.09,0.00,3.50,【活动支出】店铺满减:1.00元+【活动支出】单品特价:29.70元+【活动支出】单品特价:4.91元+【活动支出】单品特价:2.90元+【活动支出】单品特价:4.01元+【活动支出】CPS商户叠加券:0.00元+【活动支出】饿了么红包:8.00元+【活动支出】淘金币:0.00元+【活动支出】替用户承担配送费:3.5元,-,-,-,4.00,温州区域,温州加盟,,,否,-,平台配送
圣比萨（钱库店）,SBM00044,温州,"8050400254709650829	",饿了么,平台外卖,已完成,2025-10-21 18:26:40,2025-10-21 18:26:40,2025-10-21 18:26:40,饿了么支付-在线支付,,即时单,2025-10-21 18:26:40,17.42,手动出餐,1,否,"奥尔良烤鸡肉披萨-7寸(经典手拍)[{""name"":""规格"",""value"":""7寸(经典手拍)""}]（45.00*1）,餐盒（2.00*1）",新奥尔良烤鸡肉披萨,,,,非会员,26,,,依据餐量提供餐具,,45.00,11.30,24.50,0.00,0,0,2.05,0.00,6.80,【活动支出】单品特价:17.50元+【活动支出】饿了么红包:7.00元+【活动支出】替用户承担配送费:6.0元,-,-,-,2.00,温州区域,温州加盟,,,否,-,平台配送
圣比萨（钱库店）,SBM00044,温州,"8006746088565118216	",饿了么,平台外卖,已完成,2025-10-21 18:35:56,2025-10-21 18:35:56,2025-10-21 18:35:56,饿了么支付-在线支付,,即时单,2025-10-21 18:35:56,14.00,手动出餐,1,否,"芝士焗芋泥（19.00*1）,圣比招牌披萨-9寸(方形薄脆)[{""name"":""规格"",""value"":""9寸(方形薄脆)""}]（78.00*1）,保温袋1个（距离远建议加购）（1.00*1）,餐盒（1.00*1）","芝士焗芋泥+圣比招牌披萨-9寸(方形薄脆)[{""name"":""规格"",""value"":""9寸(方形薄脆)""}]+保温袋1个（距离远建议加购）+餐盒",,,,非会员,27,,,依据餐量提供餐具,,98.00,38.29,45.90,0.00,0,0,5.26,0.00,3.50,【活动支出】单品特价:4.10元+【活动支出】单品特价:41.80元+【活动支出】替用户承担配送费:3.5元,-,-,-,1.00,温州区域,温州加盟,,,否,-,平台配送
圣比萨（钱库店）,SBM00044,温州,"8068060254722487608	",饿了么,平台外卖,已完成,2025-10-21 18:49:12,2025-10-21 18:49:12,2025-10-21 18:49:12,饿了么支付-在线支付,,即时单,2025-10-21 18:49:12,14.45,手动出餐,1,否,"圣比招牌披萨-7寸(经典手拍)[{""name"":""规格"",""value"":""7寸(经典手拍)""}]（45.00*1）,餐盒（2.00*1）",大圣招牌大满贯披萨,,,,非会员,28,,,2份餐具,,45.00,19.57,17.50,0.00,0,0,2.78,0.00,3.50,【活动支出】单品特价:12.50元+【活动支出】饿了么红包:5.00元+【活动支出】替用户承担配送费:3.5元,-,-,-,2.00,温州区域,温州加盟,,,否,-,平台配送
圣比萨（钱库店）,SBM00044,温州,"8019340254621029775	",饿了么,平台外卖,已完成,2025-10-21 18:53:40,2025-10-21 18:53:40,2025-10-21 18:53:41,饿了么支付-在线支付,,即时单,2025-10-21 18:53:40,10.00,手动出餐,1,否,"芝士边（7英寸）（9.80*1）,榴莲王披萨-7英寸（经典手拍)[{""name"":""规格"",""value"":""7英寸（经典手拍)""}]（52.00*1）,餐盒（1.00*1）",榴莲王披萨,,,,非会员,29,,,依据餐量提供餐具,,61.80,28.11,22.41,0.00,0,0,3.93,0.00,3.50,【活动支出】店铺满减:1.00元+【活动支出】单品特价:12.41元+【活动支出】饿了么红包:9.00元+【活动支出】替用户承担配送费:3.5元,-,-,-,1.00,温州区域,温州加盟,,,否,-,平台配送
圣比萨（钱库店）,SBM00044,温州,"8069686088587591082	",饿了么,平台外卖,已完成,2025-10-21 19:17:10,2025-10-21 19:17:10,2025-10-21 19:17:11,饿了么支付-在线支付,,即时单,2025-10-21 19:17:10,28.27,被动出餐,1,否,"缤纷水果披萨-7英寸(经典手拍)[{""name"":""规格"",""value"":""7英寸(经典手拍)""}]（42.00*1）",缤纷水果披萨,,,,非会员,30,,,依据餐量提供餐具,,42.00,12.42,22.50,0.00,0,0,1.73,0.00,3.50,【活动支出】单品特价:22.50元+【活动支出】替用户承担配送费:3.5元,-,-,-,0.00,温州区域,温州加盟,,,否,-,平台配送
圣比萨（钱库店）,SBM00044,温州,"8021190254833520124	",饿了么,平台外卖,已完成,2025-10-21 20:02:51,2025-10-21 20:02:51,2025-10-21 20:02:52,饿了么支付-在线支付,,即时单,2025-10-21 20:02:51,8.77,手动出餐,1,否,新奥尔良烤鸡肉披萨7寸-单点（22.00*1）,新奥尔良烤鸡肉披萨【7英寸(手拍)】,,,,非会员,31,,,依据餐量提供餐具,,22.00,12.00,0.00,0.00,0,0,0.00,0.00,,【活动支出】拼团反圈活动:0.00元,-,-,-,0.00,温州区域,温州加盟,,,否,-,平台配送
圣比萨（钱库店）,SBM00044,温州,"8087170254652676523	",饿了么,平台外卖,已完成,2025-10-21 20:23:46,2025-10-21 20:23:46,2025-10-21 20:23:47,饿了么支付-在线支付,,即时单,2025-10-21 20:23:46,12.85,手动出餐,1,否,"一人畅享套餐[奥尔良烤鸡肉披萨7英寸+蛋挞2个+港式奶茶+常温]（59.00*1）,台式香烤地道肠（7.50*1）,餐盒（2.00*1）",地道肠1根,,,,非会员,32,,,中通快递楼上 放门口 / 依据餐量提供餐具,,66.50,24.29,32.61,0.00,0,0,3.45,0.00,3.50,【活动支出】店铺满减:1.00元+【活动支出】单品特价:18.70元+【活动支出】单品特价:4.91元+【活动支出】 商家自营销加码:0.00元+【活动支出】饿了么红包:8.00元+【活动支出】替用户承担配送费:3.5元,-,-,-,2.00,温州区域,温州加盟,,,否,-,平台配送
圣比萨（钱库店）,SBM00044,温州,"8053340254841433541	",饿了么,平台外卖,已完成,2025-10-21 20:24:13,2025-10-21 20:24:13,2025-10-21 20:24:13,饿了么支付-在线支付,,即时单,2025-10-21 20:24:13,13.40,手动出餐,1,否,新奥尔良烤鸡肉披萨7寸-单点（22.00*1）,新奥尔良烤鸡肉披萨【7英寸(手拍)】,,,,非会员,33,,,依据餐量提供餐具,,22.00,12.00,0.00,0.00,0,0,0.00,0.00,,【活动支出】拼团反圈活动:0.00元,-,-,-,0.00,温州区域,温州加盟,,,否,-,平台配送
圣比萨（钱库店）,SBM00044,温州,"8076916088651023856	",饿了么,平台外卖,已完成,2025-10-21 21:19:44,2025-10-21 21:19:44,2025-10-21 21:19:44,饿了么支付-在线支付,,即时单,2025-10-21 21:19:44,15.92,手动出餐,1,否,"圣比至尊披萨7英寸+小可乐1瓶[培根披萨7英寸+小可乐]（48.00*1）,蛋挞一个（原味）（5.00*1）,餐盒（3.00*1）",大圣招牌大满贯披萨【7英寸(手拍)】+小可乐+蛋挞1个,,,,非会员,34,,,1份餐具,,53.00,20.06,25.62,0.00,0,0,2.87,0.00,5.60,【活动支出】店铺满减:1.00元+【活动支出】单品特价:13.61元+【活动支出】单品特价:4.01元+【活动支出】饿了么红包:7.00元+【活动支出】替用户承担配送费:5.6元,-,-,-,3.00,温州区域,温州加盟,,,否,-,平台配送
圣比萨（钱库店）,SBM00044,温州,"8004706088688536983	",饿了么,平台外卖,已完成,2025-10-21 21:20:54,2025-10-21 21:20:54,2025-10-21 21:20:55,饿了么支付-在线支付,,即时单,2025-10-21 21:20:54,17.98,手动出餐,1,否,"一人畅享套餐[缤纷水果披萨7英寸+地瓜条1份+港式奶茶+热]（59.00*1）,餐盒（1.00*1）",一人畅享套餐[缤纷水果披萨7英寸+地瓜条1份+港式奶茶+热]+餐盒,,,,非会员,35,,,依据餐量提供餐具,,59.00,19.98,29.70,0.00,0,0,2.87,0.00,5.60,【活动支出】店铺满减:1.00元+【活动支出】单品特价:18.70元+【活动支出】超级会员专享红包:8.00元+【活动支出】 商家自营销加码:0.00元+【活动支出】精准营销:2.00元+【活动支出】替用户承担配送费:5.6元,-,-,-,1.00,温州区域,温州加盟,,,否,-,平台配送
圣比萨（钱库店）,SBM00044,温州,"8005936088670365091	",饿了么,平台外卖,已完成,2025-10-21 21:29:32,2025-10-21 21:29:32,2025-10-21 21:29:32,饿了么支付-在线支付,,即时单,2025-10-21 21:29:32,9.83,手动出餐,1,否,"番茄牛肉意面-单点[{""name"":""规格"",""value"":""单点""}]（22.59*1）",番茄牛肉意面,,,,非会员,36,,,依据餐量提供,,22.59,12.59,0.00,0.00,0,0,0.00,0.00,,【活动支出】拼团反圈活动:0.00元,-,-,-,0.00,温州区域,温州加盟,,,否,-,平台配送
圣比萨（钱库店）,SBM00044,温州,"8066586088668361132	",饿了么,平台外卖,已完成,2025-10-21 21:32:35,2025-10-21 21:32:35,2025-10-21 21:32:35,饿了么支付-在线支付,,即时单,2025-10-21 21:32:35,19.05,手动出餐,1,否,"7英寸披萨一人食土豪餐[圣比招牌披萨7英寸+墨鱼丸3个+地道肠1根+酸梅汁+冷]（70.00*1）,餐盒（2.00*1）",大圣招牌大满贯披萨【7英寸(手拍)】+深海墨鱼丸3个+地道肠【1根】,,,,非会员,37,,,依据餐量提供餐具,,70.00,20.88,40.70,0.00,0,0,2.97,0.00,5.60,【活动支出】店铺满减:1.00元+【活动支出】单品特价:29.70元+【活动支出】 商家自营销加码:0.00元+【活动支出】精准营销:2.00元+【活动支出】饿了么红包:8.00元+【活动支出】替用户承担配送费:5.6元,-,-,-,2.00,温州区域,温州加盟,,,否,-,平台配送
圣比萨（钱库店）,SBM00044,温州,"8015916088639256998	",饿了么,平台外卖,已完成,2025-10-21 21:56:58,2025-10-21 21:56:58,2025-10-21 21:56:58,饿了么支付-在线支付,,即时单,2025-10-21 21:56:58,12.90,手动出餐,1,否,"榴莲披萨和任意拼-9英寸[鲜虾菠萝披萨+榴莲王披萨][{""name"":""规格"",""value"":""9英寸""}]（78.00*1）,黄金地瓜条（18.00*1）,餐盒（2.00*1）","榴莲披萨和任意拼-9英寸[鲜虾菠萝披萨+榴莲王披萨][{""name"":""规格"",""value"":""9英寸""}]+黄金地瓜条+餐盒",,,,非会员,38,,,依据餐量提供餐具,,96.00,36.27,46.60,0.00,0,0,5.08,0.00,5.60,【活动支出】店铺满减:6.00元+【活动支出】单品特价:21.10元+【活动支出】单品特价:7.50元+【活动支出】饿了么红包:12.00元+【活动支出】替用户承担配送费:5.6元,-,-,-,2.00,温州区域,温州加盟,,,否,-,平台配送
圣比萨（钱库店）,SBM00044,温州,"8052676088665285010	",饿了么,平台外卖,已完成,2025-10-21 22:13:35,2025-10-21 22:13:35,2025-10-21 22:13:36,饿了么支付-在线支付,,即时单,2025-10-21 22:13:35,35.67,被动出餐,1,否,"缤纷水果披萨7英寸+饮品一杯[缤纷水果披萨7英寸+柠檬茶+常温]（27.90*1）,餐盒（2.00*1）",缤纷水果披萨【7英寸(手拍)】+柠檬茶,,,,非会员,39,,,依据餐量提供餐具,,27.90,14.96,7.00,0.00,0,0,2.09,0.00,5.60,【活动支出】 商家自营销加码:2.00元+【活动支出】饿了么红包:5.00元+【活动支出】替用户承担配送费:5.6元,-,-,-,2.00,温州区域,温州加盟,,,否,-,平台配送
圣比萨（钱库店）,SBM00044,温州,"8047576088688186744	",饿了么,平台外卖,已完成,2025-10-21 23:19:49,2025-10-21 23:19:49,2025-10-21 23:19:49,饿了么支付-在线支付,,即时单,2025-10-21 23:19:49,10.78,手动出餐,1,否,"奶油培根意面（31.99*1）,深海墨鱼丸一个（3.00*3）,上校鸡块一个（3.00*2）,蛋挞一个（原味）（5.00*1）,餐盒（2.00*1）",深海墨鱼丸1个+上校鸡块1个+蛋挞1个,,,,非会员,40,,,依据餐量提供餐具,,51.99,18.44,25.41,0.00,0,0,2.69,0.00,5.60,【活动支出】店铺满减:1.00元+【活动支出】单品特价:4.60元+【活动支出】单品特价:2.90元+【活动支出】单品特价:2.90元+【活动支出】单品特价:4.01元+【活动支出】粉丝群:2.00元+【活动支出】饿了么红包:8.00元+【活动支出】替用户承担配送费:5.6元,-,-,-,2.00,温州区域,温州加盟,,,否,-,平台配送
圣比萨（科技城店）,SBM00006,温州,"8073000254543220084	",饿了么,平台外卖,已完成,2025-10-21 10:34:10,2025-10-21 10:34:10,2025-10-21 10:34:10,饿了么支付-在线支付,,即时单,2025-10-21 10:34:10,14.28,手动出餐,1,否,"单人吃鸡套餐[新奥尔良鸡肉7寸+奥翅一对+奶茶+冷]（62.00*1）,餐盒（3.00*1）",新奥尔良烤鸡肉披萨【7英寸(手拍)】+奥尔良烤翅+港式奶茶,,,,非会员,1,,,不吃香菜芹菜，外卖到了放门口架子上就行，联系电话打15868552021 / 依据餐量提供餐具,,62.00,20.55,34.80,0.00,0,0,2.00,0.00,3.50,【活动支出】店铺满减:1.00元+【活动支出】单品特价:25.30元+【活动支出】饿了么红包:8.50元+【活动支出】替用户承担配送费:3.5元,-,-,-,3.00,温州区域,温州加盟,,,否,-,平台配送
圣比萨（科技城店）,SBM00006,温州,"8024040254470992308	",饿了么,平台外卖,已完成,2025-10-21 10:45:12,2025-10-21 10:45:12,2025-10-21 10:45:12,饿了么支付-在线支付,,即时单,2025-10-21 10:45:12,10.77,手动出餐,1,否,"【免费入会享特价】芝士焗饭+饮品[咖喱鸡肉焗饭+小可乐]（67.00*1）,餐盒（1.00*1）",咖喱鸡肉芝士焗饭+小可乐,,,,非会员,2,,,1份餐具,,67.00,14.30,43.90,0.00,0,0,1.55,0.00,5.60,【活动支出】单品特价:37.90元+【活动支出】饿了么红包:6.00元+【活动支出】替用户承担配送费:5.0元,-,-,-,1.00,温州区域,温州加盟,,,否,-,平台配送
圣比萨（科技城店）,SBM00006,温州,"8017010254500602271	",饿了么,平台外卖,已完成,2025-10-21 11:25:32,2025-10-21 11:25:32,2025-10-21 11:25:32,饿了么支付-在线支付,,即时单,2025-10-21 11:25:32,10.77,手动出餐,1,否,"圣比招牌披萨-12寸(经典手拍)[{""name"":""规格"",""value"":""12寸(经典手拍)""}]（109.00*1）,餐盒（2.00*1）",大圣招牌大满贯披萨,,,,非会员,3,,,依据餐量提供餐具,,109.00,38.82,59.10,0.00,0,0,3.63,0.00,4.00,【活动支出】店铺满减:2.00元+【活动支出】单品特价:45.10元+【活动支出】饿了么红包:12.00元+【活动支出】替用户承担配送费:4.0元,-,-,-,2.00,温州区域,温州加盟,,,否,-,平台配送
圣比萨（科技城店）,SBM00006,温州,"8002470254451004836	",饿了么,平台外卖,已完成,2025-10-21 12:25:28,2025-10-21 12:25:28,2025-10-21 12:25:28,饿了么支付-在线支付,,即时单,2025-10-21 12:25:28,15.27,手动出餐,1,否,"单人吃鸡套餐[新奥尔良鸡肉7寸+奥翅一对+可乐小+常温]（62.00*1）,餐盒（3.00*1）",新奥尔良烤鸡肉披萨【7英寸(手拍)】+奥尔良烤翅+小可乐,,,,非会员,4,,,1份餐具,,62.00,21.01,34.30,0.00,0,0,2.04,0.00,3.50,【活动支出】店铺满减:1.00元+【活动支出】单品特价:25.30元+【活动支出】饿了么红包:8.00元+【活动支出】替用户承担配送费:3.5元,-,-,-,3.00,温州区域,温州加盟,,,否,-,平台配送
圣比萨（科技城店）,SBM00006,温州,"8057766088482462050	",饿了么,平台外卖,已完成,2025-10-21 12:38:53,2025-10-21 12:38:53,2025-10-21 12:38:53,饿了么支付-在线支付,,即时单,2025-10-21 12:38:53,10.52,手动出餐,1,否,"单人吃鸡套餐[碳烤鸡肉7寸+上校鸡块4块+奶茶+常温]（62.00*1）,餐盒（3.00*1）",碳烤鸡肉培根披萨【7英寸(手拍)】+上校鸡块+港式奶茶,,,,非会员,5,,,依据餐量提供餐具,,62.00,17.91,38.30,0.00,0,0,1.74,0.00,4.00,【活动支出】店铺满减:1.00元+【活动支出】单品特价:25.30元+【活动支出】饿了么红包:12.00元+【活动支出】替用户承担配送费:4.0元,-,-,-,3.00,温州区域,温州加盟,,,否,-,平台配送
圣比萨（科技城店）,SBM00006,温州,"8074966088496962942	",饿了么,平台外卖,已完成,2025-10-21 13:33:13,2025-10-21 13:33:13,2025-10-21 13:33:13,饿了么支付-在线支付,,即时单,2025-10-21 13:33:13,10.18,手动出餐,1,否,奥尔良烤鸡肉披萨(7寸)-单点（23.21*1）,新奥尔良烤鸡肉披萨【7英寸(手拍)】,,,,非会员,6,,,依据餐量提供餐具,,23.21,13.21,0.00,0.00,0,0,0.00,0.00,,【活动支出】拼团反圈活动:0.00元,-,-,-,0.00,温州区域,温州加盟,,,否,-,平台配送
圣比萨（科技城店）,SBM00006,温州,"8010656088488512906	",饿了么,平台外卖,已完成,2025-10-21 13:49:55,2025-10-21 13:49:55,2025-10-21 13:49:56,饿了么支付-在线支付,,即时单,2025-10-21 13:49:55,10.00,手动出餐,1,否,"单人吃鸡套餐[新奥尔良鸡肉7寸+奥翅一对+芒果+常温]（62.00*1）,餐盒（3.00*1）",新奥尔良烤鸡肉披萨【7英寸(手拍)】+奥尔良烤翅+芒果汁,,,,非会员,7,,,依据餐量提供餐具,,62.00,21.93,33.30,0.00,0,0,2.12,0.00,3.50,【活动支出】店铺满减:1.00元+【活动支出】单品特价:25.30元+【活动支出】饿了么红包:7.00元+【活动支出】替用户承担配送费:3.5元,-,-,-,3.00,温州区域,温州加盟,,,否,-,平台配送
圣比萨（科技城店）,SBM00006,温州,"8084856088508008949	",饿了么,平台外卖,已完成,2025-10-21 14:49:27,2025-10-21 14:49:27,2025-10-21 14:49:28,饿了么支付-在线支付,,即时单,2025-10-21 14:49:27,9.70,手动出餐,1,否,"圣比招牌披萨-7寸(经典手拍)[{""name"":""规格"",""value"":""7寸(经典手拍)""}]（45.00*1）",大圣招牌大满贯披萨,,,,非会员,8,,,2份餐具,,45.00,16.66,20.80,0.00,0,0,1.59,0.00,3.50,【活动支出】单品特价:20.80元+【活动支出】替用户承担配送费:3.5元,-,-,-,0.00,温州区域,温州加盟,,,否,-,平台配送
圣比萨（科技城店）,SBM00006,温州,"8082280254710702353	",饿了么,平台外卖,已完成,2025-10-21 15:49:58,2025-10-21 15:49:58,2025-10-21 15:49:58,饿了么支付-在线支付,,即时单,2025-10-21 15:49:58,11.48,手动出餐,1,否,"榴莲王披萨-7英寸（经典手拍)[{""name"":""规格"",""value"":""7英寸（经典手拍)""}]（52.00*1）",榴莲王披萨,,,,非会员,9,,,依据餐量提供餐具,,52.00,21.98,21.40,0.00,0,0,2.07,0.00,3.50,【活动支出】单品特价:21.40元+【活动支出】替用户承担配送费:3.5元,-,-,-,0.00,温州区域,温州加盟,,,否,-,平台配送
圣比萨（科技城店）,SBM00006,温州,"8085160254719820191	",饿了么,平台外卖,已完成,2025-10-21 16:19:20,2025-10-21 16:19:20,2025-10-21 16:19:20,饿了么支付-在线支付,,即时单,2025-10-21 16:19:20,7.07,手动出餐,1,否,"浪漫威尼斯披萨-7寸(经典手拍)[{""name"":""规格"",""value"":""7寸(经典手拍)""}]（42.00*1）,餐盒（2.00*1）",浪漫威尼斯披萨,,,,非会员,10,,,不要辣 / 1份餐具,,42.00,14.22,22.10,0.00,0,0,1.43,0.00,5.00,【活动支出】单品特价:15.10元+【活动支出】饿了么红包:7.00元+【活动支出】替用户承担配送费:5.0元,-,-,-,2.00,温州区域,温州加盟,,,否,-,平台配送
圣比萨（科技城店）,SBM00006,温州,"8062480254627636655	",饿了么,平台外卖,已完成,2025-10-21 16:27:41,2025-10-21 16:27:41,2025-10-21 16:27:41,饿了么支付-在线支付,,即时单,2025-10-21 16:27:41,10.83,手动出餐,1,否,"芝士焗饭一人食套餐[咖喱鸡肉焗饭+地道肠一根+奶茶+冷]（66.00*1）,餐盒（2.00*1）",咖喱鸡肉芝士焗饭+地道肠【1根】+港式奶茶,,,,非会员,11,,,依据餐量提供餐具,,66.00,19.36,39.80,0.00,0,0,1.89,0.00,3.50,【活动支出】单品特价:32.80元+【活动支出】饿了么红包:7.00元+【活动支出】替用户承担配送费:3.5元,-,-,-,2.00,温州区域,温州加盟,,,否,-,平台配送
圣比萨（科技城店）,SBM00006,温州,"8057766088524284286	",饿了么,平台外卖,已完成,2025-10-21 16:55:24,2025-10-21 16:55:24,2025-10-21 16:55:24,饿了么支付-在线支付,,即时单,2025-10-21 16:55:24,12.23,手动出餐,1,否,"【免费入会享特价】芝士焗饭+饮品[咖喱鸡肉焗饭+小可乐]（67.00*1）,经典薯条（18.88*1）,餐盒（2.00*1）",咖喱鸡肉芝士焗饭+小可乐+经典薯条,,,,非会员,12,,,依据餐量提供餐具,,85.88,22.37,55.88,0.00,0,0,2.18,0.00,5.00,【活动支出】店铺满减:1.00元+【活动支出】单品特价:37.90元+【活动支出】单品特价:8.98元+【活动支出】 商家自营销加码:0.00元+【活动支出】饿了么红包:8.00元+【活动支出】替用户承担配送费:5.0元,-,-,-,2.00,温州区域,温州加盟,,,否,-,平台配送
圣比萨（科技城店）,SBM00006,温州,"8003766088547178873	",饿了么,平台外卖,已完成,2025-10-21 17:03:40,2025-10-21 17:03:40,2025-10-21 17:03:40,饿了么支付-在线支付,,即时单,2025-10-21 17:03:40,8.35,手动出餐,1,否,"单人吃鸡套餐[新奥尔良鸡肉7寸+上校鸡块4块+奶茶+冷]（62.00*1）,餐盒（3.00*1）",新奥尔良烤鸡肉披萨【7英寸(手拍)】+上校鸡块+港式奶茶,,,,非会员,13,,,不要香菜不要香菜 / 依据餐量提供餐具,,62.00,22.40,33.30,0.00,0,0,2.15,0.00,4.00,【活动支出】店铺满减:1.00元+【活动支出】单品特价:25.30元+【活动支出】饿了么红包:0.00元+【活动支出】饿了么红包:7.00元+【活动支出】替用户承担配送费:4.0元,-,-,-,3.00,温州区域,温州加盟,,,否,-,平台配送
圣比萨（科技城店）,SBM00006,温州,"8090450254671806819	",饿了么,平台外卖,已完成,2025-10-21 17:13:15,2025-10-21 17:13:15,2025-10-21 17:13:15,饿了么支付-在线支付,,即时单,2025-10-21 17:13:15,15.18,手动出餐,1,否,"新奥尔良烤鸡肉披萨-7寸(经典手拍)[{""name"":""规格"",""value"":""7寸(经典手拍)""}]（45.00*1）,藤椒金丝鸡排（10.88*1）,餐盒（3.00*1）",新奥尔良烤鸡肉披萨+金丝鸡排,,,,非会员,14,,,依据餐量提供餐具,,55.88,23.11,26.08,0.00,0,0,2.24,0.00,5.00,【活动支出】店铺满减:1.00元+【活动支出】单品特价:14.10元+【活动支出】单品特价:2.98元+【活动支出】 商家自营销加码:0.00元+【活动支出】饿了么红包:8.00元+【活动支出】替用户承担配送费:5.0元,-,-,-,3.00,温州区域,温州加盟,,,否,-,平台配送
圣比萨（科技城店）,SBM00006,温州,"8007596088522300786	",饿了么,平台外卖,已完成,2025-10-21 17:23:42,2025-10-21 17:23:42,2025-10-21 17:23:42,饿了么支付-在线支付,,即时单,2025-10-21 17:23:42,8.73,手动出餐,1,否,奥尔良烤鸡肉披萨(7寸)-单点（23.21*1）,新奥尔良烤鸡肉披萨【7英寸(手拍)】,,,,非会员,15,,,依据餐量提供餐具,,23.21,13.21,0.00,0.00,0,0,0.00,0.00,,【活动支出】拼团反圈活动:0.00元,-,-,-,0.00,温州区域,温州加盟,,,否,-,平台配送
圣比萨（科技城店）,SBM00006,温州,"8084606088578584999	",饿了么,平台外卖,已完成,2025-10-21 17:26:37,2025-10-21 17:26:37,2025-10-21 17:26:37,饿了么支付-在线支付,,即时单,2025-10-21 17:26:37,10.15,手动出餐,1,否,"任选披萨6选1+小吃6选1+饮料[纯芝士披萨7寸+薯条1份+芒果汁只能常温、冷+常温]（61.55*1）,圣比招牌披萨-7寸(经典手拍)[{""name"":""规格"",""value"":""7寸(经典手拍)""}]（45.00*1）,餐盒（4.00*1）",金牌芝士披萨【7英寸(手拍)】+经典薯条+大圣招牌大满贯披萨,,,,非会员,16,,,依据餐量提供餐具,,106.55,38.15,58.25,0.00,0,0,3.70,0.00,4.50,【活动支出】店铺满减:6.00元+【活动支出】单品特价:26.15元+【活动支出】单品特价:14.10元+【活动支出】饿了么红包:12.00元+【活动支出】替用户承担配送费:4.5元,-,-,-,4.00,温州区域,温州加盟,,,否,-,平台配送
圣比萨（科技城店）,SBM00006,温州,"8073190254660313585	",饿了么,平台外卖,已完成,2025-10-21 17:31:02,2025-10-21 17:31:02,2025-10-21 17:31:02,饿了么支付-在线支付,,预约单,2025-10-21 21:15:00,185.12,手动出餐,1,否,"缤纷水果披萨-9寸(经典手拍)[{""name"":""规格"",""value"":""9寸(经典手拍)""}]（75.00*1）,餐盒（2.00*1）",缤纷水果披萨,,,,非会员,17,,,依据餐量提供餐具,,75.00,22.71,44.10,0.00,0,0,2.24,0.00,6.60,【活动支出】店铺满减:1.00元+【活动支出】单品特价:35.10元+【活动支出】饿了么红包:8.00元+【活动支出】替用户承担配送费:6.0元,-,-,-,2.00,温州区域,温州加盟,,,否,-,平台配送
圣比萨（科技城店）,SBM00006,温州,"8025576088529542548	",饿了么,平台外卖,已完成,2025-10-21 17:36:32,2025-10-21 17:36:32,2025-10-21 17:36:32,饿了么支付-在线支付,,即时单,2025-10-21 17:36:32,9.43,手动出餐,1,否,奥尔良烤鸡肉披萨(7寸)-单点（23.21*1）,新奥尔良烤鸡肉披萨【7英寸(手拍)】,,,,非会员,18,,,依据餐量提供餐具,,23.21,13.21,0.00,0.00,0,0,0.00,0.00,,【活动支出】拼团反圈活动:0.00元,-,-,-,0.00,温州区域,温州加盟,,,否,-,平台配送
圣比萨（科技城店）,SBM00006,温州,"8028250254680624385	",饿了么,平台外卖,已完成,2025-10-21 17:44:12,2025-10-21 17:44:12,2025-10-21 17:44:12,饿了么支付-在线支付,,即时单,2025-10-21 17:44:12,5.90,手动出餐,1,否,奥尔良烤鸡肉披萨(7寸)-单点（23.21*1）,新奥尔良烤鸡肉披萨【7英寸(手拍)】,,,,非会员,19,,,2份餐具,,23.21,13.21,0.00,0.00,0,0,0.00,0.00,,【活动支出】拼团反圈活动:0.00元,-,-,-,0.00,温州区域,温州加盟,,,否,-,平台配送
圣比萨（科技城店）,SBM00006,温州,"8005000254681222603	",饿了么,平台外卖,已完成,2025-10-21 18:14:39,2025-10-21 18:14:39,2025-10-21 18:14:39,饿了么支付-在线支付,,即时单,2025-10-21 18:14:39,12.75,手动出餐,1,否,"浪漫威尼斯披萨-7寸(经典手拍)[{""name"":""规格"",""value"":""7寸(经典手拍)""}]（42.00*1）,餐盒（2.00*1）",浪漫威尼斯披萨,,,,非会员,20,,,1份餐具,,42.00,16.38,20.10,0.00,0,0,1.57,0.00,3.50,【活动支出】单品特价:15.10元+【活动支出】饿了么红包:5.00元+【活动支出】替用户承担配送费:3.5元,-,-,-,2.00,温州区域,温州加盟,,,否,-,平台配送
圣比萨（科技城店）,SBM00006,温州,"8034010254598465001	",饿了么,平台外卖,已完成,2025-10-21 18:22:10,2025-10-21 18:22:10,2025-10-21 18:22:10,饿了么支付-在线支付,,即时单,2025-10-21 18:22:10,8.55,手动出餐,1,否,"浪漫威尼斯披萨-7寸(经典手拍)[{""name"":""规格"",""value"":""7寸(经典手拍)""}]（42.00*1）,餐盒（2.00*1）",浪漫威尼斯披萨,,,,非会员,21,,,依据餐量提供餐具,,42.00,14.22,22.10,0.00,0,0,1.43,0.00,4.50,【活动支出】单品特价:15.10元+【活动支出】饿了么红包:7.00元+【活动支出】替用户承担配送费:4.5元,-,-,-,2.00,温州区域,温州加盟,,,否,-,平台配送
圣比萨（科技城店）,SBM00006,温州,"8016686088606140730	",饿了么,平台外卖,已完成,2025-10-21 18:39:05,2025-10-21 18:39:05,2025-10-21 18:39:05,饿了么支付-在线支付,,即时单,2025-10-21 18:39:05,10.38,手动出餐,1,否,"7寸披萨买一送一[新奥尔良鸡肉披萨7寸+圣比至尊披萨7寸]（86.80*1）,餐盒（2.00*1）",新奥尔良烤鸡肉披萨【7英寸(手拍)】+大圣招牌大满贯披萨【7英寸(手拍)】,,,,非会员,22,,,依据餐量提供餐具,,86.80,30.33,46.90,0.00,0,0,2.92,0.00,5.00,【活动支出】店铺满减:1.00元+【活动支出】单品特价:37.90元+【活动支出】饿了么红包:8.00元+【活动支出】替用户承担配送费:5.0元,-,-,-,2.00,温州区域,温州加盟,,,否,-,平台配送
圣比萨（科技城店）,SBM00006,温州,"8026400254828776881	",饿了么,平台外卖,已完成,2025-10-21 19:40:24,2025-10-21 19:40:24,2025-10-21 19:40:25,饿了么支付-在线支付,,即时单,2025-10-21 19:40:24,8.42,手动出餐,1,否,"浪漫威尼斯披萨-7寸(经典手拍)[{""name"":""规格"",""value"":""7寸(经典手拍)""}]（42.00*1）,餐盒（2.00*1）",浪漫威尼斯披萨,,,,非会员,23,,,无需餐具,,42.00,15.12,22.10,0.00,0,0,1.43,0.00,3.50,【活动支出】单品特价:15.10元+【活动支出】饿了么红包:7.00元+【活动支出】替用户承担配送费:3.5元,-,-,-,2.00,温州区域,温州加盟,,,否,-,平台配送
圣比萨（科技城店）,SBM00006,温州,"8030546088655022564	",饿了么,平台外卖,已完成,2025-10-21 20:30:43,2025-10-21 20:30:43,2025-10-21 20:30:43,饿了么支付-在线支付,,即时单,2025-10-21 20:30:43,8.62,手动出餐,1,否,招牌肉酱意面（30.00*1）,招牌肉酱意面,,,,非会员,24,,,"送上楼 不方便下楼拿, / 依据餐量提供餐具",,30.00,12.72,9.60,0.00,0,0,1.43,0.00,4.50,【活动支出】外卖券:9.60元+【活动支出】替用户承担配送费:4.5元,-,-,-,0.00,温州区域,温州加盟,,,否,-,平台配送
圣比萨（科技城店）,SBM00006,温州,"8073586088660985097	",饿了么,平台外卖,已完成,2025-10-21 21:00:49,2025-10-21 21:00:49,2025-10-21 21:00:50,饿了么支付-在线支付,,即时单,2025-10-21 21:00:49,9.95,手动出餐,1,否,"圣比招牌披萨-7寸(经典手拍)[{""name"":""规格"",""value"":""7寸(经典手拍)""}]（45.00*1）,餐盒（2.00*1）",大圣招牌大满贯披萨,,,,非会员,25,,,1份餐具,,45.00,17.73,21.10,0.00,0,0,1.72,0.00,5.60,【活动支出】单品特价:14.10元+【活动支出】 商家自营销加码:2.00元+【活动支出】饿了么红包:5.00元+【活动支出】替用户承担配送费:5.6元,-,-,-,2.00,温州区域,温州加盟,,,否,-,平台配送
圣比萨（郭溪店）,SBM00011,温州,"8090100254523765167	",饿了么,平台外卖,已完成,2025-10-21 09:32:34,2025-10-21 09:32:34,2025-10-21 09:32:35,饿了么支付-在线支付,,即时单,2025-10-21 09:32:34,13.30,手动出餐,1,否,"榴莲王披萨-9英寸(手拍)[{""name"":""规格"",""value"":""9英寸(手拍)""}]（92.00*1）,餐盒（1.00*1）",榴莲王披萨,,,,非会员,1,,,依据餐量提供餐具,,92.00,26.28,56.60,0.00,0,0,2.47,0.00,4.00,【活动支出】店铺满减:1.00元+【活动支出】单品特价:48.10元+【活动支出】超级会员专享红包:7.50元+【活动支出】 商家自营销加码:0.00元+【活动支出】替用户承担配送费:4.0元,-,-,-,1.00,温州区域,温州加盟,,,否,-,平台配送
圣比萨（郭溪店）,SBM00011,温州,"8075090254466159893	",饿了么,平台外卖,已完成,2025-10-21 10:27:54,2025-10-21 10:27:54,2025-10-21 10:27:54,饿了么支付-在线支付,,即时单,2025-10-21 10:27:54,11.32,手动出餐,1,否,"招牌肉酱芝士焗饭（52.00*1）,可乐[冷]（6.00*1）,餐盒（1.00*1）",招牌肉酱芝士焗饭+可乐,,,,非会员,2,,,1份餐具；手机尾号：6875；接力送,,58.00,13.82,37.00,0.00,0,0,1.43,0.00,4.50,【活动支出】单品特价:24.10元+【活动支出】饿了么红包:7.00元+【活动支出】精准营销:5.90元+【活动支出】替用户承担配送费:4.5元,-,-,-,1.00,温州区域,温州加盟,,,否,-,平台配送
圣比萨（郭溪店）,SBM00011,温州,"8089556088374942999	",饿了么,平台外卖,已完成,2025-10-21 10:41:14,2025-10-21 10:41:14,2025-10-21 10:41:14,饿了么支付-在线支付,,即时单,2025-10-21 10:41:14,10.22,手动出餐,1,否,招牌肉酱芝士焗饭（52.00*1）,招牌肉酱芝士焗饭,,,,非会员,3,,,放在中间就行 / 依据餐量提供餐具,,52.00,12.12,32.60,0.00,0,0,1.43,0.00,4.00,【活动支出】单品特价:32.60元+【活动支出】替用户承担配送费:4.0元,-,-,-,0.00,温州区域,温州加盟,,,否,-,平台配送
圣比萨（郭溪店）,SBM00011,温州,"8006330254554383786	",饿了么,平台外卖,已完成,2025-10-21 10:45:10,2025-10-21 10:45:10,2025-10-21 10:45:10,饿了么支付-在线支付,,即时单,2025-10-21 10:45:10,12.50,手动出餐,1,否,"圣比招牌披萨-9寸(手拍)[{""name"":""规格"",""value"":""9寸(手拍)""}]（78.00*1）",大圣招牌大满贯披萨,,,,非会员,4,,,依据餐量提供餐具,,78.00,23.00,45.80,0.00,0,0,2.15,0.00,3.50,【活动支出】单品特价:45.80元+【活动支出】替用户承担配送费:3.5元,-,-,-,0.00,温州区域,温州加盟,,,否,-,平台配送
圣比萨（郭溪店）,SBM00011,温州,"8005260254485698007	",饿了么,平台外卖,已完成,2025-10-21 10:54:08,2025-10-21 10:54:08,2025-10-21 10:54:08,饿了么支付-在线支付,,即时单,2025-10-21 10:54:08,12.85,手动出餐,1,否,"7寸披萨一人食土豪餐[浪漫威尼斯披萨+盐酥鸡米花小份+深海墨鱼丸三个+柠檬茶]（70.00*1）,餐盒（2.00*1）",浪漫威尼斯披萨【7英寸(手拍)】+盐酥鸡米花小份+深海墨鱼丸3个+柠檬茶,,,,非会员,5,,,柠檬水要常温的，不要放冰块/ 依据餐量提供餐具,,70.00,19.97,42.10,0.00,0,0,1.98,0.00,4.50,【活动支出】单品特价:35.10元+【活动支出】饿了么红包:7.00元+【活动支出】替用户承担配送费:4.5元,-,-,-,2.00,温州区域,温州加盟,,,否,-,平台配送
圣比萨（郭溪店）,SBM00011,温州,"8049646088399629621	",饿了么,平台外卖,已完成,2025-10-21 11:33:03,2025-10-21 11:33:03,2025-10-21 11:33:03,饿了么支付-在线支付,,即时单,2025-10-21 11:33:03,18.28,手动出餐,1,否,"香辣牛肉披萨-9寸(手拍)[{""name"":""规格"",""value"":""9寸(手拍)""}]（78.00*1）,经典薯条（18.00*1）,餐盒（3.00*1）",川香辣牛肉披萨+经典薯条,,,,非会员,6,,,依据餐量提供餐具,,96.00,30.13,55.20,0.00,0,0,3.02,0.00,6.20,【活动支出】店铺满减:1.00元+【活动支出】单品特价:36.10元+【活动支出】单品特价:9.10元+【活动支出】饿了么红包:9.00元+【活动支出】替用户承担配送费:5.0元,-,-,-,3.00,温州区域,温州加盟,,,否,-,平台配送
圣比萨（郭溪店）,SBM00011,温州,"8015260254565502331	",饿了么,平台外卖,已完成,2025-10-21 13:12:59,2025-10-21 13:12:59,2025-10-21 13:12:59,饿了么支付-在线支付,,即时单,2025-10-21 13:12:59,9.57,手动出餐,1,否,"纯芝士披萨7寸（42.00*1）,餐盒（2.00*1）",芝士条,,,,非会员,7,,,依据餐量提供餐具,,42.00,15.92,20.10,0.00,0,0,1.53,0.00,3.50,【活动支出】单品特价:20.10元+【活动支出】替用户承担配送费:3.5元,-,-,-,2.00,温州区域,温州加盟,,,否,-,平台配送
圣比萨（郭溪店）,SBM00011,温州,"8074606088465409307	",饿了么,平台外卖,已完成,2025-10-21 13:46:02,2025-10-21 13:46:02,2025-10-21 13:46:02,饿了么支付-在线支付,,即时单,2025-10-21 13:46:02,14.35,手动出餐,1,否,"纯芝士披萨7寸（42.00*1）,红薯薯泥流心卷边（7英寸）（4.90*1）,餐盒（2.00*1）",芝士条,,,,非会员,8,,,依据餐量提供餐具,,46.90,14.52,27.10,0.00,0,0,1.43,0.00,3.50,【活动支出】单品特价:20.10元+【活动支出】饿了么红包:7.00元+【活动支出】替用户承担配送费:3.5元,-,-,-,2.00,温州区域,温州加盟,,,否,-,平台配送
圣比萨（郭溪店）,SBM00011,温州,"8084796088469266775	",饿了么,平台外卖,已退款,2025-10-21 13:56:35,2025-10-21 13:56:35,2025-10-21 13:56:35,饿了么支付-在线支付,,即时单,2025-10-21 13:56:35,,未出餐,1,否,"咖喱金丝鸡排焗饭（57.00*1）,碳烤鸡肉培根披萨-7英寸(手拍)[{""name"":""规格"",""value"":""7英寸(手拍)""}]（45.00*1）,香烤鸡翅-4只[{""name"":""规格"",""value"":""4只""}]（30.00*1）,鲜虾菠萝披萨-7寸[{""name"":""规格"",""value"":""7寸""}]（45.00*1）,海苔肉松披萨-7英寸(手拍)[{""name"":""规格"",""value"":""7英寸(手拍)""}]（45.00*1）,榴莲王披萨-9英寸(手拍)[{""name"":""规格"",""value"":""9英寸(手拍)""}]（92.00*1）,经典薯条（18.00*1）,招牌肉酱意面（52.00*1）,餐盒（10.00*1）",咖喱金丝鸡排焗饭+碳烤鸡肉培根披萨+香烤鸡翅+鲜虾菠萝披萨+海苔肉松披萨+榴莲王披萨+经典薯条+招牌肉酱意面,,,,非会员,9,,,依据餐量提供餐具,订单强制无效（商家主动取消已接订单、用户1分钟内取消),384.00,-52.55,171.80,223.90,0,0,16.40,0.00,14.70,【活动支出】店铺满减:4.00元+【活动支出】单品特价:28.10元+【活动支出】单品特价:16.10元+【活动支出】单品特价:1.10元+【活动支出】单品特价:13.10元+【活动支出】单品特价:16.10元+【活动支出】单品特价:48.10元+【活动支出】单品特价:9.10元+【活动支出】单品特价:24.10元+【活动支出】饿了么红包:12.00元+【活动支出】替用户承担配送费:5.0元,-,-,-,10.00,温州区域,温州加盟,,,否,-,平台配送
圣比萨（郭溪店）,SBM00011,温州,"8006886088476745205	",饿了么,平台外卖,已完成,2025-10-21 14:31:45,2025-10-21 14:31:45,2025-10-21 14:31:45,饿了么支付-在线支付,,即时单,2025-10-21 14:31:45,9.63,手动出餐,1,否,新奥尔良烤鸡肉披萨7寸-单点（22.00*1）,新奥尔良烤鸡肉披萨【7英寸(手拍)】,,,,非会员,10,,,依据餐量提供餐具,,22.00,12.00,0.00,0.00,0,0,0.00,0.00,,【活动支出】拼团反圈活动:0.00元,-,-,-,0.00,温州区域,温州加盟,,,否,-,平台配送
圣比萨（郭溪店）,SBM00011,温州,"8004230254705965446	",饿了么,平台外卖,已完成,2025-10-21 15:28:47,2025-10-21 15:28:47,2025-10-21 15:28:47,饿了么支付-在线支付,,预约单,2025-10-21 17:30:00,98.08,手动出餐,1,否,"好运龙龙套餐3-5人可食用[碳烤鸡肉培根9英寸+鲜虾菠萝披萨9英寸+深海墨鱼丸6个+金丝鸡排+奥尔良烤翅+经典薯条+如6人点此六杯]（258.00*1）,餐盒（2.00*1）",碳烤鸡肉培根披萨【9英寸(手拍)】+鲜虾菠萝披萨【9英寸(手拍)】+深海墨鱼丸【6个】+金丝鸡排+奥尔良烤翅+经典薯条+饮品6杯,,,,非会员,11,,,依据餐量提供餐具；手机尾号：3062；接力送,,258.00,100.93,130.10,0.00,0,0,9.52,0.00,5.00,【活动支出】店铺满减:6.00元+【活动支出】单品特价:112.10元+【活动支出】饿了么红包:12.00元+【活动支出】替用户承担配送费:5.0元,-,-,-,2.00,温州区域,温州加盟,,,否,-,平台配送
圣比萨（郭溪店）,SBM00011,温州,"8005000254714681746	",饿了么,平台外卖,已完成,2025-10-21 15:51:32,2025-10-21 15:51:32,2025-10-21 15:51:32,饿了么支付-在线支付,,即时单,2025-10-21 15:51:32,10.02,手动出餐,1,否,"缤纷水果披萨-7英寸(手拍)[{""name"":""规格"",""value"":""7英寸(手拍)""}]（42.00*1）",缤纷水果披萨,,,,非会员,12,,,依据餐量提供餐具；手机尾号：2258；接力送,,42.00,10.62,23.70,0.00,0,0,1.43,0.00,4.50,【活动支出】单品特价:23.70元+【活动支出】替用户承担配送费:4.5元,-,-,-,0.00,温州区域,温州加盟,,,否,-,平台配送
圣比萨（郭溪店）,SBM00011,温州,"8044410254620742088	",饿了么,平台外卖,已完成,2025-10-21 16:21:01,2025-10-21 16:21:01,2025-10-21 16:21:01,饿了么支付-在线支付,,即时单,2025-10-21 16:21:01,9.85,手动出餐,1,否,"新奥尔良烤鸡肉披萨-7英寸(手拍)[{""name"":""规格"",""value"":""7英寸(手拍)""}]（45.00*1）,餐盒（1.00*1）",新奥尔良烤鸡肉披萨,,,,非会员,13,,,依据餐量提供餐具,用户申请取消单 临时有事，我不想要了，,45.00,11.12,28.10,0.00,0,0,1.43,0.00,3.50,【活动支出】单品特价:21.10元+【活动支出】 商家自营销加码:2.00元+【活动支出】饿了么红包:5.00元+【活动支出】替用户承担配送费:3.5元,-,-,-,1.00,温州区域,温州加盟,,,否,-,平台配送
圣比萨（郭溪店）,SBM00011,温州,"8063906088534022558	",饿了么,平台外卖,已完成,2025-10-21 16:27:47,2025-10-21 16:27:47,2025-10-21 16:27:47,饿了么支付-在线支付,,即时单,2025-10-21 16:27:47,11.23,手动出餐,1,否,"新奥尔良烤鸡肉披萨-7英寸(手拍)[{""name"":""规格"",""value"":""7英寸(手拍)""}]（45.00*1）,餐盒（1.00*1）",新奥尔良烤鸡肉披萨,,,,非会员,14,,,依据餐量提供餐具,,45.00,11.12,28.10,0.00,0,0,1.43,0.00,4.00,【活动支出】单品特价:21.10元+【活动支出】 商家自营销加码:2.00元+【活动支出】饿了么红包:5.00元+【活动支出】替用户承担配送费:4.0元,-,-,-,1.00,温州区域,温州加盟,,,否,-,平台配送
圣比萨（郭溪店）,SBM00011,温州,"8017390254642990446	",饿了么,平台外卖,已完成,2025-10-21 17:10:41,2025-10-21 17:10:41,2025-10-21 17:10:42,饿了么支付-在线支付,,即时单,2025-10-21 17:10:41,7.60,手动出餐,1,否,"可乐[冷]（6.00*1）,圣比招牌披萨-7寸(手拍)[{""name"":""规格"",""value"":""7寸(手拍)""}]（45.00*1）",可乐+大圣招牌大满贯披萨,,,,非会员,15,,,依据餐量提供餐具；手机尾号：4338；接力送,,51.00,14.83,27.80,0.00,0,0,1.52,0.00,5.00,【活动支出】单品特价:21.90元+【活动支出】精准营销:5.90元+【活动支出】替用户承担配送费:5.0元,-,-,-,0.00,温州区域,温州加盟,,,否,-,平台配送
圣比萨（郭溪店）,SBM00011,温州,"8055090254650826207	",饿了么,平台外卖,已完成,2025-10-21 17:18:47,2025-10-21 17:18:47,2025-10-21 17:18:47,饿了么支付-在线支付,,即时单,2025-10-21 17:18:47,10.07,手动出餐,1,否,"新奥尔良烤鸡肉披萨7寸-单点[{""name"":""规格"",""value"":""单点""}]（22.00*1）",新奥尔良烤鸡肉披萨【7英寸(手拍)】,,,,非会员,16,,,-,,22.00,12.00,0.00,0.00,0,0,0.00,0.00,,【活动支出】拼团反圈活动:0.00元,-,-,-,0.00,温州区域,温州加盟,,,否,-,平台配送
圣比萨（郭溪店）,SBM00011,温州,"8036090254747060529	",饿了么,平台外卖,已完成,2025-10-21 17:27:52,2025-10-21 17:27:52,2025-10-21 17:27:52,饿了么支付-在线支付,,即时单,2025-10-21 17:27:52,11.57,手动出餐,1,否,"任选披萨6选1+小吃6选1+饮料[奥尔良烤鸡肉披萨+上校鸡块4个+柠檬茶]（58.00*1）,餐盒（2.00*1）",新奥尔良烤鸡肉披萨【7英寸(手拍)】+上校鸡块+柠檬茶,,,,非会员,17,,,依据餐量提供餐具,,58.00,17.36,33.10,0.00,0,0,1.79,0.00,5.60,【活动支出】单品特价:26.10元+【活动支出】饿了么红包:7.00元+【活动支出】替用户承担配送费:5.6元,-,-,-,2.00,温州区域,温州加盟,,,否,-,平台配送
圣比萨（郭溪店）,SBM00011,温州,"8084110254585742685	",饿了么,平台外卖,已完成,2025-10-21 17:52:09,2025-10-21 17:52:09,2025-10-21 17:52:09,饿了么支付-在线支付,,即时单,2025-10-21 17:52:09,15.82,手动出餐,1,否,"7寸披萨一人食土豪餐[缤纷水果披萨+盐酥鸡米花小份+地道肠+小可乐]（70.00*1）,餐盒（2.00*1）",缤纷水果披萨【7英寸(手拍)】+盐酥鸡米花小份+地道肠【1根】+小可乐,,,,非会员,18,,,依据餐量提供餐具,,70.00,21.33,42.10,0.00,0,0,2.02,0.00,3.50,【活动支出】单品特价:35.10元+【活动支出】 商家自营销加码:2.00元+【活动支出】饿了么红包:0.00元+【活动支出】饿了么红包:5.00元+【活动支出】替用户承担配送费:3.5元,-,-,-,2.00,温州区域,温州加盟,,,否,-,平台配送
圣比萨（郭溪店）,SBM00011,温州,"8001616088560121252	",饿了么,平台外卖,已完成,2025-10-21 18:02:57,2025-10-21 18:02:57,2025-10-21 18:02:57,饿了么支付-在线支付,,即时单,2025-10-21 18:02:57,13.30,手动出餐,1,否,"可乐[冷]（6.00*1）,咖喱金丝鸡排焗饭（57.00*1）,地道肠（7.50*1）,上校鸡块（12.00*1）,经典薯条（18.00*1）,番茄牛肉意面（52.00*1）,餐盒（7.00*1）",可乐+咖喱金丝鸡排焗饭+地道肠1根+上校鸡块+经典薯条+番茄牛肉意面,,,,非会员,19,,,番茄酱多放几包 / 依据餐量提供餐具,,152.50,43.11,102.81,0.00,0,0,4.03,0.00,3.50,【活动支出】店铺满减:6.00元+【活动支出】单品特价:28.10元+【活动支出】单品特价:5.51元+【活动支出】单品特价:6.10元+【活动支出】单品特价:9.10元+【活动支出】单品特价:28.10元+【活动支出】精准营销:5.90元+【活动支出】饿了么红包:12.00元+【活动支出】粉丝群:2.00元+【活动支出】替用户承担配送费:3.5元,-,-,-,7.00,温州区域,温州加盟,,,否,-,平台配送
圣比萨（郭溪店）,SBM00011,温州,"8026440254597423439	",饿了么,平台外卖,已完成,2025-10-21 18:11:34,2025-10-21 18:11:34,2025-10-21 18:11:35,饿了么支付-在线支付,,即时单,2025-10-21 18:11:34,11.22,手动出餐,1,否,"圣比招牌套餐[圣比招牌披萨+盐酥鸡米花小份+柠檬茶]（54.00*1）,奥尔良烤翅（14.00*1）,餐盒（3.00*1）",大圣招牌大满贯披萨【7英寸(手拍)】+盐酥鸡米花小份+柠檬茶+奥尔良烤翅,,,,非会员,20,,,依据餐量提供餐具,,68.00,32.06,28.20,0.00,0,0,2.99,0.00,3.50,【活动支出】店铺满减:1.00元+【活动支出】单品特价:19.10元+【活动支出】单品特价:1.10元+【活动支出】 商家自营销加码:2.00元+【活动支出】饿了么红包:5.00元+【活动支出】替用户承担配送费:3.5元,-,-,-,3.00,温州区域,温州加盟,,,否,-,平台配送
圣比萨（郭溪店）,SBM00011,温州,"8088996088568993261	",饿了么,平台外卖,已完成,2025-10-21 18:33:37,2025-10-21 18:33:37,2025-10-21 18:33:37,饿了么支付-在线支付,,即时单,2025-10-21 18:33:37,17.00,手动出餐,1,否,招牌肉酱芝士焗饭（52.00*1）,招牌肉酱芝士焗饭,,,,非会员,21,,,依据餐量提供餐具,,52.00,9.42,32.60,0.00,0,0,1.43,0.00,7.40,【活动支出】单品特价:32.60元+【活动支出】替用户承担配送费:6.0元,-,-,-,0.00,温州区域,温州加盟,,,否,-,平台配送
圣比萨（郭溪店）,SBM00011,温州,"8063130254793618823	",饿了么,平台外卖,已完成,2025-10-21 18:40:44,2025-10-21 18:40:44,2025-10-21 18:40:44,饿了么支付-在线支付,,即时单,2025-10-21 18:40:44,9.93,手动出餐,1,否,"可乐[常温]（6.00*1）,新奥尔良烤鸡肉披萨-7英寸(手拍)[{""name"":""规格"",""value"":""7英寸(手拍)""}]（45.00*1）,深海墨鱼丸一个（3.00*2）,餐盒（2.00*1）",可乐+新奥尔良烤鸡肉披萨+深海墨鱼丸1个,,,,非会员,22,,,依据餐量提供餐具,,57.00,13.37,34.90,0.00,0,0,1.58,0.00,6.80,【活动支出】单品特价:21.10元+【活动支出】单品特价:2.90元+【活动支出】精准营销:5.90元+【活动支出】饿了么红包:5.00元+【活动支出】替用户承担配送费:6.0元,-,-,-,2.00,温州区域,温州加盟,,,否,-,平台配送
圣比萨（郭溪店）,SBM00011,温州,"8054816088584389110	",饿了么,平台外卖,已完成,2025-10-21 18:41:08,2025-10-21 18:41:08,2025-10-21 18:41:08,饿了么支付-在线支付,,即时单,2025-10-21 18:41:08,9.57,手动出餐,1,否,新奥尔良烤鸡肉披萨7寸-单点（22.00*1）,新奥尔良烤鸡肉披萨【7英寸(手拍)】,,,,非会员,23,,,依据餐量提供餐具,,22.00,12.00,0.00,0.00,0,0,0.00,0.00,,【活动支出】拼团反圈活动:0.00元,-,-,-,0.00,温州区域,温州加盟,,,否,-,平台配送
圣比萨（郭溪店）,SBM00011,温州,"8068716088594861536	",饿了么,平台外卖,已完成,2025-10-21 19:06:14,2025-10-21 19:06:14,2025-10-21 19:06:14,饿了么支付-在线支付,,即时单,2025-10-21 19:06:14,8.67,手动出餐,1,否,"7寸披萨一人食土豪餐[碳烤鸡肉培根披萨+上校鸡块4个+深海墨鱼丸三个+港式奶茶]（70.00*1）,餐盒（2.00*1）",碳烤鸡肉培根披萨【7英寸(手拍)】+上校鸡块+深海墨鱼丸3个+港式奶茶,,,,非会员,24,,,依据餐量提供餐具,,70.00,17.36,45.10,0.00,0,0,1.79,0.00,6.20,【活动支出】单品特价:35.10元+【活动支出】粉丝群:2.00元+【活动支出】超会爆红包省钱包:8.00元+【活动支出】替用户承担配送费:6.0元,-,-,-,2.00,温州区域,温州加盟,,,否,-,平台配送
圣比萨（郭溪店）,SBM00011,温州,"8046070254808188173	",饿了么,平台外卖,已完成,2025-10-21 19:08:52,2025-10-21 19:08:52,2025-10-21 19:08:52,饿了么支付-在线支付,,即时单,2025-10-21 19:08:52,10.42,手动出餐,1,否,"7寸披萨一人食土豪餐[圣比招牌披萨+上校鸡块4个+地道肠+柠檬茶]（70.00*1）,餐盒（2.00*1）",大圣招牌大满贯披萨【7英寸(手拍)】+上校鸡块+地道肠【1根】+柠檬茶,,,,非会员,25,,,"对骑手, 不要打电话,放门口 / 依据餐量提供餐具",,70.00,23.18,40.10,0.00,0,0,2.17,0.00,4.00,【活动支出】单品特价:35.10元+【活动支出】饿了么红包:0.00元+【活动支出】饿了么红包:5.00元+【活动支出】替用户承担配送费:4.0元,-,-,-,2.00,温州区域,温州加盟,,,否,-,平台配送
圣比萨（郭溪店）,SBM00011,温州,"8093240254748566902	",饿了么,平台外卖,已完成,2025-10-21 20:44:49,2025-10-21 20:44:49,2025-10-21 20:44:49,饿了么支付-在线支付,,即时单,2025-10-21 20:44:49,13.77,手动出餐,1,否,"日系照烧鸡披萨-12英寸(手拍)[{""name"":""规格"",""value"":""12英寸(手拍)""}]（109.00*1）,餐盒（1.00*1）",日系照烧鸡披萨,,,,非会员,26,,,依据餐量提供餐具,,109.00,36.18,62.10,0.00,0,0,3.37,0.00,3.50,【活动支出】店铺满减:1.00元+【活动支出】单品特价:52.10元+【活动支出】饿了么红包:9.00元+【活动支出】替用户承担配送费:3.5元,-,-,-,1.00,温州区域,温州加盟,,,否,-,平台配送
圣比萨（郭溪店）,SBM00011,温州,"8038000254847359377	",饿了么,平台外卖,已完成,2025-10-21 20:45:21,2025-10-21 20:45:21,2025-10-21 20:45:21,饿了么支付-在线支付,,即时单,2025-10-21 20:45:21,13.32,手动出餐,1,否,"地道肠（7.50*1）,榴莲王披萨-9英寸(手拍)[{""name"":""规格"",""value"":""9英寸(手拍)""}]（92.00*1）,餐盒（2.00*1）",地道肠1根+榴莲王披萨,,,,非会员,27,,,依据餐量提供餐具,,99.50,30.30,60.61,0.00,0,0,2.84,0.00,3.50,【活动支出】店铺满减:1.00元+【活动支出】单品特价:5.51元+【活动支出】单品特价:48.10元+【活动支出】饿了么红包:6.00元+【活动支出】替用户承担配送费:3.5元,-,-,-,2.00,温州区域,温州加盟,,,否,-,平台配送
圣比萨（郭溪店）,SBM00011,温州,"8089340254775805388	",饿了么,平台外卖,已完成,2025-10-21 20:52:36,2025-10-21 20:52:36,2025-10-21 20:52:36,饿了么支付-在线支付,,即时单,2025-10-21 20:52:36,12.03,手动出餐,1,否,"酸奶多多流心卷边（7英寸）（4.90*1）,新奥尔良烤鸡肉披萨-7英寸(手拍)[{""name"":""规格"",""value"":""7英寸(手拍)""}]（45.00*1）,餐盒（1.00*1）",新奥尔良烤鸡肉披萨,,,,非会员,28,,,无需餐具,,49.90,15.96,28.10,0.00,0,0,1.49,0.00,3.50,【活动支出】单品特价:21.10元+【活动支出】CPS商户叠加券:0.00元+【活动支出】饿了么红包:7.00元+【活动支出】替用户承担配送费:3.5元,-,-,-,1.00,温州区域,温州加盟,,,否,-,平台配送
圣比萨（翁垟店）,SBM00010,温州,"8090190254682459639	",饿了么,平台外卖,已完成,2025-10-21 14:19:48,2025-10-21 14:19:48,2025-10-21 14:19:48,饿了么支付-在线支付,,即时单,2025-10-21 14:19:48,22.48,手动出餐,1,否,"黑椒牛肉芝士焗饭（32.00*1）,金丝鸡排（首页入饿了么会员可享受会员特价与其他优惠）（10.88*1）,餐盒（3.00*1）",黑椒牛肉芝士焗饭+金丝鸡排,,,,非会员,1,,,依据餐量提供餐具,,42.88,28.00,6.00,0.00,0,0,2.73,0.00,5.00,【活动支出】店铺满减:1.00元+【活动支出】CPS商户叠加券:0.00元+【活动支出】饿了么红包:5.00元+【活动支出】替用户承担配送费:5.0元,-,-,-,3.00,温州区域,温州加盟,,,否,-,平台配送
圣比萨（翁垟店）,SBM00010,温州,"8085966088504796558	",饿了么,平台外卖,已完成,2025-10-21 16:52:55,2025-10-21 16:52:55,2025-10-21 16:52:55,饿了么支付-在线支付,,即时单,2025-10-21 16:52:55,18.50,手动出餐,1,否,"圣比至尊披萨-7寸[{""name"":""规格"",""value"":""7寸""}]（42.00*1）,餐盒（2.00*1）",大圣招牌大满贯披萨,,,,非会员,2,,,依据餐量提供餐具,,42.00,26.37,8.00,0.00,0,0,2.48,0.00,3.50,【活动支出】店铺满减:1.00元+【活动支出】超级会员专享红包:5.00元+【活动支出】 商家自营销加码:2.00元+【活动支出】替用户承担配送费:3.5元,-,-,-,2.00,温州区域,温州加盟,,,否,-,平台配送
圣比萨（翁垟店）,SBM00010,温州,"8058806088615564681	",饿了么,平台外卖,已完成,2025-10-21 20:32:21,2025-10-21 20:32:21,2025-10-21 20:32:21,饿了么支付-在线支付,,即时单,2025-10-21 20:32:21,13.00,手动出餐,1,否,"圣比至尊披萨-7寸[{""name"":""规格"",""value"":""7寸""}]（42.00*1）,餐盒（2.00*1）",大圣招牌大满贯披萨,,,,非会员,3,,,1份餐具,,42.00,26.37,8.00,0.00,0,0,2.48,0.00,3.50,【活动支出】店铺满减:1.00元+【活动支出】 商家自营销加码:2.00元+【活动支出】饿了么红包:5.00元+【活动支出】替用户承担配送费:3.5元,-,-,-,2.00,温州区域,温州加盟,,,否,-,平台配送
圣比萨（葡萄棚店）,SBM00004,温州,"8034190254496594196	",饿了么,平台外卖,已完成,2025-10-21 11:02:54,2025-10-21 11:02:54,2025-10-21 11:02:54,饿了么支付-在线支付,,即时单,2025-10-21 11:02:54,14.05,自动出餐,1,否,"榴莲王披萨-12英寸（经典手拍）[{""name"":""规格"",""value"":""12英寸（经典手拍）""}]（129.00*1）,餐盒（1.00*1）",榴莲王披萨,,,,非会员,1,,,依据餐量提供餐具,,129.00,43.77,72.10,0.00,0,0,4.08,0.00,3.50,【活动支出】店铺满减:2.00元+【活动支出】单品特价:65.10元+【活动支出】饿了么红包:5.00元+【活动支出】替用户承担配送费:3.5元,-,-,-,1.00,温州区域,温州加盟,,,否,-,平台配送
圣比萨（葡萄棚店）,SBM00004,温州,"8073706088428356093	",饿了么,平台外卖,已完成,2025-10-21 11:49:25,2025-10-21 11:49:25,2025-10-21 11:49:25,饿了么支付-在线支付,,即时单,2025-10-21 11:49:25,14.08,自动出餐,1,否,"圣比至尊披萨-7英寸（经典手拍）[{""name"":""规格"",""value"":""7英寸（经典手拍）""}]（45.00*1）,餐盒（1.50*1）",大圣招牌大满贯披萨,,,,非会员,2,,,依据餐量提供餐具,,45.00,17.31,21.10,0.00,0,0,1.64,0.00,3.50,【活动支出】首次光顾立减:2.00元+【活动支出】单品特价:13.10元+【活动支出】饿了么红包:6.00元+【活动支出】替用户承担配送费:3.5元,-,-,-,1.50,温州区域,温州加盟,,,否,-,平台配送
圣比萨（葡萄棚店）,SBM00004,温州,"8081796088533408007	",饿了么,平台外卖,已完成,2025-10-21 16:36:23,2025-10-21 16:36:23,2025-10-21 16:36:23,饿了么支付-在线支付,,即时单,2025-10-21 16:36:23,12.08,自动出餐,1,否,"任选披萨8选1+小吃6选2+饮品自选（70.00*1）,餐盒（2.00*1）",港式奶茶+日系照烧鸡披萨(7英寸(手拍))+深海墨鱼丸(3个)+川香脆皮大翅根(1个),,,,非会员,3,,,无需餐具,,70.00,21.33,42.10,0.00,0,0,2.02,0.00,3.50,【活动支出】单品特价:34.10元+【活动支出】饿了么红包:8.00元+【活动支出】替用户承担配送费:3.5元,-,-,-,2.00,温州区域,温州加盟,,,否,-,平台配送
圣比萨（葡萄棚店）,SBM00004,温州,"8090100254624389579	",饿了么,平台外卖,已完成,2025-10-21 16:37:02,2025-10-21 16:37:02,2025-10-21 16:37:02,饿了么支付-在线支付,,即时单,2025-10-21 16:37:02,12.18,自动出餐,1,否,"任选披萨8选1+小吃6选1+饮料[水果披萨7寸+上校鸡块4个+果粒奶昔+常温]（58.00*1）,餐盒（2.00*1）",缤纷水果披萨【7英寸(手拍)】+上校鸡块,,,,非会员,4,,,依据餐量提供餐具,,58.00,19.16,33.10,0.00,0,0,1.79,0.00,3.50,【活动支出】单品特价:26.10元+【活动支出】饿了么红包:7.00元+【活动支出】替用户承担配送费:3.5元,-,-,-,2.00,温州区域,温州加盟,,,否,-,平台配送
圣比萨（葡萄棚店）,SBM00004,温州,"8069536088540866916	",饿了么,平台外卖,已完成,2025-10-21 16:39:56,2025-10-21 16:39:56,2025-10-21 16:39:57,饿了么支付-在线支付,,即时单,2025-10-21 16:39:56,12.13,自动出餐,1,否,"碳烤鸡肉培根披萨-9英寸（经典手拍）[{""name"":""规格"",""value"":""9英寸（经典手拍）""}]（78.00*1）,番茄培根意面（25.90*1）,餐盒（3.00*1）",碳烤鸡肉培根披萨+番茄培根意面,,,,非会员,5,,,1份餐具,,103.90,42.29,51.10,0.00,0,0,3.96,0.00,3.50,【活动支出】店铺满减:6.00元+【活动支出】首次光顾立减:2.00元+【活动支出】单品特价:38.10元+【活动支出】饿了么红包:5.00元+【活动支出】替用户承担配送费:3.5元,-,-,-,3.00,温州区域,温州加盟,,,否,-,平台配送
圣比萨（葡萄棚店）,SBM00004,温州,"8024766088525741370	",饿了么,平台外卖,已完成,2025-10-21 17:24:04,2025-10-21 17:24:04,2025-10-21 17:24:05,饿了么支付-在线支付,,即时单,2025-10-21 17:24:04,12.02,自动出餐,1,否,"任选披萨8选1+小吃6选2+饮品自选（70.00*1）,餐盒（2.00*1）",芒果果粒奶昔310ml+碳烤鸡肉培根披萨(7英寸(手拍))+上校鸡块+川香脆皮大翅根(1个),,,,非会员,6,,,依据餐量提供餐具,,70.00,22.26,41.10,0.00,0,0,2.09,0.00,3.50,【活动支出】单品特价:34.10元+【活动支出】饿了么红包:7.00元+【活动支出】替用户承担配送费:3.5元,-,-,-,2.00,温州区域,温州加盟,,,否,-,平台配送
圣比萨（葡萄棚店）,SBM00004,温州,"8092866088539127287	",饿了么,平台外卖,已完成,2025-10-21 17:42:24,2025-10-21 17:42:24,2025-10-21 17:42:24,饿了么支付-在线支付,,即时单,2025-10-21 17:42:24,14.22,自动出餐,1,否,"香芋地瓜丸1颗（2.50*1）,任选披萨8选1+小吃6选1+饮料[圣比至尊披萨7寸+芝士菠萝挞一个+小可乐+冷]（58.00*1）,餐盒（2.50*1）",缤纷芝士挞菠萝味+小可乐,,,,非会员,7,,,依据餐量提供餐具,,60.50,19.71,35.50,0.00,0,0,1.84,0.00,3.50,【活动支出】单品特价:2.40元+【活动支出】单品特价:26.10元+【活动支出】 商家自营销加码:2.00元+【活动支出】饿了么红包:5.00元+【活动支出】替用户承担配送费:3.5元,-,-,-,2.50,温州区域,温州加盟,,,否,-,平台配送
圣比萨（葡萄棚店）,SBM00004,温州,"8030876088574696779	",饿了么,平台外卖,已完成,2025-10-21 17:46:59,2025-10-21 17:46:59,2025-10-21 17:46:59,饿了么支付-在线支付,,即时单,2025-10-21 17:46:59,14.12,自动出餐,1,否,"牛肉至尊披萨-7英寸（经典手拍）[{""name"":""规格"",""value"":""7英寸（经典手拍）""}]（45.99*1）",炙热牛魔王披萨,,,,非会员,8,,,依据餐量提供餐具,,45.99,16.66,21.79,0.00,0,0,1.59,0.00,3.50,【活动支出】单品特价:21.79元+【活动支出】替用户承担配送费:3.5元,-,-,-,0.00,温州区域,温州加盟,,,否,-,平台配送
圣比萨（葡萄棚店）,SBM00004,温州,"8097200254667731451	",饿了么,平台外卖,已完成,2025-10-21 17:48:38,2025-10-21 17:48:38,2025-10-21 17:48:38,饿了么支付-在线支付,,即时单,2025-10-21 17:48:38,14.23,自动出餐,1,否,"任选披萨8选1+小吃6选1+饮料[夏威夷披萨7寸+上校鸡块4个+小可乐+常温]（58.00*1）,餐盒（2.00*1）",浪漫威尼斯披萨【7英寸(手拍)】+上校鸡块+小可乐,,,,非会员,9,,,2份餐具,,58.00,19.16,33.10,0.00,0,0,1.79,0.00,3.50,【活动支出】单品特价:26.10元+【活动支出】饿了么红包:7.00元+【活动支出】替用户承担配送费:3.5元,-,-,-,2.00,温州区域,温州加盟,,,否,-,平台配送
圣比萨（葡萄棚店）,SBM00004,温州,"8009596088571758876	",饿了么,平台外卖,已完成,2025-10-21 17:51:33,2025-10-21 17:51:33,2025-10-21 17:51:34,饿了么支付-在线支付,,即时单,2025-10-21 17:51:33,14.18,自动出餐,1,否,"任选披萨8选1+小吃6选1+饮料[水果披萨7寸+芝士菠萝挞一个+芒果汁+冷]（58.00*1）,餐盒（2.00*1）",缤纷水果披萨【7英寸(手拍)】+缤纷芝士挞菠萝味+芒果汁,,,,非会员,10,,,2根吸管，谢谢！ / 2份餐具,,58.00,17.31,35.10,0.00,0,0,1.64,0.00,3.50,【活动支出】首次光顾立减:2.00元+【活动支出】单品特价:26.10元+【活动支出】饿了么红包:7.00元+【活动支出】替用户承担配送费:3.5元,-,-,-,2.00,温州区域,温州加盟,,,否,-,平台配送
圣比萨（葡萄棚店）,SBM00004,温州,"8030996088585444838	",饿了么,平台外卖,已完成,2025-10-21 18:01:13,2025-10-21 18:01:13,2025-10-21 18:01:13,饿了么支付-在线支付,,即时单,2025-10-21 18:01:13,14.20,自动出餐,1,否,"脆皮香蕉1根（4.80*1）,任选披萨8选1+小吃6选1+饮料[圣比至尊披萨7寸+藤椒鸡排1个+芒果汁+常温]（58.00*1）,餐盒（3.00*1）",金丝鸡排+芒果汁,,,,非会员,11,,,依据餐量提供餐具,,62.80,19.15,38.91,0.00,0,0,1.79,0.00,3.50,【活动支出】单品特价:3.81元+【活动支出】单品特价:26.10元+【活动支出】精准营销红包:2.00元+【活动支出】饿了么红包:7.00元+【活动支出】替用户承担配送费:3.5元,-,-,-,3.00,温州区域,温州加盟,,,否,-,平台配送
圣比萨（葡萄棚店）,SBM00004,温州,"8001010254692217222	",饿了么,平台外卖,已完成,2025-10-21 18:28:17,2025-10-21 18:28:17,2025-10-21 18:28:17,饿了么支付-在线支付,,即时单,2025-10-21 18:28:17,14.05,自动出餐,1,否,"任选披萨8选1+小吃6选2+饮品自选（70.00*1）,餐盒（2.00*1）",芒果果粒奶昔310ml+缤纷水果披萨(7英寸(手拍))+地道肠1根+川香脆皮大翅根(1个),,,,非会员,12,,,依据餐量提供餐具,,70.00,18.23,46.10,0.00,0,0,1.72,0.00,3.50,【活动支出】首次光顾立减:2.00元+【活动支出】单品特价:34.10元+【活动支出】 商家自营销加码:0.00元+【活动支出】精准营销红包:2.00元+【活动支出】饿了么红包:8.00元+【活动支出】替用户承担配送费:3.5元,-,-,-,2.00,温州区域,温州加盟,,,否,-,平台配送
圣比萨（鳌江店）,SBM00019,温州,"8037090254431994209	",饿了么,平台外卖,已完成,2025-10-21 10:03:45,2025-10-21 10:03:45,2025-10-21 10:03:45,饿了么支付-在线支付,,即时单,2025-10-21 10:03:45,10.23,自动出餐,1,否,"个人意面|焗饭经典套餐（45.00*1）,餐盒（2.00*1）",柠檬茶+碳烤鸡肉芝士焗饭+经典薯条,,,,非会员,1,,,依据餐量提供餐具,,45.00,17.38,18.10,0.00,0,0,2.67,0.00,5.60,【活动支出】单品特价:11.10元+【活动支出】饿了么红包:7.00元+【活动支出】替用户承担配送费:5.0元,-,-,-,2.00,温州区域,温州加盟,,,否,-,平台配送
圣比萨（鳌江店）,SBM00019,温州,"8043050254367278585	",饿了么,平台外卖,已完成,2025-10-21 10:49:45,2025-10-21 10:49:45,2025-10-21 10:49:45,饿了么支付-在线支付,,即时单,2025-10-21 10:49:45,10.03,自动出餐,1,否,"缤纷水果披萨-7英寸(手拍)[{""name"":""规格"",""value"":""7英寸(手拍)""}]（42.00*1）",缤纷水果披萨,,,,非会员,2,,,依据餐量提供餐具,,42.00,10.90,23.70,0.00,0,0,1.55,0.00,3.50,【活动支出】单品特价:23.70元+【活动支出】替用户承担配送费:3.5元,-,-,-,0.00,温州区域,温州加盟,,,否,-,平台配送
圣比萨（鳌江店）,SBM00019,温州,"8023906088400078164	",饿了么,平台外卖,已完成,2025-10-21 11:01:17,2025-10-21 11:01:17,2025-10-21 11:01:18,饿了么支付-在线支付,,即时单,2025-10-21 11:01:17,12.18,自动出餐,1,否,"番茄牛肉意面-单点[{""name"":""规格"",""value"":""单点""}]（22.59*1）",番茄牛肉意面,,,,非会员,3,,,依据餐量提供,,22.59,12.59,0.00,0.00,0,0,0.00,0.00,,【活动支出】拼团反圈活动:0.00元,-,-,-,0.00,温州区域,温州加盟,,,否,-,平台配送
圣比萨（鳌江店）,SBM00019,温州,"8007320254498607448	",饿了么,平台外卖,已完成,2025-10-21 11:08:33,2025-10-21 11:08:33,2025-10-21 11:08:33,饿了么支付-在线支付,,即时单,2025-10-21 11:08:33,12.05,自动出餐,1,否,"个人独享DIY套餐（64.90*1）,餐盒（2.00*1）",德州鸡肉串-3串+上校鸡块1个+可乐.+榴莲王披萨(7英寸(手拍)),,,,非会员,4,,,依据餐量提供餐具,,64.90,25.65,30.10,0.00,0,0,3.50,0.00,3.50,【活动支出】单品特价:21.10元+【活动支出】饿了么红包:9.00元+【活动支出】替用户承担配送费:3.5元,-,-,-,2.00,温州区域,温州加盟,,,否,-,平台配送
圣比萨（鳌江店）,SBM00019,温州,"8002010254578519538	",饿了么,平台外卖,已完成,2025-10-21 13:04:02,2025-10-21 13:04:02,2025-10-21 13:04:02,饿了么支付-在线支付,,即时单,2025-10-21 13:04:02,12.13,自动出餐,1,否,"缤纷水果披萨-9英寸(手拍)[{""name"":""规格"",""value"":""9英寸(手拍)""}]（75.00*1）,奥尔良烤翅（15.00*1）,披萨专用保温袋x1.（0.99*1）,餐盒（3.00*1）",缤纷水果披萨+奥尔良烤翅,,,,非会员,5,,,香蕉烤软一点 ，保温袋给一个忘记点了/ 依据餐量提供餐具,,90.99,35.48,44.20,0.00,0,0,4.86,0.00,3.50,【活动支出】店铺满减:1.00元+【活动支出】单品特价:28.10元+【活动支出】单品特价:3.10元+【活动支出】饿了么红包:12.00元+【活动支出】替用户承担配送费:3.5元,-,-,-,3.00,温州区域,温州加盟,,,否,-,平台配送
圣比萨（鳌江店）,SBM00019,温州,"8092130254600906026	",饿了么,平台外卖,已完成,2025-10-21 15:17:50,2025-10-21 15:17:50,2025-10-21 15:17:51,饿了么支付-在线支付,,即时单,2025-10-21 15:17:50,10.03,自动出餐,1,否,"榴莲王披萨-7英寸（经典手拍)[{""name"":""规格"",""value"":""7英寸（经典手拍)""}]（52.00*1）,番茄牛肉意面（52.00*1）,餐盒（4.00*1）",榴莲王披萨+番茄牛肉意面,,,,非会员,6,,,依据餐量提供餐具,,104.00,38.16,54.20,0.00,0,0,5.33,0.00,3.50,【活动支出】店铺满减:6.00元+【活动支出】单品特价:13.10元+【活动支出】单品特价:27.10元+【活动支出】饿了么红包:8.00元+【活动支出】替用户承担配送费:3.5元,-,-,-,4.00,温州区域,温州加盟,,,否,-,平台配送
圣比萨（鳌江店）,SBM00019,温州,"8075936088531553740	",饿了么,平台外卖,已完成,2025-10-21 16:23:26,2025-10-21 16:23:26,2025-10-21 16:23:26,饿了么支付-在线支付,,即时单,2025-10-21 16:23:26,10.07,自动出餐,1,否,"7寸日系照烧鸡披萨-单点[{""name"":""规格"",""value"":""单点""}]（22.00*1）",日系照烧鸡披萨【7英寸(手拍)】,,,,非会员,7,,,-,,22.00,12.00,0.00,0.00,0,0,0.00,0.00,,【活动支出】拼团反圈活动:0.00元,-,-,-,0.00,温州区域,温州加盟,,,否,-,平台配送
圣比萨（鳌江店）,SBM00019,温州,"8076450254727969277	",饿了么,平台外卖,已完成,2025-10-21 16:50:56,2025-10-21 16:50:56,2025-10-21 16:50:56,饿了么支付-在线支付,,即时单,2025-10-21 16:50:56,10.05,自动出餐,1,否,"蛋挞一个（原味）（5.00*1）,缤纷水果披萨-9英寸(手拍)[{""name"":""规格"",""value"":""9英寸(手拍)""}]（75.00*1）,餐盒（1.00*1）",蛋挞1个+缤纷水果披萨,,,,非会员,8,,,依据餐量提供餐具,,80.00,21.05,50.51,0.00,0,0,2.89,0.00,3.50,【活动支出】单品特价:3.01元+【活动支出】单品特价:47.50元+【活动支出】替用户承担配送费:3.5元,-,-,-,1.00,温州区域,温州加盟,,,否,-,平台配送
圣比萨（鳌江店）,SBM00019,温州,"8011190254737218856	",饿了么,平台外卖,已完成,2025-10-21 17:03:30,2025-10-21 17:03:30,2025-10-21 17:03:31,饿了么支付-在线支付,,即时单,2025-10-21 17:03:30,10.12,自动出餐,1,否,"牛肉至尊披萨-7寸[{""name"":""规格"",""value"":""7寸""}]（40.90*1）,蛋挞一个（原味）（5.00*1）,餐盒（1.00*1）",炙热牛魔王披萨+蛋挞1个,,,,非会员,9,,,依据餐量提供餐具,,45.90,20.61,16.91,0.00,0,0,2.83,0.00,3.50,【活动支出】单品特价:13.90元+【活动支出】单品特价:3.01元+【活动支出】替用户承担配送费:3.5元,-,-,-,1.00,温州区域,温州加盟,,,否,-,平台配送
圣比萨（鳌江店）,SBM00019,温州,"8020290254737811802	",饿了么,平台外卖,已完成,2025-10-21 17:09:31,2025-10-21 17:09:31,2025-10-21 17:09:31,饿了么支付-在线支付,,即时单,2025-10-21 17:09:31,10.20,自动出餐,1,否,"7寸日系照烧鸡披萨-单点[{""name"":""规格"",""value"":""单点""}]（22.00*1）",日系照烧鸡披萨【7英寸(手拍)】,,,,非会员,10,,,-,,22.00,12.00,0.00,0.00,0,0,0.00,0.00,,【活动支出】拼团反圈活动:0.00元,-,-,-,0.00,温州区域,温州加盟,,,否,-,平台配送
圣比萨（鳌江店）,SBM00019,温州,"8026576088541948378	",饿了么,平台外卖,已完成,2025-10-21 17:23:52,2025-10-21 17:23:52,2025-10-21 17:23:53,饿了么支付-在线支付,,即时单,2025-10-21 17:23:52,10.20,自动出餐,1,否,"新奥尔良烤鸡肉披萨-7寸(手拍)[{""name"":""规格"",""value"":""7寸(手拍)""}]（41.00*1）,餐盒（2.00*1）",新奥尔良烤鸡肉披萨,,,,非会员,11,,,依据餐量提供餐具,,41.00,13.67,22.10,0.00,0,0,1.88,0.00,3.50,【活动支出】单品特价:17.10元+【活动支出】饿了么红包:5.00元+【活动支出】替用户承担配送费:3.5元,-,-,-,2.00,温州区域,温州加盟,,,否,-,平台配送
圣比萨（鳌江店）,SBM00019,温州,"8030290254750293311	",饿了么,平台外卖,已完成,2025-10-21 17:27:47,2025-10-21 17:27:47,2025-10-21 17:27:47,饿了么支付-在线支付,,即时单,2025-10-21 17:27:47,10.05,自动出餐,1,否,"榴莲王披萨-9英寸(经典手拍)[{""name"":""规格"",""value"":""9英寸(经典手拍)""}]（92.00*1）,餐盒（2.00*1）",榴莲王披萨,,,,非会员,12,,,依据餐量提供餐具,,92.00,36.03,44.10,0.00,0,0,4.92,0.00,3.50,【活动支出】店铺满减:1.00元+【活动支出】单品特价:34.10元+【活动支出】饿了么红包:9.00元+【活动支出】替用户承担配送费:3.5元,-,-,-,2.00,温州区域,温州加盟,,,否,-,平台配送
圣比萨（鳌江店）,SBM00019,温州,"8068696088542711198	",饿了么,平台外卖,已完成,2025-10-21 17:45:19,2025-10-21 17:45:19,2025-10-21 17:45:20,饿了么支付-在线支付,,即时单,2025-10-21 17:45:19,12.17,自动出餐,1,否,"【任选】7寸披萨买一送一（82.00*1）,餐盒（2.00*1）",海苔肉松披萨(7英寸(手拍))+新奥尔良烤鸡肉披萨(7英寸(手拍)),,,,非会员,13,,,无需餐具,,82.00,32.15,39.10,0.00,0,0,4.40,0.00,3.50,【活动支出】单品特价:32.10元+【活动支出】 商家自营销加码:2.00元+【活动支出】饿了么红包:5.00元+【活动支出】替用户承担配送费:3.5元,-,-,-,2.00,温州区域,温州加盟,,,否,-,平台配送
圣比萨（鳌江店）,SBM00019,温州,"8075270254691684759	",饿了么,平台外卖,已完成,2025-10-21 17:50:43,2025-10-21 17:50:43,2025-10-21 17:50:43,饿了么支付-在线支付,,即时单,2025-10-21 17:50:43,12.15,自动出餐,1,否,"新奥尔良烤鸡肉披萨-9寸(手拍)[{""name"":""规格"",""value"":""9寸(手拍)""}]（78.00*1）,餐盒（1.00*1）",新奥尔良烤鸡肉披萨,,,,非会员,14,,,依据餐量提供餐具,,78.00,22.76,46.10,0.00,0,0,3.14,0.00,3.50,【活动支出】单品特价:38.10元+【活动支出】饿了么红包:8.00元+【活动支出】替用户承担配送费:3.5元,-,-,-,1.00,温州区域,温州加盟,,,否,-,平台配送
圣比萨（鳌江店）,SBM00019,温州,"8042516088596959504	",饿了么,平台外卖,已完成,2025-10-21 17:52:39,2025-10-21 17:52:39,2025-10-21 17:52:39,饿了么支付-在线支付,,即时单,2025-10-21 17:52:39,12.22,自动出餐,1,否,"个人独享DIY套餐（60.00*1）,餐盒（2.00*1）",深海墨鱼丸(6个)+上校鸡块1个+可乐.+大圣招牌大满贯披萨(7英寸(手拍)),,,,非会员,15,,,1份餐具,,60.00,22.76,29.10,0.00,0,0,3.14,0.00,3.50,【活动支出】单品特价:21.10元+【活动支出】 商家自营销加码:0.00元+【活动支出】饿了么红包:8.00元+【活动支出】替用户承担配送费:3.5元,-,-,-,2.00,温州区域,温州加盟,,,否,-,平台配送
圣比萨（鳌江店）,SBM00019,温州,"8077280254775566617	",饿了么,平台外卖,已完成,2025-10-21 18:08:30,2025-10-21 18:08:30,2025-10-21 18:08:30,饿了么支付-在线支付,,预约单,2025-10-21 20:05:00,71.65,自动出餐,1,否,"缤纷水果披萨-7英寸(手拍)[{""name"":""规格"",""value"":""7英寸(手拍)""}]（42.00*1）,餐盒（2.00*1）",缤纷水果披萨,,,,非会员,16,,,依据餐量提供餐具,,42.00,16.65,19.10,0.00,0,0,2.30,0.00,3.50,【活动支出】单品特价:12.10元+【活动支出】饿了么红包:7.00元+【活动支出】替用户承担配送费:3.5元,-,-,-,2.00,温州区域,温州加盟,,,否,-,平台配送
圣比萨（鳌江店）,SBM00019,温州,"8019360254782115096	",饿了么,平台外卖,已完成,2025-10-21 18:10:32,2025-10-21 18:10:32,2025-10-21 18:10:32,饿了么支付-在线支付,,即时单,2025-10-21 18:10:32,12.20,自动出餐,1,否,"金牌芝士披萨-7寸[{""name"":""规格"",""value"":""7寸""}]（40.90*1）,餐盒（2.00*1）","金牌芝士披萨-7寸[{""name"":""规格"",""value"":""7寸""}]+餐盒",,,,非会员,17,,,依据餐量提供餐具,,40.90,16.65,18.00,0.00,0,0,2.30,0.00,3.50,【活动支出】单品特价:11.00元+【活动支出】 商家自营销加码:2.00元+【活动支出】饿了么红包:5.00元+【活动支出】替用户承担配送费:3.5元,-,-,-,2.00,温州区域,温州加盟,,,否,-,平台配送
圣比萨（鳌江店）,SBM00019,温州,"8049060254692913649	",饿了么,平台外卖,已完成,2025-10-21 18:22:02,2025-10-21 18:22:02,2025-10-21 18:22:02,饿了么支付-在线支付,,即时单,2025-10-21 18:22:02,12.02,自动出餐,1,否,"个人独享DIY套餐（60.00*1）,餐盒（2.00*1）",蛋挞+上校鸡块1个+港式奶茶+缤纷水果披萨(7英寸(手拍)),,,,非会员,18,,,奶茶热 / 依据餐量提供餐具,,60.00,21.86,29.10,0.00,0,0,3.14,0.00,5.00,【活动支出】单品特价:21.10元+【活动支出】 商家自营销加码:0.00元+【活动支出】饿了么红包:8.00元+【活动支出】替用户承担配送费:5.0元,-,-,-,2.00,温州区域,温州加盟,,,否,-,平台配送
圣比萨（鳌江店）,SBM00019,温州,"8098596088580064567	",饿了么,平台外卖,已完成,2025-10-21 18:30:30,2025-10-21 18:30:30,2025-10-21 18:30:30,饿了么支付-在线支付,,即时单,2025-10-21 18:30:30,12.17,自动出餐,1,否,"上校鸡块4个+可乐（6.90*1）,肉酱披萨-9英寸[{""name"":""规格"",""value"":""9英寸""}]（42.00*1）,餐盒（2.00*1）","上校鸡块4个+可乐+肉酱披萨-9英寸[{""name"":""规格"",""value"":""9英寸""}]+餐盒",,,,非会员,19,,,依据餐量提供餐具,,48.90,26.10,14.10,0.00,0,0,3.55,0.00,3.50,【活动支出】单品特价:2.10元+【活动支出】饿了么红包:12.00元+【活动支出】替用户承担配送费:3.5元,-,-,-,2.00,温州区域,温州加盟,,,否,-,平台配送
圣比萨（鳌江店）,SBM00019,温州,"8009796088597775841	",饿了么,平台外卖,已完成,2025-10-21 18:37:27,2025-10-21 18:37:27,2025-10-21 18:37:28,饿了么支付-在线支付,,即时单,2025-10-21 18:37:27,12.22,自动出餐,1,否,新奥尔良烤鸡肉披萨7寸-单点（22.00*1）,新奥尔良烤鸡肉披萨【7英寸(手拍)】,,,,非会员,20,,,依据餐量提供餐具,,22.00,12.00,0.00,0.00,0,0,0.00,0.00,,【活动支出】拼团反圈活动:0.00元,-,-,-,0.00,温州区域,温州加盟,,,否,-,平台配送
圣比萨（鳌江店）,SBM00019,温州,"8059060254722021760	",饿了么,平台外卖,已完成,2025-10-21 18:39:52,2025-10-21 18:39:52,2025-10-21 18:39:52,饿了么支付-在线支付,,即时单,2025-10-21 18:39:52,12.15,自动出餐,1,否,"碳烤鸡肉培根披萨-7英寸(手拍)[{""name"":""规格"",""value"":""7英寸(手拍)""}]（45.00*1）,餐盒（2.00*1）",碳烤鸡肉培根披萨,,,,非会员,21,,,1份餐具,,45.00,16.65,22.10,0.00,0,0,2.30,0.00,3.50,【活动支出】单品特价:15.10元+【活动支出】饿了么红包:7.00元+【活动支出】替用户承担配送费:3.5元,-,-,-,2.00,温州区域,温州加盟,,,否,-,平台配送
圣比萨（鳌江店）,SBM00019,温州,"8017616088620561860	",饿了么,平台外卖,已完成,2025-10-21 19:40:52,2025-10-21 19:40:52,2025-10-21 19:40:52,饿了么支付-在线支付,,即时单,2025-10-21 19:40:52,10.17,自动出餐,1,否,"缤纷水果披萨-7英寸(手拍)[{""name"":""规格"",""value"":""7英寸(手拍)""}]（42.00*1）,披萨专用保温袋x1.（0.99*1）,芝士就是力量（10.00*1）,餐盒（4.00*1）",缤纷水果披萨+芝士就是力量,,,,非会员,22,,,依据餐量提供餐具,,52.99,25.20,21.20,0.00,0,0,3.44,0.00,3.50,【活动支出】单品特价:12.10元+【活动支出】单品特价:5.10元+【活动支出】吃货红包:4.00元+【活动支出】替用户承担配送费:3.5元,-,-,-,4.00,温州区域,温州加盟,,,否,-,平台配送
圣比萨（鳌江店）,SBM00019,温州,"8028270254732623327	",饿了么,平台外卖,已完成,2025-10-21 19:51:47,2025-10-21 19:51:47,2025-10-21 19:51:47,饿了么支付-在线支付,,即时单,2025-10-21 19:51:47,10.12,自动出餐,1,否,"个人独享DIY套餐（60.00*1）,餐盒（2.00*1）",经典薯条+上校鸡块1个+港式奶茶+炙热牛魔王披萨(7英寸(手拍)),,,,非会员,23,,,依据餐量提供餐具,,60.00,22.76,29.10,0.00,0,0,3.14,0.00,3.50,【活动支出】单品特价:21.10元+【活动支出】 商家自营销加码:0.00元+【活动支出】饿了么红包:8.00元+【活动支出】替用户承担配送费:3.5元,-,-,-,2.00,温州区域,温州加盟,,,否,-,平台配送
圣比萨（鳌江店）,SBM00019,温州,"8047636088634670410	",饿了么,平台外卖,已完成,2025-10-21 20:30:23,2025-10-21 20:30:23,2025-10-21 20:30:24,饿了么支付-在线支付,,即时单,2025-10-21 20:30:23,10.13,自动出餐,1,否,"缤纷水果披萨-7英寸(手拍)[{""name"":""规格"",""value"":""7英寸(手拍)""}]（42.00*1）",缤纷水果披萨,,,,非会员,24,,,依据餐量提供餐具,,42.00,11.34,23.70,0.00,0,0,1.61,0.00,3.50,【活动支出】单品特价:23.70元+【活动支出】替用户承担配送费:3.5元,-,-,-,0.00,温州区域,温州加盟,,,否,-,平台配送
圣比萨（鳌江店）,SBM00019,温州,"8018260254853489025	",饿了么,平台外卖,已完成,2025-10-21 20:54:36,2025-10-21 20:54:36,2025-10-21 20:54:37,饿了么支付-在线支付,,即时单,2025-10-21 20:54:36,10.13,自动出餐,1,否,招牌肉酱芝士焗饭（52.00*1）,招牌肉酱芝士焗饭,,,,非会员,25,,,依据餐量提供餐具,,52.00,11.43,32.60,0.00,0,0,1.72,0.00,5.00,【活动支出】单品特价:32.60元+【活动支出】替用户承担配送费:5.0元,-,-,-,0.00,温州区域,温州加盟,,,否,-,平台配送
圣比萨（鳌江店）,SBM00019,温州,"8011290254771009807	",饿了么,平台外卖,已完成,2025-10-21 20:55:36,2025-10-21 20:55:36,2025-10-21 20:55:36,饿了么支付-在线支付,,即时单,2025-10-21 20:55:36,10.05,自动出餐,1,否,新奥尔良烤鸡肉披萨7寸-单点（22.00*1）,新奥尔良烤鸡肉披萨【7英寸(手拍)】,,,,非会员,26,,,依据餐量提供餐具,,22.00,12.00,0.00,0.00,0,0,0.00,0.00,,【活动支出】拼团反圈活动:0.00元,-,-,-,0.00,温州区域,温州加盟,,,否,-,平台配送
圣比萨（鳌江店）,SBM00019,温州,"8016806088641861941	",饿了么,平台外卖,已完成,2025-10-21 21:04:13,2025-10-21 21:04:13,2025-10-21 21:04:14,饿了么支付-在线支付,,即时单,2025-10-21 21:04:13,10.22,自动出餐,1,否,"榴莲王披萨-7英寸（经典手拍)[{""name"":""规格"",""value"":""7英寸（经典手拍)""}]（52.00*1）,餐盒（2.00*1）",榴莲王披萨,,,,非会员,27,,,依据餐量提供餐具,,52.00,22.26,21.10,0.00,0,0,3.14,0.00,5.60,【活动支出】单品特价:13.10元+【活动支出】饿了么红包:8.00元+【活动支出】替用户承担配送费:5.6元,-,-,-,2.00,温州区域,温州加盟,,,否,-,平台配送
圣比萨（鳌江店）,SBM00019,温州,"8060556088634533239	",饿了么,平台外卖,已完成,2025-10-21 21:14:21,2025-10-21 21:14:21,2025-10-21 21:14:21,饿了么支付-在线支付,,即时单,2025-10-21 21:14:21,10.02,自动出餐,1,否,"新奥尔良烤鸡肉披萨-7寸(手拍)[{""name"":""规格"",""value"":""7寸(手拍)""}]（41.00*1）,餐盒（2.00*1）",新奥尔良烤鸡肉披萨,,,,非会员,28,,,依据餐量提供餐具,,41.00,11.38,24.10,0.00,0,0,1.67,0.00,5.60,【活动支出】单品特价:17.10元+【活动支出】 商家自营销加码:2.00元+【活动支出】饿了么红包:5.00元+【活动支出】替用户承担配送费:5.6元,-,-,-,2.00,温州区域,温州加盟,,,否,-,平台配送
圣比萨（鳌江店）,SBM00019,温州,"8046686088668843329	",饿了么,平台外卖,已完成,2025-10-21 21:26:00,2025-10-21 21:26:00,2025-10-21 21:26:00,饿了么支付-在线支付,,即时单,2025-10-21 21:26:00,10.18,自动出餐,1,否,"榴莲多多薄脆披萨[方形薄脆披萨]（90.00*1）,餐盒（2.00*1）",榴莲多多薄脆披萨[方形薄脆披萨]+餐盒,,,,非会员,29,,,依据餐量提供餐具,,90.00,33.44,45.10,0.00,0,0,4.61,0.00,5.60,【活动支出】单品特价:33.10元+【活动支出】饿了么红包:12.00元+【活动支出】替用户承担配送费:5.6元,-,-,-,2.00,温州区域,温州加盟,,,否,-,平台配送
圣比萨（鳌江店）,SBM00019,温州,"8076480254780940716	",饿了么,平台外卖,已完成,2025-10-21 21:26:08,2025-10-21 21:26:08,2025-10-21 21:26:09,饿了么支付-在线支付,,即时单,2025-10-21 21:26:08,10.08,自动出餐,1,否,"榴莲王卷边披萨-7寸[红薯泥卷边][{""name"":""规格"",""value"":""7寸""}]（69.90*1）,餐盒（2.00*1）","榴莲王卷边披萨-7寸[红薯泥卷边][{""name"":""规格"",""value"":""7寸""}]+餐盒",,,,非会员,30,,,依据餐量提供餐具,,69.90,27.23,32.00,0.00,0,0,3.87,0.00,5.60,【活动支出】单品特价:24.00元+【活动支出】超会爆红包省钱包:8.00元+【活动支出】替用户承担配送费:5.6元,-,-,-,2.00,温州区域,温州加盟,,,否,-,平台配送
圣比萨（鳌江店）,SBM00019,温州,"8026060254681642415	",饿了么,平台外卖,已完成,2025-10-21 21:29:44,2025-10-21 21:29:44,2025-10-21 21:29:44,饿了么支付-在线支付,,即时单,2025-10-21 21:29:44,10.08,自动出餐,1,否,"个人独享DIY套餐（64.90*1）,餐盒（2.00*1）",金丝鸡排+上校鸡块1个+可乐.+榴莲王披萨(7英寸(手拍)),,,,非会员,31,,,无需餐具,,64.90,25.60,30.10,0.00,0,0,3.55,0.00,5.60,【活动支出】单品特价:21.10元+【活动支出】饿了么红包:9.00元+【活动支出】替用户承担配送费:5.6元,-,-,-,2.00,温州区域,温州加盟,,,否,-,平台配送
圣比萨（鳌江店）,SBM00019,温州,"8094230254868990291	",饿了么,平台外卖,已完成,2025-10-21 22:09:19,2025-10-21 22:09:19,2025-10-21 22:09:19,饿了么支付-在线支付,,即时单,2025-10-21 22:09:19,10.22,自动出餐,1,否,"肉酱披萨-7英寸[{""name"":""规格"",""value"":""7英寸""}]（35.00*1）,餐盒（2.00*1）","肉酱披萨-7英寸[{""name"":""规格"",""value"":""7英寸""}]+餐盒",,,,非会员,32,,,依据餐量提供餐具,,35.00,13.17,16.10,0.00,0,0,1.88,0.00,6.10,【活动支出】单品特价:11.10元+【活动支出】饿了么红包:5.00元+【活动支出】替用户承担配送费:6.0元,-,-,-,2.00,温州区域,温州加盟,,,否,-,平台配送
圣比萨（鳌江店）,SBM00019,温州,"8026796088653434293	",饿了么,平台外卖,已完成,2025-10-21 22:46:24,2025-10-21 22:46:24,2025-10-21 22:46:25,饿了么支付-在线支付,,即时单,2025-10-21 22:46:24,10.23,自动出餐,1,否,"个人独享DIY套餐（66.90*1）,餐盒（2.00*1）",金丝鸡排+芝士焗红薯泥+酸梅汁+大圣招牌大满贯披萨(7英寸(手拍)),,,,非会员,33,,,依据餐量提供餐具,,66.90,27.14,29.10,0.00,0,0,3.86,0.00,5.60,【活动支出】单品特价:21.10元+【活动支出】饿了么红包:8.00元+【活动支出】淘金币:0.00元+【活动支出】替用户承担配送费:5.6元,-,-,-,2.00,温州区域,温州加盟,,,否,-,平台配送
圣比萨（雪景店）,SBS00006,温州,"8058796088329289115	",饿了么,平台外卖,已完成,2025-10-21 06:48:36,2025-10-21 06:48:36,2025-10-21 06:48:36,饿了么支付-在线支付,,预约单,2025-10-21 10:25:00,171.50,自动出餐,1,否,"榴莲王披萨-9英寸(经典手拍)[{""name"":""规格"",""value"":""9英寸(经典手拍)""}]（92.00*1）,【新客福利】蛋挞1个（5.00*1）,餐盒（3.00*1）",榴莲王披萨+蛋挞1个,,,,非会员,1,,,依据餐量提供餐具,,97.00,28.91,60.11,0.00,0,0,2.73,0.00,3.50,【活动支出】店铺满减:1.00元+【活动支出】单品特价:46.10元+【活动支出】单品特价:4.01元+【活动支出】饿了么红包:9.00元+【活动支出】替用户承担配送费:3.5元,-,-,-,3.00,温州区域,温州直营,,,否,-,平台配送
圣比萨（雪景店）,SBS00006,温州,"8032526088308494648	",饿了么,平台外卖,已完成,2025-10-21 10:30:56,2025-10-21 10:30:56,2025-10-21 10:30:56,饿了么支付-在线支付,,即时单,2025-10-21 10:30:56,10.02,自动出餐,1,否,"深海墨鱼丸-3个[{""name"":""规格"",""value"":""3个""}]（10.60*1）,芝士就是力量（10.00*1）,【真果肉】榴莲披萨+奥尔良烤翅1对+饮品自选[榴莲披萨7英寸+奥尔良烤翅1对+小可乐]（88.00*1）,餐盒（4.00*1）",深海墨鱼丸+芝士就是力量+榴莲王披萨【7英寸(手拍)】+奥尔良烤翅+小可乐,,,,非会员,2,,,依据餐量提供餐具,,108.60,38.73,60.80,0.00,0,0,3.62,0.00,3.50,【活动支出】店铺满减:2.00元+【活动支出】单品特价:4.70元+【活动支出】单品特价:3.00元+【活动支出】单品特价:46.10元+【活动支出】饿了么红包:5.00元+【活动支出】替用户承担配送费:3.5元,-,-,-,4.00,温州区域,温州直营,,,否,-,平台配送
圣比萨（雪景店）,SBS00006,温州,"8065060254451177823	",饿了么,平台外卖,已完成,2025-10-21 10:46:14,2025-10-21 10:46:14,2025-10-21 10:46:14,饿了么支付-在线支付,,即时单,2025-10-21 10:46:14,10.22,自动出餐,1,否,招牌肉酱意面（52.00*1）,招牌肉酱意面,,,,非会员,3,,,1份餐具,,52.00,11.32,31.60,0.00,0,0,1.43,0.00,6.20,【活动支出】单品特价:31.60元+【活动支出】替用户承担配送费:5.0元,-,-,-,0.00,温州区域,温州直营,,,否,-,平台配送
圣比萨（雪景店）,SBS00006,温州,"8064370254474530117	",饿了么,平台外卖,已完成,2025-10-21 11:06:08,2025-10-21 11:06:08,2025-10-21 11:06:09,饿了么支付-在线支付,,即时单,2025-10-21 11:06:08,12.03,自动出餐,1,否,"手握三选一+二选一+可乐-单点[奥尔良+上校鸡块 2 块+可乐][{""name"":""规格"",""value"":""单点""}]（24.00*1）",小可乐+奥尔良风情烤鸡肉一人食盒子披萨+上校鸡块2个,,,,非会员,4,,,-,,24.00,14.00,0.00,0.00,0,0,0.00,0.00,,【活动支出】拼团反圈活动:0.00元,-,-,-,0.00,温州区域,温州直营,,,否,-,平台配送
圣比萨（雪景店）,SBS00006,温州,"8030966088398161310	",饿了么,平台外卖,已完成,2025-10-21 11:07:01,2025-10-21 11:07:01,2025-10-21 11:07:02,饿了么支付-在线支付,,即时单,2025-10-21 11:07:01,12.10,自动出餐,1,否,手握三选一-单点[奥尔良]（20.00*1）,奥尔良风情烤鸡肉一人食盒子披萨,,,,非会员,5,,,1份餐具,,20.00,10.00,0.00,0.00,0,0,0.00,0.00,,【活动支出】拼团反圈活动:0.00元,-,-,-,0.00,温州区域,温州直营,,,否,-,平台配送
圣比萨（雪景店）,SBS00006,温州,"8036220254406074709	",饿了么,平台外卖,已完成,2025-10-21 11:22:31,2025-10-21 11:22:31,2025-10-21 11:22:31,饿了么支付-在线支付,,即时单,2025-10-21 11:22:31,12.20,自动出餐,1,否,"点击右上角❤️收藏得小吃[墨鱼丸1个]（5.00*1）,焗饭随心配（53.80*1）,点击右上角❤️收藏得小吃[上校鸡块2个]（5.00*1）,【特价回馈顾客】川香脆皮翅根（1个）（12.00*1）,【新客福利】蛋挞1个（5.00*1）,餐盒（5.00*1）",深海墨鱼丸1个+西西里肉酱火腿芝士焗饭+地道肠1根+蛋挞1个+盐酥鸡米花小份+上校鸡块2个+川香脆皮大翅根【1个】+蛋挞1个,,,,非会员,6,,,依据餐量提供餐具,,80.80,18.80,57.81,0.00,0,0,1.84,0.00,5.00,【活动支出】单品特价:4.99元+【活动支出】单品特价:25.90元+【活动支出】单品特价:10.01元+【活动支出】单品特价:4.01元+【活动支出】饿了么红包:8.00元+【活动支出】 商家自营销加码:0.00元+【活动支出】精准营销:4.90元+【活动支出】替用户承担配送费:5.0元,-,-,-,5.00,温州区域,温州直营,,,否,-,平台配送
圣比萨（雪景店）,SBS00006,温州,"8041816088392858935	",饿了么,平台外卖,已完成,2025-10-21 12:04:59,2025-10-21 12:04:59,2025-10-21 12:04:59,饿了么支付-在线支付,,即时单,2025-10-21 12:04:59,12.20,自动出餐,1,否,"任选披萨7选1+小吃6选1+饮料[奥尔良鸡肉披萨7英寸+金丝鸡排+小可乐]（58.00*1）,餐盒（2.00*1）",新奥尔良烤鸡肉披萨【7英寸(手拍)】+金丝鸡排+小可乐,,,,非会员,7,,,依据餐量提供餐具,,58.00,19.62,32.10,0.00,0,0,1.83,0.00,3.50,【活动支出】单品特价:26.10元+【活动支出】 商家自营销加码:1.00元+【活动支出】饿了么红包:5.00元+【活动支出】替用户承担配送费:3.5元,-,-,-,2.00,温州区域,温州直营,,,否,-,平台配送
圣比萨（雪景店）,SBS00006,温州,"8097986088425878804	",饿了么,平台外卖,已完成,2025-10-21 12:57:31,2025-10-21 12:57:31,2025-10-21 12:57:31,饿了么支付-在线支付,,即时单,2025-10-21 12:57:31,12.13,自动出餐,1,否,"奶酪芝士卷边（7英寸）（4.90*1）,缤纷水果披萨-7英寸(手拍)[{""name"":""规格"",""value"":""7英寸(手拍)""}]（42.00*1）",奶酪芝士卷边7+缤纷水果披萨,,,,非会员,8,,,依据餐量提供餐具,,46.90,15.87,23.70,0.00,0,0,1.48,0.00,3.50,【活动支出】单品特价:23.70元+【活动支出】替用户承担配送费:3.5元,-,-,-,0.00,温州区域,温州直营,,,否,-,平台配送
圣比萨（雪景店）,SBS00006,温州,"8091516088479383834	",饿了么,平台外卖,已完成,2025-10-21 13:22:18,2025-10-21 13:22:18,2025-10-21 13:22:18,饿了么支付-在线支付,,即时单,2025-10-21 13:22:18,12.08,自动出餐,1,否,"奥尔良烤鸡肉披萨(7寸)-单点[{""name"":""规格"",""value"":""单点""}]（23.21*1）",新奥尔良烤鸡肉披萨【7英寸(手拍)】,,,,非会员,9,,,-,,23.21,13.21,0.00,0.00,0,0,0.00,0.00,,【活动支出】拼团反圈活动:0.00元,-,-,-,0.00,温州区域,温州直营,,,否,-,平台配送
圣比萨（雪景店）,SBS00006,温州,"8033736088515163431	",饿了么,平台外卖,已完成,2025-10-21 15:19:29,2025-10-21 15:19:29,2025-10-21 15:19:30,饿了么支付-在线支付,,即时单,2025-10-21 15:19:29,10.23,自动出餐,1,否,"【披萨任选】披萨8选1+小吃5选2+饮品[碳烤鸡肉培根7英寸+上校鸡块4个+地道肠1根+小可乐]（61.00*1）,餐盒（2.00*1）",碳烤鸡肉培根披萨【7英寸(手拍)】+上校鸡块+地道肠【1根】+小可乐,,,,非会员,10,,,依据餐量提供餐具,,61.00,20.41,34.10,0.00,0,0,1.94,0.00,3.50,【活动支出】单品特价:26.10元+【活动支出】饿了么红包:8.00元+【活动支出】替用户承担配送费:3.5元,-,-,-,2.00,温州区域,温州直营,,,否,-,平台配送
圣比萨（雪景店）,SBS00006,温州,"8066656088473054596	",饿了么,平台外卖,已完成,2025-10-21 15:27:45,2025-10-21 15:27:45,2025-10-21 15:27:45,饿了么支付-在线支付,,即时单,2025-10-21 15:27:45,10.05,自动出餐,1,否,"黑椒牛肉芝士焗饭（52.00*1）,7英寸奥尔良烤鸡肉披萨[7英奥尔良烤鸡肉披萨]（56.00*1）,餐盒（3.00*1）",黑椒牛肉芝士焗饭+新奥尔良烤鸡肉披萨【7英寸(手拍)】,,,,非会员,11,,,依据餐量提供餐具,,108.00,29.24,70.60,0.00,0,0,2.81,0.00,3.50,【活动支出】店铺满减:1.00元+【活动支出】单品特价:24.10元+【活动支出】单品特价:33.50元+【活动支出】饿了么红包:12.00元+【活动支出】替用户承担配送费:3.5元,-,-,-,3.00,温州区域,温州直营,,,否,-,平台配送
圣比萨（雪景店）,SBS00006,温州,"8061300254641566003	",饿了么,平台外卖,已完成,2025-10-21 16:00:32,2025-10-21 16:00:32,2025-10-21 16:00:32,饿了么支付-在线支付,,即时单,2025-10-21 16:00:32,10.08,自动出餐,1,否,"黑椒牛肉芝士焗饭（52.00*1）,餐盒（1.00*1）",黑椒牛肉芝士焗饭,,,,非会员,12,,,依据餐量提供餐具,,52.00,16.38,29.10,0.00,0,0,1.57,0.00,3.50,【活动支出】单品特价:24.10元+【活动支出】饿了么红包:5.00元+【活动支出】替用户承担配送费:3.5元,-,-,-,1.00,温州区域,温州直营,,,否,-,平台配送
圣比萨（雪景店）,SBS00006,温州,"8057586088516856095	",饿了么,平台外卖,已完成,2025-10-21 16:25:09,2025-10-21 16:25:09,2025-10-21 16:25:09,饿了么支付-在线支付,,即时单,2025-10-21 16:25:09,10.15,自动出餐,1,否,"纯芝士披萨7英寸[7英寸]（42.99*1）,【新客福利】蛋挞1个（5.00*1）,餐盒（3.00*1）",金牌芝士披萨【7英寸(手拍)】+蛋挞1个,,,,非会员,13,,,无需餐具,,47.99,12.11,32.10,0.00,0,0,1.43,0.00,3.50,【活动支出】单品特价:21.09元+【活动支出】单品特价:4.01元+【活动支出】 商家自营销加码:2.00元+【活动支出】饿了么红包:5.00元+【活动支出】替用户承担配送费:3.5元,-,-,-,3.00,温州区域,温州直营,,,否,-,平台配送
圣比萨（雪景店）,SBS00006,温州,"8042210254645935585	",饿了么,平台外卖,已完成,2025-10-21 16:30:37,2025-10-21 16:30:37,2025-10-21 16:30:37,饿了么支付-在线支付,,预约单,2025-10-21 17:25:00,9.62,自动出餐,1,否,"番茄牛肉意面（52.00*1）,点击右上角❤️收藏得小吃[蛋挞1个]（5.00*1）,餐盒（1.50*1）",番茄牛肉意面+蛋挞1个,,,,非会员,14,,,1份餐具,,57.00,11.63,40.09,0.00,0,0,1.43,0.00,3.50,【活动支出】单品特价:28.10元+【活动支出】单品特价:4.99元+【活动支出】 商家自营销加码:2.00元+【活动支出】饿了么红包:5.00元+【活动支出】替用户承担配送费:3.5元,-,-,-,1.50,温州区域,温州直营,,,否,-,平台配送
圣比萨（雪景店）,SBS00006,温州,"8053130254722405827	",饿了么,平台外卖,已完成,2025-10-21 16:41:55,2025-10-21 16:41:55,2025-10-21 16:41:55,饿了么支付-在线支付,,即时单,2025-10-21 16:41:55,10.10,自动出餐,1,否,"【披萨任选】披萨8选1+小吃5选2+饮品[日系照烧鸡披萨7英寸+上校鸡块4个+地道肠1根+小可乐]（61.00*1）,餐盒（2.00*1）",日系照烧鸡披萨【7英寸(手拍)】+上校鸡块+地道肠【1根】+小可乐,,,,非会员,15,,,依据餐量提供餐具,,61.00,21.33,33.10,0.00,0,0,2.02,0.00,3.50,【活动支出】单品特价:26.10元+【活动支出】饿了么红包:7.00元+【活动支出】替用户承担配送费:3.5元,-,-,-,2.00,温州区域,温州直营,,,否,-,平台配送
圣比萨（雪景店）,SBS00006,温州,"8058050254633481580	",饿了么,平台外卖,已完成,2025-10-21 16:54:44,2025-10-21 16:54:44,2025-10-21 16:54:44,饿了么支付-在线支付,,即时单,2025-10-21 16:54:44,10.10,自动出餐,1,否,"烤甜玉米（12.00*1）,奥尔良烤翅（14.00*1）,奶酪芝士卷边（7英寸）（4.90*1）,经典薯条（18.00*1）,【随心拼】7英寸披萨(口味自选）[水果+奥尔良]（54.00*1）,餐盒（7.00*1）",烤甜玉米+奥尔良烤翅+奶酪芝士卷边7+经典薯条+双拼7寸【缤纷水果口味7】+双拼7寸【奥尔良口味7】,,,,非会员,16,,,依据餐量提供餐具,,102.90,39.42,57.20,0.00,0,0,3.73,0.00,3.50,【活动支出】店铺满减:6.00元+【活动支出】单品特价:3.10元+【活动支出】单品特价:1.10元+【活动支出】单品特价:9.10元+【活动支出】单品特价:27.50元+【活动支出】饿了么红包:10.40元+【活动支出】替用户承担配送费:3.5元,-,-,-,7.00,温州区域,温州直营,,,否,-,平台配送
圣比萨（雪景店）,SBS00006,温州,"8066906088528598314	",饿了么,平台外卖,已完成,2025-10-21 17:03:19,2025-10-21 17:03:19,2025-10-21 17:03:19,饿了么支付-在线支付,,即时单,2025-10-21 17:03:19,10.20,自动出餐,1,否,"【披萨任选】披萨8选1+小吃5选2+饮品[奥尔良鸡肉披萨7英寸+上校鸡块4个+盐酥鸡米花小份+小可乐]（61.00*1）,餐盒（2.00*1）",新奥尔良烤鸡肉披萨【7英寸(手拍)】+上校鸡块+盐酥鸡米花小份+小可乐,,,,非会员,17,,,依据餐量提供餐具,,61.00,21.33,33.10,0.00,0,0,2.02,0.00,3.50,【活动支出】单品特价:26.10元+【活动支出】饿了么红包:7.00元+【活动支出】替用户承担配送费:3.5元,-,-,-,2.00,温州区域,温州直营,,,否,-,平台配送
圣比萨（雪景店）,SBS00006,温州,"8082150254741260627	",饿了么,平台外卖,已完成,2025-10-21 17:06:33,2025-10-21 17:06:33,2025-10-21 17:06:33,饿了么支付-在线支付,,即时单,2025-10-21 17:06:33,10.03,自动出餐,1,否,任选披萨5选1+小吃4选1+饮料套餐[培根披萨7英寸+地道肠1根+小可乐]（68.00*1）,培根披萨【7英寸(手拍)】+小可乐,,,,非会员,18,,,无需餐具,,68.00,12.94,48.28,0.00,0,0,1.43,0.00,3.50,【活动支出】单品特价:48.28元+【活动支出】替用户承担配送费:3.5元,-,-,-,0.00,温州区域,温州直营,,,否,-,平台配送
圣比萨（雪景店）,SBS00006,温州,"8091070254667319641	",饿了么,平台外卖,已完成,2025-10-21 17:14:42,2025-10-21 17:14:42,2025-10-21 17:14:42,饿了么支付-在线支付,,即时单,2025-10-21 17:14:42,10.10,自动出餐,1,否,"意面随心配（58.80*1）,餐盒（2.00*1）",地道肠1根+蛋挞1个+盐酥鸡米花小份+招牌肉酱意面,,,,非会员,19,,,依据餐量提供餐具,,58.80,15.12,38.90,0.00,0,0,1.43,0.00,3.50,【活动支出】单品特价:31.90元+【活动支出】饿了么红包:7.00元+【活动支出】替用户承担配送费:3.5元,-,-,-,2.00,温州区域,温州直营,,,否,-,平台配送
圣比萨（雪景店）,SBS00006,温州,"8033566088542195192	",饿了么,平台外卖,已完成,2025-10-21 17:23:01,2025-10-21 17:23:01,2025-10-21 17:23:02,饿了么支付-在线支付,,即时单,2025-10-21 17:23:01,10.00,自动出餐,1,否,"缤纷水果披萨-7英寸(手拍)[{""name"":""规格"",""value"":""7英寸(手拍)""}]（42.00*1）,餐盒（1.00*1）",缤纷水果披萨,,,,非会员,20,,,依据餐量提供餐具,,42.00,13.12,23.10,0.00,0,0,1.43,0.00,3.50,【活动支出】单品特价:16.10元+【活动支出】 商家自营销加码:2.00元+【活动支出】饿了么红包:5.00元+【活动支出】替用户承担配送费:3.5元,-,-,-,1.00,温州区域,温州直营,,,否,-,平台配送
圣比萨（雪景店）,SBS00006,温州,"8070806088543229327	",饿了么,平台外卖,已完成,2025-10-21 17:27:21,2025-10-21 17:27:21,2025-10-21 17:27:21,饿了么支付-在线支付,,即时单,2025-10-21 17:27:21,10.18,自动出餐,1,否,"【披萨任选】披萨8选1+小吃5选2+饮品[碳烤鸡肉培根7英寸+盐酥鸡米花小份+金丝鸡排+小可乐]（61.00*1）,点击右上角❤️收藏得小吃[上校鸡块2个]（5.00*1）,奶酪芝士卷边（7英寸）（4.90*1）,藤椒金丝鸡排（10.88*1）,点击右上角❤️收藏得小吃[上校鸡块2个]（5.00*1）,餐盒（4.00*1）",碳烤鸡肉培根披萨【7英寸(手拍)】+盐酥鸡米花小份+金丝鸡排+小可乐+上校鸡块2个+奶酪芝士卷边7+金丝鸡排+上校鸡块2个,,,,非会员,21,,,依据餐量提供餐具,,86.78,32.07,47.97,0.00,0,0,2.99,0.00,3.50,【活动支出】店铺满减:1.00元+【活动支出】单品特价:26.10元+【活动支出】单品特价:2.98元+【活动支出】单品特价:4.99元+【活动支出】饿了么红包:8.00元+【活动支出】精准营销:4.90元+【活动支出】替用户承担配送费:3.5元,-,-,-,4.00,温州区域,温州直营,,,否,-,平台配送
圣比萨（雪景店）,SBS00006,温州,"8098716088590658890	",饿了么,平台外卖,已完成,2025-10-21 17:40:43,2025-10-21 17:40:43,2025-10-21 17:40:43,饿了么支付-在线支付,,即时单,2025-10-21 17:40:43,12.08,自动出餐,1,否,"【披萨任选】披萨8选1+小吃5选2+饮品[浪漫威尼斯披萨7英寸+金丝鸡排+盐酥鸡米花小份+雪碧]（61.00*1）,奶酪芝士卷边（7英寸）（4.90*1）,【新客福利】蛋挞1个（5.00*1）,餐盒（3.00*1）",浪漫威尼斯披萨【7英寸(手拍)】+金丝鸡排+盐酥鸡米花小份+奶酪芝士卷边7+蛋挞1个,,,,非会员,22,,,2份餐具,,70.90,24.33,40.11,0.00,0,0,2.31,0.00,3.50,【活动支出】店铺满减:1.00元+【活动支出】单品特价:26.10元+【活动支出】单品特价:4.01元+【活动支出】饿了么红包:9.00元+【活动支出】替用户承担配送费:3.5元,-,-,-,3.00,温州区域,温州直营,,,否,-,平台配送
圣比萨（雪景店）,SBS00006,温州,"8000150254692106516	",饿了么,平台外卖,已完成,2025-10-21 17:52:04,2025-10-21 17:52:04,2025-10-21 17:52:04,饿了么支付-在线支付,,即时单,2025-10-21 17:52:04,12.13,自动出餐,1,否,"【披萨任选】披萨8选1+小吃5选2+饮品[奥尔良鸡肉披萨7英寸+金丝鸡排+深海墨鱼丸3个+雪碧]（61.00*1）,点击右上角❤️收藏得小吃[上校鸡块2个]（5.00*1）,美式香骨鸡（8.90*1）,【特价回馈顾客】川香脆皮翅根（1个）（12.00*1）,餐盒（3.50*1）",新奥尔良烤鸡肉披萨【7英寸(手拍)】+金丝鸡排+深海墨鱼丸3个+上校鸡块2个+美式香骨鸡+川香脆皮大翅根【1个】,,,,非会员,23,,,依据餐量提供餐具,,86.90,24.80,56.10,0.00,0,0,2.35,0.00,3.50,【活动支出】店铺满减:1.00元+【活动支出】单品特价:26.10元+【活动支出】单品特价:4.99元+【活动支出】单品特价:10.01元+【活动支出】粉丝群:2.00元+【活动支出】饿了么红包:12.00元+【活动支出】替用户承担配送费:3.5元,-,-,-,3.50,温州区域,温州直营,,,否,-,平台配送
圣比萨（雪景店）,SBS00006,温州,"8081380254581390618	",饿了么,平台外卖,已完成,2025-10-21 18:00:25,2025-10-21 18:00:25,2025-10-21 18:00:25,饿了么支付-在线支付,,即时单,2025-10-21 18:00:25,12.20,自动出餐,1,否,手握三选一+二选一+可乐-单点[奥尔良+薯饼 2 块+可乐]（24.00*1）,小可乐+奥尔良风情烤鸡肉一人食盒子披萨+薯饼2个,,,,非会员,24,,,不要青椒不要洋葱 / 依据餐量提供餐具,,24.00,14.00,0.00,0.00,0,0,0.00,0.00,,【活动支出】拼团反圈活动:0.00元,-,-,-,0.00,温州区域,温州直营,,,否,-,平台配送
圣比萨（雪景店）,SBS00006,温州,"8037566088565689790	",饿了么,平台外卖,已退款,2025-10-21 18:06:24,2025-10-21 18:06:24,2025-10-21 18:06:24,饿了么支付-在线支付,,即时单,2025-10-21 18:06:24,,未出餐,1,否,"手握披萨单人餐（38.80*1）,餐盒（1.00*1）",地道肠1根+烤奥尔良鸡肉手握披萨,,,,非会员,25,,,依据餐量提供餐具,订单强制无效（商家主动取消已接订单、用户1分钟内取消),38.80,-8.92,10.50,29.30,0,0,1.97,0.00,3.50,【活动支出】单品特价:10.50元+【活动支出】替用户承担配送费:3.5元,-,-,-,1.00,温州区域,温州直营,,,否,-,平台配送
圣比萨（雪景店）,SBS00006,温州,"8020576088586241473	",饿了么,平台外卖,已完成,2025-10-21 19:08:57,2025-10-21 19:08:57,2025-10-21 19:08:57,饿了么支付-在线支付,,即时单,2025-10-21 19:08:57,12.00,自动出餐,1,否,"奶酪芝士卷边（9英寸）（6.90*1）,缤纷水果披萨-9英寸(手拍)[{""name"":""规格"",""value"":""9英寸(手拍)""}]（75.00*1）",奶酪芝士卷边9+缤纷水果披萨,,,,非会员,26,,,依据餐量提供餐具,,81.90,24.89,47.50,0.00,0,0,2.36,0.00,3.50,【活动支出】单品特价:47.50元+【活动支出】替用户承担配送费:3.5元,-,-,-,0.00,温州区域,温州直营,,,否,-,平台配送
圣比萨（雪景店）,SBS00006,温州,"8095020254820601174	",饿了么,平台外卖,已完成,2025-10-21 19:34:28,2025-10-21 19:34:28,2025-10-21 19:34:29,饿了么支付-在线支付,,即时单,2025-10-21 19:34:28,10.02,自动出餐,1,否,新奥尔良烤鸡肉披萨7寸-单点（22.00*1）,新奥尔良烤鸡肉披萨【7英寸(手拍)】,,,,非会员,27,,,依据餐量提供餐具,,22.00,12.00,0.00,0.00,0,0,0.00,0.00,,【活动支出】拼团反圈活动:0.00元,-,-,-,0.00,温州区域,温州直营,,,否,-,平台配送
圣比萨（雪景店）,SBS00006,温州,"8042816088665136467	",饿了么,平台外卖,已完成,2025-10-21 20:05:29,2025-10-21 20:05:29,2025-10-21 20:05:29,饿了么支付-在线支付,,即时单,2025-10-21 20:05:29,10.10,自动出餐,1,否,"手握三选一-单点[缤纷水果][{""name"":""规格"",""value"":""单点""}]（20.00*1）",热带雨林水果一人食盒子披萨,,,,非会员,28,,,-,,20.00,10.00,0.00,0.00,0,0,0.00,0.00,,【活动支出】拼团反圈活动:0.00元,-,-,-,0.00,温州区域,温州直营,,,否,-,平台配送
圣比萨（雪景店）,SBS00006,温州,"8063150254652905755	",饿了么,平台外卖,已完成,2025-10-21 20:10:12,2025-10-21 20:10:12,2025-10-21 20:10:13,饿了么支付-在线支付,,即时单,2025-10-21 20:10:12,10.20,自动出餐,1,否,"新奥尔良烤鸡肉披萨-7寸(手拍)[{""name"":""规格"",""value"":""7寸(手拍)""}]（45.00*1）,餐盒（1.00*1）",新奥尔良烤鸡肉披萨,,,,非会员,29,,,1份餐具,,45.00,9.32,28.10,0.00,0,0,1.43,0.00,5.60,【活动支出】单品特价:21.10元+【活动支出】 商家自营销加码:2.00元+【活动支出】饿了么红包:5.00元+【活动支出】替用户承担配送费:5.6元,-,-,-,1.00,温州区域,温州直营,,,否,-,平台配送
圣比萨（雪景店）,SBS00006,温州,"8037100254835712483	",饿了么,平台外卖,已完成,2025-10-21 20:22:46,2025-10-21 20:22:46,2025-10-21 20:22:47,饿了么支付-在线支付,,即时单,2025-10-21 20:22:46,10.10,自动出餐,1,否,新奥尔良烤鸡肉披萨7寸-单点（22.00*1）,新奥尔良烤鸡肉披萨【7英寸(手拍)】,,,,非会员,30,,,1份餐具,,22.00,12.00,0.00,0.00,0,0,0.00,0.00,,【活动支出】拼团反圈活动:0.00元,-,-,-,0.00,温州区域,温州直营,,,否,-,平台配送
圣比萨（雪景店）,SBS00006,温州,"8092160254754424276	",饿了么,平台外卖,已完成,2025-10-21 20:58:18,2025-10-21 20:58:18,2025-10-21 20:58:18,饿了么支付-在线支付,,即时单,2025-10-21 20:58:18,10.20,自动出餐,1,否,"地道肠（7.50*1）,任选披萨7选1+小吃6选1+饮料[奥尔良鸡肉披萨7英寸+金丝鸡排+小可乐]（58.00*1）,餐盒（3.00*1）",地道肠1根+新奥尔良烤鸡肉披萨【7英寸(手拍)】+金丝鸡排+小可乐,,,,非会员,31,,,1份餐具,,65.50,26.74,32.10,0.00,0,0,2.51,0.00,3.50,【活动支出】店铺满减:1.00元+【活动支出】单品特价:26.10元+【活动支出】饿了么红包:5.00元+【活动支出】替用户承担配送费:3.5元,-,-,-,3.00,温州区域,温州直营,,,否,-,平台配送
圣比萨（雪景店）,SBS00006,温州,"8029430254792422895	",饿了么,平台外卖,已完成,2025-10-21 22:02:42,2025-10-21 22:02:42,2025-10-21 22:02:42,饿了么支付-在线支付,,即时单,2025-10-21 22:02:42,10.13,自动出餐,1,否,"7英寸披萨买一送一[缤纷水果披萨7英寸+日系照烧鸡披萨7英寸]（86.80*1）,餐盒（2.00*1）",缤纷水果披萨【7英寸(手拍)】+日系照烧鸡披萨【7英寸(手拍)】,,,,非会员,32,,,依据餐量提供餐具,,86.80,27.96,49.90,0.00,0,0,2.69,0.00,5.60,【活动支出】店铺满减:1.00元+【活动支出】单品特价:39.90元+【活动支出】饿了么红包:9.00元+【活动支出】替用户承担配送费:5.6元,-,-,-,2.00,温州区域,温州直营,,,否,-,平台配送
圣比萨（雪景店）,SBS00006,温州,"8054400254875756924	",饿了么,平台外卖,已完成,2025-10-21 22:29:28,2025-10-21 22:29:28,2025-10-21 22:29:28,饿了么支付-在线支付,,即时单,2025-10-21 22:29:28,10.13,自动出餐,1,否,"点击右上角❤️收藏得小吃[上校鸡块2个]（5.00*1）,7英寸奥尔良烤鸡肉披萨[7英奥尔良烤鸡肉披萨]（56.00*1）,餐盒（2.50*1）",上校鸡块2个+新奥尔良烤鸡肉披萨【7英寸(手拍)】,,,,非会员,33,,,依据餐量提供餐具,,61.00,10.13,45.49,0.00,0,0,1.43,0.00,5.60,【活动支出】单品特价:4.99元+【活动支出】单品特价:33.50元+【活动支出】饿了么红包:5.00元+【活动支出】 商家自营销加码:2.00元+【活动支出】替用户承担配送费:5.6元,-,-,-,2.50,温州区域,温州直营,,,否,-,平台配送
圣比萨（雪景店）,SBS00006,温州,"8039490254692865506	",饿了么,平台外卖,已完成,2025-10-21 22:31:57,2025-10-21 22:31:57,2025-10-21 22:31:58,饿了么支付-在线支付,,即时单,2025-10-21 22:31:57,10.13,自动出餐,1,否,任选披萨5选1+小吃4选1+饮料套餐[玉米沙拉披萨7英寸+上校鸡块2个+小可乐]（68.00*1）,玉米沙拉披萨【7英寸(手拍)】+上校鸡块2个+小可乐,,,,非会员,34,,,依据餐量提供餐具,,68.00,12.44,48.28,0.00,0,0,1.43,0.00,5.60,【活动支出】单品特价:48.28元+【活动支出】替用户承担配送费:5.6元,-,-,-,0.00,温州区域,温州直营,,,否,-,平台配送
圣比萨（义乌佛堂店）,SBM00007,金华,"8085340254249141670	",饿了么,平台外卖,已完成,2025-10-20 17:18:35,2025-10-20 17:18:35,2025-10-20 17:18:35,饿了么支付-在线支付,,预约单,2025-10-21 11:05:00,1021.60,自动出餐,1,否,"【任选7件套】披萨意面我全都要（54.90*1）,意式经典肉酱意面（27.50*1）,餐盒（3.00*1）",小雪碧+可乐+意式经典肉酱意面+番茄阳光牛肉意面+黄金脆粗薯条小份+锅巴土豆+盐酥鸡米花小份+意式经典肉酱意面,,,,非会员,1,,,依据餐量提供餐具,,82.40,43.72,23.40,0.00,0,0,3.28,0.00,4.90,【活动支出】店铺满减:3.00元+【活动支出】单品特价:4.40元+【活动支出】单品特价:4.00元+【活动支出】饿了么红包:12.00元+【活动支出】替用户承担配送费:4.9元,-,-,-,3.00,金华地区,金华加盟,,,否,-,平台配送
圣比萨（义乌佛堂店）,SBM00007,金华,"8013866088308438357	",饿了么,平台外卖,已完成,2025-10-21 08:43:06,2025-10-21 08:43:06,2025-10-21 08:43:06,饿了么支付-在线支付,,预约单,2025-10-21 11:05:00,97.07,自动出餐,1,否,"【任选1+3】手握披萨随心配（36.90*1）,餐盒（2.00*1）",黄金脆粗薯条小份+锅巴土豆+深海墨鱼丸3个+榴莲多多一人食盒子披萨,,,,非会员,2,,,依据餐量提供餐具,,36.90,15.85,13.00,0.00,0,0,1.25,0.00,3.70,【活动支出】店铺满减:1.00元+【活动支出】单品特价:2.00元+【活动支出】 商家自营销加码:0.00元+【活动支出】粉丝群:2.00元+【活动支出】饿了么红包:8.00元+【活动支出】替用户承担配送费:3.7元,-,-,-,2.00,金华地区,金华加盟,,,否,-,平台配送
圣比萨（义乌佛堂店）,SBM00007,金华,"8070110254516310473	",饿了么,平台外卖,已完成,2025-10-21 09:15:54,2025-10-21 09:15:54,2025-10-21 09:15:54,饿了么支付-在线支付,,预约单,2025-10-21 11:00:00,59.20,自动出餐,1,否,"【任选1+1】手握披萨AND意面（39.90*1）,餐盒（2.00*1）",番茄阳光牛肉意面+热带雨林水果一人食盒子披萨,,,,非会员,3,,,无需餐具,,39.90,15.03,14.00,0.00,0,0,1.37,0.00,5.50,【活动支出】店铺满减:1.00元+【活动支出】单品特价:5.00元+【活动支出】 商家自营销加码:0.00元+【活动支出】饿了么红包:8.00元+【活动支出】替用户承担配送费:5.0元,-,-,-,2.00,金华地区,金华加盟,,,否,-,平台配送
圣比萨（义乌佛堂店）,SBM00007,金华,"8065526088332012930	",饿了么,平台外卖,已完成,2025-10-21 10:18:41,2025-10-21 10:18:41,2025-10-21 10:18:42,饿了么支付-在线支付,,即时单,2025-10-21 10:18:41,9.12,自动出餐,1,否,"GO真果榴莲王披萨（44.90*1）,餐盒（1.00*1）",GO真果榴莲王披萨,,,,非会员,4,,,依据餐量提供餐具,,44.90,24.15,12.50,0.00,0,0,1.75,0.00,2.20,【活动支出】店铺满减:1.00元+【活动支出】单品特价:5.00元+【活动支出】饿了么红包:6.50元+【活动支出】替用户承担配送费:2.2元,-,-,-,1.00,金华地区,金华加盟,,,否,-,平台配送
圣比萨（义乌佛堂店）,SBM00007,金华,"8094350254459868521	",饿了么,平台外卖,已完成,2025-10-21 10:28:09,2025-10-21 10:28:09,2025-10-21 10:28:09,饿了么支付-在线支付,,即时单,2025-10-21 10:28:09,9.02,自动出餐,1,否,"【任选1+1+1】一人食光披萨套餐（28.90*1）,餐盒（2.00*1）",黄金脆粗薯条小份+可乐+奥尔良风情烤鸡肉一人食盒子披萨,,,,非会员,5,,,不要可乐 薯条多给我加点，老板发财。 / 1份餐具,,28.90,15.90,9.00,0.00,0,0,1.10,0.00,2.20,【活动支出】单品特价:2.00元+【活动支出】 商家自营销加码:2.00元+【活动支出】超会爆红包省钱包:5.00元+【活动支出】替用户承担配送费:2.2元,-,-,-,2.00,金华地区,金华加盟,,,否,-,平台配送
圣比萨（义乌佛堂店）,SBM00007,金华,"8007836088308591938	",饿了么,平台外卖,已完成,2025-10-21 10:32:18,2025-10-21 10:32:18,2025-10-21 10:32:18,饿了么支付-在线支付,,即时单,2025-10-21 10:32:18,9.20,自动出餐,1,否,"【任选1+1+1】一人食光披萨套餐（28.90*1）,酥皮蛋挞1个（7.00*1）,餐盒（2.50*1）",黄金脆粗薯条小份+可乐+奥尔良风情烤鸡肉一人食盒子披萨+蛋挞1个,,,,非会员,6,,,依据餐量提供餐具,,35.90,14.22,15.90,0.00,0,0,1.08,0.00,3.20,【活动支出】单品特价:2.00元+【活动支出】单品特价:6.90元+【活动支出】饿了么红包:7.00元+【活动支出】替用户承担配送费:3.2元,-,-,-,2.50,金华地区,金华加盟,,,否,-,平台配送
圣比萨（义乌佛堂店）,SBM00007,金华,"8094716088382649629	",饿了么,平台外卖,已完成,2025-10-21 10:43:33,2025-10-21 10:43:33,2025-10-21 10:43:34,饿了么支付-在线支付,,即时单,2025-10-21 10:43:33,9.12,自动出餐,1,否,"GO真果榴莲王披萨（44.90*1）,酥皮蛋挞1个（7.00*1）,餐盒（1.50*1）",GO真果榴莲王披萨+蛋挞1个,,,,非会员,7,,,依据餐量提供餐具,,51.90,23.30,20.90,0.00,0,0,1.70,0.00,2.20,【活动支出】店铺满减:1.00元+【活动支出】单品特价:5.00元+【活动支出】单品特价:6.90元+【活动支出】饿了么红包:8.00元+【活动支出】替用户承担配送费:2.2元,-,-,-,1.50,金华地区,金华加盟,,,否,-,平台配送
圣比萨（义乌佛堂店）,SBM00007,金华,"8033586088384494962	",饿了么,平台外卖,已完成,2025-10-21 10:44:16,2025-10-21 10:44:16,2025-10-21 10:44:16,饿了么支付-在线支付,,即时单,2025-10-21 10:44:16,9.22,自动出餐,1,否,"【任选1+3】一人食意面随心配（31.90*1）,餐盒（2.00*1）",蛋挞1个+盐酥鸡米花小份+深海墨鱼丸3个+番茄阳光牛肉意面,,,,非会员,8,,,依据餐量提供餐具,,31.90,14.60,11.00,0.00,0,0,1.10,0.00,3.20,【活动支出】单品特价:2.00元+【活动支出】 商家自营销加码:2.00元+【活动支出】粉丝群:2.00元+【活动支出】饿了么红包:5.00元+【活动支出】替用户承担配送费:3.2元,-,-,-,2.00,金华地区,金华加盟,,,否,-,平台配送
圣比萨（义乌佛堂店）,SBM00007,金华,"8005040254365864308	",饿了么,平台外卖,已完成,2025-10-21 10:48:51,2025-10-21 10:48:51,2025-10-21 10:48:52,饿了么支付-在线支付,,即时单,2025-10-21 10:48:51,9.12,自动出餐,1,否,"点击右上角❤️收藏得小吃[墨鱼丸1个]（7.00*1）,雪碧[冷]（4.00*1）,酥皮蛋挞1个（7.00*1）,【任选1+2+1】一人食光土豪披萨套餐（30.90*1）,餐盒（3.00*1）",深海墨鱼丸1个+小雪碧+蛋挞1个+上校鸡块+深海墨鱼丸3个+日式烧鸟风味一人食盒子披萨+小雪碧,,,,非会员,9,,,依据餐量提供餐具,,48.90,20.42,23.20,0.00,0,0,1.48,0.00,2.20,【活动支出】单品特价:6.90元+【活动支出】店铺满减:1.00元+【活动支出】单品特价:6.90元+【活动支出】单品特价:0.40元+【活动支出】 商家自营销加码:0.00元+【活动支出】饿了么红包:8.00元+【活动支出】替用户承担配送费:2.2元,-,-,-,3.00,金华地区,金华加盟,,,否,-,平台配送
圣比萨（义乌佛堂店）,SBM00007,金华,"8012490254482072901	",饿了么,平台外卖,已退款,2025-10-21 10:52:01,2025-10-21 10:52:01,2025-10-21 10:52:02,饿了么支付-在线支付,,即时单,2025-10-21 10:52:01,,未出餐,1,否,"【随心双拼】双拼一人食盒子披萨[浓情芝士+奥尔良风情]（26.90*1）,酥皮蛋挞1个（7.00*1）,餐盒（2.50*1）",双拼一人食盒子披萨【浓情芝士】+双拼一人食盒子披萨【奥尔良风情烤鸡肉】+蛋挞1个,,,,非会员,10,,,依据餐量提供餐具,订单强制无效（商家主动取消已接订单、用户1分钟内取消),33.90,-7.14,17.30,17.10,0,0,1.04,0.00,3.70,【活动支出】单品特价:3.40元+【活动支出】单品特价:6.90元+【活动支出】 商家自营销加码:2.00元+【活动支出】饿了么红包:5.00元+【活动支出】替用户承担配送费:3.7元,-,-,-,2.50,金华地区,金华加盟,,,否,-,平台配送
圣比萨（义乌佛堂店）,SBM00007,金华,"8012490254490367260	",饿了么,平台外卖,已完成,2025-10-21 10:58:00,2025-10-21 10:58:00,2025-10-21 10:58:00,饿了么支付-在线支付,,即时单,2025-10-21 10:58:00,9.23,自动出餐,1,否,"【随心双拼】双拼一人食盒子披萨[浓情芝士+奥尔良风情]（26.90*1）,酥皮蛋挞1个（7.00*1）,餐盒（2.50*1）",双拼一人食盒子披萨【浓情芝士】+双拼一人食盒子披萨【奥尔良风情烤鸡肉】+蛋挞1个,,,,非会员,11,,,依据餐量提供餐具,,33.90,9.96,17.30,0.00,0,0,1.04,0.00,3.70,【活动支出】单品特价:3.40元+【活动支出】单品特价:6.90元+【活动支出】 商家自营销加码:2.00元+【活动支出】饿了么红包:5.00元+【活动支出】替用户承担配送费:3.7元,-,-,-,2.50,金华地区,金华加盟,,,否,-,平台配送
圣比萨（义乌佛堂店）,SBM00007,金华,"8007596088387995118	",饿了么,平台外卖,已完成,2025-10-21 11:02:13,2025-10-21 11:02:13,2025-10-21 11:02:13,饿了么支付-在线支付,,即时单,2025-10-21 11:02:13,10.10,自动出餐,1,否,番茄牛肉意面-单点（19.69*1）,番茄牛肉意面,,,,非会员,12,,,依据餐量提供餐具,,19.69,12.59,0.00,0.00,0,0,0.00,0.00,,【活动支出】拼团反圈活动:0.00元,-,-,-,0.00,金华地区,金华加盟,,,否,-,平台配送
圣比萨（义乌佛堂店）,SBM00007,金华,"8005250254476616129	",饿了么,平台外卖,已完成,2025-10-21 11:04:50,2025-10-21 11:04:50,2025-10-21 11:04:51,饿了么支付-在线支付,,即时单,2025-10-21 11:04:50,10.12,自动出餐,1,否,"黄金脆粗薯条（8.00*1）,阳光番茄牛肉意面（27.50*1）,餐盒（1.00*1）",黄金脆粗薯+番茄阳光牛肉意面,,,,非会员,13,,,依据餐量提供餐具,,35.50,14.21,12.00,0.00,0,0,1.19,0.00,3.20,【活动支出】单品特价:4.00元+【活动支出】粉丝群:2.00元+【活动支出】饿了么红包:6.00元+【活动支出】替用户承担配送费:3.2元,-,-,-,1.00,金华地区,金华加盟,,,否,-,平台配送
圣比萨（义乌佛堂店）,SBM00007,金华,"8025816088450134362	",饿了么,平台外卖,已完成,2025-10-21 11:49:42,2025-10-21 11:49:42,2025-10-21 11:49:43,饿了么支付-在线支付,,即时单,2025-10-21 11:49:42,10.07,自动出餐,1,否,"【任选1+2+1】一人食光土豪披萨套餐（32.90*1）,酥皮蛋挞1个（7.00*1）,餐盒（2.50*1）",锅巴土豆+上校鸡块+韩式咔滋炸鸡一人食盒子披萨+可乐+蛋挞1个,,,,非会员,14,,,1份餐具,,39.90,18.43,15.30,0.00,0,0,1.37,0.00,2.70,【活动支出】店铺满减:1.00元+【活动支出】单品特价:0.40元+【活动支出】单品特价:6.90元+【活动支出】 商家自营销加码:2.00元+【活动支出】饿了么红包:5.00元+【活动支出】替用户承担配送费:2.7元,-,-,-,2.50,金华地区,金华加盟,,,否,-,平台配送
圣比萨（义乌佛堂店）,SBM00007,金华,"8056986088422302029	",饿了么,平台外卖,已完成,2025-10-21 11:51:46,2025-10-21 11:51:46,2025-10-21 11:51:46,饿了么支付-在线支付,,即时单,2025-10-21 11:51:46,10.00,自动出餐,1,否,"奥尔良风情烤鸡肉一人食盒子披萨（26.90*1）,餐盒（1.00*1）",奥尔良风情烤鸡肉一人食盒子披萨,,,,非会员,15,,,依据餐量提供餐具,,26.90,9.96,11.40,0.00,0,0,1.04,0.00,2.20,【活动支出】单品特价:4.40元+【活动支出】 商家自营销加码:2.00元+【活动支出】饿了么红包:5.00元+【活动支出】替用户承担配送费:2.2元,-,-,-,1.00,金华地区,金华加盟,,,否,-,平台配送
圣比萨（义乌佛堂店）,SBM00007,金华,"8050516088450967870	",饿了么,平台外卖,已完成,2025-10-21 13:00:58,2025-10-21 13:00:58,2025-10-21 13:00:58,饿了么支付-在线支付,,即时单,2025-10-21 13:00:58,10.23,自动出餐,1,否,"【任选1+3】手握披萨随心配（31.90*1）,餐盒（2.00*1）",黄金脆粗薯条小份+锅巴土豆+美式黑椒鸡块3只+韩式咔滋炸鸡一人食盒子披萨,,,,非会员,16,,,依据餐量提供餐具,用户申请取消单 临时有事，我不想要了，,31.90,12.17,8.40,0.00,0,0,1.23,0.00,5.50,【活动支出】单品特价:1.40元+【活动支出】饿了么红包:7.00元+【活动支出】替用户承担配送费:5.0元,-,-,-,2.00,金华地区,金华加盟,,,否,-,平台配送
圣比萨（义乌佛堂店）,SBM00007,金华,"8028966088440970584	",饿了么,平台外卖,已完成,2025-10-21 13:48:14,2025-10-21 13:48:14,2025-10-21 13:48:15,饿了么支付-在线支付,,预约单,2025-10-21 15:50:00,76.97,自动出餐,1,否,"【任选1+2+1】一人食光土豪披萨套餐（30.90*1）,餐盒（2.00*1）",黄金脆粗薯条小份+上校鸡块+奥尔良风情烤鸡肉一人食盒子披萨+小雪碧,,,,非会员,17,,,依据餐量提供餐具,,30.90,15.15,7.40,0.00,0,0,1.25,0.00,3.20,【活动支出】单品特价:0.40元+【活动支出】饿了么红包:7.00元+【活动支出】替用户承担配送费:3.2元,-,-,-,2.00,金华地区,金华加盟,,,否,-,平台配送
圣比萨（义乌佛堂店）,SBM00007,金华,"8090756088454875426	",饿了么,平台外卖,已完成,2025-10-21 14:28:38,2025-10-21 14:28:38,2025-10-21 14:28:38,饿了么支付-在线支付,,即时单,2025-10-21 14:28:38,9.13,自动出餐,1,否,"【任选1+1】手握披萨AND意面（39.90*1）,餐盒（2.00*1）",意式经典肉酱意面+奥尔良风情烤鸡肉一人食盒子披萨,,,,非会员,18,,,1份餐具,,39.90,20.23,13.40,0.00,0,0,1.47,0.00,2.20,【活动支出】店铺满减:1.00元+【活动支出】单品特价:4.40元+【活动支出】 商家自营销加码:0.00元+【活动支出】饿了么红包:8.00元+【活动支出】替用户承担配送费:2.2元,-,-,-,2.00,金华地区,金华加盟,,,否,-,平台配送
圣比萨（义乌佛堂店）,SBM00007,金华,"8028606088467982668	",饿了么,平台外卖,已完成,2025-10-21 15:00:28,2025-10-21 15:00:28,2025-10-21 15:00:29,饿了么支付-在线支付,,预约单,2025-10-21 16:25:00,39.70,自动出餐,1,否,"【任选1+1+1】一人食光披萨套餐（28.90*1）,餐盒（2.00*1）",盐酥鸡米花小份+可乐+奥尔良风情烤鸡肉一人食盒子披萨,,,,非会员,19,,,1份餐具,,28.90,13.81,8.40,0.00,0,0,1.09,0.00,3.70,【活动支出】单品特价:1.40元+【活动支出】 商家自营销加码:2.00元+【活动支出】饿了么红包:5.00元+【活动支出】替用户承担配送费:3.7元,-,-,-,2.00,金华地区,金华加盟,,,否,-,平台配送
圣比萨（义乌佛堂店）,SBM00007,金华,"8093240254622710173	",饿了么,平台外卖,已完成,2025-10-21 15:05:15,2025-10-21 15:05:15,2025-10-21 15:05:15,饿了么支付-在线支付,,即时单,2025-10-21 15:05:15,9.10,自动出餐,1,否,"【随心拼】9英寸披萨[水果嘉年华+火山牛肉]（41.90*1）,餐盒（2.00*1）",双拼9寸【花果山口味9】+双拼9寸【牛魔王口味9】,,,,非会员,20,,,依据餐量提供餐具,,41.90,19.12,14.40,0.00,0,0,1.48,0.00,3.70,【活动支出】店铺满减:1.00元+【活动支出】单品特价:4.40元+【活动支出】饿了么红包:9.00元+【活动支出】替用户承担配送费:3.7元,-,-,-,2.00,金华地区,金华加盟,,,否,-,平台配送
圣比萨（义乌佛堂店）,SBM00007,金华,"8018846088476638519	",饿了么,平台外卖,已完成,2025-10-21 15:36:38,2025-10-21 15:36:38,2025-10-21 15:36:38,饿了么支付-在线支付,,预约单,2025-10-21 16:45:00,23.48,自动出餐,1,否,"【随心双拼】双拼一人食盒子披萨[浓情芝士+韩式咔滋炸鸡]（26.90*1）,酥皮蛋挞1个（7.00*1）,餐盒（2.50*1）",双拼一人食盒子披萨【浓情芝士】+双拼一人食盒子披萨【韩式咔滋炸鸡】+蛋挞1个,,,,非会员,21,,,依据餐量提供餐具,,33.90,8.46,19.30,0.00,0,0,1.04,0.00,3.70,【活动支出】单品特价:3.40元+【活动支出】单品特价:6.90元+【活动支出】粉丝群:2.00元+【活动支出】饿了么红包:7.00元+【活动支出】替用户承担配送费:3.7元,-,-,-,2.50,金华地区,金华加盟,,,否,-,平台配送
圣比萨（义乌佛堂店）,SBM00007,金华,"8075130254704595232	",饿了么,平台外卖,已完成,2025-10-21 15:43:17,2025-10-21 15:43:17,2025-10-21 15:43:17,饿了么支付-在线支付,,预约单,2025-10-21 16:50:00,21.85,自动出餐,1,否,"【任选1+2+1】一人食光土豪披萨套餐（30.90*1）,餐盒（2.00*1）",锅巴土豆+盐酥鸡米花小份+日式烧鸟风味一人食盒子披萨+可乐,,,,非会员,22,,,依据餐量提供餐具,,30.90,15.34,7.40,0.00,0,0,1.26,0.00,3.70,【活动支出】单品特价:0.40元+【活动支出】饿了么红包:7.00元+【活动支出】替用户承担配送费:3.7元,-,-,-,2.00,金华地区,金华加盟,,,否,-,平台配送
圣比萨（义乌佛堂店）,SBM00007,金华,"8064856088541845826	",饿了么,平台外卖,已完成,2025-10-21 16:52:22,2025-10-21 16:52:22,2025-10-21 16:52:23,饿了么支付-在线支付,,即时单,2025-10-21 16:52:22,9.15,自动出餐,1,否,"【随心双拼】双拼一人食盒子披萨[奥尔良风情+韩式咔滋炸鸡]（26.90*1）,酥皮蛋挞1个（7.00*1）,餐盒（2.50*1）",双拼一人食盒子披萨【奥尔良风情烤鸡肉】+双拼一人食盒子披萨【韩式咔滋炸鸡】+蛋挞1个,,,,非会员,23,,,依据餐量提供餐具,,33.90,13.56,16.30,0.00,0,0,1.04,0.00,2.20,【活动支出】单品特价:3.40元+【活动支出】单品特价:6.90元+【活动支出】饿了么红包:6.00元+【活动支出】替用户承担配送费:2.2元,-,-,-,2.50,金华地区,金华加盟,,,否,-,平台配送
圣比萨（义乌佛堂店）,SBM00007,金华,"8083490254732875009	",饿了么,平台外卖,已完成,2025-10-21 17:00:20,2025-10-21 17:00:20,2025-10-21 17:00:20,饿了么支付-在线支付,,即时单,2025-10-21 17:00:20,9.13,自动出餐,1,否,"【任选1+1+1】一人食光披萨套餐（28.90*1）,餐盒（2.00*1）",黄金脆粗薯+可乐+日式烧鸟风味一人食盒子披萨,,,,非会员,24,,,依据餐量提供餐具,,28.90,13.81,8.40,0.00,0,0,1.09,0.00,3.70,【活动支出】单品特价:1.40元+【活动支出】饿了么红包:7.00元+【活动支出】替用户承担配送费:3.7元,-,-,-,2.00,金华地区,金华加盟,,,否,-,平台配送
圣比萨（义乌佛堂店）,SBM00007,金华,"8096230254742081985	",饿了么,平台外卖,已完成,2025-10-21 17:20:02,2025-10-21 17:20:02,2025-10-21 17:20:02,饿了么支付-在线支付,,即时单,2025-10-21 17:20:02,9.22,自动出餐,1,否,"【任选1+1+1】一人食光披萨套餐（28.90*1）,餐盒（2.00*1）",黄金脆粗薯+可乐+日式烧鸟风味一人食盒子披萨,,,,非会员,25,,,依据餐量提供餐具,,28.90,11.86,10.40,0.00,0,0,1.04,0.00,3.20,【活动支出】单品特价:1.40元+【活动支出】 商家自营销加码:2.00元+【活动支出】粉丝群:2.00元+【活动支出】饿了么红包:5.00元+【活动支出】替用户承担配送费:3.2元,-,-,-,2.00,金华地区,金华加盟,,,否,-,平台配送
圣比萨（义乌佛堂店）,SBM00007,金华,"8031440254750591429	",饿了么,平台外卖,已完成,2025-10-21 17:26:24,2025-10-21 17:26:24,2025-10-21 17:26:24,饿了么支付-在线支付,,即时单,2025-10-21 17:26:24,9.13,自动出餐,1,否,"【任选1+1+1】一人食光披萨套餐（28.90*1）,餐盒（2.00*1）",黄金脆粗薯+可乐+奥尔良风情烤鸡肉一人食盒子披萨,,,,非会员,26,,,依据餐量提供餐具,,28.90,13.81,8.40,0.00,0,0,1.09,0.00,3.70,【活动支出】单品特价:1.40元+【活动支出】 商家自营销加码:2.00元+【活动支出】饿了么红包:5.00元+【活动支出】替用户承担配送费:3.7元,-,-,-,2.00,金华地区,金华加盟,,,否,-,平台配送
圣比萨（义乌佛堂店）,SBM00007,金华,"8047886088538979686	",饿了么,平台外卖,已完成,2025-10-21 17:30:37,2025-10-21 17:30:37,2025-10-21 17:30:38,饿了么支付-在线支付,,即时单,2025-10-21 17:30:37,10.02,自动出餐,1,否,"黑椒铁板牛柳意面（29.50*1）,墨鱼丸3个（9.00*1）,日式烧鸟风味一人食盒子披萨（24.90*1）,餐盒（3.00*1）",黑椒铁板牛柳意面+深海墨鱼丸3个+日式烧鸟风味一人食盒子披萨,,,,非会员,27,,,依据餐量提供餐具,,63.40,31.59,20.40,0.00,0,0,2.41,0.00,3.20,【活动支出】店铺满减:6.00元+【活动支出】单品特价:4.00元+【活动支出】单品特价:2.40元+【活动支出】饿了么红包:8.00元+【活动支出】替用户承担配送费:3.2元,-,-,-,3.00,金华地区,金华加盟,,,否,-,平台配送
圣比萨（义乌佛堂店）,SBM00007,金华,"8022766088593810718	",饿了么,平台外卖,已完成,2025-10-21 17:44:17,2025-10-21 17:44:17,2025-10-21 17:44:18,饿了么支付-在线支付,,即时单,2025-10-21 17:44:17,10.00,自动出餐,1,否,"【随心双拼】双拼一人食盒子披萨[东大风味香肠+北美乡村土豆培根]（26.90*1）,餐盒（2.00*1）",双拼一人食盒子披萨【东大风味香肠】+双拼一人食盒子披萨【北美乡村土豆培根】,,,,非会员,28,,,依据餐量提供餐具,,26.90,9.86,10.40,0.00,0,0,1.04,0.00,3.20,【活动支出】单品特价:3.40元+【活动支出】 商家自营销加码:2.00元+【活动支出】饿了么红包:5.00元+【活动支出】替用户承担配送费:3.2元,-,-,-,2.00,金华地区,金华加盟,,,否,-,平台配送
圣比萨（义乌佛堂店）,SBM00007,金华,"8019566088548077049	",饿了么,平台外卖,已完成,2025-10-21 17:58:20,2025-10-21 17:58:20,2025-10-21 17:58:20,饿了么支付-在线支付,,即时单,2025-10-21 17:58:20,10.23,自动出餐,1,否,"【任选1+1+1】一人食光披萨套餐（30.90*1）,餐盒（2.00*1）",黄金脆粗薯+小雪碧+韩式咔滋炸鸡一人食盒子披萨,,,,非会员,29,,,不喜欢吃酱，可以不要在披萨里面放酱吗？谢谢谢谢谢谢 / 依据餐量提供餐具,,30.90,14.40,8.40,0.00,0,0,1.20,0.00,3.70,【活动支出】单品特价:1.40元+【活动支出】饿了么红包:7.00元+【活动支出】替用户承担配送费:3.7元,-,-,-,2.00,金华地区,金华加盟,,,否,-,平台配送
圣比萨（义乌佛堂店）,SBM00007,金华,"8084896088603838743	",饿了么,平台外卖,已完成,2025-10-21 17:59:02,2025-10-21 17:59:02,2025-10-21 17:59:02,饿了么支付-在线支付,,即时单,2025-10-21 17:59:02,10.07,自动出餐,1,否,"点击右上角❤️收藏得小吃[锅巴土豆4颗]（7.00*1）,【任选1+1】9英寸披萨买一送一（64.90*1）,酥皮蛋挞1个（7.00*1）,餐盒（3.00*1）",锅巴土豆4颗+夏威夷风情披萨(9英寸(手拍))+水果嘉年华披萨(9英寸(手拍))+蛋挞1个,,,,非会员,30,,,依据餐量提供餐具,,78.90,33.96,36.20,0.00,0,0,2.44,0.00,2.20,【活动支出】店铺满减:6.00元+【活动支出】单品特价:6.90元+【活动支出】单品特价:4.40元+【活动支出】单品特价:6.90元+【活动支出】饿了么红包:12.00元+【活动支出】替用户承担配送费:2.2元,-,-,-,3.00,金华地区,金华加盟,,,否,-,平台配送
圣比萨（义乌佛堂店）,SBM00007,金华,"8026686088559946102	",饿了么,平台外卖,已完成,2025-10-21 18:00:11,2025-10-21 18:00:11,2025-10-21 18:00:11,饿了么支付-在线支付,,即时单,2025-10-21 18:00:11,10.10,自动出餐,1,否,"【任选1+3】一人食意面随心配（31.90*1）,酥皮蛋挞1个（7.00*1）,餐盒（2.50*1）",蛋挞1个+黄金脆粗薯条小份+盐酥鸡米花小份+意式经典肉酱意面+蛋挞1个,,,,非会员,31,,,无需餐具,,38.90,16.76,14.40,0.00,0,0,1.34,0.00,3.70,【活动支出】单品特价:1.40元+【活动支出】 商家自营销加码:2.00元+【活动支出】饿了么红包:5.00元+【活动支出】精准营销:6.00元+【活动支出】替用户承担配送费:3.7元,-,-,-,2.50,金华地区,金华加盟,,,否,-,平台配送
圣比萨（义乌佛堂店）,SBM00007,金华,"8008280254700304846	",饿了么,平台外卖,已完成,2025-10-21 18:06:02,2025-10-21 18:06:02,2025-10-21 18:06:02,饿了么支付-在线支付,,即时单,2025-10-21 18:06:02,10.10,自动出餐,1,否,"招牌大满贯披萨（41.90*1）,餐盒（1.00*1）",招牌大满贯披萨,,,,非会员,32,,,"不要香菜, / 依据餐量提供餐具",用户申请取消单 其他原因，付了两份的钱，显示只有一份可能卡了然后付了两次,41.90,21.17,13.40,0.00,0,0,1.53,0.00,2.20,【活动支出】店铺满减:1.00元+【活动支出】单品特价:4.40元+【活动支出】 商家自营销加码:0.00元+【活动支出】饿了么红包:8.00元+【活动支出】替用户承担配送费:2.2元,-,-,-,1.00,金华地区,金华加盟,,,否,-,平台配送
圣比萨（义乌佛堂店）,SBM00007,金华,"8094420254591830302	",饿了么,平台外卖,已完成,2025-10-21 18:11:42,2025-10-21 18:11:42,2025-10-21 18:11:42,饿了么支付-在线支付,,即时单,2025-10-21 18:11:42,10.12,自动出餐,1,否,"【任选1+2+1】一人食光土豪披萨套餐（30.90*1）,餐盒（2.00*1）",上校鸡块+深海墨鱼丸3个+日式烧鸟风味一人食盒子披萨+可乐,,,,非会员,33,,,1份餐具,,30.90,17.40,7.40,0.00,0,0,1.30,0.00,2.20,【活动支出】单品特价:0.40元+【活动支出】 商家自营销加码:2.00元+【活动支出】饿了么红包:5.00元+【活动支出】替用户承担配送费:2.2元,-,-,-,2.00,金华地区,金华加盟,,,否,-,平台配送
圣比萨（义乌佛堂店）,SBM00007,金华,"8062556088558270925	",饿了么,平台外卖,已完成,2025-10-21 18:17:10,2025-10-21 18:17:10,2025-10-21 18:17:10,饿了么支付-在线支付,,即时单,2025-10-21 18:17:10,10.22,自动出餐,1,否,"【任选7件套】披萨意面我全都要（54.90*1）,餐盒（2.00*1）",小雪碧+可乐+意式经典肉酱意面+日式烧鸟风味一人食盒子披萨+蛋挞1个+盐酥鸡米花小份+美式黑椒鸡块3只,,,,非会员,34,,,依据餐量提供餐具,,54.90,27.26,17.40,0.00,0,0,2.04,0.00,3.70,【活动支出】店铺满减:1.00元+【活动支出】单品特价:4.40元+【活动支出】饿了么红包:12.00元+【活动支出】替用户承担配送费:3.7元,-,-,-,2.00,金华地区,金华加盟,,,否,-,平台配送
圣比萨（义乌佛堂店）,SBM00007,金华,"8097330254712715617	",饿了么,平台外卖,已完成,2025-10-21 18:30:32,2025-10-21 18:30:32,2025-10-21 18:30:32,饿了么支付-在线支付,,预约单,2025-10-21 19:20:00,4.50,自动出餐,1,否,"【任选1+1+1】一人食光披萨套餐（28.90*1）,酥皮蛋挞1个（7.00*1）,餐盒（2.50*1）",盐酥鸡米花小份+小雪碧+日式烧鸟风味一人食盒子披萨+蛋挞1个,,,,非会员,35,,,放门口就行 / 1份餐具,,35.90,14.06,17.30,0.00,0,0,1.04,0.00,2.70,【活动支出】单品特价:1.40元+【活动支出】单品特价:6.90元+【活动支出】 商家自营销加码:2.00元+【活动支出】粉丝群:2.00元+【活动支出】饿了么红包:5.00元+【活动支出】替用户承担配送费:2.7元,-,-,-,2.50,金华地区,金华加盟,,,否,-,平台配送
圣比萨（义乌佛堂店）,SBM00007,金华,"8039340254713137436	",饿了么,平台外卖,已完成,2025-10-21 19:07:44,2025-10-21 19:07:44,2025-10-21 19:07:44,饿了么支付-在线支付,,即时单,2025-10-21 19:07:44,10.17,自动出餐,1,否,"GO真果榴莲王披萨（44.90*1）,黑椒铁板牛柳意面（29.50*1）,餐盒（2.00*1）",GO真果榴莲王披萨+黑椒铁板牛柳意面,,,,非会员,36,,,依据餐量提供餐具,,74.40,34.07,26.40,0.00,0,0,2.63,0.00,4.90,【活动支出】店铺满减:6.00元+【活动支出】单品特价:4.40元+【活动支出】单品特价:4.00元+【活动支出】饿了么红包:12.00元+【活动支出】替用户承担配送费:4.9元,-,-,-,2.00,金华地区,金华加盟,,,否,-,平台配送
圣比萨（义乌佛堂店）,SBM00007,金华,"8004260254825891254	",饿了么,平台外卖,已完成,2025-10-21 19:30:18,2025-10-21 19:30:18,2025-10-21 19:30:19,饿了么支付-在线支付,,即时单,2025-10-21 19:30:18,9.07,自动出餐,1,否,"【任选1+1+1】一人食光披萨套餐（30.90*1）,餐盒（2.00*1）",盐酥鸡米花小份+可乐+韩式咔滋炸鸡一人食盒子披萨,,,,非会员,37,,,无需餐具,,30.90,14.40,8.40,0.00,0,0,1.20,0.00,3.70,【活动支出】单品特价:1.40元+【活动支出】 商家自营销加码:2.00元+【活动支出】饿了么红包:5.00元+【活动支出】替用户承担配送费:3.7元,-,-,-,2.00,金华地区,金华加盟,,,否,-,平台配送
圣比萨（义乌佛堂店）,SBM00007,金华,"8088556088681429366	",饿了么,平台外卖,已完成,2025-10-21 20:56:46,2025-10-21 20:56:46,2025-10-21 20:56:47,饿了么支付-在线支付,,即时单,2025-10-21 20:56:46,9.10,自动出餐,1,否,"【随心三拼】三重奏一人食盒子披萨[奥尔良风情+韩式咔滋炸鸡+浓情芝士]（29.90*1）,酥皮蛋挞1个（7.00*1）,餐盒（2.50*1）",三拼一人食拼【奥尔良风情】+三拼一人食拼【韩式咔滋炸鸡】+三拼一人食拼【浓情芝士】+蛋挞1个,,,,非会员,38,,,依据餐量提供餐具,,36.90,14.54,18.30,0.00,0,0,1.06,0.00,2.20,【活动支出】单品特价:4.40元+【活动支出】单品特价:6.90元+【活动支出】饿了么红包:7.00元+【活动支出】替用户承担配送费:2.2元,-,-,-,2.50,金华地区,金华加盟,,,否,-,平台配送
圣比萨（义乌佛堂店）,SBM00007,金华,"8088556088656240051	",饿了么,平台外卖,已完成,2025-10-21 20:57:26,2025-10-21 20:57:26,2025-10-21 20:57:26,饿了么支付-在线支付,,即时单,2025-10-21 20:57:26,9.22,自动出餐,1,否,"【随心双拼】双拼一人食盒子披萨[东大风味香肠+北美乡村土豆培根]（26.90*1）,餐盒（2.00*1）",双拼一人食盒子披萨【东大风味香肠】+双拼一人食盒子披萨【北美乡村土豆培根】,,,,非会员,39,,,依据餐量提供餐具,,26.90,11.96,10.40,0.00,0,0,1.04,0.00,2.20,【活动支出】单品特价:3.40元+【活动支出】 商家自营销加码:2.00元+【活动支出】饿了么红包:5.00元+【活动支出】替用户承担配送费:2.2元,-,-,-,2.00,金华地区,金华加盟,,,否,-,平台配送
圣比萨（义乌佛堂店）,SBM00007,金华,"8019686088684365067	",饿了么,平台外卖,已完成,2025-10-21 21:01:10,2025-10-21 21:01:10,2025-10-21 21:01:11,饿了么支付-在线支付,,即时单,2025-10-21 21:01:10,9.13,自动出餐,1,否,"【随心双拼】双拼一人食盒子披萨[北美乡村土豆培根+韩式咔滋炸鸡]（26.90*1）,餐盒（2.00*1）",双拼一人食盒子披萨【北美乡村土豆培根】+双拼一人食盒子披萨【韩式咔滋炸鸡】,,,,非会员,40,,,依据餐量提供餐具,,26.90,10.66,10.40,0.00,0,0,1.04,0.00,4.70,【活动支出】单品特价:3.40元+【活动支出】超级会员专享红包:5.00元+【活动支出】 商家自营销加码:2.00元+【活动支出】替用户承担配送费:4.7元,-,-,-,2.00,金华地区,金华加盟,,,否,-,平台配送
圣比萨（义乌佛堂店）,SBM00007,金华,"8087576088629062997	",饿了么,平台外卖,已完成,2025-10-21 21:07:47,2025-10-21 21:07:47,2025-10-21 21:07:47,饿了么支付-在线支付,,即时单,2025-10-21 21:07:47,9.13,自动出餐,1,否,"美式风味烤翅一对（8.00*1）,【任选1+1+1】一人食光披萨套餐（30.90*1）,餐盒（2.00*1）",美式风情烤翅+盐酥鸡米花小份+可乐+热带雨林水果一人食盒子披萨,,,,非会员,41,,,依据餐量提供餐具,,38.90,21.33,9.90,0.00,0,0,1.57,0.00,4.20,【活动支出】店铺满减:1.00元+【活动支出】单品特价:1.40元+【活动支出】饿了么红包:7.50元+【活动支出】替用户承担配送费:4.2元,-,-,-,2.00,金华地区,金华加盟,,,否,-,平台配送
圣比萨（义乌佛堂店）,SBM00007,金华,"8056766088671434107	",饿了么,平台外卖,已完成,2025-10-21 21:31:36,2025-10-21 21:31:36,2025-10-21 21:31:36,饿了么支付-在线支付,,即时单,2025-10-21 21:31:36,9.10,自动出餐,1,否,"美式风味烤翅一对（8.00*1）,酥皮蛋挞1个（7.00*1）,榴莲多多一人食盒子披萨（30.90*1）,餐盒（1.50*1）",美式风情烤翅+蛋挞1个+榴莲多多一人食盒子披萨,,,,非会员,42,,,依据餐量提供餐具,,45.90,18.24,18.30,0.00,0,0,1.46,0.00,5.20,【活动支出】单品特价:6.90元+【活动支出】单品特价:4.40元+【活动支出】 商家自营销加码:2.00元+【活动支出】饿了么红包:5.00元+【活动支出】替用户承担配送费:5.2元,-,-,-,1.50,金华地区,金华加盟,,,否,-,平台配送
圣比萨（义乌佛堂店）,SBM00007,金华,"8083300254875397443	",饿了么,平台外卖,已完成,2025-10-21 22:26:00,2025-10-21 22:26:00,2025-10-21 22:26:00,饿了么支付-在线支付,,即时单,2025-10-21 22:26:00,9.15,自动出餐,1,否,"黑椒铁板牛柳意面（29.50*1）,餐盒（1.00*1）",黑椒铁板牛柳意面,,,,非会员,43,,,依据餐量提供餐具,,29.50,10.36,11.00,0.00,0,0,1.04,0.00,5.20,【活动支出】单品特价:4.00元+【活动支出】饿了么红包:7.00元+【活动支出】替用户承担配送费:5.2元,-,-,-,1.00,金华地区,金华加盟,,,否,-,平台配送
圣比萨（临安店）,SBM00043,杭州,"8000340253895049638	",饿了么,平台外卖,已完成,2025-10-19 23:36:08,2025-10-19 23:36:08,2025-10-19 23:36:09,饿了么支付-在线支付,,预约单,2025-10-21 11:30:00,682.65,手动出餐,1,否,"奶酪芝士卷边（9英寸）（6.90*1）,新奥尔良烤鸡肉披萨-9英寸(手拍)[{""name"":""规格"",""value"":""9英寸(手拍)""}]（33.90*1）",奶酪芝士卷边9+新奥尔良烤鸡肉披萨,,,,非会员,1,,,依据餐量提供餐具,,40.80,23.45,7.00,0.00,0,0,1.45,0.00,5.10,【活动支出】店铺满减:1.00元+【活动支出】首次光顾立减:1.00元+【活动支出】饿了么红包:5.00元+【活动支出】替用户承担配送费:5.0元,-,-,-,0.00,杭州区域,杭州加盟,,,否,-,平台配送
圣比萨（临安店）,SBM00043,杭州,"8013460254441183708	",饿了么,平台外卖,已完成,2025-10-21 09:27:20,2025-10-21 09:27:20,2025-10-21 09:27:20,饿了么支付-在线支付,,预约单,2025-10-21 10:25:00,12.82,自动出餐,1,否,"点击右上角❤️免费得小吃（限一份，多点不送）[上校鸡块2个]（0.20*1）,新奥尔良烤鸡肉披萨-9英寸(手拍)[{""name"":""规格"",""value"":""9英寸(手拍)""}]（33.90*1）",上校鸡块2个+新奥尔良烤鸡肉披萨,,,,非会员,2,,,依据餐量提供餐具,,34.10,17.91,8.00,0.00,0,0,1.09,0.00,3.30,【活动支出】订单集点返红包:3.00元+【活动支出】饿了么红包:5.00元+【活动支出】替用户承担配送费:3.3元,-,-,-,0.00,杭州区域,杭州加盟,,,否,-,平台配送
圣比萨（临安店）,SBM00043,杭州,"8090290254456394161	",饿了么,平台外卖,已完成,2025-10-21 10:07:41,2025-10-21 10:07:41,2025-10-21 10:07:41,饿了么支付-在线支付,,预约单,2025-10-21 12:55:00,117.78,手动出餐,1,否,"【随心❤️拼】7英寸双拼披萨（口味自选）[碳烤鸡肉培根+浪漫威尼斯]（27.90*1）,奶酪芝士卷边（7英寸）（4.90*1）",双拼7寸【碳烤鸡肉培根口味7】+双拼7寸【浪漫威尼斯口味7】+奶酪芝士卷边7,,,,非会员,3,,,依据餐量提供餐具,,32.80,18.57,6.00,0.00,0,0,1.13,0.00,3.30,【活动支出】首次光顾立减:1.00元+【活动支出】超级会员专享红包:5.00元+【活动支出】替用户承担配送费:3.3元,-,-,-,0.00,杭州区域,杭州加盟,,,否,-,平台配送
圣比萨（临安店）,SBM00043,杭州,"8033180254441676046	",饿了么,平台外卖,已完成,2025-10-21 10:20:23,2025-10-21 10:20:23,2025-10-21 10:20:24,饿了么支付-在线支付,,即时单,2025-10-21 10:20:23,12.15,自动出餐,1,否,"奥尔良风情烤鸡肉一人食盒子披萨（23.90*1）,川香脆皮翅根-1个[{""name"":""规格"",""value"":""1个""}]（6.90*1）",奥尔良风情烤鸡肉一人食盒子披萨,,,,非会员,4,,,谢谢 / 依据餐量提供餐具；手机尾号：8203；接力送,,30.80,13.03,9.91,0.00,0,0,0.96,0.00,5.10,【活动支出】首次光顾立减:1.00元+【活动支出】单品特价:3.91元+【活动支出】饿了么红包:5.00元+【活动支出】替用户承担配送费:5.0元,-,-,-,0.00,杭州区域,杭州加盟,,,否,-,平台配送
圣比萨（临安店）,SBM00043,杭州,"8015490254451274067	",饿了么,平台外卖,已完成,2025-10-21 10:40:59,2025-10-21 10:40:59,2025-10-21 10:40:59,饿了么支付-在线支付,,即时单,2025-10-21 10:40:59,10.03,手动出餐,1,否,"点击右上角❤️免费得小吃（限一份，多点不送）[上校鸡块2个]（0.20*1）,【任选】披萨随心配（31.90*1）",上校鸡块2个+新奥尔良烤鸡肉披萨(7英寸(手拍))+地道肠1根+小可乐,,,,非会员,5,,,依据餐量提供餐具；手机尾号：2165；接力送,,32.10,16.56,7.00,0.00,0,0,1.04,0.00,5.90,【活动支出】下单返红包:2.00元+【活动支出】饿了么红包:5.00元+【活动支出】替用户承担配送费:5.0元,-,-,-,0.00,杭州区域,杭州加盟,,,否,-,平台配送
圣比萨（临安店）,SBM00043,杭州,"8009756088384419317	",饿了么,平台外卖,已完成,2025-10-21 10:47:31,2025-10-21 10:47:31,2025-10-21 10:47:32,饿了么支付-在线支付,,即时单,2025-10-21 10:47:31,8.93,手动出餐,1,否,"奥尔良风情烤鸡肉一人食盒子披萨（23.90*1）,点击右上角❤️免费得小吃（限一份，多点不送）[上校鸡块2个]（0.20*1）,川香脆皮翅根-1个[{""name"":""规格"",""value"":""1个""}]（6.90*1）",奥尔良风情烤鸡肉一人食盒子披萨+上校鸡块2个,,,,非会员,6,,,依据餐量提供餐具；手机尾号：9854；接力送,,31.00,13.23,9.91,0.00,0,0,0.96,0.00,5.10,【活动支出】首次光顾立减:1.00元+【活动支出】单品特价:3.91元+【活动支出】饿了么红包:5.00元+【活动支出】替用户承担配送费:5.0元,-,-,-,0.00,杭州区域,杭州加盟,,,否,-,平台配送
圣比萨（临安店）,SBM00043,杭州,"8084976088334138842	",饿了么,平台外卖,已完成,2025-10-21 10:57:46,2025-10-21 10:57:46,2025-10-21 10:57:47,饿了么支付-在线支付,,即时单,2025-10-21 10:57:46,7.38,手动出餐,1,否,"点击右上角❤️免费得小吃（限一份，多点不送）[上校鸡块2个]（0.20*1）,【任选】披萨随心配（31.90*1）",上校鸡块2个+玉米沙拉披萨(7英寸(手拍))+地道肠1根+小可乐,,,,非会员,7,,,依据餐量提供餐具；手机尾号：5026；接力送,,32.10,17.32,6.00,0.00,0,0,1.08,0.00,5.90,【活动支出】首次光顾立减:1.00元+【活动支出】CPS商户叠加券:0.00元+【活动支出】饿了么红包:5.00元+【活动支出】替用户承担配送费:5.0元,-,-,-,0.00,杭州区域,杭州加盟,,,否,-,平台配送
圣比萨（临安店）,SBM00043,杭州,"8022616088337194370	",饿了么,平台外卖,已完成,2025-10-21 11:00:41,2025-10-21 11:00:41,2025-10-21 11:00:42,饿了么支付-在线支付,,即时单,2025-10-21 11:00:41,5.23,手动出餐,1,否,黑椒牛肉意面（30.90*1）,黑椒牛肉意面,,,,非会员,8,,,1份餐具；手机尾号：0580；接力送,,30.90,15.22,7.00,0.00,0,0,0.98,0.00,5.10,【活动支出】下单返红包:2.00元+【活动支出】饿了么红包:5.00元+【活动支出】替用户承担配送费:5.0元,-,-,-,0.00,杭州区域,杭州加盟,,,否,-,平台配送
圣比萨（临安店）,SBM00043,杭州,"8049300254495783234	",饿了么,平台外卖,已完成,2025-10-21 11:05:32,2025-10-21 11:05:32,2025-10-21 11:05:33,饿了么支付-在线支付,,预约单,2025-10-21 11:55:00,4.50,自动出餐,1,否,"点击右上角❤️免费得小吃（限一份，多点不送）[上校鸡块2个]（0.20*1）,️【任选】意面随心配（31.90*1）",上校鸡块2个+小雪碧+深海墨鱼丸(3个)+招牌肉酱意面,,,,非会员,9,,,依据餐量提供餐具,,32.10,16.36,7.00,0.00,0,0,1.04,0.00,5.10,【活动支出】下单返红包:2.00元+【活动支出】饿了么红包:5.00元+【活动支出】替用户承担配送费:5.0元,-,-,-,0.00,杭州区域,杭州加盟,,,否,-,平台配送
圣比萨（临安店）,SBM00043,杭州,"8095766088407526701	",饿了么,平台外卖,已完成,2025-10-21 11:09:30,2025-10-21 11:09:30,2025-10-21 11:09:30,饿了么支付-在线支付,,即时单,2025-10-21 11:09:30,6.90,手动出餐,1,否,【随心❤️拼】7英寸双拼披萨（口味自选）[新奥尔良烤鸡肉+碳烤鸡肉培根]（27.90*1）,双拼7寸【奥尔良口味7】+双拼7寸【碳烤鸡肉培根口味7】,,,,非会员,10,,,依据餐量提供餐具；手机尾号：1397；接力送,,27.90,14.04,6.00,0.00,0,0,0.96,0.00,5.10,【活动支出】首次光顾立减:1.00元+【活动支出】饿了么红包:5.00元+【活动支出】替用户承担配送费:5.0元,-,-,-,0.00,杭州区域,杭州加盟,,,否,-,平台配送
圣比萨（临安店）,SBM00043,杭州,"8058380254578587942	",饿了么,平台外卖,已完成,2025-10-21 11:11:31,2025-10-21 11:11:31,2025-10-21 11:11:31,饿了么支付-在线支付,,即时单,2025-10-21 11:11:31,6.98,手动出餐,1,否,【随心❤️拼】7英寸双拼披萨（口味自选）[新奥尔良烤鸡肉+浪漫威尼斯]（27.90*1）,双拼7寸【奥尔良口味7】+双拼7寸【浪漫威尼斯口味7】,,,,非会员,11,,,不要香菜 / 依据餐量提供餐具,,27.90,12.44,8.00,0.00,0,0,0.96,0.00,3.30,【活动支出】订单集点返红包:3.00元+【活动支出】饿了么红包:5.00元+【活动支出】替用户承担配送费:3.3元,-,-,-,0.00,杭州区域,杭州加盟,,,否,-,平台配送
圣比萨（临安店）,SBM00043,杭州,"8002050254590374374	",饿了么,平台外卖,已完成,2025-10-21 11:19:47,2025-10-21 11:19:47,2025-10-21 11:19:47,饿了么支付-在线支付,,即时单,2025-10-21 11:19:47,6.35,手动出餐,1,否,"新奥尔良烤鸡肉披萨-7英寸(手拍)[{""name"":""规格"",""value"":""7英寸(手拍)""}]（25.90*1）",新奥尔良烤鸡肉披萨,,,,非会员,12,,,依据餐量提供餐具,,25.90,11.84,6.00,0.00,0,0,0.96,0.00,5.10,【活动支出】首次光顾立减:1.00元+【活动支出】饿了么红包:5.00元+【活动支出】替用户承担配送费:5.0元,-,-,-,0.00,杭州区域,杭州加盟,,,否,-,平台配送
圣比萨（临安店）,SBM00043,杭州,"8026806088402483547	",饿了么,平台外卖,已完成,2025-10-21 11:22:15,2025-10-21 11:22:15,2025-10-21 11:22:15,饿了么支付-在线支付,,即时单,2025-10-21 11:22:15,7.63,手动出餐,1,否,"点击右上角❤️免费得小吃（限一份，多点不送）[上校鸡块2个]（0.20*1）,川香脆皮翅根-1个[{""name"":""规格"",""value"":""1个""}]（6.90*1）,【任选】披萨随心配（34.80*1）",上校鸡块2个+新奥尔良烤鸡肉披萨(7英寸(手拍))+盐酥鸡粒+小可乐,,,,非会员,13,,,依据餐量提供餐具,,41.90,22.32,9.91,0.00,0,0,1.37,0.00,5.90,【活动支出】首次光顾立减:1.00元+【活动支出】单品特价:3.91元+【活动支出】饿了么红包:5.00元+【活动支出】替用户承担配送费:5.0元,-,-,-,0.00,杭州区域,杭州加盟,,,否,-,平台配送
圣比萨（临安店）,SBM00043,杭州,"8049936088366464380	",饿了么,平台外卖,已完成,2025-10-21 11:29:45,2025-10-21 11:29:45,2025-10-21 11:29:45,饿了么支付-在线支付,,即时单,2025-10-21 11:29:45,8.65,手动出餐,1,否,"点击右上角❤️免费得小吃（限一份，多点不送）[上校鸡块2个]（0.20*1）,地道肠（5.90*1）,日式烧鸟风味一人食盒子披萨（23.90*1）",上校鸡块2个+地道肠1根+日式烧鸟风味一人食盒子披萨,,,,非会员,14,,,依据餐量提供餐具,,30.00,15.87,5.00,0.00,0,0,1.03,0.00,6.70,【活动支出】饿了么红包:5.00元+【活动支出】替用户承担配送费:5.0元,-,-,-,0.00,杭州区域,杭州加盟,,,否,-,平台配送
圣比萨（临安店）,SBM00043,杭州,"8069370254602380793	",饿了么,平台外卖,已完成,2025-10-21 11:36:09,2025-10-21 11:36:09,2025-10-21 11:36:09,饿了么支付-在线支付,,即时单,2025-10-21 11:36:09,8.47,手动出餐,1,否,【任选】披萨随心配（31.90*1）,新奥尔良烤鸡肉披萨(7英寸(手拍))+地道肠1根+小可乐,,,,非会员,15,,,依据餐量提供餐具,,31.90,21.28,1.00,0.00,0,0,1.32,0.00,5.10,【活动支出】首次光顾立减:1.00元+【活动支出】替用户承担配送费:5.0元,-,-,-,0.00,杭州区域,杭州加盟,,,否,-,平台配送
圣比萨（临安店）,SBM00043,杭州,"8066846088372275639	",饿了么,平台外卖,已完成,2025-10-21 11:36:23,2025-10-21 11:36:23,2025-10-21 11:36:24,饿了么支付-在线支付,,即时单,2025-10-21 11:36:23,9.70,手动出餐,1,否,奥尔良风情烤鸡肉一人食盒子披萨（23.90*1）,奥尔良风情烤鸡肉一人食盒子披萨,,,,非会员,16,,,依据餐量提供餐具；手机尾号：0600；接力送,,23.90,10.04,6.00,0.00,0,0,0.96,0.00,5.10,【活动支出】首次光顾立减:1.00元+【活动支出】饿了么红包:5.00元+【活动支出】替用户承担配送费:5.0元,-,-,-,0.00,杭州区域,杭州加盟,,,否,-,平台配送
圣比萨（临安店）,SBM00043,杭州,"8063490254539857256	",饿了么,平台外卖,已完成,2025-10-21 11:46:32,2025-10-21 11:46:32,2025-10-21 11:46:32,饿了么支付-在线支付,,即时单,2025-10-21 11:46:32,9.75,手动出餐,1,否,"点击右上角❤️免费得小吃（限一份，多点不送）[上校鸡块2个]（0.20*1）,【随心❤️拼】9英寸双拼披萨（口味自选）[新奥尔良烤鸡肉+碳烤鸡肉培根]（37.90*1）",上校鸡块2个+双拼9寸【奥尔良口味9】+双拼9寸【鸡肉培根口味9】,,,,非会员,17,,,依据餐量提供餐具,,38.10,22.07,7.00,0.00,0,0,1.33,0.00,3.30,【活动支出】店铺满减:1.00元+【活动支出】首次光顾立减:1.00元+【活动支出】饿了么红包:5.00元+【活动支出】替用户承担配送费:3.3元,-,-,-,0.00,杭州区域,杭州加盟,,,否,-,平台配送
圣比萨（临安店）,SBM00043,杭州,"8087716088423155003	",饿了么,平台外卖,已完成,2025-10-21 12:06:28,2025-10-21 12:06:28,2025-10-21 12:06:28,饿了么支付-在线支付,,即时单,2025-10-21 12:06:28,8.23,手动出餐,1,否,"点击右上角❤️免费得小吃（限一份，多点不送）[墨鱼丸1个]（0.20*1）,新奥尔良烤鸡肉披萨-7英寸(手拍)[{""name"":""规格"",""value"":""7英寸(手拍)""}]（25.90*1）",深海墨鱼丸1个+新奥尔良烤鸡肉披萨,,,,非会员,18,,,放进电梯里给我打电话，我不会接但会进电梯拿。 / 依据餐量提供餐具,,26.10,13.64,5.00,0.00,0,0,0.96,0.00,3.30,【活动支出】CPS商户叠加券:0.00元+【活动支出】饿了么红包:5.00元+【活动支出】淘金币:0.00元+【活动支出】替用户承担配送费:3.3元,-,-,-,0.00,杭州区域,杭州加盟,,,否,-,平台配送
圣比萨（临安店）,SBM00043,杭州,"8037946088431243642	",饿了么,平台外卖,已退款,2025-10-21 12:18:55,2025-10-21 12:18:55,2025-10-21 12:18:56,饿了么支付-在线支付,,即时单,2025-10-21 12:18:55,7.60,手动出餐,1,否,"上校鸡块4个（5.90*1）,点击右上角❤️免费得小吃（限一份，多点不送）[上校鸡块2个]（0.20*1）,玉米沙拉披萨-7英寸(手拍)[{""name"":""规格"",""value"":""7英寸(手拍)""}]（25.90*1）",上校鸡块+上校鸡块2个+玉米沙拉披萨,,,,非会员,19,,,依据餐量提供餐具；手机尾号：2223；接力送,"客服仲裁同意退单 骑手已经把餐送到了，不管骑手和商家的事。校园送客服也找不到让我申请退款,客服同意退款",32.00,-2.93,5.00,21.10,0,0,1.13,0.00,5.10,【活动支出】饿了么红包:5.00元+【活动支出】替用户承担配送费:5.0元,-,-,-,0.00,杭州区域,杭州加盟,,,否,-,平台配送
圣比萨（临安店）,SBM00043,杭州,"8072360254570804648	",饿了么,平台外卖,已完成,2025-10-21 12:43:48,2025-10-21 12:43:48,2025-10-21 12:43:48,饿了么支付-在线支付,,即时单,2025-10-21 12:43:48,5.75,手动出餐,1,否,"点击右上角❤️免费得小吃（限一份，多点不送）[墨鱼丸1个]（0.20*1）,番茄培根意面（25.90*1）",深海墨鱼丸1个+番茄培根意面,,,,非会员,20,,,依据餐量提供餐具,,26.10,8.04,10.00,0.00,0,0,0.96,0.00,5.10,【活动支出】精准营销:5.00元+【活动支出】饿了么红包:5.00元+【活动支出】淘金币:0.00元+【活动支出】替用户承担配送费:5.0元,-,-,-,0.00,杭州区域,杭州加盟,,,否,-,平台配送
圣比萨（临安店）,SBM00043,杭州,"8061370254496715202	",饿了么,平台外卖,已完成,2025-10-21 13:53:33,2025-10-21 13:53:33,2025-10-21 13:53:33,饿了么支付-在线支付,,即时单,2025-10-21 13:53:33,7.40,手动出餐,1,否,"玉米沙拉披萨-7英寸(手拍)[{""name"":""规格"",""value"":""7英寸(手拍)""}]（25.90*1）",玉米沙拉披萨,,,,非会员,21,,,依据餐量提供餐具；手机尾号：2229；接力送,,25.90,11.84,6.00,0.00,0,0,0.96,0.00,5.10,【活动支出】首次光顾立减:1.00元+【活动支出】饿了么红包:5.00元+【活动支出】替用户承担配送费:5.0元,-,-,-,0.00,杭州区域,杭州加盟,,,否,-,平台配送
圣比萨（临安店）,SBM00043,杭州,"8081490254683401512	",饿了么,平台外卖,已完成,2025-10-21 14:28:14,2025-10-21 14:28:14,2025-10-21 14:28:15,饿了么支付-在线支付,,即时单,2025-10-21 14:28:14,7.48,手动出餐,1,否,"新奥尔良烤鸡肉披萨-7英寸(手拍)[{""name"":""规格"",""value"":""7英寸(手拍)""}]（25.90*1）",新奥尔良烤鸡肉披萨,,,,非会员,22,,,依据餐量提供餐具,,25.90,12.04,6.00,0.00,0,0,0.96,0.00,4.50,【活动支出】首次光顾立减:1.00元+【活动支出】饿了么红包:5.00元+【活动支出】替用户承担配送费:4.5元,-,-,-,0.00,杭州区域,杭州加盟,,,否,-,平台配送
圣比萨（临安店）,SBM00043,杭州,"8003826088519131629	",饿了么,平台外卖,已完成,2025-10-21 14:30:51,2025-10-21 14:30:51,2025-10-21 14:30:51,饿了么支付-在线支付,,即时单,2025-10-21 14:30:51,9.22,手动出餐,1,否,【随心❤️拼】7英寸双拼披萨（口味自选）[新奥尔良烤鸡肉+碳烤鸡肉培根]（27.90*1）,双拼7寸【奥尔良口味7】+双拼7寸【碳烤鸡肉培根口味7】,,,,非会员,23,,,依据餐量提供餐具,,27.90,14.44,6.00,0.00,0,0,0.96,0.00,3.30,【活动支出】首次光顾立减:1.00元+【活动支出】饿了么红包:5.00元+【活动支出】替用户承担配送费:3.3元,-,-,-,0.00,杭州区域,杭州加盟,,,否,-,平台配送
圣比萨（临安店）,SBM00043,杭州,"8084606088502920668	",饿了么,平台外卖,已完成,2025-10-21 14:48:57,2025-10-21 14:48:57,2025-10-21 14:48:58,饿了么支付-在线支付,,即时单,2025-10-21 14:48:57,9.55,手动出餐,1,否,"点击右上角❤️免费得小吃（限一份，多点不送）[上校鸡块2个]（0.20*1）,【随心❤️拼】9英寸双拼披萨（口味自选）[碳烤鸡肉培根+新奥尔良烤鸡肉]（37.90*1）",上校鸡块2个+双拼9寸【鸡肉培根口味9】+双拼9寸【奥尔良口味9】,,,,非会员,24,,,家有宠物放在门口，不要敲门，不要放玉米/ 依据餐量提供餐具,,38.10,23.30,6.00,0.00,0,0,1.40,0.00,3.30,【活动支出】店铺满减:1.00元+【活动支出】饿了么红包:5.00元+【活动支出】替用户承担配送费:3.3元,-,-,-,0.00,杭州区域,杭州加盟,,,否,-,平台配送
圣比萨（临安店）,SBM00043,杭州,"8087130254707904940	",饿了么,平台外卖,已完成,2025-10-21 15:41:17,2025-10-21 15:41:17,2025-10-21 15:41:17,饿了么支付-在线支付,,即时单,2025-10-21 15:41:17,9.70,手动出餐,1,否,"新奥尔良烤鸡肉披萨-7英寸(手拍)[{""name"":""规格"",""value"":""7英寸(手拍)""}]（25.90*1）,奶酪芝士卷边（7英寸）（4.90*1）",新奥尔良烤鸡肉披萨+奶酪芝士卷边7,,,,非会员,25,,,"多辣, 多辣, 多辣, 多辣，能多送份一次性手套吗 / 依据餐量提供餐具；手机尾号：2907；接力送",,30.80,16.75,6.00,0.00,0,0,1.05,0.00,5.10,【活动支出】首次光顾立减:1.00元+【活动支出】饿了么红包:5.00元+【活动支出】替用户承担配送费:5.1元,-,-,-,0.00,杭州区域,杭州加盟,,,否,-,平台配送
圣比萨（临安店）,SBM00043,杭州,"8027340254709860791	",饿了么,平台外卖,已完成,2025-10-21 15:54:45,2025-10-21 15:54:45,2025-10-21 15:54:45,饿了么支付-在线支付,,预约单,2025-10-21 16:45:00,5.38,自动出餐,1,否,"点击右上角❤️免费得小吃（限一份，多点不送）[墨鱼丸1个]（0.20*1）,【随心❤️拼】7英寸双拼披萨（口味自选）[浪漫威尼斯+碳烤鸡肉培根]（27.90*1）,奶酪芝士卷边（7英寸）（4.90*1）",深海墨鱼丸1个+双拼7寸【浪漫威尼斯口味7】+双拼7寸【碳烤鸡肉培根口味7】+奶酪芝士卷边7,,,,非会员,26,,,依据餐量提供餐具；手机尾号：0447；接力送,,33.00,17.90,7.00,0.00,0,0,1.10,0.00,5.10,【活动支出】下单返红包:2.00元+【活动支出】饿了么红包:5.00元+【活动支出】替用户承担配送费:5.1元,-,-,-,0.00,杭州区域,杭州加盟,,,否,-,平台配送
圣比萨（临安店）,SBM00043,杭州,"8051380254610837870	",饿了么,平台外卖,已完成,2025-10-21 15:58:51,2025-10-21 15:58:51,2025-10-21 15:58:51,饿了么支付-在线支付,,即时单,2025-10-21 15:58:51,10.62,手动出餐,1,否,"新奥尔良烤鸡肉披萨-7英寸(手拍)[{""name"":""规格"",""value"":""7英寸(手拍)""}]（25.90*1）",新奥尔良烤鸡肉披萨,,,,非会员,27,,,依据餐量提供餐具,,25.90,12.74,6.00,0.00,0,0,0.96,0.00,3.30,【活动支出】首次光顾立减:1.00元+【活动支出】饿了么红包:5.00元+【活动支出】替用户承担配送费:3.3元,-,-,-,0.00,杭州区域,杭州加盟,,,否,-,平台配送
圣比萨（临安店）,SBM00043,杭州,"8016536088534248764	",饿了么,平台外卖,已完成,2025-10-21 16:30:21,2025-10-21 16:30:21,2025-10-21 16:30:21,饿了么支付-在线支付,,即时单,2025-10-21 16:30:21,10.12,手动出餐,1,否,【随心❤️拼】7英寸双拼披萨（口味自选）[新奥尔良烤鸡肉+碳烤鸡肉培根]（27.90*1）,双拼7寸【奥尔良口味7】+双拼7寸【碳烤鸡肉培根口味7】,,,,非会员,28,,,依据餐量提供餐具,,27.90,14.74,6.00,0.00,0,0,0.96,0.00,3.30,【活动支出】首次光顾立减:1.00元+【活动支出】饿了么红包:5.00元+【活动支出】替用户承担配送费:3.3元,-,-,-,0.00,杭州区域,杭州加盟,,,否,-,平台配送
圣比萨（临安店）,SBM00043,杭州,"8014836088536086992	",饿了么,平台外卖,已完成,2025-10-21 16:42:49,2025-10-21 16:42:49,2025-10-21 16:42:49,饿了么支付-在线支付,,即时单,2025-10-21 16:42:49,8.88,手动出餐,1,否,【随心❤️拼】7英寸双拼披萨（口味自选）[缤纷水果+新奥尔良烤鸡肉]（27.90*1）,双拼7寸【缤纷水果口味7】+双拼7寸【奥尔良口味7】,,,,非会员,29,,,无需餐具,,27.90,14.74,6.00,0.00,0,0,0.96,0.00,3.90,【活动支出】首次光顾立减:1.00元+【活动支出】饿了么红包:5.00元+【活动支出】替用户承担配送费:3.9元,-,-,-,0.00,杭州区域,杭州加盟,,,否,-,平台配送
圣比萨（临安店）,SBM00043,杭州,"8076746088518772128	",饿了么,平台外卖,已完成,2025-10-21 16:46:01,2025-10-21 16:46:01,2025-10-21 16:46:02,饿了么支付-在线支付,,即时单,2025-10-21 16:46:01,10.05,手动出餐,1,否,"点击右上角❤️免费得小吃（限一份，多点不送）[墨鱼丸1个]（0.20*1）,芬达[冷]（5.00*1）,【随心❤️拼】9英寸双拼披萨（口味自选）[日系照烧鸡+新奥尔良烤鸡肉]（37.90*1）",深海墨鱼丸1个+小芬达+双拼9寸【日系照烧口味9】+双拼9寸【奥尔良口味9】,,,,非会员,30,,,依据餐量提供餐具；手机尾号：9291；接力送,,43.10,26.11,7.00,0.00,0,0,1.59,0.00,5.90,【活动支出】店铺满减:1.00元+【活动支出】首次光顾立减:1.00元+【活动支出】饿了么红包:5.00元+【活动支出】替用户承担配送费:5.9元,-,-,-,0.00,杭州区域,杭州加盟,,,否,-,平台配送
圣比萨（临安店）,SBM00043,杭州,"8059280254640686532	",饿了么,平台外卖,已完成,2025-10-21 17:05:18,2025-10-21 17:05:18,2025-10-21 17:05:18,饿了么支付-在线支付,,即时单,2025-10-21 17:05:18,10.62,手动出餐,1,否,️【任选】意面随心配（31.90*1）,小雪碧+深海墨鱼丸(3个)+招牌肉酱意面,,,,非会员,31,,,请放外卖柜，不然找不到我直接差评了 / 依据餐量提供餐具,,31.90,17.60,6.00,0.00,0,0,1.10,0.00,5.10,【活动支出】首次光顾立减:1.00元+【活动支出】超级会员专享红包:5.00元+【活动支出】替用户承担配送费:5.1元,-,-,-,0.00,杭州区域,杭州加盟,,,否,-,平台配送
圣比萨（临安店）,SBM00043,杭州,"8001806088518088060	",饿了么,平台外卖,已完成,2025-10-21 17:07:02,2025-10-21 17:07:02,2025-10-21 17:07:02,饿了么支付-在线支付,,即时单,2025-10-21 17:07:02,11.47,手动出餐,1,否,【随心❤️拼】7英寸双拼披萨（口味自选）[新奥尔良烤鸡肉+碳烤鸡肉培根]（27.90*1）,双拼7寸【奥尔良口味7】+双拼7寸【碳烤鸡肉培根口味7】,,,,非会员,32,,,依据餐量提供餐具；手机尾号：5234；接力送,,27.90,14.54,6.00,0.00,0,0,0.96,0.00,5.90,【活动支出】首次光顾立减:1.00元+【活动支出】CPS商户叠加券:0.00元+【活动支出】饿了么红包:5.00元+【活动支出】替用户承担配送费:5.9元,-,-,-,0.00,杭州区域,杭州加盟,,,否,-,平台配送
圣比萨（临安店）,SBM00043,杭州,"8023966088556290415	",饿了么,平台外卖,已完成,2025-10-21 17:14:12,2025-10-21 17:14:12,2025-10-21 17:14:13,饿了么支付-在线支付,,即时单,2025-10-21 17:14:12,6.63,手动出餐,1,否,️【任选】意面随心配（34.80*1）,小可乐+盐酥鸡粒+番茄牛肉意面,,,,非会员,33,,,依据餐量提供餐具,,34.80,19.06,6.00,0.00,0,0,1.24,0.00,7.50,【活动支出】首次光顾立减:1.00元+【活动支出】饿了么红包:5.00元+【活动支出】替用户承担配送费:6.0元,-,-,-,0.00,杭州区域,杭州加盟,,,否,-,平台配送
圣比萨（临安店）,SBM00043,杭州,"8058826088533394743	",饿了么,平台外卖,已完成,2025-10-21 17:36:19,2025-10-21 17:36:19,2025-10-21 17:36:19,饿了么支付-在线支付,,即时单,2025-10-21 17:36:19,9.68,手动出餐,1,否,【任选】披萨随心配（31.90*1）,新奥尔良烤鸡肉披萨(7英寸(手拍))+上校鸡块+小可乐,,,,非会员,34,,,依据餐量提供餐具,,31.90,18.00,6.00,0.00,0,0,1.10,0.00,3.90,【活动支出】首次光顾立减:1.00元+【活动支出】饿了么红包:5.00元+【活动支出】替用户承担配送费:3.9元,-,-,-,0.00,杭州区域,杭州加盟,,,否,-,平台配送
圣比萨（临安店）,SBM00043,杭州,"8076080254687374840	",饿了么,平台外卖,已完成,2025-10-21 17:44:13,2025-10-21 17:44:13,2025-10-21 17:44:13,饿了么支付-在线支付,,即时单,2025-10-21 17:44:13,12.23,自动出餐,1,否,【任选】披萨随心配（31.90*1）,新奥尔良烤鸡肉披萨(7英寸(手拍))+上校鸡块+小可乐,,,,非会员,35,,,无需餐具,,31.90,18.95,5.00,0.00,0,0,1.15,0.00,3.30,【活动支出】饿了么红包:5.00元+【活动支出】替用户承担配送费:3.3元,-,-,-,0.00,杭州区域,杭州加盟,,,否,-,平台配送
圣比萨（临安店）,SBM00043,杭州,"8011330254665608513	",饿了么,平台外卖,已完成,2025-10-21 17:47:19,2025-10-21 17:47:19,2025-10-21 17:47:20,饿了么支付-在线支付,,即时单,2025-10-21 17:47:19,9.87,手动出餐,1,否,"奶酪芝士卷边（9英寸）（6.90*1）,新奥尔良烤鸡肉披萨-9英寸(手拍)[{""name"":""规格"",""value"":""9英寸(手拍)""}]（33.90*1）,番茄牛肉意面（25.90*1）",奶酪芝士卷边9+新奥尔良烤鸡肉披萨+番茄牛肉意面,,,,非会员,36,,,依据餐量提供餐具,,66.70,42.12,12.00,0.00,0,0,2.48,0.00,3.30,【活动支出】店铺满减:6.00元+【活动支出】首次光顾立减:1.00元+【活动支出】吃货豆兑换的商家券:5.00元+【活动支出】替用户承担配送费:3.3元,-,-,-,0.00,杭州区域,杭州加盟,,,否,-,平台配送
圣比萨（临安店）,SBM00043,杭州,"8051090254585496062	",饿了么,平台外卖,已完成,2025-10-21 17:51:29,2025-10-21 17:51:29,2025-10-21 17:51:29,饿了么支付-在线支付,,即时单,2025-10-21 17:51:29,10.32,手动出餐,1,否,"蛋挞两个（5.90*1）,【随心❤️拼】7英寸双拼披萨（口味自选）[新奥尔良烤鸡肉+日系照烧鸡]（27.90*1）,川香脆皮翅根-1个[{""name"":""规格"",""value"":""1个""}]（6.90*1）",蛋挞+双拼7寸【奥尔良口味7】+双拼7寸【日系照烧口味7】,,,,非会员,37,,,依据餐量提供餐具,,40.70,22.06,9.91,0.00,0,0,1.33,0.00,3.30,【活动支出】首次光顾立减:1.00元+【活动支出】单品特价:3.91元+【活动支出】饿了么红包:5.00元+【活动支出】替用户承担配送费:3.3元,-,-,-,0.00,杭州区域,杭州加盟,,,否,-,平台配送
圣比萨（临安店）,SBM00043,杭州,"8096716088541001020	",饿了么,平台外卖,已完成,2025-10-21 17:51:35,2025-10-21 17:51:35,2025-10-21 17:51:35,饿了么支付-在线支付,,即时单,2025-10-21 17:51:35,12.07,自动出餐,1,否,【随心❤️拼】7英寸双拼披萨（口味自选）[新奥尔良烤鸡肉+玉米沙拉]（27.90*1）,双拼7寸【奥尔良口味7】+双拼7寸【玉米沙拉口味7】,,,,非会员,38,,,1份餐具,,27.90,14.74,6.00,0.00,0,0,0.96,0.00,3.30,【活动支出】首次光顾立减:1.00元+【活动支出】饿了么红包:5.00元+【活动支出】替用户承担配送费:3.3元,-,-,-,0.00,杭州区域,杭州加盟,,,否,-,平台配送
圣比萨（临安店）,SBM00043,杭州,"8068756088564764030	",饿了么,平台外卖,已完成,2025-10-21 18:04:43,2025-10-21 18:04:43,2025-10-21 18:04:43,饿了么支付-在线支付,,即时单,2025-10-21 18:04:43,12.12,自动出餐,1,否,【任选】一人食盒子披萨随心配（32.80*1）,小雪碧+日式烧鸟风味一人食盒子披萨+经典薯条,,,,非会员,39,,,依据餐量提供餐具；手机尾号：1071；接力送,,32.80,17.71,7.00,0.00,0,0,1.09,0.00,5.10,【活动支出】下单返红包:2.00元+【活动支出】饿了么红包:5.00元+【活动支出】替用户承担配送费:5.1元,-,-,-,0.00,杭州区域,杭州加盟,,,否,-,平台配送
圣比萨（临安店）,SBM00043,杭州,"8025876088606251366	",饿了么,平台外卖,已完成,2025-10-21 18:06:26,2025-10-21 18:06:26,2025-10-21 18:06:26,饿了么支付-在线支付,,即时单,2025-10-21 18:06:26,11.70,手动出餐,1,否,"点击右上角❤️免费得小吃（限一份，多点不送）[上校鸡块2个]（0.20*1）,【随心❤️拼】7英寸双拼披萨（口味自选）[日系照烧鸡+浪漫威尼斯]（27.90*1）",上校鸡块2个+双拼7寸【日系照烧口味7】+双拼7寸【浪漫威尼斯口味7】,,,,非会员,40,,,依据餐量提供餐具,,28.10,14.94,6.00,0.00,0,0,0.96,0.00,3.30,【活动支出】首次光顾立减:1.00元+【活动支出】饿了么红包:5.00元+【活动支出】替用户承担配送费:3.3元,-,-,-,0.00,杭州区域,杭州加盟,,,否,-,平台配送
圣比萨（临安店）,SBM00043,杭州,"8091130254697863587	",饿了么,平台外卖,已完成,2025-10-21 18:06:45,2025-10-21 18:06:45,2025-10-21 18:06:45,饿了么支付-在线支付,,即时单,2025-10-21 18:06:45,12.15,自动出餐,1,否,【任选】一人食盒子披萨随心配（29.90*1）,小可乐+奥尔良风情烤鸡肉一人食盒子披萨+深海墨鱼丸(3个),,,,非会员,41,,,依据餐量提供餐具,,29.90,16.10,6.00,0.00,0,0,1.00,0.00,3.30,【活动支出】首次光顾立减:1.00元+【活动支出】饿了么红包:5.00元+【活动支出】替用户承担配送费:3.3元,-,-,-,0.00,杭州区域,杭州加盟,,,否,-,平台配送
圣比萨（临安店）,SBM00043,杭州,"8001350254688456091	",饿了么,平台外卖,已完成,2025-10-21 18:18:25,2025-10-21 18:18:25,2025-10-21 18:18:26,饿了么支付-在线支付,,即时单,2025-10-21 18:18:25,12.13,自动出餐,1,否,"奥尔良烤翅（8.90*1）,【随心❤️拼】7英寸双拼披萨（口味自选）[新奥尔良烤鸡肉+新奥尔良烤鸡肉]（27.90*1）,蛋挞一个（3.90*1）",奥尔良烤翅+双拼7寸【奥尔良口味7】+双拼7寸【奥尔良口味7】+蛋挞1个,,,,非会员,42,,,依据餐量提供餐具,,40.70,22.41,8.91,0.00,0,0,1.38,0.00,5.90,【活动支出】店铺满减:1.00元+【活动支出】首次光顾立减:1.00元+【活动支出】单品特价:1.91元+【活动支出】超级会员专享红包:5.00元+【活动支出】替用户承担配送费:5.9元,-,-,-,0.00,杭州区域,杭州加盟,,,否,-,平台配送
圣比萨（临安店）,SBM00043,杭州,"8039586088583314759	",饿了么,平台外卖,已完成,2025-10-21 18:58:27,2025-10-21 18:58:27,2025-10-21 18:58:28,饿了么支付-在线支付,,即时单,2025-10-21 18:58:27,8.22,手动出餐,1,否,"招牌肉酱意面（25.90*1）,蛋挞一个（3.90*1）",招牌肉酱意面+蛋挞1个,,,,非会员,43,,,依据餐量提供餐具,,29.80,14.73,7.91,0.00,0,0,0.96,0.00,3.90,【活动支出】首次光顾立减:1.00元+【活动支出】单品特价:1.91元+【活动支出】饿了么红包:5.00元+【活动支出】替用户承担配送费:3.9元,-,-,-,0.00,杭州区域,杭州加盟,,,否,-,平台配送
圣比萨（临安店）,SBM00043,杭州,"8006040254814156091	",饿了么,平台外卖,已完成,2025-10-21 19:10:11,2025-10-21 19:10:11,2025-10-21 19:10:11,饿了么支付-在线支付,,即时单,2025-10-21 19:10:11,12.02,自动出餐,1,否,"【任选】披萨随心配（31.90*1）,韩式咔滋炸鸡（双拼口味）[招牌甜辣【酱】+奶香芝士【酱】]（15.90*1）",新奥尔良烤鸡肉披萨(7英寸(手拍))+蛋挞+小可乐+韩式无骨炸鸡,,,,非会员,44,,,"对骑手, 不要敲门 / 依据餐量提供餐具",,47.80,29.29,7.00,0.00,0,0,1.81,0.00,8.30,【活动支出】店铺满减:1.00元+【活动支出】首次光顾立减:1.00元+【活动支出】饿了么红包:5.00元+【活动支出】替用户承担配送费:6.0元,-,-,-,0.00,杭州区域,杭州加盟,,,否,-,平台配送
圣比萨（临安店）,SBM00043,杭州,"8062390254628055316	",饿了么,平台外卖,已完成,2025-10-21 19:11:56,2025-10-21 19:11:56,2025-10-21 19:11:56,饿了么支付-在线支付,,即时单,2025-10-21 19:11:56,12.13,自动出餐,1,否,"点击右上角❤️免费得小吃（限一份，多点不送）[上校鸡块2个]（0.20*1）,【随心❤️拼】7英寸双拼披萨（口味自选）[新奥尔良烤鸡肉+日系照烧鸡]（27.90*1）",上校鸡块2个+双拼7寸【奥尔良口味7】+双拼7寸【日系照烧口味7】,,,,非会员,45,,,依据餐量提供餐具；手机尾号：4790；接力送,,28.10,14.54,6.00,0.00,0,0,0.96,0.00,5.10,【活动支出】首次光顾立减:1.00元+【活动支出】饿了么红包:5.00元+【活动支出】替用户承担配送费:5.1元,-,-,-,0.00,杭州区域,杭州加盟,,,否,-,平台配送
圣比萨（临安店）,SBM00043,杭州,"8049936088626495841	",饿了么,平台外卖,已完成,2025-10-21 19:20:20,2025-10-21 19:20:20,2025-10-21 19:20:21,饿了么支付-在线支付,,即时单,2025-10-21 19:20:20,10.28,手动出餐,1,否,【任选】一人食盒子披萨随心配（29.90*1）,小雪碧+日式烧鸟风味一人食盒子披萨+地道肠1根,,,,非会员,46,,,依据餐量提供餐具；手机尾号：7952；接力送,,29.90,15.90,6.00,0.00,0,0,1.00,0.00,5.90,【活动支出】首次光顾立减:1.00元+【活动支出】超级会员专享红包:5.00元+【活动支出】替用户承担配送费:5.9元,-,-,-,0.00,杭州区域,杭州加盟,,,否,-,平台配送
圣比萨（临安店）,SBM00043,杭州,"8083646088628621774	",饿了么,平台外卖,已退款,2025-10-21 19:31:06,2025-10-21 19:31:06,2025-10-21 19:31:06,饿了么支付-在线支付,,即时单,2025-10-21 19:31:06,,未出餐,1,否,"新奥尔良烤鸡肉披萨-7英寸(手拍)[{""name"":""规格"",""value"":""7英寸(手拍)""}]（25.90*1）",新奥尔良烤鸡肉披萨,,,,非会员,47,,,无需餐具,"餐厅同意取消单 ",25.90,-6.66,6.00,19.40,0,0,0.96,0.00,3.30,【活动支出】首次光顾立减:1.00元+【活动支出】吃货豆兑换的商家券:5.00元+【活动支出】替用户承担配送费:3.3元,-,-,-,0.00,杭州区域,杭州加盟,,,否,-,平台配送
圣比萨（临安店）,SBM00043,杭州,"8085020254724346147	",饿了么,平台外卖,已完成,2025-10-21 19:42:10,2025-10-21 19:42:10,2025-10-21 19:42:10,饿了么支付-在线支付,,即时单,2025-10-21 19:42:10,8.65,手动出餐,1,否,"点击右上角❤️免费得小吃（限一份，多点不送）[上校鸡块2个]（0.20*1）,【随心❤️拼】7英寸双拼披萨（口味自选）[新奥尔良烤鸡肉+日系照烧鸡]（27.90*1）",上校鸡块2个+双拼7寸【奥尔良口味7】+双拼7寸【日系照烧口味7】,,,,非会员,48,,,送达放门口按门铃 / 依据餐量提供餐具,,28.10,14.34,6.00,0.00,0,0,0.96,0.00,5.90,【活动支出】首次光顾立减:1.00元+【活动支出】饿了么红包:5.00元+【活动支出】替用户承担配送费:5.9元,-,-,-,0.00,杭州区域,杭州加盟,,,否,-,平台配送
圣比萨（临安店）,SBM00043,杭州,"8086460254649073144	",饿了么,平台外卖,已完成,2025-10-21 19:54:06,2025-10-21 19:54:06,2025-10-21 19:54:06,饿了么支付-在线支付,,即时单,2025-10-21 19:54:06,11.32,手动出餐,1,否,"点击右上角❤️免费得小吃（限一份，多点不送）[上校鸡块2个]（0.20*1）,大圣鸡排[甘梅]（6.90*1）,【随心❤️拼】7英寸双拼披萨（口味自选）[新奥尔良烤鸡肉+碳烤鸡肉培根]（27.90*1）,川香脆皮翅根-1个[{""name"":""规格"",""value"":""1个""}]（6.90*1）,奶酪芝士卷边（7英寸）（4.90*1）",上校鸡块2个+大圣鸡排+双拼7寸【奥尔良口味7】+双拼7寸【碳烤鸡肉培根口味7】+奶酪芝士卷边7,,,,非会员,49,,,依据餐量提供餐具,,46.80,26.31,10.91,0.00,0,0,1.58,0.00,3.30,【活动支出】店铺满减:1.00元+【活动支出】首次光顾立减:1.00元+【活动支出】单品特价:3.91元+【活动支出】CPS商户叠加券:0.00元+【活动支出】饿了么红包:5.00元+【活动支出】替用户承担配送费:3.3元,-,-,-,0.00,杭州区域,杭州加盟,,,否,-,平台配送
圣比萨（临安店）,SBM00043,杭州,"8043310254742408591	",饿了么,平台外卖,已完成,2025-10-21 20:11:35,2025-10-21 20:11:35,2025-10-21 20:11:35,饿了么支付-在线支付,,即时单,2025-10-21 20:11:35,12.00,自动出餐,1,否,【随心❤️拼】9英寸双拼披萨（口味自选）[日系照烧鸡+玉米沙拉]（37.90*1）,双拼9寸【日系照烧口味9】+双拼9寸【玉米沙拉口味9】,,,,非会员,50,,,依据餐量提供餐具,,37.90,23.11,6.00,0.00,0,0,1.39,0.00,3.30,【活动支出】首次光顾立减:1.00元+【活动支出】饿了么红包:5.00元+【活动支出】替用户承担配送费:3.3元,-,-,-,0.00,杭州区域,杭州加盟,,,否,-,平台配送
圣比萨（临安店）,SBM00043,杭州,"8091200254670370051	",饿了么,平台外卖,已完成,2025-10-21 20:55:17,2025-10-21 20:55:17,2025-10-21 20:55:18,饿了么支付-在线支付,,即时单,2025-10-21 20:55:17,11.18,手动出餐,1,否,"芝士翻倍（仅圆形披萨）-7英寸[{""name"":""规格"",""value"":""7英寸""}]（4.90*1）,【任选】披萨意面我全都要（61.90*1）",芝士加倍+日系照烧鸡披萨(7英寸(手拍))+招牌肉酱意面+小芬达+小可乐+地道肠1根+缤纷芝士挞(菠萝味)+深海墨鱼丸(3个),,,,非会员,51,,,依据餐量提供餐具,,66.80,41.41,12.00,0.00,0,0,2.49,0.00,6.70,【活动支出】店铺满减:6.00元+【活动支出】首次光顾立减:1.00元+【活动支出】超级会员专享红包:5.00元+【活动支出】替用户承担配送费:6.0元,-,-,-,0.00,杭州区域,杭州加盟,,,否,-,平台配送
圣比萨（临安店）,SBM00043,杭州,"8075976088660825525	",饿了么,平台外卖,已完成,2025-10-21 21:01:03,2025-10-21 21:01:03,2025-10-21 21:01:03,饿了么支付-在线支付,,即时单,2025-10-21 21:01:03,12.02,自动出餐,1,否,【任选】披萨随心配（31.90*1）,新奥尔良烤鸡肉披萨(7英寸(手拍))+蛋挞+小可乐,,,,非会员,52,,,依据餐量提供餐具,,31.90,17.50,6.00,0.00,0,0,1.10,0.00,5.30,【活动支出】首次光顾立减:1.00元+【活动支出】饿了么红包:5.00元+【活动支出】替用户承担配送费:5.3元,-,-,-,0.00,杭州区域,杭州加盟,,,否,-,平台配送
圣比萨（临安店）,SBM00043,杭州,"8093716088663968232	",饿了么,平台外卖,已完成,2025-10-21 21:15:12,2025-10-21 21:15:12,2025-10-21 21:15:12,饿了么支付-在线支付,,即时单,2025-10-21 21:15:12,8.88,手动出餐,1,否,"地道肠（5.90*1）,【随心❤️拼】7英寸双拼披萨（口味自选）[缤纷水果+玉米沙拉]（27.90*1）",地道肠1根+双拼7寸【缤纷水果口味7】+双拼7寸【玉米沙拉口味7】,,,,非会员,53,,,依据餐量提供餐具,,33.80,17.01,6.00,0.00,0,0,1.19,0.00,12.40,【活动支出】首次光顾立减:1.00元+【活动支出】饿了么红包:5.00元+【活动支出】饿了么红包:0.00元+【活动支出】替用户承担配送费:6.0元,-,-,-,0.00,杭州区域,杭州加盟,,,否,-,平台配送
圣比萨（临安店）,SBM00043,杭州,"8022716088631357885	",饿了么,平台外卖,已完成,2025-10-21 21:21:40,2025-10-21 21:21:40,2025-10-21 21:21:40,饿了么支付-在线支付,,即时单,2025-10-21 21:21:40,11.32,手动出餐,1,否,"新奥尔良烤鸡肉披萨-9英寸(手拍)[{""name"":""规格"",""value"":""9英寸(手拍)""}]（33.90*1）",新奥尔良烤鸡肉披萨,,,,非会员,54,,,依据餐量提供餐具,,33.90,18.36,5.00,0.00,0,0,1.24,0.00,10.30,【活动支出】超级会员专享红包:5.00元+【活动支出】饿了么红包:0.00元+【活动支出】替用户承担配送费:6.0元,-,-,-,0.00,杭州区域,杭州加盟,,,否,-,平台配送
圣比萨（临安店）,SBM00043,杭州,"8083876088648777984	",饿了么,平台外卖,已完成,2025-10-21 21:21:47,2025-10-21 21:21:47,2025-10-21 21:21:47,饿了么支付-在线支付,,即时单,2025-10-21 21:21:47,11.27,手动出餐,1,否,【任选】一人食盒子披萨随心配（29.90*1）,小芬达+奥尔良风情烤鸡肉一人食盒子披萨+蛋挞,,,,非会员,55,,,无需餐具,,29.90,15.20,6.00,0.00,0,0,1.00,0.00,7.10,【活动支出】首次光顾立减:1.00元+【活动支出】饿了么红包:5.00元+【活动支出】替用户承担配送费:6.0元,-,-,-,0.00,杭州区域,杭州加盟,,,否,-,平台配送
圣比萨（临安店）,SBM00043,杭州,"8048230254863412728	",饿了么,平台外卖,已完成,2025-10-21 21:22:28,2025-10-21 21:22:28,2025-10-21 21:22:28,饿了么支付-在线支付,,即时单,2025-10-21 21:22:28,12.23,自动出餐,1,否,【随心❤️拼】7英寸双拼披萨（口味自选）[新奥尔良烤鸡肉+日系照烧鸡]（27.90*1）,双拼7寸【奥尔良口味7】+双拼7寸【日系照烧口味7】,,,,非会员,56,,,依据餐量提供餐具,,27.90,14.24,6.00,0.00,0,0,0.96,0.00,5.90,【活动支出】首次光顾立减:1.00元+【活动支出】饿了么红包:5.00元+【活动支出】替用户承担配送费:5.9元,-,-,-,0.00,杭州区域,杭州加盟,,,否,-,平台配送
圣比萨（临安店）,SBM00043,杭州,"8031566088668863744	",饿了么,平台外卖,已完成,2025-10-21 21:30:07,2025-10-21 21:30:07,2025-10-21 21:30:08,饿了么支付-在线支付,,即时单,2025-10-21 21:30:07,7.97,手动出餐,1,否,【任选】一人食盒子披萨随心配（29.90*1）,小雪碧+奥尔良风情烤鸡肉一人食盒子披萨+地道肠1根,,,,非会员,57,,,依据餐量提供餐具,,29.90,15.60,6.00,0.00,0,0,1.00,0.00,5.30,【活动支出】首次光顾立减:1.00元+【活动支出】饿了么红包:5.00元+【活动支出】替用户承担配送费:5.3元,-,-,-,0.00,杭州区域,杭州加盟,,,否,-,平台配送
圣比萨（临安店）,SBM00043,杭州,"8020806088690265419	",饿了么,平台外卖,已完成,2025-10-21 21:32:35,2025-10-21 21:32:35,2025-10-21 21:32:35,饿了么支付-在线支付,,即时单,2025-10-21 21:32:35,11.52,手动出餐,1,否,【随心❤️拼】7英寸双拼披萨（口味自选）[新奥尔良烤鸡肉+碳烤鸡肉培根]（27.90*1）,双拼7寸【奥尔良口味7】+双拼7寸【碳烤鸡肉培根口味7】,,,,非会员,58,,,依据餐量提供餐具,,27.90,14.24,6.00,0.00,0,0,0.96,0.00,5.30,【活动支出】首次光顾立减:1.00元+【活动支出】饿了么红包:5.00元+【活动支出】替用户承担配送费:5.3元,-,-,-,0.00,杭州区域,杭州加盟,,,否,-,平台配送
圣比萨（临安店）,SBM00043,杭州,"8092430254786647535	",饿了么,平台外卖,已完成,2025-10-21 21:33:00,2025-10-21 21:33:00,2025-10-21 21:33:00,饿了么支付-在线支付,,即时单,2025-10-21 21:33:00,11.25,手动出餐,1,否,"新奥尔良烤鸡肉披萨-7英寸(手拍)[{""name"":""规格"",""value"":""7英寸(手拍)""}]（25.90*1）",新奥尔良烤鸡肉披萨,,,,非会员,59,,,依据餐量提供餐具,,25.90,12.24,6.00,0.00,0,0,0.96,0.00,5.90,【活动支出】首次光顾立减:1.00元+【活动支出】饿了么红包:5.00元+【活动支出】替用户承担配送费:5.9元,-,-,-,0.00,杭州区域,杭州加盟,,,否,-,平台配送
圣比萨（临安店）,SBM00043,杭州,"8070726088670459313	",饿了么,平台外卖,已完成,2025-10-21 22:36:11,2025-10-21 22:36:11,2025-10-21 22:36:11,饿了么支付-在线支付,,即时单,2025-10-21 22:36:11,11.82,手动出餐,1,否,【随心❤️拼】9英寸双拼披萨（口味自选）[新奥尔良烤鸡肉+碳烤鸡肉培根]（37.90*1）,双拼9寸【奥尔良口味9】+双拼9寸【鸡肉培根口味9】,,,,非会员,60,,,依据餐量提供餐具,,37.90,22.61,6.00,0.00,0,0,1.39,0.00,5.30,【活动支出】首次光顾立减:1.00元+【活动支出】饿了么红包:5.00元+【活动支出】替用户承担配送费:5.3元,-,-,-,0.00,杭州区域,杭州加盟,,,否,-,平台配送
圣比萨（临安店）,SBM00043,杭州,"8017050254697222432	",饿了么,平台外卖,已完成,2025-10-21 22:59:23,2025-10-21 22:59:23,2025-10-21 22:59:23,饿了么支付-在线支付,,即时单,2025-10-21 22:59:23,12.20,自动出餐,1,否,"新奥尔良烤鸡肉披萨-7英寸(手拍)[{""name"":""规格"",""value"":""7英寸(手拍)""}]（25.90*1）,榴莲王披萨-7英寸(手拍)[{""name"":""规格"",""value"":""7英寸(手拍)""}]（33.90*1）,奶酪芝士卷边（7英寸）（4.90*1）,奶酪芝士卷边（7英寸）（4.90*1）",新奥尔良烤鸡肉披萨+榴莲王披萨+奶酪芝士卷边7+奶酪芝士卷边7,,,,非会员,61,,,依据餐量提供餐具,,69.60,44.38,12.00,0.00,0,0,2.62,0.00,5.30,【活动支出】店铺满减:6.00元+【活动支出】首次光顾立减:1.00元+【活动支出】饿了么红包:5.00元+【活动支出】替用户承担配送费:5.3元,-,-,-,0.00,杭州区域,杭州加盟,,,否,-,平台配送
圣比萨（临安店）,SBM00043,杭州,"8028210254786226452	",饿了么,平台外卖,已完成,2025-10-21 23:08:43,2025-10-21 23:08:43,2025-10-21 23:08:43,饿了么支付-在线支付,,即时单,2025-10-21 23:08:43,10.02,手动出餐,1,否,"蛋挞两个（5.90*1）,点击右上角❤️免费得小吃（限一份，多点不送）[上校鸡块2个]（0.20*1）,新奥尔良烤鸡肉披萨-7英寸(手拍)[{""name"":""规格"",""value"":""7英寸(手拍)""}]（25.90*1）",蛋挞+上校鸡块2个+新奥尔良烤鸡肉披萨,,,,非会员,62,,,2份餐具,,32.00,17.20,6.00,0.00,0,0,1.10,0.00,7.10,【活动支出】首次光顾立减:1.00元+【活动支出】饿了么红包:5.00元+【活动支出】饿了么红包:0.00元+【活动支出】替用户承担配送费:6.0元,-,-,-,0.00,杭州区域,杭州加盟,,,否,-,平台配送
圣比萨（临安店）,SBM00043,杭州,"8057856088658068831	",饿了么,平台外卖,已完成,2025-10-21 23:30:41,2025-10-21 23:30:41,2025-10-21 23:30:41,饿了么支付-在线支付,,即时单,2025-10-21 23:30:41,12.07,自动出餐,1,否,"大圣鸡排[香辣]（6.90*1）,【任选】一人食盒子披萨随心配（29.90*1）,蛋挞一个（3.90*1）",大圣鸡排+小可乐+奥尔良风情烤鸡肉一人食盒子披萨+地道肠1根+蛋挞1个,,,,非会员,63,,,依据餐量提供餐具,,40.70,21.41,8.91,0.00,0,0,1.38,0.00,9.50,【活动支出】店铺满减:1.00元+【活动支出】首次光顾立减:1.00元+【活动支出】单品特价:1.91元+【活动支出】CPS商户叠加券:0.00元+【活动支出】饿了么红包:5.00元+【活动支出】淘金币:0.00元+【活动支出】饿了么红包:0.00元+【活动支出】替用户承担配送费:6.0元,-,-,-,0.00,杭州区域,杭州加盟,,,否,-,平台配送
圣比萨（临安店）,SBM00043,杭州,"8050390254809466219	",饿了么,平台外卖,已完成,2025-10-21 23:38:37,2025-10-21 23:38:37,2025-10-21 23:38:38,饿了么支付-在线支付,,即时单,2025-10-21 23:38:37,11.78,手动出餐,1,否,"蛋挞一个（3.90*1）,【任选】买一送一7英寸披萨（61.60*1）",蛋挞1个+大圣招牌大满贯披萨(7英寸(手拍))+炙热牛魔王披萨(7英寸(手拍)),,,,非会员,64,,,依据餐量提供餐具,,65.50,39.16,13.91,0.00,0,0,2.33,0.00,5.30,【活动支出】店铺满减:6.00元+【活动支出】首次光顾立减:1.00元+【活动支出】单品特价:1.91元+【活动支出】饿了么红包:5.00元+【活动支出】替用户承担配送费:5.3元,-,-,-,0.00,杭州区域,杭州加盟,,,否,-,平台配送
圣比萨（临安店）,SBM00043,杭州,"8047656088711907703	",饿了么,平台外卖,已完成,2025-10-21 23:41:42,2025-10-21 23:41:42,2025-10-21 23:41:43,饿了么支付-在线支付,,即时单,2025-10-21 23:41:42,12.22,自动出餐,1,否,"榴莲王披萨-7英寸(手拍)[{""name"":""规格"",""value"":""7英寸(手拍)""}]（33.90*1）",榴莲王披萨,,,,非会员,65,,,依据餐量提供餐具,,33.90,19.40,6.00,0.00,0,0,1.20,0.00,5.30,【活动支出】首次光顾立减:1.00元+【活动支出】饿了么红包:5.00元+【活动支出】替用户承担配送费:5.3元,-,-,-,0.00,杭州区域,杭州加盟,,,否,-,平台配送
圣比萨（临安店）,SBM00043,杭州,"8031170254810701194	",饿了么,平台外卖,已完成,2025-10-21 23:47:52,2025-10-21 23:47:52,2025-10-21 23:47:52,饿了么支付-在线支付,,即时单,2025-10-21 23:47:52,12.12,自动出餐,1,否,"点击右上角❤️免费得小吃（限一份，多点不送）[上校鸡块2个]（0.20*1）,新奥尔良烤鸡肉披萨-7英寸(手拍)[{""name"":""规格"",""value"":""7英寸(手拍)""}]（25.90*1）,蛋挞一个（3.90*1）",上校鸡块2个+新奥尔良烤鸡肉披萨+蛋挞1个,,,,非会员,66,,,依据餐量提供餐具,,30.00,13.43,8.91,0.00,0,0,0.96,0.00,5.30,【活动支出】单品特价:1.91元+【活动支出】下单返红包:2.00元+【活动支出】饿了么红包:5.00元+【活动支出】替用户承担配送费:5.3元,-,-,-,0.00,杭州区域,杭州加盟,,,否,-,平台配送
圣比萨（瓯北店）,SBM00030,温州,"8004130254344896891	",饿了么,平台外卖,已完成,2025-10-21 10:12:47,2025-10-21 10:12:47,2025-10-21 10:12:47,饿了么支付-在线支付,,即时单,2025-10-21 10:12:47,30.57,被动出餐,1,否,"牛肉至尊披萨-9英寸[{""name"":""规格"",""value"":""9英寸""}]（70.00*1）,餐盒（3.00*1）",炙热牛魔王披萨,,,,非会员,1,,,放在门口鞋架上，不用打电话，对骑手，谢啦 / 依据餐量提供餐具,,70.00,30.33,30.30,0.00,0,0,4.12,0.00,3.90,【活动支出】店铺满减:1.00元+【活动支出】单品折扣:20.30元+【活动支出】饿了么红包:9.00元+【活动支出】替用户承担配送费:3.9元,-,-,-,3.00,温州区域,温州加盟,,,否,-,平台配送
圣比萨（瓯北店）,SBM00030,温州,"8035526088353305023	",饿了么,平台外卖,已完成,2025-10-21 10:40:17,2025-10-21 10:40:17,2025-10-21 10:40:18,饿了么支付-在线支付,,即时单,2025-10-21 10:40:17,40.63,被动出餐,1,否,"土豪单人餐[咸+金牌芝士披萨7英寸]（63.00*1）,餐盒（2.00*1）",土豪单人餐[咸+金牌芝士披萨7英寸]+餐盒,,,,非会员,2,,,依据餐量提供餐具,,63.00,19.90,31.05,0.00,0,0,3.20,0.00,7.20,【活动支出】店铺满减:1.00元+【活动支出】单品折扣:22.05元+【活动支出】饿了么红包:8.00元+【活动支出】替用户承担配送费:5.0元,-,-,-,2.00,温州区域,温州加盟,,,否,-,平台配送
圣比萨（瓯北店）,SBM00030,温州,"8053040254362140950	",饿了么,平台外卖,已完成,2025-10-21 10:42:44,2025-10-21 10:42:44,2025-10-21 10:42:44,饿了么支付-在线支付,,即时单,2025-10-21 10:42:44,31.28,被动出餐,1,否,"圣比至尊披萨7英寸（42.00*1）,餐盒（2.00*1）",大圣招牌大满贯披萨【7英寸(手拍)】,,,,非会员,3,,,依据餐量提供餐具,,42.00,14.86,19.60,0.00,0,0,2.19,0.00,5.40,【活动支出】单品折扣:12.60元+【活动支出】 商家自营销加码:1.00元+【活动支出】精准营销红包:1.00元+【活动支出】饿了么红包:5.00元+【活动支出】替用户承担配送费:5.0元,-,-,-,2.00,温州区域,温州加盟,,,否,-,平台配送
圣比萨（瓯北店）,SBM00030,温州,"8087556088325264806	",饿了么,平台外卖,已完成,2025-10-21 10:52:36,2025-10-21 10:52:36,2025-10-21 10:52:37,饿了么支付-在线支付,,即时单,2025-10-21 10:52:36,24.27,被动出餐,1,否,"番茄牛肉意面（52.00*1）,上校鸡块（12.00*1）,餐盒（4.00*1）",番茄牛肉意面+上校鸡块,,,,非会员,4,,,依据餐量提供餐具,,64.00,19.81,38.40,0.00,0,0,2.74,0.00,3.90,【活动支出】店铺满减:1.00元+【活动支出】单品折扣:23.40元+【活动支出】单品折扣:6.00元+【活动支出】饿了么红包:8.00元+【活动支出】替用户承担配送费:3.9元,-,-,-,4.00,温州区域,温州加盟,,,否,-,平台配送
圣比萨（瓯北店）,SBM00030,温州,"8021796088450108789	",饿了么,平台外卖,已完成,2025-10-21 11:51:11,2025-10-21 11:51:11,2025-10-21 11:51:11,饿了么支付-在线支付,,即时单,2025-10-21 11:51:11,30.62,被动出餐,1,否,"新奥尔良烤鸡肉披萨7英寸（42.00*1）,餐盒（2.00*1）",新奥尔良烤鸡肉披萨【7英寸(手拍)】,,,,非会员,5,,,地址是二楼求职书城对面Mardi / 依据餐量提供餐具,,42.00,15.76,19.60,0.00,0,0,2.19,0.00,3.90,【活动支出】单品折扣:12.60元+【活动支出】饿了么红包:7.00元+【活动支出】替用户承担配送费:3.9元,-,-,-,2.00,温州区域,温州加盟,,,否,-,平台配送
圣比萨（瓯北店）,SBM00030,温州,"8070370254522167677	",饿了么,平台外卖,已完成,2025-10-21 11:52:31,2025-10-21 11:52:31,2025-10-21 11:52:31,饿了么支付-在线支付,,即时单,2025-10-21 11:52:31,25.35,被动出餐,1,否,"任选7英寸披萨一份+小吃一份＋饮品（59.00*1）,餐盒（1.00*1）",深海墨鱼丸(3个)+雀巢果珍+缤纷水果披萨7英寸,,,,非会员,6,,,依据餐量提供餐具,,59.00,17.59,33.55,0.00,0,0,2.41,0.00,3.90,【活动支出】单品折扣:26.55元+【活动支出】精准营销红包:1.00元+【活动支出】饿了么红包:6.00元+【活动支出】淘金币:0.00元+【活动支出】替用户承担配送费:3.9元,-,-,-,1.00,温州区域,温州加盟,,,否,-,平台配送
圣比萨（瓯北店）,SBM00030,温州,"8022946088391344600	",饿了么,平台外卖,已完成,2025-10-21 11:56:22,2025-10-21 11:56:22,2025-10-21 11:56:22,饿了么支付-在线支付,,即时单,2025-10-21 11:56:22,30.90,被动出餐,1,否,"开学吃鸡套餐（54.00*1）,餐盒（2.00*1）",开学吃鸡套餐+餐盒,,,,非会员,7,,,依据餐量提供餐具,,54.00,19.00,27.98,0.00,0,0,2.57,0.00,4.40,【活动支出】单品折扣:19.98元+【活动支出】饿了么红包:8.00元+【活动支出】替用户承担配送费:4.4元,-,-,-,2.00,温州区域,温州加盟,,,否,-,平台配送
圣比萨（瓯北店）,SBM00030,温州,"8018060254559227386	",饿了么,平台外卖,已完成,2025-10-21 12:20:33,2025-10-21 12:20:33,2025-10-21 12:20:33,饿了么支付-在线支付,,即时单,2025-10-21 12:20:33,13.97,被动出餐,1,否,"任选7英寸披萨一份+小吃一份＋饮品（59.00*1）,餐盒（1.00*1）",缤纷芝士挞(菠萝味)+港式奶茶+牛肉至尊披萨7英寸,,,,非会员,8,,,依据餐量提供餐具,,59.00,17.59,33.55,0.00,0,0,2.41,0.00,3.90,【活动支出】单品折扣:26.55元+【活动支出】饿了么红包:7.00元+【活动支出】替用户承担配送费:3.9元,-,-,-,1.00,温州区域,温州加盟,,,否,-,平台配送
圣比萨（瓯北店）,SBM00030,温州,"8099656088480068075	",饿了么,平台外卖,已完成,2025-10-21 12:44:44,2025-10-21 12:44:44,2025-10-21 12:44:44,饿了么支付-在线支付,,即时单,2025-10-21 12:44:44,24.32,被动出餐,1,否,"黑椒牛肉芝士焗饭（52.00*1）,餐盒（2.00*1）",黑椒牛肉芝士焗饭,,,,非会员,9,,,依据餐量提供餐具,,52.00,14.74,31.40,0.00,0,0,2.01,0.00,4.40,【活动支出】单品折扣:23.40元+【活动支出】精准营销红包:1.00元+【活动支出】饿了么红包:7.00元+【活动支出】替用户承担配送费:4.4元,-,-,-,2.00,温州区域,温州加盟,,,否,-,平台配送
圣比萨（瓯北店）,SBM00030,温州,"8034686088438911308	",饿了么,平台外卖,已完成,2025-10-21 13:32:58,2025-10-21 13:32:58,2025-10-21 13:32:58,饿了么支付-在线支付,,即时单,2025-10-21 13:32:58,25.33,被动出餐,1,否,"黑椒牛肉芝士焗饭（52.00*1）,餐盒（2.00*1）",黑椒牛肉芝士焗饭,,,,非会员,10,,,依据餐量提供餐具,,52.00,16.83,28.40,0.00,0,0,2.32,0.00,3.90,【活动支出】单品折扣:23.40元+【活动支出】吃货豆兑换的商家券:5.00元+【活动支出】替用户承担配送费:3.9元,-,-,-,2.00,温州区域,温州加盟,,,否,-,平台配送
圣比萨（瓯北店）,SBM00030,温州,"8065150254609925439	",饿了么,平台外卖,已完成,2025-10-21 15:40:13,2025-10-21 15:40:13,2025-10-21 15:40:14,饿了么支付-在线支付,,预约单,2025-10-21 16:50:00,55.98,被动出餐,1,否,"任选7英寸披萨一份+小吃一份＋饮品（59.00*1）,餐盒（1.00*1）",上校鸡块+雀巢果珍+金牌芝士披萨7英寸,,,,非会员,11,,,依据餐量提供餐具,,59.00,18.33,31.55,0.00,0,0,2.67,0.00,4.90,【活动支出】单品折扣:26.55元+【活动支出】饿了么红包:5.00元+【活动支出】替用户承担配送费:4.9元,-,-,-,1.00,温州区域,温州加盟,,,否,-,平台配送
圣比萨（瓯北店）,SBM00030,温州,"8028270254539814287	",饿了么,平台外卖,已完成,2025-10-21 16:34:13,2025-10-21 16:34:13,2025-10-21 16:34:14,饿了么支付-在线支付,,即时单,2025-10-21 16:34:13,59.30,被动出餐,1,否,"圣比至尊披萨7英寸（42.00*1）,餐盒（2.00*1）",大圣招牌大满贯披萨【7英寸(手拍)】,,,,非会员,12,,,依据餐量提供餐具,,42.00,13.45,20.01,0.00,0,0,2.20,0.00,6.60,【活动支出】单品折扣:12.01元+【活动支出】精准营销红包:1.00元+【活动支出】饿了么红包:7.00元+【活动支出】替用户承担配送费:6.0元,-,-,-,2.00,温州区域,温州加盟,,,否,-,平台配送
圣比萨（瓯北店）,SBM00030,温州,"8099420254728157612	",饿了么,平台外卖,已完成,2025-10-21 16:42:38,2025-10-21 16:42:38,2025-10-21 16:42:38,饿了么支付-在线支付,,即时单,2025-10-21 16:42:38,20.33,被动出餐,1,否,"任选7英寸披萨一份+小吃一份＋饮品（59.00*1）,餐盒（1.00*1）",上校鸡块+雀巢果珍+新奥尔良烤鸡肉披萨7英寸,,,,非会员,13,,,依据餐量提供餐具,,59.00,16.19,34.96,0.00,0,0,2.31,0.00,3.90,【活动支出】单品折扣:25.96元+【活动支出】精准营销红包:2.00元+【活动支出】饿了么红包:7.00元+【活动支出】替用户承担配送费:3.9元,-,-,-,1.00,温州区域,温州加盟,,,否,-,平台配送
圣比萨（瓯北店）,SBM00030,温州,"8059060254554345827	",饿了么,平台外卖,已完成,2025-10-21 16:55:31,2025-10-21 16:55:31,2025-10-21 16:55:31,饿了么支付-在线支付,,即时单,2025-10-21 16:55:31,23.27,被动出餐,1,否,"墨鱼丸2个（5.00*1）,超值单人组合餐F-黑饭+鸡肉串+柠檬[{""name"":""规格"",""value"":""黑饭+鸡肉串+柠檬""}]（42.00*1）,餐盒（3.00*1）","墨鱼丸2个+超值单人组合餐F-黑饭+鸡肉串+柠檬[{""name"":""规格"",""value"":""黑饭+鸡肉串+柠檬""}]+餐盒",,,,非会员,14,,,依据餐量提供餐具,,47.00,19.44,20.65,0.00,0,0,2.77,0.00,3.90,【活动支出】店铺满减:1.00元+【活动支出】单品折扣:3.00元+【活动支出】单品折扣:8.65元+【活动支出】饿了么红包:8.00元+【活动支出】替用户承担配送费:3.9元,-,-,-,3.00,温州区域,温州加盟,,,否,-,平台配送
圣比萨（瓯北店）,SBM00030,温州,"8051836088507882986	",饿了么,平台外卖,已完成,2025-10-21 17:00:33,2025-10-21 17:00:33,2025-10-21 17:00:34,饿了么支付-在线支付,,即时单,2025-10-21 17:00:33,40.83,被动出餐,1,否,"缤纷水果披萨7英寸[少糖]（40.00*1）,餐盒（1.00*1）",缤纷水果披萨【7英寸(手拍)】,,,,非会员,15,,,依据餐量提供餐具,,40.00,14.41,18.60,0.00,0,0,2.04,0.00,3.90,【活动支出】单品折扣:10.60元+【活动支出】精准营销红包:1.00元+【活动支出】饿了么红包:7.00元+【活动支出】替用户承担配送费:3.9元,-,-,-,1.00,温州区域,温州加盟,,,否,-,平台配送
圣比萨（瓯北店）,SBM00030,温州,"8018606088514250020	",饿了么,平台外卖,已完成,2025-10-21 17:14:32,2025-10-21 17:14:32,2025-10-21 17:14:32,饿了么支付-在线支付,,即时单,2025-10-21 17:14:32,56.25,被动出餐,1,否,"奥尔良鸡肉培根披萨9英寸（73.00*1）,餐盒（1.00*1）",奥尔良鸡肉培根披萨9英寸+餐盒,,,,非会员,16,,,无需餐具,,73.00,27.49,32.32,0.00,0,0,4.06,0.00,6.00,【活动支出】店铺满减:1.00元+【活动支出】单品折扣:21.32元+【活动支出】精准营销红包:2.00元+【活动支出】饿了么红包:8.00元+【活动支出】替用户承担配送费:6.0元,-,-,-,1.00,温州区域,温州加盟,,,否,-,平台配送
圣比萨（瓯北店）,SBM00030,温州,"8075180254675376549	",饿了么,平台外卖,已完成,2025-10-21 17:23:13,2025-10-21 17:23:13,2025-10-21 17:23:13,饿了么支付-在线支付,,即时单,2025-10-21 17:23:13,55.97,被动出餐,1,否,"金牌墨鱼丸-3个[{""name"":""规格"",""value"":""3个""}]（10.00*1）,开学吃鸡套餐（54.00*1）,餐盒（4.00*1）",深海墨鱼丸,,,,非会员,17,,,依据餐量提供餐具,,64.00,23.51,33.00,0.00,0,0,3.36,0.00,3.90,【活动支出】店铺满减:1.00元+【活动支出】单品折扣:4.40元+【活动支出】单品折扣:19.60元+【活动支出】 商家自营销加码:0.00元+【活动支出】饿了么红包:8.00元+【活动支出】替用户承担配送费:3.9元,-,-,-,4.00,温州区域,温州加盟,,,否,-,平台配送
圣比萨（瓯北店）,SBM00030,温州,"8069480254704279035	",饿了么,平台外卖,已完成,2025-10-21 18:09:59,2025-10-21 18:09:59,2025-10-21 18:09:59,饿了么支付-在线支付,,即时单,2025-10-21 18:09:59,53.40,被动出餐,1,否,"开学吃鸡套餐（54.00*1）,餐盒（2.00*1）",开学吃鸡套餐+餐盒,,,,非会员,18,,,1份餐具,,54.00,17.90,27.60,0.00,0,0,2.67,0.00,4.90,【活动支出】单品折扣:19.60元+【活动支出】饿了么红包:8.00元+【活动支出】替用户承担配送费:4.9元,-,-,-,2.00,温州区域,温州加盟,,,否,-,平台配送
圣比萨（瓯北店）,SBM00030,温州,"8043566088596557125	",饿了么,平台外卖,已完成,2025-10-21 18:58:33,2025-10-21 18:58:33,2025-10-21 18:58:33,饿了么支付-在线支付,,即时单,2025-10-21 18:58:33,20.38,被动出餐,1,否,"开学吃肉套餐（50.00*1）,餐盒（2.00*1）",开学吃肉套餐+餐盒,,,,非会员,19,,,依据餐量提供餐具,,50.00,19.68,22.60,0.00,0,0,2.77,0.00,3.90,【活动支出】单品折扣:14.60元+【活动支出】精准营销红包:1.00元+【活动支出】饿了么红包:7.00元+【活动支出】淘金币:0.00元+【活动支出】替用户承担配送费:3.9元,-,-,-,2.00,温州区域,温州加盟,,,否,-,平台配送
圣比萨（瓯北店）,SBM00030,温州,"8088230254712008163	",饿了么,平台外卖,已完成,2025-10-21 19:12:47,2025-10-21 19:12:47,2025-10-21 19:12:47,饿了么支付-在线支付,,即时单,2025-10-21 19:12:47,21.08,被动出餐,1,否,"任选7英寸披萨一份+小吃一份＋饮品（59.00*1）,餐盒（1.00*1）",上校鸡块+柠檬茶+新奥尔良烤鸡肉披萨7英寸,,,,非会员,20,,,蕃茄酱两包 谢谢 / 依据餐量提供餐具,,59.00,17.08,33.96,0.00,0,0,2.42,0.00,3.90,【活动支出】单品折扣:25.96元+【活动支出】精准营销:1.00元+【活动支出】饿了么红包:7.00元+【活动支出】替用户承担配送费:3.9元,-,-,-,1.00,温州区域,温州加盟,,,否,-,平台配送
圣比萨（瓯北店）,SBM00030,温州,"8001896088593231219	",饿了么,平台外卖,已完成,2025-10-21 19:20:45,2025-10-21 19:20:45,2025-10-21 19:20:46,饿了么支付-在线支付,,即时单,2025-10-21 19:20:45,34.85,被动出餐,1,否,"缤纷水果披萨7英寸[少糖]（40.00*1）,餐盒（1.00*1）",缤纷水果披萨【7英寸(手拍)】,,,,非会员,21,,,依据餐量提供餐具,,40.00,12.91,17.60,0.00,0,0,2.14,0.00,6.00,【活动支出】单品折扣:10.60元+【活动支出】 商家自营销加码:2.00元+【活动支出】饿了么红包:5.00元+【活动支出】替用户承担配送费:6.0元,-,-,-,1.00,温州区域,温州加盟,,,否,-,平台配送
圣比萨（瓯北店）,SBM00030,温州,"8078150254818462079	",饿了么,平台外卖,已完成,2025-10-21 19:24:55,2025-10-21 19:24:55,2025-10-21 19:24:56,饿了么支付-在线支付,,即时单,2025-10-21 19:24:55,30.72,被动出餐,1,否,7英寸披萨买一送一[碳烤鸡肉培根披萨7寸+碳烤鸡肉培根披萨7寸]（86.80*1）,7英寸披萨买一送一[碳烤鸡肉培根披萨7寸+碳烤鸡肉培根披萨7寸],,,,非会员,22,,,依据餐量提供餐具,,86.80,26.64,49.40,0.00,0,0,3.61,0.00,3.90,【活动支出】单品特价:49.40元+【活动支出】替用户承担配送费:3.9元,-,-,-,0.00,温州区域,温州加盟,,,否,-,平台配送
圣比萨（瓯北店）,SBM00030,温州,"8014200254640351531	",饿了么,平台外卖,已完成,2025-10-21 19:34:05,2025-10-21 19:34:05,2025-10-21 19:34:06,饿了么支付-在线支付,,即时单,2025-10-21 19:34:05,33.57,被动出餐,1,否,"任选7英寸披萨一份+小吃一份＋饮品（59.00*1）,餐盒（1.00*1）",上校鸡块+雀巢果珍+牛肉至尊披萨7英寸,,,,非会员,23,,,依据餐量提供餐具,,59.00,17.37,31.96,0.00,0,0,2.63,0.00,5.40,【活动支出】单品折扣:25.96元+【活动支出】超会爆红包省钱包:6.00元+【活动支出】替用户承担配送费:5.4元,-,-,-,1.00,温州区域,温州加盟,,,否,-,平台配送
圣比萨（瓯北店）,SBM00030,温州,"8014200254749459951	",饿了么,平台外卖,已完成,2025-10-21 20:37:35,2025-10-21 20:37:35,2025-10-21 20:37:36,饿了么支付-在线支付,,即时单,2025-10-21 20:37:35,27.60,被动出餐,1,否,"任选7英寸披萨一份+小吃一份＋饮品（59.00*1）,餐盒（1.00*1）",上校鸡块+雀巢果珍+金牌芝士披萨7英寸,,,,非会员,24,,,依据餐量提供餐具,,59.00,18.27,31.96,0.00,0,0,2.63,0.00,4.40,【活动支出】单品折扣:25.96元+【活动支出】超会爆红包省钱包:6.00元+【活动支出】替用户承担配送费:4.4元,-,-,-,1.00,温州区域,温州加盟,,,否,-,平台配送
圣比萨（瓯北店）,SBM00030,温州,"8061906088677584351	",饿了么,平台外卖,已完成,2025-10-21 20:56:42,2025-10-21 20:56:42,2025-10-21 20:56:42,饿了么支付-在线支付,,即时单,2025-10-21 20:56:42,25.68,被动出餐,1,否,"开学吃鸡套餐（54.00*1）,餐盒（2.00*1）",开学吃鸡套餐+餐盒,,,,非会员,25,,,依据餐量提供餐具,,54.00,18.51,28.60,0.00,0,0,2.56,0.00,3.90,【活动支出】单品折扣:19.60元+【活动支出】精准营销红包:1.00元+【活动支出】饿了么红包:8.00元+【活动支出】替用户承担配送费:3.9元,-,-,-,2.00,温州区域,温州加盟,,,否,-,平台配送
圣比萨（瓯北店）,SBM00030,温州,"8069030254757123336	",饿了么,平台外卖,已完成,2025-10-21 21:01:52,2025-10-21 21:01:52,2025-10-21 21:01:52,饿了么支付-在线支付,,即时单,2025-10-21 21:01:52,38.70,被动出餐,1,否,"牛肉至尊披萨7英寸（42.00*1）,餐盒（2.00*1）",炙热牛魔王披萨【7英寸(手拍)】,,,,非会员,26,,,依据餐量提供餐具,,42.00,13.85,20.01,0.00,0,0,2.20,0.00,7.00,【活动支出】单品折扣:12.01元+【活动支出】精准营销红包:1.00元+【活动支出】饿了么红包:7.00元+【活动支出】替用户承担配送费:6.0元,-,-,-,2.00,温州区域,温州加盟,,,否,-,平台配送
圣比萨（瓯北店）,SBM00030,温州,"8094460254763111932	",饿了么,平台外卖,已完成,2025-10-21 21:38:35,2025-10-21 21:38:35,2025-10-21 21:38:36,饿了么支付-在线支付,,即时单,2025-10-21 21:38:35,39.75,被动出餐,1,否,"牛肉至尊披萨-12英寸[{""name"":""规格"",""value"":""12英寸""}]（112.00*1）,餐盒（3.00*1）",炙热牛魔王披萨,,,,非会员,27,,,依据餐量提供餐具,,112.00,50.91,41.92,0.00,0,0,7.36,0.00,8.70,【活动支出】店铺满减:2.00元+【活动支出】单品折扣:31.92元+【活动支出】超会爆红包省钱包:8.00元+【活动支出】替用户承担配送费:6.0元,-,-,-,3.00,温州区域,温州加盟,,,否,-,平台配送
圣比萨（瓯北店）,SBM00030,温州,"8094460254679366950	",饿了么,平台外卖,已完成,2025-10-21 21:40:29,2025-10-21 21:40:29,2025-10-21 21:40:29,饿了么支付-在线支付,,即时单,2025-10-21 21:40:29,37.92,被动出餐,1,否,"碳烤鸡肉培根披萨-12英寸[{""name"":""规格"",""value"":""12英寸""}]（112.00*1）,餐盒（3.00*1）",碳烤鸡肉培根披萨,,,,非会员,28,,,依据餐量提供餐具,,112.00,47.04,46.92,0.00,0,0,6.83,0.00,8.70,【活动支出】店铺满减:2.00元+【活动支出】单品折扣:31.92元+【活动支出】精准营销红包:1.00元+【活动支出】饿了么红包:12.00元+【活动支出】替用户承担配送费:6.0元,-,-,-,3.00,温州区域,温州加盟,,,否,-,平台配送
圣比萨（瓯北店）,SBM00030,温州,"8021020254684425691	",饿了么,平台外卖,已完成,2025-10-21 21:54:05,2025-10-21 21:54:05,2025-10-21 21:54:05,饿了么支付-在线支付,,即时单,2025-10-21 21:54:05,46.32,被动出餐,1,否,新奥尔良烤鸡肉披萨7寸-单点（22.00*1）,新奥尔良烤鸡肉披萨【7英寸(手拍)】,,,,非会员,29,,,依据餐量提供餐具,,22.00,12.00,0.00,0.00,0,0,0.00,0.00,,【活动支出】拼团反圈活动:0.00元,-,-,-,0.00,温州区域,温州加盟,,,否,-,平台配送
圣比萨（瓯北店）,SBM00030,温州,"8050766088665644374	",饿了么,平台外卖,已完成,2025-10-21 22:12:59,2025-10-21 22:12:59,2025-10-21 22:12:59,饿了么支付-在线支付,,即时单,2025-10-21 22:12:59,39.52,被动出餐,1,否,新奥尔良烤鸡肉披萨7寸-单点（22.00*1）,新奥尔良烤鸡肉披萨【7英寸(手拍)】,,,,非会员,30,,,不要打电话 放门口谢谢 / 无需餐具,,22.00,12.00,0.00,0.00,0,0,0.00,0.00,,【活动支出】拼团反圈活动:0.00元,-,-,-,0.00,温州区域,温州加盟,,,否,-,平台配送
圣比萨·披萨·炸鸡（响水幸福店）,SBS00009,盐城,"8059716088343191873	",饿了么,平台外卖,已完成,2025-10-21 11:09:30,2025-10-21 11:09:30,2025-10-21 11:09:30,饿了么支付-在线支付,,即时单,2025-10-21 11:09:30,14.22,自动出餐,1,否,"新奥尔良烤鸡肉披萨-7英寸(手拍)[{""name"":""规格"",""value"":""7英寸(手拍)""}]（28.90*1）",新奥尔良烤鸡肉披萨,,,,非会员,1,,,依据餐量提供餐具,,28.90,13.17,4.50,0.00,0,0,2.14,0.58,5.00,【活动支出】单品特价:4.50元+【活动支出】替用户承担配送费:5.0元,-,-,-,0.00,江苏区域,江苏直营店,,,否,-,平台配送
圣比萨·披萨·炸鸡（响水幸福店）,SBS00009,盐城,"8012736088419511655	",饿了么,平台外卖,已完成,2025-10-21 11:40:35,2025-10-21 11:40:35,2025-10-21 11:40:35,饿了么支付-在线支付,,即时单,2025-10-21 11:40:35,14.02,自动出餐,1,否,【随心❤️拼】7英寸双拼披萨（口味自选）[花果山+缤纷水果]（29.90*1）,双拼7寸【花果山口味7】+双拼7寸【缤纷水果口味7】,,,,非会员,2,,,依据餐量提供餐具,,29.90,13.41,5.00,0.00,0,0,2.21,0.60,5.00,【活动支出】超级会员专享红包:5.00元+【活动支出】替用户承担配送费:5.0元,-,-,-,0.00,江苏区域,江苏直营店,,,否,-,平台配送
圣比萨·披萨·炸鸡（响水幸福店）,SBS00009,盐城,"8027310254590150013	",饿了么,平台外卖,已完成,2025-10-21 14:20:21,2025-10-21 14:20:21,2025-10-21 14:20:22,饿了么支付-在线支付,,即时单,2025-10-21 14:20:21,12.18,自动出餐,1,否,"【随心❤️拼】12英寸双拼披萨（口味自选）[花果山+缤纷水果]（59.90*1）,奶酪芝士卷边（12英寸）（8.90*1）",双拼12寸【花果山口味12】+双拼12寸【缤纷水果口味12】+奶酪芝士卷边,,,,非会员,3,,,奶盖分装 / 1份餐具,,68.80,33.62,13.40,0.00,0,0,5.09,1.38,5.00,【活动支出】店铺满减:3.00元+【活动支出】饿了么红包:10.40元+【活动支出】替用户承担配送费:5.0元,-,-,-,0.00,江苏区域,江苏直营店,,,否,-,平台配送
圣比萨·披萨·炸鸡（响水幸福店）,SBS00009,盐城,"8018936088501555567	",饿了么,平台外卖,已完成,2025-10-21 15:36:51,2025-10-21 15:36:51,2025-10-21 15:36:51,饿了么支付-在线支付,,即时单,2025-10-21 15:36:51,10.88,手动出餐,1,否,"新奥尔良烤鸡肉披萨-9英寸(手拍)[{""name"":""规格"",""value"":""9英寸(手拍)""}]（36.90*1）",新奥尔良烤鸡肉披萨,,,,非会员,4,,,依据餐量提供餐具,,36.90,18.56,5.00,0.00,0,0,2.73,0.74,5.00,【活动支出】饿了么红包:5.00元+【活动支出】替用户承担配送费:5.0元,-,-,-,0.00,江苏区域,江苏直营店,,,否,-,平台配送
圣比萨·披萨·炸鸡（响水幸福店）,SBS00009,盐城,"8028300254777675193	",饿了么,平台外卖,已完成,2025-10-21 18:12:56,2025-10-21 18:12:56,2025-10-21 18:12:57,饿了么支付-在线支付,,即时单,2025-10-21 18:12:56,6.57,手动出餐,1,否,"蛋挞（两个）（6.90*2）,大圣香肠一串[孜然]（8.50*1）,蛋挞一个（3.90*3）,餐盒（0.50*1）",蛋挞+蛋挞1个,,,,非会员,5,,,依据餐量提供餐具,,34.00,13.82,7.91,0.00,0,0,2.55,0.69,5.00,【活动支出】单品特价:2.91元+【活动支出】饿了么红包:5.00元+【活动支出】替用户承担配送费:5.0元,-,-,-,0.50,江苏区域,江苏直营店,,,否,-,平台配送
圣比萨·披萨·炸鸡（响水幸福店）,SBS00009,盐城,"8034030254684207524	",饿了么,平台外卖,已完成,2025-10-21 18:14:10,2025-10-21 18:14:10,2025-10-21 18:14:10,饿了么支付-在线支付,,即时单,2025-10-21 18:14:10,10.43,手动出餐,1,否,大圣香肠披萨-单点（15.50*1）,大圣香肠披萨-单点,,,,非会员,6,,,东边的楼梯放门口就行谢谢 / 依据餐量提供餐具,,15.50,10.00,0.00,0.00,0,0,0.00,0.00,,【活动支出】单品优惠:0.00元,-,-,-,0.00,江苏区域,江苏直营店,,,否,-,平台配送
圣比萨·披萨·炸鸡（响水幸福店）,SBS00009,盐城,"8053280254710691279	",饿了么,平台外卖,已完成,2025-10-21 18:34:26,2025-10-21 18:34:26,2025-10-21 18:34:26,饿了么支付-在线支付,,即时单,2025-10-21 18:34:26,12.05,手动出餐,1,否,"碳烤鸡肉培根披萨-9英寸(手拍)[{""name"":""规格"",""value"":""9英寸(手拍)""}]（36.90*1）",碳烤鸡肉培根披萨,,,,非会员,7,,,依据餐量提供餐具,,36.90,18.56,5.00,0.00,0,0,2.73,0.74,5.00,【活动支出】饿了么红包:5.00元+【活动支出】替用户承担配送费:5.0元,-,-,-,0.00,江苏区域,江苏直营店,,,否,-,平台配送
圣比萨·披萨·炸鸡（响水幸福店）,SBS00009,盐城,"8028300254693601554	",饿了么,平台外卖,已完成,2025-10-21 18:35:41,2025-10-21 18:35:41,2025-10-21 18:35:41,饿了么支付-在线支付,,即时单,2025-10-21 18:35:41,8.02,手动出餐,1,否,"蛋挞（两个）（6.90*2）,芝士棒（8.50*1）,蛋挞一个（3.90*3）,餐盒（0.50*1）",蛋挞+大圣拉丝芝士棒+蛋挞1个,,,,非会员,8,,,放在5楼凳子上即可，谢谢 / 依据餐量提供餐具,,34.00,13.82,7.91,0.00,0,0,2.55,0.69,5.00,【活动支出】单品特价:2.91元+【活动支出】饿了么红包:5.00元+【活动支出】替用户承担配送费:5.0元,-,-,-,0.50,江苏区域,江苏直营店,,,否,-,平台配送
圣比萨·披萨·炸鸡（响水幸福店）,SBS00009,盐城,"8002300254713041277	",饿了么,平台外卖,已完成,2025-10-21 19:14:35,2025-10-21 19:14:35,2025-10-21 19:14:36,饿了么支付-在线支付,,即时单,2025-10-21 19:14:35,14.22,自动出餐,1,否,"咸蛋黄风味流沙卷边（7英寸）（4.90*1）,点击右上角❤️收藏得小吃（限一份，多点不送）[薯饼1个]（0.00*1）,蛋挞一个（3.90*1）,大圣生炸大鸡腿[香辣]（14.90*1）,大圣嫩鸡肉串（3串）（16.90*1）,【随心❤️拼】7英寸双拼披萨（口味自选）[新奥尔良烤鸡肉+缤纷水果]（29.90*1）,明星至尊桶（39.90*1）,餐盒（0.50*1）",咸蛋黄流沙卷边7+薯饼1个+蛋挞1个+大圣生炸大鸡腿+双拼7寸【奥尔良口味7】+双拼7寸【缤纷水果口味7】+明星至尊桶,,,,非会员,9,,,多送几包番茄酱，谢谢 / 无需餐具,,110.40,64.11,13.91,0.00,0,0,8.21,2.22,5.00,【活动支出】店铺满减:3.00元+【活动支出】单品特价:2.91元+【活动支出】饿了么红包:8.00元+【活动支出】替用户承担配送费:5.0元,-,-,-,0.50,江苏区域,江苏直营店,,,否,-,平台配送
圣比萨·披萨·炸鸡（响水幸福店）,SBS00009,盐城,"8048886088610301325	",饿了么,平台外卖,已完成,2025-10-21 19:16:08,2025-10-21 19:16:08,2025-10-21 19:16:08,饿了么支付-在线支付,,即时单,2025-10-21 19:16:08,14.02,自动出餐,1,否,"新奥尔良烤鸡肉披萨-7英寸(手拍)[{""name"":""规格"",""value"":""7英寸(手拍)""}]（28.90*1）,奶酪芝士卷边（7英寸）（4.90*1）",新奥尔良烤鸡肉披萨+奶酪芝士卷边7,,,,非会员,10,,,依据餐量提供餐具,,33.80,16.76,4.50,0.00,0,0,2.50,0.68,5.00,【活动支出】单品特价:4.50元+【活动支出】替用户承担配送费:5.0元,-,-,-,0.00,江苏区域,江苏直营店,,,否,-,平台配送
圣比萨·披萨·炸鸡（响水幸福店）,SBS00009,盐城,"8015280254760457481	",饿了么,平台外卖,已完成,2025-10-21 20:32:07,2025-10-21 20:32:07,2025-10-21 20:32:07,饿了么支付-在线支付,,即时单,2025-10-21 20:32:07,12.17,自动出餐,1,否,大圣香肠披萨-单点（15.50*1）,大圣香肠披萨-单点,,,,非会员,11,,,无需餐具,,15.50,10.00,0.00,0.00,0,0,0.00,0.00,,【活动支出】单品优惠:0.00元,-,-,-,0.00,江苏区域,江苏直营店,,,否,-,平台配送
圣比萨·披萨·炸鸡（响水幸福店）,SBS00009,盐城,"8023060254771360043	",饿了么,平台外卖,已完成,2025-10-21 20:59:15,2025-10-21 20:59:15,2025-10-21 20:59:15,饿了么支付-在线支付,,即时单,2025-10-21 20:59:15,12.02,自动出餐,1,否,"蛋挞（两个）（6.90*1）,【随心❤️拼】12英寸双拼披萨（口味自选）[新奥尔良烤鸡肉+日系照烧鸡]（59.90*1）,大圣招牌肉串（3串）[孜然]（16.90*1）,大圣招牌肉串（3串）[甘梅]（16.90*1）,咸蛋黄风味流心卷边（12英寸）（8.90*1）,餐盒（1.00*1）",蛋挞+双拼12寸【奥尔良口味12】+双拼12寸【日系照烧口味12】+大圣招牌肉串3串+大圣招牌肉串3串+咸蛋黄流沙卷边,,,,非会员,12,,,3份餐具,,109.50,63.06,14.60,0.00,0,0,8.18,2.21,5.00,【活动支出】店铺满减:3.00元+【活动支出】饿了么红包:11.60元+【活动支出】替用户承担配送费:5.0元,-,-,-,1.00,江苏区域,江苏直营店,,,否,-,平台配送
圣比萨·披萨·炸鸡（响水幸福店）,SBS00009,盐城,"8018000254763875836	",饿了么,平台外卖,已完成,2025-10-21 21:26:01,2025-10-21 21:26:01,2025-10-21 21:26:01,饿了么支付-在线支付,,即时单,2025-10-21 21:26:01,12.08,自动出餐,1,否,"可口可乐[冷]（6.00*1）,新奥尔良烤鸡肉披萨-9英寸(手拍)[{""name"":""规格"",""value"":""9英寸(手拍)""}]（36.90*1）",小可乐+新奥尔良烤鸡肉披萨,,,,非会员,13,,,依据餐量提供餐具,,42.90,21.48,6.00,0.00,0,0,3.17,0.86,5.00,【活动支出】饿了么红包:6.00元+【活动支出】替用户承担配送费:5.0元,-,-,-,0.00,江苏区域,江苏直营店,,,否,-,平台配送
圣比萨·披萨·炸鸡（响水幸福店）,SBS00009,盐城,"8043766088639447493	",饿了么,平台外卖,已完成,2025-10-21 21:57:30,2025-10-21 21:57:30,2025-10-21 21:57:30,饿了么支付-在线支付,,即时单,2025-10-21 21:57:30,12.12,自动出餐,1,否,"大圣小鸡肉串（20串）（9.90*1）,新奥尔良烤鸡肉披萨-7英寸(手拍)[{""name"":""规格"",""value"":""7英寸(手拍)""}]（28.90*1）,经典薯条（8.90*1）,蛋挞一个（3.90*2）",大圣小鸡肉串（20串）+新奥尔良烤鸡肉披萨+经典薯条+蛋挞1个,,,,非会员,14,,,依据餐量提供餐具,,55.50,29.27,7.41,0.00,0,0,4.11,1.11,5.00,【活动支出】单品特价:4.50元+【活动支出】单品特价:2.91元+【活动支出】替用户承担配送费:4.2元,-,-,-,0.00,江苏区域,江苏直营店,,,否,-,平台配送
圣比萨·披萨·炸鸡（响水幸福店）,SBS00009,盐城,"8022826088674748754	",饿了么,平台外卖,已完成,2025-10-21 22:02:55,2025-10-21 22:02:55,2025-10-21 22:02:55,饿了么支付-在线支付,,即时单,2025-10-21 22:02:55,12.13,自动出餐,1,否,"蛋挞（两个）（6.90*1）,【随心❤️拼】7英寸双拼披萨（口味自选）[新奥尔良烤鸡肉+新奥尔良烤鸡肉]（29.90*1）",蛋挞+双拼7寸【奥尔良口味7】+双拼7寸【奥尔良口味7】,,,,非会员,15,,,1份餐具,,36.80,16.72,6.00,0.00,0,0,2.72,0.74,6.00,【活动支出】粉丝群:1.00元+【活动支出】饿了么红包:5.00元+【活动支出】替用户承担配送费:5.0元,-,-,-,0.00,江苏区域,江苏直营店,,,否,-,平台配送
圣比萨（新桥店）,SBM00041,温州,"8065516088389879141	",饿了么,平台外卖,已完成,2025-10-21 11:56:49,2025-10-21 11:56:49,2025-10-21 11:56:49,饿了么支付-在线支付,,即时单,2025-10-21 11:56:49,15.52,手动出餐,1,否,"任选披萨6选1+小吃6选1+饮料[海苔肉松披萨7英寸+香卤翅根1个+港式奶茶]（58.00*1）,餐盒（2.00*1）",海苔肉松披萨【7英寸(手拍)】+香卤翅根1个+港式奶茶,,,,非会员,1,,,依据餐量提供餐具,,58.00,18.69,33.10,0.00,0,0,1.76,0.00,3.50,【活动支出】单品特价:26.10元+【活动支出】饿了么红包:7.00元+【活动支出】替用户承担配送费:3.5元,-,-,-,2.00,温州区域,温州加盟,,,否,-,平台配送
圣比萨（新桥店）,SBM00041,温州,"8065516088415003022	",饿了么,平台外卖,已完成,2025-10-21 11:58:12,2025-10-21 11:58:12,2025-10-21 11:58:12,饿了么支付-在线支付,,即时单,2025-10-21 11:58:12,14.17,手动出餐,1,否,新奥尔良烤鸡肉披萨7寸-单点（22.00*1）,新奥尔良烤鸡肉披萨【7英寸(手拍)】,,,,非会员,2,,,依据餐量提供餐具,,22.00,12.00,0.00,0.00,0,0,0.00,0.00,,【活动支出】拼团反圈活动:0.00元,-,-,-,0.00,温州区域,温州加盟,,,否,-,平台配送
圣比萨（新桥店）,SBM00041,温州,"8083150254501625201	",饿了么,平台外卖,已完成,2025-10-21 14:28:54,2025-10-21 14:28:54,2025-10-21 14:28:55,饿了么支付-在线支付,,即时单,2025-10-21 14:28:54,14.97,手动出餐,1,否,"任选披萨6选1+小吃6选1+饮料[缤纷水果披萨7英寸+香卤翅根1个+小可乐]（58.00*1）,餐盒（2.00*1）",缤纷水果披萨【7英寸(手拍)】+香卤翅根1个+小可乐,,,,非会员,3,,,依据餐量提供餐具,,58.00,18.69,33.10,0.00,0,0,1.76,0.00,3.50,【活动支出】单品特价:26.10元+【活动支出】超级会员专享红包:5.00元+【活动支出】 商家自营销加码:2.00元+【活动支出】替用户承担配送费:3.5元,-,-,-,2.00,温州区域,温州加盟,,,否,-,平台配送
圣比萨（新桥店）,SBM00041,温州,"8003430254644117886	",饿了么,平台外卖,已完成,2025-10-21 16:10:41,2025-10-21 16:10:41,2025-10-21 16:10:41,饿了么支付-在线支付,,即时单,2025-10-21 16:10:41,35.17,被动出餐,1,否,招牌肉酱芝士焗饭（52.00*1）,招牌肉酱芝士焗饭,,,,非会员,4,,,依据餐量提供餐具,,52.00,12.62,32.60,0.00,0,0,1.43,0.00,3.50,【活动支出】单品特价:32.60元+【活动支出】替用户承担配送费:3.5元,-,-,-,0.00,温州区域,温州加盟,,,否,-,平台配送
圣比萨（新桥店）,SBM00041,温州,"8093180254558640619	",饿了么,平台外卖,已完成,2025-10-21 17:08:21,2025-10-21 17:08:21,2025-10-21 17:08:22,饿了么支付-在线支付,,即时单,2025-10-21 17:08:21,14.30,手动出餐,1,否,任选披萨5选1+小吃4选1+饮料套餐[奥尔良鸡肉披萨7英寸+蛋挞1个+小可乐]（68.00*1）,新奥尔良烤鸡肉披萨【7英寸(手拍)】+蛋挞1个+小可乐,,,,非会员,5,,,3份餐具,,68.00,12.94,48.28,0.00,0,0,1.43,0.00,3.50,【活动支出】单品特价:48.28元+【活动支出】替用户承担配送费:3.5元,-,-,-,0.00,温州区域,温州加盟,,,否,-,平台配送
圣比萨（新桥店）,SBM00041,温州,"8098696088572033427	",饿了么,平台外卖,已完成,2025-10-21 17:44:40,2025-10-21 17:44:40,2025-10-21 17:44:40,饿了么支付-在线支付,,即时单,2025-10-21 17:44:40,13.87,手动出餐,1,否,招牌肉酱芝士焗饭（52.00*1）,招牌肉酱芝士焗饭,,,,非会员,6,,,1份餐具,,52.00,12.62,32.60,0.00,0,0,1.43,0.00,3.50,【活动支出】单品特价:32.60元+【活动支出】替用户承担配送费:3.5元,-,-,-,0.00,温州区域,温州加盟,,,否,-,平台配送
圣比萨（新桥店）,SBM00041,温州,"8010280254649043347	",饿了么,平台外卖,已完成,2025-10-21 20:01:01,2025-10-21 20:01:01,2025-10-21 20:01:01,饿了么支付-在线支付,,即时单,2025-10-21 20:01:01,14.77,手动出餐,1,否,"明星小食桶B（36.00*1）,缤纷芝士挞-菠萝味[{""name"":""规格"",""value"":""菠萝味""}]（7.00*1）,任选披萨6选1+小吃6选1+饮料[缤纷水果披萨7英寸+香卤翅根1个+芒果汁]（58.00*1）,餐盒（6.00*1）",明星小食桶B+缤纷芝士挞+缤纷水果披萨【7英寸(手拍)】+香卤翅根1个+芒果汁,,,,非会员,7,,,依据餐量提供餐具,,101.00,38.17,56.30,0.00,0,0,3.58,0.00,3.50,【活动支出】店铺满减:6.00元+【活动支出】单品特价:9.10元+【活动支出】单品特价:1.10元+【活动支出】单品特价:26.10元+【活动支出】粉丝群:2.00元+【活动支出】饿了么红包:12.00元+【活动支出】替用户承担配送费:3.5元,-,-,-,6.00,温州区域,温州加盟,,,否,-,平台配送
圣比萨（新桥店）,SBM00041,温州,"8034190254756789651	",饿了么,平台外卖,已完成,2025-10-21 20:09:42,2025-10-21 20:09:42,2025-10-21 20:09:43,饿了么支付-在线支付,,即时单,2025-10-21 20:09:42,13.75,手动出餐,1,否,"纯芝士披萨7英寸[7英寸]（42.00*1）,餐盒（2.00*1）",金牌芝士披萨【7英寸(手拍)】,,,,非会员,8,,,至少加多点一定好图晒评价 / 1份餐具,,42.00,7.22,29.10,0.00,0,0,1.43,0.00,5.00,【活动支出】单品特价:20.10元+【活动支出】 商家自营销加码:2.00元+【活动支出】粉丝群:2.00元+【活动支出】饿了么红包:5.00元+【活动支出】替用户承担配送费:5.0元,-,-,-,2.00,温州区域,温州加盟,,,否,-,平台配送
圣比萨（新桥店）,SBM00041,温州,"8069230254833532359	",饿了么,平台外卖,已完成,2025-10-21 20:10:51,2025-10-21 20:10:51,2025-10-21 20:10:51,饿了么支付-在线支付,,即时单,2025-10-21 20:10:51,17.25,手动出餐,1,否,"7英寸披萨一人食土豪餐[缤纷水果披萨7英寸+金丝鸡排+深海墨鱼丸3个+小可乐]（70.00*1）,餐盒（2.00*1）",缤纷水果披萨【7英寸(手拍)】+金丝鸡排+深海墨鱼丸3个+小可乐,,,,非会员,9,,,2份餐具,,70.00,21.33,42.10,0.00,0,0,2.02,0.00,3.50,【活动支出】单品特价:35.10元+【活动支出】饿了么红包:7.00元+【活动支出】替用户承担配送费:3.5元,-,-,-,2.00,温州区域,温州加盟,,,否,-,平台配送
圣比萨（新桥店）,SBM00041,温州,"8090846088630591834	",饿了么,平台外卖,已完成,2025-10-21 20:15:07,2025-10-21 20:15:07,2025-10-21 20:15:08,饿了么支付-在线支付,,即时单,2025-10-21 20:15:07,15.28,手动出餐,1,否,"缤纷水果披萨-9英寸(经典手拍)[{""name"":""规格"",""value"":""9英寸(经典手拍)""}]（75.00*1）,餐盒（2.00*1）",缤纷水果披萨,,,,非会员,10,,,依据餐量提供餐具,,75.00,27.21,40.10,0.00,0,0,2.54,0.00,3.50,【活动支出】单品特价:40.10元+【活动支出】替用户承担配送费:3.5元,-,-,-,2.00,温州区域,温州加盟,,,否,-,平台配送
圣比萨（新桥店）,SBM00041,温州,"8020400254772782482	",饿了么,平台外卖,已完成,2025-10-21 20:50:05,2025-10-21 20:50:05,2025-10-21 20:50:05,饿了么支付-在线支付,,即时单,2025-10-21 20:50:05,9.77,手动出餐,1,否,"浪漫威尼斯披萨-9寸(经典手拍)[{""name"":""规格"",""value"":""9寸(经典手拍)""}]（75.00*1）,餐盒（2.00*1）",浪漫威尼斯披萨,,,,非会员,11,,,依据餐量提供餐具,,75.00,21.33,47.10,0.00,0,0,2.02,0.00,3.50,【活动支出】店铺满减:1.00元+【活动支出】单品特价:35.10元+【活动支出】粉丝群:2.00元+【活动支出】饿了么红包:9.00元+【活动支出】替用户承担配送费:3.5元,-,-,-,2.00,温州区域,温州加盟,,,否,-,平台配送
圣比萨（仙降店）,SBM00047,温州,"8076566088318358004	",饿了么,平台外卖,已完成,2025-10-21 10:45:28,2025-10-21 10:45:28,2025-10-21 10:45:28,饿了么支付-在线支付,,即时单,2025-10-21 10:45:28,10.13,自动出餐,1,否,"碳烤鸡肉芝士焗饭（38.35*1）,盐酥鸡粒（21.00*1）,餐盒（4.00*1）",碳烤鸡肉芝士焗饭+盐酥鸡粒,,,,非会员,1,,,1份餐具,,59.35,22.63,31.55,0.00,0,0,2.12,0.00,3.50,【活动支出】店铺满减:1.00元+【活动支出】单品特价:10.45元+【活动支出】单品特价:11.10元+【活动支出】粉丝群:2.00元+【活动支出】饿了么红包:7.00元+【活动支出】替用户承担配送费:3.5元,-,-,-,4.00,温州区域,温州加盟,,,否,-,平台配送
圣比萨（仙降店）,SBM00047,温州,"8071696088327527866	",饿了么,平台外卖,已完成,2025-10-21 10:56:03,2025-10-21 10:56:03,2025-10-21 10:56:03,饿了么支付-在线支付,,即时单,2025-10-21 10:56:03,10.13,自动出餐,1,否,"7英寸披萨买一送一[圣比招牌披萨7英寸+花果山披萨7英寸]（86.80*1）,餐盒（2.00*1）",大圣招牌大满贯披萨【7英寸(手拍)】+花果山披萨【7英寸(手拍)】,,,,非会员,2,,,依据餐量提供餐具,,86.80,28.13,50.40,0.00,0,0,2.62,0.00,3.50,【活动支出】店铺满减:1.00元+【活动支出】单品特价:39.90元+【活动支出】饿了么红包:9.50元+【活动支出】替用户承担配送费:3.5元,-,-,-,2.00,温州区域,温州加盟,,,否,-,平台配送
圣比萨（仙降店）,SBM00047,温州,"8008936088329359718	",饿了么,平台外卖,已完成,2025-10-21 10:58:41,2025-10-21 10:58:41,2025-10-21 10:58:41,饿了么支付-在线支付,,即时单,2025-10-21 10:58:41,10.13,自动出餐,1,否,"热销披萨2选1[玉米沙拉披萨7英寸]（42.00*1）,点击右上角❤️收藏得小吃[上校鸡块2个]（5.00*1）,餐盒（2.50*1）",玉米沙拉披萨【7英寸(手拍)】+上校鸡块2个,,,,非会员,3,,,依据餐量提供餐具,,47.00,12.22,30.00,0.00,0,0,1.43,0.00,3.50,【活动支出】单品特价:16.10元+【活动支出】单品特价:4.90元+【活动支出】精准营销:2.00元+【活动支出】饿了么红包:7.00元+【活动支出】替用户承担配送费:3.5元,-,-,-,2.50,温州区域,温州加盟,,,否,-,平台配送
圣比萨（仙降店）,SBM00047,温州,"8074766088378683800	",饿了么,平台外卖,已完成,2025-10-21 11:20:17,2025-10-21 11:20:17,2025-10-21 11:20:17,饿了么支付-在线支付,,即时单,2025-10-21 11:20:17,12.20,自动出餐,1,否,7寸日系照烧鸡披萨-单点（22.00*1）,日系照烧鸡披萨【7英寸(手拍)】,,,,非会员,4,,,依据餐量提供餐具,,22.00,12.00,0.00,0.00,0,0,0.00,0.00,,【活动支出】拼团反圈活动:0.00元,-,-,-,0.00,温州区域,温州加盟,,,否,-,平台配送
圣比萨（仙降店）,SBM00047,温州,"8097270254506127678	",饿了么,平台外卖,已完成,2025-10-21 14:34:25,2025-10-21 14:34:25,2025-10-21 14:34:25,饿了么支付-在线支付,,即时单,2025-10-21 14:34:25,10.00,自动出餐,1,否,手握三选一-单点[奥尔良]（20.00*1）,奥尔良风情烤鸡肉一人食盒子披萨,,,,非会员,5,,,依据餐量提供餐具,,20.00,10.00,0.00,0.00,0,0,0.00,0.00,,【活动支出】拼团反圈活动:0.00元,-,-,-,0.00,温州区域,温州加盟,,,否,-,平台配送
圣比萨（仙降店）,SBM00047,温州,"8002636088465110390	",饿了么,平台外卖,已完成,2025-10-21 15:07:02,2025-10-21 15:07:02,2025-10-21 15:07:02,饿了么支付-在线支付,,即时单,2025-10-21 15:07:02,10.18,自动出餐,1,否,"缤纷水果披萨12英寸（106.00*1）,餐盒（2.00*1）",缤纷水果披萨【12英寸(手拍)】,,,,非会员,6,,,依据餐量提供餐具,,106.00,35.26,61.10,0.00,0,0,3.29,0.00,3.50,【活动支出】店铺满减:6.00元+【活动支出】单品特价:46.10元+【活动支出】饿了么红包:9.00元+【活动支出】替用户承担配送费:3.5元,-,-,-,2.00,温州区域,温州加盟,,,否,-,平台配送
圣比萨（仙降店）,SBM00047,温州,"8027976088522024398	",饿了么,平台外卖,已完成,2025-10-21 15:55:33,2025-10-21 15:55:33,2025-10-21 15:55:34,饿了么支付-在线支付,,即时单,2025-10-21 15:55:33,10.20,自动出餐,1,否,手握三选一-单点[缤纷水果]（20.00*1）,热带雨林水果一人食盒子披萨,,,,非会员,7,,,依据餐量提供餐具,,20.00,10.00,0.00,0.00,0,0,0.00,0.00,,【活动支出】拼团反圈活动:0.00元,-,-,-,0.00,温州区域,温州加盟,,,否,-,平台配送
圣比萨（仙降店）,SBM00047,温州,"8054200254648526315	",饿了么,平台外卖,已完成,2025-10-21 16:29:20,2025-10-21 16:29:20,2025-10-21 16:29:20,饿了么支付-在线支付,,即时单,2025-10-21 16:29:20,10.03,自动出餐,1,否,"新奥尔良烤鸡肉披萨7寸-单点[{""name"":""规格"",""value"":""单点""}]（22.00*1）",新奥尔良烤鸡肉披萨【7英寸(手拍)】,,,,非会员,8,,,依据餐量提供,,22.00,12.00,0.00,0.00,0,0,0.00,0.00,,【活动支出】拼团反圈活动:0.00元,-,-,-,0.00,温州区域,温州加盟,,,否,-,平台配送
圣比萨（仙降店）,SBM00047,温州,"8099696088533952985	",饿了么,平台外卖,已完成,2025-10-21 16:42:09,2025-10-21 16:42:09,2025-10-21 16:42:09,饿了么支付-在线支付,,即时单,2025-10-21 16:42:09,10.07,自动出餐,1,否,7寸日系照烧鸡披萨-单点（22.00*1）,日系照烧鸡披萨【7英寸(手拍)】,,,,非会员,9,,,依据餐量提供餐具,,22.00,12.00,0.00,0.00,0,0,0.00,0.00,,【活动支出】拼团反圈活动:0.00元,-,-,-,0.00,温州区域,温州加盟,,,否,-,平台配送
圣比萨（仙降店）,SBM00047,温州,"8006716088529102274	",饿了么,平台外卖,已完成,2025-10-21 17:04:03,2025-10-21 17:04:03,2025-10-21 17:04:04,饿了么支付-在线支付,,即时单,2025-10-21 17:04:03,10.22,自动出餐,1,否,盒子披萨三选一[日式烧鸟风味]（29.00*1）,日式烧鸟风味一人食盒子披萨,,,,非会员,10,,,依据餐量提供餐具,,29.00,15.22,7.00,0.00,0,0,1.43,0.00,3.50,【活动支出】饿了么红包:7.00元+【活动支出】替用户承担配送费:3.5元,-,-,-,0.00,温州区域,温州加盟,,,否,-,平台配送
圣比萨（仙降店）,SBM00047,温州,"8085606088565562756	",饿了么,平台外卖,已完成,2025-10-21 17:30:46,2025-10-21 17:30:46,2025-10-21 17:30:46,饿了么支付-在线支付,,即时单,2025-10-21 17:30:46,12.18,自动出餐,1,否,"番茄培根意面（33.12*1）,番茄牛肉意面（31.74*1）,蛋挞（10.00*1）,金丝鸡排（10.88*1）,点击右上角❤️收藏得小吃[墨鱼丸1个]（5.00*1）,餐盒（6.50*1）",番茄培根意面+番茄牛肉意面+蛋挞+金丝鸡排+深海墨鱼丸1个,,,,非会员,11,,,依据餐量提供餐具,,90.74,39.91,43.04,0.00,0,0,3.84,0.00,4.50,【活动支出】店铺满减:6.00元+【活动支出】单品特价:9.22元+【活动支出】单品特价:7.84元+【活动支出】单品特价:1.10元+【活动支出】单品特价:2.98元+【活动支出】单品特价:4.90元+【活动支出】下单返红包:2.00元+【活动支出】饿了么红包:9.00元+【活动支出】替用户承担配送费:4.5元,-,-,-,6.50,温州区域,温州加盟,,,否,-,平台配送
圣比萨（仙降店）,SBM00047,温州,"8014576088530243906	",饿了么,平台外卖,已完成,2025-10-21 17:38:17,2025-10-21 17:38:17,2025-10-21 17:38:17,饿了么支付-在线支付,,即时单,2025-10-21 17:38:17,12.15,自动出餐,1,否,任选披萨5选1+小吃4选1+饮料套餐[培根披萨7英寸+深海墨鱼丸2个+小可乐]（68.00*1）,培根披萨【7英寸(手拍)】+深海墨鱼丸2个+小可乐,,,,非会员,12,,,2份餐具,,68.00,12.94,48.28,0.00,0,0,1.43,0.00,3.50,【活动支出】单品特价:48.28元+【活动支出】替用户承担配送费:3.5元,-,-,-,0.00,温州区域,温州加盟,,,否,-,平台配送
圣比萨（仙降店）,SBM00047,温州,"8006916088571781582	",饿了么,平台外卖,已完成,2025-10-21 17:42:16,2025-10-21 17:42:16,2025-10-21 17:42:16,饿了么支付-在线支付,,即时单,2025-10-21 17:42:16,12.00,自动出餐,1,否,"7英寸披萨买一送一[圣比招牌披萨7英寸+碳烤鸡肉培根披萨7英寸]（86.80*1）,餐盒（2.00*1）",大圣招牌大满贯披萨【7英寸(手拍)】+碳烤鸡肉培根披萨【7英寸(手拍)】,,,,非会员,13,,,依据餐量提供餐具,,86.80,27.21,51.90,0.00,0,0,2.54,0.00,4.00,【活动支出】店铺满减:1.00元+【活动支出】单品特价:39.90元+【活动支出】粉丝群:2.00元+【活动支出】饿了么红包:9.00元+【活动支出】替用户承担配送费:4.0元,-,-,-,2.00,温州区域,温州加盟,,,否,-,平台配送
圣比萨（仙降店）,SBM00047,温州,"8025766088596724168	",饿了么,平台外卖,已完成,2025-10-21 19:31:44,2025-10-21 19:31:44,2025-10-21 19:31:45,饿了么支付-在线支付,,即时单,2025-10-21 19:31:44,10.20,自动出餐,1,否,"新店开业”点击右上角❤️收藏得0.1元多加5g芝士（5.00*1）,榴莲王披萨7英寸（52.00*1）,点击右上角❤️收藏得小吃[上校鸡块2个]（5.00*1）,餐盒（2.50*1）",芝士5克+榴莲王披萨7英寸+上校鸡块2个,,,,非会员,14,,,2份餐具,,62.00,22.35,30.90,0.00,0,0,2.30,0.00,6.20,【活动支出】单品特价:4.90元+【活动支出】店铺满减:1.00元+【活动支出】单品特价:12.10元+【活动支出】单品特价:4.90元+【活动支出】CPS商户叠加券:0.00元+【活动支出】饿了么红包:8.00元+【活动支出】替用户承担配送费:6.0元,-,-,-,2.50,温州区域,温州加盟,,,否,-,平台配送
圣比萨（仙降店）,SBM00047,温州,"8011696088655194390	",饿了么,平台外卖,已完成,2025-10-21 19:34:18,2025-10-21 19:34:18,2025-10-21 19:34:19,饿了么支付-在线支付,,即时单,2025-10-21 19:34:18,10.15,自动出餐,1,否,"7英寸披萨买一送一[海苔肉松披萨7英寸+奥尔良鸡肉披萨7英寸]（86.80*1）,餐盒（2.00*1）",海苔肉松披萨【7英寸(手拍)】+新奥尔良烤鸡肉披萨【7英寸(手拍)】,,,,非会员,15,,,在店里吃饭，到了麻烦打个电话，我出来拿，谢谢 / 依据餐量提供餐具,,86.80,27.21,51.90,0.00,0,0,2.54,0.00,3.50,【活动支出】店铺满减:1.00元+【活动支出】单品特价:39.90元+【活动支出】粉丝群:2.00元+【活动支出】饿了么红包:9.00元+【活动支出】替用户承担配送费:3.5元,-,-,-,2.00,温州区域,温州加盟,,,否,-,平台配送
圣比萨（仙降店）,SBM00047,温州,"8039956088607289692	",饿了么,平台外卖,已完成,2025-10-21 20:15:01,2025-10-21 20:15:01,2025-10-21 20:15:02,饿了么支付-在线支付,,即时单,2025-10-21 20:15:01,10.07,自动出餐,1,否,手握三选一-单点[奥尔良]（20.00*1）,奥尔良风情烤鸡肉一人食盒子披萨,,,,非会员,16,,,依据餐量提供餐具,,20.00,10.00,0.00,0.00,0,0,0.00,0.00,,【活动支出】拼团反圈活动:0.00元,-,-,-,0.00,温州区域,温州加盟,,,否,-,平台配送
圣比萨（仙降店）,SBM00047,温州,"8085866088613301677	",饿了么,平台外卖,已完成,2025-10-21 20:27:48,2025-10-21 20:27:48,2025-10-21 20:27:49,饿了么支付-在线支付,,即时单,2025-10-21 20:27:48,10.20,自动出餐,1,否,"榴莲王披萨12英寸（129.00*1）,缤纷芝士挞-菠萝味[{""name"":""规格"",""value"":""菠萝味""}]（7.00*1）,餐盒（4.00*1）",榴莲王披萨12英寸+缤纷芝士挞,,,,非会员,17,,,依据餐量提供餐具,,136.00,49.41,75.20,0.00,0,0,4.64,0.00,3.50,【活动支出】店铺满减:6.00元+【活动支出】单品特价:56.10元+【活动支出】单品特价:1.10元+【活动支出】饿了么红包:12.00元+【活动支出】替用户承担配送费:3.5元,-,-,-,4.00,温州区域,温州加盟,,,否,-,平台配送
圣比萨（鞋都店）,SBM00008,温州,"8030736088319363483	",饿了么,平台外卖,已完成,2025-10-21 09:58:33,2025-10-21 09:58:33,2025-10-21 09:58:34,饿了么支付-在线支付,,即时单,2025-10-21 09:58:33,21.92,被动出餐,1,否,"新奥尔良烤鸡肉披萨7寸-单点[{""name"":""规格"",""value"":""单点""}]（22.00*1）",新奥尔良烤鸡肉披萨【7英寸(手拍)】,,,,非会员,1,,,-,,22.00,12.00,0.00,0.00,0,0,0.00,0.00,,【活动支出】拼团反圈活动:0.00元,-,-,-,0.00,温州区域,温州加盟,,,否,-,平台配送
圣比萨（鞋都店）,SBM00008,温州,"8095876088341628339	",饿了么,平台外卖,已完成,2025-10-21 10:06:11,2025-10-21 10:06:11,2025-10-21 10:06:12,饿了么支付-在线支付,,即时单,2025-10-21 10:06:11,22.18,被动出餐,1,否,"不要保温袋（0.00*1）,焗饭随心配（53.80*1）,餐盒（1.00*1）",地道肠1根+蛋挞1个+薯饼2个+碳烤鸡肉芝士焗饭,,,,非会员,2,,,依据餐量提供餐具,,53.80,15.24,30.30,0.00,0,0,1.58,0.63,3.50,【活动支出】单品特价:25.30元+【活动支出】超会爆红包省钱包:5.00元+【活动支出】替用户承担配送费:3.5元,-,-,-,1.00,温州区域,温州加盟,,,否,-,平台配送
圣比萨（鞋都店）,SBM00008,温州,"8069546088298599792	",饿了么,平台外卖,已完成,2025-10-21 10:10:01,2025-10-21 10:10:01,2025-10-21 10:10:02,饿了么支付-在线支付,,即时单,2025-10-21 10:10:01,31.28,被动出餐,1,否,"超值7寸披萨一人食套餐（66.00*1）,需要保温袋（0.30*1）,餐盒（2.00*1）",芒果汁+上校鸡块+缤纷水果披萨(7英寸(手拍)),,,,非会员,3,,,无需餐具,,66.30,12.26,41.10,0.00,0,0,1.78,0.71,15.30,【活动支出】首次光顾立减:1.00元+【活动支出】单品特价:34.10元+【活动支出】超级会员专享红包:5.00元+【活动支出】 商家自营销加码:1.00元+【活动支出】替用户承担配送费:5.0元,-,-,-,2.00,温州区域,温州加盟,,,否,-,平台配送
圣比萨（鞋都店）,SBM00008,温州,"8005996088348510553	",饿了么,平台外卖,已完成,2025-10-21 10:29:31,2025-10-21 10:29:31,2025-10-21 10:29:31,饿了么支付-在线支付,,即时单,2025-10-21 10:29:31,33.13,被动出餐,1,否,"需要保温袋（0.30*1）,圣比招牌披萨-9寸(经典手拍)[{""name"":""规格"",""value"":""9寸(经典手拍)""}]（78.00*1）,餐盒（2.00*1）",大圣招牌大满贯披萨,,,,非会员,4,,,依据餐量提供餐具,,78.30,18.66,44.60,0.00,0,0,2.42,0.97,12.30,【活动支出】店铺满减:1.00元+【活动支出】单品特价:34.10元+【活动支出】超级会员专享红包:8.00元+【活动支出】 商家自营销加码:0.00元+【活动支出】精准营销红包:1.50元+【活动支出】替用户承担配送费:5.0元,-,-,-,2.00,温州区域,温州加盟,,,否,-,平台配送
圣比萨（鞋都店）,SBM00008,温州,"8070676088347189694	",饿了么,平台外卖,已完成,2025-10-21 10:47:10,2025-10-21 10:47:10,2025-10-21 10:47:11,饿了么支付-在线支付,,即时单,2025-10-21 10:47:10,30.90,被动出餐,1,否,"意面随心配（58.80*1）,需要保温袋（0.30*1）,餐盒（1.00*1）",招牌肉酱意面+地道肠1根+深海墨鱼丸2个+蛋挞1个,,,,非会员,5,,,五楼电梯桌子上。不用打电话。谢谢 / 依据餐量提供餐具,,59.10,13.37,38.30,0.00,0,0,1.43,0.55,3.50,【活动支出】单品特价:31.30元+【活动支出】饿了么红包:7.00元+【活动支出】替用户承担配送费:3.5元,-,-,-,1.00,温州区域,温州加盟,,,否,-,平台配送
圣比萨（鞋都店）,SBM00008,温州,"8058926088399552830	",饿了么,平台外卖,已完成,2025-10-21 11:07:03,2025-10-21 11:07:03,2025-10-21 11:07:03,饿了么支付-在线支付,,即时单,2025-10-21 11:07:03,22.40,被动出餐,1,否,"不要保温袋（0.00*1）,意面随心配（58.80*1）,餐盒（1.00*1）",黑椒烤肠意面+地道肠1根+盐酥鸡米花小份+蛋挞1个,,,,非会员,6,,,依据餐量提供餐具,,58.80,13.08,38.30,0.00,0,0,1.43,0.54,3.50,【活动支出】单品特价:31.30元+【活动支出】饿了么红包:7.00元+【活动支出】替用户承担配送费:3.5元,-,-,-,1.00,温州区域,温州加盟,,,否,-,平台配送
圣比萨（鞋都店）,SBM00008,温州,"8085050254483556680	",饿了么,平台外卖,已完成,2025-10-21 11:14:24,2025-10-21 11:14:24,2025-10-21 11:14:25,饿了么支付-在线支付,,即时单,2025-10-21 11:14:24,40.23,被动出餐,1,否,"焗饭随心配（53.80*1）,需要保温袋（0.30*1）,餐盒（1.00*1）",地道肠1根+盐酥鸡米花小份+蛋挞1个+招牌肉酱芝士焗饭,,,,非会员,7,,,依据餐量提供餐具,,54.10,9.20,34.30,0.00,0,0,1.43,0.52,6.20,【活动支出】首次光顾立减:1.00元+【活动支出】单品特价:25.30元+【活动支出】粉丝群:2.00元+【活动支出】饿了么红包:6.00元+【活动支出】替用户承担配送费:5.0元,-,-,-,1.00,温州区域,温州加盟,,,否,-,平台配送
圣比萨（鞋都店）,SBM00008,温州,"8085050254492141990	",饿了么,平台外卖,已完成,2025-10-21 11:16:09,2025-10-21 11:16:09,2025-10-21 11:16:09,饿了么支付-在线支付,,即时单,2025-10-21 11:16:09,38.60,被动出餐,1,否,"意面随心配（58.80*1）,需要保温袋（0.30*1）,餐盒（1.00*1）",黑椒烤肠意面+地道肠1根+盐酥鸡米花小份+薯饼2个,,,,非会员,8,,,依据餐量提供餐具,,59.10,10.17,38.30,0.00,0,0,1.43,0.55,6.20,【活动支出】单品特价:31.30元+【活动支出】精准营销红包:1.00元+【活动支出】饿了么红包:6.00元+【活动支出】替用户承担配送费:5.0元,-,-,-,1.00,温州区域,温州加盟,,,否,-,平台配送
圣比萨（鞋都店）,SBM00008,温州,"8008040254511387050	",饿了么,平台外卖,已完成,2025-10-21 11:17:11,2025-10-21 11:17:11,2025-10-21 11:17:12,饿了么支付-在线支付,,即时单,2025-10-21 11:17:11,39.12,被动出餐,1,否,"不要保温袋（0.00*1）,意面随心配（58.80*1）,餐盒（1.00*1）",咖喱鸡肉意面+地道肠1根+盐酥鸡米花小份+上校鸡块2个,,,,非会员,9,,,依据餐量提供餐具,,58.80,11.62,39.80,0.00,0,0,1.43,0.50,3.50,【活动支出】单品特价:31.30元+【活动支出】饿了么红包:7.00元+【活动支出】精准营销红包:1.50元+【活动支出】替用户承担配送费:3.5元,-,-,-,1.00,温州区域,温州加盟,,,否,-,平台配送
圣比萨（鞋都店）,SBM00008,温州,"8076836088392292816	",饿了么,平台外卖,已完成,2025-10-21 11:28:13,2025-10-21 11:28:13,2025-10-21 11:28:14,饿了么支付-在线支付,,即时单,2025-10-21 11:28:13,40.13,被动出餐,1,否,"需要保温袋（0.30*1）,披萨随心配（60.40*1）,餐盒（1.00*1）",盐酥鸡米花小份+上校鸡块2个+蛋挞1个+缤纷水果披萨(7英寸(手拍)),,,,非会员,10,,,依据餐量提供餐具,,60.70,11.87,37.40,0.00,0,0,1.56,0.62,8.10,【活动支出】单品特价:29.90元+【活动支出】精准营销红包:1.50元+【活动支出】饿了么红包:6.00元+【活动支出】替用户承担配送费:5.0元,-,-,-,1.00,温州区域,温州加盟,,,否,-,平台配送
圣比萨（鞋都店）,SBM00008,温州,"8037040254536901962	",饿了么,平台外卖,已完成,2025-10-21 11:46:42,2025-10-21 11:46:42,2025-10-21 11:46:42,饿了么支付-在线支付,,即时单,2025-10-21 11:46:42,21.48,被动出餐,1,否,"不要保温袋（0.00*1）,披萨随心配（60.40*1）,【粉丝福利】蛋挞一个（原味）（10.00*1）,【收藏福利】墨鱼丸一个（点亮右上角❤关注本店不迷路）（3.00*2）,餐盒（3.00*1）",地道肠1根+盐酥鸡米花小份+上校鸡块2个+碳烤鸡肉培根披萨(7英寸(手拍))+蛋挞1个+深海墨鱼丸1个,,,,非会员,11,,,依据餐量提供餐具,,76.40,17.24,52.00,0.00,0,0,1.79,0.72,3.50,【活动支出】单品特价:29.90元+【活动支出】单品特价:8.30元+【活动支出】单品特价:2.90元+【活动支出】饿了么红包:8.00元+【活动支出】 商家自营销加码:0.00元+【活动支出】CPS商户叠加券:0.00元+【活动支出】淘金币:0.00元+【活动支出】精准营销:2.90元+【活动支出】替用户承担配送费:3.5元,-,-,-,3.00,温州区域,温州加盟,,,否,-,平台配送
圣比萨（鞋都店）,SBM00008,温州,"8038450254626695556	",饿了么,平台外卖,已完成,2025-10-21 12:08:51,2025-10-21 12:08:51,2025-10-21 12:08:51,饿了么支付-在线支付,,即时单,2025-10-21 12:08:51,54.65,被动出餐,1,否,"不要保温袋（0.00*1）,披萨随心配（60.40*1）,奥尔良烤翅（14.00*1）,焗饭随心配（53.80*1）,餐盒（4.00*1）",盐酥鸡米花小份+深海墨鱼丸2个+蛋挞1个+缤纷水果披萨(7英寸(手拍))+奥尔良烤翅+地道肠1根+上校鸡块2个+蛋挞1个+碳烤鸡肉芝士焗饭,,,,非会员,12,,,依据餐量提供餐具,,128.20,42.12,71.30,0.00,0,0,4.31,1.72,5.00,【活动支出】店铺满减:2.00元+【活动支出】首次光顾立减:1.00元+【活动支出】单品特价:29.90元+【活动支出】单品特价:1.10元+【活动支出】单品特价:25.30元+【活动支出】饿了么红包:12.00元+【活动支出】替用户承担配送费:5.0元,-,-,-,4.00,温州区域,温州加盟,,,否,-,平台配送
圣比萨（鞋都店）,SBM00008,温州,"8040636088440574245	",饿了么,平台外卖,已完成,2025-10-21 12:15:18,2025-10-21 12:15:18,2025-10-21 12:15:18,饿了么支付-在线支付,,即时单,2025-10-21 12:15:18,27.32,被动出餐,1,否,"不要保温袋（0.00*1）,花果山披萨-7英寸(手拍)[{""name"":""规格"",""value"":""7英寸(手拍)""}]（42.00*1）,餐盒（1.00*1）",花果山披萨,,,,非会员,13,,,1份餐具,,42.00,13.10,22.10,0.00,0,0,1.43,0.52,3.50,【活动支出】单品特价:16.10元+【活动支出】饿了么红包:6.00元+【活动支出】替用户承担配送费:3.5元,-,-,-,1.00,温州区域,温州加盟,,,否,-,平台配送
圣比萨（鞋都店）,SBM00008,温州,"8072220254458021208	",饿了么,平台外卖,已完成,2025-10-21 12:26:44,2025-10-21 12:26:44,2025-10-21 12:26:44,饿了么支付-在线支付,,即时单,2025-10-21 12:26:44,27.88,被动出餐,1,否,"不要保温袋（0.00*1）,披萨随心配（60.40*1）,餐盒（1.00*1）",地道肠1根+深海墨鱼丸2个+上校鸡块2个+日系照烧鸡披萨(7英寸(手拍)),,,,非会员,14,,,依据餐量提供餐具,,60.40,16.14,35.90,0.00,0,0,1.65,0.66,3.50,【活动支出】单品特价:29.90元+【活动支出】饿了么红包:6.00元+【活动支出】CPS商户叠加券:0.00元+【活动支出】淘金币:0.00元+【活动支出】替用户承担配送费:3.5元,-,-,-,1.00,温州区域,温州加盟,,,否,-,平台配送
圣比萨（鞋都店）,SBM00008,温州,"8011606088496301556	",饿了么,平台外卖,已完成,2025-10-21 13:10:30,2025-10-21 13:10:30,2025-10-21 13:10:31,饿了么支付-在线支付,,即时单,2025-10-21 13:10:30,25.52,被动出餐,1,否,"焗饭随心配（53.80*1）,需要保温袋（0.30*1）,餐盒（1.00*1）",地道肠1根+深海墨鱼丸2个+薯饼2个+黑椒牛肉芝士焗饭,,,,非会员,15,,,依据餐量提供餐具,,54.10,14.32,32.30,0.00,0,0,1.45,0.58,3.50,【活动支出】首次光顾立减:1.00元+【活动支出】单品特价:25.30元+【活动支出】饿了么红包:6.00元+【活动支出】替用户承担配送费:3.5元,-,-,-,1.00,温州区域,温州加盟,,,否,-,平台配送
圣比萨（鞋都店）,SBM00008,温州,"8060546088482862405	",饿了么,平台外卖,已完成,2025-10-21 14:32:05,2025-10-21 14:32:05,2025-10-21 14:32:05,饿了么支付-在线支付,,即时单,2025-10-21 14:32:05,22.12,被动出餐,1,否,"不要保温袋（0.00*1）,披萨随心配（60.40*1）,餐盒（1.00*1）",地道肠1根+盐酥鸡米花小份+上校鸡块2个+日系照烧鸡披萨(7英寸(手拍)),,,,非会员,16,,,依据餐量提供餐具,,60.40,15.24,36.90,0.00,0,0,1.58,0.63,3.50,【活动支出】单品特价:29.90元+【活动支出】饿了么红包:7.00元+【活动支出】替用户承担配送费:3.5元,-,-,-,1.00,温州区域,温州加盟,,,否,-,平台配送
圣比萨（鞋都店）,SBM00008,温州,"8077210254627044861	",饿了么,平台外卖,已完成,2025-10-21 15:15:28,2025-10-21 15:15:28,2025-10-21 15:15:28,饿了么支付-在线支付,,即时单,2025-10-21 15:15:28,24.42,被动出餐,1,否,"不要保温袋（0.00*1）,新奥尔良烤鸡肉披萨-9英寸(手拍)[{""name"":""规格"",""value"":""9英寸(手拍)""}]（78.00*1）,餐盒（1.00*1）",新奥尔良烤鸡肉披萨,,,,非会员,17,,,4份餐具,,78.00,20.52,49.10,0.00,0,0,2.02,0.81,3.50,【活动支出】店铺满减:1.00元+【活动支出】单品特价:40.10元+【活动支出】饿了么红包:8.00元+【活动支出】替用户承担配送费:3.5元,-,-,-,1.00,温州区域,温州加盟,,,否,-,平台配送
圣比萨（鞋都店）,SBM00008,温州,"8088796088475917641	",饿了么,平台外卖,已完成,2025-10-21 15:27:24,2025-10-21 15:27:24,2025-10-21 15:27:24,饿了么支付-在线支付,,即时单,2025-10-21 15:27:24,39.75,被动出餐,1,否,"不要保温袋（0.00*1）,缤纷水果披萨-7英寸(手拍)[{""name"":""规格"",""value"":""7英寸(手拍)""}]（42.00*1）,餐盒（1.00*1）",缤纷水果披萨,,,,非会员,18,,,依据餐量提供餐具,,42.00,11.64,24.10,0.00,0,0,1.43,0.48,4.00,【活动支出】首次光顾立减:1.00元+【活动支出】单品特价:16.10元+【活动支出】饿了么红包:5.00元+【活动支出】 商家自营销加码:1.00元+【活动支出】精准营销红包:1.00元+【活动支出】替用户承担配送费:4.0元,-,-,-,1.00,温州区域,温州加盟,,,否,-,平台配送
圣比萨（鞋都店）,SBM00008,温州,"8051866088476860674	",饿了么,平台外卖,已完成,2025-10-21 15:41:20,2025-10-21 15:41:20,2025-10-21 15:41:20,饿了么支付-在线支付,,即时单,2025-10-21 15:41:20,21.48,被动出餐,1,否,"蛋挞一个（原味）（5.00*1）,【粉丝福利】蛋挞一个（原味）（10.00*1）,披萨随心配（60.40*1）,缤纷芝士挞-菠萝味[{""name"":""规格"",""value"":""菠萝味""}]（7.00*1）,需要保温袋（0.30*3）,经典薯条（18.00*1）,【收藏福利】墨鱼丸一个（点亮右上角❤关注本店不迷路）（3.00*2）,餐盒（8.00*1）",蛋挞1个+蛋挞1个+地道肠1根+深海墨鱼丸2个+蛋挞1个+新奥尔良烤鸡肉披萨(7英寸(手拍))+缤纷芝士挞+经典薯条+深海墨鱼丸1个,,,,非会员,19,,,2份餐具,,107.30,29.05,73.20,0.00,0,0,2.93,1.17,3.50,【活动支出】店铺满减:6.00元+【活动支出】单品特价:3.90元+【活动支出】单品特价:8.30元+【活动支出】单品特价:29.90元+【活动支出】单品特价:1.10元+【活动支出】单品特价:9.10元+【活动支出】单品特价:2.90元+【活动支出】CPS商户叠加券:0.00元+【活动支出】饿了么红包:12.00元+【活动支出】替用户承担配送费:3.5元,-,-,-,8.00,温州区域,温州加盟,,,否,-,平台配送
圣比萨（鞋都店）,SBM00008,温州,"8014470254630497737	",饿了么,平台外卖,已完成,2025-10-21 15:49:25,2025-10-21 15:49:25,2025-10-21 15:49:25,饿了么支付-在线支付,,即时单,2025-10-21 15:49:25,35.07,被动出餐,1,否,"蛋挞一个（原味）（5.00*1）,【粉丝福利】蛋挞一个（原味）（10.00*1）,任选焗饭3选1+小吃5选1+饮料（57.00*1）,需要保温袋（0.30*1）,餐盒（4.00*1）",蛋挞1个+蛋挞1个+金丝鸡排+小可乐+招牌肉酱芝士焗饭,,,,非会员,20,,,"不要敲门,放门口 / 依据餐量提供餐具",,72.30,20.01,46.30,0.00,0,0,2.03,0.81,4.00,【活动支出】店铺满减:1.00元+【活动支出】单品特价:3.90元+【活动支出】单品特价:8.30元+【活动支出】单品特价:25.10元+【活动支出】饿了么红包:8.00元+【活动支出】替用户承担配送费:4.0元,-,-,-,4.00,温州区域,温州加盟,,,否,-,平台配送
圣比萨（鞋都店）,SBM00008,温州,"8028210254526259478	",饿了么,平台外卖,已完成,2025-10-21 16:04:05,2025-10-21 16:04:05,2025-10-21 16:04:06,饿了么支付-在线支付,,即时单,2025-10-21 16:04:05,22.42,被动出餐,1,否,"蛋挞一个（原味）（5.00*1）,披萨随心配（60.40*1）,需要保温袋（0.30*1）,餐盒（2.00*1）",蛋挞1个+地道肠1根+盐酥鸡米花小份+薯饼2个+碳烤鸡肉培根披萨(7英寸(手拍)),,,,非会员,21,,,1份餐具,,65.70,17.84,40.80,0.00,0,0,1.79,0.72,3.50,【活动支出】单品特价:3.90元+【活动支出】单品特价:29.90元+【活动支出】饿了么红包:7.00元+【活动支出】替用户承担配送费:3.5元,-,-,-,2.00,温州区域,温州加盟,,,否,-,平台配送
圣比萨（鞋都店）,SBM00008,温州,"8044330254714384822	",饿了么,平台外卖,已完成,2025-10-21 16:04:42,2025-10-21 16:04:42,2025-10-21 16:04:42,饿了么支付-在线支付,,即时单,2025-10-21 16:04:42,30.72,被动出餐,1,否,"不要保温袋（0.00*1）,披萨随心配（60.40*1）,餐盒（1.00*1）",地道肠1根+蛋挞1个+薯饼2个+新奥尔良烤鸡肉披萨(7英寸(手拍)),,,,非会员,22,,,依据餐量提供餐具,,60.40,14.79,37.90,0.00,0,0,1.54,0.62,3.50,【活动支出】首次光顾立减:1.00元+【活动支出】单品特价:29.90元+【活动支出】饿了么红包:5.00元+【活动支出】 商家自营销加码:2.00元+【活动支出】替用户承担配送费:3.5元,-,-,-,1.00,温州区域,温州加盟,,,否,-,平台配送
圣比萨（鞋都店）,SBM00008,温州,"8058470254619964814	",饿了么,平台外卖,已完成,2025-10-21 16:15:19,2025-10-21 16:15:19,2025-10-21 16:15:20,饿了么支付-在线支付,,即时单,2025-10-21 16:15:19,35.17,被动出餐,1,否,"需要保温袋（0.30*1）,任选披萨5选1+小吃4选1+饮料套餐[全芝士披萨7英寸+蛋挞1个+小可乐]（68.00*1）",金牌芝士披萨【7英寸(手拍)】+蛋挞1个+小可乐,,,,非会员,23,,,依据餐量提供餐具,,68.30,12.73,48.28,0.00,0,0,1.43,0.51,3.50,【活动支出】单品特价:48.28元+【活动支出】替用户承担配送费:3.5元,-,-,-,0.00,温州区域,温州加盟,,,否,-,平台配送
圣比萨（鞋都店）,SBM00008,温州,"8061400254541236542	",饿了么,平台外卖,已完成,2025-10-21 16:26:06,2025-10-21 16:26:06,2025-10-21 16:26:06,饿了么支付-在线支付,,即时单,2025-10-21 16:26:06,39.87,被动出餐,1,否,"不要保温袋（0.00*1）,个人意面or焗饭经典套餐（42.00*1）,深海墨鱼丸-3个[{""name"":""规格"",""value"":""3个""}]（10.60*1）,餐盒（3.00*1）",港式奶茶+招牌肉酱芝士焗饭+上校鸡块+深海墨鱼丸,,,,非会员,24,,,依据餐量提供餐具,,52.60,20.88,25.30,0.00,0,0,2.05,0.82,3.50,【活动支出】店铺满减:1.00元+【活动支出】首次光顾立减:1.00元+【活动支出】单品特价:10.10元+【活动支出】单品特价:4.70元+【活动支出】饿了么红包:6.50元+【活动支出】粉丝群:2.00元+【活动支出】替用户承担配送费:3.5元,-,-,-,3.00,温州区域,温州加盟,,,否,-,平台配送
圣比萨（鞋都店）,SBM00008,温州,"8030966088498928094	",饿了么,平台外卖,已完成,2025-10-21 16:41:23,2025-10-21 16:41:23,2025-10-21 16:41:23,饿了么支付-在线支付,,即时单,2025-10-21 16:41:23,45.20,被动出餐,1,否,"披萨随心配（60.40*1）,需要保温袋（0.30*1）,餐盒（1.00*1）",地道肠1根+盐酥鸡米花小份+上校鸡块2个+新奥尔良烤鸡肉披萨(7英寸(手拍)),,,,非会员,25,,,依据餐量提供餐具,,60.70,14.77,38.90,0.00,0,0,1.49,0.59,4.00,【活动支出】单品特价:29.90元+【活动支出】粉丝群:2.00元+【活动支出】饿了么红包:7.00元+【活动支出】替用户承担配送费:4.0元,-,-,-,1.00,温州区域,温州加盟,,,否,-,平台配送
圣比萨（鞋都店）,SBM00008,温州,"8075370254541208867	",饿了么,平台外卖,已完成,2025-10-21 16:43:55,2025-10-21 16:43:55,2025-10-21 16:43:56,饿了么支付-在线支付,,即时单,2025-10-21 16:43:55,49.22,被动出餐,1,否,新奥尔良烤鸡肉披萨7寸-单点（22.00*1）,新奥尔良烤鸡肉披萨【7英寸(手拍)】,,,,非会员,26,,,依据餐量提供餐具,,22.00,12.00,0.00,0.00,0,0,0.00,0.00,,【活动支出】拼团反圈活动:0.00元,-,-,-,0.00,温州区域,温州加盟,,,否,-,平台配送
圣比萨（鞋都店）,SBM00008,温州,"8066786088559867388	",饿了么,平台外卖,已完成,2025-10-21 16:44:47,2025-10-21 16:44:47,2025-10-21 16:44:47,饿了么支付-在线支付,,即时单,2025-10-21 16:44:47,37.02,被动出餐,1,否,"不要保温袋（0.00*1）,任选披萨6选1+小吃5选1+饮料（58.00*1）,餐盒（2.00*1）",金丝鸡排+日系照烧鸡披萨(7英寸(手拍))+柠檬茶,,,,非会员,27,,,1份餐具,,58.00,17.54,34.10,0.00,0,0,1.72,0.69,3.50,【活动支出】首次光顾立减:1.00元+【活动支出】单品特价:26.10元+【活动支出】饿了么红包:7.00元+【活动支出】替用户承担配送费:3.5元,-,-,-,2.00,温州区域,温州加盟,,,否,-,平台配送
圣比萨（鞋都店）,SBM00008,温州,"8076566088561678651	",饿了么,平台外卖,已完成,2025-10-21 16:50:53,2025-10-21 16:50:53,2025-10-21 16:50:53,饿了么支付-在线支付,,即时单,2025-10-21 16:50:53,38.82,被动出餐,1,否,"不要保温袋（0.00*1）,咖喱香肠意面（58.00*1）,餐盒（1.00*1）",不要保温袋+咖喱香肠意面+餐盒,,,,非会员,28,,,1份餐具,,58.00,11.64,40.10,0.00,0,0,1.43,0.48,3.50,【活动支出】单品特价:33.10元+【活动支出】饿了么红包:5.00元+【活动支出】 商家自营销加码:2.00元+【活动支出】CPS商户叠加券:0.00元+【活动支出】替用户承担配送费:3.5元,-,-,-,1.00,温州区域,温州加盟,,,否,-,平台配送
圣比萨（鞋都店）,SBM00008,温州,"8079796088517672430	",饿了么,平台外卖,已完成,2025-10-21 17:09:58,2025-10-21 17:09:58,2025-10-21 17:09:58,饿了么支付-在线支付,,即时单,2025-10-21 17:09:58,61.00,被动出餐,1,否,"需要保温袋（0.30*1）,任选披萨6选1+小吃5选1+饮料（58.00*1）,餐盒（2.00*1）",上校鸡块+新奥尔良烤鸡肉披萨(7英寸(手拍))+港式奶茶,,,,非会员,29,,,依据餐量提供餐具,,58.30,16.47,34.60,0.00,0,0,1.70,0.68,5.00,【活动支出】单品特价:26.10元+【活动支出】精准营销红包:1.50元+【活动支出】饿了么红包:7.00元+【活动支出】替用户承担配送费:5.0元,-,-,-,2.00,温州区域,温州加盟,,,否,-,平台配送
圣比萨（鞋都店）,SBM00008,温州,"8056946088511098298	",饿了么,平台外卖,已完成,2025-10-21 17:10:27,2025-10-21 17:10:27,2025-10-21 17:10:27,饿了么支付-在线支付,,预约单,2025-10-21 20:20:00,198.05,被动出餐,1,否,"不要保温袋（0.00*1）,蛋挞一个（原味）（5.00*1）,披萨随心配（60.40*1）,餐盒（2.00*1）",蛋挞1个+盐酥鸡米花小份+深海墨鱼丸2个+蛋挞1个+缤纷水果披萨(7英寸(手拍)),,,,非会员,30,,,1份餐具,,65.40,14.88,43.80,0.00,0,0,1.55,0.62,3.50,【活动支出】单品特价:3.90元+【活动支出】单品特价:29.90元+【活动支出】饿了么红包:7.00元+【活动支出】粉丝群:3.00元+【活动支出】替用户承担配送费:3.5元,-,-,-,2.00,温州区域,温州加盟,,,否,-,平台配送
圣比萨（鞋都店）,SBM00008,温州,"8027566088519487779	",饿了么,平台外卖,已完成,2025-10-21 17:13:46,2025-10-21 17:13:46,2025-10-21 17:13:47,饿了么支付-在线支付,,即时单,2025-10-21 17:13:46,41.55,被动出餐,1,否,"不要保温袋（0.00*1）,缤纷芝士挞-菠萝味[{""name"":""规格"",""value"":""菠萝味""}]（7.00*1）,意面随心配（58.80*1）,餐盒（3.00*1）",缤纷芝士挞+黑椒烤肠意面+盐酥鸡米花小份+上校鸡块2个+薯饼2个,,,,非会员,31,,,依据餐量提供餐具,,65.80,17.84,41.90,0.00,0,0,1.79,0.72,3.50,【活动支出】单品特价:1.10元+【活动支出】单品特价:31.30元+【活动支出】饿了么红包:8.00元+【活动支出】精准营销红包:1.50元+【活动支出】替用户承担配送费:3.5元,-,-,-,3.00,温州区域,温州加盟,,,否,-,平台配送
圣比萨（鞋都店）,SBM00008,温州,"8006130254645973503	",饿了么,平台外卖,已完成,2025-10-21 17:15:45,2025-10-21 17:15:45,2025-10-21 17:15:46,饿了么支付-在线支付,,即时单,2025-10-21 17:15:45,43.37,被动出餐,1,否,"需要保温袋（0.30*1）,缤纷水果披萨-7英寸(手拍)[{""name"":""规格"",""value"":""7英寸(手拍)""}]（42.00*1）,餐盒（1.00*1）",缤纷水果披萨,,,,非会员,32,,,依据餐量提供餐具,,42.30,12.90,23.10,0.00,0,0,1.43,0.52,3.50,【活动支出】单品特价:16.10元+【活动支出】 商家自营销加码:2.00元+【活动支出】饿了么红包:5.00元+【活动支出】替用户承担配送费:3.5元,-,-,-,1.00,温州区域,温州加盟,,,否,-,平台配送
圣比萨（鞋都店）,SBM00008,温州,"8085856088587335121	",饿了么,平台外卖,已完成,2025-10-21 17:33:56,2025-10-21 17:33:56,2025-10-21 17:33:56,饿了么支付-在线支付,,即时单,2025-10-21 17:33:56,52.43,被动出餐,1,否,"需要保温袋（0.30*1）,披萨随心配（60.40*1）,餐盒（1.00*1）",地道肠1根+盐酥鸡米花小份+蛋挞1个+玉米沙拉披萨(7英寸(手拍)),,,,非会员,33,,,1份餐具,,60.70,15.06,36.90,0.00,0,0,1.64,0.65,4.50,【活动支出】单品特价:29.90元+【活动支出】饿了么红包:7.00元+【活动支出】替用户承担配送费:4.5元,-,-,-,1.00,温州区域,温州加盟,,,否,-,平台配送
圣比萨（鞋都店）,SBM00008,温州,"8093280254685000004	",饿了么,平台外卖,已完成,2025-10-21 17:41:48,2025-10-21 17:41:48,2025-10-21 17:41:48,饿了么支付-在线支付,,即时单,2025-10-21 17:41:48,25.55,被动出餐,1,否,"不要保温袋（0.00*1）,焗饭随心配（53.80*1）,餐盒（1.00*1）",盐酥鸡米花小份+上校鸡块2个+蛋挞1个+咖喱鸡肉芝士焗饭,,,,非会员,34,,,依据餐量提供餐具,,53.80,14.50,32.30,0.00,0,0,1.46,0.59,3.50,【活动支出】单品特价:25.30元+【活动支出】饿了么红包:5.00元+【活动支出】 商家自营销加码:2.00元+【活动支出】CPS商户叠加券:0.00元+【活动支出】替用户承担配送费:3.5元,-,-,-,1.00,温州区域,温州加盟,,,否,-,平台配送
圣比萨（鞋都店）,SBM00008,温州,"8091556088550189495	",饿了么,平台外卖,已完成,2025-10-21 17:43:37,2025-10-21 17:43:37,2025-10-21 17:43:38,饿了么支付-在线支付,,即时单,2025-10-21 17:43:37,33.28,被动出餐,1,否,"不要保温袋（0.00*1）,【粉丝福利】蛋挞一个（原味）（10.00*1）,烤甜玉米（12.00*1）,咖喱香肠意面（58.00*1）,藤椒金丝鸡排（10.88*1）,餐盒（4.00*1）",蛋挞1个+烤甜玉米+金丝鸡排,,,,非会员,35,,,依据餐量提供餐具,,90.88,26.04,57.48,0.00,0,0,2.58,1.03,3.50,【活动支出】店铺满减:1.00元+【活动支出】单品特价:8.30元+【活动支出】单品特价:3.10元+【活动支出】单品特价:33.10元+【活动支出】单品特价:2.98元+【活动支出】饿了么红包:9.00元+【活动支出】替用户承担配送费:3.5元,-,-,-,4.00,温州区域,温州加盟,,,否,-,平台配送
圣比萨（鞋都店）,SBM00008,温州,"8034120254574304764	",饿了么,平台外卖,已完成,2025-10-21 17:47:53,2025-10-21 17:47:53,2025-10-21 17:47:54,饿了么支付-在线支付,,即时单,2025-10-21 17:47:53,34.53,被动出餐,1,否,"不要保温袋（0.00*1）,意面随心配（58.80*1）,餐盒（1.00*1）",番茄牛肉意面+上校鸡块2个+蛋挞1个+薯饼2个,,,,非会员,36,,,依据餐量提供餐具,,58.80,13.56,38.30,0.00,0,0,1.43,0.56,3.50,【活动支出】单品特价:31.30元+【活动支出】饿了么红包:5.00元+【活动支出】 商家自营销加码:2.00元+【活动支出】CPS商户叠加券:0.00元+【活动支出】替用户承担配送费:3.5元,-,-,-,1.00,温州区域,温州加盟,,,否,-,平台配送
圣比萨（鞋都店）,SBM00008,温州,"8005556088578366721	",饿了么,平台外卖,已完成,2025-10-21 18:01:17,2025-10-21 18:01:17,2025-10-21 18:01:17,饿了么支付-在线支付,,即时单,2025-10-21 18:01:17,16.02,被动出餐,1,否,"需要保温袋（0.30*1）,榴莲王披萨-7英寸（经典手拍)[{""name"":""规格"",""value"":""7英寸（经典手拍)""}]（52.00*1）,餐盒（1.00*1）",榴莲王披萨,,,,非会员,37,,,依据餐量提供餐具,,52.30,36.38,3.00,0.00,0,0,3.55,1.42,3.50,【活动支出】店铺满减:1.00元+【活动支出】粉丝群:2.00元+【活动支出】替用户承担配送费:3.5元,-,-,-,1.00,温州区域,温州加盟,,,否,-,平台配送
圣比萨（鞋都店）,SBM00008,温州,"8037150254697478552	",饿了么,平台外卖,已完成,2025-10-21 18:07:42,2025-10-21 18:07:42,2025-10-21 18:07:42,饿了么支付-在线支付,,即时单,2025-10-21 18:07:42,32.52,被动出餐,1,否,"不要保温袋（0.00*1）,缤纷水果披萨-7英寸(手拍)[{""name"":""规格"",""value"":""7英寸(手拍)""}]（42.00*1）",缤纷水果披萨,,,,非会员,38,,,依据餐量提供餐具,,42.00,11.06,23.70,0.00,0,0,1.43,0.46,3.50,【活动支出】单品特价:23.70元+【活动支出】替用户承担配送费:3.5元,-,-,-,0.00,温州区域,温州加盟,,,否,-,平台配送
圣比萨（鞋都店）,SBM00008,温州,"8018170254787021147	",饿了么,平台外卖,已完成,2025-10-21 18:17:28,2025-10-21 18:17:28,2025-10-21 18:17:28,饿了么支付-在线支付,,即时单,2025-10-21 18:17:28,41.70,被动出餐,1,否,"不要保温袋（0.00*1）,任选披萨6选1+小吃5选1+饮料（58.00*1）,餐盒（2.00*1）",金丝鸡排+缤纷水果披萨(7英寸(手拍))+港式奶茶,,,,非会员,39,,,1份餐具,,58.00,13.95,36.10,0.00,0,0,1.57,0.63,5.60,【活动支出】首次光顾立减:1.00元+【活动支出】单品特价:26.10元+【活动支出】饿了么红包:7.00元+【活动支出】粉丝群:2.00元+【活动支出】替用户承担配送费:5.6元,-,-,-,2.00,温州区域,温州加盟,,,否,-,平台配送
圣比萨（鞋都店）,SBM00008,温州,"8080120254697471349	",饿了么,平台外卖,已完成,2025-10-21 18:37:06,2025-10-21 18:37:06,2025-10-21 18:37:06,饿了么支付-在线支付,,即时单,2025-10-21 18:37:06,27.82,被动出餐,1,否,7寸日系照烧鸡披萨-单点（22.00*1）,日系照烧鸡披萨【7英寸(手拍)】,,,,非会员,40,,,依据餐量提供餐具,,22.00,12.00,0.00,0.00,0,0,0.00,0.00,,【活动支出】拼团反圈活动:0.00元,-,-,-,0.00,温州区域,温州加盟,,,否,-,平台配送
圣比萨（鞋都店）,SBM00008,温州,"8092370254798167392	",饿了么,平台外卖,已完成,2025-10-21 18:40:02,2025-10-21 18:40:02,2025-10-21 18:40:03,饿了么支付-在线支付,,即时单,2025-10-21 18:40:02,34.48,被动出餐,1,否,"不要保温袋（0.00*2）,焗饭随心配（53.80*1）,餐盒（1.00*1）",盐酥鸡米花小份+深海墨鱼丸2个+蛋挞1个+咖喱鸡肉芝士焗饭,,,,非会员,41,,,依据餐量提供餐具,,53.80,13.60,32.30,0.00,0,0,1.46,0.59,4.50,【活动支出】单品特价:25.30元+【活动支出】饿了么红包:5.00元+【活动支出】 商家自营销加码:2.00元+【活动支出】CPS商户叠加券:0.00元+【活动支出】替用户承担配送费:4.5元,-,-,-,1.00,温州区域,温州加盟,,,否,-,平台配送
圣比萨（鞋都店）,SBM00008,温州,"8064480254727391623	",饿了么,平台外卖,已完成,2025-10-21 18:53:46,2025-10-21 18:53:46,2025-10-21 18:53:46,饿了么支付-在线支付,,即时单,2025-10-21 18:53:46,32.32,被动出餐,1,否,"芝士焗饭一人食套餐（61.00*1）,需要保温袋（0.30*1）,餐盒（2.00*1）",招牌肉酱芝士焗饭+上校鸡块+小可乐,,,,非会员,42,,,依据餐量提供餐具,,61.30,21.97,30.10,0.00,0,0,2.27,0.91,4.50,【活动支出】首次光顾立减:1.00元+【活动支出】单品特价:29.10元+【活动支出】替用户承担配送费:4.5元,-,-,-,2.00,温州区域,温州加盟,,,否,-,平台配送
圣比萨（鞋都店）,SBM00008,温州,"8096746088577255805	",饿了么,平台外卖,已完成,2025-10-21 19:02:26,2025-10-21 19:02:26,2025-10-21 19:02:26,饿了么支付-在线支付,,即时单,2025-10-21 19:02:26,32.47,被动出餐,1,否,"焗饭随心配（53.80*1）,需要保温袋（0.30*1）,餐盒（1.00*1）",盐酥鸡米花小份+上校鸡块2个+薯饼2个+碳烤鸡肉芝士焗饭,,,,非会员,43,,,1份餐具,,54.10,15.07,31.30,0.00,0,0,1.56,0.62,3.50,【活动支出】首次光顾立减:1.00元+【活动支出】单品特价:25.30元+【活动支出】饿了么红包:5.00元+【活动支出】替用户承担配送费:3.5元,-,-,-,1.00,温州区域,温州加盟,,,否,-,平台配送
圣比萨（鞋都店）,SBM00008,温州,"8067130254632621564	",饿了么,平台外卖,已完成,2025-10-21 19:19:37,2025-10-21 19:19:37,2025-10-21 19:19:37,饿了么支付-在线支付,,即时单,2025-10-21 19:19:37,29.93,被动出餐,1,否,"需要保温袋（0.30*1）,缤纷水果披萨-7英寸(手拍)[{""name"":""规格"",""value"":""7英寸(手拍)""}]（42.00*1）,餐盒（1.00*1）",缤纷水果披萨,,,,非会员,44,,,依据餐量提供餐具,,42.30,8.19,26.10,0.00,0,0,1.43,0.43,5.60,【活动支出】首次光顾立减:1.00元+【活动支出】单品特价:16.10元+【活动支出】 商家自营销加码:2.00元+【活动支出】粉丝群:2.00元+【活动支出】饿了么红包:5.00元+【活动支出】替用户承担配送费:5.6元,-,-,-,1.00,温州区域,温州加盟,,,否,-,平台配送
圣比萨（鞋都店）,SBM00008,温州,"8086906088595413492	",饿了么,平台外卖,已完成,2025-10-21 19:31:58,2025-10-21 19:31:58,2025-10-21 19:31:59,饿了么支付-在线支付,,即时单,2025-10-21 19:31:58,41.17,被动出餐,1,否,"不要保温袋（0.00*1）,披萨随心配（60.40*1）,餐盒（1.00*1）",地道肠1根+盐酥鸡米花小份+蛋挞1个+缤纷水果披萨(7英寸(手拍)),,,,非会员,45,,,直接放门口 / 依据餐量提供餐具,,60.40,14.79,36.90,0.00,0,0,1.61,0.65,5.00,【活动支出】单品特价:29.90元+【活动支出】饿了么红包:7.00元+【活动支出】替用户承担配送费:5.0元,-,-,-,1.00,温州区域,温州加盟,,,否,-,平台配送
圣比萨（鞋都店）,SBM00008,温州,"8077000254751069489	",饿了么,平台外卖,已完成,2025-10-21 19:46:54,2025-10-21 19:46:54,2025-10-21 19:46:54,饿了么支付-在线支付,,即时单,2025-10-21 19:46:54,14.23,被动出餐,1,否,"盐酥鸡粒（21.00*1）,需要保温袋（0.30*1）,新奥尔良烤鸡肉披萨-9英寸(手拍)[{""name"":""规格"",""value"":""9英寸(手拍)""}]（78.00*1）,餐盒（3.00*1）",盐酥鸡粒+新奥尔良烤鸡肉披萨,,,,非会员,46,,,依据餐量提供餐具,,99.30,27.56,63.20,0.00,0,0,2.71,1.08,3.50,【活动支出】店铺满减:1.00元+【活动支出】首次光顾立减:1.00元+【活动支出】单品特价:12.10元+【活动支出】单品特价:40.10元+【活动支出】饿了么红包:9.00元+【活动支出】替用户承担配送费:3.5元,-,-,-,3.00,温州区域,温州加盟,,,否,-,平台配送
圣比萨（鞋都店）,SBM00008,温州,"8095916088630392309	",饿了么,平台外卖,已完成,2025-10-21 20:20:11,2025-10-21 20:20:11,2025-10-21 20:20:11,饿了么支付-在线支付,,即时单,2025-10-21 20:20:11,18.82,被动出餐,1,否,"不要保温袋（0.00*1）,焗饭随心配（53.80*1）,餐盒（1.00*1）",地道肠1根+盐酥鸡米花小份+深海墨鱼丸2个+黑椒牛肉芝士焗饭,,,,非会员,47,,,中辣，多加点米饭，谢谢 / 依据餐量提供餐具,,53.80,13.08,33.80,0.00,0,0,1.43,0.54,3.50,【活动支出】单品特价:25.30元+【活动支出】饿了么红包:7.00元+【活动支出】精准营销红包:1.50元+【活动支出】替用户承担配送费:3.5元,-,-,-,1.00,温州区域,温州加盟,,,否,-,平台配送
圣比萨（鞋都店）,SBM00008,温州,"8067070254753095950	",饿了么,平台外卖,已完成,2025-10-21 20:48:12,2025-10-21 20:48:12,2025-10-21 20:48:12,饿了么支付-在线支付,,即时单,2025-10-21 20:48:12,22.07,被动出餐,1,否,"榴莲王披萨-7英寸（经典手拍)[{""name"":""规格"",""value"":""7英寸（经典手拍)""}]（52.00*1）,需要保温袋（0.30*1）",榴莲王披萨,,,,非会员,48,,,1份餐具,,52.30,21.42,21.40,0.00,0,0,2.09,0.84,3.50,【活动支出】单品特价:21.40元+【活动支出】替用户承担配送费:3.5元,-,-,-,0.00,温州区域,温州加盟,,,否,-,平台配送
圣比萨（鞋都店）,SBM00008,温州,"8023906088626660862	",饿了么,平台外卖,已完成,2025-10-21 20:56:28,2025-10-21 20:56:28,2025-10-21 20:56:28,饿了么支付-在线支付,,即时单,2025-10-21 20:56:28,14.78,被动出餐,1,否,"不要保温袋（0.00*1）,任选披萨6选1+小吃5选1+饮料（58.00*1）,缤纷芝士挞-菠萝味[{""name"":""规格"",""value"":""菠萝味""}]（7.00*1）,餐盒（4.00*1）",地道肠1根+日系照烧鸡披萨(7英寸(手拍))+柠檬茶+缤纷芝士挞,,,,非会员,49,,,依据餐量提供餐具,,65.00,22.23,37.20,0.00,0,0,2.16,0.86,3.50,【活动支出】店铺满减:1.00元+【活动支出】首次光顾立减:1.00元+【活动支出】单品特价:26.10元+【活动支出】单品特价:1.10元+【活动支出】超级会员专享红包:8.00元+【活动支出】 商家自营销加码:0.00元+【活动支出】替用户承担配送费:3.5元,-,-,-,4.00,温州区域,温州加盟,,,否,-,平台配送
圣比萨（鞋都店）,SBM00008,温州,"8080726088641064442	",饿了么,平台外卖,已完成,2025-10-21 20:59:00,2025-10-21 20:59:00,2025-10-21 20:59:00,饿了么支付-在线支付,,即时单,2025-10-21 20:59:00,28.38,被动出餐,1,否,"需要保温袋（0.30*1）,榴莲王披萨-9英寸(经典手拍)[{""name"":""规格"",""value"":""9英寸(经典手拍)""}]（92.00*1）,餐盒（1.00*1）",榴莲王披萨,,,,非会员,50,,,依据餐量提供餐具,,92.30,21.97,59.10,0.00,0,0,2.34,0.94,5.60,【活动支出】店铺满减:1.00元+【活动支出】单品特价:48.10元+【活动支出】下单返红包:2.00元+【活动支出】饿了么红包:8.00元+【活动支出】替用户承担配送费:5.6元,-,-,-,1.00,温州区域,温州加盟,,,否,-,平台配送
圣比萨（鞋都店）,SBM00008,温州,"8085340254685161947	",饿了么,平台外卖,已完成,2025-10-21 21:54:36,2025-10-21 21:54:36,2025-10-21 21:54:37,饿了么支付-在线支付,,即时单,2025-10-21 21:54:36,23.22,被动出餐,1,否,"7寸披萨一人食土豪餐（70.00*1）,需要保温袋（0.30*1）,餐盒（2.00*1）",碳烤鸡肉培根披萨(7英寸(手拍))+港式奶茶+深海墨鱼丸(3个)+金丝鸡排,,,,非会员,51,,,2份餐具,,70.30,20.74,41.60,0.00,0,0,2.08,0.83,5.60,【活动支出】单品特价:35.10元+【活动支出】精准营销红包:1.50元+【活动支出】饿了么红包:5.00元+【活动支出】替用户承担配送费:5.6元,-,-,-,2.00,温州区域,温州加盟,,,否,-,平台配送
圣比萨（鞋都店）,SBM00008,温州,"8016606088682800479	",饿了么,平台外卖,已完成,2025-10-21 22:22:33,2025-10-21 22:22:33,2025-10-21 22:22:33,饿了么支付-在线支付,,即时单,2025-10-21 22:22:33,25.80,被动出餐,1,否,"不要保温袋（0.00*1）,披萨随心配（60.40*1）,餐盒（1.00*1）",盐酥鸡米花小份+深海墨鱼丸2个+蛋挞1个+新奥尔良烤鸡肉披萨(7英寸(手拍)),,,,非会员,52,,,依据餐量提供餐具,,60.40,12.88,35.90,0.00,0,0,1.69,0.68,8.90,【活动支出】首次光顾立减:1.00元+【活动支出】单品特价:29.90元+【活动支出】吃货豆兑换的商家券:5.00元+【活动支出】替用户承担配送费:6.0元,-,-,-,1.00,温州区域,温州加盟,,,否,-,平台配送
圣比萨（鞋都店）,SBM00008,温州,"8073766088685250943	",饿了么,平台外卖,已完成,2025-10-21 23:02:46,2025-10-21 23:02:46,2025-10-21 23:02:47,饿了么支付-在线支付,,即时单,2025-10-21 23:02:46,24.23,被动出餐,1,否,"奥尔良烤鸡肉披萨9寸（78.00*1）,需要保温袋（0.30*1）,餐盒（2.00*1）",新奥尔良烤鸡肉披萨【9英寸(手拍)】,,,,非会员,53,,,4份餐具,,78.30,25.95,43.10,0.00,0,0,2.57,1.03,5.60,【活动支出】店铺满减:1.00元+【活动支出】单品特价:40.10元+【活动支出】粉丝群:2.00元+【活动支出】替用户承担配送费:5.6元,-,-,-,2.00,温州区域,温州加盟,,,否,-,平台配送
圣比萨（鞋都店）,SBM00008,温州,"8000786088688812540	",饿了么,平台外卖,已完成,2025-10-21 23:03:27,2025-10-21 23:03:27,2025-10-21 23:03:27,饿了么支付-在线支付,,即时单,2025-10-21 23:03:27,17.17,被动出餐,1,否,"需要保温袋（0.30*1）,披萨随心配（60.40*1）,餐盒（1.00*1）",盐酥鸡米花小份+深海墨鱼丸2个+蛋挞1个+碳烤鸡肉培根披萨(7英寸(手拍)),,,,非会员,54,,,2份餐具,,60.70,15.46,36.90,0.00,0,0,1.64,0.65,5.60,【活动支出】单品特价:29.90元+【活动支出】饿了么红包:7.00元+【活动支出】替用户承担配送费:5.6元,-,-,-,1.00,温州区域,温州加盟,,,否,-,平台配送
圣比萨（鞋都店）,SBM00008,温州,"8027230254784233888	",饿了么,平台外卖,已完成,2025-10-21 23:29:16,2025-10-21 23:29:16,2025-10-21 23:29:16,饿了么支付-在线支付,,即时单,2025-10-21 23:29:16,43.10,被动出餐,1,否,"不要保温袋（0.00*1）,[买一送一]买披萨送意面[奥尔良烤鸡肉披萨+咖喱鸡肉意面]（75.00*1）,餐盒（2.00*1）",新奥尔良烤鸡肉披萨【7英寸(手拍)】,,,,非会员,55,,,1份餐具,,75.00,14.92,46.10,0.00,0,0,2.09,0.84,11.90,【活动支出】店铺满减:1.00元+【活动支出】首次光顾立减:1.00元+【活动支出】单品特价:30.10元+【活动支出】饿了么红包:12.00元+【活动支出】粉丝群:2.00元+【活动支出】替用户承担配送费:6.0元,-,-,-,2.00,温州区域,温州加盟,,,否,-,平台配送
圣比萨·披萨·炸鸡（天河店）,SBM00028,温州,"8069786087682012614	",饿了么,平台外卖,已完成,2025-10-19 15:56:34,2025-10-19 15:56:34,2025-10-19 15:56:34,饿了么支付-在线支付,,预约单,2025-10-21 11:40:00,2576.43,自动出餐,1,否,"新奥尔良烤鸡肉披萨-7英寸(手拍)[{""name"":""规格"",""value"":""7英寸(手拍)""}]（25.90*1）,餐盒（2.00*1）",新奥尔良烤鸡肉披萨,,,,非会员,1,,,1份餐具,,25.90,11.82,7.00,0.00,0,0,1.43,0.00,6.20,【活动支出】首次光顾立减:1.00元+【活动支出】饿了么红包:6.00元+【活动支出】替用户承担配送费:5.0元,-,-,-,2.00,温州区域,温州直营,,,否,-,平台配送
圣比萨·披萨·炸鸡（天河店）,SBM00028,温州,"8005636088291776798	",饿了么,平台外卖,已完成,2025-10-21 09:16:14,2025-10-21 09:16:14,2025-10-21 09:16:14,饿了么支付-在线支付,,预约单,2025-10-21 10:45:00,41.95,自动出餐,1,否,"新奥尔良烤鸡肉披萨-7英寸(手拍)[{""name"":""规格"",""value"":""7英寸(手拍)""}]（25.90*1）,奶酪芝士卷边（7英寸）（4.90*1）,餐盒（2.00*1）",新奥尔良烤鸡肉披萨+奶酪芝士卷边7,,,,非会员,2,,,2份餐具,,30.80,13.08,7.00,0.00,0,0,1.67,0.00,10.50,【活动支出】首次光顾立减:1.00元+【活动支出】饿了么红包:6.00元+【活动支出】替用户承担配送费:5.0元,-,-,-,2.00,温州区域,温州直营,,,否,-,平台配送
圣比萨·披萨·炸鸡（天河店）,SBM00028,温州,"8063826088376123805	",饿了么,平台外卖,已完成,2025-10-21 10:34:53,2025-10-21 10:34:53,2025-10-21 10:34:53,饿了么支付-在线支付,,预约单,2025-10-21 11:25:00,3.20,自动出餐,1,否,"酸奶多多流心卷边（7英寸）（4.90*1）,【随心❤️拼】7英寸双拼披萨（口味自选）[碳烤鸡肉培根+浪漫威尼斯]（27.90*1）,餐盒（2.00*1）",酸奶多多流心卷边7+双拼7寸【碳烤鸡肉培根口味7】+双拼7寸【浪漫威尼斯口味7】,,,,非会员,3,,,依据餐量提供餐具,,32.80,17.70,8.00,0.00,0,0,1.75,0.00,5.00,【活动支出】首次光顾立减:1.00元+【活动支出】饿了么红包:7.00元+【活动支出】替用户承担配送费:5.0元,-,-,-,2.00,温州区域,温州直营,,,否,-,平台配送
圣比萨·披萨·炸鸡（天河店）,SBM00028,温州,"8074000254362442060	",饿了么,平台外卖,已完成,2025-10-21 10:38:55,2025-10-21 10:38:55,2025-10-21 10:38:55,饿了么支付-在线支付,,即时单,2025-10-21 10:38:55,13.03,自动出餐,1,否,"【任选】买一送一7英寸披萨（62.60*1）,餐盒（2.00*1）",新奥尔良烤鸡肉披萨(7英寸(手拍))+大圣招牌大满贯披萨(7英寸(手拍)),,,,非会员,4,,,依据餐量提供餐具,,62.60,36.23,15.50,0.00,0,0,3.42,0.00,3.50,【活动支出】店铺满减:2.00元+【活动支出】下单返红包:1.50元+【活动支出】饿了么红包:12.00元+【活动支出】替用户承担配送费:3.5元,-,-,-,2.00,温州区域,温州直营,,,否,-,平台配送
圣比萨·披萨·炸鸡（天河店）,SBM00028,温州,"8037926088370766264	",饿了么,平台外卖,已完成,2025-10-21 10:53:30,2025-10-21 10:53:30,2025-10-21 10:53:31,饿了么支付-在线支付,,即时单,2025-10-21 10:53:30,13.18,自动出餐,1,否,"奥尔良风情烤鸡肉一人食盒子披萨（23.90*1）,新店开业福利小吃（限一份，多点不送）[上校鸡块2个]（0.20*1）,蛋挞一个（3.90*1）,餐盒（2.00*1）",奥尔良风情烤鸡肉一人食盒子披萨+上校鸡块2个+蛋挞1个,,,,非会员,5,,,不要香菜，谢谢 / 依据餐量提供餐具,,28.00,13.81,8.91,0.00,0,0,1.43,0.00,3.50,【活动支出】首次光顾立减:1.00元+【活动支出】单品特价:1.91元+【活动支出】饿了么红包:6.00元+【活动支出】替用户承担配送费:3.5元,-,-,-,2.00,温州区域,温州直营,,,否,-,平台配送
圣比萨·披萨·炸鸡（天河店）,SBM00028,温州,"8050170254404350390	",饿了么,平台外卖,已完成,2025-10-21 11:17:14,2025-10-21 11:17:14,2025-10-21 11:17:14,饿了么支付-在线支付,,即时单,2025-10-21 11:17:14,14.17,自动出餐,1,否,"【随心❤️拼】7英寸双拼披萨（口味自选）[新奥尔良烤鸡肉+日系照烧鸡]（27.90*1）,餐盒（2.00*1）",双拼7寸【奥尔良口味7】+双拼7寸【日系照烧口味7】,,,,非会员,6,,,依据餐量提供餐具,,27.90,15.12,7.50,0.00,0,0,1.43,0.00,3.50,【活动支出】下单返红包:1.50元+【活动支出】饿了么红包:6.00元+【活动支出】替用户承担配送费:3.5元,-,-,-,2.00,温州区域,温州直营,,,否,-,平台配送
圣比萨·披萨·炸鸡（天河店）,SBM00028,温州,"8053626088421410299	",饿了么,平台外卖,已完成,2025-10-21 11:17:50,2025-10-21 11:17:50,2025-10-21 11:17:50,饿了么支付-在线支付,,即时单,2025-10-21 11:17:50,14.07,自动出餐,1,否,"咸蛋黄风味流心卷边（9英寸）（6.90*1）,大圣招牌大满贯披萨-9英寸(手拍)[{""name"":""规格"",""value"":""9英寸(手拍)""}]（43.90*1）,餐盒（2.00*1）",咸蛋黄流沙卷边9+大圣招牌大满贯披萨,,,,非会员,7,,,1份餐具,,50.80,31.60,10.00,0.00,0,0,2.95,0.00,3.50,【活动支出】店铺满减:1.00元+【活动支出】首次光顾立减:1.00元+【活动支出】饿了么红包:8.00元+【活动支出】替用户承担配送费:3.5元,-,-,-,2.00,温州区域,温州直营,,,否,-,平台配送
圣比萨·披萨·炸鸡（天河店）,SBM00028,温州,"8069686088361068020	",饿了么,平台外卖,已完成,2025-10-21 11:22:12,2025-10-21 11:22:12,2025-10-21 11:22:12,饿了么支付-在线支付,,即时单,2025-10-21 11:22:12,14.13,自动出餐,1,否,"奥尔良烤翅（8.90*1）,大圣招牌大满贯披萨-9英寸(手拍)[{""name"":""规格"",""value"":""9英寸(手拍)""}]（43.90*1）,餐盒（3.00*1）",奥尔良烤翅+大圣招牌大满贯披萨,,,,非会员,8,,,多给几包番茄酱谢谢 / 依据餐量提供餐具,,52.80,32.39,11.50,0.00,0,0,3.06,0.00,3.50,【活动支出】店铺满减:1.00元+【活动支出】下单返红包:1.50元+【活动支出】饿了么红包:9.00元+【活动支出】淘金币:0.00元+【活动支出】替用户承担配送费:3.5元,-,-,-,3.00,温州区域,温州直营,,,否,-,平台配送
圣比萨·披萨·炸鸡（天河店）,SBM00028,温州,"8084716088412075447	",饿了么,平台外卖,已完成,2025-10-21 11:47:40,2025-10-21 11:47:40,2025-10-21 11:47:40,饿了么支付-在线支付,,即时单,2025-10-21 11:47:40,14.20,自动出餐,1,否,"酸奶多多流心卷边（7英寸）（4.90*1）,新奥尔良烤鸡肉披萨-7英寸(手拍)[{""name"":""规格"",""value"":""7英寸(手拍)""}]（25.90*1）,餐盒（2.00*1）",酸奶多多流心卷边7+新奥尔良烤鸡肉披萨,,,,非会员,9,,,依据餐量提供餐具,,30.80,16.75,8.00,0.00,0,0,1.60,0.00,4.00,【活动支出】首次光顾立减:1.00元+【活动支出】饿了么红包:7.00元+【活动支出】替用户承担配送费:4.0元,-,-,-,2.00,温州区域,温州直营,,,否,-,平台配送
圣比萨·披萨·炸鸡（天河店）,SBM00028,温州,"8054546088384540939	",饿了么,平台外卖,已完成,2025-10-21 11:48:54,2025-10-21 11:48:54,2025-10-21 11:48:55,饿了么支付-在线支付,,即时单,2025-10-21 11:48:54,14.18,自动出餐,1,否,"【随心❤️拼】7英寸双拼披萨（口味自选）[新奥尔良烤鸡肉+碳烤鸡肉培根]（27.90*1）,餐盒（2.00*1）",双拼7寸【奥尔良口味7】+双拼7寸【碳烤鸡肉培根口味7】,,,,非会员,10,,,1份餐具,,27.90,13.72,8.00,0.00,0,0,1.43,0.00,5.00,【活动支出】首次光顾立减:1.00元+【活动支出】饿了么红包:7.00元+【活动支出】替用户承担配送费:5.0元,-,-,-,2.00,温州区域,温州直营,,,否,-,平台配送
圣比萨·披萨·炸鸡（天河店）,SBM00028,温州,"8023340254543868264	",饿了么,平台外卖,已完成,2025-10-21 11:50:00,2025-10-21 11:50:00,2025-10-21 11:50:01,饿了么支付-在线支付,,即时单,2025-10-21 11:50:00,14.02,自动出餐,1,否,"红薯薯泥流心卷边（7英寸）（4.90*1）,【随心❤️拼】7英寸双拼披萨（口味自选）[玉米沙拉+缤纷水果]（27.90*1）,餐盒（2.00*1）",红薯泥流心卷边7+双拼7寸【玉米沙拉口味7】+双拼7寸【缤纷水果口味7】,,,,非会员,11,,,依据餐量提供餐具,,32.80,17.70,8.00,0.00,0,0,1.75,0.00,4.50,【活动支出】首次光顾立减:1.00元+【活动支出】饿了么红包:7.00元+【活动支出】替用户承担配送费:4.5元,-,-,-,2.00,温州区域,温州直营,,,否,-,平台配送
圣比萨·披萨·炸鸡（天河店）,SBM00028,温州,"8008150254445555197	",饿了么,平台外卖,已完成,2025-10-21 12:07:29,2025-10-21 12:07:29,2025-10-21 12:07:29,饿了么支付-在线支付,,即时单,2025-10-21 12:07:29,14.17,自动出餐,1,否,"缤纷水果披萨-7英寸(手拍)[{""name"":""规格"",""value"":""7英寸(手拍)""}]（25.90*1）,餐盒（2.00*1）",缤纷水果披萨,,,,非会员,12,,,依据餐量提供餐具,,25.90,12.72,7.00,0.00,0,0,1.43,0.00,4.50,【活动支出】首次光顾立减:1.00元+【活动支出】饿了么红包:6.00元+【活动支出】替用户承担配送费:4.5元,-,-,-,2.00,温州区域,温州直营,,,否,-,平台配送
圣比萨·披萨·炸鸡（天河店）,SBM00028,温州,"8000300254638359852	",饿了么,平台外卖,已完成,2025-10-21 12:27:31,2025-10-21 12:27:31,2025-10-21 12:27:31,饿了么支付-在线支付,,即时单,2025-10-21 12:27:31,14.22,自动出餐,1,否,"红薯薯泥流心卷边（7英寸）（4.90*1）,新店开业福利小吃（限一份，多点不送）[墨鱼丸1个]（0.20*1）,【随心❤️拼】7英寸双拼披萨（口味自选）[新奥尔良烤鸡肉+浪漫威尼斯]（27.90*1）,餐盒（2.00*1）",红薯泥流心卷边7+深海墨鱼丸1个+双拼7寸【奥尔良口味7】+双拼7寸【浪漫威尼斯口味7】,,,,非会员,13,,,依据餐量提供餐具,,33.00,17.91,7.00,0.00,0,0,1.84,0.00,6.20,【活动支出】首次光顾立减:1.00元+【活动支出】饿了么红包:6.00元+【活动支出】替用户承担配送费:5.0元,-,-,-,2.00,温州区域,温州直营,,,否,-,平台配送
圣比萨·披萨·炸鸡（天河店）,SBM00028,温州,"8038310254572521761	",饿了么,平台外卖,已完成,2025-10-21 12:47:20,2025-10-21 12:47:20,2025-10-21 12:47:20,饿了么支付-在线支付,,即时单,2025-10-21 12:47:20,14.10,自动出餐,1,否,"【任选】披萨随心配（31.90*1）,餐盒（2.00*1）",地道肠1根+新奥尔良烤鸡肉披萨(7英寸(手拍))+小可乐,,,,非会员,14,,,依据餐量提供餐具,,31.90,18.69,7.00,0.00,0,0,1.76,0.00,3.50,【活动支出】首次光顾立减:1.00元+【活动支出】饿了么红包:6.00元+【活动支出】替用户承担配送费:3.5元,-,-,-,2.00,温州区域,温州直营,,,否,-,平台配送
圣比萨·披萨·炸鸡（天河店）,SBM00028,温州,"8047736088492372397	",饿了么,平台外卖,已退款,2025-10-21 12:59:27,2025-10-21 12:59:27,2025-10-21 12:59:27,饿了么支付-在线支付,,即时单,2025-10-21 12:59:27,,未出餐,1,否,"新奥尔良烤鸡肉披萨-7英寸(手拍)[{""name"":""规格"",""value"":""7英寸(手拍)""}]（25.90*1）,餐盒（2.00*1）",新奥尔良烤鸡肉披萨,,,,非会员,15,,,依据餐量提供餐具,"餐厅同意取消单 ",25.90,-5.68,7.00,17.50,0,0,1.43,0.00,5.60,【活动支出】首次光顾立减:1.00元+【活动支出】饿了么红包:6.00元+【活动支出】替用户承担配送费:5.0元,-,-,-,2.00,温州区域,温州直营,,,否,-,平台配送
圣比萨·披萨·炸鸡（天河店）,SBM00028,温州,"8038380254587113962	",饿了么,平台外卖,已完成,2025-10-21 13:04:38,2025-10-21 13:04:38,2025-10-21 13:04:38,饿了么支付-在线支付,,即时单,2025-10-21 13:04:38,14.20,自动出餐,1,否,"新奥尔良烤鸡肉披萨-9英寸(手拍)[{""name"":""规格"",""value"":""9英寸(手拍)""}]（33.90*1）,奶酪芝士卷边（9英寸）（6.90*1）,餐盒（2.00*1）",新奥尔良烤鸡肉披萨+奶酪芝士卷边9,,,,非会员,16,,,依据餐量提供餐具,,40.80,20.35,10.00,0.00,0,0,2.20,0.00,6.80,【活动支出】店铺满减:1.00元+【活动支出】首次光顾立减:1.00元+【活动支出】饿了么红包:8.00元+【活动支出】替用户承担配送费:5.0元,-,-,-,2.00,温州区域,温州直营,,,否,-,平台配送
圣比萨·披萨·炸鸡（天河店）,SBM00028,温州,"8089070254584297777	",饿了么,平台外卖,已完成,2025-10-21 13:05:45,2025-10-21 13:05:45,2025-10-21 13:05:45,饿了么支付-在线支付,,即时单,2025-10-21 13:05:45,14.15,自动出餐,1,否,"红薯薯泥流心卷边（7英寸）（4.90*1）,【随心❤️拼】7英寸双拼披萨（口味自选）[玉米沙拉+缤纷水果]（27.90*1）,餐盒（2.00*1）",红薯泥流心卷边7+双拼7寸【玉米沙拉口味7】+双拼7寸【缤纷水果口味7】,,,,非会员,17,,,依据餐量提供餐具,,32.80,17.73,7.00,0.00,0,0,1.82,0.00,6.20,【活动支出】首次光顾立减:1.00元+【活动支出】饿了么红包:6.00元+【活动支出】替用户承担配送费:5.0元,-,-,-,2.00,温州区域,温州直营,,,否,-,平台配送
圣比萨·披萨·炸鸡（天河店）,SBM00028,温州,"8025210254481247630	",饿了么,平台外卖,已完成,2025-10-21 13:18:56,2025-10-21 13:18:56,2025-10-21 13:18:57,饿了么支付-在线支付,,即时单,2025-10-21 13:18:56,11.58,手动出餐,1,否,"【随心❤️拼】7英寸双拼披萨（口味自选）[新奥尔良烤鸡肉+缤纷水果]（27.90*1）,奶酪芝士卷边（7英寸）（4.90*1）,餐盒（2.00*1）",双拼7寸【奥尔良口味7】+双拼7寸【缤纷水果口味7】+奶酪芝士卷边7,,,,非会员,18,,,依据餐量提供餐具,,32.80,18.60,8.00,0.00,0,0,1.75,0.00,3.50,【活动支出】首次光顾立减:1.00元+【活动支出】饿了么红包:7.00元+【活动支出】替用户承担配送费:3.5元,-,-,-,2.00,温州区域,温州直营,,,否,-,平台配送
圣比萨·披萨·炸鸡（天河店）,SBM00028,温州,"8045200254597786063	",饿了么,平台外卖,已完成,2025-10-21 13:35:20,2025-10-21 13:35:20,2025-10-21 13:35:20,饿了么支付-在线支付,,即时单,2025-10-21 13:35:20,13.12,自动出餐,1,否,"新奥尔良烤鸡肉披萨-9英寸(手拍)[{""name"":""规格"",""value"":""9英寸(手拍)""}]（33.90*1）,餐盒（2.00*1）",新奥尔良烤鸡肉披萨,,,,非会员,19,,,依据餐量提供餐具,,33.90,17.33,9.50,0.00,0,0,1.72,0.00,4.50,【活动支出】下单返红包:1.50元+【活动支出】超会爆红包省钱包:8.00元+【活动支出】替用户承担配送费:4.5元,-,-,-,2.00,温州区域,温州直营,,,否,-,平台配送
圣比萨·披萨·炸鸡（天河店）,SBM00028,温州,"8069786088470570402	",饿了么,平台外卖,已完成,2025-10-21 13:48:49,2025-10-21 13:48:49,2025-10-21 13:48:49,饿了么支付-在线支付,,即时单,2025-10-21 13:48:49,13.10,自动出餐,1,否,"【随心❤️拼】7英寸双拼披萨（口味自选）[缤纷水果+碳烤鸡肉培根]（27.90*1）,奶酪芝士卷边（7英寸）（4.90*1）,餐盒（2.00*1）",双拼7寸【缤纷水果口味7】+双拼7寸【碳烤鸡肉培根口味7】+奶酪芝士卷边7,,,,非会员,20,,,依据餐量提供餐具,,32.80,18.63,7.00,0.00,0,0,1.82,0.00,4.50,【活动支出】首次光顾立减:1.00元+【活动支出】饿了么红包:6.00元+【活动支出】替用户承担配送费:4.5元,-,-,-,2.00,温州区域,温州直营,,,否,-,平台配送
圣比萨·披萨·炸鸡（天河店）,SBM00028,温州,"8045420254675662199	",饿了么,平台外卖,已完成,2025-10-21 14:03:14,2025-10-21 14:03:14,2025-10-21 14:03:14,饿了么支付-在线支付,,即时单,2025-10-21 14:03:14,13.03,自动出餐,1,否,"红薯薯泥流心卷边（7英寸）（4.90*1）,蛋挞一个（3.90*1）,【随心❤️拼】7英寸双拼披萨（口味自选）[缤纷水果+玉米沙拉]（27.90*1）,餐盒（2.00*1）",红薯泥流心卷边7+蛋挞1个+双拼7寸【缤纷水果口味7】+双拼7寸【玉米沙拉口味7】,,,,非会员,21,,,依据餐量提供餐具,,36.70,20.77,8.91,0.00,0,0,1.97,0.00,3.50,【活动支出】首次光顾立减:1.00元+【活动支出】单品特价:1.91元+【活动支出】吃货豆兑换的商家券:6.00元+【活动支出】替用户承担配送费:3.5元,-,-,-,2.00,温州区域,温州直营,,,否,-,平台配送
圣比萨·披萨·炸鸡（天河店）,SBM00028,温州,"8019826088495354367	",饿了么,平台外卖,已完成,2025-10-21 14:16:32,2025-10-21 14:16:32,2025-10-21 14:16:32,饿了么支付-在线支付,,即时单,2025-10-21 14:16:32,13.03,自动出餐,1,否,"奥尔良烤翅（8.90*1）,新奥尔良烤鸡肉披萨-9英寸(手拍)[{""name"":""规格"",""value"":""9英寸(手拍)""}]（33.90*1）,酸奶多多流心卷边（9英寸）（6.90*1）,盐酥鸡粒（8.90*1）,餐盒（4.00*1）",奥尔良烤翅+新奥尔良烤鸡肉披萨+酸奶多多流心卷边9+盐酥鸡粒,,,,非会员,22,,,依据餐量提供餐具,用户申请取消单 其他原因，,58.60,37.64,11.00,0.00,0,0,3.61,0.00,4.50,【活动支出】店铺满减:2.00元+【活动支出】首次光顾立减:1.00元+【活动支出】饿了么红包:8.00元+【活动支出】替用户承担配送费:4.5元,-,-,-,4.00,温州区域,温州直营,,,否,-,平台配送
圣比萨·披萨·炸鸡（天河店）,SBM00028,温州,"8042766088501344610	",饿了么,平台外卖,已完成,2025-10-21 14:30:15,2025-10-21 14:30:15,2025-10-21 14:30:15,饿了么支付-在线支付,,即时单,2025-10-21 14:30:15,13.00,自动出餐,1,否,"【随心❤️拼】7英寸双拼披萨（口味自选）[新奥尔良烤鸡肉+玉米沙拉]（27.90*1）,奶酪芝士卷边（7英寸）（4.90*1）,餐盒（2.00*1）",双拼7寸【奥尔良口味7】+双拼7寸【玉米沙拉口味7】+奶酪芝士卷边7,,,,非会员,23,,,依据餐量提供餐具,,32.80,17.70,8.00,0.00,0,0,1.75,0.00,5.00,【活动支出】首次光顾立减:1.00元+【活动支出】饿了么红包:7.00元+【活动支出】替用户承担配送费:5.0元,-,-,-,2.00,温州区域,温州直营,,,否,-,平台配送
圣比萨·披萨·炸鸡（天河店）,SBM00028,温州,"8034340254593697057	",饿了么,平台外卖,已完成,2025-10-21 14:54:33,2025-10-21 14:54:33,2025-10-21 14:54:33,饿了么支付-在线支付,,预约单,2025-10-21 16:45:00,63.63,自动出餐,1,否,"招牌肉酱意面（25.90*1）,【随心❤️拼】7英寸双拼披萨（口味自选）[新奥尔良烤鸡肉+日系照烧鸡]（27.90*1）,奶酪芝士卷边（7英寸）（4.90*1）,餐盒（4.00*1）",招牌肉酱意面+双拼7寸【奥尔良口味7】+双拼7寸【日系照烧口味7】+奶酪芝士卷边7,,,,非会员,24,,,依据餐量提供餐具,,58.70,34.17,16.00,0.00,0,0,3.28,0.00,4.50,【活动支出】店铺满减:6.00元+【活动支出】首次光顾立减:1.00元+【活动支出】饿了么红包:9.00元+【活动支出】替用户承担配送费:4.5元,-,-,-,4.00,温州区域,温州直营,,,否,-,平台配送
圣比萨·披萨·炸鸡（天河店）,SBM00028,温州,"8045440254618858843	",饿了么,平台外卖,已完成,2025-10-21 14:57:27,2025-10-21 14:57:27,2025-10-21 14:57:28,饿了么支付-在线支付,,即时单,2025-10-21 14:57:27,13.15,自动出餐,1,否,"️【任选】意面随心配（31.90*1）,餐盒（2.00*1）",缤纷芝士挞(菠萝味)+小可乐+番茄牛肉意面,,,,非会员,25,,,依据餐量提供餐具,,31.90,18.69,7.50,0.00,0,0,1.76,0.00,3.50,【活动支出】下单返红包:1.50元+【活动支出】饿了么红包:6.00元+【活动支出】替用户承担配送费:3.5元,-,-,-,2.00,温州区域,温州直营,,,否,-,平台配送
圣比萨·披萨·炸鸡（天河店）,SBM00028,温州,"8012190254598452699	",饿了么,平台外卖,已完成,2025-10-21 15:08:04,2025-10-21 15:08:04,2025-10-21 15:08:04,饿了么支付-在线支付,,预约单,2025-10-21 16:50:00,55.02,自动出餐,1,否,"【任选】披萨随心配（36.80*1）,餐盒（2.00*1）",地道肠1根+奶酪芝士披萨(7英寸(手拍))+小可乐,,,,非会员,26,,,2份餐具,,36.80,21.24,9.00,0.00,0,0,2.01,0.00,3.50,【活动支出】店铺满减:1.00元+【活动支出】首次光顾立减:1.00元+【活动支出】饿了么红包:7.00元+【活动支出】替用户承担配送费:3.5元,-,-,-,2.00,温州区域,温州直营,,,否,-,平台配送
圣比萨·披萨·炸鸡（天河店）,SBM00028,温州,"8079120254609805590	",饿了么,平台外卖,已完成,2025-10-21 15:27:20,2025-10-21 15:27:20,2025-10-21 15:27:20,饿了么支付-在线支付,,即时单,2025-10-21 15:27:20,13.23,自动出餐,1,否,"红薯薯泥流心卷边（7英寸）（4.90*1）,新奥尔良烤鸡肉披萨-7英寸(手拍)[{""name"":""规格"",""value"":""7英寸(手拍)""}]（25.90*1）,餐盒（2.00*1）",红薯泥流心卷边7+新奥尔良烤鸡肉披萨,,,,非会员,27,,,2份餐具,,30.80,13.54,7.00,0.00,0,0,1.71,0.00,7.40,【活动支出】首次光顾立减:1.00元+【活动支出】饿了么红包:6.00元+【活动支出】替用户承担配送费:6.0元,-,-,-,2.00,温州区域,温州直营,,,否,-,平台配送
圣比萨·披萨·炸鸡（天河店）,SBM00028,温州,"8091250254632757657	",饿了么,平台外卖,已完成,2025-10-21 15:33:37,2025-10-21 15:33:37,2025-10-21 15:33:37,饿了么支付-在线支付,,即时单,2025-10-21 15:33:37,13.22,自动出餐,1,否,"金沙咸蛋黄嫩鸡披萨-7英寸(手拍)[{""name"":""规格"",""value"":""7英寸(手拍)""}]（29.90*1）,咸蛋黄风味流沙卷边（7英寸）（4.90*1）,餐盒（2.00*1）",金沙咸蛋黄嫩鸡披萨+咸蛋黄流沙卷边7,,,,非会员,28,,,依据餐量提供餐具,,34.80,19.99,9.00,0.00,0,0,1.86,0.00,3.50,【活动支出】首次光顾立减:1.00元+【活动支出】饿了么红包:8.00元+【活动支出】替用户承担配送费:3.5元,-,-,-,2.00,温州区域,温州直营,,,否,-,平台配送
圣比萨·披萨·炸鸡（天河店）,SBM00028,温州,"8091506088520472906	",饿了么,平台外卖,已完成,2025-10-21 15:59:27,2025-10-21 15:59:27,2025-10-21 15:59:28,饿了么支付-在线支付,,即时单,2025-10-21 15:59:27,13.23,自动出餐,1,否,"【随心❤️拼】7英寸双拼披萨（口味自选）[新奥尔良烤鸡肉+缤纷水果]（27.90*1）,餐盒（2.00*1）",双拼7寸【奥尔良口味7】+双拼7寸【缤纷水果口味7】,,,,非会员,29,,,依据餐量提供餐具,,27.90,15.12,8.00,0.00,0,0,1.43,0.00,3.50,【活动支出】首次光顾立减:1.00元+【活动支出】饿了么红包:7.00元+【活动支出】替用户承担配送费:3.5元,-,-,-,2.00,温州区域,温州直营,,,否,-,平台配送
圣比萨·披萨·炸鸡（天河店）,SBM00028,温州,"8010020254617733530	",饿了么,平台外卖,已完成,2025-10-21 16:12:44,2025-10-21 16:12:44,2025-10-21 16:12:45,饿了么支付-在线支付,,预约单,2025-10-21 17:05:00,5.37,自动出餐,1,否,"新店开业福利小吃（限一份，多点不送）[墨鱼丸1个]（0.20*1）,【任选】披萨意面我全都要（69.70*1）,餐盒（2.00*1）",深海墨鱼丸1个+小可乐+小可乐+招牌肉酱意面+缤纷芝士挞(菠萝味)+蛋挞+奥尔良烤翅+新奥尔良烤鸡肉披萨(7英寸(手拍)),,,,非会员,30,,,依据餐量提供餐具,,69.90,42.41,15.00,0.00,0,0,4.04,0.00,4.50,【活动支出】店铺满减:6.00元+【活动支出】首次光顾立减:1.00元+【活动支出】饿了么红包:8.00元+【活动支出】替用户承担配送费:4.5元,-,-,-,2.00,温州区域,温州直营,,,否,-,平台配送
圣比萨·披萨·炸鸡（天河店）,SBM00028,温州,"8084150254538878388	",饿了么,平台外卖,已完成,2025-10-21 16:31:07,2025-10-21 16:31:07,2025-10-21 16:31:08,饿了么支付-在线支付,,即时单,2025-10-21 16:31:07,14.18,自动出餐,1,否,"新店开业福利小吃（限一份，多点不送）[墨鱼丸1个]（0.20*1）,【任选】披萨随心配（36.80*1）,餐盒（2.00*1）",深海墨鱼丸1个+地道肠1根+日系照烧鸡披萨(7英寸(手拍))+小雪碧,,,,非会员,31,,,依据餐量提供餐具,,37.00,20.04,10.50,0.00,0,0,1.91,0.00,3.50,【活动支出】店铺满减:1.00元+【活动支出】下单返红包:1.50元+【活动支出】饿了么红包:8.00元+【活动支出】替用户承担配送费:3.5元,-,-,-,2.00,温州区域,温州直营,,,否,-,平台配送
圣比萨·披萨·炸鸡（天河店）,SBM00028,温州,"8084210254544333152	",饿了么,平台外卖,已完成,2025-10-21 16:37:26,2025-10-21 16:37:26,2025-10-21 16:37:26,饿了么支付-在线支付,,即时单,2025-10-21 16:37:26,14.22,自动出餐,1,否,"新奥尔良烤鸡肉披萨-7英寸(手拍)[{""name"":""规格"",""value"":""7英寸(手拍)""}]（25.90*1）,餐盒（2.00*1）",新奥尔良烤鸡肉披萨,,,,非会员,32,,,1份餐具,,25.90,14.12,7.00,0.00,0,0,1.43,0.00,3.50,【活动支出】首次光顾立减:1.00元+【活动支出】饿了么红包:6.00元+【活动支出】替用户承担配送费:3.5元,-,-,-,2.00,温州区域,温州直营,,,否,-,平台配送
圣比萨·披萨·炸鸡（天河店）,SBM00028,温州,"8036606088582165847	",饿了么,平台外卖,已完成,2025-10-21 17:21:13,2025-10-21 17:21:13,2025-10-21 17:21:13,饿了么支付-在线支付,,预约单,2025-10-21 18:20:00,11.90,自动出餐,1,否,"【随心❤️拼】7英寸双拼披萨（口味自选）[新奥尔良烤鸡肉+碳烤鸡肉培根]（27.90*1）,餐盒（2.00*1）",双拼7寸【奥尔良口味7】+双拼7寸【碳烤鸡肉培根口味7】,,,,非会员,33,,,1份餐具,,27.90,14.22,8.00,0.00,0,0,1.43,0.00,5.00,【活动支出】首次光顾立减:1.00元+【活动支出】饿了么红包:7.00元+【活动支出】替用户承担配送费:5.0元,-,-,-,2.00,温州区域,温州直营,,,否,-,平台配送
圣比萨·披萨·炸鸡（天河店）,SBM00028,温州,"8090956088589850098	",饿了么,平台外卖,已完成,2025-10-21 17:36:06,2025-10-21 17:36:06,2025-10-21 17:36:07,饿了么支付-在线支付,,即时单,2025-10-21 17:36:06,14.08,自动出餐,1,否,"新店开业福利小吃（限一份，多点不送）[上校鸡块2个]（0.20*1）,蛋挞一个（3.90*1）,【任选】披萨随心配（43.60*1）,餐盒（2.00*1）",上校鸡块2个+蛋挞1个+经典薯条+金沙咸蛋黄嫩鸡披萨(7英寸(手拍))+小可乐,,,,非会员,34,,,不要辣，谢谢！ / 依据餐量提供餐具,,47.70,26.23,11.91,0.00,0,0,2.61,0.00,5.60,【活动支出】店铺满减:1.00元+【活动支出】首次光顾立减:1.00元+【活动支出】单品特价:1.91元+【活动支出】超级会员专享红包:8.00元+【活动支出】替用户承担配送费:5.6元,-,-,-,2.00,温州区域,温州直营,,,否,-,平台配送
圣比萨·披萨·炸鸡（天河店）,SBM00028,温州,"8065586088563925503	",饿了么,平台外卖,已完成,2025-10-21 17:37:27,2025-10-21 17:37:27,2025-10-21 17:37:27,饿了么支付-在线支付,,即时单,2025-10-21 17:37:27,14.05,自动出餐,1,否,"酸奶多多流心卷边（7英寸）（4.90*1）,大圣招牌大满贯披萨-7英寸(手拍)[{""name"":""规格"",""value"":""7英寸(手拍)""}]（33.90*1）,餐盒（2.00*1）",酸奶多多流心卷边7+大圣招牌大满贯披萨,,,,非会员,35,,,2份餐具,,38.80,22.16,10.00,0.00,0,0,2.09,0.00,3.50,【活动支出】店铺满减:1.00元+【活动支出】首次光顾立减:1.00元+【活动支出】饿了么红包:8.00元+【活动支出】替用户承担配送费:3.5元,-,-,-,2.00,温州区域,温州直营,,,否,-,平台配送
圣比萨·披萨·炸鸡（天河店）,SBM00028,温州,"8092716088593007949	",饿了么,平台外卖,已完成,2025-10-21 17:42:58,2025-10-21 17:42:58,2025-10-21 17:42:58,饿了么支付-在线支付,,即时单,2025-10-21 17:42:58,14.23,自动出餐,1,否,"【任选】买一送一7英寸披萨（54.70*1）,餐盒（2.00*1）",新奥尔良烤鸡肉披萨(7英寸(手拍))+日系照烧鸡披萨(7英寸(手拍)),,,,非会员,36,,,不吃葱姜蒜香菜，多加点米饭，微微辣，有点辣味就行 / 依据餐量提供餐具,,54.70,31.87,10.00,0.00,0,0,3.28,0.00,6.20,【活动支出】店铺满减:1.00元+【活动支出】首次光顾立减:1.00元+【活动支出】饿了么红包:8.00元+【活动支出】替用户承担配送费:6.0元,-,-,-,2.00,温州区域,温州直营,,,否,-,平台配送
圣比萨·披萨·炸鸡（天河店）,SBM00028,温州,"8008926088554974487	",饿了么,平台外卖,已完成,2025-10-21 17:57:10,2025-10-21 17:57:10,2025-10-21 17:57:11,饿了么支付-在线支付,,即时单,2025-10-21 17:57:10,14.03,自动出餐,1,否,"蛋挞（5.90*1）,奶酪芝士卷边（7英寸）（4.90*1）,大圣招牌大满贯披萨-7英寸(手拍)[{""name"":""规格"",""value"":""7英寸(手拍)""}]（33.90*1）,餐盒（3.00*1）",蛋挞+奶酪芝士卷边7+大圣招牌大满贯披萨,,,,非会员,37,,,依据餐量提供餐具,,44.70,26.00,8.00,0.00,0,0,2.75,0.00,6.80,【活动支出】店铺满减:1.00元+【活动支出】首次光顾立减:1.00元+【活动支出】饿了么红包:6.00元+【活动支出】替用户承担配送费:6.0元,-,-,-,3.00,温州区域,温州直营,,,否,-,平台配送
圣比萨·披萨·炸鸡（天河店）,SBM00028,温州,"8015556088582484378	",饿了么,平台外卖,已完成,2025-10-21 18:02:03,2025-10-21 18:02:03,2025-10-21 18:02:03,饿了么支付-在线支付,,预约单,2025-10-21 19:05:00,15.98,自动出餐,1,否,"【任选】披萨随心配（31.90*1）,餐盒（2.00*1）",深海墨鱼丸(3个)+碳烤鸡肉培根披萨(7英寸(手拍))+小可乐,,,,非会员,38,,,依据餐量提供餐具,,31.90,18.26,7.00,0.00,0,0,1.79,0.00,5.00,【活动支出】首次光顾立减:1.00元+【活动支出】饿了么红包:6.00元+【活动支出】替用户承担配送费:5.0元,-,-,-,2.00,温州区域,温州直营,,,否,-,平台配送
圣比萨·披萨·炸鸡（天河店）,SBM00028,温州,"8095080254683385340	",饿了么,平台外卖,已完成,2025-10-21 18:11:43,2025-10-21 18:11:43,2025-10-21 18:11:43,饿了么支付-在线支付,,即时单,2025-10-21 18:11:43,14.23,自动出餐,1,否,"【任选】买一送一7英寸披萨（44.90*1）,餐盒（2.00*1）",日系照烧鸡披萨(7英寸(手拍))+奶酪芝士披萨(7英寸(手拍)),,,,非会员,39,,,对商家 / 依据餐量提供餐具,,44.90,27.21,10.00,0.00,0,0,2.54,0.00,3.50,【活动支出】店铺满减:1.00元+【活动支出】饿了么红包:9.00元+【活动支出】替用户承担配送费:3.5元,-,-,-,2.00,温州区域,温州直营,,,否,-,平台配送
圣比萨·披萨·炸鸡（天河店）,SBM00028,温州,"8037966088592316703	",饿了么,平台外卖,已完成,2025-10-21 18:13:48,2025-10-21 18:13:48,2025-10-21 18:13:48,饿了么支付-在线支付,,即时单,2025-10-21 18:13:48,14.07,自动出餐,1,否,"热带雨林水果一人食盒子披萨（23.90*1）,美式香骨鸡（8.90*1）,餐盒（3.00*1）",热带雨林水果一人食盒子披萨+美式香骨鸡,,,,非会员,40,,,依据餐量提供餐具,,32.80,19.53,8.50,0.00,0,0,1.82,0.00,3.50,【活动支出】下单返红包:1.50元+【活动支出】饿了么红包:7.00元+【活动支出】替用户承担配送费:3.5元,-,-,-,3.00,温州区域,温州直营,,,否,-,平台配送
圣比萨·披萨·炸鸡（天河店）,SBM00028,温州,"8080010254595435866	",饿了么,平台外卖,已退款,2025-10-21 18:17:57,2025-10-21 18:17:57,2025-10-21 18:17:58,饿了么支付-在线支付,,即时单,2025-10-21 18:17:57,,未出餐,1,否,"【随心❤️拼】7英寸双拼披萨（口味自选）[日系照烧鸡+碳烤鸡肉培根]（27.90*1）,餐盒（2.00*1）",双拼7寸【日系照烧口味7】+双拼7寸【碳烤鸡肉培根口味7】,,,,非会员,41,,,依据餐量提供餐具,"餐厅同意取消单 ",27.90,0.16,7.00,15.90,0,0,1.49,0.00,4.00,【活动支出】首次光顾立减:1.00元+【活动支出】饿了么红包:6.00元+【活动支出】替用户承担配送费:4.0元,-,-,-,2.00,温州区域,温州直营,,,否,-,平台配送
圣比萨·披萨·炸鸡（天河店）,SBM00028,温州,"8097090254599375216	",饿了么,平台外卖,已完成,2025-10-21 18:21:47,2025-10-21 18:21:47,2025-10-21 18:21:47,饿了么支付-在线支付,,即时单,2025-10-21 18:21:47,14.10,自动出餐,1,否,"新奥尔良烤鸡肉披萨-9英寸(手拍)[{""name"":""规格"",""value"":""9英寸(手拍)""}]（33.90*1）,餐盒（2.00*1）",新奥尔良烤鸡肉披萨,,,,非会员,42,,,依据餐量提供餐具,,33.90,20.41,7.00,0.00,0,0,1.94,0.00,3.50,【活动支出】首次光顾立减:1.00元+【活动支出】饿了么红包:6.00元+【活动支出】替用户承担配送费:3.5元,-,-,-,2.00,温州区域,温州直营,,,否,-,平台配送
圣比萨·披萨·炸鸡（天河店）,SBM00028,温州,"8080010254687779195	",饿了么,平台外卖,已完成,2025-10-21 18:22:58,2025-10-21 18:22:58,2025-10-21 18:22:58,饿了么支付-在线支付,,即时单,2025-10-21 18:22:58,14.02,自动出餐,1,否,"奶酪芝士披萨-7英寸(手拍)[{""name"":""规格"",""value"":""7英寸(手拍)""}]（25.90*1）,餐盒（2.00*1）",奶酪芝士披萨,,,,非会员,43,,,依据餐量提供餐具,,25.90,14.12,7.00,0.00,0,0,1.43,0.00,4.00,【活动支出】首次光顾立减:1.00元+【活动支出】饿了么红包:6.00元+【活动支出】替用户承担配送费:4.0元,-,-,-,2.00,温州区域,温州直营,,,否,-,平台配送
圣比萨·披萨·炸鸡（天河店）,SBM00028,温州,"8052876088582244776	",饿了么,平台外卖,已完成,2025-10-21 18:34:53,2025-10-21 18:34:53,2025-10-21 18:34:53,饿了么支付-在线支付,,即时单,2025-10-21 18:34:53,14.03,自动出餐,1,否,"【随心❤️拼】9英寸双拼披萨（口味自选）[新奥尔良烤鸡肉+碳烤鸡肉培根]（37.90*1）,餐盒（2.00*1）",双拼9寸【奥尔良口味9】+双拼9寸【鸡肉培根口味9】,,,,非会员,44,,,放门口不用敲门 / 依据餐量提供餐具,,37.90,21.33,10.00,0.00,0,0,2.02,0.00,3.50,【活动支出】店铺满减:1.00元+【活动支出】首次光顾立减:1.00元+【活动支出】饿了么红包:8.00元+【活动支出】替用户承担配送费:3.5元,-,-,-,2.00,温州区域,温州直营,,,否,-,平台配送
圣比萨·披萨·炸鸡（天河店）,SBM00028,温州,"8019330254821551484	",饿了么,平台外卖,已完成,2025-10-21 19:24:28,2025-10-21 19:24:28,2025-10-21 19:24:28,饿了么支付-在线支付,,即时单,2025-10-21 19:24:28,14.00,自动出餐,1,否,"新奥尔良烤鸡肉披萨-7英寸(手拍)[{""name"":""规格"",""value"":""7英寸(手拍)""}]（25.90*1）,奶酪芝士卷边（7英寸）（4.90*1）,餐盒（2.00*1）",新奥尔良烤鸡肉披萨+奶酪芝士卷边7,,,,非会员,45,,,无需餐具,,30.80,17.21,8.00,0.00,0,0,1.64,0.00,3.50,【活动支出】首次光顾立减:1.00元+【活动支出】饿了么红包:7.00元+【活动支出】替用户承担配送费:3.5元,-,-,-,2.00,温州区域,温州直营,,,否,-,平台配送
圣比萨·披萨·炸鸡（天河店）,SBM00028,温州,"8010400254718200286	",饿了么,平台外卖,已完成,2025-10-21 19:26:50,2025-10-21 19:26:50,2025-10-21 19:26:51,饿了么支付-在线支付,,即时单,2025-10-21 19:26:50,14.12,自动出餐,1,否,"新奥尔良烤鸡肉披萨-9英寸(手拍)[{""name"":""规格"",""value"":""9英寸(手拍)""}]（33.90*1）,奶酪芝士卷边（9英寸）（6.90*1）,餐盒（2.00*1）",新奥尔良烤鸡肉披萨+奶酪芝士卷边9,,,,非会员,46,,,依据餐量提供餐具,,40.80,21.29,11.00,0.00,0,0,2.16,0.00,5.60,【活动支出】店铺满减:1.00元+【活动支出】首次光顾立减:1.00元+【活动支出】饿了么红包:9.00元+【活动支出】替用户承担配送费:5.6元,-,-,-,2.00,温州区域,温州直营,,,否,-,平台配送
圣比萨·披萨·炸鸡（天河店）,SBM00028,温州,"8035696088603063582	",饿了么,平台外卖,已完成,2025-10-21 19:38:33,2025-10-21 19:38:33,2025-10-21 19:38:34,饿了么支付-在线支付,,即时单,2025-10-21 19:38:33,14.17,自动出餐,1,否,"️【任选】意面随心配（31.90*1）,餐盒（2.00*1）",上校鸡块+小可乐+招牌肉酱意面,,,,非会员,47,,,依据餐量提供餐具,,31.90,19.16,7.00,0.00,0,0,1.79,0.00,3.50,【活动支出】首次光顾立减:1.00元+【活动支出】饿了么红包:6.00元+【活动支出】替用户承担配送费:3.5元,-,-,-,2.00,温州区域,温州直营,,,否,-,平台配送
圣比萨·披萨·炸鸡（天河店）,SBM00028,温州,"8038576088654127423	",饿了么,平台外卖,已完成,2025-10-21 19:43:30,2025-10-21 19:43:30,2025-10-21 19:43:31,饿了么支付-在线支付,,即时单,2025-10-21 19:43:30,14.18,自动出餐,1,否,"榴莲王披萨-7英寸(手拍)[{""name"":""规格"",""value"":""7英寸(手拍)""}]（33.90*1）,餐盒（2.00*1）",榴莲王披萨,,,,非会员,48,,,2份餐具,,33.90,20.41,7.00,0.00,0,0,1.94,0.00,3.50,【活动支出】首次光顾立减:1.00元+【活动支出】饿了么红包:6.00元+【活动支出】替用户承担配送费:3.5元,-,-,-,2.00,温州区域,温州直营,,,否,-,平台配送
圣比萨·披萨·炸鸡（天河店）,SBM00028,温州,"8089796088639219113	",饿了么,平台外卖,已完成,2025-10-21 19:47:28,2025-10-21 19:47:28,2025-10-21 19:47:28,饿了么支付-在线支付,,即时单,2025-10-21 19:47:28,14.05,自动出餐,1,否,"咸蛋黄风味流沙卷边（7英寸）（4.90*1）,明星小食桶任选3（14.90*1）,新奥尔良烤鸡肉披萨-7英寸(手拍)[{""name"":""规格"",""value"":""7英寸(手拍)""}]（25.90*1）,餐盒（3.00*1）",咸蛋黄流沙卷边7+地道肠1根+地道肠1根+蛋挞+新奥尔良烤鸡肉披萨,,,,非会员,49,,,依据餐量提供餐具,,45.70,30.12,8.00,0.00,0,0,2.83,0.00,4.00,【活动支出】店铺满减:1.00元+【活动支出】首次光顾立减:1.00元+【活动支出】饿了么红包:6.00元+【活动支出】替用户承担配送费:4.0元,-,-,-,3.00,温州区域,温州直营,,,否,-,平台配送
圣比萨·披萨·炸鸡（天河店）,SBM00028,温州,"8046516088620347662	",饿了么,平台外卖,已完成,2025-10-21 19:47:42,2025-10-21 19:47:42,2025-10-21 19:47:42,饿了么支付-在线支付,,即时单,2025-10-21 19:47:42,14.10,自动出餐,1,否,"金沙咸蛋黄嫩鸡披萨-9英寸(手拍)[{""name"":""规格"",""value"":""9英寸(手拍)""}]（39.90*1）,奶酪芝士卷边（9英寸）（6.90*1）,餐盒（2.00*1）",金沙咸蛋黄嫩鸡披萨+奶酪芝士卷边9,,,,非会员,50,,,依据餐量提供餐具,,46.80,27.58,11.50,0.00,0,0,2.57,0.00,3.50,【活动支出】店铺满减:1.00元+【活动支出】下单返红包:1.50元+【活动支出】饿了么红包:9.00元+【活动支出】替用户承担配送费:3.5元,-,-,-,2.00,温州区域,温州直营,,,否,-,平台配送
圣比萨·披萨·炸鸡（天河店）,SBM00028,温州,"8044806088621310400	",饿了么,平台外卖,已完成,2025-10-21 19:57:39,2025-10-21 19:57:39,2025-10-21 19:57:39,饿了么支付-在线支付,,即时单,2025-10-21 19:57:39,14.22,自动出餐,1,否,"新奥尔良烤鸡肉披萨-7英寸(手拍)[{""name"":""规格"",""value"":""7英寸(手拍)""}]（25.90*1）,餐盒（2.00*1）",新奥尔良烤鸡肉披萨,,,,非会员,51,,,依据餐量提供餐具,,25.90,14.12,7.00,0.00,0,0,1.43,0.00,4.00,【活动支出】首次光顾立减:1.00元+【活动支出】饿了么红包:6.00元+【活动支出】替用户承担配送费:4.0元,-,-,-,2.00,温州区域,温州直营,,,否,-,平台配送
圣比萨·披萨·炸鸡（天河店）,SBM00028,温州,"8049150254759372142	",饿了么,平台外卖,已完成,2025-10-21 20:17:31,2025-10-21 20:17:31,2025-10-21 20:17:31,饿了么支付-在线支付,,即时单,2025-10-21 20:17:31,14.05,自动出餐,1,否,"【任选】披萨随心配（31.90*1）,餐盒（2.00*1）",上校鸡块+新奥尔良烤鸡肉披萨(7英寸(手拍))+小可乐,,,,非会员,52,,,无需餐具,,31.90,17.77,8.50,0.00,0,0,1.68,0.00,3.50,【活动支出】下单返红包:1.50元+【活动支出】饿了么红包:7.00元+【活动支出】替用户承担配送费:3.5元,-,-,-,2.00,温州区域,温州直营,,,否,-,平台配送
圣比萨·披萨·炸鸡（天河店）,SBM00028,温州,"8085490254740364573	",饿了么,平台外卖,已完成,2025-10-21 20:18:20,2025-10-21 20:18:20,2025-10-21 20:18:20,饿了么支付-在线支付,,即时单,2025-10-21 20:18:20,14.10,自动出餐,1,否,"大圣招牌大满贯披萨-9英寸(手拍)[{""name"":""规格"",""value"":""9英寸(手拍)""}]（43.90*1）,明星小食桶任选3（20.70*1）,餐盒（3.00*1）",大圣招牌大满贯披萨+上校鸡块+经典薯条+盐酥鸡粒,,,,非会员,53,,,依据餐量提供餐具,,64.60,35.33,19.00,0.00,0,0,3.42,0.00,4.50,【活动支出】店铺满减:6.00元+【活动支出】订单集点返红包:5.00元+【活动支出】超会爆红包省钱包:8.00元+【活动支出】替用户承担配送费:4.5元,-,-,-,3.00,温州区域,温州直营,,,否,-,平台配送
圣比萨·披萨·炸鸡（天河店）,SBM00028,温州,"8060350254742878589	",饿了么,平台外卖,已完成,2025-10-21 20:20:15,2025-10-21 20:20:15,2025-10-21 20:20:15,饿了么支付-在线支付,,即时单,2025-10-21 20:20:15,14.02,自动出餐,1,否,"奥尔良烤翅（8.90*1）,新店开业福利小吃（限一份，多点不送）[上校鸡块2个]（0.20*1）,招牌肉酱意面（25.90*1）,蛋挞一个（3.90*1）,餐盒（3.00*1）",奥尔良烤翅+上校鸡块2个+招牌肉酱意面+蛋挞1个,,,,非会员,54,,,2份餐具,,38.90,20.52,11.91,0.00,0,0,2.02,0.00,5.60,【活动支出】店铺满减:1.00元+【活动支出】首次光顾立减:1.00元+【活动支出】单品特价:1.91元+【活动支出】饿了么红包:8.00元+【活动支出】替用户承担配送费:5.6元,-,-,-,3.00,温州区域,温州直营,,,否,-,平台配送
圣比萨·披萨·炸鸡（天河店）,SBM00028,温州,"8086230254662573545	",饿了么,平台外卖,已完成,2025-10-21 20:30:46,2025-10-21 20:30:46,2025-10-21 20:30:46,饿了么支付-在线支付,,即时单,2025-10-21 20:30:46,13.07,自动出餐,1,否,"【任选】披萨随心配（31.90*1）,餐盒（2.00*1）",蛋挞+碳烤鸡肉培根披萨(7英寸(手拍))+小可乐,,,,非会员,55,,,依据餐量提供餐具,,31.90,19.16,7.00,0.00,0,0,1.79,0.00,3.50,【活动支出】首次光顾立减:1.00元+【活动支出】超级会员专享红包:6.00元+【活动支出】替用户承担配送费:3.5元,-,-,-,2.00,温州区域,温州直营,,,否,-,平台配送
圣比萨·披萨·炸鸡（天河店）,SBM00028,温州,"8023606088675694896	",饿了么,平台外卖,已完成,2025-10-21 20:34:09,2025-10-21 20:34:09,2025-10-21 20:34:09,饿了么支付-在线支付,,即时单,2025-10-21 20:34:09,13.18,自动出餐,1,否,"【任选】披萨意面我全都要（69.80*1）,餐盒（2.00*1）",小可乐+小可乐+番茄牛肉意面+深海墨鱼丸(3个)+深海墨鱼丸(3个)+地道肠1根+大圣招牌大满贯披萨(7英寸(手拍)),,,,非会员,56,,,依据餐量提供餐具,,69.80,42.29,16.00,0.00,0,0,3.96,0.00,3.50,【活动支出】店铺满减:6.00元+【活动支出】首次光顾立减:1.00元+【活动支出】饿了么红包:9.00元+【活动支出】替用户承担配送费:3.5元,-,-,-,2.00,温州区域,温州直营,,,否,-,平台配送
圣比萨·披萨·炸鸡（天河店）,SBM00028,温州,"8024400254770947331	",饿了么,平台外卖,已完成,2025-10-21 20:45:15,2025-10-21 20:45:15,2025-10-21 20:45:15,饿了么支付-在线支付,,即时单,2025-10-21 20:45:15,13.12,自动出餐,1,否,"【任选】披萨随心配（31.90*1）,【随心❤️拼】7英寸双拼披萨（口味自选）[新奥尔良烤鸡肉+日系照烧鸡]（27.90*1）,餐盒（4.00*1）",蛋挞+新奥尔良烤鸡肉披萨(7英寸(手拍))+小可乐+双拼7寸【奥尔良口味7】+双拼7寸【日系照烧口味7】,,,,非会员,57,,,依据餐量提供餐具,,59.80,36.09,16.00,0.00,0,0,3.36,0.00,3.50,【活动支出】店铺满减:6.00元+【活动支出】首次光顾立减:1.00元+【活动支出】饿了么红包:9.00元+【活动支出】替用户承担配送费:3.5元,-,-,-,4.00,温州区域,温州直营,,,否,-,平台配送
圣比萨·披萨·炸鸡（天河店）,SBM00028,温州,"8053686088661560769	",饿了么,平台外卖,已完成,2025-10-21 21:02:28,2025-10-21 21:02:28,2025-10-21 21:02:28,饿了么支付-在线支付,,即时单,2025-10-21 21:02:28,13.07,自动出餐,1,否,"新奥尔良烤鸡肉披萨-9英寸(手拍)[{""name"":""规格"",""value"":""9英寸(手拍)""}]（33.90*1）,新店开业福利小吃（限一份，多点不送）[上校鸡块2个]（0.20*1）,蛋挞一个（3.90*1）,餐盒（2.00*1）",新奥尔良烤鸡肉披萨+上校鸡块2个+蛋挞1个,,,,非会员,58,,,依据餐量提供餐具,,38.00,21.93,8.91,0.00,0,0,2.11,0.00,5.60,【活动支出】店铺满减:1.00元+【活动支出】单品特价:1.91元+【活动支出】饿了么红包:6.00元+【活动支出】替用户承担配送费:5.6元,-,-,-,2.00,温州区域,温州直营,,,否,-,平台配送
圣比萨（塘下店）,SBM00005,温州,"8052480254522872078	",饿了么,平台外卖,已完成,2025-10-21 09:49:15,2025-10-21 09:49:15,2025-10-21 09:49:16,饿了么支付-在线支付,,即时单,2025-10-21 09:49:15,13.33,手动出餐,1,否,"豪华单人披萨8选1+小吃5选2+饮料[奶香紫薯披萨7英寸+爱心鸡排1个+圆薯饼3个+港式奶茶+热]（68.00*1）,餐盒（2.00*1）",豪华单人披萨8选1+小吃5选2+饮料[奶香紫薯披萨7英寸+爱心鸡排1个+圆薯饼3个+港式奶茶+热]+餐盒,,,,非会员,1,,,不要不要葱姜蒜香菜洋葱 不要加醋 / 依据餐量提供餐具,,68.00,18.76,39.01,0.00,0,0,2.06,0.00,5.00,【活动支出】店铺满减:1.00元+【活动支出】单品特价:28.01元+【活动支出】精准营销:2.00元+【活动支出】饿了么红包:8.00元+【活动支出】替用户承担配送费:5.0元,-,-,-,2.00,温州区域,温州加盟,,,否,-,平台配送
圣比萨（塘下店）,SBM00005,温州,"8059596088323923288	",饿了么,平台外卖,已完成,2025-10-21 09:58:34,2025-10-21 09:58:34,2025-10-21 09:58:35,饿了么支付-在线支付,,预约单,2025-10-21 11:20:00,34.37,手动出餐,1,否,"7英寸芝心卷边（10.00*1）,披萨保温袋（1.00*1）,7寸披萨8选1＋小吃6选1+饮料[碳烤鸡肉培根披萨7英寸+上校鸡块一份+奶茶+冷]（56.00*1）,餐盒（2.00*1）",上校鸡块+港式奶茶,,,,非会员,2,,,2份餐具,,67.00,23.36,33.10,0.00,0,0,2.43,0.00,4.50,【活动支出】店铺满减:1.00元+【活动支出】单品特价:21.10元+【活动支出】精准营销:2.00元+【活动支出】饿了么红包:9.00元+【活动支出】替用户承担配送费:4.5元,-,-,-,2.00,温州区域,温州加盟,,,否,-,平台配送
圣比萨（塘下店）,SBM00005,温州,"8082370254559201559	",饿了么,平台外卖,已完成,2025-10-21 10:59:24,2025-10-21 10:59:24,2025-10-21 10:59:24,饿了么支付-在线支付,,即时单,2025-10-21 10:59:24,8.75,手动出餐,1,否,"芝士焗饭一人食套餐[碳烤鸡肉芝士焗饭+菠萝挞一个+小可乐+常温]（62.00*1）,餐盒（2.00*1）",碳烤鸡肉芝士焗饭+小可乐,,,,非会员,3,,,依据餐量提供餐具,,62.00,17.11,36.60,0.00,0,0,1.79,0.00,4.50,【活动支出】单品特价:27.60元+【活动支出】粉丝群:2.00元+【活动支出】饿了么红包:7.00元+【活动支出】替用户承担配送费:4.5元,-,-,-,2.00,温州区域,温州加盟,,,否,-,平台配送
圣比萨（塘下店）,SBM00005,温州,"8085646088418043290	",饿了么,平台外卖,已完成,2025-10-21 11:17:26,2025-10-21 11:17:26,2025-10-21 11:17:26,饿了么支付-在线支付,,即时单,2025-10-21 11:17:26,9.23,手动出餐,1,否,"圣比至尊披萨-9英寸[{""name"":""规格"",""value"":""9英寸""}]（75.00*1）,餐盒（1.50*1）",大圣招牌大满贯披萨,,,,非会员,4,,,依据餐量提供餐具,,75.00,25.49,39.20,0.00,0,0,2.54,0.00,3.50,【活动支出】店铺满减:1.00元+【活动支出】单品特价:27.20元+【活动支出】粉丝群:2.00元+【活动支出】饿了么红包:9.00元+【活动支出】替用户承担配送费:3.5元,-,-,-,1.50,温州区域,温州加盟,,,否,-,平台配送
圣比萨（塘下店）,SBM00005,温州,"8001180254404968811	",饿了么,平台外卖,已完成,2025-10-21 11:20:19,2025-10-21 11:20:19,2025-10-21 11:20:20,饿了么支付-在线支付,,即时单,2025-10-21 11:20:19,10.17,手动出餐,1,否,"圣比至尊披萨-7英寸[{""name"":""规格"",""value"":""7英寸""}]（45.00*1）,7英寸奶酪卷边（8.00*1）,薯饼3个（12.00*1）,餐盒（1.50*1）",大圣招牌大满贯披萨+薯饼,,,,非会员,5,,,2份餐具,,65.00,19.14,36.10,0.00,0,0,2.02,0.00,5.00,【活动支出】单品特价:17.10元+【活动支出】单品特价:9.00元+【活动支出】精准营销:2.00元+【活动支出】饿了么红包:8.00元+【活动支出】替用户承担配送费:5.0元,-,-,-,1.50,温州区域,温州加盟,,,否,-,平台配送
圣比萨（塘下店）,SBM00005,温州,"8089220254404573501	",饿了么,平台外卖,已完成,2025-10-21 11:22:40,2025-10-21 11:22:40,2025-10-21 11:22:40,饿了么支付-在线支付,,即时单,2025-10-21 11:22:40,8.63,手动出餐,1,否,"任选焗饭4选1+小吃6选1+饮料[招牌肉酱芝士焗饭+金丝鸡排+奶茶+常温]（62.00*1）,餐盒（1.00*1）",招牌肉酱芝士焗饭+金丝鸡排+港式奶茶,,,,非会员,6,,,依据餐量提供餐具,,62.00,16.21,35.60,0.00,0,0,1.79,0.00,6.20,【活动支出】单品特价:27.60元+【活动支出】饿了么红包:8.00元+【活动支出】替用户承担配送费:5.0元,-,-,-,1.00,温州区域,温州加盟,,,否,-,平台配送
圣比萨（塘下店）,SBM00005,温州,"8000050254599495071	",饿了么,平台外卖,已完成,2025-10-21 11:32:15,2025-10-21 11:32:15,2025-10-21 11:32:16,饿了么支付-在线支付,,即时单,2025-10-21 11:32:15,8.97,手动出餐,1,否,"7寸披萨买一送一[新奥尔良鸡肉披萨7英寸+圣比至尊披萨7英寸]（74.00*1）,餐盒（2.00*1）",大圣招牌大满贯披萨【7英寸(手拍)】,,,,非会员,7,,,依据餐量提供餐具,,74.00,27.17,36.10,0.00,0,0,2.73,0.00,3.50,【活动支出】店铺满减:1.00元+【活动支出】单品特价:24.10元+【活动支出】 商家自营销加码:0.00元+【活动支出】粉丝群:2.00元+【活动支出】饿了么红包:9.00元+【活动支出】替用户承担配送费:3.5元,-,-,-,2.00,温州区域,温州加盟,,,否,-,平台配送
圣比萨（塘下店）,SBM00005,温州,"8076806088414766382	",饿了么,平台外卖,已完成,2025-10-21 12:36:42,2025-10-21 12:36:42,2025-10-21 12:36:42,饿了么支付-在线支付,,即时单,2025-10-21 12:36:42,10.15,手动出餐,1,否,"豪华单人披萨8选1+小吃5选2+饮料[奶香紫薯披萨7英寸+爱心鸡排1个+原味香肠2根+港式奶茶+常温]（68.00*1）,餐盒（2.00*1）",豪华单人披萨8选1+小吃5选2+饮料[奶香紫薯披萨7英寸+爱心鸡排1个+原味香肠2根+港式奶茶+常温]+餐盒,,,,非会员,8,,,依据餐量提供餐具,,68.00,22.59,36.01,0.00,0,0,2.29,0.00,3.50,【活动支出】店铺满减:1.00元+【活动支出】单品特价:28.01元+【活动支出】饿了么红包:7.00元+【活动支出】替用户承担配送费:3.5元,-,-,-,2.00,温州区域,温州加盟,,,否,-,平台配送
圣比萨（塘下店）,SBM00005,温州,"8082596088452531685	",饿了么,平台外卖,已完成,2025-10-21 14:03:43,2025-10-21 14:03:43,2025-10-21 14:03:44,饿了么支付-在线支付,,即时单,2025-10-21 14:03:43,8.62,手动出餐,1,否,新奥尔良烤鸡肉披萨7寸-单点（22.00*1）,新奥尔良烤鸡肉披萨【7英寸(手拍)】,,,,非会员,9,,,依据餐量提供餐具,,22.00,12.00,0.00,0.00,0,0,0.00,0.00,,【活动支出】拼团反圈活动:0.00元,-,-,-,0.00,温州区域,温州加盟,,,否,-,平台配送
圣比萨（塘下店）,SBM00005,温州,"8028816088520011133	",饿了么,平台外卖,已完成,2025-10-21 14:32:28,2025-10-21 14:32:28,2025-10-21 14:32:28,饿了么支付-在线支付,,即时单,2025-10-21 14:32:28,10.17,手动出餐,1,否,"任选焗饭4选1+小吃6选1+饮料[咖喱鸡肉芝士焗饭+深海墨鱼丸3个+奶茶+热]（62.00*1）,餐盒（1.00*1）",咖喱鸡肉芝士焗饭+深海墨鱼丸【3个】+港式奶茶,,,,非会员,10,,,依据餐量提供餐具,,62.00,19.16,35.60,0.00,0,0,1.79,0.00,3.50,【活动支出】单品特价:27.60元+【活动支出】超会爆红包省钱包:8.00元+【活动支出】替用户承担配送费:3.5元,-,-,-,1.00,温州区域,温州加盟,,,否,-,平台配送
圣比萨（塘下店）,SBM00005,温州,"8035090254600760812	",饿了么,平台外卖,已完成,2025-10-21 15:08:06,2025-10-21 15:08:06,2025-10-21 15:08:06,饿了么支付-在线支付,,即时单,2025-10-21 15:08:06,11.55,手动出餐,1,否,新奥尔良烤鸡肉披萨7寸-单点（22.00*1）,新奥尔良烤鸡肉披萨【7英寸(手拍)】,,,,非会员,11,,,依据餐量提供餐具,,22.00,12.00,0.00,0.00,0,0,0.00,0.00,,【活动支出】拼团反圈活动:0.00元,-,-,-,0.00,温州区域,温州加盟,,,否,-,平台配送
圣比萨（塘下店）,SBM00005,温州,"8002490254628870459	",饿了么,平台外卖,已完成,2025-10-21 15:28:59,2025-10-21 15:28:59,2025-10-21 15:28:59,饿了么支付-在线支付,,即时单,2025-10-21 15:28:59,10.25,手动出餐,1,否,"圣比至尊披萨-7英寸[{""name"":""规格"",""value"":""7英寸""}]（45.00*1）,7英寸奶酪卷边（8.00*1）,餐盒（1.50*1）",大圣招牌大满贯披萨,,,,非会员,12,,,依据餐量提供餐具,,53.00,19.60,25.10,0.00,0,0,1.98,0.00,3.50,【活动支出】单品特价:17.10元+【活动支出】 商家自营销加码:0.00元+【活动支出】饿了么红包:8.00元+【活动支出】替用户承担配送费:3.5元,-,-,-,1.50,温州区域,温州加盟,,,否,-,平台配送
圣比萨（塘下店）,SBM00005,温州,"8024000254652043674	",饿了么,平台外卖,已完成,2025-10-21 16:35:30,2025-10-21 16:35:30,2025-10-21 16:35:30,饿了么支付-在线支付,,即时单,2025-10-21 16:35:30,10.40,手动出餐,1,否,"圣比至尊披萨-7英寸[{""name"":""规格"",""value"":""7英寸""}]（45.00*1）,7英寸芝心卷边（10.00*1）,披萨保温袋（1.00*1）,餐盒（1.50*1）",大圣招牌大满贯披萨,,,,非会员,13,,,依据餐量提供餐具,,56.00,20.38,25.50,0.00,0,0,2.18,0.00,4.50,【活动支出】店铺满减:1.00元+【活动支出】单品特价:16.50元+【活动支出】超级会员专享红包:8.00元+【活动支出】 商家自营销加码:0.00元+【活动支出】替用户承担配送费:4.5元,-,-,-,1.50,温州区域,温州加盟,,,否,-,平台配送
圣比萨（塘下店）,SBM00005,温州,"8095596088501488034	",饿了么,平台外卖,已完成,2025-10-21 16:42:15,2025-10-21 16:42:15,2025-10-21 16:42:15,饿了么支付-在线支付,,即时单,2025-10-21 16:42:15,9.35,手动出餐,1,否,"圣比至尊披萨-7英寸[{""name"":""规格"",""value"":""7英寸""}]（45.00*1）,奥尔良烤翅（14.00*2）,餐盒（5.50*1）",大圣招牌大满贯披萨+奥尔良烤翅,,,,非会员,14,,,无需餐具,,73.00,31.87,31.00,0.00,0,0,3.34,0.00,3.50,【活动支出】店铺满减:1.00元+【活动支出】单品特价:16.50元+【活动支出】单品特价:3.50元+【活动支出】饿了么红包:10.00元+【活动支出】替用户承担配送费:3.5元,-,-,-,5.50,温州区域,温州加盟,,,否,-,平台配送
圣比萨（塘下店）,SBM00005,温州,"8073936088557451649	",饿了么,平台外卖,已完成,2025-10-21 16:44:06,2025-10-21 16:44:06,2025-10-21 16:44:06,饿了么支付-在线支付,,即时单,2025-10-21 16:44:06,10.78,手动出餐,1,否,"圣比至尊披萨-7英寸[{""name"":""规格"",""value"":""7英寸""}]（45.00*1）,披萨保温袋（1.00*1）,7英寸紫薯泥卷边（8.00*1）,餐盒（1.50*1）",大圣招牌大满贯披萨,,,,非会员,15,,,依据餐量提供餐具,,54.00,16.16,29.00,0.00,0,0,1.76,0.00,5.00,【活动支出】店铺满减:1.00元+【活动支出】单品特价:16.50元+【活动支出】粉丝群:2.00元+【活动支出】饿了么红包:9.50元+【活动支出】替用户承担配送费:5.0元,-,-,-,1.50,温州区域,温州加盟,,,否,-,平台配送
圣比萨（塘下店）,SBM00005,温州,"8068230254544453958	",饿了么,平台外卖,已完成,2025-10-21 16:47:50,2025-10-21 16:47:50,2025-10-21 16:47:50,饿了么支付-在线支付,,即时单,2025-10-21 16:47:50,11.38,手动出餐,1,否,"金丝鸡排（10.88*1）,7寸披萨买一送一[玉米沙拉披萨7英寸+圣比至尊披萨7英寸]（74.00*1）,红薯泥卷边（8.00*1）,7英寸奶酪卷边（8.00*1）,餐盒（3.00*1）",金丝鸡排+玉米沙拉披萨【7英寸(手拍)】+大圣招牌大满贯披萨【7英寸(手拍)】+红薯泥流心卷边7,,,,非会员,16,,,多几包番茄酱两个至尊披萨 / 依据餐量提供餐具,,100.88,38.68,45.88,0.00,0,0,4.13,0.00,5.60,【活动支出】店铺满减:6.00元+【活动支出】单品特价:2.38元+【活动支出】单品特价:23.50元+【活动支出】粉丝群:2.00元+【活动支出】饿了么红包:12.00元+【活动支出】替用户承担配送费:5.6元,-,-,-,3.00,温州区域,温州加盟,,,否,-,平台配送
圣比萨（塘下店）,SBM00005,温州,"8005616088541821209	",饿了么,平台外卖,已完成,2025-10-21 16:55:37,2025-10-21 16:55:37,2025-10-21 16:55:38,饿了么支付-在线支付,,即时单,2025-10-21 16:55:37,10.43,手动出餐,1,否,"圣比萨至尊套餐[圣比招牌比萨7英寸+奥尔良烤翅1对+柠檬茶+常温]（60.00*1）,蛋挞（10.00*1）,餐盒（3.00*1）",奥尔良烤翅+柠檬茶+蛋挞,,,,非会员,17,,,依据餐量提供餐具,,70.00,24.23,32.40,0.00,0,0,2.82,0.00,8.70,【活动支出】店铺满减:1.00元+【活动支出】单品特价:24.50元+【活动支出】单品特价:1.90元+【活动支出】饿了么红包:5.00元+【活动支出】替用户承担配送费:6.0元,-,-,-,3.00,温州区域,温州加盟,,,否,-,平台配送
圣比萨（塘下店）,SBM00005,温州,"8004606088520265101	",饿了么,平台外卖,已完成,2025-10-21 17:17:10,2025-10-21 17:17:10,2025-10-21 17:17:10,饿了么支付-在线支付,,即时单,2025-10-21 17:17:10,10.13,手动出餐,1,否,"奶香紫薯披萨-7英寸[{""name"":""规格"",""value"":""7英寸""}]（42.00*1）,7英寸酸奶卷边（8.00*1）,披萨保温袋（1.00*1）,蛋挞（10.00*1）,餐盒（2.00*1）",蛋挞,,,,非会员,18,,,依据餐量提供餐具,,61.00,24.55,25.90,0.00,0,0,2.56,0.00,3.50,【活动支出】店铺满减:1.00元+【活动支出】单品特价:16.50元+【活动支出】单品特价:1.90元+【活动支出】饿了么红包:6.50元+【活动支出】替用户承担配送费:3.5元,-,-,-,2.00,温州区域,温州加盟,,,否,-,平台配送
圣比萨（塘下店）,SBM00005,温州,"8036626088575539496	",饿了么,平台外卖,已完成,2025-10-21 17:19:58,2025-10-21 17:19:58,2025-10-21 17:19:58,饿了么支付-在线支付,,即时单,2025-10-21 17:19:58,10.15,手动出餐,1,否,"圣比至尊披萨-7英寸[{""name"":""规格"",""value"":""7英寸""}]（45.00*1）,餐盒（1.50*1）",大圣招牌大满贯披萨,,,,非会员,19,,,依据餐量提供餐具,,45.00,13.62,25.50,0.00,0,0,1.43,0.00,3.50,【活动支出】单品特价:16.50元+【活动支出】粉丝群:2.00元+【活动支出】饿了么红包:7.00元+【活动支出】替用户承担配送费:3.5元,-,-,-,1.50,温州区域,温州加盟,,,否,-,平台配送
圣比萨（塘下店）,SBM00005,温州,"8046596088526693766	",饿了么,平台外卖,已完成,2025-10-21 17:26:10,2025-10-21 17:26:10,2025-10-21 17:26:10,饿了么支付-在线支付,,即时单,2025-10-21 17:26:10,10.28,手动出餐,1,否,"7寸披萨8选1＋小吃6选1+饮料[奥尔良披萨7英寸+上校鸡块一份+奶茶+冷]（56.00*1）,餐盒（2.00*1）",上校鸡块+港式奶茶,,,,非会员,20,,,依据餐量提供餐具,,56.00,19.12,28.70,0.00,0,0,1.97,0.00,3.50,【活动支出】单品特价:20.70元+【活动支出】饿了么红包:8.00元+【活动支出】替用户承担配送费:3.5元,-,-,-,2.00,温州区域,温州加盟,,,否,-,平台配送
圣比萨（塘下店）,SBM00005,温州,"8054330254567493978	",饿了么,平台外卖,已完成,2025-10-21 17:31:06,2025-10-21 17:31:06,2025-10-21 17:31:06,饿了么支付-在线支付,,即时单,2025-10-21 17:31:06,9.58,手动出餐,1,否,"榴莲王披萨（金枕榴莲果肉真果肉看的见吃的到）-7英寸[{""name"":""规格"",""value"":""7英寸""}]（52.00*1）,餐盒（2.00*1）",榴莲王披萨,,,,非会员,21,,,无需餐具,,52.00,17.96,26.70,0.00,0,0,1.82,0.00,3.50,【活动支出】单品特价:16.70元+【活动支出】 商家自营销加码:0.00元+【活动支出】精准营销:2.00元+【活动支出】饿了么红包:8.00元+【活动支出】替用户承担配送费:3.5元,-,-,-,2.00,温州区域,温州加盟,,,否,-,平台配送
圣比萨（塘下店）,SBM00005,温州,"8047646088543191488	",饿了么,平台外卖,已完成,2025-10-21 17:35:27,2025-10-21 17:35:27,2025-10-21 17:35:28,饿了么支付-在线支付,,即时单,2025-10-21 17:35:27,9.20,手动出餐,1,否,"单人吃鸡套餐（超值大众味必点）[新奥尔良鸡肉披萨7英寸+奥尔良烤翅1对+柠檬茶+常温]（62.00*1）,餐盒（2.00*1）",单人吃鸡套餐（超值大众味必点）[新奥尔良鸡肉披萨7英寸+奥尔良烤翅1对+柠檬茶+常温]+餐盒,,,,非会员,22,,,1份餐具,,62.00,19.99,33.70,0.00,0,0,2.05,0.00,3.50,【活动支出】单品特价:26.70元+【活动支出】饿了么红包:7.00元+【活动支出】替用户承担配送费:3.5元,-,-,-,2.00,温州区域,温州加盟,,,否,-,平台配送
圣比萨（塘下店）,SBM00005,温州,"8066766088549850501	",饿了么,平台外卖,已完成,2025-10-21 17:45:09,2025-10-21 17:45:09,2025-10-21 17:45:09,饿了么支付-在线支付,,即时单,2025-10-21 17:45:09,10.25,手动出餐,1,否,"任选焗饭4选1+小吃6选1+饮料[招牌肉酱芝士焗饭+金丝鸡排+柠檬茶+常温]（62.00*1）,餐盒（1.00*1）",招牌肉酱芝士焗饭+金丝鸡排+柠檬茶,,,,非会员,23,,,依据餐量提供餐具,,62.00,19.90,34.00,0.00,0,0,1.95,0.00,3.50,【活动支出】单品特价:27.00元+【活动支出】 商家自营销加码:2.00元+【活动支出】饿了么红包:5.00元+【活动支出】替用户承担配送费:3.5元,-,-,-,1.00,温州区域,温州加盟,,,否,-,平台配送
圣比萨（塘下店）,SBM00005,温州,"8088350254689144254	",饿了么,平台外卖,已完成,2025-10-21 17:45:19,2025-10-21 17:45:19,2025-10-21 17:45:19,饿了么支付-在线支付,,即时单,2025-10-21 17:45:19,10.57,手动出餐,1,否,"招牌肉酱芝士焗饭（46.80*1）,餐盒（2.00*1）",招牌肉酱芝士焗饭,,,,非会员,24,,,依据餐量提供餐具,,46.80,13.21,28.21,0.00,0,0,1.43,0.00,3.50,【活动支出】单品特价:21.21元+【活动支出】 商家自营销加码:2.00元+【活动支出】饿了么红包:5.00元+【活动支出】替用户承担配送费:3.5元,-,-,-,2.00,温州区域,温州加盟,,,否,-,平台配送
圣比萨（塘下店）,SBM00005,温州,"8066460254666106317	",饿了么,平台外卖,已完成,2025-10-21 17:50:24,2025-10-21 17:50:24,2025-10-21 17:50:25,饿了么支付-在线支付,,即时单,2025-10-21 17:50:24,10.03,手动出餐,1,否,新奥尔良烤鸡肉披萨7寸-单点（22.00*1）,新奥尔良烤鸡肉披萨【7英寸(手拍)】,,,,非会员,25,,,依据餐量提供餐具,,22.00,12.00,0.00,0.00,0,0,0.00,0.00,,【活动支出】拼团反圈活动:0.00元,-,-,-,0.00,温州区域,温州加盟,,,否,-,平台配送
圣比萨（塘下店）,SBM00005,温州,"8000230254665778657	",饿了么,平台外卖,已完成,2025-10-21 17:50:35,2025-10-21 17:50:35,2025-10-21 17:50:35,饿了么支付-在线支付,,即时单,2025-10-21 17:50:35,10.20,手动出餐,1,否,"榴莲王披萨（金枕榴莲果肉真果肉看的见吃的到）-7英寸[{""name"":""规格"",""value"":""7英寸""}]（52.00*1）,餐盒（2.00*1）",榴莲王披萨,,,,非会员,26,,,1份餐具,,52.00,19.45,25.70,0.00,0,0,1.90,0.00,3.50,【活动支出】单品特价:16.70元+【活动支出】 商家自营销加码:2.00元+【活动支出】精准营销:2.00元+【活动支出】饿了么红包:5.00元+【活动支出】替用户承担配送费:3.5元,-,-,-,2.00,温州区域,温州加盟,,,否,-,平台配送
圣比萨（塘下店）,SBM00005,温州,"8012460254580063577	",饿了么,平台外卖,已完成,2025-10-21 17:54:38,2025-10-21 17:54:38,2025-10-21 17:54:38,饿了么支付-在线支付,,即时单,2025-10-21 17:54:38,8.13,手动出餐,1,否,"新奥尔良烤鸡肉披萨7寸-单点[{""name"":""规格"",""value"":""单点""}]（22.00*1）",新奥尔良烤鸡肉披萨【7英寸(手拍)】,,,,非会员,27,,,依据餐量提供,,22.00,12.00,0.00,0.00,0,0,0.00,0.00,,【活动支出】拼团反圈活动:0.00元,-,-,-,0.00,温州区域,温州加盟,,,否,-,平台配送
圣比萨（塘下店）,SBM00005,温州,"8076896088582195563	",饿了么,平台外卖,已完成,2025-10-21 17:57:51,2025-10-21 17:57:51,2025-10-21 17:57:52,饿了么支付-在线支付,,即时单,2025-10-21 17:57:51,8.18,手动出餐,1,否,"芝士焗饭一人食套餐[碳烤鸡肉芝士焗饭+香蕉挞一个+小可乐+常温]（62.00*1）,餐盒（2.00*1）",碳烤鸡肉芝士焗饭+小可乐,,,,非会员,28,,,依据餐量提供餐具,,62.00,17.52,37.20,0.00,0,0,1.79,0.00,3.50,【活动支出】单品特价:27.20元+【活动支出】粉丝群:2.00元+【活动支出】饿了么红包:8.00元+【活动支出】替用户承担配送费:3.5元,-,-,-,2.00,温州区域,温州加盟,,,否,-,平台配送
圣比萨（塘下店）,SBM00005,温州,"8004120254696289755	",饿了么,平台外卖,已完成,2025-10-21 18:05:00,2025-10-21 18:05:00,2025-10-21 18:05:01,饿了么支付-在线支付,,即时单,2025-10-21 18:05:00,8.92,手动出餐,1,否,"圣比至尊披萨-7英寸[{""name"":""规格"",""value"":""7英寸""}]（45.00*1）,餐盒（1.50*1）",大圣招牌大满贯披萨,,,,非会员,29,,,"期待😚
 / 2份餐具",,45.00,13.62,25.50,0.00,0,0,1.43,0.00,4.00,【活动支出】单品特价:16.50元+【活动支出】精准营销:2.00元+【活动支出】饿了么红包:7.00元+【活动支出】替用户承担配送费:4.0元,-,-,-,1.50,温州区域,温州加盟,,,否,-,平台配送
圣比萨（塘下店）,SBM00005,温州,"8007716088566438146	",饿了么,平台外卖,已完成,2025-10-21 18:33:06,2025-10-21 18:33:06,2025-10-21 18:33:06,饿了么支付-在线支付,,即时单,2025-10-21 18:33:06,10.55,手动出餐,1,否,"上校鸡块1个（4.00*2）,金丝鸡排（首页入饿了么会员可享受，限量每日一份）（10.88*1）,圣比至尊披萨-9英寸[{""name"":""规格"",""value"":""9英寸""}]（75.00*1）,9英寸芝心卷边（16.00*1）,披萨保温袋（1.00*1）,芝士就是力量（10.00*1）,餐盒（3.50*1）",上校鸡块1个+金丝鸡排+大圣招牌大满贯披萨+芝士就是力量,,,,非会员,30,,,依据餐量提供餐具,,120.88,50.54,51.50,0.00,0,0,5.24,0.00,5.60,【活动支出】店铺满减:6.00元+【活动支出】单品特价:3.90元+【活动支出】单品特价:26.60元+【活动支出】饿了么红包:15.00元+【活动支出】替用户承担配送费:5.6元,-,-,-,3.50,温州区域,温州加盟,,,否,-,平台配送
圣比萨（塘下店）,SBM00005,温州,"8077526088570129878	",饿了么,平台外卖,已完成,2025-10-21 18:37:08,2025-10-21 18:37:08,2025-10-21 18:37:08,饿了么支付-在线支付,,即时单,2025-10-21 18:37:08,11.15,手动出餐,1,否,"【买一送一】买披萨送意面[纯芝士披萨7英寸+招牌肉酱意面]（77.00*1）,餐盒（2.00*1）",金牌芝士披萨【7英寸(手拍)】+招牌肉酱意面,,,,非会员,31,,,依据餐量提供餐具,,77.00,31.19,36.50,0.00,0,0,2.96,0.00,3.50,【活动支出】店铺满减:1.00元+【活动支出】单品特价:30.50元+【活动支出】精准营销:2.00元+【活动支出】饿了么红包:3.00元+【活动支出】替用户承担配送费:3.5元,-,-,-,2.00,温州区域,温州加盟,,,否,-,平台配送
圣比萨（塘下店）,SBM00005,温州,"8076926088609986834	",饿了么,平台外卖,已完成,2025-10-21 18:43:08,2025-10-21 18:43:08,2025-10-21 18:43:08,饿了么支付-在线支付,,即时单,2025-10-21 18:43:08,9.10,手动出餐,1,否,"7寸披萨8选1＋小吃6选1+饮料[碳烤鸡肉培根披萨7英寸+金丝鸡排1个+牛奶+热]（56.00*1）,餐盒（2.00*1）",金丝鸡排+雀巢牛奶,,,,非会员,32,,,依据餐量提供餐具,,56.00,16.16,30.70,0.00,0,0,1.82,0.00,6.20,【活动支出】单品特价:20.70元+【活动支出】粉丝群:2.00元+【活动支出】饿了么红包:8.00元+【活动支出】替用户承担配送费:6.0元,-,-,-,2.00,温州区域,温州加盟,,,否,-,平台配送
圣比萨（塘下店）,SBM00005,温州,"8016546088568635903	",饿了么,平台外卖,已完成,2025-10-21 18:44:32,2025-10-21 18:44:32,2025-10-21 18:44:32,饿了么支付-在线支付,,即时单,2025-10-21 18:44:32,11.10,手动出餐,1,否,"披萨保温袋（1.00*1）,圣比至尊披萨-12英寸[{""name"":""规格"",""value"":""12英寸""}]（109.00*1）,餐盒（1.50*1）",大圣招牌大满贯披萨,,,,非会员,33,,,无需餐具,,110.00,32.51,61.90,0.00,0,0,3.50,0.00,5.60,【活动支出】店铺满减:6.00元+【活动支出】单品特价:41.90元+【活动支出】精准营销:2.00元+【活动支出】饿了么红包:12.00元+【活动支出】替用户承担配送费:5.6元,-,-,-,1.50,温州区域,温州加盟,,,否,-,平台配送
圣比萨（塘下店）,SBM00005,温州,"8016546088627467594	",饿了么,平台外卖,已完成,2025-10-21 18:46:00,2025-10-21 18:46:00,2025-10-21 18:46:00,饿了么支付-在线支付,,即时单,2025-10-21 18:46:00,10.93,手动出餐,1,否,"奶香紫薯披萨-9英寸[{""name"":""规格"",""value"":""9英寸""}]（75.00*1）,披萨保温袋（1.00*1）,餐盒（1.00*1）","奶香紫薯披萨-9英寸[{""name"":""规格"",""value"":""9英寸""}]+披萨保温袋+餐盒",,,,非会员,34,,,无需餐具,,76.00,23.70,39.50,0.00,0,0,2.59,0.00,5.60,【活动支出】店铺满减:1.00元+【活动支出】单品特价:29.50元+【活动支出】饿了么红包:9.00元+【活动支出】替用户承担配送费:5.6元,-,-,-,1.00,温州区域,温州加盟,,,否,-,平台配送
圣比萨（塘下店）,SBM00005,温州,"8050976088616950133	",饿了么,平台外卖,已完成,2025-10-21 19:00:15,2025-10-21 19:00:15,2025-10-21 19:00:15,饿了么支付-在线支付,,即时单,2025-10-21 19:00:15,8.43,手动出餐,1,否,新奥尔良烤鸡肉披萨7寸-单点（22.00*1）,新奥尔良烤鸡肉披萨【7英寸(手拍)】,,,,非会员,35,,,依据餐量提供餐具,用户申请取消单 其他原因，,22.00,12.00,0.00,0.00,0,0,0.00,0.00,,【活动支出】拼团反圈活动:0.00元,-,-,-,0.00,温州区域,温州加盟,,,否,-,平台配送
圣比萨（塘下店）,SBM00005,温州,"8084876088585366857	",饿了么,平台外卖,已完成,2025-10-21 19:02:49,2025-10-21 19:02:49,2025-10-21 19:02:49,饿了么支付-在线支付,,即时单,2025-10-21 19:02:49,10.17,手动出餐,1,否,"【买一送一】买披萨送意面[碳烤鸡肉培根7英寸+番茄牛肉意面]（77.00*1）,德州鸡肉串-3串[{""name"":""规格"",""value"":""3串""}]（15.00*1）,餐盒（4.00*1）",碳烤鸡肉培根披萨【7英寸(手拍)】+番茄牛肉意面,,,,非会员,36,,,依据餐量提供餐具,,92.00,29.15,53.20,0.00,0,0,2.99,0.00,3.50,【活动支出】店铺满减:6.00元+【活动支出】单品特价:30.50元+【活动支出】单品特价:4.70元+【活动支出】 商家自营销加码:0.00元+【活动支出】粉丝群:2.00元+【活动支出】饿了么红包:10.00元+【活动支出】替用户承担配送费:3.5元,-,-,-,4.00,温州区域,温州加盟,,,否,-,平台配送
圣比萨（塘下店）,SBM00005,温州,"8084876088618926517	",饿了么,平台外卖,已完成,2025-10-21 19:03:58,2025-10-21 19:03:58,2025-10-21 19:03:58,饿了么支付-在线支付,,即时单,2025-10-21 19:03:58,9.85,手动出餐,1,否,招牌肉酱芝士焗饭（46.80*1）,招牌肉酱芝士焗饭,,,,非会员,37,,,依据餐量提供餐具,,46.80,12.62,27.40,0.00,0,0,1.43,0.00,3.50,【活动支出】单品特价:27.40元+【活动支出】替用户承担配送费:3.5元,-,-,-,0.00,温州区域,温州加盟,,,否,-,平台配送
圣比萨（塘下店）,SBM00005,温州,"8000490254730351062	",饿了么,平台外卖,已完成,2025-10-21 19:05:35,2025-10-21 19:05:35,2025-10-21 19:05:35,饿了么支付-在线支付,,即时单,2025-10-21 19:05:35,10.37,手动出餐,1,否,"深海墨鱼丸一个（4.00*2）,7寸披萨8选1＋小吃6选1+饮料[碳烤鸡肉培根披萨7英寸+芝士香蕉挞一个+牛奶+常温]（56.00*1）,餐盒（3.00*1）",深海墨鱼丸1个+缤纷芝士挞菠萝味+雀巢牛奶,,,,非会员,38,,,依据餐量提供餐具,,64.00,22.11,33.60,0.00,0,0,2.28,0.00,3.50,【活动支出】店铺满减:1.00元+【活动支出】单品特价:3.90元+【活动支出】单品特价:20.70元+【活动支出】饿了么红包:8.00元+【活动支出】替用户承担配送费:3.5元,-,-,-,3.00,温州区域,温州加盟,,,否,-,平台配送
圣比萨（塘下店）,SBM00005,温州,"8079380254817144154	",饿了么,平台外卖,已完成,2025-10-21 19:17:10,2025-10-21 19:17:10,2025-10-21 19:17:10,饿了么支付-在线支付,,即时单,2025-10-21 19:17:10,10.28,手动出餐,1,否,"7寸披萨买一送一[水果披萨7英寸+圣比至尊披萨7英寸]（74.00*1）,餐盒（2.00*1）",缤纷水果披萨【7英寸(手拍)】+大圣招牌大满贯披萨【7英寸(手拍)】,,,,非会员,39,,,水果披萨沙拉酱多放点 / 依据餐量提供餐具,,74.00,26.66,36.50,0.00,0,0,2.74,0.00,3.50,【活动支出】店铺满减:1.00元+【活动支出】单品特价:23.50元+【活动支出】CPS商户叠加券:0.00元+【活动支出】饿了么红包:12.00元+【活动支出】淘金币:0.00元+【活动支出】替用户承担配送费:3.5元,-,-,-,2.00,温州区域,温州加盟,,,否,-,平台配送
圣比萨（塘下店）,SBM00005,温州,"8085300254824221008	",饿了么,平台外卖,已完成,2025-10-21 19:33:41,2025-10-21 19:33:41,2025-10-21 19:33:41,饿了么支付-在线支付,,即时单,2025-10-21 19:33:41,9.97,手动出餐,1,否,"榴莲王披萨（金枕榴莲果肉真果肉看的见吃的到）-7英寸[{""name"":""规格"",""value"":""7英寸""}]（52.00*1）,7英寸红薯泥卷边（8.00*1）,餐盒（2.00*1）",榴莲王披萨,,,,非会员,40,,,3份餐具,,60.00,22.85,25.70,0.00,0,0,2.50,0.00,5.00,【活动支出】店铺满减:1.00元+【活动支出】单品特价:16.70元+【活动支出】饿了么红包:8.00元+【活动支出】替用户承担配送费:5.0元,-,-,-,2.00,温州区域,温州加盟,,,否,-,平台配送
圣比萨（塘下店）,SBM00005,温州,"8056110254648127989	",饿了么,平台外卖,已完成,2025-10-21 19:59:58,2025-10-21 19:59:58,2025-10-21 19:59:58,饿了么支付-在线支付,,即时单,2025-10-21 19:59:58,10.77,手动出餐,1,否,"新奥尔良烤鸡肉披萨-7英寸[{""name"":""规格"",""value"":""7英寸""}]（42.00*1）,餐盒（2.00*1）",新奥尔良烤鸡肉披萨,,,,非会员,41,,,3份餐具,,42.00,14.12,22.50,0.00,0,0,1.43,0.00,3.50,【活动支出】单品特价:15.50元+【活动支出】超级会员专享红包:5.00元+【活动支出】 商家自营销加码:2.00元+【活动支出】替用户承担配送费:3.5元,-,-,-,2.00,温州区域,温州加盟,,,否,-,平台配送
圣比萨（塘下店）,SBM00005,温州,"8079746088605392367	",饿了么,平台外卖,已完成,2025-10-21 20:05:43,2025-10-21 20:05:43,2025-10-21 20:05:43,饿了么支付-在线支付,,即时单,2025-10-21 20:05:43,12.25,手动出餐,1,否,"比意双飞套餐[新奥尔良鸡肉披萨7英寸+番茄牛肉意面+柠檬茶+冷]（66.00*1）,餐盒（2.00*1）",番茄牛肉意面+柠檬茶,,,,非会员,42,,,依据餐量提供餐具,,66.00,27.54,27.50,0.00,0,0,2.81,0.00,4.00,【活动支出】店铺满减:1.00元+【活动支出】单品特价:17.50元+【活动支出】饿了么红包:0.00元+【活动支出】饿了么红包:9.00元+【活动支出】替用户承担配送费:4.0元,-,-,-,2.00,温州区域,温州加盟,,,否,-,平台配送
圣比萨（塘下店）,SBM00005,温州,"8066100254743694700	",饿了么,平台外卖,已完成,2025-10-21 20:16:30,2025-10-21 20:16:30,2025-10-21 20:16:30,饿了么支付-在线支付,,即时单,2025-10-21 20:16:30,9.77,手动出餐,1,否,"圣比至尊披萨-7英寸[{""name"":""规格"",""value"":""7英寸""}]（45.00*1）,餐盒（1.50*1）",大圣招牌大满贯披萨,,,,非会员,43,,,放门口 / 依据餐量提供餐具,,45.00,11.86,25.50,0.00,0,0,1.43,0.00,5.00,【活动支出】单品特价:16.50元+【活动支出】精准营销:2.00元+【活动支出】饿了么红包:7.00元+【活动支出】替用户承担配送费:5.0元,-,-,-,1.50,温州区域,温州加盟,,,否,-,平台配送
圣比萨（塘下店）,SBM00005,温州,"8012786088650114517	",饿了么,平台外卖,已完成,2025-10-21 20:32:02,2025-10-21 20:32:02,2025-10-21 20:32:02,饿了么支付-在线支付,,即时单,2025-10-21 20:32:02,10.32,手动出餐,1,否,"黑椒牛肉芝士焗饭（46.80*1）,餐盒（2.00*1）",黑椒牛肉芝士焗饭,,,,非会员,44,,,依据餐量提供餐具,,46.80,11.52,27.21,0.00,0,0,1.43,0.00,6.80,【活动支出】单品特价:20.21元+【活动支出】饿了么红包:7.00元+【活动支出】替用户承担配送费:6.0元,-,-,-,2.00,温州区域,温州加盟,,,否,-,平台配送
圣比萨（塘下店）,SBM00005,温州,"8072230254769284454	",饿了么,平台外卖,已完成,2025-10-21 20:34:30,2025-10-21 20:34:30,2025-10-21 20:34:31,饿了么支付-在线支付,,即时单,2025-10-21 20:34:30,7.92,手动出餐,1,否,"任选焗饭4选1+小吃6选1+饮料[招牌肉酱芝士焗饭+深海墨鱼丸3个+可乐+冷]（62.00*1）,餐盒（1.00*1）",招牌肉酱芝士焗饭+深海墨鱼丸【3个】+小可乐,,,,非会员,45,,,1份餐具,,62.00,13.42,37.00,0.00,0,0,1.73,0.00,6.80,【活动支出】单品特价:27.00元+【活动支出】精准营销:2.00元+【活动支出】饿了么红包:8.00元+【活动支出】替用户承担配送费:6.0元,-,-,-,1.00,温州区域,温州加盟,,,否,-,平台配送
圣比萨（塘下店）,SBM00005,温州,"8049330254766812670	",饿了么,平台外卖,已完成,2025-10-21 20:38:49,2025-10-21 20:38:49,2025-10-21 20:38:49,饿了么支付-在线支付,,即时单,2025-10-21 20:38:49,8.97,手动出餐,1,否,"圣比至尊披萨-7英寸[{""name"":""规格"",""value"":""7英寸""}]（45.00*1）,餐盒（1.50*1）",大圣招牌大满贯披萨,,,,非会员,46,,,"对商家，饮料去冰, 对骑手不要按门铃，防盗门对面有开门按钮，放在804门口凳子上打电话即可, 对商家 / 依据餐量提供餐具",,45.00,20.82,16.50,0.00,0,0,2.03,0.00,3.50,【活动支出】单品特价:16.50元+【活动支出】替用户承担配送费:3.5元,-,-,-,1.50,温州区域,温州加盟,,,否,-,平台配送
圣比萨（塘下店）,SBM00005,温州,"8079360254848904535	",饿了么,平台外卖,已完成,2025-10-21 20:58:14,2025-10-21 20:58:14,2025-10-21 20:58:14,饿了么支付-在线支付,,即时单,2025-10-21 20:58:14,10.25,手动出餐,1,否,"招牌风味大香肠-原味香肠1根[{""name"":""规格"",""value"":""原味香肠1根""}]（6.00*1）,爆款披萨意面双人超值套餐[新奥尔良7英寸+番茄汁牛肉面+奶茶+奶茶]（88.00*1）,披萨保温袋（1.00*1）,餐盒（4.00*1）",新奥尔良烤鸡肉披萨【7英寸(手拍)】+番茄牛肉意面+港式奶茶+港式奶茶,,,,非会员,47,,,依据餐量提供餐具,,95.00,32.61,51.80,0.00,0,0,3.32,0.00,3.50,【活动支出】店铺满减:6.00元+【活动支出】单品特价:1.10元+【活动支出】单品特价:35.70元+【活动支出】饿了么红包:9.00元+【活动支出】替用户承担配送费:3.5元,-,-,-,4.00,温州区域,温州加盟,,,否,-,平台配送
圣比萨（塘下店）,SBM00005,温州,"8016360254678613471	",饿了么,平台外卖,已完成,2025-10-21 21:20:51,2025-10-21 21:20:51,2025-10-21 21:20:52,饿了么支付-在线支付,,即时单,2025-10-21 21:20:51,8.23,手动出餐,1,否,"招牌海苔肉松披萨-7英寸[{""name"":""规格"",""value"":""7英寸""}]（45.00*1）,餐盒（2.00*1）",海苔肉松披萨,,,,非会员,48,,,依据餐量提供餐具,,45.00,13.93,23.50,0.00,0,0,1.54,0.00,5.60,【活动支出】单品特价:16.50元+【活动支出】饿了么红包:7.00元+【活动支出】替用户承担配送费:5.6元,-,-,-,2.00,温州区域,温州加盟,,,否,-,平台配送
圣比萨（塘下店）,SBM00005,温州,"8040230254682059052	",饿了么,平台外卖,已完成,2025-10-21 21:30:23,2025-10-21 21:30:23,2025-10-21 21:30:23,饿了么支付-在线支付,,即时单,2025-10-21 21:30:23,8.22,手动出餐,1,否,"金牌芝士披萨-7英寸[{""name"":""规格"",""value"":""7英寸""}]（42.00*1）,餐盒（2.00*1）",芝士条,,,,非会员,49,,,依据餐量提供餐具,,42.00,10.82,23.50,0.00,0,0,1.43,0.00,7.70,【活动支出】单品特价:16.50元+【活动支出】饿了么红包:7.00元+【活动支出】替用户承担配送费:6.0元,-,-,-,2.00,温州区域,温州加盟,,,否,-,平台配送
圣比萨（塘下店）,SBM00005,温州,"8096310254690568554	",饿了么,平台外卖,已完成,2025-10-21 22:37:30,2025-10-21 22:37:30,2025-10-21 22:37:30,饿了么支付-在线支付,,即时单,2025-10-21 22:37:30,13.10,手动出餐,1,否,"榴莲王披萨（金枕榴莲果肉真果肉看的见吃的到）-7英寸[{""name"":""规格"",""value"":""7英寸""}]（52.00*1）,餐盒（2.00*1）",榴莲王披萨,,,,非会员,50,,,2份餐具,,52.00,17.72,24.70,0.00,0,0,1.97,0.00,6.60,【活动支出】单品特价:16.70元+【活动支出】 商家自营销加码:0.00元+【活动支出】饿了么红包:8.00元+【活动支出】替用户承担配送费:6.0元,-,-,-,2.00,温州区域,温州加盟,,,否,-,平台配送
圣比萨（塘下店）,SBM00005,温州,"8060956088678073761	",饿了么,平台外卖,已完成,2025-10-21 22:57:12,2025-10-21 22:57:12,2025-10-21 22:57:13,饿了么支付-在线支付,,即时单,2025-10-21 22:57:12,12.37,手动出餐,1,否,"7英寸芝心卷边（10.00*1）,金沙咸蛋黄薯角培根披萨-7英寸[{""name"":""规格"",""value"":""7英寸""}]（49.00*1）,餐盒（1.00*1）","7英寸芝心卷边+金沙咸蛋黄薯角培根披萨-7英寸[{""name"":""规格"",""value"":""7英寸""}]+餐盒",,,,非会员,51,,,依据餐量提供餐具,,59.00,20.02,29.10,0.00,0,0,2.09,0.00,5.60,【活动支出】店铺满减:1.00元+【活动支出】单品特价:18.10元+【活动支出】 商家自营销加码:0.00元+【活动支出】粉丝群:2.00元+【活动支出】饿了么红包:8.00元+【活动支出】替用户承担配送费:5.6元,-,-,-,1.00,温州区域,温州加盟,,,否,-,平台配送
圣比萨（龙港西城店）,SBS00018,温州,"8056350254358610228	",饿了么,平台外卖,已完成,2025-10-21 10:34:22,2025-10-21 10:34:22,2025-10-21 10:34:23,饿了么支付-在线支付,,即时单,2025-10-21 10:34:22,10.20,自动出餐,1,否,新奥尔良烤鸡肉披萨7寸-单点（22.00*1）,新奥尔良烤鸡肉披萨【7英寸(手拍)】,,,,非会员,1,,,依据餐量提供餐具,,22.00,12.00,0.00,0.00,0,0,0.00,0.00,,【活动支出】拼团反圈活动:0.00元,-,-,-,0.00,温州区域,温州直营,,,否,-,平台配送
圣比萨（龙港西城店）,SBS00018,温州,"8014160254477430117	",饿了么,平台外卖,已完成,2025-10-21 10:55:38,2025-10-21 10:55:38,2025-10-21 10:55:38,饿了么支付-在线支付,,即时单,2025-10-21 10:55:38,8.08,手动出餐,1,否,手握三选一-单点[缤纷水果]（20.00*1）,热带雨林水果一人食盒子披萨,,,,非会员,2,,,依据餐量提供餐具,,20.00,10.00,0.00,0.00,0,0,0.00,0.00,,【活动支出】拼团反圈活动:0.00元,-,-,-,0.00,温州区域,温州直营,,,否,-,平台配送
圣比萨（龙港西城店）,SBS00018,温州,"8034666088437200293	",饿了么,平台外卖,已完成,2025-10-21 11:35:22,2025-10-21 11:35:22,2025-10-21 11:35:22,饿了么支付-在线支付,,即时单,2025-10-21 11:35:22,10.58,手动出餐,1,否,"蛋挞1个（5.00*1）,点击右上角❤️收藏得小吃[上校鸡块2个]（5.00*1）,【随心❤️拼】7英寸双拼披萨(口味自选）[日系照烧+水果]（45.90*1）,餐盒（3.00*1）",蛋挞1个+上校鸡块2个+双拼7寸【日系照烧口味7】+双拼7寸【缤纷水果口味7】,,,,非会员,3,,,1份餐具,,55.90,14.20,36.91,0.00,0,0,1.94,0.00,3.50,【活动支出】单品特价:4.01元+【活动支出】单品特价:19.00元+【活动支出】粉丝群:2.00元+【活动支出】饿了么红包:7.00元+【活动支出】精准营销:4.90元+【活动支出】替用户承担配送费:3.5元,-,-,-,3.00,温州区域,温州直营,,,否,-,平台配送
圣比萨（龙港西城店）,SBS00018,温州,"8032450254503465394	",饿了么,平台外卖,已完成,2025-10-21 11:39:24,2025-10-21 11:39:24,2025-10-21 11:39:25,饿了么支付-在线支付,,即时单,2025-10-21 11:39:24,7.07,手动出餐,1,否,新奥尔良烤鸡肉披萨7寸-单点（22.00*1）,新奥尔良烤鸡肉披萨【7英寸(手拍)】,,,,非会员,4,,,依据餐量提供餐具,,22.00,12.00,0.00,0.00,0,0,0.00,0.00,,【活动支出】拼团反圈活动:0.00元,-,-,-,0.00,温州区域,温州直营,,,否,-,平台配送
圣比萨（龙港西城店）,SBS00018,温州,"8014576088471402836	",饿了么,平台外卖,已完成,2025-10-21 13:03:07,2025-10-21 13:03:07,2025-10-21 13:03:07,饿了么支付-在线支付,,即时单,2025-10-21 13:03:07,8.40,手动出餐,1,否,"手握三选一-单点[缤纷水果][{""name"":""规格"",""value"":""单点""}]（20.00*1）",热带雨林水果一人食盒子披萨,,,,非会员,5,,,依据餐量提供,,20.00,10.00,0.00,0.00,0,0,0.00,0.00,,【活动支出】拼团反圈活动:0.00元,-,-,-,0.00,温州区域,温州直营,,,否,-,平台配送
圣比萨（龙港西城店）,SBS00018,温州,"8081816088468219216	",饿了么,平台外卖,已完成,2025-10-21 13:35:51,2025-10-21 13:35:51,2025-10-21 13:35:51,饿了么支付-在线支付,,即时单,2025-10-21 13:35:51,9.57,手动出餐,1,否,"新奥尔良烤鸡肉披萨-9英寸(手拍)[{""name"":""规格"",""value"":""9英寸(手拍)""}]（39.90*1）,餐盒（2.00*1）",新奥尔良烤鸡肉披萨,,,,非会员,6,,,3份餐具,,39.90,22.76,9.00,0.00,0,0,3.09,0.00,3.50,【活动支出】店铺满减:1.00元+【活动支出】饿了么红包:8.00元+【活动支出】替用户承担配送费:3.5元,-,-,-,2.00,温州区域,温州直营,,,否,-,平台配送
圣比萨（龙港西城店）,SBS00018,温州,"8081616088492455340	",饿了么,平台外卖,已完成,2025-10-21 14:17:37,2025-10-21 14:17:37,2025-10-21 14:17:38,饿了么支付-在线支付,,即时单,2025-10-21 14:17:37,8.17,手动出餐,1,否,"7英寸披萨买一送一[圣比招牌披萨7英寸+缤纷水果披萨7英寸]（86.80*1）,餐盒（2.00*1）",大圣招牌大满贯披萨【7英寸(手拍)】+缤纷水果披萨【7英寸(手拍)】,,,,非会员,7,,,依据餐量提供餐具,,86.80,23.95,52.90,0.00,0,0,3.40,0.00,5.00,【活动支出】店铺满减:1.00元+【活动支出】单品特价:41.90元+【活动支出】超级会员专享红包:8.00元+【活动支出】 商家自营销加码:0.00元+【活动支出】粉丝群:2.00元+【活动支出】替用户承担配送费:5.0元,-,-,-,2.00,温州区域,温州直营,,,否,-,平台配送
圣比萨（龙港西城店）,SBS00018,温州,"8085280254520610182	",饿了么,平台外卖,已完成,2025-10-21 15:29:06,2025-10-21 15:29:06,2025-10-21 15:29:06,饿了么支付-在线支付,,即时单,2025-10-21 15:29:06,10.00,自动出餐,1,否,手握三选一-单点[奥尔良]（20.00*1）,奥尔良风情烤鸡肉一人食盒子披萨,,,,非会员,8,,,依据餐量提供餐具,,20.00,10.00,0.00,0.00,0,0,0.00,0.00,,【活动支出】拼团反圈活动:0.00元,-,-,-,0.00,温州区域,温州直营,,,否,-,平台配送
圣比萨（龙港西城店）,SBS00018,温州,"8017736088538694133	",饿了么,平台外卖,已完成,2025-10-21 15:35:57,2025-10-21 15:35:57,2025-10-21 15:35:57,饿了么支付-在线支付,,即时单,2025-10-21 15:35:57,10.07,自动出餐,1,否,"缤纷芝士挞-菠萝味[{""name"":""规格"",""value"":""菠萝味""}]（7.00*1）,川香脆皮翅根-1个[{""name"":""规格"",""value"":""1个""}]（12.00*1）,番茄牛肉意面（52.00*1）,餐盒（4.00*1）",缤纷芝士挞+川香脆皮大翅根+番茄牛肉意面,,,,非会员,9,,,依据餐量提供餐具,,71.00,19.45,46.30,0.00,0,0,2.70,0.00,3.50,【活动支出】店铺满减:1.00元+【活动支出】单品特价:1.10元+【活动支出】单品特价:6.10元+【活动支出】单品特价:26.10元+【活动支出】饿了么红包:12.00元+【活动支出】替用户承担配送费:3.5元,-,-,-,4.00,温州区域,温州直营,,,否,-,平台配送
圣比萨（龙港西城店）,SBS00018,温州,"8085470254721852680	",饿了么,平台外卖,已完成,2025-10-21 16:29:54,2025-10-21 16:29:54,2025-10-21 16:29:54,饿了么支付-在线支付,,即时单,2025-10-21 16:29:54,10.08,自动出餐,1,否,"榴莲王披萨-9英寸(手拍)[{""name"":""规格"",""value"":""9英寸(手拍)""}]（92.00*1）,餐盒（2.00*1）",榴莲王披萨,,,,非会员,10,,,无需餐具,,92.00,26.87,52.10,0.00,0,0,4.08,0.00,6.80,【活动支出】店铺满减:1.00元+【活动支出】单品特价:42.10元+【活动支出】饿了么红包:9.00元+【活动支出】替用户承担配送费:6.0元,-,-,-,2.00,温州区域,温州直营,,,否,-,平台配送
圣比萨（龙港西城店）,SBS00018,温州,"8037686088534248861	",饿了么,平台外卖,已完成,2025-10-21 16:29:55,2025-10-21 16:29:55,2025-10-21 16:29:55,饿了么支付-在线支付,,即时单,2025-10-21 16:29:55,10.03,自动出餐,1,否,"【任选5件套】披萨意面我全都要[缤纷水果披萨7英寸+黑椒牛肉意面+明星小食桶B+港式奶茶+港式奶茶]（59.90*1）,餐盒（2.00*1）",缤纷水果披萨【7英寸(手拍)】+黑椒牛肉意面+明星小食桶B+港式奶茶+港式奶茶,,,,非会员,11,,,依据餐量提供餐具,,59.90,33.04,15.00,0.00,0,0,4.61,0.00,5.00,【活动支出】店铺满减:6.00元+【活动支出】饿了么红包:9.00元+【活动支出】替用户承担配送费:5.0元,-,-,-,2.00,温州区域,温州直营,,,否,-,平台配送
圣比萨（龙港西城店）,SBS00018,温州,"8039430254746378581	",饿了么,平台外卖,已完成,2025-10-21 17:19:11,2025-10-21 17:19:11,2025-10-21 17:19:11,饿了么支付-在线支付,,即时单,2025-10-21 17:19:11,10.05,自动出餐,1,否,"点击右上角❤️收藏得小吃[上校鸡块2个]（5.00*1）,【随心❤️拼】7英寸双拼披萨(口味自选）[水果+培根鸡肉]（45.90*1）,餐盒（2.00*1）",上校鸡块2个+双拼7寸【缤纷水果口味7】+双拼7寸【碳烤鸡肉培根口味7】,,,,非会员,12,,,依据餐量提供餐具,,50.90,12.86,32.90,0.00,0,0,1.79,0.00,3.50,【活动支出】单品特价:4.90元+【活动支出】单品特价:19.00元+【活动支出】下单返红包:2.00元+【活动支出】饿了么红包:7.00元+【活动支出】替用户承担配送费:3.5元,-,-,-,2.00,温州区域,温州直营,,,否,-,平台配送
圣比萨（龙港西城店）,SBS00018,温州,"8074846088578706862	",饿了么,平台外卖,已完成,2025-10-21 17:23:19,2025-10-21 17:23:19,2025-10-21 17:23:20,饿了么支付-在线支付,,即时单,2025-10-21 17:23:19,10.07,自动出餐,1,否,"【任选5件套】披萨意面我全都要[海苔肉松披萨7英寸+招牌肉酱意面+明星小食桶B+芒果汁+柠檬茶]（59.90*1）,缤纷芝士挞-菠萝味[{""name"":""规格"",""value"":""菠萝味""}]（7.00*1）,芝士焗红薯泥（19.00*1）,餐盒（4.00*1）",海苔肉松披萨【7英寸(手拍)】+招牌肉酱意面+明星小食桶B+芒果汁+柠檬茶+缤纷芝士挞+芝士焗红薯泥,,,,非会员,13,,,依据餐量提供餐具,,85.90,45.39,28.20,0.00,0,0,6.16,0.00,4.00,【活动支出】店铺满减:6.00元+【活动支出】单品特价:1.10元+【活动支出】单品特价:9.10元+【活动支出】饿了么红包:12.00元+【活动支出】替用户承担配送费:4.0元,-,-,-,4.00,温州区域,温州直营,,,否,-,平台配送
圣比萨（龙港西城店）,SBS00018,温州,"8041070254571194701	",饿了么,平台外卖,已完成,2025-10-21 17:29:51,2025-10-21 17:29:51,2025-10-21 17:29:51,饿了么支付-在线支付,,即时单,2025-10-21 17:29:51,10.03,自动出餐,1,否,"金丝鸡排（10.88*1）,披萨随心配（60.40*1）,餐盒（3.00*1）",金丝鸡排+新奥尔良烤鸡肉披萨(7英寸(手拍))+上校鸡块2个+深海墨鱼丸2个+盐酥鸡米花小份,,,,非会员,14,,,依据餐量提供餐具,,71.28,23.12,41.48,0.00,0,0,3.13,0.00,3.50,【活动支出】店铺满减:1.00元+【活动支出】单品特价:3.98元+【活动支出】单品特价:28.50元+【活动支出】饿了么红包:8.00元+【活动支出】替用户承担配送费:3.5元,-,-,-,3.00,温州区域,温州直营,,,否,-,平台配送
圣比萨（龙港西城店）,SBS00018,温州,"8068576088582718856	",饿了么,平台外卖,已完成,2025-10-21 17:30:17,2025-10-21 17:30:17,2025-10-21 17:30:18,饿了么支付-在线支付,,即时单,2025-10-21 17:30:17,12.12,自动出餐,1,否,"日系照烧鸡披萨-7英寸(手拍)[{""name"":""规格"",""value"":""7英寸(手拍)""}]（23.90*1）,明星至尊桶（39.90*1）,餐盒（4.00*1）",日系照烧鸡披萨+明星至尊桶,,,,非会员,15,,,自提 / 依据餐量提供餐具,,63.80,37.72,15.00,0.00,0,0,5.23,0.00,5.00,【活动支出】店铺满减:6.00元+【活动支出】饿了么红包:9.00元+【活动支出】替用户承担配送费:5.0元,-,-,-,4.00,温州区域,温州直营,,,否,-,平台配送
圣比萨（龙港西城店）,SBS00018,温州,"8023030254575442264	",饿了么,平台外卖,已完成,2025-10-21 17:36:01,2025-10-21 17:36:01,2025-10-21 17:36:01,饿了么支付-在线支付,,即时单,2025-10-21 17:36:01,12.07,自动出餐,1,否,"披萨随心配（60.40*1）,餐盒（2.00*1）",海苔肉松披萨(7英寸(手拍))+上校鸡块2个+深海墨鱼丸2个+盐酥鸡米花小份,,,,非会员,16,,,依据餐量提供餐具,,60.40,16.65,37.50,0.00,0,0,2.30,0.00,3.50,【活动支出】单品特价:28.50元+【活动支出】粉丝群:2.00元+【活动支出】饿了么红包:7.00元+【活动支出】替用户承担配送费:3.5元,-,-,-,2.00,温州区域,温州直营,,,否,-,平台配送
圣比萨（龙港西城店）,SBS00018,温州,"8014210254775323042	",饿了么,平台外卖,已完成,2025-10-21 18:08:44,2025-10-21 18:08:44,2025-10-21 18:08:45,饿了么支付-在线支付,,即时单,2025-10-21 18:08:44,9.68,手动出餐,1,否,新奥尔良烤鸡肉披萨7寸-单点（22.00*1）,新奥尔良烤鸡肉披萨【7英寸(手拍)】,,,,非会员,17,,,依据餐量提供餐具,,22.00,12.00,0.00,0.00,0,0,0.00,0.00,,【活动支出】拼团反圈活动:0.00元,-,-,-,0.00,温州区域,温州直营,,,否,-,平台配送
圣比萨（龙港西城店）,SBS00018,温州,"8067596088589128103	",饿了么,平台外卖,已完成,2025-10-21 18:09:03,2025-10-21 18:09:03,2025-10-21 18:09:04,饿了么支付-在线支付,,即时单,2025-10-21 18:09:03,9.37,手动出餐,1,否,"任选披萨3选1+小吃4选1+饮料自选[培根披萨7英寸+柠檬茶+上校鸡块4个]（31.90*1）,餐盒（2.00*1）",培根披萨【7英寸(手拍)】+柠檬茶+上校鸡块,,,,非会员,18,,,1份餐具,,31.90,18.44,7.00,0.00,0,0,2.51,0.00,3.50,【活动支出】饿了么红包:7.00元+【活动支出】替用户承担配送费:3.5元,-,-,-,2.00,温州区域,温州直营,,,否,-,平台配送
圣比萨（龙港西城店）,SBS00018,温州,"8028746088631356782	",饿了么,平台外卖,已完成,2025-10-21 18:57:04,2025-10-21 18:57:04,2025-10-21 18:57:05,饿了么支付-在线支付,,即时单,2025-10-21 18:57:04,10.35,手动出餐,1,否,"任选披萨3选1+小吃4选1+饮料自选[培根披萨7英寸+小可乐+上校鸡块4个]（31.90*1）,餐盒（2.00*1）",培根披萨【7英寸(手拍)】+小可乐+上校鸡块,,,,非会员,19,,,依据餐量提供餐具,,31.90,18.44,7.00,0.00,0,0,2.51,0.00,3.50,【活动支出】饿了么红包:7.00元+【活动支出】替用户承担配送费:3.5元,-,-,-,2.00,温州区域,温州直营,,,否,-,平台配送
圣比萨（龙港西城店）,SBS00018,温州,"8017410254737011144	",饿了么,平台外卖,已完成,2025-10-21 19:28:37,2025-10-21 19:28:37,2025-10-21 19:28:37,饿了么支付-在线支付,,即时单,2025-10-21 19:28:37,12.17,自动出餐,1,否,7寸日系照烧鸡披萨-单点（22.00*1）,日系照烧鸡披萨【7英寸(手拍)】,,,,非会员,20,,,依据餐量提供餐具,,22.00,12.00,0.00,0.00,0,0,0.00,0.00,,【活动支出】拼团反圈活动:0.00元,-,-,-,0.00,温州区域,温州直营,,,否,-,平台配送
圣比萨（龙港西城店）,SBS00018,温州,"8093200254744929643	",饿了么,平台外卖,已完成,2025-10-21 19:41:56,2025-10-21 19:41:56,2025-10-21 19:41:56,饿了么支付-在线支付,,即时单,2025-10-21 19:41:56,10.12,自动出餐,1,否,新奥尔良烤鸡肉披萨7寸-单点（22.00*1）,新奥尔良烤鸡肉披萨【7英寸(手拍)】,,,,非会员,21,,,无需餐具,,22.00,12.00,0.00,0.00,0,0,0.00,0.00,,【活动支出】拼团反圈活动:0.00元,-,-,-,0.00,温州区域,温州直营,,,否,-,平台配送
圣比萨（龙港西城店）,SBS00018,温州,"8075806088637708742	",饿了么,平台外卖,已完成,2025-10-21 19:53:20,2025-10-21 19:53:20,2025-10-21 19:53:20,饿了么支付-在线支付,,即时单,2025-10-21 19:53:20,10.12,自动出餐,1,否,"任选披萨3选1+小吃4选1+饮料自选[缤纷水果披萨7英寸+芒果汁+上校鸡块4个]（31.90*1）,餐盒（2.00*1）",缤纷水果披萨【7英寸(手拍)】+芒果汁+上校鸡块,,,,非会员,22,,,依据餐量提供餐具,,31.90,18.44,7.00,0.00,0,0,2.51,0.00,3.50,【活动支出】饿了么红包:7.00元+【活动支出】替用户承担配送费:3.5元,-,-,-,2.00,温州区域,温州直营,,,否,-,平台配送
圣比萨（龙港西城店）,SBS00018,温州,"8005090254747636119	",饿了么,平台外卖,已完成,2025-10-21 19:55:40,2025-10-21 19:55:40,2025-10-21 19:55:40,饿了么支付-在线支付,,即时单,2025-10-21 19:55:40,10.00,自动出餐,1,否,手握三选一-单点[缤纷水果]（20.00*1）,热带雨林水果一人食盒子披萨,,,,非会员,23,,,依据餐量提供餐具,,20.00,10.00,0.00,0.00,0,0,0.00,0.00,,【活动支出】拼团反圈活动:0.00元,-,-,-,0.00,温州区域,温州直营,,,否,-,平台配送
圣比萨（龙港西城店）,SBS00018,温州,"8019986088660557149	",饿了么,平台外卖,已完成,2025-10-21 20:05:47,2025-10-21 20:05:47,2025-10-21 20:05:48,饿了么支付-在线支付,,即时单,2025-10-21 20:05:47,10.00,自动出餐,1,否,"缤纷水果披萨-9英寸(手拍)[{""name"":""规格"",""value"":""9英寸(手拍)""}]（75.00*1）,餐盒（2.00*1）",缤纷水果披萨,,,,非会员,24,,,香蕉 / 依据餐量提供餐具,,75.00,19.34,49.10,0.00,0,0,2.61,0.00,3.50,【活动支出】店铺满减:1.00元+【活动支出】单品特价:35.10元+【活动支出】超级会员专享红包:8.00元+【活动支出】 商家自营销加码:0.00元+【活动支出】订单集点返红包:5.00元+【活动支出】替用户承担配送费:3.5元,-,-,-,2.00,温州区域,温州直营,,,否,-,平台配送
圣比萨（龙港西城店）,SBS00018,温州,"8047020254841075012	",饿了么,平台外卖,已完成,2025-10-21 20:26:45,2025-10-21 20:26:45,2025-10-21 20:26:45,饿了么支付-在线支付,,即时单,2025-10-21 20:26:45,10.13,自动出餐,1,否,"【随心❤️拼】7英寸双拼披萨(口味自选）[培根鸡肉+浪漫威尼斯]（45.90*1）,明星至尊桶（39.90*1）,餐盒（4.00*1）",双拼7寸【碳烤鸡肉培根口味7】+双拼7寸【浪漫威尼斯口味7】+明星至尊桶,,,,非会员,25,,,依据餐量提供餐具,,85.80,38.62,37.00,0.00,0,0,5.23,0.00,3.50,【活动支出】店铺满减:6.00元+【活动支出】单品特价:19.00元+【活动支出】饿了么红包:12.00元+【活动支出】替用户承担配送费:3.5元,-,-,-,4.00,温州区域,温州直营,,,否,-,平台配送
圣比萨（龙港西城店）,SBS00018,温州,"8085450254845842751	",饿了么,平台外卖,已完成,2025-10-21 20:41:05,2025-10-21 20:41:05,2025-10-21 20:41:05,饿了么支付-在线支付,,即时单,2025-10-21 20:41:05,2.85,手动出餐,1,否,"番茄牛肉意面（52.00*1）,餐盒（2.00*1）",番茄牛肉意面,,,,非会员,26,,,依据餐量提供餐具,,52.00,10.98,35.10,0.00,0,0,1.67,0.00,4.50,【活动支出】单品特价:26.10元+【活动支出】粉丝群:2.00元+【活动支出】饿了么红包:7.00元+【活动支出】替用户承担配送费:4.5元,-,-,-,2.00,温州区域,温州直营,,,否,-,平台配送
圣比萨（龙港西城店）,SBS00018,温州,"8060816088632225234	",饿了么,平台外卖,已完成,2025-10-21 21:10:50,2025-10-21 21:10:50,2025-10-21 21:10:51,饿了么支付-在线支付,,即时单,2025-10-21 21:10:50,8.90,手动出餐,1,否,"经典薯条（18.00*1）,榴莲王披萨-7英寸(经典手拍)[{""name"":""规格"",""value"":""7英寸(经典手拍)""}]（52.00*1）,餐盒（3.00*1）",经典薯条+榴莲王披萨,,,,非会员,27,,,依据餐量提供餐具,,70.00,23.81,38.20,0.00,0,0,3.34,0.00,5.60,【活动支出】店铺满减:1.00元+【活动支出】单品特价:9.10元+【活动支出】单品特价:18.10元+【活动支出】超级会员专享红包:8.00元+【活动支出】 商家自营销加码:0.00元+【活动支出】粉丝群:2.00元+【活动支出】替用户承担配送费:5.6元,-,-,-,3.00,温州区域,温州直营,,,否,-,平台配送
圣比萨（龙港西城店）,SBS00018,温州,"8027826088693322239	",饿了么,平台外卖,已完成,2025-10-21 22:00:58,2025-10-21 22:00:58,2025-10-21 22:00:59,饿了么支付-在线支付,,即时单,2025-10-21 22:00:58,10.03,自动出餐,1,否,"缤纷水果披萨-7英寸(手拍)[{""name"":""规格"",""value"":""7英寸(手拍)""}]（42.00*1）,餐盒（2.00*1）",缤纷水果披萨,,,,非会员,28,,,2份餐具,,42.00,13.17,23.10,0.00,0,0,1.88,0.00,5.60,【活动支出】单品特价:16.10元+【活动支出】饿了么红包:7.00元+【活动支出】淘金币:0.00元+【活动支出】替用户承担配送费:5.6元,-,-,-,2.00,温州区域,温州直营,,,否,-,平台配送
圣比萨（龙港西城店）,SBS00018,温州,"8017836088706955775	",饿了么,平台外卖,已完成,2025-10-21 23:14:43,2025-10-21 23:14:43,2025-10-21 23:14:43,饿了么支付-在线支付,,即时单,2025-10-21 23:14:43,9.22,手动出餐,1,否,"【随心❤️拼】7英寸双拼披萨(口味自选）[奥尔良+水果]（45.90*1）,餐盒（2.00*1）",双拼7寸【奥尔良口味7】+双拼7寸【缤纷水果口味7】,,,,非会员,29,,,依据餐量提供餐具,,45.90,14.07,26.00,0.00,0,0,1.98,0.00,5.60,【活动支出】单品特价:19.00元+【活动支出】饿了么红包:7.00元+【活动支出】替用户承担配送费:5.6元,-,-,-,2.00,温州区域,温州直营,,,否,-,平台配送
圣比萨（龙港西城店）,SBS00018,温州,"8098926088709686659	",饿了么,平台外卖,已退款,2025-10-21 23:41:25,2025-10-21 23:41:25,2025-10-21 23:41:25,饿了么支付-在线支付,,即时单,2025-10-21 23:41:25,,未出餐,1,否,"榴莲多多薄脆披萨-单层[{""name"":""规格"",""value"":""单层""}]（102.00*1）,餐盒（2.00*1）",榴莲多多薄脆披萨,,,,非会员,30,,,依据餐量提供餐具,订单强制无效（商家主动取消已接订单、用户1分钟内取消),102.00,-1.21,67.10,26.90,0,0,3.56,0.00,5.60,【活动支出】店铺满减:1.00元+【活动支出】单品特价:56.10元+【活动支出】粉丝群:2.00元+【活动支出】饿了么红包:8.00元+【活动支出】替用户承担配送费:5.6元,-,-,-,2.00,温州区域,温州直营,,,否,-,平台配送
圣比萨（垟田店）,SBM00026,温州,"8088626088318578096	",饿了么,平台外卖,已完成,2025-10-21 10:47:55,2025-10-21 10:47:55,2025-10-21 10:47:56,饿了么支付-在线支付,,即时单,2025-10-21 10:47:55,9.28,手动出餐,1,否,新奥尔良烤鸡肉披萨7寸-单点（22.00*1）,新奥尔良烤鸡肉披萨【7英寸(手拍)】,,,,非会员,1,,,2份餐具,,22.00,12.00,0.00,0.00,0,0,0.00,0.00,,【活动支出】拼团反圈活动:0.00元,-,-,-,0.00,温州区域,温州加盟,,,否,-,平台配送
圣比萨（垟田店）,SBM00026,温州,"8005986088355936675	",饿了么,平台外卖,已完成,2025-10-21 11:18:42,2025-10-21 11:18:42,2025-10-21 11:18:42,饿了么支付-在线支付,,即时单,2025-10-21 11:18:42,10.40,手动出餐,1,否,"【随心拼】7英寸披萨(口味自选）[培根鸡肉+水果]（54.00*1）,餐盒（1.00*1）",双拼7寸【碳烤鸡肉培根口味7】+双拼7寸【缤纷水果口味7】,,,,非会员,2,,,依据餐量提供餐具,,54.00,11.62,36.10,0.00,0,0,1.43,0.00,3.50,【活动支出】单品特价:27.10元+【活动支出】粉丝群:2.00元+【活动支出】饿了么红包:7.00元+【活动支出】淘金币:0.00元+【活动支出】替用户承担配送费:3.5元,-,-,-,1.00,温州区域,温州加盟,,,否,-,平台配送
圣比萨（垟田店）,SBM00026,温州,"8078050254599947667	",饿了么,平台外卖,已完成,2025-10-21 11:32:57,2025-10-21 11:32:57,2025-10-21 11:32:57,饿了么支付-在线支付,,即时单,2025-10-21 11:32:57,10.30,手动出餐,1,否,"【随心拼】7英寸披萨(口味自选）[奥尔良+水果]（54.00*1）,餐盒（1.00*1）",双拼7寸【奥尔良口味7】+双拼7寸【缤纷水果口味7】,,,,非会员,3,,,依据餐量提供餐具,,54.00,13.62,34.10,0.00,0,0,1.43,0.00,3.50,【活动支出】单品特价:27.10元+【活动支出】CPS商户叠加券:0.00元+【活动支出】饿了么红包:7.00元+【活动支出】淘金币:0.00元+【活动支出】替用户承担配送费:3.5元,-,-,-,1.00,温州区域,温州加盟,,,否,-,平台配送
圣比萨（垟田店）,SBM00026,温州,"8044776088459476315	",饿了么,平台外卖,已完成,2025-10-21 12:11:28,2025-10-21 12:11:28,2025-10-21 12:11:29,饿了么支付-在线支付,,即时单,2025-10-21 12:11:28,12.05,自动出餐,1,否,"纯芝士披萨7英寸[7英寸]（42.00*1）,蛋挞一个（原味）（5.00*1）,上校鸡块一个（3.00*2）,餐盒（4.00*1）",金牌芝士披萨【7英寸(手拍)】+蛋挞1个+上校鸡块1个,,,,非会员,4,,,不吃辣 / 依据餐量提供餐具,,53.00,15.68,34.01,0.00,0,0,1.46,0.00,3.50,【活动支出】单品特价:20.10元+【活动支出】单品特价:4.01元+【活动支出】单品特价:2.90元+【活动支出】CPS商户叠加券:0.00元+【活动支出】饿了么红包:7.00元+【活动支出】替用户承担配送费:3.5元,-,-,-,4.00,温州区域,温州加盟,,,否,-,平台配送
圣比萨（垟田店）,SBM00026,温州,"8025220254591124949	",饿了么,平台外卖,已完成,2025-10-21 14:43:42,2025-10-21 14:43:42,2025-10-21 14:43:42,饿了么支付-在线支付,,即时单,2025-10-21 14:43:42,10.05,自动出餐,1,否,"奥尔良烤鸡肉披萨-7寸(经典手拍)[{""name"":""规格"",""value"":""7寸(经典手拍)""}]（45.00*1）,餐盒（2.00*1）",新奥尔良烤鸡肉披萨,,,,非会员,5,,,依据餐量提供餐具,,45.00,11.62,28.10,0.00,0,0,1.43,0.00,3.50,【活动支出】单品特价:21.10元+【活动支出】超级会员专享红包:5.00元+【活动支出】 商家自营销加码:2.00元+【活动支出】替用户承担配送费:3.5元,-,-,-,2.00,温州区域,温州加盟,,,否,-,平台配送
圣比萨（垟田店）,SBM00026,温州,"8034806088516600224	",饿了么,平台外卖,已完成,2025-10-21 16:31:08,2025-10-21 16:31:08,2025-10-21 16:31:08,饿了么支付-在线支付,,即时单,2025-10-21 16:31:08,10.08,自动出餐,1,否,"奥尔良烤鸡肉披萨-7寸(经典手拍)[{""name"":""规格"",""value"":""7寸(经典手拍)""}]（45.00*1）,餐盒（2.00*1）",新奥尔良烤鸡肉披萨,,,,非会员,6,,,2份餐具,,45.00,12.12,28.10,0.00,0,0,1.43,0.00,3.50,【活动支出】单品特价:21.10元+【活动支出】 商家自营销加码:2.00元+【活动支出】CPS商户叠加券:0.00元+【活动支出】饿了么红包:5.00元+【活动支出】替用户承担配送费:3.5元,-,-,-,2.00,温州区域,温州加盟,,,否,-,平台配送
圣比萨（垟田店）,SBM00026,温州,"8059100254650146302	",饿了么,平台外卖,已完成,2025-10-21 17:21:55,2025-10-21 17:21:55,2025-10-21 17:21:55,饿了么支付-在线支付,,即时单,2025-10-21 17:21:55,10.23,自动出餐,1,否,7寸日系照烧鸡披萨-单点（22.00*1）,日系照烧鸡披萨【7英寸(手拍)】,,,,非会员,7,,,依据餐量提供餐具,,22.00,12.00,0.00,0.00,0,0,0.00,0.00,,【活动支出】拼团反圈活动:0.00元,-,-,-,0.00,温州区域,温州加盟,,,否,-,平台配送
圣比萨（垟田店）,SBM00026,温州,"8040160254575313216	",饿了么,平台外卖,已完成,2025-10-21 17:49:26,2025-10-21 17:49:26,2025-10-21 17:49:26,饿了么支付-在线支付,,即时单,2025-10-21 17:49:26,12.00,自动出餐,1,否,"台式香烤地道肠（7.50*1）,7英寸披萨一人食土豪餐[碳烤鸡肉培根7英寸+金丝鸡排+盐酥鸡米花小份+小可乐]（70.00*1）,餐盒（3.00*1）",地道肠1根+碳烤鸡肉培根披萨【7英寸(手拍)】+金丝鸡排+盐酥鸡米花小份+小可乐,,,,非会员,8,,,依据餐量提供餐具,,77.50,20.40,51.61,0.00,0,0,1.94,0.00,3.50,【活动支出】店铺满减:1.00元+【活动支出】单品特价:5.51元+【活动支出】单品特价:35.10元+【活动支出】粉丝群:2.00元+【活动支出】饿了么红包:8.00元+【活动支出】替用户承担配送费:3.5元,-,-,-,3.00,温州区域,温州加盟,,,否,-,平台配送
圣比萨（垟田店）,SBM00026,温州,"8081280254723745061	",饿了么,平台外卖,已完成,2025-10-21 18:44:19,2025-10-21 18:44:19,2025-10-21 18:44:19,饿了么支付-在线支付,,即时单,2025-10-21 18:44:19,12.20,自动出餐,1,否,"海苔肉松披萨-9英寸[{""name"":""规格"",""value"":""9英寸""}]（78.00*1）,餐盒（2.00*1）",海苔肉松披萨,,,,非会员,9,,,依据餐量提供餐具,,78.00,24.43,46.10,0.00,0,0,2.32,0.00,3.50,【活动支出】店铺满减:1.00元+【活动支出】单品特价:38.10元+【活动支出】 商家自营销加码:2.00元+【活动支出】饿了么红包:5.00元+【活动支出】替用户承担配送费:3.5元,-,-,-,2.00,温州区域,温州加盟,,,否,-,平台配送
圣比萨（垟田店）,SBM00026,温州,"8043616088609323385	",饿了么,平台外卖,已完成,2025-10-21 20:03:20,2025-10-21 20:03:20,2025-10-21 20:03:20,饿了么支付-在线支付,,即时单,2025-10-21 20:03:20,9.22,手动出餐,1,否,招牌肉酱芝士焗饭（52.00*1）,招牌肉酱芝士焗饭,,,,非会员,10,,,多点汤 / 依据餐量提供餐具,,52.00,12.62,32.60,0.00,0,0,1.43,0.00,3.50,【活动支出】单品特价:32.60元+【活动支出】替用户承担配送费:3.5元,-,-,-,0.00,温州区域,温州加盟,,,否,-,平台配送
圣比萨（垟田店）,SBM00026,温州,"8019996088627654060	",饿了么,平台外卖,已完成,2025-10-21 20:04:49,2025-10-21 20:04:49,2025-10-21 20:04:49,饿了么支付-在线支付,,即时单,2025-10-21 20:04:49,10.18,自动出餐,1,否,"披萨意面双人套餐[缤纷水果披萨7英寸+黑椒牛肉意面+明星小食桶B+柠檬茶+港式奶茶]（128.00*1）,餐盒（2.00*1）",缤纷水果披萨【7英寸(手拍)】+黑椒牛肉意面+明星小食桶B+柠檬茶+港式奶茶,,,,非会员,11,,,依据餐量提供餐具,,128.00,40.53,76.10,0.00,0,0,3.82,0.00,3.50,【活动支出】店铺满减:6.00元+【活动支出】单品特价:58.10元+【活动支出】饿了么红包:12.00元+【活动支出】替用户承担配送费:3.5元,-,-,-,2.00,温州区域,温州加盟,,,否,-,平台配送
圣比萨（垟田店）,SBM00026,温州,"8059020254836010270	",饿了么,平台外卖,已完成,2025-10-21 20:11:31,2025-10-21 20:11:31,2025-10-21 20:11:31,饿了么支付-在线支付,,即时单,2025-10-21 20:11:31,10.15,自动出餐,1,否,"奥尔良烤鸡肉披萨-7寸(经典手拍)[{""name"":""规格"",""value"":""7寸(经典手拍)""}]（45.00*1）,餐盒（2.00*1）",新奥尔良烤鸡肉披萨,,,,非会员,12,,,依据餐量提供餐具,,45.00,12.12,28.10,0.00,0,0,1.43,0.00,3.50,【活动支出】单品特价:21.10元+【活动支出】 商家自营销加码:2.00元+【活动支出】CPS商户叠加券:0.00元+【活动支出】饿了么红包:5.00元+【活动支出】替用户承担配送费:3.5元,-,-,-,2.00,温州区域,温州加盟,,,否,-,平台配送
圣比萨（垟田店）,SBM00026,温州,"8080460254743942522	",饿了么,平台外卖,已完成,2025-10-21 20:20:59,2025-10-21 20:20:59,2025-10-21 20:20:59,饿了么支付-在线支付,,即时单,2025-10-21 20:20:59,10.07,自动出餐,1,否,"缤纷水果披萨-7英寸(经典手拍)[{""name"":""规格"",""value"":""7英寸(经典手拍)""}]（42.00*1）",缤纷水果披萨,,,,非会员,13,,,依据餐量提供餐具,,42.00,12.72,22.50,0.00,0,0,1.43,0.00,3.50,【活动支出】单品特价:22.50元+【活动支出】替用户承担配送费:3.5元,-,-,-,0.00,温州区域,温州加盟,,,否,-,平台配送
圣比萨（垟田店）,SBM00026,温州,"8037400254660666680	",饿了么,平台外卖,已完成,2025-10-21 20:39:33,2025-10-21 20:39:33,2025-10-21 20:39:33,饿了么支付-在线支付,,即时单,2025-10-21 20:39:33,10.05,自动出餐,1,否,新奥尔良烤鸡肉披萨7寸-单点（22.00*1）,新奥尔良烤鸡肉披萨【7英寸(手拍)】,,,,非会员,14,,,依据餐量提供餐具,,22.00,12.00,0.00,0.00,0,0,0.00,0.00,,【活动支出】拼团反圈活动:0.00元,-,-,-,0.00,温州区域,温州加盟,,,否,-,平台配送
圣比萨（垟田店）,SBM00026,温州,"8079506088626447719	",饿了么,平台外卖,已完成,2025-10-21 20:44:37,2025-10-21 20:44:37,2025-10-21 20:44:37,饿了么支付-在线支付,,即时单,2025-10-21 20:44:37,10.18,自动出餐,1,否,"【随心拼】7英寸披萨(口味自选）[圣比至尊+水果]（54.00*1）,餐盒（1.00*1）",双拼7寸【圣比招牌口味7】+双拼7寸【缤纷水果口味7】,,,,非会员,15,,,依据餐量提供餐具,,54.00,14.12,34.10,0.00,0,0,1.43,0.00,3.50,【活动支出】单品特价:27.10元+【活动支出】 商家自营销加码:2.00元+【活动支出】饿了么红包:5.00元+【活动支出】替用户承担配送费:3.5元,-,-,-,1.00,温州区域,温州加盟,,,否,-,平台配送
圣比萨（垟田店）,SBM00026,温州,"8061676088682550581	",饿了么,平台外卖,已完成,2025-10-21 21:02:29,2025-10-21 21:02:29,2025-10-21 21:02:29,饿了么支付-在线支付,,即时单,2025-10-21 21:02:29,10.12,自动出餐,1,否,"任选披萨7选1+小吃6选1+饮料[碳烤鸡肉培根7英寸+金丝鸡排+小可乐]（58.00*1）,餐盒（2.00*1）",碳烤鸡肉培根披萨【7英寸(手拍)】+金丝鸡排+小可乐,,,,非会员,16,,,1份餐具,,58.00,18.66,33.10,0.00,0,0,1.79,0.00,5.60,【活动支出】单品特价:26.10元+【活动支出】饿了么红包:7.00元+【活动支出】替用户承担配送费:5.6元,-,-,-,2.00,温州区域,温州加盟,,,否,-,平台配送
圣比萨（垟田店）,SBM00026,温州,"8024506088645512644	",饿了么,平台外卖,已完成,2025-10-21 21:08:36,2025-10-21 21:08:36,2025-10-21 21:08:37,饿了么支付-在线支付,,即时单,2025-10-21 21:08:36,9.43,手动出餐,1,否,"纯芝士披萨7英寸[7英寸]（42.00*1）,蛋挞一个（原味）（5.00*2）,餐盒（4.00*1）",金牌芝士披萨【7英寸(手拍)】+蛋挞1个,,,,非会员,17,,,1份餐具,,52.00,15.00,31.11,0.00,0,0,1.64,0.00,7.70,【活动支出】单品特价:20.10元+【活动支出】单品特价:4.01元+【活动支出】 商家自营销加码:2.00元+【活动支出】饿了么红包:5.00元+【活动支出】替用户承担配送费:6.0元,-,-,-,4.00,温州区域,温州加盟,,,否,-,平台配送
圣比萨（垟田店）,SBM00026,温州,"8095636088647728627	",饿了么,平台外卖,已完成,2025-10-21 21:16:07,2025-10-21 21:16:07,2025-10-21 21:16:08,饿了么支付-在线支付,,即时单,2025-10-21 21:16:07,10.22,自动出餐,1,否,"奥尔良烤鸡肉披萨-7寸(经典手拍)[{""name"":""规格"",""value"":""7寸(经典手拍)""}]（45.00*1）,餐盒（2.00*1）",新奥尔良烤鸡肉披萨,,,,非会员,18,,,依据餐量提供餐具,,45.00,8.42,28.10,0.00,0,0,1.43,0.00,8.90,【活动支出】单品特价:21.10元+【活动支出】饿了么红包:7.00元+【活动支出】替用户承担配送费:6.0元,-,-,-,2.00,温州区域,温州加盟,,,否,-,平台配送
圣比萨（垟田店）,SBM00026,温州,"8002566088643575190	",饿了么,平台外卖,已完成,2025-10-21 22:01:53,2025-10-21 22:01:53,2025-10-21 22:01:53,饿了么支付-在线支付,,即时单,2025-10-21 22:01:53,10.13,自动出餐,1,否,"9寸披萨随❤️双拼[培根鸡肉+牛肉至尊]（75.00*1）,奶酪芝士卷边（9英寸）（6.90*1）,餐盒（2.00*1）",双拼9寸【鸡肉培根口味9】+双拼9寸【牛魔王口味9】,,,,非会员,19,,,依据餐量提供餐具,,81.90,29.71,43.10,0.00,0,0,2.84,0.00,5.60,【活动支出】店铺满减:1.00元+【活动支出】单品特价:35.10元+【活动支出】饿了么红包:7.00元+【活动支出】替用户承担配送费:5.6元,-,-,-,2.00,温州区域,温州加盟,,,否,-,平台配送
圣比萨（垟田店）,SBM00026,温州,"8029020254781673821	",饿了么,平台外卖,已完成,2025-10-21 23:20:40,2025-10-21 23:20:40,2025-10-21 23:20:41,饿了么支付-在线支付,,即时单,2025-10-21 23:20:40,10.02,自动出餐,1,否,"雀巢牛奶[冷]（10.00*1）,奥尔良烤鸡肉披萨-7寸(经典手拍)[{""name"":""规格"",""value"":""7寸(经典手拍)""}]（45.00*1）,蛋挞（10.00*1）,酸奶多多流心卷边（7英寸）（4.90*1）,餐盒（3.00*1）",雀巢牛奶+新奥尔良烤鸡肉披萨+蛋挞,,,,非会员,20,,,1份餐具,,69.90,27.77,34.20,0.00,0,0,2.68,0.00,5.60,【活动支出】店铺满减:1.00元+【活动支出】单品特价:2.00元+【活动支出】单品特价:21.10元+【活动支出】单品特价:1.10元+【活动支出】饿了么红包:9.00元+【活动支出】替用户承担配送费:5.6元,-,-,-,3.00,温州区域,温州加盟,,,否,-,平台配送
圣比萨（黄龙店）,SBS00008,温州,"8047260254467926358	",饿了么,平台外卖,已完成,2025-10-21 11:00:08,2025-10-21 11:00:08,2025-10-21 11:00:08,饿了么支付-在线支付,,即时单,2025-10-21 11:00:08,7.07,手动出餐,1,否,"番茄牛肉意面（25.90*1）,餐盒（1.00*1）",番茄牛肉意面,,,,非会员,1,,,依据餐量提供餐具,,25.90,13.62,6.00,0.00,0,0,1.43,0.00,3.50,【活动支出】饿了么红包:6.00元+【活动支出】替用户承担配送费:3.5元,-,-,-,1.00,温州区域,温州直营,,,否,-,平台配送
圣比萨（黄龙店）,SBS00008,温州,"8026766088373947884	",饿了么,平台外卖,已完成,2025-10-21 11:02:08,2025-10-21 11:02:08,2025-10-21 11:02:08,饿了么支付-在线支付,,即时单,2025-10-21 11:02:08,17.70,手动出餐,1,否,"【任选】焗饭随心配（34.80*1）,餐盒（2.00*1）",不加一+碳烤鸡肉芝士焗饭+地道肠1根+上校鸡块+蛋挞1个+不加一+柠檬茶,,,,非会员,2,,,放门口不用打电话 / 依据餐量提供餐具,,34.80,19.85,8.00,0.00,0,0,1.90,0.00,4.00,【活动支出】饿了么红包:8.00元+【活动支出】淘金币:0.00元+【活动支出】替用户承担配送费:4.0元,-,-,-,2.00,温州区域,温州直营,,,否,-,平台配送
圣比萨（黄龙店）,SBS00008,温州,"8020460254543018352	",饿了么,平台外卖,已完成,2025-10-21 11:57:04,2025-10-21 11:57:04,2025-10-21 11:57:04,饿了么支付-在线支付,,即时单,2025-10-21 11:57:04,13.45,手动出餐,1,否,"招牌肉酱芝士焗饭（52.00*1）,【新客福利】蛋挞一个（原味）（5.00*1）,餐盒（0.50*1）",招牌肉酱芝士焗饭+蛋挞1个,,,,非会员,3,,,依据餐量提供餐具,,57.00,13.61,36.61,0.00,0,0,1.43,0.00,3.50,【活动支出】单品特价:32.60元+【活动支出】单品特价:4.01元+【活动支出】替用户承担配送费:3.5元,-,-,-,0.50,温州区域,温州直营,,,否,-,平台配送
圣比萨（黄龙店）,SBS00008,温州,"8047586088454189551	",饿了么,平台外卖,已完成,2025-10-21 12:58:57,2025-10-21 12:58:57,2025-10-21 12:58:58,饿了么支付-在线支付,,即时单,2025-10-21 12:58:57,8.77,手动出餐,1,否,"圣比招牌披萨-7英寸(经典手拍)[{""name"":""规格"",""value"":""7英寸(经典手拍)""}]（45.00*1）,【新客福利】蛋挞一个（原味）（5.00*1）,餐盒（0.50*1）",大圣招牌大满贯披萨+蛋挞1个,,,,非会员,4,,,依据餐量提供餐具,,50.00,15.84,25.71,0.00,0,0,1.60,0.00,4.50,【活动支出】单品特价:21.70元+【活动支出】单品特价:4.01元+【活动支出】用户代金券:0.00元+【活动支出】替用户承担配送费:4.5元,-,-,-,0.50,温州区域,温州直营,,,否,-,平台配送
圣比萨（黄龙店）,SBS00008,温州,"8073976088485618960	",饿了么,平台外卖,已完成,2025-10-21 14:38:36,2025-10-21 14:38:36,2025-10-21 14:38:37,饿了么支付-在线支付,,即时单,2025-10-21 14:38:36,10.57,手动出餐,1,否,"7英寸披萨买一送一[奥尔良鸡肉披萨7英寸+日系照烧鸡披萨7英寸]（86.80*1）,餐盒（2.00*1）",新奥尔良烤鸡肉披萨【7英寸(手拍)】+日系照烧鸡披萨【7英寸(手拍)】,,,,非会员,5,,,依据餐量提供餐具,,86.80,25.82,52.90,0.00,0,0,2.43,0.00,3.50,【活动支出】店铺满减:1.00元+【活动支出】单品特价:44.90元+【活动支出】饿了么红包:7.00元+【活动支出】替用户承担配送费:3.5元,-,-,-,2.00,温州区域,温州直营,,,否,-,平台配送
圣比萨（黄龙店）,SBS00008,温州,"8088220254627395936	",饿了么,平台外卖,已完成,2025-10-21 16:33:23,2025-10-21 16:33:23,2025-10-21 16:33:23,饿了么支付-在线支付,,即时单,2025-10-21 16:33:23,11.67,手动出餐,1,否,"奶酪芝士卷边（7英寸）（4.90*1）,缤纷水果披萨-7英寸(手拍)[{""name"":""规格"",""value"":""7英寸(手拍)""}]（42.00*1）",酸奶多多流心卷边9+缤纷水果披萨,,,,非会员,6,,,依据餐量提供餐具,,46.90,15.73,23.70,0.00,0,0,1.52,0.00,3.50,【活动支出】单品特价:23.70元+【活动支出】替用户承担配送费:3.5元,-,-,-,0.00,温州区域,温州直营,,,否,-,平台配送
圣比萨（黄龙店）,SBS00008,温州,"8001636088561912257	",饿了么,平台外卖,已完成,2025-10-21 16:56:59,2025-10-21 16:56:59,2025-10-21 16:56:59,饿了么支付-在线支付,,即时单,2025-10-21 16:56:59,8.45,手动出餐,1,否,"招牌肉酱意面（52.00*1）,点击右上角❤️收藏得小吃[上校鸡块2个]（2.00*1）,餐盒（1.50*1）",招牌肉酱意面+上校鸡块2个,,,,非会员,7,,,依据餐量提供餐具,,54.00,11.72,37.00,0.00,0,0,1.43,0.00,3.50,【活动支出】单品特价:26.10元+【活动支出】单品特价:1.90元+【活动支出】粉丝群:2.00元+【活动支出】饿了么红包:7.00元+【活动支出】替用户承担配送费:3.5元,-,-,-,1.50,温州区域,温州直营,,,否,-,平台配送
圣比萨（黄龙店）,SBS00008,温州,"8097586088533509458	",饿了么,平台外卖,已完成,2025-10-21 17:11:28,2025-10-21 17:11:28,2025-10-21 17:11:28,饿了么支付-在线支付,,即时单,2025-10-21 17:11:28,15.02,自动出餐,1,否,"玉米沙拉披萨-7英寸(手拍)[{""name"":""规格"",""value"":""7英寸(手拍)""}]（25.90*1）,餐盒（2.00*1）",玉米沙拉披萨,,,,非会员,8,,,依据餐量提供餐具,,25.90,14.12,7.00,0.00,0,0,1.43,0.00,3.50,【活动支出】 商家自营销加码:2.00元+【活动支出】饿了么红包:5.00元+【活动支出】替用户承担配送费:3.5元,-,-,-,2.00,温州区域,温州直营,,,否,-,平台配送
圣比萨（黄龙店）,SBS00008,温州,"8097586088533428676	",饿了么,平台外卖,已完成,2025-10-21 17:15:58,2025-10-21 17:15:58,2025-10-21 17:15:58,饿了么支付-在线支付,,即时单,2025-10-21 17:15:58,11.97,手动出餐,1,否,"【随心拼】7英寸双拼披萨(口味自选）[培根鸡肉+水果]（26.90*1）,餐盒（2.00*1）",双拼7寸【碳烤鸡肉培根口味7】+双拼7寸【缤纷水果口味7】,,,,非会员,9,,,依据餐量提供餐具,,26.90,15.12,7.00,0.00,0,0,1.43,0.00,3.50,【活动支出】饿了么红包:7.00元+【活动支出】替用户承担配送费:3.5元,-,-,-,2.00,温州区域,温州直营,,,否,-,平台配送
圣比萨（黄龙店）,SBS00008,温州,"8011656088584680954	",饿了么,平台外卖,已完成,2025-10-21 17:26:41,2025-10-21 17:26:41,2025-10-21 17:26:41,饿了么支付-在线支付,,即时单,2025-10-21 17:26:41,15.05,自动出餐,1,否,"奶酪芝士卷边（7英寸）（4.90*1）,新奥尔良烤鸡肉披萨-7英寸(手拍)[{""name"":""规格"",""value"":""7英寸(手拍)""}]（23.90*1）,餐盒（2.00*1）",酸奶多多流心卷边9+新奥尔良烤鸡肉披萨,,,,非会员,10,,,1份餐具,,28.80,15.39,7.00,0.00,0,0,1.56,0.00,5.00,【活动支出】饿了么红包:7.00元+【活动支出】替用户承担配送费:5.0元,-,-,-,2.00,温州区域,温州直营,,,否,-,平台配送
圣比萨（黄龙店）,SBS00008,温州,"8092946088529248632	",饿了么,平台外卖,已完成,2025-10-21 17:28:01,2025-10-21 17:28:01,2025-10-21 17:28:01,饿了么支付-在线支付,,即时单,2025-10-21 17:28:01,15.17,自动出餐,1,否,"【任选】披萨随心配（45.60*1）,餐盒（2.00*1）",缤纷芝士挞(菠萝味)+浪漫威尼斯披萨(7英寸(手拍))+不加一+地道肠1根+柠檬茶,,,,非会员,11,,,1份餐具,,45.60,27.85,10.00,0.00,0,0,2.60,0.00,3.50,【活动支出】店铺满减:1.00元+【活动支出】饿了么红包:9.00元+【活动支出】替用户承担配送费:3.5元,-,-,-,2.00,温州区域,温州直营,,,否,-,平台配送
圣比萨（黄龙店）,SBS00008,温州,"8065516088532617526	",饿了么,平台外卖,已完成,2025-10-21 17:32:54,2025-10-21 17:32:54,2025-10-21 17:32:55,饿了么支付-在线支付,,即时单,2025-10-21 17:32:54,17.03,手动出餐,1,否,"【任选】焗饭随心配（35.70*1）,餐盒（2.00*1）",不加一+招牌肉酱芝士焗饭+地道肠1根+上校鸡块+蛋挞1个+不加一+港式奶茶,,,,非会员,12,,,依据餐量提供餐具,,35.70,21.15,8.00,0.00,0,0,2.00,0.00,3.50,【活动支出】饿了么红包:8.00元+【活动支出】替用户承担配送费:3.5元,-,-,-,2.00,温州区域,温州直营,,,否,-,平台配送
圣比萨（黄龙店）,SBS00008,温州,"8020390254679578985	",饿了么,平台外卖,已完成,2025-10-21 17:33:01,2025-10-21 17:33:01,2025-10-21 17:33:01,饿了么支付-在线支付,,即时单,2025-10-21 17:33:01,16.95,手动出餐,1,否,"番茄牛肉意面（25.90*1）,餐盒（1.00*1）",番茄牛肉意面,,,,非会员,13,,,依据餐量提供餐具,,25.90,13.12,7.00,0.00,0,0,1.43,0.00,3.50,【活动支出】饿了么红包:7.00元+【活动支出】替用户承担配送费:3.5元,-,-,-,1.00,温州区域,温州直营,,,否,-,平台配送
圣比萨（黄龙店）,SBS00008,温州,"8097060254571695604	",饿了么,平台外卖,已完成,2025-10-21 17:36:11,2025-10-21 17:36:11,2025-10-21 17:36:11,饿了么支付-在线支付,,即时单,2025-10-21 17:36:11,13.82,手动出餐,1,否,"7英寸披萨买一送一[奥尔良鸡肉披萨7英寸+圣比招牌披萨7英寸]（86.80*1）,餐盒（2.00*1）",新奥尔良烤鸡肉披萨【7英寸(手拍)】+大圣招牌大满贯披萨【7英寸(手拍)】,,,,非会员,14,,,依据餐量提供餐具,,86.80,25.36,53.90,0.00,0,0,2.39,0.00,3.50,【活动支出】店铺满减:1.00元+【活动支出】单品特价:44.90元+【活动支出】 商家自营销加码:0.00元+【活动支出】饿了么红包:8.00元+【活动支出】替用户承担配送费:3.5元,-,-,-,2.00,温州区域,温州直营,,,否,-,平台配送
圣比萨（黄龙店）,SBS00008,温州,"8020390254578923876	",饿了么,平台外卖,已完成,2025-10-21 17:40:36,2025-10-21 17:40:36,2025-10-21 17:40:36,饿了么支付-在线支付,,即时单,2025-10-21 17:40:36,22.08,自动出餐,1,否,"芝士焗榴莲（29.90*1）,榴莲王披萨-7英寸(经典手拍)[{""name"":""规格"",""value"":""7英寸(经典手拍)""}]（52.00*1）,餐盒（3.00*1）",芝士焗榴莲+榴莲王披萨,,,,非会员,15,,,依据餐量提供餐具,,81.90,36.41,36.10,0.00,0,0,3.44,0.00,3.50,【活动支出】店铺满减:6.00元+【活动支出】单品特价:18.10元+【活动支出】饿了么红包:12.00元+【活动支出】替用户承担配送费:3.5元,-,-,-,3.00,温州区域,温州直营,,,否,-,平台配送
圣比萨（黄龙店）,SBS00008,温州,"8028400254576426472	",饿了么,平台外卖,已完成,2025-10-21 17:43:06,2025-10-21 17:43:06,2025-10-21 17:43:06,饿了么支付-在线支付,,即时单,2025-10-21 17:43:06,22.15,自动出餐,1,否,"7英寸披萨买一送一[奥尔良鸡肉披萨7英寸+碳烤鸡肉培根7英寸]（86.80*1）,招牌肉酱意面（52.00*1）,【新客福利】蛋挞一个（原味）（5.00*1）,餐盒（3.50*1）",新奥尔良烤鸡肉披萨【7英寸(手拍)】+碳烤鸡肉培根披萨【7英寸(手拍)】+招牌肉酱意面+蛋挞1个,,,,非会员,16,,,依据餐量提供餐具,,143.80,40.89,93.01,0.00,0,0,3.85,0.00,3.50,【活动支出】店铺满减:6.00元+【活动支出】单品特价:44.90元+【活动支出】单品特价:26.10元+【活动支出】单品特价:4.01元+【活动支出】饿了么红包:12.00元+【活动支出】替用户承担配送费:3.5元,-,-,-,3.50,温州区域,温州直营,,,否,-,平台配送
圣比萨（黄龙店）,SBS00008,温州,"8051070254759849382	",饿了么,平台外卖,已完成,2025-10-21 17:45:33,2025-10-21 17:45:33,2025-10-21 17:45:33,饿了么支付-在线支付,,即时单,2025-10-21 17:45:33,21.87,手动出餐,1,否,"深海墨鱼丸-6个[{""name"":""规格"",""value"":""6个""}]（18.20*1）,招牌肉酱意面（52.00*1）,点击右上角❤️收藏得小吃[上校鸡块2个]（2.00*1）,餐盒（2.50*1）",深海墨鱼丸+招牌肉酱意面+上校鸡块2个,,,,非会员,17,,,依据餐量提供餐具,,72.20,21.79,44.30,0.00,0,0,2.06,0.00,3.50,【活动支出】店铺满减:1.00元+【活动支出】单品特价:8.30元+【活动支出】单品特价:26.10元+【活动支出】单品特价:1.90元+【活动支出】饿了么红包:7.00元+【活动支出】替用户承担配送费:3.5元,-,-,-,2.50,温州区域,温州直营,,,否,-,平台配送
圣比萨（黄龙店）,SBS00008,温州,"8075926088572533203	",饿了么,平台外卖,已完成,2025-10-21 17:47:31,2025-10-21 17:47:31,2025-10-21 17:47:31,饿了么支付-在线支付,,即时单,2025-10-21 17:47:31,19.92,手动出餐,1,否,"芝士焗红薯泥（10.90*1）,新奥尔良烤鸡肉披萨-9英寸(手拍)[{""name"":""规格"",""value"":""9英寸(手拍)""}]（33.90*1）,餐盒（4.00*1）",芝士焗红薯泥+新奥尔良烤鸡肉披萨,,,,非会员,18,,,依据餐量提供餐具,,44.80,28.36,10.00,0.00,0,0,2.69,0.00,3.50,【活动支出】店铺满减:1.00元+【活动支出】饿了么红包:9.00元+【活动支出】替用户承担配送费:3.5元,-,-,-,4.00,温州区域,温州直营,,,否,-,平台配送
圣比萨（黄龙店）,SBS00008,温州,"8059020254685041132	",饿了么,平台外卖,已完成,2025-10-21 18:13:40,2025-10-21 18:13:40,2025-10-21 18:13:41,饿了么支付-在线支付,,即时单,2025-10-21 18:13:40,9.92,手动出餐,1,否,"榴莲王披萨-7英寸(经典手拍)[{""name"":""规格"",""value"":""7英寸(经典手拍)""}]（52.00*1）,点击右上角❤️收藏得小吃[上校鸡块2个]（2.00*1）,餐盒（1.50*1）",榴莲王披萨+上校鸡块2个,,,,非会员,19,,,依据餐量提供餐具,,54.00,17.86,30.00,0.00,0,0,1.69,0.00,3.50,【活动支出】单品特价:18.10元+【活动支出】单品特价:1.90元+【活动支出】粉丝群:2.00元+【活动支出】饿了么红包:8.00元+【活动支出】替用户承担配送费:3.5元,-,-,-,1.50,温州区域,温州直营,,,否,-,平台配送
圣比萨（黄龙店）,SBS00008,温州,"8023666088622301557	",饿了么,平台外卖,已完成,2025-10-21 18:27:48,2025-10-21 18:27:48,2025-10-21 18:27:49,饿了么支付-在线支付,,即时单,2025-10-21 18:27:48,9.52,手动出餐,1,否,"榴莲王披萨-9英寸(手拍)[{""name"":""规格"",""value"":""9英寸(手拍)""}]（92.00*1）,港式奶茶[冷]（9.00*1）,餐盒（2.00*1）",榴莲王披萨+港式奶茶,,,,非会员,20,,,1份餐具,,101.00,33.41,58.10,0.00,0,0,3.14,0.00,3.50,【活动支出】店铺满减:1.00元+【活动支出】单品特价:48.10元+【活动支出】饿了么红包:9.00元+【活动支出】替用户承担配送费:3.5元,-,-,-,2.00,温州区域,温州直营,,,否,-,平台配送
圣比萨（黄龙店）,SBS00008,温州,"8091110254788351264	",饿了么,平台外卖,已完成,2025-10-21 18:30:19,2025-10-21 18:30:19,2025-10-21 18:30:19,饿了么支付-在线支付,,即时单,2025-10-21 18:30:19,11.02,手动出餐,1,否,"缤纷水果披萨-7英寸(手拍)[{""name"":""规格"",""value"":""7英寸(手拍)""}]（42.00*1）,榴莲王披萨-7英寸(经典手拍)[{""name"":""规格"",""value"":""7英寸(经典手拍)""}]（52.00*1）,经典薯条（8.90*1）,餐盒（3.00*1）",缤纷水果披萨+榴莲王披萨+经典薯条,,,,非会员,21,,,依据餐量提供餐具,,102.90,44.05,48.20,0.00,0,0,4.10,0.00,3.50,【活动支出】店铺满减:6.00元+【活动支出】单品特价:16.10元+【活动支出】单品特价:18.10元+【活动支出】超会爆红包省钱包:8.00元+【活动支出】替用户承担配送费:3.5元,-,-,-,3.00,温州区域,温州直营,,,否,-,平台配送
圣比萨（黄龙店）,SBS00008,温州,"8067370254728960445	",饿了么,平台外卖,已完成,2025-10-21 18:55:49,2025-10-21 18:55:49,2025-10-21 18:55:49,饿了么支付-在线支付,,即时单,2025-10-21 18:55:49,10.43,手动出餐,1,否,"【任选】意面随心配（37.70*1）,餐盒（2.00*1）",地道肠1根+深海墨鱼丸(3个)+小薯条+不加一+番茄牛肉意面+港式奶茶+盐酥鸡米花小份,,,,非会员,22,,,1份餐具,,37.70,23.00,8.00,0.00,0,0,2.15,0.00,3.50,【活动支出】店铺满减:1.00元+【活动支出】饿了么红包:7.00元+【活动支出】替用户承担配送费:3.5元,-,-,-,2.00,温州区域,温州直营,,,否,-,平台配送
圣比萨（黄龙店）,SBS00008,温州,"8004190254643780867	",饿了么,平台外卖,已完成,2025-10-21 19:38:56,2025-10-21 19:38:56,2025-10-21 19:38:57,饿了么支付-在线支付,,即时单,2025-10-21 19:38:56,12.43,手动出餐,1,否,"【任选】披萨随心配（31.90*1）,餐盒（2.00*1）",不加一+缤纷水果披萨(7英寸(手拍))+不加一+上校鸡块+柠檬茶,,,,非会员,23,,,1份餐具,,31.90,19.16,7.00,0.00,0,0,1.79,0.00,3.50,【活动支出】饿了么红包:7.00元+【活动支出】替用户承担配送费:3.5元,-,-,-,2.00,温州区域,温州直营,,,否,-,平台配送
圣比萨（黄龙店）,SBS00008,温州,"8072320254827435282	",饿了么,平台外卖,已完成,2025-10-21 19:39:48,2025-10-21 19:39:48,2025-10-21 19:39:48,饿了么支付-在线支付,,即时单,2025-10-21 19:39:48,11.60,手动出餐,1,否,"【任选】披萨随心配（35.80*1）,点击右上角❤️收藏得小吃[上校鸡块2个]（2.00*1）,【新客福利】蛋挞一个（原味）（5.00*1）,餐盒（3.00*1）",不加一+炙热牛魔王披萨(7英寸(手拍))+不加一+小薯条+柠檬茶+上校鸡块2个+蛋挞1个,,,,非会员,24,,,1份餐具,,42.80,21.32,15.91,0.00,0,0,2.02,0.00,3.50,【活动支出】店铺满减:1.00元+【活动支出】单品特价:1.90元+【活动支出】单品特价:4.01元+【活动支出】粉丝群:2.00元+【活动支出】饿了么红包:7.00元+【活动支出】替用户承担配送费:3.5元,-,-,-,3.00,温州区域,温州直营,,,否,-,平台配送
圣比萨（黄龙店）,SBS00008,温州,"8086946088632669622	",饿了么,平台外卖,已完成,2025-10-21 19:44:44,2025-10-21 19:44:44,2025-10-21 19:44:44,饿了么支付-在线支付,,即时单,2025-10-21 19:44:44,11.55,手动出餐,1,否,"【随心拼】7英寸双拼披萨(口味自选）[奥尔良+日系照烧]（26.90*1）,点击右上角❤️收藏得小吃[上校鸡块2个]（2.00*1）,【新客福利】蛋挞一个（原味）（5.00*1）,餐盒（3.00*1）",双拼7寸【奥尔良口味7】+双拼7寸【日系照烧口味7】+上校鸡块2个+蛋挞1个,,,,非会员,25,,,依据餐量提供餐具,,33.90,14.67,12.91,0.00,0,0,1.57,0.00,5.60,【活动支出】单品特价:1.90元+【活动支出】单品特价:4.01元+【活动支出】饿了么红包:7.00元+【活动支出】替用户承担配送费:5.6元,-,-,-,3.00,温州区域,温州直营,,,否,-,平台配送
圣比萨（黄龙店）,SBS00008,温州,"8046380254751380766	",饿了么,平台外卖,已完成,2025-10-21 20:01:01,2025-10-21 20:01:01,2025-10-21 20:01:02,饿了么支付-在线支付,,即时单,2025-10-21 20:01:01,12.95,手动出餐,1,否,"【任选】披萨随心配（31.90*1）,餐盒（2.00*1）",不加一+新奥尔良烤鸡肉披萨(7英寸(手拍))+不加一+小薯条+可乐,,,,非会员,26,,,依据餐量提供餐具,,31.90,19.16,7.00,0.00,0,0,1.79,0.00,3.50,【活动支出】饿了么红包:7.00元+【活动支出】替用户承担配送费:3.5元,-,-,-,2.00,温州区域,温州直营,,,否,-,平台配送
圣比萨（黄龙店）,SBS00008,温州,"8004556088650114558	",饿了么,平台外卖,已完成,2025-10-21 20:32:06,2025-10-21 20:32:06,2025-10-21 20:32:06,饿了么支付-在线支付,,即时单,2025-10-21 20:32:06,15.02,自动出餐,1,否,"圣比招牌披萨-7英寸(经典手拍)[{""name"":""规格"",""value"":""7英寸(经典手拍)""}]（45.00*1）,餐盒（2.00*1）",大圣招牌大满贯披萨,,,,非会员,27,,,无需餐具,,45.00,20.41,18.10,0.00,0,0,1.94,0.00,3.50,【活动支出】单品特价:11.10元+【活动支出】饿了么红包:7.00元+【活动支出】替用户承担配送费:3.5元,-,-,-,2.00,温州区域,温州直营,,,否,-,平台配送
圣比萨（黄龙店）,SBS00008,温州,"8084956088684765555	",饿了么,平台外卖,已完成,2025-10-21 21:30:57,2025-10-21 21:30:57,2025-10-21 21:30:57,饿了么支付-在线支付,,即时单,2025-10-21 21:30:57,8.80,手动出餐,1,否,"【随心拼】7英寸双拼披萨(口味自选）[奥尔良+日系照烧]（26.90*1）,餐盒（2.00*1）",双拼7寸【奥尔良口味7】+双拼7寸【日系照烧口味7】,,,,非会员,28,,,依据餐量提供餐具,,26.90,14.62,7.00,0.00,0,0,1.43,0.00,5.60,【活动支出】饿了么红包:7.00元+【活动支出】替用户承担配送费:5.6元,-,-,-,2.00,温州区域,温州直营,,,否,-,平台配送
圣比萨（黄龙店）,SBS00008,温州,"8005050254693889348	",饿了么,平台外卖,已完成,2025-10-21 22:44:13,2025-10-21 22:44:13,2025-10-21 22:44:13,饿了么支付-在线支付,,即时单,2025-10-21 22:44:13,14.07,手动出餐,1,否,"奶酪芝士卷边（12英寸）（8.90*1）,榴莲王披萨-12英寸(手拍)[{""name"":""规格"",""value"":""12英寸(手拍)""}]（129.00*1）,餐盒（1.00*1）",奶酪芝士卷边+榴莲王披萨,,,,非会员,29,,,依据餐量提供餐具,,137.90,34.09,87.10,0.00,0,0,3.66,0.00,14.90,【活动支出】店铺满减:6.00元+【活动支出】单品特价:72.10元+【活动支出】饿了么红包:9.00元+【活动支出】替用户承担配送费:6.0元,-,-,-,1.00,温州区域,温州直营,,,否,-,平台配送
圣比萨（黄龙店）,SBS00008,温州,"8091030254697426275	",饿了么,平台外卖,已完成,2025-10-21 22:49:37,2025-10-21 22:49:37,2025-10-21 22:49:38,饿了么支付-在线支付,,即时单,2025-10-21 22:49:37,10.40,手动出餐,1,否,"点击右上角❤️收藏得小吃[上校鸡块2个]（2.00*1）,【任选】披萨随心配（40.80*1）,餐盒（2.50*1）",上校鸡块2个+不加一+新奥尔良烤鸡肉披萨(7英寸(手拍))+奥尔良烤翅+深海墨鱼丸(3个)+芒果汁,,,,非会员,30,,,依据餐量提供餐具,,42.80,24.39,10.90,0.00,0,0,2.36,0.00,5.60,【活动支出】单品特价:1.90元+【活动支出】店铺满减:1.00元+【活动支出】 商家自营销加码:0.00元+【活动支出】饿了么红包:8.00元+【活动支出】替用户承担配送费:5.6元,-,-,-,2.50,温州区域,温州直营,,,否,-,平台配送
圣比萨（黄龙店）,SBS00008,温州,"8070666088673603032	",饿了么,平台外卖,已完成,2025-10-21 23:12:08,2025-10-21 23:12:08,2025-10-21 23:12:08,饿了么支付-在线支付,,即时单,2025-10-21 23:12:08,11.50,手动出餐,1,否,"缤纷水果披萨-7英寸(手拍)[{""name"":""规格"",""value"":""7英寸(手拍)""}]（42.00*1）,红薯薯泥流心卷边（7英寸）（4.90*1）,餐盒（1.00*1）",缤纷水果披萨+红薯泥流心卷边7,,,,非会员,31,,,依据餐量提供餐具,,46.90,15.81,23.10,0.00,0,0,1.64,0.00,6.10,【活动支出】单品特价:16.10元+【活动支出】饿了么红包:7.00元+【活动支出】替用户承担配送费:6.0元,-,-,-,1.00,温州区域,温州直营,,,否,-,平台配送
圣比萨（黄龙店）,SBS00008,温州,"8024070254784109930	",饿了么,平台外卖,已完成,2025-10-21 23:17:40,2025-10-21 23:17:40,2025-10-21 23:17:40,饿了么支付-在线支付,,即时单,2025-10-21 23:17:40,10.85,手动出餐,1,否,"榴莲王披萨-9英寸(手拍)[{""name"":""规格"",""value"":""9英寸(手拍)""}]（92.00*1）,柠檬茶[冷]（6.00*2）,点击右上角❤️收藏得小吃[上校鸡块2个]（2.00*1）,【新客福利】蛋挞一个（原味）（5.00*1）,餐盒（4.00*1）",榴莲王披萨+柠檬茶+上校鸡块2个+蛋挞1个,,,,非会员,32,,,依据餐量提供餐具,,111.00,28.99,74.01,0.00,0,0,2.85,0.00,7.10,【活动支出】店铺满减:6.00元+【活动支出】单品特价:48.10元+【活动支出】单品特价:1.90元+【活动支出】单品特价:4.01元+【活动支出】粉丝群:2.00元+【活动支出】饿了么红包:12.00元+【活动支出】替用户承担配送费:6.0元,-,-,-,4.00,温州区域,温州直营,,,否,-,平台配送
圣比萨（桥下恒达广场店）,SBM00046,温州,"8065606088489992462	",饿了么,平台外卖,已完成,2025-10-21 12:59:17,2025-10-21 12:59:17,2025-10-21 12:59:17,饿了么支付-在线支付,,即时单,2025-10-21 12:59:17,9.87,手动出餐,1,否,"缤纷水果披萨-7英寸(手拍)[{""name"":""规格"",""value"":""7英寸(手拍)""}]（68.00*1）,餐盒（2.00*1）",缤纷水果披萨,,,,非会员,1,,,依据餐量提供餐具,,68.00,18.89,42.10,0.00,0,0,2.56,0.00,3.90,【活动支出】单品特价:35.10元+【活动支出】超级会员专享红包:5.00元+【活动支出】 商家自营销加码:1.00元+【活动支出】粉丝群:1.00元+【活动支出】替用户承担配送费:3.9元,-,-,-,2.00,温州区域,温州加盟,,,否,-,平台配送
圣比萨（桥下恒达广场店）,SBM00046,温州,"8024050254648062330	",饿了么,平台外卖,已完成,2025-10-21 16:21:17,2025-10-21 16:21:17,2025-10-21 16:21:17,饿了么支付-在线支付,,即时单,2025-10-21 16:21:17,12.78,手动出餐,1,否,"榴莲王披萨-12英寸(经典手拍)[{""name"":""规格"",""value"":""12英寸(经典手拍)""}]（129.00*1）,蛋挞一个（原味）（5.00*1）,餐盒（2.00*1）",榴莲王披萨+蛋挞1个,,,,非会员,2,,,无需餐具,,134.00,45.56,74.11,0.00,0,0,6.18,0.00,4.40,【活动支出】店铺满减:6.00元+【活动支出】单品特价:52.10元+【活动支出】单品特价:3.01元+【活动支出】粉丝群:1.00元+【活动支出】饿了么红包:12.00元+【活动支出】淘金币:0.00元+【活动支出】替用户承担配送费:4.4元,-,-,-,2.00,温州区域,温州加盟,,,否,-,平台配送
圣比萨（桥下恒达广场店）,SBM00046,温州,"8024726088522297601	",饿了么,平台外卖,已完成,2025-10-21 16:44:11,2025-10-21 16:44:11,2025-10-21 16:44:11,饿了么支付-在线支付,,即时单,2025-10-21 16:44:11,15.30,手动出餐,1,否,"7英寸披萨买一送一[浪漫威尼斯披萨7英寸+日系照烧鸡披萨7英寸]（86.80*1）,蛋挞一个（原味）（5.00*2）,餐盒（4.00*1）",浪漫威尼斯披萨【7英寸(手拍)】+日系照烧鸡披萨【7英寸(手拍)】+蛋挞1个,,,,非会员,3,,,依据餐量提供餐具,,96.80,36.02,50.91,0.00,0,0,4.92,0.00,3.90,【活动支出】店铺满减:6.00元+【活动支出】单品特价:26.90元+【活动支出】单品特价:3.01元+【活动支出】订单集点返红包:3.00元+【活动支出】饿了么红包:12.00元+【活动支出】替用户承担配送费:3.9元,-,-,-,4.00,温州区域,温州加盟,,,否,-,平台配送
圣比萨（桥下恒达广场店）,SBM00046,温州,"8045250254551798233	",饿了么,平台外卖,已完成,2025-10-21 17:02:39,2025-10-21 17:02:39,2025-10-21 17:02:39,饿了么支付-在线支付,,即时单,2025-10-21 17:02:39,10.65,手动出餐,1,否,"任选披萨8选1+小吃6选1+饮料[奥尔良鸡肉披萨7英寸+地道肠1根+小可乐]（72.00*1）,餐盒（2.00*1）",新奥尔良烤鸡肉披萨【7英寸(手拍)】+地道肠【1根】+小可乐,,,,非会员,4,,,依据餐量提供餐具,,72.00,24.40,39.10,0.00,0,0,3.35,0.00,3.90,【活动支出】店铺满减:1.00元+【活动支出】单品特价:29.10元+【活动支出】粉丝群:1.00元+【活动支出】饿了么红包:8.00元+【活动支出】替用户承担配送费:3.9元,-,-,-,2.00,温州区域,温州加盟,,,否,-,平台配送
圣比萨（桥下恒达广场店）,SBM00046,温州,"8045460254653948307	",饿了么,平台外卖,已完成,2025-10-21 17:23:54,2025-10-21 17:23:54,2025-10-21 17:23:55,饿了么支付-在线支付,,即时单,2025-10-21 17:23:54,10.70,手动出餐,1,否,"焗饭随心配（68.80*1）,台式香烤地道肠（7.50*1）,蛋挞一个（原味）（5.00*1）,餐盒（4.00*1）",招牌肉酱芝士焗饭+蛋挞1个+深海墨鱼丸2个+盐酥鸡米花小份+地道肠1根+蛋挞1个,,,,非会员,5,,,依据餐量提供餐具,,81.30,21.63,51.82,0.00,0,0,3.20,0.00,4.90,【活动支出】店铺满减:1.00元+【活动支出】单品特价:34.30元+【活动支出】单品特价:5.51元+【活动支出】单品特价:3.01元+【活动支出】超级会员专享红包:8.00元+【活动支出】 商家自营销加码:0.00元+【活动支出】替用户承担配送费:4.9元,-,-,-,4.00,温州区域,温州加盟,,,否,-,平台配送
圣比萨（桥下恒达广场店）,SBM00046,温州,"8082516088579866907	",饿了么,平台外卖,已完成,2025-10-21 17:58:07,2025-10-21 17:58:07,2025-10-21 17:58:08,饿了么支付-在线支付,,即时单,2025-10-21 17:58:07,22.43,手动出餐,1,否,"披萨随心配（79.90*1）,餐盒（2.00*1）",地道肠1根+上校鸡块2个+深海墨鱼丸2个+新奥尔良烤鸡肉披萨(7英寸(手拍)),,,,非会员,6,,,2份餐具,,79.90,21.80,49.90,0.00,0,0,3.05,0.00,3.90,【活动支出】店铺满减:1.00元+【活动支出】单品特价:42.40元+【活动支出】饿了么红包:6.50元+【活动支出】替用户承担配送费:3.9元,-,-,-,2.00,温州区域,温州加盟,,,否,-,平台配送
圣比萨（桥下恒达广场店）,SBM00046,温州,"8095876088576563507	",饿了么,平台外卖,已完成,2025-10-21 18:28:15,2025-10-21 18:28:15,2025-10-21 18:28:15,饿了么支付-在线支付,,即时单,2025-10-21 18:28:15,10.00,扫码出餐,1,否,"7寸日系照烧鸡披萨-单点[{""name"":""规格"",""value"":""单点""}]（22.00*1）",日系照烧鸡披萨【7英寸(手拍)】,,,,非会员,7,,,-,,22.00,12.00,0.00,0.00,0,0,0.00,0.00,,【活动支出】拼团反圈活动:0.00元,-,-,-,0.00,温州区域,温州加盟,,,否,-,平台配送
圣比萨（桥下恒达广场店）,SBM00046,温州,"8081606088651036125	",饿了么,平台外卖,已完成,2025-10-21 19:33:00,2025-10-21 19:33:00,2025-10-21 19:33:00,饿了么支付-在线支付,,即时单,2025-10-21 19:33:00,12.90,手动出餐,1,否,7英寸披萨买一送一[奥尔良鸡肉披萨7英寸+日系照烧鸡披萨7英寸]（86.80*1）,新奥尔良烤鸡肉披萨【7英寸(手拍)】+日系照烧鸡披萨【7英寸(手拍)】,,,,非会员,8,,,无需餐具,,86.80,26.64,49.40,0.00,0,0,3.61,0.00,3.90,【活动支出】单品特价:49.40元+【活动支出】淘金币:0.00元+【活动支出】替用户承担配送费:3.9元,-,-,-,0.00,温州区域,温州加盟,,,否,-,平台配送
圣比萨（桥下恒达广场店）,SBM00046,温州,"8084756088633554317	",饿了么,平台外卖,已完成,2025-10-21 19:45:00,2025-10-21 19:45:00,2025-10-21 19:45:00,饿了么支付-在线支付,,即时单,2025-10-21 19:45:00,9.02,手动出餐,1,否,"港式奶茶[冷]（10.00*1）,台式香烤地道肠（7.50*1）,深海墨鱼丸-3个[{""name"":""规格"",""value"":""3个""}]（10.60*1）,招牌肉酱意面（33.00*1）,餐盒（5.00*1）",港式奶茶+地道肠1根+深海墨鱼丸+招牌肉酱意面,,,,非会员,9,,,依据餐量提供餐具,,61.10,32.95,20.31,0.00,0,0,4.49,0.00,3.90,【活动支出】店铺满减:1.00元+【活动支出】单品特价:2.00元+【活动支出】单品特价:5.51元+【活动支出】单品特价:4.70元+【活动支出】单品特价:0.10元+【活动支出】 商家自营销加码:2.00元+【活动支出】饿了么红包:5.00元+【活动支出】替用户承担配送费:3.9元,-,-,-,5.00,温州区域,温州加盟,,,否,-,平台配送
圣比萨（桥下恒达广场店）,SBM00046,温州,"8066410254753891785	",饿了么,平台外卖,已完成,2025-10-21 19:50:13,2025-10-21 19:50:13,2025-10-21 19:50:13,饿了么支付-在线支付,,即时单,2025-10-21 19:50:13,13.12,手动出餐,1,否,"圣比招牌披萨-7英寸(经典手拍)[{""name"":""规格"",""value"":""7英寸(经典手拍)""}]（78.00*1）,蛋挞一个（原味）（5.00*1）,餐盒（1.00*1）",大圣招牌大满贯披萨+蛋挞1个,,,,非会员,10,,,辣椒外带 / 依据餐量提供餐具,,83.00,17.89,57.71,0.00,0,0,2.45,0.00,3.90,【活动支出】单品特价:54.70元+【活动支出】单品特价:3.01元+【活动支出】替用户承担配送费:3.9元,-,-,-,1.00,温州区域,温州加盟,,,否,-,平台配送
圣比萨（桥下恒达广场店）,SBM00046,温州,"8066636088647598536	",饿了么,平台外卖,已完成,2025-10-21 20:18:39,2025-10-21 20:18:39,2025-10-21 20:18:39,饿了么支付-在线支付,,即时单,2025-10-21 20:18:39,10.02,手动出餐,1,否,"榴莲王披萨-7英寸(经典手拍)[{""name"":""规格"",""value"":""7英寸(经典手拍)""}]（78.00*1）,餐盒（1.00*1）",榴莲王披萨,,,,非会员,11,,,依据餐量提供餐具,,78.00,23.06,45.60,0.00,0,0,3.19,0.00,3.90,【活动支出】店铺满减:1.00元+【活动支出】单品特价:38.10元+【活动支出】饿了么红包:6.50元+【活动支出】替用户承担配送费:3.9元,-,-,-,1.00,温州区域,温州加盟,,,否,-,平台配送
圣比萨（桥下恒达广场店）,SBM00046,温州,"8087506088648006059	",饿了么,平台外卖,已完成,2025-10-21 20:27:10,2025-10-21 20:27:10,2025-10-21 20:27:10,饿了么支付-在线支付,,即时单,2025-10-21 20:27:10,11.72,手动出餐,1,否,"7英寸披萨一人食土豪餐[碳烤鸡肉培根7英寸+金丝鸡排+深海墨鱼丸3个+小可乐]（78.00*1）,蛋挞一个（原味）（5.00*1）,餐盒（3.00*1）",碳烤鸡肉培根披萨【7英寸(手拍)】+金丝鸡排+深海墨鱼丸3个+小可乐+蛋挞1个,,,,非会员,12,,,依据餐量提供餐具,,83.00,30.06,44.11,0.00,0,0,4.08,0.00,4.40,【活动支出】店铺满减:1.00元+【活动支出】单品特价:32.10元+【活动支出】单品特价:3.01元+【活动支出】饿了么红包:8.00元+【活动支出】替用户承担配送费:4.4元,-,-,-,3.00,温州区域,温州加盟,,,否,-,平台配送
圣比萨·披萨·炸鸡（滨海一店）,SBM00002,盐城,"8093020254335208801	",饿了么,平台外卖,已完成,2025-10-21 08:58:20,2025-10-21 08:58:20,2025-10-21 08:58:21,饿了么支付-在线支付,,预约单,2025-10-21 10:45:00,61.77,自动出餐,1,否,"奥尔良烤翅（7.90*1）,碳烤鸡肉培根披萨-7英寸(手拍)[{""name"":""规格"",""value"":""7英寸(手拍)""}]（28.90*1）,餐盒（1.50*1）",奥尔良烤翅+碳烤鸡肉培根披萨,,,,非会员,1,,,不要打电话 / 依据餐量提供餐具,,36.80,19.09,6.00,0.00,0,0,3.06,0.00,6.00,【活动支出】店铺满减:1.00元+【活动支出】饿了么红包:5.00元+【活动支出】替用户承担配送费:6.0元,-,-,-,1.50,江苏区域,江苏直营店,,,否,-,平台配送
圣比萨·披萨·炸鸡（滨海一店）,SBM00002,盐城,"8072606088424369535	",饿了么,平台外卖,已完成,2025-10-21 11:23:59,2025-10-21 11:23:59,2025-10-21 11:23:59,饿了么支付-在线支付,,即时单,2025-10-21 11:23:59,12.15,自动出餐,1,否,"碳烤鸡肉培根披萨-7英寸(手拍)[{""name"":""规格"",""value"":""7英寸(手拍)""}]（28.90*1）,餐盒（1.00*1）",碳烤鸡肉培根披萨,,,,非会员,2,,,1份餐具,,28.90,14.91,5.00,0.00,0,0,2.39,0.00,5.00,【活动支出】饿了么红包:5.00元+【活动支出】替用户承担配送费:5.0元,-,-,-,1.00,江苏区域,江苏直营店,,,否,-,平台配送
圣比萨·披萨·炸鸡（滨海一店）,SBM00002,盐城,"8055886088435198298	",饿了么,平台外卖,已完成,2025-10-21 12:08:40,2025-10-21 12:08:40,2025-10-21 12:08:40,饿了么支付-在线支付,,即时单,2025-10-21 12:08:40,12.03,自动出餐,1,否,七寸培根披萨-单点（15.40*1）,培根披萨【7英寸(手拍)】,,,,非会员,3,,,依据餐量提供餐具,,15.40,9.90,0.00,0.00,0,0,0.00,0.00,,【活动支出】单品优惠:0.00元,-,-,-,0.00,江苏区域,江苏直营店,,,否,-,平台配送
圣比萨·披萨·炸鸡（滨海一店）,SBM00002,盐城,"8059836088462652683	",饿了么,平台外卖,已完成,2025-10-21 13:39:31,2025-10-21 13:39:31,2025-10-21 13:39:31,饿了么支付-在线支付,,即时单,2025-10-21 13:39:31,10.07,自动出餐,1,否,七寸培根披萨-单点（15.40*1）,培根披萨【7英寸(手拍)】,,,,非会员,4,,,依据餐量提供餐具,,15.40,9.90,0.00,0.00,0,0,0.00,0.00,,【活动支出】单品优惠:0.00元,-,-,-,0.00,江苏区域,江苏直营店,,,否,-,平台配送
圣比萨·披萨·炸鸡（滨海一店）,SBM00002,盐城,"8087450254685895947	",饿了么,平台外卖,已完成,2025-10-21 14:38:58,2025-10-21 14:38:58,2025-10-21 14:38:58,饿了么支付-在线支付,,即时单,2025-10-21 14:38:58,10.08,自动出餐,1,否,"红薯薯泥流心卷边（7英寸）（4.90*1）,圣比招牌披萨-7寸(经典手拍)[{""name"":""规格"",""value"":""7寸(经典手拍)""}]（36.90*1）,餐盒（1.00*1）",红薯泥流心卷边7+大圣招牌大满贯披萨,,,,非会员,5,,,依据餐量提供餐具,,41.80,22.58,7.00,0.00,0,0,3.42,0.00,5.00,【活动支出】店铺满减:1.00元+【活动支出】超级会员专享红包:5.00元+【活动支出】精准营销:1.00元+【活动支出】替用户承担配送费:5.0元,-,-,-,1.00,江苏区域,江苏直营店,,,否,-,平台配送
圣比萨·披萨·炸鸡（滨海一店）,SBM00002,盐城,"8039966088465889665	",饿了么,平台外卖,已完成,2025-10-21 14:58:09,2025-10-21 14:58:09,2025-10-21 14:58:09,饿了么支付-在线支付,,即时单,2025-10-21 14:58:09,10.12,自动出餐,1,否,"新奥尔良烤鸡肉披萨-7英寸[{""name"":""规格"",""value"":""7英寸""}]（28.90*1）,餐盒（1.00*1）",新奥尔良烤鸡肉披萨,,,,非会员,6,,,依据餐量提供餐具,,28.90,13.11,5.00,0.00,0,0,2.39,0.00,7.00,【活动支出】饿了么红包:5.00元+【活动支出】替用户承担配送费:7.0元,-,-,-,1.00,江苏区域,江苏直营店,,,否,-,平台配送
圣比萨·披萨·炸鸡（滨海一店）,SBM00002,盐城,"8095556088515081638	",饿了么,平台外卖,已完成,2025-10-21 15:22:06,2025-10-21 15:22:06,2025-10-21 15:22:06,饿了么支付-在线支付,,预约单,2025-10-21 18:15:00,128.02,自动出餐,1,否,"新奥尔良烤鸡肉披萨-7英寸[{""name"":""规格"",""value"":""7英寸""}]（28.90*2）,餐盒（2.00*1）",新奥尔良烤鸡肉披萨,,,,非会员,7,,,"对骑手, 不要打电话店员姐姐或者哥哥我想要披萨微辣 多放点芝士 多几包番茄酱，谢谢, 放门卫 / 2份餐具",,57.80,33.72,8.00,0.00,0,0,4.78,0.00,6.00,【活动支出】店铺满减:3.00元+【活动支出】饿了么红包:5.00元+【活动支出】替用户承担配送费:6.0元,-,-,-,2.00,江苏区域,江苏直营店,,,否,-,平台配送
圣比萨·披萨·炸鸡（滨海一店）,SBM00002,盐城,"8045290254521965828	",饿了么,平台外卖,已完成,2025-10-21 15:53:00,2025-10-21 15:53:00,2025-10-21 15:53:00,饿了么支付-在线支付,,预约单,2025-10-21 17:05:00,27.20,自动出餐,1,否,"新奥尔良烤鸡肉披萨-7英寸[{""name"":""规格"",""value"":""7英寸""}]（28.90*1）,新奥尔良烤鸡肉披萨-12英寸[{""name"":""规格"",""value"":""12英寸""}]（58.90*1）,餐盒（2.00*1）",新奥尔良烤鸡肉披萨+新奥尔良烤鸡肉披萨,,,,非会员,8,,,"对骑手, 不要打电话，放学校南门门卫门口 / 依据餐量提供餐具",,87.80,54.52,10.00,0.00,0,0,7.18,0.00,6.00,【活动支出】店铺满减:5.00元+【活动支出】饿了么红包:5.00元+【活动支出】替用户承担配送费:6.0元,-,-,-,2.00,江苏区域,江苏直营店,,,否,-,平台配送
圣比萨·披萨·炸鸡（滨海一店）,SBM00002,盐城,"8072736088544961880	",饿了么,平台外卖,已完成,2025-10-21 17:00:19,2025-10-21 17:00:19,2025-10-21 17:00:19,饿了么支付-在线支付,,即时单,2025-10-21 17:00:19,10.00,自动出餐,1,否,七寸培根披萨-单点（15.40*1）,培根披萨【7英寸(手拍)】,,,,非会员,9,,,依据餐量提供餐具,,15.40,9.90,0.00,0.00,0,0,0.00,0.00,,【活动支出】单品优惠:0.00元,-,-,-,0.00,江苏区域,江苏直营店,,,否,-,平台配送
圣比萨·披萨·炸鸡（滨海一店）,SBM00002,盐城,"8082320254563470732	",饿了么,平台外卖,已完成,2025-10-21 17:17:42,2025-10-21 17:17:42,2025-10-21 17:17:42,饿了么支付-在线支付,,即时单,2025-10-21 17:17:42,10.05,自动出餐,1,否,"免费送小吃（每单限一份）[上校鸡块2个]（0.00*1）,新奥尔良烤鸡肉披萨-9英寸[{""name"":""规格"",""value"":""9英寸""}]（36.90*1）,蛋挞一个（原味）（6.90*1）,餐盒（1.50*1）",上校鸡块2个+新奥尔良烤鸡肉披萨+蛋挞1个,,,,非会员,10,,,依据餐量提供餐具,,43.80,18.07,11.91,0.00,0,0,3.62,0.00,6.00,【活动支出】店铺满减:1.00元+【活动支出】单品特价:5.91元+【活动支出】饿了么红包:5.00元+【活动支出】替用户承担配送费:6.0元,-,-,-,1.50,江苏区域,江苏直营店,,,否,-,平台配送
圣比萨·披萨·炸鸡（滨海一店）,SBM00002,盐城,"8093320254646900153	",饿了么,平台外卖,已完成,2025-10-21 17:27:28,2025-10-21 17:27:28,2025-10-21 17:27:28,饿了么支付-在线支付,,即时单,2025-10-21 17:27:28,10.18,自动出餐,1,否,七寸培根披萨-单点（15.40*1）,培根披萨【7英寸(手拍)】,,,,非会员,11,,,依据餐量提供餐具,,15.40,9.90,0.00,0.00,0,0,0.00,0.00,,【活动支出】单品优惠:0.00元,-,-,-,0.00,江苏区域,江苏直营店,,,否,-,平台配送
圣比萨·披萨·炸鸡（滨海一店）,SBM00002,盐城,"8029160254668510487	",饿了么,平台外卖,已完成,2025-10-21 17:56:41,2025-10-21 17:56:41,2025-10-21 17:56:42,饿了么支付-在线支付,,即时单,2025-10-21 17:56:41,12.03,自动出餐,1,否,"新奥尔良烤鸡肉披萨-7英寸[{""name"":""规格"",""value"":""7英寸""}]（28.90*1）,餐盒（1.00*1）",新奥尔良烤鸡肉披萨,,,,非会员,12,,,依据餐量提供餐具,,28.90,11.91,8.00,0.00,0,0,2.39,0.00,5.00,【活动支出】订单集点返红包:3.00元+【活动支出】饿了么红包:5.00元+【活动支出】替用户承担配送费:5.0元,-,-,-,1.00,江苏区域,江苏直营店,,,否,-,平台配送
圣比萨·披萨·炸鸡（滨海一店）,SBM00002,盐城,"8091220254831739365	",饿了么,平台外卖,已完成,2025-10-21 19:49:43,2025-10-21 19:49:43,2025-10-21 19:49:43,饿了么支付-在线支付,,即时单,2025-10-21 19:49:43,10.20,自动出餐,1,否,"碳烤鸡肉培根披萨-9英寸(手拍)[{""name"":""规格"",""value"":""9英寸(手拍)""}]（36.90*1）,餐盒（1.00*1）",碳烤鸡肉培根披萨,,,,非会员,13,,,依据餐量提供餐具,,36.90,18.82,7.00,0.00,0,0,3.03,0.00,5.00,【活动支出】店铺满减:1.00元+【活动支出】粉丝群:1.00元+【活动支出】饿了么红包:5.00元+【活动支出】替用户承担配送费:5.0元,-,-,-,1.00,江苏区域,江苏直营店,,,否,-,平台配送
圣比萨·披萨·炸鸡（滨海一店）,SBM00002,盐城,"8068490254760539471	",饿了么,平台外卖,已完成,2025-10-21 20:30:25,2025-10-21 20:30:25,2025-10-21 20:30:25,饿了么支付-在线支付,,即时单,2025-10-21 20:30:25,10.05,自动出餐,1,否,七寸培根披萨-单点（15.40*1）,培根披萨【7英寸(手拍)】,,,,非会员,14,,,依据餐量提供餐具,,15.40,9.90,0.00,0.00,0,0,0.00,0.00,,【活动支出】单品优惠:0.00元,-,-,-,0.00,江苏区域,江苏直营店,,,否,-,平台配送
圣比萨·披萨·炸鸡（滨海一店）,SBM00002,盐城,"8006526088655389994	",饿了么,平台外卖,已完成,2025-10-21 21:33:22,2025-10-21 21:33:22,2025-10-21 21:33:22,饿了么支付-在线支付,,即时单,2025-10-21 21:33:22,10.13,自动出餐,1,否,"新奥尔良烤鸡肉披萨-7英寸[{""name"":""规格"",""value"":""7英寸""}]（28.90*1）,餐盒（1.00*1）",新奥尔良烤鸡肉披萨,,,,非会员,15,,,依据餐量提供餐具,,28.90,14.41,5.00,0.00,0,0,2.39,0.00,5.00,【活动支出】饿了么红包:5.00元+【活动支出】替用户承担配送费:5.0元,-,-,-,1.00,江苏区域,江苏直营店,,,否,-,平台配送
圣比萨·披萨·炸鸡（滨海一店）,SBM00002,盐城,"8066906088671400411	",饿了么,平台外卖,已完成,2025-10-21 21:48:24,2025-10-21 21:48:24,2025-10-21 21:48:24,饿了么支付-在线支付,,即时单,2025-10-21 21:48:24,10.08,自动出餐,1,否,"缤纷水果披萨-7英寸(手拍)[{""name"":""规格"",""value"":""7英寸(手拍)""}]（26.90*1）,免费送小吃（每单限一份）[上校鸡块2个]（0.00*1）,蛋挞一个（原味）（6.90*1）,餐盒（0.50*1）",缤纷水果披萨+上校鸡块2个+蛋挞1个,,,,非会员,16,,,2份餐具,,33.80,7.15,14.51,0.00,0,0,2.74,0.00,6.00,【活动支出】单品特价:8.60元+【活动支出】单品特价:5.91元+【活动支出】替用户承担配送费:6.0元,-,-,-,0.50,江苏区域,江苏直营店,,,否,-,平台配送
圣比萨·披萨·炸鸡（滨海一店）,SBM00002,盐城,"8012080254798723462	",饿了么,平台外卖,已完成,2025-10-21 22:32:05,2025-10-21 22:32:05,2025-10-21 22:32:05,饿了么支付-在线支付,,即时单,2025-10-21 22:32:05,10.17,自动出餐,1,否,"免费送小吃（每单限一份）[上校鸡块2个]（0.00*1）,新奥尔良烤鸡肉披萨-7英寸[{""name"":""规格"",""value"":""7英寸""}]（28.90*1）,经典薯条（7.00*1）,餐盒（1.50*1）",上校鸡块2个+新奥尔良烤鸡肉披萨+经典薯条,,,,非会员,17,,,依据餐量提供餐具,,35.90,18.86,6.00,0.00,0,0,2.99,0.00,6.00,【活动支出】店铺满减:1.00元+【活动支出】饿了么红包:5.00元+【活动支出】替用户承担配送费:6.0元,-,-,-,1.50,江苏区域,江苏直营店,,,否,-,平台配送
圣比萨·披萨·炸鸡（滨海一店）,SBM00002,盐城,"8038480254797605262	",饿了么,平台外卖,已完成,2025-10-21 22:51:28,2025-10-21 22:51:28,2025-10-21 22:51:28,饿了么支付-在线支付,,即时单,2025-10-21 22:51:28,10.17,自动出餐,1,否,"爆浆榴莲披萨（48.00*1）,餐盒（1.00*1）",奶油奶酪榴莲流心披萨,,,,非会员,18,,,依据餐量提供餐具,,48.00,27.98,6.00,0.00,0,0,3.92,0.00,6.00,【活动支出】店铺满减:1.00元+【活动支出】超会爆红包省钱包:5.00元+【活动支出】替用户承担配送费:6.0元,-,-,-,1.00,江苏区域,江苏直营店,,,否,-,平台配送
圣比萨·披萨·炸鸡（滨海一店）,SBM00002,盐城,"8024776088652612048	",饿了么,平台外卖,已完成,2025-10-21 22:52:35,2025-10-21 22:52:35,2025-10-21 22:52:35,饿了么支付-在线支付,,即时单,2025-10-21 22:52:35,10.23,自动出餐,1,否,"新奥尔良烤鸡肉披萨-7英寸[{""name"":""规格"",""value"":""7英寸""}]（28.90*1）,餐盒（1.00*1）",新奥尔良烤鸡肉披萨,,,,非会员,19,,,无需餐具,,28.90,14.41,5.00,0.00,0,0,2.39,0.00,6.00,【活动支出】饿了么红包:5.00元+【活动支出】替用户承担配送费:6.0元,-,-,-,1.00,江苏区域,江苏直营店,,,否,-,平台配送
圣比萨·披萨·炸鸡（滨海一店）,SBM00002,盐城,"8037716088671402272	",饿了么,平台外卖,已完成,2025-10-21 23:08:32,2025-10-21 23:08:32,2025-10-21 23:08:32,饿了么支付-在线支付,,即时单,2025-10-21 23:08:32,10.05,自动出餐,1,否,手握三选一-单点[缤纷水果]（15.50*1）,热带雨林水果一人食盒子披萨,,,,非会员,20,,,到门口拍张照就可以 / 依据餐量提供餐具,,15.50,10.00,0.00,0.00,0,0,0.00,0.00,,【活动支出】单品优惠:0.00元,-,-,-,0.00,江苏区域,江苏直营店,,,否,-,平台配送
圣比萨·披萨·炸鸡（滨海一店）,SBM00002,盐城,"8042536088708050221	",饿了么,平台外卖,已完成,2025-10-21 23:16:58,2025-10-21 23:16:58,2025-10-21 23:16:58,饿了么支付-在线支付,,即时单,2025-10-21 23:16:58,10.02,自动出餐,1,否,"免费送小吃（每单限一份）[上校鸡块2个]（0.00*1）,新奥尔良烤鸡肉披萨-9英寸[{""name"":""规格"",""value"":""9英寸""}]（36.90*2）,经典薯条（7.00*1）,餐盒（2.50*1）",上校鸡块2个+新奥尔良烤鸡肉披萨+经典薯条,,,,非会员,21,,,5份餐具,,80.80,51.94,8.00,0.00,0,0,6.66,0.00,6.00,【活动支出】店铺满减:3.00元+【活动支出】饿了么红包:5.00元+【活动支出】替用户承担配送费:6.0元,-,-,-,2.50,江苏区域,江苏直营店,,,否,-,平台配送
圣比萨（龙港龙跃店）,SBS00010,温州,"8041656088387264881	",饿了么,平台外卖,已完成,2025-10-21 11:48:31,2025-10-21 11:48:31,2025-10-21 11:48:31,饿了么支付-在线支付,,即时单,2025-10-21 11:48:31,12.22,自动出餐,1,否,"红薯薯泥流心卷边（9英寸）（6.90*1）,大圣招牌大满贯披萨-9英寸(经典手拍)[{""name"":""规格"",""value"":""9英寸(经典手拍)""}]（78.00*1）,餐盒（2.00*1）",红薯泥流心卷边9+大圣招牌大满贯披萨,,,,非会员,1,,,依据餐量提供餐具,,84.90,36.38,36.10,0.00,0,0,4.97,0.00,3.50,【活动支出】店铺满减:2.00元+【活动支出】单品特价:28.10元+【活动支出】超级会员专享红包:5.00元+【活动支出】 商家自营销加码:1.00元+【活动支出】替用户承担配送费:3.5元,-,-,-,2.00,温州区域,温州直营,,,否,-,平台配送
圣比萨（龙港龙跃店）,SBS00010,温州,"8005716088466536766	",饿了么,平台外卖,已完成,2025-10-21 12:48:48,2025-10-21 12:48:48,2025-10-21 12:48:49,饿了么支付-在线支付,,即时单,2025-10-21 12:48:48,12.12,自动出餐,1,否,"【任选】披萨随心配（36.80*1）,蛋挞一个（原味）（3.90*1）,餐盒（3.00*1）",小薯条+可乐+不加一+不加一+缤纷水果披萨(7英寸(手拍))+蛋挞1个,,,,非会员,2,,,给多点 / 1份餐具,,40.70,21.32,12.41,0.00,0,0,2.92,0.00,4.00,【活动支出】店铺满减:1.00元+【活动支出】单品特价:2.91元+【活动支出】饿了么红包:8.50元+【活动支出】替用户承担配送费:4.0元,-,-,-,3.00,温州区域,温州直营,,,否,-,平台配送
圣比萨（龙港龙跃店）,SBS00010,温州,"8059696088441727382	",饿了么,平台外卖,已完成,2025-10-21 13:28:03,2025-10-21 13:28:03,2025-10-21 13:28:04,饿了么支付-在线支付,,即时单,2025-10-21 13:28:03,12.00,自动出餐,1,否,"【随心❤️拼】7英寸双拼披萨(口味自选）[玉米沙拉+培根鸡肉]（26.90*1）,蛋挞一个（原味）（3.90*1）,餐盒（3.00*1）",双拼7寸【玉米沙拉口味7】+双拼7寸【碳烤鸡肉培根口味7】+蛋挞1个,,,,非会员,3,,,依据餐量提供餐具,,30.80,12.46,7.91,0.00,0,0,1.68,0.00,9.90,【活动支出】单品特价:2.91元+【活动支出】饿了么红包:5.00元+【活动支出】替用户承担配送费:5.0元,-,-,-,3.00,温州区域,温州直营,,,否,-,平台配送
圣比萨（龙港龙跃店）,SBS00010,温州,"8048460254522684881	",饿了么,平台外卖,已完成,2025-10-21 15:52:02,2025-10-21 15:52:02,2025-10-21 15:52:02,饿了么支付-在线支付,,即时单,2025-10-21 15:52:02,10.12,自动出餐,1,否,"【任选】买一送一7英寸披萨（51.80*1）,雀巢牛奶[热]（8.00*2）,餐盒（2.00*1）",玉米沙拉披萨(7英寸(手拍))+榴莲王披萨(7英寸(手拍))+雀巢牛奶,,,,非会员,4,,,3份餐具,,67.80,36.83,18.00,0.00,0,0,5.12,0.00,5.00,【活动支出】店铺满减:6.00元+【活动支出】饿了么红包:12.00元+【活动支出】替用户承担配送费:5.0元,-,-,-,2.00,温州区域,温州直营,,,否,-,平台配送
圣比萨（龙港龙跃店）,SBS00010,温州,"8021536088511160698	",饿了么,平台外卖,已完成,2025-10-21 16:23:23,2025-10-21 16:23:23,2025-10-21 16:23:23,饿了么支付-在线支付,,即时单,2025-10-21 16:23:23,10.20,自动出餐,1,否,"金牌芝士披萨-7英寸(经典手拍)[{""name"":""规格"",""value"":""7英寸(经典手拍)""}]（23.90*1）,餐盒（2.00*1）",芝士条,,,,非会员,5,,,2份餐具,,23.90,11.88,7.00,0.00,0,0,1.67,0.00,3.50,【活动支出】 商家自营销加码:2.00元+【活动支出】饿了么红包:5.00元+【活动支出】替用户承担配送费:3.5元,-,-,-,2.00,温州区域,温州直营,,,否,-,平台配送
圣比萨（龙港龙跃店）,SBS00010,温州,"8011470254652595550	",饿了么,平台外卖,已完成,2025-10-21 16:46:27,2025-10-21 16:46:27,2025-10-21 16:46:27,饿了么支付-在线支付,,即时单,2025-10-21 16:46:27,10.22,自动出餐,1,否,"缤纷水果披萨-7英寸(手拍)[{""name"":""规格"",""value"":""7英寸(手拍)""}]（42.00*1）",缤纷水果披萨,,,,非会员,6,,,依据餐量提供餐具,,42.00,11.34,23.70,0.00,0,0,1.61,0.00,3.50,【活动支出】单品特价:23.70元+【活动支出】替用户承担配送费:3.5元,-,-,-,0.00,温州区域,温州直营,,,否,-,平台配送
圣比萨（龙港龙跃店）,SBS00010,温州,"8012070254671754636	",饿了么,平台外卖,已完成,2025-10-21 17:59:25,2025-10-21 17:59:25,2025-10-21 17:59:26,饿了么支付-在线支付,,即时单,2025-10-21 17:59:25,12.18,自动出餐,1,否,"【任选5件套】披萨意面我全都要（67.70*1）,餐盒（2.00*1）",明星小食桶C+缤纷水果披萨(7英寸(手拍))+雀巢牛奶+港式奶茶+番茄牛肉意面,,,,非会员,7,,,依据餐量提供餐具,,67.70,36.74,18.00,0.00,0,0,5.11,0.00,4.50,【活动支出】店铺满减:6.00元+【活动支出】饿了么红包:12.00元+【活动支出】替用户承担配送费:4.5元,-,-,-,2.00,温州区域,温州直营,,,否,-,平台配送
圣比萨（龙港龙跃店）,SBS00010,温州,"8049586088570593604	",饿了么,平台外卖,已完成,2025-10-21 18:07:12,2025-10-21 18:07:12,2025-10-21 18:07:12,饿了么支付-在线支付,,即时单,2025-10-21 18:07:12,12.05,自动出餐,1,否,"新奥尔良烤鸡肉披萨-7英寸(手拍)[{""name"":""规格"",""value"":""7英寸(手拍)""}]（23.90*1）,餐盒（2.00*1）",新奥尔良烤鸡肉披萨,,,,非会员,8,,,依据餐量提供餐具,,23.90,11.88,7.00,0.00,0,0,1.67,0.00,3.50,【活动支出】饿了么红包:7.00元+【活动支出】替用户承担配送费:3.5元,-,-,-,2.00,温州区域,温州直营,,,否,-,平台配送
圣比萨（龙港龙跃店）,SBS00010,温州,"8082536088615100866	",饿了么,平台外卖,已完成,2025-10-21 18:16:14,2025-10-21 18:16:14,2025-10-21 18:16:14,饿了么支付-在线支付,,即时单,2025-10-21 18:16:14,12.05,自动出餐,1,否,"大圣招牌大满贯披萨-9英寸(经典手拍)[{""name"":""规格"",""value"":""9英寸(经典手拍)""}]（78.00*1）,奶酪芝士卷边（9英寸）（6.90*1）,餐盒（2.00*1）",大圣招牌大满贯披萨+奶酪芝士卷边9,,,,非会员,9,,,依据餐量提供餐具,,84.90,35.94,37.10,0.00,0,0,4.91,0.00,3.50,【活动支出】店铺满减:1.00元+【活动支出】单品特价:28.10元+【活动支出】饿了么红包:8.00元+【活动支出】替用户承担配送费:3.5元,-,-,-,2.00,温州区域,温州直营,,,否,-,平台配送
圣比萨（龙港龙跃店）,SBS00010,温州,"8075480254785582362	",饿了么,平台外卖,已完成,2025-10-21 18:19:02,2025-10-21 18:19:02,2025-10-21 18:19:03,饿了么支付-在线支付,,即时单,2025-10-21 18:19:02,12.08,自动出餐,1,否,"大圣招牌大满贯披萨-7英寸(经典手拍)[{""name"":""规格"",""value"":""7英寸(经典手拍)""}]（45.00*1）",大圣招牌大满贯披萨,,,,非会员,10,,,依据餐量提供餐具,,45.00,14.32,21.70,0.00,0,0,2.13,0.00,4.50,【活动支出】单品特价:21.70元+【活动支出】替用户承担配送费:4.5元,-,-,-,0.00,温州区域,温州直营,,,否,-,平台配送
圣比萨（龙港龙跃店）,SBS00010,温州,"8059776088591382792	",饿了么,平台外卖,已完成,2025-10-21 18:19:42,2025-10-21 18:19:42,2025-10-21 18:19:42,饿了么支付-在线支付,,即时单,2025-10-21 18:19:42,12.20,自动出餐,1,否,"新奥尔良烤鸡肉披萨-7英寸(手拍)[{""name"":""规格"",""value"":""7英寸(手拍)""}]（23.90*2）,缤纷水果披萨-7英寸(手拍)[{""name"":""规格"",""value"":""7英寸(手拍)""}]（42.00*1）,餐盒（6.00*1）",新奥尔良烤鸡肉披萨+缤纷水果披萨,,,,非会员,11,,,3份餐具,,89.80,45.39,34.10,0.00,0,0,6.16,0.00,3.50,【活动支出】店铺满减:6.00元+【活动支出】单品特价:16.10元+【活动支出】饿了么红包:12.00元+【活动支出】替用户承担配送费:3.5元,-,-,-,6.00,温州区域,温州直营,,,否,-,平台配送
圣比萨（龙港龙跃店）,SBS00010,温州,"8039846088622766494	",饿了么,平台外卖,已完成,2025-10-21 19:07:26,2025-10-21 19:07:26,2025-10-21 19:07:27,饿了么支付-在线支付,,即时单,2025-10-21 19:07:26,12.10,自动出餐,1,否,"【任选】披萨随心配（40.80*1）,餐盒（2.00*1）",地道肠1根+可乐+奥尔良烤翅+不加一+缤纷水果披萨(7英寸(手拍)),,,,非会员,12,,,依据餐量提供餐具,,40.80,20.44,13.00,0.00,0,0,2.81,0.00,3.50,【活动支出】店铺满减:1.00元+【活动支出】饿了么红包:12.00元+【活动支出】替用户承担配送费:3.5元,-,-,-,2.00,温州区域,温州直营,,,否,-,平台配送
圣比萨（龙港龙跃店）,SBS00010,温州,"8054616088642483482	",饿了么,平台外卖,已完成,2025-10-21 19:12:32,2025-10-21 19:12:32,2025-10-21 19:12:33,饿了么支付-在线支付,,即时单,2025-10-21 19:12:32,12.17,自动出餐,1,否,"雀巢牛奶[热]（8.00*1）,缤纷水果披萨-7英寸(手拍)[{""name"":""规格"",""value"":""7英寸(手拍)""}]（42.00*1）,餐盒（2.00*1）",雀巢牛奶+缤纷水果披萨,,,,非会员,13,,,依据餐量提供餐具,,50.00,16.14,24.10,0.00,0,0,2.61,0.00,6.80,【活动支出】单品特价:16.10元+【活动支出】饿了么红包:8.00元+【活动支出】替用户承担配送费:6.0元,-,-,-,2.00,温州区域,温州直营,,,否,-,平台配送
圣比萨（龙港龙跃店）,SBS00010,温州,"8041400254818259220	",饿了么,平台外卖,已完成,2025-10-21 19:16:19,2025-10-21 19:16:19,2025-10-21 19:16:19,饿了么支付-在线支付,,即时单,2025-10-21 19:16:19,12.00,自动出餐,1,否,"可乐[冷]（6.00*1）,大圣招牌大满贯披萨-9英寸(经典手拍)[{""name"":""规格"",""value"":""9英寸(经典手拍)""}]（78.00*1）,明星小食桶A（14.90*1）,餐盒（3.00*1）",可乐+大圣招牌大满贯披萨+明星小食桶A,,,,非会员,14,,,依据餐量提供餐具,,98.90,40.71,46.10,0.00,0,0,5.54,0.00,3.50,【活动支出】店铺满减:6.00元+【活动支出】单品特价:28.10元+【活动支出】饿了么红包:12.00元+【活动支出】替用户承担配送费:3.5元,-,-,-,3.00,温州区域,温州直营,,,否,-,平台配送
圣比萨（龙港龙跃店）,SBS00010,温州,"8051846088592483799	",饿了么,平台外卖,已完成,2025-10-21 19:33:38,2025-10-21 19:33:38,2025-10-21 19:33:38,饿了么支付-在线支付,,即时单,2025-10-21 19:33:38,10.02,自动出餐,1,否,"缤纷水果披萨-9英寸(手拍)[{""name"":""规格"",""value"":""9英寸(手拍)""}]（75.00*1）,奶酪芝士卷边（9英寸）（6.90*1）",缤纷水果披萨+奶酪芝士卷边9,,,,非会员,15,,,依据餐量提供餐具,,81.90,19.79,47.50,0.00,0,0,2.36,0.00,9.60,【活动支出】单品特价:47.50元+【活动支出】替用户承担配送费:6.0元,-,-,-,0.00,温州区域,温州直营,,,否,-,平台配送
圣比萨（龙港龙跃店）,SBS00010,温州,"8031070254743331203	",饿了么,平台外卖,已完成,2025-10-21 19:33:41,2025-10-21 19:33:41,2025-10-21 19:33:41,饿了么支付-在线支付,,即时单,2025-10-21 19:33:41,10.08,自动出餐,1,否,"【随心❤️拼】9英寸双拼披萨(口味自选)[日系照烧+日系照烧]（41.90*1）,餐盒（2.00*1）",双拼9寸【日系照烧口味9】+双拼9寸【日系照烧口味9】,,,,非会员,16,,,依据餐量提供餐具,,41.90,21.20,9.00,0.00,0,0,3.35,0.00,6.80,【活动支出】店铺满减:1.00元+【活动支出】 商家自营销加码:0.00元+【活动支出】饿了么红包:8.00元+【活动支出】替用户承担配送费:6.0元,-,-,-,2.00,温州区域,温州直营,,,否,-,平台配送
圣比萨（龙港龙跃店）,SBS00010,温州,"8066776088609540607	",饿了么,平台外卖,已完成,2025-10-21 20:09:12,2025-10-21 20:09:12,2025-10-21 20:09:12,饿了么支付-在线支付,,即时单,2025-10-21 20:09:12,10.03,自动出餐,1,否,招牌肉酱意面（52.00*1）,招牌肉酱意面,,,,非会员,17,,,依据餐量提供餐具,,52.00,13.22,31.60,0.00,0,0,1.83,0.00,3.50,【活动支出】单品特价:31.60元+【活动支出】替用户承担配送费:3.5元,-,-,-,0.00,温州区域,温州直营,,,否,-,平台配送
圣比萨（龙港龙跃店）,SBS00010,温州,"8038200254739021154	",饿了么,平台外卖,已完成,2025-10-21 20:11:36,2025-10-21 20:11:36,2025-10-21 20:11:36,饿了么支付-在线支付,,即时单,2025-10-21 20:11:36,10.20,自动出餐,1,否,"可乐[冷]（6.00*1）,新奥尔良烤鸡肉披萨-7英寸(手拍)[{""name"":""规格"",""value"":""7英寸(手拍)""}]（23.90*1）,奶酪芝士卷边（7英寸）（4.90*1）,餐盒（2.00*1）",可乐+新奥尔良烤鸡肉披萨+奶酪芝士卷边7,,,,非会员,18,,,多辣 / 依据餐量提供餐具,,34.80,18.64,8.00,0.00,0,0,2.71,0.00,4.50,【活动支出】饿了么红包:8.00元+【活动支出】替用户承担配送费:4.5元,-,-,-,2.00,温州区域,温州直营,,,否,-,平台配送
圣比萨（龙港龙跃店）,SBS00010,温州,"8086626088621361496	",饿了么,平台外卖,已完成,2025-10-21 20:27:12,2025-10-21 20:27:12,2025-10-21 20:27:12,饿了么支付-在线支付,,即时单,2025-10-21 20:27:12,10.12,自动出餐,1,否,"榴莲王披萨-7英寸（经典手拍)[{""name"":""规格"",""value"":""7英寸（经典手拍)""}]（52.00*1）",榴莲王披萨,,,,非会员,19,,,1份餐具,用户申请取消单 其他原因，,52.00,21.15,21.40,0.00,0,0,2.90,0.00,3.50,【活动支出】单品特价:21.40元+【活动支出】替用户承担配送费:3.5元,-,-,-,0.00,温州区域,温州直营,,,否,-,平台配送
圣比萨（龙港龙跃店）,SBS00010,温州,"8099040254669763935	",饿了么,平台外卖,已完成,2025-10-21 20:58:58,2025-10-21 20:58:58,2025-10-21 20:58:58,饿了么支付-在线支付,,即时单,2025-10-21 20:58:58,10.15,自动出餐,1,否,"薯饼3个（6.90*1）,【任选】披萨随心配（46.70*1）,餐盒（3.00*1）",薯饼+地道肠1根+可乐+香烤鸡翅(2只)+缤纷芝士挞(菠萝味)+新奥尔良烤鸡肉披萨(7英寸(手拍)),,,,非会员,20,,,依据餐量提供餐具,,53.60,25.30,13.00,0.00,0,0,3.05,0.00,11.10,【活动支出】店铺满减:1.00元+【活动支出】饿了么红包:12.00元+【活动支出】替用户承担配送费:6.0元,-,-,-,3.00,温州区域,温州直营,,,否,-,平台配送
圣比萨（龙港龙跃店）,SBS00010,温州,"8087596088655953337	",饿了么,平台外卖,已完成,2025-10-21 21:00:14,2025-10-21 21:00:14,2025-10-21 21:00:14,饿了么支付-在线支付,,即时单,2025-10-21 21:00:14,10.18,自动出餐,1,否,"金牌芝士披萨-9英寸(经典手拍)[{""name"":""规格"",""value"":""9英寸(经典手拍)""}]（39.90*1）,餐盒（2.00*1）",芝士条,,,,非会员,21,,,放鞋柜上 / 依据餐量提供餐具,,39.90,19.13,13.00,0.00,0,0,2.72,0.00,3.50,【活动支出】店铺满减:1.00元+【活动支出】饿了么红包:12.00元+【活动支出】替用户承担配送费:3.5元,-,-,-,2.00,温州区域,温州直营,,,否,-,平台配送
圣比萨（龙港龙跃店）,SBS00010,温州,"8029966088629243295	",饿了么,平台外卖,已完成,2025-10-21 21:06:53,2025-10-21 21:06:53,2025-10-21 21:06:53,饿了么支付-在线支付,,即时单,2025-10-21 21:06:53,10.00,自动出餐,1,否,"缤纷水果披萨-9英寸(手拍)[{""name"":""规格"",""value"":""9英寸(手拍)""}]（75.00*1）,红薯薯泥流心卷边（9英寸）（6.90*1）,经典薯条（8.90*1）,餐盒（1.00*1）",缤纷水果披萨+红薯泥流心卷边9+经典薯条,,,,非会员,22,,,依据餐量提供餐具,,90.80,29.31,47.50,0.00,0,0,4.34,0.00,7.70,【活动支出】单品特价:47.50元+【活动支出】替用户承担配送费:6.0元,-,-,-,1.00,温州区域,温州直营,,,否,-,平台配送
圣比萨（龙港龙跃店）,SBS00010,温州,"8073886088653799696	",饿了么,平台外卖,已完成,2025-10-21 21:19:05,2025-10-21 21:19:05,2025-10-21 21:19:05,饿了么支付-在线支付,,即时单,2025-10-21 21:19:05,10.03,自动出餐,1,否,"缤纷水果披萨-7英寸(手拍)[{""name"":""规格"",""value"":""7英寸(手拍)""}]（42.00*1）",缤纷水果披萨,,,,非会员,23,,,依据餐量提供餐具,,42.00,10.84,23.70,0.00,0,0,1.61,0.00,5.60,【活动支出】单品特价:23.70元+【活动支出】替用户承担配送费:5.6元,-,-,-,0.00,温州区域,温州直营,,,否,-,平台配送
圣比萨（龙港龙跃店）,SBS00010,温州,"8087280254762976703	",饿了么,平台外卖,已完成,2025-10-21 21:29:10,2025-10-21 21:29:10,2025-10-21 21:29:11,饿了么支付-在线支付,,即时单,2025-10-21 21:29:10,10.02,自动出餐,1,否,"【任选】披萨随心配（40.70*1）,餐盒（2.00*1）",小薯条+可乐+不加一+不加一+炙热牛魔王披萨(7英寸(手拍)),,,,非会员,24,,,依据餐量提供餐具,,40.70,21.93,9.00,0.00,0,0,3.22,0.00,7.10,【活动支出】店铺满减:1.00元+【活动支出】超级会员专享红包:8.00元+【活动支出】 商家自营销加码:0.00元+【活动支出】替用户承担配送费:6.0元,-,-,-,2.00,温州区域,温州直营,,,否,-,平台配送
圣比萨（龙港龙跃店）,SBS00010,温州,"8041200254758803759	",饿了么,平台外卖,已完成,2025-10-21 21:32:22,2025-10-21 21:32:22,2025-10-21 21:32:22,饿了么支付-在线支付,,即时单,2025-10-21 21:32:22,10.00,自动出餐,1,否,"【任选】披萨随心配（37.80*1）,餐盒（2.00*1）",小薯条+可乐+金丝鸡排+不加一+碳烤鸡肉培根披萨(7英寸(手拍)),,,,非会员,25,,,1份餐具,,37.80,20.83,9.00,0.00,0,0,2.92,0.00,5.60,【活动支出】店铺满减:1.00元+【活动支出】饿了么红包:8.00元+【活动支出】替用户承担配送费:5.6元,-,-,-,2.00,温州区域,温州直营,,,否,-,平台配送
圣比萨（龙港龙跃店）,SBS00010,温州,"8080220254764946705	",饿了么,平台外卖,已完成,2025-10-21 21:36:14,2025-10-21 21:36:14,2025-10-21 21:36:14,饿了么支付-在线支付,,即时单,2025-10-21 21:36:14,10.02,自动出餐,1,否,"新奥尔良烤鸡肉披萨-7英寸(手拍)[{""name"":""规格"",""value"":""7英寸(手拍)""}]（23.90*1）,蛋挞一个（原味）（3.90*1）,餐盒（3.00*1）",新奥尔良烤鸡肉披萨+蛋挞1个,,,,非会员,26,,,1份餐具,,27.80,13.16,9.91,0.00,0,0,1.88,0.00,6.10,【活动支出】单品特价:2.91元+【活动支出】 商家自营销加码:2.00元+【活动支出】饿了么红包:5.00元+【活动支出】替用户承担配送费:6.0元,-,-,-,3.00,温州区域,温州直营,,,否,-,平台配送
圣比萨（龙港龙跃店）,SBS00010,温州,"8085596088656821530	",饿了么,平台外卖,已完成,2025-10-21 21:49:42,2025-10-21 21:49:42,2025-10-21 21:49:42,饿了么支付-在线支付,,即时单,2025-10-21 21:49:42,10.22,自动出餐,1,否,"大圣招牌大满贯披萨-9英寸(经典手拍)[{""name"":""规格"",""value"":""9英寸(经典手拍)""}]（78.00*1）",大圣招牌大满贯披萨,,,,非会员,27,,,无需餐具,,78.00,23.99,43.00,0.00,0,0,3.36,0.00,5.60,【活动支出】单品特价:43.00元+【活动支出】替用户承担配送费:5.6元,-,-,-,0.00,温州区域,温州直营,,,否,-,平台配送
圣比萨（龙港龙跃店）,SBS00010,温州,"8010596088659566935	",饿了么,平台外卖,已完成,2025-10-21 21:56:27,2025-10-21 21:56:27,2025-10-21 21:56:28,饿了么支付-在线支付,,即时单,2025-10-21 21:56:27,10.23,自动出餐,1,否,"新奥尔良烤鸡肉披萨-7英寸(手拍)[{""name"":""规格"",""value"":""7英寸(手拍)""}]（23.90*1）,蛋挞一个（原味）（3.90*1）,餐盒（3.00*1）",新奥尔良烤鸡肉披萨+蛋挞1个,,,,非会员,28,,,依据餐量提供餐具,,27.80,13.16,9.91,0.00,0,0,1.88,0.00,6.10,【活动支出】单品特价:2.91元+【活动支出】饿了么红包:7.00元+【活动支出】替用户承担配送费:6.0元,-,-,-,3.00,温州区域,温州直营,,,否,-,平台配送
圣比萨（龙港龙跃店）,SBS00010,温州,"8029996088707462585	",饿了么,平台外卖,已完成,2025-10-21 22:57:01,2025-10-21 22:57:01,2025-10-21 22:57:01,饿了么支付-在线支付,,即时单,2025-10-21 22:57:01,10.07,自动出餐,1,否,"金牌芝士披萨-7英寸(经典手拍)[{""name"":""规格"",""value"":""7英寸(经典手拍)""}]（23.90*1）,奶酪芝士卷边（7英寸）（4.90*1）,餐盒（2.00*1）",芝士条+奶酪芝士卷边7,,,,非会员,29,,,依据餐量提供餐具,,28.80,15.17,7.00,0.00,0,0,2.18,0.00,5.60,【活动支出】饿了么红包:7.00元+【活动支出】替用户承担配送费:5.6元,-,-,-,2.00,温州区域,温州直营,,,否,-,平台配送
圣比萨（龙港龙跃店）,SBS00010,温州,"8069896088715083053	",饿了么,平台外卖,已完成,2025-10-21 23:34:40,2025-10-21 23:34:40,2025-10-21 23:34:40,饿了么支付-在线支付,,即时单,2025-10-21 23:34:40,10.00,自动出餐,1,否,"【任选】披萨随心配（38.80*1）,蛋挞一个（原味）（3.90*1）,餐盒（3.00*1）",小薯条+可乐+不加一+不加一+榴莲王披萨(7英寸(手拍))+蛋挞1个,,,,非会员,30,,,依据餐量提供餐具,,42.70,21.71,12.91,0.00,0,0,3.13,0.00,7.10,【活动支出】店铺满减:1.00元+【活动支出】单品特价:2.91元+【活动支出】饿了么红包:9.00元+【活动支出】替用户承担配送费:6.0元,-,-,-,3.00,温州区域,温州直营,,,否,-,平台配送
圣比萨（龙港龙跃店）,SBS00010,温州,"8098926088659169624	",饿了么,平台外卖,已完成,2025-10-21 23:45:56,2025-10-21 23:45:56,2025-10-21 23:45:56,饿了么支付-在线支付,,即时单,2025-10-21 23:45:56,10.10,自动出餐,1,否,"榴莲多多薄脆披萨-单层[{""name"":""规格"",""value"":""单层""}]（45.90*1）,餐盒（2.00*1）",榴莲多多薄脆披萨,,,,非会员,31,,,依据餐量提供餐具,,45.90,26.88,9.00,0.00,0,0,3.77,0.00,5.60,【活动支出】店铺满减:1.00元+【活动支出】饿了么红包:8.00元+【活动支出】替用户承担配送费:5.6元,-,-,-,2.00,温州区域,温州直营,,,否,-,平台配送
圣比萨（平阳水头店）,SBM00029,温州,"8036140254348967368	",饿了么,平台外卖,已完成,2025-10-21 10:08:58,2025-10-21 10:08:58,2025-10-21 10:08:59,饿了么支付-在线支付,,预约单,2025-10-21 11:20:00,31.03,手动出餐,1,否,"【任选】焗饭随心配（33.90*1）,餐盒（1.00*1）",柠檬茶+碳烤鸡肉芝士焗饭+上校鸡块,,,,非会员,1,,,1份餐具,,33.90,18.28,6.00,0.00,0,0,2.67,0.00,4.50,【活动支出】饿了么红包:6.00元+【活动支出】替用户承担配送费:4.5元,-,-,-,1.00,温州区域,温州加盟,,,否,-,平台配送
圣比萨（平阳水头店）,SBM00029,温州,"8002506088420174207	",饿了么,平台外卖,已完成,2025-10-21 11:23:01,2025-10-21 11:23:01,2025-10-21 11:23:01,饿了么支付-在线支付,,即时单,2025-10-21 11:23:01,16.78,手动出餐,1,否,"金牌芝士披萨-7寸[{""name"":""规格"",""value"":""7寸""}]（42.00*1）,餐盒（1.00*1）","金牌芝士披萨-7寸[{""name"":""规格"",""value"":""7寸""}]+餐盒",,,,非会员,2,,,依据餐量提供餐具,,42.00,11.43,24.10,0.00,0,0,1.62,0.00,3.50,【活动支出】单品特价:18.10元+【活动支出】 商家自营销加码:1.00元+【活动支出】饿了么红包:5.00元+【活动支出】替用户承担配送费:3.5元,-,-,-,1.00,温州区域,温州加盟,,,否,-,平台配送
圣比萨（平阳水头店）,SBM00029,温州,"8079340254612288809	",饿了么,平台外卖,已完成,2025-10-21 11:43:37,2025-10-21 11:43:37,2025-10-21 11:43:37,饿了么支付-在线支付,,即时单,2025-10-21 11:43:37,22.50,手动出餐,1,否,"浪漫威尼斯披萨-7寸[{""name"":""规格"",""value"":""7寸""}]（45.00*1）,芝士边（12.00*1）,餐盒（1.00*1）",浪漫威尼斯披萨,,,,非会员,3,,,不要放玉米 / 依据餐量提供餐具,,57.00,18.18,29.10,0.00,0,0,2.67,0.00,3.50,【活动支出】店铺满减:4.00元+【活动支出】单品特价:19.10元+【活动支出】超级会员专享红包:5.00元+【活动支出】 商家自营销加码:1.00元+【活动支出】替用户承担配送费:3.5元,-,-,-,1.00,温州区域,温州加盟,,,否,-,平台配送
圣比萨（平阳水头店）,SBM00029,温州,"8050470254573133117	",饿了么,平台外卖,已完成,2025-10-21 12:50:14,2025-10-21 12:50:14,2025-10-21 12:50:14,饿了么支付-在线支付,,即时单,2025-10-21 12:50:14,24.23,被动出餐,1,否,7寸日系照烧鸡披萨-拼团（20.60*1）,日系照烧鸡披萨【7英寸(手拍)】,,,,非会员,4,,,1份餐具,,20.60,12.00,0.00,0.00,0,0,0.00,0.00,,【活动支出】拼团反圈活动:0.00元,-,-,-,0.00,温州区域,温州加盟,,,否,-,平台配送
圣比萨（平阳水头店）,SBM00029,温州,"8051796088512832879	",饿了么,平台外卖,已完成,2025-10-21 14:17:22,2025-10-21 14:17:22,2025-10-21 14:17:22,饿了么支付-在线支付,,即时单,2025-10-21 14:17:22,37.62,被动出餐,1,否,"大圣招牌大满贯披萨-7寸[{""name"":""规格"",""value"":""7寸""}]（45.00*1）,芝士边（12.00*1）,餐盒（2.00*1）",大圣招牌大满贯披萨,,,,非会员,5,,,1份餐具,,57.00,19.97,28.10,0.00,0,0,2.88,0.00,3.50,【活动支出】店铺满减:4.00元+【活动支出】单品特价:15.10元+【活动支出】粉丝群:2.00元+【活动支出】饿了么红包:7.00元+【活动支出】替用户承担配送费:3.5元,-,-,-,2.00,温州区域,温州加盟,,,否,-,平台配送
圣比萨（平阳水头店）,SBM00029,温州,"8033716088496545164	",饿了么,平台外卖,已完成,2025-10-21 14:35:59,2025-10-21 14:35:59,2025-10-21 14:35:59,饿了么支付-在线支付,,即时单,2025-10-21 14:35:59,24.38,手动出餐,1,否,"缤纷水果披萨-7寸[{""name"":""规格"",""value"":""7寸""}]（42.00*1）,芝士边（12.00*1）,餐盒（2.00*1）",缤纷水果披萨,,,,非会员,6,,,依据餐量提供餐具,,54.00,18.89,28.10,0.00,0,0,2.56,0.00,3.50,【活动支出】单品特价:18.10元+【活动支出】粉丝群:2.00元+【活动支出】超会爆红包省钱包:8.00元+【活动支出】替用户承担配送费:3.5元,-,-,-,2.00,温州区域,温州加盟,,,否,-,平台配送
圣比萨（平阳水头店）,SBM00029,温州,"8009776088520368591	",饿了么,平台外卖,已完成,2025-10-21 15:49:16,2025-10-21 15:49:16,2025-10-21 15:49:17,饿了么支付-在线支付,,即时单,2025-10-21 15:49:16,27.67,被动出餐,1,否,7寸日系照烧鸡披萨-单点（22.00*1）,日系照烧鸡披萨【7英寸(手拍)】,,,,非会员,7,,,依据餐量提供餐具,,22.00,12.00,0.00,0.00,0,0,0.00,0.00,,【活动支出】拼团反圈活动:0.00元,-,-,-,0.00,温州区域,温州加盟,,,否,-,平台配送
圣比萨（平阳水头店）,SBM00029,温州,"8098826088524608872	",饿了么,平台外卖,已完成,2025-10-21 16:19:23,2025-10-21 16:19:23,2025-10-21 16:19:23,饿了么支付-在线支付,,即时单,2025-10-21 16:19:23,17.68,被动出餐,1,否,"碳烤鸡肉培根披萨［铁盘］-单人份[{""name"":""规格"",""value"":""单人份""}]（19.90*1）,餐盒（1.00*1）","碳烤鸡肉培根披萨［铁盘］-单人份[{""name"":""规格"",""value"":""单人份""}]+餐盒",,,,非会员,8,,,依据餐量提供餐具,,19.90,7.12,7.00,0.00,0,0,1.43,0.00,3.50,【活动支出】 商家自营销加码:2.00元+【活动支出】饿了么红包:5.00元+【活动支出】替用户承担配送费:3.5元,-,-,-,1.00,温州区域,温州加盟,,,否,-,平台配送
圣比萨（平阳水头店）,SBM00029,温州,"8039180254657207652	",饿了么,平台外卖,已完成,2025-10-21 16:51:42,2025-10-21 16:51:42,2025-10-21 16:51:42,饿了么支付-在线支付,,即时单,2025-10-21 16:51:42,18.13,手动出餐,1,否,"黄金地瓜条（18.00*1）,乐享·薄脆榴莲多多披萨（69.00*1）,餐盒（3.00*1）",黄金地瓜条+乐享·薄脆榴莲多多披萨+餐盒,,,,非会员,9,,,1份餐具,,87.00,35.63,39.20,0.00,0,0,5.02,0.00,3.50,【活动支出】店铺满减:6.00元+【活动支出】单品特价:5.60元+【活动支出】单品特价:15.60元+【活动支出】饿了么红包:12.00元+【活动支出】替用户承担配送费:3.5元,-,-,-,3.00,温州区域,温州加盟,,,否,-,平台配送
圣比萨（平阳水头店）,SBM00029,温州,"8049230254732949898	",饿了么,平台外卖,已完成,2025-10-21 16:56:21,2025-10-21 16:56:21,2025-10-21 16:56:22,饿了么支付-在线支付,,即时单,2025-10-21 16:56:21,32.80,手动出餐,1,否,新奥尔良烤鸡肉披萨7寸-单点（22.00*1）,新奥尔良烤鸡肉披萨【7英寸(手拍)】,,,,非会员,10,,,无需餐具,用户申请取消单 物流配送时间过长，,22.00,12.00,0.00,0.00,0,0,0.00,0.00,,【活动支出】拼团反圈活动:0.00元,-,-,-,0.00,温州区域,温州加盟,,,否,-,平台配送
圣比萨（平阳水头店）,SBM00029,温州,"8011706088513511855	",饿了么,平台外卖,已完成,2025-10-21 17:02:56,2025-10-21 17:02:56,2025-10-21 17:02:57,饿了么支付-在线支付,,即时单,2025-10-21 17:02:56,22.02,手动出餐,1,否,"7寸披萨一人食土豪餐[奥尔良烤鸡肉披萨+爱心鸡排一块+原味奶茶+墨鱼丸三个]（70.00*1）,上校鸡块一个（3.00*2）,蛋挞一个（原味）（3.90*2）,餐盒（4.00*1）",新奥尔良烤鸡肉披萨【7英寸(手拍)】+金丝鸡排+港式奶茶+上校鸡块1个+蛋挞1个,,,,非会员,11,,,依据餐量提供餐具,,83.80,21.78,56.50,0.00,0,0,2.97,0.00,3.50,【活动支出】店铺满减:1.00元+【活动支出】单品特价:34.10元+【活动支出】单品特价:5.80元+【活动支出】单品特价:7.60元+【活动支出】饿了么红包:8.00元+【活动支出】替用户承担配送费:3.5元,-,-,-,4.00,温州区域,温州加盟,,,否,-,平台配送
圣比萨（平阳水头店）,SBM00029,温州,"8095450254749464843	",饿了么,平台外卖,已完成,2025-10-21 17:25:24,2025-10-21 17:25:24,2025-10-21 17:25:24,饿了么支付-在线支付,,即时单,2025-10-21 17:25:24,12.33,手动出餐,1,否,"榴莲披萨-7寸[{""name"":""规格"",""value"":""7寸""}]（62.00*1）,餐盒（1.00*1）",榴莲王披萨,,,,非会员,12,,,"不要葱, 不要葱, 不要葱, 不要葱, 不要葱 / 1份餐具",,62.00,23.21,30.10,0.00,0,0,3.14,0.00,3.50,【活动支出】店铺满减:1.00元+【活动支出】单品特价:22.10元+【活动支出】饿了么红包:7.00元+【活动支出】替用户承担配送费:3.5元,-,-,-,1.00,温州区域,温州加盟,,,否,-,平台配送
圣比萨（平阳水头店）,SBM00029,温州,"8094060254652591535	",饿了么,平台外卖,已完成,2025-10-21 17:26:31,2025-10-21 17:26:31,2025-10-21 17:26:32,饿了么支付-在线支付,,即时单,2025-10-21 17:26:31,18.15,手动出餐,1,否,"牛肉至尊披萨-7寸[{""name"":""规格"",""value"":""7寸""}]（45.00*1）",炙热牛魔王披萨,,,,非会员,13,,,依据餐量提供餐具,,45.00,18.53,18.00,0.00,0,0,2.52,0.00,3.50,【活动支出】单品特价:18.00元+【活动支出】替用户承担配送费:3.5元,-,-,-,0.00,温州区域,温州加盟,,,否,-,平台配送
圣比萨（平阳水头店）,SBM00029,温州,"8089886088588221910	",饿了么,平台外卖,已完成,2025-10-21 17:39:05,2025-10-21 17:39:05,2025-10-21 17:39:05,饿了么支付-在线支付,,即时单,2025-10-21 17:39:05,40.08,被动出餐,1,否,"榴莲披萨［铁盘装］-单人份[{""name"":""规格"",""value"":""单人份""}]（29.90*1）,餐盒（1.00*1）","榴莲披萨［铁盘装］-单人份[{""name"":""规格"",""value"":""单人份""}]+餐盒",,,,非会员,14,,,依据餐量提供餐具,,29.90,15.76,7.00,0.00,0,0,2.19,0.00,3.50,【活动支出】饿了么红包:7.00元+【活动支出】替用户承担配送费:3.5元,-,-,-,1.00,温州区域,温州加盟,,,否,-,平台配送
圣比萨（平阳水头店）,SBM00029,温州,"8049330254666198341	",饿了么,平台外卖,已完成,2025-10-21 17:44:50,2025-10-21 17:44:50,2025-10-21 17:44:51,饿了么支付-在线支付,,即时单,2025-10-21 17:44:50,25.58,被动出餐,1,否,"【任选】披萨随心配（54.70*1）,餐盒（1.00*1）",上校鸡块+雀巢牛奶+榴莲王披萨(7英寸(手拍)),,,,非会员,15,,,依据餐量提供餐具,,54.70,32.87,10.00,0.00,0,0,4.48,0.00,3.50,【活动支出】店铺满减:1.00元+【活动支出】饿了么红包:9.00元+【活动支出】替用户承担配送费:3.5元,-,-,-,1.00,温州区域,温州加盟,,,否,-,平台配送
圣比萨（平阳水头店）,SBM00029,温州,"8030140254586304974	",饿了么,平台外卖,已完成,2025-10-21 17:55:49,2025-10-21 17:55:49,2025-10-21 17:55:49,饿了么支付-在线支付,,即时单,2025-10-21 17:55:49,44.83,被动出餐,1,否,"红薯边（10.00*1）,奥尔良烤鸡肉披萨-7寸[{""name"":""规格"",""value"":""7寸""}]（45.00*1）,经典薯条（18.00*1）,餐盒（2.00*1）",新奥尔良烤鸡肉披萨+经典薯条,,,,非会员,16,,,依据餐量提供餐具,,73.00,23.42,41.20,0.00,0,0,3.23,0.00,3.50,【活动支出】店铺满减:1.00元+【活动支出】单品特价:19.10元+【活动支出】单品特价:9.10元+【活动支出】饿了么红包:12.00元+【活动支出】替用户承担配送费:3.5元,-,-,-,2.00,温州区域,温州加盟,,,否,-,平台配送
圣比萨（平阳水头店）,SBM00029,温州,"8017636088580256048	",饿了么,平台外卖,已完成,2025-10-21 18:58:10,2025-10-21 18:58:10,2025-10-21 18:58:10,饿了么支付-在线支付,,即时单,2025-10-21 18:58:10,39.42,被动出餐,1,否,"牛肉至尊披萨-7寸[{""name"":""规格"",""value"":""7寸""}]（45.00*1）,餐盒（1.00*1）",炙热牛魔王披萨,,,,非会员,17,,,依据餐量提供餐具,,45.00,14.57,24.10,0.00,0,0,1.98,0.00,3.50,【活动支出】单品特价:19.10元+【活动支出】平台营销红包（老朋友召回渠道）:5.00元+【活动支出】替用户承担配送费:3.5元,-,-,-,1.00,温州区域,温州加盟,,,否,-,平台配送
圣比萨（平阳水头店）,SBM00029,温州,"8050986088592624995	",饿了么,平台外卖,已完成,2025-10-21 19:22:48,2025-10-21 19:22:48,2025-10-21 19:22:49,饿了么支付-在线支付,,即时单,2025-10-21 19:22:48,25.40,手动出餐,1,否,"奥尔良烤鸡肉披萨-9寸[{""name"":""规格"",""value"":""9寸""}]（73.00*1）,奥尔良烤翅（9.90*1）,餐盒（2.00*1）",新奥尔良烤鸡肉披萨+奥尔良烤翅,,,,非会员,18,,,依据餐量提供餐具,,82.90,29.98,43.10,0.00,0,0,4.07,0.00,3.50,【活动支出】店铺满减:1.00元+【活动支出】单品特价:33.10元+【活动支出】饿了么红包:9.00元+【活动支出】替用户承担配送费:3.5元,-,-,-,2.00,温州区域,温州加盟,,,否,-,平台配送
圣比萨（平阳水头店）,SBM00029,温州,"8092190254824333728	",饿了么,平台外卖,已完成,2025-10-21 19:34:42,2025-10-21 19:34:42,2025-10-21 19:34:43,饿了么支付-在线支付,,即时单,2025-10-21 19:34:42,13.53,手动出餐,1,否,新奥尔良烤鸡肉披萨7寸-单点（22.00*1）,新奥尔良烤鸡肉披萨【7英寸(手拍)】,,,,非会员,19,,,依据餐量提供餐具,,22.00,12.00,0.00,0.00,0,0,0.00,0.00,,【活动支出】拼团反圈活动:0.00元,-,-,-,0.00,温州区域,温州加盟,,,否,-,平台配送
圣比萨（平阳水头店）,SBM00029,温州,"8099270254723491275	",饿了么,平台外卖,已完成,2025-10-21 19:38:28,2025-10-21 19:38:28,2025-10-21 19:38:28,饿了么支付-在线支付,,即时单,2025-10-21 19:38:28,18.93,手动出餐,1,否,"咖喱鸡肉芝士焗饭（25.90*1）,上校鸡块一个（3.00*2）,【圣比宠粉】深海墨鱼丸1个（3.00*2）,蛋挞一个（原味）（3.90*2）,餐盒（4.00*1）",咖喱鸡肉芝士焗饭+上校鸡块1个+深海墨鱼丸1个+蛋挞1个,,,,非会员,20,,,依据餐量提供餐具,,45.70,14.21,28.20,0.00,0,0,1.94,0.00,3.50,【活动支出】单品特价:5.80元+【活动支出】单品特价:5.80元+【活动支出】单品特价:7.60元+【活动支出】 商家自营销加码:2.00元+【活动支出】粉丝群:2.00元+【活动支出】饿了么红包:5.00元+【活动支出】替用户承担配送费:3.5元,-,-,-,4.00,温州区域,温州加盟,,,否,-,平台配送
圣比萨（平阳水头店）,SBM00029,温州,"8073876088602720614	",饿了么,平台外卖,已完成,2025-10-21 19:47:26,2025-10-21 19:47:26,2025-10-21 19:47:26,饿了么支付-在线支付,,即时单,2025-10-21 19:47:26,39.00,被动出餐,1,否,"缤纷水果披萨-7寸[{""name"":""规格"",""value"":""7寸""}]（42.00*1）,餐盒（2.00*1）",缤纷水果披萨,,,,非会员,21,,,4份餐具,,42.00,11.88,25.10,0.00,0,0,1.67,0.00,3.50,【活动支出】单品特价:18.10元+【活动支出】饿了么红包:7.00元+【活动支出】替用户承担配送费:3.5元,-,-,-,2.00,温州区域,温州加盟,,,否,-,平台配送
圣比萨（平阳水头店）,SBM00029,温州,"8089170254651897311	",饿了么,平台外卖,已完成,2025-10-21 20:04:22,2025-10-21 20:04:22,2025-10-21 20:04:22,饿了么支付-在线支付,,即时单,2025-10-21 20:04:22,27.97,被动出餐,1,否,"奥尔良烤鸡肉披萨-7寸[{""name"":""规格"",""value"":""7寸""}]（45.00*1）,餐盒（1.00*1）",新奥尔良烤鸡肉披萨,,,,非会员,22,,,依据餐量提供餐具,,45.00,14.57,24.10,0.00,0,0,1.98,0.00,3.50,【活动支出】单品特价:19.10元+【活动支出】饿了么红包:5.00元+【活动支出】替用户承担配送费:3.5元,-,-,-,1.00,温州区域,温州加盟,,,否,-,平台配送
圣比萨（平阳水头店）,SBM00029,温州,"8020826088616610129	",饿了么,平台外卖,已完成,2025-10-21 20:18:04,2025-10-21 20:18:04,2025-10-21 20:18:04,饿了么支付-在线支付,,即时单,2025-10-21 20:18:04,53.30,被动出餐,1,否,"榴莲披萨-7寸[{""name"":""规格"",""value"":""7寸""}]（62.00*2）,餐盒（2.00*1）",榴莲王披萨,,,,非会员,23,,,依据餐量提供餐具,,124.00,44.87,62.20,0.00,0,0,6.38,0.00,6.20,【活动支出】店铺满减:6.00元+【活动支出】单品特价:44.20元+【活动支出】饿了么红包:12.00元+【活动支出】替用户承担配送费:6.0元,-,-,-,2.00,温州区域,温州加盟,,,否,-,平台配送
圣比萨（平阳水头店）,SBM00029,温州,"8041906088627328344	",饿了么,平台外卖,已完成,2025-10-21 20:50:57,2025-10-21 20:50:57,2025-10-21 20:50:57,饿了么支付-在线支付,,即时单,2025-10-21 20:50:57,24.55,被动出餐,1,否,"榴莲披萨-9寸[{""name"":""规格"",""value"":""9寸""}]（92.00*1）,餐盒（1.00*1）",榴莲王披萨,,,,非会员,24,,,依据餐量提供餐具,,92.00,30.07,51.10,0.00,0,0,4.08,0.00,3.50,【活动支出】店铺满减:1.00元+【活动支出】单品特价:42.10元+【活动支出】饿了么红包:8.00元+【活动支出】替用户承担配送费:3.5元,-,-,-,1.00,温州区域,温州加盟,,,否,-,平台配送
圣比萨（平阳水头店）,SBM00029,温州,"8057576088650251575	",饿了么,平台外卖,已完成,2025-10-21 21:09:14,2025-10-21 21:09:14,2025-10-21 21:09:14,饿了么支付-在线支付,,即时单,2025-10-21 21:09:14,17.37,手动出餐,1,否,"蛋挞一个（原味）（3.90*2）,奥尔良烤鸡肉披萨-7寸[{""name"":""规格"",""value"":""7寸""}]（45.00*1）,餐盒（2.00*1）",蛋挞1个+新奥尔良烤鸡肉披萨,,,,非会员,25,,,依据餐量提供餐具,,52.80,11.56,35.70,0.00,0,0,1.69,0.00,5.60,【活动支出】单品特价:7.60元+【活动支出】单品特价:19.10元+【活动支出】粉丝群:2.00元+【活动支出】饿了么红包:7.00元+【活动支出】替用户承担配送费:5.6元,-,-,-,2.00,温州区域,温州加盟,,,否,-,平台配送
圣比萨（平阳水头店）,SBM00029,温州,"8056916088634466605	",饿了么,平台外卖,已完成,2025-10-21 21:15:10,2025-10-21 21:15:10,2025-10-21 21:15:11,饿了么支付-在线支付,,即时单,2025-10-21 21:15:10,21.18,手动出餐,1,否,"奥尔良烤鸡肉披萨-7寸[{""name"":""规格"",""value"":""7寸""}]（45.00*1）,餐盒（1.00*1）",新奥尔良烤鸡肉披萨,,,,非会员,26,,,依据餐量提供餐具,,45.00,12.28,26.10,0.00,0,0,1.77,0.00,5.60,【活动支出】单品特价:19.10元+【活动支出】 商家自营销加码:2.00元+【活动支出】饿了么红包:5.00元+【活动支出】替用户承担配送费:5.6元,-,-,-,1.00,温州区域,温州加盟,,,否,-,平台配送
圣比萨（平阳水头店）,SBM00029,温州,"8065400254766181727	",饿了么,平台外卖,已完成,2025-10-21 21:47:06,2025-10-21 21:47:06,2025-10-21 21:47:06,饿了么支付-在线支付,,即时单,2025-10-21 21:47:06,20.22,手动出餐,1,否,"深海墨鱼丸-3个[{""name"":""规格"",""value"":""3个""}]（10.60*1）,双拼披萨［铁盘装］-单人份[海苔肉松披萨+鲜虾菠萝披萨][{""name"":""规格"",""value"":""单人份""}]（25.80*1）,可乐[常温]（5.00*1）,餐盒（3.00*1）",深海墨鱼丸+可乐,,,,非会员,27,,,依据餐量提供餐具,,41.40,18.93,15.72,0.00,0,0,2.70,0.00,5.60,【活动支出】店铺满减:1.00元+【活动支出】单品特价:4.70元+【活动支出】单品特价:0.02元+【活动支出】粉丝群:2.00元+【活动支出】饿了么红包:8.00元+【活动支出】替用户承担配送费:5.6元,-,-,-,3.00,温州区域,温州加盟,,,否,-,平台配送
圣比萨（平阳水头店）,SBM00029,温州,"8004080254776713666	",饿了么,平台外卖,已完成,2025-10-21 22:32:07,2025-10-21 22:32:07,2025-10-21 22:32:07,饿了么支付-在线支付,,即时单,2025-10-21 22:32:07,12.72,手动出餐,1,否,"7寸披萨一人食土豪餐[招牌披萨+黑椒鸡块4个+原味奶茶+墨鱼丸三个]（70.00*1）,上校鸡块一个（3.00*2）,餐盒（3.00*1）",港式奶茶+上校鸡块1个,,,,非会员,28,,,依据餐量提供餐具,,76.00,19.31,49.90,0.00,0,0,2.74,0.00,5.60,【活动支出】店铺满减:1.00元+【活动支出】单品特价:34.10元+【活动支出】单品特价:5.80元+【活动支出】CPS商户叠加券:0.00元+【活动支出】饿了么红包:9.00元+【活动支出】替用户承担配送费:5.6元,-,-,-,3.00,温州区域,温州加盟,,,否,-,平台配送
圣比萨（平阳水头店）,SBM00029,温州,"8063430254778086812	",饿了么,平台外卖,已完成,2025-10-21 22:41:53,2025-10-21 22:41:53,2025-10-21 22:41:54,饿了么支付-在线支付,,即时单,2025-10-21 22:41:53,16.38,手动出餐,1,否,"蛋挞一个（原味）（3.90*2）,明星至尊桶（59.00*1）,奥尔良烤鸡肉披萨-7寸[{""name"":""规格"",""value"":""7寸""}]（45.00*1）,可乐[冷]（5.00*1）,餐盒（3.00*1）",蛋挞1个+明星至尊桶+新奥尔良烤鸡肉披萨+可乐,,,,非会员,29,,,依据餐量提供餐具,,116.80,38.58,65.82,0.00,0,0,5.35,0.00,5.60,【活动支出】店铺满减:6.00元+【活动支出】单品特价:7.60元+【活动支出】单品特价:19.10元+【活动支出】单品特价:19.10元+【活动支出】单品特价:0.02元+【活动支出】粉丝群:2.00元+【活动支出】饿了么红包:12.00元+【活动支出】替用户承担配送费:5.6元,-,-,-,3.00,温州区域,温州加盟,,,否,-,平台配送
圣比萨（平阳水头店）,SBM00029,温州,"8086966088676245783	",饿了么,平台外卖,已完成,2025-10-21 23:16:42,2025-10-21 23:16:42,2025-10-21 23:16:42,饿了么支付-在线支付,,即时单,2025-10-21 23:16:42,16.95,手动出餐,1,否,"芝士边（9英寸）（16.00*1）,奥尔良烤鸡肉披萨-9寸[{""name"":""规格"",""value"":""9寸""}]（73.00*1）,餐盒（1.00*1）",新奥尔良烤鸡肉披萨,,,,非会员,30,,,依据餐量提供餐具,,89.00,39.40,34.10,0.00,0,0,5.55,0.00,6.60,【活动支出】店铺满减:1.00元+【活动支出】单品特价:33.10元+【活动支出】替用户承担配送费:6.0元,-,-,-,1.00,温州区域,温州加盟,,,否,-,平台配送
圣比萨（平阳水头店）,SBM00029,温州,"8079340254888989181	",饿了么,平台外卖,已完成,2025-10-21 23:42:22,2025-10-21 23:42:22,2025-10-21 23:42:23,饿了么支付-在线支付,,即时单,2025-10-21 23:42:22,11.42,手动出餐,1,否,"番茄培根意面（23.90*1）,餐盒（1.00*1）",番茄培根意面,,,,非会员,31,,,不要放玉米 / 依据餐量提供餐具,,23.90,10.49,7.00,0.00,0,0,1.56,0.00,5.60,【活动支出】超级会员专享红包:5.00元+【活动支出】 商家自营销加码:2.00元+【活动支出】替用户承担配送费:5.6元,-,-,-,1.00,温州区域,温州加盟,,,否,-,平台配送
圣比萨（嵊州吾悦店）,SBM00045,绍兴,"8073866088333226309	",饿了么,平台外卖,已完成,2025-10-21 10:25:48,2025-10-21 10:25:48,2025-10-21 10:25:48,饿了么支付-在线支付,,即时单,2025-10-21 10:25:48,4.73,手动出餐,1,否,番茄牛肉意面-单点（18.09*1）,番茄牛肉意面,,,,非会员,1,,,依据餐量提供餐具,,18.09,12.59,0.00,0.00,0,0,0.00,0.00,,【活动支出】单品优惠:0.00元,-,-,-,0.00,绍兴地区,绍兴加盟店,,,否,-,平台配送
圣比萨（嵊州吾悦店）,SBM00045,绍兴,"8007526088356757930	",饿了么,平台外卖,已完成,2025-10-21 10:37:26,2025-10-21 10:37:26,2025-10-21 10:37:26,饿了么支付-在线支付,,即时单,2025-10-21 10:37:26,4.60,手动出餐,1,否,"番茄牛肉意面（26.00*1）,餐盒（1.00*1）",番茄牛肉意面,,,,非会员,2,,,依据餐量提供餐具,,26.00,8.80,5.00,0.00,0,0,2.16,0.00,7.00,【活动支出】饿了么红包:5.00元+【活动支出】替用户承担配送费:7.0元,-,-,-,1.00,绍兴地区,绍兴加盟店,,,否,-,平台配送
圣比萨（嵊州吾悦店）,SBM00045,绍兴,"8008080254414101918	",饿了么,平台外卖,已完成,2025-10-21 11:28:28,2025-10-21 11:28:28,2025-10-21 11:28:29,饿了么支付-在线支付,,即时单,2025-10-21 11:28:28,10.23,手动出餐,1,否,"任选披萨6选1+小吃6选1+饮料[碳烤培根鸡肉披萨7寸+上校鸡块4个+小可乐+常温]（38.00*1）,餐盒（2.00*1）",碳烤鸡肉培根披萨【7英寸(手拍)】+上校鸡块+小可乐,,,,非会员,3,,,依据餐量提供餐具,,38.00,19.38,6.10,0.00,0,0,3.20,0.00,5.00,【活动支出】店铺满减:1.00元+【活动支出】单品特价:0.10元+【活动支出】饿了么红包:5.00元+【活动支出】替用户承担配送费:5.0元,-,-,-,2.00,绍兴地区,绍兴加盟店,,,否,-,平台配送
圣比萨（嵊州吾悦店）,SBM00045,绍兴,"8058836088400016652	",饿了么,平台外卖,已完成,2025-10-21 11:35:31,2025-10-21 11:35:31,2025-10-21 11:35:31,饿了么支付-在线支付,,即时单,2025-10-21 11:35:31,9.37,手动出餐,1,否,"任选意面6选1+小吃6选1+饮料[番茄牛肉意面+地道肠1根+柠檬茶+热]（36.00*1）,餐盒（2.00*1）",番茄牛肉意面+地道肠1根+柠檬茶,,,,非会员,4,,,依据餐量提供餐具,,36.00,19.38,5.10,0.00,0,0,3.04,0.00,5.00,【活动支出】单品特价:0.10元+【活动支出】饿了么红包:5.00元+【活动支出】替用户承担配送费:5.0元,-,-,-,2.00,绍兴地区,绍兴加盟店,,,否,-,平台配送
圣比萨（嵊州吾悦店）,SBM00045,绍兴,"8008080254472879457	",饿了么,平台外卖,已完成,2025-10-21 12:54:43,2025-10-21 12:54:43,2025-10-21 12:54:44,饿了么支付-在线支付,,即时单,2025-10-21 12:54:43,6.27,扫码出餐,1,否,"【新品宠粉】香烤地道肠1根（4.00*1）,番茄牛肉意面（26.00*1）,餐盒（2.00*1）",地道肠1根+番茄牛肉意面,,,,非会员,5,,,依据餐量提供餐具,,30.00,12.40,7.01,0.00,0,0,2.56,0.00,5.00,【活动支出】单品特价:2.01元+【活动支出】饿了么红包:5.00元+【活动支出】替用户承担配送费:5.0元,-,-,-,2.00,绍兴地区,绍兴加盟店,,,否,-,平台配送
圣比萨（嵊州吾悦店）,SBM00045,绍兴,"8067010254471128333	",饿了么,平台外卖,已完成,2025-10-21 13:02:28,2025-10-21 13:02:28,2025-10-21 13:02:28,饿了么支付-在线支付,,即时单,2025-10-21 13:02:28,10.33,扫码出餐,1,否,"任选披萨6选1+小吃6选1+饮料[奥尔良鸡肉披萨7寸+甜玉米一份+柠檬茶+常温]（38.00*1）,餐盒（2.00*1）",新奥尔良烤鸡肉披萨【7英寸(手拍)】+烤甜玉米+柠檬茶,,,,非会员,6,,,依据餐量提供餐具,,38.00,18.90,6.10,0.00,0,0,3.20,0.00,5.00,【活动支出】店铺满减:1.00元+【活动支出】单品特价:0.10元+【活动支出】饿了么红包:5.00元+【活动支出】替用户承担配送费:5.0元,-,-,-,2.00,绍兴地区,绍兴加盟店,,,否,-,平台配送
圣比萨（嵊州吾悦店）,SBM00045,绍兴,"8006576088516685199	",饿了么,平台外卖,已完成,2025-10-21 15:22:27,2025-10-21 15:22:27,2025-10-21 15:22:27,饿了么支付-在线支付,,预约单,2025-10-21 16:15:00,31.67,手动出餐,1,否,"任选焗饭4选1+小吃6选1+饮料[黑椒牛肉芝士焗饭+上校鸡块4个+柠檬茶+常温]（37.00*1）,金沙咸蛋黄嫩鸡披萨-7英寸(手拍)[{""name"":""规格"",""value"":""7英寸(手拍)""}]（37.00*1）,餐盒（3.00*1）",黑椒牛肉芝士焗饭+上校鸡块+柠檬茶+金沙咸蛋黄嫩鸡披萨,,,,非会员,7,,,2份餐具,,74.00,39.74,14.10,0.00,0,0,6.16,0.00,5.00,【活动支出】店铺满减:2.00元+【活动支出】单品特价:1.10元+【活动支出】饿了么红包:11.00元+【活动支出】替用户承担配送费:5.0元,-,-,-,3.00,绍兴地区,绍兴加盟店,,,否,-,平台配送
圣比萨（嵊州吾悦店）,SBM00045,绍兴,"8023676088488833283	",饿了么,平台外卖,已完成,2025-10-21 16:26:09,2025-10-21 16:26:09,2025-10-21 16:26:09,饿了么支付-在线支付,,即时单,2025-10-21 16:26:09,7.42,手动出餐,1,否,7寸奶香芝士条-单点（15.40*1）,7寸奶香芝士条-单点,,,,非会员,8,,,依据餐量提供餐具,,15.40,9.90,0.00,0.00,0,0,0.00,0.00,,【活动支出】单品优惠:0.00元,-,-,-,0.00,绍兴地区,绍兴加盟店,,,否,-,平台配送
圣比萨（嵊州吾悦店）,SBM00045,绍兴,"8007410254556704238	",饿了么,平台外卖,已完成,2025-10-21 17:13:23,2025-10-21 17:13:23,2025-10-21 17:13:23,饿了么支付-在线支付,,即时单,2025-10-21 17:13:23,6.98,扫码出餐,1,否,"咖喱鸡肉芝士焗饭（28.00*1）,餐盒（1.00*1）",咖喱鸡肉芝士焗饭,,,,非会员,9,,,依据餐量提供餐具,,28.00,10.20,5.00,0.00,0,0,2.32,0.00,7.00,【活动支出】饿了么红包:5.00元+【活动支出】替用户承担配送费:6.0元,-,-,-,1.00,绍兴地区,绍兴加盟店,,,否,-,平台配送
圣比萨（嵊州吾悦店）,SBM00045,绍兴,"8033776088560441659	",饿了么,平台外卖,已完成,2025-10-21 17:23:33,2025-10-21 17:23:33,2025-10-21 17:23:33,饿了么支付-在线支付,,即时单,2025-10-21 17:23:33,8.20,扫码出餐,1,否,"任选披萨6选1+小吃6选1+饮料[奥尔良鸡肉披萨7寸+盐酥鸡小份+小可乐+冷]（38.00*1）,餐盒（2.00*1）",新奥尔良烤鸡肉披萨【7英寸(手拍)】+盐酥鸡米花小份+小可乐,,,,非会员,10,,,依据餐量提供餐具,,38.00,15.14,10.10,0.00,0,0,3.20,0.00,5.00,【活动支出】店铺满减:1.00元+【活动支出】单品特价:0.10元+【活动支出】订单集点返红包:4.00元+【活动支出】饿了么红包:5.00元+【活动支出】淘金币:0.00元+【活动支出】替用户承担配送费:5.0元,-,-,-,2.00,绍兴地区,绍兴加盟店,,,否,-,平台配送
圣比萨（嵊州吾悦店）,SBM00045,绍兴,"8032440254653748641	",饿了么,平台外卖,已完成,2025-10-21 17:27:04,2025-10-21 17:27:04,2025-10-21 17:27:04,饿了么支付-在线支付,,即时单,2025-10-21 17:27:04,7.88,扫码出餐,1,否,"任选焗饭4选1+小吃6选1+饮料[碳烤鸡肉芝士焗饭+墨鱼丸3个+可乐+冷]（37.00*1）,【新品宠粉】香烤地道肠1根（4.00*1）,餐盒（3.00*1）",碳烤鸡肉芝士焗饭+深海墨鱼丸【3个】+小可乐+地道肠1根,,,,非会员,11,,,不要洋葱青椒 / 依据餐量提供餐具,,41.00,15.09,11.11,0.00,0,0,3.52,0.00,8.50,【活动支出】店铺满减:1.00元+【活动支出】单品特价:1.10元+【活动支出】单品特价:2.01元+【活动支出】饿了么红包:7.00元+【活动支出】替用户承担配送费:5.0元,-,-,-,3.00,绍兴地区,绍兴加盟店,,,否,-,平台配送
圣比萨（嵊州吾悦店）,SBM00045,绍兴,"8024966088543332688	",饿了么,平台外卖,已完成,2025-10-21 17:35:35,2025-10-21 17:35:35,2025-10-21 17:35:35,饿了么支付-在线支付,,即时单,2025-10-21 17:35:35,7.82,扫码出餐,1,否,招牌咖喱鸡肉焗饭-单点（17.49*1）,咖喱鸡肉芝士焗饭,,,,非会员,12,,,依据餐量提供餐具,,17.49,11.99,0.00,0.00,0,0,0.00,0.00,,【活动支出】单品优惠:0.00元,-,-,-,0.00,绍兴地区,绍兴加盟店,,,否,-,平台配送
圣比萨（嵊州吾悦店）,SBM00045,绍兴,"8013350254699935114	",饿了么,平台外卖,已完成,2025-10-21 18:40:20,2025-10-21 18:40:20,2025-10-21 18:40:21,饿了么支付-在线支付,,即时单,2025-10-21 18:40:20,9.77,扫码出餐,1,否,"7英寸披萨买一送一[奥尔良鸡肉披萨7英寸+碳烤鸡肉培根7英寸]（49.90*1）,餐盒（2.00*1）",新奥尔良烤鸡肉披萨【7英寸(手拍)】+碳烤鸡肉培根披萨【7英寸(手拍)】,,,,非会员,13,,,依据餐量提供餐具,,49.90,26.25,9.00,0.00,0,0,4.15,0.00,5.00,【活动支出】店铺满减:1.00元+【活动支出】饿了么红包:8.00元+【活动支出】替用户承担配送费:5.0元,-,-,-,2.00,绍兴地区,绍兴加盟店,,,否,-,平台配送
圣比萨（嵊州吾悦店）,SBM00045,绍兴,"8096420254700158310	",饿了么,平台外卖,已完成,2025-10-21 18:47:02,2025-10-21 18:47:02,2025-10-21 18:47:02,饿了么支付-在线支付,,即时单,2025-10-21 18:47:02,9.52,手动出餐,1,否,"【随心拼】7英寸披萨(口味自选）[奥尔良+培根鸡肉]（29.00*1）,餐盒（2.00*1）",双拼7寸【奥尔良口味7】+双拼7寸【碳烤鸡肉培根口味7】,,,,非会员,14,,,依据餐量提供餐具,,29.00,13.12,6.00,0.00,0,0,2.48,0.00,5.00,【活动支出】粉丝群:1.00元+【活动支出】饿了么红包:5.00元+【活动支出】替用户承担配送费:5.0元,-,-,-,2.00,绍兴地区,绍兴加盟店,,,否,-,平台配送
圣比萨（嵊州吾悦店）,SBM00045,绍兴,"8076270254729067886	",饿了么,平台外卖,已完成,2025-10-21 18:53:22,2025-10-21 18:53:22,2025-10-21 18:53:23,饿了么支付-在线支付,,即时单,2025-10-21 18:53:22,8.57,手动出餐,1,否,"焗饭随心配（36.90*1）,餐盒（1.00*1）",碳烤鸡肉芝士焗饭+盐酥鸡米花小份+地道肠1根+深海墨鱼丸2个,,,,非会员,15,,,"不要敲门, 不要敲门, 不要敲门, 不要敲门, 不要敲门, 不要敲门, 不要敲门谢谢 / 依据餐量提供餐具",,36.90,19.39,5.00,0.00,0,0,3.03,0.00,5.00,【活动支出】饿了么红包:5.00元+【活动支出】替用户承担配送费:5.0元,-,-,-,1.00,绍兴地区,绍兴加盟店,,,否,-,平台配送
圣比萨（嵊州吾悦店）,SBM00045,绍兴,"8016926088585171440	",饿了么,平台外卖,已完成,2025-10-21 19:09:10,2025-10-21 19:09:10,2025-10-21 19:09:10,饿了么支付-在线支付,,即时单,2025-10-21 19:09:10,7.23,手动出餐,1,否,7寸奶香芝士条-单点（15.40*1）,7寸奶香芝士条-单点,,,,非会员,16,,,依据餐量提供餐具,,15.40,9.90,0.00,0.00,0,0,0.00,0.00,,【活动支出】单品优惠:0.00元,-,-,-,0.00,绍兴地区,绍兴加盟店,,,否,-,平台配送
圣比萨（嵊州吾悦店）,SBM00045,绍兴,"8008480254734546428	",饿了么,平台外卖,已完成,2025-10-21 19:10:11,2025-10-21 19:10:11,2025-10-21 19:10:11,饿了么支付-在线支付,,即时单,2025-10-21 19:10:11,9.15,手动出餐,1,否,"【口味自选】双拼披萨+奥尔良烤翅1对+饮品自选[水果+奥尔良+奥尔良烤翅1对+芒果汁]（43.00*1）,餐盒（2.00*1）",双拼7寸【缤纷水果口味7】+双拼7寸【奥尔良口味7】+奥尔良烤翅+芒果汁,,,,非会员,17,,,依据餐量提供餐具,,43.00,22.20,6.20,0.00,0,0,3.60,0.00,6.00,【活动支出】店铺满减:1.00元+【活动支出】单品特价:0.20元+【活动支出】饿了么红包:5.00元+【活动支出】替用户承担配送费:5.0元,-,-,-,2.00,绍兴地区,绍兴加盟店,,,否,-,平台配送
圣比萨（嵊州吾悦店）,SBM00045,绍兴,"8021926088662622576	",饿了么,平台外卖,已完成,2025-10-21 20:07:22,2025-10-21 20:07:22,2025-10-21 20:07:23,饿了么支付-在线支付,,即时单,2025-10-21 20:07:22,5.37,手动出餐,1,否,番茄牛肉意面-单点（18.09*1）,番茄牛肉意面,,,,非会员,18,,,依据餐量提供餐具,,18.09,12.59,0.00,0.00,0,0,0.00,0.00,,【活动支出】单品优惠:0.00元,-,-,-,0.00,绍兴地区,绍兴加盟店,,,否,-,平台配送
圣比萨（嵊州吾悦店）,SBM00045,绍兴,"8057836088689696159	",饿了么,平台外卖,已完成,2025-10-21 21:49:00,2025-10-21 21:49:00,2025-10-21 21:49:00,饿了么支付-在线支付,,即时单,2025-10-21 21:49:00,6.40,扫码出餐,1,否,招牌咖喱鸡肉焗饭-单点（17.49*1）,咖喱鸡肉芝士焗饭,,,,非会员,19,,,依据餐量提供餐具,,17.49,11.99,0.00,0.00,0,0,0.00,0.00,,【活动支出】单品优惠:0.00元,-,-,-,0.00,绍兴地区,绍兴加盟店,,,否,-,平台配送
圣比萨（嵊州吾悦店）,SBM00045,绍兴,"8004976088678510955	",饿了么,平台外卖,已完成,2025-10-21 22:06:15,2025-10-21 22:06:15,2025-10-21 22:06:16,饿了么支付-在线支付,,即时单,2025-10-21 22:06:15,9.23,扫码出餐,1,否,"榴莲王披萨-7英寸（经典手拍)[{""name"":""规格"",""value"":""7英寸（经典手拍)""}]（37.00*1）,餐盒（1.00*1）",榴莲王披萨,,,,非会员,20,,,依据餐量提供餐具,,37.00,17.44,6.00,0.00,0,0,3.04,0.00,6.00,【活动支出】店铺满减:1.00元+【活动支出】饿了么红包:5.00元+【活动支出】替用户承担配送费:6.0元,-,-,-,1.00,绍兴地区,绍兴加盟店,,,否,-,平台配送
圣比萨（嵊州吾悦店）,SBM00045,绍兴,"8006160254690535697	",饿了么,平台外卖,已完成,2025-10-21 22:12:58,2025-10-21 22:12:58,2025-10-21 22:12:58,饿了么支付-在线支付,,即时单,2025-10-21 22:12:58,8.17,扫码出餐,1,否,"翅薯组合（20.00*1）,牛肉至尊披萨-7寸(经典手拍)[{""name"":""规格"",""value"":""7寸(经典手拍)""}]（33.00*1）,餐盒（2.00*1）",翅薯组合+炙热牛魔王披萨,,,,非会员,21,,,无需餐具,,53.00,35.40,1.00,0.00,0,0,4.40,0.00,6.00,【活动支出】店铺满减:1.00元+【活动支出】替用户承担配送费:5.0元,-,-,-,2.00,绍兴地区,绍兴加盟店,,,否,-,平台配送
圣比萨（嵊州吾悦店）,SBM00045,绍兴,"8084706088645840178	",饿了么,平台外卖,已完成,2025-10-21 22:25:42,2025-10-21 22:25:42,2025-10-21 22:25:43,饿了么支付-在线支付,,即时单,2025-10-21 22:25:42,11.35,手动出餐,1,否,"翅薯组合（20.00*1）,任选意面6选1+小吃6选1+饮料[招牌肉酱意面+甜玉米一份+可乐+冷]（36.00*1）,餐盒（3.00*1）",翅薯组合+招牌肉酱意面+烤甜玉米+小可乐,,,,非会员,22,,,依据餐量提供餐具,,56.00,29.28,9.60,0.00,0,0,4.72,0.00,6.00,【活动支出】店铺满减:2.00元+【活动支出】单品特价:0.10元+【活动支出】超级会员专享红包:7.50元+【活动支出】替用户承担配送费:6.0元,-,-,-,3.00,绍兴地区,绍兴加盟店,,,否,-,平台配送
圣比萨（永中店）,SBS00013,温州,"8073606088352463335	",饿了么,平台外卖,已完成,2025-10-21 10:56:41,2025-10-21 10:56:41,2025-10-21 10:56:42,饿了么支付-在线支付,,即时单,2025-10-21 10:56:41,10.00,自动出餐,1,否,"意面随心配（58.80*1）,餐盒（2.00*1）",薯饼2个+盐酥鸡米花小份+上校鸡块2个+番茄牛肉意面,,,,非会员,1,,,依据餐量提供餐具,,58.80,11.72,40.90,0.00,0,0,1.43,0.00,5.00,【活动支出】单品特价:31.90元+【活动支出】粉丝群:2.00元+【活动支出】饿了么红包:7.00元+【活动支出】替用户承担配送费:5.0元,-,-,-,2.00,温州区域,温州加盟,,,否,-,平台配送
圣比萨（永中店）,SBS00013,温州,"8060596088344579354	",饿了么,平台外卖,已完成,2025-10-21 11:08:10,2025-10-21 11:08:10,2025-10-21 11:08:10,饿了么支付-在线支付,,即时单,2025-10-21 11:08:10,9.38,手动出餐,1,否,"披萨随心配（60.40*1）,餐盒（2.00*1）",薯饼2个+盐酥鸡米花小份+深海墨鱼丸2个+碳烤鸡肉培根披萨(7英寸(手拍)),,,,非会员,2,,,依据餐量提供餐具,,60.40,15.59,39.50,0.00,0,0,1.46,0.00,3.50,【活动支出】首次光顾立减:2.00元+【活动支出】单品特价:30.50元+【活动支出】饿了么红包:7.00元+【活动支出】替用户承担配送费:3.5元,-,-,-,2.00,温州区域,温州加盟,,,否,-,平台配送
圣比萨（永中店）,SBS00013,温州,"8065160254518520309	",饿了么,平台外卖,已完成,2025-10-21 11:46:08,2025-10-21 11:46:08,2025-10-21 11:46:09,饿了么支付-在线支付,,即时单,2025-10-21 11:46:08,12.22,自动出餐,1,否,"蛋挞1个（5.00*4）,【任选】披萨11选1+小吃6选2+饮品自选[牛肉蘑菇披萨7英寸+川香大翅根1个+藤椒鸡排1个+港式奶茶+常温]（70.00*1）,披萨随心配（65.30*1）,餐盒（6.00*1）",蛋挞1个+炙热牛魔王披萨【7英寸(手拍)】+川香脆皮大翅根【1个】+金丝鸡排+港式奶茶+地道肠1根+盐酥鸡米花小份+深海墨鱼丸2个+新奥尔良烤鸡肉披萨(7英寸(手拍)),,,,非会员,3,,,依据餐量提供餐具,,155.30,57.67,83.18,0.00,0,0,5.60,0.00,3.50,【活动支出】单品特价:9.64元+【活动支出】单品特价:43.04元+【活动支出】单品特价:30.50元+【活动支出】替用户承担配送费:3.5元,-,-,-,6.00,温州区域,温州加盟,,,否,-,平台配送
圣比萨（永中店）,SBS00013,温州,"8066696088484901228	",饿了么,平台外卖,已完成,2025-10-21 12:53:22,2025-10-21 12:53:22,2025-10-21 12:53:22,饿了么支付-在线支付,,即时单,2025-10-21 12:53:22,12.17,自动出餐,1,否,"披萨随心配（65.30*1）,餐盒（2.00*1）",薯饼2个+盐酥鸡米花小份+深海墨鱼丸2个+碳烤鸡肉培根披萨(7英寸(手拍)),,,,非会员,4,,,依据餐量提供餐具,,65.30,20.78,37.50,0.00,0,0,1.97,0.00,3.50,【活动支出】首次光顾立减:2.00元+【活动支出】单品特价:30.50元+【活动支出】饿了么红包:5.00元+【活动支出】替用户承担配送费:3.5元,-,-,-,2.00,温州区域,温州加盟,,,否,-,平台配送
圣比萨（永中店）,SBS00013,温州,"8079676088481861072	",饿了么,平台外卖,已完成,2025-10-21 13:44:04,2025-10-21 13:44:04,2025-10-21 13:44:04,饿了么支付-在线支付,,即时单,2025-10-21 13:44:04,8.72,手动出餐,1,否,"招牌肉酱芝士焗饭（52.00*1）,餐盒（1.00*1）",招牌肉酱芝士焗饭,,,,非会员,5,,,依据餐量提供餐具,,52.00,7.42,35.10,0.00,0,0,1.43,0.00,6.80,【活动支出】首次光顾立减:2.00元+【活动支出】单品特价:24.10元+【活动支出】 商家自营销加码:2.00元+【活动支出】粉丝群:2.00元+【活动支出】饿了么红包:5.00元+【活动支出】替用户承担配送费:5.0元,-,-,-,1.00,温州区域,温州加盟,,,否,-,平台配送
圣比萨（永中店）,SBS00013,温州,"8034360254511556962	",饿了么,平台外卖,已完成,2025-10-21 15:16:54,2025-10-21 15:16:54,2025-10-21 15:16:54,饿了么支付-在线支付,,即时单,2025-10-21 15:16:54,10.12,自动出餐,1,否,"披萨随心配（65.30*1）,餐盒（2.00*1）",薯饼2个+盐酥鸡米花小份+上校鸡块2个+花果山披萨(7英寸(手拍)),,,,非会员,6,,,依据餐量提供餐具,,65.30,18.14,41.50,0.00,0,0,1.71,0.00,3.50,【活动支出】首次光顾立减:2.00元+【活动支出】单品特价:30.50元+【活动支出】粉丝群:2.00元+【活动支出】饿了么红包:7.00元+【活动支出】替用户承担配送费:3.5元,-,-,-,2.00,温州区域,温州加盟,,,否,-,平台配送
圣比萨（永中店）,SBS00013,温州,"8029776088486743364	",饿了么,平台外卖,已完成,2025-10-21 16:03:36,2025-10-21 16:03:36,2025-10-21 16:03:36,饿了么支付-在线支付,,预约单,2025-10-21 16:45:00,3.27,自动出餐,1,否,"新奥尔良烤鸡肉披萨-7寸(手拍)[{""name"":""规格"",""value"":""7寸(手拍)""}]（45.00*1）,奶酪芝士卷边（7英寸）（4.90*1）,餐盒（1.00*1）",新奥尔良烤鸡肉披萨+奶酪芝士卷边7,,,,非会员,7,,,依据餐量提供餐具,,49.90,14.02,30.10,0.00,0,0,1.43,0.00,3.50,【活动支出】首次光顾立减:2.00元+【活动支出】单品特价:21.10元+【活动支出】粉丝群:2.00元+【活动支出】饿了么红包:5.00元+【活动支出】替用户承担配送费:3.5元,-,-,-,1.00,温州区域,温州加盟,,,否,-,平台配送
圣比萨（永中店）,SBS00013,温州,"8069506088521646532	",饿了么,平台外卖,已完成,2025-10-21 16:48:20,2025-10-21 16:48:20,2025-10-21 16:48:20,饿了么支付-在线支付,,即时单,2025-10-21 16:48:20,10.15,自动出餐,1,否,【任选】披萨11选1+小吃6选2+饮品自选[圣比招牌披萨7英寸+上校鸡块4个+藤椒鸡排1个+港式奶茶+常温]（70.00*1）,大圣招牌大满贯披萨【7英寸(手拍)】+上校鸡块+金丝鸡排+港式奶茶,,,,非会员,8,,,依据餐量提供餐具,,70.00,19.21,43.04,0.00,0,0,1.80,0.00,3.50,【活动支出】单品特价:43.04元+【活动支出】替用户承担配送费:3.5元,-,-,-,0.00,温州区域,温州加盟,,,否,-,平台配送
圣比萨（永中店）,SBS00013,温州,"8087250254642941417	",饿了么,平台外卖,已完成,2025-10-21 17:01:16,2025-10-21 17:01:16,2025-10-21 17:01:16,饿了么支付-在线支付,,即时单,2025-10-21 17:01:16,6.68,手动出餐,1,否,"披萨随心配（65.30*1）,餐盒（2.00*1）",地道肠1根+薯饼2个+盐酥鸡米花小份+新奥尔良烤鸡肉披萨(7英寸(手拍)),,,,非会员,9,,,依据餐量提供餐具,,65.30,19.09,39.50,0.00,0,0,1.86,0.00,5.00,【活动支出】首次光顾立减:2.00元+【活动支出】单品特价:30.50元+【活动支出】 商家自营销加码:2.00元+【活动支出】饿了么红包:5.00元+【活动支出】替用户承担配送费:5.0元,-,-,-,2.00,温州区域,温州加盟,,,否,-,平台配送
圣比萨（永中店）,SBS00013,温州,"8015956088533721559	",饿了么,平台外卖,已完成,2025-10-21 17:15:59,2025-10-21 17:15:59,2025-10-21 17:16:00,饿了么支付-在线支付,,即时单,2025-10-21 17:15:59,9.48,手动出餐,1,否,"奥尔良烤鸡肉披萨+小吃+饮品组合[奥尔良鸡肉披萨7英寸+上校鸡块一份+可乐+常温]（58.00*1）,餐盒（2.00*1）",新奥尔良烤鸡肉披萨【7英寸(手拍)】+上校鸡块+小可乐,,,,非会员,10,,,依据餐量提供餐具,,58.00,13.14,35.50,0.00,0,0,1.61,0.00,6.80,【活动支出】首次光顾立减:2.00元+【活动支出】单品特价:26.50元+【活动支出】饿了么红包:7.00元+【活动支出】替用户承担配送费:6.0元,-,-,-,2.00,温州区域,温州加盟,,,否,-,平台配送
圣比萨（永中店）,SBS00013,温州,"8039110254667788568	",饿了么,平台外卖,已完成,2025-10-21 17:19:11,2025-10-21 17:19:11,2025-10-21 17:19:12,饿了么支付-在线支付,,即时单,2025-10-21 17:19:11,10.22,自动出餐,1,否,"披萨随心配（65.30*1）,可乐[常温]（6.00*1）,榴莲王披萨-7英寸（经典手拍)[{""name"":""规格"",""value"":""7英寸（经典手拍)""}]（52.00*1）,餐盒（3.00*1）",地道肠1根+盐酥鸡米花小份+上校鸡块2个+缤纷水果披萨(7英寸(手拍))+可乐+榴莲王披萨,,,,非会员,11,,,直接放门口就行，不用打电话 / 无需餐具,,123.30,44.33,67.00,0.00,0,0,4.22,0.00,3.50,【活动支出】店铺满减:6.00元+【活动支出】单品特价:30.50元+【活动支出】单品特价:1.00元+【活动支出】单品特价:17.50元+【活动支出】饿了么红包:0.00元+【活动支出】饿了么红包:12.00元+【活动支出】替用户承担配送费:3.5元,-,-,-,3.00,温州区域,温州加盟,,,否,-,平台配送
圣比萨（永中店）,SBS00013,温州,"8055586088534457808	",饿了么,平台外卖,已完成,2025-10-21 17:21:11,2025-10-21 17:21:11,2025-10-21 17:21:11,饿了么支付-在线支付,,即时单,2025-10-21 17:21:11,9.75,手动出餐,1,否,"鸡肉洋葱圈（18.00*1）,奶酪芝士卷边（7英寸）（4.90*1）,缤纷水果披萨-7英寸(手拍)[{""name"":""规格"",""value"":""7英寸(手拍)""}]（42.00*1）",鸡肉洋葱圈+奶酪芝士卷边7+缤纷水果披萨,,,,非会员,12,,,3份餐具,,64.90,21.89,31.80,0.00,0,0,2.26,0.00,5.00,【活动支出】单品特价:8.10元+【活动支出】单品特价:23.70元+【活动支出】替用户承担配送费:5.0元,-,-,-,0.00,温州区域,温州加盟,,,否,-,平台配送
圣比萨（永中店）,SBS00013,温州,"8069220254748646779	",饿了么,平台外卖,已完成,2025-10-21 17:22:35,2025-10-21 17:22:35,2025-10-21 17:22:35,饿了么支付-在线支付,,即时单,2025-10-21 17:22:35,10.17,自动出餐,1,否,"披萨随心配（60.40*1）,餐盒（2.00*1）",盐酥鸡米花小份+深海墨鱼丸2个+上校鸡块2个+碳烤鸡肉培根披萨(7英寸(手拍)),,,,非会员,13,,,依据餐量提供餐具,,60.40,16.06,39.50,0.00,0,0,1.49,0.00,3.50,【活动支出】首次光顾立减:2.00元+【活动支出】单品特价:30.50元+【活动支出】饿了么红包:7.00元+【活动支出】替用户承担配送费:3.5元,-,-,-,2.00,温州区域,温州加盟,,,否,-,平台配送
圣比萨（永中店）,SBS00013,温州,"8032846088579777854	",饿了么,平台外卖,已完成,2025-10-21 17:27:27,2025-10-21 17:27:27,2025-10-21 17:27:28,饿了么支付-在线支付,,预约单,2025-10-21 18:35:00,22.60,自动出餐,1,否,"披萨随心配（65.30*1）,餐盒（2.00*1）",地道肠1根+盐酥鸡米花小份+上校鸡块2个+碳烤鸡肉培根披萨(7英寸(手拍)),,,,非会员,14,,,3份餐具,,65.30,18.14,41.50,0.00,0,0,1.71,0.00,3.50,【活动支出】首次光顾立减:2.00元+【活动支出】单品特价:30.50元+【活动支出】粉丝群:2.00元+【活动支出】饿了么红包:7.00元+【活动支出】替用户承担配送费:3.5元,-,-,-,2.00,温州区域,温州加盟,,,否,-,平台配送
圣比萨（永中店）,SBS00013,温州,"8062646088624894227	",饿了么,平台外卖,已完成,2025-10-21 18:36:51,2025-10-21 18:36:51,2025-10-21 18:36:52,饿了么支付-在线支付,,即时单,2025-10-21 18:36:51,9.13,手动出餐,1,否,"榴莲王披萨-7英寸（经典手拍)[{""name"":""规格"",""value"":""7英寸（经典手拍)""}]（52.00*1）,餐盒（1.00*1）",榴莲王披萨,,,,非会员,15,,,依据餐量提供餐具,,52.00,16.39,26.50,0.00,0,0,1.76,0.00,5.60,【活动支出】首次光顾立减:2.00元+【活动支出】单品特价:17.50元+【活动支出】饿了么红包:7.00元+【活动支出】替用户承担配送费:5.6元,-,-,-,1.00,温州区域,温州加盟,,,否,-,平台配送
圣比萨（永中店）,SBS00013,温州,"8094686088665223457	",饿了么,平台外卖,已完成,2025-10-21 19:59:38,2025-10-21 19:59:38,2025-10-21 19:59:38,饿了么支付-在线支付,,即时单,2025-10-21 19:59:38,6.83,手动出餐,1,否,"新奥尔良烤鸡肉披萨-7寸(手拍)[{""name"":""规格"",""value"":""7寸(手拍)""}]（45.00*1）,餐盒（1.00*1）",新奥尔良烤鸡肉披萨,,,,非会员,16,,,无需餐具,,45.00,7.12,32.10,0.00,0,0,1.43,0.00,4.00,【活动支出】首次光顾立减:2.00元+【活动支出】单品特价:21.10元+【活动支出】 商家自营销加码:2.00元+【活动支出】粉丝群:2.00元+【活动支出】饿了么红包:5.00元+【活动支出】替用户承担配送费:4.0元,-,-,-,1.00,温州区域,温州加盟,,,否,-,平台配送
圣比萨（永中店）,SBS00013,温州,"8069450254751980910	",饿了么,平台外卖,已退款,2025-10-21 20:49:49,2025-10-21 20:49:49,2025-10-21 20:49:49,饿了么支付-在线支付,,即时单,2025-10-21 20:49:49,10.13,自动出餐,1,否,"柠檬茶[冷]（6.00*1）,[买一送一]买披萨送意面[浪漫威尼斯披萨7英寸+招牌肉酱意面]（75.00*1）,【新客福利】香烤地道肠1根（7.50*1）,奥尔良烤翅（14.00*1）,蛋挞1个（5.00*1）,餐盒（7.00*1）",柠檬茶+浪漫威尼斯披萨【7英寸(手拍)】+招牌肉酱意面+地道肠1根+奥尔良烤翅+蛋挞1个,,,,非会员,17,,,依据餐量提供餐具,餐厅同意退单 没收到外卖,107.50,-3.28,59.12,44.58,0,0,3.93,0.00,3.50,【活动支出】店铺满减:6.00元+【活动支出】首次光顾立减:2.00元+【活动支出】单品特价:30.10元+【活动支出】单品特价:5.51元+【活动支出】单品特价:1.10元+【活动支出】单品特价:2.41元+【活动支出】饿了么红包:12.00元+【活动支出】替用户承担配送费:3.5元,-,-,-,7.00,温州区域,温州加盟,,,否,-,平台配送
圣比萨（永中店）,SBS00013,温州,"8082440254749887865	",饿了么,平台外卖,已完成,2025-10-21 20:50:57,2025-10-21 20:50:57,2025-10-21 20:50:57,饿了么支付-在线支付,,即时单,2025-10-21 20:50:57,10.03,自动出餐,1,否,手握三选一+二选一+可乐-单点[奥尔良+上校鸡块 2 块+可乐]（24.00*1）,小可乐+奥尔良风情烤鸡肉一人食盒子披萨+上校鸡块2个,,,,非会员,18,,,依据餐量提供餐具,,24.00,14.00,0.00,0.00,0,0,0.00,0.00,,【活动支出】拼团反圈活动:0.00元,-,-,-,0.00,温州区域,温州加盟,,,否,-,平台配送
圣比萨（永中店）,SBS00013,温州,"8069450254785635675	",饿了么,平台外卖,已完成,2025-10-21 21:44:35,2025-10-21 21:44:35,2025-10-21 21:44:35,饿了么支付-在线支付,,即时单,2025-10-21 21:44:35,9.95,手动出餐,1,否,"柠檬茶[冷]（6.00*1）,[买一送一]买披萨送意面[浪漫威尼斯披萨7英寸+招牌肉酱意面]（75.00*1）,【新客福利】香烤地道肠1根（7.50*1）,奥尔良烤翅（14.00*1）,蛋挞1个（5.00*1）,餐盒（7.00*1）",柠檬茶+浪漫威尼斯披萨【7英寸(手拍)】+招牌肉酱意面+地道肠1根+奥尔良烤翅+蛋挞1个,,,,非会员,19,,,依据餐量提供餐具,,107.50,40.80,59.12,0.00,0,0,3.93,0.00,5.60,【活动支出】店铺满减:6.00元+【活动支出】首次光顾立减:2.00元+【活动支出】单品特价:30.10元+【活动支出】单品特价:5.51元+【活动支出】单品特价:1.10元+【活动支出】单品特价:2.41元+【活动支出】饿了么红包:12.00元+【活动支出】替用户承担配送费:5.6元,-,-,-,7.00,温州区域,温州加盟,,,否,-,平台配送
圣比萨（永中店）,SBS00013,温州,"8099876088675365333	",饿了么,平台外卖,已完成,2025-10-21 22:00:38,2025-10-21 22:00:38,2025-10-21 22:00:38,饿了么支付-在线支付,,即时单,2025-10-21 22:00:38,10.13,自动出餐,1,否,"缤纷水果披萨-9英寸(手拍)[{""name"":""规格"",""value"":""9英寸(手拍)""}]（75.00*1）,奶酪芝士卷边（9英寸）（6.90*1）,蛋挞2个（12.00*1）,番茄牛肉意面（52.00*1）,餐盒（3.00*1）",缤纷水果披萨+奶酪芝士卷边9+蛋挞+番茄牛肉意面,,,,非会员,20,,,2份餐具,,145.90,40.10,89.30,0.00,0,0,4.25,0.00,11.30,【活动支出】店铺满减:6.00元+【活动支出】单品特价:40.10元+【活动支出】单品特价:3.10元+【活动支出】单品特价:28.10元+【活动支出】饿了么红包:12.00元+【活动支出】替用户承担配送费:6.0元,-,-,-,3.00,温州区域,温州加盟,,,否,-,平台配送
圣比萨（永中店）,SBS00013,温州,"8056010254865777991	",饿了么,平台外卖,已完成,2025-10-21 22:04:30,2025-10-21 22:04:30,2025-10-21 22:04:30,饿了么支付-在线支付,,即时单,2025-10-21 22:04:30,10.20,自动出餐,1,否,"金牌芝士披萨7英寸[7英寸]（42.99*1）,餐盒（2.00*1）",金牌芝士披萨【7英寸(手拍)】,,,,非会员,21,,,依据餐量提供餐具,,42.99,8.52,29.19,0.00,0,0,1.43,0.00,5.60,【活动支出】首次光顾立减:2.00元+【活动支出】单品特价:20.19元+【活动支出】 商家自营销加码:2.00元+【活动支出】饿了么红包:5.00元+【活动支出】替用户承担配送费:5.6元,-,-,-,2.00,温州区域,温州加盟,,,否,-,平台配送
圣比萨·披萨·炸鸡（陈家港店）,SBM00014,盐城,"8000390254436581668	",饿了么,平台外卖,已完成,2025-10-21 11:56:29,2025-10-21 11:56:29,2025-10-21 11:56:29,饿了么支付-在线支付,,即时单,2025-10-21 11:56:29,13.00,手动出餐,1,否,"奶酪芝士卷边（7英寸）（4.90*1）,碳烤鸡肉培根披萨-7英寸(手拍)[{""name"":""规格"",""value"":""7英寸(手拍)""}]（28.90*1）,免费送小吃（每单限一份）[上校鸡块2个]（0.00*1）,餐盒（1.00*1）",奶酪芝士卷边7+碳烤鸡肉培根披萨+上校鸡块2个,,,,非会员,1,,,依据餐量提供餐具,,33.80,15.80,7.00,0.00,0,0,8.00,0.00,5.00,【活动支出】粉丝群:2.00元+【活动支出】饿了么红包:5.00元+【活动支出】替用户承担配送费:5.0元,-,-,-,1.00,江苏区域,江苏直营店,,,否,-,平台配送
圣比萨·披萨·炸鸡（陈家港店）,SBM00014,盐城,"8063090254471602615	",饿了么,平台外卖,已完成,2025-10-21 12:49:41,2025-10-21 12:49:41,2025-10-21 12:49:42,饿了么支付-在线支付,,即时单,2025-10-21 12:49:41,8.03,手动出餐,1,否,"免费送小吃（每单限一份）[薯饼1个]（0.00*1）,爆款鸡柳桶[孜然]（28.90*1）,餐盒（1.00*1）",上校鸡块2个+大圣鸡柳三合一,,,,非会员,2,,,放门口 / 依据餐量提供餐具,,28.90,12.02,7.00,0.00,0,0,6.88,0.00,5.00,【活动支出】饿了么红包:5.00元+【活动支出】粉丝群:2.00元+【活动支出】替用户承担配送费:5.0元,-,-,-,1.00,江苏区域,江苏直营店,,,否,-,平台配送
圣比萨·披萨·炸鸡（陈家港店）,SBM00014,盐城,"8094000254563862824	",饿了么,平台外卖,已完成,2025-10-21 13:14:52,2025-10-21 13:14:52,2025-10-21 13:14:53,饿了么支付-在线支付,,即时单,2025-10-21 13:14:52,9.63,手动出餐,1,否,"鸡排芝士套餐[香辣]（28.90*1）,餐盒（1.00*1）",鸡排芝士套餐[香辣]+餐盒,,,,非会员,3,,,鸡排多放一点辣 / 1份餐具,,28.90,14.02,5.00,0.00,0,0,6.88,0.00,5.00,【活动支出】CPS商户叠加券:0.00元+【活动支出】饿了么红包:5.00元+【活动支出】替用户承担配送费:5.0元,-,-,-,1.00,江苏区域,江苏直营店,,,否,-,平台配送
圣比萨·披萨·炸鸡（陈家港店）,SBM00014,盐城,"8023616088525969690	",饿了么,平台外卖,已完成,2025-10-21 16:12:31,2025-10-21 16:12:31,2025-10-21 16:12:31,饿了么支付-在线支付,,即时单,2025-10-21 16:12:31,9.40,手动出餐,1,否,"招牌大圣鸡排（2个）[孜然]（16.90*1）,大圣香肠1串[甘梅]（5.90*1）,餐盒（1.00*1）",大圣香肠1串,,,,非会员,4,,,到这边不要打电话，发信息给我 / 依据餐量提供餐具,,22.80,9.33,5.00,0.00,0,0,5.47,0.00,5.00,【活动支出】饿了么红包:5.00元+【活动支出】替用户承担配送费:5.0元,-,-,-,1.00,江苏区域,江苏直营店,,,否,-,平台配送
圣比萨·披萨·炸鸡（陈家港店）,SBM00014,盐城,"8056470254595946926	",饿了么,平台外卖,已完成,2025-10-21 18:09:31,2025-10-21 18:09:31,2025-10-21 18:09:31,饿了么支付-在线支付,,即时单,2025-10-21 18:09:31,9.83,手动出餐,1,否,"圣比招牌披萨-7英寸(经典手拍)[{""name"":""规格"",""value"":""7英寸(经典手拍)""}]（33.90*1）,餐盒（1.00*1）",大圣招牌大满贯披萨,,,,非会员,5,,,依据餐量提供餐具,,33.90,17.87,5.00,0.00,0,0,8.03,0.00,5.00,【活动支出】饿了么红包:5.00元+【活动支出】替用户承担配送费:5.0元,-,-,-,1.00,江苏区域,江苏直营店,,,否,-,平台配送
圣比萨·披萨·炸鸡（陈家港店）,SBM00014,盐城,"8036856088604276047	",饿了么,平台外卖,已退款,2025-10-21 18:41:35,2025-10-21 18:41:35,2025-10-21 18:41:35,饿了么支付-在线支付,,即时单,2025-10-21 18:41:35,,未出餐,1,否,"招牌大圣鸡排（2个）[孜然]（16.90*1）,大圣招牌肉串（3串）[孜然]（16.90*1）,免费送小吃（每单限一份）[上校鸡块2个]（0.00*1）,餐盒（1.00*1）",大圣招牌肉串3串+上校鸡块2个,,,,非会员,6,,,依据餐量提供餐具,订单强制无效（商家主动取消已接订单、用户1分钟内取消),33.80,-5.00,5.00,22.80,0,0,8.00,0.00,5.00,【活动支出】饿了么红包:5.00元+【活动支出】替用户承担配送费:5.0元,-,-,-,1.00,江苏区域,江苏直营店,,,否,-,平台配送
圣比萨·披萨·炸鸡（陈家港店）,SBM00014,盐城,"8089310254815282632	",饿了么,平台外卖,已完成,2025-10-21 19:14:29,2025-10-21 19:14:29,2025-10-21 19:14:29,饿了么支付-在线支付,,即时单,2025-10-21 19:14:29,10.12,手动出餐,1,否,"经典奥尔良三件套[甘梅]（39.90*1）,餐盒（1.00*1）",经典奥尔良三件套[甘梅]+餐盒,,,,非会员,7,,,依据餐量提供餐具,,39.90,21.49,6.00,0.00,0,0,9.41,0.00,5.00,【活动支出】店铺满减:1.00元+【活动支出】饿了么红包:5.00元+【活动支出】替用户承担配送费:5.0元,-,-,-,1.00,江苏区域,江苏直营店,,,否,-,平台配送
圣比萨·披萨·炸鸡（陈家港店）,SBM00014,盐城,"8010966088658482538	",饿了么,平台外卖,已完成,2025-10-21 21:01:40,2025-10-21 21:01:40,2025-10-21 21:01:40,饿了么支付-在线支付,,即时单,2025-10-21 21:01:40,11.23,手动出餐,1,否,"新奥尔良烤鸡肉披萨-7寸(手拍)[{""name"":""规格"",""value"":""7寸(手拍)""}]（28.90*1）,餐盒（1.00*1）",新奥尔良烤鸡肉披萨,,,,非会员,8,,,2份餐具,,28.90,14.02,5.00,0.00,0,0,6.88,0.00,5.00,【活动支出】饿了么红包:5.00元+【活动支出】替用户承担配送费:5.0元,-,-,-,1.00,江苏区域,江苏直营店,,,否,-,平台配送
圣比萨·披萨·炸鸡（陈家港店）,SBM00014,盐城,"8090450254781115803	",饿了么,平台外卖,已完成,2025-10-21 21:29:47,2025-10-21 21:29:47,2025-10-21 21:29:47,饿了么支付-在线支付,,即时单,2025-10-21 21:29:47,12.62,手动出餐,1,否,"深海墨鱼丸-6个[{""name"":""规格"",""value"":""6个""}]（9.90*1）,新奥尔良烤鸡肉披萨-12寸(手拍)[{""name"":""规格"",""value"":""12寸(手拍)""}]（62.90*1）,餐盒（1.50*1）",深海墨鱼丸+新奥尔良烤鸡肉披萨,,,,非会员,9,,,依据餐量提供餐具,,72.80,45.21,8.00,0.00,0,0,17.09,0.00,5.00,【活动支出】店铺满减:3.00元+【活动支出】饿了么红包:5.00元+【活动支出】替用户承担配送费:5.0元,-,-,-,1.50,江苏区域,江苏直营店,,,否,-,平台配送
圣比萨·披萨·炸鸡（陈家港店）,SBM00014,盐城,"8056400254858381782	",饿了么,平台外卖,已完成,2025-10-21 21:32:51,2025-10-21 21:32:51,2025-10-21 21:32:51,饿了么支付-在线支付,,即时单,2025-10-21 21:32:51,11.02,手动出餐,1,否,"爆款鸡柳桶[甘梅]（28.90*1）,免费送小吃（每单限一份）[薯饼1个]（0.00*1）,餐盒（1.00*1）",大圣鸡柳三合一+上校鸡块2个,,,,非会员,10,,,平菇换成鸡柳薯条都行。放门口不用电话敲门 / 依据餐量提供餐具,,28.90,12.02,7.00,0.00,0,0,6.88,0.00,5.00,【活动支出】粉丝群:2.00元+【活动支出】饿了么红包:5.00元+【活动支出】替用户承担配送费:5.0元,-,-,-,1.00,江苏区域,江苏直营店,,,否,-,平台配送
圣比萨·披萨·炸鸡（陈家港店）,SBM00014,盐城,"8007190254772612404	",饿了么,平台外卖,已完成,2025-10-21 22:38:26,2025-10-21 22:38:26,2025-10-21 22:38:26,饿了么支付-在线支付,,即时单,2025-10-21 22:38:26,13.02,自动出餐,1,否,"【任选5件套】披萨意面我全都要（72.70*1）,餐盒（3.00*1）",明星小食桶B+大圣招牌大满贯披萨(7英寸(手拍))+芒果汁+柠檬茶+招牌肉酱意面,,,,非会员,11,,,不要敲门，放门口拍照确认送达即可 / 依据餐量提供餐具,,72.70,46.29,8.00,0.00,0,0,17.41,0.00,6.00,【活动支出】店铺满减:3.00元+【活动支出】饿了么红包:5.00元+【活动支出】替用户承担配送费:6.0元,-,-,-,3.00,江苏区域,江苏直营店,,,否,-,平台配送
圣比萨（龙霞店）,SBS00007,温州,"8077506088283247952	",饿了么,平台外卖,已完成,2025-10-21 08:56:07,2025-10-21 08:56:07,2025-10-21 08:56:08,饿了么支付-在线支付,,预约单,2025-10-21 10:25:00,44.03,自动出餐,1,否,"7英寸奥尔良烤鸡肉披萨[7英奥尔良烤鸡肉披萨]（58.00*1）,【新客福利】台式香烤地道肠（7.50*1）,餐盒（2.50*1）",新奥尔良烤鸡肉披萨【7英寸(手拍)】+地道肠1根,,,,非会员,1,,,o / 1份餐具,,65.50,10.09,50.61,0.00,0,0,1.43,0.00,3.50,【活动支出】单品特价:37.10元+【活动支出】单品特价:6.51元+【活动支出】超级会员专享红包:5.00元+【活动支出】 商家自营销加码:2.00元+【活动支出】替用户承担配送费:3.5元,-,-,-,2.50,温州区域,温州直营,,,否,-,平台配送
圣比萨（龙霞店）,SBS00007,温州,"8066726088370083182	",饿了么,平台外卖,已完成,2025-10-21 10:54:35,2025-10-21 10:54:35,2025-10-21 10:54:35,饿了么支付-在线支付,,即时单,2025-10-21 10:54:35,10.12,自动出餐,1,否,"【随心拼】7英寸披萨(口味自选）[日系照烧+浪漫威尼斯]（54.00*1）,咸蛋黄风味流沙卷边（7英寸）（4.90*1）,芒果汁[冷]（10.00*1）,餐盒（3.00*1）",双拼7寸【日系照烧口味7】+双拼7寸【浪漫威尼斯口味7】+咸蛋黄流沙卷边7+芒果汁,,,,非会员,2,,,依据餐量提供餐具,,68.90,27.88,33.10,0.00,0,0,2.65,0.00,3.50,【活动支出】店铺满减:1.00元+【活动支出】单品特价:28.10元+【活动支出】单品特价:4.00元+【活动支出】替用户承担配送费:3.5元,-,-,-,3.00,温州区域,温州直营,,,否,-,平台配送
圣比萨（龙霞店）,SBS00007,温州,"8083120254423503235	",饿了么,平台外卖,已完成,2025-10-21 11:40:03,2025-10-21 11:40:03,2025-10-21 11:40:03,饿了么支付-在线支付,,即时单,2025-10-21 11:40:03,12.08,自动出餐,1,否,"7英寸奥尔良烤鸡肉披萨[7英奥尔良烤鸡肉披萨]（58.00*1）,餐盒（2.00*1）",新奥尔良烤鸡肉披萨【7英寸(手拍)】,,,,非会员,3,,,依据餐量提供餐具,,58.00,8.60,44.10,0.00,0,0,1.43,0.00,3.50,【活动支出】单品特价:37.10元+【活动支出】 商家自营销加码:2.00元+【活动支出】饿了么红包:5.00元+【活动支出】替用户承担配送费:3.5元,-,-,-,2.00,温州区域,温州直营,,,否,-,平台配送
圣比萨（龙霞店）,SBS00007,温州,"8092050254627497342	",饿了么,平台外卖,已完成,2025-10-21 12:08:31,2025-10-21 12:08:31,2025-10-21 12:08:31,饿了么支付-在线支付,,即时单,2025-10-21 12:08:31,12.23,自动出餐,1,否,"超值全翅桶（78.00*1）,花果山披萨-9英寸(手拍)[{""name"":""规格"",""value"":""9英寸(手拍)""}]（75.00*1）,奥尔良烤翅（14.00*1）,红薯薯泥流心卷边（9英寸）（6.90*1）,餐盒（5.00*1）",全翅桶+花果山披萨+奥尔良烤翅+红薯泥流心卷边9,,,,非会员,4,,,依据餐量提供餐具,,173.90,72.90,84.30,0.00,0,0,6.83,0.00,3.50,【活动支出】店铺满减:4.00元+【活动支出】单品特价:28.10元+【活动支出】单品特价:39.10元+【活动支出】单品特价:1.10元+【活动支出】饿了么红包:12.00元+【活动支出】替用户承担配送费:3.5元,-,-,-,5.00,温州区域,温州直营,,,否,-,平台配送
圣比萨（龙霞店）,SBS00007,温州,"8014240254484323647	",饿了么,平台外卖,已完成,2025-10-21 13:33:46,2025-10-21 13:33:46,2025-10-21 13:33:47,饿了么支付-在线支付,,即时单,2025-10-21 13:33:46,10.00,自动出餐,1,否,"柠檬茶[常温]（6.00*1）,美式香骨鸡（8.90*1）,招牌肉酱意面（52.00*1）,保温袋1个（远距离建议加购）（10.00*1）,餐盒（3.00*1）",柠檬茶+美式香骨鸡+招牌肉酱意面+保温袋,,,,非会员,5,,,依据餐量提供餐具,,76.90,25.24,44.60,0.00,0,0,2.39,0.00,4.00,【活动支出】店铺满减:1.00元+【活动支出】单品特价:24.10元+【活动支出】单品特价:9.50元+【活动支出】粉丝群:1.00元+【活动支出】饿了么红包:9.00元+【活动支出】替用户承担配送费:4.0元,-,-,-,3.00,温州区域,温州直营,,,否,-,平台配送
圣比萨（龙霞店）,SBS00007,温州,"8064290254551494046	",饿了么,平台外卖,已完成,2025-10-21 17:00:18,2025-10-21 17:00:18,2025-10-21 17:00:18,饿了么支付-在线支付,,即时单,2025-10-21 17:00:18,10.18,自动出餐,1,否,"榴莲王披萨-12英寸(手拍)[{""name"":""规格"",""value"":""12英寸(手拍)""}]（129.00*1）,奶酪芝士卷边（12英寸）（8.90*1）,餐盒（1.00*1）",榴莲王披萨+奶酪芝士卷边,,,,非会员,6,,,1份餐具,,137.90,44.44,80.10,0.00,0,0,4.19,0.00,3.50,【活动支出】店铺满减:6.00元+【活动支出】单品特价:65.10元+【活动支出】粉丝群:1.00元+【活动支出】饿了么红包:8.00元+【活动支出】替用户承担配送费:3.5元,-,-,-,1.00,温州区域,温州直营,,,否,-,平台配送
圣比萨（龙霞店）,SBS00007,温州,"8026746088514799881	",饿了么,平台外卖,已完成,2025-10-21 17:12:20,2025-10-21 17:12:20,2025-10-21 17:12:21,饿了么支付-在线支付,,即时单,2025-10-21 17:12:20,10.12,自动出餐,1,否,"7英寸披萨买一送一[浪漫威尼斯披萨7英寸+日系照烧鸡披萨7英寸]（86.80*1）,点击右上角❤️收藏得小吃[上校鸡块2个]（2.00*1）,【福利优惠】蛋挞一个（原味）（10.00*1）,保温袋1个（远距离建议加购）（10.00*1）,餐盒（3.00*1）",浪漫威尼斯披萨【7英寸(手拍)】+日系照烧鸡披萨【7英寸(手拍)】+上校鸡块2个+蛋挞1个+保温袋,,,,非会员,7,,,依据餐量提供餐具,,108.80,31.76,69.31,0.00,0,0,2.96,0.00,3.50,【活动支出】店铺满减:1.00元+【活动支出】单品特价:39.90元+【活动支出】单品特价:1.90元+【活动支出】单品特价:9.01元+【活动支出】单品特价:9.50元+【活动支出】饿了么红包:8.00元+【活动支出】替用户承担配送费:3.5元,-,-,-,3.00,温州区域,温州直营,,,否,-,平台配送
圣比萨（龙霞店）,SBS00007,温州,"8071100254653448477	",饿了么,平台外卖,已完成,2025-10-21 17:22:52,2025-10-21 17:22:52,2025-10-21 17:22:53,饿了么支付-在线支付,,即时单,2025-10-21 17:22:52,10.17,自动出餐,1,否,新奥尔良烤鸡肉披萨7寸-到店自取（12.50*1）,新奥尔良烤鸡肉披萨【7英寸(手拍)】,,,,非会员,8,,,依据餐量提供餐具【到店自取，取餐码8】,,12.50,12.00,0,0.00,0,0,0.50,0.00,,-,-,-,-,0.00,温州区域,温州直营,,,否,-,平台配送
圣比萨（龙霞店）,SBS00007,温州,"8091190254577179004	",饿了么,平台外卖,已完成,2025-10-21 17:53:56,2025-10-21 17:53:56,2025-10-21 17:53:57,饿了么支付-在线支付,,即时单,2025-10-21 17:53:56,12.23,自动出餐,1,否,手握三选一+二选一+可乐-单点[奥尔良+上校鸡块 2 块+可乐]（24.00*1）,小可乐+奥尔良风情烤鸡肉一人食盒子披萨+上校鸡块2个,,,,非会员,9,,,依据餐量提供餐具,,24.00,14.00,0.00,0.00,0,0,0.00,0.00,,【活动支出】拼团反圈活动:0.00元,-,-,-,0.00,温州区域,温州直营,,,否,-,平台配送
圣比萨（龙霞店）,SBS00007,温州,"8043350254779524430	",饿了么,平台外卖,已完成,2025-10-21 18:14:52,2025-10-21 18:14:52,2025-10-21 18:14:53,饿了么支付-在线支付,,即时单,2025-10-21 18:14:52,12.10,自动出餐,1,否,手握三选一-单点[缤纷水果]（20.00*1）,热带雨林水果一人食盒子披萨,,,,非会员,10,,,依据餐量提供餐具,,20.00,10.00,0.00,0.00,0,0,0.00,0.00,,【活动支出】拼团反圈活动:0.00元,-,-,-,0.00,温州区域,温州直营,,,否,-,平台配送
圣比萨（龙霞店）,SBS00007,温州,"8016716088617045465	",饿了么,平台外卖,已完成,2025-10-21 18:20:55,2025-10-21 18:20:55,2025-10-21 18:20:56,饿了么支付-在线支付,,即时单,2025-10-21 18:20:55,12.20,自动出餐,1,否,"芒果汁[常温]（10.00*1）,台式香烤地道肠（7.50*1）,奥尔良烤翅（14.00*1）,7英寸奥尔良烤鸡肉披萨[7英奥尔良烤鸡肉披萨]（58.00*1）,红薯薯泥流心卷边（7英寸）（4.90*1）,餐盒（6.00*1）",芒果汁+地道肠1根+奥尔良烤翅+新奥尔良烤鸡肉披萨【7英寸(手拍)】+红薯泥流心卷边7,,,,非会员,11,,,依据餐量提供餐具,,94.40,35.51,53.20,0.00,0,0,3.32,0.00,3.50,【活动支出】店铺满减:1.00元+【活动支出】单品特价:4.00元+【活动支出】单品特价:1.10元+【活动支出】单品特价:37.10元+【活动支出】粉丝群:1.00元+【活动支出】饿了么红包:9.00元+【活动支出】替用户承担配送费:3.5元,-,-,-,6.00,温州区域,温州直营,,,否,-,平台配送
圣比萨（龙霞店）,SBS00007,温州,"8053736088582151489	",饿了么,平台外卖,已完成,2025-10-21 18:30:57,2025-10-21 18:30:57,2025-10-21 18:30:58,饿了么支付-在线支付,,即时单,2025-10-21 18:30:57,12.20,自动出餐,1,否,任选披萨5选1+小吃4选1+饮料套餐[奥尔良鸡肉披萨7英寸+深海墨鱼丸2个+小可乐]（68.00*1）,新奥尔良烤鸡肉披萨【7英寸(手拍)】+深海墨鱼丸2个+小可乐,,,,非会员,12,,,依据餐量提供餐具,,68.00,12.92,48.28,0.00,0,0,1.43,0.00,3.50,【活动支出】单品特价:48.28元+【活动支出】替用户承担配送费:3.5元,-,-,-,0.00,温州区域,温州直营,,,否,-,平台配送
圣比萨（龙霞店）,SBS00007,温州,"8023956088597411170	",饿了么,平台外卖,已完成,2025-10-21 18:37:06,2025-10-21 18:37:06,2025-10-21 18:37:07,饿了么支付-在线支付,,即时单,2025-10-21 18:37:06,12.17,自动出餐,1,否,新奥尔良烤鸡肉披萨7寸-单点（22.00*1）,新奥尔良烤鸡肉披萨【7英寸(手拍)】,,,,非会员,13,,,1份餐具,,22.00,12.00,0.00,0.00,0,0,0.00,0.00,,【活动支出】拼团反圈活动:0.00元,-,-,-,0.00,温州区域,温州直营,,,否,-,平台配送
圣比萨（龙霞店）,SBS00007,温州,"8062250254615874853	",饿了么,平台外卖,已完成,2025-10-21 18:38:07,2025-10-21 18:38:07,2025-10-21 18:38:07,饿了么支付-在线支付,,即时单,2025-10-21 18:38:07,12.10,自动出餐,1,否,"意面随心配（58.00*1）,点击右上角❤️收藏得小吃[小薯饼一个]（2.00*1）,餐盒（2.50*1）",盐酥鸡米花小份+地道肠1根+蛋挞1个+番茄培根意面+薯饼1个,,,,非会员,14,,,依据餐量提供餐具,,60.00,15.67,40.00,0.00,0,0,1.46,0.00,3.50,【活动支出】单品特价:31.10元+【活动支出】单品特价:1.90元+【活动支出】饿了么红包:7.00元+【活动支出】替用户承担配送费:3.5元,-,-,-,2.50,温州区域,温州直营,,,否,-,平台配送
圣比萨（龙霞店）,SBS00007,温州,"8023736088569750802	",饿了么,平台外卖,已完成,2025-10-21 18:47:11,2025-10-21 18:47:11,2025-10-21 18:47:12,饿了么支付-在线支付,,即时单,2025-10-21 18:47:11,12.10,自动出餐,1,否,手握三选一-单点[日式照烧]（20.00*1）,日式烧鸟风味一人食盒子披萨,,,,非会员,15,,,依据餐量提供餐具,,20.00,10.00,0.00,0.00,0,0,0.00,0.00,,【活动支出】拼团反圈活动:0.00元,-,-,-,0.00,温州区域,温州直营,,,否,-,平台配送
圣比萨（龙霞店）,SBS00007,温州,"8051586088594947540	",饿了么,平台外卖,已完成,2025-10-21 19:19:48,2025-10-21 19:19:48,2025-10-21 19:19:48,饿了么支付-在线支付,,即时单,2025-10-21 19:19:48,12.05,自动出餐,1,否,"咸蛋黄风味流沙卷边（7英寸）（4.90*1）,7英寸奥尔良烤鸡肉披萨[7英奥尔良烤鸡肉披萨]（58.00*1）,餐盒（2.00*1）",咸蛋黄流沙卷边7+新奥尔良烤鸡肉披萨【7英寸(手拍)】,,,,非会员,16,,,不用送上楼 到楼下打电话给我 / 1份餐具,,62.90,15.94,42.10,0.00,0,0,1.49,0.00,3.50,【活动支出】单品特价:37.10元+【活动支出】平台营销红包（老朋友召回渠道）:5.00元+【活动支出】替用户承担配送费:3.5元,-,-,-,2.00,温州区域,温州直营,,,否,-,平台配送
圣比萨（龙霞店）,SBS00007,温州,"8069916088649815517	",饿了么,平台外卖,已完成,2025-10-21 19:25:35,2025-10-21 19:25:35,2025-10-21 19:25:36,饿了么支付-在线支付,,即时单,2025-10-21 19:25:35,12.13,自动出餐,1,否,"7英寸奥尔良烤鸡肉披萨[7英奥尔良烤鸡肉披萨]（58.00*1）,餐盒（2.00*1）",新奥尔良烤鸡肉披萨【7英寸(手拍)】,,,,非会员,17,,,2份餐具,,58.00,7.30,44.10,0.00,0,0,1.43,0.00,6.20,【活动支出】单品特价:37.10元+【活动支出】 商家自营销加码:2.00元+【活动支出】饿了么红包:5.00元+【活动支出】替用户承担配送费:6.0元,-,-,-,2.00,温州区域,温州直营,,,否,-,平台配送
圣比萨（龙霞店）,SBS00007,温州,"8010200254633555272	",饿了么,平台外卖,已完成,2025-10-21 19:30:19,2025-10-21 19:30:19,2025-10-21 19:30:19,饿了么支付-在线支付,,即时单,2025-10-21 19:30:19,10.18,自动出餐,1,否,"7英寸奥尔良烤鸡肉披萨[7英奥尔良烤鸡肉披萨]（58.00*1）,餐盒（2.00*1）",新奥尔良烤鸡肉披萨【7英寸(手拍)】,,,,非会员,18,,,依据餐量提供餐具,,58.00,7.30,44.10,0.00,0,0,1.43,0.00,6.20,【活动支出】单品特价:37.10元+【活动支出】 商家自营销加码:2.00元+【活动支出】饿了么红包:5.00元+【活动支出】淘金币:0.00元+【活动支出】替用户承担配送费:6.0元,-,-,-,2.00,温州区域,温州直营,,,否,-,平台配送
圣比萨（龙霞店）,SBS00007,温州,"8059470254749615605	",饿了么,平台外卖,已完成,2025-10-21 19:54:07,2025-10-21 19:54:07,2025-10-21 19:54:08,饿了么支付-在线支付,,即时单,2025-10-21 19:54:07,10.05,自动出餐,1,否,"可乐[冷]（5.00*1）,榴莲王披萨-7英寸(经典手拍)[{""name"":""规格"",""value"":""7英寸(经典手拍)""}]（52.00*1）,餐盒（1.00*1）",可乐+榴莲王披萨,,,,非会员,19,,,1份餐具,,57.00,23.16,26.10,0.00,0,0,2.17,0.00,3.50,【活动支出】店铺满减:1.00元+【活动支出】单品特价:18.10元+【活动支出】 商家自营销加码:2.00元+【活动支出】饿了么红包:5.00元+【活动支出】替用户承担配送费:3.5元,-,-,-,1.00,温州区域,温州直营,,,否,-,平台配送
圣比萨（龙霞店）,SBS00007,温州,"8060250254759323116	",饿了么,平台外卖,已完成,2025-10-21 20:04:50,2025-10-21 20:04:50,2025-10-21 20:04:51,饿了么支付-在线支付,,即时单,2025-10-21 20:04:50,10.23,自动出餐,1,否,"【香蕉菠萝】9英寸缤纷水果披萨（75.00*1）,餐盒（2.00*1）",缤纷水果披萨【9英寸(手拍)】,,,,非会员,20,,,依据餐量提供餐具,,75.00,21.31,47.10,0.00,0,0,2.02,0.00,3.50,【活动支出】单品特价:40.10元+【活动支出】饿了么红包:7.00元+【活动支出】替用户承担配送费:3.5元,-,-,-,2.00,温州区域,温州直营,,,否,-,平台配送
圣比萨（龙霞店）,SBS00007,温州,"8093160254850557409	",饿了么,平台外卖,已完成,2025-10-21 20:44:20,2025-10-21 20:44:20,2025-10-21 20:44:21,饿了么支付-在线支付,,即时单,2025-10-21 20:44:20,10.23,自动出餐,1,否,"7英寸奥尔良烤鸡肉披萨[7英奥尔良烤鸡肉披萨]（58.00*1）,餐盒（2.00*1）",新奥尔良烤鸡肉披萨【7英寸(手拍)】,,,,非会员,21,,,依据餐量提供餐具,,58.00,9.10,44.10,0.00,0,0,1.43,0.00,3.50,【活动支出】单品特价:37.10元+【活动支出】 商家自营销加码:2.00元+【活动支出】饿了么红包:5.00元+【活动支出】替用户承担配送费:3.5元,-,-,-,2.00,温州区域,温州直营,,,否,-,平台配送
圣比萨（龙霞店）,SBS00007,温州,"8049370254854157792	",饿了么,平台外卖,已完成,2025-10-21 20:59:45,2025-10-21 20:59:45,2025-10-21 20:59:45,饿了么支付-在线支付,,即时单,2025-10-21 20:59:45,10.22,自动出餐,1,否,"7英寸奥尔良烤鸡肉披萨[7英奥尔良烤鸡肉披萨]（58.00*1）,餐盒（2.00*1）",新奥尔良烤鸡肉披萨【7英寸(手拍)】,,,,非会员,22,,,依据餐量提供餐具,,58.00,9.10,44.10,0.00,0,0,1.43,0.00,3.50,【活动支出】单品特价:37.10元+【活动支出】 商家自营销加码:2.00元+【活动支出】饿了么红包:5.00元+【活动支出】替用户承担配送费:3.5元,-,-,-,2.00,温州区域,温州直营,,,否,-,平台配送
圣比萨（龙霞店）,SBS00007,温州,"8052240254677927288	",饿了么,平台外卖,已完成,2025-10-21 21:36:31,2025-10-21 21:36:31,2025-10-21 21:36:31,饿了么支付-在线支付,,即时单,2025-10-21 21:36:31,10.05,自动出餐,1,否,"7英寸披萨买一送一[奥尔良鸡肉披萨7英寸+圣比招牌披萨7英寸]（86.80*1）,点击右上角❤️收藏得小吃[上校鸡块2个]（2.00*1）,餐盒（2.50*1）",新奥尔良烤鸡肉披萨【7英寸(手拍)】+大圣招牌大满贯披萨【7英寸(手拍)】+上校鸡块2个,,,,非会员,23,,,依据餐量提供餐具,,88.80,25.39,55.80,0.00,0,0,2.44,0.00,5.60,【活动支出】店铺满减:1.00元+【活动支出】单品特价:39.90元+【活动支出】单品特价:1.90元+【活动支出】粉丝群:1.00元+【活动支出】饿了么红包:12.00元+【活动支出】替用户承担配送费:5.6元,-,-,-,2.50,温州区域,温州直营,,,否,-,平台配送
圣比萨（龙霞店）,SBS00007,温州,"8097130254863040822	",饿了么,平台外卖,已完成,2025-10-21 21:50:13,2025-10-21 21:50:13,2025-10-21 21:50:13,饿了么支付-在线支付,,即时单,2025-10-21 21:50:13,10.10,自动出餐,1,否,"【真榴莲果肉】7英寸榴莲王披萨（58.00*1）,番茄牛肉意面（52.00*1）,餐盒（3.00*1）",榴莲王披萨7英寸+番茄牛肉意面,,,,非会员,24,,,依据餐量提供餐具,,110.00,32.79,68.20,0.00,0,0,3.14,0.00,5.60,【活动支出】店铺满减:6.00元+【活动支出】单品特价:24.10元+【活动支出】单品特价:28.10元+【活动支出】粉丝群:1.00元+【活动支出】饿了么红包:9.00元+【活动支出】替用户承担配送费:5.6元,-,-,-,3.00,温州区域,温州直营,,,否,-,平台配送
圣比萨（龙霞店）,SBS00007,温州,"8050516088660604340	",饿了么,平台外卖,已完成,2025-10-21 21:51:17,2025-10-21 21:51:17,2025-10-21 21:51:18,饿了么支付-在线支付,,即时单,2025-10-21 21:51:17,10.08,自动出餐,1,否,"爆款披萨双人超值套餐[奥尔良鸡肉披萨7英寸+番茄牛肉意面+小可乐+柠檬茶]（88.00*1）,餐盒（2.00*1）",新奥尔良烤鸡肉披萨【7英寸(手拍)】+番茄牛肉意面+小可乐+柠檬茶,,,,非会员,25,,,依据餐量提供餐具,,88.00,27.94,51.10,0.00,0,0,2.69,0.00,5.60,【活动支出】店铺满减:1.00元+【活动支出】单品特价:41.10元+【活动支出】饿了么红包:9.00元+【活动支出】替用户承担配送费:5.6元,-,-,-,2.00,温州区域,温州直营,,,否,-,平台配送
圣比萨（玉环楚门店）,SBS00028,台州,"8003330254400623028	",饿了么,平台外卖,已完成,2025-10-21 07:02:56,2025-10-21 07:02:56,2025-10-21 07:02:57,饿了么支付-在线支付,,预约单,2025-10-21 16:10:00,502.22,自动出餐,1,否,【任选】披萨8选1+小吃5选1+饮品·[奥尔良鸡肉披萨7英寸+上校鸡块4个+港式奶茶]（58.00*1）,新奥尔良烤鸡肉披萨【7英寸(手拍)】+上校鸡块+港式奶茶,,,,非会员,1,,,2份餐具,,58.00,14.35,34.50,0.00,0,0,1.45,0.00,3.30,【活动支出】单品特价:27.50元+【活动支出】 商家自营销加码:2.00元+【活动支出】饿了么红包:5.00元+【活动支出】替用户承担配送费:3.3元,-,-,-,0.00,台州区域,台州加盟,,,否,-,平台配送
圣比萨（玉环楚门店）,SBS00028,台州,"8008936088304257404	",饿了么,平台外卖,已完成,2025-10-21 10:25:04,2025-10-21 10:25:04,2025-10-21 10:25:05,饿了么支付-在线支付,,即时单,2025-10-21 10:25:04,10.20,自动出餐,1,否,"点击右上角❤️收藏得小吃[上校鸡块2个]（2.00*1）,奥尔良烤鸡肉披萨-9英寸(手拍)[{""name"":""规格"",""value"":""9英寸(手拍)""}]（78.00*1）,奶酪芝士卷边（9英寸）（6.90*1）",上校鸡块2个+新奥尔良烤鸡肉披萨+奶酪芝士卷边9,,,,非会员,2,,,依据餐量提供餐具,,86.90,21.46,55.00,0.00,0,0,2.04,0.00,6.30,【活动支出】单品特价:1.90元+【活动支出】店铺满减:1.00元+【活动支出】单品特价:44.10元+【活动支出】饿了么红包:8.00元+【活动支出】替用户承担配送费:3.5元,-,-,-,0.00,台州区域,台州加盟,,,否,-,平台配送
圣比萨（玉环楚门店）,SBS00028,台州,"8067080254368103800	",饿了么,平台外卖,已完成,2025-10-21 10:45:06,2025-10-21 10:45:06,2025-10-21 10:45:06,饿了么支付-在线支付,,预约单,2025-10-21 11:35:00,5.10,自动出餐,1,否,"奥尔良烤鸡肉披萨-7英寸(手拍)[{""name"":""规格"",""value"":""7英寸(手拍)""}]（45.00*1）",新奥尔良烤鸡肉披萨,,,,非会员,3,,,放前台 / 1份餐具,,45.00,10.80,28.10,0.00,0,0,1.10,0.00,2.30,【活动支出】单品特价:21.10元+【活动支出】 商家自营销加码:2.00元+【活动支出】饿了么红包:5.00元+【活动支出】替用户承担配送费:2.3元,-,-,-,0.00,台州区域,台州加盟,,,否,-,平台配送
圣比萨（玉环楚门店）,SBS00028,台州,"8034080254453511631	",饿了么,平台外卖,已完成,2025-10-21 10:47:08,2025-10-21 10:47:08,2025-10-21 10:47:08,饿了么支付-在线支付,,即时单,2025-10-21 10:47:08,10.12,自动出餐,1,否,【任选】披萨8选1+小吃5选1+饮品·[奥尔良鸡肉披萨7英寸+盐酥鸡米花小份+小可乐]（58.00*1）,新奥尔良烤鸡肉披萨【7英寸(手拍)】+盐酥鸡米花小份+小可乐,,,,非会员,4,,,2份餐具,,58.00,15.77,34.50,0.00,0,0,1.53,0.00,2.30,【活动支出】单品特价:27.50元+【活动支出】饿了么红包:7.00元+【活动支出】替用户承担配送费:2.3元,-,-,-,0.00,台州区域,台州加盟,,,否,-,平台配送
圣比萨（玉环楚门店）,SBS00028,台州,"8070516088366808491	",饿了么,平台外卖,已完成,2025-10-21 10:52:56,2025-10-21 10:52:56,2025-10-21 10:52:57,饿了么支付-在线支付,,即时单,2025-10-21 10:52:56,10.07,自动出餐,1,否,"经典薯条（18.00*1）,【任选】披萨8选1+小吃5选1+饮品·[缤纷水果披萨7英寸+金丝鸡排+柠檬茶]（58.00*1）,奶酪芝士卷边（7英寸）（4.90*1）",经典薯条+缤纷水果披萨【7英寸(手拍)】+金丝鸡排+柠檬茶+奶酪芝士卷边7,,,,非会员,5,,,依据餐量提供餐具,,80.90,25.94,44.00,0.00,0,0,2.46,0.00,2.80,【活动支出】店铺满减:1.00元+【活动支出】单品特价:8.50元+【活动支出】单品特价:27.50元+【活动支出】 商家自营销加码:2.00元+【活动支出】饿了么红包:5.00元+【活动支出】替用户承担配送费:2.8元,-,-,-,0.00,台州区域,台州加盟,,,否,-,平台配送
圣比萨（玉环楚门店）,SBS00028,台州,"8019656088446986650	",饿了么,平台外卖,已完成,2025-10-21 14:05:01,2025-10-21 14:05:01,2025-10-21 14:05:02,饿了么支付-在线支付,,即时单,2025-10-21 14:05:01,10.13,自动出餐,1,否,"蛋挞1个（5.00*1）,【任选】披萨8选1+小吃5选1+饮品·[纯芝士披萨7英寸+盐酥鸡米花小份+小可乐]（58.00*1）,奶酪芝士卷边（7英寸）（4.90*1）,餐盒（1.00*1）",蛋挞1个+金牌芝士披萨【7英寸(手拍)】+盐酥鸡米花小份+小可乐+奶酪芝士卷边7,,,,非会员,6,,,依据餐量提供餐具,,67.90,20.32,36.50,0.00,0,0,2.08,0.00,5.00,【活动支出】店铺满减:1.00元+【活动支出】单品特价:27.50元+【活动支出】 商家自营销加码:0.00元+【活动支出】饿了么红包:8.00元+【活动支出】替用户承担配送费:5.0元,-,-,-,1.00,台州区域,台州加盟,,,否,-,平台配送
圣比萨（玉环楚门店）,SBS00028,台州,"8014200254497796484	",饿了么,平台外卖,已完成,2025-10-21 14:06:28,2025-10-21 14:06:28,2025-10-21 14:06:28,饿了么支付-在线支付,,预约单,2025-10-21 16:45:00,113.58,自动出餐,1,否,"咸蛋黄风味流沙卷边（7英寸）（4.90*1）,【任选】披萨8选1+小吃5选1+饮品·[日系照烧鸡披萨7英寸+盐酥鸡米花小份+柠檬茶]（58.00*1）",咸蛋黄流沙卷边7+日系照烧鸡披萨【7英寸(手拍)】+盐酥鸡米花小份+柠檬茶,,,,非会员,7,,,1份餐具,,62.90,16.61,34.50,0.00,0,0,1.79,0.00,5.60,【活动支出】单品特价:27.50元+【活动支出】饿了么红包:7.00元+【活动支出】替用户承担配送费:5.0元,-,-,-,0.00,台州区域,台州加盟,,,否,-,平台配送
圣比萨（玉环楚门店）,SBS00028,台州,"8025516088465723777	",饿了么,平台外卖,已完成,2025-10-21 14:46:58,2025-10-21 14:46:58,2025-10-21 14:46:58,饿了么支付-在线支付,,即时单,2025-10-21 14:46:58,9.88,手动出餐,1,否,【任选】披萨8选1+小吃5选1+饮品·[缤纷水果披萨7英寸+上校鸡块4个+柠檬茶]（58.00*1）,缤纷水果披萨【7英寸(手拍)】+上校鸡块+柠檬茶,,,,非会员,8,,,1份餐具,,58.00,14.26,34.50,0.00,0,0,1.44,0.00,3.80,【活动支出】单品特价:27.50元+【活动支出】饿了么红包:7.00元+【活动支出】替用户承担配送费:3.8元,-,-,-,0.00,台州区域,台州加盟,,,否,-,平台配送
圣比萨（玉环楚门店）,SBS00028,台州,"8030150254696242592	",饿了么,平台外卖,已完成,2025-10-21 15:09:16,2025-10-21 15:09:16,2025-10-21 15:09:17,饿了么支付-在线支付,,预约单,2025-10-21 16:30:00,35.97,自动出餐,1,否,"玉米沙拉披萨-9英寸(手拍)[{""name"":""规格"",""value"":""9英寸(手拍)""}]（75.00*1）,奶酪芝士卷边（9英寸）（6.90*1）",玉米沙拉披萨+奶酪芝士卷边9,,,,非会员,9,,,2份餐具,,81.90,20.90,51.10,0.00,0,0,2.00,0.00,3.80,【活动支出】店铺满减:1.00元+【活动支出】单品特价:41.10元+【活动支出】饿了么红包:9.00元+【活动支出】替用户承担配送费:3.8元,-,-,-,0.00,台州区域,台州加盟,,,否,-,平台配送
圣比萨（玉环楚门店）,SBS00028,台州,"8058886088538654062	",饿了么,平台外卖,已完成,2025-10-21 15:44:38,2025-10-21 15:44:38,2025-10-21 15:44:38,饿了么支付-在线支付,,即时单,2025-10-21 15:44:38,10.02,自动出餐,1,否,"奶酪芝士卷边（7英寸）（4.90*1）,奶酪芝士卷边（7英寸）（4.90*1）,【任选2件套】买一送一7英寸披萨[奥尔良鸡肉披萨7英寸+圣比招牌披萨7英寸]（86.80*1）",奶酪芝士卷边7+奶酪芝士卷边7+新奥尔良烤鸡肉披萨【7英寸(手拍)】+大圣招牌大满贯披萨【7英寸(手拍)】,,,,非会员,10,,,依据餐量提供餐具,,96.60,30.83,50.90,0.00,0,0,3.07,0.00,6.20,【活动支出】店铺满减:1.00元+【活动支出】单品特价:41.90元+【活动支出】饿了么红包:8.00元+【活动支出】替用户承担配送费:6.0元,-,-,-,0.00,台州区域,台州加盟,,,否,-,平台配送
圣比萨（玉环楚门店）,SBS00028,台州,"8065916088500473114	",饿了么,平台外卖,已完成,2025-10-21 15:45:43,2025-10-21 15:45:43,2025-10-21 15:45:43,饿了么支付-在线支付,,即时单,2025-10-21 15:45:43,10.12,自动出餐,1,否,"榴莲王披萨-7英寸(经典手拍)[{""name"":""规格"",""value"":""7英寸(经典手拍)""}]（52.00*1）,点击右上角❤️收藏得小吃[上校鸡块2个]（2.00*2）,榴莲芝士挞（12.00*1）",榴莲王披萨+上校鸡块2个+榴莲芝士挞,,,,非会员,11,,,依据餐量提供餐具,,68.00,18.75,36.50,0.00,0,0,2.05,0.00,6.20,【活动支出】店铺满减:1.00元+【活动支出】单品特价:18.10元+【活动支出】单品特价:1.90元+【活动支出】单品特价:1.50元+【活动支出】 商家自营销加码:0.00元+【活动支出】粉丝群:2.00元+【活动支出】饿了么红包:12.00元+【活动支出】替用户承担配送费:6.0元,-,-,-,0.00,台州区域,台州加盟,,,否,-,平台配送
圣比萨（玉环楚门店）,SBS00028,台州,"8058866088478131566	",饿了么,平台外卖,已完成,2025-10-21 15:51:11,2025-10-21 15:51:11,2025-10-21 15:51:12,饿了么支付-在线支付,,即时单,2025-10-21 15:51:11,10.02,自动出餐,1,否,"缤纷水果披萨-7英寸(手拍)[{""name"":""规格"",""value"":""7英寸(手拍)""}]（42.00*1）,芝士焗红薯泥（19.00*1）",缤纷水果披萨+芝士焗红薯泥,,,,非会员,12,,,依据餐量提供餐具,,61.00,20.65,31.60,0.00,0,0,1.95,0.00,2.30,【活动支出】单品特价:16.10元+【活动支出】单品特价:8.50元+【活动支出】饿了么红包:7.00元+【活动支出】替用户承担配送费:2.3元,-,-,-,0.00,台州区域,台州加盟,,,否,-,平台配送
圣比萨（玉环楚门店）,SBS00028,台州,"8094656088553324004	",饿了么,平台外卖,已完成,2025-10-21 16:18:54,2025-10-21 16:18:54,2025-10-21 16:18:54,饿了么支付-在线支付,,即时单,2025-10-21 16:18:54,10.07,自动出餐,1,否,"榴莲王披萨-9英寸(手拍)[{""name"":""规格"",""value"":""9英寸(手拍)""}]（92.00*1）",榴莲王披萨,,,,非会员,13,,,依据餐量提供餐具,,92.00,25.75,57.10,0.00,0,0,2.35,0.00,2.30,【活动支出】店铺满减:1.00元+【活动支出】单品特价:48.10元+【活动支出】饿了么红包:8.00元+【活动支出】替用户承担配送费:2.3元,-,-,-,0.00,台州区域,台州加盟,,,否,-,平台配送
圣比萨（玉环楚门店）,SBS00028,台州,"8030666088514356583	",饿了么,平台外卖,已完成,2025-10-21 16:20:22,2025-10-21 16:20:22,2025-10-21 16:20:22,饿了么支付-在线支付,,即时单,2025-10-21 16:20:22,8.95,手动出餐,1,否,"点击右上角❤️收藏得小吃[上校鸡块2个]（2.00*1）,【任选】披萨8选1+小吃5选1+饮品·[日系照烧鸡披萨7英寸+盐酥鸡米花小份+柠檬茶]（58.00*1）",上校鸡块2个+日系照烧鸡披萨【7英寸(手拍)】+盐酥鸡米花小份+柠檬茶,,,,非会员,14,,,依据餐量提供餐具,,60.00,12.62,36.40,0.00,0,0,1.48,0.00,5.60,【活动支出】单品特价:1.90元+【活动支出】单品特价:27.50元+【活动支出】饿了么红包:7.00元+【活动支出】替用户承担配送费:5.6元,-,-,-,0.00,台州区域,台州加盟,,,否,-,平台配送
圣比萨（玉环楚门店）,SBS00028,台州,"8037506088535132580	",饿了么,平台外卖,已完成,2025-10-21 16:29:25,2025-10-21 16:29:25,2025-10-21 16:29:25,饿了么支付-在线支付,,即时单,2025-10-21 16:29:25,8.78,手动出餐,1,否,【任选】披萨8选1+小吃5选1+饮品·[碳烤鸡肉培根7英寸+盐酥鸡米花小份+港式奶茶]（58.00*1）,碳烤鸡肉培根披萨【7英寸(手拍)】+盐酥鸡米花小份+港式奶茶,,,,非会员,15,,,1份餐具,,58.00,15.77,34.50,0.00,0,0,1.53,0.00,2.30,【活动支出】单品特价:27.50元+【活动支出】饿了么红包:7.00元+【活动支出】替用户承担配送费:2.3元,-,-,-,0.00,台州区域,台州加盟,,,否,-,平台配送
圣比萨（玉环楚门店）,SBS00028,台州,"8087726088558463444	",饿了么,平台外卖,已完成,2025-10-21 16:38:43,2025-10-21 16:38:43,2025-10-21 16:38:43,饿了么支付-在线支付,,即时单,2025-10-21 16:38:43,7.87,手动出餐,1,否,披萨随心配（60.40*1）,日系照烧鸡披萨(7英寸(手拍))+盐酥鸡米花小份+地道肠1根+上校鸡块2个,,,,非会员,16,,,49号正门 门是开的。到了不用打电话 谢谢 / 2份餐具,,60.40,16.70,35.90,0.00,0,0,1.60,0.00,2.30,【活动支出】单品特价:29.90元+【活动支出】饿了么红包:6.00元+【活动支出】替用户承担配送费:2.3元,-,-,-,0.00,台州区域,台州加盟,,,否,-,平台配送
圣比萨（玉环楚门店）,SBS00028,台州,"8046070254640483726	",饿了么,平台外卖,已完成,2025-10-21 17:01:24,2025-10-21 17:01:24,2025-10-21 17:01:25,饿了么支付-在线支付,,即时单,2025-10-21 17:01:24,10.05,自动出餐,1,否,"奥尔良烤鸡肉披萨-7英寸(手拍)[{""name"":""规格"",""value"":""7英寸(手拍)""}]（45.00*1）",新奥尔良烤鸡肉披萨,,,,非会员,17,,,2份餐具,,45.00,10.80,28.10,0.00,0,0,1.10,0.00,2.30,【活动支出】单品特价:21.10元+【活动支出】 商家自营销加码:2.00元+【活动支出】饿了么红包:5.00元+【活动支出】替用户承担配送费:2.3元,-,-,-,0.00,台州区域,台州加盟,,,否,-,平台配送
圣比萨（玉环楚门店）,SBS00028,台州,"8031536088548866397	",饿了么,平台外卖,已完成,2025-10-21 17:08:08,2025-10-21 17:08:08,2025-10-21 17:08:08,饿了么支付-在线支付,,即时单,2025-10-21 17:08:08,10.20,自动出餐,1,否,"点击右上角❤️收藏得小吃[上校鸡块2个]（2.00*1）,蛋挞1个（5.00*1）,番茄牛肉意面（23.90*1）,餐盒（1.00*1）",上校鸡块2个+蛋挞1个+番茄牛肉意面,,,,非会员,18,,,依据餐量提供餐具,,30.90,10.64,12.91,0.00,0,0,1.15,0.00,4.40,【活动支出】单品特价:1.90元+【活动支出】单品特价:4.01元+【活动支出】超级会员专享红包:5.00元+【活动支出】 商家自营销加码:2.00元+【活动支出】替用户承担配送费:4.4元,-,-,-,1.00,台州区域,台州加盟,,,否,-,平台配送
圣比萨（玉环楚门店）,SBS00028,台州,"8084050254647741876	",饿了么,平台外卖,已完成,2025-10-21 17:19:21,2025-10-21 17:19:21,2025-10-21 17:19:21,饿了么支付-在线支付,,即时单,2025-10-21 17:19:21,10.15,自动出餐,1,否,【任选】披萨8选1+小吃5选1+饮品·[日系照烧鸡披萨7英寸+盐酥鸡米花小份+小可乐]（58.00*1）,日系照烧鸡披萨【7英寸(手拍)】+盐酥鸡米花小份+小可乐,,,,非会员,19,,,依据餐量提供餐具,,58.00,12.66,38.50,0.00,0,0,1.24,0.00,2.30,【活动支出】单品特价:27.50元+【活动支出】订单集点返红包:5.00元+【活动支出】饿了么红包:6.00元+【活动支出】替用户承担配送费:2.3元,-,-,-,0.00,台州区域,台州加盟,,,否,-,平台配送
圣比萨（玉环楚门店）,SBS00028,台州,"8041596088566617431	",饿了么,平台外卖,已完成,2025-10-21 17:32:06,2025-10-21 17:32:06,2025-10-21 17:32:06,饿了么支付-在线支付,,即时单,2025-10-21 17:32:06,11.10,自动出餐,1,否,"榴莲王披萨-12英寸(手拍)[{""name"":""规格"",""value"":""12英寸(手拍)""}]（129.00*1）",榴莲王披萨,,,,非会员,20,,,无需餐具,,129.00,38.07,79.10,0.00,0,0,3.43,0.00,2.30,【活动支出】店铺满减:6.00元+【活动支出】单品特价:62.10元+【活动支出】粉丝群:2.00元+【活动支出】饿了么红包:9.00元+【活动支出】替用户承担配送费:2.3元,-,-,-,0.00,台州区域,台州加盟,,,否,-,平台配送
圣比萨（玉环楚门店）,SBS00028,台州,"8003866088564587932	",饿了么,平台外卖,已完成,2025-10-21 17:35:15,2025-10-21 17:35:15,2025-10-21 17:35:15,饿了么支付-在线支付,,即时单,2025-10-21 17:35:15,11.05,自动出餐,1,否,"奥尔良烤鸡肉披萨-9英寸(手拍)[{""name"":""规格"",""value"":""9英寸(手拍)""}]（78.00*1）",新奥尔良烤鸡肉披萨,,,,非会员,21,,,依据餐量提供餐具,,78.00,17.38,51.10,0.00,0,0,1.72,0.00,4.40,【活动支出】单品特价:44.10元+【活动支出】 商家自营销加码:2.00元+【活动支出】饿了么红包:5.00元+【活动支出】替用户承担配送费:4.4元,-,-,-,0.00,台州区域,台州加盟,,,否,-,平台配送
圣比萨（玉环楚门店）,SBS00028,台州,"8013060254674506124	",饿了么,平台外卖,已完成,2025-10-21 18:02:51,2025-10-21 18:02:51,2025-10-21 18:02:52,饿了么支付-在线支付,,即时单,2025-10-21 18:02:51,11.05,自动出餐,1,否,"榴莲王披萨-7英寸(经典手拍)[{""name"":""规格"",""value"":""7英寸(经典手拍)""}]（52.00*1）",榴莲王披萨,,,,非会员,22,,,2份餐具,,52.00,19.53,25.10,0.00,0,0,1.77,0.00,2.30,【活动支出】单品特价:18.10元+【活动支出】饿了么红包:7.00元+【活动支出】替用户承担配送费:2.3元,-,-,-,0.00,台州区域,台州加盟,,,否,-,平台配送
圣比萨（玉环楚门店）,SBS00028,台州,"8011300254721578275	",饿了么,平台外卖,已完成,2025-10-21 19:31:38,2025-10-21 19:31:38,2025-10-21 19:31:38,饿了么支付-在线支付,,即时单,2025-10-21 19:31:38,10.10,自动出餐,1,否,"蛋挞1个（5.00*1）,【随心❤️拼】9英寸双拼披萨（口味自选）[奥尔良+日系照烧]（36.90*1）,上校鸡块（12.00*1）,餐盒（1.00*1）",蛋挞1个+双拼9寸【奥尔良口味9】+双拼9寸【日系照烧口味9】+上校鸡块,,,,非会员,23,,,依据餐量提供餐具,,53.90,23.90,18.50,0.00,0,0,2.40,0.00,5.00,【活动支出】店铺满减:1.00元+【活动支出】单品特价:5.50元+【活动支出】精准营销:4.00元+【活动支出】饿了么红包:8.00元+【活动支出】替用户承担配送费:5.0元,-,-,-,1.00,台州区域,台州加盟,,,否,-,平台配送
圣比萨（玉环楚门店）,SBS00028,台州,"8065886088640482792	",饿了么,平台外卖,已退款,2025-10-21 20:56:17,2025-10-21 20:56:17,2025-10-21 20:56:17,饿了么支付-在线支付,,即时单,2025-10-21 20:56:17,,未出餐,1,否,"点击右上角❤️收藏得小吃[上校鸡块2个]（2.00*1）,【任选2件套】买一送一7英寸披萨[奥尔良鸡肉披萨7英寸+碳烤鸡肉培根7英寸]（86.80*1）,台式香烤地道肠（7.50*1）",上校鸡块2个+新奥尔良烤鸡肉披萨【7英寸(手拍)】+碳烤鸡肉培根披萨【7英寸(手拍)】+地道肠1根,,,,非会员,24,,,依据餐量提供餐具,订单强制无效（商家主动取消已接订单、用户1分钟内取消),96.30,-2.68,56.80,31.50,0,0,2.68,0.00,2.30,【活动支出】单品特价:1.90元+【活动支出】店铺满减:1.00元+【活动支出】单品特价:41.90元+【活动支出】单品特价:3.00元+【活动支出】饿了么红包:9.00元+【活动支出】替用户承担配送费:2.3元,-,-,-,0.00,台州区域,台州加盟,,,否,-,平台配送
圣比萨（玉环楚门店）,SBS00028,台州,"8065886088657366463	",饿了么,平台外卖,已完成,2025-10-21 20:59:23,2025-10-21 20:59:23,2025-10-21 20:59:23,饿了么支付-在线支付,,即时单,2025-10-21 20:59:23,10.18,自动出餐,1,否,"点击右上角❤️收藏得小吃[上校鸡块2个]（2.00*1）,招牌肉酱意面（52.00*1）,【任选2件套】买一送一7英寸披萨[奥尔良鸡肉披萨7英寸+碳烤鸡肉培根7英寸]（86.80*1）",上校鸡块2个+招牌肉酱意面+新奥尔良烤鸡肉披萨【7英寸(手拍)】+碳烤鸡肉培根披萨【7英寸(手拍)】,,,,非会员,25,,,依据餐量提供餐具,,140.80,38.96,89.30,0.00,0,0,3.54,0.00,2.30,【活动支出】店铺满减:6.00元+【活动支出】单品特价:1.90元+【活动支出】单品特价:27.50元+【活动支出】单品特价:41.90元+【活动支出】饿了么红包:12.00元+【活动支出】替用户承担配送费:2.3元,-,-,-,0.00,台州区域,台州加盟,,,否,-,平台配送
圣比萨（玉环楚门店）,SBS00028,台州,"8021536088678957514	",饿了么,平台外卖,已完成,2025-10-21 21:00:02,2025-10-21 21:00:02,2025-10-21 21:00:02,饿了么支付-在线支付,,即时单,2025-10-21 21:00:02,10.08,自动出餐,1,否,【任选5件套】披萨意面我全都要（132.90*1）,碳烤鸡肉培根披萨(7英寸(手拍))+芒果汁+柠檬茶+明星小食桶B+番茄牛肉意面,,,,非会员,26,,,依据餐量提供餐具,,132.90,39.37,81.60,0.00,0,0,3.53,0.00,2.30,【活动支出】单品特价:81.60元+【活动支出】替用户承担配送费:2.3元,-,-,-,0.00,台州区域,台州加盟,,,否,-,平台配送
圣比萨（虹桥店）,SBM00015,温州,"8043596088506846509	",饿了么,平台外卖,已完成,2025-10-21 13:54:27,2025-10-21 13:54:27,2025-10-21 13:54:28,饿了么支付-在线支付,,即时单,2025-10-21 13:54:27,8.60,手动出餐,1,否,"缤纷水果披萨7英寸（42.00*1）,餐盒（2.00*1）",缤纷水果披萨【7英寸(手拍)】,,,,非会员,1,,,依据餐量提供餐具,,42.00,16.29,23.20,0.00,0,0,1.56,0.00,3.50,【活动支出】单品特价:18.20元+【活动支出】饿了么红包:5.00元,-,-,-,2.00,温州区域,温州加盟,,,否,-,平台配送
圣比萨（虹桥店）,SBM00015,温州,"8075696088485437701	",饿了么,平台外卖,已完成,2025-10-21 14:31:15,2025-10-21 14:31:15,2025-10-21 14:31:15,饿了么支付-在线支付,,即时单,2025-10-21 14:31:15,10.12,手动出餐,1,否,"经典薯条（18.00*1）,牛肉至尊披萨7英寸（45.00*1）,餐盒（3.00*1）",经典薯条+炙热牛魔王披萨【7英寸(手拍)】,,,,非会员,2,,,依据餐量提供餐具,,63.00,27.37,29.30,0.00,0,0,2.68,0.00,4.50,【活动支出】店铺满减:1.00元+【活动支出】单品特价:3.10元+【活动支出】单品特价:16.20元+【活动支出】饿了么红包:9.00元+【活动支出】替用户承担配送费:1.0元,-,-,-,3.00,温州区域,温州加盟,,,否,-,平台配送
圣比萨（虹桥店）,SBM00015,温州,"8056996088565786053	",饿了么,平台外卖,已完成,2025-10-21 17:36:04,2025-10-21 17:36:04,2025-10-21 17:36:04,饿了么支付-在线支付,,即时单,2025-10-21 17:36:04,8.77,手动出餐,1,否,"奥尔良烤翅（14.00*1）,黑椒牛肉意面（52.00*1）,餐盒（3.00*1）",奥尔良烤翅+黑椒牛肉意面,,,,非会员,3,,,依据餐量提供餐具,,66.00,24.34,38.20,0.00,0,0,2.31,0.00,3.50,【活动支出】店铺满减:1.00元+【活动支出】单品特价:3.00元+【活动支出】单品特价:27.20元+【活动支出】饿了么红包:7.00元,-,-,-,3.00,温州区域,温州加盟,,,否,-,平台配送
圣比萨（虹桥店）,SBM00015,温州,"8091020254663013698	",饿了么,平台外卖,已完成,2025-10-21 17:36:14,2025-10-21 17:36:14,2025-10-21 17:36:14,饿了么支付-在线支付,,即时单,2025-10-21 17:36:14,8.63,手动出餐,1,否,"番茄牛肉意面（28.00*1）,餐盒（1.00*1）",番茄牛肉意面,,,,非会员,4,,,1份餐具,,28.00,10.02,15.20,0.00,0,0,1.43,0.00,3.50,【活动支出】单品特价:9.20元+【活动支出】 商家自营销加码:1.00元+【活动支出】饿了么红包:5.00元,-,-,-,1.00,温州区域,温州加盟,,,否,-,平台配送
圣比萨（虹桥店）,SBM00015,温州,"8072736088670513413	",饿了么,平台外卖,已完成,2025-10-21 21:27:22,2025-10-21 21:27:22,2025-10-21 21:27:22,饿了么支付-在线支付,,即时单,2025-10-21 21:27:22,13.05,手动出餐,1,否,"黑椒牛肉芝士焗饭（52.00*1）,餐盒（2.00*1）",黑椒牛肉芝士焗饭,,,,非会员,5,,,依据餐量提供餐具,,52.00,22.59,25.20,0.00,0,0,2.16,0.00,5.60,【活动支出】单品特价:25.20元,-,-,-,2.00,温州区域,温州加盟,,,否,-,平台配送
圣比萨（汤家桥店）,SBS00002,温州,"8072310254549647844	",饿了么,平台外卖,已完成,2025-10-21 12:43:09,2025-10-21 12:43:09,2025-10-21 12:43:09,饿了么支付-在线支付,,即时单,2025-10-21 12:43:09,12.00,自动出餐,1,否,"任选披萨8选1+小吃6选1+饮料[缤纷水果披萨7英寸+蛋挞一对+芒果汁+冷]（58.00*1）,餐盒（2.00*1）",缤纷水果披萨【7英寸(手拍)】+蛋挞+芒果汁,,,,非会员,1,,,依据餐量提供餐具,,58.00,18.72,32.10,0.00,0,0,1.83,0.00,5.00,【活动支出】单品特价:26.10元+【活动支出】 商家自营销加码:1.00元+【活动支出】饿了么红包:5.00元+【活动支出】替用户承担配送费:5.0元,-,-,-,2.00,温州区域,温州加盟,,,否,-,平台配送
圣比萨（汤家桥店）,SBS00002,温州,"8057966088524962192	",饿了么,平台外卖,已完成,2025-10-21 14:39:50,2025-10-21 14:39:50,2025-10-21 14:39:51,饿了么支付-在线支付,,即时单,2025-10-21 14:39:50,10.00,自动出餐,1,否,"任选披萨8选1+小吃6选1+饮料[缤纷水果披萨7英寸+墨鱼丸3个+柠檬茶+常温]（58.00*1）,餐盒（2.00*1）",缤纷水果披萨【7英寸(手拍)】+深海墨鱼丸3个+柠檬茶,,,,非会员,2,,,1份餐具,,58.00,19.62,32.10,0.00,0,0,1.83,0.00,3.50,【活动支出】单品特价:26.10元+【活动支出】超级会员专享红包:5.00元+【活动支出】 商家自营销加码:1.00元+【活动支出】替用户承担配送费:3.5元,-,-,-,2.00,温州区域,温州加盟,,,否,-,平台配送
圣比萨（汤家桥店）,SBS00002,温州,"8002370254618379767	",饿了么,平台外卖,已完成,2025-10-21 16:02:50,2025-10-21 16:02:50,2025-10-21 16:02:50,饿了么支付-在线支付,,预约单,2025-10-21 17:25:00,35.90,手动出餐,1,否,"任选披萨10选1+意面+小食2份+饮品2杯[缤纷水果披萨7英寸+招牌肉酱意面+奥尔良烤翅一对+蛋挞一对+酸梅汁+小可乐+常温]（156.00*1）,餐盒（2.00*1）",缤纷水果披萨【7英寸(手拍)】+招牌肉酱意面+小可乐,,,,非会员,3,,,尽快 / 依据餐量提供餐具,,156.00,45.48,98.10,0.00,0,0,4.27,0.00,3.50,【活动支出】店铺满减:6.00元+【活动支出】单品特价:80.10元+【活动支出】饿了么红包:12.00元+【活动支出】替用户承担配送费:3.5元,-,-,-,2.00,温州区域,温州加盟,,,否,-,平台配送
圣比萨（汤家桥店）,SBS00002,温州,"8001020254533570035	",饿了么,平台外卖,已完成,2025-10-21 16:10:24,2025-10-21 16:10:24,2025-10-21 16:10:24,饿了么支付-在线支付,,即时单,2025-10-21 16:10:24,10.12,自动出餐,1,否,"鲜虾菠萝披萨-9英寸(经典手拍)[{""name"":""规格"",""value"":""9英寸(经典手拍)""}]（78.00*1）,餐盒（2.00*1）",鲜虾菠萝披萨,,,,非会员,4,,,依据餐量提供餐具,,78.00,28.46,41.10,0.00,0,0,2.69,0.00,3.50,【活动支出】店铺满减:1.00元+【活动支出】单品特价:32.10元+【活动支出】超级会员专享红包:8.00元+【活动支出】 商家自营销加码:0.00元+【活动支出】替用户承担配送费:3.5元,-,-,-,2.00,温州区域,温州加盟,,,否,-,平台配送
圣比萨（汤家桥店）,SBS00002,温州,"8092936088553540963	",饿了么,平台外卖,已完成,2025-10-21 16:23:12,2025-10-21 16:23:12,2025-10-21 16:23:12,饿了么支付-在线支付,,即时单,2025-10-21 16:23:12,10.12,自动出餐,1,否,"水果披萨-7英寸(经典手拍)[{""name"":""规格"",""value"":""7英寸(经典手拍)""}]（42.00*1）,餐盒（2.00*1）",缤纷水果披萨,,,,非会员,5,,,不要洋葱，不要葱 / 依据餐量提供餐具,,42.00,14.12,23.10,0.00,0,0,1.43,0.00,3.50,【活动支出】单品特价:16.10元+【活动支出】饿了么红包:7.00元+【活动支出】替用户承担配送费:3.5元,-,-,-,2.00,温州区域,温州加盟,,,否,-,平台配送
圣比萨（汤家桥店）,SBS00002,温州,"8081150254645123501	",饿了么,平台外卖,已完成,2025-10-21 16:29:34,2025-10-21 16:29:34,2025-10-21 16:29:34,饿了么支付-在线支付,,即时单,2025-10-21 16:29:34,9.13,手动出餐,1,否,"任选意面4选1+小吃6选1+饮料[番茄牛肉意面+香芋地瓜丸4个+芒果汁+常温]（57.00*1）,餐盒（2.00*1）",番茄牛肉意面+芒果汁,,,,非会员,6,,,1份餐具,,57.00,19.16,32.10,0.00,0,0,1.79,0.00,3.50,【活动支出】单品特价:25.10元+【活动支出】饿了么红包:7.00元+【活动支出】替用户承担配送费:3.5元,-,-,-,2.00,温州区域,温州加盟,,,否,-,平台配送
圣比萨（汤家桥店）,SBS00002,温州,"8008320254552718600	",饿了么,平台外卖,已完成,2025-10-21 17:05:03,2025-10-21 17:05:03,2025-10-21 17:05:03,饿了么支付-在线支付,,即时单,2025-10-21 17:05:03,10.02,自动出餐,1,否,"经典薯条（18.00*1）,榴莲披萨-7英寸（经典手拍)[{""name"":""规格"",""value"":""7英寸（经典手拍)""}]（52.00*1）,餐盒（3.00*1）",经典薯条+榴莲王披萨,,,,非会员,7,,,1份餐具,,70.00,27.11,36.20,0.00,0,0,2.54,0.00,4.00,【活动支出】店铺满减:1.00元+【活动支出】单品特价:9.10元+【活动支出】单品特价:18.10元+【活动支出】饿了么红包:8.00元+【活动支出】替用户承担配送费:3.0元,-,-,-,3.00,温州区域,温州加盟,,,否,-,平台配送
圣比萨（汤家桥店）,SBS00002,温州,"8040290254645365093	",饿了么,平台外卖,已完成,2025-10-21 17:11:17,2025-10-21 17:11:17,2025-10-21 17:11:18,饿了么支付-在线支付,,即时单,2025-10-21 17:11:17,10.20,自动出餐,1,否,"牛肉蘑菇披萨-7英寸(经典手拍)[{""name"":""规格"",""value"":""7英寸(经典手拍)""}]（45.00*1）,芒果汁[常温]（10.00*1）,点击右上角❤️收藏得小吃[上校鸡块2个]（2.00*1）,餐盒（3.50*1）",炙热牛魔王披萨+芒果汁+上校鸡块2个,,,,非会员,8,,,依据餐量提供餐具,,57.00,21.89,30.00,0.00,0,0,2.06,0.00,3.50,【活动支出】店铺满减:1.00元+【活动支出】单品特价:15.10元+【活动支出】单品特价:4.00元+【活动支出】单品特价:1.90元+【活动支出】超级会员专享红包:8.00元+【活动支出】 商家自营销加码:0.00元+【活动支出】替用户承担配送费:3.0元,-,-,-,3.50,温州区域,温州加盟,,,否,-,平台配送
圣比萨（汤家桥店）,SBS00002,温州,"8081646088579097892	",饿了么,平台外卖,已完成,2025-10-21 17:23:24,2025-10-21 17:23:24,2025-10-21 17:23:24,饿了么支付-在线支付,,即时单,2025-10-21 17:23:24,10.12,自动出餐,1,否,"番茄牛肉汁意面（52.00*1）,餐盒（2.00*1）",番茄牛肉意面,,,,非会员,9,,,不要葱不要葱 / 依据餐量提供餐具,,52.00,12.12,35.10,0.00,0,0,1.43,0.00,3.50,【活动支出】单品特价:28.10元+【活动支出】 商家自营销加码:2.00元+【活动支出】饿了么红包:5.00元+【活动支出】替用户承担配送费:3.5元,-,-,-,2.00,温州区域,温州加盟,,,否,-,平台配送
圣比萨（汤家桥店）,SBS00002,温州,"8081646088562302414	",饿了么,平台外卖,已完成,2025-10-21 17:24:12,2025-10-21 17:24:12,2025-10-21 17:24:12,饿了么支付-在线支付,,即时单,2025-10-21 17:24:12,10.13,自动出餐,1,否,"海苔肉松披萨-7英寸（经典手拍）[{""name"":""规格"",""value"":""7英寸（经典手拍）""}]（45.00*1）,餐盒（2.00*1）",海苔肉松披萨,,,,非会员,10,,,不要葱不要葱 / 依据餐量提供餐具,,45.00,16.38,23.10,0.00,0,0,1.57,0.00,3.50,【活动支出】单品特价:16.10元+【活动支出】饿了么红包:7.00元+【活动支出】替用户承担配送费:3.5元,-,-,-,2.00,温州区域,温州加盟,,,否,-,平台配送
圣比萨（汤家桥店）,SBS00002,温州,"8094470254571134358	",饿了么,平台外卖,已完成,2025-10-21 17:34:56,2025-10-21 17:34:56,2025-10-21 17:34:56,饿了么支付-在线支付,,即时单,2025-10-21 17:34:56,12.08,自动出餐,1,否,"任选披萨8选1+小吃6选1+饮料[缤纷水果披萨7英寸+上校鸡块4个+柠檬茶+常温]（58.00*1）,餐盒（2.00*1）",缤纷水果披萨【7英寸(手拍)】+上校鸡块+柠檬茶,,,,非会员,11,,,多几包番茄酱 / 2份餐具,,58.00,19.16,33.10,0.00,0,0,1.79,0.00,3.50,【活动支出】单品特价:26.10元+【活动支出】饿了么红包:7.00元+【活动支出】替用户承担配送费:3.5元,-,-,-,2.00,温州区域,温州加盟,,,否,-,平台配送
圣比萨（汤家桥店）,SBS00002,温州,"8039490254759952683	",饿了么,平台外卖,已完成,2025-10-21 17:45:13,2025-10-21 17:45:13,2025-10-21 17:45:13,饿了么支付-在线支付,,即时单,2025-10-21 17:45:13,12.05,自动出餐,1,否,"任选披萨8选1+小吃6选1+饮料[缤纷水果披萨7英寸+上校鸡块4个+小可乐+常温]（58.00*1）,餐盒（2.00*1）",缤纷水果披萨【7英寸(手拍)】+上校鸡块+小可乐,,,,非会员,12,,,依据餐量提供餐具,,58.00,19.16,33.10,0.00,0,0,1.79,0.00,3.50,【活动支出】单品特价:26.10元+【活动支出】饿了么红包:7.00元+【活动支出】替用户承担配送费:3.5元,-,-,-,2.00,温州区域,温州加盟,,,否,-,平台配送
圣比萨（汤家桥店）,SBS00002,温州,"8004150254665254222	",饿了么,平台外卖,已完成,2025-10-21 17:48:39,2025-10-21 17:48:39,2025-10-21 17:48:40,饿了么支付-在线支付,,即时单,2025-10-21 17:48:39,12.02,自动出餐,1,否,"点击右上角❤️收藏得小吃[上校鸡块2个]（2.00*1）,任选披萨8选1+小吃6选1+饮料[奥尔良鸡肉披萨7英寸+香芋地瓜丸4个+小可乐+常温]（58.00*1）,盐酥鸡粒（21.00*1）,餐盒（3.50*1）",上校鸡块2个+新奥尔良烤鸡肉披萨【7英寸(手拍)】+小可乐+盐酥鸡粒,,,,非会员,13,,,依据餐量提供餐具,,81.00,25.82,49.10,0.00,0,0,2.43,0.00,3.50,【活动支出】店铺满减:1.00元+【活动支出】单品特价:26.10元+【活动支出】单品特价:12.10元+【活动支出】精准营销:1.90元+【活动支出】饿了么红包:8.00元+【活动支出】替用户承担配送费:3.5元,-,-,-,3.50,温州区域,温州加盟,,,否,-,平台配送
圣比萨（汤家桥店）,SBS00002,温州,"8013340254674086179	",饿了么,平台外卖,已完成,2025-10-21 17:53:39,2025-10-21 17:53:39,2025-10-21 17:53:39,饿了么支付-在线支付,,即时单,2025-10-21 17:53:39,12.02,自动出餐,1,否,"任选披萨8选1+小吃6选1+饮料[浪漫威尼斯披萨7英寸+墨鱼丸3个+小可乐+常温]（58.00*1）,餐盒（2.00*1）",浪漫威尼斯披萨【7英寸(手拍)】+深海墨鱼丸3个+小可乐,,,,非会员,14,,,依据餐量提供餐具,,58.00,17.36,33.10,0.00,0,0,1.79,0.00,6.20,【活动支出】单品特价:26.10元+【活动支出】 商家自营销加码:2.00元+【活动支出】饿了么红包:5.00元+【活动支出】替用户承担配送费:6.0元,-,-,-,2.00,温州区域,温州加盟,,,否,-,平台配送
圣比萨（汤家桥店）,SBS00002,温州,"8055220254670679466	",饿了么,平台外卖,已完成,2025-10-21 17:56:22,2025-10-21 17:56:22,2025-10-21 17:56:22,饿了么支付-在线支付,,即时单,2025-10-21 17:56:22,12.00,自动出餐,1,否,"奥尔良烤鸡肉披萨-7英寸(经典手拍)[{""name"":""规格"",""value"":""7英寸(经典手拍)""}]（45.00*1）,牛肉蘑菇披萨-7英寸(经典手拍)[{""name"":""规格"",""value"":""7英寸(经典手拍)""}]（45.00*1）,水果披萨-7英寸(经典手拍)[{""name"":""规格"",""value"":""7英寸(经典手拍)""}]（42.00*1）,餐盒（6.00*1）",新奥尔良烤鸡肉披萨+炙热牛魔王披萨+缤纷水果披萨,,,,非会员,15,,,无需餐具,,132.00,53.35,68.30,0.00,0,0,5.00,0.00,3.50,【活动支出】店铺满减:6.00元+【活动支出】单品特价:19.10元+【活动支出】单品特价:15.10元+【活动支出】单品特价:16.10元+【活动支出】饿了么红包:12.00元+【活动支出】替用户承担配送费:3.5元,-,-,-,6.00,温州区域,温州加盟,,,否,-,平台配送
圣比萨（汤家桥店）,SBS00002,温州,"8062090254777986524	",饿了么,平台外卖,已完成,2025-10-21 18:06:28,2025-10-21 18:06:28,2025-10-21 18:06:29,饿了么支付-在线支付,,即时单,2025-10-21 18:06:28,12.23,自动出餐,1,否,"招牌圣比披萨-7英寸(经典手拍)[{""name"":""规格"",""value"":""7英寸(经典手拍)""}]（45.00*1）,餐盒（2.00*1）",大圣招牌大满贯披萨,,,,非会员,16,,,上面这个电话打不通 打15925896679 / 2份餐具,用户申请取消单 其他原因，有事,45.00,18.26,20.10,0.00,0,0,1.79,0.00,5.00,【活动支出】单品特价:13.10元+【活动支出】饿了么红包:7.00元+【活动支出】替用户承担配送费:5.0元,-,-,-,2.00,温州区域,温州加盟,,,否,-,平台配送
圣比萨（汤家桥店）,SBS00002,温州,"8093866088609930518	",饿了么,平台外卖,已完成,2025-10-21 18:18:20,2025-10-21 18:18:20,2025-10-21 18:18:20,饿了么支付-在线支付,,即时单,2025-10-21 18:18:20,12.22,自动出餐,1,否,"榴莲披萨-12英寸（经典手拍）[{""name"":""规格"",""value"":""12英寸（经典手拍）""}]（129.00*1）,餐盒（2.00*1）",榴莲王披萨,,,,非会员,17,,,2份餐具,,129.00,38.36,80.10,0.00,0,0,3.59,0.00,3.50,【活动支出】店铺满减:6.00元+【活动支出】单品特价:65.10元+【活动支出】饿了么红包:9.00元+【活动支出】替用户承担配送费:3.5元,-,-,-,2.00,温州区域,温州加盟,,,否,-,平台配送
圣比萨（汤家桥店）,SBS00002,温州,"8088596088601008399	",饿了么,平台外卖,已完成,2025-10-21 18:31:40,2025-10-21 18:31:40,2025-10-21 18:31:41,饿了么支付-在线支付,,即时单,2025-10-21 18:31:40,12.17,自动出餐,1,否,"任选披萨8选1+小吃6选1+饮料[碳烤鸡肉培根披萨7英寸+地道肠1根+酸梅汁+常温]（58.00*1）,餐盒（2.00*1）",地道肠【1根】+酸梅汁,,,,非会员,18,,,依据餐量提供餐具,,58.00,17.36,33.10,0.00,0,0,1.79,0.00,5.60,【活动支出】单品特价:26.10元+【活动支出】超级会员专享红包:5.00元+【活动支出】 商家自营销加码:2.00元+【活动支出】替用户承担配送费:5.6元,-,-,-,2.00,温州区域,温州加盟,,,否,-,平台配送
圣比萨（汤家桥店）,SBS00002,温州,"8015100254794732947	",饿了么,平台外卖,已完成,2025-10-21 18:38:49,2025-10-21 18:38:49,2025-10-21 18:38:49,饿了么支付-在线支付,,即时单,2025-10-21 18:38:49,12.03,自动出餐,1,否,"任选披萨8选1+小吃6选1+饮料[碳烤鸡肉培根披萨7英寸+蛋挞一对+小可乐+冷]（58.00*1）,餐盒（2.00*1）",蛋挞+小可乐,,,,非会员,19,,,1份餐具,,58.00,18.26,33.10,0.00,0,0,1.79,0.00,4.50,【活动支出】单品特价:26.10元+【活动支出】饿了么红包:7.00元+【活动支出】替用户承担配送费:4.5元,-,-,-,2.00,温州区域,温州加盟,,,否,-,平台配送
圣比萨（汤家桥店）,SBS00002,温州,"8088646088605453676	",饿了么,平台外卖,已完成,2025-10-21 18:45:17,2025-10-21 18:45:17,2025-10-21 18:45:17,饿了么支付-在线支付,,即时单,2025-10-21 18:45:17,12.17,自动出餐,1,否,"任选披萨8选1+小吃6选1+饮料[碳烤鸡肉培根披萨7英寸+薯条一份+港式奶茶+常温]（58.00*1）,餐盒（2.00*1）",经典薯条+港式奶茶,,,,非会员,20,,,依据餐量提供餐具,,58.00,19.16,33.10,0.00,0,0,1.79,0.00,3.50,【活动支出】单品特价:26.10元+【活动支出】饿了么红包:7.00元+【活动支出】替用户承担配送费:3.5元,-,-,-,2.00,温州区域,温州加盟,,,否,-,平台配送
圣比萨（汤家桥店）,SBS00002,温州,"8004110254703882538	",饿了么,平台外卖,已完成,2025-10-21 18:57:01,2025-10-21 18:57:01,2025-10-21 18:57:02,饿了么支付-在线支付,,即时单,2025-10-21 18:57:01,12.00,自动出餐,1,否,"纯芝士披萨-9英寸(经典手拍)[{""name"":""规格"",""value"":""9英寸(经典手拍)""}]（75.00*1）,餐盒（2.00*1）",金牌芝士披萨,,,,非会员,21,,,2份餐具,,75.00,21.33,47.10,0.00,0,0,2.02,0.00,3.50,【活动支出】单品特价:40.10元+【活动支出】饿了么红包:7.00元+【活动支出】替用户承担配送费:3.5元,-,-,-,2.00,温州区域,温州加盟,,,否,-,平台配送
圣比萨（汤家桥店）,SBS00002,温州,"8051150254708129159	",饿了么,平台外卖,已完成,2025-10-21 19:01:02,2025-10-21 19:01:02,2025-10-21 19:01:02,饿了么支付-在线支付,,即时单,2025-10-21 19:01:02,12.13,自动出餐,1,否,"任选焗饭4选1+小吃6选1+饮料[黑椒牛肉芝士焗饭+墨鱼丸3个+柠檬茶+常温]（57.00*1）,餐盒（2.00*1）",黑椒牛肉芝士焗饭+深海墨鱼丸【3个】+柠檬茶,,,,非会员,22,,,依据餐量提供餐具,,57.00,17.36,32.10,0.00,0,0,1.79,0.00,6.80,【活动支出】单品特价:25.10元+【活动支出】饿了么红包:7.00元+【活动支出】替用户承担配送费:6.0元,-,-,-,2.00,温州区域,温州加盟,,,否,-,平台配送
圣比萨（汤家桥店）,SBS00002,温州,"8083000254631109066	",饿了么,平台外卖,已完成,2025-10-21 19:13:33,2025-10-21 19:13:33,2025-10-21 19:13:33,饿了么支付-在线支付,,即时单,2025-10-21 19:13:33,12.15,自动出餐,1,否,"任选披萨8选1+小吃6选1+饮料[碳烤鸡肉培根披萨7英寸+上校鸡块4个+小可乐+冷]（58.00*1）,餐盒（2.00*1）",上校鸡块+小可乐,,,,非会员,23,,,依据餐量提供餐具,,58.00,19.16,33.10,0.00,0,0,1.79,0.00,3.50,【活动支出】单品特价:26.10元+【活动支出】CPS商户叠加券:0.00元+【活动支出】饿了么红包:7.00元+【活动支出】替用户承担配送费:3.5元,-,-,-,2.00,温州区域,温州加盟,,,否,-,平台配送
圣比萨（汤家桥店）,SBS00002,温州,"8040556088617884099	",饿了么,平台外卖,已完成,2025-10-21 19:43:55,2025-10-21 19:43:55,2025-10-21 19:43:56,饿了么支付-在线支付,,即时单,2025-10-21 19:43:55,10.17,自动出餐,1,否,"双人披萨经典套餐[日系照烧鸡披萨9英寸+明星小食桶A+柠檬茶+柠檬茶+常温]（108.00*1）,餐盒（2.00*1）",双人披萨经典套餐[日系照烧鸡披萨9英寸+明星小食桶A+柠檬茶+柠檬茶+常温]+餐盒,,,,非会员,24,,,依据餐量提供餐具,,108.00,42.43,52.10,0.00,0,0,4.12,0.00,6.20,【活动支出】店铺满减:6.00元+【活动支出】单品特价:38.10元+【活动支出】饿了么红包:8.00元+【活动支出】替用户承担配送费:6.0元,-,-,-,2.00,温州区域,温州加盟,,,否,-,平台配送
圣比萨（汤家桥店）,SBS00002,温州,"8065896088658171324	",饿了么,平台外卖,已完成,2025-10-21 20:01:51,2025-10-21 20:01:51,2025-10-21 20:01:51,饿了么支付-在线支付,,即时单,2025-10-21 20:01:51,10.20,自动出餐,1,否,"黑椒牛肉意面（52.00*1）,明星小食桶B（36.00*1）,水果披萨-7英寸(经典手拍)[{""name"":""规格"",""value"":""7英寸(经典手拍)""}]（42.00*1）,餐盒（6.00*1）",黑椒牛肉意面+明星小食桶B+缤纷水果披萨,,,,非会员,25,,,不要辣 / 依据餐量提供餐具,,130.00,55.22,63.30,0.00,0,0,5.23,0.00,5.00,【活动支出】店铺满减:6.00元+【活动支出】单品特价:24.10元+【活动支出】单品特价:9.10元+【活动支出】单品特价:16.10元+【活动支出】饿了么红包:8.00元+【活动支出】替用户承担配送费:5.0元,-,-,-,6.00,温州区域,温州加盟,,,否,-,平台配送
圣比萨（汤家桥店）,SBS00002,温州,"8097220254837396739	",饿了么,平台外卖,已完成,2025-10-21 20:04:01,2025-10-21 20:04:01,2025-10-21 20:04:01,饿了么支付-在线支付,,即时单,2025-10-21 20:04:01,10.10,自动出餐,1,否,"牛肉蘑菇披萨-7英寸(经典手拍)[{""name"":""规格"",""value"":""7英寸(经典手拍)""}]（45.00*1）,餐盒（2.00*1）",炙热牛魔王披萨,,,,非会员,26,,,1份餐具,,45.00,15.51,22.10,0.00,0,0,1.64,0.00,6.20,【活动支出】单品特价:15.10元+【活动支出】饿了么红包:7.00元+【活动支出】替用户承担配送费:6.0元,-,-,-,2.00,温州区域,温州加盟,,,否,-,平台配送
圣比萨（汤家桥店）,SBS00002,温州,"8082090254752656807	",饿了么,平台外卖,已完成,2025-10-21 21:05:28,2025-10-21 21:05:28,2025-10-21 21:05:29,饿了么支付-在线支付,,即时单,2025-10-21 21:05:28,10.22,自动出餐,1,否,"【买一送一】买披萨送意面[碳烤鸡肉培根7英寸+招牌肉酱意面]（75.00*1）,餐盒（2.00*1）",碳烤鸡肉培根披萨【7英寸(手拍)】+招牌肉酱意面,,,,非会员,27,,,依据餐量提供餐具,,75.00,25.81,40.10,0.00,0,0,2.54,0.00,7.10,【活动支出】店铺满减:1.00元+【活动支出】单品特价:30.10元+【活动支出】饿了么红包:9.00元+【活动支出】替用户承担配送费:6.0元,-,-,-,2.00,温州区域,温州加盟,,,否,-,平台配送
圣比萨（汤家桥店）,SBS00002,温州,"8081546088645861767	",饿了么,平台外卖,已完成,2025-10-21 21:07:46,2025-10-21 21:07:46,2025-10-21 21:07:47,饿了么支付-在线支付,,即时单,2025-10-21 21:07:46,10.10,自动出餐,1,否,"纯芝士披萨-7英寸(经典手拍)[{""name"":""规格"",""value"":""7英寸(经典手拍)""}]（42.00*1）,餐盒（2.00*1）",金牌芝士披萨,,,,非会员,28,,,依据餐量提供餐具,,42.00,10.62,26.10,0.00,0,0,1.43,0.00,6.60,【活动支出】单品特价:19.10元+【活动支出】 商家自营销加码:2.00元+【活动支出】饿了么红包:5.00元+【活动支出】淘金币:0.00元+【活动支出】替用户承担配送费:6.0元,-,-,-,2.00,温州区域,温州加盟,,,否,-,平台配送
圣比萨（汤家桥店）,SBS00002,温州,"8010616088669615377	",饿了么,平台外卖,已完成,2025-10-21 21:32:57,2025-10-21 21:32:57,2025-10-21 21:32:58,饿了么支付-在线支付,,即时单,2025-10-21 21:32:57,10.17,自动出餐,1,否,"招牌圣比披萨-7英寸(经典手拍)[{""name"":""规格"",""value"":""7英寸(经典手拍)""}]（45.00*1）,明星小食桶B（36.00*1）,餐盒（4.00*1）",大圣招牌大满贯披萨+明星小食桶B,,,,非会员,29,,,依据餐量提供餐具,,81.00,35.91,36.20,0.00,0,0,3.44,0.00,5.60,【活动支出】店铺满减:6.00元+【活动支出】单品特价:13.10元+【活动支出】单品特价:9.10元+【活动支出】饿了么红包:8.00元+【活动支出】替用户承担配送费:5.6元,-,-,-,4.00,温州区域,温州加盟,,,否,-,平台配送
圣比萨（汤家桥店）,SBS00002,温州,"8085470254763744686	",饿了么,平台外卖,已完成,2025-10-21 21:46:39,2025-10-21 21:46:39,2025-10-21 21:46:39,饿了么支付-在线支付,,即时单,2025-10-21 21:46:39,10.12,自动出餐,1,否,"碳烤鸡肉培根披萨-7英寸(经典手拍)[{""name"":""规格"",""value"":""7英寸(经典手拍)""}]（45.00*1）,餐盒（2.00*1）",碳烤鸡肉培根披萨,,,,非会员,30,,,无需餐具,,45.00,15.88,23.10,0.00,0,0,1.57,0.00,5.60,【活动支出】单品特价:16.10元+【活动支出】饿了么红包:7.00元+【活动支出】替用户承担配送费:5.6元,-,-,-,2.00,温州区域,温州加盟,,,否,-,平台配送
圣比萨（玉环珠城路店）,SBS00027,台州,"8075546088329609688	",饿了么,平台外卖,已完成,2025-10-21 10:07:02,2025-10-21 10:07:02,2025-10-21 10:07:02,饿了么支付-在线支付,,即时单,2025-10-21 10:07:02,12.13,自动出餐,1,否,"明星小食桶B（36.00*1）,咸蛋黄风味流沙卷边（7英寸）（4.90*1）,点击右上角❤️收藏得小吃[上校鸡块2个]（2.00*1）,蛋挞（10.00*1）,【任选】披萨8选1+小吃5选1+饮品·[碳烤鸡肉培根7英寸+薯饼3个+小可乐]（58.00*1）,点击右上角❤️收藏得小吃[上校鸡块2个]（2.00*1）,餐盒（3.00*1）",明星小食桶B+咸蛋黄流沙卷边7+上校鸡块2个+蛋挞+碳烤鸡肉培根披萨【7英寸(手拍)】+薯饼+小可乐+上校鸡块2个,,,,非会员,1,,,依据餐量提供餐具,,112.90,35.78,64.90,0.00,0,0,3.42,0.00,3.80,【活动支出】店铺满减:2.00元+【活动支出】单品特价:20.50元+【活动支出】单品特价:1.90元+【活动支出】单品特价:0.50元+【活动支出】单品特价:26.10元+【活动支出】饿了么红包:12.00元+【活动支出】精准营销:1.90元+【活动支出】替用户承担配送费:3.8元,-,-,-,3.00,台州区域,台州直营,,,否,-,平台配送
圣比萨（玉环珠城路店）,SBS00027,台州,"8053516088386660778	",饿了么,平台外卖,已完成,2025-10-21 10:48:35,2025-10-21 10:48:35,2025-10-21 10:48:36,饿了么支付-在线支付,,即时单,2025-10-21 10:48:35,12.18,自动出餐,1,否,"蛋挞（10.00*1）,【圣比福利】蛋挞1个（5.00*1）,日系照烧鸡披萨-7英寸(手拍)[{""name"":""规格"",""value"":""7英寸(手拍)""}]（45.00*1）,餐盒（2.00*1）",蛋挞+蛋挞1个+日系照烧鸡披萨,,,,非会员,2,,,1份餐具,,60.00,23.76,28.60,0.00,0,0,2.24,0.00,2.30,【活动支出】店铺满减:1.00元+【活动支出】单品特价:0.50元+【活动支出】单品特价:19.10元+【活动支出】饿了么红包:8.00元+【活动支出】替用户承担配送费:2.3元,-,-,-,2.00,台州区域,台州直营,,,否,-,平台配送
圣比萨（玉环珠城路店）,SBS00027,台州,"8061490254490373528	",饿了么,平台外卖,已完成,2025-10-21 11:16:57,2025-10-21 11:16:57,2025-10-21 11:16:58,饿了么支付-在线支付,,即时单,2025-10-21 11:16:57,12.12,自动出餐,1,否,"【任选5件套】披萨意面我全都要[圣比招牌披萨7英寸+招牌肉酱意面+小食桶A+港式奶茶+柠檬茶]（128.00*1）,餐盒（1.00*1）",大圣招牌大满贯披萨【7英寸(手拍)】+招牌肉酱意面+明星小食桶A+港式奶茶+柠檬茶,,,,非会员,3,,,依据餐量提供餐具,,128.00,34.03,80.10,0.00,0,0,3.27,0.00,5.00,【活动支出】店铺满减:2.00元+【活动支出】单品特价:66.10元+【活动支出】饿了么红包:12.00元+【活动支出】替用户承担配送费:5.0元,-,-,-,1.00,台州区域,台州直营,,,否,-,平台配送
圣比萨（玉环珠城路店）,SBS00027,台州,"8014470254630330840	",饿了么,平台外卖,已完成,2025-10-21 12:17:19,2025-10-21 12:17:19,2025-10-21 12:17:19,饿了么支付-在线支付,,即时单,2025-10-21 12:17:19,12.07,自动出餐,1,否,奥尔良烤鸡肉披萨(7寸)-单点（20.41*1）,新奥尔良烤鸡肉披萨【7英寸(手拍)】,,,,非会员,4,,,依据餐量提供餐具,,20.41,13.21,0.00,0.00,0,0,0.00,0.00,,【活动支出】拼团反圈活动:0.00元,-,-,-,0.00,台州区域,台州直营,,,否,-,平台配送
圣比萨（玉环珠城路店）,SBS00027,台州,"8069846088500999498	",饿了么,平台外卖,已完成,2025-10-21 14:26:31,2025-10-21 14:26:31,2025-10-21 14:26:31,饿了么支付-在线支付,,即时单,2025-10-21 14:26:31,12.00,自动出餐,1,否,"【随心❤️拼】7英寸双拼披萨（口味自选）[水果+日系照烧]（68.00*1）,餐盒（1.00*1）",双拼7寸【缤纷水果口味7】+双拼7寸【日系照烧口味7】,,,,非会员,5,,,依据餐量提供餐具,,68.00,14.56,48.10,0.00,0,0,1.34,0.00,2.30,【活动支出】单品特价:41.10元+【活动支出】 商家自营销加码:2.00元+【活动支出】饿了么红包:5.00元+【活动支出】替用户承担配送费:2.3元,-,-,-,1.00,台州区域,台州直营,,,否,-,平台配送
圣比萨（玉环珠城路店）,SBS00027,台州,"8043886088498814222	",饿了么,平台外卖,已完成,2025-10-21 16:42:23,2025-10-21 16:42:23,2025-10-21 16:42:23,饿了么支付-在线支付,,即时单,2025-10-21 16:42:23,12.12,自动出餐,1,否,奥尔良烤鸡肉披萨(7寸)-单点（20.41*1）,新奥尔良烤鸡肉披萨【7英寸(手拍)】,,,,非会员,6,,,依据餐量提供餐具,,20.41,13.21,0.00,0.00,0,0,0.00,0.00,,【活动支出】拼团反圈活动:0.00元,-,-,-,0.00,台州区域,台州直营,,,否,-,平台配送
圣比萨（玉环珠城路店）,SBS00027,台州,"8024300254653248981	",饿了么,平台外卖,已完成,2025-10-21 16:49:02,2025-10-21 16:49:02,2025-10-21 16:49:03,饿了么支付-在线支付,,即时单,2025-10-21 16:49:02,12.07,自动出餐,1,否,"【任选5件套】披萨意面我全都要[圣比招牌披萨7英寸+番茄牛肉意面+小食桶A+柠檬茶+柠檬茶]（128.00*1）,餐盒（1.00*1）",大圣招牌大满贯披萨【7英寸(手拍)】+番茄牛肉意面+明星小食桶A+柠檬茶+柠檬茶,,,,非会员,7,,,依据餐量提供餐具,,128.00,44.07,72.10,0.00,0,0,3.93,0.00,2.30,【活动支出】店铺满减:6.00元+【活动支出】单品特价:66.10元+【活动支出】替用户承担配送费:2.3元,-,-,-,1.00,台州区域,台州直营,,,否,-,平台配送
圣比萨（玉环珠城路店）,SBS00027,台州,"8016440254752785824	",饿了么,平台外卖,已完成,2025-10-21 17:25:41,2025-10-21 17:25:41,2025-10-21 17:25:42,饿了么支付-在线支付,,即时单,2025-10-21 17:25:41,12.22,自动出餐,1,否,"明星小食桶B（36.00*1）,点击右上角❤️收藏得小吃[上校鸡块2个]（2.00*1）,新奥尔良烤鸡肉披萨-7英寸(手拍)[{""name"":""规格"",""value"":""7英寸(手拍)""}]（58.00*1）,餐盒（3.00*1）",明星小食桶B+上校鸡块2个+新奥尔良烤鸡肉披萨,,,,非会员,8,,,依据餐量提供餐具,,96.00,22.88,66.50,0.00,0,0,2.12,0.00,4.30,【活动支出】店铺满减:1.00元+【活动支出】单品特价:20.50元+【活动支出】单品特价:1.90元+【活动支出】单品特价:34.10元+【活动支出】 商家自营销加码:0.00元+【活动支出】粉丝群:1.00元+【活动支出】饿了么红包:8.00元+【活动支出】替用户承担配送费:3.0元,-,-,-,3.00,台州区域,台州直营,,,否,-,平台配送
圣比萨（玉环珠城路店）,SBS00027,台州,"8052696088566473212	",饿了么,平台外卖,已完成,2025-10-21 18:11:57,2025-10-21 18:11:57,2025-10-21 18:11:57,饿了么支付-在线支付,,即时单,2025-10-21 18:11:57,12.15,自动出餐,1,否,"碳烤鸡肉培根披萨-7英寸(手拍)[{""name"":""规格"",""value"":""7英寸(手拍)""}]（45.00*1）",碳烤鸡肉培根披萨,,,,非会员,9,,,依据餐量提供餐具,,45.00,12.70,26.10,0.00,0,0,1.20,0.00,2.30,【活动支出】单品特价:19.10元+【活动支出】饿了么红包:7.00元+【活动支出】替用户承担配送费:2.3元,-,-,-,0.00,台州区域,台州直营,,,否,-,平台配送
圣比萨（玉环珠城路店）,SBS00027,台州,"8013030254705416543	",饿了么,平台外卖,已完成,2025-10-21 18:12:42,2025-10-21 18:12:42,2025-10-21 18:12:42,饿了么支付-在线支付,,即时单,2025-10-21 18:12:42,12.08,自动出餐,1,否,"新奥尔良烤鸡肉披萨-7英寸(手拍)[{""name"":""规格"",""value"":""7英寸(手拍)""}]（58.00*1）,餐盒（2.00*1）",新奥尔良烤鸡肉披萨,,,,非会员,10,,,依据餐量提供餐具,,58.00,12.70,41.10,0.00,0,0,1.20,0.00,2.30,【活动支出】单品特价:34.10元+【活动支出】饿了么红包:7.00元+【活动支出】替用户承担配送费:2.3元,-,-,-,2.00,台州区域,台州直营,,,否,-,平台配送
圣比萨（玉环珠城路店）,SBS00027,台州,"8031410254697694620	",饿了么,平台外卖,已完成,2025-10-21 18:47:43,2025-10-21 18:47:43,2025-10-21 18:47:43,饿了么支付-在线支付,,即时单,2025-10-21 18:47:43,12.03,自动出餐,1,否,奥尔良烤鸡肉披萨(7寸)-单点（20.41*1）,新奥尔良烤鸡肉披萨【7英寸(手拍)】,,,,非会员,11,,,依据餐量提供餐具,,20.41,13.21,0.00,0.00,0,0,0.00,0.00,,【活动支出】拼团反圈活动:0.00元,-,-,-,0.00,台州区域,台州直营,,,否,-,平台配送
圣比萨（玉环珠城路店）,SBS00027,台州,"8020806088623366486	",饿了么,平台外卖,已完成,2025-10-21 19:57:07,2025-10-21 19:57:07,2025-10-21 19:57:07,饿了么支付-在线支付,,即时单,2025-10-21 19:57:07,12.22,自动出餐,1,否,"【随心❤️拼】7英寸双拼披萨（口味自选）[水果+培根鸡肉]（68.00*1）,餐盒（1.00*1）",双拼7寸【缤纷水果口味7】+双拼7寸【碳烤鸡肉培根口味7】,,,,非会员,12,,,依据餐量提供餐具,,68.00,11.31,48.10,0.00,0,0,1.29,0.00,5.60,【活动支出】单品特价:41.10元+【活动支出】饿了么红包:7.00元+【活动支出】替用户承担配送费:5.6元,-,-,-,1.00,台州区域,台州直营,,,否,-,平台配送
圣比萨（玉环珠城路店）,SBS00027,台州,"8050876088641694069	",饿了么,平台外卖,已完成,2025-10-21 20:02:55,2025-10-21 20:02:55,2025-10-21 20:02:55,饿了么支付-在线支付,,即时单,2025-10-21 20:02:55,12.00,自动出餐,1,否,"榴莲王披萨-7英寸(经典手拍)[{""name"":""规格"",""value"":""7英寸(经典手拍)""}]（52.00*1）",榴莲王披萨,,,,非会员,13,,,1份餐具,,52.00,18.14,26.10,0.00,0,0,1.66,0.00,2.80,【活动支出】单品特价:18.10元+【活动支出】 商家自营销加码:2.00元+【活动支出】粉丝群:1.00元+【活动支出】饿了么红包:5.00元+【活动支出】替用户承担配送费:2.8元,-,-,-,0.00,台州区域,台州直营,,,否,-,平台配送
圣比萨（玉环珠城路店）,SBS00027,台州,"8012846088621833594	",饿了么,平台外卖,已完成,2025-10-21 20:50:51,2025-10-21 20:50:51,2025-10-21 20:50:51,饿了么支付-在线支付,,即时单,2025-10-21 20:50:51,8.78,手动出餐,1,否,"奶酪芝士卷边（7英寸）（4.90*1）,圣比招牌披萨-7寸(经典手拍)[{""name"":""规格"",""value"":""7寸(经典手拍)""}]（45.00*1）",奶酪芝士卷边7+大圣招牌大满贯披萨,,,,非会员,14,,,依据餐量提供餐具,,49.90,21.62,20.10,0.00,0,0,1.98,0.00,2.30,【活动支出】店铺满减:1.00元+【活动支出】单品特价:11.10元+【活动支出】饿了么红包:8.00元+【活动支出】替用户承担配送费:2.3元,-,-,-,0.00,台州区域,台州直营,,,否,-,平台配送
圣比萨（玉环珠城路店）,SBS00027,台州,"8060270254668762527	",饿了么,平台外卖,已完成,2025-10-21 21:08:10,2025-10-21 21:08:10,2025-10-21 21:08:11,饿了么支付-在线支付,,即时单,2025-10-21 21:08:10,12.08,自动出餐,1,否,"新奥尔良烤鸡肉披萨-9英寸(手拍)[{""name"":""规格"",""value"":""9英寸(手拍)""}]（33.90*1）,餐盒（2.00*1）",新奥尔良烤鸡肉披萨,,,,非会员,15,,,对骑手到了放门口就行不用打电话辛苦了 / 依据餐量提供餐具,,33.90,18.81,8.00,0.00,0,0,1.79,0.00,4.30,【活动支出】 商家自营销加码:0.00元+【活动支出】饿了么红包:8.00元+【活动支出】替用户承担配送费:4.3元,-,-,-,2.00,台州区域,台州直营,,,否,-,平台配送
圣比萨（玉环珠城路店）,SBS00027,台州,"8021676088691125697	",饿了么,平台外卖,已完成,2025-10-21 21:43:35,2025-10-21 21:43:35,2025-10-21 21:43:35,饿了么支付-在线支付,,即时单,2025-10-21 21:43:35,12.08,自动出餐,1,否,"奶酪芝士卷边（7英寸）（4.90*1）,新奥尔良烤鸡肉披萨-7英寸(手拍)[{""name"":""规格"",""value"":""7英寸(手拍)""}]（58.00*1）,餐盒（2.00*1）",奶酪芝士卷边7+新奥尔良烤鸡肉披萨,,,,非会员,16,,,依据餐量提供餐具,,62.90,15.50,41.10,0.00,0,0,1.50,0.00,3.30,【活动支出】单品特价:34.10元+【活动支出】饿了么红包:7.00元+【活动支出】替用户承担配送费:3.3元,-,-,-,2.00,台州区域,台州直营,,,否,-,平台配送
圣比萨（玉环珠城路店）,SBS00027,台州,"8067696088698466661	",饿了么,平台外卖,已退款,2025-10-21 21:55:29,2025-10-21 21:55:29,2025-10-21 21:55:30,饿了么支付-在线支付,,即时单,2025-10-21 21:55:29,,未出餐,1,否,"榴莲王披萨-7英寸(经典手拍)[{""name"":""规格"",""value"":""7英寸(经典手拍)""}]（52.00*1）,奶酪芝士卷边（7英寸）（4.90*1）,柠檬茶[冷]（6.00*1）",榴莲王披萨+奶酪芝士卷边7+柠檬茶,,,,非会员,17,,,依据餐量提供餐具,订单强制无效（商家主动取消已接订单、用户1分钟内取消),62.90,-2.29,28.10,26.80,0,0,2.29,0.00,3.30,【活动支出】店铺满减:1.00元+【活动支出】单品特价:18.10元+【活动支出】饿了么红包:9.00元+【活动支出】替用户承担配送费:3.3元,-,-,-,0.00,台州区域,台州直营,,,否,-,平台配送
圣比萨（白象店）,SBM00022,温州,"8043370254588303762	",饿了么,平台外卖,已完成,2025-10-21 11:21:04,2025-10-21 11:21:04,2025-10-21 11:21:04,饿了么支付-在线支付,,即时单,2025-10-21 11:21:04,9.55,手动出餐,1,否,"榴莲披萨-7英寸（经典手拍[{""name"":""规格"",""value"":""7英寸（经典手拍""}]（52.00*1）,餐盒（1.00*1）","榴莲披萨-7英寸（经典手拍[{""name"":""规格"",""value"":""7英寸（经典手拍""}]+餐盒",,,,非会员,1,,,依据餐量提供餐具,,52.00,23.63,16.01,0.00,0,0,2.51,0.00,6.80,【活动支出】单品特价:9.01元+【活动支出】饿了么红包:7.00元+【活动支出】替用户承担配送费:5.0元,-,-,-,1.00,温州区域,温州加盟,,,否,-,平台配送
圣比萨（白象店）,SBM00022,温州,"8020796088404396328	",饿了么,平台外卖,已完成,2025-10-21 12:13:29,2025-10-21 12:13:29,2025-10-21 12:13:29,饿了么支付-在线支付,,即时单,2025-10-21 12:13:29,9.92,手动出餐,1,否,"牛肉蘑菇披萨-7英寸（经典手拍）[{""name"":""规格"",""value"":""7英寸（经典手拍）""}]（39.00*1）,餐盒（1.00*1）",炙热牛魔王披萨,,,,非会员,2,,,1份餐具,,39.00,16.74,11.10,0.00,0,0,1.91,0.00,7.40,【活动支出】单品特价:4.10元+【活动支出】饿了么红包:7.00元+【活动支出】替用户承担配送费:5.0元,-,-,-,1.00,温州区域,温州加盟,,,否,-,平台配送
圣比萨（白象店）,SBM00022,温州,"8075696088443356640	",饿了么,平台外卖,已完成,2025-10-21 12:18:39,2025-10-21 12:18:39,2025-10-21 12:18:40,饿了么支付-在线支付,,即时单,2025-10-21 12:18:39,12.47,手动出餐,1,否,"个人独享DIY套餐（折扣价）[7英寸水果披萨+上校鸡块4个+经典奶茶热]（59.00*1）,餐盒（2.00*1）",缤纷水果披萨【7英寸(手拍)】+上校鸡块+港式奶茶,,,,非会员,3,,,依据餐量提供餐具,,59.00,23.63,28.12,0.00,0,0,2.20,0.00,3.50,【活动支出】单品特价:19.12元+【活动支出】饿了么红包:9.00元+【活动支出】替用户承担配送费:3.5元,-,-,-,2.00,温州区域,温州加盟,,,否,-,平台配送
圣比萨（白象店）,SBM00022,温州,"8092230254542548420	",饿了么,平台外卖,已完成,2025-10-21 12:21:05,2025-10-21 12:21:05,2025-10-21 12:21:05,饿了么支付-在线支付,,即时单,2025-10-21 12:21:05,8.28,手动出餐,1,否,"柠檬茶[常温]（6.00*1）,香蕉水果披萨-7英寸（经典手拍）[{""name"":""规格"",""value"":""7英寸（经典手拍）""}]（38.00*1）,餐盒（2.00*1）",柠檬茶,,,,非会员,4,,,依据餐量提供餐具,,44.00,20.95,16.01,0.00,0,0,1.99,0.00,3.50,【活动支出】单品特价:8.01元+【活动支出】饿了么红包:8.00元+【活动支出】替用户承担配送费:3.5元,-,-,-,2.00,温州区域,温州加盟,,,否,-,平台配送
圣比萨（白象店）,SBM00022,温州,"8038410254573051282	",饿了么,平台外卖,已完成,2025-10-21 12:45:42,2025-10-21 12:45:42,2025-10-21 12:45:42,饿了么支付-在线支付,,即时单,2025-10-21 12:45:42,12.28,手动出餐,1,否,"香蕉水果披萨-7英寸（经典手拍）[{""name"":""规格"",""value"":""7英寸（经典手拍）""}]（38.00*1）,餐盒（1.00*1）","香蕉水果披萨-7英寸（经典手拍）[{""name"":""规格"",""value"":""7英寸（经典手拍）""}]+餐盒",,,,非会员,5,,,依据餐量提供餐具,,38.00,17.85,13.01,0.00,0,0,1.69,0.00,3.50,【活动支出】单品特价:8.01元+【活动支出】饿了么红包:5.00元+【活动支出】替用户承担配送费:3.5元,-,-,-,1.00,温州区域,温州加盟,,,否,-,平台配送
圣比萨（白象店）,SBM00022,温州,"8029260254542730501	",饿了么,平台外卖,已完成,2025-10-21 16:38:54,2025-10-21 16:38:54,2025-10-21 16:38:55,饿了么支付-在线支付,,即时单,2025-10-21 16:38:54,13.17,手动出餐,1,否,"明星至尊桶（59.00*1）,碳烤鸡肉培根披萨-7英寸(经典手拍)[{""name"":""规格"",""value"":""7英寸(经典手拍)""}]（39.00*1）,餐盒（4.00*1）",明星至尊桶+碳烤鸡肉培根披萨,,,,非会员,6,,,依据餐量提供餐具,,98.00,44.22,44.11,0.00,0,0,4.12,0.00,4.00,【活动支出】店铺满减:6.00元+【活动支出】单品特价:19.01元+【活动支出】单品特价:7.10元+【活动支出】饿了么红包:12.00元+【活动支出】替用户承担配送费:4.0元,-,-,-,4.00,温州区域,温州加盟,,,否,-,平台配送
圣比萨（白象店）,SBM00022,温州,"8078490254663680360	",饿了么,平台外卖,已完成,2025-10-21 16:57:46,2025-10-21 16:57:46,2025-10-21 16:57:46,饿了么支付-在线支付,,即时单,2025-10-21 16:57:46,9.52,手动出餐,1,否,"纯芝士披萨-7英寸(经典手拍)[{""name"":""规格"",""value"":""7英寸(经典手拍)""}]（38.00*1）,餐盒（2.00*1）",金牌芝士披萨,,,,非会员,7,,,依据餐量提供餐具,,38.00,19.24,13.01,0.00,0,0,1.80,0.00,3.50,【活动支出】单品特价:8.01元+【活动支出】饿了么红包:5.00元+【活动支出】替用户承担配送费:3.5元,-,-,-,2.00,温州区域,温州加盟,,,否,-,平台配送
圣比萨（白象店）,SBM00022,温州,"8049516088514291027	",饿了么,平台外卖,已完成,2025-10-21 17:14:17,2025-10-21 17:14:17,2025-10-21 17:14:17,饿了么支付-在线支付,,即时单,2025-10-21 17:14:17,10.57,手动出餐,1,否,"两个7英寸披萨[牛肉披萨+培根鸡肉披萨]（86.80*1）,餐盒（1.00*1）",两个7英寸披萨[牛肉披萨+培根鸡肉披萨]+餐盒,,,,非会员,8,,,依据餐量提供餐具,,86.80,29.24,44.81,0.00,0,0,3.00,0.00,8.40,【活动支出】店铺满减:1.00元+【活动支出】单品特价:33.81元+【活动支出】粉丝群:1.00元+【活动支出】饿了么红包:9.00元+【活动支出】替用户承担配送费:6.0元,-,-,-,1.00,温州区域,温州加盟,,,否,-,平台配送
圣比萨（白象店）,SBM00022,温州,"8089040254573344199	",饿了么,平台外卖,已完成,2025-10-21 17:33:52,2025-10-21 17:33:52,2025-10-21 17:33:52,饿了么支付-在线支付,,即时单,2025-10-21 17:33:52,12.00,手动出餐,1,否,"蛋挞（10.00*1）,盐酥鸡粒（21.00*1）,海苔肉松披萨-7英寸(经典手拍)[{""name"":""规格"",""value"":""7英寸(经典手拍)""}]（42.00*1）,圣比至尊披萨-9英寸(经典手拍)[{""name"":""规格"",""value"":""9英寸(经典手拍)""}]（69.00*1）,餐盒（7.00*1）",蛋挞+盐酥鸡粒+海苔肉松披萨+大圣招牌大满贯披萨,,,,非会员,9,,,2份餐具,,142.00,73.47,54.30,0.00,0,0,6.88,0.00,3.50,【活动支出】店铺满减:6.00元+【活动支出】单品特价:11.10元+【活动支出】单品特价:10.10元+【活动支出】单品特价:19.10元+【活动支出】饿了么红包:8.00元+【活动支出】替用户承担配送费:3.5元,-,-,-,7.00,温州区域,温州加盟,,,否,-,平台配送
圣比萨（白象店）,SBM00022,温州,"8031490254687888814	",饿了么,平台外卖,已完成,2025-10-21 17:41:37,2025-10-21 17:41:37,2025-10-21 17:41:37,饿了么支付-在线支付,,即时单,2025-10-21 17:41:37,12.00,手动出餐,1,否,"榴莲披萨-9英寸（经典手拍）[{""name"":""规格"",""value"":""9英寸（经典手拍）""}]（92.00*1）,餐盒（1.00*1）",榴莲王披萨,,,,非会员,10,,,2份餐具,,92.00,40.29,40.01,0.00,0,0,3.75,0.00,3.50,【活动支出】店铺满减:6.00元+【活动支出】单品特价:29.01元+【活动支出】饿了么红包:5.00元+【活动支出】替用户承担配送费:3.5元,-,-,-,1.00,温州区域,温州加盟,,,否,-,平台配送
圣比萨（白象店）,SBM00022,温州,"8061250254762950020	",饿了么,平台外卖,已完成,2025-10-21 17:47:55,2025-10-21 17:47:55,2025-10-21 17:47:55,饿了么支付-在线支付,,即时单,2025-10-21 17:47:55,11.10,手动出餐,1,否,"香蕉水果披萨-7英寸（经典手拍）[{""name"":""规格"",""value"":""7英寸（经典手拍）""}]（38.00*1）,餐盒（1.00*1）","香蕉水果披萨-7英寸（经典手拍）[{""name"":""规格"",""value"":""7英寸（经典手拍）""}]+餐盒",,,,非会员,11,,,依据餐量提供餐具,,38.00,16.47,15.01,0.00,0,0,1.57,0.00,3.50,【活动支出】单品特价:8.01元+【活动支出】 商家自营销加码:2.00元+【活动支出】饿了么红包:5.00元+【活动支出】替用户承担配送费:3.5元,-,-,-,1.00,温州区域,温州加盟,,,否,-,平台配送
圣比萨（白象店）,SBM00022,温州,"8065080254763301140	",饿了么,平台外卖,已完成,2025-10-21 17:52:50,2025-10-21 17:52:50,2025-10-21 17:52:50,饿了么支付-在线支付,,即时单,2025-10-21 17:52:50,9.87,手动出餐,1,否,"香蕉水果披萨-7英寸（经典手拍）[{""name"":""规格"",""value"":""7英寸（经典手拍）""}]（38.00*1）,餐盒（1.00*1）","香蕉水果披萨-7英寸（经典手拍）[{""name"":""规格"",""value"":""7英寸（经典手拍）""}]+餐盒",,,,非会员,12,,,依据餐量提供餐具,,38.00,16.47,15.01,0.00,0,0,1.57,0.00,3.50,【活动支出】单品特价:8.01元+【活动支出】饿了么红包:7.00元+【活动支出】替用户承担配送费:3.5元,-,-,-,1.00,温州区域,温州加盟,,,否,-,平台配送
圣比萨（白象店）,SBM00022,温州,"8002696088579223977	",饿了么,平台外卖,已完成,2025-10-21 17:57:46,2025-10-21 17:57:46,2025-10-21 17:57:46,饿了么支付-在线支付,,即时单,2025-10-21 17:57:46,10.18,手动出餐,1,否,"黑椒牛肉芝士焗饭（微辣）（29.00*1）,餐盒（1.00*1）",黑椒牛肉芝士焗饭（微辣）+餐盒,,,,非会员,13,,,依据餐量提供餐具,,29.00,16.50,5.00,0.00,0,0,1.65,0.00,5.00,【活动支出】饿了么红包:5.00元+【活动支出】替用户承担配送费:5.0元,-,-,-,1.00,温州区域,温州加盟,,,否,-,平台配送
圣比萨（白象店）,SBM00022,温州,"8046516088586694991	",饿了么,平台外卖,已退款,2025-10-21 18:05:43,2025-10-21 18:05:43,2025-10-21 18:05:44,饿了么支付-在线支付,,即时单,2025-10-21 18:05:43,,未出餐,1,否,"(买一送一)买披萨送意面[圣比至尊披萨7英寸+番茄牛肉意面]（75.00*1）,餐盒（2.00*1）",(买一送一)买披萨送意面[圣比至尊披萨7英寸+番茄牛肉意面]+餐盒,,,,非会员,14,,,依据餐量提供餐具,订单强制无效（商家主动取消已接订单、用户1分钟内取消),75.00,1.26,34.12,30.88,0,0,2.99,0.00,3.50,【活动支出】店铺满减:1.00元+【活动支出】单品特价:25.12元+【活动支出】饿了么红包:8.00元+【活动支出】替用户承担配送费:3.5元,-,-,-,2.00,温州区域,温州加盟,,,否,-,平台配送
圣比萨（白象店）,SBM00022,温州,"8046516088586865972	",饿了么,平台外卖,已完成,2025-10-21 18:07:15,2025-10-21 18:07:15,2025-10-21 18:07:15,饿了么支付-在线支付,,即时单,2025-10-21 18:07:15,10.53,手动出餐,1,否,"上校鸡块（12.00*1）,(买一送一)买披萨送意面[圣比至尊披萨7英寸+番茄牛肉意面]（75.00*1）,餐盒（4.00*1）",上校鸡块,,,,非会员,15,,,依据餐量提供餐具,,87.00,36.30,42.32,0.00,0,0,3.43,0.00,3.50,【活动支出】店铺满减:6.00元+【活动支出】单品特价:3.20元+【活动支出】单品特价:25.12元+【活动支出】饿了么红包:8.00元+【活动支出】替用户承担配送费:3.5元,-,-,-,4.00,温州区域,温州加盟,,,否,-,平台配送
圣比萨（白象店）,SBM00022,温州,"8095666088616777013	",饿了么,平台外卖,已完成,2025-10-21 19:34:34,2025-10-21 19:34:34,2025-10-21 19:34:34,饿了么支付-在线支付,,即时单,2025-10-21 19:34:34,10.73,手动出餐,1,否,"个人独享DIY套餐（折扣价）[7英寸水果披萨+蛋挞1对+可乐罐装]（59.00*1）,餐盒（2.00*1）",缤纷水果披萨【7英寸(手拍)】,,,,非会员,16,,,依据餐量提供餐具,,59.00,22.29,28.12,0.00,0,0,2.24,0.00,6.20,【活动支出】店铺满减:1.00元+【活动支出】单品特价:19.12元+【活动支出】 商家自营销加码:0.00元+【活动支出】饿了么红包:8.00元+【活动支出】替用户承担配送费:6.0元,-,-,-,2.00,温州区域,温州加盟,,,否,-,平台配送
圣比萨（白象店）,SBM00022,温州,"8004420254831633883	",饿了么,平台外卖,已完成,2025-10-21 20:02:07,2025-10-21 20:02:07,2025-10-21 20:02:07,饿了么支付-在线支付,,即时单,2025-10-21 20:02:07,11.53,手动出餐,1,否,"两个7英寸披萨[新奥鸡肉披萨+新奥尔良鸡肉披萨]（86.80*1）,餐盒（1.00*1）",两个7英寸披萨[新奥鸡肉披萨+新奥尔良鸡肉披萨]+餐盒,,,,非会员,17,,,2份餐具,,86.80,31.67,43.81,0.00,0,0,3.07,0.00,4.50,【活动支出】店铺满减:1.00元+【活动支出】单品特价:33.81元+【活动支出】饿了么红包:9.00元+【活动支出】替用户承担配送费:4.5元,-,-,-,1.00,温州区域,温州加盟,,,否,-,平台配送
圣比萨（白象店）,SBM00022,温州,"8047110254740061503	",饿了么,平台外卖,已完成,2025-10-21 20:23:13,2025-10-21 20:23:13,2025-10-21 20:23:13,饿了么支付-在线支付,,即时单,2025-10-21 20:23:13,10.28,手动出餐,1,否,"上校鸡块（12.00*1）,碳烤鸡肉培根披萨-7英寸(经典手拍)[{""name"":""规格"",""value"":""7英寸(经典手拍)""}]（39.00*1）,餐盒（4.00*1）",上校鸡块+碳烤鸡肉培根披萨,,,,非会员,18,,,1份餐具,,51.00,26.10,19.30,0.00,0,0,2.45,0.00,3.50,【活动支出】店铺满减:1.00元+【活动支出】单品特价:3.20元+【活动支出】单品特价:7.10元+【活动支出】 商家自营销加码:0.00元+【活动支出】饿了么红包:8.00元+【活动支出】替用户承担配送费:3.5元,-,-,-,4.00,温州区域,温州加盟,,,否,-,平台配送
圣比萨（白象店）,SBM00022,温州,"8082986088646093102	",饿了么,平台外卖,已完成,2025-10-21 20:25:27,2025-10-21 20:25:27,2025-10-21 20:25:28,饿了么支付-在线支付,,即时单,2025-10-21 20:25:27,13.57,手动出餐,1,否,"经典薯条（18.00*1）,香蕉水果披萨-9英寸（经典手拍）[{""name"":""规格"",""value"":""9英寸（经典手拍）""}]（65.00*1）,餐盒（3.00*1）",经典薯条,,,,非会员,19,,,无需餐具,,83.00,39.27,34.11,0.00,0,0,3.67,0.00,3.50,【活动支出】店铺满减:1.00元+【活动支出】单品特价:8.10元+【活动支出】单品特价:18.01元+【活动支出】吃货豆兑换的商家券:5.00元+【活动支出】 商家自营销加码:2.00元+【活动支出】替用户承担配送费:3.5元,-,-,-,3.00,温州区域,温州加盟,,,否,-,平台配送
圣比萨（白象店）,SBM00022,温州,"8057310254769946008	",饿了么,平台外卖,已完成,2025-10-21 20:55:29,2025-10-21 20:55:29,2025-10-21 20:55:29,饿了么支付-在线支付,,即时单,2025-10-21 20:55:29,11.55,手动出餐,1,否,"圣比至尊披萨-7英寸(经典手拍)[{""name"":""规格"",""value"":""7英寸(经典手拍)""}]（42.00*1）,餐盒（2.00*1）",大圣招牌大满贯披萨,,,,非会员,20,,,依据餐量提供餐具,,42.00,21.33,14.10,0.00,0,0,2.02,0.00,3.50,【活动支出】单品特价:7.10元+【活动支出】饿了么红包:7.00元+【活动支出】替用户承担配送费:3.5元,-,-,-,2.00,温州区域,温州加盟,,,否,-,平台配送
圣比萨（白象店）,SBM00022,温州,"8073150254782651798	",饿了么,平台外卖,已完成,2025-10-21 21:19:25,2025-10-21 21:19:25,2025-10-21 21:19:25,饿了么支付-在线支付,,即时单,2025-10-21 21:19:25,11.45,手动出餐,1,否,"圣比至尊披萨-9英寸(经典手拍)[{""name"":""规格"",""value"":""9英寸(经典手拍)""}]（69.00*1）,餐盒（2.00*1）",大圣招牌大满贯披萨,,,,非会员,21,,,"对骑手, 不要敲门, 不要打电话，放门口，谢谢 / 依据餐量提供餐具",,69.00,30.73,29.10,0.00,0,0,2.92,0.00,5.60,【活动支出】店铺满减:1.00元+【活动支出】单品特价:19.10元+【活动支出】粉丝群:1.00元+【活动支出】饿了么红包:8.00元+【活动支出】替用户承担配送费:5.6元,-,-,-,2.00,温州区域,温州加盟,,,否,-,平台配送
圣比萨（白象店）,SBM00022,温州,"8077250254764750133	",饿了么,平台外卖,已完成,2025-10-21 21:27:38,2025-10-21 21:27:38,2025-10-21 21:27:38,饿了么支付-在线支付,,即时单,2025-10-21 21:27:38,11.08,手动出餐,1,否,"榴莲披萨-7英寸（经典手拍[{""name"":""规格"",""value"":""7英寸（经典手拍""}]（52.00*1）,餐盒（1.00*1）","榴莲披萨-7英寸（经典手拍[{""name"":""规格"",""value"":""7英寸（经典手拍""}]+餐盒",,,,非会员,22,,,依据餐量提供餐具,,52.00,24.04,18.01,0.00,0,0,2.40,0.00,7.10,【活动支出】店铺满减:1.00元+【活动支出】单品特价:9.01元+【活动支出】 商家自营销加码:0.00元+【活动支出】饿了么红包:8.00元+【活动支出】替用户承担配送费:6.0元,-,-,-,1.00,温州区域,温州加盟,,,否,-,平台配送
圣比萨（白象店）,SBM00022,温州,"8034636088644465135	",饿了么,平台外卖,已完成,2025-10-21 22:03:46,2025-10-21 22:03:46,2025-10-21 22:03:47,饿了么支付-在线支付,,即时单,2025-10-21 22:03:46,11.18,手动出餐,1,否,"圣比至尊披萨-7英寸(经典手拍)[{""name"":""规格"",""value"":""7英寸(经典手拍)""}]（42.00*1）,餐盒（2.00*1）",大圣招牌大满贯披萨,,,,非会员,23,,,别放青椒 / 依据餐量提供餐具,,42.00,19.91,15.10,0.00,0,0,1.94,0.00,5.60,【活动支出】单品特价:7.10元+【活动支出】超会爆红包省钱包:8.00元+【活动支出】替用户承担配送费:5.6元,-,-,-,2.00,温州区域,温州加盟,,,否,-,平台配送
圣比萨（温大B区店）,SBS00026,温州,"8041330254501793066	",饿了么,平台外卖,已完成,2025-10-21 11:13:11,2025-10-21 11:13:11,2025-10-21 11:13:11,饿了么支付-在线支付,,即时单,2025-10-21 11:13:11,12.18,自动出餐,1,否,照烧鸡肉手握披萨（32.00*1）,照烧鸡肉手握披萨,,,,非会员,1,,,1份餐具；手机尾号：3323；送上楼,,32.00,10.75,16.10,0.00,0,0,1.15,0.00,1.50,【活动支出】单品特价:16.10元+【活动支出】替用户承担配送费:1.5元,-,-,-,0.00,温州区域,温州直营,,,否,-,平台配送
圣比萨（温大B区店）,SBS00026,温州,"8091946088517206394	",饿了么,平台外卖,已退款,2025-10-21 15:34:27,2025-10-21 15:34:27,2025-10-21 15:34:27,饿了么支付-在线支付,,预约单,2025-10-21 16:50:00,,未出餐,1,否,"DIY单人套餐（主食小吃饮品自选）（48.00*1）,餐盒（1.00*1）",小雪碧+蛋挞+咖喱鸡肉芝士焗饭,,,,非会员,2,,,依据餐量提供餐具；手机尾号：6191；聚合送,"餐厅同意取消单 ",48.00,-2.71,26.10,19.90,0,0,1.71,0.00,1.50,【活动支出】单品特价:20.10元+【活动支出】大额吃货红包（爆红包）:0.00元+【活动支出】饿了么红包:6.00元+【活动支出】替用户承担配送费:1.5元,-,-,-,1.00,温州区域,温州直营,,,否,-,平台配送
圣比萨（温大B区店）,SBS00026,温州,"8091946088475174184	",饿了么,平台外卖,已完成,2025-10-21 15:40:29,2025-10-21 15:40:29,2025-10-21 15:40:29,饿了么支付-在线支付,,预约单,2025-10-21 16:55:00,29.75,自动出餐,1,否,"DIY单人套餐（主食小吃饮品自选）（48.00*1）,葡式蛋挞1个（4.00*1）,奥尔良烤翅（10.00*1）,餐盒（3.50*1）",小雪碧+地道肠1根+咖喱鸡肉芝士焗饭+蛋挞1个+奥尔良烤翅,,,,非会员,3,,,依据餐量提供餐具；手机尾号：6191；聚合送,,62.00,23.90,35.30,0.00,0,0,2.30,0.00,1.50,【活动支出】单品特价:20.10元+【活动支出】单品特价:3.10元+【活动支出】单品特价:0.10元+【活动支出】饿了么红包:12.00元+【活动支出】替用户承担配送费:1.5元,-,-,-,3.50,温州区域,温州直营,,,否,-,平台配送
圣比萨（温大B区店）,SBS00026,温州,"8055766088491581806	",饿了么,平台外卖,已完成,2025-10-21 16:08:25,2025-10-21 16:08:25,2025-10-21 16:08:25,饿了么支付-在线支付,,即时单,2025-10-21 16:08:25,10.22,自动出餐,1,否,"日系照烧鸡肉披萨-7英寸[{""name"":""规格"",""value"":""7英寸""}]（45.00*1）",日系照烧鸡披萨,,,,非会员,4,,,依据餐量提供餐具；手机尾号：4863；送上楼,,45.00,10.75,29.10,0.00,0,0,1.15,0.00,1.50,【活动支出】单品特价:21.10元+【活动支出】粉丝群:2.00元+【活动支出】饿了么红包:6.00元+【活动支出】替用户承担配送费:1.5元,-,-,-,0.00,温州区域,温州直营,,,否,-,平台配送
圣比萨（温大B区店）,SBS00026,温州,"8063616088483331389	",饿了么,平台外卖,已完成,2025-10-21 16:13:55,2025-10-21 16:13:55,2025-10-21 16:13:55,饿了么支付-在线支付,,即时单,2025-10-21 16:13:55,10.02,自动出餐,1,否,蛋挞2个-单点（8.51*1）,蛋挞,,,,非会员,5,,,依据餐量提供餐具；手机尾号：3052；送上楼,,8.51,4.90,0.00,0.00,0,0,0.00,0.00,,【活动支出】拼团反圈活动:0.00元,-,-,-,0.00,温州区域,温州直营,,,否,-,平台配送
圣比萨（温大B区店）,SBS00026,温州,"8067300254622382530	",饿了么,平台外卖,已完成,2025-10-21 16:22:49,2025-10-21 16:22:49,2025-10-21 16:22:49,饿了么支付-在线支付,,即时单,2025-10-21 16:22:49,10.08,自动出餐,1,否,"照烧鸡肉单人餐（冰豆花自选)（58.00*1）,餐盒（1.00*1）",照烧鸡肉手握披萨+原味冰豆花,,,,非会员,6,,,依据餐量提供餐具；手机尾号：7721；送上楼,,58.00,13.51,40.10,0.00,0,0,1.39,0.00,1.50,【活动支出】单品特价:32.10元+【活动支出】粉丝群:2.00元+【活动支出】饿了么红包:6.00元+【活动支出】替用户承担配送费:1.5元,-,-,-,1.00,温州区域,温州直营,,,否,-,平台配送
圣比萨（温大B区店）,SBS00026,温州,"8074410254658264366	",饿了么,平台外卖,已完成,2025-10-21 17:03:48,2025-10-21 17:03:48,2025-10-21 17:03:48,饿了么支付-在线支付,,即时单,2025-10-21 17:03:48,10.07,自动出餐,1,否,"DIY单人套餐（主食小吃饮品自选）（48.00*1）,送餐上楼【下午1-4点晚上7点之后放外卖柜】（0.00*1）,餐盒（1.00*1）",小芬达+地道肠1根+烤奥尔良鸡肉手握披萨+送餐上楼,,,,非会员,7,,,依据餐量提供餐具；手机尾号：8783；送上楼,,48.00,17.19,26.10,0.00,0,0,1.71,0.00,1.50,【活动支出】单品特价:20.10元+【活动支出】饿了么红包:6.00元+【活动支出】替用户承担配送费:1.5元,-,-,-,1.00,温州区域,温州直营,,,否,-,平台配送
圣比萨（温大B区店）,SBS00026,温州,"8063130254684586332	",饿了么,平台外卖,已完成,2025-10-21 17:35:20,2025-10-21 17:35:20,2025-10-21 17:35:21,饿了么支付-在线支付,,即时单,2025-10-21 17:35:20,12.15,自动出餐,1,否,"DIY单人套餐（主食小吃饮品自选）（48.00*1）,餐盒（1.00*1）",小芬达+盐酥鸡粒+咖喱鸡肉芝士焗饭,,,,非会员,8,,,无需餐具；手机尾号：9358；送上楼,用户申请取消单 其他原因，,48.00,16.27,27.10,0.00,0,0,1.63,0.00,1.50,【活动支出】单品特价:20.10元+【活动支出】饿了么红包:7.00元+【活动支出】替用户承担配送费:1.5元,-,-,-,1.00,温州区域,温州直营,,,否,-,平台配送
圣比萨（泰亨温学府店）,SBM00001,温州,"8070010254474028422	",饿了么,平台外卖,已完成,2025-10-21 10:39:36,2025-10-21 10:39:36,2025-10-21 10:39:37,饿了么支付-在线支付,,即时单,2025-10-21 10:39:36,10.23,自动出餐,1,否,"新奥尔良烤鸡肉披萨7英寸（45.00*1）,招牌肉酱意面（52.00*1）,餐盒（4.00*1）",新奥尔良烤鸡肉披萨【7英寸(手拍)】+招牌肉酱意面,,,,非会员,1,,,依据餐量提供餐具,,97.00,34.70,54.20,0.00,0,0,3.25,0.00,3.50,【活动支出】店铺满减:1.00元+【活动支出】单品特价:21.10元+【活动支出】单品特价:24.10元+【活动支出】饿了么红包:8.00元+【活动支出】替用户承担配送费:3.5元,-,-,-,4.00,温州区域,温州加盟,,,否,-,平台配送
圣比萨（泰亨温学府店）,SBM00001,温州,"8089460254517909854	",饿了么,平台外卖,已完成,2025-10-21 11:31:41,2025-10-21 11:31:41,2025-10-21 11:31:42,饿了么支付-在线支付,,即时单,2025-10-21 11:31:41,12.23,自动出餐,1,否,新奥尔良烤鸡肉披萨7寸-单点（22.00*1）,新奥尔良烤鸡肉披萨【7英寸(手拍)】,,,,非会员,2,,,放门口柜子上谢谢 / 依据餐量提供餐具,,22.00,12.00,0.00,0.00,0,0,0.00,0.00,,【活动支出】拼团反圈活动:0.00元,-,-,-,0.00,温州区域,温州加盟,,,否,-,平台配送
圣比萨（泰亨温学府店）,SBM00001,温州,"8077696088467587535	",饿了么,平台外卖,已完成,2025-10-21 12:24:35,2025-10-21 12:24:35,2025-10-21 12:24:35,饿了么支付-在线支付,,即时单,2025-10-21 12:24:35,12.20,自动出餐,1,否,"爆款披萨双人超值套餐[日系照烧7英寸+奶汁培根意面+可乐+可乐]（88.00*1）,餐盒（2.00*1）",奶汁培根鲜虾意面+小可乐+小可乐,,,,非会员,3,,,依据餐量提供餐具,,88.00,26.74,53.10,0.00,0,0,2.51,0.00,3.50,【活动支出】店铺满减:1.00元+【活动支出】单品特价:41.10元+【活动支出】粉丝群:2.00元+【活动支出】饿了么红包:9.00元+【活动支出】替用户承担配送费:3.5元,-,-,-,2.00,温州区域,温州加盟,,,否,-,平台配送
圣比萨（泰亨温学府店）,SBM00001,温州,"8096420254549092796	",饿了么,平台外卖,已完成,2025-10-21 12:40:26,2025-10-21 12:40:26,2025-10-21 12:40:26,饿了么支付-在线支付,,即时单,2025-10-21 12:40:26,12.02,自动出餐,1,否,"小食拼盘（41.00*1）,金沙咸蛋黄嫩鸡披萨-7英寸（经典手拍)[{""name"":""规格"",""value"":""7英寸（经典手拍)""}]（52.00*1）,榴莲王披萨-7英寸（经典手拍)[{""name"":""规格"",""value"":""7英寸（经典手拍)""}]（52.00*1）,奶酪芝士卷边（7英寸）（4.90*1）,红薯泥卷边（7英寸）（4.90*1）,餐盒（5.00*1）",小吃拼盘+金沙咸蛋黄嫩鸡披萨+榴莲王披萨+奶酪芝士卷边7+红薯泥流心卷边7,,,,非会员,4,,,2份餐具,,154.80,77.77,59.30,0.00,0,0,7.28,0.00,3.50,【活动支出】店铺满减:4.00元+【活动支出】单品特价:11.10元+【活动支出】单品特价:18.10元+【活动支出】单品特价:18.10元+【活动支出】超级会员专享红包:8.00元+【活动支出】 商家自营销加码:0.00元+【活动支出】替用户承担配送费:3.5元,-,-,-,5.00,温州区域,温州加盟,,,否,-,平台配送
圣比萨（泰亨温学府店）,SBM00001,温州,"8094300254514401649	",饿了么,平台外卖,已完成,2025-10-21 14:55:28,2025-10-21 14:55:28,2025-10-21 14:55:28,饿了么支付-在线支付,,即时单,2025-10-21 14:55:28,10.22,自动出餐,1,否,"️任意爆款意面一人食套餐[奶汁培根意面+圆形薯饼3个+可乐小]（61.00*1）,深海墨鱼丸-3个[{""name"":""规格"",""value"":""3个""}]（10.60*1）,餐盒（3.00*1）",深海墨鱼丸,,,,非会员,5,,,对骑手 很多骑手看导航都误送到15栋去了请留意 / 依据餐量提供餐具,,71.60,20.31,45.80,0.00,0,0,1.94,0.00,4.00,【活动支出】店铺满减:1.00元+【活动支出】首次光顾立减:1.00元+【活动支出】单品特价:31.10元+【活动支出】单品特价:4.70元+【活动支出】饿了么红包:8.00元+【活动支出】替用户承担配送费:4.0元,-,-,-,3.00,温州区域,温州加盟,,,否,-,平台配送
圣比萨（泰亨温学府店）,SBM00001,温州,"8041966088498365848	",饿了么,平台外卖,已完成,2025-10-21 15:52:10,2025-10-21 15:52:10,2025-10-21 15:52:11,饿了么支付-在线支付,,即时单,2025-10-21 15:52:10,10.12,自动出餐,1,否,"缤纷水果披萨7英寸（42.00*1）,餐盒（2.00*1）",缤纷水果披萨【7英寸(手拍)】,,,,非会员,6,,,依据餐量提供餐具,,42.00,16.06,21.10,0.00,0,0,1.49,0.00,3.50,【活动支出】单品特价:16.10元+【活动支出】吃货豆兑换的商家券:5.00元+【活动支出】替用户承担配送费:3.5元,-,-,-,2.00,温州区域,温州加盟,,,否,-,平台配送
圣比萨（泰亨温学府店）,SBM00001,温州,"8068250254613198185	",饿了么,平台外卖,已完成,2025-10-21 16:03:38,2025-10-21 16:03:38,2025-10-21 16:03:38,饿了么支付-在线支付,,即时单,2025-10-21 16:03:38,10.17,自动出餐,1,否,"7英寸披萨买一送一[新奥尔良鸡肉披萨7英寸+圣比至尊披萨7英寸]（86.80*1）,餐盒（2.00*1）",大圣招牌大满贯披萨【7英寸(手拍)】,,,,非会员,7,,,依据餐量提供餐具,,86.80,28.13,50.90,0.00,0,0,2.62,0.00,3.50,【活动支出】店铺满减:1.00元+【活动支出】首次光顾立减:1.00元+【活动支出】单品特价:39.90元+【活动支出】饿了么红包:9.00元+【活动支出】替用户承担配送费:3.5元,-,-,-,2.00,温州区域,温州加盟,,,否,-,平台配送
圣比萨（泰亨温学府店）,SBM00001,温州,"8022756088525797825	",饿了么,平台外卖,已完成,2025-10-21 17:23:04,2025-10-21 17:23:04,2025-10-21 17:23:04,饿了么支付-在线支付,,即时单,2025-10-21 17:23:04,10.00,自动出餐,1,否,"甜蜜时光薄脆披萨-双层[{""name"":""规格"",""value"":""双层""}]（128.00*1）,川香脆皮大翅根-2个[{""name"":""规格"",""value"":""2个""}]（22.00*1）,餐盒（3.00*1）",甜蜜时光薄脆披萨+川香脆皮大翅根,,,,非会员,8,,,"完全不要辣, 不要香菜, 不要葱 / 无需餐具",,150.00,42.29,97.20,0.00,0,0,3.96,0.00,3.50,【活动支出】店铺满减:6.00元+【活动支出】单品特价:69.10元+【活动支出】单品特价:10.10元+【活动支出】饿了么红包:12.00元+【活动支出】替用户承担配送费:3.5元,-,-,-,3.00,温州区域,温州加盟,,,否,-,平台配送
圣比萨（泰亨温学府店）,SBM00001,温州,"8081656088579921351	",饿了么,平台外卖,已完成,2025-10-21 17:26:10,2025-10-21 17:26:10,2025-10-21 17:26:11,饿了么支付-在线支付,,即时单,2025-10-21 17:26:10,10.00,自动出餐,1,否,"菠萝双虾披萨7英寸（45.99*1）,奶酪芝士卷边（7英寸）（4.90*1）,翅薯组合（21.88*1）,餐盒（3.00*1）",菠萝双虾披萨【7英寸(手拍)】+奶酪芝士卷边7+翅薯组合,,,,非会员,9,,,依据餐量提供餐具,,72.77,38.17,25.07,0.00,0,0,3.58,0.00,3.50,【活动支出】店铺满减:1.00元+【活动支出】单品特价:14.09元+【活动支出】单品特价:1.98元+【活动支出】超会爆红包省钱包:8.00元+【活动支出】替用户承担配送费:3.0元,-,-,-,3.00,温州区域,温州加盟,,,否,-,平台配送
圣比萨（泰亨温学府店）,SBM00001,温州,"8015110254678066521	",饿了么,平台外卖,已完成,2025-10-21 17:29:52,2025-10-21 17:29:52,2025-10-21 17:29:52,饿了么支付-在线支付,,即时单,2025-10-21 17:29:52,10.07,自动出餐,1,否,"芝士焗饭一人食套餐[黑椒牛肉芝士焗饭+翅根1个+奶茶]（61.00*1）,餐盒（2.00*1）",黑椒牛肉芝士焗饭+川香脆皮大翅根【1个】+港式奶茶,,,,非会员,10,,,依据餐量提供餐具,,61.00,18.23,37.10,0.00,0,0,1.72,0.00,5.50,【活动支出】首次光顾立减:1.00元+【活动支出】单品特价:29.10元+【活动支出】饿了么红包:7.00元+【活动支出】替用户承担配送费:3.0元,-,-,-,2.00,温州区域,温州加盟,,,否,-,平台配送
圣比萨（泰亨温学府店）,SBM00001,温州,"8030586088541031842	",饿了么,平台外卖,已完成,2025-10-21 17:47:28,2025-10-21 17:47:28,2025-10-21 17:47:28,饿了么支付-在线支付,,即时单,2025-10-21 17:47:28,12.02,自动出餐,1,否,"圣比至尊披萨9英寸-9寸(经典手拍)[{""name"":""规格"",""value"":""9寸(经典手拍)""}]（78.00*1）,餐盒（2.00*1）","圣比至尊披萨9英寸-9寸(经典手拍)[{""name"":""规格"",""value"":""9寸(经典手拍)""}]+餐盒",,,,非会员,11,,,1份餐具,,78.00,26.28,44.10,0.00,0,0,2.47,0.00,3.50,【活动支出】店铺满减:1.00元+【活动支出】首次光顾立减:1.00元+【活动支出】单品特价:34.10元+【活动支出】 商家自营销加码:0.00元+【活动支出】饿了么红包:8.00元+【活动支出】替用户承担配送费:3.5元,-,-,-,2.00,温州区域,温州加盟,,,否,-,平台配送
圣比萨（泰亨温学府店）,SBM00001,温州,"8050400254692748590	",饿了么,平台外卖,已退款,2025-10-21 17:50:23,2025-10-21 17:50:23,2025-10-21 17:50:23,饿了么支付-在线支付,,即时单,2025-10-21 17:50:23,12.15,自动出餐,1,否,"榴莲王披萨12英寸（128.00*1）,红薯泥卷边（12英寸）（8.90*1）,餐盒（2.00*1）",榴莲王披萨12英寸+红薯泥流心卷边,,,,非会员,12,,,2份餐具,"客服仲裁同意退单 餐都损坏成这样了，我就想知道谁负责,客服同意退款",136.90,3.01,82.10,37.00,0,0,4.04,0.00,6.20,【活动支出】店铺满减:6.00元+【活动支出】单品特价:64.10元+【活动支出】CPS商户叠加券:0.00元+【活动支出】饿了么红包:12.00元+【活动支出】替用户承担配送费:6.0元,-,-,-,2.00,温州区域,温州加盟,,,否,-,平台配送
圣比萨（泰亨温学府店）,SBM00001,温州,"8082966088560463305	",饿了么,平台外卖,已完成,2025-10-21 17:55:06,2025-10-21 17:55:06,2025-10-21 17:55:06,饿了么支付-在线支付,,即时单,2025-10-21 17:55:06,12.18,自动出餐,1,否,"花果山披萨-9英寸（经典手拍）[{""name"":""规格"",""value"":""9英寸（经典手拍）""}]（75.00*1）,餐盒（1.00*1）",花果山披萨,,,,非会员,13,,,依据餐量提供餐具,,75.00,21.33,46.10,0.00,0,0,2.02,0.00,3.50,【活动支出】单品特价:39.10元+【活动支出】饿了么红包:7.00元+【活动支出】替用户承担配送费:3.5元,-,-,-,1.00,温州区域,温州加盟,,,否,-,平台配送
圣比萨（泰亨温学府店）,SBM00001,温州,"8070100254582418931	",饿了么,平台外卖,已完成,2025-10-21 18:02:51,2025-10-21 18:02:51,2025-10-21 18:02:51,饿了么支付-在线支付,,即时单,2025-10-21 18:02:51,12.22,自动出餐,1,否,7寸日系照烧鸡披萨-单点（22.00*1）,日系照烧鸡披萨【7英寸(手拍)】,,,,非会员,14,,,1份餐具,,22.00,12.00,0.00,0.00,0,0,0.00,0.00,,【活动支出】拼团反圈活动:0.00元,-,-,-,0.00,温州区域,温州加盟,,,否,-,平台配送
圣比萨（泰亨温学府店）,SBM00001,温州,"8061776088548546910	",饿了么,平台外卖,已完成,2025-10-21 18:06:31,2025-10-21 18:06:31,2025-10-21 18:06:32,饿了么支付-在线支付,,即时单,2025-10-21 18:06:31,12.03,自动出餐,1,否,7英寸披萨买一送一[水果披萨7英寸+碳烤鸡肉披萨7英寸]（86.80*1）,缤纷水果披萨【7英寸(手拍)】+碳烤鸡肉培根披萨【7英寸(手拍)】,,,,非会员,15,,,依据餐量提供餐具,,86.80,27.67,49.40,0.00,0,0,2.58,0.00,3.50,【活动支出】单品特价:49.40元+【活动支出】替用户承担配送费:3.0元,-,-,-,0.00,温州区域,温州加盟,,,否,-,平台配送
圣比萨（泰亨温学府店）,SBM00001,温州,"8024626088597466461	",饿了么,平台外卖,已完成,2025-10-21 18:28:31,2025-10-21 18:28:31,2025-10-21 18:28:31,饿了么支付-在线支付,,即时单,2025-10-21 18:28:31,12.18,自动出餐,1,否,"奶酪芝士卷边（7英寸）（4.90*1）,柠檬茶[常温]（6.00*1）,牛肉至尊披萨7英寸（45.99*1）,餐盒（3.00*1）",奶酪芝士卷边7+柠檬茶+炙热牛魔王披萨【7英寸(手拍)】,,,,非会员,16,,,依据餐量提供餐具,,56.89,24.25,26.19,0.00,0,0,2.30,0.00,7.50,【活动支出】店铺满减:1.00元+【活动支出】单品特价:0.10元+【活动支出】单品特价:16.09元+【活动支出】饿了么红包:9.00元+【活动支出】替用户承担配送费:3.0元,-,-,-,3.00,温州区域,温州加盟,,,否,-,平台配送
圣比萨（泰亨温学府店）,SBM00001,温州,"8081846088630112628	",饿了么,平台外卖,已完成,2025-10-21 19:34:48,2025-10-21 19:34:48,2025-10-21 19:34:48,饿了么支付-在线支付,,即时单,2025-10-21 19:34:48,10.00,自动出餐,1,否,"深海墨鱼丸-6个[{""name"":""规格"",""value"":""6个""}]（18.20*1）,奶酪芝士卷边（7英寸）（4.90*1）,任选披萨8选1+小吃8选1+饮料[水果披萨7英寸+薯条1份+可乐]（58.00*1）,餐盒（3.00*1）",深海墨鱼丸+奶酪芝士卷边7+缤纷水果披萨【7英寸(手拍)】+经典薯条+小可乐,,,,非会员,17,,,1份餐具,,81.10,32.20,40.50,0.00,0,0,3.05,0.00,3.50,【活动支出】店铺满减:1.00元+【活动支出】首次光顾立减:1.00元+【活动支出】单品特价:6.30元+【活动支出】单品特价:23.20元+【活动支出】饿了么红包:9.00元+【活动支出】替用户承担配送费:3.5元,-,-,-,3.00,温州区域,温州加盟,,,否,-,平台配送
圣比萨（泰亨温学府店）,SBM00001,温州,"8043716088651716901	",饿了么,平台外卖,已完成,2025-10-21 19:46:04,2025-10-21 19:46:04,2025-10-21 19:46:04,饿了么支付-在线支付,,即时单,2025-10-21 19:46:04,10.20,自动出餐,1,否,任选披萨5选1+小吃4选1+饮料套餐[奥尔良鸡肉披萨7英寸+椭圆薯饼1个+小可乐]（68.00*1）,新奥尔良烤鸡肉披萨【7英寸(手拍)】+小可乐,,,,非会员,18,,,依据餐量提供餐具,,68.00,11.14,48.28,0.00,0,0,1.43,0.00,6.20,【活动支出】单品特价:48.28元+【活动支出】用户代金券:0.00元+【活动支出】替用户承担配送费:6.0元,-,-,-,0.00,温州区域,温州加盟,,,否,-,平台配送
圣比萨（泰亨温学府店）,SBM00001,温州,"8079806088619078956	",饿了么,平台外卖,已完成,2025-10-21 19:54:51,2025-10-21 19:54:51,2025-10-21 19:54:52,饿了么支付-在线支付,,即时单,2025-10-21 19:54:51,10.13,自动出餐,1,否,"酸奶卷边（7英寸）（4.90*1）,任选披萨8选1+小吃8选1+饮料[奥尔良鸡肉披萨7英寸+鸡排1个+可乐]（58.00*1）,餐盒（2.00*1）",酸奶多多流心卷边7+新奥尔良烤鸡肉披萨【7英寸(手拍)】+小可乐,,,,非会员,19,,,依据餐量提供餐具,,62.90,24.25,31.20,0.00,0,0,2.30,0.00,4.00,【活动支出】店铺满减:1.00元+【活动支出】单品特价:23.20元+【活动支出】 商家自营销加码:2.00元+【活动支出】饿了么红包:5.00元+【活动支出】替用户承担配送费:4.0元,-,-,-,2.00,温州区域,温州加盟,,,否,-,平台配送
圣比萨（泰亨温学府店）,SBM00001,温州,"8064120254830194006	",饿了么,平台外卖,已完成,2025-10-21 19:55:02,2025-10-21 19:55:02,2025-10-21 19:55:02,饿了么支付-在线支付,,即时单,2025-10-21 19:55:02,10.10,自动出餐,1,否,"任选披萨8选1+小吃8选1+饮料[牛肉至尊披萨7英寸+上校鸡块4个+金桔柠檬汁]（58.00*1）,餐盒（2.00*1）",上校鸡块,,,,非会员,20,,,依据餐量提供餐具,,58.00,14.94,34.20,0.00,0,0,1.71,0.00,6.80,【活动支出】首次光顾立减:1.00元+【活动支出】单品特价:23.20元+【活动支出】 商家自营销加码:0.00元+【活动支出】精准营销红包:2.00元+【活动支出】饿了么红包:8.00元+【活动支出】替用户承担配送费:6.0元,-,-,-,2.00,温州区域,温州加盟,,,否,-,平台配送
圣比萨（泰亨温学府店）,SBM00001,温州,"8035846088633028939	",饿了么,平台外卖,已完成,2025-10-21 20:23:25,2025-10-21 20:23:25,2025-10-21 20:23:25,饿了么支付-在线支付,,即时单,2025-10-21 20:23:25,10.07,自动出餐,1,否,"榴莲王披萨-7英寸（经典手拍)[{""name"":""规格"",""value"":""7英寸（经典手拍)""}]（52.00*1）,餐盒（1.00*1）",榴莲王披萨,,,,非会员,21,,,依据餐量提供餐具,,52.00,19.16,26.10,0.00,0,0,1.79,0.00,3.50,【活动支出】首次光顾立减:1.00元+【活动支出】单品特价:18.10元+【活动支出】 商家自营销加码:2.00元+【活动支出】饿了么红包:5.00元+【活动支出】替用户承担配送费:3.5元,-,-,-,1.00,温州区域,温州加盟,,,否,-,平台配送
圣比萨（泰亨温学府店）,SBM00001,温州,"8045350254745143776	",饿了么,平台外卖,已完成,2025-10-21 20:41:39,2025-10-21 20:41:39,2025-10-21 20:41:39,饿了么支付-在线支付,,即时单,2025-10-21 20:41:39,10.12,自动出餐,1,否,"奥尔良烤鸡肉披萨(7寸)-单点[{""name"":""规格"",""value"":""单点""}]（23.21*1）",新奥尔良烤鸡肉披萨【7英寸(手拍)】,,,,非会员,22,,,依据餐量提供,,23.21,13.21,0.00,0.00,0,0,0.00,0.00,,【活动支出】拼团反圈活动:0.00元,-,-,-,0.00,温州区域,温州加盟,,,否,-,平台配送
圣比萨（泰亨温学府店）,SBM00001,温州,"8057906088653901114	",饿了么,平台外卖,已完成,2025-10-21 20:52:42,2025-10-21 20:52:42,2025-10-21 20:52:42,饿了么支付-在线支付,,即时单,2025-10-21 20:52:42,10.10,自动出餐,1,否,"圣比至尊披萨7英寸（45.00*1）,餐盒（2.00*1）",大圣招牌大满贯披萨【7英寸(手拍)】,,,,非会员,23,,,依据餐量提供餐具,,45.00,18.23,21.10,0.00,0,0,1.72,0.00,3.50,【活动支出】首次光顾立减:1.00元+【活动支出】单品特价:13.10元+【活动支出】饿了么红包:7.00元+【活动支出】替用户承担配送费:3.5元,-,-,-,2.00,温州区域,温州加盟,,,否,-,平台配送
圣比萨（泰亨温学府店）,SBM00001,温州,"8038586088629741921	",饿了么,平台外卖,已完成,2025-10-21 21:07:03,2025-10-21 21:07:03,2025-10-21 21:07:03,饿了么支付-在线支付,,即时单,2025-10-21 21:07:03,10.23,自动出餐,1,否,"星星炸鸡披萨7英寸（45.99*1）,餐盒（2.00*1）",星星炸鸡披萨【7英寸(手拍)】,,,,非会员,24,,,依据餐量提供餐具,,45.99,15.88,24.09,0.00,0,0,1.57,0.00,5.60,【活动支出】单品特价:17.09元+【活动支出】饿了么红包:7.00元+【活动支出】替用户承担配送费:5.6元,-,-,-,2.00,温州区域,温州加盟,,,否,-,平台配送
圣比萨（泰亨温学府店）,SBM00001,温州,"8063330254769205506	",饿了么,平台外卖,已完成,2025-10-21 21:57:16,2025-10-21 21:57:16,2025-10-21 21:57:16,饿了么支付-在线支付,,即时单,2025-10-21 21:57:16,10.08,自动出餐,1,否,"圣比至尊披萨7英寸（45.00*1）,奶酪芝士卷边（7英寸）（4.90*1）,餐盒（2.00*1）",大圣招牌大满贯披萨【7英寸(手拍)】+奶酪芝士卷边7,,,,非会员,25,,,依据餐量提供餐具,,49.90,13.81,23.10,0.00,0,0,1.94,0.00,13.50,【活动支出】店铺满减:1.00元+【活动支出】首次光顾立减:1.00元+【活动支出】单品特价:13.10元+【活动支出】饿了么红包:8.00元+【活动支出】替用户承担配送费:6.0元,-,-,-,2.00,温州区域,温州加盟,,,否,-,平台配送
圣比萨（泰亨温学府店）,SBM00001,温州,"8088280254766841173	",饿了么,平台外卖,已完成,2025-10-21 22:00:33,2025-10-21 22:00:33,2025-10-21 22:00:33,饿了么支付-在线支付,,即时单,2025-10-21 22:00:33,10.20,自动出餐,1,否,"花果山披萨-7英寸(经典手拍）[{""name"":""规格"",""value"":""7英寸(经典手拍）""}]（42.00*1）,餐盒（1.00*1）",花果山披萨,,,,非会员,26,,,依据餐量提供餐具,,42.00,18.66,16.10,0.00,0,0,1.79,0.00,5.60,【活动支出】单品特价:16.10元+【活动支出】CPS商户叠加券:0.00元+【活动支出】替用户承担配送费:5.6元,-,-,-,1.00,温州区域,温州加盟,,,否,-,平台配送
圣比萨（泰亨温学府店）,SBM00001,温州,"8070956088698950932	",饿了么,平台外卖,已完成,2025-10-21 22:02:37,2025-10-21 22:02:37,2025-10-21 22:02:38,饿了么支付-在线支付,,即时单,2025-10-21 22:02:37,10.23,自动出餐,1,否,"任选披萨8选1+小吃8选1+饮料[牛肉至尊披萨7英寸+薯条1份+柠檬茶]（58.00*1）,餐盒（2.00*1）",经典薯条+柠檬茶,,,,非会员,27,,,依据餐量提供餐具,,58.00,19.49,32.20,0.00,0,0,1.86,0.00,5.60,【活动支出】首次光顾立减:1.00元+【活动支出】单品特价:23.20元+【活动支出】 商家自营销加码:0.00元+【活动支出】饿了么红包:8.00元+【活动支出】替用户承担配送费:5.6元,-,-,-,2.00,温州区域,温州加盟,,,否,-,平台配送
圣比萨（泰亨温学府店）,SBM00001,温州,"8088320254770179486	",饿了么,平台外卖,已完成,2025-10-21 22:27:42,2025-10-21 22:27:42,2025-10-21 22:27:42,饿了么支付-在线支付,,即时单,2025-10-21 22:27:42,10.17,自动出餐,1,否,"榴莲王披萨-7英寸（经典手拍)[{""name"":""规格"",""value"":""7英寸（经典手拍)""}]（52.00*1）,餐盒（1.00*1）",榴莲王披萨,,,,非会员,28,,,依据餐量提供餐具,,52.00,18.66,26.10,0.00,0,0,1.79,0.00,5.60,【活动支出】首次光顾立减:1.00元+【活动支出】单品特价:18.10元+【活动支出】饿了么红包:7.00元+【活动支出】替用户承担配送费:5.6元,-,-,-,1.00,温州区域,温州加盟,,,否,-,平台配送
圣比萨（柳市店）,SBM00021,温州,"8084656088364726597	",饿了么,平台外卖,已完成,2025-10-21 10:53:12,2025-10-21 10:53:12,2025-10-21 10:53:13,饿了么支付-在线支付,,即时单,2025-10-21 10:53:12,8.23,扫码出餐,1,否,"榴莲披萨-7英寸（经典手拍）[{""name"":""规格"",""value"":""7英寸（经典手拍）""}]（52.00*1）,餐盒（1.00*1）",榴莲王披萨,,,,非会员,1,,,依据餐量提供餐具,,52.00,26.74,16.10,0.00,0,0,2.51,0.00,3.50,【活动支出】单品特价:9.10元+【活动支出】饿了么红包:7.00元+【活动支出】替用户承担配送费:3.5元,-,-,-,1.00,温州区域,温州加盟,,,否,-,平台配送
圣比萨（柳市店）,SBM00021,温州,"8031250254457035213	",饿了么,平台外卖,已完成,2025-10-21 12:26:58,2025-10-21 12:26:58,2025-10-21 12:26:58,饿了么支付-在线支付,,即时单,2025-10-21 12:26:58,8.55,扫码出餐,1,否,"超值一人餐[奥尔良鸡肉披萨7英寸+蛋挞1对+柠檬茶+温热]（65.00*1）,餐盒（2.00*1）",新奥尔良烤鸡肉披萨【7英寸(手拍)】+蛋挞+柠檬茶,,,,非会员,2,,,依据餐量提供餐具,,65.00,23.95,33.12,0.00,0,0,2.28,0.00,3.50,【活动支出】单品特价:25.12元+【活动支出】饿了么红包:8.00元+【活动支出】替用户承担配送费:3.5元,-,-,-,2.00,温州区域,温州加盟,,,否,-,平台配送
圣比萨（柳市店）,SBM00021,温州,"8060906088480700895	",饿了么,平台外卖,已完成,2025-10-21 12:44:42,2025-10-21 12:44:42,2025-10-21 12:44:42,饿了么支付-在线支付,,即时单,2025-10-21 12:44:42,8.77,扫码出餐,1,否,"超值一人餐[纯芝士披萨7英寸+上校鸡块4个+港式奶茶+温热]（65.00*1）,餐盒（2.00*1）",金牌芝士披萨【7英寸(手拍)】+上校鸡块+港式奶茶,,,,非会员,3,,,依据餐量提供餐具,,65.00,23.95,33.12,0.00,0,0,2.28,0.00,3.50,【活动支出】单品特价:25.12元+【活动支出】饿了么红包:8.00元+【活动支出】替用户承担配送费:3.5元,-,-,-,2.00,温州区域,温州加盟,,,否,-,平台配送
圣比萨（柳市店）,SBM00021,温州,"8079566088463811972	",饿了么,平台外卖,已完成,2025-10-21 12:49:15,2025-10-21 12:49:15,2025-10-21 12:49:15,饿了么支付-在线支付,,即时单,2025-10-21 12:49:15,7.27,扫码出餐,1,否,"超值一人餐[海苔肉松披萨7英寸+鸡肉洋葱圈6个+港式奶茶+温热]（65.00*1）,餐盒（2.00*1）",海苔肉松披萨【7英寸(手拍)】+港式奶茶,,,,非会员,4,,,依据餐量提供餐具,,65.00,23.95,33.12,0.00,0,0,2.28,0.00,3.50,【活动支出】单品特价:25.12元+【活动支出】超级会员专享红包:8.00元+【活动支出】 商家自营销加码:0.00元+【活动支出】替用户承担配送费:3.5元,-,-,-,2.00,温州区域,温州加盟,,,否,-,平台配送
圣比萨（柳市店）,SBM00021,温州,"8019706088451334467	",饿了么,平台外卖,已完成,2025-10-21 13:58:14,2025-10-21 13:58:14,2025-10-21 13:58:14,饿了么支付-在线支付,,即时单,2025-10-21 13:58:14,8.03,手动出餐,1,否,"任选【意面】或【焗饭】8选1+小吃6选1+饮料[招牌肉酱芝士焗饭不辣+薯条1份+可口可乐300ml+常温]（57.00*1）,餐盒（2.00*1）",任选【意面】或【焗饭】8选1+小吃6选1+饮料[招牌肉酱芝士焗饭不辣+薯条1份+可口可乐300ml+常温]+餐盒,,,,非会员,5,,,依据餐量提供餐具,,57.00,19.15,29.01,0.00,0,0,1.99,0.00,5.60,【活动支出】单品特价:23.01元+【活动支出】超级会员专享红包:5.00元+【活动支出】 商家自营销加码:1.00元+【活动支出】替用户承担配送费:5.0元,-,-,-,2.00,温州区域,温州加盟,,,否,-,平台配送
圣比萨（柳市店）,SBM00021,温州,"8087766088561973548	",饿了么,平台外卖,已完成,2025-10-21 16:57:21,2025-10-21 16:57:21,2025-10-21 16:57:22,饿了么支付-在线支付,,即时单,2025-10-21 16:57:21,7.93,手动出餐,1,否,"【买一送一】买披萨送意面[奥尔良鸡肉披萨7英寸+番茄牛肉意面]（75.00*1）,餐盒（2.00*1）",新奥尔良烤鸡肉披萨【7英寸(手拍)】+番茄牛肉意面,,,,非会员,6,,,依据餐量提供餐具,,75.00,29.16,34.10,0.00,0,0,2.99,0.00,8.40,【活动支出】店铺满减:1.00元+【活动支出】单品特价:25.10元+【活动支出】饿了么红包:8.00元+【活动支出】替用户承担配送费:6.0元,-,-,-,2.00,温州区域,温州加盟,,,否,-,平台配送
圣比萨（柳市店）,SBM00021,温州,"8031370254677323084	",饿了么,平台外卖,已完成,2025-10-21 17:33:54,2025-10-21 17:33:54,2025-10-21 17:33:54,饿了么支付-在线支付,,即时单,2025-10-21 17:33:54,11.90,手动出餐,1,否,"蛋挞（10.00*1）,碳烤鸡肉培根披萨-12英寸（经典手拍）[{""name"":""规格"",""value"":""12英寸（经典手拍）""}]（99.00*1）,餐盒（3.00*1）",蛋挞+碳烤鸡肉培根披萨,,,,非会员,7,,,依据餐量提供餐具,,109.00,57.35,37.32,0.00,0,0,5.38,0.00,3.50,【活动支出】店铺满减:6.00元+【活动支出】单品特价:1.20元+【活动支出】单品特价:22.12元+【活动支出】饿了么红包:8.00元+【活动支出】替用户承担配送费:3.5元,-,-,-,3.00,温州区域,温州加盟,,,否,-,平台配送
圣比萨（柳市店）,SBM00021,温州,"8039100254759294446	",饿了么,平台外卖,已完成,2025-10-21 17:44:26,2025-10-21 17:44:26,2025-10-21 17:44:26,饿了么支付-在线支付,,即时单,2025-10-21 17:44:26,7.22,手动出餐,1,否,"【买一送一】买披萨送意面[海苔肉松披萨7英寸+番茄牛肉意面]（75.00*1）,餐盒（2.00*1）",海苔肉松披萨【7英寸(手拍)】+番茄牛肉意面,,,,非会员,8,,,依据餐量提供餐具,,75.00,32.16,34.10,0.00,0,0,2.99,0.00,3.50,【活动支出】店铺满减:1.00元+【活动支出】单品特价:25.10元+【活动支出】饿了么红包:8.00元+【活动支出】替用户承担配送费:3.5元,-,-,-,2.00,温州区域,温州加盟,,,否,-,平台配送
圣比萨（柳市店）,SBM00021,温州,"8087230254674749764	",饿了么,平台外卖,已完成,2025-10-21 17:55:54,2025-10-21 17:55:54,2025-10-21 17:55:54,饿了么支付-在线支付,,即时单,2025-10-21 17:55:54,6.97,手动出餐,1,否,"水果披萨-7英寸（经典手拍）[{""name"":""规格"",""value"":""7英寸（经典手拍）""}]（38.00*1）,餐盒（1.00*1）",缤纷水果披萨,,,,非会员,9,,,依据餐量提供餐具,,38.00,16.38,15.10,0.00,0,0,1.57,0.00,3.50,【活动支出】单品特价:8.10元+【活动支出】饿了么红包:7.00元+【活动支出】替用户承担配送费:3.5元,-,-,-,1.00,温州区域,温州加盟,,,否,-,平台配送
圣比萨（柳市店）,SBM00021,温州,"8037390254810658061	",饿了么,平台外卖,已完成,2025-10-21 18:57:32,2025-10-21 18:57:32,2025-10-21 18:57:33,饿了么支付-在线支付,,即时单,2025-10-21 18:57:32,7.07,手动出餐,1,否,"超值一人餐[西域肉酱培根披萨7英寸+鸡肉洋葱圈6个+港式奶茶+冷]（65.00*1）,餐盒（2.00*1）",港式奶茶,,,,非会员,10,,,不用打电话，直接放门口 / 1份餐具,,65.00,18.96,35.12,0.00,0,0,2.17,0.00,9.00,【活动支出】店铺满减:1.00元+【活动支出】单品特价:25.12元+【活动支出】饿了么红包:9.00元+【活动支出】替用户承担配送费:6.0元,-,-,-,2.00,温州区域,温州加盟,,,否,-,平台配送
圣比萨（柳市店）,SBM00021,温州,"8014706088642291035	",饿了么,平台外卖,已完成,2025-10-21 19:02:57,2025-10-21 19:02:57,2025-10-21 19:02:57,饿了么支付-在线支付,,即时单,2025-10-21 19:02:57,7.97,手动出餐,1,否,"西域肉酱培根披萨-7英寸（经典手拍）[{""name"":""规格"",""value"":""7英寸（经典手拍）""}]（39.00*1）,餐盒（1.00*1）",西域肉酱披萨,,,,非会员,11,,,依据餐量提供餐具,,39.00,18.19,13.50,0.00,0,0,1.76,0.00,3.50,【活动支出】单品特价:6.50元+【活动支出】饿了么红包:7.00元+【活动支出】替用户承担配送费:3.5元,-,-,-,1.00,温州区域,温州加盟,,,否,-,平台配送
圣比萨（柳市店）,SBM00021,温州,"8014430254735969635	",饿了么,平台外卖,已完成,2025-10-21 19:54:24,2025-10-21 19:54:24,2025-10-21 19:54:24,饿了么支付-在线支付,,即时单,2025-10-21 19:54:24,8.90,手动出餐,1,否,"水果披萨-7英寸（经典手拍）[{""name"":""规格"",""value"":""7英寸（经典手拍）""}]（38.00*1）,酸梅汁[冷]（8.00*1）,餐盒（2.00*1）",缤纷水果披萨+酸梅汁,,,,非会员,12,,,依据餐量提供餐具,,46.00,21.94,15.50,0.00,0,0,2.21,0.00,6.20,【活动支出】店铺满减:1.00元+【活动支出】单品特价:8.10元+【活动支出】单品特价:1.40元+【活动支出】吃货豆兑换的商家券:5.00元+【活动支出】替用户承担配送费:6.0元,-,-,-,2.00,温州区域,温州加盟,,,否,-,平台配送
圣比萨（柳市店）,SBM00021,温州,"8034150254644211130	",饿了么,平台外卖,已完成,2025-10-21 19:56:05,2025-10-21 19:56:05,2025-10-21 19:56:05,饿了么支付-在线支付,,即时单,2025-10-21 19:56:05,10.23,手动出餐,1,否,"双拼披萨随❤️拼-9英寸[牛肉至尊+玉米沙拉][{""name"":""规格"",""value"":""9英寸""}]（88.00*1）,餐盒（2.00*1）","双拼披萨随❤️拼-9英寸[牛肉至尊+玉米沙拉][{""name"":""规格"",""value"":""9英寸""}]+餐盒",,,,非会员,13,,,3份餐具,,88.00,36.62,40.01,0.00,0,0,3.52,0.00,4.50,【活动支出】店铺满减:6.00元+【活动支出】单品特价:25.01元+【活动支出】饿了么红包:9.00元+【活动支出】替用户承担配送费:4.5元,-,-,-,2.00,温州区域,温州加盟,,,否,-,平台配送
圣比萨（柳市店）,SBM00021,温州,"8073506088603735312	",饿了么,平台外卖,已完成,2025-10-21 19:59:30,2025-10-21 19:59:30,2025-10-21 19:59:31,饿了么支付-在线支付,,即时单,2025-10-21 19:59:30,14.25,手动出餐,1,否,"圣比至尊披萨-12英寸（经典手拍）[{""name"":""规格"",""value"":""12英寸（经典手拍）""}]（99.00*1）,餐盒（2.00*1）",大圣招牌大满贯披萨,,,,非会员,14,,,依据餐量提供餐具,,99.00,49.49,36.12,0.00,0,0,4.64,0.00,3.50,【活动支出】店铺满减:6.00元+【活动支出】单品特价:22.12元+【活动支出】饿了么红包:8.00元+【活动支出】替用户承担配送费:3.5元,-,-,-,2.00,温州区域,温州加盟,,,否,-,平台配送
圣比萨（柳市店）,SBM00021,温州,"8031280254778411301	",饿了么,平台外卖,已完成,2025-10-21 21:22:03,2025-10-21 21:22:03,2025-10-21 21:22:03,饿了么支付-在线支付,,即时单,2025-10-21 21:22:03,8.67,手动出餐,1,否,"水果披萨-7英寸（经典手拍）[{""name"":""规格"",""value"":""7英寸（经典手拍）""}]（38.00*1）,餐盒（1.00*1）",缤纷水果披萨,,,,非会员,15,,,1 / 依据餐量提供餐具,,38.00,15.88,15.10,0.00,0,0,1.57,0.00,5.60,【活动支出】单品特价:8.10元+【活动支出】饿了么红包:7.00元+【活动支出】替用户承担配送费:5.6元,-,-,-,1.00,温州区域,温州加盟,,,否,-,平台配送
圣比萨（柳市店）,SBM00021,温州,"8037736088664385867	",饿了么,平台外卖,已完成,2025-10-21 21:23:18,2025-10-21 21:23:18,2025-10-21 21:23:18,饿了么支付-在线支付,,即时单,2025-10-21 21:23:18,8.82,手动出餐,1,否,"任选【意面】或【焗饭】8选1+小吃6选1+饮料[招牌肉酱芝士焗饭不辣+蛋挞1对+港式奶茶+温热]（57.00*1）,餐盒（2.00*1）",任选【意面】或【焗饭】8选1+小吃6选1+饮料[招牌肉酱芝士焗饭不辣+蛋挞1对+港式奶茶+温热]+餐盒,,,,非会员,16,,,骑手不要打上面这个手机号，打这个13780115053。 / 依据餐量提供餐具,,57.00,19.67,31.01,0.00,0,0,1.87,0.00,5.60,【活动支出】单品特价:23.01元+【活动支出】饿了么红包:8.00元+【活动支出】替用户承担配送费:5.6元,-,-,-,2.00,温州区域,温州加盟,,,否,-,平台配送
圣比萨（柳市店）,SBM00021,温州,"8004676088635572655	",饿了么,平台外卖,已完成,2025-10-21 21:23:22,2025-10-21 21:23:22,2025-10-21 21:23:23,饿了么支付-在线支付,,即时单,2025-10-21 21:23:22,8.67,手动出餐,1,否,"日系照烧鸡披萨-7英寸（经典手拍）[{""name"":""规格"",""value"":""7英寸（经典手拍）""}]（39.00*1）",日系照烧鸡披萨,,,,非会员,17,,,依据餐量提供餐具,,39.00,17.73,13.10,0.00,0,0,1.72,0.00,5.60,【活动支出】单品特价:7.10元+【活动支出】饿了么红包:6.00元+【活动支出】替用户承担配送费:5.6元,-,-,-,0.00,温州区域,温州加盟,,,否,-,平台配送
圣比萨（柳市店）,SBM00021,温州,"8083240254677416218	",饿了么,平台外卖,已完成,2025-10-21 21:27:41,2025-10-21 21:27:41,2025-10-21 21:27:41,饿了么支付-在线支付,,即时单,2025-10-21 21:27:41,9.22,手动出餐,1,否,"芝心边披萨-9英寸（经典手拍）[碳烤鸡肉培根披萨][{""name"":""规格"",""value"":""9英寸（经典手拍）""}]（98.00*1）,餐盒（1.00*1）","芝心边披萨-9英寸（经典手拍）[碳烤鸡肉培根披萨][{""name"":""规格"",""value"":""9英寸（经典手拍）""}]+餐盒",,,,非会员,18,,,依据餐量提供餐具,,98.00,33.83,53.10,0.00,0,0,3.22,0.00,5.60,【活动支出】店铺满减:6.00元+【活动支出】单品特价:38.10元+【活动支出】饿了么红包:9.00元+【活动支出】替用户承担配送费:5.6元,-,-,-,1.00,温州区域,温州加盟,,,否,-,平台配送
圣比萨（柳市店）,SBM00021,温州,"8027060254769396113	",饿了么,平台外卖,已完成,2025-10-21 22:02:03,2025-10-21 22:02:03,2025-10-21 22:02:03,饿了么支付-在线支付,,即时单,2025-10-21 22:02:03,9.68,手动出餐,1,否,"榴莲王卷边披萨-9英寸（手拍）[芝心边][{""name"":""规格"",""value"":""9英寸（手拍）""}]（108.00*1）,蛋挞（10.00*1）,深海墨鱼丸-6个[{""name"":""规格"",""value"":""6个""}]（18.20*1）,餐盒（4.00*1）",蛋挞+深海墨鱼丸,,,,非会员,19,,,2份餐具,,136.20,71.72,47.50,0.00,0,0,6.73,0.00,5.60,【活动支出】店铺满减:1.00元+【活动支出】单品特价:31.10元+【活动支出】单品特价:1.20元+【活动支出】单品特价:6.20元+【活动支出】超会爆红包省钱包:8.00元+【活动支出】替用户承担配送费:5.6元,-,-,-,4.00,温州区域,温州加盟,,,否,-,平台配送
圣比萨（温溪店）,SBM00009,丽水,"8000040254632219940	",饿了么,平台外卖,已完成,2025-10-21 16:45:11,2025-10-21 16:45:11,2025-10-21 16:45:12,饿了么支付-在线支付,,即时单,2025-10-21 16:45:11,14.12,"初始值, 无意义",1,否,"个人意面超值套餐（25.00*1）,餐盒（2.00*1）",个人意面超值套餐+餐盒,,,,非会员,1,,,依据餐量提供餐具,,25.00,12.19,5.10,0.00,0,0,6.21,0.00,5.00,【活动支出】单品特价:0.10元+【活动支出】饿了么红包:5.00元+【活动支出】替用户承担配送费:5.0元,-,-,-,2.00,丽水区域,丽水加盟,,,否,-,平台配送
圣比萨（温溪店）,SBM00009,丽水,"8019986088543118760	",饿了么,平台外卖,已完成,2025-10-21 17:02:49,2025-10-21 17:02:49,2025-10-21 17:02:50,饿了么支付-在线支付,,即时单,2025-10-21 17:02:49,14.12,自动出餐,1,否,"榴莲王披萨-7英寸（经典手拍)[{""name"":""规格"",""value"":""7英寸（经典手拍)""}]（45.00*1）,任选焗饭4选1+小吃6选1+饮料[招牌肉酱芝士焗饭+墨鱼丸3个+柠檬茶+常温]（43.00*1）,餐盒（3.00*1）",榴莲王披萨+招牌肉酱芝士焗饭+深海墨鱼丸【3个】+柠檬茶,,,,非会员,2,,,依据餐量提供餐具,,88.00,55.57,11.00,0.00,0,0,20.93,0.00,5.00,【活动支出】店铺满减:4.00元+【活动支出】单品特价:2.00元+【活动支出】饿了么红包:5.00元+【活动支出】替用户承担配送费:5.0元,-,-,-,3.00,丽水区域,丽水加盟,,,否,-,平台配送
圣比萨（温溪店）,SBM00009,丽水,"8037896088602994073	",饿了么,平台外卖,已完成,2025-10-21 19:02:18,2025-10-21 19:02:18,2025-10-21 19:02:18,饿了么支付-在线支付,,即时单,2025-10-21 19:02:18,14.13,手动出餐,1,否,"任选意面6选1+小吃6选1+饮料[黑椒牛肉意面+上校鸡块4个+柠檬茶+常温]（40.00*1）,餐盒（2.00*1）",黑椒牛肉意面+上校鸡块+柠檬茶,,,,非会员,3,,,依据餐量提供餐具,,40.00,20.84,8.00,0.00,0,0,9.66,0.00,5.00,【活动支出】店铺满减:1.00元+【活动支出】单品特价:2.00元+【活动支出】超级会员专享红包:5.00元+【活动支出】替用户承担配送费:5.0元,-,-,-,2.00,丽水区域,丽水加盟,,,否,-,平台配送
圣比萨（温溪店）,SBM00009,丽水,"8029756088652740070	",饿了么,平台外卖,已完成,2025-10-21 19:46:08,2025-10-21 19:46:08,2025-10-21 19:46:08,饿了么支付-在线支付,,即时单,2025-10-21 19:46:08,14.13,自动出餐,1,否,"榴莲王披萨-9英寸(经典手拍)[{""name"":""规格"",""value"":""9英寸(经典手拍)""}]（65.00*1）,招牌肉酱意面（33.00*1）,餐盒（3.00*1）",榴莲王披萨+招牌肉酱意面,,,,非会员,4,,,"对骑手麻烦小哥送到家，小孩子在家，不方便下楼，非常感谢，麻烦您了, 意面多放酱/ 依据餐量提供餐具",,98.00,63.27,11.00,0.00,0,0,23.23,0.00,5.00,【活动支出】店铺满减:4.00元+【活动支出】单品特价:2.00元+【活动支出】饿了么红包:5.00元+【活动支出】替用户承担配送费:5.0元,-,-,-,3.00,丽水区域,丽水加盟,,,否,-,平台配送
圣比萨（瑞安陶山店）,SBS00023,温州,"8042210254402829627	",饿了么,平台外卖,已完成,2025-10-21 11:19:16,2025-10-21 11:19:16,2025-10-21 11:19:17,饿了么支付-在线支付,,即时单,2025-10-21 11:19:16,12.07,自动出餐,1,否,"番茄牛肉意面-单点[{""name"":""规格"",""value"":""单点""}]（22.59*1）",番茄牛肉意面,,,,非会员,1,,,依据餐量提供,,22.59,12.59,0.00,0.00,0,0,0.00,0.00,,【活动支出】拼团反圈活动:0.00元,-,-,-,0.00,温州区域,温州直营,,,否,-,平台配送
圣比萨（瑞安陶山店）,SBS00023,温州,"8063340254702975373	",饿了么,平台外卖,已完成,2025-10-21 15:35:25,2025-10-21 15:35:25,2025-10-21 15:35:25,饿了么支付-在线支付,,即时单,2025-10-21 15:35:25,10.08,自动出餐,1,否,"招牌肉酱意面（52.00*1）,可乐[常温]（5.00*1）,餐盒（1.00*1）",招牌肉酱意面+可乐,,,,非会员,2,,,1份餐具,,57.00,17.40,33.00,0.00,0,0,1.65,0.00,3.50,【活动支出】首次光顾立减:1.00元+【活动支出】单品特价:27.00元+【活动支出】平台营销红包（老朋友召回渠道）:5.00元+【活动支出】替用户承担配送费:3.5元,-,-,-,1.00,温州区域,温州直营,,,否,-,平台配送
圣比萨（瑞安陶山店）,SBS00023,温州,"8040390254712975814	",饿了么,平台外卖,已完成,2025-10-21 15:57:36,2025-10-21 15:57:36,2025-10-21 15:57:36,饿了么支付-在线支付,,即时单,2025-10-21 15:57:36,10.07,自动出餐,1,否,"榴莲王披萨-9英寸(手拍)[{""name"":""规格"",""value"":""9英寸(手拍)""}]（92.00*1）,餐盒（2.00*1）",榴莲王披萨,,,,非会员,3,,,找不到打15068223539 / 依据餐量提供餐具,,92.00,32.44,49.50,0.00,0,0,3.11,0.00,3.50,【活动支出】店铺满减:1.00元+【活动支出】首次光顾立减:1.00元+【活动支出】单品特价:38.50元+【活动支出】饿了么红包:9.00元+【活动支出】替用户承担配送费:3.5元,-,-,-,2.00,温州区域,温州直营,,,否,-,平台配送
圣比萨（瑞安陶山店）,SBS00023,温州,"8084480254534336794	",饿了么,平台外卖,已完成,2025-10-21 16:15:12,2025-10-21 16:15:12,2025-10-21 16:15:12,饿了么支付-在线支付,,预约单,2025-10-21 17:30:00,29.87,自动出餐,1,否,"【任选5件套】披萨意面我全都要[碳烤鸡肉培根7英寸+招牌肉酱意面+小食桶B+小可乐+美年达]（128.00*1）,餐盒（2.00*1）",碳烤鸡肉培根披萨【7英寸(手拍)】+招牌肉酱意面+明星小食桶B+小可乐,,,,非会员,4,,,依据餐量提供餐具,,128.00,31.23,88.10,0.00,0,0,2.92,0.00,3.50,【活动支出】店铺满减:6.00元+【活动支出】单品特价:68.10元+【活动支出】下单返红包:5.00元+【活动支出】饿了么红包:9.00元+【活动支出】替用户承担配送费:3.5元,-,-,-,2.00,温州区域,温州直营,,,否,-,平台配送
圣比萨（瑞安陶山店）,SBS00023,温州,"8039876088533208404	",饿了么,平台外卖,已完成,2025-10-21 17:33:25,2025-10-21 17:33:25,2025-10-21 17:33:25,饿了么支付-在线支付,,即时单,2025-10-21 17:33:25,12.05,自动出餐,1,否,"经典薯条（18.00*1）,榴莲王披萨-9英寸(手拍)[{""name"":""规格"",""value"":""9英寸(手拍)""}]（92.00*1）,餐盒（3.00*1）",经典薯条+榴莲王披萨,,,,非会员,5,,,依据餐量提供餐具,,110.00,37.39,62.50,0.00,0,0,3.56,0.00,3.50,【活动支出】店铺满减:6.00元+【活动支出】单品特价:9.00元+【活动支出】单品特价:38.50元+【活动支出】饿了么红包:9.00元+【活动支出】替用户承担配送费:3.5元,-,-,-,3.00,温州区域,温州直营,,,否,-,平台配送
圣比萨（瑞安陶山店）,SBS00023,温州,"8091120254663313876	",饿了么,平台外卖,已完成,2025-10-21 17:40:43,2025-10-21 17:40:43,2025-10-21 17:40:43,饿了么支付-在线支付,,即时单,2025-10-21 17:40:43,12.22,自动出餐,1,否,"芬达（5.00*1）,西西里肉酱香肠焗饭（52.00*1）,餐盒（1.00*1）",小芬达+西西里肉酱火腿芝士焗饭,,,,非会员,6,,,依据餐量提供餐具,,57.00,12.22,39.00,0.00,0,0,1.43,0.00,3.50,【活动支出】单品特价:27.00元+【活动支出】 商家自营销加码:2.00元+【活动支出】订单集点返红包:5.00元+【活动支出】超会爆红包省钱包:5.00元+【活动支出】替用户承担配送费:3.5元,-,-,-,1.00,温州区域,温州直营,,,否,-,平台配送
圣比萨（瑞安陶山店）,SBS00023,温州,"8049380254804652354	",饿了么,平台外卖,已完成,2025-10-21 18:48:36,2025-10-21 18:48:36,2025-10-21 18:48:36,饿了么支付-在线支付,,即时单,2025-10-21 18:48:36,12.03,自动出餐,1,否,"点击右上角❤️收藏得小吃[墨鱼丸1个]（3.00*1）,榴莲王披萨-7英寸(经典手拍)[{""name"":""规格"",""value"":""7英寸(经典手拍)""}]（52.00*1）,餐盒（2.00*1）",深海墨鱼丸1个+榴莲王披萨,,,,非会员,7,,,依据餐量提供餐具,,55.00,20.17,29.00,0.00,0,0,1.88,0.00,3.50,【活动支出】单品特价:2.90元+【活动支出】首次光顾立减:1.00元+【活动支出】单品特价:18.10元+【活动支出】饿了么红包:7.00元+【活动支出】替用户承担配送费:3.5元,-,-,-,2.00,温州区域,温州直营,,,否,-,平台配送
圣比萨（瑞安陶山店）,SBS00023,温州,"8034010254724105664	",饿了么,平台外卖,已完成,2025-10-21 19:25:31,2025-10-21 19:25:31,2025-10-21 19:25:31,饿了么支付-在线支付,,即时单,2025-10-21 19:25:31,12.17,自动出餐,1,否,"金丝鸡排（10.88*1）,【随心❤️拼】7英寸双拼披萨(口味自选）[日系照烧+奥尔良]（54.00*1）,餐盒（3.00*1）",金丝鸡排+双拼7寸【日系照烧口味7】+双拼7寸【奥尔良口味7】,,,,非会员,8,,,依据餐量提供餐具,,64.88,21.33,37.98,0.00,0,0,2.02,0.00,3.50,【活动支出】单品特价:3.88元+【活动支出】单品特价:27.10元+【活动支出】饿了么红包:7.00元+【活动支出】替用户承担配送费:3.5元,-,-,-,3.00,温州区域,温州直营,,,否,-,平台配送
圣比萨（瑞安陶山店）,SBS00023,温州,"8067410254732491209	",饿了么,平台外卖,已完成,2025-10-21 19:58:41,2025-10-21 19:58:41,2025-10-21 19:58:41,饿了么支付-在线支付,,即时单,2025-10-21 19:58:41,10.18,自动出餐,1,否,"【随心❤️拼】7英寸双拼披萨(口味自选）[奥尔良+培根鸡肉]（54.00*1）,餐盒（2.00*1）",双拼7寸【奥尔良口味7】+双拼7寸【碳烤鸡肉培根口味7】,,,,非会员,9,,,依据餐量提供餐具,,54.00,15.12,34.10,0.00,0,0,1.43,0.00,3.50,【活动支出】单品特价:27.10元+【活动支出】饿了么红包:7.00元+【活动支出】替用户承担配送费:3.5元,-,-,-,2.00,温州区域,温州直营,,,否,-,平台配送
圣比萨（瑞安陶山店）,SBS00023,温州,"8050816088636561688	",饿了么,平台外卖,已完成,2025-10-21 20:31:17,2025-10-21 20:31:17,2025-10-21 20:31:17,饿了么支付-在线支付,,即时单,2025-10-21 20:31:17,10.07,自动出餐,1,否,"小食桶A（0.00*1）,【任选3件套】个人披萨意面焗饭套餐随心配[番茄牛肉意面+港式奶茶]（72.00*1）",明星小食桶A+番茄牛肉意面+港式奶茶,,,,非会员,10,,,依据餐量提供餐具,,72.00,21.79,41.60,0.00,0,0,2.06,0.00,3.50,【活动支出】单品特价:41.60元+【活动支出】替用户承担配送费:3.5元,-,-,-,0.00,温州区域,温州直营,,,否,-,平台配送
圣比萨（瑞安陶山店）,SBS00023,温州,"8067140254851595599	",饿了么,平台外卖,已完成,2025-10-21 20:43:41,2025-10-21 20:43:41,2025-10-21 20:43:41,饿了么支付-在线支付,,即时单,2025-10-21 20:43:41,10.08,自动出餐,1,否,"【随心❤️拼】7英寸双拼披萨(口味自选）[奥尔良+培根鸡肉]（54.00*1）,餐盒（2.00*1）",双拼7寸【奥尔良口味7】+双拼7寸【碳烤鸡肉培根口味7】,,,,非会员,11,,,依据餐量提供餐具,,54.00,15.12,34.10,0.00,0,0,1.43,0.00,3.50,【活动支出】单品特价:27.10元+【活动支出】饿了么红包:7.00元+【活动支出】替用户承担配送费:3.5元,-,-,-,2.00,温州区域,温州直营,,,否,-,平台配送
圣比萨（瑞安陶山店）,SBS00023,温州,"8081410254768480670	",饿了么,平台外卖,已完成,2025-10-21 21:01:39,2025-10-21 21:01:39,2025-10-21 21:01:39,饿了么支付-在线支付,,即时单,2025-10-21 21:01:39,10.12,自动出餐,1,否,"圣比招牌披萨-7英寸(经典手拍)[{""name"":""规格"",""value"":""7英寸(经典手拍)""}]（45.00*1）,餐盒（2.00*1）",大圣招牌大满贯披萨,,,,非会员,12,,,依据餐量提供餐具,,45.00,20.41,18.10,0.00,0,0,1.94,0.00,3.50,【活动支出】单品特价:11.10元+【活动支出】饿了么红包:7.00元+【活动支出】替用户承担配送费:3.5元,-,-,-,2.00,温州区域,温州直营,,,否,-,平台配送
圣比萨（瑞安陶山店）,SBS00023,温州,"8034996088650756456	",饿了么,平台外卖,已完成,2025-10-21 22:50:30,2025-10-21 22:50:30,2025-10-21 22:50:31,饿了么支付-在线支付,,即时单,2025-10-21 22:50:30,10.17,自动出餐,1,否,"点击右上角❤️收藏得小吃[上校鸡块2个]（3.00*1）,【随心❤️拼】7英寸双拼披萨(口味自选）[奥尔良+日系照烧]（54.00*1）,餐盒（2.00*1）",上校鸡块2个+双拼7寸【奥尔良口味7】+双拼7寸【日系照烧口味7】,,,,非会员,13,,,"对骑手门禁密码＊111 7896
放六楼门口就行, 不要打电话, 不要打电话, 不要打电话, 不要打 / 依据餐量提供餐具",,57.00,13.72,38.00,0.00,0,0,1.43,0.00,5.60,【活动支出】单品特价:2.90元+【活动支出】首次光顾立减:1.00元+【活动支出】单品特价:27.10元+【活动支出】 商家自营销加码:2.00元+【活动支出】饿了么红包:5.00元+【活动支出】替用户承担配送费:5.6元,-,-,-,2.00,温州区域,温州直营,,,否,-,平台配送
圣比萨（娄桥店）,SBM00040,温州,"8088816088268082595	",饿了么,平台外卖,已完成,2025-10-20 22:48:40,2025-10-20 22:48:40,2025-10-20 22:48:41,饿了么支付-在线支付,,预约单,2025-10-21 17:40:00,1086.55,自动出餐,1,否,"缤纷水果披萨-7英寸(手拍)[{""name"":""规格"",""value"":""7英寸(手拍)""}]（23.90*1）,餐盒（2.00*1）",缤纷水果披萨,,,,非会员,1,,,依据餐量提供餐具,,23.90,11.62,7.00,0.00,0,0,1.43,0.00,3.50,【活动支出】CPS商户叠加券:0.00元+【活动支出】饿了么红包:7.00元+【活动支出】淘金币:0.00元+【活动支出】替用户承担配送费:3.5元,-,-,-,2.00,温州区域,温州直营,,,否,-,平台配送
圣比萨（娄桥店）,SBM00040,温州,"8017656088254854421	",饿了么,平台外卖,已完成,2025-10-21 00:32:22,2025-10-21 00:32:22,2025-10-21 00:32:22,饿了么支付-在线支付,,即时单,2025-10-21 00:32:22,11.07,自动出餐,1,否,"【任选8件套】三人套餐（92.70*1）,餐盒（2.00*1）",地道肠1根+上校鸡块+蛋挞1个+小薯条+小可乐+小可乐+小可乐+大圣招牌大满贯披萨(12英寸(手拍)),,,,非会员,2,,,不要打电话，不要按门铃，放门口 / 依据餐量提供餐具,,92.70,56.83,19.00,0.00,0,0,5.42,0.00,5.60,【活动支出】店铺满减:4.00元+【活动支出】精准营销:3.00元+【活动支出】饿了么红包:12.00元+【活动支出】替用户承担配送费:5.0元,-,-,-,2.00,温州区域,温州直营,,,否,-,平台配送
圣比萨（娄桥店）,SBM00040,温州,"8002210254486903210	",饿了么,平台外卖,已完成,2025-10-21 01:06:16,2025-10-21 01:06:16,2025-10-21 01:06:16,饿了么支付-在线支付,,即时单,2025-10-21 01:06:16,11.20,自动出餐,1,否,手握三选一-单点[缤纷水果]（17.40*1）,热带雨林水果一人食盒子披萨,,,,非会员,3,,,依据餐量提供餐具,,17.40,10.00,0.00,0.00,0,0,0.00,0.00,,【活动支出】爆品团通吃券:0.00元,-,-,-,0.00,温州区域,温州直营,,,否,-,平台配送
圣比萨（娄桥店）,SBM00040,温州,"8050290254423058822	",饿了么,平台外卖,已完成,2025-10-21 09:07:58,2025-10-21 09:07:58,2025-10-21 09:07:59,饿了么支付-在线支付,,预约单,2025-10-21 10:30:00,37.18,自动出餐,1,否,"缤纷水果披萨-7英寸(手拍)[{""name"":""规格"",""value"":""7英寸(手拍)""}]（23.90*1）,餐盒（2.00*1）",缤纷水果披萨,,,,非会员,4,,,依据餐量提供餐具,,23.90,10.72,7.00,0.00,0,0,1.43,0.00,5.00,【活动支出】首次光顾立减:1.00元+【活动支出】 商家自营销加码:1.00元+【活动支出】饿了么红包:5.00元+【活动支出】替用户承担配送费:5.0元,-,-,-,2.00,温州区域,温州直营,,,否,-,平台配送
圣比萨（娄桥店）,SBM00040,温州,"8062836088331281801	",饿了么,平台外卖,已完成,2025-10-21 10:19:30,2025-10-21 10:19:30,2025-10-21 10:19:30,饿了么支付-在线支付,,即时单,2025-10-21 10:19:30,11.20,自动出餐,1,否,手握三选一+二选一+可乐-单点[日式照烧+上校鸡块 2 块+可乐]（21.40*1）,小可乐+日式烧鸟风味一人食盒子披萨+上校鸡块2个,,,,非会员,5,,,依据餐量提供餐具,,21.40,14.00,0.00,0.00,0,0,0.00,0.00,,【活动支出】拼团反圈活动:0.00元,-,-,-,0.00,温州区域,温州直营,,,否,-,平台配送
圣比萨（娄桥店）,SBM00040,温州,"8014746088335417832	",饿了么,平台外卖,已完成,2025-10-21 10:35:08,2025-10-21 10:35:08,2025-10-21 10:35:09,饿了么支付-在线支付,,即时单,2025-10-21 10:35:08,11.22,自动出餐,1,否,手握三选一-单点[缤纷水果]（17.40*1）,热带雨林水果一人食盒子披萨,,,,非会员,6,,,依据餐量提供餐具,,17.40,10.00,0.00,0.00,0,0,0.00,0.00,,【活动支出】拼团反圈活动:0.00元,-,-,-,0.00,温州区域,温州直营,,,否,-,平台配送
圣比萨（娄桥店）,SBM00040,温州,"8003480254363387334	",饿了么,平台外卖,已完成,2025-10-21 10:35:45,2025-10-21 10:35:45,2025-10-21 10:35:45,饿了么支付-在线支付,,即时单,2025-10-21 10:35:45,11.07,自动出餐,1,否,"新奥尔良烤鸡肉披萨-7英寸(手拍)[{""name"":""规格"",""value"":""7英寸(手拍)""}]（21.90*1）,红薯薯泥流心卷边（7英寸）（4.90*1）,蛋挞一个（原味）（3.90*1）,餐盒（2.50*1）",新奥尔良烤鸡肉披萨+红薯泥流心卷边7+蛋挞1个,,,,非会员,7,,,依据餐量提供餐具,,30.70,15.01,10.91,0.00,0,0,1.43,0.00,3.50,【活动支出】首次光顾立减:1.00元+【活动支出】单品特价:2.91元+【活动支出】饿了么红包:7.00元+【活动支出】替用户承担配送费:3.5元,-,-,-,2.50,温州区域,温州直营,,,否,-,平台配送
圣比萨（娄桥店）,SBM00040,温州,"8042360254457779711	",饿了么,平台外卖,已完成,2025-10-21 10:51:43,2025-10-21 10:51:43,2025-10-21 10:51:43,饿了么支付-在线支付,,即时单,2025-10-21 10:51:43,11.02,自动出餐,1,否,"【任选】披萨随心配（38.70*1）,餐盒（2.00*1）",不加一+地道肠1根+小可乐+不加一+炙热牛魔王披萨(7英寸(手拍)),,,,非会员,8,,,2份餐具；手机尾号：3575；接力送,,38.70,19.80,8.50,0.00,0,0,2.15,0.00,7.40,【活动支出】店铺满减:1.00元+【活动支出】首次光顾立减:1.00元+【活动支出】饿了么红包:6.50元+【活动支出】替用户承担配送费:5.0元,-,-,-,2.00,温州区域,温州直营,,,否,-,平台配送
圣比萨（娄桥店）,SBM00040,温州,"8040410254488238460	",饿了么,平台外卖,已完成,2025-10-21 10:56:38,2025-10-21 10:56:38,2025-10-21 10:56:38,饿了么支付-在线支付,,即时单,2025-10-21 10:56:38,11.03,自动出餐,1,否,"【任选】披萨随心配（29.90*1）,餐盒（2.00*1）",不加一+小薯条+小可乐+不加一+新奥尔良烤鸡肉披萨(7英寸(手拍)),,,,非会员,9,,,可乐加冰 / 1份餐具；手机尾号：5663；接力送,,29.90,10.42,11.00,0.00,0,0,1.43,0.00,7.40,【活动支出】首次光顾立减:1.00元+【活动支出】精准营销:3.00元+【活动支出】饿了么红包:7.00元+【活动支出】替用户承担配送费:5.0元,-,-,-,2.00,温州区域,温州直营,,,否,-,平台配送
圣比萨（娄桥店）,SBM00040,温州,"8046926088370915799	",饿了么,平台外卖,已完成,2025-10-21 11:13:18,2025-10-21 11:13:18,2025-10-21 11:13:18,饿了么支付-在线支付,,即时单,2025-10-21 11:13:18,11.00,自动出餐,1,否,"新奥尔良烤鸡肉披萨-7英寸(手拍)[{""name"":""规格"",""value"":""7英寸(手拍)""}]（21.90*1）,蛋挞一个（原味）（3.90*1）,餐盒（2.50*1）",新奥尔良烤鸡肉披萨+蛋挞1个,,,,非会员,10,,,放房间门口就行谢谢 / 依据餐量提供餐具,,25.80,11.11,9.91,0.00,0,0,1.43,0.00,3.50,【活动支出】首次光顾立减:1.00元+【活动支出】单品特价:2.91元+【活动支出】 商家自营销加码:1.00元+【活动支出】饿了么红包:5.00元+【活动支出】替用户承担配送费:3.5元,-,-,-,2.50,温州区域,温州直营,,,否,-,平台配送
圣比萨（娄桥店）,SBM00040,温州,"8029706088413512095	",饿了么,平台外卖,已完成,2025-10-21 11:38:04,2025-10-21 11:38:04,2025-10-21 11:38:04,饿了么支付-在线支付,,即时单,2025-10-21 11:38:04,11.22,自动出餐,1,否,"蛋挞一个（原味）（3.90*1）,【任选】披萨随心配（29.90*1）,餐盒（2.50*1）",蛋挞1个+不加一+上校鸡块+小可乐+不加一+碳烤鸡肉培根披萨(7英寸(手拍)),,,,非会员,11,,,放门口/ 依据餐量提供餐具,,33.80,15.15,12.91,0.00,0,0,1.49,0.00,4.50,【活动支出】单品特价:2.91元+【活动支出】精准营销:3.00元+【活动支出】饿了么红包:7.00元+【活动支出】替用户承担配送费:4.5元,-,-,-,2.50,温州区域,温州直营,,,否,-,平台配送
圣比萨（娄桥店）,SBM00040,温州,"8050626088418412908	",饿了么,平台外卖,已完成,2025-10-21 11:43:53,2025-10-21 11:43:53,2025-10-21 11:43:54,饿了么支付-在线支付,,即时单,2025-10-21 11:43:53,11.17,自动出餐,1,否,"【随心❤️拼】双拼披萨（口味自选）-7英寸双拼[缤纷水果7英寸+花果山7英寸][{""name"":""规格"",""value"":""7英寸双拼""}]（24.90*1）,餐盒（2.00*1）",【随心❤️拼】双拼披萨,,,,非会员,12,,,放东门保安处（永庆街） / 依据餐量提供餐具,,24.90,5.82,12.00,0.00,0,0,1.43,0.00,5.60,【活动支出】订单集点返红包:5.00元+【活动支出】饿了么红包:7.00元+【活动支出】淘金币:0.00元+【活动支出】替用户承担配送费:5.0元,-,-,-,2.00,温州区域,温州直营,,,否,-,平台配送
圣比萨（娄桥店）,SBM00040,温州,"8027060254542681459	",饿了么,平台外卖,已完成,2025-10-21 11:51:30,2025-10-21 11:51:30,2025-10-21 11:51:30,饿了么支付-在线支付,,预约单,2025-10-21 13:50:00,73.55,自动出餐,1,否,"新奥尔良烤鸡肉披萨-7英寸(手拍)[{""name"":""规格"",""value"":""7英寸(手拍)""}]（21.90*1）,餐盒（2.00*1）",新奥尔良烤鸡肉披萨,,,,非会员,13,,,依据餐量提供餐具,,21.90,8.72,7.00,0.00,0,0,1.43,0.00,4.50,【活动支出】首次光顾立减:1.00元+【活动支出】饿了么红包:6.00元+【活动支出】替用户承担配送费:4.5元,-,-,-,2.00,温州区域,温州直营,,,否,-,平台配送
圣比萨（娄桥店）,SBM00040,温州,"8054936088410563971	",饿了么,平台外卖,已完成,2025-10-21 11:52:19,2025-10-21 11:52:19,2025-10-21 11:52:19,饿了么支付-在线支付,,即时单,2025-10-21 11:52:19,11.05,自动出餐,1,否,手握三选一-单点[日式照烧]（17.40*1）,日式烧鸟风味一人食盒子披萨,,,,非会员,14,,,依据餐量提供餐具,,17.40,10.00,0.00,0.00,0,0,0.00,0.00,,【活动支出】拼团反圈活动:0.00元,-,-,-,0.00,温州区域,温州直营,,,否,-,平台配送
圣比萨（娄桥店）,SBM00040,温州,"8011400254445209928	",饿了么,平台外卖,已完成,2025-10-21 12:05:01,2025-10-21 12:05:01,2025-10-21 12:05:02,饿了么支付-在线支付,,即时单,2025-10-21 12:05:01,11.17,自动出餐,1,否,"榴莲王披萨-7英寸(手拍)[{""name"":""规格"",""value"":""7英寸(手拍)""}]（29.90*1）,酸奶多多流心卷边（7英寸）（4.90*1）,餐盒（2.00*1）",榴莲王披萨+酸奶多多流心卷边7,,,,非会员,15,,,依据餐量提供餐具,,34.80,15.83,13.00,0.00,0,0,1.52,0.00,3.50,【活动支出】订单集点返红包:5.00元+【活动支出】饿了么红包:8.00元+【活动支出】淘金币:0.00元+【活动支出】替用户承担配送费:3.5元,-,-,-,2.00,温州区域,温州直营,,,否,-,平台配送
圣比萨（娄桥店）,SBM00040,温州,"8015440254656815379	",饿了么,平台外卖,已完成,2025-10-21 12:55:03,2025-10-21 12:55:03,2025-10-21 12:55:03,饿了么支付-在线支付,,即时单,2025-10-21 12:55:03,11.07,自动出餐,1,否,"黑椒牛肉意面（28.90*1）,新奥尔良烤鸡肉披萨-12英寸(手拍)[{""name"":""规格"",""value"":""12英寸(手拍)""}]（46.90*1）,咸蛋黄风味流心卷边（12英寸）（8.90*1）,餐盒（4.00*1）",黑椒牛肉意面+新奥尔良烤鸡肉披萨+咸蛋黄流沙卷边,,,,非会员,16,,,依据餐量提供餐具,,84.70,54.76,16.00,0.00,0,0,5.19,0.00,5.00,【活动支出】店铺满减:4.00元+【活动支出】饿了么红包:12.00元+【活动支出】替用户承担配送费:5.0元,-,-,-,4.00,温州区域,温州直营,,,否,-,平台配送
圣比萨（娄桥店）,SBM00040,温州,"8010646088495950081	",饿了么,平台外卖,已完成,2025-10-21 13:03:23,2025-10-21 13:03:23,2025-10-21 13:03:23,饿了么支付-在线支付,,即时单,2025-10-21 13:03:23,11.08,自动出餐,1,否,"【任选】披萨随心配（34.80*1）,餐盒（2.00*1）",不加一+地道肠1根+小可乐+不加一+碳烤鸡肉培根披萨(7英寸(手拍)),,,,非会员,17,,,依据餐量提供餐具,,34.80,20.78,7.00,0.00,0,0,1.97,0.00,3.50,【活动支出】饿了么红包:7.00元+【活动支出】替用户承担配送费:3.5元,-,-,-,2.00,温州区域,温州直营,,,否,-,平台配送
圣比萨（娄桥店）,SBM00040,温州,"8002110254671009070	",饿了么,平台外卖,已完成,2025-10-21 13:28:07,2025-10-21 13:28:07,2025-10-21 13:28:07,饿了么支付-在线支付,,即时单,2025-10-21 13:28:07,11.10,自动出餐,1,否,"金沙咸蛋黄嫩鸡披萨-7英寸(手拍)[{""name"":""规格"",""value"":""7英寸(手拍)""}]（25.90*1）,咸蛋黄风味流沙卷边（7英寸）（4.90*1）,餐盒（2.00*1）",金沙咸蛋黄嫩鸡披萨+咸蛋黄流沙卷边7,,,,非会员,18,,,依据餐量提供餐具,,30.80,16.75,8.00,0.00,0,0,1.60,0.00,4.00,【活动支出】首次光顾立减:1.00元+【活动支出】CPS商户叠加券:0.00元+【活动支出】饿了么红包:7.00元+【活动支出】淘金币:0.00元+【活动支出】替用户承担配送费:4.0元,-,-,-,2.00,温州区域,温州直营,,,否,-,平台配送
圣比萨（娄桥店）,SBM00040,温州,"8060110254671398248	",饿了么,平台外卖,已完成,2025-10-21 13:47:05,2025-10-21 13:47:05,2025-10-21 13:47:06,饿了么支付-在线支付,,即时单,2025-10-21 13:47:05,11.13,自动出餐,1,否,"【任选】披萨随心配（29.90*1）,餐盒（2.00*1）",不加一+上校鸡块+小可乐+不加一+碳烤鸡肉培根披萨(7英寸(手拍)),,,,非会员,19,,,无需餐具,,29.90,16.84,7.00,0.00,0,0,1.61,0.00,3.50,【活动支出】CPS商户叠加券:0.00元+【活动支出】饿了么红包:7.00元+【活动支出】替用户承担配送费:3.5元,-,-,-,2.00,温州区域,温州直营,,,否,-,平台配送
圣比萨（娄桥店）,SBM00040,温州,"8039916088519821644	",饿了么,平台外卖,已完成,2025-10-21 14:39:51,2025-10-21 14:39:51,2025-10-21 14:39:52,饿了么支付-在线支付,,预约单,2025-10-21 16:25:00,60.18,自动出餐,1,否,"榴莲王披萨-9英寸(手拍)[{""name"":""规格"",""value"":""9英寸(手拍)""}]（39.90*1）,美式香骨鸡（8.90*1）,缤纷芝士挞-香蕉味[{""name"":""规格"",""value"":""香蕉味""}]（5.90*1）,蛋挞一个（原味）（3.90*1）,餐盒（3.00*1）",榴莲王披萨+美式香骨鸡+缤纷芝士挞+蛋挞1个,,,,非会员,20,,,依据餐量提供餐具,,58.60,33.70,14.91,0.00,0,0,3.24,0.00,5.00,【活动支出】店铺满减:2.00元+【活动支出】首次光顾立减:1.00元+【活动支出】单品特价:2.91元+【活动支出】CPS商户叠加券:0.00元+【活动支出】饿了么红包:9.00元+【活动支出】替用户承担配送费:5.0元,-,-,-,3.00,温州区域,温州直营,,,否,-,平台配送
圣比萨（娄桥店）,SBM00040,温州,"8091566088458814932	",饿了么,平台外卖,已完成,2025-10-21 14:42:42,2025-10-21 14:42:42,2025-10-21 14:42:43,饿了么支付-在线支付,,即时单,2025-10-21 14:42:42,11.00,自动出餐,1,否,"【任选】披萨随心配（29.90*1）,餐盒（2.00*1）",不加一+小薯条+小可乐+不加一+新奥尔良烤鸡肉披萨(7英寸(手拍)),,,,非会员,21,,,依据餐量提供餐具,,29.90,13.62,11.00,0.00,0,0,1.43,0.00,3.50,【活动支出】首次光顾立减:1.00元+【活动支出】精准营销红包:3.00元+【活动支出】饿了么红包:7.00元+【活动支出】替用户承担配送费:3.5元,-,-,-,2.00,温州区域,温州直营,,,否,-,平台配送
圣比萨（娄桥店）,SBM00040,温州,"8081370254521727424	",饿了么,平台外卖,已完成,2025-10-21 15:40:57,2025-10-21 15:40:57,2025-10-21 15:40:58,饿了么支付-在线支付,,即时单,2025-10-21 15:40:57,11.02,自动出餐,1,否,"榴莲王披萨-7英寸(手拍)[{""name"":""规格"",""value"":""7英寸(手拍)""}]（29.90*1）,咸蛋黄风味流沙卷边（7英寸）（4.90*1）,餐盒（2.00*1）",榴莲王披萨+咸蛋黄流沙卷边7,,,,非会员,22,,,对骑手，外卖放门口，谢谢！ / 依据餐量提供餐具,,34.80,20.34,7.00,0.00,0,0,2.01,0.00,4.50,【活动支出】饿了么红包:7.00元+【活动支出】替用户承担配送费:4.5元,-,-,-,2.00,温州区域,温州直营,,,否,-,平台配送
圣比萨（娄桥店）,SBM00040,温州,"8045506088489899372	",饿了么,平台外卖,已完成,2025-10-21 16:03:36,2025-10-21 16:03:36,2025-10-21 16:03:37,饿了么支付-在线支付,,即时单,2025-10-21 16:03:36,11.18,自动出餐,1,否,"【随心❤️拼】双拼披萨（口味自选）-7英寸双拼[新奥尔良烤鸡肉7英寸+日式照烧鸡7英寸][{""name"":""规格"",""value"":""7英寸双拼""}]（24.90*1）,餐盒（2.00*1）",【随心❤️拼】双拼披萨,,,,非会员,23,,,依据餐量提供餐具,,24.90,10.32,8.00,0.00,0,0,1.43,0.00,5.60,【活动支出】首次光顾立减:1.00元+【活动支出】饿了么红包:7.00元+【活动支出】替用户承担配送费:5.6元,-,-,-,2.00,温州区域,温州直营,,,否,-,平台配送
圣比萨（娄桥店）,SBM00040,温州,"8062110254527981860	",饿了么,平台外卖,已完成,2025-10-21 16:07:50,2025-10-21 16:07:50,2025-10-21 16:07:51,饿了么支付-在线支付,,即时单,2025-10-21 16:07:50,11.23,自动出餐,1,否,"【随心❤️拼】双拼披萨（口味自选）-7英寸双拼[花果山7英寸+碳烤鸡肉培根7英寸][{""name"":""规格"",""value"":""7英寸双拼""}]（24.90*1）,餐盒（2.00*1）",【随心❤️拼】双拼披萨,,,,非会员,24,,,依据餐量提供餐具,,24.90,12.12,8.00,0.00,0,0,1.43,0.00,3.50,【活动支出】首次光顾立减:1.00元+【活动支出】 商家自营销加码:2.00元+【活动支出】CPS商户叠加券:0.00元+【活动支出】饿了么红包:5.00元+【活动支出】替用户承担配送费:3.5元,-,-,-,2.00,温州区域,温州直营,,,否,-,平台配送
圣比萨（娄桥店）,SBM00040,温州,"8075806088511641955	",饿了么,平台外卖,已完成,2025-10-21 16:14:23,2025-10-21 16:14:23,2025-10-21 16:14:23,饿了么支付-在线支付,,即时单,2025-10-21 16:14:23,11.13,自动出餐,1,否,"【任选】披萨随心配（34.80*1）,餐盒（2.00*1）",盐酥鸡米花小份+上校鸡块+小可乐+不加一+新奥尔良烤鸡肉披萨(7英寸(手拍)),,,,非会员,25,,,依据餐量提供餐具；手机尾号：2677；接力送,,34.80,14.94,11.00,0.00,0,0,1.71,0.00,6.80,【活动支出】精准营销:3.00元+【活动支出】饿了么红包:8.00元+【活动支出】替用户承担配送费:6.0元,-,-,-,2.00,温州区域,温州直营,,,否,-,平台配送
圣比萨（娄桥店）,SBM00040,温州,"8005340254618561842	",饿了么,平台外卖,已退款,2025-10-21 16:14:56,2025-10-21 16:14:56,2025-10-21 16:14:56,饿了么支付-在线支付,,即时单,2025-10-21 16:14:56,11.17,自动出餐,1,否,"【随心❤️拼】双拼披萨（口味自选）-9英寸双拼[新奥尔良烤鸡肉9英寸+缤纷水果9英寸][{""name"":""规格"",""value"":""9英寸双拼""}]（34.90*1）,红薯薯泥流心卷边（9英寸）（6.90*1）,餐盒（2.00*1）",【随心❤️拼】双拼披萨+红薯泥流心卷边9,,,,非会员,26,,,5份餐具,订单强制无效（商家主动取消已接订单、用户1分钟内取消),41.80,-7.54,9.00,32.80,0,0,2.39,0.00,3.50,【活动支出】店铺满减:1.00元+【活动支出】饿了么红包:8.00元+【活动支出】替用户承担配送费:3.5元,-,-,-,2.00,温州区域,温州直营,,,否,-,平台配送
圣比萨（娄桥店）,SBM00040,温州,"8004030254621339011	",饿了么,平台外卖,已完成,2025-10-21 16:22:15,2025-10-21 16:22:15,2025-10-21 16:22:15,饿了么支付-在线支付,,即时单,2025-10-21 16:22:15,11.05,自动出餐,1,否,"新奥尔良烤鸡肉披萨-7英寸(手拍)[{""name"":""规格"",""value"":""7英寸(手拍)""}]（21.90*1）,餐盒（2.00*1）",新奥尔良烤鸡肉披萨,,,,非会员,27,,,依据餐量提供餐具；手机尾号：3270；接力送,,21.90,4.02,10.00,0.00,0,0,1.43,0.00,7.40,【活动支出】首次光顾立减:1.00元+【活动支出】 商家自营销加码:2.00元+【活动支出】粉丝群:2.00元+【活动支出】饿了么红包:5.00元+【活动支出】替用户承担配送费:6.0元,-,-,-,2.00,温州区域,温州直营,,,否,-,平台配送
圣比萨（娄桥店）,SBM00040,温州,"8087130254649082180	",饿了么,平台外卖,已完成,2025-10-21 16:35:20,2025-10-21 16:35:20,2025-10-21 16:35:20,饿了么支付-在线支付,,即时单,2025-10-21 16:35:20,11.07,自动出餐,1,否,"【任选】披萨随心配（29.90*1）,餐盒（2.00*1）",不加一+地道肠1根+小可乐+不加一+新奥尔良烤鸡肉披萨(7英寸(手拍)),,,,非会员,28,,,依据餐量提供餐具,,29.90,14.12,11.00,0.00,0,0,1.43,0.00,3.50,【活动支出】首次光顾立减:1.00元+【活动支出】 商家自营销加码:2.00元+【活动支出】精准营销:3.00元+【活动支出】饿了么红包:5.00元+【活动支出】替用户承担配送费:3.5元,-,-,-,2.00,温州区域,温州直营,,,否,-,平台配送
圣比萨（娄桥店）,SBM00040,温州,"8000646088500207991	",饿了么,平台外卖,已完成,2025-10-21 16:41:36,2025-10-21 16:41:36,2025-10-21 16:41:36,饿了么支付-在线支付,,即时单,2025-10-21 16:41:36,11.18,自动出餐,1,否,"金沙咸蛋黄嫩鸡披萨-7英寸(手拍)[{""name"":""规格"",""value"":""7英寸(手拍)""}]（25.90*1）,明星小食桶B（19.90*1）,蛋挞一个（原味）（3.90*1）,餐盒（3.50*1）",金沙咸蛋黄嫩鸡披萨+明星小食桶B+蛋挞1个,,,,非会员,29,,,依据餐量提供餐具,,49.70,25.72,17.91,0.00,0,0,2.42,0.00,3.50,【活动支出】店铺满减:1.00元+【活动支出】单品特价:2.91元+【活动支出】 商家自营销加码:0.00元+【活动支出】订单集点返红包:5.00元+【活动支出】饿了么红包:9.00元+【活动支出】替用户承担配送费:3.5元,-,-,-,3.50,温州区域,温州直营,,,否,-,平台配送
圣比萨（娄桥店）,SBM00040,温州,"8089270254627130734	",饿了么,平台外卖,已完成,2025-10-21 16:42:00,2025-10-21 16:42:00,2025-10-21 16:42:00,饿了么支付-在线支付,,即时单,2025-10-21 16:42:00,11.13,自动出餐,1,否,"番茄牛肉意面（23.90*1）,餐盒（2.00*1）",番茄牛肉意面,,,,非会员,30,,,依据餐量提供餐具,,23.90,7.92,8.00,0.00,0,0,1.43,0.00,6.80,【活动支出】首次光顾立减:1.00元+【活动支出】粉丝群:2.00元+【活动支出】饿了么红包:5.00元+【活动支出】替用户承担配送费:6.0元,-,-,-,2.00,温州区域,温州直营,,,否,-,平台配送
圣比萨（娄桥店）,SBM00040,温州,"8033796088520437060	",饿了么,平台外卖,已完成,2025-10-21 16:44:42,2025-10-21 16:44:42,2025-10-21 16:44:42,饿了么支付-在线支付,,即时单,2025-10-21 16:44:42,11.07,自动出餐,1,否,"新奥尔良烤鸡肉披萨-7英寸(手拍)[{""name"":""规格"",""value"":""7英寸(手拍)""}]（21.90*1）,蛋挞一个（原味）（3.90*1）,餐盒（2.50*1）",新奥尔良烤鸡肉披萨+蛋挞1个,,,,非会员,31,,,依据餐量提供餐具；手机尾号：1256；接力送,,25.80,5.41,12.91,0.00,0,0,1.43,0.00,7.40,【活动支出】首次光顾立减:1.00元+【活动支出】单品特价:2.91元+【活动支出】 商家自营销加码:2.00元+【活动支出】粉丝群:2.00元+【活动支出】饿了么红包:5.00元+【活动支出】替用户承担配送费:6.0元,-,-,-,2.50,温州区域,温州直营,,,否,-,平台配送
圣比萨（娄桥店）,SBM00040,温州,"8061330254660961574	",饿了么,平台外卖,已完成,2025-10-21 16:57:15,2025-10-21 16:57:15,2025-10-21 16:57:15,饿了么支付-在线支付,,即时单,2025-10-21 16:57:15,11.08,自动出餐,1,否,"【任选】披萨随心配（29.90*1）,餐盒（2.00*1）",不加一+地道肠1根+小可乐+不加一+新奥尔良烤鸡肉披萨(7英寸(手拍)),,,,非会员,32,,,依据餐量提供餐具,,29.90,15.12,10.00,0.00,0,0,1.43,0.00,3.50,【活动支出】精准营销:3.00元+【活动支出】饿了么红包:7.00元+【活动支出】替用户承担配送费:3.5元,-,-,-,2.00,温州区域,温州直营,,,否,-,平台配送
圣比萨（娄桥店）,SBM00040,温州,"8023816088568281390	",饿了么,平台外卖,已完成,2025-10-21 16:59:50,2025-10-21 16:59:50,2025-10-21 16:59:50,饿了么支付-在线支付,,即时单,2025-10-21 16:59:50,11.23,自动出餐,1,否,"【任选】买一送一7英寸披萨（39.90*1）,餐盒（2.00*1）",碳烤鸡肉培根披萨(7英寸(手拍))+碳烤鸡肉培根披萨(7英寸(手拍)),,,,非会员,33,,,依据餐量提供餐具,,39.90,24.11,9.00,0.00,0,0,2.24,0.00,3.50,【活动支出】店铺满减:1.00元+【活动支出】饿了么红包:8.00元+【活动支出】替用户承担配送费:3.5元,-,-,-,2.00,温州区域,温州直营,,,否,-,平台配送
圣比萨（娄桥店）,SBM00040,温州,"8029140254733559105	",饿了么,平台外卖,已完成,2025-10-21 17:00:59,2025-10-21 17:00:59,2025-10-21 17:00:59,饿了么支付-在线支付,,即时单,2025-10-21 17:00:59,11.15,自动出餐,1,否,"【任选】披萨随心配（29.90*1）,餐盒（2.00*1）",不加一+小薯条+小可乐+不加一+新奥尔良烤鸡肉披萨(7英寸(手拍)),,,,非会员,34,,,1份餐具；手机尾号：9713；接力送,,29.90,10.92,11.00,0.00,0,0,1.43,0.00,7.40,【活动支出】首次光顾立减:1.00元+【活动支出】 商家自营销加码:2.00元+【活动支出】精准营销:3.00元+【活动支出】饿了么红包:5.00元+【活动支出】替用户承担配送费:6.0元,-,-,-,2.00,温州区域,温州直营,,,否,-,平台配送
圣比萨（娄桥店）,SBM00040,温州,"8070806088568463731	",饿了么,平台外卖,已完成,2025-10-21 17:10:30,2025-10-21 17:10:30,2025-10-21 17:10:30,饿了么支付-在线支付,,即时单,2025-10-21 17:10:30,11.07,自动出餐,1,否,"榴莲王披萨-7英寸(手拍)[{""name"":""规格"",""value"":""7英寸(手拍)""}]（29.90*1）,上校鸡块（4.90*1）,餐盒（2.50*1）",榴莲王披萨+上校鸡块,,,,非会员,35,,,依据餐量提供餐具,,34.80,16.78,12.00,0.00,0,0,1.67,0.00,5.50,【活动支出】首次光顾立减:1.00元+【活动支出】精准营销:3.00元+【活动支出】饿了么红包:8.00元+【活动支出】替用户承担配送费:3.0元,-,-,-,2.50,温州区域,温州直营,,,否,-,平台配送
圣比萨（娄桥店）,SBM00040,温州,"8017646088514023849	",饿了么,平台外卖,已完成,2025-10-21 17:11:57,2025-10-21 17:11:57,2025-10-21 17:11:57,饿了么支付-在线支付,,即时单,2025-10-21 17:11:57,11.08,自动出餐,1,否,"芝士焗红薯泥（10.90*1）,榴莲王披萨-7英寸(手拍)[{""name"":""规格"",""value"":""7英寸(手拍)""}]（29.90*1）,蛋挞一个（原味）（3.90*1）,餐盒（3.00*1）",芝士焗红薯泥+榴莲王披萨+蛋挞1个,,,,非会员,36,,,依据餐量提供餐具,,44.70,23.08,15.91,0.00,0,0,2.16,0.00,4.00,【活动支出】店铺满减:1.00元+【活动支出】首次光顾立减:1.00元+【活动支出】单品特价:2.91元+【活动支出】精准营销红包:3.00元+【活动支出】饿了么红包:8.00元+【活动支出】替用户承担配送费:3.0元,-,-,-,3.00,温州区域,温州直营,,,否,-,平台配送
圣比萨（娄桥店）,SBM00040,温州,"8061040254560088366	",饿了么,平台外卖,已完成,2025-10-21 17:17:27,2025-10-21 17:17:27,2025-10-21 17:17:28,饿了么支付-在线支付,,即时单,2025-10-21 17:17:27,11.08,自动出餐,1,否,"新奥尔良烤鸡肉披萨-7英寸(手拍)[{""name"":""规格"",""value"":""7英寸(手拍)""}]（21.90*1）,蛋挞一个（原味）（3.90*1）,餐盒（2.50*1）",新奥尔良烤鸡肉披萨+蛋挞1个,,,,非会员,37,,,依据餐量提供餐具,,25.80,9.71,10.91,0.00,0,0,1.43,0.00,7.00,【活动支出】首次光顾立减:1.00元+【活动支出】单品特价:2.91元+【活动支出】 商家自营销加码:2.00元+【活动支出】CPS商户叠加券:0.00元+【活动支出】饿了么红包:5.00元+【活动支出】替用户承担配送费:3.0元,-,-,-,2.50,温州区域,温州直营,,,否,-,平台配送
圣比萨（娄桥店）,SBM00040,温州,"8072450254746656251	",饿了么,平台外卖,已完成,2025-10-21 17:19:24,2025-10-21 17:19:24,2025-10-21 17:19:24,饿了么支付-在线支付,,即时单,2025-10-21 17:19:24,11.13,自动出餐,1,否,"【任选】披萨随心配（39.80*1）,餐盒（2.00*1）",不加一+小薯条+小可乐+芝士焗红薯泥+新奥尔良烤鸡肉披萨(7英寸(手拍)),,,,非会员,38,,,依据餐量提供餐具,,39.80,24.01,9.00,0.00,0,0,2.24,0.00,5.00,【活动支出】店铺满减:1.00元+【活动支出】首次光顾立减:1.00元+【活动支出】饿了么红包:7.00元+【活动支出】替用户承担配送费:3.0元,-,-,-,2.00,温州区域,温州直营,,,否,-,平台配送
圣比萨（娄桥店）,SBM00040,温州,"8012460254680683884	",饿了么,平台外卖,已完成,2025-10-21 17:31:12,2025-10-21 17:31:12,2025-10-21 17:31:12,饿了么支付-在线支付,,即时单,2025-10-21 17:31:12,11.00,自动出餐,1,否,"金沙咸蛋黄嫩鸡披萨-7英寸(手拍)[{""name"":""规格"",""value"":""7英寸(手拍)""}]（25.90*1）,餐盒（2.00*1）",金沙咸蛋黄嫩鸡披萨,,,,非会员,39,,,1份餐具,,25.90,10.22,10.00,0.00,0,0,1.43,0.00,4.50,【活动支出】首次光顾立减:1.00元+【活动支出】粉丝群:2.00元+【活动支出】饿了么红包:7.00元+【活动支出】替用户承担配送费:4.5元,-,-,-,2.00,温州区域,温州直营,,,否,-,平台配送
圣比萨（娄桥店）,SBM00040,温州,"8028976088542373304	",饿了么,平台外卖,已完成,2025-10-21 17:33:17,2025-10-21 17:33:17,2025-10-21 17:33:17,饿了么支付-在线支付,,即时单,2025-10-21 17:33:17,11.13,自动出餐,1,否,"【任选】披萨随心配（34.80*1）,餐盒（2.00*1）",不加一+小薯条+小可乐+不加一+碳烤鸡肉培根披萨(7英寸(手拍)),,,,非会员,40,,,依据餐量提供餐具,,34.80,17.21,12.00,0.00,0,0,1.64,0.00,3.50,【活动支出】 商家自营销加码:2.00元+【活动支出】订单集点返红包:5.00元+【活动支出】饿了么红包:5.00元+【活动支出】替用户承担配送费:3.5元,-,-,-,2.00,温州区域,温州直营,,,否,-,平台配送
圣比萨（娄桥店）,SBM00040,温州,"8057270254573690253	",饿了么,平台外卖,已完成,2025-10-21 17:37:59,2025-10-21 17:37:59,2025-10-21 17:37:59,饿了么支付-在线支付,,即时单,2025-10-21 17:37:59,11.08,自动出餐,1,否,"新奥尔良烤鸡肉披萨-7英寸(手拍)[{""name"":""规格"",""value"":""7英寸(手拍)""}]（21.90*1）,奶酪芝士卷边（7英寸）（4.90*1）,蛋挞一个（原味）（3.90*1）,餐盒（2.50*1）",新奥尔良烤鸡肉披萨+奶酪芝士卷边7+蛋挞1个,,,,非会员,41,,,依据餐量提供餐具,,30.70,13.69,10.91,0.00,0,0,1.45,0.00,5.60,【活动支出】首次光顾立减:1.00元+【活动支出】单品特价:2.91元+【活动支出】 商家自营销加码:2.00元+【活动支出】CPS商户叠加券:0.00元+【活动支出】饿了么红包:5.00元+【活动支出】替用户承担配送费:5.6元,-,-,-,2.50,温州区域,温州直营,,,否,-,平台配送
圣比萨（娄桥店）,SBM00040,温州,"8032626088535390595	",饿了么,平台外卖,已完成,2025-10-21 17:40:23,2025-10-21 17:40:23,2025-10-21 17:40:24,饿了么支付-在线支付,,即时单,2025-10-21 17:40:23,11.18,自动出餐,1,否,"新奥尔良烤鸡肉披萨-7英寸(手拍)[{""name"":""规格"",""value"":""7英寸(手拍)""}]（21.90*1）,餐盒（2.00*1）",新奥尔良烤鸡肉披萨,,,,非会员,42,,,依据餐量提供餐具,,21.90,4.02,10.00,0.00,0,0,1.43,0.00,7.40,【活动支出】首次光顾立减:1.00元+【活动支出】 商家自营销加码:2.00元+【活动支出】粉丝群:2.00元+【活动支出】饿了么红包:5.00元+【活动支出】替用户承担配送费:6.0元,-,-,-,2.00,温州区域,温州直营,,,否,-,平台配送
圣比萨（娄桥店）,SBM00040,温州,"8015410254662542642	",饿了么,平台外卖,已完成,2025-10-21 17:41:35,2025-10-21 17:41:35,2025-10-21 17:41:35,饿了么支付-在线支付,,即时单,2025-10-21 17:41:35,11.20,自动出餐,1,否,"招牌肉酱意面（23.90*1）,餐盒（2.00*1）",招牌肉酱意面,,,,非会员,43,,,依据餐量提供餐具,,23.90,12.12,7.00,0.00,0,0,1.43,0.00,3.50,【活动支出】首次光顾立减:1.00元+【活动支出】饿了么红包:6.00元+【活动支出】替用户承担配送费:3.5元,-,-,-,2.00,温州区域,温州直营,,,否,-,平台配送
圣比萨（娄桥店）,SBM00040,温州,"8081160254578923793	",饿了么,平台外卖,已完成,2025-10-21 17:42:29,2025-10-21 17:42:29,2025-10-21 17:42:29,饿了么支付-在线支付,,即时单,2025-10-21 17:42:29,11.05,自动出餐,1,否,"缤纷水果披萨-7英寸(手拍)[{""name"":""规格"",""value"":""7英寸(手拍)""}]（23.90*1）,酸奶多多流心卷边（7英寸）（4.90*1）,餐盒（2.00*1）",缤纷水果披萨+酸奶多多流心卷边7,,,,非会员,44,,,不要放葱蒜，香菜，洋葱，不要太咸。 / 无需餐具,,28.80,13.09,7.00,0.00,0,0,1.56,0.00,6.80,【活动支出】饿了么红包:7.00元+【活动支出】替用户承担配送费:6.0元,-,-,-,2.00,温州区域,温州直营,,,否,-,平台配送
圣比萨（娄桥店）,SBM00040,温州,"8095516088553180634	",饿了么,平台外卖,已完成,2025-10-21 17:43:17,2025-10-21 17:43:17,2025-10-21 17:43:18,饿了么支付-在线支付,,即时单,2025-10-21 17:43:17,11.23,自动出餐,1,否,"缤纷水果披萨-7英寸(手拍)[{""name"":""规格"",""value"":""7英寸(手拍)""}]（23.90*1）,餐盒（2.00*1）",缤纷水果披萨,,,,非会员,45,,,2份餐具,,23.90,12.12,7.00,0.00,0,0,1.43,0.00,4.00,【活动支出】 商家自营销加码:2.00元+【活动支出】饿了么红包:5.00元+【活动支出】替用户承担配送费:4.0元,-,-,-,2.00,温州区域,温州直营,,,否,-,平台配送
圣比萨（娄桥店）,SBM00040,温州,"8050726088595108331	",饿了么,平台外卖,已完成,2025-10-21 17:50:40,2025-10-21 17:50:40,2025-10-21 17:50:41,饿了么支付-在线支付,,即时单,2025-10-21 17:50:40,11.22,自动出餐,1,否,"️【任选】意面随心配（29.90*1）,餐盒（2.00*1）",招牌肉酱意面+不加一+小可乐+不加一+小薯条,,,,非会员,46,,,依据餐量提供餐具,,29.90,16.38,8.00,0.00,0,0,1.57,0.00,3.50,【活动支出】首次光顾立减:1.00元+【活动支出】饿了么红包:7.00元+【活动支出】替用户承担配送费:3.5元,-,-,-,2.00,温州区域,温州直营,,,否,-,平台配送
圣比萨（娄桥店）,SBM00040,温州,"8002210254671356262	",饿了么,平台外卖,已完成,2025-10-21 17:55:48,2025-10-21 17:55:48,2025-10-21 17:55:48,饿了么支付-在线支付,,即时单,2025-10-21 17:55:48,11.23,自动出餐,1,否,手握三选一-单点[缤纷水果]（17.40*1）,热带雨林水果一人食盒子披萨,,,,非会员,47,,,依据餐量提供餐具,,17.40,10.00,0.00,0.00,0,0,0.00,0.00,,【活动支出】拼团反圈活动:0.00元,-,-,-,0.00,温州区域,温州直营,,,否,-,平台配送
圣比萨（娄桥店）,SBM00040,温州,"8095200254584767914	",饿了么,平台外卖,已完成,2025-10-21 17:56:51,2025-10-21 17:56:51,2025-10-21 17:56:52,饿了么支付-在线支付,,即时单,2025-10-21 17:56:51,11.15,自动出餐,1,否,"明星小食桶C（19.90*1）,【随心❤️拼】双拼披萨（口味自选）-7英寸双拼[碳烤鸡肉培根7英寸+新奥尔良烤鸡肉7英寸][{""name"":""规格"",""value"":""7英寸双拼""}]（24.90*1）,餐盒（3.00*1）",明星小食桶C+【随心❤️拼】双拼披萨,,,,非会员,48,,,依据餐量提供餐具,,44.80,28.04,10.00,0.00,0,0,2.61,0.00,3.50,【活动支出】店铺满减:1.00元+【活动支出】饿了么红包:9.00元+【活动支出】替用户承担配送费:3.5元,-,-,-,3.00,温州区域,温州直营,,,否,-,平台配送
圣比萨（娄桥店）,SBM00040,温州,"8030636088545502587	",饿了么,平台外卖,已完成,2025-10-21 18:00:14,2025-10-21 18:00:14,2025-10-21 18:00:15,饿了么支付-在线支付,,即时单,2025-10-21 18:00:14,11.22,自动出餐,1,否,"【任选】买一送一7英寸披萨（49.70*1）,餐盒（2.00*1）",新奥尔良烤鸡肉披萨(7英寸(手拍))+日系照烧鸡披萨(7英寸(手拍)),,,,非会员,49,,,依据餐量提供餐具,,49.70,31.97,9.00,0.00,0,0,2.98,0.00,4.00,【活动支出】店铺满减:1.00元+【活动支出】首次光顾立减:1.00元+【活动支出】 商家自营销加码:2.00元+【活动支出】饿了么红包:5.00元+【活动支出】替用户承担配送费:4.0元,-,-,-,2.00,温州区域,温州直营,,,否,-,平台配送
圣比萨（娄桥店）,SBM00040,温州,"8054180254772495809	",饿了么,平台外卖,已完成,2025-10-21 18:04:32,2025-10-21 18:04:32,2025-10-21 18:04:33,饿了么支付-在线支付,,即时单,2025-10-21 18:04:32,11.12,自动出餐,1,否,"新奥尔良烤鸡肉披萨-7英寸(手拍)[{""name"":""规格"",""value"":""7英寸(手拍)""}]（21.90*1）,红薯薯泥流心卷边（7英寸）（4.90*1）,餐盒（2.00*1）",新奥尔良烤鸡肉披萨+红薯泥流心卷边7,,,,非会员,50,,,1份餐具,,26.80,14.02,8.00,0.00,0,0,1.43,0.00,4.00,【活动支出】首次光顾立减:1.00元+【活动支出】 商家自营销加码:2.00元+【活动支出】CPS商户叠加券:0.00元+【活动支出】饿了么红包:5.00元+【活动支出】淘金币:0.00元+【活动支出】替用户承担配送费:4.0元,-,-,-,2.00,温州区域,温州直营,,,否,-,平台配送
圣比萨（娄桥店）,SBM00040,温州,"8044696088553086273	",饿了么,平台外卖,已完成,2025-10-21 18:06:31,2025-10-21 18:06:31,2025-10-21 18:06:31,饿了么支付-在线支付,,即时单,2025-10-21 18:06:31,11.23,自动出餐,1,否,"酸奶多多流心卷边（7英寸）（4.90*1）,【随心❤️拼】双拼披萨（口味自选）-7英寸双拼[缤纷水果7英寸+玉米沙拉7英寸][{""name"":""规格"",""value"":""7英寸双拼""}]（24.90*1）,餐盒（2.00*1）",酸奶多多流心卷边7+【随心❤️拼】双拼披萨,,,,非会员,51,,,依据餐量提供餐具,,29.80,14.02,11.00,0.00,0,0,1.43,0.00,3.50,【活动支出】首次光顾立减:1.00元+【活动支出】精准营销:3.00元+【活动支出】饿了么红包:7.00元+【活动支出】替用户承担配送费:3.5元,-,-,-,2.00,温州区域,温州直营,,,否,-,平台配送
圣比萨（娄桥店）,SBM00040,温州,"8020666088552387871	",饿了么,平台外卖,已完成,2025-10-21 18:10:16,2025-10-21 18:10:16,2025-10-21 18:10:16,饿了么支付-在线支付,,即时单,2025-10-21 18:10:16,11.10,自动出餐,1,否,"新奥尔良烤鸡肉披萨-7英寸(手拍)[{""name"":""规格"",""value"":""7英寸(手拍)""}]（21.90*1）,餐盒（2.00*1）",新奥尔良烤鸡肉披萨,,,,非会员,52,,,依据餐量提供餐具,,21.90,10.12,7.00,0.00,0,0,1.43,0.00,3.50,【活动支出】 商家自营销加码:2.00元+【活动支出】饿了么红包:5.00元+【活动支出】替用户承担配送费:3.5元,-,-,-,2.00,温州区域,温州直营,,,否,-,平台配送
圣比萨（娄桥店）,SBM00040,温州,"8009816088557602185	",饿了么,平台外卖,已完成,2025-10-21 18:15:31,2025-10-21 18:15:31,2025-10-21 18:15:31,饿了么支付-在线支付,,即时单,2025-10-21 18:15:31,11.07,自动出餐,1,否,"新奥尔良烤鸡肉披萨-7英寸(手拍)[{""name"":""规格"",""value"":""7英寸(手拍)""}]（21.90*1）,餐盒（2.00*1）",新奥尔良烤鸡肉披萨,,,,非会员,53,,,1份餐具,,21.90,10.12,7.00,0.00,0,0,1.43,0.00,3.50,【活动支出】 商家自营销加码:2.00元+【活动支出】饿了么红包:5.00元+【活动支出】替用户承担配送费:3.5元,-,-,-,2.00,温州区域,温州直营,,,否,-,平台配送
圣比萨（娄桥店）,SBM00040,温州,"8080626088573531588	",饿了么,平台外卖,已完成,2025-10-21 18:17:27,2025-10-21 18:17:27,2025-10-21 18:17:27,饿了么支付-在线支付,,即时单,2025-10-21 18:17:27,11.17,自动出餐,1,否,"新奥尔良烤鸡肉披萨-7英寸(手拍)[{""name"":""规格"",""value"":""7英寸(手拍)""}]（21.90*1）,餐盒（2.00*1）",新奥尔良烤鸡肉披萨,,,,非会员,54,,,依据餐量提供餐具,,21.90,6.32,9.00,0.00,0,0,1.43,0.00,5.60,【活动支出】 商家自营销加码:2.00元+【活动支出】粉丝群:2.00元+【活动支出】饿了么红包:5.00元+【活动支出】替用户承担配送费:5.6元,-,-,-,2.00,温州区域,温州直营,,,否,-,平台配送
圣比萨（娄桥店）,SBM00040,温州,"8066180254608026964	",饿了么,平台外卖,已退款,2025-10-21 18:26:11,2025-10-21 18:26:11,2025-10-21 18:26:12,饿了么支付-在线支付,,预约单,2025-10-21 20:05:00,54.02,自动出餐,1,否,"咸蛋黄风味流沙卷边（7英寸）（4.90*1）,【随心❤️拼】双拼披萨（口味自选）-7英寸双拼[新奥尔良烤鸡肉7英寸+玉米沙拉7英寸][{""name"":""规格"",""value"":""7英寸双拼""}]（24.90*1）,餐盒（2.00*1）",咸蛋黄流沙卷边7+【随心❤️拼】双拼披萨,,,,非会员,55,,,依据餐量提供餐具,"客服仲裁同意取消单 ,客服同意退款",29.80,-26.19,5.00,36.30,0,0,1.79,0.00,16.50,【活动支出】饿了么红包:5.00元+【活动支出】替用户承担配送费:6.0元,-,-,-,2.00,温州区域,温州直营,,,否,-,平台配送
圣比萨（娄桥店）,SBM00040,温州,"8044070254792337900	",饿了么,平台外卖,已完成,2025-10-21 18:36:20,2025-10-21 18:36:20,2025-10-21 18:36:21,饿了么支付-在线支付,,即时单,2025-10-21 18:36:20,11.15,自动出餐,1,否,"缤纷水果披萨-12英寸(手拍)[{""name"":""规格"",""value"":""12英寸(手拍)""}]（49.90*1）,餐盒（2.00*1）",缤纷水果披萨,,,,非会员,56,,,3份餐具,,49.90,27.21,15.00,0.00,0,0,2.54,0.00,3.50,【活动支出】店铺满减:1.00元+【活动支出】订单集点返红包:5.00元+【活动支出】饿了么红包:9.00元+【活动支出】替用户承担配送费:3.5元,-,-,-,2.00,温州区域,温州直营,,,否,-,平台配送
圣比萨（娄桥店）,SBM00040,温州,"8038526088582662595	",饿了么,平台外卖,已完成,2025-10-21 19:00:31,2025-10-21 19:00:31,2025-10-21 19:00:31,饿了么支付-在线支付,,即时单,2025-10-21 19:00:31,11.02,自动出餐,1,否,"可口可乐[常温]（6.00*2）,明星小食桶A（14.90*1）,【任选】买一送一7英寸披萨（49.70*1）,餐盒（3.00*1）",小可乐+明星小食桶A+新奥尔良烤鸡肉披萨(7英寸(手拍))+碳烤鸡肉培根披萨(7英寸(手拍)),,,,非会员,57,,,2份餐具,,76.60,46.13,19.00,0.00,0,0,4.32,0.00,3.50,【活动支出】店铺满减:6.00元+【活动支出】首次光顾立减:1.00元+【活动支出】饿了么红包:12.00元+【活动支出】替用户承担配送费:3.5元,-,-,-,3.00,温州区域,温州直营,,,否,-,平台配送
圣比萨（娄桥店）,SBM00040,温州,"8030756088589564388	",饿了么,平台外卖,已完成,2025-10-21 19:14:04,2025-10-21 19:14:04,2025-10-21 19:14:05,饿了么支付-在线支付,,即时单,2025-10-21 19:14:04,11.02,自动出餐,1,否,"招牌肉酱意面（23.90*1）,餐盒（2.00*1）",招牌肉酱意面,,,,非会员,58,,,依据餐量提供餐具,,23.90,11.12,8.00,0.00,0,0,1.43,0.00,3.50,【活动支出】首次光顾立减:1.00元+【活动支出】 商家自营销加码:2.00元+【活动支出】饿了么红包:5.00元+【活动支出】替用户承担配送费:3.5元,-,-,-,2.00,温州区域,温州直营,,,否,-,平台配送
圣比萨（娄桥店）,SBM00040,温州,"8070190254640698767	",饿了么,平台外卖,已完成,2025-10-21 19:47:05,2025-10-21 19:47:05,2025-10-21 19:47:05,饿了么支付-在线支付,,即时单,2025-10-21 19:47:05,11.07,自动出餐,1,否,"花果山披萨-9英寸(手拍)[{""name"":""规格"",""value"":""9英寸(手拍)""}]（33.90*1）,奶酪芝士卷边（9英寸）（6.90*1）,餐盒（2.00*1）",花果山披萨+奶酪芝士卷边9,,,,非会员,59,,,依据餐量提供餐具,,40.80,16.64,13.00,0.00,0,0,2.01,0.00,9.30,【活动支出】店铺满减:1.00元+【活动支出】首次光顾立减:1.00元+【活动支出】精准营销:3.00元+【活动支出】饿了么红包:8.00元+【活动支出】替用户承担配送费:6.0元,-,-,-,2.00,温州区域,温州直营,,,否,-,平台配送
圣比萨（娄桥店）,SBM00040,温州,"8064040254755839278	",饿了么,平台外卖,已完成,2025-10-21 20:10:48,2025-10-21 20:10:48,2025-10-21 20:10:48,饿了么支付-在线支付,,即时单,2025-10-21 20:10:48,11.13,自动出餐,1,否,"【随心❤️拼】双拼披萨（口味自选）-7英寸双拼[碳烤鸡肉培根7英寸+缤纷水果7英寸][{""name"":""规格"",""value"":""7英寸双拼""}]（24.90*1）,餐盒（2.00*1）",【随心❤️拼】双拼披萨,,,,非会员,60,,,1份餐具,,24.90,8.92,8.00,0.00,0,0,1.43,0.00,7.40,【活动支出】首次光顾立减:1.00元+【活动支出】 商家自营销加码:2.00元+【活动支出】饿了么红包:5.00元+【活动支出】替用户承担配送费:6.0元,-,-,-,2.00,温州区域,温州直营,,,否,-,平台配送
圣比萨（娄桥店）,SBM00040,温州,"8014460254755476756	",饿了么,平台外卖,已完成,2025-10-21 20:54:55,2025-10-21 20:54:55,2025-10-21 20:54:55,饿了么支付-在线支付,,即时单,2025-10-21 20:54:55,7.82,手动出餐,1,否,"番茄培根意面（23.90*1）,餐盒（2.00*1）",番茄培根意面,,,,非会员,61,,,无需餐具,,23.90,17.31,1.00,0.00,0,0,1.64,0.00,4.00,【活动支出】首次光顾立减:1.00元+【活动支出】替用户承担配送费:4.0元,-,-,-,2.00,温州区域,温州直营,,,否,-,平台配送
圣比萨（娄桥店）,SBM00040,温州,"8079816088678629736	",饿了么,平台外卖,已完成,2025-10-21 21:04:55,2025-10-21 21:04:55,2025-10-21 21:04:55,饿了么支付-在线支付,,即时单,2025-10-21 21:04:55,11.03,自动出餐,1,否,"【随心❤️拼】双拼披萨（口味自选）-7英寸双拼[缤纷水果7英寸+新奥尔良烤鸡肉7英寸][{""name"":""规格"",""value"":""7英寸双拼""}]（24.90*1）,餐盒（2.00*1）",【随心❤️拼】双拼披萨,,,,非会员,62,,,依据餐量提供餐具,,24.90,10.72,8.00,0.00,0,0,1.43,0.00,7.10,【活动支出】首次光顾立减:1.00元+【活动支出】超级会员专享红包:5.00元+【活动支出】 商家自营销加码:2.00元+【活动支出】替用户承担配送费:6.0元,-,-,-,2.00,温州区域,温州直营,,,否,-,平台配送
圣比萨（娄桥店）,SBM00040,温州,"8028866088667108792	",饿了么,平台外卖,已完成,2025-10-21 21:18:36,2025-10-21 21:18:36,2025-10-21 21:18:36,饿了么支付-在线支付,,即时单,2025-10-21 21:18:36,11.03,自动出餐,1,否,手握三选一-单点[奥尔良]（17.40*1）,奥尔良风情烤鸡肉一人食盒子披萨,,,,非会员,63,,,依据餐量提供餐具,,17.40,10.00,0.00,0.00,0,0,0.00,0.00,,【活动支出】拼团反圈活动:0.00元,-,-,-,0.00,温州区域,温州直营,,,否,-,平台配送
圣比萨（娄桥店）,SBM00040,温州,"8038986088648263992	",饿了么,平台外卖,已完成,2025-10-21 21:20:01,2025-10-21 21:20:01,2025-10-21 21:20:01,饿了么支付-在线支付,,即时单,2025-10-21 21:20:01,11.17,自动出餐,1,否,"新奥尔良烤鸡肉披萨-7英寸(手拍)[{""name"":""规格"",""value"":""7英寸(手拍)""}]（21.90*1）,餐盒（2.00*1）",新奥尔良烤鸡肉披萨,,,,非会员,64,,,1份餐具,,21.90,9.62,7.00,0.00,0,0,1.43,0.00,5.60,【活动支出】超级会员专享红包:5.00元+【活动支出】 商家自营销加码:2.00元+【活动支出】替用户承担配送费:5.6元,-,-,-,2.00,温州区域,温州直营,,,否,-,平台配送
圣比萨（娄桥店）,SBM00040,温州,"8061966088666077579	",饿了么,平台外卖,已完成,2025-10-21 21:29:42,2025-10-21 21:29:42,2025-10-21 21:29:42,饿了么支付-在线支付,,即时单,2025-10-21 21:29:42,11.12,自动出餐,1,否,手握三选一-单点[奥尔良]（17.40*1）,奥尔良风情烤鸡肉一人食盒子披萨,,,,非会员,65,,,依据餐量提供餐具,,17.40,10.00,0.00,0.00,0,0,0.00,0.00,,【活动支出】爆品团通吃券:0.00元,-,-,-,0.00,温州区域,温州直营,,,否,-,平台配送
圣比萨（娄桥店）,SBM00040,温州,"8019856088690933233	",饿了么,平台外卖,已完成,2025-10-21 21:38:53,2025-10-21 21:38:53,2025-10-21 21:38:53,饿了么支付-在线支付,,即时单,2025-10-21 21:38:53,11.23,自动出餐,1,否,手握三选一-单点[缤纷水果]（17.40*1）,热带雨林水果一人食盒子披萨,,,,非会员,66,,,无需餐具,,17.40,10.00,0.00,0.00,0,0,0.00,0.00,,【活动支出】拼团反圈活动:0.00元,-,-,-,0.00,温州区域,温州直营,,,否,-,平台配送
圣比萨（娄桥店）,SBM00040,温州,"8084526088638463387	",饿了么,平台外卖,已完成,2025-10-21 21:40:14,2025-10-21 21:40:14,2025-10-21 21:40:14,饿了么支付-在线支付,,即时单,2025-10-21 21:40:14,11.13,自动出餐,1,否,"【随心❤️拼】双拼披萨（口味自选）-9英寸双拼[新奥尔良烤鸡肉9英寸+碳烤鸡肉培根9英寸][{""name"":""规格"",""value"":""9英寸双拼""}]（34.90*1）,蛋挞一个（原味）（3.90*2）,餐盒（3.00*1）",【随心❤️拼】双拼披萨+蛋挞1个,,,,非会员,67,,,依据餐量提供餐具,,42.70,22.03,11.91,0.00,0,0,2.31,0.00,7.70,【活动支出】店铺满减:1.00元+【活动支出】单品特价:2.91元+【活动支出】 商家自营销加码:0.00元+【活动支出】饿了么红包:8.00元+【活动支出】替用户承担配送费:6.0元,-,-,-,3.00,温州区域,温州直营,,,否,-,平台配送
圣比萨（娄桥店）,SBM00040,温州,"8028320254871314934	",饿了么,平台外卖,已完成,2025-10-21 22:14:48,2025-10-21 22:14:48,2025-10-21 22:14:48,饿了么支付-在线支付,,即时单,2025-10-21 22:14:48,11.05,自动出餐,1,否,"【随心❤️拼】双拼披萨（口味自选）-9英寸双拼[新奥尔良烤鸡肉9英寸+新奥尔良烤鸡肉9英寸][{""name"":""规格"",""value"":""9英寸双拼""}]（34.90*1）,奶酪芝士卷边（9英寸）（6.90*1）,餐盒（2.00*1）",【随心❤️拼】双拼披萨+奶酪芝士卷边9,,,,非会员,68,,,依据餐量提供餐具,,41.80,22.04,10.00,0.00,0,0,2.31,0.00,7.70,【活动支出】店铺满减:1.00元+【活动支出】首次光顾立减:1.00元+【活动支出】精准营销:3.00元+【活动支出】饿了么红包:5.00元+【活动支出】替用户承担配送费:6.0元,-,-,-,2.00,温州区域,温州直营,,,否,-,平台配送
圣比萨（娄桥店）,SBM00040,温州,"8010180254774529454	",饿了么,平台外卖,已完成,2025-10-21 22:37:24,2025-10-21 22:37:24,2025-10-21 22:37:24,饿了么支付-在线支付,,即时单,2025-10-21 22:37:24,11.18,自动出餐,1,否,"【随心❤️拼】双拼披萨（口味自选）-9英寸双拼[新奥尔良烤鸡肉9英寸+新奥尔良烤鸡肉9英寸][{""name"":""规格"",""value"":""9英寸双拼""}]（34.90*1）,餐盒（2.00*1）",【随心❤️拼】双拼披萨,,,,非会员,69,,,依据餐量提供餐具,,34.90,16.81,12.00,0.00,0,0,1.64,0.00,5.60,【活动支出】首次光顾立减:1.00元+【活动支出】 商家自营销加码:0.00元+【活动支出】精准营销:3.00元+【活动支出】饿了么红包:8.00元+【活动支出】替用户承担配送费:5.6元,-,-,-,2.00,温州区域,温州直营,,,否,-,平台配送
圣比萨（娄桥店）,SBM00040,温州,"8021766088707425612	",饿了么,平台外卖,已完成,2025-10-21 22:44:50,2025-10-21 22:44:50,2025-10-21 22:44:50,饿了么支付-在线支付,,即时单,2025-10-21 22:44:50,11.17,自动出餐,1,否,"【任选】买一送一7英寸披萨（49.70*1）,餐盒（2.00*1）",新奥尔良烤鸡肉披萨(7英寸(手拍))+缤纷水果披萨(7英寸(手拍)),,,,非会员,70,,,2份餐具,,49.70,25.62,15.00,0.00,0,0,2.53,0.00,7.10,【活动支出】店铺满减:1.00元+【活动支出】首次光顾立减:1.00元+【活动支出】精准营销红包:4.00元+【活动支出】饿了么红包:9.00元+【活动支出】替用户承担配送费:6.0元,-,-,-,2.00,温州区域,温州直营,,,否,-,平台配送
圣比萨（娄桥店）,SBM00040,温州,"8048080254707536319	",饿了么,平台外卖,已完成,2025-10-21 23:46:20,2025-10-21 23:46:20,2025-10-21 23:46:21,饿了么支付-在线支付,,即时单,2025-10-21 23:46:20,11.18,自动出餐,1,否,"【任选】买一送一7英寸披萨（39.90*1）,餐盒（2.00*1）",缤纷水果披萨(7英寸(手拍))+缤纷水果披萨(7英寸(手拍)),,,,非会员,71,,,送到放在北区物业大厅桌上就行 不用打电话 谢谢小哥 / 依据餐量提供餐具,,39.90,21.76,11.00,0.00,0,0,2.09,0.00,5.60,【活动支出】店铺满减:1.00元+【活动支出】 商家自营销加码:0.00元+【活动支出】粉丝群:2.00元+【活动支出】饿了么红包:8.00元+【活动支出】替用户承担配送费:5.6元,-,-,-,2.00,温州区域,温州直营,,,否,-,平台配送
圣比萨（苍南马站店）,SBS00020,温州,"8034250254602559778	",饿了么,平台外卖,已完成,2025-10-21 11:34:27,2025-10-21 11:34:27,2025-10-21 11:34:27,饿了么支付-在线支付,,即时单,2025-10-21 11:34:27,15.08,自动出餐,1,否,"炙热牛魔王披萨-7英寸(经典手拍)[{""name"":""规格"",""value"":""7英寸(经典手拍)""}]（45.00*1）,奶酪芝士卷边（7英寸）（4.90*1）,奥尔良烤翅（14.00*1）,餐盒（4.00*1）",炙热牛魔王披萨+奶酪芝士卷边7+奥尔良烤翅,,,,非会员,1,,,依据餐量提供餐具,,63.90,26.84,29.10,0.00,0,0,3.71,0.00,4.00,【活动支出】店铺满减:1.00元+【活动支出】单品特价:15.10元+【活动支出】单品特价:4.00元+【活动支出】饿了么红包:9.00元+【活动支出】替用户承担配送费:4.0元,-,-,-,4.00,温州区域,温州直营,,,否,-,平台配送
圣比萨（苍南马站店）,SBS00020,温州,"8009896088488909311	",饿了么,平台外卖,已完成,2025-10-21 13:56:44,2025-10-21 13:56:44,2025-10-21 13:56:44,饿了么支付-在线支付,,即时单,2025-10-21 13:56:44,10.97,手动出餐,1,否,手握三选一-单点[奥尔良]（20.00*1）,奥尔良风情烤鸡肉一人食盒子披萨,,,,非会员,2,,,依据餐量提供餐具,,20.00,10.00,0.00,0.00,0,0,0.00,0.00,,【活动支出】拼团反圈活动:0.00元,-,-,-,0.00,温州区域,温州直营,,,否,-,平台配送
圣比萨（苍南马站店）,SBS00020,温州,"8026806088503233875	",饿了么,平台外卖,已完成,2025-10-21 15:56:11,2025-10-21 15:56:11,2025-10-21 15:56:11,饿了么支付-在线支付,,即时单,2025-10-21 15:56:11,7.97,手动出餐,1,否,新奥尔良烤鸡肉披萨7寸-单点（22.00*1）,新奥尔良烤鸡肉披萨【7英寸(手拍)】,,,,非会员,3,,,依据餐量提供餐具,,22.00,12.00,0.00,0.00,0,0,0.00,0.00,,【活动支出】拼团反圈活动:0.00元,-,-,-,0.00,温州区域,温州直营,,,否,-,平台配送
圣比萨（苍南马站店）,SBS00020,温州,"8049340254708977929	",饿了么,平台外卖,已完成,2025-10-21 16:03:40,2025-10-21 16:03:40,2025-10-21 16:03:40,饿了么支付-在线支付,,即时单,2025-10-21 16:03:40,15.18,自动出餐,1,否,"星星炸鸡披萨-7英寸(手拍)[{""name"":""规格"",""value"":""7英寸(手拍)""}]（45.00*1）,餐盒（2.00*1）",星星炸鸡披萨,,,,非会员,4,,,1份餐具,,45.00,16.65,22.10,0.00,0,0,2.30,0.00,3.50,【活动支出】单品特价:15.10元+【活动支出】饿了么红包:7.00元+【活动支出】替用户承担配送费:3.5元,-,-,-,2.00,温州区域,温州直营,,,否,-,平台配送
圣比萨（苍南马站店）,SBS00020,温州,"8014776088522392923	",饿了么,平台外卖,已完成,2025-10-21 16:11:53,2025-10-21 16:11:53,2025-10-21 16:11:54,饿了么支付-在线支付,,即时单,2025-10-21 16:11:53,15.00,自动出餐,1,否,"蛋挞（10.00*5）,招牌肉酱意面（52.00*1）,餐盒（7.00*1）",蛋挞+招牌肉酱意面,,,,非会员,5,,,2份餐具,,102.00,35.13,60.10,0.00,0,0,4.82,0.00,3.50,【活动支出】店铺满减:6.00元+【活动支出】单品特价:20.00元+【活动支出】单品特价:26.10元+【活动支出】饿了么红包:8.00元+【活动支出】替用户承担配送费:3.5元,-,-,-,7.00,温州区域,温州直营,,,否,-,平台配送
圣比萨（苍南马站店）,SBS00020,温州,"8078030254723890626	",饿了么,平台外卖,已完成,2025-10-21 16:40:34,2025-10-21 16:40:34,2025-10-21 16:40:34,饿了么支付-在线支付,,即时单,2025-10-21 16:40:34,7.78,手动出餐,1,否,【随心❤️拼】7英寸双拼披萨（口味自选）[新奥尔良烤鸡肉+新奥尔良烤鸡肉]（26.90*1）,双拼7寸【奥尔良口味7】+双拼7寸【奥尔良口味7】,,,,非会员,6,,,依据餐量提供餐具,,26.90,12.78,7.00,0.00,0,0,1.77,0.00,3.50,【活动支出】饿了么红包:7.00元+【活动支出】替用户承担配送费:3.5元,-,-,-,0.00,温州区域,温州直营,,,否,-,平台配送
圣比萨（苍南马站店）,SBS00020,温州,"8065906088499704220	",饿了么,平台外卖,已完成,2025-10-21 16:41:54,2025-10-21 16:41:54,2025-10-21 16:41:54,饿了么支付-在线支付,,即时单,2025-10-21 16:41:54,9.03,手动出餐,1,否,"榴莲王披萨-7英寸(经典手拍)[{""name"":""规格"",""value"":""7英寸(经典手拍)""}]（52.00*1）,餐盒（2.00*1）",榴莲王披萨,,,,非会员,7,,,无需餐具,,52.00,18.44,27.10,0.00,0,0,2.51,0.00,3.50,【活动支出】单品特价:18.10元+【活动支出】粉丝群:1.00元+【活动支出】饿了么红包:8.00元+【活动支出】替用户承担配送费:3.5元,-,-,-,2.00,温州区域,温州直营,,,否,-,平台配送
圣比萨（苍南马站店）,SBS00020,温州,"8047140254558051805	",饿了么,平台外卖,已完成,2025-10-21 17:14:07,2025-10-21 17:14:07,2025-10-21 17:14:08,饿了么支付-在线支付,,即时单,2025-10-21 17:14:07,10.35,手动出餐,1,否,"川香脆皮翅根-2个[{""name"":""规格"",""value"":""2个""}]（22.00*1）,奥尔良烤鸡肉披萨-7英寸(手拍)[{""name"":""规格"",""value"":""7英寸(手拍)""}]（45.00*1）,餐盒（3.00*1）",川香脆皮大翅根+新奥尔良烤鸡肉披萨,,,,非会员,8,,,无需餐具,,67.00,23.21,37.10,0.00,0,0,3.14,0.00,3.50,【活动支出】单品特价:12.00元+【活动支出】单品特价:20.10元+【活动支出】饿了么红包:5.00元+【活动支出】替用户承担配送费:3.5元,-,-,-,3.00,温州区域,温州直营,,,否,-,平台配送
圣比萨（苍南马站店）,SBS00020,温州,"8053110254796160450	",饿了么,平台外卖,已完成,2025-10-21 18:32:44,2025-10-21 18:32:44,2025-10-21 18:32:44,饿了么支付-在线支付,,即时单,2025-10-21 18:32:44,11.12,手动出餐,1,否,"可乐[冷]（5.00*1）,【随心❤️拼】7英寸双拼披萨（口味自选）[新奥尔良烤鸡肉+花果山]（26.90*1）",可乐+双拼7寸【奥尔良口味7】+双拼7寸【花果山口味7】,,,,非会员,9,,,依据餐量提供餐具,,31.90,15.76,8.00,0.00,0,0,2.19,0.00,3.50,【活动支出】粉丝群:1.00元+【活动支出】饿了么红包:7.00元+【活动支出】替用户承担配送费:3.5元,-,-,-,0.00,温州区域,温州直营,,,否,-,平台配送
圣比萨（苍南马站店）,SBS00020,温州,"8053526088614098364	",饿了么,平台外卖,已完成,2025-10-21 20:30:03,2025-10-21 20:30:03,2025-10-21 20:30:03,饿了么支付-在线支付,,即时单,2025-10-21 20:30:03,10.50,手动出餐,1,否,新奥尔良烤鸡肉披萨7寸-单点（22.00*1）,新奥尔良烤鸡肉披萨【7英寸(手拍)】,,,,非会员,10,,,依据餐量提供餐具,,22.00,12.00,0.00,0.00,0,0,0.00,0.00,,【活动支出】拼团反圈活动:0.00元,-,-,-,0.00,温州区域,温州直营,,,否,-,平台配送
圣比萨（苍南马站店）,SBS00020,温州,"8044340254748904805	",饿了么,平台外卖,已完成,2025-10-21 20:33:46,2025-10-21 20:33:46,2025-10-21 20:33:46,饿了么支付-在线支付,,即时单,2025-10-21 20:33:46,14.75,手动出餐,1,否,"【随心❤️拼】9英寸双拼披萨（口味自选）[缤纷水果+碳烤鸡肉培根]（41.90*1）,酸奶多多流心卷边（9英寸）（6.90*1）",双拼9寸【缤纷水果口味9】+双拼9寸【鸡肉培根口味9】+酸奶多多流心卷边9,,,,非会员,11,,,依据餐量提供餐具,,48.80,28.19,9.00,0.00,0,0,3.86,0.00,3.50,【活动支出】店铺满减:1.00元+【活动支出】饿了么红包:8.00元+【活动支出】替用户承担配送费:3.5元,-,-,-,0.00,温州区域,温州直营,,,否,-,平台配送
圣比萨（苍南马站店）,SBS00020,温州,"8059686088617081108	",饿了么,平台外卖,已完成,2025-10-21 20:34:26,2025-10-21 20:34:26,2025-10-21 20:34:26,饿了么支付-在线支付,,即时单,2025-10-21 20:34:26,13.03,手动出餐,1,否,"蛋挞1个（5.00*1）,日系照烧鸡披萨-7英寸(手拍)[{""name"":""规格"",""value"":""7英寸(手拍)""}]（45.00*1）,餐盒（3.00*1）",蛋挞1个+日系照烧鸡披萨,,,,非会员,12,,,依据餐量提供餐具,,50.00,14.56,31.11,0.00,0,0,1.98,0.00,3.50,【活动支出】单品特价:4.01元+【活动支出】单品特价:19.10元+【活动支出】粉丝群:1.00元+【活动支出】饿了么红包:7.00元+【活动支出】替用户承担配送费:3.5元,-,-,-,3.00,温州区域,温州直营,,,否,-,平台配送
圣比萨（苍南马站店）,SBS00020,温州,"8087400254849107430	",饿了么,平台外卖,已完成,2025-10-21 20:42:45,2025-10-21 20:42:45,2025-10-21 20:42:46,饿了么支付-在线支付,,即时单,2025-10-21 20:42:45,15.20,自动出餐,1,否,"黑椒牛肉芝士焗饭（52.00*1）,薯饼3个（12.00*1）,餐盒（3.00*1）",黑椒牛肉芝士焗饭+薯饼,,,,非会员,13,,,1份餐具,,64.00,25.30,31.10,0.00,0,0,3.45,0.00,3.50,【活动支出】店铺满减:1.00元+【活动支出】单品特价:21.10元+【活动支出】饿了么红包:9.00元+【活动支出】替用户承担配送费:3.5元,-,-,-,3.00,温州区域,温州直营,,,否,-,平台配送
圣比萨（苍南马站店）,SBS00020,温州,"8086440254664127875	",饿了么,平台外卖,已完成,2025-10-21 20:42:56,2025-10-21 20:42:56,2025-10-21 20:42:56,饿了么支付-在线支付,,即时单,2025-10-21 20:42:56,15.23,"初始值, 无意义",1,否,"小食桶A（0.00*1）,【任选3件套】个人披萨意面焗饭套餐随心配[奥尔良鸡肉披萨7英寸+小可乐]（72.00*1）,餐盒（2.00*1）",明星小食桶A+新奥尔良烤鸡肉披萨【7英寸(手拍)】+小可乐,,,,非会员,14,,,依据餐量提供餐具,,72.00,22.32,42.10,0.00,0,0,3.03,0.00,3.50,【活动支出】店铺满减:1.00元+【活动支出】单品特价:32.10元+【活动支出】饿了么红包:8.00元+【活动支出】粉丝群:1.00元+【活动支出】替用户承担配送费:3.5元,-,-,-,2.00,温州区域,温州直营,,,否,-,平台配送
圣比萨（苍南马站店）,SBS00020,温州,"8069596088680520109	",饿了么,平台外卖,已完成,2025-10-21 20:57:10,2025-10-21 20:57:10,2025-10-21 20:57:11,饿了么支付-在线支付,,即时单,2025-10-21 20:57:10,15.08,自动出餐,1,否,"经典薯条（18.00*1）,炙热牛魔王披萨-7英寸(经典手拍)[{""name"":""规格"",""value"":""7英寸(经典手拍)""}]（45.00*1）,金丝鸡排（10.88*1）,奥尔良烤翅（14.00*1）,餐盒（7.00*1）",经典薯条+炙热牛魔王披萨+金丝鸡排+奥尔良烤翅,,,,非会员,15,,,2份餐具,,87.88,32.15,49.98,0.00,0,0,4.40,0.00,3.50,【活动支出】店铺满减:6.00元+【活动支出】单品特价:9.00元+【活动支出】单品特价:15.10元+【活动支出】单品特价:3.88元+【活动支出】单品特价:4.00元+【活动支出】饿了么红包:12.00元+【活动支出】替用户承担配送费:3.5元,-,-,-,7.00,温州区域,温州直营,,,否,-,平台配送
圣比萨（苍南马站店）,SBS00020,温州,"8081986088642380133	",饿了么,平台外卖,已完成,2025-10-21 21:00:13,2025-10-21 21:00:13,2025-10-21 21:00:13,饿了么支付-在线支付,,即时单,2025-10-21 21:00:13,15.00,自动出餐,1,否,"经典薯条（18.00*1）,烤甜玉米（12.00*1）,牛魔王薄脆披萨-单层[{""name"":""规格"",""value"":""单层""}]（90.00*1）,奶香芝士条（45.00*1）,地道肠（7.50*2）,餐盒（8.00*1）",经典薯条+烤甜玉米+牛魔王薄脆披萨+金牌芝士披萨【7英寸(手拍)】+地道肠1根,,,,非会员,16,,,依据餐量提供餐具,,180.00,56.23,111.50,0.00,0,0,7.72,0.00,3.50,【活动支出】店铺满减:6.00元+【活动支出】单品特价:9.00元+【活动支出】单品特价:5.00元+【活动支出】单品特价:47.50元+【活动支出】单品特价:27.00元+【活动支出】单品特价:5.00元+【活动支出】饿了么红包:12.00元+【活动支出】替用户承担配送费:3.5元,-,-,-,8.00,温州区域,温州直营,,,否,-,平台配送
圣比萨（苍南马站店）,SBS00020,温州,"8074506088657737195	",饿了么,平台外卖,已完成,2025-10-21 21:01:29,2025-10-21 21:01:29,2025-10-21 21:01:29,饿了么支付-在线支付,,即时单,2025-10-21 21:01:29,15.02,自动出餐,1,否,【随心❤️拼】7英寸双拼披萨（口味自选）[花果山+花果山]（26.90*1）,双拼7寸【花果山口味7】+双拼7寸【花果山口味7】,,,,非会员,17,,,依据餐量提供餐具,,26.90,12.28,7.00,0.00,0,0,1.77,0.00,5.60,【活动支出】饿了么红包:7.00元+【活动支出】替用户承担配送费:5.6元,-,-,-,0.00,温州区域,温州直营,,,否,-,平台配送
圣比萨（苍南马站店）,SBS00020,温州,"8011050254775227867	",饿了么,平台外卖,已完成,2025-10-21 21:13:58,2025-10-21 21:13:58,2025-10-21 21:13:58,饿了么支付-在线支付,,即时单,2025-10-21 21:13:58,15.23,自动出餐,1,否,"小食桶B（2.00*1）,【任选3件套】个人披萨意面焗饭套餐随心配[奥尔良鸡肉披萨7英寸+港式奶茶]（72.00*1）,餐盒（2.00*1）",明星小食桶B+新奥尔良烤鸡肉披萨【7英寸(手拍)】+港式奶茶,,,,非会员,18,,,依据餐量提供餐具,,74.00,23.90,41.10,0.00,0,0,3.35,0.00,6.10,【活动支出】店铺满减:1.00元+【活动支出】单品特价:32.10元+【活动支出】 商家自营销加码:0.00元+【活动支出】饿了么红包:8.00元+【活动支出】替用户承担配送费:6.0元,-,-,-,2.00,温州区域,温州直营,,,否,-,平台配送
圣比萨（苍南马站店）,SBS00020,温州,"8081946088672582128	",饿了么,平台外卖,已完成,2025-10-21 21:40:09,2025-10-21 21:40:09,2025-10-21 21:40:09,饿了么支付-在线支付,,即时单,2025-10-21 21:40:09,12.90,手动出餐,1,否,"【任选3件套】7英寸披萨/意面/焗饭+明星至尊桶+饮品[奥尔良烤鸡肉披萨7英寸+明星至尊桶+美年达]（72.00*1）,餐盒（2.00*1）",新奥尔良烤鸡肉披萨【7英寸(手拍)】+明星至尊桶,,,,非会员,19,,,依据餐量提供餐具,,72.00,29.57,32.10,0.00,0,0,4.08,0.00,5.60,【活动支出】店铺满减:1.00元+【活动支出】单品特价:22.10元+【活动支出】 商家自营销加码:4.00元+【活动支出】饿了么红包:5.00元+【活动支出】替用户承担配送费:5.6元,-,-,-,2.00,温州区域,温州直营,,,否,-,平台配送
圣比萨（苍南马站店）,SBS00020,温州,"8061300254683650312	",饿了么,平台外卖,已完成,2025-10-21 21:51:20,2025-10-21 21:51:20,2025-10-21 21:51:20,饿了么支付-在线支付,,即时单,2025-10-21 21:51:20,1.80,手动出餐,1,否,【随心❤️拼】7英寸双拼披萨（口味自选）[新奥尔良烤鸡肉+玉米沙拉]（26.90*1）,双拼7寸【奥尔良口味7】+双拼7寸【玉米沙拉口味7】,,,,非会员,20,,,2份餐具,,26.90,14.07,5.00,0.00,0,0,1.98,0.00,5.60,【活动支出】饿了么红包:5.00元+【活动支出】替用户承担配送费:5.6元,-,-,-,0.00,温州区域,温州直营,,,否,-,平台配送
圣比萨（苍南马站店）,SBS00020,温州,"8014976088682687773	",饿了么,平台外卖,已完成,2025-10-21 22:27:10,2025-10-21 22:27:10,2025-10-21 22:27:10,饿了么支付-在线支付,,即时单,2025-10-21 22:27:10,15.22,自动出餐,1,否,"【任选5件套】披萨意面我全都要[碳烤鸡肉培根7英寸+番茄牛肉意面+小食桶C+小可乐+柠檬茶]（128.00*1）,餐盒（2.00*1）",碳烤鸡肉培根披萨【7英寸(手拍)】+番茄牛肉意面+明星小食桶C+小可乐+柠檬茶,,,,非会员,21,,,依据餐量提供餐具,,128.00,33.44,83.10,0.00,0,0,4.61,0.00,6.10,【活动支出】店铺满减:6.00元+【活动支出】单品特价:68.10元+【活动支出】饿了么红包:9.00元+【活动支出】替用户承担配送费:6.0元,-,-,-,2.00,温州区域,温州直营,,,否,-,平台配送
圣比萨（苍南马站店）,SBS00020,温州,"8059806088644457736	",饿了么,平台外卖,已完成,2025-10-21 22:34:25,2025-10-21 22:34:25,2025-10-21 22:34:25,饿了么支付-在线支付,,即时单,2025-10-21 22:34:25,13.82,手动出餐,1,否,新奥尔良烤鸡肉披萨7寸-单点（22.00*1）,新奥尔良烤鸡肉披萨【7英寸(手拍)】,,,,非会员,22,,,依据餐量提供餐具,,22.00,12.00,0.00,0.00,0,0,0.00,0.00,,【活动支出】拼团反圈活动:0.00元,-,-,-,0.00,温州区域,温州直营,,,否,-,平台配送
圣比萨（蟠凤店）,SBM00023,温州,"8080696088328081690	",饿了么,平台外卖,已完成,2025-10-21 10:52:51,2025-10-21 10:52:51,2025-10-21 10:52:51,饿了么支付-在线支付,,即时单,2025-10-21 10:52:51,10.02,自动出餐,1,否,"番茄牛肉意面（27.60*1）,餐盒（1.00*1）",番茄牛肉意面,,,,非会员,1,,,1份餐具,,27.60,10.62,10.70,0.00,0,0,1.43,0.00,4.00,【活动支出】首次光顾立减:1.00元+【活动支出】单品特价:4.70元+【活动支出】饿了么红包:5.00元+【活动支出】替用户承担配送费:4.0元,-,-,-,1.00,温州区域,温州加盟,,,否,-,平台配送
圣比萨（蟠凤店）,SBM00023,温州,"8045736088384289088	",饿了么,平台外卖,已完成,2025-10-21 11:08:58,2025-10-21 11:08:58,2025-10-21 11:08:58,饿了么支付-在线支付,,即时单,2025-10-21 11:08:58,12.00,自动出餐,1,否,"任选披萨8选1+小吃6选1+饮料[圣比至尊披萨7英寸+上校鸡块4个+橙汁+常温]（65.00*1）,餐盒（2.00*1）",大圣招牌大满贯披萨【7英寸(手拍)】+上校鸡块+柳橙汁,,,,非会员,2,,,依据餐量提供餐具,,65.00,17.77,41.10,0.00,0,0,1.68,0.00,3.50,【活动支出】首次光顾立减:1.00元+【活动支出】单品特价:33.10元+【活动支出】超级会员专享红包:5.00元+【活动支出】 商家自营销加码:2.00元+【活动支出】替用户承担配送费:3.5元,-,-,-,2.00,温州区域,温州加盟,,,否,-,平台配送
圣比萨（蟠凤店）,SBM00023,温州,"8009566088350974234	",饿了么,平台外卖,已完成,2025-10-21 11:15:37,2025-10-21 11:15:37,2025-10-21 11:15:38,饿了么支付-在线支付,,即时单,2025-10-21 11:15:37,12.07,自动出餐,1,否,"招牌肉酱芝士焗饭（52.00*1）,【随心拼】7英寸披萨（口味自选）[星选火腿+碳烤培根]（54.00*1）,餐盒（1.00*1）",招牌肉酱芝士焗饭,,,,非会员,3,,,依据餐量提供餐具,,106.00,30.99,60.10,0.00,0,0,3.26,0.00,6.80,【活动支出】单品特价:32.60元+【活动支出】首次光顾立减:1.00元+【活动支出】单品特价:26.50元+【活动支出】替用户承担配送费:5.0元,-,-,-,1.00,温州区域,温州加盟,,,否,-,平台配送
圣比萨（蟠凤店）,SBM00023,温州,"8082480254585453003	",饿了么,平台外卖,已完成,2025-10-21 11:16:18,2025-10-21 11:16:18,2025-10-21 11:16:18,饿了么支付-在线支付,,即时单,2025-10-21 11:16:18,12.05,自动出餐,1,否,"任选披萨8选1+小吃6选1+饮料[水果披萨7英寸+墨鱼丸3个+橙汁+常温]（65.00*1）,餐盒（2.00*1）",缤纷水果披萨【7英寸(手拍)】+深海墨鱼丸3个+柳橙汁,,,,非会员,4,,,依据餐量提供餐具,,65.00,16.84,42.10,0.00,0,0,1.61,0.00,3.50,【活动支出】首次光顾立减:1.00元+【活动支出】单品特价:33.10元+【活动支出】精准营销:1.00元+【活动支出】饿了么红包:7.00元+【活动支出】替用户承担配送费:3.5元,-,-,-,2.00,温州区域,温州加盟,,,否,-,平台配送
圣比萨（蟠凤店）,SBM00023,温州,"8009100254528888165	",饿了么,平台外卖,已完成,2025-10-21 11:59:17,2025-10-21 11:59:17,2025-10-21 11:59:18,饿了么支付-在线支付,,即时单,2025-10-21 11:59:17,12.00,自动出餐,1,否,"【新客专享】川香脆皮翅根（1个）（12.00*1）,番茄牛肉意面（27.60*1）,餐盒（2.00*1）",川香脆皮大翅根【1个】+番茄牛肉意面,,,,非会员,5,,,依据餐量提供餐具,,39.60,10.61,23.71,0.00,0,0,1.43,0.00,4.00,【活动支出】首次光顾立减:1.00元+【活动支出】单品特价:10.01元+【活动支出】单品特价:4.70元+【活动支出】 商家自营销加码:2.00元+【活动支出】精准营销:1.00元+【活动支出】饿了么红包:5.00元+【活动支出】替用户承担配送费:4.0元,-,-,-,2.00,温州区域,温州加盟,,,否,-,平台配送
圣比萨（蟠凤店）,SBM00023,温州,"8021946088421225917	",饿了么,平台外卖,已完成,2025-10-21 12:52:30,2025-10-21 12:52:30,2025-10-21 12:52:31,饿了么支付-在线支付,,即时单,2025-10-21 12:52:30,12.20,自动出餐,1,否,"奥尔良烤鸡肉披萨-7英寸（经典手拍）[{""name"":""规格"",""value"":""7英寸（经典手拍）""}]（45.00*1）,餐盒（1.00*1）",新奥尔良烤鸡肉披萨,,,,非会员,6,,,1份餐具,,45.00,9.62,29.10,0.00,0,0,1.43,0.00,3.50,【活动支出】首次光顾立减:1.00元+【活动支出】单品特价:21.10元+【活动支出】 商家自营销加码:2.00元+【活动支出】饿了么红包:5.00元+【活动支出】替用户承担配送费:3.5元,-,-,-,1.00,温州区域,温州加盟,,,否,-,平台配送
圣比萨（蟠凤店）,SBM00023,温州,"8095150254588889485	",饿了么,平台外卖,已完成,2025-10-21 14:10:44,2025-10-21 14:10:44,2025-10-21 14:10:44,饿了么支付-在线支付,,即时单,2025-10-21 14:10:44,10.13,自动出餐,1,否,"任选披萨8选1+小吃6选1+饮料[纯芝士披萨7英寸+风味烤肠1根+芒果汁+冰]（65.00*1）,餐盒（2.00*1）",金牌芝士披萨【7英寸(手拍)】+芒果汁,,,,非会员,7,,,依据餐量提供餐具,,65.00,17.77,41.10,0.00,0,0,1.68,0.00,3.50,【活动支出】首次光顾立减:1.00元+【活动支出】单品特价:33.10元+【活动支出】饿了么红包:7.00元+【活动支出】替用户承担配送费:3.5元,-,-,-,2.00,温州区域,温州加盟,,,否,-,平台配送
圣比萨（蟠凤店）,SBM00023,温州,"8083806088491437392	",饿了么,平台外卖,已完成,2025-10-21 14:14:52,2025-10-21 14:14:52,2025-10-21 14:14:52,饿了么支付-在线支付,,即时单,2025-10-21 14:14:52,10.05,自动出餐,1,否,"【真榴莲果肉】7英寸榴莲王披萨（58.00*1）,餐盒（1.00*1）",榴莲王披萨7英寸,,,,非会员,8,,,依据餐量提供餐具,,58.00,12.20,33.50,0.00,0,0,1.65,0.00,8.00,【活动支出】首次光顾立减:1.00元+【活动支出】单品特价:25.50元+【活动支出】饿了么红包:7.00元+【活动支出】替用户承担配送费:5.0元,-,-,-,1.00,温州区域,温州加盟,,,否,-,平台配送
圣比萨（蟠凤店）,SBM00023,温州,"8045000254529867110	",饿了么,平台外卖,已完成,2025-10-21 15:56:30,2025-10-21 15:56:30,2025-10-21 15:56:30,饿了么支付-在线支付,,即时单,2025-10-21 15:56:30,10.22,自动出餐,1,否,"个人独享DIY套餐(折扣价)[新奥尔7寸披萨+滕椒金丝鸡排+柠檬茶+冰]（59.00*1）,餐盒（2.00*1）",新奥尔良烤鸡肉披萨【7英寸(手拍)】+柠檬茶,,,,非会员,9,,,依据餐量提供餐具,,59.00,19.11,33.50,0.00,0,0,1.84,0.00,4.00,【活动支出】首次光顾立减:1.00元+【活动支出】单品特价:23.50元+【活动支出】精准营销:1.00元+【活动支出】饿了么红包:8.00元+【活动支出】替用户承担配送费:4.0元,-,-,-,2.00,温州区域,温州加盟,,,否,-,平台配送
圣比萨（蟠凤店）,SBM00023,温州,"8022906088480200074	",饿了么,平台外卖,已完成,2025-10-21 15:59:57,2025-10-21 15:59:57,2025-10-21 15:59:57,饿了么支付-在线支付,,即时单,2025-10-21 15:59:57,10.05,自动出餐,1,否,"个人独享DIY套餐(折扣价)[牛肉至尊7寸+奥尔良烤翅+橙汁+冰]（59.00*1）,餐盒（2.00*1）",炙热牛魔王披萨【7英寸(手拍)】+奥尔良烤翅,,,,非会员,10,,,依据餐量提供餐具,,59.00,20.36,31.50,0.00,0,0,1.99,0.00,3.50,【活动支出】单品特价:23.50元+【活动支出】饿了么红包:8.00元+【活动支出】替用户承担配送费:3.5元,-,-,-,2.00,温州区域,温州加盟,,,否,-,平台配送
圣比萨（蟠凤店）,SBM00023,温州,"8070646088512312818	",饿了么,平台外卖,已完成,2025-10-21 16:29:45,2025-10-21 16:29:45,2025-10-21 16:29:45,饿了么支付-在线支付,,即时单,2025-10-21 16:29:45,10.18,自动出餐,1,否,"蛋挞（10.00*1）,雀巢牛奶[热]（10.00*1）,奥尔良烤鸡肉披萨-7英寸（经典手拍）[{""name"":""规格"",""value"":""7英寸（经典手拍）""}]（45.00*1）,餐盒（2.00*1）",蛋挞+雀巢牛奶+新奥尔良烤鸡肉披萨,,,,非会员,11,,,1份餐具,,65.00,24.01,34.20,0.00,0,0,2.24,0.00,3.50,【活动支出】店铺满减:1.00元+【活动支出】首次光顾立减:1.00元+【活动支出】单品特价:1.10元+【活动支出】单品特价:2.00元+【活动支出】单品特价:21.10元+【活动支出】饿了么红包:8.00元+【活动支出】替用户承担配送费:3.5元,-,-,-,2.00,温州区域,温州加盟,,,否,-,平台配送
圣比萨（蟠凤店）,SBM00023,温州,"8067020254731866583	",饿了么,平台外卖,已完成,2025-10-21 16:54:55,2025-10-21 16:54:55,2025-10-21 16:54:55,饿了么支付-在线支付,,即时单,2025-10-21 16:54:55,10.20,自动出餐,1,否,"披萨意面双人套餐[金牌芝士披萨7寸+番茄牛肉意面+小食桶A+可乐（听装）冰+可乐（听装）冰]（118.00*1）,餐盒（3.00*1）",番茄牛肉意面+明星小食桶A,,,,非会员,12,,,依据餐量提供餐具,,118.00,42.34,64.50,0.00,0,0,4.01,0.00,3.50,【活动支出】店铺满减:6.00元+【活动支出】单品特价:50.50元+【活动支出】超级会员专享红包:8.00元+【活动支出】 商家自营销加码:0.00元+【活动支出】替用户承担配送费:3.5元,-,-,-,3.00,温州区域,温州加盟,,,否,-,平台配送
圣比萨（蟠凤店）,SBM00023,温州,"8018020254731918630	",饿了么,平台外卖,已完成,2025-10-21 16:57:46,2025-10-21 16:57:46,2025-10-21 16:57:46,饿了么支付-在线支付,,即时单,2025-10-21 16:57:46,10.22,自动出餐,1,否,"9英寸披萨随❤双拼[奥尔良+水果]（80.00*1）,餐盒（1.00*1）",双拼9寸【奥尔良口味9】+双拼9寸【缤纷水果口味9】,,,,非会员,13,,,1份餐具,,80.00,25.21,41.50,0.00,0,0,2.74,0.00,6.80,【活动支出】店铺满减:1.00元+【活动支出】首次光顾立减:1.00元+【活动支出】单品特价:39.50元+【活动支出】替用户承担配送费:6.0元,-,-,-,1.00,温州区域,温州加盟,,,否,-,平台配送
圣比萨（蟠凤店）,SBM00023,温州,"8028536088520645018	",饿了么,平台外卖,已完成,2025-10-21 17:14:25,2025-10-21 17:14:25,2025-10-21 17:14:25,饿了么支付-在线支付,,即时单,2025-10-21 17:14:25,10.12,自动出餐,1,否,"招牌肉酱意面（52.00*1）,餐盒（1.00*1）",招牌肉酱意面,,,,非会员,14,,,依据餐量提供餐具,,52.00,19.44,24.50,0.00,0,0,1.91,0.00,3.50,【活动支出】首次光顾立减:1.00元+【活动支出】单品特价:23.50元+【活动支出】替用户承担配送费:3.5元,-,-,-,1.00,温州区域,温州加盟,,,否,-,平台配送
圣比萨（蟠凤店）,SBM00023,温州,"8022440254649470225	",饿了么,平台外卖,已完成,2025-10-21 17:23:33,2025-10-21 17:23:33,2025-10-21 17:23:33,饿了么支付-在线支付,,即时单,2025-10-21 17:23:33,10.23,自动出餐,1,否,"7寸披萨一人食土豪餐[花果山披萨7寸+上校鸡块1份+小份薯条+芒果汁+常温]（70.00*1）,餐盒（2.00*1）",花果山披萨【7英寸(手拍)】+芒果汁,,,,非会员,15,,,依据餐量提供餐具,,70.00,17.31,44.50,0.00,0,0,1.84,0.00,5.60,【活动支出】首次光顾立减:1.00元+【活动支出】单品特价:34.50元+【活动支出】精准营销:1.00元+【活动支出】饿了么红包:8.00元+【活动支出】替用户承担配送费:5.6元,-,-,-,2.00,温州区域,温州加盟,,,否,-,平台配送
圣比萨（蟠凤店）,SBM00023,温州,"8020340254750736827	",饿了么,平台外卖,已完成,2025-10-21 17:33:21,2025-10-21 17:33:21,2025-10-21 17:33:21,饿了么支付-在线支付,,即时单,2025-10-21 17:33:21,12.22,自动出餐,1,否,"奥尔良烤鸡肉披萨-7英寸（经典手拍）[{""name"":""规格"",""value"":""7英寸（经典手拍）""}]（45.00*1）,餐盒（1.00*1）",新奥尔良烤鸡肉披萨,,,,非会员,16,,,依据餐量提供餐具,,45.00,10.22,28.10,0.00,0,0,1.43,0.00,4.50,【活动支出】单品特价:21.10元+【活动支出】 商家自营销加码:2.00元+【活动支出】饿了么红包:5.00元+【活动支出】替用户承担配送费:4.5元,-,-,-,1.00,温州区域,温州加盟,,,否,-,平台配送
圣比萨（蟠凤店）,SBM00023,温州,"8029430254666742178	",饿了么,平台外卖,已完成,2025-10-21 17:40:20,2025-10-21 17:40:20,2025-10-21 17:40:20,饿了么支付-在线支付,,即时单,2025-10-21 17:40:20,12.10,自动出餐,1,否,"任选焗饭4选1+小吃5选1+饮料[黑椒牛肉芝士焗饭+上校鸡块4个+芒果汁+常温]（57.00*1）,餐盒（2.00*1）",黑椒牛肉芝士焗饭+上校鸡块+芒果汁,,,,非会员,17,,,依据餐量提供餐具,,57.00,19.16,32.10,0.00,0,0,1.79,0.00,3.50,【活动支出】首次光顾立减:1.00元+【活动支出】单品特价:24.10元+【活动支出】饿了么红包:7.00元+【活动支出】替用户承担配送费:3.5元,-,-,-,2.00,温州区域,温州加盟,,,否,-,平台配送
圣比萨（蟠凤店）,SBM00023,温州,"8092696088591321487	",饿了么,平台外卖,已完成,2025-10-21 17:41:41,2025-10-21 17:41:41,2025-10-21 17:41:42,饿了么支付-在线支付,,即时单,2025-10-21 17:41:41,12.10,自动出餐,1,否,"【香蕉菠萝】7英寸缤纷水果披萨（42.00*1）,餐盒（1.00*1）",缤纷水果披萨【7英寸(手拍)】,,,,非会员,18,,,依据餐量提供餐具,,42.00,10.22,25.10,0.00,0,0,1.43,0.00,5.00,【活动支出】单品特价:18.10元+【活动支出】 商家自营销加码:2.00元+【活动支出】饿了么红包:5.00元+【活动支出】替用户承担配送费:5.0元,-,-,-,1.00,温州区域,温州加盟,,,否,-,平台配送
圣比萨（蟠凤店）,SBM00023,温州,"8013400254754610630	",饿了么,平台外卖,已完成,2025-10-21 17:41:49,2025-10-21 17:41:49,2025-10-21 17:41:49,饿了么支付-在线支付,,即时单,2025-10-21 17:41:49,12.10,自动出餐,1,否,"德州鸡肉串-1串[{""name"":""规格"",""value"":""1串""}]（7.00*2）,蛋挞一个（原味）（5.88*2）,【新客专享】川香脆皮翅根（1个）（12.00*1）,9英寸披萨随❤双拼[牛肉至尊+星选火腿]（80.00*1）,经典薯条（18.00*1）,餐盒（9.00*1）",蛋挞1个+川香脆皮大翅根【1个】+双拼9寸【牛魔王口味9】+双拼9寸【浪漫威尼斯口味9】+经典薯条,,,,非会员,19,,,依据餐量提供餐具,,135.76,50.41,76.61,0.00,0,0,4.89,0.00,5.00,【活动支出】店铺满减:6.00元+【活动支出】单品特价:10.01元+【活动支出】单品特价:39.50元+【活动支出】单品特价:9.10元+【活动支出】饿了么红包:12.00元+【活动支出】替用户承担配送费:5.0元,-,-,-,9.00,温州区域,温州加盟,,,否,-,平台配送
圣比萨（蟠凤店）,SBM00023,温州,"8037000254583567866	",饿了么,平台外卖,已完成,2025-10-21 17:50:16,2025-10-21 17:50:16,2025-10-21 17:50:16,饿了么支付-在线支付,,即时单,2025-10-21 17:50:16,12.17,自动出餐,1,否,"任选意面6选1+小吃5选1+饮料[黑椒牛肉意面+上校鸡块4个+橙汁+常温]（57.00*1）,餐盒（2.00*1）",黑椒牛肉意面+上校鸡块+芒果汁,,,,非会员,20,,,依据餐量提供餐具,,57.00,19.11,31.50,0.00,0,0,1.84,0.00,3.50,【活动支出】单品特价:24.50元+【活动支出】超级会员专享红包:5.00元+【活动支出】 商家自营销加码:2.00元+【活动支出】替用户承担配送费:3.5元,-,-,-,2.00,温州区域,温州加盟,,,否,-,平台配送
圣比萨（蟠凤店）,SBM00023,温州,"8024210254771215823	",饿了么,平台外卖,已完成,2025-10-21 18:02:35,2025-10-21 18:02:35,2025-10-21 18:02:36,饿了么支付-在线支付,,即时单,2025-10-21 18:02:35,12.20,自动出餐,1,否,"经典薯条（18.00*1）,【随心拼】7英寸披萨（口味自选）[碳烤培根+星选火腿]（54.00*1）,餐盒（2.00*1）",经典薯条,,,,非会员,21,,,无需餐具,,72.00,23.04,41.60,0.00,0,0,2.21,0.00,3.50,【活动支出】店铺满减:1.00元+【活动支出】单品特价:9.10元+【活动支出】单品特价:26.50元+【活动支出】饿了么红包:5.00元+【活动支出】替用户承担配送费:3.5元,-,-,-,2.00,温州区域,温州加盟,,,否,-,平台配送
圣比萨（蟠凤店）,SBM00023,温州,"8066586088601251172	",饿了么,平台外卖,已完成,2025-10-21 18:35:14,2025-10-21 18:35:14,2025-10-21 18:35:15,饿了么支付-在线支付,,即时单,2025-10-21 18:35:14,12.07,自动出餐,1,否,"奥尔良烤鸡肉披萨-7英寸（经典手拍）[{""name"":""规格"",""value"":""7英寸（经典手拍）""}]（45.00*1）,餐盒（1.00*1）",新奥尔良烤鸡肉披萨,,,,非会员,22,,,"对骑手, 不要打电话！！！ / 依据餐量提供餐具",,45.00,9.22,29.10,0.00,0,0,1.43,0.00,5.00,【活动支出】首次光顾立减:1.00元+【活动支出】单品特价:21.10元+【活动支出】饿了么红包:7.00元+【活动支出】替用户承担配送费:5.0元,-,-,-,1.00,温州区域,温州加盟,,,否,-,平台配送
圣比萨（蟠凤店）,SBM00023,温州,"8094270254704679340	",饿了么,平台外卖,已完成,2025-10-21 18:57:13,2025-10-21 18:57:13,2025-10-21 18:57:13,饿了么支付-在线支付,,即时单,2025-10-21 18:57:13,12.18,自动出餐,1,否,"奥尔良烤鸡肉披萨-12英寸（经典手拍）[{""name"":""规格"",""value"":""12英寸（经典手拍）""}]（98.00*1）,餐盒（1.00*1）",新奥尔良烤鸡肉披萨,,,,非会员,23,,,依据餐量提供餐具,,98.00,34.29,52.50,0.00,0,0,3.26,0.00,3.50,【活动支出】店铺满减:6.00元+【活动支出】单品特价:37.50元+【活动支出】饿了么红包:9.00元+【活动支出】替用户承担配送费:3.5元,-,-,-,1.00,温州区域,温州加盟,,,否,-,平台配送
圣比萨（蟠凤店）,SBM00023,温州,"8002746088600500669	",饿了么,平台外卖,已完成,2025-10-21 19:02:14,2025-10-21 19:02:14,2025-10-21 19:02:14,饿了么支付-在线支付,,即时单,2025-10-21 19:02:14,12.07,自动出餐,1,否,"香辣精选披萨-9英寸（经典手拍）[{""name"":""规格"",""value"":""9英寸（经典手拍）""}]（72.00*1）,餐盒（1.00*1）","香辣精选披萨-9英寸（经典手拍）[{""name"":""规格"",""value"":""9英寸（经典手拍）""}]+餐盒",,,,非会员,24,,,无需餐具,,72.00,26.24,36.50,0.00,0,0,2.51,0.00,3.50,【活动支出】首次光顾立减:1.00元+【活动支出】单品特价:35.50元+【活动支出】替用户承担配送费:3.5元,-,-,-,1.00,温州区域,温州加盟,,,否,-,平台配送
圣比萨（蟠凤店）,SBM00023,温州,"8096626088592008471	",饿了么,平台外卖,已完成,2025-10-21 19:22:06,2025-10-21 19:22:06,2025-10-21 19:22:06,饿了么支付-在线支付,,即时单,2025-10-21 19:22:06,12.22,自动出餐,1,否,"番茄牛肉意面（27.60*1）,餐盒（1.00*1）",番茄牛肉意面,,,,非会员,25,,,1份餐具,,27.60,9.22,11.70,0.00,0,0,1.43,0.00,4.50,【活动支出】单品特价:4.70元+【活动支出】 商家自营销加码:2.00元+【活动支出】饿了么红包:5.00元+【活动支出】替用户承担配送费:4.5元,-,-,-,1.00,温州区域,温州加盟,,,否,-,平台配送
圣比萨（蟠凤店）,SBM00023,温州,"8040400254822859080	",饿了么,平台外卖,已完成,2025-10-21 19:32:15,2025-10-21 19:32:15,2025-10-21 19:32:15,饿了么支付-在线支付,,即时单,2025-10-21 19:32:15,10.00,自动出餐,1,否,"个人独享DIY套餐(折扣价)[缤纷水果7寸+奥尔良烤翅+奶茶+常温]（59.00*1）,餐盒（2.00*1）",缤纷水果披萨【7英寸(手拍)】+奥尔良烤翅,,,,非会员,26,,,依据餐量提供餐具,,59.00,18.56,31.50,0.00,0,0,1.99,0.00,6.20,【活动支出】单品特价:23.50元+【活动支出】粉丝群:1.00元+【活动支出】饿了么红包:7.00元+【活动支出】替用户承担配送费:6.0元,-,-,-,2.00,温州区域,温州加盟,,,否,-,平台配送
圣比萨（蟠凤店）,SBM00023,温州,"8023996088626131230	",饿了么,平台外卖,已完成,2025-10-21 19:56:25,2025-10-21 19:56:25,2025-10-21 19:56:25,饿了么支付-在线支付,,即时单,2025-10-21 19:56:25,10.10,自动出餐,1,否,"奥尔良烤鸡肉披萨-7英寸（经典手拍）[{""name"":""规格"",""value"":""7英寸（经典手拍）""}]（45.00*1）,餐盒（1.00*1）",新奥尔良烤鸡肉披萨,,,,非会员,27,,,1份餐具,,45.00,10.12,29.10,0.00,0,0,1.43,0.00,3.50,【活动支出】首次光顾立减:1.00元+【活动支出】单品特价:21.10元+【活动支出】 商家自营销加码:2.00元+【活动支出】饿了么红包:5.00元+【活动支出】替用户承担配送费:3.5元,-,-,-,1.00,温州区域,温州加盟,,,否,-,平台配送
圣比萨（蟠凤店）,SBM00023,温州,"8019460254740695469	",饿了么,平台外卖,已完成,2025-10-21 20:27:29,2025-10-21 20:27:29,2025-10-21 20:27:29,饿了么支付-在线支付,,即时单,2025-10-21 20:27:29,10.05,自动出餐,1,否,"缤纷水果披萨-7英寸（经典手拍）[{""name"":""规格"",""value"":""7英寸（经典手拍）""}]（42.00*1）,餐盒（2.00*1）",缤纷水果披萨,,,,非会员,28,,,1份餐具,,42.00,14.12,22.50,0.00,0,0,1.43,0.00,3.50,【活动支出】单品特价:15.50元+【活动支出】 商家自营销加码:2.00元+【活动支出】饿了么红包:5.00元+【活动支出】淘金币:0.00元+【活动支出】替用户承担配送费:3.5元,-,-,-,2.00,温州区域,温州加盟,,,否,-,平台配送
圣比萨（蟠凤店）,SBM00023,温州,"8097100254768032024	",饿了么,平台外卖,已完成,2025-10-21 20:39:48,2025-10-21 20:39:48,2025-10-21 20:39:49,饿了么支付-在线支付,,即时单,2025-10-21 20:39:48,10.05,自动出餐,1,否,"圣比至尊披萨-7英寸（经典手拍）[{""name"":""规格"",""value"":""7英寸（经典手拍）""}]（45.00*1）,餐盒（1.00*1）",大圣招牌大满贯披萨,,,,非会员,29,,,依据餐量提供餐具,,45.00,16.34,21.50,0.00,0,0,1.61,0.00,4.00,【活动支出】单品特价:14.50元+【活动支出】饿了么红包:7.00元+【活动支出】替用户承担配送费:4.0元,-,-,-,1.00,温州区域,温州加盟,,,否,-,平台配送
圣比萨（蟠凤店）,SBM00023,温州,"8009626088658337242	",饿了么,平台外卖,已完成,2025-10-21 20:56:11,2025-10-21 20:56:11,2025-10-21 20:56:11,饿了么支付-在线支付,,即时单,2025-10-21 20:56:11,10.10,自动出餐,1,否,"碳烤鸡肉芝士焗饭（29.00*1）,餐盒（1.00*1）",碳烤鸡肉芝士焗饭,,,,非会员,30,,,依据餐量提供餐具,,29.00,14.12,8.50,0.00,0,0,1.43,0.00,3.50,【活动支出】首次光顾立减:1.00元+【活动支出】单品特价:0.50元+【活动支出】饿了么红包:7.00元+【活动支出】替用户承担配送费:3.5元,-,-,-,1.00,温州区域,温州加盟,,,否,-,平台配送
圣比萨（蟠凤店）,SBM00023,温州,"8058566088628080908	",饿了么,平台外卖,已完成,2025-10-21 21:05:45,2025-10-21 21:05:45,2025-10-21 21:05:45,饿了么支付-在线支付,,即时单,2025-10-21 21:05:45,10.08,自动出餐,1,否,"牛肉至尊披萨-9英寸（经典手拍）[{""name"":""规格"",""value"":""9英寸（经典手拍）""}]（78.00*1）,餐盒（1.00*1）",炙热牛魔王披萨,,,,非会员,31,,,依据餐量提供餐具,,78.00,21.71,47.50,0.00,0,0,2.14,0.00,6.10,【活动支出】店铺满减:1.00元+【活动支出】单品特价:37.50元+【活动支出】饿了么红包:9.00元+【活动支出】替用户承担配送费:6.0元,-,-,-,1.00,温州区域,温州加盟,,,否,-,平台配送
圣比萨（蟠凤店）,SBM00023,温州,"8090846088663927188	",饿了么,平台外卖,已完成,2025-10-21 21:13:59,2025-10-21 21:13:59,2025-10-21 21:13:59,饿了么支付-在线支付,,即时单,2025-10-21 21:13:59,10.02,自动出餐,1,否,"奥尔良烤鸡肉披萨-7英寸（经典手拍）[{""name"":""规格"",""value"":""7英寸（经典手拍）""}]（45.00*1）,餐盒（1.00*1）",新奥尔良烤鸡肉披萨,,,,非会员,32,,,依据餐量提供餐具,,45.00,10.62,27.50,0.00,0,0,1.43,0.00,5.60,【活动支出】首次光顾立减:1.00元+【活动支出】单品特价:19.50元+【活动支出】 商家自营销加码:2.00元+【活动支出】饿了么红包:5.00元+【活动支出】替用户承担配送费:5.6元,-,-,-,1.00,温州区域,温州加盟,,,否,-,平台配送
圣比萨（蟠凤店）,SBM00023,温州,"8013876088636648817	",饿了么,平台外卖,已完成,2025-10-21 21:37:50,2025-10-21 21:37:50,2025-10-21 21:37:50,饿了么支付-在线支付,,即时单,2025-10-21 21:37:50,10.23,自动出餐,1,否,"奥尔良烤鸡肉披萨-7英寸（经典手拍）[{""name"":""规格"",""value"":""7英寸（经典手拍）""}]（45.00*1）,餐盒（1.00*1）",新奥尔良烤鸡肉披萨,,,,非会员,33,,,依据餐量提供餐具,,45.00,10.62,27.50,0.00,0,0,1.43,0.00,5.60,【活动支出】首次光顾立减:1.00元+【活动支出】单品特价:19.50元+【活动支出】 商家自营销加码:2.00元+【活动支出】饿了么红包:5.00元+【活动支出】替用户承担配送费:5.6元,-,-,-,1.00,温州区域,温州加盟,,,否,-,平台配送
圣比萨（蟠凤店）,SBM00023,温州,"8037646088698423687	",饿了么,平台外卖,已完成,2025-10-21 22:22:16,2025-10-21 22:22:16,2025-10-21 22:22:16,饿了么支付-在线支付,,即时单,2025-10-21 22:22:16,10.17,自动出餐,1,否,"【香蕉菠萝】7英寸缤纷水果披萨（42.00*1）,餐盒（1.00*1）",缤纷水果披萨【7英寸(手拍)】,,,,非会员,34,,,依据餐量提供餐具,,42.00,10.62,25.10,0.00,0,0,1.43,0.00,6.10,【活动支出】单品特价:18.10元+【活动支出】 商家自营销加码:2.00元+【活动支出】饿了么红包:5.00元+【活动支出】替用户承担配送费:6.0元,-,-,-,1.00,温州区域,温州加盟,,,否,-,平台配送
圣比萨（蟠凤店）,SBM00023,温州,"8061876088708418930	",饿了么,平台外卖,已完成,2025-10-21 22:58:20,2025-10-21 22:58:20,2025-10-21 22:58:20,饿了么支付-在线支付,,即时单,2025-10-21 22:58:20,10.15,自动出餐,1,否,"肉酱培根披萨-7英寸（经典手拍）[{""name"":""规格"",""value"":""7英寸（经典手拍）""}]（45.00*1）,餐盒（1.00*1）",肉酱培根披萨,,,,非会员,35,,,依据餐量提供餐具,,45.00,14.59,23.50,0.00,0,0,1.46,0.00,5.60,【活动支出】单品特价:16.50元+【活动支出】饿了么红包:7.00元+【活动支出】替用户承担配送费:5.6元,-,-,-,1.00,温州区域,温州加盟,,,否,-,平台配送
圣比萨（蟠凤店）,SBM00023,温州,"8013646088691825950	",饿了么,平台外卖,已完成,2025-10-21 23:21:49,2025-10-21 23:21:49,2025-10-21 23:21:49,饿了么支付-在线支付,,即时单,2025-10-21 23:21:49,10.22,自动出餐,1,否,"任选披萨8选1+小吃6选1+饮料[星选火腿披萨7英寸+上校鸡块4个+芒果汁+常温]（65.00*1）,餐盒（2.00*1）",上校鸡块+芒果汁,,,,非会员,36,,,依据餐量提供餐具,,65.00,16.81,42.10,0.00,0,0,1.64,0.00,5.60,【活动支出】首次光顾立减:1.00元+【活动支出】单品特价:33.10元+【活动支出】粉丝群:1.00元+【活动支出】饿了么红包:7.00元+【活动支出】替用户承担配送费:5.6元,-,-,-,2.00,温州区域,温州加盟,,,否,-,平台配送
圣比萨（蟠凤店）,SBM00023,温州,"8046866088659477921	",饿了么,平台外卖,已完成,2025-10-21 23:36:29,2025-10-21 23:36:29,2025-10-21 23:36:29,饿了么支付-在线支付,,即时单,2025-10-21 23:36:29,10.15,自动出餐,1,否,"可乐（听装）[冰]（6.00*1）,香辣精选披萨-12英寸（经典手拍）[{""name"":""规格"",""value"":""12英寸（经典手拍）""}]（98.00*1）,餐盒（1.00*1）",可乐,,,,非会员,37,,,依据餐量提供餐具,,104.00,34.71,57.50,0.00,0,0,3.34,0.00,5.60,【活动支出】店铺满减:6.00元+【活动支出】单品特价:1.00元+【活动支出】单品特价:41.50元+【活动支出】饿了么红包:9.00元+【活动支出】替用户承担配送费:5.6元,-,-,-,1.00,温州区域,温州加盟,,,否,-,平台配送
圣比萨（玉环陈屿店）,SBM00037,台州,"8069100254469776651	",饿了么,平台外卖,已完成,2025-10-21 10:37:19,2025-10-21 10:37:19,2025-10-21 10:37:20,饿了么支付-在线支付,,即时单,2025-10-21 10:37:19,13.08,自动出餐,1,否,"蛋挞（5.90*1）,【任选】一人食盒子披萨随心配（29.90*1）,大圣鸡排[孜然]（6.90*1）,餐盒（4.00*1）",蛋挞+小可乐+日式烧鸟风味一人食盒子披萨+上校鸡块+大圣鸡排,,,,非会员,1,,,无需餐具,,42.70,28.28,8.00,0.00,0,0,2.62,0.00,2.30,【活动支出】店铺满减:1.00元+【活动支出】下单返红包:2.00元+【活动支出】饿了么红包:5.00元+【活动支出】替用户承担配送费:2.3元,-,-,-,4.00,台州区域,台州加盟,,,否,-,平台配送
圣比萨（玉环陈屿店）,SBM00037,台州,"8083300254447803808	",饿了么,平台外卖,已完成,2025-10-21 10:41:38,2025-10-21 10:41:38,2025-10-21 10:41:38,饿了么支付-在线支付,,即时单,2025-10-21 10:41:38,13.03,自动出餐,1,否,"【随心❤️拼】7英寸双拼披萨（口味自选）[日系照烧鸡+碳烤鸡肉培根]（27.90*1）,蛋挞一个（3.90*1）,点击右上角❤️免费得小吃（限一份，多点不送）[上校鸡块2个]（0.20*1）,餐盒（2.00*1）",双拼7寸【日系照烧口味7】+双拼7寸【碳烤鸡肉培根口味7】+蛋挞1个+上校鸡块2个,,,,非会员,2,,,1份餐具,,32.00,18.68,7.91,0.00,0,0,1.71,0.00,2.30,【活动支出】首次光顾立减:1.00元+【活动支出】单品特价:1.91元+【活动支出】饿了么红包:5.00元+【活动支出】替用户承担配送费:2.3元,-,-,-,2.00,台州区域,台州加盟,,,否,-,平台配送
圣比萨（玉环陈屿店）,SBM00037,台州,"8013886088360536325	",饿了么,平台外卖,已完成,2025-10-21 10:51:58,2025-10-21 10:51:58,2025-10-21 10:51:58,饿了么支付-在线支付,,即时单,2025-10-21 10:51:58,13.03,自动出餐,1,否,"【任选】买一送一7英寸披萨（62.50*1）,美式香骨鸡（8.90*1）,明星小食桶任选3（14.90*1）,经典薯条（8.90*1）,餐盒（5.00*1）",金沙咸蛋黄嫩鸡披萨(7英寸(手拍))+海苔肉松披萨(7英寸(手拍))+美式香骨鸡+深海墨鱼丸(3个)+深海墨鱼丸(3个)+上校鸡块+经典薯条,,,,非会员,3,,,依据餐量提供餐具,,95.20,69.14,11.00,0.00,0,0,6.26,0.00,2.30,【活动支出】店铺满减:4.00元+【活动支出】下单返红包:2.00元+【活动支出】饿了么红包:5.00元+【活动支出】替用户承担配送费:2.3元,-,-,-,5.00,台州区域,台州加盟,,,否,-,平台配送
圣比萨（玉环陈屿店）,SBM00037,台州,"8086490254551045512	",饿了么,平台外卖,已完成,2025-10-21 10:52:32,2025-10-21 10:52:32,2025-10-21 10:52:33,饿了么支付-在线支付,,即时单,2025-10-21 10:52:32,13.05,自动出餐,1,否,"️【任选】意面随心配（33.80*1）,餐盒（2.00*1）",柠檬茶+深海墨鱼丸(3个)+招牌肉酱意面,,,,非会员,4,,,依据餐量提供餐具,,33.80,21.42,6.00,0.00,0,0,1.98,0.00,2.30,【活动支出】首次光顾立减:1.00元+【活动支出】饿了么红包:5.00元+【活动支出】替用户承担配送费:2.3元,-,-,-,2.00,台州区域,台州加盟,,,否,-,平台配送
圣比萨（玉环陈屿店）,SBM00037,台州,"8093220254587465987	",饿了么,平台外卖,已完成,2025-10-21 11:20:44,2025-10-21 11:20:44,2025-10-21 11:20:44,饿了么支付-在线支付,,即时单,2025-10-21 11:20:44,14.00,自动出餐,1,否,"新奥尔良烤鸡肉披萨-9英寸(手拍)[{""name"":""规格"",""value"":""9英寸(手拍)""}]（33.90*1）,奶酪芝士卷边（9英寸）（6.90*1）,餐盒（2.00*1）",新奥尔良烤鸡肉披萨+奶酪芝士卷边9,,,,非会员,5,,,依据餐量提供餐具,,40.80,26.29,7.00,0.00,0,0,2.41,0.00,2.30,【活动支出】店铺满减:1.00元+【活动支出】首次光顾立减:1.00元+【活动支出】饿了么红包:5.00元+【活动支出】替用户承担配送费:2.3元,-,-,-,2.00,台州区域,台州加盟,,,否,-,平台配送
圣比萨（玉环陈屿店）,SBM00037,台州,"8061310254441094530	",饿了么,平台外卖,已完成,2025-10-21 11:55:50,2025-10-21 11:55:50,2025-10-21 11:55:50,饿了么支付-在线支付,,即时单,2025-10-21 11:55:50,14.03,自动出餐,1,否,"【随心❤️拼】7英寸双拼披萨（口味自选）[日系照烧鸡+花果山]（27.90*1）,红薯薯泥流心卷边（7英寸）（4.90*1）,蛋挞一个（3.90*1）,餐盒（2.00*1）",双拼7寸【日系照烧口味7】+双拼7寸【花果山口味7】+红薯泥流心卷边7+蛋挞1个,,,,非会员,6,,,依据餐量提供餐具,,36.70,22.34,7.91,0.00,0,0,2.05,0.00,2.30,【活动支出】首次光顾立减:1.00元+【活动支出】单品特价:1.91元+【活动支出】饿了么红包:5.00元+【活动支出】替用户承担配送费:2.3元,-,-,-,2.00,台州区域,台州加盟,,,否,-,平台配送
圣比萨（玉环陈屿店）,SBM00037,台州,"8040906088472638785	",饿了么,平台外卖,已完成,2025-10-21 13:14:48,2025-10-21 13:14:48,2025-10-21 13:14:49,饿了么支付-在线支付,,即时单,2025-10-21 13:14:48,14.22,自动出餐,1,否,"奶酪芝士披萨-9英寸(手拍)[{""name"":""规格"",""value"":""9英寸(手拍)""}]（33.90*1）,餐盒（2.00*1）",奶酪芝士披萨,,,,非会员,7,,,1份餐具,,33.90,21.51,6.00,0.00,0,0,1.99,0.00,2.30,【活动支出】首次光顾立减:1.00元+【活动支出】饿了么红包:5.00元+【活动支出】替用户承担配送费:2.3元,-,-,-,2.00,台州区域,台州加盟,,,否,-,平台配送
圣比萨（玉环陈屿店）,SBM00037,台州,"8000776088528595290	",饿了么,平台外卖,已完成,2025-10-21 15:06:19,2025-10-21 15:06:19,2025-10-21 15:06:19,饿了么支付-在线支付,,即时单,2025-10-21 15:06:19,13.23,自动出餐,1,否,"【随心❤️拼】7英寸双拼披萨（口味自选）[新奥尔良烤鸡肉+新奥尔良烤鸡肉]（27.90*1）,柠檬茶[冷]（7.00*2）,咸蛋黄风味流沙卷边（7英寸）（4.90*1）,餐盒（2.00*1）",双拼7寸【奥尔良口味7】+双拼7寸【奥尔良口味7】+柠檬茶+咸蛋黄流沙卷边7,,,,非会员,8,,,依据餐量提供餐具,,46.80,35.20,2.00,0.00,0,0,3.20,0.00,2.30,【活动支出】店铺满减:1.00元+【活动支出】首次光顾立减:1.00元+【活动支出】替用户承担配送费:2.3元,-,-,-,2.00,台州区域,台州加盟,,,否,-,平台配送
圣比萨（玉环陈屿店）,SBM00037,台州,"8049360254517677468	",饿了么,平台外卖,已完成,2025-10-21 15:06:55,2025-10-21 15:06:55,2025-10-21 15:06:55,饿了么支付-在线支付,,即时单,2025-10-21 15:06:55,13.08,自动出餐,1,否,"大圣小鸡肉串（9.90*1）,【任选】一人食盒子披萨随心配（29.90*1）,餐盒（3.00*1）",大圣小鸡肉串（20串）+小可乐+奥尔良风情烤鸡肉一人食盒子披萨+上校鸡块,,,,非会员,9,,,鸡肉串只要孜然 然后披萨上不要青椒和青豆 / 依据餐量提供餐具,,39.80,23.28,11.00,0.00,0,0,2.12,0.00,2.30,【活动支出】店铺满减:1.00元+【活动支出】精准营销:5.00元+【活动支出】饿了么红包:5.00元+【活动支出】替用户承担配送费:2.3元,-,-,-,3.00,台州区域,台州加盟,,,否,-,平台配送
圣比萨（玉环陈屿店）,SBM00037,台州,"8093596088519181654	",饿了么,平台外卖,已完成,2025-10-21 15:45:37,2025-10-21 15:45:37,2025-10-21 15:45:37,饿了么支付-在线支付,,即时单,2025-10-21 15:45:37,13.15,自动出餐,1,否,"【随心❤️拼】7英寸双拼披萨（口味自选）[新奥尔良烤鸡肉+碳烤鸡肉培根]（27.90*1）,餐盒（2.00*1）",双拼7寸【奥尔良口味7】+双拼7寸【碳烤鸡肉培根口味7】,,,,非会员,10,,,依据餐量提供餐具,,27.90,16.64,6.00,0.00,0,0,1.56,0.00,2.30,【活动支出】首次光顾立减:1.00元+【活动支出】饿了么红包:5.00元+【活动支出】替用户承担配送费:2.3元,-,-,-,2.00,台州区域,台州加盟,,,否,-,平台配送
圣比萨（玉环陈屿店）,SBM00037,台州,"8055170254532246864	",饿了么,平台外卖,已完成,2025-10-21 15:59:22,2025-10-21 15:59:22,2025-10-21 15:59:23,饿了么支付-在线支付,,即时单,2025-10-21 15:59:22,11.18,手动出餐,1,否,"【任选】披萨随心配（31.90*1）,餐盒（2.00*1）",小可乐+奶酪芝士披萨(7英寸(手拍))+深海墨鱼丸(3个),,,,非会员,11,,,依据餐量提供餐具,,31.90,19.66,6.00,0.00,0,0,1.84,0.00,2.30,【活动支出】首次光顾立减:1.00元+【活动支出】饿了么红包:5.00元+【活动支出】替用户承担配送费:2.3元,-,-,-,2.00,台州区域,台州加盟,,,否,-,平台配送
圣比萨（玉环陈屿店）,SBM00037,台州,"8090676088548574690	",饿了么,平台外卖,已完成,2025-10-21 16:18:25,2025-10-21 16:18:25,2025-10-21 16:18:25,饿了么支付-在线支付,,即时单,2025-10-21 16:18:25,11.28,手动出餐,1,否,"【随心❤️拼】7英寸双拼披萨（口味自选）[新奥尔良烤鸡肉+日系照烧鸡]（27.90*1）,蛋挞一个（3.90*1）,点击右上角❤️免费得小吃（限一份，多点不送）[上校鸡块2个]（0.20*1）,餐盒（2.00*1）",双拼7寸【奥尔良口味7】+双拼7寸【日系照烧口味7】+蛋挞1个+上校鸡块2个,,,,非会员,12,,,依据餐量提供餐具,,32.00,18.68,7.91,0.00,0,0,1.71,0.00,2.30,【活动支出】首次光顾立减:1.00元+【活动支出】单品特价:1.91元+【活动支出】饿了么红包:5.00元+【活动支出】替用户承担配送费:2.3元,-,-,-,2.00,台州区域,台州加盟,,,否,-,平台配送
圣比萨（玉环陈屿店）,SBM00037,台州,"8053180254642973140	",饿了么,平台外卖,已退款,2025-10-21 16:19:53,2025-10-21 16:19:53,2025-10-21 16:19:53,饿了么支付-在线支付,,即时单,2025-10-21 16:19:53,,未出餐,1,否,"奶酪芝士卷边（7英寸）（4.90*1）,榴莲王披萨-7英寸(手拍)[{""name"":""规格"",""value"":""7英寸(手拍)""}]（33.90*1）,餐盒（2.00*1）",奶酪芝士卷边7+榴莲王披萨,,,,非会员,13,,,2份餐具,"餐厅同意取消单 ",38.80,1.63,7.00,22.80,0,0,2.27,0.00,2.30,【活动支出】店铺满减:1.00元+【活动支出】首次光顾立减:1.00元+【活动支出】饿了么红包:5.00元+【活动支出】替用户承担配送费:2.3元,-,-,-,2.00,台州区域,台州加盟,,,否,-,平台配送
圣比萨（玉环陈屿店）,SBM00037,台州,"8053180254642880874	",饿了么,平台外卖,已完成,2025-10-21 16:23:07,2025-10-21 16:23:07,2025-10-21 16:23:07,饿了么支付-在线支付,,即时单,2025-10-21 16:23:07,11.07,手动出餐,1,否,"榴莲王披萨-7英寸(手拍)[{""name"":""规格"",""value"":""7英寸(手拍)""}]（33.90*1）,餐盒（2.00*1）",榴莲王披萨,,,,非会员,14,,,2份餐具,,33.90,21.51,6.00,0.00,0,0,1.99,0.00,2.30,【活动支出】首次光顾立减:1.00元+【活动支出】饿了么红包:5.00元+【活动支出】替用户承担配送费:2.3元,-,-,-,2.00,台州区域,台州加盟,,,否,-,平台配送
圣比萨（玉环陈屿店）,SBM00037,台州,"8054756088554034548	",饿了么,平台外卖,已完成,2025-10-21 16:23:30,2025-10-21 16:23:30,2025-10-21 16:23:31,饿了么支付-在线支付,,即时单,2025-10-21 16:23:30,13.17,自动出餐,1,否,"奶酪芝士卷边（7英寸）（4.90*1）,西域肉酱披萨-7英寸(手拍)[{""name"":""规格"",""value"":""7英寸(手拍)""}]（29.90*1）,餐盒（2.00*1）",奶酪芝士卷边7+西域肉酱披萨,,,,非会员,15,,,依据餐量提供餐具,,34.80,22.35,6.00,0.00,0,0,2.05,0.00,2.30,【活动支出】首次光顾立减:1.00元+【活动支出】饿了么红包:5.00元+【活动支出】替用户承担配送费:2.3元,-,-,-,2.00,台州区域,台州加盟,,,否,-,平台配送
圣比萨（玉环陈屿店）,SBM00037,台州,"8045876088530764263	",饿了么,平台外卖,已完成,2025-10-21 16:32:08,2025-10-21 16:32:08,2025-10-21 16:32:08,饿了么支付-在线支付,,即时单,2025-10-21 16:32:08,11.23,手动出餐,1,否,"奶酪芝士卷边（7英寸）（4.90*1）,大圣招牌大满贯披萨-7英寸(手拍)[{""name"":""规格"",""value"":""7英寸(手拍)""}]（33.90*1）,餐盒（2.00*1）",奶酪芝士卷边7+大圣招牌大满贯披萨,,,,非会员,16,,,依据餐量提供餐具,,38.80,24.43,7.00,0.00,0,0,2.27,0.00,2.30,【活动支出】店铺满减:1.00元+【活动支出】首次光顾立减:1.00元+【活动支出】饿了么红包:5.00元+【活动支出】替用户承担配送费:2.3元,-,-,-,2.00,台州区域,台州加盟,,,否,-,平台配送
圣比萨（玉环陈屿店）,SBM00037,台州,"8017976088501027201	",饿了么,平台外卖,已完成,2025-10-21 16:48:39,2025-10-21 16:48:39,2025-10-21 16:48:39,饿了么支付-在线支付,,即时单,2025-10-21 16:48:39,13.12,自动出餐,1,否,"【随心❤️拼】7英寸双拼披萨（口味自选）[新奥尔良烤鸡肉+玉米沙拉]（27.90*1）,点击右上角❤️免费得小吃（限一份，多点不送）[上校鸡块2个]（0.20*1）,餐盒（2.00*1）",双拼7寸【奥尔良口味7】+双拼7寸【玉米沙拉口味7】+上校鸡块2个,,,,非会员,17,,,依据餐量提供餐具,,28.10,16.83,6.00,0.00,0,0,1.57,0.00,2.30,【活动支出】首次光顾立减:1.00元+【活动支出】饿了么红包:5.00元+【活动支出】替用户承担配送费:2.3元,-,-,-,2.00,台州区域,台州加盟,,,否,-,平台配送
圣比萨（玉环陈屿店）,SBM00037,台州,"8097150254730668424	",饿了么,平台外卖,已完成,2025-10-21 16:54:12,2025-10-21 16:54:12,2025-10-21 16:54:12,饿了么支付-在线支付,,即时单,2025-10-21 16:54:12,13.07,自动出餐,1,否,"【任选】披萨随心配（31.90*1）,餐盒（2.00*1）",小可乐+新奥尔良烤鸡肉披萨(7英寸(手拍))+地道肠1根,,,,非会员,18,,,1份餐具,,31.90,19.21,6.00,0.00,0,0,1.79,0.00,3.30,【活动支出】首次光顾立减:1.00元+【活动支出】饿了么红包:5.00元+【活动支出】替用户承担配送费:3.3元,-,-,-,2.00,台州区域,台州加盟,,,否,-,平台配送
圣比萨（玉环陈屿店）,SBM00037,台州,"8076150254735288697	",饿了么,平台外卖,已完成,2025-10-21 16:54:36,2025-10-21 16:54:36,2025-10-21 16:54:37,饿了么支付-在线支付,,即时单,2025-10-21 16:54:36,13.00,自动出餐,1,否,"榴莲王披萨-7英寸(手拍)[{""name"":""规格"",""value"":""7英寸(手拍)""}]（33.90*1）,餐盒（2.00*1）",榴莲王披萨,,,,非会员,19,,,2份餐具,,33.90,21.51,6.00,0.00,0,0,1.99,0.00,2.30,【活动支出】首次光顾立减:1.00元+【活动支出】饿了么红包:5.00元+【活动支出】替用户承担配送费:2.3元,-,-,-,2.00,台州区域,台州加盟,,,否,-,平台配送
圣比萨（玉环陈屿店）,SBM00037,台州,"8073260254549021118	",饿了么,平台外卖,已完成,2025-10-21 16:56:09,2025-10-21 16:56:09,2025-10-21 16:56:09,饿了么支付-在线支付,,即时单,2025-10-21 16:56:09,13.07,自动出餐,1,否,"柠檬茶[冷]（7.00*1）,新奥尔良烤鸡肉披萨-7英寸(手拍)[{""name"":""规格"",""value"":""7英寸(手拍)""}]（25.90*1）,红薯薯泥流心卷边（7英寸）（4.90*1）,餐盒（2.00*1）",柠檬茶+新奥尔良烤鸡肉披萨+红薯泥流心卷边7,,,,非会员,20,,,依据餐量提供餐具,,37.80,23.05,7.00,0.00,0,0,2.15,0.00,3.30,【活动支出】店铺满减:1.00元+【活动支出】首次光顾立减:1.00元+【活动支出】饿了么红包:0.00元+【活动支出】饿了么红包:5.00元+【活动支出】替用户承担配送费:3.3元,-,-,-,2.00,台州区域,台州加盟,,,否,-,平台配送
圣比萨（玉环陈屿店）,SBM00037,台州,"8090866088590414215	",饿了么,平台外卖,已完成,2025-10-21 17:34:22,2025-10-21 17:34:22,2025-10-21 17:34:22,饿了么支付-在线支付,,即时单,2025-10-21 17:34:22,14.02,自动出餐,1,否,"大圣拉丝芝士棒（8.90*1）,【任选】披萨随心配（40.70*1）,大圣鸡排[孜然]（6.90*1）,餐盒（4.00*1）",大圣拉丝芝士棒+小可乐+西域肉酱披萨(7英寸(手拍))+地道肠1根+大圣鸡排,,,,非会员,21,,,依据餐量提供餐具,,56.50,35.25,13.00,0.00,0,0,3.25,0.00,2.30,【活动支出】店铺满减:6.00元+【活动支出】下单返红包:2.00元+【活动支出】饿了么红包:5.00元+【活动支出】替用户承担配送费:2.3元,-,-,-,4.00,台州区域,台州加盟,,,否,-,平台配送
圣比萨（玉环陈屿店）,SBM00037,台州,"8011626088598634765	",饿了么,平台外卖,已完成,2025-10-21 17:51:29,2025-10-21 17:51:29,2025-10-21 17:51:29,饿了么支付-在线支付,,即时单,2025-10-21 17:51:29,14.15,自动出餐,1,否,"【任选】披萨随心配（31.90*1）,餐盒（2.00*1）",小可乐+日系照烧鸡披萨(7英寸(手拍))+蛋挞,,,,非会员,22,,,依据餐量提供餐具,,31.90,19.66,6.00,0.00,0,0,1.84,0.00,2.30,【活动支出】首次光顾立减:1.00元+【活动支出】饿了么红包:5.00元+【活动支出】替用户承担配送费:2.3元,-,-,-,2.00,台州区域,台州加盟,,,否,-,平台配送
圣比萨（玉环陈屿店）,SBM00037,台州,"8050736088545662375	",饿了么,平台外卖,已完成,2025-10-21 18:02:09,2025-10-21 18:02:09,2025-10-21 18:02:09,饿了么支付-在线支付,,即时单,2025-10-21 18:02:09,14.15,自动出餐,1,否,"【任选】披萨随心配（35.80*1）,餐盒（2.00*1）",小可乐+炙热牛魔王披萨(7英寸(手拍))+地道肠1根,,,,非会员,23,,,依据餐量提供餐具,,35.80,22.35,7.00,0.00,0,0,2.05,0.00,2.30,【活动支出】下单返红包:2.00元+【活动支出】饿了么红包:5.00元+【活动支出】替用户承担配送费:2.3元,-,-,-,2.00,台州区域,台州加盟,,,否,-,平台配送
圣比萨（玉环陈屿店）,SBM00037,台州,"8020576088586341741	",饿了么,平台外卖,已完成,2025-10-21 18:07:18,2025-10-21 18:07:18,2025-10-21 18:07:18,饿了么支付-在线支付,,即时单,2025-10-21 18:07:18,14.22,自动出餐,1,否,"美式香骨鸡（8.90*1）,红薯薯泥流心卷边（9英寸）（6.90*1）,蛋挞一个（3.90*1）,【随心❤️拼】9英寸双拼披萨（口味自选）[新奥尔良烤鸡肉+浪漫威尼斯]（37.90*1）,点击右上角❤️免费得小吃（限一份，多点不送）[上校鸡块2个]（0.20*1）,餐盒（3.00*1）",美式香骨鸡+红薯泥流心卷边9+蛋挞1个+双拼9寸【奥尔良口味9】+双拼9寸【浪漫威尼斯口味9】+上校鸡块2个,,,,非会员,24,,,依据餐量提供餐具,,57.80,38.39,9.91,0.00,0,0,3.50,0.00,2.30,【活动支出】店铺满减:1.00元+【活动支出】单品特价:1.91元+【活动支出】下单返红包:2.00元+【活动支出】饿了么红包:5.00元+【活动支出】替用户承担配送费:2.3元,-,-,-,3.00,台州区域,台州加盟,,,否,-,平台配送
圣比萨（玉环陈屿店）,SBM00037,台州,"8015786088560643547	",饿了么,平台外卖,已完成,2025-10-21 18:26:35,2025-10-21 18:26:35,2025-10-21 18:26:36,饿了么支付-在线支付,,即时单,2025-10-21 18:26:35,14.12,自动出餐,1,否,"️【任选】意面随心配（34.80*1）,点击右上角❤️免费得小吃（限一份，多点不送）[上校鸡块2个]（0.20*1）,餐盒（2.00*1）",小可乐+奥尔良烤翅+招牌肉酱意面+上校鸡块2个,,,,非会员,25,,,不要香菜 / 依据餐量提供餐具,,35.00,22.53,6.00,0.00,0,0,2.07,0.00,2.30,【活动支出】首次光顾立减:1.00元+【活动支出】饿了么红包:5.00元+【活动支出】替用户承担配送费:2.3元,-,-,-,2.00,台州区域,台州加盟,,,否,-,平台配送
圣比萨（玉环陈屿店）,SBM00037,台州,"8014350254804543953	",饿了么,平台外卖,已完成,2025-10-21 18:50:15,2025-10-21 18:50:15,2025-10-21 18:50:15,饿了么支付-在线支付,,即时单,2025-10-21 18:50:15,14.08,"初始值, 无意义",1,否,"【任选】披萨随心配（31.90*1）,点击右上角❤️免费得小吃（限一份，多点不送）[上校鸡块2个]（0.20*1）,餐盒（2.00*1）",小可乐+日系照烧鸡披萨(7英寸(手拍))+地道肠1根+上校鸡块2个,,,,非会员,26,,,依据餐量提供餐具,,32.10,19.84,6.00,0.00,0,0,1.86,0.00,2.30,【活动支出】首次光顾立减:1.00元+【活动支出】饿了么红包:5.00元+【活动支出】淘金币:0.00元+【活动支出】替用户承担配送费:2.3元,-,-,-,2.00,台州区域,台州加盟,,,否,-,平台配送
圣比萨（玉环陈屿店）,SBM00037,台州,"8048160254806925708	",饿了么,平台外卖,已完成,2025-10-21 18:57:26,2025-10-21 18:57:26,2025-10-21 18:57:26,饿了么支付-在线支付,,即时单,2025-10-21 18:57:26,14.03,"初始值, 无意义",1,否,"新奥尔良烤鸡肉披萨-7英寸(手拍)[{""name"":""规格"",""value"":""7英寸(手拍)""}]（25.90*1）,餐盒（2.00*1）",新奥尔良烤鸡肉披萨,,,,非会员,27,,,2份餐具,,25.90,15.49,6.00,0.00,0,0,1.41,0.00,2.30,【活动支出】首次光顾立减:1.00元+【活动支出】饿了么红包:5.00元+【活动支出】替用户承担配送费:2.3元,-,-,-,2.00,台州区域,台州加盟,,,否,-,平台配送
圣比萨（玉环陈屿店）,SBM00037,台州,"8011380254628034905	",饿了么,平台外卖,已完成,2025-10-21 19:09:44,2025-10-21 19:09:44,2025-10-21 19:09:44,饿了么支付-在线支付,,即时单,2025-10-21 19:09:44,14.00,自动出餐,1,否,"咸蛋黄风味流沙卷边（7英寸）（4.90*1）,新奥尔良烤鸡肉披萨-7英寸(手拍)[{""name"":""规格"",""value"":""7英寸(手拍)""}]（25.90*1）,餐盒（2.00*1）",咸蛋黄流沙卷边7+新奥尔良烤鸡肉披萨,,,,非会员,28,,,依据餐量提供餐具,,30.80,19.56,5.00,0.00,0,0,1.84,0.00,2.30,【活动支出】饿了么红包:5.00元+【活动支出】替用户承担配送费:2.3元,-,-,-,2.00,台州区域,台州加盟,,,否,-,平台配送
圣比萨（玉环陈屿店）,SBM00037,台州,"8057030254653243783	",饿了么,平台外卖,已完成,2025-10-21 20:03:16,2025-10-21 20:03:16,2025-10-21 20:03:17,饿了么支付-在线支付,,即时单,2025-10-21 20:03:16,13.12,自动出餐,1,否,"新奥尔良烤鸡肉披萨-9英寸(手拍)[{""name"":""规格"",""value"":""9英寸(手拍)""}]（33.90*1）,餐盒（2.00*1）",新奥尔良烤鸡肉披萨,,,,非会员,29,,,依据餐量提供餐具,,33.90,22.44,5.00,0.00,0,0,2.06,0.00,2.30,【活动支出】饿了么红包:5.00元+【活动支出】替用户承担配送费:2.3元,-,-,-,2.00,台州区域,台州加盟,,,否,-,平台配送
圣比萨（玉环陈屿店）,SBM00037,台州,"8027160254660562407	",饿了么,平台外卖,已完成,2025-10-21 20:24:25,2025-10-21 20:24:25,2025-10-21 20:24:25,饿了么支付-在线支付,,即时单,2025-10-21 20:24:25,11.25,手动出餐,1,否,"【任选】一人食盒子披萨随心配（34.70*1）,餐盒（2.00*1）",柠檬茶+热带雨林水果一人食盒子披萨+奥尔良烤翅,,,,非会员,30,,,1份餐具,,34.70,22.26,6.00,0.00,0,0,2.04,0.00,2.30,【活动支出】首次光顾立减:1.00元+【活动支出】饿了么红包:5.00元+【活动支出】替用户承担配送费:2.3元,-,-,-,2.00,台州区域,台州加盟,,,否,-,平台配送
圣比萨（玉环陈屿店）,SBM00037,台州,"8006050254848543080	",饿了么,平台外卖,已完成,2025-10-21 20:51:28,2025-10-21 20:51:28,2025-10-21 20:51:28,饿了么支付-在线支付,,即时单,2025-10-21 20:51:28,13.13,自动出餐,1,否,"【任选】一人食盒子披萨随心配（29.90*1）,餐盒（2.00*1）",小可乐+奥尔良风情烤鸡肉一人食盒子披萨+地道肠1根,,,,非会员,31,,,依据餐量提供餐具,,29.90,19.43,5.00,0.00,0,0,1.77,0.00,2.30,【活动支出】饿了么红包:5.00元+【活动支出】替用户承担配送费:2.3元,-,-,-,2.00,台州区域,台州加盟,,,否,-,平台配送
圣比萨（玉环陈屿店）,SBM00037,台州,"8076626088650637752	",饿了么,平台外卖,已完成,2025-10-21 21:14:05,2025-10-21 21:14:05,2025-10-21 21:14:05,饿了么支付-在线支付,,即时单,2025-10-21 21:14:05,13.03,自动出餐,1,否,"【任选】一人食盒子披萨随心配（31.80*1）,餐盒（2.00*1）",芒果汁+日式烧鸟风味一人食盒子披萨+蛋挞,,,,非会员,32,,,依据餐量提供餐具,,31.80,19.11,6.00,0.00,0,0,1.79,0.00,3.30,【活动支出】首次光顾立减:1.00元+【活动支出】饿了么红包:5.00元+【活动支出】替用户承担配送费:3.3元,-,-,-,2.00,台州区域,台州加盟,,,否,-,平台配送
圣比萨（玉环陈屿店）,SBM00037,台州,"8013706088671871232	",饿了么,平台外卖,已完成,2025-10-21 21:28:06,2025-10-21 21:28:06,2025-10-21 21:28:07,饿了么支付-在线支付,,即时单,2025-10-21 21:28:06,13.00,自动出餐,1,否,"星星炸鸡披萨-7英寸(手拍)[{""name"":""规格"",""value"":""7英寸(手拍)""}]（29.90*1）,餐盒（2.00*1）",星星炸鸡披萨,,,,非会员,33,,,依据餐量提供餐具,,29.90,17.35,6.00,0.00,0,0,1.65,0.00,3.30,【活动支出】首次光顾立减:1.00元+【活动支出】饿了么红包:5.00元+【活动支出】替用户承担配送费:3.3元,-,-,-,2.00,台州区域,台州加盟,,,否,-,平台配送
圣比萨（玉环陈屿店）,SBM00037,台州,"8075130254679407885	",饿了么,平台外卖,已完成,2025-10-21 21:42:42,2025-10-21 21:42:42,2025-10-21 21:42:42,饿了么支付-在线支付,,即时单,2025-10-21 21:42:42,13.18,自动出餐,1,否,"奥尔良烤翅（8.90*1）,日系照烧鸡披萨-7英寸(手拍)[{""name"":""规格"",""value"":""7英寸(手拍)""}]（25.90*1）,榴莲王披萨-7英寸(手拍)[{""name"":""规格"",""value"":""7英寸(手拍)""}]（33.90*1）,红薯薯泥流心卷边（7英寸）（4.90*1）,餐盒（5.00*1）",奥尔良烤翅+日系照烧鸡披萨+榴莲王披萨+红薯泥流心卷边7,,,,非会员,34,,,依据餐量提供餐具,,73.60,50.02,12.00,0.00,0,0,4.58,0.00,3.30,【活动支出】店铺满减:6.00元+【活动支出】首次光顾立减:1.00元+【活动支出】饿了么红包:5.00元+【活动支出】替用户承担配送费:3.3元,-,-,-,5.00,台州区域,台州加盟,,,否,-,平台配送
圣比萨（玉环陈屿店）,SBM00037,台州,"8094626088659896753	",饿了么,平台外卖,已完成,2025-10-21 21:59:19,2025-10-21 21:59:19,2025-10-21 21:59:19,饿了么支付-在线支付,,即时单,2025-10-21 21:59:19,13.18,自动出餐,1,否,"【任选】披萨随心配（43.60*1）,芝士翻倍（仅圆形披萨）-7英寸[{""name"":""规格"",""value"":""7英寸""}]（4.90*1）,蛋挞一个（3.90*1）,点击右上角❤️免费得小吃（限一份，多点不送）[上校鸡块2个]（0.20*1）,餐盒（2.00*1）",小可乐+西域肉酱披萨(7英寸(手拍))+奥尔良烤翅+芝士加倍+蛋挞1个+上校鸡块2个,,,,非会员,35,,,无需餐具,,52.60,32.09,9.91,0.00,0,0,3.00,0.00,3.80,【活动支出】店铺满减:1.00元+【活动支出】单品特价:1.91元+【活动支出】下单返红包:2.00元+【活动支出】饿了么红包:5.00元+【活动支出】替用户承担配送费:3.8元,-,-,-,2.00,台州区域,台州加盟,,,否,-,平台配送
圣比萨（灵溪华侨路店）,SBS00005,温州,"8046420254369143262	",饿了么,平台外卖,已完成,2025-10-21 10:51:19,2025-10-21 10:51:19,2025-10-21 10:51:20,饿了么支付-在线支付,,即时单,2025-10-21 10:51:19,6.73,扫码出餐,1,否,新奥尔良烤鸡肉披萨7寸-单点（20.00*1）,新奥尔良烤鸡肉披萨【7英寸(手拍)】,,,,非会员,1,,,1份餐具,,20.00,10.00,0.00,0.00,0,0,0.00,0.00,,【活动支出】拼团反圈活动:0.00元,-,-,-,0.00,温州区域,温州直营,,,否,-,平台配送
圣比萨（灵溪华侨路店）,SBS00005,温州,"8087180254628480329	",饿了么,平台外卖,已完成,2025-10-21 12:11:42,2025-10-21 12:11:42,2025-10-21 12:11:42,饿了么支付-在线支付,,即时单,2025-10-21 12:11:42,10.53,扫码出餐,1,否,【买一送一】买披萨送披萨[缤纷水果披萨7英寸+碳烤鸡肉培根7英寸]（86.80*1）,缤纷水果披萨【7英寸(手拍)】+碳烤鸡肉培根披萨【7英寸(手拍)】,,,,非会员,2,,,2份餐具,,86.80,21.87,54.90,0.00,0,0,2.98,0.00,3.50,【活动支出】单品特价:54.90元+【活动支出】替用户承担配送费:3.5元,-,-,-,0.00,温州区域,温州直营,,,否,-,平台配送
圣比萨（灵溪华侨路店）,SBS00005,温州,"8096566088443940276	",饿了么,平台外卖,已完成,2025-10-21 12:13:53,2025-10-21 12:13:53,2025-10-21 12:13:54,饿了么支付-在线支付,,即时单,2025-10-21 12:13:53,8.90,扫码出餐,1,否,"【随心❤️拼】7英寸双拼披萨(口味自选）[培根鸡肉+奥尔良]（26.90*1）,黑椒牛肉意面（30.90*1）,餐盒（4.00*1）",双拼7寸【碳烤鸡肉培根口味7】+双拼7寸【奥尔良口味7】+黑椒牛肉意面,,,,非会员,3,,,对骑手 放门口就行 不用打电话谢谢谢谢 / 依据餐量提供餐具,,57.80,34.30,14.00,0.00,0,0,4.65,0.00,3.50,【活动支出】店铺满减:2.00元+【活动支出】饿了么红包:12.00元+【活动支出】替用户承担配送费:3.5元,-,-,-,4.00,温州区域,温州直营,,,否,-,平台配送
圣比萨（灵溪华侨路店）,SBS00005,温州,"8051756088450530787	",饿了么,平台外卖,已完成,2025-10-21 12:31:26,2025-10-21 12:31:26,2025-10-21 12:31:26,饿了么支付-在线支付,,即时单,2025-10-21 12:31:26,9.50,扫码出餐,1,否,"可乐[冷]（5.00*1）,蛋挞一个（原味）（3.90*1）,榴莲王披萨-7英寸（经典手拍)[{""name"":""规格"",""value"":""7英寸（经典手拍)""}]（52.00*1）,餐盒（2.50*1）",可乐+蛋挞1个+榴莲王披萨,,,,非会员,4,,,1份餐具,,60.90,23.49,28.01,0.00,0,0,3.35,0.00,4.50,【活动支出】店铺满减:1.00元+【活动支出】单品特价:2.91元+【活动支出】单品特价:18.10元+【活动支出】饿了么红包:6.00元+【活动支出】替用户承担配送费:4.5元,-,-,-,2.50,温州区域,温州直营,,,否,-,平台配送
圣比萨（灵溪华侨路店）,SBS00005,温州,"8056966088487642514	",饿了么,平台外卖,已完成,2025-10-21 12:55:37,2025-10-21 12:55:37,2025-10-21 12:55:37,饿了么支付-在线支付,,即时单,2025-10-21 12:55:37,9.30,扫码出餐,1,否,"红薯薯泥流心卷边（7英寸）（4.90*1）,榴莲王披萨-7英寸（经典手拍)[{""name"":""规格"",""value"":""7英寸（经典手拍)""}]（52.00*1）",红薯泥流心卷边7+榴莲王披萨,,,,非会员,5,,,依据餐量提供餐具,,56.90,22.69,21.40,0.00,0,0,3.36,0.00,5.60,【活动支出】单品特价:21.40元+【活动支出】替用户承担配送费:5.0元,-,-,-,0.00,温州区域,温州直营,,,否,-,平台配送
圣比萨（灵溪华侨路店）,SBS00005,温州,"8021976088465670574	",饿了么,平台外卖,已完成,2025-10-21 12:58:56,2025-10-21 12:58:56,2025-10-21 12:58:57,饿了么支付-在线支付,,即时单,2025-10-21 12:58:56,9.83,手动出餐,1,否,"【任选】焗饭随心配（54.60*1）,餐盒（2.00*1）",香烤鸡翅(2只)+深海墨鱼丸(3个)+可乐+碳烤鸡肉芝士焗饭+芝士焗红薯泥,,,,非会员,6,,,依据餐量提供餐具,,54.60,33.22,10.00,0.00,0,0,4.53,0.00,4.00,【活动支出】店铺满减:1.00元+【活动支出】饿了么红包:9.00元+【活动支出】替用户承担配送费:4.0元,-,-,-,2.00,温州区域,温州直营,,,否,-,平台配送
圣比萨（灵溪华侨路店）,SBS00005,温州,"8070410254668295536	",饿了么,平台外卖,已完成,2025-10-21 13:32:43,2025-10-21 13:32:43,2025-10-21 13:32:43,饿了么支付-在线支付,,即时单,2025-10-21 13:32:43,8.32,扫码出餐,1,否,"咖喱金丝鸡排焗饭（28.90*1）,餐盒（2.00*1）",咖喱金丝鸡排焗饭,,,,非会员,7,,,无需餐具,,28.90,20.97,0,0.00,0,0,2.88,0.00,3.50,-,-,-,-,2.00,温州区域,温州直营,,,否,-,平台配送
圣比萨（灵溪华侨路店）,SBS00005,温州,"8085586088479869420	",饿了么,平台外卖,已退款,2025-10-21 14:20:55,2025-10-21 14:20:55,2025-10-21 14:20:55,饿了么支付-在线支付,,即时单,2025-10-21 14:20:55,4.30,扫码出餐,1,否,"番茄牛肉意面（25.90*1）,餐盒（2.00*1）",番茄牛肉意面,,,,非会员,8,,,2份餐具,"客服仲裁同意取消单 ,客服同意退款",25.90,5.22,6.00,8.90,0,0,1.93,0.00,3.50,【活动支出】饿了么红包:6.00元+【活动支出】替用户承担配送费:3.5元,-,-,-,2.00,温州区域,温州直营,,,否,-,平台配送
圣比萨（灵溪华侨路店）,SBS00005,温州,"8043756088521065876	",饿了么,平台外卖,已完成,2025-10-21 14:37:30,2025-10-21 14:37:30,2025-10-21 14:37:30,饿了么支付-在线支付,,即时单,2025-10-21 14:37:30,10.17,自动出餐,1,否,"榴莲王披萨-7英寸（经典手拍)[{""name"":""规格"",""value"":""7英寸（经典手拍)""}]（52.00*1）,蛋挞一个（原味）（3.90*1）,保温袋1个（远距离建议加购）（10.00*1）,餐盒（2.50*1）",榴莲王披萨+蛋挞1个+保温袋,,,,非会员,9,,,1份餐具,,65.90,20.07,38.51,0.00,0,0,2.77,0.00,3.50,【活动支出】单品特价:18.10元+【活动支出】单品特价:2.91元+【活动支出】单品特价:9.50元+【活动支出】饿了么红包:8.00元+【活动支出】替用户承担配送费:3.5元,-,-,-,2.50,温州区域,温州直营,,,否,-,平台配送
圣比萨（灵溪华侨路店）,SBS00005,温州,"8085586088530248001	",饿了么,平台外卖,已完成,2025-10-21 15:24:56,2025-10-21 15:24:56,2025-10-21 15:24:57,饿了么支付-在线支付,,即时单,2025-10-21 15:24:56,4.20,扫码出餐,1,否,"番茄牛肉意面（25.90*1）,餐盒（2.00*1）",番茄牛肉意面,,,,非会员,10,,,2份餐具,,25.90,13.67,7.00,0.00,0,0,1.88,0.00,3.50,【活动支出】粉丝群:1.00元+【活动支出】饿了么红包:6.00元+【活动支出】替用户承担配送费:3.5元,-,-,-,2.00,温州区域,温州直营,,,否,-,平台配送
圣比萨（灵溪华侨路店）,SBS00005,温州,"8026280254701036811	",饿了么,平台外卖,已完成,2025-10-21 15:29:55,2025-10-21 15:29:55,2025-10-21 15:29:55,饿了么支付-在线支付,,即时单,2025-10-21 15:29:55,10.22,自动出餐,1,否,"蛋挞一个（原味）（3.90*1）,保温袋1个（远距离建议加购）（10.00*1）,【任选】披萨随心配（51.50*1）,上校鸡块（4.90*1）,餐盒（4.50*1）",蛋挞1个+保温袋+香烤鸡翅(2只)+炙热牛魔王披萨(7英寸(手拍))+缤纷芝士挞(香蕉味)+地道肠1根+港式奶茶+上校鸡块,,,,非会员,11,,,"番茄酱3包
 / 依据餐量提供餐具",,70.30,32.59,29.41,0.00,0,0,4.45,0.00,3.50,【活动支出】店铺满减:6.00元+【活动支出】单品特价:2.91元+【活动支出】单品特价:9.50元+【活动支出】粉丝群:2.00元+【活动支出】饿了么红包:9.00元+【活动支出】替用户承担配送费:3.5元,-,-,-,4.50,温州区域,温州直营,,,否,-,平台配送
圣比萨（灵溪华侨路店）,SBS00005,温州,"8030616088501583227	",饿了么,平台外卖,已完成,2025-10-21 15:47:58,2025-10-21 15:47:58,2025-10-21 15:47:59,饿了么支付-在线支付,,即时单,2025-10-21 15:47:58,9.28,扫码出餐,1,否,"7英寸披萨买一送一[奥尔良鸡肉披萨7英寸+缤纷水果披萨7英寸]（86.80*1）,蛋挞一个（原味）（3.90*1）,餐盒（2.50*1）",新奥尔良烤鸡肉披萨【7英寸(手拍)】+缤纷水果披萨【7英寸(手拍)】+蛋挞1个,,,,非会员,12,,,3份餐具,,90.70,28.71,52.81,0.00,0,0,3.93,0.00,4.00,【活动支出】店铺满减:1.00元+【活动支出】单品特价:44.90元+【活动支出】单品特价:2.91元+【活动支出】吃货红包:4.00元+【活动支出】替用户承担配送费:4.0元,-,-,-,2.50,温州区域,温州直营,,,否,-,平台配送
圣比萨（灵溪华侨路店）,SBS00005,温州,"8057526088536835551	",饿了么,平台外卖,已完成,2025-10-21 15:52:11,2025-10-21 15:52:11,2025-10-21 15:52:11,饿了么支付-在线支付,,即时单,2025-10-21 15:52:11,6.52,手动出餐,1,否,"番茄培根意面（25.90*1）,碳烤鸡肉培根披萨-7英寸(经典手拍)[{""name"":""规格"",""value"":""7英寸(经典手拍)""}]（25.90*1）,餐盒（4.00*1）",番茄培根意面+碳烤鸡肉培根披萨,,,,非会员,13,,,依据餐量提供餐具,,51.80,32.95,9.00,0.00,0,0,4.60,0.00,4.50,【活动支出】店铺满减:1.00元+【活动支出】饿了么红包:8.00元+【活动支出】替用户承担配送费:4.5元,-,-,-,4.00,温州区域,温州直营,,,否,-,平台配送
圣比萨（灵溪华侨路店）,SBS00005,温州,"8055280254625534309	",饿了么,平台外卖,已完成,2025-10-21 16:29:57,2025-10-21 16:29:57,2025-10-21 16:29:58,饿了么支付-在线支付,,即时单,2025-10-21 16:29:57,6.28,扫码出餐,1,否,"日系照烧鸡披萨-7英寸(经典手拍)[{""name"":""规格"",""value"":""7英寸(经典手拍)""}]（25.90*1）,餐盒（2.00*1）",日系照烧鸡披萨,,,,非会员,14,,,依据餐量提供餐具,,25.90,13.67,7.00,0.00,0,0,1.88,0.00,3.50,【活动支出】 商家自营销加码:2.00元+【活动支出】饿了么红包:5.00元+【活动支出】替用户承担配送费:3.5元,-,-,-,2.00,温州区域,温州直营,,,否,-,平台配送
圣比萨（灵溪华侨路店）,SBS00005,温州,"8082926088557091144	",饿了么,平台外卖,已完成,2025-10-21 16:40:04,2025-10-21 16:40:04,2025-10-21 16:40:04,饿了么支付-在线支付,,即时单,2025-10-21 16:40:04,6.75,扫码出餐,1,否,"奶酪芝士卷边（7英寸）（4.90*1）,缤纷水果披萨-7英寸(经典手拍)[{""name"":""规格"",""value"":""7英寸(经典手拍)""}]（42.88*1）",奶酪芝士卷边7+缤纷水果披萨,,,,非会员,15,,,3份餐具,,47.78,16.20,23.38,0.00,0,0,2.25,0.00,3.50,【活动支出】单品特价:23.38元+【活动支出】替用户承担配送费:3.5元,-,-,-,0.00,温州区域,温州直营,,,否,-,平台配送
圣比萨（灵溪华侨路店）,SBS00005,温州,"8017250254546979106	",饿了么,平台外卖,已完成,2025-10-21 16:53:13,2025-10-21 16:53:13,2025-10-21 16:53:13,饿了么支付-在线支付,,即时单,2025-10-21 16:53:13,8.12,手动出餐,1,否,"奶酪芝士卷边（9英寸）（6.90*1）,榴莲王披萨-9英寸(经典手拍)[{""name"":""规格"",""value"":""9英寸(经典手拍)""}]（92.00*1）,餐盒（2.00*1）",奶酪芝士卷边9+榴莲王披萨,,,,非会员,16,,,依据餐量提供餐具,,98.90,35.04,52.10,0.00,0,0,4.81,0.00,3.50,【活动支出】店铺满减:1.00元+【活动支出】单品特价:42.10元+【活动支出】粉丝群:1.00元+【活动支出】饿了么红包:8.00元+【活动支出】替用户承担配送费:3.5元,-,-,-,2.00,温州区域,温州直营,,,否,-,平台配送
圣比萨（灵溪华侨路店）,SBS00005,温州,"8009130254665625919	",饿了么,平台外卖,已完成,2025-10-21 17:06:56,2025-10-21 17:06:56,2025-10-21 17:06:56,饿了么支付-在线支付,,即时单,2025-10-21 17:06:56,8.05,扫码出餐,1,否,"新奥尔良烤鸡肉披萨-12英寸(经典手拍)[{""name"":""规格"",""value"":""12英寸(经典手拍)""}]（54.90*1）,咸蛋黄风味流心卷边（12英寸）（8.90*1）,餐盒（2.00*1）",新奥尔良烤鸡肉披萨+咸蛋黄流沙卷边,,,,非会员,17,,,无需餐具,,63.80,33.85,19.00,0.00,0,0,4.60,0.00,3.50,【活动支出】店铺满减:6.00元+【活动支出】粉丝群:1.00元+【活动支出】饿了么红包:12.00元+【活动支出】替用户承担配送费:3.5元,-,-,-,2.00,温州区域,温州直营,,,否,-,平台配送
圣比萨（灵溪华侨路店）,SBS00005,温州,"8054616088533500351	",饿了么,平台外卖,已完成,2025-10-21 17:13:11,2025-10-21 17:13:11,2025-10-21 17:13:11,饿了么支付-在线支付,,即时单,2025-10-21 17:13:11,2.70,扫码出餐,1,否,"番茄牛肉意面（25.90*1）,餐盒（2.00*1）",番茄牛肉意面,,,,非会员,18,,,依据餐量提供餐具,,25.90,11.87,7.00,0.00,0,0,1.88,0.00,5.60,【活动支出】 商家自营销加码:2.00元+【活动支出】饿了么红包:5.00元+【活动支出】替用户承担配送费:5.6元,-,-,-,2.00,温州区域,温州直营,,,否,-,平台配送
圣比萨（灵溪华侨路店）,SBS00005,温州,"8019050254746612201	",饿了么,平台外卖,已完成,2025-10-21 17:24:08,2025-10-21 17:24:08,2025-10-21 17:24:09,饿了么支付-在线支付,,即时单,2025-10-21 17:24:08,8.12,手动出餐,1,否,"【任选】披萨随心配（31.90*1）,餐盒（2.00*1）",不加一+新奥尔良烤鸡肉披萨(7英寸(手拍))+不加一+现烤蛋挞(1个)+可乐,,,,非会员,19,,,依据餐量提供餐具,,31.90,18.44,7.00,0.00,0,0,2.51,0.00,3.50,【活动支出】饿了么红包:0.00元+【活动支出】饿了么红包:7.00元+【活动支出】替用户承担配送费:3.5元,-,-,-,2.00,温州区域,温州直营,,,否,-,平台配送
圣比萨（灵溪华侨路店）,SBS00005,温州,"8058906088582382962	",饿了么,平台外卖,已完成,2025-10-21 17:25:31,2025-10-21 17:25:31,2025-10-21 17:25:31,饿了么支付-在线支付,,即时单,2025-10-21 17:25:31,8.28,手动出餐,1,否,"奶酪芝士卷边（7英寸）（4.90*1）,咖喱鸡肉芝士焗饭（25.90*1）,新奥尔良烤鸡肉披萨-7英寸(经典手拍)[{""name"":""规格"",""value"":""7英寸(经典手拍)""}]（23.90*1）,餐盒（4.00*1）",奶酪芝士卷边7+咖喱鸡肉芝士焗饭+新奥尔良烤鸡肉披萨,,,,非会员,20,,,1份餐具,,54.70,34.95,10.00,0.00,0,0,4.80,0.00,3.50,【活动支出】店铺满减:1.00元+【活动支出】饿了么红包:9.00元+【活动支出】替用户承担配送费:3.5元,-,-,-,4.00,温州区域,温州直营,,,否,-,平台配送
圣比萨（灵溪华侨路店）,SBS00005,温州,"8036430254651111684	",饿了么,平台外卖,已完成,2025-10-21 17:27:08,2025-10-21 17:27:08,2025-10-21 17:27:08,饿了么支付-在线支付,,即时单,2025-10-21 17:27:08,9.88,手动出餐,1,否,"可乐[冷]（5.00*1）,榴莲王披萨-12英寸（经典手拍）[{""name"":""规格"",""value"":""12英寸（经典手拍）""}]（129.00*1）,奥尔良烤翅（9.90*1）,餐盒（4.00*1）",可乐+榴莲王披萨+奥尔良烤翅,,,,非会员,21,,,依据餐量提供餐具,,143.90,59.19,68.10,0.00,0,0,8.06,0.00,3.50,【活动支出】店铺满减:6.00元+【活动支出】单品特价:62.10元+【活动支出】替用户承担配送费:3.5元,-,-,-,4.00,温州区域,温州直营,,,否,-,平台配送
圣比萨（灵溪华侨路店）,SBS00005,温州,"8010866088523742684	",饿了么,平台外卖,已完成,2025-10-21 17:30:55,2025-10-21 17:30:55,2025-10-21 17:30:55,饿了么支付-在线支付,,即时单,2025-10-21 17:30:55,6.13,手动出餐,1,否,新奥尔良烤鸡肉披萨7寸-单点（20.00*1）,新奥尔良烤鸡肉披萨【7英寸(手拍)】,,,,非会员,22,,,依据餐量提供餐具,,20.00,10.00,0.00,0.00,0,0,0.00,0.00,,【活动支出】拼团反圈活动:0.00元,-,-,-,0.00,温州区域,温州直营,,,否,-,平台配送
圣比萨（灵溪华侨路店）,SBS00005,温州,"8050586088549317990	",饿了么,平台外卖,已完成,2025-10-21 17:36:49,2025-10-21 17:36:49,2025-10-21 17:36:49,饿了么支付-在线支付,,即时单,2025-10-21 17:36:49,7.18,手动出餐,1,否,"【任选】披萨随心配（31.90*1）,餐盒（2.00*1）",不加一+缤纷水果披萨(7英寸(手拍))+不加一+上校鸡块+柠檬茶,,,,非会员,23,,,依据餐量提供餐具,,31.90,17.55,8.00,0.00,0,0,2.40,0.00,3.50,【活动支出】 商家自营销加码:2.00元+【活动支出】粉丝群:1.00元+【活动支出】饿了么红包:5.00元+【活动支出】替用户承担配送费:3.5元,-,-,-,2.00,温州区域,温州直营,,,否,-,平台配送
圣比萨（灵溪华侨路店）,SBS00005,温州,"8038460254694696207	",饿了么,平台外卖,已完成,2025-10-21 18:04:39,2025-10-21 18:04:39,2025-10-21 18:04:39,饿了么支付-在线支付,,即时单,2025-10-21 18:04:39,3.37,扫码出餐,1,否,"番茄牛肉意面（25.90*1）,餐盒（2.00*1）",番茄牛肉意面,,,,非会员,24,,,依据餐量提供餐具,,25.90,13.67,7.00,0.00,0,0,1.88,0.00,3.50,【活动支出】 商家自营销加码:2.00元+【活动支出】饿了么红包:5.00元+【活动支出】替用户承担配送费:3.5元,-,-,-,2.00,温州区域,温州直营,,,否,-,平台配送
圣比萨（灵溪华侨路店）,SBS00005,温州,"8000896088555831572	",饿了么,平台外卖,已完成,2025-10-21 18:08:38,2025-10-21 18:08:38,2025-10-21 18:08:38,饿了么支付-在线支付,,即时单,2025-10-21 18:08:38,9.58,扫码出餐,1,否,"奶酪芝士卷边（7英寸）（4.90*1）,番茄牛肉意面（25.90*1）,现烤蛋挞-2个[{""name"":""规格"",""value"":""2个""}]（6.90*1）,新奥尔良烤鸡肉披萨-7英寸(经典手拍)[{""name"":""规格"",""value"":""7英寸(经典手拍)""}]（23.90*1）,餐盒（6.00*1）",奶酪芝士卷边7+番茄牛肉意面+现烤蛋挞+新奥尔良烤鸡肉披萨,,,,非会员,25,,,依据餐量提供餐具,,61.60,45.30,6.00,0.00,0,0,6.15,0.00,3.50,【活动支出】店铺满减:6.00元+【活动支出】替用户承担配送费:3.5元,-,-,-,6.00,温州区域,温州直营,,,否,-,平台配送
圣比萨（灵溪华侨路店）,SBS00005,温州,"8008716088603701504	",饿了么,平台外卖,已完成,2025-10-21 18:10:16,2025-10-21 18:10:16,2025-10-21 18:10:16,饿了么支付-在线支付,,即时单,2025-10-21 18:10:16,8.47,扫码出餐,1,否,7寸日系照烧鸡披萨-单点（20.00*1）,日系照烧鸡披萨【7英寸(手拍)】,,,,非会员,26,,,依据餐量提供餐具,,20.00,10.00,0.00,0.00,0,0,0.00,0.00,,【活动支出】爆品团通吃券:0.00元,-,-,-,0.00,温州区域,温州直营,,,否,-,平台配送
圣比萨（灵溪华侨路店）,SBS00005,温州,"8019746088555574759	",饿了么,平台外卖,已完成,2025-10-21 18:10:44,2025-10-21 18:10:44,2025-10-21 18:10:45,饿了么支付-在线支付,,即时单,2025-10-21 18:10:44,8.68,扫码出餐,1,否,"番茄牛肉意面（25.90*1）,深海墨鱼丸-3个[{""name"":""规格"",""value"":""3个""}]（10.60*1）,缤纷水果披萨-7英寸(经典手拍)[{""name"":""规格"",""value"":""7英寸(经典手拍)""}]（42.88*1）,经典薯条（8.90*1）,餐盒（7.00*1）",番茄牛肉意面+深海墨鱼丸+缤纷水果披萨+经典薯条,,,,非会员,27,,,依据餐量提供餐具,,88.28,42.60,34.68,0.00,0,0,6.05,0.00,5.60,【活动支出】店铺满减:6.00元+【活动支出】单品特价:4.70元+【活动支出】单品特价:16.98元+【活动支出】 商家自营销加码:2.00元+【活动支出】饿了么红包:5.00元+【活动支出】替用户承担配送费:5.6元,-,-,-,7.00,温州区域,温州直营,,,否,-,平台配送
圣比萨（灵溪华侨路店）,SBS00005,温州,"8094706088557830606	",饿了么,平台外卖,已完成,2025-10-21 18:21:58,2025-10-21 18:21:58,2025-10-21 18:21:59,饿了么支付-在线支付,,即时单,2025-10-21 18:21:58,7.15,扫码出餐,1,否,"榴莲王披萨-7英寸（经典手拍)[{""name"":""规格"",""value"":""7英寸（经典手拍)""}]（52.00*1）,餐盒（2.00*1）",榴莲王披萨,,,,非会员,28,,,依据餐量提供餐具,,52.00,19.63,25.10,0.00,0,0,2.72,0.00,4.00,【活动支出】单品特价:18.10元+【活动支出】吃货豆兑换的商家券:5.00元+【活动支出】 商家自营销加码:2.00元+【活动支出】替用户承担配送费:4.0元,-,-,-,2.00,温州区域,温州直营,,,否,-,平台配送
圣比萨（灵溪华侨路店）,SBS00005,温州,"8041846088622142887	",饿了么,平台外卖,已完成,2025-10-21 18:31:53,2025-10-21 18:31:53,2025-10-21 18:31:53,饿了么支付-在线支付,,即时单,2025-10-21 18:31:53,9.52,手动出餐,1,否,"【任选】焗饭随心配（31.90*1）,7英寸披萨买一送一[奥尔良鸡肉披萨7英寸+缤纷水果披萨7英寸]（86.80*1）,餐盒（4.00*1）",不加一+地道肠1根+可乐+咖喱鸡肉芝士焗饭+不加一+新奥尔良烤鸡肉披萨【7英寸(手拍)】+缤纷水果披萨【7英寸(手拍)】,,,,非会员,29,,,依据餐量提供餐具,,118.70,42.79,62.90,0.00,0,0,5.96,0.00,5.00,【活动支出】店铺满减:6.00元+【活动支出】单品特价:44.90元+【活动支出】饿了么红包:12.00元+【活动支出】替用户承担配送费:5.0元,-,-,-,4.00,温州区域,温州直营,,,否,-,平台配送
圣比萨（灵溪华侨路店）,SBS00005,温州,"8013130254806626769	",饿了么,平台外卖,已完成,2025-10-21 18:55:07,2025-10-21 18:55:07,2025-10-21 18:55:07,饿了么支付-在线支付,,即时单,2025-10-21 18:55:07,8.98,手动出餐,1,否,"【任选】披萨随心配（41.80*1）,餐盒（2.00*1）",不加一+缤纷水果披萨(7英寸(手拍))+芝士焗红薯泥+小薯条+可乐,,,,非会员,30,,,依据餐量提供餐具,,41.80,24.31,9.00,0.00,0,0,3.34,0.00,3.50,【活动支出】店铺满减:1.00元+【活动支出】 商家自营销加码:0.00元+【活动支出】饿了么红包:8.00元+【活动支出】替用户承担配送费:3.5元,-,-,-,2.00,温州区域,温州直营,,,否,-,平台配送
圣比萨（灵溪华侨路店）,SBS00005,温州,"8019010254726394305	",饿了么,平台外卖,已完成,2025-10-21 18:56:37,2025-10-21 18:56:37,2025-10-21 18:56:37,饿了么支付-在线支付,,即时单,2025-10-21 18:56:37,10.93,手动出餐,1,否,7寸日系照烧鸡披萨-单点（20.00*1）,日系照烧鸡披萨【7英寸(手拍)】,,,,非会员,31,,,走自己拿 / 依据餐量提供餐具,,20.00,10.00,0.00,0.00,0,0,0.00,0.00,,【活动支出】拼团反圈活动:0.00元,-,-,-,0.00,温州区域,温州直营,,,否,-,平台配送
圣比萨（灵溪华侨路店）,SBS00005,温州,"8015606088578463044	",饿了么,平台外卖,已完成,2025-10-21 18:59:29,2025-10-21 18:59:29,2025-10-21 18:59:30,饿了么支付-在线支付,,即时单,2025-10-21 18:59:29,8.12,手动出餐,1,否,"蛋挞一个（原味）（3.90*1）,新奥尔良烤鸡肉披萨-9英寸(经典手拍)[{""name"":""规格"",""value"":""9英寸(经典手拍)""}]（39.90*1）,餐盒（2.50*1）",蛋挞1个+新奥尔良烤鸡肉披萨,,,,非会员,32,,,依据餐量提供餐具,,43.80,21.25,12.91,0.00,0,0,3.19,0.00,5.60,【活动支出】店铺满减:1.00元+【活动支出】单品特价:2.91元+【活动支出】饿了么红包:9.00元+【活动支出】替用户承担配送费:5.6元,-,-,-,2.50,温州区域,温州直营,,,否,-,平台配送
圣比萨（灵溪华侨路店）,SBS00005,温州,"8071576088619252082	",饿了么,平台外卖,已完成,2025-10-21 19:12:33,2025-10-21 19:12:33,2025-10-21 19:12:34,饿了么支付-在线支付,,即时单,2025-10-21 19:12:33,8.40,扫码出餐,1,否,"7英寸披萨买一送一[奥尔良鸡肉披萨7英寸+缤纷水果披萨7英寸]（86.80*1）,餐盒（2.00*1）",新奥尔良烤鸡肉披萨【7英寸(手拍)】+缤纷水果披萨【7英寸(手拍)】,,,,非会员,33,,,依据餐量提供餐具,,86.80,25.29,50.90,0.00,0,0,3.66,0.00,6.20,【活动支出】店铺满减:1.00元+【活动支出】单品特价:44.90元+【活动支出】饿了么红包:5.00元+【活动支出】替用户承担配送费:6.0元,-,-,-,2.00,温州区域,温州直营,,,否,-,平台配送
圣比萨（灵溪华侨路店）,SBS00005,温州,"8032986088642298331	",饿了么,平台外卖,已完成,2025-10-21 19:19:02,2025-10-21 19:19:02,2025-10-21 19:19:02,饿了么支付-在线支付,,即时单,2025-10-21 19:19:02,5.45,扫码出餐,1,否,新奥尔良烤鸡肉披萨7寸-单点（20.00*1）,新奥尔良烤鸡肉披萨【7英寸(手拍)】,,,,非会员,34,,,依据餐量提供餐具,,20.00,10.00,0.00,0.00,0,0,0.00,0.00,,【活动支出】拼团反圈活动:0.00元,-,-,-,0.00,温州区域,温州直营,,,否,-,平台配送
圣比萨（灵溪华侨路店）,SBS00005,温州,"8087506088648154512	",饿了么,平台外卖,已完成,2025-10-21 19:20:06,2025-10-21 19:20:06,2025-10-21 19:20:07,饿了么支付-在线支付,,即时单,2025-10-21 19:20:06,7.78,手动出餐,1,否,"蛋挞一个（原味）（3.90*1）,【随心❤️拼】12英寸双拼披萨(口味自选)[培根鸡肉+奥尔良]（56.90*1）,餐盒（2.50*1）",蛋挞1个+双拼12寸【培根鸡肉口味12】+双拼12寸【奥尔良口味12】,,,,非会员,35,,,依据餐量提供餐具,,60.80,31.68,16.91,0.00,0,0,4.56,0.00,6.20,【活动支出】店铺满减:6.00元+【活动支出】单品特价:2.91元+【活动支出】饿了么红包:8.00元+【活动支出】替用户承担配送费:6.0元,-,-,-,2.50,温州区域,温州直营,,,否,-,平台配送
圣比萨（灵溪华侨路店）,SBS00005,温州,"8009946088602498381	",饿了么,平台外卖,已完成,2025-10-21 19:43:21,2025-10-21 19:43:21,2025-10-21 19:43:21,饿了么支付-在线支付,,即时单,2025-10-21 19:43:21,7.65,扫码出餐,1,否,"新奥尔良烤鸡肉披萨-7英寸(经典手拍)[{""name"":""规格"",""value"":""7英寸(经典手拍)""}]（23.90*1）,餐盒（2.00*1）",新奥尔良烤鸡肉披萨,,,,非会员,36,,,依据餐量提供餐具,,23.90,13.67,5.00,0.00,0,0,1.88,0.00,3.50,【活动支出】吃货豆兑换的商家券:5.00元+【活动支出】替用户承担配送费:3.5元,-,-,-,2.00,温州区域,温州直营,,,否,-,平台配送
圣比萨（灵溪华侨路店）,SBS00005,温州,"8075796088603224551	",饿了么,平台外卖,已完成,2025-10-21 19:46:43,2025-10-21 19:46:43,2025-10-21 19:46:43,饿了么支付-在线支付,,即时单,2025-10-21 19:46:43,7.25,扫码出餐,1,否,"新奥尔良烤鸡肉披萨-9英寸(经典手拍)[{""name"":""规格"",""value"":""9英寸(经典手拍)""}]（39.90*1）,餐盒（2.00*1）",新奥尔良烤鸡肉披萨,,,,非会员,37,,,"不要洋葱,不要青椒 / 1份餐具",,39.90,22.32,10.00,0.00,0,0,3.03,0.00,3.50,【活动支出】店铺满减:1.00元+【活动支出】饿了么红包:9.00元+【活动支出】替用户承担配送费:3.5元,-,-,-,2.00,温州区域,温州直营,,,否,-,平台配送
圣比萨（灵溪华侨路店）,SBS00005,温州,"8043616088617726240	",饿了么,平台外卖,已完成,2025-10-21 19:48:45,2025-10-21 19:48:45,2025-10-21 19:48:46,饿了么支付-在线支付,,即时单,2025-10-21 19:48:45,7.17,扫码出餐,1,否,"【任选】披萨随心配（31.90*1）,餐盒（2.00*1）",不加一+缤纷水果披萨(7英寸(手拍))+不加一+现烤蛋挞(1个)+可乐,,,,非会员,38,,,1份餐具,,31.90,19.63,5.00,0.00,0,0,2.72,0.00,3.50,【活动支出】饿了么红包:5.00元+【活动支出】替用户承担配送费:3.5元,-,-,-,2.00,温州区域,温州直营,,,否,-,平台配送
圣比萨（灵溪华侨路店）,SBS00005,温州,"8071140254648406283	",饿了么,平台外卖,已完成,2025-10-21 20:02:14,2025-10-21 20:02:14,2025-10-21 20:02:14,饿了么支付-在线支付,,即时单,2025-10-21 20:02:14,6.03,扫码出餐,1,否,"榴莲王披萨-7英寸（经典手拍)[{""name"":""规格"",""value"":""7英寸（经典手拍)""}]（52.00*1）,餐盒（2.00*1）",榴莲王披萨,,,,非会员,39,,,依据餐量提供餐具,,52.00,19.34,26.10,0.00,0,0,2.61,0.00,3.50,【活动支出】单品特价:18.10元+【活动支出】饿了么红包:8.00元+【活动支出】替用户承担配送费:3.5元,-,-,-,2.00,温州区域,温州直营,,,否,-,平台配送
圣比萨（灵溪华侨路店）,SBS00005,温州,"8020676088611853678	",饿了么,平台外卖,已完成,2025-10-21 20:06:27,2025-10-21 20:06:27,2025-10-21 20:06:27,饿了么支付-在线支付,,即时单,2025-10-21 20:06:27,9.60,扫码出餐,1,否,"番茄牛肉意面（25.90*1）,柠檬茶[常温]（6.00*1）,新奥尔良烤鸡肉披萨-7英寸(经典手拍)[{""name"":""规格"",""value"":""7英寸(经典手拍)""}]（23.90*1）,餐盒（5.00*1）",番茄牛肉意面+柠檬茶+新奥尔良烤鸡肉披萨,,,,非会员,40,,,依据餐量提供餐具,,55.80,31.16,15.00,0.00,0,0,4.49,0.00,15.60,【活动支出】店铺满减:6.00元+【活动支出】饿了么红包:9.00元+【活动支出】替用户承担配送费:5.6元,-,-,-,5.00,温州区域,温州直营,,,否,-,平台配送
圣比萨（灵溪华侨路店）,SBS00005,温州,"8082726088606662029	",饿了么,平台外卖,已完成,2025-10-21 20:06:38,2025-10-21 20:06:38,2025-10-21 20:06:39,饿了么支付-在线支付,,即时单,2025-10-21 20:06:38,9.53,手动出餐,1,否,"榴莲王披萨-7英寸（经典手拍)[{""name"":""规格"",""value"":""7英寸（经典手拍)""}]（52.00*1）,餐盒（2.00*1）",榴莲王披萨,,,,非会员,41,,,3份餐具,,52.00,17.83,25.10,0.00,0,0,2.72,0.00,6.20,【活动支出】单品特价:18.10元+【活动支出】 商家自营销加码:2.00元+【活动支出】饿了么红包:5.00元+【活动支出】替用户承担配送费:6.0元,-,-,-,2.00,温州区域,温州直营,,,否,-,平台配送
圣比萨（灵溪华侨路店）,SBS00005,温州,"8032726088661564924	",饿了么,平台外卖,已完成,2025-10-21 20:07:16,2025-10-21 20:07:16,2025-10-21 20:07:16,饿了么支付-在线支付,,即时单,2025-10-21 20:07:16,8.93,手动出餐,1,否,"奶酪芝士卷边（7英寸）（4.90*1）,榴莲王披萨-7英寸（经典手拍)[{""name"":""规格"",""value"":""7英寸（经典手拍)""}]（52.00*1）,餐盒（2.00*1）",奶酪芝士卷边7+榴莲王披萨,,,,非会员,42,,,依据餐量提供餐具,,56.90,23.12,26.10,0.00,0,0,3.13,0.00,3.50,【活动支出】店铺满减:1.00元+【活动支出】单品特价:18.10元+【活动支出】 商家自营销加码:2.00元+【活动支出】饿了么红包:5.00元+【活动支出】替用户承担配送费:3.5元,-,-,-,2.00,温州区域,温州直营,,,否,-,平台配送
圣比萨（灵溪华侨路店）,SBS00005,温州,"8010000254834143686	",饿了么,平台外卖,已完成,2025-10-21 20:07:57,2025-10-21 20:07:57,2025-10-21 20:07:57,饿了么支付-在线支付,,即时单,2025-10-21 20:07:57,7.02,扫码出餐,1,否,"番茄牛肉意面（25.90*1）,明星小食桶A（14.90*1）,餐盒（4.00*1）",番茄牛肉意面+明星小食桶A,,,,非会员,43,,,依据餐量提供餐具,,40.80,24.31,9.00,0.00,0,0,3.44,0.00,5.00,【活动支出】店铺满减:1.00元+【活动支出】 商家自营销加码:0.00元+【活动支出】饿了么红包:8.00元+【活动支出】替用户承担配送费:5.0元,-,-,-,4.00,温州区域,温州直营,,,否,-,平台配送
圣比萨（灵溪华侨路店）,SBS00005,温州,"8036050254760294862	",饿了么,平台外卖,已完成,2025-10-21 20:12:06,2025-10-21 20:12:06,2025-10-21 20:12:06,饿了么支付-在线支付,,即时单,2025-10-21 20:12:06,9.55,扫码出餐,1,否,"奥尔良烤翅（9.90*1）,新奥尔良烤鸡肉披萨-7英寸(经典手拍)[{""name"":""规格"",""value"":""7英寸(经典手拍)""}]（23.90*1）,餐盒（4.00*1）",奥尔良烤翅+新奥尔良烤鸡肉披萨,,,,非会员,44,,,2份餐具,,33.80,20.44,8.00,0.00,0,0,2.81,0.00,3.50,【活动支出】 商家自营销加码:0.00元+【活动支出】饿了么红包:8.00元+【活动支出】替用户承担配送费:3.5元,-,-,-,4.00,温州区域,温州直营,,,否,-,平台配送
圣比萨（灵溪华侨路店）,SBS00005,温州,"8054160254837819739	",饿了么,平台外卖,已完成,2025-10-21 20:12:18,2025-10-21 20:12:18,2025-10-21 20:12:19,饿了么支付-在线支付,,即时单,2025-10-21 20:12:18,10.15,扫码出餐,1,否,"可乐[常温]（5.00*1）,新奥尔良烤鸡肉披萨-7英寸(经典手拍)[{""name"":""规格"",""value"":""7英寸(经典手拍)""}]（23.90*1）,餐盒（2.00*1）",可乐+新奥尔良烤鸡肉披萨,,,,非会员,45,,,依据餐量提供餐具,,28.90,15.75,6.00,0.00,0,0,2.30,0.00,5.00,【活动支出】饿了么红包:6.00元+【活动支出】替用户承担配送费:5.0元,-,-,-,2.00,温州区域,温州直营,,,否,-,平台配送
圣比萨（灵溪华侨路店）,SBS00005,温州,"8045566088629373400	",饿了么,平台外卖,已完成,2025-10-21 20:15:22,2025-10-21 20:15:22,2025-10-21 20:15:22,饿了么支付-在线支付,,即时单,2025-10-21 20:15:22,8.72,扫码出餐,1,否,"【任选】意面随心配（41.70*1）,美式香骨鸡（8.90*1）,餐盒（3.00*1）",招牌肉酱意面+奥尔良烤翅+港式奶茶+上校鸡块+不加一,,,,非会员,46,,,依据餐量提供餐具,,50.60,31.88,9.00,0.00,0,0,4.37,0.00,3.50,【活动支出】店铺满减:1.00元+【活动支出】饿了么红包:8.00元+【活动支出】替用户承担配送费:3.5元,-,-,-,3.00,温州区域,温州直营,,,否,-,平台配送
圣比萨（灵溪华侨路店）,SBS00005,温州,"8042696088612689350	",饿了么,平台外卖,已完成,2025-10-21 20:22:17,2025-10-21 20:22:17,2025-10-21 20:22:17,饿了么支付-在线支付,,即时单,2025-10-21 20:22:17,7.58,扫码出餐,1,否,"榴莲王披萨-9英寸(经典手拍)[{""name"":""规格"",""value"":""9英寸(经典手拍)""}]（92.00*1）,餐盒（2.00*1）",榴莲王披萨,,,,非会员,47,,,依据餐量提供餐具,,92.00,36.02,43.10,0.00,0,0,5.03,0.00,5.00,【活动支出】店铺满减:1.00元+【活动支出】单品特价:42.10元+【活动支出】替用户承担配送费:5.0元,-,-,-,2.00,温州区域,温州直营,,,否,-,平台配送
圣比萨（灵溪华侨路店）,SBS00005,温州,"8068030254661067255	",饿了么,平台外卖,已完成,2025-10-21 20:30:03,2025-10-21 20:30:03,2025-10-21 20:30:03,饿了么支付-在线支付,,即时单,2025-10-21 20:30:03,5.28,扫码出餐,1,否,"【任选】意面随心配（41.70*1）,餐盒（2.00*1）",番茄牛肉意面+奥尔良烤翅+港式奶茶+地道肠1根+不加一,,,,非会员,48,,,依据餐量提供餐具,,41.70,23.33,10.00,0.00,0,0,3.22,0.00,3.50,【活动支出】店铺满减:1.00元+【活动支出】饿了么红包:9.00元+【活动支出】替用户承担配送费:3.5元,-,-,-,2.00,温州区域,温州直营,,,否,-,平台配送
圣比萨（灵溪华侨路店）,SBS00005,温州,"8086380254843523362	",饿了么,平台外卖,已完成,2025-10-21 20:30:45,2025-10-21 20:30:45,2025-10-21 20:30:45,饿了么支付-在线支付,,即时单,2025-10-21 20:30:45,9.07,扫码出餐,1,否,"招牌肉酱意面（52.00*1）,蛋挞一个（原味）（3.90*1）,现烤蛋挞-1个[{""name"":""规格"",""value"":""1个""}]（3.90*1）,餐盒（4.50*1）",招牌肉酱意面+蛋挞1个+现烤蛋挞,,,,非会员,49,,,依据餐量提供餐具,,59.80,19.08,36.01,0.00,0,0,2.66,0.00,4.50,【活动支出】单品特价:26.10元+【活动支出】单品特价:2.91元+【活动支出】 商家自营销加码:2.00元+【活动支出】饿了么红包:5.00元+【活动支出】替用户承担配送费:4.5元,-,-,-,4.50,温州区域,温州直营,,,否,-,平台配送
圣比萨（灵溪华侨路店）,SBS00005,温州,"8067120254841446711	",饿了么,平台外卖,已完成,2025-10-21 20:34:22,2025-10-21 20:34:22,2025-10-21 20:34:22,饿了么支付-在线支付,,即时单,2025-10-21 20:34:22,10.23,自动出餐,1,否,"【随心❤️拼】9英寸双拼披萨(口味自选)[水果+培根鸡肉]（41.90*1）,餐盒（2.00*1）",双拼9寸【缤纷水果口味9】+双拼9寸【鸡肉培根口味9】,,,,非会员,50,,,依据餐量提供餐具,,41.90,23.51,10.00,0.00,0,0,3.24,0.00,3.50,【活动支出】店铺满减:1.00元+【活动支出】粉丝群:1.00元+【活动支出】饿了么红包:8.00元+【活动支出】替用户承担配送费:3.5元,-,-,-,2.00,温州区域,温州直营,,,否,-,平台配送
圣比萨（灵溪华侨路店）,SBS00005,温州,"8095140254663422213	",饿了么,平台外卖,已完成,2025-10-21 20:37:07,2025-10-21 20:37:07,2025-10-21 20:37:07,饿了么支付-在线支付,,即时单,2025-10-21 20:37:07,7.63,扫码出餐,1,否,"【随心❤️拼】7英寸双拼披萨(口味自选）[水果+奥尔良]（26.90*1）,餐盒（2.00*1）",双拼7寸【缤纷水果口味7】+双拼7寸【奥尔良口味7】,,,,非会员,51,,,不要按门铃！不要按门铃！ / 依据餐量提供餐具,,26.90,14.57,7.00,0.00,0,0,1.98,0.00,3.50,【活动支出】饿了么红包:7.00元+【活动支出】替用户承担配送费:3.5元,-,-,-,2.00,温州区域,温州直营,,,否,-,平台配送
圣比萨（灵溪华侨路店）,SBS00005,温州,"8037100254844023164	",饿了么,平台外卖,已完成,2025-10-21 20:38:33,2025-10-21 20:38:33,2025-10-21 20:38:33,饿了么支付-在线支付,,即时单,2025-10-21 20:38:33,9.95,扫码出餐,1,否,"【任选】披萨随心配（31.90*1）,餐盒（2.00*1）",不加一+新奥尔良烤鸡肉披萨(7英寸(手拍))+不加一+小薯条+可乐,,,,非会员,53,,,可乐要冰的谢谢 / 依据餐量提供餐具,,31.90,17.54,7.00,0.00,0,0,2.51,0.00,4.50,【活动支出】饿了么红包:7.00元+【活动支出】替用户承担配送费:4.5元,-,-,-,2.00,温州区域,温州直营,,,否,-,平台配送
圣比萨（灵溪华侨路店）,SBS00005,温州,"8007686088672863673	",饿了么,平台外卖,已完成,2025-10-21 20:38:33,2025-10-21 20:38:33,2025-10-21 20:38:34,饿了么支付-在线支付,,即时单,2025-10-21 20:38:33,10.23,自动出餐,1,否,"咸蛋黄风味流沙卷边（7英寸）（4.90*1）,新奥尔良烤鸡肉披萨-7英寸(经典手拍)[{""name"":""规格"",""value"":""7英寸(经典手拍)""}]（23.90*1）,餐盒（2.00*1）",咸蛋黄流沙卷边7+新奥尔良烤鸡肉披萨,,,,非会员,52,,,依据餐量提供餐具,,28.80,16.56,6.00,0.00,0,0,2.29,0.00,3.50,【活动支出】饿了么红包:6.00元+【活动支出】替用户承担配送费:3.5元,-,-,-,2.00,温州区域,温州直营,,,否,-,平台配送
圣比萨（灵溪华侨路店）,SBS00005,温州,"8020490254763800908	",饿了么,平台外卖,已完成,2025-10-21 20:39:08,2025-10-21 20:39:08,2025-10-21 20:39:08,饿了么支付-在线支付,,即时单,2025-10-21 20:39:08,10.23,自动出餐,1,否,新奥尔良烤鸡肉披萨7寸-单点（20.00*1）,新奥尔良烤鸡肉披萨【7英寸(手拍)】,,,,非会员,54,,,不用打电话，直接放门口鞋柜上 / 依据餐量提供餐具,,20.00,10.00,0.00,0.00,0,0,0.00,0.00,,【活动支出】拼团反圈活动:0.00元,-,-,-,0.00,温州区域,温州直营,,,否,-,平台配送
圣比萨（灵溪华侨路店）,SBS00005,温州,"8079290254851194324	",饿了么,平台外卖,已完成,2025-10-21 20:43:01,2025-10-21 20:43:01,2025-10-21 20:43:01,饿了么支付-在线支付,,即时单,2025-10-21 20:43:01,8.20,扫码出餐,1,否,"奶酪芝士卷边（7英寸）（4.90*1）,新奥尔良烤鸡肉披萨-7英寸(经典手拍)[{""name"":""规格"",""value"":""7英寸(经典手拍)""}]（23.90*1）,餐盒（2.00*1）",奶酪芝士卷边7+新奥尔良烤鸡肉披萨,,,,非会员,55,,,依据餐量提供餐具,,28.80,16.56,5.00,0.00,0,0,2.39,0.00,4.50,【活动支出】饿了么红包:5.00元+【活动支出】替用户承担配送费:4.5元,-,-,-,2.00,温州区域,温州直营,,,否,-,平台配送
圣比萨（灵溪华侨路店）,SBS00005,温州,"8036350254753075510	",饿了么,平台外卖,已完成,2025-10-21 20:50:11,2025-10-21 20:50:11,2025-10-21 20:50:11,饿了么支付-在线支付,,即时单,2025-10-21 20:50:11,7.95,扫码出餐,1,否,"现烤蛋挞-2个[{""name"":""规格"",""value"":""2个""}]（6.90*1）,榴莲王披萨-7英寸（经典手拍)[{""name"":""规格"",""value"":""7英寸（经典手拍)""}]（52.00*1）,可乐[常温]（5.00*1）,奥尔良烤翅（9.90*1）,餐盒（6.00*1）",现烤蛋挞+榴莲王披萨+可乐+奥尔良烤翅,,,,非会员,56,,,依据餐量提供餐具,,73.80,33.76,33.10,0.00,0,0,4.59,0.00,3.50,【活动支出】店铺满减:6.00元+【活动支出】单品特价:18.10元+【活动支出】饿了么红包:9.00元+【活动支出】替用户承担配送费:3.5元,-,-,-,6.00,温州区域,温州直营,,,否,-,平台配送
圣比萨（灵溪华侨路店）,SBS00005,温州,"8044270254776340899	",饿了么,平台外卖,已完成,2025-10-21 20:59:48,2025-10-21 20:59:48,2025-10-21 20:59:48,饿了么支付-在线支付,,即时单,2025-10-21 20:59:48,5.82,扫码出餐,1,否,新奥尔良烤鸡肉披萨7寸-单点（20.00*1）,新奥尔良烤鸡肉披萨【7英寸(手拍)】,,,,非会员,57,,,依据餐量提供餐具,,20.00,10.00,0.00,0.00,0,0,0.00,0.00,,【活动支出】拼团反圈活动:0.00元,-,-,-,0.00,温州区域,温州直营,,,否,-,平台配送
圣比萨（灵溪华侨路店）,SBS00005,温州,"8031916088623948225	",饿了么,平台外卖,已完成,2025-10-21 21:02:06,2025-10-21 21:02:06,2025-10-21 21:02:06,饿了么支付-在线支付,,即时单,2025-10-21 21:02:06,6.47,扫码出餐,1,否,"新奥尔良烤鸡肉披萨-9英寸(经典手拍)[{""name"":""规格"",""value"":""9英寸(经典手拍)""}]（39.90*1）,餐盒（2.00*1）",新奥尔良烤鸡肉披萨,,,,非会员,58,,,依据餐量提供餐具,,39.90,28.67,1.00,0.00,0,0,3.98,0.00,5.60,【活动支出】店铺满减:1.00元+【活动支出】替用户承担配送费:5.6元,-,-,-,2.00,温州区域,温州直营,,,否,-,平台配送
圣比萨（灵溪华侨路店）,SBS00005,温州,"8034836088661927392	",饿了么,平台外卖,已完成,2025-10-21 21:08:23,2025-10-21 21:08:23,2025-10-21 21:08:23,饿了么支付-在线支付,,即时单,2025-10-21 21:08:23,5.88,扫码出餐,1,否,"榴莲王披萨-7英寸（经典手拍)[{""name"":""规格"",""value"":""7英寸（经典手拍)""}]（52.00*1）,餐盒（2.00*1）",榴莲王披萨,,,,非会员,59,,,2份餐具,,52.00,18.84,26.10,0.00,0,0,2.61,0.00,5.60,【活动支出】单品特价:18.10元+【活动支出】粉丝群:1.00元+【活动支出】饿了么红包:7.00元+【活动支出】替用户承担配送费:5.6元,-,-,-,2.00,温州区域,温州直营,,,否,-,平台配送
圣比萨（灵溪华侨路店）,SBS00005,温州,"8096110254756837747	",饿了么,平台外卖,已完成,2025-10-21 21:17:07,2025-10-21 21:17:07,2025-10-21 21:17:07,饿了么支付-在线支付,,即时单,2025-10-21 21:17:07,6.87,扫码出餐,1,否,"地道肠（3.90*1）,新奥尔良烤鸡肉披萨-7英寸(经典手拍)[{""name"":""规格"",""value"":""7英寸(经典手拍)""}]（23.90*1）,餐盒（3.00*1）",地道肠1根+新奥尔良烤鸡肉披萨,,,,非会员,60,,,依据餐量提供餐具,,27.80,13.97,8.00,0.00,0,0,2.08,0.00,6.60,【活动支出】粉丝群:1.00元+【活动支出】饿了么红包:7.00元+【活动支出】替用户承担配送费:6.0元,-,-,-,3.00,温州区域,温州直营,,,否,-,平台配送
圣比萨（灵溪华侨路店）,SBS00005,温州,"8030906088669732131	",饿了么,平台外卖,已完成,2025-10-21 21:31:54,2025-10-21 21:31:54,2025-10-21 21:31:54,饿了么支付-在线支付,,即时单,2025-10-21 21:31:54,6.07,扫码出餐,1,否,新奥尔良烤鸡肉披萨7寸-单点（20.00*1）,新奥尔良烤鸡肉披萨【7英寸(手拍)】,,,,非会员,61,,,依据餐量提供餐具,,20.00,10.00,0.00,0.00,0,0,0.00,0.00,,【活动支出】爆品团通吃券:0.00元,-,-,-,0.00,温州区域,温州直营,,,否,-,平台配送
圣比萨（灵溪华侨路店）,SBS00005,温州,"8068936088639495667	",饿了么,平台外卖,已完成,2025-10-21 21:34:52,2025-10-21 21:34:52,2025-10-21 21:34:52,饿了么支付-在线支付,,即时单,2025-10-21 21:34:52,7.45,扫码出餐,1,否,手握三选一-单点[奥尔良]（20.00*1）,奥尔良风情烤鸡肉一人食盒子披萨,,,,非会员,62,,,依据餐量提供餐具,,20.00,10.00,0.00,0.00,0,0,0.00,0.00,,【活动支出】拼团反圈活动:0.00元,-,-,-,0.00,温州区域,温州直营,,,否,-,平台配送
圣比萨（灵溪华侨路店）,SBS00005,温州,"8012030254785687962	",饿了么,平台外卖,已完成,2025-10-21 21:52:02,2025-10-21 21:52:02,2025-10-21 21:52:02,饿了么支付-在线支付,,即时单,2025-10-21 21:52:02,8.73,手动出餐,1,否,"【随心❤️拼】7英寸双拼披萨(口味自选）[奥尔良+水果]（26.90*1）,奶酪芝士卷边（7英寸）（4.90*1）,餐盒（2.00*1）",双拼7寸【奥尔良口味7】+双拼7寸【缤纷水果口味7】+奶酪芝士卷边7,,,,非会员,63,,,2份餐具,,31.80,17.85,7.00,0.00,0,0,2.50,0.00,5.60,【活动支出】饿了么红包:7.00元+【活动支出】替用户承担配送费:5.6元,-,-,-,2.00,温州区域,温州直营,,,否,-,平台配送
圣比萨（灵溪华侨路店）,SBS00005,温州,"8013726088657048045	",饿了么,平台外卖,已完成,2025-10-21 21:52:59,2025-10-21 21:52:59,2025-10-21 21:53:00,饿了么支付-在线支付,,即时单,2025-10-21 21:52:59,7.67,扫码出餐,1,否,"奶酪芝士卷边（7英寸）（4.90*1）,榴莲王披萨-7英寸（经典手拍)[{""name"":""规格"",""value"":""7英寸（经典手拍)""}]（52.00*1）,餐盒（2.00*1）",奶酪芝士卷边7+榴莲王披萨,,,,非会员,64,,,依据餐量提供餐具,,56.90,21.73,27.10,0.00,0,0,3.02,0.00,5.60,【活动支出】店铺满减:1.00元+【活动支出】单品特价:18.10元+【活动支出】饿了么红包:8.00元+【活动支出】替用户承担配送费:5.6元,-,-,-,2.00,温州区域,温州直营,,,否,-,平台配送
圣比萨（灵溪华侨路店）,SBS00005,温州,"8049150254792948073	",饿了么,平台外卖,已完成,2025-10-21 22:09:38,2025-10-21 22:09:38,2025-10-21 22:09:38,饿了么支付-在线支付,,即时单,2025-10-21 22:09:38,6.83,扫码出餐,1,否,"新奥尔良烤鸡肉披萨-7英寸(经典手拍)[{""name"":""规格"",""value"":""7英寸(经典手拍)""}]（23.90*1）,餐盒（2.00*1）",新奥尔良烤鸡肉披萨,,,,非会员,65,,,依据餐量提供餐具,,23.90,10.48,7.00,0.00,0,0,1.67,0.00,6.60,【活动支出】 商家自营销加码:2.00元+【活动支出】饿了么红包:5.00元+【活动支出】替用户承担配送费:6.0元,-,-,-,2.00,温州区域,温州直营,,,否,-,平台配送
圣比萨（灵溪华侨路店）,SBS00005,温州,"8039736088680290580	",饿了么,平台外卖,已完成,2025-10-21 22:15:51,2025-10-21 22:15:51,2025-10-21 22:15:52,饿了么支付-在线支付,,即时单,2025-10-21 22:15:51,5.05,扫码出餐,1,否,"缤纷水果披萨-7英寸(经典手拍)[{""name"":""规格"",""value"":""7英寸(经典手拍)""}]（42.88*1）",缤纷水果披萨,,,,非会员,66,,,依据餐量提供餐具,,42.88,11.02,23.38,0.00,0,0,1.73,0.00,6.60,【活动支出】单品特价:23.38元+【活动支出】替用户承担配送费:6.0元,-,-,-,0.00,温州区域,温州直营,,,否,-,平台配送
圣比萨（灵溪华侨路店）,SBS00005,温州,"8001270254689688985	",饿了么,平台外卖,已完成,2025-10-21 22:36:41,2025-10-21 22:36:41,2025-10-21 22:36:41,饿了么支付-在线支付,,即时单,2025-10-21 22:36:41,7.12,扫码出餐,1,否,新奥尔良烤鸡肉披萨7寸-单点（20.00*1）,新奥尔良烤鸡肉披萨【7英寸(手拍)】,,,,非会员,67,,,依据餐量提供餐具,,20.00,10.00,0.00,0.00,0,0,0.00,0.00,,【活动支出】爆品团通吃券:0.00元,-,-,-,0.00,温州区域,温州直营,,,否,-,平台配送
圣比萨（平阳百悦广场店）,SBM00027,温州,"8097330254477886900	",饿了么,平台外卖,已完成,2025-10-21 11:11:53,2025-10-21 11:11:53,2025-10-21 11:11:53,饿了么支付-在线支付,,即时单,2025-10-21 11:11:53,4.78,手动出餐,1,否,番茄牛肉意面-单点（22.59*1）,番茄牛肉意面,,,,非会员,1,,,依据餐量提供餐具,,22.59,12.59,0.00,0.00,0,0,0.00,0.00,,【活动支出】拼团反圈活动:0.00元,-,-,-,0.00,温州区域,温州加盟,,,否,-,平台配送
圣比萨（平阳百悦广场店）,SBM00027,温州,"8002130254421245322	",饿了么,平台外卖,已完成,2025-10-21 11:35:41,2025-10-21 11:35:41,2025-10-21 11:35:41,饿了么支付-在线支付,,即时单,2025-10-21 11:35:41,10.07,手动出餐,1,否,"榴莲王披萨9英寸（92.00*1）,餐盒（2.00*1）",榴莲王披萨9英寸,,,,非会员,2,,,2份餐具,,92.00,29.71,52.00,0.00,0,0,4.04,0.00,3.50,【活动支出】店铺满减:1.00元+【活动支出】单品特价:43.00元+【活动支出】饿了么红包:8.00元+【活动支出】替用户承担配送费:3.5元,-,-,-,2.00,温州区域,温州加盟,,,否,-,平台配送
圣比萨（平阳百悦广场店）,SBM00027,温州,"8003260254528646611	",饿了么,平台外卖,已完成,2025-10-21 11:59:30,2025-10-21 11:59:30,2025-10-21 11:59:31,饿了么支付-在线支付,,即时单,2025-10-21 11:59:30,11.40,手动出餐,1,否,"新奥尔良烤鸡肉披萨7寸-单点[{""name"":""规格"",""value"":""单点""}]（22.00*1）",新奥尔良烤鸡肉披萨【7英寸(手拍)】,,,,非会员,3,,,依据餐量提供,,22.00,12.00,0.00,0.00,0,0,0.00,0.00,,【活动支出】拼团反圈活动:0.00元,-,-,-,0.00,温州区域,温州加盟,,,否,-,平台配送
圣比萨（平阳百悦广场店）,SBM00027,温州,"8061020254491321816	",饿了么,平台外卖,已完成,2025-10-21 13:46:50,2025-10-21 13:46:50,2025-10-21 13:46:50,饿了么支付-在线支付,,即时单,2025-10-21 13:46:50,10.25,手动出餐,1,否,【任选3件套】个人披萨意面焗饭套餐随心配（74.00*1）,明星小食桶B+可乐+新奥尔良烤鸡肉披萨(7英寸(手拍)),,,,非会员,4,,,依据餐量提供餐具,,74.00,22.32,41.60,0.00,0,0,3.03,0.00,3.50,【活动支出】单品特价:41.60元+【活动支出】替用户承担配送费:3.5元,-,-,-,0.00,温州区域,温州加盟,,,否,-,平台配送
圣比萨（平阳百悦广场店）,SBM00027,温州,"8039676088482190609	",饿了么,平台外卖,已完成,2025-10-21 13:49:02,2025-10-21 13:49:02,2025-10-21 13:49:03,饿了么支付-在线支付,,即时单,2025-10-21 13:49:02,13.85,手动出餐,1,否,"牛肉蘑菇披萨9英寸（78.00*1）,餐盒（2.00*1）",炙热牛魔王披萨【9英寸(手拍)】,,,,非会员,5,,,依据餐量提供餐具,,78.00,18.69,47.40,0.00,0,0,3.06,0.00,6.80,【活动支出】店铺满减:1.00元+【活动支出】单品特价:38.40元+【活动支出】 商家自营销加码:0.00元+【活动支出】饿了么红包:8.00元+【活动支出】替用户承担配送费:5.0元,-,-,-,2.00,温州区域,温州加盟,,,否,-,平台配送
圣比萨（平阳百悦广场店）,SBM00027,温州,"8046250254689765692	",饿了么,平台外卖,已完成,2025-10-21 14:35:04,2025-10-21 14:35:04,2025-10-21 14:35:05,饿了么支付-在线支付,,即时单,2025-10-21 14:35:04,28.67,被动出餐,1,否,7寸日系照烧鸡披萨-单点（22.00*1）,日系照烧鸡披萨【7英寸(手拍)】,,,,非会员,6,,,依据餐量提供餐具,,22.00,12.00,0.00,0.00,0,0,0.00,0.00,,【活动支出】拼团反圈活动:0.00元,-,-,-,0.00,温州区域,温州加盟,,,否,-,平台配送
圣比萨（平阳百悦广场店）,SBM00027,温州,"8098040254624048558	",饿了么,平台外卖,已完成,2025-10-21 15:17:58,2025-10-21 15:17:58,2025-10-21 15:17:59,饿了么支付-在线支付,,即时单,2025-10-21 15:17:58,23.53,手动出餐,1,否,"7寸日系照烧鸡披萨-单点[{""name"":""规格"",""value"":""单点""}]（22.00*1）",日系照烧鸡披萨【7英寸(手拍)】,,,,非会员,7,,,依据餐量提供,,22.00,12.00,0.00,0.00,0,0,0.00,0.00,,【活动支出】拼团反圈活动:0.00元,-,-,-,0.00,温州区域,温州加盟,,,否,-,平台配送
圣比萨（平阳百悦广场店）,SBM00027,温州,"8022876088494225762	",饿了么,平台外卖,已完成,2025-10-21 15:30:49,2025-10-21 15:30:49,2025-10-21 15:30:49,饿了么支付-在线支付,,即时单,2025-10-21 15:30:49,10.72,手动出餐,1,否,"新奥尔良烤鸡肉披萨9英寸（78.00*1）,餐盒（2.00*1）",新奥尔良烤鸡肉披萨【9英寸(手拍)】,,,,非会员,8,,,3份餐具,,78.00,20.54,47.40,0.00,0,0,3.11,0.00,5.60,【活动支出】店铺满减:1.00元+【活动支出】单品特价:38.40元+【活动支出】 商家自营销加码:0.00元+【活动支出】饿了么红包:8.00元+【活动支出】替用户承担配送费:5.6元,-,-,-,2.00,温州区域,温州加盟,,,否,-,平台配送
圣比萨（平阳百悦广场店）,SBM00027,温州,"8039746088555315577	",饿了么,平台外卖,已完成,2025-10-21 16:27:21,2025-10-21 16:27:21,2025-10-21 16:27:21,饿了么支付-在线支付,,即时单,2025-10-21 16:27:21,27.17,手动出餐,1,否,"蛋挞（10.00*1）,蛋挞1个（5.00*1）,碳烤鸡肉芝士焗饭（52.00*1）,餐盒（4.00*1）",蛋挞+蛋挞1个+碳烤鸡肉芝士焗饭,,,,非会员,9,,,依据餐量提供餐具,,67.00,16.89,41.81,0.00,0,0,2.75,0.00,5.60,【活动支出】单品特价:3.40元+【活动支出】单品特价:4.01元+【活动支出】单品特价:26.40元+【活动支出】饿了么红包:8.00元+【活动支出】替用户承担配送费:5.6元,-,-,-,4.00,温州区域,温州加盟,,,否,-,平台配送
圣比萨（平阳百悦广场店）,SBM00027,温州,"8036696088514570538	",饿了么,平台外卖,已完成,2025-10-21 16:34:07,2025-10-21 16:34:07,2025-10-21 16:34:07,饿了么支付-在线支付,,即时单,2025-10-21 16:34:07,20.43,手动出餐,1,否,"榴莲王披萨12英寸（129.00*1）,餐盒（2.00*1）",榴莲王披萨12英寸,,,,非会员,10,,,1份餐具,,129.00,38.14,77.40,0.00,0,0,5.31,0.00,3.50,【活动支出】店铺满减:6.00元+【活动支出】单品特价:59.40元+【活动支出】CPS商户叠加券:0.00元+【活动支出】饿了么红包:12.00元+【活动支出】替用户承担配送费:3.5元,-,-,-,2.00,温州区域,温州加盟,,,否,-,平台配送
圣比萨（平阳百悦广场店）,SBM00027,温州,"8022716088539107740	",饿了么,平台外卖,已完成,2025-10-21 16:37:14,2025-10-21 16:37:14,2025-10-21 16:37:15,饿了么支付-在线支付,,即时单,2025-10-21 16:37:14,18.62,手动出餐,1,否,"【任选10件套】十全十美尽享套餐（258.00*1）,【任选10件套】十全十美尽享套餐（258.00*1）,餐盒（4.00*1）",浪漫威尼斯披萨(9英寸(手拍))+缤纷水果披萨(9英寸(手拍))+芒果汁+可乐+柠檬茶+深海墨鱼丸(3个)+蛋挞+蛋挞+上校鸡块+浪漫威尼斯披萨(9英寸(手拍))+大圣招牌大满贯披萨(9英寸(手拍))+芒果汁+可乐+柠檬茶+蛋挞+蛋挞+蛋挞+蛋挞,,,,非会员,11,,,10份餐具,,516.00,141.33,333.00,0.00,0,0,19.32,0.00,3.50,【活动支出】店铺满减:6.00元+【活动支出】单品特价:315.00元+【活动支出】饿了么红包:12.00元+【活动支出】替用户承担配送费:3.5元,-,-,-,4.00,温州区域,温州加盟,,,否,-,平台配送
圣比萨（平阳百悦广场店）,SBM00027,温州,"8050966088507166084	",饿了么,平台外卖,已完成,2025-10-21 16:52:47,2025-10-21 16:52:47,2025-10-21 16:52:48,饿了么支付-在线支付,,即时单,2025-10-21 16:52:47,23.17,手动出餐,1,否,"新奥尔良烤鸡肉披萨9英寸（78.00*1）,餐盒（2.00*1）",新奥尔良烤鸡肉披萨【9英寸(手拍)】,,,,非会员,12,,,依据餐量提供餐具,,78.00,21.45,48.40,0.00,0,0,3.00,0.00,3.50,【活动支出】店铺满减:1.00元+【活动支出】单品特价:38.40元+【活动支出】饿了么红包:9.00元+【活动支出】替用户承担配送费:3.5元,-,-,-,2.00,温州区域,温州加盟,,,否,-,平台配送
圣比萨（平阳百悦广场店）,SBM00027,温州,"8069936088525679966	",饿了么,平台外卖,已完成,2025-10-21 17:04:36,2025-10-21 17:04:36,2025-10-21 17:04:37,饿了么支付-在线支付,,即时单,2025-10-21 17:04:36,11.10,手动出餐,1,否,"新奥尔良烤鸡肉披萨7寸-单点[{""name"":""规格"",""value"":""单点""}]（22.00*1）",新奥尔良烤鸡肉披萨【7英寸(手拍)】,,,,非会员,13,,,-,,22.00,12.00,0.00,0.00,0,0,0.00,0.00,,【活动支出】拼团反圈活动:0.00元,-,-,-,0.00,温州区域,温州加盟,,,否,-,平台配送
圣比萨（平阳百悦广场店）,SBM00027,温州,"8076766088528773568	",饿了么,平台外卖,已完成,2025-10-21 17:10:07,2025-10-21 17:10:07,2025-10-21 17:10:08,饿了么支付-在线支付,,即时单,2025-10-21 17:10:07,8.55,手动出餐,1,否,新奥尔良烤鸡肉披萨7寸-单点（22.00*1）,新奥尔良烤鸡肉披萨【7英寸(手拍)】,,,,非会员,14,,,依据餐量提供餐具,,22.00,12.00,0.00,0.00,0,0,0.00,0.00,,【活动支出】拼团反圈活动:0.00元,-,-,-,0.00,温州区域,温州加盟,,,否,-,平台配送
圣比萨（平阳百悦广场店）,SBM00027,温州,"8006536088513355230	",饿了么,平台外卖,已完成,2025-10-21 17:12:16,2025-10-21 17:12:16,2025-10-21 17:12:17,饿了么支付-在线支付,,即时单,2025-10-21 17:12:16,13.70,手动出餐,1,否,"明星小食桶A（35.00*1）,新奥尔良烤鸡肉披萨12英寸（109.00*1）,餐盒（4.00*1）",明星小食桶A+新奥尔良烤鸡肉披萨【12英寸(手拍)】,,,,非会员,15,,,4份餐具,,144.00,47.52,81.90,0.00,0,0,6.63,0.00,3.50,【活动支出】店铺满减:6.00元+【活动支出】单品特价:14.50元+【活动支出】单品特价:49.40元+【活动支出】饿了么红包:12.00元+【活动支出】替用户承担配送费:3.5元,-,-,-,4.00,温州区域,温州加盟,,,否,-,平台配送
圣比萨（平阳百悦广场店）,SBM00027,温州,"8005576088538159524	",饿了么,平台外卖,已完成,2025-10-21 17:23:15,2025-10-21 17:23:15,2025-10-21 17:23:15,饿了么支付-在线支付,,即时单,2025-10-21 17:23:15,7.43,手动出餐,1,否,【任选3件套】个人披萨意面焗饭套餐随心配（74.00*1）,明星小食桶B+港式奶茶+番茄牛肉意面,,,,非会员,16,,,依据餐量提供餐具,,74.00,22.76,41.60,0.00,0,0,3.09,0.00,3.50,【活动支出】单品特价:41.60元+【活动支出】替用户承担配送费:3.5元,-,-,-,0.00,温州区域,温州加盟,,,否,-,平台配送
圣比萨（平阳百悦广场店）,SBM00027,温州,"8048100254583594329	",饿了么,平台外卖,已完成,2025-10-21 17:52:26,2025-10-21 17:52:26,2025-10-21 17:52:26,饿了么支付-在线支付,,即时单,2025-10-21 17:52:26,11.65,手动出餐,1,否,【任选5件套】披萨意面我全都要（128.00*1）,招牌肉酱意面+碳烤鸡肉培根披萨(7英寸(手拍))+明星小食桶A+可乐+港式奶茶,,,,非会员,17,,,1份餐具,,128.00,33.49,81.60,0.00,0,0,4.56,0.00,3.50,【活动支出】单品特价:81.60元+【活动支出】替用户承担配送费:3.5元,-,-,-,0.00,温州区域,温州加盟,,,否,-,平台配送
圣比萨（平阳百悦广场店）,SBM00027,温州,"8094656088603696614	",饿了么,平台外卖,已完成,2025-10-21 18:08:50,2025-10-21 18:08:50,2025-10-21 18:08:50,饿了么支付-在线支付,,即时单,2025-10-21 18:08:50,8.40,手动出餐,1,否,7寸日系照烧鸡披萨-拼团（20.60*1）,日系照烧鸡披萨【7英寸(手拍)】,,,,非会员,18,,,依据餐量提供餐具,,20.60,12.00,0.00,0.00,0,0,0.00,0.00,,【活动支出】拼团反圈活动:0.00元,-,-,-,0.00,温州区域,温州加盟,,,否,-,平台配送
圣比萨（平阳百悦广场店）,SBM00027,温州,"8044450254599000524	",饿了么,平台外卖,已完成,2025-10-21 18:25:50,2025-10-21 18:25:50,2025-10-21 18:25:50,饿了么支付-在线支付,,即时单,2025-10-21 18:25:50,11.77,手动出餐,1,否,【任选3件套】个人披萨意面焗饭套餐随心配（74.00*1）,明星小食桶B+可乐+咖喱鸡肉芝士焗饭,,,,非会员,19,,,依据餐量提供餐具,,74.00,22.76,41.60,0.00,0,0,3.09,0.00,3.50,【活动支出】单品特价:41.60元+【活动支出】替用户承担配送费:3.5元,-,-,-,0.00,温州区域,温州加盟,,,否,-,平台配送
圣比萨（平阳百悦广场店）,SBM00027,温州,"8088746088597348630	",饿了么,平台外卖,已完成,2025-10-21 18:35:07,2025-10-21 18:35:07,2025-10-21 18:35:07,饿了么支付-在线支付,,即时单,2025-10-21 18:35:07,9.93,手动出餐,1,否,新奥尔良烤鸡肉披萨7寸-单点（22.00*1）,新奥尔良烤鸡肉披萨【7英寸(手拍)】,,,,非会员,20,,,依据餐量提供餐具,,22.00,12.00,0.00,0.00,0,0,0.00,0.00,,【活动支出】拼团反圈活动:0.00元,-,-,-,0.00,温州区域,温州加盟,,,否,-,平台配送
圣比萨（平阳百悦广场店）,SBM00027,温州,"8082976088586544622	",饿了么,平台外卖,已完成,2025-10-21 18:41:51,2025-10-21 18:41:51,2025-10-21 18:41:51,饿了么支付-在线支付,,即时单,2025-10-21 18:41:51,9.87,手动出餐,1,否,"香辣牛肉披萨9英寸（78.00*1）,餐盒（2.00*1）",川香辣牛肉披萨【9英寸(手拍)】,,,,非会员,21,,,依据餐量提供餐具,,78.00,22.34,47.40,0.00,0,0,3.11,0.00,3.50,【活动支出】店铺满减:1.00元+【活动支出】单品特价:38.40元+【活动支出】 商家自营销加码:0.00元+【活动支出】饿了么红包:8.00元+【活动支出】替用户承担配送费:3.5元,-,-,-,2.00,温州区域,温州加盟,,,否,-,平台配送
圣比萨（平阳百悦广场店）,SBM00027,温州,"8010130254719638893	",饿了么,平台外卖,已完成,2025-10-21 18:47:48,2025-10-21 18:47:48,2025-10-21 18:47:48,饿了么支付-在线支付,,即时单,2025-10-21 18:47:48,13.55,手动出餐,1,否,招牌肉酱芝士焗饭（52.00*1）,招牌肉酱芝士焗饭,,,,非会员,22,,,依据餐量提供餐具,,52.00,12.33,32.60,0.00,0,0,1.72,0.00,3.50,【活动支出】单品特价:32.60元+【活动支出】替用户承担配送费:3.5元,-,-,-,0.00,温州区域,温州加盟,,,否,-,平台配送
圣比萨（平阳百悦广场店）,SBM00027,温州,"8069380254720692626	",饿了么,平台外卖,已完成,2025-10-21 19:26:40,2025-10-21 19:26:40,2025-10-21 19:26:40,饿了么支付-在线支付,,即时单,2025-10-21 19:26:40,10.48,手动出餐,1,否,"新奥尔良烤鸡肉披萨9英寸（78.00*1）,餐盒（2.00*1）",新奥尔良烤鸡肉披萨【9英寸(手拍)】,,,,非会员,23,,,依据餐量提供餐具,,78.00,18.76,51.40,0.00,0,0,2.69,0.00,3.50,【活动支出】店铺满减:1.00元+【活动支出】单品特价:38.40元+【活动支出】饿了么红包:12.00元+【活动支出】替用户承担配送费:3.5元,-,-,-,2.00,温州区域,温州加盟,,,否,-,平台配送
圣比萨（平阳百悦广场店）,SBM00027,温州,"8054360254821765576	",饿了么,平台外卖,已完成,2025-10-21 19:43:06,2025-10-21 19:43:06,2025-10-21 19:43:06,饿了么支付-在线支付,,即时单,2025-10-21 19:43:06,10.27,手动出餐,1,否,"蛋挞1个（5.00*1）,【任选4件套】畅享开吃套餐（108.00*1）,餐盒（3.00*1）",蛋挞1个+芒果汁+港式奶茶+大圣招牌大满贯披萨(9英寸(手拍))+明星小食桶B,,,,非会员,24,,,依据餐量提供餐具,,113.00,35.96,65.50,0.00,0,0,4.99,0.00,3.50,【活动支出】店铺满减:6.00元+【活动支出】单品特价:47.50元+【活动支出】饿了么红包:12.00元+【活动支出】替用户承担配送费:3.5元,-,-,-,3.00,温州区域,温州加盟,,,否,-,平台配送
圣比萨（平阳百悦广场店）,SBM00027,温州,"8063516088634170806	",饿了么,平台外卖,已完成,2025-10-21 19:45:58,2025-10-21 19:45:58,2025-10-21 19:45:58,饿了么支付-在线支付,,即时单,2025-10-21 19:45:58,10.30,手动出餐,1,否,"圣比招牌披萨9英寸（78.00*1）,餐盒（2.00*1）",大圣招牌大满贯披萨【9英寸(手拍)】,,,,非会员,25,,,依据餐量提供餐具,,78.00,30.09,37.40,0.00,0,0,4.16,0.00,3.50,【活动支出】店铺满减:1.00元+【活动支出】单品特价:28.40元+【活动支出】超级会员专享红包:8.00元+【活动支出】 商家自营销加码:0.00元+【活动支出】替用户承担配送费:3.5元,-,-,-,2.00,温州区域,温州加盟,,,否,-,平台配送
圣比萨（平阳百悦广场店）,SBM00027,温州,"8027450254753101112	",饿了么,平台外卖,已完成,2025-10-21 19:55:26,2025-10-21 19:55:26,2025-10-21 19:55:26,饿了么支付-在线支付,,即时单,2025-10-21 19:55:26,10.17,手动出餐,1,否,"缤纷水果披萨9英寸（75.00*1）,餐盒（2.00*1）",缤纷水果披萨【9英寸(手拍)】,,,,非会员,26,,,依据餐量提供餐具,,75.00,28.30,36.40,0.00,0,0,3.95,0.00,3.50,【活动支出】店铺满减:1.00元+【活动支出】单品特价:35.40元+【活动支出】替用户承担配送费:3.5元,-,-,-,2.00,温州区域,温州加盟,,,否,-,平台配送
圣比萨（平阳百悦广场店）,SBM00027,温州,"8068450254739916108	",饿了么,平台外卖,已完成,2025-10-21 20:11:55,2025-10-21 20:11:55,2025-10-21 20:11:55,饿了么支付-在线支付,,即时单,2025-10-21 20:11:55,8.98,手动出餐,1,否,"榴莲王披萨9英寸（92.00*1）,餐盒（2.00*1）",榴莲王披萨9英寸,,,,非会员,27,,,送到放门口 / 依据餐量提供餐具,,92.00,29.20,52.40,0.00,0,0,4.05,0.00,3.50,【活动支出】店铺满减:1.00元+【活动支出】单品特价:42.40元+【活动支出】饿了么红包:9.00元+【活动支出】替用户承担配送费:3.5元,-,-,-,2.00,温州区域,温州加盟,,,否,-,平台配送
圣比萨（平阳百悦广场店）,SBM00027,温州,"8053470254735439329	",饿了么,平台外卖,已完成,2025-10-21 20:14:21,2025-10-21 20:14:21,2025-10-21 20:14:22,饿了么支付-在线支付,,即时单,2025-10-21 20:14:21,10.62,手动出餐,1,否,"碳烤鸡肉培根披萨9英寸（78.00*1）,餐盒（2.00*1）",碳烤鸡肉培根披萨【9英寸(手拍)】,,,,非会员,28,,,依据餐量提供餐具,,78.00,22.34,47.40,0.00,0,0,3.11,0.00,3.50,【活动支出】店铺满减:1.00元+【活动支出】单品特价:38.40元+【活动支出】 商家自营销加码:0.00元+【活动支出】饿了么红包:8.00元+【活动支出】替用户承担配送费:3.5元,-,-,-,2.00,温州区域,温州加盟,,,否,-,平台配送
圣比萨（平阳百悦广场店）,SBM00027,温州,"8089370254837058913	",饿了么,平台外卖,已退款,2025-10-21 20:20:48,2025-10-21 20:20:48,2025-10-21 20:20:48,饿了么支付-在线支付,,即时单,2025-10-21 20:20:48,,未出餐,1,否,新奥尔良烤鸡肉披萨7寸-单点（22.00*1）,新奥尔良烤鸡肉披萨【7英寸(手拍)】,,,,非会员,29,,,依据餐量提供餐具,"餐厅同意取消单 ",22.00,-2.20,0.00,14.20,0,0,0.00,0.00,,【活动支出】拼团反圈活动:0.00元,-,-,-,0.00,温州区域,温州加盟,,,否,-,平台配送
圣比萨（平阳百悦广场店）,SBM00027,温州,"8046616088671112616	",饿了么,平台外卖,已完成,2025-10-21 20:26:39,2025-10-21 20:26:39,2025-10-21 20:26:39,饿了么支付-在线支付,,即时单,2025-10-21 20:26:39,5.87,手动出餐,1,否,新奥尔良烤鸡肉披萨7寸-单点（22.00*1）,新奥尔良烤鸡肉披萨【7英寸(手拍)】,,,,非会员,30,,,依据餐量提供餐具,,22.00,12.00,0.00,0.00,0,0,0.00,0.00,,【活动支出】拼团反圈活动:0.00元,-,-,-,0.00,温州区域,温州加盟,,,否,-,平台配送
圣比萨（平阳百悦广场店）,SBM00027,温州,"8037280254658497906	",饿了么,平台外卖,已完成,2025-10-21 20:34:24,2025-10-21 20:34:24,2025-10-21 20:34:24,饿了么支付-在线支付,,即时单,2025-10-21 20:34:24,11.15,手动出餐,1,否,"新奥尔良烤鸡肉披萨9英寸（78.00*1）,餐盒（2.00*1）",新奥尔良烤鸡肉披萨【9英寸(手拍)】,,,,非会员,31,,,依据餐量提供餐具,,78.00,22.34,47.40,0.00,0,0,3.11,0.00,3.50,【活动支出】店铺满减:1.00元+【活动支出】单品特价:38.40元+【活动支出】 商家自营销加码:0.00元+【活动支出】饿了么红包:8.00元+【活动支出】替用户承担配送费:3.5元,-,-,-,2.00,温州区域,温州加盟,,,否,-,平台配送
圣比萨（平阳百悦广场店）,SBM00027,温州,"8066020254753358269	",饿了么,平台外卖,已完成,2025-10-21 20:49:17,2025-10-21 20:49:17,2025-10-21 20:49:17,饿了么支付-在线支付,,即时单,2025-10-21 20:49:17,11.58,手动出餐,1,否,"新奥尔良烤鸡肉披萨9英寸（78.00*1）,餐盒（2.00*1）",新奥尔良烤鸡肉披萨【9英寸(手拍)】,,,,非会员,32,,,无需餐具,,78.00,28.30,39.40,0.00,0,0,3.95,0.00,3.50,【活动支出】店铺满减:1.00元+【活动支出】单品特价:38.40元+【活动支出】替用户承担配送费:3.5元,-,-,-,2.00,温州区域,温州加盟,,,否,-,平台配送
圣比萨（平阳百悦广场店）,SBM00027,温州,"8031816088648930794	",饿了么,平台外卖,已完成,2025-10-21 21:08:37,2025-10-21 21:08:37,2025-10-21 21:08:37,饿了么支付-在线支付,,即时单,2025-10-21 21:08:37,8.57,手动出餐,1,否,"碳烤鸡肉培根披萨9英寸（78.00*1）,餐盒（2.00*1）",碳烤鸡肉培根披萨【9英寸(手拍)】,,,,非会员,33,,,依据餐量提供餐具,,78.00,22.14,46.40,0.00,0,0,3.21,0.00,5.60,【活动支出】店铺满减:1.00元+【活动支出】单品特价:38.40元+【活动支出】饿了么红包:7.00元+【活动支出】替用户承担配送费:5.6元,-,-,-,2.00,温州区域,温州加盟,,,否,-,平台配送
圣比萨（平阳百悦广场店）,SBM00027,温州,"8037846088665702690	",饿了么,平台外卖,已完成,2025-10-21 21:33:40,2025-10-21 21:33:40,2025-10-21 21:33:40,饿了么支付-在线支付,,即时单,2025-10-21 21:33:40,10.23,手动出餐,1,否,新奥尔良烤鸡肉披萨7寸-单点（22.00*1）,新奥尔良烤鸡肉披萨【7英寸(手拍)】,,,,非会员,34,,,依据餐量提供餐具,,22.00,12.00,0.00,0.00,0,0,0.00,0.00,,【活动支出】拼团反圈活动:0.00元,-,-,-,0.00,温州区域,温州加盟,,,否,-,平台配送
圣比萨（平阳百悦广场店）,SBM00027,温州,"8001420254769949005	",饿了么,平台外卖,已完成,2025-10-21 21:49:51,2025-10-21 21:49:51,2025-10-21 21:49:52,饿了么支付-在线支付,,即时单,2025-10-21 21:49:51,11.55,手动出餐,1,否,"【任选5件套】披萨意面我全都要（128.00*1）,餐盒（2.00*1）",番茄牛肉意面+缤纷水果披萨(7英寸(手拍))+明星小食桶A+可乐+港式奶茶,,,,非会员,35,,,联系19548734242 / 依据餐量提供餐具,,128.00,33.38,82.50,0.00,0,0,4.67,0.00,5.60,【活动支出】店铺满减:6.00元+【活动支出】单品特价:67.50元+【活动支出】饿了么红包:9.00元+【活动支出】替用户承担配送费:5.6元,-,-,-,2.00,温州区域,温州加盟,,,否,-,平台配送
圣比萨（玉环坎门店）,SBS00032,台州,"8095796088326213892	",饿了么,平台外卖,已完成,2025-10-21 10:16:33,2025-10-21 10:16:33,2025-10-21 10:16:33,饿了么支付-在线支付,,即时单,2025-10-21 10:16:33,10.23,自动出餐,1,否,"【随心❤️拼】7英寸双拼披萨（口味自选）[缤纷水果+缤纷水果]（26.90*1）,餐盒（2.00*1）",双拼7寸【缤纷水果口味7】+双拼7寸【缤纷水果口味7】,,,,非会员,1,,,依据餐量提供餐具,,26.90,15.49,7.00,0.00,0,0,1.41,0.00,2.30,【活动支出】超级会员专享红包:5.00元+【活动支出】 商家自营销加码:2.00元+【活动支出】替用户承担配送费:2.3元,-,-,-,2.00,台州区域,台州直营,,,否,-,平台配送
圣比萨（玉环坎门店）,SBS00032,台州,"8038360254350564775	",饿了么,平台外卖,已完成,2025-10-21 10:23:59,2025-10-21 10:23:59,2025-10-21 10:24:00,饿了么支付-在线支付,,即时单,2025-10-21 10:23:59,10.10,自动出餐,1,否,"新奥尔良烤鸡肉披萨-9英寸(手拍)[{""name"":""规格"",""value"":""9英寸(手拍)""}]（33.90*1）,餐盒（2.00*1）",新奥尔良烤鸡肉披萨,,,,非会员,2,,,1份餐具,,33.90,19.53,9.00,0.00,0,0,1.77,0.00,2.30,【活动支出】粉丝群:2.00元+【活动支出】饿了么红包:7.00元+【活动支出】替用户承担配送费:2.3元,-,-,-,2.00,台州区域,台州直营,,,否,-,平台配送
圣比萨（玉环坎门店）,SBS00032,台州,"8014440254451710451	",饿了么,平台外卖,已完成,2025-10-21 10:45:58,2025-10-21 10:45:58,2025-10-21 10:45:58,饿了么支付-在线支付,,即时单,2025-10-21 10:45:58,10.07,自动出餐,1,否,奥尔良烤鸡肉披萨(7寸)-单点（20.41*1）,新奥尔良烤鸡肉披萨【7英寸(手拍)】,,,,非会员,3,,,依据餐量提供餐具,,20.41,13.21,0.00,0.00,0,0,0.00,0.00,,【活动支出】拼团反圈活动:0.00元,-,-,-,0.00,台州区域,台州直营,,,否,-,平台配送
圣比萨（玉环坎门店）,SBS00032,台州,"8043360254545372556	",饿了么,平台外卖,已完成,2025-10-21 10:50:32,2025-10-21 10:50:32,2025-10-21 10:50:32,饿了么支付-在线支付,,即时单,2025-10-21 10:50:32,10.17,自动出餐,1,否,奥尔良烤鸡肉披萨(7寸)-单点（20.41*1）,新奥尔良烤鸡肉披萨【7英寸(手拍)】,,,,非会员,4,,,1份餐具,,20.41,13.21,0.00,0.00,0,0,0.00,0.00,,【活动支出】拼团反圈活动:0.00元,-,-,-,0.00,台州区域,台州直营,,,否,-,平台配送
圣比萨（玉环坎门店）,SBS00032,台州,"8009200254554305007	",饿了么,平台外卖,已完成,2025-10-21 10:59:03,2025-10-21 10:59:03,2025-10-21 10:59:03,饿了么支付-在线支付,,即时单,2025-10-21 10:59:03,10.12,自动出餐,1,否,手握三选一-单点[奥尔良]（17.20*1）,奥尔良风情烤鸡肉一人食盒子披萨,,,,非会员,5,,,依据餐量提供餐具,,17.20,10.00,0.00,0.00,0,0,0.00,0.00,,【活动支出】拼团反圈活动:0.00元,-,-,-,0.00,台州区域,台州直营,,,否,-,平台配送
圣比萨（玉环坎门店）,SBS00032,台州,"8066816088386461986	",饿了么,平台外卖,已完成,2025-10-21 11:08:08,2025-10-21 11:08:08,2025-10-21 11:08:09,饿了么支付-在线支付,,即时单,2025-10-21 11:08:08,9.28,手动出餐,1,否,"碳烤鸡肉培根披萨-7英寸(手拍)[{""name"":""规格"",""value"":""7英寸(手拍)""}]（25.90*1）,缤纷水果披萨-7英寸(手拍)[{""name"":""规格"",""value"":""7英寸(手拍)""}]（42.00*1）,餐盒（2.00*1）",碳烤鸡肉培根披萨+缤纷水果披萨,,,,非会员,6,,,依据餐量提供餐具,,67.90,35.14,23.70,0.00,0,0,3.16,0.00,2.30,【活动支出】单品特价:23.70元+【活动支出】用户代金券:0.00元+【活动支出】替用户承担配送费:2.3元,-,-,-,2.00,台州区域,台州直营,,,否,-,平台配送
圣比萨（玉环坎门店）,SBS00032,台州,"8010220254517919135	",饿了么,平台外卖,已完成,2025-10-21 11:45:06,2025-10-21 11:45:06,2025-10-21 11:45:06,饿了么支付-在线支付,,即时单,2025-10-21 11:45:06,12.02,自动出餐,1,否,"【任选】披萨随心配（40.80*1）,餐盒（2.00*1）",小薯条+缤纷水果披萨(7英寸(手拍))+可乐+奥尔良烤翅+不加一,,,,非会员,7,,,依据餐量提供餐具,,40.80,27.52,6.00,0.00,0,0,2.48,0.00,2.30,【活动支出】店铺满减:1.00元+【活动支出】饿了么红包:5.00元+【活动支出】替用户承担配送费:2.3元,-,-,-,2.00,台州区域,台州直营,,,否,-,平台配送
圣比萨（玉环坎门店）,SBS00032,台州,"8018616088431301047	",饿了么,平台外卖,已完成,2025-10-21 12:05:00,2025-10-21 12:05:00,2025-10-21 12:05:00,饿了么支付-在线支付,,即时单,2025-10-21 12:05:00,12.05,自动出餐,1,否,手握三选一-单点[奥尔良]（17.20*1）,奥尔良风情烤鸡肉一人食盒子披萨,,,,非会员,8,,,依据餐量提供餐具,,17.20,10.00,0.00,0.00,0,0,0.00,0.00,,【活动支出】拼团反圈活动:0.00元,-,-,-,0.00,台州区域,台州直营,,,否,-,平台配送
圣比萨（玉环坎门店）,SBS00032,台州,"8056996088414899705	",饿了么,平台外卖,已完成,2025-10-21 12:36:13,2025-10-21 12:36:13,2025-10-21 12:36:13,饿了么支付-在线支付,,即时单,2025-10-21 12:36:13,12.12,自动出餐,1,否,"榴莲王披萨-9英寸(手拍)[{""name"":""规格"",""value"":""9英寸(手拍)""}]（43.90*1）,招牌肉酱意面（52.00*1）,餐盒（4.00*1）",榴莲王披萨+招牌肉酱意面,,,,非会员,9,,,依据餐量提供餐具,,95.90,45.30,40.10,0.00,0,0,4.10,0.00,2.80,【活动支出】店铺满减:2.00元+【活动支出】单品特价:26.10元+【活动支出】饿了么红包:12.00元+【活动支出】替用户承担配送费:2.8元,-,-,-,4.00,台州区域,台州直营,,,否,-,平台配送
圣比萨（玉环坎门店）,SBS00032,台州,"8042636088481566068	",饿了么,平台外卖,已完成,2025-10-21 13:33:57,2025-10-21 13:33:57,2025-10-21 13:33:58,饿了么支付-在线支付,,即时单,2025-10-21 13:33:57,10.20,自动出餐,1,否,"缤纷水果披萨-7英寸(手拍)[{""name"":""规格"",""value"":""7英寸(手拍)""}]（42.00*1）,蛋挞一个（原味）（3.90*1）,餐盒（0.50*1）",缤纷水果披萨+蛋挞1个,,,,非会员,10,,,依据餐量提供餐具,,45.90,13.53,26.61,0.00,0,0,1.26,0.00,2.30,【活动支出】单品特价:23.70元+【活动支出】单品特价:2.91元+【活动支出】替用户承担配送费:2.3元,-,-,-,0.50,台州区域,台州直营,,,否,-,平台配送
圣比萨（玉环坎门店）,SBS00032,台州,"8070816088510526764	",饿了么,平台外卖,已完成,2025-10-21 15:14:25,2025-10-21 15:14:25,2025-10-21 15:14:25,饿了么支付-在线支付,,预约单,2025-10-21 16:15:00,15.70,自动出餐,1,否,"榴莲王披萨-7英寸(手拍)[{""name"":""规格"",""value"":""7英寸(手拍)""}]（33.90*1）,餐盒（2.00*1）",榴莲王披萨,,,,非会员,11,,,依据餐量提供餐具,,33.90,19.86,8.00,0.00,0,0,1.84,0.00,2.30,【活动支出】 商家自营销加码:0.00元+【活动支出】饿了么红包:8.00元+【活动支出】替用户承担配送费:2.3元,-,-,-,2.00,台州区域,台州直营,,,否,-,平台配送
圣比萨（玉环坎门店）,SBS00032,台州,"8006040254705180079	",饿了么,平台外卖,已完成,2025-10-21 15:40:55,2025-10-21 15:40:55,2025-10-21 15:40:56,饿了么支付-在线支付,,即时单,2025-10-21 15:40:55,10.23,自动出餐,1,否,手握三选一+二选一+可乐-单点[奥尔良+上校鸡块 2 块+可乐]（21.20*1）,小可乐+奥尔良风情烤鸡肉一人食盒子披萨+上校鸡块2个,,,,非会员,12,,,依据餐量提供餐具,,21.20,14.00,0.00,0.00,0,0,0.00,0.00,,【活动支出】拼团反圈活动:0.00元,-,-,-,0.00,台州区域,台州直营,,,否,-,平台配送
圣比萨（玉环坎门店）,SBS00032,台州,"8072996088517054790	",饿了么,平台外卖,已完成,2025-10-21 15:56:04,2025-10-21 15:56:04,2025-10-21 15:56:04,饿了么支付-在线支付,,即时单,2025-10-21 15:56:04,10.07,自动出餐,1,否,"酸奶多多流心卷边（7英寸）（4.90*1）,榴莲王披萨-7英寸(手拍)[{""name"":""规格"",""value"":""7英寸(手拍)""}]（33.90*1）,餐盒（2.00*1）",酸奶多多流心卷边7+榴莲王披萨,,,,非会员,13,,,依据餐量提供餐具,,38.80,23.48,9.00,0.00,0,0,2.12,0.00,2.30,【活动支出】店铺满减:1.00元+【活动支出】饿了么红包:8.00元+【活动支出】替用户承担配送费:2.3元,-,-,-,2.00,台州区域,台州直营,,,否,-,平台配送
圣比萨（玉环坎门店）,SBS00032,台州,"8003526088551360877	",饿了么,平台外卖,已完成,2025-10-21 16:20:59,2025-10-21 16:20:59,2025-10-21 16:21:00,饿了么支付-在线支付,,即时单,2025-10-21 16:20:59,10.02,自动出餐,1,否,"黑椒牛肉芝士焗饭（30.90*1）,餐盒（2.00*1）",黑椒牛肉芝士焗饭,,,,非会员,14,,,依据餐量提供餐具,,30.90,16.74,9.00,0.00,0,0,1.56,0.00,2.30,【活动支出】粉丝群:2.00元+【活动支出】饿了么红包:7.00元+【活动支出】淘金币:0.00元+【活动支出】替用户承担配送费:2.3元,-,-,-,2.00,台州区域,台州直营,,,否,-,平台配送
圣比萨（玉环坎门店）,SBS00032,台州,"8064866088525853012	",饿了么,平台外卖,已完成,2025-10-21 16:22:08,2025-10-21 16:22:08,2025-10-21 16:22:09,饿了么支付-在线支付,,即时单,2025-10-21 16:22:08,10.02,自动出餐,1,否,"【随心❤️拼】7英寸双拼披萨（口味自选）[碳烤鸡肉培根+新奥尔良烤鸡肉]（26.90*1）,餐盒（2.00*1）",双拼7寸【碳烤鸡肉培根口味7】+双拼7寸【奥尔良口味7】,,,,非会员,15,,,对骑手，到了放快递室，不用打电话，拍照就行，谢谢 / 2份餐具,,26.90,13.63,9.00,0.00,0,0,1.27,0.00,2.30,【活动支出】 商家自营销加码:2.00元+【活动支出】粉丝群:2.00元+【活动支出】饿了么红包:5.00元+【活动支出】替用户承担配送费:2.3元,-,-,-,2.00,台州区域,台州直营,,,否,-,平台配送
圣比萨（玉环坎门店）,SBS00032,台州,"8095816088495655309	",饿了么,平台外卖,已完成,2025-10-21 16:25:09,2025-10-21 16:25:09,2025-10-21 16:25:09,饿了么支付-在线支付,,即时单,2025-10-21 16:25:09,10.12,自动出餐,1,否,"地道肠（3.90*1）,【随心❤️拼】7英寸双拼披萨（口味自选）[日系照烧鸡+新奥尔良烤鸡肉]（26.90*1）,奶酪芝士卷边（7英寸）（4.90*1）,蛋挞（6.90*1）,餐盒（3.00*1）",地道肠1根+双拼7寸【日系照烧口味7】+双拼7寸【奥尔良口味7】+奶酪芝士卷边7+蛋挞,,,,非会员,16,,,依据餐量提供餐具,,42.60,25.94,10.00,0.00,0,0,2.36,0.00,2.80,【活动支出】店铺满减:1.00元+【活动支出】饿了么红包:9.00元+【活动支出】替用户承担配送费:2.8元,-,-,-,3.00,台州区域,台州直营,,,否,-,平台配送
圣比萨（玉环坎门店）,SBS00032,台州,"8044460254650264857	",饿了么,平台外卖,已完成,2025-10-21 16:42:20,2025-10-21 16:42:20,2025-10-21 16:42:21,饿了么支付-在线支付,,即时单,2025-10-21 16:42:20,10.08,自动出餐,1,否,手握三选一-单点[奥尔良]（17.20*1）,奥尔良风情烤鸡肉一人食盒子披萨,,,,非会员,17,,,依据餐量提供餐具,,17.20,10.00,0.00,0.00,0,0,0.00,0.00,,【活动支出】拼团反圈活动:0.00元,-,-,-,0.00,台州区域,台州直营,,,否,-,平台配送
圣比萨（玉环坎门店）,SBS00032,台州,"8017360254548310337	",饿了么,平台外卖,已完成,2025-10-21 16:51:02,2025-10-21 16:51:02,2025-10-21 16:51:03,饿了么支付-在线支付,,即时单,2025-10-21 16:51:02,10.12,自动出餐,1,否,"【任选】披萨随心配（31.90*1）,餐盒（2.00*1）",深海墨鱼丸(3个)+日系照烧鸡披萨(7英寸(手拍))+可乐+不加一+不加一,,,,非会员,18,,,依据餐量提供餐具,,31.90,19.53,7.00,0.00,0,0,1.77,0.00,2.30,【活动支出】 商家自营销加码:2.00元+【活动支出】饿了么红包:5.00元+【活动支出】替用户承担配送费:2.3元,-,-,-,2.00,台州区域,台州直营,,,否,-,平台配送
圣比萨（玉环坎门店）,SBS00032,台州,"8037450254732173805	",饿了么,平台外卖,已完成,2025-10-21 16:55:01,2025-10-21 16:55:01,2025-10-21 16:55:01,饿了么支付-在线支付,,即时单,2025-10-21 16:55:01,10.02,自动出餐,1,否,奥尔良烤鸡肉披萨(7寸)-单点（20.41*1）,新奥尔良烤鸡肉披萨【7英寸(手拍)】,,,,非会员,19,,,依据餐量提供餐具,,20.41,13.21,0.00,0.00,0,0,0.00,0.00,,【活动支出】拼团反圈活动:0.00元,-,-,-,0.00,台州区域,台州直营,,,否,-,平台配送
圣比萨（玉环坎门店）,SBS00032,台州,"8000506088513089812	",饿了么,平台外卖,已完成,2025-10-21 17:01:05,2025-10-21 17:01:05,2025-10-21 17:01:06,饿了么支付-在线支付,,即时单,2025-10-21 17:01:05,10.13,自动出餐,1,否,"上校鸡块（4.90*1）,【任选】披萨随心配（36.80*1）,餐盒（2.50*1）",上校鸡块+小薯条+碳烤鸡肉培根披萨(7英寸(手拍))+可乐+盐酥鸡米花小份+不加一,,,,非会员,20,,,依据餐量提供餐具,,41.70,26.96,8.00,0.00,0,0,2.44,0.00,2.30,【活动支出】店铺满减:1.00元+【活动支出】 商家自营销加码:2.00元+【活动支出】饿了么红包:5.00元+【活动支出】替用户承担配送费:2.3元,-,-,-,2.50,台州区域,台州直营,,,否,-,平台配送
圣比萨（玉环坎门店）,SBS00032,台州,"8056160254644027799	",饿了么,平台外卖,已完成,2025-10-21 17:07:07,2025-10-21 17:07:07,2025-10-21 17:07:07,饿了么支付-在线支付,,即时单,2025-10-21 17:07:07,10.00,自动出餐,1,否,"【随心❤️拼】7英寸双拼披萨（口味自选）[新奥尔良烤鸡肉+玉米沙拉]（26.90*1）,餐盒（2.00*1）",双拼7寸【奥尔良口味7】+双拼7寸【玉米沙拉口味7】,,,,非会员,21,,,对骑手  外卖放门口就可以了，谢谢 / 1份餐具,,26.90,15.02,7.00,0.00,0,0,1.38,0.00,2.80,【活动支出】饿了么红包:7.00元+【活动支出】替用户承担配送费:2.8元,-,-,-,2.00,台州区域,台州直营,,,否,-,平台配送
圣比萨（玉环坎门店）,SBS00032,台州,"8066816088579362108	",饿了么,平台外卖,已完成,2025-10-21 17:15:34,2025-10-21 17:15:34,2025-10-21 17:15:34,饿了么支付-在线支付,,即时单,2025-10-21 17:15:34,10.03,自动出餐,1,否,"黑椒牛肉意面（30.90*1）,蛋挞一个（原味）（3.90*1）,餐盒（2.50*1）",黑椒牛肉意面+蛋挞1个,,,,非会员,22,,,依据餐量提供餐具,,34.80,19.38,9.91,0.00,0,0,1.81,0.00,2.30,【活动支出】单品特价:2.91元+【活动支出】饿了么红包:7.00元+【活动支出】替用户承担配送费:2.3元,-,-,-,2.50,台州区域,台州直营,,,否,-,平台配送
圣比萨（玉环坎门店）,SBS00032,台州,"8039636088537362798	",饿了么,平台外卖,已完成,2025-10-21 17:24:21,2025-10-21 17:24:21,2025-10-21 17:24:21,饿了么支付-在线支付,,即时单,2025-10-21 17:24:21,10.05,自动出餐,1,否,"【任选】披萨随心配（36.80*1）,餐盒（2.00*1）",上校鸡块+碳烤鸡肉培根披萨(7英寸(手拍))+芒果汁+不加一+不加一,,,,非会员,23,,,依据餐量提供餐具,,36.80,27.84,1.00,0.00,0,0,2.56,0.00,2.30,【活动支出】店铺满减:1.00元+【活动支出】替用户承担配送费:2.3元,-,-,-,2.00,台州区域,台州直营,,,否,-,平台配送
圣比萨（玉环坎门店）,SBS00032,台州,"8098736088542010807	",饿了么,平台外卖,已完成,2025-10-21 17:30:34,2025-10-21 17:30:34,2025-10-21 17:30:35,饿了么支付-在线支付,,即时单,2025-10-21 17:30:34,12.02,自动出餐,1,否,奥尔良烤鸡肉披萨(7寸)-单点（20.41*1）,新奥尔良烤鸡肉披萨【7英寸(手拍)】,,,,非会员,24,,,依据餐量提供餐具,,20.41,13.21,0.00,0.00,0,0,0.00,0.00,,【活动支出】拼团反圈活动:0.00元,-,-,-,0.00,台州区域,台州直营,,,否,-,平台配送
圣比萨（玉环坎门店）,SBS00032,台州,"8019636088529168716	",饿了么,平台外卖,已完成,2025-10-21 17:36:04,2025-10-21 17:36:04,2025-10-21 17:36:04,饿了么支付-在线支付,,即时单,2025-10-21 17:36:04,12.20,自动出餐,1,否,"地道肠（3.90*1）,【任选】披萨随心配（36.80*1）,餐盒（2.50*1）",地道肠1根+蛋挞1个+日系照烧鸡披萨(7英寸(手拍))+可乐+不加一+不加一,,,,非会员,25,,,依据餐量提供餐具,,40.70,24.18,10.00,0.00,0,0,2.22,0.00,2.30,【活动支出】店铺满减:1.00元+【活动支出】饿了么红包:9.00元+【活动支出】替用户承担配送费:2.3元,-,-,-,2.50,台州区域,台州直营,,,否,-,平台配送
圣比萨（玉环坎门店）,SBS00032,台州,"8050716088560638416	",饿了么,平台外卖,已完成,2025-10-21 17:57:00,2025-10-21 17:57:00,2025-10-21 17:57:01,饿了么支付-在线支付,,即时单,2025-10-21 17:57:00,12.07,自动出餐,1,否,"【随心❤️拼】7英寸双拼披萨（口味自选）[花果山+碳烤鸡肉培根]（26.90*1）,餐盒（2.00*1）",双拼7寸【花果山口味7】+双拼7寸【碳烤鸡肉培根口味7】,,,,非会员,26,,,依据餐量提供餐具,,26.90,15.49,7.00,0.00,0,0,1.41,0.00,2.30,【活动支出】 商家自营销加码:2.00元+【活动支出】饿了么红包:5.00元+【活动支出】替用户承担配送费:2.3元,-,-,-,2.00,台州区域,台州直营,,,否,-,平台配送
圣比萨（玉环坎门店）,SBS00032,台州,"8099480254590825818	",饿了么,平台外卖,已完成,2025-10-21 18:05:06,2025-10-21 18:05:06,2025-10-21 18:05:06,饿了么支付-在线支付,,即时单,2025-10-21 18:05:06,10.38,手动出餐,1,否,手握三选一-单点[日式照烧]（17.20*1）,日式烧鸟风味一人食盒子披萨,,,,非会员,27,,,依据餐量提供餐具,,17.20,10.00,0.00,0.00,0,0,0.00,0.00,,【活动支出】拼团反圈活动:0.00元,-,-,-,0.00,台州区域,台州直营,,,否,-,平台配送
圣比萨（玉环坎门店）,SBS00032,台州,"8099480254699980214	",饿了么,平台外卖,已完成,2025-10-21 18:05:06,2025-10-21 18:05:06,2025-10-21 18:05:06,饿了么支付-在线支付,,即时单,2025-10-21 18:05:06,10.43,手动出餐,1,否,手握三选一-单点[奥尔良]（17.20*1）,奥尔良风情烤鸡肉一人食盒子披萨,,,,非会员,28,,,1份餐具,,17.20,10.00,0.00,0.00,0,0,0.00,0.00,,【活动支出】拼团反圈活动:0.00元,-,-,-,0.00,台州区域,台州直营,,,否,-,平台配送
圣比萨（玉环坎门店）,SBS00032,台州,"8055576088558849294	",饿了么,平台外卖,已完成,2025-10-21 18:30:58,2025-10-21 18:30:58,2025-10-21 18:30:58,饿了么支付-在线支付,,即时单,2025-10-21 18:30:58,12.17,自动出餐,1,否,手握三选一-单点[奥尔良]（17.20*1）,奥尔良风情烤鸡肉一人食盒子披萨,,,,非会员,29,,,无需餐具,,17.20,10.00,0.00,0.00,0,0,0.00,0.00,,【活动支出】拼团反圈活动:0.00元,-,-,-,0.00,台州区域,台州直营,,,否,-,平台配送
圣比萨（玉环坎门店）,SBS00032,台州,"8003646088570366233	",饿了么,平台外卖,已完成,2025-10-21 18:37:34,2025-10-21 18:37:34,2025-10-21 18:37:35,饿了么支付-在线支付,,即时单,2025-10-21 18:37:34,12.18,自动出餐,1,否,"缤纷水果披萨-7英寸(手拍)[{""name"":""规格"",""value"":""7英寸(手拍)""}]（42.00*1）",缤纷水果披萨,,,,非会员,30,,,无需餐具,,42.00,12.15,23.70,0.00,0,0,1.15,0.00,2.30,【活动支出】单品特价:23.70元+【活动支出】替用户承担配送费:2.3元,-,-,-,0.00,台州区域,台州直营,,,否,-,平台配送
圣比萨（玉环坎门店）,SBS00032,台州,"8082350254616029625	",饿了么,平台外卖,已完成,2025-10-21 18:40:11,2025-10-21 18:40:11,2025-10-21 18:40:11,饿了么支付-在线支付,,即时单,2025-10-21 18:40:11,12.15,自动出餐,1,否,"香烤鸡翅-2只[{""name"":""规格"",""value"":""2只""}]（10.90*1）,【任选】披萨随心配（40.80*1）,点击右上角❤️收藏得小吃[上校鸡块2个]（2.00*1）,蛋挞一个（原味）（3.90*1）,餐盒（3.50*1）",香烤鸡翅+地道肠1根+碳烤鸡肉培根披萨(7英寸(手拍))+可乐+奥尔良烤翅+不加一+上校鸡块2个+蛋挞1个,,,,非会员,31,,,依据餐量提供餐具,,57.60,36.15,13.81,0.00,0,0,3.24,0.00,2.30,【活动支出】店铺满减:1.00元+【活动支出】单品特价:1.90元+【活动支出】单品特价:2.91元+【活动支出】饿了么红包:8.00元+【活动支出】替用户承担配送费:2.3元,-,-,-,3.50,台州区域,台州直营,,,否,-,平台配送
圣比萨（玉环坎门店）,SBS00032,台州,"8014546088594709821	",饿了么,平台外卖,已完成,2025-10-21 18:50:02,2025-10-21 18:50:02,2025-10-21 18:50:02,饿了么支付-在线支付,,即时单,2025-10-21 18:50:02,12.22,自动出餐,1,否,"经典薯条（8.90*1）,【随心❤️拼】7英寸双拼披萨（口味自选）[新奥尔良烤鸡肉+玉米沙拉]（26.90*1）,餐盒（2.50*1）",经典薯条+双拼7寸【奥尔良口味7】+双拼7寸【玉米沙拉口味7】,,,,非会员,32,,,不要香菜 / 依据餐量提供餐具,,35.80,22.08,8.00,0.00,0,0,2.02,0.00,2.30,【活动支出】店铺满减:1.00元+【活动支出】超级会员专享红包:5.00元+【活动支出】 商家自营销加码:2.00元+【活动支出】替用户承担配送费:2.3元,-,-,-,2.50,台州区域,台州直营,,,否,-,平台配送
圣比萨（玉环坎门店）,SBS00032,台州,"8034696088624336208	",饿了么,平台外卖,已完成,2025-10-21 19:17:01,2025-10-21 19:17:01,2025-10-21 19:17:01,饿了么支付-在线支付,,即时单,2025-10-21 19:17:01,12.02,自动出餐,1,否,"【随心❤️拼】7英寸双拼披萨（口味自选）[新奥尔良烤鸡肉+碳烤鸡肉培根]（26.90*1）,餐盒（2.00*1）",双拼7寸【奥尔良口味7】+双拼7寸【碳烤鸡肉培根口味7】,,,,非会员,33,,,依据餐量提供餐具,,26.90,12.24,7.00,0.00,0,0,1.36,0.00,5.60,【活动支出】 商家自营销加码:2.00元+【活动支出】饿了么红包:5.00元+【活动支出】替用户承担配送费:5.6元,-,-,-,2.00,台州区域,台州直营,,,否,-,平台配送
圣比萨（玉环坎门店）,SBS00032,台州,"8080330254724211199	",饿了么,平台外卖,已完成,2025-10-21 19:36:56,2025-10-21 19:36:56,2025-10-21 19:36:57,饿了么支付-在线支付,,即时单,2025-10-21 19:36:56,10.08,自动出餐,1,否,"【随心❤️拼】7英寸双拼披萨（口味自选）[新奥尔良烤鸡肉+缤纷水果]（26.90*1）,明星至尊桶（39.90*1）,餐盒（3.00*1）",双拼7寸【奥尔良口味7】+双拼7寸【缤纷水果口味7】+明星至尊桶,,,,非会员,34,,,依据餐量提供餐具,,66.80,37.52,20.00,0.00,0,0,3.38,0.00,2.80,【活动支出】店铺满减:6.00元+【活动支出】粉丝群:2.00元+【活动支出】饿了么红包:12.00元+【活动支出】替用户承担配送费:2.8元,-,-,-,3.00,台州区域,台州直营,,,否,-,平台配送
圣比萨（玉环坎门店）,SBS00032,台州,"8099110254826803567	",饿了么,平台外卖,已完成,2025-10-21 19:42:24,2025-10-21 19:42:24,2025-10-21 19:42:24,饿了么支付-在线支付,,即时单,2025-10-21 19:42:24,10.20,自动出餐,1,否,"日系照烧鸡披萨-7英寸(手拍)[{""name"":""规格"",""value"":""7英寸(手拍)""}]（25.90*1）,餐盒（2.00*1）",日系照烧鸡披萨,,,,非会员,35,,,依据餐量提供餐具,,25.90,12.70,9.00,0.00,0,0,1.20,0.00,2.30,【活动支出】 商家自营销加码:2.00元+【活动支出】粉丝群:2.00元+【活动支出】饿了么红包:5.00元+【活动支出】淘金币:0.00元+【活动支出】替用户承担配送费:2.3元,-,-,-,2.00,台州区域,台州直营,,,否,-,平台配送
圣比萨（玉环坎门店）,SBS00032,台州,"8052856088639276521	",饿了么,平台外卖,已完成,2025-10-21 19:50:35,2025-10-21 19:50:35,2025-10-21 19:50:36,饿了么支付-在线支付,,即时单,2025-10-21 19:50:35,10.20,自动出餐,1,否,"【任选】焗饭随心配（46.60*1）,餐盒（2.00*1）",港式奶茶+不加一+黑椒牛肉芝士焗饭+奥尔良烤翅+地道肠1根+上校鸡块+蛋挞1个,,,,非会员,36,,,依据餐量提供餐具,,46.60,26.40,13.00,0.00,0,0,2.40,0.00,2.30,【活动支出】店铺满减:1.00元+【活动支出】 商家自营销加码:0.00元+【活动支出】饿了么红包:12.00元+【活动支出】替用户承担配送费:2.3元,-,-,-,2.00,台州区域,台州直营,,,否,-,平台配送
圣比萨（玉环坎门店）,SBS00032,台州,"8048220254736644479	",饿了么,平台外卖,已完成,2025-10-21 20:01:51,2025-10-21 20:01:51,2025-10-21 20:01:52,饿了么支付-在线支付,,即时单,2025-10-21 20:01:51,10.05,自动出餐,1,否,"【随心❤️拼】7英寸双拼披萨（口味自选）[新奥尔良烤鸡肉+碳烤鸡肉培根]（26.90*1）,蛋挞一个（原味）（3.90*1）,餐盒（2.50*1）",双拼7寸【奥尔良口味7】+双拼7寸【碳烤鸡肉培根口味7】+蛋挞1个,,,,非会员,37,,,依据餐量提供餐具,,30.80,16.27,9.91,0.00,0,0,1.52,0.00,2.30,【活动支出】单品特价:2.91元+【活动支出】饿了么红包:7.00元+【活动支出】替用户承担配送费:2.3元,-,-,-,2.50,台州区域,台州直营,,,否,-,平台配送
圣比萨（玉环坎门店）,SBS00032,台州,"8028430254738269539	",饿了么,平台外卖,已完成,2025-10-21 20:10:15,2025-10-21 20:10:15,2025-10-21 20:10:16,饿了么支付-在线支付,,即时单,2025-10-21 20:10:15,10.00,自动出餐,1,否,手握三选一-单点[缤纷水果]（17.20*1）,热带雨林水果一人食盒子披萨,,,,非会员,38,,,依据餐量提供餐具,,17.20,10.00,0.00,0.00,0,0,0.00,0.00,,【活动支出】拼团反圈活动:0.00元,-,-,-,0.00,台州区域,台州直营,,,否,-,平台配送
圣比萨（玉环坎门店）,SBS00032,台州,"8076776088655415630	",饿了么,平台外卖,已完成,2025-10-21 20:44:31,2025-10-21 20:44:31,2025-10-21 20:44:31,饿了么支付-在线支付,,即时单,2025-10-21 20:44:31,10.20,自动出餐,1,否,"【任选】披萨随心配（43.60*1）,点击右上角❤️收藏得小吃[上校鸡块2个]（2.00*1）,蛋挞一个（原味）（3.90*1）,餐盒（3.00*1）",地道肠1根+碳烤鸡肉培根披萨(7英寸(手拍))+港式奶茶+金丝鸡排+不加一+上校鸡块2个+蛋挞1个,,,,非会员,39,,,依据餐量提供餐具,,49.50,25.56,17.81,0.00,0,0,2.33,0.00,2.30,【活动支出】店铺满减:1.00元+【活动支出】单品特价:1.90元+【活动支出】单品特价:2.91元+【活动支出】饿了么红包:12.00元+【活动支出】替用户承担配送费:2.3元,-,-,-,3.00,台州区域,台州直营,,,否,-,平台配送
圣比萨（玉环坎门店）,SBS00032,台州,"8051130254773609836	",饿了么,平台外卖,已完成,2025-10-21 20:47:26,2025-10-21 20:47:26,2025-10-21 20:47:26,饿了么支付-在线支付,,即时单,2025-10-21 20:47:26,10.15,自动出餐,1,否,"地道肠（3.90*2）,点击右上角❤️收藏得小吃[上校鸡块2个]（2.00*1）,【任选】意面随心配（40.80*1）,蛋挞一个（原味）（3.90*1）,餐盒（4.00*1）",地道肠1根+上校鸡块2个+奥尔良烤翅+芒果汁+地道肠1根+招牌肉酱意面+不加一+蛋挞1个,,,,非会员,40,,,依据餐量提供餐具,,54.50,30.53,17.81,0.00,0,0,2.76,0.00,2.30,【活动支出】店铺满减:1.00元+【活动支出】单品特价:1.90元+【活动支出】单品特价:2.91元+【活动支出】饿了么红包:12.00元+【活动支出】替用户承担配送费:2.3元,-,-,-,4.00,台州区域,台州直营,,,否,-,平台配送
圣比萨（玉环坎门店）,SBS00032,台州,"8016656088687228321	",饿了么,平台外卖,已完成,2025-10-21 21:45:31,2025-10-21 21:45:31,2025-10-21 21:45:32,饿了么支付-在线支付,,即时单,2025-10-21 21:45:31,10.22,自动出餐,1,否,手握三选一+二选一+可乐-单点[奥尔良+上校鸡块 2 块+可乐]（21.20*1）,小可乐+奥尔良风情烤鸡肉一人食盒子披萨+上校鸡块2个,,,,非会员,41,,,依据餐量提供餐具,,21.20,14.00,0.00,0.00,0,0,0.00,0.00,,【活动支出】拼团反圈活动:0.00元,-,-,-,0.00,台州区域,台州直营,,,否,-,平台配送
圣比萨（玉环坎门店）,SBS00032,台州,"8063270254864553278	",饿了么,平台外卖,已完成,2025-10-21 21:56:36,2025-10-21 21:56:36,2025-10-21 21:56:36,饿了么支付-在线支付,,即时单,2025-10-21 21:56:36,10.10,自动出餐,1,否,"新奥尔良烤鸡肉披萨-12英寸(手拍)[{""name"":""规格"",""value"":""12英寸(手拍)""}]（44.90*1）,餐盒（2.00*1）",新奥尔良烤鸡肉披萨,,,,非会员,42,,,依据餐量提供餐具,,44.90,25.53,11.00,0.00,0,0,2.37,0.00,3.30,【活动支出】店铺满减:1.00元+【活动支出】 商家自营销加码:0.00元+【活动支出】粉丝群:2.00元+【活动支出】饿了么红包:8.00元+【活动支出】替用户承担配送费:3.3元,-,-,-,2.00,台州区域,台州直营,,,否,-,平台配送
圣比萨·披萨·炸鸡（盐城青墩店）,SBS00038,盐城,"8051050254330580462	",饿了么,平台外卖,已退款,2025-10-21 08:35:04,2025-10-21 08:35:04,2025-10-21 08:35:04,饿了么支付-在线支付,,预约单,2025-10-21 09:40:00,20.15,自动出餐,1,否,"大圣香肠一串[香辣]（8.50*1）,芝士棒（8.50*2）,餐盒（1.50*1）",大圣拉丝芝士棒,,,,非会员,1,,,依据餐量提供餐具,订单强制无效（商家主动取消已接订单、用户1分钟内取消),25.50,-3.59,5.00,19.00,0,0,1.69,0.00,2.40,【活动支出】饿了么红包:5.00元+【活动支出】替用户承担配送费:2.4元,-,-,-,1.50,江苏区域,江苏直营店,,,否,-,平台配送
圣比萨·披萨·炸鸡（盐城青墩店）,SBS00038,盐城,"8006836088288089513	",饿了么,平台外卖,已退款,2025-10-21 09:00:37,2025-10-21 09:00:37,2025-10-21 09:00:37,饿了么支付-在线支付,,预约单,2025-10-21 09:40:00,3.23,自动出餐,1,否,"芝士棒（8.50*1）,新奥尔良烤鸡肉披萨-9英寸(手拍)[{""name"":""规格"",""value"":""9英寸(手拍)""}]（36.90*1）,餐盒（2.50*1）",大圣拉丝芝士棒+新奥尔良烤鸡肉披萨,,,,非会员,2,,,4份餐具,订单强制无效（商家主动取消已接订单、用户1分钟内取消),45.40,-6.07,7.00,35.90,0,0,3.27,0.00,2.90,【活动支出】店铺满减:1.00元+【活动支出】精准营销:1.00元+【活动支出】饿了么红包:5.00元+【活动支出】替用户承担配送费:2.9元,-,-,-,2.50,江苏区域,江苏直营店,,,否,-,平台配送
圣比萨·披萨·炸鸡（盐城青墩店）,SBS00038,盐城,"8045776088346121598	",饿了么,平台外卖,已退款,2025-10-21 09:00:47,2025-10-21 09:00:47,2025-10-21 09:00:47,饿了么支付-在线支付,,即时单,2025-10-21 09:00:47,13.17,自动出餐,1,否,"咸蛋黄风味流沙卷边（7英寸）（4.90*1）,大圣生炸大鸡腿[香辣]（14.90*1）,大圣招牌大满贯披萨-7英寸(手拍)[{""name"":""规格"",""value"":""7英寸(手拍)""}]（36.90*1）,餐盒（3.00*1）",咸蛋黄流沙卷边7+大圣生炸大鸡腿+大圣招牌大满贯披萨,,,,非会员,3,,,依据餐量提供餐具,订单强制无效（商家主动取消已接订单、用户1分钟内取消),56.70,-0.28,7.00,39.70,0,0,4.33,0.00,2.40,【活动支出】店铺满减:2.00元+【活动支出】饿了么红包:5.00元+【活动支出】替用户承担配送费:2.4元,-,-,-,3.00,江苏区域,江苏直营店,,,否,-,平台配送
圣比萨·披萨·炸鸡（盐城青墩店）,SBS00038,盐城,"8028526088377488699	",饿了么,平台外卖,已完成,2025-10-21 10:43:30,2025-10-21 10:43:30,2025-10-21 10:43:30,饿了么支付-在线支付,,即时单,2025-10-21 10:43:30,13.22,自动出餐,1,否,"芝士棒（8.50*1）,大圣招牌大满贯披萨-7英寸(手拍)[{""name"":""规格"",""value"":""7英寸(手拍)""}]（36.90*1）,餐盒（2.50*1）",大圣拉丝芝士棒+大圣招牌大满贯披萨,,,,非会员,4,,,依据餐量提供餐具,,45.40,31.20,6.00,0.00,0,0,3.40,0.00,2.40,【活动支出】店铺满减:1.00元+【活动支出】饿了么红包:5.00元+【活动支出】替用户承担配送费:2.4元,-,-,-,2.50,江苏区域,江苏直营店,,,否,-,平台配送
圣比萨·披萨·炸鸡（盐城青墩店）,SBS00038,盐城,"8066676088324112683	",饿了么,平台外卖,已完成,2025-10-21 10:49:58,2025-10-21 10:49:58,2025-10-21 10:49:59,饿了么支付-在线支付,,即时单,2025-10-21 10:49:58,13.13,自动出餐,1,否,"点击右上角❤️免费得小吃（限一份，多点不送）[墨鱼丸1个]（0.00*1）,酸奶多多流心卷边（9英寸）（6.90*1）,碳烤鸡肉培根披萨-9英寸(手拍)[{""name"":""规格"",""value"":""9英寸(手拍)""}]（36.90*1）,餐盒（2.00*1）",酸奶多多流心卷边9+碳烤鸡肉培根披萨,,,,非会员,5,,,依据餐量提供餐具,,43.80,29.28,6.00,0.00,0,0,3.22,0.00,2.40,【活动支出】店铺满减:1.00元+【活动支出】饿了么红包:5.00元+【活动支出】替用户承担配送费:2.4元,-,-,-,2.00,江苏区域,江苏直营店,,,否,-,平台配送
圣比萨·披萨·炸鸡（盐城青墩店）,SBS00038,盐城,"8069766088452433349	",饿了么,平台外卖,已完成,2025-10-21 11:56:34,2025-10-21 11:56:34,2025-10-21 11:56:34,饿了么支付-在线支付,,即时单,2025-10-21 11:56:34,14.10,自动出餐,1,否,"炙热牛魔王披萨-7英寸(手拍)[{""name"":""规格"",""value"":""7英寸(手拍)""}]（32.90*1）,餐盒（2.00*1）",炙热牛魔王披萨,,,,非会员,6,,,依据餐量提供餐具,,32.90,21.43,5.00,0.00,0,0,2.37,0.00,2.40,【活动支出】饿了么红包:5.00元+【活动支出】替用户承担配送费:2.4元,-,-,-,2.00,江苏区域,江苏直营店,,,否,-,平台配送
圣比萨·披萨·炸鸡（盐城青墩店）,SBS00038,盐城,"8085996088457391575	",饿了么,平台外卖,已完成,2025-10-21 12:03:51,2025-10-21 12:03:51,2025-10-21 12:03:51,饿了么支付-在线支付,,即时单,2025-10-21 12:03:51,14.23,自动出餐,1,否,"新奥尔良烤鸡肉披萨-7英寸(手拍)[{""name"":""规格"",""value"":""7英寸(手拍)""}]（28.90*1）,餐盒（2.00*1）",新奥尔良烤鸡肉披萨,,,,非会员,7,,,2份餐具,,28.90,18.38,5.00,0.00,0,0,2.02,0.00,2.40,【活动支出】饿了么红包:5.00元+【活动支出】替用户承担配送费:2.4元,-,-,-,2.00,江苏区域,江苏直营店,,,否,-,平台配送
圣比萨·披萨·炸鸡（盐城青墩店）,SBS00038,盐城,"8052230254459148789	",饿了么,平台外卖,已完成,2025-10-21 12:32:28,2025-10-21 12:32:28,2025-10-21 12:32:28,饿了么支付-在线支付,,即时单,2025-10-21 12:32:28,14.08,自动出餐,1,否,"碳烤鸡肉培根披萨-7英寸(手拍)[{""name"":""规格"",""value"":""7英寸(手拍)""}]（28.90*1）,点击右上角❤️免费得小吃（限一份，多点不送）[薯饼2个]（0.00*1）,餐盒（2.00*1）",碳烤鸡肉培根披萨,,,,非会员,8,,,1份餐具,,28.90,17.46,6.00,0.00,0,0,1.94,0.00,2.40,【活动支出】精准营销:1.00元+【活动支出】饿了么红包:5.00元+【活动支出】替用户承担配送费:2.4元,-,-,-,2.00,江苏区域,江苏直营店,,,否,-,平台配送
圣比萨·披萨·炸鸡（盐城青墩店）,SBS00038,盐城,"8004290254594075076	",饿了么,平台外卖,已完成,2025-10-21 13:35:42,2025-10-21 13:35:42,2025-10-21 13:35:43,饿了么支付-在线支付,,即时单,2025-10-21 13:35:42,8.27,手动出餐,1,否,"招牌大圣鸡排（2个）[香辣]（16.90*1）,点击右上角❤️免费得小吃（限一份，多点不送）[上校鸡块2个]（0.00*1）,大圣香肠[香辣]（5.90*1）,餐盒（1.50*1）",上校鸡块2个+大圣香肠1串,,,,非会员,9,,,依据餐量提供餐具,,22.80,12.95,5.00,0.00,0,0,1.45,0.00,2.40,【活动支出】饿了么红包:5.00元+【活动支出】替用户承担配送费:2.4元,-,-,-,1.50,江苏区域,江苏直营店,,,否,-,平台配送
圣比萨·披萨·炸鸡（盐城青墩店）,SBS00038,盐城,"8090370254581171683	",饿了么,平台外卖,已完成,2025-10-21 13:55:19,2025-10-21 13:55:19,2025-10-21 13:55:20,饿了么支付-在线支付,,即时单,2025-10-21 13:55:19,13.10,自动出餐,1,否,"奶酪芝士披萨-7英寸(手拍)[{""name"":""规格"",""value"":""7英寸(手拍)""}]（28.90*1）,点击右上角❤️免费得小吃（限一份，多点不送）[墨鱼丸1个]（0.00*1）,餐盒（2.00*1）",奶酪芝士披萨,,,,非会员,10,,,依据餐量提供餐具,,28.90,18.38,5.00,0.00,0,0,2.02,0.00,2.40,【活动支出】饿了么红包:5.00元+【活动支出】替用户承担配送费:2.4元,-,-,-,2.00,江苏区域,江苏直营店,,,否,-,平台配送
圣比萨·披萨·炸鸡（盐城青墩店）,SBS00038,盐城,"8053726088489148917	",饿了么,平台外卖,已完成,2025-10-21 14:08:12,2025-10-21 14:08:12,2025-10-21 14:08:12,饿了么支付-在线支付,,即时单,2025-10-21 14:08:12,13.08,自动出餐,1,否,"新奥尔良烤鸡肉披萨-7英寸(手拍)[{""name"":""规格"",""value"":""7英寸(手拍)""}]（28.90*1）,餐盒（2.00*1）",新奥尔良烤鸡肉披萨,,,,非会员,11,,,对商家不要蘑菇，多放点芝士和沙拉酱 / 1份餐具,,28.90,18.38,5.00,0.00,0,0,2.02,0.00,2.40,【活动支出】饿了么红包:5.00元+【活动支出】替用户承担配送费:2.4元,-,-,-,2.00,江苏区域,江苏直营店,,,否,-,平台配送
圣比萨·披萨·炸鸡（盐城青墩店）,SBS00038,盐城,"8067110254622558699	",饿了么,平台外卖,已完成,2025-10-21 14:47:42,2025-10-21 14:47:42,2025-10-21 14:47:42,饿了么支付-在线支付,,即时单,2025-10-21 14:47:42,13.03,自动出餐,1,否,"新奥尔良烤鸡肉披萨-7英寸(手拍)[{""name"":""规格"",""value"":""7英寸(手拍)""}]（28.90*1）,餐盒（2.00*1）",新奥尔良烤鸡肉披萨,,,,非会员,12,,,依据餐量提供餐具,,28.90,17.46,6.00,0.00,0,0,1.94,0.00,2.40,【活动支出】精准营销:1.00元+【活动支出】饿了么红包:5.00元+【活动支出】替用户承担配送费:2.4元,-,-,-,2.00,江苏区域,江苏直营店,,,否,-,平台配送
圣比萨·披萨·炸鸡（盐城青墩店）,SBS00038,盐城,"8083440254602893656	",饿了么,平台外卖,已完成,2025-10-21 15:06:42,2025-10-21 15:06:42,2025-10-21 15:06:42,饿了么支付-在线支付,,即时单,2025-10-21 15:06:42,13.13,自动出餐,1,否,"新奥尔良烤鸡肉披萨-7英寸(手拍)[{""name"":""规格"",""value"":""7英寸(手拍)""}]（28.90*1）,餐盒（2.00*1）",新奥尔良烤鸡肉披萨,,,,非会员,13,,,依据餐量提供餐具,,28.90,17.46,6.00,0.00,0,0,1.94,0.00,2.40,【活动支出】精准营销:1.00元+【活动支出】饿了么红包:5.00元+【活动支出】替用户承担配送费:2.4元,-,-,-,2.00,江苏区域,江苏直营店,,,否,-,平台配送
圣比萨·披萨·炸鸡（盐城青墩店）,SBS00038,盐城,"8004916088522569125	",饿了么,平台外卖,已完成,2025-10-21 15:52:35,2025-10-21 15:52:35,2025-10-21 15:52:36,饿了么支付-在线支付,,即时单,2025-10-21 15:52:35,13.08,自动出餐,1,否,"碳烤鸡肉培根披萨-7英寸(手拍)[{""name"":""规格"",""value"":""7英寸(手拍)""}]（28.90*1）,咸蛋黄风味流沙卷边（7英寸）（4.90*1）,餐盒（2.00*1）",碳烤鸡肉培根披萨+咸蛋黄流沙卷边7,,,,非会员,14,,,依据餐量提供餐具,,33.80,19.31,5.00,0.00,0,0,2.39,0.00,3.90,【活动支出】饿了么红包:5.00元+【活动支出】替用户承担配送费:3.9元,-,-,-,2.00,江苏区域,江苏直营店,,,否,-,平台配送
圣比萨·披萨·炸鸡（盐城青墩店）,SBS00038,盐城,"8013260254726011313	",饿了么,平台外卖,已完成,2025-10-21 16:29:22,2025-10-21 16:29:22,2025-10-21 16:29:22,饿了么支付-在线支付,,即时单,2025-10-21 16:29:22,13.22,自动出餐,1,否,"招牌大满贯三件套（香肠1＋可乐）[孜然]（39.90*1）,餐盒（1.00*1）",招牌大满贯三件套（香肠1＋可乐）[孜然]+餐盒,,,,非会员,15,,,无需餐具,,39.90,25.40,6.00,0.00,0,0,2.80,0.00,2.40,【活动支出】店铺满减:1.00元+【活动支出】饿了么红包:5.00元+【活动支出】替用户承担配送费:2.4元,-,-,-,1.00,江苏区域,江苏直营店,,,否,-,平台配送
圣比萨·披萨·炸鸡（盐城青墩店）,SBS00038,盐城,"8083400254557432307	",饿了么,平台外卖,已完成,2025-10-21 17:05:55,2025-10-21 17:05:55,2025-10-21 17:05:56,饿了么支付-在线支付,,即时单,2025-10-21 17:05:55,13.07,自动出餐,1,否,"经典奥尔良三件套（鸡排一片＋可乐）[孜然]（39.90*1）,餐盒（1.00*1）",经典奥尔良三件套（鸡排一片＋可乐）[孜然]+餐盒,,,,非会员,16,,,依据餐量提供餐具,,39.90,25.40,6.00,0.00,0,0,2.80,0.00,2.40,【活动支出】店铺满减:1.00元+【活动支出】饿了么红包:5.00元+【活动支出】替用户承担配送费:2.4元,-,-,-,1.00,江苏区域,江苏直营店,,,否,-,平台配送
圣比萨·披萨·炸鸡（盐城青墩店）,SBS00038,盐城,"8020400254664017323	",饿了么,平台外卖,已完成,2025-10-21 17:06:45,2025-10-21 17:06:45,2025-10-21 17:06:46,饿了么支付-在线支付,,即时单,2025-10-21 17:06:45,13.23,自动出餐,1,否,"花果山披萨-9英寸(手拍)[{""name"":""规格"",""value"":""9英寸(手拍)""}]（36.90*1）,餐盒（2.00*1）",花果山披萨,,,,非会员,17,,,2份餐具,,36.90,23.58,6.00,0.00,0,0,2.62,0.00,2.40,【活动支出】店铺满减:1.00元+【活动支出】饿了么红包:5.00元+【活动支出】替用户承担配送费:2.4元,-,-,-,2.00,江苏区域,江苏直营店,,,否,-,平台配送
圣比萨·披萨·炸鸡（盐城青墩店）,SBS00038,盐城,"8041070254571519290	",饿了么,平台外卖,已完成,2025-10-21 17:33:05,2025-10-21 17:33:05,2025-10-21 17:33:05,饿了么支付-在线支付,,预约单,2025-10-21 20:20:00,122.07,自动出餐,1,否,"榴莲王披萨-9英寸(手拍)[{""name"":""规格"",""value"":""9英寸(手拍)""}]（46.90*1）,奶酪芝士卷边（9英寸）（6.90*1）,餐盒（2.00*1）",榴莲王披萨+奶酪芝士卷边9,,,,非会员,18,,,依据餐量提供餐具,,53.80,37.32,6.00,0.00,0,0,4.08,0.00,2.40,【活动支出】店铺满减:1.00元+【活动支出】饿了么红包:5.00元+【活动支出】替用户承担配送费:2.4元,-,-,-,2.00,江苏区域,江苏直营店,,,否,-,平台配送
圣比萨·披萨·炸鸡（盐城青墩店）,SBS00038,盐城,"8096956088612668719	",饿了么,平台外卖,已完成,2025-10-21 19:25:39,2025-10-21 19:25:39,2025-10-21 19:25:40,饿了么支付-在线支付,,即时单,2025-10-21 19:25:39,14.18,自动出餐,1,否,"玉米沙拉披萨-7英寸(手拍)[{""name"":""规格"",""value"":""7英寸(手拍)""}]（28.90*1）,餐盒（2.00*1）",玉米沙拉披萨,,,,非会员,19,,,依据餐量提供餐具,,28.90,18.38,5.00,0.00,0,0,2.02,0.00,2.40,【活动支出】饿了么红包:5.00元+【活动支出】替用户承担配送费:2.4元,-,-,-,2.00,江苏区域,江苏直营店,,,否,-,平台配送
圣比萨·披萨·炸鸡（盐城青墩店）,SBS00038,盐城,"8093926088590452072	",饿了么,平台外卖,已完成,2025-10-21 19:26:26,2025-10-21 19:26:26,2025-10-21 19:26:26,饿了么支付-在线支付,,即时单,2025-10-21 19:26:26,14.05,自动出餐,1,否,"新奥尔良烤鸡肉披萨-7英寸(手拍)[{""name"":""规格"",""value"":""7英寸(手拍)""}]（28.90*1）,餐盒（2.00*1）",新奥尔良烤鸡肉披萨,,,,非会员,20,,,依据餐量提供餐具,,28.90,18.38,5.00,0.00,0,0,2.02,0.00,2.40,【活动支出】饿了么红包:5.00元+【活动支出】替用户承担配送费:2.4元,-,-,-,2.00,江苏区域,江苏直营店,,,否,-,平台配送
圣比萨·披萨·炸鸡（盐城青墩店）,SBS00038,盐城,"8056566088612238836	",饿了么,平台外卖,已完成,2025-10-21 19:36:51,2025-10-21 19:36:51,2025-10-21 19:36:51,饿了么支付-在线支付,,即时单,2025-10-21 19:36:51,13.10,自动出餐,1,否,"玉米沙拉披萨-9英寸(手拍)[{""name"":""规格"",""value"":""9英寸(手拍)""}]（36.90*1）,餐盒（2.00*1）",玉米沙拉披萨,,,,非会员,21,,,依据餐量提供餐具,,36.90,23.26,7.00,0.00,0,0,2.54,0.00,2.40,【活动支出】店铺满减:1.00元+【活动支出】精准营销:1.00元+【活动支出】饿了么红包:5.00元+【活动支出】替用户承担配送费:2.4元,-,-,-,2.00,江苏区域,江苏直营店,,,否,-,平台配送
圣比萨·披萨·炸鸡（盐城青墩店）,SBS00038,盐城,"8049956088620130747	",饿了么,平台外卖,已完成,2025-10-21 19:47:04,2025-10-21 19:47:04,2025-10-21 19:47:04,饿了么支付-在线支付,,即时单,2025-10-21 19:47:04,13.12,自动出餐,1,否,"经典奥尔良三件套（鸡排一片＋可乐）[香辣]（39.90*1）,餐盒（1.00*1）",经典奥尔良三件套（鸡排一片＋可乐）[香辣]+餐盒,,,,非会员,22,,,依据餐量提供餐具,,39.90,25.40,6.00,0.00,0,0,2.80,0.00,2.40,【活动支出】店铺满减:1.00元+【活动支出】饿了么红包:5.00元+【活动支出】替用户承担配送费:2.4元,-,-,-,1.00,江苏区域,江苏直营店,,,否,-,平台配送
圣比萨·披萨·炸鸡（盐城青墩店）,SBS00038,盐城,"8039190254750762385	",饿了么,平台外卖,已完成,2025-10-21 19:56:40,2025-10-21 19:56:40,2025-10-21 19:56:40,饿了么支付-在线支付,,即时单,2025-10-21 19:56:40,13.13,自动出餐,1,否,"玉米沙拉披萨-7英寸(手拍)[{""name"":""规格"",""value"":""7英寸(手拍)""}]（28.90*1）,餐盒（2.00*1）",玉米沙拉披萨,,,,非会员,23,,,依据餐量提供餐具,,28.90,17.46,6.00,0.00,0,0,1.94,0.00,2.40,【活动支出】精准营销:1.00元+【活动支出】饿了么红包:5.00元+【活动支出】替用户承担配送费:2.4元,-,-,-,2.00,江苏区域,江苏直营店,,,否,-,平台配送
圣比萨·披萨·炸鸡（盐城青墩店）,SBS00038,盐城,"8019220254761834756	",饿了么,平台外卖,已完成,2025-10-21 20:19:26,2025-10-21 20:19:26,2025-10-21 20:19:26,饿了么支付-在线支付,,即时单,2025-10-21 20:19:26,13.10,自动出餐,1,否,"奶酪芝士卷边（7英寸）（4.90*1）,大圣招牌大满贯披萨-7英寸(手拍)[{""name"":""规格"",""value"":""7英寸(手拍)""}]（36.90*1）,餐盒（2.00*1）",奶酪芝士卷边7+大圣招牌大满贯披萨,,,,非会员,24,,,2份餐具,,41.80,27.46,6.00,0.00,0,0,3.04,0.00,2.40,【活动支出】店铺满减:1.00元+【活动支出】饿了么红包:5.00元+【活动支出】替用户承担配送费:2.4元,-,-,-,2.00,江苏区域,江苏直营店,,,否,-,平台配送
圣比萨·披萨·炸鸡（盐城青墩店）,SBS00038,盐城,"8012360254747692339	",饿了么,平台外卖,已完成,2025-10-21 20:36:09,2025-10-21 20:36:09,2025-10-21 20:36:10,饿了么支付-在线支付,,即时单,2025-10-21 20:36:09,13.13,自动出餐,1,否,"榴莲王披萨-12英寸(手拍)[{""name"":""规格"",""value"":""12英寸(手拍)""}]（72.90*1）,餐盒（2.00*1）",榴莲王披萨,,,,非会员,25,,,依据餐量提供餐具,,72.90,44.41,11.00,0.00,0,0,5.24,0.00,4.90,【活动支出】店铺满减:6.00元+【活动支出】吃货豆兑换的商家券:5.00元+【活动支出】替用户承担配送费:4.9元,-,-,-,2.00,江苏区域,江苏直营店,,,否,-,平台配送
圣比萨·披萨·炸鸡（盐城青墩店）,SBS00038,盐城,"8038220254774715763	",饿了么,平台外卖,已完成,2025-10-21 20:50:35,2025-10-21 20:50:35,2025-10-21 20:50:35,饿了么支付-在线支付,,即时单,2025-10-21 20:50:35,12.88,手动出餐,1,否,"新奥尔良烤鸡肉披萨-7英寸(手拍)[{""name"":""规格"",""value"":""7英寸(手拍)""}]（28.90*1）,餐盒（2.00*1）",新奥尔良烤鸡肉披萨,,,,非会员,26,,,依据餐量提供餐具,,28.90,18.38,5.00,0.00,0,0,2.02,0.00,2.40,【活动支出】饿了么红包:5.00元+【活动支出】替用户承担配送费:2.4元,-,-,-,2.00,江苏区域,江苏直营店,,,否,-,平台配送
圣比萨·披萨·炸鸡（盐城青墩店）,SBS00038,盐城,"8032596088658601239	",饿了么,平台外卖,已完成,2025-10-21 21:08:52,2025-10-21 21:08:52,2025-10-21 21:08:53,饿了么支付-在线支付,,即时单,2025-10-21 21:08:52,13.03,自动出餐,1,否,"大圣鸡排[香辣]（6.90*1）,碳烤鸡肉培根披萨-7英寸(手拍)[{""name"":""规格"",""value"":""7英寸(手拍)""}]（28.90*1）,餐盒（3.00*1）",大圣鸡排+碳烤鸡肉培根披萨,,,,非会员,27,,,依据餐量提供餐具,,35.80,23.04,6.00,0.00,0,0,2.56,0.00,3.40,【活动支出】店铺满减:1.00元+【活动支出】饿了么红包:5.00元+【活动支出】替用户承担配送费:3.4元,-,-,-,3.00,江苏区域,江苏直营店,,,否,-,平台配送
圣比萨·披萨·炸鸡（盐城青墩店）,SBS00038,盐城,"8018906088633015776	",饿了么,平台外卖,已完成,2025-10-21 21:09:29,2025-10-21 21:09:29,2025-10-21 21:09:29,饿了么支付-在线支付,,即时单,2025-10-21 21:09:29,13.10,自动出餐,1,否,"点击右上角❤️免费得小吃（限一份，多点不送）[薯饼2个]（0.00*1）,招牌大满贯三件套（香肠1＋可乐）[香辣]（39.90*1）,餐盒（1.00*1）",点击右上角❤️免费得小吃（限一份，多点不送）[薯饼2个]+招牌大满贯三件套（香肠1＋可乐）[香辣]+餐盒,,,,非会员,28,,,6份餐具,,39.90,23.44,7.00,0.00,0,0,2.66,0.00,3.40,【活动支出】店铺满减:1.00元+【活动支出】饿了么红包:5.00元+【活动支出】精准营销:1.00元+【活动支出】替用户承担配送费:3.4元,-,-,-,1.00,江苏区域,江苏直营店,,,否,-,平台配送
圣比萨·披萨·炸鸡（盐城青墩店）,SBS00038,盐城,"8031856088635710950	",饿了么,平台外卖,已完成,2025-10-21 21:20:15,2025-10-21 21:20:15,2025-10-21 21:20:15,饿了么支付-在线支付,,即时单,2025-10-21 21:20:15,13.07,自动出餐,1,否,"鸡排芝士棒套餐[孜然]（28.90*1）,餐盒（1.00*1）",鸡排芝士棒套餐[孜然]+餐盒,,,,非会员,29,,,依据餐量提供餐具,,28.90,15.50,6.00,0.00,0,0,1.80,0.00,3.90,【活动支出】精准营销:1.00元+【活动支出】饿了么红包:5.00元+【活动支出】替用户承担配送费:3.9元,-,-,-,1.00,江苏区域,江苏直营店,,,否,-,平台配送
圣比萨·披萨·炸鸡（盐城青墩店）,SBS00038,盐城,"8051350254692460959	",饿了么,平台外卖,已完成,2025-10-21 22:51:18,2025-10-21 22:51:18,2025-10-21 22:51:18,饿了么支付-在线支付,,即时单,2025-10-21 22:51:18,13.12,自动出餐,1,否,"奶酪芝士卷边（7英寸）（4.90*1）,新奥尔良烤鸡肉披萨-7英寸(手拍)[{""name"":""规格"",""value"":""7英寸(手拍)""}]（28.90*1）,餐盒（2.00*1）",奶酪芝士卷边7+新奥尔良烤鸡肉披萨,,,,非会员,30,,,依据餐量提供餐具,,33.80,20.30,6.00,0.00,0,0,2.30,0.00,3.40,【活动支出】精准营销:1.00元+【活动支出】饿了么红包:5.00元+【活动支出】替用户承担配送费:3.4元,-,-,-,2.00,江苏区域,江苏直营店,,,否,-,平台配送
圣比萨（新城店）,SBS00003,温州,"8052816088283294033	",饿了么,平台外卖,已完成,2025-10-20 22:42:25,2025-10-20 22:42:25,2025-10-20 22:42:25,饿了么支付-在线支付,,预约单,2025-10-21 17:15:00,1064.48,手动出餐,1,否,"【新客福利】香烤地道肠1根（7.50*1）,榴莲王披萨-9英寸(经典手拍)[{""name"":""规格"",""value"":""9英寸(经典手拍)""}]（92.00*1）,餐盒（2.00*1）",地道肠1根+榴莲王披萨,,,,非会员,1,,,"对骑手, 放前台 / 1份餐具",,99.50,27.99,62.61,0.00,0,0,2.65,0.00,3.50,【活动支出】店铺满减:1.00元+【活动支出】单品特价:6.51元+【活动支出】单品特价:46.10元+【活动支出】饿了么红包:9.00元+【活动支出】替用户承担配送费:3.5元,-,-,-,2.00,温州区域,温州加盟,,,否,-,平台配送
圣比萨（新城店）,SBS00003,温州,"8094270254486521266	",饿了么,平台外卖,已完成,2025-10-21 00:15:07,2025-10-21 00:15:07,2025-10-21 00:15:07,饿了么支付-在线支付,,即时单,2025-10-21 00:15:07,10.10,自动出餐,1,否,"奥尔良烤鸡肉披萨-12英寸(经典手拍)[{""name"":""规格"",""value"":""12英寸(经典手拍)""}]（109.00*1）,奶酪芝士卷边（12英寸）（8.90*1）,餐盒（2.00*1）",新奥尔良烤鸡肉披萨+奶酪芝士卷边,,,,非会员,2,,,依据餐量提供餐具,,117.90,35.75,63.10,0.00,0,0,4.00,0.00,11.90,【活动支出】店铺满减:2.00元+【活动支出】单品特价:49.10元+【活动支出】饿了么红包:0.00元+【活动支出】饿了么红包:12.00元+【活动支出】替用户承担配送费:5.0元,-,-,-,2.00,温州区域,温州加盟,,,否,-,平台配送
圣比萨（新城店）,SBS00003,温州,"8049756088317203730	",饿了么,平台外卖,已完成,2025-10-21 09:50:25,2025-10-21 09:50:25,2025-10-21 09:50:25,饿了么支付-在线支付,,即时单,2025-10-21 09:50:25,10.10,自动出餐,1,否,"奶酪芝士卷边（7英寸）（4.90*1）,7英寸奥尔良烤鸡肉披萨[7英奥尔良烤鸡肉披萨]（56.00*1）,明星至尊桶（59.00*1）,餐盒（4.00*1）",奶酪芝士卷边7+新奥尔良烤鸡肉披萨【7英寸(手拍)】+明星至尊桶,,,,非会员,3,,,依据餐量提供餐具；手机尾号：0703；接力送,,119.90,45.67,62.00,0.00,0,0,4.38,0.00,3.50,【活动支出】店铺满减:2.00元+【活动支出】单品特价:33.50元+【活动支出】单品特价:18.50元+【活动支出】超会爆红包省钱包:8.00元+【活动支出】替用户承担配送费:3.5元,-,-,-,4.00,温州区域,温州加盟,,,否,-,平台配送
圣比萨（新城店）,SBS00003,温州,"8060796088345373080	",饿了么,平台外卖,已完成,2025-10-21 10:46:51,2025-10-21 10:46:51,2025-10-21 10:46:51,饿了么支付-在线支付,,即时单,2025-10-21 10:46:51,10.18,自动出餐,1,否,"点击右上角❤️收藏得小吃[上校鸡块2个]（2.00*1）,烤甜玉米（12.00*1）,7英寸奥尔良烤鸡肉披萨[7英奥尔良烤鸡肉披萨]（56.00*1）,【新客福利】香烤地道肠1根（7.50*1）,餐盒（4.50*1）",上校鸡块2个+烤甜玉米+新奥尔良烤鸡肉披萨【7英寸(手拍)】+地道肠1根,,,,非会员,4,,,依据餐量提供餐具,,77.50,19.43,53.01,0.00,0,0,1.91,0.00,3.50,【活动支出】单品特价:1.90元+【活动支出】单品特价:3.10元+【活动支出】单品特价:33.50元+【活动支出】单品特价:6.51元+【活动支出】CPS商户叠加券:0.00元+【活动支出】饿了么红包:8.00元+【活动支出】替用户承担配送费:3.5元,-,-,-,4.50,温州区域,温州加盟,,,否,-,平台配送
圣比萨（新城店）,SBS00003,温州,"8091506088344360381	",饿了么,平台外卖,已完成,2025-10-21 11:16:04,2025-10-21 11:16:04,2025-10-21 11:16:04,饿了么支付-在线支付,,即时单,2025-10-21 11:16:04,12.12,自动出餐,1,否,7寸日系照烧鸡披萨-拼团（20.60*1）,日系照烧鸡披萨【7英寸(手拍)】,,,,非会员,5,,,无需餐具,,20.60,12.00,0.00,0.00,0,0,0.00,0.00,,【活动支出】拼团反圈活动:0.00元,-,-,-,0.00,温州区域,温州加盟,,,否,-,平台配送
圣比萨（新城店）,SBS00003,温州,"8077450254631177477	",饿了么,平台外卖,已完成,2025-10-21 12:14:16,2025-10-21 12:14:16,2025-10-21 12:14:16,饿了么支付-在线支付,,即时单,2025-10-21 12:14:16,12.05,自动出餐,1,否,手握三选一-单点[奥尔良]（20.00*1）,奥尔良风情烤鸡肉一人食盒子披萨,,,,非会员,6,,,依据餐量提供餐具,,20.00,10.00,0.00,0.00,0,0,0.00,0.00,,【活动支出】拼团反圈活动:0.00元,-,-,-,0.00,温州区域,温州加盟,,,否,-,平台配送
圣比萨（新城店）,SBS00003,温州,"8098090254452238724	",饿了么,平台外卖,已完成,2025-10-21 12:25:45,2025-10-21 12:25:45,2025-10-21 12:25:45,饿了么支付-在线支付,,即时单,2025-10-21 12:25:45,12.15,自动出餐,1,否,"奶酪芝士卷边（9英寸）（6.90*1）,9英寸奥尔良烤鸡肉披萨（78.00*1）,餐盒（2.00*1）",奶酪芝士卷边9+新奥尔良烤鸡肉披萨【9英寸(手拍)】,,,,非会员,7,,,依据餐量提供餐具,,84.90,27.58,49.10,0.00,0,0,2.57,0.00,3.50,【活动支出】店铺满减:1.00元+【活动支出】单品特价:40.10元+【活动支出】 商家自营销加码:0.00元+【活动支出】饿了么红包:8.00元+【活动支出】替用户承担配送费:3.5元,-,-,-,2.00,温州区域,温州加盟,,,否,-,平台配送
圣比萨（新城店）,SBS00003,温州,"8073776088509921621	",饿了么,平台外卖,已完成,2025-10-21 14:00:53,2025-10-21 14:00:53,2025-10-21 14:00:53,饿了么支付-在线支付,,即时单,2025-10-21 14:00:53,10.10,自动出餐,1,否,"榴莲王披萨-7英寸（经典手拍)[{""name"":""规格"",""value"":""7英寸（经典手拍)""}]（52.00*1）,餐盒（1.00*1）",榴莲王披萨,,,,非会员,8,,,依据餐量提供餐具,,52.00,19.57,24.50,0.00,0,0,1.88,0.00,3.50,【活动支出】单品特价:17.50元+【活动支出】饿了么红包:7.00元+【活动支出】替用户承担配送费:3.5元,-,-,-,1.00,温州区域,温州加盟,,,否,-,平台配送
圣比萨（新城店）,SBS00003,温州,"8059706088526685595	",饿了么,平台外卖,已完成,2025-10-21 16:24:53,2025-10-21 16:24:53,2025-10-21 16:24:53,饿了么支付-在线支付,,即时单,2025-10-21 16:24:53,10.15,自动出餐,1,否,手握三选一-单点[日式照烧]（20.00*1）,日式烧鸟风味一人食盒子披萨,,,,非会员,9,,,依据餐量提供餐具,,20.00,10.00,0.00,0.00,0,0,0.00,0.00,,【活动支出】爆品团通吃券:0.00元,-,-,-,0.00,温州区域,温州加盟,,,否,-,平台配送
圣比萨（新城店）,SBS00003,温州,"8048050254545656134	",饿了么,平台外卖,已完成,2025-10-21 16:43:02,2025-10-21 16:43:02,2025-10-21 16:43:02,饿了么支付-在线支付,,即时单,2025-10-21 16:43:02,10.02,自动出餐,1,否,"招牌肉酱意面（52.00*3）,餐盒（3.00*1）",招牌肉酱意面,,,,非会员,10,,,依据餐量提供餐具,,156.00,51.17,92.30,0.00,0,0,4.78,0.00,3.50,【活动支出】店铺满减:6.00元+【活动支出】单品特价:72.30元+【活动支出】粉丝群:2.00元+【活动支出】饿了么红包:12.00元+【活动支出】替用户承担配送费:3.5元,-,-,-,3.00,温州区域,温州加盟,,,否,-,平台配送
圣比萨（新城店）,SBS00003,温州,"8048050254629309920	",饿了么,平台外卖,已完成,2025-10-21 16:44:31,2025-10-21 16:44:31,2025-10-21 16:44:32,饿了么支付-在线支付,,即时单,2025-10-21 16:44:31,10.10,自动出餐,1,否,"缤纷水果披萨-9英寸(手拍)[{""name"":""规格"",""value"":""9英寸(手拍)""}]（75.00*1）,奶酪芝士卷边（7英寸）（4.90*1）,红薯薯泥流心卷边（9英寸）（6.90*1）,金沙咸蛋黄嫩鸡披萨-7英寸（经典手拍)[{""name"":""规格"",""value"":""7英寸（经典手拍)""}]（52.00*1）,餐盒（2.00*1）",缤纷水果披萨+奶酪芝士卷边7+红薯泥流心卷边9+金沙咸蛋黄嫩鸡披萨,,,,非会员,11,,,5份餐具,,138.80,47.98,78.20,0.00,0,0,4.47,0.00,3.50,【活动支出】店铺满减:6.00元+【活动支出】单品特价:40.10元+【活动支出】单品特价:18.10元+【活动支出】粉丝群:2.00元+【活动支出】饿了么红包:12.00元+【活动支出】替用户承担配送费:3.5元,-,-,-,2.00,温州区域,温州加盟,,,否,-,平台配送
圣比萨（新城店）,SBS00003,温州,"8067856088561527242	",饿了么,平台外卖,已完成,2025-10-21 16:58:26,2025-10-21 16:58:26,2025-10-21 16:58:26,饿了么支付-在线支付,,即时单,2025-10-21 16:58:26,10.08,自动出餐,1,否,"牛肉蘑菇披萨-7英寸(经典手拍)[{""name"":""规格"",""value"":""7英寸(经典手拍)""}]（45.00*1）,明星小食桶C（38.00*1）,酸奶多多流心卷边（7英寸）（4.90*1）,餐盒（4.00*1）",炙热牛魔王披萨+明星小食桶C+酸奶多多流心卷边7,,,,非会员,12,,,依据餐量提供餐具,,87.90,41.27,37.20,0.00,0,0,3.88,0.00,3.50,【活动支出】店铺满减:6.00元+【活动支出】单品特价:15.10元+【活动支出】单品特价:10.10元+【活动支出】饿了么红包:6.00元+【活动支出】替用户承担配送费:3.5元,-,-,-,4.00,温州区域,温州加盟,,,否,-,平台配送
圣比萨（新城店）,SBS00003,温州,"8031440254557742554	",饿了么,平台外卖,已完成,2025-10-21 17:12:05,2025-10-21 17:12:05,2025-10-21 17:12:05,饿了么支付-在线支付,,即时单,2025-10-21 17:12:05,10.23,自动出餐,1,否,"咸蛋黄风味流沙卷边（7英寸）（4.90*1）,奶酪芝士卷边（7英寸）（4.90*1）,7英寸披萨买一送一[奥尔良鸡肉披萨7英寸+日系照烧鸡披萨7英寸]（86.80*1）,餐盒（2.00*1）",咸蛋黄流沙卷边7+奶酪芝士卷边7+新奥尔良烤鸡肉披萨【7英寸(手拍)】+日系照烧鸡披萨【7英寸(手拍)】,,,,非会员,13,,,2份餐具,,96.60,37.25,48.90,0.00,0,0,3.50,0.00,3.50,【活动支出】店铺满减:1.00元+【活动支出】单品特价:39.90元+【活动支出】饿了么红包:8.00元+【活动支出】替用户承担配送费:3.5元,-,-,-,2.00,温州区域,温州加盟,,,否,-,平台配送
圣比萨（新城店）,SBS00003,温州,"8078596088538287598	",饿了么,平台外卖,已完成,2025-10-21 17:22:03,2025-10-21 17:22:03,2025-10-21 17:22:03,饿了么支付-在线支付,,即时单,2025-10-21 17:22:03,7.50,手动出餐,1,否,"[买一送一]意大利面[招牌肉酱意面+招牌肉酱意面]（60.00*1）,餐盒（2.00*1）",招牌肉酱意面+招牌肉酱意面,,,,非会员,14,,,依据餐量提供餐具,,60.00,25.36,27.10,0.00,0,0,2.39,0.00,4.00,【活动支出】店铺满减:1.00元+【活动支出】单品特价:18.10元+【活动支出】饿了么红包:8.00元+【活动支出】替用户承担配送费:4.0元,-,-,-,2.00,温州区域,温州加盟,,,否,-,平台配送
圣比萨（新城店）,SBS00003,温州,"8028240254646333746	",饿了么,平台外卖,已完成,2025-10-21 17:23:26,2025-10-21 17:23:26,2025-10-21 17:23:26,饿了么支付-在线支付,,即时单,2025-10-21 17:23:26,10.03,自动出餐,1,否,手握三选一-单点[缤纷水果]（20.00*1）,热带雨林水果一人食盒子披萨,,,,非会员,15,,,依据餐量提供餐具,,20.00,10.00,0.00,0.00,0,0,0.00,0.00,,【活动支出】爆品团通吃券:0.00元,-,-,-,0.00,温州区域,温州加盟,,,否,-,平台配送
圣比萨（新城店）,SBS00003,温州,"8092030254676138358	",饿了么,平台外卖,已完成,2025-10-21 17:25:49,2025-10-21 17:25:49,2025-10-21 17:25:50,饿了么支付-在线支付,,即时单,2025-10-21 17:25:49,10.17,自动出餐,1,否,"经典薯条（18.00*1）,奶酪芝士卷边（12英寸）（8.90*1）,圣比招牌披萨-12英寸(经典手拍)[{""name"":""规格"",""value"":""12英寸(经典手拍)""}]（109.00*1）,餐盒（4.00*1）",经典薯条+奶酪芝士卷边+大圣招牌大满贯披萨,,,,非会员,16,,,依据餐量提供餐具,,135.90,56.12,67.20,0.00,0,0,5.23,0.00,3.50,【活动支出】店铺满减:6.00元+【活动支出】单品特价:9.10元+【活动支出】单品特价:45.10元+【活动支出】 商家自营销加码:2.00元+【活动支出】饿了么红包:5.00元+【活动支出】替用户承担配送费:3.5元,-,-,-,4.00,温州区域,温州加盟,,,否,-,平台配送
圣比萨（新城店）,SBS00003,温州,"8076856088586909082	",饿了么,平台外卖,已完成,2025-10-21 17:34:43,2025-10-21 17:34:43,2025-10-21 17:34:43,饿了么支付-在线支付,,即时单,2025-10-21 17:34:43,10.72,手动出餐,1,否,"奶酪芝士卷边（7英寸）（4.90*1）,纯芝士披萨7英寸[7英寸]（42.00*1）,餐盒（2.00*1）",奶酪芝士卷边7+金牌芝士披萨【7英寸(手拍)】,,,,非会员,17,,,依据餐量提供餐具,,46.90,15.02,27.10,0.00,0,0,1.43,0.00,3.50,【活动支出】单品特价:20.10元+【活动支出】饿了么红包:0.00元+【活动支出】饿了么红包:7.00元+【活动支出】替用户承担配送费:3.5元,-,-,-,2.00,温州区域,温州加盟,,,否,-,平台配送
圣比萨（新城店）,SBS00003,温州,"8007666088536895980	",饿了么,平台外卖,已完成,2025-10-21 17:39:40,2025-10-21 17:39:40,2025-10-21 17:39:40,饿了么支付-在线支付,,即时单,2025-10-21 17:39:40,9.10,手动出餐,1,否,"招牌肉酱意面（52.00*1）,【新客福利】香烤地道肠1根（7.50*1）,餐盒（2.00*1）",招牌肉酱意面+地道肠1根,,,,非会员,18,,,依据餐量提供餐具,,59.50,16.37,37.61,0.00,0,0,1.57,0.00,3.50,【活动支出】单品特价:24.10元+【活动支出】单品特价:6.51元+【活动支出】饿了么红包:7.00元+【活动支出】替用户承担配送费:3.5元,-,-,-,2.00,温州区域,温州加盟,,,否,-,平台配送
圣比萨（新城店）,SBS00003,温州,"8046000254735019360	",饿了么,平台外卖,已完成,2025-10-21 19:12:12,2025-10-21 19:12:12,2025-10-21 19:12:12,饿了么支付-在线支付,,即时单,2025-10-21 19:12:12,6.80,手动出餐,1,否,"招牌肉酱意面（52.00*1）,芝士焗红薯泥（19.00*1）,餐盒（3.00*1）",招牌肉酱意面+芝士焗红薯泥,,,,非会员,19,,,加急 / 依据餐量提供餐具,,71.00,27.11,37.20,0.00,0,0,2.54,0.00,3.50,【活动支出】店铺满减:1.00元+【活动支出】单品特价:24.10元+【活动支出】单品特价:4.10元+【活动支出】饿了么红包:8.00元+【活动支出】替用户承担配送费:3.5元,-,-,-,3.00,温州区域,温州加盟,,,否,-,平台配送
圣比萨（新城店）,SBS00003,温州,"8090000254842119491	",饿了么,平台外卖,已完成,2025-10-21 20:31:42,2025-10-21 20:31:42,2025-10-21 20:31:42,饿了么支付-在线支付,,即时单,2025-10-21 20:31:42,10.15,自动出餐,1,否,"榴莲王披萨-12英寸（经典手拍）[{""name"":""规格"",""value"":""12英寸（经典手拍）""}]（129.00*1）,【新客福利】香烤地道肠1根（7.50*1）,餐盒（2.00*1）",榴莲王披萨+地道肠1根,,,,非会员,20,,,一半榴莲一半芝士条，谢谢老板 / 依据餐量提供餐具,,136.50,33.75,87.61,0.00,0,0,3.59,0.00,8.70,【活动支出】店铺满减:6.00元+【活动支出】单品特价:65.10元+【活动支出】单品特价:6.51元+【活动支出】粉丝群:2.00元+【活动支出】饿了么红包:8.00元+【活动支出】替用户承担配送费:6.0元,-,-,-,2.00,温州区域,温州加盟,,,否,-,平台配送
圣比萨（新城店）,SBS00003,温州,"8087646088685667784	",饿了么,平台外卖,已完成,2025-10-21 21:14:26,2025-10-21 21:14:26,2025-10-21 21:14:26,饿了么支付-在线支付,,即时单,2025-10-21 21:14:26,10.12,自动出餐,1,否,"经典薯条（18.00*1）,圣比招牌披萨-7英寸(经典手拍)[{""name"":""规格"",""value"":""7英寸(经典手拍)""}]（45.00*1）,红薯薯泥流心卷边（7英寸）（4.90*1）,餐盒（4.00*1）",经典薯条+大圣招牌大满贯披萨+红薯泥流心卷边7,,,,非会员,21,,,依据餐量提供餐具,,67.90,22.70,32.20,0.00,0,0,2.75,0.00,9.90,【活动支出】店铺满减:1.00元+【活动支出】单品特价:9.10元+【活动支出】单品特价:13.10元+【活动支出】饿了么红包:9.00元+【活动支出】替用户承担配送费:6.0元,-,-,-,4.00,温州区域,温州加盟,,,否,-,平台配送
圣比萨（新城店）,SBS00003,温州,"8082490254787714521	",饿了么,平台外卖,已退款,2025-10-21 21:56:14,2025-10-21 21:56:14,2025-10-21 21:56:14,饿了么支付-在线支付,,即时单,2025-10-21 21:56:14,7.88,手动出餐,1,否,"芒果汁[常温]（10.00*1）,招牌肉酱芝士焗饭（52.00*1）,餐盒（2.00*1）",芒果汁+招牌肉酱芝士焗饭,,,,非会员,22,,,依据餐量提供餐具,"客服仲裁同意退单 骑手送错外卖，然后现在一个小时了还没有换回来,客服同意退款",62.00,-18.02,28.10,39.20,0,0,2.47,0.00,9.30,【活动支出】单品特价:4.00元+【活动支出】单品特价:24.10元+【活动支出】替用户承担配送费:6.0元,-,-,-,2.00,温州区域,温州加盟,,,否,-,平台配送
圣比萨（新城店）,SBS00003,温州,"8076756088679000539	",饿了么,平台外卖,已完成,2025-10-21 22:10:17,2025-10-21 22:10:17,2025-10-21 22:10:17,饿了么支付-在线支付,,即时单,2025-10-21 22:10:17,9.00,手动出餐,1,否,"点击右上角❤️收藏得小吃[墨鱼丸1个]（2.00*1）,7英寸奥尔良烤鸡肉披萨[7英奥尔良烤鸡肉披萨]（56.00*1）,餐盒（2.50*1）",深海墨鱼丸1个+新奥尔良烤鸡肉披萨【7英寸(手拍)】,,,,非会员,23,,,依据餐量提供餐具,,58.00,10.22,42.40,0.00,0,0,1.43,0.00,6.10,【活动支出】单品特价:1.90元+【活动支出】单品特价:33.50元+【活动支出】 商家自营销加码:2.00元+【活动支出】CPS商户叠加券:0.00元+【活动支出】饿了么红包:5.00元+【活动支出】淘金币:0.00元+【活动支出】替用户承担配送费:6.0元,-,-,-,2.50,温州区域,温州加盟,,,否,-,平台配送
圣比萨（新城店）,SBS00003,温州,"8049576088653561267	",饿了么,平台外卖,已完成,2025-10-21 22:43:27,2025-10-21 22:43:27,2025-10-21 22:43:27,饿了么支付-在线支付,,即时单,2025-10-21 22:43:27,10.20,自动出餐,1,否,手握三选一-单点[奥尔良]（20.00*1）,奥尔良风情烤鸡肉一人食盒子披萨,,,,非会员,24,,,无需餐具,,20.00,10.00,0.00,0.00,0,0,0.00,0.00,,【活动支出】拼团反圈活动:0.00元,-,-,-,0.00,温州区域,温州加盟,,,否,-,平台配送
圣比萨（新城店）,SBS00003,温州,"8065556088670341425	",饿了么,平台外卖,已完成,2025-10-21 22:45:49,2025-10-21 22:45:49,2025-10-21 22:45:49,饿了么支付-在线支付,,即时单,2025-10-21 22:45:49,10.05,自动出餐,1,否,新奥尔良烤鸡肉披萨7寸-单点（22.00*1）,新奥尔良烤鸡肉披萨【7英寸(手拍)】,,,,非会员,25,,,依据餐量提供餐具,,22.00,12.00,0.00,0.00,0,0,0.00,0.00,,【活动支出】拼团反圈活动:0.00元,-,-,-,0.00,温州区域,温州加盟,,,否,-,平台配送
圣比萨（新城店）,SBS00003,温州,"8081420254694050105	",饿了么,平台外卖,已完成,2025-10-21 22:54:43,2025-10-21 22:54:43,2025-10-21 22:54:43,饿了么支付-在线支付,,即时单,2025-10-21 22:54:43,8.83,手动出餐,1,否,"深海墨鱼丸三个（10.00*1）,7英寸披萨一人食土豪餐[浪漫威尼斯披萨7英寸+盐酥鸡米花小份+地道肠1根+柠檬茶]（70.00*1）,餐盒（3.00*1）",深海墨鱼丸3个+浪漫威尼斯披萨【7英寸(手拍)】+盐酥鸡米花小份+地道肠【1根】+柠檬茶,,,,非会员,26,,,依据餐量提供餐具,,80.00,23.86,48.20,0.00,0,0,2.39,0.00,6.60,【活动支出】店铺满减:1.00元+【活动支出】单品特价:4.10元+【活动支出】单品特价:35.10元+【活动支出】饿了么红包:8.00元+【活动支出】替用户承担配送费:6.0元,-,-,-,3.00,温州区域,温州加盟,,,否,-,平台配送
圣比萨（宜山店）,SBS00019,温州,"8078706088355002780	",饿了么,平台外卖,已完成,2025-10-21 10:43:50,2025-10-21 10:43:50,2025-10-21 10:43:51,饿了么支付-在线支付,,即时单,2025-10-21 10:43:50,15.22,自动出餐,1,否,"碳烤鸡肉芝士焗饭（28.90*1）,餐盒（2.00*1）",碳烤鸡肉芝士焗饭,,,,非会员,1,,,依据餐量提供餐具,,28.90,15.31,7.00,0.00,0,0,2.14,0.00,3.50,【活动支出】饿了么红包:7.00元+【活动支出】替用户承担配送费:3.5元,-,-,-,2.00,温州区域,温州直营,,,否,-,平台配送
圣比萨（宜山店）,SBS00019,温州,"8041646088445031701	",饿了么,平台外卖,已完成,2025-10-21 12:16:44,2025-10-21 12:16:44,2025-10-21 12:16:44,饿了么支付-在线支付,,即时单,2025-10-21 12:16:44,15.12,自动出餐,1,否,"点击右上角❤️收藏得小吃[薯饼1个]（3.00*1）,碳烤鸡肉培根披萨-7英寸(手拍)[{""name"":""规格"",""value"":""7英寸(手拍)""}]（25.90*1）,餐盒（2.00*1）",薯饼1个+碳烤鸡肉培根披萨,,,,非会员,2,,,依据餐量提供餐具,,28.90,13.31,9.90,0.00,0,0,1.84,0.00,3.50,【活动支出】单品特价:2.90元+【活动支出】 商家自营销加码:2.00元+【活动支出】饿了么红包:5.00元+【活动支出】替用户承担配送费:3.5元,-,-,-,2.00,温州区域,温州直营,,,否,-,平台配送
圣比萨（宜山店）,SBS00019,温州,"8069586088453115339	",饿了么,平台外卖,已完成,2025-10-21 12:29:10,2025-10-21 12:29:10,2025-10-21 12:29:10,饿了么支付-在线支付,,即时单,2025-10-21 12:29:10,15.23,自动出餐,1,否,"咖喱鸡肉芝士焗饭（25.90*1）,餐盒（2.00*1）",咖喱鸡肉芝士焗饭,,,,非会员,3,,,依据餐量提供餐具,,25.90,15.01,5.00,0.00,0,0,2.04,0.00,3.50,【活动支出】饿了么红包:5.00元+【活动支出】替用户承担配送费:3.5元,-,-,-,2.00,温州区域,温州直营,,,否,-,平台配送
圣比萨（宜山店）,SBS00019,温州,"8085956088461884754	",饿了么,平台外卖,已完成,2025-10-21 12:46:57,2025-10-21 12:46:57,2025-10-21 12:46:57,饿了么支付-在线支付,,即时单,2025-10-21 12:46:57,15.18,自动出餐,1,否,"缤纷水果披萨-9英寸(手拍)[{""name"":""规格"",""value"":""9英寸(手拍)""}]（39.90*1）,餐盒（2.00*1）",缤纷水果披萨,,,,非会员,4,,,无需餐具,,39.90,23.06,8.00,0.00,0,0,3.19,0.00,3.50,【活动支出】店铺满减:1.00元+【活动支出】饿了么红包:7.00元+【活动支出】替用户承担配送费:3.5元,-,-,-,2.00,温州区域,温州直营,,,否,-,平台配送
圣比萨（宜山店）,SBS00019,温州,"8018526088498829654	",饿了么,平台外卖,已完成,2025-10-21 13:37:11,2025-10-21 13:37:11,2025-10-21 13:37:11,饿了么支付-在线支付,,即时单,2025-10-21 13:37:11,15.20,自动出餐,1,否,"新奥尔良烤鸡肉披萨-7英寸(手拍)[{""name"":""规格"",""value"":""7英寸(手拍)""}]（23.90*1）,餐盒（2.00*1）",新奥尔良烤鸡肉披萨,,,,非会员,5,,,依据餐量提供餐具,,23.90,9.63,7.00,0.00,0,0,1.62,0.00,5.60,【活动支出】饿了么红包:7.00元+【活动支出】替用户承担配送费:5.0元,-,-,-,2.00,温州区域,温州直营,,,否,-,平台配送
圣比萨（宜山店）,SBS00019,温州,"8016310254489739621	",饿了么,平台外卖,已完成,2025-10-21 13:50:27,2025-10-21 13:50:27,2025-10-21 13:50:28,饿了么支付-在线支付,,即时单,2025-10-21 13:50:27,15.20,自动出餐,1,否,"奶酪芝士卷边（7英寸）（4.90*1）,海苔肉松披萨-7英寸(手拍)[{""name"":""规格"",""value"":""7英寸(手拍)""}]（29.90*1）,明星小食桶A（14.90*1）,金丝鸡排（6.90*1）,蛋挞一个（原味）（3.90*1）,餐盒（4.00*1）",奶酪芝士卷边7+海苔肉松披萨+明星小食桶A+金丝鸡排+蛋挞1个,,,,非会员,6,,,2份餐具,,60.50,32.31,16.91,0.00,0,0,4.63,0.00,6.20,【活动支出】店铺满减:2.00元+【活动支出】单品特价:2.91元+【活动支出】饿了么红包:12.00元+【活动支出】替用户承担配送费:5.0元,-,-,-,4.00,温州区域,温州直营,,,否,-,平台配送
圣比萨（宜山店）,SBS00019,温州,"8006896088486093133	",饿了么,平台外卖,已完成,2025-10-21 14:47:27,2025-10-21 14:47:27,2025-10-21 14:47:27,饿了么支付-在线支付,,即时单,2025-10-21 14:47:27,15.07,自动出餐,1,否,"【任选】披萨随心配（32.80*1）,餐盒（2.00*1）",港式奶茶+深海墨鱼丸(3个)+不加一+不加一+花果山披萨(7英寸(手拍)),,,,非会员,7,,,依据餐量提供餐具,,32.80,19.99,5.00,0.00,0,0,2.76,0.00,3.50,【活动支出】饿了么红包:5.00元+【活动支出】替用户承担配送费:3.5元,-,-,-,2.00,温州区域,温州直营,,,否,-,平台配送
圣比萨（宜山店）,SBS00019,温州,"8040926088507898245	",饿了么,平台外卖,已完成,2025-10-21 15:02:30,2025-10-21 15:02:30,2025-10-21 15:02:31,饿了么支付-在线支付,,即时单,2025-10-21 15:02:30,15.18,自动出餐,1,否,"【随心❤️拼】7英寸双拼披萨（口味自选）[新奥尔良烤鸡肉+碳烤鸡肉培根]（26.90*1）,餐盒（2.00*1）",双拼7寸【奥尔良口味7】+双拼7寸【碳烤鸡肉培根口味7】,,,,非会员,8,,,依据餐量提供餐具,,26.90,14.57,7.00,0.00,0,0,1.98,0.00,3.50,【活动支出】饿了么红包:7.00元+【活动支出】替用户承担配送费:3.5元,-,-,-,2.00,温州区域,温州直营,,,否,-,平台配送
圣比萨（宜山店）,SBS00019,温州,"8088070254630858232	",饿了么,平台外卖,已完成,2025-10-21 15:49:20,2025-10-21 15:49:20,2025-10-21 15:49:20,饿了么支付-在线支付,,即时单,2025-10-21 15:49:20,15.13,自动出餐,1,否,"【随心❤️拼】7英寸双拼披萨（口味自选）[新奥尔良烤鸡肉+碳烤鸡肉培根]（26.90*1）,餐盒（2.00*1）",双拼7寸【奥尔良口味7】+双拼7寸【碳烤鸡肉培根口味7】,,,,非会员,9,,,依据餐量提供餐具,,26.90,14.57,7.00,0.00,0,0,1.98,0.00,3.50,【活动支出】饿了么红包:7.00元+【活动支出】替用户承担配送费:3.5元,-,-,-,2.00,温州区域,温州直营,,,否,-,平台配送
圣比萨（宜山店）,SBS00019,温州,"8047180254536377748	",饿了么,平台外卖,已完成,2025-10-21 16:18:48,2025-10-21 16:18:48,2025-10-21 16:18:48,饿了么支付-在线支付,,即时单,2025-10-21 16:18:48,15.12,自动出餐,1,否,"新奥尔良烤鸡肉披萨-7英寸(手拍)[{""name"":""规格"",""value"":""7英寸(手拍)""}]（23.90*1）,餐盒（2.00*1）",新奥尔良烤鸡肉披萨,,,,非会员,10,,,依据餐量提供餐具,,23.90,11.88,7.00,0.00,0,0,1.67,0.00,3.50,【活动支出】 商家自营销加码:2.00元+【活动支出】饿了么红包:5.00元+【活动支出】替用户承担配送费:3.5元,-,-,-,2.00,温州区域,温州直营,,,否,-,平台配送
圣比萨（宜山店）,SBS00019,温州,"8047140254717528552	",饿了么,平台外卖,已完成,2025-10-21 16:22:45,2025-10-21 16:22:45,2025-10-21 16:22:46,饿了么支付-在线支付,,即时单,2025-10-21 16:22:45,15.08,自动出餐,1,否,"新奥尔良烤鸡肉披萨-9英寸(手拍)[{""name"":""规格"",""value"":""9英寸(手拍)""}]（39.90*1）,餐盒（2.00*1）",新奥尔良烤鸡肉披萨,,,,非会员,11,,,依据餐量提供餐具,,39.90,23.51,8.00,0.00,0,0,3.24,0.00,3.50,【活动支出】店铺满减:1.00元+【活动支出】饿了么红包:7.00元+【活动支出】替用户承担配送费:3.5元,-,-,-,2.00,温州区域,温州直营,,,否,-,平台配送
圣比萨（宜山店）,SBS00019,温州,"8083330254550931962	",饿了么,平台外卖,已完成,2025-10-21 16:55:05,2025-10-21 16:55:05,2025-10-21 16:55:05,饿了么支付-在线支付,,即时单,2025-10-21 16:55:05,15.02,自动出餐,1,否,"点击右上角❤️收藏得小吃[薯饼1个]（3.00*1）,【任选】买一送一7英寸披萨（60.60*1）,蛋挞一个（原味）（3.90*1）,餐盒（2.50*1）",薯饼1个+新奥尔良烤鸡肉披萨(7英寸(手拍))+大圣招牌大满贯披萨(7英寸(手拍))+蛋挞1个,,,,非会员,12,,,"放门口,不要敲门！ / 无需餐具",,67.50,35.39,20.81,0.00,0,0,4.85,0.00,4.00,【活动支出】店铺满减:6.00元+【活动支出】单品特价:2.90元+【活动支出】单品特价:2.91元+【活动支出】饿了么红包:9.00元+【活动支出】替用户承担配送费:4.0元,-,-,-,2.50,温州区域,温州直营,,,否,-,平台配送
圣比萨（宜山店）,SBS00019,温州,"8062010254737419706	",饿了么,平台外卖,已完成,2025-10-21 17:01:54,2025-10-21 17:01:54,2025-10-21 17:01:54,饿了么支付-在线支付,,即时单,2025-10-21 17:01:54,15.22,自动出餐,1,否,"榴莲王披萨-9英寸(手拍)[{""name"":""规格"",""value"":""9英寸(手拍)""}]（43.90*1）,奶酪芝士卷边（9英寸）（6.90*1）,餐盒（2.00*1）",榴莲王披萨+奶酪芝士卷边9,,,,非会员,13,,,无需餐具,,50.80,30.87,10.00,0.00,0,0,4.18,0.00,3.50,【活动支出】店铺满减:1.00元+【活动支出】饿了么红包:9.00元+【活动支出】替用户承担配送费:3.5元,-,-,-,2.00,温州区域,温州直营,,,否,-,平台配送
圣比萨（宜山店）,SBS00019,温州,"8028556088564401518	",饿了么,平台外卖,已完成,2025-10-21 17:03:18,2025-10-21 17:03:18,2025-10-21 17:03:19,饿了么支付-在线支付,,即时单,2025-10-21 17:03:18,15.05,自动出餐,1,否,"大圣拉丝芝士棒（8.90*1）,【任选】披萨随心配（41.70*1）,美式香骨鸡（8.90*1）,餐盒（2.00*1）",大圣拉丝芝士棒+柠檬茶+地道肠1根+不加一+不加一+金沙咸蛋黄嫩鸡披萨(7英寸(手拍))+美式香骨鸡,,,,非会员,14,,,依据餐量提供餐具,,59.50,34.48,14.00,0.00,0,0,4.67,0.00,3.50,【活动支出】店铺满减:6.00元+【活动支出】饿了么红包:8.00元+【活动支出】替用户承担配送费:3.5元,-,-,-,2.00,温州区域,温州直营,,,否,-,平台配送
圣比萨（宜山店）,SBS00019,温州,"8028656088522785025	",饿了么,平台外卖,已完成,2025-10-21 17:20:52,2025-10-21 17:20:52,2025-10-21 17:20:53,饿了么支付-在线支付,,即时单,2025-10-21 17:20:52,15.05,自动出餐,1,否,"【任选】披萨随心配（31.90*1）,餐盒（2.00*1）",芒果汁+小薯条+不加一+不加一+新奥尔良烤鸡肉披萨(7英寸(手拍)),,,,非会员,15,,,依据餐量提供餐具,,31.90,19.34,6.00,0.00,0,0,2.61,0.00,3.50,【活动支出】饿了么红包:6.00元+【活动支出】替用户承担配送费:3.5元,-,-,-,2.00,温州区域,温州直营,,,否,-,平台配送
圣比萨（宜山店）,SBS00019,温州,"8032340254686805302	",饿了么,平台外卖,已完成,2025-10-21 17:44:34,2025-10-21 17:44:34,2025-10-21 17:44:34,饿了么支付-在线支付,,即时单,2025-10-21 17:44:34,15.00,自动出餐,1,否,"点击右上角❤️收藏得小吃[上校鸡块2个]（3.00*1）,咖喱鸡肉芝士焗饭（25.90*1）,餐盒（2.00*1）",上校鸡块2个+咖喱鸡肉芝士焗饭,,,,非会员,16,,,依据餐量提供餐具,,28.90,13.76,9.90,0.00,0,0,1.89,0.00,3.50,【活动支出】单品特价:2.90元+【活动支出】 商家自营销加码:2.00元+【活动支出】饿了么红包:5.00元+【活动支出】替用户承担配送费:3.5元,-,-,-,2.00,温州区域,温州直营,,,否,-,平台配送
圣比萨（宜山店）,SBS00019,温州,"8073986088578714051	",饿了么,平台外卖,已完成,2025-10-21 17:53:29,2025-10-21 17:53:29,2025-10-21 17:53:29,饿了么支付-在线支付,,即时单,2025-10-21 17:53:29,15.10,自动出餐,1,否,"新奥尔良烤鸡肉披萨-7英寸(手拍)[{""name"":""规格"",""value"":""7英寸(手拍)""}]（23.90*1）,餐盒（2.00*1）",新奥尔良烤鸡肉披萨,,,,非会员,17,,,一定要热的哦 / 2份餐具,,23.90,11.88,7.00,0.00,0,0,1.67,0.00,3.50,【活动支出】 商家自营销加码:2.00元+【活动支出】饿了么红包:5.00元+【活动支出】替用户承担配送费:3.5元,-,-,-,2.00,温州区域,温州直营,,,否,-,平台配送
圣比萨（宜山店）,SBS00019,温州,"8063080254772379079	",饿了么,平台外卖,已完成,2025-10-21 17:54:17,2025-10-21 17:54:17,2025-10-21 17:54:17,饿了么支付-在线支付,,即时单,2025-10-21 17:54:17,15.08,自动出餐,1,否,"【任选】披萨随心配（41.80*1）,餐盒（2.00*1）",小可乐+蛋挞1个+芝士焗红薯泥+不加一+玉米沙拉披萨(7英寸(手拍)),,,,非会员,18,,,依据餐量提供餐具,,41.80,25.21,8.00,0.00,0,0,3.44,0.00,3.50,【活动支出】店铺满减:1.00元+【活动支出】饿了么红包:7.00元+【活动支出】替用户承担配送费:3.5元,-,-,-,2.00,温州区域,温州直营,,,否,-,平台配送
圣比萨（宜山店）,SBS00019,温州,"8050480254682975623	",饿了么,平台外卖,已完成,2025-10-21 18:15:51,2025-10-21 18:15:51,2025-10-21 18:15:52,饿了么支付-在线支付,,即时单,2025-10-21 18:15:51,15.07,自动出餐,1,否,"奶酪芝士卷边（12英寸）（8.90*1）,日系照烧鸡披萨-7英寸(手拍)[{""name"":""规格"",""value"":""7英寸(手拍)""}]（25.90*1）,榴莲王披萨-12英寸(手拍)[{""name"":""规格"",""value"":""12英寸(手拍)""}]（66.90*1）,餐盒（4.00*1）",奶酪芝士卷边+日系照烧鸡披萨+榴莲王披萨,,,,非会员,19,,,4份餐具,,101.70,68.93,12.00,0.00,0,0,9.52,0.00,5.00,【活动支出】店铺满减:6.00元+【活动支出】饿了么红包:6.00元+【活动支出】替用户承担配送费:5.0元,-,-,-,4.00,温州区域,温州直营,,,否,-,平台配送
圣比萨（宜山店）,SBS00019,温州,"8029020254798414314	",饿了么,平台外卖,已完成,2025-10-21 18:39:05,2025-10-21 18:39:05,2025-10-21 18:39:05,饿了么支付-在线支付,,即时单,2025-10-21 18:39:05,15.08,自动出餐,1,否,"盐酥鸡粒（9.90*1）,【任选】披萨随心配（37.80*1）,餐盒（2.50*1）",盐酥鸡粒+小可乐+上校鸡块+不加一+川香脆皮大翅根(1个)+新奥尔良烤鸡肉披萨(7英寸(手拍)),,,,非会员,20,,,依据餐量提供餐具,,47.70,28.10,10.50,0.00,0,0,3.85,0.00,3.50,【活动支出】店铺满减:1.00元+【活动支出】饿了么红包:9.50元+【活动支出】替用户承担配送费:3.5元,-,-,-,2.50,温州区域,温州直营,,,否,-,平台配送
圣比萨（宜山店）,SBS00019,温州,"8074410254616466746	",饿了么,平台外卖,已完成,2025-10-21 18:40:38,2025-10-21 18:40:38,2025-10-21 18:40:38,饿了么支付-在线支付,,即时单,2025-10-21 18:40:38,15.08,自动出餐,1,否,"地道肠（3.90*1）,黑椒牛肉意面（30.90*1）,蛋挞一个（原味）（3.90*1）,餐盒（3.00*1）",地道肠1根+黑椒牛肉意面+蛋挞1个,,,,非会员,21,,,依据餐量提供餐具,,38.70,20.43,11.91,0.00,0,0,2.81,0.00,3.50,【活动支出】店铺满减:1.00元+【活动支出】单品特价:2.91元+【活动支出】饿了么红包:8.00元+【活动支出】替用户承担配送费:3.5元,-,-,-,3.00,温州区域,温州直营,,,否,-,平台配送
圣比萨（宜山店）,SBS00019,温州,"8070916088578106771	",饿了么,平台外卖,已完成,2025-10-21 18:52:15,2025-10-21 18:52:15,2025-10-21 18:52:16,饿了么支付-在线支付,,即时单,2025-10-21 18:52:15,15.17,自动出餐,1,否,"经典薯条（8.90*1）,【随心❤️拼】7英寸双拼披萨（口味自选）[新奥尔良烤鸡肉+碳烤鸡肉培根]（26.90*1）,餐盒（2.50*1）",经典薯条+双拼7寸【奥尔良口味7】+双拼7寸【碳烤鸡肉培根口味7】,,,,非会员,22,,,不用打电话和敲门，十分感谢 / 依据餐量提供餐具,,35.80,19.99,9.00,0.00,0,0,2.76,0.00,3.50,【活动支出】店铺满减:1.00元+【活动支出】饿了么红包:8.00元+【活动支出】替用户承担配送费:3.5元,-,-,-,2.50,温州区域,温州直营,,,否,-,平台配送
圣比萨（宜山店）,SBS00019,温州,"8090190254707592488	",饿了么,平台外卖,已完成,2025-10-21 18:52:16,2025-10-21 18:52:16,2025-10-21 18:52:16,饿了么支付-在线支付,,即时单,2025-10-21 18:52:16,15.13,自动出餐,1,否,"【任选】披萨随心配（36.80*1）,餐盒（2.00*1）",小可乐+深海墨鱼丸(3个)+不加一+盐酥鸡米花小份+新奥尔良烤鸡肉披萨(7英寸(手拍)),,,,非会员,23,,,依据餐量提供餐具,,36.80,20.44,9.00,0.00,0,0,2.81,0.00,3.50,【活动支出】店铺满减:1.00元+【活动支出】饿了么红包:8.00元+【活动支出】替用户承担配送费:3.5元,-,-,-,2.00,温州区域,温州直营,,,否,-,平台配送
圣比萨（宜山店）,SBS00019,温州,"8088070254622536012	",饿了么,平台外卖,已完成,2025-10-21 18:52:37,2025-10-21 18:52:37,2025-10-21 18:52:37,饿了么支付-在线支付,,即时单,2025-10-21 18:52:37,15.10,自动出餐,1,否,"新奥尔良烤鸡肉披萨-7英寸(手拍)[{""name"":""规格"",""value"":""7英寸(手拍)""}]（23.90*1）,餐盒（2.00*1）",新奥尔良烤鸡肉披萨,,,,非会员,24,,,依据餐量提供餐具,,23.90,11.88,7.00,0.00,0,0,1.67,0.00,3.50,【活动支出】 商家自营销加码:2.00元+【活动支出】饿了么红包:5.00元+【活动支出】替用户承担配送费:3.5元,-,-,-,2.00,温州区域,温州直营,,,否,-,平台配送
圣比萨（宜山店）,SBS00019,温州,"8047856088628841756	",饿了么,平台外卖,已完成,2025-10-21 19:27:49,2025-10-21 19:27:49,2025-10-21 19:27:50,饿了么支付-在线支付,,即时单,2025-10-21 19:27:49,15.22,自动出餐,1,否,"红薯薯泥流心卷边（12英寸）（8.90*1）,缤纷水果披萨-12英寸(手拍)[{""name"":""规格"",""value"":""12英寸(手拍)""}]（54.90*1）,餐盒（2.00*1）",红薯泥流心卷边+缤纷水果披萨,,,,非会员,25,,,依据餐量提供餐具,,63.80,34.75,18.00,0.00,0,0,4.70,0.00,3.50,【活动支出】店铺满减:6.00元+【活动支出】饿了么红包:12.00元+【活动支出】替用户承担配送费:3.5元,-,-,-,2.00,温州区域,温州直营,,,否,-,平台配送
圣比萨（宜山店）,SBS00019,温州,"8011280254820633868	",饿了么,平台外卖,已完成,2025-10-21 19:33:40,2025-10-21 19:33:40,2025-10-21 19:33:40,饿了么支付-在线支付,,即时单,2025-10-21 19:33:40,15.00,自动出餐,1,否,"【任选】披萨随心配（36.80*1）,餐盒（2.00*1）",小可乐+蛋挞1个+不加一+不加一+玉米沙拉披萨(7英寸(手拍)),,,,非会员,26,,,依据餐量提供餐具,,36.80,20.44,9.00,0.00,0,0,2.81,0.00,4.00,【活动支出】店铺满减:1.00元+【活动支出】饿了么红包:8.00元+【活动支出】替用户承担配送费:4.0元,-,-,-,2.00,温州区域,温州直营,,,否,-,平台配送
圣比萨（宜山店）,SBS00019,温州,"8029210254823626202	",饿了么,平台外卖,已完成,2025-10-21 19:41:05,2025-10-21 19:41:05,2025-10-21 19:41:06,饿了么支付-在线支付,,即时单,2025-10-21 19:41:05,15.07,自动出餐,1,否,"点击右上角❤️收藏得小吃[上校鸡块2个]（3.00*1）,【任选】焗饭随心配（44.70*1）,蛋挞一个（原味）（3.90*1）,餐盒（2.50*1）",上校鸡块2个+烤甜玉米+不加一+小薯条+黑椒牛肉芝士焗饭+小可乐+蛋挞1个,,,,非会员,27,,,依据餐量提供餐具,,51.60,26.83,15.81,0.00,0,0,3.71,0.00,3.50,【活动支出】单品特价:2.90元+【活动支出】店铺满减:1.00元+【活动支出】单品特价:2.91元+【活动支出】饿了么红包:9.00元+【活动支出】替用户承担配送费:3.5元,-,-,-,2.50,温州区域,温州直营,,,否,-,平台配送
圣比萨（宜山店）,SBS00019,温州,"8054010254640132537	",饿了么,平台外卖,已完成,2025-10-21 19:43:04,2025-10-21 19:43:04,2025-10-21 19:43:04,饿了么支付-在线支付,,即时单,2025-10-21 19:43:04,15.00,自动出餐,1,否,"【随心❤️拼】7英寸双拼披萨（口味自选）[玉米沙拉+新奥尔良烤鸡肉]（26.90*1）,餐盒（2.00*1）",双拼7寸【玉米沙拉口味7】+双拼7寸【奥尔良口味7】,,,,非会员,28,,,依据餐量提供餐具,,26.90,15.76,5.00,0.00,0,0,2.19,0.00,3.50,【活动支出】饿了么红包:5.00元+【活动支出】替用户承担配送费:3.5元,-,-,-,2.00,温州区域,温州直营,,,否,-,平台配送
圣比萨（宜山店）,SBS00019,温州,"8036526088608615850	",饿了么,平台外卖,已完成,2025-10-21 20:09:21,2025-10-21 20:09:21,2025-10-21 20:09:21,饿了么支付-在线支付,,即时单,2025-10-21 20:09:21,15.05,自动出餐,1,否,"奶酪芝士卷边（7英寸）（4.90*1）,点击右上角❤️收藏得小吃[薯饼1个]（3.00*1）,新奥尔良烤鸡肉披萨-7英寸(手拍)[{""name"":""规格"",""value"":""7英寸(手拍)""}]（23.90*1）,餐盒（2.00*1）",奶酪芝士卷边7+薯饼1个+新奥尔良烤鸡肉披萨,,,,非会员,29,,,依据餐量提供餐具,,31.80,15.76,9.90,0.00,0,0,2.19,0.00,3.50,【活动支出】单品特价:2.90元+【活动支出】饿了么红包:7.00元+【活动支出】替用户承担配送费:3.5元,-,-,-,2.00,温州区域,温州直营,,,否,-,平台配送
圣比萨（宜山店）,SBS00019,温州,"8004826088615063811	",饿了么,平台外卖,已完成,2025-10-21 20:21:44,2025-10-21 20:21:44,2025-10-21 20:21:44,饿了么支付-在线支付,,即时单,2025-10-21 20:21:44,15.02,自动出餐,1,否,"【任选】买一送一7英寸披萨（44.90*1）,餐盒（2.00*1）",日系照烧鸡披萨(7英寸(手拍))+新奥尔良烤鸡肉披萨(7英寸(手拍)),,,,非会员,30,,,依据餐量提供餐具,,44.90,26.19,10.00,0.00,0,0,3.56,0.00,3.50,【活动支出】店铺满减:1.00元+【活动支出】饿了么红包:9.00元+【活动支出】替用户承担配送费:3.5元,-,-,-,2.00,温州区域,温州直营,,,否,-,平台配送
圣比萨（宜山店）,SBS00019,温州,"8093380254769146146	",饿了么,平台外卖,已完成,2025-10-21 20:32:05,2025-10-21 20:32:05,2025-10-21 20:32:05,饿了么支付-在线支付,,即时单,2025-10-21 20:32:05,15.17,自动出餐,1,否,"【任选】披萨随心配（31.90*1）,餐盒（2.00*1）",小可乐+上校鸡块+不加一+不加一+日系照烧鸡披萨(7英寸(手拍)),,,,非会员,31,,,放在门口就好 谢谢 / 依据餐量提供餐具,,31.90,18.44,7.00,0.00,0,0,2.51,0.00,3.50,【活动支出】饿了么红包:7.00元+【活动支出】替用户承担配送费:3.5元,-,-,-,2.00,温州区域,温州直营,,,否,-,平台配送
圣比萨（宜山店）,SBS00019,温州,"8049556088651974950	",饿了么,平台外卖,已完成,2025-10-21 20:34:19,2025-10-21 20:34:19,2025-10-21 20:34:19,饿了么支付-在线支付,,即时单,2025-10-21 20:34:19,15.22,自动出餐,1,否,"芒果汁[常温]（7.00*1）,新奥尔良烤鸡肉披萨-7英寸(手拍)[{""name"":""规格"",""value"":""7英寸(手拍)""}]（23.90*1）,餐盒（2.00*1）",芒果汁+新奥尔良烤鸡肉披萨,,,,非会员,32,,,不要玉米。 / 依据餐量提供餐具,,30.90,17.55,7.00,0.00,0,0,2.40,0.00,3.50,【活动支出】超级会员专享红包:5.00元+【活动支出】 商家自营销加码:2.00元+【活动支出】替用户承担配送费:3.5元,-,-,-,2.00,温州区域,温州直营,,,否,-,平台配送
圣比萨（宜山店）,SBS00019,温州,"8086756088624232797	",饿了么,平台外卖,已完成,2025-10-21 20:44:26,2025-10-21 20:44:26,2025-10-21 20:44:26,饿了么支付-在线支付,,即时单,2025-10-21 20:44:26,15.18,自动出餐,1,否,"新奥尔良烤鸡肉披萨-7英寸(手拍)[{""name"":""规格"",""value"":""7英寸(手拍)""}]（23.90*1）,餐盒（2.00*1）",新奥尔良烤鸡肉披萨,,,,非会员,33,,,依据餐量提供餐具,,23.90,11.88,7.00,0.00,0,0,1.67,0.00,3.50,【活动支出】 商家自营销加码:2.00元+【活动支出】饿了么红包:5.00元+【活动支出】替用户承担配送费:3.5元,-,-,-,2.00,温州区域,温州直营,,,否,-,平台配送
圣比萨（宜山店）,SBS00019,温州,"8065450254854383902	",饿了么,平台外卖,已完成,2025-10-21 20:59:19,2025-10-21 20:59:19,2025-10-21 20:59:20,饿了么支付-在线支付,,即时单,2025-10-21 20:59:19,15.10,自动出餐,1,否,"【任选4件套】双人套餐（56.80*1）,蛋挞一个（原味）（3.90*1）,餐盒（2.50*1）",明星小食桶C+小可乐+小可乐+新奥尔良烤鸡肉披萨(9英寸(手拍))+蛋挞1个,,,,非会员,34,,,依据餐量提供餐具,,60.70,32.50,17.91,0.00,0,0,4.44,0.00,3.50,【活动支出】店铺满减:6.00元+【活动支出】单品特价:2.91元+【活动支出】饿了么红包:9.00元+【活动支出】替用户承担配送费:3.5元,-,-,-,2.50,温州区域,温州直营,,,否,-,平台配送
圣比萨（宜山店）,SBS00019,温州,"8098936088685413781	",饿了么,平台外卖,已完成,2025-10-21 21:03:32,2025-10-21 21:03:32,2025-10-21 21:03:32,饿了么支付-在线支付,,即时单,2025-10-21 21:03:32,15.02,自动出餐,1,否,"【随心❤️拼】7英寸双拼披萨（口味自选）[缤纷水果+花果山]（26.90*1）,餐盒（2.00*1）",双拼7寸【缤纷水果口味7】+双拼7寸【花果山口味7】,,,,非会员,35,,,依据餐量提供餐具,,26.90,19.13,0,0.00,0,0,2.72,0.00,5.60,-,-,-,-,2.00,温州区域,温州直营,,,否,-,平台配送
圣比萨（宜山店）,SBS00019,温州,"8014786088649307618	",饿了么,平台外卖,已完成,2025-10-21 21:17:55,2025-10-21 21:17:55,2025-10-21 21:17:55,饿了么支付-在线支付,,即时单,2025-10-21 21:17:55,15.03,自动出餐,1,否,"大圣招牌大满贯披萨-7英寸(手拍)[{""name"":""规格"",""value"":""7英寸(手拍)""}]（33.90*1）,奶酪芝士卷边（7英寸）（4.90*1）,雪碧[冷]（6.00*1）,餐盒（2.00*1）",大圣招牌大满贯披萨+奶酪芝士卷边7+小雪碧,,,,非会员,36,,,依据餐量提供餐具,,44.80,26.50,9.00,0.00,0,0,3.65,0.00,5.60,【活动支出】店铺满减:1.00元+【活动支出】 商家自营销加码:0.00元+【活动支出】饿了么红包:8.00元+【活动支出】替用户承担配送费:5.6元,-,-,-,2.00,温州区域,温州直营,,,否,-,平台配送
圣比萨（宜山店）,SBS00019,温州,"8047260254778242332	",饿了么,平台外卖,已完成,2025-10-21 21:31:07,2025-10-21 21:31:07,2025-10-21 21:31:08,饿了么支付-在线支付,,即时单,2025-10-21 21:31:07,15.13,自动出餐,1,否,"【随心❤️拼】9英寸双拼披萨（口味自选）[玉米沙拉+新奥尔良烤鸡肉]（41.90*1）,餐盒（2.00*1）",双拼9寸【玉米沙拉口味9】+双拼9寸【奥尔良口味9】,,,,非会员,37,,,2份餐具,,41.90,29.56,1.00,0.00,0,0,4.19,0.00,6.60,【活动支出】店铺满减:1.00元+【活动支出】替用户承担配送费:6.0元,-,-,-,2.00,温州区域,温州直营,,,否,-,平台配送
圣比萨（宜山店）,SBS00019,温州,"8041836088679780812	",饿了么,平台外卖,已完成,2025-10-21 22:02:07,2025-10-21 22:02:07,2025-10-21 22:02:08,饿了么支付-在线支付,,即时单,2025-10-21 22:02:07,15.00,自动出餐,1,否,"深海墨鱼丸-6个[{""name"":""规格"",""value"":""6个""}]（9.90*1）,地道肠（3.90*1）,可口可乐[冷]（6.00*1）,【随心❤️拼】7英寸双拼披萨（口味自选）[新奥尔良烤鸡肉+碳烤鸡肉培根]（26.90*1）,蛋挞一个（原味）（3.90*1）,餐盒（3.50*1）",深海墨鱼丸+地道肠1根+小可乐+双拼7寸【奥尔良口味7】+双拼7寸【碳烤鸡肉培根口味7】+蛋挞1个,,,,非会员,38,,,"放2楼楼道, 对骑手 / 依据餐量提供餐具",,50.60,28.93,12.91,0.00,0,0,4.01,0.00,5.60,【活动支出】店铺满减:1.00元+【活动支出】单品特价:2.91元+【活动支出】饿了么红包:9.00元+【活动支出】替用户承担配送费:5.6元,-,-,-,3.50,温州区域,温州直营,,,否,-,平台配送
圣比萨（宜山店）,SBS00019,温州,"8047716088649899404	",饿了么,平台外卖,已完成,2025-10-21 22:14:29,2025-10-21 22:14:29,2025-10-21 22:14:29,饿了么支付-在线支付,,即时单,2025-10-21 22:14:29,15.05,自动出餐,1,否,"新奥尔良烤鸡肉披萨-7英寸(手拍)[{""name"":""规格"",""value"":""7英寸(手拍)""}]（23.90*1）,餐盒（2.00*1）",新奥尔良烤鸡肉披萨,,,,非会员,39,,,打电话 / 依据餐量提供餐具,,23.90,11.38,7.00,0.00,0,0,1.67,0.00,5.60,【活动支出】 商家自营销加码:2.00元+【活动支出】饿了么红包:5.00元+【活动支出】替用户承担配送费:5.6元,-,-,-,2.00,温州区域,温州直营,,,否,-,平台配送
圣比萨（宜山店）,SBS00019,温州,"8047180254796327209	",饿了么,平台外卖,已完成,2025-10-21 22:24:58,2025-10-21 22:24:58,2025-10-21 22:24:58,饿了么支付-在线支付,,即时单,2025-10-21 22:24:58,15.08,自动出餐,1,否,"点击右上角❤️收藏得小吃[上校鸡块2个]（3.00*1）,炙热牛魔王披萨-12英寸(手拍)[{""name"":""规格"",""value"":""12英寸(手拍)""}]（61.90*1）,蛋挞一个（原味）（3.90*1）,餐盒（2.50*1）",上校鸡块2个+炙热牛魔王披萨+蛋挞1个,,,,非会员,40,,,依据餐量提供餐具,,68.80,36.05,20.81,0.00,0,0,4.99,0.00,5.60,【活动支出】店铺满减:6.00元+【活动支出】单品特价:2.90元+【活动支出】单品特价:2.91元+【活动支出】饿了么红包:9.00元+【活动支出】替用户承担配送费:5.6元,-,-,-,2.50,温州区域,温州直营,,,否,-,平台配送
圣比萨·披萨·炸鸡（阜宁益林店）,SBS00039,盐城,"8086946088389498187	",饿了么,平台外卖,已完成,2025-10-21 11:27:15,2025-10-21 11:27:15,2025-10-21 11:27:16,饿了么支付-在线支付,,即时单,2025-10-21 11:27:15,25.22,"初始值, 无意义",1,否,大圣鸡排*2+香肠*1-单点[香辣]（14.40*1）,大圣鸡排*2+香肠*1-单点[香辣],,,,非会员,1,,,依据餐量提供餐具,,14.40,9.90,0.00,0.00,0,0,0.00,0.00,,【活动支出】单品优惠:0.00元,-,-,-,0.00,江苏区域,江苏直营店,,,否,-,平台配送
圣比萨·披萨·炸鸡（阜宁益林店）,SBS00039,盐城,"8091310254495861123	",饿了么,平台外卖,已完成,2025-10-21 11:27:39,2025-10-21 11:27:39,2025-10-21 11:27:40,饿了么支付-在线支付,,即时单,2025-10-21 11:27:39,25.02,自动出餐,1,否,"花果山披萨-9英寸(手拍)[{""name"":""规格"",""value"":""9英寸(手拍)""}]（36.90*1）",花果山披萨,,,,非会员,2,,,2份餐具,,36.90,18.45,5.00,0.00,0,0,2.58,0.00,7.00,【活动支出】饿了么红包:5.00元+【活动支出】替用户承担配送费:5.0元,-,-,-,0.00,江苏区域,江苏直营店,,,否,-,平台配送
圣比萨·披萨·炸鸡（阜宁益林店）,SBS00039,盐城,"8008506088417769869	",饿了么,平台外卖,已完成,2025-10-21 11:41:40,2025-10-21 11:41:40,2025-10-21 11:41:41,饿了么支付-在线支付,,即时单,2025-10-21 11:41:40,25.12,"初始值, 无意义",1,否,"炙热牛魔王披萨-9英寸(手拍)[{""name"":""规格"",""value"":""9英寸(手拍)""}]（42.90*1）,大圣香肠一串[甘梅]（8.50*1）,餐盒（0.50*1）",炙热牛魔王披萨,,,,非会员,3,,,依据餐量提供餐具,,51.40,29.08,7.00,0.00,0,0,3.63,0.00,4.00,【活动支出】店铺满减:1.00元+【活动支出】饿了么红包:6.00元+【活动支出】替用户承担配送费:4.0元,-,-,-,0.50,江苏区域,江苏直营店,,,否,-,平台配送
圣比萨·披萨·炸鸡（阜宁益林店）,SBS00039,盐城,"8064090254517450065	",饿了么,平台外卖,已完成,2025-10-21 11:42:23,2025-10-21 11:42:23,2025-10-21 11:42:24,饿了么支付-在线支付,,即时单,2025-10-21 11:42:23,25.13,"初始值, 无意义",1,否,"经典奥尔良三件套[孜然]（39.90*1）,餐盒（1.00*1）",经典奥尔良三件套[孜然]+餐盒,,,,非会员,4,,,依据餐量提供餐具,,39.90,21.72,6.00,0.00,0,0,2.86,0.00,4.00,【活动支出】店铺满减:1.00元+【活动支出】饿了么红包:5.00元+【活动支出】替用户承担配送费:4.0元,-,-,-,1.00,江苏区域,江苏直营店,,,否,-,平台配送
圣比萨·披萨·炸鸡（阜宁益林店）,SBS00039,盐城,"8017470254549579016	",饿了么,平台外卖,已完成,2025-10-21 12:03:25,2025-10-21 12:03:25,2025-10-21 12:03:25,饿了么支付-在线支付,,即时单,2025-10-21 12:03:25,25.22,自动出餐,1,否,"新奥尔良烤鸡肉披萨-7英寸(手拍)[{""name"":""规格"",""value"":""7英寸(手拍)""}]（28.90*1）",新奥尔良烤鸡肉披萨,,,,非会员,5,,,1份餐具,,28.90,12.44,5.00,0.00,0,0,2.02,0.00,8.00,【活动支出】饿了么红包:5.00元+【活动支出】替用户承担配送费:5.0元,-,-,-,0.00,江苏区域,江苏直营店,,,否,-,平台配送
圣比萨·披萨·炸鸡（阜宁益林店）,SBS00039,盐城,"8035796088461103593	",饿了么,平台外卖,已完成,2025-10-21 12:06:35,2025-10-21 12:06:35,2025-10-21 12:06:35,饿了么支付-在线支付,,即时单,2025-10-21 12:06:35,25.08,"初始值, 无意义",1,否,"原味蛋挞1个（6.90*2）,奶酪芝士披萨-7英寸(手拍)[{""name"":""规格"",""value"":""7英寸(手拍)""}]（28.90*1）,餐盒（1.00*1）",奶酪芝士披萨,,,,非会员,6,,,依据餐量提供餐具,,42.70,22.81,7.00,0.00,0,0,3.06,0.00,4.00,【活动支出】店铺满减:1.00元+【活动支出】饿了么红包:6.00元+【活动支出】替用户承担配送费:4.0元,-,-,-,1.00,江苏区域,江苏直营店,,,否,-,平台配送
圣比萨·披萨·炸鸡（阜宁益林店）,SBS00039,盐城,"8078726088524729731	",饿了么,平台外卖,已完成,2025-10-21 16:01:18,2025-10-21 16:01:18,2025-10-21 16:01:19,饿了么支付-在线支付,,即时单,2025-10-21 16:01:18,14.32,手动出餐,1,否,"大圣招牌大满贯披萨-7英寸(手拍)[{""name"":""规格"",""value"":""7英寸(手拍)""}]（36.90*1）,奶酪芝士卷边（7英寸）（4.90*1）",大圣招牌大满贯披萨+奶酪芝士卷边7,,,,非会员,7,,,依据餐量提供餐具,,41.80,21.38,7.00,0.00,0,0,2.93,0.00,4.00,【活动支出】店铺满减:1.00元+【活动支出】饿了么红包:6.00元+【活动支出】替用户承担配送费:4.0元,-,-,-,0.00,江苏区域,江苏直营店,,,否,-,平台配送
圣比萨·披萨·炸鸡（阜宁益林店）,SBS00039,盐城,"8035576088525707543	",饿了么,平台外卖,已完成,2025-10-21 16:12:32,2025-10-21 16:12:32,2025-10-21 16:12:33,饿了么支付-在线支付,,即时单,2025-10-21 16:12:32,9.23,手动出餐,1,否,大圣香肠披萨-单点（14.40*1）,大圣香肠披萨-单点,,,,非会员,8,,,芝士多点 / 依据餐量提供餐具,,14.40,9.90,0.00,0.00,0,0,0.00,0.00,,【活动支出】单品优惠:0.00元,-,-,-,0.00,江苏区域,江苏直营店,,,否,-,平台配送
圣比萨·披萨·炸鸡（阜宁益林店）,SBS00039,盐城,"8035230254537730486	",饿了么,平台外卖,已完成,2025-10-21 16:22:21,2025-10-21 16:22:21,2025-10-21 16:22:21,饿了么支付-在线支付,,即时单,2025-10-21 16:22:21,12.10,手动出餐,1,否,"原味蛋挞1个（6.90*1）,大圣招牌大满贯披萨-7英寸(手拍)[{""name"":""规格"",""value"":""7英寸(手拍)""}]（36.90*1）,餐盒（0.50*1）",大圣招牌大满贯披萨,,,,非会员,9,,,依据餐量提供餐具,,43.80,23.20,7.00,0.00,0,0,3.10,0.00,4.00,【活动支出】店铺满减:1.00元+【活动支出】饿了么红包:6.00元+【活动支出】替用户承担配送费:4.0元,-,-,-,0.50,江苏区域,江苏直营店,,,否,-,平台配送
圣比萨·披萨·炸鸡（阜宁益林店）,SBS00039,盐城,"8001390254658620808	",饿了么,平台外卖,已完成,2025-10-21 16:50:46,2025-10-21 16:50:46,2025-10-21 16:50:46,饿了么支付-在线支付,,即时单,2025-10-21 16:50:46,11.12,手动出餐,1,否,"新奥尔良烤鸡肉披萨-7英寸(手拍)[{""name"":""规格"",""value"":""7英寸(手拍)""}]（28.90*1）,奶酪芝士卷边（7英寸）（4.90*1）",新奥尔良烤鸡肉披萨+奶酪芝士卷边7,,,,非会员,10,,,依据餐量提供餐具,,33.80,17.54,5.00,0.00,0,0,2.37,0.00,4.00,【活动支出】饿了么红包:5.00元+【活动支出】替用户承担配送费:4.0元,-,-,-,0.00,江苏区域,江苏直营店,,,否,-,平台配送
圣比萨·披萨·炸鸡（阜宁益林店）,SBS00039,盐城,"8043566088580116927	",饿了么,平台外卖,已完成,2025-10-21 17:32:13,2025-10-21 17:32:13,2025-10-21 17:32:13,饿了么支付-在线支付,,即时单,2025-10-21 17:32:13,9.53,手动出餐,1,否,大圣香肠披萨-单点（14.40*1）,大圣香肠披萨-单点,,,,非会员,11,,,依据餐量提供餐具,,14.40,9.90,0.00,0.00,0,0,0.00,0.00,,【活动支出】单品优惠:0.00元,-,-,-,0.00,江苏区域,江苏直营店,,,否,-,平台配送
圣比萨·披萨·炸鸡（阜宁益林店）,SBS00039,盐城,"8061516088534511008	",饿了么,平台外卖,已完成,2025-10-21 17:40:34,2025-10-21 17:40:34,2025-10-21 17:40:34,饿了么支付-在线支付,,即时单,2025-10-21 17:40:34,20.23,"初始值, 无意义",1,否,"可口可乐[冷]（6.00*2）,大圣招牌大满贯披萨-7英寸(手拍)[{""name"":""规格"",""value"":""7英寸(手拍)""}]（36.90*1）",小可乐+大圣招牌大满贯披萨,,,,非会员,12,,,依据餐量提供餐具,,48.90,26.80,7.00,0.00,0,0,3.42,0.00,4.00,【活动支出】店铺满减:1.00元+【活动支出】饿了么红包:6.00元+【活动支出】替用户承担配送费:4.0元,-,-,-,0.00,江苏区域,江苏直营店,,,否,-,平台配送
圣比萨·披萨·炸鸡（阜宁益林店）,SBS00039,盐城,"8058706088573329885	",饿了么,平台外卖,已完成,2025-10-21 17:45:36,2025-10-21 17:45:36,2025-10-21 17:45:36,饿了么支付-在线支付,,即时单,2025-10-21 17:45:36,10.75,手动出餐,1,否,"新奥尔良烤鸡肉披萨-7英寸(手拍)[{""name"":""规格"",""value"":""7英寸(手拍)""}]（28.90*1）,奶酪芝士卷边（7英寸）（4.90*1）",新奥尔良烤鸡肉披萨+奶酪芝士卷边7,,,,非会员,13,,,2份餐具,,33.80,22.54,0,0.00,0,0,2.37,0.00,4.00,-,-,-,-,0.00,江苏区域,江苏直营店,,,否,-,平台配送
圣比萨·披萨·炸鸡（阜宁益林店）,SBS00039,盐城,"8055736088573043048	",饿了么,平台外卖,已完成,2025-10-21 17:50:06,2025-10-21 17:50:06,2025-10-21 17:50:06,饿了么支付-在线支付,,即时单,2025-10-21 17:50:06,10.60,手动出餐,1,否,"咸蛋黄风味流沙卷边（7英寸）（4.90*1）,大圣鸡排[香辣]（6.90*1）,日系照烧鸡披萨-7英寸(手拍)[{""name"":""规格"",""value"":""7英寸(手拍)""}]（28.90*1）,点击右上角❤️免费得小吃（限一份，多点不送）[上校鸡块2个]（0.00*1）,餐盒（0.50*1）",咸蛋黄流沙卷边7+大圣鸡排+日系照烧鸡披萨+上校鸡块2个,,,,非会员,14,,,依据餐量提供餐具,,40.70,19.13,7.00,0.00,0,0,2.88,0.00,8.00,【活动支出】店铺满减:1.00元+【活动支出】饿了么红包:6.00元+【活动支出】替用户承担配送费:5.0元,-,-,-,0.50,江苏区域,江苏直营店,,,否,-,平台配送
圣比萨·披萨·炸鸡（阜宁益林店）,SBS00039,盐城,"8071270254727181716	",饿了么,平台外卖,已完成,2025-10-21 18:56:50,2025-10-21 18:56:50,2025-10-21 18:56:50,饿了么支付-在线支付,,即时单,2025-10-21 18:56:50,10.20,手动出餐,1,否,"大圣水果披萨-单点[{""name"":""规格"",""value"":""单点""}]（14.40*1）","大圣水果披萨-单点[{""name"":""规格"",""value"":""单点""}]",,,,非会员,15,,,2份餐具,,14.40,9.90,0.00,0.00,0,0,0.00,0.00,,【活动支出】单品优惠:0.00元,-,-,-,0.00,江苏区域,江苏直营店,,,否,-,平台配送
圣比萨·披萨·炸鸡（阜宁益林店）,SBS00039,盐城,"8071270254727181717	",饿了么,平台外卖,已完成,2025-10-21 18:56:50,2025-10-21 18:56:50,2025-10-21 18:56:50,饿了么支付-在线支付,,即时单,2025-10-21 18:56:50,6.70,手动出餐,1,否,"大圣鸡排*2+香肠*1-单点[孜然][{""name"":""规格"",""value"":""单点""}]（14.40*1）","大圣鸡排*2+香肠*1-单点[孜然][{""name"":""规格"",""value"":""单点""}]",,,,非会员,16,,,2份餐具,,14.40,9.90,0.00,0.00,0,0,0.00,0.00,,【活动支出】单品优惠:0.00元,-,-,-,0.00,江苏区域,江苏直营店,,,否,-,平台配送
圣比萨·披萨·炸鸡（阜宁益林店）,SBS00039,盐城,"8012876088641407352	",饿了么,平台外卖,已完成,2025-10-21 19:12:59,2025-10-21 19:12:59,2025-10-21 19:13:00,饿了么支付-在线支付,,即时单,2025-10-21 19:12:59,9.45,手动出餐,1,否,大圣香肠披萨-单点（14.40*1）,大圣香肠披萨-单点,,,,非会员,17,,,依据餐量提供餐具,,14.40,9.90,0.00,0.00,0,0,0.00,0.00,,【活动支出】单品优惠:0.00元,-,-,-,0.00,江苏区域,江苏直营店,,,否,-,平台配送
圣比萨·披萨·炸鸡（阜宁益林店）,SBS00039,盐城,"8093606088646121808	",饿了么,平台外卖,已完成,2025-10-21 19:13:10,2025-10-21 19:13:10,2025-10-21 19:13:10,饿了么支付-在线支付,,即时单,2025-10-21 19:13:10,10.50,手动出餐,1,否,"大圣香肠披萨-单点[{""name"":""规格"",""value"":""单点""}]（14.40*1）","大圣香肠披萨-单点[{""name"":""规格"",""value"":""单点""}]",,,,非会员,18,,,-,,14.40,9.90,0.00,0.00,0,0,0.00,0.00,,【活动支出】单品优惠:0.00元,-,-,-,0.00,江苏区域,江苏直营店,,,否,-,平台配送
圣比萨·披萨·炸鸡（阜宁益林店）,SBS00039,盐城,"8049010254722139564	",饿了么,平台外卖,已完成,2025-10-21 19:44:20,2025-10-21 19:44:20,2025-10-21 19:44:20,饿了么支付-在线支付,,即时单,2025-10-21 19:44:20,5.47,手动出餐,1,否,大圣鸡排*2+香肠*1-单点[香辣]（14.40*1）,大圣鸡排*2+香肠*1-单点[香辣],,,,非会员,19,,,无需餐具,,14.40,9.90,0.00,0.00,0,0,0.00,0.00,,【活动支出】单品优惠:0.00元,-,-,-,0.00,江苏区域,江苏直营店,,,否,-,平台配送
圣比萨·披萨·炸鸡（阜宁益林店）,SBS00039,盐城,"8047546088643658006	",饿了么,平台外卖,已完成,2025-10-21 20:47:44,2025-10-21 20:47:44,2025-10-21 20:47:44,饿了么支付-在线支付,,即时单,2025-10-21 20:47:44,9.20,手动出餐,1,否,"大圣小鸡肉串（20串）（9.90*1）,新奥尔良烤鸡肉披萨-7英寸(手拍)[{""name"":""规格"",""value"":""7英寸(手拍)""}]（28.90*1）,餐盒（0.50*1）",大圣小鸡肉串（20串）+新奥尔良烤鸡肉披萨,,,,非会员,20,,,依据餐量提供餐具,,38.80,18.70,6.00,0.00,0,0,2.75,0.00,8.00,【活动支出】店铺满减:1.00元+【活动支出】饿了么红包:5.00元+【活动支出】替用户承担配送费:5.0元,-,-,-,0.50,江苏区域,江苏直营店,,,否,-,平台配送
圣比萨·披萨·炸鸡（阜宁益林店）,SBS00039,盐城,"8045340254669058320	",饿了么,平台外卖,已完成,2025-10-21 20:55:53,2025-10-21 20:55:53,2025-10-21 20:55:54,饿了么支付-在线支付,,即时单,2025-10-21 20:55:53,10.92,手动出餐,1,否,大圣香肠披萨-单点（14.40*1）,大圣香肠披萨-单点,,,,非会员,21,,,依据餐量提供餐具,,14.40,9.90,0.00,0.00,0,0,0.00,0.00,,【活动支出】单品优惠:0.00元,-,-,-,0.00,江苏区域,江苏直营店,,,否,-,平台配送
圣比萨·披萨·炸鸡（阜宁益林店）,SBS00039,盐城,"8017586088685192616	",饿了么,平台外卖,已完成,2025-10-21 21:04:48,2025-10-21 21:04:48,2025-10-21 21:04:48,饿了么支付-在线支付,,即时单,2025-10-21 21:04:48,9.40,手动出餐,1,否,大圣香肠披萨-单点（14.40*1）,大圣香肠披萨-单点,,,,非会员,22,,,17352368484 打这个电话 / 依据餐量提供餐具,,14.40,9.90,0.00,0.00,0,0,0.00,0.00,,【活动支出】单品优惠:0.00元,-,-,-,0.00,江苏区域,江苏直营店,,,否,-,平台配送
圣比萨·披萨·炸鸡（阜宁益林店）,SBS00039,盐城,"8050646088638737740	",饿了么,平台外卖,已完成,2025-10-21 21:49:05,2025-10-21 21:49:05,2025-10-21 21:49:05,饿了么支付-在线支付,,即时单,2025-10-21 21:49:05,9.38,手动出餐,1,否,"日系照烧鸡披萨-9英寸(手拍)[{""name"":""规格"",""value"":""9英寸(手拍)""}]（36.90*1）",日系照烧鸡披萨,,,,非会员,23,,,依据餐量提供餐具,,36.90,19.80,5.00,0.00,0,0,2.58,0.00,4.00,【活动支出】饿了么红包:5.00元+【活动支出】替用户承担配送费:4.0元,-,-,-,0.00,江苏区域,江苏直营店,,,否,-,平台配送
圣比萨·披萨·炸鸡（阜宁益林店）,SBS00039,盐城,"8034210254767132958	",饿了么,平台外卖,已完成,2025-10-21 21:56:33,2025-10-21 21:56:33,2025-10-21 21:56:33,饿了么支付-在线支付,,即时单,2025-10-21 21:56:33,10.05,手动出餐,1,否,"大圣嫩鸡肉串（3串）（16.90*1）,碳烤鸡肉培根披萨-7英寸(手拍)[{""name"":""规格"",""value"":""7英寸(手拍)""}]（28.90*1）,餐盒（0.50*1）",碳烤鸡肉培根披萨,,,,非会员,24,,,依据餐量提供餐具,,45.80,24.72,7.00,0.00,0,0,3.24,0.00,4.00,【活动支出】店铺满减:1.00元+【活动支出】饿了么红包:6.00元+【活动支出】替用户承担配送费:4.0元,-,-,-,0.50,江苏区域,江苏直营店,,,否,-,平台配送
圣比萨·披萨·炸鸡（阜宁益林店）,SBS00039,盐城,"8048330254872243711	",饿了么,平台外卖,已完成,2025-10-21 22:04:56,2025-10-21 22:04:56,2025-10-21 22:04:57,饿了么支付-在线支付,,即时单,2025-10-21 22:04:56,9.98,手动出餐,1,否,"芝士棒（8.50*1）,奶酪芝士披萨-7英寸(手拍)[{""name"":""规格"",""value"":""7英寸(手拍)""}]（28.90*1）,餐盒（0.50*1）",大圣拉丝芝士棒+奶酪芝士披萨,,,,非会员,25,,,依据餐量提供餐具,,37.40,20.52,5.00,0.00,0,0,2.65,0.00,5.00,【活动支出】饿了么红包:5.00元+【活动支出】替用户承担配送费:5.0元,-,-,-,0.50,江苏区域,江苏直营店,,,否,-,平台配送
圣比萨（春晖店）,SBS00004,温州,"8036370254427662623	",饿了么,平台外卖,已完成,2025-10-21 09:41:16,2025-10-21 09:41:16,2025-10-21 09:41:16,饿了么支付-在线支付,,预约单,2025-10-21 10:50:00,23.90,自动出餐,1,否,"焗饭随心配（53.80*1）,餐盒（2.00*1）",地道肠1根+盐酥鸡米花小份+上校鸡块2个+招牌肉酱芝士焗饭,,,,非会员,1,,,依据餐量提供餐具；手机尾号：3933；接力送,,53.80,14.69,32.90,0.00,0,0,1.46,0.00,4.50,【活动支出】单品特价:25.90元+【活动支出】饿了么红包:7.00元+【活动支出】替用户承担配送费:4.5元,-,-,-,2.00,温州区域,温州直营,,,否,-,平台配送
圣比萨（春晖店）,SBS00004,温州,"8026816088353071487	",饿了么,平台外卖,已完成,2025-10-21 10:35:39,2025-10-21 10:35:39,2025-10-21 10:35:39,饿了么支付-在线支付,,即时单,2025-10-21 10:35:39,10.08,自动出餐,1,否,盒子披萨三选一[热带雨林水果]（29.00*1）,热带雨林水果一人食盒子披萨,,,,非会员,2,,,依据餐量提供餐具,,29.00,6.62,15.10,0.00,0,0,1.43,0.00,3.50,【活动支出】单品特价:8.10元+【活动支出】 商家自营销加码:2.00元+【活动支出】饿了么红包:5.00元+【活动支出】替用户承担配送费:3.5元,-,-,-,0.00,温州区域,温州直营,,,否,-,平台配送
圣比萨（春晖店）,SBS00004,温州,"8040526088380599749	",饿了么,平台外卖,已完成,2025-10-21 10:48:37,2025-10-21 10:48:37,2025-10-21 10:48:38,饿了么支付-在线支付,,即时单,2025-10-21 10:48:37,10.08,自动出餐,1,否,"披萨随心配（60.40*1）,点击右上角❤️收藏得小吃[上校鸡块2个]（2.00*1）,餐盒（2.50*1）",新奥尔良烤鸡肉披萨(7英寸(手拍))+地道肠1根+盐酥鸡米花小份+深海墨鱼丸2个+上校鸡块2个,,,,非会员,3,,,依据餐量提供餐具,,62.40,16.50,39.40,0.00,0,0,1.65,0.00,4.00,【活动支出】单品特价:30.50元+【活动支出】单品特价:1.90元+【活动支出】饿了么红包:7.00元+【活动支出】替用户承担配送费:4.0元,-,-,-,2.50,温州区域,温州直营,,,否,-,平台配送
圣比萨（春晖店）,SBS00004,温州,"8068410254383995292	",饿了么,平台外卖,已完成,2025-10-21 11:01:05,2025-10-21 11:01:05,2025-10-21 11:01:05,饿了么支付-在线支付,,即时单,2025-10-21 11:01:05,12.00,自动出餐,1,否,"缤纷水果披萨-7英寸(手拍)[{""name"":""规格"",""value"":""7英寸(手拍)""}]（42.00*1）,餐盒（1.00*1）",缤纷水果披萨,,,,非会员,4,,,1份餐具,,42.00,18.69,16.10,0.00,0,0,1.76,0.00,3.50,【活动支出】单品特价:16.10元+【活动支出】替用户承担配送费:3.5元,-,-,-,1.00,温州区域,温州直营,,,否,-,平台配送
圣比萨（春晖店）,SBS00004,温州,"8037856088372930874	",饿了么,平台外卖,已完成,2025-10-21 11:02:59,2025-10-21 11:02:59,2025-10-21 11:03:00,饿了么支付-在线支付,,预约单,2025-10-21 16:15:00,267.10,自动出餐,1,否,"7英寸-奥尔良烤鸡肉披萨（42.00*1）,餐盒（2.00*1）",新奥尔良烤鸡肉披萨【7英寸(手拍)】,,,,非会员,5,,,1份餐具,,42.00,9.62,27.10,0.00,0,0,1.43,0.00,3.50,【活动支出】单品特价:20.10元+【活动支出】饿了么红包:7.00元+【活动支出】替用户承担配送费:3.5元,-,-,-,2.00,温州区域,温州直营,,,否,-,平台配送
圣比萨（春晖店）,SBS00004,温州,"8071410254604932589	",饿了么,平台外卖,已完成,2025-10-21 14:13:24,2025-10-21 14:13:24,2025-10-21 14:13:24,饿了么支付-在线支付,,即时单,2025-10-21 14:13:24,10.05,自动出餐,1,否,"缤纷水果披萨-7英寸(手拍)[{""name"":""规格"",""value"":""7英寸(手拍)""}]（42.00*1）",缤纷水果披萨,,,,非会员,6,,,1份餐具,,42.00,11.02,23.70,0.00,0,0,1.43,0.00,3.50,【活动支出】单品特价:23.70元+【活动支出】替用户承担配送费:3.5元,-,-,-,0.00,温州区域,温州直营,,,否,-,平台配送
圣比萨（春晖店）,SBS00004,温州,"8090856088505456049	",饿了么,平台外卖,已完成,2025-10-21 15:00:49,2025-10-21 15:00:49,2025-10-21 15:00:49,饿了么支付-在线支付,,即时单,2025-10-21 15:00:49,10.07,自动出餐,1,否,"任选披萨8选1+小吃5选1+饮料[奥尔良鸡肉披萨7英寸+深海墨鱼丸3个+柠檬茶]（65.00*1）,红薯薯泥流心卷边（7英寸）（4.90*1）,餐盒（2.00*1）",新奥尔良烤鸡肉披萨【7英寸(手拍)】+深海墨鱼丸【3个】+柠檬茶+红薯泥流心卷边7,,,,非会员,7,,,依据餐量提供餐具,,69.90,24.01,39.10,0.00,0,0,2.24,0.00,3.50,【活动支出】店铺满减:1.00元+【活动支出】单品特价:33.10元+【活动支出】吃货豆兑换的商家券:5.00元+【活动支出】替用户承担配送费:3.5元,-,-,-,2.00,温州区域,温州直营,,,否,-,平台配送
圣比萨（春晖店）,SBS00004,温州,"8071876088494335391	",饿了么,平台外卖,已完成,2025-10-21 15:12:34,2025-10-21 15:12:34,2025-10-21 15:12:34,饿了么支付-在线支付,,即时单,2025-10-21 15:12:34,10.03,自动出餐,1,否,任选披萨5选1+小吃4选1+饮料套餐[全芝士披萨7英寸+上校鸡块2个+小可乐]（68.00*1）,金牌芝士披萨【7英寸(手拍)】+上校鸡块2个+小可乐,,,,非会员,8,,,1份餐具,,68.00,12.94,48.28,0.00,0,0,1.43,0.00,3.50,【活动支出】单品特价:48.28元+【活动支出】替用户承担配送费:3.5元,-,-,-,0.00,温州区域,温州直营,,,否,-,平台配送
圣比萨（春晖店）,SBS00004,温州,"8046190254608895241	",饿了么,平台外卖,已完成,2025-10-21 15:28:54,2025-10-21 15:28:54,2025-10-21 15:28:54,饿了么支付-在线支付,,即时单,2025-10-21 15:28:54,10.15,自动出餐,1,否,"7英寸-奥尔良烤鸡肉披萨（42.00*1）,餐盒（2.00*1）",新奥尔良烤鸡肉披萨【7英寸(手拍)】,,,,非会员,9,,,依据餐量提供餐具,,42.00,12.08,20.10,0.00,0,0,1.57,0.00,9.00,【活动支出】单品特价:20.10元+【活动支出】替用户承担配送费:6.0元,-,-,-,2.00,温州区域,温州直营,,,否,-,平台配送
圣比萨（春晖店）,SBS00004,温州,"8014516088499753284	",饿了么,平台外卖,已完成,2025-10-21 15:47:16,2025-10-21 15:47:16,2025-10-21 15:47:17,饿了么支付-在线支付,,即时单,2025-10-21 15:47:16,10.02,自动出餐,1,否,"焗饭随心配（53.80*1）,餐盒（2.00*1）",地道肠1根+蛋挞1个+深海墨鱼丸2个+咖喱鸡肉芝士焗饭,,,,非会员,10,,,1份餐具,,53.80,16.06,32.90,0.00,0,0,1.49,0.00,3.50,【活动支出】单品特价:25.90元+【活动支出】饿了么红包:7.00元+【活动支出】替用户承担配送费:3.5元,-,-,-,2.00,温州区域,温州直营,,,否,-,平台配送
圣比萨（春晖店）,SBS00004,温州,"8052726088510255614	",饿了么,平台外卖,已完成,2025-10-21 16:24:25,2025-10-21 16:24:25,2025-10-21 16:24:25,饿了么支付-在线支付,,即时单,2025-10-21 16:24:25,10.08,自动出餐,1,否,"奥尔良烤鸡肉披萨-7英寸(手拍)[{""name"":""规格"",""value"":""7英寸(手拍)""}]（45.00*1）,餐盒（1.00*1）",新奥尔良烤鸡肉披萨,,,,非会员,11,,,2份餐具,,45.00,11.12,28.10,0.00,0,0,1.43,0.00,3.50,【活动支出】单品特价:21.10元+【活动支出】 商家自营销加码:2.00元+【活动支出】饿了么红包:5.00元+【活动支出】替用户承担配送费:3.5元,-,-,-,1.00,温州区域,温州直营,,,否,-,平台配送
圣比萨（春晖店）,SBS00004,温州,"8051070254650907058	",饿了么,平台外卖,已完成,2025-10-21 16:33:36,2025-10-21 16:33:36,2025-10-21 16:33:36,饿了么支付-在线支付,,即时单,2025-10-21 16:33:36,10.08,自动出餐,1,否,"任选意面4选1+小吃5选1+饮料[番茄牛肉意面+盐酥鸡米花小份+港式奶茶]（57.00*1）,餐盒（2.00*1）",番茄牛肉意面+盐酥鸡米花小份+港式奶茶,,,,非会员,12,,,1份餐具,,57.00,19.16,32.10,0.00,0,0,1.79,0.00,3.50,【活动支出】单品特价:25.10元+【活动支出】饿了么红包:7.00元+【活动支出】替用户承担配送费:3.5元,-,-,-,2.00,温州区域,温州直营,,,否,-,平台配送
圣比萨（春晖店）,SBS00004,温州,"8023250254653459750	",饿了么,平台外卖,已完成,2025-10-21 16:54:17,2025-10-21 16:54:17,2025-10-21 16:54:18,饿了么支付-在线支付,,即时单,2025-10-21 16:54:17,10.13,自动出餐,1,否,手握三选一-单点[缤纷水果]（20.00*1）,热带雨林水果一人食盒子披萨,,,,非会员,13,,,依据餐量提供餐具,,20.00,10.00,0.00,0.00,0,0,0.00,0.00,,【活动支出】拼团反圈活动:0.00元,-,-,-,0.00,温州区域,温州直营,,,否,-,平台配送
圣比萨（春晖店）,SBS00004,温州,"8010966088565977468	",饿了么,平台外卖,已完成,2025-10-21 16:54:30,2025-10-21 16:54:30,2025-10-21 16:54:30,饿了么支付-在线支付,,即时单,2025-10-21 16:54:30,10.17,自动出餐,1,否,"披萨随心配（60.40*1）,餐盒（2.00*1）",新奥尔良烤鸡肉披萨(7英寸(手拍))+地道肠1根+盐酥鸡米花小份+蛋挞1个,,,,非会员,14,,,依据餐量提供餐具,,60.40,17.31,37.50,0.00,0,0,1.64,0.00,3.50,【活动支出】单品特价:30.50元+【活动支出】饿了么红包:7.00元+【活动支出】替用户承担配送费:3.5元,-,-,-,2.00,温州区域,温州直营,,,否,-,平台配送
圣比萨（春晖店）,SBS00004,温州,"8025270254553545195	",饿了么,平台外卖,已完成,2025-10-21 16:57:57,2025-10-21 16:57:57,2025-10-21 16:57:57,饿了么支付-在线支付,,即时单,2025-10-21 16:57:57,10.03,自动出餐,1,否,"盒子披萨三选一[热带雨林水果]（29.00*1）,【粉丝福利】蛋挞一个（原味）（10.00*1）,餐盒（1.00*1）",热带雨林水果一人食盒子披萨+蛋挞1个,,,,非会员,15,,,2份餐具,,39.00,9.11,24.11,0.00,0,0,1.43,0.00,3.50,【活动支出】单品特价:8.10元+【活动支出】单品特价:9.01元+【活动支出】 商家自营销加码:2.00元+【活动支出】饿了么红包:5.00元+【活动支出】替用户承担配送费:3.5元,-,-,-,1.00,温州区域,温州直营,,,否,-,平台配送
圣比萨（春晖店）,SBS00004,温州,"8066766088558179743	",饿了么,平台外卖,已完成,2025-10-21 17:24:49,2025-10-21 17:24:49,2025-10-21 17:24:49,饿了么支付-在线支付,,即时单,2025-10-21 17:24:49,10.02,自动出餐,1,否,"圣比招牌披萨-9英寸(经典手拍)[{""name"":""规格"",""value"":""9英寸(经典手拍)""}]（78.00*1）,酸奶多多流心卷边（9英寸）（6.90*1）,餐盒（2.00*1）",大圣招牌大满贯披萨+酸奶多多流心卷边9,,,,非会员,16,,,依据餐量提供餐具,,84.90,39.19,35.10,0.00,0,0,3.66,0.00,3.50,【活动支出】店铺满减:1.00元+【活动支出】单品特价:34.10元+【活动支出】替用户承担配送费:3.5元,-,-,-,2.00,温州区域,温州直营,,,否,-,平台配送
圣比萨（春晖店）,SBS00004,温州,"8020170254567872916	",饿了么,平台外卖,已完成,2025-10-21 17:27:54,2025-10-21 17:27:54,2025-10-21 17:27:54,饿了么支付-在线支付,,即时单,2025-10-21 17:27:54,10.00,自动出餐,1,否,"9寸披萨随❤️双拼[水果+奥尔良]（80.00*1）,餐盒（2.00*1）",双拼9寸【缤纷水果口味9】+双拼9寸【奥尔良口味9】,,,,非会员,17,,,依据餐量提供餐具,,80.00,23.18,50.10,0.00,0,0,2.17,0.00,3.50,【活动支出】店铺满减:1.00元+【活动支出】单品特价:40.10元+【活动支出】饿了么红包:9.00元+【活动支出】替用户承担配送费:3.5元,-,-,-,2.00,温州区域,温州直营,,,否,-,平台配送
圣比萨（春晖店）,SBS00004,温州,"8058190254754912569	",饿了么,平台外卖,已完成,2025-10-21 17:39:20,2025-10-21 17:39:20,2025-10-21 17:39:20,饿了么支付-在线支付,,即时单,2025-10-21 17:39:20,12.23,自动出餐,1,否,"奥尔良烤翅（14.00*1）,任选意面4选1+小吃5选1+饮料[招牌肉酱意面+上校鸡块4个+小可乐]（57.00*1）,榴莲王披萨-9英寸(手拍)[{""name"":""规格"",""value"":""9英寸(手拍)""}]（92.00*1）,餐盒（5.00*1）",奥尔良烤翅+招牌肉酱意面+上校鸡块+小可乐+榴莲王披萨,,,,非会员,18,,,2份餐具,,163.00,66.35,82.30,0.00,0,0,6.20,0.00,3.50,【活动支出】店铺满减:6.00元+【活动支出】单品特价:1.10元+【活动支出】单品特价:25.10元+【活动支出】单品特价:46.10元+【活动支出】饿了么红包:4.00元+【活动支出】替用户承担配送费:3.5元,-,-,-,5.00,温州区域,温州直营,,,否,-,平台配送
圣比萨（春晖店）,SBS00004,温州,"8038060254760387970	",饿了么,平台外卖,已完成,2025-10-21 17:41:17,2025-10-21 17:41:17,2025-10-21 17:41:17,饿了么支付-在线支付,,即时单,2025-10-21 17:41:17,12.12,自动出餐,1,否,"榴莲王披萨-9英寸(手拍)[{""name"":""规格"",""value"":""9英寸(手拍)""}]（92.00*1）,可乐[常温]（5.00*1）,餐盒（1.00*1）",榴莲王披萨+可乐,,,,非会员,19,,,无需餐具,,97.00,32.16,55.10,0.00,0,0,2.99,0.00,4.00,【活动支出】店铺满减:1.00元+【活动支出】单品特价:46.10元+【活动支出】超会爆红包省钱包:8.00元+【活动支出】替用户承担配送费:4.0元,-,-,-,1.00,温州区域,温州直营,,,否,-,平台配送
圣比萨（春晖店）,SBS00004,温州,"8037816088537091421	",饿了么,平台外卖,已完成,2025-10-21 17:41:25,2025-10-21 17:41:25,2025-10-21 17:41:25,饿了么支付-在线支付,,即时单,2025-10-21 17:41:25,12.18,自动出餐,1,否,"[买一送一]买披萨送意面[奥尔良鸡肉披萨7英寸+番茄牛肉意面]（75.00*1）,餐盒（2.00*1）",新奥尔良烤鸡肉披萨【7英寸(手拍)】+番茄牛肉意面,,,,非会员,20,,,依据餐量提供餐具,,75.00,28.13,39.10,0.00,0,0,2.62,0.00,3.50,【活动支出】店铺满减:1.00元+【活动支出】单品特价:30.10元+【活动支出】饿了么红包:8.00元+【活动支出】替用户承担配送费:3.5元,-,-,-,2.00,温州区域,温州直营,,,否,-,平台配送
圣比萨（春晖店）,SBS00004,温州,"8057876088550657384	",饿了么,平台外卖,已完成,2025-10-21 17:44:14,2025-10-21 17:44:14,2025-10-21 17:44:14,饿了么支付-在线支付,,即时单,2025-10-21 17:44:14,12.13,自动出餐,1,否,"任选披萨8选1+小吃5选1+饮料[奥尔良鸡肉披萨7英寸+上校鸡块4个+小可乐]（65.00*1）,餐盒（2.00*1）",新奥尔良烤鸡肉披萨【7英寸(手拍)】+上校鸡块+小可乐,,,,非会员,21,,,2份餐具,,65.00,20.41,38.10,0.00,0,0,1.94,0.00,3.50,【活动支出】单品特价:33.10元+【活动支出】饿了么红包:5.00元+【活动支出】替用户承担配送费:3.5元,-,-,-,2.00,温州区域,温州直营,,,否,-,平台配送
圣比萨（春晖店）,SBS00004,温州,"8046746088573355479	",饿了么,平台外卖,已完成,2025-10-21 17:45:30,2025-10-21 17:45:30,2025-10-21 17:45:31,饿了么支付-在线支付,,即时单,2025-10-21 17:45:30,12.08,自动出餐,1,否,"圣比招牌披萨-9英寸(经典手拍)[{""name"":""规格"",""value"":""9英寸(经典手拍)""}]（78.00*1）,奶酪芝士卷边（9英寸）（6.90*1）,餐盒（2.00*1）",大圣招牌大满贯披萨+奶酪芝士卷边9,,,,非会员,22,,,依据餐量提供餐具,,84.90,29.29,47.10,0.00,0,0,2.76,0.00,3.50,【活动支出】店铺满减:1.00元+【活动支出】单品特价:34.10元+【活动支出】饿了么红包:12.00元+【活动支出】替用户承担配送费:3.5元,-,-,-,2.00,温州区域,温州直营,,,否,-,平台配送
圣比萨（春晖店）,SBS00004,温州,"8015060254766075209	",饿了么,平台外卖,已完成,2025-10-21 17:45:52,2025-10-21 17:45:52,2025-10-21 17:45:53,饿了么支付-在线支付,,即时单,2025-10-21 17:45:52,12.17,自动出餐,1,否,"圣比招牌披萨-9英寸(经典手拍)[{""name"":""规格"",""value"":""9英寸(经典手拍)""}]（78.00*1）,翅薯组合（21.00*1）,餐盒（4.00*1）",大圣招牌大满贯披萨+翅薯组合,,,,非会员,23,,,依据餐量提供餐具,,99.00,40.46,48.20,0.00,0,0,3.89,0.00,5.00,【活动支出】店铺满减:6.00元+【活动支出】单品特价:34.10元+【活动支出】单品特价:1.10元+【活动支出】 商家自营销加码:2.00元+【活动支出】饿了么红包:5.00元+【活动支出】替用户承担配送费:5.0元,-,-,-,4.00,温州区域,温州直营,,,否,-,平台配送
圣比萨（春晖店）,SBS00004,温州,"8079546088554402215	",饿了么,平台外卖,已完成,2025-10-21 17:52:33,2025-10-21 17:52:33,2025-10-21 17:52:33,饿了么支付-在线支付,,即时单,2025-10-21 17:52:33,12.07,自动出餐,1,否,"圣比招牌披萨-7英寸(经典手拍)[{""name"":""规格"",""value"":""7英寸(经典手拍)""}]（45.00*1）,红薯薯泥流心卷边（7英寸）（4.90*1）,【粉丝福利】蛋挞一个（原味）（10.00*1）,点击右上角❤️收藏得小吃[墨鱼丸1个]（2.00*1）,餐盒（1.50*1）",大圣招牌大满贯披萨+红薯泥流心卷边7+蛋挞1个+深海墨鱼丸1个,,,,非会员,24,,,2份餐具,,61.90,22.16,32.61,0.00,0,0,2.08,0.00,3.50,【活动支出】单品特价:21.70元+【活动支出】单品特价:9.01元+【活动支出】单品特价:1.90元+【活动支出】替用户承担配送费:3.5元,-,-,-,1.50,温州区域,温州直营,,,否,-,平台配送
圣比萨（春晖店）,SBS00004,温州,"8088050254704711955	",饿了么,平台外卖,已完成,2025-10-21 18:13:39,2025-10-21 18:13:39,2025-10-21 18:13:39,饿了么支付-在线支付,,即时单,2025-10-21 18:13:39,12.17,自动出餐,1,否,"意面随心配（58.00*1）,餐盒（2.00*1）",番茄牛肉意面+地道肠1根+深海墨鱼丸2个+上校鸡块2个,,,,非会员,25,,,依据餐量提供餐具,,58.00,16.38,36.10,0.00,0,0,1.57,0.00,3.50,【活动支出】单品特价:31.10元+【活动支出】饿了么红包:5.00元+【活动支出】替用户承担配送费:3.5元,-,-,-,2.00,温州区域,温州直营,,,否,-,平台配送
圣比萨（春晖店）,SBS00004,温州,"8016270254788057527	",饿了么,平台外卖,已完成,2025-10-21 18:27:23,2025-10-21 18:27:23,2025-10-21 18:27:24,饿了么支付-在线支付,,即时单,2025-10-21 18:27:23,12.18,自动出餐,1,否,"任选披萨8选1+小吃5选1+饮料[碳烤鸡肉培根7英寸+上校鸡块4个+芒果汁]（65.00*1）,红薯薯泥流心卷边（7英寸）（4.90*1）,【粉丝福利】蛋挞一个（原味）（10.00*1）,餐盒（3.00*1）",碳烤鸡肉培根披萨【7英寸(手拍)】+上校鸡块+芒果汁+红薯泥流心卷边7+蛋挞1个,,,,非会员,26,,,依据餐量提供餐具,,79.90,22.16,52.11,0.00,0,0,2.08,0.00,3.50,【活动支出】店铺满减:1.00元+【活动支出】单品特价:33.10元+【活动支出】单品特价:9.01元+【活动支出】饿了么红包:9.00元+【活动支出】替用户承担配送费:3.5元,-,-,-,3.00,温州区域,温州直营,,,否,-,平台配送
圣比萨（春晖店）,SBS00004,温州,"8090566088622795172	",饿了么,平台外卖,已完成,2025-10-21 18:30:49,2025-10-21 18:30:49,2025-10-21 18:30:49,饿了么支付-在线支付,,即时单,2025-10-21 18:30:49,12.17,自动出餐,1,否,"[买一送一]买披萨送意面[碳烤鸡肉培根7英寸+番茄牛肉意面]（75.00*1）,餐盒（2.00*1）",碳烤鸡肉培根披萨【7英寸(手拍)】+番茄牛肉意面,,,,非会员,27,,,依据餐量提供餐具,,75.00,28.13,39.10,0.00,0,0,2.62,0.00,3.50,【活动支出】店铺满减:1.00元+【活动支出】单品特价:30.10元+【活动支出】饿了么红包:8.00元+【活动支出】替用户承担配送费:3.5元,-,-,-,2.00,温州区域,温州直营,,,否,-,平台配送
圣比萨（春晖店）,SBS00004,温州,"8086110254727534865	",饿了么,平台外卖,已完成,2025-10-21 18:48:23,2025-10-21 18:48:23,2025-10-21 18:48:23,饿了么支付-在线支付,,即时单,2025-10-21 18:48:23,12.03,自动出餐,1,否,"榴莲王披萨-9英寸(手拍)[{""name"":""规格"",""value"":""9英寸(手拍)""}]（92.00*1）,酸奶多多流心卷边（9英寸）（6.90*1）",榴莲王披萨+酸奶多多流心卷边9,,,,非会员,28,,,无需餐具,,98.90,32.06,56.10,0.00,0,0,2.99,0.00,3.50,【活动支出】单品特价:56.10元+【活动支出】替用户承担配送费:3.5元,-,-,-,0.00,温州区域,温州直营,,,否,-,平台配送
圣比萨（春晖店）,SBS00004,温州,"8066986088611120625	",饿了么,平台外卖,已完成,2025-10-21 18:51:41,2025-10-21 18:51:41,2025-10-21 18:51:41,饿了么支付-在线支付,,即时单,2025-10-21 18:51:41,12.10,自动出餐,1,否,"圣比招牌披萨-9英寸(经典手拍)[{""name"":""规格"",""value"":""9英寸(经典手拍)""}]（78.00*1）,圣比招牌披萨-9英寸(经典手拍)[{""name"":""规格"",""value"":""9英寸(经典手拍)""}]（78.00*1）,酸奶多多流心卷边（9英寸）（6.90*1）,奶酪芝士卷边（9英寸）（6.90*1）,餐盒（4.00*1）",大圣招牌大满贯披萨+大圣招牌大满贯披萨+酸奶多多流心卷边9+奶酪芝士卷边9,,,,非会员,29,,,依据餐量提供餐具,,169.80,70.28,83.20,0.00,0,0,6.57,0.00,3.50,【活动支出】店铺满减:6.00元+【活动支出】单品特价:68.20元+【活动支出】饿了么红包:9.00元+【活动支出】替用户承担配送费:3.5元,-,-,-,4.00,温州区域,温州直营,,,否,-,平台配送
圣比萨（春晖店）,SBS00004,温州,"8027110254807320870	",饿了么,平台外卖,已完成,2025-10-21 18:52:19,2025-10-21 18:52:19,2025-10-21 18:52:19,饿了么支付-在线支付,,即时单,2025-10-21 18:52:19,12.10,自动出餐,1,否,"咸蛋黄风味流沙卷边（7英寸）（4.90*1）,任选披萨8选1+小吃5选1+饮料[奥尔良鸡肉披萨7英寸+地道肠1根+小可乐]（65.00*1）,餐盒（2.00*1）",咸蛋黄流沙卷边7+新奥尔良烤鸡肉披萨【7英寸(手拍)】+地道肠【1根】+小可乐,,,,非会员,30,,,1份餐具,,69.90,22.16,41.10,0.00,0,0,2.09,0.00,3.50,【活动支出】店铺满减:1.00元+【活动支出】单品特价:33.10元+【活动支出】饿了么红包:7.00元+【活动支出】替用户承担配送费:3.5元,-,-,-,2.00,温州区域,温州直营,,,否,-,平台配送
圣比萨（春晖店）,SBS00004,温州,"8001846088597221674	",饿了么,平台外卖,已完成,2025-10-21 19:02:18,2025-10-21 19:02:18,2025-10-21 19:02:18,饿了么支付-在线支付,,即时单,2025-10-21 19:02:18,12.03,自动出餐,1,否,"番茄牛肉意面-单点[{""name"":""规格"",""value"":""单点""}]（22.59*1）",番茄牛肉意面,,,,非会员,32,,,依据餐量提供 需要一起打包,,22.59,12.59,0.00,0.00,0,0,0.00,0.00,,【活动支出】拼团反圈活动:0.00元,-,-,-,0.00,温州区域,温州直营,,,否,-,平台配送
圣比萨（春晖店）,SBS00004,温州,"8001846088597221675	",饿了么,平台外卖,已完成,2025-10-21 19:02:18,2025-10-21 19:02:18,2025-10-21 19:02:18,饿了么支付-在线支付,,即时单,2025-10-21 19:02:18,12.22,自动出餐,1,否,"奥尔良烤鸡肉披萨(7寸)-单点[{""name"":""规格"",""value"":""单点""}]（23.21*1）",新奥尔良烤鸡肉披萨【7英寸(手拍)】,,,,非会员,31,,,依据餐量提供 需要一起打包,,23.21,13.21,0.00,0.00,0,0,0.00,0.00,,【活动支出】拼团反圈活动:0.00元,-,-,-,0.00,温州区域,温州直营,,,否,-,平台配送
圣比萨（春晖店）,SBS00004,温州,"8010536088629087549	",饿了么,平台外卖,已完成,2025-10-21 19:23:10,2025-10-21 19:23:10,2025-10-21 19:23:10,饿了么支付-在线支付,,即时单,2025-10-21 19:23:10,12.12,自动出餐,1,否,"酸奶多多流心卷边（7英寸）（4.90*1）,缤纷水果披萨-7英寸(手拍)[{""name"":""规格"",""value"":""7英寸(手拍)""}]（42.00*1）,餐盒（1.00*1）",酸奶多多流心卷边7+缤纷水果披萨,,,,非会员,33,,,依据餐量提供餐具,,46.90,21.29,16.10,0.00,0,0,2.16,0.00,5.60,【活动支出】单品特价:16.10元+【活动支出】替用户承担配送费:5.6元,-,-,-,1.00,温州区域,温州直营,,,否,-,平台配送
圣比萨（春晖店）,SBS00004,温州,"8042606088646711648	",饿了么,平台外卖,已完成,2025-10-21 19:26:40,2025-10-21 19:26:40,2025-10-21 19:26:41,饿了么支付-在线支付,,即时单,2025-10-21 19:26:40,12.10,自动出餐,1,否,"7英寸-奥尔良烤鸡肉披萨（42.00*1）,薯泥卷边7英寸（4.90*1）,加芝士（20g)（3.90*1）,【粉丝福利】蛋挞一个（原味）（10.00*1）,【粉丝福利】蛋挞一个（原味）（10.00*1）,餐盒（4.00*1）",新奥尔良烤鸡肉披萨【7英寸(手拍)】+红薯泥流心卷边7+加芝士+蛋挞1个+蛋挞1个,,,,非会员,34,,,依据餐量提供餐具,,70.80,21.23,45.01,0.00,0,0,2.01,0.00,3.50,【活动支出】单品特价:20.10元+【活动支出】单品特价:9.01元+【活动支出】超级会员专享红包:5.00元+【活动支出】 商家自营销加码:2.00元+【活动支出】精准营销:8.90元+【活动支出】替用户承担配送费:3.5元,-,-,-,4.00,温州区域,温州直营,,,否,-,平台配送
圣比萨（春晖店）,SBS00004,温州,"8003806088659759545	",饿了么,平台外卖,已完成,2025-10-21 19:59:33,2025-10-21 19:59:33,2025-10-21 19:59:34,饿了么支付-在线支付,,即时单,2025-10-21 19:59:33,10.08,自动出餐,1,否,"浪漫威尼斯披萨-7英寸(手拍)[{""name"":""规格"",""value"":""7英寸(手拍)""}]（42.00*1）,餐盒（1.00*1）",浪漫威尼斯披萨,,,,非会员,35,,,依据餐量提供餐具,,42.00,17.31,18.10,0.00,0,0,1.64,0.00,3.50,【活动支出】单品特价:12.10元+【活动支出】饿了么红包:6.00元+【活动支出】替用户承担配送费:3.5元,-,-,-,1.00,温州区域,温州直营,,,否,-,平台配送
圣比萨（春晖店）,SBS00004,温州,"8093280254659796292	",饿了么,平台外卖,已完成,2025-10-21 20:27:14,2025-10-21 20:27:14,2025-10-21 20:27:14,饿了么支付-在线支付,,即时单,2025-10-21 20:27:14,10.13,自动出餐,1,否,"任选披萨8选1+小吃5选1+饮料[碳烤鸡肉培根7英寸+地道肠1根+不要饮料换鱼丸2个]（65.00*1）,餐盒（2.00*1）",碳烤鸡肉培根披萨【7英寸(手拍)】+地道肠【1根】,,,,非会员,36,,,"对商家麻烦打包结实些，谢谢
, 对骑手麻烦放侧门家长接待室，拍照发我下，谢谢/ 无需餐具",,65.00,19.16,40.10,0.00,0,0,1.79,0.00,3.50,【活动支出】单品特价:33.10元+【活动支出】超级会员专享红包:5.00元+【活动支出】 商家自营销加码:2.00元+【活动支出】替用户承担配送费:3.5元,-,-,-,2.00,温州区域,温州直营,,,否,-,平台配送
圣比萨（春晖店）,SBS00004,温州,"8065390254664662381	",饿了么,平台外卖,已完成,2025-10-21 20:42:08,2025-10-21 20:42:08,2025-10-21 20:42:08,饿了么支付-在线支付,,即时单,2025-10-21 20:42:08,10.13,自动出餐,1,否,"浪漫威尼斯披萨-9英寸(手拍)[{""name"":""规格"",""value"":""9英寸(手拍)""}]（75.00*1）,柠檬茶[常温]（6.00*1）,餐盒（2.00*1）",浪漫威尼斯披萨+柠檬茶,,,,非会员,37,,,依据餐量提供餐具,,81.00,25.82,47.60,0.00,0,0,2.43,0.00,3.50,【活动支出】店铺满减:1.00元+【活动支出】单品特价:35.10元+【活动支出】单品特价:1.00元+【活动支出】饿了么红包:10.50元+【活动支出】替用户承担配送费:3.5元,-,-,-,2.00,温州区域,温州直营,,,否,-,平台配送
圣比萨（春晖店）,SBS00004,温州,"8071766088660926899	",饿了么,平台外卖,已完成,2025-10-21 20:47:24,2025-10-21 20:47:24,2025-10-21 20:47:24,饿了么支付-在线支付,,即时单,2025-10-21 20:47:24,10.00,自动出餐,1,否,"披萨随心配（60.40*1）,餐盒（2.00*1）",缤纷水果披萨(7英寸(手拍))+盐酥鸡米花小份+深海墨鱼丸2个+上校鸡块2个,,,,非会员,38,,,依据餐量提供餐具,,60.40,17.31,37.50,0.00,0,0,1.64,0.00,3.50,【活动支出】单品特价:30.50元+【活动支出】饿了么红包:7.00元+【活动支出】替用户承担配送费:3.5元,-,-,-,2.00,温州区域,温州直营,,,否,-,平台配送
圣比萨（春晖店）,SBS00004,温州,"8043300254674400686	",饿了么,平台外卖,已完成,2025-10-21 20:59:44,2025-10-21 20:59:44,2025-10-21 20:59:44,饿了么支付-在线支付,,即时单,2025-10-21 20:59:44,10.08,自动出餐,1,否,"咸蛋黄风味流心卷边（9英寸）（6.90*1）,9英寸奥尔良烤鸡肉披萨（78.00*1）,餐盒（2.00*1）",咸蛋黄流沙卷边9+新奥尔良烤鸡肉披萨【9英寸(手拍)】,,,,非会员,39,,,依据餐量提供餐具,,84.90,27.11,50.10,0.00,0,0,2.54,0.00,3.50,【活动支出】店铺满减:1.00元+【活动支出】单品特价:40.10元+【活动支出】饿了么红包:9.00元+【活动支出】替用户承担配送费:3.5元,-,-,-,2.00,温州区域,温州直营,,,否,-,平台配送
圣比萨（春晖店）,SBS00004,温州,"8029566088669711870	",饿了么,平台外卖,已完成,2025-10-21 21:30:02,2025-10-21 21:30:02,2025-10-21 21:30:02,饿了么支付-在线支付,,即时单,2025-10-21 21:30:02,10.02,自动出餐,1,否,"盒子披萨三选一[日式烧鸟风味]（29.00*1）,番茄培根意面（52.00*1）,【粉丝福利】蛋挞一个（原味）（10.00*1）,点击右上角❤️收藏得小吃[上校鸡块2个]（2.00*1）,餐盒（2.50*1）",日式烧鸟风味一人食盒子披萨+番茄培根意面+蛋挞1个+上校鸡块2个,,,,非会员,40,,,依据餐量提供餐具,,93.00,27.49,57.11,0.00,0,0,2.65,0.00,5.60,【活动支出】店铺满减:1.00元+【活动支出】单品特价:8.10元+【活动支出】单品特价:28.10元+【活动支出】单品特价:9.01元+【活动支出】单品特价:1.90元+【活动支出】饿了么红包:9.00元+【活动支出】替用户承担配送费:5.6元,-,-,-,2.50,温州区域,温州直营,,,否,-,平台配送
圣比萨（春晖店）,SBS00004,温州,"8073896088671394104	",饿了么,平台外卖,已完成,2025-10-21 21:41:24,2025-10-21 21:41:24,2025-10-21 21:41:25,饿了么支付-在线支付,,即时单,2025-10-21 21:41:24,10.18,自动出餐,1,否,"【随心拼】7英寸披萨(口味自选）[奥尔良+日系照烧]（54.00*1）,餐盒（2.00*1）",双拼7寸【奥尔良口味7】+双拼7寸【日系照烧口味7】,,,,非会员,41,,,依据餐量提供餐具,,54.00,13.62,35.10,0.00,0,0,1.43,0.00,5.60,【活动支出】单品特价:28.10元+【活动支出】 商家自营销加码:2.00元+【活动支出】饿了么红包:5.00元+【活动支出】替用户承担配送费:5.6元,-,-,-,2.00,温州区域,温州直营,,,否,-,平台配送
圣比萨（春晖店）,SBS00004,温州,"8054606088658262302	",饿了么,平台外卖,已完成,2025-10-21 22:02:33,2025-10-21 22:02:33,2025-10-21 22:02:33,饿了么支付-在线支付,,即时单,2025-10-21 22:02:33,10.13,自动出餐,1,否,"招牌肉酱芝士焗饭（52.00*1）,点击右上角❤️收藏得小吃[上校鸡块2个]（2.00*2）,餐盒（2.00*1）",招牌肉酱芝士焗饭+上校鸡块2个,,,,非会员,42,,,依据餐量提供餐具,,56.00,16.90,33.00,0.00,0,0,1.65,0.00,5.60,【活动支出】单品特价:24.10元+【活动支出】单品特价:1.90元+【活动支出】饿了么红包:7.00元+【活动支出】替用户承担配送费:5.6元,-,-,-,2.00,温州区域,温州直营,,,否,-,平台配送
圣比萨（春晖店）,SBS00004,温州,"8040886088680434045	",饿了么,平台外卖,已完成,2025-10-21 22:09:55,2025-10-21 22:09:55,2025-10-21 22:09:55,饿了么支付-在线支付,,即时单,2025-10-21 22:09:55,10.15,自动出餐,1,否,"招牌肉酱芝士焗饭（52.00*1）,餐盒（1.00*1）",招牌肉酱芝士焗饭,,,,非会员,43,,,不要放玉米，谢谢 / 依据餐量提供餐具,,52.00,14.62,31.10,0.00,0,0,1.43,0.00,5.60,【活动支出】单品特价:24.10元+【活动支出】超级会员专享红包:5.00元+【活动支出】 商家自营销加码:2.00元+【活动支出】替用户承担配送费:5.6元,-,-,-,1.00,温州区域,温州直营,,,否,-,平台配送
圣比萨（春晖店）,SBS00004,温州,"8049430254800830776	",饿了么,平台外卖,已完成,2025-10-21 22:31:33,2025-10-21 22:31:33,2025-10-21 22:31:33,饿了么支付-在线支付,,即时单,2025-10-21 22:31:33,10.17,自动出餐,1,否,"披萨随心配（60.40*1）,餐盒（2.00*1）",缤纷水果披萨(7英寸(手拍))+地道肠1根+盐酥鸡米花小份+蛋挞1个,,,,非会员,44,,,依据餐量提供餐具,,60.40,16.81,37.50,0.00,0,0,1.64,0.00,5.60,【活动支出】单品特价:30.50元+【活动支出】饿了么红包:7.00元+【活动支出】替用户承担配送费:5.6元,-,-,-,2.00,温州区域,温州直营,,,否,-,平台配送
圣比萨（春晖店）,SBS00004,温州,"8059866088649684455	",饿了么,平台外卖,已完成,2025-10-21 22:32:20,2025-10-21 22:32:20,2025-10-21 22:32:20,饿了么支付-在线支付,,即时单,2025-10-21 22:32:20,10.13,自动出餐,1,否,手握三选一-单点[奥尔良]（20.00*1）,奥尔良风情烤鸡肉一人食盒子披萨,,,,非会员,45,,,依据餐量提供餐具,,20.00,10.00,0.00,0.00,0,0,0.00,0.00,,【活动支出】拼团反圈活动:0.00元,-,-,-,0.00,温州区域,温州直营,,,否,-,平台配送
圣比萨（双塔店）,SBS00037,温州,"8043160254393734416	",饿了么,平台外卖,已完成,2025-10-21 01:08:49,2025-10-21 01:08:49,2025-10-21 01:08:50,饿了么支付-在线支付,,即时单,2025-10-21 01:08:49,9.38,手动出餐,1,否,"黑胡椒牛肉意面（52.00*1）,【新品宠粉】香烤地道肠1根（7.50*2）,任选披萨5选1+小吃4选1+饮料套餐[奥尔良鸡肉披萨7英寸+上校鸡块2个+小可乐]（68.00*1）,餐盒（4.00*1）",黑椒牛肉意面+地道肠1根+新奥尔良烤鸡肉披萨【7英寸(手拍)】+上校鸡块2个+小可乐,,,,非会员,1,,,2份餐具,,135.00,39.25,78.29,0.00,0,0,6.01,0.00,9.90,【活动支出】店铺满减:1.00元+【活动支出】单品特价:24.10元+【活动支出】单品特价:4.91元+【活动支出】单品特价:48.28元+【活动支出】替用户承担配送费:5.0元,-,-,-,4.00,温州区域,温州直营,,,否,-,平台配送
圣比萨（双塔店）,SBS00037,温州,"8026100254576064779	",饿了么,平台外卖,已完成,2025-10-21 13:47:42,2025-10-21 13:47:42,2025-10-21 13:47:43,饿了么支付-在线支付,,即时单,2025-10-21 13:47:42,9.23,手动出餐,1,否,手握三选一-单点[奥尔良]（20.00*1）,奥尔良风情烤鸡肉一人食盒子披萨,,,,非会员,2,,,依据餐量提供餐具,,20.00,10.00,0.00,0.00,0,0,0.00,0.00,,【活动支出】拼团反圈活动:0.00元,-,-,-,0.00,温州区域,温州直营,,,否,-,平台配送
圣比萨（双塔店）,SBS00037,温州,"8060350254684231956	",饿了么,平台外卖,已完成,2025-10-21 14:14:46,2025-10-21 14:14:46,2025-10-21 14:14:46,饿了么支付-在线支付,,即时单,2025-10-21 14:14:46,10.17,自动出餐,1,否,手握三选一+二选一+可乐-单点[日式照烧+上校鸡块 2 块+可乐]（24.00*1）,小可乐+日式烧鸟风味一人食盒子披萨+上校鸡块2个,,,,非会员,3,,,依据餐量提供餐具,,24.00,14.00,0.00,0.00,0,0,0.00,0.00,,【活动支出】拼团反圈活动:0.00元,-,-,-,0.00,温州区域,温州直营,,,否,-,平台配送
圣比萨（双塔店）,SBS00037,温州,"8001470254531131901	",饿了么,平台外卖,已完成,2025-10-21 15:57:18,2025-10-21 15:57:18,2025-10-21 15:57:18,饿了么支付-在线支付,,预约单,2025-10-21 16:30:00,3.03,自动出餐,1,否,"芝士焗红薯泥（19.00*1）,缤纷水果披萨-9英寸[{""name"":""规格"",""value"":""9英寸""}]（69.00*1）,奥尔良烤翅（14.88*1）,经典薯条（12.00*1）,餐盒（4.00*1）",芝士焗红薯泥+缤纷水果披萨+奥尔良烤翅+经典薯条,,,,非会员,4,,,2份餐具,,114.88,41.42,62.28,0.00,0,0,5.63,0.00,3.90,【活动支出】店铺满减:6.00元+【活动支出】单品特价:4.10元+【活动支出】单品特价:35.10元+【活动支出】单品特价:1.98元+【活动支出】单品特价:3.10元+【活动支出】饿了么红包:12.00元+【活动支出】替用户承担配送费:3.9元,-,-,-,4.00,温州区域,温州直营,,,否,-,平台配送
圣比萨（双塔店）,SBS00037,温州,"8013616088521456110	",饿了么,平台外卖,已完成,2025-10-21 16:05:58,2025-10-21 16:05:58,2025-10-21 16:05:59,饿了么支付-在线支付,,即时单,2025-10-21 16:05:58,8.18,手动出餐,1,否,"任选披萨7选1+小吃6选1+饮品[圣比招牌披萨7英寸+深海墨鱼丸3个+小可乐]（70.00*1）,餐盒（2.00*1）",大圣招牌大满贯披萨【7英寸(手拍)】+深海墨鱼丸3个+小可乐,,,,非会员,5,,,依据餐量提供餐具,,70.00,18.44,45.10,0.00,0,0,2.51,0.00,3.90,【活动支出】单品特价:38.10元+【活动支出】饿了么红包:7.00元+【活动支出】替用户承担配送费:3.9元,-,-,-,2.00,温州区域,温州直营,,,否,-,平台配送
圣比萨（双塔店）,SBS00037,温州,"8077516088493830428	",饿了么,平台外卖,已完成,2025-10-21 16:22:25,2025-10-21 16:22:25,2025-10-21 16:22:26,饿了么支付-在线支付,,即时单,2025-10-21 16:22:25,10.00,自动出餐,1,否,"缤纷水果披萨-9英寸[{""name"":""规格"",""value"":""9英寸""}]（69.00*1）,餐盒（1.00*1）",缤纷水果披萨,,,,非会员,6,,,2份餐具,,69.00,19.34,42.10,0.00,0,0,2.61,0.00,3.90,【活动支出】单品特价:35.10元+【活动支出】 商家自营销加码:2.00元+【活动支出】饿了么红包:5.00元+【活动支出】替用户承担配送费:3.9元,-,-,-,1.00,温州区域,温州直营,,,否,-,平台配送
圣比萨（双塔店）,SBS00037,温州,"8073430254647947569	",饿了么,平台外卖,已完成,2025-10-21 16:36:55,2025-10-21 16:36:55,2025-10-21 16:36:55,饿了么支付-在线支付,,即时单,2025-10-21 16:36:55,10.20,自动出餐,1,否,招牌肉酱芝士焗饭（52.00*1）,招牌肉酱芝士焗饭,,,,非会员,7,,,依据餐量提供餐具,,52.00,12.33,32.60,0.00,0,0,1.72,0.00,3.90,【活动支出】单品特价:32.60元+【活动支出】替用户承担配送费:3.9元,-,-,-,0.00,温州区域,温州直营,,,否,-,平台配送
圣比萨（双塔店）,SBS00037,温州,"8023380254639635743	",饿了么,平台外卖,已完成,2025-10-21 17:00:14,2025-10-21 17:00:14,2025-10-21 17:00:14,饿了么支付-在线支付,,即时单,2025-10-21 17:00:14,3.52,手动出餐,1,否,"招牌肉酱意面（52.00*1）,餐盒（2.00*1）",招牌肉酱意面,,,,非会员,8,,,依据餐量提供餐具,,52.00,20.53,24.10,0.00,0,0,2.82,0.00,3.90,【活动支出】单品特价:24.10元+【活动支出】替用户承担配送费:3.9元,-,-,-,2.00,温州区域,温州直营,,,否,-,平台配送
圣比萨（双塔店）,SBS00037,温州,"8001916088527649191	",饿了么,平台外卖,已完成,2025-10-21 17:09:08,2025-10-21 17:09:08,2025-10-21 17:09:08,饿了么支付-在线支付,,即时单,2025-10-21 17:09:08,10.18,自动出餐,1,否,"任意爆款意面一人食套餐[招牌肉酱意面+墨鱼丸3个+柠檬茶]（57.00*1）,点击右上角❤️收藏得小吃[上校鸡块1个]（2.00*2）,餐盒（3.00*1）",招牌肉酱意面+深海墨鱼丸3个+柠檬茶+上校鸡块1个,,,,非会员,9,,,候车室一鸣A1A2检票口，柠檬茶味道不要太淡谢谢谢 / 依据餐量提供餐具,,61.00,17.41,34.00,0.00,0,0,2.84,0.00,7.80,【活动支出】单品特价:25.10元+【活动支出】单品特价:1.90元+【活动支出】 商家自营销加码:2.00元+【活动支出】饿了么红包:5.00元+【活动支出】替用户承担配送费:6.0元,-,-,-,3.00,温州区域,温州直营,,,否,-,平台配送
圣比萨（双塔店）,SBS00037,温州,"8053390254669662586	",饿了么,平台外卖,已完成,2025-10-21 17:11:36,2025-10-21 17:11:36,2025-10-21 17:11:36,饿了么支付-在线支付,,即时单,2025-10-21 17:11:36,10.12,自动出餐,1,否,"牛肉至尊披萨-9英寸[{""name"":""规格"",""value"":""9英寸""}]（65.00*1）,港式奶茶[热]（10.00*1）,奥尔良烤翅（14.88*1）,经典薯条（12.00*1）,【新品宠粉】香烤地道肠1根（7.50*1）,上校鸡块（11.88*1）,点击右上角❤️收藏得小吃[上校鸡块1个]（2.00*2）,餐盒（8.00*1）",炙热牛魔王披萨+港式奶茶+奥尔良烤翅+经典薯条+地道肠1根+上校鸡块+上校鸡块1个,,,,非会员,10,,,1份餐具,,125.26,50.37,62.97,0.00,0,0,7.07,0.00,5.40,【活动支出】店铺满减:6.00元+【活动支出】单品特价:23.10元+【活动支出】单品特价:2.00元+【活动支出】单品特价:1.98元+【活动支出】单品特价:3.10元+【活动支出】单品特价:4.91元+【活动支出】单品特价:5.98元+【活动支出】单品特价:1.90元+【活动支出】粉丝群:2.00元+【活动支出】饿了么红包:12.00元+【活动支出】替用户承担配送费:5.4元,-,-,-,8.00,温州区域,温州直营,,,否,-,平台配送
圣比萨（双塔店）,SBS00037,温州,"8039956088523534617	",饿了么,平台外卖,已完成,2025-10-21 17:18:09,2025-10-21 17:18:09,2025-10-21 17:18:09,饿了么支付-在线支付,,即时单,2025-10-21 17:18:09,10.22,自动出餐,1,否,"榴莲王披萨.-7英寸[{""name"":""规格"",""value"":""7英寸""}]（52.99*1）,餐盒（2.00*1）",榴莲王披萨,,,,非会员,11,,,3份餐具,,52.99,19.34,27.09,0.00,0,0,2.61,0.00,3.90,【活动支出】单品特价:19.09元+【活动支出】饿了么红包:8.00元+【活动支出】替用户承担配送费:3.9元,-,-,-,2.00,温州区域,温州直营,,,否,-,平台配送
圣比萨（双塔店）,SBS00037,温州,"8055546088522534394	",饿了么,平台外卖,已完成,2025-10-21 17:23:13,2025-10-21 17:23:13,2025-10-21 17:23:13,饿了么支付-在线支付,,即时单,2025-10-21 17:23:13,10.20,自动出餐,1,否,"任选披萨7选1+小吃6选1+饮品[碳烤鸡肉培根7英寸+地道肠1根+小可乐]（70.00*1）,餐盒（2.00*1）",碳烤鸡肉培根披萨【7英寸(手拍)】+地道肠【1根】+小可乐,,,,非会员,12,,,依据餐量提供餐具,,70.00,16.65,47.10,0.00,0,0,2.30,0.00,3.90,【活动支出】单品特价:38.10元+【活动支出】粉丝群:2.00元+【活动支出】饿了么红包:7.00元+【活动支出】替用户承担配送费:3.9元,-,-,-,2.00,温州区域,温州直营,,,否,-,平台配送
圣比萨（双塔店）,SBS00037,温州,"8014280254672514509	",饿了么,平台外卖,已完成,2025-10-21 17:25:49,2025-10-21 17:25:49,2025-10-21 17:25:49,饿了么支付-在线支付,,即时单,2025-10-21 17:25:49,10.07,自动出餐,1,否,"番茄牛肉意面（52.00*1）,餐盒（2.00*1）",番茄牛肉意面,,,,非会员,13,,,放门口鞋柜 / 依据餐量提供餐具,,52.00,11.88,35.10,0.00,0,0,1.67,0.00,3.90,【活动支出】单品特价:28.10元+【活动支出】饿了么红包:7.00元+【活动支出】替用户承担配送费:3.9元,-,-,-,2.00,温州区域,温州直营,,,否,-,平台配送
圣比萨（双塔店）,SBS00037,温州,"8018506088564266488	",饿了么,平台外卖,已完成,2025-10-21 17:26:09,2025-10-21 17:26:09,2025-10-21 17:26:09,饿了么支付-在线支付,,即时单,2025-10-21 17:26:09,10.18,自动出餐,1,否,"榴莲王披萨.-9英寸[{""name"":""规格"",""value"":""9英寸""}]（69.00*1）,餐盒（1.00*1）",榴莲王披萨,,,,非会员,14,,,无需餐具,,69.00,23.21,37.10,0.00,0,0,3.14,0.00,3.90,【活动支出】店铺满减:1.00元+【活动支出】单品特价:25.10元+【活动支出】粉丝群:2.00元+【活动支出】饿了么红包:9.00元+【活动支出】替用户承担配送费:3.9元,-,-,-,1.00,温州区域,温州直营,,,否,-,平台配送
圣比萨（双塔店）,SBS00037,温州,"8022300254570126609	",饿了么,平台外卖,已完成,2025-10-21 17:32:22,2025-10-21 17:32:22,2025-10-21 17:32:22,饿了么支付-在线支付,,即时单,2025-10-21 17:32:22,11.62,手动出餐,1,否,"新奥尔良烤鸡肉披萨7寸-拼团[{""name"":""规格"",""value"":""拼团""}]（20.60*1）",新奥尔良烤鸡肉披萨【7英寸(手拍)】,,,,非会员,15,,,依据餐量提供,,20.60,12.00,0.00,0.00,0,0,0.00,0.00,,【活动支出】拼团反圈活动:0.00元,-,-,-,0.00,温州区域,温州直营,,,否,-,平台配送
圣比萨（双塔店）,SBS00037,温州,"8087906088548906473	",饿了么,平台外卖,已完成,2025-10-21 17:34:38,2025-10-21 17:34:38,2025-10-21 17:34:39,饿了么支付-在线支付,,即时单,2025-10-21 17:34:38,12.10,自动出餐,1,否,手握三选一-单点[奥尔良]（20.00*1）,奥尔良风情烤鸡肉一人食盒子披萨,,,,非会员,16,,,依据餐量提供餐具,,20.00,10.00,0.00,0.00,0,0,0.00,0.00,,【活动支出】拼团反圈活动:0.00元,-,-,-,0.00,温州区域,温州直营,,,否,-,平台配送
圣比萨（双塔店）,SBS00037,温州,"8087906088548978119	",饿了么,平台外卖,已完成,2025-10-21 17:34:42,2025-10-21 17:34:42,2025-10-21 17:34:42,饿了么支付-在线支付,,即时单,2025-10-21 17:34:42,10.70,手动出餐,1,否,番茄牛肉意面-单点（22.59*1）,番茄牛肉意面,,,,非会员,17,,,依据餐量提供餐具,,22.59,12.59,0.00,0.00,0,0,0.00,0.00,,【活动支出】拼团反圈活动:0.00元,-,-,-,0.00,温州区域,温州直营,,,否,-,平台配送
圣比萨（双塔店）,SBS00037,温州,"8050596088550171036	",饿了么,平台外卖,已完成,2025-10-21 17:35:41,2025-10-21 17:35:41,2025-10-21 17:35:42,饿了么支付-在线支付,,即时单,2025-10-21 17:35:41,9.53,手动出餐,1,否,"碳烤鸡肉培根披萨-7英寸[{""name"":""规格"",""value"":""7英寸""}]（45.99*1）,新奥尔良烤鸡肉披萨-7英寸[{""name"":""规格"",""value"":""7英寸""}]（39.00*1）,餐盒（4.00*1）",碳烤鸡肉培根披萨+新奥尔良烤鸡肉披萨,,,,非会员,18,,,依据餐量提供餐具,,84.99,32.05,42.19,0.00,0,0,4.60,0.00,6.00,【活动支出】店铺满减:1.00元+【活动支出】单品特价:20.09元+【活动支出】单品特价:16.10元+【活动支出】饿了么红包:5.00元+【活动支出】替用户承担配送费:6.0元,-,-,-,4.00,温州区域,温州直营,,,否,-,平台配送
圣比萨（双塔店）,SBS00037,温州,"8074986088565648739	",饿了么,平台外卖,已完成,2025-10-21 17:41:51,2025-10-21 17:41:51,2025-10-21 17:41:51,饿了么支付-在线支付,,即时单,2025-10-21 17:41:51,12.23,自动出餐,1,否,"新奥尔良烤鸡肉披萨-7英寸[{""name"":""规格"",""value"":""7英寸""}]（39.00*1）,餐盒（2.00*1）",新奥尔良烤鸡肉披萨,,,,非会员,19,,,到了放门口就行，不要打电话 / 依据餐量提供餐具,,39.00,7.79,23.10,0.00,0,0,1.56,0.00,7.20,【活动支出】单品特价:16.10元+【活动支出】 商家自营销加码:2.00元+【活动支出】饿了么红包:5.00元+【活动支出】替用户承担配送费:6.0元,-,-,-,2.00,温州区域,温州直营,,,否,-,平台配送
圣比萨（双塔店）,SBS00037,温州,"8056856088587097432	",饿了么,平台外卖,已完成,2025-10-21 17:42:37,2025-10-21 17:42:37,2025-10-21 17:42:37,饿了么支付-在线支付,,即时单,2025-10-21 17:42:37,11.52,手动出餐,1,否,"披萨意面双人套餐[缤纷水果披萨7英寸+碳烧鸡肉芝士焗饭+明星小食桶B+芒果汁+柠檬茶]（128.00*1）,餐盒（2.00*1）",缤纷水果披萨【7英寸(手拍)】+碳烤鸡肉芝士焗饭+明星小食桶B+芒果汁+柠檬茶,,,,非会员,20,,,依据餐量提供餐具,,128.00,36.92,79.10,0.00,0,0,5.03,0.00,3.90,【活动支出】店铺满减:6.00元+【活动支出】单品特价:59.10元+【活动支出】粉丝群:2.00元+【活动支出】饿了么红包:12.00元+【活动支出】替用户承担配送费:3.9元,-,-,-,2.00,温州区域,温州直营,,,否,-,平台配送
圣比萨（双塔店）,SBS00037,温州,"8055280254583684485	",饿了么,平台外卖,已完成,2025-10-21 18:00:02,2025-10-21 18:00:02,2025-10-21 18:00:02,饿了么支付-在线支付,,即时单,2025-10-21 18:00:02,12.20,自动出餐,1,否,"任选披萨7选1+小吃6选1+饮品[缤纷水果披萨7英寸+金丝鸡排+小可乐]（70.00*1）,餐盒（2.00*1）",缤纷水果披萨【7英寸(手拍)】+金丝鸡排+小可乐,,,,非会员,21,,,依据餐量提供餐具,,70.00,18.44,45.10,0.00,0,0,2.51,0.00,4.40,【活动支出】单品特价:38.10元+【活动支出】饿了么红包:7.00元+【活动支出】替用户承担配送费:4.4元,-,-,-,2.00,温州区域,温州直营,,,否,-,平台配送
圣比萨（双塔店）,SBS00037,温州,"8055926088547594693	",饿了么,平台外卖,已完成,2025-10-21 18:01:27,2025-10-21 18:01:27,2025-10-21 18:01:27,饿了么支付-在线支付,,即时单,2025-10-21 18:01:27,12.12,自动出餐,1,否,"奥尔良烤翅（14.88*1）,任选披萨7选1+小吃6选1+饮品[缤纷水果披萨7英寸+上校鸡块4个+柠檬茶]（70.00*1）,餐盒（3.00*1）",奥尔良烤翅+缤纷水果披萨【7英寸(手拍)】+上校鸡块+柠檬茶,,,,非会员,22,,,2份餐具,,84.88,25.21,52.08,0.00,0,0,3.44,0.00,3.90,【活动支出】店铺满减:1.00元+【活动支出】单品特价:1.98元+【活动支出】单品特价:38.10元+【活动支出】粉丝群:2.00元+【活动支出】饿了么红包:9.00元+【活动支出】替用户承担配送费:3.9元,-,-,-,3.00,温州区域,温州直营,,,否,-,平台配送
圣比萨（双塔店）,SBS00037,温州,"8088946088564589881	",饿了么,平台外卖,已完成,2025-10-21 18:08:20,2025-10-21 18:08:20,2025-10-21 18:08:20,饿了么支付-在线支付,,即时单,2025-10-21 18:08:20,10.32,手动出餐,1,否,"新奥尔良烤鸡肉披萨-7英寸[{""name"":""规格"",""value"":""7英寸""}]（39.00*1）,餐盒（2.00*1）",新奥尔良烤鸡肉披萨,,,,非会员,23,,,依据餐量提供餐具,,39.00,14.85,16.10,0.00,0,0,2.30,0.00,6.00,【活动支出】单品特价:16.10元+【活动支出】替用户承担配送费:6.0元,-,-,-,2.00,温州区域,温州直营,,,否,-,平台配送
圣比萨（双塔店）,SBS00037,温州,"8037070254782552422	",饿了么,平台外卖,已完成,2025-10-21 18:11:20,2025-10-21 18:11:20,2025-10-21 18:11:20,饿了么支付-在线支付,,即时单,2025-10-21 18:11:20,7.35,手动出餐,1,否,"新奥尔良烤鸡肉披萨-7英寸[{""name"":""规格"",""value"":""7英寸""}]（39.00*1）,柠檬茶[冷]（6.00*1）,餐盒（3.00*1）",新奥尔良烤鸡肉披萨+柠檬茶,,,,非会员,24,,,依据餐量提供餐具,,45.00,18.35,21.20,0.00,0,0,2.50,0.00,3.90,【活动支出】单品特价:16.10元+【活动支出】单品特价:0.10元+【活动支出】饿了么红包:5.00元+【活动支出】替用户承担配送费:3.9元,-,-,-,3.00,温州区域,温州直营,,,否,-,平台配送
圣比萨（双塔店）,SBS00037,温州,"8088370254598519254	",饿了么,平台外卖,已完成,2025-10-21 18:15:07,2025-10-21 18:15:07,2025-10-21 18:15:07,饿了么支付-在线支付,,即时单,2025-10-21 18:15:07,7.15,手动出餐,1,否,"玉米沙拉披萨-7英寸[{""name"":""规格"",""value"":""7英寸""}]（40.00*1）,餐盒（2.00*1）",玉米沙拉披萨,,,,非会员,25,,,依据餐量提供餐具,,40.00,11.88,23.10,0.00,0,0,1.67,0.00,3.90,【活动支出】单品特价:14.10元+【活动支出】 商家自营销加码:2.00元+【活动支出】粉丝群:2.00元+【活动支出】饿了么红包:5.00元+【活动支出】替用户承担配送费:3.9元,-,-,-,2.00,温州区域,温州直营,,,否,-,平台配送
圣比萨（双塔店）,SBS00037,温州,"8089030254782206257	",饿了么,平台外卖,已完成,2025-10-21 18:21:43,2025-10-21 18:21:43,2025-10-21 18:21:43,饿了么支付-在线支付,,即时单,2025-10-21 18:21:43,8.40,手动出餐,1,否,"任选焗饭4选1+小吃5选1+饮品[碳烤鸡肉芝士焗饭+地道肠1根+小可乐]（61.00*1）,点击右上角❤️收藏得小吃[上校鸡块1个]（2.00*2）,餐盒（4.00*1）",碳烤鸡肉芝士焗饭+地道肠【1根】+小可乐+上校鸡块1个,,,,非会员,26,,,依据餐量提供餐具,,65.00,19.72,40.00,0.00,0,0,2.73,0.00,3.90,【活动支出】店铺满减:1.00元+【活动支出】单品特价:29.10元+【活动支出】单品特价:1.90元+【活动支出】饿了么红包:8.00元+【活动支出】替用户承担配送费:3.9元,-,-,-,4.00,温州区域,温州直营,,,否,-,平台配送
圣比萨（双塔店）,SBS00037,温州,"8008816088562024838	",饿了么,平台外卖,已完成,2025-10-21 18:22:34,2025-10-21 18:22:34,2025-10-21 18:22:34,饿了么支付-在线支付,,即时单,2025-10-21 18:22:34,7.37,手动出餐,1,否,"7英寸披萨一人食土豪餐[奥尔良鸡肉披萨7英寸+地道肠1根+深海墨鱼丸3个+小可乐]（66.00*1）,餐盒（2.00*1）",新奥尔良烤鸡肉披萨【7英寸(手拍)】+地道肠【1根】+深海墨鱼丸3个+小可乐,,,,非会员,27,,,依据餐量提供餐具,,66.00,19.63,39.10,0.00,0,0,2.72,0.00,3.90,【活动支出】单品特价:31.10元+【活动支出】饿了么红包:8.00元+【活动支出】替用户承担配送费:3.9元,-,-,-,2.00,温州区域,温州直营,,,否,-,平台配送
圣比萨（双塔店）,SBS00037,温州,"8059010254709368306	",饿了么,平台外卖,已完成,2025-10-21 18:59:24,2025-10-21 18:59:24,2025-10-21 18:59:24,饿了么支付-在线支付,,即时单,2025-10-21 18:59:24,8.98,手动出餐,1,否,"榴莲王披萨.-7英寸[{""name"":""规格"",""value"":""7英寸""}]（52.99*1）,餐盒（2.00*1）",榴莲王披萨,,,,非会员,28,,,"对骑手, 不要打电话，放门口鞋柜上，不要放地上 / 依据餐量提供餐具",,52.99,19.63,26.09,0.00,0,0,2.72,0.00,3.90,【活动支出】单品特价:19.09元+【活动支出】饿了么红包:7.00元+【活动支出】替用户承担配送费:3.9元,-,-,-,2.00,温州区域,温州直营,,,否,-,平台配送
圣比萨（双塔店）,SBS00037,温州,"8048856088590584159	",饿了么,平台外卖,已完成,2025-10-21 19:23:05,2025-10-21 19:23:05,2025-10-21 19:23:05,饿了么支付-在线支付,,即时单,2025-10-21 19:23:05,8.28,手动出餐,1,否,"金牌芝士披萨7英寸[7英寸]（42.99*1）,餐盒（2.00*1）",金牌芝士披萨【7英寸(手拍)】,,,,非会员,29,,,依据餐量提供餐具,,42.99,11.88,25.09,0.00,0,0,1.77,0.00,4.90,【活动支出】单品特价:19.09元+【活动支出】 商家自营销加码:2.00元+【活动支出】饿了么红包:4.00元+【活动支出】替用户承担配送费:4.9元,-,-,-,2.00,温州区域,温州直营,,,否,-,平台配送
圣比萨（双塔店）,SBS00037,温州,"8098480254721233211	",饿了么,平台外卖,已完成,2025-10-21 19:32:16,2025-10-21 19:32:16,2025-10-21 19:32:16,饿了么支付-在线支付,,即时单,2025-10-21 19:32:16,10.12,自动出餐,1,否,手握三选一-单点[奥尔良]（20.00*1）,奥尔良风情烤鸡肉一人食盒子披萨,,,,非会员,30,,,依据餐量提供餐具,,20.00,10.00,0.00,0.00,0,0,0.00,0.00,,【活动支出】爆品团通吃券:0.00元,-,-,-,0.00,温州区域,温州直营,,,否,-,平台配送
圣比萨（双塔店）,SBS00037,温州,"8029816088599457042	",饿了么,平台外卖,已完成,2025-10-21 19:49:32,2025-10-21 19:49:32,2025-10-21 19:49:32,饿了么支付-在线支付,,即时单,2025-10-21 19:49:32,9.45,手动出餐,1,否,"芝士焗榴莲（36.88*1）,榴莲王披萨.-7英寸[{""name"":""规格"",""value"":""7英寸""}]（52.99*1）,餐盒（3.00*1）",芝士焗榴莲+榴莲王披萨,,,,非会员,31,,,依据餐量提供餐具,,89.87,38.92,39.07,0.00,0,0,5.33,0.00,4.40,【活动支出】店铺满减:6.00元+【活动支出】单品特价:1.98元+【活动支出】单品特价:19.09元+【活动支出】饿了么红包:12.00元+【活动支出】替用户承担配送费:4.4元,-,-,-,3.00,温州区域,温州直营,,,否,-,平台配送
圣比萨（双塔店）,SBS00037,温州,"8023070254830546329	",饿了么,平台外卖,已完成,2025-10-21 19:52:56,2025-10-21 19:52:56,2025-10-21 19:52:56,饿了么支付-在线支付,,即时单,2025-10-21 19:52:56,7.92,手动出餐,1,否,7寸日系照烧鸡披萨-单点（22.00*1）,日系照烧鸡披萨【7英寸(手拍)】,,,,非会员,32,,,依据餐量提供餐具,,22.00,12.00,0.00,0.00,0,0,0.00,0.00,,【活动支出】拼团反圈活动:0.00元,-,-,-,0.00,温州区域,温州直营,,,否,-,平台配送
圣比萨（双塔店）,SBS00037,温州,"8026836088606666187	",饿了么,平台外卖,已完成,2025-10-21 20:03:06,2025-10-21 20:03:06,2025-10-21 20:03:06,饿了么支付-在线支付,,即时单,2025-10-21 20:03:06,8.47,手动出餐,1,否,【买一送一】买披萨送披萨[海苔肉松披萨7英寸+碳烤鸡肉培根7英寸]（86.80*1）,海苔肉松披萨【7英寸(手拍)】+碳烤鸡肉培根披萨【7英寸(手拍)】,,,,非会员,33,,,依据餐量提供餐具,,86.80,22.32,54.90,0.00,0,0,3.03,0.00,4.40,【活动支出】单品特价:54.90元+【活动支出】替用户承担配送费:4.4元,-,-,-,0.00,温州区域,温州直营,,,否,-,平台配送
圣比萨（双塔店）,SBS00037,温州,"8023150254661478701	",饿了么,平台外卖,已完成,2025-10-21 20:36:05,2025-10-21 20:36:05,2025-10-21 20:36:05,饿了么支付-在线支付,,即时单,2025-10-21 20:36:05,9.08,手动出餐,1,否,"碳烤鸡肉培根披萨-7英寸[{""name"":""规格"",""value"":""7英寸""}]（45.99*1）,餐盒（2.00*1）",碳烤鸡肉培根披萨,,,,非会员,34,,,依据餐量提供餐具,,45.99,13.67,27.09,0.00,0,0,1.88,0.00,3.90,【活动支出】单品特价:20.09元+【活动支出】 商家自营销加码:2.00元+【活动支出】饿了么红包:5.00元+【活动支出】替用户承担配送费:3.9元,-,-,-,2.00,温州区域,温州直营,,,否,-,平台配送
圣比萨（双塔店）,SBS00037,温州,"8080836088617050438	",饿了么,平台外卖,已完成,2025-10-21 20:37:12,2025-10-21 20:37:12,2025-10-21 20:37:12,饿了么支付-在线支付,,即时单,2025-10-21 20:37:12,8.88,手动出餐,1,否,"榴莲王披萨.-7英寸[{""name"":""规格"",""value"":""7英寸""}]（52.99*1）,餐盒（2.00*1）",榴莲王披萨,,,,非会员,35,,,依据餐量提供餐具,,52.99,14.35,29.09,0.00,0,0,2.40,0.00,7.80,【活动支出】单品特价:19.09元+【活动支出】粉丝群:2.00元+【活动支出】饿了么红包:8.00元+【活动支出】替用户承担配送费:6.0元,-,-,-,2.00,温州区域,温州直营,,,否,-,平台配送
圣比萨（双塔店）,SBS00037,温州,"8015746088624438546	",饿了么,平台外卖,已完成,2025-10-21 20:47:15,2025-10-21 20:47:15,2025-10-21 20:47:15,饿了么支付-在线支付,,即时单,2025-10-21 20:47:15,8.63,手动出餐,1,否,"缤纷水果披萨-7英寸[{""name"":""规格"",""value"":""7英寸""}]（45.99*1）,餐盒（2.00*1）",缤纷水果披萨,,,,非会员,36,,,依据餐量提供餐具,,45.99,15.46,25.09,0.00,0,0,2.09,0.00,3.90,【活动支出】单品特价:20.09元+【活动支出】饿了么红包:5.00元+【活动支出】替用户承担配送费:3.9元,-,-,-,2.00,温州区域,温州直营,,,否,-,平台配送
圣比萨（双塔店）,SBS00037,温州,"8073300254762279193	",饿了么,平台外卖,已完成,2025-10-21 21:38:11,2025-10-21 21:38:11,2025-10-21 21:38:12,饿了么支付-在线支付,,即时单,2025-10-21 21:38:11,9.18,手动出餐,1,否,"榴莲王披萨.-7英寸[{""name"":""规格"",""value"":""7英寸""}]（52.99*1）,餐盒（2.00*1）",榴莲王披萨,,,,非会员,37,,,依据餐量提供餐具,,52.99,17.94,28.09,0.00,0,0,2.51,0.00,6.00,【活动支出】单品特价:19.09元+【活动支出】粉丝群:2.00元+【活动支出】饿了么红包:7.00元+【活动支出】替用户承担配送费:6.0元,-,-,-,2.00,温州区域,温州直营,,,否,-,平台配送
圣比萨（双塔店）,SBS00037,温州,"8073450254792392173	",饿了么,平台外卖,已完成,2025-10-21 21:57:22,2025-10-21 21:57:22,2025-10-21 21:57:22,饿了么支付-在线支付,,即时单,2025-10-21 21:57:22,10.17,自动出餐,1,否,"7英寸披萨一人食土豪单人餐[缤纷水果披萨7英寸+金丝鸡排+地道肠1根+港式奶茶]（70.00*1）,上校鸡块（11.88*1）,餐盒（2.00*1）",缤纷水果披萨【7英寸(手拍)】+金丝鸡排+地道肠【1根】+港式奶茶+上校鸡块,,,,非会员,38,,,对骑手  放门口拍照，谢谢！ / 依据餐量提供餐具,,81.88,20.83,53.08,0.00,0,0,2.92,0.00,6.00,【活动支出】店铺满减:1.00元+【活动支出】单品特价:37.10元+【活动支出】单品特价:5.98元+【活动支出】饿了么红包:9.00元+【活动支出】淘金币:0.00元+【活动支出】替用户承担配送费:6.0元,-,-,-,2.00,温州区域,温州直营,,,否,-,平台配送
圣比萨（双塔店）,SBS00037,温州,"8025430254869761503	",饿了么,平台外卖,已完成,2025-10-21 22:06:38,2025-10-21 22:06:38,2025-10-21 22:06:38,饿了么支付-在线支付,,即时单,2025-10-21 22:06:38,10.18,自动出餐,1,否,招牌肉酱芝士焗饭（52.00*1）,招牌肉酱芝士焗饭,,,,非会员,39,,,依据餐量提供餐具,,52.00,11.83,32.60,0.00,0,0,1.72,0.00,6.00,【活动支出】单品特价:32.60元+【活动支出】替用户承担配送费:6.0元,-,-,-,0.00,温州区域,温州直营,,,否,-,平台配送
圣比萨（双塔店）,SBS00037,温州,"8069280254804133232	",饿了么,平台外卖,已完成,2025-10-21 23:01:38,2025-10-21 23:01:38,2025-10-21 23:01:39,饿了么支付-在线支付,,即时单,2025-10-21 23:01:38,9.95,手动出餐,1,否,【买一送一】买披萨送披萨[奥尔良鸡肉披萨7英寸+缤纷水果披萨7英寸]（86.80*1）,新奥尔良烤鸡肉披萨【7英寸(手拍)】+缤纷水果披萨【7英寸(手拍)】,,,,非会员,40,,,依据餐量提供餐具,,86.80,20.02,54.90,0.00,0,0,3.03,0.00,8.70,【活动支出】单品特价:54.90元+【活动支出】替用户承担配送费:6.0元,-,-,-,0.00,温州区域,温州直营,,,否,-,平台配送
圣比萨（玉环沙门店）,SBM00034,台州,"8079010254449158416	",饿了么,平台外卖,已完成,2025-10-21 10:32:43,2025-10-21 10:32:43,2025-10-21 10:32:43,饿了么支付-在线支付,,即时单,2025-10-21 10:32:43,10.03,自动出餐,1,否,"【随心❤️拼】9英寸双拼披萨（口味自选）[日系照烧鸡+碳烤鸡肉培根]（41.90*1）,餐盒（2.00*1）",双拼9寸【日系照烧口味9】+双拼9寸【鸡肉培根口味9】,,,,非会员,1,,,2份餐具,,41.90,27.94,6.00,0.00,0,0,2.56,0.00,2.30,【活动支出】店铺满减:1.00元+【活动支出】饿了么红包:5.00元+【活动支出】替用户承担配送费:2.3元,-,-,-,2.00,台州区域,台州加盟,,,否,-,平台配送
圣比萨（玉环沙门店）,SBM00034,台州,"8090230254535169286	",饿了么,平台外卖,已完成,2025-10-21 10:35:16,2025-10-21 10:35:16,2025-10-21 10:35:16,饿了么支付-在线支付,,即时单,2025-10-21 10:35:16,10.20,自动出餐,1,否,番茄牛肉意面-单点（19.79*1）,番茄牛肉意面,,,,非会员,2,,,依据餐量提供餐具,,19.79,12.59,0.00,0.00,0,0,0.00,0.00,,【活动支出】拼团反圈活动:0.00元,-,-,-,0.00,台州区域,台州加盟,,,否,-,平台配送
圣比萨（玉环沙门店）,SBM00034,台州,"8068350254504665521	",饿了么,平台外卖,已完成,2025-10-21 11:12:28,2025-10-21 11:12:28,2025-10-21 11:12:29,饿了么支付-在线支付,,即时单,2025-10-21 11:12:28,12.18,自动出餐,1,否,"【任选】披萨随心配（32.80*1）,餐盒（2.00*1）",地道肠1根+不加一+碳烤鸡肉培根披萨(7英寸(手拍))+港式奶茶+不加一,,,,非会员,3,,,依据餐量提供餐具,,32.80,19.76,7.00,0.00,0,0,1.84,0.00,2.30,【活动支出】 商家自营销加码:2.00元+【活动支出】饿了么红包:5.00元+【活动支出】替用户承担配送费:2.3元,-,-,-,2.00,台州区域,台州加盟,,,否,-,平台配送
圣比萨（玉环沙门店）,SBM00034,台州,"8029170254610408882	",饿了么,平台外卖,已完成,2025-10-21 14:27:39,2025-10-21 14:27:39,2025-10-21 14:27:39,饿了么支付-在线支付,,即时单,2025-10-21 14:27:39,10.23,自动出餐,1,否,"新奥尔良烤鸡肉披萨-7英寸(手拍)[{""name"":""规格"",""value"":""7英寸(手拍)""}]（23.90*1）,点击右上角❤️收藏得小吃[墨鱼丸1个]（3.00*1）,蛋挞一个（原味）（3.90*1）,餐盒（3.00*1）",新奥尔良烤鸡肉披萨+深海墨鱼丸1个+蛋挞1个,,,,非会员,4,,,依据餐量提供餐具,,30.80,14.64,12.81,0.00,0,0,1.35,0.00,2.30,【活动支出】单品特价:2.90元+【活动支出】单品特价:2.91元+【活动支出】 商家自营销加码:2.00元+【活动支出】饿了么红包:5.00元+【活动支出】替用户承担配送费:2.3元,-,-,-,3.00,台州区域,台州加盟,,,否,-,平台配送
圣比萨（玉环沙门店）,SBM00034,台州,"8073020254603567503	",饿了么,平台外卖,已完成,2025-10-21 15:10:42,2025-10-21 15:10:42,2025-10-21 15:10:43,饿了么支付-在线支付,,即时单,2025-10-21 15:10:42,10.12,自动出餐,1,否,"新奥尔良烤鸡肉披萨-7英寸(手拍)[{""name"":""规格"",""value"":""7英寸(手拍)""}]（23.90*1）,酸奶多多流心卷边（7英寸）（4.90*1）,餐盒（2.00*1）",新奥尔良烤鸡肉披萨+酸奶多多流心卷边7,,,,非会员,5,,,1份餐具,,28.80,14.50,7.00,0.00,0,0,1.50,0.00,4.40,【活动支出】饿了么红包:7.00元+【活动支出】替用户承担配送费:4.4元,-,-,-,2.00,台州区域,台州加盟,,,否,-,平台配送
圣比萨（玉环沙门店）,SBM00034,台州,"8078210254622278019	",饿了么,平台外卖,已完成,2025-10-21 16:14:28,2025-10-21 16:14:28,2025-10-21 16:14:28,饿了么支付-在线支付,,即时单,2025-10-21 16:14:28,10.12,自动出餐,1,否,"花果山披萨-7英寸(手拍)[{""name"":""规格"",""value"":""7英寸(手拍)""}]（25.90*1）,蛋挞一个（原味）（3.90*1）,餐盒（2.50*1）",花果山披萨+蛋挞1个,,,,非会员,6,,,2份餐具,,29.80,14.79,9.91,0.00,0,0,1.40,0.00,3.30,【活动支出】单品特价:2.91元+【活动支出】饿了么红包:7.00元+【活动支出】替用户承担配送费:3.3元,-,-,-,2.50,台州区域,台州加盟,,,否,-,平台配送
圣比萨（玉环沙门店）,SBM00034,台州,"8019986088534619533	",饿了么,平台外卖,已完成,2025-10-21 16:29:54,2025-10-21 16:29:54,2025-10-21 16:29:55,饿了么支付-在线支付,,即时单,2025-10-21 16:29:54,10.18,自动出餐,1,否,"大圣招牌大满贯披萨-7英寸(手拍)[{""name"":""规格"",""value"":""7英寸(手拍)""}]（33.90*1）,奶酪芝士卷边（7英寸）（4.90*1）,餐盒（2.00*1）",大圣招牌大满贯披萨+奶酪芝士卷边7,,,,非会员,7,,,依据餐量提供餐具,,38.80,23.25,8.00,0.00,0,0,2.15,0.00,3.30,【活动支出】店铺满减:1.00元+【活动支出】饿了么红包:7.00元+【活动支出】替用户承担配送费:3.3元,-,-,-,2.00,台州区域,台州加盟,,,否,-,平台配送
圣比萨（玉环沙门店）,SBM00034,台州,"8056390254647417145	",饿了么,平台外卖,已完成,2025-10-21 16:41:25,2025-10-21 16:41:25,2025-10-21 16:41:25,饿了么支付-在线支付,,即时单,2025-10-21 16:41:25,10.08,自动出餐,1,否,番茄牛肉意面-单点（19.79*1）,番茄牛肉意面,,,,非会员,8,,,不要辣 / 1份餐具,,19.79,12.59,0.00,0.00,0,0,0.00,0.00,,【活动支出】拼团反圈活动:0.00元,-,-,-,0.00,台州区域,台州加盟,,,否,-,平台配送
圣比萨（玉环沙门店）,SBM00034,台州,"8002420254681340193	",饿了么,平台外卖,已完成,2025-10-21 17:43:44,2025-10-21 17:43:44,2025-10-21 17:43:44,饿了么支付-在线支付,,即时单,2025-10-21 17:43:44,12.15,自动出餐,1,否,"缤纷水果披萨-7英寸(手拍)[{""name"":""规格"",""value"":""7英寸(手拍)""}]（25.90*1）,餐盒（2.00*1）",缤纷水果披萨,,,,非会员,9,,,依据餐量提供餐具,,25.90,14.56,7.00,0.00,0,0,1.34,0.00,2.30,【活动支出】饿了么红包:7.00元+【活动支出】替用户承担配送费:2.3元,-,-,-,2.00,台州区域,台州加盟,,,否,-,平台配送
圣比萨（玉环沙门店）,SBM00034,台州,"8075380254667807161	",饿了么,平台外卖,已完成,2025-10-21 17:44:45,2025-10-21 17:44:45,2025-10-21 17:44:45,饿了么支付-在线支付,,即时单,2025-10-21 17:44:45,12.02,自动出餐,1,否,"【随心❤️拼】7英寸双拼披萨（口味自选）[碳烤鸡肉培根+缤纷水果]（26.90*1）,餐盒（2.00*1）",双拼7寸【碳烤鸡肉培根口味7】+双拼7寸【缤纷水果口味7】,,,,非会员,10,,,依据餐量提供餐具,,26.90,15.02,7.00,0.00,0,0,1.38,0.00,2.80,【活动支出】 商家自营销加码:2.00元+【活动支出】饿了么红包:5.00元+【活动支出】替用户承担配送费:2.8元,-,-,-,2.00,台州区域,台州加盟,,,否,-,平台配送
圣比萨（玉环沙门店）,SBM00034,台州,"8045666088562477380	",饿了么,平台外卖,已完成,2025-10-21 18:23:08,2025-10-21 18:23:08,2025-10-21 18:23:09,饿了么支付-在线支付,,即时单,2025-10-21 18:23:08,12.13,自动出餐,1,否,"【随心❤️拼】7英寸双拼披萨（口味自选）[新奥尔良烤鸡肉+玉米沙拉]（26.90*1）,奶酪芝士卷边（7英寸）（4.90*1）,餐盒（2.00*1）",双拼7寸【奥尔良口味7】+双拼7寸【玉米沙拉口味7】+奶酪芝士卷边7,,,,非会员,11,,,2份餐具,,31.80,18.29,7.00,0.00,0,0,1.71,0.00,3.30,【活动支出】 商家自营销加码:2.00元+【活动支出】饿了么红包:5.00元+【活动支出】替用户承担配送费:3.3元,-,-,-,2.00,台州区域,台州加盟,,,否,-,平台配送
圣比萨（玉环沙门店）,SBM00034,台州,"8037060254714782024	",饿了么,平台外卖,已完成,2025-10-21 18:32:07,2025-10-21 18:32:07,2025-10-21 18:32:07,饿了么支付-在线支付,,即时单,2025-10-21 18:32:07,12.02,自动出餐,1,否,"新奥尔良烤鸡肉披萨-7英寸(手拍)[{""name"":""规格"",""value"":""7英寸(手拍)""}]（23.90*1）,餐盒（2.00*1）",新奥尔良烤鸡肉披萨,,,,非会员,12,,,依据餐量提供餐具,,23.90,11.56,7.00,0.00,0,0,1.14,0.00,3.30,【活动支出】 商家自营销加码:2.00元+【活动支出】饿了么红包:5.00元+【活动支出】替用户承担配送费:3.3元,-,-,-,2.00,台州区域,台州加盟,,,否,-,平台配送
圣比萨（玉环沙门店）,SBM00034,台州,"8025986088582477120	",饿了么,平台外卖,已完成,2025-10-21 18:37:17,2025-10-21 18:37:17,2025-10-21 18:37:18,饿了么支付-在线支付,,即时单,2025-10-21 18:37:17,12.12,自动出餐,1,否,"碳烤鸡肉培根披萨-7英寸(手拍)[{""name"":""规格"",""value"":""7英寸(手拍)""}]（25.90*1）,餐盒（2.00*1）",碳烤鸡肉培根披萨,,,,非会员,13,,,依据餐量提供餐具,,25.90,13.60,7.00,0.00,0,0,1.30,0.00,2.80,【活动支出】 商家自营销加码:2.00元+【活动支出】饿了么红包:5.00元+【活动支出】替用户承担配送费:2.8元,-,-,-,2.00,台州区域,台州加盟,,,否,-,平台配送
圣比萨（玉环沙门店）,SBM00034,台州,"8022766088635660650	",饿了么,平台外卖,已完成,2025-10-21 19:06:55,2025-10-21 19:06:55,2025-10-21 19:06:55,饿了么支付-在线支付,,即时单,2025-10-21 19:06:55,12.10,自动出餐,1,否,"新奥尔良烤鸡肉披萨-7英寸(手拍)[{""name"":""规格"",""value"":""7英寸(手拍)""}]（23.90*1）,餐盒（2.00*1）",新奥尔良烤鸡肉披萨,,,,非会员,14,,,依据餐量提供餐具,,23.90,12.70,7.00,0.00,0,0,1.20,0.00,2.30,【活动支出】超级会员专享红包:5.00元+【活动支出】 商家自营销加码:2.00元+【活动支出】替用户承担配送费:2.3元,-,-,-,2.00,台州区域,台州加盟,,,否,-,平台配送
圣比萨（玉环沙门店）,SBM00034,台州,"8023816088610156977	",饿了么,平台外卖,已完成,2025-10-21 19:14:16,2025-10-21 19:14:16,2025-10-21 19:14:16,饿了么支付-在线支付,,即时单,2025-10-21 19:14:16,12.02,自动出餐,1,否,"新奥尔良烤鸡肉披萨-7英寸(手拍)[{""name"":""规格"",""value"":""7英寸(手拍)""}]（23.90*1）,点击右上角❤️收藏得小吃[上校鸡块2个]（3.00*1）,蛋挞一个（原味）（3.90*1）,餐盒（3.00*1）",新奥尔良烤鸡肉披萨+上校鸡块2个+蛋挞1个,,,,非会员,15,,,无需餐具,,30.80,13.99,12.81,0.00,0,0,1.30,0.00,3.30,【活动支出】单品特价:2.90元+【活动支出】单品特价:2.91元+【活动支出】饿了么红包:7.00元+【活动支出】替用户承担配送费:3.3元,-,-,-,3.00,台州区域,台州加盟,,,否,-,平台配送
圣比萨（玉环沙门店）,SBM00034,台州,"8008080254716239299	",饿了么,平台外卖,已完成,2025-10-21 19:16:53,2025-10-21 19:16:53,2025-10-21 19:16:54,饿了么支付-在线支付,,即时单,2025-10-21 19:16:53,12.20,自动出餐,1,否,"黑椒牛肉意面（30.90*1）,餐盒（2.00*1）",黑椒牛肉意面,,,,非会员,16,,,"放点辣椒 放点辣椒 放点辣椒 放点辣椒 放点辣椒放点辣椒, 对商家 / 依据餐量提供餐具",,30.90,18.60,7.00,0.00,0,0,1.70,0.00,2.30,【活动支出】 商家自营销加码:2.00元+【活动支出】饿了么红包:5.00元+【活动支出】替用户承担配送费:2.3元,-,-,-,2.00,台州区域,台州加盟,,,否,-,平台配送
圣比萨（玉环沙门店）,SBM00034,台州,"8069596088646774038	",饿了么,平台外卖,已完成,2025-10-21 20:10:25,2025-10-21 20:10:25,2025-10-21 20:10:26,饿了么支付-在线支付,,即时单,2025-10-21 20:10:25,10.07,自动出餐,1,否,"新奥尔良烤鸡肉披萨-7英寸(手拍)[{""name"":""规格"",""value"":""7英寸(手拍)""}]（23.90*1）,点击右上角❤️收藏得小吃[上校鸡块2个]（3.00*1）,餐盒（2.50*1）",新奥尔良烤鸡肉披萨+上校鸡块2个,,,,非会员,17,,,依据餐量提供餐具,,26.90,12.80,9.90,0.00,0,0,1.20,0.00,2.80,【活动支出】单品特价:2.90元+【活动支出】饿了么红包:7.00元+【活动支出】淘金币:0.00元+【活动支出】替用户承担配送费:2.8元,-,-,-,2.50,台州区域,台州加盟,,,否,-,平台配送
圣比萨（玉环沙门店）,SBM00034,台州,"8084030254838811043	",饿了么,平台外卖,已完成,2025-10-21 20:12:53,2025-10-21 20:12:53,2025-10-21 20:12:54,饿了么支付-在线支付,,即时单,2025-10-21 20:12:53,10.13,自动出餐,1,否,"【任选】披萨随心配（31.90*1）,餐盒（2.00*1）",地道肠1根+不加一+缤纷水果披萨(7英寸(手拍))+芒果汁+不加一,,,,非会员,18,,,依据餐量提供餐具,,31.90,19.86,6.00,0.00,0,0,1.84,0.00,2.30,【活动支出】饿了么红包:6.00元+【活动支出】替用户承担配送费:2.3元,-,-,-,2.00,台州区域,台州加盟,,,否,-,平台配送
圣比萨（玉环沙门店）,SBM00034,台州,"8016440254761182484	",饿了么,平台外卖,已完成,2025-10-21 20:24:54,2025-10-21 20:24:54,2025-10-21 20:24:54,饿了么支付-在线支付,,即时单,2025-10-21 20:24:54,10.02,自动出餐,1,否,"【随心❤️拼】7英寸双拼披萨（口味自选）[新奥尔良烤鸡肉+缤纷水果]（26.90*1）,缤纷芝士挞-香蕉味[{""name"":""规格"",""value"":""香蕉味""}]（5.90*1）,蛋挞一个（原味）（3.90*1）,餐盒（3.00*1）",双拼7寸【奥尔良口味7】+双拼7寸【缤纷水果口味7】+缤纷芝士挞+蛋挞1个,,,,非会员,19,,,无需餐具,,36.70,21.61,9.91,0.00,0,0,1.98,0.00,2.30,【活动支出】单品特价:2.91元+【活动支出】饿了么红包:7.00元+【活动支出】替用户承担配送费:2.3元,-,-,-,3.00,台州区域,台州加盟,,,否,-,平台配送
圣比萨（玉环沙门店）,SBM00034,台州,"8059410254744329496	",饿了么,平台外卖,已完成,2025-10-21 20:31:00,2025-10-21 20:31:00,2025-10-21 20:31:00,饿了么支付-在线支付,,即时单,2025-10-21 20:31:00,10.18,自动出餐,1,否,"新奥尔良烤鸡肉披萨-7英寸(手拍)[{""name"":""规格"",""value"":""7英寸(手拍)""}]（23.90*1）,餐盒（2.00*1）",新奥尔良烤鸡肉披萨,,,,非会员,20,,,依据餐量提供餐具,,23.90,12.70,7.00,0.00,0,0,1.20,0.00,2.30,【活动支出】饿了么红包:7.00元+【活动支出】替用户承担配送费:2.3元,-,-,-,2.00,台州区域,台州加盟,,,否,-,平台配送
圣比萨（玉环沙门店）,SBM00034,台州,"8061260254847786403	",饿了么,平台外卖,已完成,2025-10-21 20:45:34,2025-10-21 20:45:34,2025-10-21 20:45:34,饿了么支付-在线支付,,即时单,2025-10-21 20:45:34,10.13,自动出餐,1,否,"新奥尔良烤鸡肉披萨-7英寸(手拍)[{""name"":""规格"",""value"":""7英寸(手拍)""}]（23.90*1）,奶酪芝士卷边（7英寸）（4.90*1）,餐盒（2.00*1）",新奥尔良烤鸡肉披萨+奶酪芝士卷边7,,,,非会员,21,,,2份餐具,,28.80,16.65,7.00,0.00,0,0,1.55,0.00,2.30,【活动支出】饿了么红包:7.00元+【活动支出】替用户承担配送费:2.3元,-,-,-,2.00,台州区域,台州加盟,,,否,-,平台配送
圣比萨（玉环沙门店）,SBM00034,台州,"8074420254852080030	",饿了么,平台外卖,已完成,2025-10-21 20:59:19,2025-10-21 20:59:19,2025-10-21 20:59:19,饿了么支付-在线支付,,即时单,2025-10-21 20:59:19,10.13,自动出餐,1,否,"【任选】披萨随心配（50.70*1）,餐盒（2.00*1）",地道肠1根+芝士焗红薯泥+新奥尔良烤鸡肉披萨(7英寸(手拍))+小可乐+奥尔良烤翅,,,,非会员,22,,,3份餐具,,50.70,31.89,10.00,0.00,0,0,2.91,0.00,2.30,【活动支出】店铺满减:1.00元+【活动支出】饿了么红包:9.00元+【活动支出】替用户承担配送费:2.3元,-,-,-,2.00,台州区域,台州加盟,,,否,-,平台配送
圣比萨（玉环沙门店）,SBM00034,台州,"8065260254787518877	",饿了么,平台外卖,已完成,2025-10-21 21:56:43,2025-10-21 21:56:43,2025-10-21 21:56:43,饿了么支付-在线支付,,即时单,2025-10-21 21:56:43,10.20,自动出餐,1,否,"新奥尔良烤鸡肉披萨-7英寸(手拍)[{""name"":""规格"",""value"":""7英寸(手拍)""}]（23.90*1）,餐盒（2.00*1）",新奥尔良烤鸡肉披萨,,,,非会员,23,,,依据餐量提供餐具,,23.90,10.06,7.00,0.00,0,0,1.14,0.00,6.00,【活动支出】 商家自营销加码:2.00元+【活动支出】饿了么红包:5.00元+【活动支出】替用户承担配送费:6.0元,-,-,-,2.00,台州区域,台州加盟,,,否,-,平台配送
圣比萨（玉环沙门店）,SBM00034,台州,"8016400254774417770	",饿了么,平台外卖,已完成,2025-10-21 22:05:57,2025-10-21 22:05:57,2025-10-21 22:05:57,饿了么支付-在线支付,,即时单,2025-10-21 22:05:57,10.12,自动出餐,1,否,"【任选】买一送一7英寸披萨（51.70*1）,餐盒（2.00*1）",新奥尔良烤鸡肉披萨(7英寸(手拍))+日系照烧鸡披萨(7英寸(手拍)),,,,非会员,24,,,依据餐量提供餐具,,51.70,31.67,10.00,0.00,0,0,2.93,0.00,3.30,【活动支出】店铺满减:1.00元+【活动支出】饿了么红包:9.00元+【活动支出】替用户承担配送费:3.3元,-,-,-,2.00,台州区域,台州加盟,,,否,-,平台配送
圣比萨（欧洲城店）,SBS00001,温州,"8057886088190849524	",饿了么,平台外卖,已完成,2025-10-20 19:36:37,2025-10-20 19:36:37,2025-10-20 19:36:38,饿了么支付-在线支付,,预约单,2025-10-21 11:10:00,888.57,自动出餐,1,否,"榴莲王披萨-9英寸(手拍)[{""name"":""规格"",""value"":""9英寸(手拍)""}]（92.00*1）,经典薯条（18.00*1）,香烤鸡翅-4只[{""name"":""规格"",""value"":""4只""}]（30.00*1）,美式香骨鸡（8.90*1）,【随心❤️拼】7英寸披萨(口味自选）[培根鸡肉+浪漫威尼斯]（54.00*1）,餐盒（7.00*1）",榴莲王披萨+经典薯条+香烤鸡翅+美式香骨鸡+双拼7寸【碳烤鸡肉培根口味7】+双拼7寸【浪漫威尼斯口味7】,,,,非会员,1,,,2份餐具,,202.90,70.65,118.40,0.00,0,0,6.60,0.00,3.50,【活动支出】店铺满减:4.00元+【活动支出】单品特价:52.10元+【活动支出】单品特价:9.10元+【活动支出】单品特价:12.10元+【活动支出】单品特价:29.10元+【活动支出】饿了么红包:12.00元+【活动支出】替用户承担配送费:3.5元,-,-,-,7.00,温州区域,温州直营,,,否,-,平台配送
圣比萨（欧洲城店）,SBS00001,温州,"8096546088383611205	",饿了么,平台外卖,已完成,2025-10-21 10:44:40,2025-10-21 10:44:40,2025-10-21 10:44:40,饿了么支付-在线支付,,即时单,2025-10-21 10:44:40,10.07,自动出餐,1,否,"新奥尔良烤鸡肉披萨-7英寸[{""name"":""规格"",""value"":""7英寸""}]（58.00*1）,餐盒（2.00*1）",新奥尔良烤鸡肉披萨,,,,非会员,2,,,依据餐量提供餐具,,58.00,8.62,44.10,0.00,0,0,1.43,0.00,3.50,【活动支出】首次光顾立减:1.00元+【活动支出】单品特价:36.10元+【活动支出】饿了么红包:7.00元+【活动支出】替用户承担配送费:3.5元,-,-,-,2.00,温州区域,温州直营,,,否,-,平台配送
圣比萨（欧洲城店）,SBS00001,温州,"8065836088376141113	",饿了么,平台外卖,已完成,2025-10-21 11:00:25,2025-10-21 11:00:25,2025-10-21 11:00:25,饿了么支付-在线支付,,即时单,2025-10-21 11:00:25,10.08,自动出餐,1,否,"【任选】意面随心配（29.90*1）,餐盒（2.00*1）",芒果汁+不加一+地道肠1根+蛋挞1个+深海墨鱼丸2个+番茄牛肉意面+不加一,,,,非会员,3,,,依据餐量提供餐具,,29.90,14.62,10.00,0.00,0,0,1.43,0.00,3.50,【活动支出】首次光顾立减:1.00元+【活动支出】精准营销:2.00元+【活动支出】饿了么红包:7.00元+【活动支出】替用户承担配送费:3.5元,-,-,-,2.00,温州区域,温州直营,,,否,-,平台配送
圣比萨（欧洲城店）,SBS00001,温州,"8004766088341431635	",饿了么,平台外卖,已完成,2025-10-21 11:04:12,2025-10-21 11:04:12,2025-10-21 11:04:12,饿了么支付-在线支付,,即时单,2025-10-21 11:04:12,10.00,自动出餐,1,否,"【任选】意面随心配（29.90*1）,餐盒（2.00*1）",可乐+不加一+地道肠1根+深海墨鱼丸2个+盐酥鸡米花小份+招牌肉酱意面+不加一,,,,非会员,4,,,依据餐量提供餐具,,29.90,15.92,8.00,0.00,0,0,1.53,0.00,3.50,【活动支出】首次光顾立减:1.00元+【活动支出】饿了么红包:7.00元+【活动支出】替用户承担配送费:3.5元,-,-,-,2.00,温州区域,温州直营,,,否,-,平台配送
圣比萨（欧洲城店）,SBS00001,温州,"8000916088347939227	",饿了么,平台外卖,已完成,2025-10-21 11:11:52,2025-10-21 11:11:52,2025-10-21 11:11:52,饿了么支付-在线支付,,即时单,2025-10-21 11:11:52,10.05,自动出餐,1,否,"蛋挞一个（原味）（5.00*1）,番茄牛肉意面（52.00*1）,餐盒（2.00*1）",蛋挞1个+番茄牛肉意面,,,,非会员,5,,,放门口 不用按门铃 / 依据餐量提供餐具,,57.00,11.61,40.11,0.00,0,0,1.43,0.00,4.00,【活动支出】首次光顾立减:1.00元+【活动支出】单品特价:4.01元+【活动支出】单品特价:28.10元+【活动支出】饿了么红包:7.00元+【活动支出】替用户承担配送费:4.0元,-,-,-,2.00,温州区域,温州直营,,,否,-,平台配送
圣比萨（欧洲城店）,SBS00001,温州,"8043736088393504000	",饿了么,平台外卖,已完成,2025-10-21 11:15:09,2025-10-21 11:15:09,2025-10-21 11:15:09,饿了么支付-在线支付,,即时单,2025-10-21 11:15:09,7.33,手动出餐,1,否,"【任选】意面随心配（29.90*1）,餐盒（2.00*1）",可乐+不加一+地道肠1根+蛋挞1个+深海墨鱼丸2个+番茄牛肉意面+不加一,,,,非会员,6,,,依据餐量提供餐具,,29.90,13.62,11.00,0.00,0,0,1.43,0.00,3.50,【活动支出】首次光顾立减:1.00元+【活动支出】精准营销红包:3.00元+【活动支出】饿了么红包:7.00元+【活动支出】替用户承担配送费:3.5元,-,-,-,2.00,温州区域,温州直营,,,否,-,平台配送
圣比萨（欧洲城店）,SBS00001,温州,"8025526088391192044	",饿了么,平台外卖,已完成,2025-10-21 11:16:33,2025-10-21 11:16:33,2025-10-21 11:16:33,饿了么支付-在线支付,,即时单,2025-10-21 11:16:33,5.97,手动出餐,1,否,"芒果汁[常温]（10.00*1）,深海墨鱼丸-3个[{""name"":""规格"",""value"":""3个""}]（10.60*1）,招牌肉酱意面（52.00*1）,餐盒（3.00*1）",芒果汁+深海墨鱼丸+招牌肉酱意面,,,,非会员,7,,,骑手，餐品当面交接 / 依据餐量提供餐具,,72.60,14.60,52.80,0.00,0,0,1.45,0.00,4.00,【活动支出】店铺满减:1.00元+【活动支出】单品特价:4.00元+【活动支出】单品特价:4.70元+【活动支出】单品特价:28.10元+【活动支出】订单集点返红包:7.00元+【活动支出】饿了么红包:8.00元+【活动支出】淘金币:0.00元+【活动支出】替用户承担配送费:4.0元,-,-,-,3.00,温州区域,温州直营,,,否,-,平台配送
圣比萨（欧洲城店）,SBS00001,温州,"8004480254400738560	",饿了么,平台外卖,已完成,2025-10-21 11:18:30,2025-10-21 11:18:30,2025-10-21 11:18:31,饿了么支付-在线支付,,即时单,2025-10-21 11:18:30,9.65,手动出餐,1,否,手握三选一-单点[奥尔良]（20.00*1）,奥尔良风情烤鸡肉一人食盒子披萨,,,,非会员,8,,,依据餐量提供餐具,,20.00,10.00,0.00,0.00,0,0,0.00,0.00,,【活动支出】爆品团通吃券:0.00元,-,-,-,0.00,温州区域,温州直营,,,否,-,平台配送
圣比萨（欧洲城店）,SBS00001,温州,"8075340254530222413	",饿了么,平台外卖,已完成,2025-10-21 11:39:46,2025-10-21 11:39:46,2025-10-21 11:39:47,饿了么支付-在线支付,,即时单,2025-10-21 11:39:46,8.03,手动出餐,1,否,"蛋挞一个（原味）（5.00*1）,新奥尔良烤鸡肉披萨-7英寸[{""name"":""规格"",""value"":""7英寸""}]（58.00*1）,点击右上角❤️收藏得小吃[上校鸡块2个]（2.00*1）,餐盒（4.00*1）",蛋挞1个+新奥尔良烤鸡肉披萨+上校鸡块2个,,,,非会员,9,,,1份餐具,,65.00,11.71,50.01,0.00,0,0,1.43,0.00,3.50,【活动支出】首次光顾立减:1.00元+【活动支出】单品特价:4.01元+【活动支出】单品特价:36.10元+【活动支出】单品特价:1.90元+【活动支出】饿了么红包:7.00元+【活动支出】替用户承担配送费:3.5元,-,-,-,4.00,温州区域,温州直营,,,否,-,平台配送
圣比萨（欧洲城店）,SBS00001,温州,"8090110254625099109	",饿了么,平台外卖,已完成,2025-10-21 11:59:29,2025-10-21 11:59:29,2025-10-21 11:59:30,饿了么支付-在线支付,,即时单,2025-10-21 11:59:29,7.35,手动出餐,1,否,"【任选2件套】买一送一7英寸披萨[奥尔良鸡肉披萨7英寸+花果山披萨7英寸]（86.80*1）,餐盒（2.00*1）",新奥尔良烤鸡肉披萨【7英寸(手拍)】+花果山披萨【7英寸(手拍)】,,,,非会员,10,,,依据餐量提供餐具,,86.80,23.60,55.30,0.00,0,0,2.25,0.00,3.50,【活动支出】店铺满减:1.00元+【活动支出】首次光顾立减:1.00元+【活动支出】单品特价:46.30元+【活动支出】吃货豆兑换的商家券:5.00元+【活动支出】 商家自营销加码:2.00元+【活动支出】替用户承担配送费:3.5元,-,-,-,2.00,温州区域,温州直营,,,否,-,平台配送
圣比萨（欧洲城店）,SBS00001,温州,"8084350254556610015	",饿了么,平台外卖,已完成,2025-10-21 12:17:05,2025-10-21 12:17:05,2025-10-21 12:17:05,饿了么支付-在线支付,,即时单,2025-10-21 12:17:05,6.40,手动出餐,1,否,"【任选】意面随心配（35.80*1）,餐盒（2.00*1）",可乐+金丝鸡排+地道肠1根+蛋挞1个+深海墨鱼丸2个+招牌肉酱意面+不加一,,,,非会员,11,,,依据餐量提供餐具,,35.80,17.70,11.00,0.00,0,0,1.75,0.00,4.50,【活动支出】首次光顾立减:1.00元+【活动支出】粉丝群:3.00元+【活动支出】饿了么红包:7.00元+【活动支出】替用户承担配送费:4.5元,-,-,-,2.00,温州区域,温州直营,,,否,-,平台配送
圣比萨（欧洲城店）,SBS00001,温州,"8028506088484397457	",饿了么,平台外卖,已完成,2025-10-21 12:47:20,2025-10-21 12:47:20,2025-10-21 12:47:20,饿了么支付-在线支付,,即时单,2025-10-21 12:47:20,10.00,自动出餐,1,否,"碳烤鸡肉培根披萨-9英寸(手拍)[{""name"":""规格"",""value"":""9英寸(手拍)""}]（78.00*1）,咸蛋黄风味流沙卷边（9英寸）（5.90*1）,餐盒（2.00*1）",碳烤鸡肉培根披萨+咸蛋黄流沙卷边9,,,,非会员,12,,,依据餐量提供餐具,,83.90,22.63,54.10,0.00,0,0,2.12,0.00,3.50,【活动支出】店铺满减:1.00元+【活动支出】单品特价:44.10元+【活动支出】饿了么红包:9.00元+【活动支出】替用户承担配送费:3.5元,-,-,-,2.00,温州区域,温州直营,,,否,-,平台配送
圣比萨（欧洲城店）,SBS00001,温州,"8035836088422475112	",饿了么,平台外卖,已完成,2025-10-21 12:57:34,2025-10-21 12:57:34,2025-10-21 12:57:34,饿了么支付-在线支付,,即时单,2025-10-21 12:57:34,7.70,手动出餐,1,否,手握三选一-单点[奥尔良]（20.00*1）,奥尔良风情烤鸡肉一人食盒子披萨,,,,非会员,13,,,依据餐量提供餐具,,20.00,10.00,0.00,0.00,0,0,0.00,0.00,,【活动支出】爆品团通吃券:0.00元,-,-,-,0.00,温州区域,温州直营,,,否,-,平台配送
圣比萨（欧洲城店）,SBS00001,温州,"8056110254471945606	",饿了么,平台外卖,已完成,2025-10-21 13:03:39,2025-10-21 13:03:39,2025-10-21 13:03:40,饿了么支付-在线支付,,即时单,2025-10-21 13:03:39,8.08,手动出餐,1,否,"点击右上角❤️收藏得小吃[墨鱼丸1个]（2.00*1）,招牌肉酱意面（52.00*1）,【任选】一人食盒子披萨4选1-新奥尔良烤鸡肉一人食盒子披萨[{""name"":""规格"",""value"":""新奥尔良烤鸡肉一人食盒子披萨""}]（9.90*1）,餐盒（3.00*1）",深海墨鱼丸1个+招牌肉酱意面+奥尔良风情烤鸡肉一人食盒子披萨,,,,非会员,14,,,麻烦面多一点谢谢 / 依据餐量提供餐具,,63.90,16.84,42.00,0.00,0,0,1.61,0.00,4.00,【活动支出】单品特价:1.90元+【活动支出】首次光顾立减:1.00元+【活动支出】单品特价:28.10元+【活动支出】精准营销红包:3.00元+【活动支出】饿了么红包:8.00元+【活动支出】替用户承担配送费:4.0元,-,-,-,3.00,温州区域,温州直营,,,否,-,平台配送
圣比萨（欧洲城店）,SBS00001,温州,"8067070254593639711	",饿了么,平台外卖,已完成,2025-10-21 13:40:42,2025-10-21 13:40:42,2025-10-21 13:40:42,饿了么支付-在线支付,,即时单,2025-10-21 13:40:42,3.57,手动出餐,1,否,"番茄牛肉意面（52.00*1）,餐盒（1.00*1）",番茄牛肉意面,,,,非会员,15,,,依据餐量提供餐具,,52.00,16.84,28.10,0.00,0,0,1.61,0.00,3.50,【活动支出】单品特价:28.10元+【活动支出】替用户承担配送费:3.5元,-,-,-,1.00,温州区域,温州直营,,,否,-,平台配送
圣比萨（欧洲城店）,SBS00001,温州,"8025310254674534668	",饿了么,平台外卖,已退款,2025-10-21 13:56:17,2025-10-21 13:56:17,2025-10-21 13:56:17,饿了么支付-在线支付,,即时单,2025-10-21 13:56:17,10.05,自动出餐,1,否,"奶酪芝士卷边（7英寸）（4.90*1）,【任选2件套】买一送一7英寸披萨[海苔肉松披萨7英寸+圣比招牌披萨7英寸]（86.80*1）,餐盒（2.00*1）",奶酪芝士卷边7+海苔肉松披萨【7英寸(手拍)】+大圣招牌大满贯披萨【7英寸(手拍)】,,,,非会员,16,,,无需餐具,订单强制无效（商家主动取消已接订单、用户1分钟内取消),91.70,-6.62,53.30,35.40,0,0,2.77,0.00,3.50,【活动支出】店铺满减:1.00元+【活动支出】首次光顾立减:1.00元+【活动支出】单品特价:46.30元+【活动支出】饿了么红包:5.00元+【活动支出】替用户承担配送费:3.5元,-,-,-,2.00,温州区域,温州直营,,,否,-,平台配送
圣比萨（欧洲城店）,SBS00001,温州,"8047746088509911303	",饿了么,平台外卖,已完成,2025-10-21 14:05:50,2025-10-21 14:05:50,2025-10-21 14:05:50,饿了么支付-在线支付,,即时单,2025-10-21 14:05:50,7.90,手动出餐,1,否,手握三选一-单点[奥尔良]（20.00*1）,奥尔良风情烤鸡肉一人食盒子披萨,,,,非会员,17,,,依据餐量提供餐具,,20.00,10.00,0.00,0.00,0,0,0.00,0.00,,【活动支出】拼团反圈活动:0.00元,-,-,-,0.00,温州区域,温州直营,,,否,-,平台配送
圣比萨（欧洲城店）,SBS00001,温州,"8018956088486393261	",饿了么,平台外卖,已完成,2025-10-21 15:06:56,2025-10-21 15:06:56,2025-10-21 15:06:57,饿了么支付-在线支付,,预约单,2025-10-21 17:30:00,98.28,自动出餐,1,否,"点击右上角❤️收藏得小吃[上校鸡块2个]（2.00*1）,【随心❤️拼】9英寸披萨(口味自选）[水果+培根鸡肉]（80.00*1）,餐盒（3.00*1）",上校鸡块2个+双拼9寸【缤纷水果口味9】+双拼9寸【鸡肉培根口味9】,,,,非会员,18,,,依据餐量提供餐具,,82.00,17.40,60.00,0.00,0,0,1.65,0.00,3.50,【活动支出】单品特价:1.90元+【活动支出】店铺满减:1.00元+【活动支出】首次光顾立减:1.00元+【活动支出】单品特价:45.10元+【活动支出】 商家自营销加码:0.00元+【活动支出】精准营销红包:3.00元+【活动支出】饿了么红包:8.00元+【活动支出】替用户承担配送费:3.5元,-,-,-,3.00,温州区域,温州直营,,,否,-,平台配送
圣比萨（欧洲城店）,SBS00001,温州,"8038020254706621777	",饿了么,平台外卖,已完成,2025-10-21 15:49:48,2025-10-21 15:49:48,2025-10-21 15:49:48,饿了么支付-在线支付,,即时单,2025-10-21 15:49:48,10.15,自动出餐,1,否,"【随心❤️拼】7英寸披萨(口味自选）[日系照烧+浪漫威尼斯]（54.00*1）,餐盒（2.00*1）",双拼7寸【日系照烧口味7】+双拼7寸【浪漫威尼斯口味7】,,,,非会员,19,,,依据餐量提供餐具,,54.00,13.12,36.10,0.00,0,0,1.43,0.00,3.50,【活动支出】单品特价:29.10元+【活动支出】 商家自营销加码:2.00元+【活动支出】饿了么红包:5.00元+【活动支出】替用户承担配送费:3.5元,-,-,-,2.00,温州区域,温州直营,,,否,-,平台配送
圣比萨（欧洲城店）,SBS00001,温州,"8099300254524689752	",饿了么,平台外卖,已完成,2025-10-21 15:49:59,2025-10-21 15:49:59,2025-10-21 15:49:59,饿了么支付-在线支付,,即时单,2025-10-21 15:49:59,10.23,自动出餐,1,否,"缤纷水果披萨-7英寸(手拍)[{""name"":""规格"",""value"":""7英寸(手拍)""}]（42.00*1）",缤纷水果披萨,,,,非会员,20,,,依据餐量提供餐具,,42.00,11.52,23.70,0.00,0,0,1.43,0.00,3.50,【活动支出】单品特价:23.70元+【活动支出】替用户承担配送费:3.5元,-,-,-,0.00,温州区域,温州直营,,,否,-,平台配送
圣比萨（欧洲城店）,SBS00001,温州,"8099300254633932218	",饿了么,平台外卖,已完成,2025-10-21 15:50:37,2025-10-21 15:50:37,2025-10-21 15:50:37,饿了么支付-在线支付,,即时单,2025-10-21 15:50:37,10.10,自动出餐,1,否,招牌肉酱意面（52.00*1）,招牌肉酱意面,,,,非会员,21,,,依据餐量提供餐具,,52.00,13.62,31.60,0.00,0,0,1.43,0.00,3.50,【活动支出】单品特价:31.60元+【活动支出】替用户承担配送费:3.5元,-,-,-,0.00,温州区域,温州直营,,,否,-,平台配送
圣比萨（欧洲城店）,SBS00001,温州,"8021886088483098047	",饿了么,平台外卖,已完成,2025-10-21 15:57:30,2025-10-21 15:57:30,2025-10-21 15:57:30,饿了么支付-在线支付,,即时单,2025-10-21 15:57:30,8.83,手动出餐,1,否,"新奥尔良烤鸡肉披萨-7英寸[{""name"":""规格"",""value"":""7英寸""}]（58.00*1）,餐盒（2.00*1）",新奥尔良烤鸡肉披萨,,,,非会员,22,,,依据餐量提供餐具,,58.00,9.12,44.10,0.00,0,0,1.43,0.00,3.50,【活动支出】首次光顾立减:1.00元+【活动支出】单品特价:36.10元+【活动支出】 商家自营销加码:2.00元+【活动支出】饿了么红包:5.00元+【活动支出】替用户承担配送费:3.5元,-,-,-,2.00,温州区域,温州直营,,,否,-,平台配送
圣比萨（欧洲城店）,SBS00001,温州,"8086616088511364415	",饿了么,平台外卖,已完成,2025-10-21 16:15:03,2025-10-21 16:15:03,2025-10-21 16:15:04,饿了么支付-在线支付,,即时单,2025-10-21 16:15:03,10.13,自动出餐,1,否,"圣比招牌披萨-9寸(经典手拍)[{""name"":""规格"",""value"":""9寸(经典手拍)""}]（78.00*1）,餐盒（2.00*1）",大圣招牌大满贯披萨,,,,非会员,23,,,放门口鞋柜上 / 依据餐量提供餐具,,78.00,23.18,48.10,0.00,0,0,2.17,0.00,3.50,【活动支出】店铺满减:1.00元+【活动支出】单品特价:38.10元+【活动支出】超级会员专享红包:5.00元+【活动支出】 商家自营销加码:2.00元+【活动支出】下单返红包:2.00元+【活动支出】替用户承担配送费:3.5元,-,-,-,2.00,温州区域,温州直营,,,否,-,平台配送
圣比萨（欧洲城店）,SBS00001,温州,"8069696088513127931	",饿了么,平台外卖,已完成,2025-10-21 16:17:14,2025-10-21 16:17:14,2025-10-21 16:17:14,饿了么支付-在线支付,,即时单,2025-10-21 16:17:14,10.03,自动出餐,1,否,"【任选】意面随心配（29.90*1）,餐盒（2.00*1）",港式奶茶+不加一+蛋挞1个+上校鸡块2个+深海墨鱼丸2个+番茄牛肉意面+不加一,,,,非会员,24,,,"对骑手, 不要打电话，拍照就行 / 依据餐量提供餐具",,29.90,13.32,10.00,0.00,0,0,1.43,0.00,5.60,【活动支出】首次光顾立减:1.00元+【活动支出】精准营销:2.00元+【活动支出】饿了么红包:7.00元+【活动支出】替用户承担配送费:5.6元,-,-,-,2.00,温州区域,温州直营,,,否,-,平台配送
圣比萨（欧洲城店）,SBS00001,温州,"8041936088495763723	",饿了么,平台外卖,已完成,2025-10-21 16:28:25,2025-10-21 16:28:25,2025-10-21 16:28:25,饿了么支付-在线支付,,即时单,2025-10-21 16:28:25,10.12,自动出餐,1,否,"港式奶茶[热]（10.00*1）,【中秋特惠】买一送一奥尔良烤翅（12.90*1）,碳烤鸡肉培根披萨-7英寸(手拍)[{""name"":""规格"",""value"":""7英寸(手拍)""}]（45.00*1）,餐盒（4.00*1）",港式奶茶+奥尔良烤翅+奥尔良烤翅+碳烤鸡肉培根披萨,,,,非会员,25,,,依据餐量提供餐具,,67.90,25.29,36.10,0.00,0,0,2.46,0.00,5.00,【活动支出】店铺满减:1.00元+【活动支出】首次光顾立减:1.00元+【活动支出】单品特价:2.00元+【活动支出】单品特价:21.10元+【活动支出】 商家自营销加码:0.00元+【活动支出】精准营销红包:3.00元+【活动支出】饿了么红包:8.00元+【活动支出】替用户承担配送费:5.0元,-,-,-,4.00,温州区域,温州直营,,,否,-,平台配送
圣比萨（欧洲城店）,SBS00001,温州,"8034350254544312738	",饿了么,平台外卖,已完成,2025-10-21 16:37:07,2025-10-21 16:37:07,2025-10-21 16:37:07,饿了么支付-在线支付,,即时单,2025-10-21 16:37:07,10.08,自动出餐,1,否,"新奥尔良烤鸡肉披萨-7英寸[{""name"":""规格"",""value"":""7英寸""}]（58.00*1）,红薯薯泥流心卷边（7英寸）（4.90*1）,餐盒（2.00*1）",新奥尔良烤鸡肉披萨+红薯泥流心卷边7,,,,非会员,26,,,依据餐量提供餐具,,62.90,15.02,43.10,0.00,0,0,1.43,0.00,3.50,【活动支出】单品特价:36.10元+【活动支出】饿了么红包:7.00元+【活动支出】替用户承担配送费:3.5元,-,-,-,2.00,温州区域,温州直营,,,否,-,平台配送
圣比萨（欧洲城店）,SBS00001,温州,"8044260254725161347	",饿了么,平台外卖,已完成,2025-10-21 16:44:56,2025-10-21 16:44:56,2025-10-21 16:44:56,饿了么支付-在线支付,,即时单,2025-10-21 16:44:56,7.65,手动出餐,1,否,"日系照烧鸡披萨-7英寸(手拍)[{""name"":""规格"",""value"":""7英寸(手拍)""}]（45.00*1）,餐盒（2.00*1）",日系照烧鸡披萨,,,,非会员,27,,,依据餐量提供餐具,,45.00,12.12,28.10,0.00,0,0,1.43,0.00,3.50,【活动支出】单品特价:21.10元+【活动支出】超级会员专享红包:5.00元+【活动支出】 商家自营销加码:2.00元+【活动支出】替用户承担配送费:3.5元,-,-,-,2.00,温州区域,温州直营,,,否,-,平台配送
圣比萨（欧洲城店）,SBS00001,温州,"8014490254548146544	",饿了么,平台外卖,已完成,2025-10-21 16:52:50,2025-10-21 16:52:50,2025-10-21 16:52:50,饿了么支付-在线支付,,即时单,2025-10-21 16:52:50,10.00,自动出餐,1,否,"新奥尔良烤鸡肉披萨-7英寸[{""name"":""规格"",""value"":""7英寸""}]（58.00*1）,餐盒（2.00*1）",新奥尔良烤鸡肉披萨,,,,非会员,28,,,依据餐量提供餐具,,58.00,10.12,43.10,0.00,0,0,1.43,0.00,3.50,【活动支出】单品特价:36.10元+【活动支出】 商家自营销加码:2.00元+【活动支出】饿了么红包:5.00元+【活动支出】替用户承担配送费:3.5元,-,-,-,2.00,温州区域,温州直营,,,否,-,平台配送
圣比萨（欧洲城店）,SBS00001,温州,"8083556088520077786	",饿了么,平台外卖,已完成,2025-10-21 16:53:10,2025-10-21 16:53:10,2025-10-21 16:53:11,饿了么支付-在线支付,,即时单,2025-10-21 16:53:10,9.25,手动出餐,1,否,手握三选一-单点[日式照烧]（20.00*1）,日式烧鸟风味一人食盒子披萨,,,,非会员,29,,,放门口 / 无需餐具,,20.00,10.00,0.00,0.00,0,0,0.00,0.00,,【活动支出】爆品团通吃券:0.00元,-,-,-,0.00,温州区域,温州直营,,,否,-,平台配送
圣比萨（欧洲城店）,SBS00001,温州,"8004440254556619116	",饿了么,平台外卖,已完成,2025-10-21 17:01:42,2025-10-21 17:01:42,2025-10-21 17:01:42,饿了么支付-在线支付,,即时单,2025-10-21 17:01:42,7.43,手动出餐,1,否,"【任选5件套】披萨意面我全都要[圣比招牌披萨7英寸+番茄牛肉意面+小食桶B+柠檬茶+港式奶茶]（128.00*1）,餐盒（2.00*1）",大圣招牌大满贯披萨【7英寸(手拍)】+番茄牛肉意面+明星小食桶B+柠檬茶+港式奶茶,,,,非会员,30,,,依据餐量提供餐具,,128.00,36.18,82.10,0.00,0,0,3.37,0.00,3.50,【活动支出】店铺满减:6.00元+【活动支出】单品特价:68.10元+【活动支出】饿了么红包:8.00元+【活动支出】替用户承担配送费:3.5元,-,-,-,2.00,温州区域,温州直营,,,否,-,平台配送
圣比萨（欧洲城店）,SBS00001,温州,"8050270254647880189	",饿了么,平台外卖,已完成,2025-10-21 17:16:10,2025-10-21 17:16:10,2025-10-21 17:16:10,饿了么支付-在线支付,,预约单,2025-10-21 20:20:00,138.90,自动出餐,1,否,"蛋挞一个（原味）（5.00*1）,点击右上角❤️收藏得小吃[上校鸡块2个]（2.00*2）,【任选】意面随心配（29.90*1）,餐盒（5.00*1）",蛋挞1个+上校鸡块2个+可乐+不加一+地道肠1根+上校鸡块2个+盐酥鸡米花小份+招牌肉酱意面+不加一,,,,非会员,31,,,1份餐具,,38.90,18.32,17.91,0.00,0,0,1.72,0.00,3.50,【活动支出】首次光顾立减:1.00元+【活动支出】单品特价:4.01元+【活动支出】单品特价:1.90元+【活动支出】粉丝群:3.00元+【活动支出】饿了么红包:8.00元+【活动支出】替用户承担配送费:3.5元,-,-,-,5.00,温州区域,温州直营,,,否,-,平台配送
圣比萨（欧洲城店）,SBS00001,温州,"8000896088555686387	",饿了么,平台外卖,已完成,2025-10-21 17:21:26,2025-10-21 17:21:26,2025-10-21 17:21:26,饿了么支付-在线支付,,即时单,2025-10-21 17:21:26,6.95,手动出餐,1,否,"榴莲王披萨-7英寸(经典手拍)[{""name"":""规格"",""value"":""7英寸(经典手拍)""}]（52.00*1）,餐盒（2.00*1）",榴莲王披萨,,,,非会员,32,,,放门口不用打电话 / 1份餐具,,52.00,16.06,31.10,0.00,0,0,1.49,0.00,3.50,【活动支出】单品特价:22.10元+【活动支出】精准营销:2.00元+【活动支出】饿了么红包:7.00元+【活动支出】替用户承担配送费:3.5元,-,-,-,2.00,温州区域,温州直营,,,否,-,平台配送
圣比萨（欧洲城店）,SBS00001,温州,"8095786088560066925	",饿了么,平台外卖,已完成,2025-10-21 17:24:31,2025-10-21 17:24:31,2025-10-21 17:24:31,饿了么支付-在线支付,,即时单,2025-10-21 17:24:31,8.18,手动出餐,1,否,"【随心❤️拼】9英寸披萨(口味自选）[水果+花果山]（80.00*1）,红薯薯泥流心卷边（9英寸）（6.90*1）,餐盒（2.00*1）",双拼9寸【缤纷水果口味9】+双拼9寸【花果山口味9】+红薯泥流心卷边9,,,,非会员,33,,,依据餐量提供餐具,,86.90,25.26,54.10,0.00,0,0,2.39,0.00,3.50,【活动支出】店铺满减:1.00元+【活动支出】单品特价:45.10元+【活动支出】饿了么红包:8.00元+【活动支出】替用户承担配送费:3.5元,-,-,-,2.00,温州区域,温州直营,,,否,-,平台配送
圣比萨（欧洲城店）,SBS00001,温州,"8088320254568968538	",饿了么,平台外卖,已完成,2025-10-21 17:29:16,2025-10-21 17:29:16,2025-10-21 17:29:16,饿了么支付-在线支付,,即时单,2025-10-21 17:29:16,3.53,手动出餐,1,否,"番茄牛肉意面（52.00*1）,餐盒（1.00*1）",番茄牛肉意面,,,,非会员,34,,,依据餐量提供餐具,,52.00,11.12,35.10,0.00,0,0,1.43,0.00,3.50,【活动支出】单品特价:28.10元+【活动支出】饿了么红包:7.00元+【活动支出】淘金币:0.00元+【活动支出】替用户承担配送费:3.5元,-,-,-,1.00,温州区域,温州直营,,,否,-,平台配送
圣比萨（欧洲城店）,SBS00001,温州,"8088866088532313525	",饿了么,平台外卖,已完成,2025-10-21 17:30:53,2025-10-21 17:30:53,2025-10-21 17:30:54,饿了么支付-在线支付,,即时单,2025-10-21 17:30:53,9.48,手动出餐,1,否,"榴莲王披萨-9英寸(手拍)[{""name"":""规格"",""value"":""9英寸(手拍)""}]（92.00*1）,餐盒（2.00*1）",榴莲王披萨,,,,非会员,35,,,依据餐量提供餐具,,92.00,24.11,61.10,0.00,0,0,2.24,0.00,3.50,【活动支出】店铺满减:1.00元+【活动支出】首次光顾立减:1.00元+【活动支出】单品特价:52.10元+【活动支出】粉丝群:3.00元+【活动支出】饿了么红包:4.00元+【活动支出】替用户承担配送费:3.5元,-,-,-,2.00,温州区域,温州直营,,,否,-,平台配送
圣比萨（欧洲城店）,SBS00001,温州,"8015576088575988032	",饿了么,平台外卖,已完成,2025-10-21 17:47:56,2025-10-21 17:47:56,2025-10-21 17:47:56,饿了么支付-在线支付,,即时单,2025-10-21 17:47:56,10.03,自动出餐,1,否,"上校鸡块4个（12.00*1）,深海墨鱼丸-3个[{""name"":""规格"",""value"":""3个""}]（10.60*1）,鲜虾菠萝披萨-7寸(经典手拍)[{""name"":""规格"",""value"":""7寸(经典手拍)""}]（45.00*1）,奶酪芝士卷边（7英寸）（4.90*1）,纯芝士披萨7英寸-7英寸(手拍)[{""name"":""规格"",""value"":""7英寸(手拍)""}]（42.00*1）,红薯薯泥流心卷边（7英寸）（4.90*1）,餐盒（6.00*1）",上校鸡块+深海墨鱼丸+鲜虾菠萝披萨+奶酪芝士卷边7+金牌芝士披萨【7英寸(手拍)】+红薯泥流心卷边7,,,,非会员,36,,,1份餐具,,119.40,45.02,66.00,0.00,0,0,4.23,0.00,3.50,【活动支出】店铺满减:6.00元+【活动支出】首次光顾立减:1.00元+【活动支出】单品特价:6.10元+【活动支出】单品特价:4.70元+【活动支出】单品特价:19.10元+【活动支出】单品特价:20.10元+【活动支出】饿了么红包:9.00元+【活动支出】替用户承担配送费:3.5元,-,-,-,6.00,温州区域,温州直营,,,否,-,平台配送
圣比萨（欧洲城店）,SBS00001,温州,"8056450254770061622	",饿了么,平台外卖,已完成,2025-10-21 17:54:26,2025-10-21 17:54:26,2025-10-21 17:54:26,饿了么支付-在线支付,,即时单,2025-10-21 17:54:26,10.17,自动出餐,1,否,"圣比招牌披萨-7寸(经典手拍)[{""name"":""规格"",""value"":""7寸(经典手拍)""}]（45.00*1）,餐盒（2.00*1）",大圣招牌大满贯披萨,,,,非会员,37,,,依据餐量提供餐具,,45.00,22.26,16.10,0.00,0,0,2.09,0.00,3.50,【活动支出】首次光顾立减:1.00元+【活动支出】单品特价:15.10元+【活动支出】替用户承担配送费:3.5元,-,-,-,2.00,温州区域,温州直营,,,否,-,平台配送
圣比萨（欧洲城店）,SBS00001,温州,"8025180254671498540	",饿了么,平台外卖,已完成,2025-10-21 18:00:29,2025-10-21 18:00:29,2025-10-21 18:00:29,饿了么支付-在线支付,,即时单,2025-10-21 18:00:29,10.03,自动出餐,1,否,"蛋挞一个（原味）（5.00*1）,新奥尔良烤鸡肉披萨-7英寸[{""name"":""规格"",""value"":""7英寸""}]（58.00*1）,点击右上角❤️收藏得小吃[上校鸡块2个]（2.00*1）,台式香烤地道肠（7.50*1）,餐盒（5.00*1）",蛋挞1个+新奥尔良烤鸡肉披萨+上校鸡块2个+地道肠1根,,,,非会员,38,,,2份餐具,,72.50,16.05,54.61,0.00,0,0,1.49,0.00,3.50,【活动支出】单品特价:4.01元+【活动支出】单品特价:36.10元+【活动支出】单品特价:1.90元+【活动支出】单品特价:3.60元+【活动支出】精准营销:2.00元+【活动支出】饿了么红包:7.00元+【活动支出】替用户承担配送费:3.5元,-,-,-,5.00,温州区域,温州直营,,,否,-,平台配送
圣比萨（欧洲城店）,SBS00001,温州,"8095936088556538129	",饿了么,平台外卖,已完成,2025-10-21 18:16:03,2025-10-21 18:16:03,2025-10-21 18:16:03,饿了么支付-在线支付,,即时单,2025-10-21 18:16:03,8.62,手动出餐,1,否,"【任选5件套】披萨意面我全都要[碳烤鸡肉培根7英寸+番茄牛肉意面+小食桶B+港式奶茶+柠檬茶]（128.00*1）,餐盒（2.00*1）",碳烤鸡肉培根披萨【7英寸(手拍)】+番茄牛肉意面+明星小食桶B+港式奶茶+柠檬茶,,,,非会员,39,,,依据餐量提供餐具,,128.00,34.33,84.10,0.00,0,0,3.22,0.00,3.50,【活动支出】店铺满减:6.00元+【活动支出】首次光顾立减:1.00元+【活动支出】单品特价:68.10元+【活动支出】饿了么红包:9.00元+【活动支出】替用户承担配送费:3.5元,-,-,-,2.00,温州区域,温州直营,,,否,-,平台配送
圣比萨（欧洲城店）,SBS00001,温州,"8010340254687807906	",饿了么,平台外卖,已完成,2025-10-21 18:16:45,2025-10-21 18:16:45,2025-10-21 18:16:45,饿了么支付-在线支付,,即时单,2025-10-21 18:16:45,8.10,手动出餐,1,否,"蛋挞一个（原味）（5.00*1）,缤纷水果披萨-7英寸(手拍)[{""name"":""规格"",""value"":""7英寸(手拍)""}]（42.00*1）,餐盒（3.00*1）",蛋挞1个+缤纷水果披萨,,,,非会员,40,,,依据餐量提供餐具,,47.00,13.11,30.11,0.00,0,0,1.43,0.00,3.50,【活动支出】首次光顾立减:1.00元+【活动支出】单品特价:4.01元+【活动支出】单品特价:18.10元+【活动支出】 商家自营销加码:2.00元+【活动支出】饿了么红包:5.00元+【活动支出】替用户承担配送费:3.5元,-,-,-,3.00,温州区域,温州直营,,,否,-,平台配送
圣比萨（欧洲城店）,SBS00001,温州,"8014380254597265776	",饿了么,平台外卖,已完成,2025-10-21 18:18:16,2025-10-21 18:18:16,2025-10-21 18:18:16,饿了么支付-在线支付,,即时单,2025-10-21 18:18:16,7.43,手动出餐,1,否,"奶酪芝士卷边（7英寸）（4.90*1）,新奥尔良烤鸡肉披萨-7英寸[{""name"":""规格"",""value"":""7英寸""}]（58.00*1）,【中秋特惠】买一送一奥尔良烤翅（12.90*1）,餐盒（3.00*1）",奶酪芝士卷边7+新奥尔良烤鸡肉披萨+奥尔良烤翅+奥尔良烤翅,,,,非会员,41,,,依据餐量提供餐具,,75.80,24.25,45.10,0.00,0,0,2.30,0.00,3.50,【活动支出】店铺满减:1.00元+【活动支出】单品特价:36.10元+【活动支出】超会爆红包省钱包:8.00元+【活动支出】替用户承担配送费:3.5元,-,-,-,3.00,温州区域,温州直营,,,否,-,平台配送
圣比萨（欧洲城店）,SBS00001,温州,"8010896088593360208	",饿了么,平台外卖,已完成,2025-10-21 18:20:14,2025-10-21 18:20:14,2025-10-21 18:20:14,饿了么支付-在线支付,,即时单,2025-10-21 18:20:14,10.08,自动出餐,1,否,手握三选一-单点[奥尔良]（20.00*1）,奥尔良风情烤鸡肉一人食盒子披萨,,,,非会员,42,,,依据餐量提供餐具,,20.00,10.00,0.00,0.00,0,0,0.00,0.00,,【活动支出】拼团反圈活动:0.00元,-,-,-,0.00,温州区域,温州直营,,,否,-,平台配送
圣比萨（欧洲城店）,SBS00001,温州,"8023566088596864448	",饿了么,平台外卖,已完成,2025-10-21 18:26:43,2025-10-21 18:26:43,2025-10-21 18:26:43,饿了么支付-在线支付,,即时单,2025-10-21 18:26:43,10.22,自动出餐,1,否,"榴莲王披萨-7英寸(经典手拍)[{""name"":""规格"",""value"":""7英寸(经典手拍)""}]（52.00*1）,餐盒（2.00*1）",榴莲王披萨,,,,非会员,43,,,依据餐量提供餐具,,52.00,14.12,33.10,0.00,0,0,1.43,0.00,3.50,【活动支出】首次光顾立减:1.00元+【活动支出】单品特价:22.10元+【活动支出】 商家自营销加码:2.00元+【活动支出】精准营销红包:3.00元+【活动支出】饿了么红包:5.00元+【活动支出】淘金币:0.00元+【活动支出】替用户承担配送费:3.5元,-,-,-,2.00,温州区域,温州直营,,,否,-,平台配送
圣比萨（欧洲城店）,SBS00001,温州,"8099866088565465375	",饿了么,平台外卖,已完成,2025-10-21 18:27:42,2025-10-21 18:27:42,2025-10-21 18:27:42,饿了么支付-在线支付,,即时单,2025-10-21 18:27:42,10.17,自动出餐,1,否,"点击右上角❤️收藏得小吃[上校鸡块2个]（2.00*1）,【任选】意面随心配（38.80*1）,台式香烤地道肠（7.50*1）,餐盒（4.00*1）",上校鸡块2个+柠檬茶+奥尔良烤翅+蛋挞1个+深海墨鱼丸2个+盐酥鸡米花小份+招牌肉酱意面+不加一+地道肠1根,,,,非会员,44,,,1份餐具,,48.30,24.34,18.50,0.00,0,0,2.31,0.00,3.50,【活动支出】单品特价:1.90元+【活动支出】店铺满减:1.00元+【活动支出】首次光顾立减:1.00元+【活动支出】单品特价:3.60元+【活动支出】 商家自营销加码:0.00元+【活动支出】粉丝群:3.00元+【活动支出】饿了么红包:8.00元+【活动支出】替用户承担配送费:3.5元,-,-,-,4.00,温州区域,温州直营,,,否,-,平台配送
圣比萨（欧洲城店）,SBS00001,温州,"8060696088579752242	",饿了么,平台外卖,已完成,2025-10-21 18:55:15,2025-10-21 18:55:15,2025-10-21 18:55:15,饿了么支付-在线支付,,即时单,2025-10-21 18:55:15,10.03,自动出餐,1,否,"奶酪芝士卷边（7英寸）（4.90*1）,榴莲王披萨-7英寸(经典手拍)[{""name"":""规格"",""value"":""7英寸(经典手拍)""}]（52.00*1）,餐盒（2.00*1）",奶酪芝士卷边7+榴莲王披萨,,,,非会员,45,,,依据餐量提供餐具,,56.90,20.31,30.10,0.00,0,0,1.94,0.00,3.50,【活动支出】首次光顾立减:1.00元+【活动支出】单品特价:22.10元+【活动支出】饿了么红包:7.00元+【活动支出】替用户承担配送费:3.5元,-,-,-,2.00,温州区域,温州直营,,,否,-,平台配送
圣比萨（欧洲城店）,SBS00001,温州,"8042150254623909249	",饿了么,平台外卖,已完成,2025-10-21 18:59:58,2025-10-21 18:59:58,2025-10-21 18:59:58,饿了么支付-在线支付,,即时单,2025-10-21 18:59:58,10.07,自动出餐,1,否,"蛋挞2个（10.00*1）,缤纷水果披萨-7英寸(手拍)[{""name"":""规格"",""value"":""7英寸(手拍)""}]（42.00*1）,红薯薯泥流心卷边（7英寸）（4.90*1）,餐盒（3.00*1）",蛋挞+缤纷水果披萨+红薯泥流心卷边7,,,,非会员,46,,,依据餐量提供餐具,,56.90,23.08,28.11,0.00,0,0,2.16,0.00,3.50,【活动支出】店铺满减:1.00元+【活动支出】首次光顾立减:1.00元+【活动支出】单品特价:1.01元+【活动支出】单品特价:18.10元+【活动支出】 商家自营销加码:2.00元+【活动支出】饿了么红包:5.00元+【活动支出】替用户承担配送费:3.5元,-,-,-,3.00,温州区域,温州直营,,,否,-,平台配送
圣比萨（欧洲城店）,SBS00001,温州,"8086430254713651665	",饿了么,平台外卖,已完成,2025-10-21 19:08:35,2025-10-21 19:08:35,2025-10-21 19:08:35,饿了么支付-在线支付,,即时单,2025-10-21 19:08:35,10.17,自动出餐,1,否,"新奥尔良烤鸡肉披萨-7英寸[{""name"":""规格"",""value"":""7英寸""}]（58.00*1）,餐盒（2.00*1）",新奥尔良烤鸡肉披萨,,,,非会员,47,,,1份餐具,,58.00,7.32,44.10,0.00,0,0,1.43,0.00,6.20,【活动支出】首次光顾立减:1.00元+【活动支出】单品特价:36.10元+【活动支出】 商家自营销加码:2.00元+【活动支出】饿了么红包:5.00元+【活动支出】淘金币:0.00元+【活动支出】替用户承担配送费:6.0元,-,-,-,2.00,温州区域,温州直营,,,否,-,平台配送
圣比萨（欧洲城店）,SBS00001,温州,"8094516088599849356	",饿了么,平台外卖,已完成,2025-10-21 19:32:23,2025-10-21 19:32:23,2025-10-21 19:32:23,饿了么支付-在线支付,,即时单,2025-10-21 19:32:23,6.27,手动出餐,1,否,"新奥尔良烤鸡肉披萨-7英寸[{""name"":""规格"",""value"":""7英寸""}]（58.00*1）,点击右上角❤️收藏得小吃[上校鸡块2个]（2.00*1）,餐盒（3.00*1）",新奥尔良烤鸡肉披萨+上校鸡块2个,,,,非会员,48,,,出电梯后请左转 然后直接放在外面铁门外的地上 这边家里有娃不方便电话和喊话  东西正常肯定好评 感谢 / 无需餐具,,60.00,11.22,45.00,0.00,0,0,1.43,0.00,3.50,【活动支出】单品特价:36.10元+【活动支出】单品特价:1.90元+【活动支出】 商家自营销加码:2.00元+【活动支出】CPS商户叠加券:0.00元+【活动支出】饿了么红包:5.00元+【活动支出】替用户承担配送费:3.5元,-,-,-,3.00,温州区域,温州直营,,,否,-,平台配送
圣比萨（欧洲城店）,SBS00001,温州,"8010976088667574756	",饿了么,平台外卖,已完成,2025-10-21 20:13:25,2025-10-21 20:13:25,2025-10-21 20:13:25,饿了么支付-在线支付,,即时单,2025-10-21 20:13:25,10.22,自动出餐,1,否,"芒果汁[冷]（10.00*1）,【随心❤️拼】7英寸披萨(口味自选）[水果+日系照烧]（54.00*1）,餐盒（3.00*1）",芒果汁+双拼7寸【缤纷水果口味7】+双拼7寸【日系照烧口味7】,,,,非会员,49,,,依据餐量提供餐具,,64.00,16.38,43.10,0.00,0,0,1.57,0.00,3.50,【活动支出】首次光顾立减:1.00元+【活动支出】单品特价:4.00元+【活动支出】单品特价:29.10元+【活动支出】 商家自营销加码:2.00元+【活动支出】精准营销:2.00元+【活动支出】饿了么红包:5.00元+【活动支出】替用户承担配送费:3.5元,-,-,-,3.00,温州区域,温州直营,,,否,-,平台配送
圣比萨（欧洲城店）,SBS00001,温州,"8084210254762217973	",饿了么,平台外卖,已完成,2025-10-21 21:40:27,2025-10-21 21:40:27,2025-10-21 21:40:27,饿了么支付-在线支付,,即时单,2025-10-21 21:40:27,10.12,自动出餐,1,否,"新奥尔良烤鸡肉披萨-7英寸[{""name"":""规格"",""value"":""7英寸""}]（58.00*1）,餐盒（2.00*1）",新奥尔良烤鸡肉披萨,,,,非会员,50,,,依据餐量提供餐具,,58.00,9.62,43.10,0.00,0,0,1.43,0.00,5.60,【活动支出】单品特价:36.10元+【活动支出】 商家自营销加码:2.00元+【活动支出】CPS商户叠加券:0.00元+【活动支出】饿了么红包:5.00元+【活动支出】替用户承担配送费:5.6元,-,-,-,2.00,温州区域,温州直营,,,否,-,平台配送
圣比萨（欧洲城店）,SBS00001,温州,"8020816088674341373	",饿了么,平台外卖,已完成,2025-10-21 21:58:08,2025-10-21 21:58:08,2025-10-21 21:58:08,饿了么支付-在线支付,,即时单,2025-10-21 21:58:08,10.22,自动出餐,1,否,"咸蛋黄风味流沙卷边（7英寸）（4.90*1）,招牌肉酱意面（52.00*1）,榴莲王披萨-7英寸(经典手拍)[{""name"":""规格"",""value"":""7英寸(经典手拍)""}]（52.00*1）,餐盒（3.00*1）",咸蛋黄流沙卷边7+招牌肉酱意面+榴莲王披萨,,,,非会员,51,,,依据餐量提供餐具,,108.90,31.80,68.20,0.00,0,0,3.05,0.00,5.60,【活动支出】店铺满减:6.00元+【活动支出】首次光顾立减:1.00元+【活动支出】单品特价:28.10元+【活动支出】单品特价:22.10元+【活动支出】 商家自营销加码:0.00元+【活动支出】精准营销红包:3.00元+【活动支出】饿了么红包:8.00元+【活动支出】替用户承担配送费:5.6元,-,-,-,3.00,温州区域,温州直营,,,否,-,平台配送
圣比萨（欧洲城店）,SBS00001,温州,"8098866088645735718	",饿了么,平台外卖,已完成,2025-10-21 22:08:34,2025-10-21 22:08:34,2025-10-21 22:08:34,饿了么支付-在线支付,,即时单,2025-10-21 22:08:34,10.05,自动出餐,1,否,"点击右上角❤️收藏得小吃[墨鱼丸1个]（2.00*1）,碳烤鸡肉培根披萨-7英寸(手拍)[{""name"":""规格"",""value"":""7英寸(手拍)""}]（45.00*1）,餐盒（3.00*1）",深海墨鱼丸1个+碳烤鸡肉培根披萨,,,,非会员,52,,,1份餐具,,47.00,5.72,37.00,0.00,0,0,1.43,0.00,5.60,【活动支出】单品特价:1.90元+【活动支出】单品特价:21.10元+【活动支出】订单集点返红包:7.00元+【活动支出】饿了么红包:7.00元+【活动支出】替用户承担配送费:5.6元,-,-,-,3.00,温州区域,温州直营,,,否,-,平台配送
圣比萨（欧洲城店）,SBS00001,温州,"8066726088663857636	",饿了么,平台外卖,已完成,2025-10-21 22:25:33,2025-10-21 22:25:33,2025-10-21 22:25:33,饿了么支付-在线支付,,即时单,2025-10-21 22:25:33,10.07,自动出餐,1,否,"缤纷水果披萨-7英寸(手拍)[{""name"":""规格"",""value"":""7英寸(手拍)""}]（42.00*1）",缤纷水果披萨,,,,非会员,53,,,2份餐具,用户申请取消单 其他原因，,42.00,11.02,23.70,0.00,0,0,1.43,0.00,5.60,【活动支出】单品特价:23.70元+【活动支出】替用户承担配送费:5.6元,-,-,-,0.00,温州区域,温州直营,,,否,-,平台配送
圣比萨（温大C区店）,SBS00031,温州,"8064786088007151034	",饿了么,平台外卖,已完成,2025-10-20 11:22:51,2025-10-20 11:22:51,2025-10-20 11:22:51,饿了么支付-在线支付,,预约单,2025-10-21 17:00:00,1732.37,自动出餐,1,否,"番茄牛肉意面（25.00*1）,送餐上楼【下午1-4点晚上7点之后放外卖柜】（0.00*1）,餐盒（2.00*1）",番茄牛肉意面+送餐上楼,,,,非会员,1,,,依据餐量提供餐具；手机尾号：0370；送上楼,,25.00,8.18,15.10,0.00,0,0,0.52,0.00,1.60,【活动支出】单品特价:6.10元+【活动支出】 商家自营销加码:2.00元+【活动支出】粉丝群:2.00元+【活动支出】饿了么红包:5.00元+【活动支出】替用户承担配送费:1.6元,-,-,-,2.00,温州区域,温州直营,,,否,-,平台配送
圣比萨（温大C区店）,SBS00031,温州,"8058080254342499712	",饿了么,平台外卖,已完成,2025-10-21 10:06:00,2025-10-21 10:06:00,2025-10-21 10:06:00,饿了么支付-在线支付,,即时单,2025-10-21 10:06:00,10.08,自动出餐,1,否,薯饼+薯饼（共两个）-单点-高校配（7.86*1）,薯饼2个,,,,非会员,2,,,依据餐量提供餐具；手机尾号：3912；送上楼,,7.86,3.75,0.50,0.00,0,0,0.00,0.00,,【活动支出】拼团正招玩法:0.50元,-,-,-,0.00,温州区域,温州直营,,,否,-,平台配送
圣比萨（温大C区店）,SBS00031,温州,"8005796088322568573	",饿了么,平台外卖,已完成,2025-10-21 10:09:38,2025-10-21 10:09:38,2025-10-21 10:09:38,饿了么支付-在线支付,,即时单,2025-10-21 10:09:38,10.00,自动出餐,1,否,"送餐上楼【下午1-4点晚上7点之后放外卖柜】（0.00*1）,BBQ烤鸡肉单人餐（61.00*1）,餐盒（1.00*1）",送餐上楼+烤奥尔良鸡肉手握披萨+红豆龙井冰豆花,,,,非会员,3,,,请尽快送达，感谢你带来的美食。 / 依据餐量提供餐具；手机尾号：0699；送上楼,,61.00,17.68,40.10,0.00,0,0,1.02,0.00,1.60,【活动支出】单品特价:31.10元+【活动支出】饿了么红包:7.00元+【活动支出】精准营销:2.00元+【活动支出】替用户承担配送费:1.6元,-,-,-,1.00,温州区域,温州直营,,,否,-,平台配送
圣比萨（温大C区店）,SBS00031,温州,"8054320254457515508	",饿了么,平台外卖,已完成,2025-10-21 10:12:51,2025-10-21 10:12:51,2025-10-21 10:12:51,饿了么支付-在线支付,,即时单,2025-10-21 10:12:51,10.05,自动出餐,1,否,圣BBQ烤鸡肉手握披萨+冰凉粉+上楼-单点-高校配（14.61*1）,烤奥尔良鸡肉手握披萨+冰凉粉,,,,非会员,4,,,依据餐量提供餐具；手机尾号：5853；聚合送,,14.61,9.60,1.40,0.00,0,0,0.00,0.00,,【活动支出】拼团正招玩法:1.40元,-,-,-,0.00,温州区域,温州直营,,,否,-,平台配送
圣比萨（温大C区店）,SBS00031,温州,"8011190254460306732	",饿了么,平台外卖,已完成,2025-10-21 10:12:52,2025-10-21 10:12:52,2025-10-21 10:12:52,饿了么支付-在线支付,,即时单,2025-10-21 10:12:52,10.08,自动出餐,1,否,圣BBQ烤鸡肉手握披萨+冰凉粉+上楼-单点-高校配（14.61*1）,烤奥尔良鸡肉手握披萨+冰凉粉,,,,非会员,5,,,依据餐量提供餐具；手机尾号：1007；送上楼,,14.61,9.60,1.40,0.00,0,0,0.00,0.00,,【活动支出】拼团正招玩法:1.40元,-,-,-,0.00,温州区域,温州直营,,,否,-,平台配送
圣比萨（温大C区店）,SBS00031,温州,"8054360254436071925	",饿了么,平台外卖,已完成,2025-10-21 10:14:51,2025-10-21 10:14:51,2025-10-21 10:14:51,饿了么支付-在线支付,,即时单,2025-10-21 10:14:51,10.20,自动出餐,1,否,"番茄牛肉意面（25.00*1）,外卖柜取餐【有短信或者电话通知】（0.00*1）,餐盒（2.00*1）",番茄牛肉意面+楼下自取,,,,非会员,6,,,依据餐量提供餐具；手机尾号：2359；聚合送,,25.00,10.08,13.10,0.00,0,0,0.62,0.00,1.60,【活动支出】单品特价:6.10元+【活动支出】饿了么红包:7.00元+【活动支出】替用户承担配送费:1.6元,-,-,-,2.00,温州区域,温州直营,,,否,-,平台配送
圣比萨（温大C区店）,SBS00031,温州,"8037250254437647629	",饿了么,平台外卖,已完成,2025-10-21 10:24:07,2025-10-21 10:24:07,2025-10-21 10:24:07,饿了么支付-在线支付,,即时单,2025-10-21 10:24:07,10.08,自动出餐,1,否,番茄牛肉意面-单点（12.64*1）,番茄牛肉意面,,,,非会员,7,,,依据餐量提供餐具；手机尾号：8086；送上楼,,12.64,9.03,0.00,0.00,0,0,0.00,0.00,,【活动支出】拼团反圈活动:0.00元,-,-,-,0.00,温州区域,温州直营,,,否,-,平台配送
圣比萨（温大C区店）,SBS00031,温州,"8050506088332625157	",饿了么,平台外卖,已完成,2025-10-21 10:24:10,2025-10-21 10:24:10,2025-10-21 10:24:10,饿了么支付-在线支付,,即时单,2025-10-21 10:24:10,10.22,自动出餐,1,否,蛋挞2个-单点（8.51*1）,蛋挞,,,,非会员,8,,,依据餐量提供餐具；手机尾号：8525；送上楼,,8.51,4.90,0.00,0.00,0,0,0.00,0.00,,【活动支出】拼团反圈活动:0.00元,-,-,-,0.00,温州区域,温州直营,,,否,-,平台配送
圣比萨（温大C区店）,SBS00031,温州,"8073430254463307017	",饿了么,平台外卖,已完成,2025-10-21 10:26:25,2025-10-21 10:26:25,2025-10-21 10:26:25,饿了么支付-在线支付,,即时单,2025-10-21 10:26:25,10.02,自动出餐,1,否,番茄牛肉意面-单点（12.64*1）,番茄牛肉意面,,,,非会员,9,,,1份餐具；手机尾号：7372；送上楼,,12.64,9.03,0.00,0.00,0,0,0.00,0.00,,【活动支出】拼团反圈活动:0.00元,-,-,-,0.00,温州区域,温州直营,,,否,-,平台配送
圣比萨（温大C区店）,SBS00031,温州,"8073430254538911183	",饿了么,平台外卖,已完成,2025-10-21 10:26:25,2025-10-21 10:26:25,2025-10-21 10:26:25,饿了么支付-在线支付,,即时单,2025-10-21 10:26:25,10.23,自动出餐,1,否,奥尔良烤翅-单点（10.51*1）,奥尔良烤翅,,,,非会员,10,,,1份餐具；手机尾号：7372；送上楼,,10.51,6.90,0.00,0.00,0,0,0.00,0.00,,【活动支出】拼团反圈活动:0.00元,-,-,-,0.00,温州区域,温州直营,,,否,-,平台配送
圣比萨（温大C区店）,SBS00031,温州,"8042996088370364733	",饿了么,平台外卖,已完成,2025-10-21 10:29:26,2025-10-21 10:29:26,2025-10-21 10:29:27,饿了么支付-在线支付,,即时单,2025-10-21 10:29:26,10.07,自动出餐,1,否,圣BBQ烤鸡肉手握披萨+冰凉粉+上楼-单点-高校配（14.61*1）,烤奥尔良鸡肉手握披萨+冰凉粉,,,,非会员,11,,,依据餐量提供餐具；手机尾号：7186；送上楼,,14.61,9.60,1.40,0.00,0,0,0.00,0.00,,【活动支出】拼团正招玩法:1.40元,-,-,-,0.00,温州区域,温州直营,,,否,-,平台配送
圣比萨（温大C区店）,SBS00031,温州,"8044686088308786478	",饿了么,平台外卖,已完成,2025-10-21 10:29:27,2025-10-21 10:29:27,2025-10-21 10:29:27,饿了么支付-在线支付,,即时单,2025-10-21 10:29:27,10.17,自动出餐,1,否,番茄牛肉意面-单点（12.64*1）,番茄牛肉意面,,,,非会员,12,,,依据餐量提供餐具；手机尾号：5779；送上楼,,12.64,9.03,0.00,0.00,0,0,0.00,0.00,,【活动支出】拼团反圈活动:0.00元,-,-,-,0.00,温州区域,温州直营,,,否,-,平台配送
圣比萨（温大C区店）,SBS00031,温州,"8094460254536839622	",饿了么,平台外卖,已完成,2025-10-21 10:31:50,2025-10-21 10:31:50,2025-10-21 10:31:50,饿了么支付-在线支付,,即时单,2025-10-21 10:31:50,10.03,自动出餐,1,否,圣BBQ烤鸡肉手握披萨+冰凉粉+上楼-单点-高校配（14.61*1）,烤奥尔良鸡肉手握披萨+冰凉粉,,,,非会员,13,,,依据餐量提供餐具；手机尾号：0214；送上楼,,14.61,9.60,1.40,0.00,0,0,0.00,0.00,,【活动支出】拼团正招玩法:1.40元,-,-,-,0.00,温州区域,温州直营,,,否,-,平台配送
圣比萨（温大C区店）,SBS00031,温州,"8017606088342744348	",饿了么,平台外卖,已完成,2025-10-21 10:37:03,2025-10-21 10:37:03,2025-10-21 10:37:03,饿了么支付-在线支付,,即时单,2025-10-21 10:37:03,10.20,自动出餐,1,否,"番茄牛肉意面（25.00*1）,外卖柜取餐【有短信或者电话通知】（0.00*1）,餐盒（2.00*1）",番茄牛肉意面+楼下自取,,,,非会员,14,,,依据餐量提供餐具；手机尾号：1545；送上楼,,25.00,8.18,15.10,0.00,0,0,0.52,0.00,1.60,【活动支出】单品特价:6.10元+【活动支出】 商家自营销加码:2.00元+【活动支出】粉丝群:2.00元+【活动支出】饿了么红包:5.00元+【活动支出】淘金币:0.00元+【活动支出】替用户承担配送费:1.6元,-,-,-,2.00,温州区域,温州直营,,,否,-,平台配送
圣比萨（温大C区店）,SBS00031,温州,"8012080254362194205	",饿了么,平台外卖,已完成,2025-10-21 10:38:12,2025-10-21 10:38:12,2025-10-21 10:38:13,饿了么支付-在线支付,,即时单,2025-10-21 10:38:12,10.17,自动出餐,1,否,照烧鸡肉手握披萨-单点（16.81*1）,照烧鸡肉手握披萨,,,,非会员,15,,,依据餐量提供餐具；手机尾号：2639；送上楼,,16.81,13.20,0.00,0.00,0,0,0.00,0.00,,【活动支出】拼团反圈活动:0.00元,-,-,-,0.00,温州区域,温州直营,,,否,-,平台配送
圣比萨（温大C区店）,SBS00031,温州,"8063190254362715472	",饿了么,平台外卖,已完成,2025-10-21 10:40:04,2025-10-21 10:40:04,2025-10-21 10:40:04,饿了么支付-在线支付,,即时单,2025-10-21 10:40:04,10.13,自动出餐,1,否,番茄牛肉意面-单点（12.64*1）,番茄牛肉意面,,,,非会员,16,,,依据餐量提供餐具；手机尾号：5352；送上楼,,12.64,9.03,0.00,0.00,0,0,0.00,0.00,,【活动支出】拼团反圈活动:0.00元,-,-,-,0.00,温州区域,温州直营,,,否,-,平台配送
圣比萨（温大C区店）,SBS00031,温州,"8012310254541818219	",饿了么,平台外卖,已完成,2025-10-21 10:40:04,2025-10-21 10:40:04,2025-10-21 10:40:05,饿了么支付-在线支付,,即时单,2025-10-21 10:40:04,10.15,自动出餐,1,否,番茄牛肉意面-单点（12.64*1）,番茄牛肉意面,,,,非会员,17,,,依据餐量提供餐具；手机尾号：8315；聚合送,,12.64,9.03,0.00,0.00,0,0,0.00,0.00,,【活动支出】拼团反圈活动:0.00元,-,-,-,0.00,温州区域,温州直营,,,否,-,平台配送
圣比萨（温大C区店）,SBS00031,温州,"8083656088319047147	",饿了么,平台外卖,已完成,2025-10-21 10:46:21,2025-10-21 10:46:21,2025-10-21 10:46:21,饿了么支付-在线支付,,即时单,2025-10-21 10:46:21,10.12,自动出餐,1,否,圣BBQ烤鸡肉手握披萨+冰凉粉+上楼-单点-高校配（14.61*1）,烤奥尔良鸡肉手握披萨+冰凉粉,,,,非会员,18,,,依据餐量提供餐具；手机尾号：8202；送上楼,,14.61,9.60,1.40,0.00,0,0,0.00,0.00,,【活动支出】拼团正招玩法:1.40元,-,-,-,0.00,温州区域,温州直营,,,否,-,平台配送
圣比萨（温大C区店）,SBS00031,温州,"8063726088341992920	",饿了么,平台外卖,已完成,2025-10-21 10:46:30,2025-10-21 10:46:30,2025-10-21 10:46:30,饿了么支付-在线支付,,即时单,2025-10-21 10:46:30,10.00,自动出餐,1,否,番茄牛肉意面-单点（12.64*1）,番茄牛肉意面,,,,非会员,19,,,依据餐量提供餐具；手机尾号：2602；送上楼,,12.64,9.03,0.00,0.00,0,0,0.00,0.00,,【活动支出】拼团反圈活动:0.00元,-,-,-,0.00,温州区域,温州直营,,,否,-,平台配送
圣比萨（温大C区店）,SBS00031,温州,"8078340254474380570	",饿了么,平台外卖,已完成,2025-10-21 10:46:54,2025-10-21 10:46:54,2025-10-21 10:46:54,饿了么支付-在线支付,,预约单,2025-10-21 12:05:00,33.15,自动出餐,1,否,"外卖柜取餐【有短信或者电话通知】（0.00*1）,照烧鸡肉单人餐（冰豆花自选)（58.00*1）,餐盒（1.00*1）",楼下自取+焦糖冰豆花+照烧鸡肉手握披萨,,,,非会员,20,,,1份餐具；手机尾号：1332；送上楼,,58.00,11.03,44.10,0.00,0,0,0.67,0.00,1.60,【活动支出】单品特价:32.10元+【活动支出】饿了么红包:5.00元+【活动支出】 商家自营销加码:2.00元+【活动支出】订单集点返红包:5.00元+【活动支出】替用户承担配送费:1.6元,-,-,-,1.00,温州区域,温州直营,,,否,-,平台配送
圣比萨（温大C区店）,SBS00031,温州,"8053826088363548156	",饿了么,平台外卖,已完成,2025-10-21 10:50:28,2025-10-21 10:50:28,2025-10-21 10:50:29,饿了么支付-在线支付,,即时单,2025-10-21 10:50:28,10.12,自动出餐,1,否,圣BBQ烤鸡肉手握披萨+冰凉粉+上楼-单点-高校配（14.61*1）,烤奥尔良鸡肉手握披萨+冰凉粉,,,,非会员,21,,,依据餐量提供餐具；手机尾号：7237；送上楼,,14.61,9.60,1.40,0.00,0,0,0.00,0.00,,【活动支出】拼团正招玩法:1.40元,-,-,-,0.00,温州区域,温州直营,,,否,-,平台配送
圣比萨（温大C区店）,SBS00031,温州,"8067080254460487962	",饿了么,平台外卖,已完成,2025-10-21 10:50:29,2025-10-21 10:50:29,2025-10-21 10:50:29,饿了么支付-在线支付,,即时单,2025-10-21 10:50:29,10.23,自动出餐,1,否,圣BBQ烤鸡肉手握披萨+冰凉粉+上楼-单点-高校配（14.61*1）,烤奥尔良鸡肉手握披萨+冰凉粉,,,,非会员,22,,,依据餐量提供餐具；手机尾号：3832；送上楼,,14.61,9.60,1.40,0.00,0,0,0.00,0.00,,【活动支出】拼团正招玩法:1.40元,-,-,-,0.00,温州区域,温州直营,,,否,-,平台配送
圣比萨（温大C区店）,SBS00031,温州,"8054450254552996207	",饿了么,平台外卖,已完成,2025-10-21 10:52:02,2025-10-21 10:52:02,2025-10-21 10:52:02,饿了么支付-在线支付,,即时单,2025-10-21 10:52:02,10.13,自动出餐,1,否,番茄牛肉意面-单点（12.64*1）,番茄牛肉意面,,,,非会员,23,,,依据餐量提供餐具；手机尾号：9937；送上楼,,12.64,9.03,0.00,0.00,0,0,0.00,0.00,,【活动支出】拼团反圈活动:0.00元,-,-,-,0.00,温州区域,温州直营,,,否,-,平台配送
圣比萨（温大C区店）,SBS00031,温州,"8017120254560815464	",饿了么,平台外卖,已完成,2025-10-21 11:04:02,2025-10-21 11:04:02,2025-10-21 11:04:02,饿了么支付-在线支付,,即时单,2025-10-21 11:04:02,12.00,自动出餐,1,否,番茄牛肉意面-单点（12.64*1）,番茄牛肉意面,,,,非会员,24,,,依据餐量提供餐具；手机尾号：1982；送上楼,,12.64,9.03,0.00,0.00,0,0,0.00,0.00,,【活动支出】拼团反圈活动:0.00元,-,-,-,0.00,温州区域,温州直营,,,否,-,平台配送
圣比萨（温大C区店）,SBS00031,温州,"8086160254505334234	",饿了么,平台外卖,已完成,2025-10-21 11:17:40,2025-10-21 11:17:40,2025-10-21 11:17:41,饿了么支付-在线支付,,即时单,2025-10-21 11:17:40,12.10,自动出餐,1,否,番茄牛肉意面-单点（12.64*1）,番茄牛肉意面,,,,非会员,25,,,依据餐量提供餐具；手机尾号：8124；送上楼,,12.64,9.03,0.00,0.00,0,0,0.00,0.00,,【活动支出】拼团反圈活动:0.00元,-,-,-,0.00,温州区域,温州直营,,,否,-,平台配送
圣比萨（温大C区店）,SBS00031,温州,"8037420254486313351	",饿了么,平台外卖,已完成,2025-10-21 11:17:41,2025-10-21 11:17:41,2025-10-21 11:17:41,饿了么支付-在线支付,,即时单,2025-10-21 11:17:41,12.07,自动出餐,1,否,圣BBQ烤鸡肉手握披萨+冰凉粉+上楼-单点-高校配（14.61*1）,烤奥尔良鸡肉手握披萨+冰凉粉,,,,非会员,26,,,1份餐具；手机尾号：6232；送上楼,,14.61,9.60,1.40,0.00,0,0,0.00,0.00,,【活动支出】拼团正招玩法:1.40元,-,-,-,0.00,温州区域,温州直营,,,否,-,平台配送
圣比萨（温大C区店）,SBS00031,温州,"8048566088355292581	",饿了么,平台外卖,已完成,2025-10-21 11:21:42,2025-10-21 11:21:42,2025-10-21 11:21:42,饿了么支付-在线支付,,即时单,2025-10-21 11:21:42,12.13,自动出餐,1,否,番茄牛肉意面-单点（12.64*1）,番茄牛肉意面,,,,非会员,27,,,1份餐具；手机尾号：1165；送上楼,,12.64,9.03,0.00,0.00,0,0,0.00,0.00,,【活动支出】拼团反圈活动:0.00元,-,-,-,0.00,温州区域,温州直营,,,否,-,平台配送
圣比萨（温大C区店）,SBS00031,温州,"8060606088387412305	",饿了么,平台外卖,已完成,2025-10-21 11:24:21,2025-10-21 11:24:21,2025-10-21 11:24:21,饿了么支付-在线支付,,即时单,2025-10-21 11:24:21,12.18,自动出餐,1,否,"番茄牛肉意面（25.00*1）,外卖柜取餐【有短信或者电话通知】（0.00*1）,餐盒（2.00*1）",番茄牛肉意面+楼下自取,,,,非会员,28,,,依据餐量提供餐具；手机尾号：7739；送上楼,,25.00,8.18,15.10,0.00,0,0,0.52,0.00,1.60,【活动支出】单品特价:6.10元+【活动支出】 商家自营销加码:2.00元+【活动支出】粉丝群:2.00元+【活动支出】饿了么红包:5.00元+【活动支出】替用户承担配送费:1.6元,-,-,-,2.00,温州区域,温州直营,,,否,-,平台配送
圣比萨（温大C区店）,SBS00031,温州,"8027000254419984812	",饿了么,平台外卖,已完成,2025-10-21 11:33:46,2025-10-21 11:33:46,2025-10-21 11:33:46,饿了么支付-在线支付,,即时单,2025-10-21 11:33:46,12.13,自动出餐,1,否,"番茄牛肉意面-单点[{""name"":""规格"",""value"":""单点""}]（12.64*1）",番茄牛肉意面,,,,非会员,29,,,手机尾号：6731；送上楼 需要一起打包,,12.64,9.03,0.00,0.00,0,0,0.00,0.00,,【活动支出】拼团反圈活动:0.00元,-,-,-,0.00,温州区域,温州直营,,,否,-,平台配送
圣比萨（温大C区店）,SBS00031,温州,"8027000254419984811	",饿了么,平台外卖,已完成,2025-10-21 11:33:46,2025-10-21 11:33:46,2025-10-21 11:33:46,饿了么支付-在线支付,,即时单,2025-10-21 11:33:46,12.20,自动出餐,1,否,"圣BBQ烤鸡肉手握披萨+冰凉粉+上楼-单点-高校配[{""name"":""规格"",""value"":""单点-高校配""}]（14.61*1）",烤奥尔良鸡肉手握披萨+冰凉粉,,,,非会员,30,,,手机尾号：6731；送上楼 需要一起打包,,14.61,9.60,1.40,0.00,0,0,0.00,0.00,,【活动支出】拼团正招玩法:1.40元,-,-,-,0.00,温州区域,温州直营,,,否,-,平台配送
圣比萨（温大C区店）,SBS00031,温州,"8020746088408321491	",饿了么,平台外卖,已完成,2025-10-21 11:35:58,2025-10-21 11:35:58,2025-10-21 11:35:58,饿了么支付-在线支付,,即时单,2025-10-21 11:35:58,12.22,自动出餐,1,否,圣BBQ烤鸡肉手握披萨+冰凉粉+上楼-单点-高校配（14.61*1）,烤奥尔良鸡肉手握披萨+冰凉粉,,,,非会员,31,,,依据餐量提供餐具；手机尾号：8721；送上楼,,14.61,9.60,1.40,0.00,0,0,0.00,0.00,,【活动支出】拼团正招玩法:1.40元,-,-,-,0.00,温州区域,温州直营,,,否,-,平台配送
圣比萨（温大C区店）,SBS00031,温州,"8061586088439584241	",饿了么,平台外卖,已完成,2025-10-21 11:49:10,2025-10-21 11:49:10,2025-10-21 11:49:11,饿了么支付-在线支付,,即时单,2025-10-21 11:49:10,12.00,自动出餐,1,否,番茄牛肉意面-单点（12.64*1）,番茄牛肉意面,,,,非会员,32,,,依据餐量提供餐具；手机尾号：6561；送上楼,,12.64,9.03,0.00,0.00,0,0,0.00,0.00,,【活动支出】拼团反圈活动:0.00元,-,-,-,0.00,温州区域,温州直营,,,否,-,平台配送
圣比萨（温大C区店）,SBS00031,温州,"8010150254578976034	",饿了么,平台外卖,已完成,2025-10-21 13:06:50,2025-10-21 13:06:50,2025-10-21 13:06:50,饿了么支付-在线支付,,即时单,2025-10-21 13:06:50,12.07,自动出餐,1,否,圣BBQ烤鸡肉手握披萨+冰凉粉+上楼-单点-高校配（14.61*1）,烤奥尔良鸡肉手握披萨+冰凉粉,,,,非会员,33,,,依据餐量提供餐具；手机尾号：5993；送上楼,,14.61,9.60,1.40,0.00,0,0,0.00,0.00,,【活动支出】拼团正招玩法:1.40元,-,-,-,0.00,温州区域,温州直营,,,否,-,平台配送
圣比萨（温大C区店）,SBS00031,温州,"8040210254697260420	",饿了么,平台外卖,已完成,2025-10-21 15:07:08,2025-10-21 15:07:08,2025-10-21 15:07:08,饿了么支付-在线支付,,预约单,2025-10-21 16:25:00,32.93,自动出餐,1,否,"外卖柜取餐【有短信或者电话通知】（0.00*1）,葡式蛋挞1个（4.00*1）,烤奥尔良鸡肉手握披萨（32.00*1）,餐盒（1.50*1）",楼下自取+蛋挞1个+烤奥尔良鸡肉手握披萨,,,,非会员,34,,,依据餐量提供餐具；手机尾号：6878；送上楼,,36.00,13.31,20.20,0.00,0,0,0.79,0.00,1.60,【活动支出】单品特价:3.10元+【活动支出】单品特价:10.10元+【活动支出】饿了么红包:5.00元+【活动支出】 商家自营销加码:2.00元+【活动支出】替用户承担配送费:1.6元,-,-,-,1.50,温州区域,温州直营,,,否,-,平台配送
圣比萨（温大C区店）,SBS00031,温州,"8097556088514149793	",饿了么,平台外卖,已完成,2025-10-21 15:21:14,2025-10-21 15:21:14,2025-10-21 15:21:15,饿了么支付-在线支付,,即时单,2025-10-21 15:21:14,10.12,自动出餐,1,否,番茄牛肉意面-单点（12.64*1）,番茄牛肉意面,,,,非会员,35,,,依据餐量提供餐具；手机尾号：4066；送上楼,,12.64,9.03,0.00,0.00,0,0,0.00,0.00,,【活动支出】拼团反圈活动:0.00元,-,-,-,0.00,温州区域,温州直营,,,否,-,平台配送
圣比萨（温大C区店）,SBS00031,温州,"8070260254521036056	",饿了么,平台外卖,已完成,2025-10-21 15:22:41,2025-10-21 15:22:41,2025-10-21 15:22:42,饿了么支付-在线支付,,即时单,2025-10-21 15:22:41,10.17,自动出餐,1,否,"外卖柜取餐【有短信或者电话通知】（0.00*1）,DIY单人套餐（主食小吃饮品自选）（48.00*1）,餐盒（1.00*1）",楼下自取+小可乐+地道肠1根+烤奥尔良鸡肉手握披萨,,,,非会员,36,,,依据餐量提供餐具；手机尾号：0223；聚合送,,48.00,17.68,27.10,0.00,0,0,1.02,0.00,1.60,【活动支出】单品特价:20.10元+【活动支出】饿了么红包:5.00元+【活动支出】 商家自营销加码:2.00元+【活动支出】替用户承担配送费:1.6元,-,-,-,1.00,温州区域,温州直营,,,否,-,平台配送
圣比萨（温大C区店）,SBS00031,温州,"8083846088478319051	",饿了么,平台外卖,已完成,2025-10-21 15:30:55,2025-10-21 15:30:55,2025-10-21 15:30:55,饿了么支付-在线支付,,预约单,2025-10-21 17:05:00,49.08,自动出餐,1,否,"番茄牛肉意面（25.00*1）,外卖柜取餐【有短信或者电话通知】（0.00*1）,餐盒（2.00*1）",番茄牛肉意面+楼下自取,,,,非会员,37,,,送餐上楼 / 依据餐量提供餐具；手机尾号：8466；送上楼,,25.00,10.08,13.10,0.00,0,0,0.62,0.00,1.60,【活动支出】单品特价:6.10元+【活动支出】 商家自营销加码:2.00元+【活动支出】饿了么红包:5.00元+【活动支出】替用户承担配送费:1.6元,-,-,-,2.00,温州区域,温州直营,,,否,-,平台配送
圣比萨（温大C区店）,SBS00031,温州,"8066796088493650382	",饿了么,平台外卖,已完成,2025-10-21 15:32:36,2025-10-21 15:32:36,2025-10-21 15:32:37,饿了么支付-在线支付,,即时单,2025-10-21 15:32:36,10.08,自动出餐,1,否,"外卖柜取餐【有短信或者电话通知】（0.00*1）,烤奥尔良鸡肉手握披萨（32.00*1）,餐盒（1.00*1）",楼下自取+烤奥尔良鸡肉手握披萨,,,,非会员,38,,,依据餐量提供餐具；手机尾号：1317；送上楼,,32.00,11.98,17.10,0.00,0,0,0.72,0.00,1.60,【活动支出】单品特价:10.10元+【活动支出】饿了么红包:7.00元+【活动支出】替用户承担配送费:1.6元,-,-,-,1.00,温州区域,温州直营,,,否,-,平台配送
圣比萨（温大C区店）,SBS00031,温州,"8016080254704480701	",饿了么,平台外卖,已完成,2025-10-21 15:37:24,2025-10-21 15:37:24,2025-10-21 15:37:24,饿了么支付-在线支付,,即时单,2025-10-21 15:37:24,10.13,自动出餐,1,否,圣BBQ烤鸡肉手握披萨+冰凉粉+上楼-单点-高校配（14.61*1）,烤奥尔良鸡肉手握披萨+冰凉粉,,,,非会员,39,,,依据餐量提供餐具；手机尾号：8552；送上楼,,14.61,9.60,1.40,0.00,0,0,0.00,0.00,,【活动支出】拼团正招玩法:1.40元,-,-,-,0.00,温州区域,温州直营,,,否,-,平台配送
圣比萨（温大C区店）,SBS00031,温州,"8094796088481835287	",饿了么,平台外卖,已完成,2025-10-21 15:37:32,2025-10-21 15:37:32,2025-10-21 15:37:33,饿了么支付-在线支付,,即时单,2025-10-21 15:37:32,10.17,自动出餐,1,否,圣BBQ烤鸡肉手握披萨+冰凉粉+上楼-单点-高校配（14.61*1）,烤奥尔良鸡肉手握披萨+冰凉粉,,,,非会员,40,,,1份餐具；手机尾号：3307；送上楼,,14.61,9.60,1.40,0.00,0,0,0.00,0.00,,【活动支出】拼团正招玩法:1.40元,-,-,-,0.00,温州区域,温州直营,,,否,-,平台配送
圣比萨（温大C区店）,SBS00031,温州,"8039090254607442316	",饿了么,平台外卖,已完成,2025-10-21 15:42:54,2025-10-21 15:42:54,2025-10-21 15:42:54,饿了么支付-在线支付,,即时单,2025-10-21 15:42:54,10.10,自动出餐,1,否,圣BBQ烤鸡肉手握披萨+冰凉粉+上楼-单点-高校配（14.61*1）,烤奥尔良鸡肉手握披萨+冰凉粉,,,,非会员,41,,,依据餐量提供餐具；手机尾号：0371；聚合送,,14.61,9.60,1.40,0.00,0,0,0.00,0.00,,【活动支出】拼团正招玩法:1.40元,-,-,-,0.00,温州区域,温州直营,,,否,-,平台配送
圣比萨（温大C区店）,SBS00031,温州,"8003856088521534767	",饿了么,平台外卖,已完成,2025-10-21 15:45:58,2025-10-21 15:45:58,2025-10-21 15:45:58,饿了么支付-在线支付,,即时单,2025-10-21 15:45:58,10.12,自动出餐,1,否,圣BBQ烤鸡肉手握披萨+冰凉粉+上楼-单点-高校配（14.61*1）,烤奥尔良鸡肉手握披萨+冰凉粉,,,,非会员,42,,,冰凉粉甜一点 / 依据餐量提供餐具；手机尾号：2505；送上楼,,14.61,9.60,1.40,0.00,0,0,0.00,0.00,,【活动支出】拼团正招玩法:1.40元,-,-,-,0.00,温州区域,温州直营,,,否,-,平台配送
圣比萨（温大C区店）,SBS00031,温州,"8018536088499665397	",饿了么,平台外卖,已完成,2025-10-21 15:45:59,2025-10-21 15:45:59,2025-10-21 15:45:59,饿了么支付-在线支付,,即时单,2025-10-21 15:45:59,10.10,自动出餐,1,否,圣BBQ烤鸡肉手握披萨+冰凉粉+上楼-单点-高校配（14.61*1）,烤奥尔良鸡肉手握披萨+冰凉粉,,,,非会员,43,,,依据餐量提供餐具；手机尾号：1863；聚合送,,14.61,9.60,1.40,0.00,0,0,0.00,0.00,,【活动支出】拼团正招玩法:1.40元,-,-,-,0.00,温州区域,温州直营,,,否,-,平台配送
圣比萨（温大C区店）,SBS00031,温州,"8098170254635493886	",饿了么,平台外卖,已完成,2025-10-21 15:46:49,2025-10-21 15:46:49,2025-10-21 15:46:49,饿了么支付-在线支付,,即时单,2025-10-21 15:46:49,10.12,自动出餐,1,否,圣BBQ烤鸡肉手握披萨+冰凉粉+上楼-单点-高校配（14.61*1）,烤奥尔良鸡肉手握披萨+冰凉粉,,,,非会员,44,,,1份餐具；手机尾号：3252；送上楼,,14.61,9.60,1.40,0.00,0,0,0.00,0.00,,【活动支出】拼团正招玩法:1.40元,-,-,-,0.00,温州区域,温州直营,,,否,-,平台配送
圣比萨（温大C区店）,SBS00031,温州,"8023110254708224367	",饿了么,平台外卖,已完成,2025-10-21 15:46:54,2025-10-21 15:46:54,2025-10-21 15:46:54,饿了么支付-在线支付,,即时单,2025-10-21 15:46:54,10.02,自动出餐,1,否,圣BBQ烤鸡肉手握披萨+冰凉粉+上楼-单点-高校配（14.61*1）,烤奥尔良鸡肉手握披萨+冰凉粉,,,,非会员,45,,,依据餐量提供餐具；手机尾号：5772；送上楼,,14.61,9.60,1.40,0.00,0,0,0.00,0.00,,【活动支出】拼团正招玩法:1.40元,-,-,-,0.00,温州区域,温州直营,,,否,-,平台配送
圣比萨（温大C区店）,SBS00031,温州,"8043350254712394176	",饿了么,平台外卖,已完成,2025-10-21 15:52:19,2025-10-21 15:52:19,2025-10-21 15:52:19,饿了么支付-在线支付,,即时单,2025-10-21 15:52:19,10.20,自动出餐,1,否,"外卖柜取餐【有短信或者电话通知】（0.00*1）,【随心拼】双拼手握披萨[烤奥尔良鸡肉+夏威夷风情]（38.00*1）,葡式蛋挞1个（4.00*1）,餐盒（1.50*1）",楼下自取+双拼手握披萨【烤奥尔良鸡肉】+双拼手握披萨【夏威夷风情】+蛋挞1个,,,,非会员,46,,,依据餐量提供餐具；手机尾号：9282；送上楼,,42.00,14.26,25.20,0.00,0,0,0.84,0.00,1.60,【活动支出】单品特价:13.10元+【活动支出】单品特价:3.10元+【活动支出】饿了么红包:5.00元+【活动支出】 商家自营销加码:2.00元+【活动支出】粉丝群:2.00元+【活动支出】替用户承担配送费:1.6元,-,-,-,1.50,温州区域,温州直营,,,否,-,平台配送
圣比萨（温大C区店）,SBS00031,温州,"8067506088480544171	",饿了么,平台外卖,已完成,2025-10-21 16:01:34,2025-10-21 16:01:34,2025-10-21 16:01:34,饿了么支付-在线支付,,预约单,2025-10-21 17:15:00,28.50,自动出餐,1,否,"外卖柜取餐【有短信或者电话通知】（0.00*1）,芝士焗红薯泥（15.00*1）,新奥尔良鸡肉披萨-7英寸[{""name"":""规格"",""value"":""7英寸""}]（45.00*1）,餐盒（3.00*1）",楼下自取+芝士焗红薯泥+新奥尔良烤鸡肉披萨,,,,非会员,47,,,封签好，速速送达，谢谢！ / 1份餐具；手机尾号：7659；送上楼,,60.00,25.19,33.20,0.00,0,0,1.41,0.00,1.60,【活动支出】单品特价:5.10元+【活动支出】单品特价:21.10元+【活动支出】饿了么红包:5.00元+【活动支出】 商家自营销加码:2.00元+【活动支出】替用户承担配送费:1.6元,-,-,-,3.00,温州区域,温州直营,,,否,-,平台配送
圣比萨（温大C区店）,SBS00031,温州,"8063350254712226181	",饿了么,平台外卖,已完成,2025-10-21 16:04:41,2025-10-21 16:04:41,2025-10-21 16:04:41,饿了么支付-在线支付,,即时单,2025-10-21 16:04:41,10.08,自动出餐,1,否,"招牌大满贯披萨单人餐（64.00*1）,外卖柜取餐【有短信或者电话通知】（0.00*1）,餐盒（1.00*1）",招牌大满贯手握披萨+冰豆花（额外加糖）+楼下自取,,,,非会员,48,,,依据餐量提供餐具；手机尾号：5382；送上楼,,64.00,18.63,42.10,0.00,0,0,1.07,0.00,1.60,【活动支出】单品特价:35.10元+【活动支出】饿了么红包:7.00元+【活动支出】替用户承担配送费:1.6元,-,-,-,1.00,温州区域,温州直营,,,否,-,平台配送
圣比萨（温大C区店）,SBS00031,温州,"8050120254534144390	",饿了么,平台外卖,已完成,2025-10-21 16:04:52,2025-10-21 16:04:52,2025-10-21 16:04:52,饿了么支付-在线支付,,即时单,2025-10-21 16:04:52,10.07,自动出餐,1,否,圣BBQ烤鸡肉手握披萨+冰凉粉+上楼-单点-高校配（14.61*1）,烤奥尔良鸡肉手握披萨+冰凉粉,,,,非会员,49,,,依据餐量提供餐具；手机尾号：0412；送上楼,,14.61,9.60,1.40,0.00,0,0,0.00,0.00,,【活动支出】拼团正招玩法:1.40元,-,-,-,0.00,温州区域,温州直营,,,否,-,平台配送
圣比萨（温大C区店）,SBS00031,温州,"8024210254527770990	",饿了么,平台外卖,已完成,2025-10-21 16:04:53,2025-10-21 16:04:53,2025-10-21 16:04:53,饿了么支付-在线支付,,即时单,2025-10-21 16:04:53,10.10,自动出餐,1,否,圣BBQ烤鸡肉手握披萨+冰凉粉+上楼-单点-高校配（14.61*1）,烤奥尔良鸡肉手握披萨+冰凉粉,,,,非会员,50,,,依据餐量提供餐具；手机尾号：7326；送上楼,,14.61,9.60,1.40,0.00,0,0,0.00,0.00,,【活动支出】拼团正招玩法:1.40元,-,-,-,0.00,温州区域,温州直营,,,否,-,平台配送
圣比萨（温大C区店）,SBS00031,温州,"8068616088485525923	",饿了么,平台外卖,已完成,2025-10-21 16:05:48,2025-10-21 16:05:48,2025-10-21 16:05:48,饿了么支付-在线支付,,即时单,2025-10-21 16:05:48,10.22,自动出餐,1,否,"番茄牛肉意面（25.00*1）,送餐上楼【下午1-4点晚上7点之后放外卖柜】（0.00*1）,餐盒（2.00*1）",番茄牛肉意面+送餐上楼,,,,非会员,51,,,依据餐量提供餐具；手机尾号：9752；送上楼,,25.00,8.18,15.10,0.00,0,0,0.52,0.00,1.60,【活动支出】单品特价:6.10元+【活动支出】 商家自营销加码:2.00元+【活动支出】粉丝群:2.00元+【活动支出】饿了么红包:5.00元+【活动支出】替用户承担配送费:1.6元,-,-,-,2.00,温州区域,温州直营,,,否,-,平台配送
圣比萨（温大C区店）,SBS00031,温州,"8001410254534309216	",饿了么,平台外卖,已完成,2025-10-21 16:06:25,2025-10-21 16:06:25,2025-10-21 16:06:25,饿了么支付-在线支付,,即时单,2025-10-21 16:06:25,10.17,自动出餐,1,否,圣BBQ烤鸡肉手握披萨+冰凉粉+上楼-单点-高校配（14.61*1）,烤奥尔良鸡肉手握披萨+冰凉粉,,,,非会员,52,,,依据餐量提供餐具；手机尾号：6966；聚合送,,14.61,9.60,1.40,0.00,0,0,0.00,0.00,,【活动支出】拼团正招玩法:1.40元,-,-,-,0.00,温州区域,温州直营,,,否,-,平台配送
圣比萨（温大C区店）,SBS00031,温州,"8088370254707501543	",饿了么,平台外卖,已完成,2025-10-21 16:06:26,2025-10-21 16:06:26,2025-10-21 16:06:26,饿了么支付-在线支付,,即时单,2025-10-21 16:06:26,10.00,自动出餐,1,否,圣BBQ烤鸡肉手握披萨+冰凉粉+上楼-单点-高校配（14.61*1）,烤奥尔良鸡肉手握披萨+冰凉粉,,,,非会员,53,,,无需餐具；手机尾号：5209；送上楼,,14.61,9.60,1.40,0.00,0,0,0.00,0.00,,【活动支出】拼团正招玩法:1.40元,-,-,-,0.00,温州区域,温州直营,,,否,-,平台配送
圣比萨（温大C区店）,SBS00031,温州,"8072956088547144013	",饿了么,平台外卖,已完成,2025-10-21 16:09:01,2025-10-21 16:09:01,2025-10-21 16:09:02,饿了么支付-在线支付,,即时单,2025-10-21 16:09:01,10.05,自动出餐,1,否,圣BBQ烤鸡肉手握披萨+冰凉粉+上楼-单点-高校配（14.61*1）,烤奥尔良鸡肉手握披萨+冰凉粉,,,,非会员,54,,,依据餐量提供餐具；手机尾号：3872；送上楼,,14.61,9.60,1.40,0.00,0,0,0.00,0.00,,【活动支出】拼团正招玩法:1.40元,-,-,-,0.00,温州区域,温州直营,,,否,-,平台配送
圣比萨（温大C区店）,SBS00031,温州,"8077020254635466122	",饿了么,平台外卖,已完成,2025-10-21 16:09:03,2025-10-21 16:09:03,2025-10-21 16:09:03,饿了么支付-在线支付,,即时单,2025-10-21 16:09:03,10.23,自动出餐,1,否,番茄牛肉意面-单点（12.64*1）,番茄牛肉意面,,,,非会员,55,,,依据餐量提供餐具；手机尾号：6306；送上楼,,12.64,9.03,0.00,0.00,0,0,0.00,0.00,,【活动支出】拼团反圈活动:0.00元,-,-,-,0.00,温州区域,温州直营,,,否,-,平台配送
圣比萨（温大C区店）,SBS00031,温州,"8000896088522274077	",饿了么,平台外卖,已完成,2025-10-21 16:12:56,2025-10-21 16:12:56,2025-10-21 16:12:56,饿了么支付-在线支付,,即时单,2025-10-21 16:12:56,10.07,自动出餐,1,否,"外卖柜取餐【有短信或者电话通知】（0.00*1）,烤奥尔良鸡肉手握披萨（32.00*1）,餐盒（1.00*1）",楼下自取+烤奥尔良鸡肉手握披萨,,,,非会员,56,,,2份餐具；手机尾号：2116；送上楼,,32.00,11.98,17.10,0.00,0,0,0.72,0.00,1.60,【活动支出】单品特价:10.10元+【活动支出】饿了么红包:5.00元+【活动支出】 商家自营销加码:2.00元+【活动支出】CPS商户叠加券:0.00元+【活动支出】替用户承担配送费:1.6元,-,-,-,1.00,温州区域,温州直营,,,否,-,平台配送
圣比萨（温大C区店）,SBS00031,温州,"8095746088506330454	",饿了么,平台外卖,已完成,2025-10-21 16:13:13,2025-10-21 16:13:13,2025-10-21 16:13:13,饿了么支付-在线支付,,即时单,2025-10-21 16:13:13,10.22,自动出餐,1,否,圣BBQ烤鸡肉手握披萨+冰凉粉+上楼-单点-高校配（14.61*1）,烤奥尔良鸡肉手握披萨+冰凉粉,,,,非会员,57,,,依据餐量提供餐具；手机尾号：7597；送上楼,,14.61,9.60,1.40,0.00,0,0,0.00,0.00,,【活动支出】拼团正招玩法:1.40元,-,-,-,0.00,温州区域,温州直营,,,否,-,平台配送
圣比萨（温大C区店）,SBS00031,温州,"8054260254620129578	",饿了么,平台外卖,已完成,2025-10-21 16:15:12,2025-10-21 16:15:12,2025-10-21 16:15:12,饿了么支付-在线支付,,即时单,2025-10-21 16:15:12,10.13,自动出餐,1,否,"送餐上楼【下午1-4点晚上7点之后放外卖柜】（0.00*1）,烤奥尔良鸡肉手握披萨（32.00*1）,餐盒（1.00*1）",送餐上楼+烤奥尔良鸡肉手握披萨,,,,非会员,58,,,依据餐量提供餐具；手机尾号：6119；送上楼,,32.00,11.98,17.10,0.00,0,0,0.72,0.00,1.60,【活动支出】单品特价:10.10元+【活动支出】饿了么红包:5.00元+【活动支出】 商家自营销加码:2.00元+【活动支出】CPS商户叠加券:0.00元+【活动支出】淘金币:0.00元+【活动支出】替用户承担配送费:1.6元,-,-,-,1.00,温州区域,温州直营,,,否,-,平台配送
圣比萨（温大C区店）,SBS00031,温州,"8002090254719629610	",饿了么,平台外卖,已完成,2025-10-21 16:16:08,2025-10-21 16:16:08,2025-10-21 16:16:08,饿了么支付-在线支付,,即时单,2025-10-21 16:16:08,10.18,自动出餐,1,否,"番茄牛肉意面（25.00*1）,外卖柜取餐【有短信或者电话通知】（0.00*1）,餐盒（2.00*1）",番茄牛肉意面+楼下自取,,,,非会员,59,,,放外卖柜 / 依据餐量提供餐具；手机尾号：7896；送上楼,,25.00,10.08,13.10,0.00,0,0,0.62,0.00,1.60,【活动支出】单品特价:6.10元+【活动支出】 商家自营销加码:2.00元+【活动支出】CPS商户叠加券:0.00元+【活动支出】饿了么红包:5.00元+【活动支出】替用户承担配送费:1.6元,-,-,-,2.00,温州区域,温州直营,,,否,-,平台配送
圣比萨（温大C区店）,SBS00031,温州,"8061440254720894209	",饿了么,平台外卖,已完成,2025-10-21 16:17:42,2025-10-21 16:17:42,2025-10-21 16:17:43,饿了么支付-在线支付,,即时单,2025-10-21 16:17:42,10.23,自动出餐,1,否,"#点击右上角收藏❤0.01多加5g芝士(只能加披萨里)（5.00*1）,照烧鸡肉单人餐（冰豆花自选)（58.00*1）,送餐上楼【下午1-4点晚上7点之后放外卖柜】（0.00*1）,餐盒（1.00*1）",芝士5克+冰豆花（额外加糖）+照烧鸡肉手握披萨+送餐上楼,,,,非会员,60,,,依据餐量提供餐具；手机尾号：7653；送上楼,,63.00,11.13,49.00,0.00,0,0,0.67,0.00,1.60,【活动支出】单品特价:4.90元+【活动支出】单品特价:32.10元+【活动支出】 商家自营销加码:2.00元+【活动支出】订单集点返红包:5.00元+【活动支出】饿了么红包:5.00元+【活动支出】替用户承担配送费:1.6元,-,-,-,1.00,温州区域,温州直营,,,否,-,平台配送
圣比萨（温大C区店）,SBS00031,温州,"8048160254530055662	",饿了么,平台外卖,已完成,2025-10-21 16:17:59,2025-10-21 16:17:59,2025-10-21 16:17:59,饿了么支付-在线支付,,预约单,2025-10-21 17:55:00,52.20,自动出餐,1,否,"外卖柜取餐【有短信或者电话通知】（0.00*1）,#点击右上角收藏❤0.01多加5g芝士(只能加披萨里)（5.00*1）,烤奥尔良鸡肉手握披萨（32.00*1）,餐盒（1.00*1）",楼下自取+芝士5克+烤奥尔良鸡肉手握披萨,,,,非会员,61,,,依据餐量提供餐具；手机尾号：3077；送上楼,,37.00,12.08,22.00,0.00,0,0,0.72,0.00,1.60,【活动支出】单品特价:4.90元+【活动支出】单品特价:10.10元+【活动支出】饿了么红包:5.00元+【活动支出】 商家自营销加码:2.00元+【活动支出】CPS商户叠加券:0.00元+【活动支出】淘金币:0.00元+【活动支出】替用户承担配送费:1.6元,-,-,-,1.00,温州区域,温州直营,,,否,-,平台配送
圣比萨（温大C区店）,SBS00031,温州,"8013516088487645645	",饿了么,平台外卖,已完成,2025-10-21 16:21:11,2025-10-21 16:21:11,2025-10-21 16:21:11,饿了么支付-在线支付,,即时单,2025-10-21 16:21:11,10.17,自动出餐,1,否,番茄牛肉意面-单点（12.64*1）,番茄牛肉意面,,,,非会员,62,,,依据餐量提供餐具；手机尾号：7290；送上楼,,12.64,9.03,0.00,0.00,0,0,0.00,0.00,,【活动支出】拼团反圈活动:0.00元,-,-,-,0.00,温州区域,温州直营,,,否,-,平台配送
圣比萨（温大C区店）,SBS00031,温州,"8028130254535931240	",饿了么,平台外卖,已完成,2025-10-21 16:23:21,2025-10-21 16:23:21,2025-10-21 16:23:21,饿了么支付-在线支付,,即时单,2025-10-21 16:23:21,10.07,自动出餐,1,否,"外卖柜取餐【有短信或者电话通知】（0.00*1）,烤奥尔良鸡肉手握披萨（32.00*1）,餐盒（1.00*1）",楼下自取+烤奥尔良鸡肉手握披萨,,,,非会员,63,,,无需餐具；手机尾号：9329；送上楼,,32.00,10.08,19.10,0.00,0,0,0.62,0.00,1.60,【活动支出】单品特价:10.10元+【活动支出】饿了么红包:5.00元+【活动支出】 商家自营销加码:2.00元+【活动支出】精准营销:2.00元+【活动支出】替用户承担配送费:1.6元,-,-,-,1.00,温州区域,温州直营,,,否,-,平台配送
圣比萨（温大C区店）,SBS00031,温州,"8018260254719405452	",饿了么,平台外卖,已完成,2025-10-21 16:25:10,2025-10-21 16:25:10,2025-10-21 16:25:10,饿了么支付-在线支付,,即时单,2025-10-21 16:25:10,10.07,自动出餐,1,否,圣BBQ烤鸡肉手握披萨+冰凉粉+上楼-单点-高校配（14.61*1）,烤奥尔良鸡肉手握披萨+冰凉粉,,,,非会员,64,,,依据餐量提供餐具；手机尾号：6890；聚合送,,14.61,9.60,1.40,0.00,0,0,0.00,0.00,,【活动支出】拼团正招玩法:1.40元,-,-,-,0.00,温州区域,温州直营,,,否,-,平台配送
圣比萨（温大C区店）,SBS00031,温州,"8072030254625851721	",饿了么,平台外卖,已完成,2025-10-21 16:25:10,2025-10-21 16:25:10,2025-10-21 16:25:11,饿了么支付-在线支付,,即时单,2025-10-21 16:25:10,10.15,自动出餐,1,否,圣BBQ烤鸡肉手握披萨+冰凉粉+上楼-单点-高校配（14.61*1）,烤奥尔良鸡肉手握披萨+冰凉粉,,,,非会员,65,,,依据餐量提供餐具；手机尾号：7049；送上楼,,14.61,9.60,1.40,0.00,0,0,0.00,0.00,,【活动支出】拼团正招玩法:1.40元,-,-,-,0.00,温州区域,温州直营,,,否,-,平台配送
圣比萨（温大C区店）,SBS00031,温州,"8034040254533772646	",饿了么,平台外卖,已完成,2025-10-21 16:25:11,2025-10-21 16:25:11,2025-10-21 16:25:11,饿了么支付-在线支付,,即时单,2025-10-21 16:25:11,10.12,自动出餐,1,否,"外卖柜取餐【有短信或者电话通知】（0.00*1）,BBQ烤鸡肉单人餐（58.00*1）,餐盒（1.00*1）",楼下自取+烤奥尔良鸡肉手握披萨+焦糖冰豆花,,,,非会员,66,,,依据餐量提供餐具；手机尾号：5767；送上楼,,58.00,16.73,38.10,0.00,0,0,0.97,0.00,1.60,【活动支出】单品特价:31.10元+【活动支出】饿了么红包:5.00元+【活动支出】 商家自营销加码:2.00元+【活动支出】替用户承担配送费:1.6元,-,-,-,1.00,温州区域,温州直营,,,否,-,平台配送
圣比萨（温大C区店）,SBS00031,温州,"8039996088526973309	",饿了么,平台外卖,已完成,2025-10-21 16:25:50,2025-10-21 16:25:50,2025-10-21 16:25:51,饿了么支付-在线支付,,即时单,2025-10-21 16:25:50,10.08,自动出餐,1,否,蛋挞2个-单点（8.51*1）,蛋挞,,,,非会员,67,,,依据餐量提供餐具；手机尾号：6686；送上楼,,8.51,4.90,0.00,0.00,0,0,0.00,0.00,,【活动支出】拼团反圈活动:0.00元,-,-,-,0.00,温州区域,温州直营,,,否,-,平台配送
圣比萨（温大C区店）,SBS00031,温州,"8064030254537042255	",饿了么,平台外卖,已完成,2025-10-21 16:28:06,2025-10-21 16:28:06,2025-10-21 16:28:06,饿了么支付-在线支付,,即时单,2025-10-21 16:28:06,10.13,自动出餐,1,否,"番茄牛肉意面（25.00*1）,外卖柜取餐【有短信或者电话通知】（0.00*1）,葡式蛋挞1个（4.00*1）,烤奥尔良鸡肉手握披萨（32.00*1）,餐盒（3.50*1）",番茄牛肉意面+楼下自取+蛋挞1个+烤奥尔良鸡肉手握披萨,,,,非会员,68,,,依据餐量提供餐具；手机尾号：0725；送上楼,,61.00,31.27,28.30,0.00,0,0,1.73,0.00,1.60,【活动支出】店铺满减:1.00元+【活动支出】单品特价:6.10元+【活动支出】单品特价:3.10元+【活动支出】单品特价:10.10元+【活动支出】 商家自营销加码:2.00元+【活动支出】饿了么红包:6.00元+【活动支出】替用户承担配送费:1.6元,-,-,-,3.50,温州区域,温州直营,,,否,-,平台配送
圣比萨（温大C区店）,SBS00031,温州,"8021140254644655413	",饿了么,平台外卖,已完成,2025-10-21 16:28:34,2025-10-21 16:28:34,2025-10-21 16:28:35,饿了么支付-在线支付,,即时单,2025-10-21 16:28:34,10.12,自动出餐,1,否,圣BBQ烤鸡肉手握披萨+冰凉粉+上楼-单点-高校配（14.61*1）,烤奥尔良鸡肉手握披萨+冰凉粉,,,,非会员,69,,,依据餐量提供餐具；手机尾号：9340；送上楼,,14.61,9.60,1.40,0.00,0,0,0.00,0.00,,【活动支出】拼团正招玩法:1.40元,-,-,-,0.00,温州区域,温州直营,,,否,-,平台配送
圣比萨（温大C区店）,SBS00031,温州,"8018606088531164495	",饿了么,平台外卖,已完成,2025-10-21 16:28:43,2025-10-21 16:28:43,2025-10-21 16:28:43,饿了么支付-在线支付,,即时单,2025-10-21 16:28:43,10.13,自动出餐,1,否,圣BBQ烤鸡肉手握披萨+冰凉粉+上楼-单点-高校配（14.61*1）,烤奥尔良鸡肉手握披萨+冰凉粉,,,,非会员,70,,,依据餐量提供餐具；手机尾号：5022；聚合送,,14.61,9.60,1.40,0.00,0,0,0.00,0.00,,【活动支出】拼团正招玩法:1.40元,-,-,-,0.00,温州区域,温州直营,,,否,-,平台配送
圣比萨（温大C区店）,SBS00031,温州,"8080400254721888737	",饿了么,平台外卖,已完成,2025-10-21 16:29:06,2025-10-21 16:29:06,2025-10-21 16:29:06,饿了么支付-在线支付,,即时单,2025-10-21 16:29:06,10.20,自动出餐,1,否,圣BBQ烤鸡肉手握披萨+冰凉粉+上楼-单点-高校配（14.61*1）,烤奥尔良鸡肉手握披萨+冰凉粉,,,,非会员,71,,,依据餐量提供餐具；手机尾号：8257；送上楼,,14.61,9.60,1.40,0.00,0,0,0.00,0.00,,【活动支出】拼团正招玩法:1.40元,-,-,-,0.00,温州区域,温州直营,,,否,-,平台配送
圣比萨（温大C区店）,SBS00031,温州,"8070776088548936160	",饿了么,平台外卖,已完成,2025-10-21 16:29:10,2025-10-21 16:29:10,2025-10-21 16:29:10,饿了么支付-在线支付,,即时单,2025-10-21 16:29:10,10.07,自动出餐,1,否,圣BBQ烤鸡肉手握披萨+冰凉粉+上楼-单点-高校配（14.61*1）,烤奥尔良鸡肉手握披萨+冰凉粉,,,,非会员,72,,,依据餐量提供餐具；手机尾号：5876；送上楼,,14.61,9.60,1.40,0.00,0,0,0.00,0.00,,【活动支出】拼团正招玩法:1.40元,-,-,-,0.00,温州区域,温州直营,,,否,-,平台配送
圣比萨（温大C区店）,SBS00031,温州,"8014390254623508780	",饿了么,平台外卖,已完成,2025-10-21 16:30:40,2025-10-21 16:30:40,2025-10-21 16:30:40,饿了么支付-在线支付,,即时单,2025-10-21 16:30:40,10.15,自动出餐,1,否,圣BBQ烤鸡肉手握披萨+冰凉粉+上楼-单点-高校配（14.61*1）,烤奥尔良鸡肉手握披萨+冰凉粉,,,,非会员,73,,,依据餐量提供餐具；手机尾号：7213；送上楼,,14.61,9.60,1.40,0.00,0,0,0.00,0.00,,【活动支出】拼团正招玩法:1.40元,-,-,-,0.00,温州区域,温州直营,,,否,-,平台配送
圣比萨（温大C区店）,SBS00031,温州,"8080080254719005059	",饿了么,平台外卖,已完成,2025-10-21 16:30:41,2025-10-21 16:30:41,2025-10-21 16:30:41,饿了么支付-在线支付,,即时单,2025-10-21 16:30:41,10.08,自动出餐,1,否,蛋挞2个-单点（8.51*1）,蛋挞,,,,非会员,74,,,依据餐量提供餐具；手机尾号：5350；送上楼,,8.51,4.90,0.00,0.00,0,0,0.00,0.00,,【活动支出】拼团反圈活动:0.00元,-,-,-,0.00,温州区域,温州直营,,,否,-,平台配送
圣比萨（温大C区店）,SBS00031,温州,"8001876088557835587	",饿了么,平台外卖,已完成,2025-10-21 16:35:15,2025-10-21 16:35:15,2025-10-21 16:35:15,饿了么支付-在线支付,,即时单,2025-10-21 16:35:15,10.05,自动出餐,1,否,"#点击右上角收藏❤0.01多加5g芝士(只能加披萨里)（5.00*1）,送餐上楼【下午1-4点晚上7点之后放外卖柜】（0.00*1）,日系照烧鸡肉披萨-7英寸[{""name"":""规格"",""value"":""7英寸""}]（45.00*1）",芝士5克+送餐上楼+日系照烧鸡披萨,,,,非会员,75,,,依据餐量提供餐具；手机尾号：3037；送上楼,,50.00,13.03,33.00,0.00,0,0,0.77,0.00,1.60,【活动支出】单品特价:4.90元+【活动支出】单品特价:21.10元+【活动支出】 商家自营销加码:2.00元+【活动支出】饿了么红包:5.00元+【活动支出】替用户承担配送费:1.6元,-,-,-,0.00,温州区域,温州直营,,,否,-,平台配送
圣比萨（温大C区店）,SBS00031,温州,"8056716088499415429	",饿了么,平台外卖,已完成,2025-10-21 16:38:39,2025-10-21 16:38:39,2025-10-21 16:38:39,饿了么支付-在线支付,,即时单,2025-10-21 16:38:39,10.02,自动出餐,1,否,"送餐上楼【下午1-4点晚上7点之后放外卖柜】（0.00*1）,烤奥尔良鸡肉手握披萨（32.00*1）,餐盒（1.00*1）",送餐上楼+烤奥尔良鸡肉手握披萨,,,,非会员,76,,,依据餐量提供餐具；手机尾号：7829；聚合送,,32.00,10.08,19.10,0.00,0,0,0.62,0.00,1.60,【活动支出】单品特价:10.10元+【活动支出】饿了么红包:5.00元+【活动支出】 商家自营销加码:2.00元+【活动支出】粉丝群:2.00元+【活动支出】替用户承担配送费:1.6元,-,-,-,1.00,温州区域,温州直营,,,否,-,平台配送
圣比萨（温大C区店）,SBS00031,温州,"8083470254655488414	",饿了么,平台外卖,已完成,2025-10-21 16:38:45,2025-10-21 16:38:45,2025-10-21 16:38:45,饿了么支付-在线支付,,即时单,2025-10-21 16:38:45,10.03,自动出餐,1,否,"外卖柜取餐【有短信或者电话通知】（0.00*1）,DIY单人套餐（主食小吃饮品自选）（48.00*1）,餐盒（1.00*1）",楼下自取+小雪碧+盐酥鸡粒+咖喱鸡肉芝士焗饭,,,,非会员,77,,,依据餐量提供餐具；手机尾号：8128；送上楼,,48.00,17.68,27.10,0.00,0,0,1.02,0.00,1.60,【活动支出】单品特价:20.10元+【活动支出】饿了么红包:5.00元+【活动支出】 商家自营销加码:2.00元+【活动支出】替用户承担配送费:1.6元,-,-,-,1.00,温州区域,温州直营,,,否,-,平台配送
圣比萨（温大C区店）,SBS00031,温州,"8054546088552427796	",饿了么,平台外卖,已完成,2025-10-21 16:41:57,2025-10-21 16:41:57,2025-10-21 16:41:58,饿了么支付-在线支付,,即时单,2025-10-21 16:41:57,10.15,自动出餐,1,否,圣BBQ烤鸡肉手握披萨+冰凉粉+上楼-单点-高校配（14.61*1）,烤奥尔良鸡肉手握披萨+冰凉粉,,,,非会员,78,,,2份餐具；手机尾号：9372；送上楼,,14.61,9.60,1.40,0.00,0,0,0.00,0.00,,【活动支出】拼团正招玩法:1.40元,-,-,-,0.00,温州区域,温州直营,,,否,-,平台配送
圣比萨（温大C区店）,SBS00031,温州,"8095766088499807729	",饿了么,平台外卖,已完成,2025-10-21 16:42:05,2025-10-21 16:42:05,2025-10-21 16:42:05,饿了么支付-在线支付,,即时单,2025-10-21 16:42:05,10.12,自动出餐,1,否,蛋挞2个-单点（8.51*1）,蛋挞,,,,非会员,79,,,依据餐量提供餐具；手机尾号：3870；聚合送,,8.51,4.90,0.00,0.00,0,0,0.00,0.00,,【活动支出】拼团反圈活动:0.00元,-,-,-,0.00,温州区域,温州直营,,,否,-,平台配送
圣比萨（温大C区店）,SBS00031,温州,"8082566088500219282	",饿了么,平台外卖,已完成,2025-10-21 16:42:58,2025-10-21 16:42:58,2025-10-21 16:42:58,饿了么支付-在线支付,,即时单,2025-10-21 16:42:58,10.07,自动出餐,1,否,圣BBQ烤鸡肉手握披萨+冰凉粉+上楼-单点-高校配（14.61*1）,烤奥尔良鸡肉手握披萨+冰凉粉,,,,非会员,80,,,1份餐具；手机尾号：0981；送上楼,,14.61,9.60,1.40,0.00,0,0,0.00,0.00,,【活动支出】拼团正招玩法:1.40元,-,-,-,0.00,温州区域,温州直营,,,否,-,平台配送
圣比萨（温大C区店）,SBS00031,温州,"8030636088494924182	",饿了么,平台外卖,已完成,2025-10-21 16:43:03,2025-10-21 16:43:03,2025-10-21 16:43:04,饿了么支付-在线支付,,即时单,2025-10-21 16:43:03,10.07,自动出餐,1,否,番茄牛肉意面-单点（12.64*1）,番茄牛肉意面,,,,非会员,81,,,依据餐量提供餐具；手机尾号：4506；送上楼,,12.64,9.03,0.00,0.00,0,0,0.00,0.00,,【活动支出】拼团反圈活动:0.00元,-,-,-,0.00,温州区域,温州直营,,,否,-,平台配送
圣比萨（温大C区店）,SBS00031,温州,"8012350254545249706	",饿了么,平台外卖,已完成,2025-10-21 16:43:46,2025-10-21 16:43:46,2025-10-21 16:43:47,饿了么支付-在线支付,,即时单,2025-10-21 16:43:46,10.05,自动出餐,1,否,"照烧鸡肉手握披萨（32.00*1）,送餐上楼【下午1-4点晚上7点之后放外卖柜】（0.00*1）,上校鸡块3个（7.00*1）,餐盒（2.00*1）",照烧鸡肉手握披萨+送餐上楼+上校鸡块3个,,,,非会员,82,,,1份餐具；手机尾号：7506；送上楼,,39.00,16.92,19.90,0.00,0,0,0.98,0.00,1.60,【活动支出】单品特价:10.10元+【活动支出】单品特价:2.80元+【活动支出】 商家自营销加码:2.00元+【活动支出】饿了么红包:5.00元+【活动支出】替用户承担配送费:1.6元,-,-,-,2.00,温州区域,温州直营,,,否,-,平台配送
圣比萨（温大C区店）,SBS00031,温州,"8044566088558556461	",饿了么,平台外卖,已完成,2025-10-21 16:43:58,2025-10-21 16:43:58,2025-10-21 16:43:59,饿了么支付-在线支付,,即时单,2025-10-21 16:43:58,10.07,自动出餐,1,否,圣BBQ烤鸡肉手握披萨+冰凉粉+上楼-单点-高校配（14.61*1）,烤奥尔良鸡肉手握披萨+冰凉粉,,,,非会员,83,,,依据餐量提供餐具；手机尾号：0976；聚合送,,14.61,9.60,1.40,0.00,0,0,0.00,0.00,,【活动支出】拼团正招玩法:1.40元,-,-,-,0.00,温州区域,温州直营,,,否,-,平台配送
圣比萨（温大C区店）,SBS00031,温州,"8035260254540248414	",饿了么,平台外卖,已完成,2025-10-21 16:44:01,2025-10-21 16:44:01,2025-10-21 16:44:01,饿了么支付-在线支付,,即时单,2025-10-21 16:44:01,10.13,自动出餐,1,否,圣BBQ烤鸡肉手握披萨+冰凉粉+上楼-单点-高校配（14.61*1）,烤奥尔良鸡肉手握披萨+冰凉粉,,,,非会员,84,,,依据餐量提供餐具；手机尾号：2215；送上楼,,14.61,9.60,1.40,0.00,0,0,0.00,0.00,,【活动支出】拼团正招玩法:1.40元,-,-,-,0.00,温州区域,温州直营,,,否,-,平台配送
圣比萨（温大C区店）,SBS00031,温州,"8037340254630262149	",饿了么,平台外卖,已完成,2025-10-21 16:46:55,2025-10-21 16:46:55,2025-10-21 16:46:55,饿了么支付-在线支付,,即时单,2025-10-21 16:46:55,10.12,自动出餐,1,否,"外卖柜取餐【有短信或者电话通知】（0.00*1）,BBQ烤鸡肉单人餐（58.00*1）,餐盒（1.00*1）",楼下自取+烤奥尔良鸡肉手握披萨+原味冰豆花,,,,非会员,85,,,依据餐量提供餐具；手机尾号：5613；送上楼,,58.00,16.73,38.10,0.00,0,0,0.97,0.00,1.60,【活动支出】单品特价:31.10元+【活动支出】饿了么红包:5.00元+【活动支出】 商家自营销加码:2.00元+【活动支出】CPS商户叠加券:0.00元+【活动支出】替用户承担配送费:1.6元,-,-,-,1.00,温州区域,温州直营,,,否,-,平台配送
圣比萨（温大C区店）,SBS00031,温州,"8039916088519893482	",饿了么,平台外卖,已完成,2025-10-21 16:48:01,2025-10-21 16:48:01,2025-10-21 16:48:01,饿了么支付-在线支付,,即时单,2025-10-21 16:48:01,10.03,自动出餐,1,否,"番茄牛肉意面（25.00*1）,送餐上楼【下午1-4点晚上7点之后放外卖柜】（0.00*1）,餐盒（2.00*1）",番茄牛肉意面+送餐上楼,,,,非会员,86,,,依据餐量提供餐具；手机尾号：8626；送上楼,,25.00,10.08,13.10,0.00,0,0,0.62,0.00,1.60,【活动支出】单品特价:6.10元+【活动支出】 商家自营销加码:2.00元+【活动支出】饿了么红包:5.00元+【活动支出】替用户承担配送费:1.6元,-,-,-,2.00,温州区域,温州直营,,,否,-,平台配送
圣比萨（温大C区店）,SBS00031,温州,"8081746088503932376	",饿了么,平台外卖,已完成,2025-10-21 16:52:47,2025-10-21 16:52:47,2025-10-21 16:52:47,饿了么支付-在线支付,,即时单,2025-10-21 16:52:47,10.20,自动出餐,1,否,"送餐上楼【下午1-4点晚上7点之后放外卖柜】（0.00*1）,【招牌披萨】任选披萨+冰豆花+小吃（63.00*1）,餐盒（1.00*1）",送餐上楼+金沙咸蛋黄嫩鸡手握披萨+上校鸡块3个+红豆龙井冰豆花,,,,非会员,87,,,依据餐量提供餐具；手机尾号：5669；送上楼,,63.00,28.13,31.10,0.00,0,0,1.57,0.00,1.60,【活动支出】店铺满减:1.00元+【活动支出】单品特价:23.10元+【活动支出】饿了么红包:5.00元+【活动支出】 商家自营销加码:2.00元+【活动支出】替用户承担配送费:1.6元,-,-,-,1.00,温州区域,温州直营,,,否,-,平台配送
圣比萨（温大C区店）,SBS00031,温州,"8094150254551466424	",饿了么,平台外卖,已完成,2025-10-21 16:54:15,2025-10-21 16:54:15,2025-10-21 16:54:15,饿了么支付-在线支付,,即时单,2025-10-21 16:54:15,10.20,自动出餐,1,否,蛋挞2个-单点（8.51*1）,蛋挞,,,,非会员,88,,,依据餐量提供餐具；手机尾号：6205；送上楼,,8.51,4.90,0.00,0.00,0,0,0.00,0.00,,【活动支出】拼团反圈活动:0.00元,-,-,-,0.00,温州区域,温州直营,,,否,-,平台配送
圣比萨（温大C区店）,SBS00031,温州,"8003776088556548484	",饿了么,平台外卖,已完成,2025-10-21 16:54:17,2025-10-21 16:54:17,2025-10-21 16:54:18,饿了么支付-在线支付,,即时单,2025-10-21 16:54:17,10.03,自动出餐,1,否,圣BBQ烤鸡肉手握披萨+冰凉粉+上楼-单点-高校配（14.61*1）,烤奥尔良鸡肉手握披萨+冰凉粉,,,,非会员,89,,,依据餐量提供餐具；手机尾号：0896；送上楼,,14.61,9.60,1.40,0.00,0,0,0.00,0.00,,【活动支出】拼团正招玩法:1.40元,-,-,-,0.00,温州区域,温州直营,,,否,-,平台配送
圣比萨（温大C区店）,SBS00031,温州,"8037916088562760041	",饿了么,平台外卖,已完成,2025-10-21 16:55:34,2025-10-21 16:55:34,2025-10-21 16:55:35,饿了么支付-在线支付,,即时单,2025-10-21 16:55:34,10.13,自动出餐,1,否,"外卖柜取餐【有短信或者电话通知】（0.00*1）,日系照烧鸡肉披萨-7英寸[{""name"":""规格"",""value"":""7英寸""}]（45.00*1）",楼下自取+日系照烧鸡披萨,,,,非会员,90,,,依据餐量提供餐具；手机尾号：1256；送上楼,,45.00,12.93,28.10,0.00,0,0,0.77,0.00,1.60,【活动支出】单品特价:21.10元+【活动支出】饿了么红包:5.00元+【活动支出】 商家自营销加码:2.00元+【活动支出】CPS商户叠加券:0.00元+【活动支出】淘金币:0.00元+【活动支出】替用户承担配送费:1.6元,-,-,-,0.00,温州区域,温州直营,,,否,-,平台配送
圣比萨（温大C区店）,SBS00031,温州,"8053040254655748492	",饿了么,平台外卖,已完成,2025-10-21 17:00:03,2025-10-21 17:00:03,2025-10-21 17:00:03,饿了么支付-在线支付,,即时单,2025-10-21 17:00:03,10.02,自动出餐,1,否,圣BBQ烤鸡肉手握披萨+冰凉粉+上楼-单点-高校配（14.61*1）,烤奥尔良鸡肉手握披萨+冰凉粉,,,,非会员,91,,,依据餐量提供餐具；手机尾号：9772；送上楼,,14.61,9.60,1.40,0.00,0,0,0.00,0.00,,【活动支出】拼团正招玩法:1.40元,-,-,-,0.00,温州区域,温州直营,,,否,-,平台配送
圣比萨（温大C区店）,SBS00031,温州,"8007656088510735722	",饿了么,平台外卖,已完成,2025-10-21 17:02:58,2025-10-21 17:02:58,2025-10-21 17:02:58,饿了么支付-在线支付,,即时单,2025-10-21 17:02:58,10.18,自动出餐,1,否,"外卖柜取餐【有短信或者电话通知】（0.00*1）,DIY单人套餐（主食小吃饮品自选）（48.00*1）,餐盒（1.00*1）",楼下自取+小雪碧+蛋挞+烤奥尔良鸡肉手握披萨,,,,非会员,92,,,依据餐量提供餐具；手机尾号：2729；送上楼,,48.00,15.78,29.10,0.00,0,0,0.92,0.00,1.60,【活动支出】单品特价:20.10元+【活动支出】饿了么红包:5.00元+【活动支出】 商家自营销加码:2.00元+【活动支出】粉丝群:2.00元+【活动支出】替用户承担配送费:1.6元,-,-,-,1.00,温州区域,温州直营,,,否,-,平台配送
圣比萨（温大C区店）,SBS00031,温州,"8093596088527637903	",饿了么,平台外卖,已完成,2025-10-21 17:04:40,2025-10-21 17:04:40,2025-10-21 17:04:40,饿了么支付-在线支付,,即时单,2025-10-21 17:04:40,10.00,自动出餐,1,否,"【随心拼】双拼手握披萨[日系照烧鸡+老酸奶水果]（38.00*1）,外卖柜取餐【有短信或者电话通知】（0.00*1）,#点击右上角收藏❤0.01多加5g芝士(只能加披萨里)（5.00*1）,葡式蛋挞1个（4.00*1）,餐盒（1.50*1）",双拼手握披萨【日系照烧鸡】+双拼手握披萨【老酸奶水果】+楼下自取+芝士5克+蛋挞1个,,,,非会员,93,,,依据餐量提供餐具；手机尾号：2943；聚合送,,47.00,14.36,30.10,0.00,0,0,0.84,0.00,1.60,【活动支出】单品特价:13.10元+【活动支出】单品特价:4.90元+【活动支出】单品特价:3.10元+【活动支出】 商家自营销加码:2.00元+【活动支出】粉丝群:2.00元+【活动支出】饿了么红包:5.00元+【活动支出】替用户承担配送费:1.6元,-,-,-,1.50,温州区域,温州直营,,,否,-,平台配送
圣比萨（温大C区店）,SBS00031,温州,"8080200254737991092	",饿了么,平台外卖,已完成,2025-10-21 17:06:22,2025-10-21 17:06:22,2025-10-21 17:06:23,饿了么支付-在线支付,,即时单,2025-10-21 17:06:22,10.13,自动出餐,1,否,"送餐上楼【下午1-4点晚上7点之后放外卖柜】（0.00*1）,烤奥尔良鸡肉手握披萨（32.00*1）,餐盒（1.00*1）",送餐上楼+烤奥尔良鸡肉手握披萨,,,,非会员,94,,,依据餐量提供餐具；手机尾号：2356；送上楼,,32.00,10.08,19.10,0.00,0,0,0.62,0.00,1.60,【活动支出】单品特价:10.10元+【活动支出】饿了么红包:5.00元+【活动支出】 商家自营销加码:2.00元+【活动支出】精准营销:2.00元+【活动支出】替用户承担配送费:1.6元,-,-,-,1.00,温州区域,温州直营,,,否,-,平台配送
圣比萨（温大C区店）,SBS00031,温州,"8066886088552039790	",饿了么,平台外卖,已完成,2025-10-21 17:12:57,2025-10-21 17:12:57,2025-10-21 17:12:57,饿了么支付-在线支付,,即时单,2025-10-21 17:12:57,10.05,自动出餐,1,否,"送餐上楼【下午1-4点晚上7点之后放外卖柜】（0.00*1）,DIY单人套餐（主食小吃饮品自选）（48.00*1）,餐盒（1.00*1）",送餐上楼+小雪碧+地道肠1根+烤奥尔良鸡肉手握披萨,,,,非会员,95,,,依据餐量提供餐具；手机尾号：0720；送上楼,,48.00,17.68,27.10,0.00,0,0,1.02,0.00,1.60,【活动支出】单品特价:20.10元+【活动支出】饿了么红包:7.00元+【活动支出】替用户承担配送费:1.6元,-,-,-,1.00,温州区域,温州直营,,,否,-,平台配送
圣比萨（温大C区店）,SBS00031,温州,"8099726088569964886	",饿了么,平台外卖,已完成,2025-10-21 17:15:41,2025-10-21 17:15:41,2025-10-21 17:15:41,饿了么支付-在线支付,,即时单,2025-10-21 17:15:41,10.12,自动出餐,1,否,蛋挞2个-单点（8.51*1）,蛋挞,,,,非会员,96,,,依据餐量提供餐具；手机尾号：8136；送上楼,,8.51,4.90,0.00,0.00,0,0,0.00,0.00,,【活动支出】拼团反圈活动:0.00元,-,-,-,0.00,温州区域,温州直营,,,否,-,平台配送
圣比萨（温大C区店）,SBS00031,温州,"8065726088517386523	",饿了么,平台外卖,已完成,2025-10-21 17:20:54,2025-10-21 17:20:54,2025-10-21 17:20:54,饿了么支付-在线支付,,即时单,2025-10-21 17:20:54,10.15,自动出餐,1,否,蛋挞2个-单点（8.51*1）,蛋挞,,,,非会员,97,,,1份餐具；手机尾号：2671；送上楼,,8.51,4.90,0.00,0.00,0,0,0.00,0.00,,【活动支出】拼团反圈活动:0.00元,-,-,-,0.00,温州区域,温州直营,,,否,-,平台配送
圣比萨（温大C区店）,SBS00031,温州,"8099460254656339388	",饿了么,平台外卖,已完成,2025-10-21 17:28:22,2025-10-21 17:28:22,2025-10-21 17:28:22,饿了么支付-在线支付,,即时单,2025-10-21 17:28:22,10.02,自动出餐,1,否,"外卖柜取餐【有短信或者电话通知】（0.00*1）,DIY单人套餐（主食小吃饮品自选）（48.00*1）,餐盒（1.00*1）",楼下自取+小可乐+盐酥鸡粒+烤奥尔良鸡肉手握披萨,,,,非会员,98,,,依据餐量提供餐具；手机尾号：8163；送上楼,,48.00,15.78,29.10,0.00,0,0,0.92,0.00,1.60,【活动支出】单品特价:20.10元+【活动支出】饿了么红包:5.00元+【活动支出】 商家自营销加码:2.00元+【活动支出】精准营销:2.00元+【活动支出】替用户承担配送费:1.6元,-,-,-,1.00,温州区域,温州直营,,,否,-,平台配送
圣比萨（温大C区店）,SBS00031,温州,"8031966088561400099	",饿了么,平台外卖,已完成,2025-10-21 17:31:22,2025-10-21 17:31:22,2025-10-21 17:31:22,饿了么支付-在线支付,,即时单,2025-10-21 17:31:22,12.03,自动出餐,1,否,"【招牌披萨】任选披萨+冰豆花+小吃（62.00*1）,送餐上楼【下午1-4点晚上7点之后放外卖柜】（0.00*1）,餐盒（1.00*1）",真果肉榴莲王手握披萨+蛋挞+红豆冰豆花+送餐上楼,,,,非会员,99,,,依据餐量提供餐具；手机尾号：6940；送上楼,,62.00,27.18,31.10,0.00,0,0,1.52,0.00,1.60,【活动支出】店铺满减:1.00元+【活动支出】单品特价:23.10元+【活动支出】CPS商户叠加券:0.00元+【活动支出】饿了么红包:7.00元+【活动支出】淘金币:0.00元+【活动支出】替用户承担配送费:1.6元,-,-,-,1.00,温州区域,温州直营,,,否,-,平台配送
圣比萨（温大C区店）,SBS00031,温州,"8066340254680687026	",饿了么,平台外卖,已完成,2025-10-21 17:41:08,2025-10-21 17:41:08,2025-10-21 17:41:08,饿了么支付-在线支付,,即时单,2025-10-21 17:41:08,12.03,自动出餐,1,否,"#点击右上角收藏❤0.01多加5g芝士(只能加披萨里)（5.00*1）,披萨买一送一（58.00*1）,送餐上楼【下午1-4点晚上7点之后放外卖柜】（0.00*1）,葡式蛋挞1个（4.00*1）,餐盒（2.50*1）",芝士5克+照烧鸡肉手握披萨+夏威夷风情手握披萨+送餐上楼+蛋挞1个,,,,非会员,100,,,依据餐量提供餐具；手机尾号：9980；送上楼,,67.00,29.56,35.10,0.00,0,0,1.64,0.00,1.60,【活动支出】店铺满减:1.00元+【活动支出】单品特价:4.90元+【活动支出】单品特价:18.10元+【活动支出】单品特价:3.10元+【活动支出】饿了么红包:8.00元+【活动支出】替用户承担配送费:1.6元,-,-,-,2.50,温州区域,温州直营,,,否,-,平台配送
圣比萨（温大C区店）,SBS00031,温州,"8009360254576782673	",饿了么,平台外卖,已完成,2025-10-21 17:47:15,2025-10-21 17:47:15,2025-10-21 17:47:15,饿了么支付-在线支付,,即时单,2025-10-21 17:47:15,12.15,自动出餐,1,否,"薯角（9.00*1）,BBQ烤鸡肉单人餐（60.00*1）,送餐上楼【下午1-4点晚上7点之后放外卖柜】（0.00*1）,餐盒（3.00*1）",薯角+烤奥尔良鸡肉手握披萨+加糖龙井冰豆花+送餐上楼,,,,非会员,101,,,依据餐量提供餐具；手机尾号：8896；聚合送,,69.00,26.14,41.20,0.00,0,0,1.46,0.00,1.60,【活动支出】店铺满减:1.00元+【活动支出】单品特价:0.10元+【活动支出】单品特价:31.10元+【活动支出】 商家自营销加码:2.00元+【活动支出】粉丝群:2.00元+【活动支出】饿了么红包:5.00元+【活动支出】替用户承担配送费:1.6元,-,-,-,3.00,温州区域,温州直营,,,否,-,平台配送
圣比萨（温大C区店）,SBS00031,温州,"8097686088575803725	",饿了么,平台外卖,已完成,2025-10-21 17:50:06,2025-10-21 17:50:06,2025-10-21 17:50:06,饿了么支付-在线支付,,即时单,2025-10-21 17:50:06,12.02,自动出餐,1,否,"送餐上楼【下午1-4点晚上7点之后放外卖柜】（0.00*1）,烤奥尔良鸡肉手握披萨（32.00*1）,餐盒（1.00*1）",送餐上楼+烤奥尔良鸡肉手握披萨,,,,非会员,102,,,不能吃蒜，对蒜过敏抱歉。 / 依据餐量提供餐具；手机尾号：6166；送上楼,,32.00,10.08,19.10,0.00,0,0,0.62,0.00,1.60,【活动支出】单品特价:10.10元+【活动支出】饿了么红包:5.00元+【活动支出】 商家自营销加码:2.00元+【活动支出】精准营销:2.00元+【活动支出】替用户承担配送费:1.6元,-,-,-,1.00,温州区域,温州直营,,,否,-,平台配送
圣比萨（温大C区店）,SBS00031,温州,"8018526088574351759	",饿了么,平台外卖,已完成,2025-10-21 18:29:58,2025-10-21 18:29:58,2025-10-21 18:29:58,饿了么支付-在线支付,,即时单,2025-10-21 18:29:58,12.10,自动出餐,1,否,蛋挞2个-单点（8.51*1）,蛋挞,,,,非会员,103,,,依据餐量提供餐具；手机尾号：7216；送上楼,,8.51,4.90,0.00,0.00,0,0,0.00,0.00,,【活动支出】拼团反圈活动:0.00元,-,-,-,0.00,温州区域,温州直营,,,否,-,平台配送
圣比萨（苍南金乡店）,SBS00029,温州,"8050986088374601074	",饿了么,平台外卖,已完成,2025-10-21 11:01:54,2025-10-21 11:01:54,2025-10-21 11:01:54,饿了么支付-在线支付,,即时单,2025-10-21 11:01:54,12.32,手动出餐,1,否,"咖喱鸡肉芝士焗饭（52.00*1）,餐盒（1.00*1）",咖喱鸡肉芝士焗饭,,,,非会员,1,,,2份餐具,,52.00,13.31,32.00,0.00,0,0,1.84,0.00,3.50,【活动支出】单品特价:27.00元+【活动支出】饿了么红包:5.00元+【活动支出】替用户承担配送费:3.5元,-,-,-,1.00,温州区域,温州直营,,,否,-,平台配送
圣比萨（苍南金乡店）,SBS00029,温州,"8083340254417720788	",饿了么,平台外卖,已完成,2025-10-21 11:29:15,2025-10-21 11:29:15,2025-10-21 11:29:16,饿了么支付-在线支付,,即时单,2025-10-21 11:29:15,10.40,手动出餐,1,否,"【任选5件套】披萨意面我全都要（128.00*1）,餐盒（1.00*1）",明星小食桶B+小雪碧+可乐+大圣招牌大满贯披萨(7英寸(手拍))+招牌肉酱意面,,,,非会员,2,,,依据餐量提供餐具,,128.00,36.47,78.10,0.00,0,0,4.98,0.00,3.50,【活动支出】店铺满减:2.00元+【活动支出】单品特价:68.10元+【活动支出】超会爆红包省钱包:8.00元+【活动支出】替用户承担配送费:3.5元,-,-,-,1.00,温州区域,温州直营,,,否,-,平台配送
圣比萨（苍南金乡店）,SBS00029,温州,"8071716088362840380	",饿了么,平台外卖,已完成,2025-10-21 11:34:05,2025-10-21 11:34:05,2025-10-21 11:34:05,饿了么支付-在线支付,,即时单,2025-10-21 11:34:05,7.90,手动出餐,1,否,新奥尔良烤鸡肉披萨7寸-单点（22.00*1）,新奥尔良烤鸡肉披萨【7英寸(手拍)】,,,,非会员,3,,,依据餐量提供餐具,,22.00,12.00,0.00,0.00,0,0,0.00,0.00,,【活动支出】拼团反圈活动:0.00元,-,-,-,0.00,温州区域,温州直营,,,否,-,平台配送
圣比萨（苍南金乡店）,SBS00029,温州,"8045586088412932483	",饿了么,平台外卖,已完成,2025-10-21 12:25:49,2025-10-21 12:25:49,2025-10-21 12:25:49,饿了么支付-在线支付,,即时单,2025-10-21 12:25:49,11.48,手动出餐,1,否,"【任选5件套】披萨意面我全都要（128.00*1）,餐盒（1.00*1）",明星小食桶B+港式奶茶+可乐+大圣招牌大满贯披萨(7英寸(手拍))+招牌肉酱意面,,,,非会员,4,,,依据餐量提供餐具,,128.00,33.49,82.10,0.00,0,0,4.56,0.00,3.50,【活动支出】店铺满减:2.00元+【活动支出】单品特价:68.10元+【活动支出】饿了么红包:12.00元+【活动支出】替用户承担配送费:3.5元,-,-,-,1.00,温州区域,温州直营,,,否,-,平台配送
圣比萨（苍南金乡店）,SBS00029,温州,"8098210254496415123	",饿了么,平台外卖,已完成,2025-10-21 14:12:05,2025-10-21 14:12:05,2025-10-21 14:12:05,饿了么支付-在线支付,,即时单,2025-10-21 14:12:05,10.27,手动出餐,1,否,"日系照烧鸡披萨-7英寸(手拍)[{""name"":""规格"",""value"":""7英寸(手拍)""}]（45.00*1）,餐盒（1.00*1）",日系照烧鸡披萨,,,,非会员,5,,,1份餐具,,45.00,11.43,27.10,0.00,0,0,1.62,0.00,3.50,【活动支出】单品特价:21.10元+【活动支出】饿了么红包:6.00元+【活动支出】替用户承担配送费:3.5元,-,-,-,1.00,温州区域,温州直营,,,否,-,平台配送
圣比萨（苍南金乡店）,SBS00029,温州,"8029916088599813572	",饿了么,平台外卖,已完成,2025-10-21 17:57:24,2025-10-21 17:57:24,2025-10-21 17:57:24,饿了么支付-在线支付,,即时单,2025-10-21 17:57:24,11.55,手动出餐,1,否,"红薯薯泥流心卷边（7英寸）（4.90*1）,雪碧（5.00*1）,榴莲王披萨-7英寸(经典手拍)[{""name"":""规格"",""value"":""7英寸(经典手拍)""}]（52.00*1）,蛋挞1个（5.00*2）,餐盒（3.00*1）",红薯泥流心卷边7+小雪碧+榴莲王披萨+蛋挞1个,,,,非会员,6,,,依据餐量提供餐具,,71.90,27.28,36.11,0.00,0,0,3.76,0.00,3.50,【活动支出】店铺满减:1.00元+【活动支出】单品特价:22.10元+【活动支出】单品特价:4.01元+【活动支出】粉丝群:1.00元+【活动支出】饿了么红包:8.00元+【活动支出】替用户承担配送费:3.5元,-,-,-,3.00,温州区域,温州直营,,,否,-,平台配送
圣比萨（苍南金乡店）,SBS00029,温州,"8003746088570631440	",饿了么,平台外卖,已完成,2025-10-21 18:14:15,2025-10-21 18:14:15,2025-10-21 18:14:15,饿了么支付-在线支付,,即时单,2025-10-21 18:14:15,10.05,手动出餐,1,否,"圣比招牌披萨-7英寸(经典手拍)[{""name"":""规格"",""value"":""7英寸(经典手拍)""}]（45.00*1）,餐盒（2.00*1）",大圣招牌大满贯披萨,,,,非会员,7,,,无需餐具,,45.00,14.57,25.10,0.00,0,0,1.98,0.00,3.50,【活动支出】单品特价:19.10元+【活动支出】饿了么红包:6.00元+【活动支出】替用户承担配送费:3.5元,-,-,-,2.00,温州区域,温州直营,,,否,-,平台配送
圣比萨（苍南金乡店）,SBS00029,温州,"8040546088634005941	",饿了么,平台外卖,已完成,2025-10-21 18:48:43,2025-10-21 18:48:43,2025-10-21 18:48:44,饿了么支付-在线支付,,即时单,2025-10-21 18:48:43,8.03,手动出餐,1,否,"榴莲王披萨-7英寸(经典手拍)[{""name"":""规格"",""value"":""7英寸(经典手拍)""}]（52.00*1）,餐盒（1.00*1）",榴莲王披萨,,,,非会员,8,,,依据餐量提供餐具,,52.00,13.67,32.10,0.00,0,0,1.88,0.00,3.50,【活动支出】单品特价:22.10元+【活动支出】粉丝群:3.00元+【活动支出】饿了么红包:7.00元+【活动支出】替用户承担配送费:3.5元,-,-,-,1.00,温州区域,温州直营,,,否,-,平台配送
圣比萨（苍南金乡店）,SBS00029,温州,"8094300254631877955	",饿了么,平台外卖,已完成,2025-10-21 19:22:24,2025-10-21 19:22:24,2025-10-21 19:22:24,饿了么支付-在线支付,,即时单,2025-10-21 19:22:24,12.48,手动出餐,1,否,"【任选3件套】7英寸披萨+明星至尊桶+饮品（80.00*1）,餐盒（1.00*1）",港式奶茶+明星至尊桶+新奥尔良烤鸡肉披萨(7英寸(手拍)),,,,非会员,9,,,依据餐量提供餐具,,80.00,33.05,35.10,0.00,0,0,4.50,0.00,3.50,【活动支出】店铺满减:6.00元+【活动支出】单品特价:20.10元+【活动支出】饿了么红包:9.00元+【活动支出】替用户承担配送费:3.5元,-,-,-,1.00,温州区域,温州直营,,,否,-,平台配送
圣比萨（苍南金乡店）,SBS00029,温州,"8035240254739615137	",饿了么,平台外卖,已完成,2025-10-21 19:35:04,2025-10-21 19:35:04,2025-10-21 19:35:04,饿了么支付-在线支付,,即时单,2025-10-21 19:35:04,11.97,手动出餐,1,否,"奥尔良烤翅（14.00*1）,圣比招牌披萨-7英寸(经典手拍)[{""name"":""规格"",""value"":""7英寸(经典手拍)""}]（45.00*1）,蛋挞（10.00*1）,餐盒（4.00*1）",奥尔良烤翅+大圣招牌大满贯披萨+蛋挞,,,,非会员,10,,,依据餐量提供餐具,,69.00,25.30,37.10,0.00,0,0,3.45,0.00,3.50,【活动支出】店铺满减:1.00元+【活动支出】单品特价:4.00元+【活动支出】单品特价:19.10元+【活动支出】单品特价:4.00元+【活动支出】饿了么红包:9.00元+【活动支出】替用户承担配送费:3.5元,-,-,-,4.00,温州区域,温州直营,,,否,-,平台配送
圣比萨（苍南金乡店）,SBS00029,温州,"8046070254825008537	",饿了么,平台外卖,已完成,2025-10-21 19:37:33,2025-10-21 19:37:33,2025-10-21 19:37:34,饿了么支付-在线支付,,即时单,2025-10-21 19:37:33,9.50,手动出餐,1,否,"碳烤鸡肉培根披萨-7英寸(手拍)[{""name"":""规格"",""value"":""7英寸(手拍)""}]（45.00*1）,餐盒（1.00*1）",碳烤鸡肉培根披萨,,,,非会员,11,,,依据餐量提供餐具,,45.00,13.67,25.10,0.00,0,0,1.88,0.00,3.50,【活动支出】单品特价:20.10元+【活动支出】饿了么红包:5.00元+【活动支出】替用户承担配送费:3.5元,-,-,-,1.00,温州区域,温州直营,,,否,-,平台配送
圣比萨（苍南金乡店）,SBS00029,温州,"8034230254642816443	",饿了么,平台外卖,已完成,2025-10-21 19:48:28,2025-10-21 19:48:28,2025-10-21 19:48:28,饿了么支付-在线支付,,即时单,2025-10-21 19:48:28,9.00,手动出餐,1,否,"【任选3件套】个人披萨套餐随心配（84.90*1）,餐盒（1.00*1）",明星小食桶B+柠檬茶+碳烤鸡肉培根披萨(7英寸(手拍)),,,,非会员,12,,,依据餐量提供餐具,,84.90,29.08,45.10,0.00,0,0,3.97,0.00,3.50,【活动支出】店铺满减:1.00元+【活动支出】单品特价:30.10元+【活动支出】订单集点返红包:5.00元+【活动支出】饿了么红包:9.00元+【活动支出】替用户承担配送费:3.5元,-,-,-,1.00,温州区域,温州直营,,,否,-,平台配送
圣比萨（苍南金乡店）,SBS00029,温州,"8094270254738247163	",饿了么,平台外卖,已完成,2025-10-21 20:21:37,2025-10-21 20:21:37,2025-10-21 20:21:37,饿了么支付-在线支付,,即时单,2025-10-21 20:21:37,8.02,手动出餐,1,否,"【任选3件套】7英寸披萨+明星至尊桶+饮品（80.00*1）,餐盒（1.00*1）",可乐+明星至尊桶+碳烤鸡肉培根披萨(7英寸(手拍)),,,,非会员,13,,,依据餐量提供餐具,,80.00,33.94,34.10,0.00,0,0,4.61,0.00,3.50,【活动支出】店铺满减:6.00元+【活动支出】单品特价:20.10元+【活动支出】饿了么红包:8.00元+【活动支出】替用户承担配送费:3.5元,-,-,-,1.00,温州区域,温州直营,,,否,-,平台配送
圣比萨（苍南金乡店）,SBS00029,温州,"8002030254840340824	",饿了么,平台外卖,已完成,2025-10-21 20:28:19,2025-10-21 20:28:19,2025-10-21 20:28:19,饿了么支付-在线支付,,即时单,2025-10-21 20:28:19,9.33,手动出餐,1,否,"奶酪芝士卷边（7英寸）（4.90*1）,经典薯条（18.00*1）,芒果汁[常温]（10.00*2）,台式香烤地道肠（7.50*1）,缤纷水果披萨-7英寸(手拍)[{""name"":""规格"",""value"":""7英寸(手拍)""}]（42.00*1）,餐盒（5.00*1）",奶酪芝士卷边7+经典薯条+芒果汁+地道肠1根+缤纷水果披萨,,,,非会员,14,,,依据餐量提供餐具,,92.40,37.73,45.60,0.00,0,0,5.12,0.00,3.50,【活动支出】店铺满减:6.00元+【活动支出】单品特价:9.00元+【活动支出】单品特价:4.00元+【活动支出】单品特价:2.50元+【活动支出】单品特价:16.10元+【活动支出】 商家自营销加码:0.00元+【活动支出】饿了么红包:8.00元+【活动支出】替用户承担配送费:3.5元,-,-,-,5.00,温州区域,温州直营,,,否,-,平台配送
圣比萨（苍南金乡店）,SBS00029,温州,"8060966088687457703	",饿了么,平台外卖,已完成,2025-10-21 21:22:52,2025-10-21 21:22:52,2025-10-21 21:22:52,饿了么支付-在线支付,,即时单,2025-10-21 21:22:52,10.15,手动出餐,1,否,"榴莲王披萨-7英寸(经典手拍)[{""name"":""规格"",""value"":""7英寸(经典手拍)""}]（52.00*1）,招牌肉酱意面（52.00*1）,餐盒（2.00*1）",榴莲王披萨+招牌肉酱意面,,,,非会员,15,,,依据餐量提供餐具,,104.00,33.44,59.10,0.00,0,0,4.61,0.00,4.50,【活动支出】店铺满减:1.00元+【活动支出】单品特价:22.10元+【活动支出】单品特价:27.00元+【活动支出】饿了么红包:9.00元+【活动支出】替用户承担配送费:4.5元,-,-,-,2.00,温州区域,温州直营,,,否,-,平台配送
圣比萨（苍南金乡店）,SBS00029,温州,"8023170254864529874	",饿了么,平台外卖,已完成,2025-10-21 21:35:00,2025-10-21 21:35:00,2025-10-21 21:35:01,饿了么支付-在线支付,,即时单,2025-10-21 21:35:00,10.78,手动出餐,1,否,"川香脆皮大翅根-1个[{""name"":""规格"",""value"":""1个""}]（12.00*1）,招牌肉酱意面（52.00*1）,餐盒（2.00*1）",川香脆皮大翅根+招牌肉酱意面,,,,非会员,16,,,依据餐量提供餐具,,64.00,21.90,33.00,0.00,0,0,3.15,0.00,6.60,【活动支出】单品特价:6.00元+【活动支出】单品特价:27.00元+【活动支出】饿了么红包:0.00元+【活动支出】替用户承担配送费:6.0元,-,-,-,2.00,温州区域,温州直营,,,否,-,平台配送
圣比萨（苍南金乡店）,SBS00029,温州,"8081170254680533362	",饿了么,平台外卖,已完成,2025-10-21 21:39:48,2025-10-21 21:39:48,2025-10-21 21:39:48,饿了么支付-在线支付,,即时单,2025-10-21 21:39:48,13.68,手动出餐,1,否,"碳烤鸡肉培根披萨-7英寸(手拍)[{""name"":""规格"",""value"":""7英寸(手拍)""}]（45.00*1）,咸蛋黄风味流沙卷边（7英寸）（4.90*1）,川香脆皮大翅根-2个[{""name"":""规格"",""value"":""2个""}]（22.00*1）,台式香烤地道肠（7.50*2）,港式奶茶[常温]（10.00*2）,餐盒（6.00*1）",碳烤鸡肉培根披萨+咸蛋黄流沙卷边7+川香脆皮大翅根+地道肠1根+港式奶茶,,,,非会员,17,,,依据餐量提供餐具,,106.90,42.00,55.10,0.00,0,0,5.75,0.00,5.60,【活动支出】店铺满减:6.00元+【活动支出】单品特价:20.10元+【活动支出】单品特价:12.00元+【活动支出】单品特价:5.00元+【活动支出】单品特价:4.00元+【活动支出】饿了么红包:8.00元+【活动支出】替用户承担配送费:5.6元,-,-,-,6.00,温州区域,温州直营,,,否,-,平台配送
圣比萨（苍南金乡店）,SBS00029,温州,"8045110254690609557	",饿了么,平台外卖,已完成,2025-10-21 22:33:34,2025-10-21 22:33:34,2025-10-21 22:33:34,饿了么支付-在线支付,,即时单,2025-10-21 22:33:34,10.93,手动出餐,1,否,"明星小食桶B（36.00*1）,圣比招牌披萨-7英寸(经典手拍)[{""name"":""规格"",""value"":""7英寸(经典手拍)""}]（45.00*1）,餐盒（3.00*1）",明星小食桶B+大圣招牌大满贯披萨,,,,非会员,18,,,依据餐量提供餐具,,81.00,26.79,45.20,0.00,0,0,3.76,0.00,6.50,【活动支出】店铺满减:1.00元+【活动支出】单品特价:16.10元+【活动支出】单品特价:19.10元+【活动支出】饿了么红包:9.00元+【活动支出】替用户承担配送费:6.0元,-,-,-,3.00,温州区域,温州直营,,,否,-,平台配送
圣比萨·披萨·炸鸡（盐城八滩店）,SBS00030,盐城,"8025040254634384878	",饿了么,平台外卖,已完成,2025-10-21 15:53:37,2025-10-21 15:53:37,2025-10-21 15:53:38,饿了么支付-在线支付,,即时单,2025-10-21 15:53:37,10.10,自动出餐,1,否,"奥尔良烤鸡肉披萨-7英寸（手拍）[{""name"":""规格"",""value"":""7英寸（手拍）""}]（28.90*1）,餐盒（1.00*1）","奥尔良烤鸡肉披萨-7英寸（手拍）[{""name"":""规格"",""value"":""7英寸（手拍）""}]+餐盒",,,,非会员,1,,,依据餐量提供餐具,,28.90,15.46,3.50,0.00,0,0,2.39,0.60,5.00,【活动支出】 商家自营销加码:0.50元+【活动支出】饿了么红包:3.00元+【活动支出】替用户承担配送费:5.0元,-,-,-,1.00,江苏区域,江苏直营店,,,否,-,平台配送
圣比萨·披萨·炸鸡（盐城八滩店）,SBS00030,盐城,"8037806088528129440	",饿了么,平台外卖,已完成,2025-10-21 16:13:01,2025-10-21 16:13:01,2025-10-21 16:13:01,饿了么支付-在线支付,,即时单,2025-10-21 16:13:01,10.18,自动出餐,1,否,"【随心❤️拼】7英寸双拼披萨（口味自选）[新奥尔良烤鸡肉+新奥尔良烤鸡肉]（26.90*1）,经典薯条（7.00*1）,收藏得小吃（每单限一份）[上校鸡块2个]（0.00*1）,餐盒（1.00*1）",双拼7寸【奥尔良口味7】+双拼7寸【奥尔良口味7】+经典薯条+上校鸡块2个,,,,非会员,2,,,到了打这个电话 15195612550谢谢 / 依据餐量提供餐具,,33.90,18.31,4.50,0.00,0,0,2.79,0.70,5.00,【活动支出】 商家自营销加码:0.50元+【活动支出】精准营销:1.00元+【活动支出】饿了么红包:3.00元+【活动支出】替用户承担配送费:5.0元,-,-,-,1.00,江苏区域,江苏直营店,,,否,-,平台配送
圣比萨·披萨·炸鸡（盐城八滩店）,SBS00030,盐城,"8074100254656465249	",饿了么,平台外卖,已完成,2025-10-21 17:36:17,2025-10-21 17:36:17,2025-10-21 17:36:17,饿了么支付-在线支付,,即时单,2025-10-21 17:36:17,12.02,自动出餐,1,否,"【随心❤️拼】7英寸双拼披萨（口味自选）[新奥尔良烤鸡肉+碳烤鸡肉培根]（26.90*1）,奶酪芝士卷边（7英寸）（4.90*1）",双拼7寸【奥尔良口味7】+双拼7寸【碳烤鸡肉培根口味7】+奶酪芝士卷边7,,,,非会员,3,,,1份餐具,,31.80,16.52,3.50,0.00,0,0,2.54,0.64,5.00,【活动支出】 商家自营销加码:0.50元+【活动支出】饿了么红包:3.00元+【活动支出】替用户承担配送费:5.0元,-,-,-,0.00,江苏区域,江苏直营店,,,否,-,平台配送
圣比萨·披萨·炸鸡（盐城八滩店）,SBS00030,盐城,"8048626088579047873	",饿了么,平台外卖,已完成,2025-10-21 17:57:56,2025-10-21 17:57:56,2025-10-21 17:57:56,饿了么支付-在线支付,,即时单,2025-10-21 17:57:56,12.12,自动出餐,1,否,大圣鸡排*2+香肠*1-单点[甘梅]（14.40*1）,大圣鸡排*2+香肠*1-单点[甘梅],,,,非会员,4,,,2份餐具,,14.40,8.90,0.00,0.00,0,0,1.00,0.00,,【活动支出】单品优惠:0.00元,-,-,-,0.00,江苏区域,江苏直营店,,,否,-,平台配送
圣比萨·披萨·炸鸡（盐城八滩店）,SBS00030,盐城,"8062626088631808502	",饿了么,平台外卖,已完成,2025-10-21 18:55:50,2025-10-21 18:55:50,2025-10-21 18:55:51,饿了么支付-在线支付,,即时单,2025-10-21 18:55:50,12.12,自动出餐,1,否,"收藏得小吃（每单限一份）[上校鸡块2个]（0.00*1）,明星小食桶B（19.90*1）,招牌大满贯三件套[香辣]（39.90*1）,餐盒（2.00*1）,川香脆皮翅根1份（0.00*1）",上校鸡块2个+明星小食桶B,,,,非会员,5,,,可乐要冰的 / 依据餐量提供餐具,,59.80,34.42,8.00,0.00,0,0,4.94,1.24,5.00,【活动支出】川香脆皮翅根1份:0.00元+【活动支出】店铺满减:3.00元+【活动支出】饿了么红包:4.00元+【活动支出】精准营销:1.00元+【活动支出】替用户承担配送费:5.0元,-,-,-,2.00,江苏区域,江苏直营店,,,否,-,平台配送
圣比萨·披萨·炸鸡（盐城八滩店）,SBS00030,盐城,"8034846088646253852	",饿了么,平台外卖,已完成,2025-10-21 19:24:10,2025-10-21 19:24:10,2025-10-21 19:24:10,饿了么支付-在线支付,,即时单,2025-10-21 19:24:10,12.12,自动出餐,1,否,"【随心❤️拼】7英寸双拼披萨（口味自选）[新奥尔良烤鸡肉+日系照烧鸡]（26.90*1）,收藏得小吃（每单限一份）[墨鱼丸1个]（0.00*1）",双拼7寸【奥尔良口味7】+双拼7寸【日系照烧口味7】+深海墨鱼丸1个,,,,非会员,6,,,依据餐量提供餐具,,26.90,12.76,3.50,0.00,0,0,2.15,0.54,5.00,【活动支出】 商家自营销加码:0.50元+【活动支出】饿了么红包:3.00元+【活动支出】替用户承担配送费:5.0元,-,-,-,0.00,江苏区域,江苏直营店,,,否,-,平台配送
圣比萨·披萨·炸鸡（盐城八滩店）,SBS00030,盐城,"8069070254744187245	",饿了么,平台外卖,已完成,2025-10-21 19:25:59,2025-10-21 19:25:59,2025-10-21 19:25:59,饿了么支付-在线支付,,即时单,2025-10-21 19:25:59,12.03,自动出餐,1,否,"【任选】买一送一7英寸披萨（49.90*1）,餐盒（1.00*1）,川香脆皮翅根1份（0.00*1）",海苔肉松披萨(7英寸(手拍))+日系照烧鸡披萨(7英寸(手拍)),,,,非会员,7,,,2份餐具,,49.90,27.71,6.50,0.00,0,0,4.07,1.02,5.00,【活动支出】店铺满减:1.00元+【活动支出】川香脆皮翅根1份:0.00元+【活动支出】 商家自营销加码:1.50元+【活动支出】饿了么红包:4.00元+【活动支出】替用户承担配送费:5.0元,-,-,-,1.00,江苏区域,江苏直营店,,,否,-,平台配送
圣比萨·披萨·炸鸡（盐城八滩店）,SBS00030,盐城,"8001636088621004121	",饿了么,平台外卖,已完成,2025-10-21 19:43:03,2025-10-21 19:43:03,2025-10-21 19:43:03,饿了么支付-在线支付,,即时单,2025-10-21 19:43:03,10.20,自动出餐,1,否,"榴莲王披萨-7英寸(手拍)[{""name"":""规格"",""value"":""7英寸(手拍)""}]（35.90*1）,餐盒（1.00*1）,川香脆皮翅根1份（0.00*1）",榴莲王披萨,,,,非会员,8,,,无接触配送 / 依据餐量提供餐具,,35.90,18.91,5.00,0.00,0,0,2.95,0.74,5.00,【活动支出】店铺满减:1.00元+【活动支出】川香脆皮翅根1份:0.00元+【活动支出】粉丝群:1.00元+【活动支出】饿了么红包:3.00元+【活动支出】替用户承担配送费:5.0元,-,-,-,1.00,江苏区域,江苏直营店,,,否,-,平台配送
圣比萨·披萨·炸鸡（盐城八滩店）,SBS00030,盐城,"8046636088622709085	",饿了么,平台外卖,已完成,2025-10-21 20:07:19,2025-10-21 20:07:19,2025-10-21 20:07:19,饿了么支付-在线支付,,即时单,2025-10-21 20:07:19,10.22,自动出餐,1,否,7英寸奶酪芝士披萨-单点（16.40*1）,7英寸奶酪芝士披萨-单点,,,,非会员,9,,,依据餐量提供餐具,,16.40,10.90,0.00,0.00,0,0,1.00,0.00,,【活动支出】单品优惠:0.00元,-,-,-,0.00,江苏区域,江苏直营店,,,否,-,平台配送
圣比萨·披萨·炸鸡（盐城八滩店）,SBS00030,盐城,"8087380254847582567	",饿了么,平台外卖,已完成,2025-10-21 20:54:05,2025-10-21 20:54:05,2025-10-21 20:54:05,饿了么支付-在线支付,,即时单,2025-10-21 20:54:05,10.18,自动出餐,1,否,【随心❤️拼】7英寸双拼披萨（口味自选）[新奥尔良烤鸡肉+日系照烧鸡]（26.90*1）,双拼7寸【奥尔良口味7】+双拼7寸【日系照烧口味7】,,,,非会员,10,,,依据餐量提供餐具,,26.90,11.21,4.50,0.00,0,0,2.15,0.54,6.00,【活动支出】 商家自营销加码:0.50元+【活动支出】精准营销:1.00元+【活动支出】饿了么红包:3.00元+【活动支出】替用户承担配送费:5.0元,-,-,-,0.00,江苏区域,江苏直营店,,,否,-,平台配送
圣比萨·披萨·炸鸡（盐城八滩店）,SBS00030,盐城,"8088816088662524199	",饿了么,平台外卖,已完成,2025-10-21 21:15:42,2025-10-21 21:15:42,2025-10-21 21:15:42,饿了么支付-在线支付,,即时单,2025-10-21 21:15:42,10.22,自动出餐,1,否,大圣鸡排*2+香肠*1-单点[香辣]（14.40*1）,大圣鸡排*2+香肠*1-单点[香辣],,,,非会员,11,,,依据餐量提供餐具,,14.40,8.90,0.00,0.00,0,0,1.00,0.00,,【活动支出】单品优惠:0.00元,-,-,-,0.00,江苏区域,江苏直营店,,,否,-,平台配送
圣比萨·披萨·炸鸡（盐城八滩店）,SBS00030,盐城,"8088816088662626737	",饿了么,平台外卖,已完成,2025-10-21 21:15:47,2025-10-21 21:15:47,2025-10-21 21:15:47,饿了么支付-在线支付,,即时单,2025-10-21 21:15:47,10.12,自动出餐,1,否,大圣鸡排*2+香肠*1-单点[孜然]（14.40*1）,大圣鸡排*2+香肠*1-单点[孜然],,,,非会员,12,,,依据餐量提供餐具,,14.40,8.90,0.00,0.00,0,0,1.00,0.00,,【活动支出】单品优惠:0.00元,-,-,-,0.00,江苏区域,江苏直营店,,,否,-,平台配送
圣比萨·披萨·炸鸡（盐城八滩店）,SBS00030,盐城,"8052666088689958338	",饿了么,平台外卖,已完成,2025-10-21 21:45:01,2025-10-21 21:45:01,2025-10-21 21:45:01,饿了么支付-在线支付,,即时单,2025-10-21 21:45:01,10.10,自动出餐,1,否,"缤纷水果披萨-7英寸(手拍)[{""name"":""规格"",""value"":""7英寸(手拍)""}]（25.90*1）,上校鸡块（4.90*1）,芝士焗红薯泥（10.90*1）,餐盒（3.00*1）,川香脆皮翅根1份（0.00*1）",缤纷水果披萨+上校鸡块+芝士焗红薯泥,,,,非会员,13,,,依据餐量提供餐具,,41.70,23.68,5.50,0.00,0,0,3.58,0.89,6.00,【活动支出】店铺满减:1.00元+【活动支出】川香脆皮翅根1份:0.00元+【活动支出】 商家自营销加码:0.50元+【活动支出】饿了么红包:4.00元+【活动支出】替用户承担配送费:5.0元,-,-,-,3.00,江苏区域,江苏直营店,,,否,-,平台配送
